chunk_rel,chunk_id,midx,node_slug,type,note
02-【数学】2027版高中《解题觉醒》/数学解题觉醒-第2册 名师大招册.pdf,91e0c2ace8-012,b,三次函数图象的对称性,DERIVATION,type 不合 3 值规则（协议 §1 禁用 DERIVATION），待重判
02-【数学】2027版高中《解题觉醒》/数学解题觉醒-第2册 名师大招册.pdf,91e0c2ace8-016,b,函数图象的翻折变换,REPRESENTATION_GUIDE,type 不合 3 值规则（协议 §1 禁用 REPRESENTATION_GUIDE），待重判
02-【数学】2027版高中《解题觉醒》/数学解题觉醒-第2册 名师大招册.pdf,91e0c2ace8-029,,泰勒展开式,DERIVATION,type 不合 3 值规则（协议 §1 禁用 DERIVATION），待重判
02-【数学】2027版高中《解题觉醒》/数学解题觉醒-第2册 名师大招册.pdf,91e0c2ace8-044,b,对数平均不等式,DERIVATION,type 不合 3 值规则（协议 §1 禁用 DERIVATION），待重判
02-【数学】2027版高中《解题觉醒》/数学解题觉醒-第2册 名师大招册.pdf,91e0c2ace8-053,b,张角定理,DERIVATION,type 不合 3 值规则（协议 §1 禁用 DERIVATION），待重判
02-【数学】2027版高中《解题觉醒》/数学解题觉醒-第2册 名师大招册.pdf,91e0c2ace8-054,,平行四边形恒等式与中线定理,DERIVATION,type 不合 3 值规则（协议 §1 禁用 DERIVATION），待重判
02-【数学】2027版高中《解题觉醒》/数学解题觉醒-第2册 名师大招册.pdf,91e0c2ace8-059,b,极化恒等式,DERIVATION,type 不合 3 值规则（协议 §1 禁用 DERIVATION），待重判
02-【数学】2027版高中《解题觉醒》/数学解题觉醒-第2册 名师大招册.pdf,91e0c2ace8-061,,奔驰定理,DERIVATION,type 不合 3 值规则（协议 §1 禁用 DERIVATION），待重判
02-【数学】2027版高中《解题觉醒》/数学解题觉醒-第2册 名师大招册.pdf,91e0c2ace8-066,,平方和与立方和公式,DERIVATION,type 不合 3 值规则（协议 §1 禁用 DERIVATION），待重判
02-【数学】2027版高中《解题觉醒》/数学解题觉醒-第2册 名师大招册.pdf,91e0c2ace8-070,,特征根法与不动点法,DERIVATION,type 不合 3 值规则（协议 §1 禁用 DERIVATION），待重判
02-【数学】2027版高中《解题觉醒》/数学解题觉醒-第2册 名师大招册.pdf,91e0c2ace8-074,c,分指结构裂项放缩,DERIVATION,type 不合 3 值规则（协议 §1 禁用 DERIVATION），待重判
02-【数学】2027版高中《解题觉醒》/数学解题觉醒-第2册 名师大招册.pdf,91e0c2ace8-080,b,柱体外接球公式R²=r²+h²/4,DERIVATION,type 不合 3 值规则（协议 §1 禁用 DERIVATION），待重判
02-【数学】2027版高中《解题觉醒》/数学解题觉醒-第2册 名师大招册.pdf,91e0c2ace8-082,b,双外心模型的证明,DERIVATION,type 不合 3 值规则（协议 §1 禁用 DERIVATION），待重判
02-【数学】2027版高中《解题觉醒》/数学解题觉醒-第2册 名师大招册.pdf,91e0c2ace8-100,b,焦点弦定比分点问题,DERIVATION,type 不合 3 值规则（协议 §1 禁用 DERIVATION），待重判
02-【数学】2027版高中《解题觉醒》/数学解题觉醒-第2册 名师大招册.pdf,91e0c2ace8-104,,弦中点与点差法,DERIVATION,type 不合 3 值规则（协议 §1 禁用 DERIVATION），待重判
02-【数学】2027版高中《解题觉醒》/数学解题觉醒-第2册 名师大招册.pdf,91e0c2ace8-107,,抛物线焦点三角形,DERIVATION,type 不合 3 值规则（协议 §1 禁用 DERIVATION），待重判
02-【数学】2027版高中《解题觉醒》/数学解题觉醒-第2册 名师大招册.pdf,91e0c2ace8-109,,焦点三角形的内心,DERIVATION,type 不合 3 值规则（协议 §1 禁用 DERIVATION），待重判
02-【数学】2027版高中《解题觉醒》/数学解题觉醒-第2册 名师大招册.pdf,91e0c2ace8-118,,极点极线,DERIVATION,type 不合 3 值规则（协议 §1 禁用 DERIVATION），待重判
02-【数学】2027版高中《解题觉醒》/数学解题觉醒-第2册 名师大招册.pdf,91e0c2ace8-132,b,全概率,DERIVATION,type 不合 3 值规则（协议 §1 禁用 DERIVATION），待重判
02-【数学】2027版高中《解题觉醒》/数学解题觉醒-第2册 名师大招册.pdf,91e0c2ace8-132,c,贝叶斯公式,DERIVATION,type 不合 3 值规则（协议 §1 禁用 DERIVATION），待重判
04-【物理】2027版高中《解题觉醒》/物理解题觉醒-第2册 名师大招册.pdf,b6bd732b19-009,,线段图定位中间时刻速度,REPRESENTATION_GUIDE,type 不合 3 值规则（协议 §1 禁用 REPRESENTATION_GUIDE），待重判
04-【物理】2027版高中《解题觉醒》/物理解题觉醒-第2册 名师大招册.pdf,b6bd732b19-014,,x-t图像-v-t图像-a-t图像的对比,REPRESENTATION_GUIDE,type 不合 3 值规则（协议 §1 禁用 REPRESENTATION_GUIDE），待重判
04-【物理】2027版高中《解题觉醒》/物理解题觉醒-第2册 名师大招册.pdf,b6bd732b19-024,,图象法,REPRESENTATION_GUIDE,type 不合 3 值规则（协议 §1 禁用 REPRESENTATION_GUIDE），待重判
04-【物理】2027版高中《解题觉醒》/物理解题觉醒-第2册 名师大招册.pdf,b6bd732b19-033,b,相似三角形-动态三角形-拉密定理等方法解决临界极值问题,DERIVATION,type 不合 3 值规则（协议 §1 禁用 DERIVATION），待重判
04-【物理】2027版高中《解题觉醒》/物理解题觉醒-第2册 名师大招册.pdf,b6bd732b19-038,b,等时圆使用条件,DERIVATION,type 不合 3 值规则（协议 §1 禁用 DERIVATION），待重判
04-【物理】2027版高中《解题觉醒》/物理解题觉醒-第2册 名师大招册.pdf,b6bd732b19-061,b,平抛运动的两个重要结论,DERIVATION,type 不合 3 值规则（协议 §1 禁用 DERIVATION），待重判
04-【物理】2027版高中《解题觉醒》/物理解题觉醒-第2册 名师大招册.pdf,b6bd732b19-065,b,水平面内圆周运动中的多物体牵连问题,REPRESENTATION_GUIDE,type 不合 3 值规则（协议 §1 禁用 REPRESENTATION_GUIDE），待重判
04-【物理】2027版高中《解题觉醒》/物理解题觉醒-第2册 名师大招册.pdf,b6bd732b19-071,c,圆周运动常见的临界状态,REPRESENTATION_GUIDE,type 不合 3 值规则（协议 §1 禁用 REPRESENTATION_GUIDE），待重判
04-【物理】2027版高中《解题觉醒》/物理解题觉醒-第2册 名师大招册.pdf,b6bd732b19-077,,开普勒三定律,DERIVATION,type 不合 3 值规则（协议 §1 禁用 DERIVATION），待重判
04-【物理】2027版高中《解题觉醒》/物理解题觉醒-第2册 名师大招册.pdf,b6bd732b19-079,,双星模型,DERIVATION,type 不合 3 值规则（协议 §1 禁用 DERIVATION），待重判
04-【物理】2027版高中《解题觉醒》/物理解题觉醒-第2册 名师大招册.pdf,b6bd732b19-080,b,各点物理量参数的关系,REPRESENTATION_GUIDE,type 不合 3 值规则（协议 §1 禁用 REPRESENTATION_GUIDE），待重判
04-【物理】2027版高中《解题觉醒》/物理解题觉醒-第2册 名师大招册.pdf,b6bd732b19-084,b,机车启动问题,REPRESENTATION_GUIDE,type 不合 3 值规则（协议 §1 禁用 REPRESENTATION_GUIDE），待重判
04-【物理】2027版高中《解题觉醒》/物理解题觉醒-第2册 名师大招册.pdf,b6bd732b19-108,,e-x图像,REPRESENTATION_GUIDE,type 不合 3 值规则（协议 §1 禁用 REPRESENTATION_GUIDE），待重判
04-【物理】2027版高中《解题觉醒》/物理解题觉醒-第2册 名师大招册.pdf,b6bd732b19-109,,φ-x图像-反映了电势随位移变化的规律,REPRESENTATION_GUIDE,type 不合 3 值规则（协议 §1 禁用 REPRESENTATION_GUIDE），待重判
04-【物理】2027版高中《解题觉醒》/物理解题觉醒-第2册 名师大招册.pdf,b6bd732b19-109,b,ep-x图像,REPRESENTATION_GUIDE,type 不合 3 值规则（协议 §1 禁用 REPRESENTATION_GUIDE），待重判
04-【物理】2027版高中《解题觉醒》/物理解题觉醒-第2册 名师大招册.pdf,b6bd732b19-113,,平行板电容器的动态分析问题的两种情况,DERIVATION,type 不合 3 值规则（协议 §1 禁用 DERIVATION），待重判
04-【物理】2027版高中《解题觉醒》/物理解题觉醒-第2册 名师大招册.pdf,b6bd732b19-130,,带电粒子在磁场中的运动,DERIVATION,type 不合 3 值规则（协议 §1 禁用 DERIVATION），待重判
04-【物理】2027版高中《解题觉醒》/物理解题觉醒-第2册 名师大招册.pdf,b6bd732b19-138,b,带电粒子在组合场-电场与磁场各位于一定的区域内-并不重叠-中的运动,REPRESENTATION_GUIDE,type 不合 3 值规则（协议 §1 禁用 REPRESENTATION_GUIDE），待重判
04-【物理】2027版高中《解题觉醒》/物理解题觉醒-第2册 名师大招册.pdf,b6bd732b19-164,b,三种光学模型的光路特点,REPRESENTATION_GUIDE,type 不合 3 值规则（协议 §1 禁用 REPRESENTATION_GUIDE），待重判
04-【物理】2027版高中《解题觉醒》/物理解题觉醒-第2册 名师大招册.pdf,b6bd732b19-167,b,热力学图像问题,REPRESENTATION_GUIDE,type 不合 3 值规则（协议 §1 禁用 REPRESENTATION_GUIDE），待重判
05-【化学】2027版高中《解题觉醒》/化学解题觉醒-第1册 主书.pdf,da2d86034b-113,,反应机理,REPRESENTATION_GUIDE,type 不合 3 值规则（协议 §1 禁用 REPRESENTATION_GUIDE），待重判
05-【化学】2027版高中《解题觉醒》/化学解题觉醒-第1册 主书.pdf,da2d86034b-209,,元素周期表的结构,REPRESENTATION_GUIDE,type 不合 3 值规则（协议 §1 禁用 REPRESENTATION_GUIDE），待重判
05-【化学】2027版高中《解题觉醒》/化学解题觉醒-第2册 名师大招册.pdf,4dd2e79693-092,c,溶度积,DERIVATION,type 不合 3 值规则（协议 §1 禁用 DERIVATION），待重判
05-【化学】2027版高中《解题觉醒》/化学解题觉醒-第2册 名师大招册.pdf,4dd2e79693-094,,沉淀溶解平衡体系中相关计算方法,DERIVATION,type 不合 3 值规则（协议 §1 禁用 DERIVATION），待重判
05-【化学】2027版高中《解题觉醒》/化学解题觉醒-第2册 名师大招册.pdf,4dd2e79693-104,c,沉淀溶解平衡体系中相关计算方法,DERIVATION,type 不合 3 值规则（协议 §1 禁用 DERIVATION），待重判
06-【生物】2027版高中《解题觉醒》/生物要点觉醒.pdf,cfff2e6c9b-003,h,常见实验试剂与颜色变化,REPRESENTATION_GUIDE,type 不合 3 值规则（协议 §1 禁用 REPRESENTATION_GUIDE），待重判
06-【生物】2027版高中《解题觉醒》/生物解题觉醒-第1册 主书.pdf,9752acd916-087,,基因频率,DERIVATION,type 不合 3 值规则（协议 §1 禁用 DERIVATION），待重判
06-【生物】2027版高中《解题觉醒》/生物解题觉醒-第2册 名师大招册.pdf,26746c92ba-065,,减数分裂细胞中染色体-dna数量变化规律,REPRESENTATION_GUIDE,type 不合 3 值规则（协议 §1 禁用 REPRESENTATION_GUIDE），待重判
06-【生物】2027版高中《解题觉醒》/生物解题觉醒-第2册 名师大招册.pdf,26746c92ba-085,,遗传系谱图和电泳图谱分析,REPRESENTATION_GUIDE,type 不合 3 值规则（协议 §1 禁用 REPRESENTATION_GUIDE），待重判
06-【生物】2027版高中《解题觉醒》/生物解题觉醒-第2册 名师大招册.pdf,26746c92ba-091,,dna的复制,REPRESENTATION_GUIDE,type 不合 3 值规则（协议 §1 禁用 REPRESENTATION_GUIDE），待重判
06-【生物】2027版高中《解题觉醒》/生物解题觉醒-第2册 名师大招册.pdf,26746c92ba-092,b,dna的复制,REPRESENTATION_GUIDE,type 不合 3 值规则（协议 §1 禁用 REPRESENTATION_GUIDE），待重判
06-【生物】2027版高中《解题觉醒》/生物解题觉醒-第2册 名师大招册.pdf,26746c92ba-094,,dna的复制,REPRESENTATION_GUIDE,type 不合 3 值规则（协议 §1 禁用 REPRESENTATION_GUIDE），待重判
06-【生物】2027版高中《解题觉醒》/生物解题觉醒-第2册 名师大招册.pdf,26746c92ba-095,,dna的复制,REPRESENTATION_GUIDE,type 不合 3 值规则（协议 §1 禁用 REPRESENTATION_GUIDE），待重判
06-【生物】2027版高中《解题觉醒》/生物解题觉醒-第2册 名师大招册.pdf,26746c92ba-103,,基因频率,DERIVATION,type 不合 3 值规则（协议 §1 禁用 DERIVATION），待重判
06-【生物】2027版高中《解题觉醒》/生物解题觉醒-第2册 名师大招册.pdf,26746c92ba-104,,基因频率,DERIVATION,type 不合 3 值规则（协议 §1 禁用 DERIVATION），待重判
06-【生物】2027版高中《解题觉醒》/生物解题觉醒-第2册 名师大招册.pdf,26746c92ba-106,,基因频率,DERIVATION,type 不合 3 值规则（协议 §1 禁用 DERIVATION），待重判
06-【生物】2027版高中《解题觉醒》/生物解题觉醒-第2册 名师大招册.pdf,26746c92ba-107,,细胞生活的环境,REPRESENTATION_GUIDE,type 不合 3 值规则（协议 §1 禁用 REPRESENTATION_GUIDE），待重判
06-【生物】2027版高中《解题觉醒》/生物解题觉醒-第2册 名师大招册.pdf,26746c92ba-112,,膜电位的测量及电表指针偏转的判断,REPRESENTATION_GUIDE,type 不合 3 值规则（协议 §1 禁用 REPRESENTATION_GUIDE），待重判
06-【生物】2027版高中《解题觉醒》/生物解题觉醒-第2册 名师大招册.pdf,26746c92ba-113,,膜电位的测量及电表指针偏转的判断,REPRESENTATION_GUIDE,type 不合 3 值规则（协议 §1 禁用 REPRESENTATION_GUIDE），待重判
06-【生物】2027版高中《解题觉醒》/生物解题觉醒-第2册 名师大招册.pdf,26746c92ba-116,b,突触,REPRESENTATION_GUIDE,type 不合 3 值规则（协议 §1 禁用 REPRESENTATION_GUIDE），待重判
06-【生物】2027版高中《解题觉醒》/生物解题觉醒-第2册 名师大招册.pdf,26746c92ba-121,,体液免疫,REPRESENTATION_GUIDE,type 不合 3 值规则（协议 §1 禁用 REPRESENTATION_GUIDE），待重判
06-【生物】2027版高中《解题觉醒》/生物解题觉醒-第2册 名师大招册.pdf,26746c92ba-121,b,细胞免疫,REPRESENTATION_GUIDE,type 不合 3 值规则（协议 §1 禁用 REPRESENTATION_GUIDE），待重判
06-【生物】2027版高中《解题觉醒》/生物解题觉醒-第2册 名师大招册.pdf,26746c92ba-122,,特异性免疫,REPRESENTATION_GUIDE,type 不合 3 值规则（协议 §1 禁用 REPRESENTATION_GUIDE），待重判
06-【生物】2027版高中《解题觉醒》/生物解题觉醒-第2册 名师大招册.pdf,26746c92ba-130,,能量流动,REPRESENTATION_GUIDE,type 不合 3 值规则（协议 §1 禁用 REPRESENTATION_GUIDE），待重判
06-【生物】2027版高中《解题觉醒》/生物解题觉醒-第2册 名师大招册.pdf,26746c92ba-134,c,物质循环,REPRESENTATION_GUIDE,type 不合 3 值规则（协议 §1 禁用 REPRESENTATION_GUIDE），待重判
2026年新高考资料(1)/一轮复习/2026年高考物理一轮复习·知识清单（新高考通用）/资料/实验六　探究向心力与半径、角速度、质量的关系（学生版）.docx,e05e2e89ca-004,,探究向心力与半径、角速度、质量的关系,REPRESENTATION_GUIDE,type 不合 3 值规则（协议 §1 禁用 REPRESENTATION_GUIDE），待重判
2026年新高考资料(1)/一轮复习/2026年高考物理一轮复习·知识清单（新高考通用）/资料/微专题1　运动学图像　追及与相遇问题（学生版）.docx,bd78bd2210-001,,非常规运动学图像,REPRESENTATION_GUIDE,type 不合 3 值规则（协议 §1 禁用 REPRESENTATION_GUIDE），待重判
2026年新高考资料(1)/一轮复习/2026年高考物理一轮复习·知识清单（新高考通用）/资料/第2讲　力的合成与分解（学生版）.docx,eed17c1c1b-004,,力的合成,REPRESENTATION_GUIDE,type 不合 3 值规则（协议 §1 禁用 REPRESENTATION_GUIDE），待重判
2026年新高考资料(1)/一轮复习/2026年高考物理一轮复习·知识清单（新高考通用）/资料/第2讲　抛体运动（学生版）.docx,845a8daf75-003,b,平抛运动的两个重要结论,DERIVATION,type 不合 3 值规则（协议 §1 禁用 DERIVATION），待重判
2026年新高考资料(1)/一轮复习/2026年高考物理一轮复习模型与方法归类（全国通用）/资料/第14讲 电场力的性质（学生版）（模型与方法）（全国通用）.docx,c4841fd5ed-010,,电场线,REPRESENTATION_GUIDE,type 不合 3 值规则（协议 §1 禁用 REPRESENTATION_GUIDE），待重判
2026年新高考资料(1)/一轮复习/2026年高考物理一轮复习模型与方法归类（全国通用）/资料/第15讲 电场能的性质（学生版）（模型与方法）（全国通用）.docx,5f87ee0d52-014,,电场中的v-t图像,REPRESENTATION_GUIDE,type 不合 3 值规则（协议 §1 禁用 REPRESENTATION_GUIDE），待重判
2026年新高考资料(1)/一轮复习/2026年高考物理一轮复习模型与方法归类（全国通用）/资料/第15讲 电场能的性质（学生版）（模型与方法）（全国通用）.docx,5f87ee0d52-014,b,φ-x图像-反映了电势随位移变化的规律,REPRESENTATION_GUIDE,type 不合 3 值规则（协议 §1 禁用 REPRESENTATION_GUIDE），待重判
2026年新高考资料(1)/一轮复习/2026年高考物理一轮复习模型与方法归类（全国通用）/资料/第2讲 运动学图像及追及相遇问题（学生版）.docx,3756591d33-001,,非常规运动学图像,REPRESENTATION_GUIDE,type 不合 3 值规则（协议 §1 禁用 REPRESENTATION_GUIDE），待重判
2026年新高考资料(1)/一轮复习/2026年高考物理一轮复习知识清单（全国通用）/2026版/专题09 动力学三大观点的应用（知识清单）（全国通用）（教师版）.docx,fc6ffa52f7-002,,常见的图象,REPRESENTATION_GUIDE,type 不合 3 值规则（协议 §1 禁用 REPRESENTATION_GUIDE），待重判
2026年新高考资料(1)/一轮复习/2026年高考物理一轮复习知识清单（全国通用）/2026版/专题09 动力学三大观点的应用（知识清单）（全国通用）（教师版）.docx,fc6ffa52f7-003,,图象的应用,REPRESENTATION_GUIDE,type 不合 3 值规则（协议 §1 禁用 REPRESENTATION_GUIDE），待重判
2026年新高考资料(1)/一轮复习/2026年高考物理一轮复习知识清单（全国通用）/2026版/专题10 静电场（知识清单）（全国通用）（学生版）.docx,9404c786bf-019,,e-x图像,REPRESENTATION_GUIDE,type 不合 3 值规则（协议 §1 禁用 REPRESENTATION_GUIDE），待重判
2026年新高考资料(1)/一轮复习/2026年高考物理一轮复习知识清单（全国通用）/2026版/专题11 恒定电流（知识清单）（全国通用）（学生版）.docx,25530c0139-009,,电源与电阻的U-I图像比较,REPRESENTATION_GUIDE,type 不合 3 值规则（协议 §1 禁用 REPRESENTATION_GUIDE），待重判
2026年新高考资料(1)/一轮复习/2026年高考物理一轮复习知识清单（全国通用）/2026版/专题12 磁场（知识清单）（全国通用）（学生版）.docx,9d4e47b803-002,,磁感线,REPRESENTATION_GUIDE,type 不合 3 值规则（协议 §1 禁用 REPRESENTATION_GUIDE），待重判
2026年新高考资料(1)/一轮复习/2026年高考物理一轮复习知识清单（全国通用）/2026版/专题12 磁场（知识清单）（全国通用）（学生版）.docx,9d4e47b803-013,b,带电粒子在有界匀强磁场中的运动-临界条件,REPRESENTATION_GUIDE,type 不合 3 值规则（协议 §1 禁用 REPRESENTATION_GUIDE），待重判
2026年新高考资料(1)/一轮复习/2026年高考物理一轮复习知识清单（全国通用）/2026版/专题12 磁场（知识清单）（全国通用）（学生版）.docx,9d4e47b803-014,,带电粒子在有界匀强磁场中的运动-临界条件,REPRESENTATION_GUIDE,type 不合 3 值规则（协议 §1 禁用 REPRESENTATION_GUIDE），待重判
2026年新高考资料(1)/一轮复习/2026年高考物理一轮复习知识清单（全国通用）/2026版/专题12 磁场（知识清单）（全国通用）（学生版）.docx,9d4e47b803-017,,磁聚焦模型和磁发散模型,REPRESENTATION_GUIDE,type 不合 3 值规则（协议 §1 禁用 REPRESENTATION_GUIDE），待重判
2026年新高考资料(1)/一轮复习/2026年高考物理一轮复习知识清单（全国通用）/2026版/专题12 磁场（知识清单）（全国通用）（学生版）.docx,9d4e47b803-022,,带电粒子在立体空间中的运动,REPRESENTATION_GUIDE,type 不合 3 值规则（协议 §1 禁用 REPRESENTATION_GUIDE），待重判
2026年新高考资料(1)/一轮复习/2026年高考物理一轮复习知识清单（全国通用）/2026版/专题15 机械振动与机械波（知识清单）（全国通用）（教师版）.docx,bf4da8991e-004,,图象,REPRESENTATION_GUIDE,type 不合 3 值规则（协议 §1 禁用 REPRESENTATION_GUIDE），待重判
2026年新高考资料(1)/一轮复习/2026年高考物理一轮复习知识清单（全国通用）/2026版/专题17 热学（知识清单）（全国通用）（学生版）.docx,925746f040-021,,热力学图像问题,REPRESENTATION_GUIDE,type 不合 3 值规则（协议 §1 禁用 REPRESENTATION_GUIDE），待重判
2026年新高考资料(1)/一轮复习/2026年高考物理一轮复习精讲精练/资料/第24讲 万有引力定律及应用-（讲义）（学生版）.docx,95778b6681-003,b,星体表面与上空的重力加速度,DERIVATION,type 不合 3 值规则（协议 §1 禁用 DERIVATION），待重判
2026年新高考资料(1)/一轮复习/2026年高考物理一轮复习精讲精练/资料/第24讲 万有引力定律及应用-（讲义）（学生版）.docx,95778b6681-005,,万有引力的-两点理解-和-两个推论,DERIVATION,type 不合 3 值规则（协议 §1 禁用 DERIVATION），待重判
2026年新高考资料(1)/一轮复习/2026年高考物理一轮复习精讲精练/资料/第35讲 碰撞模型及拓展-（讲义）（学生版）.docx,5092c47fcd-001,b,弹性碰撞,DERIVATION,type 不合 3 值规则（协议 §1 禁用 DERIVATION），待重判
2026年新高考资料(1)/一轮复习/2026年高考物理一轮复习精讲精练/资料/第38讲 机械振动-（讲义）（学生版）.docx,aefbfe2040-004,,简谐运动,REPRESENTATION_GUIDE,type 不合 3 值规则（协议 §1 禁用 REPRESENTATION_GUIDE），待重判
2026年新高考资料(1)/一轮复习/2026年高考物理一轮复习精讲精练/资料/第38讲 机械振动-（讲义）（学生版）.docx,aefbfe2040-005,,简谐运动,REPRESENTATION_GUIDE,type 不合 3 值规则（协议 §1 禁用 REPRESENTATION_GUIDE），待重判
2026年新高考资料(1)/一轮复习/2026年高考物理一轮复习精讲精练/资料/第43讲 电场中功能关系及图像问题-（讲义）（学生版）.docx,6334948245-005,b,e-x图像,REPRESENTATION_GUIDE,type 不合 3 值规则（协议 §1 禁用 REPRESENTATION_GUIDE），待重判
2026年新高考资料(1)/一轮复习/2026年高考物理一轮复习精讲精练/资料/第43讲 电场中功能关系及图像问题-（讲义）（学生版）.docx,6334948245-007,b,φ-x图像-反映了电势随位移变化的规律,REPRESENTATION_GUIDE,type 不合 3 值规则（协议 §1 禁用 REPRESENTATION_GUIDE），待重判
2026年新高考资料(1)/一轮复习/2026年高考物理一轮复习精讲精练/资料/第43讲 电场中功能关系及图像问题-（讲义）（学生版）.docx,6334948245-009,,ep-x图像,REPRESENTATION_GUIDE,type 不合 3 值规则（协议 §1 禁用 REPRESENTATION_GUIDE），待重判
2026年新高考资料(1)/一轮复习/2026年高考物理一轮复习精讲精练/资料/第43讲 电场中功能关系及图像问题-（讲义）（学生版）.docx,6334948245-010,,Ek-x图像,REPRESENTATION_GUIDE,type 不合 3 值规则（协议 §1 禁用 REPRESENTATION_GUIDE），待重判
2026年新高考资料(1)/一轮复习/2026年高考物理一轮复习精讲精练/资料/第45讲 实验9观察电容器的充、放电现象-（讲义）（学生版）.docx,4bbcb096e6-005,,电容器充放电过程,REPRESENTATION_GUIDE,type 不合 3 值规则（协议 §1 禁用 REPRESENTATION_GUIDE），待重判
2026年新高考资料(1)/一轮复习/2026年高考物理一轮复习精讲精练/资料/第51讲 实验11测量电源的电动势和内阻-（讲义）（学生版）.docx,68e60d4d76-001,,电动势,DERIVATION,type 不合 3 值规则（协议 §1 禁用 DERIVATION），待重判
2026年新高考资料(1)/一轮复习/2026年高考物理一轮复习精讲精练/资料/第58讲 带电粒子在立体空间中的运动-（讲义）（学生版）.docx,acedf300e9-001,c,动量定理,DERIVATION,type 不合 3 值规则（协议 §1 禁用 DERIVATION），待重判
2026年新高考资料(1)/一轮复习/2026年高考物理一轮复习精讲精练/资料/第71讲 气体的性质-（讲义）（学生版）.docx,089780a205-007,,热力学图像问题,REPRESENTATION_GUIDE,type 不合 3 值规则（协议 §1 禁用 REPRESENTATION_GUIDE），待重判
2026年新高考资料(1)/一轮复习/2026年高考物理一轮复习考点精讲精练（新高考通用）/2026版/第03讲 运动图像和追及相遇问题（高效培优讲义）（学生版）.docx,0928df672e-002,,x-t图像-v-t图像-a-t图像的对比,REPRESENTATION_GUIDE,type 不合 3 值规则（协议 §1 禁用 REPRESENTATION_GUIDE），待重判
2026年新高考资料(1)/一轮复习/2026年高考物理一轮复习考点精讲精练（新高考通用）/2026版/第03讲 运动图像和追及相遇问题（高效培优讲义）（学生版）.docx,0928df672e-002,b,x-t图像-v-t图像-a-t图像的对比,REPRESENTATION_GUIDE,type 不合 3 值规则（协议 §1 禁用 REPRESENTATION_GUIDE），待重判
2026年新高考资料(1)/一轮复习/2026年高考物理一轮复习考点精讲精练（新高考通用）/2026版/第08讲 牛顿运动定律的应用——瞬态、连接体、超失重、图像问题-（高效培优讲义）（学生版）.docx,5ef2d09156-002,c,动力学图像法在动力学问题中的应用-数形结合思想,REPRESENTATION_GUIDE,type 不合 3 值规则（协议 §1 禁用 REPRESENTATION_GUIDE），待重判
2026年新高考资料(1)/一轮复习/2026年高考物理一轮复习考点精讲精练（新高考通用）/2026版/第16讲 万有引力与重力的关系及有中心天体的匀速圆周运动（高效培优讲义）（学生版）.docx,e5cb809e21-002,c,星体表面与上空的重力加速度,DERIVATION,type 不合 3 值规则（协议 §1 禁用 DERIVATION），待重判
2026年新高考资料(1)/一轮复习/2026年高考物理一轮复习考点精讲精练（新高考通用）/2026版/第17讲 变轨问题及双星、多星问题（高效培优讲义）（学生版）.docx,c117854fa6-003,,宇宙速度,DERIVATION,type 不合 3 值规则（协议 §1 禁用 DERIVATION），待重判
2026年新高考资料(1)/一轮复习/2026年高考物理一轮复习考点精讲精练（新高考通用）/2026版/第24讲 动量守恒定律及其应用（高效培优讲义）（学生版）.docx,4c006f942c-004,b,弹性碰撞,DERIVATION,type 不合 3 值规则（协议 §1 禁用 DERIVATION），待重判
2026年新高考资料(1)/一轮复习/2026年高考物理一轮复习考点精讲精练（新高考通用）/2026版/第26讲 静电场的性质（高效培优讲义）（学生版）.docx,154f35f7e3-005,,电场线,REPRESENTATION_GUIDE,type 不合 3 值规则（协议 §1 禁用 REPRESENTATION_GUIDE），待重判
2026年新高考资料(1)/一轮复习/2026年高考物理一轮复习考点精讲精练（新高考通用）/2026版/第28讲 带电粒子在静电场中的运动（高效培优讲义）（学生版）.docx,d8f896c2a3-003,b,两个重要结论,DERIVATION,type 不合 3 值规则（协议 §1 禁用 DERIVATION），待重判
2026年新高考资料(1)/一轮复习/2026年高考物理一轮复习考点精讲精练（新高考通用）/2026版/第35讲 交变电流、电磁振荡与电磁波、传感器（高效培优讲义）（学生版）.docx,463833891b-009,b,电磁波,REPRESENTATION_GUIDE,type 不合 3 值规则（协议 §1 禁用 REPRESENTATION_GUIDE），待重判
2026年新高考资料(1)/一轮复习/2026年高考物理一轮复习考点精讲精练（新高考通用）/2026版/第39讲 热学（高效培优讲义）（学生版）.docx,288e1effad-006,b,分子运动速率分布图像-气体分子速率呈-中间多-两头少-的规律分布-如下图所示,REPRESENTATION_GUIDE,type 不合 3 值规则（协议 §1 禁用 REPRESENTATION_GUIDE），待重判
2026年新高考资料(1)/一轮复习/2026年高考物理一轮复习考点精讲精练（新高考通用）/2026版/第39讲 热学（高效培优讲义）（学生版）.docx,288e1effad-008,,热力学图像问题,REPRESENTATION_GUIDE,type 不合 3 值规则（协议 §1 禁用 REPRESENTATION_GUIDE），待重判
2026年新高考资料(1)/一轮复习/2026年高考物理一轮复习讲义+练习+课件（新教材新高考）/2026版/第一章 直线运动/第01讲 运动的描述（复习讲义）（全国通用）（学生版）.docx,35be5ad443-018,c,加速度,REPRESENTATION_GUIDE,type 不合 3 值规则（协议 §1 禁用 REPRESENTATION_GUIDE），待重判
2026年新高考资料(1)/一轮复习/2026年高考物理一轮复习讲义+练习+课件（新教材新高考）/2026版/第一章 直线运动/第03讲 运动学图像 追及相遇问题（复习讲义）（全国通用）（学生版）.docx,ab8080ef1c-002,,x-t图像-v-t图像-a-t图像的对比,REPRESENTATION_GUIDE,type 不合 3 值规则（协议 §1 禁用 REPRESENTATION_GUIDE），待重判
2026年新高考资料(1)/一轮复习/2026年高考物理一轮复习讲义+练习+课件（新教材新高考）/2026版/第一章 直线运动/第03讲 运动学图像 追及相遇问题（复习讲义）（全国通用）（学生版）.docx,ab8080ef1c-003,,x-t图像-v-t图像-a-t图像的对比,REPRESENTATION_GUIDE,type 不合 3 值规则（协议 §1 禁用 REPRESENTATION_GUIDE），待重判
2026年新高考资料(1)/一轮复习/2026年高考物理一轮复习讲义+练习+课件（新教材新高考）/2026版/第一章 直线运动/第04讲 实验：探究小车速度随时间变化的规律（复习讲义）（全国通用）（学生版）.docx,3a6293013c-013,,图像法在处理实验数据方面的应用,REPRESENTATION_GUIDE,type 不合 3 值规则（协议 §1 禁用 REPRESENTATION_GUIDE），待重判
2026年新高考资料(1)/一轮复习/2026年高考物理一轮复习讲义+练习+课件（新教材新高考）/2026版/第七章 动量守恒定律/第25讲 动量守恒定律及其应用（复习讲义）（全国通用）（学生版）.docx,c6475f9319-008,b,弹性碰撞,DERIVATION,type 不合 3 值规则（协议 §1 禁用 DERIVATION），待重判
2026年新高考资料(1)/一轮复习/2026年高考物理一轮复习讲义+练习+课件（新教材新高考）/2026版/第三章 运动与力的关系/第10讲 牛顿运动定律的综合应用（一）方法类（复习讲义）（全国通用）（学生版）.docx,d8098ad0ee-009,,动力学图像法在动力学问题中的应用-数形结合思想,REPRESENTATION_GUIDE,type 不合 3 值规则（协议 §1 禁用 REPRESENTATION_GUIDE），待重判
2026年新高考资料(1)/一轮复习/2026年高考物理一轮复习讲义+练习+课件（新教材新高考）/2026版/第三章 运动与力的关系/第11讲 牛顿运动定律的综合应用（二）模型类（复习讲义）（全国通用）（学生版）.docx,893c61cfa9-026,,几种等时圆模型分析,DERIVATION,type 不合 3 值规则（协议 §1 禁用 DERIVATION），待重判
2026年新高考资料(1)/一轮复习/2026年高考物理一轮复习讲义+练习+课件（新教材新高考）/2026版/第九章 静电场/第35讲 静电场中图像综合问题（复习讲义）（全国通用）（教师版）.docx,1f839894d3-010,,ep-x图像,REPRESENTATION_GUIDE,type 不合 3 值规则（协议 §1 禁用 REPRESENTATION_GUIDE），待重判
2026年新高考资料(1)/一轮复习/2026年高考物理一轮复习讲义+练习+课件（新教材新高考）/2026版/第二章 相互作用/第05讲 三大性质力（复习讲义）（全国通用）（学生版）.docx,03b9349251-003,,力的图示与示意图,REPRESENTATION_GUIDE,type 不合 3 值规则（协议 §1 禁用 REPRESENTATION_GUIDE），待重判
2026年新高考资料(1)/一轮复习/2026年高考物理一轮复习讲义+练习+课件（新教材新高考）/2026版/第八章 机械振动与机械波/第30讲 机械振动（复习讲义）（全国通用）（学生版）.docx,4765c198af-004,,简谐运动,REPRESENTATION_GUIDE,type 不合 3 值规则（协议 §1 禁用 REPRESENTATION_GUIDE），待重判
2026年新高考资料(1)/一轮复习/2026年高考物理一轮复习讲义+练习+课件（新教材新高考）/2026版/第八章 机械振动与机械波/第30讲 机械振动（复习讲义）（全国通用）（学生版）.docx,4765c198af-020,,共振,REPRESENTATION_GUIDE,type 不合 3 值规则（协议 §1 禁用 REPRESENTATION_GUIDE），待重判
2026年新高考资料(1)/一轮复习/2026年高考物理一轮复习讲义+练习+课件（新教材新高考）/2026版/第八章 机械振动与机械波/第31讲 机械波（复习讲义）（全国通用）（学生版）.docx,a5990a668a-009,,波动图象的信息,REPRESENTATION_GUIDE,type 不合 3 值规则（协议 §1 禁用 REPRESENTATION_GUIDE），待重判
2026年新高考资料(1)/一轮复习/2026年高考物理一轮复习讲义+练习+课件（新教材新高考）/2026版/第六章 机械能守恒定律/第21讲 机械能守恒定律 （复习讲义）（全国通用）（学生版）.docx,ba44dd7437-009,,机械能守恒定律的三种表达式,REPRESENTATION_GUIDE,type 不合 3 值规则（协议 §1 禁用 REPRESENTATION_GUIDE），待重判
2026年新高考资料(1)/一轮复习/2026年高考物理一轮复习讲义+练习+课件（新教材新高考）/2026版/第六章 机械能守恒定律/第21讲 机械能守恒定律 （复习讲义）（全国通用）（学生版）.docx,ba44dd7437-020,,图象,REPRESENTATION_GUIDE,type 不合 3 值规则（协议 §1 禁用 REPRESENTATION_GUIDE），待重判
2026年新高考资料(1)/一轮复习/2026年高考物理一轮复习讲义+练习+课件（新教材新高考）/2026版/第十一章 磁场/第46讲 磁场及其对电流的作用（复习讲义）（全国通用）（学生版）.docx,19ab5c2623-004,,磁场,REPRESENTATION_GUIDE,type 不合 3 值规则（协议 §1 禁用 REPRESENTATION_GUIDE），待重判
2026年新高考资料(1)/一轮复习/2026年高考物理一轮复习讲义+练习+课件（新教材新高考）/2026版/第十二章 电磁感应/实验：探究影响感应电流方向的因素（复习讲义）（全国通用）（学生版）.docx,63ca6da45e-002,,楞次定律,WORKED_EXAMPLE,type 不合 3 值规则（协议 §1 禁用 WORKED_EXAMPLE），待重判
2026年新高考资料(1)/一轮复习/2026年高考物理一轮复习讲义+练习+课件（新教材新高考）/2026版/第十五章 热学/第62讲 热学基础（复习讲义）（全国通用）（学生版）.docx,0f258d43a9-013,,热力学图像问题,REPRESENTATION_GUIDE,type 不合 3 值规则（协议 §1 禁用 REPRESENTATION_GUIDE），待重判
2026年新高考资料(1)/一轮复习/2026年高考物理一轮复习讲义+练习+课件（新教材新高考）/2026版/第十六章 近代物理/第66讲 光电效应波粒二象性（复习讲义）（全国通用）（学生版）.docx,924259a8ae-005,,光电效应的图像问题,REPRESENTATION_GUIDE,type 不合 3 值规则（协议 §1 禁用 REPRESENTATION_GUIDE），待重判
2026年新高考资料(1)/一轮复习/2026年高考物理一轮复习讲义+练习+课件（新教材新高考）/2026版/第四章 曲线运动/第14讲 抛体运动（复习讲义）（全国通用）（学生版）.docx,856c69c53e-004,,平抛运动的两个重要结论,DERIVATION,type 不合 3 值规则（协议 §1 禁用 DERIVATION），待重判
2026年新高考资料(1)/一轮复习/2026年高考物理一轮复习讲义+练习+课件（新教材新高考）/2026版/第四章 曲线运动/第16讲 实验：探究平抛运动的特点、实验：探究向心力大小与半径角速度质量的关系（复习讲义）（全国通用）（学生版）.docx,11680982fd-017,,用传感器与计算机描绘平抛运动轨迹,REPRESENTATION_GUIDE,type 不合 3 值规则（协议 §1 禁用 REPRESENTATION_GUIDE），待重判
2026年新高考资料(1)/一轮复习/2026年高考物理一轮复习讲义·培优练习（新高考通用）/资料/第一章 第4课时　专题强化：运动学图像问题（学生版）.docx,419f161406-003,,非常规运动学图像,REPRESENTATION_GUIDE,type 不合 3 值规则（协议 §1 禁用 REPRESENTATION_GUIDE），待重判
2026年新高考资料(1)/一轮复习/2026年高考物理一轮复习讲义·培优练习（新高考通用）/资料/第一章 第4课时　专题强化：运动学图像问题（学生版）.docx,419f161406-004,,非常规运动学图像,REPRESENTATION_GUIDE,type 不合 3 值规则（协议 §1 禁用 REPRESENTATION_GUIDE），待重判
2026年新高考资料(1)/一轮复习/2026年高考物理一轮复习讲义·培优练习（新高考通用）/资料/第七章   第35课时　专题强化：碰撞模型及拓展（学生版）.docx,f869288c0f-004,,弹性碰撞,DERIVATION,type 不合 3 值规则（协议 §1 禁用 DERIVATION），待重判
2026年新高考资料(1)/一轮复习/2026年高考物理一轮复习讲义·培优练习（新高考通用）/资料/第七章　第34课时　动量守恒定律（学生版）.docx,b58ada1a4f-004,,动量守恒定律,REPRESENTATION_GUIDE,type 不合 3 值规则（协议 §1 禁用 REPRESENTATION_GUIDE），待重判
2026年新高考资料(1)/一轮复习/2026年高考物理一轮复习讲义·培优练习（新高考通用）/资料/第九章　第44课时　专题强化：电场中的图像问题　电场中功能关系的综合问题（学生版）.docx,f87ab34a8e-003,,e-x图像,REPRESENTATION_GUIDE,type 不合 3 值规则（协议 §1 禁用 REPRESENTATION_GUIDE），待重判
2026年新高考资料(1)/一轮复习/2026年高考物理一轮复习讲义·培优练习（新高考通用）/资料/第九章　第44课时　专题强化：电场中的图像问题　电场中功能关系的综合问题（学生版）.docx,f87ab34a8e-004,,ep-x图像,REPRESENTATION_GUIDE,type 不合 3 值规则（协议 §1 禁用 REPRESENTATION_GUIDE），待重判
2026年新高考资料(1)/一轮复习/2026年高考物理一轮复习讲义·培优练习（新高考通用）/资料/第九章　第44课时　专题强化：电场中的图像问题　电场中功能关系的综合问题（学生版）.docx,f87ab34a8e-004,b,Ek-x图像,REPRESENTATION_GUIDE,type 不合 3 值规则（协议 §1 禁用 REPRESENTATION_GUIDE），待重判
2026年新高考资料(1)/一轮复习/2026年高考物理一轮复习讲义·培优练习（新高考通用）/资料/第九章　第46课时　实验十：观察电容器的充、放电现象（学生版）.docx,b21ed83d33-005,,电容器充放电过程,REPRESENTATION_GUIDE,type 不合 3 值规则（协议 §1 禁用 REPRESENTATION_GUIDE），待重判
2026年新高考资料(1)/一轮复习/2026年高考物理一轮复习讲义·培优练习（新高考通用）/资料/第十章 第50课时　电路的基本概念及电路分析（学生版）.docx,02ecb7fcca-005,,U-I图像与I-U图像的理解,REPRESENTATION_GUIDE,type 不合 3 值规则（协议 §1 禁用 REPRESENTATION_GUIDE），待重判
2026年新高考资料(1)/一轮复习/2026年高考物理一轮课件+讲义+练习（四川专用）/第01讲 运动的描述（复习讲义）（四川专用）（学生版）.docx,7151338d60-014,b,图象法,REPRESENTATION_GUIDE,type 不合 3 值规则（协议 §1 禁用 REPRESENTATION_GUIDE），待重判
2026年新高考资料(1)/一轮复习/2026年高考物理一轮课件+讲义+练习（四川专用）/第27讲 机械振动、机械波（复习讲义）（四川专用）（学生版）.docx,916af4e9e4-003,,简谐运动的图像与对称性,REPRESENTATION_GUIDE,type 不合 3 值规则（协议 §1 禁用 REPRESENTATION_GUIDE），待重判
2026年新高考资料(1)/一轮复习/2026年高考物理一轮课件+讲义+练习（四川专用）/第27讲 机械振动、机械波（复习讲义）（四川专用）（学生版）.docx,916af4e9e4-014,b,共振,REPRESENTATION_GUIDE,type 不合 3 值规则（协议 §1 禁用 REPRESENTATION_GUIDE），待重判
2026年新高考资料(1)/一轮复习/2026年高考物理一轮课件+讲义+练习（四川专用）/第27讲 机械振动、机械波（复习讲义）（四川专用）（学生版）.docx,916af4e9e4-018,,波动图象的信息,REPRESENTATION_GUIDE,type 不合 3 值规则（协议 §1 禁用 REPRESENTATION_GUIDE），待重判
2026年新高考资料(1)/一轮复习/2026年高考物理一轮课件+讲义+练习（四川专用）/第33讲 电路的基本概念和规律 闭合电路欧姆定律（复习讲义）（四川专用）（学生版）.docx,e6aa914e50-006,b,伏安特性曲线的图像比较,REPRESENTATION_GUIDE,type 不合 3 值规则（协议 §1 禁用 REPRESENTATION_GUIDE），待重判
2026年新高考资料(1)/一轮复习/2026年高考物理一轮课件+讲义+练习（四川专用）/第34讲 电学实验基础（复习讲义）（四川专用）（学生版）.docx,4d527e3efd-003,,电表的使用与量程选择,REPRESENTATION_GUIDE,type 不合 3 值规则（协议 §1 禁用 REPRESENTATION_GUIDE），待重判
2026年新高考资料(1)/一轮复习/2026年高考物理一轮课件+讲义+练习（四川专用）/第34讲 电学实验基础（复习讲义）（四川专用）（学生版）.docx,4d527e3efd-003,b,实验仪器的估读问题分析,REPRESENTATION_GUIDE,type 不合 3 值规则（协议 §1 禁用 REPRESENTATION_GUIDE），待重判
2026年新高考资料(1)/一轮复习/2026年高考物理一轮课件+讲义+练习（四川专用）/第34讲 电学实验基础（复习讲义）（四川专用）（学生版）.docx,4d527e3efd-013,b,实物连线的注意事项,REPRESENTATION_GUIDE,type 不合 3 值规则（协议 §1 禁用 REPRESENTATION_GUIDE），待重判
2026年新高考资料(1)/一轮复习/2026年高考物理一轮课件+讲义+练习（四川专用）/第40讲 带电粒子在复合场中的运动（复习讲义）（四川专用）（学生版）.docx,bf19e23893-013,,带电粒子在组合场-电场与磁场各位于一定的区域内-并不重叠-中的运动,DERIVATION,type 不合 3 值规则（协议 §1 禁用 DERIVATION），待重判
2026年新高考资料(1)/一轮复习/2026年高考物理一轮课件+讲义+练习（四川专用）/第48讲 热力学定律与能量守恒定律（复习讲义）（四川专用）（学生版）.docx,9579268f6f-003,,分子间的作用力与分子间距离的关系,REPRESENTATION_GUIDE,type 不合 3 值规则（协议 §1 禁用 REPRESENTATION_GUIDE），待重判
2026年新高考资料(1)/一轮复习/2026年高考物理一轮课件+讲义+练习（安徽专用）/第02讲 运动学图像 追及相遇问题（含多过程问题）（复习讲义）（安徽专用）（学生版）.docx,911b33ff4a-002,,x-t图像-v-t图像-a-t图像的对比,REPRESENTATION_GUIDE,type 不合 3 值规则（协议 §1 禁用 REPRESENTATION_GUIDE），待重判
2026年新高考资料(1)/一轮复习/2026年高考物理一轮课件+讲义+练习（安徽专用）/第02讲 运动学图像 追及相遇问题（含多过程问题）（复习讲义）（安徽专用）（学生版）.docx,911b33ff4a-002,b,x-t图像-v-t图像-a-t图像的对比,REPRESENTATION_GUIDE,type 不合 3 值规则（协议 §1 禁用 REPRESENTATION_GUIDE），待重判
2026年新高考资料(1)/一轮复习/2026年高考物理一轮课件+讲义+练习（安徽专用）/第02讲 运动学图像 追及相遇问题（含多过程问题）（复习讲义）（安徽专用）（学生版）.docx,911b33ff4a-006,,非常规运动学图像,REPRESENTATION_GUIDE,type 不合 3 值规则（协议 §1 禁用 REPRESENTATION_GUIDE），待重判
2026年新高考资料(1)/一轮复习/2026年高考物理一轮课件+讲义+练习（安徽专用）/第02讲 运动学图像 追及相遇问题（含多过程问题）（复习讲义）（安徽专用）（学生版）.docx,911b33ff4a-010,,非常规运动学图像,REPRESENTATION_GUIDE,type 不合 3 值规则（协议 §1 禁用 REPRESENTATION_GUIDE），待重判
2026年新高考资料(1)/一轮复习/2026年高考物理一轮课件+讲义+练习（安徽专用）/第12讲 抛体运动的十大问题（复习讲义）（安徽专用）（学生版）.docx,16fb5aea45-013,,平抛运动,REPRESENTATION_GUIDE,type 不合 3 值规则（协议 §1 禁用 REPRESENTATION_GUIDE），待重判
2026年新高考资料(1)/一轮复习/2026年高考物理一轮课件+讲义+练习（安徽专用）/第22讲 动量守恒定律及其应用（复习讲义）（安徽专用）（学生版）.docx,9b2382e508-016,,火箭,DERIVATION,type 不合 3 值规则（协议 §1 禁用 DERIVATION），待重判
2026年新高考资料(1)/一轮复习/2026年高考物理一轮课件+讲义+练习（安徽专用）/第26讲 机械振动、机械波（复习讲义）（安徽专用）（学生版）.docx,09c12a6763-009,,图象,REPRESENTATION_GUIDE,type 不合 3 值规则（协议 §1 禁用 REPRESENTATION_GUIDE），待重判
2026年新高考资料(1)/一轮复习/2026年高考物理一轮课件+讲义+练习（安徽专用）/第28讲 静电场中力的性质（复习讲义）（安徽专用）（学生版）.docx,35f5d4d1d1-014,,电场线,REPRESENTATION_GUIDE,type 不合 3 值规则（协议 §1 禁用 REPRESENTATION_GUIDE），待重判
2026年新高考资料(1)/一轮复习/2026年高考物理一轮课件+讲义+练习（安徽专用）/第30讲 电场中的功能关系及图像问题（复习讲义）（安徽专用）（学生版）.docx,8a6cb6c448-004,,φ-x图像-反映了电势随位移变化的规律,REPRESENTATION_GUIDE,type 不合 3 值规则（协议 §1 禁用 REPRESENTATION_GUIDE），待重判
2026年新高考资料(1)/一轮复习/2026年高考物理一轮课件+讲义+练习（安徽专用）/第30讲 电场中的功能关系及图像问题（复习讲义）（安徽专用）（学生版）.docx,8a6cb6c448-004,b,e-x图像,REPRESENTATION_GUIDE,type 不合 3 值规则（协议 §1 禁用 REPRESENTATION_GUIDE），待重判
2026年新高考资料(1)/一轮复习/2026年高考物理一轮课件+讲义+练习（安徽专用）/第30讲 电场中的功能关系及图像问题（复习讲义）（安徽专用）（学生版）.docx,8a6cb6c448-004,c,用动力学观点分析,REPRESENTATION_GUIDE,type 不合 3 值规则（协议 §1 禁用 REPRESENTATION_GUIDE），待重判
2026年新高考资料(1)/一轮复习/2026年高考物理一轮课件+讲义+练习（安徽专用）/第30讲 电场中的功能关系及图像问题（复习讲义）（安徽专用）（学生版）.docx,8a6cb6c448-005,,ep-x图像,REPRESENTATION_GUIDE,type 不合 3 值规则（协议 §1 禁用 REPRESENTATION_GUIDE），待重判
2026年新高考资料(1)/一轮复习/2026年高考物理一轮课件+讲义+练习（安徽专用）/第31讲 电容器 带电粒子在电场中的运动（复习讲义）（安徽专用）（学生版）.docx,8aea427cf9-012,,电容器充放电过程,REPRESENTATION_GUIDE,type 不合 3 值规则（协议 §1 禁用 REPRESENTATION_GUIDE），待重判
2026年新高考资料(1)/一轮复习/2026年高考物理一轮课件+讲义+练习（安徽专用）/第31讲 电容器 带电粒子在电场中的运动（复习讲义）（安徽专用）（学生版）.docx,8aea427cf9-018,,带电粒子在匀强电场中偏转的两个分运动,DERIVATION,type 不合 3 值规则（协议 §1 禁用 DERIVATION），待重判
2026年新高考资料(1)/一轮复习/2026年高考物理一轮课件+讲义+练习（安徽专用）/第36讲 重点实验：用多用电表测量电学中的物理量（复习讲义）（安徽专用）（学生版）.docx,d72ac5caec-007,,多用电表的结构与刻度盘,REPRESENTATION_GUIDE,type 不合 3 值规则（协议 §1 禁用 REPRESENTATION_GUIDE），待重判
2026年新高考资料(1)/一轮复习/2026年高考物理一轮课件+讲义+练习（安徽专用）/第38讲 磁场及其对电流的作用（复习讲义）（安徽专用）（学生版）.docx,a181a3ec86-010,,安培力作用下导体的平衡与加速问题,REPRESENTATION_GUIDE,type 不合 3 值规则（协议 §1 禁用 REPRESENTATION_GUIDE），待重判
2026年新高考资料(1)/一轮复习/2026年高考物理一轮课件+讲义+练习（安徽专用）/第42讲 法拉第电磁感应定律自感和涡流（复习讲义）（安徽专用）（学生版）.docx,f12aef7bb2-004,,平动切割与转动切割的几种情形,REPRESENTATION_GUIDE,type 不合 3 值规则（协议 §1 禁用 REPRESENTATION_GUIDE），待重判
2026年新高考资料(1)/一轮复习/2026年高考物理一轮课件+讲义+练习（安徽专用）/第42讲 法拉第电磁感应定律自感和涡流（复习讲义）（安徽专用）（学生版）.docx,f12aef7bb2-005,,平动切割与转动切割的几种情形,REPRESENTATION_GUIDE,type 不合 3 值规则（协议 §1 禁用 REPRESENTATION_GUIDE），待重判
2026年新高考资料(1)/一轮复习/2026年高考物理一轮课件+讲义+练习（安徽专用）/第46讲 光学（复习讲义）（安徽专用）（学生版）.docx,c14a6699a4-009,,杨氏双缝干涉,REPRESENTATION_GUIDE,type 不合 3 值规则（协议 §1 禁用 REPRESENTATION_GUIDE），待重判
2026年新高考资料(1)/一轮复习/2026年高考物理一轮课件+讲义+练习（湖南专用）/第01讲 运动的描述（复习讲义）（湖南专用）（学生版） .docx,14acc6af8a-013,c,x-t图像-v-t图像-a-t图像的对比,REPRESENTATION_GUIDE,type 不合 3 值规则（协议 §1 禁用 REPRESENTATION_GUIDE），待重判
2026年新高考资料(1)/一轮复习/2026年高考物理一轮课件+讲义+练习（湖南专用）/第03讲  运动学图像追击相遇问题（复习讲义）（湖南专用）（学生版）.docx,90e5d9cabe-010,,非常规运动学图像,DERIVATION,type 不合 3 值规则（协议 §1 禁用 DERIVATION），待重判
2026年新高考资料(1)/一轮复习/2026年高考物理一轮课件+讲义+练习（湖南专用）/第17讲 万有引力定律及其应用（复习讲义）（湖南专用）（学生版）.docx,1e87c34de3-003,,开普勒三定律,DERIVATION,type 不合 3 值规则（协议 §1 禁用 DERIVATION），待重判
2026年新高考资料(1)/一轮复习/2026年高考物理一轮课件+讲义+练习（湖南专用）/第30讲 机械振动（复习讲义）（湖南专用）（学生版）.docx,eec25a65a0-004,,简谐运动,REPRESENTATION_GUIDE,type 不合 3 值规则（协议 §1 禁用 REPRESENTATION_GUIDE），待重判
2026年新高考资料(1)/一轮复习/2026年高考物理一轮课件+讲义+练习（湖南专用）/第30讲 机械振动（复习讲义）（湖南专用）（学生版）.docx,eec25a65a0-005,,简谐运动,REPRESENTATION_GUIDE,type 不合 3 值规则（协议 §1 禁用 REPRESENTATION_GUIDE），待重判
2026年新高考资料(1)/一轮复习/2026年高考物理一轮课件+讲义+练习（湖南专用）/第31讲 机械波（复习讲义）（湖南专用）（学生版）.docx,97b16a8a41-008,,振动图像与波的图像,REPRESENTATION_GUIDE,type 不合 3 值规则（协议 §1 禁用 REPRESENTATION_GUIDE），待重判
2026年新高考资料(1)/一轮复习/2026年高考物理一轮课件+讲义+练习（湖南专用）/第35讲 电场中的功能关系及图像问题（复习讲义）（湖南专用）（学生版）.docx,f58cfc679b-007,,电场中的v-t图像,REPRESENTATION_GUIDE,type 不合 3 值规则（协议 §1 禁用 REPRESENTATION_GUIDE），待重判
2026年新高考资料(1)/一轮复习/2026年高考物理一轮课件+讲义+练习（湖南专用）/第35讲 电场中的功能关系及图像问题（复习讲义）（湖南专用）（学生版）.docx,f58cfc679b-008,,φ-x图像-反映了电势随位移变化的规律,REPRESENTATION_GUIDE,type 不合 3 值规则（协议 §1 禁用 REPRESENTATION_GUIDE），待重判
2026年新高考资料(1)/一轮复习/2026年高考物理一轮课件+讲义+练习（湖南专用）/第35讲 电场中的功能关系及图像问题（复习讲义）（湖南专用）（学生版）.docx,f58cfc679b-009,,ep-x图像,REPRESENTATION_GUIDE,type 不合 3 值规则（协议 §1 禁用 REPRESENTATION_GUIDE），待重判
2026年新高考资料(1)/一轮复习/2026年高考物理一轮课件+讲义+练习（湖南专用）/第35讲 电场中的功能关系及图像问题（复习讲义）（湖南专用）（学生版）.docx,f58cfc679b-010,,e-x图像,REPRESENTATION_GUIDE,type 不合 3 值规则（协议 §1 禁用 REPRESENTATION_GUIDE），待重判
2026年新高考资料(1)/一轮复习/2026年高考物理一轮课件+讲义+练习（湖南专用）/第39讲 电路的基本概念及规律（复习讲义）（湖南专用）（学生版）.docx,4e6077ff9a-003,,电流,DERIVATION,type 不合 3 值规则（协议 §1 禁用 DERIVATION），待重判
2026年新高考资料(1)/一轮复习/2026年高考物理一轮课件+讲义+练习（湖南专用）/第41讲 电学实验必须熟练掌握的基本技能（复习讲义）（湖南专用）（学生版）.docx,2fa662493c-002,,游标卡尺的构造与读数,REPRESENTATION_GUIDE,type 不合 3 值规则（协议 §1 禁用 REPRESENTATION_GUIDE），待重判
2026年新高考资料(1)/一轮复习/2026年高考物理一轮课件+讲义+练习（湖南专用）/第41讲 电学实验必须熟练掌握的基本技能（复习讲义）（湖南专用）（学生版）.docx,2fa662493c-003,,螺旋测微器的原理与读数,REPRESENTATION_GUIDE,type 不合 3 值规则（协议 §1 禁用 REPRESENTATION_GUIDE），待重判
2026年新高考资料(1)/一轮复习/2026年高考物理一轮课件+讲义+练习（湖南专用）/第41讲 电学实验必须熟练掌握的基本技能（复习讲义）（湖南专用）（学生版）.docx,2fa662493c-004,,必须估读的仪器-这类仪器是大多数-其读数需要包含一位可靠的估计值,REPRESENTATION_GUIDE,type 不合 3 值规则（协议 §1 禁用 REPRESENTATION_GUIDE），待重判
2026年新高考资料(1)/一轮复习/2026年高考物理一轮课件+讲义+练习（湖南专用）/第53讲 法拉第电磁感应定律  自感和涡流（复习讲义）（湖南专用）（学生版）.docx,9f6711c952-007,,平动切割与转动切割的几种情形,DERIVATION,type 不合 3 值规则（协议 §1 禁用 DERIVATION），待重判
2026年新高考资料(1)/一轮复习/2026年高考物理一轮课件+讲义+练习（湖南专用）/第61讲 光的波动性（复习讲义）（湖南专用）（学生版）.docx,747634a3d0-002,b,薄膜干涉,REPRESENTATION_GUIDE,type 不合 3 值规则（协议 §1 禁用 REPRESENTATION_GUIDE），待重判
2026年新高考资料(1)/一轮复习/2026年高考物理一轮课件+讲义+练习（福建专用）/第24讲 动量守恒定律（复习讲义）（福建专用）（学生版）.docx,b0e295f813-011,,弹性碰撞,DERIVATION,type 不合 3 值规则（协议 §1 禁用 DERIVATION），待重判
2026年新高考资料(1)/一轮复习/2026年高考物理一轮课件+讲义+练习（福建专用）/第28讲 静电场中功能关系及图像问题（复习讲义）（福建专版）（学生版）.docx,414bf63882-006,,φ-x图像-反映了电势随位移变化的规律,REPRESENTATION_GUIDE,type 不合 3 值规则（协议 §1 禁用 REPRESENTATION_GUIDE），待重判
2026年新高考资料(1)/一轮复习/2026年高考物理一轮课件+讲义+练习（福建专用）/第28讲 静电场中功能关系及图像问题（复习讲义）（福建专版）（学生版）.docx,414bf63882-006,b,e-x图像,REPRESENTATION_GUIDE,type 不合 3 值规则（协议 §1 禁用 REPRESENTATION_GUIDE），待重判
2026年新高考资料(1)/一轮复习/2026年高考物理一轮课件+讲义+练习（福建专用）/第28讲 静电场中功能关系及图像问题（复习讲义）（福建专版）（学生版）.docx,414bf63882-009,,ep-x图像,REPRESENTATION_GUIDE,type 不合 3 值规则（协议 §1 禁用 REPRESENTATION_GUIDE），待重判
2026年新高考资料(1)/一轮复习/2026年高考物理一轮课件+讲义+练习（福建专用）/第31讲 闭合电路欧姆定律（复习讲义）（福建专用）（学生版）.docx,1a725b1f9c-007,,闭合电路欧姆定律,REPRESENTATION_GUIDE,type 不合 3 值规则（协议 §1 禁用 REPRESENTATION_GUIDE），待重判
2026年新高考资料(1)/一轮复习/2026年高考物理一轮课件+讲义+练习（福建专用）/第43讲 机械振动（复习讲义）（福建专用）（学生版）.docx,c721b39e42-006,,简谐运动,REPRESENTATION_GUIDE,type 不合 3 值规则（协议 §1 禁用 REPRESENTATION_GUIDE），待重判
2026年新高考资料(1)/一轮复习/2026年高考物理一轮课件+讲义+练习（黑吉辽蒙专用）/第03讲 运动学图像 追及相遇问题（复习讲义）（黑吉辽蒙专用）（学生版）.docx,7c977617d4-002,,x-t图像-v-t图像-a-t图像的对比,REPRESENTATION_GUIDE,type 不合 3 值规则（协议 §1 禁用 REPRESENTATION_GUIDE），待重判
2026年新高考资料(1)/一轮复习/2026年高考物理一轮课件+讲义+练习（黑吉辽蒙专用）/第03讲 运动学图像 追及相遇问题（复习讲义）（黑吉辽蒙专用）（学生版）.docx,7c977617d4-003,,非常规运动图像,REPRESENTATION_GUIDE,type 不合 3 值规则（协议 §1 禁用 REPRESENTATION_GUIDE），待重判
2026年新高考资料(1)/一轮复习/2026年高考物理一轮课件+讲义+练习（黑吉辽蒙专用）/第06讲 力的合成与分解（复习讲义）（黑吉辽蒙专用）（学生版）.docx,f26b1b9e49-007,,力的分解,REPRESENTATION_GUIDE,type 不合 3 值规则（协议 §1 禁用 REPRESENTATION_GUIDE），待重判
2026年新高考资料(1)/一轮复习/2026年高考物理一轮课件+讲义+练习（黑吉辽蒙专用）/第15讲 抛体运动（复习讲义）（黑吉辽蒙专用）（学生版）.docx,166e540bc2-002,b,平抛运动的两个重要结论,DERIVATION,type 不合 3 值规则（协议 §1 禁用 DERIVATION），待重判
2026年新高考资料(1)/一轮复习/2026年高考物理一轮课件+讲义+练习（黑吉辽蒙专用）/第18讲 万有引力定律及其应用（复习讲义）（黑吉辽蒙专用）（学生版）.docx,b7fee3d991-003,b,万有引力的-两点理解-和-两个推论,DERIVATION,type 不合 3 值规则（协议 §1 禁用 DERIVATION），待重判
2026年新高考资料(1)/一轮复习/2026年高考物理一轮课件+讲义+练习（黑吉辽蒙专用）/第35讲 电场中的功能关系及图像问题（复习讲义）（黑吉辽蒙专用）（学生版）.docx,2e840c24e2-012,,φ-x图像-反映了电势随位移变化的规律,REPRESENTATION_GUIDE,type 不合 3 值规则（协议 §1 禁用 REPRESENTATION_GUIDE），待重判
2026年新高考资料(1)/一轮复习/2026年高考物理一轮课件+讲义+练习（黑吉辽蒙专用）/第35讲 电场中的功能关系及图像问题（复习讲义）（黑吉辽蒙专用）（学生版）.docx,2e840c24e2-013,,ep-x图像,REPRESENTATION_GUIDE,type 不合 3 值规则（协议 §1 禁用 REPRESENTATION_GUIDE），待重判
2026年新高考资料(1)/一轮复习/2026年高考物理一轮课件+讲义+练习（黑吉辽蒙专用）/第35讲 电场中的功能关系及图像问题（复习讲义）（黑吉辽蒙专用）（学生版）.docx,2e840c24e2-014,,e-x图像,REPRESENTATION_GUIDE,type 不合 3 值规则（协议 §1 禁用 REPRESENTATION_GUIDE），待重判
2026年新高考资料(1)/一轮复习/2026物理高考大一轮总复习讲义（全国）/资料/专题02运动图像、追及与相遇学生版.docx,4d4c5ba463-002,,x-t图像（位移—时间图像）,REPRESENTATION_GUIDE,type 不合 3 值规则（协议 §1 禁用 REPRESENTATION_GUIDE），待重判
2026年新高考资料(1)/一轮复习/2026物理高考大一轮总复习讲义（全国）/资料/专题02运动图像、追及与相遇学生版.docx,4d4c5ba463-003,,v-t图像（速度—时间图像）,REPRESENTATION_GUIDE,type 不合 3 值规则（协议 §1 禁用 REPRESENTATION_GUIDE），待重判
2026年新高考资料(1)/一轮复习/2026物理高考大一轮总复习讲义（全国）/资料/专题02运动图像、追及与相遇学生版.docx,4d4c5ba463-004,,v-t图像（速度—时间图像）,REPRESENTATION_GUIDE,type 不合 3 值规则（协议 §1 禁用 REPRESENTATION_GUIDE），待重判
2026年新高考资料(1)/一轮复习/2026物理高考大一轮总复习讲义（全国）/资料/专题02运动图像、追及与相遇学生版.docx,4d4c5ba463-004,b,x-t图像-v-t图像-a-t图像的对比,REPRESENTATION_GUIDE,type 不合 3 值规则（协议 §1 禁用 REPRESENTATION_GUIDE），待重判
2026年新高考资料(1)/一轮复习/2026物理高考大一轮总复习讲义（全国）/资料/高考物理大一轮总复习讲义20：动量守恒定律的应用及碰撞反冲学生版.docx,68df65078e-005,,弹性碰撞,DERIVATION,type 不合 3 值规则（协议 §1 禁用 DERIVATION），待重判
2026年新高考资料(1)/一轮复习/【2】2026届高考物理一轮复习模型解读与针对性训练/资料/高考物理电学压轴题模型解读与针对性训练：19.电磁感应、电容模型/19.电磁感应+电容模型-高考电学压轴题模型解读与针对性训练/16.电磁感应+电容模型（学生版）高考电学压轴题模型解读与针对性训练.docx,16be9c916c-001,,电磁感应中的单棒模型,DERIVATION,type 不合 3 值规则（协议 §1 禁用 DERIVATION），待重判
2026年新高考资料(1)/一轮复习/【6】2026届高中物理一轮总复习讲义+单元检测（适合印发给学生使用）/1.1 描述运动的基本概念（1学生版）.docx,aae9cc88e0-003,b,运动轨迹与运动图象的区别,REPRESENTATION_GUIDE,type 不合 3 值规则（协议 §1 禁用 REPRESENTATION_GUIDE），待重判
2026年新高考资料(1)/一轮复习/【6】2026届高中物理一轮总复习讲义+单元检测（适合印发给学生使用）/1.7 实验  研究匀变速直线运动（2学生版）.docx,33071c56c1-002,,逐差法原理,DERIVATION,type 不合 3 值规则（协议 §1 禁用 DERIVATION），待重判
2026年新高考资料(1)/一轮复习/【6】2026届高中物理一轮总复习讲义+单元检测（适合印发给学生使用）/14.6 理想气体状态方程（学生版）.docx,92847ba4e4-001,b,理想气体状态方程,DERIVATION,type 不合 3 值规则（协议 §1 禁用 DERIVATION），待重判
2026年新高考资料(1)/一轮复习/【6】2026届高中物理一轮总复习讲义+单元检测（适合印发给学生使用）/14.7 气态图象（第1课时）（学生版）.docx,d3ee565f9f-001,,热力学图像问题,REPRESENTATION_GUIDE,type 不合 3 值规则（协议 §1 禁用 REPRESENTATION_GUIDE），待重判
2026年新高考资料(1)/一轮复习/【6】2026届高中物理一轮总复习讲义+单元检测（适合印发给学生使用）/14.8 气态图象（第2课时）（学生版）.docx,f83eedf9a0-001,,热力学图像问题,REPRESENTATION_GUIDE,type 不合 3 值规则（协议 §1 禁用 REPRESENTATION_GUIDE），待重判
2026年新高考资料(1)/一轮复习/【6】2026届高中物理一轮总复习讲义+单元检测（适合印发给学生使用）/2.2 力的合成与分解（1学生版）.docx,f9c8d091e9-001,b,物理作图的基本规范,REPRESENTATION_GUIDE,type 不合 3 值规则（协议 §1 禁用 REPRESENTATION_GUIDE），待重判
2026年新高考资料(1)/一轮复习/【7】2026年高三物理一轮复习学案/第三章 第3讲 牛顿运动定律的基本应用（学生版）.docx,56d13ed09a-001,b,几种等时圆模型分析,DERIVATION,type 不合 3 值规则（协议 §1 禁用 DERIVATION），待重判
2026年新高考资料(1)/一轮复习/【7】2026年高三物理一轮复习学案/第三章 第3讲 牛顿运动定律的基本应用（学生版）.docx,56d13ed09a-007,,动力学图像法在动力学问题中的应用-数形结合思想,REPRESENTATION_GUIDE,type 不合 3 值规则（协议 §1 禁用 REPRESENTATION_GUIDE），待重判
2026年新高考资料(1)/专项复习/2026年高考物理举一反三系列（新高考通用）/资料/2026版/第15讲 牛顿运动定律的应用二（举一反三讲义）（全国通用）（学生版）.docx,20d9a00094-006,,动力学图像法在动力学问题中的应用-数形结合思想,REPRESENTATION_GUIDE,type 不合 3 值规则（协议 §1 禁用 REPRESENTATION_GUIDE），待重判
2026年新高考资料(1)/专项复习/2026年高考物理举一反三系列（新高考通用）/资料/2026版/第26讲 人造卫星 宇宙速度（举一反三讲义）（全国通用）（学生版）（1）.docx,688332d4d3-001,,不同高度卫星物理量的比较,DERIVATION,type 不合 3 值规则（协议 §1 禁用 DERIVATION），待重判
2026年新高考资料(1)/专项复习/2026年高考物理举一反三系列（新高考通用）/资料/2026版/第29讲 动能定理及其应用（举一反三讲义）（全国通用）（学生版）.docx,12180f1216-004,,动力学图像法在动力学问题中的应用-数形结合思想,REPRESENTATION_GUIDE,type 不合 3 值规则（协议 §1 禁用 REPRESENTATION_GUIDE），待重判
2026年新高考资料(1)/专项复习/2026年高考物理举一反三系列（新高考通用）/资料/2026版/第41讲   机械波（举一反三讲义）（全国通用）（学生版）.docx,a6f0685cca-001,c,波动图象的特点,REPRESENTATION_GUIDE,type 不合 3 值规则（协议 §1 禁用 REPRESENTATION_GUIDE），待重判
2026年新高考资料(1)/专项复习/2026年高考物理举一反三系列（新高考通用）/资料/2026版/第48讲 电路的基本概念和规律（举一反三讲义）（全国通用）（学生版）.docx,e1f4ebb10e-002,b,伏安特性曲线的图像比较,REPRESENTATION_GUIDE,type 不合 3 值规则（协议 §1 禁用 REPRESENTATION_GUIDE），待重判
2026年新高考资料(1)/专项复习/2026年高考物理举一反三系列（新高考通用）/资料/2026版/第49讲 闭合电路的欧姆定律（举一反三讲义）（全国通用）（学生版）.docx,ced0c3e323-001,c,路端电压与外电阻的关系,REPRESENTATION_GUIDE,type 不合 3 值规则（协议 §1 禁用 REPRESENTATION_GUIDE），待重判
2026年新高考资料(1)/专项复习/2026年高考物理举一反三系列（新高考通用）/资料/2026版/第49讲 闭合电路的欧姆定律（举一反三讲义）（全国通用）（学生版）.docx,ced0c3e323-006,,电源与电阻的U-I图像（工作点）,REPRESENTATION_GUIDE,type 不合 3 值规则（协议 §1 禁用 REPRESENTATION_GUIDE），待重判
2026年新高考资料(1)/专项复习/2026年高考物理热点知识讲练与题型归纳（全国通用）/资料/专题17 带电粒子在电场中的运动（学生版）.docx,fbbc443ad1-017,b,交变电场问题的v-t图像分析,REPRESENTATION_GUIDE,type 不合 3 值规则（协议 §1 禁用 REPRESENTATION_GUIDE），待重判
2026年新高考资料(1)/专项复习/2026年高考物理热点知识讲练与题型归纳（全国通用）/资料/专题18 电学基本规律的应用（学生版）.docx,34b3abc1bd-011,,程序法-遵循-局部-整体-局部-的思路,REPRESENTATION_GUIDE,type 不合 3 值规则（协议 §1 禁用 REPRESENTATION_GUIDE），待重判
2026年新高考资料(1)/专项复习/2026年高考物理热点知识讲练与题型归纳（全国通用）/资料/专题20 磁场对运动电荷的作用（学生版）.docx,0fa89d2980-006,,带电粒子在有界匀强磁场中的运动-临界条件,REPRESENTATION_GUIDE,type 不合 3 值规则（协议 §1 禁用 REPRESENTATION_GUIDE），待重判
2026年新高考资料(1)/专项复习/2026年高考物理热点知识讲练与题型归纳（全国通用）/资料/专题21 带电粒子在组合场的运动（学生版）.docx,3782f27b4b-013,,仪器构造-质谱仪由粒子源-加速电场-偏转磁场和照相底片构成,DERIVATION,type 不合 3 值规则（协议 §1 禁用 DERIVATION），待重判
2026年新高考资料(1)/专项复习/2026年高考物理热点知识讲练与题型归纳（全国通用）/资料/专题26 交流电的产生及描述（学生版）.docx,6f964ce1b3-001,,正弦式交变电流的产生和变化规律,REPRESENTATION_GUIDE,type 不合 3 值规则（协议 §1 禁用 REPRESENTATION_GUIDE），待重判
2026年新高考资料(1)/专项复习/2026年高考物理热点知识讲练与题型归纳（全国通用）/资料/专题26 交流电的产生及描述（学生版）.docx,6f964ce1b3-007,,交变电流的瞬时值-峰值-有效值和平均值,REPRESENTATION_GUIDE,type 不合 3 值规则（协议 §1 禁用 REPRESENTATION_GUIDE），待重判
2026年新高考资料(1)/专项复习/【1】2026年高考物理强基第一章讲义/物理强基讲义-第一章3-4节.pdf,a833eaa9d7-002,,抛体运动的规律及其应用,DERIVATION,type 不合 3 值规则（协议 §1 禁用 DERIVATION），待重判
2026年新高考资料(1)/专项复习/【1】2026年高考物理强基第一章讲义/物理强基讲义-第一章5-6节.pdf,1cac87e4fb-004,,关联速度的分析-运动分解的核心思想,DERIVATION,type 不合 3 值规则（协议 §1 禁用 DERIVATION），待重判
2026年新高考资料(1)/二轮复习/2026年高考物理二轮复习课件+讲义+练习（全国通用）/知识·方法·能力清单/清单02 电磁学（知识·方法·能力清单）（全国通用）（原卷版）.docx,5592bd185a-010,,三种起电方式,REPRESENTATION_GUIDE,type 不合 3 值规则（协议 §1 禁用 REPRESENTATION_GUIDE），待重判
2026年新高考资料(1)/二轮复习/2026版物理二轮复习/2026版物理 复习讲义扫描版【通用版】/物理大二轮【专题复习】.pdf,206fb04353-011,c,尺规作图法,REPRESENTATION_GUIDE,type 不合 3 值规则（协议 §1 禁用 REPRESENTATION_GUIDE），待重判
2026年新高考资料(1)/二轮复习/2026版物理二轮复习/2026版物理 复习讲义扫描版【通用版】/物理大二轮【专题复习】.pdf,206fb04353-014,b,x-t图像-v-t图像-a-t图像的对比,REPRESENTATION_GUIDE,type 不合 3 值规则（协议 §1 禁用 REPRESENTATION_GUIDE），待重判
2026年新高考资料(1)/二轮复习/2026版物理二轮复习/2026版物理 复习讲义扫描版【通用版】/物理大二轮【专题复习】.pdf,206fb04353-029,,能量图像的斜率意义,REPRESENTATION_GUIDE,type 不合 3 值规则（协议 §1 禁用 REPRESENTATION_GUIDE），待重判
2026年新高考资料(1)/二轮复习/2026版物理二轮复习/2026版物理 复习讲义扫描版【通用版】/物理大二轮【专题复习】.pdf,206fb04353-044,,φ-x图像-反映了电势随位移变化的规律,REPRESENTATION_GUIDE,type 不合 3 值规则（协议 §1 禁用 REPRESENTATION_GUIDE），待重判
2026年新高考资料(1)/二轮复习/2026版物理二轮复习/2026版物理 复习讲义扫描版【通用版】/物理大二轮【专题复习】.pdf,206fb04353-044,b,e-x图像,REPRESENTATION_GUIDE,type 不合 3 值规则（协议 §1 禁用 REPRESENTATION_GUIDE），待重判
2026年新高考资料(1)/二轮复习/2026版物理二轮复习/2026版物理 复习讲义扫描版【通用版】/物理大二轮【专题复习】.pdf,206fb04353-044,c,ep-x图像,REPRESENTATION_GUIDE,type 不合 3 值规则（协议 §1 禁用 REPRESENTATION_GUIDE），待重判
2026年新高考资料(1)/二轮复习/2026版物理二轮复习/2026版物理 复习讲义扫描版【通用版】/物理大二轮【专题复习】.pdf,206fb04353-044,d,x-t图像-v-t图像-a-t图像的对比,REPRESENTATION_GUIDE,type 不合 3 值规则（协议 §1 禁用 REPRESENTATION_GUIDE），待重判
2026年新高考资料(1)/二轮复习/2026版物理二轮复习/2026版物理 复习讲义扫描版【通用版】/物理大二轮【专题复习】.pdf,206fb04353-060,c,电源与电阻的U-I图像比较,REPRESENTATION_GUIDE,type 不合 3 值规则（协议 §1 禁用 REPRESENTATION_GUIDE），待重判
2026年新高考资料(1)/二轮复习/2026版物理二轮复习/2026版物理 复习讲义扫描版【通用版】/物理大二轮【专题复习】.pdf,206fb04353-064,b,电磁感应中的电荷量计算,DERIVATION,type 不合 3 值规则（协议 §1 禁用 DERIVATION），待重判
2026年新高考资料(1)/二轮复习/2026版物理二轮复习/2026版物理 复习讲义扫描版【通用版】/物理大二轮【专题复习】.pdf,206fb04353-076,c,传播方向和振动方向的判断-图像理解,REPRESENTATION_GUIDE,type 不合 3 值规则（协议 §1 禁用 REPRESENTATION_GUIDE），待重判
2026年新高考资料(1)/二轮复习/2026版物理二轮复习/2026版物理 复习讲义扫描版【通用版】/物理大二轮【专题复习】.pdf,206fb04353-081,,光的干涉-衍射和偏振,REPRESENTATION_GUIDE,type 不合 3 值规则（协议 §1 禁用 REPRESENTATION_GUIDE），待重判
2026年新高考资料(1)/二轮复习/2026版物理二轮复习/2026版物理 复习讲义扫描版【通用版】/物理大二轮【专题复习】.pdf,206fb04353-084,d,光电效应方程,DERIVATION,type 不合 3 值规则（协议 §1 禁用 DERIVATION），待重判
2026年新高考资料(1)/二轮复习/2026版物理二轮复习/2026版物理 复习讲义扫描版【通用版】/物理大二轮【专题复习】.pdf,206fb04353-085,,光电效应的图像问题,REPRESENTATION_GUIDE,type 不合 3 值规则（协议 §1 禁用 REPRESENTATION_GUIDE），待重判
2026年新高考资料(1)/二轮复习/2026版物理二轮复习/2026版物理 复习讲义扫描版【通用版】/物理大二轮【专题复习】.pdf,206fb04353-088,c,分子间的作用力与分子间距离的关系,REPRESENTATION_GUIDE,type 不合 3 值规则（协议 §1 禁用 REPRESENTATION_GUIDE），待重判
2026年新高考资料(1)/二轮复习/2026版物理二轮复习/2026版物理 复习讲义扫描版【通用版】/物理大二轮【专题复习】.pdf,206fb04353-121,c,计算题答题规范,REPRESENTATION_GUIDE,type 不合 3 值规则（协议 §1 禁用 REPRESENTATION_GUIDE），待重判
2026年新高考资料(3)/一轮复习/2026年高三化学一轮复习讲义（新高考通用）/资料/第三章 第10讲 仪器的组合与气体体积的测定（学生版）.docx,58afc7dfbd-001,,常见的装置,REPRESENTATION_GUIDE,type 不合 3 值规则（协议 §1 禁用 REPRESENTATION_GUIDE），待重判
2026年新高考资料(3)/一轮复习/2026年高三化学一轮复习讲义（新高考通用）/资料/第三章 第10讲 仪器的组合与气体体积的测定（学生版）.docx,58afc7dfbd-002,,气体制备,REPRESENTATION_GUIDE,type 不合 3 值规则（协议 §1 禁用 REPRESENTATION_GUIDE），待重判
2026年新高考资料(3)/一轮复习/2026年高三化学一轮复习讲义（新高考通用）/资料/第二章 第7讲 物质的量浓度计算及溶液配制（学生版）.docx,ed0683ced4-005,,定容时仰视或俯视刻度线产生的误差图解,REPRESENTATION_GUIDE,type 不合 3 值规则（协议 §1 禁用 REPRESENTATION_GUIDE），待重判
2026年新高考资料(3)/一轮复习/2026年高三化学一轮复习讲义（新高考通用）/资料/第五章 第19讲 氯及其重要化合物（学生版）.docx,7e23550f0c-004,b,氯及其化合物的价类二维图,REPRESENTATION_GUIDE,type 不合 3 值规则（协议 §1 禁用 REPRESENTATION_GUIDE），待重判
2026年新高考资料(3)/一轮复习/2026年高三化学一轮复习讲义（新高考通用）/资料/第五章 第24讲 氨　铵盐（学生版）.docx,66a5a9c895-001,,常见的装置,REPRESENTATION_GUIDE,type 不合 3 值规则（协议 §1 禁用 REPRESENTATION_GUIDE），待重判
2026年新高考资料(3)/一轮复习/2026年高考化学一轮复习·知识清单（新高考通用）/资料/第10讲　氯及其化合物　卤素（学生版）.docx,9635499c18-004,b,从海水中提取物质的思路,WORKED_EXAMPLE,type 不合 3 值规则（协议 §1 禁用 WORKED_EXAMPLE），待重判
2026年新高考资料(3)/一轮复习/2026年高考化学一轮复习·知识清单（新高考通用）/资料/第11讲　硫及其化合物（学生版）.docx,8b4c78b419-004,,二氧化硫,REPRESENTATION_GUIDE,type 不合 3 值规则（协议 §1 禁用 REPRESENTATION_GUIDE），待重判
2026年新高考资料(3)/一轮复习/2026年高考化学一轮复习·知识清单（新高考通用）/资料/第3讲　离子反应（学生版）.docx,7d885d11bb-003,,配比型离子方程式的书写-少定多变法,WORKED_EXAMPLE,type 不合 3 值规则（协议 §1 禁用 WORKED_EXAMPLE），待重判
2026年新高考资料(3)/一轮复习/2026年高考化学一轮复习·知识清单（新高考通用）/资料/第5讲　化学键与分子的性质（学生版）.docx,6b9ae33803-002,,下列化学用语正确的有___________,REPRESENTATION_GUIDE,type 不合 3 值规则（协议 §1 禁用 REPRESENTATION_GUIDE），待重判
2026年新高考资料(3)/一轮复习/2026年高考化学一轮复习·知识清单（新高考通用）/资料/第5讲　化学键与分子的性质（学生版）.docx,6b9ae33803-003,,电离方程式的-易错点,REPRESENTATION_GUIDE,type 不合 3 值规则（协议 §1 禁用 REPRESENTATION_GUIDE），待重判
2026年新高考资料(3)/一轮复习/2026年高考化学一轮复习举一反三（新高考通用）/资料/2026版/第01讲 化学反应速率及其影响因素（举一反三讲义）（学生版）.docx,688f01431f-013,b,催化剂与反应历程,REPRESENTATION_GUIDE,type 不合 3 值规则（协议 §1 禁用 REPRESENTATION_GUIDE），待重判
2026年新高考资料(3)/一轮复习/2026年高考化学一轮复习举一反三（新高考通用）/资料/2026版/第01讲 氯及其重要化合物（举一反三讲义）（学生版）.docx,35834ffed3-009,b,氯及其化合物的转化关系,REPRESENTATION_GUIDE,type 不合 3 值规则（协议 §1 禁用 REPRESENTATION_GUIDE），待重判
2026年新高考资料(3)/一轮复习/2026年高考化学一轮复习举一反三（新高考通用）/资料/2026版/第02讲 化学平衡状态、化学平衡的移动（举一反三讲义）（学生版）.docx,5f646498b6-014,,v-t图像分析改变条件对化学平衡的影响,REPRESENTATION_GUIDE,type 不合 3 值规则（协议 §1 禁用 REPRESENTATION_GUIDE），待重判
2026年新高考资料(3)/一轮复习/2026年高考化学一轮复习举一反三（新高考通用）/资料/2026版/第02讲 水的电离和溶液的酸碱性（举一反三讲义，11大题型）（学生版）.docx,20e51f35b2-006,,ph试纸的规范使用,REPRESENTATION_GUIDE,type 不合 3 值规则（协议 §1 禁用 REPRESENTATION_GUIDE），待重判
2026年新高考资料(3)/一轮复习/2026年高考化学一轮复习举一反三（新高考通用）/资料/2026版/第04讲 晶体结构与性质（举一反三讲义）（学生版）.docx,4112b48508-008,,原子分数坐标与晶胞投影图,REPRESENTATION_GUIDE,type 不合 3 值规则（协议 §1 禁用 REPRESENTATION_GUIDE），待重判
2026年新高考资料(3)/一轮复习/2026年高考化学一轮复习举一反三（新高考通用）/资料/2026版/第04讲 沉淀溶解平衡（举一反三讲义，7大题型）（学生版）.docx,7a61923d9f-008,,解沉淀溶解平衡图像题的三步骤,REPRESENTATION_GUIDE,type 不合 3 值规则（协议 §1 禁用 REPRESENTATION_GUIDE），待重判
2026年新高考资料(3)/一轮复习/2026年高考化学一轮复习知识清单（全国通用）/2026版/专题02 水的电离和溶液的酸碱性（知识清单）（全国通用）（学生版）.docx,254546a036-011,,溶质为碱的溶液-h-全部来自水的电离,DERIVATION,type 不合 3 值规则（协议 §1 禁用 DERIVATION），待重判
2026年新高考资料(3)/一轮复习/2026年高考化学一轮复习知识清单（全国通用）/2026版/专题02 水的电离和溶液的酸碱性（知识清单）（全国通用）（教师版）.docx,6c2b1eeb5f-010,,滴定曲线,REPRESENTATION_GUIDE,type 不合 3 值规则（协议 §1 禁用 REPRESENTATION_GUIDE），待重判
2026年新高考资料(3)/一轮复习/2026年高考化学一轮复习知识清单（全国通用）/2026版/专题02 硫及其化合物（知识清单）（全国通用）（学生版）.docx,cb0f101582-020,b,so2和co2的鉴别方法,REPRESENTATION_GUIDE,type 不合 3 值规则（协议 §1 禁用 REPRESENTATION_GUIDE），待重判
2026年新高考资料(3)/一轮复习/2026年高考化学一轮复习知识清单（全国通用）/2026版/专题03 铝及其重要化合物（知识清单）（全国通用）（学生版）.docx,5cfa9e1433-010,,等质量的铝与足量的盐酸-氢氧化钠溶液分别反应,DERIVATION,type 不合 3 值规则（协议 §1 禁用 DERIVATION），待重判
2026年新高考资料(3)/一轮复习/2026年高考化学一轮复习考点精讲精练（新高考通用）/2026版/专题01  钠及其重要化合物（高效培优讲义）（学生版）.docx,a8915bbd80-010,,过氧化钠的性质与探究,DERIVATION,type 不合 3 值规则（协议 §1 禁用 DERIVATION），待重判
2026年新高考资料(3)/一轮复习/2026年高考化学一轮复习考点精讲精练（新高考通用）/2026版/专题01 化学反应速率及其影响因素（高效培优讲义）（学生版）.docx,07f8494b58-005,b,物质的量-或浓度-时间图像,REPRESENTATION_GUIDE,type 不合 3 值规则（协议 §1 禁用 REPRESENTATION_GUIDE），待重判
2026年新高考资料(3)/一轮复习/2026年高考化学一轮复习考点精讲精练（新高考通用）/2026版/专题01 物质的分类及转化（高效培优讲义）（学生版）.docx,54f0f2bb90-005,,常见的混合物,REPRESENTATION_GUIDE,type 不合 3 值规则（协议 §1 禁用 REPRESENTATION_GUIDE），待重判
2026年新高考资料(3)/一轮复习/2026年高考化学一轮复习考点精讲精练（新高考通用）/2026版/专题02  原子结构与性质（高效培优讲义）（学生版）.docx,98e80691f8-012,,基态原子核外电子排布的表示方法,REPRESENTATION_GUIDE,type 不合 3 值规则（协议 §1 禁用 REPRESENTATION_GUIDE），待重判
2026年新高考资料(3)/一轮复习/2026年高考化学一轮复习考点精讲精练（新高考通用）/2026版/专题02  铁及其重要化合物（高效培优讲义）（学生版）.docx,10003de2c3-018,b,铁及其化合物的转化关系,REPRESENTATION_GUIDE,type 不合 3 值规则（协议 §1 禁用 REPRESENTATION_GUIDE），待重判
2026年新高考资料(3)/一轮复习/2026年高考化学一轮复习考点精讲精练（新高考通用）/2026版/专题02 化学平衡状态、化学平衡的移动（高效培优讲义）（学生版）.docx,d854210a0d-011,,等效平衡,WORKED_EXAMPLE,type 不合 3 值规则（协议 §1 禁用 WORKED_EXAMPLE），待重判
2026年新高考资料(3)/一轮复习/2026年高考化学一轮复习考点精讲精练（新高考通用）/2026版/专题02 离子反应  离子方程式（高效培优讲义）（学生版）.docx,9d9489b3be-008,,电解质溶液的导电性,REPRESENTATION_GUIDE,type 不合 3 值规则（协议 §1 禁用 REPRESENTATION_GUIDE），待重判
2026年新高考资料(3)/一轮复习/2026年高考化学一轮复习考点精讲精练（新高考通用）/2026版/专题03 化学平衡常数及其相关计算（高效培优讲义）（学生版）.docx,8fae19a1fa-004,b,速率常数和速率方程,DERIVATION,type 不合 3 值规则（协议 §1 禁用 DERIVATION），待重判
2026年新高考资料(3)/一轮复习/2026年高考化学一轮复习考点精讲精练（新高考通用）/2026版/专题04  晶体结构与性质（高效培优讲义）（学生版）.docx,0cb7cd248f-012,,过渡晶体与混合型晶体,REPRESENTATION_GUIDE,type 不合 3 值规则（协议 §1 禁用 REPRESENTATION_GUIDE），待重判
2026年新高考资料(3)/一轮复习/2026年高考化学一轮复习考点精讲精练（新高考通用）/2026版/专题04  电化学原理的综合应用（高效培优讲义）（学生版）.docx,51e65d8cb6-009,,离子交换膜,REPRESENTATION_GUIDE,type 不合 3 值规则（协议 §1 禁用 REPRESENTATION_GUIDE），待重判
2026年新高考资料(3)/一轮复习/2026年高考化学一轮复习考点精讲精练（新高考通用）/2026版/专题04  金属材料及金属矿物的开发利用（高效培优讲义）（学生版）.docx,3b8d34b524-006,,铜及其化合物的性质,REPRESENTATION_GUIDE,type 不合 3 值规则（协议 §1 禁用 REPRESENTATION_GUIDE），待重判
2026年新高考资料(3)/一轮复习/2026年高考化学一轮复习考点精讲精练（新高考通用）/2026版/专题04 氧化还原反应的基本概念和规律（高效培优讲义）（学生版）.docx,5d65ccc112-007,,氧化还原反应中电子转移的表示方法,REPRESENTATION_GUIDE,type 不合 3 值规则（协议 §1 禁用 REPRESENTATION_GUIDE），待重判
2026年新高考资料(3)/一轮复习/2026年高考化学一轮复习讲义+练习+课件（新教材新高考）/2026版/第一章 物质及其变化/第02讲 离子反应、离子方程式（复习讲义）（全国通用）（学生版）.docx,8c7b6cf5e0-018,,与量有关的离子方程式书写技巧,WORKED_EXAMPLE,type 不合 3 值规则（协议 §1 禁用 WORKED_EXAMPLE），待重判
2026年新高考资料(3)/一轮复习/2026年高考化学一轮复习讲义+练习+课件（新教材新高考）/2026版/第一章 物质及其变化/第04讲 氧化还原反应的基本概念和规律（复习讲义）（全国通用）（学生版）.docx,020cba294a-003,,氧化还原反应中电子转移的表示方法,REPRESENTATION_GUIDE,type 不合 3 值规则（协议 §1 禁用 REPRESENTATION_GUIDE），待重判
2026年新高考资料(3)/一轮复习/2026年高考化学一轮复习讲义+练习+课件（新教材新高考）/2026版/第一章 物质及其变化/第05讲 氧化还原反应方程式的配平与计算（复习讲义）（全国通用）（学生版）.docx,6bd4aa9e6c-002,b,化合价,REPRESENTATION_GUIDE,type 不合 3 值规则（协议 §1 禁用 REPRESENTATION_GUIDE），待重判
2026年新高考资料(3)/一轮复习/2026年高考化学一轮复习讲义+练习+课件（新教材新高考）/2026版/第七章 化学反应速率与化学平衡/第01讲 化学反应速率及其影响因素（复习讲义）（全国通用）（学生版）.docx,b3c0f75ea5-004,,化学反应速率及其计算,WORKED_EXAMPLE,type 不合 3 值规则（协议 §1 禁用 WORKED_EXAMPLE），待重判
2026年新高考资料(3)/一轮复习/2026年高考化学一轮复习讲义+练习+课件（新教材新高考）/2026版/第七章 化学反应速率与化学平衡/第03讲 化学平衡常数及其相关计算（复习讲义）（全国通用）（学生版）.docx,84d5c92111-004,b,平衡常数与速率常数的有关计算,DERIVATION,type 不合 3 值规则（协议 §1 禁用 DERIVATION），待重判
2026年新高考资料(3)/一轮复习/2026年高考化学一轮复习讲义+练习+课件（新教材新高考）/2026版/第三章 金属及其化合物/第03讲 铝及其重要化合物（复习讲义）（学生版）.docx,089c778d20-007,,配位键和配合物,REPRESENTATION_GUIDE,type 不合 3 值规则（协议 §1 禁用 REPRESENTATION_GUIDE），待重判
2026年新高考资料(3)/一轮复习/2026年高考化学一轮复习讲义+练习+课件（新教材新高考）/2026版/第三章 金属及其化合物/第03讲 铝及其重要化合物（复习讲义）（学生版）.docx,089c778d20-011,,含铝物质的制备和转化,REPRESENTATION_GUIDE,type 不合 3 值规则（协议 §1 禁用 REPRESENTATION_GUIDE），待重判
2026年新高考资料(3)/一轮复习/2026年高考化学一轮复习讲义+练习+课件（新教材新高考）/2026版/第九章 有机化学基础/专题02 烃（知识清单）（全国通用）（学生版）.docx,0377cca198-008,,苯的化学性质,REPRESENTATION_GUIDE,type 不合 3 值规则（协议 §1 禁用 REPRESENTATION_GUIDE），待重判
2026年新高考资料(3)/一轮复习/2026年高考化学一轮复习讲义+练习+课件（新教材新高考）/2026版/第九章 有机化学基础/专题02 烃（知识清单）（全国通用）（学生版）.docx,0377cca198-008,b,苯的取代反应实验,WORKED_EXAMPLE,type 不合 3 值规则（协议 §1 禁用 WORKED_EXAMPLE），待重判
2026年新高考资料(3)/一轮复习/2026年高考化学一轮复习讲义+练习+课件（新教材新高考）/2026版/第九章 有机化学基础/第01讲 有机化合物的结构特点与研究方法（复习讲义）（全国通用）（学生版）.docx,1e9a37df8e-011,c,有机物的结构特点,REPRESENTATION_GUIDE,type 不合 3 值规则（协议 §1 禁用 REPRESENTATION_GUIDE），待重判
2026年新高考资料(3)/一轮复习/2026年高考化学一轮复习讲义+练习+课件（新教材新高考）/2026版/第九章 有机化学基础/第01讲 有机化合物的结构特点与研究方法（复习讲义）（全国通用）（学生版）.docx,1e9a37df8e-022,b,隐含的限制条件-有机物分子的不饱和度-ω,DERIVATION,type 不合 3 值规则（协议 §1 禁用 DERIVATION），待重判
2026年新高考资料(3)/一轮复习/2026年高考化学一轮复习讲义+练习+课件（新教材新高考）/2026版/第二章 物质的量/第02讲 物质的量浓度（复习讲义）（全国通用）（学生版）.docx,cd028acc60-004,b,溶解度曲线及其应用,REPRESENTATION_GUIDE,type 不合 3 值规则（协议 §1 禁用 REPRESENTATION_GUIDE），待重判
2026年新高考资料(3)/一轮复习/2026年高考化学一轮复习讲义+练习+课件（新教材新高考）/2026版/第二章 物质的量/第02讲 物质的量浓度（复习讲义）（全国通用）（学生版）.docx,cd028acc60-020,,定容时仰视或俯视刻度线产生的误差图解,REPRESENTATION_GUIDE,type 不合 3 值规则（协议 §1 禁用 REPRESENTATION_GUIDE），待重判
2026年新高考资料(3)/一轮复习/2026年高考化学一轮复习讲义+练习+课件（新教材新高考）/2026版/第五章 物质结构与性质 元素周期律/第03讲 分子结构与性质、化学键（复习讲义）（全国通用）（学生版）.docx,c293e5af8b-003,,化学键的符号表征-电子式,REPRESENTATION_GUIDE,type 不合 3 值规则（协议 §1 禁用 REPRESENTATION_GUIDE），待重判
2026年新高考资料(3)/一轮复习/2026年高考化学一轮复习讲义+练习+课件（新教材新高考）/2026版/第八章 水溶液中的离子反应与平衡/第03讲 盐类的水解（复习讲义）（全国通用）（学生版） .docx,4a4ad3d6e8-005,,盐类水解离子方程式的书写,REPRESENTATION_GUIDE,type 不合 3 值规则（协议 §1 禁用 REPRESENTATION_GUIDE），待重判
2026年新高考资料(3)/一轮复习/2026年高考化学一轮复习讲义+练习+课件（新教材新高考）/2026版/第八章 水溶液中的离子反应与平衡/第03讲 盐类的水解（复习讲义）（全国通用）（学生版） .docx,4a4ad3d6e8-006,,盐类水解离子方程式的书写,REPRESENTATION_GUIDE,type 不合 3 值规则（协议 §1 禁用 REPRESENTATION_GUIDE），待重判
2026年新高考资料(3)/一轮复习/2026年高考化学一轮复习讲义+练习+课件（新教材新高考）/2026版/第八章 水溶液中的离子反应与平衡/第03讲 盐类的水解（复习讲义）（全国通用）（学生版） .docx,4a4ad3d6e8-013,b,水解平衡常数-能水解的盐表示为ma,DERIVATION,type 不合 3 值规则（协议 §1 禁用 DERIVATION），待重判
2026年新高考资料(3)/一轮复习/2026年高考化学一轮复习讲义+练习+课件（新教材新高考）/2026版/第八章 水溶液中的离子反应与平衡/第04讲 沉淀溶解平衡（复习讲义）（全国通用）（学生版） .docx,74ae5b408a-014,b,沉淀溶解平衡体系中相关计算方法,WORKED_EXAMPLE,type 不合 3 值规则（协议 §1 禁用 WORKED_EXAMPLE），待重判
2026年新高考资料(3)/一轮复习/2026年高考化学一轮复习讲义+练习+课件（新教材新高考）/2026版/第八章 水溶液中的离子反应与平衡/第04讲 沉淀溶解平衡（复习讲义）（全国通用）（学生版） .docx,74ae5b408a-019,,滴定曲线,REPRESENTATION_GUIDE,type 不合 3 值规则（协议 §1 禁用 REPRESENTATION_GUIDE），待重判
2026年新高考资料(3)/一轮复习/2026年高考化学一轮复习讲义+练习+课件（新教材新高考）/2026版/第八章 水溶液中的离子反应与平衡/第04讲 沉淀溶解平衡（复习讲义）（全国通用）（学生版） .docx,74ae5b408a-020,,解沉淀溶解平衡图像题的三步骤,REPRESENTATION_GUIDE,type 不合 3 值规则（协议 §1 禁用 REPRESENTATION_GUIDE），待重判
2026年新高考资料(3)/一轮复习/2026年高考化学一轮复习讲义+练习+课件（新教材新高考）/2026版/第六章 化学反应与能量/第01讲 化学反应的热效应（复习讲义）（全国通用）（学生版）.docx,e5f86d011f-002,b,能源与科学-技术-社会密不可分-下列装置或过程能实现电能转化为化学能的是,REPRESENTATION_GUIDE,type 不合 3 值规则（协议 §1 禁用 REPRESENTATION_GUIDE），待重判
2026年新高考资料(3)/一轮复习/2026年高考化学一轮复习讲义+练习+课件（新教材新高考）/2026版/第六章 化学反应与能量/第01讲 化学反应的热效应（复习讲义）（全国通用）（学生版）.docx,e5f86d011f-004,b,活化能,REPRESENTATION_GUIDE,type 不合 3 值规则（协议 §1 禁用 REPRESENTATION_GUIDE），待重判
2026年新高考资料(3)/一轮复习/2026年高考化学一轮复习讲义+练习+课件（新教材新高考）/2026版/第十章 化学实验基础与探究/专题07 化学反应与能量（一）（学生版）.docx,13d9ae606b-001,b,反应热-焓变,DERIVATION,type 不合 3 值规则（协议 §1 禁用 DERIVATION），待重判
2026年新高考资料(3)/一轮复习/2026年高考化学一轮复习讲义+练习+课件（新教材新高考）/2026版/第十章 化学实验基础与探究/题型06 实验操作、现象和结论的正误判断（学生版） .docx,28c092c1c4-016,,物质性质验证类实验,REPRESENTATION_GUIDE,type 不合 3 值规则（协议 §1 禁用 REPRESENTATION_GUIDE），待重判
2026年新高考资料(3)/一轮复习/2026年高考化学一轮复习讲义+练习+课件（新教材新高考）/2026版/第十章 化学实验基础与探究/题型08 有机物的制备（学生版）.docx,034cbfd131-004,c,乙酰水杨酸的实验室制备,WORKED_EXAMPLE,type 不合 3 值规则（协议 §1 禁用 WORKED_EXAMPLE），待重判
2026年新高考资料(3)/一轮复习/2026年高考化学一轮复习讲义+练习+课件（新教材新高考）/2026版/第四章 非金属及其化合物/第02讲 硫及其重要化合物（复习讲义）（全国通用）（学生版）.docx,a13e903c71-005,d,三类漂白剂的区别,REPRESENTATION_GUIDE,type 不合 3 值规则（协议 §1 禁用 REPRESENTATION_GUIDE），待重判
2026年新高考资料(3)/一轮复习/2026年高考化学一轮复习讲义+练习+课件（新教材新高考）/2026版/第四章 非金属及其化合物/第02讲 硫及其重要化合物（复习讲义）（全国通用）（学生版）.docx,a13e903c71-019,,硫及其化合物之间的转化规律,REPRESENTATION_GUIDE,type 不合 3 值规则（协议 §1 禁用 REPRESENTATION_GUIDE），待重判
2026年新高考资料(3)/一轮复习/2026年高考化学一轮复习讲义+练习+课件（新教材新高考）/2026版/第四章 非金属及其化合物/第03讲 氮及其重要化合物（复习讲义）（全国通用）（学生版） .docx,f4686ae2ac-016,,常见喷泉的类型,REPRESENTATION_GUIDE,type 不合 3 值规则（协议 §1 禁用 REPRESENTATION_GUIDE），待重判
2026年新高考资料(3)/一轮复习/2026年高考化学一轮课件+讲义+练习（四川专用）/第01讲  化学反应速率及其影响因素（复习讲义）（四川专用）（学生版）.docx,dd58d352ef-020,,v-t图像分析改变条件对化学平衡的影响,REPRESENTATION_GUIDE,type 不合 3 值规则（协议 §1 禁用 REPRESENTATION_GUIDE），待重判
2026年新高考资料(3)/一轮复习/2026年高考化学一轮课件+讲义+练习（四川专用）/第01讲  电离平衡（复习讲义）（四川专用）（学生版）.docx,4a6b0a9516-012,b,有关电离常数计算的两种类型-以弱酸hx为例,WORKED_EXAMPLE,type 不合 3 值规则（协议 §1 禁用 WORKED_EXAMPLE），待重判
2026年新高考资料(3)/一轮复习/2026年高考化学一轮课件+讲义+练习（四川专用）/第01讲  电离平衡（复习讲义）（四川专用）（学生版）.docx,4a6b0a9516-013,,有关电离常数计算的两种类型-以弱酸hx为例,DERIVATION,type 不合 3 值规则（协议 §1 禁用 DERIVATION），待重判
2026年新高考资料(3)/一轮复习/2026年高考化学一轮课件+讲义+练习（四川专用）/第01讲  钠及其重要化合物（复习讲义）（四川专用）（学生版）.docx,b0e9208ef2-013,,na2co3-nahco3与酸反应的图像分析,REPRESENTATION_GUIDE,type 不合 3 值规则（协议 §1 禁用 REPRESENTATION_GUIDE），待重判
2026年新高考资料(3)/一轮复习/2026年高考化学一轮课件+讲义+练习（四川专用）/第02讲  水的电离和溶液的酸碱性（复习讲义）（四川专用）（学生版）.docx,146a413810-012,b,ph试纸的规范使用,REPRESENTATION_GUIDE,type 不合 3 值规则（协议 §1 禁用 REPRESENTATION_GUIDE），待重判
2026年新高考资料(3)/一轮复习/2026年高考化学一轮课件+讲义+练习（四川专用）/第02讲 原电池、化学电源（学生版）.docx,3b6c218622-010,b,甲烷作燃料电池的负极反应物时-其电极反应式在不同的介质中有不同的写法,REPRESENTATION_GUIDE,type 不合 3 值规则（协议 §1 禁用 REPRESENTATION_GUIDE），待重判
2026年新高考资料(3)/一轮复习/2026年高考化学一轮课件+讲义+练习（四川专用）/第02讲 原电池、化学电源（学生版）.docx,3b6c218622-016,,新型化学电源,WORKED_EXAMPLE,type 不合 3 值规则（协议 §1 禁用 WORKED_EXAMPLE），待重判
2026年新高考资料(3)/一轮复习/2026年高考化学一轮课件+讲义+练习（四川专用）/第03讲 分子结构与性质、化学键（复习讲义）（四川专用）（学生版）.docx,160cc122c8-005,,电子式的书写与判断,REPRESENTATION_GUIDE,type 不合 3 值规则（协议 §1 禁用 REPRESENTATION_GUIDE），待重判
2026年新高考资料(3)/一轮复习/2026年高考化学一轮课件+讲义+练习（四川专用）/第03讲 常见物质的制备（复习讲义）（四川专用）（学生版）.docx,01eb9ee365-014,,常见仪器,REPRESENTATION_GUIDE,type 不合 3 值规则（协议 §1 禁用 REPRESENTATION_GUIDE），待重判
2026年新高考资料(3)/一轮复习/2026年高考化学一轮课件+讲义+练习（四川专用）/第03讲 盐类的水解（复习讲义）（四川专用）（学生版）.docx,5796f534aa-018,,盐溶液蒸干灼烧时所得产物的判断,WORKED_EXAMPLE,type 不合 3 值规则（协议 §1 禁用 WORKED_EXAMPLE），待重判
2026年新高考资料(3)/一轮复习/2026年高考化学一轮课件+讲义+练习（四川专用）/第04讲  氧化还原反应的基本概念和规律（复习讲义）（四川专用）（学生版）.docx,25f43f1fc3-003,,氧化还原反应中电子转移的表示方法,REPRESENTATION_GUIDE,type 不合 3 值规则（协议 §1 禁用 REPRESENTATION_GUIDE），待重判
2026年新高考资料(3)/一轮复习/2026年高考化学一轮课件+讲义+练习（四川专用）/第04讲 碳、硅及无机非金属材料（复习讲义）（四川专用）（学生版）.docx,055b5f1efb-017,b,硅酸盐改写成氧化物形式的方法,REPRESENTATION_GUIDE,type 不合 3 值规则（协议 §1 禁用 REPRESENTATION_GUIDE），待重判
2026年新高考资料(3)/一轮复习/2026年高考化学一轮课件+讲义+练习（安徽专用）/第01讲 有机化合物的结构特点与研究方法（复习讲义）（安徽专用）（学生版）.docx,e8e221ed0f-010,,有机物的结构特点,REPRESENTATION_GUIDE,type 不合 3 值规则（协议 §1 禁用 REPRESENTATION_GUIDE），待重判
2026年新高考资料(3)/一轮复习/2026年高考化学一轮课件+讲义+练习（安徽专用）/第01讲 有机化合物的结构特点与研究方法（复习讲义）（安徽专用）（学生版）.docx,e8e221ed0f-010,b,有机物的结构可用键线式表示-如,REPRESENTATION_GUIDE,type 不合 3 值规则（协议 §1 禁用 REPRESENTATION_GUIDE），待重判
2026年新高考资料(3)/一轮复习/2026年高考化学一轮课件+讲义+练习（安徽专用）/第02讲 离子反应、离子方程式（复习讲义）（安徽专用）（学生版）.docx,cdf4760f34-005,,电离方程式的-易错点,REPRESENTATION_GUIDE,type 不合 3 值规则（协议 §1 禁用 REPRESENTATION_GUIDE），待重判
2026年新高考资料(3)/一轮复习/2026年高考化学一轮课件+讲义+练习（安徽专用）/第03讲 氮及其重要化合物（复习讲义）（安徽专用）（学生版）.docx,18c573f9ba-009,,硝酸,REPRESENTATION_GUIDE,type 不合 3 值规则（协议 §1 禁用 REPRESENTATION_GUIDE），待重判
2026年新高考资料(3)/一轮复习/2026年高考化学一轮课件+讲义+练习（安徽专用）/第04讲 晶体结构与性质（复习讲义）（安徽专用）（学生版）.docx,0f5d5e7383-008,,晶胞,REPRESENTATION_GUIDE,type 不合 3 值规则（协议 §1 禁用 REPRESENTATION_GUIDE），待重判
2026年新高考资料(3)/一轮复习/2026年高考化学一轮课件+讲义+练习（安徽专用）/第04讲 晶体结构与性质（复习讲义）（安徽专用）（学生版）.docx,0f5d5e7383-009,,晶胞,DERIVATION,type 不合 3 值规则（协议 §1 禁用 DERIVATION），待重判
2026年新高考资料(3)/一轮复习/2026年高考化学一轮课件+讲义+练习（安徽专用）/第05讲 化学反应速率与化学平衡图像（复习讲义）（安徽专用）（学生版）.docx,5892d1ea1a-002,,速率-时间图像,REPRESENTATION_GUIDE,type 不合 3 值规则（协议 §1 禁用 REPRESENTATION_GUIDE），待重判
2026年新高考资料(3)/一轮复习/2026年高考化学一轮课件+讲义+练习（安徽专用）/第05讲 化学反应速率与化学平衡图像（复习讲义）（安徽专用）（学生版）.docx,5892d1ea1a-002,b,速率—压强(或温度)图像,REPRESENTATION_GUIDE,type 不合 3 值规则（协议 §1 禁用 REPRESENTATION_GUIDE），待重判
2026年新高考资料(3)/一轮复习/2026年高考化学一轮课件+讲义+练习（安徽专用）/第05讲 化学反应速率与化学平衡图像（复习讲义）（安徽专用）（学生版）.docx,5892d1ea1a-002,c,速率-时间图像,REPRESENTATION_GUIDE,type 不合 3 值规则（协议 §1 禁用 REPRESENTATION_GUIDE），待重判
2026年新高考资料(3)/一轮复习/2026年高考化学一轮课件+讲义+练习（安徽专用）/第05讲 化学反应速率与化学平衡图像（复习讲义）（安徽专用）（学生版）.docx,5892d1ea1a-003,,物质的量-或浓度-时间图像,REPRESENTATION_GUIDE,type 不合 3 值规则（协议 §1 禁用 REPRESENTATION_GUIDE），待重判
2026年新高考资料(3)/一轮复习/2026年高考化学一轮课件+讲义+练习（安徽专用）/第05讲 化学反应速率与化学平衡图像（复习讲义）（安徽专用）（学生版）.docx,5892d1ea1a-003,b,物质的量-或浓度-时间图像,REPRESENTATION_GUIDE,type 不合 3 值规则（协议 §1 禁用 REPRESENTATION_GUIDE），待重判
2026年新高考资料(3)/一轮复习/2026年高考化学一轮课件+讲义+练习（安徽专用）/第05讲 化学反应速率与化学平衡图像（复习讲义）（安徽专用）（学生版）.docx,5892d1ea1a-004,,v-t图像分析改变条件对化学平衡的影响,REPRESENTATION_GUIDE,type 不合 3 值规则（协议 §1 禁用 REPRESENTATION_GUIDE），待重判
2026年新高考资料(3)/一轮复习/2026年高考化学一轮课件+讲义+练习（安徽专用）/第05讲 化学反应速率与化学平衡图像（复习讲义）（安徽专用）（学生版）.docx,5892d1ea1a-005,,含量-或转化率-时间-温度-压强-图像,REPRESENTATION_GUIDE,type 不合 3 值规则（协议 §1 禁用 REPRESENTATION_GUIDE），待重判
2026年新高考资料(3)/一轮复习/2026年高考化学一轮课件+讲义+练习（安徽专用）/第05讲 化学反应速率与化学平衡图像（复习讲义）（安徽专用）（学生版）.docx,5892d1ea1a-007,,组分含量（或浓度）与温度的关系图像,REPRESENTATION_GUIDE,type 不合 3 值规则（协议 §1 禁用 REPRESENTATION_GUIDE），待重判
2026年新高考资料(3)/一轮复习/2026年高考化学一轮课件+讲义+练习（湖南专用）/第01讲 化学反应的热效应（复习讲义）（湖南专用）（学生版）.docx,fa5c662311-018,,键能,DERIVATION,type 不合 3 值规则（协议 §1 禁用 DERIVATION），待重判
2026年新高考资料(3)/一轮复习/2026年高考化学一轮课件+讲义+练习（湖南专用）/第01讲 化学实验的常用仪器和基本操作（复习讲义）（湖南专用）（学生版）.docx,5cf409ae9e-003,,常见仪器,REPRESENTATION_GUIDE,type 不合 3 值规则（协议 §1 禁用 REPRESENTATION_GUIDE），待重判
2026年新高考资料(3)/一轮复习/2026年高考化学一轮课件+讲义+练习（湖南专用）/第01讲 化学实验的常用仪器和基本操作（复习讲义）（湖南专用）（学生版）.docx,5cf409ae9e-008,b,ph试纸的规范使用,REPRESENTATION_GUIDE,type 不合 3 值规则（协议 §1 禁用 REPRESENTATION_GUIDE），待重判
2026年新高考资料(3)/一轮复习/2026年高考化学一轮课件+讲义+练习（湖南专用）/第01讲 有机化合物的结构特点与研究方法（复习讲义）（湖南专用）（学生版）.docx,e5ccf9cc1e-011,c,下列化学用语正确的有___________,REPRESENTATION_GUIDE,type 不合 3 值规则（协议 §1 禁用 REPRESENTATION_GUIDE），待重判
2026年新高考资料(3)/一轮复习/2026年高考化学一轮课件+讲义+练习（湖南专用）/第02讲 原子结构与性质（复习讲义）（湖南专用）（学生版）.docx,72b20828f8-011,,核外电子运动状态的表示和判断,REPRESENTATION_GUIDE,type 不合 3 值规则（协议 §1 禁用 REPRESENTATION_GUIDE），待重判
2026年新高考资料(3)/一轮复习/2026年高考化学一轮课件+讲义+练习（湖南专用）/第02讲 水的电离和溶液的酸碱性（复习讲义）（湖南专用）（学生版）.docx,c3ab790e04-006,,水的离子积常数,REPRESENTATION_GUIDE,type 不合 3 值规则（协议 §1 禁用 REPRESENTATION_GUIDE），待重判
2026年新高考资料(3)/一轮复习/2026年高考化学一轮课件+讲义+练习（湖南专用）/第02讲 水的电离和溶液的酸碱性（复习讲义）（湖南专用）（学生版）.docx,c3ab790e04-006,b,水的电离平衡曲线,REPRESENTATION_GUIDE,type 不合 3 值规则（协议 §1 禁用 REPRESENTATION_GUIDE），待重判
2026年新高考资料(3)/一轮复习/2026年高考化学一轮课件+讲义+练习（湖南专用）/第02讲 水的电离和溶液的酸碱性（复习讲义）（湖南专用）（学生版）.docx,c3ab790e04-011,b,强酸与弱酸-强碱与弱碱稀释时的ph变化图像,REPRESENTATION_GUIDE,type 不合 3 值规则（协议 §1 禁用 REPRESENTATION_GUIDE），待重判
2026年新高考资料(3)/一轮复习/2026年高考化学一轮课件+讲义+练习（湖南专用）/第02讲 水的电离和溶液的酸碱性（复习讲义）（湖南专用）（学生版）.docx,c3ab790e04-019,,滴定曲线,REPRESENTATION_GUIDE,type 不合 3 值规则（协议 §1 禁用 REPRESENTATION_GUIDE），待重判
2026年新高考资料(3)/一轮复习/2026年高考化学一轮课件+讲义+练习（湖南专用）/第02讲 水的电离和溶液的酸碱性（复习讲义）（湖南专用）（学生版）.docx,c3ab790e04-024,,滴定曲线,REPRESENTATION_GUIDE,type 不合 3 值规则（协议 §1 禁用 REPRESENTATION_GUIDE），待重判
2026年新高考资料(3)/一轮复习/2026年高考化学一轮课件+讲义+练习（湖南专用）/第02讲 烃（复习讲义）（湖南专用）（学生版）.docx,cd2e065d4b-003,b,乙烯的实验室制法,COMPLETE_SOLUTION,type 不合 3 值规则（协议 §1 禁用 COMPLETE_SOLUTION），待重判
2026年新高考资料(3)/一轮复习/2026年高考化学一轮课件+讲义+练习（湖南专用）/第02讲 烃（复习讲义）（湖南专用）（学生版）.docx,cd2e065d4b-016,,溴苯和硝基苯的制取实验,COMPLETE_SOLUTION,type 不合 3 值规则（协议 §1 禁用 COMPLETE_SOLUTION），待重判
2026年新高考资料(3)/一轮复习/2026年高考化学一轮课件+讲义+练习（湖南专用）/第02讲 烃（复习讲义）（湖南专用）（学生版）.docx,cd2e065d4b-017,,溴苯和硝基苯的制取实验,COMPLETE_SOLUTION,type 不合 3 值规则（协议 §1 禁用 COMPLETE_SOLUTION），待重判
2026年新高考资料(3)/一轮复习/2026年高考化学一轮课件+讲义+练习（湖南专用）/第02讲 物质的量浓度（复习讲义）（湖南专用）（学生版）.docx,91f4672bad-013,,配制一定物质的量浓度溶液的仪器与容量瓶使用,REPRESENTATION_GUIDE,type 不合 3 值规则（协议 §1 禁用 REPRESENTATION_GUIDE），待重判
2026年新高考资料(3)/一轮复习/2026年高考化学一轮课件+讲义+练习（湖南专用）/第03讲 分子结构与性质、化学键（复习讲义）（湖南专用）（学生版）.docx,72913a9286-006,,化学键的符号表征-电子式,REPRESENTATION_GUIDE,type 不合 3 值规则（协议 §1 禁用 REPRESENTATION_GUIDE），待重判
2026年新高考资料(3)/一轮复习/2026年高考化学一轮课件+讲义+练习（湖南专用）/第03讲 化学平衡常数及其相关计算（复习讲义）（湖南专用）（学生版）.docx,2e0d25681e-003,,平衡常数与速率常数的有关计算,DERIVATION,type 不合 3 值规则（协议 §1 禁用 DERIVATION），待重判
2026年新高考资料(3)/一轮复习/2026年高考化学一轮课件+讲义+练习（湖南专用）/第03讲 盐类的水解（复习讲义）（湖南专用）（学生版）.docx,2540022b42-013,b,盐类水解的规律及拓展应用,REPRESENTATION_GUIDE,type 不合 3 值规则（协议 §1 禁用 REPRESENTATION_GUIDE），待重判
2026年新高考资料(3)/一轮复习/2026年高考化学一轮课件+讲义+练习（湖南专用）/第03讲 盐类的水解（复习讲义）（湖南专用）（学生版）.docx,2540022b42-025,,分布分数图像,REPRESENTATION_GUIDE,type 不合 3 值规则（协议 §1 禁用 REPRESENTATION_GUIDE），待重判
2026年新高考资料(3)/一轮复习/2026年高考化学一轮课件+讲义+练习（湖南专用）/第03讲 铝及其重要化合物（复习讲义）（湖南专用）（学生版）.docx,6064148187-012,,铝及其化合物之间的性质与应用,REPRESENTATION_GUIDE,type 不合 3 值规则（协议 §1 禁用 REPRESENTATION_GUIDE），待重判
2026年新高考资料(3)/一轮复习/2026年高考化学一轮课件+讲义+练习（福建专用）/第一章 物质及其变化/第04讲 氧化还原反应的基本概念和规律（福建专用）（学生版）.docx,2b01c6c6da-005,,氧化还原反应中电子转移的表示方法,REPRESENTATION_GUIDE,type 不合 3 值规则（协议 §1 禁用 REPRESENTATION_GUIDE），待重判
2026年新高考资料(3)/一轮复习/2026年高考化学一轮课件+讲义+练习（福建专用）/第七章 化学反应速率与化学平衡/第01讲 化学反应速率及其影响因素（复习讲义）（福建专用）（学生版）.docx,16414d5f4e-024,,速率-时间图像,REPRESENTATION_GUIDE,type 不合 3 值规则（协议 §1 禁用 REPRESENTATION_GUIDE），待重判
2026年新高考资料(3)/一轮复习/2026年高考化学一轮课件+讲义+练习（福建专用）/第七章 化学反应速率与化学平衡/第05讲 化学反应速率与化学平衡图像（复习讲义）（福建专用）（学生版）.docx,a813bfa01b-002,,全程速率-时间图像,REPRESENTATION_GUIDE,type 不合 3 值规则（协议 §1 禁用 REPRESENTATION_GUIDE），待重判
2026年新高考资料(3)/一轮复习/2026年高考化学一轮课件+讲义+练习（福建专用）/第七章 化学反应速率与化学平衡/第05讲 化学反应速率与化学平衡图像（复习讲义）（福建专用）（学生版）.docx,a813bfa01b-003,,外界条件对化学反应速率的影响规律,REPRESENTATION_GUIDE,type 不合 3 值规则（协议 §1 禁用 REPRESENTATION_GUIDE），待重判
2026年新高考资料(3)/一轮复习/2026年高考化学一轮课件+讲义+练习（福建专用）/第七章 化学反应速率与化学平衡/第05讲 化学反应速率与化学平衡图像（复习讲义）（福建专用）（学生版）.docx,a813bfa01b-004,,物质的量-或浓度-时间图像,REPRESENTATION_GUIDE,type 不合 3 值规则（协议 §1 禁用 REPRESENTATION_GUIDE），待重判
2026年新高考资料(3)/一轮复习/2026年高考化学一轮课件+讲义+练习（福建专用）/第七章 化学反应速率与化学平衡/第05讲 化学反应速率与化学平衡图像（复习讲义）（福建专用）（学生版）.docx,a813bfa01b-009,,物质的量-或浓度-时间图像,REPRESENTATION_GUIDE,type 不合 3 值规则（协议 §1 禁用 REPRESENTATION_GUIDE），待重判
2026年新高考资料(3)/一轮复习/2026年高考化学一轮课件+讲义+练习（福建专用）/第七章 化学反应速率与化学平衡/第05讲 化学反应速率与化学平衡图像（复习讲义）（福建专用）（学生版）.docx,a813bfa01b-012,,含量-或转化率-时间-温度-压强-图像,REPRESENTATION_GUIDE,type 不合 3 值规则（协议 §1 禁用 REPRESENTATION_GUIDE），待重判
2026年新高考资料(3)/一轮复习/2026年高考化学一轮课件+讲义+练习（福建专用）/第七章 化学反应速率与化学平衡/第05讲 化学反应速率与化学平衡图像（复习讲义）（福建专用）（学生版）.docx,a813bfa01b-016,,含量-或转化率-时间-温度-压强-图像,REPRESENTATION_GUIDE,type 不合 3 值规则（协议 §1 禁用 REPRESENTATION_GUIDE），待重判
2026年新高考资料(3)/一轮复习/2026年高考化学一轮课件+讲义+练习（福建专用）/第九章 有机化学基础/第01讲 有机化合物的结构特点与研究方法（学生版）.docx,067cb2c820-004,,有机物结构的表示方法,REPRESENTATION_GUIDE,type 不合 3 值规则（协议 §1 禁用 REPRESENTATION_GUIDE），待重判
2026年新高考资料(3)/一轮复习/2026年高考化学一轮课件+讲义+练习（福建专用）/第九章 有机化学基础/第01讲 有机化合物的结构特点与研究方法（学生版）.docx,067cb2c820-005,,有机化合物的共面共线的判断,REPRESENTATION_GUIDE,type 不合 3 值规则（协议 §1 禁用 REPRESENTATION_GUIDE），待重判
2026年新高考资料(3)/一轮复习/2026年高考化学一轮课件+讲义+练习（福建专用）/第九章 有机化学基础/第01讲 有机化合物的结构特点与研究方法（学生版）.docx,067cb2c820-019,,有机结构分析方法的对比与选用,REPRESENTATION_GUIDE,type 不合 3 值规则（协议 §1 禁用 REPRESENTATION_GUIDE），待重判
2026年新高考资料(3)/一轮复习/2026年高考化学一轮课件+讲义+练习（福建专用）/第五章 物质结构与性质 元素周期律/第02讲 原子结构与性质（复习讲义）（福建专用）（学生版）.docx,c22be1e36f-002,,原子结构中微粒的关系及计算,DERIVATION,type 不合 3 值规则（协议 §1 禁用 DERIVATION），待重判
2026年新高考资料(3)/一轮复习/2026年高考化学一轮课件+讲义+练习（福建专用）/第五章 物质结构与性质 元素周期律/第02讲 原子结构与性质（复习讲义）（福建专用）（学生版）.docx,c22be1e36f-004,,相对原子质量与近似相对原子质量,DERIVATION,type 不合 3 值规则（协议 §1 禁用 DERIVATION），待重判
2026年新高考资料(3)/一轮复习/2026年高考化学一轮课件+讲义+练习（福建专用）/第五章 物质结构与性质 元素周期律/第03讲 分子结构与性质 化学键（复习讲义）（福建专用）（学生版）.docx,043d5a4425-003,,化学键的符号表征-电子式,REPRESENTATION_GUIDE,type 不合 3 值规则（协议 §1 禁用 REPRESENTATION_GUIDE），待重判
2026年新高考资料(3)/一轮复习/2026年高考化学一轮课件+讲义+练习（福建专用）/第五章 物质结构与性质 元素周期律/第04讲 晶体结构与性质（复习讲义）（学生版）.docx,80dc9e8d0c-007,,晶胞,REPRESENTATION_GUIDE,type 不合 3 值规则（协议 §1 禁用 REPRESENTATION_GUIDE），待重判
2026年新高考资料(3)/一轮复习/2026年高考化学一轮课件+讲义+练习（福建专用）/第八章 水溶液中的离子反应与平衡/第01讲 电离平衡（学生版）.docx,60651bf275-018,,电离平衡常数,WORKED_EXAMPLE,type 不合 3 值规则（协议 §1 禁用 WORKED_EXAMPLE），待重判
2026年新高考资料(3)/一轮复习/2026年高考化学一轮课件+讲义+练习（福建专用）/第六章 化学反应与能量/第01讲 化学反应的热效应（复习讲义）（福建专用）（学生版）.docx,b08c6c1c61-003,b,活化能,DERIVATION,type 不合 3 值规则（协议 §1 禁用 DERIVATION），待重判
2026年新高考资料(3)/一轮复习/2026年高考化学一轮课件+讲义+练习（福建专用）/第六章 化学反应与能量/第01讲 化学反应的热效应（复习讲义）（福建专用）（学生版）.docx,b08c6c1c61-004,,热化学方程式,REPRESENTATION_GUIDE,type 不合 3 值规则（协议 §1 禁用 REPRESENTATION_GUIDE），待重判
2026年新高考资料(3)/一轮复习/2026年高考化学一轮课件+讲义+练习（福建专用）/第六章 化学反应与能量/第01讲 化学反应的热效应（复习讲义）（福建专用）（学生版）.docx,b08c6c1c61-013,,反应热-焓变,REPRESENTATION_GUIDE,type 不合 3 值规则（协议 §1 禁用 REPRESENTATION_GUIDE），待重判
2026年新高考资料(3)/一轮复习/2026年高考化学一轮课件+讲义+练习（福建专用）/第六章 化学反应与能量/第03讲 电解池 金属的腐蚀与防护（复习讲义）（学生版）（福建专用）(1).docx,68f6c34454-008,,电解饱和食盐水-氯碱工业,WORKED_EXAMPLE,type 不合 3 值规则（协议 §1 禁用 WORKED_EXAMPLE），待重判
2026年新高考资料(3)/一轮复习/2026年高考化学一轮课件+讲义+练习（黑吉辽蒙专用）/第01讲 物质的分类及转化（复习讲义）（黑吉辽蒙专用）（学生版）.docx,0012df4ce9-024,,fe-oh-3胶体的制备,WORKED_EXAMPLE,type 不合 3 值规则（协议 §1 禁用 WORKED_EXAMPLE），待重判
2026年新高考资料(3)/一轮复习/2026年高考化学一轮课件+讲义+练习（黑吉辽蒙专用）/第01讲 物质的分类及转化（复习讲义）（黑吉辽蒙专用）（学生版）.docx,0012df4ce9-024,b,胶体的性质及应用,REPRESENTATION_GUIDE,type 不合 3 值规则（协议 §1 禁用 REPRESENTATION_GUIDE），待重判
2026年新高考资料(3)/一轮复习/2026年高考化学一轮课件+讲义+练习（黑吉辽蒙专用）/第04讲 氧化还原反应的基本概念和规律（复习讲义）（黑吉辽蒙专用）（学生版）.docx,bb66c733f8-004,,氧化还原反应中电子转移的表示方法,REPRESENTATION_GUIDE,type 不合 3 值规则（协议 §1 禁用 REPRESENTATION_GUIDE），待重判
2026年新高考资料(3)/一轮复习/2026年高考化学一轮课件+讲义+练习（黑吉辽蒙专用）/第04讲 沉淀溶解平衡（复习讲义）（黑吉辽蒙专用）（学生版）.docx,1e302b0615-009,b,沉淀溶解平衡体系中相关计算方法,WORKED_EXAMPLE,type 不合 3 值规则（协议 §1 禁用 WORKED_EXAMPLE），待重判
2026年新高考资料(3)/一轮复习/2026年高考化学一轮课件+讲义+练习（黑吉辽蒙专用）/第04讲 沉淀溶解平衡（复习讲义）（黑吉辽蒙专用）（学生版）.docx,1e302b0615-015,,滴定曲线,REPRESENTATION_GUIDE,type 不合 3 值规则（协议 §1 禁用 REPRESENTATION_GUIDE），待重判
2026年新高考资料(3)/一轮复习/2026年高考化学一轮课件+讲义+练习（黑吉辽蒙专用）/第04讲 沉淀溶解平衡（复习讲义）（黑吉辽蒙专用）（学生版）.docx,1e302b0615-015,b,解沉淀溶解平衡图像题的三步骤,REPRESENTATION_GUIDE,type 不合 3 值规则（协议 §1 禁用 REPRESENTATION_GUIDE），待重判
2026年新高考资料(3)/一轮复习/2026年高考化学一轮课件+讲义+练习（黑吉辽蒙专用）/第05讲 化学反应速率与化学平衡图像（复习讲义）（黑吉辽蒙专用）（学生版）.docx,4e68d6cc38-002,,速率-时间图像,REPRESENTATION_GUIDE,type 不合 3 值规则（协议 §1 禁用 REPRESENTATION_GUIDE），待重判
2026年新高考资料(3)/一轮复习/2026年高考化学一轮课件+讲义+练习（黑吉辽蒙专用）/第05讲 化学反应速率与化学平衡图像（复习讲义）（黑吉辽蒙专用）（学生版）.docx,4e68d6cc38-007,,含量-或转化率-时间-温度-压强-图像,REPRESENTATION_GUIDE,type 不合 3 值规则（协议 §1 禁用 REPRESENTATION_GUIDE），待重判
2026年新高考资料(3)/一轮复习/2026年高考化学一轮课件+讲义+练习（黑吉辽蒙专用）/第05讲 氧化还原反应方程式的配平与计算（复习讲义）（黑吉辽蒙专用）（学生版）.docx,ef71e96996-003,,氧化还原反应方程式的配平方法,WORKED_EXAMPLE,type 不合 3 值规则（协议 §1 禁用 WORKED_EXAMPLE），待重判
2026年新高考资料(3)/一轮复习/2026年高考化学大一轮复习卓越讲义重难点/资料/（重点·方法·点拨）第02讲 物质的量浓度- （学生版）.docx,ad0e90657e-003,,有关物质的量浓度的计算,DERIVATION,type 不合 3 值规则（协议 §1 禁用 DERIVATION），待重判
2026年新高考资料(3)/一轮复习/2026年高考化学大一轮复习卓越讲义重难点/资料/（重点·方法·点拨）第02讲 物质的量浓度- （学生版）.docx,ad0e90657e-004,,溶液的稀释和混合问题,DERIVATION,type 不合 3 值规则（协议 §1 禁用 DERIVATION），待重判
2026年新高考资料(3)/一轮复习/2026年高考化学大一轮复习卓越讲义重难点/资料/（重点·方法·点拨）第25讲 常见气体的实验室制备、净化和收集- （学生版）.docx,888287a37e-002,b,气体制备,REPRESENTATION_GUIDE,type 不合 3 值规则（协议 §1 禁用 REPRESENTATION_GUIDE），待重判
2026年新高考资料(3)/一轮复习/2026年高考化学大一轮复习卓越讲义重难点/资料/（重点·方法·点拨）第32讲 晶胞结构分析与计算- （学生版）.docx,144a906566-003,,晶胞,DERIVATION,type 不合 3 值规则（协议 §1 禁用 DERIVATION），待重判
2026年新高考资料(3)/一轮复习/2026年高考化学大一轮复习卓越讲义重难点/资料/（重点·方法·点拨）第48讲 酸碱中和滴定及拓展应用- （学生版）.docx,387667e1e7-001,,酸碱中和滴定,WORKED_EXAMPLE,type 不合 3 值规则（协议 §1 禁用 WORKED_EXAMPLE），待重判
2026年新高考资料(3)/一轮复习/2026年高考化学大一轮复习卓越讲义重难点/资料/（重点·方法·点拨）第48讲 酸碱中和滴定及拓展应用- （学生版）.docx,387667e1e7-003,,滴定操作,REPRESENTATION_GUIDE,type 不合 3 值规则（协议 §1 禁用 REPRESENTATION_GUIDE），待重判
2026年新高考资料(3)/一轮复习/2026年高考化学大一轮复习卓越讲义重难点/资料/（重点·方法·点拨）第48讲 酸碱中和滴定及拓展应用- （学生版）.docx,387667e1e7-008,,滴定操作,REPRESENTATION_GUIDE,type 不合 3 值规则（协议 §1 禁用 REPRESENTATION_GUIDE），待重判
2026年新高考资料(3)/一轮复习/2026年高考化学大一轮复习卓越讲义重难点/资料/（重点·方法·点拨）第56讲 烃　化石燃料- （学生版）.docx,7bbf0904a5-001,b,烃类的燃烧规律,REPRESENTATION_GUIDE,type 不合 3 值规则（协议 §1 禁用 REPRESENTATION_GUIDE），待重判
2026年新高考资料(3)/二轮复习/2026年高考化学二轮复习讲义+练习（黑吉辽蒙专用）/2026版/题型01 化学与STSE  传统文化与化学用语（黑吉辽蒙专用）（学生版）.docx,367f238be3-006,,基态原子核外电子排布的表示方法,REPRESENTATION_GUIDE,type 不合 3 值规则（协议 §1 禁用 REPRESENTATION_GUIDE），待重判
2026年新高考资料(3)/二轮复习/2026年高考化学二轮复习讲义+练习（黑吉辽蒙专用）/2026版/题型01 化学与STSE  传统文化与化学用语（黑吉辽蒙专用）（学生版）.docx,367f238be3-006,b,化学用语中的六式,REPRESENTATION_GUIDE,type 不合 3 值规则（协议 §1 禁用 REPRESENTATION_GUIDE），待重判
2026年新高考资料(3)/二轮复习/2026年高考化学二轮复习课件+讲义+练习（新高考通用）/2026版/专题01 物质的组成、分类、性质及变化（复习讲义）（学生版）.docx,998cdd8cea-015,,六种表示物质变化的方程式,REPRESENTATION_GUIDE,type 不合 3 值规则（协议 §1 禁用 REPRESENTATION_GUIDE），待重判
2026年新高考资料(3)/二轮复习/2026年高考化学二轮复习课件+讲义+练习（新高考通用）/2026版/专题01 物质的组成、分类、性质及变化（复习讲义）（学生版）.docx,998cdd8cea-017,,有机物结构的表示方法,REPRESENTATION_GUIDE,type 不合 3 值规则（协议 §1 禁用 REPRESENTATION_GUIDE），待重判
2026年新高考资料(3)/二轮复习/2026年高考化学二轮复习课件+讲义+练习（新高考通用）/2026版/题型01 化学与STSE  传统文化与化学用语（全国通用）（学生版）.docx,2aaec42842-007,,基态原子核外电子排布的表示方法,REPRESENTATION_GUIDE,type 不合 3 值规则（协议 §1 禁用 REPRESENTATION_GUIDE），待重判
2026年新高考资料(3)/二轮复习/2026年高考化学二轮复习课件+讲义+练习（新高考通用）/2026版/题型01 化学与STSE  传统文化与化学用语（全国通用）（学生版）.docx,2aaec42842-008,,下列化学用语正确的有___________,REPRESENTATION_GUIDE,type 不合 3 值规则（协议 §1 禁用 REPRESENTATION_GUIDE），待重判
2026年新高考资料(3)/二轮复习/【1】2026年高考化学【二轮·析考点·练题型】提升突破复习讲义（全国通用）/考点15 新型电化学装置分析（学生版）（全国通用）.docx,dc68f36a22-009,,电化学综合计算的三种常用方法,WORKED_EXAMPLE,type 不合 3 值规则（协议 §1 禁用 WORKED_EXAMPLE），待重判
2026年新高考资料(4)/一轮复习/2026年高考生物一轮复习知识清单（全国通用）/2026版/第04讲 蛋白质和核酸（知识清单）（全国通用）（学生版）.docx,0c6eef6074-004,,蛋白质相关计算题的总结,WORKED_EXAMPLE,type 不合 3 值规则（协议 §1 禁用 WORKED_EXAMPLE），待重判
2026年新高考资料(4)/一轮复习/2026年高考生物一轮复习知识清单（全国通用）/2026版/第06讲 细胞器和生物膜系统（知识清单）（全国通用）（学生版）.docx,7abf2f735b-002,,用高倍显微镜观察叶绿体和细胞质的流动,REPRESENTATION_GUIDE,type 不合 3 值规则（协议 §1 禁用 REPRESENTATION_GUIDE），待重判
2026年新高考资料(4)/一轮复习/2026年高考生物一轮复习知识清单（全国通用）/2026版/第08讲 酶和ATP（知识清单）（全国通用）（学生版）.docx,d93a11b3d8-009,b,atp的结构与作用,REPRESENTATION_GUIDE,type 不合 3 值规则（协议 §1 禁用 REPRESENTATION_GUIDE），待重判
2026年新高考资料(4)/一轮复习/2026年高考生物一轮复习知识清单（全国通用）/2026版/第10讲 光合作用（知识清单）（全国通用）（学生版）.docx,e39740e8e1-006,,光合作用的原理,REPRESENTATION_GUIDE,type 不合 3 值规则（协议 §1 禁用 REPRESENTATION_GUIDE），待重判
2026年新高考资料(4)/一轮复习/2026年高考生物一轮复习知识清单（全国通用）/2026版/第12讲 细胞的增殖（知识清单）（全国通用）（学生版）.docx,02a053bbf3-003,,有丝分裂,REPRESENTATION_GUIDE,type 不合 3 值规则（协议 §1 禁用 REPRESENTATION_GUIDE），待重判
2026年新高考资料(4)/一轮复习/2026年高考生物一轮复习知识清单（全国通用）/2026版/第12讲 细胞的增殖（知识清单）（全国通用）（学生版）.docx,02a053bbf3-006,,细胞周期检验点与同步化,DERIVATION,type 不合 3 值规则（协议 §1 禁用 DERIVATION），待重判
2026年新高考资料(4)/一轮复习/2026年高考生物一轮复习知识清单（全国通用）/2026版/第13讲 减数分裂和受精作用（知识清单）（全国通用）（学生版）.docx,60aca2e5c6-004,,实验-观察蝗虫精母细胞减数分裂装片,REPRESENTATION_GUIDE,type 不合 3 值规则（协议 §1 禁用 REPRESENTATION_GUIDE），待重判
2026年新高考资料(4)/一轮复习/2026年高考生物一轮复习知识清单（全国通用）/2026版/第20讲 DNA分子的结构、复制与基因的本质（知识清单）（全国通用）（学生版）.docx,9847f272f3-005,b,DNA复制的数量关系,WORKED_EXAMPLE,type 不合 3 值规则（协议 §1 禁用 WORKED_EXAMPLE），待重判
2026年新高考资料(4)/一轮复习/2026年高考生物一轮复习讲义+练习+课件（新教材新高考）/2026版/第三单元 细胞的能量供应和利用/第08讲 酶和ATP（复习讲义）（全国通用）（学生版）.docx,cdea66a95d-010,,与酶有关的曲线分析,REPRESENTATION_GUIDE,type 不合 3 值规则（协议 §1 禁用 REPRESENTATION_GUIDE），待重判
2026年新高考资料(4)/一轮复习/2026年高考生物一轮复习讲义+练习+课件（新教材新高考）/2026版/第三单元 细胞的能量供应和利用/第09讲 细胞呼吸（复习讲义）（全国通用）（学生版）.docx,1e2461181a-013,,种子萌发过程中细胞呼吸的变化分析,REPRESENTATION_GUIDE,type 不合 3 值规则（协议 §1 禁用 REPRESENTATION_GUIDE），待重判
2026年新高考资料(4)/一轮复习/2026年高考生物一轮复习讲义+练习+课件（新教材新高考）/2026版/第二单元 细胞的结构、功能和物质运输/第06讲 细胞器和生物膜系统（复习讲义）（全国通用）（学生版）.docx,7bf37bfb93-011,,光学显微镜和电子显微镜,REPRESENTATION_GUIDE,type 不合 3 值规则（协议 §1 禁用 REPRESENTATION_GUIDE），待重判
2026年新高考资料(4)/一轮复习/2026年高考生物一轮复习讲义+练习+课件（新教材新高考）/2026版/第二单元 细胞的结构、功能和物质运输/第06讲 细胞器和生物膜系统（复习讲义）（全国通用）（学生版）.docx,7bf37bfb93-021,,分泌蛋白的分选（信号肽假说）,DERIVATION,type 不合 3 值规则（协议 §1 禁用 DERIVATION），待重判
2026年新高考资料(4)/一轮复习/2026年高考生物一轮复习讲义+练习+课件（新教材新高考）/2026版/第五单元 基因的传递规律/第17讲 伴性遗传和人类遗传病（复习讲义）（全国通用）（学生版）.docx,4d59518957-008,b,伴性遗传的特点及应用,REPRESENTATION_GUIDE,type 不合 3 值规则（协议 §1 禁用 REPRESENTATION_GUIDE），待重判
2026年新高考资料(4)/一轮复习/2026年高考生物一轮复习讲义+练习+课件（新教材新高考）/2026版/第五单元 基因的传递规律/第17讲 伴性遗传和人类遗传病（复习讲义）（全国通用）（学生版）.docx,4d59518957-015,c,遗传系谱图和电泳图谱分析,REPRESENTATION_GUIDE,type 不合 3 值规则（协议 §1 禁用 REPRESENTATION_GUIDE），待重判
2026年新高考资料(4)/一轮复习/2026年高考生物一轮复习讲义+练习+课件（新教材新高考）/2026版/第五单元 基因的传递规律/第17讲 伴性遗传和人类遗传病（复习讲义）（全国通用）（学生版）.docx,4d59518957-023,,遗传系谱图与遗传图解的书写规范,REPRESENTATION_GUIDE,type 不合 3 值规则（协议 §1 禁用 REPRESENTATION_GUIDE），待重判
2026年新高考资料(4)/一轮复习/2026年高考生物一轮复习讲义+练习+课件（新教材新高考）/2026版/第五单元 基因的传递规律/第17讲 伴性遗传和人类遗传病（复习讲义）（全国通用）（学生版）.docx,4d59518957-024,,遗传系谱图与遗传图解的书写规范,REPRESENTATION_GUIDE,type 不合 3 值规则（协议 §1 禁用 REPRESENTATION_GUIDE），待重判
2026年新高考资料(4)/一轮复习/2026年高考生物一轮复习讲义+练习+课件（新教材新高考）/2026版/第八单元 稳态与调节/第24讲  内环境与稳态（复习讲义）（全国通用）（学生版）.docx,cbf645c24c-005,,内环境,REPRESENTATION_GUIDE,type 不合 3 值规则（协议 §1 禁用 REPRESENTATION_GUIDE），待重判
2026年新高考资料(4)/一轮复习/2026年高考生物一轮复习讲义+练习+课件（新教材新高考）/2026版/第六单元 遗传的分子基础/第21讲 基因的表达、基因与性状的关系（复习讲义）（全国通用）（学生版）.docx,2e2f39614d-004,b,翻译,REPRESENTATION_GUIDE,type 不合 3 值规则（协议 §1 禁用 REPRESENTATION_GUIDE），待重判
2026年新高考资料/一轮复习/2026年大一轮复习讲义数学课件讲义练习/基础版/教师用书配套课件/第二章 §2.11　函数的零点与方程的解.pptx,cead6018c1-009,,函数零点的求和问题,COMPLETE_SOLUTION,type 不合 3 值规则（协议 §1 禁用 COMPLETE_SOLUTION），待重判
2026年新高考资料/一轮复习/2026年新高考数学大一轮复习讲义之技巧精讲与题型全归纳（新高考专用）/资料/1.1 集合（4大考点+9大题型）（讲义）（学生版）.docx,96fd930cc9-012,,venn图在集合运算中的应用,REPRESENTATION_GUIDE,type 不合 3 值规则（协议 §1 禁用 REPRESENTATION_GUIDE），待重判
2026年新高考资料/一轮复习/2026年高三数学一轮复习之一题多变系列讲义/资料/第13题概率迷宫突围（解透一题）学生版.docx,f5aeefa2b7-004,,古典概型,REPRESENTATION_GUIDE,type 不合 3 值规则（协议 §1 禁用 REPRESENTATION_GUIDE），待重判
2026年新高考资料/一轮复习/2026年高三数学一轮复习备考题型归纳讲义/资料/第17讲：两角和差的正弦，余弦和正切公式（题型总结+解题策略分析）（学生版）.docx,bbf99f6782-003,,两角和与差的公式,DERIVATION,type 不合 3 值规则（协议 §1 禁用 DERIVATION），待重判
2026年新高考资料/一轮复习/2026年高三数学一轮复习备考题型归纳讲义/资料/第18讲：三角恒等变换（知识梳理+题型总结）（学生版）.docx,d68ad97a21-007,,积化和差与和差化积公式,DERIVATION,type 不合 3 值规则（协议 §1 禁用 DERIVATION），待重判
2026年新高考资料/一轮复习/2026年高三数学一轮复习备考题型归纳讲义/资料/第27讲：平面向量的数量积及平面向量的应用（知识梳理+题型总结）（学生版）.docx,bb4895ddb1-017,,投影向量,REPRESENTATION_GUIDE,type 不合 3 值规则（协议 §1 禁用 REPRESENTATION_GUIDE），待重判
2026年新高考资料/一轮复习/2026年高三数学一轮复习备考题型归纳讲义/资料/第32讲：圆的方程（知识梳理+题型总结）（学生版）.docx,e2ed55e83e-002,,圆的方程,REPRESENTATION_GUIDE,type 不合 3 值规则（协议 §1 禁用 REPRESENTATION_GUIDE），待重判
2026年新高考资料/一轮复习/2026年高三数学一轮复习备考题型归纳讲义/资料/第32讲：圆的方程（知识梳理+题型总结）（学生版）.docx,e2ed55e83e-003,,圆的方程,REPRESENTATION_GUIDE,type 不合 3 值规则（协议 §1 禁用 REPRESENTATION_GUIDE），待重判
2026年新高考资料/一轮复习/2026年高三数学一轮复习备考题型归纳讲义/资料/第32讲：圆的方程（知识梳理+题型总结）（学生版）.docx,e2ed55e83e-004,,圆的方程,REPRESENTATION_GUIDE,type 不合 3 值规则（协议 §1 禁用 REPRESENTATION_GUIDE），待重判
2026年新高考资料/一轮复习/2026年高三数学一轮复习备考题型归纳讲义/资料/第9讲：幂函数的图像与性质（12个题型）（学生版）.docx,2ee9291752-003,,幂函数的图象与性质,REPRESENTATION_GUIDE,type 不合 3 值规则（协议 §1 禁用 REPRESENTATION_GUIDE），待重判
2026年新高考资料/一轮复习/2026年高考数学一轮备考·学霸培优练习（新高考通用）/资料/第七章 §7.5　空间直线、平面的垂直（学生版）.docx,58a7b65e81-003,,三余弦定理,DERIVATION,type 不合 3 值规则（协议 §1 禁用 DERIVATION），待重判
2026年新高考资料/一轮复习/2026年高考数学一轮备考·学霸培优练习（新高考通用）/资料/第三章 §3.1　导数的概念及其意义、导数的运算（学生版）.docx,8a1c02d562-002,,导数的几何意义,REPRESENTATION_GUIDE,type 不合 3 值规则（协议 §1 禁用 REPRESENTATION_GUIDE），待重判
2026年新高考资料/一轮复习/2026年高考数学一轮备考·学霸培优练习（新高考通用）/资料/第二章 §2.7　指数函数（学生版）.docx,1540700449-002,,指数函数的图象与性质应用,REPRESENTATION_GUIDE,type 不合 3 值规则（协议 §1 禁用 REPRESENTATION_GUIDE），待重判
2026年新高考资料/一轮复习/2026年高考数学一轮备考·学霸培优练习（新高考通用）/资料/第五章 §5.4 平面向量中的综合问题（学生版）.docx,e88490161b-002,,奔驰定理,DERIVATION,type 不合 3 值规则（协议 §1 禁用 DERIVATION），待重判
2026年新高考资料/一轮复习/2026年高考数学一轮备考·学霸培优练习（新高考通用）/资料/第八章　§8.1　直线的方程（学生版）.docx,21f409769a-001,b,直线的方程,REPRESENTATION_GUIDE,type 不合 3 值规则（协议 §1 禁用 REPRESENTATION_GUIDE），待重判
2026年新高考资料/一轮复习/2026年高考数学一轮复习举一反三专练（新高考专用）/资料/2026版/专题2.6 函数的图象（举一反三讲义）（全国通用）（学生版）.docx,d9bea4e19c-001,,函数图象的作法与识别,REPRESENTATION_GUIDE,type 不合 3 值规则（协议 §1 禁用 REPRESENTATION_GUIDE），待重判
2026年新高考资料/一轮复习/2026年高考数学一轮复习举一反三专练（新高考专用）/资料/2026版/专题5.3 平面向量的数量积及其应用（举一反三讲义）（全国通用）（学生版）.docx,cbeea067b1-002,b,极化恒等式,DERIVATION,type 不合 3 值规则（协议 §1 禁用 DERIVATION），待重判
2026年新高考资料/一轮复习/2026年高考数学一轮复习举一反三专练（新高考专用）/资料/2026版/专题5.4 复数（举一反三讲义）（全国通用）（学生版）.docx,c9f403da8c-001,b,复数的几何意义,REPRESENTATION_GUIDE,type 不合 3 值规则（协议 §1 禁用 REPRESENTATION_GUIDE），待重判
2026年新高考资料/一轮复习/2026年高考数学一轮复习举一反三专练（新高考专用）/资料/2026版/专题5.4 复数（举一反三讲义）（全国通用）（学生版）.docx,c9f403da8c-002,,复数的几何意义,REPRESENTATION_GUIDE,type 不合 3 值规则（协议 §1 禁用 REPRESENTATION_GUIDE），待重判
2026年新高考资料/一轮复习/2026年高考数学一轮复习举一反三专练（新高考专用）/资料/2026版/专题5.4 复数（举一反三讲义）（全国通用）（学生版）.docx,c9f403da8c-004,,复数的几何意义,REPRESENTATION_GUIDE,type 不合 3 值规则（协议 §1 禁用 REPRESENTATION_GUIDE），待重判
2026年新高考资料/一轮复习/2026年高考数学一轮复习举一反三专练（新高考专用）/资料/2026版/专题5.4 复数（举一反三讲义）（全国通用）（学生版）.docx,c9f403da8c-005,,复数的模,REPRESENTATION_GUIDE,type 不合 3 值规则（协议 §1 禁用 REPRESENTATION_GUIDE），待重判
2026年新高考资料/一轮复习/2026年高考数学一轮复习举一反三专练（新高考专用）/资料/2026版/专题8.2 两条直线的位置关系（举一反三讲义）（全国通用）（学生版）.docx,0c3dcd79a1-002,b,关于线对称,REPRESENTATION_GUIDE,type 不合 3 值规则（协议 §1 禁用 REPRESENTATION_GUIDE），待重判
2026年新高考资料/一轮复习/2026年高考数学一轮复习知识清单（全国通用）/2026版/专题01  向量及其应用（学生版）.docx,550f58da7b-008,b,投影向量,REPRESENTATION_GUIDE,type 不合 3 值规则（协议 §1 禁用 REPRESENTATION_GUIDE），待重判
2026年新高考资料/一轮复习/2026年高考数学一轮复习知识清单（全国通用）/2026版/专题01  向量及其应用（学生版）.docx,550f58da7b-010,b,平面向量基本定理,REPRESENTATION_GUIDE,type 不合 3 值规则（协议 §1 禁用 REPRESENTATION_GUIDE），待重判
2026年新高考资料/一轮复习/2026年高考数学一轮复习知识清单（全国通用）/2026版/专题02 复数及其应用（学生版）.docx,728e5c1c2a-008,c,复数的几何意义,REPRESENTATION_GUIDE,type 不合 3 值规则（协议 §1 禁用 REPRESENTATION_GUIDE），待重判
2026年新高考资料/一轮复习/2026年高考数学一轮复习知识清单（全国通用）/2026版/专题02 复数及其应用（学生版）.docx,728e5c1c2a-011,b,复数的几何意义,REPRESENTATION_GUIDE,type 不合 3 值规则（协议 §1 禁用 REPRESENTATION_GUIDE），待重判
2026年新高考资料/一轮复习/2026年高考数学一轮复习知识清单（全国通用）/2026版/专题02 复数及其应用（学生版）.docx,728e5c1c2a-016,,复数的几何意义,REPRESENTATION_GUIDE,type 不合 3 值规则（协议 §1 禁用 REPRESENTATION_GUIDE），待重判
2026年新高考资料/一轮复习/2026年高考数学一轮复习讲义+练习+课件（新教材新高考）/2026版/第一章 集合与常用逻辑用语、不等式/重难点培优03 柯西不等式与权方和不等式（复习讲义）（全国通用）（学生版）.docx,062d023f2f-001,b,柯西不等式与权方和不等式,DERIVATION,type 不合 3 值规则（协议 §1 禁用 DERIVATION），待重判
2026年新高考资料/一轮复习/2026年高考数学一轮复习讲义+练习+课件（新教材新高考）/2026版/第七章 立体几何与空间向量/第01讲 基本立体图形、简单几何体的表面积与体积（复习讲义）（全国通用）（学生版）.docx,69017870de-003,,空间几何体的直观图,REPRESENTATION_GUIDE,type 不合 3 值规则（协议 §1 禁用 REPRESENTATION_GUIDE），待重判
2026年新高考资料/一轮复习/2026年高考数学一轮复习讲义+练习+课件（新教材新高考）/2026版/第七章 立体几何与空间向量/重难点培优02 立体几何中的路径最短、截面、轨迹问题（复习讲义）（全国通用）（学生版）.docx,6439e6eb51-003,,圆锥曲线第一定义的应用,DERIVATION,type 不合 3 值规则（协议 §1 禁用 DERIVATION），待重判
2026年新高考资料/一轮复习/2026年高考数学一轮复习讲义+练习+课件（新教材新高考）/2026版/第三章 一元函数的导数及其应用/重难点培优11 导数中的双变量问题（复习讲义）（全国通用）（学生版）.docx,6dc6d0bedc-001,b,对数平均不等式,DERIVATION,type 不合 3 值规则（协议 §1 禁用 DERIVATION），待重判
2026年新高考资料/一轮复习/2026年高考数学一轮复习讲义+练习+课件（新教材新高考）/2026版/第三章 一元函数的导数及其应用/重难点培优11 导数中的双变量问题（复习讲义）（全国通用）（学生版）.docx,6dc6d0bedc-001,c,指数均值不等式,DERIVATION,type 不合 3 值规则（协议 §1 禁用 DERIVATION），待重判
2026年新高考资料/一轮复习/2026年高考数学一轮复习讲义+练习+课件（新教材新高考）/2026版/第二章 函数与基本初等函数/第03讲 幂函数与二次函数（复习讲义）（全国通用）（学生版）.docx,c114939125-006,,幂函数的图象与性质,REPRESENTATION_GUIDE,type 不合 3 值规则（协议 §1 禁用 REPRESENTATION_GUIDE），待重判
2026年新高考资料/一轮复习/2026年高考数学一轮复习讲义+练习+课件（新教材新高考）/2026版/第二章 函数与基本初等函数/第05讲 对数与对数函数（复习讲义）（全国通用）（学生版）.docx,9d8541e663-009,,函数图象的识别,REPRESENTATION_GUIDE,type 不合 3 值规则（协议 §1 禁用 REPRESENTATION_GUIDE），待重判
2026年新高考资料/一轮复习/2026年高考数学一轮复习讲义+练习+课件（新教材新高考）/2026版/第五章 平面向量与复数/重难点培优01 坐标法与极化恒等式、矩形恒等式在平面向量中的应用（复习讲义）（全国通用） （学生版）.docx,6f336f7c9c-001,b,极化恒等式,DERIVATION,type 不合 3 值规则（协议 §1 禁用 DERIVATION），待重判
2026年新高考资料/一轮复习/2026年高考数学一轮复习讲义+练习+课件（新教材新高考）/2026版/第五章 平面向量与复数/重难点培优01 坐标法与极化恒等式、矩形恒等式在平面向量中的应用（复习讲义）（全国通用） （学生版）.docx,6f336f7c9c-001,c,平行四边形恒等式与中线定理,DERIVATION,type 不合 3 值规则（协议 §1 禁用 DERIVATION），待重判
2026年新高考资料/一轮复习/2026年高考数学一轮复习讲义+练习+课件（新教材新高考）/2026版/第五章 平面向量与复数/重难点培优05 复数中的几何意义、乘方、复数方程及新定义问题（复习讲义）（全国通用） （学生版）.docx,e17c167707-001,,复数的几何意义,REPRESENTATION_GUIDE,type 不合 3 值规则（协议 §1 禁用 REPRESENTATION_GUIDE），待重判
2026年新高考资料/一轮复习/2026年高考数学一轮复习讲义+练习+课件（新教材新高考）/2026版/第八章 平面解析几何/第07讲 抛物线及其性质（复习讲义）（全国通用）（学生版）.docx,62da49d986-009,,抛物线焦半径,REPRESENTATION_GUIDE,type 不合 3 值规则（协议 §1 禁用 REPRESENTATION_GUIDE），待重判
2026年新高考资料/一轮复习/2026年高考数学一轮复习讲义+练习+课件（新教材新高考）/2026版/第四章 三角函数与解三角形/专题01  三角函数的概念与三角恒等变换（学生版）.docx,991fbb472d-006,,三角函数的定义,DERIVATION,type 不合 3 值规则（协议 §1 禁用 DERIVATION），待重判
2026年新高考资料/一轮复习/2026年高考数学一轮复习讲义+练习+课件（新教材新高考）/2026版/第四章 三角函数与解三角形/专题02  三角函数的图象与性质综合（学生版）.docx,78a2338ccf-001,,正弦函数,REPRESENTATION_GUIDE,type 不合 3 值规则（协议 §1 禁用 REPRESENTATION_GUIDE），待重判
2026年新高考资料/一轮复习/2026年高考数学一轮复习讲义+练习+课件（新教材新高考）/2026版/第四章 三角函数与解三角形/专题02  三角函数的图象与性质综合（学生版）.docx,78a2338ccf-002,,余弦函数,REPRESENTATION_GUIDE,type 不合 3 值规则（协议 §1 禁用 REPRESENTATION_GUIDE），待重判
2026年新高考资料/一轮复习/2026年高考数学一轮复习讲义+练习+课件（新教材新高考）/2026版/第四章 三角函数与解三角形/专题02  三角函数的图象与性质综合（学生版）.docx,78a2338ccf-003,c,函数y-asin-ωx-φ-的图象,REPRESENTATION_GUIDE,type 不合 3 值规则（协议 §1 禁用 REPRESENTATION_GUIDE），待重判
2026年新高考资料/一轮复习/2026年高考数学一轮复习讲义+练习+课件（新教材新高考）/2026版/第四章 三角函数与解三角形/专题02  三角函数的图象与性质综合（学生版）.docx,78a2338ccf-004,,函数y-asin-ωx-φ-的图象,REPRESENTATION_GUIDE,type 不合 3 值规则（协议 §1 禁用 REPRESENTATION_GUIDE），待重判
2026年新高考资料/一轮复习/2026年高考数学一轮复习讲义+练习+课件（新教材新高考）/2026版/第四章 三角函数与解三角形/专题02  三角函数的图象与性质综合（学生版）.docx,78a2338ccf-018,,函数y-asin-ωx-φ-的图象,REPRESENTATION_GUIDE,type 不合 3 值规则（协议 §1 禁用 REPRESENTATION_GUIDE），待重判
2026年新高考资料/一轮复习/2026年高考数学一轮复习讲义+练习+课件（新教材新高考）/2026版/第四章 三角函数与解三角形/第02讲 三角恒等变换（复习讲义）（全国通用）（学生版）.docx,bc32524f25-004,,降幂公式与升幂公式,REPRESENTATION_GUIDE,type 不合 3 值规则（协议 §1 禁用 REPRESENTATION_GUIDE），待重判
2026年新高考资料/一轮复习/2026年高考数学一轮复习讲义+练习+课件（新教材新高考）/2026版/第四章 三角函数与解三角形/第02讲 三角恒等变换（复习讲义）（全国通用）（学生版）.docx,bc32524f25-015,,万能公式,REPRESENTATION_GUIDE,type 不合 3 值规则（协议 §1 禁用 REPRESENTATION_GUIDE），待重判
2026年新高考资料/一轮复习/2026年高考数学一轮复习讲义+练习+课件（新教材新高考）/2026版/第四章 三角函数与解三角形/第03讲 三角函数的图象与性质（复习讲义）（全国通用）（学生版）.docx,1612376297-002,,三角函数的图象与性质,REPRESENTATION_GUIDE,type 不合 3 值规则（协议 §1 禁用 REPRESENTATION_GUIDE），待重判
2026年新高考资料/一轮复习/2026年高考数学一轮复习讲义+练习+课件（新教材新高考）/2026版/第四章 三角函数与解三角形/第03讲 三角函数的图象与性质（复习讲义）（全国通用）（学生版）.docx,1612376297-005,,函数y-asin-ωx-φ-的图象,REPRESENTATION_GUIDE,type 不合 3 值规则（协议 §1 禁用 REPRESENTATION_GUIDE），待重判
2026年新高考资料/一轮复习/2026年高考数学一轮复习讲义+练习+课件（新教材新高考）/2026版/第四章 三角函数与解三角形/重难点培优06 解三角形中几个秒杀公式（复习讲义）（全国通用）（学生版）.docx,d3b884ba6b-001,c,正弦平方差与正切恒等式,DERIVATION,type 不合 3 值规则（协议 §1 禁用 DERIVATION），待重判
2026年新高考资料/一轮复习/2026年高考数学一轮考点归纳与解题讲义练习(新高考地区专用)/资料/考点11 二次函数与幂函数4类常见考点全归纳（学生版）.docx,78efdafe97-004,,幂函数的图象与性质,REPRESENTATION_GUIDE,type 不合 3 值规则（协议 §1 禁用 REPRESENTATION_GUIDE），待重判
2026年新高考资料/一轮复习/2026年高考数学一轮考点归纳与解题讲义练习(新高考地区专用)/资料/考点11 二次函数与幂函数4类常见考点全归纳（学生版）.docx,78efdafe97-007,,二次函数图象的分析要点,REPRESENTATION_GUIDE,type 不合 3 值规则（协议 §1 禁用 REPRESENTATION_GUIDE），待重判
2026年新高考资料/一轮复习/【3】2026年高考数学一轮复习培优固本提能讲练测（全国通用）/重难点16：破解圆锥曲线中点弦：圆锥曲线中的中点弦问题（培优固本提能讲义）（学生版）.docx,3c8b5e63b5-002,,弦中点与点差法,DERIVATION,type 不合 3 值规则（协议 §1 禁用 DERIVATION），待重判
2026年新高考资料/一轮复习/【3】2026年高考数学一轮复习培优固本提能讲练测（全国通用）/重难点27：三角函数图像性质类问题之题型归纳（十大题型总结）（培优固本提能讲义）（学生版）.docx,c711537e1f-001,,函数y-asin-ωx-φ-的图象,REPRESENTATION_GUIDE,type 不合 3 值规则（协议 §1 禁用 REPRESENTATION_GUIDE），待重判
2026年新高考资料/专项复习/2026年高考数学命题背景探究（全国通用）（会一题通一类系列）/资料/专题06 函数的概念与性质、指对幂函数（全国通用）（学生版）（会一题通一类系列）.docx,a05f76839f-009,,对数运算,REPRESENTATION_GUIDE,type 不合 3 值规则（协议 §1 禁用 REPRESENTATION_GUIDE），待重判
2026年新高考资料/专项复习/2026年高考数学命题背景探究（全国通用）（会一题通一类系列）/资料/专题12 以相关公式、定义、定理、模型为命题背景（附加）（全国通用）（学生版）（会一题通一类系列）.docx,f53b1f065b-005,,复数的几何意义,REPRESENTATION_GUIDE,type 不合 3 值规则（协议 §1 禁用 REPRESENTATION_GUIDE），待重判
2026年新高考资料/专项复习/2026年高考数学命题背景探究（全国通用）（会一题通一类系列）/资料/专题12 以相关公式、定义、定理、模型为命题背景（附加）（全国通用）（学生版）（会一题通一类系列）.docx,f53b1f065b-022,,拉格朗日中值定理,DERIVATION,type 不合 3 值规则（协议 §1 禁用 DERIVATION），待重判
2026年新高考资料/专项复习/2026年高考数学命题背景探究（全国通用）（会一题通一类系列）/资料/专题12 以相关公式、定义、定理、模型为命题背景（附加）（全国通用）（学生版）（会一题通一类系列）.docx,f53b1f065b-025,,柯西中值定理,DERIVATION,type 不合 3 值规则（协议 §1 禁用 DERIVATION），待重判
2026年新高考资料/专项复习/【2】2026年高考复习数学圆的方程讲义（思维导图+知识要点+解题测率+题型归纳+巩固提升）（新高考通用）/第04讲 直线和圆的解答题讲义（思维导图+知识要点+解题测率+题型归纳+巩固提升）（新高考通用）-学生版.docx,7549033f7a-004,,圆的方程,REPRESENTATION_GUIDE,type 不合 3 值规则（协议 §1 禁用 REPRESENTATION_GUIDE），待重判
2026年新高考资料/二轮复习/2026年高考数学二轮复习举一反三系列（全国通用）/资料/2026版/专题3.1 导数的概念及其意义与运算（举一反三复习讲义）（全国通用）（学生版）.docx,33b01ebb11-001,,复合函数的导数,DERIVATION,type 不合 3 值规则（协议 §1 禁用 DERIVATION），待重判
2026年新高考资料/二轮复习/2026年高考数学二轮复习举一反三系列（全国通用）/资料/2026版/专题3.1 导数的概念及其意义与运算（举一反三复习讲义）（全国通用）（学生版）.docx,33b01ebb11-001,c,曲线-在-某点处的切线问题,WORKED_EXAMPLE,type 不合 3 值规则（协议 §1 禁用 WORKED_EXAMPLE），待重判
2026年新高考资料/二轮复习/2026年高考数学二轮复习知识清单（全国通用）/2026版/专题05  极化恒等式、三角形“四心”和奔驰定理（学生版）.docx,68307cc9a5-001,b,极化恒等式,REPRESENTATION_GUIDE,type 不合 3 值规则（协议 §1 禁用 REPRESENTATION_GUIDE），待重判
2026年新高考资料/二轮复习/【1】2026年高考数学二轮专题复习讲义（新高考通用）/第02讲 等差数列讲义（思维导图+知识要点+解题技巧+题型归纳+巩固提升）（新高考通用）-学生版.docx,62c1414e2e-004,b,等差数列的通项,DERIVATION,type 不合 3 值规则（协议 §1 禁用 DERIVATION），待重判
2026年新高考资料/二轮复习/【1】2026年高考数学二轮专题复习讲义（新高考通用）/第02讲 等差数列讲义（思维导图+知识要点+解题技巧+题型归纳+巩固提升）（新高考通用）-学生版.docx,62c1414e2e-004,c,等差数列的有关公式,REPRESENTATION_GUIDE,type 不合 3 值规则（协议 §1 禁用 REPRESENTATION_GUIDE），待重判
2026年新高考资料/二轮复习/【1】2026年高考数学二轮专题复习讲义（新高考通用）/第02讲 等差数列讲义（思维导图+知识要点+解题技巧+题型归纳+巩固提升）（新高考通用）-学生版.docx,62c1414e2e-006,,等差数列的前n项和,REPRESENTATION_GUIDE,type 不合 3 值规则（协议 §1 禁用 REPRESENTATION_GUIDE），待重判
2026年新高考资料/二轮复习/【1】2026年高考数学二轮专题复习讲义（新高考通用）/第02讲 等差数列讲义（思维导图+知识要点+解题技巧+题型归纳+巩固提升）（新高考通用）-学生版.docx,62c1414e2e-032,,等差数列前项和的常用性质,REPRESENTATION_GUIDE,type 不合 3 值规则（协议 §1 禁用 REPRESENTATION_GUIDE），待重判
2026年新高考资料/二轮复习/【1】2026年高考数学二轮专题复习讲义（新高考通用）/第03讲 等比数列讲义（思维导图+知识要点+解题技巧+题型归纳+巩固提升）（新高考通用）-学生版.docx,66cdd05410-006,,等比数列,REPRESENTATION_GUIDE,type 不合 3 值规则（协议 §1 禁用 REPRESENTATION_GUIDE），待重判
2026年新高考资料/二轮复习/【1】2026年高考数学二轮专题复习讲义（新高考通用）/第03讲 等比数列讲义（思维导图+知识要点+解题技巧+题型归纳+巩固提升）（新高考通用）-学生版.docx,66cdd05410-008,c,等比数列,REPRESENTATION_GUIDE,type 不合 3 值规则（协议 §1 禁用 REPRESENTATION_GUIDE），待重判
2026年新高考资料/二轮复习/【20】2026年高考数学二轮复习教考衔接教材命题点探源学案/教考衔接一 集合与常用逻辑用语、不等式（学生版）.docx,51dacf7571-013,b,柯西不等式与权方和不等式,DERIVATION,type 不合 3 值规则（协议 §1 禁用 DERIVATION），待重判
2026年新高考资料/二轮复习/【20】2026年高考数学二轮复习教考衔接教材命题点探源学案/教考衔接九 空间向量与立体几何（学生版）.docx,484f42ba2f-006,,三余弦定理,DERIVATION,type 不合 3 值规则（协议 §1 禁用 DERIVATION），待重判
2026年新高考资料/二轮复习/【20】2026年高考数学二轮复习教考衔接教材命题点探源学案/教考衔接十三 计数原理与二项式定理（学生版）.docx,fbaf2a917e-010,c,二项式定理,DERIVATION,type 不合 3 值规则（协议 §1 禁用 DERIVATION），待重判
2026年新高考资料/二轮复习/【3】2026年高考数学二轮专题复习讲义/培优点03：爪形结构与分角定理+张角定理（知识梳理+题型归纳）（学生版）.docx,7d4877601e-004,,分角定理,DERIVATION,type 不合 3 值规则（协议 §1 禁用 DERIVATION），待重判
2026年新高考资料/二轮复习/【3】2026年高考数学二轮专题复习讲义/培优点03：爪形结构与分角定理+张角定理（知识梳理+题型归纳）（学生版）.docx,7d4877601e-005,,梅涅劳斯定理,DERIVATION,type 不合 3 值规则（协议 §1 禁用 DERIVATION），待重判
2026年新高考资料/二轮复习/【3】2026年高考数学二轮专题复习讲义/培优点03：爪形结构与分角定理+张角定理（知识梳理+题型归纳）（学生版）.docx,7d4877601e-006,,塞瓦定理,DERIVATION,type 不合 3 值规则（协议 §1 禁用 DERIVATION），待重判
2026年新高考资料/二轮复习/【3】2026年高考数学二轮专题复习讲义/培优点21：对数均值不等式（知识梳理+题型归纳）（学生版）.docx,b6a4456839-003,,对数平均不等式,DERIVATION,type 不合 3 值规则（协议 §1 禁用 DERIVATION），待重判
2026年新高考资料/二轮复习/【5】2026年高考数学二轮复习讲义（新高考通用）/第03讲 组合与组合数讲义（思维导图+知识要点+解题技巧+题型归纳+巩固提升）（新高考通用）-学生版.docx,a00d3bd73f-001,b,组合,DERIVATION,type 不合 3 值规则（协议 §1 禁用 DERIVATION），待重判
2026年新高考资料/二轮复习/【5】2026年高考数学二轮复习讲义（新高考通用）/第05讲 高中排列组合模型讲义（思维导图+知识要点+解题技巧+题型归纳+巩固提升）（新高考通用）-学生版.docx,096426d70c-042,,几何体染色的处理技巧,REPRESENTATION_GUIDE,type 不合 3 值规则（协议 §1 禁用 REPRESENTATION_GUIDE），待重判
2026年新高考资料/二轮复习/【6】2026年高考数学二轮复习精练（新高考通用）/重难点1-2 利用基本不等式求最值（6重难点题型+4秒杀技巧与性质+题型特训）（学生版）.docx,36955442fd-001,b,对勾函数,REPRESENTATION_GUIDE,type 不合 3 值规则（协议 §1 禁用 REPRESENTATION_GUIDE），待重判
27版五三/53模拟B版（2027版）/2027版.5·3B版.新教材.化学.新高考版.高三.全一册_学生用书全一册/一、本书配套电子教参/专题三元素及其化合物/专题PDF/专题三  元素及其化合物.pdf,15fcabc7cf-017,,浓硫酸,DERIVATION,type 不合 3 值规则（协议 §1 禁用 DERIVATION），待重判
27版五三/53模拟B版（2027版）/2027版.5·3B版.新教材.化学.新高考版.高三.全一册_学生用书全一册/一、本书配套电子教参/专题九水溶液中的离子反应与平衡/专题PDF/专题九  水溶液中的离子反应与平衡.pdf,e1f44db337-001,d,强酸与弱酸-强碱与弱碱稀释时的ph变化图像,REPRESENTATION_GUIDE,type 不合 3 值规则（协议 §1 禁用 REPRESENTATION_GUIDE），待重判
27版五三/53模拟B版（2027版）/2027版.5·3B版.新教材.化学.新高考版.高三.全一册_学生用书全一册/一、本书配套电子教参/专题九水溶液中的离子反应与平衡/专题PDF/专题九  水溶液中的离子反应与平衡.pdf,e1f44db337-002,d,滴定曲线,REPRESENTATION_GUIDE,type 不合 3 值规则（协议 §1 禁用 REPRESENTATION_GUIDE），待重判
27版五三/53模拟B版（2027版）/2027版.5·3B版.新教材.化学.新高考版.高三.全一册_学生用书全一册/一、本书配套电子教参/专题九水溶液中的离子反应与平衡/专题PDF/专题九  水溶液中的离子反应与平衡.pdf,e1f44db337-003,b,水解平衡常数-能水解的盐表示为ma,DERIVATION,type 不合 3 值规则（协议 §1 禁用 DERIVATION），待重判
27版五三/53模拟B版（2027版）/2027版.5·3B版.新教材.化学.新高考版.高三.全一册_学生用书全一册/一、本书配套电子教参/专题九水溶液中的离子反应与平衡/专题PDF/专题九  水溶液中的离子反应与平衡.pdf,e1f44db337-027,b,解沉淀溶解平衡图像题的三步骤,REPRESENTATION_GUIDE,type 不合 3 值规则（协议 §1 禁用 REPRESENTATION_GUIDE），待重判
27版五三/53模拟B版（2027版）/2027版.5·3B版.新教材.化学.新高考版.高三.全一册_学生用书全一册/一、本书配套电子教参/专题九水溶液中的离子反应与平衡/专题PDF/专题九  水溶液中的离子反应与平衡.pdf,e1f44db337-028,,影响沉淀溶解平衡的因素,REPRESENTATION_GUIDE,type 不合 3 值规则（协议 §1 禁用 REPRESENTATION_GUIDE），待重判
27版五三/53模拟B版（2027版）/2027版.5·3B版.新教材.化学.新高考版.高三.全一册_学生用书全一册/一、本书配套电子教参/专题九水溶液中的离子反应与平衡/专题PDF/专题九  水溶液中的离子反应与平衡.pdf,e1f44db337-028,b,沉淀滴定法,REPRESENTATION_GUIDE,type 不合 3 值规则（协议 §1 禁用 REPRESENTATION_GUIDE），待重判
27版五三/53模拟B版（2027版）/2027版.5·3B版.新教材.化学.新高考版.高三.全一册_学生用书全一册/一、本书配套电子教参/专题九水溶液中的离子反应与平衡/专题PDF/专题九  水溶液中的离子反应与平衡.pdf,e1f44db337-029,b,配位化合物,REPRESENTATION_GUIDE,type 不合 3 值规则（协议 §1 禁用 REPRESENTATION_GUIDE），待重判
27版五三/53模拟B版（2027版）/2027版.5·3B版.新教材.化学.新高考版.高三.全一册_学生用书全一册/一、本书配套电子教参/专题九水溶液中的离子反应与平衡/专题PDF/专题九  水溶液中的离子反应与平衡.pdf,e1f44db337-030,b,常规图像解题分析,REPRESENTATION_GUIDE,type 不合 3 值规则（协议 §1 禁用 REPRESENTATION_GUIDE），待重判
27版五三/53模拟B版（2027版）/2027版.5·3B版.新教材.化学.新高考版.高三.全一册_学生用书全一册/一、本书配套电子教参/专题九水溶液中的离子反应与平衡/专题PDF/专题九  水溶液中的离子反应与平衡.pdf,e1f44db337-031,,沉淀溶解平衡体系中相关计算方法,DERIVATION,type 不合 3 值规则（协议 §1 禁用 DERIVATION），待重判
27版五三/53模拟B版（2027版）/2027版.5·3B版.新教材.化学.新高考版.高三.全一册_学生用书全一册/一、本书配套电子教参/专题九水溶液中的离子反应与平衡/专题PDF/专题九  水溶液中的离子反应与平衡.pdf,e1f44db337-031,c,对数折线图四步法,REPRESENTATION_GUIDE,type 不合 3 值规则（协议 §1 禁用 REPRESENTATION_GUIDE），待重判
27版五三/53模拟B版（2027版）/2027版.5·3B版.新教材.化学.新高考版.高三.全一册_学生用书全一册/一、本书配套电子教参/专题二离子反应氧化还原反应/专题PDF/专题二  离子反应  氧化还原反应.pdf,1ff1c78002-003,b,陌生化学方程式书写的思路,WORKED_EXAMPLE,type 不合 3 值规则（协议 §1 禁用 WORKED_EXAMPLE），待重判
27版五三/53模拟B版（2027版）/2027版.5·3B版.新教材.化学.新高考版.高三.全一册_学生用书全一册/一、本书配套电子教参/专题五 化学键分子和晶体的结构与性质/专题PDF/专题五  化学键  分子和晶体的结构与性质.pdf,7645e88401-001,b,分子-或离子-空间结构的判断,REPRESENTATION_GUIDE,type 不合 3 值规则（协议 §1 禁用 REPRESENTATION_GUIDE），待重判
27版五三/53模拟B版（2027版）/2027版.5·3B版.新教材.化学.新高考版.高三.全一册_学生用书全一册/一、本书配套电子教参/专题五 化学键分子和晶体的结构与性质/专题PDF/专题五  化学键  分子和晶体的结构与性质.pdf,7645e88401-003,b,晶胞组成的计算-均摊法,REPRESENTATION_GUIDE,type 不合 3 值规则（协议 §1 禁用 REPRESENTATION_GUIDE），待重判
27版五三/53模拟B版（2027版）/2027版.5·3B版.新教材.化学.新高考版.高三.全一册_学生用书全一册/一、本书配套电子教参/专题五 化学键分子和晶体的结构与性质/专题PDF/专题五  化学键  分子和晶体的结构与性质.pdf,7645e88401-004,b,分子的极性,REPRESENTATION_GUIDE,type 不合 3 值规则（协议 §1 禁用 REPRESENTATION_GUIDE），待重判
27版五三/53模拟B版（2027版）/2027版.5·3B版.新教材.化学.新高考版.高三.全一册_学生用书全一册/一、本书配套电子教参/专题五 化学键分子和晶体的结构与性质/专题PDF/专题五  化学键  分子和晶体的结构与性质.pdf,7645e88401-035,b,晶胞,REPRESENTATION_GUIDE,type 不合 3 值规则（协议 §1 禁用 REPRESENTATION_GUIDE），待重判
27版五三/53模拟B版（2027版）/2027版.5·3B版.新教材.化学.新高考版.高三.全一册_学生用书全一册/一、本书配套电子教参/专题八化学反应速率与化学平衡/专题PDF/专题八  化学反应速率与化学平衡.pdf,00be305a22-003,b,速率-时间图像,REPRESENTATION_GUIDE,type 不合 3 值规则（协议 §1 禁用 REPRESENTATION_GUIDE），待重判
27版五三/53模拟B版（2027版）/2027版.5·3B版.新教材.化学.新高考版.高三.全一册_学生用书全一册/一、本书配套电子教参/专题八化学反应速率与化学平衡/专题PDF/专题八  化学反应速率与化学平衡.pdf,00be305a22-004,,物质的量-或浓度-时间图像,REPRESENTATION_GUIDE,type 不合 3 值规则（协议 §1 禁用 REPRESENTATION_GUIDE），待重判
27版五三/53模拟B版（2027版）/2027版.5·3B版.新教材.化学.新高考版.高三.全一册_学生用书全一册/一、本书配套电子教参/专题八化学反应速率与化学平衡/专题PDF/专题八  化学反应速率与化学平衡.pdf,00be305a22-004,b,含量-或转化率-时间-温度-压强-图像,REPRESENTATION_GUIDE,type 不合 3 值规则（协议 §1 禁用 REPRESENTATION_GUIDE），待重判
27版五三/53模拟B版（2027版）/2027版.5·3B版.新教材.化学.新高考版.高三.全一册_学生用书全一册/一、本书配套电子教参/专题八化学反应速率与化学平衡/专题PDF/专题八  化学反应速率与化学平衡.pdf,00be305a22-005,b,常规图像解题分析,REPRESENTATION_GUIDE,type 不合 3 值规则（协议 §1 禁用 REPRESENTATION_GUIDE），待重判
27版五三/53模拟B版（2027版）/2027版.5·3B版.新教材.化学.新高考版.高三.全一册_学生用书全一册/一、本书配套电子教参/专题八化学反应速率与化学平衡/专题PDF/专题八  化学反应速率与化学平衡.pdf,00be305a22-005,d,化工生产中的复杂图像分析,REPRESENTATION_GUIDE,type 不合 3 值规则（协议 §1 禁用 REPRESENTATION_GUIDE），待重判
27版五三/53模拟B版（2027版）/2027版.5·3B版.新教材.化学.新高考版.高三.全一册_学生用书全一册/一、本书配套电子教参/专题八化学反应速率与化学平衡/专题PDF/专题八  化学反应速率与化学平衡.pdf,00be305a22-010,c,平衡常数与速率常数的有关计算,DERIVATION,type 不合 3 值规则（协议 §1 禁用 DERIVATION），待重判
27版五三/53模拟B版（2027版）/2027版.5·3B版.新教材.化学.新高考版.高三.全一册_学生用书全一册/一、本书配套电子教参/专题八化学反应速率与化学平衡/专题PDF/专题八  化学反应速率与化学平衡.pdf,00be305a22-010,d,阿伦尼乌斯公式,DERIVATION,type 不合 3 值规则（协议 §1 禁用 DERIVATION），待重判
27版五三/53模拟B版（2027版）/2027版.5·3B版.新教材.化学.新高考版.高三.全一册_学生用书全一册/一、本书配套电子教参/专题八化学反应速率与化学平衡/专题PDF/专题八  化学反应速率与化学平衡.pdf,00be305a22-052,,多重平衡体系解题技巧,REPRESENTATION_GUIDE,type 不合 3 值规则（协议 §1 禁用 REPRESENTATION_GUIDE），待重判
27版五三/53模拟B版（2027版）/2027版.5·3B版.新教材.化学.新高考版.高三.全一册_学生用书全一册/一、本书配套电子教参/专题六化学反应的热效应/专题PDF/专题六  化学反应的热效应.pdf,70f6560213-002,,能垒与决速步骤,REPRESENTATION_GUIDE,type 不合 3 值规则（协议 §1 禁用 REPRESENTATION_GUIDE），待重判
27版五三/53模拟B版（2027版）/2027版.5·3B版.新教材.化学.新高考版.高三.全一册_学生用书全一册/一、本书配套电子教参/专题六化学反应的热效应/专题PDF/专题六  化学反应的热效应.pdf,70f6560213-002,b,能垒与决速步骤,REPRESENTATION_GUIDE,type 不合 3 值规则（协议 §1 禁用 REPRESENTATION_GUIDE），待重判
27版五三/53模拟B版（2027版）/2027版.5·3B版.新教材.化学.新高考版.高三.全一册_学生用书全一册/一、本书配套电子教参/专题六化学反应的热效应/专题PDF/专题六  化学反应的热效应.pdf,70f6560213-003,,反应机理,REPRESENTATION_GUIDE,type 不合 3 值规则（协议 §1 禁用 REPRESENTATION_GUIDE），待重判
27版五三/53模拟B版（2027版）/2027版.5·3B版.新教材.化学.新高考版.高三.全一册_学生用书全一册/一、本书配套电子教参/专题十二 化学实验综合/专题PDF/专题十二  化学实验综合.pdf,1422ee20c2-001,,常见仪器,REPRESENTATION_GUIDE,type 不合 3 值规则（协议 §1 禁用 REPRESENTATION_GUIDE），待重判
27版五三/53模拟B版（2027版）/2027版.5·3B版.新教材.化学.新高考版.高三.全一册_学生用书全一册/一、本书配套电子教参/专题十二 化学实验综合/专题PDF/专题十二  化学实验综合.pdf,1422ee20c2-001,b,药品取用,REPRESENTATION_GUIDE,type 不合 3 值规则（协议 §1 禁用 REPRESENTATION_GUIDE），待重判
27版五三/53模拟B版（2027版）/2027版.5·3B版.新教材.化学.新高考版.高三.全一册_学生用书全一册/一、本书配套电子教参/专题十二 化学实验综合/专题PDF/专题十二  化学实验综合.pdf,1422ee20c2-001,d,物质检验,REPRESENTATION_GUIDE,type 不合 3 值规则（协议 §1 禁用 REPRESENTATION_GUIDE），待重判
27版五三/53模拟B版（2027版）/2027版.5·3B版.新教材.化学.新高考版.高三.全一册_学生用书全一册/一、本书配套电子教参/专题十二 化学实验综合/专题PDF/专题十二  化学实验综合.pdf,1422ee20c2-002,,常见仪器,REPRESENTATION_GUIDE,type 不合 3 值规则（协议 §1 禁用 REPRESENTATION_GUIDE），待重判
27版五三/53模拟B版（2027版）/2027版.5·3B版.新教材.化学.新高考版.高三.全一册_学生用书全一册/一、本书配套电子教参/专题十二 化学实验综合/专题PDF/专题十二  化学实验综合.pdf,1422ee20c2-002,b,实验方案设计,REPRESENTATION_GUIDE,type 不合 3 值规则（协议 §1 禁用 REPRESENTATION_GUIDE），待重判
27版五三/53模拟B版（2027版）/2027版.5·3B版.新教材.化学.新高考版.高三.全一册_学生用书全一册/一、本书配套电子教参/专题十二 化学实验综合/专题PDF/专题十二  化学实验综合.pdf,1422ee20c2-002,c,物质检验,REPRESENTATION_GUIDE,type 不合 3 值规则（协议 §1 禁用 REPRESENTATION_GUIDE），待重判
27版五三/53模拟B版（2027版）/2027版.5·3B版.新教材.化学.新高考版.高三.全一册_学生用书全一册/一、本书配套电子教参/专题十二 化学实验综合/专题PDF/专题十二  化学实验综合.pdf,1422ee20c2-003,,物质检验,REPRESENTATION_GUIDE,type 不合 3 值规则（协议 §1 禁用 REPRESENTATION_GUIDE），待重判
27版五三/53模拟B版（2027版）/2027版.5·3B版.新教材.化学.新高考版.高三.全一册_学生用书全一册/一、本书配套电子教参/专题十二 化学实验综合/专题PDF/专题十二  化学实验综合.pdf,1422ee20c2-003,c,分离提纯,REPRESENTATION_GUIDE,type 不合 3 值规则（协议 §1 禁用 REPRESENTATION_GUIDE），待重判
27版五三/53模拟B版（2027版）/2027版.5·3B版.新教材.化学.新高考版.高三.全一册_学生用书全一册/一、本书配套电子教参/专题十二 化学实验综合/专题PDF/专题十二  化学实验综合.pdf,1422ee20c2-004,,分离提纯,REPRESENTATION_GUIDE,type 不合 3 值规则（协议 §1 禁用 REPRESENTATION_GUIDE），待重判
27版五三/53模拟B版（2027版）/2027版.5·3B版.新教材.化学.新高考版.高三.全一册_学生用书全一册/一、本书配套电子教参/专题十二 化学实验综合/专题PDF/专题十二  化学实验综合.pdf,1422ee20c2-004,b,气体制备,REPRESENTATION_GUIDE,type 不合 3 值规则（协议 §1 禁用 REPRESENTATION_GUIDE），待重判
27版五三/53模拟B版（2027版）/2027版.5·3B版.新教材.化学.新高考版.高三.全一册_学生用书全一册/一、本书配套电子教参/专题十二 化学实验综合/专题PDF/专题十二  化学实验综合.pdf,1422ee20c2-005,,气体制备,REPRESENTATION_GUIDE,type 不合 3 值规则（协议 §1 禁用 REPRESENTATION_GUIDE），待重判
27版五三/53模拟B版（2027版）/2027版.5·3B版.新教材.化学.新高考版.高三.全一册_学生用书全一册/一、本书配套电子教参/专题十二 化学实验综合/专题PDF/专题十二  化学实验综合.pdf,1422ee20c2-005,b,常见仪器,REPRESENTATION_GUIDE,type 不合 3 值规则（协议 §1 禁用 REPRESENTATION_GUIDE），待重判
27版五三/53模拟B版（2027版）/2027版.5·3B版.新教材.化学.新高考版.高三.全一册_学生用书全一册/一、本书配套电子教参/专题十二 化学实验综合/专题PDF/专题十二  化学实验综合.pdf,1422ee20c2-006,d,实验综合题答题模板,REPRESENTATION_GUIDE,type 不合 3 值规则（协议 §1 禁用 REPRESENTATION_GUIDE），待重判
27版五三/53模拟B版（2027版）/2027版.5·3B版.新教材.化学.新高考版.高三.全一册_学生用书全一册/一、本书配套电子教参/专题十二 化学实验综合/专题PDF/专题十二  化学实验综合.pdf,1422ee20c2-007,b,实验方案设计,REPRESENTATION_GUIDE,type 不合 3 值规则（协议 §1 禁用 REPRESENTATION_GUIDE），待重判
27版五三/53模拟B版（2027版）/2027版.5·3B版.新教材.化学.新高考版.高三.全一册_学生用书全一册/一、本书配套电子教参/专题十二 化学实验综合/专题PDF/专题十二  化学实验综合.pdf,1422ee20c2-008,,实验方案设计,REPRESENTATION_GUIDE,type 不合 3 值规则（协议 §1 禁用 REPRESENTATION_GUIDE），待重判
27版五三/53模拟B版（2027版）/2027版.5·3B版.新教材.化学.新高考版.高三.全一册_学生用书全一册/一、本书配套电子教参/专题十二 化学实验综合/专题PDF/专题十二  化学实验综合.pdf,1422ee20c2-016,,实验方案设计,REPRESENTATION_GUIDE,type 不合 3 值规则（协议 §1 禁用 REPRESENTATION_GUIDE），待重判
27版五三/53模拟B版（2027版）/2027版.5·3B版.新教材.化学.新高考版.高三.全一册_学生用书全一册/一、本书配套电子教参/专题十二 化学实验综合/专题PDF/专题十二  化学实验综合.pdf,1422ee20c2-020,,焰色试验,REPRESENTATION_GUIDE,type 不合 3 值规则（协议 §1 禁用 REPRESENTATION_GUIDE），待重判
27版五三/53模拟B版（2027版）/2027版.5·3B版.新教材.化学.新高考版.高三.全一册_学生用书全一册/一、本书配套电子教参/专题十二 化学实验综合/专题PDF/专题十二  化学实验综合.pdf,1422ee20c2-033,,分离提纯,REPRESENTATION_GUIDE,type 不合 3 值规则（协议 §1 禁用 REPRESENTATION_GUIDE），待重判
27版五三/53模拟B版（2027版）/2027版.5·3B版.新教材.化学.新高考版.高三.全一册_学生用书全一册/一、本书配套电子教参/专题十二 化学实验综合/专题PDF/专题十二  化学实验综合.pdf,1422ee20c2-040,,常见仪器,REPRESENTATION_GUIDE,type 不合 3 值规则（协议 §1 禁用 REPRESENTATION_GUIDE），待重判
27版五三/53模拟B版（2027版）/2027版.5·3B版.新教材.化学.新高考版.高三.全一册_学生用书全一册/一、本书配套电子教参/专题十二 化学实验综合/专题PDF/专题十二  化学实验综合.pdf,1422ee20c2-045,,常见仪器,REPRESENTATION_GUIDE,type 不合 3 值规则（协议 §1 禁用 REPRESENTATION_GUIDE），待重判
27版五三/53模拟B版（2027版）/2027版.5·3B版.新教材.化学.新高考版.高三.全一册_学生用书全一册/一、本书配套电子教参/专题十二 化学实验综合/专题PDF/专题十二  化学实验综合.pdf,1422ee20c2-046,,常见仪器,REPRESENTATION_GUIDE,type 不合 3 值规则（协议 §1 禁用 REPRESENTATION_GUIDE），待重判
27版五三/53模拟B版（2027版）/2027版.5·3B版.新教材.化学.新高考版.高三.全一册_学生用书全一册/一、本书配套电子教参/专题十二 化学实验综合/专题PDF/专题十二  化学实验综合.pdf,1422ee20c2-048,b,常见仪器,REPRESENTATION_GUIDE,type 不合 3 值规则（协议 §1 禁用 REPRESENTATION_GUIDE），待重判
27版五三/53模拟B版（2027版）/2027版.5·3B版.新教材.化学.新高考版.高三.全一册_学生用书全一册/一、本书配套电子教参/专题十二 化学实验综合/专题PDF/专题十二  化学实验综合.pdf,1422ee20c2-053,,常见仪器,REPRESENTATION_GUIDE,type 不合 3 值规则（协议 §1 禁用 REPRESENTATION_GUIDE），待重判
27版五三/53模拟B版（2027版）/2027版.5·3B版.新教材.化学.新高考版.高三.全一册_学生用书全一册/一、本书配套电子教参/专题十二 化学实验综合/专题PDF/专题十二  化学实验综合.pdf,1422ee20c2-055,c,蒸馏,REPRESENTATION_GUIDE,type 不合 3 值规则（协议 §1 禁用 REPRESENTATION_GUIDE），待重判
27版五三/53模拟B版（2027版）/2027版.5·3B版.新教材.化学.新高考版.高三.全一册_学生用书全一册/一、本书配套电子教参/专题十二 化学实验综合/专题PDF/专题十二  化学实验综合.pdf,1422ee20c2-056,,气体制备,REPRESENTATION_GUIDE,type 不合 3 值规则（协议 §1 禁用 REPRESENTATION_GUIDE），待重判
27版五三/53模拟B版（2027版）/2027版.5·3B版.新教材.化学.新高考版.高三.全一册_学生用书全一册/一、本书配套电子教参/专题十二 化学实验综合/专题PDF/专题十二  化学实验综合.pdf,1422ee20c2-057,,常见仪器,REPRESENTATION_GUIDE,type 不合 3 值规则（协议 §1 禁用 REPRESENTATION_GUIDE），待重判
27版五三/53模拟B版（2027版）/2027版.5·3B版.新教材.化学.新高考版.高三.全一册_学生用书全一册/一、本书配套电子教参/专题十二 化学实验综合/专题PDF/专题十二  化学实验综合.pdf,1422ee20c2-062,,沉淀溶解平衡的应用,DERIVATION,type 不合 3 值规则（协议 §1 禁用 DERIVATION），待重判
27版五三/53模拟B版（2027版）/2027版.5·3B版.新教材.化学.新高考版.高三.全一册_学生用书全一册/一、本书配套电子教参/专题十二 化学实验综合/专题PDF/专题十二  化学实验综合.pdf,1422ee20c2-066,,溶液的配制步骤,REPRESENTATION_GUIDE,type 不合 3 值规则（协议 §1 禁用 REPRESENTATION_GUIDE），待重判
27版五三/53模拟B版（2027版）/2027版.5·3B版.新教材.化学.新高考版.高三.全一册_学生用书全一册/一、本书配套电子教参/专题四 原子结构元素周期律/专题PDF/专题四  原子结构  元素周期律.pdf,c8f0c72345-001,,基态原子核外电子排布的表示方法,REPRESENTATION_GUIDE,type 不合 3 值规则（协议 §1 禁用 REPRESENTATION_GUIDE），待重判
27版五三/53模拟B版（2027版）/2027版.5·3B版.新教材.化学.新高考版.高三.全一册_学生用书全一册/一、本书配套电子教参/专题四 原子结构元素周期律/专题PDF/专题四  原子结构  元素周期律.pdf,c8f0c72345-001,b,主族元素的原子结构和元素性质的变化规律,REPRESENTATION_GUIDE,type 不合 3 值规则（协议 §1 禁用 REPRESENTATION_GUIDE），待重判
27版五三/53模拟B版（2027版）/2027版.5·3B版.新教材.化学.新高考版.高三.全一册_学生用书全一册/一、本书配套电子教参/专题四 原子结构元素周期律/专题PDF/专题四  原子结构  元素周期律.pdf,c8f0c72345-003,,电子数相等的粒子的判断与应用,REPRESENTATION_GUIDE,type 不合 3 值规则（协议 §1 禁用 REPRESENTATION_GUIDE），待重判
27版五三/53模拟B版（2027版）/2027版.5·3B版.新教材.化学.新高考版.高三.全一册_学生用书全一册/一、本书配套电子教参/专题四 原子结构元素周期律/专题PDF/专题四  原子结构  元素周期律.pdf,c8f0c72345-004,b,根据分子-离子-结构推断元素,REPRESENTATION_GUIDE,type 不合 3 值规则（协议 §1 禁用 REPRESENTATION_GUIDE），待重判
27版五三/53模拟B版（2027版）/2027版.5·3B版.新教材.化学.新高考版.高三.全一册_学生用书全一册/一、本书配套电子教参/专题四 原子结构元素周期律/专题PDF/专题四  原子结构  元素周期律.pdf,c8f0c72345-007,b,电子式的书写与判断,REPRESENTATION_GUIDE,type 不合 3 值规则（协议 §1 禁用 REPRESENTATION_GUIDE），待重判
27版五三/53模拟B版（2027版）/2027版.5·3B版.新教材.化学.新高考版.高三.全一册_学生用书全一册/一、本书配套电子教参/专题四 原子结构元素周期律/专题PDF/专题四  原子结构  元素周期律.pdf,c8f0c72345-008,b,烯烃的顺反异构,REPRESENTATION_GUIDE,type 不合 3 值规则（协议 §1 禁用 REPRESENTATION_GUIDE），待重判
27版五三/53模拟B版（2027版）/2027版.5·3B版.新教材.化学.新高考版.高三.全一册_学生用书全一册/一、本书配套电子教参/专题四 原子结构元素周期律/专题PDF/专题四  原子结构  元素周期律.pdf,c8f0c72345-018,c,基态原子核外电子排布的表示方法,REPRESENTATION_GUIDE,type 不合 3 值规则（协议 §1 禁用 REPRESENTATION_GUIDE），待重判
27版五三/53模拟B版（2027版）/2027版.5·3B版.新教材.数学.新高考版.高三.全一册_学生用书全一册/一、本书配套电子教参/分层训练/专题一 集合、常用逻辑用语与不等式/一年创新•风向练/训练册PDF/一年创新风向练.pdf,332b83a2c4-001,c,证明不等式,DERIVATION,type 不合 3 值规则（协议 §1 禁用 DERIVATION），待重判
27版五三/53模拟B版（2027版）/2027版.5·3B版.新教材.数学.新高考版.高三.全一册_学生用书全一册/一、本书配套电子教参/分层训练/专题七  立体几何与空间向量/培优11 空间几何体的截面与交线问题/训练册PDF/培优11　空间几何体的截面与交线问题.pdf,6e17f801c0-003,,三余弦定理,DERIVATION,type 不合 3 值规则（协议 §1 禁用 DERIVATION），待重判
27版五三/53模拟B版（2027版）/2027版.5·3B版.新教材.数学.新高考版.高三.全一册_学生用书全一册/一、本书配套电子教参/分层训练/专题三 导数及其应用/3.2利用导数研究函数的单调性、极值和最值/训练册PDF/3.2　利用导数研究函数的单调性、极值和最值.pdf,395579b2b1-005,c,三角函数放缩不等式,DERIVATION,type 不合 3 值规则（协议 §1 禁用 DERIVATION），待重判
27版五三/53模拟B版（2027版）/2027版.5·3B版.新教材.数学.新高考版.高三.全一册_学生用书全一册/一、本书配套电子教参/分层训练/专题三 导数及其应用/培优5 极值点偏移问题/训练册PDF/培优5　极值点偏移问题.pdf,756b0344d1-001,d,对数平均不等式,DERIVATION,type 不合 3 值规则（协议 §1 禁用 DERIVATION），待重判
27版五三/53模拟B版（2027版）/2027版.5·3B版.新教材.数学.新高考版.高三.全一册_学生用书全一册/一、本书配套电子教参/分层训练/专题三 导数及其应用/培优5 极值点偏移问题/训练册PDF/培优5　极值点偏移问题.pdf,756b0344d1-002,,对数平均不等式,REPRESENTATION_GUIDE,type 不合 3 值规则（协议 §1 禁用 REPRESENTATION_GUIDE），待重判
27版五三/53模拟B版（2027版）/2027版.5·3B版.新教材.数学.新高考版.高三.全一册_学生用书全一册/一、本书配套电子教参/分层训练/专题二 函数及其性质/2.4函数的零点与方程的根/训练册PDF/2.4　函数的零点与方程的根.pdf,a0656377b5-004,b,函数图象的翻折变换,REPRESENTATION_GUIDE,type 不合 3 值规则（协议 §1 禁用 REPRESENTATION_GUIDE），待重判
27版五三/53模拟B版（2027版）/2027版.5·3B版.新教材.数学.新高考版.高三.全一册_学生用书全一册/一、本书配套电子教参/分层训练/专题二 函数及其性质/2.5函数模型及应用/训练册PDF/2.5　函数模型及应用.pdf,a356a31c16-002,,导数的几何意义,REPRESENTATION_GUIDE,type 不合 3 值规则（协议 §1 禁用 REPRESENTATION_GUIDE），待重判
27版五三/53模拟B版（2027版）/2027版.5·3B版.新教材.数学.新高考版.高三.全一册_学生用书全一册/一、本书配套电子教参/分层训练/专题五 平面向量与复数/5.2复数/训练册PDF/5.2　复数.pdf,969e1cd1fa-003,b,复数的几何意义,REPRESENTATION_GUIDE,type 不合 3 值规则（协议 §1 禁用 REPRESENTATION_GUIDE），待重判
27版五三/53模拟B版（2027版）/2027版.5·3B版.新教材.数学.新高考版.高三.全一册_学生用书全一册/一、本书配套电子教参/分层训练/专题五 平面向量与复数/一年创新•风向练/训练册PDF/一年创新风向练.pdf,8b30db817d-001,,斜坐标系中的向量运算,REPRESENTATION_GUIDE,type 不合 3 值规则（协议 §1 禁用 REPRESENTATION_GUIDE），待重判
27版五三/53模拟B版（2027版）/2027版.5·3B版.新教材.数学.新高考版.高三.全一册_学生用书全一册/一、本书配套电子教参/分层训练/专题八 平面解析几何/一年创新•风向练/训练册PDF/一年创新风向练.pdf,6e860c89fd-001,,椭圆的离心率,REPRESENTATION_GUIDE,type 不合 3 值规则（协议 §1 禁用 REPRESENTATION_GUIDE），待重判
27版五三/53模拟B版（2027版）/2027版.5·3B版.新教材.数学.新高考版.高三.全一册_学生用书全一册/一、本书配套电子教参/分层训练/专题八 平面解析几何/一年创新•风向练/训练册PDF/一年创新风向练.pdf,6e860c89fd-004,,抛物线焦半径,DERIVATION,type 不合 3 值规则（协议 §1 禁用 DERIVATION），待重判
27版五三/53模拟B版（2027版）/2027版.5·3B版.新教材.数学.新高考版.高三.全一册_学生用书全一册/一、本书配套电子教参/分层训练/专题六 数列/6.2等差数列/训练册PDF/6.2　等差数列.pdf,eb06dd91c4-006,b,同角三角函数的基本关系,REPRESENTATION_GUIDE,type 不合 3 值规则（协议 §1 禁用 REPRESENTATION_GUIDE），待重判
27版五三/53模拟B版（2027版）/2027版.5·3B版.新教材.数学.新高考版.高三.全一册_学生用书全一册/一、本书配套电子教参/分层训练/专题四 三角函数与解三角形/4.1三角函数的概念、诱导公式、三角恒等变换/训练册PDF/4.1　三角函数的概念、诱导公式、三角恒等变换.pdf,04f7dd8847-001,b,三角函数的定义,REPRESENTATION_GUIDE,type 不合 3 值规则（协议 §1 禁用 REPRESENTATION_GUIDE），待重判
27版五三/53模拟B版（2027版）/2027版.5·3B版.新教材.数学.新高考版.高三.全一册_学生用书全一册/一、本书配套电子教参/分层训练/专题四 三角函数与解三角形/培优6 三角函数中ω的范围范围/训练册PDF/培优6　三角函数中ω的范围问题.pdf,d06a1e260a-006,b,函数y-asin-ωx-φ-的图象,WORKED_EXAMPLE,type 不合 3 值规则（协议 §1 禁用 WORKED_EXAMPLE），待重判
27版五三/53模拟B版（2027版）/2027版.5·3B版.新教材.数学.新高考版.高三.全一册_学生用书全一册/一、本书配套电子教参/重难突破/专题七  立体几何与空间向量/培优10  球的切、接问题/讲解册PDF/培优10　球的切、接问题.pdf,54bbe673d9-002,b,求解几何体外接球的半径的思路,WORKED_EXAMPLE,type 不合 3 值规则（协议 §1 禁用 WORKED_EXAMPLE），待重判
27版五三/53模拟B版（2027版）/2027版.5·3B版.新教材.数学.新高考版.高三.全一册_学生用书全一册/一、本书配套电子教参/重难突破/专题九 计数原理、概率与统计/题型透析/讲解册PDF/专题九　计数原理、概率与统计.pdf,d04314ab0b-001,d,二项式系数的性质,DERIVATION,type 不合 3 值规则（协议 §1 禁用 DERIVATION），待重判
27版五三/53模拟B版（2027版）/2027版.5·3B版.新教材.数学.新高考版.高三.全一册_学生用书全一册/一、本书配套电子教参/重难突破/专题九 计数原理、概率与统计/题型透析/讲解册PDF/专题九　计数原理、概率与统计.pdf,d04314ab0b-004,c,组合,DERIVATION,type 不合 3 值规则（协议 §1 禁用 DERIVATION），待重判
27版五三/53模拟B版（2027版）/2027版.5·3B版.新教材.数学.新高考版.高三.全一册_学生用书全一册/一、本书配套电子教参/重难突破/专题九 计数原理、概率与统计/题型透析/讲解册PDF/专题九　计数原理、概率与统计.pdf,d04314ab0b-012,,全期望公式,DERIVATION,type 不合 3 值规则（协议 §1 禁用 DERIVATION），待重判
27版五三/53模拟B版（2027版）/2027版.5·3B版.新教材.数学.新高考版.高三.全一册_学生用书全一册/一、本书配套电子教参/重难突破/专题二 函数及其性质/题型透析/讲解册PDF/专题二 函数及其性质.pdf,80fe6c0ef5-001,k,函数图象的平移与伸缩变换,REPRESENTATION_GUIDE,type 不合 3 值规则（协议 §1 禁用 REPRESENTATION_GUIDE），待重判
27版五三/53模拟B版（2027版）/2027版.5·3B版.新教材.数学.新高考版.高三.全一册_学生用书全一册/一、本书配套电子教参/重难突破/专题二 函数及其性质/题型透析/讲解册PDF/专题二 函数及其性质.pdf,80fe6c0ef5-001,l,函数图象的对称变换,REPRESENTATION_GUIDE,type 不合 3 值规则（协议 §1 禁用 REPRESENTATION_GUIDE），待重判
27版五三/53模拟B版（2027版）/2027版.5·3B版.新教材.数学.新高考版.高三.全一册_学生用书全一册/一、本书配套电子教参/重难突破/专题二 函数及其性质/题型透析/讲解册PDF/专题二 函数及其性质.pdf,80fe6c0ef5-001,x12,函数图象的翻折变换,REPRESENTATION_GUIDE,type 不合 3 值规则（协议 §1 禁用 REPRESENTATION_GUIDE），待重判
27版五三/53模拟B版（2027版）/2027版.5·3B版.新教材.数学.新高考版.高三.全一册_学生用书全一册/一、本书配套电子教参/重难突破/专题二 函数及其性质/题型透析/讲解册PDF/专题二 函数及其性质.pdf,80fe6c0ef5-005,c,对勾函数,REPRESENTATION_GUIDE,type 不合 3 值规则（协议 §1 禁用 REPRESENTATION_GUIDE），待重判
27版五三/53模拟B版（2027版）/2027版.5·3B版.新教材.数学.新高考版.高三.全一册_学生用书全一册/一、本书配套电子教参/重难突破/专题二 函数及其性质/题型透析/讲解册PDF/专题二 函数及其性质.pdf,80fe6c0ef5-011,,函数图象的对称变换,REPRESENTATION_GUIDE,type 不合 3 值规则（协议 §1 禁用 REPRESENTATION_GUIDE），待重判
27版五三/53模拟B版（2027版）/2027版.5·3B版.新教材.数学.新高考版.高三.全一册_学生用书全一册/一、本书配套电子教参/重难突破/专题二 函数及其性质/题型透析/讲解册PDF/专题二 函数及其性质.pdf,80fe6c0ef5-011,b,函数图象的对称变换,REPRESENTATION_GUIDE,type 不合 3 值规则（协议 §1 禁用 REPRESENTATION_GUIDE），待重判
27版五三/53模拟B版（2027版）/2027版.5·3B版.新教材.数学.新高考版.高三.全一册_学生用书全一册/一、本书配套电子教参/重难突破/专题五 平面向量与复数/题型透析/讲解册PDF/专题五　平面向量与复数.pdf,e99f917373-002,b,复数的几何意义,REPRESENTATION_GUIDE,type 不合 3 值规则（协议 §1 禁用 REPRESENTATION_GUIDE），待重判
27版五三/53模拟B版（2027版）/2027版.5·3B版.新教材.数学.新高考版.高三.全一册_学生用书全一册/五、53提分资料包/1.链接教材/提分资料包/27版53B-链接教材正文.pdf,93e7d67ed2-023,,圆锥曲线的综合问题,DERIVATION,type 不合 3 值规则（协议 §1 禁用 DERIVATION），待重判
27版五三/53模拟B版（2027版）/2027版.5·3B版.新教材.数学.新高考版.高三.全一册_学生用书全一册/五、53提分资料包/1.链接教材/提分资料包/27版53B-链接教材正文.pdf,93e7d67ed2-026,,椭圆的离心率,DERIVATION,type 不合 3 值规则（协议 §1 禁用 DERIVATION），待重判
27版五三/53模拟B版（2027版）/2027版.5·3B版.新教材.物理.新高考版.高三.全一册_学生用书全一册/一、本书配套电子教参/专题一  直线运动/专题PDF/01：专题一  PDF.pdf,a1972fae15-009,,非常规运动学图像,REPRESENTATION_GUIDE,type 不合 3 值规则（协议 §1 禁用 REPRESENTATION_GUIDE），待重判
27版五三/53模拟B版（2027版）/2027版.5·3B版.新教材.物理.新高考版.高三.全一册_学生用书全一册/一、本书配套电子教参/专题一  直线运动/专题PDF/01：专题一  PDF.pdf,a1972fae15-010,,匀变速直线运动的规律,REPRESENTATION_GUIDE,type 不合 3 值规则（协议 §1 禁用 REPRESENTATION_GUIDE），待重判
27版五三/53模拟B版（2027版）/2027版.5·3B版.新教材.物理.新高考版.高三.全一册_学生用书全一册/一、本书配套电子教参/专题一  直线运动/专题PDF/01：专题一  PDF.pdf,a1972fae15-010,c,位移差公式,REPRESENTATION_GUIDE,type 不合 3 值规则（协议 §1 禁用 REPRESENTATION_GUIDE），待重判
27版五三/53模拟B版（2027版）/2027版.5·3B版.新教材.物理.新高考版.高三.全一册_学生用书全一册/一、本书配套电子教参/专题一  直线运动/专题PDF/01：专题一  PDF.pdf,a1972fae15-014,,x-t图像-v-t图像-a-t图像的对比,REPRESENTATION_GUIDE,type 不合 3 值规则（协议 §1 禁用 REPRESENTATION_GUIDE），待重判
27版五三/53模拟B版（2027版）/2027版.5·3B版.新教材.物理.新高考版.高三.全一册_学生用书全一册/一、本书配套电子教参/专题一  直线运动/专题PDF/01：专题一  PDF.pdf,a1972fae15-014,b,非常规运动学图像,REPRESENTATION_GUIDE,type 不合 3 值规则（协议 §1 禁用 REPRESENTATION_GUIDE），待重判
27版五三/53模拟B版（2027版）/2027版.5·3B版.新教材.物理.新高考版.高三.全一册_学生用书全一册/一、本书配套电子教参/专题七  动量守恒定律/专题PDF/07：专题七  PDF.pdf,58156e4fa1-016,,动量定理,REPRESENTATION_GUIDE,type 不合 3 值规则（协议 §1 禁用 REPRESENTATION_GUIDE），待重判
27版五三/53模拟B版（2027版）/2027版.5·3B版.新教材.物理.新高考版.高三.全一册_学生用书全一册/一、本书配套电子教参/专题七  动量守恒定律/专题PDF/07：专题七  PDF.pdf,58156e4fa1-019,b,弹性碰撞,DERIVATION,type 不合 3 值规则（协议 §1 禁用 DERIVATION），待重判
27版五三/53模拟B版（2027版）/2027版.5·3B版.新教材.物理.新高考版.高三.全一册_学生用书全一册/一、本书配套电子教参/专题九  静电场/专题PDF/09：专题九  PDF.pdf,1dbc2880eb-013,c,带电粒子在电场中的运动,DERIVATION,type 不合 3 值规则（协议 §1 禁用 DERIVATION），待重判
27版五三/53模拟B版（2027版）/2027版.5·3B版.新教材.物理.新高考版.高三.全一册_学生用书全一册/一、本书配套电子教参/专题九  静电场/专题PDF/09：专题九  PDF.pdf,1dbc2880eb-024,,带电粒子在电场中的平衡问题-受力分析,REPRESENTATION_GUIDE,type 不合 3 值规则（协议 §1 禁用 REPRESENTATION_GUIDE），待重判
27版五三/53模拟B版（2027版）/2027版.5·3B版.新教材.物理.新高考版.高三.全一册_学生用书全一册/一、本书配套电子教参/专题九  静电场/专题PDF/09：专题九  PDF.pdf,1dbc2880eb-027,b,简谐运动,DERIVATION,type 不合 3 值规则（协议 §1 禁用 DERIVATION），待重判
27版五三/53模拟B版（2027版）/2027版.5·3B版.新教材.物理.新高考版.高三.全一册_学生用书全一册/一、本书配套电子教参/专题九  静电场/专题PDF/09：专题九  PDF.pdf,1dbc2880eb-028,,电场强度,REPRESENTATION_GUIDE,type 不合 3 值规则（协议 §1 禁用 REPRESENTATION_GUIDE），待重判
27版五三/53模拟B版（2027版）/2027版.5·3B版.新教材.物理.新高考版.高三.全一册_学生用书全一册/一、本书配套电子教参/专题九  静电场/专题PDF/09：专题九  PDF.pdf,1dbc2880eb-029,b,电场强度,DERIVATION,type 不合 3 值规则（协议 §1 禁用 DERIVATION），待重判
27版五三/53模拟B版（2027版）/2027版.5·3B版.新教材.物理.新高考版.高三.全一册_学生用书全一册/一、本书配套电子教参/专题九  静电场/专题PDF/09：专题九  PDF.pdf,1dbc2880eb-030,,函数法,DERIVATION,type 不合 3 值规则（协议 §1 禁用 DERIVATION），待重判
27版五三/53模拟B版（2027版）/2027版.5·3B版.新教材.物理.新高考版.高三.全一册_学生用书全一册/一、本书配套电子教参/专题九  静电场/专题PDF/09：专题九  PDF.pdf,1dbc2880eb-032,,利用电场线和等势面解决带电粒子运动问题的方法,REPRESENTATION_GUIDE,type 不合 3 值规则（协议 §1 禁用 REPRESENTATION_GUIDE），待重判
27版五三/53模拟B版（2027版）/2027版.5·3B版.新教材.物理.新高考版.高三.全一册_学生用书全一册/一、本书配套电子教参/专题九  静电场/专题PDF/09：专题九  PDF.pdf,1dbc2880eb-040,,等效重力场,REPRESENTATION_GUIDE,type 不合 3 值规则（协议 §1 禁用 REPRESENTATION_GUIDE），待重判
27版五三/53模拟B版（2027版）/2027版.5·3B版.新教材.物理.新高考版.高三.全一册_学生用书全一册/一、本书配套电子教参/专题九  静电场/专题PDF/09：专题九  PDF.pdf,1dbc2880eb-041,b,带电粒子在交变电磁场中的运动,REPRESENTATION_GUIDE,type 不合 3 值规则（协议 §1 禁用 REPRESENTATION_GUIDE），待重判
27版五三/53模拟B版（2027版）/2027版.5·3B版.新教材.物理.新高考版.高三.全一册_学生用书全一册/一、本书配套电子教参/专题二  相互作用/专题PDF/02：专题二  PDF.pdf,9142eeb79f-005,b,模型示意图,REPRESENTATION_GUIDE,type 不合 3 值规则（协议 §1 禁用 REPRESENTATION_GUIDE），待重判
27版五三/53模拟B版（2027版）/2027版.5·3B版.新教材.物理.新高考版.高三.全一册_学生用书全一册/一、本书配套电子教参/专题二  相互作用/专题PDF/02：专题二  PDF.pdf,9142eeb79f-016,,整体法与隔离法在受力分析中的应用,REPRESENTATION_GUIDE,type 不合 3 值规则（协议 §1 禁用 REPRESENTATION_GUIDE），待重判
27版五三/53模拟B版（2027版）/2027版.5·3B版.新教材.物理.新高考版.高三.全一册_学生用书全一册/一、本书配套电子教参/专题五  万有引力与宇宙航行/专题PDF/05：专题五  PDF.pdf,2248b2c9f7-007,,类比-创新-极限等物理思维考查,REPRESENTATION_GUIDE,type 不合 3 值规则（协议 §1 禁用 REPRESENTATION_GUIDE），待重判
27版五三/53模拟B版（2027版）/2027版.5·3B版.新教材.物理.新高考版.高三.全一册_学生用书全一册/一、本书配套电子教参/专题五  万有引力与宇宙航行/专题PDF/05：专题五  PDF.pdf,2248b2c9f7-013,,变轨过程分析,REPRESENTATION_GUIDE,type 不合 3 值规则（协议 §1 禁用 REPRESENTATION_GUIDE），待重判
27版五三/53模拟B版（2027版）/2027版.5·3B版.新教材.物理.新高考版.高三.全一册_学生用书全一册/一、本书配套电子教参/专题五  万有引力与宇宙航行/专题PDF/05：专题五  PDF.pdf,2248b2c9f7-014,,变轨过程分析,REPRESENTATION_GUIDE,type 不合 3 值规则（协议 §1 禁用 REPRESENTATION_GUIDE），待重判
27版五三/53模拟B版（2027版）/2027版.5·3B版.新教材.物理.新高考版.高三.全一册_学生用书全一册/一、本书配套电子教参/专题五  万有引力与宇宙航行/专题PDF/05：专题五  PDF.pdf,2248b2c9f7-014,b,开普勒三定律,DERIVATION,type 不合 3 值规则（协议 §1 禁用 DERIVATION），待重判
27版五三/53模拟B版（2027版）/2027版.5·3B版.新教材.物理.新高考版.高三.全一册_学生用书全一册/一、本书配套电子教参/专题五  万有引力与宇宙航行/专题PDF/05：专题五  PDF.pdf,2248b2c9f7-021,,宇宙速度,DERIVATION,type 不合 3 值规则（协议 §1 禁用 DERIVATION），待重判
27版五三/53模拟B版（2027版）/2027版.5·3B版.新教材.物理.新高考版.高三.全一册_学生用书全一册/一、本书配套电子教参/专题八  机械振动  机械波/专题PDF/08：专题八  PDF.pdf,4df1f6659a-012,b,波动图象的特点,REPRESENTATION_GUIDE,type 不合 3 值规则（协议 §1 禁用 REPRESENTATION_GUIDE），待重判
27版五三/53模拟B版（2027版）/2027版.5·3B版.新教材.物理.新高考版.高三.全一册_学生用书全一册/一、本书配套电子教参/专题十  恒定电流/专题PDF/10：专题十  PDF.pdf,2aea59cfe3-004,,电路中的三类图线,REPRESENTATION_GUIDE,type 不合 3 值规则（协议 §1 禁用 REPRESENTATION_GUIDE），待重判
27版五三/53模拟B版（2027版）/2027版.5·3B版.新教材.物理.新高考版.高三.全一册_学生用书全一册/一、本书配套电子教参/专题十  恒定电流/专题PDF/10：专题十  PDF.pdf,2aea59cfe3-025,b,实验仪器的估读问题分析,REPRESENTATION_GUIDE,type 不合 3 值规则（协议 §1 禁用 REPRESENTATION_GUIDE），待重判
27版五三/53模拟B版（2027版）/2027版.5·3B版.新教材.物理.新高考版.高三.全一册_学生用书全一册/一、本书配套电子教参/专题十  恒定电流/专题PDF/10：专题十  PDF.pdf,2aea59cfe3-026,b,实验仪器的估读问题分析,REPRESENTATION_GUIDE,type 不合 3 值规则（协议 §1 禁用 REPRESENTATION_GUIDE），待重判
27版五三/53模拟B版（2027版）/2027版.5·3B版.新教材.物理.新高考版.高三.全一册_学生用书全一册/一、本书配套电子教参/专题十一  磁场/专题PDF/11：专题十一  PDF.pdf,21d4982874-028,b,带电粒子在磁场中的运动,REPRESENTATION_GUIDE,type 不合 3 值规则（协议 §1 禁用 REPRESENTATION_GUIDE），待重判
27版五三/53模拟B版（2027版）/2027版.5·3B版.新教材.物理.新高考版.高三.全一册_学生用书全一册/一、本书配套电子教参/专题十一  磁场/专题PDF/11：专题十一  PDF.pdf,21d4982874-035,,磁聚焦模型和磁发散模型,DERIVATION,type 不合 3 值规则（协议 §1 禁用 DERIVATION），待重判
27版五三/53模拟B版（2027版）/2027版.5·3B版.新教材.物理.新高考版.高三.全一册_学生用书全一册/一、本书配套电子教参/专题十二  电磁感应/专题PDF/12：专题十二  PDF.pdf,a8cab79186-007,,导体切割磁感线时的感应电动势,REPRESENTATION_GUIDE,type 不合 3 值规则（协议 §1 禁用 REPRESENTATION_GUIDE），待重判
27版五三/53模拟B版（2027版）/2027版.5·3B版.新教材.物理.新高考版.高三.全一册_学生用书全一册/一、本书配套电子教参/专题十二  电磁感应/专题PDF/12：专题十二  PDF.pdf,a8cab79186-015,,电磁感应中的线框模型,DERIVATION,type 不合 3 值规则（协议 §1 禁用 DERIVATION），待重判
27版五三/53模拟B版（2027版）/2027版.5·3B版.新教材.物理.新高考版.高三.全一册_学生用书全一册/一、本书配套电子教参/专题十二  电磁感应/专题PDF/12：专题十二  PDF.pdf,a8cab79186-016,,法拉第电磁感应定律,DERIVATION,type 不合 3 值规则（协议 §1 禁用 DERIVATION），待重判
27版五三/53模拟B版（2027版）/2027版.5·3B版.新教材.物理.新高考版.高三.全一册_学生用书全一册/一、本书配套电子教参/专题十二  电磁感应/专题PDF/12：专题十二  PDF.pdf,a8cab79186-022,b,电磁感应中的线框模型,DERIVATION,type 不合 3 值规则（协议 §1 禁用 DERIVATION），待重判
27版五三/53模拟B版（2027版）/2027版.5·3B版.新教材.物理.新高考版.高三.全一册_学生用书全一册/一、本书配套电子教参/专题十二  电磁感应/专题PDF/12：专题十二  PDF.pdf,a8cab79186-024,b,电磁感应中的单棒模型,DERIVATION,type 不合 3 值规则（协议 §1 禁用 DERIVATION），待重判
27版五三/53模拟B版（2027版）/2027版.5·3B版.新教材.物理.新高考版.高三.全一册_学生用书全一册/一、本书配套电子教参/专题十二  电磁感应/专题PDF/12：专题十二  PDF.pdf,a8cab79186-025,b,电磁感应中的单棒模型,DERIVATION,type 不合 3 值规则（协议 §1 禁用 DERIVATION），待重判
27版五三/53模拟B版（2027版）/2027版.5·3B版.新教材.物理.新高考版.高三.全一册_学生用书全一册/一、本书配套电子教参/专题十五  热学/专题PDF/15：专题十五  PDF.pdf,26a9bdfe30-014,,热力学图像问题,REPRESENTATION_GUIDE,type 不合 3 值规则（协议 §1 禁用 REPRESENTATION_GUIDE），待重判
27版五三/53模拟B版（2027版）/2027版.5·3B版.新教材.物理.新高考版.高三.全一册_学生用书全一册/一、本书配套电子教参/专题十五  热学/专题PDF/15：专题十五  PDF.pdf,26a9bdfe30-022,,理想气体状态方程,DERIVATION,type 不合 3 值规则（协议 §1 禁用 DERIVATION），待重判
27版五三/53模拟B版（2027版）/2027版.5·3B版.新教材.物理.新高考版.高三.全一册_学生用书全一册/一、本书配套电子教参/专题十六  近代物理初步/专题PDF/16：专题十六  PDF.pdf,92e8aef819-002,,光电效应的图像问题,REPRESENTATION_GUIDE,type 不合 3 值规则（协议 §1 禁用 REPRESENTATION_GUIDE），待重判
27版五三/53模拟B版（2027版）/2027版.5·3B版.新教材.物理.新高考版.高三.全一册_学生用书全一册/一、本书配套电子教参/专题十六  近代物理初步/专题PDF/16：专题十六  PDF.pdf,92e8aef819-012,,光电效应的图像问题,REPRESENTATION_GUIDE,type 不合 3 值规则（协议 §1 禁用 REPRESENTATION_GUIDE），待重判
27版五三/53模拟B版（2027版）/2027版.5·3B版.新教材.物理.新高考版.高三.全一册_学生用书全一册/一、本书配套电子教参/专题四  曲线运动/专题PDF/04：专题四  PDF.pdf,924170e5b1-011,,常见的速度分解模型,REPRESENTATION_GUIDE,type 不合 3 值规则（协议 §1 禁用 REPRESENTATION_GUIDE），待重判
27版五三/53模拟B版（2027版）/2027版.5·3B版.新教材.物理.新高考版.高三.全一册_学生用书全一册/一、本书配套电子教参/专题四  曲线运动/专题PDF/04：专题四  PDF.pdf,924170e5b1-026,,平均速度与瞬时速度的区别,DERIVATION,type 不合 3 值规则（协议 §1 禁用 DERIVATION），待重判
27版五三/53模拟B版（2027版）/2027版.5·3B版.新教材.物理.新高考版.高三.全一册_学生用书全一册/五、53提分资料包/1.教考衔接（100%原创题）/原创题加练1  必修第一册/提分资料包/必修第一册.pdf,268894f92c-001,,动能定理表达式的推导,DERIVATION,type 不合 3 值规则（协议 §1 禁用 DERIVATION），待重判
27版五三/53模拟B版（2027版）/2027版.5·3B版.新教材.物理.新高考版.高三.全一册_学生用书全一册/五、53提分资料包/1.教考衔接（100%原创题）/原创题加练1  必修第一册/提分资料包/必修第一册.pdf,268894f92c-001,b,动量定理,DERIVATION,type 不合 3 值规则（协议 §1 禁用 DERIVATION），待重判
27版五三/53模拟B版（2027版）/2027版.5·3B版.新教材.物理.新高考版.高三.全一册_学生用书全一册/五、53提分资料包/2.思维方法微专题：物理培优加餐/提分加练12  图像法/提分资料包/提分加练12　图像法.pdf,2f72d4bf8f-002,,e-x图像,REPRESENTATION_GUIDE,type 不合 3 值规则（协议 §1 禁用 REPRESENTATION_GUIDE），待重判
27版五三/53模拟B版（2027版）/2027版.5·3B版.新教材.物理.新高考版.高三.全一册_学生用书全一册/五、53提分资料包/2.思维方法微专题：物理培优加餐/提分加练12  图像法/提分资料包/提分加练12　图像法.pdf,2f72d4bf8f-003,,φ-x图像-反映了电势随位移变化的规律,REPRESENTATION_GUIDE,type 不合 3 值规则（协议 §1 禁用 REPRESENTATION_GUIDE），待重判
27版五三/53模拟B版（2027版）/2027版.5·3B版.新教材.物理.新高考版.高三.全一册_学生用书全一册/五、53提分资料包/2.思维方法微专题：物理培优加餐/提分加练12  图像法/提分资料包/提分加练12　图像法.pdf,2f72d4bf8f-003,b,ep-x图像,REPRESENTATION_GUIDE,type 不合 3 值规则（协议 §1 禁用 REPRESENTATION_GUIDE），待重判
27版五三/53模拟B版（2027版）/2027版.5·3B版.新教材.物理.新高考版.高三.全一册_学生用书全一册/五、53提分资料包/2.思维方法微专题：物理培优加餐/提分加练12  图像法/提分资料包/提分加练12　图像法.pdf,2f72d4bf8f-003,c,电路与电磁感应中的图像解读,REPRESENTATION_GUIDE,type 不合 3 值规则（协议 §1 禁用 REPRESENTATION_GUIDE），待重判
27版五三/53模拟B版（2027版）/2027版.5·3B版.新教材.物理.新高考版.高三.全一册_学生用书全一册/五、53提分资料包/2.思维方法微专题：物理培优加餐/提分加练12  图像法/提分资料包/提分加练12　图像法.pdf,2f72d4bf8f-005,,热力学图像问题,REPRESENTATION_GUIDE,type 不合 3 值规则（协议 §1 禁用 REPRESENTATION_GUIDE），待重判
27版五三/53模拟B版（2027版）/2027版.5·3B版.新教材.物理.新高考版.高三.全一册_学生用书全一册/五、53提分资料包/2.思维方法微专题：物理培优加餐/提分加练12  图像法/提分资料包/提分加练12　图像法.pdf,2f72d4bf8f-006,,光电效应的图像问题,REPRESENTATION_GUIDE,type 不合 3 值规则（协议 §1 禁用 REPRESENTATION_GUIDE），待重判
27版五三/53模拟B版（2027版）/2027版.5·3B版.新教材.物理.新高考版.高三.全一册_学生用书全一册/五、53提分资料包/2.思维方法微专题：物理培优加餐/提分加练19  基本不等式法/提分资料包/提分加练19　基本不等式法.pdf,1b4d7be486-001,b,电源的功率问题,REPRESENTATION_GUIDE,type 不合 3 值规则（协议 §1 禁用 REPRESENTATION_GUIDE），待重判
27版五三/53模拟B版（2027版）/2027版.5·3B版.新教材.物理.新高考版.高三.全一册_学生用书全一册/五、53提分资料包/2.思维方法微专题：物理培优加餐/提分加练8  时间微元/提分资料包/提分加练8　时间微元.pdf,5f58b144df-005,,气体压强,REPRESENTATION_GUIDE,type 不合 3 值规则（协议 §1 禁用 REPRESENTATION_GUIDE），待重判
27版五三/53模拟B版（2027版）/2027版.5·3B版.新教材.物理.新高考版.高三.全一册_学生用书全一册/五、53提分资料包/2.思维方法微专题：物理培优加餐/提分加练8  时间微元/提分资料包/提分加练8　时间微元.pdf,5f58b144df-006,,气体压强,REPRESENTATION_GUIDE,type 不合 3 值规则（协议 §1 禁用 REPRESENTATION_GUIDE），待重判
27版五三/53模拟B版（2027版）/2027版.5·3B版.新教材.生物学.新高考版.高三.全一册_学生用书全一册/本书配套电子教参/专题13 神经调节/专题PDF/专题13 神经调节 《分层训练》PDF.pdf,881f12d357-017,,膜电位的测量及电表指针偏转的判断,REPRESENTATION_GUIDE,type 不合 3 值规则（协议 §1 禁用 REPRESENTATION_GUIDE），待重判
27版五三/53模拟B版（2027版）/2027版.5·3B版.新教材.生物学.新高考版.高三.全一册_学生用书全一册/本书配套电子教参/专题13 神经调节/专题PDF/专题13 神经调节 《分层训练》PDF.pdf,881f12d357-019,b,兴奋在神经纤维上的传导,REPRESENTATION_GUIDE,type 不合 3 值规则（协议 §1 禁用 REPRESENTATION_GUIDE），待重判
27版五三/53模拟B版（2027版）/2027版.5·3B版.新教材.生物学.新高考版.高三.全一册_学生用书全一册/本书配套电子教参/专题13 神经调节/专题PDF/专题13 神经调节 《分层训练》PDF.pdf,881f12d357-021,,突触,REPRESENTATION_GUIDE,type 不合 3 值规则（协议 §1 禁用 REPRESENTATION_GUIDE），待重判
27版五三/53模拟B版（2027版）/2027版.5·3B版.新教材.生物学.新高考版.高三.全一册_学生用书全一册/本书配套电子教参/专题13 神经调节/专题PDF/专题13 神经调节 《分层训练》PDF.pdf,881f12d357-023,,突触,REPRESENTATION_GUIDE,type 不合 3 值规则（协议 §1 禁用 REPRESENTATION_GUIDE），待重判
27版五三/53模拟B版（2027版）/2027版.5·3B版.新教材.生物学.新高考版.高三.全一册_学生用书全一册/本书配套电子教参/专题14 体液调节/专题PDF/专题14 体液调节 《分层训练》PDF.pdf,2b9586914c-012,,反射弧,REPRESENTATION_GUIDE,type 不合 3 值规则（协议 §1 禁用 REPRESENTATION_GUIDE），待重判
27版五三/53模拟B版（2027版）/2027版.5·3B版.新教材.生物学.新高考版.高三.全一册_学生用书全一册/本书配套电子教参/专题17 种群及其动态/专题PDF/专题17 种群及其动态 《分层训练》PDF.pdf,524cba8aa4-003,b,坐标图类信息题的变量分析,REPRESENTATION_GUIDE,type 不合 3 值规则（协议 §1 禁用 REPRESENTATION_GUIDE），待重判
27版五三/53模拟B版（2027版）/2027版.5·3B版.新教材.生物学.新高考版.高三.全一册_学生用书全一册/本书配套电子教参/专题17 种群及其动态/专题PDF/专题17 种群及其动态 《分层训练》PDF.pdf,524cba8aa4-012,,种群数量的变化,REPRESENTATION_GUIDE,type 不合 3 值规则（协议 §1 禁用 REPRESENTATION_GUIDE），待重判
27版五三/53模拟B版（2027版）/2027版.5·3B版.新教材.生物学.新高考版.高三.全一册_学生用书全一册/本书配套电子教参/专题2 细胞的结构与功能/专题PDF/专题2 细胞的结构与功能 《分层训练》PDF.pdf,3199bef3a3-007,b,核酸,REPRESENTATION_GUIDE,type 不合 3 值规则（协议 §1 禁用 REPRESENTATION_GUIDE），待重判
27版五三/53模拟B版（2027版）/2027版.5·3B版.新教材.生物学.新高考版.高三.全一册_学生用书全一册/本书配套电子教参/专题21 细胞工程/专题PDF/专题21 细胞工程 《分层训练》PDF.pdf,320a959ba0-007,b,免疫学的应用,REPRESENTATION_GUIDE,type 不合 3 值规则（协议 §1 禁用 REPRESENTATION_GUIDE），待重判
27版五三/53模拟B版（2027版）/2027版.5·3B版.新教材.生物学.新高考版.高三.全一册_学生用书全一册/本书配套电子教参/专题22 基因工程/专题PDF/专题22 基因工程 《分层训练》PDF.pdf,5b6cb16a7f-035,,基因工程,REPRESENTATION_GUIDE,type 不合 3 值规则（协议 §1 禁用 REPRESENTATION_GUIDE），待重判
27版五三/53模拟B版（2027版）/2027版.5·3B版.新教材.生物学.新高考版.高三.全一册_学生用书全一册/本书配套电子教参/专题3 细胞的物质输入和输出/专题PDF/专题3 细胞的物质输入和输出 《分层训练》PDF.pdf,7533a1e1fd-009,,物质出入细胞的方式,REPRESENTATION_GUIDE,type 不合 3 值规则（协议 §1 禁用 REPRESENTATION_GUIDE），待重判
27版五三/53模拟B版（2027版）/2027版.5·3B版.新教材.生物学.新高考版.高三.全一册_学生用书全一册/本书配套电子教参/专题3 细胞的物质输入和输出/专题PDF/专题3 细胞的物质输入和输出 《分层训练》PDF.pdf,7533a1e1fd-011,,主动运输的类型,REPRESENTATION_GUIDE,type 不合 3 值规则（协议 §1 禁用 REPRESENTATION_GUIDE），待重判
27版五三/53模拟B版（2027版）/2027版.5·3B版.新教材.生物学.新高考版.高三.全一册_学生用书全一册/本书配套电子教参/专题5 细胞呼吸/专题PDF/专题5 细胞呼吸 《分层训练》PDF.pdf,035ebaef9d-003,,无氧呼吸,REPRESENTATION_GUIDE,type 不合 3 值规则（协议 §1 禁用 REPRESENTATION_GUIDE），待重判
27版五三/53模拟B版（2027版）/2027版.5·3B版.新教材.生物学.新高考版.高三.全一册_学生用书全一册/本书配套电子教参/专题5 细胞呼吸/专题PDF/专题5 细胞呼吸 《分层训练》PDF.pdf,035ebaef9d-007,,无氧呼吸,REPRESENTATION_GUIDE,type 不合 3 值规则（协议 §1 禁用 REPRESENTATION_GUIDE），待重判
27版五三/53模拟B版（2027版）/2027版.5·3B版.新教材.生物学.新高考版.高三.全一册_学生用书全一册/本书配套电子教参/专题5 细胞呼吸/专题PDF/专题5 细胞呼吸 《分层训练》PDF.pdf,035ebaef9d-011,,有氧呼吸的过程分析,REPRESENTATION_GUIDE,type 不合 3 值规则（协议 §1 禁用 REPRESENTATION_GUIDE），待重判
27版五三/53模拟B版（2027版）/2027版.5·3B版.新教材.生物学.新高考版.高三.全一册_学生用书全一册/本书配套电子教参/专题6 光合作用/专题PDF/专题6 光合作用 《分层训练》PDF.pdf,46ec017dac-005,,环境因素参与调节植物的生命活动,REPRESENTATION_GUIDE,type 不合 3 值规则（协议 §1 禁用 REPRESENTATION_GUIDE），待重判
27版五三/53模拟B版（2027版）/2027版.5·3B版.新教材.生物学.新高考版.高三.全一册_学生用书全一册/本书配套电子教参/专题6 光合作用/专题PDF/专题6 光合作用 《分层训练》PDF.pdf,46ec017dac-015,,光反应,REPRESENTATION_GUIDE,type 不合 3 值规则（协议 §1 禁用 REPRESENTATION_GUIDE），待重判
27版五三/53模拟B版（2027版）/2027版.5·3B版.新教材.生物学.新高考版.高三.全一册_学生用书全一册/本书配套电子教参/专题6 光合作用/专题PDF/专题6 光合作用 《分层训练》PDF.pdf,46ec017dac-022,,影响光合作用强度的环境因素,REPRESENTATION_GUIDE,type 不合 3 值规则（协议 §1 禁用 REPRESENTATION_GUIDE），待重判
27版五三/53模拟B版（2027版）/2027版.5·3B版.新教材.生物学.新高考版.高三.全一册_学生用书全一册/本书配套电子教参/专题6 光合作用/专题PDF/专题6 光合作用 《分层训练》PDF.pdf,46ec017dac-025,,三率-的关系及测定,REPRESENTATION_GUIDE,type 不合 3 值规则（协议 §1 禁用 REPRESENTATION_GUIDE），待重判
27版五三/53模拟B版（2027版）/2027版.5·3B版.新教材.生物学.新高考版.高三.全一册_学生用书全一册/本书配套电子教参/专题6 光合作用/专题PDF/专题6 光合作用 《分层训练》PDF.pdf,46ec017dac-025,b,影响光合作用强度的环境因素,REPRESENTATION_GUIDE,type 不合 3 值规则（协议 §1 禁用 REPRESENTATION_GUIDE），待重判
27版五三/53模拟B版（2027版）/2027版.5·3B版.新教材.生物学.新高考版.高三.全一册_学生用书全一册/本书配套电子教参/专题7 细胞的生命历程/专题PDF/专题7 细胞的生命历程 《分层训练》PDF.pdf,b7b14638ac-010,,细胞周期,REPRESENTATION_GUIDE,type 不合 3 值规则（协议 §1 禁用 REPRESENTATION_GUIDE），待重判
27版五三/53模拟B版（2027版）/2027版.5·3B版.新教材.生物学.新高考版.高三.全一册_学生用书全一册/本书配套电子教参/专题7 细胞的生命历程/专题PDF/专题7 细胞的生命历程 《分层训练》PDF.pdf,b7b14638ac-015,,细胞周期,REPRESENTATION_GUIDE,type 不合 3 值规则（协议 §1 禁用 REPRESENTATION_GUIDE），待重判
27版五三/53模拟B版（2027版）/2027版.5·3B版.新教材.生物学.新高考版.高三.全一册_学生用书全一册/本书配套电子教参/专题8 基因的分离定律和自由组合定律/专题PDF/专题8 基因的分离定律和自由组合定律 《分层训练》PDF.pdf,636de2a928-009,b,自由组合定律中的特殊分离比问题分析,REPRESENTATION_GUIDE,type 不合 3 值规则（协议 §1 禁用 REPRESENTATION_GUIDE），待重判
27版五三/53模拟B版（2027版）/2027版.5·3B版.新教材.生物学.新高考版.高三.全一册_学生用书全一册/本书配套电子教参/专题8 基因的分离定律和自由组合定律/专题PDF/专题8 基因的分离定律和自由组合定律 《分层训练》PDF.pdf,636de2a928-018,,分离定律的特殊类型,REPRESENTATION_GUIDE,type 不合 3 值规则（协议 §1 禁用 REPRESENTATION_GUIDE），待重判
27版五三/53模拟B版（2027版）/2027版.5·3B版.新教材.生物学.新高考版.高三.全一册_学生用书全一册/本书配套电子教参/专题9 伴性遗传与人类遗传病/专题PDF/专题9 伴性遗传与人类遗传病 《分层训练》PDF.pdf,87ebe669c6-001,,遗传系谱图和电泳图谱分析,REPRESENTATION_GUIDE,type 不合 3 值规则（协议 §1 禁用 REPRESENTATION_GUIDE），待重判
27版五三/53模拟B版（2027版）/2027版.5·3B版.新教材.生物学.新高考版.高三.全一册_学生用书全一册/本书配套电子教参/专题9 伴性遗传与人类遗传病/专题PDF/专题9 伴性遗传与人类遗传病 《分层训练》PDF.pdf,87ebe669c6-015,,基因重组,DERIVATION,type 不合 3 值规则（协议 §1 禁用 DERIVATION），待重判
27版五三/53模拟B版（2027版）/2027版.5·3B版.新教材.生物学.新高考版.高三.全一册_学生用书全一册/本书配套电子教参/知识清单/专题PDF/专题10 遗传的分子基础.pdf,414fa62f1d-003,c,基因的表达,REPRESENTATION_GUIDE,type 不合 3 值规则（协议 §1 禁用 REPRESENTATION_GUIDE），待重判
27版五三/53模拟B版（2027版）/2027版.5·3B版.新教材.生物学.新高考版.高三.全一册_学生用书全一册/本书配套电子教参/知识清单/专题PDF/专题3 细胞的物质输入和输出.pdf,a7bfd3d96c-001,e,物质出入细胞的方式,REPRESENTATION_GUIDE,type 不合 3 值规则（协议 §1 禁用 REPRESENTATION_GUIDE），待重判
27版五三/53模拟B版（2027版）/2027版.5·3B版.新教材.生物学.新高考版.高三.全一册_学生用书全一册/本书配套电子教参/知识清单/专题PDF/专题3 细胞的物质输入和输出.pdf,a7bfd3d96c-002,,物质出入细胞的方式,REPRESENTATION_GUIDE,type 不合 3 值规则（协议 §1 禁用 REPRESENTATION_GUIDE），待重判
27版五三/53模拟B版（2027版）/2027版.5·3B版.新教材.生物学.新高考版.高三.全一册_学生用书全一册/本书配套电子教参/知识清单/专题PDF/专题4 酶和ATP.pdf,91078593c9-001,b,酶的特性,REPRESENTATION_GUIDE,type 不合 3 值规则（协议 §1 禁用 REPRESENTATION_GUIDE），待重判
27版五三/53模拟B版（2027版）/2027版.5·3B版.新教材.生物学.新高考版.高三.全一册_学生用书全一册/本书配套电子教参/知识清单/专题PDF/专题4 酶和ATP.pdf,91078593c9-001,c,影响酶促反应的因素分析,REPRESENTATION_GUIDE,type 不合 3 值规则（协议 §1 禁用 REPRESENTATION_GUIDE），待重判
27版五三/53模拟B版（2027版）/2027版.5·3B版.新教材.生物学.新高考版.高三.全一册_学生用书全一册/本书配套电子教参/知识清单/专题PDF/专题4 酶和ATP.pdf,91078593c9-001,d,atp的结构,REPRESENTATION_GUIDE,type 不合 3 值规则（协议 §1 禁用 REPRESENTATION_GUIDE），待重判
27版五三/53模拟B版（2027版）/2027版.5·3B版.新教材.生物学.新高考版.高三.全一册_学生用书全一册/本书配套电子教参/知识清单/专题PDF/专题5 细胞呼吸.pdf,59423ea42b-001,b,细胞呼吸概念-实质和意义,REPRESENTATION_GUIDE,type 不合 3 值规则（协议 §1 禁用 REPRESENTATION_GUIDE），待重判
27版五三/53模拟B版（2027版）/2027版.5·3B版.新教材.生物学.新高考版.高三.全一册_学生用书全一册/本书配套电子教参/知识清单/专题PDF/专题5 细胞呼吸.pdf,59423ea42b-002,,H和ATP的来源与去向,REPRESENTATION_GUIDE,type 不合 3 值规则（协议 §1 禁用 REPRESENTATION_GUIDE），待重判
27版五三/53模拟B版（2027版）/2027版.5·3B版.新教材.生物学.新高考版.高三.全一册_学生用书全一册/本书配套电子教参/知识清单/专题PDF/专题5 细胞呼吸.pdf,59423ea42b-002,c,细胞呼吸的影响因素及应用,REPRESENTATION_GUIDE,type 不合 3 值规则（协议 §1 禁用 REPRESENTATION_GUIDE），待重判
27版五三/53模拟B版（2027版）/2027版.5·3B版.新教材.生物学.新高考版.高三.全一册_学生用书全一册/本书配套电子教参/知识清单/专题PDF/专题6 光合作用.pdf,6c193f35a8-002,c,光合作用的影响因素,REPRESENTATION_GUIDE,type 不合 3 值规则（协议 §1 禁用 REPRESENTATION_GUIDE），待重判
27版五三/53模拟B版（2027版）/2027版.5·3B版.新教材.生物学.新高考版.高三.全一册_学生用书全一册/本书配套电子教参/知识清单/专题PDF/专题6 光合作用.pdf,6c193f35a8-003,b,光合作用与细胞呼吸过程-物质和能量的关系,REPRESENTATION_GUIDE,type 不合 3 值规则（协议 §1 禁用 REPRESENTATION_GUIDE），待重判
27版五三/53模拟B版（2027版）/2027版.5·3B版.新教材.生物学.新高考版.高三.全一册_学生用书全一册/本书配套电子教参/知识清单/专题PDF/专题6 光合作用.pdf,6c193f35a8-003,c,辨析真正光合速率-净光合速率和呼吸速率,REPRESENTATION_GUIDE,type 不合 3 值规则（协议 §1 禁用 REPRESENTATION_GUIDE），待重判
27版五三/53模拟B版（2027版）/2027版.5·3B版.新教材.生物学.新高考版.高三.全一册_学生用书全一册/本书配套电子教参/知识清单/专题PDF/专题6 光合作用.pdf,6c193f35a8-003,e,光合作用的影响因素,REPRESENTATION_GUIDE,type 不合 3 值规则（协议 §1 禁用 REPRESENTATION_GUIDE），待重判
27版五三/53模拟B版（2027版）/2027版.5·3B版.新教材.生物学.新高考版.高三.全一册_学生用书全一册/本书配套电子教参/知识清单/专题PDF/专题6 光合作用.pdf,6c193f35a8-004,f,辨析真正光合速率-净光合速率和呼吸速率,REPRESENTATION_GUIDE,type 不合 3 值规则（协议 §1 禁用 REPRESENTATION_GUIDE），待重判
27版五三/53模拟B版（2027版）/2027版.5·3B版.新教材.生物学.新高考版.高三.全一册_学生用书全一册/本书配套电子教参/知识清单/专题PDF/专题7 细胞的生命历程.pdf,36daaa0e4a-001,c,有丝分裂,REPRESENTATION_GUIDE,type 不合 3 值规则（协议 §1 禁用 REPRESENTATION_GUIDE），待重判
27版五三/53模拟B版（2027版）/2027版.5·3B版.新教材.生物学.新高考版.高三.全一册_学生用书全一册/本书配套电子教参/知识清单/专题PDF/专题7 细胞的生命历程.pdf,36daaa0e4a-001,d,有丝分裂,REPRESENTATION_GUIDE,type 不合 3 值规则（协议 §1 禁用 REPRESENTATION_GUIDE），待重判
27版五三/53模拟B版（2027版）/2027版.5·3B版.新教材.生物学.新高考版.高三.全一册_学生用书全一册/本书配套电子教参/知识清单/专题PDF/专题7 细胞的生命历程.pdf,36daaa0e4a-002,c,减数分裂,REPRESENTATION_GUIDE,type 不合 3 值规则（协议 §1 禁用 REPRESENTATION_GUIDE），待重判
27版五三/53模拟B版（2027版）/2027版.5·3B版.新教材.生物学.新高考版.高三.全一册_学生用书全一册/本书配套电子教参/知识清单/专题PDF/专题7 细胞的生命历程.pdf,36daaa0e4a-003,b,减数分裂,REPRESENTATION_GUIDE,type 不合 3 值规则（协议 §1 禁用 REPRESENTATION_GUIDE），待重判
27版五三/53模拟B版（2027版）/2027版.5·3B版.新教材.生物学.新高考版.高三.全一册_学生用书全一册/本书配套电子教参/知识清单/专题PDF/专题8 基因的分离定律和自由组合定律.pdf,1446061363-001,b,一对相对性状的杂交实验,REPRESENTATION_GUIDE,type 不合 3 值规则（协议 §1 禁用 REPRESENTATION_GUIDE），待重判
27版五三/53模拟B版（2027版）/2027版.5·3B版.新教材.生物学.新高考版.高三.全一册_学生用书全一册/本书配套电子教参/知识清单/专题PDF/专题8 基因的分离定律和自由组合定律.pdf,1446061363-003,,两对相对性状杂交实验过程,REPRESENTATION_GUIDE,type 不合 3 值规则（协议 §1 禁用 REPRESENTATION_GUIDE），待重判
27版五三/53模拟B版（2027版）/2027版.5·3B版.新教材.生物学.新高考版.高三.全一册_学生用书全一册/本书配套电子教参/知识清单/专题PDF/专题8 基因的分离定律和自由组合定律.pdf,1446061363-003,b,孟德尔两对相对性状的杂交实验,REPRESENTATION_GUIDE,type 不合 3 值规则（协议 §1 禁用 REPRESENTATION_GUIDE），待重判
27版五三/53模拟B版（2027版）/2027版.5·3B版.新教材.生物学.新高考版.高三.全一册_学生用书全一册/本书配套电子教参/知识清单/专题PDF/专题8 基因的分离定律和自由组合定律.pdf,1446061363-004,d,连锁与互换,REPRESENTATION_GUIDE,type 不合 3 值规则（协议 §1 禁用 REPRESENTATION_GUIDE），待重判
27版五三/53模拟B版（2027版）/2027版.5·3B版.新教材.生物学.新高考版.高三.全一册_学生用书全一册/本书配套电子教参/知识清单/专题PDF/专题9 伴性遗传与人类遗传病.pdf,c98b0853f5-001,b,基因位于染色体上的实验证据,REPRESENTATION_GUIDE,type 不合 3 值规则（协议 §1 禁用 REPRESENTATION_GUIDE），待重判
27版五三/53模拟B版（2027版）/2027版.5·3B版.新教材.生物学.新高考版.高三.全一册_学生用书全一册/本书配套电子教参/知识清单/专题PDF/专题9 伴性遗传与人类遗传病.pdf,c98b0853f5-001,c,基因在染色体上,REPRESENTATION_GUIDE,type 不合 3 值规则（协议 §1 禁用 REPRESENTATION_GUIDE），待重判
27版五三/53模拟B版（2027版）/2027版.5·3B版.新教材.生物学.新高考版.高三.全一册_学生用书全一册/本书配套电子教参/知识清单/专题PDF/专题9 伴性遗传与人类遗传病.pdf,c98b0853f5-002,b,伴性遗传的特点及应用,REPRESENTATION_GUIDE,type 不合 3 值规则（协议 §1 禁用 REPRESENTATION_GUIDE），待重判
27版五三/53模拟B版（2027版）/2027版.5·3B版.新教材.生物学.新高考版.高三.全一册_学生用书全一册/本书配套电子教参/知识清单/专题PDF/专题9 伴性遗传与人类遗传病.pdf,c98b0853f5-003,c,人类遗传病,REPRESENTATION_GUIDE,type 不合 3 值规则（协议 §1 禁用 REPRESENTATION_GUIDE），待重判
27版五三/【01】2027版53 A版新高考一轮复习（PDF+word）/2027版.新高考版.选考总复习.化学.5·3A版/一、本书电子教参/第九章化学反应速率与化学平衡/5_精讲册PDF/3_09-第九章　化学反应速率与化学平衡.pdf,862daf9cec-026,,压强平衡常数,DERIVATION,type 不合 3 值规则（协议 §1 禁用 DERIVATION），待重判
27版五三/【01】2027版53 A版新高考一轮复习（PDF+word）/2027版.新高考版.选考总复习.物理.5·3A版/一、本书精品电子资源/第一章匀变速直线运动/1_专题资料包/1_讲册PDF 01-第一章 匀变速直线运动.pdf,7a98dc3927-010,b,非常规运动学图像,REPRESENTATION_GUIDE,type 不合 3 值规则（协议 §1 禁用 REPRESENTATION_GUIDE），待重判
27版五三/【01】2027版53 A版新高考一轮复习（PDF+word）/2027版.新高考版.选考总复习.物理.5·3A版/一、本书精品电子资源/第一章匀变速直线运动/1_专题资料包/1_讲册PDF 01-第一章 匀变速直线运动.pdf,7a98dc3927-011,,图像问题的读图思路与图像转换,REPRESENTATION_GUIDE,type 不合 3 值规则（协议 §1 禁用 REPRESENTATION_GUIDE），待重判
27版五三/【01】2027版53 A版新高考一轮复习（PDF+word）/2027版.新高考版.选考总复习.物理.5·3A版/一、本书精品电子资源/第三章牛顿运动定律/1_专题资料包/1_讲册PDF 03-第三章 牛顿运动定律.pdf,b6feafc5c0-005,,动力学图像法在动力学问题中的应用-数形结合思想,REPRESENTATION_GUIDE,type 不合 3 值规则（协议 §1 禁用 REPRESENTATION_GUIDE），待重判
27版五三/【01】2027版53 A版新高考一轮复习（PDF+word）/2027版.新高考版.选考总复习.物理.5·3A版/一、本书精品电子资源/第三章牛顿运动定律/1_专题资料包/1_讲册PDF 03-第三章 牛顿运动定律.pdf,b6feafc5c0-016,,动力学图像法在动力学问题中的应用-数形结合思想,REPRESENTATION_GUIDE,type 不合 3 值规则（协议 §1 禁用 REPRESENTATION_GUIDE），待重判
27版五三/【01】2027版53 A版新高考一轮复习（PDF+word）/2027版.新高考版.选考总复习.物理.5·3A版/一、本书精品电子资源/第九章静电场/1_专题资料包/1_讲册PDF 09-第九章 静电场.pdf,d625775dcf-012,b,φ-x图像-反映了电势随位移变化的规律,REPRESENTATION_GUIDE,type 不合 3 值规则（协议 §1 禁用 REPRESENTATION_GUIDE），待重判
27版五三/【01】2027版53 A版新高考一轮复习（PDF+word）/2027版.新高考版.选考总复习.物理.5·3A版/一、本书精品电子资源/第九章静电场/1_专题资料包/1_讲册PDF 09-第九章 静电场.pdf,d625775dcf-012,c,静电场的基本概念和规律,REPRESENTATION_GUIDE,type 不合 3 值规则（协议 §1 禁用 REPRESENTATION_GUIDE），待重判
27版五三/【01】2027版53 A版新高考一轮复习（PDF+word）/2027版.新高考版.选考总复习.物理.5·3A版/一、本书精品电子资源/第九章静电场/1_专题资料包/1_讲册PDF 09-第九章 静电场.pdf,d625775dcf-013,,e-x图像,REPRESENTATION_GUIDE,type 不合 3 值规则（协议 §1 禁用 REPRESENTATION_GUIDE），待重判
27版五三/【01】2027版53 A版新高考一轮复习（PDF+word）/2027版.新高考版.选考总复习.物理.5·3A版/一、本书精品电子资源/第九章静电场/1_专题资料包/1_讲册PDF 09-第九章 静电场.pdf,d625775dcf-013,b,ep-x图像,REPRESENTATION_GUIDE,type 不合 3 值规则（协议 §1 禁用 REPRESENTATION_GUIDE），待重判
27版五三/【01】2027版53 A版新高考一轮复习（PDF+word）/2027版.新高考版.选考总复习.物理.5·3A版/一、本书精品电子资源/第九章静电场/1_专题资料包/1_讲册PDF 09-第九章 静电场.pdf,d625775dcf-021,,带电粒子在交变电磁场中的运动,REPRESENTATION_GUIDE,type 不合 3 值规则（协议 §1 禁用 REPRESENTATION_GUIDE），待重判
6. 2026生物总复习/2027年新高考资料【上新中】/2027年高考生物一轮/2027年高考生物一轮复习知识清单（全国通用）-G56/2027版/第01讲 走近细胞（图文版知识清单）.pdf,5fd81512c2-003,c,使用高倍显微镜观察细胞,REPRESENTATION_GUIDE,type 不合 3 值规则（协议 §1 禁用 REPRESENTATION_GUIDE），待重判
6. 2026生物总复习/2027年新高考资料【上新中】/2027年高考生物一轮/2027年高考生物一轮复习讲义+练习+课件（新教材新高考）-G55/2027版/第17讲 伴性遗传和人类遗传病（复习讲义）（全国通用）（学生版）.docx,e3a300b276-002,c,基因位于染色体上的实验证据,DERIVATION,type 不合 3 值规则（协议 §1 禁用 DERIVATION），待重判
6. 2026生物总复习/2027年新高考资料【上新中】/2027年高考生物一轮/2027年高考生物一轮复习讲义+练习+课件（新教材新高考）-G55/2027版/第17讲 伴性遗传和人类遗传病（复习讲义）（全国通用）（学生版）.docx,e3a300b276-012,b,遗传系谱图和电泳图谱分析,REPRESENTATION_GUIDE,type 不合 3 值规则（协议 §1 禁用 REPRESENTATION_GUIDE），待重判
6. 2026生物总复习/2027年新高考资料【上新中】/2027年高考生物一轮/2027年高考生物一轮复习讲义+练习+课件（新教材新高考）-G55/2027版/第17讲 伴性遗传和人类遗传病（复习讲义）（全国通用）（学生版）.docx,e3a300b276-012,e,遗传系谱图和电泳图谱分析,REPRESENTATION_GUIDE,type 不合 3 值规则（协议 §1 禁用 REPRESENTATION_GUIDE），待重判
6. 2026生物总复习/2027年新高考资料【上新中】/2027年高考生物一轮/2027年高考生物一轮复习讲义+练习+课件（新教材新高考）-G55/2027版/第17讲 伴性遗传和人类遗传病（复习讲义）（全国通用）（学生版）.docx,e3a300b276-018,,遗传系谱图和电泳图谱分析,REPRESENTATION_GUIDE,type 不合 3 值规则（协议 §1 禁用 REPRESENTATION_GUIDE），待重判
6. 2026生物总复习/2027年新高考资料【上新中】/2027年高考生物一轮/2027年高考生物一轮复习讲义+练习+课件（新教材新高考）-G55/2027版/第17讲 伴性遗传和人类遗传病（复习讲义）（全国通用）（学生版）.docx,e3a300b276-018,b,遗传系谱图的符号与书写规范,REPRESENTATION_GUIDE,type 不合 3 值规则（协议 §1 禁用 REPRESENTATION_GUIDE），待重判
6. 2026生物总复习/2027年新高考资料【上新中】/2027年高考生物一轮/2027年高考生物一轮复习讲义+练习+课件（新教材新高考）-G55/2027版/第17讲 伴性遗传和人类遗传病（复习讲义）（全国通用）（学生版）.docx,e3a300b276-019,,遗传图解的书写规范,REPRESENTATION_GUIDE,type 不合 3 值规则（协议 §1 禁用 REPRESENTATION_GUIDE），待重判
6. 2026生物总复习/2027年新高考资料【上新中】/2027年高考生物一轮/2027年高考生物一轮复习讲义+练习+课件（新教材新高考）-G55/2027版/第17讲 伴性遗传和人类遗传病（复习讲义）（全国通用）（学生版）.docx,e3a300b276-019,b,遗传图解的书写规范,REPRESENTATION_GUIDE,type 不合 3 值规则（协议 §1 禁用 REPRESENTATION_GUIDE），待重判
6. 2026生物总复习/2027年新高考资料【上新中】/2027年高考生物一轮/2027年高考生物一轮课件+讲义+练习（黑吉辽蒙专用）-G330/2027版/第06讲 细胞器和生物膜系统（学生版） .docx,2f23d1b77e-005,b,分泌蛋白的合成和运输,REPRESENTATION_GUIDE,type 不合 3 值规则（协议 §1 禁用 REPRESENTATION_GUIDE），待重判
6. 2026生物总复习/2027年新高考资料【上新中】/2027年高考生物一轮/2027年高考生物一轮课件+讲义+练习（黑吉辽蒙专用）-G330/2027版/第11讲 细胞的增殖（学生版）.docx,ccd0d00ddf-005,,细胞分裂时期的判断方法,REPRESENTATION_GUIDE,type 不合 3 值规则（协议 §1 禁用 REPRESENTATION_GUIDE），待重判
