subject,slug,alias
BIOLOGY,DNA分子中碱基数量关系,DNA分子中碱基数量的关系
BIOLOGY,DNA分子中碱基数量关系,DNA分子中碱基计算的三步曲
BIOLOGY,DNA分子中碱基数量关系,DNA碱基计算规律6至9
BIOLOGY,DNA分子中碱基数量关系,查哥夫的碱基等量关系发现
BIOLOGY,DNA分子中碱基数量关系,碱基计算规律一：嘌呤总数等于嘧啶总数
BIOLOGY,DNA分子中碱基数量关系,碱基计算规律二：互补碱基之和比例处处相等
BIOLOGY,DNA分子的多样性与特异性,碱基排列顺序的计算（4种可能）
BIOLOGY,DNA复制的拓展,DNA复制与减数分裂中染色体标记情况的分析
BIOLOGY,DNA复制的拓展,DNA复制与有丝分裂中染色体标记情况的分析
BIOLOGY,DNA复制的拓展,DNA复制的引物与半不连续复制
BIOLOGY,DNA复制的拓展,半不连续复制与端粒缩短
BIOLOGY,DNA复制的拓展,双向复制与环状DNA的复制
BIOLOGY,DNA复制的拓展,有丝分裂与减数分裂中子染色体标记情况的归纳
BIOLOGY,DNA复制的拓展,真核生物DNA的多起点复制
BIOLOGY,DNA复制的拓展,端粒、端粒酶与真核复制特点
BIOLOGY,DNA复制的数量关系,DNA复制中消耗的脱氧核苷酸数
BIOLOGY,DNA复制的数量关系,DNA复制的数量关系与计算
BIOLOGY,DNA复制的数量关系,DNA复制相关计算的三个易错点
BIOLOGY,DNA复制的数量关系,DNA复制计算的注意事项与相关酶
BIOLOGY,DNA复制的数量关系,含15N的DNA分子复制n次后的数量关系
BIOLOGY,DNA复制的数量关系,第n代DNA的组成和占比
BIOLOGY,DNA指纹技术,DNA指纹技术及其应用
BIOLOGY,DNA指纹技术,DNA指纹技术用于亲子鉴定的原理与依据
BIOLOGY,DNA指纹技术,DNA指纹技术的原理与应用
BIOLOGY,H和ATP的来源与去向,NADH与NADPH的来源与去路区别
BIOLOGY,H和ATP的来源与去向,细胞呼吸中[H]和ATP的来源与去向
BIOLOGY,NTP与dNTP家族,NTP与dNTP在核酸合成中的作用
BIOLOGY,NTP与dNTP家族,NTP家族与dNTP家族的组成
BIOLOGY,RNA的结构、种类与功能,ATP与RNA在结构上的联系
BIOLOGY,RNA的结构、种类与功能,RNA的多种功能
BIOLOGY,RNA的结构、种类与功能,RNA的种类与功能
BIOLOGY,RNA的结构、种类与功能,RNA的组成与4种核糖核苷酸
BIOLOGY,RNA的结构、种类与功能,RNA适于作DNA信使的两个原因
BIOLOGY,RNA的结构、种类与功能,tRNA是单链且呈三叶草结构
BIOLOGY,atp与adp的转化,ATP-ADP循环是细胞能量的闭环系统
BIOLOGY,atp与adp的转化,ATP与ADP的相互转化不是可逆反应
BIOLOGY,atp与adp的转化,ATP与ADP的相互转化与动态平衡
BIOLOGY,atp与adp的转化,ATP与ADP的相互转化及磷酸化
BIOLOGY,atp与adp的转化,ATP与ADP的转化不是可逆反应
BIOLOGY,atp与adp的转化,ATP与ADP的转化过程
BIOLOGY,atp与adp的转化,ATP去掉1个磷酸基团后简称ADP
BIOLOGY,atp与adp的转化,ATP合成
BIOLOGY,atp与adp的转化,ATP合成与水解的比较
BIOLOGY,atp与adp的转化,ATP含量少而需求大的解决方式
BIOLOGY,atp与adp的转化,ATP的水解反
BIOLOGY,atp与adp的转化,磷酸肌酸与ATP的能量转化
BIOLOGY,atp与adp的转化,细胞内的吸能反应一般与ATP
BIOLOGY,atp的合成和利用,10%NaOH溶液应放在A瓶中
BIOLOGY,atp的合成和利用,ATP中四个负电荷相距很近且相互排斥
BIOLOGY,atp的合成和利用,ATP中能量的六种利用形式
BIOLOGY,atp的合成和利用,ATP产生与消耗的场所汇总
BIOLOGY,atp的合成和利用,ATP合酶与H+梯度直接动力
BIOLOGY,atp的合成和利用,ATP水解脱下来的磷酸基团可能形成游
BIOLOGY,atp的合成和利用,ATP的三种拓展用途
BIOLOGY,atp的合成和利用,ATP的利用与磷酸化
BIOLOGY,atp的合成和利用,ATP的利用与细胞内的能量流通
BIOLOGY,atp的合成和利用,ATP的来源与利用方式
BIOLOGY,atp的合成和利用,ATP的来源与去路
BIOLOGY,atp的合成和利用,ATP结构中的“A”为腺苷
BIOLOGY,atp的合成和利用,ATP荧光检测法的原理
BIOLOGY,atp的合成和利用,C6H12O62C3H6O3（乳酸）
BIOLOGY,atp的合成和利用,CO2可使澄清的石灰水变浑浊
BIOLOGY,atp的合成和利用,H+ 经 ATP 合成酶回流驱动 ATP 合成
BIOLOGY,atp的合成和利用,不同生物产生ATP的生理过程
BIOLOGY,atp的合成和利用,以“中耕松土”为例
BIOLOGY,atp的合成和利用,光反应之一：ATP的合成
BIOLOGY,atp的合成和利用,光反应的场所与三个反应
BIOLOGY,atp的合成和利用,光系统、电子传递链与ATP合成的联系
BIOLOGY,atp的合成和利用,吸能反应与放能反应及ATP的流通作用
BIOLOGY,atp的合成和利用,对于动物、人、真菌和大多数细菌来说
BIOLOGY,atp的合成和利用,无论是分解成酒精和二氧化碳或者
BIOLOGY,atp的合成和利用,检测酒精的产生
BIOLOGY,atp的合成和利用,细胞内化学反应与ATP的联系
BIOLOGY,atp的合成和利用,细胞内的化学反应有些是需要吸收能量
BIOLOGY,atp的合成和利用,酶的合成场所主要在核糖体
BIOLOGY,atp的合成和利用,阶段、场所、原料、产物、能量
BIOLOGY,atp的结构,1mol ATP水解释放
BIOLOGY,atp的结构,ADP中文全称
BIOLOGY,atp的结构,ATP
BIOLOGY,atp的结构,ATP水解本身
BIOLOGY,atp的结构,ATP的中文全称
BIOLOGY,atp的结构,ATP的化学性质不稳定
BIOLOGY,atp的结构,ATP的组成与快速供能物质的选择
BIOLOGY,atp的结构,ATP的结构与底物水平磷酸化
BIOLOGY,atp的结构,ATP的结构与特点
BIOLOGY,atp的结构,ATP的结构简式
BIOLOGY,atp的结构,ATP的结构简式与组成
BIOLOGY,atp的结构,ATP的能源作用与A的含义
BIOLOGY,atp的结构,不同物质结构中A的含义不同
BIOLOGY,atp的结构,与能量转换
BIOLOGY,atp的结构与作用,ATP不等于能量
BIOLOGY,atp的结构与作用,ATP与葡萄糖的能源特点比较
BIOLOGY,atp的结构与作用,ATP产生量与O2供给量的关系及能源物质
BIOLOGY,atp的结构与作用,ATP的功能：直接能源物质
BIOLOGY,atp的结构与作用,ATP的结构与元素组成
BIOLOGY,atp的结构与作用,ATP的结构与组成
BIOLOGY,atp的结构与作用,DNA结构与复制易错判定汇总
BIOLOGY,atp的结构与作用,NADPH的名称与作用
BIOLOGY,atp的结构与作用,反射弧的结构与各部分受损的影响
BIOLOGY,atp的结构与作用,水的分子结构与其理化特性
BIOLOGY,atp的结构与作用,病毒的结构与核酸类型
BIOLOGY,atp的结构与作用,病毒的结构与生活方式
BIOLOGY,atp的结构与作用,蓝细菌的结构与代谢特点
BIOLOGY,atp的结构和功能,ATP的分子组成与高能磷酸化合物特点
BIOLOGY,atp的结构和功能,ATP的结构简式与直接供能作用
BIOLOGY,atp的结构和功能,ATP的结构简式与结构特点
BIOLOGY,c4植物-cam植物等特殊代谢类型,C3、C4和CAM植物固定CO2的方式比较
BIOLOGY,c4植物-cam植物等特殊代谢类型,C3、C4和CAM植物的比较
BIOLOGY,c4植物-cam植物等特殊代谢类型,C3与C4植物叶片结构与途径比较
BIOLOGY,c4植物-cam植物等特殊代谢类型,C3途径是碳同化的基本途径
BIOLOGY,c4植物-cam植物等特殊代谢类型,C4 植物与 CAM 植物固定 CO2 的方式
BIOLOGY,c4植物-cam植物等特殊代谢类型,C4 植物高温强光下仍光合强：无明显'午休'现象
BIOLOGY,c4植物-cam植物等特殊代谢类型,C4植物与CAM植物的碳同化特点
BIOLOGY,c4植物-cam植物等特殊代谢类型,C4植物与CAM植物（景天科植物）的代谢特点
BIOLOGY,c4植物-cam植物等特殊代谢类型,C4植物无光合午休的原因
BIOLOGY,c4植物-cam植物等特殊代谢类型,C4植物的CO2固定途径
BIOLOGY,c4植物-cam植物等特殊代谢类型,C4植物的结构与代谢特点
BIOLOGY,c4植物-cam植物等特殊代谢类型,C4植物的结构与光合途径
BIOLOGY,c4植物-cam植物等特殊代谢类型,C4途径与CAM途径
BIOLOGY,c4植物-cam植物等特殊代谢类型,CAM 植物昼夜气孔策略：夜间开放、白天关闭
BIOLOGY,c4植物-cam植物等特殊代谢类型,CAM 途径
BIOLOGY,c4植物-cam植物等特殊代谢类型,CAM植物的景天酸代谢
BIOLOGY,c4植物-cam植物等特殊代谢类型,CAM植物的特点与适应意义
BIOLOGY,c4植物-cam植物等特殊代谢类型,CAM植物（景天科）的昼夜代谢规律
BIOLOGY,c4植物-cam植物等特殊代谢类型,CAM植物（景天酸代谢）的特点
BIOLOGY,c4植物-cam植物等特殊代谢类型,CO₂ 浓缩机制
BIOLOGY,c4植物-cam植物等特殊代谢类型,C₃、C₄与CAM植物的综合比较
BIOLOGY,c4植物-cam植物等特殊代谢类型,C₃植物与C₄植物的划分与C₄植物的优势
BIOLOGY,c4植物-cam植物等特殊代谢类型,C₄ 植物的叶绿体分化与 CO₂ 补偿点
BIOLOGY,c4植物-cam植物等特殊代谢类型,C₄ 途径
BIOLOGY,c4植物-cam植物等特殊代谢类型,C₄植物与CAM植物的代谢途径
BIOLOGY,c4植物-cam植物等特殊代谢类型,C₄植物固定CO₂的过程与两种羧化酶
BIOLOGY,c4植物-cam植物等特殊代谢类型,C₄途径与CAM途径的CO₂浓缩机制
BIOLOGY,c4植物-cam植物等特殊代谢类型,由气体交换与苹果酸变化判断植物光合类型
BIOLOGY,c4植物-cam植物等特殊代谢类型,蓝细菌的 HCO₃⁻ 泵途径
BIOLOGY,dna-rna-蛋白质等的水解产物和氧化产物-归纳总结,五大有机物的氧化分解终产物
BIOLOGY,dna-rna-蛋白质等的水解产物和氧化产物-归纳总结,五种有机物的分解产物对比
BIOLOGY,dna-rna-蛋白质等的水解产物和氧化产物-归纳总结,各有机物的初步水解、彻底水解与氧化分解产物
BIOLOGY,dna-rna-蛋白质等的水解产物和氧化产物-归纳总结,多糖水解终产物与氧化分解终产物的区别
BIOLOGY,dna是主要的遗传物质,1944年
BIOLOGY,dna是主要的遗传物质,DNA是主要的遗传物质（结论归纳）
BIOLOGY,dna是主要的遗传物质,DNA是主要遗传物质的探索
BIOLOGY,dna是主要的遗传物质,RNA是遗传物质的实验证据与不同生物的遗传物质
BIOLOGY,dna是主要的遗传物质,RNA病毒的遗传物质特点与疫苗困难
BIOLOGY,dna是主要的遗传物质,不同生物的核酸、核苷酸、碱基种类与遗传物质
BIOLOGY,dna是主要的遗传物质,主要与唯一的辨析（能源与遗传物质）
BIOLOGY,dna是主要的遗传物质,加热并没有使DNA完全失去活性
BIOLOGY,dna是主要的遗传物质,各类生物的核酸与遗传物质
BIOLOGY,dna是主要的遗传物质,噬菌体侵染大肠杆菌的实验
BIOLOGY,dna是主要的遗传物质,因为绝大多数生物的遗传物质是DNA
BIOLOGY,dna是主要的遗传物质,在对照实验中
BIOLOGY,dna是主要的遗传物质,实验中获得含放射性同位素标记
BIOLOGY,dna是主要的遗传物质,实验误差分析
BIOLOGY,dna是主要的遗传物质,常见的错误说法
BIOLOGY,dna是主要的遗传物质,并非所有的R型细菌都转化为S型细菌
BIOLOGY,dna是主要的遗传物质,有些病毒的遗传物质是RNA
BIOLOGY,dna是主要的遗传物质,格里菲思实验仅能证明S型细菌中
BIOLOGY,dna是主要的遗传物质,烟草花叶病毒侵染实验
BIOLOGY,dna是主要的遗传物质,烟草花叶病毒侵染实验（RNA是遗传物质）
BIOLOGY,dna是主要的遗传物质,烟草花叶病毒感染实验证明RNA是遗传物质
BIOLOGY,dna是主要的遗传物质,生物的遗传物质
BIOLOGY,dna是主要的遗传物质,病毒的分类：按宿主与按遗传物质
BIOLOGY,dna是主要的遗传物质,细胞中遗传物质（DNA）的初
BIOLOGY,dna是主要的遗传物质,细胞生物的遗传物质只有DNA
BIOLOGY,dna是主要的遗传物质,肺炎链球菌体内转化实验不能简单地说成
BIOLOGY,dna是主要的遗传物质,肺炎链球菌有两类
BIOLOGY,dna是主要的遗传物质,肺炎链球菌转化实验的易错辨析
BIOLOGY,dna是主要的遗传物质,肺炎链球菌转化的实质
BIOLOGY,dna是主要的遗传物质,艾弗里证明DNA是遗传物质的实验
BIOLOGY,dna是主要的遗传物质,蛋白质不能作为遗传物质的原因
BIOLOGY,dna是主要的遗传物质,证明DNA是主要遗传物质的四组经典实验及其结论
BIOLOGY,dna是主要的遗传物质,证明DNA是遗传物质的经典实验的选材与方法
BIOLOGY,dna是主要的遗传物质,赫尔希和蔡斯利用放射性同位素标记技术
BIOLOGY,dna是主要的遗传物质,转化的实质是基因重组而非基因突变肺炎
BIOLOGY,dna是主要的遗传物质,选用细菌和病毒作为实验材料的优点
BIOLOGY,dna是主要的遗传物质,遗传物质应具备的四个特点
BIOLOGY,dna是主要的遗传物质,遗传物质探索实验易错辨析
BIOLOGY,dna是主要的遗传物质,遗传物质相关易错判定汇总
BIOLOGY,dna的双螺旋结构,DNA分子一般为“双螺旋结构”
BIOLOGY,dna的双螺旋结构,DNA分子的双螺旋结构要点
BIOLOGY,dna的双螺旋结构,DNA分子的多样性、特异性和稳定性
BIOLOGY,dna的双螺旋结构,DNA分子的稳定性、多样性和特异性
BIOLOGY,dna的双螺旋结构,DNA分子的结构与结构特点
BIOLOGY,dna的双螺旋结构,DNA单链的两个末端与走向
BIOLOGY,dna的双螺旋结构,DNA双螺旋结构模型建立所依据的证据
BIOLOGY,dna的双螺旋结构,DNA双螺旋结构模型的构建依据
BIOLOGY,dna的双螺旋结构,DNA双螺旋结构模型的构建历程与巧记要点
BIOLOGY,dna的双螺旋结构,DNA双螺旋结构的主要特点
BIOLOGY,dna的双螺旋结构,DNA双螺旋结构的特点
BIOLOGY,dna的双螺旋结构,DNA双链的碱基数量关系
BIOLOGY,dna的双螺旋结构,DNA精确复制的原因
BIOLOGY,dna的双螺旋结构,威尔金斯和富兰克林的DNA衍射图谱
BIOLOGY,dna的双螺旋结构,碱基互补配对原则与DNA中的化学键
BIOLOGY,dna的复制,BrdU掺入与Giemsa染色区分染色单体
BIOLOGY,dna的复制,DNA 复制准确性唯一保障：碱基互补配对
BIOLOGY,dna的复制,DNA 复制需要引物：DNA 聚合酶不能从头合成
BIOLOGY,dna的复制,DNA半保留复制的实验证据
BIOLOGY,dna的复制,DNA复制方式的三种早期猜测
BIOLOGY,dna的复制,DNA复制的作用与主要特点
BIOLOGY,dna的复制,DNA复制的四条底层逻辑
BIOLOGY,dna的复制,DNA复制的场所、条件与特点
BIOLOGY,dna的复制,DNA复制的模型核心与复制叉
BIOLOGY,dna的复制,DNA复制的相关计算
BIOLOGY,dna的复制,DNA复制的过程、特点与准确复制的原因
BIOLOGY,dna的复制,DNA复制的过程与条件
BIOLOGY,dna的复制,DNA复制计算：子代DNA分子数与链数
BIOLOGY,dna的复制,DNA复制需要RNA引物的原因
BIOLOGY,dna的复制,DNA复制需要引物与半不连续复制（拓展）
BIOLOGY,dna的复制,DNA的半不连续复制（复制泡、前导链与滞后链）
BIOLOGY,dna的复制,DNA的半保留复制
BIOLOGY,dna的复制,DNA的双向复制与单向复制
BIOLOGY,dna的复制,前导链与后随链的合成差异
BIOLOGY,dna的复制,半保留复制的假说与实验证据
BIOLOGY,dna的复制,复制泡与三类环状DNA复制模型
BIOLOGY,dna的复制,密度梯度离心证明半保留复制
BIOLOGY,dna的复制,引物的来源与端粒缩短的原因
BIOLOGY,dna的复制,染色体标记类问题的分析方法
BIOLOGY,dna的复制,染色体标记问题的减数分裂模型
BIOLOGY,dna的复制,染色体标记问题的有丝分裂模型
BIOLOGY,dna的复制,染色体标记题的两种设定与判读要点
BIOLOGY,dna的复制,梅塞尔森和斯塔尔的半保留复制实验
BIOLOGY,dna的复制,滞后链的合成与DNA半不连续复制的概念
BIOLOGY,dna的复制,真核生物DNA有多个复制起点
BIOLOGY,dna的复制,边解旋边复制减少碱基暴露、降低突变概率
BIOLOGY,dna的结构及特点,DNA与RNA分子链的组成与连接方式
BIOLOGY,dna的结构及特点,DNA分子的双螺旋结构特点与三个特性
BIOLOGY,dna的结构及特点,DNA分子的结构要点
BIOLOGY,dna的结构及特点,DNA基本骨架与紫外线损伤
BIOLOGY,dna的结构及特点,DNA的基本骨架与碱基的位置
BIOLOGY,dna的结构及特点,DNA的方向性与5'端、3'端的判定
BIOLOGY,dna的结构及特点,DNA碱基计算的四个规律
BIOLOGY,dna的结构及特点,DNA结构模型构建的探索成果
BIOLOGY,dna的结构及特点,DNA结构模型的探索历程
BIOLOGY,dna的结构及特点,RNA充当信使（三种RNA与结构特点）
BIOLOGY,dna的结构及特点,人工碱基对参与DNA复制
BIOLOGY,dna的结构及特点,双链DNA中碱基数量关系的计算规律
BIOLOGY,dna的结构及特点,氨基酸的结构特点
BIOLOGY,dna的结构及特点,氨基酸的结构特点（通式）
BIOLOGY,dna的结构及特点,碱基计算规律三：非互补碱基之和互补链互为倒数
BIOLOGY,dna的结构及特点,脱氧核糖少一个氧使DNA更稳定
BIOLOGY,dna连接酶,DNA复制与处理相关的四种酶
BIOLOGY,dna连接酶,DNA连接酶与DNA聚合酶的区别
BIOLOGY,dna连接酶,DNA连接酶的种类与作用特点
BIOLOGY,dna连接酶,与DNA有关的几种酶的作用底物与作用部位比较
BIOLOGY,dna连接酶,与DNA相关的四种酶的区别
BIOLOGY,dna连接酶,冈崎片段与后随链的连接
BIOLOGY,k值,K值与K/2值在实践中的应用
BIOLOGY,k值,K值与K/2的实践应用
BIOLOGY,k值,K值与环境容纳量
BIOLOGY,k值,K值并非恒定及种群数量围绕K值波动
BIOLOGY,k值,K值的变化与不同曲线模型中的K、K/2值
BIOLOGY,k值,K值的解读与应用及标记重捕法误差分析
BIOLOGY,k值,K值（环境容纳量）的含义与特点
BIOLOGY,k值,S形增长曲线的分段分析与K及K/2的对应关系
BIOLOGY,k值,“S”形增长曲线的解读与K值
BIOLOGY,k值,最大捕捞量与最大持续捕捞量
BIOLOGY,k值,环境容纳量（K值）的含义
BIOLOGY,k值,环境容纳量（K值）的概念与相关易混点
BIOLOGY,pcr技术,DNA提取、析出与PCR扩增的操作流程
BIOLOGY,pcr技术,PCR反应体系的组成与各组分的作用
BIOLOGY,pcr技术,PCR反应体系的组成与扩增三步
BIOLOGY,pcr技术,PCR反应体系的组成条件
BIOLOGY,pcr技术,PCR引物的特点与设计原则
BIOLOGY,pcr技术,PCR引物设计与酶切产物长度计算
BIOLOGY,pcr技术,PCR扩增与电泳条带判读
BIOLOGY,pcr技术,PCR扩增出现非目标条带的原因与策略
BIOLOGY,pcr技术,PCR扩增技术与体内DNA复制的异同
BIOLOGY,pcr技术,PCR技术的发明
BIOLOGY,pcr技术,PCR技术的条件 步骤与结果
BIOLOGY,pcr技术,PCR的原理与三个基本步骤
BIOLOGY,pcr技术,PCR的反应条件与扩增原理
BIOLOGY,pcr技术,PCR的变性、复性与延伸三个步骤
BIOLOGY,pcr技术,RNA病毒的检测与PCR模板要求
BIOLOGY,pcr技术,RT-PCR与实时荧光定量PCR的对比
BIOLOGY,pcr技术,RT-PCR与实时荧光定量PCR的检测原理
BIOLOGY,pcr技术,不对称PCR制备单链DNA探针
BIOLOGY,pcr技术,制备荧光标记DNA探针的反应管分析
BIOLOGY,pcr技术,卡端法选择引物结合位点
BIOLOGY,pcr技术,双脱氧测序法与电泳图判读
BIOLOGY,pcr技术,反向 PCR：扩增已知序列两侧的未知序列
BIOLOGY,pcr技术,反向PCR扩增已知序列两侧的未知序列
BIOLOGY,pcr技术,反向PCR的原理与操作步骤
BIOLOGY,pcr技术,大引物PCR定点突变
BIOLOGY,pcr技术,大引物PCR定点突变的原理与流程
BIOLOGY,pcr技术,巢式 PCR：两对引物两轮扩增提高特异性与灵敏度
BIOLOGY,pcr技术,巢式PCR的两阶段设计与特异性优势
BIOLOGY,pcr技术,引物引入突变位点的扩增时机与轮数
BIOLOGY,pcr技术,引物方向的判断与检测引物的选择
BIOLOGY,pcr技术,引物设计的三条基本原则
BIOLOGY,pcr技术,引物设计的核心原则
BIOLOGY,pcr技术,引物设计的温度匹配与题目要求
BIOLOGY,pcr技术,引物设计的自身序列与相互作用原则
BIOLOGY,pcr技术,扩增目的基因与检验插入方向时的引物选择
BIOLOGY,pcr技术,按启动子位置确定引物末端的酶切位点
BIOLOGY,pcr技术,插入片段在引物扩增区外时产物长度不变
BIOLOGY,pcr技术,用重叠引物与电泳定位突变区间
BIOLOGY,pcr技术,由引物延伸方向选择PCR引物并写出序列
BIOLOGY,pcr技术,由扩增片段反推引物序列与限制酶种类
BIOLOGY,pcr技术,病毒诱导法检测基因表达与Ct值
BIOLOGY,pcr技术,结合实验需求修改引物序列
BIOLOGY,pcr技术,重叠延伸PCR定点突变
BIOLOGY,pcr技术,重叠延伸PCR定点突变的原理、流程与优点
BIOLOGY,pcr技术,重叠延伸PCR实现定点突变
BIOLOGY,pcr技术,重叠延伸PCR拼接两段DNA
BIOLOGY,pcr技术,重叠延伸PCR融合两个基因的引物与酶切设计
BIOLOGY,λ曲线分析,λ曲线的分段分析方法
BIOLOGY,λ曲线分析,由λ值判断种群数量变化方向
BIOLOGY,λ曲线分析,种群J形增长的模型与λ及增长率的关系
BIOLOGY,一对相对性状的杂交实验,一对相对性状杂交实验与假说内容
BIOLOGY,一对相对性状的杂交实验,一对相对性状杂交实验的现象、假说与测交验证
BIOLOGY,一对相对性状的杂交实验,一对相对性状杂交实验的现象与孟德尔的解释
BIOLOGY,一对相对性状的杂交实验,一对相对性状杂交实验的现象与问题
BIOLOGY,一对相对性状的杂交实验,一对相对性状的杂交实验与假说
BIOLOGY,一对相对性状的杂交实验,假说演绎法环节的易错辨析
BIOLOGY,一对相对性状的杂交实验,假说演绎法：提出假说
BIOLOGY,一对相对性状的杂交实验,孟德尔一对相对性状杂交实验的假说演绎
BIOLOGY,一昼夜CO2浓度变化曲线,夏季一天中CO2浓度变化曲线各点含义
BIOLOGY,一昼夜CO2浓度变化曲线,密闭容器内一昼夜CO₂浓度变化的分段分析
BIOLOGY,一昼夜CO2浓度变化曲线,密闭环境中CO2浓度变化曲线
BIOLOGY,一昼夜CO2浓度变化曲线,自然环境中一昼夜CO₂吸收或释放速率的变化
BIOLOGY,一昼夜CO2浓度变化曲线,自然环境中夏季CO2浓度变化曲线
BIOLOGY,三率-的关系及测定,三率的文字依据
BIOLOGY,三率-的关系及测定,三种速率的关系与表示方法
BIOLOGY,三率-的关系及测定,不同光照条件下叶肉细胞的气体代谢特点
BIOLOGY,三率-的关系及测定,光合作用的“总”与“净”
BIOLOGY,三率-的关系及测定,光合作用的常用测量指标
BIOLOGY,三率-的关系及测定,光补偿点与光饱和点移动的判断方法
BIOLOGY,三率-的关系及测定,判定三率的关键词对应表
BIOLOGY,三率-的关系及测定,半叶法与叶圆片称重法测定光合速率
BIOLOGY,三率-的关系及测定,总光合速率、净光合速率与呼吸速率的关系
BIOLOGY,三率-的关系及测定,总光合＝净光合＋呼吸及两种计算模型
BIOLOGY,三率-的关系及测定,测定光合速率与呼吸速率的几种方法
BIOLOGY,三率-的关系及测定,液滴移动法测定光合与呼吸速率
BIOLOGY,三率-的关系及测定,黑白瓶法与间隔光照法
BIOLOGY,下丘脑在稳态调节中的作用,下丘脑在稳态调节中的四大功能
BIOLOGY,下丘脑的功能,下丘脑控制生物节律
BIOLOGY,下丘脑的功能,下丘脑的四大功能
BIOLOGY,下丘脑的功能,用减法原理证明垂体活动受下丘脑控制
BIOLOGY,与酶有关的曲线分析,λ曲线各段含义分析
BIOLOGY,与酶有关的曲线分析,一昼夜CO2吸收（释放）曲线关键点分析
BIOLOGY,与酶有关的曲线分析,与酶有关的曲线分析方法
BIOLOGY,与酶有关的曲线分析,光补偿点与光饱和点及光照强度曲线分析
BIOLOGY,与酶有关的曲线分析,密闭容器一昼夜气体变化的分析
BIOLOGY,与酶有关的曲线分析,密闭容器中CO2浓度变化曲线分析
BIOLOGY,与酶有关的曲线分析,活化能曲线的各段含义
BIOLOGY,与酶有关的曲线分析,温度和pH对酶活性影响的曲线
BIOLOGY,与酶有关的曲线分析,竞争性抑制的曲线特征
BIOLOGY,与酶有关的曲线分析,转化率与产物量的曲线分析
BIOLOGY,两对相对性状杂交实验过程,F2 比例的范围、重组类型与测交辨析
BIOLOGY,两对相对性状杂交实验过程,F2中亲本类型与重组类型比例
BIOLOGY,两对相对性状杂交实验过程,F₂中重组性状所占比例的两种情形
BIOLOGY,两对相对性状杂交实验过程,两对相对性状杂交实验F2为9：3：3：1的解释
BIOLOGY,两对相对性状杂交实验过程,两对相对性状杂交实验与9∶3∶3∶1
BIOLOGY,两对相对性状杂交实验过程,两对相对性状杂交实验与自由组合现象
BIOLOGY,两对相对性状杂交实验过程,两对相对性状杂交实验的数据分析
BIOLOGY,两对相对性状杂交实验过程,两对相对性状杂交实验的现象与单独分析
BIOLOGY,两对相对性状杂交实验过程,两对相对性状杂交实验的现象与结论
BIOLOGY,两对相对性状杂交实验过程,两对相对性状杂交实验的现象与逐对分析
BIOLOGY,两对相对性状杂交实验过程,重组类型比例与测交的辨析
BIOLOGY,个体或配子致死问题的处理-规律方法,ab 配子致死：F2 = 4:1:1
BIOLOGY,个体或配子致死问题的处理-规律方法,两对基因子代比例之和小于 16 → 存在致死
BIOLOGY,个体或配子致死问题的处理-规律方法,个体或配子致死导致AaBb自交后代分离比的改变
BIOLOGY,个体或配子致死问题的处理-规律方法,伴性遗传中的致死与基因缺失
BIOLOGY,个体或配子致死问题的处理-规律方法,伴性遗传中的致死问题分类
BIOLOGY,个体或配子致死问题的处理-规律方法,伴性遗传中的致死问题类型
BIOLOGY,个体或配子致死问题的处理-规律方法,伴性遗传中的配子致死与个体致死
BIOLOGY,个体或配子致死问题的处理-规律方法,伴性遗传中的配子致死与个体致死分析
BIOLOGY,个体或配子致死问题的处理-规律方法,分离定律中的致死类型与判断
BIOLOGY,个体或配子致死问题的处理-规律方法,合子不完全致死的算法
BIOLOGY,个体或配子致死问题的处理-规律方法,含 X^A 的花粉全部致死 → 子代无雄株
BIOLOGY,个体或配子致死问题的处理-规律方法,手枪模型：合子致死问题
BIOLOGY,个体或配子致死问题的处理-规律方法,显性纯合致死类的配子分析法计算
BIOLOGY,个体或配子致死问题的处理-规律方法,用O表示缺失的基因或染色体
BIOLOGY,个体或配子致死问题的处理-规律方法,用棋盘格逐项检验“哪个配子不育”
BIOLOGY,个体或配子致死问题的处理-规律方法,由分离比拆分判断配子不育及其涉及的基因
BIOLOGY,个体或配子致死问题的处理-规律方法,自私基因杀死雄配子引起的分离比偏离
BIOLOGY,个体或配子致死问题的处理-规律方法,致死与不育类遗传题的解题技巧
BIOLOGY,个体或配子致死问题的处理-规律方法,致死基因的分类与效应
BIOLOGY,个体或配子致死问题的处理-规律方法,致死效应下子代比例的处理
BIOLOGY,个体或配子致死问题的处理-规律方法,致死现象的两类情形
BIOLOGY,个体或配子致死问题的处理-规律方法,致死现象的分析与排除方法
BIOLOGY,个体或配子致死问题的处理-规律方法,致死类特殊分离比的分析方法
BIOLOGY,个体或配子致死问题的处理-规律方法,致死问题分析的底层逻辑
BIOLOGY,个体或配子致死问题的处理-规律方法,致死问题拆分综合策略：先拆对分析、再综合归一化
BIOLOGY,个体或配子致死问题的处理-规律方法,致死题中分解组合法的失效与棋盘法
BIOLOGY,个体或配子致死问题的处理-规律方法,配子不完全致死的算法
BIOLOGY,个体或配子致死问题的处理-规律方法,配子致死与合子致死的对比处理
BIOLOGY,个体或配子致死问题的处理-规律方法,金鱼模型：配子致死与不完全致死
BIOLOGY,中心法则,RNA复制过程的条件与产物
BIOLOGY,中心法则,中心法则与不同生物的遗传信息流动
BIOLOGY,中心法则,中心法则各过程的酶、碱基配对方式与三看法判断
BIOLOGY,中心法则,中心法则的内容与不同生物的传递过程
BIOLOGY,中心法则,中心法则的图解与各过程的产物关系
BIOLOGY,中心法则,中心法则的提出与不同生物的表达式
BIOLOGY,中心法则,几种药物的抗菌机制
BIOLOGY,中心法则,核酸链的判别与遗传信息流向
BIOLOGY,中心法则,生命是物质、能量和信息的统一体
BIOLOGY,中心法则,逆转录过程的条件与产物
BIOLOGY,中心法则的提出及其发展,中心法则及其补充
BIOLOGY,中心法则的提出及其发展,中心法则的提出、图解与不同生物的遗传信息传递途径
BIOLOGY,中心法则的提出及其发展,中心法则的提出与发展
BIOLOGY,主动运输,ATP 驱动泵：能量直接来自 ATP 水解
BIOLOGY,主动运输,ATP为主动运输供能
BIOLOGY,主动运输,ATP驱动的主动运输泵
BIOLOGY,主动运输,主动运输按能量来源分为三种类型
BIOLOGY,主动运输,主动运输的定义、特点与意义
BIOLOGY,主动运输,光驱动泵的主动运输
BIOLOGY,主动运输,光驱泵：能量来自光能的主动运输
BIOLOGY,主动运输,动物细胞内外不同离子的相对浓度
BIOLOGY,主动运输,协同转运的能量来源与方向关系
BIOLOGY,主动运输,协同转运蛋白的机理
BIOLOGY,主动运输,同向协同转运与Na⁺驱动的葡萄糖转运
BIOLOGY,主动运输,囊性纤维化发生的一种主要原因
BIOLOGY,主动运输,扩散是分子的运动形式
BIOLOGY,主动运输,无机盐的存在形式与吸收方式
BIOLOGY,主动运输,氧气含量通过呼吸供能影响主动运输
BIOLOGY,主动运输,渗透平衡时半透膜两侧液面仍存在
BIOLOGY,主动运输,生理意义
BIOLOGY,主动运输,用浓度梯度判断主动运输
BIOLOGY,主动运输,离子通道与离子泵
BIOLOGY,主动运输,耐盐植物的离子区隔化与能耗代价
BIOLOGY,主动运输,胞吞和胞吐
BIOLOGY,主动运输,载体蛋白的磷酸化与构象改变
BIOLOGY,主动运输,载体蛋白磷酸化与主动运输机制
BIOLOGY,主动运输,选择透过性膜
BIOLOGY,主动运输,钙泵类载体蛋白的运输与载体通道辨析
BIOLOGY,主动运输,钠钾泵与静息电位幅度的关系
BIOLOGY,主动运输的类型,主动运输消耗能量的三种来源
BIOLOGY,主动运输的类型,主动运输的三种类型
BIOLOGY,主动运输的类型,主动运输的三种驱动方式与协同转运
BIOLOGY,主动运输的类型,主动运输的意义
BIOLOGY,主动运输的类型,主动运输的方向特征：逆浓度梯度
BIOLOGY,主动运输的类型,主动运输的条件
BIOLOGY,主动运输的类型,主动运输的特点与意义
BIOLOGY,主动运输的类型,主动运输的能量来源拓展
BIOLOGY,主动运输的类型,光驱动泵
BIOLOGY,主动运输的类型,光驱动泵驱动的主动运输
BIOLOGY,主动运输的类型,协同转运蛋白与间接消耗 ATP
BIOLOGY,主动运输的类型,协同转运蛋白：依赖离子电化学梯度的间接耗能转运
BIOLOGY,主动运输的类型,单一运输载体与协同运输载体
BIOLOGY,主动运输的类型,反向协同转运：液泡的离子与蔗糖转运
BIOLOGY,主动运输的类型,同向协同转运：小肠吸收葡萄糖
BIOLOGY,主动运输的类型,疫苗的作用机理与类型
BIOLOGY,主动运输的类型,离子梯度驱动的同向转运（协同运输）
BIOLOGY,主动运输的类型,质子泵维持溶酶体腔的酸性环境
BIOLOGY,主动运输的类型,钙泵的作用与Ca²⁺的信号功能
BIOLOGY,主动运输的类型,钠钾泵的工作机制
BIOLOGY,交配类型的辨析及应用,五种交配类型的辨析
BIOLOGY,交配类型的辨析及应用,桃花与玉米的传粉方式辨析（同株异花传粉属于自交）
BIOLOGY,交配类型的辨析及应用,正交与反交结果的遗传方式判断
BIOLOGY,交配类型的辨析及应用,纯合子、杂合子与五种交配方式的概念和应用
BIOLOGY,人工异花传粉的操作流程,人工异花传粉的操作流程与原理
BIOLOGY,人工异花传粉的操作流程,人工异花传粉的操作流程与去雄时机
BIOLOGY,人工异花传粉的操作流程,人工异花授粉（杂交）的操作要点
BIOLOGY,人类基因组测序,人类基因组测序需测定的染色体数目
BIOLOGY,人类遗传病,人类遗传病中的五个不一定
BIOLOGY,人类遗传病,人类遗传病的三大类型
BIOLOGY,人类遗传病,人类遗传病的定义与类型概览
BIOLOGY,人类遗传病,人类遗传病的概念与三大类型
BIOLOGY,人类遗传病,人类遗传病的概念与类型
BIOLOGY,人类遗传病,人类遗传病的类型与实例
BIOLOGY,人类遗传病,人类遗传病的调查、检测与预防
BIOLOGY,人类遗传病,人类遗传病的调查方法
BIOLOGY,人类遗传病,人类遗传病通常是指由遗传物质改变而引
BIOLOGY,人类遗传病,伴性遗传与人类遗传病易错判定汇总
BIOLOGY,人类遗传病,先天性疾病、家族性疾病与遗传病的关系
BIOLOGY,人类遗传病,先天性疾病不一定是遗传病
BIOLOGY,人类遗传病,单基因与多基因遗传病的特点对比
BIOLOGY,人类遗传病,单基因遗传病是指受一对等位基因控制
BIOLOGY,人类遗传病,基因检测也是产前检测的手段之一
BIOLOGY,人类遗传病,基因治疗是指用正常基因取代或修补患者
BIOLOGY,人类遗传病,多基因遗传病和染色体异常遗传病的特点
BIOLOGY,人类遗传病,携带遗传病基因的个体不一定会患遗传病
BIOLOGY,人类遗传病,是否携带遗传病基因与是否患遗传病
BIOLOGY,人类遗传病,杂交育种与遗传病概率推断
BIOLOGY,人类遗传病,染色体异常遗传病是指由染色体变异引起
BIOLOGY,人类遗传病,用孕妇血液游离DNA做产前基因诊断
BIOLOGY,人类遗传病,调查人群中的遗传病的方法
BIOLOGY,人类遗传病,调查人群中的遗传病的方法要点
BIOLOGY,人类遗传病,调查遗传方式与发病率的范围不同
BIOLOGY,人类遗传病,通过遗传咨询和产前诊断等手段对
BIOLOGY,人类遗传病,遗传咨询与产前诊断
BIOLOGY,人类遗传病,遗传病患者与携带者的区分
BIOLOGY,人类遗传病,遗传病携带者的概念
BIOLOGY,人类遗传病,遗传病的检测和预防手段
BIOLOGY,人类遗传病,遗传病的调查方法与检测预防
BIOLOGY,人类遗传病,遗传病致病来源的三个易错点
BIOLOGY,人类遗传病,避免近亲结婚不能预防所有遗传病
BIOLOGY,人类遗传病,隐性遗传病往往需在基因纯合时发病
BIOLOGY,人脑的高级功能,人的大脑除了感知外部世界以及控制机体
BIOLOGY,人脑的高级功能,人脑的高级功能与大脑皮层言语区
BIOLOGY,人脑的高级功能,因在某种生理或病理现象下参与的神经中
BIOLOGY,人脑的高级功能,学习、记忆与情绪（人脑高级功能）
BIOLOGY,人脑的高级功能,学习和记忆涉及脑内神经递质
BIOLOGY,人脑的高级功能,情绪也是大脑的高级功能之一
BIOLOGY,人脑的高级功能,条件反射的建立与脑区的联系
BIOLOGY,人脑的高级功能,生理或病理现象、神经中枢参与（损伤）
BIOLOGY,人脑的高级功能,视觉中枢≠视觉语言中枢
BIOLOGY,人脑的高级功能,言语区损伤与脑功能定位
BIOLOGY,传统发酵技术,乳酸菌是厌氧细菌
BIOLOGY,传统发酵技术,乳酸菌的代谢特点
BIOLOGY,传统发酵技术,传统发酵以混合菌种的固体发酵及半固体
BIOLOGY,传统发酵技术,传统发酵技术和发酵工程都
BIOLOGY,传统发酵技术,传统发酵技术的特点与腐乳的制作原理
BIOLOGY,传统发酵技术,传统发酵技术（腐乳 泡菜 果酒与果醋的制作）
BIOLOGY,传统发酵技术,传统发酵的条件控制归纳
BIOLOGY,传统发酵技术,制曲与豆瓣酱发酵的操作目的分析
BIOLOGY,传统发酵技术,发酵的概念与需氧发酵、厌氧发酵的类型
BIOLOGY,传统发酵技术,巴斯德对酒精发酵原因的结论
BIOLOGY,传统发酵技术,微生物的发酵反应式强调
BIOLOGY,传统发酵技术,果酒与果醋制作的菌种、原理与条件比较
BIOLOGY,传统发酵技术,果酒与果醋发酵流程
BIOLOGY,传统发酵技术,果酒与果醋发酵的菌种与操作差异
BIOLOGY,传统发酵技术,果酒与食醋发酵的菌种与产物变化
BIOLOGY,传统发酵技术,果酒自然发酵时
BIOLOGY,传统发酵技术,毛霉在腐乳制作中的作用
BIOLOGY,传统发酵技术,泡菜制作的菌种、原理与操作要点
BIOLOGY,传统发酵技术,泡菜在腌制过程中会有亚硝酸盐产生
BIOLOGY,传统发酵技术,用于制作泡菜的蔬菜应新鲜
BIOLOGY,传统发酵技术,白酒酿造中的微生物与发酵条件
BIOLOGY,传统发酵技术,直接利用原材料中天然存在的微生物
BIOLOGY,传统发酵技术,腐乳一直受到人们的喜爱
BIOLOGY,传统发酵技术,选择新鲜的葡萄
BIOLOGY,传统发酵技术,酵母菌是兼性厌氧微生物
BIOLOGY,传统发酵技术,醋酸发酵分层固体发酵法的操作分析
BIOLOGY,传统发酵技术,醋酸菌是好氧细菌
BIOLOGY,传统发酵技术,醋酸菌的代谢特点
BIOLOGY,伴性遗传,XY型与ZW型性别决定的比较
BIOLOGY,伴性遗传,X染色体上基因频率的计算
BIOLOGY,伴性遗传,X染色体与Y染色体的结构差异
BIOLOGY,伴性遗传,伴性遗传的核心概念
BIOLOGY,伴性遗传,伴性遗传的概念与 XY 染色体的区段
BIOLOGY,伴性遗传,伴性遗传的概念与三种类型
BIOLOGY,伴性遗传,伴性遗传的概念与三种类型的遗传特点
BIOLOGY,伴性遗传,伴性遗传的概念与常见的性别决定类型
BIOLOGY,伴性遗传,关于性染色体存在的两个易错认识
BIOLOGY,伴性遗传,双亲对子代贡献的差异：细胞质基因
BIOLOGY,伴性遗传,并非所有真核生物都有性染色体
BIOLOGY,伴性遗传,性别决定类型与性染色体传递特点
BIOLOGY,伴性遗传,性别鉴定：细胞质分裂与染色体判断
BIOLOGY,伴性遗传,性染色体上基因频率的计算
BIOLOGY,伴性遗传,性染色体上的基因未必都与性别决定有关
BIOLOGY,伴性遗传,性染色体的存在与传递规律
BIOLOGY,伴性遗传,性染色体的类型与性别决定的染色体基础
BIOLOGY,伴性遗传,性染色体（XY型）的传递特点
BIOLOGY,伴性遗传,母性效应与细胞质遗传的判别方法
BIOLOGY,伴性遗传,母性效应的实质与特点
BIOLOGY,伴性遗传,由子代表型比例反推连锁亲本基因型
BIOLOGY,伴性遗传,男孩患病与患病男孩的区别及从性遗传
BIOLOGY,伴性遗传的特点及应用,'无中生有'（双亲正常生患病孩子）→ 隐性遗传病
BIOLOGY,伴性遗传的特点及应用,'有中生无'（双亲患病生正常孩子）→ 显性遗传病
BIOLOGY,伴性遗传的特点及应用,X、Y染色体分区段遗传规律分析
BIOLOGY,伴性遗传的特点及应用,Z染色体上致病基因频率与患病率
BIOLOGY,伴性遗传的特点及应用,n对等位基因独立遗传的规律
BIOLOGY,伴性遗传的特点及应用,三类伴性遗传的特点
BIOLOGY,伴性遗传的特点及应用,三类伴性遗传的遗传特点辨析
BIOLOGY,伴性遗传的特点及应用,不同种子储藏物质的特点
BIOLOGY,伴性遗传的特点及应用,不完全显性与伴性遗传结合的育种方案
BIOLOGY,伴性遗传的特点及应用,二次免疫的特点
BIOLOGY,伴性遗传的特点及应用,人类红绿色盲是伴X染色体隐性遗传病
BIOLOGY,伴性遗传的特点及应用,从性遗传的特点
BIOLOGY,伴性遗传的特点及应用,伴X显性遗传与伴Y遗传的特点
BIOLOGY,伴性遗传的特点及应用,伴X染色体隐性遗传的特点
BIOLOGY,伴性遗传的特点及应用,伴X隐性遗传的交叉遗传特点
BIOLOGY,伴性遗传的特点及应用,伴性遗传三种类型的遗传特点
BIOLOGY,伴性遗传的特点及应用,伴性遗传在优生与生产中的应用
BIOLOGY,伴性遗传的特点及应用,伴性遗传在优生与生产实践中的应用
BIOLOGY,伴性遗传的特点及应用,伴性遗传在优生优育中的应用
BIOLOGY,伴性遗传的特点及应用,伴性遗传在优生和生产中的应用
BIOLOGY,伴性遗传的特点及应用,伴性遗传在生产与优生中的应用
BIOLOGY,伴性遗传的特点及应用,伴性遗传患者性别比例的成因
BIOLOGY,伴性遗传的特点及应用,伴性遗传理论在优生优育中的应用
BIOLOGY,伴性遗传的特点及应用,伴性遗传的应用与患者性别差异
BIOLOGY,伴性遗传的特点及应用,伴性遗传的应用（优生指导与性别推断）
BIOLOGY,伴性遗传的特点及应用,伴性遗传的概念与性状选育
BIOLOGY,伴性遗传的特点及应用,伴性遗传的概念与特点
BIOLOGY,伴性遗传的特点及应用,伴性遗传的概念与类型特点（伴Y、伴X隐、伴X显）
BIOLOGY,伴性遗传的特点及应用,依据性状早期辨别子代性别以指导生产
BIOLOGY,伴性遗传的特点及应用,只有男性患病且代代父传子 → 伴 Y（限雄）遗传
BIOLOGY,伴性遗传的特点及应用,可遗传变异与不遗传的变异
BIOLOGY,伴性遗传的特点及应用,基因突变的特点与遗传性
BIOLOGY,伴性遗传的特点及应用,常见伴性遗传病的实例归类
BIOLOGY,伴性遗传的特点及应用,性染色体的传递规律与区段分析
BIOLOGY,伴性遗传的特点及应用,抗维生素D佝偻病是伴X染色体显性遗传
BIOLOGY,伴性遗传的特点及应用,拉马克的进化学说
BIOLOGY,伴性遗传的特点及应用,拉马克进化学说的观点与意义
BIOLOGY,伴性遗传的特点及应用,根据性状推断性别指导生产实践
BIOLOGY,伴性遗传的特点及应用,演替的特点：优势取代与顶极群落
BIOLOGY,伴性遗传的特点及应用,细胞质雄性不育的特点
BIOLOGY,体液免疫,B细胞活化的两个信号
BIOLOGY,体液免疫,B细胞的特异性、多样性与辅助性T细胞的作用
BIOLOGY,体液免疫,二次免疫中浆细胞的两条来源
BIOLOGY,体液免疫,体液免疫与细胞免疫的配合
BIOLOGY,体液免疫,体液免疫中的“三个唯一”
BIOLOGY,体液免疫,体液免疫产生的抗体主要分布在血清
BIOLOGY,体液免疫,体液免疫的概念与B细胞活化的两个信号
BIOLOGY,体液免疫,体液免疫的过程
BIOLOGY,体液免疫,体液免疫的过程与结果
BIOLOGY,体液免疫,抗体的作用、记忆细胞的特点与二次免疫
BIOLOGY,体液免疫,易错：二次免疫的浆细胞来自记忆细胞和B细胞
BIOLOGY,体液免疫,易错：抗体只在细胞外液中发挥作用
BIOLOGY,体液免疫,正确：辅助性T细胞在体液免疫和细胞免疫中都关键
BIOLOGY,体液免疫,激活B细胞的两个信号
BIOLOGY,体液免疫,病毒免疫：先细胞免疫再体液免疫
BIOLOGY,体液调节和神经调节的区别与联系,CO2对呼吸运动的调节
BIOLOGY,体液调节和神经调节的区别与联系,一些低等动物只有体液调节
BIOLOGY,体液调节和神经调节的区别与联系,体液调节与神经调节的区别与联系
BIOLOGY,体液调节和神经调节的区别与联系,体液调节的概念与体液因子
BIOLOGY,体液调节和神经调节的区别与联系,在一个系统中
BIOLOGY,体液调节和神经调节的区别与联系,在人和高等动物体内
BIOLOGY,体液调节和神经调节的区别与联系,激素等化学物质
BIOLOGY,体液调节和神经调节的区别与联系,生命活动调节的三种基础模型
BIOLOGY,体液调节和神经调节的区别与联系,用“文字、→”方式写出生命活动调节途
BIOLOGY,体液调节和神经调节的区别与联系,神经、内分泌与免疫三系统的调节关系及信息分子比较
BIOLOGY,体液调节和神经调节的区别与联系,神经、内分泌与免疫系统相互作用的实例
BIOLOGY,体液调节和神经调节的区别与联系,神经系统 内分泌系统与免疫系统的关系
BIOLOGY,体液调节和神经调节的区别与联系,神经调节、体液调节和免疫调节
BIOLOGY,体液调节和神经调节的区别与联系,神经调节与体液调节的速度与时间比较
BIOLOGY,体液调节和神经调节的区别与联系,稳态调节与生态类选择题的避错要点
BIOLOGY,体液调节和神经调节的区别与联系,肾上腺素分泌中的神经调节与体液调节
BIOLOGY,体液调节和神经调节的区别与联系,自主神经调节骨代谢的神经体液链
BIOLOGY,体温调节,下丘脑含体温调节中枢与渗透压感受器两个中心
BIOLOGY,体温调节,人体通过调节产热与散热
BIOLOGY,体温调节,代谢产热是机体热量的主要来源
BIOLOGY,体温调节,体温感觉中枢、体温调节中枢与温度感受器
BIOLOGY,体温调节,体温调节中枢位于“下丘脑”
BIOLOGY,体温调节,体温调节的中枢与调节方式
BIOLOGY,体温调节,体温调节的产热与散热
BIOLOGY,体温调节,体温调节的产热与散热及调节过程
BIOLOGY,体温调节,体温调节的结构基础与调节方式
BIOLOGY,体温调节,体温调节的过程与特点
BIOLOGY,体温调节,只要体温稳定
BIOLOGY,体温调节,寒冷环境中的体温调节过程
BIOLOGY,体温调节,当局部体温高于正常体温时
BIOLOGY,体温调节,易错：体温恒定时产热量等于散热量
BIOLOGY,使用高倍显微镜观察细胞,1.不明确显微镜成像原理
BIOLOGY,使用高倍显微镜观察细胞,低倍镜与高倍镜的观察步骤及三条操作禁忌
BIOLOGY,使用高倍显微镜观察细胞,必须先用低倍镜观察清楚后
BIOLOGY,使用高倍显微镜观察细胞,把视野调暗
BIOLOGY,使用高倍显微镜观察细胞,换用高倍镜前必须先用低倍镜找
BIOLOGY,使用高倍显微镜观察细胞,换用高倍镜的正确操作
BIOLOGY,使用高倍显微镜观察细胞,放大倍数与细胞数目的计算
BIOLOGY,使用高倍显微镜观察细胞,显微镜低倍镜与高倍镜的使用方法
BIOLOGY,使用高倍显微镜观察细胞,显微镜使用步骤与污点位置判断
BIOLOGY,使用高倍显微镜观察细胞,显微镜使用的注意事项
BIOLOGY,使用高倍显微镜观察细胞,显微镜成像特点与装片移动规律
BIOLOGY,使用高倍显微镜观察细胞,显微镜的使用步骤与镜头放大规律
BIOLOGY,使用高倍显微镜观察细胞,显微镜的成像与放大规律
BIOLOGY,使用高倍显微镜观察细胞,显微镜的成像特点与使用要点
BIOLOGY,使用高倍显微镜观察细胞,显微镜的成像特点与计数规律
BIOLOGY,使用高倍显微镜观察细胞,显微镜的目镜10×物镜40×
BIOLOGY,使用高倍显微镜观察细胞,显微镜的结构与操作口诀
BIOLOGY,使用高倍显微镜观察细胞,显微镜的结构与目镜物镜特点
BIOLOGY,使用高倍显微镜观察细胞,物像移动与装片移动的关系
BIOLOGY,使用高倍显微镜观察细胞,由低倍镜换到高倍镜
BIOLOGY,使用高倍显微镜观察细胞,目镜与物镜的结构差异及放大倍数与镜筒长度的关系
BIOLOGY,使用高倍显微镜观察细胞,目镜与物镜的长短和放大倍数关系
BIOLOGY,使用高倍显微镜观察细胞,目镜的长度与其放大倍数呈反比
BIOLOGY,使用高倍显微镜观察细胞,若视野较暗
BIOLOGY,使用高倍显微镜观察细胞,装片移动规律：物像偏哪往哪移
BIOLOGY,使用高倍显微镜观察细胞,高倍显微镜的使用与放大倍数计算
BIOLOGY,使用高倍显微镜观察细胞,高倍镜与低倍镜的对比
BIOLOGY,信息传递,DNA复制常见易错辨析
BIOLOGY,信息传递,RNA病毒遗传信息传递途径归纳
BIOLOGY,信息传递,信息传递在农业生产中的应用与三类防治比较
BIOLOGY,信息传递,信息传递在农业生产中的应用有两个方面
BIOLOGY,信息传递,信息传递在生态系统中的三个层次作用
BIOLOGY,信息传递,信息传递的判断与生殖隔离的标准
BIOLOGY,信息传递,利用集群信息素防治蝗灾的设想
BIOLOGY,信息传递,化学信息对种间关系的调节
BIOLOGY,信息传递,名称、化学防治、机械防治、生物防治
BIOLOGY,信息传递,在生态系统信息种类判断中
BIOLOGY,信息传递,控制动物危害的技术方法大致有三种
BIOLOGY,信息传递,生命活动的正常进行
BIOLOGY,信息传递,生态系统中的信息及其种类、范围与特点
BIOLOGY,信息传递,生态系统信息传递的作用
BIOLOGY,信息传递,生态系统信息种类的判断方法
BIOLOGY,信息传递,生态系统的信息传递
BIOLOGY,信息传递,生态系统的信息传递不包括细胞之间
BIOLOGY,信息传递,能量流动、物质循环与信息传递的关系对照
BIOLOGY,信息传递,自然界中的光、声、温度、湿度、磁场等
BIOLOGY,信息传递,警戒行为体现的信息类型与种间关系
BIOLOGY,信息传递,项目、能量流动、物质循环、信息传递
BIOLOGY,信息分子与功能物质,信息分子与其他功能物质
BIOLOGY,信息分子与功能物质,受体的专一性、化学本质与分布
BIOLOGY,信息分子与功能物质,能源物质、核酸与信息分子的辨析
BIOLOGY,信息分子与功能物质,酶 动物激素与神经递质的比较
BIOLOGY,元素和化合物的相互推断-归纳总结,ATP是一种高能磷酸化合
BIOLOGY,元素和化合物的相互推断-归纳总结,P、S、Mg、Fe等特征元素与化合物对应
BIOLOGY,元素和化合物的相互推断-归纳总结,不同化合物中A的含义辨析
BIOLOGY,元素和化合物的相互推断-归纳总结,中文名称
BIOLOGY,元素和化合物的相互推断-归纳总结,元素与化合物的对应关系
BIOLOGY,元素和化合物的相互推断-归纳总结,元素与化合物相互推断的三种方法
BIOLOGY,元素和化合物的相互推断-归纳总结,元素和化合物相互推断的三条路径
BIOLOGY,元素和化合物的相互推断-归纳总结,双缩脲试剂
BIOLOGY,元素和化合物的相互推断-归纳总结,双缩脲试剂成分含量
BIOLOGY,元素和化合物的相互推断-归纳总结,大量元素
BIOLOGY,元素和化合物的相互推断-归纳总结,微量元素在细胞中含量虽然很少
BIOLOGY,元素和化合物的相互推断-归纳总结,斐林试剂
BIOLOGY,元素和化合物的相互推断-归纳总结,斐林试剂成分含量
BIOLOGY,元素和化合物的相互推断-归纳总结,某些重要化合物的组成部分
BIOLOGY,元素和化合物的相互推断-归纳总结,氮元素与含氮化合物的对应关系
BIOLOGY,元素和化合物的相互推断-归纳总结,生物界与非生物界在元素种类上具
BIOLOGY,元素和化合物的相互推断-归纳总结,细胞中主要化合物的元素组成
BIOLOGY,元素和化合物的相互推断-归纳总结,结构特点
BIOLOGY,元素和化合物的相互推断-归纳总结,脂肪＋苏丹Ⅲ染液 →染成橘黄
BIOLOGY,元素和化合物的相互推断-归纳总结,蛋白质＋双缩脲试剂 →紫色
BIOLOGY,元素和化合物的相互推断-归纳总结,还原糖＋斐林试剂 →砖红色沉
BIOLOGY,元素和化合物的相互推断-归纳总结,鲜重与干重中元素、化合物含量之最
BIOLOGY,元素和化合物的相互推断-归纳总结,鲜重与干重中含量之“最”
BIOLOGY,光反应,NADPH的名称为还原型辅酶Ⅱ
BIOLOGY,光反应,PSⅡ与PSⅠ的分布与功能
BIOLOGY,光反应,光反应与暗反应的场所和产物
BIOLOGY,光反应,光反应与暗反应的相互依存关系
BIOLOGY,光反应,光反应中光能的用途与 NADPH 的作用
BIOLOGY,光反应,光反应为暗反应提供ATP和NADPH
BIOLOGY,光反应,光反应为暗反应提供NADPH和ATP
BIOLOGY,光反应,光反应之一：水的光解
BIOLOGY,光反应,光反应的两大过程与光系统
BIOLOGY,光反应,光反应的场所、条件与物质能量变化
BIOLOGY,光反应,光反应的最终电子供体与受体
BIOLOGY,光反应,光反应的过程与物质能量变化
BIOLOGY,光反应,光反应的过程（场所、物质与能量变化）
BIOLOGY,光反应,光反应相关结构的功能辨析
BIOLOGY,光反应,光合电子传递与光合磷酸化的过程
BIOLOGY,光反应,光合电子传递链与ATP、NADPH的生成
BIOLOGY,光反应,光系统与类囊体电子传递（拓展）
BIOLOGY,光反应,光能在光反应中的两个用途
BIOLOGY,光反应,环式电子传递与强光下的电子分流
BIOLOGY,光合产物的运输与转化,光合产物的运输形式
BIOLOGY,光合产物的运输与转化,光合产物的运输方式
BIOLOGY,光合产物的运输与转化,过渡性淀粉与磷酸转运蛋白
BIOLOGY,光合作用,以上各物质变化中
BIOLOGY,光合作用,光反应与暗反应的比较
BIOLOGY,光合作用,光反应与暗反应的比较及联系
BIOLOGY,光合作用,光反应与暗反应的联系
BIOLOGY,光合作用,光抑制与光合产物的运输
BIOLOGY,光合作用,化能合成作用与光合作用的对比
BIOLOGY,光合作用,化能合成作用与光合作用的比较
BIOLOGY,光合作用,植物细胞O2并非只来自光合作用
BIOLOGY,光合作用,用pH变化验证CAM途径的实验设计
BIOLOGY,光合作用与化能合成作用的比较,化能合成作用与自养、异养生物的划分
BIOLOGY,光合作用与化能合成作用的比较,化能合成作用的概念及与光合作用的比较
BIOLOGY,光合作用与化能合成作用的比较,硝化细菌的化能合成过程
BIOLOGY,光合作用与细胞呼吸“关键点”的移动,光合作用曲线中三个关键点的移动规律
BIOLOGY,光合作用与细胞呼吸“关键点”的移动,关键点移动的分析方法（两个典型情境）
BIOLOGY,光合作用与细胞呼吸“关键点”的移动,半叶法与关键点的移动
BIOLOGY,光合作用与细胞呼吸“关键点”的移动,呼吸增强（其他不变）→ 补偿点右移
BIOLOGY,光合作用与细胞呼吸“关键点”的移动,条件改变时补偿点与饱和点的移动
BIOLOGY,光合作用与细胞呼吸过程-物质和能量的关系,光合作用与细胞呼吸在物质与能量上的联系
BIOLOGY,光合作用与细胞呼吸过程-物质和能量的关系,光合作用与细胞呼吸在物质和能量上的关系
BIOLOGY,光合作用与细胞呼吸过程-物质和能量的关系,光合作用与细胞呼吸的场所与物质变化对应
BIOLOGY,光合作用与细胞呼吸过程-物质和能量的关系,光合作用与细胞呼吸的比较
BIOLOGY,光合作用与细胞呼吸过程-物质和能量的关系,光合作用与细胞呼吸的物质和能量联系
BIOLOGY,光合作用与细胞呼吸过程-物质和能量的关系,光合作用与细胞呼吸的物质能量联系
BIOLOGY,光合作用与细胞呼吸过程-物质和能量的关系,光合作用与细胞呼吸的相互依存
BIOLOGY,光合作用与细胞呼吸过程-物质和能量的关系,光合作用中 H、C、O 元素的转移途径
BIOLOGY,光合作用的原理,1941年鲁宾和卡门用同位素
BIOLOGY,光合作用的原理,从光合作用过程来看
BIOLOGY,光合作用的原理,光反应与暗反应的关系上图说明
BIOLOGY,光合作用的原理,光反应与暗反应的物质与能量联系
BIOLOGY,光合作用的原理,光合作用中元素的转移途径
BIOLOGY,光合作用的原理,光合作用中元素转移途径的追踪
BIOLOGY,光合作用的原理,光合作用中的元素去向分析
BIOLOGY,光合作用的原理,光合作用产生的糖类
BIOLOGY,光合作用的原理,光合作用元素的转移途径
BIOLOGY,光合作用的原理,光合作用基本过程图
BIOLOGY,光合作用的原理,光合作用基本过程的两个阶段
BIOLOGY,光合作用的原理,光合作用总反应式与各元素的转移途径
BIOLOGY,光合作用的原理,光合作用的原理·反应场所
BIOLOGY,光合作用的原理,光合作用的原理·物质变化
BIOLOGY,光合作用的原理,光合作用的原理·能量变化
BIOLOGY,光合作用的原理,光合作用的原理·需要条件
BIOLOGY,光合作用的原理,光合作用的原理和应用
BIOLOGY,光合作用的原理,光合作用的原理（一）
BIOLOGY,光合作用的原理,光合作用的原理（二）
BIOLOGY,光合作用的原理,光合作用的反
BIOLOGY,光合作用的原理,光合作用的概念、反应式与过程
BIOLOGY,光合作用的原理,光合作用的过程与物质能量变化
BIOLOGY,光合作用的原理,光合作用过程中元素的转移途径
BIOLOGY,光合作用的原理,关于光合作用的三种错误认知
BIOLOGY,光合作用的原理,条件骤变时C3和C5含量的变化分析
BIOLOGY,光合作用的原理,离体叶绿体在适当条件下发生水
BIOLOGY,光合作用的原理,还原型辅酶Ⅱ的英文缩写NAD
BIOLOGY,光合作用的影响因素,(3)限制因素AD段主要限制因素
BIOLOGY,光合作用的影响因素,CO2浓度和温度对光合作用的影响及应用
BIOLOGY,光合作用的影响因素,CO₂浓度对光合作用的影响
BIOLOGY,光合作用的影响因素,一昼夜代谢曲线分析与光合午休
BIOLOGY,光合作用的影响因素,光合作用强度的影响因素（内部因素与单因子）
BIOLOGY,光合作用的影响因素,光合作用的产物与输出
BIOLOGY,光合作用的影响因素,光合作用的概念与总反应
BIOLOGY,光合作用的影响因素,光合作用的概念与总反应式
BIOLOGY,光合作用的影响因素,光抑制环节一：光能过剩损伤光系统 I 和 II
BIOLOGY,光合作用的影响因素,光照或CO₂变化时短时间内物质含量的变化分析
BIOLOGY,光合作用的影响因素,光补偿点的含义与应用
BIOLOGY,光合作用的影响因素,土壤小动物对分解作用的辅助功能
BIOLOGY,光合作用的影响因素,多因子外部因素影响光合速率的限制因子分析
BIOLOGY,光合作用的影响因素,多因子对光合作用的影响与限制因素判断
BIOLOGY,光合作用的影响因素,影响光合作用的内部因素
BIOLOGY,光合作用的影响因素,影响光合作用的因·AB段
BIOLOGY,光合作用的影响因素,影响光合作用的因·A点
BIOLOGY,光合作用的影响因素,影响光合作用的因·BD段
BIOLOGY,光合作用的影响因素,影响光合作用的因·B点
BIOLOGY,光合作用的影响因素,影响光合作用的因·C点
BIOLOGY,光合作用的影响因素,影响光合作用的因·DE段
BIOLOGY,光合作用的影响因素,总光合速率可用O2的产生量或CO2
BIOLOGY,光合作用的影响因素,根系呼吸增强提高叶片净光合速率的推理
BIOLOGY,光合作用的影响因素,水分、矿质元素与多因素对光合速率的影响
BIOLOGY,光合作用的影响因素,温度和CO2浓度对光合作用的影响
BIOLOGY,光合作用的影响因素,温度对光合作用的影响
BIOLOGY,光合作用的影响因素,突然停止CO2后各物质含量变化
BIOLOGY,光合作用的影响因素,突然停止光照后各物质含量变化
BIOLOGY,光合作用的影响因素,缺N、Mg、P都会影响光合作用的原因
BIOLOGY,光合作用的影响因素,补偿点移动二定律：呼吸↑或光合↓均使补偿点右移
BIOLOGY,光合作用的影响因素,观测的O2释放量不等于实际总O2量
BIOLOGY,光合作用的影响因素,逆境胁迫影响光合作用的途径归纳
BIOLOGY,光合作用的影响因素,除作为自变量的因素外
BIOLOGY,光呼吸,O2 浓度升高或 CO2 浓度降低→光呼吸增强
BIOLOGY,光呼吸,Rubisco 的双重活性与光呼吸
BIOLOGY,光呼吸,Rubisco的双功能与CO2/O2比值
BIOLOGY,光呼吸,Rubisco的羧化与氧化活性（光呼吸）
BIOLOGY,光呼吸,光呼吸与细胞呼吸的区别及二氧化碳的猝发
BIOLOGY,光呼吸,光呼吸与细胞呼吸的异同比较
BIOLOGY,光呼吸,光呼吸发生部位：叶绿体、过氧化物酶体、线粒体
BIOLOGY,光呼吸,光呼吸的三个细胞器途径
BIOLOGY,光呼吸,光呼吸的分子机制
BIOLOGY,光呼吸,光呼吸的利与害
BIOLOGY,光呼吸,光呼吸的发生机制（Rubisco的双重活性）
BIOLOGY,光呼吸,光呼吸的发生条件、过程与影响
BIOLOGY,光呼吸,光呼吸的含义与发生条件
BIOLOGY,光呼吸,光呼吸的机制与利弊
BIOLOGY,光呼吸,光呼吸的机制与双重影响
BIOLOGY,光呼吸,光呼吸的机制与改造思路
BIOLOGY,光呼吸,光呼吸的机理与两面性
BIOLOGY,光呼吸,光呼吸的条件、过程与核心逻辑
BIOLOGY,光呼吸,光呼吸的概念与损耗
BIOLOGY,光呼吸,光呼吸的概念与生理意义
BIOLOGY,光呼吸,光呼吸的正面意义（减少光抑制）
BIOLOGY,光呼吸,光呼吸的特点与意义
BIOLOGY,光呼吸,光呼吸的过程、条件与意义
BIOLOGY,光呼吸,完全抑制光呼吸未必有利：光呼吸可耗散过剩光能
BIOLOGY,光呼吸,改造光呼吸支路提高净光合速率的机制
BIOLOGY,光呼吸,改造植物减少光呼吸的思路
BIOLOGY,光呼吸,过氧化物酶体：参与光呼吸与分解过氧化氢
BIOLOGY,光学显微镜和电子显微镜,光学显微镜下可见与不可见的结构
BIOLOGY,光学显微镜和电子显微镜,光学显微镜与电子显微镜的观察范围
BIOLOGY,光学显微镜和电子显微镜,基因突变在光学显微镜下不可见
BIOLOGY,光学显微镜和电子显微镜,实验材料的选择与显微镜的分辨极限
BIOLOGY,光学显微镜和电子显微镜,显微结构与亚显微结构
BIOLOGY,光学显微镜和电子显微镜,显微镜分辨率的数量级与显微结构、亚显微结构的区分
BIOLOGY,光学显微镜和电子显微镜,细胞学说相关易错判定
BIOLOGY,光系统与电子传递链,光抑制的机理与防御机制
BIOLOGY,光系统与电子传递链,光系统Ⅰ与NADPH的生成
BIOLOGY,光系统与电子传递链,光系统Ⅱ的作用与水的光解
BIOLOGY,光系统与电子传递链,捕光系统的组成与作用
BIOLOGY,免疫失调,HIV侵入体内后
BIOLOGY,免疫失调,HIV感染中辅助性T细胞的变化与治疗时机
BIOLOGY,免疫失调,HIV破坏辅助性T细胞导致免疫监视等功能丧失
BIOLOGY,免疫失调,免疫失调的三种类型
BIOLOGY,免疫失调,免疫失调的三种类型及其实质
BIOLOGY,免疫失调,免疫异常疾病与免疫功能的判断
BIOLOGY,免疫失调,免疫检查点与肿瘤免疫治疗耐受
BIOLOGY,免疫失调,免疫缺陷病与自身免疫病的区分
BIOLOGY,免疫失调,口服免疫耐受的建立机制与临床建议
BIOLOGY,免疫失调,在某些特殊的情况下
BIOLOGY,免疫失调,在过敏反应发生过程中
BIOLOGY,免疫失调,已免疫的机体
BIOLOGY,免疫失调,常见免疫异常疾病的类型与特点
BIOLOGY,免疫失调,系统性红斑狼疮与CAR-T疗法分析
BIOLOGY,免疫失调,结核菌素试验与过敏反应红肿机制的区别
BIOLOGY,免疫失调,肿瘤免疫逃逸与PD-1/PD-L1免疫疗法
BIOLOGY,免疫失调,自身免疫病的发病机制
BIOLOGY,免疫失调,调节性T细胞与自身免疫反应
BIOLOGY,免疫失调,过敏原不等同于抗原
BIOLOGY,免疫失调,过敏反应与体液免疫的比较
BIOLOGY,免疫失调,过敏反应发生机理
BIOLOGY,免疫失调,过敏反应的发生机理与免疫防御异常
BIOLOGY,免疫失调,过敏反应的机理与特点
BIOLOGY,免疫学的应用,二次接种可提高机体对相应病原体
BIOLOGY,免疫学的应用,免疫学在临床实践上的应用
BIOLOGY,免疫学的应用,免疫学应用的三方面
BIOLOGY,免疫学的应用,免疫学的三类应用（诊断、预防与治疗）
BIOLOGY,免疫学的应用,免疫学的应用（免疫预防、诊断与治疗）
BIOLOGY,免疫学的应用,免疫抑制剂的应用
BIOLOGY,免疫学的应用,免疫预防免疫诊断与免疫治疗的区分
BIOLOGY,免疫学的应用,器官移植与免疫排斥
BIOLOGY,免疫学的应用,器官移植排斥与T细胞成熟
BIOLOGY,免疫学的应用,器官移植的免疫学问题与解决措施
BIOLOGY,免疫学的应用,在进行器官移植时
BIOLOGY,免疫学的应用,抗原检测试剂盒的T线与C线原理
BIOLOGY,免疫学的应用,抗血清类情境的分析（被动免疫与过敏）
BIOLOGY,免疫学的应用,易错：器官移植只要求主要HLA一半以上相同
BIOLOGY,免疫学的应用,疫苗 器官移植与临床实践应用
BIOLOGY,免疫学的应用,疫苗不必然包含完整病原体的制备原理
BIOLOGY,免疫学的应用,疫苗并不需要一定是一个完整的病原体
BIOLOGY,免疫学的应用,疫苗是将病原微生物
BIOLOGY,免疫学的应用,疫苗通常是用灭活的或减毒
BIOLOGY,免疫学的应用,自然免疫与人工免疫（主动免疫与被动免疫）
BIOLOGY,免疫学的应用,随着免疫学、生物化学
BIOLOGY,免疫系统,三类免疫活性物质的比较
BIOLOGY,免疫系统,三类免疫细胞的分布与功能
BIOLOGY,免疫系统,免疫器官的组成与三类器官的功能分工
BIOLOGY,免疫系统,免疫系统的组成：免疫器官与免疫细胞
BIOLOGY,免疫系统,免疫细胞与免疫活性物质的易混易错
BIOLOGY,免疫系统,免疫细胞按特异性程度的两类划分
BIOLOGY,免疫系统的组成和功能,PD-1与肿瘤免疫逃逸
BIOLOGY,免疫系统的组成和功能,两类免疫的配合与辅助性T细胞的作用
BIOLOGY,免疫系统的组成和功能,免疫器官受损对免疫细胞及免疫功能的影响
BIOLOGY,免疫系统的组成和功能,免疫活性物质的来源
BIOLOGY,免疫系统的组成和功能,免疫监视与免疫防御免疫自稳的区分
BIOLOGY,免疫系统的组成和功能,免疫系统主要包括免疫器官、免疫细胞
BIOLOGY,免疫系统的组成和功能,免疫系统功能的判断口径
BIOLOGY,免疫系统的组成和功能,免疫系统的三大功能与内外强弱模型
BIOLOGY,免疫系统的组成和功能,免疫系统的三大功能及其异常表现
BIOLOGY,免疫系统的组成和功能,免疫系统的三大基本功能是免疫防御
BIOLOGY,免疫系统的组成和功能,免疫系统的组成
BIOLOGY,免疫系统的组成和功能,免疫系统的组成与抗原抗体辨析
BIOLOGY,免疫系统的组成和功能,免疫细胞并非只指淋巴细胞
BIOLOGY,免疫系统的组成和功能,免疫细胞的来源与成熟场所
BIOLOGY,免疫系统的组成和功能,免疫调节中的三个唯一
BIOLOGY,免疫系统的组成和功能,免疫防御免疫自稳与免疫监视的区分及异常
BIOLOGY,免疫系统的组成和功能,抗原呈递细胞的种类与人体三道防线
BIOLOGY,免疫系统的组成和功能,抗原呈递细胞的种类与抗原呈递的三个环节
BIOLOGY,免疫系统的组成和功能,比较项目、抗原、抗体、细胞因子
BIOLOGY,免疫系统的组成和功能,比较项目、抗原、抗体、细胞因子（续）
BIOLOGY,免疫系统的组成和功能,能识别与不能识别抗原的细胞归纳
BIOLOGY,免疫系统的组成和功能,骨髓与胸腺在免疫中的地位
BIOLOGY,共同进化,协同进化的概念与原因
BIOLOGY,兴奋在神经纤维上的传导,传入神经上的信号形式
BIOLOGY,兴奋在神经纤维上的传导,全或无与神经干复合动作电位
BIOLOGY,兴奋在神经纤维上的传导,兴奋在神经元之间的传递是单向
BIOLOGY,兴奋在神经纤维上的传导,兴奋在神经元之间的传递过程与特点
BIOLOGY,兴奋在神经纤维上的传导,兴奋在神经纤维上传导与神经元间传递的比较
BIOLOGY,兴奋在神经纤维上的传导,兴奋在神经纤维上的传导特点
BIOLOGY,兴奋在神经纤维上的传导,兴奋在突触间单向传递：递质只由突触前膜释放
BIOLOGY,兴奋在神经纤维上的传导,兴奋的传导与传递
BIOLOGY,兴奋在神经纤维上的传导,内向电流与外向电流
BIOLOGY,兴奋在神经纤维上的传导,动作电位形成与Na+内流的关系分析
BIOLOGY,兴奋在神经纤维上的传导,动作电位的产生与传导机制
BIOLOGY,兴奋在神经纤维上的传导,由膜电位曲线判断外界溶液成分
BIOLOGY,兴奋在神经纤维上的传导,神经冲动在神经纤维上产生和传导
BIOLOGY,兴奋在神经纤维上的传导,离体与体内神经纤维传导方向不同
BIOLOGY,兴奋在神经纤维上的传导,离子浓度与通道通透性对膜电位的影响
BIOLOGY,兴奋在神经纤维上的传导,细胞内外 Na⁺ 与 K⁺ 的浓度分布
BIOLOGY,兴奋在神经纤维上的传导,膜外局部电流的方向
BIOLOGY,兴奋在神经纤维上的传导,膜电位的离子基础与内外向电流
BIOLOGY,兴奋在神经纤维上的传导,阈下刺激与全或无的辨析
BIOLOGY,兴奋的产生和传导,NADPH与NADH的产生细胞判定
BIOLOGY,兴奋的产生和传导,中枢抑制的三种模式
BIOLOGY,兴奋的产生和传导,兴奋在神经纤维上的传导与突触传递
BIOLOGY,兴奋的产生和传导,兴奋在突触小体中传递时信号的转换
BIOLOGY,兴奋的产生和传导,兴奋的产生传导与恢复机制
BIOLOGY,兴奋的产生和传导,动作电位的阈值与全或无
BIOLOGY,兴奋的产生和传导,在神经系统中
BIOLOGY,兴奋的产生和传导,局部电流与刺激的叠加
BIOLOGY,兴奋的产生和传导,形成静息电位时
BIOLOGY,兴奋的产生和传导,某些化学物质能够对神经系统产生影响
BIOLOGY,兴奋的产生和传导,电刺激法探究兴奋传导与传递的特点
BIOLOGY,兴奋的产生和传导,神经递质与突触后膜上的特异性受体结合
BIOLOGY,兴奋的产生和传导,神经递质发挥作用后
BIOLOGY,兴奋的产生和传导,突触仅起传递信号作用
BIOLOGY,兴奋的产生和传导,组成不同
BIOLOGY,兴奋的产生和传导,细胞外Na⁺、K⁺浓度变化对电位的影响
BIOLOGY,兴奋的产生和传导,血液中的K＋浓度急剧降低到一定程度会
BIOLOGY,兴奋的产生和传导,静息电位与动作电位的产生机理
BIOLOGY,其他性别决定方式简介-深度拓展,其他性别决定方式
BIOLOGY,其他性别决定方式简介-深度拓展,单倍体雄蜂的假减数分裂
BIOLOGY,其他性别决定方式简介-深度拓展,喷瓜性别由复等位基因决定
BIOLOGY,其他性别决定方式简介-深度拓展,基因决定性别（喷瓜的复等位基因）
BIOLOGY,其他性别决定方式简介-深度拓展,性别决定的类型：XO、ZW与倍数决定
BIOLOGY,其他性别决定方式简介-深度拓展,性染色体与性别决定的适用范围
BIOLOGY,其他性别决定方式简介-深度拓展,染色体组倍数决定性别（以蜜蜂为例）
BIOLOGY,其他性别决定方式简介-深度拓展,玉米植株性别由两对基因决定
BIOLOGY,其他性别决定方式简介-深度拓展,环境因子决定性别（海生动物与龟的孵化温度）
BIOLOGY,其他性别决定方式简介-深度拓展,蜜蜂特殊的性别决定方式
BIOLOGY,其他植物激素,乙烯：来源与促进果实成熟的作用部位
BIOLOGY,其他植物激素,促进果实发育与促进果实成熟的区别
BIOLOGY,其他植物激素,六类植物激素的合成部位与主要作用
BIOLOGY,其他植物激素,其他植物激素的合成部位与作用
BIOLOGY,其他植物激素,其他植物激素的种类与作用
BIOLOGY,其他植物激素,动物激素功能的研究方法
BIOLOGY,其他植物激素,易错：ABA与赤霉素比例高有利于形成雌花
BIOLOGY,其他植物激素,易错：细胞分裂素主要合成部位是根尖
BIOLOGY,其他植物激素,果实脱落中生长素脱落酸与乙烯的相互作用
BIOLOGY,其他植物激素,植物激素的概念
BIOLOGY,其他植物激素,植物激素的概念与功能
BIOLOGY,其他植物激素,植物激素间协同与拮抗作用的归纳
BIOLOGY,其他植物激素,植物激素间的相互作用
BIOLOGY,其他植物激素,植物激素间的相互关系
BIOLOGY,其他植物激素,用乙烯受体抑制剂验证乙烯在着色中的作用
BIOLOGY,其他植物激素,用嫁接实验判断激素的合成部位与作用部位
BIOLOGY,其他植物激素,用突变体判断激素作用的依赖关系
BIOLOGY,其他植物激素,种子萌发中激素的协同与拮抗
BIOLOGY,其他植物激素,细胞分裂素对叶片与根系生长的作用
BIOLOGY,其他植物激素,脱落酸提高抗逆性的机理
BIOLOGY,其他植物激素,赤霉素与脱落酸在种子萌发中的拮抗
BIOLOGY,其他植物激素,赤霉素：来源、促进茎伸长与解除种子休眠
BIOLOGY,内分泌系统,下丘脑在机体稳态调节中的作用
BIOLOGY,内分泌系统,主要内分泌腺分泌的激素及化学本质
BIOLOGY,内分泌系统,人体主要内分泌腺及其分泌的激素
BIOLOGY,内分泌系统,促胰液素是由小肠黏膜分泌
BIOLOGY,内分泌系统,内分泌腺、内分泌腺、激素、化学本质、主要
BIOLOGY,内分泌系统,内分泌腺与外分泌腺的区别
BIOLOGY,内分泌系统,激素、病症、病因、症状
BIOLOGY,内分泌系统,激素、病症、病因、症状（续）
BIOLOGY,内分泌系统,胰液分泌的多种调节途径图解
BIOLOGY,内分泌系统,胰腺是一种特殊的腺体
BIOLOGY,内环境,体液及内环境的组成与理化性质
BIOLOGY,内环境,体液各成分转化关系图的判读
BIOLOGY,内环境,体液的组成
BIOLOGY,内环境,内环境成分的正面与反面判断
BIOLOGY,内环境,内环境的三要素界定
BIOLOGY,内环境,内环境的成分与理化性质
BIOLOGY,内环境,内环境的概念与空间位置模型
BIOLOGY,内环境,内环境的组成与概念
BIOLOGY,内环境,内环境的组成理化性质与作用
BIOLOGY,内环境,内环境相关易错辨析
BIOLOGY,内环境,尿素的合成与排出途径
BIOLOGY,内环境,易错：淀粉消化发生在消化道而非内环境
BIOLOGY,内环境,组织水肿的原因分析
BIOLOGY,内环境,组织液与淋巴液的存在部位与来源
BIOLOGY,内环境,细胞外液本质上是一种类似海水的盐溶液
BIOLOGY,内环境,细胞通过内环境与外界环境进行物质交换
BIOLOGY,内环境,蛋白尿引起组织水肿的机理
BIOLOGY,内环境,血浆、组织液和淋巴液的关系
BIOLOGY,内环境,血浆与组织液淋巴液的成分差别
BIOLOGY,内环境,血浆蛋白与血红蛋白的区别（内环境成分判定）
BIOLOGY,内环境,血液与血浆的区别
BIOLOGY,内环境失衡与人体健康,内环境理化性质失衡与疾病
BIOLOGY,内环境的稳态,CO₂调节呼吸与呼吸性碱中毒
BIOLOGY,内环境的稳态,“人造子宫”必须具备的条件
BIOLOGY,内环境的稳态,不属于内环境的液体辨析
BIOLOGY,内环境的稳态,内环境与稳态易错判定汇总
BIOLOGY,内环境的稳态,内环境成分与人体健康的关系
BIOLOGY,内环境的稳态,内环境的概念与三大组成及其关系
BIOLOGY,内环境的稳态,内环境的理化性质（温度、渗透压、酸碱度）
BIOLOGY,内环境的稳态,内环境的组成成分
BIOLOGY,内环境的稳态,内环境稳态与实例分析
BIOLOGY,内环境的稳态,内环境稳态失调的实例
BIOLOGY,内环境的稳态,内环境稳态概念形成中的科学家观点
BIOLOGY,内环境的稳态,内环境稳态的两个层面
BIOLOGY,内环境的稳态,内环境稳态的内涵与高原肺水肿
BIOLOGY,内环境的稳态,内环境稳态的实质
BIOLOGY,内环境的稳态,内环境稳态的意义
BIOLOGY,内环境的稳态,内环境稳态的检验指标与代谢产物来源
BIOLOGY,内环境的稳态,内环境稳态的概念、实质与调节机制
BIOLOGY,内环境的稳态,内环境稳态的概念、调节机制与意义
BIOLOGY,内环境的稳态,内环境稳态的概念与实质
BIOLOGY,内环境的稳态,内环境稳态的调节机制与意义
BIOLOGY,内环境的稳态,内环境稳态的调节机制与能力限度
BIOLOGY,内环境的稳态,内环境稳态的重要意义
BIOLOGY,内环境的稳态,内环境稳态：细胞外液理化性质保持相对稳定
BIOLOGY,内环境的稳态,内环境达到稳态时
BIOLOGY,内环境的稳态,在分子水平上
BIOLOGY,内环境的稳态,易错：内环境稳态是动态平衡而非恒定不变
BIOLOGY,内环境的稳态,组织水肿的原理与去路
BIOLOGY,内环境的稳态,血液流经各器官的物质变化模型
BIOLOGY,内环境的稳态,血液流经某器官后物质含量的变化
BIOLOGY,内环境的稳态,随着生理学及其他学科的发展
BIOLOGY,内质网,UPR与内质网膜蛋白LRRK2的功能
BIOLOGY,内质网,内质网的结构与功能
BIOLOGY,内质网,内质网：粗面(合成蛋白)+滑面(合成脂质)
BIOLOGY,减数分裂,XXY个体的成因分析
BIOLOGY,减数分裂,减数分裂Ⅰ前期：联会形成四分体
BIOLOGY,减数分裂,减数分裂中细胞与配子的数量关系及配子种类
BIOLOGY,减数分裂,减数分裂异常与可遗传变异的关系总结
BIOLOGY,减数分裂,减数分裂的时间、特点与结果
BIOLOGY,减数分裂,减数分裂的概念与四分体辨析
BIOLOGY,减数分裂,卵细胞的形成过程与细胞质不均等分裂的意义
BIOLOGY,减数分裂,同源互补姐妹相同：配子种类问题
BIOLOGY,减数分裂,复制后着丝粒数与核DNA数不等
BIOLOGY,减数分裂,多次交换时配子组合的画图推断法
BIOLOGY,减数分裂,有丝分裂与减数分裂的比较
BIOLOGY,减数分裂,画图还原法分析配子与极体
BIOLOGY,减数分裂,细胞分裂后期的几个一定与不一定
BIOLOGY,减数分裂,荧光标记观察减数分裂中基因的数目
BIOLOGY,减数分裂,配子中染色体组合多样性的两个原因
BIOLOGY,减数分裂,酿酒酵母的生活史与芽殖
BIOLOGY,减数分裂,雄蜂的假减数分裂
BIOLOGY,减数分裂异常的原因分析,个别染色体增减的原因分析
BIOLOGY,减数分裂异常的原因分析,减Ⅰ与减Ⅱ异常的判断方法
BIOLOGY,减数分裂异常的原因分析,减数分裂Ⅰ与减数分裂Ⅱ异常产生配子的分析
BIOLOGY,减数分裂异常的原因分析,减数分裂异常原因分析的方法技巧
BIOLOGY,减数分裂异常的原因分析,分裂异常的口诀与逆推判断
BIOLOGY,减数分裂异常的原因分析,卵细胞形成异常与极体基因型的推断
BIOLOGY,减数分裂异常的原因分析,由基因型反推三体成因的两步法
BIOLOGY,减数分裂异常的原因分析,由异常配子判断减数分裂异常的原因
BIOLOGY,减数分裂异常的原因分析,配子种类与减数分裂异常的两个口诀
BIOLOGY,减数分裂细胞中染色体-dna数量变化规律,不要混淆“联会”“四分体”的先与后
BIOLOGY,减数分裂细胞中染色体-dna数量变化规律,先有丝分裂后减数分裂的标记规律（0至n个）
BIOLOGY,减数分裂细胞中染色体-dna数量变化规律,减数分裂Ⅰ中期：同源染色体排列在赤道板两侧
BIOLOGY,减数分裂细胞中染色体-dna数量变化规律,减数分裂Ⅰ后期：同源染色体分离
BIOLOGY,减数分裂细胞中染色体-dna数量变化规律,减数分裂Ⅰ异常的配子判定规律
BIOLOGY,减数分裂细胞中染色体-dna数量变化规律,减数分裂Ⅱ异常的配子判定规律
BIOLOGY,减数分裂细胞中染色体-dna数量变化规律,减数分裂与受精易错判定汇总
BIOLOGY,减数分裂细胞中染色体-dna数量变化规律,减数分裂与基因突变的关系
BIOLOGY,减数分裂细胞中染色体-dna数量变化规律,减数分裂与基因突变的联系
BIOLOGY,减数分裂细胞中染色体-dna数量变化规律,减数分裂与有丝分裂的共同点
BIOLOGY,减数分裂细胞中染色体-dna数量变化规律,减数分裂与有丝分裂的比较
BIOLOGY,减数分裂细胞中染色体-dna数量变化规律,减数分裂中染色体与DNA数量变化规律
BIOLOGY,减数分裂细胞中染色体-dna数量变化规律,减数分裂产生配子种类的推断
BIOLOGY,减数分裂细胞中染色体-dna数量变化规律,减数分裂后子细胞全部带标记的规律
BIOLOGY,减数分裂细胞中染色体-dna数量变化规律,减数分裂常见易错辨析
BIOLOGY,减数分裂细胞中染色体-dna数量变化规律,减数分裂异常与配子异常规律
BIOLOGY,减数分裂细胞中染色体-dna数量变化规律,初级精母细胞与精细胞中的性染色体组成
BIOLOGY,减数分裂细胞中染色体-dna数量变化规律,同源染色体分离与非同源染色体自由组合
BIOLOGY,减数分裂细胞中染色体-dna数量变化规律,同源染色体的形态、大小不一定相同
BIOLOGY,减数分裂细胞中染色体-dna数量变化规律,在减数分裂过程中染色体数目减半时期
BIOLOGY,减数分裂细胞中染色体-dna数量变化规律,多数哺乳动物的第一极体不进行减数分裂
BIOLOGY,减数分裂细胞中染色体-dna数量变化规律,姐妹染色单体：复制后由着丝点连接的两条染色单体
BIOLOGY,减数分裂细胞中染色体-dna数量变化规律,对有性生殖后代多样性的原因应从配子
BIOLOGY,减数分裂细胞中染色体-dna数量变化规律,折线图与柱形图的画线法两定法
BIOLOGY,减数分裂细胞中染色体-dna数量变化规律,有丝分裂与减数分裂在特征上
BIOLOGY,减数分裂细胞中染色体-dna数量变化规律,有丝分裂和减数分裂物质变化曲线的分析
BIOLOGY,减数分裂细胞中染色体-dna数量变化规律,染色体、染色单体与核DNA的比例规律
BIOLOGY,减数分裂细胞中染色体-dna数量变化规律,染色体、染色单体和核DNA的柱形图变化模型
BIOLOGY,减数分裂细胞中染色体-dna数量变化规律,染色体数与核DNA数比值曲线解读
BIOLOGY,减数分裂细胞中染色体-dna数量变化规律,柱形图判读的两个关键结论
BIOLOGY,减数分裂细胞中染色体-dna数量变化规律,相关物质加倍、减半与出现的时期及原因
BIOLOGY,减数分裂细胞中染色体-dna数量变化规律,荧光标记基因在减数分裂Ⅱ细胞中的计数
BIOLOGY,几丁质,几丁质（壳多糖）
BIOLOGY,几丁质,几丁质（壳多糖）的分布与应用
BIOLOGY,分子标记与基因定位流程,电泳法与SSR标记定位基因
BIOLOGY,分子标记辅助育种,候选基因验证与分子标记辅助育种
BIOLOGY,分泌蛋白的分选（信号肽假说）,共翻译转运中信号肽与SRP的作用机制
BIOLOGY,分泌蛋白的分选（信号肽假说）,分泌蛋白的分选——信号肽假说
BIOLOGY,分泌蛋白的合成和运输,COPⅠ与COPⅡ囊泡运输方向及KDEL回收
BIOLOGY,分泌蛋白的合成和运输,与分泌蛋白合成和运输
BIOLOGY,分泌蛋白的合成和运输,以分泌蛋白为例理解细胞是统一的整体
BIOLOGY,分泌蛋白的合成和运输,以分泌蛋白为例理解细胞的统一整体
BIOLOGY,分泌蛋白的合成和运输,信号肽假说与GTP的作用
BIOLOGY,分泌蛋白的合成和运输,信号肽假说与分泌蛋白进入内质网
BIOLOGY,分泌蛋白的合成和运输,信号肽引导多肽链进入内质网的机制
BIOLOGY,分泌蛋白的合成和运输,信号肽引导肽链进入内质网的过程
BIOLOGY,分泌蛋白的合成和运输,分泌蛋白
BIOLOGY,分泌蛋白的合成和运输,分泌蛋白出细胞体现膜的特性
BIOLOGY,分泌蛋白的合成和运输,分泌蛋白分泌过程中的两个易错点
BIOLOGY,分泌蛋白的合成和运输,分泌蛋白合成、加工与运输的途径
BIOLOGY,分泌蛋白的合成和运输,分泌蛋白合成、加工和运输的限定词辨析
BIOLOGY,分泌蛋白的合成和运输,分泌蛋白合成与运输的完整路径
BIOLOGY,分泌蛋白的合成和运输,分泌蛋白合成及分泌是考查细胞器之间协
BIOLOGY,分泌蛋白的合成和运输,分泌蛋白合成和运输过程中膜面
BIOLOGY,分泌蛋白的合成和运输,分泌蛋白合成运输中的细胞器分工协作
BIOLOGY,分泌蛋白的合成和运输,分泌蛋白的合成、加工与运输（一）
BIOLOGY,分泌蛋白的合成和运输,分泌蛋白的合成、加工与运输（二）
BIOLOGY,分泌蛋白的合成和运输,分泌蛋白的合成、运输与同位素标记法
BIOLOGY,分泌蛋白的合成和运输,分泌蛋白的合成与运输
BIOLOGY,分泌蛋白的合成和运输,分泌蛋白的合成与运输路径
BIOLOGY,分泌蛋白的合成和运输,分泌蛋白的合成与运输过程
BIOLOGY,分泌蛋白的合成和运输,分泌蛋白的概念、研究方法与合成运输过程
BIOLOGY,分泌蛋白的合成和运输,分泌蛋白的概念与实例
BIOLOGY,分泌蛋白的合成和运输,分泌蛋白相关易错提醒
BIOLOGY,分泌蛋白的合成和运输,分泌蛋白类题目的四步答题模板
BIOLOGY,分泌蛋白的合成和运输,分泌蛋白运输中膜面积的变化
BIOLOGY,分泌蛋白的合成和运输,分泌蛋白运输过程的四种图解分析
BIOLOGY,分泌蛋白的合成和运输,分泌蛋白运输过程的图形分析
BIOLOGY,分泌蛋白的合成和运输,分泌蛋白首先在游离的核糖体核
BIOLOGY,分泌蛋白的合成和运输,囊泡定向运输依赖膜标志蛋白识别
BIOLOGY,分泌蛋白的合成和运输,囊泡运输的原理与要点
BIOLOGY,分泌蛋白的合成和运输,在分泌蛋白合成过程中
BIOLOGY,分泌蛋白的合成和运输,真核细胞蛋白质分选的两条途径
BIOLOGY,分泌蛋白的合成和运输,研究分泌蛋白合成和运输的方法
BIOLOGY,分泌蛋白的合成和运输,细胞器之间的协调配合（分泌蛋白的合成与运输）
BIOLOGY,分泌蛋白的合成和运输,蛋白质分选异常分析的解题三步法
BIOLOGY,分泌蛋白的合成和运输,蛋白质分选的两条基本途径
BIOLOGY,分泌蛋白的合成和运输,蛋白质分选的两种途径与去向
BIOLOGY,分泌蛋白的合成和运输,蛋白质分选：信号肽假说与囊泡运输
BIOLOGY,分离定律,人工异花传粉步骤
BIOLOGY,分离定律,假说-演绎法实验程序
BIOLOGY,分离定律,分离定律易错判定汇总
BIOLOGY,分离定律,分离定律的内容
BIOLOGY,分离定律,分离定律的实质与核心联系
BIOLOGY,分离定律,分离定律的实质与适用范围
BIOLOGY,分离定律,分离定律的实质与验证方法
BIOLOGY,分离定律,基因分离定律的实质、适用范围与应用
BIOLOGY,分离定律,基因分离定律的验证方法与实质
BIOLOGY,分离定律,基因型与表型的推断方法
BIOLOGY,分离定律,复等位基因的基因型数目计算
BIOLOGY,分离定律,孟德尔发现遗传定律所用的材料与方法
BIOLOGY,分离定律,孟德尔发现遗传定律用的研究方法
BIOLOGY,分离定律,孟德尔对分离现象提出的假说
BIOLOGY,分离定律,完全显性：杂合子表现出显性性状
BIOLOGY,分离定律,杂合子产生的雌雄配子数量不相等
BIOLOGY,分离定律,等位基因
BIOLOGY,分离定律,融合遗传及其错误性
BIOLOGY,分离定律的概率计算-含自交与自由交配,F2群体的自交、测交与自由交配比例
BIOLOGY,分离定律的概率计算-含自交与自由交配,一对相对性状遗传的概率计算
BIOLOGY,分离定律的概率计算-含自交与自由交配,交配方式相关概念
BIOLOGY,分离定律的概率计算-含自交与自由交配,分离定律的内容、实质与发生时间
BIOLOGY,分离定律的概率计算-含自交与自由交配,分离定律的实质与发生时间
BIOLOGY,分离定律的概率计算-含自交与自由交配,分离定律的概率计算方法
BIOLOGY,分离定律的概率计算-含自交与自由交配,基因分离定律的实质
BIOLOGY,分离定律的概率计算-含自交与自由交配,杂交育种：杂交→自交→选优→连续自交至不再分离
BIOLOGY,分离定律的概率计算-含自交与自由交配,杂合子连续自交的比例公式
BIOLOGY,分离定律的概率计算-含自交与自由交配,自交与自由交配的区别及计算
BIOLOGY,分离定律的概率计算-含自交与自由交配,自交与自由交配的概率计算
BIOLOGY,分离定律的概率计算-含自交与自由交配,自交与自由交配的概率计算模型
BIOLOGY,分离定律的概率计算-含自交与自由交配,自由交配不改变基因频率与基因型频率（理想种群）
BIOLOGY,分离定律的概率计算-含自交与自由交配,自由交配前淘汰个体：先重算配子频率再计算
BIOLOGY,分离定律的概率计算-含自交与自由交配,自由交配计算·配子法：先求配子频率再随机结合
BIOLOGY,分离定律的概率计算-含自交与自由交配,自由水与结合水的概念及作用
BIOLOGY,分离定律的概率计算-含自交与自由交配,花粉鉴定法验证分离定律的原理
BIOLOGY,分离定律的概率计算-含自交与自由交配,近亲婚配风险倍数 = 近亲概率 ÷ 随机婚配概率
BIOLOGY,分离定律的概率计算-含自交与自由交配,连续自由交配及逐代淘汰隐性个体的比例变化
BIOLOGY,分离定律的概率计算-含自交与自由交配,连锁互换的配子比与交换率计算
BIOLOGY,分离定律的概率计算-含自交与自由交配,遗传平衡定律的五个前提条件
BIOLOGY,分离定律的概率计算-含自交与自由交配,遗传平衡定律的正推与逆推计算
BIOLOGY,分离定律的概率计算-含自交与自由交配,遗传平衡定律适用的前提条件
BIOLOGY,分离定律的概率计算-含自交与自由交配,隐性病随机婚配风险 = 人群携带率 × 1/4
BIOLOGY,分离定律的概率计算和常规应用,分离定律中的概率计算
BIOLOGY,分离定律的概率计算和常规应用,分离定律的应用（育种与医学实践）
BIOLOGY,分离定律的特殊类型,不完全显性
BIOLOGY,分离定律的特殊类型,不完全显性、共显性、致死基因与复等位基因
BIOLOGY,分离定律的特殊类型,不完全显性与共显性
BIOLOGY,分离定律的特殊类型,不完全显性：杂合子表现介于双亲之间
BIOLOGY,分离定律的特殊类型,基因互作导致性状分离比偏离
BIOLOGY,分离定律的特殊类型,复等位基因的遗传分析
BIOLOGY,分离定律的特殊类型,复等位基因遗传（以ABO血型为例）
BIOLOGY,分离定律的特殊类型,显隐性关系的相对性
BIOLOGY,分离定律的特殊类型,母性影响在籽粒颜色上的表现与推断
BIOLOGY,分离定律的特殊类型,细胞质基因与细胞核基因共同决定雄性不育
BIOLOGY,分离定律的特殊类型,蛋白质的剂量效应
BIOLOGY,分离定律的特殊类型,表型模拟与环境对表型的影响
BIOLOGY,分离定律的特殊类型,遗传定律的特殊情况总览
BIOLOGY,动物细胞培养,CAR-T疗法的流程与免疫类型
BIOLOGY,动物细胞培养,体细胞核移植的难点与胚胎细胞核移植的优势
BIOLOGY,动物细胞培养,克隆动物的遗传来源与滋养层的作用
BIOLOGY,动物细胞培养,动物细胞培养与核移植的史实
BIOLOGY,动物细胞培养,动物细胞培养时
BIOLOGY,动物细胞培养,动物细胞培养时细胞往往贴附在培养瓶
BIOLOGY,动物细胞培养,动物细胞培养是指从动物体中取出相关
BIOLOGY,动物细胞培养,动物细胞培养的材料选择与消化处理注意事项
BIOLOGY,动物细胞培养,动物细胞培养的条件与传代过程
BIOLOGY,动物细胞培养,动物细胞培养的条件与地位
BIOLOGY,动物细胞培养,动物细胞培养的条件与过程
BIOLOGY,动物细胞培养,动物细胞培养的过程与原代培养、传代培养的区分
BIOLOGY,动物细胞培养,动物细胞培养过程
BIOLOGY,动物细胞培养,动物细胞培养过程中不同阶段使用酶
BIOLOGY,动物细胞培养,动物细胞核移植技术是将动物一个细胞
BIOLOGY,动物细胞培养,单克隆抗体制备与细胞培养的关键操作
BIOLOGY,动物细胞培养,取供体动物的体细胞培养
BIOLOGY,动物细胞培养,在一定条件下
BIOLOGY,动物细胞培养,在体外培养细胞时
BIOLOGY,动物细胞培养,悬浮生长细胞
BIOLOGY,动物细胞培养,接触抑制及其与癌细胞的差异
BIOLOGY,动物细胞培养,癌细胞培养的特点与胰蛋白酶处理的时长控制
BIOLOGY,动物细胞培养,细胞工程的概念与两大分支
BIOLOGY,动物细胞培养,细胞片层制备与贴壁细胞的处理
BIOLOGY,动物细胞培养,细胞贴壁和接触抑制
BIOLOGY,动物细胞的吸水和失水,动物细胞在三种溶液中的吸水失水表现
BIOLOGY,动物细胞的吸水和失水,动物细胞的吸水与失水
BIOLOGY,动物细胞的吸水和失水,动物细胞置于高渗液中失水皱缩（无细胞壁限制）
BIOLOGY,动物细胞的吸水和失水,实验材料
BIOLOGY,动物细胞的吸水和失水,水进出动物细胞的原理
BIOLOGY,化学键与分子间作用力,化学键与分子间作用力辨析
BIOLOGY,协助扩散,协助扩散中的两类转运蛋白
BIOLOGY,协助扩散,无机盐离子跨膜运输方式辨析
BIOLOGY,协助扩散,水分子跨膜运输的主要方式
BIOLOGY,协助扩散,水通道蛋白与水的跨膜运输
BIOLOGY,协助扩散,水通道蛋白介导水的协助扩散
BIOLOGY,协助扩散,水通道蛋白的结构特点与生理作用
BIOLOGY,协助扩散,物质通过协助扩散进出细胞时需要借助膜
BIOLOGY,协助扩散,葡萄糖运输方式的情境判断
BIOLOGY,协助扩散,通道蛋白不能维持浓度差
BIOLOGY,协同进化与生物多样性的形成,一个种群中全部个体所含有的全部基因
BIOLOGY,协同进化与生物多样性的形成,不同物种之间、生物与无机环境之间在
BIOLOGY,协同进化与生物多样性的形成,两个个体虽然能够交配产生后代
BIOLOGY,协同进化与生物多样性的形成,交配方式、交配方式、基因频率、基因型频率
BIOLOGY,协同进化与生物多样性的形成,人工选择和自然选择的比较（1）区别
BIOLOGY,协同进化与生物多样性的形成,以红绿色盲为例
BIOLOGY,协同进化与生物多样性的形成,共同由来学说和自然选择学说属于达尔文
BIOLOGY,协同进化与生物多样性的形成,关于捕食者在进化中的作用
BIOLOGY,协同进化与生物多样性的形成,利用遗传平衡定律需满足以下条件
BIOLOGY,协同进化与生物多样性的形成,化石是指通过自然作用保存在地层中
BIOLOGY,协同进化与生物多样性的形成,化石是研究生物进化直接的证据
BIOLOGY,协同进化与生物多样性的形成,协同进化与基因流对进化的影响
BIOLOGY,协同进化与生物多样性的形成,协同进化的概念
BIOLOGY,协同进化与生物多样性的形成,协同进化的概念与实例
BIOLOGY,协同进化与生物多样性的形成,协同进化的概念与类型
BIOLOGY,协同进化与生物多样性的形成,在判断是否为同一个物种时
BIOLOGY,协同进化与生物多样性的形成,在自然选择过程中
BIOLOGY,协同进化与生物多样性的形成,在进化地位上越高等的生物
BIOLOGY,协同进化与生物多样性的形成,地球上最早出现的生物是异养厌氧
BIOLOGY,协同进化与生物多样性的形成,地球上最早生物与有性生殖的意义
BIOLOGY,协同进化与生物多样性的形成,地理隔离不一定会形成新物种
BIOLOGY,协同进化与生物多样性的形成,已经发现的大量化石证据
BIOLOGY,协同进化与生物多样性的形成,我国生物多样性的保护可以概括
BIOLOGY,协同进化与生物多样性的形成,拉马克的进化学说及其地位
BIOLOGY,协同进化与生物多样性的形成,捕食者对被捕食者种群生存发展的影响
BIOLOGY,协同进化与生物多样性的形成,某种群的所有个体自交
BIOLOGY,协同进化与生物多样性的形成,法国博物学家拉马克彻底否定了物种不变
BIOLOGY,协同进化与生物多样性的形成,物种是自然状态下能够自由交配并产生可
BIOLOGY,协同进化与生物多样性的形成,现代生物进化理论的形成
BIOLOGY,协同进化与生物多样性的形成,生物与生物之间的协同进化
BIOLOGY,协同进化与生物多样性的形成,生物多样性之物种多样性与生态系统多样性
BIOLOGY,协同进化与生物多样性的形成,生物多样性的三个层次
BIOLOGY,协同进化与生物多样性的形成,生物多样性的价值
BIOLOGY,协同进化与生物多样性的形成,生物多样性的内容与形成原因
BIOLOGY,协同进化与生物多样性的形成,生物多样性的形成与现代生物进化理论
BIOLOGY,协同进化与生物多样性的形成,生物多样性的间接价值明显大于它
BIOLOGY,协同进化与生物多样性的形成,生物多样性的间接价值是指生物在
BIOLOGY,协同进化与生物多样性的形成,生物进化理论的新发展
BIOLOGY,协同进化与生物多样性的形成,突变和基因重组产生进化的原材料
BIOLOGY,协同进化与生物多样性的形成,类似的错误说法还
BIOLOGY,协同进化与生物多样性的形成,达尔文提出的自然选择学说对生物
BIOLOGY,协同进化与生物多样性的形成,达尔文的生物进化论主要由两大学说组成
BIOLOGY,协同进化与生物多样性的形成,适应是普遍存在
BIOLOGY,协同进化与生物多样性的形成,造成此错误的关键原因
BIOLOGY,单倍体,单倍体育种的原理、步骤与特点
BIOLOGY,单倍体,单倍体育种的流程与优点
BIOLOGY,单克隆抗体,2006年
BIOLOGY,单克隆抗体,B淋巴细胞与骨髓瘤细胞经诱导融合后
BIOLOGY,单克隆抗体,HAT 培养基筛选杂交瘤细胞的原理
BIOLOGY,单克隆抗体,mRNA疫苗路线制备单克隆抗体
BIOLOGY,单克隆抗体,动物细胞融合技术与单克隆抗体
BIOLOGY,单克隆抗体,单克隆抗体制备中的两次筛选
BIOLOGY,单克隆抗体,单克隆抗体制备流程的关键步骤
BIOLOGY,单克隆抗体,单克隆抗体制备的两次筛选
BIOLOGY,单克隆抗体,单克隆抗体技术的创立
BIOLOGY,单克隆抗体,单克隆抗体的制备思路、优点与应用
BIOLOGY,单克隆抗体,抗体—药物偶联物（ADC）的组成、作用机制与优势
BIOLOGY,单克隆抗体,抗体—药物偶联物（ADC）通过将细胞
BIOLOGY,单克隆抗体,植物生物反应器制备抗体的流程与检测
BIOLOGY,单克隆抗体,第一次筛选的目的是筛选出杂交瘤细胞
BIOLOGY,原核细胞,三种常见原核生物细胞的结构对照
BIOLOGY,原核细胞,原核生物
BIOLOGY,原核细胞,原核生物与孟德尔定律及可遗传变异
BIOLOGY,原核细胞,原核生物与特殊细胞的有氧呼吸
BIOLOGY,原核细胞,原核细胞代谢易错点集中辨析
BIOLOGY,原核细胞,原核细胞拟核中也存在DNA-蛋白质复合物
BIOLOGY,原核细胞,原核细胞无核仁也能合成rRNA
BIOLOGY,原核细胞,原核细胞的典型结构
BIOLOGY,原核细胞,原核细胞的增殖方式：二分裂
BIOLOGY,原核细胞,原核细胞的结构特点
BIOLOGY,原核细胞,原核细胞的质粒DNA分布在细胞质中
BIOLOGY,原核细胞,原核细胞转录与翻译可同时进行
BIOLOGY,原核细胞,带“菌”字生物的归属辨析
BIOLOGY,原核细胞,常见的蓝细菌
BIOLOGY,原核细胞,支原体与特殊微生物的结构判断
BIOLOGY,原核细胞,支原体可能是最小、最简单的单细胞生物
BIOLOGY,原核细胞,支原体的特点（最小细胞、无细胞壁）
BIOLOGY,原核细胞,支原体：最小最简单的无壁原核生物
BIOLOGY,原核细胞,最小、最简单的单细胞生物
BIOLOGY,原核细胞,细胞核相关易错判定（转录翻译场所、rRNA合成）
BIOLOGY,原核细胞,细菌（原核细胞）的结构共性
BIOLOGY,原核细胞,能进行光合作用的生物
BIOLOGY,原核细胞,蓝细菌的生活方式与常见种类
BIOLOGY,原核细胞,蓝细菌的自养特性与常见种类
BIOLOGY,原核细胞,蓝细菌的颜色来源与水华、赤潮的成因
BIOLOGY,原核细胞,蓝细菌类内膜结构与细胞器膜的类比
BIOLOGY,原核细胞,蓝细菌细胞
BIOLOGY,原核细胞,蓝细菌细胞内
BIOLOGY,原核细胞,蓝细菌：原核自养型光合生物
BIOLOGY,原核细胞和真核细胞,区分原核生物和真核生物的主要依据
BIOLOGY,原核细胞和真核细胞,单细胞生物的原核与真核归类判定
BIOLOGY,原核细胞和真核细胞,原核与真核细胞在细胞器、DNA形式上的差异
BIOLOGY,原核细胞和真核细胞,原核生物与真核生物的四个不一定
BIOLOGY,原核细胞和真核细胞,原核生物与真核生物的辨析易错点
BIOLOGY,原核细胞和真核细胞,原核生物和真核生物的统一性体现在都具
BIOLOGY,原核细胞和真核细胞,原核生物无细胞核
BIOLOGY,原核细胞和真核细胞,原核生物（一）
BIOLOGY,原核细胞和真核细胞,原核生物（二）
BIOLOGY,原核细胞和真核细胞,原核细胞 真核细胞与病毒的比较
BIOLOGY,原核细胞和真核细胞,原核细胞与真核细胞基因表达的差异
BIOLOGY,原核细胞和真核细胞,原核细胞与真核细胞的主要区别
BIOLOGY,原核细胞和真核细胞,原核细胞与真核细胞的分类依据
BIOLOGY,原核细胞和真核细胞,原核细胞与真核细胞的列表比较
BIOLOGY,原核细胞和真核细胞,原核细胞与真核细胞的多项比较
BIOLOGY,原核细胞和真核细胞,原核细胞与真核细胞的最主要区别
BIOLOGY,原核细胞和真核细胞,原核细胞与真核细胞的根本区别及代表结构
BIOLOGY,原核细胞和真核细胞,原核细胞与真核细胞的比较
BIOLOGY,原核细胞和真核细胞,原核细胞与细胞的统一性
BIOLOGY,原核细胞和真核细胞,原核细胞和真核细·区别
BIOLOGY,原核细胞和真核细胞,原核细胞和真核细胞的根本区别
BIOLOGY,原核细胞和真核细胞,原核细胞和真核细胞（一）
BIOLOGY,原核细胞和真核细胞,原核细胞和真核细胞（二）
BIOLOGY,原核细胞和真核细胞,常考原核生物与真核生物的举例
BIOLOGY,原核细胞和真核细胞,幽门螺杆菌的增殖方式与遗传特点
BIOLOGY,原核细胞和真核细胞,由染色质与环状DNA判断真核原核
BIOLOGY,原核细胞和真核细胞,真核与原核及细胞结构相关的易混易错
BIOLOGY,原核细胞和真核细胞,真核与原核细胞的分裂方式
BIOLOGY,原核细胞和真核细胞,真核生物
BIOLOGY,原核细胞和真核细胞,真核生物与原核生物的判断及五个不一定
BIOLOGY,原核细胞和真核细胞,真核生物与原核生物的区别：有无核膜包被的细胞核
BIOLOGY,原核细胞和真核细胞,真核细胞、原核细胞与病毒比较
BIOLOGY,原核细胞和真核细胞,硝化细菌：原核生物与化能合成作用
BIOLOGY,原核细胞和真核细胞,细胞器相关的六个一定与不一定
BIOLOGY,反射,产生感觉与肌肉收缩都不是反射
BIOLOGY,反射,反射与反射弧的基本规则
BIOLOGY,反射,反射与反射弧的易错辨析
BIOLOGY,反射,条件反射与非条件反射辨析
BIOLOGY,反射,条件反射的功能性联系
BIOLOGY,反射,瞳孔反射与自主神经调节
BIOLOGY,反射,阻断反射弧某一环节后反应是否属于反射
BIOLOGY,反射,非条件反射与条件反射的比较
BIOLOGY,反射弧,反射与反射弧
BIOLOGY,反射弧,反射发生条件与突触小体的来源
BIOLOGY,反射弧,反射弧中兴奋传导特点的实验探究
BIOLOGY,反射弧,反射弧基本结构的四种判断方法
BIOLOGY,反射弧,反射弧结构的单向判断与中枢级别判断
BIOLOGY,反射弧,反射弧结构破坏对功能的影响
BIOLOGY,反射弧,易错：刺激传出神经引起的反应不属于反射
BIOLOGY,反射弧,膝跳反射与反射弧的完整性
BIOLOGY,反射弧,血压调节的反射弧与交感副交感拮抗
BIOLOGY,反推法（代入法）解选择题,反推法解遗传选择题
BIOLOGY,反馈调节,促红细胞生成素的负反馈调节
BIOLOGY,反馈调节,分级调节与反馈调节的分析顺序
BIOLOGY,反馈调节,分级调节与反馈调节的闭环
BIOLOGY,反馈调节,分级调节与反馈调节（以甲状腺激素为例）
BIOLOGY,反馈调节,抗激素血清类条件的分析方法
BIOLOGY,反馈调节,正反馈与负反馈调节
BIOLOGY,反馈调节,正反馈与负反馈调节的判断方法
BIOLOGY,反馈调节,正反馈调节与负反馈调节
BIOLOGY,反馈调节,正反馈调节与负反馈调节的比较
BIOLOGY,反馈调节,正反馈调节：肝星状细胞被快速激活的机制
BIOLOGY,反馈调节,激素分泌的分级调节与反馈调节的分析思路
BIOLOGY,反馈调节,激素的分级调节与反馈调节
BIOLOGY,反馈调节,种群数量通过负反馈调节维持在K值附近
BIOLOGY,反馈调节,负反馈调节的概念与意义
BIOLOGY,发酵工程,发酵工程的基本流程与中心环节
BIOLOGY,发酵工程,发酵工程的基本环节与各环节要点
BIOLOGY,发酵工程,发酵工程的基本环节与应用
BIOLOGY,发酵工程,发酵工程的概念
BIOLOGY,发酵工程,发酵工程相关的八个易混易错
BIOLOGY,发酵工程,发酵过程中的控制与操作要点
BIOLOGY,发酵工程,啤酒工业化生产流程的分析
BIOLOGY,发酵工程,啤酒的工业化生产与发酵阶段
BIOLOGY,发酵工程,多菌种分步发酵流程的分析
BIOLOGY,发酵工程,温度、pH 与溶解氧对发酵的影响及控制
BIOLOGY,发酵工程,菌球体大小与柠檬酸发酵的关系
BIOLOGY,受精作用,受精作用与配子多样性
BIOLOGY,受精作用,受精作用中精卵识别与遗传物质的来源
BIOLOGY,受精作用,受精作用的概念、实质与结果
BIOLOGY,受精作用,受精作用的概念与基本过程
BIOLOGY,受精作用,受精作用的结果与减数分裂和受精作用的意义
BIOLOGY,受精作用,受精卵细胞核中的遗传物质从双亲各获得
BIOLOGY,受精作用,受精时精卵随机结合增加多样性
BIOLOGY,受精作用,受精的过程与防止多精入卵的两道屏障
BIOLOGY,受精作用,受精过程的易错点：卵子成熟程度与受精的标志
BIOLOGY,受精作用,在精子触及卵细胞膜的瞬间
BIOLOGY,受精作用,精子获能的两种方法
BIOLOGY,叶绿体,叶绿体功（一）
BIOLOGY,叶绿体,叶绿体功（三）
BIOLOGY,叶绿体,叶绿体功（二）
BIOLOGY,叶绿体,叶绿体功（四）
BIOLOGY,叶绿体,叶绿体增大膜面积的方式
BIOLOGY,叶绿体,叶绿体是进行光合作用的场所
BIOLOGY,叶绿体,叶绿体的结构适于进行光合作用
BIOLOGY,叶绿体,叶绿体结构：双层膜+基粒+类囊体（光合场所）
BIOLOGY,叶绿体,叶绿体（一）
BIOLOGY,叶绿体,叶绿体（二）
BIOLOGY,叶绿体,总结在叶绿体内部巨大的膜表面
BIOLOGY,叶绿体,教材对叶绿体分布的描述
BIOLOGY,叶绿体,线粒体与叶绿体悬浮液能否独立完成相应代谢的判定
BIOLOGY,叶绿体,线粒体与叶绿体的相同点
BIOLOGY,同位素标记法,H2(18)O浇灌植物后18O的去向判定
BIOLOGY,同位素标记法,³²P 标记 DNA 的复制与分裂追踪
BIOLOGY,同位素标记法,³²P 标记追踪中的互换判断与子细胞计数
BIOLOGY,同位素标记法,同位素标记法及其实验应用
BIOLOGY,同位素标记法,同位素标记法的典型应用与标记元素
BIOLOGY,同位素标记法,同位素标记法的概念、用途与同位素分类
BIOLOGY,同位素标记法,同位素标记法的选择与检测
BIOLOGY,同位素标记法,子代T2噬菌体放射性标记的分析方法
BIOLOGY,同位素标记法,用同位素标记法追踪营养元素的来源与循环
BIOLOGY,同源染色体,分子标记共分离定位：目标表型与某染色体标记共分离
BIOLOGY,同源染色体,同源染色体是指配对的两条染色体
BIOLOGY,同源染色体,同源染色体的判断
BIOLOGY,同源染色体,同源染色体的概念与判定
BIOLOGY,同源染色体,同源染色体的概念与特例
BIOLOGY,同源染色体,四分体个数等于配对的同源染色体对数
BIOLOGY,同源染色体,基因重组的两种来源
BIOLOGY,同源染色体,多倍体与杂种不育的原因归纳
BIOLOGY,同源染色体,并非所有同源染色体的大小均相同
BIOLOGY,同源染色体,性染色体的传递特点（XY型）
BIOLOGY,同源染色体,染色体数目减半发生的时期
BIOLOGY,同源染色体,染色体相关概念的辨析
BIOLOGY,同源染色体,染色体组、二倍体、多倍体与单倍体的判断
BIOLOGY,同源染色体,染色体组的概念与判断
BIOLOGY,启动子与终止子的辨析,原核细胞基因的结构与启动子、终止子的作用
BIOLOGY,启动子与终止子的辨析,启动子、终止子与起始密码子、终止密码子的辨析
BIOLOGY,启动子与终止子的辨析,基因表达载体的组成与各结构的功能
BIOLOGY,噬菌体侵染细菌实验,T2噬菌体侵染大肠杆菌实验
BIOLOGY,噬菌体侵染细菌实验,T2噬菌体侵染细菌实验的误差分析
BIOLOGY,噬菌体侵染细菌实验,T2噬菌体标记实验的三个易错点
BIOLOGY,噬菌体侵染细菌实验,T2噬菌体的结构、增殖条件与侵染实验的设计与结果
BIOLOGY,噬菌体侵染细菌实验,T2噬菌体的结构组成与元素分布
BIOLOGY,噬菌体侵染细菌实验,噬菌体侵染实验的同位素标记方法
BIOLOGY,噬菌体侵染细菌实验,噬菌体侵染实验的标记要点与误差分析
BIOLOGY,噬菌体侵染细菌实验,噬菌体侵染细菌实验中的元素来源
BIOLOGY,噬菌体侵染细菌实验,噬菌体侵染细菌实验的同位素标记
BIOLOGY,噬菌体侵染细菌实验,噬菌体侵染细菌实验的设计思路与标记方法
BIOLOGY,噬菌体侵染细菌实验,噬菌体侵染细菌实验的过程与结论
BIOLOGY,噬菌体侵染细菌实验,噬菌体侵染过程与增殖条件
BIOLOGY,噬菌体侵染细菌实验,噬菌体实验的异常结果分析
BIOLOGY,噬菌体侵染细菌实验,噬菌体的增殖过程（五步）
BIOLOGY,噬菌体侵染细菌实验,在噬菌体浸染细菌实验中
BIOLOGY,噬菌体侵染细菌实验,子代噬菌体的放射性标记情况
BIOLOGY,噬菌体侵染细菌实验,恩格尔曼实验及其巧妙之处
BIOLOGY,噬菌体侵染细菌实验,病毒的分类与宿主专一性
BIOLOGY,噬菌体侵染细菌实验,赫尔希和蔡斯的噬菌体侵染实验
BIOLOGY,囊泡运输与蛋白质分选,信号识别与囊泡定向运输
BIOLOGY,囊泡运输与蛋白质分选,共翻译转运与后翻译转运
BIOLOGY,囊泡运输与蛋白质分选,囊泡的来源、去向与形成原理
BIOLOGY,囊泡运输与蛋白质分选,囊泡的来源去向与分泌蛋白注意点
BIOLOGY,囊泡运输与蛋白质分选,蛋白质分选的两条途径
BIOLOGY,四分体,同源染色体、联会与四分体：概念与数量关系
BIOLOGY,四分体,联会与四分体
BIOLOGY,四分体,联会与四分体的数量关系
BIOLOGY,四分体,联会四分体与染色体互换
BIOLOGY,四大类生物学物质辨析,有机物种类判断的三种依据
BIOLOGY,坐标图类信息题的变量分析,双纵坐标曲线图的读图方法
BIOLOGY,坐标图类信息题的变量分析,坐标图信息分析先定变量
BIOLOGY,坐标图类信息题的变量分析,曲线图信息：先轴与单位、再趋势、后关键点比较
BIOLOGY,坐标图类信息题的变量分析,柱状图信息：各组自变量与因变量、可进一步求相差值
BIOLOGY,坐标图类信息题的变量分析,由选项反推自变量与无关变量
BIOLOGY,基因,全方位理解基因（实质、结构、功能与位置）
BIOLOGY,基因,基因概念理解的三个误区
BIOLOGY,基因,基因治疗的原理与载体
BIOLOGY,基因,基因治疗的方式与存在的问题
BIOLOGY,基因,基因类概念辨析
BIOLOGY,基因,复等位基因
BIOLOGY,基因,细胞生物的体细胞中的基因不一定都位于染色体上
BIOLOGY,基因,萨顿假说 基因在染色体上
BIOLOGY,基因位于染色体上的实验证据,X 染色体不分离现象的例外子代
BIOLOGY,基因位于染色体上的实验证据,X染色体不分离与基因定位的证据
BIOLOGY,基因位于染色体上的实验证据,伴性遗传与基因的分离定律之间的关系
BIOLOGY,基因位于染色体上的实验证据,伴性遗传包括伴X显性遗传
BIOLOGY,基因位于染色体上的实验证据,位于X染色体上的显性基因的遗传特点
BIOLOGY,基因位于染色体上的实验证据,基因位置判断实验易错判定汇总
BIOLOGY,基因位于染色体上的实验证据,基因在染色体上的证据与果蝇的优点
BIOLOGY,基因位于染色体上的实验证据,对杂交实验的解释与测交验证
BIOLOGY,基因位于染色体上的实验证据,摩尔根假说的解释与演绎验证
BIOLOGY,基因位于染色体上的实验证据,摩尔根提出的另外两种假说及其排除
BIOLOGY,基因位于染色体上的实验证据,摩尔根果蝇实验的材料与现象
BIOLOGY,基因位于染色体上的实验证据,摩尔根果蝇实验证明基因在X染色体上
BIOLOGY,基因位于染色体上的实验证据,摩尔根果蝇杂交实验与假说—演绎法
BIOLOGY,基因位于染色体上的实验证据,摩尔根果蝇杂交实验的假说
BIOLOGY,基因位于染色体上的实验证据,摩尔根果蝇杂交实验的假说演绎
BIOLOGY,基因位于染色体上的实验证据,摩尔根果蝇杂交实验的实验材料与实验过程
BIOLOGY,基因位于染色体上的实验证据,摩尔根果蝇杂交实验的现象与假说
BIOLOGY,基因位于染色体上的实验证据,摩尔根果蝇眼色实验的假说演绎
BIOLOGY,基因位于染色体上的实验证据,摩尔根果蝇眼色杂交实验（基因在染色体上的证据）
BIOLOGY,基因位于染色体上的实验证据,摩尔根果蝇眼色遗传实验
BIOLOGY,基因位于染色体上的实验证据,摩尔根的关键测交实验与结论
BIOLOGY,基因位于染色体上的实验证据,摩尔根通过果蝇杂交实验证明了萨顿
BIOLOGY,基因位于染色体上的实验证据,数据信息法判断基因位置
BIOLOGY,基因位于染色体上的实验证据,有些性状决定它们的基因位于性染色体上
BIOLOGY,基因位于染色体上的实验证据,染色体交叉互换的时期与意义
BIOLOGY,基因位于染色体上的实验证据,测交实验的作用
BIOLOGY,基因位于染色体上的实验证据,用正反交判断基因位于细胞核还是细胞质
BIOLOGY,基因位于染色体上的实验证据,给定的实验材料是决定实验方案的重要依据
BIOLOGY,基因位置的判断方法,X、Y染色体同源区段与非同源区段的基因型种类
BIOLOGY,基因位置的判断方法,一次杂交法判断基因在常染色体还是性染色体
BIOLOGY,基因位置的判断方法,三体定位法判断基因所在染色体
BIOLOGY,基因位置的判断方法,两对以上等位基因位置关系的判断技巧
BIOLOGY,基因位置的判断方法,伴性遗传的三大实验模型
BIOLOGY,基因位置的判断方法,依据性状在两性间的表现判断基因位置
BIOLOGY,基因位置的判断方法,判定基因位于X还是常染色体的模型
BIOLOGY,基因位置的判断方法,利用 SSR 标记进行基因的染色体定位
BIOLOGY,基因位置的判断方法,利用三体、单体或缺体定位基因
BIOLOGY,基因位置的判断方法,利用单体、三体、缺体定位基因
BIOLOGY,基因位置的判断方法,变异类型的判断与基因定位的实验方法
BIOLOGY,基因位置的判断方法,基因位于常染色体还是X染色体
BIOLOGY,基因位置的判断方法,基因位于细胞质还是细胞核等的判断
BIOLOGY,基因位置的判断方法,基因定位的知识框架与两类方法
BIOLOGY,基因位置的判断方法,正反交法同时判断显隐性与基因位置
BIOLOGY,基因位置的判断方法,用正反交判断细胞质遗传
BIOLOGY,基因位置的判断方法,用正反交结果判断基因的位置
BIOLOGY,基因位置的判断方法,用自交法或测交法探究两对等位基因的位置
BIOLOGY,基因位置的判断方法,由性状表现特点反推基因所在位置的补充依据
BIOLOGY,基因位置的判断方法,由电泳条带与性状比例定位基因位置
BIOLOGY,基因位置的判断方法,由表型绑定判断两对基因连锁
BIOLOGY,基因在染色体上,只有具性别分化（雌雄异体）
BIOLOGY,基因在染色体上,基因与染色体的关系及基因的分布范围
BIOLOGY,基因在染色体上,基因与染色体的数量与位置关系
BIOLOGY,基因在染色体上,基因和染色体的数量及位置关系
BIOLOGY,基因在染色体上,性染色体上有许多基因
BIOLOGY,基因在染色体上,摩尔根实验的测交验证与结论
BIOLOGY,基因在染色体上,果蝇易饲养、繁殖快、相对性状明显
BIOLOGY,基因在染色体上,果蝇杂交实验
BIOLOGY,基因在染色体上,若相对性状的显隐性是未知
BIOLOGY,基因在染色体上,萨顿假说：基因在染色体上
BIOLOGY,基因在染色体上,萨顿并未证明基因在染色体上
BIOLOGY,基因在染色体上,萨顿的假说
BIOLOGY,基因在染色体上,萨顿的假说与基因的位置
BIOLOGY,基因在染色体上,萨顿的假说与摩尔根的实验证明
BIOLOGY,基因在染色体上,萨顿的假说及其依据
BIOLOGY,基因在染色体上,萨顿的假说：基因在染色体上
BIOLOGY,基因型-表型的推断,F2中基因型与表型的比例计算要点
BIOLOGY,基因型-表型的推断,“1减”技巧与逆向组合法
BIOLOGY,基因型-表型的推断,亲代与子代基因型的正推与逆推
BIOLOGY,基因型-表型的推断,亲子代基因型与表型的推导
BIOLOGY,基因型-表型的推断,双杂合子测交后代出现4种等比例表型的原因
BIOLOGY,基因型-表型的推断,基因只在一性别中表达时的分类讨论
BIOLOGY,基因型-表型的推断,基因型与表型、纯合子与杂合子
BIOLOGY,基因型-表型的推断,基因型与表型的推断方法（由子代推亲本）
BIOLOGY,基因型-表型的推断,基因型与表型的正推与逆推
BIOLOGY,基因型-表型的推断,基因型与表现型的关系：基因型+环境共同决定表现型
BIOLOGY,基因型-表型的推断,母体效应基因的推断方法
BIOLOGY,基因型-表型的推断,用基因型表型关系表与反推法确定亲本基因型
BIOLOGY,基因型-表型的推断,由亲代基因型正推子代基因型和表型
BIOLOGY,基因型-表型的推断,由亲代推断子代的基因型和表型（正推型）
BIOLOGY,基因型-表型的推断,由子代性状表现推断亲本基因型
BIOLOGY,基因型-表型的推断,由子代推断亲代基因型的方法（逆推型）
BIOLOGY,基因型-表型的推断,由子代表型及比例推亲本基因型
BIOLOGY,基因型-表型的推断,由子代表型比例逆推亲本基因型
BIOLOGY,基因型-表型的推断,由自交后代分离比推断亲本的隐性基因数目
BIOLOGY,基因型-表型的推断,自然选择作用的对象层次
BIOLOGY,基因型-表型的推断,表型是基因型与环境共同作用的结果
BIOLOGY,基因型-表型的推断,逆推型：根据子代推断亲本基因型
BIOLOGY,基因工程,DNA不溶于酒精
BIOLOGY,基因工程,DNA粗提取与电泳中指示剂与核酸染料的分工
BIOLOGY,基因工程,DNA粗提取与鉴定实验的原理与错项
BIOLOGY,基因工程,DNA连接酶主要有两类
BIOLOGY,基因工程,PCR产物与T载体的直接连接
BIOLOGY,基因工程,PCR是聚合酶链式反应的缩写
BIOLOGY,基因工程,PCR检测目的基因插入方向与位置的方法
BIOLOGY,基因工程,串联基因插入Ti质粒与转基因安全性
BIOLOGY,基因工程,人工合成基因与平末端连接及筛选后的鉴定
BIOLOGY,基因工程,农杆菌是一种在土壤中生活的微生物
BIOLOGY,基因工程,农杆菌转化法的原理与转化过程
BIOLOGY,基因工程,切割DNA分子的工具
BIOLOGY,基因工程,利用密码子简并性替换酶切位点
BIOLOGY,基因工程,动物与植物的转基因成果
BIOLOGY,基因工程,单酶切与双酶切构建重组质粒的选择
BIOLOGY,基因工程,单酶切与双酶切的比较
BIOLOGY,基因工程,双分子荧光互补系统的设计原理
BIOLOGY,基因工程,双标记基因载体的分工与突变体电泳图谱判读
BIOLOGY,基因工程,双酶切与双标记的综合判断
BIOLOGY,基因工程,双酶切构建重组质粒与引物设计
BIOLOGY,基因工程,同聚物加尾法构建基因表达载体
BIOLOGY,基因工程,启动子≠起始密码子
BIOLOGY,基因工程,启动子位于基因的上游
BIOLOGY,基因工程,在基因工程中使用的载体除质粒外
BIOLOGY,基因工程,在获取目的基因和切割载体时通常用同种
BIOLOGY,基因工程,在获得转基因产品的过程中
BIOLOGY,基因工程,在转基因研究工作中
BIOLOGY,基因工程,培育转基因抗虫棉主要需要四个步骤
BIOLOGY,基因工程,基因工程原则上只能生产自然界中已存在
BIOLOGY,基因工程,基因工程基本操作程序的整体框架
BIOLOGY,基因工程,基因工程实验的选材、限制酶选择与转化
BIOLOGY,基因工程,基因工程是指按照人们的愿望
BIOLOGY,基因工程,基因工程的基本操作程序与表达载体
BIOLOGY,基因工程,基因工程的实质是“基因重组”
BIOLOGY,基因工程,基因工程菌治疗肿瘤的实验分析
BIOLOGY,基因工程,基因工程（重组DNA技术）的概念与操作框架
BIOLOGY,基因工程,基因表达载体的构建与标记基因的作用
BIOLOGY,基因工程,基因表达载体的构建与目的基因的导入
BIOLOGY,基因工程,基因表达载体的组成与工程菌活菌数分析
BIOLOGY,基因工程,外源基因插入位置与数目的遗传分析
BIOLOGY,基因工程,多肽链的体外加工与串联基因的引物设计
BIOLOGY,基因工程,对微生物的基因改造是基因工程中
BIOLOGY,基因工程,对照组的设置与表观遗传抑制的推断
BIOLOGY,基因工程,将目的基因导入动物受精卵最常用
BIOLOGY,基因工程,工程菌培养温度与酶活性评价
BIOLOGY,基因工程,引物5端添加序列与限制酶选择
BIOLOGY,基因工程,引物长度与特异性及黏性末端种类数的计算
BIOLOGY,基因工程,微生物转基因成果与微生物作为基因工程受体的优点
BIOLOGY,基因工程,抗性筛选的假阳性与双酶切鉴定正向连接
BIOLOGY,基因工程,无缝克隆（同源重组）法构建表达载体
BIOLOGY,基因工程,检查转基因抗虫棉是否培育成功
BIOLOGY,基因工程,琼脂糖凝胶电泳判断目的基因是否插入
BIOLOGY,基因工程,琼脂糖凝胶电泳的操作与结果分析
BIOLOGY,基因工程,生物技术类选择题的避错要点
BIOLOGY,基因工程,用启动子与降解标签动态调控基因表达
BIOLOGY,基因工程,用基因工程的方法
BIOLOGY,基因工程,用密码子简并性设计外源基因与双酶切策略
BIOLOGY,基因工程,用引物PCR法鉴定目的基因插入方向
BIOLOGY,基因工程,用引物组合检测目的基因插入方向
BIOLOGY,基因工程,用报告基因定位调控元件的实验分析
BIOLOGY,基因工程,用片段大小区分正反向连接并计算重组质粒长度
BIOLOGY,基因工程,用酶切与电泳鉴定重组质粒及引物对模板的识别
BIOLOGY,基因工程,用酶切片段大小鉴定插入方向
BIOLOGY,基因工程,用限制酶切割鉴定连接方向
BIOLOGY,基因工程,由抗性基因的存亡筛选重组菌株
BIOLOGY,基因工程,由抗性基因的破坏情况设计筛选方案
BIOLOGY,基因工程,由氨基酸序列反推DNA序列与PCR体系操作
BIOLOGY,基因工程,由编码链与酶切位点推导限制酶与引物
BIOLOGY,基因工程,由转录方向与酶切位点确定引物添加的识别序列
BIOLOGY,基因工程,目的基因在受体细胞中的存在位置与表达受阻分析
BIOLOGY,基因工程,目的基因的插入位点不是随机
BIOLOGY,基因工程,目的基因的检测与鉴定的层次与对应方法
BIOLOGY,基因工程,目的基因的筛选与获取途径
BIOLOGY,基因工程,科学家将药用蛋白基因与乳腺中
BIOLOGY,基因工程,科学家正尝试利用基因工程技术对猪
BIOLOGY,基因工程,自交后代中纯合编辑株系比例的计算
BIOLOGY,基因工程,花粉管通道法有多种操作方式
BIOLOGY,基因工程,获取目的基因的常见方法与引物设计
BIOLOGY,基因工程,蓝白斑筛选的原理
BIOLOGY,基因工程,蓝白斑筛选的原理与判断
BIOLOGY,基因工程,融合基因多片段构建的限制酶搭配
BIOLOGY,基因工程,质粒是一种裸露的、结构简单
BIOLOGY,基因工程,转化是指目的基因进入受体细胞内
BIOLOGY,基因工程,转基因受体细胞的筛选方法
BIOLOGY,基因工程,转基因生物的抗性设计与基因驱动技术
BIOLOGY,基因工程,转基因生物的界定与最早生产的基因工程药物
BIOLOGY,基因工程,载体必须具备的条件
BIOLOGY,基因工程,选用限制酶的综合分析
BIOLOGY,基因工程,重组DNA分子构建与DNA序列分析方法的建立
BIOLOGY,基因工程,限制酶选择的原则
BIOLOGY,基因工程,限制酶选择：平末端与相同黏性末端的风险
BIOLOGY,基因的本质,1958年
BIOLOGY,基因的本质,DNA分子中碱基对之间氢键可由解旋酶
BIOLOGY,基因的本质,DNA分子的多样性是由于碱基排列顺序
BIOLOGY,基因的本质,DNA是由两条单链组成
BIOLOGY,基因的本质,DNA聚合酶
BIOLOGY,基因的本质,与DNA复制有关的碱基计算
BIOLOGY,基因的本质,人类基因组计划测定
BIOLOGY,基因的本质,在双链DNA中
BIOLOGY,基因的本质,基因、DNA与染色体的关系
BIOLOGY,基因的本质,基因与DNA、染色体的关系
BIOLOGY,基因的本质,基因与RNA的关系
BIOLOGY,基因的本质,基因与染色体的位置数量关系
BIOLOGY,基因的本质,基因与染色体的数量和位置关系
BIOLOGY,基因的本质,基因是具有遗传效应的DNA片段
BIOLOGY,基因的本质,基因的本质与界定
BIOLOGY,基因的本质,基因的本质及其与DNA、染色体的关系
BIOLOGY,基因的本质,基因的本质：有遗传效应的DNA片段
BIOLOGY,基因的本质,基因的概念：有遗传效应的 DNA 片段
BIOLOGY,基因的本质,子代DNA中脱氧核苷酸链数、2n+1
BIOLOGY,基因的本质,子代DNA分子数、2n
BIOLOGY,基因的本质,根据碱基互补配对原则双链DNA中
BIOLOGY,基因的本质,真核生物DNA的复制
BIOLOGY,基因的本质,细胞生物中凡存在DNA分子
BIOLOGY,基因的本质,遗传信息的含义
BIOLOGY,基因的本质,配对的碱基
BIOLOGY,基因的表达,1965年
BIOLOGY,基因的表达,DNA甲基化不属于基因突变
BIOLOGY,基因的表达,RNA干扰沉默基因的机制
BIOLOGY,基因的表达,RNA有三种
BIOLOGY,基因的表达,一个mRNA分子上可以相继结合多个核
BIOLOGY,基因的表达,不同细胞中的中心法则途径
BIOLOGY,基因的表达,与DNA不同
BIOLOGY,基因的表达,中心法则图解
BIOLOGY,基因的表达,中心法则的功能与信息、能量、物质的统一
BIOLOGY,基因的表达,从密码子表可以看出
BIOLOGY,基因的表达,凡转录、翻译有核膜隔开或具
BIOLOGY,基因的表达,原核生物操纵子的负调控机制
BIOLOGY,基因的表达,同一生物不同细胞蛋白质不同
BIOLOGY,基因的表达,启动子的概念与条件性表达设计
BIOLOGY,基因的表达,基于 miRNA/circRNA 的干预设计套路
BIOLOGY,基因的表达,基因表达中常见模型图的判读
BIOLOGY,基因的表达,基因表达中的相关数量关系
BIOLOGY,基因的表达,基因表达的原理与模型核心
BIOLOGY,基因的表达,基因表达调控与几个易混概念
BIOLOGY,基因的表达,基因表达过程中
BIOLOGY,基因的表达,复制转录翻译三个过程的比较
BIOLOGY,基因的表达,并非所有细胞均可进行复制、转录与翻译
BIOLOGY,基因的表达,核糖体从mRNA的5’-端向3’-端
BIOLOGY,基因的表达,核糖体是沿着mRNA移动
BIOLOGY,基因的表达,生物体基因的碱基序列保持不变
BIOLOGY,基因的表达,用放射性同位素标记T或U可判断DNA
BIOLOGY,基因的表达,由蛋白质N端C端推导基因排列与缺失碱基数
BIOLOGY,基因的表达,真核基因的间断编码与mRNA加工
BIOLOGY,基因的表达,真核细胞与原核细胞基因表达过程的判断方法
BIOLOGY,基因的表达,真核细胞基因表达调控综合
BIOLOGY,基因的表达,管家基因与奢侈基因（选择性表达）
BIOLOGY,基因的表达,表观遗传的概念与机制
BIOLOGY,基因的表达,转录不只是能在细胞核中进行
BIOLOGY,基因的表达,转录与翻译的场所条件及产物比较
BIOLOGY,基因的表达,转录与翻译的对比
BIOLOGY,基因的表达,转录与翻译的比较（场所、模板、原料、能量与酶）
BIOLOGY,基因的表达,转录模型与翻译模型
BIOLOGY,基因的表达,长链非编码RNA的调控方式
BIOLOGY,基因的表达,非编码RNA的种类与作用
BIOLOGY,基因的表达,顺式作用元件与反式作用因子
BIOLOGY,基因突变,中性突变学说及其支撑事实
BIOLOGY,基因突变,亚硝酸与羟胺的诱变作用特点
BIOLOGY,基因突变,基因突变一定会导致遗传信息
BIOLOGY,基因突变,基因突变不改变性状的三大原因
BIOLOGY,基因突变,基因突变仅改变了基因内部结构
BIOLOGY,基因突变,基因突变发生的时间与遗传性
BIOLOGY,基因突变,基因突变对氨基酸序列的影响规律
BIOLOGY,基因突变,基因突变对生物性状的影响
BIOLOGY,基因突变,基因突变对蛋白质和性状的影响
BIOLOGY,基因突变,基因突变对蛋白质结构的影响（碱基替换）
BIOLOGY,基因突变,基因突变是产生新基因
BIOLOGY,基因突变,基因突变未引起性状改变的原因
BIOLOGY,基因突变,基因突变的五个易错判断
BIOLOGY,基因突变,基因突变的五大特点
BIOLOGY,基因突变,基因突变的利害不是由基因突变
BIOLOGY,基因突变,基因突变的原因、特点与意义
BIOLOGY,基因突变,基因突变的原因与发生时期
BIOLOGY,基因突变,基因突变的四个易错点与一定、不一定
BIOLOGY,基因突变,基因突变的实例——镰状细胞贫血
BIOLOGY,基因突变,基因突变的意义
BIOLOGY,基因突变,基因突变的时间
BIOLOGY,基因突变,基因突变的概念 特点与实例
BIOLOGY,基因突变,基因突变的概念、原因与易错点
BIOLOGY,基因突变,基因突变的概念、原因与特点
BIOLOGY,基因突变,基因突变的概念、发生时间、遗传情况、原因与特点
BIOLOGY,基因突变,基因突变的概念、时间与原因
BIOLOGY,基因突变,基因突变的概念与特点
BIOLOGY,基因突变,基因突变的概念与结果
BIOLOGY,基因突变,基因突变的概念与镰状细胞贫血实例
BIOLOGY,基因突变,基因突变的概念特点与诱因分析
BIOLOGY,基因突变,基因突变的特点
BIOLOGY,基因突变,基因突变的结果
BIOLOGY,基因突变,基因突变的遗传性与意义
BIOLOGY,基因突变,基因突变类型的判定方法
BIOLOGY,基因突变,基因突变类型：碱基对增添、缺失、替换（点突变）
BIOLOGY,基因突变,基因突变若发生在配子中
BIOLOGY,基因突变,姐妹染色单体上出现等位基因的原因
BIOLOGY,基因突变,理论依据
BIOLOGY,基因突变,用杂交实验判断突变基因是否等位
BIOLOGY,基因突变,用自交后代表型比例区分片段缺失与基因突变
BIOLOGY,基因突变,由氨基酸序列差异判断突变类型
BIOLOGY,基因突变,由电泳条带与酶切片段数推断突变
BIOLOGY,基因突变,由碱基位置判断是否引起氨基酸改变
BIOLOGY,基因突变,甲基化修饰与突变频率
BIOLOGY,基因突变,碱基替换、增添、缺失对氨基酸序列的影响
BIOLOGY,基因突变,碱基缺失与突变蛋白的竞争性抑制
BIOLOGY,基因突变,诱变因素不能决定基因突变的方向
BIOLOGY,基因突变,隐性突变体等位性测验（互补测验）
BIOLOGY,基因突变与细胞癌变,体细胞突变不遗传、生殖细胞突变可遗传给后代
BIOLOGY,基因突变与细胞癌变,原位置突变与新位置突变的判定
BIOLOGY,基因突变与细胞癌变,原癌基因、抑癌基因与细胞癌变
BIOLOGY,基因突变与细胞癌变,原癌基因与抑癌基因（细胞癌变机理）
BIOLOGY,基因突变与细胞癌变,基因突变的意义（镰状细胞贫血实例）
BIOLOGY,基因突变与细胞癌变,基因突变的遗传性：配子与体细胞
BIOLOGY,基因突变与细胞癌变,多种精子和多种卵细胞随机结合
BIOLOGY,基因突变与细胞癌变,显性突变与隐性突变的判断
BIOLOGY,基因突变与细胞癌变,生物变异易错判定汇总
BIOLOGY,基因突变与细胞癌变,细胞癌变的原因与癌细胞的主要特征
BIOLOGY,基因突变与细胞癌变,细胞癌变的常见认知误区
BIOLOGY,基因突变与细胞癌变,细胞癌变的机理与癌细胞特征
BIOLOGY,基因突变与细胞癌变,细胞癌变的机理：原癌基因与抑癌基因
BIOLOGY,基因突变与细胞癌变,细胞的癌变机理与癌细胞特征
BIOLOGY,基因突变与细胞癌变,镰状细胞贫血形成的直接原因
BIOLOGY,基因编辑,CRISPR/Cas9基因编辑技术的工作过程
BIOLOGY,基因编辑,CRISPR/Cas9基因编辑系统的组分与功能
BIOLOGY,基因编辑,CRISPR/Cas9基因编辑系统的组成与作用
BIOLOGY,基因编辑,CRISPR/Cas9技术的步骤与DNA修复机制
BIOLOGY,基因编辑,CRISPR/Cas9的脱靶效应与载体要求
BIOLOGY,基因编辑,CRISPR/dCas9系统的基因转录调控
BIOLOGY,基因编辑,Cre-LoxP 基因敲除系统的原理
BIOLOGY,基因编辑,Cre-LoxP条件性基因敲除
BIOLOGY,基因编辑,同源重组的步骤与重组克隆的验证
BIOLOGY,基因编辑,基因敲除株的构建与PCR鉴定
BIOLOGY,基因编辑,基因治疗的两种方式（体外与体内）
BIOLOGY,基因编辑,基因治疗的原理与常用病毒载体
BIOLOGY,基因编辑,基因编辑技术的分类与同源重组的原理
BIOLOGY,基因编辑,条件性基因敲除与可控表达的设计流程
BIOLOGY,基因表达与性状的关系,DNA甲基化
BIOLOGY,基因表达与性状的关系,DNA甲基化与组蛋白修饰的作用
BIOLOGY,基因表达与性状的关系,体细胞基因相同而性状不同的原因
BIOLOGY,基因表达与性状的关系,反义基因技术抑制基因表达的原理
BIOLOGY,基因表达与性状的关系,启动子与上游非编码序列对基因表达的调控
BIOLOGY,基因表达与性状的关系,基因、环境因素与性状之间的关系
BIOLOGY,基因表达与性状的关系,基因、蛋白质与性状的关系
BIOLOGY,基因表达与性状的关系,基因与性状不是简单的一一对应
BIOLOGY,基因表达与性状的关系,基因与性状的关系并不都是简单的一一对
BIOLOGY,基因表达与性状的关系,基因与性状的多重对应关系
BIOLOGY,基因表达与性状的关系,基因与性状的数量关系
BIOLOGY,基因表达与性状的关系,基因与性状的数量关系（不是简单一一对应）
BIOLOGY,基因表达与性状的关系,基因控制性状的两种方式
BIOLOGY,基因表达与性状的关系,基因控制性状的两种方式（直接与间接）
BIOLOGY,基因表达与性状的关系,基因控制性状的两种途径
BIOLOGY,基因表达与性状的关系,基因控制生物性状的两条途径
BIOLOGY,基因表达与性状的关系,基因组印记与性状的父源母源差异
BIOLOGY,基因表达与性状的关系,基因表达调控通路的书写方法
BIOLOGY,基因表达与性状的关系,基因表达过程易错判定汇总
BIOLOGY,基因表达与性状的关系,基因间调控关系的敲除互测判定
BIOLOGY,基因表达与性状的关系,显性突变：突变当代即表现新性状（杂合即表达）
BIOLOGY,基因表达与性状的关系,染色质结构变化与细胞增殖失控
BIOLOGY,基因表达与性状的关系,热应激的表观遗传记忆与通路
BIOLOGY,基因表达与性状的关系,环境通过甲基化调控基因表达
BIOLOGY,基因表达与性状的关系,由碱基序列变化推导翻译提前终止
BIOLOGY,基因表达与性状的关系,真核生物基因表达调控的层次
BIOLOGY,基因表达与性状的关系,细胞分化的本质就是基因的选择性表达
BIOLOGY,基因表达与性状的关系,调控序列的组织特异性与翻译抑制
BIOLOGY,基因表达与性状的关系,转录后调控：调控序列与mRNA互补配对抑制翻译
BIOLOGY,基因表达与性状的关系,遗传与基因表达类选择题的避错要点
BIOLOGY,基因重组,交叉互换的时期、范围与意义
BIOLOGY,基因重组,双标记基因与影印培养法筛选重组载体
BIOLOGY,基因重组,口诀法突破连锁互换定律的题型与思想
BIOLOGY,基因重组,基因重组只是“原有基因间的重新组合”
BIOLOGY,基因重组,基因重组有三种类型
BIOLOGY,基因重组,基因重组的其他类型、特点、意义与应用
BIOLOGY,基因重组,基因重组的实质、范围与类型
BIOLOGY,基因重组,基因重组的实质与常见类型
BIOLOGY,基因重组,基因重组的概念、类型与意义
BIOLOGY,基因重组,基因重组的概念与两种主要类型
BIOLOGY,基因重组,基因重组的类型、结果与意义
BIOLOGY,基因重组,杂交育种的原理、过程与优缺点
BIOLOGY,基因重组,比较项目、基因突变、基因重组
BIOLOGY,基因重组,由共分离与自交比判定基因连锁
BIOLOGY,基因重组,由测交比例反推配子与连锁关系
BIOLOGY,基因重组,由重组型配子比例反推互换细胞的比例
BIOLOGY,基因重组,突变和基因重组提供进化的原材料
BIOLOGY,基因重组,肺炎链球菌转化因子的实质
BIOLOGY,基因重组,肺炎链球菌转化的实质（感受态与同源重组）
BIOLOGY,基因重组,连锁与互换的配子比例及判断
BIOLOGY,基因重组,连锁互换产生配子的比例关系
BIOLOGY,基因重组,连锁互换的两句口诀与交换率计算
BIOLOGY,基因频率,X连锁基因频率与发病率的关系（男女相等时）
BIOLOGY,基因频率,ZW型种群中Z染色体基因频率的计算
BIOLOGY,基因频率,从性遗传中由表型比例求基因频率
BIOLOGY,基因频率,伴X基因频率在世代间的趋同
BIOLOGY,基因频率,伴X隐性遗传中男女患病率差异的原因
BIOLOGY,基因频率,伴性基因频率的计算要点
BIOLOGY,基因频率,伴性遗传病发病率与基因频率的关系
BIOLOGY,基因频率,公式法求基因频率（PA＝PAA＋1/2PAa）
BIOLOGY,基因频率,含某基因个体的比例计算
BIOLOGY,基因频率,基因位于X染色体上的遗传平衡
BIOLOGY,基因频率,基因型频率与基因频率的变化
BIOLOGY,基因频率,基因频率变化的因果分析
BIOLOGY,基因频率,基因频率和基因型频率的计算
BIOLOGY,基因频率,显性个体中杂合子概率的二级结论
BIOLOGY,基因频率,生物进化的实质是种群基因频率的改变
BIOLOGY,基因频率,种群、基因库、基因频率与进化实质
BIOLOGY,基因频率,种群、基因库与基因频率
BIOLOGY,基因频率,种群基因频率的计算方法
BIOLOGY,基因频率,遗传平衡定律及其应用
BIOLOGY,基因频率,遗传平衡定律的内容与棋盘法推导
BIOLOGY,基因频率,遗传平衡种群的基因频率与基因型频率换算
BIOLOGY,基础类选择题的选项设置陷阱,基因表达量变化的比较陷阱
BIOLOGY,基础类选择题的选项设置陷阱,基础知识型选择题的三步解题框架
BIOLOGY,基础类选择题的选项设置陷阱,基础知识型选择题的三步解题法
BIOLOGY,基础类选择题的选项设置陷阱,基础类选择题的5种选项陷阱
BIOLOGY,外源基因整合位置的判断,外源基因整合位置与易位的判断
BIOLOGY,多倍体,三倍体不能进行单倍体育种
BIOLOGY,多倍体,三倍体无子西瓜的培育
BIOLOGY,多倍体,三倍体无子西瓜的育种过程要点
BIOLOGY,多倍体,三倍体香蕉不育的原因
BIOLOGY,多倍体,二倍体、多倍体与单倍体的区分
BIOLOGY,多倍体,单倍体育种与多倍体育种
BIOLOGY,多倍体,四倍体的特点与配子比例
BIOLOGY,多倍体,多倍体的优点与人工诱导
BIOLOGY,多倍体,多倍体的形成与三倍体不育
BIOLOGY,多倍体,多倍体育种的原理与方法（三倍体无子西瓜）
BIOLOGY,多倍体,小黑麦的异源多倍体形成过程
BIOLOGY,多倍体,排列组合分析多倍体的配子种类和比例
BIOLOGY,多倍体,排列组合法破解多倍体配子种类及比例
BIOLOGY,多倍体,染色体数目加倍的两种途径
BIOLOGY,大脑皮层,大脑皮层对躯体运动的支配
BIOLOGY,大脑皮层,神经调节易错判定汇总
BIOLOGY,大脑皮层,脑的组成与各部分功能
BIOLOGY,姐妹染色单体上等位基因来源的判断,两看法判断姐妹染色单体上等位基因的来源
BIOLOGY,孟德尔两对相对性状的杂交实验,两对相对性状杂交 F2 的结果分析
BIOLOGY,孟德尔两对相对性状的杂交实验,两对相对性状杂交实验的假说—演绎
BIOLOGY,孟德尔两对相对性状的杂交实验,两对相对性状杂交实验的假说与测交验证
BIOLOGY,孟德尔两对相对性状的杂交实验,人工异花传粉的杂交操作
BIOLOGY,孟德尔两对相对性状的杂交实验,假说—演绎法的流程
BIOLOGY,孟德尔两对相对性状的杂交实验,在两对相对性状的杂交实验中
BIOLOGY,孟德尔两对相对性状的杂交实验,孟德尔对分离现象解释的假说要点
BIOLOGY,孟德尔两对相对性状的杂交实验,所研究的每一对相对性状只受一对等
BIOLOGY,孟德尔两对相对性状的杂交实验,显性的相对性三种类型比较
BIOLOGY,孟德尔两对相对性状的杂交实验,显性的相对性（完全显性、不完全显性、共显性）
BIOLOGY,孟德尔两对相对性状的杂交实验,等位基因显隐关系的相对性（含镶嵌显性）
BIOLOGY,孟德尔两对相对性状的杂交实验,适应具有相对性的根本原因
BIOLOGY,孟德尔两对相对性状的杂交实验,适应的含义与特点（普遍性与相对性）
BIOLOGY,孟德尔两对相对性状的杂交实验,适应的普遍性和相对性
BIOLOGY,孟德尔的豌豆杂交实验过程分析,Dd产生的配子有D 、 d两种
BIOLOGY,孟德尔的豌豆杂交实验过程分析,YyRr产生的配子是YR、Yr
BIOLOGY,孟德尔的豌豆杂交实验过程分析,一对相对性状杂交实验的假说—演绎过程
BIOLOGY,孟德尔的豌豆杂交实验过程分析,从性遗传是指由常染色体上的基因控制
BIOLOGY,孟德尔的豌豆杂交实验过程分析,分离定律实质
BIOLOGY,孟德尔的豌豆杂交实验过程分析,在孟德尔所做豌豆一对相对
BIOLOGY,孟德尔的豌豆杂交实验过程分析,基因型为Aa的杂合子产生
BIOLOGY,孟德尔的豌豆杂交实验过程分析,孟德尔对分离现象提出的假说内容
BIOLOGY,孟德尔的豌豆杂交实验过程分析,孟德尔杂交实验的操作流程
BIOLOGY,孟德尔的豌豆杂交实验过程分析,孟德尔豌豆杂交实验中
BIOLOGY,孟德尔的豌豆杂交实验过程分析,孟德尔针对豌豆的两对相对
BIOLOGY,孟德尔的豌豆杂交实验过程分析,明确重组类型的含义
BIOLOGY,孟德尔的豌豆杂交实验过程分析,测交验证与遗传图解书写
BIOLOGY,孟德尔的豌豆杂交实验过程分析,用豌豆做杂交实验易于成功的原因
BIOLOGY,孟德尔的豌豆杂交实验过程分析,由常染色体上的基因控制
BIOLOGY,孟德尔的豌豆杂交实验过程分析,约翰逊将孟德尔的“遗传因子”命名
BIOLOGY,孟德尔的豌豆杂交实验过程分析,自由交配时
BIOLOGY,孟德尔的豌豆杂交实验过程分析,自由组合定律实质
BIOLOGY,孟德尔的豌豆杂交实验过程分析,这些性状能够稳定地遗传给后代
BIOLOGY,孟德尔的豌豆杂交实验过程分析,选用了正确的实验材料
BIOLOGY,孟德尔的豌豆杂交实验过程分析,遗传因子的发现
BIOLOGY,孟德尔的豌豆杂交实验过程分析,遗传定律是一种统计学规律
BIOLOGY,孟德尔的豌豆杂交实验过程分析,配子的随机结合发生在受精过程中
BIOLOGY,孟德尔的豌豆杂交实验过程分析,黄色和绿色分别由遗传因子（基因）Y
BIOLOGY,孟德尔规律的应用,分离定律在育种与医学实践中的应用
BIOLOGY,孟德尔规律的应用,分离定律的应用与验证方法
BIOLOGY,孟德尔规律的应用,孟德尔规律的应用与实验材料的选择
BIOLOGY,孟德尔规律的应用,孟德尔遗传规律在杂交育种与医学实践中的应用
BIOLOGY,孟德尔规律的应用,植物育种中的纯合子培育
BIOLOGY,实验-低温诱导植物细胞染色体数目的变化,人们根据染色体的行
BIOLOGY,实验-低温诱导植物细胞染色体数目的变化,低温诱导染色体数目加倍的实验
BIOLOGY,实验-低温诱导植物细胞染色体数目的变化,低温诱导染色体数目加倍的实验要点
BIOLOGY,实验-低温诱导植物细胞染色体数目的变化,低温诱导植物染色体数目变化的实验
BIOLOGY,实验-低温诱导植物细胞染色体数目的变化,低温诱导植物细胞染色体数目变化的原理
BIOLOGY,实验-低温诱导植物细胞染色体数目的变化,低温诱导植物细胞染色体数目变化的实验
BIOLOGY,实验-低温诱导植物细胞染色体数目的变化,"动物细胞有丝分裂·染色单体
数目变化"
BIOLOGY,实验-低温诱导植物细胞染色体数目的变化,放大倍数与视野中细胞数目的计算
BIOLOGY,实验-低温诱导植物细胞染色体数目的变化,放大倍数变化与视野细胞数目推算
BIOLOGY,实验-低温诱导植物细胞染色体数目的变化,易错：高等植物不一定有性染色体
BIOLOGY,实验-低温诱导植物细胞染色体数目的变化,染色体数目变异的两种类型
BIOLOGY,实验-低温诱导植物细胞染色体数目的变化,染色体数目的变异可以分为两类
BIOLOGY,实验-低温诱导植物细胞染色体数目的变化,染色体组数目的判断方法
BIOLOGY,实验-低温诱导植物细胞染色体数目的变化,由染色体形态判定染色体组数目
BIOLOGY,实验-低温诱导植物细胞染色体数目的变化,由染色体数与形态数推算染色体组
BIOLOGY,实验-低温诱导植物细胞染色体数目的变化,秋水仙素处理后植株不同部位染色体数目不同
BIOLOGY,实验-使用高倍显微镜观察几种细胞,(2)真核细胞具有多样性和统一性多样性
BIOLOGY,实验-使用高倍显微镜观察几种细胞,使用高倍显微镜观·低倍镜
BIOLOGY,实验-使用高倍显微镜观察几种细胞,使用高倍显微镜观·口腔上皮细胞
BIOLOGY,实验-使用高倍显微镜观察几种细胞,使用高倍显微镜观·洋葱鳞片叶表皮细胞
BIOLOGY,实验-使用高倍显微镜观察几种细胞,使用高倍显微镜观·酵母菌细胞
BIOLOGY,实验-使用高倍显微镜观察几种细胞,使用高倍显微镜观·高倍镜
BIOLOGY,实验-使用高倍显微镜观察几种细胞,使用高倍显微镜观察临时装片
BIOLOGY,实验-使用高倍显微镜观察几种细胞,先低后高原则与显微镜使用的两个关键点
BIOLOGY,实验-使用高倍显微镜观察几种细胞,列文虎克第一个观察到活细胞
BIOLOGY,实验-使用高倍显微镜观察几种细胞,实验结论
BIOLOGY,实验-使用高倍显微镜观察几种细胞,放大倍数与视野中细胞数目的计算关系
BIOLOGY,实验-使用高倍显微镜观察几种细胞,显微镜使用易错点辨析
BIOLOGY,实验-使用高倍显微镜观察几种细胞,显微镜成像特点与物像移动规律
BIOLOGY,实验-使用高倍显微镜观察几种细胞,显微镜成像特点与物像移动规律（同向移动）
BIOLOGY,实验-使用高倍显微镜观察几种细胞,显微镜成像特点：倒立放大的虚像
BIOLOGY,实验-使用高倍显微镜观察几种细胞,显微镜放大倍数与成像规律（一）
BIOLOGY,实验-使用高倍显微镜观察几种细胞,显微镜放大倍数与成像规律（二）
BIOLOGY,实验-使用高倍显微镜观察几种细胞,显微镜放大倍数的含义与计算
BIOLOGY,实验-使用高倍显微镜观察几种细胞,显微镜物像移动与成像规律
BIOLOGY,实验-使用高倍显微镜观察几种细胞,显微镜的结构组成与高倍镜观察的操作步骤
BIOLOGY,实验-使用高倍显微镜观察几种细胞,显微镜视野中细胞数目的计算
BIOLOGY,实验-使用高倍显微镜观察几种细胞,玻片标本的三种类型与制作要求
BIOLOGY,实验-使用高倍显微镜观察几种细胞,用低倍显微镜观察紫色洋葱鳞片叶
BIOLOGY,实验-使用高倍显微镜观察几种细胞,高倍显微镜的使用步骤
BIOLOGY,实验-使用高倍显微镜观察几种细胞,高倍显微镜的操作流程与注意事项
BIOLOGY,实验-使用高倍显微镜观察几种细胞,高倍镜的使用（一）
BIOLOGY,实验-使用高倍显微镜观察几种细胞,高倍镜的使用（三）
BIOLOGY,实验-使用高倍显微镜观察几种细胞,高倍镜的使用（二）
BIOLOGY,实验-培养液中酵母菌种群数量的变化,培养液中酵母菌种群数量变化的实验原理与流程
BIOLOGY,实验-培养液中酵母菌种群数量的变化,培养液中酵母菌种群数量变化的检测原理
BIOLOGY,实验-培养液中酵母菌种群数量的变化,培养液中酵母菌种群数量的计数实验
BIOLOGY,实验-培养液中酵母菌种群数量的变化,对一支试管中的培养液中
BIOLOGY,实验-培养液中酵母菌种群数量的变化,抽样检测法调查单细胞生物的种群密度
BIOLOGY,实验-培养液中酵母菌种群数量的变化,探究培养液中酵母菌种群数量的变化
BIOLOGY,实验-培养液中酵母菌种群数量的变化,探究酵母菌种群数量变化
BIOLOGY,实验-培养液中酵母菌种群数量的变化,探究酵母菌种群数量的变化
BIOLOGY,实验-培养液中酵母菌种群数量的变化,血细胞计数板的结构与两种规格的计数公式
BIOLOGY,实验-培养液中酵母菌种群数量的变化,酵母菌分离菌种与数量下降的最佳时机
BIOLOGY,实验-培养液中酵母菌种群数量的变化,酵母菌种群数量变化实验的步骤与对照设置
BIOLOGY,实验-培养液中酵母菌种群数量的变化,酵母菌种群数量变化的结果分析
BIOLOGY,实验-培养液中酵母菌种群数量的变化,酵母菌计数实验的注意事项
BIOLOGY,实验-培养液中酵母菌种群数量的变化,酵母菌计数实验的误差分析
BIOLOGY,实验-探究抗生素对细菌的选择作用,探究抗生素对细菌的选择作用
BIOLOGY,实验-探究抗生素对细菌的选择作用,探究抗生素对细菌的选择作用实验
BIOLOGY,实验-探究抗生素对细菌的选择作用,探究抗生素对细菌的选择作用的原理
BIOLOGY,实验-探究酵母菌细胞呼吸的方式,B瓶封口放置后再连通检测的原因
BIOLOGY,实验-探究酵母菌细胞呼吸的方式,三看法判断细胞呼吸方式
BIOLOGY,实验-探究酵母菌细胞呼吸的方式,依据反应场所判断呼吸方式（细胞质基质/线粒体）
BIOLOGY,实验-探究酵母菌细胞呼吸的方式,呼吸产物的检测试剂与产生场所辨析
BIOLOGY,实验-探究酵母菌细胞呼吸的方式,呼吸作用的实质
BIOLOGY,实验-探究酵母菌细胞呼吸的方式,实施方案（一）
BIOLOGY,实验-探究酵母菌细胞呼吸的方式,对比实验的概念与教材实例
BIOLOGY,实验-探究酵母菌细胞呼吸的方式,探究酵母细胞的呼吸方式实验
BIOLOGY,实验-探究酵母菌细胞呼吸的方式,探究酵母菌呼吸方式的变量分析与操作要点
BIOLOGY,实验-探究酵母菌细胞呼吸的方式,探究酵母菌细胞呼吸方式的实验
BIOLOGY,实验-探究酵母菌细胞呼吸的方式,探究酵母菌细胞呼吸方式的实验原理
BIOLOGY,实验-探究酵母菌细胞呼吸的方式,探究酵母菌细胞呼吸方式的实验原理与现象
BIOLOGY,实验-探究酵母菌细胞呼吸的方式,探究酵母菌细胞呼吸方式的对比实验
BIOLOGY,实验-探究酵母菌细胞呼吸的方式,探究酵母菌细胞呼吸的方式
BIOLOGY,实验-探究酵母菌细胞呼吸的方式,探究酵母菌细胞呼吸的方式酵母菌（一）
BIOLOGY,实验-探究酵母菌细胞呼吸的方式,探究酵母菌细胞呼吸的方式酵母菌（二）
BIOLOGY,实验-探究酵母菌细胞呼吸的方式,无氧呼吸之酒精发酵
BIOLOGY,实验-探究酵母菌细胞呼吸的方式,无氧呼吸总反应式
BIOLOGY,实验-探究酵母菌细胞呼吸的方式,无氧呼吸的两个阶段都在细胞质基质中
BIOLOGY,实验-探究酵母菌细胞呼吸的方式,检测CO2
BIOLOGY,实验-探究酵母菌细胞呼吸的方式,液滴移动法探究细胞呼吸方式
BIOLOGY,实验-探究酵母菌细胞呼吸的方式,科学方法——对比实验对比实验
BIOLOGY,实验-探究酵母菌细胞呼吸的方式,细胞呼吸常见易错辨析
BIOLOGY,实验-探究酵母菌细胞呼吸的方式,细胞呼吸的方式·因变量
BIOLOGY,实验-探究酵母菌细胞呼吸的方式,细胞呼吸的方式·因变量检测方法
BIOLOGY,实验-探究酵母菌细胞呼吸的方式,细胞呼吸的方式·如何控制自变量
BIOLOGY,实验-探究酵母菌细胞呼吸的方式,细胞呼吸的方式·实验结论
BIOLOGY,实验-探究酵母菌细胞呼吸的方式,细胞呼吸的方式·无关变量
BIOLOGY,实验-探究酵母菌细胞呼吸的方式,细胞呼吸的方式·溴麝香草酚蓝溶液变色
BIOLOGY,实验-探究酵母菌细胞呼吸的方式,细胞呼吸的方式·澄清石灰水出现混浊所
BIOLOGY,实验-探究酵母菌细胞呼吸的方式,细胞呼吸的方式·酸性重铬酸钾检验情况
BIOLOGY,实验-探究酵母菌细胞呼吸的方式,细胞呼吸的特殊情形判定
BIOLOGY,实验-探究酵母菌细胞呼吸的方式,细胞呼吸类型
BIOLOGY,实验-探究酵母菌细胞呼吸的方式,酵母菌
BIOLOGY,实验-探究酵母菌细胞呼吸的方式,酵母菌呼吸实验中NaOH溶液的作用
BIOLOGY,实验-探究酵母菌细胞呼吸的方式,酵母菌呼吸实验产物的检测
BIOLOGY,实验-探究酵母菌细胞呼吸的方式,酵母菌呼吸方式实验中的两个错判
BIOLOGY,实验-探究酵母菌细胞呼吸的方式,酵母菌呼吸方式实验的装置与变量分析
BIOLOGY,实验-探究酵母菌细胞呼吸的方式,酵母菌呼吸方式探究的两套装置分析
BIOLOGY,实验-探究酵母菌细胞呼吸的方式,酵母菌呼吸方式探究的结论
BIOLOGY,实验-探究酵母菌细胞呼吸的方式,酵母菌是兼性厌氧菌
BIOLOGY,实验-探究酵母菌细胞呼吸的方式,酵母菌的代谢特点
BIOLOGY,实验-探究酵母菌细胞呼吸的方式,酵母菌细胞呼吸方式探究的检测原理
BIOLOGY,实验-检测生物组织中的糖类-脂肪和蛋白质,三类有机物检测的“三个唯一”
BIOLOGY,实验-检测生物组织中的糖类-脂肪和蛋白质,三类有机物检测的三个唯一
BIOLOGY,实验-检测生物组织中的糖类-脂肪和蛋白质,三类有机物检测的操作步骤与现象
BIOLOGY,实验-检测生物组织中的糖类-脂肪和蛋白质,三类检测的实验特征与试剂比较
BIOLOGY,实验-检测生物组织中的糖类-脂肪和蛋白质,单糖：不能再水解的糖类（葡萄糖、果糖、半乳糖等）
BIOLOGY,实验-检测生物组织中的糖类-脂肪和蛋白质,双缩脲试剂显色的条件
BIOLOGY,实验-检测生物组织中的糖类-脂肪和蛋白质,双缩脲试剂检测蛋白质
BIOLOGY,实验-检测生物组织中的糖类-脂肪和蛋白质,双缩脲试剂检测蛋白质的操作要点
BIOLOGY,实验-检测生物组织中的糖类-脂肪和蛋白质,实验材料及试剂
BIOLOGY,实验-检测生物组织中的糖类-脂肪和蛋白质,实验步骤（5）
BIOLOGY,实验-检测生物组织中的糖类-脂肪和蛋白质,实验步骤（6）
BIOLOGY,实验-检测生物组织中的糖类-脂肪和蛋白质,实验步骤（7）
BIOLOGY,实验-检测生物组织中的糖类-脂肪和蛋白质,实验步骤（四）
BIOLOGY,实验-检测生物组织中的糖类-脂肪和蛋白质,斐林试剂与双缩脲试剂在实质、成分、用法上的对比
BIOLOGY,实验-检测生物组织中的糖类-脂肪和蛋白质,斐林试剂与双缩脲试剂的“一同三不同”
BIOLOGY,实验-检测生物组织中的糖类-脂肪和蛋白质,斐林试剂与双缩脲试剂的对比辨析
BIOLOGY,实验-检测生物组织中的糖类-脂肪和蛋白质,斐林试剂与双缩脲试剂的异同
BIOLOGY,实验-检测生物组织中的糖类-脂肪和蛋白质,斐林试剂反应的化学原理
BIOLOGY,实验-检测生物组织中的糖类-脂肪和蛋白质,斐林试剂必须现配现用
BIOLOGY,实验-检测生物组织中的糖类-脂肪和蛋白质,斐林试剂检测还原糖的操作要点
BIOLOGY,实验-检测生物组织中的糖类-脂肪和蛋白质,有机物检测的原理与材料选择
BIOLOGY,实验-检测生物组织中的糖类-脂肪和蛋白质,有机物鉴定实验的常见易错点
BIOLOGY,实验-检测生物组织中的糖类-脂肪和蛋白质,检测实验的成功关键与常见问题
BIOLOGY,实验-检测生物组织中的糖类-脂肪和蛋白质,检测实验的拓展与创新应用
BIOLOGY,实验-检测生物组织中的糖类-脂肪和蛋白质,检测实验的试剂使用与材料选择细节
BIOLOGY,实验-检测生物组织中的糖类-脂肪和蛋白质,检测实验的误差规避与对照设置
BIOLOGY,实验-检测生物组织中的糖类-脂肪和蛋白质,检测生物组织中的糖类、脂肪和蛋白质
BIOLOGY,实验-检测生物组织中的糖类-脂肪和蛋白质,检测生物组织中的糖类、脂肪和蛋白质的实验原理
BIOLOGY,实验-检测生物组织中的糖类-脂肪和蛋白质,检测生物组织中的糖类、脂（一）
BIOLOGY,实验-检测生物组织中的糖类-脂肪和蛋白质,检测生物组织中的糖类、脂（二）
BIOLOGY,实验-检测生物组织中的糖类-脂肪和蛋白质,物质检测实验中的两个对照
BIOLOGY,实验-检测生物组织中的糖类-脂肪和蛋白质,物质检测实验的对照设置
BIOLOGY,实验-检测生物组织中的糖类-脂肪和蛋白质,生物组织中的成分鉴定
BIOLOGY,实验-检测生物组织中的糖类-脂肪和蛋白质,用化学试剂检测生物组织中
BIOLOGY,实验-检测生物组织中的糖类-脂肪和蛋白质,用吸光值定量检测葡萄糖含量
BIOLOGY,实验-检测生物组织中的糖类-脂肪和蛋白质,磷脂与脂肪水解终产物的区别
BIOLOGY,实验-检测生物组织中的糖类-脂肪和蛋白质,等质量脂肪与糖类氧化分解的比较
BIOLOGY,实验-检测生物组织中的糖类-脂肪和蛋白质,糖类与脂肪氧化分解的比较
BIOLOGY,实验-检测生物组织中的糖类-脂肪和蛋白质,脂肪与糖类氧化分解的差异
BIOLOGY,实验-检测生物组织中的糖类-脂肪和蛋白质,脂肪与蛋白质检测的原理、步骤与颜色反应
BIOLOGY,实验-检测生物组织中的糖类-脂肪和蛋白质,脂肪与蛋白质鉴定的操作要点
BIOLOGY,实验-检测生物组织中的糖类-脂肪和蛋白质,脂肪和糖原都是储能物质
BIOLOGY,实验-检测生物组织中的糖类-脂肪和蛋白质,脂肪检测的原理与操作步骤
BIOLOGY,实验-检测生物组织中的糖类-脂肪和蛋白质,脂肪的检测
BIOLOGY,实验-检测生物组织中的糖类-脂肪和蛋白质,脂肪的检测和观察实验中
BIOLOGY,实验-检测生物组织中的糖类-脂肪和蛋白质,脂肪的检测步骤与试剂
BIOLOGY,实验-检测生物组织中的糖类-脂肪和蛋白质,苏丹Ⅲ只染脂肪不染磷脂
BIOLOGY,实验-检测生物组织中的糖类-脂肪和蛋白质,苏丹Ⅲ染液检测脂肪的操作要点
BIOLOGY,实验-检测生物组织中的糖类-脂肪和蛋白质,蛋白质常见易错辨析集
BIOLOGY,实验-检测生物组织中的糖类-脂肪和蛋白质,蛋白质检测的原理与试剂关系
BIOLOGY,实验-检测生物组织中的糖类-脂肪和蛋白质,蛋白质的检测
BIOLOGY,实验-检测生物组织中的糖类-脂肪和蛋白质,蛋白质的检测原理与操作
BIOLOGY,实验-检测生物组织中的糖类-脂肪和蛋白质,蛋白质的检测和观察实验中
BIOLOGY,实验-检测生物组织中的糖类-脂肪和蛋白质,蛋白质的鉴定与双缩脲试剂
BIOLOGY,实验-检测生物组织中的糖类-脂肪和蛋白质,还原糖与脂肪的鉴定
BIOLOGY,实验-检测生物组织中的糖类-脂肪和蛋白质,还原糖与非还原糖的范围
BIOLOGY,实验-检测生物组织中的糖类-脂肪和蛋白质,还原糖检测的原理、取材与颜色反应流程
BIOLOGY,实验-检测生物组织中的糖类-脂肪和蛋白质,还原糖检测的原理与易错点
BIOLOGY,实验-检测生物组织中的糖类-脂肪和蛋白质,还原糖的检测
BIOLOGY,实验-检测生物组织中的糖类-脂肪和蛋白质,还原糖的检测原理与操作
BIOLOGY,实验-检测生物组织中的糖类-脂肪和蛋白质,还原糖的鉴定实验
BIOLOGY,实验-检测生物组织中的糖类-脂肪和蛋白质,还原糖鉴定的操作与选材要点
BIOLOGY,实验-检测生物组织中的糖类-脂肪和蛋白质,需要加热的是还原糖的鉴定
BIOLOGY,实验-检测生物组织中的糖类-脂肪和蛋白质,项目、还原糖、脂肪、蛋白质、淀粉
BIOLOGY,实验-模拟生物体维持ph的稳定,模拟生物体维持pH稳定的实验
BIOLOGY,实验-模拟生物体维持ph的稳定,蓝细菌羧酶体维持高CO2低O2环境
BIOLOGY,实验-模拟生物体维持ph的稳定,血浆pH和体温的稳定
BIOLOGY,实验-模拟生物体维持ph的稳定,血浆缓冲能力与人工缓冲液的差异
BIOLOGY,实验-观察根尖分生区组织细胞的有丝分裂,DNA数量加倍的时期
BIOLOGY,实验-观察根尖分生区组织细胞的有丝分裂,一个细胞周期过程中DNA、染（一）
BIOLOGY,实验-观察根尖分生区组织细胞的有丝分裂,一个细胞周期过程中DNA、染（二）
BIOLOGY,实验-观察根尖分生区组织细胞的有丝分裂,与有丝分裂有关的细胞器
BIOLOGY,实验-观察根尖分生区组织细胞的有丝分裂,与高等植物细胞有丝分裂有关
BIOLOGY,实验-观察根尖分生区组织细胞的有丝分裂,动植物细胞有丝分裂的区别
BIOLOGY,实验-观察根尖分生区组织细胞的有丝分裂,动植物细胞有丝分裂的异同
BIOLOGY,实验-观察根尖分生区组织细胞的有丝分裂,动物细胞
BIOLOGY,实验-观察根尖分生区组织细胞的有丝分裂,动物细胞有丝分裂
BIOLOGY,实验-观察根尖分生区组织细胞的有丝分裂,动物细胞有丝分裂·DNA
BIOLOGY,实验-观察根尖分生区组织细胞的有丝分裂,"动物细胞有丝分裂·不
同
点"
BIOLOGY,实验-观察根尖分生区组织细胞的有丝分裂,动物细胞有丝分裂·染色体
BIOLOGY,实验-观察根尖分生区组织细胞的有丝分裂,动物细胞有丝分裂·相同点
BIOLOGY,实验-观察根尖分生区组织细胞的有丝分裂,在有丝分裂前期出现的染色体
BIOLOGY,实验-观察根尖分生区组织细胞的有丝分裂,实验试剂质量浓度
BIOLOGY,实验-观察根尖分生区组织细胞的有丝分裂,对比实验
BIOLOGY,实验-观察根尖分生区组织细胞的有丝分裂,教材对有丝分裂结合后形成的子细胞
BIOLOGY,实验-观察根尖分生区组织细胞的有丝分裂,有丝分裂中期：着丝粒排列在赤道板
BIOLOGY,实验-观察根尖分生区组织细胞的有丝分裂,有丝分裂末期：核膜核仁重现与细胞质分裂
BIOLOGY,实验-观察根尖分生区组织细胞的有丝分裂,有丝分裂观察实验的易错点
BIOLOGY,实验-观察根尖分生区组织细胞的有丝分裂,有丝分裂观察实验的注意事项
BIOLOGY,实验-观察根尖分生区组织细胞的有丝分裂,比较动、植物细胞的细胞分裂
BIOLOGY,实验-观察根尖分生区组织细胞的有丝分裂,洋葱在生物学实验中的一材多用
BIOLOGY,实验-观察根尖分生区组织细胞的有丝分裂,洋葱实验的一材多用
BIOLOGY,实验-观察根尖分生区组织细胞的有丝分裂,洋葱根尖可包括根冠、分生区、伸长区
BIOLOGY,实验-观察根尖分生区组织细胞的有丝分裂,由分裂期各期细胞数目推断各期时长
BIOLOGY,实验-观察根尖分生区组织细胞的有丝分裂,由柱状图比例判断细胞分裂时期
BIOLOGY,实验-观察根尖分生区组织细胞的有丝分裂,细胞有丝分裂的过程
BIOLOGY,实验-观察根尖分生区组织细胞的有丝分裂,结果一个细胞分裂成
BIOLOGY,实验-观察根尖分生区组织细胞的有丝分裂,观察有丝分裂应选分裂期占比大的材料
BIOLOGY,实验-观察根尖分生区组织细胞的有丝分裂,观察根尖分生区有丝分裂的实验与时期判断
BIOLOGY,实验-观察根尖分生区组织细胞的有丝分裂,观察根尖分生区组织细胞的有丝分裂
BIOLOGY,实验-观察根尖分生区组织细胞的有丝分裂,观察根尖分生区组织细胞的有丝分裂实验
BIOLOGY,实验-观察根尖分生区组织细胞的有丝分裂,观察根尖分生区细胞有丝分裂的实验
BIOLOGY,实验-观察根尖分生区组织细胞的有丝分裂,观察根尖分生区细胞有丝分裂的实验流程
BIOLOGY,实验-观察根尖分生区组织细胞的有丝分裂,观察根尖分生区细胞的有丝分裂
BIOLOGY,实验-观察根尖分生区组织细胞的有丝分裂,观察根尖有丝分裂的三类注意事项
BIOLOGY,实验-观察根尖分生区组织细胞的有丝分裂,观察根尖有丝分裂的实验原理
BIOLOGY,实验-观察根尖分生区组织细胞的有丝分裂,观察根尖有丝分裂的实验步骤
BIOLOGY,实验-观察根尖分生区组织细胞的有丝分裂,通过有丝分裂
BIOLOGY,实验-观察根尖分生区组织细胞的有丝分裂,间期复制的DNA通过
BIOLOGY,实验-观察根尖分生区组织细胞的有丝分裂,高等植物细胞有丝分裂
BIOLOGY,实验-观察蝗虫精母细胞减数分裂装片,XYY个体的成因
BIOLOGY,实验-观察蝗虫精母细胞减数分裂装片,由多个精母细胞推测一个细胞的减数分裂连续过程
BIOLOGY,实验-观察蝗虫精母细胞减数分裂装片,观察减数分裂装片选用雄性生殖器官的原因
BIOLOGY,实验-观察蝗虫精母细胞减数分裂装片,观察蝗虫精母细胞减数分裂装片
BIOLOGY,实验-观察蝗虫精母细胞减数分裂装片,观察蝗虫精母细胞减数分裂装片实验
BIOLOGY,实验结果与实验结论的辨析,实验思路、步骤与结果结论的书写
BIOLOGY,实验结果与实验结论的辨析,实验步骤、实验结果与实验结论的书写
BIOLOGY,实验结果与实验结论的辨析,实验目的与实验原理的推断
BIOLOGY,实验结果与实验结论的辨析,探索性实验与验证性实验的区别
BIOLOGY,实验结果与实验结论的辨析,用电子传递抑制剂逐步阻断判断旁路途径
BIOLOGY,实验结果与实验结论的辨析,用蛋白质合成阻断剂区分合成增加与降解减少
BIOLOGY,实验结果与实验结论的辨析,用补充底物能否恢复区分酶量不足与底物不足
BIOLOGY,实验结果与实验结论的辨析,由实验目的确定自变量与因变量
BIOLOGY,密度制约因素与非密度制约因素,密度制约因素与非密度制约因素的区分
BIOLOGY,密码子,密码子与反密码子
BIOLOGY,密码子,密码子与反密码子的数量关系
BIOLOGY,密码子,密码子与起始、终止密码子
BIOLOGY,密码子,密码子的种类与特点
BIOLOGY,密码子,密码子的简并性
BIOLOGY,密码子,密码子的简并性与通用性
BIOLOGY,密码子,密码子的简并性及其意义
BIOLOGY,密码子,第一个编码氨基酸的密码子的破译
BIOLOGY,密码子,遗传信息、密码子与反密码子
BIOLOGY,密码子,遗传信息、密码子与反密码子的联系
BIOLOGY,密码子,遗传密码破译实验的过程、结果与结论
BIOLOGY,密码子,遗传密码破译的经典实验（实验者与实验思路）
BIOLOGY,对照实验的分析方法,三步分析对照实验
BIOLOGY,对照实验的分析方法,不同探究类实验的自变量、因变量与无关变量
BIOLOGY,对照实验的分析方法,减法原理在实验中的应用
BIOLOGY,对照实验的分析方法,四种对照实验类型
BIOLOGY,对照实验的分析方法,四类对照实验的区分
BIOLOGY,对照实验的分析方法,多自变量实验表格的转换与分析
BIOLOGY,对照实验的分析方法,实验中自变量的处理与无关变量的控制方法
BIOLOGY,对照实验的分析方法,实验方案评价的角度
BIOLOGY,对照实验的分析方法,实验设计之单一变量原则
BIOLOGY,对照实验的分析方法,实验设计应遵循的基本原则
BIOLOGY,对照实验的分析方法,实验设计的基本原则与四类对照
BIOLOGY,对照实验的分析方法,对比实验和对照实验的辨析
BIOLOGY,对照实验的分析方法,对比实验（相互对照实验）的含义
BIOLOGY,对照实验的分析方法,对比实验（相互对照）的概念
BIOLOGY,对照实验的分析方法,对照原则与四种常用对照方法
BIOLOGY,对照实验的分析方法,对照实验的四种类型（一）：空白对照与自身对照
BIOLOGY,对照实验的分析方法,对照实验的四种类型（二）：条件对照与相互对照
BIOLOGY,对照实验的分析方法,对照实验的设计要求与作用
BIOLOGY,对照实验的分析方法,探究某无机盐是否为植物生长必需的实验设计
BIOLOGY,对照实验的分析方法,清除某类细胞的减法实验判断其功能
BIOLOGY,对照实验的分析方法,用单一处理组与复合处理组对照找主导因素
BIOLOGY,对照实验的分析方法,质壁分离实验中的两次对照
BIOLOGY,对照实验设计的四步模板,“一个模板”应对对照实验设计
BIOLOGY,对照实验设计的四步模板,加法原理与减法原理在实验中的运用
BIOLOGY,对照实验设计的四步模板,变量与对照实验的设计要素
BIOLOGY,对照实验设计的四步模板,因变量检测：明确'怎样检测'
BIOLOGY,对照实验设计的四步模板,多因素实验的变量控制框架
BIOLOGY,对照实验设计的四步模板,实验设计的基本程序与要素书写
BIOLOGY,对照实验设计的四步模板,探究类实验操作的一般流程
BIOLOGY,对照实验设计的四步模板,无关变量：保持相同且适宜
BIOLOGY,对照实验设计的四步模板,自变量处理之换法
BIOLOGY,对照实验设计的四步模板,自变量处理的加与减
BIOLOGY,对照实验设计的四步模板,自变量处理：促进自变量、确保唯一
BIOLOGY,对照实验设计的四步模板,验证基因功能要补功能缺失组作双向证据
BIOLOGY,对照实验设计的四步模板,验证某物质通过促进某蛋白合成起调控作用的实验设计
BIOLOGY,差速离心法,差速离心法及其操作要点
BIOLOGY,差速离心法,差速离心法的原理与分离顺序
BIOLOGY,常见实验试剂与颜色变化,NaOH在生物学实验中的作用与浓度
BIOLOGY,常见实验试剂与颜色变化,常见实验的试剂与颜色变化
BIOLOGY,常见实验试剂与颜色变化,斐林试剂与双缩脲试剂的对比
BIOLOGY,常见实验试剂与颜色变化,有机物检测在操作步骤上的三个唯一
BIOLOGY,常见实验试剂与颜色变化,本尼迪特试剂作为斐林试剂改良版的成分与特点
BIOLOGY,常见实验试剂与颜色变化,溴麝香草酚蓝溶液检测CO₂的颜色变化
BIOLOGY,常见实验试剂与颜色变化,生物学常用实验试剂的作用与颜色变化
BIOLOGY,常见实验试剂与颜色变化,盐酸在生物学实验中的作用与浓度
BIOLOGY,常见实验试剂与颜色变化,还原糖与非还原糖的区别及其检测表现
BIOLOGY,常见实验试剂与颜色变化,酒精在生物学实验中的体积分数与作用
BIOLOGY,常见实验试剂与颜色变化,酒精在生物学教材实验中的同材异用
BIOLOGY,常见实验试剂与颜色变化,颜色变化的反应实质辨析
BIOLOGY,常见遗传实验材料及其优点,常见遗传实验材料的优点比较
BIOLOGY,干细胞,三类干细胞的存在部位、特点与应用
BIOLOGY,干细胞,化学诱导多能干细胞与生殖性克隆人的新风险
BIOLOGY,干细胞,胚胎干细胞与诱导多能干细胞的研究史实
BIOLOGY,干细胞,脐带血干细胞移植的特点与优点
BIOLOGY,归纳法,完全归纳法与不完全归纳法
BIOLOGY,归纳法,归纳法及其在细胞学说完善中的应用
BIOLOGY,归纳法,归纳法及其在细胞学说建立中的应用
BIOLOGY,归纳法,归纳法的分类与结论的可靠性
BIOLOGY,归纳法,归纳法：由具体事实推出一般结论
BIOLOGY,影响光合作用强度的环境因素,O₂浓度升高如何影响净光合速率
BIOLOGY,影响光合作用强度的环境因素,②材料（一）
BIOLOGY,影响光合作用强度的环境因素,②材料（二）
BIOLOGY,影响光合作用强度的环境因素,为提高光能利用率
BIOLOGY,影响光合作用强度的环境因素,光、二氧化碳、温度与水对光合作用的影响
BIOLOGY,影响光合作用强度的环境因素,光保护防线一（防御）：热耗散过剩光能
BIOLOGY,影响光合作用强度的环境因素,光保护防线二（清除）：抗氧化酶系统清除活性氧
BIOLOGY,影响光合作用强度的环境因素,光合作用强度
BIOLOGY,影响光合作用强度的环境因素,光抑制与光保护机制
BIOLOGY,影响光合作用强度的环境因素,光照、温度及必需元素可通过影响叶绿素
BIOLOGY,影响光合作用强度的环境因素,光照强度对光合作用强度的影响
BIOLOGY,影响光合作用强度的环境因素,光能的去向与减轻光抑制的途径
BIOLOGY,影响光合作用强度的环境因素,光补偿点与光饱和点
BIOLOGY,影响光合作用强度的环境因素,光补偿点与光饱和点的分析
BIOLOGY,影响光合作用强度的环境因素,光饱和点的含义与限制因素
BIOLOGY,影响光合作用强度的环境因素,叶面积系数与群体干物质积累
BIOLOGY,影响光合作用强度的环境因素,多因素对光合速率影响的分段分析
BIOLOGY,影响光合作用强度的环境因素,影响光合作用的环境因素分析（5）
BIOLOGY,影响光合作用强度的环境因素,影响光合作用的环境因素分析（6）
BIOLOGY,影响光合作用强度的环境因素,影响光合作用的环境因素分析（7）
BIOLOGY,影响光合作用强度的环境因素,影响光合作用的环境因素分析（一）
BIOLOGY,影响光合作用强度的环境因素,影响光合作用的环境因素分析（三）
BIOLOGY,影响光合作用强度的环境因素,影响光合作用的环境因素分析（二）
BIOLOGY,影响光合作用强度的环境因素,影响光合作用的环境因素分析（四）
BIOLOGY,影响光合作用强度的环境因素,影响叶绿素合成的三大因素
BIOLOGY,影响光合作用强度的环境因素,探究光照强度对光合作用强度影响的实验
BIOLOGY,影响光合作用强度的环境因素,探究光照强度对光合作用强度影响的实验原理
BIOLOGY,影响光合作用强度的环境因素,探究光照强度对光合作用强度的影响（叶圆片上浮法）
BIOLOGY,影响光合作用强度的环境因素,探究光照强度对光合作用强度的影响（叶片上浮法）
BIOLOGY,影响光合作用强度的环境因素,探究光照强度对光合作用强度（一）
BIOLOGY,影响光合作用强度的环境因素,探究光照强度对光合作用强度（二）
BIOLOGY,影响光合作用强度的环境因素,探究光照强度对光合作用影响的实验
BIOLOGY,影响光合作用强度的环境因素,探究环境因素对光·因变量
BIOLOGY,影响光合作用强度的环境因素,"探究环境因素对光·对无关变量
进行控制"
BIOLOGY,影响光合作用强度的环境因素,探究环境因素对光·控制自变量
BIOLOGY,影响光合作用强度的环境因素,提高叶绿素含量会增强光能吸收、加剧光抑制
BIOLOGY,影响光合作用强度的环境因素,整株CO2吸收为0时叶肉细胞光合大于其呼吸
BIOLOGY,影响光合作用强度的环境因素,易错：激素的产生和分布也受环境因素影响
BIOLOGY,影响光合作用强度的环境因素,气孔关闭导致光合午休的原因分析
BIOLOGY,影响光合作用强度的环境因素,气孔因素与非气孔因素的判断
BIOLOGY,影响光合作用强度的环境因素,水分、气孔与光合午休现象
BIOLOGY,影响光合作用强度的环境因素,泵被抑制会连带干扰依赖其梯度的协同转运
BIOLOGY,影响光合作用强度的环境因素,白天适当提高温度或增加CO2浓度
BIOLOGY,影响光合作用强度的环境因素,矿质元素对光合作用的影响
BIOLOGY,影响光合作用强度的环境因素,调节气孔开闭的因素
BIOLOGY,影响光合作用强度的环境因素,逆境降低光合速率的常见机制
BIOLOGY,影响光合作用强度的环境因素,间隔光照提高光能利用率
BIOLOGY,影响光合作用强度的环境因素,间隔光照法提高光能利用率
BIOLOGY,影响光合作用强度的环境因素,项目、改变温度、改变CO2浓度
BIOLOGY,影响物质跨膜运输的因素,影响物质跨膜运输的四类因素
BIOLOGY,影响物质跨膜运输的因素,横坐标为能量时主动运输曲线的起点
BIOLOGY,影响物质跨膜运输的因素,氧气浓度对运输速率的影响
BIOLOGY,影响物质跨膜运输的因素,温度影响物质运输速率的两条途径
BIOLOGY,影响物质跨膜运输速率的因素,物质浓度差对运输速率的影响
BIOLOGY,影响物质跨膜运输速率的因素,转运蛋白数量对运输速率的影响
BIOLOGY,影响物质跨膜运输速率的因素,载体数量对运输速率的限制
BIOLOGY,影响酶促反应的因素分析,(5)实验结果（一）
BIOLOGY,影响酶促反应的因素分析,(5)实验结果（二）
BIOLOGY,影响酶促反应的因素分析,pH与温度对酶活性的互不影响关系
BIOLOGY,影响酶促反应的因素分析,③预期结果
BIOLOGY,影响酶促反应的因素分析,在探究pH影响酶活性的实验
BIOLOGY,影响酶促反应的因素分析,在探究温度影响酶活性的实验
BIOLOGY,影响酶促反应的因素分析,底物浓度、酶浓度与抑制剂对酶促反应的影响
BIOLOGY,影响酶促反应的因素分析,底物浓度和酶浓度对反应速率的影响
BIOLOGY,影响酶促反应的因素分析,底物浓度和酶浓度对酶促反应速率的影响
BIOLOGY,影响酶促反应的因素分析,影响酶活性的条件·1
BIOLOGY,影响酶促反应的因素分析,影响酶活性的条件·2
BIOLOGY,影响酶促反应的因素分析,影响酶活性的条件·3
BIOLOGY,影响酶促反应的因素分析,影响酶活性的条件·4
BIOLOGY,影响酶促反应的因素分析,影响酶活性的条件·5
BIOLOGY,影响酶促反应的因素分析,影响酶活性的条件·因变量
BIOLOGY,影响酶促反应的因素分析,影响酶活性的条件·实验结果
BIOLOGY,影响酶促反应的因素分析,影响酶活性的条件·对无关变量进行控制
BIOLOGY,影响酶促反应的因素分析,影响酶活性的条件·控制自变量
BIOLOGY,影响酶促反应的因素分析,影响酶活性的条件·步骤及结果
BIOLOGY,影响酶促反应的因素分析,影响酶活性的条件·第一步
BIOLOGY,影响酶促反应的因素分析,影响酶活性的条件·第三步
BIOLOGY,影响酶促反应的因素分析,影响酶活性的条件·第二步
BIOLOGY,影响酶促反应的因素分析,影响酶活性的条件·第四步
BIOLOGY,影响酶促反应的因素分析,必须先将酶置于不同环境条件下
BIOLOGY,影响酶促反应的因素分析,抑制酶促褐变的四条途径及其易错
BIOLOGY,影响酶促反应的因素分析,探究温度与pH对酶活性影响的实验原理
BIOLOGY,影响酶促反应的因素分析,探究温度对酶活性影响的原理与检测
BIOLOGY,影响酶促反应的因素分析,测定酶最适温度的实验思路
BIOLOGY,影响酶促反应的因素分析,温度、pH对酶促反应速率的影响与失活的可逆性
BIOLOGY,影响酶促反应的因素分析,温度与pH对酶活性影响的实验要点
BIOLOGY,影响酶促反应的因素分析,温度与pH对酶活性的影响及曲线解读
BIOLOGY,影响酶促反应的因素分析,温度和pH
BIOLOGY,影响酶促反应的因素分析,温度和pH对酶促反应速率的曲线特征
BIOLOGY,影响酶促反应的因素分析,通过实验
BIOLOGY,影响酶促反应的因素分析,酶促反应速率与酶活性的区别
BIOLOGY,影响酶促反应的因素分析,酶促反应速率的影响因素及曲线解读
BIOLOGY,影响酶促反应的因素分析,酶促反应速率的限制因素与最适条件
BIOLOGY,影响酶促反应的因素分析,酶促反应速率表示酶所催化反应的快慢
BIOLOGY,影响酶促反应的因素分析,酶活性
BIOLOGY,影响酶促反应的因素分析,酶浓度、底物浓度与反应速率曲线
BIOLOGY,影响酶促反应的因素分析,酶浓度与抑制剂对酶促反应的影响
BIOLOGY,微生物的培养,倒平板的具体操作步骤
BIOLOGY,微生物的培养,刚果红染色法筛选纤维素分解菌
BIOLOGY,微生物的培养,在微生物学中
BIOLOGY,微生物的培养,地球上的植物每年产生
BIOLOGY,微生物的培养,培养基的化学成分包括水、无机盐
BIOLOGY,微生物的培养,培养基的成分 分类与特殊需求
BIOLOGY,微生物的培养,培养基的成分与分类
BIOLOGY,微生物的培养,培养基的种类及用途
BIOLOGY,微生物的培养,平板划线法与稀释涂布平板法在分离和计数中的分工
BIOLOGY,微生物的培养,平板划线法接种菌种时
BIOLOGY,微生物的培养,平板划线法的具体操作步骤
BIOLOGY,微生物的培养,平板划线法的原理与操作要点
BIOLOGY,微生物的培养,微生物培养与发酵工程的题型地图
BIOLOGY,微生物的培养,微生物数量测定的两种方法及误差方向
BIOLOGY,微生物的培养,微生物法检测维生素含量的对照设计
BIOLOGY,微生物的培养,微生物的纯培养包括配制培养基、灭菌
BIOLOGY,微生物的培养,微生物的纯培养（平板划线法与稀释涂布平板法）
BIOLOGY,微生物的培养,微生物的计数 分离与鉴定
BIOLOGY,微生物的培养,微生物筛选与检测的常见操作辨析
BIOLOGY,微生物的培养,微生物题的审题与答题规范
BIOLOGY,微生物的培养,残留率与降解能力的因果关系辨析
BIOLOGY,微生物的培养,比较项目、理化因素的作用强度、消灭微生物
BIOLOGY,微生物的培养,氮源的主要作用是合成含氮化合物
BIOLOGY,微生物的培养,活菌计数的公式与平板菌落数选择
BIOLOGY,微生物的培养,消毒是指使用较为温和的物理
BIOLOGY,微生物的培养,灭菌是指使用强烈的理化方法杀死物体内
BIOLOGY,微生物的培养,用化学诱变与唯一碳源筛选代谢途径突变体
BIOLOGY,微生物的培养,用基因文库互补确定缺陷酶的编码基因
BIOLOGY,微生物的培养,用稀释涂布平板法统计
BIOLOGY,微生物的培养,用突变体互补生长判断代谢途径中酶的顺序
BIOLOGY,微生物的培养,用补充中间产物的培养基定位缺陷酶
BIOLOGY,微生物的培养,用鉴别培养基与唯一氮源培养基筛选优良菌株
BIOLOGY,微生物的培养,稀释涂布平板法操作
BIOLOGY,微生物的培养,稀释涂布平板法的原理与操作程序
BIOLOGY,微生物的培养,稀释涂布平板法计算活菌数
BIOLOGY,微生物的培养,稀释涂布平板法除可以用于分离微生物外
BIOLOGY,微生物的培养,紫外线诱变育种与活菌计数的步骤
BIOLOGY,微生物的培养,纯培养的概念与酵母菌纯培养流程
BIOLOGY,微生物的培养,细菌计数板和血细胞计数板
BIOLOGY,微生物的培养,绝大多数微生物都能利用葡萄糖
BIOLOGY,微生物的培养,获得纯净的微生物培养物的关键
BIOLOGY,微生物的培养,计数板计数与稀释涂布平板法计数的差异
BIOLOGY,微生物的培养,选择培养基与计数方法的选择
BIOLOGY,微生物的培养,鉴别培养基与次级代谢产物的判断
BIOLOGY,微生物的培养,除活菌计数外
BIOLOGY,微生物的培养,项目、第一次操作、每次划线之前、划线结束
BIOLOGY,性染色体的传递规律,Y染色体与X染色体的大小关系及配子中染色体的组成
BIOLOGY,性染色体的传递规律,人类X、Y染色体的大小差别与基因分布
BIOLOGY,性状分离比,一对相对性状杂交实验出现3比1的条件
BIOLOGY,性状分离比,外源基因插入位置的判定（自交分离比）
BIOLOGY,性状分离比,性状类概念辨析
BIOLOGY,性状分离比,符合分离定律不一定出现特定的性状比例
BIOLOGY,性状分离比,经典变形分离比27比37与81比175
BIOLOGY,性状分离比,遗传学基本术语
BIOLOGY,性状分离比,遗传学基本术语（相对性状、性状分离、纯合子等）
BIOLOGY,性状分离比的模拟实验,和为4的n次方分离比的建模解读
BIOLOGY,性状分离比的模拟实验,实现3:1分离比的条件
BIOLOGY,性状分离比的模拟实验,实验设计的模型归纳（条件型、并列式、承接式）
BIOLOGY,性状分离比的模拟实验,性状分离比模拟实验的操作注意事项
BIOLOGY,性状分离比的模拟实验,性状分离比的模拟实验原理与操作
BIOLOGY,性状分离比的模拟实验,性状分离比的模拟实验原理与结果
BIOLOGY,性状分离比的模拟实验,色素提取分离实验异常现象分析
BIOLOGY,性状显隐性的判断,常染色体显隐性分析方法在伴X遗传中的迁移
BIOLOGY,性状显隐性的判断,性状显隐性的两条判断路径
BIOLOGY,性状显隐性的判断,性状显隐性的判断方法
BIOLOGY,性状显隐性的判断,易错：测交不能判断显隐性关系
BIOLOGY,性状显隐性的判断,显性、隐性性状的判断方法
BIOLOGY,性状显隐性的判断,显隐性判断：纯合亲本杂交 F1 表现即为显性
BIOLOGY,性状显隐性的判断,由杂交后代分离比判断性状的显隐性
BIOLOGY,性状显隐性的判断,由杂交结果判断突变显隐性并分析分离比
BIOLOGY,成熟植物细胞的吸水和失水,原生质层在成熟的植物细胞内相当于半透
BIOLOGY,成熟植物细胞的吸水和失水,实验结论（一）
BIOLOGY,成熟植物细胞的吸水和失水,实验结论（二）
BIOLOGY,成熟植物细胞的吸水和失水,当细胞液浓度小于外界溶液浓度时
BIOLOGY,成熟植物细胞的吸水和失水,成熟植物细胞发生渗透作用的条件与原理
BIOLOGY,成熟植物细胞的吸水和失水,成熟的植物细胞
BIOLOGY,成熟植物细胞的吸水和失水,探究植物细胞吸水和失水（质壁分离及复原）实验
BIOLOGY,成熟植物细胞的吸水和失水,探究植物细胞的吸水和失水（一）
BIOLOGY,成熟植物细胞的吸水和失水,探究植物细胞的吸水和失水（三）
BIOLOGY,成熟植物细胞的吸水和失水,探究植物细胞的吸水和失水（二）
BIOLOGY,成熟植物细胞的吸水和失水,植物细胞吸水失水的两种现象
BIOLOGY,成熟植物细胞的吸水和失水,植物细胞水分子进出相等时浓度不一定相等
BIOLOGY,成熟植物细胞的吸水和失水,植物细胞的两种吸水方式
BIOLOGY,成熟植物细胞的吸水和失水,植物细胞的吸水方式与渗透吸水原理
BIOLOGY,成熟植物细胞的吸水和失水,植物细胞的吸胀吸水与渗透吸水
BIOLOGY,成熟植物细胞的吸水和失水,植物细胞的质壁分离与复原分析模型
BIOLOGY,成熟植物细胞的吸水和失水,水进出植物细胞的·清水
BIOLOGY,成熟植物细胞的吸水和失水,水进出植物细胞的·蔗糖溶液
BIOLOGY,成熟植物细胞的吸水和失水,注意事项（一）
BIOLOGY,成熟植物细胞的吸水和失水,注意事项（二）
BIOLOGY,成熟植物细胞的吸水和失水,用浓度梯度溶液测定细胞液的浓度范围
BIOLOGY,成熟植物细胞的吸水和失水,质壁分离实验的材料选择方法
BIOLOGY,技巧-实验数据-与-9-3-3-1及其变式-间的转化方法,15:1变式：只要有显性基因就表现同一性状
BIOLOGY,技巧-实验数据-与-9-3-3-1及其变式-间的转化方法,9:3:3:1 与 (3:1) 的联系
BIOLOGY,技巧-实验数据-与-9-3-3-1及其变式-间的转化方法,9:3:3:1变式比例的分析方法
BIOLOGY,技巧-实验数据-与-9-3-3-1及其变式-间的转化方法,9:3:3:1的变式类型
BIOLOGY,技巧-实验数据-与-9-3-3-1及其变式-间的转化方法,9:3:4变式：隐性纯合掩盖显性效应
BIOLOGY,技巧-实验数据-与-9-3-3-1及其变式-间的转化方法,9:6:1变式：存在一种显性基因时表现同一性状
BIOLOGY,技巧-实验数据-与-9-3-3-1及其变式-间的转化方法,9:7变式：两种显性基因同时存在才表现
BIOLOGY,技巧-实验数据-与-9-3-3-1及其变式-间的转化方法,Na+-K+泵的转运细节
BIOLOGY,技巧-实验数据-与-9-3-3-1及其变式-间的转化方法,三步法破解 9∶3∶3∶1 的比例变式
BIOLOGY,技巧-实验数据-与-9-3-3-1及其变式-间的转化方法,和16的分离比模型与数据转化三步法
BIOLOGY,技巧-实验数据-与-9-3-3-1及其变式-间的转化方法,由1/16反推基因型与基因位置
BIOLOGY,技巧-实验数据-与-9-3-3-1及其变式-间的转化方法,表型模拟及其鉴别方法
BIOLOGY,抗体,体液免疫中抗体的产生与作用
BIOLOGY,抗体,体液免疫过程与抗体作用
BIOLOGY,抗体,抗体的结构、种类与各类抗体的功能
BIOLOGY,抗体,用普通抗体作对照排除抗体本身的影响
BIOLOGY,抗体,验证抗体专一性与血清抗体治疗作用的实验设计
BIOLOGY,抗原,抗原与抗体的对比及抗原决定簇
BIOLOGY,抗原,抗原与抗体的比较
BIOLOGY,抗原,抗原与过敏原的区别
BIOLOGY,抗原,抗原决定簇的概念、存在位置与特性
BIOLOGY,抗原,抗原的概念、化学本质与特异性的两个层面
BIOLOGY,抗原,胸腺依赖性抗原与胸腺非依赖性抗原
BIOLOGY,捕获光能的色素和结构,Mg2+存在于叶绿素而非类胡萝卜素
BIOLOGY,捕获光能的色素和结构,光反应的场所过程与色素的吸收光谱
BIOLOGY,捕获光能的色素和结构,光合作用意义
BIOLOGY,捕获光能的色素和结构,光合色素的分布、功能与吸收光谱
BIOLOGY,捕获光能的色素和结构,光合色素的功
BIOLOGY,捕获光能的色素和结构,光合色素的吸收光谱
BIOLOGY,捕获光能的色素和结构,叶片呈现绿色的原因
BIOLOGY,捕获光能的色素和结构,叶绿体中的色素分布在类囊体
BIOLOGY,捕获光能的色素和结构,叶绿素a与叶绿素b吸收光谱带的差异
BIOLOGY,捕获光能的色素和结构,叶绿素a与叶绿素b：含量最多的色素
BIOLOGY,捕获光能的色素和结构,叶绿素主要吸收蓝紫光和红光光
BIOLOGY,捕获光能的色素和结构,四种色素带的含量与扩散速度
BIOLOGY,捕获光能的色素和结构,圆形滤纸层析分离色素
BIOLOGY,捕获光能的色素和结构,圆形滤纸层析分离色素的同心圆
BIOLOGY,捕获光能的色素和结构,在光学显微镜
BIOLOGY,捕获光能的色素和结构,层析后滤纸条自上而下的四条色素带依次
BIOLOGY,捕获光能的色素和结构,层析液
BIOLOGY,捕获光能的色素和结构,恩格尔曼实验要在没
BIOLOGY,捕获光能的色素和结构,恩格尔曼实验选用水绵的优点
BIOLOGY,捕获光能的色素和结构,捕获光能的色素
BIOLOGY,捕获光能的色素和结构,捕获光能的色素·分离色素
BIOLOGY,捕获光能的色素和结构,捕获光能的色素·提取色素
BIOLOGY,捕获光能的色素和结构,提取色素的原理
BIOLOGY,捕获光能的色素和结构,无水乙醇也
BIOLOGY,捕获光能的色素和结构,温室大棚适合用无色透明的玻璃
BIOLOGY,捕获光能的色素和结构,研磨与过滤技术的操作要点
BIOLOGY,捕获光能的色素和结构,纸层析技术的原理与操作注意事项
BIOLOGY,捕获光能的色素和结构,绿叶中色素提取与分离的实验原理
BIOLOGY,捕获光能的色素和结构,绿叶中色素的分离原理与步骤
BIOLOGY,捕获光能的色素和结构,绿叶中色素的吸收光谱
BIOLOGY,捕获光能的色素和结构,绿叶中色素的提取和分离原理与步骤
BIOLOGY,捕获光能的色素和结构,缺镁与黑暗培养叶片黄化的原因
BIOLOGY,捕获光能的色素和结构,胡萝卜素：含量最少扩散最快的色素
BIOLOGY,捕获光能的色素和结构,色素吸收光谱与影响叶绿素合成的因素
BIOLOGY,捕获光能的色素和结构,色素提取与分离的干燥、研磨与测光波段
BIOLOGY,捕获光能的色素和结构,色素的吸收光谱与功能
BIOLOGY,捕获光能的色素和结构,色素的吸收光谱特点
BIOLOGY,捕获光能的色素和结构,药品作用
BIOLOGY,探究动植物生命活动调节实验的思路与方法,其他植物激素的合成部位和主要作用
BIOLOGY,探究动植物生命活动调节实验的思路与方法,动植物以细胞代谢为基础的各种生理活动
BIOLOGY,探究动植物生命活动调节实验的思路与方法,各种植物激素并不是孤立地起作用
BIOLOGY,探究动植物生命活动调节实验的思路与方法,向光性原理
BIOLOGY,探究动植物生命活动调节实验的思路与方法,在已有处理上只增加一个变量
BIOLOGY,探究动植物生命活动调节实验的思路与方法,在植物体内
BIOLOGY,探究动植物生命活动调节实验的思路与方法,实验思路与实验步骤的书写区别
BIOLOGY,探究动植物生命活动调节实验的思路与方法,实验设计的一般程序（六步）
BIOLOGY,探究动植物生命活动调节实验的思路与方法,常见的体现生长素作用两重性的实例
BIOLOGY,探究动植物生命活动调节实验的思路与方法,抑制生长不等于不生长
BIOLOGY,探究动植物生命活动调节实验的思路与方法,曲线中HC段表明随生长素浓度升高
BIOLOGY,探究动植物生命活动调节实验的思路与方法,有学者根据一些实验结果提出
BIOLOGY,探究动植物生命活动调节实验的思路与方法,极性运输是指只能从形态学上端
BIOLOGY,探究动植物生命活动调节实验的思路与方法,活体实验需排除内源激素的干扰
BIOLOGY,探究动植物生命活动调节实验的思路与方法,温特的实验进一步证明胚芽鞘
BIOLOGY,探究动植物生命活动调节实验的思路与方法,激素不敏感突变与合成缺陷突变的区分
BIOLOGY,探究动植物生命活动调节实验的思路与方法,激素生理功能研究的常用方法
BIOLOGY,探究动植物生命活动调节实验的思路与方法,生物生命活动的能量最终来源是太阳能
BIOLOGY,探究动植物生命活动调节实验的思路与方法,生长素和生长激素仅有一字之差
BIOLOGY,探究动植物生命活动调节实验的思路与方法,生长素相对集中分布在生长旺盛的部位
BIOLOGY,探究动植物生命活动调节实验的思路与方法,生长素首先与生长素受体特异性结合
BIOLOGY,探究动植物生命活动调节实验的思路与方法,用受体阻断剂区分药物的作用机理
BIOLOGY,探究动植物生命活动调节实验的思路与方法,用过表达与敲除株系验证基因功能
BIOLOGY,探究动植物生命活动调节实验的思路与方法,类别、分泌部位、化学本质、作用部位、运输
BIOLOGY,探究动植物生命活动调节实验的思路与方法,艾弗里实验的关键设计思路
BIOLOGY,探究动植物生命活动调节实验的思路与方法,重力对植物生命活动的调节
BIOLOGY,探究动植物生命活动调节实验的思路与方法,验证某性状与某蛋白无关的实验思路
BIOLOGY,探究动植物生命活动调节实验的思路与方法,鲍森·詹森的实验证明
BIOLOGY,探究基因位于常染色体上还是x-y染色体同源区段上,X、Y染色体同源区段的遗传
BIOLOGY,探究基因位于常染色体上还是x-y染色体同源区段上,两对等位基因独立遗传还是连锁的判定
BIOLOGY,探究基因位于常染色体上还是x-y染色体同源区段上,同源四倍体的配子基因型比例
BIOLOGY,探究基因位于常染色体上还是x-y染色体同源区段上,基因位于性染色体同源区段的判断
BIOLOGY,探究基因位于常染色体上还是x-y染色体同源区段上,基因在X染色体还是X、Y同源区段的判断
BIOLOGY,探究基因位于常染色体上还是x-y染色体同源区段上,定义法计算基因频率
BIOLOGY,探究基因位于常染色体上还是x-y染色体同源区段上,常染色体基因频率的计算
BIOLOGY,探究基因位于常染色体上还是x-y染色体同源区段上,正反交后代雌雄表现一致 → 基因位于常染色体
BIOLOGY,探究基因位于常染色体上还是x-y染色体同源区段上,正反交法判断基因在常染色体还是X染色体
BIOLOGY,探究基因位于常染色体上还是x-y染色体同源区段上,父传子现象区分 X 染色体与 X/Y 同源区段
BIOLOGY,探究基因位于常染色体上还是x-y染色体同源区段上,白眼雌果蝇异常个体的成因探究
BIOLOGY,探究基因位于常染色体上还是x-y染色体同源区段上,隐性雌与显性雄杂合杂交判断基因位置
BIOLOGY,探究物质跨膜运输方式的实验设计,探究是主动运输还是被动运输
BIOLOGY,探究物质跨膜运输方式的实验设计,探究是自由扩散还是协助扩散
BIOLOGY,探究酶的专一性-高效性相关实验,在探究蛋白酶对蛋白质的水解实
BIOLOGY,探究酶的专一性-高效性相关实验,实验假设的提出要求
BIOLOGY,探究酶的专一性-高效性相关实验,实验目的的标准句式：'探究 A 对 B 的影响'
BIOLOGY,探究酶的专一性-高效性相关实验,实验目的的确定与表述句式
BIOLOGY,探究酶的专一性-高效性相关实验,实验结果与实验结论的区别
BIOLOGY,探究酶的专一性-高效性相关实验,探究pH对酶活性影响的实验要点
BIOLOGY,探究酶的专一性-高效性相关实验,探究pH对酶活性的影响
BIOLOGY,探究酶的专一性-高效性相关实验,探究pH对酶活性的影响（一）
BIOLOGY,探究酶的专一性-高效性相关实验,探究pH对酶活性的影响（二）
BIOLOGY,探究酶的专一性-高效性相关实验,探究淀粉酶对淀粉和蔗糖的水解
BIOLOGY,探究酶的专一性-高效性相关实验,探究温度对酶活性影响的实验要点
BIOLOGY,探究酶的专一性-高效性相关实验,探究温度对酶活性的影响
BIOLOGY,探究酶的专一性-高效性相关实验,探究温度对酶活性的影响时
BIOLOGY,探究酶的专一性-高效性相关实验,探究温度对酶活性的影响（一）
BIOLOGY,探究酶的专一性-高效性相关实验,探究温度对酶活性的影响（二）
BIOLOGY,探究酶的专一性-高效性相关实验,探究温度或pH对酶活性的影响
BIOLOGY,探究酶的专一性-高效性相关实验,探究酶专一性的实验设计
BIOLOGY,探究酶的专一性-高效性相关实验,探究酶的专一性实验设计
BIOLOGY,探究酶的专一性-高效性相关实验,探究酶的催化作用与专一性的实验原理
BIOLOGY,探究酶的专一性-高效性相关实验,探究酶的高效性与专一性的实验设计
BIOLOGY,探究酶的专一性-高效性相关实验,探究酶的高效性实验设计
BIOLOGY,探究酶的专一性-高效性相关实验,探究酶的高效性时
BIOLOGY,探究酶的专一性-高效性相关实验,比较过氧化氢在不同条件下分解的实验原理与试剂
BIOLOGY,探究酶的专一性-高效性相关实验,淀粉酶对淀粉和蔗糖水解作用的探究
BIOLOGY,探究酶的专一性-高效性相关实验,淀粉酶水解实验中两次水浴加热的目的不同
BIOLOGY,探究酶的专一性-高效性相关实验,用淀粉酶对淀粉和蔗糖的水解作
BIOLOGY,探究酶的专一性-高效性相关实验,过氧化氢分解实验的五个操作要点
BIOLOGY,探究酶的专一性-高效性相关实验,过氧化氢分解实验证明酶的高效性
BIOLOGY,探究酶的专一性-高效性相关实验,酶专一性与高效性的探究实验设计
BIOLOGY,探究酶的专一性-高效性相关实验,酶的高效性和专一·思路一
BIOLOGY,探究酶的专一性-高效性相关实验,酶的高效性和专一·思路二
BIOLOGY,探究酶的专一性-高效性相关实验,酶的高效性和专一·第一步
BIOLOGY,探究酶的专一性-高效性相关实验,酶的高效性和专一·第三步
BIOLOGY,探究酶的专一性-高效性相关实验,酶的高效性和专一·第二步
BIOLOGY,探究酶的专一性-高效性相关实验,酶相关实验的对照设计模板
BIOLOGY,探究酶的专一性-高效性相关实验,验证酶专一性的两种方案
BIOLOGY,探究酶的专一性-高效性相关实验,验证酶的作用、高效性和专一性的实验设计
BIOLOGY,探索光合作用原理的部分实验,光合作用原理的探索实验
BIOLOGY,探索光合作用原理的部分实验,光合作用发现实验的选材与同位素标记法
BIOLOGY,探索光合作用原理的部分实验,光合作用探究历程中的关键结论
BIOLOGY,探索光合作用原理的部分实验,光合作用探究历程中的科学家与实验结论
BIOLOGY,探索光合作用原理的部分实验,光合作用探究历程要点
BIOLOGY,探索光合作用原理的部分实验,光合作用探究实验的两个易错分析
BIOLOGY,探索光合作用原理的部分实验,光合作用探索的经典实验结论
BIOLOGY,探索光合作用原理的部分实验,反应式
BIOLOGY,探索光合作用原理的部分实验,实验原理的三段式书写
BIOLOGY,探索光合作用原理的部分实验,实验设计之科学性原则
BIOLOGY,探索光合作用原理的部分实验,实验设计的加法原理与减法原理
BIOLOGY,探索光合作用原理的部分实验,恩格尔曼实验与鲁宾和卡门实验
BIOLOGY,探索光合作用原理的部分实验,恩格尔曼实验的巧妙之处
BIOLOGY,探索光合作用原理的部分实验,恩格尔曼实验设计的巧妙之处
BIOLOGY,探索光合作用原理的部分实验,恩格尔曼的实验与结论
BIOLOGY,探索光合作用原理的部分实验,探索光合作用原理的部分实
BIOLOGY,探索光合作用原理的部分实验,文字信息提取：题干文字往往隐藏实验原理与依据
BIOLOGY,教材文字迁移类长句题,长句表述之教材文字迁移
BIOLOGY,数列与排列组合在遗传计算中的应用,数列与排列组合破解遗传计算
BIOLOGY,无丝分裂,无丝分裂和二分裂的辨析
BIOLOGY,无机盐,大量出汗与严重腹泻后的补液原理
BIOLOGY,无机盐,无机盐的生理功能实例
BIOLOGY,无机盐,溶液培养法探究某无机盐是否为植物所必需
BIOLOGY,无机盐,生理盐水的浓度依据
BIOLOGY,无机盐,细胞中无机盐的存在形式与作用
BIOLOGY,无机盐,镁是叶绿素合成的必需元素
BIOLOGY,无氧呼吸,O2 浓度为 0 → 只进行无氧呼吸
BIOLOGY,无氧呼吸,不同生物无氧呼吸产物不同的原因
BIOLOGY,无氧呼吸,与细胞呼吸相关的易错点
BIOLOGY,无氧呼吸,乳酸循环的路径与解读
BIOLOGY,无氧呼吸,产生酒精或乳酸 → 一定存在无氧呼吸
BIOLOGY,无氧呼吸,厌氧型致病菌只能进行无氧呼吸
BIOLOGY,无氧呼吸,无氧呼吸两阶段的场所与产物
BIOLOGY,无氧呼吸,无氧呼吸之乳酸发酵
BIOLOGY,无氧呼吸,无氧呼吸只在第一阶段释放能量
BIOLOGY,无氧呼吸,无氧呼吸在第一阶段释放出少量能量
BIOLOGY,无氧呼吸,无氧呼吸场所
BIOLOGY,无氧呼吸,无氧呼吸概念
BIOLOGY,无氧呼吸,无氧呼吸的两种类型与代表生物
BIOLOGY,无氧呼吸,无氧呼吸的两种类型与对应生物
BIOLOGY,无氧呼吸,无氧呼吸的两种类型及反应式
BIOLOGY,无氧呼吸,无氧呼吸的两种类型及对应生物
BIOLOGY,无氧呼吸,无氧呼吸的全过程都是在细胞质基质中
BIOLOGY,无氧呼吸,无氧呼吸的场所、反应式与能量去向
BIOLOGY,无氧呼吸,无氧呼吸的总反（一）
BIOLOGY,无氧呼吸,无氧呼吸的总反（二）
BIOLOGY,无氧呼吸,无氧呼吸的概念
BIOLOGY,无氧呼吸,无氧呼吸的概念与两个阶段
BIOLOGY,无氧呼吸,无氧呼吸的类型、场所与能量转化
BIOLOGY,无氧呼吸,无氧呼吸的过程与产物
BIOLOGY,无氧呼吸,无氧呼吸第二阶段的共性与常见错判
BIOLOGY,无氧呼吸,无氧呼吸过程
BIOLOGY,无氧呼吸,无氧呼吸释放能量少的原因
BIOLOGY,无氧呼吸,有氧呼吸与无氧呼吸的联系
BIOLOGY,无氧呼吸,果蔬与种子储藏条件的差异
BIOLOGY,无氧呼吸,细胞呼吸方式与产物之间的转变
BIOLOGY,无菌技术,倒平板操作的无菌要点
BIOLOGY,无菌技术,平板划线法中接种环灼烧的目的与操作注意
BIOLOGY,无菌技术,无菌技术的四项要点
BIOLOGY,无菌技术,无菌技术（消毒与灭菌）
BIOLOGY,无菌技术,消毒与灭菌的方法及适用范围
BIOLOGY,无菌技术,消毒的常用方法与对象
BIOLOGY,无菌技术,灭菌的三种方法与适用对象
BIOLOGY,无菌技术,高压蒸汽灭菌的操作注意事项
BIOLOGY,暗反应,ATP的来源与去路汇总
BIOLOGY,暗反应,C₃与C₅含量变化的分析通法
BIOLOGY,暗反应,NADPH与ATP的移动方向及NADPH的作用
BIOLOGY,暗反应,叶绿体内合成的ATP专用于暗反
BIOLOGY,暗反应,暗反应之一：C3的还原
BIOLOGY,暗反应,暗反应之一：CO2的固定
BIOLOGY,暗反应,暗反应的场所与两个反应
BIOLOGY,暗反应,暗反应的过程与物质能量变化
BIOLOGY,暗反应,暗反应过程并非不依赖光
BIOLOGY,暗反应,环境改变时 C3 与 C5 含量的变化分析
BIOLOGY,暗反应,突然停止CO2
BIOLOGY,暗反应,黑暗与恢复光照时 PGA 与 TP 含量的变化
BIOLOGY,有丝分裂,一个细胞周期包括分裂间期和分裂期
BIOLOGY,有丝分裂,两次有丝分裂后标记染色体的规律（15N标记）
BIOLOGY,有丝分裂,减数分裂Ⅱ的主要特征
BIOLOGY,有丝分裂,分裂间期的特点与时长占比
BIOLOGY,有丝分裂,制作装片
BIOLOGY,有丝分裂,动植物细胞有丝分裂的区别与相关细胞器
BIOLOGY,有丝分裂,动物细胞与高等植物细胞有丝分裂的三点区别
BIOLOGY,有丝分裂,"动物细胞有丝分裂·染色体形
态变化"
BIOLOGY,有丝分裂,动物细胞由中心体发出星射线形成纺锤体
BIOLOGY,有丝分裂,动物细胞的纺锤体是由复制后的中
BIOLOGY,有丝分裂,有丝分裂与减数分裂图像的鉴别
BIOLOGY,有丝分裂,有丝分裂中DNA与染色体数量变化
BIOLOGY,有丝分裂,有丝分裂中各成分加倍的时期与原因
BIOLOGY,有丝分裂,有丝分裂中染色体、染色单体、DNA数量变化规律
BIOLOGY,有丝分裂,有丝分裂中染色体、染色单体与核DNA的数量关系
BIOLOGY,有丝分裂,有丝分裂前期的四项变化
BIOLOGY,有丝分裂,有丝分裂各时期的主要特点
BIOLOGY,有丝分裂,有丝分裂各时期的特点
BIOLOGY,有丝分裂,有丝分裂各时期的特点（以2n=4为例）
BIOLOGY,有丝分裂,有丝分裂各期DNA染色体染色单体数目变化
BIOLOGY,有丝分裂,有丝分裂各期的主要特点
BIOLOGY,有丝分裂,有丝分裂后期：着丝粒分裂染色体加倍
BIOLOGY,有丝分裂,有丝分裂常见易错辨析
BIOLOGY,有丝分裂,有丝分裂柱形图的辨析方法
BIOLOGY,有丝分裂,有丝分裂的意义与“加倍”规律
BIOLOGY,有丝分裂,有丝分裂的意义与动植物差异
BIOLOGY,有丝分裂,有丝分裂的意义与着丝粒分裂
BIOLOGY,有丝分裂,染色体复制时期
BIOLOGY,有丝分裂,染色质和染色体化学组成都主要
BIOLOGY,有丝分裂,着丝粒自动分裂与纺锤丝无关
BIOLOGY,有丝分裂,细胞呈正方形
BIOLOGY,有丝分裂,细胞周期是指连续分裂的细胞
BIOLOGY,有丝分裂,赤道板与细胞板的区别
BIOLOGY,有丝分裂,赤道板是一种假想平面
BIOLOGY,有氧呼吸,产生 H2O → 一定存在有氧呼吸
BIOLOGY,有氧呼吸,同有机物在生物体外的燃烧相比
BIOLOGY,有氧呼吸,呼吸电子传递和氧化磷酸化
BIOLOGY,有氧呼吸,在有氧呼吸过程中
BIOLOGY,有氧呼吸,对于绝大多数生物来说
BIOLOGY,有氧呼吸,有氧与无氧呼吸等量消耗或等量产CO2的比例关系
BIOLOGY,有氧呼吸,有氧呼吸·第一阶段
BIOLOGY,有氧呼吸,有氧呼吸·第三阶段
BIOLOGY,有氧呼吸,有氧呼吸·第二阶段
BIOLOGY,有氧呼吸,有氧呼吸三个阶段的场所与物质变化
BIOLOGY,有氧呼吸,有氧呼吸三阶段的场所耗氧与产能
BIOLOGY,有氧呼吸,有氧呼吸与无氧呼吸的五项区别
BIOLOGY,有氧呼吸,有氧呼吸与无氧呼吸的区别与联系
BIOLOGY,有氧呼吸,有氧呼吸中反应物的利用与产物的形成阶段
BIOLOGY,有氧呼吸,有氧呼吸中反应物的数量比例1:6:6
BIOLOGY,有氧呼吸,有氧呼吸中各元素的来源与去路
BIOLOGY,有氧呼吸,有氧呼吸中水的消耗与产生阶段辨析
BIOLOGY,有氧呼吸,有氧呼吸是指细胞在氧的参与下
BIOLOGY,有氧呼吸,有氧呼吸最常利用的底物是葡萄糖
BIOLOGY,有氧呼吸,有氧呼吸最常利用的物质是葡萄糖
BIOLOGY,有氧呼吸,有氧呼吸的产能与能量转化效率
BIOLOGY,有氧呼吸,有氧呼吸的反应式、场所与能量变化
BIOLOGY,有氧呼吸,有氧呼吸的过程、场所与能量转化
BIOLOGY,有氧呼吸,有氧呼吸第一阶段：糖酵解
BIOLOGY,有氧呼吸,有氧呼吸第三阶段：[H]与氧气结合
BIOLOGY,有氧呼吸,有氧呼吸第二阶段：丙酮酸和水反应
BIOLOGY,有氧呼吸,消耗 O2 → 一定存在有氧呼吸
BIOLOGY,有氧呼吸,生成于有氧呼吸第三阶段
BIOLOGY,有氧呼吸,糖酵解的过程与特点
BIOLOGY,有氧呼吸,糖酵解（第一阶段）的ATP收支与产物
BIOLOGY,有氧呼吸,线粒体结构：双层膜+嵴+基质（有氧呼吸场所）
BIOLOGY,有氧呼吸,细胞呼吸反应式中物质量的比例关系
BIOLOGY,有氧呼吸,细胞呼吸反应式中的比例关系
BIOLOGY,有氧呼吸,细胞呼吸有关反应式书写常见错误有不写
BIOLOGY,有氧呼吸,耗 O2 多于产 CO2 → 推测呼吸底物含脂肪
BIOLOGY,有氧呼吸的过程分析,DNA复制的过程、场所与特点
BIOLOGY,有氧呼吸的过程分析,DNA复制的过程、条件与意义
BIOLOGY,有氧呼吸的过程分析,NADH中氢的来源与交替呼吸途径的推断
BIOLOGY,有氧呼吸的过程分析,三羧酸循环是有氧呼吸第二阶段
BIOLOGY,有氧呼吸的过程分析,三羧酸循环的场所与产物来源
BIOLOGY,有氧呼吸的过程分析,对有氧呼吸的三个阶段归纳
BIOLOGY,有氧呼吸的过程分析,无氧呼吸的过程
BIOLOGY,有氧呼吸的过程分析,暗反应的过程（CO2固定与C3还原）
BIOLOGY,有氧呼吸的过程分析,有氧呼吸三个阶段的位置、物质变化与产能
BIOLOGY,有氧呼吸的过程分析,有氧呼吸三个阶段的场所与物质能量变化
BIOLOGY,有氧呼吸的过程分析,有氧呼吸三阶段的研究式划分
BIOLOGY,有氧呼吸的过程分析,有氧呼吸与无氧呼吸的比较
BIOLOGY,有氧呼吸的过程分析,有氧呼吸前两阶段的NADH与能量去向
BIOLOGY,有氧呼吸的过程分析,有氧呼吸总反应式中元素的来源与去向
BIOLOGY,有氧呼吸的过程分析,有氧呼吸的三个阶段
BIOLOGY,有氧呼吸的过程分析,有氧呼吸的三阶段与物质代谢枢纽
BIOLOGY,有氧呼吸的过程分析,有氧呼吸的主要场所——线粒体外膜
BIOLOGY,有氧呼吸的过程分析,有氧呼吸的总反
BIOLOGY,有氧呼吸的过程分析,有氧呼吸的能量去路与特点
BIOLOGY,有氧呼吸的过程分析,电子传递链与化学渗透假说
BIOLOGY,有氧呼吸的过程分析,电子传递链与氧化磷酸化
BIOLOGY,有氧呼吸的过程分析,线粒体内膜上电子传递与ATP合成的偶联
BIOLOGY,有氧呼吸的过程分析,线粒体内膜的电子传递链与丙酮酸转运
BIOLOGY,有氧呼吸的过程分析,线粒体是进行有氧呼吸的主要场所
BIOLOGY,有氧呼吸的过程分析,细胞中消耗水的代谢过程汇总
BIOLOGY,有氧呼吸的过程分析,翻译的过程与条件
BIOLOGY,构图法分析复杂文字信息题,“对象+逻辑→模型”构图法
BIOLOGY,染色体变异-x1,1.染色体变异导致异常配子种类变化
BIOLOGY,染色体变异-x1,三体与四体产生的配子比例
BIOLOGY,染色体变异-x1,三体产生配子的标号分析法
BIOLOGY,染色体变异-x1,三体的配子类型与染色体数分析
BIOLOGY,染色体变异-x1,三体配子比例与受精率折算
BIOLOGY,染色体变异-x1,三倍体因为原始生殖细胞中
BIOLOGY,染色体变异-x1,与二倍体植株相比
BIOLOGY,染色体变异-x1,与正常植株相比
BIOLOGY,染色体变异-x1,交叉互换与染色体易位的区别
BIOLOGY,染色体变异-x1,人工诱导多倍体的方法很多
BIOLOGY,染色体变异-x1,倒位环与交叉互换产生的配子分析
BIOLOGY,染色体变异-x1,单倍体强调的是由配子发育而来的个体
BIOLOGY,染色体变异-x1,基因型为 Dd 时染色体组成的三种异常情况
BIOLOGY,染色体变异-x1,基因突变与染色体结构变异的区分
BIOLOGY,染色体变异-x1,基因突变和染色体结构变异都可能会引起
BIOLOGY,染色体变异-x1,平衡易位染色体的减数分裂与配子种类
BIOLOGY,染色体变异-x1,性染色体数目异常嵌合体的成因
BIOLOGY,染色体变异-x1,无子西瓜———利用染色体变异原理
BIOLOGY,染色体变异-x1,易位与互换的区别
BIOLOGY,染色体变异-x1,易位与互换的辨析
BIOLOGY,染色体变异-x1,易位与交叉互换的辨析
BIOLOGY,染色体变异-x1,易位及其伴性遗传效应
BIOLOGY,染色体变异-x1,易错：无子葡萄的果肉细胞含2个染色体组
BIOLOGY,染色体变异-x1,易错：雄蜂精子中染色体数目与体细胞相同
BIOLOGY,染色体变异-x1,染色体变异的概念与数目变异类型
BIOLOGY,染色体变异-x1,染色体变异的概念与类型
BIOLOGY,染色体变异-x1,染色体变异类型的图示辨析
BIOLOGY,染色体变异-x1,染色体数目变异与染色体组
BIOLOGY,染色体变异-x1,染色体数目变异的类型与染色体组的含义和特点
BIOLOGY,染色体变异-x1,染色体组
BIOLOGY,染色体变异-x1,染色体组与染色体数目变异
BIOLOGY,染色体变异-x1,染色体结构变异
BIOLOGY,染色体变异-x1,染色体结构变异与数目变异
BIOLOGY,染色体变异-x1,染色体结构变异的四种主要类型与结果
BIOLOGY,染色体变异-x1,染色体结构变异的四种类型
BIOLOGY,染色体变异-x1,染色体结构变异的四种类型及实例
BIOLOGY,染色体变异-x1,染色体结构变异的类型
BIOLOGY,染色体变异-x1,染色体结构变异的类型与影响
BIOLOGY,染色体变异-x1,根据染色体形态判定染色体组数目
BIOLOGY,染色体变异-x1,猫叫综合征是人的5号染色体部分缺失引
BIOLOGY,染色体变异-x1,用单体、片段缺失与三体定位隐性基因
BIOLOGY,染色体变异-x1,由基因型判定染色体组数目
BIOLOGY,标志重捕法,去除取样法的原理与适用条件
BIOLOGY,标志重捕法,标志重捕法估算值的误差方向分析
BIOLOGY,标志重捕法,标志重捕法的估算公式与计算
BIOLOGY,标志重捕法,标志重捕法的操作与误差分析
BIOLOGY,标志重捕法,标志重捕法的操作要点与误差分析
BIOLOGY,标志重捕法,标志重捕法的注意事项
BIOLOGY,标志重捕法,标志重捕法的调查步骤与估算公式
BIOLOGY,标志重捕法,标志重捕法调查种群密度
BIOLOGY,标志重捕法,标记物脱落与种群数量估算的误差方向
BIOLOGY,标志重捕法,标记重捕法与非损伤方法结合的估算模型
BIOLOGY,标志重捕法,标记重捕法的注意事项
BIOLOGY,标志重捕法,标记重捕法的适用性与误差方向
BIOLOGY,标志重捕法,用微卫星DNA采样估算种群数量
BIOLOGY,样方法,单子叶植物与双子叶植物在调查方法适用性上的比较
BIOLOGY,样方法,样方法中种群密度的两种计算方法
BIOLOGY,样方法,样方法取样的合理性分析
BIOLOGY,样方法,样方法的取样要求与其他调查方法的适用对象
BIOLOGY,样方法,样方法的操作与计数原则
BIOLOGY,样方法,样方法的计数原则：计上不计下计左不计右
BIOLOGY,样方法,样方法的调查步骤与计数原则
BIOLOGY,样方法,黑光灯诱捕法与样方外的调查方法
BIOLOGY,核糖体,一条mRNA结合多个核糖体（多聚核糖体）
BIOLOGY,核糖体,多聚核糖体的意义
BIOLOGY,核糖体,核糖体的组成与rRNA的转录时期
BIOLOGY,核苷酸,DNA复制相关的数量计算
BIOLOGY,核苷酸,DNA复制计算：消耗脱氧核苷酸的数量
BIOLOGY,核苷酸,DNA损伤的三类重要修复机制
BIOLOGY,核苷酸,DNA错配修复的五个阶段
BIOLOGY,核苷酸,核苷酸的组成与种类
BIOLOGY,核苷酸,核苷酸的组成及DNA与RNA的化学组成差异
BIOLOGY,核苷酸,转录偶联修复（Mfd招募修复系统）
BIOLOGY,核质互作雄性不育与三系法育种,三系杂交水稻的育种流程与制种要求
BIOLOGY,核质互作雄性不育与三系法育种,核质互作雄性不育与三系配套
BIOLOGY,核质互作雄性不育与三系法育种,核质互作雄性不育的基因型与育性判断
BIOLOGY,核酸,DNA与RNA在组成和结构上的区别
BIOLOGY,核酸,DNA与RNA的区别
BIOLOGY,核酸,DNA与RNA的组成比较
BIOLOGY,核酸,DNA中脱氧核苷酸的排列顺序储存着生
BIOLOGY,核酸,DNA和RNA的初步与彻底水解产物
BIOLOGY,核酸,DNA彻底水解的产物组成
BIOLOGY,核酸,RNA彻底水解的产物组成
BIOLOGY,核酸,RNA的功能多样性
BIOLOGY,核酸,三看法快速区分DNA与RNA
BIOLOGY,核酸,常见核酸—蛋白质复合体的归纳
BIOLOGY,核酸,常见的核酸—蛋白质复合体
BIOLOGY,核酸,核酸从元素到长链的组成层次
BIOLOGY,核酸,核酸包括两大类
BIOLOGY,核酸,核酸的元素组成与功能定位
BIOLOGY,核酸,核酸的分类、分布与功能
BIOLOGY,核酸,核酸的分类与RNA的三类
BIOLOGY,核酸,核酸的分类分布与功能
BIOLOGY,核酸,核酸的种类、分布与基本组成单位
BIOLOGY,核酸,核酸的种类、分布与核苷酸组成
BIOLOGY,核酸,核酸的种类与分布
BIOLOGY,核酸,核酸的种类及其在真核细胞、原核细胞和病毒中的分布
BIOLOGY,核酸,核酸：DNA与RNA的对比
BIOLOGY,核酸,根据核苷酸分子组成特点
BIOLOGY,核酸,真核细胞的DNA主要分布在细胞核
BIOLOGY,核酸,遗传物质的种类与核酸种类的判断
BIOLOGY,核酸与蛋白质的关系,生物体中的核酸—蛋白质复合体
BIOLOGY,核酸是由核苷酸连接而成的长链,一个核苷酸是由一分子含氮的碱基
BIOLOGY,核酸是由核苷酸连接而成的长链,不同生物的核酸、核苷酸与碱基种类
BIOLOGY,核酸是由核苷酸连接而成的长链,核苷酸链
BIOLOGY,核酸是由核苷酸连接而成的长链,核苷酸链储存遗传信息（一）
BIOLOGY,核酸是由核苷酸连接而成的长链,核苷酸链储存遗传信息（二）
BIOLOGY,核酸是由核苷酸连接而成的长链,核酸多样性的原因
BIOLOGY,核酸是由核苷酸连接而成的长链,核酸是由核苷酸连·中文名
BIOLOGY,核酸是由核苷酸连接而成的长链,核酸是由核苷酸连·元素组成
BIOLOGY,核酸是由核苷酸连接而成的长链,核酸是由核苷酸连·基本单位
BIOLOGY,核酸是由核苷酸连接而成的长链,核酸是由核苷酸连·结构
BIOLOGY,核酸是由核苷酸连接而成的长链,核酸的初步水解与彻底水解产物
BIOLOGY,核酸是由核苷酸连接而成的长链,核酸的基本单位——核苷酸（一）
BIOLOGY,核酸是由核苷酸连接而成的长链,核酸的基本单位——核苷酸（二）
BIOLOGY,核酸是由核苷酸连接而成的长链,核酸的多样性、特异性
BIOLOGY,核酸是由核苷酸连接而成的长链,核酸的结构与功能
BIOLOGY,核酸是由核苷酸连接而成的长链,核酸的结构层次、多样性与核酸-蛋白质复合体
BIOLOGY,核酸是由核苷酸连接而成的长链,核酸的结构层次与核苷酸缩写
BIOLOGY,核酸是由核苷酸连接而成的长链,核酸的结构层次与特异性
BIOLOGY,核酸是由核苷酸连接而成的长链,脱氧核苷酸与核糖核苷酸的组成差异
BIOLOGY,核酸是遗传信息的携带者,核酸的功能、DNA 与 RNA 的区分及相关计算
BIOLOGY,核酸是遗传信息的携带者,核酸的功能与核酸多样性的原因
BIOLOGY,植物生长素及其生理作用,性激素的来源与生理作用
BIOLOGY,植物生长素及其生理作用,易错：吲哚乙酸不是蛋白质也无催化作用
BIOLOGY,植物生长素及其生理作用,生长素促进细胞伸长的酸生长假说
BIOLOGY,植物生长素及其生理作用,生长素的生理作用、作用方式与作用机制
BIOLOGY,植物生长素及其生理作用,生长素的生理作用与作用机制
BIOLOGY,植物生长素及其生理作用,顶端优势的成因与应用
BIOLOGY,植物生长素及其生理作用,高中常见酶及其催化作用
BIOLOGY,植物生长调节剂,植物激素与植物生长调节剂的比较
BIOLOGY,植物生长调节剂,植物生长发育的整体调控与相关易混易错
BIOLOGY,植物生长调节剂,植物生长发育的整体调控网络
BIOLOGY,植物生长调节剂,植物生长调节剂作用效果更持久的原因
BIOLOGY,植物生长调节剂,植物生长调节剂的作用与负面影响
BIOLOGY,植物生长调节剂,植物生长调节剂的概念、优点与类型
BIOLOGY,植物生长调节剂,植物生长调节剂的种类、优点与应用
BIOLOGY,植物生长调节剂的应用,在蔬菜、水果上残留的一些植物生长调节
BIOLOGY,植物生长调节剂的应用,常见植物生长调节剂的应用
BIOLOGY,植物生长调节剂的应用,探究实验的设计原则与预实验
BIOLOGY,植物生长调节剂的应用,探索生长素类调节剂促进插条生根最适浓度的实验设计
BIOLOGY,植物生长调节剂的应用,插条生根中各类激素的作用与抑制剂应用
BIOLOGY,植物生长调节剂的应用,插条生根实验的三类对照设置
BIOLOGY,植物生长调节剂的应用,植物激素生理作用探究实验的四类设计
BIOLOGY,植物生长调节剂的应用,植物生长调节剂的特点与应用
BIOLOGY,植物生长调节剂的应用,用生长素类调节剂处理插条的方法
BIOLOGY,植物生长调节剂的应用,由人工合成
BIOLOGY,植物生长调节剂的应用,类别项目、植物激素、植物生长调节剂
BIOLOGY,植物生长调节剂的应用,类别项目、植物激素、植物生长调节剂（续）
BIOLOGY,植物组织培养,一、植物细胞工程的基本技术
BIOLOGY,植物组织培养,一、植物细胞工程的基本技术（续）
BIOLOGY,植物组织培养,不定根培养与脱毒苗的辨析
BIOLOGY,植物组织培养,体细胞杂交中染色体组数与渗透压的处理
BIOLOGY,植物组织培养,单倍体育种可以先通过花药（或花粉）培
BIOLOGY,植物组织培养,原生质体融合与杂种细胞、生殖隔离的辨析
BIOLOGY,植物组织培养,悬浮培养细胞时产量与培养条件的关系
BIOLOGY,植物组织培养,愈伤组织的特点
BIOLOGY,植物组织培养,植物代谢会产生一些一般认为不
BIOLOGY,植物组织培养,植物体细胞杂交与组织培养要点
BIOLOGY,植物组织培养,植物体细胞杂交技术流程图
BIOLOGY,植物组织培养,植物体细胞杂交的结果最终要经过组织培
BIOLOGY,植物组织培养,植物体细胞杂交：去壁→融合→杂种细胞→组织培养
BIOLOGY,植物组织培养,植物组织培养流程图植物组织培养
BIOLOGY,植物组织培养,植物组织培养的基本过程与激素调控
BIOLOGY,植物组织培养,植物组织培养的完整过程
BIOLOGY,植物组织培养,植物组织培养的条件与激素比例
BIOLOGY,植物组织培养,植物组织培养的流程与应用
BIOLOGY,植物组织培养,植物组织培养过程中有脱分化和再分化
BIOLOGY,植物组织培养,植物细胞全能性的适用范围与体细胞杂交的染色体判断
BIOLOGY,植物组织培养,植物细胞的全能性及其表达条件
BIOLOGY,植物组织培养,生长素与细胞分裂素比例对分化的影响
BIOLOGY,植物组织培养,生长素与细胞分裂素比例对细胞发育方向的调控
BIOLOGY,植物组织培养,用于快速繁殖优良品种
BIOLOGY,植物组织培养,细胞全能性理论与植物细胞工程的史实
BIOLOGY,植物组织培养,细胞工程是指应用细胞生物学
BIOLOGY,植物组织培养,细胞经分裂和分化后
BIOLOGY,植物组织培养,脱分化与再分化的判断及种子萌发的误区
BIOLOGY,植物组织培养,脱毒苗是选择植物的分生区如茎尖
BIOLOGY,概率与统计在生物学中的应用,生物学中的概率与统计思维
BIOLOGY,模式图逻辑链的分析方法,基因工程流程图的三步拆解法
BIOLOGY,模式图逻辑链的分析方法,抓起点终点玩转复杂模式图
BIOLOGY,模式图逻辑链的分析方法,跨生境食物链的连锁推理方法
BIOLOGY,模式图逻辑链的分析方法,逻辑链中两个抑制等效于促进
BIOLOGY,母性效应与表型模拟,母性效应及其与细胞质遗传的区别
BIOLOGY,比较细胞中的生物大分子,不同生物细胞壁的成分比较
BIOLOGY,比较细胞中的生物大分子,大分子进出细胞核走核孔而非胞吞胞吐
BIOLOGY,比较细胞中的生物大分子,生物大分子的元素组成与多聚体
BIOLOGY,比较细胞中的生物大分子,磷脂分子在水-苯混合溶剂中的排布
BIOLOGY,比较细胞中的生物大分子,能量、数量、生物量金字塔的比较
BIOLOGY,比较细胞中的生物大分子,膜内有机酸根等大分子负离子不能自由通过细胞膜
BIOLOGY,气孔开闭的调节因素,调节气孔开闭的四种因素
BIOLOGY,氨基酸,R基决定氨基酸的种类
BIOLOGY,氨基酸,双缩脲试剂使用易错点
BIOLOGY,氨基酸,基因、mRNA与氨基酸数目比例关系
BIOLOGY,氨基酸,必需氨基酸与非必需氨基酸
BIOLOGY,氨基酸,必需氨基酸的巧记口诀
BIOLOGY,氨基酸,氨基酸功能的多样性
BIOLOGY,氨基酸,氨基酸的数目与种类的区别
BIOLOGY,氨基酸,氨基酸的种类与必需氨基酸
BIOLOGY,氨基酸,氨基酸的结构通式与判据
BIOLOGY,氨基酸,组成人体蛋白质的氨基酸按必需与非必需的分类
BIOLOGY,氨基酸,组成蛋白质的氨基酸种类与书写规范
BIOLOGY,氨基酸,肽键数与失水数的计算公式
BIOLOGY,氨基酸,赖氨酸缺乏与食物蛋白质营养价值的评价
BIOLOGY,氨基酸,起始密码子与终止密码子
BIOLOGY,水,水的比热容与冬灌抗寒
BIOLOGY,水,水的理化特性与分子结构的关系
BIOLOGY,水,生物含水量差异的一般规律
BIOLOGY,水,细胞代谢中水的产生与利用
BIOLOGY,水,自由水与结合水比值同代谢强度、抗逆性的关系曲线
BIOLOGY,水,自由水与结合水的比值与代谢抗逆性
BIOLOGY,水和无机盐平衡的调节,Na＋的主要来源是食盐
BIOLOGY,水和无机盐平衡的调节,冬天尿多夏天尿少的原因
BIOLOGY,水和无机盐平衡的调节,切除下丘脑 → 抗利尿激素分泌减少 → 机体脱水
BIOLOGY,水和无机盐平衡的调节,口渴感形成的具体过程
BIOLOGY,水和无机盐平衡的调节,大量出汗与运动时的水盐调节
BIOLOGY,水和无机盐平衡的调节,妊娠期母体的水盐与血糖适应
BIOLOGY,水和无机盐平衡的调节,易错：抗利尿激素由下丘脑分泌、垂体释放
BIOLOGY,水和无机盐平衡的调节,易错：血钠升高时醛固酮分泌减少
BIOLOGY,水和无机盐平衡的调节,水盐平衡的调节
BIOLOGY,水和无机盐平衡的调节,生理盐水的含义与应用
BIOLOGY,水和无机盐平衡的调节,肾素血管紧张素醛固酮系统与水钠重吸收
BIOLOGY,水和无机盐平衡的调节,醛固酮与抗利尿激素的分泌与流程
BIOLOGY,水和无机盐平衡的调节,醛固酮与抗利尿激素调节血钠
BIOLOGY,水和无机盐平衡的调节,醛固酮与血钠血钾平衡
BIOLOGY,水和无机盐平衡的调节,高温环境下的水盐平衡调节
BIOLOGY,测交,测交与“演绎”、测交组合的辨析
BIOLOGY,测交,测交后代比例等于配子比例
BIOLOGY,测交,测交实验的三个作用
BIOLOGY,测交,测交实验的演绎与验证
BIOLOGY,测交,测交实验的目的与结果解读
BIOLOGY,测交,测交实验验证假说
BIOLOGY,测交,测交的定义与常见误判
BIOLOGY,测交,测交验证分离定律与假说演绎法
BIOLOGY,测交,自由组合现象验证的测交实验
BIOLOGY,测定光合速率与呼吸速率的常用方法,半叶法测定单位面积有机物的产生量
BIOLOGY,测定光合速率与呼吸速率的常用方法,气体变化量法测定光合与呼吸速率
BIOLOGY,测定光合速率与呼吸速率的常用方法,测定光合速率与呼吸速率的三种方法
BIOLOGY,测定光合速率与呼吸速率的常用方法,用NaOH与着色液滴测定种子呼吸速率
BIOLOGY,测定光合速率与呼吸速率的常用方法,由曲线切线斜率/两点差求速率（速率-梯度法）
BIOLOGY,测定光合速率与呼吸速率的常用方法,黑白瓶法测定水生生态系统的光合与呼吸速率
BIOLOGY,液泡,液泡的结构与功能
BIOLOGY,液泡,液泡膜上的反向协同转运与蔗糖的昼夜储运
BIOLOGY,液泡,液泡贮存过量离子以减轻毒害
BIOLOGY,液泡,液泡：调节渗透压、储存色素与营养物质
BIOLOGY,渗透作用,U形管中加蔗糖酶的液面分析
BIOLOGY,渗透作用,半透膜通透性决定能否形成液面差
BIOLOGY,渗透作用,水往高处走：渗透作用解题关键
BIOLOGY,渗透作用,液面差与浓度差的关系
BIOLOGY,渗透作用,渗透作用中水分移动方向的判断
BIOLOGY,渗透作用,渗透作用发生的两个条件：半透膜 + 膜两侧浓度差
BIOLOGY,渗透作用,渗透作用发生的条件
BIOLOGY,渗透作用,渗透作用必须通过半透膜
BIOLOGY,渗透作用,渗透作用概念
BIOLOGY,渗透作用,渗透作用的原理（一）
BIOLOGY,渗透作用,渗透作用的原理（二）
BIOLOGY,渗透作用,渗透作用的发生条件与水分移动方向
BIOLOGY,渗透作用,渗透作用的定义、条件与方向
BIOLOGY,渗透作用,渗透作用的定义与两个条件
BIOLOGY,渗透作用,渗透作用的定义与发生条件
BIOLOGY,渗透作用,渗透作用的概念、条件与方向
BIOLOGY,渗透作用,渗透作用的概念与发生条件
BIOLOGY,渗透作用,渗透压大小的判断依据
BIOLOGY,渗透作用,渗透平衡不等于浓度相等
BIOLOGY,渗透作用,渗透平衡时两侧溶液浓度并不相等
BIOLOGY,渗透作用,渗透平衡时水分子仍双向移动
BIOLOGY,渗透作用,渗透平衡是动态平衡
BIOLOGY,渗透作用,渗透方向与浓度判断要点
BIOLOGY,渗透作用,渗透装置中的浓度指物质的量浓度
BIOLOGY,渗透作用,渗透装置液面变化的变式分析
BIOLOGY,渗透作用,渗透装置的变式分析
BIOLOGY,渗透作用,溶质不能通过半透膜的液面变化
BIOLOGY,渗透作用,溶质能通过半透膜的液面变化
BIOLOGY,渗透作用,漏斗液面上升的原因
BIOLOGY,渗透压,抗利尿激素分泌失调的分析
BIOLOGY,渗透压,水分移动方向由渗透压高低决定
BIOLOGY,渗透压,渗透作用分析的四条易错提醒
BIOLOGY,渗透压,渗透压取决于微粒的物质的量浓度
BIOLOGY,渗透压,渗透压取决于溶质微粒数目
BIOLOGY,渗透压,渗透压由单位体积溶液中的溶质微粒数目决定
BIOLOGY,渗透压,渗透压的维持与细胞内外的离子差异
BIOLOGY,渗透压,血浆渗透压的主要来源
BIOLOGY,渗透压,血浆渗透压的决定因素
BIOLOGY,渗透压,血浆渗透压的决定因素与抗利尿激素
BIOLOGY,渗透压,血浆白蛋白减少导致水肿的机理
BIOLOGY,溶酶体,溶酶体主要分布在动物细胞
BIOLOGY,溶酶体,溶酶体内部含有多种水解酶
BIOLOGY,溶酶体,溶酶体的三种类型
BIOLOGY,溶酶体,溶酶体的两类吞噬功能
BIOLOGY,溶酶体,溶酶体的形成与M6P分选途径
BIOLOGY,溶酶体,溶酶体的特点、来源与作用
BIOLOGY,溶酶体,溶酶体的结构与功能
BIOLOGY,溶酶体,溶酶体的自噬途径与特点
BIOLOGY,溶酶体,溶酶体蛋白的M6P标记与分选
BIOLOGY,溶酶体,溶酶体酶与生物膜支架的错项辨析
BIOLOGY,溶酶体,溶酶体：细胞内的消化车间（水解酶+吞噬降解）
BIOLOGY,溶酶体,细胞自噬与溶酶体膜修复
BIOLOGY,溶酶体,自噬作用与衰老细胞器的清除
BIOLOGY,激素,下丘脑垂体肾上腺的分级调节
BIOLOGY,激素,促胰液素与胰岛素发现中的科学家
BIOLOGY,激素,促胰液素的发现史
BIOLOGY,激素,分级调节
BIOLOGY,激素,动物激素的发现与研究激素的方法
BIOLOGY,激素,易错：双缩脲试剂只能检测蛋白类激素
BIOLOGY,激素,注射法：适合蛋白质、多肽类等不能口服的激素
BIOLOGY,激素,激素的分泌、运输及与靶细胞结合
BIOLOGY,激素,激素的靶细胞既可以是其他细胞
BIOLOGY,激素,激素相关的八个易混易错
BIOLOGY,激素,激素选择性作用于靶细胞的机制
BIOLOGY,激素,激素间的协同作用与拮抗作用
BIOLOGY,激素,皮质醇分泌的分级调节与反馈
BIOLOGY,激素,项目、动物激素、酶、神经递质
BIOLOGY,激素,项目、动物激素、酶、神经递质（续）
BIOLOGY,激素调节的特点,体液调节途径
BIOLOGY,激素调节的特点,分级调节的意义：放大激素调节效应、形成多级联动
BIOLOGY,激素调节的特点,分级调节的放大效应与激素作用特点
BIOLOGY,激素调节的特点,同一激素对不同靶细胞作用不同
BIOLOGY,激素调节的特点,旁分泌的概念
BIOLOGY,激素调节的特点,易错：激素随体液运输到全身而非定向运输
BIOLOGY,激素调节的特点,激素会与靶细胞上的特异性受体相互识别
BIOLOGY,激素调节的特点,激素分泌与运输的三个易错点
BIOLOGY,激素调节的特点,激素分泌调节的三种模型
BIOLOGY,激素调节的特点,激素相关判断的四个易错点
BIOLOGY,激素调节的特点,激素调节的四个特点
BIOLOGY,激素调节的特点,激素调节的特点及激素间的相互作用
BIOLOGY,激素调节的特点,瘦素的来源运输与负反馈调节
BIOLOGY,物理模型的构建方法,探究·实践（一）
BIOLOGY,物理模型的构建方法,探究·实践（三）
BIOLOGY,物理模型的构建方法,探究·实践（二）
BIOLOGY,物理模型的构建方法,模型与物理模型
BIOLOGY,物理模型的构建方法,生物学中的模型化思维
BIOLOGY,物种的形成,物种、隔离与新物种的形成
BIOLOGY,物种的形成,物种形成与生物进化的区别
BIOLOGY,物种的形成,生物进化与物种形成的区别
BIOLOGY,物种的形成,进化与变异的六个易混易错
BIOLOGY,物质出入细胞的方式,三步判断物质跨膜运输方式
BIOLOGY,物质出入细胞的方式,二看法判断物质跨膜运输方式
BIOLOGY,物质出入细胞的方式,同一物质在不同细胞中运输方式的辨析
BIOLOGY,物质出入细胞的方式,同一物质在不同细胞的运输方式差异
BIOLOGY,物质出入细胞的方式,同一种物质进出不同细胞
BIOLOGY,物质出入细胞的方式,小分子物质的运输方式不一定都
BIOLOGY,物质出入细胞的方式,常见物质的跨膜运输方式举例
BIOLOGY,物质出入细胞的方式,常见物质的运输方式实例判定
BIOLOGY,物质出入细胞的方式,影响因素
BIOLOGY,物质出入细胞的方式,影响物质跨膜运输速率的因素分析
BIOLOGY,物质出入细胞的方式,某物质进出细胞的方式并非固定一种
BIOLOGY,物质出入细胞的方式,水分子仍能跨膜运输的原因
BIOLOGY,物质出入细胞的方式,溶质可进入细胞时的自动复原
BIOLOGY,物质出入细胞的方式,物质出入细胞方式的相关概念
BIOLOGY,物质出入细胞的方式,物质出入细胞的方式及影响因素
BIOLOGY,物质出入细胞的方式,物质跨膜运输方式的判断方法
BIOLOGY,物质出入细胞的方式,物质跨膜运输方式的常见易错点
BIOLOGY,物质出入细胞的方式,物质跨膜运输方式的易错辨析
BIOLOGY,物质出入细胞的方式,物质跨膜运输方式的比较表
BIOLOGY,物质出入细胞的方式,物质进出细胞四种方式的比较
BIOLOGY,物质出入细胞的方式,物质进出细胞方式·举例
BIOLOGY,物质出入细胞的方式,物质进出细胞方式·方式
BIOLOGY,物质出入细胞的方式,物质进出细胞方式·是否需要
BIOLOGY,物质出入细胞的方式,"物质进出细胞方式·运输
方向"
BIOLOGY,物质出入细胞的方式,物质进出细胞方式的图例识别与比较
BIOLOGY,物质出入细胞的方式,由膜电位判断离子流动方向
BIOLOGY,物质出入细胞的方式,细胞分裂为细胞增殖的方式
BIOLOGY,物质出入细胞的方式,胞吞与胞吐的结构基础与特点
BIOLOGY,物质出入细胞的方式,胞吞胞吐的三个易错判断
BIOLOGY,物质出入细胞的方式,膜电位与离子分布的常见错判
BIOLOGY,物质出入细胞的方式,被动运输的影响因素
BIOLOGY,物质出入细胞的方式,跨膜运输方式判断的易错特例
BIOLOGY,物质出入细胞的方式,转运蛋白：载体蛋白与通道蛋白对比
BIOLOGY,物质出入细胞的方式,载体蛋白与通道蛋白的区别
BIOLOGY,物质出入细胞的方式,载体蛋白与通道蛋白的对比
BIOLOGY,物质出入细胞的方式,载体蛋白与通道蛋白的相同点
BIOLOGY,物质出入细胞的方式,载体蛋白的特性
BIOLOGY,物质出入细胞的方式,载体蛋白的识别与判断
BIOLOGY,物质出入细胞的方式,运输速率与O2浓度无关的运输方式
BIOLOGY,物质循环,减缓温室效应的措施
BIOLOGY,物质循环,分解者与消费者的双重角色及污染物的食物链传递
BIOLOGY,物质循环,在生态系统中
BIOLOGY,物质循环,尽管能量流动和物质循环紧密交织在一起
BIOLOGY,物质循环,氮循环的要点（固氮、硝化、反硝化、氨化）
BIOLOGY,物质循环,氮循环的途径
BIOLOGY,物质循环,水体富营养化的正反馈链条
BIOLOGY,物质循环,温室效应的成因、危害与缓解
BIOLOGY,物质循环,温室效应的成因、危害与防治
BIOLOGY,物质循环,物质循环与元素去向的常见错项
BIOLOGY,物质循环,物质循环与能量流动能否循环的区别
BIOLOGY,物质循环,物质循环的成分判断思路
BIOLOGY,物质循环,物质循环的特点（全球性、循环往复）
BIOLOGY,物质循环,生态效率差异的因果辨析
BIOLOGY,物质循环,生态系统中物质与能量的利用
BIOLOGY,物质循环,生态系统的物质循环与生物富集
BIOLOGY,物质循环,生态系统的物质循环及其特点与应用
BIOLOGY,物质循环,生物体从周围环境吸收
BIOLOGY,物质循环,碳循环与能量流动的关系
BIOLOGY,物质循环,碳循环的过程与分析
BIOLOGY,物质循环,碳循环的过程与存在形式
BIOLOGY,物质循环,碳循环的途径、存在形式与流动形式
BIOLOGY,物质循环,碳循环示意图的判定与常见结论
BIOLOGY,物质循环,磷循环的特点与限制因素
BIOLOGY,物质循环,组成生物体的碳、氢、氧、氮、磷、硫等
BIOLOGY,物质循环,细胞呼吸与光合作用维持生物圈碳氧平衡
BIOLOGY,物质循环,非生物环境中的碳元素进入生物群落依赖
BIOLOGY,物质跨膜运输方式的判断,同一物质可有不同运输方式
BIOLOGY,物质跨膜运输方式的判断,物质进出细胞方式的判断要点
BIOLOGY,物质跨膜运输方式的判断,用三看法快速判定物质出入细胞的方式
BIOLOGY,物质跨膜运输方式的判断,用三要素判断跨膜运输方式
BIOLOGY,物质跨膜运输方式的判断,跨膜运输判断的三要素提取法
BIOLOGY,物质跨膜运输方式的比较,四种物质出入细胞方式的系统比较
BIOLOGY,物质跨膜运输方式的比较,四种物质跨膜运输方式的比较
BIOLOGY,物质跨膜运输方式的比较,被动运输与主动运输的比较
BIOLOGY,特异性免疫,三看法判断免疫类型
BIOLOGY,特异性免疫,三看法区分体液免疫和细胞免疫
BIOLOGY,特异性免疫,体液免疫与细胞免疫
BIOLOGY,特异性免疫,体液免疫与细胞免疫的三维区别
BIOLOGY,特异性免疫,体液免疫与细胞免疫的协调配合
BIOLOGY,特异性免疫,免疫示意图的三个突破点
BIOLOGY,特异性免疫,免疫系统识别己方与敌方的分子基础
BIOLOGY,特异性免疫,特异性免疫的两条路径框架
BIOLOGY,特异性免疫,裂解型与非裂解型病毒的清除
BIOLOGY,特异性免疫,辨别体液免疫与细胞免疫的三种依据
BIOLOGY,环境因素参与调节植物的生命活动,“生命活动离不开细胞”的证据判断
BIOLOGY,环境因素参与调节植物的生命活动,人体细胞不
BIOLOGY,环境因素参与调节植物的生命活动,信息传递在生态系统中的作用
BIOLOGY,环境因素参与调节植物的生命活动,光周期现象与光敏色素Pr及Pfr的相互转化
BIOLOGY,环境因素参与调节植物的生命活动,光对植物生长发育的调节
BIOLOGY,环境因素参与调节植物的生命活动,光影响植物生命活动的两条通路
BIOLOGY,环境因素参与调节植物的生命活动,光既是能量来源也是信号
BIOLOGY,环境因素参与调节植物的生命活动,单细胞生物依靠单个细胞完成生命活动
BIOLOGY,环境因素参与调节植物的生命活动,向日葵向光生长的抑制物解释
BIOLOGY,环境因素参与调节植物的生命活动,在自然界中
BIOLOGY,环境因素参与调节植物的生命活动,多细胞生物的生命活动依赖分化的细胞合作
BIOLOGY,环境因素参与调节植物的生命活动,形成方式
BIOLOGY,环境因素参与调节植物的生命活动,持续型分泌与调节型分泌
BIOLOGY,环境因素参与调节植物的生命活动,有些植物在生长期需要经历一段时期
BIOLOGY,环境因素参与调节植物的生命活动,植物抗逆物质与损伤指标
BIOLOGY,环境因素参与调节植物的生命活动,植物生长发育的调控
BIOLOGY,环境因素参与调节植物的生命活动,正确：植物通过平衡石细胞感受重力
BIOLOGY,环境因素参与调节植物的生命活动,气孔关闭的调节机制
BIOLOGY,环境因素参与调节植物的生命活动,淀粉分布在植物的储藏器官中
BIOLOGY,环境因素参与调节植物的生命活动,温度、重力与整体调控
BIOLOGY,环境因素参与调节植物的生命活动,温度参与调节植物生命活动的实例
BIOLOGY,环境因素参与调节植物的生命活动,温度对植物生命活动的调节与春化作用
BIOLOGY,环境因素参与调节植物的生命活动,环境因素调节植物生命活动的实例
BIOLOGY,环境因素参与调节植物的生命活动,生命活动的直接能源不只有ATP
BIOLOGY,环境因素参与调节植物的生命活动,细胞中绝大多数需要能量的生命活动都
BIOLOGY,环境因素参与调节植物的生命活动,细胞学说揭示了动物和植物的统一性
BIOLOGY,环境因素参与调节植物的生命活动,蛋白质种类繁多的原因
BIOLOGY,环境因素参与调节植物的生命活动,重力对植物生命活动的调节与淀粉-平衡石假说
BIOLOGY,环境条件突变时C3与C5的变化,光照与CO2突变时C3、C5及ATP的变化
BIOLOGY,环境条件突变时C3与C5的变化,光照突变时C₃与C₅的模型图分析
BIOLOGY,环境条件突变时C3与C5的变化,分析环境突变时各物质含量变化的方法
BIOLOGY,环境条件突变时C3与C5的变化,四种条件变化下各物质含量的比较
BIOLOGY,环境条件突变时C3与C5的变化,物质含量变化分析的适用前提
BIOLOGY,生命活动调节实验的设计要点,动植物生命活动调节实验的设计要点
BIOLOGY,生命活动调节实验的设计要点,激素实验需生理盐水对照与前后自身对照
BIOLOGY,生命系统的结构层次,分子或原子不是生命系统
BIOLOGY,生命系统的结构层次,水是良好溶剂的结构原因
BIOLOGY,生命系统的结构层次,生命活动离不开细胞与生命系统的层次
BIOLOGY,生命系统的结构层次,生命系统九个结构层次的递进关系
BIOLOGY,生命系统的结构层次,生命系统层次的特殊情形（单细胞生物与植物）
BIOLOGY,生命系统的结构层次,生命系统的结构层次与易错点
BIOLOGY,生命系统的结构层次,生命系统的结构层次要点
BIOLOGY,生命系统的结构层次,生命系统的结构层次顺序
BIOLOGY,生命系统的结构层次,生命系统结构层次的四个易错点
BIOLOGY,生命系统的结构层次,生命系统结构层次的完整序列
BIOLOGY,生命系统的结构层次,生命系统结构层次的特殊情形
BIOLOGY,生命系统的结构层次,病毒属于生物但不属于生命系统结构层次
BIOLOGY,生命系统的结构层次,种群、群落与生态系统三个层次的辨析
BIOLOGY,生命系统的结构层次,系统、生命系统与生态系统的关系
BIOLOGY,生态位,捕食者与猎物体型的正相关及生态位分离
BIOLOGY,生态位,时间生态位重叠指数的应用
BIOLOGY,生态位,物种分布坐标图的读法与生态位
BIOLOGY,生态位,生态位分化与生态位理论的应用
BIOLOGY,生态位,生态位宽度与人为干扰的关系
BIOLOGY,生态位,生态位的三个维度
BIOLOGY,生态位,生态位的概念、研究内容与意义
BIOLOGY,生态位,生态位的概念、研究范畴与意义
BIOLOGY,生态位,生态位的概念与研究内容
BIOLOGY,生态位,生态位的研究内容与常见误判
BIOLOGY,生态位,生态位的维度与生态位理论
BIOLOGY,生态位,生态位相似导致竞争排除
BIOLOGY,生态位,生态位重叠与生态位分化
BIOLOGY,生态位,生态位重叠与竞争排斥原理
BIOLOGY,生态位,群落的季节性及其原因
BIOLOGY,生态位,群落的空间结构 季节性与生态位
BIOLOGY,生态位,资源状态重叠图与生境采集位置的判断
BIOLOGY,生态位,食物重叠度与竞争强度的判断
BIOLOGY,生态工程,全球性生态环境问题主要包括全球气候变
BIOLOGY,生态工程,在进行生态工程建设时
BIOLOGY,生态工程,对生态工程基本原理的判断
BIOLOGY,生态工程,常见状况、常见状况、对环境的影响
BIOLOGY,生态工程,生态修复措施的取舍与效果评估
BIOLOGY,生态工程,生态修复措施的生态工程原理
BIOLOGY,生态工程,生态工程原理的辨析（自生与整体）
BIOLOGY,生态工程,生态工程基本原理的判断方法
BIOLOGY,生态工程,生态工程建设的目的就是遵循生态学规律
BIOLOGY,生态工程,生态工程是指人类应用生态学和系统学等
BIOLOGY,生态工程,生态工程的原理与实例
BIOLOGY,生态工程,生态工程的循环、协调与整体原理
BIOLOGY,生态工程,生态工程的概念、目的与优点
BIOLOGY,生态工程,生态工程的自生原理及其基础
BIOLOGY,生态工程,生态走廊与生态工程的自生原理
BIOLOGY,生态工程,生态足迹又叫生态占用
BIOLOGY,生态工程,生态足迹是从人类的角度出发
BIOLOGY,生态工程,生活方式不同
BIOLOGY,生态工程,用统一模型假说推断生态失衡的原因与措施
BIOLOGY,生态工程,秸秆覆盖还田的作用与所体现的原理
BIOLOGY,生态工程,草方格技术体现的生态工程原理与演替类型
BIOLOGY,生态工程,都市果林湿地体现的整体原理
BIOLOGY,生态系统的稳定性,一般来说
BIOLOGY,生态系统的稳定性,关于反馈
BIOLOGY,生态系统的稳定性,在一般情况下
BIOLOGY,生态系统的稳定性,封上生态缸盖
BIOLOGY,生态系统的稳定性,小地老虎的调查与生物防治方法
BIOLOGY,生态系统的稳定性,抵抗力稳定性与恢复力稳定性
BIOLOGY,生态系统的稳定性,抵抗力稳定性与恢复力稳定性的判断
BIOLOGY,生态系统的稳定性,抵抗力稳定性与恢复力稳定性的比较
BIOLOGY,生态系统的稳定性,提高生态系统的稳定性
BIOLOGY,生态系统的稳定性,提高生态系统稳定性的措施
BIOLOGY,生态系统的稳定性,某一生态系统在彻底破坏之前
BIOLOGY,生态系统的稳定性,生态平衡与生态系统的稳定性
BIOLOGY,生态系统的稳定性,生态平衡的概念与三个平衡特点
BIOLOGY,生态系统的稳定性,生态系统具有稳定性的原因与限度
BIOLOGY,生态系统的稳定性,生态系统的结构和功能处于相对稳定
BIOLOGY,生态系统的稳定性,生态系统稳定性的概念内涵
BIOLOGY,生态系统的稳定性,由净系统生产量与食物网指数判断生态系统变化
BIOLOGY,生态系统的稳定性,由生境结构与交错区判断生态系统稳定性
BIOLOGY,生态系统的稳定性,稳定性 多样性与生态工程的易混易错
BIOLOGY,生态系统的稳定性,自我调节能力的限度与垂直分层的决定因素
BIOLOGY,生态系统的稳定性,项目、正反馈调节、负反馈调节
BIOLOGY,生态系统的稳定性,高寒草甸生态系统的适应性特征
BIOLOGY,生态系统的结构,在一定空间内
BIOLOGY,生态系统的结构,探究土壤微生物分解作用的两种实验方案
BIOLOGY,生态系统的结构,易错：细菌和动物不一定是分解者（消费者）
BIOLOGY,生态系统的结构,某陆地生态系统的食物网
BIOLOGY,生态系统的结构,植物≠生产者
BIOLOGY,生态系统的结构,生产者可以说是生态系统的基石
BIOLOGY,生态系统的结构,生态系统三种生物成分的地位、作用与组成
BIOLOGY,生态系统的结构,生态系统三类生物成分的必要性
BIOLOGY,生态系统的结构,生态系统中信息的种类
BIOLOGY,生态系统的结构,生态系统信息的种类补充辨析
BIOLOGY,生态系统的结构,生态系统各成分的判断方法
BIOLOGY,生态系统的结构,生态系统各成分的确定方法
BIOLOGY,生态系统的结构,生态系统四种成分的确定方法
BIOLOGY,生态系统的结构,生态系统层次包含非生物成分
BIOLOGY,生态系统的结构,生态系统成分与能量流动的易混易错
BIOLOGY,生态系统的结构,生态系统的成分归属易混易错
BIOLOGY,生态系统的结构,生态系统的概念、类型与范围
BIOLOGY,生态系统的结构,生态系统的概念与四种组成成分
BIOLOGY,生态系统的结构,生态系统的概念：群落与无机环境的统一整体
BIOLOGY,生态系统的结构,生态系统的物质循环：碳循环与氮循环及分解者的作用
BIOLOGY,生态系统的结构,生态系统的组成成分一：生产者（自养型生物）
BIOLOGY,生态系统的结构,生态系统的组成成分三：分解者（腐生细菌真菌）
BIOLOGY,生态系统的结构,生态系统的组成成分与营养结构
BIOLOGY,生态系统的结构,生态系统的组成成分二：消费者（异养动物）
BIOLOGY,生态系统的结构,生态系统的结构包括生态系统
BIOLOGY,生态系统的结构,生态系统组成成分中的三个不等于
BIOLOGY,生态系统的结构,种群与生态系统的层次辨析
BIOLOGY,生态系统的结构,群落与生态系统的区别
BIOLOGY,生态系统的结构,营养级的判断与生态系统的成分
BIOLOGY,生态系统的结构,食物链上一般不超过五个营养级
BIOLOGY,生物分子中的酯与芳香族化合物,酯与芳香族化合物
BIOLOGY,生物变异的类型,变异水平的辨析与缺失、易位的辨析
BIOLOGY,生物变异的类型,可遗传变异的类型与基因重组的意义、应用
BIOLOGY,生物变异的类型,基因突变、基因重组与染色体变异的比较
BIOLOGY,生物变异的类型,生物变异的类型概述
BIOLOGY,生物变异的类型,辨析基因突变与染色体结构变异
BIOLOGY,生物多样性,保护生物多样性只是反对盲目地
BIOLOGY,生物多样性,保护生物多样性的措施
BIOLOGY,生物多样性,入侵种的氮分配策略与化学防治的弊端
BIOLOGY,生物多样性,干扰强度与物种多样性及生物多样性的价值
BIOLOGY,生物多样性,引进物种和入侵物种不完全一致
BIOLOGY,生物多样性,易地保护是指把保护对象从原地迁出
BIOLOGY,生物多样性,生态足迹 全球生态环境问题与生物多样性保护
BIOLOGY,生物多样性,生态足迹与生态盈余
BIOLOGY,生物多样性,生物多样性丧失的原因
BIOLOGY,生物多样性,生物多样性之遗传（基因）多样性
BIOLOGY,生物多样性,生物多样性包括遗传多样性
BIOLOGY,生物多样性,生物多样性应包含三个层次内容
BIOLOGY,生物多样性,生物多样性的层次价值与保护
BIOLOGY,生物多样性,生物多样性的概念与三个层次
BIOLOGY,生物多样性,生物多样性的直接价值、间接价值与潜在价值
BIOLOGY,生物多样性,直接价值与间接价值的区分
BIOLOGY,生物大分子以碳链为骨架,单体与多聚体的对应关系
BIOLOGY,生物大分子以碳链为骨架,大分子、颗粒性物质的跨膜运输方式
BIOLOGY,生物大分子以碳链为骨架,常见物质运输方式的归类速查
BIOLOGY,生物大分子以碳链为骨架,生物大分子
BIOLOGY,生物大分子以碳链为骨架,生物大分子与基本骨架
BIOLOGY,生物大分子以碳链为骨架,生物大分子以碳链
BIOLOGY,生物大分子以碳链为骨架,生物大分子以碳链为基本骨架
BIOLOGY,生物大分子以碳链为骨架,生物大分子的单体、多聚体与碳链骨架
BIOLOGY,生物大分子以碳链为骨架,脂肪不属于生物大分子
BIOLOGY,生物大分子以碳链为骨架,脂肪不是生物大分子
BIOLOGY,生物学实验技术与方法,15个必会的实验技术与方法
BIOLOGY,生物学实验技术与方法,DNA的粗提取与鉴定
BIOLOGY,生物学实验技术与方法,DNA的粗提取与鉴定的原理
BIOLOGY,生物学实验技术与方法,刚果红染色法判断纤维素酶活性
BIOLOGY,生物学实验技术与方法,双荧光素酶报告基因实验的结果分析
BIOLOGY,生物学实验技术与方法,基因诊断的常用方法
BIOLOGY,生物学实验技术与方法,实验设计之平行重复原则
BIOLOGY,生物学实验技术与方法,染色体片段缺失定位基因
BIOLOGY,生物学实验技术与方法,用PCR与限制酶切鉴定基因型
BIOLOGY,生物学实验技术与方法,用SNP分子标记定位基因
BIOLOGY,生物学实验技术与方法,用SSR分子标记把基因定位到染色体
BIOLOGY,生物学实验技术与方法,用核酸杂交（分子探针）诊断基因
BIOLOGY,生物学实验技术与方法,用超量表达与沉默材料倒推基因间上下游关系
BIOLOGY,生物学实验技术与方法,电泳的原理与电泳结果的初步分析
BIOLOGY,生物学实验技术与方法,相关系数 r 在生物数据题中的解读
BIOLOGY,生物学实验技术与方法,种群密度与丰富度调查的方法选择
BIOLOGY,生物学实验技术与方法,观察类实验的原理与镜检要求
BIOLOGY,生物学实验技术与方法,调查类实验的方法选择与实施流程
BIOLOGY,生物有共同祖先的证据,化石是生物进化的最直接证据
BIOLOGY,生物有共同祖先的证据,化石是研究生物进化最直接、最重要的证据
BIOLOGY,生物有共同祖先的证据,化石是研究生物进化最直接的证据
BIOLOGY,生物有共同祖先的证据,生物共同祖先的其他证据
BIOLOGY,生物有共同祖先的证据,生物有共同祖先的四类证据
BIOLOGY,生物有共同祖先的证据,生物有共同祖先的多层次证据
BIOLOGY,生物有共同祖先的证据,生物进化易错判定汇总
BIOLOGY,生物有共同祖先的证据,系统进化树的读法与推断
BIOLOGY,生物有共同祖先的证据,说明共同祖先的更多证据
BIOLOGY,生物有共同祖先的证据,达尔文的生物进化论
BIOLOGY,生物模型的类型,建构模型
BIOLOGY,生物模型的类型,模型与类型
BIOLOGY,生物模型的类型,模型制作中的两个易错判断
BIOLOGY,生物模型的类型,模型的形式很多
BIOLOGY,生物模型的类型,模型的概念与三种常见类型
BIOLOGY,生物模型的类型,生物模型的三种类型
BIOLOGY,生物模型的类型,生物模型的三种类型与判断依据
BIOLOGY,生物膜系统,SNARE蛋白介导的囊泡融合与毒素阻断分析
BIOLOGY,生物膜系统,关于生物膜系统范围的三个易错点
BIOLOGY,生物膜系统,分泌蛋白的合成运输与膜融合的特异性
BIOLOGY,生物膜系统,各生物膜之间在成分、结构与功能上的联系
BIOLOGY,生物膜系统,生物膜的成分交流与囊泡运输
BIOLOGY,生物膜系统,生物膜系统的概念与特点
BIOLOGY,生物膜系统,生物膜系统的组成、特点与功能
BIOLOGY,生物膜系统,生物膜系统的组成与作用
BIOLOGY,生物膜系统,生物膜系统的组成与胞吐的依赖条件
BIOLOGY,生长素,果实弯曲的原因与矫正方法
BIOLOGY,生长素,植物生长素的发现历程
BIOLOGY,生长素,植物的向光性及其两个原因解释
BIOLOGY,生长素,生长素发现历程中的科学家与实验
BIOLOGY,生长素,生长素发现实验的选材与方法
BIOLOGY,生长素,生长素发现过程的四组经典实验与推论
BIOLOGY,生长素,生长素的作用特点与作用后被灭活
BIOLOGY,生长素,生长素的分离历史与同类物质
BIOLOGY,生长素,生长素的发现、极性运输与两重性
BIOLOGY,生长素,生长素的发现过程与经典实验
BIOLOGY,生长素,胚芽鞘实验的四个重要结论
BIOLOGY,生长素,顶端优势的实验探究（三组设计）
BIOLOGY,生长素,验证生长素产生部位在尖端的实验设计
BIOLOGY,生长素的两重性,器官敏感程度差异与顶端优势
BIOLOGY,生长素的两重性,生长素作用的两重性
BIOLOGY,生长素的两重性,生长素作用的两重性及其影响因素
BIOLOGY,生长素的两重性,生长素作用的浓度曲线与器官敏感性
BIOLOGY,生长素的两重性,生长素浓度变化与叶柄弯曲恢复
BIOLOGY,生长素的两重性,生长素的合成 运输与分布及两重性
BIOLOGY,生长素的两重性,顶端优势及其成因分析
BIOLOGY,生长素的两重性,顶端优势的概念、成因、解除与应用
BIOLOGY,生长素的极性运输,探究重力与单侧光对生长素分布影响程度的实验设计
BIOLOGY,生长素的极性运输,探究重力和单侧光对生长素分布的影响程度
BIOLOGY,生长素的极性运输,极性运输的载体、能量与调控
BIOLOGY,生长素的极性运输,极性运输的载体蛋白与运输方式
BIOLOGY,生长素的极性运输,正确：不同器官对生长素的敏感度不同
BIOLOGY,生长素的极性运输,生长素感光部位、横向运输部位与极性运输的探究实验
BIOLOGY,生长素的极性运输,生长素极性运输的化学渗透假说
BIOLOGY,生长素的极性运输,生长素的合成、运输与分布
BIOLOGY,生长素的极性运输,生长素的合成部位、运输方式与分布
BIOLOGY,生长素的极性运输,生长素的运输方式与分布
BIOLOGY,生长素的极性运输,验证生长素极性运输的实验设计
BIOLOGY,生长素的极性运输,验证生长素横向运输发生在尖端的实验
BIOLOGY,用高倍显微镜观察叶绿体和细胞质的流动,叶绿体分布与光照强度的关系
BIOLOGY,用高倍显微镜观察叶绿体和细胞质的流动,叶绿体的具体分布部位
BIOLOGY,用高倍显微镜观察叶绿体和细胞质的流动,叶绿体起源的内共生证据
BIOLOGY,用高倍显微镜观察叶绿体和细胞质的流动,实验流程（一）
BIOLOGY,用高倍显微镜观察叶绿体和细胞质的流动,实验流程（三）
BIOLOGY,用高倍显微镜观察叶绿体和细胞质的流动,实验流程（二）
BIOLOGY,用高倍显微镜观察叶绿体和细胞质的流动,实验流程（四）
BIOLOGY,用高倍显微镜观察叶绿体和细胞质的流动,用高倍显微镜观察·原因
BIOLOGY,用高倍显微镜观察叶绿体和细胞质的流动,用高倍显微镜观察·选材
BIOLOGY,用高倍显微镜观察叶绿体和细胞质的流动,用高倍镜观察叶绿体的实验要点
BIOLOGY,用高倍显微镜观察叶绿体和细胞质的流动,自由水比例与细胞质流动速率
BIOLOGY,用高倍显微镜观察叶绿体和细胞质的流动,观察叶绿体与细胞质流动的实验
BIOLOGY,用高倍显微镜观察叶绿体和细胞质的流动,观察叶绿体与观察细胞质流动的实验流程
BIOLOGY,用高倍显微镜观察叶绿体和细胞质的流动,观察叶绿体和细胞质流动的实验
BIOLOGY,用高倍显微镜观察叶绿体和细胞质的流动,观察叶绿体和细胞质流动的实验原理
BIOLOGY,用高倍显微镜观察叶绿体和细胞质的流动,观察叶绿体和细胞质流动的实验要点
BIOLOGY,用高倍显微镜观察叶绿体和细胞质的流动,观察细胞质流动实验的变量分析
BIOLOGY,用高倍显微镜观察叶绿体和细胞质的流动,观察细胞质流动的三最佳与注意事项
BIOLOGY,用高倍显微镜观察叶绿体和细胞质的流动,观察细胞质流动的四点注意
BIOLOGY,用高倍显微镜观察叶绿体和细胞质的流动,观察细胞质流动的实验要点
BIOLOGY,甲状腺激素,促甲状腺激素受体与刺激性抗体
BIOLOGY,甲状腺激素,易错：甲状腺激素不提供能量
BIOLOGY,甲状腺激素,激素含量变化题的分析（注射与切除）
BIOLOGY,甲状腺激素,甲状腺激素分泌的调节
BIOLOGY,甲状腺激素,甲状腺激素的分级调节与负反馈
BIOLOGY,甲状腺激素,甲状腺激素的本质与分级调节
BIOLOGY,电子传递过程的三步定位法,三步定位法辨析电子传递过程
BIOLOGY,电子传递过程的三步定位法,呼吸链的电子供体与质子漏
BIOLOGY,电子传递过程的三步定位法,电子传递与ATP合成的偶联机制
BIOLOGY,电子传递过程的三步定位法,糖酵解与三羧酸循环的场所与产物
BIOLOGY,疫苗,mRNA疫苗的优点
BIOLOGY,疫苗,三代疫苗技术的对比
BIOLOGY,疫苗,初次接种与加强接种的抗体量比较
BIOLOGY,疫苗,灭活疫苗与mRNA疫苗的比较
BIOLOGY,疫苗,用二次接种后抗体浓度判断疫苗是否激发记忆细胞
BIOLOGY,疫苗,疫苗抗原成分的选择原则
BIOLOGY,疫苗,疫苗接种的原理与适用范围
BIOLOGY,疫苗,疫苗的定义、作用与两大特点
BIOLOGY,疫苗,疫苗的概念、机理与类型
BIOLOGY,疫苗,疫苗的类型与引发的免疫类型
BIOLOGY,疫苗,病毒样颗粒疫苗与灭活疫苗的原理比较
BIOLOGY,疫苗,第一代疫苗：减毒活疫苗与灭活疫苗
BIOLOGY,病毒,T2噬菌体侵染细菌的详细过程
BIOLOGY,病毒,一种病毒只含一种核酸（DNA或RNA）
BIOLOGY,病毒,流感病毒变异性大的原因
BIOLOGY,病毒,病毒在细胞中的增殖（逆转录病毒与正链RNA病毒）
BIOLOGY,病毒,病毒基因组表达与复制的宿主依赖性
BIOLOGY,病毒,病毒增殖的模板与原料来源
BIOLOGY,病毒,病毒增殖的蛋白质由宿主核糖体合成
BIOLOGY,病毒,病毒性传染病的预防措施
BIOLOGY,病毒,病毒无酶系统、不能独立新陈代谢
BIOLOGY,病毒,病毒的免疫与检测鉴定
BIOLOGY,病毒,病毒的分类与结构
BIOLOGY,病毒,病毒的增殖特点与侵入宿主细胞的两种方式
BIOLOGY,病毒,病毒的增殖过程
BIOLOGY,病毒,病毒的应用
BIOLOGY,病毒,病毒的组成、分类与生活方式
BIOLOGY,病毒,病毒的组成与生活方式
BIOLOGY,病毒,病毒的结构、分类与增殖方式
BIOLOGY,病毒,病毒的结构特点、类型与生活方式
BIOLOGY,病毒,病毒的结构特点与免疫学应用
BIOLOGY,病毒,病毒繁殖过程与可遗传变异来源
BIOLOGY,病毒,负链RNA病毒与DNA病毒的增殖途径
BIOLOGY,病毒,预防病毒传播的常见措施及其原理
BIOLOGY,目的基因的检测与鉴定,检测目的基因（基因有无）的常用方法
BIOLOGY,目的基因的检测与鉴定,目的基因的检测与鉴定方法
BIOLOGY,真核细胞,几种特殊细胞中细胞器的分布差异
BIOLOGY,真核细胞,变形虫、草履虫与酵母菌的结构与生活方式
BIOLOGY,真核细胞,真核细胞中发生碱基互补配对的场所
BIOLOGY,真核细胞,真核细胞中无细胞核的特例
BIOLOGY,真核细胞,真核细胞中有维持细胞的形态
BIOLOGY,真核细胞,真核细胞中葡萄糖的彻底分解离不开线粒
BIOLOGY,真核细胞,眼虫的营养方式与结构要点
BIOLOGY,真核细胞,衣藻的繁殖方式与单细胞绿藻属性
BIOLOGY,研究土壤中小动物类群的丰富度,土壤中小动物类群丰富度的实验操作
BIOLOGY,研究土壤中小动物类群的丰富度,土壤中小动物类群丰富度的调查方法
BIOLOGY,研究土壤中小动物类群的丰富度,调查土壤中小动物类群的丰富度
BIOLOGY,神经系统的分级调节,中间神经元与分级调节的判断
BIOLOGY,神经系统的分级调节,分级调节：下丘脑—垂体—靶腺体的分层控制
BIOLOGY,神经系统的分级调节,外周神经系统按功能的分类
BIOLOGY,神经系统的分级调节,排尿不仅受到脊髓的控制
BIOLOGY,神经系统的分级调节,甲状腺激素分泌的分级调节与反馈调节
BIOLOGY,神经系统的分级调节,皮层代表区范围的大小与躯体的大小无关
BIOLOGY,神经系统的分级调节,神经系统对躯体运动和内脏活动的分级调节
BIOLOGY,神经系统的分级调节,躯体各部分的运动机能在皮层
BIOLOGY,神经系统的结构,交感神经与副交感神经的作用
BIOLOGY,神经系统的结构,易错：自主神经系统只是传出神经
BIOLOGY,神经系统的结构,神经系统的基本结构
BIOLOGY,神经系统的结构,神经系统的组成
BIOLOGY,神经系统的结构,自主神经系统（交感神经与副交感神经）
BIOLOGY,神经调节的基本方式,反射分为条件反射和非条件反射
BIOLOGY,神经调节的基本方式,在中枢神经系统的参与下
BIOLOGY,神经调节的基本方式,条件反射的消退是中枢把原先引起兴奋性
BIOLOGY,神经调节的基本方式,误认为“所有生物都有反射”
BIOLOGY,神经调节的结构基础,中枢神经系统包括脑和脊髓
BIOLOGY,神经调节的结构基础,交感神经兴奋对内脏器官的影响
BIOLOGY,神经调节的结构基础,交感神经和副交感神经的作用通常
BIOLOGY,神经调节的结构基础,传出神经可分为支配躯体运动
BIOLOGY,神经调节的结构基础,感觉产生的路径与外周神经系统
BIOLOGY,神经调节的结构基础,神经—肌肉接头的传递特点
BIOLOGY,神经调节的结构基础,神经元与神经胶质细胞
BIOLOGY,神经调节的结构基础,神经元是神经系统结构与功能的基本单位
BIOLOGY,神经调节的结构基础,自主神经系统的组成和功能示例
BIOLOGY,神经调节的结构基础,负反馈调节是生态系统自我调节的基础
BIOLOGY,神经递质,信息分子的种类与共性
BIOLOGY,神经递质,兴奋传递异常的三个常见实例
BIOLOGY,神经递质,兴奋性与抑制性递质的后膜电位
BIOLOGY,神经递质,反射与兴奋传导的易混易错
BIOLOGY,神经递质,同一种递质的作用效果可以相反
BIOLOGY,神经递质,多层神经通路的抑制关系分析
BIOLOGY,神经递质,抑制性神经递质GABA的作用机理
BIOLOGY,神经递质,易错：神经递质可使下一神经元兴奋或抑制
BIOLOGY,神经递质,激素、酶、抗体与神经递质的比较
BIOLOGY,神经递质,痛觉形成与镇痛药物机制
BIOLOGY,神经递质,神经末梢释放的递质可调节免疫细胞
BIOLOGY,神经递质,神经递质作用的多样性
BIOLOGY,神经递质,神经递质的来源 释放 作用与去向
BIOLOGY,神经递质,神经递质的种类、释放与作用
BIOLOGY,神经递质,突触传递异常的分析思路
BIOLOGY,神经递质,突触异常类问题的判断顺序
BIOLOGY,神经递质,细胞间信息交流：化学物质传递
BIOLOGY,神经递质,胞吐不只运输大分子物质
BIOLOGY,神经递质,递质清除机制：被酶降解或被突触前膜回收
BIOLOGY,神经递质,递质类型与细胞外囊泡的调控
BIOLOGY,种子萌发过程中有机物的变化,种子成熟与萌发的时间与干重变化趋势
BIOLOGY,种子萌发过程中细胞呼吸的变化分析,体内转化实验中细菌数量变化曲线分析
BIOLOGY,种子萌发过程中细胞呼吸的变化分析,变量分析
BIOLOGY,种子萌发过程中细胞呼吸的变化分析,实验过程中的变化因素
BIOLOGY,种子萌发过程中细胞呼吸的变化分析,实验过程中的变化因素称为变量
BIOLOGY,种子萌发过程中细胞呼吸的变化分析,干燥种子不萌发的原因
BIOLOGY,种子萌发过程中细胞呼吸的变化分析,条件骤变时C3、C5等物质含量的变化分析
BIOLOGY,种子萌发过程中细胞呼吸的变化分析,油料作物种子萌发初期干重增加的原因
BIOLOGY,种子萌发过程中细胞呼吸的变化分析,油料作物种子萌发时干重的变化
BIOLOGY,种子萌发过程中细胞呼吸的变化分析,油料种子萌发初期干重增加的原因
BIOLOGY,种子萌发过程中细胞呼吸的变化分析,浸种时间与种子呼吸方式的变化
BIOLOGY,种子萌发过程中细胞呼吸的变化分析,渗透装置中液面变化的分析
BIOLOGY,种子萌发过程中细胞呼吸的变化分析,环境改变时C3与C5含量的变化规律
BIOLOGY,种子萌发过程中细胞呼吸的变化分析,相对多度与演替过程中的优势种更替
BIOLOGY,种子萌发过程中细胞呼吸的变化分析,种子形成与萌发中糖脂的变化方向
BIOLOGY,种子萌发过程中细胞呼吸的变化分析,种子萌发两阶段的代谢特点
BIOLOGY,种子萌发过程中细胞呼吸的变化分析,种子萌发时吸水和呼吸方式的变化曲线
BIOLOGY,种子萌发过程中细胞呼吸的变化分析,种子萌发过程中呼吸方式的变化
BIOLOGY,种子萌发过程中细胞呼吸的变化分析,衰老细胞内物质与代谢的变化
BIOLOGY,种子萌发过程中细胞呼吸的变化分析,酶在反应过程中结构改变
BIOLOGY,种群密度,其他种群密度调查方法
BIOLOGY,种群密度,种群密度与种群数量的区别及相对密度
BIOLOGY,种群密度,种群密度及其调查方法
BIOLOGY,种群密度,种群密度的其他调查方法
BIOLOGY,种群密度,种群密度的概念、特点与调查方法的选择
BIOLOGY,种群密度,种群密度的调查方法
BIOLOGY,种群密度,网眼大小对种群密度调查结果的影响
BIOLOGY,种群密度,非损伤调查方法的类型与原理
BIOLOGY,种群数量的变化,J型增长的条件与特点
BIOLOGY,种群数量的变化,J形与S形增长曲线的判断
BIOLOGY,种群数量的变化,J形与S形增长的条件与捕捞策略
BIOLOGY,种群数量的变化,J形增长与S形增长的比较
BIOLOGY,种群数量的变化,J形增长的数学模型Nt=N0·λ^t
BIOLOGY,种群数量的变化,J形增长的理想条件与实例
BIOLOGY,种群数量的变化,S 形曲线最大增长速率发生在 K/2 处
BIOLOGY,种群数量的变化,S型增长的条件与特点
BIOLOGY,种群数量的变化,S形增长时增长率与增长速率的变化
BIOLOGY,种群数量的变化,λ与种群数量关系图的判读
BIOLOGY,种群数量的变化,λ值与种群数量的变化
BIOLOGY,种群数量的变化,λ值的含义与种群数量变化的判读
BIOLOGY,种群数量的变化,二看法区分种群数量增长曲线
BIOLOGY,种群数量的变化,增长率与增长速率的辨析及J形增长时两者的曲线
BIOLOGY,种群数量的变化,建构种群增长模型的方法与步骤
BIOLOGY,种群数量的变化,建立数学模型研究种群数量变化
BIOLOGY,种群数量的变化,建立自然保护区
BIOLOGY,种群数量的变化,引入起始数量M的S形增长改进模型
BIOLOGY,种群数量的变化,影响种群数量变化的因素与K值
BIOLOGY,种群数量的变化,条件骤变时C3和C5含量的变化
BIOLOGY,种群数量的变化,构建种群数学模型的方法步骤
BIOLOGY,种群数量的变化,环境容纳量的变化与种群增长
BIOLOGY,种群数量的变化,环境容纳量的影响因素与栖息地保护
BIOLOGY,种群数量的变化,由出生率、死亡率与增长速率曲线计算捕捞量
BIOLOGY,种群数量的变化,由捕获个体数之和推断种群数量变化
BIOLOGY,种群数量的变化,种群增长率与增长速率的区别
BIOLOGY,种群数量的变化,种群增长的J形曲线
BIOLOGY,种群数量的变化,种群增长的J形曲线与S形曲线
BIOLOGY,种群数量的变化,种群增长的S形曲线与K值
BIOLOGY,种群数量的变化,种群增长的“J”形曲线形成
BIOLOGY,种群数量的变化,种群数量增长的两种模型
BIOLOGY,种群数量的变化,种群数量的“J”形与“S”形增长
BIOLOGY,种群数量的变化,种群数量过少会衰退消亡
BIOLOGY,种群数量的变化,项目、种群数量变化、年龄结构
BIOLOGY,种群的数量变化,K值与K/2值在生产中的应用
BIOLOGY,种群的数量变化,K值大小的决定因素
BIOLOGY,种群的数量变化,r对策与K对策两种生存策略
BIOLOGY,种群的数量变化,λ值与种群数量变化的判断
BIOLOGY,种群的数量变化,动作电位幅度与 Na+ 通道开放的数量有关
BIOLOGY,种群的数量变化,在自然界
BIOLOGY,种群的数量变化,密度制约因素相当于生物因素
BIOLOGY,种群的数量变化,影响种群数量变化的因素
BIOLOGY,种群的数量变化,生物因素对种群数量变化的影响
BIOLOGY,种群的数量变化,种内竞争
BIOLOGY,种群的数量变化,种群数量的波动
BIOLOGY,种群的数量变化,种群数量的波动与K/2的应用
BIOLOGY,种群的数量变化,随着种群的增长
BIOLOGY,种群的数量变化,项目、野生生物资源的合理利用和保护、有害
BIOLOGY,种群的数量特征,估算种群密度常用的方法之一是样方法
BIOLOGY,种群的数量特征,出生率、死亡率与迁入迁出率
BIOLOGY,种群的数量特征,单子叶草本植物常常是丛生或蔓生
BIOLOGY,种群的数量特征,年龄组成并不决定种群密度的变化
BIOLOGY,种群的数量特征,年龄组成的三种类型与预测
BIOLOGY,种群的数量特征,年龄结构三种类型的特点与种群数量变化
BIOLOGY,种群的数量特征,年龄结构三种类型：增长型、稳定型、衰退型
BIOLOGY,种群的数量特征,年龄结构与性别比例对种群数量的影响
BIOLOGY,种群的数量特征,年龄结构的类型与意义
BIOLOGY,种群的数量特征,性别比例及其应用
BIOLOGY,种群的数量特征,性别比例的概念、意义与应用
BIOLOGY,种群的数量特征,样方法误差归纳
BIOLOGY,种群的数量特征,种内竞争与种间竞争的判断
BIOLOGY,种群的数量特征,种群在单位面积或单位体积中
BIOLOGY,种群的数量特征,种群密度是种群最基本的数量特征
BIOLOGY,种群的数量特征,种群数量不等于种群密度
BIOLOGY,种群的数量特征,种群数量特征之间的决定与预测关系
BIOLOGY,种群的数量特征,种群数量特征的关系与密度调查方法
BIOLOGY,种群的数量特征,种群的其他数量特征
BIOLOGY,种群的数量特征,种群的数量特征及其关系
BIOLOGY,种群的数量特征,种群的数量特征（七个）
BIOLOGY,种群的数量特征,种群的概念与数量特征
BIOLOGY,种群的数量特征,许多动物的活动能力强
BIOLOGY,种群的特征,种群的概念与要点
BIOLOGY,种群的特征,种群的概念：一定区域同种生物全部个体
BIOLOGY,种群的特征,种群的空间特征（三种分布型）
BIOLOGY,种群的特征,细胞焦亡的特征
BIOLOGY,种群研究的应用,最大持续产量与捕捞后剩余量的确定
BIOLOGY,种群研究的应用,渔业捕捞与有害生物防治的措施
BIOLOGY,种群研究的应用,种群数量特征在濒危动物保护中的应用
BIOLOGY,程序法分析遗传系谱图-规律方法,四步法判断遗传方式（前两步）
BIOLOGY,程序法分析遗传系谱图-规律方法,程序法分析遗传系谱图
BIOLOGY,程序法分析遗传系谱图-规律方法,程序法分析遗传系谱图的一般程序
BIOLOGY,程序法分析遗传系谱图-规律方法,系谱图判断口诀与程序化流程
BIOLOGY,程序法分析遗传系谱图-规律方法,系谱图解题眼：先找特殊个体
BIOLOGY,程序法分析遗传系谱图-规律方法,遗传系谱图分析的四步法
BIOLOGY,程序法分析遗传系谱图-规律方法,遗传系谱图分析的程序与口诀
BIOLOGY,程序法分析遗传系谱图-规律方法,遗传系谱图的程序化分析流程
BIOLOGY,程序法分析遗传系谱图-规律方法,遗传系谱图的程序法分析
BIOLOGY,稳态,内环境稳态的概念与调节机制
BIOLOGY,稳态,稳态的动态平衡与缓冲物质
BIOLOGY,突触,兴奋传递异常的治疗思路
BIOLOGY,突触,兴奋在突触处单向传递的原因
BIOLOGY,突触,兴奋性与抑制性递质的作用差异
BIOLOGY,突触,其他神经毒素素材与特殊递质NO
BIOLOGY,突触,易错：突触后膜的信号转换为化学信号到电信号
BIOLOGY,突触,用电刺激法判断突触传递方向
BIOLOGY,突触,由实验数据判断药物作用部位
BIOLOGY,突触,突触与突触小体的区别
BIOLOGY,突触,突触传递的关键环节
BIOLOGY,突触,突触前抑制与突触后抑制辨析
BIOLOGY,突触,突触处的兴奋传递过程与传递特点
BIOLOGY,突触,突触小体与突触的区别
BIOLOGY,突触,突触间隙递质含量的维持与异常
BIOLOGY,突触,轴突末梢来源与抑制性递质
BIOLOGY,端粒与端粒酶,端粒酶的作用机制与癌细胞中的端粒酶活性
BIOLOGY,精子与卵细胞形成过程的比较,DNA复制、转录、翻译的比较
BIOLOGY,精子与卵细胞形成过程的比较,二倍体、多倍体与单倍体的比较
BIOLOGY,精子与卵细胞形成过程的比较,初生演替与次生演替的比较
BIOLOGY,精子与卵细胞形成过程的比较,卵细胞形成过程中极体的产生与消亡
BIOLOGY,精子与卵细胞形成过程的比较,反射的概念与非条件反射、条件反射的比较
BIOLOGY,精子与卵细胞形成过程的比较,平板划线法与稀释涂布平板法的比较
BIOLOGY,精子与卵细胞形成过程的比较,抑制逆转录过程的药物设计思路
BIOLOGY,精子与卵细胞形成过程的比较,斐林试剂与双缩脲试剂的比较
BIOLOGY,精子与卵细胞形成过程的比较,易错：淋巴细胞形成不需要抗原刺激
BIOLOGY,精子与卵细胞形成过程的比较,物质的量浓度与渗透压大小的比较
BIOLOGY,精子与卵细胞形成过程的比较,精子与卵细胞形成过程的不同点
BIOLOGY,精子与卵细胞形成过程的比较,精子形成的过程与各期特征
BIOLOGY,精子与卵细胞形成过程的比较,聚集在胚胎一端的细胞形成内细胞团
BIOLOGY,精子与卵细胞形成过程的比较,酶和激素的比较
BIOLOGY,精子与卵细胞形成过程的比较,阳生植物与阴生植物的比较
BIOLOGY,精子的形成过程,产生精原细胞（或卵原细胞）
BIOLOGY,精子的形成过程,动物的精巢、卵巢以及植物的花药
BIOLOGY,精子的形成过程,生殖器官中精原细胞或卵原细胞
BIOLOGY,精子的形成过程,磷脂分子的排布与双分子层形成
BIOLOGY,精子的形成过程,精子的形成与减数分裂口诀
BIOLOGY,精子的形成过程,精子的形成过程与减数分裂Ⅰ、Ⅱ的比较
BIOLOGY,精子的形成过程,精细胞的变形
BIOLOGY,糖与脂质的转化,糖类与脂质的相互转化及比较
BIOLOGY,糖类,多糖的水解与氧化分解的终产物区别
BIOLOGY,糖类,多糖的组成与代谢特点
BIOLOGY,糖类,常见糖类在动植物细胞中的分布
BIOLOGY,糖类,糖类和脂质的情境化知识要点
BIOLOGY,糖类,糖类按功能的分类
BIOLOGY,糖类,糖类的分类与功能
BIOLOGY,糖类,糖类的分类与水解产物
BIOLOGY,糖类,糖类的分类记忆与概念辨析
BIOLOGY,糖类,糖类的四类功能
BIOLOGY,糖类,糖类的结构与还原性
BIOLOGY,糖类,肝糖原与肌糖原在补充血糖中的作用差异
BIOLOGY,糖类,膳食纤维的作用与第七类营养素
BIOLOGY,糖类和脂肪的转化,糖原饱和后葡萄糖转向脂肪酸合成
BIOLOGY,糖类和脂肪的转化,糖类与脂肪在耗氧、产水、放能与代谢终产物上的比较
BIOLOGY,糖类和脂肪的转化,糖类与脂肪的转化差异
BIOLOGY,糖类和脂肪的转化,糖类与脂肪的转化程度差异
BIOLOGY,糖类和脂肪的转化,糖类与脂肪相互转化的条件、程度与供能顺序
BIOLOGY,糖类和脂肪的转化,糖类可大量转化为脂肪
BIOLOGY,糖类和脂肪的转化,糖类和脂肪之间的转化是有差异
BIOLOGY,糖类和脂肪的转化,维生素D的转化来源
BIOLOGY,糖类和脂肪的转化,能源物质的供能顺序
BIOLOGY,糖类和脂肪的转化,脂肪的功能与分布
BIOLOGY,糖类和脂肪的转化,饱和脂肪酸与不饱和脂肪酸
BIOLOGY,糖类和脂肪的转化,饱和脂肪酸与不饱和脂肪酸的区别
BIOLOGY,糖类和脂质的相互转化,ATP与ADP可以相互转
BIOLOGY,糖类和脂质的相互转化,ATP与ADP相互转化的特点
BIOLOGY,糖类和脂质的相互转化,ATP和ADP的相互转化
BIOLOGY,糖类和脂质的相互转化,ATP和ADP的相互转化不
BIOLOGY,糖类和脂质的相互转化,ATP和ADP相互转化的能量供应机制
BIOLOGY,糖类和脂质的相互转化,ATP的利用细胞中绝大多数
BIOLOGY,糖类和脂质的相互转化,ATP（一）
BIOLOGY,糖类和脂质的相互转化,ATP（二）
BIOLOGY,糖类和脂质的相互转化,固醇类物质的组成元素
BIOLOGY,糖类和脂质的相互转化,相互转化特点
BIOLOGY,糖类和脂质的相互转化,糖类与脂肪作为能源物质的比较
BIOLOGY,糖类和脂质的相互转化,糖类与脂肪相互转化的程度差异
BIOLOGY,糖类和脂质的相互转化,糖类与脂质的元素组成、主要种类与功能及其转化关系
BIOLOGY,糖类和脂质的相互转化,糖类与脂质的关系及脂肪酸分类
BIOLOGY,糖类和脂质的相互转化,糖类与脂质的区别与联系
BIOLOGY,糖类和脂质的相互转化,糖类与脂质的比较与相互转化
BIOLOGY,糖类和脂质的相互转化,糖类与脂质的相互转化
BIOLOGY,糖类和脂质的相互转化,细胞中糖类和脂质的转化（一）
BIOLOGY,糖类和脂质的相互转化,细胞中糖类和脂质的转化（二）
BIOLOGY,糖类和脂质的相互转化,脂质的分类与元素组成
BIOLOGY,糖类和脂质的相互转化,脂质的合成场所是内质网
BIOLOGY,糖类和脂质的相互转化,脂质的种类与功能：脂肪/磷脂/固醇
BIOLOGY,糖类和脂质的相互转化,血糖可转变为脂肪储存
BIOLOGY,糖类和脂质的相互转化,转化过程（一）
BIOLOGY,糖类和脂质的相互转化,转化过程（二）
BIOLOGY,纯合子与杂合子的判断,基因型、表型与纯合杂合子
BIOLOGY,纯合子与杂合子的判断,纯合子与杂合子的三种鉴定方法
BIOLOGY,纯合子与杂合子的判断,纯合子与杂合子的判断方法
BIOLOGY,纯合子与杂合子的判断,纯合子与杂合子的鉴定方法
BIOLOGY,线粒体,核酸常见易错辨析集
BIOLOGY,线粒体,线粒体DNA为裸露的环状DNA
BIOLOGY,线粒体,线粒体不能直接利用葡萄糖
BIOLOGY,线粒体,线粒体与叶绿体的五个相同点
BIOLOGY,线粒体,线粒体内膜蛋白质含量远高于外膜的原因
BIOLOGY,线粒体,线粒体的半自主性与线粒体移植
BIOLOGY,线粒体,线粒体的结构与功能
BIOLOGY,线粒体,线粒体的结构与功能相适应
BIOLOGY,线粒体,线粒体起源的内共生解释
BIOLOGY,线粒体,葡萄糖不能直接进入线粒体
BIOLOGY,线粒体,铁死亡的特征
BIOLOGY,线粒体和叶绿体的内共生起源学说,内共生起源学说的内容与主要证据
BIOLOGY,组-反应物-酶1溶液反应物被分解,探究pH对酶活性影响实验的材料选择
BIOLOGY,组-反应物-酶1溶液反应物被分解,探究温度对酶活性影响不能选过氧化氢
BIOLOGY,组-反应物-酶1溶液反应物被分解,酒精发酵中反应物的数量比例1:2:2
BIOLOGY,组-反应物-酶1溶液反应物被分解,酶相关探究实验的变量分析与步骤设计
BIOLOGY,组成细胞的元素,Mg是构成叶绿素的元素
BIOLOGY,组成细胞的元素,因细胞中化学元素含量与细胞中
BIOLOGY,组成细胞的元素,大量元素与微量元素的种类及区分依据
BIOLOGY,组成细胞的元素,磷是大量元素
BIOLOGY,组成细胞的元素,组成细胞化学元素的大量元素
BIOLOGY,组成细胞的元素,组成细胞的元素与存在形式
BIOLOGY,组成细胞的元素,组成细胞的元素与统一性差异性
BIOLOGY,组成细胞的元素,组成细胞的元素和·无机化合物
BIOLOGY,组成细胞的元素,组成细胞的元素和·有机化合物
BIOLOGY,组成细胞的元素,组成细胞的元素和化合物
BIOLOGY,组成细胞的元素,组成细胞的元素大多以化合物形式存在
BIOLOGY,组成细胞的元素,组成细胞的元素的种类与分类
BIOLOGY,组成细胞的元素,组成细胞的元素（一）
BIOLOGY,组成细胞的元素,组成细胞的元素（三）
BIOLOGY,组成细胞的元素,组成细胞的元素（二）
BIOLOGY,组成细胞的元素,组成细胞的化合物
BIOLOGY,组成细胞的元素,组成细胞的各种元素大多以化合物
BIOLOGY,组织水肿的成因,组织水肿成因的归纳分析
BIOLOGY,细胞不能无限长大的原因,细胞不能无限长大的两个原因
BIOLOGY,细胞不能无限长大的原因,细胞体积并非越小越好
BIOLOGY,细胞不能无限长大的原因,运用模型解释细胞·2
BIOLOGY,细胞不能无限长大的原因,运用模型解释细胞·4
BIOLOGY,细胞不能无限长大的原因,运用模型解释细胞·8
BIOLOGY,细胞不能无限长大的原因,运用模型解释细胞不能无限
BIOLOGY,细胞中的元素,主要元素、基本元素与最基本元素
BIOLOGY,细胞中的元素,元素与化合物相关的前沿科学动态
BIOLOGY,细胞中的元素,元素含量比较的易错要点
BIOLOGY,细胞中的元素,元素种类的口诀记忆与缺硼的实例
BIOLOGY,细胞中的元素,大豆脂肪与磷脂的元素辨析
BIOLOGY,细胞中的元素,大量元素与微量元素的划分
BIOLOGY,细胞中的元素,大量元素与微量元素的区分依据
BIOLOGY,细胞中的元素,大量元素与微量元素的辨析
BIOLOGY,细胞中的元素,糖类的元素组成
BIOLOGY,细胞中的元素,组成细胞的元素与无机自然界的比较及基本元素的含义
BIOLOGY,细胞中的元素,组成细胞的元素分类与干重中的含量次序
BIOLOGY,细胞中的元素,组成细胞的元素的统一性与差异性
BIOLOGY,细胞中的元素,细胞中元素的种类、分类与存在形式
BIOLOGY,细胞中的元素,细胞中含量最多的四种元素
BIOLOGY,细胞中的元素,鲜重与干重中元素含量排序
BIOLOGY,细胞中的化合物,干重中含量最多的化合物是蛋白质
BIOLOGY,细胞中的化合物,活细胞中含量最多的化合物
BIOLOGY,细胞中的化合物,活细胞中含量最多的化合物是水
BIOLOGY,细胞中的化合物,组成细胞的化合物及其元素组成
BIOLOGY,细胞中的化合物,组成细胞的化合物含量及其检测思路
BIOLOGY,细胞中的化合物,组成细胞的化学元素
BIOLOGY,细胞中的化合物,组成细胞的化学元素在无机自然界中都
BIOLOGY,细胞中的化合物,细胞中化合物的分类及功能定位
BIOLOGY,细胞中的化合物,细胞中化合物的种类与含量
BIOLOGY,细胞中的化合物,细胞中的化合物依据
BIOLOGY,细胞中的化合物,细胞中能源物质的四级归纳
BIOLOGY,细胞中的化合物,细胞干重时含量最多的化合物
BIOLOGY,细胞中的无机盐,元素能否被植物重复利用与缺乏症状出现的部位
BIOLOGY,细胞中的无机盐,培养基的营养成分与作用
BIOLOGY,细胞中的无机盐,存在形式
BIOLOGY,细胞中的无机盐,必需元素与需求量的区分
BIOLOGY,细胞中的无机盐,无机盐功能的典型实例
BIOLOGY,细胞中的无机盐,无机盐功能验证的实验设计
BIOLOGY,细胞中的无机盐,无机盐的作用
BIOLOGY,细胞中的无机盐,无机盐的功
BIOLOGY,细胞中的无机盐,无机盐的存在形式
BIOLOGY,细胞中的无机盐,无机盐的存在形式与含量
BIOLOGY,细胞中的无机盐,无机盐的存在形式与生理功能
BIOLOGY,细胞中的无机盐,无机盐维持生命活动与理化性质平衡的作用
BIOLOGY,细胞中的无机盐,易错：血浆渗透压与Na+、Cl-都有关
BIOLOGY,细胞中的无机盐,水是良好溶剂的原因
BIOLOGY,细胞中的无机盐,用溶液培养法（缺素培养）验证必需元素
BIOLOGY,细胞中的无机盐,种子晒干过程中
BIOLOGY,细胞中的无机盐,细胞中大多数无机盐以离子的形
BIOLOGY,细胞中的无机盐,细胞中常见的无机盐离子
BIOLOGY,细胞中的无机盐,细胞中无机盐的含量、存在形式与组成化合物的功能
BIOLOGY,细胞中的无机盐,细胞中无机盐的存在形式与功能
BIOLOGY,细胞中的无机盐,细胞中的无机物
BIOLOGY,细胞中的无机盐,细胞中的无机盐·无机盐对于维持生物体
BIOLOGY,细胞中的无机盐,细胞中的无机盐·无机盐是细胞必不可少
BIOLOGY,细胞中的无机盐,细胞中的无机盐·无机盐能调节人体的渗
BIOLOGY,细胞中的无机盐,细胞内的结合水的存在形式主要
BIOLOGY,细胞中的无机盐,结构决定功能
BIOLOGY,细胞中的无机盐,自由水的主要功
BIOLOGY,细胞中的无机盐,自由水的作用
BIOLOGY,细胞中的水,叶肉细胞中的叶绿体呈绿色、扁
BIOLOGY,细胞中的水,核酸在细胞中的分布
BIOLOGY,细胞中的水,水分变化的实例辨析
BIOLOGY,细胞中的水,水分子的三个特性
BIOLOGY,细胞中的水,水在细胞中的功能
BIOLOGY,细胞中的水,水在细胞中的存在形式：自由水与结合水
BIOLOGY,细胞中的水,水的功能与自由水、结合水
BIOLOGY,细胞中的水,水的含量
BIOLOGY,细胞中的水,水的特点（一）
BIOLOGY,细胞中的水,水的特点（二）
BIOLOGY,细胞中的水,水的结构与理化性质
BIOLOGY,细胞中的水,生物体含水量随种类和组织而不同
BIOLOGY,细胞中的水,用植物种子探究自由水与结合水存在与功能的实验
BIOLOGY,细胞中的水,病毒必须在活细胞中培养
BIOLOGY,细胞中的水,细胞中每时每刻都进行着许多化学反
BIOLOGY,细胞中的水,细胞中每时每刻都进行着许多化学反应
BIOLOGY,细胞中的水,细胞中水的产生与利用途径
BIOLOGY,细胞中的水,细胞中水的含量、存在形式与功能
BIOLOGY,细胞中的水,细胞中水的含量、存在形式与生理作用
BIOLOGY,细胞中的水,细胞中水的存在形式与作用
BIOLOGY,细胞中的水,细胞中水的特性与存在形式
BIOLOGY,细胞中的水,细胞中的各类化学反
BIOLOGY,细胞中的水,细胞中的水·功能
BIOLOGY,细胞中的水,细胞中的水·含义
BIOLOGY,细胞中的水,细胞中的水·含量
BIOLOGY,细胞中的水,细胞中的水（自由水与结合水）
BIOLOGY,细胞中的水,自由水与结合水比值与代谢、抗逆性
BIOLOGY,细胞中的水,自由水与结合水比值与代谢、抗逆性的关系
BIOLOGY,细胞中的水,自由水与结合水的关系（一）
BIOLOGY,细胞中的水,自由水与结合水的关系（二）
BIOLOGY,细胞中的水,自由水与结合水的区分
BIOLOGY,细胞中的水,自由水与结合水的存在形式和功能
BIOLOGY,细胞中的水,自由水与结合水的转化及其意义
BIOLOGY,细胞中的水,自由水的四大功能
BIOLOGY,细胞中的糖类,三种二糖的水解产物与分布
BIOLOGY,细胞中的糖类,三种二糖的组成与分布
BIOLOGY,细胞中的糖类,三种多糖单位相同性质不同
BIOLOGY,细胞中的糖类,不是所有的糖都有甜味
BIOLOGY,细胞中的糖类,不能作
BIOLOGY,细胞中的糖类,乳糖在人和动物乳汁中含量丰富
BIOLOGY,细胞中的糖类,二糖由两分子单糖脱水缩合而成
BIOLOGY,细胞中的糖类,几丁质也是一种多糖
BIOLOGY,细胞中的糖类,和动物体合成糖原的原料是葡萄糖
BIOLOGY,细胞中的糖类,多糖的种类、分布与功能
BIOLOGY,细胞中的糖类,常见二糖的水解产物与分布
BIOLOGY,细胞中的糖类,常见单糖的种类与分布
BIOLOGY,细胞中的糖类,常见的二糖
BIOLOGY,细胞中的糖类,常见的多糖
BIOLOGY,细胞中的糖类,并非所有糖都是还原糖或能源物质
BIOLOGY,细胞中的糖类,果糖与半乳糖的分布
BIOLOGY,细胞中的糖类,核糖与脱氧核糖的分布
BIOLOGY,细胞中的糖类,植物体和动物体内多糖的分子组成
BIOLOGY,细胞中的糖类,植物细胞特
BIOLOGY,细胞中的糖类,淀粉、纤维素、糖原的分布与功能
BIOLOGY,细胞中的糖类,淀粉、纤维素、糖原结构与功能不同的原因
BIOLOGY,细胞中的糖类,生物体内的糖类绝大多数以多糖
BIOLOGY,细胞中的糖类,生物体各类能源物质的区分
BIOLOGY,细胞中的糖类,生物体常见能源物质的分类
BIOLOGY,细胞中的糖类,科学家将纤维素等其他糖类称为人类
BIOLOGY,细胞中的糖类,糖类分子一般
BIOLOGY,细胞中的糖类,糖类分子都是由C、H
BIOLOGY,细胞中的糖类,糖类是主要的能源物质
BIOLOGY,细胞中的糖类,糖类是主要能源物质
BIOLOGY,细胞中的糖类,糖类是主要能源物质的原因
BIOLOGY,细胞中的糖类,糖类的三大分类及吸收特点
BIOLOGY,细胞中的糖类,糖类的元素组成与分类
BIOLOGY,细胞中的糖类,糖类的元素组成与功能定位
BIOLOGY,细胞中的糖类,糖类的元素组成与功能总述
BIOLOGY,细胞中的糖类,糖类的分类与代表物质
BIOLOGY,细胞中的糖类,糖类的功能
BIOLOGY,细胞中的糖类,糖类的功能与结构成分
BIOLOGY,细胞中的糖类,糖类的功能与还原性辨析
BIOLOGY,细胞中的糖类,细胞中的糖类·二糖
BIOLOGY,细胞中的糖类,细胞中的糖类·单糖
BIOLOGY,细胞中的糖类,细胞中的糖类·多糖
BIOLOGY,细胞中的糖类,细胞中的糖类·按分布
BIOLOGY,细胞中的糖类,细胞中的糖类·按功能
BIOLOGY,细胞中的糖类,细胞中的糖类·按是否具有还原性
BIOLOGY,细胞中的糖类,细胞中的糖类·按水解程度
BIOLOGY,细胞中的糖类,细胞中的糖类和脂质
BIOLOGY,细胞中的糖类,细胞中糖类的元素组成、分类与分布
BIOLOGY,细胞中的糖类,细胞中糖类的组成元素与单糖、二糖的分类
BIOLOGY,细胞中的糖类,膳食纤维的成分与保健作用
BIOLOGY,细胞中的糖类,葡萄糖可静脉注射而蔗糖不行的原因
BIOLOGY,细胞中的糖类,葡萄糖是生命的燃料
BIOLOGY,细胞中的糖类,还原糖与非还原糖
BIOLOGY,细胞中的糖类,还原糖与非还原糖的划分
BIOLOGY,细胞中的糖类,麦芽糖在发芽谷粒中较多
BIOLOGY,细胞中的脂质,一种脂肪分子
BIOLOGY,细胞中的脂质,从物质氧化分解的角度分析
BIOLOGY,细胞中的脂质,固醇的分类及功能（胆固醇、性激素、维生素D）
BIOLOGY,细胞中的脂质,常见的脂质
BIOLOGY,细胞中的脂质,常见的脂质有脂肪、磷脂和固醇等
BIOLOGY,细胞中的脂质,性激素的功能
BIOLOGY,细胞中的脂质,有关脂质的五个易错点
BIOLOGY,细胞中的脂质,植物脂肪大多数含有不饱和脂肪酸
BIOLOGY,细胞中的脂质,相对于糖类分子
BIOLOGY,细胞中的脂质,磷脂与固醇的组成、分布和功能
BIOLOGY,细胞中的脂质,磷脂是所有细胞必不可少的脂质
BIOLOGY,细胞中的脂质,磷脂是生物膜的重要成分
BIOLOGY,细胞中的脂质,细胞中的脂质·分布
BIOLOGY,细胞中的脂质,细胞中的脂质·功能
BIOLOGY,细胞中的脂质,细胞中的脂质·种类及功能
BIOLOGY,细胞中的脂质,细胞中的脂质·结构组成
BIOLOGY,细胞中的脂质,胆固醇
BIOLOGY,细胞中的脂质,脂肪含能多但不是主要能源物质的原因
BIOLOGY,细胞中的脂质,脂肪的作用
BIOLOGY,细胞中的脂质,脂肪的分子组成、脂肪酸分类与功能
BIOLOGY,细胞中的脂质,脂肪的组成元素
BIOLOGY,细胞中的脂质,脂肪的结构与功能
BIOLOGY,细胞中的脂质,脂质元素组成
BIOLOGY,细胞中的脂质,脂质分子特点
BIOLOGY,细胞中的脂质,脂质功能
BIOLOGY,细胞中的脂质,脂质存在于所
BIOLOGY,细胞中的脂质,脂质的元素组成与三大类功能
BIOLOGY,细胞中的脂质,脂质的元素组成与功能定位
BIOLOGY,细胞中的脂质,脂质的元素组成与溶解性
BIOLOGY,细胞中的脂质,脂质的元素组成与理化特点
BIOLOGY,细胞中的脂质,脂质的分类和功
BIOLOGY,细胞中的脂质,脂质的组成、合成场所与易错点
BIOLOGY,细胞中的脂质,脂质的组成元素与分子特点
BIOLOGY,细胞中的脂质,饱和脂肪酸与不饱和脂肪酸的对比
BIOLOGY,细胞免疫,HBV感染中巨噬细胞与T细胞作用的分析
BIOLOGY,细胞免疫,以CD8阳性T细胞数量作为细胞免疫能力指标
BIOLOGY,细胞免疫,体液免疫与细胞免疫的配合及细胞内病原体的清除程序
BIOLOGY,细胞免疫,体液免疫与细胞免疫的配合图解
BIOLOGY,细胞免疫,细胞免疫中各细胞的作用与再次感染的来源
BIOLOGY,细胞免疫,细胞免疫的概念、过程与细胞毒性T细胞的活化条件
BIOLOGY,细胞免疫,细胞免疫的过程
BIOLOGY,细胞免疫,细胞免疫的过程与结果
BIOLOGY,细胞免疫,肿瘤细胞逃避细胞毒性T细胞的机制
BIOLOGY,细胞免疫,辅助性T细胞与细胞毒性T细胞的功能区别
BIOLOGY,细胞凋亡,由基因所决定的细胞自动结束生命的过程
BIOLOGY,细胞凋亡,细胞凋亡与坏死的形态学区别
BIOLOGY,细胞凋亡,细胞凋亡与细胞自噬的辨析
BIOLOGY,细胞凋亡,细胞凋亡的定义、实例与意义
BIOLOGY,细胞凋亡,细胞凋亡的意义
BIOLOGY,细胞凋亡,细胞凋亡的概念、原因、实例、意义与细胞坏死
BIOLOGY,细胞凋亡,细胞凋亡的概念与类型
BIOLOGY,细胞分化,基因的选择性表达与细胞分化
BIOLOGY,细胞分化,细胞分化与细胞分裂的关系
BIOLOGY,细胞分化,细胞分化中基因的选择性表达
BIOLOGY,细胞分化,细胞分化及其意义
BIOLOGY,细胞分化,细胞分化及其意义·持久性
BIOLOGY,细胞分化,细胞分化及其意义·普遍性
BIOLOGY,细胞分化,细胞分化在三个水平上的标志
BIOLOGY,细胞分化,细胞分化的实质与特点
BIOLOGY,细胞分化,细胞分化的实质与结果
BIOLOGY,细胞分化,细胞分化的本质与基因的选择性表达
BIOLOGY,细胞分化,细胞分化的概念、实质、特点与意义
BIOLOGY,细胞分化,细胞分化的概念、实质与意义
BIOLOGY,细胞分化,细胞分化的概念、标志与意义
BIOLOGY,细胞分化,细胞分化的概念、特点、实质与意义
BIOLOGY,细胞分化,细胞分化的概念与特点
BIOLOGY,细胞分化,细胞生命历程类选择题的避错要点
BIOLOGY,细胞分化,表现细胞水平
BIOLOGY,细胞分裂图像的三看法判别,三个前期图与三个中期图的判断方法
BIOLOGY,细胞分裂图像的三看法判别,三个后期图的判断方法
BIOLOGY,细胞分裂图像的三看法判别,用三看法识别动植物细胞的分裂图像
BIOLOGY,细胞分裂图像的三看法判别,细胞分裂图像的三看法
BIOLOGY,细胞分裂图像的三看法判别,结合染色体奇偶数识别细胞分裂方式
BIOLOGY,细胞分裂图像的三看法判别,结合细胞质分裂情况判断减数分裂细胞
BIOLOGY,细胞分裂时期的判断方法,有丝分裂与减数分裂后期的判别
BIOLOGY,细胞分裂时期的判断方法,有丝分裂中核DNA、染色体与染色单体的数量变化
BIOLOGY,细胞分裂时期的判断方法,有丝分裂中物质数量变化的判断
BIOLOGY,细胞分裂时期的判断方法,染色体组数与细胞分裂类型的判断
BIOLOGY,细胞分裂时期的判断方法,柱形图与折线图的画线法及两定法
BIOLOGY,细胞分裂时期的判断方法,核DNA、染色体、染色单体数目变化曲线的判读
BIOLOGY,细胞分裂时期的判断方法,根据染色体变化判断分裂时期图像
BIOLOGY,细胞分裂时期的判断方法,根据柱形图判断细胞分裂时期
BIOLOGY,细胞分裂时期的判断方法,细胞分裂图像与显微照片的快速判断
BIOLOGY,细胞分裂时期的判断方法,细胞分裂时期的两类图像判断法
BIOLOGY,细胞分裂时期的判断方法,细胞质分裂方式与性别及细胞类型的对应关系
BIOLOGY,细胞分裂时期的判断方法,荧光标记法判断细胞分裂方式
BIOLOGY,细胞周期,CDK-周期蛋白复合物与磷酸化调控
BIOLOGY,细胞周期,Rb-E2F 通路与 CDK 抑制剂
BIOLOGY,细胞周期,分裂间期的三个阶段的划分与主要活动
BIOLOGY,细胞周期,分裂间期的特点与细胞周期热点联系
BIOLOGY,细胞周期,动物细胞周期同步化的三种方法
BIOLOGY,细胞周期,动物细胞周期同步化的方法
BIOLOGY,细胞周期,影响细胞周期的因素
BIOLOGY,细胞周期,细胞周期各阶段的功能与周期蛋白
BIOLOGY,细胞周期,细胞周期同步化的两种方法
BIOLOGY,细胞周期,细胞周期检验点
BIOLOGY,细胞周期,细胞周期检验点与细胞周期同步化（拓展）
BIOLOGY,细胞周期,细胞周期检验点与调控因子的对应分析
BIOLOGY,细胞周期,细胞周期检验点及其作用
BIOLOGY,细胞周期,细胞周期检验点的功能
BIOLOGY,细胞周期,细胞周期的CDK-cyclin调控
BIOLOGY,细胞周期,细胞周期的三种常见表示方法
BIOLOGY,细胞周期,细胞周期的五个检验点与对应阻滞
BIOLOGY,细胞周期,细胞周期的分期与调控框架
BIOLOGY,细胞周期,细胞周期的判断方法
BIOLOGY,细胞周期,细胞周期的四种表示方法
BIOLOGY,细胞周期,细胞周期的图形表示与判读
BIOLOGY,细胞周期,细胞周期的扇形图表示法
BIOLOGY,细胞周期,细胞周期的概念、阶段与子细胞去向
BIOLOGY,细胞周期,细胞周期的概念与分期
BIOLOGY,细胞周期,细胞周期的概念与分裂间期
BIOLOGY,细胞周期,细胞周期的概念与各时期的划分
BIOLOGY,细胞周期,细胞周期的概念与条件
BIOLOGY,细胞周期,细胞周期的概念与阶段
BIOLOGY,细胞周期,细胞周期的概念与阶段划分
BIOLOGY,细胞周期,细胞周期的直线图与直方图表示法
BIOLOGY,细胞周期,细胞周期（一）
BIOLOGY,细胞周期,细胞周期（二）
BIOLOGY,细胞周期,细胞增殖易错判定汇总
BIOLOGY,细胞周期,细胞增殖（一）
BIOLOGY,细胞周期,细胞增殖（二）
BIOLOGY,细胞周期检验点与同步化,TdR双阻断同步化流程与处理时间分析
BIOLOGY,细胞周期检验点与同步化,分裂中期阻断法（秋水仙素抑制微管聚合）
BIOLOGY,细胞周期检验点与同步化,同步化方法的比较与检测手段
BIOLOGY,细胞周期检验点与同步化,细胞周期检验点与同步化方法
BIOLOGY,细胞周期检验点与同步化,细胞周期检验点的作用与分布
BIOLOGY,细胞周期检验点与同步化,细胞周期检验点的含义与各检验点的检验对象
BIOLOGY,细胞周期检验点与同步化,细胞周期检验点的类型与分子机制
BIOLOGY,细胞呼吸原理的应用,CRISPR/Cas9的应用与优点
BIOLOGY,细胞呼吸原理的应用,K/2值的应用（捕捞与防治）
BIOLOGY,细胞呼吸原理的应用,K值理论在生产中的应用
BIOLOGY,细胞呼吸原理的应用,RT-PCR：逆转录PCR的原理与应用
BIOLOGY,细胞呼吸原理的应用,低温延长果蔬保鲜时间的原理
BIOLOGY,细胞呼吸原理的应用,利用无氧呼吸的三个实例
BIOLOGY,细胞呼吸原理的应用,利用有氧呼吸的四个实例
BIOLOGY,细胞呼吸原理的应用,多倍体育种的原理与应用
BIOLOGY,细胞呼吸原理的应用,性别比例在生产中的应用
BIOLOGY,细胞呼吸原理的应用,果蔬与种子储存条件辨析
BIOLOGY,细胞呼吸原理的应用,果蔬粮食保鲜手段：低 O2、高 CO2、零上低温
BIOLOGY,细胞呼吸原理的应用,细胞呼吸原理的应用举例
BIOLOGY,细胞呼吸原理的应用,细胞呼吸原理的运用
BIOLOGY,细胞呼吸原理的应用,细胞呼吸原理（一）
BIOLOGY,细胞呼吸原理的应用,细胞呼吸原理（三）
BIOLOGY,细胞呼吸原理的应用,细胞呼吸原理（二）
BIOLOGY,细胞呼吸原理的应用,雄性不育系在杂交制种中的应用
BIOLOGY,细胞呼吸原理的应用,（5）遗传因素
BIOLOGY,细胞呼吸概念-实质和意义,呼吸作用的实质是细胞内
BIOLOGY,细胞呼吸概念-实质和意义,有氧呼吸与燃烧的区别及其意义
BIOLOGY,细胞呼吸概念-实质和意义,燃烧与细胞呼吸释放能量方式的比较
BIOLOGY,细胞呼吸概念-实质和意义,生态位的概念与意义
BIOLOGY,细胞呼吸概念-实质和意义,细胞凋亡的概念、实例与意义
BIOLOGY,细胞呼吸概念-实质和意义,细胞凋亡的概念、类型与意义
BIOLOGY,细胞呼吸概念-实质和意义,细胞分化的概念、特点与实质
BIOLOGY,细胞呼吸概念-实质和意义,细胞呼吸是生物体代谢枢纽的原因
BIOLOGY,细胞呼吸概念-实质和意义,细胞呼吸是生物体代谢的枢纽
BIOLOGY,细胞呼吸概念-实质和意义,细胞呼吸概念
BIOLOGY,细胞呼吸概念-实质和意义,细胞呼吸的代谢中间物与物质转化
BIOLOGY,细胞呼吸概念-实质和意义,细胞呼吸的实质与过程图解
BIOLOGY,细胞呼吸概念-实质和意义,细胞呼吸的底物不只有葡萄糖
BIOLOGY,细胞呼吸概念-实质和意义,细胞呼吸的底物与场所的易错点
BIOLOGY,细胞呼吸概念-实质和意义,细胞呼吸的概念、实质与意义
BIOLOGY,细胞呼吸概念-实质和意义,细胞自噬的概念、类型与意义
BIOLOGY,细胞呼吸概念-实质和意义,细胞自噬的概念与意义
BIOLOGY,细胞呼吸概念-实质和意义,群落的概念与物种组成的意义
BIOLOGY,细胞呼吸的影响因素及应用,CO2和水分对细胞呼吸的影响
BIOLOGY,细胞呼吸的影响因素及应用,CO2浓度和水对细胞呼吸的影响
BIOLOGY,细胞呼吸的影响因素及应用,CO2浓度和水对细胞呼吸的影响及应用
BIOLOGY,细胞呼吸的影响因素及应用,O2浓度对细胞呼吸影响的曲线分析
BIOLOGY,细胞呼吸的影响因素及应用,二氧化碳浓度与水分对细胞呼吸的影响及应用
BIOLOGY,细胞呼吸的影响因素及应用,光合作用强度简单地说就
BIOLOGY,细胞呼吸的影响因素及应用,包扎伤口时选用透气创
BIOLOGY,细胞呼吸的影响因素及应用,化能合成作用和光合作用的主要区别
BIOLOGY,细胞呼吸的影响因素及应用,发酵工程一般包括菌种的选育
BIOLOGY,细胞呼吸的影响因素及应用,发酵罐在使用前要进行灭菌
BIOLOGY,细胞呼吸的影响因素及应用,发醇工程在食品工业方面的应用
BIOLOGY,细胞呼吸的影响因素及应用,呼吸作用最常利用的物质
BIOLOGY,细胞呼吸的影响因素及应用,啤酒酵母菌
BIOLOGY,细胞呼吸的影响因素及应用,在线粒体的内膜上和基质中含
BIOLOGY,细胞呼吸的影响因素及应用,大棚内多施农家肥
BIOLOGY,细胞呼吸的影响因素及应用,实验中叶片上浮的原因
BIOLOGY,细胞呼吸的影响因素及应用,密闭容器中CO2生成速率下降的原因
BIOLOGY,细胞呼吸的影响因素及应用,影响细胞呼吸的内部因素
BIOLOGY,细胞呼吸的影响因素及应用,影响细胞呼吸的因素及应用
BIOLOGY,细胞呼吸的影响因素及应用,探究光照强度对光合作用强度影
BIOLOGY,细胞呼吸的影响因素及应用,无氧呼吸（细胞质基质）
BIOLOGY,细胞呼吸的影响因素及应用,有氧呼吸三阶段反
BIOLOGY,细胞呼吸的影响因素及应用,有氧呼吸总反
BIOLOGY,细胞呼吸的影响因素及应用,氧气与呼吸相关的生产应用
BIOLOGY,细胞呼吸的影响因素及应用,氧气浓度对细胞呼吸的影响及应用
BIOLOGY,细胞呼吸的影响因素及应用,温度与O2浓度对细胞呼吸的影响
BIOLOGY,细胞呼吸的影响因素及应用,温度与氧气浓度对细胞呼吸的影响及应用
BIOLOGY,细胞呼吸的影响因素及应用,温度对细胞呼吸的影响及应用
BIOLOGY,细胞呼吸的影响因素及应用,环境条件不仅会影响微生物的生长繁殖
BIOLOGY,细胞呼吸的影响因素及应用,现代发酵工程使用的大型发酵罐均有计算
BIOLOGY,细胞呼吸的影响因素及应用,用抑制剂对无氧呼吸的影响推断其作用阶段
BIOLOGY,细胞呼吸的影响因素及应用,碱基对、影响范围、对氨基酸序列的影响
BIOLOGY,细胞呼吸的影响因素及应用,细胞呼吸的影响因素（一）
BIOLOGY,细胞呼吸的影响因素及应用,细胞呼吸的影响因素（三）
BIOLOGY,细胞呼吸的影响因素及应用,细胞呼吸的影响因素（二）
BIOLOGY,细胞呼吸的影响因素及应用,细胞呼吸的影响因素（四）
BIOLOGY,细胞呼吸的影响因素及应用,群落的垂直结构及其影响因素
BIOLOGY,细胞呼吸的影响因素及应用,群落的水平结构及其影响因素
BIOLOGY,细胞呼吸的影响因素及应用,蔬菜水果与种子的储藏条件不同
BIOLOGY,细胞呼吸的影响因素及应用,西瓜、玉米、辣椒轮作和固定种
BIOLOGY,细胞呼吸的影响因素及应用,酶工程：固定化酶与固定化细胞及其应用优势
BIOLOGY,细胞呼吸的影响因素及应用,阳生植物的细胞呼吸强度、光补
BIOLOGY,细胞呼吸的易错辨析,光呼吸与有氧呼吸的区别
BIOLOGY,细胞呼吸的易错辨析,有氧呼吸的两个易错点
BIOLOGY,细胞呼吸的易错辨析,细胞呼吸的高频易错点辨析
BIOLOGY,细胞呼吸的类型判断-规律方法,一个精原细胞产生的配子类型
BIOLOGY,细胞呼吸的类型判断-规律方法,产生 CO2 的三种可能呼吸组合
BIOLOGY,细胞呼吸的类型判断-规律方法,供能占比相等不等于耗糖量相等
BIOLOGY,细胞呼吸的类型判断-规律方法,依据呼吸原理判断细胞呼吸类型
BIOLOGY,细胞呼吸的类型判断-规律方法,初生演替与次生演替的判断方法
BIOLOGY,细胞呼吸的类型判断-规律方法,单基因遗传病的类型、实例与特点
BIOLOGY,细胞呼吸的类型判断-规律方法,反射弧中传入神经与传出神经的判断方法
BIOLOGY,细胞呼吸的类型判断-规律方法,外源基因整合位置的判断方法
BIOLOGY,细胞呼吸的类型判断-规律方法,显隐性的判断方法
BIOLOGY,细胞呼吸的类型判断-规律方法,模型的类型与实例
BIOLOGY,细胞呼吸的类型判断-规律方法,测定呼吸速率的装置与误差校正
BIOLOGY,细胞呼吸的类型判断-规律方法,液滴移动法测定细胞呼吸方式与速率
BIOLOGY,细胞呼吸的类型判断-规律方法,物种的概念与隔离的类型
BIOLOGY,细胞呼吸的类型判断-规律方法,用同位素标记判断病毒核酸类型
BIOLOGY,细胞呼吸的类型判断-规律方法,用实验法判断生物呼吸类型
BIOLOGY,细胞呼吸的类型判断-规律方法,用数量关系进行细胞呼吸的相关计算
BIOLOGY,细胞呼吸的类型判断-规律方法,由CO₂与O₂的量判断呼吸方式
BIOLOGY,细胞呼吸的类型判断-规律方法,由曲线判断三率的方法
BIOLOGY,细胞呼吸的类型判断-规律方法,由耗氧速率与ATP速率的差异判断无氧呼吸
BIOLOGY,细胞呼吸的类型判断-规律方法,细胞呼吸反应式中的定量关系
BIOLOGY,细胞呼吸的类型判断-规律方法,细胞呼吸方式的判断与量的比例关系
BIOLOGY,细胞呼吸的类型判断-规律方法,酵母菌有氧呼吸与无氧呼吸的数量关系
BIOLOGY,细胞呼吸的类型判断-规律方法,鉴定DNA病毒与RNA病毒的方法
BIOLOGY,细胞器的结构和功能,不同细胞中细胞器数量的差异
BIOLOGY,细胞器的结构和功能,中心体分布在动物与低等植物细
BIOLOGY,细胞器的结构和功能,中心体的位置与细胞分裂中的动态变化
BIOLOGY,细胞器的结构和功能,中心体的结构与功能
BIOLOGY,细胞器的结构和功能,光学显微镜下可见的细胞器
BIOLOGY,细胞器的结构和功能,八种细胞器的膜结构与功能分工
BIOLOGY,细胞器的结构和功能,内质网、高尔基体、液泡、溶酶体的功能
BIOLOGY,细胞器的结构和功能,内质网与线粒体紧密相依的功能意义
BIOLOGY,细胞器的结构和功能,分泌蛋白的合成释放与细胞器间的协调配合
BIOLOGY,细胞器的结构和功能,分泌蛋白运到细胞外的过程
BIOLOGY,细胞器的结构和功能,分离线粒体的操作与缓冲液的作用
BIOLOGY,细胞器的结构和功能,分离细胞器的差速离心法
BIOLOGY,细胞器的结构和功能,单层膜细胞器的列表
BIOLOGY,细胞器的结构和功能,双层膜结构细胞器的列表
BIOLOGY,细胞器的结构和功能,叶绿体与线粒体为半自主细胞器（含DNA/核糖体）
BIOLOGY,细胞器的结构和功能,含核酸的细胞器及DNA RNA分布
BIOLOGY,细胞器的结构和功能,含核酸的细胞器归纳
BIOLOGY,细胞器的结构和功能,囊泡不属于细胞器
BIOLOGY,细胞器的结构和功能,在成人心肌细胞中数量显著多于
BIOLOGY,细胞器的结构和功能,常见细胞器功能的易错提醒
BIOLOGY,细胞器的结构和功能,无膜结构的细胞器列表
BIOLOGY,细胞器的结构和功能,核糖体和中心体
BIOLOGY,细胞器的结构和功能,根尖分生区细胞的细胞器特点
BIOLOGY,细胞器的结构和功能,根据教材知识
BIOLOGY,细胞器的结构和功能,植物细胞中含有色素的细胞器
BIOLOGY,细胞器的结构和功能,溶酶体与核糖体的功能与酶活性辨析
BIOLOGY,细胞器的结构和功能,溶酶体与液泡的结构和功能
BIOLOGY,细胞器的结构和功能,用物理性质特殊的同位素来标记化学反应
BIOLOGY,细胞器的结构和功能,真核细胞中有维持细胞形态
BIOLOGY,细胞器的结构和功能,线粒体与叶绿体的结构和功能
BIOLOGY,细胞器的结构和功能,线粒体和叶绿体的结构与功能
BIOLOGY,细胞器的结构和功能,线粒体嵴与叶绿体基粒的结构功能因果链
BIOLOGY,细胞器的结构和功能,细胞内具有双层膜的结构
BIOLOGY,细胞器的结构和功能,细胞分子与结构类选择题的避错要点
BIOLOGY,细胞器的结构和功能,细胞器与代谢“一定与不一定”判定
BIOLOGY,细胞器的结构和功能,细胞器与代谢的“一定”与“不一定”
BIOLOGY,细胞器的结构和功能,细胞器与功能的对应关系
BIOLOGY,细胞器的结构和功能,细胞器之间的分工
BIOLOGY,细胞器的结构和功能,细胞器之间的分工·分布
BIOLOGY,细胞器的结构和功能,细胞器之间的分工·功能
BIOLOGY,细胞器的结构和功能,细胞器之间的分工·结构
BIOLOGY,细胞器的结构和功能,细胞器之间的分工合作
BIOLOGY,细胞器的结构和功能,细胞器之间的分工（5）
BIOLOGY,细胞器的结构和功能,细胞器之间的分工（一）
BIOLOGY,细胞器的结构和功能,细胞器之间的分工（三）
BIOLOGY,细胞器的结构和功能,细胞器之间的分工（二）
BIOLOGY,细胞器的结构和功能,细胞器之间的分工（四）
BIOLOGY,细胞器的结构和功能,细胞器分布的特殊规律
BIOLOGY,细胞器的结构和功能,细胞器协作题的线索追踪与角色定位法
BIOLOGY,细胞器的结构和功能,细胞器在分布、成分与功能上的归纳
BIOLOGY,细胞器的结构和功能,细胞器常见易错辨析集
BIOLOGY,细胞器的结构和功能,细胞器按膜层数的分类
BIOLOGY,细胞器的结构和功能,细胞器按膜的分类
BIOLOGY,细胞器的结构和功能,细胞器按膜结构的分类及其功能
BIOLOGY,细胞器的结构和功能,细胞器的分布、组成与功能特点归纳
BIOLOGY,细胞器的结构和功能,细胞器的分布与膜层数归纳
BIOLOGY,细胞器的结构和功能,细胞器的分离方法
BIOLOGY,细胞器的结构和功能,细胞器的成分、功能与典型对应关系
BIOLOGY,细胞器的结构和功能,细胞器相关的易错辨析
BIOLOGY,细胞器的结构和功能,细胞器结构与功能的动态联系分析
BIOLOGY,细胞器的结构和功能,细胞核与主要细胞器的功能速查
BIOLOGY,细胞器的结构和功能,细胞结构与功能相适应的实例
BIOLOGY,细胞器的结构和功能,细胞结构分析类试题的答题模板
BIOLOGY,细胞器的结构和功能,细胞质
BIOLOGY,细胞器的结构和功能,细胞质基质、细胞器与差速离心法
BIOLOGY,细胞器的结构和功能,细胞质基质的组成与功能
BIOLOGY,细胞器的结构和功能,细胞质的组成与亚显微结构
BIOLOGY,细胞器的结构和功能,结构与功能中的一定与不一定
BIOLOGY,细胞器的结构和功能,结构与功能观之一定、不一定、一定不归纳
BIOLOGY,细胞器的结构和功能,能复制的细胞器有线粒体、叶绿体、中
BIOLOGY,细胞器的结构和功能,能够复制的细胞器
BIOLOGY,细胞器的结构和功能,能形成“囊泡”的细胞结构
BIOLOGY,细胞器的结构和功能,脂质体运载核酸的原理与细胞器的分工
BIOLOGY,细胞器的结构和功能,载体蛋白与线粒体相关错项辨析
BIOLOGY,细胞器的结构和功能,高等植物细胞区别于动物细胞的结构
BIOLOGY,细胞增殖,分裂产生子细胞的三种去向
BIOLOGY,细胞增殖,增殖需要的条件、增殖需要的条件、内容
BIOLOGY,细胞增殖,无丝分裂与分裂末期的鉴别
BIOLOGY,细胞增殖,无丝分裂的特点与实例
BIOLOGY,细胞增殖,细胞增殖的概念、意义、过程与方式
BIOLOGY,细胞增殖,细胞增殖的概念、意义与方式
BIOLOGY,细胞增殖,细胞增殖的概念、过程与分裂方式
BIOLOGY,细胞增殖,细胞增殖的概念、过程与意义
BIOLOGY,细胞增殖,细胞增殖的概念、过程与类型
BIOLOGY,细胞增殖,细胞增殖的概念与方式
BIOLOGY,细胞增殖,细胞增殖的概念与类型
BIOLOGY,细胞增殖,酵母菌出芽生殖与细菌二分裂
BIOLOGY,细胞壁,不同生物细胞壁的主要成分不同
BIOLOGY,细胞壁,几丁质与真菌细胞壁
BIOLOGY,细胞壁,支原体的特殊性
BIOLOGY,细胞壁,植物细胞吸水不会涨破的原因
BIOLOGY,细胞壁,植物细胞壁
BIOLOGY,细胞壁,植物细胞壁主要由纤维素、果胶
BIOLOGY,细胞壁,植物细胞壁的成分、去壁方法与特性
BIOLOGY,细胞壁,植物细胞壁的成分、特性与功能
BIOLOGY,细胞壁,植物细胞壁的成分与特性
BIOLOGY,细胞壁,植物细胞的壁也并不是完全的全透性
BIOLOGY,细胞壁,植物细胞的细胞壁
BIOLOGY,细胞壁,溶菌酶抗菌消炎的原理
BIOLOGY,细胞壁,细胞壁与细胞膜之间的溶液是外界溶液
BIOLOGY,细胞学说,人工合成细胞与巨型病毒的研究进展
BIOLOGY,细胞学说,从细胞学说要点可看出
BIOLOGY,细胞学说,所有细胞都来源于先前存在的细胞
BIOLOGY,细胞学说,施莱登和施旺创建细胞学说
BIOLOGY,细胞学说,显微观察资料的积累——认识细
BIOLOGY,细胞学说,由一系列具体事实推出一般结论
BIOLOGY,细胞学说,科学方法——归纳法
BIOLOGY,细胞学说,科学观察和归纳概括的结合——
BIOLOGY,细胞学说,细胞学说三个未涉及与两个统一了
BIOLOGY,细胞学说,细胞学说主要建立者
BIOLOGY,细胞学说,细胞学说及其建立·不完全归纳法
BIOLOGY,细胞学说,细胞学说及其建立·动物学家施旺
BIOLOGY,细胞学说,细胞学说及其建立·完全归纳法
BIOLOGY,细胞学说,细胞学说及其建立·德国的魏尔肖
BIOLOGY,细胞学说,细胞学说及其建立·意大利的马尔比基
BIOLOGY,细胞学说,细胞学说及其建立·植物学家施莱登
BIOLOGY,细胞学说,细胞学说及其建立·比利时的维萨里
BIOLOGY,细胞学说,细胞学说及其建立·法国的比夏
BIOLOGY,细胞学说,细胞学说及其建立·耐格里
BIOLOGY,细胞学说,细胞学说及其建立·英国的罗伯特·胡克
BIOLOGY,细胞学说,细胞学说及其建立·荷兰的列文虎克
BIOLOGY,细胞学说,细胞学说在修正中前进
BIOLOGY,细胞学说,细胞学说建立过程中的关键人物与贡献
BIOLOGY,细胞学说,细胞学说揭示了动物和植物的统
BIOLOGY,细胞学说,细胞学说的三个未涉及两个统一
BIOLOGY,细胞学说,细胞学说的三点主要内容
BIOLOGY,细胞学说,细胞学说的两个易错辨析
BIOLOGY,细胞学说,细胞学说的主要内容
BIOLOGY,细胞学说,细胞学说的主要内容（三个要点）
BIOLOGY,细胞学说,细胞学说的主要建立者
BIOLOGY,细胞学说,细胞学说的内容
BIOLOGY,细胞学说,细胞学说的内容、意义与建立过程
BIOLOGY,细胞学说,细胞学说的建立、内容与意义
BIOLOGY,细胞学说,细胞学说的建立与主要内容
BIOLOGY,细胞学说,细胞学说的建立与内容
BIOLOGY,细胞学说,细胞学说的建立者与补充者
BIOLOGY,细胞学说,细胞学说的建立脉络与三条基本内容
BIOLOGY,细胞学说,细胞学说的建立脉络与意义及其对应的结构层次
BIOLOGY,细胞学说,细胞学说的建立过程
BIOLOGY,细胞学说,细胞学说的建立过程与内容同意义的对应关系
BIOLOGY,细胞学说,细胞学说的建立运用不完全归纳法
BIOLOGY,细胞学说,细胞学说的意义
BIOLOGY,细胞学说,细胞学说的意义与局限
BIOLOGY,细胞学说,细胞学说的意义（一）
BIOLOGY,细胞学说,细胞学说的意义（二）
BIOLOGY,细胞学说,细胞学说的要点
BIOLOGY,细胞学说,细胞学说适用范围判定（只讲动植物）
BIOLOGY,细胞学说,罗伯特·虎克发现并命名细胞
BIOLOGY,细胞学说,首先发现并命名细胞的科学家
BIOLOGY,细胞学说,魏尔肖补充细胞通过分裂产生新细胞
BIOLOGY,细胞是基本的生命系统,一个池塘中的所
BIOLOGY,细胞是基本的生命系统,台盼蓝染色鉴别细胞死活
BIOLOGY,细胞是基本的生命系统,多细胞植物没
BIOLOGY,细胞是基本的生命系统,多细胞的动物在生命系统
BIOLOGY,细胞是基本的生命系统,对于动物、人和真菌来说
BIOLOGY,细胞是基本的生命系统,总结无论从结构上还
BIOLOGY,细胞是基本的生命系统,易错：新陈代谢的主要场所是细胞质基质
BIOLOGY,细胞是基本的生命系统,植物细胞结构与动物细胞的区别
BIOLOGY,细胞是基本的生命系统,植物（如冷箭竹）没有系统层次
BIOLOGY,细胞是基本的生命系统,生命活动的基础（一）
BIOLOGY,细胞是基本的生命系统,生命活动的基础（二）
BIOLOGY,细胞是基本的生命系统,生命活动离不开细胞
BIOLOGY,细胞是基本的生命系统,细胞大小与表面积体积比的关系
BIOLOGY,细胞是基本的生命系统,细胞既
BIOLOGY,细胞是基本的生命系统,细胞是基本的生命·冷箭竹
BIOLOGY,细胞是基本的生命系统,细胞是基本的生命·叶
BIOLOGY,细胞是基本的生命系统,细胞是基本的生命·叶的保护组织
BIOLOGY,细胞是基本的生命系统,细胞是基本的生命·叶的表皮细胞
BIOLOGY,细胞是基本的生命系统,细胞是基本的生命·在一定区域内
BIOLOGY,细胞是基本的生命系统,细胞是基本的生命·在同一区域内
BIOLOGY,细胞是基本的生命系统,细胞是基本的生命·无
BIOLOGY,细胞是基本的生命系统,细胞是基本的生命·最大的生命系统
BIOLOGY,细胞是基本的生命系统,细胞是基本的生命·群落和它们所生活的无
BIOLOGY,细胞是基本的生命系统,细胞是生命活动的基本单位
BIOLOGY,细胞是基本的生命系统,细胞是生物体结构和功能的基本单位
BIOLOGY,细胞核的结构和功能,光学显微镜下最容易注意到的细胞中
BIOLOGY,细胞核的结构和功能,功能结论细胞核控制着细胞的代
BIOLOGY,细胞核的结构和功能,变形虫去核与植核实验
BIOLOGY,细胞核的结构和功能,染色体和染色质是同一种物质在
BIOLOGY,细胞核的结构和功能,染色质与染色体以及细胞核的功能
BIOLOGY,细胞核的结构和功能,染色质与染色体的关系
BIOLOGY,细胞核的结构和功能,染色质与染色体的区别
BIOLOGY,细胞核的结构和功能,染色质因容易被碱性染料染成深
BIOLOGY,细胞核的结构和功能,核仁与某种RNA的合成以及核糖体
BIOLOGY,细胞核的结构和功能,核仁的作用
BIOLOGY,细胞核的结构和功能,核仁的作用是与某种RNA
BIOLOGY,细胞核的结构和功能,核孔与核仁的六个易错点
BIOLOGY,细胞核的结构和功能,核孔复合体与细胞核的结构要点
BIOLOGY,细胞核的结构和功能,核孔复合体的双功能与双向性
BIOLOGY,细胞核的结构和功能,核孔并非一个简单的孔道
BIOLOGY,细胞核的结构和功能,核膜核仁的周期性变化与无核细胞
BIOLOGY,细胞核的结构和功能,核膜的层数与核孔的通过性
BIOLOGY,细胞核的结构和功能,没有细胞核
BIOLOGY,细胞核的结构和功能,细胞核功能的实验探究
BIOLOGY,细胞核的结构和功能,细胞核功能的探究实验
BIOLOGY,细胞核的结构和功能,细胞核功能的经典实验探究
BIOLOGY,细胞核的结构和功能,细胞核功（一）
BIOLOGY,细胞核的结构和功能,细胞核功（三）
BIOLOGY,细胞核的结构和功能,细胞核功（二）
BIOLOGY,细胞核的结构和功能,细胞核功（四）
BIOLOGY,细胞核的结构和功能,细胞核各结构的功能辨析
BIOLOGY,细胞核的结构和功能,细胞核四个组成部分及其功能
BIOLOGY,细胞核的结构和功能,细胞核存在的例外（无核细胞）
BIOLOGY,细胞核的结构和功能,细胞核是遗传信息库
BIOLOGY,细胞核的结构和功能,细胞核的分布
BIOLOGY,细胞核的结构和功能,细胞核的功
BIOLOGY,细胞核的结构和功能,细胞核的功能及其实验证据
BIOLOGY,细胞核的结构和功能,细胞核的功能（遗传信息库与控制中心）
BIOLOGY,细胞核的结构和功能,细胞核的功能：遗传信息库与控制中心
BIOLOGY,细胞核的结构和功能,细胞核的存在范围
BIOLOGY,细胞核的结构和功能,细胞核的结构与功能
BIOLOGY,细胞核的结构和功能,细胞核的结构组成
BIOLOGY,细胞核的结构和功能,细胞核的结构（一）
BIOLOGY,细胞核的结构和功能,细胞核的结构（三）
BIOLOGY,细胞核的结构和功能,细胞核的结构（二）
BIOLOGY,细胞核的结构和功能,细胞核的结构（四）
BIOLOGY,细胞核的结构和功能,细胞的生物膜系统与细胞核的结构功能
BIOLOGY,细胞核的结构和功能,美西螈核移植实验、伞藻嫁接
BIOLOGY,细胞核的结构和功能,证明细胞核功能的四个实验及其结论
BIOLOGY,细胞核的结构和功能,证明细胞核功能的经典实验
BIOLOGY,细胞核的结构和功能,除高等植物成熟的筛管细胞和哺
BIOLOGY,细胞生活的环境,不同细胞生活的内环境
BIOLOGY,细胞生活的环境,人体内的细胞与外界环境之间进行物质交
BIOLOGY,细胞生活的环境,体液包括细胞内液和细胞外液
BIOLOGY,细胞生活的环境,体液成分的模式图判断
BIOLOGY,细胞生活的环境,内环境的组成与成分
BIOLOGY,细胞生活的环境,各类细胞生活的内环境
BIOLOGY,细胞生活的环境,组成成分、血浆、组织液、淋巴液
BIOLOGY,细胞生活的环境,细胞、生活的内环境
BIOLOGY,细胞生活的环境,细胞、生活的内环境（续）
BIOLOGY,细胞生活的环境,细胞代谢主要发生在细胞内
BIOLOGY,细胞生活的环境,葡萄糖和氧气进入组织细胞
BIOLOGY,细胞生活的环境,血浆是血细胞生活的液体环境
BIOLOGY,细胞癌变,原癌基因与抑癌基因的作用
BIOLOGY,细胞癌变,原癌基因突变或过量表达而导致相应蛋白
BIOLOGY,细胞癌变,癌细胞的特征
BIOLOGY,细胞癌变,癌细胞的细胞器与膜特点
BIOLOGY,细胞癌变,结肠癌发生原因简化模型
BIOLOGY,细胞的全能性,动物细胞核移植技术与克隆动物
BIOLOGY,细胞的全能性,干细胞（一）
BIOLOGY,细胞的全能性,干细胞（二）
BIOLOGY,细胞的全能性,治疗性克隆与生殖性克隆的分类
BIOLOGY,细胞的全能性,细胞全
BIOLOGY,细胞的全能性,细胞全能性大小的比较与种子繁殖的判断
BIOLOGY,细胞的全能性,细胞全能性的原因与高低比较
BIOLOGY,细胞的全能性,细胞全能性的概念、原因与实例
BIOLOGY,细胞的全能性,细胞全能性的概念与强弱比较
BIOLOGY,细胞的全能性,细胞的全能性（一）
BIOLOGY,细胞的全能性,细胞的全能性（三）
BIOLOGY,细胞的全能性,细胞的全能性（二）
BIOLOGY,细胞的分化与全能性,不同细胞全能性大小的比较
BIOLOGY,细胞的分化与全能性,具有全能性
BIOLOGY,细胞的分化与全能性,分化程度与分裂能力的关系
BIOLOGY,细胞的分化与全能性,植物细胞全能性的概念与原因
BIOLOGY,细胞的分化与全能性,植物细胞表现全能性的条件
BIOLOGY,细胞的分化与全能性,激素受体的分布位置
BIOLOGY,细胞的分化与全能性,细胞全能性强弱的比较规律
BIOLOGY,细胞的分化与全能性,细胞全能性的概念与原因
BIOLOGY,细胞的分化与全能性,细胞全能性高低的比较
BIOLOGY,细胞的分化与全能性,细胞分化与全能性易错判定汇总
BIOLOGY,细胞的分化与全能性,细胞分化使多细胞生物体中
BIOLOGY,细胞的分化与全能性,细胞分化及其意义·遗传物质不变性
BIOLOGY,细胞的分化与全能性,细胞分化的原因是基因的选择性表达
BIOLOGY,细胞的分化与全能性,细胞分化的意义及与细胞分裂的关系
BIOLOGY,细胞的分化与全能性,细胞分化程度与全能性大小的关系
BIOLOGY,细胞的分化与全能性,细胞核全能性的表达
BIOLOGY,细胞的多样性和统一性,代谢旺盛细胞的形态特征
BIOLOGY,细胞的多样性和统一性,原核细胞与真核细胞的“不一定”
BIOLOGY,细胞的多样性和统一性,生物界与非生物界元素的统一性和差异性
BIOLOGY,细胞的多样性和统一性,细胞多样性与统一性的知识脉络
BIOLOGY,细胞的多样性和统一性,细胞多样性和统一性的体现
BIOLOGY,细胞的多样性和统一性,细胞多样性的体现与原因
BIOLOGY,细胞的多样性和统一性,细胞多样性的原因
BIOLOGY,细胞的多样性和统一性,细胞多样性的常见特例
BIOLOGY,细胞的多样性和统一性,细胞多样性的表现与三点原因
BIOLOGY,细胞的多样性和统一性,细胞的多样性与统一性
BIOLOGY,细胞的多样性和统一性,细胞统一性与多样性的原因
BIOLOGY,细胞的死亡,ROS 氧化生物膜与蛋白质导致膜损伤
BIOLOGY,细胞的死亡,导管细胞的形成与特点
BIOLOGY,细胞的死亡,细胞凋亡与细胞坏死的辨析
BIOLOGY,细胞的死亡,细胞凋亡（一）
BIOLOGY,细胞的死亡,细胞凋亡（三）
BIOLOGY,细胞的死亡,细胞凋亡（二）
BIOLOGY,细胞的死亡,细胞坏死
BIOLOGY,细胞的死亡,细胞坏死与细胞凋亡的区别
BIOLOGY,细胞的死亡,细胞坏死及与凋亡的区别
BIOLOGY,细胞的死亡,细胞死亡方式
BIOLOGY,细胞的死亡,细胞的铁死亡
BIOLOGY,细胞的死亡,细胞自噬的概念与作用
BIOLOGY,细胞的死亡,细胞自噬（一）
BIOLOGY,细胞的死亡,细胞自噬（二）
BIOLOGY,细胞的生物膜系统,固醇三类及其功能
BIOLOGY,细胞的生物膜系统,核膜属于生物膜系统但不属于细胞器
BIOLOGY,细胞的生物膜系统,生物体主要
BIOLOGY,细胞的生物膜系统,生物膜为酶提供大量附着位点
BIOLOGY,细胞的生物膜系统,生物膜是指内质网、高尔基体等
BIOLOGY,细胞的生物膜系统,生物膜系统与物质运输、能量转化和信息传递
BIOLOGY,细胞的生物膜系统,生物膜系统分隔细胞器使反应互不干扰
BIOLOGY,细胞的生物膜系统,生物膜系统的组成与判断
BIOLOGY,细胞的生物膜系统,生物膜系统的组成与功能
BIOLOGY,细胞的生物膜系统,磷脂的组成与功能
BIOLOGY,细胞的生物膜系统,细胞区室化对代谢高效有序进行的意义
BIOLOGY,细胞的生物膜系统,细胞器按膜结构层数的归类
BIOLOGY,细胞的生物膜系统,细胞的生物膜系统（一）
BIOLOGY,细胞的生物膜系统,细胞的生物膜系统（二）
BIOLOGY,细胞的生物膜系统,许多化学反应在生物膜上进行
BIOLOGY,细胞的生物膜系统,转化场所、常见的生理过程
BIOLOGY,细胞的生物膜系统,转化场所、常见的生理过程（续）
BIOLOGY,细胞的统一性,生物界与无机自然界元素的统一性与差异性
BIOLOGY,细胞膜-质膜-的功能,mRNA、tRNA、rRNA的功能分工
BIOLOGY,细胞膜-质膜-的功能,三种固醇的功能
BIOLOGY,细胞膜-质膜-的功能,主要免疫细胞的功能
BIOLOGY,细胞膜-质膜-的功能,半透膜与选择透过性膜的区别与联系
BIOLOGY,细胞膜-质膜-的功能,常见元素的功能及缺乏症速查
BIOLOGY,细胞膜-质膜-的功能,引物3′端与5′端的功能差异
BIOLOGY,细胞膜-质膜-的功能,核孔复合体的功能特点
BIOLOGY,细胞膜-质膜-的功能,核孔的功能与物质进出特点
BIOLOGY,细胞膜-质膜-的功能,核膜、核孔、核仁的功能特点
BIOLOGY,细胞膜-质膜-的功能,细胞膜控制物质进出与信息交流功能的验证方法
BIOLOGY,细胞膜-质膜-的功能,细胞膜控制物质进出细胞的功能及其普遍性和相对性
BIOLOGY,细胞膜-质膜-的功能,细胞膜的两大特性：结构特性与功能特性
BIOLOGY,细胞膜-质膜-的功能,细胞间的信息交流
BIOLOGY,细胞膜-质膜-的功能,血钙的功能与含量异常表现
BIOLOGY,细胞膜成分和结构的探究历程,制备细胞膜的材料选择
BIOLOGY,细胞膜成分和结构的探究历程,动态结构模型的提出
BIOLOGY,细胞膜成分和结构的探究历程,动植物细胞亚显微结构的区别与共有结构
BIOLOGY,细胞膜成分和结构的探究历程,哺乳动物成熟红细胞作为研究细胞膜的材料及其血影
BIOLOGY,细胞膜成分和结构的探究历程,对细胞膜成分的探索
BIOLOGY,细胞膜成分和结构的探究历程,对细胞膜结构的探·方法
BIOLOGY,细胞膜成分和结构的探究历程,对细胞膜结构的探·模型名称
BIOLOGY,细胞膜成分和结构的探究历程,对细胞膜结构的探·科学家
BIOLOGY,细胞膜成分和结构的探究历程,对细胞膜结构的探·结果
BIOLOGY,细胞膜成分和结构的探究历程,对细胞膜结构的探·这一实验及相关的其他
BIOLOGY,细胞膜成分和结构的探究历程,成分或结构、时期、原因
BIOLOGY,细胞膜成分和结构的探究历程,新技术带来新模型
BIOLOGY,细胞膜成分和结构的探究历程,欧文顿实验：脂溶性物质易穿过细胞膜
BIOLOGY,细胞膜成分和结构的探究历程,油脂的表面如果吸附
BIOLOGY,细胞膜成分和结构的探究历程,磷脂分子在空气—水界面与水环境中的两种排列方式
BIOLOGY,细胞膜成分和结构的探究历程,磷脂分子在细胞膜中排列方式探
BIOLOGY,细胞膜成分和结构的探究历程,磷脂单分子层面积为表面积2倍的推论
BIOLOGY,细胞膜成分和结构的探究历程,细胞膜中脂质成分实验探究
BIOLOGY,细胞膜成分和结构的探究历程,细胞膜成分
BIOLOGY,细胞膜成分和结构的探究历程,细胞膜成分与结构探索中的科学家与结论
BIOLOGY,细胞膜成分和结构的探究历程,细胞膜成分与结构探索的关键结论
BIOLOGY,细胞膜成分和结构的探究历程,细胞膜成分与结构的探索历程
BIOLOGY,细胞膜成分和结构的探究历程,细胞膜成分探索的四个关键实验与结论
BIOLOGY,细胞膜成分和结构的探究历程,细胞膜成分探索的科学史实验
BIOLOGY,细胞膜成分和结构的探究历程,细胞膜成分的检测方法（脂质与蛋白质）
BIOLOGY,细胞膜成分和结构的探究历程,细胞膜成分的鉴定方法
BIOLOGY,细胞膜成分和结构的探究历程,细胞膜的成分
BIOLOGY,细胞膜成分和结构的探究历程,细胞膜的成分·实验
BIOLOGY,细胞膜成分和结构的探究历程,细胞膜的成分·实验前提
BIOLOGY,细胞膜成分和结构的探究历程,细胞膜的成分·科学家
BIOLOGY,细胞膜成分和结构的探究历程,细胞膜的成分·结论
BIOLOGY,细胞膜成分和结构的探究历程,细胞膜结构与功能的探究设计
BIOLOGY,细胞膜成分和结构的探究历程,细胞膜结构模型的证据链分析
BIOLOGY,细胞膜成分和结构的探究历程,罗伯特森的静态统一模型
BIOLOGY,细胞膜成分和结构的探究历程,胆固醇的两项主要功能
BIOLOGY,细胞膜成分和结构的探究历程,静态结构模型的提出（一）
BIOLOGY,细胞膜成分和结构的探究历程,静态结构模型的提出（二）
BIOLOGY,细胞膜的结构和功能,不同生物膜成分与功能的对应关系
BIOLOGY,细胞膜的结构和功能,不同细胞膜的主要成分都是蛋白质和磷脂
BIOLOGY,细胞膜的结构和功能,五种常考的膜蛋白及其功能
BIOLOGY,细胞膜的结构和功能,从哺乳动物成熟的红细胞、原核
BIOLOGY,细胞膜的结构和功能,具有双层膜的细胞结构
BIOLOGY,细胞膜的结构和功能,制备细胞膜一般选用哺乳动物成
BIOLOGY,细胞膜的结构和功能,制备细胞膜的材料选择与原理
BIOLOGY,细胞膜的结构和功能,受体蛋白与载体蛋白的区别
BIOLOGY,细胞膜的结构和功能,哺乳动物成熟红细胞的结构与代谢特点
BIOLOGY,细胞膜的结构和功能,四种常考的膜蛋白
BIOLOGY,细胞膜的结构和功能,因由磷脂双分子层构成的脂质体
BIOLOGY,细胞膜的结构和功能,在活细胞中
BIOLOGY,细胞膜的结构和功能,对细胞主要由磷脂双分子层构成的原因
BIOLOGY,细胞膜的结构和功能,欧文顿实验推测细胞膜
BIOLOGY,细胞膜的结构和功能,流动镶嵌模型的要点与细胞膜功能
BIOLOGY,细胞膜的结构和功能,由表面张力推测细胞膜上有蛋白质
BIOLOGY,细胞膜的结构和功能,磷脂双分子层≠双层膜
BIOLOGY,细胞膜的结构和功能,糖蛋白指一些多糖与蛋白质的复合体
BIOLOGY,细胞膜的结构和功能,细胞的基本结构：细胞膜、细胞核与细胞器的分工
BIOLOGY,细胞膜的结构和功能,细胞膜上五种常考膜蛋白及功能
BIOLOGY,细胞膜的结构和功能,细胞膜上四种常考膜蛋白
BIOLOGY,细胞膜的结构和功能,细胞膜不是静止不动
BIOLOGY,细胞膜的结构和功能,细胞膜与细胞核易错辨析集
BIOLOGY,细胞膜的结构和功能,细胞膜中糖类占2%-10%形成糖被
BIOLOGY,细胞膜的结构和功能,细胞膜中脂质约占50%且磷脂最丰富
BIOLOGY,细胞膜的结构和功能,细胞膜中蛋白质约占40%与功能复杂性
BIOLOGY,细胞膜的结构和功能,细胞膜主要
BIOLOGY,细胞膜的结构和功能,细胞膜具有控制物质进出细胞的功能
BIOLOGY,细胞膜的结构和功能,细胞膜流动性的实例与鉴定
BIOLOGY,细胞膜的结构和功能,细胞膜流动性的表现实例
BIOLOGY,细胞膜的结构和功能,细胞膜的三大功
BIOLOGY,细胞膜的结构和功能,细胞膜的三大功能与信息交流方式
BIOLOGY,细胞膜的结构和功能,细胞膜的主要成分是脂质和蛋白质
BIOLOGY,细胞膜的结构和功能,细胞膜的功能特点：选择透过性
BIOLOGY,细胞膜的结构和功能,细胞膜的功能（一）
BIOLOGY,细胞膜的结构和功能,细胞膜的功能（三）
BIOLOGY,细胞膜的结构和功能,细胞膜的功能（二）
BIOLOGY,细胞膜的结构和功能,细胞膜的外表面
BIOLOGY,细胞膜的结构和功能,细胞膜的成分 结构与功能
BIOLOGY,细胞膜的结构和功能,细胞膜的成分、结构模型与功能
BIOLOGY,细胞膜的结构和功能,细胞膜的成分与标记方法
BIOLOGY,细胞膜的结构和功能,细胞膜的成分及其可变性
BIOLOGY,细胞膜的结构和功能,细胞膜的成分及各成分的含量与作用
BIOLOGY,细胞膜的结构和功能,细胞膜的成分及特点
BIOLOGY,细胞膜的结构和功能,细胞膜的流动性是由于组成细胞膜
BIOLOGY,细胞膜的结构和功能,细胞膜的组成成分与比例
BIOLOGY,细胞膜的结构和功能,细胞膜的结构特性是具有流动性
BIOLOGY,细胞膜的结构和功能,细胞膜的结构特点
BIOLOGY,细胞膜的结构和功能,细胞膜的结构特点：具有一定的流动性
BIOLOGY,细胞膜的结构和功能,细胞膜的选择透过性及原因
BIOLOGY,细胞膜的结构和功能,细胞膜的选择透过性：主动选择性控制物质进出
BIOLOGY,细胞膜的结构和功能,细胞膜结构的电镜照片
BIOLOGY,细胞膜的结构和功能,细胞间信息交流不一定
BIOLOGY,细胞膜的结构和功能,细胞间信息交流方式主要
BIOLOGY,细胞膜的结构和功能,细胞间信息交流的方式多种多样
BIOLOGY,细胞膜的结构和功能,细胞间信息交流：细胞膜直接接触
BIOLOGY,细胞膜的结构和功能,细胞间信息交流：胞间连丝通道传递
BIOLOGY,细胞膜的结构和功能,结构特点与功能特点的关系
BIOLOGY,细胞膜的结构和功能,罗伯特森在电镜下看到了细胞膜
BIOLOGY,细胞膜的结构和功能,耐寒性指标与膜流动性
BIOLOGY,细胞膜的结构和功能,胆固醇与动物细胞膜
BIOLOGY,细胞膜的结构和功能,膜内部分是疏水
BIOLOGY,细胞膜的结构和功能,膜蛋白分布与细胞骨架成分的辨析
BIOLOGY,细胞膜的结构和功能,蛋白质分子以不同方式镶嵌在
BIOLOGY,细胞膜的结构和功能,蛋白质在细胞膜行使功
BIOLOGY,细胞膜的结构和功能,跨膜蛋白各区段的亲疏水性判断
BIOLOGY,细胞膜的结构和功能,鉴定动物细胞
BIOLOGY,细胞自噬,细胞自噬及其与凋亡的区别
BIOLOGY,细胞自噬,细胞自噬的概念与功能
BIOLOGY,细胞融合,利用人鼠杂交细胞定位基因的方法
BIOLOGY,细胞融合,动物细胞融合技术就是使两个或多个动物
BIOLOGY,细胞融合,动物细胞融合技术的原理、诱导方法与意义
BIOLOGY,细胞融合,植物体细胞杂交
BIOLOGY,细胞融合,植物体细胞杂交与动物细胞融合的比较
BIOLOGY,细胞融合,细胞融合技术突破了有性杂交的局限
BIOLOGY,细胞衰老,在成熟的生物体中
BIOLOGY,细胞衰老,细胞内的水分减少
BIOLOGY,细胞衰老,细胞的衰老
BIOLOGY,细胞衰老,细胞衰老与个体衰老的关系
BIOLOGY,细胞衰老,细胞衰老在个体上的表现
BIOLOGY,细胞衰老,细胞衰老的主要特征
BIOLOGY,细胞衰老,细胞衰老的原因（一）
BIOLOGY,细胞衰老,细胞衰老的原因（二）
BIOLOGY,细胞衰老,细胞衰老的学说与个体衰老的关系
BIOLOGY,细胞衰老,细胞衰老的形态与物质变化
BIOLOGY,细胞衰老,细胞衰老的检测指标与机制
BIOLOGY,细胞衰老,细胞衰老的特征
BIOLOGY,细胞衰老,细胞衰老的特征、原因与个体衰老的关系
BIOLOGY,细胞衰老,细胞衰老的特征（一）
BIOLOGY,细胞衰老,细胞衰老的特征（三）
BIOLOGY,细胞衰老,细胞衰老的特征（二）
BIOLOGY,细胞衰老,细胞衰老的端粒学说
BIOLOGY,细胞衰老,细胞衰老的端粒学说与端粒酶
BIOLOGY,细胞衰老,细胞衰老的结果
BIOLOGY,细胞衰老,细胞衰老的自由基学说与端粒学说
BIOLOGY,细胞衰老,细胞衰老的过程
BIOLOGY,细胞衰老,细胞衰老记忆口诀与人体衰老表现的原因对应
BIOLOGY,细胞衰老,老年人白发与白化病患者白发的成因辨析
BIOLOGY,细胞衰老,自由基学说（自由基造成细胞损伤的机制）
BIOLOGY,细胞衰老,衰老细胞的“三低”与外观表现
BIOLOGY,细胞衰老,衰老细胞的细胞核变化特征
BIOLOGY,细胞骨架,细胞质基质与细胞骨架
BIOLOGY,细胞骨架,细胞骨架的成分与功能
BIOLOGY,细胞骨架,细胞骨架：维持细胞形态与内部运动（微丝微管）
BIOLOGY,结束后-应将耐药菌-培养基-纸片等进行高温灭菌处理-防止对环境造成污染,几种常用鉴别培养基的用途与特征性变化
BIOLOGY,结束后-应将耐药菌-培养基-纸片等进行高温灭菌处理-防止对环境造成污染,培养基的分类
BIOLOGY,结束后-应将耐药菌-培养基-纸片等进行高温灭菌处理-防止对环境造成污染,培养基的概念、作用与分类
BIOLOGY,结束后-应将耐药菌-培养基-纸片等进行高温灭菌处理-防止对环境造成污染,培养基的水与无机盐及对 pH、特殊营养和氧的需求
BIOLOGY,结束后-应将耐药菌-培养基-纸片等进行高温灭菌处理-防止对环境造成污染,选择培养基的设计思路与三类实例
BIOLOGY,结束后-应将耐药菌-培养基-纸片等进行高温灭菌处理-防止对环境造成污染,选择培养基筛选目标菌的方法
BIOLOGY,结束后-应将耐药菌-培养基-纸片等进行高温灭菌处理-防止对环境造成污染,鉴别培养基与指示剂的使用
BIOLOGY,群落的主要类型及群落的演替,垂直结构涉及的是群落中“不同物种”在
BIOLOGY,群落的主要类型及群落的演替,性别决定的主要类型
BIOLOGY,群落的主要类型及群落的演替,我国森林群落从北到南的分布类型
BIOLOGY,群落的主要类型及群落的演替,根据群落的外貌和物种组成等方面的差异
BIOLOGY,群落的主要类型及群落的演替,森林为动物提供了丰富的食物和栖息场所
BIOLOGY,群落的主要类型及群落的演替,森林生物群落的特点与阳生及阴生植物
BIOLOGY,群落的主要类型及群落的演替,火灾后森林的演替类型
BIOLOGY,群落的主要类型及群落的演替,现代生物进化理论的主要内容及新发展
BIOLOGY,群落的主要类型及群落的演替,生态位包括生物所处的空间
BIOLOGY,群落的主要类型及群落的演替,生态位是指一个物种在群落中
BIOLOGY,群落的主要类型及群落的演替,生物对环境的适应与其他生物群落
BIOLOGY,群落的主要类型及群落的演替,群落演替的概念与两种类型
BIOLOGY,群落的主要类型及群落的演替,群落的主要种间关系
BIOLOGY,群落的主要类型及群落的演替,群落的主要类型与生物的适应性
BIOLOGY,群落的主要类型及群落的演替,群落的主要类型与生物适应性
BIOLOGY,群落的主要类型及群落的演替,群落的主要类型及其特征
BIOLOGY,群落的主要类型及群落的演替,草原主要分布在半干旱地区
BIOLOGY,群落的主要类型及群落的演替,草原生物群落的特点与生物适应特征
BIOLOGY,群落的主要类型及群落的演替,荒漠中的生物具有耐旱的特性
BIOLOGY,群落的主要类型及群落的演替,荒漠生物群落的特点与生物适应特征
BIOLOGY,群落的主要类型及群落的演替,调查某种植物或活动范围较小
BIOLOGY,群落的演替,两类演替的区别与人类活动的影响
BIOLOGY,群落的演替,二看法区分初生演替和次生演替
BIOLOGY,群落的演替,人类活动对群落演替的影响
BIOLOGY,群落的演替,人类活动往往使群落演替按照不同于自然
BIOLOGY,群落的演替,初生演替与次生演替
BIOLOGY,群落的演替,初生演替与次生演替的判断
BIOLOGY,群落的演替,初生演替与次生演替的判断及先锋种
BIOLOGY,群落的演替,初生演替是指在一个从来没有被植物覆盖
BIOLOGY,群落的演替,初生演替的阶段顺序
BIOLOGY,群落的演替,影响群落演替的因素
BIOLOGY,群落的演替,影响群落演替的因素与人类活动的作用
BIOLOGY,群落的演替,方向、简单→复杂→稳定、复杂→简单→稳定
BIOLOGY,群落的演替,次生演替中土壤动物功能多样性的变化
BIOLOGY,群落的演替,次生演替的典型实例
BIOLOGY,群落的演替,次生演替的过程与群落演替的一般特征
BIOLOGY,群落的演替,淡水水域污染后富营养化
BIOLOGY,群落的演替,演替类型与群落结构的辨析
BIOLOGY,群落的演替,演替过程中一些种群取代另一些种群
BIOLOGY,群落的演替,由物种组成变化判断群落演替
BIOLOGY,群落的演替,群落演替的实质与影响因素
BIOLOGY,群落的演替,群落演替的概念、类型与影响因素
BIOLOGY,群落的演替,群落演替的概念与初生演替
BIOLOGY,群落的演替,群落的演替类型与影响因素
BIOLOGY,群落的演替,群落相关易错辨析
BIOLOGY,群落的演替,裸岩上初生演替的阶段顺序
BIOLOGY,群落的演替,裸岩上的演替要经历地衣阶段
BIOLOGY,群落的演替,裸岩鼠丘的次生演替与优势种判断
BIOLOGY,群落的演替,随着时间的推移
BIOLOGY,群落的结构,互利共生与原始合作的实例辨析
BIOLOGY,群落的结构,互利共生与原始合作的辨析
BIOLOGY,群落的结构,优势种的判断依据与生态位的形成
BIOLOGY,群落的结构,优势种的概念
BIOLOGY,群落的结构,动物垂直分层的原因：食物与栖息空间
BIOLOGY,群落的结构,原始合作与互利共生
BIOLOGY,群落的结构,土壤小动物对动植物遗体
BIOLOGY,群落的结构,在相同时间聚集在一定地域中
BIOLOGY,群落的结构,垂直结构与植被类型分布差异的辨析
BIOLOGY,群落的结构,垂直结构与水平结构的判断
BIOLOGY,群落的结构,寄生与捕食、腐生的区别
BIOLOGY,群落的结构,寄生与捕食的实例辨析
BIOLOGY,群落的结构,层片、群落的垂直结构与时间结构
BIOLOGY,群落的结构,常用的统计物种相对数量的方法有两种
BIOLOGY,群落的结构,捕食、寄生与种间竞争
BIOLOGY,群落的结构,捕食和竞争都是不利
BIOLOGY,群落的结构,施肥提高土壤肥力却降低乔木幼苗存活率的解释
BIOLOGY,群落的结构,森林群落的分层现象
BIOLOGY,群落的结构,植物垂直分层的原因：对光的利用
BIOLOGY,群落的结构,每个物种都有自己在群落中的地位或作用
BIOLOGY,群落的结构,水生植物分层与生态修复的物种配置
BIOLOGY,群落的结构,物种丰富度与种群密度调查结果的辨析
BIOLOGY,群落的结构,生态交错区与边缘效应
BIOLOGY,群落的结构,种群的空间特征与群落的空间结构
BIOLOGY,群落的结构,种间关系主要有原始合作（互惠）
BIOLOGY,群落的结构,种间关系的五种类型及其数量变化特点
BIOLOGY,群落的结构,种间关系的六种类型
BIOLOGY,群落的结构,种间关系的类型与数量曲线
BIOLOGY,群落的结构,种间竞争的实例与本质
BIOLOGY,群落的结构,群落中每种生物都占据着相对稳定
BIOLOGY,群落的结构,群落垂直结构提高资源利用率与种间竞争
BIOLOGY,群落的结构,群落的垂直结构
BIOLOGY,群落的结构,群落的垂直结构及其决定因素与意义
BIOLOGY,群落的结构,群落的季节性
BIOLOGY,群落的结构,群落的季节性变化
BIOLOGY,群落的结构,群落的概念、物种组成与种间关系
BIOLOGY,群落的结构,群落的概念与物种丰富度
BIOLOGY,群落的结构,群落的概念与物种组成
BIOLOGY,群落的结构,群落的概念：一定区域所有生物种群集合
BIOLOGY,群落的结构,群落的水平结构
BIOLOGY,群落的结构,群落的水平结构及其决定因素
BIOLOGY,群落的结构,群落的物种组成、物种丰富度与优势种
BIOLOGY,群落的结构,群落的物种组成与物种丰富度
BIOLOGY,群落的结构,群落的物种组成与种间关系
BIOLOGY,群落的结构,群落的空间结构与季节性
BIOLOGY,群落的结构,群落的结构特征不仅表现在垂直方向上
BIOLOGY,群落的结构,若两种生物的最大数量有明显差异
BIOLOGY,群落的结构,过渡带与群落概念的判断
BIOLOGY,群落的结构,高斯对大草履虫与双小核草履虫种间竞争的研究
BIOLOGY,翻译,tRNA的结构与功能（反密码子）
BIOLOGY,翻译,多聚核糖体与三种翻译模型的分析
BIOLOGY,翻译,多聚核糖体模型与翻译易错辨析
BIOLOGY,翻译,密码子、tRNA与翻译过程
BIOLOGY,翻译,密码子与反密码子配对的灵活性
BIOLOGY,翻译,翻译的场所与蛋白质合成的四个步骤
BIOLOGY,翻译,翻译的定义与场所
BIOLOGY,翻译,翻译的条件与肽链合成过程
BIOLOGY,翻译,蛋白质合成过程中的方向、所需RNA与产物加工
BIOLOGY,翻译,遗传信息的翻译与多聚核糖体
BIOLOGY,翻译,遗传信息的翻译的概念
BIOLOGY,联会,同源染色体配对——联会
BIOLOGY,联会,端粒的结构与在联会中的作用
BIOLOGY,育种,三系法杂交水稻中的育性恢复与核质互作
BIOLOGY,育种,不同育种方法的原理与过程
BIOLOGY,育种,五种育种方法的原理与优缺点比较
BIOLOGY,育种,五种育种方法的原理与适用对象对照
BIOLOGY,育种,六种育种方式的原理、优缺点比较
BIOLOGY,育种,几种常见育种方式的比较
BIOLOGY,育种,几种育种方式的比较（原理、方法与优缺点）
BIOLOGY,育种,利用连锁标记快速筛选雄性不育种子
BIOLOGY,育种,单亲基因组消除育种技术
BIOLOGY,育种,单倍体育种 多倍体育种与低温诱导实验
BIOLOGY,育种,单倍体育种与多倍体育种的区别
BIOLOGY,育种,单倍体育种的过程与优点
BIOLOGY,育种,单倍体育种的过程如下
BIOLOGY,育种,回交在杂交育种中的利用
BIOLOGY,育种,回交在育种中的应用
BIOLOGY,育种,基因重组的结果、意义与杂交育种
BIOLOGY,育种,存在生殖隔离时的育种方法与选择作用
BIOLOGY,育种,杂交育种与杂种优势
BIOLOGY,育种,杂交选优育种与杂种优势
BIOLOGY,育种,杂种优势及其固定方法
BIOLOGY,育种,杂种优势：杂合子产量往往高于纯合子
BIOLOGY,育种,植物组织培养中突变体的利用
BIOLOGY,育种,稳定遗传株系的筛选方法
BIOLOGY,育种,育种方式的选择与常规育种方案对照
BIOLOGY,育种,育种方式选择：按设问关键词匹配方案
BIOLOGY,育种,育种方案的评价与回交原理
BIOLOGY,育种,育种方案设计中的易错点
BIOLOGY,育种,花药培养和花粉培养是人工诱导单倍体
BIOLOGY,育种,诱变育种的原理、过程与优缺点
BIOLOGY,育种,诱变育种的原理与优缺点
BIOLOGY,育种,诱变育种的原理与特点
BIOLOGY,肺炎链球菌转化实验,S型与R型肺炎链球菌的区别
BIOLOGY,肺炎链球菌转化实验,S型细菌与R型细菌的比较
BIOLOGY,肺炎链球菌转化实验,S型细菌的致病机理
BIOLOGY,肺炎链球菌转化实验,体内与体外转化实验的结论区别
BIOLOGY,肺炎链球菌转化实验,体内转化中只有部分R型细菌发生转化
BIOLOGY,肺炎链球菌转化实验,格里菲思与艾弗里的肺炎链球菌转化实验
BIOLOGY,肺炎链球菌转化实验,格里菲思体内转化实验
BIOLOGY,肺炎链球菌转化实验,格里菲思的体内转化实验
BIOLOGY,肺炎链球菌转化实验,格里菲思的肺炎链球菌体内转化实验
BIOLOGY,肺炎链球菌转化实验,肺炎链球菌R型与S型的区别
BIOLOGY,肺炎链球菌转化实验,肺炎链球菌体内转化实验四组结果的分析
BIOLOGY,肺炎链球菌转化实验,肺炎链球菌的感受态与转化机制
BIOLOGY,肺炎链球菌转化实验,肺炎链球菌转化的实质是基因重组
BIOLOGY,肺炎链球菌转化实验,肺炎链球菌转化的机理（拓展）
BIOLOGY,肺炎链球菌转化实验,艾弗里体外转化实验
BIOLOGY,肺炎链球菌转化实验,艾弗里的体外转化实验
BIOLOGY,肺炎链球菌转化实验,艾弗里的体外转化实验与自变量控制原理
BIOLOGY,肺炎链球菌转化实验,转化实验中的转化实质与加热的影响
BIOLOGY,肺炎链球菌转化实验,转化实验中遗传物质变化的辨析
BIOLOGY,胚胎工程,从从输卵管中冲取的卵母细胞卵子
BIOLOGY,胚胎工程,动物细胞核移植技术中普遍使用
BIOLOGY,胚胎工程,卵子的体外成熟与胚胎发育阶段
BIOLOGY,胚胎工程,卵裂期胚胎发育过程中物质和体积变化
BIOLOGY,胚胎工程,受精过程与胚胎早期发育
BIOLOGY,胚胎工程,哺乳动物核移植可以分
BIOLOGY,胚胎工程,哺乳动物的体外受精技术主要包括卵母细
BIOLOGY,胚胎工程,囊胚中内细胞团与滋养层的发育去向
BIOLOGY,胚胎工程,囊胚培养的物质交换与孵化
BIOLOGY,胚胎工程,在自然条件下
BIOLOGY,胚胎工程,嵌合胚胎培育人源器官的技术流程分析
BIOLOGY,胚胎工程,成熟的精子并不代表具有受精能力
BIOLOGY,胚胎工程,核移植中供体动物、提供卵母细胞
BIOLOGY,胚胎工程,滋养层≠饲养层
BIOLOGY,胚胎工程,精子入卵后
BIOLOGY,胚胎工程,细胞工程与胚胎工程的易混易错辨析
BIOLOGY,胚胎工程,胚胎分割所需要的主要仪器设备
BIOLOGY,胚胎工程,胚胎分割的操作程序与优势、问题
BIOLOGY,胚胎工程,胚胎工程是指对生殖细胞
BIOLOGY,胚胎工程,胚胎工程的概念与操作对象
BIOLOGY,胚胎工程,胚胎早期发育的阶段与各结构发育方向
BIOLOGY,胚胎工程,胚胎移植与胚胎分割
BIOLOGY,胚胎工程,胚胎移植实质上是早期胚胎在
BIOLOGY,胚胎工程,胚胎移植是指将通过体外受精及其他方式
BIOLOGY,胚胎工程,胚胎移植的生理学基础与基本过程
BIOLOGY,胚胎工程,胚胎移植的胚胎来源及生殖方式辨析
BIOLOGY,胚胎工程,胚胎移植首例与精子获能的史实
BIOLOGY,胚胎工程,试管婴儿与设计试管婴儿的比较
BIOLOGY,胚胎工程,超数排卵、同期发情与卵裂期体积变化
BIOLOGY,胚胎工程,超数排卵处理中使用
BIOLOGY,胚胎工程,防止多精入卵的两道屏障
BIOLOGY,胞吐,胞吐与细胞膜面积的暂时变化
BIOLOGY,胞吐,胞吐的特点与实例
BIOLOGY,胞吐,胞吐的过程与特点
BIOLOGY,胞吞,大分子物质经胞吞进入细胞
BIOLOGY,胞吞,胞吞与胞吐
BIOLOGY,胞吞,胞吞与胞吐运输的物质不都是大分子
BIOLOGY,胞吞,胞吞的过程
BIOLOGY,胞吞,胞吞的过程与特点
BIOLOGY,胞吞,胞吞降低细胞膜上转运蛋白的数量
BIOLOGY,胰岛素,升高血糖与降低血糖的激素
BIOLOGY,胰岛素,影响胰岛素分泌的信号分子有葡萄糖
BIOLOGY,胰岛素,糖尿病的两种类型与成因
BIOLOGY,胰岛素,胰岛素与促葡萄糖利用药物调节作用的异同
BIOLOGY,胰岛素,胰岛素降血糖的机理与血糖平衡的调节
BIOLOGY,胰岛素,血糖平衡的调节
BIOLOGY,胰岛素,血糖的来源与去向
BIOLOGY,胰高血糖素,易错：胰高血糖素不能促进肌糖原分解升血糖
BIOLOGY,胰高血糖素,胰岛素与胰高血糖素的作用及相互关系
BIOLOGY,胰高血糖素,胰岛素与胰高血糖素的功能及糖尿病
BIOLOGY,能量流动,GP、NP、R的关系与传递效率的研究单位
BIOLOGY,能量流动,“定量定时”情境下的第4个去路
BIOLOGY,能量流动,“拼图法”分析能量流动的过程
BIOLOGY,能量流动,三种生态金字塔的特点
BIOLOGY,能量流动,人工林能量流动图的读法
BIOLOGY,能量流动,同化量一来二去
BIOLOGY,能量流动,同化量的分流与生态金字塔
BIOLOGY,能量流动,含人工输入的能量流动计算
BIOLOGY,能量流动,吸能反应、放能反应与ATP的能量流通
BIOLOGY,能量流动,帮助人们将生物在时间
BIOLOGY,能量流动,摄入能量与同化能量的去向
BIOLOGY,能量流动,摄入量≠同化量
BIOLOGY,能量流动,摄入量、同化量与粪便能量的关系
BIOLOGY,能量流动,摄入量与同化量的关系
BIOLOGY,能量流动,数量金字塔的倒置与能量传递效率的适用范围
BIOLOGY,能量流动,无人工能量输入时同化量与传递效率的计算
BIOLOGY,能量流动,有能量的人工输入时总能量与传递效率的计算
BIOLOGY,能量流动,林德曼对赛达伯格湖能量流动的定量分析
BIOLOGY,能量流动,某一营养级同化量的去向
BIOLOGY,能量流动,消费者粪便中能量的归属与未利用能量
BIOLOGY,能量流动,生产者与消费者的能量流动去向
BIOLOGY,能量流动,生态系统的能量流动
BIOLOGY,能量流动,生态系统能量流动的过程与特点
BIOLOGY,能量流动,生态金字塔与某一营养级同化量的去路
BIOLOGY,能量流动,生态金字塔的类型及特点
BIOLOGY,能量流动,生物量金字塔与生态营养转化效率
BIOLOGY,能量流动,用于生长、发育和繁殖的能量的三个去向
BIOLOGY,能量流动,用有机物总量与呼吸散失量计算同化量
BIOLOGY,能量流动,由能量流动图计算同化量与传递效率
BIOLOGY,能量流动,碳元素在食物链中的传递与负反馈调节
BIOLOGY,能量流动,稻渔互促模式对能量流动方向与稳定性的影响
BIOLOGY,能量流动,能量传递效率与能量利用率的区别
BIOLOGY,能量流动,能量传递效率与营养级数量的常见错项
BIOLOGY,能量流动,能量传递效率体现的是能量流动过程中
BIOLOGY,能量流动,能量传递效率是指“相邻两营养级”间
BIOLOGY,能量流动,能量传递效率的研究单位与食物链计数
BIOLOGY,能量流动,能量传递的最值计算与能量分配调整
BIOLOGY,能量流动,能量分配与能量调整类计算的解题思路
BIOLOGY,能量流动,能量利用率与能量传递效率
BIOLOGY,能量流动,能量流动中的定值计算原理
BIOLOGY,能量流动,能量流动中的最值计算
BIOLOGY,能量流动,能量流动特点一：单向流动（不能逆流、不能循环）
BIOLOGY,能量流动,能量流动的两条守恒关系
BIOLOGY,能量流动,能量流动的概念与流经生态系统的总能量
BIOLOGY,能量流动,能量流动的特点
BIOLOGY,能量流动,能量流动的特点与能量传递效率
BIOLOGY,能量流动,能量流动的特点（单向流动、逐级递减）
BIOLOGY,能量流动,能量流动的过程（输入、传递、转化、散失）
BIOLOGY,能量流动,能量流动计算的解题思想与两大考向
BIOLOGY,能量流动,能量金字塔中每一塔级应代表一个营养级
BIOLOGY,能量流动,藻类固定光能的去向与传递效率计算
BIOLOGY,能量流动,输入生态系统的总能量
BIOLOGY,能量流动,食物比例调整类计算与生物富集判断食物链
BIOLOGY,脂质,日光照射与维生素D、钙磷吸收的关系
BIOLOGY,脂质,脂肪与磷脂的元素组成差异
BIOLOGY,脂质,脂肪与磷脂的分子组成差异
BIOLOGY,脂质,脂质的分类与功能
BIOLOGY,脂质,脂质的易错辨析与脂肪酸
BIOLOGY,脂质,脂质的组成特点与种类功能
BIOLOGY,脱水缩合,二肽、多肽与肽链的命名
BIOLOGY,脱水缩合,核酸多糖蛋白质合成都产生水
BIOLOGY,脱水缩合,氨基酸与脱水缩合形成肽链
BIOLOGY,脱水缩合,氨基酸的脱水缩合与肽链
BIOLOGY,脱水缩合,细胞中产生水的代谢过程汇总
BIOLOGY,脱水缩合,脱水缩合与肽键的形成
BIOLOGY,脱水缩合,脱水缩合与蛋白质的结构层次
BIOLOGY,膜电位的测量及电表指针偏转的判断,同一位点与同时不同位点膜电位曲线
BIOLOGY,膜电位的测量及电表指针偏转的判断,测定兴奋在神经纤维上的传导速率
BIOLOGY,膜电位的测量及电表指针偏转的判断,电表偏转的分析与规律总结
BIOLOGY,膜电位的测量及电表指针偏转的判断,神经冲动产生各阶段的离子机制与判断要点
BIOLOGY,膜电位的测量及电表指针偏转的判断,膜外双电极的电位曲线方向分析
BIOLOGY,膜电位的测量及电表指针偏转的判断,膜电位测量与电表指针偏转判断
BIOLOGY,膜电位的测量及电表指针偏转的判断,膜电位的两种测量方式
BIOLOGY,膜电位的测量及电表指针偏转的判断,膜电位的测量与电表指针偏转的判断
BIOLOGY,膜电位的测量及电表指针偏转的判断,静息电位与动作电位的测量与离子机制
BIOLOGY,膜的流动镶嵌模型,易错：囊泡运输依赖膜的流动性
BIOLOGY,膜的流动镶嵌模型,水分子的跨膜与脂质体载药
BIOLOGY,膜的流动镶嵌模型,流动镶嵌模型的基本内容
BIOLOGY,膜的流动镶嵌模型,流动镶嵌模型的基本内容（一）
BIOLOGY,膜的流动镶嵌模型,流动镶嵌模型的基本内容（二）
BIOLOGY,膜的流动镶嵌模型,生物膜的功
BIOLOGY,膜的流动镶嵌模型,生物膜的结构特点——具
BIOLOGY,膜的流动镶嵌模型,磷脂分子的结构特点与细胞膜功能的验证方法
BIOLOGY,膜的流动镶嵌模型,糖链的分布与蛋白质分布的不对称性
BIOLOGY,膜的流动镶嵌模型,细胞膜流动镶嵌模型的结构要点
BIOLOGY,膜的流动镶嵌模型,细胞膜蛋白分布的不对称性
BIOLOGY,膜的流动镶嵌模型,胆固醇在细胞膜中的分布与双重调节作用
BIOLOGY,自交和自由交配的概率计算,Aa连续自交不淘汰隐性个体时各基因型的比例
BIOLOGY,自交和自由交配的概率计算,F₂ 中特定表现型自由交配的配子法
BIOLOGY,自交和自由交配的概率计算,杂合子连续自交与逐代淘汰的计算
BIOLOGY,自交和自由交配的概率计算,杂合子连续自交后代比例公式
BIOLOGY,自交和自由交配的概率计算,淘汰隐性个体后的连续自交与连续自由交配计算
BIOLOGY,自交和自由交配的概率计算,由两对独立性状的自由交配求某表型比例
BIOLOGY,自交和自由交配的概率计算,自交、自由交配与测交的计算差别
BIOLOGY,自交和自由交配的概率计算,自交与自由交配的辨析
BIOLOGY,自交和自由交配的概率计算,自交与自由交配：同情境结果不同
BIOLOGY,自交和自由交配的概率计算,自由交配概率的三种算法
BIOLOGY,自交和自由交配的概率计算,自由交配的概念与实质
BIOLOGY,自交和自由交配的概率计算,自由交配的概率计算方法
BIOLOGY,自交和自由交配的概率计算,连续自交与连续自由交配的概率计算
BIOLOGY,自交和自由交配的概率计算,连续自交逐代纯合化：n 代后纯合子趋近于 1
BIOLOGY,自交和自由交配的概率计算,逐代淘汰隐性个体时连续自交的纯合子比例
BIOLOGY,自交和自由交配的概率计算,遗传平衡定律的正推与逆推
BIOLOGY,自然选择,CAM途径的适应意义
BIOLOGY,自然选择,现代生物进化理论的核心内容
BIOLOGY,自然选择,生物进化的标志与分子生物学证据
BIOLOGY,自然选择,用达尔文观点解释长颈鹿脖子长
BIOLOGY,自然选择,自然选择与变异的方向
BIOLOGY,自然选择,自然选择与种群基因频率的定向改变
BIOLOGY,自然选择,自然选择对种群基因频率变化的影响
BIOLOGY,自然选择,达尔文学说的局限性
BIOLOGY,自然选择,达尔文生物进化论的两大学说
BIOLOGY,自然选择,达尔文生物进化论的两大组成
BIOLOGY,自然选择,达尔文的自然选择学说与共同由来学说
BIOLOGY,自然选择,达尔文自然选择学说的主要内容
BIOLOGY,自然选择,达尔文自然选择学说的内容、意义与不足
BIOLOGY,自然选择,达尔文自然选择学说的内容与不足
BIOLOGY,自然选择,达尔文进化论的两大学说
BIOLOGY,自然选择,适应形成的必要条件
BIOLOGY,自然选择,适应是自然选择的结果
BIOLOGY,自然选择,适应的形成与自然选择学说
BIOLOGY,自然选择,驯化培养的进化实质
BIOLOGY,自由扩散,水的调节与跨膜运输方式
BIOLOGY,自由扩散,物质跨膜运输三种方式的比较
BIOLOGY,自由扩散,物质运输常见易错辨析
BIOLOGY,自由扩散,自由扩散和协助扩散（一）
BIOLOGY,自由扩散,自由扩散和协助扩散（三）
BIOLOGY,自由扩散,自由扩散和协助扩散（二）
BIOLOGY,自由扩散,运输速率曲线模型的判读
BIOLOGY,自由扩散,酒精等脂溶性小分子以自由扩散出膜
BIOLOGY,自由组合定律,1909年
BIOLOGY,自由组合定律,n对等位基因的F1配子种类与比例
BIOLOGY,自由组合定律,n对等位基因的F2表型种类与比例
BIOLOGY,自由组合定律,n对等位基因（独立遗传）的遗传规律通式
BIOLOGY,自由组合定律,不理解自由组合定律的实质
BIOLOGY,自由组合定律,分离比1∶1∶1∶1不一定遵循自由组合定律
BIOLOGY,自由组合定律,基因的连锁与互换
BIOLOGY,自由组合定律,基因的连锁和互换
BIOLOGY,自由组合定律,基因重组的两种主要形式
BIOLOGY,自由组合定律,基因重组的类型与实质
BIOLOGY,自由组合定律,多对基因的配子种类与结合方式计算
BIOLOGY,自由组合定律,对自由组合现象解释的假说要点
BIOLOGY,自由组合定律,并非所有非等位基因的遗传都遵循自由组合定律
BIOLOGY,自由组合定律,拆分法求解自由组合计算
BIOLOGY,自由组合定律,用测交验证自由组合定律
BIOLOGY,自由组合定律,细胞分裂图像中基因分离与自由组合的判断
BIOLOGY,自由组合定律,自由组合定律易错判定汇总
BIOLOGY,自由组合定律,自由组合定律的细胞学基础
BIOLOGY,自由组合定律,自由组合定律的适用范围
BIOLOGY,自由组合定律,自由组合现象的假说解释
BIOLOGY,自由组合定律,自由组合现象解释的提出假说
BIOLOGY,自由组合定律,进行有性生殖的真核生物的遗传
BIOLOGY,自由组合定律,连锁（基因位于同一条染色体）：不遵循自由组合定律
BIOLOGY,自由组合定律,非等位基因的遗传不一定遵循自由组合定律
BIOLOGY,自由组合定律中的特殊分离比问题分析,13∶3 分离比的成因
BIOLOGY,自由组合定律中的特殊分离比问题分析,9∶3∶3∶1的变式及测交后代比例
BIOLOGY,自由组合定律中的特殊分离比问题分析,9∶6∶1 与雄性不育材料中杂交亲本的选择
BIOLOGY,自由组合定律中的特殊分离比问题分析,9∶7 与 9∶3∶4 两种特殊分离比
BIOLOGY,自由组合定律中的特殊分离比问题分析,9比3比4分离比判断双基因控制与基因型
BIOLOGY,自由组合定律中的特殊分离比问题分析,9：3：3：1的变式分析
BIOLOGY,自由组合定律中的特殊分离比问题分析,F₁自交情境下基因互作类型的分析
BIOLOGY,自由组合定律中的特殊分离比问题分析,XXY与XYY异常个体的成因分析
BIOLOGY,自由组合定律中的特殊分离比问题分析,三对基因控制多色素的F2比例
BIOLOGY,自由组合定律中的特殊分离比问题分析,三步法搞定基因互作套路
BIOLOGY,自由组合定律中的特殊分离比问题分析,分离定律中的致死与从性遗传等特殊情形
BIOLOGY,自由组合定律中的特殊分离比问题分析,分离定律中的致死问题
BIOLOGY,自由组合定律中的特殊分离比问题分析,加入连锁与调控后的特殊分离比与带型判断
BIOLOGY,自由组合定律中的特殊分离比问题分析,含隐性纯合掩盖效应的 11∶5 分离比
BIOLOGY,自由组合定律中的特殊分离比问题分析,基因互作题中分解组合法的应用
BIOLOGY,自由组合定律中的特殊分离比问题分析,基因数量累加效应
BIOLOGY,自由组合定律中的特殊分离比问题分析,找基因型与表型对应关系的三步法
BIOLOGY,自由组合定律中的特殊分离比问题分析,显性基因累加效应导致的1比4比6比4比1分离比
BIOLOGY,自由组合定律中的特殊分离比问题分析,显性累加效应的F2分离比
BIOLOGY,自由组合定律中的特殊分离比问题分析,比例和为16的解题模型与合并同类项法
BIOLOGY,自由组合定律中的特殊分离比问题分析,特殊分离比 9∶6 的成因分析
BIOLOGY,自由组合定律中的特殊分离比问题分析,由后代比例偏离判断连锁方向
BIOLOGY,自由组合定律中的特殊分离比问题分析,自交比与测交比的关联性分析
BIOLOGY,自由组合定律中的特殊分离比问题分析,自由交配问题的三种算法
BIOLOGY,自由组合定律中的特殊分离比问题分析,致死类自由组合问题的分析方法
BIOLOGY,自由组合定律中的特殊分离比问题分析,致死类问题的分析技巧
BIOLOGY,自由组合定律的内容,n对等位基因独立遗传的遗传规律
BIOLOGY,自由组合定律的内容,自由组合定律的内容、实质与适用范围
BIOLOGY,自由组合定律的内容,自由组合定律的内容与测交验证
BIOLOGY,自由组合定律的内容,自由组合定律的内容与验证
BIOLOGY,自由组合定律的内容,配子数量、非等位基因位置与自由组合的辨析
BIOLOGY,自由组合定律的内容,重组类型的含义与比例计算
BIOLOGY,自由组合定律的解题规律及方法,n对等位基因的遗传规律与基因对数判断
BIOLOGY,自由组合定律的解题规律及方法,n对等位基因自由组合的规律
BIOLOGY,自由组合定律的解题规律及方法,乘法定理与加法定理
BIOLOGY,自由组合定律的解题规律及方法,分解组合法（乘法原理）解自由组合题
BIOLOGY,自由组合定律的解题规律及方法,多对基因杂交的拆分法
BIOLOGY,自由组合定律的解题规律及方法,多对等位基因的分析与基因对数判断
BIOLOGY,自由组合定律的解题规律及方法,子代基因型与表型种类及概率的分解计算
BIOLOGY,自由组合定律的解题规律及方法,拆分法求解自由组合定律问题
BIOLOGY,自由组合定律的解题规律及方法,拆分法求解自由组合的计算问题
BIOLOGY,自由组合定律的解题规律及方法,比例计算中的范围与重组类型
BIOLOGY,自由组合定律的解题规律及方法,由F₂分离比判断不完全显性与推断基因型
BIOLOGY,自由组合定律的解题规律及方法,由子代比例反推基因对数（拆分法）
BIOLOGY,自由组合定律的解题规律及方法,由子代表型及比例推断亲本基因型的逆向组合法
BIOLOGY,自由组合定律的解题规律及方法,由比例特征判断基因对数
BIOLOGY,自由组合定律的解题规律及方法,自由组合中的两个不一定
BIOLOGY,自由组合定律的解题规律及方法,自由组合定律的测交验证
BIOLOGY,自由组合定律的解题规律及方法,逆向组合法推断亲本基因型
BIOLOGY,自由组合定律的解题规律及方法,验证自由组合定律的四种实验方法
BIOLOGY,自由组合定律的解题规律及方法,验证自由组合定律的四种方法
BIOLOGY,自身免疫病与免疫缺陷病,1型糖尿病的自身免疫发病机理与模型
BIOLOGY,自身免疫病与免疫缺陷病,免疫缺陷病的类型与艾滋病的病程分期
BIOLOGY,自身免疫病与免疫缺陷病,自身免疫病的成因与实例
BIOLOGY,自身免疫病与免疫缺陷病,自身免疫病的概念、机理、实例与治疗
BIOLOGY,自身免疫病与免疫缺陷病,重症联合免疫缺陷病的成因与表现
BIOLOGY,色素,光合色素、花青素与光敏色素的辨析
BIOLOGY,色素,光合色素、花青素和光敏色素的辨析
BIOLOGY,色素,光合色素的分布、吸收光谱与藻类适应
BIOLOGY,色素,叶绿体色素的吸收光谱
BIOLOGY,色素,叶绿素 a 与 b 的吸收光谱差异及弱光适应
BIOLOGY,色素,叶绿素减少影响光合作用的逻辑链
BIOLOGY,色素,叶绿素和类胡萝卜素的吸收光谱
BIOLOGY,色素,四种色素在滤纸条上的分布与性质比较
BIOLOGY,色素,影响叶绿素合成的因素
BIOLOGY,色素,液泡色素与叶绿体色素的溶解性区别
BIOLOGY,色素,红叶中花青素的光保护作用
BIOLOGY,色素,绿叶中色素的分离原理与层析操作
BIOLOGY,色素,色素分离结果的解读
BIOLOGY,色素,色素分离结果（四条色素带）分析
BIOLOGY,色素,色素提取分离实验操作的目的分析
BIOLOGY,色素,色素提取和分离实验的易错点
BIOLOGY,色素,藻类色素种类与海水深度分布
BIOLOGY,色素,遮光条件下叶片叶绿素a/b降低的适应意义
BIOLOGY,艾滋病（HIV）,HIV的结构、特点与增殖过程
BIOLOGY,艾滋病（HIV）,艾滋病病毒（HIV）与艾滋病
BIOLOGY,艾滋病（HIV）,艾滋病的病因、传播与预防
BIOLOGY,艾滋病（HIV）,预防艾滋病传播的措施
BIOLOGY,荧光标记技术与原位杂交定位技术,原位杂交定位技术的原理与流程
BIOLOGY,荧光标记技术与原位杂交定位技术,荧光标记技术的原理、仪器与功能
BIOLOGY,荧光标记技术与原位杂交定位技术,荧光标记法的典型应用
BIOLOGY,蛋白质,不能准确说出与肽键直接相连的原子
BIOLOGY,蛋白质,在结构上具有的特点
BIOLOGY,蛋白质,某种胰岛素的二硫键
BIOLOGY,蛋白质,氨基酸数目≠氨基酸种类
BIOLOGY,蛋白质,氨基酸的结构通式、种类与蛋白质多样性的来源
BIOLOGY,蛋白质,水解和脱水缩合的过程相反
BIOLOGY,蛋白质,淀粉与蛋白质的初步及彻底水解产物
BIOLOGY,蛋白质,熟鸡蛋更易消化的原理
BIOLOGY,蛋白质,由氨基酸形成血红蛋白
BIOLOGY,蛋白质,肽键与二硫键的连接位置
BIOLOGY,蛋白质,胶原蛋白缝合线可被人体吸收的原理
BIOLOGY,蛋白质,蛋白质与核酸的元素组成、种类与功能概述
BIOLOGY,蛋白质,蛋白质变性、盐析、水解区别
BIOLOGY,蛋白质,蛋白质变性的本质
BIOLOGY,蛋白质,蛋白质的变性与功能
BIOLOGY,蛋白质,蛋白质的水解与变性的区别
BIOLOGY,蛋白质,蛋白质的盐析、变性与水解
BIOLOGY,蛋白质,蛋白质种类繁多的原因是组成蛋白质
BIOLOGY,蛋白质,蛋白质经高温处理后变性失活
BIOLOGY,蛋白质,蛋白质结构中的几种数量关系
BIOLOGY,蛋白质,酶、抗体、转运蛋白的本质与功能归类
BIOLOGY,蛋白质工程,用氨基酸替换提升蛋白质耐热性的位点选择
BIOLOGY,蛋白质工程,蛋白质工程与基因工程的比较
BIOLOGY,蛋白质工程,蛋白质工程在医药工业方面的应用实例
BIOLOGY,蛋白质工程,蛋白质工程崛起的缘由与实例
BIOLOGY,蛋白质工程,蛋白质工程是指以蛋白质分子
BIOLOGY,蛋白质工程,蛋白质工程的原理与基本思路
BIOLOGY,蛋白质工程,蛋白质工程的基本原理与基本思路
BIOLOGY,蛋白质工程,蛋白质工程的基本思路
BIOLOGY,蛋白质工程,蛋白质工程的概念与手段
BIOLOGY,蛋白质的功能,多肽与蛋白质的区别
BIOLOGY,蛋白质的功能,常考蛋白质的分布与功能
BIOLOGY,蛋白质的功能,核糖体与中心体（无膜细胞器）
BIOLOGY,蛋白质的功能,核糖体：合成蛋白质的场所（游离/附着）
BIOLOGY,蛋白质的功能,用谐音记忆蛋白质的功能
BIOLOGY,蛋白质的功能,碱基对增添或缺失对蛋白质的影响较大
BIOLOGY,蛋白质的功能,糖类与脂质的功能及动植物差异
BIOLOGY,蛋白质的功能,蛋白质功能的五类实例
BIOLOGY,蛋白质的功能,蛋白质的催化功能：绝大多数酶
BIOLOGY,蛋白质的功能,蛋白质的元素组成与功能定位
BIOLOGY,蛋白质的功能,蛋白质的免疫与调节功能
BIOLOGY,蛋白质的功能,蛋白质的功
BIOLOGY,蛋白质的功能,蛋白质的功能·催化作用
BIOLOGY,蛋白质的功能,蛋白质的功能·免疫功能
BIOLOGY,蛋白质的功能,蛋白质的功能·结构蛋白
BIOLOGY,蛋白质的功能,蛋白质的功能·调节作用
BIOLOGY,蛋白质的功能,蛋白质的功能·运输作用
BIOLOGY,蛋白质的功能,蛋白质的功能分类
BIOLOGY,蛋白质的功能,蛋白质的功能分类（生命活动的主要承担者）
BIOLOGY,蛋白质的功能,蛋白质的功能多样性
BIOLOGY,蛋白质的功能,蛋白质的盐析、变性和水解
BIOLOGY,蛋白质的功能,蛋白质的运输功能：载体与血红蛋白
BIOLOGY,蛋白质的基本单位-氨基酸,DNA、RNA与蛋白质的组成比较
BIOLOGY,蛋白质的基本单位-氨基酸,mRNA上3个相邻的碱基决定1个氨基
BIOLOGY,蛋白质的基本单位-氨基酸,从氨基酸到蛋白质的形成层次
BIOLOGY,蛋白质的基本单位-氨基酸,依据结构特点判断某分子是否为构成蛋白质的氨基酸
BIOLOGY,蛋白质的基本单位-氨基酸,在人体中组成蛋白质的氨基酸
BIOLOGY,蛋白质的基本单位-氨基酸,实验设计的基本原则
BIOLOGY,蛋白质的基本单位-氨基酸,并不是所有的密码子都决定氨基酸
BIOLOGY,蛋白质的基本单位-氨基酸,标记噬菌体的基本操作思路
BIOLOGY,蛋白质的基本单位-氨基酸,核糖体是氨基酸脱水缩合形成蛋白质
BIOLOGY,蛋白质的基本单位-氨基酸,核酸的基本单位
BIOLOGY,蛋白质的基本单位-氨基酸,氨基酸是组成蛋白质的基本单位
BIOLOGY,蛋白质的基本单位-氨基酸,氨基酸的元素组成、结构通式与结构特点
BIOLOGY,蛋白质的基本单位-氨基酸,氨基酸的种类组成人体蛋白质的氨基酸
BIOLOGY,蛋白质的基本单位-氨基酸,氨基酸的结构种类与功能
BIOLOGY,蛋白质的基本单位-氨基酸,氨基酸的结构通式与分类
BIOLOGY,蛋白质的基本单位-氨基酸,氨基酸的结构通式与种类
BIOLOGY,蛋白质的基本单位-氨基酸,氨基酸的结构（一）
BIOLOGY,蛋白质的基本单位-氨基酸,氨基酸的结构（二）
BIOLOGY,蛋白质的基本单位-氨基酸,氨基酸的运输方式
BIOLOGY,蛋白质的基本单位-氨基酸,氨基酸结构的人体比喻记忆法
BIOLOGY,蛋白质的基本单位-氨基酸,物种的概念
BIOLOGY,蛋白质的基本单位-氨基酸,病毒一般由核酸和蛋白质组成
BIOLOGY,蛋白质的基本单位-氨基酸,碱基对替换对蛋白质的影响较小
BIOLOGY,蛋白质的基本单位-氨基酸,种群与基因库的概念
BIOLOGY,蛋白质的基本单位-氨基酸,蛋白质多样性的直接与根本原因
BIOLOGY,蛋白质的基本单位-氨基酸,蛋白质的结构层次：氨基酸→肽链→折叠形成空间结构
BIOLOGY,蛋白质的盐析变性与水解的辨析,熟食易消化与消毒杀菌的蛋白质变性原理
BIOLOGY,蛋白质的盐析变性与水解的辨析,盐析、变性和水解的辨析
BIOLOGY,蛋白质的盐析变性与水解的辨析,蛋白质变性、盐析与水解的本质、可逆性与肽键变化
BIOLOGY,蛋白质的盐析变性与水解的辨析,蛋白质的盐析变性与水解
BIOLOGY,蛋白质的磷酸化与去磷酸化,载体蛋白磷酸化与其空间结构变化
BIOLOGY,蛋白质的结构及其多样性,噬菌体实验的结论与DNA作为遗传物质的特点
BIOLOGY,蛋白质的结构及其多样性,核糖体的结构与功能
BIOLOGY,蛋白质的结构及其多样性,氨基酸形成蛋白质过程（一）
BIOLOGY,蛋白质的结构及其多样性,氨基酸形成蛋白质过程（二）
BIOLOGY,蛋白质的结构及其多样性,氨基酸的脱水缩合与蛋白质结构多样性
BIOLOGY,蛋白质的结构及其多样性,病毒无细胞结构、必须寄生活细胞
BIOLOGY,蛋白质的结构及其多样性,病毒的结构组成与分类
BIOLOGY,蛋白质的结构及其多样性,结构多样性与功能多样性的关系
BIOLOGY,蛋白质的结构及其多样性,结构多样性原因
BIOLOGY,蛋白质的结构及其多样性,维持蛋白质空间结构的主要化学键
BIOLOGY,蛋白质的结构及其多样性,脱水缩合、二肽多肽与蛋白质的结构层次
BIOLOGY,蛋白质的结构及其多样性,蛋白质变性的本质（空间结构破坏、肽键不断）
BIOLOGY,蛋白质的结构及其多样性,蛋白质多样性的原因
BIOLOGY,蛋白质的结构及其多样性,蛋白质的变性水解与修饰辨析
BIOLOGY,蛋白质的结构及其多样性,蛋白质的变性：条件与肽键关系
BIOLOGY,蛋白质的结构及其多样性,蛋白质的结构层次
BIOLOGY,蛋白质的结构及其多样性,蛋白质的结构层次与功能多样性
BIOLOGY,蛋白质的结构及其多样性,蛋白质的结构层次与多样性
BIOLOGY,蛋白质的结构及其多样性,蛋白质结构与功能多样性
BIOLOGY,蛋白质的结构及其多样性,蛋白质结构多样性与功能多样性
BIOLOGY,蛋白质的结构及其多样性,蛋白质结构多样性的原因
BIOLOGY,蛋白质相关计算题,不考虑R基时蛋白质中O、N原子数的判断
BIOLOGY,蛋白质相关计算题,利用原子守恒法计算肽链中的原子数
BIOLOGY,蛋白质相关计算题,环状肽与二硫键的计算修正
BIOLOGY,蛋白质相关计算题,肽链上游离氨基和羧基的确定
BIOLOGY,蛋白质相关计算题,蛋白质计算的基本公式
BIOLOGY,蛋白质相关计算题,蛋白质计算的核心关系式
BIOLOGY,蛋白质相关计算题的总结,DNA半保留复制的相关计算
BIOLOGY,蛋白质相关计算题的总结,多肽水解的相关计算
BIOLOGY,蛋白质相关计算题的总结,氨基酸脱水缩合与相关计算规律
BIOLOGY,蛋白质相关计算题的总结,水解相关计算与特殊结构
BIOLOGY,蛋白质相关计算题的总结,肽链数与游离氨基羧基的计算
BIOLOGY,蛋白质相关计算题的总结,蛋白质中游离氨基和羧基数目的计算
BIOLOGY,蛋白质相关计算题的总结,蛋白质中游离氨基羧基数计算
BIOLOGY,蛋白质相关计算题的总结,蛋白质原子守恒计算方法
BIOLOGY,蛋白质相关计算题的总结,蛋白质水解的相关计算
BIOLOGY,蛋白质相关计算题的总结,蛋白质相关计算的五类关系
BIOLOGY,蛋白质相关计算题的总结,蛋白质相关计算规律
BIOLOGY,蛋白质相关计算题的总结,蛋白质计算的基本关系式
BIOLOGY,血红蛋白的结构与功能,地中海贫血的成因与症状
BIOLOGY,血红蛋白的结构与功能,血红蛋白的组成、结构与运氧功能
BIOLOGY,血红蛋白的结构与功能,血红蛋白的结构、功能与分子病
BIOLOGY,血红蛋白的结构与功能,镰状细胞贫血的致病机理与症状
BIOLOGY,血细胞计数板,细菌计数板与血细胞计数板的比较
BIOLOGY,血细胞计数板,血细胞计数板的结构与计数室规格
BIOLOGY,血细胞计数板,血细胞计数板的计数与换算公式
BIOLOGY,血细胞计数板,血细胞计数板的计数方法与计算公式
BIOLOGY,表型与基因型的关系,基因型与表型的关系
BIOLOGY,表型与基因型的关系,性反转现象说明性别由遗传物质与环境共同影响
BIOLOGY,表型与基因型的关系,约翰逊对基因与表型、基因型概念的贡献
BIOLOGY,表型与基因型的关系,表型与基因型的关系及母性效应
BIOLOGY,表观遗传,实验小鼠毛色遗传与A基因甲基化程度的关系
BIOLOGY,表观遗传,表观遗传的定义、存在时期、特点与柳穿鱼花实例
BIOLOGY,表观遗传,表观遗传的影响因素与特点
BIOLOGY,表观遗传,表观遗传的机制之一——DNA甲基化
BIOLOGY,表观遗传,表观遗传的概念、机制与特点
BIOLOGY,被动运输,对于水分子来说
BIOLOGY,被动运输,有些小分子物质
BIOLOGY,被动运输,水分子（或其他溶剂分子）通过半透膜
BIOLOGY,被动运输,浓度差对被动运输速率的影响
BIOLOGY,被动运输,自由扩散和协助扩散都是顺浓度梯度运输
BIOLOGY,被动运输,被动运输的两个易错点
BIOLOGY,被动运输,被动运输的定义与两种类型
BIOLOGY,被动运输,被动运输：自由扩散与协助扩散
BIOLOGY,被动运输,跨膜运输方式的判断标准（方向与动力）
BIOLOGY,被动运输,镶嵌在膜上的一些特殊的蛋白质
BIOLOGY,调查人群中的遗传病,调查人群中的遗传病时的病种选择
BIOLOGY,调查人群中的遗传病,调查人群中的遗传病的方法与数据处理
BIOLOGY,豌豆用作遗传实验的材料,动物激素实验的注意事项
BIOLOGY,豌豆用作遗传实验的材料,测交实验的设计与结论
BIOLOGY,豌豆用作遗传实验的材料,玉米作为遗传实验材料的特点
BIOLOGY,豌豆用作遗传实验的材料,生长素发现系列实验的结论
BIOLOGY,豌豆用作遗传实验的材料,豌豆作为遗传学实验材料的优点
BIOLOGY,豌豆用作遗传实验的材料,豌豆作为遗传实验材料的优势
BIOLOGY,豌豆用作遗传实验的材料,豌豆作为遗传实验材料的优点与人工杂交操作
BIOLOGY,豌豆用作遗传实验的材料,豌豆做遗传学实验材料的优点
BIOLOGY,豌豆用作遗传实验的材料,豌豆用作遗传实验材料的优势与杂交操作
BIOLOGY,豌豆用作遗传实验的材料,豌豆用作遗传实验材料的优点
BIOLOGY,豌豆用作遗传实验的材料,豌豆适合作遗传实验材料的优点
BIOLOGY,豌豆用作遗传实验的材料,质壁分离与复原实验的材料与操作
BIOLOGY,豌豆用作遗传实验的材料,遗传实验常用符号与正交反交
BIOLOGY,质壁分离,从溶液角度判断质壁分离能否发生及能否自动复原
BIOLOGY,质壁分离,加清水复原实验鉴别'平衡'与'死亡'
BIOLOGY,质壁分离,原生质体与原生质层的区别
BIOLOGY,质壁分离,原生质层与原生质体的区分
BIOLOGY,质壁分离,原生质层与原生质体的区别
BIOLOGY,质壁分离,原生质层与原生质体辨析
BIOLOGY,质壁分离,原生质层的组成与功能
BIOLOGY,质壁分离,同一蔗糖溶液中比较细胞液浓度
BIOLOGY,质壁分离,曲线从起点直接上升→外界低渗、细胞吸水
BIOLOGY,质壁分离,曲线先降后升→先失水后自动复原（溶质可被吸收）
BIOLOGY,质壁分离,曲线降至平台→水分进出动态平衡（质壁分离平衡）
BIOLOGY,质壁分离,植物细胞的质壁分离与复原
BIOLOGY,质壁分离,用质壁分离比较溶液浓度大小的分析方法
BIOLOGY,质壁分离,质壁分离与复原实验的拓展应用
BIOLOGY,质壁分离,质壁分离与复原实验的步骤与观察要点
BIOLOGY,质壁分离,质壁分离与复原实验的流程与观察
BIOLOGY,质壁分离,质壁分离与复原的原理、材料与应用
BIOLOGY,质壁分离,质壁分离与复原的实验原理与结论
BIOLOGY,质壁分离,质壁分离与复原的条件和现象
BIOLOGY,质壁分离,质壁分离与复原过程中各项指标的变化
BIOLOGY,质壁分离,质壁分离只发生于有大液泡的成熟植物细胞
BIOLOGY,质壁分离,质壁分离后能否自动复原的三类溶液
BIOLOGY,质壁分离,质壁分离复原：细胞吸水使原生质层伸展与细胞壁贴合
BIOLOGY,质壁分离,质壁分离实验中溶液的选择与自动复原
BIOLOGY,质壁分离,质壁分离实验易错辨析
BIOLOGY,质壁分离,质壁分离实验的原理（内因与外因）
BIOLOGY,质壁分离,质壁分离实验的四个易错判断
BIOLOGY,质壁分离,质壁分离实验的拓展应用
BIOLOGY,质壁分离,质壁分离实验的拓展应用与易错点
BIOLOGY,质壁分离,质壁分离实验的显微镜与制片易错点
BIOLOGY,质壁分离,质壁分离实验的适用条件
BIOLOGY,质壁分离,质壁分离曲线持续下降→细胞失水发生质壁分离
BIOLOGY,质壁分离,质壁分离自动复原的条件
BIOLOGY,转基因生物的安全性,基因驱动的原理与安全性
BIOLOGY,转基因生物的安全性,对转基因产品安全性的争论
BIOLOGY,转基因生物的安全性,有的伦理学家认
BIOLOGY,转基因生物的安全性,理性看待转基因技术的做法、上市要求与我国方针
BIOLOGY,转基因生物的安全性,生殖性克隆人：中国政府的态度——禁止生殖性克隆人
BIOLOGY,转基因生物的安全性,生殖性克隆是指通过克隆技术产生独立生
BIOLOGY,转基因生物的安全性,转基因作物的环境安全性
BIOLOGY,转基因生物的安全性,转基因生物的优点与缺点
BIOLOGY,转录,RNA合成方向与引物的作用
BIOLOGY,转录,启动子缺失导致基因无法转录
BIOLOGY,转录,复制与转录过程中的常见错误
BIOLOGY,转录,复制原点 启动子 终止子与两类密码子的区分
BIOLOGY,转录,模板链的识别与真核细胞的RNA加工
BIOLOGY,转录,真核细胞中RNA聚合酶的种类与定位
BIOLOGY,转录,转录产物序列的书写方法
BIOLOGY,转录,转录模型与基因结构要点
BIOLOGY,转录,转录的概念、场所与产物
BIOLOGY,转录,转录的过程、场所与产物
BIOLOGY,转录,转录过程中碱基配对与模板链的三个易错点
BIOLOGY,转录,转录过程的四个注意点
BIOLOGY,转录,遗传信息的转录
BIOLOGY,转录,遗传信息的转录（概念、场所、条件与过程）
BIOLOGY,载体,双标记的筛选方法与影印法
BIOLOGY,载体,双标记筛选的作用与标记基因
BIOLOGY,载体,双标记筛选的原理
BIOLOGY,载体,基因表达载体的组成
BIOLOGY,载体,基因进入受体细胞的载体与质粒的条件
BIOLOGY,载体,标记基因的作用与种类选择
BIOLOGY,载体,用标记基因筛选重组质粒的方法
BIOLOGY,载体,载体的必备条件与常见种类
BIOLOGY,载体,载体的种类与应具备的条件
BIOLOGY,辨析真正光合速率-净光合速率和呼吸速率,三率曲线的判定方法
BIOLOGY,辨析真正光合速率-净光合速率和呼吸速率,三率的图解依据
BIOLOGY,辨析真正光合速率-净光合速率和呼吸速率,不同代谢状态下植物气体交换的判断
BIOLOGY,辨析真正光合速率-净光合速率和呼吸速率,光合适应现象（长期增施CO2光合速率下降）
BIOLOGY,辨析真正光合速率-净光合速率和呼吸速率,光合速率下降（呼吸不变）→ 补偿点右移
BIOLOGY,辨析真正光合速率-净光合速率和呼吸速率,光合速率与呼吸速率的常用测定方法
BIOLOGY,辨析真正光合速率-净光合速率和呼吸速率,光合速率与呼吸速率的测定方法
BIOLOGY,辨析真正光合速率-净光合速率和呼吸速率,光合速率与呼吸速率的测定条件
BIOLOGY,辨析真正光合速率-净光合速率和呼吸速率,光照强度对光合速率的影响曲线
BIOLOGY,辨析真正光合速率-净光合速率和呼吸速率,光饱和点：净光合速率达到最大时所需的最小光照强度
BIOLOGY,辨析真正光合速率-净光合速率和呼吸速率,关键词'光照下吸收/释放/积累'→净光合速率
BIOLOGY,辨析真正光合速率-净光合速率和呼吸速率,关键词'固定/利用/消耗/产生'→真光合速率
BIOLOGY,辨析真正光合速率-净光合速率和呼吸速率,关键词'黑暗下释放/吸收/消耗'→呼吸速率
BIOLOGY,辨析真正光合速率-净光合速率和呼吸速率,净光合速率的含义与测定
BIOLOGY,辨析真正光合速率-净光合速率和呼吸速率,半叶法测定光合速率
BIOLOGY,辨析真正光合速率-净光合速率和呼吸速率,半叶法测定光合速率的计算
BIOLOGY,辨析真正光合速率-净光合速率和呼吸速率,叶圆片称重法测定光合速率
BIOLOGY,辨析真正光合速率-净光合速率和呼吸速率,呼吸速率的测定与含义
BIOLOGY,辨析真正光合速率-净光合速率和呼吸速率,多因素对光合速率限制的分析方法
BIOLOGY,辨析真正光合速率-净光合速率和呼吸速率,总光合、净光合与呼吸作用强度的辨析
BIOLOGY,辨析真正光合速率-净光合速率和呼吸速率,总光合、净光合与呼吸速率的关系
BIOLOGY,辨析真正光合速率-净光合速率和呼吸速率,总光合与净光合的表示口径
BIOLOGY,辨析真正光合速率-净光合速率和呼吸速率,植物三率曲线与A、B、C点的含义
BIOLOGY,辨析真正光合速率-净光合速率和呼吸速率,真正光合速率、净光合速率与呼吸速率
BIOLOGY,辨析真正光合速率-净光合速率和呼吸速率,真正光合速率、净光合速率和呼（一）
BIOLOGY,辨析真正光合速率-净光合速率和呼吸速率,真正（总）光合速率、净光合速率与呼吸速率的关系
BIOLOGY,辨析真正光合速率-净光合速率和呼吸速率,细胞代谢类选择题的避错要点
BIOLOGY,辨析真正光合速率-净光合速率和呼吸速率,装置液滴移动法测定光合与呼吸速率
BIOLOGY,辨析真正光合速率-净光合速率和呼吸速率,黑白瓶法测定光合速率
BIOLOGY,辨析真正光合速率-净光合速率和呼吸速率,黑白瓶法规律一：有初始值时的计算
BIOLOGY,过敏反应,过敏原的概念、举例及与抗原的比较
BIOLOGY,过敏反应,过敏反应的定义、机理、特点与防治
BIOLOGY,过敏反应,过敏反应的概念、机理与特点
BIOLOGY,连锁与互换,完全连锁与不完全连锁（发生互换）
BIOLOGY,连锁与互换,完全连锁与不完全连锁（连锁互换定律）
BIOLOGY,连锁互换问题的配子分析,发生染色体互换的精原细胞比例的计算
BIOLOGY,连锁互换问题的配子分析,完全连锁与连锁互换的两句口诀
BIOLOGY,连锁互换问题的配子分析,连锁与互换的配子分析
BIOLOGY,通道蛋白与载体蛋白的辨析,离子通道的选择性与门控通道的三种类型
BIOLOGY,通道蛋白与载体蛋白的辨析,载体蛋白的两种构象与转运的净效果
BIOLOGY,通道蛋白与载体蛋白的辨析,钠钾泵与离子通道的运输机制
BIOLOGY,通道蛋白与载体蛋白的辨析,非门控通道的特点
BIOLOGY,遗传信息的翻译,DNA 半保留复制保证亲子代遗传信息的稳定性
BIOLOGY,遗传信息的翻译,DNA一般
BIOLOGY,遗传信息的翻译,siRNA与miRNA的作用层次
BIOLOGY,遗传信息的翻译,tRNA的结构与翻译的追踪方法
BIOLOGY,遗传信息的翻译,反密码子与gsnoRNA序列的书写
BIOLOGY,遗传信息的翻译,细胞中核酸的初步水解产物
BIOLOGY,遗传信息的翻译,细胞核是遗传信息库和代谢遗传控制中心
BIOLOGY,遗传信息的翻译,翻译效率的影响因素
BIOLOGY,遗传信息的翻译,遗传信息的翻译（概念、条件与过程）
BIOLOGY,遗传信息的翻译,遗传信息的转录（概念、条件与过程）
BIOLOGY,遗传图解的书写规范,遗传图解的书写规范与要求
BIOLOGY,遗传学基本概念与符号,相对性状必须具备的三个要素
BIOLOGY,遗传学基本概念与符号,遗传学的基本概念与正交反交
BIOLOGY,遗传学基本概念与符号,遗传学的性状类与基因类基本概念
BIOLOGY,遗传学实验设计的思路与方法,利用已知基因与电泳图谱定位
BIOLOGY,遗传学实验设计的思路与方法,探究基因位于常染色体还是X染色体
BIOLOGY,遗传学实验设计的思路与方法,杂交、自交、测交、回交、正交与反交的应用
BIOLOGY,遗传学实验设计的思路与方法,染色体变异类型的实验探究思路
BIOLOGY,遗传学实验设计的思路与方法,遗传学中鉴别与提纯的常用方法选择
BIOLOGY,遗传学实验设计的思路与方法,遗传学实验设计的核心与交配方式选择
BIOLOGY,遗传学实验设计的思路与方法,遗传学综合分析的思路与实验设计思路
BIOLOGY,遗传学实验设计的思路与方法,遗传实验设计的思想延伸
BIOLOGY,遗传学实验设计的思路与方法,验证遗传规律的四种实验方法
BIOLOGY,遗传学核心概念与术语,从性遗传与限性遗传的辨析
BIOLOGY,遗传学核心概念与术语,基因的遗传并不都遵循孟德尔遗传规律
BIOLOGY,遗传学核心概念与术语,复等位基因与“遗传因子成对存在”
BIOLOGY,遗传学核心概念与术语,孟德尔成功的原因与遗传规律的再发现
BIOLOGY,遗传学核心概念与术语,孟德尔的遗传因子与染色体上基因的对应关系
BIOLOGY,遗传学核心概念与术语,性状分离的判断方法
BIOLOGY,遗传学核心概念与术语,性状类与基因类概念辨析
BIOLOGY,遗传学核心概念与术语,母体效应（母性影响）
BIOLOGY,遗传学核心概念与术语,纯合子、杂合子与常见交配方式
BIOLOGY,遗传学核心概念与术语,细胞质遗传（母系遗传）的判断
BIOLOGY,遗传学核心概念与术语,遗传学基本概念辨析（性状、基因与个体）
BIOLOGY,遗传学核心概念与术语,遗传学核心术语速记
BIOLOGY,遗传病的检测与预防,羊水检查与超声检查
BIOLOGY,遗传病的检测与预防,遗传病的检测与预防手段
BIOLOGY,遗传病的检测和预防,基因检测的合理性与隐私要求
BIOLOGY,遗传病的检测和预防,遗传病的检测和预防（遗传咨询与产前诊断）
BIOLOGY,遗传系谱图与遗传图解的书写规范,遗传图解书写的细节要求
BIOLOGY,遗传系谱图和电泳图谱分析,SSR电泳图谱的亲子鉴定判读
BIOLOGY,遗传系谱图和电泳图谱分析,凝胶电泳的原理与图谱解读
BIOLOGY,遗传系谱图和电泳图谱分析,利用已知基因和电泳法定位新基因
BIOLOGY,遗传系谱图和电泳图谱分析,复等位基因的表型映射与电泳判读
BIOLOGY,遗传系谱图和电泳图谱分析,根据DNA电泳图谱进行遗传病分析
BIOLOGY,遗传系谱图和电泳图谱分析,琼脂糖凝胶电泳的原理
BIOLOGY,遗传系谱图和电泳图谱分析,用PCR与限制酶切电泳鉴定基因型
BIOLOGY,遗传系谱图和电泳图谱分析,由电泳图谱判断基因型与变异类型
BIOLOGY,遗传系谱图和电泳图谱分析,电泳图谱与系谱图的联合判读
BIOLOGY,遗传系谱图和电泳图谱分析,电泳图谱分析基因型
BIOLOGY,遗传系谱图和电泳图谱分析,电泳图谱条带信息的获取
BIOLOGY,遗传系谱图和电泳图谱分析,电泳图谱的分析方法
BIOLOGY,遗传系谱图和电泳图谱分析,电泳图谱的判读
BIOLOGY,遗传系谱图和电泳图谱分析,电泳图谱的判读规则
BIOLOGY,遗传系谱图和电泳图谱分析,电泳图谱的原理与解读
BIOLOGY,遗传系谱图和电泳图谱分析,电泳实验的设计要点
BIOLOGY,遗传系谱图和电泳图谱分析,电泳条带异常与 Marker 的作用
BIOLOGY,遗传系谱图和电泳图谱分析,电泳的三类高级应用
BIOLOGY,遗传系谱图和电泳图谱分析,电泳的染色与检测技术
BIOLOGY,遗传系谱图和电泳图谱分析,电泳的核心原理与分离依据
BIOLOGY,遗传系谱图和电泳图谱分析,系谱图判断遗传方式的四步法
BIOLOGY,遗传系谱图和电泳图谱分析,遗传系谱图的书写规范与要求
BIOLOGY,遗传系谱图的分析及概率的计算,Aa连续自交n代的计算模型
BIOLOGY,遗传系谱图的分析及概率的计算,Aa连续自交并逐代淘汰aa的计算
BIOLOGY,遗传系谱图的分析及概率的计算,PCR所需引物数的计算（2的n加1次方减2）
BIOLOGY,遗传系谱图的分析及概率的计算,两病概率的组合计算
BIOLOGY,遗传系谱图的分析及概率的计算,两病概率计算的集合思想
BIOLOGY,遗传系谱图的分析及概率的计算,两种独立遗传遗传病的患病概率计算
BIOLOGY,遗传系谱图的分析及概率的计算,两种遗传病子代患病概率的计算
BIOLOGY,遗传系谱图的分析及概率的计算,两种遗传病（独立遗传）患病概率的计算公式
BIOLOGY,遗传系谱图的分析及概率的计算,伴性遗传中两类概率问法的规则
BIOLOGY,遗传系谱图的分析及概率的计算,单基因遗传病遗传方式的三个判断技巧
BIOLOGY,遗传系谱图的分析及概率的计算,可遗传变异与不可遗传变异的分类
BIOLOGY,遗传系谱图的分析及概率的计算,基因频率与基因型频率的计算
BIOLOGY,遗传系谱图的分析及概率的计算,多肽中各原子数目的计算
BIOLOGY,遗传系谱图的分析及概率的计算,患病男孩与男孩患病的概率计算
BIOLOGY,遗传系谱图的分析及概率的计算,正推型：配子种类与概率的计算
BIOLOGY,遗传系谱图的分析及概率的计算,用集合论计算两病概率
BIOLOGY,遗传系谱图的分析及概率的计算,由系谱图判断遗传方式的两类规则
BIOLOGY,遗传系谱图的分析及概率的计算,男孩患病与患病男孩概率的区别
BIOLOGY,遗传系谱图的分析及概率的计算,男（女）孩患病与患病男（女）孩的概率计算
BIOLOGY,遗传系谱图的分析及概率的计算,系谱图中遗传方式判断与产前诊断
BIOLOGY,遗传系谱图的分析及概率的计算,系谱图中遗传方式的四步判断法
BIOLOGY,遗传系谱图的分析及概率的计算,系谱图概率计算与「患病男孩」辨析
BIOLOGY,遗传系谱图的分析及概率的计算,系谱图类问题的核心是遗传特点
BIOLOGY,遗传系谱图的分析及概率的计算,肽键数与脱去水分子数的计算
BIOLOGY,遗传系谱图的分析及概率的计算,能量传递效率的计算
BIOLOGY,遗传系谱图的分析及概率的计算,辨析患病男孩与男孩患病
BIOLOGY,遗传系谱图的分析及概率的计算,近亲婚配提高隐性遗传病风险
BIOLOGY,遗传系谱图的分析及概率的计算,遗传图解与系谱图的书写规范
BIOLOGY,遗传系谱图的分析及概率的计算,遗传系谱图判断的两个口诀
BIOLOGY,遗传系谱图的分析及概率的计算,限性遗传的遗传平衡计算与概率修正
BIOLOGY,遗传系谱图的符号与书写规范,遗传系谱图的书写规范
BIOLOGY,酶在代谢中的作用,(5)实验结论
BIOLOGY,酶在代谢中的作用,与核酸有关的几种酶的作用
BIOLOGY,酶在代谢中的作用,分子标记在基因定位中的作用
BIOLOGY,酶在代谢中的作用,分子标记在基因定位中的作用（拓展）
BIOLOGY,酶在代谢中的作用,对照实验
BIOLOGY,酶在代谢中的作用,科学方法——控制变量和设计对
BIOLOGY,酶在代谢中的作用,细胞代谢
BIOLOGY,酶在代谢中的作用,细胞代谢与酶的唯一功能
BIOLOGY,酶在代谢中的作用,细胞代谢与酶降低活化能的作用
BIOLOGY,酶在代谢中的作用,酶在细胞代谢中的·因变量
BIOLOGY,酶在代谢中的作用,酶在细胞代谢中的·实验过程
BIOLOGY,酶在代谢中的作用,"酶在细胞代谢中的·无关
变量"
BIOLOGY,酶在代谢中的作用,酶在细胞代谢中的·结果
BIOLOGY,酶在代谢中的作用,酶在细胞代谢中的·自变量
BIOLOGY,酶在代谢中的作用,酶在细胞代谢中的作用（一）
BIOLOGY,酶在代谢中的作用,酶在细胞内的分布与区室化意义
BIOLOGY,酶在代谢中的作用,酶的作用、机理与意义
BIOLOGY,酶在代谢中的作用,酶的作用原理
BIOLOGY,酶在代谢中的作用,酶的作用机理与活化能
BIOLOGY,酶的两种抑制机理,竞争性与非竞争性抑制
BIOLOGY,酶的两种抑制机理,竞争性抑制剂与非竞争性抑制剂
BIOLOGY,酶的两种抑制机理,竞争性抑制剂的机理与特点
BIOLOGY,酶的两种抑制机理,非竞争性抑制剂的机理与特点
BIOLOGY,酶的作用,pH对酶活性的影响（一）
BIOLOGY,酶的作用,pH对酶活性的影响（二）
BIOLOGY,酶的作用,合成类酶与工具酶的作用
BIOLOGY,酶的作用,无机催化剂催化的化学反应范围比较广
BIOLOGY,酶的作用,活化能与酶的作用机理
BIOLOGY,酶的作用,液滴移动法中NaOH与NaHCO3溶液的作用
BIOLOGY,酶的作用,温度对酶活性的影响（一）
BIOLOGY,酶的作用,温度对酶活性的影响（二）
BIOLOGY,酶的作用,用阻断法分析交感与副交感神经对心脏的作用
BIOLOGY,酶的作用,端粒缩短的原因与端粒酶的作用
BIOLOGY,酶的作用,胃蛋白酶进入小肠后失活
BIOLOGY,酶的作用,酶作用条件较温和与酶的保存
BIOLOGY,酶的作用,酶的作用是通过降低化学反应活化能加快
BIOLOGY,酶的作用,酶的作用机理：降低活化能
BIOLOGY,酶的作用,降低化学反应活化能的酶
BIOLOGY,酶的作用和本质,关于酶与底物结合的三种学说
BIOLOGY,酶的作用和本质,诱导契合学说
BIOLOGY,酶的作用和本质,酶可重复利用且可作底物
BIOLOGY,酶的作用和本质,酶的作用机理与三大特性
BIOLOGY,酶的作用和本质,酶的作用机理与本质
BIOLOGY,酶的作用和本质,酶的来源
BIOLOGY,酶的作用和本质,酶的概念、作用与作用机理
BIOLOGY,酶的作用和本质,酶的概念及降低活化能的作用机理
BIOLOGY,酶的本质,1926年
BIOLOGY,酶的本质,PCR引物的本质与作用
BIOLOGY,酶的本质,[H]的本质是还原型辅酶Ⅰ（NADH）
BIOLOGY,酶的本质,光敏色素的本质与作用
BIOLOGY,酶的本质,巴斯德与李比希关于发酵的争论
BIOLOGY,酶的本质,常见水解酶及其催化产物
BIOLOGY,酶的本质,探索过程（一）
BIOLOGY,酶的本质,探索过程（二）
BIOLOGY,酶的本质,核酶的本质与高效性的对照要求
BIOLOGY,酶的本质,毕希纳的酿酶实验
BIOLOGY,酶的本质,渗透方向与渗透平衡的本质
BIOLOGY,酶的本质,渗透装置平衡的本质是渗透压与静水压的平衡
BIOLOGY,酶的本质,组织水肿的本质是组织液增多
BIOLOGY,酶的本质,萨姆纳证明脲酶的化学本质是蛋白质
BIOLOGY,酶的本质,酶、激素、抗体化学本质的辨析
BIOLOGY,酶的本质,酶在活细胞中产生
BIOLOGY,酶的本质,酶是活细胞产生的具有催化作用的有机物
BIOLOGY,酶的本质,酶本质探索的早期发现
BIOLOGY,酶的本质,酶本质的探究历程
BIOLOGY,酶的本质,酶本质的探索历程
BIOLOGY,酶的本质,酶本质的探索历程与结论
BIOLOGY,酶的本质,酶的化学本质与产生条件
BIOLOGY,酶的本质,酶的化学本质与合成、来源
BIOLOGY,酶的本质,酶的本质与产生
BIOLOGY,酶的本质,酶的本质与化学本质的验证
BIOLOGY,酶的本质,酶的本质与合成属性的正误辨析
BIOLOGY,酶的本质,酶的本质与科学探索历程
BIOLOGY,酶的本质,酶的本质探索中的科学家与结论
BIOLOGY,酶的本质,酶的概念
BIOLOGY,酶的本质,验证酶化学本质的实验方法
BIOLOGY,酶的特性,沸水烫新摘甜玉米可保持甜味的原理
BIOLOGY,酶的特性,由生活实例看酶的专一性与作用条件
BIOLOGY,酶的特性,能够催化淀粉水解的酶
BIOLOGY,酶的特性,过氧化氢分解实验的结论：酶具有高效性
BIOLOGY,酶的特性,酶、无机催化剂与无催化剂曲线比较
BIOLOGY,酶的特性,酶不改变反应的平衡点
BIOLOGY,酶的特性,酶在反应前后本身不发生变化
BIOLOGY,酶的特性,酶活性分别受温度、pH影响
BIOLOGY,酶的特性,酶的三大特性及图像分析
BIOLOGY,酶的特性,酶的专一性
BIOLOGY,酶的特性,酶的专一性及两种学说
BIOLOGY,酶的特性,酶的专一性及其曲线判读
BIOLOGY,酶的特性,酶的专一性的准确表述与失活条件
BIOLOGY,酶的特性,酶的专一性（一）
BIOLOGY,酶的特性,酶的专一性（二）
BIOLOGY,酶的特性,酶的保存条件
BIOLOGY,酶的特性,酶的本质、特性与相关实验分析
BIOLOGY,酶的特性,酶的特性与温度和pH对酶活性的影响
BIOLOGY,酶的特性,酶的高效性
BIOLOGY,酶的特性,酶的高效性与专一性
BIOLOGY,酶的特性,酶的高效性与过氧化氢分解实验
BIOLOGY,酶的特性,酶的高效性及其证明要求
BIOLOGY,酶的特性及探究实验,与酶相关探究实验的易错点总结
BIOLOGY,酶的特性及探究实验,探究pH对酶活性影响实验的两条注意事项
BIOLOGY,酶的特性及探究实验,探究pH对酶活性影响的步骤、现象与结论
BIOLOGY,酶的特性及探究实验,探究温度对酶活性影响实验的三条注意事项
BIOLOGY,酶的特性及探究实验,探究温度对酶活性影响的步骤、现象与结论
BIOLOGY,酶的特性及探究实验,探究酶是蛋白质还是RNA的实验设计
BIOLOGY,酶的特性及探究实验,温度与pH影响酶活性实验的变量控制
BIOLOGY,酶的特性及探究实验,酶的专一性及验证方案
BIOLOGY,酶的特性及探究实验,酶的四类探究实验设计要点与最适温度的分析
BIOLOGY,酶的特性及探究实验,验证酶催化作用需要小分子和离子辅助
BIOLOGY,酸碱平衡,CO₂参与呼吸运动的调节
BIOLOGY,酸碱平衡,乳酸的产生与血浆pH的稳定
BIOLOGY,酸碱平衡,乳酸进入血液后pH的维持机制
BIOLOGY,酸碱平衡,无机盐也参与有机物的合成
BIOLOGY,酸碱平衡,无机盐的四大功能
BIOLOGY,铁死亡,铁死亡的机制与特征
BIOLOGY,铁死亡,铁死亡：一种新的程序性死亡方式
BIOLOGY,长句应答题的作答方法,任务驱动型试题的答题模板
BIOLOGY,长句应答题的作答方法,概念原理类答题：抓内涵、外延与关键词句
BIOLOGY,长句应答题的作答方法,长句应答：逻辑构建加关键词
BIOLOGY,限制酶,DNA重组技术的基本工具
BIOLOGY,限制酶,同尾酶及其连接产物的特点
BIOLOGY,限制酶,同尾酶双酶切的效果分析
BIOLOGY,限制酶,同尾酶的概念与意义
BIOLOGY,限制酶,根据目的基因两端位点选择限制酶的原则
BIOLOGY,限制酶,氢键与磷酸二酯键的断裂
BIOLOGY,限制酶,酶切位点选择的两条核心逻辑
BIOLOGY,限制酶,限制性内切核酸酶（限制酶）的作用与识别特点
BIOLOGY,限制酶,限制酶切割位点的回文序列特点与黏性末端判断
BIOLOGY,限制酶,限制酶选择的两条实践要求
BIOLOGY,限制酶,限制酶选择的两条核心原则
BIOLOGY,隔离在物种形成中的作用,物种形成与生物进化的关系
BIOLOGY,隔离在物种形成中的作用,物种形成的三个环节与标志
BIOLOGY,隔离在物种形成中的作用,物种形成的三大模式
BIOLOGY,隔离在物种形成中的作用,物种形成的渐变式模式
BIOLOGY,隔离在物种形成中的作用,现代生物进化理论要点与理论发展
BIOLOGY,隔离在物种形成中的作用,隔离是物种形成的必要条件
BIOLOGY,隔离在物种形成中的作用,隔离的概念与两种类型
BIOLOGY,雄性不育的类型,核质基因相互作用决定的四种育性组合
BIOLOGY,雄性不育的类型,细胞核雄性不育
BIOLOGY,雄性不育的类型,雄性不育的类型与应用
BIOLOGY,非特异性免疫,一看、产生抗体的浓度、二次免疫比初次免疫
BIOLOGY,非特异性免疫,两端由引物界定的目的片段从第三轮开始出现
BIOLOGY,非特异性免疫,人体抵御病原体的三道防线
BIOLOGY,非特异性免疫,体液免疫中抗原引起免疫的途径
BIOLOGY,非特异性免疫,体液免疫和细胞免疫体现针对
BIOLOGY,非特异性免疫,保卫人体的三道防线
BIOLOGY,非特异性免疫,免疫细胞是靠细胞表面
BIOLOGY,非特异性免疫,免疫细胞的双重参与与病原体的清除
BIOLOGY,非特异性免疫,切除胸腺——辅助性T细胞
BIOLOGY,非特异性免疫,唾液、泪液、胃液具有一定的杀菌作用
BIOLOGY,非特异性免疫,对免疫系统三大功能的判断
BIOLOGY,非特异性免疫,巢式PCR的原理与优点
BIOLOGY,非特异性免疫,溶菌酶与杀菌物质的区别及易错判定
BIOLOGY,非特异性免疫,特异性免疫与非特异性免疫的判断
BIOLOGY,非特异性免疫,用PCR检测目的基因是否导入
BIOLOGY,非特异性免疫,皮肤、黏膜是保卫人体的第一道防线
BIOLOGY,非特异性免疫,苏丹Ⅲ染液只能将脂肪染成橘黄色（脂质范围内）
BIOLOGY,非特异性免疫,非特异性免疫与特异性免疫的区别与联系
BIOLOGY,食物网,依据种群数量变化曲线与能量数据构建食物链和食物网
BIOLOGY,食物网,食物网中生物数量变化的分析方法
BIOLOGY,食物网,食物网的形成原因、特点与意义
BIOLOGY,食物网,食物链与食物网：生态系统的营养结构
BIOLOGY,食物链,分解者不占据营养级
BIOLOGY,食物链,生态系统的营养结构：食物链与食物网
BIOLOGY,食物链,生物富集、生物积累与生物放大的区别
BIOLOGY,食物链,生物富集及其发生条件
BIOLOGY,食物链,生物富集：有害物质沿食物链逐级浓缩
BIOLOGY,食物链,食物网：各食物链交汇形成的网状营养结构
BIOLOGY,食物链,食物链、食物网与营养级划分
BIOLOGY,食物链,食物链的三种类型
BIOLOGY,食物链,食物链的组成要点与营养级一般不超过五个的原因
BIOLOGY,高尔基体,内质网与高尔基体加工的分工
BIOLOGY,高尔基体,植物细胞末期细胞板扩展形成细胞壁
BIOLOGY,高尔基体,溶酶体起源于高尔基体但不能合成水解酶
BIOLOGY,高尔基体,细胞壁的成分、合成与特性
BIOLOGY,高尔基体,高尔基体主要
BIOLOGY,高尔基体,高尔基体的功能主要是对来自内质网
BIOLOGY,高尔基体,高尔基体的结构与功能
BIOLOGY,高尔基体,高尔基体的结构与动植物功能差异
CHEMISTRY,0-1-mol-l-1的-nh4-2so4溶液中各粒子浓度的关系,(NH4)2SO4溶液中粒子浓度的关系与三大守恒
CHEMISTRY,0-1-mol-l-1的-nh4-2so4溶液中各粒子浓度的关系,盐酸滴入Na[Al(OH)4]溶液中
CHEMISTRY,0-1-mol-l-1的-nh4-2so4溶液中各粒子浓度的关系,酸性高锰酸钾滴定亚铁离子的关系式与终点判断
CHEMISTRY,0-1-mol-l-1的na2co3溶液中各粒子浓度的关系,几种“水”的俗名与组成
CHEMISTRY,0-1-mol-l-1的na2co3溶液中各粒子浓度的关系,在1.0×105 Pa
CHEMISTRY,0-1-mol-l-1的na2co3溶液中各粒子浓度的关系,核磁共振氢谱峰面积比9:6:3:2:1的对应结构
CHEMISTRY,0-1-mol-l-1的na2co3溶液中各粒子浓度的关系,活化能 E1、E2 与反应吸放热的关系
CHEMISTRY,0-1-mol-l-1的na2co3溶液中各粒子浓度的关系,浓度为0.1 mol·L-1盐酸与0.1 m
CHEMISTRY,0-1-mol-l-1的na2co3溶液中各粒子浓度的关系,浓度均为0.1 mol·L-1 NH3·H2
CHEMISTRY,0-1-mol-l-1的na2co3溶液中各粒子浓度的关系,溶液中离子浓度的计算与电荷守恒
CHEMISTRY,0-1-mol-l-1的na2co3溶液中各粒子浓度的关系,酸碱溶液中水电离出离子浓度的计算
CHEMISTRY,0-1-mol-l-1的na2co3溶液中各粒子浓度的关系,金刚石型与 CaF2 型晶胞的边长关系
CHEMISTRY,1-写出以乙醇为原料制备的化学方程式-无机试剂任选-并注明反应类型,(ⅰ)乙醇与Na反应
CHEMISTRY,1-写出以乙醇为原料制备的化学方程式-无机试剂任选-并注明反应类型,“有机试剂萃取”发生Zn2++2HRZnR2
CHEMISTRY,1-写出以乙醇为原料制备的化学方程式-无机试剂任选-并注明反应类型,乙醇与钠反应及羟基氢活泼性
CHEMISTRY,1-写出以乙醇为原料制备的化学方程式-无机试剂任选-并注明反应类型,化学试剂保存的六条原则与实例
CHEMISTRY,1-写出以乙醇为原料制备的化学方程式-无机试剂任选-并注明反应类型,官能团鉴定的化学方法
CHEMISTRY,1-按系统命名法对下列有机物进行命名,弄清系统命名法中四种字的含义
CHEMISTRY,1-按系统命名法对下列有机物进行命名,有机化合物系统命名中常见的错误
CHEMISTRY,1-按系统命名法对下列有机物进行命名,有机物系统命名的要点与常见错误
CHEMISTRY,1-按系统命名法对下列有机物进行命名,烷烃的系统命名法
CHEMISTRY,1-根据的结构特征-预测其可能的化学性质,由官能团预测陌生有机化合物性质的思路
CHEMISTRY,4-溴甲基-1-环己烯的一种合成路线如下,有机合成路线的设计思路
CHEMISTRY,Al(OH)3沉淀量的计算,氢氧化铝沉淀量的计算模型
CHEMISTRY,AlCl3的结构与性质,AlCl3的分子型化合物特征
CHEMISTRY,c-si单质的存在形态-物理性质及用途,溴、碘单质的物理性质
CHEMISTRY,c-si单质的存在形态-物理性质及用途,硅元素的存在与晶体硅的性质
CHEMISTRY,c-si单质的存在形态-物理性质及用途,硅的存在、性质与高纯硅制备
CHEMISTRY,c-si单质的存在形态-物理性质及用途,硫单质的性质与用途
CHEMISTRY,c-si单质的存在形态-物理性质及用途,硫单质的物理性质与化学性质
CHEMISTRY,c-si单质的存在形态-物理性质及用途,硫的存在形态与物理性质
CHEMISTRY,c-si单质的存在形态-物理性质及用途,碳族元素与碳、硅单质
CHEMISTRY,c-si单质的存在形态-物理性质及用途,碳族元素与碳单质的存在形式
CHEMISTRY,c-si单质的存在形态-物理性质及用途,脂肪烃物理性质的递变规律
CHEMISTRY,c-si单质的存在形态-物理性质及用途,铁的存在、位置与物理性质
CHEMISTRY,c-si单质的存在形态-物理性质及用途,铁的存在、物理性质与化学性质
CHEMISTRY,cl2的实验室制法,Cl2的实验室制备、净化、收集与验满
CHEMISTRY,cl2的实验室制法,SO2的实验室制法
CHEMISTRY,cl2的实验室制法,实验室制取氯气的装置顺序与各步作用
CHEMISTRY,cl2的实验室制法,实验室制法
CHEMISTRY,cl2的实验室制法,实验室欲配制一种仅含四种离子
CHEMISTRY,cl2的实验室制法,实验结束后
CHEMISTRY,cl2的实验室制法,氨气的实验室制法与简易方法
CHEMISTRY,cl2的实验室制法,氯气制取中的净化、收集、尾气处理与验满
CHEMISTRY,cl2的实验室制法,氯气实验室制法的反应原理与仪器
CHEMISTRY,cl2的实验室制法,氯气实验室制法的装置流程
CHEMISTRY,cl2的实验室制法,氯气的制取原理与收集方法
CHEMISTRY,cl2的实验室制法,氯气的实验室制法与其他制取方法
CHEMISTRY,cl2的实验室制法,氯气的实验室制法与净化收集
CHEMISTRY,cl2的实验室制法,氯气的实验室制法与收集处理
CHEMISTRY,cl2的实验室制法,氯气的实验室制法与注意事项
CHEMISTRY,cl2的实验室制法,氯气的实验室制法原理与装置流程
CHEMISTRY,cl2的实验室制法,硫化氢的实验室制法
CHEMISTRY,d2o-h-h-d-h-t-h-三者中的中子数不同,卤素单质在不同溶剂中的颜色
CHEMISTRY,fe-oh-2的制备,Fe(OH)2 制备的装置设计与成功关键
CHEMISTRY,fe-oh-2的制备,Fe(OH)2与Fe(OH)3的制备及防氧化措施
CHEMISTRY,fe-oh-2的制备,Fe(OH)2制备的三种装置思路
CHEMISTRY,fe-oh-2的制备,Fe(OH)2的制备原理与关键
CHEMISTRY,fe-oh-2的制备,Fe(OH)2的制备原理与防氧化措施
CHEMISTRY,fe-oh-2的制备,Fe(OH)2的制备要点
CHEMISTRY,fe-oh-2的制备,利用电解实验可以制得纯净的Fe(OH)2白色
CHEMISTRY,fe-oh-2的制备,制备氢氧化亚铁的三种思维方法
CHEMISTRY,fe-oh-2的制备,制备氢氧化亚铁的关键操作
CHEMISTRY,fe-oh-2的制备,制备氢氧化亚铁防氧化的关键操作
CHEMISTRY,fe-oh-2的制备,氢氧化亚铁的制备
CHEMISTRY,fe-oh-2的制备,氢氧化亚铁的制备与防氧化措施
CHEMISTRY,fe-oh-2的制备,防止 Fe(OH)2 被氧化的方法
CHEMISTRY,fe-oh-2的制备,防止Fe(OH)2被氧化的制备要点
CHEMISTRY,fe-oh-3胶体的制备,Fe(OH)3胶体制备的规范操作
CHEMISTRY,fe-oh-3胶体的制备,Fe(OH)3胶体的制备与胶体应用
CHEMISTRY,fe-oh-3胶体的制备,Fe(OH)3胶体的制备原理与操作
CHEMISTRY,fe-oh-3胶体的制备,Fe(OH)₃胶体的制备与提纯
CHEMISTRY,fe-oh-3胶体的制备,氢氧化铁胶体的制备与提纯
CHEMISTRY,fe-oh-3胶体的制备,氢氧化铁胶体的制备与注意
CHEMISTRY,fe-oh-3胶体的制备,氢氧化铁胶体的制备与注意事项
CHEMISTRY,fe-oh-3胶体的制备,氢氧化铁胶体的制备原理
CHEMISTRY,fe-oh-3胶体的制备,氢氧化铁胶体的制备操作
CHEMISTRY,fe-oh-3胶体的制备,氢氧化铁胶体的制备要点
CHEMISTRY,fe-oh-3胶体的制备,漂白粉的制备用石灰乳而非石灰水
CHEMISTRY,fe-oh-3胶体的制备,胶体的吸附性、渗析提纯与聚沉
CHEMISTRY,fe-oh-3胶体的制备,胶体的本质特征与介稳性
CHEMISTRY,fe-oh-3胶体的制备,胶体的聚沉
CHEMISTRY,fe2-fe3-的检验方法,Fe2+
CHEMISTRY,fe2-fe3-的检验方法,Fe2+ 与 Fe3+ 的检验方法
CHEMISTRY,fe2-fe3-的检验方法,Fe2+与Fe3+的检验
CHEMISTRY,fe2-fe3-的检验方法,Fe2+与Fe3+的检验方法
CHEMISTRY,fe2-fe3-的检验方法,Fe2+与Fe3+的检验方法与干扰排除
CHEMISTRY,fe2-fe3-的检验方法,Fe2+的检验方法及注意事项
CHEMISTRY,fe2-fe3-的检验方法,Fe2＋与Fe3＋的检验
CHEMISTRY,fe2-fe3-的检验方法,Fe2＋与Fe3＋的检验及特征反应
CHEMISTRY,fe2-fe3-的检验方法,Fe3+与Fe2+的检验方法汇总
CHEMISTRY,fe2-fe3-的检验方法,Fe3+的三种特征检验方法
CHEMISTRY,fe2-fe3-的检验方法,Fe3+的检验方法
CHEMISTRY,fe2-fe3-的检验方法,Fe3＋与Fe2＋的常用检验方法
CHEMISTRY,fe2-fe3-的检验方法,SO2的污染与脱硫方法
CHEMISTRY,fe2-fe3-的检验方法,亚铁离子的特征检验
CHEMISTRY,fe2-fe3-的检验方法,检验 Fe²⁺ 时的两条禁忌
CHEMISTRY,fe2-fe3-的检验方法,检验Fe2+与Fe3+的三个易错警示
CHEMISTRY,fe2-fe3-的检验方法,混合溶液中 Fe²⁺ 与 Fe³⁺ 的检验
CHEMISTRY,fe2-fe3-的检验方法,混合溶液中Fe2+与Fe3+的分步检验
CHEMISTRY,fe2-fe3-的检验方法,赤血盐{K3[Fe(CN)6]}
CHEMISTRY,fe2-与fe3-的相互转化,Fe2+、Fe3+HCO、CO等发生水解相互
CHEMISTRY,fe2-与fe3-的相互转化,Fe3+、Fe2+ 与常见离子的共存与反应
CHEMISTRY,fe2-与fe3-的相互转化,亚铁离子与铁离子的相互转化
CHEMISTRY,fe2-与fe3-的相互转化,亚铁离子的氧化性与还原性
CHEMISTRY,fe2-与fe3-的相互转化,探究 Fe3+ 的氧化性与 Fe2+ 的还原性
CHEMISTRY,fe2-与fe3-的相互转化,铁三角中 Fe2+、Fe3+ 的性质与转化
CHEMISTRY,fe2-与fe3-的相互转化,铁三角转化中氧化剂的选择规律
CHEMISTRY,fe2-与fe3-的相互转化,铁单质的还原性与氧化剂的选择
CHEMISTRY,fe2-与fe3-的相互转化,铁离子与亚铁离子的相互转化条件
CHEMISTRY,fecl3溶液-fe-oh-3胶体-fe-oh-3浊液是三种重要的分散系,δ0为CH3COOH的分布系数
CHEMISTRY,fecl3溶液-fe-oh-3胶体-fe-oh-3浊液是三种重要的分散系,分散系的分类与三种分散系比较
CHEMISTRY,fecl3溶液-fe-oh-3胶体-fe-oh-3浊液是三种重要的分散系,易水解固体溶解时不能加热
CHEMISTRY,fecl3溶液-fe-oh-3胶体-fe-oh-3浊液是三种重要的分散系,胶体的本质特征与常见胶体
CHEMISTRY,ksp的影响因素,影响溶度积的因素与常见结论
CHEMISTRY,ksp的影响因素,温度对溶度积的影响及氢氧化钙的特殊性
CHEMISTRY,ksp的影响因素,溶度积的影响因素
CHEMISTRY,mol-l-1-na2so4溶液-酚酞溶液,Ba2++2OH-+2H++SO=BaSO4
CHEMISTRY,mol-l-1-na2so4溶液-酚酞溶液,NO2 与 N2O4 的平衡
CHEMISTRY,mol-l-1-na2so4溶液-酚酞溶液,X+Cu+H2SO4(浓)→Cu2++Y+S
CHEMISTRY,mol-l-1-na2so4溶液-酚酞溶液,mol·L-1 CuSO4溶液
CHEMISTRY,mol-l-1-na2so4溶液-酚酞溶液,使酚酞溶液变红的溶液
CHEMISTRY,mol-l-1-na2so4溶液-酚酞溶液,常见物质中的价键数目
CHEMISTRY,mol-l-1-na2so4溶液-酚酞溶液,溶液稀释的守恒规律
CHEMISTRY,mol-l-1-na2so4溶液-酚酞溶液,用FeSO4溶液与不含O2的蒸馏水配制的Na
CHEMISTRY,mol-l-1-na2so4溶液-酚酞溶液,糖类通式的例外：脱氧核糖与乙酸
CHEMISTRY,mol-l-1-na2so4溶液-酚酞溶液,酚酞溶液
CHEMISTRY,n-的关系应用,K与温度及ΔH的关系
CHEMISTRY,n-的关系应用,关系式法解题的关键是建立关系式
CHEMISTRY,n-的关系应用,根据化学方程式计算的规范步骤
CHEMISTRY,n-的关系应用,由空气、木炭、水蒸气制取NH3过程中
CHEMISTRY,n-的关系应用,键长与键能、分子稳定性的关系
CHEMISTRY,n2o-no和no2等氮氧化物是空气污染物-含有氮氧化物的尾气需处理后才能排放,含NOₓ尾气的碱液吸收法与催化转化法
CHEMISTRY,n2o-no和no2等氮氧化物是空气污染物-含有氮氧化物的尾气需处理后才能排放,含氮氧化物尾气的碱液吸收法
CHEMISTRY,n2o-no和no2等氮氧化物是空气污染物-含有氮氧化物的尾气需处理后才能排放,在工业上SO2尾气的处理方法一般有四种
CHEMISTRY,n2o-no和no2等氮氧化物是空气污染物-含有氮氧化物的尾气需处理后才能排放,氮氧化物尾气的催化转化法
CHEMISTRY,n2o-no和no2等氮氧化物是空气污染物-含有氮氧化物的尾气需处理后才能排放,氮氧化物尾气的处理方法
CHEMISTRY,n2o-no和no2等氮氧化物是空气污染物-含有氮氧化物的尾气需处理后才能排放,氮氧化物尾气的常见处理方法
CHEMISTRY,n2o-no和no2等氮氧化物是空气污染物-含有氮氧化物的尾气需处理后才能排放,氮氧化物溶于水的计算
CHEMISTRY,n2o-no和no2等氮氧化物是空气污染物-含有氮氧化物的尾气需处理后才能排放,氮氧化物溶于水的计算依据
CHEMISTRY,n2o-no和no2等氮氧化物是空气污染物-含有氮氧化物的尾气需处理后才能排放,氮氧化物的污染与处理
CHEMISTRY,n2o-no和no2等氮氧化物是空气污染物-含有氮氧化物的尾气需处理后才能排放,氮氧化物的污染与尾气处理方法
CHEMISTRY,n2o-no和no2等氮氧化物是空气污染物-含有氮氧化物的尾气需处理后才能排放,汽车尾气中CO与NOₓ的催化转化
CHEMISTRY,n2o-no和no2等氮氧化物是空气污染物-含有氮氧化物的尾气需处理后才能排放,破坏臭氧层
CHEMISTRY,na22,品红溶液
CHEMISTRY,na22,过氧化钠与 CO2、H2O 反应中的自身氧化还原
CHEMISTRY,na22,过氧化钠与二氧化碳、水反应中的电子转移
CHEMISTRY,na22,过氧化钠遇还原性物质只表现氧化性
CHEMISTRY,na2co3-nahco3与酸反应的图像分析,Fe 与 Cl2 反应只生成 FeCl3 的原因
CHEMISTRY,na2co3-nahco3与酸反应的图像分析,与新制的Cu(OH)2悬浊液反应
CHEMISTRY,na2co3-nahco3与酸反应的图像分析,产物选择性与竞争反应的分析
CHEMISTRY,na2co3-nahco3与酸反应的图像分析,塔式（峰式）能量图像分析三步法
CHEMISTRY,na2co3-nahco3与酸反应的图像分析,对数（负对数）图像的分析策略
CHEMISTRY,na2co3-nahco3与酸反应的图像分析,推断题眼：黄色物质对应的颜色
CHEMISTRY,na2co3-nahco3与酸反应的图像分析,数轴法分析铁与稀硝酸反应的产物
CHEMISTRY,na2co3-nahco3与酸反应的图像分析,检验CO2前须先除尽SO2
CHEMISTRY,na2co3-nahco3与酸反应的图像分析,环式催化图像分析三步法
CHEMISTRY,na2co3-nahco3与酸反应的图像分析,由滴加盐酸的图像判断溶液成分
CHEMISTRY,na2co3-nahco3与酸反应的图像分析,由盐酸滴加图像判断溶质成分
CHEMISTRY,na2co3-nahco3与酸反应的图像分析,硫与银、铝的反应及含硫矿物
CHEMISTRY,na2co3-nahco3与酸反应的图像分析,硫单质反应的细节补充
CHEMISTRY,na2co3-nahco3与酸反应的图像分析,碳酸钠、碳酸氢钠与盐酸反应的图像特征
CHEMISTRY,na2co3-nahco3与酸反应的图像分析,铁与稀硝酸反应的量比规律
CHEMISTRY,na2co3-nahco3与酸反应的图像分析,铝盐与偏铝酸盐沉淀图像分析
CHEMISTRY,na2co3-nahco3与酸反应的图像分析,防与CO2反应
CHEMISTRY,na2co3-nahco3的应用,(NH4)3[Fe(C2O4)3]中C2O作
CHEMISTRY,na2co3-nahco3的应用,Al在氧气中燃烧生成Al2O3
CHEMISTRY,na2co3-nahco3的应用,H3PO2(次磷酸)是一元中强酸
CHEMISTRY,na2co3-nahco3的应用,Na2CO3和NaHCO3的比较
CHEMISTRY,na2co3-nahco3的应用,[Al(OH)4]-+CO2=Al(OH)3
CHEMISTRY,na2co3-nahco3的应用,产物NH3·H2O的处理
CHEMISTRY,na2co3-nahco3的应用,同理：N3-、N2O、SCN—、
CHEMISTRY,na2co3-nahco3的应用,碳酸氢钠用于治疗胃酸过多
CHEMISTRY,na2co3-nahco3的应用,碳酸钠与碳酸氢钠的鉴别和除杂
CHEMISTRY,na2o2的性质及应用,Fe2＋的性质
CHEMISTRY,na2o2的性质及应用,Na2O2与水反应及供氧剂用途
CHEMISTRY,na2o2的性质及应用,溶液中或cH2O(OH-)的计算及应用
CHEMISTRY,na2o2的性质及应用,过氧化钠与 CO2、H2O 反应的数目比
CHEMISTRY,na2o2的性质及应用,过氧化钠与 CO2、H2O 反应的气体体积关系
CHEMISTRY,na2o2的性质及应用,过氧化钠与 CO2、H2O(g) 反应的先后顺序
CHEMISTRY,na2o2的性质及应用,过氧化钠与H2O、CO2反应的定量规律
CHEMISTRY,na2o2的性质及应用,过氧化钠反应中的电子转移计算
CHEMISTRY,na2o2的性质及应用,过氧化钠反应后固体质量增加的规律
CHEMISTRY,na2o2的性质及应用,过氧化钠反应的定量关系与增重规律
CHEMISTRY,na2o2的性质及应用,过氧化钠的强氧化性与漂白作用
CHEMISTRY,na2o2的性质及应用,镁的性质
CHEMISTRY,nahco3与碱反应的应用,多元弱酸（酐）与碱反应的量比规律
CHEMISTRY,nahco3与碱反应的应用,意铵盐与碱反应的两个应用
CHEMISTRY,nahco3与碱反应的应用,氯气与碱反应的规律与加热差异
CHEMISTRY,nahco3与碱反应的应用,氯气与磷、氨等反应的补充
CHEMISTRY,nahco3与碱反应的应用,自发反应的应用与非自发过程的条件
CHEMISTRY,nh3是中学化学中唯一的碱性气体-能使湿润的-色石蕊试纸变,(1)能使紫色石蕊溶液变红
CHEMISTRY,nh3是中学化学中唯一的碱性气体-能使湿润的-色石蕊试纸变,NH4+的检验方法
CHEMISTRY,nh3是中学化学中唯一的碱性气体-能使湿润的-色石蕊试纸变,取适量③得到的碱性溶液
CHEMISTRY,nh3是中学化学中唯一的碱性气体-能使湿润的-色石蕊试纸变,常见气体除杂试剂速查
CHEMISTRY,nh3是中学化学中唯一的碱性气体-能使湿润的-色石蕊试纸变,铵盐与NH4+的检验
CHEMISTRY,nh3是中学化学中唯一的碱性气体-能使湿润的-色石蕊试纸变,验满：①将湿润的红色石蕊试纸置于
CHEMISTRY,nox是汽车尾气中的主要污染物之一,NOx的来源、酸雨形成与汽车尾气催化转化
CHEMISTRY,nox是汽车尾气中的主要污染物之一,工业尾气中的NOx常用碱液吸收处理
CHEMISTRY,nox是汽车尾气中的主要污染物之一,烟道气中的NOx是主要的大气污染物之一
CHEMISTRY,o2作为原电池的正极反应物时-其电极反应在不同的介质中有不同的写法,原电池的三个流向与电极反应
CHEMISTRY,o2作为原电池的正极反应物时-其电极反应在不同的介质中有不同的写法,原电池的正、负极不仅与电极材料的性质有关
CHEMISTRY,o2作为原电池的正极反应物时-其电极反应在不同的介质中有不同的写法,燃料电池的电极判断与电极反应式书写
CHEMISTRY,ph试纸的规范使用,pH 试纸的规范使用
CHEMISTRY,ph试纸的规范使用,pH的测定方法与试纸使用规范
CHEMISTRY,ph试纸的规范使用,pH试纸与pH计的使用
CHEMISTRY,ph试纸的规范使用,pH试纸与pH计的规范操作
CHEMISTRY,ph试纸的规范使用,pH试纸使用的注意事项
CHEMISTRY,ph试纸的规范使用,pH试纸的使用方法与易错提醒
CHEMISTRY,ph试纸的规范使用,广泛pH试纸只能读出整数
CHEMISTRY,ph试纸的规范使用,溶液pH的三种测定方法
CHEMISTRY,ph试纸的规范使用,溶液酸碱性的测定方法
CHEMISTRY,ph试纸的规范使用,溶液酸碱性的测定方法与 pH 试纸的使用
CHEMISTRY,ph试纸的规范使用,计量仪器的精度与使用规范
CHEMISTRY,ph试纸的规范使用,试纸的使用
CHEMISTRY,ph试纸的规范使用,试纸的使用方法与pH试纸注意事项
CHEMISTRY,ph试纸的规范使用,试纸的类型与规范使用方法
CHEMISTRY,so2和co2的鉴别方法,CO₂的检验方法
CHEMISTRY,so2和co2的鉴别方法,Na2CO3、NaHCO3的鉴别方法
CHEMISTRY,so2和co2的鉴别方法,SO2 与 CO2 的鉴别方法
CHEMISTRY,so2和co2的鉴别方法,SO2与CO2的鉴别与共存检验
CHEMISTRY,so2和co2的鉴别方法,SO2与CO2的鉴别及同时存在的检验流程
CHEMISTRY,so2和co2的鉴别方法,SO2的实验室制法与SO2/CO2的鉴别
CHEMISTRY,so2和co2的鉴别方法,二氧化硫的制备与SO2、CO2的鉴别
CHEMISTRY,so检验的易错点,SO4(2-)与SO3(2-)的检验方法
CHEMISTRY,so检验的易错点,SO4(2-)检验的三个典型误判
CHEMISTRY,so检验的易错点,SO检验的易错点
CHEMISTRY,so检验的易错点,亚硫酸根离子的检验方法
CHEMISTRY,so检验的易错点,硫酸根与亚硫酸根检验的禁忌
CHEMISTRY,so检验的易错点,硫酸根与亚硫酸根的检验
CHEMISTRY,so检验的易错点,硫酸根检验的三个易错点
CHEMISTRY,so检验的易错点,硫酸根检验的操作与两个易错点
CHEMISTRY,so检验的易错点,硫酸根离子检验的三类错误与规范操作
CHEMISTRY,so检验的易错点,硫酸根离子检验的方法与干扰排除
CHEMISTRY,so检验的易错点,硫酸根离子的检验操作与答题模板
CHEMISTRY,v-t图像分析改变条件对化学平衡的影响,t1时v′正突然减小
CHEMISTRY,v-t图像分析改变条件对化学平衡的影响,t1时v′正突然增大
CHEMISTRY,v-t图像分析改变条件对化学平衡的影响,t1时刻所改变的条件
CHEMISTRY,v-t图像分析改变条件对化学平衡的影响,v-t 图像中改变条件的三种情形判断
CHEMISTRY,v-t图像分析改变条件对化学平衡的影响,v-t 图像中改变条件的判断方法
CHEMISTRY,v-t图像分析改变条件对化学平衡的影响,v-t 图像的综合分析方法
CHEMISTRY,v-t图像分析改变条件对化学平衡的影响,v-t图像中改变条件的判断
CHEMISTRY,v-t图像分析改变条件对化学平衡的影响,v—t图像判条件改变
CHEMISTRY,v-t图像分析改变条件对化学平衡的影响,催化剂对化学平衡的影响
CHEMISTRY,v-t图像分析改变条件对化学平衡的影响,充入惰性气体对化学平衡的影响
CHEMISTRY,v-t图像分析改变条件对化学平衡的影响,化学平衡图像的分析方法
CHEMISTRY,v-t图像分析改变条件对化学平衡的影响,压强对化学平衡的影响
CHEMISTRY,v-t图像分析改变条件对化学平衡的影响,条件改变
CHEMISTRY,v-t图像分析改变条件对化学平衡的影响,果在t6时刻
CHEMISTRY,v-t图像分析改变条件对化学平衡的影响,浓度对化学平衡的影响
CHEMISTRY,v-t图像分析改变条件对化学平衡的影响,温度对化学平衡的影响
CHEMISTRY,v-t图像分析改变条件对化学平衡的影响,由 v-t 图像反推改变的条件
CHEMISTRY,v-t图像分析改变条件对化学平衡的影响,速率—时间图像的分析方法
CHEMISTRY,v-t图像分析改变条件对化学平衡的影响,速率—时间图像的类型与判读
CHEMISTRY,v-t图像分析改变条件对化学平衡的影响,速率—温度（压强）图像的规律
CHEMISTRY,v-t图像分析改变条件对化学平衡的影响,速率平衡图像分析的两大误区
CHEMISTRY,v2o5常用作so2转化为so3的催化剂,Fe2(SO4)3可用作净水剂的原因是由于F
CHEMISTRY,v2o5常用作so2转化为so3的催化剂,Na2SO3转化为NaHSO3
CHEMISTRY,v2o5常用作so2转化为so3的催化剂,TiO2转化为TiCl4有直接氯化法和碳氯化
CHEMISTRY,v2o5常用作so2转化为so3的催化剂,“酸浸”时FeTiO3转化为TiO2+
CHEMISTRY,v2o5常用作so2转化为so3的催化剂,采用一种新型的催化剂
CHEMISTRY,vsepr模型,VSEPR模型与分子空间结构
CHEMISTRY,vsepr模型,VSEPR模型与分子空间结构的区别
CHEMISTRY,vsepr模型,价层电子对互斥理论与分子构型判断
CHEMISTRY,vsepr模型,价层电子对互斥（VSEPR）模型
CHEMISTRY,δh的计算公式,ΔH的三类计算公式
CHEMISTRY,δh的计算公式,产率的计算公式
CHEMISTRY,δh的计算公式,价层电子对数的计算公式
CHEMISTRY,δh的计算公式,单一强酸强碱溶液 pH 的计算
CHEMISTRY,δh的计算公式,反应热的常用计算方法
CHEMISTRY,δh的计算公式,晶体密度计算公式与三步法
CHEMISTRY,δh的计算公式,纯度（质量分数）的计算公式
CHEMISTRY,一些有机物的命名,卤代烃、酯与聚合物的命名规则
CHEMISTRY,一器多用与多器一用,一器多用：广口瓶与球形干燥管
CHEMISTRY,一定量的铝分别与一定量的盐酸-氢氧化钠溶液反应,一定量溶液Q与氯气缓慢反应
CHEMISTRY,一定量的铝分别与一定量的盐酸-氢氧化钠溶液反应,铝与酸、碱反应中的过量判断
CHEMISTRY,一次电池,一次电池及其电极反应
CHEMISTRY,一次电池,一次电池的消耗特点与废旧电池的回收
CHEMISTRY,一次电池,一次电池的特点与常见类型
CHEMISTRY,一次电池,一次电池的电极反应
CHEMISTRY,一次电池,常见一次电池的构成与总反应
CHEMISTRY,一次电池,普通锌锰电池与碱性锌锰电池的性能差异
CHEMISTRY,一次电池,普通锌锰电池与碱性锌锰电池的构造和电极反应
CHEMISTRY,一次电池,金属-空气电池的工作原理
CHEMISTRY,一次电池,锌银电池的构成、电极反应与用途
CHEMISTRY,一次电池,锌锰干电池的构成与特点
CHEMISTRY,一次电池,锌锰干电池的构造与负极反应
CHEMISTRY,一氧化氮,一氧化氮的性质
CHEMISTRY,一氧化氮,氮的氧化物与NO的性质
CHEMISTRY,一种2-甲基色酮内酯-y-可通过下列反应合成,黄鸣龙还原法：羰基还原为亚甲基
CHEMISTRY,一种新型煤气化燃烧集成制氢发生的主要反应如下,多重平衡体系的分析与计算
CHEMISTRY,一种药物中间体-h-的合成路线如下,由反应条件判断反应类型
CHEMISTRY,一种重要的复盐-明矾,复盐明矾的组成与净水
CHEMISTRY,一种重要的复盐-明矾,明矾与氢氧化钡溶液的反应
CHEMISTRY,一种重要的复盐-明矾,明矾净水与四羟基合铝酸钠
CHEMISTRY,一种重要的复盐-明矾,明矾的净水原理
CHEMISTRY,一种重要的复盐-明矾,明矾的组成、净水与反应
CHEMISTRY,一种重要的复盐-明矾,明矾的组成、性质与净水原理
CHEMISTRY,一般步骤,有机化合物命名的一般步骤
CHEMISTRY,一般步骤,研究有机化合物的一般步骤
CHEMISTRY,丁达尔效应,丁达尔效应与胶体的介稳性
CHEMISTRY,丁达尔效应,丁达尔效应及其鉴别作用
CHEMISTRY,丁达尔效应,丁达尔效应：区分胶体与溶液的最简单方法
CHEMISTRY,丁达尔效应,胶体的性质与聚沉
CHEMISTRY,三步法-配平缺项氧化还原反应化学方程式,信息型与缺项氧化还原方程式的书写
CHEMISTRY,三步法-配平缺项氧化还原反应化学方程式,新情境陌生氧化还原方程式书写四步法
CHEMISTRY,三步法-配平缺项氧化还原反应化学方程式,氧化还原反应方程式配平的一般步骤
CHEMISTRY,三步法-配平缺项氧化还原反应化学方程式,离子方程式与缺项配平的思路
CHEMISTRY,三步法-配平缺项氧化还原反应化学方程式,缺项型氧化还原方程式的配平
CHEMISTRY,三步法-配平缺项氧化还原反应化学方程式,缺项氧化还原方程式的三步法配平
CHEMISTRY,三步法-配平缺项氧化还原反应化学方程式,缺项氧化还原方程式的配平
CHEMISTRY,三步法-配平缺项氧化还原反应化学方程式,缺项配平的补缺技巧
CHEMISTRY,三步法-配平缺项氧化还原反应化学方程式,缺项配平的补项原则
CHEMISTRY,三步法-配平缺项氧化还原反应化学方程式,配平方向的选择与缺项型方程式的配平
CHEMISTRY,三步法-配平缺项氧化还原反应化学方程式,陌生氧化还原方程式的书写四步法
CHEMISTRY,三段式法,三段式法及其思维模型
CHEMISTRY,三段式法,平衡体系常用量的计算关系
CHEMISTRY,三氧化硫,三氧化硫与硫酸型酸雨
CHEMISTRY,三氧化硫,三氧化硫与碱、盐溶液的反应
CHEMISTRY,三氧化硫,三氧化硫的性质与酸性氧化物通性
CHEMISTRY,三氧化硫,三氧化硫的物理性质与化学性质
CHEMISTRY,三氧化硫,三氧化硫的物理性质与酸性氧化物通性
CHEMISTRY,三氧化硫,三氧化硫的状态与性质
CHEMISTRY,三类漂白剂的区别,三类漂白剂的漂白原理与区别
CHEMISTRY,三类漂白剂的区别,加合型
CHEMISTRY,三类漂白剂的区别,氧化型
CHEMISTRY,下列化学用语正确的有___________,化学用语的“六式”与微粒模型
CHEMISTRY,下列化学用语正确的有___________,化学用语的符号体系
CHEMISTRY,下列化学用语正确的有___________,化学用语题的三步审答流程
CHEMISTRY,下列化学用语正确的有___________,有机化学用语的书写规范
CHEMISTRY,下列化学用语正确的有___________,结构简式与官能团的书写易错点
CHEMISTRY,下列各图为几种晶体或晶胞的构型示意图,晶体类型判断的补充要点
CHEMISTRY,下列各图为几种晶体或晶胞的构型示意图,晶体类型的五种判断方法
CHEMISTRY,下列各图为几种晶体或晶胞的构型示意图,晶体类型的判断方法
CHEMISTRY,下列各图为几种晶体或晶胞的构型示意图,正八面体空隙与正四面体空隙的构型
CHEMISTRY,下列有关物质的组成与分类的叙述正确的有________-填序号,元素、微粒与物质的关系
CHEMISTRY,下列有关物质的组成与分类的叙述正确的有________-填序号,常见俗名与组成的几个结论
CHEMISTRY,下列有关物质的组成与分类的叙述正确的有________-填序号,糖类的定义、组成与分类
CHEMISTRY,下列有关物质的组成与分类的叙述正确的有________-填序号,糖类的概念、组成与葡萄糖的性质
CHEMISTRY,下列有关物质的组成与分类的叙述正确的有________-填序号,糖类的组成、通式与分类
CHEMISTRY,下列有关物质的组成与分类的叙述正确的有________-填序号,酸碱盐的判别与盐的四类划分
CHEMISTRY,下列溶液中-离子一定能大量共存的有____________,双水解与络合导致的离子不共存
CHEMISTRY,下列溶液中-离子一定能大量共存的有____________,四反应
CHEMISTRY,下列溶液中-离子一定能大量共存的有____________,因络合反应不能共存的离子
CHEMISTRY,下列溶液中-离子一定能大量共存的有____________,在做有关离子共存题目时
CHEMISTRY,下列溶液中-离子一定能大量共存的有____________,离子不能大量共存的三类原因
CHEMISTRY,下列溶液中-离子一定能大量共存的有____________,离子不能大量共存的四大类型
CHEMISTRY,下列溶液中-离子一定能大量共存的有____________,离子不能大量共存的四种原因
CHEMISTRY,下列溶液中-离子一定能大量共存的有____________,离子不能大量共存的四类原因
CHEMISTRY,下列溶液中-离子一定能大量共存的有____________,1抓住关键词语
CHEMISTRY,不同类别的无机物之间转化的一般规律,不同类别无机物之间的转化关系
CHEMISTRY,不同类别的无机物之间转化的一般规律,不同类别无机物的转化规律
CHEMISTRY,不同类别的无机物之间转化的一般规律,不同类别无机物的转化规律与特殊性
CHEMISTRY,不同类别的无机物之间转化的一般规律,价层电子对之间相互排斥作用大小的一般规律
CHEMISTRY,不同类别的无机物之间转化的一般规律,化学反应的分类与无机物转化的一般规律
CHEMISTRY,不同类别的无机物之间转化的一般规律,单质到盐的两条转化主线
CHEMISTRY,不同类别的无机物之间转化的一般规律,无机物之间的转化规律
CHEMISTRY,不同类别的无机物之间转化的一般规律,无机物转化的一般规律
CHEMISTRY,不同类别的无机物之间转化的一般规律,无机物转化的一般规律与特殊性
CHEMISTRY,不同类别的物质之间的转化关系,Ksp 与溶解度关系的辨析
CHEMISTRY,不同类别的物质之间的转化关系,三键、双键、单键之间的排斥力大小顺序
CHEMISTRY,不同类别的物质之间的转化关系,元素化合物复习与解题主线
CHEMISTRY,不同类别的物质之间的转化关系,凝华：物质由气态直接变为固态的过程
CHEMISTRY,不同类别的物质之间的转化关系,单质→氧化物→酸（碱）→盐转化链
CHEMISTRY,不同类别的物质之间的转化关系,单质到盐的转化关系
CHEMISTRY,不同类别的物质之间的转化关系,复分解型转化的三条规律
CHEMISTRY,不同类别的物质之间的转化关系,循环转化关系图中物质变化分析思路
CHEMISTRY,不同类别的物质之间的转化关系,沉淀的转化
CHEMISTRY,不同类别的物质之间的转化关系,液晶：介于液态和晶态之间的物质状
CHEMISTRY,不同类别的物质之间的转化关系,物质转化关系的通性与个性
CHEMISTRY,不同类别的物质之间的转化关系,物质转化的三条规律与性质变化关系
CHEMISTRY,不同类别的物质之间的转化关系,物质转化的方向规律
CHEMISTRY,不同类别的物质之间的转化关系,硫化氢的转化是资源利用的研究课题
CHEMISTRY,不同类别的物质之间的转化关系,金属与非金属元素化合物的两条转化主线及交叉转化
CHEMISTRY,与量有关的离子方程式书写技巧,Ca(HCO3)2与NaOH反应的量比方程式模型
CHEMISTRY,与量有关的离子方程式书写技巧,NaHSO4与Ba(OH)2反应的量比方程式模型
CHEMISTRY,与量有关的离子方程式书写技巧,“少定多变”法书写与量有关的离子方程式
CHEMISTRY,与量有关的离子方程式书写技巧,与“量”有关的离子反应类型
CHEMISTRY,与量有关的离子方程式书写技巧,与量有关的离子方程式书写
CHEMISTRY,与量有关的离子方程式书写技巧,与量有关的离子方程式书写三技法
CHEMISTRY,与量有关的离子方程式书写技巧,与量有关的离子方程式书写方法
CHEMISTRY,与量有关的离子方程式书写技巧,与量有关的离子方程式书写：定一议二原则
CHEMISTRY,与量有关的离子方程式书写技巧,与量有关的离子方程式：反应先后型
CHEMISTRY,与量有关的离子方程式书写技巧,与量有关的离子方程式：反应连续型
CHEMISTRY,与量有关的离子方程式书写技巧,与量有关的离子方程式：组成配比型
CHEMISTRY,与量有关的离子方程式书写技巧,与量有关离子方程式的书写通法
CHEMISTRY,与量有关的离子方程式书写技巧,与铝有关的离子方程式与离子共存
CHEMISTRY,与量有关的离子方程式书写技巧,少定多变法写酸式盐与碱反应
CHEMISTRY,与量有关的离子方程式书写技巧,少定多变法的两个应用示例
CHEMISTRY,与量有关的离子方程式书写技巧,强酸制弱酸的箭头交叉法
CHEMISTRY,与量有关的离子方程式书写技巧,有关量的离子方程式书写（竞争型与配比型）
CHEMISTRY,与量有关的离子方程式书写技巧,氧化还原型先后反应的书写：先强后弱与少量定1法
CHEMISTRY,与量有关的离子方程式书写技巧,氧化镁溶于稀硫酸
CHEMISTRY,与量有关的离子方程式书写技巧,离子方程式正误判断：反应物的用量
CHEMISTRY,与量有关的离子方程式书写技巧,质子守恒的书写技巧
CHEMISTRY,与量有关的离子方程式书写技巧,配比型反应的“少定多变”法
CHEMISTRY,与量有关的离子方程式书写技巧,酸性氧化物参与时的箭头交叉法预处理
CHEMISTRY,与量有关的离子方程式书写技巧,限定条件离子方程式的四类写法
CHEMISTRY,中和滴定,中和滴定的操作流程
CHEMISTRY,中和滴定,中和滴定的操作要领与终点判断
CHEMISTRY,中和滴定,掩蔽剂在滴定终点判断中的应用
CHEMISTRY,中和滴定,滴定实验的误差分析方法
CHEMISTRY,中和滴定,滴定时的姿势与视线要求
CHEMISTRY,中和滴定,滴定法的三种类型与指示剂选择
CHEMISTRY,中和滴定,滴定管使用五步：检、洗、装、调、记
CHEMISTRY,中和滴定,滴定管的润洗与赶气泡操作
CHEMISTRY,中和滴定,滴定终点与恰好完全反应点的区别
CHEMISTRY,中和滴定,用标准酸滴定待测碱的操作流程与终点判定
CHEMISTRY,中和滴定,酸式与碱式滴定管的选择
CHEMISTRY,中和滴定,酸碱中和滴定的概念与定量依据
CHEMISTRY,中和滴定,量气读数的误差分析与左右液面移动
CHEMISTRY,中和滴定的误差分析方法,指示剂带来的系统误差及其可忽略条件
CHEMISTRY,中和滴定的误差分析方法,误差分析的主线：只看 V(标准) 的变化方向
CHEMISTRY,中和热,中和反应反应热测定的关键操作
CHEMISTRY,中和热,中和反应反应热测定的步骤与误差分析
CHEMISTRY,中和热,中和反应反应热的测定原理与药品
CHEMISTRY,中和热,中和热与中和热测定
CHEMISTRY,中和热,中和热数值与操作的易错点
CHEMISTRY,中和热,中和热测定中的温度测量步骤
CHEMISTRY,中和热,中和热测定的实验流程与误差分析
CHEMISTRY,中和热,中和热测定的数据处理方法
CHEMISTRY,中和热,强酸强碱稀溶液中和反应的放热量
CHEMISTRY,中和热-燃烧热的注意点,中和热与燃烧热的表述要点
CHEMISTRY,中和热-燃烧热的注意点,反应热、燃烧热、中和反应反应热的关系
CHEMISTRY,中和热-燃烧热的注意点,燃烧热与中和反应反应热的比较
CHEMISTRY,中和热-燃烧热的注意点,燃烧热与中和热的判断要点
CHEMISTRY,中和热-燃烧热的注意点,燃烧热与中和热的定义及比较
CHEMISTRY,中和热-燃烧热的注意点,燃烧热的指定产物与中和热测定
CHEMISTRY,中和热测定注意事项,中和反应反应热测定实验的关键
CHEMISTRY,中和热测定注意事项,中和反应反应热测定的偏差分析
CHEMISTRY,中和热测定注意事项,中和反应反应热测定的原理与注意事项
CHEMISTRY,中和热测定注意事项,中和反应反应热测定的注意事项
CHEMISTRY,中和热测定注意事项,中和反应反应热测定的装置与操作要求
CHEMISTRY,中和热测定注意事项,中和反应反应热的测定原理与要点
CHEMISTRY,中和热测定注意事项,中和反应反应热的测定原理与误差
CHEMISTRY,中和热测定注意事项,中和反应反应热的测定要点
CHEMISTRY,中和热测定注意事项,中和热测定实验的易错操作
CHEMISTRY,中国古代的酿酒工艺,中国古代的酿酒工艺与酒精的检验
CHEMISTRY,中学化学中常见的既能与盐酸反应-又能与naoh溶液反应的物质,A．标准浓度稀盐酸滴定未知浓度NaOH溶液
CHEMISTRY,中学化学中常见的既能与盐酸反应-又能与naoh溶液反应的物质,CO2 与盐溶液反应（强酸制弱酸）
CHEMISTRY,中学化学中常见的既能与盐酸反应-又能与naoh溶液反应的物质,SiO2虽然即能与NaOH溶液反应
CHEMISTRY,中学化学中常见的既能与盐酸反应-又能与naoh溶液反应的物质,与盐酸反应
CHEMISTRY,中学化学中常见的既能与盐酸反应-又能与naoh溶液反应的物质,既能与强酸又能与强碱反应的物质
CHEMISTRY,中学化学中常见的既能与盐酸反应-又能与naoh溶液反应的物质,既能与盐酸又能与 NaOH 反应的物质
CHEMISTRY,中学化学中常见的既能与盐酸反应-又能与naoh溶液反应的物质,钠与水、酸、盐溶液反应的实质
CHEMISTRY,中学化学中常见的既能与盐酸反应-又能与naoh溶液反应的物质,钠与酸、碱、盐溶液反应的先后规律
CHEMISTRY,中学化学中常见的既能与盐酸反应-又能与naoh溶液反应的物质,铝与盐溶液反应的补充与铝热剂引燃
CHEMISTRY,中心原子杂化类型的判断,Cu2+ 氨配离子的空间结构与杂化方式
CHEMISTRY,中心原子杂化类型的判断,中心原子不同
CHEMISTRY,中心原子杂化类型的判断,中心原子及孤电子对数相同
CHEMISTRY,中心原子杂化类型的判断,中心原子杂化类型的判断与键角比较
CHEMISTRY,中心原子杂化类型的判断,中心原子电负性对键角的影响
CHEMISTRY,中心原子杂化类型的判断,中心离子
CHEMISTRY,中心原子杂化类型的判断,含 d 轨道的杂化类型
CHEMISTRY,中心原子杂化类型的判断,手性碳原子的判断标准
CHEMISTRY,中心原子杂化类型的判断,有机分子中碳原子杂化方式的判断
CHEMISTRY,中心原子杂化类型的判断,杂化类型与空间结构两步判断
CHEMISTRY,中心原子杂化类型的判断,杂化轨道理论要点与杂化类型判断
CHEMISTRY,中心原子杂化类型的判断,杂化轨道类型的判断方法
CHEMISTRY,中心原子杂化类型的判断,极性分子与非极性分子的判断
CHEMISTRY,中心原子杂化类型的判断,用价层电子对数判断中心原子杂化类型
CHEMISTRY,中心原子杂化类型的判断,由σ键数与孤电子对数速判杂化类型
CHEMISTRY,中心原子杂化类型的判断,由价层电子对数判断中心原子的杂化类型
CHEMISTRY,中心原子杂化类型的判断,电子层结构相同的离子的位置关系
CHEMISTRY,中心原子杂化类型的判断,碳的同素异形体与碳正离子的杂化方式
CHEMISTRY,中心原子杂化类型的判断,空间结构与杂化判断的两步法
CHEMISTRY,中心原子杂化类型的判断,速判杂化类型的经验规则
CHEMISTRY,串联电化学装置,串联电化学装置的两种模型
CHEMISTRY,串联电化学装置,多池串联装置中电池类型的判断
CHEMISTRY,串联类电化学装置的分析,串联类电化学装置的类型判断与解题策略
CHEMISTRY,为了检验淀粉水解产物-某学生设计了如下实验方案,为了检验淀粉的水解程度
CHEMISTRY,为了检验淀粉水解产物-某学生设计了如下实验方案,为检验上述实验收集到的产物
CHEMISTRY,为了检验淀粉水解产物-某学生设计了如下实验方案,实验方案评价的四项原则
CHEMISTRY,为了检验淀粉水解产物-某学生设计了如下实验方案,淀粉水解程度的实验判断
CHEMISTRY,为了检验淀粉水解产物-某学生设计了如下实验方案,蔗糖与麦芽糖的比较
CHEMISTRY,为了测定某卤代烃分子中所含有的卤素原子种类-可按下列步骤进行实验,卤代烃中卤素原子的检验流程
CHEMISTRY,为了测定某卤代烃分子中所含有的卤素原子种类-可按下列步骤进行实验,平行测定多次取平均值减小误差
CHEMISTRY,为化学作出贡献的科学家与重大成就,人类对原子结构的探究历程
CHEMISTRY,为化学作出贡献的科学家与重大成就,合成氨与两位诺贝尔化学奖得主
CHEMISTRY,为化学作出贡献的科学家与重大成就,我国化学科学家与古代重大发明
CHEMISTRY,为化学作出贡献的科学家与重大成就,氯气的发现历程
CHEMISTRY,为化学作出贡献的科学家与重大成就,路布兰制碱法
CHEMISTRY,为化学作出贡献的科学家与重大成就,近现代的成就
CHEMISTRY,主族元素的原子结构和元素性质的变化规律,主族元素性质的递变与常考比较
CHEMISTRY,主族元素的原子结构和元素性质的变化规律,主族元素性质的递变规律与两个易错点
CHEMISTRY,主族元素的原子结构和元素性质的变化规律,主族元素的化合价规律
CHEMISTRY,主族元素的原子结构和元素性质的变化规律,主族元素结构与性质的递变
CHEMISTRY,主族元素的原子结构和元素性质的变化规律,元素的相对原子质量与丰度
CHEMISTRY,主族元素的原子结构和元素性质的变化规律,利用稀有气体元素确定主族元素位置
CHEMISTRY,主族元素的原子结构和元素性质的变化规律,卤族元素单质将同主族原子序数大的元素从其盐溶
CHEMISTRY,主族元素的原子结构和元素性质的变化规律,卤族单质性质的递变性
CHEMISTRY,主族元素的原子结构和元素性质的变化规律,同主族元素性质递变规律
CHEMISTRY,主族元素的原子结构和元素性质的变化规律,同主族相邻元素原子序数差规律
CHEMISTRY,主族元素的原子结构和元素性质的变化规律,同周期与同主族元素性质的递变
CHEMISTRY,主族元素的原子结构和元素性质的变化规律,同周期与同主族的性质递变
CHEMISTRY,主族元素的原子结构和元素性质的变化规律,同周期元素性质递变规律
CHEMISTRY,主族元素的原子结构和元素性质的变化规律,同周期同主族性质递变规律
CHEMISTRY,主族元素的原子结构和元素性质的变化规律,溶液稀释与混合后 pH 的变化规律
CHEMISTRY,主族元素的原子结构和元素性质的变化规律,由同族递变推断氮族元素的性质
CHEMISTRY,主族元素的原子结构和元素性质的变化规律,电离能的周期性变化规律
CHEMISTRY,主族元素的原子结构和元素性质的变化规律,电负性及其变化规律
CHEMISTRY,主族元素的原子结构和元素性质的变化规律,电负性的周期性变化规律
CHEMISTRY,主族元素的原子结构和元素性质的变化规律,电负性的概念与变化规律
CHEMISTRY,主族元素的原子结构和元素性质的变化规律,碱金属元素性质的递变与原子结构的关系
CHEMISTRY,主族元素的原子结构和元素性质的变化规律,稀有气体元素的原子结构与价态
CHEMISTRY,主族元素的原子结构和元素性质的变化规律,第一电离能及其变化规律
CHEMISTRY,主族元素的原子结构和元素性质的变化规律,第一电离能的概念与变化规律
CHEMISTRY,主族元素的原子结构和元素性质的变化规律,试从结构和性质上解释NH3极易溶于水的原因
CHEMISTRY,主族元素的原子结构和元素性质的变化规律,金属元素原子的结构与性质
CHEMISTRY,主族元素的原子结构和元素性质的变化规律,金属性与非金属性的周期性变化规律
CHEMISTRY,主族元素的原子结构和元素性质的变化规律,非金属元素原子的结构与性质
CHEMISTRY,主要仪器,实验仪器选择使用的四个注意
CHEMISTRY,主要仪器,托盘天平、容量瓶与量筒的规范操作与精度
CHEMISTRY,主要仪器,配制溶液的仪器与容量瓶
CHEMISTRY,主要依据,反应热计算的依据
CHEMISTRY,主要方法,反应热计算的方法与盖斯定律
CHEMISTRY,乙炔的实验室制法,乙炔制取的操作要点
CHEMISTRY,乙炔的实验室制法,乙炔的制备原理、副反应与装置选择
CHEMISTRY,乙炔的实验室制法,乙炔的实验室制法与注意事项
CHEMISTRY,乙炔的实验室制法,乙炔的实验室制法与注意点
CHEMISTRY,乙炔的实验室制法,乙炔的实验室制法与除杂
CHEMISTRY,乙炔的实验室制法,乙炔的检验与电石气中杂质气体的气味
CHEMISTRY,乙炔的实验室制法,实验室制取乙炔的收集与净化注意事项
CHEMISTRY,乙烯,乙烯与乙炔的实验室制法对比
CHEMISTRY,乙烯,乙烯制备的试剂用量与副反应控制
CHEMISTRY,乙烯,乙烯的催熟作用与水果保鲜
CHEMISTRY,乙烯,烯烃的结构与性质
CHEMISTRY,乙烯,石蜡油分解制乙烯的实验结论
CHEMISTRY,乙烯是石油化工最基本的原料之一,乙烷脱氢制乙烯的条件调控与催化剂选择
CHEMISTRY,乙烯是石油化工最基本的原料之一,提高转化率与反应条件调控
CHEMISTRY,乙酰水杨酸的实验室制备,阿司匹林的合成实验步骤
CHEMISTRY,乙酸,乙酸的存在、物理性质与组成结构
CHEMISTRY,乙酸,乙酸的酸性与酸的通性
CHEMISTRY,乙酸,羧酸与乙酸的化学性质
CHEMISTRY,乙醇,乙醇与强氧化剂的反应、断键规律与用途
CHEMISTRY,乙醇,乙醇与钠的反应及乙醇的燃烧、催化氧化
CHEMISTRY,乙醇,乙醇的物理性质与组成结构
CHEMISTRY,乙醇,无水酒精的制取、乙醇中水的检验与羟基氢的活泼性
CHEMISTRY,乙醇,醇的化学性质与断键
CHEMISTRY,书写fe-oh-3胶体制备的化学方程式的五个易错点,以碳酸氢盐为沉淀剂书写陌生方程式的三步法
CHEMISTRY,书写fe-oh-3胶体制备的化学方程式的五个易错点,官能团书写的规范与易错点
CHEMISTRY,书写fe-oh-3胶体制备的化学方程式的五个易错点,平衡常数与方程式书写形式的关系
CHEMISTRY,书写fe-oh-3胶体制备的化学方程式的五个易错点,弱电解质电离方程式的书写规则
CHEMISTRY,书写fe-oh-3胶体制备的化学方程式的五个易错点,易吸水易水解物质制备的防潮保护
CHEMISTRY,书写fe-oh-3胶体制备的化学方程式的五个易错点,有机物制备的注意要点
CHEMISTRY,书写fe-oh-3胶体制备的化学方程式的五个易错点,气体制备实验的五步基本思路
CHEMISTRY,书写fe-oh-3胶体制备的化学方程式的五个易错点,气体制备的净化与干燥顺序规则
CHEMISTRY,书写fe-oh-3胶体制备的化学方程式的五个易错点,氢氧化铁胶体方程式书写与胶体提纯
CHEMISTRY,书写fe-oh-3胶体制备的化学方程式的五个易错点,胶体制备方程式书写的四个约定
CHEMISTRY,书写下列化学反应的平衡常数表达式,平衡常数表达式中
CHEMISTRY,书写下列化学反应的平衡常数表达式,平衡常数表达式中不写入的物种与K的关系式
CHEMISTRY,书写下列化学反应的平衡常数表达式,平衡常数表达式的书写规则
CHEMISTRY,书写离子方程式应注意的问题,使用化学平衡常数应注意的问题
CHEMISTRY,书写离子方程式应注意的问题,应用盖斯定律时要注意的问题
CHEMISTRY,书写离子方程式应注意的问题,流程题离子方程式的三步规范
CHEMISTRY,书写离子方程式应注意的问题,离子方程式中的拆与不拆
CHEMISTRY,书写离子方程式应注意的问题,离子方程式书写与判断的记忆清单
CHEMISTRY,书写离子方程式应注意的问题,离子方程式书写的六个易错点
CHEMISTRY,书写离子方程式应注意的问题,离子方程式书写的特殊情形处理
CHEMISTRY,书写离子方程式应注意的问题,离子方程式正误判断五查
CHEMISTRY,书写离子方程式应注意的问题,离子方程式正误判断：是否符合反应事实
CHEMISTRY,书写离子方程式应注意的问题,离子方程式配平与缺项型的处理
CHEMISTRY,了解电镀原理,化学镀：非导体电镀前的金属化处理
CHEMISTRY,了解电镀原理,电镀原理与镀铜实验
CHEMISTRY,了解电镀原理,电镀的原理与电极安排
CHEMISTRY,了解电镀原理,电镀的原理与电镀液浓度不变
CHEMISTRY,了解电镀原理,电镀的操作原理：镀层金属作阳极
CHEMISTRY,了解电镀原理,电镀的电极选择与镀液浓度
CHEMISTRY,了解电镀原理,电镀过程中的一多、一少、一不变
CHEMISTRY,二次电池,二次电池与铅酸蓄电池
CHEMISTRY,二次电池,二次电池充电与放电的对应关系
CHEMISTRY,二次电池,二次电池充电时的连接与电极对应
CHEMISTRY,二次电池,二次电池的充放电关系
CHEMISTRY,二次电池,二次电池的充放电原理（以铅蓄电池为例）
CHEMISTRY,二次电池,二次电池的充放电反应
CHEMISTRY,二次电池,二次电池的常见类型与充放电特点
CHEMISTRY,二次电池,二次电池的解题思路
CHEMISTRY,二次电池,充电时
CHEMISTRY,二次电池,充电电池充放电时的能量转化
CHEMISTRY,二次电池,神舟飞船中镍镉电池的充放电电极反应
CHEMISTRY,二次电池,铅蓄电池与锂离子电池
CHEMISTRY,二次电池,铅酸蓄电池与锂离子电池
CHEMISTRY,二次电池,铅酸蓄电池充电时的电极反应与总反应
CHEMISTRY,二次电池,铅酸蓄电池壳体与电解液的要求
CHEMISTRY,二次电池,铅酸蓄电池的构成与放电时的电极反应
CHEMISTRY,二次电池,锂电池与锂离子电池的区别及电解质要求
CHEMISTRY,二次电池,锂离子二次电池
CHEMISTRY,二次电池,锂离子电池的正极材料一般为含Li+的化合物
CHEMISTRY,二氧化氮,氮氧化物的性质与溶于水规律
CHEMISTRY,二氧化硅,SiO2 是空间网状结构、没有单个分子
CHEMISTRY,二氧化硅,二氧化硅与硅酸盐的常用方程式荟萃
CHEMISTRY,二氧化硅,二氧化硅的化学性质
CHEMISTRY,二氧化硅,二氧化硅的存在、性质与用途
CHEMISTRY,二氧化硅,二氧化硅的性质与用途
CHEMISTRY,二氧化硅,二氧化硅的晶体结构
CHEMISTRY,二氧化硅,二氧化硅的结构、性质与用途
CHEMISTRY,二氧化硅,二氧化碳与二氧化硅性质的比较
CHEMISTRY,二氧化硅,熔融NaOH用铁坩埚不能用瓷坩埚
CHEMISTRY,二氧化硅,玻璃中含有二氧化硅
CHEMISTRY,二氧化硅,碱性试剂不能用带玻璃塞的试剂瓶存放的原因
CHEMISTRY,二氧化硫,SO2 通入 BaCl2 等溶液的沉淀判断
CHEMISTRY,二氧化硫,SO2漂白性与还原性褪色的区别
CHEMISTRY,二氧化硫,SO2的实验室制备与检验
CHEMISTRY,二氧化硫,SO2的性质、制取与漂白特点
CHEMISTRY,二氧化硫,SO₂与CO₂性质的比较
CHEMISTRY,二氧化硫,SO₂催化氧化与硫化氢、硫化物的方程式
CHEMISTRY,二氧化硫,SO₂的检验及其漂白性与氯气、臭氧的区别
CHEMISTRY,二氧化硫,二氧化硫与三氧化硫的性质
CHEMISTRY,二氧化硫,二氧化硫使品红褪色与加热复原
CHEMISTRY,二氧化硫,二氧化硫性质的易错提醒
CHEMISTRY,二氧化硫,二氧化硫漂白性与还原性的区分
CHEMISTRY,二氧化硫,二氧化硫漂白性与还原性的辨析
CHEMISTRY,二氧化硫,二氧化硫的实验室制备
CHEMISTRY,二氧化硫,二氧化硫的实验室制法
CHEMISTRY,二氧化硫,二氧化硫的性质与实验室制法
CHEMISTRY,二氧化硫,二氧化硫的性质与检验顺序
CHEMISTRY,二氧化硫,二氧化硫的性质与漂白原理
CHEMISTRY,二氧化硫,二氧化硫的性质与漂白性
CHEMISTRY,二氧化硫,二氧化硫的性质与漂白特点
CHEMISTRY,二氧化硫,二氧化硫的氧化性、还原性与漂白性
CHEMISTRY,二氧化硫,二氧化硫的物理性质与酸性氧化物通性
CHEMISTRY,二氧化硫,二氧化硫的用途与食品中的应用
CHEMISTRY,二氧化硫,二氧化硫的还原性、弱氧化性与漂白性
CHEMISTRY,二氧化硫,体现SO2性质的实验现象
CHEMISTRY,二氧化硫,色、 气味
CHEMISTRY,二氧化硫的实验室制法与SO2和CO2的鉴别,SO2的实验室制法与SO2、CO2的鉴别
CHEMISTRY,二氧化硫的尾气处理,SO₂废气的四种处理方法
CHEMISTRY,二氧化硫的尾气处理,二氧化硫尾气的三种处理方法
CHEMISTRY,二氧化硫的尾气处理,二氧化硫尾气的三种脱硫方法
CHEMISTRY,二氧化硫的尾气处理,二氧化硫的四种工业脱硫方法
CHEMISTRY,二氧化硫的尾气处理,二氧化硫的污染与烟气脱硫
CHEMISTRY,二氧化硫的尾气处理,双碱脱硫法与环境保护措施
CHEMISTRY,二氧化硫的尾气处理,尾气处理的三类方法与装置选择
CHEMISTRY,二氧化硫的尾气处理,尾气处理的原因、方法及装置
CHEMISTRY,二氧化硫的尾气处理,尾气处理装置的选择
CHEMISTRY,二氧化硫的尾气处理,氨水脱硫法
CHEMISTRY,二氧化硫的尾气处理,硫氧化物污染的防治与尾气处理
CHEMISTRY,二氧化硫的尾气处理,钠碱法与双碱法脱硫的后续转化
CHEMISTRY,二氧化硫的尾气处理,钠碱脱硫法
CHEMISTRY,二氧化碳与碱反应的产物判断,CO2与碱反应产物的判断
CHEMISTRY,五步-书写热化学方程式,热化学方程式与化学
CHEMISTRY,五步-书写热化学方程式,热化学方程式的书写规则
CHEMISTRY,五步-书写热化学方程式,由已知热化学方程式求ΔH的加合法
CHEMISTRY,亚硫酸及亚硫酸盐的性质,亚硫酸与亚硫酸钠的性质
CHEMISTRY,亚硫酸及亚硫酸盐的性质,亚硫酸盐的还原性与双水解反应
CHEMISTRY,亚铁盐,Fe2＋的还原性、弱氧化性与水解
CHEMISTRY,亚铁盐,亚铁盐中Fe2+的氧化性、还原性与水解
CHEMISTRY,亚铁盐,亚铁盐的性质与保存
CHEMISTRY,亚铁盐,亚铁盐的性质与溶液配制
CHEMISTRY,亚铁盐,亚铁盐的检验与性质
CHEMISTRY,亚铁盐,亚铁盐（Fe2+）的性质与保存
CHEMISTRY,亚铁盐,补铁剂中铁元素的价态与维生素 C 的作用
CHEMISTRY,亚铁盐,补铁剂存放及使用的注意事项
CHEMISTRY,产率的计算,产率的计算与防暴沸补加规则
CHEMISTRY,产率计算与误差分析,产率的计算与偏差分析
CHEMISTRY,从-定性-和-定量-两个角度理解电离平衡,冰醋酸加水稀释时导电能力的变化
CHEMISTRY,从-定性-和-定量-两个角度理解电离平衡,定性与定量理解电离平衡
CHEMISTRY,从化合价的角度判断铁的氧化物和氢氧化物的性质,Fe3O4 的组成与性质特殊性
CHEMISTRY,从化合价的角度判断铁的氧化物和氢氧化物的性质,Mg(OH)2 与 Al(OH)3 的性质对比
CHEMISTRY,从化合价的角度判断铁的氧化物和氢氧化物的性质,NO与NO2的性质比较
CHEMISTRY,从化合价的角度判断铁的氧化物和氢氧化物的性质,NO与NO2的性质比较及酸性氧化物判断
CHEMISTRY,从化合价的角度判断铁的氧化物和氢氧化物的性质,利用化合价判断
CHEMISTRY,从化合价的角度判断铁的氧化物和氢氧化物的性质,氧化物的分类与性质对应
CHEMISTRY,从化合价的角度判断铁的氧化物和氢氧化物的性质,氮的氧化物的分类
CHEMISTRY,从化合价的角度判断铁的氧化物和氢氧化物的性质,铁的氧化物的性质
CHEMISTRY,从化合价的角度判断铁的氧化物和氢氧化物的性质,铁的氧化物的性质与组成判断
CHEMISTRY,从化合价的角度判断铁的氧化物和氢氧化物的性质,铁的氧化物的性质分析方法
CHEMISTRY,从化合价的角度判断铁的氧化物和氢氧化物的性质,铜的卤化物、硫化物与氢化物的性质
CHEMISTRY,从化合价的角度认识cl2的化学性质-歧化反应,Cl2与H2、碱、水反应的电子转移辨析
CHEMISTRY,从化合价的角度认识cl2的化学性质-歧化反应,Cl2的歧化反应——与水及碱的作用
CHEMISTRY,从化合价的角度认识cl2的化学性质-歧化反应,F、O的化合价特例
CHEMISTRY,从化合价的角度认识cl2的化学性质-歧化反应,从“变化”的角度考查
CHEMISTRY,从化合价的角度认识cl2的化学性质-歧化反应,从化合价角度认识氯气的歧化反应
CHEMISTRY,从化合价的角度认识cl2的化学性质-歧化反应,从化学键角度计算反应热ΔH
CHEMISTRY,从化合价的角度认识cl2的化学性质-歧化反应,价态归中与歧化反应规律
CHEMISTRY,从化合价的角度认识cl2的化学性质-歧化反应,价态规律：归中与歧化
CHEMISTRY,从化合价的角度认识cl2的化学性质-歧化反应,实验方案评价的四个角度
CHEMISTRY,从化合价的角度认识cl2的化学性质-歧化反应,歧化反应规律及其典型实例
CHEMISTRY,从化合价的角度认识cl2的化学性质-歧化反应,歧化反应规律思维模型
CHEMISTRY,从化合价的角度认识cl2的化学性质-歧化反应,氯气与水、碱反应的歧化本质
CHEMISTRY,从化合价的角度认识cl2的化学性质-歧化反应,氯气与水、碱的歧化反应
CHEMISTRY,从化合价的角度认识cl2的化学性质-歧化反应,氯气与水和碱的歧化反应
CHEMISTRY,从化合价的角度认识cl2的化学性质-歧化反应,氯气的化学性质
CHEMISTRY,从化合价的角度认识cl2的化学性质-歧化反应,氯气的歧化反应与氧化性
CHEMISTRY,从化合价的角度认识cl2的化学性质-歧化反应,氯气的歧化反应（与水、与碱）
CHEMISTRY,从化合价的角度认识cl2的化学性质-歧化反应,铜的主要化学性质
CHEMISTRY,从化合价的角度认识cl2的化学性质-歧化反应,铵盐的化学性质
CHEMISTRY,从化合价的角度认识cl2的化学性质-歧化反应,非常规化合价的判断
CHEMISTRY,从原子结构角度认识氯气的氧化性,ClO－的氧化性与水解性
CHEMISTRY,从原子结构角度认识氯气的氧化性,以晶体结构为主线的考查角度
CHEMISTRY,从原子结构角度认识氯气的氧化性,检验输送HCl、氯气的管道是否漏气
CHEMISTRY,从原子结构角度认识氯气的氧化性,氯气与金属、非金属的反应
CHEMISTRY,从原子结构角度认识氯气的氧化性,氯气的强氧化性及其与金属、非金属的反应
CHEMISTRY,从原子结构角度认识氯气的氧化性,氯气的强氧化性及其典型反应
CHEMISTRY,从原子结构角度认识氯气的氧化性,氯气的验满方法
CHEMISTRY,从海水中提取物质的思路,从海水中提取溴和碘的基本思路
CHEMISTRY,从海水中提取物质的思路,从海水中提取溴和碘的富集思路
CHEMISTRY,从海水中提取物质的思路,从海水中提取镁的流程
CHEMISTRY,从海水中提取物质的思路,歧化与归中反应在海水提溴、海带提碘中的应用
CHEMISTRY,从海水中提取物质的思路,海水中提取氯、溴、碘的思路
CHEMISTRY,从溶液中获取晶体的方法,从溶液中获得晶体的方法选择
CHEMISTRY,从溶液中获取晶体的方法,蒸发结晶
CHEMISTRY,从铝土矿提纯al2o3-碱溶法-的工艺流程,从铝土矿提纯氧化铝的两条路线
CHEMISTRY,从铝土矿提纯al2o3-碱溶法-的工艺流程,由铝土矿提取氧化铝的两大工艺
CHEMISTRY,从铝土矿提纯al2o3-碱溶法-的工艺流程,碱溶法从铝土矿提纯Al2O3的流程要点
CHEMISTRY,从铝土矿提纯al2o3-碱溶法-的工艺流程,铝土矿提取氧化铝的两大流程
CHEMISTRY,从铝土矿提纯al2o3-碱溶法-的工艺流程,铝土矿提纯氧化铝的碱溶法
CHEMISTRY,从铝土矿提纯al2o3-碱溶法-的工艺流程,铝土矿提纯的碱溶法流程
CHEMISTRY,以fe3o4为原料炼铁-主要发生如下反应,分别写出Fe3O4溶于足量稀硝酸、氢碘酸
CHEMISTRY,以烯烃-炔烃为原料的有机合成,从原料的利用率分析
CHEMISTRY,以烯烃-炔烃为原料的有机合成,烯烃的常见信息反应
CHEMISTRY,仪器的安装与连接顺序,仪器的安装顺序与导管连接方式
CHEMISTRY,仪器的洗涤,容器壁上附着的硫
CHEMISTRY,仪器的洗涤,玻璃仪器的洗涤与残留物的去除
CHEMISTRY,仪器的洗涤与洗净标准,仪器的洗涤方法与洗净标准
CHEMISTRY,仪器的洗涤与洗净标准,玻璃仪器洗净的标准
CHEMISTRY,价层电子对互斥模型,VSEPR模型与价层电子对数的计算
CHEMISTRY,价层电子对互斥模型,价层电子对互斥模型与空间结构
CHEMISTRY,价层电子对互斥模型,价层电子对互斥模型（VSEPR）推测分子构型
CHEMISTRY,价层电子对互斥模型,价层电子对互斥理论的要点与判断步骤
CHEMISTRY,价层电子对互斥模型,价层电子对数与 VSEPR 模型的对应关系
CHEMISTRY,价层电子对互斥模型,价层电子对数的计算与构型判断
CHEMISTRY,价层电子对互斥模型,价电子对互斥
CHEMISTRY,价层电子对互斥模型,共价键法求孤电子对数
CHEMISTRY,价层电子对互斥模型,副族与0族的价层电子规律
CHEMISTRY,价层电子对互斥模型,电子对结构
CHEMISTRY,价态规律及其应用,元素价态与氧化性、还原性的关系
CHEMISTRY,价态规律及其应用,氧化还原反应的价态规律（归中与歧化）
CHEMISTRY,价态规律及其应用,用归中规律判断同种元素不同价态物质能否反应
CHEMISTRY,价态规律及其应用,由化合价判断氧化剂、还原剂与产物
CHEMISTRY,传统文化类试题的解题方法,传统文化类试题的考查角度与解题思路
CHEMISTRY,位-构-性-关系的应用,位构性关系与四个关系式
CHEMISTRY,位-构-性-关系的应用,位构性关系的应用
CHEMISTRY,位-构-性-关系的应用,元素推断三步法
CHEMISTRY,依据元素及其化合物性质推断元素,由性质推断元素的突破口思路
CHEMISTRY,依据化学方程式的计算,方程式计算的易错点：少量与纯度
CHEMISTRY,依据反应条件判断有机反应类型,依据介质环境判断析氢腐蚀与吸氧腐蚀
CHEMISTRY,依据反应条件判断有机反应类型,依据硬度和机械性能判断
CHEMISTRY,依据反应条件判断有机反应类型,关注有机反应条件
CHEMISTRY,依据反应条件判断有机反应类型,多池串联装置的类型判断与计算依据
CHEMISTRY,依据反应条件判断有机反应类型,有机转化关系与显色现象的辨析
CHEMISTRY,依据反应条件判断有机反应类型,根据反应条件、浓度大小及反应的剧烈程度判断
CHEMISTRY,依据反应条件判断有机反应类型,由反应条件判断有机反应类型
CHEMISTRY,依据反应条件判断有机反应类型,由反应条件推断有机反应类型
CHEMISTRY,依据反应条件判断有机反应类型,由反应试剂及条件推反应类型
CHEMISTRY,依据反应条件判断有机反应类型,醇的消去反应结构条件与产物判断
CHEMISTRY,依据官能团分类,“基”、官能团与原子团的区别
CHEMISTRY,依据官能团分类,利用化学原理可以对工厂排放的废水、废渣等进行
CHEMISTRY,依据官能团分类,同时用多个标准对同一物质进行分类
CHEMISTRY,依据官能团分类,基、官能团与原子团的区别
CHEMISTRY,依据官能团分类,官能团书写的规范与整体性
CHEMISTRY,依据官能团分类,官能团书写的规范性
CHEMISTRY,依据官能团分类,官能团保护的基本思路
CHEMISTRY,依据官能团分类,官能团异构
CHEMISTRY,依据官能团分类,常见官能团异构（类别异构）类型对
CHEMISTRY,依据官能团分类,常见官能团的引入方法
CHEMISTRY,依据官能团分类,常见官能团的消除方法
CHEMISTRY,依据官能团分类,有机合成中官能团的保护与恢复
CHEMISTRY,依据官能团分类,有机物分类的两条主线
CHEMISTRY,依据官能团分类,有机物按组成与官能团分类的易混点
CHEMISTRY,依据官能团分类,有机物的分类线索与官能团
CHEMISTRY,依据官能团分类,烃的衍生物与常见类别、官能团的对应关系
CHEMISTRY,依据官能团分类,由性质确定官能团的位置
CHEMISTRY,依据题目提供的新信息进行推断未知有机物的结构,依据题给新信息推断结构
CHEMISTRY,依据题目提供的新信息进行推断未知有机物的结构,副产物结构的推断
CHEMISTRY,依据题目提供的新信息进行推断未知有机物的结构,用题给新信息增长碳链并引入羟基
CHEMISTRY,依据题目提供的新信息进行推断未知有机物的结构,由产物或反应特点推断反应物结构
CHEMISTRY,依据题目提供的新信息进行推断未知有机物的结构,第二类
CHEMISTRY,信息型氧化还原方程式的书写,信息型氧化还原方程式的书写步骤
CHEMISTRY,假设法判断氧化还原反应能否进行的步骤,假设法判断氧化还原反应能否进行
CHEMISTRY,假设法判断氧化还原反应能否进行的步骤,由 K 值数量级判断反应进行的程度
CHEMISTRY,假设法判断氧化还原反应能否进行的步骤,破解对数图像的步骤
CHEMISTRY,假设法判断氧化还原反应能否进行的步骤,观察能否发生氧化还原反应
CHEMISTRY,假设法判断氧化还原反应能否进行的步骤,醇能否发生催化氧化与消去的判断
CHEMISTRY,做到-五看-快速判断热化学方程式的正误,“五审”判断热化学方程式正误
CHEMISTRY,做到-五看-快速判断热化学方程式的正误,热化学方程式正误判断的“五看”
CHEMISTRY,做到-五看-快速判断热化学方程式的正误,热化学方程式正误判断的五看
CHEMISTRY,催化剂,催化剂不能改变转化率与反应限度
CHEMISTRY,催化剂,催化剂与化学平衡的移动
CHEMISTRY,催化剂,催化剂的概念与正催化剂
CHEMISTRY,催化剂,催化剂的特性（《53知识清单·化学》第187页）
CHEMISTRY,催化剂,催化剂的选择性及其计算
CHEMISTRY,催化剂,催化剂选择性的两条基本事实
CHEMISTRY,催化剂-催化剂同等程度改变正逆反应速率-不影响平衡移动,催化剂不影响化学平衡及其速率—时间图像
CHEMISTRY,催化剂-催化剂同等程度改变正逆反应速率-不影响平衡移动,催化剂同等程度改变正逆速率而不影响平衡移动
CHEMISTRY,催化剂-催化剂同等程度改变正逆反应速率-不影响平衡移动,催化剂改变速率的原理
CHEMISTRY,催化剂-催化剂同等程度改变正逆反应速率-不影响平衡移动,催化剂的“四能”“四不能”
CHEMISTRY,催化剂-催化剂同等程度改变正逆反应速率-不影响平衡移动,催化剂降低活化能但不改变反应热
CHEMISTRY,催化剂-催化剂同等程度改变正逆反应速率-不影响平衡移动,外因改变速率的活化分子机理
CHEMISTRY,催化剂-催化剂同等程度改变正逆反应速率-不影响平衡移动,活化能、催化剂与转化效率的关系
CHEMISTRY,催化剂-催化剂同等程度改变正逆反应速率-不影响平衡移动,温度对2NO2⇌N2O4平衡影响的实验现象
CHEMISTRY,催化剂-催化剂同等程度改变正逆反应速率-不影响平衡移动,降低某气体分压等效于减压促平衡移动
CHEMISTRY,催化剂与化学反应,催化剂中毒的含义与工业应对
CHEMISTRY,催化剂与化学反应,催化剂对化学反应的影响
CHEMISTRY,催化剂与化学反应,催化剂对化学反应速率的影响
CHEMISTRY,催化剂与化学反应,催化剂的作用与能量分析
CHEMISTRY,催化剂与反应历程,催化剂与中间产物的判断方法
CHEMISTRY,催化剂与反应历程,催化剂作用、决速步与活化能分析
CHEMISTRY,催化剂与反应历程,催化剂改变历程与决速步骤的判断
CHEMISTRY,催化剂与反应历程,催化剂改变反应历程的机理
CHEMISTRY,催化剂与反应历程,催化剂效果与竞争反应选择性的比较
CHEMISTRY,催化剂与反应历程,催化剂的特点与催化反应历程
CHEMISTRY,催化剂与反应历程,催化反应机理题的解题思路
CHEMISTRY,催化剂与反应历程,催化机理与催化反应的一般过程
CHEMISTRY,催化剂与反应历程,反应历程曲线图与能垒图分析
CHEMISTRY,催化剂与反应历程,基元反应、反应历程与决速步骤
CHEMISTRY,催化剂与反应历程,基元反应与反应历程、决速步骤
CHEMISTRY,催化剂与反应历程,工业合成氨的催化历程
CHEMISTRY,催化剂与反应历程,循环机理图中催化剂与中间体的判断
CHEMISTRY,催化剂与反应历程,环式催化机理中催化剂与中间体的判断
CHEMISTRY,催化剂与反应历程,环式反应历程图像的判读
CHEMISTRY,元素-核素-同位素,元素、核素、同位素、同素异形体的联系
CHEMISTRY,元素-核素-同位素,元素、核素与同位素的关系
CHEMISTRY,元素-核素-同位素,元素、核素与同位素的区别与联系
CHEMISTRY,元素-核素-同位素,元素、核素与同位素的辨析
CHEMISTRY,元素-核素-同位素,同位素与同素异形体的定义比较
CHEMISTRY,元素-核素-同位素,同位素与同素异形体的性质差异
CHEMISTRY,元素-核素-同位素,同位素与同素异形体的研究对象
CHEMISTRY,元素-核素-同位素,核反应型元素推断：质量数与质子数守恒
CHEMISTRY,元素-核素-同位素,核素、同位素与核反应的三点辨析
CHEMISTRY,元素-核素-同位素,核素、同位素与核反应的四个辨析点
CHEMISTRY,元素-核素-同位素,核素、同位素与等电子微粒
CHEMISTRY,元素-核素-同位素,核素与元素相对原子质量
CHEMISTRY,元素-核素-同位素,氢元素的三种核素：氕、氘、氚
CHEMISTRY,元素-核素-同位素,氢的三种核素与同位素单质
CHEMISTRY,元素-核素-同位素,相对原子质量的四种表示与易错
CHEMISTRY,元素周期律,主族元素结构与性质的递变规律对照
CHEMISTRY,元素周期律,元素周期律的两类应用
CHEMISTRY,元素周期律,元素周期律的四大认识误区
CHEMISTRY,元素周期律,元素周期律的易混易错点
CHEMISTRY,元素周期律的内容及实质,元素周期律、元素周期系与元素周期表
CHEMISTRY,元素周期律的内容及实质,元素周期律的内容、实质与化合价
CHEMISTRY,元素周期律的内容及实质,元素性质与原子结构的关系
CHEMISTRY,元素周期律的内容及实质,卤素原子结构与性质的关系
CHEMISTRY,元素周期律的内容及实质,原子核外电子排布、原子半径与化合价的周期性变化
CHEMISTRY,元素周期律的内容及实质,同周期、同主族元素性质的递变规律
CHEMISTRY,元素周期表,依据元素周期表记忆强弱电解质
CHEMISTRY,元素周期表,元素周期表的五个分区
CHEMISTRY,元素周期表,各周期元素种数与族的构成
CHEMISTRY,元素周期表,周期表金属与非金属分界线及元素分区
CHEMISTRY,元素周期表与原子结构的规律,三角递变与金属性定性判据
CHEMISTRY,元素周期表与原子结构的规律,元素周期表的分区与特殊位置
CHEMISTRY,元素周期表与原子结构的规律,元素周期表结构的易错易混点
CHEMISTRY,元素周期表与原子结构的规律,元素周期表结构的易错点
CHEMISTRY,元素周期表与原子结构的规律,利用稀有气体元素确定元素位置
CHEMISTRY,元素周期表与原子结构的规律,原子序数规律与元素化合价规律
CHEMISTRY,元素周期表与原子结构的规律,周期表的五个分区与ⅡA、ⅢA族原子序数差
CHEMISTRY,元素周期表与原子结构的规律,由价层电子排布判断元素在周期表中的位置
CHEMISTRY,元素周期表与原子结构的规律,电子云与原子轨道的形状
CHEMISTRY,元素周期表与原子结构的规律,电离能与原子结构
CHEMISTRY,元素周期表中元素的原子序数的差值关系,ⅡA与ⅢA族原子序数差值的规律
CHEMISTRY,元素周期表中元素的原子序数的差值关系,主族与过渡元素的价电子与族序数关系
CHEMISTRY,元素周期表中元素的原子序数的差值关系,元素周期表中的特殊位置
CHEMISTRY,元素周期表中元素的原子序数的差值关系,原子序数的差值关系
CHEMISTRY,元素周期表中元素的原子序数的差值关系,原子序数的数量关系
CHEMISTRY,元素周期表中元素的原子序数的差值关系,各周期首尾元素的原子序数与排布式
CHEMISTRY,元素周期表中元素的原子序数的差值关系,同主族相邻周期元素原子序数差的计算
CHEMISTRY,元素周期表中元素的原子序数的差值关系,同周期ⅡA与ⅢA族原子序数差
CHEMISTRY,元素周期表中元素的原子序数的差值关系,同周期第ⅡA族与第ⅢA族元素的原子序数差
CHEMISTRY,元素周期表中元素的原子序数的差值关系,含元素最多的族与元素分布规律
CHEMISTRY,元素周期表中元素的原子序数的差值关系,相邻元素原子序数的差值规律
CHEMISTRY,元素周期表中元素的原子序数的差值关系,相邻周期、相邻族的原子序数差值
CHEMISTRY,元素周期表中元素的原子序数的差值关系,相邻周期同主族元素原子序数之差
CHEMISTRY,元素周期表中元素的原子序数的差值关系,过渡元素的价电子数与列序数关系
CHEMISTRY,元素周期表中元素的原子序数的差值关系,邻位元素的原子序数差规律
CHEMISTRY,元素周期表及其应用易混易错点,元素周期律的四个误区
CHEMISTRY,元素周期表及其应用易混易错点,周期表结构中的四个易错点
CHEMISTRY,元素周期表及其应用易混易错点,周期表结构易混点辨析
CHEMISTRY,元素周期表的-四个关系式,元素周期表四个关系式
CHEMISTRY,元素周期表的-四个关系式,元素周期表的常用等量关系
CHEMISTRY,元素周期表的-四个关系式,关系式法含义
CHEMISTRY,元素周期表的-四个关系式,周期表中的四个关系式
CHEMISTRY,元素周期表的-四个关系式,周期表中的特殊规律清单
CHEMISTRY,元素周期表的应用,元素周期表在预测与找材料中的应用
CHEMISTRY,元素周期表的应用,元素周期表应用
CHEMISTRY,元素周期表的应用,元素周期表的三大应用
CHEMISTRY,元素周期表的应用,元素周期表的三类应用
CHEMISTRY,元素周期表的应用,元素周期表的应用定位
CHEMISTRY,元素周期表的应用,元素周期表的应用：分区寻找物质
CHEMISTRY,元素周期表的应用,元素在地壳中分布的经验规律
CHEMISTRY,元素周期表的应用,周期表在生产与找矿中的应用
CHEMISTRY,元素周期表的应用,周期表在生产中指引寻找新材料
CHEMISTRY,元素周期表的应用,特种合金材料与矿物寻找的规律
CHEMISTRY,元素周期表的应用,由周期表位置预测元素性质
CHEMISTRY,元素周期表的应用,由周期表位置预测性质与寻找新材料
CHEMISTRY,元素周期表的应用,金属与非金属的分区及性质递变
CHEMISTRY,元素周期表的结构,主族元素的价层电子排布特点与价层电子数规律
CHEMISTRY,元素周期表的结构,元素周期表的五个分区与 ds 区的由来
CHEMISTRY,元素周期表的结构,元素周期表的分区
CHEMISTRY,元素周期表的结构,元素周期表的分区及价层电子排布
CHEMISTRY,元素周期表的结构,元素周期表的原子序数、周期与族的结构
CHEMISTRY,元素周期表的结构,元素周期表的对角线规则
CHEMISTRY,元素周期表的结构,元素周期表的结构与位置关系
CHEMISTRY,元素周期表的结构,元素周期表的结构与编排原则
CHEMISTRY,元素周期表的结构,元素周期表的结构与读图要点
CHEMISTRY,元素周期表的结构,元素周期表的编排与结构
CHEMISTRY,元素周期表的结构,元素周期表的编排原则
CHEMISTRY,元素周期表的结构,元素周期表的编排原则与结构
CHEMISTRY,元素周期表的结构,各区元素的位置、价层电子排布与性质特点
CHEMISTRY,元素周期表的结构,周期表中的特殊位置与易混结论
CHEMISTRY,元素周期表的结构,用稀有气体确定主族元素位置
CHEMISTRY,元素周期表的结构,第ⅢB 族是元素种类最多的族
CHEMISTRY,元素周期表的结构,镧系、锕系与超铀元素
CHEMISTRY,元素推断的常用方法,推断元素的基本思路与陌生元素性质的推断
CHEMISTRY,元素推断的常用方法,由位置与结构特征推断短周期元素
CHEMISTRY,元素的-位-构-性-关系,“位—构—性”三者的相互推断
CHEMISTRY,元素的-位-构-性-关系,位构性关系与元素推断
CHEMISTRY,元素的-位-构-性-关系,位置与结构的关系
CHEMISTRY,元素的-位-构-性-关系,元素位—构—性三者关系与三个关系式
CHEMISTRY,元素的-位-构-性-关系,元素位构性三者的相互推断
CHEMISTRY,元素的-位-构-性-关系,元素位构性关系理解
CHEMISTRY,元素的-位-构-性-关系,元素推断中位构性六个关系式
CHEMISTRY,元素的-位-构-性-关系,元素推断题的一般思路与要点
CHEMISTRY,元素的-位-构-性-关系,性质与位置互推、结构与性质互推
CHEMISTRY,元素的-位-构-性-关系,性质与位置互推及结构与性质互推
CHEMISTRY,元素的性质比较和判断易混易错点,NO 与 NO2 的性质比较
CHEMISTRY,元素的性质比较和判断易混易错点,元素周期律中的四个不一定
CHEMISTRY,元素的性质比较和判断易混易错点,氢化物的“一类物质”与 H- 的半径
CHEMISTRY,元素的性质比较和判断易混易错点,淀粉与纤维素的性质比较
CHEMISTRY,元素的性质比较和判断易混易错点,由非金属性比较氢化物的稳定性与还原性
CHEMISTRY,元素的性质比较和判断易混易错点,金属性、非金属性强弱判断的易错点
CHEMISTRY,元素的性质比较和判断易混易错点,金属性与非金属性判断的常见误区
CHEMISTRY,元素金属性强弱的判断,元素金属性强弱的判断依据
CHEMISTRY,元素金属性强弱的判断,元素金属性强弱的判断方法
CHEMISTRY,元素金属性强弱的判断,条件：金属与接触到的干燥气体或非
CHEMISTRY,元素金属性强弱的判断,用原电池比较金属性时不要忽视介质
CHEMISTRY,元素金属性强弱的判断,由置换反应与周期表位置判断金属性强弱
CHEMISTRY,元素金属性强弱的判断,电负性差值与化学键类型及极性强弱的判断
CHEMISTRY,元素金属性强弱的判断,碱金属与氧气、水反应的递变规律
CHEMISTRY,元素金属性强弱的判断,碱金属单质还原性与阳离子氧化性的递变
CHEMISTRY,元素金属性强弱的判断,离子键与共价键强弱的判断依据
CHEMISTRY,元素金属性强弱的判断,金属性强弱的判断依据
CHEMISTRY,元素金属性强弱的判断,金属性强弱的判断方法
CHEMISTRY,元素金属性强弱的判断,金属性强弱的比较方法
CHEMISTRY,元素金属性强弱的判断,金属性非金属性强弱的判断依据
CHEMISTRY,元素金属性强弱的判断,金属活动性与金属性强弱的区别
CHEMISTRY,元素金属性强弱的判断,非金属性
CHEMISTRY,元素非金属性强弱的判断,元素非金属性强弱的判断依据
CHEMISTRY,元素非金属性强弱的判断,元素非金属性强弱的判断方法
CHEMISTRY,元素非金属性强弱的判断,卤素非金属性的递变表现
CHEMISTRY,元素非金属性强弱的判断,最高价氧化物对应水化物酸性的周期性变化
CHEMISTRY,元素非金属性强弱的判断,比较非金属性时对含氧酸与氢化物的误用
CHEMISTRY,元素非金属性强弱的判断,由非金属性比较最高价含氧酸的酸性
CHEMISTRY,元素非金属性强弱的判断,金属性与非金属性强弱比较的判断依据
CHEMISTRY,元素非金属性强弱的判断,非金属性强弱判断中的易错点
CHEMISTRY,元素非金属性强弱的判断,非金属性强弱的判断依据
CHEMISTRY,元素非金属性强弱的判断,非金属性强弱的判断方法
CHEMISTRY,元素非金属性强弱的判断,非金属性强弱的比较方法
CHEMISTRY,先后规律及其应用,多种氧化剂共存时的反应先后
CHEMISTRY,先后规律及其应用,多种还原剂共存时的反应先后
CHEMISTRY,先后规律及其应用,氧化还原反应的先后规律
CHEMISTRY,全程速率-时间图像,v-t 图像的四种类型与全程速率图像
CHEMISTRY,全程速率-时间图像,“全程”类速率-时间图像的分析
CHEMISTRY,全程速率-时间图像,全程速率-时间图像：Zn与足量盐酸反应
CHEMISTRY,全程速率-时间图像,全程速率—时间图像的两类情形
CHEMISTRY,全程速率-时间图像,全程速率—时间图像的分析
CHEMISTRY,全程速率-时间图像,自催化现象与全程速率曲线
CHEMISTRY,全程速率-时间图像,锌与盐酸反应全程速率—时间图像的分析
CHEMISTRY,六种盐溶液蒸干后产物的判断,六种盐溶液蒸干产物的判断
CHEMISTRY,共价化合物,以共价键形成的分子的电子式与结构式
CHEMISTRY,共价化合物,共价化合物与离子化合物的判断
CHEMISTRY,共价化合物,共价化合物的熔点与导电性
CHEMISTRY,共价化合物,有关共价化合物的三个易错问题
CHEMISTRY,共价晶体,共价晶体的构成与性质
CHEMISTRY,共价晶体,共价晶体的构成与物理性质
CHEMISTRY,共价晶体,共价晶体的结构与性质
CHEMISTRY,共价晶体,共价晶体的结构本质与化学式含义
CHEMISTRY,共价晶体,共价晶体的结构特点与化学式含义
CHEMISTRY,共价晶体,金刚石的晶体结构
CHEMISTRY,共价键,价键理论解释 P、S、Cl 的多键数
CHEMISTRY,共价键,共价键与共价化合物
CHEMISTRY,共价键,共价键的实质、特征与分类
CHEMISTRY,共价键,共价键的形成、定义与极性与非极性
CHEMISTRY,共价键,共价键的本质、特征与分类
CHEMISTRY,共价键,共价键的本质与特征
CHEMISTRY,共价键,短周期主族元素的成键特点
CHEMISTRY,共价键及键参数易混易错点,σ键与π键的易错辨析
CHEMISTRY,共价键及键参数易混易错点,共价键与键参数易错点
CHEMISTRY,共价键及键参数易混易错点,共价键相关判断的六个易错点
CHEMISTRY,共价键及键参数易混易错点,键长、键角、键能大小的比较
CHEMISTRY,共价键的分类,σ 键与 π 键的形成及数目规律
CHEMISTRY,共价键的分类,σ 键与 π 键的识别与数目计算
CHEMISTRY,共价键的分类,共价键的分类与 σ 键、π 键的判断
CHEMISTRY,共价键的分类,极性键与非极性键及σ键、π键
CHEMISTRY,共价键的分类,离子键与共价键的比较
CHEMISTRY,关于化学反应速率易错易混点,化学反应速率易错点
CHEMISTRY,关于化学反应速率易错易混点,外因影响反应速率的几类特殊情况
CHEMISTRY,关于化学反应速率易错易混点,外界条件影响速率的特殊情形
CHEMISTRY,关于化学反应速率易错易混点,改变条件后速率是否一定变化
CHEMISTRY,关于化学反应速率易错易混点,温度改变时正逆速率的变化幅度
CHEMISTRY,关于化学反应速率易错易混点,表示化学反应速率的四条规范
CHEMISTRY,关于化学平衡状态的易错易混点,不同反应中可能为变量也可能为不变量的物理量
CHEMISTRY,关于化学平衡状态的易错易混点,不能作为平衡状态标志的五种情况
CHEMISTRY,关于化学平衡状态的易错易混点,化学平衡状态的易错点
CHEMISTRY,关于化学平衡状态的易错易混点,平衡状态判断的三关注与四种伪标志
CHEMISTRY,关系式法,关系式法与横向关系式
CHEMISTRY,关系式法,关系式法及其应用
CHEMISTRY,关系式法,关系式法及其解题关键
CHEMISTRY,关系式法,关系式法的三种类型
CHEMISTRY,关系式法,关系式法的含义与思维模型
CHEMISTRY,关系式法,关系式法的含义与纵向关系式
CHEMISTRY,关系式法,关系式法的四步解题程序
CHEMISTRY,关系式法,关系式法的思维模型
CHEMISTRY,关系式法,关系式法计算及其应用
CHEMISTRY,关系式法,关系式法速算多步反应
CHEMISTRY,其他防护方法,金属防护的三种途径与电化学保护法
CHEMISTRY,其他防护方法,金属防护的三类方法
CHEMISTRY,其他防护方法,金属防护的其他方法与两类电化学保护的实例
CHEMISTRY,其他防护方法,金属防护的其他方法与检验
CHEMISTRY,典型含氮元素物质之间的相互转化,含氮元素物质之间的转化关系
CHEMISTRY,典型含氮元素物质之间的相互转化,含氮物质转化主线与连续氧化
CHEMISTRY,典型含氮元素物质之间的相互转化,含氮物质转化的核心方程式
CHEMISTRY,典型含氮元素物质之间的相互转化,氮及其化合物的价态与转化关系
CHEMISTRY,典型含氮元素物质之间的相互转化,氮及其化合物的转化关系
CHEMISTRY,写出除去下列固体粉末中混有杂质-括号内为杂质-可采取的方法-写出有关反应的方程式,三类固体混合物除杂的试剂操作与方程式
CHEMISTRY,写出除去下列固体粉末中混有杂质-括号内为杂质-可采取的方法-写出有关反应的方程式,盖斯定律求反应热的方法
CHEMISTRY,写出除去下列气体中混有的杂质-括号内为杂质-可采取的方法,含铝杂质的除去方法归类
CHEMISTRY,写出除去下列气体中混有的杂质-括号内为杂质-可采取的方法,当CO2中混有O2杂质时
CHEMISTRY,写出除去下列气体中混有的杂质-括号内为杂质-可采取的方法,洗气：用于除去气体混合物中的杂质
CHEMISTRY,写出除去下列气体中混有的杂质-括号内为杂质-可采取的方法,粗铜中不活泼的杂质
CHEMISTRY,写出除去下列气体中混有的杂质-括号内为杂质-可采取的方法,若要除去Cu2+中混有的Fe3+
CHEMISTRY,写出除去下列气体中混有的杂质-括号内为杂质-可采取的方法,选择适当的试剂或方法除去杂质
CHEMISTRY,写出除去下列气体中混有的杂质-括号内为杂质-可采取的方法,除去含Mg2+的溶液中混有的Fe2+
CHEMISTRY,写出除去下列气体中混有的杂质-括号内为杂质-可采取的方法,除杂的四原则与四注意
CHEMISTRY,几种重要的醛-酮,小分子醛酮易溶于水的原因
CHEMISTRY,几种重要的醛-酮,甲醛、乙醛与丙酮
CHEMISTRY,几种重要的醛-酮,苯甲醛
CHEMISTRY,几种重要的醛-酮,醛类的概念与重要的醛
CHEMISTRY,分子-或离子-空间结构的判断,VSEPR 模型与分子空间结构的区别
CHEMISTRY,分子-或离子-空间结构的判断,价层电子对数与杂化、VSEPR、空间结构对应表
CHEMISTRY,分子-或离子-空间结构的判断,分子与离子空间结构分析示例
CHEMISTRY,分子-或离子-空间结构的判断,有机分子空间结构的五种基本模型
CHEMISTRY,分子-或离子-空间结构的判断,用“取代法”分析含氧酸根的空间结构
CHEMISTRY,分子-或离子-空间结构的判断,由价层电子对数与孤电子对数判断空间结构
CHEMISTRY,分子-或离子-空间结构的判断,预测分子空间结构的四步法
CHEMISTRY,分子-离子-的空间结构判断易混易错点,常见微粒的杂化类型与空间结构对照
CHEMISTRY,分子-离子-的空间结构判断易混易错点,空间结构判断的三个易混点
CHEMISTRY,分子晶体,分子晶体的密堆积与氢键
CHEMISTRY,分子晶体,分子晶体的密堆积与非密堆积
CHEMISTRY,分子晶体,分子晶体的构成与性质
CHEMISTRY,分子晶体,分子晶体的构成与物理性质
CHEMISTRY,分子晶体,分子晶体的熔点低
CHEMISTRY,分子晶体,分子晶体的组成、常见类型与物理性质
CHEMISTRY,分子晶体,原子晶体
CHEMISTRY,分子晶体,常见晶体的结构模型
CHEMISTRY,分子晶体,干冰与冰的晶体结构
CHEMISTRY,分子的性质,分子的溶解性——相似相溶、氢键与憎水基
CHEMISTRY,分子的性质,分子间作用力与分子的性质
CHEMISTRY,分子的性质,手性分子、手性碳与含氧酸酸性规律
CHEMISTRY,分子的手性,手性异构体与手性分子的概念
CHEMISTRY,分子的极性,ABn(n≥2)型分子
CHEMISTRY,分子的极性,O3 是极性分子而 O2 是非极性分子
CHEMISTRY,分子的极性,分子极性的三种判断方法
CHEMISTRY,分子的极性,分子极性的两类判断依据与经验规律
CHEMISTRY,分子的极性,分子极性的判断依据
CHEMISTRY,分子的极性,分子的极性与判断方法
CHEMISTRY,分子的极性,形成原因
CHEMISTRY,分子的极性,用孤电子对与化合价判断极性分子
CHEMISTRY,分子的极性,由中心原子化合价判断分子极性
CHEMISTRY,分子的极性,由结构对称性判断分子的极性
CHEMISTRY,分子的极性,由键的极性与向量和判断分子极性
CHEMISTRY,分子空间构型,分子空间构型的判断
CHEMISTRY,分子间作用力,三态转化与分子间作用力的变化
CHEMISTRY,分子间作用力,分子晶体的稳定性与熔沸点的决定因素区分
CHEMISTRY,分子间作用力,分子间氢键导致沸点反常偏高
CHEMISTRY,分子间作用力,氢键的作用能与分子间作用力对物理性质的影响
CHEMISTRY,分子间作用力,氢键的表示、类型与对物质性质的影响
CHEMISTRY,分子间作用力,范德华力与氢键
CHEMISTRY,分子间作用力对物质性质的影响,分子晶体熔沸点比较与氢键类型的判断
CHEMISTRY,分子间作用力对物质性质的影响,分子极性对沸点的影响
CHEMISTRY,分子间作用力对物质性质的影响,影响物质体积大小的三个因素
CHEMISTRY,分子间作用力对物质性质的影响,比较简单氢化物沸点的三个层次
CHEMISTRY,分子间作用力对物质性质的影响,氢键对熔沸点和溶解度的影响
CHEMISTRY,分子间作用力对物质性质的影响,键参数：键能、键长、键角对分子性质的影响
CHEMISTRY,分布分数图像,三元弱酸分布分数图像的读法
CHEMISTRY,分布分数图像,二元弱酸分布系数图像与交点应用
CHEMISTRY,分布分数图像,分布分数图像的解题思维模型
CHEMISTRY,分布分数图像,分布分数图像的读图四步
CHEMISTRY,分布分数图像,分布分数（分布系数）δ的定义
CHEMISTRY,分布分数图像,分布系数δ-pH曲线的读图与用交点
CHEMISTRY,分布分数图像,分布系数图像的定义与一元弱酸图像
CHEMISTRY,分布分数图像,分布系数曲线与滴定曲线特殊点分析
CHEMISTRY,分布分数图像,弱电解质与沉淀溶解共存的曲线归属
CHEMISTRY,分散系,分散系与胶体的分类
CHEMISTRY,分散系,分散系的概念与分类
CHEMISTRY,分散系,分散系的组成、分类与易错点
CHEMISTRY,分散系,分散系的组成与分类
CHEMISTRY,分散系的分类,分散系的分类与胶体
CHEMISTRY,分散系的分类,分散系的分类与胶体的性质
CHEMISTRY,分散系的分类,胶体的分类、聚沉与净水原理
CHEMISTRY,分析图像书写热化学方程式,由能量图像写热化学方程式
CHEMISTRY,分析有机合成与推断类题的-四要点,实验与分析要点
CHEMISTRY,分析有机合成与推断类题的-四要点,有机化学发展史的四个重要节点
CHEMISTRY,分析有机合成与推断类题的-四要点,有机合成与推断题的四个审读要点
CHEMISTRY,分析有机合成与推断类题的-四要点,有机合成官能团变化的解题思维
CHEMISTRY,分析电解过程的思维程序,多池串联电化学装置的判断与计算
CHEMISTRY,分析电解过程的思维程序,电解池中电极反应式的书写方法
CHEMISTRY,分析电解过程的思维程序,电解问题的基本解题思路
CHEMISTRY,分析离子能否大量共存必备知识,离子共存中的四种反应类型
CHEMISTRY,分析离子能否大量共存必备知识,离子共存判断五查
CHEMISTRY,分析离子能否大量共存必备知识,离子共存判断的四个方面与题干条件
CHEMISTRY,分析离子能否大量共存必备知识,离子共存的“一色、二性”判断
CHEMISTRY,分析离子能否大量共存必备知识,离子共存的一色二性与三特殊
CHEMISTRY,分析离子能否大量共存必备知识,离子共存的四种反应类型与隐含因素
CHEMISTRY,分析离子能否大量共存必备知识,离子共存题中的隐含条件
CHEMISTRY,分析离子能否大量共存必备知识,离子间四类反应与隐含条件
CHEMISTRY,分析粒子种类-分子-离子-电子,气体单质与过氧化钠的微粒构成
CHEMISTRY,分析粒子种类-分子-离子-电子,电子跃迁与原子光谱
CHEMISTRY,分析粒子种类-分子-离子-电子,电解池中电子、离子、电流三流向
CHEMISTRY,分步法书写陌生非氧化还原方程式,分步法书写陌生的非氧化还原方程式
CHEMISTRY,分液漏斗的使用,分液漏斗的检漏与使用
CHEMISTRY,分液漏斗的使用,分液漏斗的用途、检漏与分液操作
CHEMISTRY,分离-提纯有机化合物常用的方法,常用的分离方法
CHEMISTRY,分离-提纯有机化合物常用的方法,常见有机物分离提纯的方法
CHEMISTRY,分离-提纯有机化合物常用的方法,有机产物的分离洗涤与提纯
CHEMISTRY,分离-提纯有机化合物常用的方法,有机制备产物的分离提纯思路
CHEMISTRY,分离-提纯有机化合物常用的方法,有机化合物分离与提纯的一般思路
CHEMISTRY,分离-提纯有机化合物常用的方法,有机实验中的防暴沸、洗气与萃取分液
CHEMISTRY,分离-提纯有机化合物常用的方法,有机实验的基础操作与装置要点
CHEMISTRY,分离-提纯有机化合物常用的方法,有机物的分离提纯与研究方法
CHEMISTRY,分离-提纯有机化合物常用的方法,研究有机化合物的一般步骤与分离提纯
CHEMISTRY,分离-提纯有机化合物常用的方法,研究有机物的步骤与分离提纯方法
CHEMISTRY,分离-提纯有机化合物常用的方法,色谱法分离提纯有机化合物
CHEMISTRY,分离-提纯有机化合物常用的方法,蒸馏：常用于分离、提纯液态有机物
CHEMISTRY,分离提纯,产品分离提纯的六种常用方法
CHEMISTRY,分离提纯,产品获取阶段的结晶与洗涤
CHEMISTRY,分离提纯,冷却法
CHEMISTRY,分离提纯,减压过滤的装置与洗涤操作要点
CHEMISTRY,分离提纯,分离提纯的原则与物理方法
CHEMISTRY,分离提纯,分离提纯的四原则与四必须
CHEMISTRY,分离提纯,分离提纯的概念与除杂原则
CHEMISTRY,分离提纯,化学试剂法除杂的六种思路
CHEMISTRY,分离提纯,化工流程中的分离提纯与除杂
CHEMISTRY,分离提纯,固固与固液混合物的分离提纯
CHEMISTRY,分离提纯,常用分离提纯方法与可循环物质的判断
CHEMISTRY,分离提纯,晶体的常用干燥方法
CHEMISTRY,分离提纯,有机制备中产品的分离提纯与产率计算
CHEMISTRY,分离提纯,沉淀洗涤与洗净判断的答题规范
CHEMISTRY,分离提纯,沉淀的洗涤操作与三个得分点
CHEMISTRY,分离提纯,洗涤与干燥的设问模板
CHEMISTRY,分离提纯,液液与气气混合物的分离提纯
CHEMISTRY,分离提纯,渗析法与升华法
CHEMISTRY,分离提纯,热溶冷析型晶体的结晶与洗涤
CHEMISTRY,分离提纯,物质分离、提纯的区别与除杂原则
CHEMISTRY,分离提纯,物质的分离与提纯的区别及方法选择
CHEMISTRY,分离提纯,物质鉴别的思路与分离提纯思维模型
CHEMISTRY,分离提纯,生活情境中的分离方法辨析
CHEMISTRY,分离提纯,碘与氯化铵不能用升华法分离
CHEMISTRY,分离提纯,粗盐提纯中除杂试剂的添加顺序
CHEMISTRY,分离提纯,结晶方式的选择与操作
CHEMISTRY,分离提纯,结晶方式的选择与溶解度曲线
CHEMISTRY,分离提纯,能与杂质发生反应生成沉淀
CHEMISTRY,分离提纯,除杂与提纯的区分和选择
CHEMISTRY,分离提纯,饱和盐溶液洗气除杂模型
CHEMISTRY,分阶段电解的计算与溶液复原,分阶段电解计算与溶液复原
CHEMISTRY,判断下列转化能否实现-能实现的打-不能实现的打,不能一步实现的常见转化
CHEMISTRY,判断下列转化能否实现-能实现的打-不能实现的打,不能一步实现的常见转化汇总
CHEMISTRY,判断下列转化能否实现-能实现的打-不能实现的打,不能作为平衡标志的常见情形
CHEMISTRY,判断下列转化能否实现-能实现的打-不能实现的打,平衡判断标志的适用条件与四种不能作标志的情形
CHEMISTRY,判断下列转化能否实现-能实现的打-不能实现的打,推断题中不能一步实现的常见转化
CHEMISTRY,判断化学反应的自发性,传统的反应方向判断方法
CHEMISTRY,判断化学反应的自发性,关于反应自发性的两点注意
CHEMISTRY,判断化学反应的自发性,化学反应方向的复合判据
CHEMISTRY,判断化学反应的自发性,焓判据与反应方向
CHEMISTRY,判断化学反应的自发性,焓判据与熵判据
CHEMISTRY,判断化学反应的自发性,焓判据与熵判据的局限性
CHEMISTRY,判断化学反应的自发性,焓判据与自发性
CHEMISTRY,判断化学反应的自发性,焓变与反应自发性的关系
CHEMISTRY,判断化学反应的自发性,熵判据与自发性
CHEMISTRY,判断化学反应的自发性,熵判据的结论与适用范围
CHEMISTRY,判断化学反应的自发性,熵变与反应自发性的关系
CHEMISTRY,判断化学反应的自发性,熵变对反应方向的影响
CHEMISTRY,判断化学反应的自发性,自发过程与熵变
CHEMISTRY,判断化学反应的自发性,自发过程判断的两条依据
CHEMISTRY,判断原电池正-负极的方法,原电池正、负极的五项判断依据
CHEMISTRY,判断原电池正-负极的方法,原电池正、负极的判断方法
CHEMISTRY,判断原电池正-负极的方法,原电池正负极与电极方程式的确定
CHEMISTRY,判断原电池正-负极的方法,原电池正负极的六种判断方法
CHEMISTRY,判断原电池正-负极的方法,原电池正负极的判断方法
CHEMISTRY,判断原电池正-负极的方法,原电池正负极的四条判定路径
CHEMISTRY,判断原电池正-负极的方法,原电池正负极的四种判断方法
CHEMISTRY,判断原电池正-负极的方法,原电池的定义与正负极判断
CHEMISTRY,判断原电池正-负极的方法,新型电池正负极的判断依据与离子交换膜
CHEMISTRY,判断原电池正-负极的方法,根据物质转化中
CHEMISTRY,判断原电池正-负极的方法,由得失电子判断正负极以及双容器时电解质溶液的选取
CHEMISTRY,判断原电池正-负极的方法,电子流向的分析方法
CHEMISTRY,判断原电池正-负极的方法,电极判断与电极反应书写的要点
CHEMISTRY,判断原电池正-负极的方法,电极名称判断对照表
CHEMISTRY,判断原电池正-负极的方法,电极活泼性与实际反应不一致时正负极的判断
CHEMISTRY,判断原电池正-负极的方法,电极重组后正、负极的判断
CHEMISTRY,判断同分异构体数目的常用方法和思路,二元取代物数目的判断
CHEMISTRY,判断同分异构体数目的常用方法和思路,同分异构体数目的判断方法
CHEMISTRY,判断同分异构体数目的常用方法和思路,同分异构体数目的判断方法（一）
CHEMISTRY,判断同分异构体数目的常用方法和思路,同分异构体数目的判断方法（二）
CHEMISTRY,判断同分异构体数目的常用方法和思路,同分异构体的书写与数目判断
CHEMISTRY,判断同分异构体数目的常用方法和思路,同分异构体的书写步骤与数目判断
CHEMISTRY,判断同分异构体数目的常用方法和思路,基元法判断同分异构体数目
CHEMISTRY,判断同分异构体数目的常用方法和思路,基本方法和思路
CHEMISTRY,判断同分异构体数目的常用方法和思路,常见烃基的异构体数目
CHEMISTRY,判断同分异构体数目的常用方法和思路,替代法
CHEMISTRY,判断同分异构体数目的常用方法和思路,烃基法与替代法确定同分异构体数目
CHEMISTRY,判断同分异构体数目的常用方法和思路,环状有机物同分异构体计数与氢谱对称性判断
CHEMISTRY,判断同分异构体数目的常用方法和思路,直链烷烃二溴代物种数的等差数列规律
CHEMISTRY,判断同分异构体数目的常用方法和思路,等效氢法与替代法数同分异构体
CHEMISTRY,判断同分异构体数目的常用方法和思路,等效氢法判断一取代物数目
CHEMISTRY,判断同分异构体数目的常用方法和思路,等效氢法是判断同分异构体数目的重要方法
CHEMISTRY,判断同分异构体数目的常用方法和思路,等效氢的判断三规则
CHEMISTRY,判断同分异构体数目的常用方法和思路,饱和一元羧酸与饱和一元酯同分异构体数目的判断
CHEMISTRY,判断弱酸的三种方法,Fe(OH)2 制备的三种方法
CHEMISTRY,判断弱酸的三种方法,定性探究的三种方法：变量控制、转化、对照
CHEMISTRY,判断弱酸的三种方法,强酸与弱酸的判断方法
CHEMISTRY,判断弱酸的三种方法,有机推断的三种方法
CHEMISTRY,判断弱酸的三种方法,氮的固定的三种方式
CHEMISTRY,判断弱酸的三种方法,配平的三种方法：正向、逆向、整体
CHEMISTRY,判断弱酸的三种方法,金属冶炼的三种方法与规律
CHEMISTRY,利用nh3的还原性可以消除氮氧化物的污染-其中除去no的主要反应如下,NO 的还原性与氮氧化物补充
CHEMISTRY,利用nh3的还原性可以消除氮氧化物的污染-其中除去no的主要反应如下,NaClO氧化可除去氨氮
CHEMISTRY,利用nh3的还原性可以消除氮氧化物的污染-其中除去no的主要反应如下,常见氧化剂及其对应的还原产物
CHEMISTRY,利用nh3的还原性可以消除氮氧化物的污染-其中除去no的主要反应如下,氮氧化物对环境的污染及防治
CHEMISTRY,利用nh3的还原性可以消除氮氧化物的污染-其中除去no的主要反应如下,钠的氧化物与盐溶液反应的规律
CHEMISTRY,利用平衡移动原理解释问题的思维模板,用平衡移动原理解释问题的思维流程与答题模板
CHEMISTRY,利用平衡移动原理解释问题的答题模板,用平衡移动原理解释问题的模板
CHEMISTRY,利用电离常数-k-巧判溶液稀释中有关粒子浓度比值大小,利用电离常数判断稀释中浓度比值变化
CHEMISTRY,利用电离常数-k-巧判溶液稀释中有关粒子浓度比值大小,加水稀释后粒子浓度比值分析方法
CHEMISTRY,利用电离常数-k-巧判溶液稀释中有关粒子浓度比值大小,单一盐溶液中粒子浓度大小比较
CHEMISTRY,利用电离常数-k-巧判溶液稀释中有关粒子浓度比值大小,微粒浓度比值变化的两类判断方法
CHEMISTRY,利用电离常数-k-巧判溶液稀释中有关粒子浓度比值大小,水溶液对数图像的常见坐标类型与含义
CHEMISTRY,利用电离常数-k-巧判溶液稀释中有关粒子浓度比值大小,混合溶液中粒子浓度比较的通用方法
CHEMISTRY,利用盖斯定律书写热化学方程式的一般步骤,常见堆积方式的空间利用率数值
CHEMISTRY,利用盖斯定律书写热化学方程式的一般步骤,盖斯定律的三调一加
CHEMISTRY,利用盖斯定律书写热化学方程式的一般步骤,盖斯定律的运算规则
CHEMISTRY,利用盖斯定律书写热化学方程式的一般步骤,盖斯定律计算反应热三步法
CHEMISTRY,制作一个氢氧燃料电池,制作简单氢氧燃料电池的用品与电解水步骤
CHEMISTRY,制作一个氢氧燃料电池,氢氧燃料电池的电极反应
CHEMISTRY,制取cl2装置的创新,分离提纯的创新装置
CHEMISTRY,制取cl2装置的创新,图2为蒸发装置
CHEMISTRY,制取cl2装置的创新,过滤装置的拓展创新
CHEMISTRY,制取cl2装置的创新,集气装置的创新
CHEMISTRY,加成反应,乙炔与溴的加成反应
CHEMISTRY,加成反应,烯烃、炔烃的加成与加聚反应
CHEMISTRY,勒夏特列原理,勒夏特列原理与两种特殊情况
CHEMISTRY,勒夏特列原理,勒夏特列原理的内容、适用范围与使用限制
CHEMISTRY,勒夏特列原理,勒夏特列原理的内容、适用范围与注意点
CHEMISTRY,勒夏特列原理,勒夏特列原理的内容与使用条件
CHEMISTRY,勒夏特列原理,勒夏特列原理的内容与适用条件
CHEMISTRY,勒夏特列原理,勒夏特列原理的内容与适用限制
CHEMISTRY,勒夏特列原理及应用,勒夏特列原理与惰性气体的影响
CHEMISTRY,勒夏特列原理及应用,勒夏特列原理中“减弱”的具体表现
CHEMISTRY,勒夏特列原理及应用,勒夏特列原理及其应用
CHEMISTRY,勒夏特列原理及应用,勒夏特列原理应用中的三类特殊情形
CHEMISTRY,勒夏特列原理及应用,勒夏特列原理的六个易错点
CHEMISTRY,勒夏特列原理及应用,勒夏特列原理的内容与注意事项
CHEMISTRY,勒夏特列原理及应用,勒夏特列原理的内容与适用范围
CHEMISTRY,勒夏特列原理及应用,勒夏特列原理的适用前提与应用提醒
CHEMISTRY,勒夏特列原理及应用,血红蛋白结合气体过程中的平衡移动
CHEMISTRY,化合价,化合价口诀与双线桥、单线桥的规范
CHEMISTRY,化合价,常见元素价态与特殊物质中元素化合价
CHEMISTRY,化合价,标化合价的方法与常见化合价速记
CHEMISTRY,化合价,特殊物质中元素化合价的判断
CHEMISTRY,化合价,特殊物质中元素化合价速查
CHEMISTRY,化合价,陌生物质中元素化合价的标定
CHEMISTRY,化合物,砷及其化合物的性质
CHEMISTRY,化合物,肼与砷的重要化合物
CHEMISTRY,化学与传统文化,传统工艺与分离操作的判断
CHEMISTRY,化学与传统文化,传统文化中分离、工艺与物质的判断
CHEMISTRY,化学与传统文化,传统文化中物质主要成分的快速判断
CHEMISTRY,化学与传统文化,传统文化情境中的物质、变化与分离判断
CHEMISTRY,化学与传统文化,传统文化类化学题的解题思路
CHEMISTRY,化学与传统文化,传统文化试题的解题思路
CHEMISTRY,化学与传统文化,传统文化题中变化类型的判断
CHEMISTRY,化学与传统文化,化学与传统文化题的解题方法
CHEMISTRY,化学与传统文化,古代工艺中的化学知识与解题通法
CHEMISTRY,化学与传统文化,古文献中变化与物质的判断
CHEMISTRY,化学与传统文化,古文记载中的分离提纯操作
CHEMISTRY,化学与传统文化,古籍中的变化分析与铅的化合价
CHEMISTRY,化学与传统文化,古籍中的物质判断（医药与工艺）
CHEMISTRY,化学与传统文化,古籍中的物质判断（矿物与盐类）
CHEMISTRY,化学与传统文化,古籍中的物质判断（颜料与燃料）
CHEMISTRY,化学与传统文化,古籍中的酿酒工艺与化学原理
CHEMISTRY,化学与传统文化,古诗词中的变化类型判断
CHEMISTRY,化学与传统文化,造纸术
CHEMISTRY,化学与医药的常考常识,化学与医药
CHEMISTRY,化学与医药的常考常识,医用钡餐剂
CHEMISTRY,化学与医药的常考常识,降温麻醉
CHEMISTRY,化学与技术中的重要应用,油脂的氢化（《53知识清单·化学》第154页）
CHEMISTRY,化学与环境问题,常见环境问题及其主要原因
CHEMISTRY,化学与环境问题,常见环境问题及其主要污染物
CHEMISTRY,化学与环境问题,污水处理的三级流程
CHEMISTRY,化学反应方向判断的传统方法,用挥发性与氧化性判断反应方向
CHEMISTRY,化学反应方向判断的传统方法,用物质稳定性与溶解性判断反应方向
CHEMISTRY,化学反应方向的传统判断方法,焓判据
CHEMISTRY,化学反应方向的传统判断方法,焓判据的局限
CHEMISTRY,化学反应条件的控制,控制化学反应条件的目的与合成氨条件的选择
CHEMISTRY,化学反应条件的控制,控制反应条件的目的、因素与措施
CHEMISTRY,化学反应的方向和调控易混易错点,使用复合判据的四点注意
CHEMISTRY,化学反应的方向和调控易混易错点,关于反应自发性的注意点
CHEMISTRY,化学反应的方向和调控易混易错点,化学反应方向与调控易错点
CHEMISTRY,化学反应的本质,主要化学反应
CHEMISTRY,化学反应的本质,化学反应的实质与两大守恒
CHEMISTRY,化学反应的本质,化学反应的本质是旧键断裂与新键形成
CHEMISTRY,化学反应的本质,化学反应能量变化能垒图的三步分析法
CHEMISTRY,化学反应的本质,有机化学反应研究的内容
CHEMISTRY,化学反应的热效应的易混易错点,反应条件与热效应的误判辨析
CHEMISTRY,化学反应的热效应的易混易错点,反应过程能量分析的四点注意
CHEMISTRY,化学反应的热效应的易混易错点,可逆反应的实际热效应
CHEMISTRY,化学反应的热效应的易混易错点,能量变化不一定表现为热量变化
CHEMISTRY,化学反应速率,化学反应速率概念的三个易错点
CHEMISTRY,化学反应速率,化学反应速率的含义与表示
CHEMISTRY,化学反应速率,化学反应速率的表示、计算与影响因素
CHEMISTRY,化学反应速率,化学反应速率的表示与瞬时速率
CHEMISTRY,化学反应速率,化学反应速率的表示与计算关系
CHEMISTRY,化学反应速率,化学平衡的建立
CHEMISTRY,化学反应速率与化学计量数的关系,K 值大小与反应进行程度的关系
CHEMISTRY,化学反应速率与化学计量数的关系,化学反应速率的含义、表示与换算规则
CHEMISTRY,化学反应速率与化学计量数的关系,化学平衡移动与化学反应速率的关系
CHEMISTRY,化学反应速率与化学计量数的关系,化学计量数与各物理量变化的比例关系
CHEMISTRY,化学反应速率与化学计量数的关系,原子及离子中粒子数的关系
CHEMISTRY,化学反应速率与化学计量数的关系,反应速率常数的含义
CHEMISTRY,化学反应速率与化学计量数的关系,构成原电池加快反应与产氢量的关系
CHEMISTRY,化学反应速率与化学计量数的关系,速率与化学计量数的关系
CHEMISTRY,化学反应速率与化学计量数的关系,速率之比等于化学计量数之比
CHEMISTRY,化学反应速率与化学计量数的关系,配位数的确定及其与化学式的关系
CHEMISTRY,化学反应速率及其计算,三段式表格计算反应速率
CHEMISTRY,化学反应速率及其计算,化学反应速率及其表示方法
CHEMISTRY,化学反应速率及其计算,由图像计算反应速率与化学计量数
CHEMISTRY,化学反应速率及表示方法,化学反应速率图像分析方法
CHEMISTRY,化学反应速率及表示方法,化学反应速率的含义与表示方法
CHEMISTRY,化学反应速率及表示方法,化学反应速率的定义、表示方法与注意事项
CHEMISTRY,化学反应速率及表示方法,化学反应速率的定义与表示
CHEMISTRY,化学反应速率及表示方法,化学反应速率的概念与表示方法
CHEMISTRY,化学反应速率及表示方法,化学反应速率的表示与计量关系
CHEMISTRY,化学反应速率及表示方法,化学反应速率的表示与适用范围
CHEMISTRY,化学反应速率及表示方法,反应速率的其他表示方法与适用范围
CHEMISTRY,化学反应速率及表示方法,比较化学反应速率大小的常用方法
CHEMISTRY,化学反应速率及表示方法,表示方法
CHEMISTRY,化学反应速率及表示方法,非常规速率表达式与测定方法
CHEMISTRY,化学反应速率的比较,化学反应速率大小的比较方法
CHEMISTRY,化学反应速率的比较,化学反应速率的定性与定量比较
CHEMISTRY,化学反应速率的比较,化学反应速率的比较方法
CHEMISTRY,化学反应速率的比较,原电池的两大应用：比较金属活动性与加快反应速率
CHEMISTRY,化学反应速率的比较,反应速率大小的定性比较与归一法
CHEMISTRY,化学反应速率的比较,反应速率大小的定量比较方法
CHEMISTRY,化学反应速率的比较,定量比较化学反应速率的大小
CHEMISTRY,化学反应速率的比较,定量比较速率的归一法与比值法
CHEMISTRY,化学反应速率的比较,比值法与图像法比较反应速率
CHEMISTRY,化学反应速率的比较,比较化学反应速率大小的三种方法
CHEMISTRY,化学反应速率的比较,速率大小比较的定性与定量方法
CHEMISTRY,化学反应速率的测定,化学反应速率的测定原理与思路
CHEMISTRY,化学反应速率的测定,化学反应速率的测定原理与方法
CHEMISTRY,化学反应速率的测定,化学反应速率的测定方法
CHEMISTRY,化学反应速率的测定,四类反应体系的速率测定方案
CHEMISTRY,化学反应速率的测定,测定化学反应速率的思路与测量对象
CHEMISTRY,化学反应速率的测定,锌与稀硫酸反应速率的测定方案
CHEMISTRY,化学反应速率的计算方法,三段式法与速率大小的比较
CHEMISTRY,化学反应速率的计算方法,三段式法计算化学反应速率
CHEMISTRY,化学反应速率的计算方法,三段式计算化学反应速率
CHEMISTRY,化学反应速率的计算方法,三段式计算反应速率
CHEMISTRY,化学反应速率的计算方法,化学反应速率的四种计算方法
CHEMISTRY,化学反应速率的计算方法,化学反应速率的四类计算方法
CHEMISTRY,化学反应速率的计算方法,化学反应速率计算三段式
CHEMISTRY,化学反应速率的计算方法,化学反应速率计算的四种方法
CHEMISTRY,化学反应速率的计算方法,反应速率的“三段式”与转化率计算
CHEMISTRY,化学反应速率的计算方法,反应速率的计算方法
CHEMISTRY,化学反应速率的计算方法,由图像求反应速率的方法
CHEMISTRY,化学反应速率的计算方法,由物质的量—时间图计算平均速率与转化率
CHEMISTRY,化学反应速率的计算方法,速率计算的四种方法与三段式
CHEMISTRY,化学变化,物质变化归类与易混辨析
CHEMISTRY,化学变化,非化学变化
CHEMISTRY,化学基本概念题的解题策略,化学基本概念题的解题四步
CHEMISTRY,化学实验中的先后顺序规则,化学实验中的先后顺序
CHEMISTRY,化学实验中的温度控制,常见的温度控制方式
CHEMISTRY,化学实验中的温度控制,温度不高于××℃
CHEMISTRY,化学实验中的温度控制,采取加热的目
CHEMISTRY,化学实验基本操作中的八个不能,化学实验基本操作中的八个“不能”
CHEMISTRY,化学实验基本操作禁忌,化学实验操作中的常见禁忌
CHEMISTRY,化学实验基本操作规范,化学实验基本操作中的九个关注点
CHEMISTRY,化学实验安全与事故处理,酸液洒在皮肤上
CHEMISTRY,化学实验安全与试剂保存,实验操作安全的“六防范”
CHEMISTRY,化学实验方案的评价,A．铁钉表面镀铜
CHEMISTRY,化学实验方案的评价,实验方案评价的四个维度
CHEMISTRY,化学实验方案的评价,规范性要点与最佳方案的选择
CHEMISTRY,化学实验装置的连接与操作顺序,实验装置连接的三个顺序
CHEMISTRY,化学平衡,化学平衡状态及其特征
CHEMISTRY,化学平衡,化学平衡状态的定义
CHEMISTRY,化学平衡,化学平衡的建立与投料途径无关
CHEMISTRY,化学平衡常数,三种平衡常数及其书写注意点
CHEMISTRY,化学平衡常数,使用平衡常数的注意点
CHEMISTRY,化学平衡常数,化学平衡常数K
CHEMISTRY,化学平衡常数,化学平衡常数的含义与影响因素
CHEMISTRY,化学平衡常数,化学平衡常数的概念、意义与影响因素
CHEMISTRY,化学平衡常数,化学平衡常数的概念、表达式与意义
CHEMISTRY,化学平衡常数,化学平衡常数的概念与影响因素
CHEMISTRY,化学平衡常数,化学平衡常数的表达式与书写方式的关系
CHEMISTRY,化学平衡常数,化学平衡常数的表达式与书写规则
CHEMISTRY,化学平衡常数,化学平衡常数的表达式意义与应用
CHEMISTRY,化学平衡常数,平衡常数与书写方式的定量关系
CHEMISTRY,化学平衡常数,平衡常数与化学方程式的关系
CHEMISTRY,化学平衡常数,平衡常数与方程式变化的关系
CHEMISTRY,化学平衡常数,标准平衡常数K°（相对分压法）
CHEMISTRY,化学平衡常数,物质的量分数平衡常数Kx
CHEMISTRY,化学平衡常数及影响因素,使用平衡常数必须注意的四个问题
CHEMISTRY,化学平衡常数及影响因素,固体溶解度与气体溶解度的概念及影响因素
CHEMISTRY,化学平衡常数及影响因素,平衡常数之间的换算关系
CHEMISTRY,化学平衡常数的应用,化学平衡常数的四类应用
CHEMISTRY,化学平衡常数的应用,只有一种气体时的平衡移动
CHEMISTRY,化学平衡常数的应用,平衡常数的三类应用
CHEMISTRY,化学平衡常数的应用,平衡常数的应用与反应热判断
CHEMISTRY,化学平衡常数的应用,平衡常数相关判断的易错点
CHEMISTRY,化学平衡常数的应用,应用化学平衡常数时应注意的四个问题
CHEMISTRY,化学平衡常数的应用,应用平衡常数时应注意的四个问题
CHEMISTRY,化学平衡常数的应用,测定平衡常数时结果偏小的两种原因
CHEMISTRY,化学平衡常数的应用,测定平衡常数的实验设计思路
CHEMISTRY,化学平衡常数的应用,浓度商与平衡常数比较判断反应方向及应用
CHEMISTRY,化学平衡常数的应用,浓度熵 Qc 与反应方向
CHEMISTRY,化学平衡常数的应用,用平衡常数判断反应能否发生
CHEMISTRY,化学平衡常数的影响因素,化学平衡常数只与温度有关
CHEMISTRY,化学平衡常数的影响因素,升温对正逆速率常数的影响
CHEMISTRY,化学平衡常数的影响因素,反应速率常数的影响因素
CHEMISTRY,化学平衡常数的影响因素,平衡常数 K 的意义与影响因素
CHEMISTRY,化学平衡常数的影响因素,平衡常数与方程式写法及影响因素
CHEMISTRY,化学平衡常数的影响因素,平衡常数的影响因素与方程式运算关系
CHEMISTRY,化学平衡常数的影响因素,溶解度的概念与影响因素
CHEMISTRY,化学平衡常数的影响因素,电离平衡常数的影响因素
CHEMISTRY,化学平衡状态,不能作为化学平衡状态“标志”的四种情况
CHEMISTRY,化学平衡状态,化学平衡建立过程中浓度与速率的变化
CHEMISTRY,化学平衡状态,化学平衡状态的前提条件
CHEMISTRY,化学平衡状态,化学平衡状态的实质
CHEMISTRY,化学平衡状态,化学平衡状态的建立与判断方法
CHEMISTRY,化学平衡状态,化学平衡状态的概念、建立与特征
CHEMISTRY,化学平衡状态,化学平衡状态的概念与五大特征
CHEMISTRY,化学平衡状态,可逆反应与化学平衡状态
CHEMISTRY,化学平衡状态,可逆反应与化学平衡状态的建立
CHEMISTRY,化学平衡状态,用速率—时间图像认识化学平衡的建立
CHEMISTRY,化学平衡状态的判断,化学平衡状态的两大判据
CHEMISTRY,化学平衡状态的判断,化学平衡状态的判断依据
CHEMISTRY,化学平衡状态的判断,化学平衡状态的判断方法
CHEMISTRY,化学平衡状态的判断,化学平衡状态的判断标志
CHEMISTRY,化学平衡状态的判断,化学平衡状态的判断正逆相等变量不变
CHEMISTRY,化学平衡状态的判断,化学平衡状态的判断：逆向相等、变量不变
CHEMISTRY,化学平衡状态的判断,化学平衡状态的直接判断标志
CHEMISTRY,化学平衡状态的判断,化学平衡状态的直接标志
CHEMISTRY,化学平衡状态的判断,化学平衡状态的间接标志
CHEMISTRY,化学平衡状态的判断,化学平衡的概念、特征与判断标志
CHEMISTRY,化学平衡状态的判断,静态标志：各种量不变与各组分含量一定的判断
CHEMISTRY,化学平衡状态的特征及判断,化学平衡中的特殊情况
CHEMISTRY,化学平衡状态的特征及判断,化学平衡状态判断的三关注
CHEMISTRY,化学平衡状态的特征及判断,化学平衡状态的五大特征与化学反应的限度
CHEMISTRY,化学平衡状态的特征及判断,化学平衡状态的标志与常见误解
CHEMISTRY,化学平衡状态的特征及判断,化学平衡状态的概念与动态标志
CHEMISTRY,化学平衡状态的特征及判断,化学平衡状态的概念与特征
CHEMISTRY,化学平衡状态的特征及判断,化学平衡状态的特征与两类判断标志
CHEMISTRY,化学平衡状态的特征及判断,化学平衡的建立与五大特征
CHEMISTRY,化学平衡状态的特征及判断,化学平衡的特征与状态判断
CHEMISTRY,化学平衡状态的特征及判断,由正、逆反应速率关系判断平衡状态的举例
CHEMISTRY,化学平衡的移动,化学平衡的建立与特征
CHEMISTRY,化学平衡的移动,化学平衡的移动与方向判断
CHEMISTRY,化学平衡的移动,化学平衡的移动与特殊情况
CHEMISTRY,化学平衡的移动,化学平衡移动的含义与过程
CHEMISTRY,化学平衡的移动,化学平衡移动的方向与速率关系
CHEMISTRY,化学平衡的移动,化学平衡移动的概念与判据
CHEMISTRY,化学平衡的移动,化学平衡移动的概念与速率判据
CHEMISTRY,化学平衡的移动,平衡移动试题的三步审题法
CHEMISTRY,化学平衡的移动,浓度对化学平衡的影响与v-t图像
CHEMISTRY,化学平衡移动方向和转化率的判断,充放电时离子移动方向与pH变化区域
CHEMISTRY,化学平衡移动方向和转化率的判断,勒夏特列原理与平衡移动方向的判断
CHEMISTRY,化学平衡移动方向和转化率的判断,化学平衡可从正逆两个方向建立
CHEMISTRY,化学平衡移动方向和转化率的判断,原电池与电解池中离子移动方向的判断
CHEMISTRY,化学平衡移动方向和转化率的判断,平衡正向移动不等于转化率提高
CHEMISTRY,化学平衡移动方向和转化率的判断,平衡移动与转化率的关系
CHEMISTRY,化学平衡移动方向和转化率的判断,投料比与转化率关系的分析模型
CHEMISTRY,化学平衡移动方向和转化率的判断,改变投料时反应物转化率的分析
CHEMISTRY,化学平衡移动方向和转化率的判断,注射器实验中颜色变化与平衡移动方向
CHEMISTRY,化学平衡移动方向和转化率的判断,浓度商 Q 与平衡常数 K 判断移动方向
CHEMISTRY,化学平衡移动方向和转化率的判断,浓度商Q与K判断方向及转化率计算
CHEMISTRY,化学平衡移动方向和转化率的判断,组分含量—温度图像与曲线外的非平衡点分析
CHEMISTRY,化学平衡移动方向和转化率的判断,若按原比例同倍数地增加
CHEMISTRY,化学平衡移动方向和转化率的判断,转化率、选择性与产率的图像信息提取
CHEMISTRY,化学平衡移动方向和转化率的判断,转化率分析三要点
CHEMISTRY,化学平衡移动方向和转化率的判断,转化率变化不能说成平衡移动
CHEMISTRY,化学平衡移动的分析方法,Δn 的定义与温度影响平衡的速率解释
CHEMISTRY,化学平衡移动的分析方法,从化学平衡移动分析
CHEMISTRY,化学平衡移动的分析方法,充入惰性气体与平衡移动的关系
CHEMISTRY,化学平衡移动的分析方法,分布系数图像的分析方法
CHEMISTRY,化学平衡移动的分析方法,分析平衡移动的结果及移动结果与所解答问题的联
CHEMISTRY,化学平衡移动的分析方法,化学平衡移动与反应速率的关系
CHEMISTRY,化学平衡移动的分析方法,化学平衡移动方向的判断方法
CHEMISTRY,化学平衡移动的分析方法,压强改变与化学平衡移动的关系
CHEMISTRY,化学平衡移动的分析方法,多池串联与分阶段电解的分析方法
CHEMISTRY,化学平衡移动的分析方法,平衡移动的典型探究实验
CHEMISTRY,化学平衡移动的分析方法,晶胞投影图分析方法
CHEMISTRY,化学平衡移动的分析方法,温度影响平衡实验的对照要求与速率解释
CHEMISTRY,化学平衡移动的分析方法,温度改变对 K、平衡移动方向与速率的影响
CHEMISTRY,化学平衡移动的分析方法,绝热体系中的平衡分析
CHEMISTRY,化学平衡计算的三段式法,三段式推导平衡时的各量关系
CHEMISTRY,化学平衡计算的三段式法,三段式法做平衡计算
CHEMISTRY,化学平衡计算的三段式法,三段式法的三个量与各量表达式
CHEMISTRY,化学性质,化学性质
CHEMISTRY,化学性质,氮的固定与氮气的性质
CHEMISTRY,化学性质,稀硫酸的酸的通性
CHEMISTRY,化学性质,钠与氧气的反应
CHEMISTRY,化学性质,钠与非金属单质的直接化合
CHEMISTRY,化学性质,钠及其化合物的常用方程式荟萃
CHEMISTRY,化学性质,钠及其化合物的转化主线
CHEMISTRY,化学性质,钠及其化合物的重要反应方程式
CHEMISTRY,化学性质,钠及其化合物间的转化关系
CHEMISTRY,化学性质,钠的化学性质
CHEMISTRY,化学性质,钠的物理性质、保存与用途
CHEMISTRY,化学用语中的六式,化学用语中六式的区别与写法
CHEMISTRY,化学用语书写规范,化学用语使用“六”注意
CHEMISTRY,化学电源的优点与优劣判断,化学电源的三类划分与共同优点
CHEMISTRY,化学电源的优点与优劣判断,燃料电池与一次、二次电池的两点区别
CHEMISTRY,化学电源的优点与优劣判断,碱性锌锰电池优于普通锌锰电池的两点原因
CHEMISTRY,化学计算中的关系式法,关系式法在化学计算中的应用
CHEMISTRY,化学计算中的守恒法,NO经多次氧化和吸收
CHEMISTRY,化学计算的常用方法,化学计算的守恒法与关系式法
CHEMISTRY,化学试剂的保存方法,NaF 溶液不能保存在玻璃试剂瓶中
CHEMISTRY,化学试剂的保存方法,化学试剂瓶的选用与保存方法
CHEMISTRY,化学试剂的保存方法,化学试剂的保存方法与试剂瓶、瓶塞的选择
CHEMISTRY,化学试剂的保存方法,特殊试剂的保存与器皿选择
CHEMISTRY,化学试剂的保存方法,防分解
CHEMISTRY,化学试剂的保存方法,防氧化
CHEMISTRY,化学试剂的保存方法,防腐蚀
CHEMISTRY,化学试剂的保存方法,防黏结
CHEMISTRY,化学键,化学反应的本质与化学键
CHEMISTRY,化学键,化学键的分类、本质与成键粒子
CHEMISTRY,化学键,化学键的分类与共价键的键参数
CHEMISTRY,化学键,化学键的定义、分类与物质类别
CHEMISTRY,化学键,化学键的定义、类型与判断
CHEMISTRY,化学键,化学键的概念、分类与存在范围
CHEMISTRY,化学键,化学键的概念与三类化学键
CHEMISTRY,化学键,化学键的概念与分类
CHEMISTRY,化学键与物质的类别,化学键的定义、类型与辨析
CHEMISTRY,化学键与物质的类别,离子化合物与共价化合物的判断方法
CHEMISTRY,化学键与物质类别的关系,化学键类别与物质类别的对应
CHEMISTRY,化学键与物质类别的关系,化学键类型与物质类别的对应关系
CHEMISTRY,化学键与物质类别的关系,极性键、非极性键与物质类别的关系
CHEMISTRY,化学键与物质类别的关系,离子化合物与共价化合物的判断
CHEMISTRY,化学键与物质类别的关系,离子化合物化学式的含义
CHEMISTRY,化学键对物质性质的影响,化学键强弱对物质性质的影响
CHEMISTRY,化学键对物质性质的影响,氢键对物质性质的影响
CHEMISTRY,化学键对物质性质的影响,氢键的表示、强弱与对性质的影响
CHEMISTRY,化学键对物质性质的影响,物质性质探究类实验的类型
CHEMISTRY,化学键的符号表征-电子式,①电子式中未成键的最外层电子不能省略不写
CHEMISTRY,化学键的符号表征-电子式,化学计算中的符号与单位书写规范
CHEMISTRY,化学键的符号表征-电子式,电子式与结构式的书写
CHEMISTRY,化学键的符号表征-电子式,电子式的书写方法
CHEMISTRY,化学键的符号表征-电子式,离子化合物与共价化合物电子式的书写
CHEMISTRY,化工流程题的分析模型,“四线法”解工艺流程题
CHEMISTRY,化工流程题的分析模型,以流程为载体的金属制备题分析
CHEMISTRY,化工流程题的分析模型,保护气条件下的结晶与物质的循环利用
CHEMISTRY,化工流程题的分析模型,加过量试剂与气体氛围的作用
CHEMISTRY,化工流程题的分析模型,化学工艺流程的“三阶段”分析
CHEMISTRY,化工流程题的分析模型,化工工艺流程题的解题方法与分析方法
CHEMISTRY,化工流程题的分析模型,化工流程中氧化还原与盐类水解的应用
CHEMISTRY,化工流程题的分析模型,化工流程中沉淀溶解平衡与速率平衡的应用
CHEMISTRY,化工流程题的分析模型,化工流程中砷及其化合物的重要性质
CHEMISTRY,化工流程题的分析模型,化工流程中硒、碲及其化合物的重要性质
CHEMISTRY,化工流程题的分析模型,化工流程中硼及其化合物的重要性质
CHEMISTRY,化工流程题的分析模型,化工流程中磷及其化合物的重要性质
CHEMISTRY,化工流程题的分析模型,化工流程中钒、铬及其化合物的重要性质
CHEMISTRY,化工流程题的分析模型,化工流程中钛及其化合物的重要性质
CHEMISTRY,化工流程题的分析模型,化工流程中铅及其化合物的重要性质
CHEMISTRY,化工流程题的分析模型,化工流程中银、锌及其化合物的重要性质
CHEMISTRY,化工流程题的分析模型,化工流程中锰、钴、镍及其化合物的重要性质
CHEMISTRY,化工流程题的分析模型,化工流程的基本结构与原料预处理
CHEMISTRY,化工流程题的分析模型,化工流程的核心反应与原料预处理
CHEMISTRY,化工流程题的分析模型,化工流程题的分析模型与目的作用作答
CHEMISTRY,化工流程题的分析模型,化工流程题的呈现形式、考查角度与解题策略
CHEMISTRY,化工流程题的分析模型,化工流程题的杂质追踪法模型
CHEMISTRY,化工流程题的分析模型,化工流程题的解题策略（一）通读全题
CHEMISTRY,化工流程题的分析模型,原料的预处理操作与作用
CHEMISTRY,化工流程题的分析模型,原料预处理类答题的五处失分
CHEMISTRY,化工流程题的分析模型,原料预处理阶段的设问与答题模板
CHEMISTRY,化工流程题的分析模型,反应条件的控制：温度与压强
CHEMISTRY,化工流程题的分析模型,工业流程题的三种分析方法
CHEMISTRY,化工流程题的分析模型,工业流程题的读图与审题方法
CHEMISTRY,化工流程题的分析模型,工艺流程中产品的洗涤与分离提纯
CHEMISTRY,化工流程题的分析模型,工艺流程中物质成分的确定方法
CHEMISTRY,化工流程题的分析模型,工艺流程常涉及的化学反应原理
CHEMISTRY,化工流程题的分析模型,工艺流程题的三步读题法
CHEMISTRY,化工流程题的分析模型,工艺流程题的审题要点与破题关键
CHEMISTRY,化工流程题的分析模型,工艺流程题的模块融合考法
CHEMISTRY,化工流程题的分析模型,形成氟化物与硫化物沉淀除杂
CHEMISTRY,化工流程题的分析模型,微型工艺流程中的原料处理
CHEMISTRY,化工流程题的分析模型,微型工艺流程的三段结构与分离操作
CHEMISTRY,化工流程题的分析模型,微型工艺流程的过程评价思路
CHEMISTRY,化工流程题的分析模型,微型流程题扫读流程的三个坐标
CHEMISTRY,化工流程题的分析模型,微型流程题的三个高频陷阱
CHEMISTRY,化工流程题的分析模型,微型流程题的排除顺序
CHEMISTRY,化工流程题的分析模型,微型流程题的默认规律
CHEMISTRY,化工流程题的分析模型,抓住关键反应与常见设问类型的应对策略
CHEMISTRY,化工流程题的分析模型,控制反应温度的三个分析角度
CHEMISTRY,化工流程题的分析模型,提高浸出率的措施与调pH法除杂
CHEMISTRY,化工流程题的分析模型,无机工艺流程分析三步法
CHEMISTRY,化工流程题的分析模型,氧化还原沉淀法与碳酸盐等沉淀法
CHEMISTRY,化工流程题的分析模型,沉淀分离法与调pH的考法模板
CHEMISTRY,化工流程题的分析模型,流程中原料作用、循环物质与滤渣滤液的判断
CHEMISTRY,化工流程题的分析模型,流程中控制溶液pH的原理与试剂选择
CHEMISTRY,化工流程题的分析模型,流程中方程式正误的判断角度
CHEMISTRY,化工流程题的分析模型,流程中核心反应的四个判断要点
CHEMISTRY,化工流程题的分析模型,流程中的反应条件控制
CHEMISTRY,化工流程题的分析模型,流程中的温度控制与常用分离方法
CHEMISTRY,化工流程题的分析模型,流程分析方法与答题模板（一）
CHEMISTRY,化工流程题的分析模型,流程图的三线解读与过程评价
CHEMISTRY,化工流程题的分析模型,流程答题模板（二）：结晶与沉淀洗涤
CHEMISTRY,化工流程题的分析模型,流程题三阶段与常见考查点
CHEMISTRY,化工流程题的分析模型,流程题审题的六看与答题
CHEMISTRY,化工流程题的分析模型,流程题涉及的化学反应原理
CHEMISTRY,化工流程题的分析模型,浸取的四种方式与提高浸取率的措施
CHEMISTRY,化工流程题的分析模型,浸取的方法与提高浸出率的措施
CHEMISTRY,化工流程题的分析模型,滤渣与滤液成分的判断
CHEMISTRY,化工流程题的分析模型,焙烧、煅烧、灼烧的作用与浸取的注意
CHEMISTRY,化工流程题的分析模型,物质分离提纯的常用方法（一）
CHEMISTRY,化工流程题的分析模型,现象与结论匹配类选项的做法
CHEMISTRY,化工流程题的分析模型,碳酸盐沉淀法的产物规律
CHEMISTRY,化工流程题的分析模型,结晶、蒸馏等分离提纯方法与趁热过滤
CHEMISTRY,化工流程题的分析模型,结晶与蒸馏等分离方法的选择
CHEMISTRY,化工流程题的分析模型,获得产品阶段的常用操作与除杂试剂的选择
CHEMISTRY,化工流程题的分析模型,试剂选择类选项的判断角度
CHEMISTRY,化工流程题的分析模型,调pH除杂与加热降温要点
CHEMISTRY,化工流程题的分析模型,调节pH除杂的原理与试剂选择
CHEMISTRY,化工流程题的分析模型,调节溶液pH的目的、原则与方法
CHEMISTRY,化工流程题的分析模型,选项逐项判断的知识点匹配法
CHEMISTRY,化工流程题的分析模型,通入空气、加有机溶剂与蒸发结晶时抑制水解
CHEMISTRY,化工流程题的分析模型,配位萃取与反萃取
CHEMISTRY,化工流程题的分析模型,验证正确选项的双匹配原则
CHEMISTRY,化工生产中的复杂图像分析,化工流程中的图像分析与热重曲线模型
CHEMISTRY,化工生产中的复杂图像分析,双坐标轴复合图像的分析步骤
CHEMISTRY,化工生产中的复杂图像分析,含平衡点与未平衡点的特殊图像分析
CHEMISTRY,化工生产中的复杂图像分析,多反应体系图像的物种归属分析
CHEMISTRY,化工生产中的复杂图像分析,多重平衡与选择性的规律
CHEMISTRY,化工生产中的复杂图像分析,流程题中图表信息的分析方法
CHEMISTRY,单糖,单糖：葡萄糖、果糖与核糖
CHEMISTRY,单质与氧化还原反应的关系,H2S与I2的氧化还原反应
CHEMISTRY,单质与氧化还原反应的关系,H2S燃烧产物与氧气用量的关系
CHEMISTRY,单质与氧化还原反应的关系,单质参与与四种基本反应类型
CHEMISTRY,单质与氧化还原反应的关系,多步反应的焓变与活化能的关系
CHEMISTRY,单质与氧化还原反应的关系,氧化还原与四种基本反应类型的关系
CHEMISTRY,单质与氧化还原反应的关系,氧化还原反应基本概念的六个易混点
CHEMISTRY,单质铜的化学性质,单质性质
CHEMISTRY,单质铜的化学性质,铜单质的性质与反应
CHEMISTRY,单质铜的化学性质,铜的化学性质
CHEMISTRY,单质铜的化学性质,铜的原子结构与化学性质
CHEMISTRY,单质铜的化学性质,铜的存在形式与主要化学性质
CHEMISTRY,单质铜的化学性质,铜的性质、存在与制备
CHEMISTRY,单质铜的化学性质,铜的物理性质与化学性质
CHEMISTRY,卤代烃,卤代烃的性质与卤素检验
CHEMISTRY,卤代烃,卤代烃的水解与消去反应方程式
CHEMISTRY,卤代烃,卤代烃的水解（取代）与消去
CHEMISTRY,卤代烃在有机合成中的作用,卤代烃在有机合成中的应用
CHEMISTRY,卤代烃在有机合成中的作用,卤代烃在有机合成中的桥梁作用
CHEMISTRY,卤代烃在有机合成中的作用,卤代烃经腈增长碳链再水解成羧酸
CHEMISTRY,卤代烃在有机合成中的作用,席夫碱在有机合成、液晶材料、植物生长调节等多
CHEMISTRY,卤代烃在生产生活中具有广泛的应用,内酯在化工、医药、农林等领域有广泛的应用
CHEMISTRY,卤代烃在生产生活中具有广泛的应用,卤代烃应用中的分离、制取与检验要点
CHEMISTRY,卤代烃在生产生活中具有广泛的应用,盐类水解在生产生活中的应用
CHEMISTRY,卤代烃的性质及应用,卤代烃中卤素原子的检验与消去条件判断
CHEMISTRY,卤代烃的性质及应用,卤代烃的获取方法
CHEMISTRY,卤代烃的概念,卤代烃的概念与官能团
CHEMISTRY,卤代烃的概念,卤代烃的概念与物理性质
CHEMISTRY,卤代烃的概念,卤代烃的通式与官能团
CHEMISTRY,卤代烃的水解反应和消去反应,卤代烃发生消去反应的条件
CHEMISTRY,卤代烃的水解反应和消去反应,卤代烃发生消去反应的结构条件
CHEMISTRY,卤代烃的水解反应和消去反应,卤代烃消去反应产物种类的判断
CHEMISTRY,卤代烃的水解反应和消去反应,卤代烃消去反应的条件与产物判断
CHEMISTRY,卤代烃的水解反应和消去反应,卤代烃的水解与消去反应及卤素检验
CHEMISTRY,卤代烃的水解反应和消去反应,卤代烃的水解与消去反应对比
CHEMISTRY,卤代烃的水解反应和消去反应,卤代烃的水解与消去反应条件
CHEMISTRY,卤代烃的水解反应和消去反应,卤代烃的水解反应与消去反应
CHEMISTRY,卤代烃的水解反应和消去反应,卤代烃能发生消去反应的结构条件
CHEMISTRY,卤代烃的水解反应和消去反应,易水解的阳离子和阴离子会发生相互促进的水解反
CHEMISTRY,卤代烃的水解反应和消去反应,水解反应
CHEMISTRY,卤代烃的水解反应和消去反应,消去反应
CHEMISTRY,卤代烃的水解反应和消去反应,相互促进的水解反应
CHEMISTRY,卤代烃的水解反应和消去反应,碳卤键
CHEMISTRY,卤代烃的水解反应和消去反应,醇与卤代烃消去反应条件的辨析
CHEMISTRY,卤代烃的物理性质,卤代烃的物理性质递变规律
CHEMISTRY,卤代烃的物理性质,卤代烃的状态、溶解性与沸点规律
CHEMISTRY,卤代烃的用途与危害,卤代烃的用途与氟氯代烷对臭氧层的破坏
CHEMISTRY,卤代烃的用途与危害,甲醛（HCHO）：结构、还原性、用途与危害
CHEMISTRY,卤代烃的结构和性质易混易错点,卤代烃消去与水解的溶剂混淆
CHEMISTRY,卤族元素,卤族元素与氟的特殊性
CHEMISTRY,卤族元素,卤族元素性质的相似性与递变性
CHEMISTRY,卤族元素,卤族元素的性质与氟的特殊性
CHEMISTRY,卤族元素,卤族元素的相似性递变性与特殊性
CHEMISTRY,卤族元素,卤族元素的递变规律
CHEMISTRY,卤族元素,卤素互化物的概念与性质
CHEMISTRY,卤族元素,卤素单质与氢气反应的递变
CHEMISTRY,卤族元素,卤素单质化学性质的递变
CHEMISTRY,卤族元素,卤素单质性质的相似性和递变性
CHEMISTRY,卤族元素,卤素单质物理性质的递变性
CHEMISTRY,卤族元素,卤素单质的性质相似性与递变性
CHEMISTRY,卤族元素,卤素单质的重要方程式荟萃
CHEMISTRY,卤族元素,卤素单质间的置换反应与氧化性顺序
CHEMISTRY,卤族元素,卤素原子的结构特点
CHEMISTRY,卤族元素,在HX中
CHEMISTRY,卤族元素,氯碱工业与工业制钠的方程式
CHEMISTRY,卤族元素的易错点,卤族元素常见易错点辨析
CHEMISTRY,卤族元素的易错点,卤族元素的六个易错点
CHEMISTRY,卤族元素的易错点,卤族元素的特殊性质
CHEMISTRY,卤族元素的易错点,卤族元素的相似性
CHEMISTRY,卤族元素的易错点,卤素单质及其化合物的特殊性
CHEMISTRY,卤族元素的易错点,卤素单质及其化合物的特殊性质
CHEMISTRY,卤族元素的易错点,卤素单质及其化合物的相似性与氟的例外
CHEMISTRY,卤族元素的易错点,卤素及其化合物的特性与保存
CHEMISTRY,卤族元素的易错点,卤素性质的常见易错结论
CHEMISTRY,卤族元素的易错点,卤素性质的递变规律与特性反应
CHEMISTRY,卤族元素的易错点,氟不能从水溶液中置换其他卤素单质
CHEMISTRY,卤族元素的易错点,碘与铁反应及淀粉遇碘显色的易错点
CHEMISTRY,卤素互化物与拟卤素,一氯化碘
CHEMISTRY,卤素单质氧化性强弱的比较实验,卤素置换实验的试剂与现象要求
CHEMISTRY,卤素单质氧化性强弱的比较实验,氯水与溴化钾溶液的置换实验
CHEMISTRY,卤素离子的检验方法,Cl-
CHEMISTRY,卤素离子的检验方法,卤素离子的三种检验方法
CHEMISTRY,卤素离子的检验方法,卤素离子的检验
CHEMISTRY,卤素离子的检验方法,卤素离子的检验（沉淀法与置换萃取法）
CHEMISTRY,压强平衡常数,Kp与总压p、气体体积分数x的关系式
CHEMISTRY,压强平衡常数,Kp计算的两套答题模板与转化率判断
CHEMISTRY,压强平衡常数,分压与分压定律
CHEMISTRY,压强平衡常数,分压平衡常数 Kp 的计算模板
CHEMISTRY,压强平衡常数,分压平衡常数Kp的定义与计算
CHEMISTRY,压强平衡常数,压强平衡常数 Kp 的含义与计算
CHEMISTRY,压强平衡常数,压强平衡常数 Kp 的计算
CHEMISTRY,压强平衡常数,压强平衡常数Kp的定义与性质
CHEMISTRY,压强平衡常数,压强平衡常数的四步计算
CHEMISTRY,压强平衡常数,气体的分压、分压定律与压强平衡常数Kp
CHEMISTRY,压强平衡常数,混合气体的总压等于相同温度下各组分气体的分压
CHEMISTRY,压强平衡常数,相对压力平衡常数与分压关系
CHEMISTRY,压强平衡常数的计算,Kp 计算的一般思路
CHEMISTRY,压强平衡常数的计算,分压三段式法计算Kp
CHEMISTRY,压强平衡常数的计算,压强平衡常数 Kp 的两类列式模型
CHEMISTRY,压强平衡常数的计算,压强平衡常数 Kp 的计算模板
CHEMISTRY,压强平衡常数的计算,压强平衡常数Kp的含义与计算
CHEMISTRY,压强平衡常数的计算,压强平衡常数Kp的表达式与计算步骤
CHEMISTRY,压强平衡常数的计算,压强平衡常数Kp的计算
CHEMISTRY,压强平衡常数的计算,压强平衡常数Kp的计算步骤
CHEMISTRY,压强平衡常数的计算,压强平衡常数的两套模板
CHEMISTRY,压强平衡常数的计算,压强平衡常数的计算步骤与模板
CHEMISTRY,压强平衡常数的计算,四段式法计算Kp
CHEMISTRY,压强平衡常数的计算,平衡常数、转化率与Kp的计算
CHEMISTRY,压强平衡常数的计算,平衡常数的计算步骤
CHEMISTRY,压强平衡常数的计算,恒温恒压下用分压列式的技巧
CHEMISTRY,压强平衡常数的计算,恒温恒压四段式中惰性气体的处理
CHEMISTRY,压强平衡常数的计算,摩尔分数直接算Kp
CHEMISTRY,压强平衡常数的计算,由Δp反求转化率与Kp
CHEMISTRY,压强平衡常数的计算,由分压比反求转化量并算Kp
CHEMISTRY,原子光谱与电子跃迁,原子光谱与电子的跃迁
CHEMISTRY,原子光谱与电子跃迁,原子光谱的分类、特征与应用
CHEMISTRY,原子光谱与电子跃迁,原子线状光谱的产生原因
CHEMISTRY,原子光谱与电子跃迁,基态、激发态与光谱分析
CHEMISTRY,原子光谱与电子跃迁,电子跃迁释放能量的形式与发生条件
CHEMISTRY,原子分数坐标,原子分数坐标参数
CHEMISTRY,原子分数坐标与晶胞投影图,原子分数坐标与投影图
CHEMISTRY,原子核外电子排布,s、p 原子轨道的形状
CHEMISTRY,原子核外电子排布,原子核外电子排布的方法
CHEMISTRY,原子核外电子排布,基态激发态与电子排布三原则
CHEMISTRY,原子核外电子排布,最外层电子数的限制
CHEMISTRY,原子核外电子排布,构造原理与核外电子排布规律
CHEMISTRY,原子核外电子排布,构造原理与洪特规则特例
CHEMISTRY,原子核外电子排布,核外电子排布三大原理
CHEMISTRY,原子核外电子排布,核外电子排布推断与前四周期能级巧记
CHEMISTRY,原子核外电子排布,核外电子排布的三个规律
CHEMISTRY,原子核外电子排布,核外电子排布的三条规律与洪特规则特例
CHEMISTRY,原子核外电子排布,洪特规则
CHEMISTRY,原子核外电子排布,洪特规则与半充满、全充满、全空状态的稳定性
CHEMISTRY,原子核外电子排布,电子层的序数与符号
CHEMISTRY,原子核外电子排布,电子层的概念
CHEMISTRY,原子核外电子排布,电子自旋与泡利原理
CHEMISTRY,原子核外电子排布,能量最低原理
CHEMISTRY,原子核外电子排布,请结合核外电子排布相关知识解释
CHEMISTRY,原子核外电子排布,铁的核外电子排布与价态规律
CHEMISTRY,原子经济性,乙烯制环氧乙烷两条路线的原子利用率比较
CHEMISTRY,原子经济性,原子经济性反应与原子利用率
CHEMISTRY,原子经济性,绿色化学的原子经济性原则
CHEMISTRY,原子结构,原子结构示意图与离子结构示意图的区别
CHEMISTRY,原子结构,原子结构示意图各部分的含义
CHEMISTRY,原子结构,构成原子的微粒及其作用
CHEMISTRY,原子结构,核外电子排布的表达方法
CHEMISTRY,原子结构,次外层电子数的限制
CHEMISTRY,原子结构与元素周期表的关系,元素周期表编排的史实与易错
CHEMISTRY,原子结构与元素周期表的关系,原子结构与微粒关系的易错点
CHEMISTRY,原子结构与元素周期表的关系,各周期元素原子的价电子排布与元素种数
CHEMISTRY,原子结构与元素周期表的关系,各周期能层数与价层电子排布特点的归纳
CHEMISTRY,原子结构与元素周期表的关系,核外电子排布与周期划分的关系
CHEMISTRY,原子结构与元素周期表的关系,核外电子排布与族的划分
CHEMISTRY,原子结构与元素周期表的关系,核素相对原子质量、元素相对原子质量与质量数
CHEMISTRY,原子结构与元素周期表的关系,氮元素的位置结构与存在形式
CHEMISTRY,原子结构与元素周期表的关系,由离子的电子排布推断元素在周期表中的位置
CHEMISTRY,原子结构与元素周期表的关系,相对原子质量与质量数的关系辨析
CHEMISTRY,原子结构中微粒的关系及计算,原子中微粒数的关系与数字含义
CHEMISTRY,原子结构中微粒的关系及计算,原子坐标法计算晶胞中微粒间距离
CHEMISTRY,原子结构中微粒的关系及计算,原子构成与微粒间的数量关系
CHEMISTRY,原子结构中微粒的关系及计算,原子构成中微粒的数量关系
CHEMISTRY,原子结构中微粒的关系及计算,原子的构成与微粒间的数量关系
CHEMISTRY,原子结构中微粒的关系及计算,原子的构成与微粒间的等式关系
CHEMISTRY,原子结构中微粒的关系及计算,核素符号中的数量关系
CHEMISTRY,原子结构中微粒的关系及计算,用质量数代替相对原子质量进行计算
CHEMISTRY,原子结构中微粒的关系及计算,离子中质子数与核外电子数的关系
CHEMISTRY,原子结构中微粒的关系及计算,阳离子的电子数计算
CHEMISTRY,原子结构中微粒的关系及计算,阴离子的电子数计算
CHEMISTRY,原子结构易混易错知识点,原子构成中的六个判断陷阱
CHEMISTRY,原子结构易混易错知识点,原子结构中的六个易错说法
CHEMISTRY,原子结构易混易错知识点,原子结构的四个易错判断
CHEMISTRY,原子结构易混易错知识点,原子结构示意图不能判断核素种类
CHEMISTRY,原子结构易混易错知识点,核外电子排布规律的相互联系
CHEMISTRY,原子结构易混易错知识点,电子数相同的粒子质子数不一定相同
CHEMISTRY,原子结构易混易错知识点,电子的空间运动状态数与运动状态数
CHEMISTRY,原电池,三类特殊反应也能设计成原电池
CHEMISTRY,原电池,原电池构成条件的“三看”
CHEMISTRY,原电池,原电池的定义与反应本质
CHEMISTRY,原电池,原电池的工作原理、形成条件与盐桥的作用
CHEMISTRY,原电池,原电池的工作原理与盐桥作用
CHEMISTRY,原电池,原电池的构成条件与正负极判断
CHEMISTRY,原电池,原电池的概念、原理与构成条件
CHEMISTRY,原电池,原电池闭合回路的两种形成方式
CHEMISTRY,原电池,双液原电池与盐桥的作用
CHEMISTRY,原电池,多池串联装置属性的判断
CHEMISTRY,原电池,形成原电池条件的实验探究结论
CHEMISTRY,原电池,构成原电池的两个电极电势不相等
CHEMISTRY,原电池,浓差电池的工作原理与电极判断
CHEMISTRY,原电池,组成原电池的四个条件
CHEMISTRY,原电池原理的应用,利用原电池加快化学反应速率
CHEMISTRY,原电池原理的应用,原电池原理的三类应用
CHEMISTRY,原电池原理的应用,原电池原理的两项应用
CHEMISTRY,原电池原理的应用,原电池原理的四个应用
CHEMISTRY,原电池原理的应用,原电池原理的四类应用
CHEMISTRY,原电池原理的应用,原电池的特例、应用与设计
CHEMISTRY,原电池原理的应用,总反应为非氧化还原反应的电池
CHEMISTRY,原电池原理的应用,根据电池反应设计原电池的四步
CHEMISTRY,原电池原理的应用,水果串联与水果种类对电压的影响
CHEMISTRY,原电池原理的应用,水果电池电压的影响因素
CHEMISTRY,原电池原理的应用,浓差电池
CHEMISTRY,原电池原理的应用,用原电池比较金属活动性强弱
CHEMISTRY,原电池原理的应用,用双液原电池隔离会相互干扰的物质
CHEMISTRY,原电池原理的应用,由氧化还原反应设计原电池的四步：定、拆、找、画
CHEMISTRY,原电池原理的应用,金属的防护与化学电源的设计
CHEMISTRY,原电池原理的应用,难溶物的生成对电极反应的影响
CHEMISTRY,原电池工作原理易错知识-10-点,原电池内外电路的导电规律
CHEMISTRY,原电池工作原理易错知识-10-点,原电池分析的三个关键点
CHEMISTRY,原电池工作原理易错知识-10-点,原电池原理易错辨析
CHEMISTRY,原电池工作原理易错知识-10-点,原电池原理的三个关键判断
CHEMISTRY,原电池的工作原理-以zn-cu原电池为例,Zn-Cu 原电池的实验现象与电极反应
CHEMISTRY,原电池的工作原理-以zn-cu原电池为例,单液与双液原电池的对比
CHEMISTRY,原电池的工作原理-以zn-cu原电池为例,单液电池与双液电池的差异及双液电池的离子迁移
CHEMISTRY,原电池的工作原理-以zn-cu原电池为例,原电池实验的注意事项与闭合回路的组成
CHEMISTRY,原电池的工作原理-以zn-cu原电池为例,原电池电极必须先用砂纸打磨
CHEMISTRY,原电池的工作原理-以zn-cu原电池为例,原电池的定义、构成条件与工作原理
CHEMISTRY,原电池的工作原理-以zn-cu原电池为例,原电池的工作原理
CHEMISTRY,原电池的工作原理-以zn-cu原电池为例,原电池的工作原理与盐桥的作用
CHEMISTRY,原电池的工作原理-以zn-cu原电池为例,原电池的形成条件与工作原理
CHEMISTRY,原电池的工作原理-以zn-cu原电池为例,原电池的构成条件
CHEMISTRY,原电池的工作原理-以zn-cu原电池为例,原电池的概念、形成条件与盐桥作用
CHEMISTRY,原电池的工作原理-以zn-cu原电池为例,原电池的概念与形成条件
CHEMISTRY,原电池的工作原理-以zn-cu原电池为例,总反应
CHEMISTRY,原电池的工作原理-以zn-cu原电池为例,液流电池的工作特点
CHEMISTRY,原电池的工作原理-以zn-cu原电池为例,铜锌原电池与锌石墨原电池的工作原理
CHEMISTRY,原电池的工作原理-以zn-cu原电池为例,锂离子电池的工作原理
CHEMISTRY,原电池的工作原理-以zn-cu原电池为例,锌铜原电池的工作原理
CHEMISTRY,原电池的工作原理-以zn-cu原电池为例,锌铜原电池的工作原理、电极反应与三个方向
CHEMISTRY,反应原理,硝酸工业制法的反应原理
CHEMISTRY,反应机理,催化循环机理图的读图方法
CHEMISTRY,反应机理,化学反应历程图像的两类读图法
CHEMISTRY,反应机理,反应历程、决速反应与决速浓度
CHEMISTRY,反应机理,反应历程图像的分析要点
CHEMISTRY,反应机理,反应机理循环图像的分析模型
CHEMISTRY,反应机理,反应机理的含义与书写
CHEMISTRY,反应热,利用图像计算反应热的关注点
CHEMISTRY,反应热,反应热的定义与测定
CHEMISTRY,反应热,反应热计算的常用途径
CHEMISTRY,反应热,可逆反应的反应热与化学计量数
CHEMISTRY,反应热,实验小结
CHEMISTRY,反应热,放热反应与吸热反应的易错辨析
CHEMISTRY,反应热,火箭的第一、二级发动机中
CHEMISTRY,反应热,用能量图像计算反应热
CHEMISTRY,反应热-焓变,反应热、焓变与吸热放热反应
CHEMISTRY,反应热-焓变,反应热、焓变与放热吸热反应
CHEMISTRY,反应热-焓变,反应热与焓变的定义及关系
CHEMISTRY,反应热-焓变,反应热与焓变的概念
CHEMISTRY,反应热-焓变,反应热与燃烧热的书写规范
CHEMISTRY,反应热-焓变,反应过程能量分析的注意点
CHEMISTRY,反应热-焓变,焓与焓变 ΔH
CHEMISTRY,反应热-焓变,由键能计算反应热
CHEMISTRY,反应热大小的比较,σ 键与 π 键的比较
CHEMISTRY,反应热大小的比较,反应④中
CHEMISTRY,反应热大小的比较,反应热大小比较方法
CHEMISTRY,反应热大小的比较,反应热大小比较的“四看”
CHEMISTRY,反应热大小的比较,反应热大小比较的原则
CHEMISTRY,反应热大小的比较,反应热大小的比较（物质的量与反应程度）
CHEMISTRY,反应热大小的比较,方法一
CHEMISTRY,反应热大小的比较,比较反应热大小的四步分析法
CHEMISTRY,反应热大小的比较,羟基氢原子活泼性的比较
CHEMISTRY,反应热大小的比较规律,反应热ΔH大小比较规律
CHEMISTRY,反应热大小的比较规律,反应热大小比较的四个角度
CHEMISTRY,反应热大小的比较规律,反应热大小比较的常规思路
CHEMISTRY,反应热大小的比较规律,反应热大小的比较（状态与特殊反应）
CHEMISTRY,反应热大小的比较规律,反应物状态不同时的焓变比较
CHEMISTRY,反应热大小的比较规律,比较 ΔH 大小的三种方法
CHEMISTRY,反应热大小的比较规律,比较ΔH大小时必须带符号
CHEMISTRY,反应热大小的比较规律,比较反应热大小的原则
CHEMISTRY,反应热大小的比较规律,键角大小的比较方法
CHEMISTRY,反应热的五种计算方法,反应热的六种计算方法
CHEMISTRY,反应热的五种计算方法,氨气中氢含量高
CHEMISTRY,取代反应,其中Cl2、CH4为反应物
CHEMISTRY,取代反应,取代、加成、加聚反应的概念
CHEMISTRY,取代反应,甲烷与氯气的取代反应及其特点
CHEMISTRY,取代反应,苯环：(1)取代反应：①在铁粉催
CHEMISTRY,取代反应,苯酚的弱酸性、取代反应与显色反应
CHEMISTRY,可充电电池常考知识-10-点和易错知识-3-点,二次电池与铅蓄电池
CHEMISTRY,可充电电池常考知识-10-点和易错知识-3-点,二次电池充放电的连接与易错点
CHEMISTRY,可充电电池常考知识-10-点和易错知识-3-点,可充电电池有充电和放电两个过程
CHEMISTRY,可充电电池常考知识-10-点和易错知识-3-点,可充电电池的充放电原理
CHEMISTRY,可充电电池题目的解答思路,二次电池充放电的互逆关系
CHEMISTRY,可充电电池题目的解答思路,二次电池放电与充电时装置类型的转换及电源连接
CHEMISTRY,可充电电池题目的解答思路,二次电池（可充电电池）的解题流程
CHEMISTRY,可充电电池题目的解答思路,可充电电池电极反应式的书写
CHEMISTRY,可充电电池题目的解答思路,电化学装置类型与可充电电池的判定
CHEMISTRY,可逆反应,可逆反应 ΔH 的含义与实际放热比较
CHEMISTRY,可逆反应,可逆反应2SO2(g)+O2(g)2SO
CHEMISTRY,可逆反应,可逆反应与反应热
CHEMISTRY,可逆反应,可逆反应的概念
CHEMISTRY,可逆反应,可逆反应的概念、特点与表示
CHEMISTRY,可逆反应,可逆反应的概念与三个特点
CHEMISTRY,可逆反应,可逆性是化学反应的普遍特征
CHEMISTRY,可逆反应,常见可逆反应与隐含的可逆反应
CHEMISTRY,可逆反应,常见的可逆反应
CHEMISTRY,可逆反应,特殊反应中NA的分析
CHEMISTRY,可逆反应,阿伏加德罗常数题中的隐含可逆反应
CHEMISTRY,可逆反应的特点及应用,可逆反应中反应物不能完全转化
CHEMISTRY,可逆反应的特点及应用,可逆反应及其特点
CHEMISTRY,可逆反应的特点及应用,可逆反应的三个特征
CHEMISTRY,可逆反应的特点及应用,可逆反应的四个特点与平衡限度
CHEMISTRY,可逆反应的特点及应用,可逆反应的概念与特征
CHEMISTRY,可逆反应的特点及应用,可逆反应的特点与化学平衡的建立
CHEMISTRY,可逆反应的特点及应用,可逆反应的特点与表示
CHEMISTRY,可逆反应的特点及应用,可逆反应的表示方法与三个反应特征
CHEMISTRY,可逆反应的特点及应用,可逆反应的证明与平衡五特征
CHEMISTRY,可逆反应的特点及应用,验证某反应是可逆反应的四种方法
CHEMISTRY,各种硅酸的结构,原硅酸、硅酸与硅胶的结构
CHEMISTRY,各类物质的化学通性,酸、碱、盐的主要化学性质与按类别预测陌生物质性质
CHEMISTRY,各类物质的化学通性,酸与碱的化学通性及常见例外
CHEMISTRY,合成氨反应的特点,合成氨反应的四个特点
CHEMISTRY,合成氨反应的特点,合成氨反应的特点与有利于氨生成的措施
CHEMISTRY,合成氨反应的特点,工业合成氨反应的特点分析
CHEMISTRY,合成高分子,合成高分子的基本方法
CHEMISTRY,合成高分子,常见合成橡胶的单体、性能与用途
CHEMISTRY,合成高分子,橡胶的分类、合成与硫化
CHEMISTRY,合成高分子,纤维的分类与合成纤维的性质用途
CHEMISTRY,合成高分子反应的化学方程式的书写,加聚与缩聚方程式的书写
CHEMISTRY,合成高分子反应的化学方程式的书写,合成高分子方程式的书写
CHEMISTRY,合成高分子反应的化学方程式的书写,氨基酸缩聚与酚醛树脂型缩聚的方程式
CHEMISTRY,合成高分子反应的化学方程式的书写,缩聚方程式书写时单体计量数与下标n要一致
CHEMISTRY,合成高分子反应的化学方程式的书写,羟基酸缩聚与二元醇、二元羧酸缩聚的方程式
CHEMISTRY,合成高分子的结构和性质,合成高分子的组成与单体推断
CHEMISTRY,合成高分子的结构和性质,支链型结构与网状结构高分子的性能
CHEMISTRY,合成高分子的结构和性质,水合离子的结构表示
CHEMISTRY,合成高分子的结构和性质,线型结构高分子的结构特点与性能
CHEMISTRY,合成高分子的结构和性质,高分子的常见变化：降解、橡胶硫化与催化裂化
CHEMISTRY,合金,合金的四个关注点与合金之最
CHEMISTRY,合金,合金的形成条件
CHEMISTRY,合金,合金的组成与性能
CHEMISTRY,合金,合金硬度增大的结构原因
CHEMISTRY,合金,合金组成与熔点的两个易错点
CHEMISTRY,合金的概念及性能,合金的定义
CHEMISTRY,合金的概念及性能,合金的形成条件与特性
CHEMISTRY,合金的概念及性能,合金的性质特点
CHEMISTRY,合金的概念及性能,合金的概念、性能与判断
CHEMISTRY,合金的概念及性能,合金的概念、性能与易错提醒
CHEMISTRY,合金的概念及性能,合金的概念、组成与性能
CHEMISTRY,合金的概念及性能,合金的概念与性能特点
CHEMISTRY,合金的概念及性能,合金相关易错辨析
CHEMISTRY,合金的概念及性能,氢键的概念与特征
CHEMISTRY,合金的概念及性能,燃烧的概念与常见燃烧现象
CHEMISTRY,合金的概念及性能,醇、酚、醚的概念与结构区别
CHEMISTRY,合金的概念及性能,铁合金中含碳量对性能的影响
CHEMISTRY,同位素示踪法研究酯水解断键,用同位素示踪法研究酯的水解断键
CHEMISTRY,同分异构体,CnH2nO2
CHEMISTRY,同分异构体,同分异构体计数的换元法
CHEMISTRY,同分异构体,顺反异构的存在条件与计数用法
CHEMISTRY,同分异构现象和同分异构体,位置异构
CHEMISTRY,同分异构现象和同分异构体,分子式相同而结构不同带来的键数差异
CHEMISTRY,同分异构现象和同分异构体,同分异构体的书写步骤
CHEMISTRY,同分异构现象和同分异构体,同分异构体的性质差异与相对分子质量相同物质的辨析
CHEMISTRY,同分异构现象和同分异构体,同分异构现象与同系物判断
CHEMISTRY,同分异构现象和同分异构体,同分异构现象与常见的异构类型
CHEMISTRY,同分异构现象和同分异构体,同分异构现象与异构类型
CHEMISTRY,同分异构现象和同分异构体,同分异构的类型
CHEMISTRY,同分异构现象和同分异构体,有机物的同分异构现象和同分异构体
CHEMISTRY,同系物,同系物判断的两步法
CHEMISTRY,同系物,同系物的判定要点
CHEMISTRY,同系物,同系物的判断与同分异构体
CHEMISTRY,同系物,同系物的概念与判断
CHEMISTRY,同系物-同分异构体的概念和判断易混易错点,二甲苯的三种同分异构体与命名
CHEMISTRY,同系物-同分异构体的概念和判断易混易错点,同位素、同素异形体、同分异构体辨析
CHEMISTRY,同系物-同分异构体的概念和判断易混易错点,同位素、同素异形体与同分异构体的比较
CHEMISTRY,同系物-同分异构体的概念和判断易混易错点,同系物与同分异构体
CHEMISTRY,同系物-同分异构体的概念和判断易混易错点,同系物与同分异构体的辨析（三同与两同）
CHEMISTRY,同系物-同分异构体的概念和判断易混易错点,糖类概念的易错点补充
CHEMISTRY,同素异形体,同素异形体的判断与纯净物辨析
CHEMISTRY,同素异形体,同素异形体的概念、成因与性质差异
CHEMISTRY,同素异形体,同素异形体的概念与转化
CHEMISTRY,同素异形体,硫单质的同素异形体
CHEMISTRY,同素异形体,碳单质的存在形式与同素异形体
CHEMISTRY,含官能团的链状有机物命名,写名称
CHEMISTRY,含官能团的链状有机物命名,含官能团链状有机物的命名三步
CHEMISTRY,含氧酸及其酸性比较,含氧酸的酸性比较与结构
CHEMISTRY,含氯化合物制备原料转化路径,含氯化合物的制备路径
CHEMISTRY,含氯化合物的相互转化路径,含氯化合物制备的原料转化路径
CHEMISTRY,含氯化合物的相互转化路径,含氯化合物的制备路径与价态跃迁
CHEMISTRY,含氯消毒剂的计算与比较,关于NA的计算与推断
CHEMISTRY,含氯消毒剂的计算与比较,含氯消毒剂的消毒能力比较
CHEMISTRY,含氯消毒剂的计算与比较,含氯物质转化的易错细节
CHEMISTRY,含氯消毒剂的计算与比较,有效氯含量的含义与比较
CHEMISTRY,含氯物质的制备与转化路径,含氯物质的制备与价态转化路径
CHEMISTRY,含苯环同分异构体数目的确定技巧,取代基自身结构数目的乘法
CHEMISTRY,含苯环同分异构体数目的确定技巧,同分异构体数目的确定
CHEMISTRY,含苯环同分异构体数目的确定技巧,组合法
CHEMISTRY,含苯环同分异构体数目的确定技巧,苯环上取代产物数目的判断
CHEMISTRY,含苯环同分异构体数目的确定技巧,苯环上取代基数目与同分异构体数
CHEMISTRY,含苯环同分异构体数目的确定技巧,苯环上取代基的数目与位置关系
CHEMISTRY,含苯环同分异构体数目的确定技巧,苯环上多取代同分异构体的数目规律
CHEMISTRY,含苯环同分异构体数目的确定技巧,苯环多取代计数的定一移一法
CHEMISTRY,含苯环同分异构体数目的确定技巧,萘的二溴代物与等效氢计数
CHEMISTRY,含量-或转化率-时间-温度-压强-图像,三类特殊平衡图像的判读
CHEMISTRY,含量-或转化率-时间-温度-压强-图像,两类热点图像：反应进程折线图与恒温恒压线
CHEMISTRY,含量-或转化率-时间-温度-压强-图像,先拐先平与定一议二
CHEMISTRY,含量-或转化率-时间-温度-压强-图像,先拐先平数值大定温度高低
CHEMISTRY,含量-或转化率-时间-温度-压强-图像,化学平衡图像中的拐点判读
CHEMISTRY,含量-或转化率-时间-温度-压强-图像,含量(或转化率)—时间图像分析
CHEMISTRY,含量-或转化率-时间-温度-压强-图像,含量-时间-温度（压强）图像：先拐先平数值大
CHEMISTRY,含量-或转化率-时间-温度-压强-图像,含量—温度图像峰值点的双重解释
CHEMISTRY,含量-或转化率-时间-温度-压强-图像,常压下
CHEMISTRY,含量-或转化率-时间-温度-压强-图像,平衡混合物中氨含量与温度、压强的关系
CHEMISTRY,含量-或转化率-时间-温度-压强-图像,恒温线与恒压线图像的判读
CHEMISTRY,含量-或转化率-时间-温度-压强-图像,恒温线与恒压线图像的定一议二分析
CHEMISTRY,含量-或转化率-时间-温度-压强-图像,物质的量(或转化率)—时间图像分析
CHEMISTRY,含量-或转化率-时间-温度-压强-图像,百分含量-温度（压强）图像：定一议二
CHEMISTRY,含量-或转化率-时间-温度-压强-图像,转化率—时间图像的先拐先平原则
CHEMISTRY,含量-或转化率-时间-温度-压强-图像,转化率—温度—压强图像的判读
CHEMISTRY,含量-或转化率-时间-温度-压强-图像,转化率与产率的温度图像分析
CHEMISTRY,含量-或转化率-时间-温度-压强-图像,转化率（百分含量）—时间图像
CHEMISTRY,含量-或转化率-时间-温度-压强-图像,速率与平衡图像的识图方法与规则
CHEMISTRY,含量-转化率-投料比图像,含量转化率与投料比图像
CHEMISTRY,含量-转化率-投料比图像,投料比与转化率图像的分析
CHEMISTRY,含量-转化率-投料比图像,投料比与转化率（产率）的图像分析
CHEMISTRY,含量-转化率-投料比图像,改变投料比对转化率与产物分数的影响
CHEMISTRY,含铝物质的制备和转化,利用铝灰
CHEMISTRY,含铝物质的制备和转化,含铝物质的制备与转化
CHEMISTRY,含铝物质的制备和转化,四羟基合铝酸钠的转化与含铝物质的制备
CHEMISTRY,含铝物质的制备和转化,铝三角的转化关系与制备途径
CHEMISTRY,含铝物质的制备和转化,铝土矿提纯氧化铝的酸溶法
CHEMISTRY,吸收氨气-或hcl-时要注意防止倒吸,气体的溶解吸收与防倒吸原则
CHEMISTRY,吸收氨气-或hcl-时要注意防止倒吸,氨气吸收时的防倒吸装置原理
CHEMISTRY,吸热反应,放热反应与吸热反应
CHEMISTRY,吸热反应和放热反应,Ba(OH)2·8H2O与NH4Cl的反应
CHEMISTRY,吸热反应和放热反应,从化学键与总能量两个角度理解反应的能量变化
CHEMISTRY,吸热反应和放热反应,利用键能计算热量与判断吸放热的四种方法
CHEMISTRY,吸热反应和放热反应,吸热反应与放热反应的判断
CHEMISTRY,吸热反应和放热反应,吸热反应与放热反应的判断误区
CHEMISTRY,吸热反应和放热反应,吸热反应与放热反应的补充实例
CHEMISTRY,吸热反应和放热反应,吸热放热反应的三个判断误区
CHEMISTRY,吸热反应和放热反应,常见吸热反应与放热反应
CHEMISTRY,吸热反应和放热反应,常见放热反应与吸热反应
CHEMISTRY,吸热反应和放热反应,放热反应与吸热反应的判断
CHEMISTRY,吸热反应和放热反应,放热反应与吸热反应的焓变特征
CHEMISTRY,吸热反应和放热反应,放热反应与吸热反应的能量本质
CHEMISTRY,吸热反应和放热反应,放热过程不等于放热反应
CHEMISTRY,吸热反应和放热反应,注意化学反应能量变化的整体效应
CHEMISTRY,命名原则,多官能团有机物命名的母体选择
CHEMISTRY,命名原则,有机化合物命名的原则
CHEMISTRY,命名原则,有机物命名的基本步骤
CHEMISTRY,命名原则,有机物系统命名的基本规则
CHEMISTRY,命名原则,系统名称中四种字的含义
CHEMISTRY,命名原则,系统命名的常见错误与四种字的含义
CHEMISTRY,商余法确定烃的分子式,商余法快速确定烃的分子式
CHEMISTRY,喷泉实验,可以做喷泉实验的气体与吸收剂组合
CHEMISTRY,喷泉实验,喷泉实验的压强差原理
CHEMISTRY,喷泉实验,喷泉实验的原理
CHEMISTRY,喷泉实验,喷泉实验的原理、氨气喷泉实验与注意事项
CHEMISTRY,喷泉实验,喷泉实验的原理、类型与装置变式
CHEMISTRY,喷泉实验,喷泉实验的原理与成功关键
CHEMISTRY,喷泉实验,喷泉实验的原理与拓展
CHEMISTRY,喷泉实验,喷泉实验的引发操作与装置变式
CHEMISTRY,喷泉实验,喷泉实验的引发方法与原理
CHEMISTRY,喷泉实验,喷泉实验的装置变式与引发方法
CHEMISTRY,喷泉实验,探究Ⅱ
CHEMISTRY,喷泉实验,氨与水的喷泉实验
CHEMISTRY,喷泉实验产物的浓度计算,喷泉实验后溶液浓度的计算
CHEMISTRY,喷泉实验产物的浓度计算,喷泉实验所得溶液浓度的计算
CHEMISTRY,喷泉实验产物的浓度计算,喷泉实验所得溶液的物质的量浓度
CHEMISTRY,四羟基合铝酸盐的性质,四羟基合铝酸盐与CO₂、酸反应的方程式及应用
CHEMISTRY,四羟基合铝酸盐的性质,四羟基合铝酸盐的易错点
CHEMISTRY,固体和气体的溶解度,固体与气体的溶解度
CHEMISTRY,在fecl3-cucl2混合溶液中-加入铁粉与铜粉的混合物,Ba(OH)2溶液与H2SO4溶液混合
CHEMISTRY,在fecl3-cucl2混合溶液中-加入铁粉与铜粉的混合物,向FeBr2溶液中通Cl2
CHEMISTRY,在fecl3-cucl2混合溶液中-加入铁粉与铜粉的混合物,向NaClO和NaCl混合溶液中滴入少量Fe
CHEMISTRY,在fecl3-cucl2混合溶液中-加入铁粉与铜粉的混合物,向NaHCO3溶液中逐滴加入盐酸
CHEMISTRY,在fecl3-cucl2混合溶液中-加入铁粉与铜粉的混合物,向某溶液中加入Ba(NO3)2溶液
CHEMISTRY,在fecl3-cucl2混合溶液中-加入铁粉与铜粉的混合物,向石蕊试液中加入Na2O2粉末
CHEMISTRY,在fecl3-cucl2混合溶液中-加入铁粉与铜粉的混合物,在FeCl3、CuCl2混合溶液中
CHEMISTRY,在fecl3-cucl2混合溶液中-加入铁粉与铜粉的混合物,密封瓶中的 NO2 是混合物
CHEMISTRY,在fecl3-cucl2混合溶液中-加入铁粉与铜粉的混合物,将FeCl2溶液滴入HNO3溶液中
CHEMISTRY,在fecl3-cucl2混合溶液中-加入铁粉与铜粉的混合物,将H2S气体通入FeCl3溶液中产生淡黄色沉
CHEMISTRY,在fecl3-cucl2混合溶液中-加入铁粉与铜粉的混合物,将NaOH浓溶液滴加到饱和FeCl3溶液中制
CHEMISTRY,在fecl3-cucl2混合溶液中-加入铁粉与铜粉的混合物,混合溶液 pH 的计算
CHEMISTRY,在fecl3-cucl2混合溶液中-加入铁粉与铜粉的混合物,混合溶液中Fe3+、Fe2+的除去方法
CHEMISTRY,在fecl3-cucl2混合溶液中-加入铁粉与铜粉的混合物,溶液中溶质判断的三类情况
CHEMISTRY,在fecl3-cucl2混合溶液中-加入铁粉与铜粉的混合物,现有Na2O和Na2O2的混合物14 g
CHEMISTRY,在fecl3-cucl2混合溶液中-加入铁粉与铜粉的混合物,盐酸滴入Na2CO3溶液中
CHEMISTRY,在一定温度下-利用催化剂将nh3分解为n2和h2-相关化学键的键能数据如下,催化历程与中间产物实例
CHEMISTRY,在一定温度下-利用催化剂将nh3分解为n2和h2-相关化学键的键能数据如下,减压蒸发的原因
CHEMISTRY,在一定温度下-利用催化剂将nh3分解为n2和h2-相关化学键的键能数据如下,化学键的定义与分类
CHEMISTRY,在一定温度下-利用催化剂将nh3分解为n2和h2-相关化学键的键能数据如下,在无催化剂的情况下
CHEMISTRY,在一定温度下-已知以下三个反应的平衡常数,化学计量数改变与反应相加减时平衡常数的变化
CHEMISTRY,在化学研究中-物质的量浓度是使用最广泛的一种表示溶液浓度的方法,常见化学试剂的保存方法（九防）
CHEMISTRY,在化学研究中-物质的量浓度是使用最广泛的一种表示溶液浓度的方法,此类图像一般纵坐标表示物质的量、浓度、百分含
CHEMISTRY,在化学研究中-物质的量浓度是使用最广泛的一种表示溶液浓度的方法,沉淀的生成与溶解的方法
CHEMISTRY,在化学研究中-物质的量浓度是使用最广泛的一种表示溶液浓度的方法,物质制备实验的排气与条件控制
CHEMISTRY,在化学研究中-物质的量浓度是使用最广泛的一种表示溶液浓度的方法,物质的量概念的使用规范
CHEMISTRY,在化学研究中-物质的量浓度是使用最广泛的一种表示溶液浓度的方法,研究物质性质的基本方法与程序
CHEMISTRY,在化学研究中-物质的量浓度是使用最广泛的一种表示溶液浓度的方法,配制一定物质的量浓度溶液的步骤与仪器
CHEMISTRY,在实验操作②中为什么依次加入的试剂都要略微过量-实验操作④中加入盐酸的目的是什么,分离提纯与除杂的原则
CHEMISTRY,在实验操作②中为什么依次加入的试剂都要略微过量-实验操作④中加入盐酸的目的是什么,向澄清石灰水中加入稀盐酸
CHEMISTRY,在实验操作②中为什么依次加入的试剂都要略微过量-实验操作④中加入盐酸的目的是什么,实验操作
CHEMISTRY,在实验操作②中为什么依次加入的试剂都要略微过量-实验操作④中加入盐酸的目的是什么,实验操作与仪器的选择
CHEMISTRY,在实验操作②中为什么依次加入的试剂都要略微过量-实验操作④中加入盐酸的目的是什么,实验操作是否规范
CHEMISTRY,在实验操作②中为什么依次加入的试剂都要略微过量-实验操作④中加入盐酸的目的是什么,微型工业流程题的五类高频考查方式
CHEMISTRY,在实验操作②中为什么依次加入的试剂都要略微过量-实验操作④中加入盐酸的目的是什么,提高浸出率的措施与pH控制的试剂选择
CHEMISTRY,在实验操作②中为什么依次加入的试剂都要略微过量-实验操作④中加入盐酸的目的是什么,选择的途径要最佳
CHEMISTRY,在实验操作②中为什么依次加入的试剂都要略微过量-实验操作④中加入盐酸的目的是什么,除杂“四原则”
CHEMISTRY,在实验操作②中为什么依次加入的试剂都要略微过量-实验操作④中加入盐酸的目的是什么,除杂“四原则”和“四注意”
CHEMISTRY,在实验操作②中为什么依次加入的试剂都要略微过量-实验操作④中加入盐酸的目的是什么,除杂四原则的典型实例应用
CHEMISTRY,在实验操作②中为什么依次加入的试剂都要略微过量-实验操作④中加入盐酸的目的是什么,除杂的原则与常用提纯方法
CHEMISTRY,在实验操作②中为什么依次加入的试剂都要略微过量-实验操作④中加入盐酸的目的是什么,除杂的四原则与三必须
CHEMISTRY,在实验操作②中为什么依次加入的试剂都要略微过量-实验操作④中加入盐酸的目的是什么,除杂的四原则与操作四注意
CHEMISTRY,在实验操作②中为什么依次加入的试剂都要略微过量-实验操作④中加入盐酸的目的是什么,除杂试剂的两条核心原则
CHEMISTRY,在指定条件下-下列有关铁单质的转化不能实现的是,常见不能一步实现的转化
CHEMISTRY,在指定条件下-下列有关铁单质的转化不能实现的是,物质转化的常见误区
CHEMISTRY,在浓差电池中-为了限定某些离子的移动-常涉及到-离子交换膜,含离子交换膜电解题的解题步骤
CHEMISTRY,在浓差电池中-为了限定某些离子的移动-常涉及到-离子交换膜,盐桥的成分、作用与离子移动
CHEMISTRY,在浓差电池中-为了限定某些离子的移动-常涉及到-离子交换膜,离子交换膜电解装置的分析流程
CHEMISTRY,在浓差电池中-为了限定某些离子的移动-常涉及到-离子交换膜,离子交换膜的类型与作用
CHEMISTRY,在浓差电池中-为了限定某些离子的移动-常涉及到-离子交换膜,离子交换膜的类型与功能判断
CHEMISTRY,在饱和溶液中加入少量的溶液产生沉淀-若以ksp表示的溶度积常数-则平衡后溶液中,取少量溶液
CHEMISTRY,在饱和溶液中加入少量的溶液产生沉淀-若以ksp表示的溶度积常数-则平衡后溶液中,取少量该溶液加NaOH溶液共热
CHEMISTRY,在饱和溶液中加入少量的溶液产生沉淀-若以ksp表示的溶度积常数-则平衡后溶液中,将得到的溶液用无灰滤纸
CHEMISTRY,在饱和溶液中加入少量的溶液产生沉淀-若以ksp表示的溶度积常数-则平衡后溶液中,晶体洗涤剂的选择依据
CHEMISTRY,在饱和溶液中加入少量的溶液产生沉淀-若以ksp表示的溶度积常数-则平衡后溶液中,有一瓶澄清的溶液
CHEMISTRY,在饱和溶液中加入少量的溶液产生沉淀-若以ksp表示的溶度积常数-则平衡后溶液中,沉淀转化方向：Ksp大的沉淀转化为Ksp小的沉淀
CHEMISTRY,在饱和溶液中加入少量的溶液产生沉淀-若以ksp表示的溶度积常数-则平衡后溶液中,沉淀转化的实质、规律与应用
CHEMISTRY,在饱和溶液中加入少量的溶液产生沉淀-若以ksp表示的溶度积常数-则平衡后溶液中,沉淀转化的方向判断
CHEMISTRY,在饱和溶液中加入少量的溶液产生沉淀-若以ksp表示的溶度积常数-则平衡后溶液中,溶度积常数Ksp的表达式与应用
CHEMISTRY,在饱和溶液中加入少量的溶液产生沉淀-若以ksp表示的溶度积常数-则平衡后溶液中,由溶度积之比计算沉淀转化反应的平衡常数
CHEMISTRY,在饱和溶液中加入少量的溶液产生沉淀-若以ksp表示的溶度积常数-则平衡后溶液中,离子积 Q 与 Ksp 判断沉淀的生成与溶解
CHEMISTRY,在饱和溶液中加入少量的溶液产生沉淀-若以ksp表示的溶度积常数-则平衡后溶液中,稀氨水中加入少量冰醋酸
CHEMISTRY,在饱和溶液中加入少量的溶液产生沉淀-若以ksp表示的溶度积常数-则平衡后溶液中,饱和NaHS溶液
CHEMISTRY,基于-两性-类比推测be-zn及其化合物的性质,基于两性推测Be和Zn的性质
CHEMISTRY,基于-两性-类比推测be-zn及其化合物的性质,铍、锌单质的两性
CHEMISTRY,基于-两性-类比推测be-zn及其化合物的性质,铍、锌氧化物与氢氧化物的两性
CHEMISTRY,基于-两性-类比推测be-zn及其化合物的性质,铍、锌的可溶性盐与强碱溶液的反应
CHEMISTRY,基元反应,化学动力学与基元反应
CHEMISTRY,基元反应,基元反应、反应机理与飞秒化学
CHEMISTRY,基元反应,基元反应、速控步骤与过渡态理论
CHEMISTRY,基元反应,基元反应与决速步骤
CHEMISTRY,基元反应,基元反应与反应历程
CHEMISTRY,基元反应,基元反应与反应机理
CHEMISTRY,基元反应,基元反应与基元反应过渡态理论
CHEMISTRY,基元反应,基元反应与过渡态理论
CHEMISTRY,基元反应,基元反应与速率方程
CHEMISTRY,基元反应,基元反应数的计算与吸附脱附的区分
CHEMISTRY,基元反应,由能量图数基元反应数目
CHEMISTRY,基态、激发态与原子光谱,原子光谱的成因、分类与光谱分析
CHEMISTRY,基态、激发态与原子光谱,基态原子与激发态原子的定义
CHEMISTRY,基态、激发态与原子光谱,霓虹灯发光的原理
CHEMISTRY,基态原子核外电子排布的表示方法,原子（离子）结构的表示方法
CHEMISTRY,基态原子核外电子排布的表示方法,各类核外电子排布式的书写
CHEMISTRY,基态原子核外电子排布的表示方法,基态原子核外电子排布与微粒模型的表示
CHEMISTRY,基态原子核外电子排布的表示方法,基态原子核外电子排布的四条规则与四种表示
CHEMISTRY,基态原子核外电子排布的表示方法,基态原子电子排布式的书写方法
CHEMISTRY,基态原子核外电子排布的表示方法,基态原子的核外电子排布
CHEMISTRY,基态原子核外电子排布的表示方法,常考元素原子的核外电子排布式与构造原理的适用性
CHEMISTRY,基态原子核外电子排布的表示方法,核外电子排布的三大规律
CHEMISTRY,基态原子核外电子排布的表示方法,核外电子排布的三条原则与书写规则
CHEMISTRY,基态原子核外电子排布的表示方法,核外电子排布的三种表示式
CHEMISTRY,基态原子核外电子排布的表示方法,核外电子排布的四种表示方法
CHEMISTRY,基态原子核外电子排布的表示方法,用“空轨道数”与“未成对电子数”反推元素
CHEMISTRY,基态原子核外电子排布的表示方法,由原子序数或名称写电子排布式
CHEMISTRY,基态原子核外电子排布的表示方法,电子排布式、简化电子排布式与轨道表示式的对比
CHEMISTRY,基态原子核外电子排布的表示方法,电子排布式与轨道表示式的三个书写要点
CHEMISTRY,基态原子核外电子排布的表示方法,电子排布的表示方法与书写技巧
CHEMISTRY,基态原子核外电子排布的表示方法,知道元素名称书写核外电子排布式的方法
CHEMISTRY,基态原子核外电子排布的表示方法,轨道表示式的标注规范与洪特规则的适用范围
CHEMISTRY,基态原子核外电子排布的表示方法,轨道表示式的符号意义与典型错误
CHEMISTRY,基态原子核外电子排布的表示方法,铜的矿石、电子排布与冶炼方法
CHEMISTRY,基本概念,单体特点
CHEMISTRY,基本概念,缩聚反应的概念与缩聚物结构简式的端基写法
CHEMISTRY,基本营养物质,六大营养素与人体必需元素
CHEMISTRY,基本营养物质,基本营养物质与人体健康的关系及平衡膳食
CHEMISTRY,复杂氧化还原反应的计算,Na2O2与CO2、H2O反应的固体增重规律
CHEMISTRY,复杂氧化还原反应的计算,多步连续氧化还原反应的守恒计算
CHEMISTRY,复杂氧化还原反应的计算,多步连续氧化还原反应的计算
CHEMISTRY,复杂氧化还原反应的计算,得失电子守恒法的应用步骤
CHEMISTRY,复杂氧化还原反应的计算,抓住始态与终态突破多步反应计算
CHEMISTRY,复杂氧化还原反应的计算,氧化还原反应的计算原理
CHEMISTRY,复杂氧化还原反应的计算,电子守恒在氧化还原计算中的应用
CHEMISTRY,复杂氧化还原反应的计算,电子守恒法的四类应用
CHEMISTRY,复杂氧化还原反应的计算,电子守恒法的常见应用
CHEMISTRY,复杂氧化还原反应的计算,电子守恒计算与复杂反应的处理
CHEMISTRY,复杂氧化还原反应的计算,碘量法测碘化亚铜纯度的关系式法
CHEMISTRY,外界条件对化学反应速率的影响规律,充入惰性气体对反应速率的影响
CHEMISTRY,外界条件对化学反应速率的影响规律,升温对 Kw 与中性点的影响
CHEMISTRY,外界条件对化学反应速率的影响规律,升温时正逆速率都增大
CHEMISTRY,外界条件对化学反应速率的影响规律,压强对化学反应速率的影响规律
CHEMISTRY,外界条件对化学反应速率的影响规律,反应物用量对转化率的影响规律
CHEMISTRY,外界条件对化学反应速率的影响规律,外界条件对反应速率的影响规律
CHEMISTRY,外界条件对化学反应速率的影响规律,外界条件对速率的影响规律
CHEMISTRY,外界条件对化学反应速率的影响规律,外界条件影响速率的微观机理归因
CHEMISTRY,外界条件对化学反应速率的影响规律,影响反应速率的其他因素
CHEMISTRY,外界条件对化学反应速率的影响规律,浓度、温度、催化剂对化学反应速率的影响实验结论
CHEMISTRY,外界条件对化学反应速率的影响规律,浓度与压强对反应速率的影响
CHEMISTRY,外界条件对化学反应速率的影响规律,浓度和压强对反应速率的影响
CHEMISTRY,外界条件对化学反应速率的影响规律,浓度对化学反应速率的影响规律
CHEMISTRY,外界条件对化学反应速率的影响规律,温度、催化剂与其他因素对速率的影响
CHEMISTRY,外界条件对化学反应速率的影响规律,温度与催化剂对反应速率的影响
CHEMISTRY,外界条件对化学反应速率的影响规律,温度和其他因素对速率的影响
CHEMISTRY,外界条件对化学反应速率的影响规律,温度对化学反应速率的影响规律
CHEMISTRY,外界条件对化学反应速率的影响规律,诱导效应对羧酸酸性的影响
CHEMISTRY,外界条件对化学反应速率的影响规律,速率—温度(压强)曲线的判读
CHEMISTRY,外界条件对化学反应速率的影响规律,速率—温度与速率—压强图像
CHEMISTRY,外界条件对化学反应速率的影响规律,配体体积对键角的影响
CHEMISTRY,外界条件对化学反应速率的影响规律,键的极性对酸性的影响
CHEMISTRY,外界条件对化学平衡的影响,CO2加氢的三个主反应及其热效应
CHEMISTRY,外界条件对化学平衡的影响,充入无关气体对平衡的影响
CHEMISTRY,外界条件对化学平衡的影响,压强对化学平衡影响的实验探究
CHEMISTRY,外界条件对化学平衡的影响,外界条件对化学平衡移动方向的影响
CHEMISTRY,外界条件对化学平衡的影响,外界条件对平衡的影响与三类特殊情况
CHEMISTRY,外界条件对化学平衡的影响,改变条件对化学平衡的影响规律
CHEMISTRY,外界条件对化学平衡的影响,浓度、压强、温度与催化剂对平衡的影响结论
CHEMISTRY,外界条件对化学平衡的影响,浓度对化学平衡影响的实验探究
CHEMISTRY,外界条件对化学平衡的影响,温度与催化剂对化学平衡的影响
CHEMISTRY,外界条件对化学平衡的影响,温度对化学平衡影响的实验探究
CHEMISTRY,外界条件对化学平衡的影响,烧瓶对照实验的现象与结论
CHEMISTRY,外界条件对化学平衡的影响,铬酸盐与重铬酸盐平衡的颜色变化
CHEMISTRY,外界条件对水的电离平衡的影响,改变条件对纯水中水的电离平衡的影响
CHEMISTRY,外界条件对水的电离平衡的影响,水的电离平衡曲线的分析方法
CHEMISTRY,外界条件对水的电离平衡的影响,温度酸碱金属对水电离的影响
CHEMISTRY,外界条件对水的电离平衡的影响,能水解的盐、活泼金属对水电离的影响
CHEMISTRY,外界条件对电离平衡影响的四个不一定,外界条件对电离平衡影响的四个「不一定」
CHEMISTRY,外界条件对电离平衡影响的四个不一定,用勒夏特列原理分析电离平衡移动
CHEMISTRY,外界条件对电离平衡影响的四个不一定,电离平衡右移的两个不一定
CHEMISTRY,外界条件对电离平衡影响的四个不一定,电离平衡移动中的几个不一定
CHEMISTRY,外界条件对电离平衡影响的四个不一定,电离平衡移动的四个不一定
CHEMISTRY,多官能团有机物与试剂的定量关系,多官能团有机物与常见试剂的定量关系
CHEMISTRY,多池串联装置,多池串联装置的分析
CHEMISTRY,多池串联装置类型的判断,无外接电源时按电极材料与电解质溶液判断装置类型
CHEMISTRY,多池串联装置类型的判断,无外接电源时的直接判断法
CHEMISTRY,多池串联装置类型的判断,有外接电源的串联装置都是电解池
CHEMISTRY,多液电池的分析方法,多液电池的构成与分析要点
CHEMISTRY,多糖-淀粉与纤维素,天然高分子化合物：淀粉、纤维素、蛋白质、天然橡胶
CHEMISTRY,多糖-淀粉与纤维素,纤维素的酯化产物与天然纤维、再生纤维
CHEMISTRY,多糖-淀粉与纤维素,葡萄糖、淀粉与纤维素的化学性质
CHEMISTRY,多重平衡体系类型,原平衡体系容器容积增大
CHEMISTRY,多重平衡体系类型,多重平衡体系及其两种类型
CHEMISTRY,多重平衡体系类型,多重平衡体系的两种类型
CHEMISTRY,多重平衡体系规则,多重平衡中产物的调控
CHEMISTRY,多重平衡体系规则,多重平衡体系的类型与规则
CHEMISTRY,多重平衡体系规则,多重平衡计算的两条简化规则
CHEMISTRY,多重平衡体系规则,线性组合反应的平衡常数关系
CHEMISTRY,多重平衡体系规则,连续反应与竞争反应的思维模型
CHEMISTRY,多重平衡体系解题技巧,原子守恒法列表求全部平衡量
CHEMISTRY,多重平衡体系解题技巧,原子守恒法速解平衡组成
CHEMISTRY,多重平衡体系解题技巧,多重平衡体系复合图像分析法
CHEMISTRY,多重平衡体系解题技巧,多重平衡体系的“三段式”与原子守恒法
CHEMISTRY,多重平衡体系解题技巧,多重平衡体系的五种计算方法
CHEMISTRY,多重平衡体系解题技巧,多重平衡图像的分析与转化率提高
CHEMISTRY,多重平衡体系解题技巧,多重平衡图像的曲线归属判断
CHEMISTRY,多重平衡体系解题技巧,多重平衡的五种解法
CHEMISTRY,多重平衡体系解题技巧,多重平衡的思维建模
CHEMISTRY,多重平衡体系解题技巧,差量法挖掘方程式间的定量关系
CHEMISTRY,多重平衡体系解题技巧,并列反应联立求解平衡量
CHEMISTRY,多重平衡体系解题技巧,比例法叠加方程式简化计算
CHEMISTRY,多重平衡体系解题技巧,由选择性分配转化量求转化率
CHEMISTRY,多重平衡体系解题技巧,竞争与连续反应图像的分析要点
CHEMISTRY,多重平衡体系解题技巧,转移电子守恒法处理含氧化还原的平衡
CHEMISTRY,多重平衡体系解题技巧,连续计算法中总转化量的分配
CHEMISTRY,多重平衡体系解题技巧,连续计算法分步串联三段式
CHEMISTRY,大π键,一般判断
CHEMISTRY,大π键,大π键中氮原子碱性的比较
CHEMISTRY,大π键,大π键对结构与性质的影响
CHEMISTRY,大π键,大π键的书写方法
CHEMISTRY,大π键,大π键的定义与表示方法
CHEMISTRY,大π键,大π键的形成条件与计算法
CHEMISTRY,大π键,大π键的电子式法四步
CHEMISTRY,大π键,大π键的表示与电子数确定
CHEMISTRY,大π键,大π键（离域π键）及其符号表示
CHEMISTRY,大π键,常用微粒的大π键与键长键能影响
CHEMISTRY,大π键,由大π键倒推杂化与比较键长
CHEMISTRY,大π键,硝酸中的大 π 键与键长比较
CHEMISTRY,天然气的综合利用,天然气与水蒸气反应制取H2的化学方程式为CH
CHEMISTRY,天然气的综合利用,天然气的成分与综合利用
CHEMISTRY,守恒法,守恒法及其四类守恒关系
CHEMISTRY,守恒法,守恒法的类型与解题步骤
CHEMISTRY,守恒法,守恒法解题
CHEMISTRY,守恒法,质量守恒
CHEMISTRY,官能团的保护,官能团的保护方法与脱保护
CHEMISTRY,官能团的保护,常见需要保护的官能团及保护方法
CHEMISTRY,官能团的保护,氨基保护中的用量与条件控制
CHEMISTRY,官能团的保护,羟基与碳碳双键保护的易错点
CHEMISTRY,官能团的保护,醛基与氨基保护的易错点
CHEMISTRY,官能团的转化,LiAlH4 把酯还原为醇
CHEMISTRY,官能团的转化,官能团的引入
CHEMISTRY,官能团的转化,官能团的引入、消除与保护
CHEMISTRY,官能团的转化,官能团的引入方法
CHEMISTRY,官能团的转化,官能团的引入消除与改变
CHEMISTRY,官能团的转化,官能团的消除、改变与位置调整
CHEMISTRY,官能团的转化,官能团的消除与相互转化
CHEMISTRY,官能团的转化,官能团的消除与衍变
CHEMISTRY,官能团的转化,改变官能团的数目与位置
CHEMISTRY,官能团的转化,碳碳双键与卤素原子的引入
CHEMISTRY,官能团的转化,羟基的引入
CHEMISTRY,官能团的转化,羧基酯基与酰胺基的引入
CHEMISTRY,官能团的转化,羰基类官能团的引入
CHEMISTRY,官能团的转化,醛基的缩醛保护法
CHEMISTRY,定容时仰视或俯视刻度线产生的误差图解,反应热产生的原因
CHEMISTRY,定容时仰视或俯视刻度线产生的误差图解,定容时仰视与俯视的误差判断
CHEMISTRY,定容时仰视或俯视刻度线产生的误差图解,定容时视线引起的误差判断
CHEMISTRY,定容时仰视或俯视刻度线产生的误差图解,定容读数误差的图示分析
CHEMISTRY,定性探究实验的依据与验证方案,性质验证类实验的设计方案
CHEMISTRY,定性探究实验的依据与验证方案,离子与强弱电解质验证方案
CHEMISTRY,定性探究实验题的解题策略,定性探究题的审题与分类应对
CHEMISTRY,定性探究实验题的解题策略,定性探究题的规范表达与易错点
CHEMISTRY,定性探究的方法与分析推理,定性实验探究的分析推理方法
CHEMISTRY,定性探究的方法与分析推理,定性探究实验的对照与观察方法
CHEMISTRY,定性探究题的形式与基本环节,定性探究题的题型特点与常见形式
CHEMISTRY,定量实验数据的处理策略,定量实验数据的整理、筛选与使用
CHEMISTRY,定量实验数据的采集与处理,定量实验的数据采集与五看
CHEMISTRY,定量实验数据的采集与处理,定量测定实验的数据处理方法
CHEMISTRY,定量实验数据的采集与处理,装置Ⅲ中
CHEMISTRY,定量实验的数据采集与处理,定量实验的采集精度与取值方法
CHEMISTRY,定量测定型综合实验,定量测定型实验的三种方法
CHEMISTRY,定量测定型综合实验,气体除了量取外
CHEMISTRY,实质,盐类水解的定义与实质
CHEMISTRY,实验原理,酸碱中和滴定的原理
CHEMISTRY,实验室制取氯气的其他方法,其他制备氯气的化学反应原理
CHEMISTRY,实验室制取氯气装置的改进,图B的改进优点是使圆底烧瓶和分液漏斗中的气体
CHEMISTRY,实验室制取氯气装置的改进,多室电解装置的典型实例
CHEMISTRY,实验室制取氯气装置的改进,实验室制氨气的药品选择与装置要点
CHEMISTRY,实验室制取氯气装置的改进,实验室制氯气的易错点
CHEMISTRY,实验室制取氯气装置的改进,实验室氯化铵与熟石灰反应制取氨气
CHEMISTRY,实验室制取氯气装置的改进,广口瓶等多用仪器的组合应用
CHEMISTRY,实验室制取氯气装置的改进,氯气制取装置的气密性检查与改进
CHEMISTRY,实验室制取氯气装置的改进,氯气制备装置的改进与工业制法
CHEMISTRY,实验室制取氯气装置的改进,防倒吸装置的三种类型
CHEMISTRY,实验室制备高铁酸钾-k2feo4-并探究其性质,介质对氧化性强弱的影响——以高铁酸钾为例
CHEMISTRY,实验室制备高铁酸钾-k2feo4-并探究其性质,原理及性质探究类实验方案评价的一般思路
CHEMISTRY,实验室制备高铁酸钾-k2feo4-并探究其性质,高铁酸钾制备与介质对氧化性强弱的影响
CHEMISTRY,实验室实验安全,实验室“三禁”与实验安全操作
CHEMISTRY,实验室用mno2和浓盐酸制取cl2时注意-四点,MnO2和浓盐酸混合共热
CHEMISTRY,实验室用mno2和浓盐酸制取cl2时注意-四点,二氧化锰与浓盐酸加热制氯气及反应停止的原因
CHEMISTRY,实验室用mno2和浓盐酸制取cl2时注意-四点,制取氯气的四点注意
CHEMISTRY,实验室用mno2和浓盐酸制取cl2时注意-四点,实验室制取氯气的四点注意
CHEMISTRY,实验室用mno2和浓盐酸制取cl2时注意-四点,实验室制氯气的注意事项
CHEMISTRY,实验室用mno2和浓盐酸制取cl2时注意-四点,实验室制氯气的试剂选择与操作注意点
CHEMISTRY,实验室用mno2和浓盐酸制取cl2时注意-四点,实验室制氯气：MnO2与浓盐酸加热
CHEMISTRY,实验室用mno2和浓盐酸制取cl2时注意-四点,实验室用MnO2与浓盐酸制Cl2的四点注意
CHEMISTRY,实验室用mno2和浓盐酸制取cl2时注意-四点,实验室用NH4Cl固体制NH3
CHEMISTRY,实验室用mno2和浓盐酸制取cl2时注意-四点,必须用浓盐酸
CHEMISTRY,实验室闻cl2及其他气体的方法是怎样的,实验室里闻有毒气体及未知气体气味的方法为用手
CHEMISTRY,实验室闻cl2及其他气体的方法是怎样的,气体的除杂方法
CHEMISTRY,实验探究乙酸乙酯的制备,乙酸乙酯制备的加料顺序与装置要点
CHEMISTRY,实验探究乙酸乙酯的制备,乙酸乙酯制备的原理与加料顺序
CHEMISTRY,实验探究乙酸乙酯的制备,乙酸乙酯制备的试剂混合顺序与原理
CHEMISTRY,实验探究乙酸乙酯的制备,乙酸乙酯的制备原理与装置
CHEMISTRY,实验探究乙酸乙酯的制备,制备乙酸乙酯的实验注意事项
CHEMISTRY,实验探究乙酸乙酯的制备,有机制备实验的关键操作要点
CHEMISTRY,实验探究乙酸乙酯的制备,酯化反应：酸与醇生成酯和水（可逆反应）
CHEMISTRY,实验方案设计,三类实验方案的设计流程
CHEMISTRY,实验方案设计,乙酰苯胺制备中的条件控制
CHEMISTRY,实验方案设计,从类别与价态预测物质性质
CHEMISTRY,实验方案设计,分离提纯试题的思维模型
CHEMISTRY,实验方案设计,制备实验中的装置作用与产率计算
CHEMISTRY,实验方案设计,制备实验的思维模型与方案评价
CHEMISTRY,实验方案设计,化学实验基础题的考查角度与提纯原则
CHEMISTRY,实验方案设计,化学实验方案的评价内容
CHEMISTRY,实验方案设计,化学实验设计方案的安全性要求
CHEMISTRY,实验方案设计,原理或性质探究类简单实验方案设计常考点总结
CHEMISTRY,实验方案设计,变量控制法的分析模型
CHEMISTRY,实验方案设计,可用于定量测定气体的质量
CHEMISTRY,实验方案设计,定性实验方案补写的思维模型与模板
CHEMISTRY,实验方案设计,定量测定实验的常用方法
CHEMISTRY,实验方案设计,实验安全操作补充要点
CHEMISTRY,实验方案设计,实验室“五防”与常见事故的处理
CHEMISTRY,实验方案设计,实验操作与条件控制的目的叙述模板
CHEMISTRY,实验方案设计,实验方案的评价角度与原则
CHEMISTRY,实验方案设计,实验方案设计的基本要求与思路
CHEMISTRY,实验方案设计,实验条件控制目的叙述模板（续）
CHEMISTRY,实验方案设计,实验结论必须排除其他变量的干扰
CHEMISTRY,实验方案设计,常见实验事故的处理与安全七防
CHEMISTRY,实验方案设计,微型实验探究题的解题要领
CHEMISTRY,实验方案设计,微型实验方案的设计原则与要求
CHEMISTRY,实验方案设计,按反应体系的酸碱性选择氧化剂
CHEMISTRY,实验方案设计,探究型实验方案的设计程序
CHEMISTRY,实验方案设计,探究型实验的两类模型
CHEMISTRY,实验方案设计,探究型实验的四步分析模型
CHEMISTRY,实验方案设计,探究型综合实验的研究主题与知识落点
CHEMISTRY,实验方案设计,探究实验中干扰的排除设计
CHEMISTRY,实验方案设计,探究性与验证性实验方案的设计流程
CHEMISTRY,实验方案设计,无机制备实验的关键易错点
CHEMISTRY,实验方案设计,无机制备实验题的三步拆解策略
CHEMISTRY,实验方案设计,无机物制备实验的思路与设计原则
CHEMISTRY,实验方案设计,无机物制备实验的设计思路与核心考点
CHEMISTRY,实验方案设计,无气体制备的三步分析法
CHEMISTRY,实验方案设计,易挥发溶剂的差量称量法
CHEMISTRY,实验方案设计,有机物制备的主反应条件控制
CHEMISTRY,实验方案设计,比较AgI与AgCl的Ksp的实验方案设计
CHEMISTRY,实验方案设计,测定实验中要有被测量气体全部被测量的意识
CHEMISTRY,实验方案设计,热重法与定量实验数据的处理
CHEMISTRY,实验方案设计,用吸光度做对照实验验证猜想
CHEMISTRY,实验方案设计,空白实验的作用与设计
CHEMISTRY,实验方案设计,粗产品提纯的步骤排序与产率
CHEMISTRY,实验方案设计中的操作与安全要点,实验方案设计中的防倒吸与净化
CHEMISTRY,实验方案设计中的操作与安全要点,实验方案设计的安全操作要点
CHEMISTRY,实验条件的控制,尾气处理与实验条件的控制
CHEMISTRY,实验用品,中和滴定指示剂的选择与无需指示剂的滴定
CHEMISTRY,实验用品,中和滴定的仪器与指示剂
CHEMISTRY,实验用品,中和滴定的指示剂选择规则与不用指示剂的情形
CHEMISTRY,实验结论辨析的常见陷阱,由现象推结论的四个陷阱
CHEMISTRY,实验综合题答题模板,三类常见实验操作的规范表述
CHEMISTRY,实验综合题答题模板,定量分析的关系式法与守恒法
CHEMISTRY,实验综合题答题模板,实验探究题的解题流程
CHEMISTRY,实验综合题答题模板,实验综合题答题模板（仪器与操作类）
CHEMISTRY,实验综合题答题模板,实验综合题答题模板（检验与判断类）
CHEMISTRY,实验综合题答题模板,实验设计类规范语言表述模板
CHEMISTRY,实验综合题答题模板,工艺流程中操作目的的作答模板
CHEMISTRY,实验综合题答题模板,控温方式的选择与理由表述
CHEMISTRY,实验综合题答题模板,有机合成实验中产率的计算办法
CHEMISTRY,实验综合题答题模板,沉淀洗涤完全的检验答题模板
CHEMISTRY,实验综合题答题模板,沉淀洗涤的目的、操作与洗涤剂选择
CHEMISTRY,实验综合题答题模板,流程题常用的答题术语与操作目的表述
CHEMISTRY,实验综合题答题模板,物质制备综合实验题的解题程序
CHEMISTRY,实验装置中的安全与辅助装置,平衡气压、防倒吸与防堵塞装置
CHEMISTRY,实验试剂与仪器的规范描述,试剂与仪器必须写规范名称
CHEMISTRY,审题抓关键条件-状态-温度-压强,在压强为0.1 MPa、温度为300 ℃条件
CHEMISTRY,审题抓关键条件-状态-温度-压强,根据化学方程式计算的规范与过量判断
CHEMISTRY,审题抓关键条件-状态-温度-压强,气体摩尔体积计算前对温度与压强的审查
CHEMISTRY,容量瓶及其使用注意事项,容量瓶的使用要点
CHEMISTRY,容量瓶及其使用注意事项,容量瓶的使用要点与使用禁忌
CHEMISTRY,容量瓶及其使用注意事项,容量瓶的构造、检漏与使用禁忌
CHEMISTRY,对下列物质分类-并完善表格内容,树状分类法与交叉分类法
CHEMISTRY,对数折线图四步法,坐标轴为对数或负对数的直线形图像的分析
CHEMISTRY,对数折线图四步法,对数图像中直线归属的判断策略
CHEMISTRY,对数折线图四步法,对数图像的识别与破解步骤
CHEMISTRY,对数折线图四步法,对数折线图的四步破解法
CHEMISTRY,对数折线图四步法,想原理
CHEMISTRY,对数折线图四步法,电解质溶液对数折线图像四步法
CHEMISTRY,对数折线图四步法,配位平衡与沉淀溶解平衡混合体系
CHEMISTRY,对氧化物认识的几个误区,氧化物与化合物认识的四个误区
CHEMISTRY,对氧化物认识的几个误区,氧化物与酸酐的判断误区
CHEMISTRY,对氧化物认识的几个误区,氧化物分类的四个易错结论
CHEMISTRY,对氧化物认识的几个误区,氧化物认识的常见误区
CHEMISTRY,对物质的元素组成的几个误区,①只含一种元素的物质不一定是纯净物
CHEMISTRY,对物质的元素组成的几个误区,元素组成与纯净物、混合物判断的补充误区
CHEMISTRY,对物质的元素组成的几个误区,元素组成与纯净物判断的补充误区
CHEMISTRY,对角线规则,对角线规则与 Be、Al 的性质相似
CHEMISTRY,对角线规则,对角线规则与性质相似规律
CHEMISTRY,对角线规则,对角线规则与锂镁的相似性
CHEMISTRY,对角线规则,对角线规则及其电负性解释
CHEMISTRY,对角线规则,对角线规则及其相似性实例
CHEMISTRY,对角线规则,对角线规则的三组相似性详解
CHEMISTRY,对角线规则,相似规律与对角线规则
CHEMISTRY,对角线规则,铍与铝、硼与硅的相似性
CHEMISTRY,对角线规则,铍与铝性质的相似性推论
CHEMISTRY,对角线规则,锂与镁性质的相似性
CHEMISTRY,工业上制备的盐酸显黄色是因为溶有fe3-而浓hno3显黄色是因为溶有no2,Cu溶于稀HNO3
CHEMISTRY,工业上制备的盐酸显黄色是因为溶有fe3-而浓hno3显黄色是因为溶有no2,常见物质显色原因的归因分析
CHEMISTRY,工业上制备的盐酸显黄色是因为溶有fe3-而浓hno3显黄色是因为溶有no2,硝基还原为氨基（Fe/HCl）
CHEMISTRY,工业上常用甲烷-水蒸气重整制备氢气-体系中发生如下反应,制备过程中反应体系pH过低会产生钨的水合氧化
CHEMISTRY,工业上用某种氧化铝矿石-含fe2o3杂质-为原料冶炼铝的工艺流程如下,主要成分为H2S的工业废气的回收利用有重要意
CHEMISTRY,工业上用某种氧化铝矿石-含fe2o3杂质-为原料冶炼铝的工艺流程如下,由铝土矿冶炼铝的流程
CHEMISTRY,工业上用某种氧化铝矿石-含fe2o3杂质-为原料冶炼铝的工艺流程如下,矿石类工艺流程题的解题方法
CHEMISTRY,工业制法,工业制硫酸的过程中
CHEMISTRY,工业制法,工业制硫酸（接触法）
CHEMISTRY,工业制法,氯气的工业制法——电解饱和食盐水
CHEMISTRY,工业制法,氯气的工业制法电解饱和食盐水
CHEMISTRY,工业制硫酸的流程与原理,工业制硫酸的流程与吸收要点
CHEMISTRY,工业制铝的酸溶法流程,酸溶法从含铁氧化铝矿石中提纯Al2O3
CHEMISTRY,工业合成氨的适宜条件,合成氨中催化剂与浓度的调控
CHEMISTRY,工业合成氨的适宜条件,合成氨条件对速率、平衡与生产的影响
CHEMISTRY,工业合成氨的适宜条件,合成氨条件选择的理由与生产流程分析
CHEMISTRY,工业合成氨的适宜条件,合成氨流程各环节的作用
CHEMISTRY,工业合成氨的适宜条件,合成氨生产的工业流程
CHEMISTRY,工业合成氨的适宜条件,合成氨的生产流程分析
CHEMISTRY,工业合成氨的适宜条件,合成氨适宜条件的选择（压强与温度）
CHEMISTRY,工业合成氨的适宜条件,合成氨速率的影响因素与条件选择的综合考虑
CHEMISTRY,工业合成氨的适宜条件,实际工业合成氨反应的适宜条件
CHEMISTRY,工业合成氨的适宜条件,工业合成氨反应的适宜条件
CHEMISTRY,工业合成氨的适宜条件,工业合成氨的适宜条件与流程分析
CHEMISTRY,工业合成氨的适宜条件,工业合成氨的适宜条件与生产流程
CHEMISTRY,工业合成氨的适宜条件,工业合成氨适宜条件的选择
CHEMISTRY,工业合成氨的适宜条件,工业合成氨适宜条件的选择原则
CHEMISTRY,工业合成氨的适宜条件,蒸馏操作的适用条件与装置要点
CHEMISTRY,工业流程中反应条件的控制,五类反应条件的控制手段
CHEMISTRY,工业流程中反应条件的控制,四类高频条件的得分逻辑
CHEMISTRY,工业流程中反应条件的控制,灼烧、焙烧、煅烧
CHEMISTRY,工业生产中化学反应条件的选择,化学反应调控的措施
CHEMISTRY,工业生产中化学反应条件的选择,原料利用与反应容器的选择
CHEMISTRY,工业生产中化学反应条件的选择,反应条件控制与原料预处理
CHEMISTRY,工业生产中化学反应条件的选择,少量可提高生成的选择性
CHEMISTRY,工业生产中化学反应条件的选择,工业生产中选择适宜生产条件的原则
CHEMISTRY,工业生产中化学反应条件的选择,工业生产条件的分析步骤
CHEMISTRY,工业生产中化学反应条件的选择,工业生产条件选择的一般原则
CHEMISTRY,工业生产中化学反应条件的选择,工业生产适宜条件的选择原则
CHEMISTRY,工业生产中化学反应条件的选择,常用的控制反应条件的方法
CHEMISTRY,工业生产中化学反应条件的选择,我国化学家侯德榜改进国外的纯碱生产工艺
CHEMISTRY,工业生产中化学反应条件的选择,控制反应条件的基本措施
CHEMISTRY,工业生产中化学反应条件的选择,控制反应条件的目的与基本措施
CHEMISTRY,工业生产中化学反应条件的选择,控制反应条件的目的与措施
CHEMISTRY,工业生产中化学反应条件的选择,控制反应条件的目的与考虑因素
CHEMISTRY,工业生产中化学反应条件的选择,控制反应条件的目的与选择原则
CHEMISTRY,工业生产中化学反应条件的选择,控制温度的目的与影响因素
CHEMISTRY,工业生产中化学反应条件的选择,流程中控制反应条件的七种方法
CHEMISTRY,工业生产中化学反应条件的选择,流程中温度、浓度、压强与催化剂的控制
CHEMISTRY,工业生产中化学反应条件的选择,设计制作化学电源的四步骤
CHEMISTRY,工业生产中化学反应条件的选择,选择适宜生产条件的原则
CHEMISTRY,工业生产中化学反应条件的选择,酸式与碱式滴定管的选用
CHEMISTRY,工业生产中化学反应条件的选择,酸式滴定管与碱式滴定管的选择
CHEMISTRY,工业生产中的速率和平衡图像,化工生产图像的三类影响因素
CHEMISTRY,工业生产中的速率和平衡图像,水溶液离子平衡图像识图四步法
CHEMISTRY,工业生产中的速率和平衡图像,速率与平衡图像的读图要领
CHEMISTRY,巧抓-四点-突破酸碱中和滴定曲线中的粒子浓度关系,lg比值型坐标的读图要点
CHEMISTRY,巧抓-四点-突破酸碱中和滴定曲线中的粒子浓度关系,中和滴定曲线中的关键点分析
CHEMISTRY,巧抓-四点-突破酸碱中和滴定曲线中的粒子浓度关系,五点定位法破解酸碱滴定图像
CHEMISTRY,巧抓-四点-突破酸碱中和滴定曲线中的粒子浓度关系,强碱滴定同浓度盐酸与醋酸的曲线对比
CHEMISTRY,巧抓-四点-突破酸碱中和滴定曲线中的粒子浓度关系,抓pH等于pKa的点判粒子浓度相等
CHEMISTRY,巧抓-四点-突破酸碱中和滴定曲线中的粒子浓度关系,抓两点突破二元弱电解质滴定曲线
CHEMISTRY,巧抓-四点-突破酸碱中和滴定曲线中的粒子浓度关系,混合溶液滴定曲线的抓点分析
CHEMISTRY,巧抓-四点-突破酸碱中和滴定曲线中的粒子浓度关系,滴定曲线“四点”分析模型
CHEMISTRY,巧抓-四点-突破酸碱中和滴定曲线中的粒子浓度关系,滴定曲线的四点分析法
CHEMISTRY,巧抓-四点-突破酸碱中和滴定曲线中的粒子浓度关系,真题中五点的抓点套路
CHEMISTRY,巧抓-四点-突破酸碱中和滴定曲线中的粒子浓度关系,酸碱中和滴定曲线的五点分析法
CHEMISTRY,巧抓-四点-突破酸碱中和滴定曲线中的粒子浓度关系,酸碱中和滴定曲线的分析方法
CHEMISTRY,差量法,差量法在化学计算中的应用
CHEMISTRY,差量法,差量法的原理与解题步骤
CHEMISTRY,差量法,差量法的类型与解题步骤
CHEMISTRY,差量法,差量法解题的关键是找准“理论差量”
CHEMISTRY,差量法,差量法计算及其应用
CHEMISTRY,差量法,差量法计算的原理
CHEMISTRY,差量法,差量法（差值法）的含义与解题步骤
CHEMISTRY,差量法,用压强差Δp判温度高低
CHEMISTRY,已知两个醛分子在naoh溶液作用下可以发生加成反应-生成一种羟基醛,醛的羟醛缩合增长碳链
CHEMISTRY,已知总方程式-书写电极反应式,一般电极反应式的书写方法
CHEMISTRY,已知总方程式-书写电极反应式,化学电源中电极反应式书写的一般方法
CHEMISTRY,已知总方程式-书写电极反应式,复杂电极反应式的书写
CHEMISTRY,已知总方程式-书写电极反应式,新型电化学装置分析三步法
CHEMISTRY,已知总方程式-书写电极反应式,熔融碳酸盐 CO-O₂ 燃料电池电极反应式的书写
CHEMISTRY,已知总方程式-书写电极反应式,由总反应式书写电极反应式
CHEMISTRY,已知总方程式-书写电极反应式,电极反应式与电解总反应的书写步骤
CHEMISTRY,已知总方程式-书写电极反应式,电极反应式书写：拆分法与加减法
CHEMISTRY,已知总方程式-书写电极反应式,电极反应式的两种写法
CHEMISTRY,已知总方程式-书写电极反应式,电极反应式的书写：直接法与间接法
CHEMISTRY,已知总方程式-书写电极反应式,电极反应式的直接书写与间接书写
CHEMISTRY,已知总方程式-书写电极反应式,电极方程式书写三步：列物质、看环境、验总式
CHEMISTRY,常温下-下列事实不能说明nh3-h2o为弱电解质的是,不能拆分的物质包括单质、氧化物、弱电解质、难
CHEMISTRY,常温下-下列事实不能说明nh3-h2o为弱电解质的是,不能过度加热
CHEMISTRY,常温下-几种弱酸的电离平衡常数如下表所示,电离平衡常数 Ka 与 Kb
CHEMISTRY,常温下-几种弱酸的电离平衡常数如下表所示,电离平衡常数与电离度
CHEMISTRY,常温下-几种弱酸的电离平衡常数如下表所示,电离平衡常数的四类应用
CHEMISTRY,常温下-铁-铝遇浓硝酸能发生-钝化-并非不反应-故常温下浓硝酸可以用铁桶盛放,常温下铁铝的钝化
CHEMISTRY,常温下-铁-铝遇浓硝酸能发生-钝化-并非不反应-故常温下浓硝酸可以用铁桶盛放,氨基：在氧化其他基团前可以用醋酸
CHEMISTRY,常温下-铁-铝遇浓硝酸能发生-钝化-并非不反应-故常温下浓硝酸可以用铁桶盛放,铁、铝的钝化原理与应用
CHEMISTRY,常用计量仪器的使用与检漏,常用计量仪器与滴定管、容量瓶的检漏
CHEMISTRY,常用计量仪器的使用与检漏,滴定管的类型、精确度与使用规则
CHEMISTRY,常用计量仪器的使用与检漏,精确量取与精确称量的仪器选择及容量瓶检漏
CHEMISTRY,常考经典史籍中的化学知识,常考经典史籍材料归纳
CHEMISTRY,常见仪器,b形管、玻璃液封管与水蒸气蒸馏
CHEMISTRY,常见仪器,三颈烧瓶的结构与用途
CHEMISTRY,常见仪器,与溴有关的实验不能使用橡胶管
CHEMISTRY,常见仪器,仪器的洗涤：常见污物的清洗试剂
CHEMISTRY,常见仪器,分离提纯仪器与仪器的创新使用
CHEMISTRY,常见仪器,加热方式的选择：水浴与油浴
CHEMISTRY,常见仪器,化学仪器的选用原则
CHEMISTRY,常见仪器,可加热仪器的使用要点
CHEMISTRY,常见仪器,可加热仪器的选择与使用
CHEMISTRY,常见仪器,可直接加热的仪器及其使用要点
CHEMISTRY,常见仪器,安全瓶的缓冲作用与气密性检查
CHEMISTRY,常见仪器,容量瓶的构造、规格与使用规则
CHEMISTRY,常见仪器,常用仪器的加热方式、计量与使用注意
CHEMISTRY,常见仪器,常用仪器的加热方式分类
CHEMISTRY,常见仪器,常用可加热仪器与加热操作
CHEMISTRY,常见仪器,常用计量仪器的刻度与精确度
CHEMISTRY,常见仪器,常用计量仪器的刻度与读数
CHEMISTRY,常见仪器,常见仪器的用途与注意事项（一）
CHEMISTRY,常见仪器,常见仪器的用途与注意事项（二）
CHEMISTRY,常见仪器,常见有机实验仪器的用途
CHEMISTRY,常见仪器,恒压滴液漏斗与防倒吸装置的作用
CHEMISTRY,常见仪器,意仪器名称和作用
CHEMISTRY,常见仪器,托盘天平
CHEMISTRY,常见仪器,托盘天平的使用与读数
CHEMISTRY,常见仪器,有机制备中的常用仪器及作用
CHEMISTRY,常见仪器,有机实验中的漏斗与冷凝管
CHEMISTRY,常见仪器,有机物制备中的三种典型装置
CHEMISTRY,常见仪器,根据实验需要选择实验仪器的方法
CHEMISTRY,常见仪器,温度计的使用与常用仪器分类
CHEMISTRY,常见仪器,漏斗、分液漏斗、冷凝管与干燥管的使用要点
CHEMISTRY,常见仪器,漏斗与广口瓶的多种用途
CHEMISTRY,常见仪器,烧杯：(1)用于溶解固体或稀释浓
CHEMISTRY,常见仪器,熔点测定与水蒸气蒸馏等操作要点
CHEMISTRY,常见仪器,球形冷凝管与直形冷凝管的选择
CHEMISTRY,常见仪器,球形冷凝管与直形冷凝管的选用
CHEMISTRY,常见仪器,球形干燥管的气流方向与干燥剂选择
CHEMISTRY,常见仪器,球形干燥管的气流方向与干燥剂限制
CHEMISTRY,常见仪器,索氏提取器等三种专用仪器
CHEMISTRY,常见仪器,若是加热仪器
CHEMISTRY,常见仪器,计量仪器的精确度与使用要点
CHEMISTRY,常见仪器,计量仪器的精确度选择原则
CHEMISTRY,常见仪器,计量仪器的选择原则与读数规范
CHEMISTRY,常见仪器,量器的选择与读数精度
CHEMISTRY,常见仪器,量筒：(1)不能作反应器 (2)
CHEMISTRY,常见仪器,锥形瓶、烧杯与三颈烧瓶的使用要点
CHEMISTRY,常见仪器,需垫陶土网加热的仪器及其使用要点
CHEMISTRY,常见元素及其化合物的特性,元素推断的常见特征信息
CHEMISTRY,常见元素及其化合物的特性,常见短周期元素的单质与化合物特性
CHEMISTRY,常见净水剂、消毒剂与漂白剂,二氯异氰尿酸钠的性质与用途
CHEMISTRY,常见净水剂、消毒剂与漂白剂,常见含氯消毒剂的种类与性质
CHEMISTRY,常见净水剂、消毒剂与漂白剂,氯气与碱溶液反应制漂白液
CHEMISTRY,常见净水剂、消毒剂与漂白剂,高铁酸钾作消毒剂和净水剂
CHEMISTRY,常见净水剂消毒剂漂白剂与干燥剂,常见净水剂、消毒剂与干燥剂
CHEMISTRY,常见喷泉的类型,喷泉实验的原理与常见组合
CHEMISTRY,常见喷泉的类型,常见喷泉的类型与形成原理
CHEMISTRY,常见喷泉的类型,能形成喷泉的气体吸收剂组合
CHEMISTRY,常见干燥剂及其使用限制,常见干燥剂的适用范围
CHEMISTRY,常见性质比较与检验实验的设计范式,常见性质比较与检验的实验设计范式
CHEMISTRY,常见性质比较与检验实验的设计范式,酸式盐与溶度积比较的实验设计
CHEMISTRY,常见有机反应类型总结,根据标准溶液和待测溶液间反应类型的不同
CHEMISTRY,常见有机反应类型总结,高考常见有机新信息反应归类
CHEMISTRY,常见有机合成路线,以CH2=CHCH2OH为主要原料
CHEMISTRY,常见有机合成路线,四条常用合成路线主线
CHEMISTRY,常见有机合成路线,常用的有机合成路线模板
CHEMISTRY,常见有机合成路线,常见合成路线与苯环卤代条件差异
CHEMISTRY,常见有机合成路线,有机合成路线设计模型
CHEMISTRY,常见有机合成路线,有机合成路线设计的思维模型
CHEMISTRY,常见有机合成路线,正向合成分析法与路线设计的基本要求
CHEMISTRY,常见有机合成路线,逆向分析设计合成路线
CHEMISTRY,常见有机合成路线,醇醛酸酯的转化关系与推断
CHEMISTRY,常见物质的溶解性规律,常见盐与碱的溶解性规律
CHEMISTRY,常见的与量无关的离子反应,与量无关的离子反应
CHEMISTRY,常见的与量无关的离子反应,铝盐与氨水反应的产物与用量无关
CHEMISTRY,常见的易混淆物质变化,常见物理变化与化学变化的归类
CHEMISTRY,常见的易混淆物质变化,易混淆的物理变化与化学变化归类
CHEMISTRY,常见的易混淆物质变化,物理变化与化学变化的辨析与常见实例
CHEMISTRY,常见的易混淆物质变化,物质变化归类：三馏四色五解十四化
CHEMISTRY,常见的易混淆物质变化,物质变化的辨析
CHEMISTRY,常见的氧化剂与还原剂,从元素价态与物质结构认识氧化剂和还原剂
CHEMISTRY,常见的氧化剂与还原剂,常见氧化剂、还原剂与价态判断
CHEMISTRY,常见的氧化剂与还原剂,常见氧化剂、还原剂与价态规则
CHEMISTRY,常见的氧化剂与还原剂,常见氧化剂、还原剂及其产物预测
CHEMISTRY,常见的氧化剂与还原剂,常见氧化剂与还原剂及其产物
CHEMISTRY,常见的氧化剂与还原剂,常见氧化剂与还原剂的判断清单
CHEMISTRY,常见的氧化剂与还原剂,常见氧化剂及其还原产物
CHEMISTRY,常见的氧化剂与还原剂,常见氧化剂还原剂及对应产物
CHEMISTRY,常见的氧化剂与还原剂,常见的氧化剂和还原剂
CHEMISTRY,常见的氧化剂与还原剂,常见的还原剂
CHEMISTRY,常见的氧化剂与还原剂,常见还原剂及其对应的氧化产物
CHEMISTRY,常见的氧化剂与还原剂,常见还原剂及其氧化产物
CHEMISTRY,常见的氧化剂与还原剂,氧化剂与还原剂产物的补充预测
CHEMISTRY,常见的氧化剂与还原剂,流程中加入氧化剂或还原剂的作用
CHEMISTRY,常见的混合物,升华法分离混合物
CHEMISTRY,常见的混合物,定混合物成分
CHEMISTRY,常见的混合物,常见混合物分类记忆清单
CHEMISTRY,常见的混合物,常见混合物清单与分类要点
CHEMISTRY,常见的混合物,常见混合物的归纳
CHEMISTRY,常见的混合物,常见的混合物清单
CHEMISTRY,常见的混合物,纯净物与混合物及常见混合物
CHEMISTRY,常见的物质分类的几个误区,物质分类中的常见误区清单
CHEMISTRY,常见的物质分类的几个误区,物质分类的常见误区
CHEMISTRY,常见的物质分类的几个误区,物质组成与类别的几个不一定
CHEMISTRY,常见的装置,三类防倒吸装置的原理
CHEMISTRY,常见的装置,三类防堵塞装置的原理
CHEMISTRY,常见的装置,化学实验安全装置与尾气处理
CHEMISTRY,常见的装置,尾气处理装置的三种方式
CHEMISTRY,常见的装置,干燥管的多种用途
CHEMISTRY,常见的装置,广口瓶与球形干燥管的多种用途
CHEMISTRY,常见的装置,气体干燥、体积测量与冷凝装置
CHEMISTRY,常见的装置,氨的喷泉实验装置分析
CHEMISTRY,常见的装置,防爆炸安全装置的原理
CHEMISTRY,常见的限制条件总结,同分异构体的常见限定条件
CHEMISTRY,常见的限制条件总结,核磁共振氢谱反推结构
CHEMISTRY,常见的限制条件总结,限定条件下同分异构体的限制条件
CHEMISTRY,常见金属材料,常见合金钢的成分、特性与用途
CHEMISTRY,常见金属材料,常见的金属材料与新型合金
CHEMISTRY,常见金属材料,常见金属材料及其应用
CHEMISTRY,常见金属材料,常见金属材料的种类与特性
CHEMISTRY,常见金属材料,常见金属材料：铁合金、铝合金与新型合金
CHEMISTRY,常见金属材料,生铁按碳存在形态的分类
CHEMISTRY,常见金属材料,硬铝与新型合金的成分、特性与用途
CHEMISTRY,常见金属材料,稀土金属及其应用
CHEMISTRY,常见金属材料,轻质合金的特点与应用
CHEMISTRY,常见金属材料,钢中常见合金元素的主要作用
CHEMISTRY,常见金属材料,铁合金的分类与含碳量
CHEMISTRY,常见阳离子的检验与推断依据,Al³⁺、Ba²⁺、Ag⁺的检验方法
CHEMISTRY,常见阳离子的检验与推断依据,Fe²⁺、Mg²⁺、Cu²⁺的检验方法
CHEMISTRY,常见阳离子的检验与推断依据,K⁺、Na⁺、NH₄⁺、Fe³⁺的检验方法
CHEMISTRY,常见阳离子的检验与推断依据,Mg2+
CHEMISTRY,常见阳离子的检验与推断依据,SO42－与SO32－的检验
CHEMISTRY,常见阳离子的检验与推断依据,SO的检验
CHEMISTRY,常见阳离子的检验与推断依据,依据生成的气体检验或推断
CHEMISTRY,常见阳离子的检验与推断依据,分别取它的水溶液两份进行实验
CHEMISTRY,常见阳离子的检验与推断依据,常见阳离子的检验
CHEMISTRY,常见阳离子的检验与推断依据,常见阳离子的检验方法
CHEMISTRY,常见阳离子的检验与推断依据,常见阳离子的检验：氢、铵、铁
CHEMISTRY,常见阳离子的检验与推断依据,常见阳离子的检验：钠钾铝镁钡银
CHEMISTRY,常见阳离子的检验与推断依据,推断题眼：常见元素之最常识汇总
CHEMISTRY,常见阳离子的检验与推断依据,电解池中离子的放电顺序
CHEMISTRY,常见阳离子的检验与推断依据,电解池阴极产物判断与阳离子放电顺序
CHEMISTRY,常见阳离子的检验与推断依据,硫酸根离子的检验操作与易错点
CHEMISTRY,常见阳离子的检验与推断依据,离子推断的依据与四项基本原则
CHEMISTRY,常见阳离子的检验与推断依据,离子推断题的解题思路
CHEMISTRY,常见阳离子的检验与推断依据,离子检验与推断的三种现象类型
CHEMISTRY,常见阳离子的检验与推断依据,离子检验的三种现象依据
CHEMISTRY,常见阳离子的检验与推断依据,离子检验的易错辨析
CHEMISTRY,常见阳离子的检验与推断依据,葡萄糖检验失败的常见原因
CHEMISTRY,常见阳离子的检验与推断依据,醛基与碳碳双键共存时的检验策略
CHEMISTRY,常见阳离子的检验与推断依据,铁离子的性质与检验
CHEMISTRY,常见阳离子的检验与推断依据,阳离子放电顺序
CHEMISTRY,常见阴离子的检验与推断依据,CO32-的检验方法
CHEMISTRY,常见阴离子的检验与推断依据,I⁻、SO₄²⁻、SO₃²⁻的检验方法
CHEMISTRY,常见阴离子的检验与推断依据,NO₃⁻与CO₃²⁻的检验方法
CHEMISTRY,常见阴离子的检验与推断依据,SO42-的检验方法
CHEMISTRY,常见阴离子的检验与推断依据,SO、HSO
CHEMISTRY,常见阴离子的检验与推断依据,S²⁻、Cl⁻、Br⁻的检验方法
CHEMISTRY,常见阴离子的检验与推断依据,常见离子检验的干扰与排除
CHEMISTRY,常见阴离子的检验与推断依据,常见阴离子的检验
CHEMISTRY,常见阴离子的检验与推断依据,常见阴离子的检验方法
CHEMISTRY,常见阴离子的检验与推断依据,常见阴离子的检验：氢氧根与卤素离子
CHEMISTRY,常见阴离子的检验与推断依据,常见阴离子的检验：硫、磷、氮、硅相关离子
CHEMISTRY,常见阴离子的检验与推断依据,常见阴离子的检验：硫酸根、碳酸根与亚硫酸根
CHEMISTRY,常见阴离子的检验与推断依据,电解池阳极产物判断与阴离子放电顺序
CHEMISTRY,常见阴离子的检验与推断依据,硫酸根与亚硫酸根的检验方法
CHEMISTRY,常见阴离子的检验与推断依据,离子推断中的常见特征现象
CHEMISTRY,常见阴离子的检验与推断依据,离子检验方法与干扰排除
CHEMISTRY,常见阴离子的检验与推断依据,阴离子的放电顺序
CHEMISTRY,常规图像解题分析,先拐先平不能等同于反应速率快
CHEMISTRY,常规图像解题分析,化学反应速率与平衡图像四步法
CHEMISTRY,常规图像解题分析,化学反应速率图像分析的基本思路
CHEMISTRY,常规图像解题分析,化学反应速率图像的解题方法
CHEMISTRY,常规图像解题分析,化学反应速率图像题关注面、线、点
CHEMISTRY,常规图像解题分析,化学平衡图像分析的四步法
CHEMISTRY,常规图像解题分析,化学平衡图像的四类常见形式
CHEMISTRY,常规图像解题分析,化学平衡图像的解题步骤
CHEMISTRY,常规图像解题分析,化学平衡图像的解题步骤与技巧
CHEMISTRY,常规图像解题分析,化学平衡图像题的易错点拨
CHEMISTRY,常规图像解题分析,化学平衡图像题的解题步骤
CHEMISTRY,常规图像解题分析,化学平衡图像题的解题步骤与先拐先平数值大
CHEMISTRY,常规图像解题分析,化学平衡常规图像的判读
CHEMISTRY,常规图像解题分析,化学平衡移动分析的三步法
CHEMISTRY,常规图像解题分析,同段时间转化率—温度图像的解读
CHEMISTRY,常规图像解题分析,含恒温线恒压线图像的“定一议二”
CHEMISTRY,常规图像解题分析,图像分析“三看一判断”
CHEMISTRY,常规图像解题分析,复合图像与混合体系图像
CHEMISTRY,常规图像解题分析,定一议二法分析多变量平衡图像
CHEMISTRY,常规图像解题分析,平衡图像中的两个常见误判
CHEMISTRY,常规图像解题分析,平衡曲线与非平衡点的分析
CHEMISTRY,常规图像解题分析,有气体参与反应的速率—压强、容积、温度、时间图像
CHEMISTRY,常规图像解题分析,组分含量—温度图像与平衡点判断
CHEMISTRY,常规图像解题分析,速率与平衡图像的读图四要素
CHEMISTRY,常规图像解题分析,速率图像分析的四个着眼点
CHEMISTRY,常规图像解题分析,速率图像分析的四看法
CHEMISTRY,干冰萤石与三类玻璃的成分,干冰、萤石与三类玻璃的成分
CHEMISTRY,干冰萤石与三类玻璃的成分,普通玻璃
CHEMISTRY,干燥管与洗气瓶的作用,多用途的球形干燥管
CHEMISTRY,干燥管与洗气瓶的作用,干燥管在装置不同位置的作用
CHEMISTRY,干燥管与洗气瓶的作用,洗气操作要点
CHEMISTRY,干燥管与洗气瓶的作用,洗气瓶与球形干燥管的使用要点
CHEMISTRY,平均值法,平均值法在化学计算中的应用
CHEMISTRY,平衡常数-x1,设K为相对压力平衡常数
CHEMISTRY,平衡常数与速率常数的有关计算,平衡常数与方程式写法的关系
CHEMISTRY,平衡常数与速率常数的有关计算,平衡常数与正逆速率常数的关系
CHEMISTRY,平衡常数与速率常数的有关计算,平衡常数与速率常数的关系
CHEMISTRY,平衡常数与速率常数的有关计算,由K与Q计算正逆速率之比
CHEMISTRY,平衡常数与速率常数的有关计算,由速率常数比求平衡常数
CHEMISTRY,平衡常数与速率常数的有关计算,连续反应表观速率常数的确定（慢步骤控制）
CHEMISTRY,平衡常数与速率常数的有关计算,速率常数与化学平衡常数的关系
CHEMISTRY,平衡常数与速率常数的有关计算,速率常数与平衡常数的关系
CHEMISTRY,平衡常数与速率常数的有关计算,速率常数与平衡常数的定量关系
CHEMISTRY,平衡常数和转化率的计算,三段式与平衡转化率的计算模型
CHEMISTRY,平衡常数和转化率的计算,三段式法计算平衡常数的解题模型
CHEMISTRY,平衡常数和转化率的计算,三段式法进行化学平衡的计算
CHEMISTRY,平衡常数和转化率的计算,三段式计算模式
CHEMISTRY,平衡常数和转化率的计算,化学平衡计算的三段式模型
CHEMISTRY,平衡常数和转化率的计算,平衡常数与转化率的计算要点
CHEMISTRY,平衡常数和转化率的计算,平衡常数的计算规则汇总
CHEMISTRY,平衡常数和转化率的计算,平衡常数计算的三段式模式
CHEMISTRY,平衡常数和转化率的计算,平衡计算的关键：变化量之比等于化学计量数之比
CHEMISTRY,平衡常数和转化率的计算,有关化学平衡计算的三点说明
CHEMISTRY,平衡常数和转化率的计算,转化率与产率的概念与计算
CHEMISTRY,平衡常数的应用,水解常数 Kh 的应用
CHEMISTRY,平衡常数的综合计算,mL由NO与NH3组成的混合气体在催化剂作用
CHEMISTRY,平衡常数的综合计算,原子守恒法计算平衡常数
CHEMISTRY,平衡常数的综合计算,平衡常数、转化率与Kp的综合计算
CHEMISTRY,平衡常数的综合计算,平衡常数与转化率的计算步骤与易错点
CHEMISTRY,平衡常数的综合计算,平衡常数的计算途径与Kp答题模板
CHEMISTRY,平衡常数的综合计算,平衡时混合气体的平均摩尔质量= g·mol-
CHEMISTRY,平衡类问题需考虑的几个方面,分析图像要分清平衡量与速率量
CHEMISTRY,平衡类问题需考虑的几个方面,生产中平衡类问题需考虑的方面
CHEMISTRY,平衡转化率,A的平衡转化率
CHEMISTRY,平衡转化率,平衡移动对转化率的影响
CHEMISTRY,平衡转化率,平衡转化率与产率的辨析
CHEMISTRY,平衡转化率,平衡转化率变化的分析
CHEMISTRY,平衡转化率,平衡转化率的含义、表达式与转化率变化规律
CHEMISTRY,平衡转化率,平衡转化率的四个要点
CHEMISTRY,平衡转化率,平衡转化率的概念与意义
CHEMISTRY,平衡转化率,平衡转化率的相关计算与技法
CHEMISTRY,平衡转化率,有关平衡转化率的计算思维
CHEMISTRY,应用氧化还原反应的原理实现不同价态含硫物质的转化,(1)同种元素相邻价态的粒子间不发生氧化还原
CHEMISTRY,应用氧化还原反应的原理实现不同价态含硫物质的转化,不同价态硫的转化是通过氧化还原反应实现
CHEMISTRY,应用氧化还原反应的原理实现不同价态含硫物质的转化,分液与萃取的原理、萃取剂要求及操作
CHEMISTRY,应用氧化还原反应的原理实现不同价态含硫物质的转化,原理：隔绝空气、高温下使物质_分
CHEMISTRY,应用氧化还原反应的原理实现不同价态含硫物质的转化,氢碘酸变黄的原因与保存方法
CHEMISTRY,应用氧化还原反应的原理实现不同价态含硫物质的转化,氧化还原反应四大基本规律
CHEMISTRY,应用氧化还原反应的原理实现不同价态含硫物质的转化,氧化还原反应四大规律
CHEMISTRY,应用氧化还原反应的原理实现不同价态含硫物质的转化,氧化还原反应的先后顺序与用量对产物的影响
CHEMISTRY,应用氧化还原反应的原理实现不同价态含硫物质的转化,氧化还原反应的基本规律
CHEMISTRY,应用氧化还原反应的原理实现不同价态含硫物质的转化,氧化还原反应的概念与本质
CHEMISTRY,应用氧化还原反应的原理实现不同价态含硫物质的转化,氧化还原滴定法的原理与常用试剂
CHEMISTRY,应用氧化还原反应的原理实现不同价态含硫物质的转化,碘量法滴定的原理与终点判断
CHEMISTRY,应用氧化还原反应的原理实现不同价态含硫物质的转化,若某物质参加反应
CHEMISTRY,应用氧化还原反应的原理实现不同价态含硫物质的转化,重结晶提纯的原理
CHEMISTRY,应用氧化还原反应的原理实现不同价态含硫物质的转化,铁的使用历史与工业炼铁原理
CHEMISTRY,弱电解质的电离,二元弱酸中酸式酸根的只电离不水解
CHEMISTRY,弱电解质的电离,弱电解质的电离方程式与电离特点
CHEMISTRY,弱电解质的电离,用稀释法比较弱酸的酸性强弱
CHEMISTRY,弱电解质的电离平衡,外因：盐类水解平衡同电离平衡一样
CHEMISTRY,弱电解质的电离平衡,外界条件对弱电解质电离平衡的影响
CHEMISTRY,弱电解质的电离平衡,弱电解质的判断方法
CHEMISTRY,弱电解质的电离平衡,弱电解质的电离平衡与外界条件影响
CHEMISTRY,弱电解质的电离平衡,弱电解质的电离平衡概念
CHEMISTRY,弱电解质的电离平衡,弱电解质的电离平衡状态
CHEMISTRY,弱电解质的电离平衡,弱电解质部分电离
CHEMISTRY,弱电解质的电离平衡,强弱电解质的概念与判断角度
CHEMISTRY,弱电解质的电离平衡,影响电离平衡的内因与外因
CHEMISTRY,弱电解质的电离平衡,某课外兴趣小组欲探究温度对H2O2电离平衡
CHEMISTRY,弱电解质的电离平衡,电离平衡右移
CHEMISTRY,弱电解质的电离平衡,电离平衡的三个要点
CHEMISTRY,弱电解质的电离平衡,电离平衡的建立与六个特点
CHEMISTRY,强弱规律及其应用,氧化还原反应的强弱规律及其应用
CHEMISTRY,强弱规律及其应用,由强制弱的性质强弱规律
CHEMISTRY,强电解质与弱电解质,强电解质与弱电解质的判断
CHEMISTRY,强电解质与弱电解质,强电解质与弱电解质的判断偏差
CHEMISTRY,强电解质与弱电解质,强电解质与弱电解质的概念及比较
CHEMISTRY,强电解质与弱电解质,强电解质与弱电解质的比较
CHEMISTRY,强电解质与弱电解质,按元素周期表记忆强、弱电解质
CHEMISTRY,强电解质与弱电解质,电解质强弱与化学键的关系误区
CHEMISTRY,强电解质与弱电解质,电解质强弱判断的两个误区
CHEMISTRY,强电解质与弱电解质,盐酸与醋酸在水中电离情况的对比
CHEMISTRY,强酸与弱酸-强碱与弱碱稀释时的ph变化图像,一元强酸与一元弱酸的稀释图像辨析
CHEMISTRY,强酸与弱酸-强碱与弱碱稀释时的ph变化图像,常见强弱电解质按周期表的记忆法
CHEMISTRY,强酸与弱酸-强碱与弱碱稀释时的ph变化图像,强弱酸碱稀释时的pH变化规律
CHEMISTRY,强酸与弱酸-强碱与弱碱稀释时的ph变化图像,强碱滴定弱酸时中性点在计量点之前
CHEMISTRY,强酸与弱酸-强碱与弱碱稀释时的ph变化图像,强酸与弱酸的稀释规律（图像法）
CHEMISTRY,强酸与弱酸-强碱与弱碱稀释时的ph变化图像,强酸与弱酸稀释时的 pH 变化
CHEMISTRY,强酸与弱酸-强碱与弱碱稀释时的ph变化图像,酸碱溶液稀释时 pH 的变化规律
CHEMISTRY,强酸与弱酸-强碱与弱碱稀释时的ph变化图像,酸碱溶液稀释时pH的变化规律
CHEMISTRY,强酸与弱酸-强碱与弱碱稀释时的ph变化图像,酸碱稀释时的pH变化规律
CHEMISTRY,形成喷泉的原理,喷泉实验的原理与引发方法
CHEMISTRY,形成喷泉的原理,喷泉实验的原理与形成条件
CHEMISTRY,形成喷泉的原理,引发喷泉的几种方法
CHEMISTRY,影响分子溶解性的因素,分子溶解性的三条影响因素
CHEMISTRY,影响分子溶解性的因素,分子溶解性的判断顺序
CHEMISTRY,影响分子溶解性的因素,分子溶解性的四条影响因素
CHEMISTRY,影响分子溶解性的因素,分子的溶解性与相似相溶原理
CHEMISTRY,影响分子溶解性的因素,相似相溶与氢键对溶解度的影响
CHEMISTRY,影响分子溶解性的因素,相似相溶与物质溶解性的影响因素
CHEMISTRY,影响分子溶解性的因素,相似相溶规律与影响物质溶解性的因素
CHEMISTRY,影响分子溶解性的因素,相似相溶规律及溶解性影响因素
CHEMISTRY,影响化学反应速率的因素,Na与水反应时
CHEMISTRY,影响化学反应速率的因素,催化剂影响反应速率的实验探究
CHEMISTRY,影响化学反应速率的因素,决定反应速率的主要因素
CHEMISTRY,影响化学反应速率的因素,化学反应调控的目的与基本措施
CHEMISTRY,影响化学反应速率的因素,影响化学反应进行的因素分类
CHEMISTRY,影响化学反应速率的因素,影响化学反应速率的内因与外因
CHEMISTRY,影响化学反应速率的因素,影响化学反应速率的内部与外部因素
CHEMISTRY,影响化学反应速率的因素,影响原子半径的因素
CHEMISTRY,影响化学反应速率的因素,影响反应速率的主要因素（内因）
CHEMISTRY,影响化学反应速率的因素,影响反应速率的内因与外因总框架
CHEMISTRY,影响化学反应速率的因素,影响速率因素的几种特殊情况
CHEMISTRY,影响化学反应速率的因素,影响速率的因素体系与稀有气体的影响
CHEMISTRY,影响化学反应速率的因素,改变条件后速率变化的特殊结论
CHEMISTRY,影响化学反应速率的因素,有机物制备需考虑的因素
CHEMISTRY,影响化学反应速率的因素,浓度、压强等条件影响速率的理解要点
CHEMISTRY,影响化学反应速率的因素,浓度与压强对化学反应速率的影响
CHEMISTRY,影响化学反应速率的因素,浓度影响反应速率的实验探究
CHEMISTRY,影响化学反应速率的因素,温度、催化剂及其他因素对速率的影响
CHEMISTRY,影响化学反应速率的因素,温度与催化剂对化学反应速率的影响
CHEMISTRY,影响化学反应速率的因素,温度对正逆反应速率的影响
CHEMISTRY,影响化学反应速率的因素,温度影响反应速率的实验探究
CHEMISTRY,影响化学平衡的因素,其他条件对平衡转化率的影响
CHEMISTRY,影响化学平衡的因素,化学平衡移动的方向判断与浓度、压强因素
CHEMISTRY,影响化学平衡的因素,压强、稀释与温度对平衡影响的分析
CHEMISTRY,影响化学平衡的因素,压强对化学平衡的影响与惰性气体
CHEMISTRY,影响化学平衡的因素,压强改变对平衡影响的分类判断
CHEMISTRY,影响化学平衡的因素,压强改变能否使平衡移动的判断标准
CHEMISTRY,影响化学平衡的因素,固体、纯液体与惰性气体对平衡的影响
CHEMISTRY,影响化学平衡的因素,影响化学平衡的因素与三种特殊情况
CHEMISTRY,影响化学平衡的因素,影响化学平衡的因素与特殊情况分析
CHEMISTRY,影响化学平衡的因素,浓度与压强对平衡移动影响的特殊情况
CHEMISTRY,影响化学平衡的因素,浓度影响平衡的两个易错点
CHEMISTRY,影响化学平衡的因素,浓度改变引起平衡移动的实质与判断
CHEMISTRY,影响沉淀溶解平衡的因素,d→c
CHEMISTRY,影响沉淀溶解平衡的因素,升高温度
CHEMISTRY,影响沉淀溶解平衡的因素,影响沉淀溶解平衡的内因与外因
CHEMISTRY,影响沉淀溶解平衡的因素,影响沉淀溶解平衡的四类外界条件
CHEMISTRY,影响沉淀溶解平衡的因素,影响盐类水解平衡的因素
CHEMISTRY,影响沉淀溶解平衡的因素,沉淀溶解平衡及其影响因素
CHEMISTRY,影响沉淀溶解平衡的因素,沉淀溶解平衡图像中点的移动
CHEMISTRY,影响沉淀溶解平衡的因素,沉淀溶解平衡的影响因素
CHEMISTRY,影响沉淀溶解平衡的因素,沉淀溶解平衡的影响因素、转化与图像
CHEMISTRY,影响沉淀溶解平衡的因素,沉淀溶解平衡的概念、特征与影响因素
CHEMISTRY,影响沉淀溶解平衡的因素,沉淀溶解平衡移动中离子浓度关系曲线
CHEMISTRY,影响沉淀溶解平衡的因素,沉淀转化的难易、分步沉淀与分离提纯
CHEMISTRY,影响沉淀溶解平衡的因素,用“变量—响应”框架分析溶解平衡的移动
CHEMISTRY,影响沉淀溶解平衡的因素,用核心变量—作用逻辑—平衡响应分析沉淀溶解平衡
CHEMISTRY,影响沉淀溶解平衡的因素,给溶液加热
CHEMISTRY,微型工艺流程的过程评价,工艺流程过程评价的七个维度
CHEMISTRY,微粒半径大小比较,三看法快速判断简单微粒半径大小
CHEMISTRY,微粒半径大小比较,三看法比较微粒半径
CHEMISTRY,微粒半径大小比较,原子与离子半径的递变规律
CHEMISTRY,微粒半径大小比较,原子半径大小比较方法
CHEMISTRY,微粒半径大小比较,原子半径的三种定义与快速比较微粒半径的方法
CHEMISTRY,微粒半径大小比较,原子半径的三种定义与稀有气体半径的比较限制
CHEMISTRY,微粒半径大小比较,影响原子半径的因素与半径的周期性变化
CHEMISTRY,微粒半径大小比较,影响微粒半径大小的三个因素
CHEMISTRY,微粒半径大小比较,微粒半径大小比较的规律
CHEMISTRY,微粒半径大小比较,微粒半径大小比较规律
CHEMISTRY,微粒半径大小比较,微粒半径大小的比较方法
CHEMISTRY,微粒半径大小比较,微粒半径大小的比较规律
CHEMISTRY,微粒半径大小比较,微粒半径比较中的三个易错点
CHEMISTRY,微粒半径大小比较,微粒半径比较的三条基本规律
CHEMISTRY,微粒半径大小比较,微粒半径的影响因素与比较方法
CHEMISTRY,微粒半径大小比较,晶胞参数与微粒半径的关系
CHEMISTRY,微粒半径大小比较,比较微粒半径大小的三看法
CHEMISTRY,微粒半径大小比较,比较微粒半径的三看法
CHEMISTRY,微粒半径大小比较,离子半径大小比较方法
CHEMISTRY,微粒浓度的大小比较理论依据,微粒浓度大小比较的依据
CHEMISTRY,微粒浓度的大小比较理论依据,微粒浓度大小比较的理论依据
CHEMISTRY,微粒浓度的大小比较理论依据,微粒浓度大小比较的电离理论与水解理论
CHEMISTRY,微粒浓度的大小比较理论依据,电离理论与水解理论用于微粒浓度比较
CHEMISTRY,微粒浓度的大小比较理论依据,粒子浓度比较的两大理论依据
CHEMISTRY,忽视溶液中水的存在,在湿法炼锌的电解循环溶液中
CHEMISTRY,忽视溶液中水的存在,硫的存在转化与相似相溶解释
CHEMISTRY,忽视溶液中水的存在,碳酸钠滴入足量甲酸溶液中
CHEMISTRY,忽视溶液中水的存在,铜的存在与冶炼
CHEMISTRY,忽视物质溶于水时溶液体积的变化,O2、N2难溶于水
CHEMISTRY,忽视物质溶于水时溶液体积的变化,气体体积的测定既可通过测量气体排出的液体体积
CHEMISTRY,忽视物质溶于水时溶液体积的变化,溶于水
CHEMISTRY,忽视物质溶于水时溶液体积的变化,溶液体积与溶质变化的易错点
CHEMISTRY,忽视物质溶于水时溶液体积的变化,溶液等体积混合的质量分数变化规律
CHEMISTRY,忽视物质溶于水时溶液体积的变化,物质溶解、熔化时化学键的变化
CHEMISTRY,忽视物质溶于水时溶液体积的变化,电解时溶液pH的变化规律
CHEMISTRY,惰性气体对化学反应速率的影响,恒温恒压充入惰性气体对反应速率的影响
CHEMISTRY,惰性气体对化学反应速率的影响,恒温恒容充入惰性气体对反应速率的影响
CHEMISTRY,惰性电极电解的四种类型,NaCl、KCl(放H2生碱)
CHEMISTRY,惰性电极电解的四种类型,惰性电极电解电解质水溶液的四种类型
CHEMISTRY,惰性电极电解规律,惰性电极电解的四类规律
CHEMISTRY,惰性电极电解规律,电解质溶液复原的原则：少什么加什么、少多少加多少
CHEMISTRY,手性分子,手性合成与氨气极易溶于水的原因
CHEMISTRY,手性碳原子与手性分子,手性异构体、手性分子与手性碳原子
CHEMISTRY,手性碳原子与手性分子,手性碳原子数目的判断要点
CHEMISTRY,抑制-促进水电离平衡的方法,影响水电离平衡的因素
CHEMISTRY,拟卤素与卤素互化物,卤素互化物与拟卤素的概念
CHEMISTRY,拟卤素与卤素互化物,卤素互化物与拟卤素题的解题步骤
CHEMISTRY,拟卤素与卤素互化物,常见拟卤素的种类与氧化性顺序
CHEMISTRY,掌握周期表的结构及周期表中的一些特殊规律,元素周期表结构的记忆口诀
CHEMISTRY,掌握周期表的结构及周期表中的一些特殊规律,周期表纵列与族的对应关系及常见族别称
CHEMISTRY,掌握周期表的结构及周期表中的一些特殊规律,周期表结构与特殊规律
CHEMISTRY,掌握周期表的结构及周期表中的一些特殊规律,短周期元素的特殊结构与位置
CHEMISTRY,探究型实验的类型与程序,性质探究类实验的设计实例
CHEMISTRY,探究型实验的类型与程序,探究型实验的基本程序
CHEMISTRY,探究型实验的类型与程序,探究型实验的常见类型
CHEMISTRY,探究型综合实验,探究型实验的类别与答题要点
CHEMISTRY,探究性综合实验题的类型与特点,探究性综合实验题的考查方式与类型
CHEMISTRY,控制反应发生与停止的装置,控制反应发生与停止的装置原理
CHEMISTRY,控制变量法探究影响化学反应速率的因素,变量控制法测定速率并比较
CHEMISTRY,控制变量法探究影响化学反应速率的因素,实验探究的基本思路
CHEMISTRY,控制变量法探究影响化学反应速率的因素,实验探究速率影响因素的方法与思路
CHEMISTRY,控制变量法探究影响化学反应速率的因素,对照实验中的变量识别与试剂选择
CHEMISTRY,控制变量法探究影响化学反应速率的因素,探究外界条件影响的控制变量法
CHEMISTRY,控制变量法探究影响化学反应速率的因素,控制变量法探究影响反应速率的因素
CHEMISTRY,控制变量法探究影响化学反应速率的因素,控制变量法探究速率因素的解题策略
CHEMISTRY,控制变量法探究影响化学反应速率的因素,控制变量法探究速率影响因素
CHEMISTRY,控制变量法探究影响化学反应速率的因素,控制变量法探究速率影响因素的策略
CHEMISTRY,控制变量法探究影响化学反应速率的因素,控制变量法探究速率影响的策略
CHEMISTRY,控制变量法探究影响化学反应速率的因素,用变量控制思想探究影响反应速率的因素
CHEMISTRY,控制变量法探究影响化学反应速率的因素,用控制变量法探究影响速率的因素
CHEMISTRY,提高合成氨反应速率和平衡转化率的条件比较,合成氨条件选择中的矛盾与解决
CHEMISTRY,提高合成氨反应速率和平衡转化率的条件比较,平衡转化率的表达式与影响规律
CHEMISTRY,提高合成氨反应速率和平衡转化率的条件比较,抛物线型转化率曲线的分析
CHEMISTRY,提高合成氨反应速率和平衡转化率的条件比较,提高转化率的措施
CHEMISTRY,提高合成氨反应速率和平衡转化率的条件比较,物质制备实验的条件控制方式
CHEMISTRY,提高合成氨反应速率和平衡转化率的条件比较,由图像比较反应速率：时间越短速率越大
CHEMISTRY,摩尔质量的计算方法,n值的计算
CHEMISTRY,摩尔质量的计算方法,冰中氢键数目的计算
CHEMISTRY,摩尔质量的计算方法,差量法计算
CHEMISTRY,摩尔质量的计算方法,摩尔质量
CHEMISTRY,摩尔质量的计算方法,摩尔质量、相对分子质量、质量是三个不同的物理
CHEMISTRY,摩尔质量的计算方法,摩尔质量的三性
CHEMISTRY,摩尔质量的计算方法,摩尔质量的六种计算方法
CHEMISTRY,摩尔质量的计算方法,摩尔质量的概念、数值规律与计算关系
CHEMISTRY,摩尔质量的计算方法,摩尔质量的概念与三个特性
CHEMISTRY,摩尔质量的计算方法,摩尔质量的概念与数值关系
CHEMISTRY,摩尔质量的计算方法,摩尔质量的概念与数值规律
CHEMISTRY,摩尔质量的计算方法,摩尔质量的概念与计算
CHEMISTRY,摩尔质量的计算方法,摩尔质量相同的常见物质组合
CHEMISTRY,摩尔质量的计算方法,晶胞中微粒数的计算方法
CHEMISTRY,摩尔质量的计算方法,气体摩尔质量的五种求法
CHEMISTRY,摩尔质量的计算方法,混合物中微粒数目的计算技巧
CHEMISTRY,支气管扩张药物特布他林-h-的一种合成路线如下,碳骨架构建与官能团转化
CHEMISTRY,放热反应,吸放热反应与吸放热过程的区别
CHEMISTRY,斜向变化体现不同价态-不同类别之间物质的转化-主要体现物质的氧化性或还原性,Fe2+既有氧化性又有还原性
CHEMISTRY,斜向变化体现不同价态-不同类别之间物质的转化-主要体现物质的氧化性或还原性,不同价态铁及其化合物之间的转化
CHEMISTRY,斜向变化体现不同价态-不同类别之间物质的转化-主要体现物质的氧化性或还原性,元素化合价处于中间价态的物质既有氧化性
CHEMISTRY,斜向变化体现不同价态-不同类别之间物质的转化-主要体现物质的氧化性或还原性,找出各物质的起始量、转化量、某时刻量
CHEMISTRY,斜向变化体现不同价态-不同类别之间物质的转化-主要体现物质的氧化性或还原性,氧化性与还原性
CHEMISTRY,斜向变化体现不同价态-不同类别之间物质的转化-主要体现物质的氧化性或还原性,熟悉氨气还原性的“四大体现”
CHEMISTRY,斜向变化体现不同价态-不同类别之间物质的转化-主要体现物质的氧化性或还原性,用价态与类别两个维度认识铁及其化合物
CHEMISTRY,斜向变化体现不同价态-不同类别之间物质的转化-主要体现物质的氧化性或还原性,硫的氧化性与还原性表现
CHEMISTRY,斜向变化体现不同价态-不同类别之间物质的转化-主要体现物质的氧化性或还原性,还原性
CHEMISTRY,斜向变化体现不同价态-不同类别之间物质的转化-主要体现物质的氧化性或还原性,还原性气体保护法
CHEMISTRY,新型化学电源,四类不同功能的原电池
CHEMISTRY,新型化学电源,对上述电池放电时的捕获和转化过程开展了进一步
CHEMISTRY,新型化学电源,微生物电池
CHEMISTRY,新型化学电源,新型化学电池的分析模型与电极反应式书写的一般方法
CHEMISTRY,新型化学电源,新型化学电源的分析步骤
CHEMISTRY,新型化学电源,液流储能电池的充放电电极反应分析
CHEMISTRY,新型化学电源,液流电池的特点
CHEMISTRY,新型化学电源,突破新型电化学装置的四个步骤
CHEMISTRY,新型化学电源,锂电池、锂离子电池与浓差电池
CHEMISTRY,新型化学电源,锂离子电池与金属—空气电池
CHEMISTRY,新型无机非金属材料,新型无机非金属材料的分类与特性
CHEMISTRY,新型无机非金属材料,新型陶瓷的四种类别、性能与用途
CHEMISTRY,新型无机非金属材料,用途：在能源、信息、医药等领域有
CHEMISTRY,无机化合物制备实验的分析模型,无机化合物制备实验的两类分析模型
CHEMISTRY,无机非金属材料的分类与特点,无机非金属材料的分类与主要用途
CHEMISTRY,既能跟稀盐酸反应-又能跟氢氧化钠溶液反应的化合物是,银镜反应与新制氢氧化铜反应的操作要点
CHEMISTRY,明确有机物之间的转化关系-构建有机合成体系,典型有机物的转化关系及反应类型
CHEMISTRY,明确有机物之间的转化关系-构建有机合成体系,掌握典型有机物的性质及转化关系
CHEMISTRY,明确有机物之间的转化关系-构建有机合成体系,有机推断与合成综合题的考查角度与常考反应信息
CHEMISTRY,晶体,依据构成粒子与物质类别判断晶体类型
CHEMISTRY,晶体,依据熔点、导电性与硬度判断晶体类型
CHEMISTRY,晶体,导电、导热性
CHEMISTRY,晶体,晶体的结构特征与获得途径
CHEMISTRY,晶体,晶体类型与熔沸点规律
CHEMISTRY,晶体与非晶体,X射线衍射在结构测定中的作用
CHEMISTRY,晶体与非晶体,X射线衍射测定晶体结构的方法与流程
CHEMISTRY,晶体与非晶体,晶体、非晶体与晶胞
CHEMISTRY,晶体与非晶体,晶体与非晶体及获得晶体的途径
CHEMISTRY,晶体与非晶体,晶体与非晶体的几点理解
CHEMISTRY,晶体与非晶体,晶体与非晶体的区别与获得晶体的途径
CHEMISTRY,晶体与非晶体,晶体与非晶体的区别与获得途径
CHEMISTRY,晶体与非晶体,晶体与非晶体的区别与鉴别
CHEMISTRY,晶体与非晶体,晶体与非晶体的四点辨析
CHEMISTRY,晶体与非晶体,晶体与非晶体的鉴别方法
CHEMISTRY,晶体与非晶体,晶体与非晶体认识的易混易错点
CHEMISTRY,晶体与非晶体,晶体与非晶体辨析的四个易错点
CHEMISTRY,晶体与非晶体,晶态与非晶态SiO₂粉末衍射图谱的差异
CHEMISTRY,晶体与非晶体,由衍射图谱可获得的晶体结构信息
CHEMISTRY,晶体与非晶体,鉴别晶体与非晶体的四种方法
CHEMISTRY,晶体与非晶体,鉴别晶体与非晶体的方法
CHEMISTRY,晶体与非晶体,非晶体、等离子体与液晶的比较
CHEMISTRY,晶体熔-沸点比较的解题思维流程,不同类型晶体熔、沸点比较
CHEMISTRY,晶体熔-沸点比较的解题思维流程,同类型晶体熔沸点的比较判据
CHEMISTRY,晶体熔-沸点比较的解题思维流程,差量法的解题关键是找准研究对象
CHEMISTRY,晶体熔-沸点比较的解题思维流程,晶体熔沸点比较的两步模型
CHEMISTRY,晶体熔-沸点比较的解题思维流程,氢键数目越多分子晶体熔沸点越高
CHEMISTRY,晶体熔-沸点高低的比较方法,SiO2的熔点比CO2高
CHEMISTRY,晶体熔-沸点高低的比较方法,不同类型晶体熔沸点高低的一般规律
CHEMISTRY,晶体熔-沸点高低的比较方法,不同类型晶体熔沸点高低的比较思路
CHEMISTRY,晶体熔-沸点高低的比较方法,原子晶体熔沸点的比较：键长与键能
CHEMISTRY,晶体熔-沸点高低的比较方法,同类型晶体熔沸点高低的比较规律
CHEMISTRY,晶体熔-沸点高低的比较方法,四类晶体熔沸点比较的具体规律
CHEMISTRY,晶体熔-沸点高低的比较方法,四类晶体的构成微粒与熔沸点比较
CHEMISTRY,晶体熔-沸点高低的比较方法,晶体熔、沸点的比较方法
CHEMISTRY,晶体熔-沸点高低的比较方法,晶体熔沸点的比较
CHEMISTRY,晶体熔-沸点高低的比较方法,晶体熔沸点的比较方法
CHEMISTRY,晶体熔-沸点高低的比较方法,晶体熔沸点高低比较
CHEMISTRY,晶体熔-沸点高低的比较方法,晶体熔沸点高低的比较方法
CHEMISTRY,晶体熔-沸点高低的比较方法,熔沸点高低比较的分类模型
CHEMISTRY,晶体熔-沸点高低的比较方法,物质熔沸点高低的比较方法
CHEMISTRY,晶体熔-沸点高低的比较方法,离子晶体熔沸点的比较：电荷与半径
CHEMISTRY,晶体结构与性质的易错点,晶体结构与性质的易错辨析
CHEMISTRY,晶胞,分层看微粒的投影位置
CHEMISTRY,晶胞,分数坐标、原子间距与晶胞投影
CHEMISTRY,晶胞,分数坐标的向量平移法
CHEMISTRY,晶胞,原子分数坐标与空间向量法
CHEMISTRY,晶胞,原子分数坐标的三步确定
CHEMISTRY,晶胞,原子分数坐标的确定
CHEMISTRY,晶胞,原子间距的计算方法
CHEMISTRY,晶胞,晶体中微粒配位数的计算
CHEMISTRY,晶胞,晶体中的配位数
CHEMISTRY,晶胞,晶胞中微粒配位数与晶胞参数的计算
CHEMISTRY,晶胞,晶胞中的原子分数坐标与投影图
CHEMISTRY,晶胞,晶胞中粒子间最短距离的特殊关系法
CHEMISTRY,晶胞,晶胞中配位数的三种判断方法
CHEMISTRY,晶胞,晶胞体内粒子分数坐标的确定
CHEMISTRY,晶胞,晶胞参数
CHEMISTRY,晶胞,晶胞参数与常用几何公式
CHEMISTRY,晶胞,晶胞投影图分析
CHEMISTRY,晶胞,晶胞投影的三步与分组看投影位置
CHEMISTRY,晶胞,晶胞的基本计算公式
CHEMISTRY,晶胞,晶胞的概念、无隙并置与均摊法
CHEMISTRY,晶胞,晶胞的概念与均摊法
CHEMISTRY,晶胞,晶胞的概念与晶体中的配位数
CHEMISTRY,晶胞,晶胞的空间利用率
CHEMISTRY,晶胞,晶胞计算五大类型
CHEMISTRY,晶胞,晶胞计算的三种类型：密度、微粒距离与空间利用率
CHEMISTRY,晶胞,沿体对角线方向的投影与对比图示法
CHEMISTRY,晶胞,用截距法确定原子的分数坐标
CHEMISTRY,晶胞,由晶胞计算密度与晶胞参数
CHEMISTRY,晶胞,空间利用率与晶胞密度的关系
CHEMISTRY,晶胞,空间向量法计算晶胞内粒子间距
CHEMISTRY,晶胞,立方晶胞中微粒间距的常用关系
CHEMISTRY,晶胞,配位数、密度与微粒间距的计算
CHEMISTRY,晶胞参数与密度计算,晶胞参数与密度的计算方法
CHEMISTRY,晶胞参数与晶体密度的计算,晶胞参数与密度的计算
CHEMISTRY,晶胞参数与晶体密度的计算,晶胞计算中的长度单位换算
CHEMISTRY,晶胞参数与晶体密度的计算,晶胞计算的两类典型问题
CHEMISTRY,晶胞密度的计算,晶胞密度与晶胞参数的计算
CHEMISTRY,晶胞投影,分别用、表示H2PO和K+
CHEMISTRY,晶胞投影,晶胞投影图的确定
CHEMISTRY,晶胞组成的计算-均摊法,不同晶胞类型的均摊规则
CHEMISTRY,晶胞组成的计算-均摊法,典型晶体模型与晶胞组成
CHEMISTRY,晶胞组成的计算-均摊法,含空位晶胞与掺杂晶胞的分析
CHEMISTRY,晶胞组成的计算-均摊法,均摊法的原则、方法与配位数计算
CHEMISTRY,晶胞组成的计算-均摊法,均摊法确定晶胞粒子数与化学式
CHEMISTRY,晶胞组成的计算-均摊法,均摊法第二步与三类重复单元的占比
CHEMISTRY,晶胞组成的计算-均摊法,均摊法计算晶胞中微粒的数目
CHEMISTRY,晶胞组成的计算-均摊法,均摊法计算晶胞中的微粒数
CHEMISTRY,晶胞组成的计算-均摊法,均摊法计算晶胞中的微粒数目
CHEMISTRY,晶胞组成的计算-均摊法,均摊法计算晶胞组成
CHEMISTRY,晶胞组成的计算-均摊法,晶体密度的计算
CHEMISTRY,晶胞组成的计算-均摊法,晶胞与均摊法
CHEMISTRY,晶胞组成的计算-均摊法,晶胞与均摊法计算
CHEMISTRY,晶胞组成的计算-均摊法,晶胞中微粒数的切割法计算
CHEMISTRY,晶胞组成的计算-均摊法,晶胞密度的计算方法
CHEMISTRY,晶胞组成的计算-均摊法,晶胞的概念与均摊法计算
CHEMISTRY,晶胞组成的计算-均摊法,晶胞组成与配位数的计算方法
CHEMISTRY,晶胞组成的计算-均摊法,晶胞计算的考查方向与均摊法数数
CHEMISTRY,晶胞组成的计算-均摊法,用均摊法确定晶胞的化学式
CHEMISTRY,晶胞组成的计算-均摊法,非长方体晶胞的均摊比例
CHEMISTRY,有关fe2-fe3-的水解问题,Fe3+ 与 NaHCO3 溶液的双水解
CHEMISTRY,有关fe2-fe3-的水解问题,Fe3+ 的易水解及其应用
CHEMISTRY,有关fe2-fe3-的水解问题,SnCl₂ 的水解与用稀盐酸抑制水解
CHEMISTRY,有关fe2-fe3-的水解问题,氮气的制法、用途与氮化镁水解
CHEMISTRY,有关fe2-fe3-的水解问题,配制 FeCl₃ 溶液时用浓盐酸抑制水解
CHEMISTRY,有关fe2-fe3-的水解问题,镁在氮气中燃烧与氮化镁水解
CHEMISTRY,有关ksp的易错点,Ksp与溶解度的关系易错辨析
CHEMISTRY,有关ksp的易错点,Ksp相关易错点
CHEMISTRY,有关ksp的易错点,不同化学式型沉淀的浓度比不能直接用Ksp
CHEMISTRY,有关ksp的易错点,关于Ksp的五个易错点
CHEMISTRY,有关ksp的易错点,有关 Ksp 的易错点
CHEMISTRY,有关ph计算的一般思维模型,价态归中规律思维模型
CHEMISTRY,有关ph计算的一般思维模型,广义水解反应思维模型
CHEMISTRY,有关ph计算的一般思维模型,混合溶液pH的计算思维模型
CHEMISTRY,有关ph计算的一般思维模型,混合溶液pH计算的思维模型
CHEMISTRY,有关ph计算的一般思维模型,溶液pH计算的一般思维模型
CHEMISTRY,有关ph计算的一般思维模型,溶液pH计算的思维模型与pH测定
CHEMISTRY,有关ph计算的一般思维模型,溶液pH计算的总原则
CHEMISTRY,有关分子的性质的易混易错点,分子性质的易混易错点
CHEMISTRY,有关分子的溶解性-解答下列各题,溶解性
CHEMISTRY,有关分子的溶解性-解答下列各题,相似相溶原理
CHEMISTRY,有关化学平衡常数易混易错点,三段式计算的三个易错点
CHEMISTRY,有关化学平衡常数易混易错点,化学平衡常数易错点
CHEMISTRY,有关化学平衡常数易混易错点,平衡常数使用中的四个易混点
CHEMISTRY,有关化学平衡常数易混易错点,平衡常数的三个易错判断
CHEMISTRY,有关化学平衡常数易混易错点,平衡常数表达式书写的注意事项
CHEMISTRY,有关化学平衡常数易混易错点,平衡常数计算与使用中的易错点
CHEMISTRY,有关化学平衡常数易混易错点,由 Q 与 K 判断平衡移动方向的易错点
CHEMISTRY,有关化学键易错点,σ 键数目与 F—F 键能的两个反常
CHEMISTRY,有关化学键易错点,化学键与物质类别的易错辨析
CHEMISTRY,有关化学键易错点,化学键判断的三个易错结论
CHEMISTRY,有关化学键易错点,有关化学键的易错点
CHEMISTRY,有关合成高分子的易混易错点,产物特征
CHEMISTRY,有关合成高分子的易混易错点,从反应机理看加聚与缩聚反应的内因
CHEMISTRY,有关合成高分子的易混易错点,加聚与缩聚的区分
CHEMISTRY,有关合成高分子的易混易错点,加聚反应与缩聚反应的相同点
CHEMISTRY,有关合成高分子的易混易错点,合成高分子易错点补充：混合物、橡胶老化与聚氯乙烯
CHEMISTRY,有关合成高分子的易混易错点,合成高分子的性质与分类
CHEMISTRY,有关合成高分子的易混易错点,缩聚反应的四个特点
CHEMISTRY,有关物质的量浓度的计算,不饱和度的计算与应用
CHEMISTRY,有关物质的量浓度的计算,从定义式出发的换算法
CHEMISTRY,有关物质的量浓度的计算,反应自发进行温度的计算
CHEMISTRY,有关物质的量浓度的计算,密度1.84 g·mL-1、质量分数98%
CHEMISTRY,有关物质的量浓度的计算,有关物质的量浓度计算的四种类型
CHEMISTRY,有关物质的量浓度的计算,标准曲线法测微量组分的含量
CHEMISTRY,有关物质的量浓度的计算,正确判断溶液的溶质并计算其物质的量
CHEMISTRY,有关物质的量浓度的计算,气体溶于水
CHEMISTRY,有关物质的量浓度的计算,溶解度与物质的量浓度的换算
CHEMISTRY,有关物质的量浓度的计算,物质的量浓度与质量分数、溶解度的换算
CHEMISTRY,有关物质的量浓度的计算,物质的量浓度的三类计算
CHEMISTRY,有关物质的量浓度的计算,物质的量浓度的概念与计算
CHEMISTRY,有关物质的量浓度的计算,物质的量浓度的计算方法
CHEMISTRY,有关物质的量浓度的计算,物质的量浓度计算的两要素：定溶质、定体积
CHEMISTRY,有关物质的量浓度的计算,物质的量浓度计算的四个类型
CHEMISTRY,有关物质的量浓度的计算,物质的量浓度计算的基本类型与质量分数换算
CHEMISTRY,有关物质的量浓度的计算,物质的量浓度计算的易错点
CHEMISTRY,有关物质的量浓度的计算,物质的量用于方程式计算的七步法
CHEMISTRY,有关物质的量浓度的计算,由化学式推算离子浓度
CHEMISTRY,有关物质的量浓度的计算,盐酸浓度的测定
CHEMISTRY,有关物质的量浓度的计算,络合滴定的关系式与分取换算
CHEMISTRY,有关物质的量浓度的计算,质量分数、溶解度与物质的量浓度的换算
CHEMISTRY,有关物质的量浓度的计算,质量分数与物质的量浓度的换算
CHEMISTRY,有关电离常数计算的两种类型-以弱酸hx为例,Kp计算的两种模板
CHEMISTRY,有关电离常数计算的两种类型-以弱酸hx为例,用 pH 与电离度求弱酸的 Ka
CHEMISTRY,有关电离常数计算的两种类型-以弱酸hx为例,由浓度和pH计算电离常数
CHEMISTRY,有关电离常数计算的两种类型-以弱酸hx为例,由电离常数计算氢离子浓度
CHEMISTRY,有关电离常数计算的两种类型-以弱酸hx为例,电离常数的近似计算
CHEMISTRY,有关电离常数计算的两种类型-以弱酸hx为例,电离平衡常数的两类计算
CHEMISTRY,有关蛋白质的易混易错点,蛋白质易错点补充：元素组成、加酶洗涤剂与核糖
CHEMISTRY,有关蛋白质的易混易错点,蛋白质的盐析与变性
CHEMISTRY,有关蛋白质的易混易错点,蛋白质的盐析与变性辨析
CHEMISTRY,有关配合物的易混易错点,配合物中化学键数目与配位键强弱
CHEMISTRY,有关配合物的易混易错点,配合物内界共价键数目的判断
CHEMISTRY,有关配合物的易混易错点,配合物易混易错点
CHEMISTRY,有关配合物的易混易错点,配离子电荷、内外界电离与无外界配合物
CHEMISTRY,有关醛的定量计算,ΔH 单位中 mol-1 的含义
CHEMISTRY,有关醛的定量计算,由银镜与氢氧化铜的定量关系推官能团数目
CHEMISTRY,有关醛的定量计算,甲醛与氢氧化铜、银氨溶液的定量关系
CHEMISTRY,有关醛的定量计算,醛基的检验与定量关系
CHEMISTRY,有关醛的定量计算,醛基：(1)氧化反应：①与银氨溶
CHEMISTRY,有关醛的定量计算,醛的定量计算关系
CHEMISTRY,有关铁及其化合物的除杂,含铁废料制盐的先氧化后调 pH 除铁法
CHEMISTRY,有关铁及其化合物的除杂,用调pH法除去溶液中的铁离子
CHEMISTRY,有关铁及其化合物的除杂,铜盐溶液中铁的除去
CHEMISTRY,有关铁及其化合物的除杂,除去废水中的亚铁离子
CHEMISTRY,有关铁及其化合物的除杂,除去溶液中 Fe³⁺ 与 Fe²⁺ 的方法
CHEMISTRY,有多种同分异构体-同时满足下列条件的同分异构体有_____种-不考虑立体异构,同分异构体的类型与常见类别异构
CHEMISTRY,有多种同分异构体-同时满足下列条件的同分异构体有_____种-不考虑立体异构,复杂分子式的同分异构体全面推导
CHEMISTRY,有多种同分异构体-同时满足下列条件的同分异构体有_____种-不考虑立体异构,立体异构
CHEMISTRY,有效碰撞理论解释外因对化学反应速率的影响,有效碰撞
CHEMISTRY,有效碰撞理论解释外因对化学反应速率的影响,有效碰撞理论
CHEMISTRY,有效碰撞理论解释外因对化学反应速率的影响,有效碰撞理论与外因对速率的影响
CHEMISTRY,有效碰撞理论解释外因对化学反应速率的影响,有效碰撞理论与活化分子
CHEMISTRY,有效碰撞理论解释外因对化学反应速率的影响,有效碰撞理论与活化能
CHEMISTRY,有效碰撞理论解释外因对化学反应速率的影响,有效碰撞理论的基本概念
CHEMISTRY,有效碰撞理论解释外因对化学反应速率的影响,有效碰撞理论解释外因对速率的影响
CHEMISTRY,有效碰撞理论解释外因对化学反应速率的影响,有效碰撞理论解释外界条件的影响
CHEMISTRY,有效碰撞理论解释外因对化学反应速率的影响,活化分子、活化能与有效碰撞
CHEMISTRY,有效碰撞理论解释外因对化学反应速率的影响,用有效碰撞理论解释浓度与压强的影响
CHEMISTRY,有效碰撞理论解释外因对化学反应速率的影响,用有效碰撞理论解释温度与催化剂的影响
CHEMISTRY,有机制备实验的操作要点,有机制备实验的操作要点速记
CHEMISTRY,有机化合物中的共价键,σ键与π键的形成与稳定性
CHEMISTRY,有机化合物中的共价键,共价键极性对有机反应与羧酸酸性的影响
CHEMISTRY,有机化合物中的共价键,共价键的极性与有机反应的活性
CHEMISTRY,有机化合物中的共价键,常见元素形成的共价键数目
CHEMISTRY,有机化合物中的共价键,有机化合物中的共价键与空间结构
CHEMISTRY,有机化合物中的共价键,有机化合物中的共价键与键的极性
CHEMISTRY,有机化合物中的共价键,有机反应的两大特点
CHEMISTRY,有机化合物中的共价键,有机物中的σ键与π键
CHEMISTRY,有机化合物中的共价键,有机物中的共价键与碳的杂化
CHEMISTRY,有机化合物中的共价键,离子化合物与共价化合物
CHEMISTRY,有机化合物中的共价键,配合物内界中共价键数目的判断
CHEMISTRY,有机化合物中碳原子的成键特点,4个碳原子的链状烷烃有2种
CHEMISTRY,有机化合物中碳原子的成键特点,有机物分子中的三种碳原子
CHEMISTRY,有机化合物中碳原子的成键特点,碳原子的成键特点
CHEMISTRY,有机化合物中碳原子的成键特点,碳原子的结构特点与成键方式
CHEMISTRY,有机化合物制备实验的分析步骤,有机化合物制备实验的四步分析
CHEMISTRY,有机化合物的共面共线的判断,一定共面与可能共面的判别
CHEMISTRY,有机化合物的共面共线的判断,三个基本共线模型
CHEMISTRY,有机化合物的共面共线的判断,共线共面判断的思维模型
CHEMISTRY,有机化合物的共面共线的判断,共轭二烯烃碳原子的共平面判断
CHEMISTRY,有机化合物的共面共线的判断,共面共线判断中的限定词辨析
CHEMISTRY,有机化合物的共面共线的判断,共面共线判断的三步法与提醒
CHEMISTRY,有机化合物的共面共线的判断,共面共线判断的审题要点
CHEMISTRY,有机化合物的共面共线的判断,共面共线判断题的审题要点
CHEMISTRY,有机化合物的共面共线的判断,共面共线的判断方法
CHEMISTRY,有机化合物的共面共线的判断,共面共线题的单元拆分示范
CHEMISTRY,有机化合物的共面共线的判断,单键旋转与最多至少的判断
CHEMISTRY,有机化合物的共面共线的判断,单键旋转对共面判断的影响
CHEMISTRY,有机化合物的共面共线的判断,原子共线、共面的判断方法
CHEMISTRY,有机化合物的共面共线的判断,原子共线共面的分析方法
CHEMISTRY,有机化合物的共面共线的判断,原子共线共面的四种基本类型与键的旋转
CHEMISTRY,有机化合物的共面共线的判断,四个基本共面模型
CHEMISTRY,有机化合物的共面共线的判断,常见分子的共面共线特征速记
CHEMISTRY,有机化合物的共面共线的判断,有机化合物共面共线的判断模型
CHEMISTRY,有机化合物的共面共线的判断,有机物共线共面问题的分析方法
CHEMISTRY,有机化合物的共面共线的判断,有机物分子中原子共线共面的判断
CHEMISTRY,有机化合物的共面共线的判断,有机物分子共线共面判断三步法
CHEMISTRY,有机化合物的共面共线的判断,熟记基本模型
CHEMISTRY,有机化合物的共面共线的判断,由杂化方式判断能否共平面
CHEMISTRY,有机化合物的共面共线的判断,直线与平面连接
CHEMISTRY,有机化合物的共面共线的判断,纯净物与混合物的判断误区
CHEMISTRY,有机化合物的共面共线的判断,饱和碳原子与碳原子共面的关系
CHEMISTRY,有机化合物的空间结构,有机化合物的命名、结构简式的书写、有机化学方
CHEMISTRY,有机化合物的空间结构,有机物共面共线的四种基本模型
CHEMISTRY,有机化合物的空间结构,有机物空间结构的四种基本模型
CHEMISTRY,有机反应机理与断键规律,三类有机反应机理与反应条件
CHEMISTRY,有机合成,官能团的转化与合成路线的检验
CHEMISTRY,有机合成,有机合成中的碳骨架构建、官能团衍变与路线设计
CHEMISTRY,有机合成,格氏试剂与含活泼氢物质
CHEMISTRY,有机合成中官能团的保护,官能团保护的五种做法
CHEMISTRY,有机合成中官能团的保护,有机合成中氨基的保护与脱保护
CHEMISTRY,有机合成中碱性试剂的作用与选择,强碱与弱碱对酯基水解的选择性
CHEMISTRY,有机合成中碱性试剂的作用与选择,缚酸剂在有机合成反应中的作用
CHEMISTRY,有机合成中碳骨架的构建,减短碳链的氧化反应
CHEMISTRY,有机合成中碳骨架的构建,增长碳链的三类反应
CHEMISTRY,有机合成中碳骨架的构建,有机合成中开环的方法
CHEMISTRY,有机合成中碳骨架的构建,有机合成中成环的方法
CHEMISTRY,有机合成中碳骨架的构建,有机合成中的碳骨架构建
CHEMISTRY,有机合成中碳骨架的构建,有机合成中碳链增长与缩短的方法
CHEMISTRY,有机合成中碳骨架的构建,有机合成中碳链增长的常用方法
CHEMISTRY,有机合成中碳骨架的构建,有机合成中碳链增长的方法
CHEMISTRY,有机合成中碳骨架的构建,有机合成中碳链缩短的方法
CHEMISTRY,有机合成中碳骨架的构建,有机合成的主要任务：碳骨架构建与官能团转变
CHEMISTRY,有机合成中碳骨架的构建,构建碳骨架的成环反应
CHEMISTRY,有机合成中碳骨架的构建,碳链增长与碳链缩短的方法
CHEMISTRY,有机合成中碳骨架的构建,碳链缩短与成环的常用方法
CHEMISTRY,有机合成中碳骨架的构建,碳骨架的构建：增长、缩短与成环
CHEMISTRY,有机合成中碳骨架的构建,羟醛缩合反应增长碳链
CHEMISTRY,有机合成中碳骨架的构建,羧酸与异构化反应的信息反应
CHEMISTRY,有机合成中碳骨架的构建,苯、卤代烃与硝基化合物的信息反应
CHEMISTRY,有机合成路线的推断方法,合成路线中未知物质推断三步
CHEMISTRY,有机合成路线的推断方法,合成路线中未知物质推断模型
CHEMISTRY,有机合成路线的推断方法,巧用信息反应设计合成路线
CHEMISTRY,有机合成路线的推断方法,抗氧化剂
CHEMISTRY,有机合成路线的推断方法,有机合成的原则与三种分析方法
CHEMISTRY,有机合成路线的推断方法,有机合成路线的设计方法
CHEMISTRY,有机合成路线的推断方法,有机推断的三种基本方法
CHEMISTRY,有机合成路线的推断方法,有机推断的突破口
CHEMISTRY,有机合成路线的推断方法,氮化硅可用作高温结构陶瓷复合材料
CHEMISTRY,有机合成路线的推断方法,用官能团位置对应反推原料碳骨架
CHEMISTRY,有机合成路线的推断方法,由产物结构结合反应条件逆推中间体
CHEMISTRY,有机合成路线的推断方法,逆合成分析法与合成路线设计原则
CHEMISTRY,有机合成路线的推断方法,顺推法的适用情形
CHEMISTRY,有机合成路线的推断方法,高聚物单体的推断方法
CHEMISTRY,有机物分子分子式的确定,分子式
CHEMISTRY,有机物分子分子式的确定,化学方程式法
CHEMISTRY,有机物分子分子式的确定,最简式
CHEMISTRY,有机物分子分子式的确定,有机物分子式与结构式的确定
CHEMISTRY,有机物分子分子式的确定,有机物分子式与结构式的确定流程
CHEMISTRY,有机物分子分子式的确定,有机物分子式的确定方法
CHEMISTRY,有机物分子分子式的确定,波谱分析法确定有机物的结构
CHEMISTRY,有机物分子分子式的确定,由元素分析与质谱确定分子式
CHEMISTRY,有机物分子分子式的确定,直接法与实验式法确定分子式
CHEMISTRY,有机物分子分子式的确定,相对分子质量相同的几组有机物
CHEMISTRY,有机物分子分子式的确定,确定有机物中含有哪些元素
CHEMISTRY,有机物分子分子式的确定,确定有机物分子式与结构式的两大方法
CHEMISTRY,有机物分子式和结构确定易混易错点,有机物结构测定易错点
CHEMISTRY,有机物分子式和结构确定易混易错点,由结构式确定分子式的甲基计数易错点
CHEMISTRY,有机物分子结构的确定,分子结构与晶体结构的测定方法
CHEMISTRY,有机物分子结构的确定,核磁共振氢谱峰面积比与结构特征
CHEMISTRY,有机物分子结构的确定,核磁共振氢谱峰面积的应用
CHEMISTRY,有机物分子结构的确定,联用核磁氢谱与红外光谱推断有机物结构
CHEMISTRY,有机物分子结构的鉴定方法,分子结构鉴定的化学法与物理法
CHEMISTRY,有机物分类易混易错点,官能团书写与类别归属的易错点
CHEMISTRY,有机物分类易混易错点,有机化合物分类的易混点
CHEMISTRY,有机物分类易混易错点,有机物分类易混点的补充辨析
CHEMISTRY,有机物制备实验的常用操作与仪器,停止加热
CHEMISTRY,有机物制备实验的常用操作与仪器,冷凝回流防止产物或原料挥发损失
CHEMISTRY,有机物制备实验的常用操作与仪器,有机制备中的加热、蒸馏与冷凝回流操作
CHEMISTRY,有机物制备实验的常用操作与仪器,有机制备实验中提高产率的基本思路
CHEMISTRY,有机物制备实验的常用操作与仪器,球形冷凝管与沸石的使用要点
CHEMISTRY,有机物制备实验的思路与操作要点,有机制备实验的安全操作与解题建模
CHEMISTRY,有机物制备实验的思路与操作要点,有机制备实验的常考问题与操作要点
CHEMISTRY,有机物制备实验的思路与操作要点,有机物制备实验的五步思路
CHEMISTRY,有机物制备实验的要点,有机物制备实验的三个注意要点
CHEMISTRY,有机物制备实验的要点,酯化反应实验的试剂加入顺序与浓硫酸的作用
CHEMISTRY,有机物制备实验题的分析模型,有机制备实验的分离段与检验段
CHEMISTRY,有机物制备实验题的分析模型,有机制备实验的反应段分析
CHEMISTRY,有机物制备实验题的分析模型,有机制备实验题的原料与途径分析
CHEMISTRY,有机物制备的基本操作,有机物制备的基本操作与提纯流程
CHEMISTRY,有机物制备的装置设计与除杂,制备实验的温度控制与操作细节
CHEMISTRY,有机物制备的装置设计与除杂,有机物制备装置的设计与除杂
CHEMISTRY,有机物命名易错点,命名中的四类高频错误
CHEMISTRY,有机物命名易错点,有机化合物系统命名的常见错误
CHEMISTRY,有机物命名易错点,有机物命名的易错点
CHEMISTRY,有机物命名易错点,有机物系统命名的常见错误
CHEMISTRY,有机物命名易错点,有机物系统命名的规范与常见错误
CHEMISTRY,有机物的分离和提纯,有机物制备中的分离提纯要点
CHEMISTRY,有机物的分离和提纯,有机物提纯的一般思路
CHEMISTRY,有机物的分离和提纯,有机物的分离与提纯方法
CHEMISTRY,有机物的分离和提纯,有机粗产品的分离提纯序列
CHEMISTRY,有机物的分类和官能团的识别,典型官能团的判断方法
CHEMISTRY,有机物的分类和官能团的识别,官能团书写与有机物分类的易错点
CHEMISTRY,有机物的分类和官能团的识别,官能团判类的四个陷阱
CHEMISTRY,有机物的分类和官能团的识别,官能团识别与分类的四个易错点
CHEMISTRY,有机物的分类和官能团的识别,按元素组成与碳骨架给有机物分类
CHEMISTRY,有机物的分类和官能团的识别,有机化合物的分类方法
CHEMISTRY,有机物的分类和官能团的识别,有机物分类的四个误区
CHEMISTRY,有机物的制备实验,三段式拆分有机物制备实验流程
CHEMISTRY,有机物的结构特点,过氧化物的结构特点与性质
CHEMISTRY,有机物结构的表示方法,有机物结构的三种表示方法
CHEMISTRY,有机物结构的表示方法,结构式
CHEMISTRY,有机物结构的表示方法,结构式与结构简式的区别及价键规则
CHEMISTRY,有机结构分析方法的对比与选用,有机结构分析方法的速记与选用
CHEMISTRY,本实验中加入试剂的顺序是什么-按照其他顺序加入试剂能否达到同样的目的,更换仪器b向仪器a中加入双氧水
CHEMISTRY,本实验中加入试剂的顺序是什么-按照其他顺序加入试剂能否达到同样的目的,液体与固体试剂的保存瓶选择
CHEMISTRY,本实验中加入试剂的顺序是什么-按照其他顺序加入试剂能否达到同样的目的,特殊试剂的存放要点
CHEMISTRY,本实验中加入试剂的顺序是什么-按照其他顺序加入试剂能否达到同样的目的,调节 pH 所用试剂的选择原则
CHEMISTRY,杂化轨道,sp2与sp杂化的特点及π键的形成
CHEMISTRY,杂化轨道,杂化轨道理论及类型判断
CHEMISTRY,杂化轨道,甲烷中碳原子的sp3杂化
CHEMISTRY,杂化轨道理论,杂化轨道理论与杂化类型判断
CHEMISTRY,杂化轨道理论,杂化轨道理论与杂化类型的判断
CHEMISTRY,杂化轨道理论,杂化轨道理论的要点
CHEMISTRY,杂化轨道理论,杂化轨道理论的要点与判断
CHEMISTRY,杂化轨道理论,杂化轨道理论要点与sp3杂化
CHEMISTRY,杂化轨道理论,杂化轨道理论要点与杂化轨道数计算
CHEMISTRY,李比希定量分析法,李比希定量分析与最简式的确定
CHEMISTRY,极端假设法确定各物质浓度范围,极端假设法确定各物质的浓度范围
CHEMISTRY,构造原理,构造原理与核外电子排布的三个规律
CHEMISTRY,构造原理,构造原理与能级交错
CHEMISTRY,构造原理,构造原理的两点注意与能级交错的含义
CHEMISTRY,构造原理,构造原理的含义与示意图要点
CHEMISTRY,构造原理,核外电子排布三原理与构造原理
CHEMISTRY,构造原理,电子填入能级的顺序与能级交错
CHEMISTRY,构造原理,过渡元素电子排布式的书写与失电子顺序
CHEMISTRY,某小组同学设计实验实现几种价态硫元素的转化,微型实验设计的原则与基本要求
CHEMISTRY,某温度下-在一恒容密闭容器中进行如下两个反应并达到平衡,反应容器中用玻璃管和大气相通
CHEMISTRY,某温度下-在一恒容密闭容器中进行如下两个反应并达到平衡,恒容密闭容器中按不同进料比充入和其
CHEMISTRY,某温度下-在一恒容密闭容器中进行如下两个反应并达到平衡,构建恒温恒容平衡思维模式
CHEMISTRY,查阅资料-了解工业生产中提高电镀质量的方法,电镀接反电极的后果与提高电镀质量的方法
CHEMISTRY,核反应方程的质量数守恒与电荷数守恒,核反应与核反应中的守恒
CHEMISTRY,核反应方程的质量数守恒与电荷数守恒,核反应方程的两条守恒规律
CHEMISTRY,核反应方程的质量数守恒与电荷数守恒,由核反应式推断元素的模型
CHEMISTRY,核外电子运动状态,核外电子的运动特征
CHEMISTRY,核外电子运动状态,核外电子运动状态与排布原理总览
CHEMISTRY,核外电子运动状态,电子云、原子轨道与轨道能量
CHEMISTRY,核外电子运动状态,电子云、能层与原子轨道
CHEMISTRY,核外电子运动状态,电子云与能层、能级、原子轨道
CHEMISTRY,核外电子运动状态,电子层、能级与原子轨道
CHEMISTRY,核外电子运动状态,电子的运动特征与原子轨道
CHEMISTRY,核外电子运动状态和电子排布易错点,原子实、Fe 的失电子顺序与电子云小点的含义
CHEMISTRY,核外电子运动状态和电子排布易错点,基态激发态、洪特规则与未成对电子数的判断
CHEMISTRY,核外电子运动状态和电子排布易错点,核外电子运动状态与排布
CHEMISTRY,核外电子运动状态和电子排布易错点,电子排布式与轨道表示式的书写易错点
CHEMISTRY,核外电子运动状态和电子排布易错点,电子排布式书写的六个易错点
CHEMISTRY,核外电子运动状态和电子排布易错点,第四周期元素的未成对电子数与价层电子排布
CHEMISTRY,核外电子运动状态和电子排布易错点,简化电子排布式与电子运动状态的易错点
CHEMISTRY,核外电子运动状态和电子排布易错点,轨道表示式的四类典型错误
CHEMISTRY,核外电子运动状态的表示和判断,泡利原理、洪特规则与轨道表示式
CHEMISTRY,核外电子运动状态的表示和判断,电子的空间运动状态与运动状态
CHEMISTRY,核外电子运动状态的表示和判断,电子的运动状态与空间运动状态
CHEMISTRY,核外电子运动状态的表示和判断,电子运动状态与空间运动状态的数目
CHEMISTRY,核外电子运动状态的表示和判断,空间运动状态与运动状态的计数
CHEMISTRY,核外电子运动状态的表示和判断,轨道表示式中的常见概念
CHEMISTRY,核磁共振氢谱,核磁共振氢谱的原理与谱图判读
CHEMISTRY,核素,元素、核素与同位素的概念及同位素的特点
CHEMISTRY,核素,原子构成与元素核素同位素
CHEMISTRY,核素,同位素的六同三不同
CHEMISTRY,核素,核素之间数量关系与转化的易错点
CHEMISTRY,核素,碳-14 断代法的原理
CHEMISTRY,核素,质量数的概念
CHEMISTRY,核素的相对原子质量与元素的相对原子质量,核素与元素的相对原子质量
CHEMISTRY,核酸,核酸的组成与 DNA、RNA
CHEMISTRY,核酸的结构与性质,核酸的生物功能
CHEMISTRY,根据分子-离子-结构推断元素,依据成键特征与结构式推断元素
CHEMISTRY,根据分子-离子-结构推断元素,依据成键特征和结构式推断元素
CHEMISTRY,根据分子-离子-结构推断元素,分子结构式型元素推断的通法
CHEMISTRY,根据分子-离子-结构推断元素,多核离子结构中“多余电子”的归属
CHEMISTRY,根据分子-离子-结构推断元素,常考元素特殊电子层结构推断题眼
CHEMISTRY,根据分子-离子-结构推断元素,由结构式中成键数目推断元素的方法
CHEMISTRY,根据分子-离子-结构推断元素,由结构式推断元素的成键数目规律
CHEMISTRY,根据分子-离子-结构推断元素,陌生结构中阴离子电荷的归属判断
CHEMISTRY,根据化学方程式计算的步骤,根据化学方程式进行计算的七步法
CHEMISTRY,根据反应事实判断性质的强弱,根据反应事实判断性质强弱
CHEMISTRY,根据影响因素判断氧化性-还原性强弱的方法,影响氧化性、还原性强弱的其他因素
CHEMISTRY,根据影响因素判断氧化性-还原性强弱的方法,影响氧化性、还原性强弱的因素
CHEMISTRY,根据影响因素判断氧化性-还原性强弱的方法,影响氧化性还原性强弱的因素
CHEMISTRY,根据影响因素判断氧化性-还原性强弱的方法,影响离子键强弱的因素与常见特例
CHEMISTRY,根据影响因素判断氧化性-还原性强弱的方法,氧化性、还原性强弱的判断方法
CHEMISTRY,根据影响因素判断氧化性-还原性强弱的方法,氧化性还原性强弱的辨析要点
CHEMISTRY,根据影响因素判断氧化性-还原性强弱的方法,浓度对氧化性、还原性强弱的影响
CHEMISTRY,根据影响因素判断氧化性-还原性强弱的方法,用两池与三度判断强弱
CHEMISTRY,根据影响因素判断氧化性-还原性强弱的方法,由反应进行的难易程度比较氧化性、还原性强弱
CHEMISTRY,根据影响因素判断氧化性-还原性强弱的方法,酸碱性对氧化性、还原性强弱的影响
CHEMISTRY,根据性质确定官能团的位置,由反应产物定位官能团
CHEMISTRY,根据文字描述信息推断元素,依据物质性质与转化关系推断元素
CHEMISTRY,根据文字描述信息推断元素,依据物质性质和特征反应推断元素
CHEMISTRY,根据文字描述信息推断元素,元素位—构—性推断题的常考角度与分析依据
CHEMISTRY,根据文字描述信息推断元素,元素推断的三步思维模型
CHEMISTRY,根据文字描述信息推断元素,元素推断的突破口清单
CHEMISTRY,根据文字描述信息推断元素,元素推断题的解题模型
CHEMISTRY,根据文字描述信息推断元素,周期表、周期律与特性推断的突破口
CHEMISTRY,根据文字描述信息推断元素,常见元素及其化合物的特性清单
CHEMISTRY,根据文字描述信息推断元素,文字叙述型元素推断：先锁定特征物质再串条件
CHEMISTRY,根据文字描述信息推断元素,根据上述信息
CHEMISTRY,根据文字描述信息推断元素,由成键数目推断元素
CHEMISTRY,根据文字描述信息推断元素,短周期元素推断的突破口
CHEMISTRY,根据有机反应中定量关系推断官能团的数目,增加官能团数目与改变官能团位置的方法
CHEMISTRY,根据有机反应中定量关系推断官能团的数目,有机推断的三种方法与官能团确定的特征反应
CHEMISTRY,根据有机反应中定量关系推断官能团的数目,由反应数据确定官能团的数目
CHEMISTRY,根据有机反应中定量关系推断官能团的数目,由反应的定量关系确定官能团数目
CHEMISTRY,根据有机反应中定量关系推断官能团的数目,由定量关系推断官能团的数目
CHEMISTRY,根据有机反应中定量关系推断官能团的数目,由定量关系确定官能团数目
CHEMISTRY,根据有机反应中定量关系推断官能团的数目,由定量关系确定官能团的数目
CHEMISTRY,根据有机反应中定量关系推断官能团的数目,由相对分子质量变化推断官能团数目
CHEMISTRY,根据有机反应中定量关系推断官能团的数目,羟基活泼性比较与官能团数目推断
CHEMISTRY,根据有机反应中定量关系推断官能团的数目,羧基和酯基不消耗氢气
CHEMISTRY,根据有机反应中定量关系推断官能团的数目,能与氢气反应的结构及用量
CHEMISTRY,根据有机反应中定量关系推断官能团的数目,能与溴反应的结构及用量
CHEMISTRY,根据有机反应中定量关系推断官能团的数目,苯环上卤素原子水解的耗碱量
CHEMISTRY,根据试剂或特征现象推知官能团的种类,常用试剂能反应的官能团范围
CHEMISTRY,根据试剂或特征现象推知官能团的种类,常见有机物的检验试剂与特征现象
CHEMISTRY,根据试剂或特征现象推知官能团的种类,有机推断的题眼与官能团性质辨析
CHEMISTRY,根据试剂或特征现象推知官能团的种类,由化学性质反推官能团的限定条件
CHEMISTRY,根据试剂或特征现象推知官能团的种类,由反应条件、试剂或特征现象推断官能团
CHEMISTRY,根据试剂或特征现象推知官能团的种类,由特征现象与试剂推断官能团种类
CHEMISTRY,根据试剂或特征现象推知官能团的种类,由特征现象推断官能团
CHEMISTRY,根据试剂或特征现象推知官能团的种类,由特征现象推断官能团的种类
CHEMISTRY,根据试剂或特征现象推知官能团的种类,由特征试剂判断官能团种类
CHEMISTRY,根据试剂或特征现象推知官能团的种类,羧基的检验与防止试剂过量
CHEMISTRY,根据题给信息写出对应的方程式,依据题给信息书写方程式
CHEMISTRY,根据题给信息写出对应的方程式,非氧化还原陌生方程式的书写方法
CHEMISTRY,检验so2和co2同时存在的一般流程,实验探究的一般流程
CHEMISTRY,检验so2和co2同时存在的一般流程,有时为简化装置
CHEMISTRY,检验so2和co2同时存在的一般流程,检验SO2和CO2同时存在的流程
CHEMISTRY,检验so2和co2同时存在的一般流程,选用试剂
CHEMISTRY,横向变化体现了同价态不同的类别-氧化物-碱-盐-物质之间的转化,从物质类别和物质所含核心元素的化合价两个角度
CHEMISTRY,横向变化体现了同价态不同的类别-氧化物-碱-盐-物质之间的转化,价态硫元素之间的转化也是物质推断的重要突破点
CHEMISTRY,横向变化体现了同价态不同的类别-氧化物-碱-盐-物质之间的转化,同价态含铁化合物之间的转化
CHEMISTRY,横向变化体现了同价态不同的类别-氧化物-碱-盐-物质之间的转化,铁 “价态-类别” 二维图的三个转化维度
CHEMISTRY,次氯酸和次氯酸盐,84消毒液与亚氯酸钠
CHEMISTRY,次氯酸和次氯酸盐,84消毒液与洁厕灵不能混用的归中反应原理
CHEMISTRY,次氯酸和次氯酸盐,HClO、NaClO与漂白粉的性质及漂白原理
CHEMISTRY,次氯酸和次氯酸盐,次氯酸、漂白液与漂白粉
CHEMISTRY,次氯酸和次氯酸盐,次氯酸与次氯酸盐的性质
CHEMISTRY,次氯酸和次氯酸盐,次氯酸与漂白粉的性质及漂白原理
CHEMISTRY,次氯酸和次氯酸盐,次氯酸的不稳定性、强氧化性与弱酸性
CHEMISTRY,次氯酸和次氯酸盐,次氯酸的性质与漂白原理
CHEMISTRY,次氯酸和次氯酸盐,次氯酸的性质与漂白液的制备
CHEMISTRY,次氯酸和次氯酸盐,氯气与水的反应及次氯酸的性质
CHEMISTRY,次氯酸和次氯酸盐,氯的含氧酸与次氯酸的性质
CHEMISTRY,次氯酸和次氯酸盐,氯的含氧酸的种类与性质递变
CHEMISTRY,气体体积的测定,气体体积的测定与读数注意
CHEMISTRY,气体体积的测定方法,气体体积的测定方法与读数规范
CHEMISTRY,气体制备,CO 与 CO2 混合气体的除杂方法
CHEMISTRY,气体制备,CO2、H2、H2S的实验室制备要点
CHEMISTRY,气体制备,HF与HCl的制备原理
CHEMISTRY,气体制备,NO2、NO、HCl与CO的实验室制备要点
CHEMISTRY,气体制备,三类气体发生装置及适用气体
CHEMISTRY,气体制备,制备实验中收集装置与尾气处理的选择
CHEMISTRY,气体制备,制备实验中的排气、流速控制与压送液体
CHEMISTRY,气体制备,制备实验中的温度控制
CHEMISTRY,气体制备,制备实验中的特殊装置与冷凝回流
CHEMISTRY,气体制备,制备无水HBr的装置与操作顺序
CHEMISTRY,气体制备,制气装置的选择与气体的干燥、收集
CHEMISTRY,气体制备,固体+液体
CHEMISTRY,气体制备,多种尾气吸收装置的连接顺序
CHEMISTRY,气体制备,实验操作的三类顺序：操作顺序、加热顺序、连接顺序
CHEMISTRY,气体制备,实验结束时先停止加热后停止通气
CHEMISTRY,气体制备,尾气处理与防倒吸装置
CHEMISTRY,气体制备,尾气处理方法与防倒吸装置
CHEMISTRY,气体制备,尾气处理的方法与装置选择
CHEMISTRY,气体制备,常见干燥剂及其适用范围
CHEMISTRY,气体制备,常见气体典型制备装置举例
CHEMISTRY,气体制备,常见气体的发生装置类型与选择
CHEMISTRY,气体制备,常见试剂
CHEMISTRY,气体制备,排出装置内空气的方法与气体流速控制
CHEMISTRY,气体制备,排水法
CHEMISTRY,气体制备,排空气法
CHEMISTRY,气体制备,控制气体的流速及用量
CHEMISTRY,气体制备,改进的目
CHEMISTRY,气体制备,无机气体制备实验的装置搭建与操作顺序
CHEMISTRY,气体制备,易溶于水的气体杂质可用水吸收
CHEMISTRY,气体制备,有气体制备实验的六段装置模型
CHEMISTRY,气体制备,有气体参与的制备实验的操作顺序与要求
CHEMISTRY,气体制备,极易水解物质的制备与保护措施
CHEMISTRY,气体制备,气体净化与干燥的先后顺序
CHEMISTRY,气体制备,气体净化与干燥试剂的选择
CHEMISTRY,气体制备,气体净化（除杂）的原则与试剂选择
CHEMISTRY,气体制备,气体制备实验中的条件控制
CHEMISTRY,气体制备,气体制备实验的基本思路与装置分类
CHEMISTRY,气体制备,气体制备实验的装置搭建与操作顺序
CHEMISTRY,气体制备,气体制备的发生装置与除杂
CHEMISTRY,气体制备,气体制备的基本思路与发生装置分类
CHEMISTRY,气体制备,气体制备的思维模型
CHEMISTRY,气体制备,气体制备的试剂选择与仪器装配原则
CHEMISTRY,气体制备,气体制备装置判断题的“四查四判”
CHEMISTRY,气体制备,气体制备装置的改进与创新
CHEMISTRY,气体制备,气体发生装置的选择与三类装置
CHEMISTRY,气体制备,气体的净化
CHEMISTRY,气体制备,气体的净化、干燥与收集方法
CHEMISTRY,气体制备,气体的净化与吸收剂的选择
CHEMISTRY,气体制备,气体的净化与干燥
CHEMISTRY,气体制备,气体的净化与干燥原理
CHEMISTRY,气体制备,气体的干燥净化与收集方法选择
CHEMISTRY,气体制备,气体的干燥装置与干燥剂选择
CHEMISTRY,气体制备,气体的收集与尾气处理
CHEMISTRY,气体制备,气体的收集方法与尾气处理
CHEMISTRY,气体制备,气体的除杂、收集与尾气处理
CHEMISTRY,气体制备,气体除杂与干燥的顺序及干燥剂限制
CHEMISTRY,气体制备,物质制备的一般流程与考查点
CHEMISTRY,气体制备,装置形成封闭体系→操作
CHEMISTRY,气体制备,装置选用的三步法（微型实验）
CHEMISTRY,气体制备,重要气体的发生装置
CHEMISTRY,气体制备,除杂与干燥的顺序及干燥剂的限制
CHEMISTRY,气体摩尔体积,22.4 L/mol的适用条件
CHEMISTRY,气体摩尔体积,应用气体摩尔体积的“四大误区”
CHEMISTRY,气体摩尔体积,影响物质体积大小的因素
CHEMISTRY,气体摩尔体积,影响物质体积的因素与气体摩尔体积
CHEMISTRY,气体摩尔体积,气体体积法
CHEMISTRY,气体摩尔体积,气体摩尔体积 22.4 L/mol 的适用条件
CHEMISTRY,气体摩尔体积,气体摩尔体积及 22.4 L/mol 的适用条件
CHEMISTRY,气体摩尔体积,气体摩尔体积及其影响因素
CHEMISTRY,气体摩尔体积,气体摩尔体积及其适用条件
CHEMISTRY,气体摩尔体积,气体摩尔体积的定义与数值
CHEMISTRY,气体摩尔体积,气体摩尔体积的影响因素与适用范围
CHEMISTRY,气体摩尔体积,气体摩尔体积的概念与适用条件
CHEMISTRY,气体泄漏的检验与白烟白雾辨析,输送HCl、Cl2管道的检漏方法
CHEMISTRY,气体溶于水后溶液浓度的计算,气体溶于水后溶液物质的量浓度的计算
CHEMISTRY,氢化钠-nah-广泛应用于工业生产,氢化钠的化合价与还原性
CHEMISTRY,氢氧化钠的性质与制取,氢氧化钠的性质、制取与用途
CHEMISTRY,氢氧化钠的性质与应用,氢氧化钠的性质、制取与应用
CHEMISTRY,氢氧化铜,Cu(OH)2受热分解为CuO和水
CHEMISTRY,氢氧化铜,氢氧化铜检验醛基与李比希法测碳氢
CHEMISTRY,氢氧化铜,氢氧化铜的性质
CHEMISTRY,氢氧化铜,氢氧化铜的性质与应用
CHEMISTRY,氢氧化铜,氢氧化铜的性质与检验醛基
CHEMISTRY,氢氧化铜,氢氧化铜的性质与醛基检验
CHEMISTRY,氢氧化铜,用新制氢氧化铜检验醛基
CHEMISTRY,氢氧化铝沉淀图像分析,氢氧化铝沉淀图像的分析方法
CHEMISTRY,氢氧化铝沉淀的图像与计算,氢氧化铝沉淀图像分析与计算
CHEMISTRY,氢氧化铝沉淀量的计算,氢氧化铝沉淀量的定量计算
CHEMISTRY,氢氧化铝的制备方法,利用双水解与相互促进反应制备氢氧化铝
CHEMISTRY,氢氧化铝的制备方法,氢氧化铝的三种制备方法
CHEMISTRY,氢氧化铝的性质与制备,两性氢氧化物的概念与氢氧化铝的两性表现
CHEMISTRY,氢氧化铝的性质与制备,制备氢氧化铝的最佳途径选择
CHEMISTRY,氢氧化铝的性质与制备,某高温还原法制备新型陶瓷氮化铝
CHEMISTRY,氢氧化铝的性质与制备,氢氧化铝的两性
CHEMISTRY,氢氧化铝的性质与制备,氢氧化铝的两性与三种制备方法
CHEMISTRY,氢氧化铝的性质与制备,氢氧化铝的两性与受热分解
CHEMISTRY,氢氧化铝的性质与制备,氢氧化铝的两性与用途
CHEMISTRY,氢氧化铝的性质与制备,氢氧化铝的性质
CHEMISTRY,氢氧化铝的性质与制备,氢氧化铝的性质、用途与制备
CHEMISTRY,氢氧化铝的性质与制备,氢氧化铝考点的易错提示
CHEMISTRY,氢氧化铝的性质与制备,铝盐与强碱、偏铝酸盐与强酸的反应
CHEMISTRY,氢硫酸的性质与硫化氢的检验,氢硫酸的性质与硫化氢的检验与制法
CHEMISTRY,氢键,分子内氢键的判定方法
CHEMISTRY,氢键,分子间作用力与物质的溶解性
CHEMISTRY,氢键,分子间氢键对熔沸点的影响
CHEMISTRY,氢键,氢键及其对物质性质的影响
CHEMISTRY,氢键,氢键强弱的比较
CHEMISTRY,氢键,氢键的形成、类型与对性质的影响
CHEMISTRY,氢键,氢键的形成、类型与对物质性质的影响
CHEMISTRY,氢键,氢键的形成与对物质性质的影响
CHEMISTRY,氢键,氢键的形成与表示
CHEMISTRY,氢键,氢键的表示与影响
CHEMISTRY,氧化剂,氧化剂与氧化产物
CHEMISTRY,氧化剂,氧化剂与还原剂的判断及电子转移数目的确定
CHEMISTRY,氧化剂,氧化剂还原剂与氧化还原产物
CHEMISTRY,氧化剂,遇KMnO4等强氧化剂时
CHEMISTRY,氧化性-还原性强弱比较易错点,氧化性还原性强弱比较易错点
CHEMISTRY,氧化性-还原性强弱的比较,常用氧化性、还原性强弱顺序
CHEMISTRY,氧化性-还原性强弱的比较,常用的氧化性还原性顺序
CHEMISTRY,氧化性-还原性强弱的比较,常见氧化性还原性强弱顺序
CHEMISTRY,氧化性-还原性强弱的比较,比较酸性强弱的实验必须控制变量
CHEMISTRY,氧化性-还原性强弱的比较,氧化性、还原性强弱的比较与先后规律
CHEMISTRY,氧化性-还原性强弱的比较,氧化性、还原性强弱的比较方法
CHEMISTRY,氧化性-还原性强弱的比较,氧化性、还原性强弱的比较方法（三度类）
CHEMISTRY,氧化性-还原性强弱的比较,氧化性、还原性强弱的比较方法（依据类）
CHEMISTRY,氧化性-还原性强弱的比较,氧化性、还原性强弱的比较规律
CHEMISTRY,氧化性-还原性强弱的比较,氧化性、还原性强弱规律及应用
CHEMISTRY,氧化性-还原性强弱的比较,氧化性与还原性强弱的比较方法
CHEMISTRY,氧化性-还原性强弱的比较,氧化性还原性强弱的三条比较路径
CHEMISTRY,氧化性-还原性强弱的比较,氧化性还原性强弱的比较方法
CHEMISTRY,氧化性-还原性强弱的比较,溶液酸碱性与浓度对氧化性还原性的影响
CHEMISTRY,氧化性-还原性强弱的比较,用电极电势与强制弱规律判断反应方向
CHEMISTRY,氧化性-还原性强弱的比较,由反应条件与反应程度比较强弱
CHEMISTRY,氧化性-还原性强弱的比较,由方程式与活动性比较强弱
CHEMISTRY,氧化性-还原性强弱的比较,由氧化还原反应方程式比较氧化性、还原性强弱
CHEMISTRY,氧化性-还原性强弱的比较,由被氧化（被还原）的程度比较氧化性强弱
CHEMISTRY,氧化性-还原性强弱的比较,由金属活动性顺序比较氧化性、还原性
CHEMISTRY,氧化性-还原性强弱的比较,由非金属活动性顺序比较氧化性
CHEMISTRY,氧化性-还原性强弱的比较,电解池中离子放电顺序体现的强弱关系
CHEMISTRY,氧化性-还原性强弱的比较,足量氧化剂按还原性顺序依次氧化的书写规则
CHEMISTRY,氧化性-还原性的判断,从化合价预测物质能否被氧化或被还原
CHEMISTRY,氧化性-还原性的判断,价态与氧化性、还原性的关系
CHEMISTRY,氧化性-还原性的判断,强氧化性与强还原性的离子
CHEMISTRY,氧化性-还原性的判断,氧化性、还原性的强弱取决于得、失电子的难易程
CHEMISTRY,氧化性-还原性的判断,氧化性、还原性的概念与强弱依据
CHEMISTRY,氧化性-还原性的判断,氧化性、还原性的概念与强弱判断依据
CHEMISTRY,氧化性-还原性的判断,氧化性与还原性的判断
CHEMISTRY,氧化性-还原性的判断,氧化性与还原性的概念
CHEMISTRY,氧化性-还原性的判断,氧化性与还原性的概念与判断
CHEMISTRY,氧化性-还原性的判断,氧化性还原性比较的一般规律
CHEMISTRY,氧化物的类型,对氧化物认识的深化
CHEMISTRY,氧化物的类型,氧化物的分类与判断
CHEMISTRY,氧化物的类型,氧化物的分类关系与易混易错
CHEMISTRY,氧化物的类型,氧化物的四种类型与判断依据
CHEMISTRY,氧化物的类型,氧化物的类型与判断误区
CHEMISTRY,氧化物的类型,氧化物的类型补充与“一定不一定”
CHEMISTRY,氧化物的类型,溶解度曲线的类型与提纯应用
CHEMISTRY,氧化物的类型,酸性氧化物与碱性氧化物的通性
CHEMISTRY,氧化还原反应,分析电子转移的关键是标化合价
CHEMISTRY,氧化还原反应,氧化性与还原性的强弱依据
CHEMISTRY,氧化还原反应,氧化还原反应法
CHEMISTRY,氧化还原反应,氧化还原反应的本质、特征与基本概念
CHEMISTRY,氧化还原反应,氧化还原反应的本质与双线桥
CHEMISTRY,氧化还原反应,氧化还原反应的本质与特征
CHEMISTRY,氧化还原反应,氧化还原反应的概念、特征与本质
CHEMISTRY,氧化还原反应,氧化还原反应的概念与电子转移表示
CHEMISTRY,氧化还原反应,氧化还原反应的特征、实质与概念关系
CHEMISTRY,氧化还原反应,滴定分析的四种类型
CHEMISTRY,氧化还原反应,烯烃、炔烃的氧化反应
CHEMISTRY,氧化还原反应,相关概念
CHEMISTRY,氧化还原反应,认识氧化还原反应的三条线索
CHEMISTRY,氧化还原反应中电子转移的表示方法,1 mol Cl2 参与不同反应的电子转移数
CHEMISTRY,氧化还原反应中电子转移的表示方法,典型氧化还原反应中 1 mol 物质的电子转移数
CHEMISTRY,氧化还原反应中电子转移的表示方法,单线桥与双线桥表示电子转移
CHEMISTRY,氧化还原反应中电子转移的表示方法,单线桥法只标电子转移数目的原因
CHEMISTRY,氧化还原反应中电子转移的表示方法,单线桥法的箭头方向规则
CHEMISTRY,氧化还原反应中电子转移的表示方法,单线桥法表示电子转移的三个步骤
CHEMISTRY,氧化还原反应中电子转移的表示方法,单线桥表示电子转移的方法
CHEMISTRY,氧化还原反应中电子转移的表示方法,双线桥与单线桥的规范画法
CHEMISTRY,氧化还原反应中电子转移的表示方法,双线桥法与单线桥法
CHEMISTRY,氧化还原反应中电子转移的表示方法,双线桥法与单线桥法表示电子转移
CHEMISTRY,氧化还原反应中电子转移的表示方法,双线桥法箭头指向的易错点
CHEMISTRY,氧化还原反应中电子转移的表示方法,氧化还原反应中电子转移数目的分析
CHEMISTRY,氧化还原反应中电子转移的表示方法,氧化还原反应电子转移的表示方法
CHEMISTRY,氧化还原反应中电子转移的表示方法,氧化还原反应的本质、特征与概念体系
CHEMISTRY,氧化还原反应中电子转移的表示方法,氧化还原反应的特征与本质
CHEMISTRY,氧化还原反应中电子转移的表示方法,特殊反应的电子转移对照
CHEMISTRY,氧化还原反应中电子转移的表示方法,电子转移的表示方法
CHEMISTRY,氧化还原反应中电子转移的表示方法,硅与碱反应的机理与电子转移
CHEMISTRY,氧化还原反应中电子转移的表示方法,钠与氧气反应的产物与电子转移
CHEMISTRY,氧化还原反应方程式的配平方法,三种配平技巧的选用
CHEMISTRY,氧化还原反应方程式的配平方法,三类氧化还原方程式的配平操作要点
CHEMISTRY,氧化还原反应方程式的配平方法,信息型氧化还原方程式的书写四步法
CHEMISTRY,氧化还原反应方程式的配平方法,化合价升降法配平氧化还原反应方程式的五步
CHEMISTRY,氧化还原反应方程式的配平方法,四类氧化还原方程式的配平方法
CHEMISTRY,氧化还原反应方程式的配平方法,多步氧化还原反应建立关系式的两种方法
CHEMISTRY,氧化还原反应方程式的配平方法,常规氧化还原反应方程式的两种常用配平方法
CHEMISTRY,氧化还原反应方程式的配平方法,有机物参与氧化还原反应时只配变价部分
CHEMISTRY,氧化还原反应方程式的配平方法,氧化还原反应方程式的配平原则与步骤
CHEMISTRY,氧化还原反应方程式的配平方法,氧化还原反应方程式的配平步骤
CHEMISTRY,氧化还原反应方程式的配平方法,氧化还原反应方程式配平的五个技巧
CHEMISTRY,氧化还原反应方程式的配平方法,氧化还原反应配平的一般步骤
CHEMISTRY,氧化还原反应方程式的配平方法,氧化还原反应配平的技巧要点
CHEMISTRY,氧化还原反应方程式的配平方法,氧化还原方程式的配平
CHEMISTRY,氧化还原反应方程式的配平方法,氧化还原方程式的配平与计算
CHEMISTRY,氧化还原反应方程式的配平方法,氧化还原方程式的配平方法
CHEMISTRY,氧化还原反应方程式的配平方法,氧化还原方程式配平五步法
CHEMISTRY,氧化还原反应方程式的配平方法,氧化还原方程式配平的两种技法
CHEMISTRY,氧化还原反应方程式的配平方法,氧化还原方程式配平的依据与步骤
CHEMISTRY,氧化还原反应方程式的配平方法,氧化还原方程式配平的原则与步骤
CHEMISTRY,氧化还原反应方程式的配平方法,氧化还原配平五步法与三种标价法
CHEMISTRY,氧化还原反应方程式的配平方法,逆向配平法与整体配平法
CHEMISTRY,氧化还原反应方程式的配平方法,陌生方程式配平的三种方法与书写原则
CHEMISTRY,氧化还原反应方程式的配平方法,零价法与整体标价法
CHEMISTRY,氧化还原反应概念的-易错点,氧化还原反应概念的三大误区
CHEMISTRY,氧化还原反应概念的-易错点,氧化还原反应概念的五个误区
CHEMISTRY,氧化还原反应概念的-易错点,氧化还原反应概念的五条易错提醒
CHEMISTRY,氧化还原反应概念的-易错点,氧化还原反应概念的六个易混点
CHEMISTRY,氧化还原反应概念的-易错点,氧化还原反应概念的关系链
CHEMISTRY,氧化还原反应概念的-易错点,氧化还原反应概念的易错判断
CHEMISTRY,氧化还原反应概念的-易错点,氧化还原反应概念辨析的四步
CHEMISTRY,氧化还原反应概念的-易错点,氧化还原概念的五个误区
CHEMISTRY,氧化还原反应的守恒规律,双线桥中的得失电子守恒
CHEMISTRY,氧化还原反应的守恒规律,得失电子守恒的列式方法
CHEMISTRY,氧化还原反应规律及其应用,Na2O2与CO2、H2O反应的三大规律
CHEMISTRY,氧化还原反应规律及其应用,价态归中与歧化规律
CHEMISTRY,氧化还原反应规律及其应用,价态归中规律与歧化反应规律
CHEMISTRY,氧化还原反应规律及其应用,价态规律与守恒规律
CHEMISTRY,氧化还原反应规律及其应用,价态规律：升降、归中与歧化
CHEMISTRY,氧化还原反应规律及其应用,先后规律与常见强弱顺序
CHEMISTRY,氧化还原反应规律及其应用,先后规律与强弱规律的应用
CHEMISTRY,氧化还原反应规律及其应用,先后规律及应用
CHEMISTRY,氧化还原反应规律及其应用,先后规律的内容与应用
CHEMISTRY,氧化还原反应规律及其应用,归中与歧化规律的思维模型
CHEMISTRY,氧化还原反应规律及其应用,得失电子守恒的三步解题法
CHEMISTRY,氧化还原反应规律及其应用,氧化还原反应四条规律的应用
CHEMISTRY,氧化还原反应规律及其应用,氧化还原反应的三大守恒
CHEMISTRY,氧化还原反应规律及其应用,氧化还原反应的三大守恒规律
CHEMISTRY,氧化还原反应规律及其应用,氧化还原反应的五大规律
CHEMISTRY,氧化还原反应规律及其应用,氧化还原反应的五条基本规律
CHEMISTRY,氧化还原反应规律及其应用,氧化还原反应的价态、强弱与先后规律
CHEMISTRY,氧化还原反应规律及其应用,氧化还原反应的价态升降规律
CHEMISTRY,氧化还原反应规律及其应用,氧化还原反应的综合考查方式
CHEMISTRY,氧化还原反应规律及其应用,氧化还原反应的考查形式与解题关键
CHEMISTRY,氧化还原反应规律及其应用,氧化还原反应规律的应用对应关系
CHEMISTRY,氧化还原反应规律及其应用,氧化还原规律的选用方向
CHEMISTRY,氧化还原反应规律及其应用,相似相溶规律及其应用
CHEMISTRY,氧化还原反应规律及其应用,转化（强弱）规律及其应用
CHEMISTRY,氧化还原反应规律及其应用,铝热反应及其应用
CHEMISTRY,氧化还原滴定,氧化还原滴定的原理与体系
CHEMISTRY,氧化还原滴定,氧化还原滴定的原理与常用试剂
CHEMISTRY,氧化还原滴定,氧化还原滴定的原理与电子守恒
CHEMISTRY,氧化还原滴定,氧化还原滴定的指示剂与条件控制
CHEMISTRY,氧化还原滴定,氧化还原滴定的速记要点
CHEMISTRY,氧化还原滴定,碘量法滴定的指示剂与终点判断
CHEMISTRY,氧化还原滴定的原理与指示剂,专属指示剂与自身指示剂：碘量法与高锰酸钾法的终点
CHEMISTRY,氧化还原滴定的原理与指示剂,指示剂及终点判断
CHEMISTRY,氧化还原滴定的原理与指示剂,氧化还原滴定的原理与试剂选择
CHEMISTRY,氧化铝-氢氧化铝两性的重要应用,制备氢氧化铝的途径选择
CHEMISTRY,氧化铝-氢氧化铝两性的重要应用,氧化铝、氢氧化铝两性在检验鉴别与除杂中的应用
CHEMISTRY,氧化铝-氢氧化铝两性的重要应用,氧化铝与氢氧化铝两性在检验鉴别和分离除杂中的应用
CHEMISTRY,氧化铝的性质与应用,两性氧化物的概念与氧化铝与酸碱的反应
CHEMISTRY,氧化铝的性质与应用,氧化铝的两性与用途
CHEMISTRY,氧化铝的性质与应用,氧化铝的性质、用途与制备
CHEMISTRY,氧化铝的性质与应用,氧化铝的性质与两性
CHEMISTRY,氧化铝的性质与应用,氧化铝的性质与用途
CHEMISTRY,氧化铝的性质与应用,氧化铝薄膜使铝制品耐腐蚀
CHEMISTRY,氧化铝的性质与应用,铝的性质：活泼却抗腐蚀与钝化
CHEMISTRY,氨,氨水的成分、性质与保存
CHEMISTRY,氨,氨的分子结构、物理性质与化学性质
CHEMISTRY,氨,氨的分子结构与极易溶于水的原因
CHEMISTRY,氨,氨的分子结构与物理性质
CHEMISTRY,氨,氨的喷泉实验原理与条件
CHEMISTRY,氨,氨的结构、性质与制法
CHEMISTRY,氨,氨的结构性质与实验室制法
CHEMISTRY,氨基酸的结构与性质,分别写出谷氨酸在强酸或强碱性条件下
CHEMISTRY,氨基酸的结构与性质,必需氨基酸（《53知识清单·化学》第153页）
CHEMISTRY,氨基酸的结构与性质,成肽反应
CHEMISTRY,氨基酸的结构与性质,次氯酸的结构与性质
CHEMISTRY,氨基酸的结构与性质,氨基酸分布分数图像与滴定
CHEMISTRY,氨基酸的结构与性质,氨基酸的两性（《53知识清单·化学》第153页）
CHEMISTRY,氨基酸的结构与性质,氨基酸的成肽规律与两性
CHEMISTRY,氨基酸的结构与性质,胺与酰胺的结构与性质
CHEMISTRY,氨的化学性质,NH3的催化氧化及其与NOx的归中反应
CHEMISTRY,氨的化学性质,氨与水、酸的反应
CHEMISTRY,氨的化学性质,氨与水和酸的反应
CHEMISTRY,氨的化学性质,氨与盐溶液的反应及氨的还原性
CHEMISTRY,氨的化学性质,氨与酸反应及白烟检验
CHEMISTRY,氨的化学性质,氨是其他含氨化合物的生产原料
CHEMISTRY,氨的化学性质,氨是唯一的碱性气体与氨水的成分
CHEMISTRY,氨的化学性质,氨的化学性质与氨水、液氨的区别
CHEMISTRY,氨的化学性质,氨的性质
CHEMISTRY,氨的化学性质,氨的物理性质与化学性质
CHEMISTRY,氨的化学性质,氨的还原性与典型反应
CHEMISTRY,氨的化学性质,氨的还原性与干燥剂的选择
CHEMISTRY,氨的化学性质,氨的还原性与配位反应
CHEMISTRY,氨的化学性质,氨的重要方程式荟萃
CHEMISTRY,氨的实验室制法,NH3的实验室制备、干燥、收集与检验
CHEMISTRY,氨的实验室制法,实验室制取氨气的原理、装置与收集验满
CHEMISTRY,氨的实验室制法,实验室制取氨的方法
CHEMISTRY,氨的实验室制法,实验室制氨气的其他方法、防倒吸原理与操作要点
CHEMISTRY,氨的实验室制法,快速制氨的原理与装置创新
CHEMISTRY,氨的实验室制法,氨气干燥与收集的易错点
CHEMISTRY,氨的实验室制法,氨气的实验室制法
CHEMISTRY,氨的实验室制法,氨的实验室制法与收集验满
CHEMISTRY,氨的实验室制法,氨的实验室制法与试剂选择
CHEMISTRY,氨的实验室制法,氨的实验室制法要点
CHEMISTRY,氨的实验室制法,氨的工业制法与实验室制法
CHEMISTRY,氨的实验室制法,浓氨水加固态碱快速制氨的原理
CHEMISTRY,氮元素的价类二维图及转化关系,含氮物质的价类二维图与转化规律
CHEMISTRY,氮元素的价类二维图及转化关系,氮元素的“价—类”二维图
CHEMISTRY,氮元素的价类二维图及转化关系,氮的价类二维图与转化主线
CHEMISTRY,氮及化合物的-十大-误区,氮及其化合物的十大误区
CHEMISTRY,氮气,氮元素的存在形态与氮气的性质
CHEMISTRY,氮气,氮化镁的生成与水解
CHEMISTRY,氮气,氮气、氮的固定与氮元素存在形态
CHEMISTRY,氮气,氮气与氢气合成氨的方程式
CHEMISTRY,氮气,氮气分子结构与化学稳定性
CHEMISTRY,氮气,氮气的制法与用途
CHEMISTRY,氮气,氮气的性质、存在与氮的固定
CHEMISTRY,氮气,氮气的性质、氮的固定与用途
CHEMISTRY,氮气,氮气的性质、用途与氮的固定
CHEMISTRY,氮气,氮气的稳定性、用途与制法
CHEMISTRY,氮气,氮气的结构与化学性质
CHEMISTRY,氮气,氮的存在、氮的固定与N2的性质
CHEMISTRY,氮氧化物与氧气混合溶于水的计算,NO₂、NO、O₂三种气体混合溶于水的计算方法
CHEMISTRY,氮氧化物与氧气混合溶于水的计算,NO、NO₂、O₂混合溶于水的计算模型
CHEMISTRY,氮氧化物与氧气混合溶于水的计算,依据氮氧原子个数比求解
CHEMISTRY,氮的固定,氮的固定的概念与三条途径
CHEMISTRY,氮的氧化物,NO 与 NO2 的性质要点
CHEMISTRY,氮的氧化物,将盛有12 mL NO2和O2的混合气体的量
CHEMISTRY,氮的氧化物,氮气与氮的氧化物的性质
CHEMISTRY,氮的氧化物,氮氧化物与水、氧气反应的计算关系式
CHEMISTRY,氮的氧化物,氮氧化物溶于水的实质与剩余气体判断
CHEMISTRY,氮的氧化物,氮氧化物溶于水的计算方法
CHEMISTRY,氮的氧化物,氮氧化物溶于水的计算模型
CHEMISTRY,氮的氧化物,氮氧化物的种类与NO、NO2的性质
CHEMISTRY,氮的氧化物,氮氧化物的种类与酸酐
CHEMISTRY,氮的氧化物,氮氧化物的重要方程式荟萃
CHEMISTRY,氮的氧化物,氮的氧化物与 NO₂—N₂O₄ 平衡
CHEMISTRY,氮的氧化物,氮的氧化物与NO2、N2O4的易错点
CHEMISTRY,氮的氧化物,氮的氧化物与NO、NO2的比较
CHEMISTRY,氮的氧化物,氮的氧化物的种类与性质
CHEMISTRY,氯化铝的结构与性质,氯化铝是共价型化合物
CHEMISTRY,氯化铝的结构与性质,氯化铝的二聚与配位键
CHEMISTRY,氯化铝的结构与性质,氯化铝的共价性与二聚结构
CHEMISTRY,氯及其化合物的价类二维图,氯及其化合物的“价—类”二维图
CHEMISTRY,氯及其化合物的知识盲点,含氯化合物性质与应用的易错点
CHEMISTRY,氯及其化合物的知识盲点,含氯消毒剂的使用禁忌与漂白性来源
CHEMISTRY,氯及其化合物的知识盲点,氯及其化合物的价类转化
CHEMISTRY,氯及其化合物的知识盲点,氯及其化合物的知识盲点（一）
CHEMISTRY,氯及其化合物的知识盲点,氯气性质与氯水使用的易错点
CHEMISTRY,氯及其化合物的知识盲点,氯气性质应用中的易错点
CHEMISTRY,氯及其化合物的知识盲点,氯气性质的四个易错提醒
CHEMISTRY,氯及其化合物的知识盲点,氯水使用的常见误区
CHEMISTRY,氯及其化合物的知识盲点,氯水漂白性与次氯酸盐的误区
CHEMISTRY,氯及其化合物的知识盲点,氯水的使用与转移电子数易错点
CHEMISTRY,氯及其化合物的知识盲点,用电子式表示化合物的形成过程
CHEMISTRY,氯及其化合物的转化关系,含氯物质之间的主要转化关系
CHEMISTRY,氯及其化合物的转化关系,含氯物质的价类二维图与转化
CHEMISTRY,氯及其化合物的转化关系,氯气与水、碱及还原性物质反应的方程式
CHEMISTRY,氯及其化合物的转化关系,氯气的化学性质与含氯物质的转化关系
CHEMISTRY,氯气,含氯物质转化的必背方程式组
CHEMISTRY,氯气,实验室制取氯气的反应原理
CHEMISTRY,氯气,实验室制氯气的条件与操作注意事项
CHEMISTRY,氯气,氯元素的存在、氯原子结构与氯气的物理性质
CHEMISTRY,氯气,氯原子的结构与氯气的物理性质
CHEMISTRY,氯气,氯气与氢气的反应
CHEMISTRY,氯气,氯气与还原性物质及有机物的反应
CHEMISTRY,氯气,氯气与金属单质的反应
CHEMISTRY,氯气,氯气性质中的三个定量易错点
CHEMISTRY,氯气,氯气泄漏的应急逃生方法
CHEMISTRY,氯气,氯气的化学性质与常考方程式
CHEMISTRY,氯气,氯气的性质与氯水的成分
CHEMISTRY,氯气,氯气的性质与用途
CHEMISTRY,氯气,氯气的物理性质与化学性质
CHEMISTRY,氯气,氯气的物理性质与强氧化性
CHEMISTRY,氯气,氯气的物理性质与收集方法
CHEMISTRY,氯气,氯气的物理性质与结构
CHEMISTRY,氯气,氯气的用途
CHEMISTRY,氯气,氯气的用途、贮存与转移电子数易错
CHEMISTRY,氯水的成分,实验2
CHEMISTRY,氯水的成分,新制氯水中平衡移动的应用
CHEMISTRY,氯水的成分,新制氯水的多种成分决定了它具有多重性质
CHEMISTRY,氯水的成分,新制氯水的成分与主要性质
CHEMISTRY,氯水的成分,新制氯水的成分与微粒性质
CHEMISTRY,氯水的成分,氯气性质与含氯消毒剂的四个易错结论
CHEMISTRY,氯水的成分,氯水性质的多重性与三种含氯物质的比较
CHEMISTRY,氯水的成分,氯水的成分与三个平衡
CHEMISTRY,氯水的成分,氯水的成分与三种平衡
CHEMISTRY,氯水的成分,氯水的成分与多重性质
CHEMISTRY,氯水的成分,氯水的成分与平衡移动
CHEMISTRY,氯水的成分,氯水的成分与性质对应关系
CHEMISTRY,氯水的成分,氯水的成分与特性
CHEMISTRY,氯水的成分,氯水组成与性质应用中的常见误区
CHEMISTRY,氯的常见氧化物,Cl2O+H2O2HClO
CHEMISTRY,氯的常见氧化物,氯的常见氧化物 ClO2 与 Cl2O
CHEMISTRY,氯的常见氧化物,氯的常见氧化物一氧化二氯与二氧化氯
CHEMISTRY,氯离子检验,Cl-的检验方法
CHEMISTRY,氯离子检验,氯离子检验的试剂、操作与规范描述
CHEMISTRY,氯离子检验,离子检验操作现象描述
CHEMISTRY,氯胺,氯胺的组成、化合价与消毒原理
CHEMISTRY,水泥,水泥的原料与硬化调节
CHEMISTRY,水泥,水泥的成分与原料
CHEMISTRY,水溶液中多曲线图像题的分析方法,“用交点”
CHEMISTRY,水溶液中多曲线图像题的分析方法,水溶液中函数图像题的分析步骤
CHEMISTRY,水电离出的离子浓度的计算,水电离出的离子浓度的计算技法
CHEMISTRY,水的电离,水的电离与影响因素
CHEMISTRY,水的电离,水的电离与影响电离平衡的因素
CHEMISTRY,水的电离,水的电离与水的离子积常数
CHEMISTRY,水的电离,水的电离与电离常数
CHEMISTRY,水的电离,水的电离与电离方程式
CHEMISTRY,水的电离,水的电离与离子积曲线
CHEMISTRY,水的电离,水的电离及其影响因素
CHEMISTRY,水的电离,水的电离过程
CHEMISTRY,水的电离,由水电离出的两种离子浓度相等
CHEMISTRY,水的电离,由水电离的 c(H+) 或 c(OH-) 的求算
CHEMISTRY,水的电离平衡移动的影响因素,影响水的电离平衡的三个方向
CHEMISTRY,水的电离平衡移动的影响因素,影响水的电离平衡的因素
CHEMISTRY,水的电离平衡移动的影响因素,改变条件对水的电离程度与水的离子积的影响
CHEMISTRY,水的电离平衡移动的影响因素,正确理解水的电离平衡曲线
CHEMISTRY,水的电离平衡移动的影响因素,水的电离平衡曲线的理解与识别
CHEMISTRY,水的电离平衡移动的影响因素,水的电离平衡的影响因素
CHEMISTRY,水的电离平衡移动的影响因素,电离平衡的影响因素（以醋酸为例）
CHEMISTRY,水的电离平衡移动的影响因素,电离平衡移动中离子浓度的变化实例
CHEMISTRY,水的电离易错-七-点,水电离相关判断的易错点
CHEMISTRY,水的电离易错-七-点,水的电离易错七点
CHEMISTRY,水的电离易错-七-点,水的电离易错辨析
CHEMISTRY,水的离子积常数,不同溶液中水的离子积表达式的应用
CHEMISTRY,水的离子积常数,水的电离、水的离子积与 pH 的定义
CHEMISTRY,水的离子积常数,水的电离与离子积常数
CHEMISTRY,水的离子积常数,水的离子积与水电离量的计算
CHEMISTRY,水的离子积常数,水的离子积常数 KW
CHEMISTRY,水的离子积常数,水的离子积常数KW=c(H+)·c(OH-)
CHEMISTRY,水的离子积常数,水的离子积常数KW的适用范围与温度关系
CHEMISTRY,水的离子积常数,水的离子积常数Kw
CHEMISTRY,水的离子积常数,水的离子积常数Kw与曲线分析
CHEMISTRY,水的离子积常数,水的离子积常数Kw及其曲线的判读
CHEMISTRY,水的离子积常数,水的离子积常数与电离平衡曲线
CHEMISTRY,水的离子积常数,水的离子积常数的推导
CHEMISTRY,水的离子积常数,水的离子积常数的推导与电离程度数据
CHEMISTRY,水的离子积常数,水的离子积常数的由来
CHEMISTRY,水的离子积常数,水的离子积常数的表达式与影响因素
CHEMISTRY,水的离子积常数,水的离子积常数的适用范围
CHEMISTRY,水的离子积常数,水的离子积常数的适用范围与应用
CHEMISTRY,水的离子积常数,酸、碱溶液中水电离离子浓度的计算
CHEMISTRY,水解平衡常数-能水解的盐表示为ma,水解常数Kh=Kw/Ka与越弱越水解
CHEMISTRY,水解平衡常数-能水解的盐表示为ma,水解常数与电离常数的换算
CHEMISTRY,水解平衡常数-能水解的盐表示为ma,水解常数的意义、影响因素与应用
CHEMISTRY,水解平衡常数-能水解的盐表示为ma,水解常数的推导与应用
CHEMISTRY,水解平衡常数-能水解的盐表示为ma,水解平衡常数与Kw及Ka的关系
CHEMISTRY,水解平衡常数-能水解的盐表示为ma,水解平衡常数与电离常数的关系
CHEMISTRY,水解平衡常数-能水解的盐表示为ma,水解平衡常数及其与Kw、Ka的关系
CHEMISTRY,水解平衡常数-能水解的盐表示为ma,水解平衡常数及其应用
CHEMISTRY,水解平衡常数-能水解的盐表示为ma,水解平衡常数的意义与由 Kw、Ka 导出的方法
CHEMISTRY,水解平衡常数-能水解的盐表示为ma,水解平衡常数的表达式与推导
CHEMISTRY,水解平衡常数-能水解的盐表示为ma,混合盐溶液中水解与电离主次的比较
CHEMISTRY,水解平衡常数-能水解的盐表示为ma,由分布分数图像求Ka与Kh
CHEMISTRY,水解平衡常数-能水解的盐表示为ma,酸式盐溶液酸碱性的定量判断
CHEMISTRY,沉淀溶解平衡,Ksp 曲线的含义
CHEMISTRY,沉淀溶解平衡,沉淀对数图像中曲线的平行与Ksp比较
CHEMISTRY,沉淀溶解平衡,沉淀溶解平衡与溶度积常数
CHEMISTRY,沉淀溶解平衡,沉淀溶解平衡及影响因素
CHEMISTRY,沉淀溶解平衡,沉淀溶解平衡建立的四个阶段
CHEMISTRY,沉淀溶解平衡,沉淀溶解平衡的含义与特征
CHEMISTRY,沉淀溶解平衡,沉淀溶解平衡的建立与含义
CHEMISTRY,沉淀溶解平衡,沉淀溶解平衡的建立与溶解度
CHEMISTRY,沉淀溶解平衡,沉淀溶解平衡的建立与特征
CHEMISTRY,沉淀溶解平衡,沉淀溶解平衡的概念与五个特征
CHEMISTRY,沉淀溶解平衡,沉淀溶解平衡的概念与建立过程
CHEMISTRY,沉淀溶解平衡,沉淀溶解平衡的概念与影响因素
CHEMISTRY,沉淀溶解平衡,沉淀溶解平衡的特征与表达式
CHEMISTRY,沉淀溶解平衡,沉淀溶解平衡知识图谱：Q与Ksp判断及沉淀的转化
CHEMISTRY,沉淀溶解平衡,沉淀溶解平衡表达式与特征
CHEMISTRY,沉淀溶解平衡,沉淀转化的两个应用：锅炉除水垢与自然界矿物转化
CHEMISTRY,沉淀溶解平衡,沉淀转化过程图像的曲线归属
CHEMISTRY,沉淀溶解平衡,通过生成配离子使沉淀溶解的平衡分析
CHEMISTRY,沉淀溶解平衡,难溶电解质的沉淀溶解平衡及其影响因素
CHEMISTRY,沉淀溶解平衡体系中相关计算方法,Ksp在沉淀先后与转化判断中的应用
CHEMISTRY,沉淀溶解平衡体系中相关计算方法,Ksp的计算与沉淀pH范围的确定
CHEMISTRY,沉淀溶解平衡体系中相关计算方法,弱酸与难溶盐反应的平衡常数
CHEMISTRY,沉淀溶解平衡体系中相关计算方法,弱酸根沉淀与H+反应的平衡常数
CHEMISTRY,沉淀溶解平衡体系中相关计算方法,沉淀先后判断与Ksp相关计算
CHEMISTRY,沉淀溶解平衡体系中相关计算方法,沉淀开始与完全时pH的计算
CHEMISTRY,沉淀溶解平衡体系中相关计算方法,沉淀溶解平衡的三类计算与三类图像
CHEMISTRY,沉淀溶解平衡体系中相关计算方法,沉淀溶解平衡的计算类型
CHEMISTRY,沉淀溶解平衡体系中相关计算方法,沉淀溶解平衡计算的三个误区
CHEMISTRY,沉淀溶解平衡体系中相关计算方法,溶度积计算的三种常见类型与解法
CHEMISTRY,沉淀溶解平衡体系中相关计算方法,溶度积计算的四类典型算例
CHEMISTRY,沉淀溶解平衡体系中相关计算方法,用Ksp计算调pH后的离子残留浓度
CHEMISTRY,沉淀溶解平衡体系中相关计算方法,由 Ksp 计算沉淀某离子的 pH 范围
CHEMISTRY,沉淀溶解平衡体系中相关计算方法,由Ksp判断沉淀先后与计算pH
CHEMISTRY,沉淀溶解平衡体系中相关计算方法,由Ksp算配离子生成的平衡常数
CHEMISTRY,沉淀溶解平衡体系中相关计算方法,由Ksp计算沉淀开始与完全时的pH
CHEMISTRY,沉淀溶解平衡体系中相关计算方法,由图上点求Ksp与由元素守恒求浓度
CHEMISTRY,沉淀溶解平衡体系中相关计算方法,由平衡常数推导直线解析式求Ksp
CHEMISTRY,沉淀溶解平衡体系中相关计算方法,由溶度积求离子浓度与计算离子浓度比
CHEMISTRY,沉淀溶解平衡体系中相关计算方法,由溶度积进行的三种计算
CHEMISTRY,沉淀溶解平衡体系中相关计算方法,由离子浓度反求 Ksp 与溶解度
CHEMISTRY,沉淀溶解平衡体系中相关计算方法,（2）已知溶度积、溶液中某离子的浓度
CHEMISTRY,沉淀溶解平衡实验设计与评价题的解题思路,沉淀溶解平衡常数实验题的解题思路
CHEMISTRY,沉淀溶解平衡易错六点,Ksp小的沉淀也能转化为Ksp大的沉淀
CHEMISTRY,沉淀溶解平衡易错六点,沉淀完全的标准
CHEMISTRY,沉淀溶解平衡易错六点,沉淀溶解平衡方程式与Ksp的易错辨析
CHEMISTRY,沉淀溶解平衡易错六点,沉淀溶解平衡的三个易错认识
CHEMISTRY,沉淀溶解平衡易错六点,沉淀溶解平衡的五个常见判断
CHEMISTRY,沉淀溶解平衡易错六点,沉淀溶解平衡的易错辨析
CHEMISTRY,沉淀溶解平衡易错六点,沉淀溶解平衡的易错速记
CHEMISTRY,沉淀溶解平衡的应用,一般说来
CHEMISTRY,沉淀溶解平衡的应用,沉淀先后顺序的判断方法
CHEMISTRY,沉淀溶解平衡的应用,沉淀成分检验与平衡建立的判断
CHEMISTRY,沉淀溶解平衡的应用,沉淀溶解平衡的三类应用
CHEMISTRY,沉淀溶解平衡的应用,沉淀的溶解方法
CHEMISTRY,沉淀溶解平衡的应用,沉淀的溶解方法与沉淀先后计算
CHEMISTRY,沉淀溶解平衡的应用,沉淀的生成
CHEMISTRY,沉淀溶解平衡的应用,沉淀的生成、溶解、转化与Ksp应用
CHEMISTRY,沉淀溶解平衡的应用,沉淀的生成、溶解与转化
CHEMISTRY,沉淀溶解平衡的应用,沉淀的生成与分步沉淀
CHEMISTRY,沉淀溶解平衡的应用,沉淀的生成与沉淀的溶解方法
CHEMISTRY,沉淀溶解平衡的应用,沉淀的生成与溶解方法
CHEMISTRY,沉淀溶解平衡的应用,沉淀的生成与溶解的常用方法
CHEMISTRY,沉淀溶解平衡的应用,沉淀的生成方法与分步沉淀
CHEMISTRY,沉淀溶解平衡的应用,沉淀的生成：调节 pH 法与加沉淀剂法
CHEMISTRY,沉淀溶解平衡的应用,沉淀的转化与沉淀溶解平衡
CHEMISTRY,沉淀溶解平衡的应用,沉淀的转化与转化条件
CHEMISTRY,沉淀溶解平衡的应用,沉淀的转化规律
CHEMISTRY,沉淀溶解平衡的应用,沉淀的转化规律与典型实例
CHEMISTRY,沉淀溶解平衡的应用,沉淀转化在除垢、矿物与废水处理中的应用
CHEMISTRY,沉淀溶解平衡的应用,沉淀转化的实质、条件与应用
CHEMISTRY,沉淀溶解平衡的应用,沉淀转化的实质与规律
CHEMISTRY,沉淀溶解平衡的应用,沉淀转化的实验事实与Ksp判据
CHEMISTRY,沉淀溶解平衡的应用,沉淀转化的实验事实与结论
CHEMISTRY,沉淀溶解平衡的应用,沉淀转化的应用与四条速记
CHEMISTRY,沉淀溶解平衡的应用,沉淀转化的规律与实质
CHEMISTRY,沉淀溶解平衡的应用,溶度积常数的四类应用
CHEMISTRY,沉淀溶解平衡的应用,溶度积的五类应用
CHEMISTRY,沉淀溶解平衡的应用,生成配合物与氧化还原溶解法
CHEMISTRY,沉淀溶解平衡的应用,用沉淀溶解平衡测定配合物的稳定常数
CHEMISTRY,沉淀溶解平衡的应用,由Ksp计算沉淀完全的pH与分离区间
CHEMISTRY,沉淀溶解平衡的应用,盐溶液溶解法与生成配合物法溶解沉淀
CHEMISTRY,沉淀溶解平衡的应用,调节 pH 分离金属离子的方法
CHEMISTRY,沉淀滴定法,佛尔哈德法与返滴定法
CHEMISTRY,沉淀滴定法,回滴定法（佛尔哈德法）测定氯含量
CHEMISTRY,沉淀滴定法,沉淀溶解平衡滴定曲线的分析
CHEMISTRY,沉淀滴定法,沉淀滴定与莫尔法
CHEMISTRY,沉淀滴定法,沉淀滴定中指示剂浓度的控制
CHEMISTRY,沉淀滴定法,沉淀滴定图像的信息读取
CHEMISTRY,沉淀滴定法,沉淀滴定的原理与两种方法
CHEMISTRY,沉淀滴定法,沉淀滴定的原理与指示剂条件
CHEMISTRY,沉淀滴定法,沉淀滴定的概念、指示剂条件与银量法
CHEMISTRY,沉淀滴定法,沉淀滴定（银量法）的原理
CHEMISTRY,沉淀滴定法,沉淀滴定（银量法）的原理与指示剂选择
CHEMISTRY,沉淀滴定法,滴定法
CHEMISTRY,沉淀滴定法,银量法用两次滴定求碘含量
CHEMISTRY,沉淀的洗涤与检验,文字表述题的各种答题规范
CHEMISTRY,沉淀的洗涤与检验,沉淀用乙醇洗涤
CHEMISTRY,沉淀的洗涤与检验,沉淀的洗涤与沉淀完全的检验
CHEMISTRY,沉淀的洗涤与检验,沉淀（滤渣）洗涤的标准操作
CHEMISTRY,油脂,“地沟油”常常含有油酸甘油酯
CHEMISTRY,油脂,油脂不属于有机高分子
CHEMISTRY,油脂,油脂的氢化与皂化反应
CHEMISTRY,油脂,油脂的组成、氢化与皂化
CHEMISTRY,油脂,油脂的结构（《53知识清单·化学》第153页）
CHEMISTRY,油脂,肥皂的去污原理与表面活性剂
CHEMISTRY,洗涤与去污中的化学原理,洗涤去污与泡沫灭火器的化学原理
CHEMISTRY,活化能,lnk与1/T图判活化能和吸放热
CHEMISTRY,活化能,反应历程图像的三种常见类型
CHEMISTRY,活化能,多步反应的活化能只是表观值
CHEMISTRY,活化能,指定时间内活化能低的反应优先进行
CHEMISTRY,活化能,有效碰撞、活化分子与活化能
CHEMISTRY,活化能,有效碰撞与活化能
CHEMISTRY,活化能,有效碰撞理论与活化能对速率的影响
CHEMISTRY,活化能,活化能、活化分子与有效碰撞
CHEMISTRY,活化能,活化能与ΔH及物质稳定性的关系
CHEMISTRY,活化能,活化能与焓变的关系
CHEMISTRY,活化能,活化能及其与焓变、催化剂的关系
CHEMISTRY,活化能,活化能：过渡态与反应物的能量差
CHEMISTRY,活化能,由ΔH判断正逆反应活化能大小
CHEMISTRY,活化能,能量-反应进程图中活化能与焓变
CHEMISTRY,活化能,能量图上 E1、E2 与活化能的关系
CHEMISTRY,活化能,阿伦尼乌斯公式与活化能对温度敏感性
CHEMISTRY,浓差电池-的分析方法,一池两用装置的分析
CHEMISTRY,浓差电池-的分析方法,浓差电池的两类与解题口诀
CHEMISTRY,浓差电池-的分析方法,浓差电池的分析方法
CHEMISTRY,浓差电池-的分析方法,浓差电池的解题技巧
CHEMISTRY,浓度商与化学平衡常数的表达式,其中Kx2>>Kx1
CHEMISTRY,浓度商与化学平衡常数的表达式,分压平衡常数Kp的定义与表达式
CHEMISTRY,浓度商与化学平衡常数的表达式,化学平衡常数K的含义、表达式与影响因素
CHEMISTRY,浓度商与化学平衡常数的表达式,将平衡浓度代入平衡常数表达式
CHEMISTRY,浓度商与化学平衡常数的表达式,平衡常数取对数的图像线性化方法
CHEMISTRY,浓度商与化学平衡常数的表达式,平衡常数的简单计算（三段式）
CHEMISTRY,浓度商与化学平衡常数的表达式,曲线交点读取平衡常数的方法
CHEMISTRY,浓度商与化学平衡常数的表达式,极端假设法确定平衡浓度范围
CHEMISTRY,浓度商与化学平衡常数的表达式,浓度商Q与平衡常数K的关系
CHEMISTRY,浓度商与化学平衡常数的表达式,浓度商与多重平衡的常数关系
CHEMISTRY,浓度商与化学平衡常数的表达式,浓度商与平衡常数的关系
CHEMISTRY,浓度商与化学平衡常数的表达式,浓度商与平衡方向的判断
CHEMISTRY,浓度商与化学平衡常数的表达式,浓度商与平衡移动方向的判断
CHEMISTRY,浓度商与化学平衡常数的表达式,表达式
CHEMISTRY,浓度计算的常用方法,反应热计算的常用依据
CHEMISTRY,浓度计算的常用方法,可逆反应与浓度变化对 NA 计算的影响
CHEMISTRY,浓度计算的常用方法,官能团引入的常用方法汇总
CHEMISTRY,浓度计算的常用方法,测量气体体积的常用方法
CHEMISTRY,浓度计算的常用方法,装置气密性检查的常用方法与答题规范
CHEMISTRY,浓盐酸和浓氨水反应有白烟生成-常用于hcl和nh3的相互检验,氯化氢气体的检验方法
CHEMISTRY,浓盐酸和浓氨水反应有白烟生成-常用于hcl和nh3的相互检验,氯气与磷反应：唯一的烟、雾同时生成反应
CHEMISTRY,浓盐酸和浓氨水反应有白烟生成-常用于hcl和nh3的相互检验,浓氨水+固体CaO
CHEMISTRY,浓盐酸和浓氨水反应有白烟生成-常用于hcl和nh3的相互检验,浓氨水+固体NaOH
CHEMISTRY,浓盐酸和浓氨水反应有白烟生成-常用于hcl和nh3的相互检验,粗硅与干燥的HCl气体反应制得SiHCl3
CHEMISTRY,浓盐酸和浓氨水反应有白烟生成-常用于hcl和nh3的相互检验,键能与反应热计算
CHEMISTRY,浓硫酸,气体干燥与净化的试剂选择
CHEMISTRY,浓硫酸,浓硫酸三大特性的应用与易错辨析
CHEMISTRY,浓硫酸,浓硫酸与铜、碳反应的方程式
CHEMISTRY,浓硫酸,浓硫酸作干燥剂的可干燥气体范围
CHEMISTRY,浓硫酸,浓硫酸作干燥剂的选择
CHEMISTRY,浓硫酸,浓硫酸对还原性物质与非金属的氧化
CHEMISTRY,浓硫酸,浓硫酸的三大特性与稀硫酸的区别
CHEMISTRY,浓硫酸,浓硫酸的吸水性与脱水性
CHEMISTRY,浓硫酸,浓硫酸的强氧化性
CHEMISTRY,浓硫酸,浓硫酸的强氧化性、用途与工业制备
CHEMISTRY,浓硫酸,浓硫酸的强氧化性与用途
CHEMISTRY,浓硫酸,浓硫酸的性质与稀释操作
CHEMISTRY,浓硫酸,硫酸根检验的试剂顺序与干扰排除
CHEMISTRY,浓硫酸,硫酸的结构与浓硫酸的物理性质
CHEMISTRY,浓硫酸,蔗糖与浓硫酸作用的反应与性质体现
CHEMISTRY,浓硫酸与金属的反应规律,分别写出浓H2SO4与Cu、C反应的化学方程
CHEMISTRY,浓硫酸与金属的反应规律,强制弱与易溶制难溶规律
CHEMISTRY,浓硫酸与金属的反应规律,氯气与金属、非金属单质的反应
CHEMISTRY,浓硫酸与金属的反应规律,氯气与金属的反应
CHEMISTRY,浓硫酸与金属的反应规律,浓硫酸与Fe、Al的钝化
CHEMISTRY,浓硫酸与金属的反应规律,浓硫酸与不同金属反应的规律
CHEMISTRY,浓硫酸与金属的反应规律,浓硫酸与金属、非金属的反应规律
CHEMISTRY,浓硫酸与金属的反应规律,酯的水解条件：酸性可逆与碱性完全
CHEMISTRY,浓硫酸与金属的反应规律,锌与浓硫酸反应的气体产物变化
CHEMISTRY,浓硫酸转化为二氧化硫,浓硫酸与铜加热制二氧化硫的实验现象与方程式
CHEMISTRY,浓硫酸转化为二氧化硫,浓硫酸与铜加热反应制二氧化硫的实验与方程式
CHEMISTRY,浓硫酸转化为二氧化硫,硫代硫酸盐遇酸分解生成硫和二氧化硫
CHEMISTRY,海带中提取碘,海带中提取碘的流程
CHEMISTRY,海带中提取碘,海带中提取碘的流程与原理
CHEMISTRY,海带中提取碘,海带中提取碘的流程与反应
CHEMISTRY,海带中提取碘,海带提碘与电解法制氯
CHEMISTRY,海带中提取碘,海带提碘的实验原理与操作
CHEMISTRY,海带中提取碘,海带提碘的工艺流程
CHEMISTRY,海水提取溴,欲从含Br-的废液中提取溴单质
CHEMISTRY,海水提取溴,海水中提取溴的工艺
CHEMISTRY,海水提取溴,海水提取溴的流程
CHEMISTRY,海水提取溴,海水提取溴的流程与反应
CHEMISTRY,海水提取溴,海水提溴的五步流程
CHEMISTRY,海水提取溴,海水提溴的工艺流程
CHEMISTRY,海水提取溴,海水提溴的流程与两次氧化
CHEMISTRY,海水提取溴,海水提溴的流程与主要反应
CHEMISTRY,海水提取溴,海水提溴的流程与反应
CHEMISTRY,海水提取镁,从海水中提取金属镁的流程
CHEMISTRY,海水提取镁,海水提取镁的四个步骤
CHEMISTRY,海水提取镁,海水提镁的流程与反应
CHEMISTRY,海水提取镁,镁的用途与海水提镁
CHEMISTRY,海水提镁的工艺流程分析,中国古代化学的工艺简介
CHEMISTRY,海水提镁的工艺流程分析,化工流程题的结构分析与破题关键
CHEMISTRY,海水提镁的工艺流程分析,工艺流程中调节pH的目的与试剂选择
CHEMISTRY,海水提镁的工艺流程分析,工艺流程的整体三阶段框架
CHEMISTRY,海水提镁的工艺流程分析,工艺流程题的分析方法
CHEMISTRY,海水提镁的工艺流程分析,废弃物类工艺流程题的解题主线
CHEMISTRY,海水提镁的工艺流程分析,海水提溴与海带提碘的流程原理
CHEMISTRY,海水提镁的工艺流程分析,海水提镁流程的操作要点
CHEMISTRY,海水提镁的工艺流程分析,海水提镁的流程与操作要点
CHEMISTRY,海水提镁的工艺流程分析,海水提镁的流程与镁的重要化合物
CHEMISTRY,海水提镁的工艺流程分析,海水提镁的流程原理
CHEMISTRY,海水资源,海水淡化的常用方法
CHEMISTRY,海水资源,海水资源的开发利用
CHEMISTRY,液流电池的特点与分析,液流电池的特点与分析思路
CHEMISTRY,淀粉-或纤维素-中含有的羟基数为3n,最简式与摩尔质量相同的混合物求微粒数目
CHEMISTRY,淀粉-或纤维素-中含有的羟基数为3n,淀粉和纤维素因通式中n值不同
CHEMISTRY,混合溶液酸碱性的判断规律,pH之和为14的酸碱等体积混合
CHEMISTRY,混合溶液酸碱性的判断规律,共价键中σ键与π键的判断规律
CHEMISTRY,混合溶液酸碱性的判断规律,弱酸与弱碱等量混合后溶液的酸碱性
CHEMISTRY,混合溶液酸碱性的判断规律,混合溶液中同一离子浓度的比较
CHEMISTRY,混合溶液酸碱性的判断规律,由水解常数与电离常数判断溶液酸碱性
CHEMISTRY,混合溶液酸碱性的判断规律,等体积混合后酸碱性的判断规律
CHEMISTRY,混合溶液酸碱性的判断规律,酸碱混合后溶液酸碱性的判断
CHEMISTRY,混合溶液酸碱性的判断规律,酸碱溶液混合后酸碱性的判断规律
CHEMISTRY,混合溶液酸碱性的判断规律,酸碱等体积混合后酸碱性的判断规则
CHEMISTRY,混合物,从组成、熔沸点、性质区分纯净物和混合物
CHEMISTRY,温度计的使用规范,温度计的三种使用情形
CHEMISTRY,溴苯和硝基苯的制取实验,有机物制备实验的通用规律
CHEMISTRY,溴苯和硝基苯的制取实验,溴苯与硝基苯的提纯流程
CHEMISTRY,溴苯和硝基苯的制取实验,溴苯制取实验的九个要点
CHEMISTRY,溴苯和硝基苯的制取实验,溴苯制备的实验要点与提纯流程
CHEMISTRY,溴苯和硝基苯的制取实验,溴苯制备的注意事项
CHEMISTRY,溴苯和硝基苯的制取实验,溴苯的制备与提纯要点
CHEMISTRY,溴苯和硝基苯的制取实验,溴苯的制备要点
CHEMISTRY,溴苯和硝基苯的制取实验,溴苯的提纯与取代反应产物的检验
CHEMISTRY,溴苯和硝基苯的制取实验,硝基苯制取实验的要点
CHEMISTRY,溴苯和硝基苯的制取实验,硝基苯制备的加料顺序与温度控制
CHEMISTRY,溴苯和硝基苯的制取实验,硝基苯制备的药品顺序与装置
CHEMISTRY,溴苯和硝基苯的制取实验,硝基苯实验的控温与粗品提纯
CHEMISTRY,溴苯和硝基苯的制取实验,硝基苯的制备
CHEMISTRY,溴苯和硝基苯的制取实验,硝基苯的制备与提纯注意事项
CHEMISTRY,溴苯和硝基苯的制取实验,苯的硝化反应与硝基苯制备要点
CHEMISTRY,溶度积,比较 Ksp 大小的实验设计要点
CHEMISTRY,溶度积,沉淀转化反应的平衡常数与Ksp
CHEMISTRY,溶度积,流程中Ksp计算与沉淀完全的pH
CHEMISTRY,溶度积,溶度积与溶度积规则
CHEMISTRY,溶度积,溶度积与离子积的区别及沉淀生成的判断
CHEMISTRY,溶度积,溶度积及其应用
CHEMISTRY,溶度积,溶度积常数的含义与意义
CHEMISTRY,溶度积,溶度积常数的概念与表达式
CHEMISTRY,溶度积,溶度积常数的表达式与影响因素
CHEMISTRY,溶度积,溶度积的三条应用要点
CHEMISTRY,溶度积,溶度积的含义、意义与影响因素
CHEMISTRY,溶度积,溶度积的含义与影响因素
CHEMISTRY,溶度积,溶度积的影响因素与速记
CHEMISTRY,溶度积,溶度积的概念与意义
CHEMISTRY,溶度积,溶度积的表达式与溶度积规则
CHEMISTRY,溶度积,由Ksp求饱和溶液与同离子效应下的浓度
CHEMISTRY,溶度积,由对数图像上的点算Ksp
CHEMISTRY,溶度积和离子积的关系,沉淀溶解平衡曲线上点的移动
CHEMISTRY,溶度积和离子积的关系,溶度积与离子积的关系
CHEMISTRY,溶度积和离子积的关系,溶度积与离子积的大小关系
CHEMISTRY,溶度积和离子积的关系,用离子积与Ksp判断沉淀的生成与溶解
CHEMISTRY,溶度积和离子积的关系,难溶物向更难溶的方向转化
CHEMISTRY,溶液ph的计算,单一溶液与混合溶液 pH 的计算
CHEMISTRY,溶液ph的计算,单一溶液与混合溶液 pH 的计算方法
CHEMISTRY,溶液ph的计算,强碱混合不能直接混合H＋浓度
CHEMISTRY,溶液ph的计算,溶液 pH 的简单计算
CHEMISTRY,溶液ph的计算,溶液pH的计算模型
CHEMISTRY,溶液ph的计算,溶液pH计算的基本模型
CHEMISTRY,溶液中微粒浓度大小的比较,一元弱酸弱碱溶液的粒子浓度比较
CHEMISTRY,溶液中微粒浓度大小的比较,二元弱酸与盐溶液的粒子浓度比较
CHEMISTRY,溶液中微粒浓度大小的比较,单一溶液中粒子浓度大小的分类分析方法
CHEMISTRY,溶液中微粒浓度大小的比较,单一盐溶液与混合溶液的排序模板
CHEMISTRY,溶液中微粒浓度大小的比较,多元弱酸根水解时浓度大小要代入数值
CHEMISTRY,溶液中微粒浓度大小的比较,弱酸强碱正盐溶液的离子浓度排序
CHEMISTRY,溶液中微粒浓度大小的比较,微粒浓度大小比较的思维模型
CHEMISTRY,溶液中微粒浓度大小的比较,混合溶液中粒子浓度大小比较
CHEMISTRY,溶液中微粒浓度大小的比较,混合溶液中粒子浓度大小的分析方法
CHEMISTRY,溶液中微粒浓度大小的比较,混合溶液中粒子浓度大小的比较
CHEMISTRY,溶液中微粒浓度大小的比较,溶液中微粒数目的分析要点
CHEMISTRY,溶液中微粒浓度大小的比较,溶液中微粒浓度大小比较的原则
CHEMISTRY,溶液中微粒浓度大小的比较,溶液中粒子浓度大小比较的顺序
CHEMISTRY,溶液中微粒浓度大小的比较,由电离与水解的微弱性比较粒子浓度大小
CHEMISTRY,溶液中微粒浓度大小的比较,电离理论下的两类浓度大小关系：氨水与多元弱酸溶液
CHEMISTRY,溶液中微粒浓度大小的比较,电离能力与水解能力大小的比较
CHEMISTRY,溶液中微粒浓度大小的比较,粒子浓度大小比较的两步法
CHEMISTRY,溶液中微粒种类的判断,多组分溶液中反应先后的判断方法
CHEMISTRY,溶液中微粒种类的判断,溶液中微粒数目的判断要点
CHEMISTRY,溶液中微粒种类的判断,溶液中微粒种类的判断方法
CHEMISTRY,溶液中微粒种类的判断,苯环上等效氢（化学环境）种类的判断
CHEMISTRY,溶液中离子反应与平衡图像题解题策略,离子平衡图像题的解题策略
CHEMISTRY,溶液中粒子等量关系-三大守恒,三大守恒式及其书写技巧
CHEMISTRY,溶液中粒子等量关系-三大守恒,两元素守恒
CHEMISTRY,溶液中粒子等量关系-三大守恒,元素守恒中物质转化的处理
CHEMISTRY,溶液中粒子等量关系-三大守恒,守恒关系式所属类型的判断方法
CHEMISTRY,溶液中粒子等量关系-三大守恒,守恒等式的类型识别与配比处理
CHEMISTRY,溶液中粒子等量关系-三大守恒,将①代入②中
CHEMISTRY,溶液中粒子等量关系-三大守恒,混合溶液中浓度的电荷守恒计算
CHEMISTRY,溶液中粒子等量关系-三大守恒,混合溶液中的电荷守恒
CHEMISTRY,溶液中粒子等量关系-三大守恒,溶液中粒子等量关系的三大守恒
CHEMISTRY,溶液中粒子等量关系-三大守恒,溶液中粒子等量关系的找法
CHEMISTRY,溶液中粒子等量关系-三大守恒,物料守恒的多元元素形式与质子守恒
CHEMISTRY,溶液中粒子等量关系-三大守恒,电荷守恒与元素守恒的书写技巧
CHEMISTRY,溶液中粒子等量关系-三大守恒,电荷守恒与元素质量守恒
CHEMISTRY,溶液中粒子等量关系-三大守恒,电荷守恒的含义
CHEMISTRY,溶液中粒子等量关系-三大守恒,电荷守恒：电解质溶液中阴阳离子所带电荷总数相等
CHEMISTRY,溶液中粒子等量关系-三大守恒,电解质溶液中的三大守恒
CHEMISTRY,溶液中粒子等量关系-三大守恒,电解质溶液中的三大守恒关系
CHEMISTRY,溶液中粒子等量关系-三大守恒,电解质溶液的三大守恒规律
CHEMISTRY,溶液中粒子等量关系-三大守恒,电解质溶液的电荷守恒与物料守恒
CHEMISTRY,溶液中粒子等量关系-三大守恒,质子守恒与三种守恒式的选用
CHEMISTRY,溶液中粒子等量关系-三大守恒,质子守恒的两种写法
CHEMISTRY,溶液中粒子等量关系-三大守恒,质子守恒：得、失 H⁺ 的物质的量相等
CHEMISTRY,溶液的ph,pH 的计算公式与酸碱性的对应
CHEMISTRY,溶液的ph,pH 的计算式、测量与 pOH
CHEMISTRY,溶液的ph,溶液pH的定义与计算式
CHEMISTRY,溶液的ph,溶液pH的计算与测定
CHEMISTRY,溶液的稀释和混合问题,实验Ⅲ所得溶液的颜色不是蓝色
CHEMISTRY,溶液的稀释和混合问题,溶液混合后质量分数的判断
CHEMISTRY,溶液的稀释和混合问题,溶液的稀释与混合pH计算规律
CHEMISTRY,溶液的稀释和混合问题,溶液的稀释与混合的计算规律
CHEMISTRY,溶液的稀释和混合问题,溶液的稀释与混合规律
CHEMISTRY,溶液的稀释和混合问题,溶液的稀释与混合计算
CHEMISTRY,溶液的稀释和混合问题,溶液稀释与混合的计算依据
CHEMISTRY,溶液的稀释和混合问题,溶液稀释与混合的计算及质量分数规律
CHEMISTRY,溶液的稀释和混合问题,溶液稀释或混合后的pH变化规律
CHEMISTRY,溶液的稀释和混合问题,溶液稀释的计算依据
CHEMISTRY,溶液的稀释和混合问题,质量分数不同的同种溶液的混合规律
CHEMISTRY,溶液的稀释和混合问题,酸碱混合且过量时的离子浓度计算式
CHEMISTRY,溶液的稀释和混合问题,酸碱溶液无限稀释的 pH 极限与稀释规律
CHEMISTRY,溶液的稀释和混合问题,酸碱稀释与混合的三个误区
CHEMISTRY,溶液的配制步骤,一定物质的量浓度溶液的配制
CHEMISTRY,溶液的配制步骤,一定物质的量浓度溶液的配制步骤
CHEMISTRY,溶液的配制步骤,一定物质的量浓度溶液的配制注意事项
CHEMISTRY,溶液的配制步骤,一定物质的量浓度溶液的配制流程
CHEMISTRY,溶液的配制步骤,一定物质的量浓度溶液的配制要点
CHEMISTRY,溶液的配制步骤,一定物质的量浓度溶液配制的注意事项
CHEMISTRY,溶液的配制步骤,容量瓶的使用与六条禁忌
CHEMISTRY,溶液的配制步骤,溶液配制过程中的数据与规格要求
CHEMISTRY,溶液的配制步骤,溶液配制题的规范与仪器选择
CHEMISTRY,溶液的配制步骤,粗溴苯的提纯洗涤步骤
CHEMISTRY,溶液的配制步骤,配制一定物质的量浓度溶液的八个步骤
CHEMISTRY,溶液的配制步骤,配制一定物质的量浓度溶液的四个操作要点
CHEMISTRY,溶液的配制步骤,配制一定物质的量浓度溶液的步骤
CHEMISTRY,溶液的配制步骤,配制一定物质的量浓度溶液的流程
CHEMISTRY,溶液的配制步骤,配制溶液的关键操作与易错点
CHEMISTRY,溶液的配制步骤,量取一定量的浓硫酸
CHEMISTRY,溶液的配制步骤,铁盐与亚铁盐溶液的配制
CHEMISTRY,溶液的配制误差分析,定容时俯视与仰视刻度线造成的误差方向
CHEMISTRY,溶液的配制误差分析,溶液配制的误差分析
CHEMISTRY,溶液的配制误差分析,溶液配制的误差分析思路
CHEMISTRY,溶液的配制误差分析,溶液配制的误差分析方法
CHEMISTRY,溶液的配制误差分析,溶液配制误差分析方法
CHEMISTRY,溶液的配制误差分析,溶液配制误差分析的基本思路
CHEMISTRY,溶液的配制误差分析,漏掉洗涤步骤使所配溶液浓度偏低
CHEMISTRY,溶液的配制误差分析,配制一定物质的量浓度溶液的误差分析
CHEMISTRY,溶液的配制误差分析,配制氯化钠溶液的常见误差分析结论
CHEMISTRY,溶液的配制误差分析,配制溶液的误差分析
CHEMISTRY,溶液的配制误差分析,配制溶液的误差分析思路
CHEMISTRY,溶液的配制误差分析,配制溶液误差分析的基本思路
CHEMISTRY,溶液的配制误差分析,配制溶液误差分析的方法与常见情形
CHEMISTRY,溶液的酸碱性,pH 在生产、生活与科研中的五类应用
CHEMISTRY,溶液的酸碱性,pH 试纸的使用要点与润湿后的偏差方向
CHEMISTRY,溶液的酸碱性,三类 pH 试纸的范围与精度差异
CHEMISTRY,溶液的酸碱性,二性——溶液的酸碱性
CHEMISTRY,溶液的酸碱性,抓溶液的“中性”点
CHEMISTRY,溶液的酸碱性,根据酸碱性
CHEMISTRY,溶液的酸碱性,测定对应盐溶液的酸碱性
CHEMISTRY,溶液的酸碱性,溶液的酸碱性、pH测定与计算
CHEMISTRY,溶液的酸碱性,溶液的酸碱性与 pH
CHEMISTRY,溶液的酸碱性,溶液酸碱性与 c(H+)、c(OH-) 的关系
CHEMISTRY,溶液的酸碱性,溶液酸碱性描述的常见表述清单
CHEMISTRY,溶液的酸碱性,溶液酸碱性的判断与pH
CHEMISTRY,溶液的酸碱性,用 pH 与 7 比较判断酸碱性必须先确认温度
CHEMISTRY,溶液的酸碱性,等浓度弱酸与其盐混合液的酸碱性
CHEMISTRY,溶液的酸碱性,酸度参数AG：lg[c(H+)/c(OH-)]
CHEMISTRY,溶液的酸碱性,酸性、碱性、两性溶液的常见表示方法
CHEMISTRY,溶液的酸碱性,酸性溶液
CHEMISTRY,溶液稀释与混合的计算,溶液稀释与混合的计算规律
CHEMISTRY,溶解度曲线及其应用,溶解度曲线的三类趋势与结晶除杂
CHEMISTRY,溶解度曲线及其应用,溶解度曲线的意义
CHEMISTRY,溶解性与溶解度的关系,溶解度、溶解性与难溶电解质
CHEMISTRY,溶质为碱的溶液-h-全部来自水的电离,水电离出的离子浓度计算
CHEMISTRY,溶质为酸的溶液-oh-全部来自水的电离,NaHSO4 在水溶液与熔融状态的电离差异
CHEMISTRY,溶质为酸的溶液-oh-全部来自水的电离,溶质为酸的溶液中水电离出的离子浓度关系
CHEMISTRY,溶质为酸的溶液-oh-全部来自水的电离,酸溶液中由水电离的离子浓度计算
CHEMISTRY,溶质判断与溶液体积的易错点,溶质判断与溶液体积的两个易错点
CHEMISTRY,溶质的质量分数,质量分数溶液与体积比溶液的配制
CHEMISTRY,滴加顺序不同现象不同,试剂互滴时现象不同的规律
CHEMISTRY,滴定分析法,滴定分析法的原理、类型与计算
CHEMISTRY,滴定实验相关计算,滴定实验相关计算三步法
CHEMISTRY,滴定实验相关计算,滴定数据的处理：平行滴定取平均后代入守恒式
CHEMISTRY,滴定操作,仪器的 0 刻度与基本操作禁忌
CHEMISTRY,滴定操作,仰视读数
CHEMISTRY,滴定操作,图解量器的读数方法
CHEMISTRY,滴定操作,滴定操作要点与误差分析方法
CHEMISTRY,滴定操作,滴定管使用前的准备与洗涤
CHEMISTRY,滴定操作,滴定管的使用要点
CHEMISTRY,滴定操作,滴定管的构造、选用与读数
CHEMISTRY,滴定操作,滴定管的构造与酸式、碱式滴定管的盛装规则
CHEMISTRY,滴定操作,滴定管的查漏与赶气泡操作
CHEMISTRY,滴定操作,滴定管的检漏、润洗与装液
CHEMISTRY,滴定操作,滴定管的结构特点与读数精度
CHEMISTRY,滴定操作,滴定管读数与滴定终点的规范表述
CHEMISTRY,滴定操作,滴定终点现象的规范描述
CHEMISTRY,滴定操作,滴定过程中的操作要点与终点判断
CHEMISTRY,滴定操作,碘量法滴定终点的判断与描述
CHEMISTRY,滴定操作,碘量法的避光与规范操作要求
CHEMISTRY,滴定操作,酸式与碱式滴定管不能互替的原因
CHEMISTRY,滴定操作,酸碱中和滴定的操作与误差分析
CHEMISTRY,滴定操作,量筒与滴定管俯视、仰视读数的偏差方向相反
CHEMISTRY,滴定操作,量筒与滴定管的读数方法
CHEMISTRY,滴定曲线,一元酸与一元碱的滴定曲线分析
CHEMISTRY,滴定曲线,中和滴定图像特殊点的分析
CHEMISTRY,滴定曲线,中和滴定图像的特殊点分析
CHEMISTRY,滴定曲线,中和滴定曲线的特征与概念辨析
CHEMISTRY,滴定曲线,中和滴定曲线紧抓五个特殊点
CHEMISTRY,滴定曲线,中和滴定过程的pH突变
CHEMISTRY,滴定曲线,双指示剂滴定与lgc-pH图像
CHEMISTRY,滴定曲线,强酸强碱滴定 pH 曲线的三个特征区
CHEMISTRY,滴定曲线,强酸（碱）滴定弱碱（酸）曲线的起点与突跃差异
CHEMISTRY,滴定曲线,沉淀溶解平衡滴定曲线的判读
CHEMISTRY,滴定曲线,沉淀滴定曲线与中和滴定曲线的分析
CHEMISTRY,滴定曲线,沉淀滴定曲线图像的读图要点
CHEMISTRY,滴定曲线,沉淀滴定曲线的读图要点
CHEMISTRY,滴定曲线,滴定曲线的pH突变
CHEMISTRY,滴定曲线,滴定终点附近的pH突变与指示剂选择
CHEMISTRY,滴定曲线,用双指示剂滴定判断碳酸钠与碳酸氢钠的混合物
CHEMISTRY,滴定曲线,酸碱中和滴定曲线的起点与突变范围
CHEMISTRY,漂白粉,84消毒液与漂白粉的有效成分
CHEMISTRY,漂白粉,氯气与碱反应制漂白液和漂白粉
CHEMISTRY,漂白粉,氯气的主要用途与工业制盐酸
CHEMISTRY,漂白粉,漂白液与漂白粉的制取、有效成分与保存
CHEMISTRY,漂白粉,漂白液与漂白粉的制备、成分与失效
CHEMISTRY,漂白粉,漂白粉的制备、漂白原理与失效原因
CHEMISTRY,漂白粉,漂白粉的成分、漂白原理与久置失效
CHEMISTRY,漂白粉,漂白粉的成分与失效原理
CHEMISTRY,漂白粉,漂白粉的成分与漂白原理
CHEMISTRY,炔烃,炔烃的结构与性质
CHEMISTRY,炔烃,炔烃的通式与碳碳三键
CHEMISTRY,炔烃的化学性质,炔烃的加成与加聚
CHEMISTRY,炔烃的化学性质,炔烃的结构与化学性质
CHEMISTRY,烃类的燃烧规律,V前-V后=+1
CHEMISTRY,烃类的燃烧规律,有机物完全燃烧的耗氧量规律
CHEMISTRY,烃类的燃烧规律,有机物燃烧定量的比较方法
CHEMISTRY,烃类的燃烧规律,有机物燃烧的定量规律
CHEMISTRY,烃类的燃烧规律,气态烃燃烧前后气体体积的变化
CHEMISTRY,烃类的燃烧规律,烃完全燃烧的规律
CHEMISTRY,烃类的燃烧规律,烃燃烧产物量的两个推论
CHEMISTRY,烃类的燃烧规律,烃燃烧前后气体体积的变化规律
CHEMISTRY,烃类的燃烧规律,烃燃烧耗氧量的比较方法
CHEMISTRY,烃类的燃烧规律,烃类的燃烧规律与体积变化
CHEMISTRY,烃类的燃烧规律,燃烧通式使用的注意事项
CHEMISTRY,烃类的燃烧规律,耗氧量可根据
CHEMISTRY,热化学方程式,化学史上著名的核反应方程
CHEMISTRY,热化学方程式,热化学方程式与化学方程式的区别
CHEMISTRY,热化学方程式,热化学方程式及其书写
CHEMISTRY,热化学方程式,热化学方程式的含义
CHEMISTRY,热化学方程式,热化学方程式的意义与书写
CHEMISTRY,热化学方程式,热化学方程式的意义与表示
CHEMISTRY,热化学方程式,热化学方程式的概念、意义与书写要求
CHEMISTRY,热化学方程式,热化学方程式的概念与意义
CHEMISTRY,热化学方程式,热化学方程式的深化理解
CHEMISTRY,热化学方程式书写注意事项,ΔH 单位中 mol^-1 的含义
CHEMISTRY,热化学方程式书写注意事项,化学方程式计算的注意事项
CHEMISTRY,热化学方程式书写注意事项,热化学方程式书写与判断的五看
CHEMISTRY,热化学方程式书写注意事项,热化学方程式书写的两条补充要求
CHEMISTRY,热化学方程式书写注意事项,热化学方程式书写的补充要求
CHEMISTRY,热化学方程式书写注意事项,热化学方程式的书写与摩尔燃烧焓
CHEMISTRY,热化学方程式书写注意事项,热化学方程式的书写步骤
CHEMISTRY,热化学方程式书写注意事项,热化学方程式的书写要求与易错点
CHEMISTRY,热化学方程式书写注意事项,热化学方程式的书写规则与易错点
CHEMISTRY,热化学方程式书写注意事项,燃烧热热化学方程式书写三要素
CHEMISTRY,热重分析法,热重分析法及其应用
CHEMISTRY,热重分析法,试样初始质量为m0
CHEMISTRY,热重分析确定金属化合物的组成,分步加热测定胆矾的内界水与外界水之比
CHEMISTRY,热重分析确定金属化合物的组成,热重分析中固体失重的先后顺序规律
CHEMISTRY,热重分析确定金属化合物的组成,热重分析固体组成的计算四步法
CHEMISTRY,热重分析确定金属化合物的组成,热重分析法与热重曲线模型
CHEMISTRY,热重分析确定金属化合物的组成,热重分析法的解题方法
CHEMISTRY,热重分析确定金属化合物的组成,热重分析法的解题步骤
CHEMISTRY,热重分析确定金属化合物的组成,热重分析法确定物质组成
CHEMISTRY,热重分析确定金属化合物的组成,热重分析的两个陷阱：吸潮与含杂质
CHEMISTRY,热重分析确定金属化合物的组成,热重图像的分析与计算
CHEMISTRY,热重分析确定金属化合物的组成,热重曲线三步分析法
CHEMISTRY,热重分析确定金属化合物的组成,热重曲线分析三步法
CHEMISTRY,热重分析确定金属化合物的组成,热重曲线分析的解题模型
CHEMISTRY,热重分析确定金属化合物的组成,热重曲线平台的组成含义
CHEMISTRY,热重分析确定金属化合物的组成,热重曲线法的应用步骤
CHEMISTRY,热重分析确定金属化合物的组成,热重曲线计算物质组成的方法
CHEMISTRY,热重分析确定金属化合物的组成,由M剩余或ΔM推断产物组成的两条路径
CHEMISTRY,热重分析确定金属化合物的组成,由热重数据求结晶水合物组成
CHEMISTRY,热重法测定物质组成,热重曲线分析的一般步骤
CHEMISTRY,烯烃,烯烃的通式与碳碳双键
CHEMISTRY,烯烃的化学性质,二烯烃的加成反应和加聚反应
CHEMISTRY,烯烃的化学性质,烯烃的加成、加聚与氧化
CHEMISTRY,烯烃的化学性质,烷烃与烯炔的鉴别与除杂试剂差异
CHEMISTRY,烯烃的化学性质,酸性高锰酸钾氧化碳碳双键的产物规律
CHEMISTRY,烯烃的顺反异构,烯烃顺反异构的产生条件
CHEMISTRY,烯烃的顺反异构,烯烃顺反异构的含义与存在条件
CHEMISTRY,烯烃的顺反异构,顺反异构
CHEMISTRY,烯烃的顺反异构,顺反异构的形成条件
CHEMISTRY,烯烃的顺反异构,顺反异构的结构简式与判断前提
CHEMISTRY,烷烃,烷烃的结构与物理性质
CHEMISTRY,烷烃的化学性质,烷烃卤代反应的三个要点
CHEMISTRY,烷烃的化学性质,烷烃的取代反应与燃烧
CHEMISTRY,烷烃的命名,烷烃的习惯命名与系统命名规则
CHEMISTRY,烷烃的命名,酯的命名
CHEMISTRY,焓变,反应方向与焓变的关系
CHEMISTRY,焓变,反应热与焓变及吸放热的判断
CHEMISTRY,焓变,焓、焓变与反应热的关系
CHEMISTRY,焓变,焓与焓变的两个易错点
CHEMISTRY,焓变,焓与焓变的两点基本认识
CHEMISTRY,焓变,焓变与反应热
CHEMISTRY,焦亚硫酸钠,焦亚硫酸钠的制备与性质
CHEMISTRY,焦亚硫酸钠,硫的含氧酸根有很多
CHEMISTRY,焰色反应,显色反应
CHEMISTRY,焰色试验,常见金属元素的焰色
CHEMISTRY,焰色试验,常见金属元素的焰色对照
CHEMISTRY,焰色试验,清洗铂丝
CHEMISTRY,焰色试验,焰色试验检验Na+与K+
CHEMISTRY,焰色试验,焰色试验的原理、操作与常见焰色
CHEMISTRY,焰色试验,焰色试验的原理与操作
CHEMISTRY,焰色试验,焰色试验的含义与性质归属
CHEMISTRY,焰色试验,焰色试验的定义、操作与常见焰色
CHEMISTRY,焰色试验,焰色试验的实验操作步骤
CHEMISTRY,焰色试验,焰色试验的操作与易错点
CHEMISTRY,焰色试验,焰色试验的概念、操作与注意点
CHEMISTRY,焰色试验,焰色试验的概念与操作
CHEMISTRY,焰色试验-易错点,焰色试验对火焰与金属丝的要求
CHEMISTRY,焰色试验-易错点,焰色试验的三个易错点
CHEMISTRY,焰色试验-易错点,焰色试验的原理与规范操作
CHEMISTRY,焰色试验-易错点,焰色试验的易错提醒
CHEMISTRY,焰色试验-易错点,焰色试验的易错点辨析
CHEMISTRY,焰色试验-易错点,焰色试验的注意事项
CHEMISTRY,焰色试验的应用,焰色试验的操作
CHEMISTRY,焰色试验的应用,焰色试验的操作与常见焰色
CHEMISTRY,煤的综合利用,煤的干馏、气化与液化
CHEMISTRY,煤的综合利用,煤的气化、液化与干馏
CHEMISTRY,煤的综合利用,煤的组成（《53知识清单·化学》第159页）
CHEMISTRY,煤的综合利用,煤的综合利用与干馏的易错点
CHEMISTRY,熟练掌握溶解-过滤-蒸发等操作-认识化学方法在物质分离和提纯中的重要作用,分离提纯类题的解题步骤
CHEMISTRY,熟练掌握溶解-过滤-蒸发等操作-认识化学方法在物质分离和提纯中的重要作用,分离提纯装置的选择与操作要点
CHEMISTRY,熟练掌握溶解-过滤-蒸发等操作-认识化学方法在物质分离和提纯中的重要作用,利用物质的溶解度对物质进行分离、提纯
CHEMISTRY,熟练掌握溶解-过滤-蒸发等操作-认识化学方法在物质分离和提纯中的重要作用,加热法
CHEMISTRY,熟练掌握溶解-过滤-蒸发等操作-认识化学方法在物质分离和提纯中的重要作用,化学方法
CHEMISTRY,熟练掌握溶解-过滤-蒸发等操作-认识化学方法在物质分离和提纯中的重要作用,升华、洗气、渗析与盐析
CHEMISTRY,熟练掌握溶解-过滤-蒸发等操作-认识化学方法在物质分离和提纯中的重要作用,工艺流程常用分离方法汇总
CHEMISTRY,熟练掌握溶解-过滤-蒸发等操作-认识化学方法在物质分离和提纯中的重要作用,常考的分离提纯操作
CHEMISTRY,熟练掌握溶解-过滤-蒸发等操作-认识化学方法在物质分离和提纯中的重要作用,常考的分离提纯操作要点
CHEMISTRY,熟练掌握溶解-过滤-蒸发等操作-认识化学方法在物质分离和提纯中的重要作用,提纯思路与粗盐提纯的试剂顺序
CHEMISTRY,熟练掌握溶解-过滤-蒸发等操作-认识化学方法在物质分离和提纯中的重要作用,沉淀法与气化法两种化学分离方法
CHEMISTRY,熟练掌握溶解-过滤-蒸发等操作-认识化学方法在物质分离和提纯中的重要作用,洗气法
CHEMISTRY,熟练掌握溶解-过滤-蒸发等操作-认识化学方法在物质分离和提纯中的重要作用,洗涤操作与六类分离方法
CHEMISTRY,熟练掌握溶解-过滤-蒸发等操作-认识化学方法在物质分离和提纯中的重要作用,流程题中易混操作的辨析
CHEMISTRY,熟练掌握溶解-过滤-蒸发等操作-认识化学方法在物质分离和提纯中的重要作用,渗析用于胶体的提纯与精制
CHEMISTRY,熟练掌握溶解-过滤-蒸发等操作-认识化学方法在物质分离和提纯中的重要作用,灼烧与液液分离及流程细节
CHEMISTRY,熟练掌握溶解-过滤-蒸发等操作-认识化学方法在物质分离和提纯中的重要作用,物理方法分离提纯的适用范围
CHEMISTRY,熟练掌握溶解-过滤-蒸发等操作-认识化学方法在物质分离和提纯中的重要作用,物质分离提纯的常用化学方法
CHEMISTRY,熟练掌握溶解-过滤-蒸发等操作-认识化学方法在物质分离和提纯中的重要作用,萃取、分液、洗气与升华的适用范围和操作要点
CHEMISTRY,熟练掌握溶解-过滤-蒸发等操作-认识化学方法在物质分离和提纯中的重要作用,萃取分液与粗盐提纯的操作要点
CHEMISTRY,熟练掌握溶解-过滤-蒸发等操作-认识化学方法在物质分离和提纯中的重要作用,蒸发与沉淀洗涤的易错点
CHEMISTRY,熟练掌握溶解-过滤-蒸发等操作-认识化学方法在物质分离和提纯中的重要作用,蒸发结晶操作要点
CHEMISTRY,熟练掌握溶解-过滤-蒸发等操作-认识化学方法在物质分离和提纯中的重要作用,蒸发结晶的操作要点与时机
CHEMISTRY,熟练掌握溶解-过滤-蒸发等操作-认识化学方法在物质分离和提纯中的重要作用,过滤、结晶、蒸馏四种物理分离方法的适用范围与要点
CHEMISTRY,熟练掌握溶解-过滤-蒸发等操作-认识化学方法在物质分离和提纯中的重要作用,过滤与蒸发结晶的操作要点
CHEMISTRY,熟练掌握溶解-过滤-蒸发等操作-认识化学方法在物质分离和提纯中的重要作用,过滤操作的要点：一贴二低三靠
CHEMISTRY,熟练掌握溶解-过滤-蒸发等操作-认识化学方法在物质分离和提纯中的重要作用,过滤操作要点：一贴二低三靠
CHEMISTRY,熟练掌握溶解-过滤-蒸发等操作-认识化学方法在物质分离和提纯中的重要作用,过滤的拓展与蒸馏操作要点
CHEMISTRY,熟练掌握溶解-过滤-蒸发等操作-认识化学方法在物质分离和提纯中的重要作用,选分离方法
CHEMISTRY,熟记硅及其化合物的特殊性质,卤素单质的特殊性
CHEMISTRY,熟记硅及其化合物的特殊性质,卤素性质的特殊性
CHEMISTRY,熟记硅及其化合物的特殊性质,探究物质的其他特殊性质
CHEMISTRY,熟记硅及其化合物的特殊性质,新型无机非金属材料与特殊含硅材料
CHEMISTRY,熟记硅及其化合物的特殊性质,氟的特殊性
CHEMISTRY,熟记硅及其化合物的特殊性质,硅单质的特殊性与反应本质
CHEMISTRY,熵和熵变的含义,反应熵变的计算、判断与对反应方向的影响
CHEMISTRY,熵和熵变的含义,熵与熵变
CHEMISTRY,熵和熵变的含义,熵与熵变的含义
CHEMISTRY,熵和熵变的含义,熵与熵变的含义及大小规律
CHEMISTRY,熵和熵变的含义,熵与熵变的含义及焓判据的局限
CHEMISTRY,熵和熵变的含义,熵减反应也能自发进行
CHEMISTRY,熵和熵变的含义,熵的含义与影响熵大小的因素
CHEMISTRY,熵和熵变的含义,离子化合物溶解过程的熵变
CHEMISTRY,燃料电池,微生物燃料电池是一种利用微生物将有机物中的化
CHEMISTRY,燃料电池,微生物燃料电池的工作原理
CHEMISTRY,燃料电池,氢氧燃料电池的原理与介质影响
CHEMISTRY,燃料电池,氢氧燃料电池的结构与正负极判断
CHEMISTRY,燃料电池,熔融盐燃料电池的构成与工作温度
CHEMISTRY,燃料电池,燃料电池电极反应式的书写三步法
CHEMISTRY,燃料电池,燃料电池的常见燃料与电解质类型
CHEMISTRY,燃料电池,燃料电池的构成与介质影响
CHEMISTRY,燃料电池,燃料电池的概念、优点与正负极判断
CHEMISTRY,燃料电池,燃料电池的概念、构成与优点
CHEMISTRY,燃料电池,燃料电池的燃料与电解质类型
CHEMISTRY,燃料电池,燃料电池的解题关键
CHEMISTRY,燃料电池,燃料电池类题目的解题关键
CHEMISTRY,燃料电池,酸性、碱性氢氧燃料电池的电极反应
CHEMISTRY,燃烧热,燃烧热的判断要点
CHEMISTRY,燃烧热,燃烧热的定义与指定产物
CHEMISTRY,燃烧热,燃烧热的概念与指定产物
CHEMISTRY,燃烧热,燃烧热的概念与理解要点
CHEMISTRY,燃烧热,研究燃烧热的意义
CHEMISTRY,燃烧通式与平均值法,燃烧通式法与平均值法确定分子式
CHEMISTRY,物理变化,物理变化与化学变化的判别
CHEMISTRY,物理变化与化学变化的两种判断方法,从宏观与微观两个视角判断变化类型
CHEMISTRY,物理变化与化学变化的两种判断方法,从溶液中获取晶体的两种方法
CHEMISTRY,物理变化与化学变化的两种判断方法,化学反应的两大变化与两大守恒
CHEMISTRY,物理变化与化学变化的两种判断方法,常见物理变化与化学变化辨析
CHEMISTRY,物理变化与化学变化的两种判断方法,易混淆的物质变化归类
CHEMISTRY,物理变化与化学变化的两种判断方法,淀粉水解程度的判断方法
CHEMISTRY,物理变化与化学变化的两种判断方法,物理变化与化学变化的判断
CHEMISTRY,物理变化与化学变化的两种判断方法,物理变化与化学变化的判断方法
CHEMISTRY,物理变化与化学变化的两种判断方法,物理变化与化学变化的判断要点
CHEMISTRY,物理变化与化学变化的两种判断方法,物理变化与化学变化的辨析
CHEMISTRY,物理变化与化学变化的两种判断方法,物质变化中的三馏四色五解与十八化归类
CHEMISTRY,物理变化与化学变化的两种判断方法,电解池阴阳极的六种判断方法
CHEMISTRY,物理变化与化学变化的两种判断方法,电解池阴阳极的判断方法
CHEMISTRY,物理变化与化学变化的两种判断方法,蒸馏、分馏、干馏的比较
CHEMISTRY,物理变化与化学变化的两种判断方法,酸的元数判断方法
CHEMISTRY,物质制备流程与条件控制,制备叠氮化钠
CHEMISTRY,物质制备流程与条件控制,制备实验中温度控制方式的选择
CHEMISTRY,物质制备流程与条件控制,加热与冷却方式的选用
CHEMISTRY,物质制备流程与条件控制,压送液体
CHEMISTRY,物质制备流程与条件控制,实验开始时
CHEMISTRY,物质制备流程与条件控制,物质制备实验的设计原则与流程
CHEMISTRY,物质制备流程与条件控制,物质制备方案的设计原则与流程
CHEMISTRY,物质变化过程中的化学键变化,传统文化中的化学物质对应
CHEMISTRY,物质变化过程中的化学键变化,传统文化中的物质组成、性质和变化
CHEMISTRY,物质变化过程中的化学键变化,化学反应的实质与键的变化
CHEMISTRY,物质变化过程中的化学键变化,化学键在溶解与熔化时的变化
CHEMISTRY,物质变化过程中的化学键变化,反应中键的断裂与形成类型判断
CHEMISTRY,物质变化过程中的化学键变化,常见物质中的化学键数目
CHEMISTRY,物质变化过程中的化学键变化,溶解或熔化时化学键的变化
CHEMISTRY,物质变化过程中的化学键变化,熔化与溶解过程中的化学键变化
CHEMISTRY,物质变化过程中的化学键变化,熔化或溶解时化学键的变化
CHEMISTRY,物质变化过程中的化学键变化,生活常识中的化学：常见物质性质与生活应用正误判断
CHEMISTRY,物质变化过程中的化学键变化,用同位素示踪判断化学键的断裂位置
CHEMISTRY,物质含量的测定方法,物质含量测定的三类方法
CHEMISTRY,物质性质验证类实验,物质性质验证的实验现象
CHEMISTRY,物质检验,Br₂蒸气与NH₃的检验方法
CHEMISTRY,物质检验,C₂H₄与Cl₂的检验方法
CHEMISTRY,物质检验,H₂、O₂、CO的检验方法
CHEMISTRY,物质检验,NO、NO₂、CH₄的检验方法
CHEMISTRY,物质检验,取样检验类设问的三个固定模板
CHEMISTRY,物质检验,常见气体的检验方法
CHEMISTRY,物质检验,常见离子检验与干扰排除
CHEMISTRY,物质检验,常见离子的检验方法
CHEMISTRY,物质检验,有机物鉴别误区与检验解题三步法
CHEMISTRY,物质检验,检验 Cl- 的操作与结论严谨性
CHEMISTRY,物质检验,检验与鉴别有机物的四种方法
CHEMISTRY,物质检验,气体检验中干扰因素的排除
CHEMISTRY,物质检验,物质检验中的四个不一定
CHEMISTRY,物质检验,物质检验的答题要领
CHEMISTRY,物质检验,物质检验的要求、步骤与原理
CHEMISTRY,物质检验,物质检验的要求、步骤与答题要领
CHEMISTRY,物质检验,离子检验中的干扰与易错结论
CHEMISTRY,物质检验,离子检验操作与现象描述的答题模板
CHEMISTRY,物质检验,离子检验的一般思路与流程
CHEMISTRY,物质检验,离子检验的三类方法与干扰排除
CHEMISTRY,物质检验,离子检验的依据
CHEMISTRY,物质检验,离子检验的方法与规范答题
CHEMISTRY,物质检验,离子检验的方法类型与常见干扰
CHEMISTRY,物质检验,离子检验的方法类型与干扰排除
CHEMISTRY,物质检验,离子检验题的解题方法
CHEMISTRY,物质检验,试纸的种类、用途与使用规范
CHEMISTRY,物质检验,鉴别、鉴定与推断的概念及鉴别思路
CHEMISTRY,物质的分类,从组成、熔沸点、性质区分纯净物与混合物
CHEMISTRY,物质的分类,依据物质的分类判断
CHEMISTRY,物质的分类,常见物质俗名与物质的分类方法
CHEMISTRY,物质的分类,氧化物与水反应的规律
CHEMISTRY,物质的分类,物质分类中的一定与不一定
CHEMISTRY,物质的分类,物质分类的两种方法
CHEMISTRY,物质的分类,物质分类的树状与交叉分类法
CHEMISTRY,物质的分类,物质的两种分类方法与常见混合物
CHEMISTRY,物质的分类,物质的分离与提纯的区别
CHEMISTRY,物质的分类,物质的分类方法
CHEMISTRY,物质的加热操作,给固体和液体加热的操作规范
CHEMISTRY,物质的化学键,1 mol 常见物质所含共价键数目
CHEMISTRY,物质的化学键,物质中化学键数目判断的注意点
CHEMISTRY,物质的溶解与加热,气体的溶解、液体的稀释与加热操作
CHEMISTRY,物质的溶解与加热操作,物质溶解、加热与仪器洗涤的操作要点
CHEMISTRY,物质的溶解与气体的吸收,物质的溶解与气体吸收的操作方法
CHEMISTRY,物质的溶解与稀释,气体、液体与固体物质的溶解方法
CHEMISTRY,物质的溶解与稀释操作,固体、气体与液体的溶解与稀释操作
CHEMISTRY,物质的组成,常见俗名与组成关系中的易错点
CHEMISTRY,物质的组成,物质的构成粒子与元素的存在形态
CHEMISTRY,物质的组成,物质的组成、分类与同素异形体
CHEMISTRY,物质的组成,物质的组成与微粒关系
CHEMISTRY,物质的组成,物质的组成与微粒间的关系
CHEMISTRY,物质的组成,物质的组成与纯净物混合物判断
CHEMISTRY,物质的组成,盐桥的组成、作用与离子移向口诀
CHEMISTRY,物质的聚集状态,塑晶态与液晶态
CHEMISTRY,物质的聚集状态,推断题眼：特殊聚集状态与密度之最的物质
CHEMISTRY,物质的聚集状态,液晶、等离子体与离子液体
CHEMISTRY,物质的聚集状态,液晶的状态与用途
CHEMISTRY,物质的聚集状态,物质的聚集状态与晶体常识
CHEMISTRY,物质的聚集状态,物质的聚集状态与特殊状态
CHEMISTRY,物质的聚集状态,物质的聚集状态与特殊聚集状态
CHEMISTRY,物质的聚集状态,物质的聚集状态补充
CHEMISTRY,物质的聚集状态,物质的聚集状态：三态、等离子体与离子液体
CHEMISTRY,物质的聚集状态,离子液体的组成与三态的构成粒子
CHEMISTRY,物质的聚集状态,等离子体
CHEMISTRY,物质的量,以物质的量为中心的换算关系
CHEMISTRY,物质的量,以物质的量为中心的计算模型
CHEMISTRY,物质的量,化学方程式计算的计量数之比规律
CHEMISTRY,物质的量,物质的量及其使用注意
CHEMISTRY,物质的量,物质的量的概念与摩尔的使用规则
CHEMISTRY,物质的量,物质的量的概念与规范表示
CHEMISTRY,物质的量,理解物质的量及其单位的四个要点
CHEMISTRY,物质的量-或浓度-时间图像,此类图像的纵坐标为某物质的平衡浓度或转化率
CHEMISTRY,物质的量-或浓度-时间图像,浓度—时间图像的三种类型
CHEMISTRY,物质的量-或浓度-时间图像,浓度—时间图像的信息提取与计算
CHEMISTRY,物质的量-或浓度-时间图像,浓度—时间图像的识图与规律
CHEMISTRY,物质的量-或浓度-时间图像,浓度（物质的量）—时间图像的识图
CHEMISTRY,物质的量-或浓度-时间图像,物质的量(浓度)—时间图像的识图与计算
CHEMISTRY,物质的量-或浓度-时间图像,物质的量—时间图像的读图与计算
CHEMISTRY,物质的量-或浓度-时间图像,物质的量（或浓度）—时间图像
CHEMISTRY,物质的量-或浓度-时间图像,由 n—t 或 c—t 图像求速率与计量数
CHEMISTRY,物质的量-或浓度-时间图像,由浓度—时间图像获取信息与计算
CHEMISTRY,物质的量-或浓度-时间图像,由物质的量—时间图像读信息
CHEMISTRY,物质的量-阿伏加德罗常数,三种平衡常数：Kc、Kp 与 Kx
CHEMISTRY,物质的量-阿伏加德罗常数,以物质的量为中心的转化关系
CHEMISTRY,物质的量-阿伏加德罗常数,反应②中H2的量更多
CHEMISTRY,物质的量-阿伏加德罗常数,将一定物质的量的Na2CO3、NaHCO3组
CHEMISTRY,物质的量-阿伏加德罗常数,指定微粒数目的计算技巧
CHEMISTRY,物质的量-阿伏加德罗常数,推断题眼：白色沉淀对应的物质
CHEMISTRY,物质的量-阿伏加德罗常数,推断题眼：黑色固体对应的物质
CHEMISTRY,物质的量-阿伏加德罗常数,摩尔、NA与6.02×10^23的区别
CHEMISTRY,物质的量-阿伏加德罗常数,标准平衡常数与物质的量分数（浓度）平衡常数
CHEMISTRY,物质的量-阿伏加德罗常数,物质的量、阿伏加德罗常数与摩尔质量
CHEMISTRY,物质的量-阿伏加德罗常数,物质的量与摩尔质量
CHEMISTRY,物质的量-阿伏加德罗常数,物质的量的含义与阿伏加德罗常数
CHEMISTRY,物质的量-阿伏加德罗常数,物质的量的概念与使用注意
CHEMISTRY,物质的量-阿伏加德罗常数,阿伏加德罗常数判断的三步法
CHEMISTRY,物质的量-阿伏加德罗常数,阿伏加德罗常数有单位
CHEMISTRY,物质的量-阿伏加德罗常数,阿伏加德罗常数正误判断的六类题型
CHEMISTRY,物质的量在化学方程式计算中的应用,化学方程式计算的步骤与规范
CHEMISTRY,物质的量在化学方程式计算中的应用,化学计量数之比等于物质的量之比
CHEMISTRY,物质的量在化学方程式计算中的应用,铝与酸、碱反应产生氢气体积比的定量结论
CHEMISTRY,物质的量是高中化学常用的物理量-请完成以下有关计算-设na为阿伏加德罗常数的值,分压定律：总压、分压与物质的量分数的关系
CHEMISTRY,物质的量是高中化学常用的物理量-请完成以下有关计算-设na为阿伏加德罗常数的值,差量法是指根据化学反应前后有关物理量发生的变
CHEMISTRY,物质的量是高中化学常用的物理量-请完成以下有关计算-设na为阿伏加德罗常数的值,常考化学常识举例
CHEMISTRY,物质的量是高中化学常用的物理量-请完成以下有关计算-设na为阿伏加德罗常数的值,混合物计算中的方程组思想
CHEMISTRY,物质的量是高中化学常用的物理量-请完成以下有关计算-设na为阿伏加德罗常数的值,钠的物理常数与缓慢氧化现象
CHEMISTRY,物质的量是高中化学常用的物理量-请完成以下有关计算-设na为阿伏加德罗常数的值,阿伏加德罗常数题的三步审答法
CHEMISTRY,物质的量是高中化学常用的物理量-请完成以下有关计算-设na为阿伏加德罗常数的值,阿伏加德罗常数：粒子数目计算要点
CHEMISTRY,物质的量浓度,溶质的几种特殊情况
CHEMISTRY,物质的量浓度,溶质的判断与溶液体积的确定
CHEMISTRY,物质的量浓度,溶质的质量分数与物质的量浓度的定义
CHEMISTRY,物质的量浓度,物质的量浓度、质量分数与溶解度的换算方法
CHEMISTRY,物质的量浓度,物质的量浓度与质量分数的换算
CHEMISTRY,物质的量浓度,物质的量浓度及其换算
CHEMISTRY,物质的量浓度,物质的量浓度概念的六个要点
CHEMISTRY,物质的量浓度,物质的量浓度的三个误区
CHEMISTRY,物质的量浓度,物质的量浓度的含义与表达式
CHEMISTRY,物质的量浓度,物质的量浓度的概念、表达式与溶质判断
CHEMISTRY,物质的量浓度,物质的量浓度的概念与换算关系
CHEMISTRY,物质的量浓度,物质的量浓度的概念与注意点
CHEMISTRY,物质的量浓度,物质的量浓度的概念与表达
CHEMISTRY,物质的量浓度,物质的量浓度的相关计算要点
CHEMISTRY,物质的量浓度,物质的量浓度计算的两个关键
CHEMISTRY,物质间不能一步实现的转化,物质转化中不能一步实现的情形
CHEMISTRY,物质间转化的5个常见易错点,常见物质转化中的五个误区
CHEMISTRY,物质间转化的5个常见易错点,常见物质间转化的五个误区
CHEMISTRY,物质间转化的5个常见易错点,推断题眼：常见连续转化链
CHEMISTRY,物质间转化的5个常见易错点,物质的性质与变化的关系及转化误区
CHEMISTRY,物质间转化的5个常见易错点,物质转化中不能一步实现的五类情况
CHEMISTRY,物质间转化的5个常见易错点,物质间转化的五个易错点
CHEMISTRY,物质间转化的5个常见易错点,由类别通性推断转化时必须核对个别物质的特性
CHEMISTRY,物质间转化的5个常见易错点,②Al2O3、SiO2、Fe2O3与H2O
CHEMISTRY,现象描述答题模板,实验操作与现象描述的规范表述
CHEMISTRY,现象描述答题模板,归因解释类问题的答题模板
CHEMISTRY,现象描述答题模板,得分点及关键词
CHEMISTRY,现象描述答题模板,离子检验的实验操作答题模板
CHEMISTRY,现象描述答题模板,答题模板
CHEMISTRY,现象描述答题模板,答题要素
CHEMISTRY,玻璃,普通玻璃生产中的两个重要反应
CHEMISTRY,玻璃,玻璃的组成与制备
CHEMISTRY,玻璃仪器的洗涤,玻璃仪器的洗净标准与洗涤方法
CHEMISTRY,玻璃纤维的性质与用途,玻璃纤维
CHEMISTRY,理解物质氧化性-还原性强弱的注意事项,pH 试纸测溶液 pH 的注意事项
CHEMISTRY,理解物质氧化性-还原性强弱的注意事项,氧化性还原性强弱判断的两点注意
CHEMISTRY,理解物质氧化性-还原性强弱的注意事项,氧化性还原性强弱理解的两点注意
CHEMISTRY,理解物质氧化性-还原性强弱的注意事项,确定物质组成的注意事项
CHEMISTRY,生活中的化学常识与常见药物,合理使用药物的原则与抗生素的利与弊
CHEMISTRY,生活中的化学常识与常见药物,有机食品与垃圾食品的含义与特点
CHEMISTRY,生活中的化学常识与常见药物,甜味素的性质（《53知识清单·化学》第167页）
CHEMISTRY,生活中的化学常识与常见药物,药物的分类、作用方式与阿司匹林
CHEMISTRY,用稀有气体元素确定主族元素位置,用稀有气体定位主族元素
CHEMISTRY,由图像确定化学方程式,由物质的量—时间图确定反应方程式
CHEMISTRY,由水电离的c(H＋)或c(OH－)的计算,水电离出的离子浓度计算模型
CHEMISTRY,甲-乙-丙三种有机物的结构如下,σ键与π键的判断与计数
CHEMISTRY,甲烷,甲烷、乙烷、乙烯、乙炔的分子结构与球棍模型结论
CHEMISTRY,甲烷,甲烷的正四面体结构（键角109°28′）
CHEMISTRY,甲烷,脂肪烃的结构与反应类型
CHEMISTRY,甲烷与氯气在光照条件下存在如下反应历程-表示电子,烷烃卤代反应的产物特征
CHEMISTRY,甲烷与氯气在光照条件下存在如下反应历程-表示电子,甲烷的取代反应：氯气光照下逐步取代生成四种氯代物
CHEMISTRY,甲烷作燃料电池的负极反应物时-其电极反应式在不同的介质中有不同的写法,原电池电极材料的多种组合方式
CHEMISTRY,甲烷作燃料电池的负极反应物时-其电极反应式在不同的介质中有不同的写法,反应物或生成物中有固体和纯液体存在时
CHEMISTRY,甲烷作燃料电池的负极反应物时-其电极反应式在不同的介质中有不同的写法,常见一次电池的电极反应
CHEMISTRY,甲烷作燃料电池的负极反应物时-其电极反应式在不同的介质中有不同的写法,常见燃料电池电极反应式的书写
CHEMISTRY,甲烷作燃料电池的负极反应物时-其电极反应式在不同的介质中有不同的写法,燃料电池与介质对电极反应式的影响
CHEMISTRY,甲烷作燃料电池的负极反应物时-其电极反应式在不同的介质中有不同的写法,燃料电池电极反应式与介质的关系
CHEMISTRY,甲烷作燃料电池的负极反应物时-其电极反应式在不同的介质中有不同的写法,燃料电池电极反应式的书写方法
CHEMISTRY,甲烷作燃料电池的负极反应物时-其电极反应式在不同的介质中有不同的写法,燃料电池电极反应式的介质差异
CHEMISTRY,甲烷作燃料电池的负极反应物时-其电极反应式在不同的介质中有不同的写法,燃料电池电极反应随介质变化
CHEMISTRY,甲烷作燃料电池的负极反应物时-其电极反应式在不同的介质中有不同的写法,燃料电池负极反应式的零价法
CHEMISTRY,甲烷作燃料电池的负极反应物时-其电极反应式在不同的介质中有不同的写法,燃料电池题的解题关键与零价法
CHEMISTRY,甲烷作燃料电池的负极反应物时-其电极反应式在不同的介质中有不同的写法,甲醇燃料电池在不同介质中的电极反应
CHEMISTRY,甲烷作燃料电池的负极反应物时-其电极反应式在不同的介质中有不同的写法,电极反应
CHEMISTRY,甲烷作燃料电池的负极反应物时-其电极反应式在不同的介质中有不同的写法,碱性甲烷燃料电池的总反应与电极反应
CHEMISTRY,甲烷作燃料电池的负极反应物时-其电极反应式在不同的介质中有不同的写法,负极质量不一定减少
CHEMISTRY,甲烷作燃料电池的负极反应物时-其电极反应式在不同的介质中有不同的写法,酸性、碱性介质中的配平规则
CHEMISTRY,甲烷氯代的自由基链反应机理,甲烷氯代反应的自由基链反应机理
CHEMISTRY,电冶金,电冶金的原理、实质与适用范围
CHEMISTRY,电冶金,电解冶炼铝的电极反应
CHEMISTRY,电冶金,电解法冶炼活泼金属的原理
CHEMISTRY,电冶金,电解熔融氯化钠制钠的电极反应
CHEMISTRY,电化学中电子流向与离子迁移方向的判断,充放电时离子与电子的移动方向
CHEMISTRY,电化学中电子流向与离子迁移方向的判断,回路分析与粒子移动方向
CHEMISTRY,电化学中电子流向与离子迁移方向的判断,电子不下水、离子不上岸：内外电路的导电微粒不同
CHEMISTRY,电化学回路中电子流向与离子迁移,电化学装置的回路与粒子移动
CHEMISTRY,电化学综合计算的三种常用方法,串联电化学装置的计算示例
CHEMISTRY,电化学综合计算的三种常用方法,以电子为桥梁的电量与产物换算
CHEMISTRY,电化学综合计算的三种常用方法,以电子转移为桥梁的电化学计算
CHEMISTRY,电化学综合计算的三种常用方法,多池串联与混合体系的电化学计算
CHEMISTRY,电化学综合计算的三种常用方法,有机合成路线设计的三种常用方法
CHEMISTRY,电化学综合计算的三种常用方法,有机物分离提纯的三种常用方法
CHEMISTRY,电化学综合计算的三种常用方法,有机物电极转移电子数的计算
CHEMISTRY,电化学综合计算的三种常用方法,气体的三种收集方法及适用气体
CHEMISTRY,电化学综合计算的三种常用方法,氮的固定的三种途径
CHEMISTRY,电化学综合计算的三种常用方法,混合物计算的三种方法：方程组、极值法、平均值法
CHEMISTRY,电化学综合计算的三种常用方法,焓变的三种计算方法与活化能关系
CHEMISTRY,电化学综合计算的三种常用方法,电化学综合计算的三种方法
CHEMISTRY,电化学综合计算的三种常用方法,电化学装置中电子守恒的运用
CHEMISTRY,电化学综合计算的三种常用方法,电化学计算的三个依据
CHEMISTRY,电化学综合计算的三种常用方法,电化学计算的三种常用方法
CHEMISTRY,电化学综合计算的三种常用方法,电化学计算的三种方法
CHEMISTRY,电化学综合计算的三种常用方法,电化学计算的三种方法与解题关键
CHEMISTRY,电化学综合计算的三种常用方法,电化学计算的常用方法与关系式
CHEMISTRY,电化学综合计算的三种常用方法,电极区溶液 pH 与质量变化的判断方法
CHEMISTRY,电化学综合计算的三种常用方法,电解计算的三种方法
CHEMISTRY,电化学综合计算的三种常用方法,电解计算的原则：阳极失电子总数等于阴极得电子总数
CHEMISTRY,电化学综合计算的三种常用方法,电解计算的电子守恒关系与三种计算方法
CHEMISTRY,电化学综合计算的三种常用方法,电量、电功的计算与副反应易错警示
CHEMISTRY,电化学装置的回路分析与离子迁移,电化学装置的回路分析与离子迁移方向
CHEMISTRY,电子云与原子轨道轮廓图,s、p 电子云的形状与轨道半径的变化
CHEMISTRY,电子云与原子轨道轮廓图,电子云、电子云轮廓图与原子轨道的定义
CHEMISTRY,电子云与原子轨道轮廓图,电子云与原子轨道的轮廓图形状
CHEMISTRY,电子守恒法计算的原理,利用电子守恒关系求解
CHEMISTRY,电子守恒法计算的原理,在电子守恒的基础上
CHEMISTRY,电子守恒法计算的原理,守恒思想与电子守恒法的原理
CHEMISTRY,电子守恒法计算的原理,守恒法计算的三大类型
CHEMISTRY,电子守恒法计算的原理,差量法计算：找准理论差量
CHEMISTRY,电子守恒法计算的原理,得失电子守恒
CHEMISTRY,电子守恒法计算的原理,得失电子守恒法的计算原理
CHEMISTRY,电子守恒法计算的原理,得失电子守恒法计算
CHEMISTRY,电子守恒法计算的原理,氧化还原反应计算的守恒依据
CHEMISTRY,电子守恒法计算的原理,氧化还原反应计算的电子守恒原理
CHEMISTRY,电子守恒法计算的原理,电化学计算的依据——得失电子守恒
CHEMISTRY,电子守恒法计算的原理,电化学计算的依据：三个相等
CHEMISTRY,电子守恒法计算的原理,电子守恒法的原理与步骤
CHEMISTRY,电子守恒法计算的原理,电子守恒法的计算原理
CHEMISTRY,电子守恒法计算的原理,电子守恒法的计算原理与流程
CHEMISTRY,电子守恒法计算的原理,电子守恒法计算
CHEMISTRY,电子守恒法计算的流程,三守恒规律与电子守恒计算流程
CHEMISTRY,电子守恒法计算的流程,三步确定氧化还原反应中电子转移的数目
CHEMISTRY,电子守恒法计算的流程,多步反应中的电子守恒计算
CHEMISTRY,电子守恒法计算的流程,守恒法解题的三步思维模型
CHEMISTRY,电子守恒法计算的流程,守恒法解题的三步思维流程
CHEMISTRY,电子守恒法计算的流程,得失电子守恒三步解题法
CHEMISTRY,电子守恒法计算的流程,得失电子守恒法的解题流程
CHEMISTRY,电子守恒法计算的流程,抓住始态与终态突破多步计算
CHEMISTRY,电子守恒法计算的流程,电子守恒法的解题流程与核心公式
CHEMISTRY,电子守恒法计算的流程,电子守恒法计算的流程与应用
CHEMISTRY,电子守恒法计算的流程,电子守恒计算的“一找二定三列”
CHEMISTRY,电子守恒法计算的流程,直接碘量法用电子守恒定关系
CHEMISTRY,电子守恒法计算的流程,间接滴定法连立多步关系式
CHEMISTRY,电子式,电子式书写的五大错误
CHEMISTRY,电子式,电子式的书写规则与判断
CHEMISTRY,电子式的书写与判断,常见物质的电子式书写要点
CHEMISTRY,电子式的书写与判断,电子式书写与形成过程表示规则
CHEMISTRY,电子式的书写与判断,电子式书写的五个易错点
CHEMISTRY,电子式的书写与判断,电子式书写的五类易错
CHEMISTRY,电子式的书写与判断,电子式书写的基本规则
CHEMISTRY,电子式的书写与判断,电子式的书写方法与注意事项
CHEMISTRY,电子式的书写注意事项,电子式书写六注意
CHEMISTRY,电子排布式,三步法书写电子排布式
CHEMISTRY,电子排布式,价层与价层电子排布
CHEMISTRY,电子排布式,当出现d轨道时
CHEMISTRY,电子排布式,由价电子排布式推断周期、族与内层电子数
CHEMISTRY,电子排布式,由电子排布推断主族的规律
CHEMISTRY,电子排布式,电子排布式与排布图的各类要求
CHEMISTRY,电子排布式,电子排布式书写的易错点
CHEMISTRY,电子排布式,电子排布式的书写与失电子顺序
CHEMISTRY,电子排布式,电子排布式的含义与书写顺序
CHEMISTRY,电子排布式,简化电子排布式与方括号的意义
CHEMISTRY,电子数相等的粒子的判断与应用,10电子微粒与18电子微粒的总结
CHEMISTRY,电子数相等的粒子的判断与应用,常见的10电子与18电子微粒
CHEMISTRY,电子数相等的粒子的判断与应用,数一下与该粒子周围距离最近的粒子数
CHEMISTRY,电子数相等的粒子的判断与应用,由得失电子总数相等知
CHEMISTRY,电子数相等的粒子的判断与应用,等电子体的判断与应用
CHEMISTRY,电子数相等的粒子的判断与应用,质子数和电子数均相等的微粒关系
CHEMISTRY,电子转移,氧化还原反应中电子转移数目的判断
CHEMISTRY,电子转移,氧化还原反应的特征、本质与电子转移表示
CHEMISTRY,电子转移,电子转移数目的判断方法
CHEMISTRY,电子转移,电子转移的两种形式与特征本质
CHEMISTRY,电子转移,转移电子数的计算方法
CHEMISTRY,电极反应式,一次电池与二次电池电极反应式的书写
CHEMISTRY,电极反应式,化学电源电极反应式的书写方法
CHEMISTRY,电极反应式,原电池电极判断与电极反应式书写
CHEMISTRY,电极反应式,原电池电极反应式的书写方法
CHEMISTRY,电极反应式,原电池电极反应式的书写步骤
CHEMISTRY,电极反应式,含未知数的电极反应式书写
CHEMISTRY,电极反应式,复杂物质简写法书写电极反应式
CHEMISTRY,电极反应式,复杂电极反应式的书写与二次电池思路
CHEMISTRY,电极反应式,有机燃料电池与活性电极的电极反应书写
CHEMISTRY,电极反应式,有机物参与电极反应的电化学装置
CHEMISTRY,电极反应式,有机物电极反应式的简写方法
CHEMISTRY,电极反应式,根据装置书写电极反应式：先定反应物再配共存离子
CHEMISTRY,电极反应式,燃料电池电极反应式书写的三点注意
CHEMISTRY,电极反应式,电极判断与电极反应式的书写
CHEMISTRY,电极反应式,电极反应三步走
CHEMISTRY,电极反应式,电极反应与物质变化的分析
CHEMISTRY,电极反应式,电极反应式书写三步法
CHEMISTRY,电极反应式,电极反应式书写的四步法
CHEMISTRY,电极反应式,电极反应式的书写
CHEMISTRY,电极反应式,电极反应式的书写规范与产物共存要求
CHEMISTRY,电极反应式,电极总反应式的四步法书写
CHEMISTRY,电极反应式,电解总反应书写的四步法
CHEMISTRY,电极反应式,电解池电极反应式与总反应式的书写要点
CHEMISTRY,电极反应式,电解池电极反应式的书写
CHEMISTRY,电极反应式,电解池电极反应式的书写步骤
CHEMISTRY,电极反应式,电解池电极反应式的书写流程
CHEMISTRY,电极反应式,离子放电顺序与电极反应式的书写
CHEMISTRY,电极反应式,配电荷时的介质选择与产物性质
CHEMISTRY,电离,电离的概念与电离方程式
CHEMISTRY,电离常数,多元弱酸溶液粒子浓度与pH的计算
CHEMISTRY,电离常数,由分布曲线交点直接读出Ka
CHEMISTRY,电离常数,由对数折线图求各级电离常数
CHEMISTRY,电离常数,电离常数的应用
CHEMISTRY,电离常数,电离平衡常数及其影响因素
CHEMISTRY,电离常数,电离平衡常数的三类应用
CHEMISTRY,电离常数,电离平衡常数的意义与影响因素
CHEMISTRY,电离常数,电离平衡常数的概念与应用
CHEMISTRY,电离常数,电离平衡常数的概念与表达式
CHEMISTRY,电离常数,电离平衡常数的表示与浓度要求
CHEMISTRY,电离常数,电离平衡常数的表达式与应用
CHEMISTRY,电离常数,相隔两级微粒交点pH的取值
CHEMISTRY,电离平衡,弱电解质电离平衡的特点
CHEMISTRY,电离平衡,影响电离平衡的条件
CHEMISTRY,电离平衡,改变条件对醋酸电离平衡的具体影响
CHEMISTRY,电离平衡,电离平衡的影响因素
CHEMISTRY,电离平衡中的7个易错点,电离平衡的七个易错点
CHEMISTRY,电离平衡常数,K与α的变化辨析
CHEMISTRY,电离平衡常数,多元弱酸中 c(H+) 的计算原则
CHEMISTRY,电离平衡常数,多元弱酸分步电离与酸性判断
CHEMISTRY,电离平衡常数,混合溶液中K的计算易错点
CHEMISTRY,电离平衡常数,电离平衡常数的概念
CHEMISTRY,电离平衡常数,电离平衡常数的概念与特点
CHEMISTRY,电离平衡常数,电离平衡常数的表达式
CHEMISTRY,电离平衡常数,电离度与电离平衡常数的区别
CHEMISTRY,电离度,几种弱电解质在相同条件下的电离度
CHEMISTRY,电离度,电离常数与电离度的关系
CHEMISTRY,电离度,电离度的概念、表示方法与影响因素
CHEMISTRY,电离度,电离度的概念及其与电离常数的区别
CHEMISTRY,电离方程式的-易错点,化学用语的区分与常见图式
CHEMISTRY,电离方程式的-易错点,多元弱碱分步电离
CHEMISTRY,电离方程式的-易错点,多元弱酸与多元弱碱电离方程式的书写
CHEMISTRY,电离方程式的-易错点,特殊电解质的电离方程式
CHEMISTRY,电离方程式的-易错点,特殊电解质的电离方程式书写
CHEMISTRY,电离方程式的-易错点,特殊电解质的电离特征
CHEMISTRY,电离方程式的-易错点,电离方程式书写易错点
CHEMISTRY,电离方程式的-易错点,电离方程式书写的拆分与符号错误
CHEMISTRY,电离方程式的-易错点,电离方程式的配比错误与书写四步逻辑
CHEMISTRY,电离能,全充满、半充满、全空结构对第一电离能的影响
CHEMISTRY,电离能,电离能与半充满、全充满
CHEMISTRY,电离能,电离能的含义、变化规律与易错点
CHEMISTRY,电离能,电离能的含义与变化规律
CHEMISTRY,电离能,电离能的含义与递变规律
CHEMISTRY,电离能,电离能的定义、变化规律与应用
CHEMISTRY,电离能,电离能的定义与第一电离能的周期性变化
CHEMISTRY,电离能,电离能的影响因素与两个特例
CHEMISTRY,电离能,电离能的概念与递变规律
CHEMISTRY,电离能,第一电离能 Na、Mg、Al 顺序的原因
CHEMISTRY,电离能,第一电离能N大于O
CHEMISTRY,电离能,第一电离能与逐级电离能的规律
CHEMISTRY,电离能,第一电离能的反常与比较
CHEMISTRY,电离能,第一电离能的反常：半充满与全充满更稳定
CHEMISTRY,电离能,第一电离能的规律与反常
CHEMISTRY,电离能,第一电离能的规律与应用
CHEMISTRY,电离能的三个重要应用,同种原子
CHEMISTRY,电离能的三个重要应用,用第一电离能的“反常点”反推元素
CHEMISTRY,电离能的三个重要应用,电离能的应用
CHEMISTRY,电离能的三个重要应用,第一电离能的反常现象
CHEMISTRY,电离能的三个重要应用,逐级电离能规律及应用
CHEMISTRY,电荷守恒在离子推断中的应用,关系式法在多步反应计算中的应用
CHEMISTRY,电荷守恒在离子推断中的应用,关系式法在滴定及多步反应计算中的应用
CHEMISTRY,电荷守恒在离子推断中的应用,巧用电荷守恒判断溶液中微粒数目
CHEMISTRY,电荷守恒在离子推断中的应用,应用原理
CHEMISTRY,电荷守恒在离子推断中的应用,意电荷守恒
CHEMISTRY,电荷守恒在离子推断中的应用,是否遵循电荷守恒与质量守恒定律
CHEMISTRY,电荷守恒在离子推断中的应用,某无色溶液中含有Na+、Ag+、Ba2+、A
CHEMISTRY,电荷守恒在离子推断中的应用,某溶液Q中含有如表所示离子中的5种离子
CHEMISTRY,电荷守恒在离子推断中的应用,波谱分析法在结构鉴定中的应用
CHEMISTRY,电荷守恒在离子推断中的应用,溶液A中存在Ba2+、Fe2+、Al3+、F
CHEMISTRY,电荷守恒在离子推断中的应用,现取三份该溶液各100mL
CHEMISTRY,电荷守恒在离子推断中的应用,电中性原则
CHEMISTRY,电荷守恒在离子推断中的应用,电化学原理在环境保护中的应用
CHEMISTRY,电荷守恒在离子推断中的应用,电荷守恒
CHEMISTRY,电荷守恒在离子推断中的应用,电荷守恒在定量型离子推断中的应用
CHEMISTRY,电荷守恒在离子推断中的应用,电荷守恒在定量离子推断中的应用
CHEMISTRY,电荷守恒在离子推断中的应用,离子推断中的特殊现象对应
CHEMISTRY,电荷守恒在离子推断中的应用,离子推断的四原则
CHEMISTRY,电解原理,以铝材为阳极
CHEMISTRY,电解原理,惰性电极电解水与盐溶液的规律
CHEMISTRY,电解原理,电冶金与熔融盐电解
CHEMISTRY,电解原理,电极产物的判断与离子放电顺序
CHEMISTRY,电解原理,电极反应与物质变化的分析模型
CHEMISTRY,电解原理,电解产物的判断与三个流向
CHEMISTRY,电解原理,电解原理、放电顺序与电解的应用
CHEMISTRY,电解原理,电解原理及规律
CHEMISTRY,电解原理,电解池中粒子的放电顺序与活性电极
CHEMISTRY,电解原理,电解池的放电顺序与产物判断
CHEMISTRY,电解原理,电解的三种类型
CHEMISTRY,电解原理,电解的定义与电解池的构成条件
CHEMISTRY,电解原理,电解综合应用的五点突破
CHEMISTRY,电解原理,阴、阳极放电顺序与产物判断
CHEMISTRY,电解原理应用的四点注意事项,化学法除杂的四原则与四注意
CHEMISTRY,电解原理应用的四点注意事项,差量法应用原理
CHEMISTRY,电解原理应用的四点注意事项,电解原理在物质制备中的应用
CHEMISTRY,电解原理应用的四点注意事项,电解原理应用的易错辨析
CHEMISTRY,电解原理应用的四点注意事项,电解原理的四个重要应用
CHEMISTRY,电解原理应用的四点注意事项,电解原理的四类工业应用
CHEMISTRY,电解原理应用的四点注意事项,电解原理的应用：电解精炼、电镀与电冶金
CHEMISTRY,电解原理应用的四点注意事项,电解法制取活泼金属的注意事项
CHEMISTRY,电解原理应用的四点注意事项,电解精炼铜与电镀的原理
CHEMISTRY,电解原理应用的四点注意事项,电解精炼铜的杂质去向与电冶金
CHEMISTRY,电解原理应用的四点注意事项,电解综合应用题的5点分析法
CHEMISTRY,电解原理应用的四点注意事项,电解过程中溶液性质的变化与复原
CHEMISTRY,电解原理应用的四点注意事项,电镀与电解精炼的电极设置与规律
CHEMISTRY,电解原理应用的四点注意事项,电镀铜与电解精炼铜的电极设置
CHEMISTRY,电解原理应用的四点注意事项,粗铜中铜的含量为99.5%～99.7%
CHEMISTRY,电解原理易错点,放电顺序的应用限制与易错点
CHEMISTRY,电解原理易错点,活性电极作阳极时的电极反应
CHEMISTRY,电解原理易错点,熔融电解冶炼钠镁铝的易错点
CHEMISTRY,电解原理易错点,电极反应式与电解方程式的书写步骤
CHEMISTRY,电解原理易错点,电解分析中易漏的两项检查
CHEMISTRY,电解原理易错点,电解时两极的放电顺序
CHEMISTRY,电解和电解池,多膜电解池电极反应式的书写
CHEMISTRY,电解和电解池,电解 CuCl₂ 溶液的三个补充结论
CHEMISTRY,电解和电解池,电解与电解池的构成与放电
CHEMISTRY,电解和电解池,电解与电解池的组成与放电
CHEMISTRY,电解和电解池,电解和电解池的构成与工作原理
CHEMISTRY,电解和电解池,电解的适用条件、装置判别与三个方向
CHEMISTRY,电解水,电解水实验与现象分析
CHEMISTRY,电解池,惰性电极电解溶液的四种类型
CHEMISTRY,电解池,电极反应式与电解方程式的书写
CHEMISTRY,电解池,电解池原理与阴阳极放电顺序
CHEMISTRY,电解池,电解池电极反应式的三看三注意
CHEMISTRY,电解池,电解池的工作原理与电极判断
CHEMISTRY,电解池,电解池的构成与工作原理
CHEMISTRY,电解池,电解的定义、电解池的构成条件与工作原理
CHEMISTRY,电解池,电解精炼铜与电冶金
CHEMISTRY,电解池,电解规律：阳极与阴极产物的判断
CHEMISTRY,电解池,阴、阳极的判断依据与放电顺序
CHEMISTRY,电解池工作原理-以电解cucl2溶液为例,惰性电极电解氯化铜溶液模型
CHEMISTRY,电解池工作原理-以电解cucl2溶液为例,电解 CuCl₂ 溶液的实验装置与操作
CHEMISTRY,电解池工作原理-以电解cucl2溶液为例,电解 CuCl₂ 溶液的现象与产物判断
CHEMISTRY,电解池工作原理-以电解cucl2溶液为例,电解 CuCl₂ 溶液的电极反应与实验结论
CHEMISTRY,电解池工作原理-以电解cucl2溶液为例,电解与电解池
CHEMISTRY,电解池工作原理-以电解cucl2溶液为例,电解池的定义与工作原理
CHEMISTRY,电解池工作原理-以电解cucl2溶液为例,电解池的工作原理与两极产物判断
CHEMISTRY,电解池工作原理-以电解cucl2溶液为例,电解池的工作原理与阴阳极判断
CHEMISTRY,电解池工作原理-以电解cucl2溶液为例,通电前后 CuCl₂ 溶液中离子的运动与两极反应
CHEMISTRY,电解池工作原理-以电解cucl2溶液为例,阴、阳极放电顺序与电极类型
CHEMISTRY,电解精炼,电解精炼（粗铜的提纯）
CHEMISTRY,电解精炼铜,电解精炼铜的电极与阳极泥
CHEMISTRY,电解精炼铜,电解精炼铜的装置与阳极反应产物分析
CHEMISTRY,电解精炼铜,电解精炼铜的阴极反应与产品纯度
CHEMISTRY,电解质,电解的四种基本类型
CHEMISTRY,电解质及其分类,熔融状态下电离的特殊情况
CHEMISTRY,电解质及其分类,电解质、非电解质与强弱电解质
CHEMISTRY,电解质及其分类,电解质与非电解质的判断
CHEMISTRY,电解质及其分类,电解质与非电解质的本质区别及两个判断角度
CHEMISTRY,电解质及其分类,电解质判断的四个注意点
CHEMISTRY,电解质及其分类,电解质的概念与强电解质弱电解质
CHEMISTRY,电解质及其分类,陌生情境下新型电解质的电离判断
CHEMISTRY,电解质导电性的-易错点,电解质判断的易错点
CHEMISTRY,电解质概念和判断的几个-特殊点,对数图像的解题策略五步
CHEMISTRY,电解质概念和判断的几个-特殊点,平衡判断的动态标志与静态标志
CHEMISTRY,电解质概念和判断的几个-特殊点,强弱电解质的划分与记忆方法
CHEMISTRY,电解质概念和判断的几个-特殊点,特殊平衡线图像（L 线上的点都是平衡点）
CHEMISTRY,电解质概念和判断的几个-特殊点,电解与电解池的概念
CHEMISTRY,电解质概念和判断的几个-特殊点,电解质与非电解质概念的六个辨析点
CHEMISTRY,电解质概念和判断的几个-特殊点,电解质与非电解质的判断要点
CHEMISTRY,电解质概念和判断的几个-特殊点,电解质与非电解质的判断边界
CHEMISTRY,电解质概念和判断的几个-特殊点,电解质判断中的边界模糊问题
CHEMISTRY,电解质概念和判断的几个-特殊点,电解质判断的常见误区
CHEMISTRY,电解质概念和判断的几个-特殊点,纯净物与混合物判断的特殊情况
CHEMISTRY,电解质溶液的导电原理,电解质溶液的导电原理与导电能力比较
CHEMISTRY,电解质溶液的导电性,强、弱电解质与金属导电能力的比较
CHEMISTRY,电解质溶液的导电性,惰性电极电解溶液的四种类型规律
CHEMISTRY,电解质溶液的导电性,溶液导电能力的实质与电导率变化实验
CHEMISTRY,电解质溶液的导电性,滴加过程导电能力变化的判断
CHEMISTRY,电解质溶液的导电性,电解后溶液的复原措施
CHEMISTRY,电解质溶液的导电性,电解质溶液中微粒数目的 NA 陷阱
CHEMISTRY,电解质溶液的导电性,电解质溶液中的物料守恒（元素守恒）
CHEMISTRY,电解质溶液的导电性,电解质溶液中的质子守恒
CHEMISTRY,电解质溶液的导电性,电解质溶液导电能力的判断
CHEMISTRY,电解质溶液的导电性,电解质溶液导电能力的影响因素
CHEMISTRY,电解质溶液的导电性,电解质溶液的导电原理与导电能力变化
CHEMISTRY,电解质溶液的导电性,电解质溶液的导电能力
CHEMISTRY,电解质的电离,两性氢氧化物的电离
CHEMISTRY,电解质的电离,从电离角度定义酸、碱、盐
CHEMISTRY,电解质的电离,从电离角度认识酸、碱、盐
CHEMISTRY,电解质的电离,特殊电解质的电离
CHEMISTRY,电解质的电离,电离与电离方程式的书写
CHEMISTRY,电解质的电离,电离方程式的书写方法
CHEMISTRY,电解质的电离,电离方程式的书写规律
CHEMISTRY,电解质的电离,电离概念与电离方程式书写
CHEMISTRY,电解质的电离,电解质的“拆”分原则
CHEMISTRY,电解质的电离,电解质的电离与电离方程式书写
CHEMISTRY,电解质的电离,酸式盐的电离方程式书写
CHEMISTRY,电解质的电离的-易错点,电解质的电离易错点
CHEMISTRY,电解过程中溶液性质的变化与溶液复原,电解后溶液性质的变化与复原
CHEMISTRY,电解过程中溶液性质的变化与溶液复原,电解时阴极区、阳极区的酸碱性变化规律
CHEMISTRY,电解饱和食盐水-氯碱工业,氯气的工业制法与粗盐的精制
CHEMISTRY,电解饱和食盐水-氯碱工业,氯碱工业
CHEMISTRY,电解饱和食盐水-氯碱工业,氯碱工业——电解饱和食盐水
CHEMISTRY,电解饱和食盐水-氯碱工业,氯碱工业——离子交换膜法电解饱和食盐水
CHEMISTRY,电解饱和食盐水-氯碱工业,氯碱工业与阳离子交换膜的作用
CHEMISTRY,电解饱和食盐水-氯碱工业,氯碱工业产品及其应用
CHEMISTRY,电解饱和食盐水-氯碱工业,氯碱工业的原理与粗盐水精制
CHEMISTRY,电解饱和食盐水-氯碱工业,氯碱工业的反应原理与交换膜作用
CHEMISTRY,电解饱和食盐水-氯碱工业,氯碱工业：电解饱和食盐水
CHEMISTRY,电解饱和食盐水-氯碱工业,氯碱工业：电解饱和食盐水的电极反应与交换膜作用
CHEMISTRY,电解饱和食盐水-氯碱工业,海水资源的开发利用（氯碱工业）
CHEMISTRY,电解饱和食盐水-氯碱工业,电解饱和食盐水与氯碱工业
CHEMISTRY,电解饱和食盐水-氯碱工业,电解饱和食盐水的原理分析与电极反应
CHEMISTRY,电解饱和食盐水-氯碱工业,电解饱和食盐水的实验探究
CHEMISTRY,电解饱和食盐水-氯碱工业,阳离子交换膜法电解饱和食盐水
CHEMISTRY,电解饱和食盐水-氯碱工业,阴极：2H2O+2e-=H2↑+
CHEMISTRY,电负性,元素周期律与电负性递变
CHEMISTRY,电负性,有机物酸碱性强弱的比较
CHEMISTRY,电负性,用电负性差判断化合物类型
CHEMISTRY,电负性,电负性的含义、变化规律与三大应用
CHEMISTRY,电负性,电负性的含义、标准与规律
CHEMISTRY,电负性,电负性的含义、衡量标准与递变规律
CHEMISTRY,电负性,电负性的含义与三大应用
CHEMISTRY,电负性,电负性的含义与变化规律
CHEMISTRY,电负性,电负性的定义、变化规律与应用
CHEMISTRY,电负性的三个重要应用,用电负性判断金属性非金属性与元素化合价
CHEMISTRY,电负性的三个重要应用,电离能与电负性的含义及应用
CHEMISTRY,电负性的三个重要应用,电负性的三个应用
CHEMISTRY,电负性的三个重要应用,电负性的五点应用
CHEMISTRY,电负性的三个重要应用,电负性的应用
CHEMISTRY,电负性的三个重要应用,电负性的递变规律与三类应用
CHEMISTRY,电镀与电解精炼,电镀与电解精炼的原理
CHEMISTRY,电镀与电解精炼,电镀铜与电解精炼铜的对比
CHEMISTRY,盐桥的作用,盐桥的成分与三重作用
CHEMISTRY,盐桥的作用与双液原电池,盐桥中电解质的选择要求
CHEMISTRY,盐桥的作用与双液原电池,盐桥的成分与三大作用
CHEMISTRY,盐桥的作用与双液原电池,盐桥（含 KCl）的制作方法及其导电作用
CHEMISTRY,盐溶液,三类盐溶液中由水电离出的离子浓度
CHEMISTRY,盐溶液,盐溶液中由水电离的离子浓度关系
CHEMISTRY,盐溶液,盐溶液的酸碱性及原因
CHEMISTRY,盐溶液蒸干灼烧时所得产物的判断,不同类型盐溶液蒸干所得产物的判断
CHEMISTRY,盐溶液蒸干灼烧时所得产物的判断,把AlCl3溶液蒸干灼烧
CHEMISTRY,盐溶液蒸干灼烧时所得产物的判断,盐溶液蒸干灼烧产物的典型实例
CHEMISTRY,盐溶液蒸干灼烧时所得产物的判断,盐溶液蒸干灼烧产物的判断
CHEMISTRY,盐溶液蒸干灼烧时所得产物的判断,盐溶液蒸干灼烧产物的判断依据
CHEMISTRY,盐溶液蒸干灼烧时所得产物的判断,盐溶液蒸干灼烧所得产物的判断
CHEMISTRY,盐溶液蒸干灼烧时所得产物的判断,盐溶液蒸干（灼烧）产物的判断
CHEMISTRY,盐溶液酸碱性的判断,Ka 与 Kb 相等时盐溶液显中性
CHEMISTRY,盐溶液酸碱性的判断,使石蕊变红的不一定是酸溶液
CHEMISTRY,盐溶液酸碱性的判断,四类盐的划分与常见实例
CHEMISTRY,盐溶液酸碱性的判断,弱酸酸式盐溶液酸碱性的判断
CHEMISTRY,盐溶液酸碱性的判断,弱酸酸式盐溶液酸碱性的判断方法
CHEMISTRY,盐溶液酸碱性的判断,推断盐溶液性质的三部曲
CHEMISTRY,盐溶液酸碱性的判断,正盐溶液不一定中性、酸式盐溶液不一定酸性
CHEMISTRY,盐溶液酸碱性的判断,盐溶液的酸碱性及其原因
CHEMISTRY,盐溶液酸碱性的判断,盐溶液酸碱性的判断规律
CHEMISTRY,盐溶液酸碱性的判断,盐溶液酸碱性的解释示例
CHEMISTRY,盐溶液酸碱性的判断,盐的分类与盐溶液酸碱性的判断
CHEMISTRY,盐溶液酸碱性的判断,盐的分类方式
CHEMISTRY,盐溶液酸碱性的判断,盐的类型与盐溶液酸碱性的对应关系
CHEMISTRY,盐溶液酸碱性的判断,酸式盐与弱酸弱碱盐酸碱性的判断
CHEMISTRY,盐溶液酸碱性的判断,酸式盐溶液酸碱性的判断
CHEMISTRY,盐类水解,NH₄Cl 溶液中的水解过程与水解离子方程式
CHEMISTRY,盐类水解,盐溶液呈现不同酸碱性的原因
CHEMISTRY,盐类水解,盐类水解反应的特点与方程式写法
CHEMISTRY,盐类水解,盐类水解的三个特点
CHEMISTRY,盐类水解,盐类水解的定义、分类与规律
CHEMISTRY,盐类水解,盐类水解的定义、条件与实质
CHEMISTRY,盐类水解,盐类水解的定义与发生条件
CHEMISTRY,盐类水解,盐类水解的实质：破坏水的电离平衡
CHEMISTRY,盐类水解,盐类水解的常见应用
CHEMISTRY,盐类水解,盐类水解的条件、实质与结果
CHEMISTRY,盐类水解,盐类水解的条件与实质
CHEMISTRY,盐类水解,盐类水解的相关概念
CHEMISTRY,盐类水解,铵根离子水解的方程式与实质
CHEMISTRY,盐类水解的三个误区,水解发生的条件与水解方程式的辨认
CHEMISTRY,盐类水解的三个误区,盐类水解方程式书写的误区
CHEMISTRY,盐类水解的三个误区,盐类水解认识上的三个误区
CHEMISTRY,盐类水解的三个误区,难溶盐一般不考虑水解
CHEMISTRY,盐类水解的影响因素,影响盐类水解的主要因素
CHEMISTRY,盐类水解的影响因素,影响盐类水解的内因与外因
CHEMISTRY,盐类水解的影响因素,影响盐类水解的因素
CHEMISTRY,盐类水解的影响因素,影响盐类水解的外界因素
CHEMISTRY,盐类水解的影响因素,影响盐类水解程度的内因与外因
CHEMISTRY,盐类水解的影响因素,易水解盐类的制备、结晶与保存条件
CHEMISTRY,盐类水解的影响因素,水解平衡体系中加水：平衡右移但水解粒子浓度减小
CHEMISTRY,盐类水解的影响因素,盐类水解的三个特点：可逆、吸热、微弱
CHEMISTRY,盐类水解的影响因素,盐类水解的影响因素与蒸干产物判断
CHEMISTRY,盐类水解的影响因素,盐类水解的影响因素：内因与外因
CHEMISTRY,盐类水解的影响因素,盐类水解的结果
CHEMISTRY,盐类水解的影响因素,防水解
CHEMISTRY,盐类水解的规律及拓展应用,多元弱酸酸式盐溶液酸碱性的判断
CHEMISTRY,盐类水解的规律及拓展应用,水解原理在实验与物质制备中的应用
CHEMISTRY,盐类水解的规律及拓展应用,水解原理在配制、保存与生活中的应用
CHEMISTRY,盐类水解的规律及拓展应用,泡沫灭火器原理
CHEMISTRY,盐类水解的规律及拓展应用,泡沫灭火器的构造与双水解灭火原理
CHEMISTRY,盐类水解的规律及拓展应用,活泼金属与强酸弱碱盐溶液的反应
CHEMISTRY,盐类水解的规律及拓展应用,用水解原理判断离子能否大量共存
CHEMISTRY,盐类水解的规律及拓展应用,用水解原理除杂的两个注意点
CHEMISTRY,盐类水解的规律及拓展应用,盐类水解在工业生产与实验中的应用
CHEMISTRY,盐类水解的规律及拓展应用,盐类水解在工农业生产与生活中的应用
CHEMISTRY,盐类水解的规律及拓展应用,盐类水解在日常生产生活中的应用
CHEMISTRY,盐类水解的规律及拓展应用,盐类水解在日常生活与工业生产中的应用
CHEMISTRY,盐类水解的规律及拓展应用,盐类水解在科学研究中的四类应用
CHEMISTRY,盐类水解的规律及拓展应用,盐类水解应用题的解题流程
CHEMISTRY,盐类水解的规律及拓展应用,盐类水解的实际应用：促进与抑制
CHEMISTRY,盐类水解的规律及拓展应用,盐类水解的应用
CHEMISTRY,盐类水解的规律及拓展应用,盐类水解的条件、实质与规律
CHEMISTRY,盐类水解的规律及拓展应用,盐类水解的特征与强弱规律
CHEMISTRY,盐类水解的规律及拓展应用,盐类水解的特征与规律
CHEMISTRY,盐类水解的规律及拓展应用,盐类水解的规律
CHEMISTRY,盐类水解的规律及拓展应用,盐类水解的规律与影响因素
CHEMISTRY,盐类水解的规律及拓展应用,盐类水解的规律与酸式盐酸碱性
CHEMISTRY,盐类水解的规律及拓展应用,盐类水解的规律口诀
CHEMISTRY,盐类水解的规律及拓展应用,盐类水解的规律（七句口诀）
CHEMISTRY,盐类水解的规律及拓展应用,盐类水解规律的口诀与拓展
CHEMISTRY,盐类水解的规律及拓展应用,蒸发、反应时的气体氛围
CHEMISTRY,盐类水解离子方程式的书写,不同类型盐水解的离子方程式模板
CHEMISTRY,盐类水解离子方程式的书写,双水解与酸式盐方程式的写法
CHEMISTRY,盐类水解离子方程式的书写,多元弱碱强酸盐的水解离子方程式写成一步
CHEMISTRY,盐类水解离子方程式的书写,多元弱碱盐
CHEMISTRY,盐类水解离子方程式的书写,多重反应离子方程式书写时的注意点
CHEMISTRY,盐类水解离子方程式的书写,广义水解产物的书写形式
CHEMISTRY,盐类水解离子方程式的书写,弱酸弱碱盐与双水解的书写
CHEMISTRY,盐类水解离子方程式的书写,弱酸弱碱盐与彻底双水解的书写
CHEMISTRY,盐类水解离子方程式的书写,水解反应的离子方程式的书写
CHEMISTRY,盐类水解离子方程式的书写,水解方程式书写原则与两类示例
CHEMISTRY,盐类水解离子方程式的书写,水解离子方程式的书写三原则
CHEMISTRY,盐类水解离子方程式的书写,水解程度微弱带来的书写约定
CHEMISTRY,盐类水解离子方程式的书写,特殊化合物的水解方程式
CHEMISTRY,盐类水解离子方程式的书写,盐类水解离子方程式的书写原则
CHEMISTRY,盐类水解离子方程式的书写,盐类水解离子方程式的书写模式与分类示例
CHEMISTRY,盐类水解离子方程式的书写,盐类水解离子方程式的书写规则
CHEMISTRY,盐类水解离子方程式的书写,相互促进的水解（双水解）方程式的写法与实例
CHEMISTRY,盐类水解程度大小比较的规律,不同弱离子水解程度的比较
CHEMISTRY,盐类水解程度大小比较的规律,弱酸弱碱盐溶液的酸碱性由弱酸与弱碱的相对强弱决定
CHEMISTRY,盐类水解程度大小比较的规律,电离常数与盐水解程度的关系
CHEMISTRY,盐类水解程度大小比较的规律,盐溶液酸碱性的根本原因：能否结合生成弱电解质
CHEMISTRY,盐类水解程度大小比较的规律,盐类水解程度的比较规律
CHEMISTRY,盐类水解程度大小比较的规律,盐类水解规律的口诀与溶液酸碱性判断
CHEMISTRY,盐类水解程度大小比较的规律,若电离程度大于水解程度
CHEMISTRY,盖斯定律,应用盖斯定律计算反应热的四条注意
CHEMISTRY,盖斯定律,焓变的加合性
CHEMISTRY,盖斯定律,用盖斯定律叠加计算反应热
CHEMISTRY,盖斯定律,用能量守恒定律验证盖斯定律
CHEMISTRY,盖斯定律,盖斯定律与两种计算反应热的方法
CHEMISTRY,盖斯定律,盖斯定律的内容与两种计算方法
CHEMISTRY,盖斯定律,盖斯定律的内容与实质
CHEMISTRY,盖斯定律,盖斯定律的内容与意义
CHEMISTRY,盖斯定律,盖斯定律的内容与运算规则
CHEMISTRY,盖斯定律,盖斯定律的含义与应用
CHEMISTRY,盖斯定律,盖斯定律解题技巧：唯一入手、同加异减
CHEMISTRY,盖斯定律的应用,反应热的五条计算途径
CHEMISTRY,盖斯定律的应用,找唯一的反应热速算法
CHEMISTRY,盖斯定律的应用,盖斯定律的应用与反应关系
CHEMISTRY,相同ph-相同体积的一元强酸与一元弱酸的比较,①同温、同压、同体积的任何气体的分子数相等
CHEMISTRY,相同ph-相同体积的一元强酸与一元弱酸的比较,一元强酸与一元弱酸的比较
CHEMISTRY,相同ph-相同体积的一元强酸与一元弱酸的比较,多元弱酸的酸根离子比相应的酸式酸根离子的水解
CHEMISTRY,相同ph-相同体积的一元强酸与一元弱酸的比较,相同浓度与相同 c(H+) 的强弱酸比较
CHEMISTRY,相同ph-相同体积的一元强酸与一元弱酸的比较,相同浓度与相同pH的盐酸和醋酸比较
CHEMISTRY,相同ph-相同体积的一元强酸与一元弱酸的比较,相同浓度或相同pH的一元强酸弱酸比较
CHEMISTRY,相对原子质量,原子的相对原子质量与元素的相对原子质量
CHEMISTRY,相对原子质量(核素与元素),三种相对原子质量的区分
CHEMISTRY,相对原子质量与近似相对原子质量,相对原子质量与近似相对原子质量的求法
CHEMISTRY,看-标准状况-下物质是否为-气体,22.4 L气体在标准状况下的物质的量是1
CHEMISTRY,看-标准状况-下物质是否为-气体,抓两看突破气体与状况陷阱
CHEMISTRY,看-标准状况-下物质是否为-气体,标准状况下不是气体的常见物质
CHEMISTRY,看-标准状况-下物质是否为-气体,标准状况下的非气态常见物质
CHEMISTRY,看-标准状况-下物质是否为-气体,气体摩尔体积适用条件的三个审题点
CHEMISTRY,看-标准状况-下物质是否为-气体,突破气体与状况陷阱的“两看”
CHEMISTRY,看-气体-是否处于-标准状况-0-101kpa,22.4 L·mol⁻¹的适用条件
CHEMISTRY,看-气体-是否处于-标准状况-0-101kpa,在标准状况下
CHEMISTRY,看-气体-是否处于-标准状况-0-101kpa,气体摩尔体积的两看陷阱
CHEMISTRY,看-气体-是否处于-标准状况-0-101kpa,气体摩尔体积相关的典型错误与成因
CHEMISTRY,看-气体-是否处于-标准状况-0-101kpa,适应对象
CHEMISTRY,石油的综合利用,化石燃料的综合利用
CHEMISTRY,石油的综合利用,煤、石油、天然气的综合利用
CHEMISTRY,石油的综合利用,石油和煤加工中的三馏与两裂
CHEMISTRY,石油的综合利用,石油的组成与加工方式
CHEMISTRY,硅,晶体硅的性质与特性
CHEMISTRY,硅,硅单质的性质与用途
CHEMISTRY,硅,硅及其化合物的特殊性
CHEMISTRY,硅,硅的制备与用途
CHEMISTRY,硅及其化合物的-七大-误区,二氧化硅与硅酸的特殊性质
CHEMISTRY,硅及其化合物的-七大-误区,含硅化合物的特殊性与常见饰品成分
CHEMISTRY,硅及其化合物的-七大-误区,含硅化合物的特殊性与易混点
CHEMISTRY,硅及其化合物的-七大-误区,硅及其化合物的七大误区
CHEMISTRY,硅及其化合物的-七大-误区,硅及其化合物的易错认识
CHEMISTRY,硅及其化合物的-七大-误区,硅的特殊性质六点
CHEMISTRY,硅的工业制法,制备纯硅试题中的常见反应
CHEMISTRY,硅的工业制法,单质硅的工业制备
CHEMISTRY,硅的工业制法,由SiO₂制粗硅再制纯硅的方程式
CHEMISTRY,硅的工业制法,硅的制备
CHEMISTRY,硅的工业制法,硅的工业制法与提纯流程
CHEMISTRY,硅的工业制法,硅的工业制法及提纯三步
CHEMISTRY,硅的工业制法,硝酸的工业制法：氨的催化氧化法
CHEMISTRY,硅的工业制法,粗硅与高纯硅的工业制备
CHEMISTRY,硅酸和硅酸盐,硅酸与硅酸钠
CHEMISTRY,硅酸和硅酸盐,硅酸与硅酸钠的性质、制备与保存
CHEMISTRY,硅酸和硅酸盐,硅酸与硅酸钠（水玻璃）
CHEMISTRY,硅酸和硅酸盐,硅酸的性质、制取与用途
CHEMISTRY,硅酸和硅酸盐,硅酸的性质、制备与用途
CHEMISTRY,硅酸和硅酸盐,硅酸的性质与硅酸盐结构
CHEMISTRY,硅酸盐,传统硅酸盐材料：陶瓷、玻璃、水泥
CHEMISTRY,硅酸盐,传统硅酸盐材料：陶瓷、玻璃与水泥
CHEMISTRY,硅酸盐,硅酸盐的结构与基本性质
CHEMISTRY,硅酸盐改写成氧化物形式的方法,硅酸盐氧化物形式的改写规则
CHEMISTRY,硅酸盐改写成氧化物形式的方法,硅酸盐的氧化物表示法
CHEMISTRY,硅酸盐改写成氧化物形式的方法,硅酸盐的组成与氧化物形式的改写
CHEMISTRY,硅酸盐改写成氧化物形式的方法,硅酸盐组成的氧化物表示法
CHEMISTRY,硝酸,久置浓硝酸变黄的处理
CHEMISTRY,硝酸,使用硝酸酸性时不可忽略强氧化性
CHEMISTRY,硝酸,使用硝酸酸性时不能忽略强氧化性
CHEMISTRY,硝酸,浓硝酸的强氧化性与反应规律
CHEMISTRY,硝酸,王水与硝酸的浓硫酸制法
CHEMISTRY,硝酸,硝酸与还原性物质的反应及浓硝酸的保存
CHEMISTRY,硝酸,硝酸可氧化H2S、SO2、Na2SO3、HI
CHEMISTRY,硝酸,硝酸的实验室制法
CHEMISTRY,硝酸,硝酸的工业制法
CHEMISTRY,硝酸,硝酸的工业制法与常考易错点
CHEMISTRY,硝酸,硝酸的强氧化性与还原产物规律
CHEMISTRY,硝酸,硝酸的性质
CHEMISTRY,硝酸,硝酸的性质、制法与不稳定性
CHEMISTRY,硝酸,硝酸的性质、用途与保存
CHEMISTRY,硝酸,硝酸的性质与工业制法
CHEMISTRY,硝酸,硝酸的性质与强氧化性反应
CHEMISTRY,硝酸,硝酸的有机反应、用途、工业制法与保存
CHEMISTRY,硝酸,硝酸的物理性质、不稳定性与酸的通性
CHEMISTRY,硝酸,硝酸的物理性质、通性、不稳定性与强氧化性
CHEMISTRY,硝酸,硝酸的物理性质与不稳定性
CHEMISTRY,硝酸,硝酸的结构、性质与工业制法
CHEMISTRY,硝酸,硝酸的重要方程式荟萃
CHEMISTRY,硝酸,硝酸盐的性质与热分解规律
CHEMISTRY,硝酸,硝酸盐的溶解性与热分解规律
CHEMISTRY,硝酸与金属反应的规律,多角度突破硝酸的强氧化性
CHEMISTRY,硝酸与金属反应的规律,浓硝酸与铜反应的化学方程式
CHEMISTRY,硝酸与金属反应的规律,硝酸与金属反应的规律及计算
CHEMISTRY,硝酸与金属反应的规律,硝酸与金属反应的计算方法
CHEMISTRY,硝酸与金属反应的规律,硝酸的强氧化性
CHEMISTRY,硝酸与金属反应的规律,硝酸的强氧化性表现与金属反应规律
CHEMISTRY,硝酸与金属反应的规律,金属与硝酸反应的规律与考法
CHEMISTRY,硝酸与金属反应的规律,铜丝表面缓慢放出气泡
CHEMISTRY,硝酸与金属反应的规律,铜过量时还原产物由二氧化氮变为一氧化氮
CHEMISTRY,硫,常见含硫物质及其化学式
CHEMISTRY,硫,硫与金属、氧气反应的方程式
CHEMISTRY,硫,硫元素的存在形态
CHEMISTRY,硫,硫元素的存在形态与硫单质的性质
CHEMISTRY,硫与变价金属的反应规律,硫与变价金属反应只生成低价态硫化物
CHEMISTRY,硫与变价金属的反应规律,硫与变价金属反应只生成低价硫化物
CHEMISTRY,硫代硫酸钠,硫代硫酸钠的制备与性质
CHEMISTRY,硫代硫酸钠,硫代硫酸钠的性质与应用
CHEMISTRY,硫代硫酸钠的性质,硫代硫酸钠的性质与用途
CHEMISTRY,硫化氢的性质,硫化氢的性质与氢硫酸
CHEMISTRY,硫化氢的性质,硫化氢的物理性质与化学性质
CHEMISTRY,硫化氢的性质,硫化氢的结构与性质
CHEMISTRY,硫化钠转化为单质硫,二氧化硫与硫化钠反应生成硫
CHEMISTRY,硫单质,硫与非金属、强酸强碱的反应及用途
CHEMISTRY,硫单质,硫单质、CS2均属于非极性分子
CHEMISTRY,硫单质,硫单质的存在、性质与应用
CHEMISTRY,硫单质,硫单质的存在、性质与用途
CHEMISTRY,硫单质,硫单质的存在形态、物理性质与化学性质
CHEMISTRY,硫单质,硫单质的性质与存在形态
CHEMISTRY,硫单质,硫单质的性质与应用
CHEMISTRY,硫单质,硫单质的物理性质
CHEMISTRY,硫单质,硫原子的结构与单质硫的价态
CHEMISTRY,硫单质,硫的实验室处理与黑火药
CHEMISTRY,硫及其化合物之间的转化规律,不同价态与不同类别含硫物质的转化规律
CHEMISTRY,硫及其化合物之间的转化规律,不同价态硫的转化规律
CHEMISTRY,硫及其化合物之间的转化规律,不同价态硫转化的台阶式升降与归中规律
CHEMISTRY,硫及其化合物之间的转化规律,同价态含硫化合物之间的转化
CHEMISTRY,硫及其化合物之间的转化规律,含硫物质的归中规律
CHEMISTRY,硫及其化合物之间的转化规律,含硫物质转化的两条主线
CHEMISTRY,硫及其化合物之间的转化规律,含硫物质转化的价态升降规律
CHEMISTRY,硫及其化合物之间的转化规律,含硫物质转化类型的判断方法
CHEMISTRY,硫及其化合物之间的转化规律,图所示某固态单质A及其化合物之间的转化关系
CHEMISTRY,硫及其化合物之间的转化规律,煅烧含硫量高的矿物得到高浓度
CHEMISTRY,硫及其化合物之间的转化规律,相同价态硫的转化途径
CHEMISTRY,硫及其化合物之间的转化规律,硫元素化合价与转化规律
CHEMISTRY,硫及其化合物之间的转化规律,硫元素的“价—类”二维图
CHEMISTRY,硫及其化合物之间的转化规律,硫及其化合物的“价—类”二维图分析
CHEMISTRY,硫及其化合物之间的转化规律,硫及其化合物的价态与转化关系
CHEMISTRY,硫及其化合物之间的转化规律,硫及其化合物的价类转化规律
CHEMISTRY,硫及其化合物之间的转化规律,硫及其化合物的转化规律
CHEMISTRY,硫及其化合物之间的转化规律,硫及其化合物间的转化规律
CHEMISTRY,硫及其化合物之间的转化规律,硫的价类二维图与转化网络
CHEMISTRY,硫及其化合物之间的转化规律,硫的价类二维图与转化规律
CHEMISTRY,硫及其化合物之间的转化规律,硫的歧化反应与归中反应
CHEMISTRY,硫及其重要化合物的知识盲点,含硫物质性质中的知识盲点（一）
CHEMISTRY,硫及其重要化合物的知识盲点,含硫物质性质中的知识盲点（二）
CHEMISTRY,硫及其重要化合物的知识盲点,四种重要含硫化合物的性质与制备
CHEMISTRY,硫及其重要化合物的知识盲点,硫单质性质中的三个盲点
CHEMISTRY,硫及其重要化合物的知识盲点,硫及其化合物的知识盲点
CHEMISTRY,硫及其重要化合物的知识盲点,硫的含氧酸家族
CHEMISTRY,硫转化为硫化亚铁,硫与金属反应生成硫化亚铁
CHEMISTRY,硫转化为硫化亚铁,硫与铁反应生成硫化亚铁
CHEMISTRY,硫酸,亚硫酸的性质
CHEMISTRY,硫酸,硫酸的工业制备
CHEMISTRY,硫酸,硫酸的工业制法与用途
CHEMISTRY,硫酸,硫酸的性质与浓硫酸的三大特性
CHEMISTRY,硫酸,硫酸的性质与硫酸根检验
CHEMISTRY,硫酸,硫酸的性质与硫酸根的检验
CHEMISTRY,硫酸,硫酸的物理性质、难挥发性与稀释操作
CHEMISTRY,硫酸,硫酸的物理性质与浓硫酸的三大特性
CHEMISTRY,硫酸,硫酸的物理性质与稀硫酸的通性
CHEMISTRY,硫酸,硫酸的物理性质与稀释操作
CHEMISTRY,硫酸,硫酸的用途与工业制备
CHEMISTRY,硫酸,稀硫酸的化学性质
CHEMISTRY,硫酸,连二亚硫酸钠的性质与保存
CHEMISTRY,硫酸亚铁铵的制备,硫酸亚铁铵的制备与注意点
CHEMISTRY,硫酸根离子的检验,硫酸根离子的检验方法
CHEMISTRY,硫酸的工业制备（接触法）,接触法制硫酸的流程
CHEMISTRY,硫酸的工业制备（接触法）,接触法制硫酸的流程与三步反应
CHEMISTRY,碘量法,碘量法——直接法与间接法
CHEMISTRY,碱金属元素单质及其化合物有广泛用途,AlCl3晶体中虽含有金属元素
CHEMISTRY,碱金属元素单质及其化合物有广泛用途,从化合价和物质类别两个视角认识元素及其化合物
CHEMISTRY,碱金属元素单质及其化合物有广泛用途,元素化合物框图推断三步法
CHEMISTRY,碱金属元素单质及其化合物有广泛用途,金属与非金属元素分界线
CHEMISTRY,碱金属元素单质及其化合物有广泛用途,钒具有广泛用途
CHEMISTRY,碱金属元素单质及其化合物有广泛用途,钴元素可形成种类繁多的配合物
CHEMISTRY,碱金属元素单质及其化合物有广泛用途,非金属单质及其化合物的转化
CHEMISTRY,碱金属元素易错知识点,碱金属的两个易错点
CHEMISTRY,碱金属元素易错知识点,碱金属的性质递变与特性
CHEMISTRY,碱金属元素易错知识点,碱金属的特殊性质与易错点
CHEMISTRY,碱金属的一般性与特殊性,有科学研究提出
CHEMISTRY,碱金属的一般性与特殊性,碱金属单质化学性质的相似性（通式）
CHEMISTRY,碱金属的一般性与特殊性,碱金属单质物理性质的递变性
CHEMISTRY,碱金属的一般性与特殊性,碱金属原子结构的相似性与递变性
CHEMISTRY,碱金属的一般性与特殊性,碱金属性质的五大特殊性
CHEMISTRY,碱金属的一般性与特殊性,碱金属性质的特殊性
CHEMISTRY,碱金属的一般性与特殊性,碱金属性质的递变与特殊性
CHEMISTRY,碱金属的一般性与特殊性,碱金属的一般规律与五个特例
CHEMISTRY,碱金属的一般性与特殊性,碱金属的特性
CHEMISTRY,碱金属的一般性与特殊性,碱金属的特性与氢化物
CHEMISTRY,碱金属的一般性与特殊性,碱金属的相似性、递变性与特殊性
CHEMISTRY,碱金属的一般性与特殊性,碱金属的相似性与递变性
CHEMISTRY,碱金属的一般性与特殊性,碱金属的范围与金属性强弱的判断依据
CHEMISTRY,碱金属的一般性与特殊性,金属冶炼的一般方法
CHEMISTRY,碱金属的一般性与特殊性,金属性与金属活动性的区别
CHEMISTRY,碳-硅单质的化学性质-还原性,硅与NaOH溶液反应的两步机理
CHEMISTRY,碳-硅单质的化学性质-还原性,硅单质的性质与半导体
CHEMISTRY,碳-硅单质的化学性质-还原性,硅的化学性质与反常特性
CHEMISTRY,碳-硅单质的化学性质-还原性,碳、硅单质的存在与还原性
CHEMISTRY,碳-硅单质的化学性质-还原性,碳单质及其氧化物的常用方程式荟萃
CHEMISTRY,碳-硅单质的化学性质-还原性,碳单质的存在形式与还原性
CHEMISTRY,碳-硅单质的化学性质-还原性,碳单质的结构与还原性
CHEMISTRY,碳-硅单质的化学性质-还原性,葡萄糖与果糖的性质
CHEMISTRY,碳-硅及其化合物的知识盲点,硅及其化合物的知识盲点
CHEMISTRY,碳-硅及其化合物的知识盲点,碳、硅化合物性质判断的四个盲点
CHEMISTRY,碳-硅及其化合物的知识盲点,碳硅及其化合物知识盲点
CHEMISTRY,碳中和,二氧化碳在自然界中的循环
CHEMISTRY,碳中和,我国力争于2030年前做到碳达峰
CHEMISTRY,碳中和,碳中和的含义与实现途径
CHEMISTRY,碳中和,碳达峰与碳中和的含义
CHEMISTRY,碳元素的单质有多种形式-下图依次是c60-石墨和金刚石的结构图,同素异形体的形成方式与性质差异
CHEMISTRY,碳元素的单质有多种形式-下图依次是c60-石墨和金刚石的结构图,常见晶体模型的结构要点
CHEMISTRY,碳元素的单质有多种形式-下图依次是c60-石墨和金刚石的结构图,石墨晶体的结构与性质
CHEMISTRY,碳元素的单质有多种形式-下图依次是c60-石墨和金刚石的结构图,碳单质的结构与物理性质对比
CHEMISTRY,碳元素的单质有多种形式-下图依次是c60-石墨和金刚石的结构图,碳族元素与碳的同素异形体
CHEMISTRY,碳纳米材料,富勒烯、碳纳米管与石墨烯的结构、性能与用途
CHEMISTRY,碳纳米材料,新材料的新秀
CHEMISTRY,碳纳米材料,碳纳米材料的类型与用途
CHEMISTRY,碳酸氢钠,碳酸氢钠与钙盐、钡盐的反应及用途
CHEMISTRY,碳酸氢钠,碳酸氢钠溶液
CHEMISTRY,碳酸氢钠,碳酸氢钠的性质与用途
CHEMISTRY,碳酸钠,碳酸钠与水结合形成的结晶水合物
CHEMISTRY,碳酸钠,碳酸钠与碳酸氢钠的性质和用途
CHEMISTRY,碳酸钠,碳酸钠与碳酸氢钠的性质比较
CHEMISTRY,碳酸钠,碳酸钠与碳酸氢钠的性质比较与转化
CHEMISTRY,碳酸钠,碳酸钠的性质与用途
CHEMISTRY,碳酸钠,纯碱中碳酸钠质量分数的测定
CHEMISTRY,碳酸钠-碳酸氢钠与酸反应的特点,多元弱酸盐与强酸反应的量比规律
CHEMISTRY,碳酸钠-碳酸氢钠与酸反应的特点,碳酸盐与盐酸滴加顺序的反应特点
CHEMISTRY,碳酸钠-碳酸氢钠与酸反应的特点,碳酸钠、碳酸氢钠与酸反应的图像分析
CHEMISTRY,碳酸钠-碳酸氢钠与酸反应的特点,碳酸钠溶液与盐酸互滴的现象差异
CHEMISTRY,碳酸钠-碳酸氢钠与酸反应的特点,金属阳离子与碳酸氢根反应的沉淀模型
CHEMISTRY,碳酸钠-碳酸氢钠与酸反应的特点,钠与含羟基有机物反应的剧烈程度比较
CHEMISTRY,碳酸钠-碳酸氢钠与酸反应的特点,钠与水、酸反应的本质与顺序
CHEMISTRY,碳酸钠与碳酸氢钠的相互转化,碳酸盐与碳酸氢盐的比较
CHEMISTRY,碳酸钠与碳酸氢钠的相互转化,碳酸钠与碳酸氢钠的化学性质
CHEMISTRY,碳酸钠与碳酸氢钠的相互转化,碳酸钠与碳酸氢钠的性质、用途及转化
CHEMISTRY,碳酸钠与碳酸氢钠的相互转化,碳酸钠与碳酸氢钠的性质与相互转化
CHEMISTRY,碳酸钠与碳酸氢钠的相互转化,碳酸钠与碳酸氢钠的性质与鉴别
CHEMISTRY,碳酸钠与碳酸氢钠的相互转化,碳酸钠与碳酸氢钠的比较
CHEMISTRY,碳酸钠与碳酸氢钠的相互转化,碳酸钠与碳酸氢钠的比较与鉴别
CHEMISTRY,碳酸钠与碳酸氢钠的相互转化,碳酸钠与碳酸氢钠的物理性质
CHEMISTRY,碳酸钠与碳酸氢钠的相互转化,碳酸钠与碳酸氢钠的鉴别
CHEMISTRY,碳酸钠与碳酸氢钠的相互转化,碳酸钠与碳酸氢钠的除杂
CHEMISTRY,碳酸钠与碳酸氢钠的相互转化,碳酸钠与碳酸氢钠的除杂与相互转化
CHEMISTRY,碳酸钠与碳酸氢钠的相互转化,碳酸钠与碳酸氢钠的除杂与鉴别
CHEMISTRY,碳酸钠与碳酸氢钠的相互转化,通CO₂于饱和碳酸钠溶液析出晶体的原因
CHEMISTRY,碳酸钠与碳酸氢钠的相互转化,除去碳酸钠与碳酸氢钠中的杂质
CHEMISTRY,碳酸钠和碳酸氢钠易错知识点,某校化学课外小组为了鉴别碳酸钠和碳酸氢钠两种
CHEMISTRY,碳酸钠和碳酸氢钠易错知识点,碳酸氢钠与氢氧化钙反应时用量不同离子方程式不同
CHEMISTRY,碳酸钠和碳酸氢钠易错知识点,碳酸钠与碳酸氢钠性质判断的正误辨析
CHEMISTRY,碳酸钠和碳酸氢钠易错知识点,碳酸钠与碳酸氢钠的易错辨析
CHEMISTRY,碳酸钠和碳酸氢钠易错知识点,碳酸钠与碳酸氢钠的碱性与类别易错点
CHEMISTRY,碳酸钠和碳酸氢钠易错知识点,碳酸钠与碳酸氢钠的鉴别与除杂
CHEMISTRY,碳酸钠和碳酸氢钠易错知识点,碳酸钠与碳酸氢钠的鉴别方法与误区
CHEMISTRY,碳酸钠和碳酸氢钠的鉴别,套管加热实验比较碳酸钠与碳酸氢钠的热稳定性
CHEMISTRY,碳酸钠和碳酸氢钠的鉴别,用与酸反应的快慢鉴别碳酸钠与碳酸氢钠
CHEMISTRY,碳酸钠和碳酸氢钠的鉴别,用溶液 pH 鉴别碳酸钠与碳酸氢钠
CHEMISTRY,碳酸钠和碳酸氢钠的鉴别,用热稳定性鉴别碳酸钠与碳酸氢钠
CHEMISTRY,碳酸钠和碳酸氢钠的鉴别,碳酸钠与碳酸氢钠的三种鉴别方法
CHEMISTRY,磷及其化合物的性质,氮族元素与磷及其化合物的性质
CHEMISTRY,离子交换膜,交换膜在工业与环保中的应用
CHEMISTRY,离子交换膜,单膜装置的两步分析法
CHEMISTRY,离子交换膜,双极膜的结构与作用
CHEMISTRY,离子交换膜,双膜及多膜装置的三步分析法
CHEMISTRY,离子交换膜,含膜电解池的装置分析
CHEMISTRY,离子交换膜,四类交换膜的功能与应用场景
CHEMISTRY,离子交换膜,四类离子交换膜的特点与应用
CHEMISTRY,离子交换膜,四类离子交换膜的识别与应用
CHEMISTRY,离子交换膜,多室电化学装置分析
CHEMISTRY,离子交换膜,多室电解池与电渗析法
CHEMISTRY,离子交换膜,多室电解池的工作原理与双膜三室的膜组合
CHEMISTRY,离子交换膜,多膜多室电化学装置的分析与计算
CHEMISTRY,离子交换膜,多膜装置的三膜四室与四室式建构
CHEMISTRY,离子交换膜,有关离子交换膜的解题流程
CHEMISTRY,离子交换膜,电渗析法制备产品的离子迁移分析
CHEMISTRY,离子交换膜,离子交换膜在工业与环保中的应用
CHEMISTRY,离子交换膜,离子交换膜应用题的解题思路
CHEMISTRY,离子交换膜,离子交换膜的分类、作用与类型判断
CHEMISTRY,离子交换膜,离子交换膜的分类与作用
CHEMISTRY,离子交换膜,离子交换膜的含义、作用与类型
CHEMISTRY,离子交换膜,离子交换膜的种类与选择透过性
CHEMISTRY,离子交换膜,离子交换膜的类型、原则与作用
CHEMISTRY,离子交换膜,离子交换膜类题的解题流程
CHEMISTRY,离子交换膜,离子迁移方向与膜的选择依据
CHEMISTRY,离子交换膜,质子交换膜在电解有机废水制氢中的应用
CHEMISTRY,离子交换膜,阳离子交换膜在电解 KI 溶液中的作用
CHEMISTRY,离子交换膜,阳离子交换膜电解槽的工作原理
CHEMISTRY,离子交换膜,阴离子交换膜在铜锌原电池中的表现
CHEMISTRY,离子交换膜,隔膜多室电解装置的分析步骤
CHEMISTRY,离子交换膜,隔膜电解池的解题步骤
CHEMISTRY,离子交换膜的种类与作用,三膜四室电解池：四室电渗析法制备磷酸
CHEMISTRY,离子交换膜的种类与作用,双膜三室电解池的三室划分与膜类型的选择
CHEMISTRY,离子交换膜的种类与作用,多室电解池的三步分析思路
CHEMISTRY,离子交换膜的种类与作用,离子交换膜的含义、作用与三种类型
CHEMISTRY,离子共存,三特殊
CHEMISTRY,离子共存,因水解相互促进而不能大量共存的离子组合
CHEMISTRY,离子共存,盐类水解与离子能否大量共存的判断
CHEMISTRY,离子共存,离子不能大量共存的两类情况
CHEMISTRY,离子共存,离子不能大量共存的类型
CHEMISTRY,离子共存,离子共存的实质
CHEMISTRY,离子共存,离子共存的本质与一色二性两个易错点
CHEMISTRY,离子共存,离子共存的本质与常考离子性质
CHEMISTRY,离子共存,离子共存题的隐含条件：一色二性三特殊
CHEMISTRY,离子共存,离子大量共存的判断要点
CHEMISTRY,离子共存的判断易错点,因氧化还原反应不能大量共存的判断
CHEMISTRY,离子共存的判断易错点,官能团判断的易错点
CHEMISTRY,离子共存的判断易错点,晶体判断的易错点补充
CHEMISTRY,离子共存的判断易错点,离子共存中的隐蔽条件与反应优先级
CHEMISTRY,离子共存的判断易错点,离子共存判断的五个注意事项
CHEMISTRY,离子共存的判断易错点,离子共存的判断要点
CHEMISTRY,离子共存的判断易错点,离子共存的四类陷阱
CHEMISTRY,离子共存的判断易错点,离子共存的本质
CHEMISTRY,离子共存的判断易错点,离子共存的隐含条件
CHEMISTRY,离子共存问题解题要点,四反应与四看隐含因素
CHEMISTRY,离子共存问题解题要点,离子不能大量共存的四类反应
CHEMISTRY,离子共存问题解题要点,离子共存中的隐含条件
CHEMISTRY,离子共存问题解题要点,离子共存判断的四个要点
CHEMISTRY,离子共存问题解题要点,离子共存判断题的三步策略
CHEMISTRY,离子共存问题解题要点,离子共存的“一色二性”与溶液性质描述
CHEMISTRY,离子共存问题解题要点,离子共存的限定条件：颜色与酸碱性
CHEMISTRY,离子共存问题解题要点,离子共存的隐含条件与特殊类型
CHEMISTRY,离子共存问题解题要点,离子共存问题的四个要点
CHEMISTRY,离子共存问题解题要点,离子共存题的三种特殊情况
CHEMISTRY,离子共存问题解题要点,离子共存题的四个分析要点
CHEMISTRY,离子共存问题解题要点,离子共存题的常见限定条件
CHEMISTRY,离子共存问题解题要点,离子共存题限定条件的识别
CHEMISTRY,离子共存问题解题要点,离子大量共存的审题思路与关键条件
CHEMISTRY,离子共存问题解题要点,离子能否大量共存的四个判断要点
CHEMISTRY,离子化合物,离子化合物与共价化合物的易错判断
CHEMISTRY,离子反应,复分解反应发生的条件与离子反应
CHEMISTRY,离子反应,离子反应发生的条件
CHEMISTRY,离子反应,离子反应的定义、实质与类型
CHEMISTRY,离子反应,离子反应的定义与发生条件
CHEMISTRY,离子反应,离子反应的本质与发生条件
CHEMISTRY,离子反应,离子反应的概念、本质与发生条件
CHEMISTRY,离子反应,离子反应的概念与发生条件
CHEMISTRY,离子反应顺序的判断,含铝离子体系中逐滴加酸碱的反应顺序
CHEMISTRY,离子推断的四项基本原则,离子推断的四项基本原则与检验方法
CHEMISTRY,离子推断的四项基本原则,离子推断的推理三步法
CHEMISTRY,离子推断的基本原则,离子推断的五步流程
CHEMISTRY,离子推断的基本原则,离子推断的四项原则与电荷守恒
CHEMISTRY,离子推断的基本原则,肯定性原则
CHEMISTRY,离子推断的常见特殊现象,离子推断中的常见特殊现象
CHEMISTRY,离子推断的方法与原则,离子推断的五步思维模式
CHEMISTRY,离子推断解题技法,溶液中离子推断的五步解题技法
CHEMISTRY,离子放电顺序与电解产物判断,完整的阴阳极放电顺序表
CHEMISTRY,离子放电顺序与电解产物判断,电极产物判断的基本思路
CHEMISTRY,离子放电顺序与电解产物判断,电解时电极反应式与总反应式的书写步骤
CHEMISTRY,离子放电顺序与电解产物判断,电解规律
CHEMISTRY,离子放电顺序与电解产物判断,阴、阳极放电顺序与电解产物
CHEMISTRY,离子放电顺序与电解产物判断,阴、阳离子的放电顺序
CHEMISTRY,离子方程式,不写离子方程式的情形与浓溶液的写法
CHEMISTRY,离子方程式,信息给予型离子方程式的书写（三配法）
CHEMISTRY,离子方程式,多重反应离子方程式的书写要点
CHEMISTRY,离子方程式,工业流程中的五类离子反应
CHEMISTRY,离子方程式,微溶物
CHEMISTRY,离子方程式,微溶物在离子方程式中的处理
CHEMISTRY,离子方程式,特殊离子不共存的典型方程式
CHEMISTRY,离子方程式,电解质的拆分原则
CHEMISTRY,离子方程式,离子反应的本质、发生条件与离子方程式的意义
CHEMISTRY,离子方程式,离子方程式中物质的拆分原则
CHEMISTRY,离子方程式,离子方程式中物质的拆分规则
CHEMISTRY,离子方程式,离子方程式书写的注意事项与溶解性
CHEMISTRY,离子方程式,离子方程式的书写与意义
CHEMISTRY,离子方程式,离子方程式的书写与正误判断
CHEMISTRY,离子方程式,离子方程式的书写四步
CHEMISTRY,离子方程式,离子方程式的意义与书写步骤
CHEMISTRY,离子方程式,离子方程式的概念、意义与书写步骤
CHEMISTRY,离子方程式,离子方程式的概念、意义与书写规范
CHEMISTRY,离子方程式,离子方程式补缺项的酸碱环境规则
CHEMISTRY,离子方程式,酸式盐与特殊体系的拆分要点
CHEMISTRY,离子方程式书写应注意的问题,离子方程式书写的细则
CHEMISTRY,离子方程式的正误判断方法,一般离子方程式正误判断的“七看”（上）
CHEMISTRY,离子方程式的正误判断方法,一般离子方程式正误判断的“七看”（下）
CHEMISTRY,离子方程式的正误判断方法,化学（离子）方程式正误判断的七个检查点
CHEMISTRY,离子方程式的正误判断方法,用量条件与陌生情境的离子方程式书写
CHEMISTRY,离子方程式的正误判断方法,离子交换膜类型的判断方法
CHEMISTRY,离子方程式的正误判断方法,离子方程式正误判断之一看：是否符合客观事实
CHEMISTRY,离子方程式的正误判断方法,离子方程式正误判断之七看：是否符合题设条件
CHEMISTRY,离子方程式的正误判断方法,离子方程式正误判断之三看：化学式拆分是否正确
CHEMISTRY,离子方程式的正误判断方法,离子方程式正误判断之二看：符号使用是否准确
CHEMISTRY,离子方程式的正误判断方法,离子方程式正误判断之六看：电荷与电子得失是否守恒
CHEMISTRY,离子方程式的正误判断方法,离子方程式正误判断之四看：是否漏写并行离子反应
CHEMISTRY,离子方程式的正误判断方法,离子方程式正误判断的“七看”
CHEMISTRY,离子方程式的正误判断方法,离子方程式正误判断的七个检查点
CHEMISTRY,离子方程式的正误判断方法,离子方程式正误判断的七个角度
CHEMISTRY,离子方程式的正误判断方法,离子方程式正误判断的七看
CHEMISTRY,离子方程式的正误判断方法,离子方程式正误判断的七看（上）
CHEMISTRY,离子方程式的正误判断方法,离子方程式正误判断的七看（下）
CHEMISTRY,离子方程式的正误判断方法,离子方程式正误判断的五步检查法
CHEMISTRY,离子方程式的正误判断方法,离子方程式正误判断的六项检查
CHEMISTRY,离子方程式的正误判断方法,离子方程式正误判断的四看
CHEMISTRY,离子方程式的正误判断方法,离子方程式正误判断的守恒检查与隐含反应
CHEMISTRY,离子方程式的正误判断方法,离子方程式正误判断的方法
CHEMISTRY,离子方程式的正误判断方法,离子方程式正误判断：电解质能否拆写
CHEMISTRY,离子方程式的正误判断方法,离子方程式的书写原则与拆写规则
CHEMISTRY,离子方程式的正误判断方法,离子方程式的意义与七看正误判断
CHEMISTRY,离子方程式题设错方式,离子方程式判断中的四个陷阱
CHEMISTRY,离子方程式题设错方式,离子方程式命题的四类陷阱
CHEMISTRY,离子方程式题设错方式,离子方程式正误判断中的常见陷阱
CHEMISTRY,离子方程式题设错方式,离子方程式正误判断的易错点
CHEMISTRY,离子方程式题设错方式,离子方程式正误判断：守恒与符号规范
CHEMISTRY,离子晶体,NaCl型与CsCl型晶胞结构分析
CHEMISTRY,离子晶体,常见离子晶体的晶胞结构
CHEMISTRY,离子晶体,有机盐类晶体的键型判断
CHEMISTRY,离子晶体,离子晶体的两点补充判断
CHEMISTRY,离子晶体,离子晶体的构成与结构决定因素
CHEMISTRY,离子晶体,离子晶体组成与化学式的易错辨析
CHEMISTRY,离子晶体,离子晶体结构与组成的三点易错
CHEMISTRY,离子晶体,离子键与离子晶体的性质
CHEMISTRY,离子浓度大小比较的方法,两溶液混合后粒子浓度大小比较的四个步骤
CHEMISTRY,离子浓度大小比较的方法,分步沉淀的规律
CHEMISTRY,离子浓度大小比较的方法,微粒浓度大小比较的常用方法
CHEMISTRY,离子浓度大小比较的方法,按溶液类型判断离子浓度大小顺序
CHEMISTRY,离子浓度大小比较的方法,离子浓度大小比较的定性与定量方法
CHEMISTRY,离子浓度大小比较的方法,等浓度弱酸与对应盐混合液的比较
CHEMISTRY,离子浓度大小比较的方法,酸式盐与正盐混合溶液的浓度比较
CHEMISTRY,离子键,离子键与离子化合物
CHEMISTRY,离子键,离子键与金属键的判断易错点
CHEMISTRY,竞争型离子方程式的书写-先强后弱法,先后型离子方程式
CHEMISTRY,竞争型离子方程式的书写-先强后弱法,先后型离子方程式的书写
CHEMISTRY,竞争型离子方程式的书写-先强后弱法,先后型离子方程式的书写方法
CHEMISTRY,竞争型离子方程式的书写-先强后弱法,先后型（竞争型）离子方程式的书写
CHEMISTRY,竞争型离子方程式的书写-先强后弱法,反应先后型离子方程式的书写
CHEMISTRY,竞争型离子方程式的书写-先强后弱法,竞争型反应的假设顺序法
CHEMISTRY,竞争型离子方程式的书写-先强后弱法,竞争型方程式的先强后弱法
CHEMISTRY,竞争型离子方程式的书写-先强后弱法,竞争型的复分解与氧化还原实例分析
CHEMISTRY,竞争型离子方程式的书写-先强后弱法,竞争型的破题本质：强者先行
CHEMISTRY,竞争型离子方程式的书写-先强后弱法,竞争型离子方程式的书写（先强后弱）
CHEMISTRY,等效平衡,互为等效平衡的四个条件
CHEMISTRY,等效平衡,恒温恒压条件下等效平衡的判据
CHEMISTRY,等效平衡,恒温恒容与恒温恒压平衡的思维模型
CHEMISTRY,等效平衡,恒温恒容与恒温恒压的等效思维
CHEMISTRY,等效平衡,恒温恒容条件下等效平衡的解题思路
CHEMISTRY,等效平衡,用虚拟中间态法分析等效平衡
CHEMISTRY,等效平衡,等效平衡判据的应用实例
CHEMISTRY,等效平衡,等效平衡判断四步曲与虚拟中间态法
CHEMISTRY,等效平衡,等效平衡的三种判断方法
CHEMISTRY,等效平衡,等效平衡的三种类型
CHEMISTRY,等效平衡,等效平衡的两种思维模式
CHEMISTRY,等效平衡,等效平衡的分类与判断
CHEMISTRY,等效平衡,等效平衡的含义与三种情形
CHEMISTRY,等效平衡,等效平衡的含义与三类判断思路
CHEMISTRY,等效平衡,等效平衡的含义与三类判断方法
CHEMISTRY,等效平衡,等效平衡的实例分析与虚拟中间态法
CHEMISTRY,等效平衡,虚拟中间态法分析等效平衡
CHEMISTRY,等温(等压)平衡曲线分析,等温(等压)平衡曲线上的点
CHEMISTRY,等电子原理,TiCl4与SiCl4互为等电子体
CHEMISTRY,等电子原理,等电子体的判断与迁移应用
CHEMISTRY,等电子原理,等电子原理与等电子体的应用
CHEMISTRY,等电子原理,等电子原理与等电子体的确定
CHEMISTRY,等电子原理,等电子原理及其应用
CHEMISTRY,等质量的铝与足量的盐酸-氢氧化钠溶液分别反应,铝与酸、碱反应生成H2的量关系
CHEMISTRY,简单有机物同分异构体的书写,以C₅H₁₂为例书写烷烃的同分异构体
CHEMISTRY,简单有机物同分异构体的书写,减碳移位法书写链状烷烃
CHEMISTRY,简单有机物同分异构体的书写,各类有机物同分异构体的书写方法
CHEMISTRY,简单有机物同分异构体的书写,同分异构体书写的三种方法
CHEMISTRY,简单有机物同分异构体的书写,同分异构体的书写方法
CHEMISTRY,简单有机物同分异构体的书写,同分异构体的书写顺序
CHEMISTRY,简单有机物同分异构体的书写,定一移一法处理多官能团取代
CHEMISTRY,简单有机物同分异构体的书写,密码法记一元取代物种类
CHEMISTRY,简单有机物同分异构体的书写,密码法速记烷烃同分异构体数目
CHEMISTRY,简单有机物同分异构体的书写,换元法处理多取代物数目
CHEMISTRY,简单有机物同分异构体的书写,插入法处理双手官能团
CHEMISTRY,简单有机物同分异构体的书写,烯烃、炔烃同分异构体的书写
CHEMISTRY,简单有机物同分异构体的书写,烷烃同分异构体的书写规律与方法
CHEMISTRY,简单有机物同分异构体的书写,碳链异构的书写顺序
CHEMISTRY,简单有机物同分异构体的书写,第一步
CHEMISTRY,简单有机物同分异构体的书写,等效氢法判断一元取代物数目
CHEMISTRY,简单有机物同分异构体的书写,简单有机物同分异构体的书写方法
CHEMISTRY,简单有机物同分异构体的书写,组合法处理酯类同分异构体
CHEMISTRY,简单的电镀实验,电镀的原理与实例
CHEMISTRY,简单的电镀实验,电镀的原理与电镀池的构成
CHEMISTRY,简单的电镀实验,电镀的定义、目的与简单电镀实验
CHEMISTRY,简单的电镀实验,电镀铜与电解精炼铜的原理比较
CHEMISTRY,粗盐提纯的除杂试剂与顺序,用化学沉淀法去除粗盐中的杂质离子
CHEMISTRY,粗盐水中加入氯化钡溶液使s沉淀而除去-如何检验s是否沉淀完全,内涵：加入无机盐溶液使蛋白质的溶
CHEMISTRY,粗盐水中加入氯化钡溶液使s沉淀而除去-如何检验s是否沉淀完全,检验沉淀是否洗涤干净的方法
CHEMISTRY,粗盐水中加入氯化钡溶液使s沉淀而除去-如何检验s是否沉淀完全,溶解性的四等界定与沉淀完全标准
CHEMISTRY,粗盐水中加入氯化钡溶液使s沉淀而除去-如何检验s是否沉淀完全,溶解性等级的界定与沉淀完全标准
CHEMISTRY,糖类的组成和分类,各类糖的分子组成与相互关系
CHEMISTRY,糖类的组成和分类,糖类的组成与分类
CHEMISTRY,糖类的结构和性质,单糖的结构与还原性
CHEMISTRY,糖类的结构和性质,淀粉水解程度的判断
CHEMISTRY,糖类的结构和性质,糖类的组成与还原性判断
CHEMISTRY,糖类的结构和性质易混易错点,糖类实验的两个易错点
CHEMISTRY,糖类的结构和性质易混易错点,糖类易错结论补充：甜味、水解与纤维素
CHEMISTRY,糖类的结构和性质易混易错点,糖类的组成、分类与性质
CHEMISTRY,红外光谱与质谱,红外光谱与质谱的应用
CHEMISTRY,红色物质cu和cu2o的检验,推断题眼：紫色物质对应的颜色
CHEMISTRY,红色物质cu和cu2o的检验,推断题眼：红色系物质对应的颜色
CHEMISTRY,红色物质cu和cu2o的检验,推断题眼：蓝色物质对应的颜色
CHEMISTRY,红色物质cu和cu2o的检验,用加酸歧化法区分 Cu2O 与 CuCl
CHEMISTRY,红色物质cu和cu2o的检验,用稀硫酸鉴别红色物质Cu和Cu₂O
CHEMISTRY,红色物质cu和cu2o的检验,红色物质Cu与Cu2O的检验
CHEMISTRY,红色物质cu和cu2o的检验,红色物质Cu与Cu2O的鉴别方法
CHEMISTRY,纯净物,从组成与性质区分纯净物和混合物
CHEMISTRY,纯净物,纯净物、混合物与同素异形体辨析
CHEMISTRY,纯净物,纯净物与混合物的区分
CHEMISTRY,纯净物,纯净物与混合物的区分依据
CHEMISTRY,纯碱中碳酸钠含量的测定方法,方案I
CHEMISTRY,纯碱中碳酸钠含量的测定方法,方案一
CHEMISTRY,纯碱中碳酸钠含量的测定方法,气体法
CHEMISTRY,纯碱中碳酸钠含量的测定方法,纯碱中碳酸钠含量的测定（气体法与沉淀法）
CHEMISTRY,纯碱中碳酸钠含量的测定方法,纯碱中碳酸钠含量的测定：气体法与沉淀法
CHEMISTRY,纯碱中碳酸钠含量的测定方法,纯碱中碳酸钠含量的测定：滴定法
CHEMISTRY,组分含量（或浓度）与温度的关系图像,含量—温度图像与曲线外非平衡点
CHEMISTRY,结合-片段型-元素周期表推断短周期主族元素,按成键数目推断短周期主族元素
CHEMISTRY,结合-片段型-元素周期表推断短周期主族元素,残缺元素周期表的推断方法
CHEMISTRY,结合-片段型-元素周期表推断短周期主族元素,片段型周期表推断元素的方法
CHEMISTRY,结合-片段型-元素周期表推断短周期主族元素,特殊结构的短周期主族元素清单
CHEMISTRY,结合-片段型-元素周期表推断短周期主族元素,由含量与性质推断元素的突破口
CHEMISTRY,结晶方法的选择与操作,蒸发结晶与冷却结晶的选用依据
CHEMISTRY,结晶方法的选择与操作,结晶操作
CHEMISTRY,绿色化学,化学与环境保护及绿色化学的核心
CHEMISTRY,绿色化学,强酸型催化剂与绿色催化剂的对比
CHEMISTRY,绿色化学,绿色化学与原子利用率
CHEMISTRY,绿色化学,绿色化学对化学反应各环节的要求
CHEMISTRY,绿色化学,绿色化学对合成路线毒性的要求
CHEMISTRY,绿色化学,绿色化学对辅助物质的要求
CHEMISTRY,绿色化学,绿色化学的核心思想
CHEMISTRY,绿色思想-循环使用的物质为co2-饱和食盐水,侯氏制碱法的绿色化学与循环物质
CHEMISTRY,绿色思想-循环使用的物质为co2-饱和食盐水,推断题眼：绿色系物质对应的颜色
CHEMISTRY,绿色思想-循环使用的物质为co2-饱和食盐水,氯水中平衡移动的应用
CHEMISTRY,绿色思想-循环使用的物质为co2-饱和食盐水,流程中循环利用物质与绿色化学分析
CHEMISTRY,绿色思想-循环使用的物质为co2-饱和食盐水,盐桥的成分选择与使用要点
CHEMISTRY,绿色思想-循环使用的物质为co2-饱和食盐水,饱和食盐水中Cl-浓度较大
CHEMISTRY,羧酸,羧酸的组成与羧基
CHEMISTRY,羧酸,羧酸酸性的结构解释
CHEMISTRY,羧酸,高级脂肪酸
CHEMISTRY,羧酸和酯的结构和性质易混易错点,羧酸与酯易错点补充：甲酸与矿物油
CHEMISTRY,羧酸和酯的结构和性质易混易错点,羧酸和酯的结构与性质
CHEMISTRY,羧酸和酯的结构和性质易混易错点,酚酯的水解耗碱量
CHEMISTRY,羧酸的化学性质,羧基与钠、碱、碳酸盐及与醇、胺反应的方程式
CHEMISTRY,羧酸的化学性质,羧酸的化学性质与酯化反应
CHEMISTRY,羧酸的化学性质,羧酸的性质与酯化断键
CHEMISTRY,羧酸的化学性质,羧酸的酸性、取代与还原反应
CHEMISTRY,羧酸的化学性质,羧酸的酸性来源与酯化断键
CHEMISTRY,羧酸的组成和结构,羧酸的组成、官能团与通式
CHEMISTRY,羧酸的结构和性质,羧基的极性对羧酸酸性的影响
CHEMISTRY,羧酸的结构和性质,羧基的结构与氢原子活泼性比较
CHEMISTRY,联合制碱法-侯氏制碱法,三种制碱法的原理与评价
CHEMISTRY,联合制碱法-侯氏制碱法,侯氏制碱法
CHEMISTRY,联合制碱法-侯氏制碱法,侯氏制碱法的原料、原理与循环物质
CHEMISTRY,联合制碱法-侯氏制碱法,侯氏制碱法的原料与反应原理
CHEMISTRY,联合制碱法-侯氏制碱法,侯氏制碱法的原理
CHEMISTRY,联合制碱法-侯氏制碱法,侯氏制碱法的原理与循环物质
CHEMISTRY,联合制碱法-侯氏制碱法,侯氏制碱法的原理与流程要点
CHEMISTRY,联合制碱法-侯氏制碱法,侯氏制碱法的工艺流程与反应原理
CHEMISTRY,联合制碱法-侯氏制碱法,侯氏制碱法（联合制碱法）
CHEMISTRY,联合制碱法-侯氏制碱法,侯氏制碱法（联合制碱法）的原理
CHEMISTRY,聚合反应,合成高分子与聚合反应
CHEMISTRY,聚合反应,水泥是重要的建筑材料
CHEMISTRY,聚合反应及聚合物单体的判断,加聚产物单体的判断（弯箭头法）
CHEMISTRY,聚合反应及聚合物单体的判断,动力学控制与热力学控制的判断
CHEMISTRY,聚合反应及聚合物单体的判断,由加聚产物推断单体的四种情形
CHEMISTRY,聚合反应及聚合物单体的判断,由单体推断加聚产物的书写口诀
CHEMISTRY,聚合反应及聚合物单体的判断,缩聚产物单体的判断
CHEMISTRY,聚合反应及聚合物单体的判断,缩聚反应中小分子副产物的计量数规律
CHEMISTRY,聚合反应及聚合物单体的判断,聚合反应：加聚反应与缩聚反应（单体与聚合物）
CHEMISTRY,胶体,胶体的介稳性、渗析与形成
CHEMISTRY,胶体,胶体的定义（《53知识清单·化学》印刷页3-4）
CHEMISTRY,胶体,胶体的性质与氢氧化铁胶体制备
CHEMISTRY,胶体,胶体的性质：丁达尔效应、电泳、聚沉、渗析
CHEMISTRY,胶体,胶体的电性、稳定性与净水原理
CHEMISTRY,胶体,胶体的电泳规律与聚沉
CHEMISTRY,胶体,胶粒的带电规律与电泳
CHEMISTRY,胶体的性质及应用,Fe3+的氧化性与易水解性质及应用
CHEMISTRY,胶体的性质及应用,Fe3＋的性质
CHEMISTRY,胶体的性质及应用,次氯酸的性质
CHEMISTRY,胶体的性质及应用,水泥厂和冶金厂常用高压直流电除去大量烟尘
CHEMISTRY,胶体的性质及应用,胶体不能通过过滤与浊液分离
CHEMISTRY,胶体的性质及应用,胶体性质在生产生活中的应用
CHEMISTRY,胶体的性质及应用,胶体性质的典型应用
CHEMISTRY,胶体的性质及应用,胶体性质的四类应用
CHEMISTRY,胶体的性质及应用,胶体性质的应用与胶体的提纯
CHEMISTRY,胶体的性质及应用,胶体的五种性质与稳定原因
CHEMISTRY,胶体的性质及应用,胶体的介稳性、淀粉胶体与氢氧化铁胶体的制备
CHEMISTRY,胶体的性质及应用,胶体的介稳性、电泳、聚沉与渗析提纯
CHEMISTRY,胶体的性质及应用,胶体的性质、应用与易错点
CHEMISTRY,胶体的性质及应用,胶体的性质与常见胶体
CHEMISTRY,胶体的性质及应用,胶体的性质与渗析
CHEMISTRY,胶体的性质及应用,胶体的性质：丁达尔效应、电泳与介稳性
CHEMISTRY,胶体的性质及应用,胶体粒子的直径决定了胶体的性质
CHEMISTRY,胶体的性质及应用,胶粒带电与明矾净水原理
CHEMISTRY,胶体知识易错点,胶体性质的三个易错认识
CHEMISTRY,胶体知识易错点,胶体性质的四个易错点
CHEMISTRY,胶体知识易错点,胶体性质的四类易错辨析
CHEMISTRY,胶体知识易错点,胶体的渗析与胶粒带电辨析
CHEMISTRY,胶体知识易错点,胶体知识十个易错点
CHEMISTRY,胶体知识易错点,胶体知识易错辨析
CHEMISTRY,胶体知识易错点,胶体知识的六点提醒
CHEMISTRY,胶体知识易错点,胶体知识的四个易错角度
CHEMISTRY,胶体知识易错点,高分子分散系归属的辨析与半透膜通透性的差异
CHEMISTRY,胺-酰的结构和性质,氨、胺、酰胺与铵盐的组成与性质对照
CHEMISTRY,胺-酰的结构和性质,胺与酰胺的结构和性质
CHEMISTRY,胺-酰的结构和性质,胺的组成与碱性
CHEMISTRY,胺-酰胺的结构和性质,含氮有机物碱性强弱的判断
CHEMISTRY,胺-酰胺的结构和性质,胺、酰胺的性质
CHEMISTRY,胺-酰胺的结构和性质,胺的概念、结构通式与铵盐之间的转化
CHEMISTRY,胺-酰胺的结构和性质,酰胺的化学性质
CHEMISTRY,胺和酰胺的结构和性质易混易错点,胺与酰胺的归类与性质区分
CHEMISTRY,胺和酰胺的结构和性质易混易错点,胺和酰胺的结构与性质
CHEMISTRY,能垒与决速步骤,动力学产物与热力学产物可能相同
CHEMISTRY,能垒与决速步骤,反应历程曲线图的分析要点
CHEMISTRY,能垒与决速步骤,反应历程能量图像的“两看”模型
CHEMISTRY,能垒与决速步骤,合成氨催化历程的研究结论
CHEMISTRY,能垒与决速步骤,活化能与决速步的读图法
CHEMISTRY,能垒与决速步骤,活化能最大的基元步骤为决速步
CHEMISTRY,能垒与决速步骤,由相对能量图判断活化能与决速步
CHEMISTRY,能垒与决速步骤,能垒与决速步骤的判断
CHEMISTRY,能垒与决速步骤,能垒图式的读图方法
CHEMISTRY,能层,推导每个能层最多容纳电子数的两种方法
CHEMISTRY,能层,能层、能级的容纳规律
CHEMISTRY,能层,能层与能级
CHEMISTRY,能层,能层与能级的含义及容纳电子数
CHEMISTRY,能层,能层容纳电子的四条规律
CHEMISTRY,能层,能层的含义与七层电子层的符号
CHEMISTRY,能源与科学-技术-社会密不可分-下列装置或过程能实现电能转化为化学能的是,STSE：化学与生活、环境、能源、医药常识
CHEMISTRY,能源与科学-技术-社会密不可分-下列装置或过程能实现电能转化为化学能的是,化学反应中的能量转化形式与能源
CHEMISTRY,能源与科学-技术-社会密不可分-下列装置或过程能实现电能转化为化学能的是,化学反应中能量转化的形式对应
CHEMISTRY,能源与科学-技术-社会密不可分-下列装置或过程能实现电能转化为化学能的是,可通过雷电作用将b转化为c
CHEMISTRY,能源与科学-技术-社会密不可分-下列装置或过程能实现电能转化为化学能的是,火力发电的能量转化与两条守恒定律
CHEMISTRY,能源的分类与利用,化石燃料造成的问题、有效利用能源的途径与新能源
CHEMISTRY,能源的分类与利用,能源分类与化学反应中的能量转化
CHEMISTRY,能源的分类与开发利用,氢能的特点与我国氢能利用现状
CHEMISTRY,能级,各能级所含原子轨道数目与简并轨道
CHEMISTRY,能级,同能层内与同等符号能级的能量比较
CHEMISTRY,能级,能级及其电子容量
CHEMISTRY,能级,能级的含义、能量顺序与最多容纳电子数
CHEMISTRY,能级,轨道能量的高低比较
CHEMISTRY,脂肪烃的结构和性质,不同碳碳键的特征反应
CHEMISTRY,脂肪烃的结构和性质,二烯烃的加成与加聚反应
CHEMISTRY,脂肪烃的结构和性质,碳碳键类型决定脂肪烃的性质
CHEMISTRY,脂肪烃的结构和性质,脂肪烃的化学性质与反应类型
CHEMISTRY,脂肪烃的结构和性质,脂肪烃的化学性质：取代、加成、加聚与氧化
CHEMISTRY,脂肪烃的结构和性质,脂肪烃的组成、结构特点与化学性质
CHEMISTRY,脂肪烃的结构和性质,脂肪烃的结构与性质
CHEMISTRY,脂肪烃的结构和性质,脂肪烃的通式与物理性质递变
CHEMISTRY,脂肪烃的结构和性质易混易错点,氮的固定与氮气性质易错点
CHEMISTRY,脂肪烃的结构和性质易混易错点,脂肪烃结构与性质易错结论辨析
CHEMISTRY,脂肪烃的结构特点及通式,烷烃、烯烃、炔烃的判断
CHEMISTRY,脂肪烃的结构特点及通式,烷烃、烯烃、炔烃的结构与通式
CHEMISTRY,脂肪烃的结构特点及通式,烷烃、烯烃、炔烃的通式与代表物结构
CHEMISTRY,脂肪烃的结构特点及通式,烷烃、烯烃、炔烃的通式与结构
CHEMISTRY,脂肪烃的结构特点及通式,结构通式
CHEMISTRY,脂肪烃的结构特点及通式,脂肪烃的结构特点与通式
CHEMISTRY,自发反应,化学反应方向的判据
CHEMISTRY,自发反应,化学反应方向的判据与判断
CHEMISTRY,自发反应,自发性的适用范围
CHEMISTRY,自发反应,自发过程与自发反应
CHEMISTRY,自发反应,自发过程与自发反应的含义和特征
CHEMISTRY,自发反应,自发过程与自发反应的概念及特点
CHEMISTRY,自发反应,自发过程的三个特征
CHEMISTRY,自发反应,自发过程的特征与判断方法
CHEMISTRY,自然资源的开发利用,开发利用自然资源的 3R 原则
CHEMISTRY,自然资源的开发利用,自然资源的开发利用：三条主线与基本思路
CHEMISTRY,自然资源的开发利用,资源加工工艺中的物理变化与化学变化
CHEMISTRY,自然资源的开发利用,金属的冶炼方法、海洋资源与化石燃料的综合利用
CHEMISTRY,自由能与化学反应的方向,使用复合判据的三条注意
CHEMISTRY,自由能与化学反应的方向,化学反应方向的复合判据思维方式
CHEMISTRY,自由能与化学反应的方向,化学自发性判断的思维模型
CHEMISTRY,自由能与化学反应的方向,吉布斯自由能变与反应方向
CHEMISTRY,自由能与化学反应的方向,复合判据 ΔH-TΔS 判断反应方向
CHEMISTRY,自由能与化学反应的方向,复合判据ΔG与自发方向的判断
CHEMISTRY,自由能与化学反应的方向,复合判据ΔH-TΔS与温度对反应方向的影响
CHEMISTRY,自由能与化学反应的方向,复合判据与反应方向
CHEMISTRY,自由能与化学反应的方向,复合判据使用的注意点
CHEMISTRY,自由能与化学反应的方向,焓变与熵变影响的主次与温度有关
CHEMISTRY,自由能与化学反应的方向,焓变熵变复合判据 ΔG 与使用注意
CHEMISTRY,自由能与化学反应的方向,用ΔG判断反应自发方向
CHEMISTRY,自由能与化学反应的方向,用ΔH－TΔS判断反应方向
CHEMISTRY,自由能与化学反应的方向,用叠加反应调控反应方向
CHEMISTRY,自由能与化学反应的方向,用自由能判据 ΔG 判断反应方向
CHEMISTRY,自由能与化学反应的方向,能与弱酸的盐反应
CHEMISTRY,自由能与化学反应的方向,自由能判据与反应方向
CHEMISTRY,臭氧,臭氧的性质与用途
CHEMISTRY,芳香烃,芳香烃与苯的同系物
CHEMISTRY,芳香烃,芳香烃的定义
CHEMISTRY,芳香烃,芳香烃的概念与分类
CHEMISTRY,芳香烃,苯及其同系物的四类特征反应
CHEMISTRY,芳香烃的用途及对环境的影响,芳香烃的用途与环境影响
CHEMISTRY,芳香烃的结构和性质易混易错点,芳香烃的两个易错点：苯不被氧化、侧链氧化有前提
CHEMISTRY,芳香烃的结构和性质易混易错点,芳香烃的结构和性质易错辨析
CHEMISTRY,芳香烃的结构和性质易混易错点,芳香烃结构与性质易错点
CHEMISTRY,若某溶液中既含又含-请设计实验检验混合溶液中是否存在,请设计合理方案
CHEMISTRY,苯,苯的分子结构与物理性质
CHEMISTRY,苯,苯的结构与性质要点
CHEMISTRY,苯,证明苯分子中不存在碳碳双键的证据
CHEMISTRY,苯分子的空间结构,苯分子的空间结构与原子共面共线判断
CHEMISTRY,苯分子的空间结构,苯分子的空间结构与结构证据
CHEMISTRY,苯分子的空间结构,苯分子的结构与性质
CHEMISTRY,苯分子的空间结构,证明苯分子中无碳碳双键的证据
CHEMISTRY,苯及其同系物的性质,苯及其同系物的化学性质
CHEMISTRY,苯及其同系物的性质,苯环上取代反应的定位规律
CHEMISTRY,苯及其同系物的性质,苯的同系物的侧链取代与苯环取代
CHEMISTRY,苯及其同系物的性质,苯的同系物的化学性质
CHEMISTRY,苯及其同系物的性质,苯的性质易错点：溴水萃取与氧化反应
CHEMISTRY,苯环上取代基的定位规律,多种定位基共存时的定位决定性
CHEMISTRY,苯环上取代基的定位规律,苯环取代定位效应与合成顺序设计
CHEMISTRY,苯的化学性质,苯的取代与加成反应条件
CHEMISTRY,苯的化学性质,苯的成键特点与反应规律
CHEMISTRY,苯的化学性质,苯的氧化、取代与加成反应
CHEMISTRY,苯的化学性质,苯的氧化与取代反应
CHEMISTRY,苯的化学性质,苯的磺化与加成反应
CHEMISTRY,苯的化学性质,苯的结构与化学性质
CHEMISTRY,苯的取代反应实验,溴苯的提纯与取代产物的检验
CHEMISTRY,苯的取代反应实验,烷烃的取代反应与裂化裂解
CHEMISTRY,苯的取代反应实验,苯与液溴的取代反应及溴苯制备要点
CHEMISTRY,苯的取代反应实验,苯的溴代与硝化实验
CHEMISTRY,苯的同系物的命名,含苯环有机物的命名
CHEMISTRY,苯的同系物的命名,苯的同系物
CHEMISTRY,苯的同系物的命名,苯的同系物的氧化与取代规律
CHEMISTRY,苯的同系物的结构与性质,物质结构与性质综合题中的各小题之间相对独立
CHEMISTRY,苯的同系物的结构与性质,苯与苯的同系物卤代位置的辨析
CHEMISTRY,苯的同系物的结构与性质,苯环与侧链相互影响的三个方面
CHEMISTRY,苯的同系物的结构与性质,苯的同系物与苯的性质差异
CHEMISTRY,苯的同系物的结构与性质,苯的同系物的性质与苯环侧链的相互影响
CHEMISTRY,苯的同系物的结构与性质,苯的结构与无双键的证明
CHEMISTRY,苯的同系物的结构与性质,醛、酮的结构与性质
CHEMISTRY,苯酚的化学性质,用 FeCl3 显色反应检验酚羟基
CHEMISTRY,苯酚的化学性质,苯酚的化学性质与基团相互影响
CHEMISTRY,苯酚的化学性质,苯酚的化学性质与酚羟基活泼性
CHEMISTRY,苯酚的化学性质,苯酚的取代、显色、缩聚与氧化反应
CHEMISTRY,苯酚的化学性质,苯酚的弱酸性
CHEMISTRY,苯酚的化学性质,苯酚的弱酸性与酸性强弱比较
CHEMISTRY,苯酚的化学性质,苯酚的溴代定量与剩余滴定法
CHEMISTRY,苯酚的化学性质,酚羟基的反应与苯酚的取代、检验
CHEMISTRY,范德华力,分子性质的四大要点与配合物
CHEMISTRY,范德华力,分子间作用力与范德华力
CHEMISTRY,范德华力,物质的气、液、固三态的变化与反应热关系
CHEMISTRY,范德华力,组成结构相似分子的范德华力与沸点递变
CHEMISTRY,范德华力,范德华力及其对性质的影响
CHEMISTRY,范德华力,范德华力及其对熔沸点的影响
CHEMISTRY,范德华力,范德华力及其对物质性质的影响
CHEMISTRY,范德华力,范德华力对物质熔沸点的影响
CHEMISTRY,范德华力,范德华力的含义与特征
CHEMISTRY,范德华力,范德华力的特点、影响因素与对熔沸点的影响
CHEMISTRY,范德华力,范德华力的特点与影响
CHEMISTRY,药品取用,使用仪器
CHEMISTRY,药品取用,化学药品的取用原则与方法
CHEMISTRY,药品取用,化学试剂的保存与“八防”
CHEMISTRY,药品取用,固体与液体药品的取用方法
CHEMISTRY,药品取用,药品取用的规范操作
CHEMISTRY,药品取用,试剂、药品的保存与取用
CHEMISTRY,药品取用,试剂瓶中的药品取出后
CHEMISTRY,药品取用,试剂的取用原则与仪器洗净的标准
CHEMISTRY,药品取用,闻有毒气体气味的正确方法
CHEMISTRY,菠菜常用作补铁食品之一-为探究其中铁元素的价态-现进行如下实验,探究实验的三步思路
CHEMISTRY,萃取,三种物质在其他有机溶剂
CHEMISTRY,萃取,减压蒸发与萃取、反萃取
CHEMISTRY,萃取,影响萃取率的因素与反萃取
CHEMISTRY,萃取,液-液萃取
CHEMISTRY,萃取,苯萃取溴水的分层与颜色现象
CHEMISTRY,萃取,萃取、反萃取与配合物分离法
CHEMISTRY,萃取,萃取与分液的操作与萃取剂选择
CHEMISTRY,萃取,萃取与分液的操作要点
CHEMISTRY,萃取,萃取与反萃取
CHEMISTRY,萃取,萃取剂的选择条件与反萃取
CHEMISTRY,萃取,萃取剂选择原则与分液操作要点
CHEMISTRY,萃取,萃取操作与萃取剂的选择
CHEMISTRY,萃取,萃取的原理与液-液萃取的操作
CHEMISTRY,蒸发,减压蒸发的目的与适用对象
CHEMISTRY,蒸发,蒸发与结晶方法的选择
CHEMISTRY,蒸发,蒸发与结晶的选择依据
CHEMISTRY,蒸发,蒸发浓缩的终点判断：出现晶膜即停
CHEMISTRY,蒸发,蒸发结晶法的原理与操作关键
CHEMISTRY,蒸馏,减压蒸馏
CHEMISTRY,蒸馏,加热、蒸馏与冷凝回流的操作要点
CHEMISTRY,蒸馏,毛细管连通大气
CHEMISTRY,蒸馏,水蒸气蒸馏的装置与作用
CHEMISTRY,蒸馏,水蒸气蒸馏的适用条件
CHEMISTRY,蒸馏,液液分离与固固分离
CHEMISTRY,蒸馏,蒸馏、升华与重结晶操作要点
CHEMISTRY,蒸馏,蒸馏与分馏的操作要点
CHEMISTRY,蒸馏,蒸馏操作的关键要点
CHEMISTRY,蒸馏,蒸馏操作要点
CHEMISTRY,蒸馏,蒸馏的适用条件与操作要点
CHEMISTRY,蒸馏,蒸馏高沸点液体时放出冷凝水防炸裂
CHEMISTRY,蒸馏,蒸馏（分馏）法的原理与适用范围
CHEMISTRY,蛋白质,盐析法分离提纯蛋白质
CHEMISTRY,蛋白质,蛋白质的灼烧鉴别与显色鉴别
CHEMISTRY,蛋白质,蛋白质的组成与性质
CHEMISTRY,蛋白质和氨基酸的结构与性质,氨基酸与蛋白质的性质
CHEMISTRY,蛋白质和氨基酸的结构与性质,氨基酸与蛋白质的结构性质
CHEMISTRY,蛋白质的结构与性质,蛋白质的性质
CHEMISTRY,蛋白质的结构与性质,蛋白质的性质与检验
CHEMISTRY,蛋白质的结构与性质,蛋白质的性质：盐析、变性与颜色反应
CHEMISTRY,蛋白质的结构与性质,请比较蛋白质的盐析和变性的区别有哪些
CHEMISTRY,装置气密性检查,气密性检查的基本思路
CHEMISTRY,装置气密性检查,气密性检查答题中易忽略的关键文字
CHEMISTRY,装置气密性检查,装置气密性检查的答题规范
CHEMISTRY,装置气密性检查的方法,常用气密性检查方法的现象判断
CHEMISTRY,装置气密性检查的方法,气密性检查的基本思路与答题规范
CHEMISTRY,装置气密性的检查方法,装置气密性检查的基本思路与前三种方法
CHEMISTRY,装置气密性的检查方法,装置气密性检查：活塞法与吹气液差法
CHEMISTRY,装置气密性的检查方法,装置气密性的四种检查方法
CHEMISTRY,规避两个易失分点,化学反应热效应的两个易失分点
CHEMISTRY,解沉淀溶解平衡图像题的三步骤,pM-pC沉淀溶解图中直线的含义
CHEMISTRY,解沉淀溶解平衡图像题的三步骤,两坐标轴为离子浓度的曲线型图像的分析
CHEMISTRY,解沉淀溶解平衡图像题的三步骤,以BaSO₄为例的沉淀溶解平衡曲线分析方法
CHEMISTRY,解沉淀溶解平衡图像题的三步骤,以氯化银为例
CHEMISTRY,解沉淀溶解平衡图像题的三步骤,多曲线复杂平衡图像的解题步骤
CHEMISTRY,解沉淀溶解平衡图像题的三步骤,对数型沉淀溶解曲线（pC 图像）的分析
CHEMISTRY,解沉淀溶解平衡图像题的三步骤,氢氧化物沉淀对数图像的函数构造
CHEMISTRY,解沉淀溶解平衡图像题的三步骤,沉淀溶解平衡图像三步骤读图法
CHEMISTRY,解沉淀溶解平衡图像题的三步骤,沉淀溶解平衡图像中点的含义
CHEMISTRY,解沉淀溶解平衡图像题的三步骤,沉淀溶解平衡图像的三步破解
CHEMISTRY,解沉淀溶解平衡图像题的三步骤,沉淀溶解平衡图像的分析思路
CHEMISTRY,解沉淀溶解平衡图像题的三步骤,沉淀溶解平衡图像的判读步骤
CHEMISTRY,解沉淀溶解平衡图像题的三步骤,沉淀溶解平衡图像的判读策略
CHEMISTRY,解沉淀溶解平衡图像题的三步骤,沉淀溶解平衡图像的突破三步曲
CHEMISTRY,解沉淀溶解平衡图像题的三步骤,沉淀溶解平衡图像题的三步解法
CHEMISTRY,解沉淀溶解平衡图像题的三步骤,沉淀溶解平衡图像题的解题步骤
CHEMISTRY,解沉淀溶解平衡图像题的三步骤,沉淀溶解平衡曲线题的解题方法
CHEMISTRY,解沉淀溶解平衡图像题的三步骤,沉淀溶解平衡曲线（c-c 图像）的分析
CHEMISTRY,解沉淀溶解平衡图像题的三步骤,溶度积曲线与对数曲线的含义
CHEMISTRY,解沉淀溶解平衡图像题的三步骤,溶度积特点在图像分析中的应用
CHEMISTRY,解答有机合成及推断题的常用方法,五条线索推断甲磺司特路线
CHEMISTRY,解答有机合成及推断题的常用方法,从反应调控角度分析试剂作用
CHEMISTRY,解答有机合成及推断题的常用方法,合成路线中反应先后顺序的确定
CHEMISTRY,解答有机合成及推断题的常用方法,四招推断含呋喃骨架路线中的结构
CHEMISTRY,解答有机合成及推断题的常用方法,推断合成中间产物的常用方法
CHEMISTRY,解答有机合成及推断题的常用方法,有机合成推断题读题与分配时间的策略
CHEMISTRY,解答有机合成及推断题的常用方法,有机合成的“三先三后”策略
CHEMISTRY,解答有机合成及推断题的常用方法,有机合成路线设计的逆向与正向分析法
CHEMISTRY,解答有机合成及推断题的常用方法,有机推断的解题思维
CHEMISTRY,解答有机合成及推断题的常用方法,构建有机推断模型
CHEMISTRY,解答有机合成及推断题的常用方法,正确解答有机合成的关键
CHEMISTRY,解答有机合成及推断题的常用方法,类比运用已知反应推断结构
CHEMISTRY,解答有机合成及推断题的常用方法,编号法写成环产物的结构简式
CHEMISTRY,计算下列小题中所含微粒数目,σ键与π键的比较与数目计算
CHEMISTRY,计算下列小题中所含微粒数目,以物质的量为中心的微粒数目计算模型
CHEMISTRY,计算下列小题中所含微粒数目,微粒数目与价键数目的考查角度
CHEMISTRY,计算下列小题中所含微粒数目,微粒数目计算的三个记忆点
CHEMISTRY,计算下列小题中所含微粒数目,数微粒时必须注意的微观构成（一）
CHEMISTRY,计算下列小题中所含微粒数目,数微粒时必须注意的微观构成（二）
CHEMISTRY,计算下列小题中所含微粒数目,晶胞中微粒数目的均摊法
CHEMISTRY,计算下列小题中所含微粒数目,混合物中微粒数目的计算方法
CHEMISTRY,计算下列小题中所含微粒数目,混合物微粒数计算技巧
CHEMISTRY,计算下列小题中所含微粒数目,物质所含微粒数目的组成陷阱
CHEMISTRY,认识外界因素对化学反应速率影响的误区,升温时正、逆反应速率并非一增一减
CHEMISTRY,认识外界因素对化学反应速率影响的误区,升温时正逆反应速率同时增大
CHEMISTRY,认识外界因素对化学反应速率影响的误区,压强与温度影响速率的两个误区
CHEMISTRY,认识外界因素对化学反应速率影响的误区,压强对速率影响的思维模型
CHEMISTRY,认识外界因素对化学反应速率影响的误区,压强影响反应速率的适用范围误区
CHEMISTRY,认识外界因素对化学反应速率影响的误区,外界因素影响速率的三个误区
CHEMISTRY,认识外界因素对化学反应速率影响的误区,外界因素影响速率的四个常见误区
CHEMISTRY,认识外界因素对化学反应速率影响的误区,外界因素影响速率的四个误区
CHEMISTRY,认识外界因素对化学反应速率影响的误区,外界因素影响速率的四大误区
CHEMISTRY,认识外界因素对化学反应速率影响的误区,外界因素影响速率的常见误区（上）
CHEMISTRY,认识外界因素对化学反应速率影响的误区,影响速率因素的五个认识误区
CHEMISTRY,认识外界因素对化学反应速率影响的误区,浓度影响反应速率的适用范围误区
CHEMISTRY,认识外界因素对化学反应速率影响的误区,温度、压强对正逆反应速率影响的幅度规律
CHEMISTRY,认识外界因素对化学反应速率影响的误区,温度变化对正逆反应速率的影响
CHEMISTRY,认识外界因素对化学反应速率影响的误区,温度影响反应速率的常见误区
CHEMISTRY,设计制备纯硅的实验题中重要的知识点,纯硅制备路线的关键反应与无水无氧要求
CHEMISTRY,设计制备纯硅的实验题中重要的知识点,证明某酸是弱酸的实验设计思路
CHEMISTRY,设计和制作一个氢氧燃料电池,氢氧燃料电池与常见燃料电池燃料
CHEMISTRY,设计和制作一个氢氧燃料电池,氢氧燃料电池与电解水的对比
CHEMISTRY,试剂的保存方法,试剂保存的六注意
CHEMISTRY,误将溶液体积看作1l,两溶液等体积混合后质量分数的规律
CHEMISTRY,误将溶液体积看作1l,只给浓度未给体积时的微粒数目判断禁忌
CHEMISTRY,误将溶液体积看作1l,1若限定溶液无色
CHEMISTRY,误差分析,中和滴定的误差与操作辨析
CHEMISTRY,误差分析,中和滴定的误差分析依据
CHEMISTRY,误差分析,中和滴定的读数误差分析
CHEMISTRY,误差分析,中和滴定误差分析归结到V(标)的影响
CHEMISTRY,误差分析,中和滴定误差分析的依据
CHEMISTRY,误差分析的方法,中和滴定误差分析
CHEMISTRY,误差分析的方法,中和滴定误差分析的基本方法
CHEMISTRY,误差分析的方法,滴定终点判断与误差分析
CHEMISTRY,误差分析的方法,滴定误差分析只看V标的变化
CHEMISTRY,误差分析的方法,由浓度定义式判断操作误差的方向
CHEMISTRY,误差分析的方法,碳骨架建构的方法
CHEMISTRY,误差分析的方法,缺项配平的方法与技巧
CHEMISTRY,调节pH分离提纯金属离子,利用沉淀溶解平衡除杂提纯时的两个常考点
CHEMISTRY,调节pH分离提纯金属离子,沉淀剂的选择原则与除硫酸根时选钡盐的理由
CHEMISTRY,调节pH分离提纯金属离子,用调节pH的方法除杂提纯
CHEMISTRY,调节pH分离提纯金属离子,由溶度积计算除去杂质离子所需的pH范围
CHEMISTRY,调节pH分离提纯金属离子,调节pH法
CHEMISTRY,调节pH分离提纯金属离子,金属阳离子开始沉淀时pH的计算方法
CHEMISTRY,调节pH分离提纯金属离子,金属阳离子沉淀完全时pH的计算方法
CHEMISTRY,超分子,超分子的两个重要特征与超分子化学的发展
CHEMISTRY,超分子,超分子的典型应用实例
CHEMISTRY,超分子,超分子的定义、作用力与两大特征
CHEMISTRY,超分子,超分子的概念、特征与典型实例
CHEMISTRY,超分子,超分子的概念、特征与应用
CHEMISTRY,超分子,超分子的概念与作用力
CHEMISTRY,超分子,超分子的概念与实例
CHEMISTRY,超分子,超分子的概念与杯酚分离C₆₀和C₇₀
CHEMISTRY,超分子,超分子的特征作用力与应用
CHEMISTRY,超分子,超分子的识别、自组装与应用
CHEMISTRY,超分子,超分子自组装在生物体系中的实例
CHEMISTRY,超分子,超分子：分子识别与自组装
CHEMISTRY,足量的铝分别与等物质的量的hcl和naoh反应,等物质的量的酸和碱与足量的铝反应
CHEMISTRY,足量的铝分别与等物质的量的hcl和naoh反应,等质量的铝分别与等物质的量的强酸和强碱溶液反
CHEMISTRY,转化率,平衡体系中常用量的计算
CHEMISTRY,转化率,平衡状态的判断与转化率
CHEMISTRY,过二硫酸钠,过二硫酸钠的结构与氧化性
CHEMISTRY,过氧化氢的性质,过氧化氢既具氧化性又具还原性的价态分析与验证
CHEMISTRY,过氧化氢的性质,过氧化氢的重要方程式荟萃
CHEMISTRY,过氧化物的过氧键与化合价分析,过氧化物中过氧键的判断与化合价分析
CHEMISTRY,过氧化钠,NO 与 NO2 的收集方法与 NO2 的氧化性
CHEMISTRY,过氧化钠,Na2O2是一种常见的过氧化物
CHEMISTRY,过氧化钠,Na2O2的强氧化性与还原性
CHEMISTRY,过氧化钠,Na2O2的强氧化性表现
CHEMISTRY,过氧化钠,SO2 漂白与褪色的原因区分
CHEMISTRY,过氧化钠,——检验Cl2等具有强氧化性的物
CHEMISTRY,过氧化钠,常见漂白性物质的原理比较
CHEMISTRY,过氧化钠,强氧化性
CHEMISTRY,过氧化钠,次氯酸盐的强氧化性
CHEMISTRY,过氧化钠,氧化钠与过氧化钠的类别与颜色对比
CHEMISTRY,过氧化钠,氯气具有强氧化性
CHEMISTRY,过氧化钠,浓硫酸的三大特性：吸水性、脱水性、强氧化性
CHEMISTRY,过氧化钠,熔融的金属氧化物作介质传导O2-
CHEMISTRY,过氧化钠,硝酸的不稳定性与强氧化性
CHEMISTRY,过氧化钠,硝酸的强氧化性与不稳定性
CHEMISTRY,过氧化钠,纯净的过氧化钙
CHEMISTRY,过氧化钠,过氧化钠与氧化钠的性质比较
CHEMISTRY,过氧化钠,过氧化钠溶于水
CHEMISTRY,过氧化钠,过氧化钠的两个易错点
CHEMISTRY,过氧化钠,过氧化钠的强氧化性
CHEMISTRY,过氧化钠,过氧化钠的性质与强氧化性的本质
CHEMISTRY,过氧化钠,过氧化钠的性质与易错点
CHEMISTRY,过氧化钠,过氧化钠的结构、强氧化性与反应规律
CHEMISTRY,过氧化钠的性质与探究,SiO2的用途、性质与提纯除杂
CHEMISTRY,过氧化钠的性质与探究,二氧化硅的性质与易错点
CHEMISTRY,过氧化钠的性质与探究,从氧化还原角度分析过氧化钠与水的反应
CHEMISTRY,过氧化钠的性质与探究,检验过氧化钠与水反应生成过氧化氢的方法
CHEMISTRY,过氧化钠的性质与探究,氮气的性质与氮的固定
CHEMISTRY,过氧化钠的性质与探究,溶度积 Ksp 的性质与比较规则
CHEMISTRY,过氧化钠的性质与探究,过氧化钠与二氧化碳、水反应的定量关系
CHEMISTRY,过氧化钠的性质与探究,过氧化钠与水、二氧化碳反应的电子转移
CHEMISTRY,过氧化钠的性质与探究,过氧化钠与水反应中溶液先变红后褪色的原因
CHEMISTRY,过氧化钠的性质与探究,过氧化钠与水反应的两步机理
CHEMISTRY,过氧化钠的性质与探究,过氧化钠的供氧、吸酸与增重规律
CHEMISTRY,过氧化钠的性质与探究,钠与氧气反应产物随条件变化
CHEMISTRY,过氧化钠的性质与探究,铜单质的性质与主要反应汇总
CHEMISTRY,过渡态理论,过渡态与活化能
CHEMISTRY,过渡态理论,过渡态与活化能的关系
CHEMISTRY,过渡态理论,过渡态理论与活化能
CHEMISTRY,过渡晶体与混合型晶体,混合晶体
CHEMISTRY,过渡晶体与混合型晶体,石墨与混合型晶体
CHEMISTRY,过渡晶体与混合型晶体,石墨的层状结构与混合型晶体特征
CHEMISTRY,过渡晶体与混合型晶体,石墨的层状结构与混合晶体属性
CHEMISTRY,过渡晶体与混合型晶体,过渡晶体与石墨混合型晶体
CHEMISTRY,过渡晶体与混合型晶体,过渡晶体与离子键成分
CHEMISTRY,过滤,分离与提纯及其除杂原则
CHEMISTRY,过滤,固液分离：过滤与结晶
CHEMISTRY,过滤,过滤操作中的三个常考热点
CHEMISTRY,过滤,过滤操作的原理与关键步骤
CHEMISTRY,过滤,过滤的操作要点与沉淀洗涤
CHEMISTRY,还原剂,还原剂与还原产物
CHEMISTRY,连续型离子方程式的书写-分类分析法,反应连续型离子方程式的书写
CHEMISTRY,连续型离子方程式的书写-分类分析法,电离方程式的书写
CHEMISTRY,连续型离子方程式的书写-分类分析法,离子方程式中化学式的拆写规则
CHEMISTRY,连续型离子方程式的书写-分类分析法,离子方程式的书写步骤与拆分规则
CHEMISTRY,连续型离子方程式的书写-分类分析法,连续反应型离子方程式
CHEMISTRY,连续型离子方程式的书写-分类分析法,连续型书写的产物稳定性检查
CHEMISTRY,连续型离子方程式的书写-分类分析法,连续型的多元弱酸盐与铝的书写
CHEMISTRY,连续型离子方程式的书写-分类分析法,连续型的连续反应原理
CHEMISTRY,连续型离子方程式的书写-分类分析法,连续型离子方程式的书写
CHEMISTRY,连续型离子方程式的书写-分类分析法,连续型离子方程式的书写（分类分析法）
CHEMISTRY,连续型离子方程式的书写-分类分析法,连续型离子方程式的书写（分类分析）
CHEMISTRY,连续型离子方程式的书写-分类分析法,连续型离子方程式的五类情形
CHEMISTRY,连续型离子方程式的书写-分类分析法,重量分析法
CHEMISTRY,连续型离子方程式的书写-分类分析法,重量分析法的过程包括分离和称量两个过程
CHEMISTRY,速率-时间图像,含断点的速率—时间图像
CHEMISTRY,速率-时间图像,速率-时间图像的分析
CHEMISTRY,速率-时间图像,速率-时间图像的四种类型
CHEMISTRY,速率-时间图像,速率—时间图像的分析思维
CHEMISTRY,速率-时间图像,速率—时间图像的四类形态
CHEMISTRY,速率-时间图像,速率—时间图像的类型与全程分析
CHEMISTRY,速率-时间图像,速率图像的分析策略
CHEMISTRY,速率-时间图像,速率时间图像中的断点分析
CHEMISTRY,速率-温度(压强)图像,速率—温度(压强)图像
CHEMISTRY,速率—压强(或温度)图像,速率—压强（或温度）图像的判读
CHEMISTRY,速率常数和速率方程,合成氨反应的速率方程
CHEMISTRY,速率常数和速率方程,基元反应与基元反应的速率方程
CHEMISTRY,速率常数和速率方程,基元反应的速率方程
CHEMISTRY,速率常数和速率方程,基元反应的速率方程与速率常数
CHEMISTRY,速率常数和速率方程,基元反应速率方程与速率常数
CHEMISTRY,速率常数和速率方程,复杂反应的速率方程由最慢基元反应决定
CHEMISTRY,速率常数和速率方程,由实验数据求速率方程的幂指数
CHEMISTRY,速率常数和速率方程,由实验数据确定速率方程
CHEMISTRY,速率常数和速率方程,速率常数、速率方程及其与平衡常数的关系
CHEMISTRY,速率常数和速率方程,速率常数与速率方程
CHEMISTRY,速率常数和速率方程,速率常数的含义与影响因素
CHEMISTRY,速率常数和速率方程,速率常数的含义与速率方程的书写
CHEMISTRY,速率常数和速率方程,速率常数的影响因素与k正比k逆等于K
CHEMISTRY,速率常数和速率方程,速率常数速率方程与平衡常数的关系
CHEMISTRY,速率常数和速率方程,速率方程与速率常数
CHEMISTRY,速率常数和速率方程,速率方程与速率常数的三种考法
CHEMISTRY,速率常数和速率方程,速率方程的应用步骤
CHEMISTRY,速率常数和速率方程,速率方程的形式与实验测定原则
CHEMISTRY,部分弱酸的电离常数如下表,多元弱酸的各步电离常数的大小关系是Ka1>K
CHEMISTRY,部分弱酸的电离常数如下表,由电离常数比较酸性强弱与酸根结合质子的能力
CHEMISTRY,部分弱酸的电离常数如下表,谷氨酸的电离常数Ka1=6.46×10-3
CHEMISTRY,配位化合物,用电导滴定确定配合物内界与外界的离子比
CHEMISTRY,配位化合物,羰基配合物中金属的价态
CHEMISTRY,配位化合物,螯合物与多齿配体
CHEMISTRY,配位化合物,逐级配位平衡常数与总稳定常数
CHEMISTRY,配位化合物,配位平衡图像与逐级平衡常数
CHEMISTRY,配位化合物,配位数与配位体的判断
CHEMISTRY,配位化合物,配位数的判断与配位键稳定性比较
CHEMISTRY,配位化合物,配体、配位原子、配位数与配合物对物质性质的影响
CHEMISTRY,配位化合物,配合物的中心离子与配体的多样性
CHEMISTRY,配位化合物,配合物的制备与特殊配体
CHEMISTRY,配位化合物,配合物的组成与常见性质
CHEMISTRY,配位化合物,配合物的组成与配位数
CHEMISTRY,配位化合物,配合物配位数的判断方法
CHEMISTRY,配位键,氯化铝的缺电子结构与二聚
CHEMISTRY,配位键,血红蛋白中的配位键与一氧化碳中毒
CHEMISTRY,配位键,配位原子
CHEMISTRY,配位键,配位键与共价键的关系
CHEMISTRY,配位键,配位键与配合物的组成
CHEMISTRY,配位键,配位键的形成条件与表示
CHEMISTRY,配位键,配位键的形成条件与表示方法
CHEMISTRY,配位键和配合物,AlCl3二聚分子中的配位键
CHEMISTRY,配位键和配合物,CuCl2 溶液中的配位平衡与颜色变化
CHEMISTRY,配位键和配合物,Fe(Ⅲ)三种配合物的竞争平衡与颜色变化
CHEMISTRY,配位键和配合物,色胺酮来源于天然植物中药板蓝根
CHEMISTRY,配位键和配合物,配位键与配合物
CHEMISTRY,配位键和配合物,配合物的形成条件
CHEMISTRY,配位键和配合物,配合物的形成条件与 Al3+ 的配合物
CHEMISTRY,配位键和配合物,配合物的组成与配位数计算
CHEMISTRY,配制一定物质的量浓度溶液的仪器与容量瓶使用,容量瓶的使用与称量仪器
CHEMISTRY,配制一定物质的量浓度溶液的仪器与容量瓶使用,容量瓶的构造、查漏方法与四个操作四个不能
CHEMISTRY,配制一定物质的量浓度溶液的仪器与容量瓶使用,托盘天平的使用与称量要求
CHEMISTRY,配制一定物质的量浓度溶液的仪器与容量瓶使用,玻璃棒
CHEMISTRY,配合物,滴加氨水后
CHEMISTRY,配合物,配位数
CHEMISTRY,配合物,配位数的影响因素与常见取值
CHEMISTRY,配合物,配合物与配位键的四个易错点
CHEMISTRY,配合物,配合物的生成实验探究与应用
CHEMISTRY,配合物,配合物的组成与内界、外界
CHEMISTRY,配合物,配合物的组成与配体
CHEMISTRY,配合物,配离子
CHEMISTRY,配合物,颜色的改变
CHEMISTRY,配平步骤,氧化还原方程式的配平思维模型
CHEMISTRY,配平步骤,缺项离子方程式配平的先电荷后原子顺序
CHEMISTRY,配平氧化还原反应方程式的三个-基本原则,核反应方程式的守恒规律
CHEMISTRY,配平氧化还原反应方程式的三个-基本原则,氧化还原反应方程式配平的基本原则与一般步骤
CHEMISTRY,配平氧化还原反应方程式的三个-基本原则,氧化还原方程式的三种配平类型
CHEMISTRY,配平氧化还原反应方程式的三个-基本原则,氧化还原方程式的正向配平法与逆向配平法
CHEMISTRY,配平氧化还原反应方程式的三个-基本原则,氧化还原方程式配平五步骤
CHEMISTRY,配平氧化还原反应方程式的三个-基本原则,氧化还原方程式配平原则
CHEMISTRY,配平氧化还原反应方程式的三个-基本原则,氧化还原方程式配平的三原则与五步骤
CHEMISTRY,配平氧化还原反应方程式的三个-基本原则,配平氧化还原反应方程式的三个基本原则
CHEMISTRY,配平氧化还原反应方程式的三个-基本原则,配平氧化还原反应的三原则与五步骤
CHEMISTRY,配平氧化还原反应方程式的三个-基本原则,配平氧化还原方程式的三大原则
CHEMISTRY,配平氧化还原反应方程式的三个-基本原则,配平的操作顺序与特殊物质价态
CHEMISTRY,配平氧化还原反应方程式的三个-基本原则,陌生情境氧化还原方程式的书写
CHEMISTRY,配平氧化还原反应方程式的三个-基本原则,陌生非氧化还原方程式的书写要点
CHEMISTRY,配平氧化还原反应方程式的三个-基本原则,陌生非氧化还原（复分解）方程式的分步书写法
CHEMISTRY,配比型离子方程式的书写-少定多变法,“定1法”书写少量与过量反应的离子方程式
CHEMISTRY,配比型离子方程式的书写-少定多变法,与量有关离子方程式的书写方法
CHEMISTRY,配比型离子方程式的书写-少定多变法,以少定多法的书写示例
CHEMISTRY,配比型离子方程式的书写-少定多变法,定一法书写酸式盐与碱反应的方程式
CHEMISTRY,配比型离子方程式的书写-少定多变法,少定多变法书写与量有关离子方程式的四个步骤
CHEMISTRY,配比型离子方程式的书写-少定多变法,少量与过量时离子方程式的书写示例
CHEMISTRY,配比型离子方程式的书写-少定多变法,物质配比型反应的以少定多法
CHEMISTRY,配比型离子方程式的书写-少定多变法,组成配比型离子方程式的书写
CHEMISTRY,配比型离子方程式的书写-少定多变法,配比型方程式的少定多变法
CHEMISTRY,配比型离子方程式的书写-少定多变法,配比型的少定多变书写模型
CHEMISTRY,配比型离子方程式的书写-少定多变法,配比型离子方程式
CHEMISTRY,配比型离子方程式的书写-少定多变法,配比型离子方程式的书写
CHEMISTRY,配比型离子方程式的书写-少定多变法,配比型离子方程式的书写方法
CHEMISTRY,配比型离子方程式的书写-少定多变法,配比型离子方程式的书写（少定多变法）
CHEMISTRY,配比型离子方程式的书写-少定多变法,配比型离子方程式的书写（少定多变）
CHEMISTRY,酚,苯酚与碳酸和碳酸氢根酸性强弱的比较
CHEMISTRY,酚,苯酚的性质与检验
CHEMISTRY,酚,酚的结构与苯酚的化学性质
CHEMISTRY,酚的概念和物理性质,苯酚的溶解性
CHEMISTRY,酚的概念和物理性质,苯酚的溶解性与物理性质
CHEMISTRY,酚的概念和物理性质,苯酚的物理性质与久置变色
CHEMISTRY,酚的概念和物理性质,酚的概念与苯酚的物理性质
CHEMISTRY,酚的结构和性质,苯酚的弱酸性及与碳酸盐的反应判断
CHEMISTRY,酚的结构和性质,酚的化学性质
CHEMISTRY,酚的结构和性质,酚羟基比醇羟基活泼的原因
CHEMISTRY,酮,酮的组成与酮羰基
CHEMISTRY,酮,酮的结构与通式
CHEMISTRY,酯,酯的三类水解反应方程式
CHEMISTRY,酯,酯的含义、结构与物理性质
CHEMISTRY,酯,酯的水解与定量关系
CHEMISTRY,酯化反应,SOCl2 在酯化反应中的作用
CHEMISTRY,酯化反应,乙酸与乙醇酯化反应的实验与酸脱羟基醇脱氢的证明
CHEMISTRY,酯化反应,酯化反应实验的注意事项与羟基化合物的反应规律
CHEMISTRY,酯化反应,酯化反应的定义与反应特点
CHEMISTRY,酯化反应,酯化反应的断键方式
CHEMISTRY,酯化反应,酯化反应的断键规律
CHEMISTRY,酯化反应,酯化反应的方程式书写
CHEMISTRY,酯化反应实验探究,乙酸乙酯制备的注意事项
CHEMISTRY,酯化反应实验探究,乙酸乙酯制备的绿色化改进
CHEMISTRY,酯化反应实验探究,分水器在酯化反应中的双重作用
CHEMISTRY,酯化反应实验探究,酯化实验的加料顺序与饱和碳酸钠的作用
CHEMISTRY,酯和油脂的结构和性质,羧酸与酯、油脂的性质
CHEMISTRY,酯和油脂的结构和性质,酯基：水解反应：①酸性条件下水解
CHEMISTRY,酯和油脂的结构和性质,酯的水解与酚酯的耗碱量
CHEMISTRY,酰胺,胺与酰胺的性质
CHEMISTRY,酰胺,酰胺与碱的反应及酰胺的用途
CHEMISTRY,酰胺,酰胺的定义与水解
CHEMISTRY,酰胺,酰胺的物理状态
CHEMISTRY,酸-碱稀释时的两个误区,酸碱稀释与混合的易错规律
CHEMISTRY,酸-碱稀释时的两个误区,酸碱稀释的两个误区
CHEMISTRY,酸或碱溶液中水电离程度的计算,酸或碱溶液中水电离出的H+与OH-的计算
CHEMISTRY,酸碱中和滴定,中和滴定指示剂的选择与终点判断
CHEMISTRY,酸碱中和滴定,当滴入最后半滴×××标准溶液后
CHEMISTRY,酸碱中和滴定,指示剂的选择由滴定终点溶液的酸碱性决定
CHEMISTRY,酸碱中和滴定,指示剂选择的三个因素与规律
CHEMISTRY,酸碱中和滴定,滴定计算的三步走与n的换算
CHEMISTRY,酸碱中和滴定,空白实验法测定样品中某成分含量
CHEMISTRY,酸碱中和滴定,计量仪器的使用规范：量筒、容量瓶、滴定管、天平
CHEMISTRY,酸碱中和滴定,酸碱中和滴定的原理、仪器与指示剂
CHEMISTRY,酸碱中和滴定,酸碱中和滴定的原理、仪器与操作流程
CHEMISTRY,酸碱中和滴定,酸碱中和滴定的原理与仪器
CHEMISTRY,酸碱中和滴定,酸碱中和滴定的原理与仪器操作
CHEMISTRY,酸碱中和滴定,酸碱中和滴定的原理与指示剂
CHEMISTRY,酸碱中和滴定,酸碱中和滴定的原理与试剂
CHEMISTRY,酸碱中和滴定,酸碱中和滴定的用品与操作
CHEMISTRY,酸碱中和滴定,量筒和滴定管的读数
CHEMISTRY,酸碱中和滴定-八-个提醒,中和滴定的易错提醒
CHEMISTRY,酸碱中和滴定-八-个提醒,中和滴定的终点与读数提醒
CHEMISTRY,酸碱中和滴定-八-个提醒,酸碱中和滴定八个提醒
CHEMISTRY,酸碱中和滴定指示剂的选择,中和滴定指示剂的选择原则
CHEMISTRY,酸碱中和滴定指示剂的选择,常用酸碱指示剂的变色范围
CHEMISTRY,酸碱中和滴定指示剂的选择,常见酸碱指示剂的变色范围
CHEMISTRY,酸碱中和滴定指示剂的选择,强酸强碱互滴的指示剂及终点颜色变化
CHEMISTRY,酸碱中和滴定指示剂的选择,指示剂选择的原则：变色范围落在 pH 突变范围内
CHEMISTRY,酸碱中和滴定的关键,中和滴定的指示剂选择与终点判断
CHEMISTRY,酸碱中和滴定的关键,中和滴定的操作流程与终点判断
CHEMISTRY,酸碱中和滴定的关键,中和滴定误差分析通法
CHEMISTRY,酸碱中和滴定的关键,完全中和、滴定终点与中和能力的辨析
CHEMISTRY,酸碱中和滴定的关键,酸碱中和滴定的关键与误差分析
CHEMISTRY,酸雨,硫酸型酸雨的形成与危害
CHEMISTRY,酸雨,硫酸型酸雨的形成与治理
CHEMISTRY,酸雨,硫酸型酸雨的形成与防治
CHEMISTRY,酸雨,硫酸型酸雨的形成途径与危害
CHEMISTRY,酸雨,硫酸型酸雨的转化路径与SO₂、NOₓ的危害
CHEMISTRY,酸雨,酸雨的概念、成因、类型与防治
CHEMISTRY,醇,醇的分子结构与断键位置
CHEMISTRY,醇,醇的概念与断键反应
CHEMISTRY,醇和酚的结构和性质易混易错点,羟基对苯环的影响与醇酚比较
CHEMISTRY,醇和酚的结构和性质易混易错点,醇与酚的区分及性质混淆
CHEMISTRY,醇和酚的结构和性质易混易错点,醇与酚的性质易混易错点
CHEMISTRY,醇和酚的结构和性质易混易错点,醇与酚的结构性质差异
CHEMISTRY,醇和酚的结构和性质易混易错点,醇羟基酚羟基与羧基的性质比较
CHEMISTRY,醇的化学性质,乙醇与强氧化剂的反应
CHEMISTRY,醇的化学性质,乙醇的七类反应与断键位置
CHEMISTRY,醇的化学性质,乙醇的化学性质
CHEMISTRY,醇的化学性质,从官能团、化学键的视角理解醇的化学性质
CHEMISTRY,醇的化学性质,醇消去与催化氧化的判断规律
CHEMISTRY,醇的化学性质,醇的催化氧化规律
CHEMISTRY,醇的化学性质,醇的化学性质与断键位置
CHEMISTRY,醇的化学性质,醇的四类化学性质
CHEMISTRY,醇的化学性质,醇的断键部位与反应类型
CHEMISTRY,醇的化学性质,醇羟基
CHEMISTRY,醇的化学性质,醇羟基与钠反应的方程式
CHEMISTRY,醇的化学性质,醇羟基的取代、氧化与酯化反应
CHEMISTRY,醇的化学性质,铜催化氧化乙醇的实质
CHEMISTRY,醇的概念及分类,醇的概念、分类与物理性质
CHEMISTRY,醇的结构和性质,乙二醇
CHEMISTRY,醇的结构和性质,醇消去与催化氧化的结构条件
CHEMISTRY,醇的结构和性质,醇的催化氧化与消去反应的规律
CHEMISTRY,醇的结构和性质,醇的消去与催化氧化的结构条件
CHEMISTRY,醇的结构和性质,醇的消去反应与催化氧化条件
CHEMISTRY,醇的结构和性质,醇的结构与化学性质
CHEMISTRY,醇的结构和性质,醇类催化氧化产物的判断
CHEMISTRY,醚的结构与性质,环醚：多元醇分子内脱水成醚
CHEMISTRY,醚的结构与性质,芳香醚脱甲基：醚键被HBr断裂
CHEMISTRY,醚的结构与性质,酚羟基保护：成醚与酸性复原
CHEMISTRY,醚的结构与性质,醚的官能团与结构通式
CHEMISTRY,醛,醛、酮的组成与氧化还原
CHEMISTRY,醛,醛基的还原与氧化反应
CHEMISTRY,醛,醛的组成与醛基
CHEMISTRY,醛-酮在有机合成中的应用,用 DMP 选择性氧化羟基为醛基
CHEMISTRY,醛-酮在有机合成中的应用,醛、酮与酯的常见信息反应
CHEMISTRY,醛-酮在有机合成中的应用,醛、酮在有机合成中增长碳链的三种反应
CHEMISTRY,醛-酮在有机合成中的应用,醛酮在有机合成中的应用
CHEMISTRY,醛-酮的化学性质,乙醛与新制氢氧化铜反应要点
CHEMISTRY,醛-酮的化学性质,乙醛与新制氢氧化铜的反应
CHEMISTRY,醛-酮的化学性质,乙醛的银镜反应
CHEMISTRY,醛-酮的化学性质,氢氧化铜反应的碱性条件与洗涤
CHEMISTRY,醛-酮的化学性质,醛和酮的化学性质
CHEMISTRY,醛-酮的化学性质,醛基的两种检验方法
CHEMISTRY,醛-酮的化学性质,醛基的检验与官能团检验顺序
CHEMISTRY,醛-酮的化学性质,醛的氧化与加成反应
CHEMISTRY,醛-酮的化学性质,醛的氧化加成与羟醛缩合
CHEMISTRY,醛-酮的化学性质,银镜反应的实验要点
CHEMISTRY,醛-酮的概念,醛、酮的概念与通式
CHEMISTRY,醛-酮的概念,醛与酮的结构区别
CHEMISTRY,醛和酮的结构和性质,醛和酮的结构与性质概述
CHEMISTRY,醛和酮的结构和性质,醛酮羰基的结构与加成反应
CHEMISTRY,醛和酮的结构和性质易混易错点,含醛基物质与醛类的辨析
CHEMISTRY,醛和酮的结构和性质易混易错点,醛和酮的加成与氧化反应
CHEMISTRY,醛和酮的结构和性质易混易错点,醛基与碳碳双键共存时的检验顺序
CHEMISTRY,醛的应用和对环境-健康产生的影响,醛的应用与环境健康影响
CHEMISTRY,重结晶,“趁热过滤”后
CHEMISTRY,重结晶,冷却结晶法与重结晶
CHEMISTRY,重结晶,待反应完成后
CHEMISTRY,重结晶,重结晶的原理与溶剂选择
CHEMISTRY,重结晶,重结晶的原理与适用条件
CHEMISTRY,量气分析法,量气分析法的原理与装置
CHEMISTRY,金属与硝酸反应计算的四种方法,反应热计算的主要依据
CHEMISTRY,金属与硝酸反应计算的四种方法,反应热计算的虚拟路径法（盖斯定律循环）
CHEMISTRY,金属与硝酸反应计算的四种方法,定量分析的四种方法
CHEMISTRY,金属与硝酸反应计算的四种方法,沉淀溶解的四种方法（含氧化还原溶解）
CHEMISTRY,金属与硝酸反应计算的四种方法,沉淀生成的四种方法
CHEMISTRY,金属与硝酸反应计算的四种方法,硝酸与金属反应的四种计算方法
CHEMISTRY,金属与硝酸反应计算的四种方法,硝酸与金属反应计算的守恒法与离子方程式法
CHEMISTRY,金属与硝酸反应计算的四种方法,金属与硝酸反应的计算方法
CHEMISTRY,金属与硝酸反应计算的四种方法,金属与硝酸反应的计算模型
CHEMISTRY,金属与硝酸反应计算的四种方法,金属与硝酸反应计算的四种守恒法
CHEMISTRY,金属与硝酸反应计算的四种方法,铁与硝酸反应的计算方法
CHEMISTRY,金属冶炼,电解法冶炼活泼金属及其注意点
CHEMISTRY,金属冶炼,金属冶炼中的方法选择与易错点
CHEMISTRY,金属冶炼,金属冶炼的三种方法与适用范围
CHEMISTRY,金属冶炼,金属冶炼的实质与三大方法
CHEMISTRY,金属冶炼,金属冶炼的实质与三种方法
CHEMISTRY,金属冶炼,金属冶炼的实质与方法选择
CHEMISTRY,金属冶炼,金属冶炼的实质与热还原法
CHEMISTRY,金属冶炼,金属冶炼的方法与金属活动性的关系
CHEMISTRY,金属及其化合物的制备,金属冶炼的实质与方法
CHEMISTRY,金属及其化合物的制备,金属及其化合物的制备路径选择
CHEMISTRY,金属导电和电解质溶液导电的对比,不能用电解水溶液制取活泼金属
CHEMISTRY,金属导电和电解质溶液导电的对比,升温对三类导体导电能力的影响
CHEMISTRY,金属导电和电解质溶液导电的对比,外加电解质对原电解质溶液导电能力的影响
CHEMISTRY,金属导电和电解质溶液导电的对比,电冶金：电解熔融盐冶炼活泼金属
CHEMISTRY,金属导电和电解质溶液导电的对比,电解池电极与电源极性的对应关系
CHEMISTRY,金属导电和电解质溶液导电的对比,电解质熔融态导电的差异
CHEMISTRY,金属导电和电解质溶液导电的对比,金属与电解质溶液导电的差异
CHEMISTRY,金属导电和电解质溶液导电的对比,金属导电与电解质溶液导电的对比
CHEMISTRY,金属晶体,导电性与金属晶体的辨析
CHEMISTRY,金属晶体,晶体中离子的存在辨析
CHEMISTRY,金属晶体,金属单质是金属晶体
CHEMISTRY,金属晶体,金属晶体多数硬度大
CHEMISTRY,金属晶体,金属晶体性质的理论解释
CHEMISTRY,金属晶体,金属键与金属晶体
CHEMISTRY,金属晶体,金属键与金属晶体的构成
CHEMISTRY,金属晶体的空间利用率,金属晶体空间利用率的计算
CHEMISTRY,金属晶体的空间利用率,面心立方最密堆积的空隙数目与位置
CHEMISTRY,金属材料,含金属元素的物质不一定是金属材料
CHEMISTRY,金属材料和金属的冶炼易错点,电解法冶炼与金属冶炼易错点
CHEMISTRY,金属材料和金属的冶炼易错点,金属冶炼与合金的易错判断
CHEMISTRY,金属材料和金属的冶炼易错点,金属材料与冶炼易错点
CHEMISTRY,金属材料和金属的冶炼易错点,金属材料与金属冶炼的七个易错点
CHEMISTRY,金属材料和金属的冶炼易错点,金属材料与金属冶炼的易错点
CHEMISTRY,金属材料和金属的冶炼易错点,铝热反应的注意事项与特殊冶炼方法
CHEMISTRY,金属氢化物,金属氢化物的制备与强还原性
CHEMISTRY,金属电化学腐蚀规律,化学腐蚀与电化学腐蚀
CHEMISTRY,金属电化学腐蚀规律,对同一金属来说
CHEMISTRY,金属电化学腐蚀规律,影响金属腐蚀的因素与析氢腐蚀的适用范围
CHEMISTRY,金属电化学腐蚀规律,比较金属腐蚀快慢的四条规律
CHEMISTRY,金属电化学腐蚀规律,溶液性质对金属腐蚀速率的影响
CHEMISTRY,金属电化学腐蚀规律,由介质判断析氢腐蚀与吸氧腐蚀
CHEMISTRY,金属电化学腐蚀规律,腐蚀快慢比较与电化学腐蚀类型
CHEMISTRY,金属电化学腐蚀规律,金属电化学腐蚀的类型与快慢规律
CHEMISTRY,金属电化学腐蚀规律,金属的电化学腐蚀：析氢腐蚀与吸氧腐蚀
CHEMISTRY,金属电化学腐蚀规律,金属腐蚀与防护的易错辨析
CHEMISTRY,金属电化学腐蚀规律,金属腐蚀快慢的一般规律
CHEMISTRY,金属电化学腐蚀规律,金属腐蚀快慢的判断
CHEMISTRY,金属电化学腐蚀规律,金属腐蚀速率的比较规律
CHEMISTRY,金属电化学腐蚀规律,钢铁的吸氧腐蚀与析氢腐蚀
CHEMISTRY,金属的冶炼-金属矿物的开发利用,冶炼某些金属
CHEMISTRY,金属的冶炼-金属矿物的开发利用,热还原法、金属置换法与电解法冶炼金属的共同本质
CHEMISTRY,金属的冶炼-金属矿物的开发利用,电冶金不能电解MgO与AlCl3
CHEMISTRY,金属的冶炼-金属矿物的开发利用,电冶金与原料选择
CHEMISTRY,金属的冶炼-金属矿物的开发利用,电冶金：电解法冶炼活泼金属
CHEMISTRY,金属的冶炼-金属矿物的开发利用,电解法冶炼活泼金属与冶炼方法选择
CHEMISTRY,金属的冶炼-金属矿物的开发利用,电解法冶炼活泼金属的易错点
CHEMISTRY,金属的冶炼-金属矿物的开发利用,金属冶炼的原理、方法与特殊案例
CHEMISTRY,金属的冶炼-金属矿物的开发利用,金属冶炼的实质、步骤与方法
CHEMISTRY,金属的冶炼-金属矿物的开发利用,金属冶炼的实质与四种方法
CHEMISTRY,金属的冶炼-金属矿物的开发利用,铜的冶炼方法与电解精炼
CHEMISTRY,金属的冶炼-金属矿物的开发利用,铜的电解精炼
CHEMISTRY,金属的腐蚀,化学腐蚀与电化学腐蚀的比较
CHEMISTRY,金属的腐蚀,环境条件对金属腐蚀速率的影响
CHEMISTRY,金属的腐蚀,金属的腐蚀与防护
CHEMISTRY,金属的腐蚀,金属腐蚀的概念、实质与分类
CHEMISTRY,金属的腐蚀,金属腐蚀的概念、本质与类型
CHEMISTRY,金属的防护,两种阴极保护法的比较与腐蚀类型判别
CHEMISTRY,金属的防护,牺牲阳极法实验一：锌作辅助电极保护铁
CHEMISTRY,金属的防护,牺牲阳极法实验二：裹锌皮与缠铜丝铁钉的对比
CHEMISTRY,金属的防护,电化学保护法：牺牲阳极法与外加电流法
CHEMISTRY,金属的防护,电化学防护：牺牲阳极与外加电流
CHEMISTRY,金属的防护,金属的电化学防护与其他防护方法
CHEMISTRY,金属的防护,金属的防护方法
CHEMISTRY,金属的防护,金属的防护方法与电化学保护
CHEMISTRY,金属的防护,金属的防护方法与电化学保护法的比较
CHEMISTRY,金属的防护,金属腐蚀的两种防护方法
CHEMISTRY,金属的防护,金属防护的三种途径
CHEMISTRY,金属矿物的开发利用,合理开发利用金属资源的途径
CHEMISTRY,金属矿物的开发利用,金属冶炼方法与合金的性质
CHEMISTRY,金属矿物的开发利用,金属在自然界的存在与冶炼实质
CHEMISTRY,金属矿物的开发利用,金属资源的合理开发利用
CHEMISTRY,金属矿物的开发利用,铜的两种冶炼方法与电解精炼
CHEMISTRY,金属矿物的开发利用,高炉炼铁的原料与主要反应
CHEMISTRY,金属腐蚀的本质,烯烃炔烃使溴水与酸性KMnO4褪色的本质区别
CHEMISTRY,金属腐蚀的本质,金属腐蚀快慢的比较
CHEMISTRY,金属腐蚀的本质,金属腐蚀的本质与两类腐蚀
CHEMISTRY,金属腐蚀的本质,金属腐蚀的本质与常见类型
CHEMISTRY,金属腐蚀的本质,金属腐蚀的本质与析氢、吸氧腐蚀
CHEMISTRY,金属腐蚀的类型,化学腐蚀与电化学腐蚀的细分类型
CHEMISTRY,金属腐蚀的类型,析氢腐蚀与吸氧腐蚀
CHEMISTRY,金属腐蚀的类型,析氢腐蚀与吸氧腐蚀的正极现象
CHEMISTRY,金属腐蚀的类型,金属腐蚀与防护的易错点
CHEMISTRY,金属腐蚀的类型,金属腐蚀的类型与快慢比较
CHEMISTRY,金属腐蚀的类型,金属腐蚀的类型与金属的防护方法
CHEMISTRY,金属腐蚀的类型,钢铁腐蚀生成铁锈的三步反应
CHEMISTRY,金属钠与二氧化碳反应的实验步骤及现象如下表,二氧化碳的氧化性与碳的还原产物
CHEMISTRY,金属钠与二氧化碳反应的实验步骤及现象如下表,氨气与二氧化氮的反应
CHEMISTRY,金属钠与二氧化碳反应的实验步骤及现象如下表,氯气与变价金属反应生成高价氯化物及现象
CHEMISTRY,金属钠与二氧化碳反应的实验步骤及现象如下表,钠与水反应的五点现象与结论
CHEMISTRY,金属钠与二氧化碳反应的实验步骤及现象如下表,钠与熔融盐的置换反应
CHEMISTRY,金属钠露置在空气中的变化过程,金属钠露置于空气中的变化
CHEMISTRY,金属钠露置在空气中的变化过程,钠露置在空气中各步变化的化学方程式
CHEMISTRY,金属钠露置在空气中的变化过程,钠露置在空气中的系列变化
CHEMISTRY,钒及其重要化合物的性质,钒的常见价态与V₂O₅、VO₂⁺的性质
CHEMISTRY,钠,从钠的原子结构认识钠的强还原性
CHEMISTRY,钠,钠在加热时与氧气反应
CHEMISTRY,钠,钠在常温下与氧气反应
CHEMISTRY,钠,钠的化学性质与反应现象
CHEMISTRY,钠,钠的原子结构、物理性质与化学性质
CHEMISTRY,钠,钠的取用保存与钠与水反应的现象
CHEMISTRY,钠,钠的性质、制取与保存
CHEMISTRY,钠,钠的性质与保存
CHEMISTRY,钠,钠的物理性质、保存与与氧气的反应
CHEMISTRY,钠,钠的物理性质与保存
CHEMISTRY,钠,钠的物理性质与化学性质
CHEMISTRY,钠,钠的物理性质与金属性化学性质
CHEMISTRY,钠与含羟基或羧基有机物的反应,钠与乙醇、苯酚、乙酸的反应
CHEMISTRY,钠与水及酸-碱-盐溶液的反应,NH4HSO4溶液与NaOH溶液的反应
CHEMISTRY,钠与水及酸-碱-盐溶液的反应,SO2 与铁盐、铜盐溶液的反应
CHEMISTRY,钠与水及酸-碱-盐溶液的反应,与水反应
CHEMISTRY,钠与水及酸-碱-盐溶液的反应,与酸的反应
CHEMISTRY,钠与水及酸-碱-盐溶液的反应,次氯酸与NaHCO3溶液的反应
CHEMISTRY,钠与水及酸-碱-盐溶液的反应,用动态观点理解Cu与浓HNO3的反应
CHEMISTRY,钠与水及酸-碱-盐溶液的反应,酸式盐溶液
CHEMISTRY,钠与水及酸-碱-盐溶液的反应,钠与乙醇的反应及与水对比
CHEMISTRY,钠与水及酸-碱-盐溶液的反应,钠与氯化铵溶液的反应
CHEMISTRY,钠与水及酸-碱-盐溶液的反应,钠与水、乙醇的反应
CHEMISTRY,钠与水及酸-碱-盐溶液的反应,钠与水、酸、盐溶液反应的本质与现象
CHEMISTRY,钠与水及酸-碱-盐溶液的反应,钠与水、酸、盐溶液的反应规律
CHEMISTRY,钠与水及酸-碱-盐溶液的反应,钠与水及盐溶液反应的现象与实质
CHEMISTRY,钠与水及酸-碱-盐溶液的反应,钠与水反应的现象与反应顺序规律
CHEMISTRY,钠与水及酸-碱-盐溶液的反应,钠与水反应的现象与结论
CHEMISTRY,钠与水及酸-碱-盐溶液的反应,钠与水的反应及现象
CHEMISTRY,钠与水及酸-碱-盐溶液的反应,钠与溶液反应的两个易错点
CHEMISTRY,钠与水及酸-碱-盐溶液的反应,钠与熔融盐、特殊盐溶液的反应
CHEMISTRY,钠与水及酸-碱-盐溶液的反应,钠与盐溶液反应的三种类型
CHEMISTRY,钠与水及酸-碱-盐溶液的反应,钠与酸、盐溶液的反应规律
CHEMISTRY,钠与水及酸-碱-盐溶液的反应,钠与酸、盐溶液的反应顺序
CHEMISTRY,钠与水及酸-碱-盐溶液的反应,钠与酸、碱、盐溶液反应的实质
CHEMISTRY,钠与水及酸-碱-盐溶液的反应,钠与酸溶液反应时的先后顺序
CHEMISTRY,钠与水及酸-碱-盐溶液的反应,钠与酸溶液的反应
CHEMISTRY,钠与水及酸-碱-盐溶液的反应,钠投入盐溶液中不能置换出金属
CHEMISTRY,钠与水及酸-碱-盐溶液的反应,铁与盐溶液的反应
CHEMISTRY,钠与水及酸-碱-盐溶液的反应,铝与水的反应
CHEMISTRY,钠和钠的氧化物易错知识点,Na2O 与 Na2O2 跟水反应的辨析
CHEMISTRY,钠和钠的氧化物易错知识点,钠不能从盐溶液中置换出不活泼金属
CHEMISTRY,钠和钠的氧化物易错知识点,钠与氧气反应的产物与现象辨析
CHEMISTRY,钠和钠的氧化物易错知识点,钠与氧气反应的电子转移数
CHEMISTRY,钠和钠的氧化物易错知识点,钠与氧气反应转移电子数的判断
CHEMISTRY,钠和钠的氧化物易错知识点,钠的使用安全与常见计算易错点
CHEMISTRY,钠和钠的氧化物易错知识点,钠的氧化物与盐溶液反应及易错辨析
CHEMISTRY,钠和钠的氧化物易错知识点,难溶性的碱易分解生成对应的氧化物
CHEMISTRY,钠的制取及保存,金属钠的工业制法
CHEMISTRY,钠的制取及保存,钠、钾的保存与实验操作要点
CHEMISTRY,钠的制取及保存,钠的保存、制取与用途
CHEMISTRY,钠的制取及保存,钠的保存方法及原因
CHEMISTRY,钠的制取及保存,钠的制取、保存与安全取用
CHEMISTRY,钠的制取及保存,钠的制取、保存与用途
CHEMISTRY,钠的制取及保存,钠的制取方程式
CHEMISTRY,钠的制取及保存,钠的制备与保存方法
CHEMISTRY,钠的制取及保存,钠的工业制取、保存与取用
CHEMISTRY,钠的制取及保存,钠的工业制取与保存
CHEMISTRY,钠的制取及保存,钠的工业制法与常见钠的离子化合物
CHEMISTRY,钠的用途,无水硫酸铜的用途定位
CHEMISTRY,钠的用途,有机制备常用仪器的用途：三颈烧瓶与冷凝管
CHEMISTRY,钠的用途,钠作高温还原剂制取金属
CHEMISTRY,钠的用途,钠的主要用途
CHEMISTRY,钴及其化合物的性质,钴单质及钴化合物的性质
CHEMISTRY,铁,铁与水蒸气、稀硝酸反应的方程式
CHEMISTRY,铁,铁的存在形态、含量与核外电子排布
CHEMISTRY,铁,铁的重要化合物
CHEMISTRY,铁-铁的氧化物和氢氧化物的易错点,Fe(OH)2、Fe(OH)3与酸反应的产物辨析
CHEMISTRY,铁-铁的氧化物和氢氧化物的易错点,铁、铁的氧化物与氢氧化物的易错点
CHEMISTRY,铁-铁的氧化物和氢氧化物的易错点,铁的氧化物和氢氧化物易错点
CHEMISTRY,铁三角-中的转化关系,铁三角中的转化关系
CHEMISTRY,铁三角-中的转化关系,铁三角的转化关系
CHEMISTRY,铁三角-中的转化关系,铁三角的转化关系与典型离子方程式
CHEMISTRY,铁三角-中的转化关系,铁三角转化与铁的价类二维图
CHEMISTRY,铁三角-中的转化关系,铁三角转化关系与核心离子方程式
CHEMISTRY,铁三角-中的转化关系,铁三角转化关系及应用
CHEMISTRY,铁与水蒸气反应的注意事项,pH试纸使用时的注意事项
CHEMISTRY,铁与水蒸气反应的注意事项,意事项
CHEMISTRY,铁与水蒸气反应的注意事项,探究验证实验的注意事项
CHEMISTRY,铁与水蒸气反应的注意事项,检验Fe2+和Fe3+时的注意事项
CHEMISTRY,铁与水蒸气反应的注意事项,醛基特征反应实验的注意事项
CHEMISTRY,铁与水蒸气反应的注意事项,重量分析法、滴定分析法与气体体积法
CHEMISTRY,铁与水蒸气反应的注意事项,铁与水蒸气、酸的反应
CHEMISTRY,铁与水蒸气反应的注意事项,铁与水蒸气反应的实验
CHEMISTRY,铁与水蒸气反应的注意事项,铁与水蒸气反应的实验装置要点
CHEMISTRY,铁与水蒸气反应的注意事项,铁与水蒸气反应的操作步骤与实验安全
CHEMISTRY,铁与水蒸气反应的注意事项,铁与水蒸气反应的现象
CHEMISTRY,铁与水蒸气反应的注意事项,铁与酸、水蒸气的反应
CHEMISTRY,铁及其化合物的转化,反应物的转化率
CHEMISTRY,铁及其化合物的转化,氮及其化合物的价类转化
CHEMISTRY,铁及其化合物的转化,铁及其化合物价类二维图的三类转化规律
CHEMISTRY,铁及其化合物的转化关系,基于价类二维图看含铁物质的转化
CHEMISTRY,铁及其化合物的转化关系,用价—类二维图理解铁的转化关系
CHEMISTRY,铁及其化合物的转化关系,铁三角的相互转化
CHEMISTRY,铁及其化合物的转化关系,铁元素价类二维图的转化规律
CHEMISTRY,铁及其化合物的转化关系,铁元素的价—类二维图
CHEMISTRY,铁及其化合物的转化关系,铁及其化合物间的转化关系
CHEMISTRY,铁的制备和性质,铁的冶炼与铁的性质要点
CHEMISTRY,铁的制备和性质,铁的性质与冶炼
CHEMISTRY,铁的化学性质,铁与水蒸气在高温下的反应
CHEMISTRY,铁的化学性质,铁与非金属单质、酸、盐溶液反应的方程式
CHEMISTRY,铁的化学性质,铁单质的化学性质
CHEMISTRY,铁的化学性质,铁单质的化学性质与易错点
CHEMISTRY,铁的化学性质,铁单质的性质与主要化学反应
CHEMISTRY,铁的化学性质,铁的化学性质与产物价态规律
CHEMISTRY,铁的化学性质,铁的化学性质与反应产物规律
CHEMISTRY,铁的化学性质,铁的化学性质与变价规律
CHEMISTRY,铁的化学性质,铁的化学性质与钝化
CHEMISTRY,铁的化学性质,铁的物理性质与化学性质方程式
CHEMISTRY,铁的化学性质,铁盐与亚铁盐与碱、酸式盐反应的方程式
CHEMISTRY,铁的化学性质,铁离子与亚铁离子的常用方程式荟萃
CHEMISTRY,铁的原子结构和存在,自然界中的含铁矿石
CHEMISTRY,铁的原子结构和存在,铁在周期表中的位置与存在形式
CHEMISTRY,铁的原子结构和存在,铁在自然界中的存在形态与含量
CHEMISTRY,铁的原子结构和存在,铁的原子结构、存在形态与物理性质
CHEMISTRY,铁的原子结构和存在,铁的原子结构与物理性质
CHEMISTRY,铁的原子结构和存在,铁的存在、原子结构与物理性质
CHEMISTRY,铁的原子结构和存在,铁的存在与物理性质
CHEMISTRY,铁的氢氧化物,两性氢氧化物双向电离
CHEMISTRY,铁的氢氧化物,氢氧化亚铁与氢氧化铁的性质与制备
CHEMISTRY,铁的氢氧化物,氢氧化亚铁与氢氧化铁的性质比较
CHEMISTRY,铁的氢氧化物,氢氧化亚铁被氧化为氢氧化铁的方程式与现象
CHEMISTRY,铁的氢氧化物,氢氧化铁与氢氧化亚铁的性质及制备
CHEMISTRY,铁的氢氧化物,用滴管将新制的氯水慢慢滴入含有酚酞的氢氧化钠
CHEMISTRY,铁的氢氧化物,铁的氢氧化物及 Fe(OH)2 的制备
CHEMISTRY,铁的氢氧化物的稳定性,Fe(OH)2在空气中白色沉淀先变灰绿后变红褐
CHEMISTRY,铁的氢氧化物的稳定性,氢氧化亚铁被氧化的颜色变化
CHEMISTRY,铁的氢氧化物的稳定性,燃烧热的概念
CHEMISTRY,铁的氢氧化物的稳定性,物质制备实验的『五性』控制点
CHEMISTRY,铁的氢氧化物的稳定性,稳定性增强
CHEMISTRY,铁的氢氧化物的稳定性,稳定性改变
CHEMISTRY,铁的氧化物,铁的三种氧化物的比较
CHEMISTRY,铁的氧化物,铁的三种氧化物的组成与性质
CHEMISTRY,铁的氧化物,铁的氧化物与不同酸反应的产物
CHEMISTRY,铁的氧化物,铁的氧化物与酸反应的方程式
CHEMISTRY,铁的氧化物,铁的氧化物与酸反应的离子方程式
CHEMISTRY,铁的氧化物,铁的氧化物的性质与关键方程式
CHEMISTRY,铁的氧化物,铁的氧化物的组成与化学性质
CHEMISTRY,铁的氧化物,铁的氧化物组成与遇酸反应的价态规律
CHEMISTRY,铁的氧化物组成的确定,由元素质量比确定铁的氧化物组成
CHEMISTRY,铁的氧化物组成的确定,铁的氧化物组成的确定方法
CHEMISTRY,铁的物理性质,二氧化硫的物理性质
CHEMISTRY,铁的物理性质,氨的物理性质与氨水的组成
CHEMISTRY,铁的物理性质,氮气的物理性质与结构稳定性
CHEMISTRY,铁的物理性质,氯气的物理性质
CHEMISTRY,铁的物理性质,氯气的物理性质与液氯钢瓶贮运
CHEMISTRY,铁的物理性质,醇的物理性质与氢键
CHEMISTRY,铁的物理性质,钠的物理性质与保存方法
CHEMISTRY,铁盐,Fe3＋的氧化性、强烈水解与特性
CHEMISTRY,铁盐,Fe3＋的氧化性、特性与水解法
CHEMISTRY,铁盐,常见铁盐的性质与用途
CHEMISTRY,铁盐,铁盐的性质
CHEMISTRY,铁盐,铁盐（Fe3+）的性质与应用
CHEMISTRY,铁盐,铁离子水解的应用
CHEMISTRY,铁盐和亚铁盐的性质和检验易错点,亚铁离子的性质与检验
CHEMISTRY,铁盐和亚铁盐的性质和检验易错点,含铁盐溶液的配制保存与物质制备
CHEMISTRY,铁盐和亚铁盐的性质和检验易错点,含铁离子溶液的离子共存判断
CHEMISTRY,铁盐和亚铁盐的性质和检验易错点,检验 Fe2+、Fe3+ 的三个易错点
CHEMISTRY,铁盐和亚铁盐的性质和检验易错点,检验 Fe2+、Fe3+ 的干扰与注意事项
CHEMISTRY,铁盐和亚铁盐的性质和检验易错点,检验混合溶液中Fe2＋与Fe3＋的规范操作
CHEMISTRY,铁盐和亚铁盐的性质和检验易错点,铜的性质易错点补充
CHEMISTRY,铁盐和亚铁盐的性质和检验易错点,除去溶液中Fe3+和Fe2+的方法
CHEMISTRY,铁盐的性质及应用,Fe3+ 的氧化性与离子共存
CHEMISTRY,铁盐的性质及应用,FeCl3 溶液腐蚀铜制作印刷电路板
CHEMISTRY,铁盐的性质及应用,FeCl₃ 溶液腐蚀铜箔制印刷电路板
CHEMISTRY,铁盐的性质及应用,其他常见铁盐
CHEMISTRY,铁盐的性质及应用,铁盐与亚铁盐溶液的保存
CHEMISTRY,铁盐的性质及应用,铁盐与亚铁盐的性质及应用
CHEMISTRY,铁盐的性质及应用,铁盐中Fe3+的氧化性、检验与水解
CHEMISTRY,铁盐的性质及应用,铁盐的性质与 Fe³⁺ 的检验
CHEMISTRY,铁盐的性质及应用,铁盐的氧化性与水解性
CHEMISTRY,铁盐的性质及应用,铁离子的氧化性及还原剂的选择
CHEMISTRY,铁粉与硫粉在空气中混合燃烧时-可能发生哪些反应,镁的性质与在空气中燃烧的产物
CHEMISTRY,铜及其化合物的性质,Cu(OH)2 既能溶于酸也能溶于氨水
CHEMISTRY,铜及其化合物的性质,氧化铜与氧化亚铜的性质
CHEMISTRY,铜及其化合物的性质,氯化亚铜的制备与Cu(Ⅰ)的性质
CHEMISTRY,铜及其化合物的性质,纯净物与混合物的判别依据
CHEMISTRY,铜及其化合物的性质,铜与+1价铜的性质及检验
CHEMISTRY,铜及其化合物的性质,铜及其化合物的应用与易错提醒
CHEMISTRY,铜及其化合物的性质,铜及其化合物的性质应用
CHEMISTRY,铜及其化合物的性质,铜及其化合物的用途与检验方法
CHEMISTRY,铜及其化合物的性质,铜及其化合物间的转化关系
CHEMISTRY,铜及其化合物的性质,铜的化合物：氢氧化铜、碱式碳酸铜与硫酸铜
CHEMISTRY,铜及其化合物的性质,铜的存在、原子结构与物理性质
CHEMISTRY,铜及其化合物的性质,铜的氧化物CuO与Cu2O
CHEMISTRY,铜及其化合物的性质,铜的氧化物CuO与Cu₂O的性质
CHEMISTRY,铜及其化合物的性质,铜的物理性质、化学性质与冶炼
CHEMISTRY,铜及其化合物的易错点,冶炼方法选择的易错点
CHEMISTRY,铜及其化合物的易错点,化学键判断的易错点
CHEMISTRY,铜及其化合物的易错点,硫及其化合物常见易错辨析
CHEMISTRY,铜及其化合物的易错点,铜及其化合物的八个易错点
CHEMISTRY,铜及其化合物的易错点,铜及其化合物的四个易错点
CHEMISTRY,铜及其化合物的易错点,＋1价铜的还原性与氧化亚铜的鉴别
CHEMISTRY,铜的冶炼,冶炼铜的“两方法”
CHEMISTRY,铜盐,常见铜盐的性质
CHEMISTRY,铜盐,常见铜盐的性质与用途
CHEMISTRY,铜盐,硫酸铜与碱式碳酸铜的性质及铜盐的应用
CHEMISTRY,铜盐,铜盐与含铜化合物的转化
CHEMISTRY,铜盐,铜盐的性质与应用
CHEMISTRY,铜盐,铜盐的组成、性质与用途
CHEMISTRY,铜盐,铜绿、胆矾与铜盐的用途
CHEMISTRY,铝与酸-碱反应生成h2的定量关系,CO2 与碱反应产物的定量判断
CHEMISTRY,铝与酸-碱反应生成h2的定量关系,Na2O2 与 CO2、H2O 反应的定量关系
CHEMISTRY,铝与酸-碱反应生成h2的定量关系,Na2O与Na2O2都能和水反应生成碱
CHEMISTRY,铝与酸-碱反应生成h2的定量关系,与反应生成
CHEMISTRY,铝与酸-碱反应生成h2的定量关系,烷烃卤代反应的条件、产物与定量关系
CHEMISTRY,铝与酸-碱反应生成h2的定量关系,铝与酸、碱反应生成 H2 的定量关系
CHEMISTRY,铝与酸-碱反应生成h2的定量关系,铝与酸、碱反应生成氢气的定量关系
CHEMISTRY,铝与酸-碱反应生成h2的定量关系,铝与酸、碱反应的定量关系
CHEMISTRY,铝与酸-碱反应生成h2的定量关系,铝与酸碱反应生成氢气的定量关系
CHEMISTRY,铝元素的原子结构和存在,铝在地壳中的含量、表面氧化膜与物理性质
CHEMISTRY,铝元素的原子结构和存在,铝的原子结构、存在与物理性质
CHEMISTRY,铝元素的原子结构和存在,铝的原子结构与存在形态
CHEMISTRY,铝元素的原子结构和存在,铝的存在与原子结构
CHEMISTRY,铝及其化合物之间的性质与应用,氢氧化铝沉淀图像的三个秘诀
CHEMISTRY,铝及其化合物之间的性质与应用,铝三角的应用：制备、共存与反应顺序
CHEMISTRY,铝及其化合物之间的性质与应用,铝三角的应用：制备途径与离子共存
CHEMISTRY,铝及其化合物之间的性质与应用,铝三角的相互转化关系
CHEMISTRY,铝及其化合物之间的性质与应用,铝三角转化与制备Al(OH)3的途径
CHEMISTRY,铝及其化合物之间的性质与应用,铝单质的性质
CHEMISTRY,铝及其化合物之间的性质与应用,铝及其化合物的性质与应用
CHEMISTRY,铝及其化合物之间的性质与应用,铝及其化合物的转化关系
CHEMISTRY,铝及其化合物之间的性质与应用,铝及其化合物间的转化关系
CHEMISTRY,铝及其化合物之间的性质与应用,铝的特性与铝热反应
CHEMISTRY,铝及其化合物之间的性质与应用,铝相关图像的类型与分析
CHEMISTRY,铝及其化合物之间的性质与应用,铝相关混合液中反应先后顺序
CHEMISTRY,铝及其化合物的易错点,铝及其化合物易错点
CHEMISTRY,铝及其化合物的易错点,铝及其化合物的五个易错点
CHEMISTRY,铝热反应,铝热反应的原理与应用
CHEMISTRY,铝的制备和用途,电解熔融氧化铝制铝
CHEMISTRY,铝的制备和用途,铝的冶炼、铝热反应与用途
CHEMISTRY,铝的制备和用途,铝的制备、用途与铝热反应
CHEMISTRY,铝的制备和用途,铝的制备与用途
CHEMISTRY,铝的制备和用途,铝的工业制法与用途
CHEMISTRY,铝的化学性质,铝与NaOH溶液反应的机理
CHEMISTRY,铝的化学性质,铝及其化合物的常用方程式荟萃
CHEMISTRY,铝的化学性质,铝既能与稀酸又能与氢氧化钠溶液反应
CHEMISTRY,铝的化学性质,铝热反应的操作要点与类别归属
CHEMISTRY,铝的化学性质,铝的化学性质与钝化现象
CHEMISTRY,铝的化学性质,铝的化学性质与铝热反应
CHEMISTRY,铝的化学性质,铝的结构、存在与化学性质
CHEMISTRY,铝的化学性质,镁、铝的特殊化学性质
CHEMISTRY,铝的物理性质,铝的物理性质与存在
CHEMISTRY,铝盐与碱反应的图像分析,铝盐与碱反应的滴加顺序与图像
CHEMISTRY,铬及其重要化合物的性质,铬单质与Cr(Ⅲ)化合物的两性及转化
CHEMISTRY,铵盐,铵盐与强碱反应的三种情形
CHEMISTRY,铵盐,铵盐受热分解与与碱反应的方程式
CHEMISTRY,铵盐,铵盐的不稳定性与与碱的反应
CHEMISTRY,铵盐,铵盐的性质与受热分解
CHEMISTRY,铵盐,铵盐的性质与检验
CHEMISTRY,铵盐,铵盐的性质与铵根检验
CHEMISTRY,铵盐,铵盐的概念、物理性质与铵态氮肥的使用
CHEMISTRY,铵盐,铵盐的物理性质与不稳定性
CHEMISTRY,铵盐,铵盐的物理性质与热不稳定性
CHEMISTRY,铵盐及nh的检验,NH₄⁺的检验方法与NH₃、NH₄⁺的比较
CHEMISTRY,铵盐及nh的检验,铵根检验中试纸不变蓝的误区
CHEMISTRY,铵盐及nh的检验,铵根离子的检验及易错点
CHEMISTRY,铵盐及nh的检验,铵根离子的检验方法
CHEMISTRY,铵盐及nh的检验,铵盐与碱反应方程式的书写规则
CHEMISTRY,铵盐及nh的检验,铵盐检验与制氨的两条方程式
CHEMISTRY,铵盐及nh的检验,铵盐的性质与 NH4+ 的检验
CHEMISTRY,铵盐及nh的检验,铵盐的性质与NH4+的检验
CHEMISTRY,锂电池与锂离子电池,金属锂的性质与锂电池的分类
CHEMISTRY,锂电池与锂离子电池,锂离子电池的电极反应与充放电时锂离子的迁移
CHEMISTRY,键参数,键参数：键能、键长与键角
CHEMISTRY,键参数,键能、键长与键角
CHEMISTRY,键参数,键能的含义与分子稳定性判断
CHEMISTRY,键参数,键长与键角对分子性质的影响
CHEMISTRY,键参数及其应用,水解常数及其应用
CHEMISTRY,键参数及其应用,由原子半径比较键长、由键长比较键能
CHEMISTRY,键参数及其应用,键参数与键长键能键角的变化规律
CHEMISTRY,键参数及其应用,键能与键长的比较方法
CHEMISTRY,键的极性与羧酸酸性,羧酸中羟基的极性对其酸性的影响
CHEMISTRY,键的极性和分子的极性,共价键的极性及其判断
CHEMISTRY,键的极性和分子的极性,极性键与非极性键
CHEMISTRY,键的极性和分子的极性,用电负性差判断键的极性与离子键百分数
CHEMISTRY,键的极性和分子的极性,醛酮与极性分子加成的取向规则
CHEMISTRY,键的极性和分子的极性,键的极性、极性向量与极性分子和非极性分子
CHEMISTRY,键的极性和分子的极性,键的极性、空间构型与分子极性的关系
CHEMISTRY,键的极性和分子的极性,键的极性与分子极性
CHEMISTRY,键的极性和分子的极性,键的极性与分子极性之间的关系
CHEMISTRY,键的极性和分子的极性,键的极性与分子的极性
CHEMISTRY,键能,从化学键角度认识反应中的能量变化
CHEMISTRY,键能,共价键的键参数
CHEMISTRY,键能,利用键能计算反应热
CHEMISTRY,键能,利用键能计算反应热时
CHEMISTRY,键能,常见物质中的共价键数目
CHEMISTRY,键能,由键能计算反应的焓变
CHEMISTRY,键能,键长与键能大小的比较
CHEMISTRY,键角大小的比较,同杂化方式下孤电子对越多键角越小
CHEMISTRY,键角大小的比较,四种晶体类型的比较
CHEMISTRY,键角大小的比较,孤电子对与电负性对键角的影响
CHEMISTRY,键角大小的比较,孤电子对排斥力规律与键角比较
CHEMISTRY,键角大小的比较,比较键角大小的三种思维模型
CHEMISTRY,键角大小的比较,用配位原子电负性比较键角
CHEMISTRY,键角大小的比较,胶体微粒一般是离子、分子或难溶物的聚集体
CHEMISTRY,键角大小的比较,苯分子中的大 π 键
CHEMISTRY,键角大小的比较,配位原子的电负性越大键角越小
CHEMISTRY,键角大小的比较,重键与配体体积对键角的影响
CHEMISTRY,键角大小的比较,键角大小比较三看
CHEMISTRY,键角大小的比较,键角大小比较的三种思维模型
CHEMISTRY,键角大小的比较,键角大小的比较思维模型
CHEMISTRY,键角大小的比较,键角大小的比较规律
CHEMISTRY,键角大小的比较,键角比较的一看：杂化轨道类型
CHEMISTRY,键角大小的比较,键角比较的三看：电负性
CHEMISTRY,键角大小的比较,键角比较的二看：孤电子对与键对斥力
CHEMISTRY,键角大小的比较,键角比较的典型实例
CHEMISTRY,键角大小的比较,键角比较的思维模型
CHEMISTRY,锰及其化合物的性质,锰单质与Mn(Ⅱ)、Mn(Ⅳ)化合物的性质
CHEMISTRY,锰及其化合物的性质,锰的价态与Mn²⁺在酸碱介质中的氧化难易
CHEMISTRY,锰酸盐与高锰酸钾的氧化性规律,锰酸盐与高锰酸钾的性质与还原产物
CHEMISTRY,镁及其化合物的难点释疑,氢氧化镁与碳酸镁的转化
CHEMISTRY,镁及其化合物的难点释疑,镁及其化合物的五个难点释疑
CHEMISTRY,镁及其化合物的难点释疑,镁及其化合物难点释疑
CHEMISTRY,镁的化学性质,氮化镁的性质与干态制取
CHEMISTRY,镁的化学性质,氮化镁的水解方程式
CHEMISTRY,镁的化学性质,由于Mg能够在CO2中燃烧
CHEMISTRY,镁的化学性质,钙、镁及其化合物的常用方程式荟萃
CHEMISTRY,镁的化学性质,镁及其化合物的主要化学性质
CHEMISTRY,镁的化学性质,镁燃烧的特点与灭火注意事项
CHEMISTRY,镁的化学性质,镁的存在、物理性质与化学性质
CHEMISTRY,镁的化学性质,镁的性质与反应
CHEMISTRY,镁的重要化合物,氯化镁与氮化镁的性质
CHEMISTRY,镁的重要化合物,镁及其化合物间的转化关系
CHEMISTRY,防倒吸装置,防倒吸装置的三种类型与原理
CHEMISTRY,阴、阳极的判断方法,电解池阴、阳极的判断与两极现象
CHEMISTRY,阴、阳极的判断方法,阴、阳极的六种判断方法
CHEMISTRY,阿伏伽德罗常及其应用-七大误区,溶液的体积、溶剂、电离与水解释陷
CHEMISTRY,阿伏伽德罗常及其应用-七大误区,重要核素及其应用
CHEMISTRY,阿伏伽德罗常及其应用-七大误区,阿伏加德罗常数题中微粒数目的判断
CHEMISTRY,阿伏加德罗定律及其推论,阿伏加德罗定律与“三同推一同”
CHEMISTRY,阿伏加德罗定律及其推论,阿伏加德罗定律及其三条推论
CHEMISTRY,阿伏加德罗定律及其推论,阿伏加德罗定律及其常用推论
CHEMISTRY,阿伏加德罗定律及其推论,阿伏加德罗定律及其表达式
CHEMISTRY,阿伏加德罗定律及其推论,阿伏加德罗定律的内容与推导依据
CHEMISTRY,阿伏加德罗定律及其推论,阿伏加德罗定律的四个重要推论
CHEMISTRY,阿伏加德罗定律的应用,应用阿伏加德罗定律的解题思路
CHEMISTRY,阿伏加德罗定律的应用,应用阿伏加德罗定律解题三步思路
CHEMISTRY,阿伏加德罗定律的应用,气体密度与摩尔质量的关系
CHEMISTRY,阿伏加德罗定律的应用,阿伏加德罗定律及其推论类试题的两步答题思路
CHEMISTRY,阿伏加德罗定律的应用,阿伏加德罗定律推论中的比例关系
CHEMISTRY,阿伏加德罗常数,NA判断题：气体条件与微粒数目分析
CHEMISTRY,阿伏加德罗常数,NA判断题：混合物与化学键数目
CHEMISTRY,阿伏加德罗常数,NA判断题：电子转移与隐含反应
CHEMISTRY,阿伏加德罗常数,NA判断题：电解质溶液中的微粒数目
CHEMISTRY,阿伏加德罗常数,“三步法”解决NA判断题
CHEMISTRY,阿伏加德罗常数,从特殊物质的组成与结构判断微粒数目
CHEMISTRY,阿伏加德罗常数,共价键类型与价层电子对数的判断
CHEMISTRY,阿伏加德罗常数,原子结构与物质构成的粒子数目判断
CHEMISTRY,阿伏加德罗常数,可逆反应与溶液中的水对粒子数的影响
CHEMISTRY,阿伏加德罗常数,含同位素物质与根、基微粒数的计算
CHEMISTRY,阿伏加德罗常数,微粒数目与温度压强无关的辨析
CHEMISTRY,阿伏加德罗常数,最简式与摩尔质量相同的物质在计算中的应用
CHEMISTRY,阿伏加德罗常数,气体摩尔体积的使用条件与微粒数目计算
CHEMISTRY,阿伏加德罗常数,氧化还原反应中电子转移数目的判断要点
CHEMISTRY,阿伏加德罗常数,氧化还原反应中电子转移数目的考查要点
CHEMISTRY,阿伏加德罗常数,氧化还原反应中转移电子数目的考查角度
CHEMISTRY,阿伏加德罗常数,浓度与用量变化对反应产物的影响
CHEMISTRY,阿伏加德罗常数,溶液中与胶体中微粒数目的判断
CHEMISTRY,阿伏加德罗常数,溶液中粒子数目计算的五个看
CHEMISTRY,阿伏加德罗常数,物质组成与结构陷阱的计算方法
CHEMISTRY,阿伏加德罗常数,物质结构相关的微粒数目与化学键计数
CHEMISTRY,阿伏加德罗常数,特定组合的组成与价键数目计算
CHEMISTRY,阿伏加德罗常数,特殊物质的微粒数目与化学键数目速记
CHEMISTRY,阿伏加德罗常数,特殊物质的组成与化学键数目
CHEMISTRY,阿伏加德罗常数,特殊物质结构与化学键计数的易错点
CHEMISTRY,阿伏加德罗常数,电子转移数目的典型错误
CHEMISTRY,阿伏加德罗常数,电解质溶液中粒子数目判断的四个角度
CHEMISTRY,阿伏加德罗常数,电解质溶液中粒子数目的判断要点
CHEMISTRY,阿伏加德罗常数,电解质溶液中粒子数目的判断（一）
CHEMISTRY,阿伏加德罗常数,电解质溶液粒子数目计算的陷阱
CHEMISTRY,阿伏加德罗常数,胶体粒子与多重叠加陷阱
CHEMISTRY,阿伏加德罗常数,阿伏伽德罗常数考题中的反应类陷阱
CHEMISTRY,阿伏加德罗常数,阿伏加德罗常数中的结构与组成记法
CHEMISTRY,阿伏加德罗常数,阿伏加德罗常数判断的“记”字技巧
CHEMISTRY,阿伏加德罗常数,阿伏加德罗常数判断的五个设陷方向
CHEMISTRY,阿伏加德罗常数,阿伏加德罗常数判断题的两个突破角度
CHEMISTRY,阿伏加德罗常数,阿伏加德罗常数及其与微粒数的关系
CHEMISTRY,阿伏加德罗常数,阿伏加德罗常数应用题的解题方法
CHEMISTRY,阿伏加德罗常数,阿伏加德罗常数的概念与三量
CHEMISTRY,阿伏加德罗常数,隐含可逆反应与浓度变化类陷阱
CHEMISTRY,阿伏加德罗常数,隐含的可逆反应与NA计算
CHEMISTRY,阿伏加德罗常数-10大-陷阱,NA陷阱：化学键与电子转移数目
CHEMISTRY,阿伏加德罗常数-10大-陷阱,NA陷阱：气体条件与微观结构
CHEMISTRY,阿伏加德罗常数-10大-陷阱,NA陷阱：胶体、可逆反应与审题
CHEMISTRY,阿伏加德罗常数-10大-陷阱,不能计算物质的量的五种情况
CHEMISTRY,阿伏加德罗常数-10大-陷阱,化学键数目的计算与键型判断
CHEMISTRY,阿伏加德罗常数-10大-陷阱,反应特点与浓度温度带来的陷阱
CHEMISTRY,阿伏加德罗常数-10大-陷阱,可逆反应与浓度变化对微粒数目的影响
CHEMISTRY,阿伏加德罗常数-10大-陷阱,可逆反应与聚合分子对微粒数目的影响
CHEMISTRY,阿伏加德罗常数-10大-陷阱,常考特殊物质的组成、结构与电离
CHEMISTRY,阿伏加德罗常数-10大-陷阱,气体摩尔体积使用的“四大误区”
CHEMISTRY,阿伏加德罗常数-10大-陷阱,氧化还原中电子转移数的特殊情况
CHEMISTRY,阿伏加德罗常数-10大-陷阱,浓度与用量变化引起的反应变化
CHEMISTRY,阿伏加德罗常数-10大-陷阱,物质组成与结构中微粒数目的判断
CHEMISTRY,阿伏加德罗常数-10大-陷阱,电子转移数目分析的“六注意”
CHEMISTRY,阿伏加德罗常数-10大-陷阱,电子转移数目判断的六个注意
CHEMISTRY,阿伏加德罗常数-10大-陷阱,电解质溶液中粒子数目的判断（二）
CHEMISTRY,阿伏加德罗常数-10大-陷阱,电解质溶液粒子数目的审题要点
CHEMISTRY,阿伏加德罗常数-10大-陷阱,阿伏伽德罗常数考题中的平衡类陷阱
CHEMISTRY,阿伏加德罗常数-10大-陷阱,阿伏伽德罗常数考题的微粒与电子陷阱
CHEMISTRY,阿伏加德罗常数-10大-陷阱,阿伏加德罗常数中的隐含条件陷阱
CHEMISTRY,阿伏加德罗常数-10大-陷阱,阿伏加德罗常数判断的五个陷阱方向
CHEMISTRY,阿伏加德罗常数-10大-陷阱,阿伏加德罗常数判断的常见陷阱
CHEMISTRY,阿伏加德罗常数-10大-陷阱,阿伏加德罗常数的三量
CHEMISTRY,阿伏加德罗常数-10大-陷阱,阿伏加德罗常数的精确定义
CHEMISTRY,阿伏加德罗常数-10大-陷阱,阿伏加德罗常数题的条件陷阱
CHEMISTRY,阿伏加德罗常数-10大-陷阱,隐含反应、浓度变化与盐溶液的陷阱
CHEMISTRY,阿伏加德罗常数-10大-陷阱,隐含反应与隐含条件对微粒数的影响
CHEMISTRY,阿伦尼乌斯公式,阿伦尼乌斯公式与 ln k 对 1/T 图像
CHEMISTRY,阿伦尼乌斯公式,阿伦尼乌斯公式与lnk–1/T图像
CHEMISTRY,阿伦尼乌斯公式,阿伦尼乌斯公式与活化能
CHEMISTRY,陌生化学方程式书写的思路,NaClO2是一种重要的杀菌消毒剂
CHEMISTRY,陌生化学方程式书写的思路,亚硒酸根的碘量法测定方程式模型
CHEMISTRY,陌生化学方程式书写的思路,信息型方程式书写的四步法
CHEMISTRY,陌生化学方程式书写的思路,信息型氧化还原方程式的书写程序
CHEMISTRY,陌生化学方程式书写的思路,信息型氧化还原（离子）方程式的书写
CHEMISTRY,陌生化学方程式书写的思路,信息型陌生方程式的两步书写法
CHEMISTRY,陌生化学方程式书写的思路,化工流程中方程式的书写思路
CHEMISTRY,陌生化学方程式书写的思路,新情境中氧化还原方程式的书写步骤
CHEMISTRY,陌生化学方程式书写的思路,新情境方程式的两类常见题型
CHEMISTRY,陌生化学方程式书写的思路,铬铁矿碱性氧化焙烧方程式模型
CHEMISTRY,陌生化学方程式书写的思路,陌生反应方程式的书写类型
CHEMISTRY,陌生化学方程式书写的思路,陌生离子方程式的三配法
CHEMISTRY,陌生化学方程式的书写方法,分步加合法书写陌生非氧化还原方程式
CHEMISTRY,陌生化学方程式的书写方法,核心反应
CHEMISTRY,陌生化学方程式的书写方法,陌生化学（离子）方程式的书写
CHEMISTRY,陌生情景下化学方程式书写技巧,二氧化锰氧化亚硫酸盐的离子方程式模型
CHEMISTRY,陌生情景下化学方程式书写技巧,信息给予型陌生方程式的书写步骤
CHEMISTRY,陌生情景下化学方程式书写技巧,广义水解型的电性分析法
CHEMISTRY,陌生情景下化学方程式书写技巧,新情境中非氧化还原方程式的书写
CHEMISTRY,陌生情景下化学方程式书写技巧,电离平衡与沉淀溶解结合类的方程式
CHEMISTRY,陌生情景下化学方程式书写技巧,金属离子与碳酸氢根反应型的书写模型
CHEMISTRY,陌生情景下化学方程式书写技巧,非氧化还原陌生方程式的书写步骤与技巧
CHEMISTRY,限定条件下同分异构体的书写步骤,同分异构体的书写步骤与限定条件思路
CHEMISTRY,限定条件下同分异构体的书写步骤,四步法书写同分异构体
CHEMISTRY,限定条件下同分异构体的书写步骤,多重限定条件下用插入法计数
CHEMISTRY,限定条件下同分异构体的书写步骤,多限定条件含手性碳的计数
CHEMISTRY,限定条件下同分异构体的书写步骤,手性碳与碳碳三键限定的同分异构体
CHEMISTRY,限定条件下同分异构体的书写步骤,用插入法书写含酯基一取代苯的同分异构体
CHEMISTRY,限定条件下同分异构体的书写步骤,由氢谱峰面积比限定同分异构体
CHEMISTRY,限定条件下同分异构体的书写步骤,碎片拼接法书写限定条件的同分异构体
CHEMISTRY,限定条件下同分异构体的书写步骤,限定条件下三步法的两个示范
CHEMISTRY,限定条件下同分异构体的书写步骤,限定条件下同分异构体判断三步
CHEMISTRY,限定条件下同分异构体的书写步骤,限定条件下同分异构体数目的推断步骤
CHEMISTRY,限定条件下同分异构体的书写步骤,限定条件下同分异构体的书写四步法
CHEMISTRY,限定条件下同分异构体的书写步骤,限定条件下同分异构体的做题三步
CHEMISTRY,限定条件下同分异构体的书写步骤,限定条件下同分异构体的常见结构限定信息
CHEMISTRY,限定条件下同分异构体的书写步骤,限定条件同分异构体的书写思路
CHEMISTRY,陶瓷,新型陶瓷的种类与用途
CHEMISTRY,陶瓷,陶瓷的原料与制备
CHEMISTRY,陶瓷,陶瓷的成分与原料
CHEMISTRY,陶瓷,高温结构
CHEMISTRY,隐含的限制条件-有机物分子的不饱和度-ω,不饱和度(Ω)的计算与用途
CHEMISTRY,隐含的限制条件-有机物分子的不饱和度-ω,不饱和度与结构对应表
CHEMISTRY,隐含的限制条件-有机物分子的不饱和度-ω,不饱和度的计算与结构判断
CHEMISTRY,隐含的限制条件-有机物分子的不饱和度-ω,有机物不饱和度的计算与原子处理规则
CHEMISTRY,隐含的限制条件-有机物分子的不饱和度-ω,有机物不饱和度的计算与含义
CHEMISTRY,隐含的限制条件-有机物分子的不饱和度-ω,有机物分子不饱和度的确定
CHEMISTRY,隐含的限制条件-有机物分子的不饱和度-ω,由分子式计算不饱和度
CHEMISTRY,难溶电解质的ksp数值越小-表明在水中的溶解能力就越弱-这种说法对吗,对于化学式中阴、阳离子个数比不同的难溶电解质
CHEMISTRY,难溶电解质的ksp数值越小-表明在水中的溶解能力就越弱-这种说法对吗,气体物质的溶解或吸收
CHEMISTRY,难溶电解质的ksp数值越小-表明在水中的溶解能力就越弱-这种说法对吗,用Ksp比较溶解能力的前提
CHEMISTRY,难溶电解质的ksp数值越小-表明在水中的溶解能力就越弱-这种说法对吗,由Ksp比较溶解能力的前提（同类型）
CHEMISTRY,难溶电解质的ksp数值越小-表明在水中的溶解能力就越弱-这种说法对吗,由溶度积比较溶解能力的前提
CHEMISTRY,难溶电解质的ksp数值越小-表明在水中的溶解能力就越弱-这种说法对吗,盐析效应降低有机物在水中的溶解度
CHEMISTRY,非电解质,(1)单质和混合物既不是电解质也不是非电解质
CHEMISTRY,非电解质,(1)电解质和非电解质一定都是化合物
CHEMISTRY,顺反异构与对映异构的判断,第四步
CHEMISTRY,顺反异构与对映异构的判断,顺反异构与对映异构（手性）
CHEMISTRY,食品的保护与食品袋中的干燥剂,食品的保护与干燥剂、抗氧化剂的选择
CHEMISTRY,食品的保护与食品袋中的干燥剂,食品袋内的干燥剂
CHEMISTRY,饱和一元醛-酮的通式,饱和一元醛的通式与醛酮的组成
CHEMISTRY,验证某无色气体为no的方法是向无色气体中通入o2-或空气-无色气体变为红棕色,实验中通入气体的几种作用
CHEMISTRY,验证某无色气体为no的方法是向无色气体中通入o2-或空气-无色气体变为红棕色,推断题眼：特殊气体及其特征性质
CHEMISTRY,验证某无色气体为no的方法是向无色气体中通入o2-或空气-无色气体变为红棕色,气体收集方法与排液集气创新
CHEMISTRY,验证某无色气体为no的方法是向无色气体中通入o2-或空气-无色气体变为红棕色,若NO、NO2、O2通入水中
CHEMISTRY,验证计算过程-比例关系,关系式法计算
CHEMISTRY,验证计算过程-比例关系,过氧化钠与氯气相关反应中转移电子数目的判断
CHEMISTRY,高分子的分类及性质特点,功能高分子的定义与四类分类
CHEMISTRY,高分子的分类及性质特点,常见塑料的性能与用途及白色污染
CHEMISTRY,高分子的分类及性质特点,有机高分子材料的分类与塑料的成分和性能
CHEMISTRY,高分子的分类及性质特点,胶体的分类及常见胶体
CHEMISTRY,高分子的分类及性质特点,链状结构与网状结构的判断
CHEMISTRY,高分子的分类及性质特点,高分子的分类与结构对应的性质特点
CHEMISTRY,高考化学“不一定”易错清单,临考必读的14个“不一定”（上）
CHEMISTRY,高考化学“不一定”易错清单,临考必读的14个“不一定”（下）
CHEMISTRY,高考化学“考前必知的关键”清单,考前必知的12个关键（1~5）
CHEMISTRY,高考化学“考前必知的关键”清单,考前必知的12个关键（6~12）
CHEMISTRY,高铁酸盐的制备与性质,高铁酸盐的制备与净水原理
CHEMISTRY,高铁酸盐的制备与性质,高铁酸钾的制备方法
CHEMISTRY,高铁酸盐的制备与性质,高铁酸钾的物理性质与化学性质
MATH,1的代换,1的代换求最值
MATH,1的代换,sinα±cosα 与 sinαcosα 的互化
MATH,1的代换,“1”的代换基础模型
MATH,1的代换,“积、和”混合同除型互化
MATH,1的代换,三角齐次式的处理与1的代换
MATH,1的代换,常数代换法求最值
MATH,1的代换,常数代换（1 的代换）求最值
MATH,1的代换,构造分母型凑配（单分母与双分母）
MATH,n元均值不等式,n 元均值不等式及其取等条件
MATH,venn图在集合运算中的应用,Venn 图分析集合运算
MATH,venn图在集合运算中的应用,向量在物理中的应用要点
MATH,venn图在集合运算中的应用,用韦恩图表示集合的关系与运算
MATH,venn图在集合运算中的应用,韦恩图在集合运算中的应用
MATH,venn图在集合运算中的应用,韦恩图在集合问题中的应用
MATH,一元一次不等式的解法,一元一次不等式的解法步骤
MATH,一元二次不等式,一元二次不等式与二次三项式的分解
MATH,一元二次不等式,一元二次不等式与分式不等式的解法
MATH,一元二次不等式,一元二次不等式恒成立的三种情形
MATH,一元二次不等式,一元二次不等式整数解问题的两条路线
MATH,一元二次不等式,一元二次不等式的相关结论
MATH,一元二次不等式,一元二次及分式、高次、绝对值不等式的解法
MATH,一元二次不等式,一元二次方程根的分布五要素
MATH,一元二次不等式,三个二次之间的关系与求解
MATH,一元二次不等式,三个二次之间的关系（含参数讨论的模板）
MATH,一元二次不等式,三个二次的关系与恒成立条件
MATH,一元二次不等式,二次函数与一元二次不等式的关系
MATH,一元二次不等式,由一元二次不等式的解集求参数
MATH,一元二次不等式的判别式图象法,一元二次不等式与高次不等式的解法
MATH,万能公式,万能公式及其化简作用
MATH,万能公式,万能公式（半角代换）
MATH,三余弦定理,三余弦定理与三正弦定理
MATH,三余弦定理,三余弦定理及其应用
MATH,三余弦定理,三面角余弦定理（用两个夹角求二面角）
MATH,三余弦定理,最大角定理：线面角不超过对应二面角的平面角
MATH,三元均值不等式,多元（三元）均值不等式
MATH,三次函数图象的对称性,三次函数图象的对称中心
MATH,三次函数图象的对称性,三次函数图象的对称中心与常用结论
MATH,三次函数图象的对称性,三次函数对称中心的求法
MATH,三次函数图象的对称性,三次函数性质的综合判断（极值、最值、对称、切线）
MATH,三次函数图象的对称性,三次函数的“拐点”就是它的对称中心
MATH,三次函数图象的对称性,三次函数的图象与性质总览
MATH,三次函数图象的对称性,三次函数的对称中心与常用结论
MATH,三次函数图象的对称性,三次函数的对称性与平行切线
MATH,三次函数的图象与性质,三次函数图象与导函数判别式的关系
MATH,三次函数的图象与性质,三次函数的图象与方程实根个数
MATH,三点共线和空间四点共面的方法比较,三点共线与四点共面的系数判据
MATH,三点共线和空间四点共面的方法比较,公理 2 及确定平面的三个推论
MATH,三点共线和空间四点共面的方法比较,公理 3：两平面的交线
MATH,三点共线和空间四点共面的方法比较,共面、共线、共点的证明套路
MATH,三点共线求距离最值,三点共线与对称转化求距离最值
MATH,三视图与直观图,直观图与原图形的面积关系
MATH,三视图与直观图,直观图与原图的面积关系
MATH,三角公式的逆用与变形,三角公式的常用变形与凑角
MATH,三角公式的逆用与变形,和差公式逆用的三条策略
MATH,三角函数与解三角形新定义问题,新定义问题的通用解题策略
MATH,三角函数与解三角形新定义问题,阅读材料型新定义函数的探究流程
MATH,三角函数中 ω 的求解,含参三角函数特征量 ω 的讨论要点
MATH,三角函数中 ω 的求解,由零点、对称轴求 ω 的通法
MATH,三角函数中ω的取值范围的确定方法,三角函数中 ω 取值范围的确定方法
MATH,三角函数中ω的取值范围问题,利用单调性求ω的范围
MATH,三角函数中ω的取值范围问题,利用对称性求ω的范围
MATH,三角函数中ω的取值范围问题,利用最值与值域求ω的范围
MATH,三角函数中ω的取值范围问题,利用零点个数求ω的范围
MATH,三角函数中ω的取值范围问题,特殊点个数求 ω 思路1：转化到 x 列不等式组
MATH,三角函数和差积的互化,和差积三类式的核心关联公式
MATH,三角函数和差积的互化,和差积之间的相互转化策略
MATH,三角函数式的化简与证明,三角函数式的化简与证明策略
MATH,三角函数式的化简与证明,三角化简的操作顺序原则
MATH,三角函数放缩不等式,三角函数常用放缩与不等式链
MATH,三角函数放缩不等式,三角函数的切线放缩
MATH,三角函数放缩不等式,三角函数类切线放缩
MATH,三角函数放缩不等式,三角放缩 cos x ≥ 1−x²/2
MATH,三角函数放缩不等式,三角放缩 x < tan x（0<x<π/2）
MATH,三角函数极值点问题的解法,用导数求三角函数极值点的步骤
MATH,三角函数模型的应用,三角函数模型题的解题步骤
MATH,三角函数模型的应用,周期现象的三角函数建模步骤
MATH,三角函数求值中的易错点,三角函数求值中的两个易错点
MATH,三角函数的值域与最值,三角函数值域的两种常见模型
MATH,三角函数的值域与最值,三角函数值域（最值）的六种基本类型
MATH,三角函数的值域与最值,三角函数定义域与值域的求法
MATH,三角函数的值域与最值,三角函数最值的三类求解模型
MATH,三角函数的值域与最值,三角函数最值（值域）的三类结构处理
MATH,三角函数的值域与最值,三角函数求最值的三类易错
MATH,三角函数的值域与最值,平移变换中周期与最值不变
MATH,三角函数的值域与最值,把面积表示为角的三角函数再求值域
MATH,三角函数的值域与最值,把高表示为角的函数求取值范围
MATH,三角函数的值域与最值,抽象函数的参数确定、大小比较与最值
MATH,三角函数的值域与最值,换元法求三角函数的值域
MATH,三角函数的值域与最值,用三角函数法求解三角形中的最值
MATH,三角函数的值域与最值,用正弦定理与辅助角求比值型最值
MATH,三角函数的值域与最值,用锐角条件定角范围后按单调性求边范围
MATH,三角函数的值域与最值,面积比的最值：分母化为 Asin(2θ+φ)+B
MATH,三角函数的图象与性质,y＝Asin(ωx＋φ) 图象的对称性
MATH,三角函数的图象与性质,三角函数中ω取值范围的题型分类
MATH,三角函数的图象与性质,三角函数单调区间的求法与含参问题
MATH,三角函数的图象与性质,三角函数单调性与最值的求解思路
MATH,三角函数的图象与性质,三角函数周期的处理
MATH,三角函数的图象与性质,三角函数图象变换的两条路径
MATH,三角函数的图象与性质,三角函数图象对称结构的等距结论
MATH,三角函数的图象与性质,三角函数图象的五点法与三点两线法
MATH,三角函数的图象与性质,三角函数奇偶性的判断与结论
MATH,三角函数的图象与性质,三角函数对称性与三大性质的联动
MATH,三角函数的图象与性质,三角函数性质应用中的两个易误点
MATH,三角函数的图象与性质,三角函数的单调性与周期性的求法
MATH,三角函数的图象与性质,三角函数的周期、对称轴与对称中心
MATH,三角函数的图象与性质,三角函数的周期与对称性
MATH,三角函数的图象与性质,三角函数的奇偶性与对称性判定
MATH,三角函数的图象与性质,三角函数的对称性 周期性与奇偶性结论
MATH,三角函数的图象与性质,三角函数的对称性与周期、单调性的关系
MATH,三角函数的图象与性质,三角函数零点与图象的数形结合
MATH,三角函数的图象与性质,五点法作三角函数的图象
MATH,三角函数的图象与性质,五点法作图
MATH,三角函数的图象与性质,五点法作正弦函数与余弦函数的简图
MATH,三角函数的图象与性质,代入检验法判断对称轴与对称中心
MATH,三角函数的图象与性质,任意—存在型条件转化为解的个数
MATH,三角函数的图象与性质,函数值相等的两点关于对称轴对称
MATH,三角函数的图象与性质,函数图象与实际过程的吻合判断
MATH,三角函数的图象与性质,函数的表示方法
MATH,三角函数的图象与性质,含上下平移的三角图象变换
MATH,三角函数的图象与性质,对勾函数的图象与最值
MATH,三角函数的图象与性质,对勾函数的图象要素
MATH,三角函数的图象与性质,对称轴、对称中心与周期的关系
MATH,三角函数的图象与性质,对钩函数的图象与性质
MATH,三角函数的图象与性质,常考奇函数清单与“奇函数＋常数”性质
MATH,三角函数的图象与性质,异名三角函数图象变换先化同名
MATH,三角函数的图象与性质,排列数、组合数的公式与性质
MATH,三角函数的图象与性质,整体代换求对称轴与对称中心
MATH,三角函数的图象与性质,整体代换法求单调区间
MATH,三角函数的图象与性质,构造辅助角函数利用对称性求角
MATH,三角函数的图象与性质,正余弦曲线的对称轴与对称中心
MATH,三角函数的图象与性质,正弦、余弦、正切函数的性质对照
MATH,三角函数的图象与性质,正弦余弦正切的五点与图象
MATH,三角函数的图象与性质,正弦函数的图象与五点法
MATH,三角函数的图象与性质,正弦型与余弦型函数的性质
MATH,三角函数的图象与性质,正弦型函数的对称性与周期关系
MATH,三角函数的图象与性质,用“中点为零点且单调”确定对称中心
MATH,三角函数的图象与性质,用二倍角化二次不等式解三角不等式
MATH,三角函数的图象与性质,用五点法作正弦、余弦函数的简图
MATH,三角函数的图象与性质,由区间内零点个数求参数范围
MATH,三角函数的图象与性质,由单调区间的长度确定半周期
MATH,三角函数的图象与性质,由取到最值的两点距离求周期
MATH,三角函数的图象与性质,由恒等式与最值分析定 λ 和 ω
MATH,三角函数的图象与性质,由相邻零点距离求 ω 时勿忘 ω 为负
MATH,三角函数的图象与性质,研究三角函数性质的通法
MATH,三角函数的图象与性质,配对求和的对称性
MATH,三角函数的定义,f(x) 与三角函数结合的构造
MATH,三角函数的定义,三角函数值在各象限的符号
MATH,三角函数的定义,三角函数值在各象限的符号口诀
MATH,三角函数的定义,三角函数值的象限符号
MATH,三角函数的定义,三角函数值符号的判定方法
MATH,三角函数的定义,三角函数化简后确保 ω>0
MATH,三角函数的定义,三角函数参数范围问题的思路
MATH,三角函数的定义,三角函数型的定值构造
MATH,三角函数的定义,三角函数定义的应用与符号判定
MATH,三角函数的定义,三角函数有界性在参数问题中的应用
MATH,三角函数的定义,三角函数模型建模五步
MATH,三角函数的定义,三角函数模型的两类应用
MATH,三角函数的定义,三角函数的两种定义
MATH,三角函数的定义,三角函数的定义与三角函数值的符号
MATH,三角函数的定义,三角函数的求导公式
MATH,三角函数的定义,任意角三角函数的两种定义
MATH,三角函数的定义,任意角三角函数的单位圆定义
MATH,三角函数的定义,任意角三角函数的坐标定义
MATH,三角函数的定义,任意角三角函数的坐标定义与单位圆定义
MATH,三角函数的定义,任意角三角函数的定义
MATH,三角函数的定义,任意角三角函数的定义与符号
MATH,三角函数的定义,任意角三角函数的定义与符号规律
MATH,三角函数的定义,任意角三角函数的定义式
MATH,三角函数的定义,利用定义求三角函数值的两种方法
MATH,三角函数的定义,单位圆中的三角函数线
MATH,三角函数的定义,复数的三角形式与代数三角互化
MATH,三角函数的定义,构造直角三角形求三角函数值
MATH,三角函数的定义,椭圆的定义与标准方程
MATH,三角函数的定义,用定义求值遗漏终边位置的讨论
MATH,三角函数的定义,用弧度制估计角的象限判断三角函数值符号
MATH,三角函数的定义,由定义推导正弦余弦的取值范围
MATH,三角函数的定义,由终边上一点求三角函数值
MATH,三角函数的定义,由终边上点的坐标求三角函数值
MATH,三角函数的定义,终边在直线上时需分类讨论
MATH,三角形中的射影定理与常用恒等式,三角形中恒等式与不等式的证明思路
MATH,三角形中的射影定理与常用恒等式,三角形中的恒等式与射影定理
MATH,三角形中的射影定理与正切恒等式,射影定理与正切恒等式
MATH,三角形四心的向量特征,三角形四心的向量特征（重心、外心、内心）
MATH,三角形形状的判断,用角的关系判断三角形形状
MATH,三角形形状的判断,用边的关系判断三角形形状
MATH,三角形形状的判断,由特征条件秒判等腰与等边
MATH,三角形的四心,三角形的四心及其向量表示
MATH,三角形的射影定理,射影定理
MATH,三角形的射影定理,射影定理及其应用
MATH,三角形的射影定理,用射影定理秒解含边与余弦之积的条件式
MATH,三角形解的个数判断,三角形解的个数的判断
MATH,三角形解的个数判断,正弦定理判定三角形解的个数
MATH,三角形面积公式,三角形中线的向量形式
MATH,三角形面积公式,三角形中线的角形式（分角互余结构）
MATH,三角形面积公式,三角形中线长与高线公式
MATH,三角形面积公式,三角形中角平分线、中线、垂线的处理
MATH,三角形面积公式,三角形中边（角、面积）最值的代数法与几何法
MATH,三角形面积公式,三角形倍角定理
MATH,三角形面积公式,三角形内角和及其变形
MATH,三角形面积公式,三角形四心向量式的辨别特征
MATH,三角形面积公式,三角形射影定理
MATH,三角形面积公式,三角形的面积公式及其各种形式
MATH,三角形面积公式,三角形的面积公式及其应用
MATH,三角形面积公式,三角形角平分线长公式
MATH,三角形面积公式,三角形面积公式及其应用
MATH,三角形面积公式,三角形面积公式及其推导
MATH,三角形面积公式,三角形面积公式及其用法
MATH,三角形面积公式,三角形面积公式的其他形式
MATH,三角形面积公式,三角形面积公式的几种形式
MATH,三角形面积公式,三角形面积公式的多种形式
MATH,三角形面积公式,三角形面积公式集
MATH,三角形面积公式,三角形面积的三种算法
MATH,三角形面积公式,三角形面积的四种公式
MATH,三角形面积公式,三角形面积（周长）的最值求法
MATH,三角形面积公式,三角形高的两种求法
MATH,三角形面积公式,与三角形面积有关的解题策略
MATH,三角形面积公式,全等三角形折叠模型的外接球
MATH,三角形面积公式,内切圆与面积最值的速用结论
MATH,三角形面积公式,切线长公式：直角三角形勾股定理求切线长
MATH,三角形面积公式,双曲线焦点三角形 r₁·r₂ 公式
MATH,三角形面积公式,双曲线焦点三角形内切圆圆心横坐标绝对值恒为 a
MATH,三角形面积公式,双曲线焦点三角形面积公式
MATH,三角形面积公式,向量减法的三角形法则
MATH,三角形面积公式,向量加法的三角形法则
MATH,三角形面积公式,含垂线问题的破解方法
MATH,三角形面积公式,圆柱、圆锥、圆台的侧面积公式
MATH,三角形面积公式,圆锥曲线焦点三角形的处理
MATH,三角形面积公式,射影定理（三角形）
MATH,三角形面积公式,弧度制与扇形公式
MATH,三角形面积公式,弧度制与扇形弧长面积公式
MATH,三角形面积公式,弧长与扇形面积公式的使用要点
MATH,三角形面积公式,弧长与扇形面积公式（弧度制）
MATH,三角形面积公式,抛物线焦点弦与原点构成的三角形面积公式
MATH,三角形面积公式,按已知条件选择面积公式
MATH,三角形面积公式,椭圆焦点三角形 r₁·r₂ 公式
MATH,三角形面积公式,椭圆焦点三角形内切圆半径公式
MATH,三角形面积公式,椭圆焦点三角形面积公式
MATH,三角形面积公式,椭圆焦点三角形面积的最大值为 bc
MATH,三角形面积公式,测量问题的三角化解法
MATH,三角形面积公式,海伦公式与三斜求积公式
MATH,三角形面积公式,海伦公式与秦九韶三斜求积公式
MATH,三角形面积公式,用三角恒等变换求面积的取值范围
MATH,三角形面积公式,用面积作桥梁求动点到定直线的最大距离
MATH,三角形面积公式,秦九韶“三斜求积术”与海伦公式
MATH,三角形面积公式,缺条件时用正余弦定理补足
MATH,三角形面积公式,角平分线分三角形面积比等于邻边比
MATH,三角形面积公式,面积公式的选用与避坑
MATH,三角形面积公式,面积最值或范围问题中的条件转换
MATH,三角形面积公式,面积等式与余弦定理联立求半角正切
MATH,三角形面积公式,面积计算中条件的补足思路
MATH,三角形面积公式,面积计算的两个易错点
MATH,三角恒等变换,1±sin2α 的配方变形
MATH,三角恒等变换,万能公式：用半角正切表示三角函数
MATH,三角恒等变换,三倍角公式与积化和差、和差化积公式
MATH,三角恒等变换,三角函数式化简的三看原则
MATH,三角恒等变换,三角式化简的三统一原则
MATH,三角恒等变换,三角式化简的目标与策略顺序
MATH,三角恒等变换,三角形内角的正切恒等式
MATH,三角恒等变换,三角恒等变换中的三种代换思想
MATH,三角恒等变换,三角恒等变换四类问题的解题策略
MATH,三角恒等变换,三角恒等变换常用公式清单
MATH,三角恒等变换,三角恒等变换的一般思路
MATH,三角恒等变换,三角恒等变换的三看原则
MATH,三角恒等变换,三角恒等变换的公式体系
MATH,三角恒等变换,三角恒等变换的化简目标原则
MATH,三角恒等变换,三角恒等变换的变换策略
MATH,三角恒等变换,三角恒等变换的四大策略
MATH,三角恒等变换,三角恒等变换的四类易错点
MATH,三角恒等变换,三角恒等变换的常用公式群
MATH,三角恒等变换,三角恒等变换的常用变形公式
MATH,三角恒等变换,三角恒等变换的常用结论
MATH,三角恒等变换,两个同频余弦之和的化简
MATH,三角恒等变换,凑角技巧的拆角规律
MATH,三角恒等变换,切化弦与和差展开
MATH,三角恒等变换,化简与给值求值的规律方法
MATH,三角恒等变换,化简成 y=Asin(ωx+φ) 的常用手段
MATH,三角恒等变换,升幂与降幂公式
MATH,三角恒等变换,半角公式与积化和差、和差化积
MATH,三角恒等变换,半角公式的形式选用与符号判断
MATH,三角恒等变换,含二倍角余弦的条件式化归为边的齐次式
MATH,三角恒等变换,和差化积、积化和差与万能公式
MATH,三角恒等变换,和差化积与单调性比较大小
MATH,三角恒等变换,和差角公式的变形与升降幂
MATH,三角恒等变换,常用三角变形公式汇总
MATH,三角恒等变换,异名化同名与异角化同角
MATH,三角恒等变换,弦化切与切化弦的技巧
MATH,三角恒等变换,极化恒等式（平行四边形与三角形形式）
MATH,三角恒等变换,正切公式变形与凑角
MATH,三角恒等变换,消去分式根号与绝对值
MATH,三角恒等变换,消去第三角化为两角的切值关系
MATH,三角恒等变换,用凑角技巧求给值求值问题
MATH,三角恒等变换,用和差余弦公式拆去余弦乘积项
MATH,三角恒等变换,给值求值的角关系与符号
MATH,三角恒等变换,给值求值问题的求解策略
MATH,三角恒等变换,给值求角的三步与函数选取
MATH,三角恒等变换,给值求角的三步法
MATH,三角恒等变换,给值求角的范围与函数选择
MATH,三角恒等变换,给值求角问题的求解策略
MATH,三角恒等变换,给角求值的三个处理方向
MATH,三角恒等变换,给角求值的拆分与凑角
MATH,三角恒等变换,给角求值：非特殊角向特殊角的拆分
MATH,三角恒等变换,角的配凑与变换
MATH,三角恒等变换,证明三角形中的恒等式或不等式
MATH,三角恒等变换,辅助角公式化一角一函数
MATH,三角恒等变换,降幂与升幂的使用时机
MATH,三角恒等变换,降幂与和差化积把双角平方和合并
MATH,三角换元求最值,三角函数换元求最值的三步骤
MATH,三角求值三步法,三角求值的三步法
MATH,三角给值求值的换元法,三角给值求值问题的换元法与排除法
MATH,三项展开式的通项,多个多项式积的展开取项
MATH,不等式恒成立,一元二次不等式恒成立的条件
MATH,不等式恒成立,一元二次不等式恒成立的解法
MATH,不等式恒成立,一元二次不等式的常用结论与恒成立条件
MATH,不等式恒成立,不等式恒成立求参数的两条思路
MATH,不等式恒成立,不等式恒成立问题的转化策略
MATH,不等式恒成立,二次不等式恒成立的判别式条件
MATH,不等式恒成立,二次不等式恒成立的图象条件
MATH,不等式恒成立,双参数恒成立转化为端点条件
MATH,不等式恒成立,双因式恒成立问题（用零点比较）
MATH,不等式恒成立,含 (−2)^n 型因子的恒成立分类讨论
MATH,不等式恒成立,含参不等式恒成立的求解策略
MATH,不等式恒成立,基本不等式恒成立（存在）的四条等价
MATH,不等式恒成立,导函数零点不可求时引入虚拟零点
MATH,不等式恒成立,数列不等式恒成立（存在性）求参数的策略
MATH,不等式恒成立,构造双函数与公切线夹逼
MATH,不等式恒成立,由函数的定义域为 R 求参数
MATH,不等式恒成立,零点与恒成立：因式分解求参数关系
MATH,不等式恒成立与能成立问题,一元二次不等式恒成立与有解的解题策略
MATH,不等式恒成立与能成立问题,一元二次不等式恒成立与有解问题
MATH,不等式恒成立与能成立问题,不等式恒成立问题的等价转化
MATH,不等式恒成立与能成立问题,函数的“能成立”与“恒成立”
MATH,不等式恒成立与能成立问题,单调性的应用：比较大小与恒成立有解
MATH,不等式恒成立与能成立问题,参变分离求恒成立与能成立
MATH,不等式恒成立与能成立问题,含整数解的含参不等式处理
MATH,不等式恒成立与能成立问题,恒成立与存在性问题的三条策略
MATH,不等式恒成立与能成立问题,恒成立与有解问题的值域转化
MATH,不等式恒成立与能成立问题,恒成立与能成立的处理方法
MATH,不等式恒成立与能成立问题,恒成立与能成立的最值转化
MATH,不等式恒成立与能成立问题,恒成立与能成立问题的参变分离
MATH,不等式恒成立与能成立问题,恒成立与能成立问题的最值转化
MATH,不等式恒成立与能成立问题,恒成立与能成立问题的转化
MATH,不等式恒成立与能成立问题,恒成立与能成立问题的转化方法
MATH,不等式恒成立与能成立问题,恒成立与能成立问题的转化规则
MATH,不等式恒成立与能成立问题,数列恒成立与参数范围的求法
MATH,不等式恒成立与能成立问题,数形结合解不等式与交点问题
MATH,不等式的倒数性质与分式性质,不等式的倒数性质与真、假分数性质
MATH,不等式的基本性质,不等式的七条基本性质
MATH,不等式的基本性质,不等式的基本性质与比较大小
MATH,不等式的基本性质,不等式的性质与常用结论
MATH,不等式的基本性质,双参不等式的最值定位法与值域法
MATH,不等式的基本性质,同向可乘与乘方性质
MATH,不等式的基本性质,均值不等式的几何（无字）证明
MATH,不等式的基本性质,条件等式的齐次化配凑
MATH,不等式的基本性质,等式与不等式的基本性质
MATH,不等式的基本性质,等式的五条基本性质
MATH,不等式的基本性质,零点积不等式的题干特征识别
MATH,不规则几何体建系问题,不规则几何体的建系原则
MATH,不规则几何体建系问题,外接球问题的补形法总思想
MATH,不规则几何体建系问题,无共点三垂直时先证面面垂直再建系
MATH,不规则几何体建系问题,空间直角坐标系的五种常见建系技巧
MATH,与圆有关的最值问题,与圆有关的最值的代数转译
MATH,与圆有关的最值问题,与圆有关的最值问题的三类转化
MATH,与圆有关的最值问题,与圆有关的距离与面积最值
MATH,与圆有关的最值问题,两圆上点间距离的最值
MATH,与圆有关的最值问题,圆上动点最值问题的三类代数式转化
MATH,与圆有关的最值问题,圆上点到定点距离的最值
MATH,与圆有关的最值问题,圆上点到直线距离的最值
MATH,与圆有关的最值问题,圆上点横纵坐标的最值
MATH,与圆有关的最值问题,圆上点线性表达式的最值
MATH,与圆有关的最值问题,圆上点非线性表达式的最值
MATH,与圆有关的最值问题,圆心到直线的距离
MATH,与圆有关的最值问题,圆的最值问题几何优先原则
MATH,与圆有关的最值问题,圆的最值问题通用注意点
MATH,与圆有关的最值问题,圆的面积最值
MATH,与圆有关的最值问题,定点到圆上点的距离最值
MATH,与距离有关的最值问题,与距离有关的最值问题的转化
MATH,与距离有关的最值问题,距离之差最值中对称点的作用
MATH,两个计数原理的综合应用,两个计数原理的综合运用
MATH,两个计数原理的综合应用,两个计数原理综合的注意点
MATH,两圆的位置关系,两圆位置关系的判定
MATH,两圆的位置关系,两圆位置关系的判定与公共弦
MATH,两圆的位置关系,两圆位置关系的判定与公切线
MATH,两圆的位置关系,两圆位置关系的判定与公切线和公共弦
MATH,两圆的位置关系,两圆位置关系的判定与常用结论
MATH,两圆的位置关系,两圆位置关系的判断
MATH,两圆的位置关系,两圆位置关系的解题策略
MATH,两圆的位置关系,两圆公共弦所在直线的求法
MATH,两圆的位置关系,两圆公切线的条数与位置关系
MATH,两圆的位置关系,两圆的五种位置关系
MATH,两圆的位置关系,两圆的公切线条数与公切线方程
MATH,两圆的位置关系,两圆相交时公共弦的性质与圆系方程
MATH,两圆的位置关系,两圆相切的讨论与动圆轨迹
MATH,两圆的位置关系,公共弦方程与公共弦长的求法
MATH,两圆的位置关系,圆与圆的位置关系判断
MATH,两圆的位置关系,圆与圆的位置关系及判定
MATH,两圆的位置关系,圆与圆问题的五个易错点
MATH,两圆的位置关系,由两圆位置关系求参数的取值范围
MATH,两圆的位置关系,由公共点条件求参数范围
MATH,两圆的公共弦,两圆公共弦所在直线方程与弦长
MATH,两圆的公切线,两圆公切线的条数与求法
MATH,两圆的公切线,两圆公切线问题的关键步骤
MATH,两曲线的公切线问题,两圆公切线——代数法（圆心距分别等于相应半径）
MATH,两曲线的公切线问题,两圆公切线——几何法
MATH,两曲线的公切线问题,两圆外切时过公共切点的公切线：两圆方程作差
MATH,两曲线的公切线问题,两圆的公共弦与公切线
MATH,两曲线的公切线问题,两圆的公共弦与公切线方程
MATH,两曲线的公切线问题,两曲线公切线的方程组解法
MATH,两曲线的公切线问题,两曲线公切线的求法
MATH,两曲线的公切线问题,两曲线公切线的求解关键点
MATH,两曲线的公切线问题,两曲线公切线的求解步骤
MATH,两曲线的公切线问题,两曲线公切线问题的分拆解法
MATH,两曲线的公切线问题,两曲线公切线问题的基本思路
MATH,两曲线的公切线问题,两曲线切线相同求参数（化为单变量方程）
MATH,两曲线的公切线问题,两曲线的公切线
MATH,两曲线的公切线问题,公切线斜率不存在时的数形结合检验
MATH,两曲线的公切线问题,公切线条数为 3 时求参数范围（化为交点个数）
MATH,两曲线的公切线问题,公切线条数未知时的处理
MATH,两曲线的公切线问题,公切线条数的判断方法
MATH,两曲线的公切线问题,公切线求值问题：用切点的双重身份
MATH,两曲线的公切线问题,公切线求参数范围的五步法
MATH,两曲线的公切线问题,公切线的基本方程组（斜率相等且截距相同）
MATH,两曲线的公切线问题,公切线的定义与核心条件
MATH,两曲线的公切线问题,公切线问题中的消元与参变分离
MATH,两曲线的公切线问题,公切线问题的三个易错点
MATH,两曲线的公切线问题,公切线问题的解题思路
MATH,两曲线的公切线问题,公切线问题的解题思路与步骤
MATH,两曲线的公切线问题,公切线问题：分别设切点、比较系数
MATH,两曲线的公切线问题,函数公切线的处理套路
MATH,两曲线的公切线问题,函数公切线问题的四步模板
MATH,两曲线的公切线问题,切线问题中参数方程的三个来源
MATH,两曲线的公切线问题,由公切线求参数范围（化为一个函数的零点个数）
MATH,两曲线的公切线问题,由导数几何意义求公切线方程
MATH,两条平行直线间的距离,两条平行直线间的距离公式
MATH,两条直线的位置关系,两条直线交点与方程组解的关系
MATH,两条直线的位置关系,两条直线位置关系的判定
MATH,两条直线的位置关系,两条直线垂直的判定
MATH,两条直线的位置关系,两条直线平行的判定
MATH,两条直线的位置关系,两条直线的位置关系与平行垂直的设法
MATH,两条直线的位置关系,两条直线的位置关系判定
MATH,两条直线的位置关系,两直线交点坐标与方程组解的关系
MATH,两条直线的位置关系,两直线位置关系的判定对照表
MATH,两条直线的位置关系,两直线平行、垂直与交点的判定
MATH,两条直线的位置关系,两直线平行与垂直的判定
MATH,两条直线的位置关系,两直线平行与垂直的判定步骤
MATH,两条直线的位置关系,两直线平行与垂直的条件
MATH,两条直线的位置关系,两直线相交的判定与交点求解
MATH,两条直线的位置关系,平行与垂直判定的两个错因
MATH,两条直线的位置关系,用一般式系数判断位置关系并求参数
MATH,两条直线的位置关系,用斜率判断两直线的平行与垂直
MATH,两条直线的位置关系,用方程系数判断两条直线的位置关系
MATH,两条直线的位置关系,直线交点与方程组解的关系
MATH,两点分布及其均值与方差,两点分布
MATH,两点间的距离公式,两点间的距离公式及其特殊情形
MATH,两角和与差的公式,两角和与差公式
MATH,两角和与差的公式,两角和与差公式体系
MATH,两角和与差的公式,两角和与差公式及辅助角公式
MATH,两角和与差的公式,两角和与差的余弦、正弦、正切公式
MATH,两角和与差的公式,两角和与差的余弦公式
MATH,两角和与差的公式,两角和与差的正余弦与正切公式
MATH,两角和与差的公式,两角和与差的正余弦正切公式
MATH,两角和与差的公式,两角和与差的正弦、余弦、正切公式
MATH,两角和与差的公式,两角和与差的正弦余弦正切公式
MATH,两角和与差的公式,两角和与差的正弦公式
MATH,两角和与差的公式,两角和差公式的内在联系与推导
MATH,两角和与差的公式,两角和差公式的结构记忆要点
MATH,两角和与差的公式,凑角：用已知角表示未知角
MATH,两角和与差的公式,同频率正弦叠加的振幅公式
MATH,两角和与差的公式,和差角公式的两个易误点
MATH,两角和与差的公式,把条件中的第三角化为两角和去
MATH,两角和与差的公式,拆角后用两角和差公式求值
MATH,两角和与差的公式,用二倍角与和角公式把三角等式化为角的关系
MATH,两角和与差的公式,由两次测量角差求影长倍数
MATH,两角和差公式的易错点,两角和差公式的三个易错点
MATH,中国剩余定理,中国剩余定理（孙子定理）
MATH,中心对称与轴对称的坐标关系,几种特殊位置的对称点坐标
MATH,中心对称与轴对称的坐标关系,点与曲线的中心对称、轴对称
MATH,中心对称与轴对称的坐标关系,点关于点对称的坐标公式
MATH,中点坐标与重心坐标公式,平面内的中点坐标公式
MATH,为奇函数,函数奇偶性的定义与判定结论
MATH,主元法,主元法处理双变量问题
MATH,主元法,主元法处理含参不等式
MATH,主元法,主元法的核心思想与应用前提
MATH,主元法,主元法（变换主元法）
MATH,主元法,主元的选择技巧
MATH,主元法,变更主元处理双变量不等式
MATH,二倍角公式,三倍角公式
MATH,二倍角公式,两直线夹角正切公式
MATH,二倍角公式,二倍角公式与升幂、降幂公式
MATH,二倍角公式,二倍角公式与降幂公式
MATH,二倍角公式,二倍角公式及其三种形式
MATH,二倍角公式,二倍角公式及其三种等价形式
MATH,二倍角公式,二倍角公式及其变形应用
MATH,二倍角公式,二倍角公式及其常用变形
MATH,二倍角公式,二倍角公式及其降幂形态
MATH,二倍角公式,二倍角的正弦余弦正切公式
MATH,二倍角公式,半角公式及符号处理
MATH,二倍角公式,和差倍角公式的逆用与“1 的代换”
MATH,二倍角公式,和差角公式与二倍角公式组
MATH,二倍角公式,整体代换用二倍角
MATH,二倍角公式,由 cos x 用降幂公式求半角
MATH,二倍角公式,辅助角公式及特殊角的代入结果
MATH,二倍角公式,辅助角公式（合一变形）
MATH,二倍角公式,运用倍角公式的四个注意点
MATH,二倍角公式,降幂公式与切化弦型的二倍角
MATH,二分法,二分法及其适用条件
MATH,二分法,二分法求函数零点的步骤
MATH,二分法,二分法求方程近似解
MATH,二分法,二分法的定义与求零点近似值的步骤
MATH,二分法,二分法逐步缩小隐零点的范围
MATH,二次函数图象的分析要点,二次函数图象的三点一线一开口分析
MATH,二次函数在闭区间上的最值问题,二次函数在闭区间上最值的分类讨论标准
MATH,二次函数在闭区间上的最值问题,二次函数在闭区间上的最值分类讨论
MATH,二次函数在闭区间上的最值问题,二次函数定轴动区间与动轴定区间问题
MATH,二次函数在闭区间上的最值问题,二次函数的最值
MATH,二次函数在闭区间上的最值问题,二次函数解析式的求法与图象分析
MATH,二次函数在闭区间上的最值问题,二次函数闭区间上的最值
MATH,二次函数在闭区间上的最值问题,区间表示法与数轴端点
MATH,二次函数在闭区间上的最值问题,对钩函数在闭区间上的最值比较
MATH,二次函数在闭区间上的最值问题,闭区间上最值的求解步骤
MATH,二次函数的解析式与图象性质,二次函数的三种解析式与图象性质
MATH,二次函数的零点分布,一元二次方程实根分布问题的解题策略
MATH,二次函数的零点分布,一元二次方程根的分布问题
MATH,二次函数的零点分布,二次函数的图象与判别式
MATH,二次函数的零点分布,二次函数的零点分布问题
MATH,二次函数的零点分布,二次方程根的分布（两根与定值比较）
MATH,二次根式的运算,二次根式的概念与运算
MATH,二次求导,二次求导后跳过中间环节致错
MATH,二次求导,二次求导四步核心法
MATH,二次求导,二次求导的四个高频易错点
MATH,二次求导,二次求导的适用情形与判断条件
MATH,二阶导数与函数的凹凸性,二阶导数、极值第二判定与曲线凹凸性
MATH,二面角,二面角及其平面角
MATH,二面角,二面角的定义与表示方法
MATH,二面角,二面角的平面角与大小度量
MATH,二面角,二面角（两面）结构的外接球
MATH,二面角,作棱的垂线构造二面角的平面角（直三棱柱中）
MATH,二面角,圆锥中二面角平面角的取法（取弦的中点）
MATH,二面角,射影面积法求二面角
MATH,二面角,最大角定理（线面角不超过二面角的平面角）
MATH,二面角,正八面体中的二面角与平面夹角
MATH,二面角概念模糊,二面角与二面角的平面角
MATH,二面角概念模糊,二面角与法向量夹角的对应
MATH,二面角的求法,二面角与点到平面距离的向量求法
MATH,二面角的求法,二面角的作法与求法汇总
MATH,二面角的求法,二面角的定义与求法
MATH,二面角的求法,几何法求二面角的常见方法
MATH,二面角的求法,用“作棱的垂线再连线”找二面角的平面角
MATH,二面角的求法,用三垂线定理作二面角的平面角（作垂线、连斜线）
MATH,二面角的求法,用两次线面垂直作出二面角的平面角
MATH,二面角的求法,等腰三角形中作二面角的平面角并用等面积法求线段
MATH,二面角的求法,线面角的三步求法与距离法
MATH,二项分布,n 重伯努利试验与二项分布
MATH,二项分布,两点分布与二项分布的期望和方差
MATH,二项分布,二项分布与伯努利试验
MATH,二项分布,二项分布中概率最大值的求法
MATH,二项分布,二项分布公式的使用条件
MATH,二项分布,二项分布概率最大问题
MATH,二项分布,二项分布概率的最值性质
MATH,二项分布,二项分布概率计算公式
MATH,二项分布,二项分布模型的确定与解题步骤
MATH,二项分布,二项分布的均值与方差
MATH,二项分布,二项分布的期望与方差公式
MATH,二项分布,二项分布的本质与特征（有放回独立重复）
MATH,二项分布,二项分布的识别与公式
MATH,二项分布,伯努利试验与二项分布
MATH,二项展开式的通项,二项展开式的通项公式
MATH,二项展开式系数最大项,二项展开式中系数最大项的求法
MATH,二项式定理,n 为偶数时二项式系数在中间一项取最大
MATH,二项式定理,n 为奇数时二项式系数在中间两项取最大
MATH,二项式定理,二项展开式的形式特点
MATH,二项式定理,二项式中的赋值法
MATH,二项式定理,二项式定理与二项展开式
MATH,二项式定理,二项式定理与二项式系数性质
MATH,二项式定理,二项式定理与二项式系数的性质
MATH,二项式定理,二项式定理与展开式通项
MATH,二项式定理,二项式定理与通项
MATH,二项式定理,二项式定理与通项公式
MATH,二项式定理,二项式定理处理整除与余数
MATH,二项式定理,二项式定理的发现与推导思路
MATH,二项式定理,二项式系数和为 2ⁿ
MATH,二项式定理,用二项式定理证明整除与求余数
MATH,二项式系数的性质,二项式系数的三条性质
MATH,互为反函数的图象对称性,互为反函数的两个函数的交点问题
MATH,交点与距离问题的易错点,交点、距离与对称问题的六个易错点
MATH,交集与并集,交集与并集的定义与运算律
MATH,交集与并集,交集与并集的运算
MATH,交集与并集,交集与并集运算的基本性质清单
MATH,交集与并集,交集的定义与符号表示
MATH,交集与并集,交集的概念与运算性质
MATH,交集与并集,并集、交集、补集的符号、图形与性质
MATH,交集与并集,并集的定义与符号表示
MATH,交集与并集,集合的基本运算与常用二级结论
MATH,人与座位模型,人与座位模型及其三个变式
MATH,代数式的几何意义,代数式的几何意义四类转化
MATH,代数式的几何意义,半圆上代数式的取值范围
MATH,代数式的几何意义,圆上点相关代数式的最值转化
MATH,代数式的几何意义,换元化为圆、用几何意义求最值
MATH,代数式的几何意义,距离与距离平方的几何含义辨析
MATH,任意角与弧度制,任意角、象限角与弧度制
MATH,任意角与弧度制,任意角与终边相同的角
MATH,任意角与弧度制,任意角的概念与终边相同的角
MATH,任意角与弧度制,任意角的概念与角的运算
MATH,任意角与弧度制,常用特殊角的度数与弧度对照
MATH,任意角与弧度制,弧度制与弧长、扇形面积公式
MATH,任意角与弧度制,弧度制与象限判断的三个易误点
MATH,任意角与弧度制,弧度制定义与角度弧度互化
MATH,任意角与弧度制,弧度制的定义与角度弧度换算
MATH,任意角与弧度制,弧度制的定义与角度换算
MATH,任意角与弧度制,正角、负角与零角
MATH,任意角与弧度制,确定角终边所在象限的两法
MATH,任意角与弧度制,终边相同的角与角的终边位置的求法
MATH,任意角与弧度制,终边相同的角与象限角轴线角
MATH,任意角与弧度制,终边集合问题忽略分类讨论致错
MATH,任意角与弧度制,角度制与弧度制的互化规范
MATH,任意角与弧度制,角度制与弧度制的换算
MATH,任意角与弧度制,角的概念与弧度制
MATH,任意角与弧度制,角的概念推广与弧度制
MATH,任意角与弧度制,角的终边相关集合问题的三条规律
MATH,任意角与弧度制,角终边位置的确定方法
MATH,任意角与弧度制,象限角的判定条件与集合写法
MATH,众数、中位数与平均数,众数中位数与平均数的定义
MATH,众数、中位数与平均数,平均数、中位数与众数的定义与特点
MATH,众数、中位数与平均数,集中趋势的三个统计量：众数、中位数与平均数
MATH,估值法-1-估算要比较大小的两个值所在的大致区间,估值比较大小
MATH,估值法-1-估算要比较大小的两个值所在的大致区间,零点所在区间的两种判断方法
MATH,余弦函数,余弦曲线与五点法作图
MATH,余弦定理,“a²+b²−c²”形式用余弦定理化边为角
MATH,余弦定理,余弦定理与勾股定理的关系及其变形
MATH,余弦定理,余弦定理及其变形
MATH,余弦定理,余弦定理及其变形公式
MATH,余弦定理,余弦定理及其推论与变形
MATH,余弦定理,余弦定理的三种形式与求角变形
MATH,余弦定理,余弦定理的两种形式
MATH,余弦定理,余弦定理的内容、变形与应用
MATH,余弦定理,余弦定理的变形（求角公式）
MATH,余弦定理,余弦定理解一元二次方程求边要检验取舍
MATH,余弦定理,余弦定理解三角形的应用要点
MATH,余弦定理,余弦定理解题的三种策略
MATH,余弦定理,正余弦定理的边角互化策略
MATH,余弦定理,用余弦定理判断三角形形状
MATH,余弦定理,角的余弦用余弦定理化角为边
MATH,余数列周期性,斐波那契数列的余数周期与整除规律
MATH,余数列周期性,递推数列周期性的发现与求值
MATH,作差法,比较两个实数大小的方法
MATH,作差法,点差法：设点、作差、表斜率三步处理中点弦
MATH,作差法,用作差法比较两个数或式的大小
MATH,作差法-作商法,作差法与作商法比较大小
MATH,作差法-作商法,比较两数（式）大小的两种基本方法
MATH,作差法-作商法,比较两数（式）大小的作差法与作商法
MATH,作差法-作商法,比较大小的三种常用方法
MATH,作差法-作商法,比较数或式大小的常用方法
MATH,作差法-作商法,比较数（式）大小的常用方法
MATH,保序问题与书目插书法,保序问题（书目插书模型）
MATH,倍值函数,倍值函数与倍值区间的定义
MATH,倍角三角形,倍角三角形与倍角定理
MATH,倒序相加法,倒序相加法的适用条件
MATH,倒序相加法,对称型求和用倒序相加法
MATH,倒序相加法,数列求和的倒序相加法
MATH,偶次方根的被开方数的被开方数必须大于等于零-即中,有限集子集个数的计数公式
MATH,元素与集合的关系,元素与集合的关系与常见数集
MATH,元素与集合的关系,元素与集合的关系及集合的表示
MATH,元素与集合的关系,集合元素的特性与表示法
MATH,充分性与必要性位置颠倒理解错误致错,充分性与必要性位置颠倒致错
MATH,充分性与必要性位置颠倒理解错误致错,单端点的必要性探路
MATH,充分条件与必要条件的判断,f'(x0)=0 是极值的必要不充分条件
MATH,充分条件与必要条件的判断,从集合关系判断充分条件与必要条件
MATH,充分条件与必要条件的判断,充分、必要条件的判断方法
MATH,充分条件与必要条件的判断,充分与必要条件的判定（定义法与集合法）
MATH,充分条件与必要条件的判断,充分必要条件的三种判定方法
MATH,充分条件与必要条件的判断,充分必要条件的三种判断方法
MATH,充分条件与必要条件的判断,充分必要条件的表述方向辨析
MATH,充分条件与必要条件的判断,充分条件、必要条件的判断与求参步骤
MATH,充分条件与必要条件的判断,充分条件与必要条件
MATH,充分条件与必要条件的判断,充分条件与必要条件的三种判定方法
MATH,充分条件与必要条件的判断,充分条件与必要条件的判定
MATH,充分条件与必要条件的判断,充分条件与必要条件的定义
MATH,充分条件与必要条件的判断,充分条件与必要条件的定义与判别
MATH,充分条件与必要条件的判断,充分条件与必要条件的概念
MATH,充分条件与必要条件的判断,充分条件与必要条件的集合判定
MATH,充分条件与必要条件的判断,判定定理与性质定理的逻辑含义
MATH,充分条件与必要条件的判断,因式分解型条件的使用
MATH,充分条件与必要条件的判断,多重充分必要条件的传递判断（树图法）
MATH,充分条件与必要条件的判断,多重条件的传递判断方法
MATH,充分条件与必要条件的判断,探求某命题的充分（必要）条件
MATH,充分条件与必要条件的判断,既不充分也不必要条件的判定
MATH,充分条件与必要条件的判断,用特值法与不等式性质速判充分性
MATH,充分条件与必要条件的判断,用集合关系判断充分必要条件
MATH,充分条件与必要条件的判断,用集合包含关系判断充分必要性
MATH,充分条件与必要条件的判断,用集合的包含关系判断充分必要
MATH,充要条件,充分条件、必要条件与充要条件
MATH,充要条件,充分条件与必要条件的集合刻画
MATH,充要条件,充要条件在恒等变形中的应用
MATH,充要条件,充要条件（等价）
MATH,充要条件,必要不充分条件与充要条件的判断
MATH,全期望公式,全期望公式与概率新定义问题
MATH,全概率,全概率公式
MATH,全概率,全概率公式与贝叶斯公式
MATH,全概率,全概率公式与贝叶斯思想
MATH,全概率,全概率公式及其使用步骤
MATH,全概率,全概率公式及其意义
MATH,全概率,全概率公式及其直观意义
MATH,全概率,全概率公式及其证明
MATH,全概率,全概率公式在抽取问题中的应用
MATH,全概率,全概率公式的使用思路
MATH,全概率,全概率公式的应用要点
MATH,全概率,概率的乘法公式、全概率公式与贝叶斯公式
MATH,全称量词与全称量词命题,全称量词、存在量词与含量词命题的否定
MATH,全称量词与全称量词命题,全称量词与存在量词及命题的否定
MATH,全称量词与全称量词命题,全称量词与存在量词命题
MATH,全称量词与全称量词命题,全称量词命题与存在量词命题
MATH,全称量词与全称量词命题,含量词命题真假的判断方法
MATH,全称量词与全称量词命题,量词命题及其否定
MATH,全称量词与全称量词命题,量词命题的结构与否定
MATH,公共项求和,公共项求和的方法
MATH,公式法,公式法求和与常用前 n 项和结果
MATH,公式法,数列求和方法与适用条件对照
MATH,共焦点的椭圆与双曲线,共焦点的椭圆与双曲线的离心率关系
MATH,共轭复数,共轭与模的运算结论
MATH,共轭复数,共轭复数与复数、纯虚数的判定条件
MATH,共轭复数,共轭复数及其常用性质
MATH,共轭复数,共轭复数及其性质
MATH,共轭复数,共轭复数的定义与性质
MATH,共轭复数,共轭复数的常用结论
MATH,共轭复数,共轭复数的性质与分母实数化
MATH,共轭复数,共轭复数的概念与常用结论
MATH,共轭复数,共轭复数的运算性质
MATH,共轭复数,复数相等的条件与共轭复数
MATH,共轭复数,实系数方程的虚根与韦达定理
MATH,共零点法,共零点法的适用条件与转化
MATH,共零点法,共零点的基本原理
MATH,共零点法,共零点问题的三类处理策略
MATH,关于点对称,中心对称图象的充要条件
MATH,关于点对称,中心对称的等价式与推论
MATH,关于点对称,函数图象关于点对称
MATH,关于点对称,圆的对称性与“被直线平分”问题
MATH,关于点对称,点与直线的对称问题求法
MATH,关于点对称,点关于点对称的中点公式法
MATH,关于点对称,点关于点对称的求法
MATH,关于点对称,点关于点的对称
MATH,关于点对称,直线关于点与直线的对称
MATH,关于线对称,函数图象关于直线对称
MATH,关于线对称,对称问题的类型与处理方法
MATH,关于线对称,正态曲线是单峰曲线且关于直线 x=μ 对称
MATH,关于线对称,点关于特殊直线的对称关系
MATH,关于线对称,点关于直线对称的方程组解法
MATH,关于线对称,点关于直线对称的求法
MATH,关于线对称,由 f(a+x)=f(b-x) 判定对称轴
MATH,关于线对称,轴对称的等价式与推论
MATH,内切球与球的相切问题,内切球与平行截面相切时建立 d 与 r 的关系
MATH,内切球与球的相切问题,内切球与相切问题的临界处理
MATH,内切球与球的相切问题,几何体内切球问题的四条处理技巧
MATH,内切球与球的相切问题,几何体内切球问题的处理技巧
MATH,内切球与球的相切问题,圆台的内切球与轴截面中的直角三角形
MATH,内切球与球的相切问题,多个球叠切问题的一般思路（球心截面与相似）
MATH,内切球与球的相切问题,常见几何体的内切球模型
MATH,内切球与球的相切问题,棱柱存在内切球的条件与线面角的计算
MATH,内切球与球的相切问题,正三棱柱棱切球与外接球半径之比
MATH,内切球与球的相切问题,正四面体内切球与四个等球（半径与高的比）
MATH,内切球与球的相切问题,正多面体的内切球半径与体积、表面积之比
MATH,内切球与球的相切问题,球与两个平行平面都相切时半径等于两平面距离的一半
MATH,内切球与球的相切问题,球与棱有公共点的半径范围
MATH,内切球与球的相切问题,用轴截面（平面几何法）求内切球半径
MATH,内切球与球的相切问题,等体积法求内切球半径
MATH,内切球与球的相切问题,等积法求多面体内切球半径
MATH,几何体展开图最短距离问题,几何体表面最短距离的展开法
MATH,几何体展开图最短距离问题,几何体表面最短路径问题的解法
MATH,几何体展开图最短距离问题,展开图求表面最短距离
MATH,几何体展开图最短距离问题,用对称与平移把折线化为直线段
MATH,几何体展开图最短距离问题,翻折问题之平面化
MATH,几何体展开图最短距离问题,表面最短路径问题转化为展开图
MATH,凹凸反转法,凹凸反转法证明不等式
MATH,函数y-asin-ωx-φ-的图象,y=Asin(ωx+φ) 的图象与变换
MATH,函数y-asin-ωx-φ-的图象,y=Asin(ωx+φ)中各参数的几何意义
MATH,函数y-asin-ωx-φ-的图象,y=Asin(ωx+φ)为偶函数的条件
MATH,函数y-asin-ωx-φ-的图象,y=Asin(ωx+φ)为奇函数的条件
MATH,函数y-asin-ωx-φ-的图象,y=Asin(ωx+φ)的单调区间与对称性
MATH,函数y-asin-ωx-φ-的图象,y=Asin(ωx+φ)的基本性质
MATH,函数y-asin-ωx-φ-的图象,y=Asin(ωx+φ)的对称中心
MATH,函数y-asin-ωx-φ-的图象,y=Asin(ωx+φ)的对称轴
MATH,函数y-asin-ωx-φ-的图象,y=Asin(ωx+φ)综合应用的四类易错点
MATH,函数y-asin-ωx-φ-的图象,ω 未限定正负时必须分情况讨论
MATH,函数y-asin-ωx-φ-的图象,三角函数中 ω 的范围问题知识地图
MATH,函数y-asin-ωx-φ-的图象,三角函数中 ω 范围问题的总览
MATH,函数y-asin-ωx-φ-的图象,三角函数图像的平移与伸缩变换
MATH,函数y-asin-ωx-φ-的图象,三角函数图象变换与求解析式的易错点
MATH,函数y-asin-ωx-φ-的图象,三角函数图象变换的两条途径
MATH,函数y-asin-ωx-φ-的图象,三角函数图象变换的处理策略
MATH,函数y-asin-ωx-φ-的图象,三角函数图象变换的易错点
MATH,函数y-asin-ωx-φ-的图象,三角函数的伸缩与平移变换
MATH,函数y-asin-ωx-φ-的图象,三角函数的对称性、周期性与奇偶性结论
MATH,函数y-asin-ωx-φ-的图象,两函数图象重合的化归
MATH,函数y-asin-ωx-φ-的图象,两种变换途径的平移量区别
MATH,函数y-asin-ωx-φ-的图象,五点作图法与三角函数图象变换
MATH,函数y-asin-ωx-φ-的图象,五点法中的角度对应关系
MATH,函数y-asin-ωx-φ-的图象,五点法作图与图象变换
MATH,函数y-asin-ωx-φ-的图象,五点法画 y=Asin(ωx+φ) 的简图
MATH,函数y-asin-ωx-φ-的图象,先化为标准形式再研究图象
MATH,函数y-asin-ωx-φ-的图象,函数y=Asin(ωx+φ)图象的两种作法
MATH,函数y-asin-ωx-φ-的图象,利用单调性比较函数值大小
MATH,函数y-asin-ωx-φ-的图象,区间一端为定值时由零点个数求 ω 范围
MATH,函数y-asin-ωx-φ-的图象,区间两端都不定时先缩小范围再讨论
MATH,函数y-asin-ωx-φ-的图象,单调性条件只是必要条件
MATH,函数y-asin-ωx-φ-的图象,含上下平移的图象变换
MATH,函数y-asin-ωx-φ-的图象,图象与性质综合应用的整体思路
MATH,函数y-asin-ωx-φ-的图象,图象变换的两种途径
MATH,函数y-asin-ωx-φ-的图象,图象变换的参数规则
MATH,函数y-asin-ωx-φ-的图象,图象变换的逆向拆解与验证
MATH,函数y-asin-ωx-φ-的图象,图象变换的逆向求解与特殊点验证
MATH,函数y-asin-ωx-φ-的图象,图象变换的逆推
MATH,函数y-asin-ωx-φ-的图象,图象平移的法则与常见错误
MATH,函数y-asin-ωx-φ-的图象,对称轴与对称中心的间距结论
MATH,函数y-asin-ωx-φ-的图象,平移后确定关键点的方法
MATH,函数y-asin-ωx-φ-的图象,振幅、周期、频率与相位
MATH,函数y-asin-ωx-φ-的图象,振幅与角频率的伸缩变换
MATH,函数y-asin-ωx-φ-的图象,用整体代换研究正弦型函数
MATH,函数y-asin-ωx-φ-的图象,用诱导公式统一函数类型
MATH,函数y-asin-ωx-φ-的图象,由两交点的横坐标差求 ω
MATH,函数y-asin-ωx-φ-的图象,由单调区间求 ω 的范围（先粗后细）
MATH,函数y-asin-ωx-φ-的图象,由图象与特殊点确定解析式的三步法
MATH,函数y-asin-ωx-φ-的图象,由图象求三角函数解析式中的参数
MATH,函数y-asin-ωx-φ-的图象,由图象求解析式的三步
MATH,函数y-asin-ωx-φ-的图象,由图象求解析式的步骤
MATH,函数y-asin-ωx-φ-的图象,由图象求解析式选点的易错点
MATH,函数y-asin-ωx-φ-的图象,由图象确定三角函数解析式
MATH,函数y-asin-ωx-φ-的图象,由对称性单调性确定 ω 与 φ
MATH,函数y-asin-ωx-φ-的图象,由对称性求 φ 并逐项判断性质
MATH,函数y-asin-ωx-φ-的图象,由对称轴与最值条件求 ω 的值
MATH,函数y-asin-ωx-φ-的图象,由最值条件求参数范围
MATH,函数y-asin-ωx-φ-的图象,由标准形式读图象的四个性质
MATH,函数y-asin-ωx-φ-的图象,由部分图象确定函数解析式的两条路径
MATH,函数y-asin-ωx-φ-的图象,相位 φ 对图象的影响
MATH,函数y-asin-ωx-φ-的图象,研究y=Asin(ωx+φ)性质的策略与平移陷阱
MATH,函数y-asin-ωx-φ-的图象,类型一：区间一端为定值的解题模板
MATH,函数y-asin-ωx-φ-的图象,类型三的完整检验示范
MATH,函数y-asin-ωx-φ-的图象,类型三：非充要条件的完整检验流程
MATH,函数y-asin-ωx-φ-的图象,类型二：区间两端都不定的解题模板
MATH,函数y-asin-ωx-φ-的图象,非充要条件推出的 ω 范围必须检验
MATH,函数y-f-x-在x-x0处的导数定义,导数的定义与定义法求导三步
MATH,函数y-f-x-在x-x0处的导数定义,导数的定义与用定义求导的步骤
MATH,函数y-f-x-在x-x0处的导数定义,平均变化率的几何意义与瞬时变化率
MATH,函数y-f-x-在x-x0处的导数定义,用定义求导数的三步：一差、二商、三极限
MATH,函数值域的求法,三角函数值域的三种求法
MATH,函数值域的求法,函数值域的常用求法
MATH,函数值域的求法,指数型与对数型函数值域的换元法
MATH,函数单调性的应用策略,函数单调性的四类应用
MATH,函数单调性的性质,函数单调性的常用结论
MATH,函数单调性的性质,函数单调性的运算与变换性质
MATH,函数单调性的性质,函数单调性的运算性质
MATH,函数单调性的性质,函数单调性的运算规律
MATH,函数单调性的性质,单调性的运算性质
MATH,函数单调性的性质,单调性的运算性质与书写易误点
MATH,函数单调性的性质,正弦函数的性质
MATH,函数图象的作法与识别,作函数图象与识别函数图象的方法
MATH,函数图象的变换,函数图象的四种变换
MATH,函数图象的变换,函数图象的平移、对称、伸缩与翻折变换
MATH,函数图象的对称变换,两个函数图象之间的对称关系
MATH,函数图象的对称变换,关于点与关于直线 y=x 的对称变换
MATH,函数图象的对称变换,函数图象的四种对称变换
MATH,函数图象的对称变换,函数图象的对称变换与同步变换
MATH,函数图象的平移变换,图象平移的左加右减
MATH,函数图象的应用,函数图象的应用策略
MATH,函数图象的翻折变换,图象的翻折变换与含绝对值方程
MATH,函数图象的识别,对数函数图象的识别与应用方法
MATH,函数图象的识别,由解析式识别函数图象的方法
MATH,函数图象的识别,识图的三种常用方法
MATH,函数奇偶性的几个重要结论,三角函数奇偶性的化归判别
MATH,函数奇偶性的几个重要结论,两函数和与积的奇偶性规律
MATH,函数奇偶性的几个重要结论,函数奇偶性的定义与判定前提
MATH,函数奇偶性的几个重要结论,函数奇偶性的定义与判定方法
MATH,函数奇偶性的几个重要结论,函数奇偶性的常用结论
MATH,函数奇偶性的几个重要结论,函数奇偶性的常用结论与特殊性质
MATH,函数奇偶性的几个重要结论,函数奇偶性的重要结论
MATH,函数奇偶性的几个重要结论,可导函数奇偶周期性的导数性质
MATH,函数奇偶性的几个重要结论,奇偶性与图象·单调性·最值的关系
MATH,函数奇偶性的几个重要结论,奇偶性的定义与四条常用结论
MATH,函数奇偶性的几个重要结论,奇偶性的常用结论
MATH,函数奇偶性的几个重要结论,奇偶性的常用结论与最值性质
MATH,函数奇偶性的几个重要结论,奇偶性的运算与常见奇偶函数模型
MATH,函数奇偶性的几个重要结论,奇函数加常函数模型
MATH,函数奇偶性的几个重要结论,奇函数加常数的最值结论
MATH,函数奇偶性的几个重要结论,常见的奇函数与偶函数模型
MATH,函数奇偶性的几个重要结论,抽象函数奇偶性的证明要点
MATH,函数奇偶性的几个重要结论,指数函数奇偶性的三种构造类型
MATH,函数奇偶性的几个重要结论,用奇偶性的乘除法则定参数
MATH,函数定义域的常见类型,具体函数与抽象函数定义域的求法
MATH,函数定义域的常见类型,函数定义域的常见类型与求法
MATH,函数定义域的常见类型,函数定义域的常见限制
MATH,函数定义域的常见类型,函数定义域的求法
MATH,函数定义域的常见类型,函数定义域的求解原则
MATH,函数定义域的常见类型,基本初等函数的定义域限制
MATH,函数定义域的常见类型,常见奇偶函数类型
MATH,函数定义域的常见类型,平移齐次化的适用范围与常见目标类型
MATH,函数定义域的常见类型,抽象函数定义域的传递规则
MATH,函数定义域的常见类型,抽象函数定义域的转移法
MATH,函数定义域的常见类型,特殊函数的定义域与图象交点限制
MATH,函数建模的基本步骤,构造函数模型解决实际问题
MATH,函数新定义问题的解题方法,函数新定义问题的处理套路
MATH,函数极值与最值的关系,函数最大值与最小值的定义
MATH,函数极值与最值的关系,函数极值与最值的区别与联系
MATH,函数极值与最值的关系,函数极值的定义与判定条件
MATH,函数极值与最值的关系,函数极值（极大值、极小值）
MATH,函数极值与最值的关系,含参数函数最值的讨论
MATH,函数极值与最值的关系,唯一极值点与最值的关系
MATH,函数极值与最值的关系,最值与极值的关系
MATH,函数极值与最值的关系,条件最值的消参法与换元法
MATH,函数极值与最值的关系,极值不一定是最值
MATH,函数极值与最值的关系,极值与最值的五个关键辨析
MATH,函数极值与最值的关系,极值与最值的判定与四条注意
MATH,函数极值与最值的关系,极值与最值的区别与联系
MATH,函数极值与最值的关系,极值与最值的区别和联系
MATH,函数极值与最值的关系,由“极小值小于 0”求参数范围
MATH,函数极值与最值的关系,由导函数图象判断极值点
MATH,函数极值与最值的关系,由最值求参数（最值在极值点处取到）
MATH,函数模型与增长速度的比较,三类函数增长模型的差异
MATH,函数模型与增长速度的比较,半衰期指数衰减模型的建立与求解
MATH,函数模型与增长速度的比较,指数型函数模型的应用要点
MATH,函数模型与增长速度的比较,用函数模型刻画现实问题的方法要点
MATH,函数模型（指数、对数型）的应用,指数、对数型函数模型的应用
MATH,函数的三要素,函数的三要素与同一函数
MATH,函数的三要素,函数的三要素与表示方法
MATH,函数的三要素,函数的概念、三要素与表示法
MATH,函数的三要素,双刀（双曲型）函数的识别要素
MATH,函数的值域,基本初等函数的值域
MATH,函数的值域,抽象函数与复合函数值域的求法
MATH,函数的单调区间,单调区间书写的四条易错点
MATH,函数的单调区间,单调性的常用结论与复合函数的单调性
MATH,函数的单调区间,正弦函数与余弦函数的核心性质
MATH,函数的单调性,函数单调区间的求法与判断
MATH,函数的单调性,函数单调性的判断与单调区间的求法
MATH,函数的单调性,函数单调性的判断方法
MATH,函数的单调性,函数单调性的定义与判断方法
MATH,函数的单调性,函数单调性的定义与单调区间
MATH,函数的单调性,函数单调性的定义与等价形式
MATH,函数的单调性,函数单调性的常用结论与易错点
MATH,函数的单调性,函数的单调性与单调区间
MATH,函数的单调性,单调性的定义·单调区间与运算性质
MATH,函数的单调性,单调性的定义与两种等价形式
MATH,函数的单调性,单调性的定义与等价判定形式
MATH,函数的单调性,单调性的定义法证明与判断方法
MATH,函数的单调性,复合函数单调区间的求法
MATH,函数的单调性,用图象法确定单调区间的步骤
MATH,函数的单调性,用定义判断单调性的等价形式
MATH,函数的单调性,用定义证明函数单调性的五个步骤
MATH,函数的单调性,证明与判断函数单调性的方法
MATH,函数的单调性与导数,三次函数的单调性与极值
MATH,函数的单调性与导数,函数的单调性与导数的关系
MATH,函数的单调性与导数,单调性与导数恒成立的关系
MATH,函数的单调性与导数,导数综合大题的通用流程
MATH,函数的周期性,函数周期性的六个常用结论
MATH,函数的周期性,函数周期性的判定与常用结论
MATH,函数的周期性,函数周期性的定义与判断求解
MATH,函数的周期性,函数周期的常用推导结论
MATH,函数的周期性,利用周期性转化求值与零点问题
MATH,函数的周期性,周期函数的定义与常用结论
MATH,函数的周期性,周期函数的定义与常见结论
MATH,函数的周期性,周期性的四条常用结论
MATH,函数的周期性,常见的周期性结论
MATH,函数的周期性,正切型函数的最小正周期 T=π/|ω|
MATH,函数的周期性,正弦余弦型函数的最小正周期 T=2π/|ω|
MATH,函数的周期性,正弦型函数的周期
MATH,函数的周期性,简谐运动模型中参数的物理意义
MATH,函数的奇偶性,y=Acos(ωx+φ) 的奇偶性判定
MATH,函数的奇偶性,y=Asin(ωx+φ) 的奇偶性判定
MATH,函数的奇偶性,y=Atan(ωx+φ) 的奇偶性判定
MATH,函数的奇偶性,乘积型函数奇偶性的判断
MATH,函数的奇偶性,函数奇偶性的判定与图象特征
MATH,函数的奇偶性,函数奇偶性的判断与两个必备条件
MATH,函数的奇偶性,函数奇偶性的判断与应用
MATH,函数的奇偶性,函数奇偶性的定义、判断与求参数方法
MATH,函数的奇偶性,函数奇偶性的定义与判断方法
MATH,函数的奇偶性,函数奇偶性的定义与求参方法
MATH,函数的奇偶性,分段函数奇偶性的判断
MATH,函数的奇偶性,奇偶性判定前提与四则保持性
MATH,函数的奇偶性,奇函数在 x=0 处有定义则 f(0)=0
MATH,函数的奇偶性,常见奇偶性函数模型
MATH,函数的奇偶性,常见奇偶性函数模型与奇偶性技巧
MATH,函数的奇偶性,平移构造抽象函数的奇偶性
MATH,函数的奇偶性,由奇偶性求参数的三种技巧
MATH,函数的奇偶性-周期性-对称性关系,一轴一心推出周期
MATH,函数的奇偶性-周期性-对称性关系,三角函数对称性与周期性的关系
MATH,函数的奇偶性-周期性-对称性关系,五种常用对称关系
MATH,函数的奇偶性-周期性-对称性关系,利用奇偶性与周期性求值的策略
MATH,函数的奇偶性-周期性-对称性关系,双对称函数的周期性
MATH,函数的奇偶性-周期性-对称性关系,双对称推周期
MATH,函数的奇偶性-周期性-对称性关系,双对称推导函数周期
MATH,函数的奇偶性-周期性-对称性关系,双重对称、奇偶性与周期性的常用结论
MATH,函数的奇偶性-周期性-对称性关系,可导函数的奇偶性、周期性与导函数
MATH,函数的奇偶性-周期性-对称性关系,周期性、对称性与奇偶性的结论
MATH,函数的奇偶性-周期性-对称性关系,周期性与对称性、奇偶性的综合结论
MATH,函数的奇偶性-周期性-对称性关系,奇偶性、周期性与对称性的综合结论
MATH,函数的奇偶性-周期性-对称性关系,奇偶性、对称性、周期性、单调性联用
MATH,函数的奇偶性-周期性-对称性关系,奇偶性、对称性与周期性的互推关系
MATH,函数的奇偶性-周期性-对称性关系,奇偶性与对称性组合的周期结论
MATH,函数的奇偶性-周期性-对称性关系,奇偶性周期性与对称性的联动
MATH,函数的奇偶性-周期性-对称性关系,奇函数叠加反对称推周期
MATH,函数的奇偶性-周期性-对称性关系,对称性与周期性的三个结论
MATH,函数的奇偶性-周期性-对称性关系,对称性与周期性的三条关系结论
MATH,函数的奇偶性-周期性-对称性关系,对称性与周期性的联动结论
MATH,函数的奇偶性-周期性-对称性关系,抽象函数奇偶、周期、对称的融合推断
MATH,函数的奇偶性-周期性-对称性关系,由对称性推出周期性的两条结论
MATH,函数的奇偶性-周期性-对称性关系,纵向伸缩变换中周期、对称轴及对称中心不变
MATH,函数的定义域,交集的定义与符号
MATH,函数的定义域,使用正切和差公式的三重定义域检验
MATH,函数的定义域,函数最值的定义
MATH,函数的定义域,函数的定义与三要素
MATH,函数的定义域,函数的定义域与值域
MATH,函数的定义域,分数指数幂幂函数的定义域与奇偶性
MATH,函数的定义域,分段函数的定义与求值
MATH,函数的定义域,取整函数（高斯函数）的定义与性质
MATH,函数的定义域,命题的定义与分类
MATH,函数的定义域,奇函数与偶函数的定义
MATH,函数的定义域,子集与真子集的定义
MATH,函数的定义域,子集的定义与记号
MATH,函数的定义域,对数反比例型函数对称中心的定位巧法
MATH,函数的定义域,导数的定义
MATH,函数的定义域,并集的定义与符号
MATH,函数的定义域,抽象函数定义域的括号原则
MATH,函数的定义域,抽象函数定义域的求法
MATH,函数的定义域,抽象函数的定义域
MATH,函数的定义域,描述法的定义与格式
MATH,函数的定义域,正切函数的核心性质
MATH,函数的定义域,正弦、余弦、正切函数的定义域与值域对照
MATH,函数的定义域,特殊类型函数的定义域求法
MATH,函数的定义域,百分位数的定义
MATH,函数的定义域,真子集的定义与记号
MATH,函数的定义域,补集的定义与符号
MATH,函数的对应关系,函数三要素与同一函数的判定
MATH,函数的对应关系,函数对应关系的图象判定
MATH,函数的对应关系,样本相关系数的公式与解读
MATH,函数的对称性,f(x+1) 为偶函数的对称轴
MATH,函数的对称性,y=Acos(ωx+φ) 的对称轴与对称中心
MATH,函数的对称性,y=Asin(ωx+φ) 的对称轴与对称中心
MATH,函数的对称性,y=Atan(ωx+φ) 的对称中心
MATH,函数的对称性,三次函数的凹凸性与拐点
MATH,函数的对称性,三次函数的拐点即对称中心
MATH,函数的对称性,三角函数对称轴与对称中心的求法
MATH,函数的对称性,中心对称与轴对称的充要条件
MATH,函数的对称性,函数图象对称性的三个常用结论
MATH,函数的对称性,函数图象对称性的代数表达
MATH,函数的对称性,函数图象对称性的四条常用结论
MATH,函数的对称性,函数图象的对称关系
MATH,函数的对称性,函数图象的对称性及其与周期的关系
MATH,函数的对称性,函数图象的对称轴与对称中心
MATH,函数的对称性,函数图象的轴对称与中心对称
MATH,函数的对称性,函数图象的轴对称与点对称
MATH,函数的对称性,函数的自对称与两个函数的互对称
MATH,函数的对称性,函数自对称的两类公式
MATH,函数的对称性,函数轴对称与点对称的两个条件式
MATH,函数的对称性,图象的对称、伸缩与翻折变换
MATH,函数的对称性,图象的对称与翻折变换
MATH,函数的对称性,图象的对称轴与对称中心条件
MATH,函数的对称性,奇偶函数的图象对称与奇同偶异
MATH,函数的对称性,奇函数平移后的对称性结论
MATH,函数的对称性,对数无理型函数对称中心的叠加
MATH,函数的对称性,对称条件式构造辅助函数定两根范围
MATH,函数的对称性,抽象函数对称性的四个常用结论
MATH,函数的对称性,抽象函数的对称性与图象对称结论
MATH,函数的对称性,正切型函数对称中心的“水平间隔”
MATH,函数的对称性,正弦余弦型函数对称元素的“水平间隔”
MATH,函数的对称性,正态分布的对称性概率性质
MATH,函数的对称性,由 f(x) 的对称性推出 f′(x) 的对称性
MATH,函数的对称性,等差等比数的对称设元法
MATH,函数的最值,函数在闭区间上最值的求法
MATH,函数的最值,函数最值的求法与极值的关系
MATH,函数的最值,函数的最大值与最小值
MATH,函数的最值,由最值条件反求参数的四步流程
MATH,函数的极值,函数在某点取得极值的条件
MATH,函数的极值,函数极值的四条性质
MATH,函数的极值,函数极值的定义与判定
MATH,函数的极值,函数的极值及其判定
MATH,函数的极值,函数的极值及其求法
MATH,函数的极值,函数的极值点与极值
MATH,函数的极值,极值点与导数为零的关系
MATH,函数的极值,极值的定义与判定
MATH,函数的极值与最值的关系,可导函数的极值与闭区间上的最值
MATH,函数的概念,函数概念的两个要求与同一函数判定
MATH,函数的概念,函数的定义·三要素与函数相等
MATH,函数的概念,排列与组合的概念及公式
MATH,函数的概念,由方程判断是否构成函数关系
MATH,函数的概念,绝对值型函数的处理方式
MATH,函数的隐零点问题,三角函数型隐零点借助值域与周期性
MATH,函数的隐零点问题,不含参隐零点的易错辨析
MATH,函数的隐零点问题,不含参隐零点的核心规律
MATH,函数的隐零点问题,不等式证明中的隐零点放缩
MATH,函数的隐零点问题,含三角函数的隐零点：用值域缩小范围
MATH,函数的隐零点问题,含参隐零点的常考结论
MATH,函数的隐零点问题,含参隐零点的易错辨析
MATH,函数的隐零点问题,含参隐零点的题型特征
MATH,函数的隐零点问题,含参隐零点问题的消参技巧
MATH,函数的隐零点问题,用二分法缩小隐零点的范围求最值
MATH,函数的隐零点问题,用隐零点求双参数范围与最值
MATH,函数的隐零点问题,第一步：求导并判断导数单调性
MATH,函数的隐零点问题,第三步：用隐零点等式消去超越项
MATH,函数的隐零点问题,第二步：用零点存在定理锁定区间
MATH,函数的隐零点问题,第四步：由隐零点范围求最值
MATH,函数的隐零点问题,虚设零点与含参零点的处理
MATH,函数的隐零点问题,隐极值点代换
MATH,函数的隐零点问题,隐零点及其处理思路
MATH,函数的隐零点问题,隐零点含参问题：用零点方程消去参数
MATH,函数的隐零点问题,隐零点常考结论与取点经验
MATH,函数的隐零点问题,隐零点的同构代换
MATH,函数的隐零点问题,隐零点的同构代换与常见题型
MATH,函数的隐零点问题,隐零点的定义与显零点对比
MATH,函数的隐零点问题,隐零点通用四步框架
MATH,函数的隐零点问题,隐零点问题中参数范围的求法
MATH,函数的隐零点问题,隐零点问题的三步解法
MATH,函数的隐零点问题,隐零点问题的五类易错点
MATH,函数的隐零点问题,隐零点问题的基本步骤
MATH,函数的隐零点问题,隐零点问题的处理
MATH,函数的隐零点问题,隐零点问题的处理思路
MATH,函数的隐零点问题,隐零点问题的处理策略
MATH,函数的隐零点问题,隐零点问题的实质与三步框架
MATH,函数的隐零点问题,隐零点问题的核心矛盾与破题逻辑
MATH,函数的隐零点问题,隐零点问题的知识框架与三步解题流程
MATH,函数的隐零点问题,隐零点题型一：求含超越函数的最值
MATH,函数的隐零点问题,隐零点题型三：由极值或最值求参数
MATH,函数的隐零点问题,隐零点题型二：证明含超越函数的不等式
MATH,函数的隐零点问题,隐零点题型四：数列不等式的证明
MATH,函数的隐零点问题,隐零点题型说明与含参对比
MATH,函数的隐零点问题,隐零点（虚设零点代换）
MATH,函数解析式的常用求法,函数解析式的四种常用求法
MATH,函数零点个数与求参问题,零点个数的判断与求参数的方法
MATH,函数零点存在定理,二次求导的四步核心法
MATH,函数零点存在定理,函数零点存在定理与二分法
MATH,函数零点存在定理,函数零点存在定理与零点个数的判断方法
MATH,函数零点存在定理,函数零点存在定理及其两个推论
MATH,函数零点存在定理,函数零点存在定理及其使用条件
MATH,函数零点存在定理,函数零点存在定理及其唯一性
MATH,函数零点存在定理,函数零点存在定理及其提醒
MATH,函数零点存在定理,函数零点存在定理的两条结论
MATH,函数零点存在定理,导数研究函数零点个数
MATH,函数零点存在定理,导数零点问题与隐零点
MATH,函数零点存在定理,用零点存在定理判断零点个数（表格型）
MATH,函数零点存在定理,确定零点所在区间与零点个数的判断方法
MATH,函数零点存在定理,证明函数零点存在的步骤
MATH,函数零点存在定理,证明零点存在的四个步骤
MATH,函数零点存在定理,隐零点问题的前置知识
MATH,函数零点存在定理,零点个数与函数值符号的判断结论
MATH,函数零点存在定理,零点存在定理
MATH,函数零点存在定理,零点存在定理与零点唯一性
MATH,函数零点存在定理,零点存在定理及其变形
MATH,函数零点存在定理,零点存在定理及其适用边界
MATH,函数零点存在定理,零点存在定理的找点技巧
MATH,函数零点存在定理,零点存在性定理与零点个数的判断
MATH,函数零点存在定理,零点存在性定理的“反之不成立”
MATH,函数零点的定义,三角函数零点的公式化求法
MATH,函数零点的定义,函数的零点与三个等价关系
MATH,函数零点的定义,函数零点与方程根、图象交点的关系
MATH,函数零点的定义,函数零点个数的判断方法
MATH,函数零点的定义,函数零点及其三个等价关系
MATH,函数零点的定义,函数零点的三个等价关系
MATH,函数零点的定义,函数零点的定义与三者关系
MATH,函数零点的定义,函数零点的定义与本质
MATH,函数零点的定义,函数零点的定义与等价说法
MATH,函数零点的定义,函数零点的概念
MATH,函数零点的定义,函数零点的概念与方程解的关系
MATH,函数零点的定义,函数零点的概念及与方程解的关系
MATH,函数零点的定义,函数零点的概念及其与方程根的关系
MATH,函数零点的定义,函数零点的概念及其与方程解的关系
MATH,函数零点的定义,分段（复合）函数零点的分段计数
MATH,函数零点的定义,图象交点问题转化为差函数的零点
MATH,函数零点的定义,对数绝对值型函数两零点的条件
MATH,分割法证明不等式,隔离拆分法证明不等式
MATH,分层随机抽样,分层抽样中样本平均数的计算
MATH,分层随机抽样,分层抽样中样本方差的计算
MATH,分层随机抽样,分层抽样的平均数公式
MATH,分层随机抽样,分层抽样的方差公式
MATH,分层随机抽样,分层随机抽样与按比例分配
MATH,分层随机抽样,分层随机抽样的平均数公式
MATH,分层随机抽样,分层随机抽样的方差公式
MATH,分层随机抽样,分层随机抽样的样本平均数与总体平均数的估计
MATH,分层随机抽样,分层随机抽样的概念与均值估计
MATH,分层随机抽样,比例分配分层抽样的总均值与方差
MATH,分式不等式与绝对值不等式的解法,分式、高次与绝对值不等式的转化
MATH,分式不等式的解法,分式不等式与无理不等式的解法
MATH,分式不等式的解法,分式不等式化为整式不等式
MATH,分式不等式的解法,分式不等式的移项通分与等价转化
MATH,分式不等式的解法,分式不等式的等价转化步骤
MATH,分式型函数的值域,分式型函数值域的三种情形
MATH,分式放缩与糖水不等式,分式与不等式中的两个常用结论
MATH,分式放缩与糖水不等式,糖水不等式
MATH,分式放缩与糖水不等式,糖水不等式与对数型糖水不等式
MATH,分式放缩与糖水不等式,糖水不等式及其在数列放缩中的用法
MATH,分式放缩与糖水不等式,糖水不等式及其在比较对数大小中的应用
MATH,分式放缩与糖水不等式,糖水不等式及其对数推广
MATH,分指结构裂项放缩,分指结构裂项放缩的证明
MATH,分步乘法计数原理,分步乘法计数原理的使用方法
MATH,分段函数的常见类型及解法,三类常见递推模型及解法
MATH,分段函数的常见类型及解法,分段函数建模的分段要求
MATH,分段函数的常见类型及解法,分段函数的处理方式
MATH,分段函数的常见类型及解法,分段函数的定义与三类注意点
MATH,分段函数的常见类型及解法,分段函数的定义域值域与处理策略
MATH,分段函数的常见类型及解法,分段函数的求值与不等式处理
MATH,分段函数的常见类型及解法,常见函数的泰勒展开式
MATH,分段函数的常见类型及解法,用 min、max 定义的分段函数
MATH,分离参数法-分离参数后转化为求函数的值域-最值-问题求解,不能分离参数的恒成立讨论法
MATH,分离参数法-分离参数后转化为求函数的值域-最值-问题求解,分离参数法及其常见变形
MATH,分离参数法-分离参数后转化为求函数的值域-最值-问题求解,分离参数法处理恒成立问题
MATH,分离参数法-分离参数后转化为求函数的值域-最值-问题求解,分离参数法处理方程根的个数问题
MATH,分离参数法-分离参数后转化为求函数的值域-最值-问题求解,分离参数法解能成立（有解）问题
MATH,分离参数法-分离参数后转化为求函数的值域-最值-问题求解,分离参数的六种常用方法
MATH,分离参数法-分离参数后转化为求函数的值域-最值-问题求解,参变分离后在给定区间上求最值
MATH,分离参数法-分离参数后转化为求函数的值域-最值-问题求解,参变分离构造单变量函数
MATH,分离参数法-分离参数后转化为求函数的值域-最值-问题求解,参变分离求参数取值范围
MATH,分离参数法-分离参数后转化为求函数的值域-最值-问题求解,参变分离求参数范围（注意除以零的讨论）
MATH,分离参数法-分离参数后转化为求函数的值域-最值-问题求解,恒成立求参的分离参数法
MATH,分离参数法-分离参数后转化为求函数的值域-最值-问题求解,恒成立问题的分离参数法
MATH,分离参数法-分离参数后转化为求函数的值域-最值-问题求解,恒成立（有解）分离参数的四条等价
MATH,分离参数法-分离参数后转化为求函数的值域-最值-问题求解,极值差问题转化为参数函数值域
MATH,分离参数法-分离参数后转化为求函数的值域-最值-问题求解,由零点情况求参数的三种途径
MATH,分离参数法-分离参数后转化为求函数的值域-最值-问题求解,零点个数问题：分离参数作图
MATH,分类加法计数原理,Venn 图与容斥原理的计数应用
MATH,分类加法计数原理,Venn图与容斥计数
MATH,分类加法计数原理,不相邻型概率的插空计数
MATH,分类加法计数原理,两个计数原理的使用策略
MATH,分类加法计数原理,两个计数原理的区别
MATH,分类加法计数原理,两个计数原理的区别与使用
MATH,分类加法计数原理,两个计数原理的区别与选用
MATH,分类加法计数原理,分类加法与分步乘法计数原理
MATH,分类加法计数原理,分类计数时分类标准的选择
MATH,分类讨论法,分类讨论法处理恒成立问题
MATH,分类讨论法,恒成立求参中的分类讨论
MATH,分组-并项-法求数列的前n项和,分组求和与并项求和的转化思想
MATH,分组-并项-法求数列的前n项和,分组求和法
MATH,分组-并项-法求数列的前n项和,分组求和法与并项求和法
MATH,分组-并项-法求数列的前n项和,分组求和法的适用特征与用法
MATH,分组-并项-法求数列的前n项和,并项求和法
MATH,分组-并项-法求数列的前n项和,并项求和法的步骤与要点
MATH,分组与分配问题的计数,分组与分配问题的计数方法
MATH,分组分配问题,不同元素分组分配：先分组、后分配
MATH,分组分配问题,不定向分配需乘以接受者的全排列
MATH,分组分配问题,不平均分组公式：n 个元素按指定人数分组
MATH,分组分配问题,分组分配问题的解题策略
MATH,分组分配问题,分组问题的四类分法与除序
MATH,分组转化法,分组求和法的步骤与要点
MATH,分组转化法,分组转化法求和的思路与两类模型
MATH,切点弦问题,切点弦及其求法
MATH,切点弦问题,切点弦方程与切线相关结论
MATH,切点弦问题,切点弦方程的求法
MATH,切点弦问题,双切线模型中切点弦的求法
MATH,切点弦问题,圆的切线、切线长与切点弦方程
MATH,切点弦问题,过圆外一点的切点弦方程
MATH,切线夹与割线夹,切割线放缩的总体思路
MATH,切线夹与割线夹,切线放缩估计零点位置的操作步骤
MATH,切线夹与割线夹,切线放缩的流程与切线夹
MATH,切线放缩不等式,三个常用放缩不等式及其取等条件
MATH,切线放缩不等式,三个常用的切线放缩不等式
MATH,切线放缩不等式,与指数对数有关的常用放缩不等式
MATH,切线放缩不等式,切线与割线放缩
MATH,切线放缩不等式,切线放缩与泰勒展开常用不等式
MATH,切线放缩不等式,切线放缩法的原理与步骤
MATH,切线放缩不等式,切线放缩的核心思想
MATH,切线放缩不等式,切线放缩（指数与对数）
MATH,切线放缩不等式,对数函数类切线放缩
MATH,切线放缩不等式,常见放缩：切线放缩
MATH,切线放缩不等式,幂函数与组合函数的切线放缩
MATH,切线放缩不等式,指数函数类切线放缩
MATH,切线放缩不等式,指数对数与三角函数的切线不等式
MATH,切线放缩不等式,放缩比大小的常用工具
MATH,切线放缩不等式,比较大小中的切线放缩模型
MATH,切线放缩不等式,比较大小中的放缩法
MATH,切线放缩不等式,用切线（割线）估计根的位置证明双变量不等式
MATH,列举观察法-列出几何中的全部元素-通过定义得出集合间关系,子集与相等关系的判断方法
MATH,列举观察法-列出几何中的全部元素-通过定义得出集合间关系,离心率取值范围——平面几何中的不等关系
MATH,判别式法-主要用于含有二次的分式函数-形如,一元二次方程根的分布（区间根问题）
MATH,判别式法-主要用于含有二次的分式函数-形如,万能“K”法（设 K 法）三步
MATH,判别式法-主要用于含有二次的分式函数-形如,判别式法求分式函数值域
MATH,判别式法-主要用于含有二次的分式函数-形如,用 Δ≥0 夹逼求参数（判别式法）
MATH,判定三角形的形状,判定三角形形状的两种途径
MATH,判断函数奇偶性时忽略定义域致错,函数奇偶性的定义与判断
MATH,判断函数奇偶性时忽略定义域致错,奇偶函数的定义域关于原点对称（判断奇偶性的前提）
MATH,判断函数奇偶性时忽略定义域致错,奇偶性的前提：定义域关于原点对称
MATH,判断函数奇偶性时忽略定义域致错,奇偶性问题中的两个易误点
MATH,判断抽象函数单调性的方法,抽象函数与它的单调性问题
MATH,判断抽象函数单调性的方法,抽象函数单调性的判定与证明
MATH,判断抽象函数单调性的方法,抽象函数单调性的判定与证明（凑与赋值）
MATH,判断抽象函数单调性的方法,抽象函数周期性的判定与类比
MATH,判断抽象函数单调性的方法,抽象函数性质的应用
MATH,判断抽象函数单调性的方法,抽象函数的研究内容与单调性判定
MATH,判断抽象函数单调性的方法,抽象函数赋值法与单调性判定要点
MATH,判断抽象函数单调性的方法,正弦余弦型函数单调性的整体代换判断
MATH,判断集合间的关系,子集、真子集与包含关系
MATH,利用-线线平行-线面平行-面面平行-的相互转化,“线面平行加线面平行”推出面面平行
MATH,利用-线线平行-线面平行-面面平行-的相互转化,三个“二次”关系的相互转化
MATH,利用-线线平行-线面平行-面面平行-的相互转化,中位线与平行四边形证线面平行（BM∥平面CDE）
MATH,利用-线线平行-线面平行-面面平行-的相互转化,中位线加平行四边形证线线平行（AF∥DE）
MATH,利用-线线平行-线面平行-面面平行-的相互转化,倾斜容器中水面的形状与线面平行的性质
MATH,利用-线线平行-线面平行-面面平行-的相互转化,动态问题中不变关系的两条常用证明路径
MATH,利用-线线平行-线面平行-面面平行-的相互转化,构造平行四边形证线面平行并进一步证面面平行
MATH,利用-线线平行-线面平行-面面平行-的相互转化,用面面平行的性质证线面平行（两次线面平行）
MATH,利用-线线平行-线面平行-面面平行-的相互转化,用面面平行证明线线平行与线面平行
MATH,利用-线线平行-线面平行-面面平行-的相互转化,用面面平行转化线面平行求轨迹长
MATH,利用-线线平行-线面平行-面面平行-的相互转化,线面、面面平行的判定与性质
MATH,利用-线线平行-线面平行-面面平行-的相互转化,线面平行与面面平行的判定、性质及转化
MATH,利用-线线平行-线面平行-面面平行-的相互转化,线面平行与面面平行的判定与性质定理
MATH,利用-线线平行-线面平行-面面平行-的相互转化,线面平行判定定理的证明步骤
MATH,利用不等式的性质求数-式-的范围,不等式性质求范围的整体系数换元
MATH,利用不等式的性质求数-式-的范围,切线夹与割线夹（剪刀模型）
MATH,利用不等式的性质求数-式-的范围,利用不等式性质求代数式范围的待定系数法
MATH,利用不等式的性质求数-式-的范围,各类“角”的范围汇总
MATH,利用不等式的性质求数-式-的范围,同向相加求范围时的误差放大问题
MATH,利用不等式的性质求数-式-的范围,用不等式性质求代数式范围的两个陷阱
MATH,利用不等式的性质求数-式-的范围,用待定系数法求代数式的取值范围
MATH,利用不等式的性质求数-式-的范围,由不等式性质求取值范围（范围传递）
MATH,利用元素与集合的关系求参数,与切线有关的参数问题（三个关系列方程）
MATH,利用元素与集合的关系求参数,利用 aₙ 与 Sₙ 的关系求通项
MATH,利用元素与集合的关系求参数,利用共轭与模的关系求复数
MATH,利用元素与集合的关系求参数,容斥原理之集合中元素个数
MATH,利用元素与集合的关系求参数,由元素与集合关系求参数须验互异性
MATH,利用元素与集合的关系求参数,由元素特性求参数值
MATH,利用元素与集合的关系求参数,由集合关系求参数的数轴法
MATH,利用元素与集合的关系求参数,由集合包含关系求参数的三步与空集讨论
MATH,利用元素与集合的关系求参数,由集合相等（双向包含）求参数
MATH,利用元素与集合的关系求参数,空集是任何集合的子集
MATH,利用元素与集合的关系求参数,集合与元素
MATH,利用元素与集合的关系求参数,集合求参切勿遗漏空集
MATH,利用元素与集合的关系求参数,集合的分类：有限集、无限集、空集
MATH,利用充分必要条件求参数,A的充分不必要条件是B的语句辨析
MATH,利用充分必要条件求参数,充分必要条件与集合的包含关系
MATH,利用充分必要条件求参数,共线向量条件的双向应用（含参数）
MATH,利用充分必要条件求参数,根据充分必要条件求参数的步骤
MATH,利用充分必要条件求参数,用集合包含关系判定充分必要条件
MATH,利用充分必要条件求参数,由充分必要条件求参数的取值范围
MATH,利用充分必要条件求参数,由充分必要条件求参数的转化
MATH,利用充分必要条件求参数,由充分必要条件求参数的转化思路
MATH,利用充分必要条件求参数,由充分必要条件求参数（集合法）
MATH,利用充分必要条件求参数,由数列递增（递减）条件求参数范围
MATH,利用充分必要条件求参数,直线与圆相切条件求参数
MATH,利用函数的单调性求参数,利用单调性求参数取值范围的思路
MATH,利用函数的单调性求参数,幂函数解析式与参数的求法
MATH,利用函数的单调性求参数,由单调性求参数的三种情形
MATH,利用函数的单调性求参数,由单调性求参数的两种等价转化
MATH,利用函数的单调性求参数,由单调性求参数的转化原则
MATH,利用函数的单调性求参数,由抽象函数的单调性求参数
MATH,利用前n项和与通项的关系求通项,由前n项和求通项的方法
MATH,利用单调性解不等式时忽略定义域致错,“积、和”混合解不等式型及系数比陷阱
MATH,利用单调性解不等式时忽略定义域致错,利用单调性比较大小与解不等式
MATH,利用单调性解不等式时忽略定义域致错,利用单调性求 ω 思路2：整体法子区间包含
MATH,利用单调性解不等式时忽略定义域致错,抽象不等式借助单调性求解
MATH,利用单调性解不等式时忽略定义域致错,抽象函数不等式的求解（脱 f 法）
MATH,利用单调性解不等式时忽略定义域致错,数列不等式证明的四类放缩
MATH,利用向量法解二面角问题的策略,二面角为钝角时余弦取负值
MATH,利用向量法解二面角问题的策略,二面角法向量的“同进同出、一进一出”
MATH,利用向量法解二面角问题的策略,二面角锐钝的判断
MATH,利用向量法解二面角问题的策略,先设长度参数再用数量积求余弦
MATH,利用向量法解二面角问题的策略,共零点问题的分类处理策略
MATH,利用向量法解二面角问题的策略,向量法解决几何问题的三步曲
MATH,利用向量法解二面角问题的策略,在面上作垂线确定 z 轴后建系求二面角
MATH,利用向量法解二面角问题的策略,平面与平面夹角的定义与法向量公式
MATH,利用向量法解二面角问题的策略,折叠体中用向量法求二面角的正弦值
MATH,利用向量法解二面角问题的策略,法向量夹角与二面角的正弦值（注意取正）
MATH,利用向量法解二面角问题的策略,法向量方向与二面角大小的对应关系
MATH,利用向量法解二面角问题的策略,用两个平面的法向量求二面角
MATH,利用向量法解二面角问题的策略,用向量求二面角与平面间的夹角
MATH,利用向量法解二面角问题的策略,用向量法求二面角与平面夹角
MATH,利用向量法解二面角问题的策略,用向量法求平面与平面的夹角
MATH,利用向量法解二面角问题的策略,用向量法解二面角的两种策略
MATH,利用向量法解二面角问题的策略,由三线两两垂直建系求二面角的正弦值
MATH,利用向量法解二面角问题的策略,由面面垂直确定竖轴后求二面角（翻折模型）
MATH,利用向量法解二面角问题的策略,空间向量求二面角与法向量方向的判断
MATH,利用向量法解二面角问题的策略,给值求角问题的策略
MATH,利用向量法解二面角问题的策略,翻折后求二面角的正弦值（建系求法向量）
MATH,利用基本不等式求最值,三棱锥体积最大值中凑“两线段和为定值”
MATH,利用基本不等式求最值,两线段之和为定值时三棱锥体积的最大值
MATH,利用基本不等式求最值,乘 1 法与拆项配凑求条件最值
MATH,利用基本不等式求最值,二次比一次型分式的最值
MATH,利用基本不等式求最值,凑项配凑法求最值
MATH,利用基本不等式求最值,利用基本不等式求最值的五种方法
MATH,利用基本不等式求最值,利用基本不等式求最值的四种方法
MATH,利用基本不等式求最值,含参条件等式的因式分解定型法
MATH,利用基本不等式求最值,基本不等式与恒成立（有解）问题的结合
MATH,利用基本不等式求最值,基本不等式求最值的“一正二定三相等”
MATH,利用基本不等式求最值,基本不等式求最值的凑、拆、除、代、解五技巧
MATH,利用基本不等式求最值,基本不等式求最值的常用方法与技巧
MATH,利用基本不等式求最值,基本不等式求最值的构造模型
MATH,利用基本不等式求最值,基本不等式的常数代换法与消元法
MATH,利用基本不等式求最值,基本不等式的表述与取等条件
MATH,利用基本不等式求最值,展开式系数最大值：相邻项系数比较不等式组
MATH,利用基本不等式求最值,把条件化为正切方程后用基本不等式求最值
MATH,利用基本不等式求最值,最值定理与三种常用方法
MATH,利用基本不等式求最值,权方和不等式求分式最值
MATH,利用基本不等式求最值,条件 ab=a+b 型最值的两种改写
MATH,利用基本不等式求最值,条件等式中平方平均的放缩求最值
MATH,利用基本不等式求最值,消元法与不等式法求最值
MATH,利用基本不等式求最值,用基本不等式搭桥求最值
MATH,利用基本不等式求最值,用基本不等式求三角形中的最值
MATH,利用基本不等式求最值,用基本不等式求最值与 1 的代换
MATH,利用基本不等式求最值,由奇偶性与单调性脱去函数符号后再用基本不等式
MATH,利用基本不等式求最值,直接法求最值的基本类型
MATH,利用基本不等式求最值,直接用基本不等式：积为定值求最小值（配凑积不变）
MATH,利用基本不等式求最值,积定和最小与和定积最大
MATH,利用基本不等式求最值,线性条件下的凑配与 1 的代换
MATH,利用基本不等式求最值,线段比最小值：把目标式整理成基本不等式结构
MATH,利用基本不等式求最值,线面角正弦的最大值（用基本不等式）
MATH,利用基本不等式求最值,角平分线条件下求面积最小值
MATH,利用基本不等式求最值,配凑法求最值
MATH,利用基本不等式求最值,面积平分线段最短的分类讨论模型
MATH,利用基本不等式求最值,齐次平方比化角后换元用基本不等式
MATH,利用复数相等求参数,利用复数相等求参数的步骤
MATH,利用复数相等求参数,结合共轭与虚根成对求参数
MATH,利用奇偶性与单调性解不等式,利用奇偶性与单调性解抽象不等式
MATH,利用奇偶性与单调性解不等式,用奇偶性加单调性解抽象不等式
MATH,利用奇偶性求值-将待求函数值或不等式利用奇偶性转化为已知区间上的函数值求解,利用奇偶性求函数值与参数
MATH,利用奇偶性求值-将待求函数值或不等式利用奇偶性转化为已知区间上的函数值求解,奇偶性在求值、解析式与求参中的应用
MATH,利用奇偶性求值-将待求函数值或不等式利用奇偶性转化为已知区间上的函数值求解,用奇偶性求对称区间的解析式与零点个数
MATH,利用奇偶性求参数,由奇偶性求参数的两条路径
MATH,利用奇偶性求解析式,利用奇偶性求解析式与补全定义
MATH,利用奇偶性求解析式,用奇偶性求对称区间的解析式
MATH,利用导数求函数极值的方法步骤,函数极值的第二判定定理
MATH,利用导数求函数极值的方法步骤,利用导数比较大小
MATH,利用导数求函数极值的方法步骤,极值与最值的判别条件
MATH,利用导数求函数极值的方法步骤,极值的判定：导数变号
MATH,利用导数求函数极值的方法步骤,用导数求函数极值的一般步骤
MATH,利用导数求函数极值的方法步骤,用导数求函数极值的步骤
MATH,利用导数求函数极值的方法步骤,用导数求极值的一般步骤
MATH,利用导数求函数极值的方法步骤,由“三个极值点”求参数范围（化为两图象交点）
MATH,利用导数求函数极值的方法步骤,由切线条件求参数并数极值点个数
MATH,利用导数研究函数的最值,函数的最值及其求法
MATH,利用导数研究函数的最值,利用导数研究单调性三步法：找核心→定正负→写区间
MATH,利用导数研究函数的最值,利用导数研究单调性的步骤
MATH,利用导数研究函数的最值,含绝对值的分段函数求最值
MATH,利用导数研究函数的最值,概率统计与导数的综合：利润最值问题
MATH,利用导数研究函数的最值,用导数求函数最值的方法
MATH,利用导数研究函数的最值,用导数求函数最值的策略
MATH,利用导数研究函数的最值,用导数求闭区间上最值的步骤
MATH,利用导数研究函数的最值,闭区间上函数最值需比较极值点与区间端点处的函数值
MATH,利用导数研究函数的最值,闭区间上函数的最值与极值的区别
MATH,利用导数研究函数的最值,闭区间上求函数最值的步骤
MATH,利用导数研究函数的最值,闭区间上求最值的步骤
MATH,利用导数研究单调性的易错点,导数法研究单调性的三类易错点
MATH,利用空间向量求空间距离,异面直线间距离的四种求法
MATH,利用空间向量求空间距离,点到直线距离的向量公式
MATH,利用空间向量求空间距离,用空间向量求点到直线与点到平面的距离
MATH,利用空间向量求空间距离,用空间向量求点线距与点面距
MATH,利用空间向量求空间距离,空间向量求点线距离（投影法）
MATH,利用空间向量求空间距离,空间向量求点面距（法向量法）
MATH,利用空间向量解决探索性问题,向量法解探索性问题
MATH,利用空间向量解决探索性问题,探索性问题：先设后证
MATH,利用空间向量解决探索性问题,用向量法处理“是否存在点”的探索性问题
MATH,利用空间向量解决探索性问题,用向量运算判断“存在点”并求截面面积
MATH,利用空间向量解决探索性问题,用基底表示动点位置并分类讨论
MATH,利用空间向量解决探索性问题,用空间向量基本定理确定分点位置
MATH,利用空间向量解决探索性问题,由垂直条件列数量积方程求参数与线段长
MATH,利用空间向量解决探索性问题,空间向量处理探索性问题的两类思路
MATH,利用空间向量解决探索性问题,立体几何探索性问题的向量法思路
MATH,利用空间向量解决最值范围问题,动点相关综合问题的建系化归
MATH,利用空间向量解决最值范围问题,向量法解最值与范围问题
MATH,利用空间向量解决最值范围问题,圆锥曲线最值与范围问题
MATH,利用空间向量解决最值范围问题,把角的三角函数化为参数的函数求最值
MATH,利用空间向量解决最值范围问题,空间几何中最值范围问题的处理框架
MATH,利用空间向量解决最值范围问题,空间向量解决最值范围问题的三条思路
MATH,利用空间向量证明垂直的方法,用向量证明两直线垂直
MATH,利用空间向量证明垂直的方法,用数量积为零证明异面直线垂直
MATH,利用空间向量证明垂直的方法,用空间向量证明垂直关系的方法
MATH,利用空间向量证明垂直的方法,空间向量证线线垂直
MATH,利用空间向量证明垂直的方法,空间向量证线线平行：方向向量共线
MATH,利用空间向量证明垂直的方法,空间向量证线面垂直
MATH,利用空间向量证明垂直的方法,空间向量证线面平行的三种途径
MATH,利用空间向量证明垂直的方法,空间向量证面面垂直
MATH,利用空间向量证明垂直的方法,空间向量证面面平行
MATH,利用空间向量证明垂直的方法,证明线面垂直的两种向量思路
MATH,利用空间向量证明垂直的方法,证明面面垂直的两种向量思路
MATH,利用空间向量证明平行的方法,坐标法证明两直线平行的步骤
MATH,利用空间向量证明平行的方法,用空间向量证明平行关系的方法
MATH,利用空间向量证明平行的方法,用空间向量证明平行的三类思路
MATH,利用集合间的关系求参数,子集求参的思维顺序：从空集开始到自身结束
MATH,利用集合间的关系求参数,由 A⊆B 求参数的逐元素检验法
MATH,利用集合间的关系求参数,由集合关系与运算结果求参数范围
MATH,利用集合间的关系求参数,由集合关系求参数的分类讨论与数形结合
MATH,利用集合间的关系求参数,由集合关系求参数的方法
MATH,利用集合间的关系求参数,由集合间的关系求参数的方法与易错点
MATH,利用集合间的关系求参数,由集合间的关系求参数的解题方法
MATH,利用面面平行的定义,面面平行的判定与性质
MATH,利用面面平行的定义,面面平行的性质定理
MATH,前n项和公式法-为常数为等差数列,数列放缩：先求和后放缩
MATH,前n项和公式法-为常数为等差数列,数列求通项的公式法
MATH,前n项和公式法-为常数为等差数列,等差数列前n项和的函数特性
MATH,前n项和公式法-为常数为等差数列,等差数列的判断与证明方法
MATH,前n项积求通项,由前n项积求数列通项
MATH,前项和公式法-若数列的前项和-则该数列是等比数列,等比数列的前 n 项和公式
MATH,割补法求空间几何体的体积,用割补法求空间几何体的体积
MATH,割补法求空间几何体的体积,补形法：补台成锥处理台体问题
MATH,动态几何体的最大球临界模型,几何体转动的临界球模型
MATH,动态几何体的最大球临界模型,圆柱内放置等球须系统枚举排列方式
MATH,动态几何体的最大球临界模型,圆锥内两球外切的轴截面处理
MATH,动态几何体的最大球临界模型,多个球叠切问题的处理思路
MATH,动态几何体的最大球临界模型,容器内放入等球时半径最大值的分类讨论
MATH,动态几何体的最大球临界模型,正四面体内大球与小球半径的相似关系
MATH,动点轨迹的确定,到定点距离为定值的轨迹（圆弧长）
MATH,动点轨迹的确定,动点与定平面平行时轨迹区域的面积
MATH,动点轨迹的确定,动点轨迹的确定与升维法
MATH,动点轨迹的确定,动点轨迹问题的两类题型与两种思路
MATH,动点轨迹的确定,向量模的取值范围与动点轨迹
MATH,动点轨迹的确定,由几何性质判断轨迹类型（定义法）
MATH,动点轨迹的确定,由周长为定值求顶点轨迹
MATH,动点轨迹的确定,空间中到定直线距离为定值的轨迹（斜截圆柱得椭圆）
MATH,动点轨迹的确定,空间中的动点轨迹与曲线类型
MATH,动点轨迹的确定,空间距离条件转化为平面距离求轨迹长
MATH,动点轨迹的确定,立体几何中动点轨迹的判定
MATH,动点轨迹的确定,立体几何中动点轨迹的判断示例
MATH,动点轨迹的确定,等角条件的轨迹与建系法
MATH,动点问题处理策略,与动点相关的综合问题：建系法
MATH,动点问题处理策略,主动点法与化归到圆心
MATH,动点问题没有取舍,动点轨迹问题的两种思路
MATH,动点问题没有取舍,动点问题结果的取舍
MATH,半周期推导周期,半周期推导函数周期
MATH,半角公式,半角公式及其符号确定
MATH,半角公式,半角公式及其符号规律
MATH,半角公式,半角公式的两种形式
MATH,单变量不等式恒成立问题,单变量不等式有解（存在性）问题的转化
MATH,单变量不等式恒成立问题,多变量导数问题先化多变量为单变量
MATH,单变量不等式恒成立问题,恒成立与能成立问题的四种转化
MATH,单变量不等式恒成立问题,恒成立问题的四种处理策略
MATH,单变量不等式恒成立问题,比值代换法化双变量为单变量
MATH,单调函数的定义,单调函数的定义与单调区间
MATH,单调函数的定义,增函数、减函数与单调区间
MATH,参数化动点的轨迹分析,参数表示下的动点轨迹分析法
MATH,参数化动点的轨迹分析,用向量的线性表示判断动点轨迹及定值问题
MATH,双变量不等式恒成立问题,双变量不等式恒成立与存在性的四种类型
MATH,双变量不等式恒成立问题,双变量任意存在问题的值域转化
MATH,双变量不等式恒成立问题,双变量同构法
MATH,双变量不等式恒成立问题,双变量恒（能）成立的四种转化
MATH,双变量不等式恒成立问题,双变量问题的三类题型与技巧
MATH,双变量不等式恒成立问题,双变量问题的对数均值处理逻辑
MATH,双变量不等式恒成立问题,双变量问题的换元法（对称式齐次化）
MATH,双变量不等式恒成立问题,双变量问题的消元法
MATH,双变量不等式恒成立问题,破解双参数不等式的方法
MATH,双变量不等式恒成立问题,齐次消元法处理双变量不等式
MATH,双变量问题的题型与解法,双变量存在与任意型问题
MATH,双变量问题的题型与解法,双变量最值或范围型（同构类）
MATH,双变量问题的题型与解法,双变量最值或范围型（解答类）
MATH,双变量问题的题型与解法,双变量问题的两点型
MATH,双变量问题的题型与解法,反解代入消元法
MATH,双外心模型求外接球,切瓜模型与双半径单交线
MATH,双外心模型求外接球,双外心模型求外接球半径
MATH,双外心模型求外接球,双外心法定位外接球球心
MATH,双外心模型求外接球,双面定球心法（双外心模型）
MATH,双外心模型求外接球,定义法（垂面法）确定外接球球心
MATH,双外心模型的证明,双外心模型公式的推导
MATH,双曲函数,双曲函数及其与三角函数的类比
MATH,双曲线,共轭双曲线的性质对比
MATH,双曲线,双曲线中 e 与 b/a 的互化公式
MATH,双曲线,双曲线中点弦斜率积结论 k_AB·k_OM
MATH,双曲线,双曲线标准方程的两种求法
MATH,双曲线,双曲线焦点弦长公式
MATH,双曲线,双曲线的光学性质
MATH,双曲线,双曲线的几何性质与七条拓展结论
MATH,双曲线,双曲线的定义与轨迹判定
MATH,双曲线,双曲线的定义与轨迹的三种情形
MATH,双曲线,双曲线的常用结论
MATH,双曲线,双曲线的标准方程与几何性质
MATH,双曲线,双曲线第三定义斜率积结论
MATH,双曲线,用渐近线判断直线与双曲线的交点个数
MATH,双曲线焦半径公式,双曲线的三个常用结论
MATH,双曲线焦半径公式,双曲线的焦半径公式
MATH,双曲线焦半径公式,双曲线的焦半径范围与两支讨论
MATH,双曲线焦半径公式,双曲线的第二定义与焦半径公式
MATH,双曲线焦半径公式,椭圆与双曲线的坐标式焦半径公式
MATH,双曲线焦点三角形,几何推理结合焦点三角形求离心率
MATH,双曲线焦点三角形,双曲线焦点三角形中的定义与余弦定理
MATH,双曲线焦点三角形,双曲线焦点三角形的性质
MATH,双曲线焦点三角形,双曲线焦点三角形的面积
MATH,双曲线焦点三角形,双曲线焦点三角形的面积公式
MATH,双曲线焦点三角形,双曲线焦点三角形面积的求法
MATH,双曲线的渐近线,与已知双曲线共渐近线的方程设法
MATH,双曲线的渐近线,与已知曲线共渐近线、共焦点的方程设法
MATH,双曲线的渐近线,共渐近线的双曲线系与渐近线夹角
MATH,双曲线的渐近线,双曲线中点弦所在直线的斜率公式
MATH,双曲线的渐近线,双曲线的两个距离结论
MATH,双曲线的渐近线,双曲线的几何性质
MATH,双曲线的渐近线,双曲线的几何性质与渐近线
MATH,双曲线的渐近线,双曲线的定义
MATH,双曲线的渐近线,双曲线的渐近线及其常用结论
MATH,双曲线的渐近线,双曲线的渐近线及其应用
MATH,双曲线的渐近线,双曲线的渐近线及相关结论
MATH,双曲线的渐近线,双曲线的渐近线方程与常用结论
MATH,双曲线的渐近线,双曲线的特征三角形与焦渐距
MATH,双曲线的渐近线,对勾函数的渐近线、极值点与系数符号
MATH,双曲线的渐近线,方差决定正态曲线的胖瘦高矮
MATH,双曲线的渐近线,椭圆与双曲线的焦半径与通径
MATH,双曲线的渐近线,椭圆与双曲线的通径长 2b²/a
MATH,双曲线的渐近线,渐近线与抛物线相切求离心率
MATH,双曲线的渐近线,由渐近线设双曲线方程
MATH,双曲线的渐近线,等轴双曲线与共轭双曲线
MATH,双曲线的渐近线,等轴双曲线与渐近线垂直
MATH,双曲线的离心率,双曲线焦点三角形离心率的正弦定理公式
MATH,双曲线的离心率,双曲线的离心率及其几何意义
MATH,双曲线的离心率,双曲线离心率的计算
MATH,双曲线的离心率,离心率取值范围——圆锥曲线自身性质与坐标范围
MATH,反函数,反函数的概念与性质
MATH,反函数模型求方程解之和,反函数模型的三点易错提醒
MATH,反函数模型求方程解之和,反函数模型的对称性原理
MATH,反函数模型求方程解之和,用单调性保证方程解唯一
MATH,反函数模型求方程解之和,识别互为反函数的函数对
MATH,取倒数法-an-1-p-q-r是常数-可变形为,倒数大小的转化结论
MATH,取倒数法求数列通项,分式结构递推的取倒数解法
MATH,取倒数法求数列通项,取倒数法与取对数法求通项
MATH,取倒数法求数列通项,取倒数法处理分式型递推
MATH,取倒数法求数列通项,取倒数法处理分式递推
MATH,取倒数法求数列通项,取倒数法求通项
MATH,取倒数法求数列通项,用倒数变换法处理分式递推
MATH,古典概型,分步计数处理古典概型问题
MATH,古典概型,列举法在古典概型中的应用
MATH,古典概型,古典概型与等可能事件概率
MATH,古典概型,古典概型及其两个特点
MATH,古典概型,古典概型的两个特征
MATH,古典概型,古典概型的概率公式
MATH,古典概型,古典概型的求解步骤
MATH,古典概型,古典概型的特征与概率公式
MATH,古典概型,摸球类古典概型的计数易错点
MATH,古典概型,等可能事件的概率
MATH,同构法,与指数对数相关的同构模型
MATH,同构法,双变量函数同构
MATH,同构法,同构中的“凑指数”技巧
MATH,同构法,同构函数法处理双变量问题
MATH,同构法,同构变形与常见同构模型
MATH,同构法,同构构造函数的三种类型
MATH,同构法,同构法处理存在性成立问题
MATH,同构法,同构法构造函数
MATH,同构法,同构法的变形方向与应用
MATH,同构法,同构法的含义与三类构造形式
MATH,同构法,同构法的含义与解题步骤
MATH,同构法,同构法的商差型与无中生有构造
MATH,同构法,同构法解题示范：化为 e 的指数形式
MATH,同构法,同构法：化为同一个单调函数的值
MATH,同构法,同构法：地位同等与指对跨阶同构
MATH,同构法,地位同等同构型
MATH,同构法,地位同等同构型问题
MATH,同构法,导数中同构问题的两类基本情形
MATH,同构法,指对同构的三大模型
MATH,同构法,指对同构的三种基本模型
MATH,同构法,指对同构的三种基本类型（积型、商型、和差型）
MATH,同构法,指对同构的三种结构
MATH,同构法,指对同构的两条核心前提
MATH,同构法,指对同构的常用母函数与选择
MATH,同构法,指对同构的易错点与避坑技巧
MATH,同构法,指对同构的核心变形技巧
MATH,同构法,指对同构的核心本质
MATH,同构法,指对同构的解题要诀
MATH,同构法,指对同构零点型的定义
MATH,同构法,指对同构零点型的适用场景
MATH,同构法,指对同构零点型的通用解题步骤
MATH,同构法,指对跨阶同构型
MATH,同构法,指对跨阶同构型问题
MATH,同构法,指对跨阶同构的三种构造方式
MATH,同构法,朗博同构（幂函数乘指数）
MATH,同构法,构造函数比较大小
MATH,同构法,零点同构型
MATH,同角三角函数的基本关系,sinα、cosα、tanα 的知一求二
MATH,同角三角函数的基本关系,三角与数列交汇的 tan² 递推
MATH,同角三角函数的基本关系,三角函数值域的三种基本类型
MATH,同角三角函数的基本关系,三角函数式化简的五大策略
MATH,同角三角函数的基本关系,三角形内角和的三角函数关系
MATH,同角三角函数的基本关系,三角求值忽略隐含范围致错
MATH,同角三角函数的基本关系,两式平方相加消元
MATH,同角三角函数的基本关系,共零点法的基本原理
MATH,同角三角函数的基本关系,同角三角函数关系的基本题型与解题步骤
MATH,同角三角函数的基本关系,同角三角函数基本关系及常用变形
MATH,同角三角函数的基本关系,同角三角函数的商数关系
MATH,同角三角函数的基本关系,同角三角函数的基本关系与变形
MATH,同角三角函数的基本关系,同角三角函数的基本关系与常用变形
MATH,同角三角函数的基本关系,同角三角函数的基本关系与弦切互化
MATH,同角三角函数的基本关系,同角三角函数的基本关系与用途
MATH,同角三角函数的基本关系,同角三角函数的基本关系式
MATH,同角三角函数的基本关系,同角三角函数的基本关系式及其变形
MATH,同角三角函数的基本关系,同角三角函数的平方关系
MATH,同角三角函数的基本关系,同角三角函数的平方关系与商数关系
MATH,同角三角函数的基本关系,同角关系“知一求二”的操作流程
MATH,同角三角函数的基本关系,同角关系与诱导公式的使用要点
MATH,同角三角函数的基本关系,同角关系与诱导公式的易误点
MATH,同角三角函数的基本关系,同角关系式的三类应用技巧
MATH,同角三角函数的基本关系,和差积互化与齐次式求值
MATH,同角三角函数的基本关系,平方关系开方时的符号判断
MATH,同角三角函数的基本关系,平面的基本事实与推论
MATH,同角三角函数的基本关系,正余弦“三剑客”知一求二
MATH,同角三角函数的基本关系,球的截面圆的直角三角形解法
MATH,同角三角函数的基本关系,由已知三角函数值求值时忽略角的范围
MATH,同角三角函数的基本关系,由正切求正弦与余弦
MATH,同角三角函数的基本关系,由边角关系判断三角形形状
MATH,同角三角函数的基本关系,知一求二与齐次式求值
MATH,同角三角函数的基本关系,知一求二的两步流程
MATH,同角三角函数的基本关系,知一求二：正弦与余弦的和差积互化
MATH,同角三角函数的基本关系,齐次式化切求值
MATH,向量共线定理,共线判定中的四类易错点
MATH,向量共线定理,共线向量定理与常用结论
MATH,向量共线定理,共线向量定理及其应用
MATH,向量共线定理,共线向量定理的三种等价形式
MATH,向量共线定理,共线向量定理的几何与坐标两形式
MATH,向量共线定理,共线向量的坐标判定
MATH,向量共线定理,共线条件的坐标形式与基底形式求参数
MATH,向量共线定理,共线问题的四个提速技巧
MATH,向量共线定理,共线问题的线性运算化简与空间推广
MATH,向量共线定理,内角平分线定理
MATH,向量共线定理,向量共线与三点共线的坐标表示
MATH,向量共线定理,向量共线定理与三点共线
MATH,向量共线定理,向量共线定理与共线求参的方法
MATH,向量共线定理,向量共线定理与常用结论
MATH,向量共线定理,向量共线的坐标表示与求参数
MATH,向量共线定理,平行向量（共线向量）
MATH,向量共线定理,应用共线定理时的三类易错点
MATH,向量共线定理,易错：向量共线与点共线
MATH,向量共线定理,用共线向量定理处理共线与三点共线
MATH,向量共线定理,用共线定理证明 a+b 与 a−b 的共线关系
MATH,向量共线定理,由共线条件求参数的步骤
MATH,向量共线定理,由共线求参数的三种途径
MATH,向量共线定理,空间共线向量定理
MATH,向量共线定理,零向量与任意向量共线（垂直）须单独讨论
MATH,向量共线定理,零向量的特殊性
MATH,向量在物理中的应用,速度、位移与动量中的向量运算
MATH,向量法解平面几何问题,用向量求几何中的长度、角度与面积
MATH,向量法解平面几何问题,用向量证明两条直线平行
MATH,向量法解平面几何问题,用向量证明线段的平行与垂直
MATH,向量的模与夹角,向量夹角的判断与计算
MATH,向量的模与夹角,向量条件的平方化处理
MATH,向量的模与夹角,向量模与夹角的计算思路
MATH,向量的模与夹角,向量模的计算方法
MATH,向量的模与夹角,向量的夹角
MATH,向量的模与夹角,夹角公式的坐标形式
MATH,向量的模与夹角,数量积在垂直、夹角与模中的应用
MATH,向量的模与夹角,用向量求线段长度的方法
MATH,向量的模与夹角,用数量积求向量夹角的步骤
MATH,向量的模与夹角,用数量积求模长与模长最值
MATH,含参一元二次不等式的解法,一元二次（分式）不等式的解法
MATH,含参一元二次不等式的解法,二次函数、二次方程与二次不等式的关系
MATH,含参一元二次不等式的解法,分式不等式的解法与分式函数对称中心
MATH,含参一元二次不等式的解法,含参一元二次不等式的三层分类讨论
MATH,含参一元二次不等式的解法,含参一元二次不等式的三级讨论法
MATH,含参一元二次不等式的解法,含参一元二次不等式的分类讨论
MATH,含参一元二次不等式的解法,含参一元二次不等式的讨论策略
MATH,含参一元二次不等式的解法,含参不等式的分类讨论
MATH,含参一元二次不等式的解法,含参数一元二次不等式的讨论依据
MATH,含参一元二次不等式的解法,简单指数、对数不等式的解法
MATH,含参一元二次不等式的解法,证明含参不等式的常数化整理
MATH,含参一元二次不等式的解法,高次不等式的数轴穿根法
MATH,含参三角函数求值,含参数或范围问题的分类讨论
MATH,含参函数的单调性讨论,含参函数单调性的分类讨论
MATH,含参函数的单调性讨论,含参函数单调性的分类讨论流程
MATH,含参函数的单调性讨论,含参函数单调性的讨论方法
MATH,含参函数的单调性讨论,含参函数单调性的讨论策略
MATH,含参函数的单调性讨论,含参函数单调性讨论的三个依据
MATH,含参函数的单调性讨论,含参函数讨论单调性的五步
MATH,含参函数的单调性讨论,含参数单调性的分类讨论
MATH,含参函数的单调性讨论,含参数单调性的讨论步骤
MATH,含参函数的单调性讨论,由导数符号讨论含参函数的单调性
MATH,含参数三角函数的最值问题,含参数三角函数最值的求解与参数讨论
MATH,周期函数的定义,周期函数的复合与公共周期
MATH,周期函数的定义,周期函数的定义与求值应用
MATH,周期数列的常见形式,分段递推产生周期数列
MATH,周期数列的常见形式,列举项判断数列的周期
MATH,周期数列的常见形式,周期数列的常见形式与求法
MATH,周期数列的常见形式,周期数列的求解方法
MATH,周期数列的常见形式,数列周期性问题的解题策略
MATH,命题,公理、定理与定义
MATH,命题,含量词命题的真假判断
MATH,命题,命题的定义与真假
MATH,命题,命题的结构：若p则q
MATH,命题的否定-对命题p加以否定-得到一个新的命题-记作-读作-非p-或p的否定,不等式命题的特值否定法
MATH,命题的否定-对命题p加以否定-得到一个新的命题-记作-读作-非p-或p的否定,全称量词与存在量词命题的否定
MATH,命题的否定-对命题p加以否定-得到一个新的命题-记作-读作-非p-或p的否定,含一个量词的命题的否定
MATH,命题的否定-对命题p加以否定-得到一个新的命题-记作-读作-非p-或p的否定,含有一个量词的命题的否定
MATH,命题的否定-对命题p加以否定-得到一个新的命题-记作-读作-非p-或p的否定,含量词命题的否定与真假相反
MATH,命题的否定-对命题p加以否定-得到一个新的命题-记作-读作-非p-或p的否定,含量词命题的否定方法
MATH,命题的否定-对命题p加以否定-得到一个新的命题-记作-读作-非p-或p的否定,命题的否定及含量词命题的否定
MATH,命题的否定-对命题p加以否定-得到一个新的命题-记作-读作-非p-或p的否定,常见正面词语的否定
MATH,命题的否定-对命题p加以否定-得到一个新的命题-记作-读作-非p-或p的否定,量词命题的否定
MATH,命题的否定-对命题p加以否定-得到一个新的命题-记作-读作-非p-或p的否定,量词命题的否定规律
MATH,和数列与积数列的通项,和数列与积数列的隔项通项
MATH,四个公理,公理 4：平行线的传递性
MATH,四个公理,四个基本事实与三个推论
MATH,四个公理,平面的基本事实与三个推论
MATH,四个公理,空间四个基本事实及推论
MATH,四平方和定理,四平方和定理（拉格朗日）
MATH,四心与极化恒等式、奔驰定理的速用技巧,四心判断、极化恒等式与奔驰定理的速用技巧
MATH,回归分析,一元线性回归方程的求法
MATH,回归分析,一元线性回归模型与残差
MATH,回归分析,回归分析与独立性检验的解题技巧
MATH,回归分析,样本相关系数与经验回归方程
MATH,回归分析,相关关系与样本相关系数
MATH,回归分析,相关系数与散点图判断线性相关
MATH,回归分析,线性回归中的相关系数与拟合效果
MATH,回归分析,线性回归分析的解题步骤
MATH,回归分析,非线性回归的换元线性化与求解步骤
MATH,圆中最值的常用结论,圆中距离与弦长最值的常用结论
MATH,圆中的定值问题,圆中定值问题的处理方法
MATH,圆中的定点与定值问题,圆中定点问题的一般解法
MATH,圆中的范围与最值问题,圆中范围与最值问题的四类题型
MATH,圆幂与根轴,圆幂与两圆的根轴
MATH,圆幂定理与相交弦定理,圆幂定理（相交弦、切割线）
MATH,圆的一般方程,二元二次方程表示圆的条件
MATH,圆的切线方程,与圆相切于某点的切线方程公式
MATH,圆的切线方程,切线长公式
MATH,圆的切线方程,圆的切线方程与切线性质
MATH,圆的切线方程,圆的切线方程的两个常用结论
MATH,圆的切线方程,过一点作圆的切线的条数与切线方程求法
MATH,圆的切线方程,过一点作圆的切线的条数判定
MATH,圆的切线方程,过圆上、圆外一点的切线方程与切线长
MATH,圆的切线方程,过圆上或圆外一点的切线
MATH,圆的参数方程,圆的参数方程与三角换元
MATH,圆的对称性,圆与对称图形结合的对称关联
MATH,圆的对称性,圆的中心对称与对称点转化
MATH,圆的对称性,圆的轴对称与对称轴过圆心
MATH,圆的对称性,弦的垂直平分线过圆心
MATH,圆的弦长问题,圆的弦长公式与弦的取值
MATH,圆的方程,|z−z₀|=r 表示以 Z₀ 为圆心的圆
MATH,圆的方程,两圆的公共弦问题
MATH,圆的方程,含参圆系的公切线
MATH,圆的方程,圆的一般方程与待定系数法
MATH,圆的方程,圆的一般方程与配方转化
MATH,圆的方程,圆的两种方程
MATH,圆的方程,圆的切线方程的两类求法
MATH,圆的方程,圆的参数方程与直径式方程
MATH,圆的方程,圆的参数方程及其最值应用
MATH,圆的方程,圆的定义与圆的方程
MATH,圆的方程,圆的定义与标准方程
MATH,圆的方程,圆的定义与确定条件
MATH,圆的方程,圆的性质、直径式方程与参数方程
MATH,圆的方程,圆的方程与点与圆的位置关系
MATH,圆的方程,圆的方程与过圆上一点的切线方程
MATH,圆的方程,圆的标准方程及其应用
MATH,圆的方程,圆的标准方程及其求法
MATH,圆的方程,圆系方程三种形式
MATH,圆的方程,圆系方程与两圆方程相减的含义
MATH,圆的方程,圆系方程及其用法
MATH,圆的方程,定义法求圆的方程
MATH,圆的方程,点与圆的位置关系及判定
MATH,圆的方程,直径端点圆的方程与点关于直线的对称点
MATH,圆的方程解题易错点,圆的方程解题中的易错点
MATH,圆系方程,圆系方程的常见形式
MATH,圆系方程,过交点的圆系方程与公共弦
MATH,圆系方程,过直线与圆、两圆交点的圆系方程
MATH,圆锥曲线中最值或范围问题的代数法,用代数关系求圆锥曲线的最值或范围
MATH,圆锥曲线中最值或范围问题的几何法,用几何关系求圆锥曲线的最值或范围
MATH,圆锥曲线中的向量条件转化,圆锥曲线中向量条件的转化策略
MATH,圆锥曲线中的垂直弦问题,垂直弦中的两类定点问题
MATH,圆锥曲线中的垂直弦问题,垂直弦弦长的定值与最值处理
MATH,圆锥曲线中的垂直弦问题,垂直弦构成四边形面积的处理
MATH,圆锥曲线中的定值问题,圆锥曲线中定值问题的一般处理方法
MATH,圆锥曲线中的定值问题,圆锥曲线定值问题的处理思路
MATH,圆锥曲线中的定值问题,定值问题的转化思路
MATH,圆锥曲线中的定点定值问题,参数法证线段中点为定点
MATH,圆锥曲线中的定点定值问题,定值问题的四种处理方法
MATH,圆锥曲线中的定点定值问题,直线恒过定点的两类通法
MATH,圆锥曲线中的定点问题,直线恒过定点问题的三类解法
MATH,圆锥曲线中的定点问题,证明动直线恒过定点的两条证法
MATH,圆锥曲线中的定线问题,圆锥曲线中定线问题的解题思路
MATH,圆锥曲线中的定线问题,定线问题的解题思路
MATH,圆锥曲线中的最值或范围问题,代数法建立目标函数求范围
MATH,圆锥曲线中的最值或范围问题,圆锥曲线中的范围与最值问题
MATH,圆锥曲线中的最值或范围问题,圆锥曲线最值的几何法与代数法
MATH,圆锥曲线中的最值或范围问题,对称转化求距离和的最小值
MATH,圆锥曲线中的角度问题,三角形内角平分线的比例式判定
MATH,圆锥曲线中的角度问题,有关角度类型问题的解题策略
MATH,圆锥曲线中的角度问题,用两角差的正切求角的最值
MATH,圆锥曲线中的角度问题,用直角关系转化等角
MATH,圆锥曲线中的角度问题,角平分线的证明路径
MATH,圆锥曲线中的角度问题,角度类型问题的解题策略
MATH,圆锥曲线中的角度问题,证明两个角相等的几种方法
MATH,圆锥曲线中的角度问题,证明两个角相等的四种方法
MATH,圆锥曲线中的角度问题,证明两角相等的两条路径
MATH,圆锥曲线中的角度问题,证明角平分线的四种方法
MATH,圆锥曲线中的角度问题,证明角度相等类问题的两条路径
MATH,圆锥曲线中的角度问题,钝角条件的数量积处理
MATH,圆锥曲线中的面积计算,三角形面积比的四类模型
MATH,圆锥曲线中的面积计算,三角形面积的三种模型
MATH,圆锥曲线中的面积计算,四边形面积的常见处理技巧
MATH,圆锥曲线中的面积计算,圆锥曲线中三角形面积的四种求法
MATH,圆锥曲线中的面积计算,圆锥曲线中三角形面积的求法
MATH,圆锥曲线中的面积计算,常见三角形面积模型与弦长公式
MATH,圆锥曲线中的面积计算,常见三角形面积比处理技巧
MATH,圆锥曲线中的面积计算,常见四边形面积的处理技巧
MATH,圆锥曲线中的面积计算,斜率互补时的三角形面积计算
MATH,圆锥曲线中直线过定点问题,两条垂直弦中点连线的过定点问题
MATH,圆锥曲线中直线过定点问题,证明动直线过定点的常用方法
MATH,圆锥曲线中直线过定点问题,过定点与垂直直线型的过定点问题
MATH,圆锥曲线中直线过定点问题,过曲线上一点的切线与圆相切型的过定点问题
MATH,圆锥曲线创新题,圆锥曲线创新题的四大类型与解决策略
MATH,圆锥曲线焦点三角形的常用结论,椭圆与双曲线焦点三角形的面积与离心率结论
MATH,圆锥曲线焦点弦三角形的常用结论,椭圆与双曲线焦点弦三角形的周长与弦长结论
MATH,圆锥曲线的切点弦,切点弦交点过定直线的证法
MATH,圆锥曲线的切点弦,切点弦方程
MATH,圆锥曲线的切点弦,切点弦模型：外点引切线的切点弦过定点
MATH,圆锥曲线的切点弦,圆锥曲线的切点弦方程
MATH,圆锥曲线的切线,切线联立法与角互补的证明
MATH,圆锥曲线的切线,双曲线切线与OP斜率之积
MATH,圆锥曲线的切线,双曲线的切线方程
MATH,圆锥曲线的切线,圆锥曲线的切线方程与切点弦方程
MATH,圆锥曲线的切线,圆锥曲线的切线方程（代点法）
MATH,圆锥曲线的切线,椭圆在一点处的切线方程
MATH,圆锥曲线的切线,椭圆的切线方程与导数求法
MATH,圆锥曲线的切线,用导数求抛物线的切线方程
MATH,圆锥曲线的切线,过圆外一点的切线夹角问题
MATH,圆锥曲线的切线,过圆锥曲线上一点的切线方程
MATH,圆锥曲线的弦长公式,圆锥曲线弦长公式的使用要点
MATH,圆锥曲线的弦长公式,弦长公式与设而不求
MATH,圆锥曲线的弦长公式,联立韦达与弦长公式
MATH,圆锥曲线的弦长问题,圆锥曲线的弦长公式与通径
MATH,圆锥曲线的截线性质,用平面截圆锥（圆柱）得到的截线性质
MATH,圆锥曲线的离心率问题,利用代数法找等式求离心率
MATH,圆锥曲线的离心率问题,利用定义与几何关系求离心率
MATH,圆锥曲线的综合问题,分点（距离比值型）条件确定定直线
MATH,圆锥曲线的综合问题,双曲线中最值问题的两种思路
MATH,圆锥曲线的综合问题,圆与圆锥曲线的切线方程公式
MATH,圆锥曲线的综合问题,圆过定点问题的转化思路
MATH,圆锥曲线的综合问题,圆锥曲线中定点、定值与定直线问题的解法
MATH,圆锥曲线的综合问题,圆锥曲线中的点列递推问题
MATH,圆锥曲线的综合问题,圆锥曲线大题的通用流程
MATH,圆锥曲线的综合问题,圆锥曲线定值问题的解题流程
MATH,圆锥曲线的综合问题,圆锥曲线小题的快解策略
MATH,圆锥曲线的综合问题,圆锥曲线常用结论（通径、切线、斜率积）
MATH,圆锥曲线的综合问题,圆锥曲线探索性问题的处理与中点弦斜率结论
MATH,圆锥曲线的综合问题,圆锥曲线斜率弦长面积问题的通用步骤
MATH,圆锥曲线的综合问题,圆锥曲线求值与证明的规范流程
MATH,圆锥曲线的综合问题,定值问题的处理技巧
MATH,圆锥曲线的综合问题,对称点模型：过定点的弦与对称点连线过定点
MATH,圆锥曲线的综合问题,帕斯卡定理（圆锥曲线内接六边形）
MATH,圆锥曲线的综合问题,手电筒模型：斜率之和为定值的弦过定点
MATH,圆锥曲线的综合问题,斜率为定值问题的处理技巧
MATH,圆锥曲线的综合问题,椭圆中最值问题的两种思路
MATH,圆锥曲线的综合问题,概率与统计综合问题的思路
MATH,圆锥曲线的综合问题,用平面截圆锥面得圆锥曲线
MATH,圆锥曲线的综合问题,直线与圆锥曲线相交的通用流程
MATH,圆锥曲线的综合问题,相交弦模型：动点在定直线上与斜率成倍数
MATH,圆锥曲线的综合问题,结构不良型（多选条件）问题的处理
MATH,圆锥曲线的通径,圆锥曲线的通径与最短焦点弦
MATH,圆锥曲线的通径,圆锥曲线的通径及其应用
MATH,圆锥曲线第一定义的应用,圆锥曲线的第一定义
MATH,圆锥曲线第一定义的应用,圆锥曲线第一定义的距离转化
MATH,圆锥曲线第一定义的应用,平面截圆锥所得截口曲线的判定
MATH,圆锥曲线第一定义的应用,抛物线中化折为直求最小
MATH,圆锥曲线第一定义的应用,椭圆定义与中垂线的应用
MATH,圆锥曲线第一定义的应用,用圆与圆相切求动点轨迹
MATH,圆锥曲线第一定义的应用,用定义与三角不等式求距离最值
MATH,圆锥曲线第一定义的应用,线段和差的最值问题
MATH,圆锥曲线第三定义的应用,仿射变换与第三定义的关系
MATH,圆锥曲线第三定义的应用,圆锥曲线的第三定义
MATH,圆锥曲线第三定义的应用,圆锥曲线第三定义（斜率之积为定值）
MATH,圆锥曲线第三定义的应用,斜率之积与离心率的关系
MATH,圆锥曲线第三定义的应用,斜率之积为定值的动点轨迹
MATH,圆锥曲线第三定义的应用,椭圆中关于原点对称两点与第三点的斜率乘积定值
MATH,圆锥曲线第三定义的应用,椭圆第三定义斜率积结论
MATH,圆锥曲线第三定义的应用,过原点的弦与斜率积定值
MATH,圆锥曲线第二定义的应用,圆锥曲线的第二定义
MATH,圆锥曲线第二定义的应用,椭圆与双曲线的第二定义
MATH,圆锥曲线第二定义的应用,椭圆的第二定义与准线
MATH,在棱长为的正四面体中-高-外接球半径-内切球半径,内切球半径公式
MATH,在棱长为的正四面体中-高-外接球半径-内切球半径,内切球半径的两种求法
MATH,在棱长为的正四面体中-高-外接球半径-内切球半径,内切球半径的等体积法
MATH,在棱长为的正四面体中-高-外接球半径-内切球半径,圆台内切球的存在条件与半径 R=√(r₁r₂)
MATH,在棱长为的正四面体中-高-外接球半径-内切球半径,圆台外接球方程（球心在棱台内）
MATH,在棱长为的正四面体中-高-外接球半径-内切球半径,圆台外接球方程（球心在棱台外）
MATH,在棱长为的正四面体中-高-外接球半径-内切球半径,圆柱内切球的存在条件与半径
MATH,在棱长为的正四面体中-高-外接球半径-内切球半径,圆锥内切球半径公式 R=r(l−r)/h
MATH,在棱长为的正四面体中-高-外接球半径-内切球半径,墙角型四面体的外接球半径
MATH,在棱长为的正四面体中-高-外接球半径-内切球半径,外接球球心的确定与补形法
MATH,在棱长为的正四面体中-高-外接球半径-内切球半径,外接球补形为圆台：正棱台
MATH,在棱长为的正四面体中-高-外接球半径-内切球半径,外接球补形为圆锥：正棱锥
MATH,在棱长为的正四面体中-高-外接球半径-内切球半径,对棱垂直（直角）四面体的外接球
MATH,在棱长为的正四面体中-高-外接球半径-内切球半径,对等四面体型（三组对棱相等）的外接球半径
MATH,在棱长为的正四面体中-高-外接球半径-内切球半径,建系法求外接球半径（球心坐标方程组）
MATH,在棱长为的正四面体中-高-外接球半径-内切球半径,棱长为 a 的正四面体五组结论
MATH,在棱长为的正四面体中-高-外接球半径-内切球半径,正八面体内切球：上半锥体轴截面直角三角形求 R
MATH,在棱长为的正四面体中-高-外接球半径-内切球半径,正四面体的内切球与外接球
MATH,在棱长为的正四面体中-高-外接球半径-内切球半径,正四面体的外接球与内切球半径
MATH,在棱长为的正四面体中-高-外接球半径-内切球半径,正四面体的高与外接球、内切球半径
MATH,在棱长为的正四面体中-高-外接球半径-内切球半径,正方体、长方体与球的三种关系
MATH,在棱长为的正四面体中-高-外接球半径-内切球半径,正棱柱内切球：轴截面中 R=r 且 h=2R
MATH,在棱长为的正四面体中-高-外接球半径-内切球半径,正棱锥内切球：轴截面相似三角形求半径
MATH,在棱长为的正四面体中-高-外接球半径-内切球半径,直棱柱、正棱柱、正棱锥与正四面体
MATH,在棱长为的正四面体中-高-外接球半径-内切球半径,直棱柱的外接球半径公式
MATH,在棱长为的正四面体中-高-外接球半径-内切球半径,直棱柱（三棱柱）外接球模型
MATH,在棱长为的正四面体中-高-外接球半径-内切球半径,补形法求外接球
MATH,在棱长为的正四面体中-高-外接球半径-内切球半径,长方体切割体的外接球（墙角体、鳖臑等）
MATH,在棱长为的正四面体中-高-外接球半径-内切球半径,长方体的外接球半径
MATH,在棱长为的正四面体中-高-外接球半径-内切球半径,鳖臑型四面体的外接球半径
MATH,在求函数的最值时-一定要在定义域-使实际问题有意义的自变量的取值范围-内求解,“定义域为某区间”与“在某区间上有意义”
MATH,在求函数的最值时-一定要在定义域-使实际问题有意义的自变量的取值范围-内求解,与复数有关的最值的两类方法
MATH,在求函数的最值时-一定要在定义域-使实际问题有意义的自变量的取值范围-内求解,函数定义的“任意性”与“唯一性”
MATH,在求函数的最值时-一定要在定义域-使实际问题有意义的自变量的取值范围-内求解,分段函数中求自变量的值
MATH,在求函数的最值时-一定要在定义域-使实际问题有意义的自变量的取值范围-内求解,双曲线焦半径的取值范围
MATH,在求函数的最值时-一定要在定义域-使实际问题有意义的自变量的取值范围-内求解,含参函数最值的求解流程
MATH,在求函数的最值时-一定要在定义域-使实际问题有意义的自变量的取值范围-内求解,实际问题的最优化解法
MATH,在求函数的最值时-一定要在定义域-使实际问题有意义的自变量的取值范围-内求解,平方和约束下和的最值
MATH,在求函数的最值时-一定要在定义域-使实际问题有意义的自变量的取值范围-内求解,待定系数法求线性组合的取值范围
MATH,在求函数的最值时-一定要在定义域-使实际问题有意义的自变量的取值范围-内求解,数学建模：从实际情境到模型求解与检验的五步流程
MATH,在求函数的最值时-一定要在定义域-使实际问题有意义的自变量的取值范围-内求解,构建函数模型解决实际问题的步骤
MATH,在求函数的最值时-一定要在定义域-使实际问题有意义的自变量的取值范围-内求解,根据实际问题判断函数图象
MATH,在求函数的最值时-一定要在定义域-使实际问题有意义的自变量的取值范围-内求解,椭圆定义的对称转化求周长最值
MATH,在求函数的最值时-一定要在定义域-使实际问题有意义的自变量的取值范围-内求解,横向伸缩变换中最值不变
MATH,在求函数的最值时-一定要在定义域-使实际问题有意义的自变量的取值范围-内求解,翻折问题第一步：分清翻折前后的变化量与不变量
MATH,均值不等式链,均值不等式链及等号条件
MATH,均值与方差的决策应用,用均值与方差做决策
MATH,均匀分组与分配问题,平均分组公式：mk 个不同元素平均分成 k 组
MATH,坐标旋转公式,平面向量绕起点旋转的坐标公式
MATH,垂直关系之间的转化,三棱锥中由两条“对棱垂直”判定垂心
MATH,垂直关系之间的转化,三种垂直关系的转化链
MATH,垂直关系之间的转化,垂直关系的两个结论与三种转化
MATH,垂直关系之间的转化,垂直关系的相互转化链条
MATH,垂直关系之间的转化,平行与垂直关系的综合转化路线
MATH,垂直关系之间的转化,用两个垂直条件推出线面垂直（BD⊥平面PAC）
MATH,垂直关系之间的转化,空间垂直关系的判定与性质
MATH,垂直关系之间的转化,线面垂直的三条推论
MATH,垂直关系之间的转化,翻折问题中垂直关系的重新论证（BC⊥OE）
MATH,垂直关系之间的转化,面面垂直推线面垂直的思路
MATH,垂线法求线面角-也称直接法,二面角的几何法（垂线法作平面角）
MATH,垂线法求线面角-也称直接法,几何法求线面角的求解步骤
MATH,垂线法求线面角-也称直接法,向量法求线面角
MATH,垂线法求线面角-也称直接法,垂线法求线面角
MATH,垂线法求线面角-也称直接法,截面交线的作图方法
MATH,垂面模型的建系方法,垂面模型的分类与建系路线
MATH,基本不等式,一正二定三相等
MATH,基本不等式,三元均值不等式与基本不等式链
MATH,基本不等式,两次提价方案的比较：算术平均与几何平均
MATH,基本不等式,基本不等式与“一正二定三相等”
MATH,基本不等式,基本不等式与几个重要不等式
MATH,基本不等式,基本不等式及其使用条件
MATH,基本不等式,基本不等式及其取最值的三个条件
MATH,基本不等式,基本不等式及其变形
MATH,基本不等式,基本不等式及其成立条件
MATH,基本不等式,基本不等式及其最值用法
MATH,基本不等式,基本不等式及其求最值模型
MATH,基本不等式,基本不等式易错：定值与取等
MATH,基本不等式,基本不等式求最值的条件与方法
MATH,基本不等式,基本不等式的内容、变形与使用条件
MATH,基本不等式,基本不等式的内容与使用条件
MATH,基本不等式,基本不等式的内容与成立条件
MATH,基本不等式,基本不等式的变形与比较大小
MATH,基本不等式,基本不等式的变形链与二元条件式求范围
MATH,基本不等式,基本不等式的含义与成立条件
MATH,基本不等式,基本不等式的常用结论与不等式链
MATH,基本不等式,基本不等式的条件与最值原理
MATH,基本不等式,基本不等式链与四种平均数
MATH,基本不等式,基本不等式链与糖水不等式
MATH,基本不等式,基本不等式链及其四类平均数
MATH,基本不等式,基本不等式（均值不等式）
MATH,基本不等式,常值 1 的代换求最值
MATH,基本不等式,消元法：把多元最值化为单变量
MATH,基本不等式,直角三角形中两锐角正切之和的最小值
MATH,基本不等式,算术平均与几何平均及积定和最小和定积最大
MATH,基本不等式,配凑法：凑出和为定值或积为定值
MATH,基本不等式,重要不等式与基本不等式
MATH,基本不等式的实际应用,几何图形中的最值建模
MATH,基本不等式的实际应用,分段函数求值与解不等式的思路
MATH,基本不等式的实际应用,基本不等式三种形式的选用
MATH,基本不等式的实际应用,基本不等式在实际问题中的应用
MATH,基本不等式的实际应用,基本不等式的常用变形组
MATH,基本初等函数的导数,基本初等函数的值域清单
MATH,基本初等函数的导数,基本初等函数的导数公式
MATH,基本初等函数的导数,基本初等函数的求导公式
MATH,处理空间几何体体积的基本思路,十字歇山顶型组合体的分割求体积
MATH,处理空间几何体体积的基本思路,圆台容器集水与平地降雨量的换算
MATH,处理空间几何体体积的基本思路,水位变化量与棱台体积的对应
MATH,处理空间几何体体积的基本思路,祖暅原理与组合体体积
MATH,复合函数定义域忽略内层值域与外层定义域关系致错,三角复合函数定义域的分层求法
MATH,复合函数定义域忽略内层值域与外层定义域关系致错,二次函数由值域反求区间端点
MATH,复合函数定义域忽略内层值域与外层定义域关系致错,函数建模易错点：定义域与合理性
MATH,复合函数定义域忽略内层值域与外层定义域关系致错,复合函数定义域的四个易错点
MATH,复合函数定义域忽略内层值域与外层定义域关系致错,复合函数定义域的求法
MATH,复合函数定义域忽略内层值域与外层定义域关系致错,复合函数定义域的求解规则
MATH,复合函数定义域忽略内层值域与外层定义域关系致错,定义域优先与值域的天然限制
MATH,复合函数定义域忽略内层值域与外层定义域关系致错,对数型函数定义域优先原则
MATH,复合函数定义域忽略内层值域与外层定义域关系致错,描述法中代表元素的辨析
MATH,复合函数的定义与单调性,复合函数的定义与单调性判断
MATH,复合函数的导数,复合函数求导法则与步骤
MATH,复合函数的导数,复合函数的定义与求导法则
MATH,复合函数的导数,复合函数的概念与求导法则
MATH,复合函数的导数,复合函数的求导法则
MATH,复合函数的导数,复合函数的求导法则与化简原则
MATH,复合函数的导数,复合函数的求导法则与四步法
MATH,复合函数的导数,复合函数的求导法则（链式法则）
MATH,复合函数的导数,复合函数的求导（链式法则）
MATH,复合函数的导数,复合函数的链式求导法则
MATH,复合函数的导数,复合函数的链式法则
MATH,复数的三角表示式,复数的三角表示式与辐角
MATH,复数的乘方,复数乘方运算的两条路径
MATH,复数的几何意义,与复数有关的最值：几何轨迹法
MATH,复数的几何意义,向量加减法的三角形与平行四边形法则
MATH,复数的几何意义,复平面与复数的几何意义
MATH,复数的几何意义,复平面与复数的点表示
MATH,复数的几何意义,复平面内的坐标表示与象限判断
MATH,复数的几何意义,复数、复平面点、平面向量三者一一对应
MATH,复数的几何意义,复数与平行四边形的形状判定
MATH,复数的几何意义,复数与平面向量的一一对应
MATH,复数的几何意义,复数几何意义问题的解题策略
MATH,复数的几何意义,复数加减法的几何意义
MATH,复数的几何意义,复数加减运算与模的几何意义
MATH,复数的几何意义,复数加减运算的几何意义
MATH,复数的几何意义,复数模条件转化为圆的轨迹
MATH,复数的几何意义,复数模的几何意义与轨迹
MATH,复数的几何意义,复数模的几何意义与轨迹方程
MATH,复数的几何意义,复数的几何意义与 i 的乘方周期性
MATH,复数的几何意义,复数的几何意义与向量对应
MATH,复数的几何意义,复数的几何意义与复平面
MATH,复数的几何意义,复数的几何意义与复数的模
MATH,复数的几何意义,复数的几何意义与模
MATH,复数的几何意义,复数的几何意义与模的轨迹含义
MATH,复数的几何意义,复数的几何意义与点的象限
MATH,复数的几何意义,复数的几何意义与点的轨迹
MATH,复数的几何意义,复数的几何意义与相关图形
MATH,复数的几何意义,复数的模表示点到原点的距离
MATH,复数的几何意义,数乘的几何意义与共线向量定理
MATH,复数的几何意义,用复数的几何意义求参数
MATH,复数的几何意义,由复平面内的点写出复数
MATH,复数的四则运算,复数代数形式运算的解题策略
MATH,复数的四则运算,复数加减法的法则与几何意义
MATH,复数的四则运算,复数四则运算与分母实数化
MATH,复数的四则运算,复数四则运算的方法要点
MATH,复数的四则运算,复数的加减法运算与几何意义
MATH,复数的四则运算,复数的四则运算与几何意义
MATH,复数的四则运算,复数的四则运算与常用结论
MATH,复数的四则运算,复数的四则运算法则
MATH,复数的四则运算,复数的四则运算法则与 i 的幂
MATH,复数的四则运算,复数的四则运算法则与常用结论
MATH,复数的四则运算,复数的运算法则与常用结论
MATH,复数的四则运算,复数的除法运算步骤与技巧
MATH,复数的四则运算,复数轨迹的四种基本图形
MATH,复数的四则运算,复数运算的常用结论
MATH,复数的四则运算,复数运算的常用结论与公式
MATH,复数的四则运算,复数运算的高频常用结论
MATH,复数的四则运算,奇偶函数的四则运算性质
MATH,复数的四则运算,虚数单位幂的周期性与复数运算要点
MATH,复数的方程,复数方程的求解策略
MATH,复数的概念,判定复数类型的解题步骤
MATH,复数的概念,复数概念与分类的要点
MATH,复数的概念,复数概念与运算的常见陷阱
MATH,复数的概念,复数概念的易错辨析
MATH,复数的概念,复数概念类问题的处理思路
MATH,复数的概念,复数的两个易误点
MATH,复数的概念,复数的代数形式与实部虚部
MATH,复数的概念,复数的分类与纯虚数判定
MATH,复数的概念,复数的分类条件
MATH,复数的概念,复数的定义、分类与相等条件
MATH,复数的概念,复数的有关概念与分类
MATH,复数的概念,复数的概念与代数形式
MATH,复数的概念,复数的概念与分类
MATH,复数的概念,复数的概念与复数相等
MATH,复数的概念,复数的概念与相等条件
MATH,复数的概念,复数范围内方程的根与求根公式
MATH,复数的概念,复数问题的解题策略
MATH,复数的概念,由复数的类型求参数
MATH,复数的模,与复数模有关的轨迹图形判断
MATH,复数的模,共轭复数与复数的模
MATH,复数的模,复数乘除与乘方的模
MATH,复数的模,复数方程与不等式在复平面上的图形
MATH,复数的模,复数模的三条运算性质
MATH,复数的模,复数模的求解方法
MATH,复数的模,复数模的运算性质与三角不等式
MATH,复数的模,复数的模与共轭的常用关系
MATH,复数的模,复数的模及其几何意义
MATH,复数的模,模的几何意义与模的不等式
MATH,复数的模,模的计算与轨迹最值用法
MATH,复数的模,用模的运算性质求复数的模
MATH,复数范围内一元二次方程的根,复数范围内一元二次方程根的求法
MATH,复数范围内解方程,复数范围内解一元二次方程
MATH,多变量最值问题的解题方法,多元（三元）最值问题的减元视角
MATH,多边形解三角形,含确定三角形的多边形解法
MATH,多边形解三角形,无确定三角形的多边形解法
MATH,多重受限条件的排列组合处理,多重受限条件的处理要点
MATH,多面体与旋转体,圆柱、圆锥、圆台、球的结构特征
MATH,多面体与旋转体,基本立体图形的结构特征
MATH,多面体与旋转体,平面图形绕直线旋转所得几何体的体积
MATH,多面体与旋转体,棱柱、棱锥、棱台的结构特征
MATH,多面体与旋转体,欧拉公式（多面体）
MATH,多面体与旋转体,简单组合体及其构成方式
MATH,多面体欧拉定理,多面体欧拉定理与面棱顶点计数
MATH,奇偶分类数列的递推,分段递推数列的奇偶求解
MATH,奇偶分类数列的递推,分段递推数列的奇偶项处理方法
MATH,奇偶分类数列的递推,和型与积型递推的隔项规律
MATH,奇偶分类数列的递推,构造新数列使奇偶项分别成等差
MATH,奇偶分类数列的递推,由相邻两项和的递推求 S_{2n}
MATH,奇偶分类数列的递推,相邻两项和积型递推的奇偶分列
MATH,奇偶性解题的两个易误点,奇偶性问题的两个易误点
MATH,奇偶项个数与下标变换,奇偶分段数列求和的项数计数
MATH,奇偶项分类讨论求和,奇偶项分类讨论求和的两类情形
MATH,奇常函数,奇函数加常数模型的应用
MATH,奇常函数,奇常函数的性质
MATH,奔驰定理,三角形“四心”的向量特征与奔驰定理的面积比关联
MATH,奔驰定理,奔驰定理与面积比的关系
MATH,奔驰定理,奔驰定理及与四心的面积比
MATH,奔驰定理,奔驰定理及其与三角形四心的联系
MATH,奔驰定理,奔驰定理及其与四心的关系
MATH,奔驰定理,奔驰定理及其推论
MATH,奔驰定理,奔驰定理在内心与垂心问题中的应用
MATH,奔驰定理,奔驰定理在重心与外心问题中的应用
MATH,奔驰定理,奔驰定理的内容与用法
MATH,奔驰定理,奔驰定理的系数只是比例关系
MATH,奔驰定理,奔驰定理的证明与推论
MATH,奔驰定理,面积比与向量系数（奔驰定理）
MATH,子数列问题,子数列问题的含义与求解要点
MATH,子集与集合的相等,子集、真子集与相等
MATH,子集与集合的相等,子集、真子集与集合的相等
MATH,子集与集合的相等,子集与集合相等的定义
MATH,子集与集合的相等,真子集的定义
MATH,子集与集合的相等,集合包含关系的判定
MATH,子集与集合的相等,集合的基本关系
MATH,子集与集合的相等,集合间的基本关系
MATH,子集的个数问题,n元集合的子集与真子集个数
MATH,子集的个数问题,含 n 个元素的集合的子集个数
MATH,子集的个数问题,含 n 个元素集合的子集个数
MATH,子集的个数问题,圆上到直线距离为定值的点的个数问题
MATH,子集的个数问题,子集、真子集个数的计算
MATH,子集的个数问题,子集与真子集的个数公式
MATH,子集的个数问题,子集个数公式
MATH,子集的个数问题,子集个数的计数结论
MATH,子集的个数问题,有限集合子集个数的计算
MATH,子集的个数问题,有限集合子集的个数
MATH,子集的个数问题,有限集合的子集个数
MATH,子集的个数问题,有限集的子集个数结论
MATH,子集的个数问题,用子集个数公式数“满足条件的集合”的个数
MATH,子集的个数问题,用递推数“相邻元素差大于 1”的集合个数
MATH,子集的个数问题,集合子集个数公式
MATH,子集的个数问题,集合子集个数的计数公式
MATH,子集的个数问题,集合计数问题与容斥公式
MATH,子集的个数问题,集合间的关系与子集个数公式
MATH,定义法-步骤是-一作-二证-三求,几何法求空间角的定义法三步骤
MATH,定比分点向量公式,定比分点向量公式与爪形结构
MATH,定比分点向量公式,定比分点向量表示的技巧要点
MATH,定比分点向量公式,定比分点求长度的技巧
MATH,定理法-利用零点存在定理-函数的图象在区间上是连续不断的曲线-且,确定零点所在区间的方法
MATH,实系数一元二次方程的根与韦达定理,实系数一元二次方程与韦达定理
MATH,容斥原理,两个与三个集合的容斥公式
MATH,容斥原理,两个集合的容斥公式及其应用
MATH,容斥原理,两集合与三集合的容斥原理
MATH,容斥原理,容斥原理求集合元素个数
MATH,容斥原理,有限集合元素个数的计数公式
MATH,对勾函数,先定后求：求比值型代数式的取值范围
MATH,对勾函数,对勾函数 y=x+1/x 的单调区间
MATH,对勾函数,对勾函数与飘带函数的图象与性质
MATH,对勾函数,对勾函数模型应用的两个要点
MATH,对勾函数,对勾函数的图象与性质
MATH,对勾函数,对勾函数的定义与单调性
MATH,对勾函数,对勾函数的定义与性质
MATH,对勾函数,对勾结构的凑配与取等
MATH,对勾函数,换元为对勾函数求参数的取值范围
MATH,对勾函数,换元后用对勾函数单调性求取值范围
MATH,对勾函数,用对勾函数求最值
MATH,对勾函数,边化角、换元后用对勾函数求值域
MATH,对含有一个量词命题的否定理解错误致错,含一个量词命题的否定两步法
MATH,对含有一个量词命题的否定理解错误致错,含一个量词的命题否定致错
MATH,对含有一个量词命题的否定理解错误致错,含量词命题的否定
MATH,对含有一个量词命题的否定理解错误致错,含量词命题的否定规则
MATH,对命题条件探索的三种方法,何时需要二次求导的三种情形
MATH,对命题条件探索的三种方法,作函数图象的三种方法
MATH,对命题条件探索的三种方法,数列单调性（增减）判断的三种方法
MATH,对命题条件探索的三种方法,数（式）大小比较的三种方法
MATH,对命题条件探索的三种方法,有限制条件的排列组合：三种考虑途径
MATH,对命题条件探索的三种方法,由零点个数求参数的三种方法
MATH,对命题条件探索的三种方法,配方法应用的三个要点
MATH,对导数正负与函数图象升降关系理解不准确致错,两个函数图象的互对称关系
MATH,对导数正负与函数图象升降关系理解不准确致错,两函数图象之间的对称关系
MATH,对导数正负与函数图象升降关系理解不准确致错,两函数图象间的对称关系
MATH,对导数正负与函数图象升降关系理解不准确致错,凹凸反转：拆分为两个函数判断正负
MATH,对导数正负与函数图象升降关系理解不准确致错,原函数与导函数图象的互判依据
MATH,对导数正负与函数图象升降关系理解不准确致错,导数值与图象变化快慢
MATH,对导数正负与函数图象升降关系理解不准确致错,核心函数正负难判断时构造新函数用二次求导判断
MATH,对导数正负与函数图象升降关系理解不准确致错,正弦与余弦图象的平移互化关系
MATH,对导数正负与函数图象升降关系理解不准确致错,由原函数图象判断导数不等式解集
MATH,对折叠与展开问题认识不清致误,折叠体中体积最大与线面垂直的转化
MATH,对折叠与展开问题认识不清致误,折叠问题：抓不变量
MATH,对折叠与展开问题认识不清致误,正方体展开图还原的对应关系
MATH,对折叠与展开问题认识不清致误,正方形沿对角线折成直二面角后的位置关系判断
MATH,对折叠与展开问题认识不清致误,矩形折叠成三棱锥：重合顶点与公共棱的处理
MATH,对折叠与展开问题认识不清致误,翻折中的外接球与位置关系的变化判断
MATH,对折叠与展开问题认识不清致误,翻折问题中体积最大与外接球最小的临界判断
MATH,对折叠与展开问题认识不清致误,翻折问题中变与不变的识别
MATH,对折叠与展开问题认识不清致误,翻折问题的处理策略与体积最大时的位置
MATH,对数,对数的定义与对数恒等式
MATH,对数,对数的定义与常见对数
MATH,对数,对数的概念、互化与基本性质
MATH,对数与对数运算,对数的概念、运算性质与换底公式
MATH,对数与对数运算,对数的概念与基本性质
MATH,对数与对数运算,对数的运算性质与求值方法
MATH,对数函数,对数函数的一般形式与定义域
MATH,对数函数,对数函数的概念、性质与图象结论
MATH,对数函数图象的常用结论,三角函数周期的常用结论
MATH,对数函数图象的常用结论,函数图象的对称性结论
MATH,对数函数图象的常用结论,函数图象的常用画法
MATH,对数函数图象的常用结论,函数图象的识别方法
MATH,对数函数图象的常用结论,分段函数图象的端点衔接与应用
MATH,对数函数图象的常用结论,周期性的常用结论
MATH,对数函数图象的常用结论,图象的平移与伸缩变换
MATH,对数函数图象的常用结论,图象的平移变换
MATH,对数函数图象的常用结论,圆的切线方程常用结论
MATH,对数函数图象的常用结论,垂直关系的常用结论
MATH,对数函数图象的常用结论,外接圆与内切圆的常用结论
MATH,对数函数图象的常用结论,对数函数的常用结论
MATH,对数函数图象的常用结论,幂函数图象的第一象限“三线六区”
MATH,对数函数图象的常用结论,幂函数图象的补充规律
MATH,对数函数图象的常用结论,平行关系中的常用结论
MATH,对数函数图象的常用结论,抛物线焦点弦的常用结论组
MATH,对数函数图象的常用结论,描点法作函数图象的步骤
MATH,对数函数图象的常用结论,由泰勒展开得到的常用放缩结论
MATH,对数函数的图象与性质应用,对数函数的图象、性质与反函数
MATH,对数函数的图象与性质应用,对数函数的图象与性质
MATH,对数函数的图象与性质应用,对数函数的概念、图象性质与反函数关系
MATH,对数函数的概念,含对数的特殊点必要性探路
MATH,对数函数的概念,对数函数的概念与反函数
MATH,对数函数的概念,对数反比例绝对值型函数的断点判断
MATH,对数型函数的定义域与值域,对数型函数定义域与值域的求法
MATH,对数型复合函数的值域问题的求解策略,对数型复合函数值域的求解策略
MATH,对数型复合函数的值域问题的求解策略,对数型复合函数求值域的换元法
MATH,对数型复合函数的值域问题的求解策略,换元法求对数型函数的最值
MATH,对数型复合函数的单调性问题的求解策略,复合函数的求导
MATH,对数型复合函数的单调性问题的求解策略,定点定值问题的求解策略
MATH,对数型复合函数的单调性问题的求解策略,对数型函数的图象识别与值域单调性
MATH,对数型复合函数的单调性问题的求解策略,对数型复合函数单调性的处理思路
MATH,对数型复合函数的单调性问题的求解策略,对数型复合函数的三问分析
MATH,对数型复合函数的单调性问题的求解策略,对数型复合函数的单调性与参数范围
MATH,对数型复合函数的单调性问题的求解策略,概率小题的快解策略
MATH,对数型复合函数的单调性问题的求解策略,概率统计与数列综合问题的求解步骤
MATH,对数型复合函数的单调性问题的求解策略,比大小难题的“构造—放缩链”总策略
MATH,对数平均不等式,对数均值不等式及其证明
MATH,对数平均不等式,对数均值不等式的内容
MATH,对数平均不等式,对数均值不等式的证明思路
MATH,对数平均不等式,对数均值不等式解决偏移问题
MATH,对数平均不等式,对数平均不等式与指数不等式
MATH,对数平均不等式,对数平均不等式及其几何意义
MATH,对数平均不等式,对数平均不等式及其证明
MATH,对数平均不等式,对数平均不等式的几何意义
MATH,对数平均不等式,对数平均与对数平均不等式
MATH,对数平均不等式,比值代换与对数平均不等式
MATH,对数平均不等式,比值换元证明 x₁+x₂>2（指数式取对数）
MATH,对数平均不等式,用对数平均不等式证明积型偏移
MATH,对数混合运算的一般原则,交并补运算的图形化方法
MATH,对数混合运算的一般原则,指数对数混合式：分离后分别构造
MATH,对数运算,对数幂运算与常用变形
MATH,对数运算,对数的三条运算法则
MATH,对数运算,对数的运算性质
MATH,对数运算,对数的运算性质与换底公式
MATH,对数运算,对数运算中的三个常用技巧
MATH,对数运算,对数运算的公式体系
MATH,对数运算,对数运算的化简策略
MATH,对数运算中的几个运算技巧,对数运算的三个常用技巧
MATH,对数运算中的几个运算技巧,对数运算的常用技巧
MATH,对斜二测画法的规则掌握不牢,斜二测画法的规则
MATH,对斜二测画法的规则掌握不牢,斜二测画法的规则与面积关系
MATH,对斜二测画法的规则掌握不牢,斜二测画法规则
MATH,对等比数列-中项-理解错误致错,等比中项的两个前提
MATH,对等比数列-中项-理解错误致错,等比中项的定义与存在条件
MATH,对集合表示方法的理解偏差致错,点集与数集的区别及点集交集个数的求法
MATH,对集合表示方法的理解偏差致错,终边相同的角的集合表示
MATH,对集合表示方法的理解偏差致错,终边相同的角：判断与集合表示
MATH,对集合表示方法的理解偏差致错,集合的五种表示方法
MATH,对零点存在定理理解不准确致错,零点存在定理的条件与常见误解
MATH,对零点存在定理理解不准确致错,零点问题的三个易错点
MATH,寻找角的关系,三角形中有关边角的常用结论
MATH,寻找角的关系,三角恒等变换与解三角形综合的常用结论
MATH,寻找角的关系,凑角与由函数值定角的范围
MATH,寻找角的关系,用内角和消元化为单角方程
MATH,寻找角的关系,用内角和转化角的余弦判断形状
MATH,寻找角的关系,由正弦与余弦之和为零确定角的关系
MATH,寻找角的关系,由正弦值相等定角要排除互补情形
MATH,寻找角的关系,直角三角形中的三角恒等式
MATH,导函数与原函数的对称性,导函数与原函数的对称性对应
MATH,导数与不等式,分离参数后用换元求最值（a≥g(x) 型）
MATH,导数与不等式,利用导数证明不等式的两个妙招
MATH,导数与不等式,利用导数证明不等式的两类思路与放缩技巧
MATH,导数与不等式,利用导数证明不等式的基本方法
MATH,导数与不等式,数列与不等式综合的三种考查方式
MATH,导数与不等式,构造函数证明不等式的思路
MATH,导数与不等式,用导数证明不等式的一般步骤
MATH,导数与不等式,用导数证明不等式的常用方法
MATH,导数与不等式,用最值证明不等式（构造关于参数的新函数）
MATH,导数与函数的单调性的关系,f(x)与其倒数、相反数单调性的关系
MATH,导数与函数的单调性的关系,三个“二次”的关系
MATH,导数与函数的单调性的关系,函数的单调性与导数符号的关系
MATH,导数与函数的单调性的关系,单调性与导数的关系及判断步骤
MATH,导数与函数的单调性的关系,单调性的运算与反向结论
MATH,导数与函数的单调性的关系,单调性的运算与复合结论
MATH,导数与函数的单调性的关系,单调性的运算结论
MATH,导数与函数的单调性的关系,单调递增时导数值不一定恒大于 0
MATH,导数与函数的单调性的关系,定义法证明单调性的四步流程
MATH,导数与函数的单调性的关系,导函数符号与原函数增减
MATH,导数与函数的单调性的关系,导数与函数单调性的关系
MATH,导数与函数的单调性的关系,导数与单调性的关系
MATH,导数与函数的单调性的关系,导数与单调性的关系及充要条件辨析
MATH,导数与函数的单调性的关系,导数符号与函数单调性的对应关系
MATH,导数与函数的单调性的关系,幂函数与常数的求导公式
MATH,导数与函数的单调性的关系,用导数符号判断函数单调性
MATH,导数与函数的单调性的关系,由导函数图象读极值与单调性的逻辑链
MATH,导数与函数零点问题,一元三次方程根的情况与极值符号
MATH,导数与函数零点问题,三次函数零点个数的转化法
MATH,导数与函数零点问题,共零点法求参数与隐零点函数值域
MATH,导数与函数零点问题,函数零点与方程的根
MATH,导数与函数零点问题,函数零点个数的判断与证明
MATH,导数与函数零点问题,利用导数判断函数零点个数的思路
MATH,导数与函数零点问题,复合函数零点问题的三步处理
MATH,导数与函数零点问题,数列问题的函数与导数视角
MATH,导数与函数零点问题,用导数研究函数零点的方法
MATH,导数与函数零点问题,用极值的符号判断三次函数零点的个数
MATH,导数与函数零点问题,由零点与极值点求解析式并求零点个数的参数范围
MATH,导数与函数零点问题,由零点情况求参数范围的方法
MATH,导数与零点,利用导数研究函数零点的方法
MATH,导数与零点,由零点个数求参数范围的思路
MATH,导数中的双变量问题,双变量问题的整体代换消元
MATH,导数中的双变量问题,双变量问题的比值代换消元
MATH,导数中的双变量问题,双变量问题的韦达定理消元
MATH,导数中的双变量问题,比值代换消元（构造对数比值不等式）
MATH,导数中的双变量问题,用根与系数的关系（韦达定理）消元
MATH,导数中的整数解问题,导数中的整数解问题处理策略
MATH,导数定义在极限中的计算,动点轨迹中的特殊点与极限位置
MATH,导数定义在极限中的计算,导数定义中极限式的变形
MATH,导数定义在极限中的计算,导数定义型问题的三类解法
MATH,导数定义在极限中的计算,导数的定义（极限式）
MATH,导数构造法解函数不等式,f'(x)±nf(x) 型的指数构造
MATH,导数构造法解函数不等式,xf'(x)±nf(x) 型的构造
MATH,导数构造法解函数不等式,分离常数构造对勾型
MATH,导数构造法解函数不等式,利用导数证明不等式的常用路径
MATH,导数构造法解函数不等式,含导函数不等式的构造函数流程
MATH,导数构造法解函数不等式,和差型构造：作差求最值
MATH,导数构造法解函数不等式,导函数的逆向构造（十二种常见构造方向）
MATH,导数构造法解函数不等式,导数构造法解不等式
MATH,导数构造法解函数不等式,导数的单调性在比较大小与解不等式中的应用
MATH,导数构造法解函数不等式,导数逆向构造解函数不等式
MATH,导数构造法解函数不等式,抽象函数不等式的求解套路
MATH,导数构造法解函数不等式,换元构造辅助函数处理非和型结构
MATH,导数构造法解函数不等式,构造 xf(x) 与 f(x)/x 型函数
MATH,导数构造法解函数不等式,构造函数的基本原则与流程
MATH,导数构造法解函数不等式,构造函数的基本规律
MATH,导数构造法解函数不等式,构造函数解抽象函数不等式
MATH,导数构造法解函数不等式,由导数关系式构造函数的对照表
MATH,导数构造法解函数不等式,由导数关系构造辅助函数的常见模型
MATH,导数构造法解函数不等式,由导数关系构造辅助函数的常见结构
MATH,导数构造法解函数不等式,由导数运算结构反推辅助函数
MATH,导数构造法解函数不等式,直接作差构造新函数证明不等式
MATH,导数构造法解函数不等式,积商型构造：逆用求导法则
MATH,导数构造法解函数不等式,逆向构造的常用类型与万能公式
MATH,导数法求函数单调区间的步骤,“单调区间”与“在区间上单调”
MATH,导数法求函数单调区间的步骤,三角函数单调区间的通法
MATH,导数法求函数单调区间的步骤,不含参函数单调区间的两个注意点
MATH,导数法求函数单调区间的步骤,可导函数单调的充要条件
MATH,导数法求函数单调区间的步骤,存在单调区间的条件
MATH,导数法求函数单调区间的步骤,导数法求单调区间的步骤
MATH,导数法求函数单调区间的步骤,正切型函数单调性（含无定义点分段处理）
MATH,导数法求函数单调区间的步骤,用导数判断函数单调性的两种方法
MATH,导数法求函数单调区间的步骤,用导数判断函数单调性的步骤
MATH,导数法求函数单调区间的步骤,用导数判断单调性的步骤
MATH,导数法求函数单调区间的步骤,用导数求函数单调区间的步骤
MATH,导数法求函数单调区间的步骤,用导数求单调区间的四步
MATH,导数法求函数单调区间的步骤,用导数求单调区间的步骤
MATH,导数法求函数单调区间的步骤,用导数研究单调性与参数的步骤
MATH,导数法求函数单调区间的步骤,讨论单调区间的步骤框架
MATH,导数的几何意义,与切线有关的参数问题
MATH,导数的几何意义,与切线有关的参数问题（三个关系）
MATH,导数的几何意义,切线斜率的符号与切线定义的辨析
MATH,导数的几何意义,切线斜率的符号与增减性
MATH,导数的几何意义,切线问题中的三个关系
MATH,导数的几何意义,导数值的大小与函数图象变化快慢
MATH,导数的几何意义,导数的几何意义与「在」「过」的区别
MATH,导数的几何意义,导数的几何意义与两类切线方程
MATH,导数的几何意义,导数的几何意义与切线斜率的判断
MATH,导数的几何意义,导数的几何意义与切线方程
MATH,导数的几何意义,导数的几何意义：割线与切线
MATH,导数的几何意义,平均变化率与切线斜率
MATH,导数的几何意义,用“切线平行于已知直线”求距离最小值
MATH,导数的几何意义,用割线与切线的斜率解读变化快慢
MATH,导数的概念,函数在某点处的导数
MATH,导数的概念,导数的概念与几何意义
MATH,导数的概念,导数的物理意义
MATH,导数的概念,平均速度、瞬时速度与平均变化率
MATH,导数的概念,瞬时变化率与导函数的特点
MATH,导数的概念,瞬时变化率与导数的定义
MATH,导数的运算法则,对数的定义与运算性质
MATH,导数的运算法则,导数的乘法法则
MATH,导数的运算法则,导数的和差积商运算法则
MATH,导数的运算法则,导数的和差运算法则
MATH,导数的运算法则,导数的四则运算法则与化简原则
MATH,导数的运算法则,导数的运算法则与复合函数求导
MATH,导数的运算法则,导数的除法法则
MATH,导数的运算法则,导数运算法则的推广形式
MATH,导数的运算法则,导数运算的方法技巧
MATH,导数的运算法则,由导数运算法则构造辅助函数的对照规律
MATH,嵌套函数的最值与参数范围,嵌套函数最值与参数范围的求法
MATH,嵌套函数的零点问题,复合三角方程根的个数分层处理
MATH,嵌套函数的零点问题,复合方程由内向外与整体替换
MATH,嵌套函数的零点问题,复合方程由外向内求解
MATH,嵌套函数的零点问题,嵌套函数的分层处理
MATH,嵌套函数的零点问题,嵌套函数零点的换元解套策略
MATH,嵌套函数的零点问题,嵌套函数零点的计数与防漏解
MATH,嵌套函数的零点问题,嵌套函数零点问题的三个步骤
MATH,嵌套函数的零点问题,嵌套函数零点问题的分层处理
MATH,嵌套函数的零点问题,嵌套函数零点问题的解题模板
MATH,嵌套函数的零点问题,嵌套函数零点问题的解题策略
MATH,嵌套函数的零点问题,极值点与导函数的零点（变号零点）
MATH,已知函数单调性求参数,二项式系数先增后减且对称分布
MATH,已知函数单调性求参数,多次求导判断含参导函数的符号（二阶、三阶导数）
MATH,已知函数单调性求参数,指数函数单调性应用的同底原则
MATH,已知函数单调性求参数,由函数单调性求参数的一般思路
MATH,已知函数单调性求参数,由函数单调性求参数的思路
MATH,已知函数单调性求参数,由函数单调性转化出的恒成立条件
MATH,已知函数单调性求参数,由切线方程反求参数
MATH,已知函数单调性求参数,由单调性求参数与单调性的应用
MATH,已知函数单调性求参数,由单调性求参数的取值范围
MATH,已知函数单调性求参数,由单调性求参数范围
MATH,已知函数单调性求参数,由单调性求参数范围的三种情形
MATH,已知函数单调性求参数,由单调性求参数范围的四种等价转化
MATH,已知函数单调性求参数,由单调性求参数范围的恒成立转化
MATH,已知函数单调性求参数,讨论函数单调性的四个易误点
MATH,已知函数的极值求参数,“两个极值点 + 曲线与 x 轴相切”求参数范围
MATH,已知函数的极值求参数,由“存在极值点”求参数范围（转化为方程有正根）
MATH,已知函数的极值求参数,由函数的极值求参数
MATH,已知函数的极值求参数,由极值求参数的思路与检验
MATH,已知函数的极值求参数,由极值求参数须回代检验
MATH,已知函数的极值求参数,由极值点与根与系数的关系确定系数的符号
MATH,已知函数的极值求参数,由极值点求参数并求函数值
MATH,已知函数的极值求参数,由极值点的位置确定参数关系
MATH,已知函数的极值求参数,由极值（点）求参数
MATH,已知函数的极值求参数,由极值（点）求参数的两个要领
MATH,布洛卡点,布洛卡点与布洛卡角
MATH,幂函数,幂函数的定义与三个特征
MATH,幂函数的图象与性质,一般幂函数图象的五条特征
MATH,幂函数的图象与性质,幂函数图象与幂指数的关系
MATH,幂函数的图象与性质,幂函数图象与性质及易错点
MATH,幂函数的图象与性质,幂函数图象的判别与幂值比较
MATH,幂函数的图象与性质,幂函数图象的补充结论与易误点
MATH,幂函数的图象与性质,幂函数图象的识别与指数大小的比较
MATH,幂函数的图象与性质,幂函数的定义、图象与基本性质
MATH,幂函数的定义-一般地-函数y-xα叫做幂函数-其中x是自变量-α是常数,幂函数定义对系数的要求
MATH,幂函数的定义-一般地-函数y-xα叫做幂函数-其中x是自变量-α是常数,幂函数的判断与定义域值域的求法
MATH,幂函数的定义-一般地-函数y-xα叫做幂函数-其中x是自变量-α是常数,幂函数的定义与五种常见幂函数
MATH,幂函数的定义-一般地-函数y-xα叫做幂函数-其中x是自变量-α是常数,幂函数的定义与定义域
MATH,幂函数的定义-一般地-函数y-xα叫做幂函数-其中x是自变量-α是常数,幂函数的定义与常见图象
MATH,幂函数的定义-一般地-函数y-xα叫做幂函数-其中x是自变量-α是常数,幂函数的定义与识别
MATH,幂函数的性质,幂函数的值域与复合函数值域
MATH,幂函数的性质,幂函数的图象与性质要点
MATH,幂函数的性质,比较幂值大小与解幂不等式的方法
MATH,平均变化率与瞬时变化率,增量视角下的平均变化率
MATH,平均变化率与瞬时变化率,增量记号与极限的三个易混点
MATH,平均变化率与瞬时变化率,平均变化率的含义与两步求法
MATH,平均变化率与瞬时变化率,曲线上割线的斜率与平均变化率
MATH,平均数与中位数,平均数、中位数与众数
MATH,平均数与中位数,频率分布直方图中的数字特征估计
MATH,平方和与立方和公式,平方和与立方和公式的裂项推导
MATH,平移切线法,用平移切线法求距离的最值
MATH,平行关系之间的转化,三种平行关系的转化链
MATH,平行关系之间的转化,平行关系命题真假的判定思路
MATH,平行关系之间的转化,空间平行关系的判定与性质
MATH,平行关系之间的转化,空间平行关系的判定方法归纳
MATH,平行四边形恒等式与中线定理,三角形中线常用结论
MATH,平行四边形恒等式与中线定理,三角形中线的处理技巧
MATH,平行四边形恒等式与中线定理,中线向量公式与向量和的最值
MATH,平行四边形恒等式与中线定理,中线定理及其补形证法
MATH,平行四边形恒等式与中线定理,中线条件的向量化处理
MATH,平行四边形恒等式与中线定理,中线相关结论
MATH,平行四边形恒等式与中线定理,中线长公式
MATH,平行四边形恒等式与中线定理,中线长定理
MATH,平行四边形恒等式与中线定理,含中线问题的破解方法
MATH,平行四边形恒等式与中线定理,爪形结构中的中线处理
MATH,平行四边形恒等式与中线定理,用向量法表示中线长并求取值范围
MATH,平行四边形恒等式与中线定理,矩形恒等式的两个向量关系
MATH,平面与平面垂直,三棱锥中两两垂直平面的对数
MATH,平面与平面垂直,平面与平面垂直的判定与性质
MATH,平面与平面垂直,折叠成直二面角后的垂直关系与二面角的作法
MATH,平面与平面垂直,面面垂直的判定定理与性质定理
MATH,平面与平面垂直,面面垂直的定义、判定定理与性质定理
MATH,平面与平面平行,平行与垂直关系的四条常用结论
MATH,平面与平面平行,平面与平面平行的判定与性质
MATH,平面与平面平行,用多个中点构造与已知平面平行的平面
MATH,平面与平面平行,翻折中证明面面平行（两组线面平行）
MATH,平面与平面平行,面面平行充要条件辨析与反例构造
MATH,平面与平面平行,面面平行的判定定理与性质定理
MATH,平面与平面平行,面面平行的定义、判定与性质
MATH,平面与平面平行,面面平行的常用结论
MATH,平面几何中的向量方法,平面几何中的向量方法三步
MATH,平面几何中的向量方法,用向量解决平面几何问题的三步曲
MATH,平面向量与三角形的内心,三角形内心的向量特征
MATH,平面向量与三角形的内心,内心的线性表示与面积关联的应用
MATH,平面向量与三角形的垂心,三角形垂心的向量特征
MATH,平面向量与三角形的垂心,垂心垂直关系（数量积为零）的应用
MATH,平面向量与三角形的外心,三角形外心的向量特征
MATH,平面向量与三角形的外心,外心模长相等关系的计算应用
MATH,平面向量与三角形的重心,三角形重心的向量特征与坐标
MATH,平面向量与三角形的重心,重心向量问题的解题思路
MATH,平面向量与函数三角的综合,向量与三角函数结合求最值与性质
MATH,平面向量与函数三角的综合,向量与函数结合求最值、参数范围
MATH,平面向量中的范围与最值问题的处理思路,平面向量范围与最值问题的处理思路
MATH,平面向量压轴题的破题思路,平面向量综合题的破题三步
MATH,平面向量基本定理,三点共线的向量条件
MATH,平面向量基本定理,共线与共面向量定理的向量式刻画
MATH,平面向量基本定理,共线向量定理与共面向量定理
MATH,平面向量基本定理,向量共线定理、三点共线与平面向量基本定理
MATH,平面向量基本定理,向量基本概念的双要素辨析
MATH,平面向量基本定理,向量的正交分解
MATH,平面向量基本定理,向量运算的基底法
MATH,平面向量基本定理,向量问题的两条求解路径
MATH,平面向量基本定理,基底与向量表示的唯一性
MATH,平面向量基本定理,基底优先思想与唯一性转化
MATH,平面向量基本定理,平面向量基本定理与基底
MATH,平面向量基本定理,平面向量基本定理与正交分解
MATH,平面向量基本定理,平面向量基本定理的代数本质
MATH,平面向量基本定理,平面向量基本定理的内容
MATH,平面向量基本定理,平面向量基本定理的几何本质
MATH,平面向量基本定理,平面向量数与形双重属性的应用
MATH,平面向量基本定理,由表示唯一性比较系数求参数
MATH,平面向量基本定理,空间共面向量定理
MATH,平面向量基本定理,空间向量基本定理
MATH,平面向量基本定理,空间向量基本定理与共面向量定理
MATH,平面向量最值范围问题的方法体系,向量最值取等的特殊位置分析
MATH,平面向量最值范围问题的方法体系,平面向量最值问题的常用工具
MATH,平面向量的坐标运算,中点坐标公式与重心坐标公式
MATH,平面向量的坐标运算,位移向量的累加与坐标运算
MATH,平面向量的坐标运算,共线与垂直的坐标表示
MATH,平面向量的坐标运算,向量共线与垂直的坐标条件
MATH,平面向量的坐标运算,向量加减、数乘与共线的坐标表示
MATH,平面向量的坐标运算,向量加减与数乘的坐标运算
MATH,平面向量的坐标运算,向量坐标与点坐标不能混同
MATH,平面向量的坐标运算,向量坐标＝终点坐标减起点坐标
MATH,平面向量的坐标运算,向量垂直的判定与坐标运算
MATH,平面向量的坐标运算,向量平行与垂直的坐标判定
MATH,平面向量的坐标运算,向量的坐标表示与坐标运算
MATH,平面向量的坐标运算,向量的坐标运算
MATH,平面向量的坐标运算,向量线性运算的坐标表示
MATH,平面向量的坐标运算,坐标法求平面向量的数量积
MATH,平面向量的坐标运算,坐标法解几何问题的通用四步
MATH,平面向量的坐标运算,坐标运算中的三个实用技巧
MATH,平面向量的坐标运算,基底与坐标的易误点
MATH,平面向量的坐标运算,基底法与坐标法的选用策略
MATH,平面向量的坐标运算,平面向量坐标运算的运算法则
MATH,平面向量的坐标运算,平面向量的坐标表示
MATH,平面向量的坐标运算,平面向量的坐标表示与线性运算
MATH,平面向量的坐标运算,平面向量的坐标表示与运算
MATH,平面向量的坐标运算,平面向量的坐标运算与共线的坐标表示
MATH,平面向量的坐标运算,平面向量的坐标运算与夹角判断
MATH,平面向量的坐标运算,建系求解图形中共线相关的点坐标
MATH,平面向量的坐标运算,数量积与模的坐标表示
MATH,平面向量的坐标运算,数量积与模长的坐标运算
MATH,平面向量的坐标运算,用坐标判断向量共线的步骤
MATH,平面向量的坐标运算,用坐标求向量的模
MATH,平面向量的坐标运算,由两点坐标求向量的坐标
MATH,平面向量的坐标运算,由向量坐标求点的坐标
MATH,平面向量的坐标运算,由点的坐标求向量的坐标
MATH,平面向量的数量积,向量与三角函数结合题的两步化简
MATH,平面向量的数量积,向量的夹角、投影与数量积
MATH,平面向量的数量积,向量的夹角与数量积的定义
MATH,平面向量的数量积,平面向量数量积的定义、几何意义与运算律
MATH,平面向量的数量积,平面向量数量积的定义与性质
MATH,平面向量的数量积,平面向量数量积的定义与运算
MATH,平面向量的数量积,平面向量数量积的投影法
MATH,平面向量的数量积,平面向量极化恒等式公式
MATH,平面向量的数量积,平面向量的数量积、投影与性质
MATH,平面向量的数量积,投影（数量）与投影向量的区分
MATH,平面向量的数量积,数量积与投影向量的概念
MATH,平面向量的数量积,数量积与面积混合条件的转化
MATH,平面向量的数量积,数量积常用变形公式
MATH,平面向量的数量积,数量积性质的坐标表示
MATH,平面向量的数量积,数量积最值问题的两条路径
MATH,平面向量的数量积,数量积的两种运算方法
MATH,平面向量的数量积,数量积的几何意义与投影
MATH,平面向量的数量积,数量积的坐标表示与常用结论
MATH,平面向量的数量积,数量积的定义·性质与运算律
MATH,平面向量的数量积,数量积的定义与运算律
MATH,平面向量的数量积,数量积的性质与运算律
MATH,平面向量的数量积,数量积的运算律与不可用的运算
MATH,平面向量的数量积,数量积的运算律与性质
MATH,平面向量的数量积,数量积的运算性质
MATH,平面向量的数量积,数量积计算的四种方法及选用
MATH,平面向量的数量积,数量积运算中的两个变形技巧
MATH,平面向量的数量积,数量积运算中的四类常见错误
MATH,平面向量的数量积,模的坐标公式与数量积公式容易记混
MATH,平面向量的数量积,用基底与参数求数量积的最值
MATH,平面向量的数量积,用数量积判断向量的垂直
MATH,平面向量的数量积,由数量积求向量夹角
MATH,平面向量的概念,单位向量与零向量的处理
MATH,平面向量的概念,向量概念判断题的双向验证
MATH,平面向量的概念,向量概念命题的两点注意
MATH,平面向量的概念,向量的几何表示
MATH,平面向量的概念,向量的基本概念
MATH,平面向量的概念,向量的概念与几何表示
MATH,平面向量的概念,平行向量概念的四个关注点
MATH,平面向量的概念,平面向量的六个基本概念
MATH,平面向量的概念,平面向量的基本概念
MATH,平面向量的概念,平面向量的有关概念
MATH,平面向量的概念,特殊向量：零向量、单位向量、平行向量、相等向量
MATH,平面向量的概念,相等向量与共线（平行）向量
MATH,平面向量的概念,相等向量与平行向量的关系辨析
MATH,平面向量的概念,零向量与单位向量的两个易混点
MATH,平面向量的正交分解,正交基与正交分解
MATH,平面向量的线性运算,三角形中线向量的基底表示
MATH,平面向量的线性运算,中点向量公式、三点共线条件与向量三角不等式
MATH,平面向量的线性运算,加法运算律与向量的减法
MATH,平面向量的线性运算,变量的相关关系
MATH,平面向量的线性运算,向量加减的平行四边形法则
MATH,平面向量的线性运算,向量加法的三角形法则与平行四边形法则
MATH,平面向量的线性运算,向量加法的两个法则与多边形法则
MATH,平面向量的线性运算,向量的加减法与数乘运算
MATH,平面向量的线性运算,向量的加减法法则
MATH,平面向量的线性运算,向量的数乘
MATH,平面向量的线性运算,向量的数乘与线性运算
MATH,平面向量的线性运算,向量的线性运算与几何意义
MATH,平面向量的线性运算,向量线性运算的三个常用结论
MATH,平面向量的线性运算,均值与方差的线性性质
MATH,平面向量的线性运算,均值的线性变换与方差不变性
MATH,平面向量的线性运算,平面向量线性运算的常用结论
MATH,平面向量的线性运算,平面向量线性运算的常用路径
MATH,平面向量的线性运算,平面向量线性运算的求解策略
MATH,平面向量的线性运算,平面向量线性运算的要点
MATH,平面向量的线性运算,平面向量线性运算的解题策略
MATH,平面向量的线性运算,数乘与几何比例的关系
MATH,平面向量的线性运算,数乘运算中的零向量与方向陷阱
MATH,平面向量的线性运算,相反向量与向量减法
MATH,平面向量的线性运算,非线性回归的线性化处理
MATH,应用等比数列性质解题时的2个注意点,列举法使用规则
MATH,应用等比数列性质解题时的2个注意点,奔驰定理的面积比应用
MATH,应用等比数列性质解题时的2个注意点,用等比数列性质解题的两个注意点
MATH,异面直线所成的角,异面直线及其所成的角
MATH,异面直线所成的角,异面直线所成角的定义与平移求法
MATH,异面直线所成的角,异面直线的判定与所成角范围
MATH,异面直线所成的角,异面角易错：内角可能是补角
MATH,异面直线所成的角,正方体（长方体）中直线夹角的判定
MATH,异面直线所成的角,用中点构造平行线求异面直线所成的角
MATH,异面直线所成的角,用延展平面找交线求直线与直线的夹角
MATH,异面直线所成角,异面直线所成角与方向向量夹角的关系
MATH,异面直线所成角的求法,含参直线恒过定点的求法
MATH,异面直线所成角的求法,异面直线所成角的两种求法
MATH,异面直线所成角的求法,用向量求异面直线所成角与线面角
MATH,张角定理,张角定理与分角定理
MATH,张角定理,张角定理与分角定理的技巧要点
MATH,张角定理,张角定理与角平分线
MATH,张角定理,张角定理与角平分线长
MATH,弦中点与点差法,中点弦斜率的定值结论
MATH,弦中点与点差法,中点弦问题与点差法
MATH,弦中点与点差法,中点弦问题的两种解法
MATH,弦中点与点差法,中点弦问题：点差法
MATH,弦中点与点差法,双曲线弦中点的位置判断
MATH,弦中点与点差法,圆的中点弦问题
MATH,弦中点与点差法,圆锥曲线中点弦的两种解法
MATH,弦中点与点差法,圆锥曲线中点弦问题的两种方法
MATH,弦中点与点差法,圆锥曲线中点弦问题的通用解题流程
MATH,弦中点与点差法,圆锥曲线弦中点的斜率之积定值
MATH,弦中点与点差法,弦中点过定直线的证明步骤
MATH,弦中点与点差法,弦中点问题与点差法结论
MATH,弦中点与点差法,抛物线弦中点问题
MATH,弦中点与点差法,抛物线的点差法与中点弦斜率
MATH,弦中点与点差法,抛物线的点差法（弦的中点与斜率）
MATH,弦中点与点差法,椭圆中点弦斜率积结论 k_AB·k_OM
MATH,弦中点与点差法,椭圆中点弦的斜率关系式
MATH,弦中点与点差法,点差法与中点弦的斜率关系
MATH,弦中点与点差法,点差法与中点弦的斜率积结论
MATH,弦中点与点差法,点差法与弦中点性质
MATH,弦中点与点差法,点差法处理中点弦问题
MATH,弦中点与点差法,点差法推得的三个定值结论
MATH,弦中点与点差法,点差法求中点弦的斜率
MATH,弦中点与点差法,点差法的推导与斜率积结论表
MATH,弦中点与点差法,由弦中点与弦斜率求圆锥曲线的离心率
MATH,弦中点与点差法,由弦中点求弦长的步骤
MATH,弦长公式,圆锥曲线中的弦长公式
MATH,弦长公式,弦长公式与焦点弦长公式
MATH,弦长成等差等比数列,弦长成等差数列或等比数列的处理
MATH,弦长的和差与比值问题,弦长和差、比值与倒数和的解题流程
MATH,弧长与扇形面积公式,弧度制公式使用的注意事项
MATH,弧长与扇形面积公式,弧长公式与扇形面积公式
MATH,弧长与扇形面积公式,用弧度制求弧长与扇形面积的步骤
MATH,待定系数法-若已知函数的类型-如一次函数-二次函数等-可用待定系数法,an+1=pan+q 型的待定系数构造
MATH,待定系数法-若已知函数的类型-如一次函数-二次函数等-可用待定系数法,决定系数 R²
MATH,待定系数法-若已知函数的类型-如一次函数-二次函数等-可用待定系数法,基底与系数的唯一性结论
MATH,待定系数法-若已知函数的类型-如一次函数-二次函数等-可用待定系数法,复合型一次函数解析式的待定系数
MATH,待定系数法-若已知函数的类型-如一次函数-二次函数等-可用待定系数法,待定系数法求函数解析式
MATH,待定系数法-若已知函数的类型-如一次函数-二次函数等-可用待定系数法,抛物线方程待定系数的分类
MATH,待定系数法-若已知函数的类型-如一次函数-二次函数等-可用待定系数法,用对数估算大数的位数
MATH,待定系数法-若已知函数的类型-如一次函数-二次函数等-可用待定系数法,由二次函数图象判断系数符号
MATH,待定系数法-若已知函数的类型-如一次函数-二次函数等-可用待定系数法,由性质求二次函数解析式的方法
MATH,待定系数法-若已知函数的类型-如一次函数-二次函数等-可用待定系数法,确定圆的方程的待定系数策略
MATH,待定系数法-若已知函数的类型-如一次函数-二次函数等-可用待定系数法,错位相减的万能结构（待定系数法）
MATH,德摩根定律,德摩根公式（集合与事件）
MATH,德摩根定律,德摩根定律（交并的补集关系）
MATH,必要性探路,单端点必要性探路的解题模板
MATH,必要性探路,含两个端点的找点探路
MATH,必要性探路,必要性探路求参数范围
MATH,必要性探路,必要性探路（端点效应）的解题思想
MATH,忽略二次型式子最高次系数为0致错,含参二次问题切勿遗漏二次项系数为零
MATH,忽略对指数与对数底数的讨论致错,取倒数与取对数的构造
MATH,忽略对指数与对数底数的讨论致错,对数型问题的两个失误点
MATH,忽略对指数与对数底数的讨论致错,忽略底数的分类讨论致错
MATH,忽略对指数与对数底数的讨论致错,指数、对数、幂（一次）增长模型的比较
MATH,忽略对指数与对数底数的讨论致错,指数与对数函数的求导公式
MATH,忽略对指数与对数底数的讨论致错,指数与对数的基本放缩不等式链
MATH,忽略建系的条件而出错,建系前必须证明三条坐标轴两两垂直
MATH,忽略建系的条件而出错,扇形周长一定时面积最大的条件
MATH,忽视-漏-空集致错,忽视空集致错
MATH,忽视-漏-空集致错,空集的规定与漏空集致错
MATH,忽视-漏-空集致错,集合关系问题勿漏空集
MATH,忽视-漏-空集致错,集合包含关系中漏掉空集的错误
MATH,忽视-漏-空集致错,集合问题中漏掉空集与忽视互异性
MATH,忽视不等式性质成立的条件致错,使用不等式性质前必须核验的三类前提条件
MATH,忽视不等式性质成立的条件致错,同向不等式相乘的前提条件
MATH,忽视基本不等式应用的条件致错,分式不等式与基本不等式的常见错解
MATH,忽视基本不等式应用的条件致错,基本不等式实际应用的三个注意点
MATH,忽视基本不等式应用的条件致错,泰勒放缩与帕德近似在比大小中的应用
MATH,忽视对公比q的讨论致错,用求和公式前先讨论公比是否为1
MATH,忽视对公比q的讨论致错,等比数列求和前必须先讨论 q=1
MATH,忽视对公比q的讨论致错,等比数列求和对公比q的讨论
MATH,忽视对公比q的讨论致错,等比数列解题的三类高频易错点
MATH,忽视异面直线的夹角与向量的夹角范围不同,向量夹角的定义与范围
MATH,忽视异面直线的夹角与向量的夹角范围不同,圆外一点两切线的夹角被圆心连线平分
MATH,忽视异面直线的夹角与向量的夹角范围不同,由一般式系数求倾斜角范围
MATH,忽视异面直线的夹角与向量的夹角范围不同,空间向量求异面直线的距离
MATH,忽视异面直线的夹角与向量的夹角范围不同,空间角与向量夹角的范围差异
MATH,忽视异面直线的夹角与向量的夹角范围不同,象限角与轴线角
MATH,忽视集合元素的互异性致错,利用元素特征求参数时的检验
MATH,忽视集合元素的互异性致错,含相同元素的排列计数
MATH,忽视集合元素的互异性致错,集合元素个数问题的三种形式
MATH,忽视集合元素的互异性致错,集合元素的三个特性与常用数集
MATH,忽视集合元素的互异性致错,集合元素的三大特性
MATH,忽视集合元素的互异性致错,集合元素的容斥原理
MATH,忽视零向量,忽视零向量致错
MATH,忽视零向量,数量积运算中易被忽略的三个前提
MATH,忽视零向量,零向量与单位向量
MATH,忽视零向量,零向量使平行的传递性失效
MATH,忽视零向量,零向量在概念题中的特殊性
MATH,性质法-利用函数性质-若能确定函数的单调性-则其零点个数不难得到,Asin(ωx+φ) 型函数性质的整体法
MATH,性质法-利用函数性质-若能确定函数的单调性-则其零点个数不难得到,三次函数零点个数的判定
MATH,性质法-利用函数性质-若能确定函数的单调性-则其零点个数不难得到,三角函数零点（交点）个数的数形判断
MATH,性质法-利用函数性质-若能确定函数的单调性-则其零点个数不难得到,倒数性质与真、假分数性质
MATH,性质法-利用函数性质-若能确定函数的单调性-则其零点个数不难得到,利用函数性质确定零点个数
MATH,性质法-利用函数性质-若能确定函数的单调性-则其零点个数不难得到,区间内特殊点个数问题统一用整体法处理
MATH,性质法-利用函数性质-若能确定函数的单调性-则其零点个数不难得到,子集、真子集个数的计数结论
MATH,性质法-利用函数性质-若能确定函数的单调性-则其零点个数不难得到,正余弦型函数性质的判断步骤
MATH,性质法-利用函数性质-若能确定函数的单调性-则其零点个数不难得到,零点个数的四种判断方法
MATH,性质法-利用函数性质-若能确定函数的单调性-则其零点个数不难得到,零点个数的常用结论
MATH,截角多面体的外接球,截角多面体外接球的球心法
MATH,截角多面体的表面积与体积,截角正四面体的表面积与体积
MATH,扇形弧长与面积公式,扇形的弧长与面积公式及其最值处理
MATH,扇形的周长与面积最值问题,扇形周长与面积的最值处理
MATH,扇形的弧长与面积公式,扇形弧长与面积公式（角度制与弧度制两种写法）
MATH,手电筒模型,手电筒模型（斜率之和为定值的定点问题）
MATH,托勒密定理,托勒密定理与四点共圆
MATH,托勒密定理,托勒密定理与广义托勒密不等式
MATH,投影向量,向量的投影与投影向量
MATH,投影向量,投影与投影向量的求法
MATH,投影向量,投影向量与数量积的几何意义
MATH,投影向量,投影向量及其求法
MATH,投影向量,投影向量的定义与计算
MATH,投影向量,投影向量的概念与求法
MATH,投影向量,投影向量的求法
MATH,投影向量,投影数量与投影向量的求法
MATH,投影向量,投影长度与投影向量
MATH,投影向量,数量积的几何意义与投影向量
MATH,抛物线,两条互相垂直的焦点弦之和的最值
MATH,抛物线,抛物线中最值问题的转化策略
MATH,抛物线,抛物线中点弦斜率结论
MATH,抛物线,抛物线定义的距离转化与存在性判断
MATH,抛物线,抛物线定义的距离转化：最值与等价条件
MATH,抛物线,抛物线焦点弦的两条常用结论
MATH,抛物线,抛物线的定义与几何性质差异
MATH,抛物线,抛物线的定义与焦半径、通径
MATH,抛物线,抛物线的标准方程、几何性质与焦点弦九条结论
MATH,抛物线,用抛物线定义把焦半径换成到准线的距离
MATH,抛物线焦半径,抛物线焦半径的三种求法
MATH,抛物线焦半径,抛物线焦半径的倾斜角形式
MATH,抛物线焦半径,抛物线焦半径的倾斜角形式 p/(1∓cosα)
MATH,抛物线焦半径,抛物线焦半径：|AF|=x₁+p/2
MATH,抛物线焦半径,抛物线焦点弦的常用性质
MATH,抛物线焦半径,抛物线的焦半径与焦准距
MATH,抛物线焦半径,抛物线的焦半径与焦点弦结论
MATH,抛物线焦半径,抛物线的焦半径与通径
MATH,抛物线焦半径,抛物线的焦半径公式与定义应用
MATH,抛物线焦半径,抛物线的焦点弦与焦半径
MATH,抛物线焦半径,椭圆焦半径公式（口诀：左加右减、下加上减）
MATH,抛物线焦半径,焦点弦的相切与共线性质
MATH,抛物线焦半径,焦点弦长公式与圆的弦长综合
MATH,抛物线焦点三角形,切点与焦点连线垂直焦点弦
MATH,抛物线焦点三角形,抛物线的焦半径与焦点弦长
MATH,抛物线焦点三角形,焦点三角形的面积与准线相切性质
MATH,抛物线焦点三角形,焦点弦长的三种求法与相切判断
MATH,抛物线的参数设点法,抛物线单变量参数设点
MATH,抛物线的参数设点法,抛物线的参数设点与斜率表达
MATH,抛物线的平均性质,三点共线与平均性质的互推
MATH,抛物线的平均性质,平均性质与线段之积
MATH,抛物线的平均性质,抛物线的平均性质与反设法
MATH,抛物线的焦点与准线,四种抛物线的焦点与准线
MATH,抛物线的焦点与准线,圆锥曲线的第二定义（到焦点与准线距离之比）
MATH,抛物线的焦点与准线,抛物线定义求距离和的最小值
MATH,抛物线的焦点与准线,抛物线标准方程的待定系数法
MATH,抛物线的焦点与准线,抛物线焦点弦定值：x₁x₂=p²/4
MATH,抛物线的焦点与准线,抛物线焦点弦定值：y₁y₂=−p²
MATH,抛物线的焦点与准线,抛物线焦点弦的结论
MATH,抛物线的焦点与准线,抛物线焦点弦长公式
MATH,抛物线的焦点与准线,抛物线的定义与标准方程
MATH,抛物线的焦点与准线,抛物线的定义与集合语言表述
MATH,抛物线的焦点与准线,焦点与准线的对应关系
MATH,抛物线的焦点与准线,用定义转化求抛物线上的距离最值
MATH,抽象函数的性质综合,函数周期性与对称性的判定结论
MATH,抽象函数的性质综合,函数四大性质综合的解题枢纽
MATH,抽象函数的性质综合,同构与“去外衣”比较大小
MATH,抽象函数的性质综合,常见抽象函数模型与赋值法
MATH,抽象函数的性质综合,常见抽象函数模型对照
MATH,抽象函数的性质综合,常见的抽象函数模型
MATH,抽象函数的性质综合,抽象函数与嵌套函数的三个易错点
MATH,抽象函数的性质综合,抽象函数与嵌套函数的常用技巧
MATH,抽象函数的性质综合,抽象函数单调性与奇偶性的方法点拨
MATH,抽象函数的性质综合,抽象函数周期性的处理方法
MATH,抽象函数的性质综合,抽象函数奇偶性与周期性的处理方法
MATH,抽象函数的性质综合,抽象函数奇偶性的判断策略
MATH,抽象函数的性质综合,抽象函数奇偶性的处理方法
MATH,抽象函数的性质综合,抽象函数常见周期的六类技巧
MATH,抽象函数的性质综合,抽象函数性质与解析式的常用方法
MATH,抽象函数的性质综合,抽象函数的二次型、正切型与对数、反比例型模型
MATH,抽象函数的性质综合,抽象函数的常见函数模型对应
MATH,抽象函数的性质综合,抽象函数的最值求解
MATH,抽象函数的性质综合,抽象函数的线性类模型（直线型与平移型）
MATH,抽象函数的性质综合,抽象函数的综合应用
MATH,抽象函数的性质综合,抽象函数的赋值法
MATH,抽象函数的性质综合,抽象函数的赋值法与构造
MATH,抽象函数的性质综合,抽象函数赋值法的五个着眼点
MATH,抽象函数的性质综合,抽象函数问题中的赋值法
MATH,拉格朗日中值定理,拉格朗日中值定理及其几何意义
MATH,拉格朗日中值定理,拉格朗日中值定理（背景了解）
MATH,拐点偏移,拐点与拐点偏移
MATH,拐点偏移,拐点偏移的判定与对称化构造
MATH,拐点偏移,拐点偏移问题的处理思路
MATH,拼凑角思想,三角变换中的拼凑角思想
MATH,拼凑角思想,三角求值的“凑角”（角的拆分）法
MATH,拼凑角思想,给值求角时角的范围与定号
MATH,指对处理,指对处理：指成双、对落单
MATH,指对幂比较大小的常用方法,作差法比较大小
MATH,指对幂比较大小的常用方法,图象交点法比较大小
MATH,指对幂比较大小的常用方法,幂值大小的比较策略
MATH,指对幂比较大小的常用方法,指、对、幂比较大小的常用方法
MATH,指对幂比较大小的常用方法,指对幂大小比较的题型与常用方法
MATH,指对幂比较大小的常用方法,指对幂比大小的中间值法与估值法
MATH,指对幂比较大小的常用方法,指对幂比大小的六种方法
MATH,指对幂比较大小的常用方法,指对幂比较大小的基本方法
MATH,指对幂比较大小的常用方法,指数式与对数式比较大小的方法
MATH,指对幂比较大小的常用方法,指数式比较大小的三条路径
MATH,指对幂比较大小的常用方法,比较大小的估值、构造与放缩法
MATH,指对幂比较大小的常用方法,比较大小的常规思路
MATH,指对幂比较大小的常用方法,比较对数式大小的常用方法
MATH,指对幂比较大小的常用方法,比较指数幂大小的常用方法
MATH,指对幂比较大小的常用方法,用中间值比较大小
MATH,指对幂比较大小的常用方法,用函数图象比较大小
MATH,指数,指数与指数幂的意义及运算
MATH,指数不等式,不等式两边乘除负数变号
MATH,指数不等式,利用指数函数单调性解指数不等式
MATH,指数不等式,同构变换处理 ex 与 lnx 混合不等式
MATH,指数不等式,同构法处理指对混合不等式
MATH,指数不等式,向量三角不等式
MATH,指数不等式,指数不等式的解法步骤
MATH,指数不等式,指数型不等式的解法与实际取整
MATH,指数不等式,指数方程与不等式的求解思路
MATH,指数不等式,飘带不等式（对数平均不等式）
MATH,指数函数,指数函数常见问题的解题思路
MATH,指数函数,指数函数的定义与底数的规定
MATH,指数函数,指数函数的概念与单调性
MATH,指数函数及其性质,复数相等、共轭复数及其性质
MATH,指数函数及其性质,指数函数的图象与性质要点
MATH,指数函数及其性质,指数函数的概念与图象
MATH,指数函数及其性质,指数型复合函数定义域的求法
MATH,指数函数及其性质,样本相关系数 r 及其性质
MATH,指数函数的图象与性质应用,底数对指数函数图象的影响
MATH,指数函数的图象与性质应用,指数函数图象的特点
MATH,指数函数的图象与性质应用,指数型函数图象的变换与定点
MATH,指数函数的图象与性质应用,由图象过象限定指数函数参数
MATH,指数函数的常用技巧,利用指数函数性质比较大小
MATH,指数函数的常用技巧,四类函数的常用切线放缩不等式清单
MATH,指数函数的常用技巧,抽象函数的常用赋值技巧
MATH,指数函数的常用技巧,指数函数图象与底数大小的比较
MATH,指数函数的常用技巧,指数式与对数式的符号判定与定点结论
MATH,指数函数的常用技巧,排列组合的常用技巧
MATH,指数函数的常用技巧,特殊化思想中的常数函数
MATH,指数均值不等式,指数均值不等式及其证明
MATH,指数型复合函数的值域问题,指数型函数的定义域与值域
MATH,指数型复合函数的值域问题,指数型复合函数值域的换元求法
MATH,指数型复合函数的值域问题,指数型复合函数值域的求法
MATH,指数型复合函数的单调性问题,指数型函数的“一点一线”特征
MATH,指数型复合函数的单调性问题,指数型函数的定点
MATH,指数型复合函数的单调性问题,指数型复合函数单调性的判断
MATH,指数型复合函数的单调性问题,指数型复合函数的单调性与值域
MATH,指数幂的运算性质,交并补的运算性质
MATH,指数幂的运算性质,复数模的运算性质
MATH,指数幂的运算性质,实数指数幂的三条运算性质
MATH,指数幂的运算性质,指数幂与对数化简求值的运算原则
MATH,指数幂的运算性质,指数幂的运算与根式化简
MATH,指数幂的运算性质,指数幂的运算法则
MATH,指数幂的运算性质,有理指数幂的运算性质
MATH,指数幂的运算性质,根式与实数指数幂的运算
MATH,指数幂运算的一般原则,指数幂化简的常用技巧与失误点
MATH,指数幂运算的一般原则,指数幂运算的一般原则与顺序
MATH,指数幂运算的一般原则,指数幂运算的三条原则
MATH,指数幂运算的一般原则,指数运算与化简求值的方法
MATH,指数方程与对数方程的解法,指数方程与对数方程的常用解法
MATH,挖掘单调性解不等式,利用单调性解不等式的三个步骤
MATH,挖掘单调性解不等式,挖掘单调性解函数不等式
MATH,捆绑法与插空法,相邻用捆绑、不相邻用插空
MATH,换元法-主要用于解决已知的解析式-求函数的解析式的问题,二次函数解析式的三种形式与图象性质
MATH,换元法-主要用于解决已知的解析式-求函数的解析式的问题,二次函数解析式的三种形式与选用
MATH,换元法-主要用于解决已知的解析式-求函数的解析式的问题,函数解析式的四种求法
MATH,换元法-主要用于解决已知的解析式-求函数的解析式的问题,双换元法求两个分式和的最值
MATH,换元法-主要用于解决已知的解析式-求函数的解析式的问题,常见函数模型的解析式清单
MATH,换元法-主要用于解决已知的解析式-求函数的解析式的问题,换元法求解析式及定义域的变化
MATH,换元法-主要用于解决已知的解析式-求函数的解析式的问题,整体换元 t=eˣ/x 简化函数
MATH,换元法-主要用于解决已知的解析式-求函数的解析式的问题,由图象选解析式的三个观察角度
MATH,换元法-主要用于解决已知的解析式-求函数的解析式的问题,由解析式选图象的四步排除法
MATH,换元法-主要用于解决已知的解析式-求函数的解析式的问题,部分周期图象求解析式的“补全周期”技巧
MATH,换元法-主要用于解决已知的解析式-求函数的解析式的问题,配凑法求函数解析式
MATH,换元法-主要用于解决已知的解析式-求函数的解析式的问题,齐次分式的同除换元
MATH,换底公式,换底公式与指对互化
MATH,换底公式,换底公式及其三个重要结论
MATH,换底公式,换底公式及其两个重要结论
MATH,换底公式,换底公式及其推论
MATH,排列,元素占位：有限制条件排列的优先原则
MATH,排列,单条件排列的三种计数模型
MATH,排列,固序问题的三种方法
MATH,排列,排列与排列数
MATH,排列,排列与排列数公式
MATH,排列,排列与组合的概念、公式与解题技巧
MATH,排列,排列数与组合数公式及关系
MATH,排列,排列数公式与全排列阶乘
MATH,排列,排列数公式与性质
MATH,排列,排列数的计算技巧与含排列数的方程不等式
MATH,排列,排列的定义与相同排列的判定
MATH,排列,排列的概念与排列数公式
MATH,排列,排列计数中的重复与遗漏
MATH,排列,有限制条件排列的五类方法与审题思路
MATH,排列,正难则反（补集法）
MATH,排列,波浪数（高低站位）排列
MATH,排列,特殊先安排法
MATH,排列,相同元素的排列处理
MATH,排列,相邻与不相邻的综合处理
MATH,排列,错位排列及其计数
MATH,排列与组合的区别,排列与组合的区别：是否讲顺序
MATH,排列数与组合数的概念,排列数与组合数的概念与记法
MATH,排列组合常用六法,排列组合的六种常用方法
MATH,排列组合的常用方法,排列组合的五种常用方法
MATH,排列组合的解题途径,排列组合应用题的三种解题途径
MATH,描点法作函数图象,描点法作函数图象的四个步骤
MATH,描点法作图,五点作图法的关键点
MATH,描点法作图,描点法作图与图象问题的思路
MATH,插项求和,插项求和的方法
MATH,放缩法证明不等式,指对幂比较中的放缩与泰勒展开
MATH,放缩法证明不等式,适当放缩与常用放缩式
MATH,放缩法证明不等式,验证放缩后等号能否取到
MATH,放缩精度的控制,放缩精度控制：保留前几项
MATH,放缩精度的控制,避免过度放缩
MATH,数列不等式的放缩,先放缩再求和与借助导数证明
MATH,数列不等式的放缩,放缩法定出前 n 项和的整数部分
MATH,数列不等式的放缩,数列不等式中的放缩法
MATH,数列不等式的放缩,数列不等式的放缩总纲
MATH,数列不等式的放缩,数列与不等式中的常见放缩技巧
MATH,数列不等式的放缩,数列与不等式结合的两类问题
MATH,数列不等式的放缩,数列放缩的目标导向与适度原则
MATH,数列不等式的放缩,数列放缩：部分放缩
MATH,数列不等式的放缩,数项数逐项放缩证明和的上界
MATH,数列不等式问题的常见题型,数列与不等式交汇的处理方法
MATH,数列与函数的关系,an 与 Sn 的关系
MATH,数列与函数的关系,an 与 Sn 的关系公式
MATH,数列与函数的关系,两直线交点与方程组的关系
MATH,数列与函数的关系,事件的关系与运算
MATH,数列与函数的关系,二次不等式与二次方程、二次函数的关系
MATH,数列与函数的关系,同构法二：利用根与系数的关系同构
MATH,数列与函数的关系,数列与函数的关系及表示法
MATH,数列与函数的关系,数列公共项问题的函数视角
MATH,数列与函数的关系,数列是特殊的函数
MATH,数列与函数的关系,数列的函数性质：单调性与周期性
MATH,数列与函数的关系,数列问题中的函数引领与离散验证
MATH,数列与函数的关系,递推式含 (−1)ⁿ：找间隔两项的关系
MATH,数列与函数的关系,频率与概率的关系
MATH,数列中的去项与插项问题,数列的去项与插项问题
MATH,数列新定义与新情景问题的解题策略,数列新概念与新情景题的解题策略
MATH,数列新定义问题的模型分类,数列新定义压轴题的模型分类
MATH,数列求和,奇偶并项求和法
MATH,数列求和,数列求和的五种常用方法
MATH,数列求和,数列求和的几种常用方法
MATH,数列求和,数列求和的四种常用方法
MATH,数列求和,数列求和的并项求和法
MATH,数列的公共项问题,数列公共项与插项（减项）问题
MATH,数列的公共项问题,由通项相等求公共项的整数解
MATH,数列的单调性与最值问题,分段数列的单调性条件
MATH,数列的单调性与最值问题,数列单调性与最值的三种求法
MATH,数列的单调性与最值问题,数列单调性的定义与判断方法
MATH,数列的单调性与最值问题,数列性质问题的解题流程
MATH,数列的单调性与最值问题,数列最值转化为函数单调性
MATH,数列的单调性与最值问题,数列最大项与最小项的判定不等式
MATH,数列的单调性与最值问题,数列的函数性质与常用结论
MATH,数列的单调性与最值问题,数列的周期性与单调性判断
MATH,数列的单调性与最值问题,用函数观点求数列最值
MATH,数列的单调性与最值问题,由数列的增减性求参数范围
MATH,数列的单调性与最值问题,等比数列单调性的判定
MATH,数列的单调性与最值问题,连乘积的最值判断
MATH,数列的插项与去项问题,插项后的公差与项数
MATH,数列的插项与去项问题,衍生数列的插入、添加与删减（公共项）问题
MATH,数列的新定义问题,k−等差数列的定义与处理
MATH,数列的新定义问题,与进位制交汇的新定义数列
MATH,数列的新定义问题,二阶等差数列
MATH,数列的新定义问题,分形图形中的数列递推
MATH,数列的新定义问题,均增数列的定义与判断
MATH,数列的新定义问题,数列新定义问题的解题策略
MATH,数列的新定义问题,数列新定义问题的解题要领
MATH,数列的有关概念,数列概念的三个关键辨析
MATH,数列的有关概念,数列的三种表示方法
MATH,数列的有关概念,数列的分类与通项公式
MATH,数列的有关概念,数列的概念、表示与分类
MATH,数列的有关概念,数列的概念与通项公式
MATH,数列的概念,分段（分域）数列的处理
MATH,数列的概念,数列的概念与表示
MATH,数列的递推公式,冰雹猜想（角谷猜想）与分段递推
MATH,数列的递推公式,含 Sn 的递推关系处理
MATH,数列的递推公式,数列中的隐藏条件
MATH,数列的递推公式,数列的概念与通项
MATH,数列的递推公式,数列的表示方法与分类
MATH,数列的递推公式,数列的通项公式与递推公式
MATH,数列的递推公式,递推公式及其使用条件
MATH,数列的递推公式,递推式因式分解后分类讨论
MATH,数列的递推公式,递推式的化归处理
MATH,数列的递推公式,递推法在计数原理中的应用
MATH,数列通项公式的求法,中点公式的向量形式
MATH,数列通项公式的求法,分段通项公式的奇偶讨论求解
MATH,数列通项公式的求法,均值与方差的求法及性质
MATH,数列通项公式的求法,常见裂项公式集
MATH,数列通项公式的求法,弦长的两种求法
MATH,数列通项公式的求法,数列通项公式与表示法
MATH,数列通项公式的求法,由递推关系求通项的三种方法
MATH,数列通项公式的求法,直线被圆截得弦长的求法
MATH,数列通项公式的求法,等比数列通项的四种求法
MATH,数列通项公式的求法,裂项公式：1/(4n²−1)
MATH,数列通项公式的求法,裂项公式：1/(√(2n−1)+√(2n+1))
MATH,数列通项公式的求法,裂项公式：1/(√n+√(n+k))
MATH,数列通项公式的求法,裂项公式：1/[n(n+1)(n+2)]
MATH,数列通项公式的求法,裂项公式：1/[n(n+k)]
MATH,数列通项公式的求法,裂项公式：2ⁿ/[(2ⁿ+1)(2ⁿ⁺¹+1)]
MATH,数列通项公式的求法,裂项公式：ln(1+1/n)
MATH,数列通项公式的求法,裂项公式：n·n! = (n+1)! − n!
MATH,数列通项公式的求法,观察法、定义法与公式法求通项
MATH,数列通项公式的求法,递推数列求通项的方法选择
MATH,数学归纳法,归纳、猜想与数学归纳法的配合
MATH,数学归纳法,数列不等式证明的三条路线
MATH,数学归纳法,数学归纳法与通项求和类策略
MATH,数学归纳法,数学归纳法使用中的四类典型错误
MATH,数学归纳法,数学归纳法在三类问题中的策略
MATH,数学归纳法,数学归纳法的三步走模板与假设用法
MATH,数学归纳法,数学归纳法的两个步骤
MATH,数学归纳法,数学归纳法的定义与两个步骤
MATH,数学归纳法,数学归纳法的定义与步骤
MATH,数学归纳法,数学归纳法的适用范围与步骤细节
MATH,数学归纳法,数学归纳法证明数列命题的两步规范
MATH,数学归纳法,数学归纳法证明数列性质
MATH,数学归纳法,数学归纳法：递推基础＋递推归纳两步证明自然数命题
MATH,数学归纳法,用数学归纳法证明不等式的要点
MATH,数形结合找临界,函数图象的应用与解题策略
MATH,数形结合找临界,含参零点个数问题的临界位置
MATH,数形结合找临界,含绝对值的曲线与直线的交点个数
MATH,数形结合找临界,方程解的个数转化为图象交点
MATH,数据线性变换的平均数与方差,数据线性变换的平均数与方差性质
MATH,数量积的运算方法与变形公式,数量积的两种运算方法与常用变形公式
MATH,数量积综合应用的解题方法,数量积综合应用的三大解题方法
MATH,斐波那契数列,斐波那契数列与杨辉三角、黄金分割的联系
MATH,斐波那契数列,斐波那契数列的定义与常用结论
MATH,斐波那契数列,斐波那契数列的定义与通项公式
MATH,斐波那契数列,斐波那契数列的常用性质
MATH,斐波那契数列,斐波那契数列的概念与递推
MATH,斐波那契数列,斐波那契数列的递推关系与常用结论
MATH,斜坐标系中的向量运算,斜坐标系中的向量运算（新定义）
MATH,斯特瓦尔特定理,斯特瓦尔特定理及其推论
MATH,新定义函数题的解题思路,新定义函数题的转化思路
MATH,方差与标准差,加权平均与总体方差的加权式
MATH,方差与标准差,数据线性变换下平均数与方差的性质
MATH,方差与标准差,数据线性变换后统计量的变化规律
MATH,方差与标准差,方差、标准差与分层抽样的数字特征
MATH,方差与标准差,方差、标准差与总体方差的加权式
MATH,方差与标准差,方差、标准差与极差
MATH,方差与标准差,方差与标准差的定义
MATH,方差与标准差,方差与标准差的定义与意义
MATH,方差与标准差,标准差与方差
MATH,方程组法-主要解决已知与-的方程-求解析式,构造方程组法求函数解析式
MATH,旋转体的结构特征,圆柱、圆锥、圆台与球的结构特征
MATH,曲线-在-某点处的切线问题,“函数图象与 x 轴相切”等价于两个条件
MATH,曲线-在-某点处的切线问题,“在点P处”与“过点P”的切线区别
MATH,曲线-在-某点处的切线问题,函数图象的切线方程
MATH,曲线-在-某点处的切线问题,切线与公共点及“在”“过”的辨析
MATH,曲线-在-某点处的切线问题,圆的切线问题
MATH,曲线-在-某点处的切线问题,在点与过点切线方程的求法
MATH,曲线-在-某点处的切线问题,在点型切线方程的求解步骤
MATH,曲线-在-某点处的切线问题,在点处与过点处的切线区别
MATH,曲线-在-某点处的切线问题,在点处的切线与过点切线的区分
MATH,曲线-在-某点处的切线问题,曲线“在一点”与“过一点”切线的辨析
MATH,曲线-在-某点处的切线问题,曲线在某点处的切线方程求法
MATH,曲线-在-某点处的切线问题,曲线在点处的切线方程
MATH,曲线-在-某点处的切线问题,由两切线垂直求参数
MATH,曲线-过-某点的切线问题,圆的切线垂直于过切点的半径
MATH,曲线-过-某点的切线问题,在点的切线与过点的切线
MATH,曲线-过-某点的切线问题,曲线在点处与过点处的切线
MATH,曲线-过-某点的切线问题,曲线过某点的切线方程求法
MATH,曲线-过-某点的切线问题,曲线过点的切线方程与切线条数
MATH,曲线-过-某点的切线问题,过原点的切线（利用奇偶对称性）
MATH,曲线-过-某点的切线问题,过圆 x²+y²=r² 上一点的切线方程公式
MATH,曲线-过-某点的切线问题,过圆外一点的切点弦方程（x²+y²=r² 型）
MATH,曲线-过-某点的切线问题,过圆外一点的切点弦方程（平移圆型）
MATH,曲线-过-某点的切线问题,过已知点求切线的设切点法
MATH,曲线-过-某点的切线问题,过某点的切线方程的求法
MATH,曲线-过-某点的切线问题,过点作三次曲线的切线条数问题
MATH,曲线-过-某点的切线问题,过点型切线方程的求解步骤
MATH,曲线的轨迹方程,与圆有关的轨迹方程的求法
MATH,曲线的轨迹方程,参数法求轨迹与曲线类型的讨论
MATH,曲线的轨迹方程,圆锥曲线的第三定义（斜率之积为定值的轨迹）
MATH,曲线的轨迹方程,定直线问题的处理技巧
MATH,曲线的轨迹方程,用向量条件求动点轨迹方程
MATH,曲线的轨迹方程,由代数条件判断轨迹类型（分类讨论）
MATH,曲线的轨迹方程,直角顶点的轨迹为圆（直径所对圆周角）
MATH,曲线的轨迹方程,相关点法（代入法）求轨迹方程
MATH,曲线的轨迹方程,空间动态问题——建系法求动点轨迹方程
MATH,曲线的轨迹方程,轨迹方程的求法与步骤
MATH,曼哈顿距离,曼哈顿距离及其处理思路
MATH,曼哈顿距离,曼哈顿距离的定义与性质
MATH,最值函数,最大值函数与最小值函数
MATH,月牙定理,月牙定理与化圆为方
MATH,月牙定理,月牙定理（希波克拉底月牙）
MATH,有条件等式的最值,条件等式有和有积时求最值
MATH,有限制条件的排列问题,有限制条件排列问题的常用方法
MATH,条件概率,条件概率及其三种求法
MATH,条件概率,条件概率的定义与三条性质
MATH,条件概率,条件概率的定义与乘法公式
MATH,条件概率,条件概率的定义与基本性质
MATH,条件概率,条件概率的概念与两个公式
MATH,条件概率,条件概率的求法与易混辨析
MATH,条件概率,概率统计大题的通用流程
MATH,杨辉三角的性质,杨辉三角的两条常用性质
MATH,极值最值问题中的等价转化,极值最值问题中的等价转化思想
MATH,极值点偏移的对称化构造法,对称化构造差函数的思路
MATH,极值点偏移的对称化构造法,对称化构造的三个易错点
MATH,极值点偏移的对称化构造法,对称化构造的四步模板
MATH,极值点偏移的对称化构造法,极值点偏移的对称化构造法与比值代换法
MATH,极值点偏移问题,先化“函数值相等”再用对称化构造
MATH,极值点偏移问题,切线放缩的切点选择原则
MATH,极值点偏移问题,双变量问题的极值点偏移型
MATH,极值点偏移问题,对数均值不等式与指数均值不等式法
MATH,极值点偏移问题,对数均值不等式处理极值点偏移的“五步法”
MATH,极值点偏移问题,对数均值不等式解极值点偏移问题
MATH,极值点偏移问题,对称化构造法
MATH,极值点偏移问题,对称化构造法（x₁+x₂>2x₀ 型）
MATH,极值点偏移问题,对称化构造法（x₁x₂>x₀² 型）
MATH,极值点偏移问题,对称化构造法（和型）证极值点偏移
MATH,极值点偏移问题,对称化构造法（积型）证极值点偏移
MATH,极值点偏移问题,对称型构造处理极值点偏移
MATH,极值点偏移问题,对称构造函数法处理双变量问题
MATH,极值点偏移问题,对称构造法解决极值点偏移
MATH,极值点偏移问题,差值代换法解决极值点偏移
MATH,极值点偏移问题,极值点不偏移的等价刻画
MATH,极值点偏移问题,极值点与拐点偏移问题的三类处理策略
MATH,极值点偏移问题,极值点偏移中“两边取对数”化指为对
MATH,极值点偏移问题,极值点偏移的判定（左移与右移）
MATH,极值点偏移问题,极值点偏移的判断与构造
MATH,极值点偏移问题,极值点偏移的含义
MATH,极值点偏移问题,极值点偏移的含义与判定
MATH,极值点偏移问题,极值点偏移的含义与四种图象形态
MATH,极值点偏移问题,极值点偏移的定义与判定
MATH,极值点偏移问题,极值点偏移的定义与图形判定
MATH,极值点偏移问题,极值点偏移的定义与图象判定
MATH,极值点偏移问题,极值点偏移的定义与本质
MATH,极值点偏移问题,极值点偏移的对称构造模板
MATH,极值点偏移问题,极值点偏移的对称构造法
MATH,极值点偏移问题,极值点偏移的对称构造答题模板
MATH,极值点偏移问题,极值点偏移的差值换元与比值换元
MATH,极值点偏移问题,极值点偏移的方向与凹凸性判定
MATH,极值点偏移问题,极值点偏移的方法选择表
MATH,极值点偏移问题,极值点偏移的概念与图形判定
MATH,极值点偏移问题,极值点偏移的概念与常见题设形式
MATH,极值点偏移问题,极值点偏移的概念与方向判断
MATH,极值点偏移问题,极值点偏移的比值换元与差值换元法
MATH,极值点偏移问题,极值点偏移的证明思路
MATH,极值点偏移问题,极值点偏移的题设特征与目标
MATH,极值点偏移问题,极值点偏移证明的通用四步
MATH,极值点偏移问题,极值点偏移问题的三种处理策略
MATH,极值点偏移问题,极值点偏移问题的三类设问
MATH,极值点偏移问题,极值点对应对称轴、零点对应对称中心
MATH,极值点偏移问题,比值代换法处理极值点偏移
MATH,极值点偏移问题,比值代换法解决极值点偏移
MATH,极值点偏移问题,比值换元法处理双变量问题
MATH,极值点偏移问题,泰勒构造二次函数解极值点偏移
MATH,极值点偏移问题,泰勒构造法的第三步与适用范围
MATH,极值点偏移问题,用判定定理处理极值点偏移的步骤
MATH,极化恒等式,极化恒等式与向量三角不等式
MATH,极化恒等式,极化恒等式及其两种形式
MATH,极化恒等式,极化恒等式及其几何意义
MATH,极化恒等式,极化恒等式及其几何解释
MATH,极化恒等式,极化恒等式及其应用
MATH,极化恒等式,极化恒等式及其用法
MATH,极化恒等式,极化恒等式求数量积
MATH,极化恒等式,极化恒等式的两种模式与适用场景
MATH,极化恒等式,极化恒等式的内容与几何意义
MATH,极化恒等式,极化恒等式的几何形式（中点法）
MATH,极化恒等式,极化恒等式的应用
MATH,极化恒等式,极化恒等式的推导与两种几何解释
MATH,极化恒等式,用极化恒等式求数量积的取值范围
MATH,极化恒等式,用极化恒等式求数量积的步骤
MATH,极化恒等式,矩形中对角线交点与任意点的向量关系
MATH,极点极线,圆的极点与极线
MATH,极点极线,定比分点条件的极线转化
MATH,极点极线,定比点差法推极线方程
MATH,极点极线,极点与极线的定义与三个常用极线方程
MATH,极点极线,极点与极线的定义及三类极线方程
MATH,极点极线,极点极线的五条性质
MATH,极点极线,极点极线的定义与画法
MATH,极点极线,极点极线的直角坐标形式
MATH,极点极线,用极线猜定点并规范证明
MATH,构造函数-运用函数的单调性比较,利用 f(x) 与 e^x 构造
MATH,构造函数-运用函数的单调性比较,利用 f(x) 与 sin x、cos x 构造
MATH,构造函数-运用函数的单调性比较,利用 f(x) 与 x^n 构造
MATH,构造函数-运用函数的单调性比较,利用导数比较大小的两种情形
MATH,构造函数-运用函数的单调性比较,抽象函数构造的三类模式
MATH,构造函数-运用函数的单调性比较,构造具体函数比较大小
MATH,构造函数-运用函数的单调性比较,构造函数比较大小的常见题型
MATH,构造函数-运用函数的单调性比较,构造函数用单调性比较大小（化为同构形式）
MATH,构造函数-运用函数的单调性比较,构造同一函数比较大小
MATH,构造函数-运用函数的单调性比较,比大小难题的构造与放缩思路
MATH,构造函数-运用函数的单调性比较,由条件式构造辅助函数判断单调性
MATH,构造法求数列通项,一阶线性递推求通项
MATH,构造法求数列通项,两边同加一次式构造等比数列
MATH,构造法求数列通项,交叉相乘构造平方差为常数
MATH,构造法求数列通项,作差证等比与累加法求值
MATH,构造法求数列通项,借助辅助数列求通项
MATH,构造法求数列通项,加指数项构造等比数列
MATH,构造法求数列通项,同除与取对数化归
MATH,构造法求数列通项,同除变换求指数型递推通项
MATH,构造法求数列通项,把递推式转化为等差数列求通项
MATH,构造法求数列通项,数列压轴题的定向变形与构造
MATH,构造法求数列通项,数列构造法汇总（递推类型→构造方向）
MATH,构造法求数列通项,构造法求数列通项的思路与类型
MATH,构造法求数列通项,构造法求通项公式的五种类型
MATH,构造法求数列通项,构造法求通项的几种模型
MATH,构造法求数列通项,构造法求通项的思路
MATH,构造法求数列通项,构造法求通项的通用步骤
MATH,构造法求数列通项,构造等比数列求通项的常见类型
MATH,构造法求数列通项,用取对数构造等比数列
MATH,构造法求数列通项,用构造法求线性递推数列的通项
MATH,构造法求数列通项,由线性递推式构造等比数列
MATH,构造法求数列通项,行数列的项数与和的构造
MATH,构造法求数列通项,递推式的化归：同除指数型与取倒数法
MATH,构造法求数列通项,递推数列通项的构造方法
MATH,柯西不等式与权方和不等式,二维柯西不等式
MATH,柯西不等式与权方和不等式,二维柯西不等式与权方和不等式
MATH,柯西不等式与权方和不等式,权方和不等式
MATH,柯西不等式与权方和不等式,权方和不等式及其配凑用法
MATH,柯西不等式与权方和不等式,权方和不等式求分式型最值
MATH,柯西不等式与权方和不等式,权方和不等式的内容与证明思路
MATH,柯西不等式与权方和不等式,柯西不等式及其证明
MATH,柯西不等式与权方和不等式,柯西不等式的一般形式与向量形式
MATH,柯西不等式与权方和不等式,柯西不等式的形式与使用要点
MATH,柯西不等式与权方和不等式,柯西不等式（微拓展）
MATH,柯西不等式与权方和不等式,柯西与权方和不等式
MATH,柯西中值定理,柯西中值定理及其特例
MATH,柯西中值定理,柯西中值定理（背景了解）
MATH,柱体-锥体-台体侧面积间的关系,圆锥侧面展开图圆心角公式与两圆锥的比较
MATH,柱体-锥体-台体侧面积间的关系,把曲面屋顶还原为圆柱侧面求面积
MATH,柱体-锥体-台体侧面积间的关系,旋转体侧面展开图与侧面积
MATH,柱体-锥体-台体侧面积间的关系,柱、锥、台、球的侧面积与表面积
MATH,柱体-锥体-台体侧面积间的关系,直棱柱、正棱锥、正棱台的侧面展开图与侧面积公式
MATH,柱体外接球公式R²=r²+h²/4,侧棱垂直底面的三棱锥补成直棱柱求外接球最值
MATH,柱体外接球公式R²=r²+h²/4,圆柱与直三棱柱的外接球半径公式
MATH,柱体外接球公式R²=r²+h²/4,柱体外接球公式及其证明
MATH,柱体外接球公式R²=r²+h²/4,柱体的外接球公式
MATH,柱体外接球公式R²=r²+h²/4,直棱柱与圆柱的外接球
MATH,柱体外接球公式R²=r²+h²/4,直棱柱与圆柱的外接球模型
MATH,根式与分数指数幂,根式与分数指数幂的互化
MATH,根式与分数指数幂,根式与分数指数幂的定义
MATH,根式与分数指数幂,根式与分数指数幂的意义
MATH,根式与分数指数幂,根式的概念与分数指数幂
MATH,根式与分数指数幂,根式的概念与分数指数幂的意义
MATH,根据交集-并集-补集的运算结果求参数,交集、并集、补集的定义
MATH,根据交集-并集-补集的运算结果求参数,并集与交集的运算性质
MATH,根据交集-并集-补集的运算结果求参数,由交并补运算结果求参数的思路
MATH,根据交集-并集-补集的运算结果求参数,由集合关系（运算结果）求参数的讨论法
MATH,根据交集-并集-补集的运算结果求参数,由集合的运算结果求参数
MATH,根据交集-并集-补集的运算结果求参数,由集合运算结果求参数的两种处理
MATH,根据交集-并集-补集的运算结果求参数,由集合运算结果求参数的思路
MATH,根据交集-并集-补集的运算结果求参数,补集运算律（摩根律）
MATH,根据交集-并集-补集的运算结果求参数,集合交并补的运算与等价条件
MATH,根据全称-存在量词命题的真假求参数,全称量词与存在量词命题的真假判断
MATH,根据全称-存在量词命题的真假求参数,含量词命题求参数的策略
MATH,根据全称-存在量词命题的真假求参数,含量词命题求参数范围的方法
MATH,根据全称-存在量词命题的真假求参数,命题与其否定的真假关系
MATH,根据全称-存在量词命题的真假求参数,垂直命题真假借助正方体判定
MATH,根据全称-存在量词命题的真假求参数,由全称量词、存在量词命题的真假求参数
MATH,根据全称-存在量词命题的真假求参数,由含量词命题的真假求参数
MATH,根据全称-存在量词命题的真假求参数,由命题真假求参数的范围
MATH,根据全称-存在量词命题的真假求参数,由存在量词命题为真求参数范围
MATH,根据全称-存在量词命题的真假求参数,量词命题真假与参数范围的联立
MATH,根据全称-存在量词命题的真假求参数,量词命题真假的判定策略
MATH,根据零点个数求参数的方法,由零点个数求参数范围的三种方法
MATH,梅涅劳斯定理与塞瓦定理,梅涅劳斯定理与塞瓦定理的技巧要点
MATH,棣莫弗定理与1的n次方根,棣莫弗定理与单位根的性质
MATH,棱切球,棱切球的求解思路
MATH,棱切球（与各棱相切的球）,棱切球半径与外接球半径之比（正三棱柱）
MATH,棱切球（与各棱相切的球）,棱切球：与几何体各条棱都相切的球
MATH,棱台的结构特征,棱台与正棱台的结构特征
MATH,棱柱的结构特征,棱柱的结构特征与分类
MATH,棱锥的结构特征,棱锥与正棱锥的结构特征
MATH,椭圆,椭圆上点到定点距离的最值
MATH,椭圆,椭圆中斜率的定值结论
MATH,椭圆,椭圆的几何性质与六条拓展结论
MATH,椭圆,椭圆的定义与几何性质
MATH,椭圆,椭圆的定义与轨迹条件
MATH,椭圆,椭圆的定义与轨迹的三种情形
MATH,椭圆,椭圆的定义与集合描述
MATH,椭圆,用椭圆光学性质求垂足轨迹
MATH,椭圆焦点三角形,椭圆上 ∠F₁PF₂ 最大时 P 为短轴端点
MATH,椭圆焦点三角形,椭圆上张角最大的位置：短轴端点
MATH,椭圆焦点三角形,椭圆焦点三角形的周长与焦半径之积
MATH,椭圆焦点三角形,椭圆焦点三角形的面积
MATH,椭圆焦点三角形,椭圆焦点三角形的面积与焦半径运算
MATH,椭圆焦点三角形,椭圆焦点三角形的面积公式
MATH,椭圆焦点三角形,椭圆焦点三角形面积的最大值
MATH,椭圆焦点三角形,椭圆的焦点三角形
MATH,椭圆焦点三角形,椭圆的焦点三角形及其常用结论
MATH,椭圆焦点三角形,焦点三角形的内角与离心率
MATH,椭圆焦点三角形,焦点三角形的面积与离心率公式
MATH,椭圆焦点三角形,由顶角余弦求椭圆上的点距
MATH,椭圆的方程,巧设椭圆方程 mx²+ny²=1
MATH,椭圆的方程,椭圆标准方程的求解方法
MATH,椭圆的方程,椭圆标准方程的特征与焦点定位
MATH,椭圆的方程,椭圆的标准方程与几何性质
MATH,椭圆的方程,由离心率等条件求椭圆的标准方程
MATH,椭圆的焦半径公式,椭圆上点到焦点的距离范围
MATH,椭圆的焦半径公式,椭圆与双曲线的焦半径最值结论
MATH,椭圆的焦半径公式,椭圆的焦半径公式（坐标式与倾斜角式）
MATH,椭圆的焦半径公式,椭圆的焦半径公式（用倾斜角表示）
MATH,椭圆的焦半径公式,椭圆的第二定义与焦半径的坐标形式
MATH,椭圆的焦半径公式,由距离相等条件求离心率范围
MATH,椭圆的焦点,椭圆焦点弦长公式
MATH,椭圆的焦点,椭圆的定义
MATH,椭圆的焦点,椭圆的焦点弦与中点弦（点差）结论
MATH,椭圆的离心率,丹德林双球求椭圆的长轴与焦距
MATH,椭圆的离心率,倾斜圆台中的水面交线（椭圆）与离心率
MATH,椭圆的离心率,斜截圆柱与圆的投影得椭圆
MATH,椭圆的离心率,斜椭圆的长短轴与离心率
MATH,椭圆的离心率,椭圆中 e 与 b/a 的互化公式
MATH,椭圆的离心率,椭圆的几何性质
MATH,椭圆的离心率,椭圆的离心率及其与 a、b 的关系
MATH,椭圆的离心率,椭圆的离心率及其几何意义
MATH,椭圆的离心率,椭圆离心率的计算与互化
MATH,概率与函数综合,期望最大值的对称性秒杀
MATH,概率与函数综合,概率与函数综合的解题思路
MATH,概率与函数综合,概率与函数综合的转化通法
MATH,概率与函数综合,概率与期望最值的求法
MATH,概率与函数综合,概率可用函数表示的处理流程
MATH,概率与函数综合,用函数方法求概率的最大值
MATH,概率与数列综合,概率中的等差等比证明与累加
MATH,概率的基本性质,互斥、对立、古典概型与相互独立事件的概率计算
MATH,概率的基本性质,互斥与对立的集合理解
MATH,概率的基本性质,互斥事件、对立事件与概率的基本性质
MATH,概率的基本性质,互斥事件与对立事件
MATH,概率的基本性质,互斥事件与相互独立事件的概率运算
MATH,概率的基本性质,概率加法公式及其推广
MATH,概率的基本性质,概率的基本性质与互斥加法公式
MATH,概率的基本性质,至少型概率的对立事件解法
MATH,欧拉线,三角形的欧拉线
MATH,正切函数,正切函数图象与单调性的要点
MATH,正切函数,正切函数的图象与性质
MATH,正弦函数,正弦函数的图象与性质
MATH,正弦函数,正弦曲线与五点法作图
MATH,正弦定理,外接圆半径与正弦定理配合求角
MATH,正弦定理,大边对大角
MATH,正弦定理,忽视三角形解的个数致错
MATH,正弦定理,椭圆焦点三角形离心率的正弦定理公式
MATH,正弦定理,正弦定理与三角形解的个数
MATH,正弦定理,正弦定理与余弦定理
MATH,正弦定理,正弦定理与余弦定理的推导思路
MATH,正弦定理,正弦定理与边角互化
MATH,正弦定理,正弦定理及其变形
MATH,正弦定理,正弦定理及其变形与应用
MATH,正弦定理,正弦定理及其变形公式
MATH,正弦定理,正弦定理及其常用变形
MATH,正弦定理,正弦定理及其常见变形
MATH,正弦定理,正弦定理的内容、变形与应用
MATH,正弦定理,正弦定理的内容与常用变形
MATH,正弦定理,正弦定理的形式与边角互化功能
MATH,正弦定理,正弦定理解题的三种策略
MATH,正弦定理,比较边的大小转化为比较角的大小
MATH,正弦定理,爪型三角形中设边建立方程求线段长
MATH,正弦定理,用正弦定理快速求底面三角形的外接圆半径
MATH,正弦定理,用正弦定理求外接圆半径
MATH,正弦定理,边角混合等式的处理策略
MATH,正弦定理,锐角三角形中边比取值范围的求法
MATH,正态分布,3σ 原则（正态分布三个概率区间）
MATH,正态分布,二项分布的正态近似
MATH,正态分布,正态分布与 3σ 原则
MATH,正态分布,正态分布与3σ原则
MATH,正态分布,正态分布与正态曲线的特点
MATH,正态分布,正态分布区间概率的求法
MATH,正态分布,正态分布区间概率的运算关系
MATH,正态分布,正态分布密度曲线与概率计算
MATH,正态分布,正态分布的 3σ 原则与特殊区间概率
MATH,正态分布,正态分布的定义与正态曲线的特点
MATH,正态分布,正态分布的应用与样本估计
MATH,正态分布,正态分布的识别与表达
MATH,正态分布,正态密度函数、正态曲线与 3σ 原则
MATH,正态分布,正态密度曲线与正态分布
MATH,正态分布,正态曲线的对称性与 3σ 参考数据
MATH,正态分布,用样本均值与标准差估计正态参数并筛除异常数据
MATH,正方体切割出的四面体模型,正方体顶点构成的三类四面体
MATH,比值换元与差值换元,差值换元处理偏移问题
MATH,比值换元与差值换元,换元法处理偏移的易错点
MATH,比值换元与差值换元,比值换元处理偏移问题
MATH,比较函数值的大小-先将自变量转化到同一个单调区间内-然后利用函数的单调性解决,利用函数性质比较函数值大小
MATH,比较函数值的大小-先将自变量转化到同一个单调区间内-然后利用函数的单调性解决,利用单调性比较大小的核心思路
MATH,比较函数值的大小-先将自变量转化到同一个单调区间内-然后利用函数的单调性解决,利用奇偶性转移区间比较大小
MATH,比较函数值的大小-先将自变量转化到同一个单调区间内-然后利用函数的单调性解决,同一个函数的判定
MATH,比较函数值的大小-先将自变量转化到同一个单调区间内-然后利用函数的单调性解决,奇偶函数的常用性质
MATH,比较函数值的大小-先将自变量转化到同一个单调区间内-然后利用函数的单调性解决,奇函数在关于原点对称的两区间上单调性相同
MATH,比较函数值的大小-先将自变量转化到同一个单调区间内-然后利用函数的单调性解决,指数幂大小比较
MATH,比较函数值的大小-先将自变量转化到同一个单调区间内-然后利用函数的单调性解决,比较函数值大小的方法
MATH,比较函数值的大小-先将自变量转化到同一个单调区间内-然后利用函数的单调性解决,特殊点个数求 ω 思路2：转化到 t 定端点范围
MATH,比较函数值的大小-先将自变量转化到同一个单调区间内-然后利用函数的单调性解决,用奇偶性把自变量归到同一区间
MATH,比较函数值的大小-先将自变量转化到同一个单调区间内-然后利用函数的单调性解决,连续的单调函数至多有一个零点
MATH,求体积的常用方法,两个柱体垂直贯穿所得几何体的体积
MATH,求体积的常用方法,以一条直角棱为高的三棱锥体积计算
MATH,求体积的常用方法,体积法求内切球半径
MATH,求体积的常用方法,作二面角平面角的常用方法
MATH,求体积的常用方法,分割求和法求不规则多面体体积
MATH,求体积的常用方法,分割法与补形法求组合体体积
MATH,求体积的常用方法,分割法求不规则几何体的体积
MATH,求体积的常用方法,分割法求空间几何体的体积
MATH,求体积的常用方法,同高两锥体的体积比等于底面积比
MATH,求体积的常用方法,延展平面求两个几何体公共部分的体积
MATH,求体积的常用方法,把平面展开图拼接所得多面体补成正方体
MATH,求体积的常用方法,构造柱体转化求体积（把斜置体放进正棱柱）
MATH,求体积的常用方法,用体积比求点到平面的距离之比
MATH,求体积的常用方法,用向量法求点面距离后求体积
MATH,求体积的常用方法,等体积变换（换底法）求体积
MATH,求体积的常用方法,等体积法求体积与点到平面的距离
MATH,求体积的常用方法,补形法求不规则几何体的体积
MATH,求函数最值的方法,最大值、最小值的定义与单调性求最值的结论
MATH,求和问题,数列求和的四种核心方法
MATH,求复合函数单调性时忽略定义域致错,复合函数单调性“同增异减”
MATH,求复合函数单调性时忽略定义域致错,复合函数单调性“同增异减”法则
MATH,求复合函数单调性时忽略定义域致错,复合函数单调性『同增异减』原则
MATH,求复合函数单调性时忽略定义域致错,复合函数单调性：同增异减
MATH,求复合函数单调性时忽略定义域致错,复合函数单调性：同增异减与定义域优先
MATH,求空间几何体表面积,空间几何体表面积的常见求法
MATH,求解几何体外接球的半径的思路,三棱锥补成柱体后求外接球半径的最小值
MATH,求解几何体外接球的半径的思路,以焦半径为直径的圆与 y 轴相切
MATH,求解几何体外接球的半径的思路,几何体外接球半径的三条思路
MATH,求解几何体外接球的半径的思路,动点在外接球上的半径取值范围
MATH,求解几何体外接球的半径的思路,双面定球心在坐标系中的操作
MATH,求解几何体外接球的半径的思路,可补形为长方体的锥体外接球模型
MATH,求解几何体外接球的半径的思路,台体外接球的球心定位与方程
MATH,求解几何体外接球的半径的思路,四点共球时补成长方体求外接球体积
MATH,求解几何体外接球的半径的思路,四点共球的长方体模型
MATH,求解几何体外接球的半径的思路,圆柱与内接棱锥共球心（用中点确定球心）
MATH,求解几何体外接球的半径的思路,圆柱外接球半径与侧面积最值的联动
MATH,求解几何体外接球的半径的思路,圆锥与圆台的外接球半径公式
MATH,求解几何体外接球的半径的思路,墙角模型与对棱相等模型的补形法
MATH,求解几何体外接球的半径的思路,外接球模型一：墙角模型
MATH,求解几何体外接球的半径的思路,外接球模型：长方体与“可还原成长方体”的锥体
MATH,求解几何体外接球的半径的思路,外接球球心的三种确定方法
MATH,求解几何体外接球的半径的思路,外接球的补形法（长方体模型）
MATH,求解几何体外接球的半径的思路,外接球补形法三种模型
MATH,求解几何体外接球的半径的思路,外接球问题的两类模型与求解思路
MATH,求解几何体外接球的半径的思路,多面体外接球的常用结论
MATH,求解几何体外接球的半径的思路,正四棱锥的外接球半径与球体积互推
MATH,求解几何体外接球的半径的思路,正方体外接球的直径等于体对角线
MATH,求解几何体外接球的半径的思路,正棱锥与侧棱相等的外接球
MATH,求解几何体外接球的半径的思路,正棱锥与圆锥的内切球、外接球
MATH,求解几何体外接球的半径的思路,正棱锥的外接球：球心在底面高线（或其延长线）上
MATH,求解几何体外接球的半径的思路,特殊几何体外接球的求法
MATH,求解几何体外接球的半径的思路,球与长方体、正方体、正四面体的组合
MATH,求解几何体外接球的半径的思路,球内接旋转体的轴截面法
MATH,求解几何体外接球的半径的思路,球心到截面的距离与高的关系（SA 垂直底面型）
MATH,求解几何体外接球的半径的思路,球的组合体半径结论
MATH,求解几何体外接球的半径的思路,由“球心到各点距离相等”求球心坐标
MATH,求解几何体外接球的半径的思路,确定外接球球心的三种方法
MATH,求解几何体外接球的半径的思路,立体几何外接（内切）球的八大模型清单
MATH,求解几何体外接球的半径的思路,补形法见招四与柱体公式应用
MATH,求解几何体外接球的半径的思路,补形法：把三棱锥补成正方体求外接球
MATH,求解几何体外接球的半径的思路,锥体与台体外接球的球心定位
MATH,求解几何体外接球的半径的思路,长方体外接球与体对角线模型
MATH,求解几何体外接球的半径的思路,长方体外接球的球心与半径
MATH,求解等差数列基本量的策略,等差数列基本计算的两条路径
MATH,求解等差数列基本量的策略,等差数列基本量法
MATH,求解等差数列基本量的策略,等差数列基本量法的步骤
MATH,求解等差数列基本量的策略,等差数列基本量法的设元与列方程策略
MATH,求解等差数列基本量的策略,等差数列基本量的方程思想
MATH,求解等差数列基本量的策略,等差数列基本量的求解思路
MATH,求解等差数列基本量的策略,等差数列基本量的求解策略
MATH,求解等差数列基本量的策略,等差数列基本量的知三求二
MATH,求解等差数列基本量的策略,等差数列基本量运算的四步
MATH,求解等差数列基本量的策略,等差数列运算的三个思想方法
MATH,求解等比数列基本量的策略,两式相除消去首项求公比
MATH,求解等比数列基本量的策略,等比数列基本量法与公比的分类讨论
MATH,求解等比数列基本量的策略,等比数列基本量的求解策略
MATH,求解等比数列基本量的策略,等比数列基本量的消元与整体代换
MATH,求解等比数列基本量的策略,等比数列基本量的知三求二
MATH,求解等比数列基本量的策略,等比数列基本量的计算
MATH,求解等比数列基本量的策略,等比数列基本量的运算策略
MATH,求解等比数列基本量的策略,等比数列基本量运算的消元与整体代换
MATH,注意解题-3关键,等比数列解题的三个关键点
MATH,泰勒展开式,正弦与余弦的泰勒展开式
MATH,泰勒展开式,泰勒展开与常用超越不等式
MATH,泰勒展开式,泰勒展开与麦克劳林公式
MATH,泰勒展开式,泰勒展开式估算比较大小
MATH,泰勒展开式,由泰勒公式导出的常用不等式
MATH,洛必达法则,洛必达法则及其使用条件
MATH,洛必达法则,洛必达法则在高中使用边界
MATH,洛必达法则,洛必达法则求不定式极限
MATH,洛必达法则,洛必达法则的两种适用情形
MATH,洛必达法则,洛必达法则的使用原则与用法
MATH,洛必达法则,洛必达法则的使用条件与注意
MATH,洛必达法则,洛必达法则的内容与使用原则
MATH,洛必达法则,洛必达法则的定义与法则形式
MATH,洛必达法则,洛必达法则的适用类型转化与注意
MATH,洛必达法则,洛必达法则（0/0 型与 ∞/∞ 型）
MATH,洛必达法则,用洛必达法则定分类标准
MATH,涂色问题的计数方法,涂色（种植）问题的计数方法
MATH,混淆数列与函数致错,忽略数列自变量离散致错
MATH,混淆数列与函数致错,等差数列与一次函数、二次函数的联系
MATH,点-方法技巧-点拨解题方法-练一题通一类,定序问题方法一：全排列数除以定序元素的全排列数
MATH,点-方法技巧-点拨解题方法-练一题通一类,非对称问题方法一：配凑半代换
MATH,点-方法技巧-点拨解题方法-练一题通一类,非对称问题方法三：曲线代换
MATH,点-方法技巧-点拨解题方法-练一题通一类,非对称问题方法四：先猜后证处理定点定值
MATH,点与圆的位置关系,点与圆位置关系的判定
MATH,点与圆的位置关系,点与圆的位置关系及判断
MATH,点与直线的对称问题,对称问题的四个易错点
MATH,点与直线的对称问题,对称问题的核心依据
MATH,点与直线的对称问题,点与直线的常用对称关系
MATH,点与直线的对称问题,点关于点与点关于直线的对称
MATH,点到平面的距离,|z₁−z₂| 表示复平面两点的距离
MATH,点到平面的距离,内切球球心到多面体各面的距离相等
MATH,点到平面的距离,向量法求点到平面的距离
MATH,点到平面的距离,点到平面的距离公式
MATH,点到平面的距离,点到平面的距离向量公式
MATH,点到平面的距离,点到平面的距离（向量法）
MATH,点到平面的距离,点到直线、点到平面距离的求法
MATH,点到平面的距离,点到直线的距离与点到平面的距离公式
MATH,点到平面的距离,点面距公式与三类距离的相互转化
MATH,点到平面的距离,用“平行线上的点等距”转化为易求的点
MATH,点到平面的距离,用向量求点到平面的距离
MATH,点到平面的距离,用向量法求点到平面距离的步骤
MATH,点到平面的距离,用等体积法把体积关系转化为点到平面的距离
MATH,点到平面的距离,用等体积法求点到平面的距离
MATH,点到平面的距离,用线面角与斜线段长求点到平面的距离
MATH,点到平面的距离,等体积法
MATH,点到平面的距离,等体积法求点到平面的距离
MATH,点到直线的距离,三个距离公式
MATH,点到直线的距离,三个距离公式及使用要点
MATH,点到直线的距离,三种距离公式
MATH,点到直线的距离,三类距离公式
MATH,点到直线的距离,两点间、点到直线、平行线间的距离公式
MATH,点到直线的距离,使用距离公式的注意点
MATH,点到直线的距离,利用切线求点到直线（曲线间）距离的最值
MATH,点到直线的距离,向量法求点到直线的距离
MATH,点到直线的距离,圆上点到直线的距离最值：d−r 与 d+r
MATH,点到直线的距离,点到直线的距离公式
MATH,点到直线的距离,点到直线的距离向量公式
MATH,点到直线的距离,点到直线的距离（向量法）
MATH,点到直线的距离,用向量求点到直线的距离
MATH,点到直线的距离,用向量法求点到直线的距离
MATH,点到直线的距离,用向量法求点到直线距离的四个步骤
MATH,点到直线的距离,直线过定点时点到直线距离的最大值
MATH,点到直线的距离,距离公式的三个常见误区
MATH,点面距离-线面距离-面面距离都转化为点面距离,代数式最值——平方和型转化为两点距离平方
MATH,点面距离-线面距离-面面距离都转化为点面距离,平行线间与线面、面面距离的转化
MATH,点面距离-线面距离-面面距离都转化为点面距离,用向量法求点到平面的距离
MATH,点面距离-线面距离-面面距离都转化为点面距离,直线（平面）到平面的距离转化为点面距
MATH,点面距离-线面距离-面面距离都转化为点面距离,等体积转化（换底法）：动态体积与点面距离
MATH,点面距离-线面距离-面面距离都转化为点面距离,线面距与面面距转化为点到平面的距离
MATH,焦点三角形的内心,三角形内切圆圆心在定直线上的证法
MATH,焦点三角形的内心,两焦点三角形内心的距离
MATH,焦点三角形的内心,双曲线内心横坐标为 a 的证明
MATH,焦点三角形的内心,双曲线焦点三角形内心的横坐标
MATH,焦点三角形的内心,椭圆焦点三角形内心的结论
MATH,焦点三角形的内心,由内心的分点比求离心率
MATH,焦点弦定比分点问题,焦点弦定比分点求斜率
MATH,焦点弦定比分点问题,焦点弦定比分点求离心率
MATH,爪子定理,爪子定理及其应用
MATH,爪形三角形问题的解题策略,爪形三角形问题的处理方法
MATH,牛顿切线法（用导数求方程近似解）,牛顿切线法求方程近似解的步骤
MATH,特征根法与不动点法,不动点法的证明与关键结论
MATH,特征根法与不动点法,二阶线性递推的待定系数转化
MATH,特征根法与不动点法,二阶线性递推的特征根法
MATH,特征根法与不动点法,分式递推的不动点法
MATH,特征根法与不动点法,分式递推的方法选择
MATH,特征根法与不动点法,数列不动点法求通项
MATH,特征根法与不动点法,特征方程与特征根的使用
MATH,特征根法与不动点法,特征根法与不动点法求通项
MATH,特征根法与不动点法,特征根法求二阶线性递推通项
MATH,特征根法与不动点法,用不动点法求分式递推数列的通项
MATH,特殊的棱柱和棱锥,外接球补形为圆柱：直棱柱与侧棱垂直底面的棱锥
MATH,特殊的棱柱和棱锥,直棱柱、正棱柱、正棱锥与正四面体的定义与反向辨析
MATH,狄利克雷函数,狄利克雷函数的取值与性质
MATH,独立性检验,χ²独立性检验的步骤
MATH,独立性检验,分类变量与2×2列联表
MATH,独立性检验,列联表与独立性检验
MATH,独立性检验,独立性检验的 K² 统计量与临界值
MATH,独立性检验,独立性检验的步骤与判断标准
MATH,独立性检验,独立性检验的步骤与结论判断
MATH,独立性检验,独立性检验的规范步骤与临界值表
MATH,独立性检验,独立性检验的解题步骤
MATH,独立性检验,独立性检验结论的规范表述
MATH,独立性检验,等高堆积条形图判断相关性
MATH,球放盒子模型,球放盒子模型（先分组后排列）
MATH,球面三角形与曲面三棱锥,球面三角形中的弧长与圆心角关系
MATH,用向量坐标表示三角形的面积,用向量坐标求三角形的面积
MATH,用向量法求异面直线所成角的一般步骤,向量法求异面直线所成角
MATH,用向量法求异面直线所成角的一般步骤,向量法求异面直线所成角的步骤
MATH,用向量法求异面直线所成角的一般步骤,向量法求线面角的完整步骤
MATH,用向量法求异面直线所成角的一般步骤,坐标法求异面直线所成角的步骤
MATH,用向量法求异面直线所成角的一般步骤,异面直线及其所成角的范围
MATH,用向量法求异面直线所成角的一般步骤,异面直线所成角的几何法（平移法）
MATH,用向量法求异面直线所成角的一般步骤,异面直线所成角的向量法
MATH,用向量法求异面直线所成角的一般步骤,用两向量的夹角公式求异面直线所成角
MATH,用向量法求异面直线所成角的一般步骤,用向量求异面直线所成的角
MATH,用向量法求异面直线所成角的一般步骤,用向量法求异面直线所成的角
MATH,用向量法求异面直线所成角的一般步骤,用向量法求异面直线所成角
MATH,用向量法求异面直线所成角的一般步骤,用向量法求异面直线所成角的四个步骤
MATH,用向量法求异面直线所成角的一般步骤,空间中各种角的范围与向量公式对照
MATH,用向量法求异面直线所成角的一般步骤,空间向量求线面角的步骤与公式
MATH,用向量法求解直线与平面所成角的方法,中线与角平分线的处理策略
MATH,用向量法求解直线与平面所成角的方法,向量法求两平面夹角
MATH,用向量法求解直线与平面所成角的方法,向量法求直线与平面所成角
MATH,用向量法求解直线与平面所成角的方法,向量法求线面角最值：化为一元函数后用基本不等式
MATH,用向量法求解直线与平面所成角的方法,坐标法求线面角的最值
MATH,用向量法求解直线与平面所成角的方法,用向量求直线与平面所成的角
MATH,用向量法求解直线与平面所成角的方法,用向量法求直线与平面所成的角
MATH,用向量法求解直线与平面所成角的方法,用向量法求直线与平面所成角
MATH,用向量法求解直线与平面所成角的方法,用方向向量与法向量求线面角
MATH,用向量法求解直线与平面所成角的方法,由两两垂直的三条线建立空间直角坐标系
MATH,用向量法求解直线与平面所成角的方法,直线与平面所成角的定义与范围
MATH,用向量法求解直线与平面所成角的方法,象限角的两种判定方法
MATH,用基向量表示指定向量的方法,中线向量定理与定比分点向量表达式
MATH,用基向量表示指定向量的方法,变量用基本量表示后注意基本量的范围
MATH,用基向量表示指定向量的方法,向量系数和的等和线方法
MATH,用基向量表示指定向量的方法,基底法四步操作流程
MATH,用基向量表示指定向量的方法,基底法的适用范围与解题要点
MATH,用基向量表示指定向量的方法,基底法表示向量的思路
MATH,用基向量表示指定向量的方法,基底法：统一用基底表示向量
MATH,用基向量表示指定向量的方法,基底表示中的系数错误与共线判断
MATH,用基向量表示指定向量的方法,用基底表示向量的三步流程
MATH,用基向量表示指定向量的方法,用基底表示向量的操作步骤
MATH,用基向量表示指定向量的方法,用基底表示未知向量的步骤
MATH,用基向量表示指定向量的方法,用待定系数法表示向量
MATH,用裂项法求和的裂项原则及规律,分组求和的三步规范
MATH,用裂项法求和的裂项原则及规律,裂项相消求和的三步与注意事项
MATH,用裂项法求和的裂项原则及规律,裂项相消求和的基本原理
MATH,用裂项法求和的裂项原则及规律,裂项相消求和的步骤与规律
MATH,由sn求an的步骤,Sn与an关系的分段式
MATH,由sn求an的步骤,数列的通项与前n项和的关系
MATH,由sn求an的步骤,由 Sn 与 an 的二次关系式求通项
MATH,由sn求an的步骤,由 Sn 与 an 的关系求通项
MATH,由sn求an的步骤,由 Sn 求 an 的两点注意
MATH,由sn求an的步骤,由 Sn 求 an 的方法与最值条件
MATH,由sn求an的步骤,由 Sn 求 an 的步骤
MATH,由sn求an的步骤,由 Sn 求 an 的通法
MATH,由sn求an的步骤,由Sn求an的两条转化方向
MATH,由sn求an的步骤,由Sn求an的两步法
MATH,由sn求an的步骤,由a_n与S_n的关系求通项公式
MATH,由sn求an的步骤,由前 n 项和关系求通项
MATH,由sn求an的步骤,由前 n 项和求通项公式
MATH,由sn求an的步骤,通项与前n项和的关联性质
MATH,由三角函数的性质求参数,由性质求参数的策略与步骤
MATH,由三角函数零点求参数范围,由三角函数零点个数求参数范围
MATH,由切线条件求参数,利用导数的几何意义求参数
MATH,由前几项归纳数列通项的方法,构造新数列求通项的三种类型
MATH,由前几项归纳数列通项的方法,由前n项和 Sn 求通项 an
MATH,由前几项归纳数列通项的方法,由前几项归纳通项公式的观察角度与步骤
MATH,由前几项归纳数列通项的方法,由前几项归纳通项的方法
MATH,由前几项归纳数列通项的方法,由数列前几项归纳通项公式的方法
MATH,由前几项归纳数列通项的方法,确定角所在象限的方法
MATH,由前几项归纳数列通项的方法,确定角终边位置的方法
MATH,由图象确定y=Asin（ωx+φ）的解析式,由图象求振幅与平衡位置
MATH,由图象确定y=Asin（ωx+φ）的解析式,由图象的周期求角频率
MATH,由图象确定y=Asin（ωx+φ）的解析式,由图象的特殊点求初相
MATH,由图象确定y=Asin（ωx+φ）的解析式,读图定参数的三看思路
MATH,由图象确定y=Asin（ωx+φ）的解析式,读图求解析式的两个易错点
MATH,由求时忽略对-检验致错,由Sn求an忽略n=1的讨论
MATH,由求时忽略对-检验致错,由Sn求an的三个注意点
MATH,由线-面关系误解向量关系,异面直线夹角与向量夹角的范围差异
MATH,由线-面关系误解向量关系,忽略建系条件致错
MATH,由线-面关系误解向量关系,线面关系与向量关系的对应易错
MATH,百分位数,百分位数的定义与求法
MATH,百分位数,百分位数的定义与确定
MATH,百分位数,百分位数的定义与计算步骤
MATH,百分位数,第p百分位数
MATH,直接法-利用零点存在的判定定理构建不等式求解,两直线平行与垂直的判定条件
MATH,直接法-利用零点存在的判定定理构建不等式求解,利用零点求解析式时先区分上升/下降零点
MATH,直接法-利用零点存在的判定定理构建不等式求解,图象对称轴与对称中心的判定
MATH,直接法-利用零点存在的判定定理构建不等式求解,由函数零点情况求参数的三条路径
MATH,直接法-利用零点存在的判定定理构建不等式求解,线面垂直的判定定理
MATH,直接法-利用零点存在的判定定理构建不等式求解,集合相等的判定
MATH,直线与圆的位置关系,从点看圆的张角（视角）问题
MATH,直线与圆的位置关系,代数法判定直线与圆的位置关系
MATH,直线与圆的位置关系,几何法判定直线与圆的位置关系
MATH,直线与圆的位置关系,圆上到直线定距的点个数
MATH,直线与圆的位置关系,圆上到直线距离为定值的点的个数
MATH,直线与圆的位置关系,圆上的点到直线距离的最值
MATH,直线与圆的位置关系,圆与圆的五种位置关系判定
MATH,直线与圆的位置关系,圆与圆的位置关系
MATH,直线与圆的位置关系,圆与圆的位置关系判定
MATH,直线与圆的位置关系,圆的切线方程的常用结论与留一代一法
MATH,直线与圆的位置关系,弦长公式与弦的最值
MATH,直线与圆的位置关系,由位置关系求直线或圆中参数的取值范围
MATH,直线与圆的位置关系,由圆上点的个数求倾斜角范围
MATH,直线与圆的位置关系,由弦长反求直线或圆中的参数
MATH,直线与圆的位置关系,直线、圆与圆的位置关系及弦长求法
MATH,直线与圆的位置关系,直线与圆位置关系的两种判定
MATH,直线与圆的位置关系,直线与圆位置关系的两种判定法
MATH,直线与圆的位置关系,直线与圆位置关系的两种判断方法
MATH,直线与圆的位置关系,直线与圆位置关系的判断方法
MATH,直线与圆的位置关系,直线与圆小题的快解策略
MATH,直线与圆的位置关系,直线与圆的三种位置关系
MATH,直线与圆的位置关系,直线与圆的位置关系与圆的弦长公式
MATH,直线与圆的位置关系,直线与圆的位置关系判定
MATH,直线与圆的位置关系,直线与圆的位置关系及判定
MATH,直线与圆的位置关系,直线与圆相交的弦长与最短弦
MATH,直线与圆的位置关系,直线与圆相交问题的解题策略与常用转化
MATH,直线与圆的位置关系,直线与圆相切的条件与切线方程
MATH,直线与圆的位置关系,直线与圆相离时的最值问题与数形结合
MATH,直线与圆的位置关系,直线与圆锥曲线位置关系的判断
MATH,直线与圆的位置关系,直线与圆问题的三个高频易错点
MATH,直线与圆的位置关系,直线与圆问题的三类易错点
MATH,直线与圆的位置关系,直线与圆问题的解法取舍原则
MATH,直线与圆的位置关系,直线与圆问题的解题策略
MATH,直线与圆的位置关系,直线被圆截得的弦长与弦中点性质
MATH,直线与圆的位置关系,直线被圆截得的弦长公式
MATH,直线与圆的位置关系,过圆外一点求切线的漏解防范
MATH,直线与圆的位置关系,过点作圆切线的条数由点与圆的位置关系决定
MATH,直线与圆相交的弦长,直线与圆相交弦长的三种求法
MATH,直线与圆相交的弦长,直线与圆相交时的弦长求法
MATH,直线与圆综合题的解题策略,直线与圆综合题的处理套路
MATH,直线与圆锥曲线的位置关系,只有一个公共点的情形辨析
MATH,直线与圆锥曲线的位置关系,直线与双曲线位置关系的讨论要点
MATH,直线与圆锥曲线的位置关系,直线与双曲线的位置关系
MATH,直线与圆锥曲线的位置关系,直线与圆锥曲线位置关系的判定与特例
MATH,直线与圆锥曲线的位置关系,直线与圆锥曲线的位置关系及判定
MATH,直线与圆锥曲线的位置关系,直线与抛物线的位置关系
MATH,直线与圆锥曲线的位置关系,直线与椭圆位置关系的判定
MATH,直线与圆锥曲线的位置关系,直线与椭圆的位置关系与弦长
MATH,直线与平面垂直,内切球球心在过切点且与切面垂直的直线上
MATH,直线与平面垂直,正三棱柱中的垂直证明与建系准备
MATH,直线与平面垂直,用两个等腰三角形证线面垂直（BC⊥DA）
MATH,直线与平面垂直,用外心与全等三角形证线面垂直（四面体模型）
MATH,直线与平面垂直,用数量积为零证线面垂直并推出面面垂直
MATH,直线与平面垂直,由两条相交直线垂直证线面垂直并传递垂直关系
MATH,直线与平面垂直,由线面垂直推线线垂直的循环论证法
MATH,直线与平面垂直,由面面垂直得线面垂直再求体积
MATH,直线与平面垂直,直线与平面垂直与直线和平面所成的角
MATH,直线与平面垂直,直线与平面垂直的判定与性质
MATH,直线与平面垂直,直线与平面垂直的判定定理
MATH,直线与平面垂直,线面垂直的判定定理与性质定理
MATH,直线与平面垂直,线面垂直的定义、判定定理与性质定理
MATH,直线与平面垂直,证明线面垂直的六条途径
MATH,直线与平面平行,三类常用直线系方程
MATH,直线与平面平行,直线与平面平行的判定定理
MATH,直线与平面平行,直线与平面平行的性质定理
MATH,直线与平面平行,线面平行的判定定理与性质定理
MATH,直线与平面平行,线面平行的定义、判定与性质
MATH,直线与平面所成角,点差法必须检验直线与曲线有两交点（防增根）
MATH,直线与平面所成角,直线与平面所成的角
MATH,直线与平面所成角,直线与平面所成角的正弦公式
MATH,直线与直线的位置关系,由直线位置关系求参数的检验步骤
MATH,直线与直线的位置关系,直线与圆锥曲线的位置关系判定
MATH,直线与直线的位置关系,空间两直线的位置关系与异面直线
MATH,直线关于点与直线对称的求法,直线关于点、直线对称的求法
MATH,直线关于点与直线对称的求法,直线关于点对称的求法
MATH,直线关于点与直线对称的求法,直线关于直线对称的两点法与到角法
MATH,直线关于点与直线对称的求法,直线关于直线对称的求法
MATH,直线和平面所成的角,圆台内切球中求线面角（先定母线、高与半径）
MATH,直线和平面所成的角,斜线上一点到平面的垂足位置结论
MATH,直线和平面所成的角,正三棱柱有内切球时求线面角的正切值
MATH,直线和平面所成的角,用参数表示动点后求线面角的最大值
MATH,直线和平面所成的角,由二面角求线面角（先构造面面垂直再作垂线）
MATH,直线和平面所成的角,直线与平面所成角的定义
MATH,直线和平面所成的角,线面角的作法：找斜线段在平面内的射影
MATH,直线和平面所成的角,线面角的定义法：补形与平移转化
MATH,直线夹角的计算,圆锥曲线中角的最值（夹角公式与基本不等式）
MATH,直线夹角的计算,夹角差的最大值处理
MATH,直线夹角的计算,直线夹角的两种计算方法
MATH,直线夹角的计算,直线绕定点旋转后的斜率与交点
MATH,直线的倾斜角与斜率,倾斜角与两点式斜率、方向向量的关系
MATH,直线的倾斜角与斜率,倾斜角与斜率的三个易错点
MATH,直线的倾斜角与斜率,倾斜角与斜率的定义
MATH,直线的倾斜角与斜率,倾斜角与斜率题的解题步骤
MATH,直线的倾斜角与斜率,斜率与倾斜角互推及位置关系结论
MATH,直线的倾斜角与斜率,斜率公式的三个使用禁区
MATH,直线的倾斜角与斜率,过两点的斜率公式与斜率的变化规律
MATH,直线的方向向量与参数方程,方向向量与直线的参数方程
MATH,直线的方向向量和平面的法向量,倾斜角与斜率
MATH,直线的方向向量和平面的法向量,公理 1：直线在平面内的判定
MATH,直线的方向向量和平面的法向量,同向向量与平行向量
MATH,直线的方向向量和平面的法向量,平面向量表示式与直线表示式的系数关系
MATH,直线的方向向量和平面的法向量,平面方程的表示与法向量
MATH,直线的方向向量和平面的法向量,平面的法向量及其性质
MATH,直线的方向向量和平面的法向量,方向向量与法向量
MATH,直线的方向向量和平面的法向量,有明显线面垂直时用方向向量作平面法向量
MATH,直线的方向向量和平面的法向量,椭圆中点弦所在直线的斜率公式
MATH,直线的方向向量和平面的法向量,直线方向向量与平面法向量
MATH,直线的方向向量和平面的法向量,直线方向向量的两个必备条件
MATH,直线的方向向量和平面的法向量,直线的倾斜角
MATH,直线的方向向量和平面的法向量,直线的斜率
MATH,直线的方向向量和平面的法向量,直线的方向向量与平面的法向量
MATH,直线的方向向量和平面的法向量,空间中点、直线与平面的向量表示
MATH,直线的方程,倾斜角与斜率的关系及方向向量
MATH,直线的方程,同构法一：利用两点坐标同构出直线方程
MATH,直线的方程,截距与含参直线的高频错因
MATH,直线的方程,截距式方程的使用要点与面积计算
MATH,直线的方程,截距问题的处理方法
MATH,直线的方程,由一般式方程求参数的步骤
MATH,直线的方程,直线截距与交点的求法
MATH,直线的方程,直线方程中的截距与易错点
MATH,直线的方程,直线方程中的高频错因
MATH,直线的方程,直线方程形式的辨析与一般式的特殊情形
MATH,直线的方程,直线方程形式的适用条件辨析
MATH,直线的方程,直线方程形式的选择与易错点
MATH,直线的方程,直线方程形式的选择策略
MATH,直线的方程,直线方程的五种形式
MATH,直线的方程,直线方程的五种形式与两种求法
MATH,直线的方程,直线方程的五种形式与适用条件
MATH,直线的方程,直线方程的五种形式及适用限制
MATH,直线的方程,直线方程的几种形式与截距的概念
MATH,直线的方程,直线的一般式方程与系数特征
MATH,直线的方程,直线的两点式方程
MATH,直线的方程,直线的倾斜角、斜率与方程形式
MATH,直线的方程,直线的截距式方程及其适用条件
MATH,直线的方程,直线的斜截式方程与截距
MATH,直线的方程,直线的点斜式方程
MATH,直线的方程,线性回归直线必过样本中心点
MATH,直线的方程,设直线方程的技巧（避免分类讨论）
MATH,直线的方程,距离条件综合题的解题流程
MATH,直线的方程,过直线交点的直线系
MATH,直线系方程,三种常用的直线系方程
MATH,直线系方程,三种常见的直线系
MATH,直线系方程,三类常见的直线系方程
MATH,直线系方程,与已知直线平行、垂直的直线方程设法
MATH,直线系方程,两直线交点与过交点的直线系
MATH,直线系方程,六种直线系方程
MATH,直线系方程,含参数直线恒过定点的求法
MATH,直线系方程,含参直线过定点的处理
MATH,直线系方程,圆的切线系及其命题判断
MATH,直线系方程,平行、垂直与过交点的直线系方程
MATH,直线系方程,用参数的几何意义处理含参直线方程
MATH,直线系方程,直线过定点的证明与圆中定点问题
MATH,直线系方程,过定点直线与圆的位置关系
MATH,直线被圆截得的弦长,圆的弦长的两种求法
MATH,相伴函数,向量的相伴函数
MATH,相等函数与分段函数,函数的表示法与分段函数
MATH,相等函数与分段函数,分段函数
MATH,相等函数与分段函数,分段函数与函数的两条常用结论
MATH,相等函数与分段函数,分段函数的概念与定义域值域
MATH,相等函数与分段函数,同一个函数、表示法与分段函数
MATH,研究分段函数单调性时忽略分段点致错,分段函数单调性要看分段点
MATH,研究分段函数单调性时忽略分段点致错,分段函数在 R 上单调的判定要点
MATH,研究分段函数单调性时忽略分段点致错,分段函数在 R 上单调的双重条件
MATH,破-重点难点-突破重难点-冲刺高分,立体几何初步的重难点与考查方式
MATH,硬解定理,圆锥曲线硬解定理的联立模板
MATH,硬解定理,弦长公式与硬解定理
MATH,硬解定理,弦长公式的推导与硬解定理
MATH,硬解定理,抛物线的硬解定理
MATH,硬解定理,椭圆与双曲线的硬解定理
MATH,硬解定理,硬解定理的斜截式特例
MATH,祖暅原理,祖暅原理与等积变换
MATH,祖暅原理,祖暅原理（幂势既同则积不容异）
MATH,离心率的范围问题,离心率范围问题的求解思路
MATH,离散型随机变量,不放回检验中终止次数的分布列
MATH,离散型随机变量,分布列性质的三类应用
MATH,离散型随机变量,分布列的两条基本性质
MATH,离散型随机变量,概率统计中的隐藏约束
MATH,离散型随机变量,离散型随机变量与分布列
MATH,离散型随机变量,离散型随机变量的分布列
MATH,离散型随机变量,离散型随机变量的分布列与数字特征
MATH,离散型随机变量,离散型随机变量的分布列及其性质
MATH,离散型随机变量,随机变量与离散型随机变量
MATH,离散型随机变量的方差,方差、标准差及其性质
MATH,离散型随机变量的方差,离散型随机变量的方差与标准差
MATH,离散型随机变量的期望,分子含变量的分离再构造
MATH,离散型随机变量的期望,变量的相关关系与相关系数
MATH,离散型随机变量的期望,均值与样本平均数的区别
MATH,离散型随机变量的期望,常见分布的期望与方差
MATH,离散型随机变量的期望,数学期望及其性质
MATH,离散型随机变量的期望,数学期望的定义与性质
MATH,离散型随机变量的期望,期望的线性性质与递推求期望
MATH,离散型随机变量的期望,用指示变量求期望
MATH,离散型随机变量的期望,离散型随机变量的均值与性质
MATH,离散型随机变量的期望,离散型随机变量的均值（数学期望）
MATH,离散型随机变量的期望,离散型随机变量的均值（期望）
MATH,秦九韶公式与海伦公式,海伦公式
MATH,秦九韶公式与海伦公式,海伦公式与秦九韶公式
MATH,秦九韶公式与海伦公式,秦九韶三斜求积公式与海伦公式
MATH,积化和差与和差化积公式,积化和差与和差化积
MATH,积化和差与和差化积公式,积化和差与和差化积公式及口诀
MATH,积化和差与和差化积公式,积化和差与和差化积的解题策略
MATH,空位型相同元素排列,空车位等相同元素型排列
MATH,空间中点坐标的求法,空间中点与向量的坐标及特殊位置的坐标特征
MATH,空间中点坐标的求法,空间中点坐标的三类写法
MATH,空间位置关系的向量表示,两圆位置关系与公切线条数对应表
MATH,空间位置关系的向量表示,两直线交点与位置关系的方程组判定
MATH,空间位置关系的向量表示,两直线位置关系的判定
MATH,空间位置关系的向量表示,包含关系的交并等价刻画
MATH,空间位置关系的向量表示,向量在物理中的应用（力的合成与分解）
MATH,空间位置关系的向量表示,四点共面的向量表示
MATH,空间位置关系的向量表示,定比分点的向量公式
MATH,空间位置关系的向量表示,爪形结构（三角形内对边上点的向量表示）
MATH,空间位置关系的向量表示,用向量相等证线线平行
MATH,空间位置关系的向量表示,用方向向量与法向量表示空间中的平行与垂直关系
MATH,空间位置关系的向量表示,用空间向量判断平行与垂直
MATH,空间位置关系的向量表示,由公切线条数反求两圆参数范围
MATH,空间位置关系的向量表示,由平行、垂直的坐标表示求参数的三步
MATH,空间位置关系的向量表示,空间两直线位置关系的判定
MATH,空间位置关系的向量表示,空间动态问题——特殊值（特殊位置）法
MATH,空间位置关系的向量表示,空间平行与垂直的向量表示
MATH,空间位置关系的向量表示,空间线面位置关系的向量判定
MATH,空间位置关系的向量表示,线面位置关系的向量表示
MATH,空间几何体,平面几何性质推广到空间不一定成立
MATH,空间几何体,空间几何体结构特征辨析技巧
MATH,空间几何体中的截面问题,作截面的三种常用方法
MATH,空间几何体中的截面问题,作截面的三种方法
MATH,空间几何体中的截面问题,作截面：用平行关系把截面补完整
MATH,空间几何体中的截面问题,内切球问题作轴截面将空间问题平面化
MATH,空间几何体中的截面问题,几何体与球相切问题通法：作轴截面把空间问题平面化
MATH,空间几何体中的截面问题,利用线面垂直确定球心在侧面上的射影
MATH,空间几何体中的截面问题,动点到定点距离为定值的轨迹是球面与平面的交线
MATH,空间几何体中的截面问题,四棱锥截面的作法与周长（用平行四边形确定截面）
MATH,空间几何体中的截面问题,圆锥过顶点截面面积的最大值
MATH,空间几何体中的截面问题,实际测量中的长度与角度问题
MATH,空间几何体中的截面问题,对棱相等四面体的补形与截面最值
MATH,空间几何体中的截面问题,平行于底面的截面性质
MATH,空间几何体中的截面问题,截面与交线的两种作图方法
MATH,空间几何体中的截面问题,截面与交线问题的考查形式
MATH,空间几何体中的截面问题,截面形状随动点位置变化的判断
MATH,空间几何体中的截面问题,找空间几何体交线的常用方法
MATH,空间几何体中的截面问题,找空间几何体截面的四种方法
MATH,空间几何体中的截面问题,正方体中的基本斜截面与截面形状随动点变化
MATH,空间几何体中的截面问题,正方体中的基本斜截面与找截面的方法
MATH,空间几何体中的截面问题,正方体内圆锥底面半径的最大值（正六边形截面）
MATH,空间几何体中的截面问题,球的切接问题：轴截面法
MATH,空间几何体中的截面问题,球的截面圆半径与球心距的关系
MATH,空间几何体中的截面问题,球的截面性质 R²=r²+d²
MATH,空间几何体中的截面问题,球面与侧面的交线长（化为圆弧与圆心角）
MATH,空间几何体中的截面问题,球面与侧面的交线：如何判断交线是半圆
MATH,空间几何体中的截面问题,球面与多面体（圆柱）交线长的求法
MATH,空间几何体中的截面问题,球面与底面交线的圆心角（圆周角定理求弧长）
MATH,空间几何体中的截面问题,球面与底面的交线（顶点处只剩部分圆弧）
MATH,空间几何体中的截面问题,球面与底面（台体）的交线长
MATH,空间几何体中的截面问题,球面与某个面的交线长（小圆与弧段）
MATH,空间几何体中的截面问题,球面截线轨迹长：先验证轨迹是否完整落在平面图形内
MATH,空间几何体中的截面问题,空间动态问题——几何法找始终不变的关系
MATH,空间几何体中的截面问题,立体几何截面问题的理论依据与作图步骤
MATH,空间几何体中的截面问题,补全截面的三种方法
MATH,空间几何体中的截面问题,计数问题中的几何约束筛选
MATH,空间几何体的直观图,斜二测画法与直观图
MATH,空间几何体的直观图,斜二测画法与直观图面积关系
MATH,空间几何体的直观图,斜二测画法的还原规则
MATH,空间几何体的直观图,空间几何体的直观图画法
MATH,空间几何体的表面积和体积公式,台体体积公式与底面为菱形时的面积
MATH,空间几何体的表面积和体积公式,台体的体积公式
MATH,空间几何体的表面积和体积公式,圆柱、圆锥、圆台、球的表面积与体积公式
MATH,空间几何体的表面积和体积公式,柱、锥、台、球的表面积与体积公式
MATH,空间几何体的表面积和体积公式,柱、锥、台、球的表面积与体积公式表
MATH,空间几何体的表面积和体积公式,柱体的体积公式
MATH,空间几何体的表面积和体积公式,柱锥台球的表面积与体积公式
MATH,空间几何体的表面积和体积公式,正棱台的侧面积用斜高计算
MATH,空间几何体的表面积和体积公式,球的表面积与体积公式
MATH,空间几何体的表面积和体积公式,由上下底边长与侧棱长求台体的体积
MATH,空间几何体的表面积和体积公式,空间几何体表面积与体积公式汇总
MATH,空间几何体的表面积和体积公式,锥体的体积公式
MATH,空间向量与立体几何,相等向量与相反向量
MATH,空间向量与立体几何,立体几何交线截面的两种解法
MATH,空间向量数量积的坐标表示及其应用,向量与复数小题的通用策略
MATH,空间向量数量积的坐标表示及其应用,向量数量积最值的常用路径
MATH,空间向量数量积的坐标表示及其应用,向量数量积的“矩形大法”
MATH,空间向量数量积的坐标表示及其应用,向量的坐标表示
MATH,空间向量数量积的坐标表示及其应用,圆的参数方程及其应用
MATH,空间向量数量积的坐标表示及其应用,平面向量数量积的基底法
MATH,空间向量数量积的坐标表示及其应用,平面向量数量积的建系法
MATH,空间向量数量积的坐标表示及其应用,数量积、模与夹角的坐标公式
MATH,空间向量数量积的坐标表示及其应用,数量积的四种求法（定义/坐标/极化/转化）
MATH,空间向量数量积的坐标表示及其应用,数量积的定义
MATH,空间向量数量积的坐标表示及其应用,数量积的定义、几何意义与投影向量
MATH,空间向量数量积的坐标表示及其应用,数量积的定义与坐标公式
MATH,空间向量数量积的坐标表示及其应用,用数量积是否为零判断空间两向量垂直
MATH,空间向量数量积的坐标表示及其应用,空间向量坐标运算的两条思路
MATH,空间向量数量积的坐标表示及其应用,空间向量平行、垂直与夹角的坐标表示
MATH,空间向量数量积的坐标表示及其应用,空间向量数量积及坐标表示
MATH,空间向量数量积的坐标表示及其应用,空间向量数量积的应用要点
MATH,空间向量数量积的坐标表示及其应用,空间向量的坐标与坐标运算
MATH,空间向量数量积的坐标表示及其应用,空间向量的坐标表示与坐标运算
MATH,空间向量数量积的坐标表示及其应用,空间向量的夹角、数量积与坐标运算
MATH,空间向量新定义问题,向量新定义问题的处理思路
MATH,空间向量新定义问题,数列新定义问题的化归处理
MATH,空间向量新定义问题,数列新定义问题的特点与思路
MATH,空间向量新定义问题,斜三棱柱的“投影偏差率”新定义
MATH,空间向量新定义问题,新定义集合问题：先译后算
MATH,空间向量新定义问题,空间动态问题——定义法化归为平面轨迹
MATH,空间向量新定义问题,空间向量新定义问题的应对策略
MATH,空间向量的数量积及运算律,向量的数量积运算不满足结合律
MATH,空间向量的数量积及运算律,德摩根律（补集与交并）
MATH,空间向量的数量积及运算律,数乘向量及其运算律
MATH,空间向量的数量积及运算律,数量积的运算律
MATH,空间向量的数量积及运算律,数量积的运算律与坐标公式
MATH,空间向量的数量积及运算律,数量积运算律及两个“不成立”
MATH,空间向量的数量积及运算律,空间向量数量积的三类应用
MATH,空间向量的数量积及运算律,空间向量的坐标运算与数量积
MATH,空间向量的数量积及运算律,空间向量的夹角与数量积
MATH,空间向量的数量积及运算律,空间向量运算的三个易误点
MATH,空间向量的数量积及运算律,补集与交并的德摩根律
MATH,空间向量的有关定理,三点共线与四点共面的向量条件
MATH,空间向量的有关定理,四点共面的向量条件
MATH,空间向量的有关定理,基底与基向量的含义
MATH,空间向量的有关定理,用基底表示向量与空间向量基本定理的应用
MATH,空间向量的有关定理,空间向量基本定理与正交分解
MATH,空间向量的有关定理,空间向量的三个基本定理
MATH,空间向量的有关概念,方向向量、法向量与位置关系
MATH,空间向量的有关概念,空间向量基底的条件：三个向量不共面
MATH,空间向量的有关概念,空间向量概念的几点提醒
MATH,空间向量的有关概念,空间向量的概念与共面定理
MATH,空间向量的线性运算,新定义集合中的向量模（列举后逐一检验）
MATH,空间向量的线性运算,空间向量线性运算的三个关键点
MATH,空间点-线-面位置关系不清,空间点线面位置关系与异面直线
MATH,空间点线面的位置关系,平面与各棱夹角都相同 ⇔ 平面平行于某固定平面
MATH,空间点线面的位置关系,正棱台（圆台）外接球球心的位置特征
MATH,空间点线面的位置关系,直线与平面、平面与平面的位置关系
MATH,空间点线面的位置关系,空间中点线面的位置关系与等角定理
MATH,空间点线面的位置关系,空间点、直线、平面的位置关系
MATH,空间点线面的位置关系,翻折不变性规律：折线同侧的位置与数量关系不变
MATH,空间直角坐标系的建立原则,空间直角坐标系与右手直角坐标系
MATH,空间直角坐标系的建立原则,空间直角坐标系的建立原则与垂直依据
MATH,空间距离的求法,截距与距离的区别
MATH,空间距离的求法,点在圆内：圆上动点与定点距离的最值
MATH,空间距离的求法,点在圆外：圆上动点与定点距离的最值
MATH,空间距离的求法,空间中最值转化为两平行直线间的距离
MATH,空间距离的求法,空间距离的三种求法
MATH,空间距离的求法,空间距离的转化策略
MATH,空集,空集的定义与性质
MATH,空集,空集的性质与讨论要点
MATH,空集,空集的概念与子集计数
MATH,穿针引线法（解高次不等式）,高次不等式的穿针引线法
MATH,立体几何中的探索性问题立体几何中的探索性问题的主要类型,动点轨迹的确定与“中间值”存在性分析
MATH,立体几何中的探索性问题立体几何中的探索性问题的主要类型,动点轨迹问题的两种解决思路
MATH,立体几何中的探索性问题立体几何中的探索性问题的主要类型,双变量问题的主元法
MATH,立体几何中的探索性问题立体几何中的探索性问题的主要类型,平行探索性问题的逆向推理法
MATH,立体几何中的探索性问题立体几何中的探索性问题的主要类型,由“线面平行”确定动点轨迹为线段并求长度
MATH,立体几何中的探索性问题立体几何中的探索性问题的主要类型,空间动点轨迹：作平行平面截侧面得线段
MATH,立体几何中的探索性问题立体几何中的探索性问题的主要类型,立体几何大题的通用流程
MATH,立体几何中的探索性问题立体几何中的探索性问题的主要类型,立体几何小题的快解策略
MATH,立体几何中的探索性问题立体几何中的探索性问题的主要类型,立体几何探索性问题的向量处理
MATH,立体几何中的探索性问题立体几何中的探索性问题的主要类型,线面平行条件下动点轨迹区域的面积
MATH,立体几何中的轨迹问题,立体几何中轨迹问题的类型与解决策略
MATH,端点取值需谨慎-在求参数范围时-要注意边界或区间端点值的检验-从而确定取舍,最值可在区间端点、极值不可
MATH,端点取值需谨慎-在求参数范围时-要注意边界或区间端点值的检验-从而确定取舍,由不等式解集反求参数
MATH,端点取值需谨慎-在求参数范围时-要注意边界或区间端点值的检验-从而确定取舍,由图象确定 A、b、ω、φ
MATH,端点取值需谨慎-在求参数范围时-要注意边界或区间端点值的检验-从而确定取舍,由解集反求参数：根与解集端点
MATH,端点取值需谨慎-在求参数范围时-要注意边界或区间端点值的检验-从而确定取舍,集合运算的表示方法与端点取舍
MATH,端点取值需谨慎-在求参数范围时-要注意边界或区间端点值的检验-从而确定取舍,集合问题中端点值的取舍
MATH,端点效应与中间点效应,端点效应在含三角函数恒成立问题中的应用
MATH,端点效应与中间点效应,端点效应处理恒成立问题
MATH,端点效应与中间点效应,端点效应求参数范围
MATH,端点效应与中间点效应,端点效应的三种类型
MATH,端点效应与中间点效应,端点效应的定义与解题步骤
MATH,等价转化法-将命题转化为另一个与之等价的且便于判断真假的命题,分类讨论法与等价转化法处理恒成立、能成立
MATH,等价转化法-将命题转化为另一个与之等价的且便于判断真假的命题,命题真假的判断方法
MATH,等价转化法-将命题转化为另一个与之等价的且便于判断真假的命题,逆否命题与充要条件的等价转化
MATH,等和线,三点共线与等和线（系数和为 1）
MATH,等和线,利用等和线求基底系数和的步骤
MATH,等和线,利用等和线求系数范围
MATH,等和线,和为 1 的等和线
MATH,等和线,平面向量等和线的判定与应用
MATH,等和线,用等和线求系数和最值的步骤
MATH,等和线,等和线定理与系数和的取值规律
MATH,等和线,等和线定理及应用
MATH,等和线,等和线的定义与主要结论
MATH,等和线,等和线的定义与四条性质
MATH,等和线,等和线的定义与性质
MATH,等和线,等和线的应用
MATH,等差与等比纠缠型数列,等差与等比纠缠问题的处理思路
MATH,等差乘等比数列求和-令-可以用错位相减法,数列求和四法的适用判断
MATH,等差乘等比数列求和-令-可以用错位相减法,数列求和的分组求和法
MATH,等差乘等比数列求和-令-可以用错位相减法,数列求和的错位相减法
MATH,等差乘等比数列求和-令-可以用错位相减法,等比数列求和必讨论 q=1
MATH,等差乘等比数列求和-令-可以用错位相减法,错位相减求和的易错点清单
MATH,等差乘等比数列求和-令-可以用错位相减法,错位相减法
MATH,等差乘等比数列求和-令-可以用错位相减法,错位相减法求和的四步流程
MATH,等差乘等比数列求和-令-可以用错位相减法,错位相减法求和的流程
MATH,等差乘等比数列求和-令-可以用错位相减法,错位相减法的传统步骤
MATH,等差乘等比数列求和-令-可以用错位相减法,错位相减法的使用要点与万能公式
MATH,等差乘等比数列求和-令-可以用错位相减法,错位相减法的四步解题模板
MATH,等差乘等比数列求和-令-可以用错位相减法,错位相减法的操作要点与万能结构
MATH,等差乘等比数列求和-令-可以用错位相减法,错位相减法的适用与做法
MATH,等差乘等比数列求和-令-可以用错位相减法,错位相减法的适用条件与操作要点
MATH,等差乘等比数列求和-令-可以用错位相减法,错位相减的结果形式
MATH,等差数列,倒数变换法类型1：分式递推构造等差数列
MATH,等差数列,等差数列判定的五种方法与使用限制
MATH,等差数列,等差数列的易错提醒
MATH,等差数列与等比数列新背景问题,Sn/n 为等差数列与等差数列的等价性
MATH,等差数列与等比数列新背景问题,奇偶子列自动成等差、等比的递推模型
MATH,等差数列与等比数列新背景问题,实际问题的三类数列模型
MATH,等差数列与等比数列新背景问题,数列新定义问题的解题思路
MATH,等差数列与等比数列新背景问题,数列新定义题的解题策略
MATH,等差数列与等比数列新背景问题,数列新背景问题的三步处理
MATH,等差数列与等比数列新背景问题,数列新背景问题的三步解法
MATH,等差数列与等比数列新背景问题,数列新背景问题的建模步骤
MATH,等差数列与等比数列新背景问题,等比数列应用题的建模三步法
MATH,等差数列前n项和性质的应用,与等差数列各项和有关的四条性质
MATH,等差数列前n项和性质的应用,与项数奇偶有关的前n项和性质
MATH,等差数列前n项和性质的应用,由 Sm=Sn 得中间项为零
MATH,等差数列前n项和性质的应用,等差数列依次 k 项和仍成等差
MATH,等差数列前n项和性质的应用,等差数列的奇偶项和性质
MATH,等差数列前n项和最值问题,前n项和最值的三条路径
MATH,等差数列前n项和最值问题,前n项和最值的二次函数法
MATH,等差数列前n项和最值问题,前n项和最值的邻项变号法
MATH,等差数列前n项和最值问题,只有 Sn 条件时的最值处理
MATH,等差数列前n项和最值问题,比值 Sn/an 的最值判断
MATH,等差数列前n项和最值问题,用二次函数对称性求待定项
MATH,等差数列前n项和最值问题,由正负项分界求 Sn 的最值
MATH,等差数列前n项和最值问题,等差数列前 n 项和与二次函数的关系
MATH,等差数列前n项和最值问题,等差数列前 n 项和最值的两种方法
MATH,等差数列前n项和最值问题,等差数列前n项和最值的三种求法
MATH,等差数列前n项和最值问题,等差数列前n项和最值的两种方法
MATH,等差数列前n项和最值问题,等差数列前n项和最值的求法
MATH,等差数列前n项和最值问题,等差数列前n项和的最值与二次函数特征
MATH,等差数列前项和的常用性质,Sn 的片段和成等差数列
MATH,等差数列前项和的常用性质,Sn/n 构成的等差数列
MATH,等差数列前项和的常用性质,两等差数列前 n 项和之比与项之比
MATH,等差数列前项和的常用性质,前n项和的二次函数特征与最值
MATH,等差数列前项和的常用性质,前n项和的奇偶项性质
MATH,等差数列前项和的常用性质,奇偶项二项式系数和各为 2ⁿ⁻¹
MATH,等差数列前项和的常用性质,由Sn直接读出的等差结论
MATH,等差数列前项和的常用性质,等差与等比数列的片段和性质及与函数的交汇
MATH,等差数列前项和的常用性质,等差数列前 n 项和的三个性质
MATH,等差数列前项和的常用性质,等差数列前 n 项和的常用性质
MATH,等差数列前项和的常用性质,等差数列前n项和的二次函数表征
MATH,等差数列前项和的常用性质,等差数列前n项和的奇偶项性质与最值
MATH,等差数列前项和的常用性质,等差数列前n项和的常用性质
MATH,等差数列前项和的常用性质,等差数列前n项和的性质
MATH,等差数列前项和的常用性质,等差数列前n项和的最值
MATH,等差数列前项和的常用性质,等差数列奇偶项和的关系
MATH,等差数列前项和的常用性质,等差数列的片段和性质
MATH,等差数列含绝对值问题,三角化简中分式、根号、绝对值的消去
MATH,等差数列含绝对值问题,双曲线定义中距离差的分支讨论
MATH,等差数列含绝对值问题,含绝对值的指数型函数零点求参
MATH,等差数列含绝对值问题,绝对值数列的求和（找正负分界）
MATH,等差数列的判定与证明,用等差中项法判断等差数列
MATH,等差数列的判定与证明,等差数列判定中的易错点
MATH,等差数列的判定与证明,等差数列判定方法的选用与验证
MATH,等差数列的判定与证明,等差数列的判定与证明策略
MATH,等差数列的判定与证明,等差数列的判定方法与常用结论
MATH,等差数列的前n项和,前n项和公式的函数特征
MATH,等差数列的前n项和,相邻两项和 f(n) 构造隔项等差数列
MATH,等差数列的前n项和,等差数列的下标对称性质
MATH,等差数列的前n项和,等差数列的前 n 项和公式
MATH,等差数列的前n项和,等差数列的前n项和公式
MATH,等差数列的常用性质,n 次方差公式
MATH,等差数列的常用性质,两个数列的公共项结论
MATH,等差数列的常用性质,两组数据合并后的方差公式
MATH,等差数列的常用性质,分式不等式的常用性质
MATH,等差数列的常用性质,向量模长的常用求法
MATH,等差数列的常用性质,圆的三个常用几何性质
MATH,等差数列的常用性质,子数列的性质
MATH,等差数列的常用性质,有限集合子集个数的四个公式
MATH,等差数列的常用性质,正切和差公式的整体变形
MATH,等差数列的常用性质,正切和差公式的知二求一
MATH,等差数列的常用性质,等差中下标和相等则对应项和相等
MATH,等差数列的常用性质,等差中项与等差数列性质
MATH,等差数列的常用性质,等差中项及其推广
MATH,等差数列的常用性质,等差数列下标和性质的应用
MATH,等差数列的常用性质,等差数列性质应用的三个要点
MATH,等差数列的常用性质,等差数列性质应用的易错点
MATH,等差数列的常用性质,等差数列性质应用的解题步骤
MATH,等差数列的常用性质,等差数列性质的三个常用结论
MATH,等差数列的常用性质,等差数列的下标和性质
MATH,等差数列的常用性质,等差数列的下标和性质与中项性质
MATH,等差数列的常用性质,等差数列的下标和性质与线性组合
MATH,等差数列的常用性质,等差数列的下标性质与子数列
MATH,等差数列的常用性质,等差数列的五条常用性质
MATH,等差数列的常用性质,等差数列的公式与常用性质
MATH,等差数列的常用性质,等差数列的函数属性与下标性质
MATH,等差数列的常用性质,等差数列的性质
MATH,等差数列的常用性质,等差数列的性质补充
MATH,等差数列的常用性质,等差数列的运算与抽取性质
MATH,等差数列的有关公式,等差中项
MATH,等差数列的有关公式,等差数列的通项与前n项和公式
MATH,等差数列的有关公式,等差数列的通项公式与前n项和公式
MATH,等差数列的有关公式,等差数列通项与一次函数的关系
MATH,等差数列的有关公式,等差数列通项的三条常用变形
MATH,等差数列的有关概念,构造等差数列证明
MATH,等差数列的有关概念,点差法把斜率条件化为数列的等差
MATH,等差数列的有关概念,等差中项及其充要关系
MATH,等差数列的有关概念,等差中项的定义与用法
MATH,等差数列的有关概念,等差中项的定义及充要表达
MATH,等差数列的有关概念,等差数列的定义与基本量
MATH,等差数列的有关概念,等差数列的定义与辨析
MATH,等差数列的有关概念,等差数列的概念与等差中项
MATH,等差数列的有关概念,等差数列的概念与通项公式
MATH,等差数列的有关概念,证明数列为等差数列的方法
MATH,等差数列的有关概念,赋值法证明等差数列
MATH,等差数列的通项,数列综合大题的通用流程
MATH,等差数列的通项,等差数列判定的四类方法
MATH,等差数列的通项,等差数列的定义与通项
MATH,等差数列的通项,等差数列的通项公式
MATH,等差数列的通项,等差数列通项公式的推导
MATH,等差数列的通项,等差（比）数列的设法技巧
MATH,等差数列的通项,通项公式的求法与应用技巧
MATH,等比中项,等比中项的定义与使用
MATH,等比放缩,放缩成等比结构：1/(qⁿ+m) < 1/qⁿ
MATH,等比放缩,等比放缩的适用条件与失效情形
MATH,等比放缩,等比放缩的适用限制：分母为 qⁿ−m 时慎用
MATH,等比数列,相邻两项积 f(n) 构造隔项等比数列
MATH,等比数列,等比数列判定的方法与前提
MATH,等比数列,等比数列图象是指数型孤立点
MATH,等比数列,等比数列的单调性
MATH,等比数列,等比数列的对称设项技巧
MATH,等比数列前项和的常用性质,前n项和的函数特征与片段和性质
MATH,等比数列前项和的常用性质,片段和成等比数列
MATH,等比数列前项和的常用性质,片段和成等比的条件
MATH,等比数列前项和的常用性质,等比数列依次 k 项和仍成等比
MATH,等比数列前项和的常用性质,等比数列前 n 项和的四个性质
MATH,等比数列前项和的常用性质,等比数列前 n 项和的奇偶项性质
MATH,等比数列前项和的常用性质,等比数列前 n 项和的结构特征
MATH,等比数列前项和的常用性质,等比数列前n项和与积的性质
MATH,等比数列前项和的常用性质,等比数列前n项和的函数特征
MATH,等比数列前项和的常用性质,等比数列前n项和的性质
MATH,等比数列前项和的常用性质,等比数列前n项和的片段性质
MATH,等比数列前项和的常用性质,等比数列奇偶项和的关系
MATH,等比数列前项和的常用性质,等比数列奇数项和与偶数项和的关系
MATH,等比数列前项和的常用性质,等比数列片段和的性质
MATH,等比数列前项和的常用性质,等比数列的片段和性质
MATH,等比数列性质应用问题的解题突破口,“异构同集”型问题的立足点
MATH,等比数列性质应用问题的解题突破口,两数列公共项问题的解法
MATH,等比数列性质应用问题的解题突破口,二项分布问题的解题步骤
MATH,等比数列性质应用问题的解题突破口,圆的问题优先用几何性质而非联立
MATH,等比数列性质应用问题的解题突破口,外接球问题的一般解法
MATH,等比数列性质应用问题的解题突破口,子数列问题的转化
MATH,等比数列性质应用问题的解题突破口,平面图形折叠问题的处理
MATH,等比数列性质应用问题的解题突破口,平面图形翻折问题的三步处理
MATH,等比数列性质应用问题的解题突破口,数列奇偶项问题的处理
MATH,等比数列性质应用问题的解题突破口,数列奇偶项问题的本质：对 n 的奇偶分类讨论
MATH,等比数列性质应用问题的解题突破口,数列小题的快解策略
MATH,等比数列性质应用问题的解题突破口,数列解答题的考查定位与能力要求
MATH,等比数列性质应用问题的解题突破口,球切接问题的通用三步法
MATH,等比数列性质应用问题的解题突破口,等比中项与等比数列性质
MATH,等比数列性质应用问题的解题突破口,等比数列下标和性质的应用
MATH,等比数列性质应用问题的解题突破口,等比数列性质应用的三类突破口
MATH,等比数列性质应用问题的解题突破口,等比数列性质应用的突破口
MATH,等比数列性质应用问题的解题突破口,等比数列的奇偶项和性质
MATH,等比数列性质应用问题的解题突破口,组合问题的两类处理
MATH,等比数列性质应用问题的解题突破口,超几何分布问题的解题步骤
MATH,等比数列的判定方法,等比数列的三种判定方法
MATH,等比数列的前n项和,分期付款（等额本息）模型
MATH,等比数列的前n项和,等比数列前 n 项和与指数函数的关系
MATH,等比数列的前n项和,等比数列前 n 项和公式的推导
MATH,等比数列的前n项和,等比数列前 n 项和需按公比分类
MATH,等比数列的前n项和,等比数列前n项和公式与性质
MATH,等比数列的前n项和,等比数列求和的奇偶讨论
MATH,等比数列的常用性质,下标和相等的性质推广
MATH,等比数列的常用性质,公比对等比数列符号与单调性的影响
MATH,等比数列的常用性质,用一项与公比求任意项、用两项求公比
MATH,等比数列的常用性质,等比数列下标和相等则积相等
MATH,等比数列的常用性质,等比数列的下标和性质
MATH,等比数列的常用性质,等比数列的下标和性质与中项性质
MATH,等比数列的常用性质,等比数列的五组常用性质
MATH,等比数列的常用性质,等比数列的公式与常用性质
MATH,等比数列的常用性质,等比数列的子数列与运算性质
MATH,等比数列的常用性质,等比数列的性质
MATH,等比数列的常用性质,等比数列的运算性质
MATH,等比数列的有关公式,等比数列前n项和公式
MATH,等比数列的有关公式,等比数列的通项与前n项和公式
MATH,等比数列的有关公式,等比数列通项与和的标准形式
MATH,等比数列的有关概念,等比中项及其推广
MATH,等比数列的有关概念,等比数列概念理解中的三个易错点
MATH,等比数列的有关概念,等比数列的定义与公比
MATH,等比数列的有关概念,等比数列的定义与基本量
MATH,等比数列的有关概念,等比数列的定义与符号语言
MATH,等比数列的有关概念,等比数列的概念与等比中项
MATH,等比数列的通项,构造等比数列法求通项
MATH,等比数列的通项,等比数列判定的四类方法
MATH,等比数列的通项,等比数列的定义与通项
MATH,等比数列的通项,等比数列的符号特征
MATH,等比数列的通项,等比数列的通项公式
MATH,等比数列的通项,等比数列的通项公式与单调性
MATH,等比数列的通项,等比数列的通项公式与项的性质
MATH,等比数列的通项,等比数列通项公式与单调性
MATH,等角定理,等角定理及其推论
MATH,等距条件的动点轨迹,由定义识别动点轨迹的标志
MATH,等距条件的动点轨迹,等距（定长）条件的轨迹
MATH,简单随机抽样,总体、个体与样本
MATH,简单随机抽样,简单随机抽样的概念与方法
MATH,算两次（向量）,向量中的“算两次”
MATH,算两次（向量）,算两次的步骤与双边比例模型
MATH,类周期函数,类周期函数的定义
MATH,类周期函数,类周期函数的定义与处理
MATH,类周期函数,类周期函数的认识与处理
MATH,类周期函数,类周期函数问题的解题步骤
MATH,类周期函数,类周期（局部周期递归）函数
MATH,糖水（浓度）不等式,分式性质的两种形式与倒数性质
MATH,糖水（浓度）不等式,浓度不等式及其倒数形式
MATH,糖水（浓度）不等式,糖水不等式的应用与判断
MATH,累加法与累乘法求数列通项,数列求通项的累乘法
MATH,累加法与累乘法求数列通项,数列求通项的累加法
MATH,累加法与累乘法求数列通项,消去 Sn 后累乘求通项
MATH,累加法与累乘法求数列通项,用累乘法求数列通项
MATH,累加法与累乘法求数列通项,用累加法求数列通项
MATH,累加法与累乘法求数列通项,累乘法求数列通项
MATH,累加法与累乘法求数列通项,累乘法求通项
MATH,累加法与累乘法求数列通项,累乘法求通项公式
MATH,累加法与累乘法求数列通项,累加法、累乘法与构造数列法求通项
MATH,累加法与累乘法求数列通项,累加法与累乘法求通项
MATH,累加法与累乘法求数列通项,累加法与累乘法求通项公式
MATH,累加法与累乘法求数列通项,累加法求数列通项
MATH,累加法与累乘法求数列通项,累加法求通项
MATH,累加法与累乘法求数列通项,累加法求通项公式
MATH,线段的定比分点,定比分点问题的坐标法
MATH,线段的定比分点,线段的定比分点与中点坐标公式
MATH,线面平行定理的理解不够准确,平行公理与等角定理
MATH,线面平行定理的理解不够准确,线面平行判定与性质定理的使用区别
MATH,线面平行的定义-一条直线与一个平面无公共点-不相交,与抛物线仅有一个公共点的直线条数
MATH,线面角与向量夹角转化不清等问题,二面角的向量法
MATH,线面角与向量夹角转化不清等问题,向量夹角与图形内角的关系处理
MATH,线面角与向量夹角转化不清等问题,向量夹角锐钝的充要关系
MATH,线面角与向量夹角转化不清等问题,向量法求二面角
MATH,线面角与向量夹角转化不清等问题,向量法求二面角与平面夹角
MATH,线面角与向量夹角转化不清等问题,线面角与向量夹角转化不清
MATH,线面角与向量夹角转化不清等问题,线面角的几何法（定义法）
MATH,线面角与向量夹角转化不清等问题,线面角的向量法
MATH,线面距和面面距,两平行平面间的距离
MATH,线面距和面面距,用空间向量求点到面与线的距离
MATH,线面距和面面距,直线到平面的距离
MATH,组合,不定方程解的个数与隔板法
MATH,组合,分组分配问题与去序
MATH,组合,分组分配问题的算例与流程
MATH,组合,排列组合中的常用计数技巧
MATH,组合,新定义“互斥子集组”的计数
MATH,组合,组合与组合数
MATH,组合,组合与组合数公式
MATH,组合,组合与组合数的概念及公式
MATH,组合,组合体的构成与处理思路
MATH,组合,组合数两种公式形式的选用与常见题型
MATH,组合,组合数公式与性质
MATH,组合,组合数公式的推导与性质用法
MATH,组合,组合问题的两类常见题型与限制条件
MATH,组合,组合问题的易错点与规避
MATH,组合,网格最短路径条数与杨辉三角
MATH,组合,隔板法的两个适用前提
MATH,组合,隔板法解相同元素的分配
MATH,给值求值问题,给值求值的化归思路
MATH,给值求值问题,给值求值问题的“三步法”
MATH,给值求值问题,给值求值：角的拆分与符号判断
MATH,给值求角问题,三角中的角度隐含限制与大边对大角
MATH,给值求角问题,给值求角：选函数与缩范围
MATH,绝对值不等式,单绝对值不等式的解法
MATH,绝对值不等式,均值不等式链及变形
MATH,绝对值不等式,对数均值不等式法的适用场景
MATH,绝对值不等式,对数均值不等式（LMI）
MATH,绝对值不等式,平均值不等式链
MATH,绝对值不等式,简单绝对值不等式的解法
MATH,绝对值不等式,简单绝对值不等式的解集
MATH,绝对值不等式,绝对值不等式的基本型与零点分段法
MATH,绝对值不等式,绝对值不等式的解法与数轴理解
MATH,绝对值不等式,绝对值不等式的解法口诀
MATH,绝对值不等式,重要基础不等式组
MATH,统计图表的读取,常见统计图表的作用
MATH,补集,补集、全集与德摩根律
MATH,补集,补集及其求法
MATH,补集,补集的定义与基本性质
MATH,表面积与体积,几何体体积与表面积的三个结论
MATH,表面积与体积,表面积计算的轴截面与展开图要点
MATH,裂项放缩,放缩后裂项相消（含对数型裂项）
MATH,裂项放缩,放缩结论：1/(2ⁿ−1) 裂项放缩（n≥2）
MATH,裂项放缩,放缩结论：1/n² < 4/(4n²−1)
MATH,裂项放缩,放缩结论：1/n² > 1/[n(n+1)]
MATH,裂项放缩,放缩结论：1/√n < 2(√n−√(n−1))
MATH,裂项放缩,放缩结论：1/√n > 2(√(n+1)−√n)
MATH,裂项放缩,裂项放缩与等比放缩
MATH,裂项放缩,裂项放缩（分式·根式·分指）
MATH,裂项相消求和时遗漏剩余项致错,裂项相消的剩余项规律
MATH,裂项相消求和时遗漏剩余项致错,裂项相消的原则与消项规律
MATH,裂项相消求和时遗漏剩余项致错,裂项相消的类型变式
MATH,裂项相消法中常见的裂项技巧,a_{n+1}=a_n²+a_n 型的取倒数裂项
MATH,裂项相消法中常见的裂项技巧,三类常见拆项公式清单
MATH,裂项相消法中常见的裂项技巧,分式裂项
MATH,裂项相消法中常见的裂项技巧,分指裂项
MATH,裂项相消法中常见的裂项技巧,常见的裂项结构与裂项技巧
MATH,裂项相消法中常见的裂项技巧,常见的近似计算公式
MATH,裂项相消法中常见的裂项技巧,常见裂项技巧的分类
MATH,裂项相消法中常见的裂项技巧,常见裂项模型
MATH,裂项相消法中常见的裂项技巧,数列求和的裂项相消法
MATH,裂项相消法中常见的裂项技巧,根式型与指数型的裂项技巧
MATH,裂项相消法中常见的裂项技巧,根式裂项（分母有理化）
MATH,裂项相消法中常见的裂项技巧,用待定系数裂项替代错位相减
MATH,裂项相消法中常见的裂项技巧,裂项的“函数型”与“分子分母齐次分离型”
MATH,裂项相消法中常见的裂项技巧,裂项相消法
MATH,裂项相消法中常见的裂项技巧,裂项相消法及其常见裂项
MATH,裂项相消法中常见的裂项技巧,裂项相消法及其常见裂项形式
MATH,裂项相消法中常见的裂项技巧,裂项相消法求和的常见裂项形式
MATH,裂项相消法中常见的裂项技巧,裂项相消法的四类模型与注意事项
MATH,裂项相消法中常见的裂项技巧,裂项相消的常见裂项变形
MATH,裂项相消法中常见的裂项技巧,裂项相消的拆项模型与步骤
MATH,裂项相消法中常见的裂项技巧,裂项相消的识别与系数调整
MATH,角平分线定理,三角形角平分线常用结论
MATH,角平分线定理,含角平分线问题的破解方法
MATH,角平分线定理,用方程组求角平分线的长
MATH,角平分线定理,用面积法求角平分线段长
MATH,角平分线定理,角平分线分对边成比例
MATH,角平分线定理,角平分线定理及其证明思路
MATH,角平分线定理,角平分线的向量表示
MATH,角平分线定理,角平分线的角形式
MATH,角平分线定理,角平分线相关结论
MATH,角平分线定理,角平分线长的等面积法
MATH,角的变换技巧,倍角与半角的整体代换
MATH,角的变换技巧,角的变换：用和差表示未知角
MATH,解一元二次不等式的步骤,一元二次不等式的求解步骤
MATH,解一元二次不等式的步骤,一元二次不等式的解法步骤
MATH,解一元二次不等式的步骤,三个二次的关系与解二次不等式的步骤
MATH,解一元二次不等式的步骤,三个二次的关系解一元二次不等式
MATH,解一元二次不等式的步骤,不等式的解法（含高次、分式、绝对值与指对数）
MATH,解一元二次不等式的步骤,对称化构造证零点积（和）不等式的四步流程
MATH,解一元二次不等式的步骤,比值换元法证明零点积不等式的三步骤
MATH,解三角形与三角函数的综合,正余弦定理与三角函数性质的综合应用
MATH,解三角形中的最值与范围问题,三角形最值范围问题的策略与注意点
MATH,解三角形中的最值与范围问题,三角换元在解三角形最值问题中的应用
MATH,解三角形中的最值与范围问题,类型一：用基本不等式求面积（或边长）的最值
MATH,解三角形中的最值与范围问题,面积与周长的最值与范围问题
MATH,解三角形中的最值与范围问题,面积与边长最值的求解技巧与验证
MATH,解三角形中的最值范围问题,最值求解三步法与常用技巧
MATH,解三角形中的范围与最值问题,用余弦定理求边与周长的范围
MATH,解三角形中的范围与最值问题,用正弦定理化角求最值
MATH,解三角形中的范围与最值问题,面积与外接圆条件下的两个最值结论
MATH,解三角形图形类问题的解题方法,几何图形中解三角形的处理要点
MATH,解三角形的实际应用,三角函数模型的实际应用
MATH,解三角形的实际应用,仰角与俯角
MATH,解三角形的实际应用,双曲线焦点三角形的周长不是定值
MATH,解三角形的实际应用,平面图形中的解三角形
MATH,解三角形的实际应用,方位角、方向角与坡度
MATH,解三角形的实际应用,椭圆焦点三角形的周长为定值 2a+2c
MATH,解三角形的实际应用,椭圆焦点三角形的性质
MATH,解三角形的实际应用,正、余弦定理实际应用的四步
MATH,解三角形的实际应用,测量中的常用术语与解题思路
MATH,解三角形的实际应用,测量距离、高度与角度问题的思路
MATH,解三角形的实际应用,测量距离与测量高度问题的解题思路
MATH,解三角形的实际应用,测量距离与高度的基本模型
MATH,解三角形的实际应用,由方位角判断两点的相对方向
MATH,解三角形的实际应用,距离测量问题的解题步骤
MATH,解三角形的实际应用,高度测量问题的解题技法
MATH,解三角形的常用定理,角平分线定理、张角定理与中线长定理
MATH,解决双变量-存在性-或-任意性-的不等式问题,任意—存在型问题的值域包含转化
MATH,解决双变量-存在性-或-任意性-的不等式问题,任意与存在型双变量问题的转化
MATH,解决双变量-存在性-或-任意性-的不等式问题,双变量不等式型的存在性与任意性问题
MATH,解决双变量-存在性-或-任意性-的不等式问题,双变量恒成立与能成立的转化
MATH,解决双变量-存在性-或-任意性-的不等式问题,双变量恒成立与能成立问题的四种转化
MATH,解决双变量-存在性-或-任意性-的不等式问题,恒成立与能成立问题的转化类型
MATH,解决双变量-存在性-或-任意性-的等式问题,双切线存在性：两处切线斜率关系的转化
MATH,解决双变量-存在性-或-任意性-的等式问题,双变量等式型的存在性与任意性问题
MATH,解决垂直问题-利用-可将垂直问题转化为向量数量积的计算问题,侧棱（面）垂直底面型的外接球计算
MATH,解决垂直问题-利用-可将垂直问题转化为向量数量积的计算问题,切线条数问题转化为方程解的个数
MATH,解决垂直问题-利用-可将垂直问题转化为向量数量积的计算问题,利用极化恒等式求数量积的方法
MATH,解决垂直问题-利用-可将垂直问题转化为向量数量积的计算问题,同构法三：利用相似计算同构
MATH,解决垂直问题-利用-可将垂直问题转化为向量数量积的计算问题,向量问题中坐标化与基底化的选择
MATH,解决垂直问题-利用-可将垂直问题转化为向量数量积的计算问题,向量问题的投影（投影向量）转化法
MATH,解决垂直问题-利用-可将垂直问题转化为向量数量积的计算问题,极化恒等式求动点数量积取值范围的步骤
MATH,解决垂直问题-利用-可将垂直问题转化为向量数量积的计算问题,用数量积为 0 证点在圆上与直线相切
MATH,解决垂直问题-利用-可将垂直问题转化为向量数量积的计算问题,用数量积为零判定空间两直线垂直
MATH,解决垂直问题-利用-可将垂直问题转化为向量数量积的计算问题,用数量积判断向量垂直的方法
MATH,解决垂直问题-利用-可将垂直问题转化为向量数量积的计算问题,由垂直关系求参数的步骤
MATH,解决垂直问题-利用-可将垂直问题转化为向量数量积的计算问题,过一点多切线问题转化为方程解的个数
MATH,解分数不等式忽略分母不为零致错,分式不等式的同解变形
MATH,解分数不等式忽略分母不为零致错,设直线为 x=my+n 型（过定点或斜率不为零）
MATH,计数原理的推广形式,两个计数原理的推广形式
MATH,证明不等式,切线放缩证明不等式的整体三步
MATH,证明不等式,导数证明不等式的步骤与借式子
MATH,证明不等式,常用放缩不等式在解答题中需先证明
MATH,证明不等式,指对放缩的化归证明策略
MATH,证明不等式,放缩时注意前一问证明的不等式能否复用
MATH,证明不等式,构造函数证明不等式：左减右
MATH,证明不等式,用构造函数的单调性证明数列型不等式
MATH,证明不等式,用面积关系证明基本不等式（赵爽弦图）
MATH,证明不等式,证明不等式的六种常用方法
MATH,证明不等式,证明不等式的基本思路
MATH,证明点共线问题的2种方法,证明点共线的方法
MATH,证明点或线共面问题的2种方法,证明点线共面的方法
MATH,证明点或线共面问题的2种方法,非对称问题方法二：和积转化
MATH,证明等差与等比数列的方法,证明等差数列与等比数列的三种方法
MATH,证明线共点问题的常用方法,不等式证明的常用方法
MATH,证明线共点问题的常用方法,共面、共线、共点问题的证明套路
MATH,证明线共点问题的常用方法,排列问题的常用解法
MATH,证明线共点问题的常用方法,证明线共点的方法
MATH,证明线共点问题的常用方法,证明面面平行的常用方法
MATH,证明线线垂直的方法,用三角比相等证两角相等从而得垂直
MATH,证明线线垂直的方法,用勾股定理的逆定理证线线垂直
MATH,证明线线垂直的方法,线面垂直的判定与性质
MATH,证明线线垂直的方法,证明两条直线垂直的三条主要途径
MATH,证明线线垂直的方法,证明线线垂直的常用方法
MATH,证明线线垂直的方法,证明线线垂直的常用途径
MATH,证明面面垂直的方法,判定线面垂直的四种方法
MATH,证明面面垂直的方法,利用底面内的直角与侧棱垂直证面面垂直
MATH,证明面面垂直的方法,线面垂直与面面垂直的判定
MATH,证明面面垂直的方法,证明面面垂直的两种方法
MATH,证明面面垂直的方法,证明面面垂直的方法与一个转化
MATH,证明面面垂直的方法,面面垂直的判定定理
MATH,证明面面垂直的方法,面面垂直的证明：先证线面垂直再找面内的直线
MATH,误解-导数为0-与-有极值-的关系致错,函数有极值的条件与常见误解
MATH,误解-导数为0-与-有极值-的关系致错,导数为 0 是极值的必要不充分条件
MATH,误解-导数为0-与-有极值-的关系致错,导数为零与取得极值的关系辨析
MATH,误解-导数为0-与-有极值-的关系致错,极值概念的两个易错点
MATH,误解-导数为0-与-有极值-的关系致错,由 f′(x0)=0 反求参数后必须检验
MATH,诱导公式,三角函数的诱导公式与记忆方法
MATH,诱导公式,三角函数的诱导公式与记忆规律
MATH,诱导公式,互余与互补角的诱导公式要点
MATH,诱导公式,互余互补角在化简求值中的处理
MATH,诱导公式,互余角与互补角的诱导公式
MATH,诱导公式,凑角后用诱导公式与二倍角
MATH,诱导公式,多角诱导公式化简的合并策略
MATH,诱导公式,大角化小角的方法
MATH,诱导公式,把任意角化为锐角的步骤
MATH,诱导公式,用诱导公式把任意角化为锐角
MATH,诱导公式,用诱导公式把大角化为特殊角求值
MATH,诱导公式,用诱导公式求值与化简的步骤
MATH,诱导公式,用诱导公式证明三角恒等式
MATH,诱导公式,诱导公式与记忆口诀
MATH,诱导公式,诱导公式八组表与记忆口诀
MATH,诱导公式,诱导公式化简三原则“负化正、大化小、小化锐”
MATH,诱导公式,诱导公式的使用前提与理解
MATH,诱导公式,诱导公式的口诀与常用结论
MATH,诱导公式,诱导公式的应用策略
MATH,诱导公式,诱导公式的记忆与使用
MATH,诱导公式,诱导公式的记忆口诀
MATH,诱导公式,诱导公式的记忆口诀与作用
MATH,诱导公式,诱导公式的记忆口诀与使用步骤
MATH,诱导公式,诱导公式的记忆法则
MATH,诱导公式,诱导公式的转化原则
MATH,贝叶斯公式,P(A|B) 与 P(B|A) 的区别与解读
MATH,贝叶斯公式,全概率公式与贝叶斯公式的区别与选用
MATH,贝叶斯公式,贝叶斯公式与条件概率的反向求解
MATH,贝叶斯公式,贝叶斯公式及其用法
MATH,贝叶斯公式,贝叶斯公式及其证明
MATH,贝叶斯公式,贝叶斯公式（结果发生后反推原因概率）
MATH,费马点,费马点的定义与位置判定
MATH,费马点,费马点的旋转构造法
MATH,超几何分布,二项分布与超几何分布的区分
MATH,超几何分布,超几何分布概率计算公式
MATH,超几何分布,超几何分布的分布列与期望方差
MATH,超几何分布,超几何分布的均值
MATH,超几何分布,超几何分布的定义与分布列
MATH,超几何分布,超几何分布的期望与方差公式
MATH,超几何分布,超几何分布的本质与特征（不放回抽样）
MATH,超几何分布,超几何分布的模型特征与适用场景
MATH,超几何分布,超几何分布的识别与公式
MATH,超级韦达定理,手电筒模型与三种解法
MATH,超级韦达定理,用超级韦达求双曲线弦的斜率
MATH,超级韦达定理,超级韦达定理（五步法）
MATH,辅助角公式,辅助角公式与常见结论
MATH,辅助角公式,辅助角公式及其应用
MATH,辅助角公式,辅助角公式合一变形
MATH,辅助角公式,辅助角公式的应用与辅助角确定
MATH,辅助角公式,辅助角公式的形式与推导
MATH,边角互化,三角函数与解三角形压轴题的解题策略
MATH,边角互化,三角形中的边角关系与常用结论
MATH,边角互化,三角形中边角互化的总思路
MATH,边角互化,余弦定理边角互化的处理流程
MATH,边角互化,内角和 π 的余弦转化关系
MATH,边角互化,内角和 π 的正弦转化关系
MATH,边角互化,正余弦定理的两大作用与边角互化
MATH,边角互化,正弦定理边角互化的方向选择
MATH,边角互化,正弦定理边角互化的选择
MATH,边角互化,正弦平方型等式的边角互化
MATH,边角互化,用正余弦定理判定三角形的形状
MATH,边角互化,由边角混合条件求正弦和型
MATH,边角互化,角的正弦齐次等式或分式化角为边
MATH,边角互化,边的齐次等式或分式化边为角
MATH,边角互化,边角互化后的化简与训练要点
MATH,边角互化,边角互化的两条路
MATH,边角互化,边角互化的常用原则
MATH,边角互化,边角混合条件的化归策略（角化边、切化弦）
MATH,边角互化,边角混合等式的化归求角
MATH,边角互化,边角混合等式的统一化处理
MATH,边角互化,齐次边角等式的边化角求角
MATH,过定点的多切线问题,三次函数图象的切线条数判定
MATH,过定点的多切线问题,由切线条数求参数的关键点
MATH,过定点的多切线问题,过圆内定点的弦长最值：最短弦垂直于定点与圆心连线
MATH,过定点的多切线问题,过定点切线条数问题
MATH,过定点的多切线问题,过点作切线的条数判断与求参
MATH,过定点的多切线问题,过点作曲线的切线条数问题
MATH,过定点的多切线问题,过点型切线条数的判断
MATH,连续使用基本不等式忽略等号同时成立致错,两次使用均值的取等一致性
MATH,连续使用基本不等式忽略等号同时成立致错,分组使用基本不等式时两次等号必须同时成立
MATH,连续使用基本不等式忽略等号同时成立致错,含参讨论中不可遗漏参数临界值（等号成立）情形
MATH,连续使用基本不等式忽略等号同时成立致错,多次使用基本不等式的取等一致性
MATH,连续使用基本不等式忽略等号同时成立致错,多次使用基本不等式的等号一致性
MATH,连续使用基本不等式忽略等号同时成立致错,多次使用基本不等式致错
MATH,连续使用基本不等式忽略等号同时成立致错,多次使用基本不等式须等号一致
MATH,连续使用基本不等式忽略等号同时成立致错,连续使用基本不等式时的等号检验
MATH,连续使用基本不等式忽略等号同时成立致错,连续放缩要验等号能否同取
MATH,递推式含(-1)^(n+1)的每四项并项,每四项并项求和及其证明
MATH,递推放缩与函数放缩,单调性放缩与构造函数法
MATH,部分奇偶性,部分奇偶性求对称点函数值
MATH,配对问题,配对问题的处理方法
MATH,配方法-主要用于二次函数或可化为二次函数的函数-要特别注意自变量的取值范围,三角图象变换的加减乘除只作用在自变量 x 上
MATH,配方法-主要用于二次函数或可化为二次函数的函数-要特别注意自变量的取值范围,二次型函数最值的“三点一轴”讨论总纲
MATH,配方法-主要用于二次函数或可化为二次函数的函数-要特别注意自变量的取值范围,对数放缩结论 ln x ≤ ½(x²−1)
MATH,配方法-主要用于二次函数或可化为二次函数的函数-要特别注意自变量的取值范围,等差数列的函数属性
MATH,重要不等式-当且仅当时取号,几个常用不等式与不等式链
MATH,重要不等式-当且仅当时取号,几个重要的不等式及其取等条件
MATH,重要不等式-当且仅当时取号,重要不等式 a²+b²≥2ab
MATH,错判数量积的符号与夹角关系,切化弦与开方化简的符号约束
MATH,错判数量积的符号与夹角关系,夹角锐钝与数量积符号的“反之不成立”
MATH,错判数量积的符号与夹角关系,数量积的夹角与消去律易错辨析
MATH,错判数量积的符号与夹角关系,数量积的性质
MATH,错判数量积的符号与夹角关系,数量积的性质与垂直充要条件
MATH,错判数量积的符号与夹角关系,数量积符号与夹角关系的误判
MATH,错判数量积的符号与夹角关系,数量积符号与夹角的关系
MATH,错判数量积的符号与夹角关系,数量积符号与夹角的易错辨析
MATH,错判数量积的符号与夹角关系,数量积符号与夹角锐钝的判别（排除共线）
MATH,阿基米德三角形,阿基米德三角形及其常用性质
MATH,阿基米德三角形,阿基米德三角形的定义与结论
MATH,阿基米德三角形,阿基米德三角形的性质与推论
MATH,阿波罗尼斯圆,PA=2PB 型的轨迹是圆（阿波罗尼斯圆）
MATH,阿波罗尼斯圆,到两定点距离之比为常数的轨迹
MATH,阿波罗尼斯圆,到两定点距离之比为常数的轨迹（阿波罗尼斯圆）
MATH,阿波罗尼斯圆,阿波罗尼斯圆的定义与相似性质
MATH,阿波罗尼斯圆,阿波罗尼斯圆的定义与证明
MATH,阿波罗尼斯圆,阿波罗尼斯圆的性质与证明
MATH,阿波罗尼斯圆,阿波罗尼斯圆（距离之比为常数的轨迹）
MATH,随机事件,样本空间与随机事件
MATH,随机事件的相互独立性,乘法公式与独立事件的简化形式
MATH,随机事件的相互独立性,事件的相互独立性
MATH,随机事件的相互独立性,样本空间与随机事件的关系
MATH,随机事件的相互独立性,独立事件与独立重复试验的概率
MATH,随机事件的相互独立性,相互独立事件
MATH,随机事件的相互独立性,相互独立事件的定义与性质
MATH,随机事件的相互独立性,相互独立事件的概念与性质
MATH,隐圆,垂直与数量积型隐圆的应用
MATH,隐圆,常见的隐圆类型与识别信号
MATH,隐圆,隐圆的五种定义
MATH,隔板法,添元素隔板法：允许空组的相同元素分组
MATH,隔板法,限制条件隔板法：某组至少分得 k 个（k≥2）
MATH,隔板法,隔板法处理相同元素分配
MATH,隔板法,隔板法：相同对象的分配
MATH,集合中元素的特征,集合与命题的易错提醒
MATH,集合中元素的特征,集合中元素的三个特征
MATH,集合中元素的特征,集合中元素的三个特征与空集
MATH,集合中元素的特征,集合中元素的三个特性
MATH,集合中元素的特征,集合中元素的三大特征
MATH,集合中元素的特征,集合元素的三个特征与元素和集合的关系
MATH,集合中元素的特征,集合元素的三大特征
MATH,集合新定义的解题思路,新定义集合运算（韦恩图型）的处理
MATH,集合新定义的解题思路,集合新定义问题的四步处理法
MATH,集合新定义的解题思路,集合新定义问题的解题关键
MATH,集合新定义的解题思路,集合新定义问题的解题思路
MATH,集合的分类,集合的分类：有限集与无限集
MATH,集合的含义与表示,常见数集的记号
MATH,集合的含义与表示,常见数集的记法
MATH,集合的含义与表示,描述法表示集合
MATH,集合的含义与表示,集合与元素的关系及集合的表示法
MATH,集合的含义与表示,集合元素的三个特征与表示法
MATH,集合的含义与表示,集合的三种表示方法与常用数集
MATH,集合的含义与表示,集合的含义与元素的三个特征
MATH,集合的含义与表示,集合的含义与表示方法
MATH,集合的含义与表示,集合的四种表示方法与数集点集的区分
MATH,集合的含义与表示,集合的常用表示方法：列举法、描述法、区间、韦恩图
MATH,集合的含义与表示,集合的概念、元素特性与常用数集
MATH,集合运算中的常用二级结论,交并补运算的运算律
MATH,集合运算中的常用二级结论,包含关系的等价表示与两个注意点
MATH,集合运算中的常用二级结论,测量中的常用术语
MATH,集合运算中的常用二级结论,集合交并补运算的常用性质
MATH,集合运算中的常用二级结论,集合的表示法与常用数集
MATH,集合运算中的常用二级结论,集合运算的常用二级结论
MATH,集合运算中的常用二级结论,集合运算的常用性质
MATH,集合运算中的常用二级结论,集合运算的常用结论
MATH,集合运算中的常用二级结论,集合运算的等价结论与常用方法
MATH,集合运算中的常用二级结论,集合运算符号与概率事件符号的对应
MATH,非对称结构的处理,和积消去型非对称式
MATH,非对称结构的处理,圆锥曲线中非对称问题的解题策略
MATH,非对称结构的处理,大比值型非对称式求值
MATH,非对称结构的处理,平方升幂处理非对称式
MATH,非对称结构的处理,相交弦交点过定直线（定直线在曲线外）
MATH,非对称结构的处理,非对称式处理的四种方法对比
MATH,非对称结构的处理,非对称结构的处理（比例型与线性型）
MATH,非对称结构的处理,非对称问题的五种处理策略
MATH,非对称结构的处理,非对称问题的四种处理方式
MATH,非对称结构的处理,非对称问题的识别与四种处理方式
MATH,面积射影定理,面积射影定理及其用法
MATH,面面垂直性质的应用,借助面面垂直作棱锥的高
MATH,面面垂直性质的应用,由面面垂直作棱锥的高（在平面内作交线的垂线）
MATH,面面垂直性质的应用,由面面垂直得线面垂直再推面面垂直
MATH,面面垂直性质的应用,由面面垂直求三棱锥的体积
MATH,面面垂直性质的应用,面面垂直与线面垂直的联合推理（求点面距离）
MATH,面面垂直性质的应用,面面垂直性质的应用与易错点
MATH,面面垂直性质的应用,面面垂直的五条常用性质结论
MATH,面面垂直性质的应用,面面平行性质的两类应用
MATH,频率分布直方图,频率分布直方图的作法与要素
MATH,频率分布直方图,频率分布直方图的作法与读法
MATH,频率分布直方图,频率分布直方图的读数与估计
MATH,马尔可夫链（概率递推）,概率与数列结合的四类递推模型
MATH,马尔可夫链（概率递推）,概率与数列综合：建立概率递推关系
MATH,马尔可夫链（概率递推）,概率结合数列模型的三步法
MATH,马尔可夫链（概率递推）,概率递推中构造等比数列
MATH,马尔可夫链（概率递推）,概率递推问题的构造数列法
MATH,马尔可夫链（概率递推）,概率递推问题的构造数列通法
MATH,高斯函数,高斯函数（取整函数）的概念
MATH,高次不等式及其解法,序轴标根法解高次不等式
MATH,高次方程根与系数的关系,一元三次方程的韦达定理
MATH,高次方程根与系数的关系,代数基本定理与高次方程的根
MATH,齐次化,平移齐次化法求斜率和与斜率积
MATH,齐次化,构造齐次式法的适用条件与三步
MATH,齐次化,齐次化换元消元
MATH,齐次化,齐次化证明斜率之和为定值
MATH,齐次式与切弦互化,三角函数齐次式的切弦互化
MATH,齐次式与切弦互化,三角齐次式“化切”策略
MATH,齐次式与切弦互化,弦式化切的三类结构
MATH,齐次式与切弦互化,齐次式弦化切
MATH,齐次式的处理,齐次式的求值处理方法
PHYSICS,0-v-0模型,0-v-0 模型的分段与全程结论
PHYSICS,0-v-0模型,0-v-0 模型：先加速后减速到零的比例关系
PHYSICS,0-v-0模型,0-v-0模型的分段与全程结论
PHYSICS,0-v-0模型,0—v—0模型的比例关系
PHYSICS,Ek-x图像,Ek－x图像的斜率含义
PHYSICS,Ek-x图像,Ek－x图像的解读
PHYSICS,U-I图像与I-U图像的理解,U-I 图像与 I-U 图像的读图要点
PHYSICS,e-x图像,E-x 图像的两步处理
PHYSICS,e-x图像,E-x 图像的信息与读法
PHYSICS,e-x图像,E-x 图像的读图方法
PHYSICS,e-x图像,E-x图像中图线与横轴围成的面积表示电势差
PHYSICS,e-x图像,E-x图像的分析与应用
PHYSICS,e-x图像,E-x图像的理解与应用
PHYSICS,e-x图像,E-x图像的解读要点
PHYSICS,e-x图像,E-x图像的面积与常见图线
PHYSICS,e-x图像,E-x图像的面积含义与场强正负
PHYSICS,e-x图像,E－x图像的含义与应用
PHYSICS,e-x图像,E－x图像的解读
PHYSICS,e-x图像,由E-x图像的面积求电势差与动能之比
PHYSICS,e-x图像,电场中的E-x图像
PHYSICS,e-x图像,静电场中的E-x图像
PHYSICS,ep-x图像,Ep-x 与 Ek-x 图像的斜率含义
PHYSICS,ep-x图像,Ep-x 图像的信息与读法
PHYSICS,ep-x图像,Ep-x 图像的读图方法
PHYSICS,ep-x图像,Ep-x图像与Ek-x图像的斜率
PHYSICS,ep-x图像,Ep-x图像与Ek-x图像的斜率意义
PHYSICS,ep-x图像,Ep-x图像切线斜率的绝对值表示静电力
PHYSICS,ep-x图像,Ep-x图像斜率表示电场力
PHYSICS,ep-x图像,Ep-x图像的理解与应用
PHYSICS,ep-x图像,Ep-x图像的解读
PHYSICS,ep-x图像,Ep-x图像的解读要点
PHYSICS,ep-x图像,Ep－x图像的斜率含义
PHYSICS,ep-x图像,Ep－x图像的解读
PHYSICS,ep-x图像,由Ep-x图像判断电势最高点与点电荷电性
PHYSICS,ep-x图像,由Ep-x图像求点电荷到直杆的距离与最大静电力
PHYSICS,ep-x图像,电场中的Ep-x图像
PHYSICS,v-t图像信息的读取方法,从v-t图像读取加速度与作图要求
PHYSICS,v-t图像（速度—时间图像）,v-t图像的三看：坐标轴、拐点交点、面积与斜率
PHYSICS,v-t图像（速度—时间图像）,匀变速直线运动的v-t图像
PHYSICS,v-t图像（速度—时间图像）,对v-t图像的进一步理解
PHYSICS,x-t图像-v-t图像-a-t图像的对比,E-x 图像的含义
PHYSICS,x-t图像-v-t图像-a-t图像的对比,E-x图像的三条分析要点
PHYSICS,x-t图像-v-t图像-a-t图像的对比,Ek-s 图像中上滑与下滑段斜率的对比
PHYSICS,x-t图像-v-t图像-a-t图像的对比,U_c-ν 图像的三要素（截止频率、斜率与h）
PHYSICS,x-t图像-v-t图像-a-t图像的对比,a-t图像的理解与面积
PHYSICS,x-t图像-v-t图像-a-t图像的对比,a-t图像的理解与面积意义
PHYSICS,x-t图像-v-t图像-a-t图像的对比,v-t 图像与 x-t 图像的分析要点
PHYSICS,x-t图像-v-t图像-a-t图像的对比,v-t图像在静电场问题中的应用
PHYSICS,x-t图像-v-t图像-a-t图像的对比,x-t图像与v-t图像中图线含义的对比
PHYSICS,x-t图像-v-t图像-a-t图像的对比,x-t图像与v-t图像的对比
PHYSICS,x-t图像-v-t图像-a-t图像的对比,x-t图像与v-t图像的比较
PHYSICS,x-t图像-v-t图像-a-t图像的对比,x-t图像与v-t图像的解读
PHYSICS,x-t图像-v-t图像-a-t图像的对比,x-t图像与v-t图像的解读要点
PHYSICS,x-t图像-v-t图像-a-t图像的对比,x-t图像中的曲线与抛物线
PHYSICS,x-t图像-v-t图像-a-t图像的对比,φ-x 图像的斜率含义
PHYSICS,x-t图像-v-t图像-a-t图像的对比,三种运动学图像的对比
PHYSICS,x-t图像-v-t图像-a-t图像的对比,三类常规运动学图像的读法对比
PHYSICS,x-t图像-v-t图像-a-t图像的对比,三类运动学图像的信息读取
PHYSICS,x-t图像-v-t图像-a-t图像的对比,位移-时间图像的读数规则
PHYSICS,x-t图像-v-t图像-a-t图像的对比,位置坐标 x-y 图像的意义
PHYSICS,x-t图像-v-t图像-a-t图像的对比,冲量与功的对比及易错点
PHYSICS,x-t图像-v-t图像-a-t图像的对比,对a-t图像的理解
PHYSICS,x-t图像-v-t图像-a-t图像的对比,对v-t图像的理解
PHYSICS,x-t图像-v-t图像-a-t图像的对比,对x-t图像的理解
PHYSICS,x-t图像-v-t图像-a-t图像的对比,常规运动学图像的识读方法
PHYSICS,x-t图像-v-t图像-a-t图像的对比,振动图像与波动图像的对比
PHYSICS,x-t图像-v-t图像-a-t图像的对比,波的图像与振动图像的区分
PHYSICS,x-t图像-v-t图像-a-t图像的对比,用图像分析加速度
PHYSICS,x-t图像-v-t图像-a-t图像的对比,电偏转与磁偏转的对比
PHYSICS,x-t图像-v-t图像-a-t图像的对比,电场中v-t图像的信息读取
PHYSICS,x-t图像-v-t图像-a-t图像的对比,电场中各类图像的信息读取
PHYSICS,x-t图像-v-t图像-a-t图像的对比,电源 U-I 图像与电阻 U-I 图像的对比
PHYSICS,x-t图像-v-t图像-a-t图像的对比,红到紫各种色光特性的对比规律
PHYSICS,x-t图像-v-t图像-a-t图像的对比,能量图像的斜率含义对照
PHYSICS,x-t图像-v-t图像-a-t图像的对比,运动图像的识图方法与a-t图像
PHYSICS,x-t图像-v-t图像-a-t图像的对比,运动学图像问题通解
PHYSICS,x-t图像-v-t图像-a-t图像的对比,速度-时间图像的读数规则
PHYSICS,x-t图像（位移—时间图像）,x-t图像的意义与理解
PHYSICS,x-t图像（位移—时间图像）,x-t图像的读取：一看两点、二看图线
PHYSICS,φ-x图像-反映了电势随位移变化的规律,a-x图像面积表示速度平方变化的一半
PHYSICS,φ-x图像-反映了电势随位移变化的规律,φ-x 图像与 E-x 图像的解读
PHYSICS,φ-x图像-反映了电势随位移变化的规律,φ-x 图像分析的要点
PHYSICS,φ-x图像-反映了电势随位移变化的规律,φ-x 图像的两步处理
PHYSICS,φ-x图像-反映了电势随位移变化的规律,φ-x 图像的信息与读法
PHYSICS,φ-x图像-反映了电势随位移变化的规律,φ-x 图像的读图方法
PHYSICS,φ-x图像-反映了电势随位移变化的规律,φ-x图像斜率表示电场强度
PHYSICS,φ-x图像-反映了电势随位移变化的规律,φ-x图像的分析要点
PHYSICS,φ-x图像-反映了电势随位移变化的规律,φ-x图像的斜率与电势判断
PHYSICS,φ-x图像-反映了电势随位移变化的规律,φ-x图像的斜率含义与常见图线
PHYSICS,φ-x图像-反映了电势随位移变化的规律,φ-x图像的斜率表示电场强度
PHYSICS,φ-x图像-反映了电势随位移变化的规律,φ-x图像的理解与应用
PHYSICS,φ-x图像-反映了电势随位移变化的规律,φ-x图像的解读要点
PHYSICS,φ-x图像-反映了电势随位移变化的规律,φ-x图像：切线斜率与场强信息
PHYSICS,φ-x图像-反映了电势随位移变化的规律,φ－x图像的解读
PHYSICS,φ-x图像-反映了电势随位移变化的规律,实验：探究小车速度随时间变化的规律·易混概念辨析
PHYSICS,φ-x图像-反映了电势随位移变化的规律,实验：探究小车速度随时间变化的规律·计算注意事项
PHYSICS,φ-x图像-反映了电势随位移变化的规律,平均值法求随位移线性变化的力的功
PHYSICS,φ-x图像-反映了电势随位移变化的规律,由 φ-x 图像判断粒子的运动范围
PHYSICS,φ-x图像-反映了电势随位移变化的规律,电场中的φ-x图像
PHYSICS,φ-x图像-反映了电势随位移变化的规律,输出功率随外电阻变化的规律
PHYSICS,七种色光的物理量比较分析,光的色散与七色光参量排序
PHYSICS,七种色光的物理量比较分析,光的色散中各色光的参量排序
PHYSICS,七种色光的物理量比较分析,光的色散现象与红紫光的比较
PHYSICS,七种色光的物理量比较分析,各种色光的比较
PHYSICS,七种色光的物理量比较分析,色光的频率、折射率、波速与波长关系
PHYSICS,万有引力与航天中的情景创新的问题处理,万有引力与航天的情景创新问题
PHYSICS,万有引力与航天的基本定律和概念,万有引力与重力的关系及黄金代换
PHYSICS,万有引力与航天的基本定律和概念,万有引力的四个特性
PHYSICS,万有引力与航天的基本定律和概念,地面附近的重力与黄金代换式
PHYSICS,万有引力与航天的基本定律和概念,天体运动模型的研究对象
PHYSICS,万有引力与航天的基本定律和概念,引力常量
PHYSICS,万有引力与航天的基本定律和概念,离心运动与近心运动的判断依据
PHYSICS,万有引力与航天的基本定律和概念,考虑自转时万有引力与重力的关系
PHYSICS,万有引力与航天的基本定律和概念,重力与万有引力的关系及黄金代换
PHYSICS,万有引力与航天的基本定律和概念,重力与地球引力的关系
PHYSICS,万有引力与航天的理解应用,重力加速度与天体质量的求解
PHYSICS,万有引力与重力的关系,万有引力与重力、向心力的关系
PHYSICS,万有引力与重力的关系,两极处物体的重力
PHYSICS,万有引力与重力的关系,地面上其他位置的重力与纬度的关系
PHYSICS,万有引力与重力的关系,纬度对重力的影响
PHYSICS,万有引力与重力的关系,赤道上物体的重力与向心力
PHYSICS,万有引力定律,r→0 时万有引力不趋于无穷大的辨析
PHYSICS,万有引力定律,万有引力定律与重力加速度
PHYSICS,万有引力定律,万有引力定律及两条常用推论
PHYSICS,万有引力定律,万有引力定律及其适用条件
PHYSICS,万有引力定律,万有引力定律的公式与适用条件
PHYSICS,万有引力定律,万有引力定律的内容、表达式与适用条件
PHYSICS,万有引力定律,万有引力定律的推导过程
PHYSICS,万有引力定律,万有引力定律的表达式、特性与适用条件
PHYSICS,万有引力定律,万有引力定律的表达式与适用条件
PHYSICS,万有引力定律,开普勒定律与万有引力定律·易混概念辨析（一）
PHYSICS,万有引力定律,开普勒定律与万有引力定律·易混概念辨析（二）
PHYSICS,万有引力定律,开普勒定律与万有引力定律·计算注意事项
PHYSICS,万有引力定律,引力常量测定的意义
PHYSICS,万有引力定律,引潮力的计算与万有引力定律的距离关系
PHYSICS,万有引力定律,推导万有引力定律前的理想化处理
PHYSICS,万有引力定律,由平均密度与半径估算环绕天体的周期
PHYSICS,万有引力定律的应用,万有引力定律与卫星运行参量
PHYSICS,万有引力定律的应用,万有引力定律的科学成就
PHYSICS,万有引力定律的应用,万有引力定律的适用条件与注意点
PHYSICS,万有引力定律的应用,万有引力提供向心力的基本等式
PHYSICS,万有引力定律的应用,以星球表面重力加速度为桥梁的综合应用
PHYSICS,万有引力定律的应用,发现海王星的过程
PHYSICS,万有引力定律的应用,哈雷彗星回归的预言
PHYSICS,万有引力定律的应用,均匀球体内部的重力加速度与矿井底部的 g
PHYSICS,万有引力定律的应用,天体运动的两条基本思路
PHYSICS,万有引力定律的应用,开普勒定律的应用要点与易错
PHYSICS,万有引力定律的应用,未知天体的发现过程
PHYSICS,万有引力定律的应用,重力与万有引力的联系与区别
PHYSICS,万有引力的-两点理解-和-两个推论,万有引力公式的适用条件
PHYSICS,万有引力的-两点理解-和-两个推论,万有引力可忽略不计的实例
PHYSICS,万有引力的-两点理解-和-两个推论,万有引力定律的两个推论
PHYSICS,万有引力的-两点理解-和-两个推论,万有引力的两个推论
PHYSICS,万有引力的-两点理解-和-两个推论,万有引力的两个重要推论
PHYSICS,万有引力的-两点理解-和-两个推论,万有引力的两条推论
PHYSICS,万有引力的-两点理解-和-两个推论,万有引力的两点理解与三个推论
PHYSICS,万有引力的-两点理解-和-两个推论,万有引力的两点理解与两个推论
PHYSICS,万有引力的-两点理解-和-两个推论,匀质球体内部的万有引力
PHYSICS,万有引力的-两点理解-和-两个推论,均匀球壳与球体的万有引力推论
PHYSICS,万有引力的-两点理解-和-两个推论,对重心的三点理解
PHYSICS,万有引力的-两点理解-和-两个推论,星体内部引力的两个推论
PHYSICS,万有引力的-两点理解-和-两个推论,物理公式与数学公式的区别
PHYSICS,万有引力的-两点理解-和-两个推论,球壳与球体内部引力的两个推论
PHYSICS,三个自由点电荷平衡模型,三个自由点电荷的平衡条件与电荷量关系
PHYSICS,三个自由点电荷平衡模型,三个自由点电荷的平衡规律与处理思路
PHYSICS,三星模型,三星与拉格朗日点问题的分析
PHYSICS,三星模型,三星模型的两种常见构型
PHYSICS,三星模型,三星模型的两种构型
PHYSICS,三星模型,三星模型的构成与受力分析
PHYSICS,三星模型,三星模型的稳定轨道与向心力来源
PHYSICS,三星模型,双星与多星问题的四点注意
PHYSICS,三星模型,多星模型的分析方法
PHYSICS,三星模型,多星模型（三星、四星）
PHYSICS,三星模型,多星系统的向心力合成
PHYSICS,三星模型,多星（三星、四星）系统规律
PHYSICS,三种传动方式及特点,传动问题的处理思路
PHYSICS,三种传动方式及特点,几种常见传动装置的对比
PHYSICS,三种传动方式及特点,同轴转动、皮带（摩擦）传动与齿轮传动的特点
PHYSICS,三种传动方式及特点,四种传动方式及特点
PHYSICS,三种传动方式及特点,皮带·齿轮·同轴三类传动的判据
PHYSICS,三种光学模型的光路特点,平行玻璃砖、三棱镜与圆柱体的光路特点
PHYSICS,三种光学模型的光路特点,平行玻璃砖圆柱体与三棱镜的光路特点
PHYSICS,三种放射线的性质比较,α·β·γ 三种射线的本质与性质
PHYSICS,三种放射线的性质比较,三种放射线的成分与特性比较
PHYSICS,三种起电方式,三种起电方式的产生条件
PHYSICS,三种起电方式,三种起电方式的原因
PHYSICS,三种起电方式,三种起电方式的实质
PHYSICS,三种起电方式,三种起电方式的现象
PHYSICS,三种起电方式,使物体带电的三种方式
PHYSICS,三类情况分析,圆周运动临界的三类情况
PHYSICS,三类情况分析,圆锥摆的三类情形与口诀
PHYSICS,三角函数法,三角函数与辅助角公式求极值
PHYSICS,不同高度卫星物理量的比较,动能与动量的比较
PHYSICS,不同高度卫星物理量的比较,卫星变轨问题中各量的比较
PHYSICS,不同高度卫星物理量的比较,卫星在圆轨道上运行的物理量关系
PHYSICS,不同高度卫星物理量的比较,卫星绕中心天体转动时越高越慢
PHYSICS,不同高度卫星物理量的比较,卫星运动参量随轨道半径的变化
PHYSICS,不同高度卫星物理量的比较,卫星运动参量随轨道半径的变化规律
PHYSICS,不同高度卫星物理量的比较,卫星运行参数随轨道半径的变化规律
PHYSICS,不同高度卫星物理量的比较,卫星运行参量与“越高越慢”
PHYSICS,不同高度卫星物理量的比较,卫星运行参量与越高越慢的结论
PHYSICS,不同高度卫星物理量的比较,卫星运行参量与高轨低速大周期
PHYSICS,不同高度卫星物理量的比较,卫星运行参量随轨道半径的变化
PHYSICS,不同高度卫星物理量的比较,口诀法比较不同高度的卫星
PHYSICS,不同高度卫星物理量的比较,天体不同轨道运行参量的比较
PHYSICS,不同高度卫星物理量的比较,比较不同轨道卫星与天体的运行参量
PHYSICS,与平抛的区别,竖直圆与平抛（斜抛）的组合模型
PHYSICS,与平抛的区别,类平抛运动与平抛运动的区别
PHYSICS,两个直线运动合运动性质的判断,两直线运动合运动性质的判断
PHYSICS,两个重要结论,带电粒子在电场中偏转的两个重要结论
PHYSICS,两个重要结论,电场中能量观点的处理与两个结论
PHYSICS,两个重要结论,电场偏转的两条重要结论及推导
PHYSICS,两个重要结论,粒子打到屏上位置的求法
PHYSICS,两种时空观,经典时空观与相对论时空观
PHYSICS,两种运动状态-x1,电磁感应中导体的两种运动状态
PHYSICS,两类U-I图像的分析,电源与电阻的U-I图像及工作点
PHYSICS,两类U-I图像的综合应用,两类 U-I 图像的综合应用
PHYSICS,两类典型的匀减速直线运动,双向可逆类运动的处理
PHYSICS,两类跃迁问题与电离,两类跃迁问题与电离的能量关系
PHYSICS,中子-卢瑟福预言中子的存在-查德威克证实,中子的发现
PHYSICS,中间位置的瞬时速度,中间时刻速度与中间位置速度的比较
PHYSICS,中间位置的瞬时速度,位移中点的瞬时速度公式
PHYSICS,串、并联电路的特点与推论,串并联电路的电阻推论
PHYSICS,串并联电路的特点与四个结论,串并联电路的特点与四个常用结论
PHYSICS,串并联电路的规律,串并联电路的常用推论
PHYSICS,串并联电路的规律与推论,串并联电路的规律与常用推论
PHYSICS,临界-极值问题,临界与极值问题的三种解法
PHYSICS,临界-极值问题,临界与极值问题的关键词与常见临界条件
PHYSICS,临界-极值问题,临界与极值问题的条件标志
PHYSICS,临界-极值问题,临界与极值问题的标志及常见临界条件
PHYSICS,临界-极值问题,临界与极值问题的解题方法
PHYSICS,临界-极值问题,临界与极值问题的题面标志
PHYSICS,临界-极值问题,临界或极值条件的识别标志
PHYSICS,临界-极值问题,临界极值问题的分析流程
PHYSICS,临界-极值问题,临界极值问题的识别与典型临界条件
PHYSICS,临界-极值问题,利用二次函数求物理极值
PHYSICS,临界-极值问题,动力学中三类临界条件
PHYSICS,临界-极值问题,动力学中四种典型临界条件
PHYSICS,临界-极值问题,动力学中的临界与极值
PHYSICS,临界-极值问题,动力学中的临界与极值条件
PHYSICS,临界-极值问题,动力学中的临界条件与极值求法
PHYSICS,临界-极值问题,动力学中的四类临界条件
PHYSICS,临界-极值问题,动力学中的常见临界条件
PHYSICS,临界-极值问题,动力学临界与极值问题的处理
PHYSICS,临界-极值问题,动力学临界极值问题的辨别与求解
PHYSICS,临界-极值问题,动力学临界状态的常见类型与临界条件
PHYSICS,临界-极值问题,平衡与动力学中的临界和极值问题
PHYSICS,临界-极值问题,平衡中极值问题的三种方法
PHYSICS,临界-极值问题,用解析式分析摩擦自锁条件
PHYSICS,临界-极值问题,碰撞中临界极值问题的速度相等条件
PHYSICS,临界法,临界与极值问题的标志识别
PHYSICS,临界法,临界问题的分析思路
PHYSICS,临界法,处理临界极值问题的三种方法
PHYSICS,临界法,用物理分析法求力的取值范围
PHYSICS,临界法,追及相遇中的临界法
PHYSICS,临界法,追及相遇的临界条件：共线等速与不共线垂直瞄准
PHYSICS,二次感应问题的分析,二次感应问题的分析程序
PHYSICS,二级结论法,二级结论法：记住推论提高解题速度
PHYSICS,二级结论法,选择题的二级结论法
PHYSICS,交变电场问题的v-t图像分析,交变电场问题的 v-t 图像分析要点
PHYSICS,交变电流,交变电流的四值
PHYSICS,交变电流,交变电流的定义、特征与产生
PHYSICS,交变电流有效值的计算,交变电流有效值的两种计算方法
PHYSICS,交变电流有效值的计算,交变电流有效值的定义与求解
PHYSICS,交变电流有效值的计算,交变电流有效值的定义与获得方法
PHYSICS,交变电流有效值的计算,交变电流有效值的求解
PHYSICS,交变电流有效值的计算,交变电流有效值的求解方法
PHYSICS,交变电流有效值的计算,交变电流有效值的计算方法
PHYSICS,交变电流有效值的计算,交流电有效值的求法
PHYSICS,交变电流有效值的计算,大招69：方均根法速算交流电有效值
PHYSICS,交变电流有效值的计算,有效值的计算与三同原则
PHYSICS,交变电流有效值的计算,有效值的适用场合
PHYSICS,交变电流有效值的计算,有效值计算的公式法与定义法
PHYSICS,交变电流有效值的计算,正弦残波的有效值
PHYSICS,交变电流有效值的计算,转动线圈一周的电荷量与焦耳热
PHYSICS,交变电流有效值的计算,间断性非正弦电流的有效值计算
PHYSICS,交变电流有效值的计算,非常规交变电流有效值的计算
PHYSICS,交变电流有效值的计算,非正弦交变电流有效值的计算
PHYSICS,交变电流有效值的计算,非正弦式交变电流有效值的求法
PHYSICS,交变电流有效值的计算,非正弦式交变电流有效值的求解技巧
PHYSICS,交变电流有效值的计算,非正弦式交变电流有效值的计算
PHYSICS,交变电流的瞬时值-峰值-有效值和平均值,"交变电流""四值""的含义与选用"
PHYSICS,交变电流的瞬时值-峰值-有效值和平均值,交变电流四值的比较与选用
PHYSICS,交变电流的瞬时值-峰值-有效值和平均值,交变电流四值的理解与应用
PHYSICS,交变电流的瞬时值-峰值-有效值和平均值,交变电流的“四值”比较
PHYSICS,交变电流的瞬时值-峰值-有效值和平均值,交变电流的周期峰值与有效值
PHYSICS,交变电流的瞬时值-峰值-有效值和平均值,交变电流的四个描述量
PHYSICS,交变电流的瞬时值-峰值-有效值和平均值,交变电流的四值及其适用
PHYSICS,交变电流的瞬时值-峰值-有效值和平均值,交变电流的四值比较
PHYSICS,交变电流的瞬时值-峰值-有效值和平均值,交变电流瞬时值表达式的书写步骤
PHYSICS,交变电流的瞬时值-峰值-有效值和平均值,描述交变电流的物理量
PHYSICS,交变电流的瞬时值-峰值-有效值和平均值,正弦交流电的瞬时值表达式
PHYSICS,交变电流的瞬时值-峰值-有效值和平均值,正弦式交流电四值的应用
PHYSICS,产生感应电流的条件,感应电流产生的条件
PHYSICS,产生感应电流的条件,用多用电表测小灯泡电压电流的规范
PHYSICS,产生感应电流的条件,电磁感应现象与产生感应电流的条件
PHYSICS,产生感应电流的条件,电磁感应现象与感应电流的产生条件
PHYSICS,产生感应电流的条件,电磁感应现象的理解和判断
PHYSICS,产生感应电流的条件,磁通量与产生感应电流的条件
PHYSICS,人船模型,人船模型在斜面体问题中的应用
PHYSICS,人船模型,人船模型的位移与速度关系
PHYSICS,人船模型,人船模型的位移关系
PHYSICS,人船模型,人船模型的位移关系与运动特点
PHYSICS,人船模型,人船模型的判定条件与解题步骤
PHYSICS,人船模型,人船模型的加速度、动能与停止判断
PHYSICS,人船模型,人船模型的动量与位移关系
PHYSICS,人船模型,人船模型的动量守恒与位移关系
PHYSICS,人船模型,人船模型的拓展与解题步骤
PHYSICS,人船模型,人船模型的特点与位移关系
PHYSICS,人船模型,人船模型的特点与结论
PHYSICS,人船模型,人船模型的规律与位移关系
PHYSICS,人船模型,人船模型的规律与位移比
PHYSICS,人船模型,人船模型的规律与结论
PHYSICS,人船模型,人船模型的速度与位移关系
PHYSICS,人船模型,圆槽模型的位移与椭圆轨迹
PHYSICS,人船模型,积分思想在动量守恒中的应用
PHYSICS,人造卫星的轨道分类与运行参数,人造卫星的轨道分类与同步卫星、近地卫星
PHYSICS,以上各式均为矢量式-应用时应规定正方向,匀变速直线运动公式中正方向的选取
PHYSICS,以上各式均为矢量式-应用时应规定正方向,正交分解完整列出平衡方程（正方向=负方向）
PHYSICS,以上各式均为矢量式-应用时应规定正方向,竖直上抛问题中正方向的选取
PHYSICS,以上各式均为矢量式-应用时应规定正方向,运动学公式的正方向选取与符号规则
PHYSICS,仪器介绍-磁流体发电是一项新兴技术-它可以把内能直接转化为电能,磁流体发电机、电磁流量计与霍尔元件
PHYSICS,仪器介绍-磁流体发电是一项新兴技术-它可以把内能直接转化为电能,磁流体发电机正、负极的判断（左手定则）
PHYSICS,仪器介绍-磁流体发电是一项新兴技术-它可以把内能直接转化为电能,磁流体发电机的原理与电动势
PHYSICS,仪器介绍-磁流体发电是一项新兴技术-它可以把内能直接转化为电能,磁流体发电机的电动势
PHYSICS,仪器介绍-磁流体发电是一项新兴技术-它可以把内能直接转化为电能,磁流体发电机的电动势 U=v0Bd
PHYSICS,仪器构造-质谱仪由粒子源-加速电场-偏转磁场和照相底片构成,先加速后偏转：不同粒子偏移相同
PHYSICS,仪器构造-质谱仪由粒子源-加速电场-偏转磁场和照相底片构成,磁场中常见仪器的工作原理
PHYSICS,仪器构造-质谱仪由粒子源-加速电场-偏转磁场和照相底片构成,组合场与现代科学仪器
PHYSICS,仪器构造-质谱仪由粒子源-加速电场-偏转磁场和照相底片构成,经同一加速与偏转电场粒子轨迹与比荷无关
PHYSICS,仪器构造-质谱仪由粒子源-加速电场-偏转磁场和照相底片构成,质谱仪测质量（比荷）的公式
PHYSICS,仪器构造-质谱仪由粒子源-加速电场-偏转磁场和照相底片构成,质谱仪的原理
PHYSICS,仪器构造-质谱仪由粒子源-加速电场-偏转磁场和照相底片构成,质谱仪的原理与公式
PHYSICS,仪器构造-质谱仪由粒子源-加速电场-偏转磁场和照相底片构成,质谱仪的原理与关系式
PHYSICS,仪器构造-质谱仪由粒子源-加速电场-偏转磁场和照相底片构成,质谱仪的工作原理
PHYSICS,仪器构造-质谱仪由粒子源-加速电场-偏转磁场和照相底片构成,质谱仪的工作原理与质量分析
PHYSICS,仪器构造-质谱仪由粒子源-加速电场-偏转磁场和照相底片构成,质谱仪的构造、原理与用途
PHYSICS,仪器构造-质谱仪由粒子源-加速电场-偏转磁场和照相底片构成,质谱仪的构造与基本应用
PHYSICS,仪器构造-质谱仪由粒子源-加速电场-偏转磁场和照相底片构成,质谱仪的构造与比荷计算
PHYSICS,仪器构造-质谱仪由粒子源-加速电场-偏转磁场和照相底片构成,质谱仪的结构与工作原理
PHYSICS,伏伏法与安安法测电阻,安安法与伏伏法测电阻
PHYSICS,伏伏法测电阻,伏伏法测电阻的原理
PHYSICS,伏伏法测电阻,伏伏法（电压表差值法）测电阻
PHYSICS,伏伏法测电阻（电压表差值法）,伏伏法测电压表内阻与未知电阻
PHYSICS,伏伏法（电压表差值法）,伏伏法测电阻的原理与条件
PHYSICS,伏安法测电源电动势和内阻,伏安法测干电池时两种电路的选择
PHYSICS,伏安法测电源电动势和内阻,伏安法测电源的实验操作要点
PHYSICS,伏安法测电源电动势和内阻的误差分析,伏安法测电动势和内阻的误差分析
PHYSICS,伏安法测电源电动势和内阻的误差分析,伏安法（电压表并在外电路）的系统误差分析
PHYSICS,伏安特性曲线,I-U 图线弯曲的元件特征
PHYSICS,伏安特性曲线,伏安特性曲线与线性、非线性元件
PHYSICS,伏安特性曲线,应用伏安特性曲线解题的一般思路
PHYSICS,伏安特性曲线,描点作图的注意事项与图线斜率的意义
PHYSICS,伏安特性曲线,描绘伏安特性曲线实验的创新考法
PHYSICS,伏安特性曲线,描绘伏安特性曲线的数据处理
PHYSICS,伏安特性曲线,描绘小灯泡伏安特性曲线实验
PHYSICS,伏安特性曲线的图像比较,I-U图像与U-I图像的比较
PHYSICS,伏安特性曲线的图像比较,用图像比较电阻与非线性元件
PHYSICS,伏安特性曲线的应用,伏安特性曲线的解题思路
PHYSICS,伏欧法测电源电动势和内阻,伏欧法测电动势和内阻
PHYSICS,伏阻法测电源电动势和内阻,伏阻法测电动势和内阻
PHYSICS,伏阻法测电源电动势和内阻,伏阻法测电源电动势和内阻的原理
PHYSICS,伏阻法测电源电动势和内阻,伏阻法的图像处理
PHYSICS,传感器,传感器在自动控制中的作用
PHYSICS,传感器,传感器实验的原理、器材与误差
PHYSICS,传感器,传感器的工作原理与一般模式
PHYSICS,传感器,传感器的概念、种类与组成
PHYSICS,传感器,传感器的简单使用实验要点
PHYSICS,传感器,传感器的组成与工作原理
PHYSICS,传播方向和振动方向的判断-图像理解,x-t 图像为抛物线的含义
PHYSICS,传播方向和振动方向的判断-图像理解,Δt时间前后波形判定的两种平移法
PHYSICS,传播方向和振动方向的判断-图像理解,Δt时间前后波形判定的特殊点法
PHYSICS,传播方向和振动方向的判断-图像理解,三步法判断波的传播方向
PHYSICS,传播方向和振动方向的判断-图像理解,上下坡法判质点振动方向
PHYSICS,传播方向和振动方向的判断-图像理解,同侧法判断传播方向与振动方向
PHYSICS,传播方向和振动方向的判断-图像理解,同侧法判波的传播方向与质点振动方向
PHYSICS,传播方向和振动方向的判断-图像理解,带动法判质点振动方向
PHYSICS,传播方向和振动方向的判断-图像理解,微平移法判质点振动方向
PHYSICS,传播方向和振动方向的判断-图像理解,振动图像与波的图像的综合应用
PHYSICS,传播方向和振动方向的判断-图像理解,振动图像与波的图像综合问题的分析技巧
PHYSICS,传播方向和振动方向的判断-图像理解,振动图象与波的图象的综合分析
PHYSICS,传播方向和振动方向的判断-图像理解,摩擦力有无及方向的判断方法
PHYSICS,传播方向和振动方向的判断-图像理解,气体图像上做功与吸放热的判断
PHYSICS,传播方向和振动方向的判断-图像理解,波形图信息与波传播方向的互判
PHYSICS,传播方向和振动方向的判断-图像理解,波的传播方向与质点振动方向互判
PHYSICS,传播方向和振动方向的判断-图像理解,波的传播方向与质点振动方向的互判
PHYSICS,传播方向和振动方向的判断-图像理解,波的传播方向与质点振动方向的互判三法
PHYSICS,传播方向和振动方向的判断-图像理解,波的传播方向与质点振动方向的互判方法
PHYSICS,传播方向和振动方向的判断-图像理解,波的传播方向与质点振动方向的判断
PHYSICS,传播方向和振动方向的判断-图像理解,波的图像与振动图像综合题的一分二找三判
PHYSICS,传播方向和振动方向的判断-图像理解,波的多解因素：双向性
PHYSICS,传播方向和振动方向的判断-图像理解,由波形图判断质点振动方向
PHYSICS,传播方向和振动方向的判断-图像理解,电势能大小的判断三法
PHYSICS,传播方向和振动方向的判断-图像理解,电势高低的判断
PHYSICS,传播方向和振动方向的判断-图像理解,碰撞可能性的判断原则
PHYSICS,传播方向和振动方向的判断-图像理解,质点振动方向与波的传播方向互判的三种方法
PHYSICS,传播特点,机械波传播过程的特点
PHYSICS,传播特点,机械波的形成与传播特点
PHYSICS,传播特点,波在传播过程中的四个特点
PHYSICS,传送带模型,传送带上划痕长度与相对位移
PHYSICS,传送带模型,传送带上摩擦痕迹长度的计算
PHYSICS,传送带模型,传送带模型中动力学分析的要点
PHYSICS,传送带模型,传送带模型的分析思路
PHYSICS,传送带模型,传送带模型的分析流程与摩擦力突变
PHYSICS,传送带模型,传送带模型的原理与分类
PHYSICS,传送带模型,传送带模型的实质与处理思路
PHYSICS,传送带模型,传送带模型的特点与分析思路
PHYSICS,传送带模型,传送带模型的类型与分析流程
PHYSICS,传送带模型,传送带模型的类型与分析要点
PHYSICS,传送带模型,传送带模型的解题关键与相对位移
PHYSICS,传送带模型,传送带模型：倾斜顶端放入与关键点总结
PHYSICS,传送带模型,传送带模型：水平传送带与倾斜传送带底端放入
PHYSICS,传送带模型,传送带的动力学问题分析思路
PHYSICS,传送带模型,传送带问题的三个判断要点
PHYSICS,传送带模型,传送带问题的分析角度与方法
PHYSICS,传送带模型,传送带问题的动力学与能量分析方法
PHYSICS,传送带模型,传送带问题的常见情形分析
PHYSICS,传送带模型,共速时传送带摩擦力的突变
PHYSICS,传送带模型,四类传送带情形的关键判断
PHYSICS,传送带模型,水平传送带上物块的运动时间与痕迹长度
PHYSICS,传送带模型,水平传送带上的运动分析
PHYSICS,传送带模型,水平传送带模型的分析
PHYSICS,传送带模型,水平传送带模型的情形判断
PHYSICS,传送带模型,水平传送带模型的运动分析
PHYSICS,传送带模型,水平传送带求解注意的问题
PHYSICS,传送带模型,水平传送带的两种基本情形
PHYSICS,传送带模型,物块滑上反向传送带后的运动分析
PHYSICS,传送带模型中的功和能量的关系,传动带模型
PHYSICS,传送带模型中的功和能量的关系,传送带与板块模型的功能关系
PHYSICS,传送带模型中的功和能量的关系,传送带中的能量问题
PHYSICS,传送带模型中的功和能量的关系,传送带模型中的功和能量关系
PHYSICS,传送带模型中的功和能量的关系,传送带模型的两类分析角度
PHYSICS,传送带模型中的功和能量的关系,传送带模型的功能关系
PHYSICS,传送带模型中的功和能量的关系,传送带模型的功能关系与设问角度
PHYSICS,传送带模型中的功和能量的关系,传送带模型的解题关键
PHYSICS,传送带模型中的功和能量的关系,传送带问题中的功与热量计算
PHYSICS,传送带模型中的功和能量的关系,传送带问题的关键点总结
PHYSICS,传送带模型中的功和能量的关系,传送带问题的功能关系
PHYSICS,传送带模型中的功和能量的关系,位移、相对位移与相对路程的区别
PHYSICS,传送带模型中的功和能量的关系,双杆模型中的动量关系
PHYSICS,传送带模型中的功和能量的关系,水平传送带与倾斜传送带的功能关系
PHYSICS,传送带模型中的功和能量的关系,能量子与能量的量子化
PHYSICS,传送带模型中的功和能量的关系,能量的概念
PHYSICS,估算法,小量近似法
PHYSICS,估算法,选择题的估算法
PHYSICS,伽利略斜面实验,伽利略对自由落体运动的研究
PHYSICS,伽利略斜面实验,伽利略对自由落体运动的研究与归谬法
PHYSICS,伽利略斜面实验,伽利略理想实验
PHYSICS,伽利略斜面实验,伽利略理想实验与理想实验方法
PHYSICS,伽利略斜面实验,伽利略理想实验的推理过程与结论
PHYSICS,伽利略斜面实验,伽利略理想实验的特点与作用
PHYSICS,伽利略斜面实验,伽利略研究自由落体运动的方法链
PHYSICS,伽利略斜面实验,理想实验与牛顿第一定律的得出
PHYSICS,位移,位移与路程的区别与联系
PHYSICS,位移,位移和路程
PHYSICS,位移,位移的矢量性与表示
PHYSICS,位移,位置坐标与位移的辨析
PHYSICS,位移,直线运动中位移的表示与绝对性
PHYSICS,位移,路程与位移的区别与联系
PHYSICS,位移差公式,位移差公式 Δx=aT² 的图像含义
PHYSICS,位移差公式,位移差公式与匀变速的判别式
PHYSICS,位移差公式,位移差公式与逐差法
PHYSICS,位移差公式,位移差公式与逐差法求加速度
PHYSICS,位移差公式,位移差公式及其两个用途
PHYSICS,位移差公式,位移差公式及其求加速度用法
PHYSICS,位移差公式,匀变速直线运动的位移差公式
PHYSICS,位移差公式,匀变速运动的三个推论
PHYSICS,位移差公式,匀变速运动的位移差公式
PHYSICS,位移差公式,用位移差公式求加速度
PHYSICS,位移差公式,相邻相等时间位移差公式
PHYSICS,位移差公式,连续相等时间内的位移差为恒量
PHYSICS,位移差公式,连续相等时间内的位移差公式
PHYSICS,位移时间公式,x-t 图像的含义
PHYSICS,位移时间公式,x-t 图像的识读
PHYSICS,位移时间公式,位移时间公式的导出与v-t图像面积的含义
PHYSICS,作用力与反作用力,一对平衡力与作用力反作用力的比较
PHYSICS,作用力与反作用力,作用力与反作用力的六同三异二无关
PHYSICS,作用力与反作用力,牛顿第三定律与相互作用力、平衡力对比
PHYSICS,作用力与反作用力,牛顿第三定律及与平衡力的比较
PHYSICS,保守型与耗散型碰撞拓展模型,动量守恒的两类碰撞拓展模型
PHYSICS,保守型与耗散型碰撞拓展模型,碰撞拓展的两类模型
PHYSICS,倾斜传送带,传送带问题
PHYSICS,倾斜传送带,传送带问题的摩擦力分析与临界状态
PHYSICS,倾斜传送带,倾斜传送带上滑块的运动分类
PHYSICS,倾斜传送带,倾斜传送带共速后的判断技巧
PHYSICS,倾斜传送带,倾斜传送带向下传送时 v0 大于 v 的运动分析
PHYSICS,倾斜传送带,倾斜传送带模型的分析
PHYSICS,倾斜传送带,倾斜传送带模型的运动分析
PHYSICS,倾斜传送带,倾斜传送带的三类情形
PHYSICS,倾斜传送带,倾斜传送带运动分析
PHYSICS,倾斜传送带,倾斜传送带问题的求解关键
PHYSICS,倾斜传送带,倾斜传送带（向上传送）的情形判断
PHYSICS,倾斜传送带,倾斜传送带（向下传送）的情形判断
PHYSICS,倾斜传送带,反向水平传送带分析
PHYSICS,倾斜传送带,水平与倾斜传送带的常见情形
PHYSICS,倾斜传送带,水平传送带上的典型运动情形
PHYSICS,倾斜传送带,滑块放倾斜传送带底端（v₀<v）的结论
PHYSICS,倾斜传送带,滑块放倾斜传送带底端（v₀=v）的结论
PHYSICS,倾斜传送带,滑块放倾斜传送带底端（v₀>v）的结论
PHYSICS,倾斜传送带,滑块放倾斜传送带顶端（v₀<v）的结论
PHYSICS,倾斜传送带,滑块放倾斜传送带顶端（v₀=v）的结论
PHYSICS,倾斜传送带,滑块放倾斜传送带顶端（v₀>v）的结论
PHYSICS,倾斜传送带,用假设法判断能否与传送带共速后一起运动
PHYSICS,假设法,假设法与临界状态分析
PHYSICS,做直线运动的条件,叠加场中直线运动的两类处理
PHYSICS,做直线运动的条件,合力方向与运动情况的关系
PHYSICS,做直线运动的条件,带电体做直线运动的条件
PHYSICS,做直线运动的条件,带电粒子在电场中做直线运动的条件与分析
PHYSICS,做直线运动的条件,带电粒子（带电体）做直线运动的条件
PHYSICS,做直线运动的条件,曲线运动的条件与合力、速度、轨迹关系
PHYSICS,做直线运动的条件,物体做曲线运动的条件与轨迹特征
PHYSICS,做直线运动的条件,电场中带电粒子做直线运动的条件
PHYSICS,做直线运动的条件,电场中带电粒子受力分析的要点
PHYSICS,元电荷,元电荷与比荷
PHYSICS,元电荷,元电荷与点电荷
PHYSICS,元电荷,元电荷与电荷的量子化
PHYSICS,元电荷,密立根油滴实验测定元电荷的原理
PHYSICS,元电荷,对元电荷的理解
PHYSICS,元电荷,比荷的含义与意义
PHYSICS,元电荷,点电荷、元电荷与比荷
PHYSICS,元电荷,点电荷、元电荷与试探电荷的辨析
PHYSICS,元电荷,电子的比荷
PHYSICS,光子说,光子的能量和动量
PHYSICS,光子说,光子说：光子的能量与动量
PHYSICS,光子说,康普顿效应与光子的动量
PHYSICS,光子说,爱因斯坦光子说
PHYSICS,光子说,近代物理公式（光电效应与物质波）
PHYSICS,光学实验中的误差分析,双缝干涉测波长的误差控制
PHYSICS,光学实验中的误差分析,测玻璃折射率的单位圆法与操作注意
PHYSICS,光学知识体系,光学知识体系总览
PHYSICS,光导纤维与全反射棱镜,光导纤维的原理与应用
PHYSICS,光导纤维与全反射棱镜,全反射棱镜及其优点
PHYSICS,光导纤维与全反射棱镜,全反射棱镜改变光路的三种方式
PHYSICS,光导纤维与全反射棱镜,全反射的现象与应用
PHYSICS,光电效应,光电子是电子而不是光子
PHYSICS,光电效应,光电效应中的“光”包括不可见光
PHYSICS,光电效应,光电效应中的五组概念对比
PHYSICS,光电效应,光电效应五组易混概念
PHYSICS,光电效应,光电效应现象分析的两条线索与两条对应关系
PHYSICS,光电效应,光电效应的两条线索与对应关系
PHYSICS,光电效应,光电效应的定义与实验规律
PHYSICS,光电效应,光电效应的实验规律
PHYSICS,光电效应,经典电磁理论解释光电效应的三点困难
PHYSICS,光电效应与带电粒子在电磁场中的综合模型,光电效应与电磁场运动组合题的框架
PHYSICS,光电效应方程,光子说与光电效应方程
PHYSICS,光电效应方程,光子说与爱因斯坦光电效应方程
PHYSICS,光电效应方程,光电效应中的三个重要关系
PHYSICS,光电效应方程,光电效应方程与逸出功
PHYSICS,光电效应方程,光电效应的三个定量关系式
PHYSICS,光电效应方程,定量分析光电效应的三个关系式
PHYSICS,光电效应方程,爱因斯坦光电效应方程
PHYSICS,光电效应方程,爱因斯坦光电效应方程与两种决定关系
PHYSICS,光电效应方程,爱因斯坦光电效应方程与截止频率、遏止电压
PHYSICS,光电效应方程,研究光电效应规律的四图三式一电路
PHYSICS,光电效应方程,逸出功与最大初动能的测量
PHYSICS,光电效应现象,光电效应与康普顿效应的区别
PHYSICS,光电效应现象,光电效应中应区分的几个概念
PHYSICS,光电效应现象,光电效应现象及其规律
PHYSICS,光电效应的产生条件,光电效应的两条线索与两个对应
PHYSICS,光电效应的产生条件,光电效应的规律与产生条件
PHYSICS,光电效应的产生条件,能否发生光电效应由光的频率决定（与强度无关）
PHYSICS,光电效应的图像问题,光电效应 I-U 图像（不同频率）：遏止电压不同
PHYSICS,光电效应的图像问题,光电效应中的三类图像
PHYSICS,光电效应的图像问题,光电效应中的两类图像
PHYSICS,光电效应的图像问题,光电效应图像的识读
PHYSICS,光电效应的图像问题,光电效应的三类图像对比
PHYSICS,光电效应的图像问题,光电效应的四种图像分析
PHYSICS,光电效应的图像问题,光电效应的四类图像
PHYSICS,光电效应的图像问题,光电效应的四类图像分析
PHYSICS,光电效应的图像问题,光电效应相关图像的信息读取
PHYSICS,光电效应的图像问题,光电流与电压关系及图像四步法
PHYSICS,光电效应的图像问题,光电管加正向与反向电压时的电流变化
PHYSICS,光电效应的图像问题,大招77：光电效应的三个图像
PHYSICS,光电效应的图像问题,由 U_c—ν 图线求截止频率与普朗克常量
PHYSICS,光电效应的图像问题,遏止电压与入射光频率的图线
PHYSICS,光电效应的规律,光电子动能与光电流的辨析
PHYSICS,光电效应的规律,光电效应现象与四条实验规律
PHYSICS,光电效应的规律,光电效应现象与四条规律
PHYSICS,光电效应的规律,光电效应现象及三条规律
PHYSICS,光电效应的规律,光电效应的两条对应关系
PHYSICS,光电效应的规律,光电效应的四条规律
PHYSICS,光电效应的规律,光电效应的实验规律与光电效应方程
PHYSICS,光电效应的规律,光电效应规律的理解与应用
PHYSICS,光电门测速的原理与误差,光电门测速度的原理
PHYSICS,光电门测速的原理与误差,光电门测速的误差方向
PHYSICS,光的偏振,偏振光的形成与应用
PHYSICS,光的偏振,光的偏振与横波性
PHYSICS,光的偏振,光的偏振与自然光
PHYSICS,光的偏振,光的偏振现象与偏振片
PHYSICS,光的偏振,自然光、偏振光与光的横波性
PHYSICS,光的偏振,自然光与偏振光
PHYSICS,光的偏振,观察光的偏振现象的方法
PHYSICS,光的反射和折射,光的反射定律与折射定律
PHYSICS,光的反射和折射,几何光学中的对称法解题策略
PHYSICS,光的干涉,光的干涉与双缝干涉规律
PHYSICS,光的干涉,光的干涉及产生条件
PHYSICS,光的干涉,光的干涉及其产生条件
PHYSICS,光的干涉,光的干涉及条件
PHYSICS,光的干涉,光的干涉条件与双缝干涉规律
PHYSICS,光的干涉,光的干涉现象与产生条件
PHYSICS,光的干涉,双缝干涉与薄膜干涉的图样特征与应用
PHYSICS,光的干涉,双缝干涉亮暗条纹的判断
PHYSICS,光的干涉,薄膜干涉及条纹疏密的判断
PHYSICS,光的干涉-衍射和偏振,光的干涉和衍射的本质（波的叠加）
PHYSICS,光的干涉-衍射和偏振,单缝衍射与双缝干涉的比较及偏振
PHYSICS,光的干涉-衍射和偏振,双缝干涉与单缝衍射的比较
PHYSICS,光的干涉-衍射和偏振,双缝干涉图样中明暗条纹的判定
PHYSICS,光的折射,光学公式汇编
PHYSICS,光的折射,光的折射定律
PHYSICS,光的折射,光的折射定律与折射率
PHYSICS,光的折射,光的折射定律与解题思路
PHYSICS,光的折射,光路分析与几何光学解题要点
PHYSICS,光的折射,光路分析问题中的角关系与全反射判断
PHYSICS,光的折射,光路题中把截面图误当立体图
PHYSICS,光的折射,折射定律的内容与光路可逆
PHYSICS,光的折射,折射现象与折射定律
PHYSICS,光的折射,视深与视高问题
PHYSICS,光的波粒二象性,光的波粒二象性与概率波
PHYSICS,光的波粒二象性,光的波粒二象性的三类实验证据
PHYSICS,光的波粒二象性-长期争论后达成的共识,人类对光的本性的认识发展
PHYSICS,光的波粒二象性的表现规律,光的波粒二象性的理解
PHYSICS,光的波粒二象性的表现规律,光的波粒二象性的表现规律
PHYSICS,光的衍射,光的明显衍射条件与衍射图样
PHYSICS,光的衍射,光的衍射与单缝衍射图样
PHYSICS,光的衍射,光的衍射与干涉、衍射的比较
PHYSICS,光的衍射,光的衍射与明显衍射条件
PHYSICS,光的衍射,光的衍射图样特点
PHYSICS,光的衍射,光的衍射现象与发生条件
PHYSICS,光的衍射,光的衍射现象与干涉衍射的本质
PHYSICS,光的衍射,光的衍射现象与明显衍射条件
PHYSICS,光的衍射,光的衍射现象与明显衍射的条件
PHYSICS,光的衍射,圆孔衍射、圆盘衍射与衍射光栅
PHYSICS,光的衍射,干涉与衍射的比较
PHYSICS,光谱及其分类,光谱及其分类与光谱分析
PHYSICS,全反力与摩擦角,全反力与摩擦角在临界极值问题中的应用
PHYSICS,全反力与摩擦角,全反力与摩擦角巧解四力平衡
PHYSICS,全反力与摩擦角,全反力法求最小拉力（F垂直F_R时最小）
PHYSICS,全反力与摩擦角,摩擦角及其在平衡问题中的应用
PHYSICS,全反力与摩擦角,用全反力与摩擦角处理含摩擦力的四力平衡
PHYSICS,全反力与摩擦角,用全反力判断自锁条件
PHYSICS,全反力与摩擦角,用全反力角度分析物体在斜面上是否下滑
PHYSICS,全反力与摩擦角,用摩擦角求拉力的最小值
PHYSICS,全反射,全反射与临界角
PHYSICS,全反射,全反射中光的传播时间求解要领
PHYSICS,全反射,全反射及其条件
PHYSICS,全反射,全反射棱镜与光导纤维
PHYSICS,全反射,全反射现象、临界角与条件
PHYSICS,全反射,全反射现象与临界角
PHYSICS,全反射,全反射现象与发生条件
PHYSICS,全反射,全反射的临界角
PHYSICS,全反射,全反射综合问题的分析思路
PHYSICS,全反射,全反射问题的一般解题思路
PHYSICS,全反射,全反射问题的分析思路
PHYSICS,全反射,全反射问题的解答技巧
PHYSICS,全反射,折射与全反射综合问题的注意点
PHYSICS,全程法与分段法,全程法求往复运动的总路程
PHYSICS,全程法与分段法,全程法（过程整体法）
PHYSICS,全程法与分段法,分段法与竖直上抛的多解问题
PHYSICS,公式p-和p-fv的比较,公式P＝W/t与P＝Fv的比较
PHYSICS,公式p-和p-fv的比较,平均功率与瞬时功率的求法
PHYSICS,公式p-和p-fv的比较,平均功率的两种计算方式
PHYSICS,公式p-和p-fv的比较,机车功率与牵引力、速度的关系
PHYSICS,公式法解天体追及相遇问题,侦查卫星与同步卫星的间距与扫过面积之比
PHYSICS,公式法解天体追及相遇问题,信号强度图象的相距最近问题
PHYSICS,公式法解天体追及相遇问题,卫星追及与相遇问题的处理方法
PHYSICS,公式法解天体追及相遇问题,卫星追及问题中的角度与圈数规律
PHYSICS,公式法解天体追及相遇问题,卫星追及问题的角度关系
PHYSICS,公式法解天体追及相遇问题,天体共线时相距最近与最远（冲日）
PHYSICS,公式法解天体追及相遇问题,天体的“追及”共线问题
PHYSICS,公式法解天体追及相遇问题,天体相距最近与最远的条件与解法
PHYSICS,公式法解天体追及相遇问题,天体追及相遇的两种列式方法
PHYSICS,公式法解天体追及相遇问题,天体追及相遇的核心方程
PHYSICS,公式法解天体追及相遇问题,天体追及相遇的模型分析
PHYSICS,公式法解天体追及相遇问题,天体追及相遇的相距最近与最远条件
PHYSICS,公式法解天体追及相遇问题,天体追及相遇问题的处理
PHYSICS,公式法解天体追及相遇问题,天体追及相遇问题的模型理解
PHYSICS,公式法解天体追及相遇问题,天体追及相遇问题的角度与圈数解法
PHYSICS,公式法解天体追及相遇问题,天体追及问题的处理方法
PHYSICS,公式法解天体追及相遇问题,行星冲日的时间间隔
PHYSICS,公式选用原则,运动学公式的选用原则与正方向
PHYSICS,公式选用原则,黄金路径法巧选运动学公式
PHYSICS,共振,共振曲线的读法
PHYSICS,共振,共振现象与共振曲线
PHYSICS,共振,共振现象的条件与共振曲线
PHYSICS,共振,共振的条件与共振曲线
PHYSICS,共振,共振的条件与特征
PHYSICS,共点力平衡,三力及多力平衡的三种方法
PHYSICS,共点力平衡,三力平衡的交点必过重心（灯与细绳模型）
PHYSICS,共点力平衡,三力平衡的合成法与正交分解法
PHYSICS,共点力平衡,全反力与摩擦角解含摩擦的四力平衡
PHYSICS,共点力平衡,共点力与共点力平衡的条件
PHYSICS,共点力平衡,共点力与平衡条件
PHYSICS,共点力平衡,共点力平衡的两个推论
PHYSICS,共点力平衡,共点力平衡的四种常用方法
PHYSICS,共点力平衡,共点力平衡的常用解法与技巧
PHYSICS,共点力平衡,共点力平衡的条件与推论
PHYSICS,共点力平衡,共点力平衡的条件与求解方法
PHYSICS,共点力平衡,共点力平衡的状态、条件与推论
PHYSICS,共点力平衡,共点力平衡问题的思路与常用方法
PHYSICS,共点力平衡,共点力平衡问题的求解思路
PHYSICS,共点力平衡,共点力的平衡条件与三种常用方法
PHYSICS,共点力平衡,共点力的平衡条件与常用推论
PHYSICS,共点力平衡,共点力的平衡条件与推论
PHYSICS,共点力平衡,力的分解与共点力平衡条件
PHYSICS,共点力平衡,匀强电场中轻绳悬挂带电小球的平衡与最小场强
PHYSICS,共点力平衡,处理共点力平衡的三种常用方法
PHYSICS,共点力平衡,处理共点力平衡的四种方法
PHYSICS,共点力平衡,处理平衡问题的三种常用方法
PHYSICS,共点力平衡,平衡问题的三种处理方法
PHYSICS,共点力平衡,库仑力作用下平衡问题的分析步骤
PHYSICS,共点力平衡,拖船拖拽货船的受力分析与正交分解
PHYSICS,共点力平衡,晾衣杆模型
PHYSICS,共点力平衡,柔软细绳的共点力平衡与绳长比等于质量比
PHYSICS,共点力平衡,橡皮筋测质量装置与测量范围的扩大
PHYSICS,共点力平衡,正交分解法处理多力平衡的步骤
PHYSICS,共点力平衡,球卡在横杆与竖直墙之间的受力分析
PHYSICS,共点力平衡,用外接圆法分析滑块沿半圆面缓慢移动的受力变化
PHYSICS,共点力平衡,用外接圆法求轻杆弹力的最大值
PHYSICS,共点力平衡,用矢量合成法处理平衡问题
PHYSICS,共点力平衡,纸箱与西瓜整体的受力与矢量三角形分析
PHYSICS,共点力平衡,绳连接物体的动态分析
PHYSICS,共点力平衡,蜘蛛悬挂模型——由水平分力相等比较拉力大小
PHYSICS,共点力平衡,轻绳悬挂足球在光滑墙壁上的受力分析
PHYSICS,共点力平衡,轻质可转动撑杆的受力方向与光滑球的最小拉力
PHYSICS,共点力平衡的常用方法,平衡问题的方法选择技巧
PHYSICS,共点力的动态平衡,三力作用下动态平衡的方法选择
PHYSICS,共点力的动态平衡,动态平衡之定角转模型
PHYSICS,共点力的动态平衡,动态平衡之斜不转模型
PHYSICS,共点力的动态平衡,动态平衡之横不转模型
PHYSICS,共点力的动态平衡,动态平衡模型的分析方法与判据
PHYSICS,共点力的动态平衡,动态平衡的三类常见情形
PHYSICS,共点力的动态平衡,动态平衡的分析方法（图解法与辅助圆法）
PHYSICS,共点力的动态平衡,动态平衡的含义与常用方法
PHYSICS,共点力的动态平衡,动态平衡的含义与特征
PHYSICS,共点力的动态平衡,动态平衡的四种解题方法
PHYSICS,共点力的动态平衡,动态平衡的核心方法与矢量三角形
PHYSICS,共点力的动态平衡,动态平衡问题的三种类型与处理方法
PHYSICS,共点力的动态平衡,动态平衡问题的分析流程
PHYSICS,共点力的动态平衡,动态平衡问题的四种方法
PHYSICS,共点力的动态平衡,动态平衡问题的基本思路与方法
PHYSICS,共点力的动态平衡,四力及以上的动态平衡用正交分解法
PHYSICS,共点力的动态平衡,图解法判断动态变化的规律
PHYSICS,共点力的动态平衡,处理动态平衡问题的五种方法
PHYSICS,共点力的动态平衡,静电场中平衡问题的图解法
PHYSICS,共点力的平衡临界极值问题-临界条件,临界与极值问题中的三个易错点
PHYSICS,共点力的平衡临界极值问题-临界条件,临界问题与极值问题综述
PHYSICS,共点力的平衡临界极值问题-临界条件,共点力平衡中的临界状态
PHYSICS,共点力的平衡临界极值问题-临界条件,动态平衡与临界极值·计算注意事项
PHYSICS,共点力的平衡临界极值问题-临界条件,平衡中临界与极值的条件
PHYSICS,共点力的平衡临界极值问题-临界条件,平衡中临界与极值问题的处理
PHYSICS,共点力的平衡临界极值问题-临界条件,平衡中临界问题的识别与常见种类
PHYSICS,共点力的平衡临界极值问题-临界条件,平衡中的临界与极值问题
PHYSICS,共点力的平衡临界极值问题-临界条件,平衡中的临界问题
PHYSICS,共点力的平衡临界极值问题-临界条件,平衡中的临界问题与三种临界条件
PHYSICS,共点力的平衡临界极值问题-临界条件,平衡临界问题的假设法
PHYSICS,共点力的平衡临界极值问题-临界条件,数学分析法求极值
PHYSICS,共点力的平衡临界极值问题-临界条件,极限法找临界极值
PHYSICS,共点力的平衡临界极值问题-临界条件,碰撞中的临界极值问题
PHYSICS,共点力的平衡临界极值问题-临界条件,磁场临界问题的相切条件与极值规律
PHYSICS,共点力的平衡临界极值问题-临界条件,辅助角公式求拉力的最小值
PHYSICS,共速连接体对合力的分配原理,动力分配原理（内力按质量分配）
PHYSICS,关于i-δp-p2-p1的几点说明,关于I＝Δp＝p2－p1的说明
PHYSICS,关于i-δp-p2-p1的几点说明,动量定理的三点理解
PHYSICS,关联气体问题,关联气体问题的解题思路
PHYSICS,关联速度的分析-运动分解的核心思想,v-x图像结合a=v·Δv/Δx的分析
PHYSICS,关联速度的分析-运动分解的核心思想,关联速度模型
PHYSICS,关联速度的分析-运动分解的核心思想,关联速度连接体
PHYSICS,关联速度的分析-运动分解的核心思想,关联速度问题的三步分析法
PHYSICS,关联速度的分析-运动分解的核心思想,关联速度问题的分解思路
PHYSICS,关联速度的分析-运动分解的核心思想,关联速度问题的分解方法
PHYSICS,关联速度的分析-运动分解的核心思想,关联速度问题的处理方法
PHYSICS,关联速度的分析-运动分解的核心思想,关联速度问题的解题步骤
PHYSICS,关联速度的分析-运动分解的核心思想,关联速度问题的识别与绳子不转动情形
PHYSICS,关联速度的分析-运动分解的核心思想,关联速度：沿绳（杆）方向速度分量相等
PHYSICS,关联速度的分析-运动分解的核心思想,分析关联速度问题的三个要点
PHYSICS,关联速度的分析-运动分解的核心思想,力的分解的多解情形
PHYSICS,关联速度的分析-运动分解的核心思想,块有初速度的板块运动（共速前）
PHYSICS,关联速度的分析-运动分解的核心思想,正交分解的两种建轴方案
PHYSICS,关联速度的分析-运动分解的核心思想,水平传送带运动分析
PHYSICS,关联速度的分析-运动分解的核心思想,直接接触物体的关联速度
PHYSICS,关联速度的分析-运动分解的核心思想,绳 杆关联的速度分解
PHYSICS,关联速度的分析-运动分解的核心思想,绳、杆关联速度（沿绳杆分量相等）
PHYSICS,关联速度的分析-运动分解的核心思想,绳或杆端速度分解的解题原则
PHYSICS,关联速度的分析-运动分解的核心思想,绳杆关联速度模型
PHYSICS,关联速度的分析-运动分解的核心思想,绳杆端速度分解的解题原则
PHYSICS,关联速度的分析-运动分解的核心思想,绳杆连接物的关联速度原理
PHYSICS,关联速度的分析-运动分解的核心思想,绳（杆）关联速度的分解方法
PHYSICS,关联速度的分析-运动分解的核心思想,绳（杆）关联速度问题
PHYSICS,关联速度的分析-运动分解的核心思想,运动图像的分析步骤
PHYSICS,关联速度的分析-运动分解的核心思想,速度投影定理的证明与应用
PHYSICS,关联速度的分析-运动分解的核心思想,重力在斜面上的分解
PHYSICS,内能,内能与温度、体积的关系
PHYSICS,内能,内能及其决定因素
PHYSICS,内能,分子动能、分子势能与内能
PHYSICS,内能,分子动能、分子势能与内能的比较
PHYSICS,内能,分析物体内能问题的三点提醒
PHYSICS,内能,温度与物体的内能
PHYSICS,内能,热传递、热量与内能的关系
PHYSICS,内能,物体的内能
PHYSICS,内能,物体的内能及其影响因素
PHYSICS,冲量,冲量与功的两个易错点
PHYSICS,冲量,冲量及其四个特点
PHYSICS,冲量,冲量及其计算方法
PHYSICS,冲量,冲量的两性与冲量和功的区别
PHYSICS,冲量,冲量的定义与方向
PHYSICS,冲量,冲量的定义与矢量性
PHYSICS,冲量,冲量的概念与计算
PHYSICS,冲量,冲量的概念与计算要点
PHYSICS,冲量,冲量的特点与四种计算方法
PHYSICS,冲量,冲量的理解与计算
PHYSICS,冲量,冲量的计算
PHYSICS,冲量的计算方法,F-t 图像面积表示冲量
PHYSICS,冲量的计算方法,冲量的三种计算方法
PHYSICS,冲量的计算方法,冲量的四种计算方法
PHYSICS,冲量的计算方法,冲量的概念与计算方法
PHYSICS,冲量的计算方法,变力冲量的三种计算方法
PHYSICS,冲量的计算方法,变力冲量的计算方法
PHYSICS,冲量的计算方法,恒力与变力冲量的计算方法
PHYSICS,冲量的计算方法,感应电荷量的计算公式
PHYSICS,几个基本概念的理解,光电效应中的几个基本概念
PHYSICS,几何光学中的范围和临界问题,动力学中的临界问题与求解方法
PHYSICS,几何光学中的范围和临界问题,有界磁场临界问题的识别关键词与两大方法
PHYSICS,几何光学中的范围和临界问题,水下点光源照亮的圆形范围
PHYSICS,几种等时圆模型分析,“等时圆”模型
PHYSICS,几种等时圆模型分析,三种等时圆模型
PHYSICS,几种等时圆模型分析,三种等时圆模型与时间推导
PHYSICS,几种等时圆模型分析,五类光滑斜面上运动时间的比较
PHYSICS,几种等时圆模型分析,等时圆模型
PHYSICS,几种等时圆模型分析,等时圆模型与不同轨道的时间比较
PHYSICS,几种等时圆模型分析,等时圆模型与最速线
PHYSICS,几种等时圆模型分析,等时圆模型及其三种情况
PHYSICS,几种等时圆模型分析,等时圆模型及其三种情形
PHYSICS,几种等时圆模型分析,等时圆模型及其结论
PHYSICS,几种等时圆模型分析,等时圆模型的三个结论
PHYSICS,几种等时圆模型分析,等时圆模型的三种情形
PHYSICS,几种等时圆模型分析,等时圆模型的概念与结论
PHYSICS,几种等时圆模型分析,等时圆模型的结论与证明
PHYSICS,几种等时圆模型分析,等时圆的两类模型
PHYSICS,函数法,均匀带电圆环轴线上场强最大的位置
PHYSICS,函数法,追及相遇的函数法
PHYSICS,分子动理论,分子动理论与宏观微观量换算
PHYSICS,分子动理论,分子动理论的基本内容
PHYSICS,分子动理论,分子间空隙与分子大小的估测
PHYSICS,分子势能,分子势能与分子力做功
PHYSICS,分子势能,分子势能与分子间距离的关系
PHYSICS,分子势能,分子势能的决定因素与变化规律
PHYSICS,分子势能,分子势能随分子间距离的变化
PHYSICS,分子模型,估算分子大小时的球体与方体模型
PHYSICS,分子模型,分子大小的两种模型
PHYSICS,分子模型,分子模型与微观量的估算
PHYSICS,分子模型,分子的两种模型与宏观量微观量的关系
PHYSICS,分子模型,分子的两种模型与微观量估算
PHYSICS,分子模型,分子的两种物理模型
PHYSICS,分子模型,微观量估算的两种分子模型
PHYSICS,分子模型,油膜法估测分子大小的原理
PHYSICS,分子模型,油膜法估测分子大小的误差分析
PHYSICS,分子模型,油膜法估测油酸分子直径的原理与步骤
PHYSICS,分子模型,油膜法实验的操作细节与误差来源
PHYSICS,分子模型,物质的组成与分子模型
PHYSICS,分子热运动,分子热运动、扩散现象与布朗运动
PHYSICS,分子热运动,分子热运动与布朗运动
PHYSICS,分子热运动,分子热运动与扩散现象
PHYSICS,分子热运动,扩散 布朗运动与热运动
PHYSICS,分子的平均动能,内能的微观构成与温度的意义
PHYSICS,分子的平均动能,分子动能与温度的微观意义
PHYSICS,分子的平均动能,分子的平均动能与温度的关系
PHYSICS,分子的平均动能,温度、内能及其决定因素
PHYSICS,分子运动速率分布图像-气体分子速率呈-中间多-两头少-的规律分布-如下图所示,气体分子运动速率分布规律
PHYSICS,分子运动速率分布图像-气体分子速率呈-中间多-两头少-的规律分布-如下图所示,气体分子速率分布的统计规律
PHYSICS,分子运动速率分布图像-气体分子速率呈-中间多-两头少-的规律分布-如下图所示,气体分子速率分布规律
PHYSICS,分子运动速率分布图像-气体分子速率呈-中间多-两头少-的规律分布-如下图所示,气体分子速率的统计分布规律
PHYSICS,分子间作用力,分子间同时存在引力和斥力
PHYSICS,分子间的作用力与分子间距离的关系,分子力、分子势能与分子间距离的关系
PHYSICS,分子间的作用力与分子间距离的关系,分子力与分子势能随分子间距的变化
PHYSICS,分子间的作用力与分子间距离的关系,分子力与分子势能随距离的变化
PHYSICS,分子间的作用力与分子间距离的关系,分子力与分子势能随间距的变化
PHYSICS,分子间的作用力与分子间距离的关系,分子力随分子间距变化的图像
PHYSICS,分子间的作用力与分子间距离的关系,分子力随分子间距离的变化规律
PHYSICS,分子间的作用力与分子间距离的关系,分子间作用力与分子势能随分子间距的变化
PHYSICS,分子间的作用力与分子间距离的关系,分子间作用力与分子势能随距离的变化
PHYSICS,分子间的作用力与分子间距离的关系,分子间作用力随距离的变化规律
PHYSICS,分子间的作用力与分子间距离的关系,合力与分力的等效关系
PHYSICS,分子间的作用力与分子间距离的关系,油膜法中爽身粉的作用与操作要求
PHYSICS,分析方法,含电容电路的分析方法
PHYSICS,分析板块模型的思路,处理板块模型的三种方法
PHYSICS,分析板块模型的思路,处理滑块-木板模型的一般思路
PHYSICS,分析板块模型的思路,板块模型分析注意事项
PHYSICS,分析板块模型的思路,板块模型动力学分析流程
PHYSICS,分析板块模型的思路,板块模型的三个注意点
PHYSICS,分析板块模型的思路,板块模型的三类求解方法
PHYSICS,分析板块模型的思路,板块模型的分析要点
PHYSICS,分析板块模型的思路,板块模型的受力分析与相对滑动判断
PHYSICS,分析板块模型的思路,板块模型的构建流程
PHYSICS,分析板块模型的思路,板块模型的求解关键
PHYSICS,分析板块模型的思路,板块模型的类型与解题关键
PHYSICS,分析板块模型的思路,板块模型的综合分析
PHYSICS,分析板块模型的思路,板块模型的解题步骤与突破口
PHYSICS,分析板块模型的思路,板块问题的动力学与能量分析思路
PHYSICS,分析板块模型的思路,板块问题的突破口：位移与速度关系
PHYSICS,分析板块模型的思路,滑块—木板模型的关键与解题思路
PHYSICS,分析板块模型的思路,滑块—木板模型的构建与位移关系
PHYSICS,分析板块模型的思路,滑块与木板类问题的解题要领
PHYSICS,分析板块模型的思路,物块—木板模型的分析策略
PHYSICS,创新实验方法测玻璃砖的折射率,光的色散成因（棱镜对不同色光折射率不同）
PHYSICS,创新实验方法测玻璃砖的折射率,创新实验
PHYSICS,创新实验方法测玻璃砖的折射率,力学创新实验的特点与处理
PHYSICS,创新实验方法测玻璃砖的折射率,平行玻璃砖、三棱镜与球形界面的光路控制
PHYSICS,创新实验方法测玻璃砖的折射率,弹簧串联、并联的探究（实验创新）
PHYSICS,创新实验方法测玻璃砖的折射率,弹簧实验的拓展创新方案
PHYSICS,创新实验方法测玻璃砖的折射率,插针法测玻璃折射率
PHYSICS,创新实验方法测玻璃砖的折射率,测折射率的图像法与单位圆法
PHYSICS,创新实验方法测玻璃砖的折射率,测玻璃折射率的数据处理与操作注意
PHYSICS,创新实验方法测玻璃砖的折射率,用插针法测玻璃折射率的实验
PHYSICS,创新实验方法测玻璃砖的折射率,用插针法测玻璃的折射率
PHYSICS,创新实验解决相关误差-质量关系,实验改进与拉力传感器的作用
PHYSICS,创新实验解决相关误差-质量关系,拓展创新实验（实验：探究加速度与力、质量的关系）
PHYSICS,创新实验解决相关误差-质量关系,探究加速度实验的器材与测量创新
PHYSICS,创新实验验证动量守恒,实验：验证动量守恒定律·易混概念辨析
PHYSICS,创新实验验证动量守恒,实验：验证动量守恒定律·计算注意事项
PHYSICS,创新实验验证动量守恒,拓展创新实验（实验：验证动量守恒定律）
PHYSICS,创新实验验证动量守恒,教材原型实验：验证动量守恒定律
PHYSICS,创新实验验证动量守恒,斜槽小球验证动量守恒
PHYSICS,创新实验验证动量守恒,斜槽平抛验证动量守恒用水平位移代替速度的原理
PHYSICS,创新实验验证动量守恒,气垫导轨验证动量守恒
PHYSICS,创新实验验证动量守恒,用竖直、倾斜挡板验证动量守恒的拓展方案
PHYSICS,创新实验验证动量守恒,验证动量守恒各方案的共同点与误差分析
PHYSICS,创新实验验证动量守恒,验证动量守恒定律实验原理
PHYSICS,创新实验验证动量守恒,验证动量守恒定律实验的原理与两种方案
PHYSICS,创新实验验证动量守恒,验证动量守恒定律实验的注意事项
PHYSICS,创新实验验证动量守恒,验证动量守恒定律的实验方案与验证式
PHYSICS,创新实验验证动量守恒,验证动量守恒实验中落点平均位置的确定
PHYSICS,创新实验验证动量守恒,验证动量守恒实验的拓展与创新
PHYSICS,创新实验验证动量守恒,验证动量守恒实验的拓展与迁移
PHYSICS,创新实验验证动量守恒,验证动量守恒实验的误差控制与创新方案
PHYSICS,创新实验验证动量守恒,验证动量守恒的三种创新方案
PHYSICS,创新实验验证动量守恒,验证动量守恒的创新装置
PHYSICS,初速度为零的几个重点推论,F-x 图线横截距不为零的原因
PHYSICS,初速度为零的几个重点推论,初速为零匀加速运动的四个比例式
PHYSICS,初速度为零的几个重点推论,初速度为零匀加速运动的等位移比例
PHYSICS,初速度为零的几个重点推论,初速度为零匀加速运动的等时间比例
PHYSICS,初速度为零的几个重点推论,初速度为零匀变速按位移等分的时间比
PHYSICS,初速度为零的几个重点推论,初速度为零匀变速按时间等分的位移比
PHYSICS,初速度为零的几个重点推论,初速度为零的匀加速比例推论
PHYSICS,初速度为零的几个重点推论,初速度为零的匀加速直线运动六个比例关系
PHYSICS,初速度为零的几个重点推论,初速度为零的匀加速直线运动比例关系
PHYSICS,初速度为零的几个重点推论,初速度为零的匀加速直线运动的六个比例式
PHYSICS,初速度为零的几个重点推论,初速度为零的匀加速运动五个比例
PHYSICS,初速度为零的几个重点推论,初速度为零的匀加速运动的比例规律
PHYSICS,初速度为零的几个重点推论,初速度为零的匀变速四个比例式
PHYSICS,初速度为零的几个重点推论,平抛小球距斜面最远的条件（分解到斜面方向）
PHYSICS,初速度为零的几个重点推论,沿速度方向放置的导体有效长度为零
PHYSICS,初速度为零的几个重点推论,用频闪照相法获取平抛轨迹
PHYSICS,初速度为零的几个重点推论,等距双杆（光滑、一杆有初速度）：最终共速匀速
PHYSICS,初速度为零的几个重点推论,零点推论的等时划分结论
PHYSICS,初速度为零的几个重点推论,零点推论的等距划分结论
PHYSICS,判断滑块和模板运动状态的技巧,斜面上滑块—木板模型的解题关键
PHYSICS,判断滑块和模板运动状态的技巧,有外力作用下板块模型的解题策略
PHYSICS,判断滑块和模板运动状态的技巧,板块模型的速度情况结论总结
PHYSICS,判断滑块和模板运动状态的技巧,水平面上滑块-木板模型的分类解读（力作用在板上）
PHYSICS,判断滑块和模板运动状态的技巧,滑块-木板模型的一个转折与两个关联
PHYSICS,判断滑块和模板运动状态的技巧,滑块与木板运动状态的判断
PHYSICS,判断电磁感应现象能否产生的方法,探究感应电流产生条件的实验现象与结论
PHYSICS,判断电磁感应现象能否产生的方法,电磁感应图像的两种判断方法
PHYSICS,利用电场线和等势面解决带电粒子运动问题的方法,三步速解三线问题
PHYSICS,利用电场线和等势面解决带电粒子运动问题的方法,交变电场、磁场中粒子运动问题的分析步骤
PHYSICS,利用电场线和等势面解决带电粒子运动问题的方法,几种典型电场的等势线（面）
PHYSICS,利用电场线和等势面解决带电粒子运动问题的方法,匀强电场的电场线与等势面特征
PHYSICS,利用电场线和等势面解决带电粒子运动问题的方法,多用电表探测黑箱与检测电路故障
PHYSICS,利用电场线和等势面解决带电粒子运动问题的方法,多用电表的使用规范与黑箱探测
PHYSICS,利用电场线和等势面解决带电粒子运动问题的方法,带电粒子在电场中运动轨迹的分析方法
PHYSICS,利用电场线和等势面解决带电粒子运动问题的方法,带电粒子在电场中运动轨迹问题的分析方法
PHYSICS,利用电场线和等势面解决带电粒子运动问题的方法,带电粒子在电场中运动轨迹问题的分析流程
PHYSICS,利用电场线和等势面解决带电粒子运动问题的方法,带电粒子轨迹与电场线重合的条件
PHYSICS,利用电场线和等势面解决带电粒子运动问题的方法,带电粒子轨迹类问题的解题思维流程
PHYSICS,利用电场线和等势面解决带电粒子运动问题的方法,带电粒子运动轨迹问题的分析方法
PHYSICS,利用电场线和等势面解决带电粒子运动问题的方法,常见典型电场的等势面分布
PHYSICS,利用电场线和等势面解决带电粒子运动问题的方法,正点电荷电场的电场线与等势面特征
PHYSICS,利用电场线和等势面解决带电粒子运动问题的方法,由电场线与轨迹判断运动的方法
PHYSICS,利用电场线和等势面解决带电粒子运动问题的方法,由电场线与运动轨迹判断受力、做功与能量变化
PHYSICS,利用电场线和等势面解决带电粒子运动问题的方法,由电场线分布判断粒子电性、加速度与电势能
PHYSICS,利用电场线和等势面解决带电粒子运动问题的方法,由电场线和等势面判断场强、电势与做功
PHYSICS,利用电场线和等势面解决带电粒子运动问题的方法,由轨迹判断电性与做功的方法
PHYSICS,利用电场线和等势面解决带电粒子运动问题的方法,由运动轨迹分析受力与能量变化
PHYSICS,利用电场线和等势面解决带电粒子运动问题的方法,电势与电势能的判断要点
PHYSICS,利用电场线和等势面解决带电粒子运动问题的方法,电场线与等势面上带电粒子轨迹问题的解题方法
PHYSICS,利用电场线和等势面解决带电粒子运动问题的方法,电场线与轨迹的综合分析
PHYSICS,利用电场线和等势面解决带电粒子运动问题的方法,电场线与轨迹综合问题的分析方法
PHYSICS,利用电场线和等势面解决带电粒子运动问题的方法,电场线与运动轨迹的组合分析方法
PHYSICS,利用电场线和等势面解决带电粒子运动问题的方法,等势面的特点与几种常见电场的等势面
PHYSICS,利用电场线和等势面解决带电粒子运动问题的方法,粒子物理的研究方法与意义
PHYSICS,利用电场线和等势面解决带电粒子运动问题的方法,粒子运动轨迹与电场线重合的条件
PHYSICS,刹车模型（含反应时间）,刹车模型与反应时间
PHYSICS,刹车类与双向可逆类问题对比,刹车类问题与双向可逆类问题的对比
PHYSICS,刹车类问题,刹车类问题的分析方法
PHYSICS,刹车类问题,刹车类问题的处理与验证
PHYSICS,刹车类问题,刹车类问题的解题思路与注意点
PHYSICS,割补法,割补法求不规则带电体的场强
PHYSICS,割补法,割补法求挖空球体的万有引力
PHYSICS,割补法,割补法求特殊带电体的场强
PHYSICS,力、加速度与速度的关系,力加速度速度三者的关系辨析
PHYSICS,力与运动知识体系,力与运动知识体系总览
PHYSICS,力学对象和电学对象的相互联系-x1,电磁感应中力学与电学对象的联系
PHYSICS,力学对象和电学对象的相互联系-x1,电磁感应中力学与电学的桥梁
PHYSICS,力学对象和电学对象的相互联系-x1,电磁感应中动力学问题的分析思路
PHYSICS,力的作用效果与力的三要素,力的两种作用效果与三要素
PHYSICS,力的分解,分力大小的范围
PHYSICS,力的分解,分力方向的选定依据
PHYSICS,力的分解,力的分解与分力方向的确定
PHYSICS,力的分解,力的分解与分解原则
PHYSICS,力的分解,力的分解与分解方法
PHYSICS,力的分解,力的分解与合成的互逆关系及分解的多解性
PHYSICS,力的分解,力的分解与按效果分解法
PHYSICS,力的分解,力的分解与按效果分解的步骤
PHYSICS,力的分解,力的分解与正交分解法
PHYSICS,力的分解,力的分解中的最小值问题
PHYSICS,力的分解,力的分解方法与正交分解
PHYSICS,力的分解,力的分解方法的选择原则
PHYSICS,力的分解,力的分解方法（效果分解法与正交分解法）
PHYSICS,力的分解,力的分解方法：效果分解与正交分解
PHYSICS,力的分解,力的分解的两个基本方法
PHYSICS,力的分解,力的分解的含义与方法
PHYSICS,力的分解,力的分解的唯一性与多解性
PHYSICS,力的分解,力的分解的本质与法则
PHYSICS,力的分解,力的分解的运算法则与多解性
PHYSICS,力的分解,性质力与效果力的分类
PHYSICS,力的分解,把重力沿斜面方向分解求摩擦力与支持力
PHYSICS,力的分解,按力的实际作用效果分解力
PHYSICS,力的分解,按实际作用效果分解力
PHYSICS,力的分解,按实际作用效果分解力的步骤
PHYSICS,力的分解,按效果分解与正交分解
PHYSICS,力的分解,按效果分解与正交分解法
PHYSICS,力的分解,按效果分解的三种典型实例
PHYSICS,力的分解,斜面上圆周运动中重力的分解
PHYSICS,力的分解,正交分解及其坐标系选择
PHYSICS,力的分解,正交分解法及其建系原则
PHYSICS,力的分解,风筝与帆船的类比迁移（连续两次分解）
PHYSICS,力的分解的多解问题,力的分解解数（多解）的判定
PHYSICS,力的合成,作图法与计算法求合力
PHYSICS,力的合成,共点力、合力与分力
PHYSICS,力的合成,共点力、合力与分力及二力合成的范围
PHYSICS,力的合成,共点力与等效替代
PHYSICS,力的合成,共点力及其合成
PHYSICS,力的合成,共点力合成的作图法与计算法
PHYSICS,力的合成,共点力合成的法则与常用结论
PHYSICS,力的合成,共点力的概念
PHYSICS,力的合成,力的合成与分解及平行四边形定则
PHYSICS,力的合成,力的合成与分解遵循平行四边形定则
PHYSICS,力的合成,力的合成与平行四边形定则
PHYSICS,力的合成,力的合成实验的创新拓展方案
PHYSICS,力的合成,力的合成实验的数据处理与注意事项
PHYSICS,力的合成,力的合成实验的注意事项
PHYSICS,力的合成,力的合成方法：作图法与计算法
PHYSICS,力的合成,力的合成法则与合力范围
PHYSICS,力的合成,力的合成的两个定则
PHYSICS,力的合成,合力、分力与共点力
PHYSICS,力的合成,合力与分力及力的合成定则
PHYSICS,力的合成,合力与分力及力的合成法则
PHYSICS,力的合成,合力与分力的关系
PHYSICS,力的合成,合力与分力的概念
PHYSICS,力的合成,合力与分力的概念及运算法则
PHYSICS,力的合成,合力与分力的等效替代关系
PHYSICS,力的合成,探究两个互成角度力合成规律实验的操作注意事项
PHYSICS,力的合成,探究两个互成角度力的合成规律的原理
PHYSICS,力的合成,探究两个互成角度力的合成规律的原理与步骤
PHYSICS,力的合成,探究两个互成角度力的合成规律的实验原理与步骤
PHYSICS,力的合成,探究两个互成角度力的合成规律的数据处理
PHYSICS,力的合成,探究两个互成角度力的合成规律的步骤
PHYSICS,力的合成,探究两个互成角度力的合成规律的注意事项
PHYSICS,力的合成,探究互成角度力的合成规律的实验
PHYSICS,力的合成,探究互成角度力的合成规律的实验步骤
PHYSICS,力的合成,探究力的合成规律的实验
PHYSICS,力的合成,矢量运算的基本方法
PHYSICS,力的合成,验证力的平行四边形定则的操作步骤
PHYSICS,力的合成,验证力的平行四边形定则的操作要点
PHYSICS,力的合成,验证力的平行四边形定则的数据处理
PHYSICS,力的合成,验证平行四边形定则实验的注意事项
PHYSICS,力的合成与分解的解题步骤,力的合成与分解的解题流程
PHYSICS,力的合成实验的创新改进,探究力的合成规律实验的改进
PHYSICS,力的图示与示意图,力的图示与力的示意图的区别
PHYSICS,力的基础概念-重力-弹力-摩擦力,力的基本概念与四种基本相互作用
PHYSICS,力的基础概念-重力-弹力-摩擦力,力的定义、作用效果与基本性质
PHYSICS,力的基础概念-重力-弹力-摩擦力,力的定义与作用效果
PHYSICS,力的基础概念-重力-弹力-摩擦力,力的概念、作用效果与两种分类
PHYSICS,力的基础概念-重力-弹力-摩擦力,力的概念与重力的基本知识
PHYSICS,力的基础概念-重力-弹力-摩擦力,回复力的概念
PHYSICS,力的基础概念-重力-弹力-摩擦力,弹力与摩擦力的存在关系
PHYSICS,力的基础概念-重力-弹力-摩擦力,重力、弹力与摩擦力
PHYSICS,力的概念,力的概念与四个性质
PHYSICS,功,做功的两个要素
PHYSICS,功,做功的两个要素与功的正负
PHYSICS,功,做功的正负不代表做功的多少
PHYSICS,功,力做功与正负功的判断
PHYSICS,功,功与功率·易混概念辨析
PHYSICS,功,功的定义、公式与正负判断
PHYSICS,功,功的定义与定义式
PHYSICS,功,功的定义与正负
PHYSICS,功,功的概念、公式与做功的两个必要因素
PHYSICS,功,功的概念、公式与正负判断
PHYSICS,功,功的概念与做功的必要条件
PHYSICS,功,功的概念与正负功的判断
PHYSICS,功,功的正负与不做功
PHYSICS,功,功的正负判断与恒力做功的计算
PHYSICS,功,动能定理求功与功的标量性
PHYSICS,功,变力做功求法一：微元图象平均力
PHYSICS,功,变力做功求法二：等效转换与动能定理
PHYSICS,功,变力做功的五种计算方法
PHYSICS,功,变力做功的六种计算方法
PHYSICS,功,恒力做功的两个推论与变力做功的处理
PHYSICS,功,正功、负功与零功的判据
PHYSICS,功,正功与负功的判断
PHYSICS,功,随位移线性变化的力的做功计算
PHYSICS,功-热和内能的改变,做功与传热对内能的改变
PHYSICS,功-热和内能的改变,做功改变内能的规律与计算
PHYSICS,功-热和内能的改变,改变物体内能的两种方式
PHYSICS,功和能,功的理解与合力做功
PHYSICS,功和能,功的计算方法（恒力与变力）
PHYSICS,功率,功率与额定功率
PHYSICS,功率,功率及其两种取值
PHYSICS,功率,功率的定义与两种表达式
PHYSICS,功率,功率的定义与两种计算式
PHYSICS,功率,功率的定义与平均、瞬时功率
PHYSICS,功率,功率的定义与物理意义
PHYSICS,功率,功率的定义与计算
PHYSICS,功率,平均功率与瞬时功率的计算
PHYSICS,功率,平均功率的计算方法
PHYSICS,功率,瞬时功率的计算式
PHYSICS,功率,瞬时功率的计算方法
PHYSICS,功能关系,克服阻力做功不等于落地动能
PHYSICS,功能关系,其他力做功与机械能变化的关系
PHYSICS,功能关系,功能关系的含义
PHYSICS,功能关系,功能关系的基本内涵
PHYSICS,功能关系,功能关系的基本理解
PHYSICS,功能关系,功能关系的本质理解
PHYSICS,功能关系,功能关系的理解
PHYSICS,功能关系,功能关系的理解与三种应用
PHYSICS,功能关系,对功能关系的理解
PHYSICS,功能关系,系统功能关系的选择策略
PHYSICS,功能关系分析,功能关系应用的两个分析四选择
PHYSICS,功能关系分析,动力学与能量综合题的分析思路
PHYSICS,功能关系分析,用功能关系分析带电粒子的偏转
PHYSICS,功能关系和能量守恒定律,传送带系统电机多消耗电能的守恒关系
PHYSICS,功能关系和能量守恒定律,功能关系与能量守恒定律·易混概念辨析
PHYSICS,功能关系和能量守恒定律,功能关系与能量守恒定律·计算注意事项
PHYSICS,功能关系和能量守恒定律,功能关系的本质
PHYSICS,功能关系和能量守恒定律,动能定理与能量守恒定律的作用
PHYSICS,功能关系和能量守恒定律,动量观点与能量观点的选用技巧
PHYSICS,功能关系和能量守恒定律,能量守恒定律的表达与理解
PHYSICS,功能关系和能量守恒定律,能量的概念与功能关系表述
PHYSICS,加速度,加速度如何影响速度的变化
PHYSICS,加速度,加速度定义式与决定式的区别
PHYSICS,加速度,加速度的定义、方向与单位
PHYSICS,加速度,加速度的定义、矢量性与加速减速的判断
PHYSICS,加速度,加速度的定义与方向
PHYSICS,加速度,加速度的意义、定义与方向
PHYSICS,加速度,加速度的概念与方向
PHYSICS,加速度,加速度的理解与计算
PHYSICS,加速度,加速度的计算与速度变化规律
PHYSICS,加速度,探究加速度实验的创新角度
PHYSICS,加速度,由图像分析加速度的三种方式
PHYSICS,加速度方向突变,加速度方向突变引起的静摩擦力突变
PHYSICS,加速度方向突变,平抛落回斜面上的位移关系与等向性结论
PHYSICS,加速度方向突变,超重与失重的判断（看加速度方向）
PHYSICS,动力学三大观点在多体问题和多过程运动中的应用,v-t图像法适用于多过程运动问题
PHYSICS,动力学三大观点在多体问题和多过程运动中的应用,三大观点解决力学问题·易混概念辨析（一）
PHYSICS,动力学三大观点在多体问题和多过程运动中的应用,三大观点解决力学问题·易混概念辨析（三）
PHYSICS,动力学三大观点在多体问题和多过程运动中的应用,三大观点解决力学问题·易混概念辨析（二）
PHYSICS,动力学三大观点在多体问题和多过程运动中的应用,三大观点解决力学问题·计算注意事项
PHYSICS,动力学三大观点在多体问题和多过程运动中的应用,三大观点解决多过程问题的步骤
PHYSICS,动力学三大观点在多体问题和多过程运动中的应用,多体与多过程问题的处理方法
PHYSICS,动力学三大观点在多体问题和多过程运动中的应用,多运动组合问题的分析思路与合分合方法
PHYSICS,动力学三大观点在多体问题和多过程运动中的应用,多阶段运动问题的四点注意
PHYSICS,动力学三大观点在多体问题和多过程运动中的应用,运用力学三大观点解题的策略
PHYSICS,动力学三大观点在电磁学中的应用,电磁感应中的动力学、能量与动量观点
PHYSICS,动力学三大观点的基本理解和应用,力学三大观点及其对应规律
PHYSICS,动力学三大观点的基本理解和应用,力学三大观点及选用原则
PHYSICS,动力学三大观点的基本理解和应用,力学三大观点的对应规律
PHYSICS,动力学三大观点的基本理解和应用,力学三大观点的对应规律与选用原则
PHYSICS,动力学三大观点的基本理解和应用,力学三大观点的对比与选用
PHYSICS,动力学三大观点的基本理解和应用,力学三大观点的选用原则
PHYSICS,动力学三大观点的基本理解和应用,力学规律的优选策略
PHYSICS,动力学三大观点的基本理解和应用,力学规律的选用原则
PHYSICS,动力学三大观点的基本理解和应用,力学规律选用时的六个关键
PHYSICS,动力学三大观点的基本理解和应用,动力学三大观点的选用原则
PHYSICS,动力学三大观点的基本理解和应用,动力学和能量观点的综合应用·易混概念辨析
PHYSICS,动力学三大观点的基本理解和应用,动力学和能量观点的综合应用·计算注意事项
PHYSICS,动力学中的经典模型,典型单杆模型的动力学与能量特征
PHYSICS,动力学中的经典模型,牛顿力学局限性与相对论初步
PHYSICS,动力学图像法在动力学问题中的应用-数形结合思想,与动能定理结合的各种图像
PHYSICS,动力学图像法在动力学问题中的应用-数形结合思想,两种动力学图像的两条处理思路
PHYSICS,动力学图像法在动力学问题中的应用-数形结合思想,分析动力学图像问题的方法技巧
PHYSICS,动力学图像法在动力学问题中的应用-数形结合思想,力学图像中面积与斜率的物理意义
PHYSICS,动力学图像法在动力学问题中的应用-数形结合思想,力学图像的五大要素解读通法
PHYSICS,动力学图像法在动力学问题中的应用-数形结合思想,动力学中四类常见图像的含义
PHYSICS,动力学图像法在动力学问题中的应用-数形结合思想,动力学中的图像问题及解答策略
PHYSICS,动力学图像法在动力学问题中的应用-数形结合思想,动力学四类图像的识别与解题策略
PHYSICS,动力学图像法在动力学问题中的应用-数形结合思想,动力学图像分析方法
PHYSICS,动力学图像法在动力学问题中的应用-数形结合思想,动力学图像法
PHYSICS,动力学图像法在动力学问题中的应用-数形结合思想,动力学图像的分析要点（一）
PHYSICS,动力学图像法在动力学问题中的应用-数形结合思想,动力学图像的分析要点（二）
PHYSICS,动力学图像法在动力学问题中的应用-数形结合思想,动力学图像的解读方法
PHYSICS,动力学图像法在动力学问题中的应用-数形结合思想,动力学图像问题
PHYSICS,动力学图像法在动力学问题中的应用-数形结合思想,动力学图像问题的三类题型
PHYSICS,动力学图像法在动力学问题中的应用-数形结合思想,动力学图像问题的两类与关键
PHYSICS,动力学图像法在动力学问题中的应用-数形结合思想,动力学图像问题的分析与斜率面积含义
PHYSICS,动力学图像法在动力学问题中的应用-数形结合思想,动力学图像问题的分析方法
PHYSICS,动力学图像法在动力学问题中的应用-数形结合思想,动力学图像问题的处理方法
PHYSICS,动力学图像法在动力学问题中的应用-数形结合思想,动力学图像题的解题策略
PHYSICS,动力学图像法在动力学问题中的应用-数形结合思想,动能定理图像问题（数形结合）
PHYSICS,动力学图像法在动力学问题中的应用-数形结合思想,动能定理的图像问题处理
PHYSICS,动力学图像法在动力学问题中的应用-数形结合思想,图像信息的函数化处理技巧
PHYSICS,动力学图像法在动力学问题中的应用-数形结合思想,图像法求弹簧劲度系数
PHYSICS,动力学图像法在动力学问题中的应用-数形结合思想,多过程问题的衔接与图像分析
PHYSICS,动力学图像法在动力学问题中的应用-数形结合思想,安培定则（右手螺旋定则）的应用
PHYSICS,动力学图像法在动力学问题中的应用-数形结合思想,常见动力学图像的读法
PHYSICS,动力学图像法在动力学问题中的应用-数形结合思想,常见的动力学图像及其读法
PHYSICS,动力学图像法在动力学问题中的应用-数形结合思想,板块问题中三个位移的区分
PHYSICS,动力学图像法在动力学问题中的应用-数形结合思想,牛顿运动定律与图像结合的分析方法
PHYSICS,动力学图像法在动力学问题中的应用-数形结合思想,用 a-F 图像分析滑块-木板模型的分段
PHYSICS,动力学图像法在动力学问题中的应用-数形结合思想,电场图像（E-x、v-t、Ep-x）的应用
PHYSICS,动力学图像法在动力学问题中的应用-数形结合思想,运动学图像题的审图要点
PHYSICS,动力学的两类基本问题的解题步骤,两类动力学基本问题
PHYSICS,动力学的两类基本问题的解题步骤,两类动力学基本问题的解题步骤
PHYSICS,动力学的两类基本问题的解题步骤,两类跃迁问题与受激跃迁的两种方式
PHYSICS,动力学的两类基本问题的解题步骤,分析动力学两类基本问题的关键
PHYSICS,动力学的两类基本问题的解题步骤,动力学两类基本问题
PHYSICS,动力学的两类基本问题的解题步骤,动力学两类基本问题与求解思路
PHYSICS,动力学的两类基本问题的解题步骤,动力学两类基本问题与解题要点
PHYSICS,动力学的两类基本问题的解题步骤,动力学两类基本问题的求解
PHYSICS,动力学的两类基本问题的解题步骤,动力学两类基本问题的解题思路
PHYSICS,动力学的两类基本问题的解题步骤,动力学两类基本问题的解题桥梁
PHYSICS,动力学的两类基本问题的解题步骤,动力学两类问题的解题思路
PHYSICS,动力学的两类基本问题的解题步骤,动力学两类问题的解题桥梁
PHYSICS,动力学的两类基本问题的解题步骤,动力学的两类基本问题与加速度桥梁
PHYSICS,动力学的两类基本问题的解题步骤,动力学的两类基本问题与多过程分析
PHYSICS,动力学的两类基本问题的解题步骤,动力学的两类基本问题及加速度的桥梁作用
PHYSICS,动力学的两类基本问题的解题步骤,动力学的两类基本问题及求解桥梁
PHYSICS,动力学的两类基本问题的解题步骤,动力学的两类基本问题的解题思路
PHYSICS,动力学的两类基本问题的解题步骤,动力学部分解题的核心逻辑与衔接点
PHYSICS,动力学的两类基本问题的解题步骤,动力学问题的两个分析与一个桥梁
PHYSICS,动力学的两类基本问题的解题步骤,动力学问题的两类分析与两个桥梁
PHYSICS,动力学的两类基本问题的解题步骤,动态圆临界问题的解题步骤
PHYSICS,动力学的两类基本问题的解题步骤,动量定理解题的基本步骤
PHYSICS,动力学的两类基本问题的解题步骤,应用牛顿第二定律的两类分析与两个桥梁
PHYSICS,动力学的两类基本问题的解题步骤,板块问题
PHYSICS,动力学的两类基本问题的解题步骤,磁场变化模型的两类情形
PHYSICS,动力学的两类基本问题的解题步骤,线框水平穿过磁场的动力学特征
PHYSICS,动态平衡问题,一力恒定、另一力方向不变类的动态平衡
PHYSICS,动态平衡问题,全反力解动态平衡的四步骤
PHYSICS,动态平衡问题,分析动态平衡问题的常用方法
PHYSICS,动态平衡问题,动态平衡的三种基本方法
PHYSICS,动态平衡问题,动态平衡的含义
PHYSICS,动态平衡问题,动态平衡的含义与识别
PHYSICS,动态平衡问题,动态平衡的图解法与解析法
PHYSICS,动态平衡问题,动态平衡问题的四类情形识别
PHYSICS,动态平衡问题,动态平衡问题的图解法
PHYSICS,动态平衡问题,动态平衡问题的图解法与解析法
PHYSICS,动态平衡问题,动态平衡问题的处理方法
PHYSICS,动态平衡问题,动态平衡问题的定义与题眼
PHYSICS,动态平衡问题,动态平衡问题综述
PHYSICS,动态平衡问题,图解法分析动态平衡问题
PHYSICS,动态平衡问题,晾衣架模型的两条几何关系
PHYSICS,动态平衡问题,用解析法处理动态平衡问题
PHYSICS,动态平衡问题,相似三角形法与力的外接圆法
PHYSICS,动态平衡问题,相似三角形法处理三力动态平衡
PHYSICS,动态平衡问题,矢量三角形法分析动态平衡
PHYSICS,动态平衡问题,矢量圆法（正弦定理法）
PHYSICS,动态平衡问题,辅助圆与正弦定理处理夹角不变类动态平衡
PHYSICS,动态平衡问题,辅助圆法解动态平衡
PHYSICS,动能,动能变化与速度变化的对应关系
PHYSICS,动能,动能的概念
PHYSICS,动能,动能的概念与动能变化量
PHYSICS,动能,动能的概念与性质
PHYSICS,动能,动能的概念与标量性
PHYSICS,动能,动能的概念与特点
PHYSICS,动能,动能的概念与表达式
PHYSICS,动能,动能的表达式与三个性质
PHYSICS,动能,对动能的理解
PHYSICS,动能定理,全过程列式时对做功的两点把握
PHYSICS,动能定理,全过程列式的两个做功特点
PHYSICS,动能定理,全过程应用动能定理的注意点
PHYSICS,动能定理,动能与动能定理
PHYSICS,动能定理,动能定理·易混概念辨析
PHYSICS,动能定理,动能定理·计算注意事项
PHYSICS,动能定理,动能定理与图像结合的处理
PHYSICS,动能定理,动能定理处理单向多过程问题
PHYSICS,动能定理,动能定理的内容、适用范围与解题思路
PHYSICS,动能定理,动能定理的内容与易错点
PHYSICS,动能定理,动能定理的内容与物理意义
PHYSICS,动能定理,动能定理的内容与理解要点
PHYSICS,动能定理,动能定理的内容与表达式
PHYSICS,动能定理,动能定理的内容与适用条件
PHYSICS,动能定理,动能定理的理解要点
PHYSICS,动能定理,动能定理的表达式与使用要点
PHYSICS,动能定理,多过程与往复运动中应用动能定理
PHYSICS,动能定理,多过程问题的两种列式思路
PHYSICS,动能定理,多过程问题的五步分析法
PHYSICS,动能定理,应用动能定理的要点与求变力做功
PHYSICS,动能定理,往复运动中动能定理的应用
PHYSICS,动能定理,往复运动问题的分析要点
PHYSICS,动能定理,往复运动问题的解题策略
PHYSICS,动能定理,牛顿运动定律与动能定理两种解法的比较
PHYSICS,动能定理,用动能定理处理多过程问题的两种思路
PHYSICS,动能定理及其应用-功能关系,偏转问题的功能关系分析
PHYSICS,动能定理及其应用-功能关系,光子频率与最大初动能、遏止电压的关系
PHYSICS,动能定理及其应用-功能关系,动能定理与图象结合
PHYSICS,动能定理及其应用-功能关系,动能定理及其适用条件
PHYSICS,动能定理及其应用-功能关系,动能定理处理多过程的两种思路
PHYSICS,动能定理及其应用-功能关系,动能定理多过程应用
PHYSICS,动能定理及其应用-功能关系,动能定理搞定竖直圆问题
PHYSICS,动能定理及其应用-功能关系,动能定理求变力做功与解题思路
PHYSICS,动能定理及其应用-功能关系,动能定理理解的要点
PHYSICS,动能定理及其应用-功能关系,动能定理的应用
PHYSICS,动能定理及其应用-功能关系,动能定理综合应用的注意点
PHYSICS,动能定理及其应用-功能关系,用动能定理处理多过程问题
PHYSICS,动能定理及其应用-功能关系,用动能定理定性判断同位置速度的大小
PHYSICS,动能定理表达式的推导,三力平衡的正弦定理表达式
PHYSICS,动能定理表达式的推导,由运动学公式推导动能定理与力的空间本质
PHYSICS,动能定理表达式的推导,电场强度三个表达式的比较
PHYSICS,动量,动量与动量变化量的理解
PHYSICS,动量,动量及其理解
PHYSICS,动量,动量的两性与动量动能的区别
PHYSICS,动量,动量的定义与矢量性
PHYSICS,动量,动量的概念与“三性”
PHYSICS,动量,动量的概念与动量变化量
PHYSICS,动量变化量的理解和计算,二维平面内动量定理的应用
PHYSICS,动量变化量的理解和计算,冲量的理解
PHYSICS,动量变化量的理解和计算,动量变化量
PHYSICS,动量变化量的理解和计算,动量变化量Δp的理解与计算
PHYSICS,动量变化量的理解和计算,动量变化量的理解与计算
PHYSICS,动量变化量的理解和计算,动量变化量的矢量计算
PHYSICS,动量变化量的理解和计算,动量变化量的矢量运算
PHYSICS,动量变化量的理解和计算,动量的变化量
PHYSICS,动量变化量的理解和计算,动量的理解及与动能的区别
PHYSICS,动量变化量的理解和计算,结合能的计算与质能方程的理解
PHYSICS,动量和动量定理,动量、冲量与动量定理
PHYSICS,动量守恒中的速度,E=Blv 中的速度与垂直条件
PHYSICS,动量守恒中的速度,“滑块—木板”模型的求解方法
PHYSICS,动量守恒中的速度,动量守恒定律的三种表达式
PHYSICS,动量守恒定律,“滑块—斜（曲）面”模型
PHYSICS,动量守恒定律,两小车碰撞的纸带方案
PHYSICS,动量守恒定律,内力与外力的判定
PHYSICS,动量守恒定律,动量守恒定律及其适用条件
PHYSICS,动量守恒定律,动量守恒定律及守恒条件
PHYSICS,动量守恒定律,动量守恒定律的三种守恒情形
PHYSICS,动量守恒定律,动量守恒定律的三种表达形式
PHYSICS,动量守恒定律,动量守恒定律的三种适用条件
PHYSICS,动量守恒定律,动量守恒定律的内容
PHYSICS,动量守恒定律,动量守恒定律的内容、条件与表达式
PHYSICS,动量守恒定律,动量守恒定律的内容与三种守恒条件
PHYSICS,动量守恒定律,动量守恒定律的内容与条件
PHYSICS,动量守恒定律,动量守恒定律的内容与表达式
PHYSICS,动量守恒定律,动量守恒定律的内容与适用条件
PHYSICS,动量守恒定律,动量守恒定律的四条性质
PHYSICS,动量守恒定律,动量守恒定律的条件与形式
PHYSICS,动量守恒定律,动量守恒定律的理解要点
PHYSICS,动量守恒定律,动量守恒定律的表达式与适用条件
PHYSICS,动量守恒定律,动量守恒定律的解题基本思路
PHYSICS,动量守恒定律,动量守恒定律的适用条件与碰撞模型
PHYSICS,动量守恒定律,动量守恒的三种适用条件
PHYSICS,动量守恒定律,对动量守恒定律的五点理解
PHYSICS,动量守恒定律,斜槽小球平抛方案验证动量守恒
PHYSICS,动量守恒定律,斜槽方案的测量步骤与注意点
PHYSICS,动量守恒定律,气垫导轨方案验证动量守恒
PHYSICS,动量守恒定律,航天器分离中的动量守恒与圆轨道速度
PHYSICS,动量守恒定律,验证动量守恒定律的原理与案例
PHYSICS,动量守恒定律,验证动量守恒定律（平抛落点法）
PHYSICS,动量守恒定律,验证动量守恒实验的方案提醒
PHYSICS,动量守恒定律,验证动量守恒的实验原理
PHYSICS,动量守恒定律,验证动量守恒的必备知识与器材
PHYSICS,动量守恒定律的推导,动量守恒定律的三个条件层次
PHYSICS,动量守恒定律的推导,动量守恒定律的内容与守恒条件
PHYSICS,动量守恒定律的推导,验证动量守恒定律的数据处理
PHYSICS,动量定理,与动量定理相关的三类图像
PHYSICS,动量定理,分方向动量定理的应用
PHYSICS,动量定理,利用动量定理解题的基本思路
PHYSICS,动量定理,动量、冲量与动量定理的矢量表达
PHYSICS,动量定理,动量与动量定理·易混概念辨析（一）
PHYSICS,动量定理,动量与动量定理·易混概念辨析（二）
PHYSICS,动量定理,动量与动量定理·计算注意事项
PHYSICS,动量定理,动量定理与动力学观点的分工
PHYSICS,动量定理,动量定理与动能定理联立消去中间量
PHYSICS,动量定理,动量定理及其应用
PHYSICS,动量定理,动量定理及其应用技巧
PHYSICS,动量定理,动量定理及其理解与应用
PHYSICS,动量定理,动量定理及其理解要点
PHYSICS,动量定理,动量定理及其表达式
PHYSICS,动量定理,动量定理在多过程问题中的应用策略
PHYSICS,动量定理,动量定理的两大应用与现象解释
PHYSICS,动量定理,动量定理的内容与应用要点
PHYSICS,动量定理,动量定理的内容与理解
PHYSICS,动量定理,动量定理的内容与理解要点
PHYSICS,动量定理,动量定理的内容与矢量性
PHYSICS,动量定理,动量定理的内容与表达式
PHYSICS,动量定理,动量定理的含义
PHYSICS,动量定理,动量定理的四点理解
PHYSICS,动量定理,动量定理的应用步骤
PHYSICS,动量定理,动量定理的理解
PHYSICS,动量定理,动量定理的表达式
PHYSICS,动量定理,动量定理的适用对象与使用方式
PHYSICS,动量定理,动量定理解释生活现象
PHYSICS,动量定理,动量的定义与性质
PHYSICS,动量定理,双杆系统动量守恒的条件与单杆动量定理
PHYSICS,动量定理,安培力冲量与动量定理（I安=qBL）
PHYSICS,动量定理,正则动量与洛伦兹力冲量的累加关系
PHYSICS,动量定理,用动量定理处理磁场中的曲线运动
PHYSICS,动量定理,用动量定理处理系统与全过程的要点
PHYSICS,动量定理,用动量定理定性解释生活现象
PHYSICS,动量定理,由加速度公式推导动量定理与力的时间本质
PHYSICS,动量定理,电场中的动能定理：W电+W非电=ΔEk
PHYSICS,动量定理,电子束打靶的平均作用力（动量定理的应用）
PHYSICS,动量定理,磁场中含阻力时的动量定理与动能定理
PHYSICS,动量定理,非均匀磁场中用动量定理求最大位移
PHYSICS,动量定理在磁场中的应用,动量定理在磁场中的应用（正则动量法）
PHYSICS,动量定理的应用-流体类模型,两类变质量问题的区别
PHYSICS,动量定理的应用-流体类模型,动量定理的定性分析（缓冲与冲击）
PHYSICS,动量定理的应用-流体类模型,动量定理的应用要点
PHYSICS,动量定理的应用-流体类模型,动量定理的理解与应用
PHYSICS,动量定理的应用-流体类模型,变质量问题的柱状模型思路
PHYSICS,动量定理的应用-流体类模型,洛伦兹力冲量与动量定理在磁场中的应用
PHYSICS,动量定理的应用-流体类模型,洛伦兹力冲量法（动量定理在磁场中的应用）
PHYSICS,动量定理的应用-流体类模型,流体与微粒流的动量定理应用
PHYSICS,动量定理的应用-流体类模型,流体与微粒问题的微元三步骤
PHYSICS,动量定理的应用-流体类模型,流体冲击问题的两点易错提示
PHYSICS,动量定理的应用-流体类模型,流体模型的三步分析法
PHYSICS,动量定理的应用-流体类模型,流体的柱状模型
PHYSICS,动量定理的应用-流体类模型,流体类柱状模型
PHYSICS,动量定理的应用-流体类模型,流体类柱状模型的动量定理处理
PHYSICS,动量定理的应用-流体类模型,流体类柱状模型（连续流体）
PHYSICS,动量定理的应用-流体类模型,流体类问题的柱体微元模型
PHYSICS,动量定理的应用-流体类模型,流体类问题的柱状微元模型
PHYSICS,动量定理的应用-流体类模型,流体（微粒）问题的微元法动量分析步骤
PHYSICS,动量定理的应用-流体类模型,用动量定理处理流体类模型
PHYSICS,动量定理的应用-流体类模型,用动量定理求粒子流对推进器的平均作用力
PHYSICS,匀变速直线运动,匀变速直线运动的公式
PHYSICS,匀变速直线运动,匀变速直线运动的定义、特点与分类
PHYSICS,匀变速直线运动,匀变速直线运动的定义与分类
PHYSICS,匀变速直线运动,匀变速直线运动的特点
PHYSICS,匀变速直线运动的规律,三种传动方式的规律
PHYSICS,匀变速直线运动的规律,三种传动装置的规律
PHYSICS,匀变速直线运动的规律,两类匀减速直线运动与逆向思维法
PHYSICS,匀变速直线运动的规律,刹车类运动的时间陷阱
PHYSICS,匀变速直线运动的规律,匀变速公式的矢量性与应用要点
PHYSICS,匀变速直线运动的规律,匀变速直线运动·易混概念辨析
PHYSICS,匀变速直线运动的规律,匀变速直线运动·计算注意事项
PHYSICS,匀变速直线运动的规律,匀变速直线运动三公式及矢量性
PHYSICS,匀变速直线运动的规律,匀变速直线运动位移差公式Δx=aT²
PHYSICS,匀变速直线运动的规律,匀变速直线运动公式及选用原则
PHYSICS,匀变速直线运动的规律,匀变速直线运动公式的选用与符号
PHYSICS,匀变速直线运动的规律,匀变速直线运动及三个基本公式
PHYSICS,匀变速直线运动的规律,匀变速直线运动基本公式的 v-t 图像意义
PHYSICS,匀变速直线运动的规律,匀变速直线运动的三个重要推论
PHYSICS,匀变速直线运动的规律,匀变速直线运动的公式体系
PHYSICS,匀变速直线运动的规律,匀变速直线运动的公式组与其适用前提
PHYSICS,匀变速直线运动的规律,匀变速直线运动的基本公式与注意事项
PHYSICS,匀变速直线运动的规律,匀变速直线运动的基本规律
PHYSICS,匀变速直线运动的规律,匀变速直线运动的定义与三个基本公式
PHYSICS,匀变速直线运动的规律,匀变速直线运动的常用推论
PHYSICS,匀变速直线运动的规律,匀变速直线运动的速度与位移公式
PHYSICS,匀变速直线运动的规律,爆炸、反冲现象的规律
PHYSICS,匀变速直线运动的规律,电场、磁场中粒子的常见运动小结
PHYSICS,匀变速直线运动的规律-多过程问题,两类特殊的匀减速直线运动
PHYSICS,匀变速直线运动的规律-多过程问题,匀减速被追物（刹车）先判断是否已停止
PHYSICS,匀变速直线运动的规律-多过程问题,匀变速直线运动多过程问题的解题策略
PHYSICS,匀变速直线运动的规律-多过程问题,匀变速直线运动的多过程问题
PHYSICS,匀变速直线运动的规律-多过程问题,匀变速运动的逆向思维法
PHYSICS,匀变速直线运动的规律-多过程问题,多过程直线运动的分析要点
PHYSICS,匀变速直线运动的规律-多过程问题,多过程运动的四类典型模型
PHYSICS,匀变速直线运动的规律-多过程问题,多过程运动问题与刹车类陷阱
PHYSICS,匀变速直线运动的规律-多过程问题,多过程运动问题的基本思路
PHYSICS,匀变速直线运动的规律-多过程问题,多过程运动问题的求解方法
PHYSICS,匀变速直线运动的规律-多过程问题,多过程问题的特点与处理
PHYSICS,匀变速直线运动的规律-多过程问题,多过程问题的特点与解题思路
PHYSICS,匀变速直线运动的规律-多过程问题,多运动过程问题的分析思路
PHYSICS,匀变速直线运动的规律-多过程问题,多运动过程问题的解题步骤
PHYSICS,匀变速直线运动的规律-多过程问题,多阶段运动问题的求解要点
PHYSICS,匀变速直线运动的规律-多过程问题,板块问题v启动与F启动的初始运动判断
PHYSICS,匀变速直线运动的规律-多过程问题,滑块—木板综合问题的规律选择
PHYSICS,匀变速直线运动的规律-多过程问题,简谐运动的运动特征
PHYSICS,匀变速直线运动问题常用的解题方法,传动问题中各点参量的判断步骤
PHYSICS,匀变速直线运动问题常用的解题方法,公式的矢量性与正方向选取
PHYSICS,匀变速直线运动问题常用的解题方法,匀变速公式的选取方法
PHYSICS,匀变速直线运动问题常用的解题方法,匀变速直线运动的六种解题方法
PHYSICS,匀变速直线运动问题常用的解题方法,匀变速直线运动问题的六种解法
PHYSICS,匀变速直线运动问题常用的解题方法,处理匀变速直线运动问题的六种方法
PHYSICS,匀变速直线运动问题常用的解题方法,比例法与逆向思维法
PHYSICS,匀强磁场中原子核衰变轨迹模型,磁场中衰变轨迹的分析方法
PHYSICS,匀强磁场中磁通量的计算,磁通量的正负与净穿含义
PHYSICS,匀强磁场中磁通量的计算,磁通量的计算与判断要点
PHYSICS,匀质绳索与多段物体的平衡,匀质绳索的平衡问题
PHYSICS,半偏法测电表内阻,半偏法测电压表内阻
PHYSICS,半偏法测电表内阻,半偏法测电流表内阻（并联电阻箱法）
PHYSICS,半偏法测电表内阻,半偏法测电流表和电压表内阻
PHYSICS,半偏法测电表内阻,半偏法测电表内阻的原理
PHYSICS,半偏法测电表内阻,半偏法测电表内阻的器材选择
PHYSICS,半偏法测电阻,电压表半偏法测内阻及误差方向
PHYSICS,半衰期,α衰变、β衰变与半衰期
PHYSICS,半衰期,半衰期及其影响因素
PHYSICS,半衰期,半衰期及其统计意义
PHYSICS,半衰期,半衰期的统计意义与剩余量计算
PHYSICS,半衰期,半衰期的统计意义与外界无关性
PHYSICS,半衰期的理解-计算和应用,半衰期及其计算
PHYSICS,半衰期的理解-计算和应用,半衰期的含义与剩余量的计算
PHYSICS,半衰期的理解-计算和应用,半衰期的理解与计算
PHYSICS,半衰期的理解-计算和应用,半衰期的统计性与剩余量公式
PHYSICS,半衰期的理解-计算和应用,对半衰期的理解与适用条件
PHYSICS,半衰期的理解-计算和应用,核衰变问题与半衰期
PHYSICS,半衰期的理解-计算和应用,衰变类型与半衰期的决定因素
PHYSICS,单一气体多过程问题,单一气体多过程问题的解题思路
PHYSICS,单位制,力学单位制与国际单位制
PHYSICS,单位制,力学单位制的构成与基本单位
PHYSICS,单位制,单位制与力学基本单位
PHYSICS,单位制,单位制在解题中的四种应用
PHYSICS,单位制,单位在解题中的四种应用
PHYSICS,单位制,国际单位制中的基本单位
PHYSICS,单位制-由基本单位和导出单位共同构成-常考-国际单位制-si-国际制基本单位,力学单位制与力学基本单位
PHYSICS,单位制-由基本单位和导出单位共同构成-常考-国际单位制-si-国际制基本单位,力学单位制与基本单位
PHYSICS,单位制-由基本单位和导出单位共同构成-常考-国际单位制-si-国际制基本单位,单位制与SI基本单位
PHYSICS,单位制-由基本单位和导出单位共同构成-常考-国际单位制-si-国际制基本单位,单位制与国际单位制的基本单位
PHYSICS,单位制-由基本单位和导出单位共同构成-常考-国际单位制-si-国际制基本单位,单位制的三个应用场合
PHYSICS,单位制-由基本单位和导出单位共同构成-常考-国际单位制-si-国际制基本单位,单位制的组成与导出单位
PHYSICS,单位制-由基本单位和导出单位共同构成-常考-国际单位制-si-国际制基本单位,用单位（量纲）检验表达式
PHYSICS,单摆,单摆及其周期公式
PHYSICS,单摆,单摆实验的三种创新方向
PHYSICS,单摆,单摆实验的器材与操作注意事项
PHYSICS,单摆,单摆实验的误差分析与操作要求
PHYSICS,单摆,单摆实验的误差来源与计时要求
PHYSICS,单摆,单摆模型的拓展
PHYSICS,单摆,单摆模型的理想化条件
PHYSICS,单摆,单摆的受力特征与周期公式
PHYSICS,单摆,单摆的周期公式与等时性
PHYSICS,单摆,单摆的模型、回复力与周期公式
PHYSICS,单摆,单摆的模型条件与周期公式
PHYSICS,单摆,单摆的理想化模型与回复力
PHYSICS,单摆,双线摆
PHYSICS,单摆,用单摆测重力加速度的操作细节
PHYSICS,单摆,用单摆测量重力加速度的原理与操作
PHYSICS,单摆,用单摆测量重力加速度的实验器材
PHYSICS,单摆,类单摆的等效摆长与等效重力加速度
PHYSICS,单摆周期,单摆周期公式与等效摆长、等效重力加速度
PHYSICS,单摆周期,单摆周期公式的等效应用
PHYSICS,单摆周期,单摆周期的创新测量方案
PHYSICS,单摆周期,单摆周期的测量方法
PHYSICS,单摆周期,单摆测重力加速度的原理与器材
PHYSICS,单摆周期,单摆的周期与超失重
PHYSICS,单摆周期,用单摆测量重力加速度的原理
PHYSICS,单摆周期,用单摆测量重力加速度的实验原理
PHYSICS,单摆周期,等效重力加速度的四步解题通法
PHYSICS,单摆的受力特征,单摆最高点与最低点的受力特征
PHYSICS,单摆的受力特征,单摆的受力与两个特殊位置
PHYSICS,单摆的受力特征,单摆的受力特征与两个特殊位置
PHYSICS,单摆的受力特征,单摆的回复力、向心力与等效重力加速度
PHYSICS,单摆的受力特征,单摆的回复力与各位置的受力
PHYSICS,单摆的受力特征,单摆的回复力与向心力
PHYSICS,单方向的简谐运动,单方向的简谐运动（有摩擦往复运动的分段处理）
PHYSICS,卫星中的超重与失重现象,卫星发射与运行中的超重和失重
PHYSICS,卫星中的超重与失重现象,对航天器内失重现象的认识
PHYSICS,卫星中的超重与失重现象,航天器在近地轨道上的完全失重
PHYSICS,卫星发射速度和宇宙速度与运动轨迹的关系,人造卫星运动参量与轨道半径的关系
PHYSICS,卫星发射速度和宇宙速度与运动轨迹的关系,光的强度与光电流的关系（同频率）
PHYSICS,卫星发射速度和宇宙速度与运动轨迹的关系,卫星发射与变轨的基本过程
PHYSICS,卫星发射速度和宇宙速度与运动轨迹的关系,卫星运行参量与轨道半径的关系
PHYSICS,卫星发射速度和宇宙速度与运动轨迹的关系,发射速度与卫星轨迹的关系
PHYSICS,卫星发射速度和宇宙速度与运动轨迹的关系,发射速度与卫星轨道（轨迹）的关系
PHYSICS,卫星发射速度和宇宙速度与运动轨迹的关系,发射速度与卫星运动轨迹的关系
PHYSICS,卫星发射速度和宇宙速度与运动轨迹的关系,发射速度与运行速度的区别及轨迹关系
PHYSICS,卫星发射速度和宇宙速度与运动轨迹的关系,宇宙速度与发射速度对应的运动轨迹
PHYSICS,卫星发射速度和宇宙速度与运动轨迹的关系,实验：探究加速度与力、质量的关系·易混概念辨析
PHYSICS,卫星发射速度和宇宙速度与运动轨迹的关系,实验：探究加速度与力、质量的关系·计算注意事项
PHYSICS,卫星发射速度和宇宙速度与运动轨迹的关系,平抛轨迹抛物线关系的验证方法
PHYSICS,卫星发射速度和宇宙速度与运动轨迹的关系,电场线与运动轨迹组合判断
PHYSICS,卫星发射速度和宇宙速度与运动轨迹的关系,轨迹与合力方向的关系
PHYSICS,卫星变轨-1-2-3,卫星变轨与返回的过程分析
PHYSICS,卫星变轨-1-2-3,卫星变轨的各物理量关系
PHYSICS,卫星变轨-1-2-3,卫星变轨的点火加速与离心、近心运动
PHYSICS,卫星变轨-1-2-3,卫星变轨问题
PHYSICS,卫星变轨-1-2-3,变轨过程机械能关系
PHYSICS,卫星变轨-1-2-3,同步卫星发射的三步变轨
PHYSICS,卫星变轨-1-2-3,同步卫星的三段式变轨过程
PHYSICS,卫星变轨-1-2-3,天体运行规律与比较
PHYSICS,卫星的对接问题,卫星对接时变轨的正确操作
PHYSICS,卫星的对接问题,卫星对接的两类情形
PHYSICS,卫星的对接问题,卫星对接的本质与追赶思路
PHYSICS,卫星的对接问题,宇宙飞船与空间站的对接原理
PHYSICS,卫星的对接问题,航天器的对接原理
PHYSICS,卫星的对接问题,飞船与空间站对接的实质
PHYSICS,卫星的对接问题,飞船与空间站的对接方式
PHYSICS,卫星的种类,卫星的种类与几种特殊卫星
PHYSICS,卫星的种类,月球参数与月地检验
PHYSICS,卫星的轨道,人造地球卫星的轨道特点与近地卫星
PHYSICS,卫星的轨道,卫星的轨道及其分类
PHYSICS,卫星的追及与相遇问题,人造卫星追及问题中的相距最近与最远
PHYSICS,卫星的追及与相遇问题,卫星追及与相遇问题的两种解法
PHYSICS,原子核式结构,α粒子散射实验与原子核式结构模型
PHYSICS,原子核式结构,α粒子散射实验与核式结构模型
PHYSICS,原子核式结构,原子的核式结构模型
PHYSICS,原子核式结构,电子的发现、α粒子散射实验与核式结构模型
PHYSICS,原子核式结构,电子的发现与α粒子散射实验
PHYSICS,原子核式结构,研究核式结构模型所用的规律
PHYSICS,原子核的组成-原子核是由质子和中子组成的-原子核的电荷数等于核内的质子数,原子核的组成、符号与同位素
PHYSICS,原子核的组成-原子核是由质子和中子组成的-原子核的电荷数等于核内的质子数,原子核的组成与同位素
PHYSICS,原子核的组成-原子核是由质子和中子组成的-原子核的电荷数等于核内的质子数,原子核的组成与核符号的含义
PHYSICS,原子核的组成-原子核是由质子和中子组成的-原子核的电荷数等于核内的质子数,等量同种与异种点电荷的电场比较
PHYSICS,原子核的组成-原子核是由质子和中子组成的-原子核的电荷数等于核内的质子数,等量异种与等量同种点电荷的电场分布
PHYSICS,原子核衰变,α 衰变与 β 衰变的规律
PHYSICS,原子核衰变,α衰变与β衰变的规律
PHYSICS,原子核衰变,β衰变中电子的来源
PHYSICS,原子核衰变,三种衰变的电荷数与质量数变化规律
PHYSICS,原子核衰变,原子核的衰变
PHYSICS,原子核衰变,原子核的衰变与γ射线的产生
PHYSICS,原子核衰变,原子核衰变与三种射线
PHYSICS,原子核衰变,原子核衰变的类型与三种射线
PHYSICS,原子核衰变,原子核衰变的类型与实质
PHYSICS,原子核衰变,衰变的微观实质
PHYSICS,原子核衰变的类型判断和次数计算,α 衰变、β 衰变及衰变次数计算
PHYSICS,原子核衰变的类型判断和次数计算,原子核衰变次数的计算
PHYSICS,原子核衰变的类型判断和次数计算,衰变次数的确定方法
PHYSICS,原子核衰变的类型判断和次数计算,衰变规律与衰变次数的计算
PHYSICS,原子结构与波粒二象性,多用电表的结构与原理
PHYSICS,原子结构与波粒二象性,夸克模型与强子结构
PHYSICS,原子结构与波粒二象性,经典电磁理论解释原子时的两大困难
PHYSICS,原子结构与波粒二象性,黑体与热辐射的理想化模型（空腔小孔近似）
PHYSICS,去返模型,去返模型：上滑与返回
PHYSICS,参考系,参考系与相对运动
PHYSICS,参考系,参考系与运动的相对性
PHYSICS,参考系,参考系及其选择
PHYSICS,参考系,参考系的定义与两性
PHYSICS,参考系,参考系的定义与选取
PHYSICS,参考系,参考系的定义与选取原则
PHYSICS,参考系,参考系的相对性与选取原则
PHYSICS,参考系,参考系的选取
PHYSICS,参考系,参考系的选取与两性
PHYSICS,参考系,参考系的选取与运动描述的相对性
PHYSICS,参考系,参考系的选取与运动的描述
PHYSICS,参考系,参考系选取的三条标准
PHYSICS,参考系,参考系选取的任意性与同一性
PHYSICS,双星与多星问题的分析关键,多星模型中合力提供向心力
PHYSICS,双星模型,双星与多星问题的分析要点
PHYSICS,双星模型,双星模型的定义与基本特点
PHYSICS,双星模型,双星模型的构建与主要特点
PHYSICS,双星模型,双星模型的物理量关系与口诀
PHYSICS,双星模型,双星模型的特点与周期质量关系
PHYSICS,双星模型,双星模型的特点与基本关系
PHYSICS,双星模型,双星模型的特点与规律
PHYSICS,双星模型,双星模型的轨道半径、质量与周期关系式
PHYSICS,双星模型,双星模型的运动与受力特征
PHYSICS,双星模型,双星的麻辣烫公式
PHYSICS,双星模型,双星系统模型
PHYSICS,双星模型,双星系统的三个特点
PHYSICS,双星模型,双星系统的动力学关系
PHYSICS,双星模型,双星系统的受力与运动关系
PHYSICS,双星模型,双星系统的模型与规律
PHYSICS,双星模型,双星系统的特点与常用关系式
PHYSICS,双星模型,双星系统的特点与规律
PHYSICS,双星模型,双星系统的规律
PHYSICS,双星模型,双星系统的运动特点与规律
PHYSICS,双星模型,双星问题的解题要点
PHYSICS,双缝干涉实验的创新方案,双缝干涉实验的两种创新方案
PHYSICS,反冲运动,反冲
PHYSICS,反冲运动,反冲现象及其动量关系
PHYSICS,反冲运动,反冲现象及其特点
PHYSICS,反冲运动,反冲运动及其动量守恒
PHYSICS,反冲运动,反冲运动的三点说明
PHYSICS,反冲运动,反冲运动的定义与特点
PHYSICS,反冲运动,反冲运动的定义与规律
PHYSICS,反冲运动,爆炸、反冲与火箭
PHYSICS,反冲运动,爆炸与反冲的动量特点
PHYSICS,反冲运动,爆炸与反冲的规律
PHYSICS,反射-波在传播过程中遇到介质界面会返回来继续传播的现象叫作波的反射,波的传播过程特点
PHYSICS,反射-波在传播过程中遇到介质界面会返回来继续传播的现象叫作波的反射,波的反射与折射的规律
PHYSICS,受力分析-图示如下,单摆的回复力与向心力分析
PHYSICS,受力分析-图示如下,受力分析的三重检验
PHYSICS,受力分析-图示如下,受力分析的口诀与规范步骤
PHYSICS,受力分析-图示如下,受力分析的基本步骤
PHYSICS,受力分析-图示如下,结点与杆模型的搭配分析
PHYSICS,受力分析多力漏力-受力分析方法,假设法与状态法判断力是否存在
PHYSICS,受力分析多力漏力-受力分析方法,受力分析的一般步骤
PHYSICS,受力分析多力漏力-受力分析方法,受力分析的一般步骤与整体隔离法的选择
PHYSICS,受力分析多力漏力-受力分析方法,受力分析的一般步骤与防止多力、丢力
PHYSICS,受力分析多力漏力-受力分析方法,受力分析的三个实用技巧
PHYSICS,受力分析多力漏力-受力分析方法,受力分析的原则与方法
PHYSICS,受力分析多力漏力-受力分析方法,受力分析的口诀
PHYSICS,受力分析多力漏力-受力分析方法,受力分析的定义与顺序
PHYSICS,受力分析多力漏力-受力分析方法,受力分析的对象与步骤
PHYSICS,受力分析多力漏力-受力分析方法,受力分析的常见错误与纠正
PHYSICS,受力分析多力漏力-受力分析方法,受力分析的方法与注意事项
PHYSICS,受力分析多力漏力-受力分析方法,受力分析的方法与注意点
PHYSICS,受力分析多力漏力-受力分析方法,受力分析的步骤与要点
PHYSICS,受力分析多力漏力-受力分析方法,受力分析的注意事项
PHYSICS,受力分析多力漏力-受力分析方法,受力分析的顺序与三重检验
PHYSICS,受力分析多力漏力-受力分析方法,受力分析的顺序步骤
PHYSICS,受激跃迁与电离,受激跃迁与电离的能量条件
PHYSICS,受激跃迁与电离,定态间跃迁的能级差条件
PHYSICS,受迫振动,受迫振动与共振的比较
PHYSICS,受迫振动,受迫振动中的能量转化
PHYSICS,受迫振动,受迫振动及其频率特征
PHYSICS,受迫振动,受迫振动的定义与稳定后的频率
PHYSICS,受迫振动,受迫振动的概念与特征
PHYSICS,受迫振动,受迫振动的概念与特点
PHYSICS,受迫振动,阻尼振动与受迫振动的特点
PHYSICS,变力做功的求解方法,F-x图线与x轴围成面积表示功
PHYSICS,变力做功的求解方法,变力做功的六种求解方法
PHYSICS,变力做功的求解方法,变力做功的平均值法及其适用条件
PHYSICS,变压器,两类特殊变压器：互感器与自耦变压器
PHYSICS,变压器,互感器与自耦变压器
PHYSICS,变压器,分析变压器问题的两点提醒
PHYSICS,变压器,变压器实验的创新考查角度
PHYSICS,变压器,变压器实验的数据处理、注意事项与误差分析
PHYSICS,变压器,变压器电压与匝数关系实验的原理与步骤
PHYSICS,变压器,变压器的构造与工作原理
PHYSICS,变压器,探究变压器电压与匝数关系实验的原理与操作
PHYSICS,变压器,自耦变压器的分析与计算
PHYSICS,变质量问题的处理思想-等效,充气与抽气问题的整体处理法
PHYSICS,变质量问题的处理思想-等效,充气问题的等效处理
PHYSICS,变质量问题的处理思想-等效,变质量气体问题的等效处理
PHYSICS,变质量问题的处理思想-等效,变质量气体问题的等效处理方法
PHYSICS,变质量问题的处理思想-等效,变质量问题之充气：整体作为研究对象
PHYSICS,变质量问题的处理思想-等效,变质量问题之抽气：等温膨胀视角
PHYSICS,变质量问题的处理思想-等效,变质量问题之混气：整体作为研究对象
PHYSICS,变质量问题的处理思想-等效,变质量问题之漏气：剩余气体与漏出气体整体研究
PHYSICS,变质量问题的处理思想-等效,变质量问题之转化法：先化为相同压强再整体求解
PHYSICS,变质量问题的处理思想-等效,变质量问题的化变为定处理
PHYSICS,变质量问题的处理思想-等效,变质量问题的等效处理：四类模型
PHYSICS,变质量问题的处理思想-等效,变质量问题的等效转化
PHYSICS,变质量问题的处理思想-等效,图像转换类问题的处理流程
PHYSICS,变质量问题的处理思想-等效,多物体平衡问题的处理技巧
PHYSICS,变质量问题的处理思想-等效,大招76：充放气问题
PHYSICS,变质量问题的处理思想-等效,抽气问题的等效处理
PHYSICS,变质量问题的处理思想-等效,气体变质量问题的三类等效处理
PHYSICS,变质量问题的处理思想-等效,气体变质量问题的处理方法
PHYSICS,变质量问题的处理思想-等效,气体变质量问题的等效处理
PHYSICS,变质量问题的处理思想-等效,流体与微粒类变质量问题（柱状模型）
PHYSICS,变质量问题的处理思想-等效,漏气问题的等效处理
PHYSICS,变质量问题的处理思想-等效,灌气问题的整体法处理
PHYSICS,变质量问题的处理思想-等效,等温分态公式
PHYSICS,变轨原理,卫星从地面发射到预定轨道的变轨过程
PHYSICS,变轨原理,卫星发射与变轨过程
PHYSICS,变轨原理,卫星发射变轨的原理与过程
PHYSICS,变轨原理,卫星变轨原理
PHYSICS,变轨原理,卫星变轨的两步加速与减速
PHYSICS,变轨原理,卫星变轨的原理与各物理量比较
PHYSICS,变轨原理,卫星变轨的离心与近心原理
PHYSICS,变轨原理,卫星变轨的速度与轨道半径关系
PHYSICS,变轨原理,卫星轨道渐变的原理
PHYSICS,变轨原理,径向喷气变轨中的速度分解与周期变化
PHYSICS,变轨过程分析,分析卫星变轨问题的几点注意
PHYSICS,变轨过程分析,卫星变轨中各物理量的完整比较（题型图解）
PHYSICS,变轨过程分析,卫星变轨中的四类物理量比较
PHYSICS,变轨过程分析,卫星变轨的两次加速过程
PHYSICS,变轨过程分析,卫星变轨的规律
PHYSICS,变轨过程分析,卫星变轨的速度、加速度与机械能关系
PHYSICS,变轨过程分析,卫星变轨过程与参量变化
PHYSICS,变轨过程分析,变轨前后各物理参量的比较
PHYSICS,变轨过程分析,变轨前后速度、加速度、周期与机械能的比较
PHYSICS,变轨过程分析,变轨过程中各物理量的比较
PHYSICS,变轨过程分析,变轨过程中的周期、机械能与引力势能比较
PHYSICS,口诀法比较平抛轨迹,口诀法速解平抛轨迹比较
PHYSICS,另类加速度,“另类加速度”的理解
PHYSICS,各点物理量参数的关系,变轨问题三类比较的方法
PHYSICS,各点物理量参数的关系,欧姆表内阻与读数的关系
PHYSICS,各点物理量参数的关系,红到紫各色光参数的递变规律
PHYSICS,合力与加速度速度的决定关系,合力、加速度与速度的决定关系
PHYSICS,合力做功的计算方法,P-t图线与t轴围成面积表示功
PHYSICS,合力做功的计算方法,功的大小的多种计算方法
PHYSICS,合力做功的计算方法,变力做功的三种常用求法
PHYSICS,合力做功的计算方法,变力做功的六种求法
PHYSICS,合力做功的计算方法,变力做功的计算方法
PHYSICS,合力做功的计算方法,合力做功的三种求法
PHYSICS,合力做功的计算方法,合力做功的三种计算方法
PHYSICS,合力做功的计算方法,合力做功的两种求法
PHYSICS,合力做功的计算方法,合力做功的两种计算方法
PHYSICS,合力做功的计算方法,合外力做功的三种求法
PHYSICS,合力做功的计算方法,总功的计算
PHYSICS,合力做功的计算方法,恒力做功与合力做功的计算方法
PHYSICS,合力做功的计算方法,恒力做功与总功的两种算法
PHYSICS,合力做功的计算方法,恒力做功的计算
PHYSICS,合力做功的计算方法,恒定功率下牵引力做功W=Pt
PHYSICS,合力做功的计算方法,等效转换法求变力做功
PHYSICS,合力做功的计算方法,重力做功
PHYSICS,合力范围,三个共点力合力的最大值与最小值
PHYSICS,合力范围,三个共点力的合力的最大值与最小值
PHYSICS,合力范围,三个共点力的合力范围
PHYSICS,合力范围,三力平衡中由矢量合成比较力的大小
PHYSICS,合力范围,两个与三个共点力合力的极值
PHYSICS,合力范围,两个与三个共点力的合力范围
PHYSICS,合力范围,两个共点力合力的范围
PHYSICS,合力范围,两个共点力的合力范围
PHYSICS,合力范围,两力与三力合力的取值范围
PHYSICS,合力范围,共点力合力的取值范围
PHYSICS,合力范围,共点力合力的大小范围
PHYSICS,合力范围,共点力合力的范围
PHYSICS,合力范围,合力与分力的大小关系
PHYSICS,合力范围,合力大小随夹角的变化与两力合力范围
PHYSICS,合力范围,合力的最大值与最小值
PHYSICS,合力范围,同一直线上二力的合成与合力范围
PHYSICS,合力范围,多个共点力的合力范围
PHYSICS,合外力做功与动能的关系,动能与动量的关联
PHYSICS,合外力做功与动能的关系,动量与动能的关系
PHYSICS,合外力做功与动能的关系,动量与动能的对比
PHYSICS,合外力做功与动能的关系,只有静电力做功时电势能与动能之和不变
PHYSICS,合外力做功与动能的关系,最大初动能与遏止电压的关系
PHYSICS,合外力做功与动能的关系,电场中只受电场力时的能量守恒
PHYSICS,合成与分解法则-平行四边形法则,三力平衡的三种解法与相似三角形法
PHYSICS,合成与分解法则-平行四边形法则,三角形定则、多边形定则与几种特殊情况
PHYSICS,合成与分解法则-平行四边形法则,三角形定则与多边形定则
PHYSICS,合成与分解法则-平行四边形法则,共点力的合成与合力范围
PHYSICS,合成与分解法则-平行四边形法则,分力夹角与合力大小的关系
PHYSICS,合成与分解法则-平行四边形法则,力的合成法则：平行四边形定则与三角形定则
PHYSICS,合成与分解法则-平行四边形法则,匀强电场推论：平行且等长线段两端电势差相等
PHYSICS,合成与分解法则-平行四边形法则,合成法化繁为简解多力平衡
PHYSICS,合成与分解法则-平行四边形法则,实验：弹簧弹力与力的平行四边形定则·计算注意事项
PHYSICS,合成与分解法则-平行四边形法则,平行四边形定则与三角形定则
PHYSICS,合成与分解法则-平行四边形法则,平行四边形定则与三角形定则及推论
PHYSICS,合成与分解法则-平行四边形法则,探究两个互成角度力的合成规律实验
PHYSICS,合成与分解法则-平行四边形法则,探究力的合成实验原理
PHYSICS,合成与分解法则-平行四边形法则,探究求合力的方法（验证平行四边形定则）实验
PHYSICS,合成与分解法则-平行四边形法则,正交分解法求合力与平衡方程
PHYSICS,合成与分解法则-平行四边形法则,矢量相加的平行四边形与三角形定则
PHYSICS,合成与分解法则-平行四边形法则,磁场的叠加与合成
PHYSICS,合成与分解法则-平行四边形法则,运动的合成与分解的概念与法则
PHYSICS,合成与分解法则-平行四边形法则,运动的合成与分解遵循的法则
PHYSICS,合成与分解法则-平行四边形法则,验证力的平行四边形定则
PHYSICS,合运动与分运动的关系,合运动与分运动的三个关系
PHYSICS,同位素,同位素与放射性同位素的应用
PHYSICS,同条件同加速度轻绳连接体动力学的计算问题,串接式连接体中弹力的分配规律
PHYSICS,同条件同加速度轻绳连接体动力学的计算问题,共速连接体的内力分配
PHYSICS,同条件同加速度轻绳连接体动力学的计算问题,弹簧连接体压缩阶段一起下滑不分离
PHYSICS,同条件同加速度轻绳连接体动力学的计算问题,杆连接体两物体加速度相同
PHYSICS,同条件同加速度轻绳连接体动力学的计算问题,绳连接体加速度等大反向可整体列式
PHYSICS,同步卫星,人造卫星的分类与同步卫星特征
PHYSICS,同步卫星,人造卫星的轨道分类与同步、近地卫星
PHYSICS,同步卫星,卫星
PHYSICS,同步卫星,同步卫星、近地卫星与赤道物体的比较
PHYSICS,同步卫星,近地卫星、同步卫星与赤道物体的比较
PHYSICS,同速率轻绳连接体动力学的计算问题,关联速度连接体的速度关系
PHYSICS,同速率轻绳连接体动力学的计算问题,轻绳连接体的动力学计算
PHYSICS,向心力,匀速圆周运动向心力的大小与方向
PHYSICS,向心力,匀速圆周运动的向心力
PHYSICS,向心力,变速圆周运动的向心力来源
PHYSICS,向心力,向心力与质量半径角速度的关系
PHYSICS,向心力,向心力及其来源
PHYSICS,向心力,向心力实验的创新方案
PHYSICS,向心力,向心力实验的数据处理与误差分析
PHYSICS,向心力,向心力实验的目的与器材创新
PHYSICS,向心力,向心力是效果力不能额外添加
PHYSICS,向心力,向心力是效果力及其表达式
PHYSICS,向心力,向心力演示仪实验的操作要点
PHYSICS,向心力,向心力的作用效果、方向与来源
PHYSICS,向心力,向心力的大小、方向与作用效果
PHYSICS,向心力,向心力的大小与来源
PHYSICS,向心力,向心力的定义、来源与变速圆周运动中的分解
PHYSICS,向心力,向心力的来源与求解步骤
PHYSICS,向心力,向心力的特点、大小与来源
PHYSICS,向心力,向心力的表达式与特点
PHYSICS,向心力,应用向心力公式解题的四个环节
PHYSICS,向心力,探究向心力关系实验的创新方向
PHYSICS,向心力,探究向心力大小影响因素的实验设计
PHYSICS,向心力,汽车转弯由静摩擦提供向心力
PHYSICS,向心力,车辆转弯（水平与倾斜路面）
PHYSICS,向心力演示器实验原理与操作,向心力演示器的原理与实验思路
PHYSICS,向心加速度,向心加速度的方向、意义与表达式
PHYSICS,向心加速度,用三角形相似推导向心加速度的大小
PHYSICS,向心加速度,用牛顿第二定律推导向心加速度
PHYSICS,向心加速度,用矢量三角形推导向心加速度的方向
PHYSICS,含容电路的动态分析,含电容器电路的动态分析步骤
PHYSICS,含容电路的稳态分析,含容电路的简化与电荷量变化计算
PHYSICS,含弹簧变力做功问题的解题思路,涉及含弹簧的变力做功问题的解题思路
PHYSICS,含电容器电路的分析,含电容器电路的简化与稳定状态分析
PHYSICS,周期和频率,交变电流的周期和频率
PHYSICS,周期性,波在空间与时间上的周期性
PHYSICS,周期性,波的周期性与步调关系
PHYSICS,周期性,波的周期性带来的步调关系
PHYSICS,四星模型,四星模型的两种构型
PHYSICS,四星模型,四星模型的两类构成与向心力分析
PHYSICS,四种基本相互作用-引力相互作用-电磁相互作用-强相互作用和弱相互作用,四种基本相互作用的作用范围与力的相互性
PHYSICS,回复力,单摆的回复力与周期公式
PHYSICS,回复力,回复力与平衡位置
PHYSICS,回复力,竖直悬挂的弹簧振子也做简谐运动
PHYSICS,回复力,简谐运动的两种判断方法
PHYSICS,回复力,简谐运动的回复力与加速度
PHYSICS,回复力,简谐运动的回复力及其来源
PHYSICS,回旋加速器,回旋加速器中加速次数与时间的计算
PHYSICS,回旋加速器,回旋加速器中磁场内与电场内运动时间的计算
PHYSICS,回旋加速器,回旋加速器中粒子的半径规律与最大动能
PHYSICS,回旋加速器,回旋加速器对交变电场的要求
PHYSICS,回旋加速器,回旋加速器的工作原理与最大动能
PHYSICS,回旋加速器,回旋加速器的构造与原理
PHYSICS,回旋加速器与同步加速器的工作原理,同步加速器中电场加速与磁场偏转的分工
PHYSICS,回旋加速器模型,回旋加速器模型的结构与规律
PHYSICS,固有振动和固有频率,固有振动、固有频率与自由振动的界定
PHYSICS,固有振动和固有频率,固有振动、自由振动与固有频率的定义及频率来源
PHYSICS,图像法在处理实验数据方面的应用,F-x图像的斜率与劲度系数
PHYSICS,图像法在处理实验数据方面的应用,U-I图线的作图与内阻计算技巧
PHYSICS,图像法在处理实验数据方面的应用,一次函数图像的斜率截距分析法
PHYSICS,图像法在处理实验数据方面的应用,作图处理实验数据的规则
PHYSICS,图像法在处理实验数据方面的应用,单摆实验的两种数据处理
PHYSICS,图像法在处理实验数据方面的应用,单摆测 g 的图像法处理
PHYSICS,图像法在处理实验数据方面的应用,单摆测g实验的数据处理
PHYSICS,图像法在处理实验数据方面的应用,图像法处理实验数据
PHYSICS,图像法在处理实验数据方面的应用,实验图线的描点与连线规范
PHYSICS,图像法在处理实验数据方面的应用,实验数据图像处理的规范
PHYSICS,图像法在处理实验数据方面的应用,实验数据处理的图像法创新
PHYSICS,图像法在处理实验数据方面的应用,实验数据处理的基本方法
PHYSICS,图像法在处理实验数据方面的应用,实验数据处理的规范要求
PHYSICS,图像法在处理实验数据方面的应用,平抛实验数据处理的图像法与闪光照片法
PHYSICS,图像法在处理实验数据方面的应用,弹簧实验的作图处理规则
PHYSICS,图像法在处理实验数据方面的应用,弹簧实验的数据处理与图像
PHYSICS,图像法在处理实验数据方面的应用,弹簧弹力实验的数据处理
PHYSICS,图像法在处理实验数据方面的应用,折射率实验的三种数据处理方法
PHYSICS,图像法在处理实验数据方面的应用,探究加速度实验的数据处理
PHYSICS,图像法在处理实验数据方面的应用,探究弹簧弹力实验的数据处理
PHYSICS,图像法在处理实验数据方面的应用,摩擦实验的图像数据处理
PHYSICS,图像法在处理实验数据方面的应用,测E和r的U-I图像数据分析
PHYSICS,图像法在处理实验数据方面的应用,测电动势内阻的 U-I 图像处理
PHYSICS,图像法在处理实验数据方面的应用,用 T²-L 图线求重力加速度与重心高度
PHYSICS,图像法在处理实验数据方面的应用,用 v-t 图像求加速度
PHYSICS,图像法在处理实验数据方面的应用,用 y-x² 图像求平抛初速度
PHYSICS,图像法在处理实验数据方面的应用,用U-I图像求电源的电动势和内阻
PHYSICS,图像法在处理实验数据方面的应用,用a-1/m图像判断加速度与质量成反比
PHYSICS,图像法在处理实验数据方面的应用,用图像探究加速度与力、质量的关系
PHYSICS,图像法在处理实验数据方面的应用,用图像法实现化曲为直与正比检验
PHYSICS,图像法在处理实验数据方面的应用,用图像法求加速度的两条改进思路
PHYSICS,图像法在处理实验数据方面的应用,由a-F_N图像分析超重失重与质量关系
PHYSICS,图像法解题,选择题解题技巧的图像法
PHYSICS,图像问题的读图思路与图像转换,交变电流图像问题的一看二变三判断
PHYSICS,图像问题的读图思路与图像转换,图像问题的一般思路与图像转换
PHYSICS,图象,常见图象中面积与斜率的物理含义
PHYSICS,图象,物理图像题的解题步骤
PHYSICS,图象,简谐运动的位移—时间图像
PHYSICS,图象,简谐运动的图象
PHYSICS,图象法,v-t图像分析追及相遇的注意事项
PHYSICS,图象法,图像法的作用与适用情形
PHYSICS,图象法,图像法解决追及问题的一般思路
PHYSICS,图象法,图像法适用的三类问题
PHYSICS,图象法,图像法速求另一次相遇时刻
PHYSICS,图象法,图像类问题的函数思想与排除法
PHYSICS,图象法,图像转换类问题的一般流程
PHYSICS,图象法,根据运动图像判断运动情况的思路
PHYSICS,图象法,用v-t图像的面积比较电场中加速的时间
PHYSICS,图象法,用图像求加速度与急动度
PHYSICS,图象法,识图用图五要素：点线面斜截
PHYSICS,图象法,运动学图像的三步审图法
PHYSICS,图象法,追及相遇的图象法
PHYSICS,图象的应用,动能定理与图像结合问题的处理
PHYSICS,图象的应用,图像面积的意义与动能定理
PHYSICS,图象的应用,图象在受力与运动分析中的应用
PHYSICS,图象的应用,运动图像中五要素的物理意义
PHYSICS,圆周运动,圆周运动与匀速圆周运动的特点
PHYSICS,圆周运动,圆周运动基础概念与规律
PHYSICS,圆周运动,圆周运动的定义与运动性质
PHYSICS,圆周运动与平抛运动的综合问题,圆周运动与平抛运动综合的解题关键
PHYSICS,圆周运动与平抛运动的综合问题,圆周运动与平抛运动综合问题的两类情形
PHYSICS,圆周运动中的脱轨问题,不脱轨条件与最低最高点压力差
PHYSICS,圆周运动中的脱轨问题,拱桥与凹形路面模型的临界速度
PHYSICS,圆周运动临界问题的解题思路,圆周运动临界问题的解题程序
PHYSICS,圆周运动临界问题的解题技巧,圆周运动临界问题的两条解题技巧
PHYSICS,圆周运动各物理量间的关系,传动装置中各物理量的关系
PHYSICS,圆周运动各物理量间的关系,匀速圆周运动各物理量间的关系网络
PHYSICS,圆周运动各物理量间的关系,匀速圆周运动的关系式
PHYSICS,圆周运动各物理量间的关系,圆周运动公式与向心加速度的比例关系
PHYSICS,圆周运动各物理量间的关系,圆周运动公式的比例关系理解
PHYSICS,圆周运动各物理量间的关系,圆周运动各物理量的关系
PHYSICS,圆周运动各物理量间的关系,圆周运动各物理量的正反比关系
PHYSICS,圆周运动各物理量间的关系,圆周运动物理量及 v、ω、r 关系
PHYSICS,圆周运动各物理量间的关系,圆周运动的公式、离心运动与传动问题
PHYSICS,圆周运动各物理量间的关系,圆周运动的描述量与关系
PHYSICS,圆周运动各物理量间的关系,圆周运动的物理量与传动模型
PHYSICS,圆周运动各物理量间的关系,圆心确定与偏转角、弦切角的关系
PHYSICS,圆周运动各物理量间的关系,弦长与半径、弦切角的关系
PHYSICS,圆周运动各物理量间的关系,描述匀速圆周运动的物理量
PHYSICS,圆周运动各物理量间的关系,描述圆周运动的物理量及关系
PHYSICS,圆周运动各物理量间的关系,描述圆周运动的物理量及其关系
PHYSICS,圆周运动各物理量间的关系,描述圆周运动的物理量及其关系式
PHYSICS,圆周运动各物理量间的关系,线速度与角速度关系的推导
PHYSICS,圆周运动各物理量间的关系,频率、周期和转速
PHYSICS,圆周运动常见的临界状态,三类竖直圆模型对比
PHYSICS,圆周运动常见的临界状态,与弹力有关的圆周运动临界
PHYSICS,圆周运动常见的临界状态,圆周运动·计算注意事项
PHYSICS,圆周运动常见的临界状态,圆周运动中弹力类临界条件
PHYSICS,圆周运动常见的临界状态,圆周运动临界状态的识别
PHYSICS,圆周运动常见的临界状态,圆周运动临界问题的一般方法
PHYSICS,圆周运动常见的临界状态,圆周运动临界问题的识别
PHYSICS,圆周运动常见的临界状态,斜面上圆周运动的临界位置
PHYSICS,圆周运动常见的临界状态,水平转盘临界问题的分析要点
PHYSICS,圆周运动常见的临界状态,水平面内圆周运动的临界与极值
PHYSICS,圆周运动常见的临界状态,水平面内圆周运动的临界条件
PHYSICS,圆周运动常见的临界状态,水平面内圆周运动的临界极值问题
PHYSICS,圆周运动常见的临界状态,磁场多解情形三：临界状态不唯一
PHYSICS,圆周运动的周期性与多解问题,圆周运动多解问题的成因与处理方法
PHYSICS,圆周运动的基础概念和规律,匀速圆周运动与变速圆周运动
PHYSICS,圆周运动的基础概念和规律,匀速圆周运动的典型实例分析
PHYSICS,圆周运动的基础概念和规律,匀速圆周运动的匀速含义
PHYSICS,圆周运动的基础概念和规律,匀速圆周运动的定义、特点与条件
PHYSICS,圆周运动的基础概念和规律,匀速圆周运动的定义与性质
PHYSICS,圆周运动的基础概念和规律,匀速圆周运动的定义与条件
PHYSICS,圆周运动的基础概念和规律,匀速圆周运动的定义与特点
PHYSICS,圆周运动的基础概念和规律,匀速圆周运动的描述与运动性质
PHYSICS,圆周运动的基础概念和规律,匀速圆周运动的特点与条件
PHYSICS,圆周运动的基础概念和规律,变速圆周运动的切向与法向分解
PHYSICS,圆周运动的基础概念和规律,变速圆周运动的受力分解
PHYSICS,圆周运动的基础概念和规律,同杆两球圆周运动的整体法
PHYSICS,圆周运动的基础概念和规律,圆周运动·易混概念辨析（一）
PHYSICS,圆周运动的基础概念和规律,圆周运动·易混概念辨析（二）
PHYSICS,圆周运动的基础概念和规律,圆周运动中动力学问题的分析思路
PHYSICS,圆周运动的基础概念和规律,圆周运动中合力与向心力的特点
PHYSICS,圆周运动的基础概念和规律,圆周运动的分类
PHYSICS,圆周运动的基础概念和规律,圆周运动的动力学问题
PHYSICS,圆周运动的基础概念和规律,描述圆周运动的物理量与向心力
PHYSICS,圆周运动的基础概念和规律,竖直面内变速圆周运动的分析
PHYSICS,圆周运动的基础概念和规律,转速与频率的关系
PHYSICS,圆周运动的经典模型和应用,圆周运动一周摩擦力做的功
PHYSICS,圆周运动的经典模型和应用,圆周运动的两大模型分类
PHYSICS,圆周运动的经典模型和应用,圆形管道（双轨）内圆周运动的临界分析
PHYSICS,圆周运动的经典模型和应用,圆锥摆模型的受力与方程
PHYSICS,圆周运动的经典模型和应用,圆锥筒（碗壁）内的匀速圆周运动
PHYSICS,圆周运动的经典模型和应用,斜面上圆周运动的临界极值问题
PHYSICS,圆周运动的经典模型和应用,斜面上圆周运动的题型与解题关键
PHYSICS,圆周运动的经典模型和应用,汽车过拱桥与凹形桥
PHYSICS,圆周运动的经典模型和应用,火车转弯与内外轨挤压判据
PHYSICS,圆周运动的经典模型和应用,火车转弯与汽车过拱桥
PHYSICS,圆周运动的经典模型和应用,火车转弯的向心力来源与规定速度
PHYSICS,圆周运动的经典模型和应用,火车转弯的运动特点
PHYSICS,圆周运动的经典模型和应用,生活中的圆周运动模型
PHYSICS,圆周运动的经典模型和应用,竖直圆筒内壁小球的受力与方程
PHYSICS,圆周运动的经典模型和应用,竖直面内与倾斜面内圆周运动的临界条件
PHYSICS,圆周运动的经典模型和应用,竖直面内圆周运动的两类模型
PHYSICS,圆周运动的经典模型和应用,飞机在水平面内盘旋的受力分析
PHYSICS,圆形边界磁场运动的径向进出与等角进出,圆形边界磁场的径向进出
PHYSICS,圆形边界磁场运动的径向进出与等角进出,圆形边界磁场的等角进出
PHYSICS,圆锥摆模型规律总结,圆锥摆与锥形容器模型
PHYSICS,圆锥摆模型规律总结,圆锥摆摆线的拉力
PHYSICS,圆锥摆模型规律总结,圆锥摆模型
PHYSICS,圆锥摆模型规律总结,圆锥摆模型与摆高决定周期
PHYSICS,圆锥摆模型规律总结,圆锥摆模型的建立
PHYSICS,圆锥摆模型规律总结,圆锥摆模型的规律
PHYSICS,圆锥摆模型规律总结,圆锥摆的受力特点与规律
PHYSICS,圆锥摆模型规律总结,圆锥摆的向心力与向心加速度
PHYSICS,圆锥摆模型规律总结,圆锥摆的向心力与角速度规律
PHYSICS,圆锥摆模型规律总结,圆锥摆的周期与高度的关系
PHYSICS,圆锥摆模型规律总结,等高摆的比较从角速度入手
PHYSICS,圆锥摆的两种变形,光滑圆锥面上小球的圆周运动
PHYSICS,圆锥摆的两种变形,圆锥摆的动态分析
PHYSICS,圆锥摆的两种变形,圆锥摆的周期与摆高的关系
PHYSICS,在1t末-2t末-3t末-4t末-n-t末的速度比为-1-2-3-n,v启动中木板是否被带动的判断
PHYSICS,在1t末-2t末-3t末-4t末-n-t末的速度比为-1-2-3-n,倾斜板块相对滑动时的两个加速度
PHYSICS,在1t末-2t末-3t末-4t末-n-t末的速度比为-1-2-3-n,内侧脱轨（自最低点进入）的临界初速度
PHYSICS,在1t末-2t末-3t末-4t末-n-t末的速度比为-1-2-3-n,初速度为零匀加速运动的四个比例式
PHYSICS,在1t末-2t末-3t末-4t末-n-t末的速度比为-1-2-3-n,初速度为零匀变速按位移等分的速度比
PHYSICS,在1t末-2t末-3t末-4t末-n-t末的速度比为-1-2-3-n,初速度为零匀变速按时间等分的速度比
PHYSICS,在1t末-2t末-3t末-4t末-n-t末的速度比为-1-2-3-n,初速度为零匀变速运动的比例规律
PHYSICS,在1t末-2t末-3t末-4t末-n-t末的速度比为-1-2-3-n,初速度为零的匀加速比例式
PHYSICS,在1t末-2t末-3t末-4t末-n-t末的速度比为-1-2-3-n,初速度为零的匀加速运动的四个比例式
PHYSICS,在1t末-2t末-3t末-4t末-n-t末的速度比为-1-2-3-n,初速度为零的匀变速直线运动的两个比例式
PHYSICS,在1t末-2t末-3t末-4t末-n-t末的速度比为-1-2-3-n,初速度为零的匀变速运动比例式
PHYSICS,在1t末-2t末-3t末-4t末-n-t末的速度比为-1-2-3-n,功率随时间线性变化时的做功W=P̄t
PHYSICS,在1t末-2t末-3t末-4t末-n-t末的速度比为-1-2-3-n,双外力连接体内力的交叉分配
PHYSICS,在1t末-2t末-3t末-4t末-n-t末的速度比为-1-2-3-n,变轨过程四个速度的大小关系
PHYSICS,在1t末-2t末-3t末-4t末-n-t末的速度比为-1-2-3-n,块有初速度的板块共速后运动
PHYSICS,在1t末-2t末-3t末-4t末-n-t末的速度比为-1-2-3-n,块有外力的两个临界力
PHYSICS,在1t末-2t末-3t末-4t末-n-t末的速度比为-1-2-3-n,外侧脱轨（自最高点进入）的临界初速度
PHYSICS,在1t末-2t末-3t末-4t末-n-t末的速度比为-1-2-3-n,平抛垂直打到斜面上的速度关系
PHYSICS,在1t末-2t末-3t末-4t末-n-t末的速度比为-1-2-3-n,板有初速度的板块共速后运动（比较μ₁与μ₂）
PHYSICS,在1t末-2t末-3t末-4t末-n-t末的速度比为-1-2-3-n,板有初速度的板块运动（共速前）
PHYSICS,在1t末-2t末-3t末-4t末-n-t末的速度比为-1-2-3-n,板有外力的两个临界力
PHYSICS,在1t末-2t末-3t末-4t末-n-t末的速度比为-1-2-3-n,跃迁产生谱线条数的计算
PHYSICS,地球同步卫星,人造卫星的分类与同步卫星特点
PHYSICS,地球同步卫星,人造卫星的类型与同步卫星特点
PHYSICS,地球同步卫星,卫星轨道与卫星种类
PHYSICS,地球同步卫星,地球同步卫星的“四个一定”
PHYSICS,地球同步卫星,地球同步卫星的“四定”
PHYSICS,地球同步卫星,地球同步卫星的特点
PHYSICS,地球同步卫星,地球同步卫星的特点与六个“一定”
PHYSICS,地球同步卫星,地球静止卫星的“七个一定”
PHYSICS,地球同步卫星,地球静止轨道卫星的六个“一定”
PHYSICS,地球自转与赤道上的完全失重,自转影响与赤道完全失重条件
PHYSICS,地球重力场监测,卫星重力测量与重力场监测
PHYSICS,坐标系,坐标系及其与参考系的区别
PHYSICS,坐标系,小船渡河问题坐标系的选取
PHYSICS,坐标系,正交分解法及其适用情境
PHYSICS,基本不等式法,基本不等式法求极值
PHYSICS,填补法,填补法处理带电体缺口
PHYSICS,填补法,填补法求挖空球体对质点的引力
PHYSICS,复合场中的上抛模型,复合场中上抛模型的时间与位移关系
PHYSICS,复合场中的上抛模型,复合场中上抛的功能关系与重画路径法
PHYSICS,外部作用导致-n-突变,摩擦力突变的临界分析
PHYSICS,多体平抛与相遇临界问题,多体平抛问题与平抛中的相遇、临界问题
PHYSICS,多体平抛运动的间距规律,三类多体平抛运动的间距比较
PHYSICS,多星模型,多星模型的一般分析方法
PHYSICS,多星模型,多星模型的共同规律与常见构成
PHYSICS,多星模型,多星模型的特点与处理思路
PHYSICS,多星问题,多星问题的处理方法
PHYSICS,多普勒效应,多普勒效应及其成因
PHYSICS,多普勒效应,多普勒效应的定义与接收频率的变化规律
PHYSICS,多普勒效应,相对运动对接收频率的影响
PHYSICS,多普勒效应的成因分析,多普勒效应中接收频率的成因分析
PHYSICS,多普勒效应的成因分析,多普勒效应的成因
PHYSICS,多普勒效应的成因分析,多普勒效应的成因与判断
PHYSICS,多普勒效应的成因分析,多普勒效应的成因与判断方法
PHYSICS,多普勒效应的成因分析,多普勒效应的理解
PHYSICS,多普勒效应的成因分析,弹簧 F-x 图线不过原点的原因分析
PHYSICS,多普勒效应的成因分析,接收频率的物理含义
PHYSICS,多物体-多过程问题中动量守恒定律的应用,动量守恒定律及其应用·易混概念辨析
PHYSICS,多物体-多过程问题中动量守恒定律的应用,动量守恒定律及其应用·计算注意事项
PHYSICS,多物体-多过程问题中动量守恒定律的应用,多次碰撞问题的归纳推理法
PHYSICS,多物体-多过程问题中动量守恒定律的应用,多物体与多过程动量守恒问题的处理思路
PHYSICS,多物体-多过程问题中动量守恒定律的应用,多物体多过程问题的分析思路
PHYSICS,多物体-多过程问题中动量守恒定律的应用,多过程综合题的模型建构与分阶段选规律
PHYSICS,多物体-多过程问题中动量守恒定律的应用,物体系统有相互作用时用两个守恒定律
PHYSICS,多物体-多过程问题中动量守恒定律的应用,电磁感应中动量定理与动量守恒的应用
PHYSICS,多物体-多过程问题中动量守恒定律的应用,碰撞、爆炸、打击、绳绷紧现象一般用动量守恒定律
PHYSICS,多物体-多过程问题中动量守恒定律的应用,绳绷紧瞬间的动量守恒与重复过程的总路程
PHYSICS,多物体系统机械能守恒的情景,多物体系统机械能守恒的三种情景
PHYSICS,多物体系统的机械能守恒,多个物体机械能守恒问题的解题步骤
PHYSICS,多物体系统的机械能守恒,多物体系统的机械能守恒处理要点
PHYSICS,多用电表欧姆挡的使用与二极管检测,欧姆挡操作要点与二极管检测
PHYSICS,多用电表欧姆挡的原理与使用,多用电表欧姆挡测电阻
PHYSICS,多用电表欧姆挡的原理与使用,欧姆挡的调零选挡与读数
PHYSICS,多用电表欧姆挡的原理与使用,电阻表的中值电阻与表盘刻度标定
PHYSICS,多用电表欧姆挡的原理与使用,电阻表的原理与刻度特点
PHYSICS,多用电表测电阻,多用电表测电阻的步骤与注意
PHYSICS,多用电表测电阻,用多用电表欧姆挡测电阻
PHYSICS,多用电表的使用与欧姆表原理,多用电表测电阻的步骤与注意事项
PHYSICS,多用电表的使用与欧姆表原理,认识多用电表与欧姆表原理
PHYSICS,多用电表的使用与读数,多用电表的操作与读数
PHYSICS,多用电表的使用方法,多用电表的两个零点与测电阻注意点
PHYSICS,多用电表的使用方法,多用电表的操作流程与步骤顺序
PHYSICS,多用电表的使用方法,多用电表的构造与欧姆挡测电阻
PHYSICS,多用电表的使用方法,用多用电表测电压、电流与电阻
PHYSICS,多用电表的使用方法,用多用电表的电压挡判断电路故障
PHYSICS,多用电表的使用方法与注意事项,欧姆表的使用规则
PHYSICS,多用电表的结构与刻度盘,多用电表的结构、旋钮与插孔
PHYSICS,多用电表的读数规则与使用注意事项,多用电表的读数规则与使用注意
PHYSICS,天上-星球上空距离星体中心r-r-h处的重力加速度为g,估算中心天体质量的两类已知条件（知己知彼）
PHYSICS,天上-星球上空距离星体中心r-r-h处的重力加速度为g,同一点不同轨道上加速度相同
PHYSICS,天上-星球上空距离星体中心r-r-h处的重力加速度为g,星体表面、上空及内部的重力加速度
PHYSICS,天上-星球上空距离星体中心r-r-h处的重力加速度为g,星球上空的重力加速度
PHYSICS,天上-星球上空距离星体中心r-r-h处的重力加速度为g,星球表面与高处的重力加速度
PHYSICS,天上-星球上空距离星体中心r-r-h处的重力加速度为g,距地面高 h 处的重力加速度
PHYSICS,天上-星球上空距离星体中心r-r-h处的重力加速度为g,追上型（后快前慢）的结论
PHYSICS,天体不瓦解的最小密度,天体自转不瓦解的最小密度
PHYSICS,天体密度的估算,天体密度的两种估算方法
PHYSICS,天体密度的估算,天体密度的估算与近地卫星特例
PHYSICS,天体密度的估算,近表卫星时天体密度的简化式
PHYSICS,天体质量计算,估算天体质量与密度的三个易错点
PHYSICS,天体质量计算,估算天体质量与密度的注意点
PHYSICS,天体质量计算,天体质量与密度的两种估算方法
PHYSICS,天体质量计算,天体质量与密度的两种估算路径
PHYSICS,天体质量计算,天体质量与密度的估算方法
PHYSICS,天体质量计算,天体质量及密度的计算
PHYSICS,天体质量计算,天体质量和密度的计算
PHYSICS,天体质量计算,天体质量和密度的计算方法
PHYSICS,天体质量计算,天体质量的两种估算方法
PHYSICS,天体质量计算,天体质量的常用计算方法
PHYSICS,天体质量计算,弹簧串接的伸长量计算
PHYSICS,天体质量计算,用表面卫星的周期估测天体密度
PHYSICS,天体质量计算,用角直径与周期比较中心天体的平均密度
PHYSICS,天体质量计算,由万有引力提供向心力求中心天体质量与密度
PHYSICS,天体质量计算,由卫星周期与轨道半径之比求中心天体质量之比
PHYSICS,天体质量计算,由表面重力加速度估算天体质量与密度
PHYSICS,天体质量计算,由表面重力加速度求天体质量与密度
PHYSICS,天体质量计算,重力加速度法测天体质量
PHYSICS,天体质量计算,黄金代换与天体质量的计算
PHYSICS,天体质量计算,黄金代换求天体质量（GM=gR²）
PHYSICS,天然放射现象,三种射线的特性对比
PHYSICS,天然放射现象,天然放射现象与三种射线
PHYSICS,天然放射现象,天然放射现象与原子核的组成
PHYSICS,天然放射现象,天然放射现象与衰变
PHYSICS,天然放射现象,天然放射现象的三种射线
PHYSICS,天然放射现象,天然放射现象的发现与含义
PHYSICS,失重,人造卫星中的超重与失重
PHYSICS,失重,失重与完全失重
PHYSICS,失重,失重与完全失重的判断
PHYSICS,失重,失重现象的动力学分析
PHYSICS,失重,完全失重
PHYSICS,失重,竖直圆周运动中系统的超重与失重
PHYSICS,如果要列出各物理量在某一时刻的关系式-可用牛顿第二定律,探究加速度与力、质量关系实验要点
PHYSICS,如果要列出各物理量在某一时刻的关系式-可用牛顿第二定律,用三大观点解决动力学问题的规律选用原则
PHYSICS,子弹打木块模型,“子弹打木块”模型
PHYSICS,子弹打木块模型,“子弹打木块”类碰撞模型
PHYSICS,子弹打木块模型,先打后摆要分开分析
PHYSICS,子弹打木块模型,子弹—物块模型的守恒本质
PHYSICS,子弹打木块模型,子弹打木块与板块模型的两类情境
PHYSICS,子弹打木块模型,子弹打木块模型的两种情景
PHYSICS,子弹打木块模型,子弹打木块模型的动量与能量关系
PHYSICS,子弹打木块模型,子弹打木块模型的双守恒
PHYSICS,子弹打木块模型,子弹打木块模型的特点
PHYSICS,子弹打木块模型,子弹打木块模型的特点与两种情境
PHYSICS,子弹打木块模型,子弹打木块模型的特点与两种情景
PHYSICS,子弹打木块模型,子弹打木块的两种情境
PHYSICS,子弹打木块模型,子弹打木块的两种情景
PHYSICS,子弹打木块模型,子弹打木块的内能深度与时间
PHYSICS,子弹打木块模型,子弹留物块中（最终共速）的公式组
PHYSICS,子弹打木块模型,子弹穿透木块情形
PHYSICS,宇宙速度,三个宇宙速度
PHYSICS,宇宙速度,三个宇宙速度与发射速度的关系
PHYSICS,宇宙速度,三个宇宙速度与第一宇宙速度的推导
PHYSICS,宇宙速度,三个宇宙速度及其意义
PHYSICS,宇宙速度,三大宇宙速度
PHYSICS,宇宙速度,三种宇宙速度与第一宇宙速度的推导
PHYSICS,宇宙速度,用机械能守恒求摆脱引力束缚的最小速度
PHYSICS,宇宙速度,第一宇宙速度与卫星发射
PHYSICS,宇宙速度,第一宇宙速度与逃逸速度的比较
PHYSICS,宇宙速度,第一宇宙速度的两种推导
PHYSICS,宇宙速度,第一宇宙速度的推导
PHYSICS,宇宙速度,第一宇宙速度的推导与最短周期
PHYSICS,宇宙速度,第一宇宙速度的推导与特征
PHYSICS,宇宙速度,黄金代换式与三个宇宙速度
PHYSICS,守恒条件,机械能守恒条件的三点辨析
PHYSICS,安培力,安培力与洛伦兹力的比较
PHYSICS,安培力,安培力做功与动能定理的综合
PHYSICS,安培力,安培力的分析与计算
PHYSICS,安培力,安培力的大小、方向与有效长度
PHYSICS,安培力,安培力的大小与有效长度
PHYSICS,安培力,安培力的大小计算
PHYSICS,安培力,安培力的方向与大小
PHYSICS,安培力,安培力的方向与左手定则
PHYSICS,安培力,安培力的方向判断与大小计算
PHYSICS,安培力,安培力计算中的有效长度
PHYSICS,安培力,弯曲通电导线的有效长度
PHYSICS,安培力,电磁感应中安培力的大小与方向
PHYSICS,安培力,磁电式电流表的工作原理与刻度特征
PHYSICS,安培力,磁电式电流表的构造与特点
PHYSICS,安培力,等效长度求安培力
PHYSICS,安培力,线框匀速穿过磁场时外力等于安培力
PHYSICS,安培力,线框完全在磁场中时无感应电流、不受安培力
PHYSICS,安培力,通电导线间的作用力与相似三角形法
PHYSICS,安培力作用下导体的平衡与加速问题,倾斜传送带上物块的平衡与加速条件
PHYSICS,安培力作用下导体的平衡与加速问题,判定安培力作用下导体运动的五种方法
PHYSICS,安培力作用下导体的平衡与加速问题,含静电力的平衡与加速问题
PHYSICS,安培力作用下导体的平衡与加速问题,安培力作用下力学问题的处理流程与四种方法的选用
PHYSICS,安培力作用下导体的平衡与加速问题,安培力作用下力学问题的求解方法
PHYSICS,安培力作用下导体的平衡与加速问题,安培力作用下导体平衡与加速的分析
PHYSICS,安培力作用下导体的平衡与加速问题,安培力作用下导体棒问题的一般思路
PHYSICS,安培力作用下导体的平衡与加速问题,安培力作用下导体的平衡与加速问题的思路
PHYSICS,安培力作用下导体的平衡与加速问题,安培力作用下导体运动情况的判断方法
PHYSICS,安培力作用下导体的平衡与加速问题,安培力作用下导体运动方向的判定方法
PHYSICS,安培力作用下导体的平衡与加速问题,安培力作用下平衡与加速问题的分析思路
PHYSICS,安培力作用下导体的平衡与加速问题,安培力作用下平衡与加速问题的解题思路
PHYSICS,安培力作用下导体的平衡与加速问题,安培力作用下立体图转化为平面图
PHYSICS,安培力作用下导体的平衡与加速问题,洛伦兹力作用下带电体的变速与分离问题
PHYSICS,安培力作用下导体的平衡与加速问题,用能量观点处理安培力作用下的加速问题
PHYSICS,安培力作用下导体的平衡与加速问题,电磁场中平衡问题的受力分析要点
PHYSICS,安培力作用下导体的平衡与加速问题,电磁弹射模型的分析
PHYSICS,安培力作用下导体的平衡与加速问题,磁场沿半径方向时导线的平衡
PHYSICS,安培力作用下导体的平衡与加速问题,磁感应强度与电流成正比时的安培力
PHYSICS,安培力作用下导体的平衡与加速问题,通电线框安培力合力的分析方法
PHYSICS,安培力作用下导体运动情况的判定方法,判定安培力作用下导体运动情况的五种方法
PHYSICS,安培力作用下导体运动情况的判定方法,判定安培力作用下导体运动方向的两类方法与等效法
PHYSICS,安培力作用下导体运动情况的判定方法,判定安培力作用下导体运动的三种补充方法
PHYSICS,安培定则,三种电流的磁场特点
PHYSICS,安培定则,安培定则（右手螺旋定则）
PHYSICS,安培定则,安培定则：分清因与果
PHYSICS,安培定则,电流的磁场与安培定则的使用
PHYSICS,安培定则与磁场的叠加,安培定则与磁场叠加的分析思路
PHYSICS,安培定则与磁场的叠加,电流磁场问题的四种解决方法
PHYSICS,安安法测电阻,安安法测电阻的实验原理
PHYSICS,安安法测电阻,安安法（电流表差值法）测电阻
PHYSICS,安安法测电阻（电流表差值法）,安安法测电流表内阻与未知电阻
PHYSICS,安安法（电流表差值法）,安安法测电阻的原理与条件
PHYSICS,安欧法测电源电动势和内阻,安欧法测电动势和内阻
PHYSICS,安阻法测电源电动势和内阻,安阻法测电动势和内阻
PHYSICS,定义-在任何温度-任何压强下都遵从气体实验定律的气体,探究气体压强与体积关系实验的要点
PHYSICS,定义-在任何温度-任何压强下都遵从气体实验定律的气体,探究等温条件下压强与体积的关系
PHYSICS,定义-在任何温度-任何压强下都遵从气体实验定律的气体,理想气体的宏观与微观模型
PHYSICS,定义-物体具有保持原来匀速直线运动状态或静止状态的性质-质量是惯性的唯一量度,两个直线运动合运动的性质
PHYSICS,定义-物体具有保持原来匀速直线运动状态或静止状态的性质-质量是惯性的唯一量度,两直线运动合运动性质的判断表
PHYSICS,定义-物体具有保持原来匀速直线运动状态或静止状态的性质-质量是惯性的唯一量度,动能的性质
PHYSICS,定义-物体具有保持原来匀速直线运动状态或静止状态的性质-质量是惯性的唯一量度,叠加场中合力为零时粒子静止或做匀速直线运动
PHYSICS,定义-物体具有保持原来匀速直线运动状态或静止状态的性质-质量是惯性的唯一量度,对惯性的理解
PHYSICS,定义-物体具有保持原来匀速直线运动状态或静止状态的性质-质量是惯性的唯一量度,惯性与惯性定律的区别
PHYSICS,定义-物体具有保持原来匀速直线运动状态或静止状态的性质-质量是惯性的唯一量度,惯性及其大小的量度
PHYSICS,定义-物体具有保持原来匀速直线运动状态或静止状态的性质-质量是惯性的唯一量度,惯性及其量度
PHYSICS,定义-物体具有保持原来匀速直线运动状态或静止状态的性质-质量是惯性的唯一量度,惯性由质量唯一量度
PHYSICS,定义-物体具有保持原来匀速直线运动状态或静止状态的性质-质量是惯性的唯一量度,惯性的定义、量度与普遍性
PHYSICS,定义-物体具有保持原来匀速直线运动状态或静止状态的性质-质量是惯性的唯一量度,惯性的定义与量度
PHYSICS,定义-物体具有保持原来匀速直线运动状态或静止状态的性质-质量是惯性的唯一量度,惯性的定义性质与量度
PHYSICS,定义-物体具有保持原来匀速直线运动状态或静止状态的性质-质量是惯性的唯一量度,惯性的概念与决定因素
PHYSICS,定义-物体具有保持原来匀速直线运动状态或静止状态的性质-质量是惯性的唯一量度,惯性的概念与量度
PHYSICS,定义-物体具有保持原来匀速直线运动状态或静止状态的性质-质量是惯性的唯一量度,惯性的理解与量度
PHYSICS,定义-物体具有保持原来匀速直线运动状态或静止状态的性质-质量是惯性的唯一量度,晶体、非晶体与液晶的性质
PHYSICS,定义-物体具有保持原来匀速直线运动状态或静止状态的性质-质量是惯性的唯一量度,碰撞速度合理性：相向运动的约束
PHYSICS,定义-物体具有保持原来匀速直线运动状态或静止状态的性质-质量是惯性的唯一量度,配速法（分解为匀速直线运动与匀速圆周运动）
PHYSICS,定义-碰撞指的是两个物体在很短的时间内发生相互作用,碰撞的定义、特点与分类
PHYSICS,定义-碰撞指的是两个物体在很短的时间内发生相互作用,碰撞的特点与三大约束
PHYSICS,定义-碰撞指的是两个物体在很短的时间内发生相互作用,碰撞的特点与三条原则
PHYSICS,定义-碰撞指的是两个物体在很短的时间内发生相互作用,碰撞的过程特点、分类与三条原则
PHYSICS,定义-碰撞指的是两个物体在很短的时间内发生相互作用,碰撞的过程特点与三条原则
PHYSICS,定义-碰撞指的是两个物体在很短的时间内发生相互作用,碰撞遵循的三条规律
PHYSICS,定义-碰撞指的是两个物体在很短的时间内发生相互作用,隔离法优先场景（求物体间相互作用）
PHYSICS,定值电阻在电学实验中的四种妙用,定值电阻在电学实验中的四种用途
PHYSICS,定值电阻在电路中的作用,定值电阻在电路中的三种作用
PHYSICS,定值电阻的妙用,定值电阻的保护与扩程作用
PHYSICS,定值电阻的妙用,定值电阻的等效作用
PHYSICS,定量计算某过程中合外力的冲量或动量变化量,冲量计算的四点注意
PHYSICS,定量计算某过程中合外力的冲量或动量变化量,动量、动量变化量与冲量
PHYSICS,定量计算某过程中合外力的冲量或动量变化量,应用动量定理解题的基本思路
PHYSICS,定量计算某过程中合外力的冲量或动量变化量,用Δp=FΔt求动量变化与解释现象
PHYSICS,定量计算某过程中合外力的冲量或动量变化量,用动量定理求洛伦兹力的冲量
PHYSICS,实物图的连接,实物图连接的顺序与注意事项
PHYSICS,实物连线的注意事项,电学实验实物连线的三点注意
PHYSICS,实重与视重,实重、视重与完全失重
PHYSICS,实重与视重,自动扶梯上的视重分析
PHYSICS,实验仪器的估读问题分析,多用电表的基本使用要点
PHYSICS,实验仪器的估读问题分析,常用电表的估读规则
PHYSICS,实验仪器的估读问题分析,常用电表读数的精确度与估读规则
PHYSICS,实验仪器的估读问题分析,游标卡尺、螺旋测微器与电表的读数
PHYSICS,实验仪器的估读问题分析,游标卡尺与螺旋测微器的读数规则
PHYSICS,实验仪器的估读问题分析,电流表和电压表的量程与精确度
PHYSICS,实验仪器的估读问题分析,电表估读的三类规则
PHYSICS,实验仪器的估读问题分析,电表的读数与估读规则
PHYSICS,实验仪器的估读问题分析,电表读数该估读到哪一位
PHYSICS,实验原理-条纹间距δx与光波长λ-双缝间距d及双缝与屏的距离l-有关系式为,双缝干涉亮暗条纹条件与条纹间距
PHYSICS,实验原理-条纹间距δx与光波长λ-双缝间距d及双缝与屏的距离l-有关系式为,双缝干涉明条纹条件（路程差为波长整数倍）
PHYSICS,实验原理-条纹间距δx与光波长λ-双缝间距d及双缝与屏的距离l-有关系式为,双缝干涉暗条纹条件（路程差为半波长奇数倍）
PHYSICS,实验原理-条纹间距δx与光波长λ-双缝间距d及双缝与屏的距离l-有关系式为,双缝干涉测光的波长
PHYSICS,实验原理-条纹间距δx与光波长λ-双缝间距d及双缝与屏的距离l-有关系式为,双缝干涉测光的波长实验
PHYSICS,实验原理-条纹间距δx与光波长λ-双缝间距d及双缝与屏的距离l-有关系式为,双缝干涉测波长的原理
PHYSICS,实验原理-条纹间距δx与光波长λ-双缝间距d及双缝与屏的距离l-有关系式为,双缝干涉测波长的原理与数据处理
PHYSICS,实验原理-条纹间距δx与光波长λ-双缝间距d及双缝与屏的距离l-有关系式为,双缝干涉测波长的实验装置与元件作用
PHYSICS,实验原理-条纹间距δx与光波长λ-双缝间距d及双缝与屏的距离l-有关系式为,双缝干涉测波长的调节与数据处理
PHYSICS,实验原理-条纹间距δx与光波长λ-双缝间距d及双缝与屏的距离l-有关系式为,双缝干涉的器材功能与条纹间距公式
PHYSICS,实验原理-条纹间距δx与光波长λ-双缝间距d及双缝与屏的距离l-有关系式为,双缝干涉的图样特点与间距公式
PHYSICS,实验原理-条纹间距δx与光波长λ-双缝间距d及双缝与屏的距离l-有关系式为,探究弹簧弹力与形变量的实验原理
PHYSICS,实验原理-条纹间距δx与光波长λ-双缝间距d及双缝与屏的距离l-有关系式为,测电源电动势和内阻的实验原理
PHYSICS,实验原理-条纹间距δx与光波长λ-双缝间距d及双缝与屏的距离l-有关系式为,用双缝干涉测波长的原理与操作
PHYSICS,实验基础知识,力的合成实验的三条操作要求
PHYSICS,实验基础知识,多用电表的使用与二极管极性的判断
PHYSICS,实验基础知识,实验器材的选择技巧
PHYSICS,实验基础知识,实验操作与数据处理要点
PHYSICS,实验基础知识,弹簧弹力与形变量实验的三条操作要领
PHYSICS,实验基础知识,打点计时器实验的操作顺序
PHYSICS,实验基础知识,探究加速度与力、质量关系的器材与安装
PHYSICS,实验基础知识,探究加速度实验的完整步骤
PHYSICS,实验基础知识,探究小车速度实验的操作要领
PHYSICS,实验基础知识,探究小车速度随时间变化规律实验的注意事项
PHYSICS,实验基础知识,探究小车速度随时间变化规律的器材
PHYSICS,实验基础知识,探究小车速度随时间变化规律的器材与实验过程
PHYSICS,实验基础知识,探究小车速度随时间变化规律的实验器材
PHYSICS,实验基础知识,探究小车速度随时间变化规律的实验步骤
PHYSICS,实验基础知识,探究影响感应电流方向实验的操作要点
PHYSICS,实验基础知识,探究感应电流方向实验的装置与步骤
PHYSICS,实验基础知识,本实验的操作要点与作图要求
PHYSICS,实验基础知识,电学实验的连线易错点与等效替代法
PHYSICS,实验基础知识,电学实验设计及仪器选择的三原则
PHYSICS,实验基础知识,电学实验设计的三原则
PHYSICS,实验基础知识,纸带法与光电门法测速
PHYSICS,实验基础知识,误差的定义
PHYSICS,实验实物图连线的原则与滑动变阻器接法,实物图连接的规则
PHYSICS,实验实物图连线的原则与滑动变阻器接法,实物图连线与变阻器接法
PHYSICS,实验描迹法-一次抛动记录一个点-重复抛动,实验描迹法与平抛实验要点
PHYSICS,实验描迹法-一次抛动记录一个点-重复抛动,平抛实验的坐标原点与数据处理
PHYSICS,实验描迹法-一次抛动记录一个点-重复抛动,探究平抛实验的注意事项
PHYSICS,实验描迹法-一次抛动记录一个点-重复抛动,探究平抛运动特点的实验原理与操作
PHYSICS,实验描迹法-一次抛动记录一个点-重复抛动,探究平抛运动特点的实验要点
PHYSICS,实验描迹法-一次抛动记录一个点-重复抛动,探究平抛运动的特点实验
PHYSICS,实验描迹法-一次抛动记录一个点-重复抛动,描迹法探究平抛运动特点
PHYSICS,实验描迹法-一次抛动记录一个点-重复抛动,描迹法探究平抛运动的思路与操作
PHYSICS,实验方案的创新与改进,力学实验中的装置与处理创新
PHYSICS,实验方案的创新与改进,测量速度与加速度实验的创新
PHYSICS,实验方法-控制变量法-保持m不变探究a与f关系-保持f不变探究a与m关系,两个力学实验的装置改进思路
PHYSICS,实验方法-控制变量法-保持m不变探究a与f关系-保持f不变探究a与m关系,力学其他实验的操作与数据处理
PHYSICS,实验方法-控制变量法-保持m不变探究a与f关系-保持f不变探究a与m关系,常见的实验思想方法
PHYSICS,实验方法-控制变量法-保持m不变探究a与f关系-保持f不变探究a与m关系,打点计时器的替代方法
PHYSICS,实验方法-控制变量法-保持m不变探究a与f关系-保持f不变探究a与m关系,探究加速度与力、质量关系的实验
PHYSICS,实验方法-控制变量法-保持m不变探究a与f关系-保持f不变探究a与m关系,探究加速度与力、质量关系的实验原理
PHYSICS,实验方法-控制变量法-保持m不变探究a与f关系-保持f不变探究a与m关系,探究加速度与力、质量关系的实验原理与操作
PHYSICS,实验方法-控制变量法-保持m不变探究a与f关系-保持f不变探究a与m关系,探究加速度与力、质量关系的实验目的与原理
PHYSICS,实验方法-控制变量法-保持m不变探究a与f关系-保持f不变探究a与m关系,探究加速度与力、质量关系的实验设计
PHYSICS,实验方法-控制变量法-保持m不变探究a与f关系-保持f不变探究a与m关系,探究加速度与力、质量的关系
PHYSICS,实验方法-控制变量法-保持m不变探究a与f关系-保持f不变探究a与m关系,探究加速度与力质量关系的实验设计
PHYSICS,实验方法-控制变量法-保持m不变探究a与f关系-保持f不变探究a与m关系,探究加速度与力质量关系的方法
PHYSICS,实验方法-控制变量法-保持m不变探究a与f关系-保持f不变探究a与m关系,探究加速度实验的三个层次目标
PHYSICS,实验方法-控制变量法-保持m不变探究a与f关系-保持f不变探究a与m关系,探究加速度实验的方案设计
PHYSICS,实验方法-控制变量法-保持m不变探究a与f关系-保持f不变探究a与m关系,探究变压器电压与匝数关系实验
PHYSICS,实验方法-控制变量法-保持m不变探究a与f关系-保持f不变探究a与m关系,探究向心力与半径、角速度、质量关系的实验
PHYSICS,实验方法-控制变量法-保持m不变探究a与f关系-保持f不变探究a与m关系,探究向心力大小的实验方法与数据处理
PHYSICS,实验方法-控制变量法-保持m不变探究a与f关系-保持f不变探究a与m关系,教材原型实验（实验：探究加速度与力、质量的关系）
PHYSICS,实验方法-控制变量法-保持m不变探究a与f关系-保持f不变探究a与m关系,获得加速度方法的改进
PHYSICS,实验步骤,两个力学探究实验的操作与数据处理
PHYSICS,实验步骤,实验器材选择与操作要点
PHYSICS,实验步骤,实验过程与数据处理
PHYSICS,实验步骤,探究小车速度随时间变化规律的操作过程
PHYSICS,实验步骤,探究弹力与形变量关系的实验步骤
PHYSICS,实验步骤,教材原型实验
PHYSICS,实验步骤,油膜法实验的步骤与注意事项
PHYSICS,实验知识体系,实验知识体系总览
PHYSICS,实验结论,两个验证实验的操作与数据处理
PHYSICS,实验结论,探究向心力大小的实验结论
PHYSICS,实验结论-周期的平方与摆长成正比,单摆实验的数据处理与结论
PHYSICS,实验结论-周期的平方与摆长成正比,单摆实验的数据处理方法
PHYSICS,实验误差,a-F与a-1/m图像异常的原因分析
PHYSICS,实验误差,伏安法测电阻的系统误差与偶然误差
PHYSICS,实验误差,偶然误差与系统误差
PHYSICS,实验误差,单摆实验减小误差的方法
PHYSICS,实验误差,单摆实验的注意事项与误差分析
PHYSICS,实验误差,单摆实验的误差来源与操作规范
PHYSICS,实验误差,向心力实验的误差来源
PHYSICS,实验误差,多用电表测电阻的误差分析及改进措施
PHYSICS,实验误差,实验的系统误差与偶然误差来源
PHYSICS,实验误差,实验误差的分类与表示
PHYSICS,实验误差,弹簧弹力与形变量实验的数据处理与误差分析
PHYSICS,实验误差,弹簧弹力与形变量实验的误差分析
PHYSICS,实验误差,探究加速度与力、质量关系的误差分析
PHYSICS,实验误差,探究加速度与力质量关系实验的误差与注意
PHYSICS,实验误差,探究加速度实验的误差分类
PHYSICS,实验误差,探究小车速度实验的误差来源
PHYSICS,实验误差,探究小车速度随时间变化规律实验的误差分析
PHYSICS,实验误差,探究弹簧弹力实验的误差与注意事项
PHYSICS,实验误差,本实验的误差来源与分析
PHYSICS,实验误差,牛顿第二定律实验的注意事项与误差分析
PHYSICS,实验误差,纸带实验的误差来源与减小方向
PHYSICS,实验误差,误差、绝对误差与相对误差
PHYSICS,实验误差,验证动量守恒实验的误差分析
PHYSICS,实验误差,验证平行四边形定则实验的误差分析
PHYSICS,对公式w-flcosα的理解,公式 W=Flcosα 中夹角与正负功判断
PHYSICS,对公式w-flcosα的理解,公式 W=Flcosα 的理解要点
PHYSICS,对公式w-flcosα的理解,功的公式与适用条件
PHYSICS,对公式w-flcosα的理解,功的定义与计算
PHYSICS,对动能定理的理解,动能定理理解三要点
PHYSICS,对动能定理的理解,动能定理的内容与含义
PHYSICS,对动能定理的理解,动能定理的深度理解
PHYSICS,对动能定理的理解,动能定理的理解
PHYSICS,对动能定理的理解,动能定理的适用范围说明
PHYSICS,对动能定理的理解,动能定理的选用准则与分阶段选择
PHYSICS,对动能定理的理解,对动能定理的三点理解
PHYSICS,对动能定理的理解,对动能定理表达式的理解
PHYSICS,对动能定理的理解,应用动能定理的四点提醒
PHYSICS,对动能定理的理解,应用动能定理的注意事项
PHYSICS,对心碰撞,对心碰撞与非对心碰撞
PHYSICS,对心碰撞,巧用变换参考系求解动碰问题
PHYSICS,对晶体和非晶体的理解,区分晶体与非晶体的方法
PHYSICS,对晶体和非晶体的理解,区别晶体和非晶体的方法
PHYSICS,对晶体和非晶体的理解,晶体与非晶体
PHYSICS,对晶体和非晶体的理解,晶体与非晶体的判断要点
PHYSICS,对晶体和非晶体的理解,晶体与非晶体的辨别要点与微观结构
PHYSICS,对机械能守恒条件的理解,动量守恒的三种情形与判断
PHYSICS,对机械能守恒条件的理解,单体机械能守恒的条件与判断
PHYSICS,对机械能守恒条件的理解,双棒模型的动量守恒条件
PHYSICS,对机械能守恒条件的理解,斜面固定与否决定物块机械能是否守恒
PHYSICS,对机械能守恒条件的理解,机械能守恒定律与守恒判断方法
PHYSICS,对机械能守恒条件的理解,机械能守恒定律的内容、条件与判断方法
PHYSICS,对机械能守恒条件的理解,机械能守恒定律的研究对象与条件判断
PHYSICS,对机械能守恒条件的理解,机械能守恒条件的理解与判定
PHYSICS,对机械能守恒条件的理解,机械能守恒条件的理解与判断方法
PHYSICS,对机械能守恒条件的理解,机械能守恒的判断方法与易错情形
PHYSICS,对机械能守恒条件的理解,机械能守恒的条件与三种判断方法
PHYSICS,对机械能守恒条件的理解,机械能守恒的研究对象与系统观
PHYSICS,对牛顿第三定律的理解,U-I 图像中电阻的理解
PHYSICS,对牛顿第三定律的理解,作用力、反作用力与平衡力的比较
PHYSICS,对牛顿第三定律的理解,作用力与反作用力的三同三异三无关
PHYSICS,对牛顿第三定律的理解,作用力反作用力与一对平衡力的区别
PHYSICS,对牛顿第三定律的理解,功的理解及正负功判断
PHYSICS,对牛顿第三定律的理解,平衡力与作用力反作用力的比较
PHYSICS,对牛顿第三定律的理解,平衡力与作用力和反作用力的区别
PHYSICS,对牛顿第三定律的理解,库仑定律的理解
PHYSICS,对牛顿第三定律的理解,牛顿第一定律与惯性的理解
PHYSICS,对牛顿第三定律的理解,牛顿第三定律与平衡力、相互作用力的比较
PHYSICS,对牛顿第三定律的理解,用牛顿第三定律转换研究对象
PHYSICS,对牛顿第三定律的理解,电容的理解
PHYSICS,对牛顿第三定律的理解,竖直圆周运动的解题技巧
PHYSICS,对磁感应强度定义式-b-的理解,对磁感应强度定义式的理解
PHYSICS,对磁感应强度定义式-b-的理解,磁感应强度定义式的性质
PHYSICS,对磁感应强度定义式-b-的理解,磁感应强度的定义
PHYSICS,对称性,对称法
PHYSICS,对称性,对称法的三类对称
PHYSICS,对称性,对称法的操作要领与易错点
PHYSICS,对称性分析,利用对称性分析对称带电体的场强与电势
PHYSICS,对称性分析,匀变速直线运动的对称性与逆向应用
PHYSICS,对称性分析,多个对称带电体在中心处场强的叠加与换算
PHYSICS,对称性分析,对称性分析及其配合方法
PHYSICS,对称性分析,对称法处理物理问题的表现与用法
PHYSICS,对称性分析,对称法处理电场叠加
PHYSICS,对称性分析,对称法求电场强度
PHYSICS,对称性分析,用对称性与叠加原理求圆弧和半球面剩余部分的场强
PHYSICS,对能量守恒定律的几点理解,动量守恒定律的四性理解
PHYSICS,对能量守恒定律的几点理解,对能量守恒定律的两点理解
PHYSICS,对能量守恒定律的几点理解,对能量守恒定律的理解
PHYSICS,对能量守恒定律的几点理解,能量守恒定律的两层内涵
PHYSICS,对能量守恒定律的几点理解,能量守恒定律的内容与列式思路
PHYSICS,对能量守恒定律的几点理解,能量守恒定律的理解
PHYSICS,对超重和失重的理解应当注意的问题,凹形桥模型（超重）
PHYSICS,对超重和失重的理解应当注意的问题,卫星运行中的超重与失重
PHYSICS,对超重和失重的理解应当注意的问题,实重视重与超重失重的判断
PHYSICS,对超重和失重的理解应当注意的问题,对超重和失重的理解
PHYSICS,对超重和失重的理解应当注意的问题,拱形桥与凹形桥模型
PHYSICS,对超重和失重的理解应当注意的问题,拱形桥模型（失重）
PHYSICS,对超重和失重的理解应当注意的问题,超重、失重与完全失重
PHYSICS,对超重和失重的理解应当注意的问题,超重与失重
PHYSICS,对超重和失重的理解应当注意的问题,超重与失重判断的三点提醒
PHYSICS,对超重和失重的理解应当注意的问题,超重与失重的判断与比较
PHYSICS,对超重和失重的理解应当注意的问题,超重与失重的判断与理解
PHYSICS,对超重和失重的理解应当注意的问题,超重与失重的理解与判断
PHYSICS,对超重和失重的理解应当注意的问题,超重失重的判断依据与常见误解
PHYSICS,导体切割磁感线时的感应电动势,E=Blv 的适用条件与有效长度的确定
PHYSICS,导体切割磁感线时的感应电动势,三种求感应电动势表达式的对象与意义
PHYSICS,导体切割磁感线时的感应电动势,公式 E=Blv 的使用条件与有效长度
PHYSICS,导体切割磁感线时的感应电动势,动生电动势的公式
PHYSICS,导体切割磁感线时的感应电动势,动生电动势的概念与实质
PHYSICS,导体切割磁感线时的感应电动势,圆环内金属棒转动产生的电动势与电容器
PHYSICS,导体切割磁感线时的感应电动势,圆环转动切割的等效长度法
PHYSICS,导体切割磁感线时的感应电动势,导体切割磁感线的感应电动势
PHYSICS,导体切割磁感线时的感应电动势,导体平动切割磁感线的四点注意事项
PHYSICS,导体切割磁感线时的感应电动势,导体平动切割磁感线的有效长度
PHYSICS,导体切割磁感线时的感应电动势,导体平动切割磁感线的有效长度与相对速度
PHYSICS,导体切割磁感线时的感应电动势,导体棒转动切割磁感线
PHYSICS,导体切割磁感线时的感应电动势,导线转动切割的三种情形
PHYSICS,导体切割磁感线时的感应电动势,平动切割公式E=Blv的四个特性
PHYSICS,导体切割磁感线时的感应电动势,有效切割速度与动生电动势的有无
PHYSICS,导体切割磁感线时的感应电动势,波形边界磁场中导体棒的电动势
PHYSICS,导体切割磁感线时的感应电动势,由位移图像判断感应电动势与电势差
PHYSICS,导体切割磁感线时的感应电动势,等效长度求动生电动势
PHYSICS,导体切割磁感线时的感应电动势,绕端点转动切割的电势分布
PHYSICS,导体的伏安特性曲线,伏安特性曲线与两类元件
PHYSICS,小球碰撞平抛实验法步骤,平抛小球不能垂直撞击圆弧轨道的证明
PHYSICS,小球碰撞平抛实验法步骤,斜槽小球碰撞实验的步骤与要点
PHYSICS,小球碰撞平抛实验法步骤,斜槽小球碰撞验证动量守恒
PHYSICS,小球碰撞平抛实验法步骤,斜槽小球碰撞验证动量守恒的步骤
PHYSICS,小球碰撞平抛实验法步骤,斜槽末端小球碰撞的平抛实验方案
PHYSICS,小球碰撞平抛实验法步骤,碰撞实验的数据处理与验证
PHYSICS,小球碰撞平抛实验法步骤,验证动量守恒定律的实验操作要点
PHYSICS,小球碰撞平抛实验法步骤,验证动量守恒的平抛实验原理与操作
PHYSICS,小球碰撞平抛实验法步骤,验证动量守恒的误差与注意事项
PHYSICS,小船渡河模型,小船渡河模型中的三种速度
PHYSICS,小船渡河模型,小船渡河模型的分析方法
PHYSICS,小船渡河模型,小船渡河的两类极值问题
PHYSICS,小船渡河模型,小船渡河的最短时间
PHYSICS,小船渡河问题,小船渡河的两个分运动与最短渡河时间
PHYSICS,小船渡河问题,小船渡河的最短路程与船头偏向
PHYSICS,小船渡河问题,小船渡河问题的三种速度与两类极值
PHYSICS,小船渡河问题,小船渡河问题的处理
PHYSICS,小船渡河问题,小船渡河问题的最短时间与最短位移
PHYSICS,小船过河模型,小船过河的时间最短与位移最短
PHYSICS,小行星防御与资源开发,航天科技前沿中的万有引力
PHYSICS,尖端放电的应用与防止,尖端放电现象
PHYSICS,尖端放电的应用与防止,尖端放电的原理与应用
PHYSICS,尺规作图法,选择题的尺规作图法
PHYSICS,工作原理,传感器的工作原理
PHYSICS,工作原理,光控开关的工作原理
PHYSICS,工作原理,欧姆表的工作原理与刻度特点
PHYSICS,工作原理,温度报警器的工作原理
PHYSICS,工作原理,示波管的构造与工作原理
PHYSICS,工作原理,组合场中偏移与动能的两种求法
PHYSICS,左手定则与右手定则,三定则、一定律的联系与选用
PHYSICS,左手定则与右手定则,三定则一定律的应用比较
PHYSICS,左手定则与右手定则,右手定则与三定则一定律的辨析
PHYSICS,左手定则与右手定则,右手定则与楞次定律、左手定则的区分
PHYSICS,左手定则与右手定则,右手定则判断感应电流方向
PHYSICS,左手定则与右手定则,右手定则判断感应电流的方向
PHYSICS,左手定则与右手定则,右手定则的内容、适用情况与相对性
PHYSICS,左手定则与右手定则,右手定则的应用要点
PHYSICS,左手定则与右手定则,安培力方向的判断
PHYSICS,左手定则与右手定则,安培定则判定电流产生的磁场
PHYSICS,左手定则与右手定则,左手定则与右手定则的区分
PHYSICS,左手定则与右手定则,左手定则与右手定则的应用技巧
PHYSICS,差值法测电表内阻,用差值法测电压表内阻
PHYSICS,差值法测电表内阻,电流表与电压表的差值法测电阻
PHYSICS,差值法测电阻,差值法测电阻的两种接法
PHYSICS,布朗运动,布朗运动与扩散现象
PHYSICS,布朗运动,布朗运动的实质与特点
PHYSICS,布朗运动,布朗运动的本质与影响因素
PHYSICS,布朗运动,布朗运动的特点与影响因素
PHYSICS,布朗运动,布朗运动的特点与意义
PHYSICS,布朗运动,扩散现象与布朗运动及其区别
PHYSICS,布朗运动,理解布朗运动的四个角度
PHYSICS,带电粒子倾斜射入匀强磁场的螺旋线运动,倾斜射入匀强磁场的螺旋线运动
PHYSICS,带电粒子在交变电场中的运动,交变电场中粒子的两类运动
PHYSICS,带电粒子在交变电场中的运动,交变电场问题的分段法与v-t图像
PHYSICS,带电粒子在交变电场中的运动,带电粒子在交变电场中的运动分析方法
PHYSICS,带电粒子在交变电场中的运动,常见的交变电场波形
PHYSICS,带电粒子在交变电磁场中的运动,不同时刻释放粒子的运动判断
PHYSICS,带电粒子在交变电磁场中的运动,交变场中运动问题的六步分析流程
PHYSICS,带电粒子在交变电磁场中的运动,交变场的三种常见类型
PHYSICS,带电粒子在交变电磁场中的运动,交变场的类型与分析思路
PHYSICS,带电粒子在交变电磁场中的运动,交变电压下类平抛与磁场圆周的组合
PHYSICS,带电粒子在交变电磁场中的运动,交变电场与交变磁场中粒子的分段处理
PHYSICS,带电粒子在交变电磁场中的运动,交变电场中作v-t图像的三个注意点
PHYSICS,带电粒子在交变电磁场中的运动,交变电场中偏转运动的分段处理
PHYSICS,带电粒子在交变电磁场中的运动,交变电场中带电粒子的处理方法
PHYSICS,带电粒子在交变电磁场中的运动,交变电场中的直线运动处理方法
PHYSICS,带电粒子在交变电磁场中的运动,交变电场中直线运动的处理方法
PHYSICS,带电粒子在交变电磁场中的运动,交变电场解题三步：定方向画图像明运动
PHYSICS,带电粒子在交变电磁场中的运动,交变电磁场的类型与分析思路
PHYSICS,带电粒子在交变电磁场中的运动,交变电磁场问题的处理流程
PHYSICS,带电粒子在交变电磁场中的运动,出射点与入射点间距恒定的结论
PHYSICS,带电粒子在交变电磁场中的运动,回旋加速器的结构与周期相等（共振）条件
PHYSICS,带电粒子在交变电磁场中的运动,在交变场中的运动
PHYSICS,带电粒子在交变电磁场中的运动,复杂条件下带电粒子多过程运动的分段分析
PHYSICS,带电粒子在交变电磁场中的运动,多层交替方向匀强电场中的运动分解
PHYSICS,带电粒子在交变电磁场中的运动,大招53：以图攻图妙解交变电场
PHYSICS,带电粒子在交变电磁场中的运动,带电粒子在交变场中的运动思路
PHYSICS,带电粒子在交变电磁场中的运动,带电粒子在交变场中的运动特点
PHYSICS,带电粒子在交变电磁场中的运动,带电粒子在交变场中运动的解题关键
PHYSICS,带电粒子在交变电磁场中的运动,带电粒子在交变电场中的直线运动类型
PHYSICS,带电粒子在交变电磁场中的运动,带电粒子在交变电场中的运动分析
PHYSICS,带电粒子在交变电磁场中的运动,带电粒子在交变电场中的运动模型
PHYSICS,带电粒子在交变电磁场中的运动,带电粒子在交变电场中的运动特点与分析思路
PHYSICS,带电粒子在交变电磁场中的运动,带电粒子在交变电场中直线运动的思维方法
PHYSICS,带电粒子在交变电磁场中的运动,带电粒子在交变电场中运动的分析要点
PHYSICS,带电粒子在交变电磁场中的运动,带电粒子在交变电磁场中的分析思路
PHYSICS,带电粒子在交变电磁场中的运动,带电粒子在交变电磁场中的运动
PHYSICS,带电粒子在交变电磁场中的运动,带电粒子在交变电磁场中的运动分析
PHYSICS,带电粒子在交变电磁场中的运动,正方体装置中交变电场二维偏转的分析
PHYSICS,带电粒子在交变电磁场中的运动,用 v-t 图像分析交变电场中的运动
PHYSICS,带电粒子在交变电磁场中的运动,用 v-t 图像分析带电粒子在交变电场中的运动
PHYSICS,带电粒子在交变电磁场中的运动,电磁场同步周期性变化时的处理
PHYSICS,带电粒子在交变电磁场中的运动,画v-t图像解决交变电场问题的要点
PHYSICS,带电粒子在交变电磁场中的运动,直线加速器的工作原理
PHYSICS,带电粒子在交变电磁场中的运动,逐次电场加速与磁场偏转的递推规律
PHYSICS,带电粒子在分离的电场、磁场中的运动形式,带电粒子在电场与磁场中的运动形式
PHYSICS,带电粒子在匀强电场中偏转的两个分运动,不同质量粒子经同一加速电场与偏转电场后的比较
PHYSICS,带电粒子在匀强电场中偏转的两个分运动,偏转位移的相似法与打屏位置计算
PHYSICS,带电粒子在匀强电场中偏转的两个分运动,偏转电场中的两个重要结论
PHYSICS,带电粒子在匀强电场中偏转的两个分运动,偏转问题的两个重要结论
PHYSICS,带电粒子在匀强电场中偏转的两个分运动,匀强电场中 U=Ed 及推论
PHYSICS,带电粒子在匀强电场中偏转的两个分运动,匀强电场中 U=Ed 的理解与三个推论
PHYSICS,带电粒子在匀强电场中偏转的两个分运动,匀强电场推论：线段中点的电势
PHYSICS,带电粒子在匀强电场中偏转的两个分运动,带电粒子在交变电场中偏转的题型特征
PHYSICS,带电粒子在匀强电场中偏转的两个分运动,带电粒子在匀强电场中偏转的分解
PHYSICS,带电粒子在匀强电场中偏转的两个分运动,带电粒子在匀强电场中偏转的分运动
PHYSICS,带电粒子在匀强电场中偏转的两个分运动,带电粒子在匀强电场中偏转的分运动规律
PHYSICS,带电粒子在匀强电场中偏转的两个分运动,带电粒子在匀强电场中偏转的基本规律
PHYSICS,带电粒子在匀强电场中偏转的两个分运动,带电粒子在匀强电场中偏转的运动规律
PHYSICS,带电粒子在匀强电场中偏转的两个分运动,带电粒子在匀强电场中的偏转
PHYSICS,带电粒子在匀强电场中偏转的两个分运动,带电粒子在匀强电场中的偏转规律
PHYSICS,带电粒子在匀强电场中偏转的两个分运动,带电粒子在匀强电场中的偏转（初速度与电场垂直）
PHYSICS,带电粒子在匀强电场中偏转的两个分运动,带电粒子在匀强电场中的偏转（类平抛）
PHYSICS,带电粒子在匀强电场中偏转的两个分运动,带电粒子在匀强电场中的类平抛偏转公式
PHYSICS,带电粒子在匀强电场中偏转的两个分运动,带电粒子在匀强电场中的类平抛分析
PHYSICS,带电粒子在匀强电场中偏转的两个分运动,带电粒子在匀强电场中的运动公式
PHYSICS,带电粒子在匀强电场中偏转的两个分运动,带电粒子在平行板电场中偏转的运动规律
PHYSICS,带电粒子在匀强电场中偏转的两个分运动,带电粒子在电场与磁场中偏转的比较
PHYSICS,带电粒子在匀强电场中偏转的两个分运动,带电粒子在组合场中做类平抛运动的六个关系式
PHYSICS,带电粒子在匀强电场中偏转的两个分运动,斜射入匀强电场的分解与轨迹方程
PHYSICS,带电粒子在匀强电场中偏转的两个分运动,电场中偏转运动的分解处理
PHYSICS,带电粒子在匀强电场中偏转的两个分运动,电场中类斜抛运动的分解与几何约束
PHYSICS,带电粒子在匀强电场中偏转的两个分运动,电场偏转的两个重要结论与能量关系
PHYSICS,带电粒子在匀强电场中偏转的两个分运动,示波器中各量的比较与轨迹重合
PHYSICS,带电粒子在匀强电场中偏转的两个分运动,示波器计算的三阶段与结论公式
PHYSICS,带电粒子在匀强电场中偏转的两个分运动,等分法确定等势点与电场线
PHYSICS,带电粒子在匀强电场中偏转的两个分运动,类斜抛与类平抛在偏转电场中的综合计算
PHYSICS,带电粒子在匀强电场中偏转的两个分运动,粒子打在屏上偏移量的四种求法
PHYSICS,带电粒子在匀强电场中偏转的两个分运动,粒子能否飞出偏转电场的判断
PHYSICS,带电粒子在匀强电场中偏转的两个分运动,非匀强电场中用等差等势面比场强
PHYSICS,带电粒子在匀强磁场中运动的动态圆模型,三类动态圆模型
PHYSICS,带电粒子在匀强磁场中运动的动态圆模型,动态圆之“平移圆”模型
PHYSICS,带电粒子在匀强磁场中运动的动态圆模型,动态圆之“放缩圆”模型
PHYSICS,带电粒子在匀强磁场中运动的动态圆模型,动态圆之“旋转圆”模型
PHYSICS,带电粒子在匀强磁场中运动的动态圆模型,动态圆思想处理磁场中的临界与极值
PHYSICS,带电粒子在匀强磁场中运动的动态圆模型,动态圆模型中临界圆的画法
PHYSICS,带电粒子在匀强磁场中运动的动态圆模型,动态圆模型之平移圆
PHYSICS,带电粒子在匀强磁场中运动的动态圆模型,动态圆模型之放缩圆
PHYSICS,带电粒子在匀强磁场中运动的动态圆模型,动态圆模型之旋转圆
PHYSICS,带电粒子在匀强磁场中运动的动态圆模型,动态圆模型的三种类型
PHYSICS,带电粒子在匀强磁场中运动的动态圆模型,动态圆法求临界与极值
PHYSICS,带电粒子在匀强磁场中运动的动态圆模型,动态圆问题
PHYSICS,带电粒子在匀强磁场中运动的动态圆模型,动态放缩法与定圆旋转法
PHYSICS,带电粒子在匀强磁场中运动的动态圆模型,向各方向发射粒子的动态圆分析
PHYSICS,带电粒子在匀强磁场中运动的动态圆模型,圆形边界磁场中粒子运动的特点
PHYSICS,带电粒子在匀强磁场中运动的动态圆模型,大招58：放缩圆法解磁场临界问题
PHYSICS,带电粒子在匀强磁场中运动的动态圆模型,大招59：旋转圆找最远射出点
PHYSICS,带电粒子在匀强磁场中运动的动态圆模型,带电粒子直线运动的动力学与功能两种解法
PHYSICS,带电粒子在匀强磁场中运动的动态圆模型,带电粒子磁偏转的动态圆三模型
PHYSICS,带电粒子在匀强磁场中运动的动态圆模型,放缩圆旋转圆与平移圆三类动态圆
PHYSICS,带电粒子在匀强磁场中运动的动态圆模型,旋转圆中求最长最短时间的流程
PHYSICS,带电粒子在匀强磁场中运动的动态圆模型,有界磁场临界问题的动态圆（放缩圆）
PHYSICS,带电粒子在匀强磁场中运动的动态圆模型,有界磁场临界问题的旋转圆与平移圆
PHYSICS,带电粒子在匀强磁场中运动的动态圆模型,用旋转圆找两个临界位置
PHYSICS,带电粒子在匀强磁场中运动的动态圆模型,磁场中运动时间与圆心角的关系
PHYSICS,带电粒子在叠加场-复合场-电场与磁场重叠-中的运动,叠加场与带电粒子的运动形式
PHYSICS,带电粒子在叠加场-复合场-电场与磁场重叠-中的运动,叠加场中三种典型的力并存情形
PHYSICS,带电粒子在叠加场-复合场-电场与磁场重叠-中的运动,叠加场中三种典型类型的运动
PHYSICS,带电粒子在叠加场-复合场-电场与磁场重叠-中的运动,叠加场中三种力组合的运动规律
PHYSICS,带电粒子在叠加场-复合场-电场与磁场重叠-中的运动,叠加场中三种场的比较与运动形式
PHYSICS,带电粒子在叠加场-复合场-电场与磁场重叠-中的运动,叠加场中做圆周运动的处理
PHYSICS,带电粒子在叠加场-复合场-电场与磁场重叠-中的运动,叠加场中做直线运动的处理
PHYSICS,带电粒子在叠加场-复合场-电场与磁场重叠-中的运动,叠加场中带电粒子的无约束运动
PHYSICS,带电粒子在叠加场-复合场-电场与磁场重叠-中的运动,叠加场中带电粒子的运动分类
PHYSICS,带电粒子在叠加场-复合场-电场与磁场重叠-中的运动,叠加场中带电粒子的运动形式
PHYSICS,带电粒子在叠加场-复合场-电场与磁场重叠-中的运动,叠加场中摆线运动的分析思路
PHYSICS,带电粒子在叠加场-复合场-电场与磁场重叠-中的运动,叠加场中无约束时的运动
PHYSICS,带电粒子在叠加场-复合场-电场与磁场重叠-中的运动,叠加场中是否计重力的判断
PHYSICS,带电粒子在叠加场-复合场-电场与磁场重叠-中的运动,叠加场中直线与曲线运动的处理
PHYSICS,带电粒子在叠加场-复合场-电场与磁场重叠-中的运动,叠加场中运动的四种基本类型
PHYSICS,带电粒子在叠加场-复合场-电场与磁场重叠-中的运动,叠加场及其常见运动形式
PHYSICS,带电粒子在叠加场-复合场-电场与磁场重叠-中的运动,叠加场的四种组合与重力是否考虑的判据
PHYSICS,带电粒子在叠加场-复合场-电场与磁场重叠-中的运动,复合场中带电粒子运动的核心思路
PHYSICS,带电粒子在叠加场-复合场-电场与磁场重叠-中的运动,大招62：配速法解叠加场复杂曲线运动
PHYSICS,带电粒子在叠加场-复合场-电场与磁场重叠-中的运动,带电体在叠加场中的运动分析
PHYSICS,带电粒子在叠加场-复合场-电场与磁场重叠-中的运动,带电小球沿斜面运动的临界
PHYSICS,带电粒子在叠加场-复合场-电场与磁场重叠-中的运动,带电粒子在叠加场与组合场中的运动分类
PHYSICS,带电粒子在叠加场-复合场-电场与磁场重叠-中的运动,带电粒子在叠加场中的三种典型运动
PHYSICS,带电粒子在叠加场-复合场-电场与磁场重叠-中的运动,带电粒子在叠加场中的运动
PHYSICS,带电粒子在叠加场-复合场-电场与磁场重叠-中的运动,带电粒子在叠加场中的运动分析
PHYSICS,带电粒子在叠加场-复合场-电场与磁场重叠-中的运动,带电粒子的旋进运动
PHYSICS,带电粒子在叠加场-复合场-电场与磁场重叠-中的运动,径向电场与磁场共同提供向心力的圆周运动
PHYSICS,带电粒子在叠加场-复合场-电场与磁场重叠-中的运动,微元法求特殊带电体的场强
PHYSICS,带电粒子在叠加场-复合场-电场与磁场重叠-中的运动,摆线问题与配速法
PHYSICS,带电粒子在叠加场-复合场-电场与磁场重叠-中的运动,是否考虑带电粒子重力的判断
PHYSICS,带电粒子在叠加场-复合场-电场与磁场重叠-中的运动,有约束情形与重力是否计入
PHYSICS,带电粒子在叠加场-复合场-电场与磁场重叠-中的运动,用速度矢量的端点分析速度变化
PHYSICS,带电粒子在叠加场-复合场-电场与磁场重叠-中的运动,由静止释放的摆线运动
PHYSICS,带电粒子在叠加场-复合场-电场与磁场重叠-中的运动,磁场与磁感线
PHYSICS,带电粒子在叠加场-复合场-电场与磁场重叠-中的运动,竖直细杆上带电小球的往复运动
PHYSICS,带电粒子在叠加场-复合场-电场与磁场重叠-中的运动,辐向电场与辐向磁场中的圆周运动
PHYSICS,带电粒子在叠加场-复合场-电场与磁场重叠-中的运动,配速法与复合场中的摆线问题
PHYSICS,带电粒子在叠加场-复合场-电场与磁场重叠-中的运动,配速法在磁场中的应用
PHYSICS,带电粒子在叠加场-复合场-电场与磁场重叠-中的运动,配速法处理与挡板相切的临界问题
PHYSICS,带电粒子在叠加场-复合场-电场与磁场重叠-中的运动,配速法处理叠加场中的摆线运动
PHYSICS,带电粒子在叠加场-复合场-电场与磁场重叠-中的运动,配速法处理复合场中的摆线运动
PHYSICS,带电粒子在叠加场-复合场-电场与磁场重叠-中的运动,配速法处理滚轮线运动
PHYSICS,带电粒子在叠加场-复合场-电场与磁场重叠-中的运动,配速法的两个常用结论
PHYSICS,带电粒子在叠加场-复合场-电场与磁场重叠-中的运动,配速法的等效替换与易错点
PHYSICS,带电粒子在叠加场-复合场-电场与磁场重叠-中的运动,重力和电场力平衡时的圆周运动
PHYSICS,带电粒子在叠加场-复合场-电场与磁场重叠-中的运动,重力场与电场叠加场中的偏转
PHYSICS,带电粒子在有界匀强磁场中的运动-临界条件,劣弧中弦长越长运动时间越长
PHYSICS,带电粒子在有界匀强磁场中的运动-临界条件,动态圆问题的临界条件与解题步骤
PHYSICS,带电粒子在有界匀强磁场中的运动-临界条件,半径最大对应的是相切临界
PHYSICS,带电粒子在有界匀强磁场中的运动-临界条件,四点六线三角与偏转角关系
PHYSICS,带电粒子在有界匀强磁场中的运动-临界条件,圆形有界磁场中的半径与几何关系
PHYSICS,带电粒子在有界匀强磁场中的运动-临界条件,圆形磁场中由时间相等反推半径
PHYSICS,带电粒子在有界匀强磁场中的运动-临界条件,圆形磁场边界中的几何关系
PHYSICS,带电粒子在有界匀强磁场中的运动-临界条件,大招60：圆形磁场的最小面积问题
PHYSICS,带电粒子在有界匀强磁场中的运动-临界条件,带电粒子在刚性圆筒内的碰撞与临界
PHYSICS,带电粒子在有界匀强磁场中的运动-临界条件,带电粒子在匀强磁场中的圆周运动
PHYSICS,带电粒子在有界匀强磁场中的运动-临界条件,带电粒子在匀强磁场中的圆周运动规律
PHYSICS,带电粒子在有界匀强磁场中的运动-临界条件,带电粒子在有界磁场中的两类核心公式
PHYSICS,带电粒子在有界匀强磁场中的运动-临界条件,带电粒子在有界磁场中的运动
PHYSICS,带电粒子在有界匀强磁场中的运动-临界条件,带电粒子在磁场中的临界极值问题
PHYSICS,带电粒子在有界匀强磁场中的运动-临界条件,有界匀强磁场的四种边界与临界条件
PHYSICS,带电粒子在有界匀强磁场中的运动-临界条件,有界磁场中临界与极值问题的四个结论
PHYSICS,带电粒子在有界匀强磁场中的运动-临界条件,有界磁场中临界问题的判定与求解
PHYSICS,带电粒子在有界匀强磁场中的运动-临界条件,有界磁场中圆心、半径与时间的确定
PHYSICS,带电粒子在有界匀强磁场中的运动-临界条件,有界磁场中的临界问题（放缩圆、旋转圆、平移圆）
PHYSICS,带电粒子在有界匀强磁场中的运动-临界条件,有界磁场中运动的三种边界情形
PHYSICS,带电粒子在有界匀强磁场中的运动-临界条件,有界磁场的三种边界及其运动特点
PHYSICS,带电粒子在有界匀强磁场中的运动-临界条件,有界磁场的三类边界与对称性
PHYSICS,带电粒子在有界匀强磁场中的运动-临界条件,有界磁场的三类边界模型
PHYSICS,带电粒子在有界匀强磁场中的运动-临界条件,有界磁场问题的四步解题策略
PHYSICS,带电粒子在有界匀强磁场中的运动-临界条件,环形磁场对带电粒子的约束
PHYSICS,带电粒子在有界匀强磁场中的运动-临界条件,直线边界与圆形边界的三个重要结论
PHYSICS,带电粒子在有界匀强磁场中的运动-临界条件,磁场中临界与极值问题的分析要点
PHYSICS,带电粒子在有界匀强磁场中的运动-临界条件,磁场临界的旋转圆、放缩圆、平移圆
PHYSICS,带电粒子在有界匀强磁场中的运动-临界条件,运动时间与圆心角弦长的转化
PHYSICS,带电粒子在电场中的平衡问题-受力分析,力电综合平衡问题的思路
PHYSICS,带电粒子在电场中的平衡问题-受力分析,匀强电场中带电小球的静止条件与电场方向判断
PHYSICS,带电粒子在电场中的平衡问题-受力分析,带电体在电场中的平衡与最小场强
PHYSICS,带电粒子在电场中的平衡问题-受力分析,带电油滴（微粒）在平行板间的平衡
PHYSICS,带电粒子在电场中的平衡问题-受力分析,带电粒子受力分析的两个要点
PHYSICS,带电粒子在电场中的平衡问题-受力分析,带电粒子在电场中是否计重力的判断
PHYSICS,带电粒子在电场中的平衡问题-受力分析,带电粒子在电场中的两种分析观点
PHYSICS,带电粒子在电场中的平衡问题-受力分析,点电荷平衡问题的解题步骤
PHYSICS,带电粒子在电场中的平衡问题-受力分析,电场中的常见图像分析
PHYSICS,带电粒子在电场中的平衡问题-受力分析,配速法处理叠加场中的摆线问题
PHYSICS,带电粒子在电场中的平衡问题-受力分析,静电力作用下带电体的平衡分析
PHYSICS,带电粒子在电场中的平衡问题-受力分析,静电力作用下平衡与加速问题的题型图解
PHYSICS,带电粒子在电场中的平衡问题-受力分析,静电力作用下平衡问题的求解思路
PHYSICS,带电粒子在电场中的运动,v-t 图像分析带电粒子在电场中的运动
PHYSICS,带电粒子在电场中的运动,三种射线在电场和磁场中的偏转
PHYSICS,带电粒子在电场中的运动,反射式飞行时间质谱仪中射程与比荷无关的推导
PHYSICS,带电粒子在电场中的运动,带电小球在匀强电场与重力场中的直线运动
PHYSICS,带电粒子在电场中的运动,带电小球在电容器中的三种直线运动
PHYSICS,带电粒子在电场中的运动,带电粒子加速问题的两种思路
PHYSICS,带电粒子在电场中的运动,带电粒子只受静电力时v-t图像的判读
PHYSICS,带电粒子在电场中的运动,带电粒子在匀强电场中做直线运动的两种观点
PHYSICS,带电粒子在电场中的运动,带电粒子在电场中的偏转（类平抛）
PHYSICS,带电粒子在电场中的运动,带电粒子在电场中的加速与偏转
PHYSICS,带电粒子在电场中的运动,带电粒子在电场中的受力与加速
PHYSICS,带电粒子在电场中的运动,带电粒子在电场中的直线运动
PHYSICS,带电粒子在电场中的运动,带电粒子在电场中直线运动的条件与处理
PHYSICS,带电粒子在电场中的运动,带电粒子在电场中运动的两种观点
PHYSICS,带电粒子在电场中的运动,带电粒子在电场中运动的分析方法
PHYSICS,带电粒子在电场中的运动,带电粒子在电场中运动的分析顺序
PHYSICS,带电粒子在电场中的运动,带电粒子在电场中运动的重力处理与直线运动
PHYSICS,带电粒子在电场中的运动,带电粒子是否考虑重力的判断
PHYSICS,带电粒子在电场中的运动,带电粒子是否计重力的判断
PHYSICS,带电粒子在电场中的运动,带电粒子的螺旋线运动
PHYSICS,带电粒子在电场中的运动,库仑力作用下的圆周运动与类双星运动
PHYSICS,带电粒子在电场中的运动,由匀速圆周运动反推径向电场的场强
PHYSICS,带电粒子在电场中的运动,电场中力电综合问题的三个观点
PHYSICS,带电粒子在电场中的运动,电场中的椭圆运动与开普勒定律的类比
PHYSICS,带电粒子在电场中的运动,电场中直线运动的动力学与功能处理
PHYSICS,带电粒子在电场中的运动,电场中运动的动力学与功能观点
PHYSICS,带电粒子在电场中的运动,电场直线运动的动力学与功能观点
PHYSICS,带电粒子在电场中的运动,直线加速器（多级加速）的工作原理
PHYSICS,带电粒子在电场中的运动,示波管的构造与偏转的功能关系求解
PHYSICS,带电粒子在电场中的运动,静电力作用下加速问题的求解思路
PHYSICS,带电粒子在电场中的运动,飞行时间质谱仪中加速与漂移时间的计算
PHYSICS,带电粒子在电场中直线运动的分析方法,电场中直线运动的动力学观点与功能观点
PHYSICS,带电粒子在磁场中的运动,分析带电粒子在匀强磁场中运动的方法
PHYSICS,带电粒子在磁场中的运动,利用弦长公式解题的思路
PHYSICS,带电粒子在磁场中的运动,匀强磁场中运动的两点提醒
PHYSICS,带电粒子在磁场中的运动,半径与时间的计算及角度关系
PHYSICS,带电粒子在磁场中的运动,圆心、半径与运动时间的确定
PHYSICS,带电粒子在磁场中的运动,圆心确定与半径、时间的计算方法
PHYSICS,带电粒子在磁场中的运动,圆心角与弦切角的二倍关系
PHYSICS,带电粒子在磁场中的运动,垂直射入匀强磁场的匀速圆周运动
PHYSICS,带电粒子在磁场中的运动,大招56：磁场轨迹问题的两大核心公式
PHYSICS,带电粒子在磁场中的运动,大招57：弦长公式及其证明
PHYSICS,带电粒子在磁场中的运动,定圆心与找速度方向的技巧
PHYSICS,带电粒子在磁场中的运动,带电粒子做匀速圆周运动的解题思路
PHYSICS,带电粒子在磁场中的运动,带电粒子在匀强磁场中做圆周运动的分析方法
PHYSICS,带电粒子在磁场中的运动,带电粒子在匀强磁场中的三步分析框架
PHYSICS,带电粒子在磁场中的运动,带电粒子在匀强磁场中的运动关系
PHYSICS,带电粒子在磁场中的运动,带电粒子在匀强磁场中的运动形式与圆运动分析
PHYSICS,带电粒子在磁场中的运动,带电粒子在匀强磁场中的运动规律
PHYSICS,带电粒子在磁场中的运动,带电粒子在磁场中的半径与周期
PHYSICS,带电粒子在磁场中的运动,带电粒子在磁场中的旋进运动
PHYSICS,带电粒子在磁场中的运动,带电粒子在磁场中的运动·易混概念辨析
PHYSICS,带电粒子在磁场中的运动,带电粒子在磁场中的运动·计算注意事项
PHYSICS,带电粒子在磁场中的运动,带电粒子在磁场中的运动性质
PHYSICS,带电粒子在磁场中的运动,弦长公式与轨迹法的选用
PHYSICS,带电粒子在磁场中的运动,是否考虑带电粒子重力的三种情况
PHYSICS,带电粒子在磁场中的运动,比较不同磁感应强度下的运动时间
PHYSICS,带电粒子在磁场中的运动,洛伦兹力与阻力共同作用下的螺旋线运动
PHYSICS,带电粒子在磁场中的运动,由轨迹弯曲方向和半径判断电性与速度
PHYSICS,带电粒子在磁场中的运动,确定轨迹圆心的方法
PHYSICS,带电粒子在磁场中的运动,磁场公式汇编
PHYSICS,带电粒子在磁场中的运动,磁场轨迹问题的分析思路
PHYSICS,带电粒子在磁场中运动与原子核反应综合模型,带电粒子在磁场中运动与核反应综合模型
PHYSICS,带电粒子在磁场中运动的多解问题,两反向磁场中反复穿越的周期性运动
PHYSICS,带电粒子在磁场中运动的多解问题,出射方向与边界夹角引起的多解
PHYSICS,带电粒子在磁场中运动的多解问题,分界线两侧反向磁场中的轨迹与多解
PHYSICS,带电粒子在磁场中运动的多解问题,回旋加速器粒子在磁场中运动的总时间
PHYSICS,带电粒子在磁场中运动的多解问题,多解问题的解题三步法
PHYSICS,带电粒子在磁场中运动的多解问题,带电粒子在磁场中运动多解的三类原因
PHYSICS,带电粒子在磁场中运动的多解问题,带电粒子在磁场中运动多解的原因
PHYSICS,带电粒子在磁场中运动的多解问题,带电粒子在磁场中运动的多解
PHYSICS,带电粒子在磁场中运动的多解问题,带电粒子在磁场中运动的多解成因
PHYSICS,带电粒子在磁场中运动的多解问题,带电粒子电性与磁场方向不确定引起的多解
PHYSICS,带电粒子在磁场中运动的多解问题,磁场中多解问题的求解步骤
PHYSICS,带电粒子在磁场中运动的多解问题,磁场中粒子运动的多解成因
PHYSICS,带电粒子在磁场中运动的多解问题,磁场中运动多解问题的四类来源
PHYSICS,带电粒子在磁场中运动的多解问题,磁场中运动的多解问题及成因
PHYSICS,带电粒子在磁场中运动的多解问题,磁场多解情形一：带电粒子电性不确定
PHYSICS,带电粒子在磁场中运动的多解问题,磁场多解情形四：运动具有周期性
PHYSICS,带电粒子在立体空间中的运动,在立体空间的运动
PHYSICS,带电粒子在立体空间中的运动,带电粒子在空间的螺旋线运动
PHYSICS,带电粒子在立体空间中的运动,带电粒子在立体空间中偏转的分析方法
PHYSICS,带电粒子在立体空间中的运动,带电粒子在立体空间中的偏转分析方法
PHYSICS,带电粒子在立体空间中的运动,带电粒子在立体空间中的旋进运动与分析思路
PHYSICS,带电粒子在立体空间中的运动,带电粒子在立体空间中的螺旋线运动
PHYSICS,带电粒子在立体空间中的运动,带电粒子在立体空间和交变场中的运动·易混概念辨析
PHYSICS,带电粒子在立体空间中的运动,带电粒子在立体空间和交变场中的运动·计算注意事项
PHYSICS,带电粒子在立体空间中的运动,带电粒子的螺旋线与旋进运动
PHYSICS,带电粒子在立体空间中的运动,空间电磁场中偏转运动的基本分析思路
PHYSICS,带电粒子在立体空间中的运动,空间电磁场中运动的分阶段分析
PHYSICS,带电粒子在立体空间中的运动,空间磁场中的螺旋线与旋进运动
PHYSICS,带电粒子在立体空间中的运动,空间磁场中轨迹的投影分析
PHYSICS,带电粒子在立体空间中的运动,立体空间中偏转的分析方法
PHYSICS,带电粒子在立体空间中的运动,立体空间中场的分解与配速法
PHYSICS,带电粒子在立体空间中的运动,立体空间中平面圆周与沿磁场方向匀加速的分
PHYSICS,带电粒子在立体空间中的运动,等距螺旋线运动
PHYSICS,带电粒子在立体空间中的运动,螺旋线与旋进运动
PHYSICS,带电粒子在立体空间中的运动,螺旋线运动与旋进运动
PHYSICS,带电粒子在立体空间中的运动,螺旋线运动与旋进运动的分解
PHYSICS,带电粒子在组合场-电场与磁场各位于一定的区域内-并不重叠-中的运动,两类基本组合场的运动特征
PHYSICS,带电粒子在组合场-电场与磁场各位于一定的区域内-并不重叠-中的运动,两粒子在不同磁场中的相遇条件
PHYSICS,带电粒子在组合场-电场与磁场各位于一定的区域内-并不重叠-中的运动,从电场进入磁场与从磁场进入电场的衔接情形
PHYSICS,带电粒子在组合场-电场与磁场各位于一定的区域内-并不重叠-中的运动,先电场后磁场情形的处理
PHYSICS,带电粒子在组合场-电场与磁场各位于一定的区域内-并不重叠-中的运动,先电场后磁场的两种典型过程
PHYSICS,带电粒子在组合场-电场与磁场各位于一定的区域内-并不重叠-中的运动,先磁场后电场情形与五步突破组合场
PHYSICS,带电粒子在组合场-电场与磁场各位于一定的区域内-并不重叠-中的运动,多区域组合场的轨迹拼接与相遇条件
PHYSICS,带电粒子在组合场-电场与磁场各位于一定的区域内-并不重叠-中的运动,大招61：类平抛加磁场的核心方程
PHYSICS,带电粒子在组合场-电场与磁场各位于一定的区域内-并不重叠-中的运动,带电粒子在组合场中的处理方法
PHYSICS,带电粒子在组合场-电场与磁场各位于一定的区域内-并不重叠-中的运动,带电粒子在组合场中的运动
PHYSICS,带电粒子在组合场-电场与磁场各位于一定的区域内-并不重叠-中的运动,带电粒子在组合场中的运动·易混概念辨析
PHYSICS,带电粒子在组合场-电场与磁场各位于一定的区域内-并不重叠-中的运动,带电粒子在组合场中的运动·计算注意事项
PHYSICS,带电粒子在组合场-电场与磁场各位于一定的区域内-并不重叠-中的运动,带电粒子在组合场中的运动分析
PHYSICS,带电粒子在组合场-电场与磁场各位于一定的区域内-并不重叠-中的运动,带电粒子在组合场中运动的解题思路
PHYSICS,带电粒子在组合场-电场与磁场各位于一定的区域内-并不重叠-中的运动,旋转圆法中粒子覆盖区域的半径 R=2r
PHYSICS,带电粒子在组合场-电场与磁场各位于一定的区域内-并不重叠-中的运动,用动量定理求正交方向的分速度
PHYSICS,带电粒子在组合场-电场与磁场各位于一定的区域内-并不重叠-中的运动,电场与磁场组合场的运动特征
PHYSICS,带电粒子在组合场-电场与磁场各位于一定的区域内-并不重叠-中的运动,电场与磁场组合的典型衔接形式
PHYSICS,带电粒子在组合场-电场与磁场各位于一定的区域内-并不重叠-中的运动,电场与磁场组合的运动类型
PHYSICS,带电粒子在组合场-电场与磁场各位于一定的区域内-并不重叠-中的运动,电磁组合场中粒子运动问题的分析关键
PHYSICS,带电粒子在组合场-电场与磁场各位于一定的区域内-并不重叠-中的运动,磁场与磁场的组合
PHYSICS,带电粒子在组合场-电场与磁场各位于一定的区域内-并不重叠-中的运动,磁场与磁场组合场的运动特征
PHYSICS,带电粒子在组合场-电场与磁场各位于一定的区域内-并不重叠-中的运动,磁场与磁场组合的解题关键
PHYSICS,带电粒子在组合场-电场与磁场各位于一定的区域内-并不重叠-中的运动,磁场与磁场组合问题的处理
PHYSICS,带电粒子在组合场-电场与磁场各位于一定的区域内-并不重叠-中的运动,突破带电粒子在组合场中运动的五步法
PHYSICS,带电粒子在组合场-电场与磁场各位于一定的区域内-并不重叠-中的运动,类平抛与圆周拼接求两点距离
PHYSICS,带电粒子在组合场-电场与磁场各位于一定的区域内-并不重叠-中的运动,类平抛与磁场组合的常见模型类型
PHYSICS,带电粒子在组合场-电场与磁场各位于一定的区域内-并不重叠-中的运动,类平抛后进入磁场的速度求法
PHYSICS,带电粒子在组合场-电场与磁场各位于一定的区域内-并不重叠-中的运动,组合场
PHYSICS,带电粒子在组合场-电场与磁场各位于一定的区域内-并不重叠-中的运动,组合场与复合场中运动的分类
PHYSICS,带电粒子在组合场-电场与磁场各位于一定的区域内-并不重叠-中的运动,组合场中运动的一般思路
PHYSICS,带电粒子在组合场-电场与磁场各位于一定的区域内-并不重叠-中的运动,组合场中运动的分析思路
PHYSICS,带电粒子在组合场-电场与磁场各位于一定的区域内-并不重叠-中的运动,组合场的三种常见情形
PHYSICS,带电粒子在组合场-电场与磁场各位于一定的区域内-并不重叠-中的运动,组合场问题的分析思路
PHYSICS,带电粒子在组合场-电场与磁场各位于一定的区域内-并不重叠-中的运动,组合场问题的分段分析思路
PHYSICS,带电粒子在组合场-电场与磁场各位于一定的区域内-并不重叠-中的运动,组合场问题的处理思路
PHYSICS,带电粒子在组合场-电场与磁场各位于一定的区域内-并不重叠-中的运动,质谱仪的工作原理与三阶段分析技巧
PHYSICS,带电粒子在组合场-电场与磁场各位于一定的区域内-并不重叠-中的运动,重力场、静电场、磁场的比较与组合场
PHYSICS,常用公式-n-n-m-m,半衰期的定义与常用公式
PHYSICS,常见传感器的特点,传感器的定义
PHYSICS,常见传感器的特点,传感器的应用
PHYSICS,常见传感器的特点,传感器的组成
PHYSICS,常见传感器的特点,光敏电阻的特点、原理与作用
PHYSICS,常见传感器的特点,常见传感器敏感元件的特性
PHYSICS,常见传感器的特点,常见敏感元件及其特点
PHYSICS,常见传感器的特点,常见敏感元件的特性与作用
PHYSICS,常见传感器的特点,常见敏感元件的电阻变化规律
PHYSICS,常见传感器的特点,金属热电阻、热敏电阻与电阻应变片
PHYSICS,常见物理量和状态,热力学系统、状态参量与平衡态
PHYSICS,常见的功能关系,功能关系的应用选择
PHYSICS,常见的功能关系,功能关系的理解与常见对应
PHYSICS,常见的功能关系,功能关系的理解与选用原则
PHYSICS,常见的功能关系,单一力做功与特定能量变化的对应
PHYSICS,常见的功能关系,常见力做功与能量变化的对应
PHYSICS,常见的功能关系,常见功能关系与表达式
PHYSICS,常见的功能关系,常见功能关系对应
PHYSICS,常见的功能关系,常见功能关系汇总
PHYSICS,常见的图象,动力学三大观点中的常见图象
PHYSICS,常见的导出单位,单位制与导出单位
PHYSICS,常见的速度分解模型,三类关联速度模型图解
PHYSICS,常见的速度分解模型,四种“类碰撞”典型模型·易混概念辨析
PHYSICS,常见的速度分解模型,小船渡河与绳（杆）末端速度分解模型
PHYSICS,常见的速度分解模型,斜抛运动的斜交分解模型
PHYSICS,常见的速度分解模型,竖直圆周“绳模型”与“杆模型”对比
PHYSICS,常见的速度分解模型,绳杆末端速度分解的解题原则
PHYSICS,常见的速度分解模型,绳牵连与杆牵连模型的速度分解
PHYSICS,常见的速度分解模型,绳（杆）端速度分解模型
PHYSICS,干涉和衍射中几种光现象的判断,干涉与衍射图样的判断
PHYSICS,干涉和衍射中几种光现象的判断,干涉和衍射中光现象的判断
PHYSICS,平动切割与转动切割的几种情形,大招64：圆盘旋转切割模型
PHYSICS,平动切割与转动切割的几种情形,大招64：导体棒旋转切割模型
PHYSICS,平动切割与转动切割的几种情形,导体转动切割的三种情形
PHYSICS,平动切割与转动切割的几种情形,导体转动切割的感应电动势
PHYSICS,平动切割与转动切割的几种情形,导体转动切割磁感线时电动势的计算
PHYSICS,平动切割与转动切割的几种情形,导体转动切割磁感线的电动势
PHYSICS,平动切割与转动切割的几种情形,平动切割公式 E=Blv 的四个特性
PHYSICS,平动切割与转动切割的几种情形,平动切割公式的两个特性与转动切割
PHYSICS,平动切割与转动切割的几种情形,平动切割的有效长度
PHYSICS,平动切割与转动切割的几种情形,转动切割磁感线时感应电动势的计算
PHYSICS,平动切割与转动切割的几种情形,转动切割磁感线的三种情形
PHYSICS,平动切割与转动切割的几种情形,金属棒转动切割的电动势与周期
PHYSICS,平均速度,平均速度与平均速率
PHYSICS,平均速度,平均速度与瞬时速度等概念
PHYSICS,平均速度,平均速度的定义与方向
PHYSICS,平均速度,平均速度的意义与定义式
PHYSICS,平均速度与瞬时速度的区别,内能与机械能的区别
PHYSICS,平均速度与瞬时速度的区别,功率的定义与 P=Fv 的应用
PHYSICS,平均速度与瞬时速度的区别,匀变速平均速度等于中间时刻瞬时速度
PHYSICS,平均速度与瞬时速度的区别,匀变速曲线运动的平均速度等于中间时刻速度
PHYSICS,平均速度与瞬时速度的区别,平均速度、瞬时速度、平均速率与速率
PHYSICS,平均速度与瞬时速度的区别,平均速度、瞬时速度与平均速率
PHYSICS,平均速度与瞬时速度的区别,平均速度、瞬时速度与平均速率的区别联系
PHYSICS,平均速度与瞬时速度的区别,平均速度、瞬时速度与速率
PHYSICS,平均速度与瞬时速度的区别,平均速度、瞬时速度与速率的比较
PHYSICS,平均速度与瞬时速度的区别,平均速度与瞬时速度的区别与联系
PHYSICS,平均速度与瞬时速度的区别,平均速度与瞬时速度的辨析
PHYSICS,平均速度与瞬时速度的区别,杆模型最高点弹力随速度的四分区讨论
PHYSICS,平均速度与瞬时速度的区别,火车转弯规定速度与内外轨挤压
PHYSICS,平均速度与瞬时速度的区别,瞬时功率与平均功率的计算
PHYSICS,平均速度与瞬时速度的区别,瞬时速度、速率与平均速率
PHYSICS,平均速度与瞬时速度的区别,纸带处理：求瞬时速度与加速度
PHYSICS,平均速度与瞬时速度的区别,纸带求瞬时速度的方法
PHYSICS,平均速度公式,一动碰一静弹性碰撞结论
PHYSICS,平均速度公式,中间位置的速度公式
PHYSICS,平均速度公式,中间时刻与中间位置的瞬时速度
PHYSICS,平均速度公式,中间时刻速度等于平均速度
PHYSICS,平均速度公式,中间时刻速度等于该段平均速度
PHYSICS,平均速度公式,匀变速直线运动的平均速度公式
PHYSICS,平均速度公式,匀变速直线运动的平均速度推论
PHYSICS,平均速度公式,匀变速运动的平均速度与中间位置速度
PHYSICS,平均速度公式,匀变速运动的平均速度公式
PHYSICS,平均速度公式,子弹穿出物块的公式组
PHYSICS,平均速度公式,巧用均速法求瞬时速度
PHYSICS,平均速度公式,平均速度与中间时刻速度
PHYSICS,平均速度公式,平均速度两个公式的适用范围
PHYSICS,平均速度公式,平均速度公式与中间位置速度
PHYSICS,平均速度公式,平均速度公式与中间时刻速度
PHYSICS,平均速度公式,平均速度的三种表达式及应用
PHYSICS,平均速度公式,弹性碰撞碰后速度公式
PHYSICS,平抛与竖直面结合问题,平抛与竖直面的结合问题
PHYSICS,平抛运动,多个平抛运动的比较与角度约束
PHYSICS,平抛运动,对着竖直墙壁的平抛运动
PHYSICS,平抛运动,平抛实验初速度的两种计算情形
PHYSICS,平抛运动,平抛实验求初速度的数据处理
PHYSICS,平抛运动,平抛实验的操作要点与误差分析
PHYSICS,平抛运动,平抛实验的操作要领与作图规范
PHYSICS,平抛运动,平抛实验的注意事项与误差
PHYSICS,平抛运动,平抛轨迹的验证与初速度的求法
PHYSICS,平抛运动,平抛运动中速度的变化量
PHYSICS,平抛运动,平抛运动及研究方法
PHYSICS,平抛运动,平抛运动的公式与两个推论
PHYSICS,平抛运动,平抛运动的化曲为直分解法
PHYSICS,平抛运动,平抛运动的定义、性质与规律
PHYSICS,平抛运动,平抛运动的定义、条件与规律
PHYSICS,平抛运动,平抛运动的定义与基本规律
PHYSICS,平抛运动,平抛运动的定义与研究方法
PHYSICS,平抛运动,平抛运动的定义性质与研究方法
PHYSICS,平抛运动,平抛运动的定义条件与规律
PHYSICS,平抛运动,平抛运动的性质与基本规律
PHYSICS,平抛运动,平抛运动的理解与基本公式
PHYSICS,平抛运动,平抛运动的规律与两个推论
PHYSICS,平抛运动,平抛运动的速度、位移与飞行时间
PHYSICS,平抛运动,平抛运动的速度变化量与基本规律
PHYSICS,平抛运动,平抛运动的飞行时间与落地速度
PHYSICS,平抛运动,平抛运动规律与两个重要推论
PHYSICS,平抛运动,探究平抛运动特点的实验操作
PHYSICS,平抛运动,探究平抛运动的创新实验方案
PHYSICS,平抛运动,由轨迹求平抛的初速度
PHYSICS,平抛运动,碰后运动不是平抛运动的判断
PHYSICS,平抛运动与斜面的结合分析,“空抛垂落”型：垂直撞击斜面
PHYSICS,平抛运动与斜面的结合分析,“顶抛底落”型：落到斜面上与离斜面最远
PHYSICS,平抛运动与斜面的结合分析,与斜面或圆弧面有关的抛体运动
PHYSICS,平抛运动与斜面的结合分析,与斜面有关的平抛运动
PHYSICS,平抛运动与斜面的结合分析,与斜面结合的抛体运动分解方法
PHYSICS,平抛运动与斜面的结合分析,与斜面结合的抛体运动的分解方法
PHYSICS,平抛运动与斜面的结合分析,实验：平抛运动与向心力·易混概念辨析
PHYSICS,平抛运动与斜面的结合分析,实验：平抛运动与向心力·计算注意事项
PHYSICS,平抛运动与斜面的结合分析,对着斜面平抛的“最小位移”
PHYSICS,平抛运动与斜面的结合分析,小球离斜面最大距离的分析方法
PHYSICS,平抛运动与斜面的结合分析,平抛与斜面结合的两套建系
PHYSICS,平抛运动与斜面的结合分析,平抛与斜面结合的两类问题解法
PHYSICS,平抛运动与斜面的结合分析,平抛与斜面结合的分解方法
PHYSICS,平抛运动与斜面的结合分析,平抛与斜面综合问题的分解策略
PHYSICS,平抛运动与斜面的结合分析,平抛沿斜面方向落入（与斜面相切）的速度关系
PHYSICS,平抛运动与斜面的结合分析,平抛落到斜面上的两种分解方法
PHYSICS,平抛运动与斜面的结合分析,平抛运动与斜面结合的三种模型
PHYSICS,平抛运动与斜面的结合分析,平抛运动与斜面结合的两类临界
PHYSICS,平抛运动与斜面的结合分析,平抛运动打在斜面上的三种典型处理
PHYSICS,平抛运动与斜面的结合分析,拓展创新实验（实验：平抛运动与向心力）
PHYSICS,平抛运动与斜面的结合分析,斜面上平抛运动离斜面最远的条件与两种坐标法
PHYSICS,平抛运动与斜面的结合分析,斜面平抛的比例关系与口诀
PHYSICS,平抛运动与斜面的结合分析,斜面类平抛运动模型
PHYSICS,平抛运动与斜面的结合分析,斜面类平抛运动模型的特点与分析思路
PHYSICS,平抛运动与斜面的结合分析,斜面约束下平抛运动的处理方法
PHYSICS,平抛运动与斜面的结合分析,汽车过拱桥与凹形路面的向心力分析
PHYSICS,平抛运动与斜面的结合分析,沿斜面与垂直斜面方向分解抛体运动
PHYSICS,平抛运动与曲面的结合分析,与圆弧面有关的平抛运动
PHYSICS,平抛运动与曲面的结合分析,半圆形约束下的平抛模型
PHYSICS,平抛运动与曲面的结合分析,平抛与圆面结合的求解方法
PHYSICS,平抛运动与曲面的结合分析,平抛与斜面、曲面的结合
PHYSICS,平抛运动与曲面的结合分析,平抛与曲面的结合分析
PHYSICS,平抛运动与曲面的结合分析,平抛撞击圆弧轨道的位移关系
PHYSICS,平抛运动与曲面的结合分析,平抛运动与圆弧面、抛物面结合的解法
PHYSICS,平抛运动与曲面的结合分析,平抛运动与曲面、球面结合的几何关系
PHYSICS,平抛运动与曲面的结合分析,落点在圆弧面上的三种情境
PHYSICS,平抛运动的两个重要结论,平抛两条推论的证明
PHYSICS,平抛运动的两个重要结论,平抛竖落仪对比实验的结论与条件
PHYSICS,平抛运动的两个重要结论,平抛运动两条推论及用法
PHYSICS,平抛运动的两个重要结论,平抛运动位移分量与位移偏向角
PHYSICS,平抛运动的两个重要结论,平抛运动基本规律与重要结论
PHYSICS,平抛运动的两个重要结论,平抛运动的两个推论与速度变化量
PHYSICS,平抛运动的两个重要结论,平抛运动的两个重要推论
PHYSICS,平抛运动的两个重要结论,平抛运动的运动规律
PHYSICS,平抛运动的两个重要结论,平抛运动的重要推论
PHYSICS,平抛运动的两个重要结论,平抛运动速度分量与速度偏向角
PHYSICS,平抛运动的两个重要结论,弹性碰撞的两个重要结论
PHYSICS,平抛运动的两个重要结论,探究平抛运动的特点
PHYSICS,平抛运动的两个重要结论,教材原型实验：探究平抛运动的特点
PHYSICS,平抛运动的两个重要结论,斜面类平抛模型的两个典型结论
PHYSICS,平抛运动的两个重要结论,板块问题的位移关系与两个重要临界
PHYSICS,平抛运动的两个重要结论,水平传送带同向运动的两种结论
PHYSICS,平抛运动的两个重要结论,类平抛运动的两种分解方法
PHYSICS,平抛运动的两个重要结论,类平抛运动的理解
PHYSICS,平抛运动的两个重要结论,速度偏转角与位移偏转角的关系
PHYSICS,平抛运动的两个重要结论,速度反向延长线过水平位移中点
PHYSICS,平抛运动的临界问题,临界问题的三种题干特征
PHYSICS,平抛运动的临界问题,圆周运动的临界问题
PHYSICS,平抛运动的临界问题,圆周运动的临界问题·易混概念辨析
PHYSICS,平抛运动的临界问题,圆周运动的临界问题·计算注意事项
PHYSICS,平抛运动的临界问题,平抛临界与极值问题的分析步骤
PHYSICS,平抛运动的临界问题,平抛临界问题的三步作图法
PHYSICS,平抛运动的临界问题,平抛相遇与临界问题
PHYSICS,平抛运动的临界问题,平抛运动中临界点的识别
PHYSICS,平抛运动的临界问题,平抛运动临界与极值问题的切入办法
PHYSICS,平抛运动的临界问题,平抛运动临界与极值问题的处理
PHYSICS,平抛运动的临界问题,平抛运动临界问题的两类情形与解题技巧
PHYSICS,平抛运动的临界问题,平抛运动临界问题的分析方法
PHYSICS,平抛运动的临界问题,平抛运动临界问题的分析步骤
PHYSICS,平抛运动的临界问题,平抛运动临界问题的求解
PHYSICS,平抛运动的临界问题,平抛问题中临界与极值的信号词
PHYSICS,平抛运动的临界问题,抛体运动中的临界与极值问题
PHYSICS,平抛运动的临界问题,抛体运动临界点的识别
PHYSICS,平抛运动的临界问题,抛体运动的临界与极值问题
PHYSICS,平抛运动的临界问题,碰撞中的临界及多次碰撞问题·易混概念辨析
PHYSICS,平抛运动的临界问题,碰撞中的临界及多次碰撞问题·计算注意事项
PHYSICS,平抛运动的临界问题,磁场临界问题的三种轨迹界定方法
PHYSICS,平抛运动轨迹的数据处理与初速度计算,平抛轨迹的数据处理与初速度求解
PHYSICS,平抛运动轨迹的数据处理与初速度计算,平抛运动轨迹的数据处理
PHYSICS,平抛运动轨迹的数据处理与初速度计算,由轨迹判断抛出点并求某点的速度
PHYSICS,平抛运动问题的解题思路,平抛运动的两条解题思路
PHYSICS,平抛运动问题的解题思路,有竖直墙等界面约束的平抛问题
PHYSICS,平行板电容器的动态分析问题的两种情况,公式法快解电容器动态变化
PHYSICS,平行板电容器的动态分析问题的两种情况,口诀法分析电容器中某点的电势
PHYSICS,平行板电容器的动态分析问题的两种情况,平行板电容器两类动态分析
PHYSICS,平行板电容器的动态分析问题的两种情况,平行板电容器动态分析两类
PHYSICS,平行板电容器的动态分析问题的两种情况,平行板电容器动态分析的三类情形
PHYSICS,平行板电容器的动态分析问题的两种情况,平行板电容器动态分析的两种情形
PHYSICS,平行板电容器的动态分析问题的两种情况,平行板电容器动态分析的两类情况
PHYSICS,平行板电容器的动态分析问题的两种情况,平行板电容器动态分析的两类情形
PHYSICS,平行板电容器的动态分析问题的两种情况,平行板电容器的两类动态分析
PHYSICS,平行板电容器的动态分析问题的两种情况,平行板电容器的两类动态问题
PHYSICS,平行板电容器的动态分析问题的两种情况,平行板电容器的动态分析
PHYSICS,平行板电容器的动态分析问题的两种情况,平行板电容器的动态分析（两类情形）
PHYSICS,平行板电容器的动态分析问题的两种情况,用电容器检测微小位移的原理与区分局限
PHYSICS,平行板电容器的动态分析问题的两种情况,电容动态分析的四个步骤
PHYSICS,平行板电容器的动态分析问题的两种情况,电容器两类动态问题的分析
PHYSICS,平行板电容器的动态分析问题的两种情况,电容器两类问题的比较与分析思路
PHYSICS,平行板电容器的动态分析问题的两种情况,电容器中某点电势变化的推导
PHYSICS,平行板电容器的动态分析问题的两种情况,电容器动态分析的两种情况
PHYSICS,平行板电容器的动态分析问题的两种情况,电容器板间电场强度的判断技巧
PHYSICS,平行板电容器的动态分析问题的两种情况,电容器的额定电压与击穿电压
PHYSICS,平行板电容器的动态分析问题的两种情况,电容器＋导体棒的两种模型
PHYSICS,平行板电容器的动态分析问题的两种情况,电容的定义式与决定式
PHYSICS,平行板电容器的动态分析问题的两种情况,电路动态分析的程序法与极限法
PHYSICS,平行板电容器的动态分析问题的两种情况,磁场中临界问题的动态放缩法
PHYSICS,平衡条件-根本条件-作用在物体上的所有共点力的合力为零-即-f_合-0,三力平衡中判断摩擦力有无的假设法
PHYSICS,平衡条件-根本条件-作用在物体上的所有共点力的合力为零-即-f_合-0,共点力及其平衡条件
PHYSICS,平衡条件-根本条件-作用在物体上的所有共点力的合力为零-即-f_合-0,共点力合力的最大值与最小值
PHYSICS,平衡条件-根本条件-作用在物体上的所有共点力的合力为零-即-f_合-0,共点力平衡条件
PHYSICS,平衡条件-根本条件-作用在物体上的所有共点力的合力为零-即-f_合-0,共点力平衡条件（合力为零）
PHYSICS,平衡条件-根本条件-作用在物体上的所有共点力的合力为零-即-f_合-0,共点力的平衡
PHYSICS,平衡条件-根本条件-作用在物体上的所有共点力的合力为零-即-f_合-0,平衡状态与平衡条件的推论
PHYSICS,平衡条件-根本条件-作用在物体上的所有共点力的合力为零-即-f_合-0,正交分解法解平衡问题
PHYSICS,平衡条件-根本条件-作用在物体上的所有共点力的合力为零-即-f_合-0,除弹簧弹力外合力为零时弹簧原长处物体速度最大
PHYSICS,库仑力作用下的平衡问题,库仑力作用下平衡问题的分析
PHYSICS,库仑力作用下的平衡问题,库仑力作用下平衡问题的分析思路
PHYSICS,库仑力作用下的平衡问题,库仑力作用下平衡问题的处理
PHYSICS,库仑力作用下的平衡问题,库仑力作用下的平衡模型
PHYSICS,库仑力的力学性质,库仑力作为力的一般性质
PHYSICS,库仑定律,对库仑定律的两点理解
PHYSICS,库仑定律,带电金属球距离很近时不能直接用库仑定律求力
PHYSICS,库仑定律,库仑定律与万有引力定律的比较
PHYSICS,库仑定律,库仑定律及其适用条件
PHYSICS,库仑定律,库仑定律的内容、条件与注意点
PHYSICS,库仑定律,库仑定律的内容、适用条件与易错点
PHYSICS,库仑定律,库仑定律的内容、适用条件与点电荷
PHYSICS,库仑定律,库仑定律的内容与适用条件
PHYSICS,库仑定律,库仑定律的理解与应用要点
PHYSICS,库仑定律,库仑定律的理解与适用条件
PHYSICS,库仑定律,库仑定律的表达式与适用条件
PHYSICS,库仑定律,悬挂带电小球平衡时质量与电荷量的判断
PHYSICS,库仑定律,点电荷与库仑定律
PHYSICS,库仑定律,点电荷模型成立的条件
PHYSICS,库仑定律,用速度特征与加速度特征定位带电小球的特殊位置
PHYSICS,库仑定律,相同带电金属球间库仑力的修正
PHYSICS,应用-光纤通信-激光测距-激光武器等,光导纤维的全反射原理与相关计算
PHYSICS,应用光的折射和全反射解决问题的两个技巧,光导纤维的传光原理
PHYSICS,应用光的折射和全反射解决问题的两个技巧,光路几何分析的五条操作提示
PHYSICS,应用光的折射和全反射解决问题的两个技巧,全反射的两个条件
PHYSICS,应用光的折射和全反射解决问题的两个技巧,折射与全反射问题的解题技巧
PHYSICS,应用光的折射和全反射解决问题的两个技巧,折射与全反射问题的解题步骤
PHYSICS,应用光的折射和全反射解决问题的四个注意,常用的四个光学几何结论
PHYSICS,应用光的折射和全反射解决问题的四个注意,板块与传送带问题的三点注意
PHYSICS,应用动能定理求解步骤,动能定理处理多过程问题的两种用法
PHYSICS,应用动能定理求解步骤,动能定理应用中过程选取的策略
PHYSICS,应用动能定理求解步骤,动能定理求变力做功
PHYSICS,应用动能定理求解步骤,动能定理求变力做功的总体思路
PHYSICS,应用动能定理求解步骤,动能定理的应用流程与注意事项
PHYSICS,应用动能定理求解步骤,动能定理解决多段过程问题
PHYSICS,应用动能定理求解步骤,变力做功用动能定理的三步法
PHYSICS,应用动能定理求解步骤,多过程问题与功的正负处理
PHYSICS,应用动能定理求解步骤,应用动能定理的五个技巧
PHYSICS,应用动能定理求解步骤,应用动能定理的流程与两个前提
PHYSICS,应用动能定理求解步骤,应用动能定理的解题步骤
PHYSICS,应用动能定理求解步骤,应用动能定理解题的一般步骤
PHYSICS,应用动能定理求解步骤,应用动能定理解题的基本步骤
PHYSICS,应用动能定理求解步骤,应用动能定理解题的步骤
PHYSICS,应用动能定理求解步骤,时间效应与空间效应的规律选择
PHYSICS,应用动能定理求解步骤,用动能定理解题的流程与注意事项
PHYSICS,应用动量守恒定律的解题步骤,应用动量守恒定律时的列式与对象、过程选取
PHYSICS,应用匀变速直线运动规律解题的基本思路,匀变速直线运动三个基本公式
PHYSICS,应用匀变速直线运动规律解题的基本思路,匀变速直线运动三个基本公式及选用
PHYSICS,应用匀变速直线运动规律解题的基本思路,匀变速直线运动解题的基本思路与公式选择
PHYSICS,应用匀变速直线运动规律解题的基本思路,匀变速直线运动问题的解题步骤
PHYSICS,应用匀变速直线运动规律解题的基本思路,天体环绕问题的基本解法
PHYSICS,应用匀变速直线运动规律解题的基本思路,应用动能定理解题的基本思路
PHYSICS,应用匀变速直线运动规律解题的基本思路,目标转化法解多段运动问题
PHYSICS,应用牛顿第二定律解题的方法,应用牛顿第二定律解题的基本步骤
PHYSICS,应用牛顿第二定律解题的方法,矢量合成法与正交分解法
PHYSICS,康普顿效应,光子动量与康普顿效应的解释
PHYSICS,康普顿效应,光的散射与康普顿效应
PHYSICS,康普顿效应,康普顿效应与光的粒子性
PHYSICS,康普顿效应,康普顿效应及其物理意义
PHYSICS,开普勒三定律,万有引力与开普勒定律的综合比较
PHYSICS,开普勒三定律,冲日间隔约为一年与5倍判据
PHYSICS,开普勒三定律,变轨过程周期关系（开普勒第三定律）
PHYSICS,开普勒三定律,对开普勒第二定律的理解
PHYSICS,开普勒三定律,开普勒三定律及其适用条件
PHYSICS,开普勒三定律,开普勒三定律及应用
PHYSICS,开普勒三定律,开普勒三定律的内容与k值含义
PHYSICS,开普勒三定律,开普勒三定律的内容与适用条件
PHYSICS,开普勒三定律,开普勒三定律的表述
PHYSICS,开普勒三定律,开普勒定律在天体运动比较中的应用
PHYSICS,开普勒三定律,开普勒定律的推论与比值 k 的决定因素
PHYSICS,开普勒三定律,开普勒定律的理解与应用
PHYSICS,开普勒三定律,开普勒定律的理解与表达式
PHYSICS,开普勒三定律,开普勒第一定律（轨道定律）
PHYSICS,开普勒三定律,开普勒第三定律的使用条件
PHYSICS,开普勒三定律,开普勒第三定律（周期定律）
PHYSICS,开普勒三定律,开普勒第二定律与第三定律的区别
PHYSICS,开普勒三定律,开普勒第二定律（面积定律）
PHYSICS,开普勒三定律,开普勒行星运动三定律
PHYSICS,开普勒三定律,开普勒行星运动定律
PHYSICS,开普勒三定律,开普勒行星运动定律及理解
PHYSICS,开普勒三定律,开普勒行星运动定律及适用范围
PHYSICS,开普勒三定律,开普勒行星运动定律的理解
PHYSICS,开普勒三定律,微元法解读开普勒第二定律与k的推导
PHYSICS,开普勒三定律,椭圆轨道的半长轴与圆轨道半径的关系
PHYSICS,开普勒三定律,火星冲日与下一次冲日时间的计算
PHYSICS,开普勒三定律,由最大视角的几何关系确定行星轨道半径之比
PHYSICS,引力势能,引力势能与卫星轨道
PHYSICS,引力势能,引力势能的表达式与零势能点的选取
PHYSICS,引力波探测,空间引力波探测
PHYSICS,弹力,弹力的方向与大小
PHYSICS,弹力,弹簧与橡皮筋的弹力特点
PHYSICS,弹力做功与弹性势能变化的关系,φ-x图像：电势能变化的比较方法
PHYSICS,弹力做功与弹性势能变化的关系,动能、势能、机械能变化的判断方法
PHYSICS,弹力做功与弹性势能变化的关系,含弹簧系统的能量处理要点
PHYSICS,弹力做功与弹性势能变化的关系,增反减同（感应磁场方向与原磁通量变化的关系）
PHYSICS,弹力做功与弹性势能变化的关系,常见力做功与能量变化的对应关系
PHYSICS,弹力做功与弹性势能变化的关系,弹力做功与弹性势能的关系
PHYSICS,弹力做功与弹性势能变化的关系,弹簧弹力做功与弹性势能的变化关系
PHYSICS,弹力做功与弹性势能变化的关系,微元法求方向变化的变力做功
PHYSICS,弹力做功与弹性势能变化的关系,涉及弹簧的能量问题
PHYSICS,弹力做功与弹性势能变化的关系,用橡皮筋探究功与速度变化的关系
PHYSICS,弹力做功与弹性势能变化的关系,电场力做功与电势能、电势差的关系
PHYSICS,弹力做功与弹性势能变化的关系,电场力做功与电势能变化：WAB=−ΔEp
PHYSICS,弹力做功与弹性势能变化的关系,电场力及其他力做功等于机械能变化量
PHYSICS,弹力做功与弹性势能变化的关系,逸出功与极限频率的关系
PHYSICS,弹力做功与弹性势能变化的关系,重力势能及与重力做功的关系
PHYSICS,弹力做功与弹性势能变化的关系,链条（液柱）类能量变化的等效重心计算法
PHYSICS,弹力的大小,向心力的大小、方向与来源
PHYSICS,弹力的大小,安培力的大小
PHYSICS,弹力的大小,安培力的大小与方向
PHYSICS,弹力的大小,弹力大小的三种求法
PHYSICS,弹力的大小,弹力大小的三种计算方法
PHYSICS,弹力的大小,弹力大小的确定
PHYSICS,弹力的大小,弹力大小的确定方法
PHYSICS,弹力的大小,弹力大小的计算
PHYSICS,弹力的大小,弹力大小的计算路径
PHYSICS,弹力的大小,弹力有无与大小的判定方法
PHYSICS,弹力的大小,洛伦兹力的大小、方向与特性
PHYSICS,弹力的大小,轻绳轻杆与一般物体弹力的求法
PHYSICS,弹力的定义及产生条件,全反射的定义、临界角与发生条件
PHYSICS,弹力的定义及产生条件,功率的定义式与计算式
PHYSICS,弹力的定义及产生条件,功的定义与正负的判断
PHYSICS,弹力的定义及产生条件,弹力的产生条件与方向判定
PHYSICS,弹力的定义及产生条件,弹力的产生条件与有无判断
PHYSICS,弹力的定义及产生条件,弹力的定义、产生条件与方向
PHYSICS,弹力的定义及产生条件,弹力的定义与产生条件
PHYSICS,弹力的定义及产生条件,形变、弹性限度与弹力的产生
PHYSICS,弹力的定义及产生条件,形变与弹力的产生条件
PHYSICS,弹力的定义及产生条件,摩擦力的产生条件与方向判断
PHYSICS,弹力的定义及产生条件,电势差的定义与正负意义
PHYSICS,弹力的定义及产生条件,电势差的定义与特点
PHYSICS,弹力的定义及产生条件,电流的定义式与微观表达式
PHYSICS,弹力的方向,Ep-x 图像斜率与静电力的对应
PHYSICS,弹力的方向,“死杆”与“活杆”模型
PHYSICS,弹力的方向,各类接触方式下弹力的方向
PHYSICS,弹力的方向,安培力的一般计算式与方向约束
PHYSICS,弹力的方向,弹力方向的判断
PHYSICS,弹力的方向,弹力方向的判断与常见情形
PHYSICS,弹力的方向,弹力方向的判断归纳
PHYSICS,弹力的方向,活动杆与固定杆的弹力方向判断
PHYSICS,弹力的方向,热传导的方向性
PHYSICS,弹力的方向,重力的方向与 g 的变化
PHYSICS,弹性势能,弹性势能及其变化
PHYSICS,弹性势能,弹性势能及其表达式
PHYSICS,弹性势能,弹性势能的定义与弹力做功
PHYSICS,弹性势能,弹性势能的定义与表达式
PHYSICS,弹性势能,弹性势能的特点
PHYSICS,弹性势能,弹簧弹性势能的表达式与推导思路
PHYSICS,弹性势能,弹簧拉伸至最长（压缩至最短）时弹性势能最大
PHYSICS,弹性势能,涉及弹簧的能量问题要点
PHYSICS,弹性碰撞,“一动碰一静”弹性碰撞的结论
PHYSICS,弹性碰撞,一动一静弹性碰撞的速度结论
PHYSICS,弹性碰撞,一动碰一动弹性碰撞的通用公式
PHYSICS,弹性碰撞,一动碰一静弹性碰撞公式
PHYSICS,弹性碰撞,一动碰一静弹性碰撞的公式与讨论
PHYSICS,弹性碰撞,一动碰一静的弹性碰撞
PHYSICS,弹性碰撞,一动碰一静的弹性碰撞结论
PHYSICS,弹性碰撞,一维弹性碰撞的讨论结论
PHYSICS,弹性碰撞,多次弹性碰撞的连续处理与判断
PHYSICS,弹性碰撞,巧用转换参考系解决碰撞问题
PHYSICS,弹性碰撞,弹性碰撞一动碰一静的结论
PHYSICS,弹性碰撞,弹性碰撞中质量关系的讨论
PHYSICS,弹性碰撞,弹性碰撞的方程组与一动一静特例
PHYSICS,弹性碰撞,弹性碰撞的碰后速度公式
PHYSICS,弹性碰撞,弹性碰撞的碰后速度公式与讨论
PHYSICS,弹性碰撞,弹性碰撞的碰后速度结论
PHYSICS,弹性碰撞,弹性碰撞的结论与讨论
PHYSICS,弹性碰撞,弹性碰撞的规律与三个结论
PHYSICS,弹性碰撞,弹性碰撞的速度公式与质量讨论
PHYSICS,弹性碰撞,弹性碰撞的速度规律与讨论
PHYSICS,弹性碰撞,弹性碰撞（一动碰一静）的结论公式
PHYSICS,弹性碰撞,弹簧恢复原长相当于弹性碰撞
PHYSICS,弹性碰撞,等质量弹性碰撞速度互换
PHYSICS,弹性碰撞,速度增量法速算弹性碰撞碰后速度
PHYSICS,弹簧分离问题,两物体分离时弹簧不一定处于原长
PHYSICS,弹簧分离问题,弹簧分离问题的临界特征与解题步骤
PHYSICS,弹簧弹力与形变量实验的创新改进,探究弹簧弹力与形变量实验的改进
PHYSICS,弹簧振子,弹簧振子的周期
PHYSICS,弹簧振子,弹簧振子的简谐运动条件与周期
PHYSICS,弹簧振子,水平弹簧振子的模型与周期
PHYSICS,弹簧振子模型,弹簧振子与单摆两种简谐运动模型的比较
PHYSICS,弹簧振子模型,弹簧振子与单摆模型
PHYSICS,弹簧振子模型,弹簧振子与单摆的对比
PHYSICS,弹簧振子模型,弹簧振子与单摆的比较
PHYSICS,弹簧振子模型,碰撞与连接体组成简谐运动模型的破解
PHYSICS,弹簧竖直悬挂实验的操作与读数要点,弹簧实验的操作与读数要点
PHYSICS,归纳递推法,递推中的等差与等比数列
PHYSICS,形变,形变、弹性形变与弹性限度
PHYSICS,形变,形变与弹性限度
PHYSICS,往复运动问题,往复运动问题的特征与处理着眼点
PHYSICS,往返类与刹车类问题,往返类与刹车类问题的增根与错根
PHYSICS,微元法,动量定理与微元积分法处理变速直线运动
PHYSICS,微元法,变力做功的微元思想与常见模型
PHYSICS,微元法,变力做功的特点与求解方法
PHYSICS,微元法,微元法与补偿法求均匀带电圆环的场强
PHYSICS,微元法,微元法处理叠加场中的曲线运动
PHYSICS,微元法,微元法求连续带电体的场强
PHYSICS,微元法,微元法的含义与用法
PHYSICS,微元法,用微元思想求变力做功的示例
PHYSICS,微元法,用微元法分析飘带的形态
PHYSICS,微元法,用微元法求变力做功
PHYSICS,微元法,空间微元（链条问题）的模型与特征
PHYSICS,微元法,链条问题的解题技巧与能量分析
PHYSICS,微粒类问题分析步骤,微粒类柱状模型的动量定理处理
PHYSICS,微粒类问题分析步骤,微粒类问题的分析步骤
PHYSICS,微粒类问题分析步骤,微粒类（粒子流）问题的分析步骤
PHYSICS,必备实验仪器的原理及使用,向心力演示器实验的步骤与注意事项
PHYSICS,必备实验仪器的原理及使用,回旋加速器的原理
PHYSICS,必备实验仪器的原理及使用,打点计时器的工作条件与操作要领
PHYSICS,必备实验仪器的原理及使用,探究 a-F 实验三种异常图线的原因
PHYSICS,必备实验仪器的原理及使用,游标卡尺与螺旋测微器的读数
PHYSICS,必备实验仪器的原理及使用,游标卡尺与螺旋测微器的读数方法
PHYSICS,必备实验仪器的原理及使用,游标卡尺的原理与读数
PHYSICS,必备实验仪器的原理及使用,游标卡尺的测量原理与读数
PHYSICS,必备实验仪器的原理及使用,游标卡尺的读数方法与精确度
PHYSICS,必备实验仪器的原理及使用,电学实验仪器的选择依据
PHYSICS,必备实验仪器的原理及使用,电学实验仪器的选择顺序
PHYSICS,必备实验仪器的原理及使用,电阻表刻度盘的特点与读数技巧
PHYSICS,必备实验仪器的原理及使用,电阻表（欧姆表）的原理
PHYSICS,必备实验仪器的原理及使用,螺旋测微器与游标卡尺的原理和读数
PHYSICS,必备实验仪器的原理及使用,螺旋测微器的操作细节与读数规范
PHYSICS,必备实验仪器的原理及使用,螺旋测微器的读数方法与估读要求
PHYSICS,必须估读的仪器-这类仪器是大多数-其读数需要包含一位可靠的估计值,测量仪器的估读要求
PHYSICS,必须估读的仪器-这类仪器是大多数-其读数需要包含一位可靠的估计值,电流表电压表和电阻表的使用与读数
PHYSICS,必须估读的仪器-这类仪器是大多数-其读数需要包含一位可靠的估计值,电表与常用仪器的估读规则
PHYSICS,必须估读的仪器-这类仪器是大多数-其读数需要包含一位可靠的估计值,电表的量程选择与估读规则
PHYSICS,必须估读的仪器-这类仪器是大多数-其读数需要包含一位可靠的估计值,电表读数与估读规则
PHYSICS,悬绳模型,悬绳模型的特点与处理要点
PHYSICS,悬绳模型,悬绳类碰撞模型
PHYSICS,惯性的两种表现形式,惯性大小的量度与表现
PHYSICS,惯性的两种表现形式,惯性的理解与两种表现形式
PHYSICS,惯性的两种表现形式,楞次定律的推论（几种表现形式）
PHYSICS,惯性的两种表现形式,输电线损耗功率的两种表达式
PHYSICS,意义-表示放射性元素衰变的快慢,半衰期的意义、特征与用途
PHYSICS,感应电荷量的计算,感应电荷量的计算公式与决定因素
PHYSICS,打点计时器,打点计时器的类型与使用
PHYSICS,扩散,扩散现象
PHYSICS,扩散,扩散现象与热运动
PHYSICS,扩散,扩散现象及其特点
PHYSICS,技巧突破点,板块模型的技巧突破点
PHYSICS,折射率,光的折射与全反射的三个公式
PHYSICS,折射率,大招72：光路几何计算的核心方程
PHYSICS,折射率,对折射率的三点理解
PHYSICS,折射率,对折射率的理解与解题思路
PHYSICS,折射率,折射定律与折射率的定义
PHYSICS,折射率,折射率与光密光疏介质
PHYSICS,折射率,折射率实验的单位圆法
PHYSICS,折射率,折射率的两种定义式
PHYSICS,折射率,折射率的定义与理解
PHYSICS,折射率,折射率的定义与理解要点
PHYSICS,折射率,折射率的定义及与速度、频率的关系
PHYSICS,折射率,插针法测量玻璃折射率的原理与步骤
PHYSICS,折射率,测量玻璃折射率的实验操作与结论
PHYSICS,折射率,用插针法测量玻璃的折射率
PHYSICS,折射率,用激光测距仪测深度的拓展探究
PHYSICS,折射率,视深与视高及其定量关系
PHYSICS,抛体运动模型的分类体系,抛体运动模型的分类体系与考查方式
PHYSICS,抛体运动的规律及其应用,全反射及其应用
PHYSICS,抛体运动的规律及其应用,几种抛体运动的比较
PHYSICS,抛体运动的规律及其应用,平抛运动的分运动规律
PHYSICS,抛体运动的规律及其应用,平抛运动的结论与斜抛运动
PHYSICS,抛体运动的规律及其应用,平抛运动的飞行时间射程与落地速度
PHYSICS,抛体运动的规律及其应用,抛体轨迹最高点的曲率半径
PHYSICS,抛体运动的规律及其应用,抛体运动·计算注意事项
PHYSICS,抛体运动的规律及其应用,抛体运动中的相遇问题
PHYSICS,抛体运动的规律及其应用,斜交分解法处理斜抛问题
PHYSICS,抛体运动的规律及其应用,斜抛运动的分解与基本规律
PHYSICS,抛体运动的规律及其应用,斜抛运动的性质与基本规律
PHYSICS,抛体运动的规律及其应用,斜抛运动的概念与规律
PHYSICS,拓展-气垫导轨光电门测速实验法,光电计时器测速的原理与要点
PHYSICS,拓展-气垫导轨光电门测速实验法,光电计时器的工作原理与数据处理
PHYSICS,拓展-气垫导轨光电门测速实验法,光电计时频闪与录播法测速度
PHYSICS,拓展-气垫导轨光电门测速实验法,光电门测瞬时速度的近似方法
PHYSICS,拓展-气垫导轨光电门测速实验法,光电门测速与实验装置创新
PHYSICS,拓展-气垫导轨光电门测速实验法,光电门测速与求加速度
PHYSICS,拓展-气垫导轨光电门测速实验法,拓展创新实验
PHYSICS,拓展-气垫导轨光电门测速实验法,拓展创新实验（实验：验证机械能守恒定律）
PHYSICS,拓展-气垫导轨光电门测速实验法,探究牛顿第二定律实验的三类改进
PHYSICS,拓展-气垫导轨光电门测速实验法,气垫导轨验证动量守恒的实验方案
PHYSICS,拓展-气垫导轨光电门测速实验法,气垫导轨验证动量守恒的操作
PHYSICS,拓展-气垫导轨光电门测速实验法,用光电门改进验证机械能守恒实验
PHYSICS,拓展-气垫导轨光电门测速实验法,用光电门测速度与加速度的方法
PHYSICS,拓展-气垫导轨光电门测速实验法,用气垫导轨和光电门验证机械能守恒
PHYSICS,按实际作用效果分解-最典型的是将速度分解为,分解法按力的作用效果分解
PHYSICS,按实际作用效果分解-最典型的是将速度分解为,力的分解方法：按效果分解与正交分解
PHYSICS,按实际作用效果分解-最典型的是将速度分解为,力的效果分解法
PHYSICS,按运动独立性建立坐标系,按运动独立性建立坐标系
PHYSICS,振动图像与波的图像,振动图像与波的图像的辨析
PHYSICS,振荡电路过程中各物理量的变化,LC回路中电容器与电感线圈的作用及电流变化规律
PHYSICS,振荡电路过程中各物理量的变化,LC回路的两组物理量与能量转化周期
PHYSICS,振荡电路过程中各物理量的变化,LC振荡电路中电容器放电的电流变化
PHYSICS,振荡电路过程中各物理量的变化,卫星各物理量随轨道半径的变化规律
PHYSICS,振荡电路过程中各物理量的变化,振幅、周期与振动物理量的变化关系
PHYSICS,振荡电路过程中各物理量的变化,电磁振荡的基本规律与图像
PHYSICS,排除法,选择题的排除法
PHYSICS,探究两个互成角度的力的合成规律实验的误差与改进,力的合成实验的误差分析与改进方案
PHYSICS,探究互成角度力的合成规律实验,力的合成实验的数据处理与作图
PHYSICS,探究互成角度力的合成规律实验,探究互成角度力合成规律的原理
PHYSICS,探究力的合成规律实验的三个相同与三个适当,力的合成实验的操作要点
PHYSICS,探究功与速度变化的关系,探究功与速度关系实验的操作要点
PHYSICS,探究功与速度变化的关系,探究功与速度变化关系的实验原理与结论
PHYSICS,探究加速度与力、质量关系的实验过程,探究加速度与力、质量关系的操作步骤
PHYSICS,探究加速度与力、质量的关系实验,位移之比测加速度的方案
PHYSICS,探究加速度与力、质量的关系实验,探究加速度与力、质量关系实验的装置与平衡阻力
PHYSICS,探究加速度与力、质量的关系实验,探究加速度与力、质量关系的实验原理与器材
PHYSICS,探究加速度与力、质量的关系实验,探究加速度与力、质量关系的目的原理与步骤
PHYSICS,探究加速度与力、质量的关系实验,探究加速度实验的原理创新
PHYSICS,探究加速度与力、质量的关系实验,探究加速度实验的操作步骤
PHYSICS,探究加速度与力、质量的关系实验,探究加速度实验的物理量测量
PHYSICS,探究加速度与力、质量的关系实验,数据处理与实验注意事项
PHYSICS,探究加速度与力、质量的关系实验,误差分析与位移之比测加速度方案
PHYSICS,探究加速度与力质量关系实验的图线异常分析,a-F图像三种截距的含义
PHYSICS,探究加速度与力质量关系实验的图线异常分析,图线不过原点或弯曲的成因
PHYSICS,探究加速度与力质量关系的实验创新,实验器材、方案与目的的创新
PHYSICS,探究加速度实验的器材与方案创新,以牛顿第二定律为原理的创新测量
PHYSICS,探究加速度实验的器材与方案创新,取下托盘法：改变合外力来源的实验方案
PHYSICS,探究加速度实验的器材与方案创新,实验器材的改进与方案的迁移应用
PHYSICS,探究加速度实验的器材与方案创新,探究加速度与力、质量关系的方案拓展
PHYSICS,探究加速度实验的器材与方案创新,用位移之比测加速度之比的方案
PHYSICS,探究变压器原副线圈电压与匝数的关系,探究变压器电压与匝数关系
PHYSICS,探究变压器原副线圈电压与匝数的关系,探究变压器电压与匝数关系的实验方法
PHYSICS,探究变压器电压与匝数关系的实验,探究变压器原副线圈电压与匝数关系的实验
PHYSICS,探究向心力与半径、角速度、质量的关系,向心力实验的数据处理与图像
PHYSICS,探究向心力与半径、角速度、质量的关系,探究向心力实验的操作步骤
PHYSICS,探究向心力与半径、角速度、质量的关系,探究向心力实验的注意事项
PHYSICS,探究向心力与半径、角速度、质量的关系,探究向心力影响因素的实验思路
PHYSICS,探究向心力大小与半径角速度质量的关系实验,向心力实验的数据处理与注意事项
PHYSICS,探究向心力大小与半径角速度质量的关系实验,探究向心力大小关系实验的思路与操作
PHYSICS,探究向心力大小与半径角速度质量的关系实验,探究向心力大小的实验思路与数据处理
PHYSICS,探究向心力大小的实验,向心力实验的原理与控制变量
PHYSICS,探究向心力大小的实验,向心力实验的数据处理与作图
PHYSICS,探究向心力大小的实验,向心力实验的数据处理与操作规范
PHYSICS,探究向心力大小的实验,向心力实验的读数注意事项
PHYSICS,探究向心力大小的实验,探究向心力大小与质量、角速度、半径的关系
PHYSICS,探究向心力大小的实验,探究向心力大小实验的原理
PHYSICS,探究向心力大小的实验,探究向心力实验的三步操作
PHYSICS,探究向心力影响因素的图像处理与结论,向心力实验的图像处理与结论
PHYSICS,探究小车速度实验的操作细节,实验操作细节与作图规范
PHYSICS,探究小车速度实验的操作细节,纸带的选取、计数与测量操作要点
PHYSICS,探究小车速度实验的改进与创新,探究小车速度实验的三种改进方向
PHYSICS,探究小车速度随时间变化的实验,探究小车速度实验的创新方法
PHYSICS,探究小车速度随时间变化的实验,探究小车速度实验的注意事项与误差
PHYSICS,探究小车速度随时间变化的实验,探究小车速度随时间变化规律的器材与步骤
PHYSICS,探究小车速度随时间变化的规律,探究小车速度随时间变化规律的实验
PHYSICS,探究小车速度随时间变化的规律,探究小车速度随时间变化规律的数据处理方法
PHYSICS,探究小车速度随时间变化的规律（实验）,探究小车速度随时间变化的规律实验
PHYSICS,探究小车速度随时间变化的规律（实验）,纸带实验的操作注意事项
PHYSICS,探究平抛运动特点的实验,探究平抛运动特点的原理与操作
PHYSICS,探究平抛运动特点的实验方案,探究平抛运动特点的其他实验方案
PHYSICS,探究平抛运动特点的实验步骤,探究平抛运动特点的操作步骤
PHYSICS,探究平抛运动的实验创新与误差,平抛实验的拓展创新与误差来源
PHYSICS,探究平抛运动的实验思路与器材,探究平抛运动实验的器材与组装要求
PHYSICS,探究平抛运动的实验操作与数据处理,探究平抛运动实验的三条注意事项
PHYSICS,探究平抛运动的实验操作与数据处理,探究平抛运动实验的操作要点
PHYSICS,探究平抛运动的实验操作与数据处理,探究平抛运动实验的注意事项
PHYSICS,探究平抛运动的实验操作与数据处理,探究平抛运动特点的实验装置与轨迹判定
PHYSICS,探究平抛运动的实验操作与数据处理,探究平抛运动的实验操作步骤
PHYSICS,探究平抛运动的实验数据处理,平抛实验求初速度的两种情形
PHYSICS,探究平抛运动的实验数据处理,由频闪（打点）记录判断平抛的分运动性质
PHYSICS,探究弹簧弹力与形变量关系实验的拓展与创新,弹簧实验的拓展与创新
PHYSICS,探究弹簧弹力与形变量关系的实验,弹簧探究实验的注意事项
PHYSICS,探究弹簧弹力与形变量关系的实验,探究弹簧弹力与形变量关系实验
PHYSICS,探究弹簧弹力与形变量关系的误差分析与改进,弹簧弹力与形变量实验的误差与改进
PHYSICS,探究弹簧弹力与形变量的关系实验,弹簧实验的注意事项
PHYSICS,探究气体等温变化的规律（注射器法）,探究气体等温变化的规律
PHYSICS,探究气体等温变化的规律（注射器法）,探究气体等温变化规律的操作要点
PHYSICS,探究气体等温变化的规律（注射器法）,探究气体等温变化规律的数据处理与结论
PHYSICS,探究气体等温变化的规律（注射器法）,探究气体等温变化规律的装置与操作
PHYSICS,探究等温情况下气体压强与体积的关系实验,探究等温情况下一定质量气体压强与体积的关系
PHYSICS,探究等温情况气体压强与体积关系的实验要点,探究等温情况下气体压强与体积关系的实验要点
PHYSICS,探究结果-胡克定律-x为形变量,弹力与形变量关系的数据处理
PHYSICS,探究结果-胡克定律-x为形变量,探究弹簧弹力与形变量关系实验的注意事项
PHYSICS,探究结果-胡克定律-x为形变量,探究弹簧弹力与形变量关系的作图与数据处理
PHYSICS,探究结果-胡克定律-x为形变量,探究弹簧弹力与形变量关系的原理与操作
PHYSICS,探究结果-胡克定律-x为形变量,探究弹簧弹力与形变量关系的原理与步骤
PHYSICS,探究结果-胡克定律-x为形变量,探究弹簧弹力与形变量关系的实验与数据处理
PHYSICS,探究结果-胡克定律-x为形变量,探究弹簧弹力与形变量实验的步骤
PHYSICS,控制变量法,探究向心力与质量、角速度、半径的关系（实验设计）
PHYSICS,描述运动的基本概念,天体反向运动的相遇列式
PHYSICS,描述运动的基本概念,天体同向运动的追及列式
PHYSICS,描述运动的基本概念,运动的描述·易混概念辨析
PHYSICS,描述运动的基本概念,运动的描述·计算注意事项
PHYSICS,插针法测玻璃砖的折射率,插针法测玻璃砖折射率的原理与步骤
PHYSICS,插针法测玻璃砖的折射率,插针法测玻璃砖折射率的步骤与数据处理
PHYSICS,插针法测玻璃砖的折射率,测折射率实验的注意事项与拓展情形
PHYSICS,插针法测玻璃砖的折射率,测玻璃折射率的数据处理方法
PHYSICS,插针法测玻璃砖的折射率,测玻璃折射率的数据处理方法与原理理解
PHYSICS,插针法测玻璃砖的折射率,测玻璃折射率的注意事项与误差分析
PHYSICS,插针法测量玻璃的折射率,插针法测玻璃折射率的原理与步骤
PHYSICS,摆线问题,复合场中的摆线运动
PHYSICS,摩擦力,叠放物块刚要滑动的临界条件与摩擦力方向判断
PHYSICS,摩擦力,摩擦力产生的三个条件
PHYSICS,摩擦力,摩擦力及其分类
PHYSICS,摩擦力,摩擦力大小的求解思路
PHYSICS,摩擦力,摩擦力的产生条件、方向与大小
PHYSICS,摩擦力,摩擦力的产生条件与方向
PHYSICS,摩擦力,摩擦力的四个易错认识
PHYSICS,摩擦力,摩擦力的定义
PHYSICS,摩擦力,摩擦力的定义、产生条件与方向
PHYSICS,摩擦力,摩擦力的定义与产生条件
PHYSICS,摩擦力,摩擦力的定义与分类
PHYSICS,摩擦力,摩擦力的方向
PHYSICS,摩擦力,摩擦力的本质与常见误判
PHYSICS,摩擦力,摩擦力的概念、产生条件与分类
PHYSICS,摩擦力,摩擦力的概念、分类与方向特点
PHYSICS,摩擦力,明晰三个方向：运动方向与相对运动方向
PHYSICS,摩擦力,筷子夹圆柱形重物的摩擦力分解
PHYSICS,摩擦力,静摩擦力与滑动摩擦力的定义与产生条件
PHYSICS,摩擦力做功与能量关系分析技巧,一对静摩擦力做功与机械能的传递
PHYSICS,摩擦力做功与能量关系分析技巧,两种摩擦力做功的特点
PHYSICS,摩擦力做功与能量关系分析技巧,功能关系：做功与能量转化的对应
PHYSICS,摩擦力做功与能量关系分析技巧,动能定理处理往复运动
PHYSICS,摩擦力做功与能量关系分析技巧,卫星变轨的原理与能量关系
PHYSICS,摩擦力做功与能量关系分析技巧,各力的做功特点与摩擦生热
PHYSICS,摩擦力做功与能量关系分析技巧,摩擦力做功与因摩擦产生热量的区别
PHYSICS,摩擦力做功与能量关系分析技巧,摩擦力做功与摩擦生热的区别
PHYSICS,摩擦力做功与能量关系分析技巧,摩擦力做功的三个位移辨析
PHYSICS,摩擦力做功与能量关系分析技巧,摩擦力做功的特点
PHYSICS,摩擦力做功与能量关系分析技巧,摩擦力做功的特点与内能计算
PHYSICS,摩擦力做功与能量关系分析技巧,斜面约束下弹力做功的判断
PHYSICS,摩擦力做功与能量关系分析技巧,板块模型能量计算的三类易错点
PHYSICS,摩擦力做功与能量关系分析技巧,涉及摩擦力做功的能量问题
PHYSICS,摩擦力做功与能量关系分析技巧,滑动摩擦力做功与摩擦生热
PHYSICS,摩擦力做功与能量关系分析技巧,用相对路程判断与箱壁碰撞的次数
PHYSICS,摩擦力做功与能量关系分析技巧,相对滑动物体的能量问题处理要点
PHYSICS,摩擦力做功与能量关系分析技巧,相对滑动物体能量问题的三步法
PHYSICS,摩擦力做功与能量关系分析技巧,等效法计算斜面摩擦力做功
PHYSICS,摩擦力做功与能量关系分析技巧,能量耗散与能量品质降低
PHYSICS,摩擦力做功与能量关系分析技巧,静摩擦力做功的特点
PHYSICS,摩擦力大小的计算方法,摩擦力大小的计算路径
PHYSICS,摩擦力大小的计算方法,静摩擦力与滑动摩擦力大小的计算
PHYSICS,摩擦力的常见认识误区,摩擦力的三个常见认识误区
PHYSICS,摩擦力的常见认识误区,摩擦力的静动与阻碍作用辨析
PHYSICS,摩擦力的突变类问题,传送带共速时摩擦力的突变
PHYSICS,摩擦力的突变类问题,传送带摩擦力方向判断与共速突变
PHYSICS,摩擦力的突变类问题,分析摩擦力突变问题的三个要点
PHYSICS,摩擦力的突变类问题,动—动突变
PHYSICS,摩擦力的突变类问题,摩擦力的四类突变
PHYSICS,摩擦力的突变类问题,摩擦力的四类突变问题
PHYSICS,摩擦力的突变类问题,摩擦力的突变与临界判断
PHYSICS,摩擦力的突变类问题,摩擦力的突变与临界问题
PHYSICS,摩擦力的突变类问题,摩擦力的突变问题：动—静与动—动
PHYSICS,摩擦力的突变类问题,摩擦力的突变问题：静—静与静—动
PHYSICS,摩擦力的突变类问题,摩擦力突变的临界判断要点
PHYSICS,摩擦力的突变类问题,摩擦力突变的分析方法
PHYSICS,摩擦力的突变类问题,摩擦力突变的四种类型
PHYSICS,摩擦力的突变类问题,摩擦力突变的成因与分析方法
PHYSICS,摩擦力的突变类问题,摩擦力突变问题的临界分析法
PHYSICS,摩擦力的突变类问题,摩擦力突变问题的分析要点
PHYSICS,摩擦力的突变类问题,摩擦力突变问题的注意事项
PHYSICS,摩擦力的突变类问题,摩擦力随时间变化的图像分析
PHYSICS,放大法,卡文迪什扭秤实验的放大做法
PHYSICS,放大法,卡文迪什扭秤实验装置中的放大思想
PHYSICS,放大法,放大的思想方法（放大法）
PHYSICS,数学思想处理电路中的功率和效率问题,动态电路中电阻和功率的动态分析
PHYSICS,数学思想处理电路中的功率和效率问题,多次碰撞问题
PHYSICS,数学思想处理电路中的功率和效率问题,用基本不等式求电路最大功率
PHYSICS,数据处理-x1,油膜法估测油酸分子直径的数据处理三式
PHYSICS,数据处理-x1,测量电阻率实验的数据处理
PHYSICS,整体法与隔离法在受力分析中的应用,三个半球支撑光滑球的正四面体几何关系
PHYSICS,整体法与隔离法在受力分析中的应用,三个带电小球的整体法与隔离法受力分析
PHYSICS,整体法与隔离法在受力分析中的应用,两杆铰合连接滑块的受力与整体法分析
PHYSICS,整体法与隔离法在受力分析中的应用,举重情境中的受力分析、相互作用力与整体法
PHYSICS,整体法与隔离法在受力分析中的应用,共点力平衡问题的四种常用方法（题型图解）
PHYSICS,整体法与隔离法在受力分析中的应用,受力分析
PHYSICS,整体法与隔离法在受力分析中的应用,受力分析的方法与步骤
PHYSICS,整体法与隔离法在受力分析中的应用,处理连接体问题的整体法与隔离法
PHYSICS,整体法与隔离法在受力分析中的应用,多物体平衡中的整体法与隔离法
PHYSICS,整体法与隔离法在受力分析中的应用,多物体平衡的处理技巧
PHYSICS,整体法与隔离法在受力分析中的应用,多物体平衡的整体法与隔离法组合
PHYSICS,整体法与隔离法在受力分析中的应用,多物体平衡问题的整体法与隔离法
PHYSICS,整体法与隔离法在受力分析中的应用,多物体静态平衡的先整体后隔离分析法
PHYSICS,整体法与隔离法在受力分析中的应用,挑扁担问题中的隔离法与牛顿第三定律
PHYSICS,整体法与隔离法在受力分析中的应用,整体法与隔离法分析共速连接体
PHYSICS,整体法与隔离法在受力分析中的应用,整体法与隔离法分析连接体
PHYSICS,整体法与隔离法在受力分析中的应用,整体法与隔离法在连接体中的应用
PHYSICS,整体法与隔离法在受力分析中的应用,整体法与隔离法的解题步骤
PHYSICS,整体法与隔离法在受力分析中的应用,整体法与隔离法的选取
PHYSICS,整体法与隔离法在受力分析中的应用,整体法与隔离法的选取与配合
PHYSICS,整体法与隔离法在受力分析中的应用,整体法与隔离法的选择与交替
PHYSICS,整体法与隔离法在受力分析中的应用,整体法与隔离法的选用
PHYSICS,整体法与隔离法在受力分析中的应用,整体法与隔离法的选用原则
PHYSICS,整体法与隔离法在受力分析中的应用,整体法分析多物体受力
PHYSICS,整体法与隔离法在受力分析中的应用,整体法和隔离法
PHYSICS,整体法与隔离法在受力分析中的应用,整体法的使用条件：加速度必须相同
PHYSICS,整体法与隔离法在受力分析中的应用,整体隔离法的选取原则
PHYSICS,整体法与隔离法在受力分析中的应用,滑轮组中整体法的应用与绳张力的变化
PHYSICS,整体法与隔离法在受力分析中的应用,用整体法求带电体之间的库仑力与弹簧弹力
PHYSICS,整体法与隔离法在受力分析中的应用,转换法之研究对象转换
PHYSICS,整体法与隔离法在受力分析中的应用,转盘上叠放物体的摩擦力分析
PHYSICS,整体法与隔离法在受力分析中的应用,连接体问题中整体法与隔离法的选取
PHYSICS,整体法与隔离法在受力分析中的应用,隔离法与整体法
PHYSICS,斜抛运动,斜上抛运动的基本规律
PHYSICS,斜抛运动,斜上抛运动的最高点特点与射程、射高
PHYSICS,斜抛运动,斜抛运动的分解
PHYSICS,斜抛运动,斜抛运动的规律与对称性
PHYSICS,斜抛运动的物理量求解-多过程问题,描述简谐运动的物理量
PHYSICS,斜抛运动的物理量求解-多过程问题,斜上抛运动的射高与射程
PHYSICS,斜抛运动的物理量求解-多过程问题,斜抛运动的基本规律与射高射程
PHYSICS,斜抛运动的物理量求解-多过程问题,斜抛运动的定义与性质
PHYSICS,斜抛运动的物理量求解-多过程问题,斜抛运动的射高 飞行时间与射程
PHYSICS,斜抛运动的物理量求解-多过程问题,斜抛运动的射高、射程与逆向思维法
PHYSICS,斜抛运动的物理量求解-多过程问题,斜抛运动的射高、飞行时间与射程
PHYSICS,斜抛运动的物理量求解-多过程问题,斜抛运动的射高与射程
PHYSICS,斜抛运动的物理量求解-多过程问题,斜抛运动的性质与分运动规律
PHYSICS,斜抛运动的物理量求解-多过程问题,斜抛运动的重要结论
PHYSICS,斜抛运动的物理量求解-多过程问题,斜抛运动的飞行时间射高与射程
PHYSICS,斜抛运动的物理量求解-多过程问题,斜抛运动规律与射高射程
PHYSICS,斜抛运动的物理量求解-多过程问题,斜抛问题的正交分解与斜交分解
PHYSICS,斜抛运动的物理量求解-多过程问题,逆向思维处理斜抛运动
PHYSICS,斜面上圆周运动的临界问题,斜面上圆周运动临界问题的类比法
PHYSICS,斜面上圆周运动的临界问题,斜面上圆周运动的临界分析思路
PHYSICS,斜面上圆周运动的类型与处理,斜面上圆周运动的常见类型与处理
PHYSICS,斜面体受地面摩擦力的判断,斜面体与地面间摩擦力的判断
PHYSICS,斜面倾角突变-等效于-n-变,斜面倾角突变引起的摩擦力突变
PHYSICS,斜面模型,同底光滑斜面上下滑的时间
PHYSICS,斜面模型,斜面模型的运动状态分析
PHYSICS,斜面模型,等高光滑斜面上下滑的时间
PHYSICS,斜面模型的正交分解建系,斜面模型的坐标轴建立与摩擦力计算
PHYSICS,斜面碰撞临界,平抛与斜面碰撞的临界条件
PHYSICS,新情境问题的求解思路,物理新情境问题的求解思路
PHYSICS,方向-总是竖直向下-竖直向下是和水平面垂直-不一定和接触面垂直-也不一定指向地心,卫星轨道的特点分类
PHYSICS,方向-总是竖直向下-竖直向下是和水平面垂直-不一定和接触面垂直-也不一定指向地心,弹力的方向判断
PHYSICS,方向-总是竖直向下-竖直向下是和水平面垂直-不一定和接触面垂直-也不一定指向地心,重力的方向及三个易混点
PHYSICS,无线电波的发射,无线电波的发射与接收
PHYSICS,时刻-表示某一瞬间-在时间轴上用点表示-是一个状态量,位移和路程、时间和时刻
PHYSICS,时刻与时间间隔区别与联系,不连续相等时间间隔位移差的推广式
PHYSICS,时刻与时间间隔区别与联系,平抛实验的数据处理（含残缺轨迹）
PHYSICS,时刻与时间间隔区别与联系,振动图像与波的图像的比较（物理意义与联系）
PHYSICS,时刻与时间间隔区别与联系,时刻与时间间隔
PHYSICS,时刻与时间间隔区别与联系,时刻与时间间隔的区分及时间轴表示
PHYSICS,时刻与时间间隔区别与联系,时刻与时间间隔的区别
PHYSICS,时刻与时间间隔区别与联系,时刻与时间间隔的区别与联系
PHYSICS,时刻与时间间隔区别与联系,时刻与时间间隔的辨析
PHYSICS,时刻与时间间隔区别与联系,时间间隔与时刻的区分
PHYSICS,星体表面与上空的重力加速度,星体表面及上空的重力加速度
PHYSICS,星体表面与上空的重力加速度,高度对重力加速度的影响
PHYSICS,星球瓦解与黑洞临界条件,星球的瓦解与黑洞的临界条件
PHYSICS,星球的瓦解与黑洞,星球瓦解的临界条件与黑洞的判据
PHYSICS,星球的瓦解问题,星球自转的瓦解条件
PHYSICS,普通二极管和发光二极管,二极管与发光二极管的单向导电性与发光特性
PHYSICS,普通二极管和发光二极管,普通二极管与发光二极管的单向导电性与发光特性
PHYSICS,普通二极管和发光二极管,用多用电表判断二极管的正负极
PHYSICS,普通二极管和发光二极管,用欧姆挡判断二极管的正负极
PHYSICS,晶体,固体的分类与晶体非晶体的比较
PHYSICS,晶体,晶体与非晶体的分类
PHYSICS,晶体,晶体与非晶体的分类与性质对比
PHYSICS,晶体,晶体与非晶体的分类及物理性质
PHYSICS,曲线运动,做曲线运动的条件与分类
PHYSICS,曲线运动,抛体运动·易混概念辨析（一）
PHYSICS,曲线运动,抛体运动·易混概念辨析（二）
PHYSICS,曲线运动,曲线运动的定义速度方向与性质
PHYSICS,曲线运动,曲线运动的性质与分类
PHYSICS,曲线运动,曲线运动的条件、特征与速率判断
PHYSICS,曲线运动,曲线运动的条件与特征
PHYSICS,曲线运动,曲线运动的轨迹分析与速率变化判断
PHYSICS,曲线运动,曲线运动的速度方向与特点
PHYSICS,曲线运动,物体做曲线运动的条件与特征
PHYSICS,曲线运动,物体做曲线运动的条件与轨迹判断
PHYSICS,曲线运动,运动轨迹是直线还是曲线的判断
PHYSICS,曲线运动,速度方向、合力方向与轨迹的关系
PHYSICS,曲线运动,非线性元件伏安特性曲线的电阻判读
PHYSICS,曲线运动的基本概念与处理思想,切向与法向加速度的分解
PHYSICS,曲线运动的基本概念与处理思想,合力与速率变化的关系
PHYSICS,曲线运动的基本概念与处理思想,曲线运动中速度合力与轨迹的关系
PHYSICS,曲线运动的基本概念与处理思想,曲线运动的动力学分析
PHYSICS,曲线运动的基本概念与处理思想,曲线运动的条件、轨迹与力的方向关系及速率变化
PHYSICS,曲线运动的基本概念与处理思想,曲线运动的速度方向、性质与条件
PHYSICS,曲线运动的基本概念与处理思想,物体做曲线运动的条件与力的分解分析
PHYSICS,曲线运动的基本概念与处理思想,物体做曲线运动的条件与特点
PHYSICS,曲线运动的基本概念与处理思想,用合力方向指向“凹侧”判断轨迹
PHYSICS,曲线运动的基本概念与处理思想,轨迹、速度与受力的相互判断
PHYSICS,曲线运动的基本概念与处理思想,速度、合力与轨迹的位置关系
PHYSICS,替代法测电阻,替代法测电阻的原理与操作
PHYSICS,替代法测电阻,替代法测电阻的操作与原理
PHYSICS,有效值的理解,交变电流有效值的使用场合
PHYSICS,有效值的理解,哪些交变电流可以定量求有效值
PHYSICS,有效值的理解,峰值与有效值的理解
PHYSICS,有效值的理解,有效值的理解与两种计算方法
PHYSICS,有效值的理解,非正弦交流电有效值的求法
PHYSICS,有效数字与小数位数的保留,实验题答题的得分要点
PHYSICS,有效数字与小数位数的保留,有效数字与测量仪器的读数规则
PHYSICS,有效数字与小数位数的保留,有效数字及其位数判定
PHYSICS,有效数字与小数位数的保留,有效数字的位数与科学记数法
PHYSICS,有效数字与小数位数的保留,有效数字的位数规则
PHYSICS,有效数字与小数位数的保留,有效数字的判定规则
PHYSICS,有效数字与小数位数的保留,有效数字的定义与位数判断
PHYSICS,有效数字与小数位数的保留,有效数字的概念与读数规则
PHYSICS,有效数字与小数位数的保留,有效数字的认识与科学记数法
PHYSICS,有效数字与小数位数的保留,有效数字的读数与表示
PHYSICS,有界磁场中圆周运动的几何关系,有界磁场中的几何关系与角度
PHYSICS,有界磁场中的临界与极值问题,临界与极值问题的求解方法
PHYSICS,有界磁场中的临界与极值问题,临界状态与极值问题的分析
PHYSICS,有界磁场中的临界与极值问题,圆形磁场区域的最小面积
PHYSICS,有界磁场中的典型边界模型,典型边界磁场的运动特征
PHYSICS,有界磁场中轨迹半径与偏转角的关系,轨迹半径的计算与角度关系
PHYSICS,有界磁场中轨迹圆心的确定,确定轨迹圆心的四依据与常见情境
PHYSICS,有界磁场中轨迹圆心的确定,轨迹圆心的确定方法
PHYSICS,有界磁场中运动时间的确定,运动时间的两种求法
PHYSICS,本质-是力的合成的逆运算-同样遵循矢量运算法则,力的分解的本质与矢量运算法则
PHYSICS,机械振动,描述简谐运动的物理量与全振动
PHYSICS,机械振动,机械振动·易混概念辨析（一）
PHYSICS,机械振动,机械振动·易混概念辨析（二）
PHYSICS,机械振动,机械振动·计算注意事项
PHYSICS,机械振动,机械振动与机械波公式汇编
PHYSICS,机械振动,机械振动与机械波的区别和联系
PHYSICS,机械振动,机械振动的定义、特点与弹簧振子
PHYSICS,机械振动与机械波知识体系,机械振动与机械波知识体系总览
PHYSICS,机械波,机械波·易混概念辨析（一）
PHYSICS,机械波,机械波·易混概念辨析（二）
PHYSICS,机械波,机械波传播的特点
PHYSICS,机械波,机械波的定义与产生条件
PHYSICS,机械波,机械波的形成、传播与分类
PHYSICS,机械波,机械波的形成条件与传播特点
PHYSICS,机械波的分类,机械波的产生条件与分类
PHYSICS,机械波的分类,机械波的形成与分类
PHYSICS,机械波的分类,机械波的描述及特点
PHYSICS,机械波的分类,横波与纵波
PHYSICS,机械波的分类,横波与纵波的分类依据
PHYSICS,机械波的分类,能源的分类（常规能源与新能源）
PHYSICS,机械能守恒定律,关联系统机械能守恒情境：轻杆连接且角速度相等
PHYSICS,机械能守恒定律,关联系统机械能守恒情境：轻绳连接且速度大小相等
PHYSICS,机械能守恒定律,功、能与机械能守恒的公式汇编
PHYSICS,机械能守恒定律,单体机械能守恒的判断方法
PHYSICS,机械能守恒定律,含弹簧系统机械能守恒的要点
PHYSICS,机械能守恒定律,图像法验证机械能守恒
PHYSICS,机械能守恒定律,实验：验证机械能守恒定律·易混概念辨析
PHYSICS,机械能守恒定律,实验：验证机械能守恒定律·计算注意事项
PHYSICS,机械能守恒定律,弹丸打入悬挂沙箱的守恒分析
PHYSICS,机械能守恒定律,教材原型实验：研究自由下落物体的机械能守恒
PHYSICS,机械能守恒定律,机械能守恒定律·易混概念辨析
PHYSICS,机械能守恒定律,机械能守恒定律·计算注意事项
PHYSICS,机械能守恒定律,机械能守恒定律的内容与三种表达式
PHYSICS,机械能守恒定律,机械能守恒定律的内容与守恒条件
PHYSICS,机械能守恒定律,机械能守恒定律的内容与条件
PHYSICS,机械能守恒定律,机械能守恒定律的内容与表达式
PHYSICS,机械能守恒定律,机械能守恒定律的表达式与守恒条件
PHYSICS,机械能守恒定律,机械能守恒的判断方法
PHYSICS,机械能守恒定律,机械能的定义与机械能守恒的导出
PHYSICS,机械能守恒定律,机械能的概念
PHYSICS,机械能守恒定律,机械能的组成与机械能守恒定律
PHYSICS,机械能守恒定律,物体与弹簧系统的机械能守恒特征
PHYSICS,机械能守恒定律,用引力势能与机械能守恒求发射速度
PHYSICS,机械能守恒定律,系统机械能守恒列式：ΔEk=−ΔEp
PHYSICS,机械能守恒定律,系统机械能守恒的判断与列式
PHYSICS,机械能守恒定律,链条（液柱）类机械能守恒的判断
PHYSICS,机械能守恒定律,非质点类机械能守恒问题
PHYSICS,机械能守恒定律,非质点系统的机械能守恒
PHYSICS,机械能守恒定律,验证机械能守恒定律实验原理
PHYSICS,机械能守恒定律,验证机械能守恒定律实验的原理与步骤
PHYSICS,机械能守恒定律,验证机械能守恒定律的三种数据处理方案
PHYSICS,机械能守恒定律,验证机械能守恒实验中减小长度测量相对误差的措施
PHYSICS,机械能守恒定律,验证机械能守恒实验注意事项
PHYSICS,机械能守恒定律,验证机械能守恒实验的两种改进思路
PHYSICS,机械能守恒定律,验证机械能守恒实验的纸带选择
PHYSICS,机械能守恒定律,验证机械能守恒实验的误差与注意事项
PHYSICS,机械能守恒定律,验证机械能守恒的误差分析与操作注意事项
PHYSICS,机械能守恒定律,验证机械能守恒纸带前两点间距约2mm的意义
PHYSICS,机械能守恒定律的三种表达式,动量守恒定律的四种表达式
PHYSICS,机械能守恒定律的三种表达式,单棒＋电阻模型的三个基本关系
PHYSICS,机械能守恒定律的三种表达式,折射率的三个公式
PHYSICS,机械能守恒定律的三种表达式,机械能守恒定律及其表达式
PHYSICS,机械能守恒定律的三种表达式,机械能守恒定律的三种列式观点
PHYSICS,机械能守恒定律的三种表达式,机械能守恒定律的三种表达式与两个势能
PHYSICS,机械能守恒定律的三种表达式,机械能守恒定律的三种表达式与解题步骤
PHYSICS,机械能守恒定律的三种表达式,机械能守恒的三种表达与解题步骤
PHYSICS,机械能守恒定律的三种表达式,机械能守恒的三种表达式（守恒、转化、转移）
PHYSICS,机械能守恒定律的三种表达式,电流的三个表达式与电阻定律
PHYSICS,机械能守恒定律的三种表达式,电流的三种表达式
PHYSICS,机械能守恒定律的三种表达式,电流的三种表达式及其适用
PHYSICS,机械能守恒定律的三种表达式,系统机械能守恒的三种表达式
PHYSICS,机械能守恒定律的三种表达式,系统机械能守恒的三种速度关联情景
PHYSICS,机械能守恒定律的三种表达式,速度大者追速度小者的三种可能结果
PHYSICS,机械能守恒定律的三种表达式,验证机械能守恒定律的数据处理方法
PHYSICS,机械能守恒定律的三种表达式,验证机械能守恒的数据处理三种方案
PHYSICS,机械能守恒定律的应用技巧,含连接体的机械能守恒问题解题策略
PHYSICS,机械能守恒定律的应用技巧,多物体系统机械能守恒的分析要领
PHYSICS,机械能守恒定律的应用技巧,多物体系统机械能守恒的列式要点
PHYSICS,机械能守恒定律的应用技巧,多物体系统机械能守恒的处理
PHYSICS,机械能守恒定律的应用技巧,多物体系统机械能守恒的处理要点
PHYSICS,机械能守恒定律的应用技巧,应用机械能守恒定律解题的一般步骤
PHYSICS,机械能守恒定律的应用技巧,机械能守恒定律的应用步骤
PHYSICS,机械能守恒定律的应用技巧,机械能守恒的常见三种情况
PHYSICS,机械能守恒定律的应用技巧,机械能守恒的常见情景与弹簧问题
PHYSICS,机械能守恒定律的应用技巧,连接体的机械能守恒问题
PHYSICS,机械能守恒定律的应用技巧,连接体系统机械能守恒的处理方法
PHYSICS,机械能守恒的常见情境分析,连接体机械能守恒的几种常见情境
PHYSICS,机械能是否守恒的判断方法,机械能是否守恒的三种判断方法
PHYSICS,机车启动问题,a-1/v 图像判别恒功率启动
PHYSICS,机车启动问题,以恒定功率启动
PHYSICS,机车启动问题,以恒定功率启动的过程分析
PHYSICS,机车启动问题,以恒定加速度启动
PHYSICS,机车启动问题,以恒定加速度启动的过程与图像特征
PHYSICS,机车启动问题,以恒定牵引力启动的过程分析
PHYSICS,机车启动问题,恒定功率启动模型
PHYSICS,机车启动问题,恒定功率启动的位移与动能定理
PHYSICS,机车启动问题,恒定牵引力启动模型
PHYSICS,机车启动问题,机动车启动的两种方式
PHYSICS,机车启动问题,机车两类启动模型的分析
PHYSICS,机车启动问题,机车启动的三个关系式
PHYSICS,机车启动问题,机车启动的两种方式
PHYSICS,机车启动问题,机车启动的两种方式与三个关系式
PHYSICS,机车启动问题,机车启动的两种模式
PHYSICS,机车启动问题,机车启动的两类模型与核心方程
PHYSICS,机车启动问题,机车启动的四个关键关系
PHYSICS,机车启动问题,机车启动的解题总结
PHYSICS,机车启动问题,机车启动问题的三个关键状态
PHYSICS,机车启动问题,机车启动问题的三点注意
PHYSICS,机车启动问题,机车启动问题的核心公式与三个物理量的求法
PHYSICS,机车启动问题,机车启动问题的解题规律
PHYSICS,机车启动问题,机车恒定功率启动
PHYSICS,机车启动问题,用 P-t 与 v-t 图像识别机车启动方式
PHYSICS,机车启动问题,阻力与速率成正比的启动变式
PHYSICS,条件-①光从光密介质射入光疏介质-②入射角大于或等于临界角,光密与光疏介质及全反射
PHYSICS,条件-①光从光密介质射入光疏介质-②入射角大于或等于临界角,全反射的条件与应用
PHYSICS,条件-①光从光密介质射入光疏介质-②入射角大于或等于临界角,折射率的理解要点
PHYSICS,杨氏双缝干涉,光的干涉条件与双缝干涉条纹
PHYSICS,杨氏双缝干涉,光的干涉条件与双缝干涉的规律
PHYSICS,杨氏双缝干涉,单缝衍射与双缝干涉图样的比较
PHYSICS,杨氏双缝干涉,双缝干涉与条纹间距公式
PHYSICS,杨氏双缝干涉,双缝干涉图样与条纹间距
PHYSICS,杨氏双缝干涉,双缝干涉实验的共轴与清晰度问题
PHYSICS,杨氏双缝干涉,双缝干涉实验的数据处理与操作注意
PHYSICS,杨氏双缝干涉,双缝干涉明暗条纹的条件
PHYSICS,杨氏双缝干涉,双缝干涉条纹间距公式的应用
PHYSICS,杨氏双缝干涉,双缝干涉条纹间距公式的理解与亮暗判断
PHYSICS,杨氏双缝干涉,双缝干涉测量光波长的原理与步骤
PHYSICS,杨氏双缝干涉,双缝干涉的亮暗条纹条件与条纹间距
PHYSICS,杨氏双缝干涉,双缝干涉的图样特点与条纹间距
PHYSICS,杨氏双缝干涉,双缝干涉的条纹规律
PHYSICS,杨氏双缝干涉,双缝干涉的条纹间距与明暗判据
PHYSICS,杨氏双缝干涉,干涉实验的创新改进方向
PHYSICS,杨氏双缝干涉,杨氏双缝干涉中单缝与双缝的作用
PHYSICS,杨氏双缝干涉,杨氏双缝干涉的条纹规律
PHYSICS,杨氏双缝干涉,用双缝干涉测量光的波长的原理与步骤
PHYSICS,板块模型,“滑块—木板”类碰撞模型
PHYSICS,板块模型,有外力作用在木板上的板块模型分析
PHYSICS,板块模型,板块模型中共速速度与相对位移的求法
PHYSICS,板块模型,板块模型中的位移关系与相对滑动判断
PHYSICS,板块模型,板块模型的三个基本关系
PHYSICS,板块模型,板块模型的两个临界条件
PHYSICS,板块模型,板块模型的两条解题关键
PHYSICS,板块模型,板块模型的位移关系与摩擦力突变
PHYSICS,板块模型,板块模型的位移关系与求解构建
PHYSICS,板块模型,板块模型的分析方法
PHYSICS,板块模型,板块模型的构成与过程特征
PHYSICS,板块模型,滑块-木板模型的特点与位移关系
PHYSICS,板块模型,滑块-木板模型的特点与解题步骤
PHYSICS,板块模型,滑块—木板模型的一个转折与两个关联
PHYSICS,板块模型,滑块—木板模型的特点与临界条件
PHYSICS,板块模型,滑块—木板模型的特点与求解方法
PHYSICS,板块模型,滑块与木板模型的求解方法
PHYSICS,板块模型,滑块与木板的两种位移关系
PHYSICS,板块模型,滑块与木板的动力学分析
PHYSICS,板块模型,滑块木板模型的特点与位移关系
PHYSICS,板块模型,滑块木板模型的特点与构建
PHYSICS,板块模型中的功和能量的关系,板块模型中的能量守恒与摩擦生热
PHYSICS,板块模型中的功和能量的关系,板块模型的位移关系（同向差、反向和）
PHYSICS,板块模型中的功和能量的关系,板块模型的功与能分析
PHYSICS,板块模型中的功和能量的关系,板块模型的功能关系与三个位移
PHYSICS,板块模型中的功和能量的关系,板块模型的动力学与功和能分析
PHYSICS,板块模型中的功和能量的关系,板块模型的动力学与能量分析
PHYSICS,板块模型中的功和能量的关系,板块模型的动量与能量求解方法
PHYSICS,板块模型中的功和能量的关系,滑块—木板模型的动力学与能量分析
PHYSICS,板块模型中的功和能量的关系,滑块—木板的动量能量关系
PHYSICS,板块模型中的功和能量的关系,滑块—木板问题的功能分析
PHYSICS,板块模型中的功和能量的关系,滑块木板模型中三个位移的区分
PHYSICS,极限思想,极限值代入法（极限法）
PHYSICS,极限思想,极限思维法求瞬时速度与加速度
PHYSICS,极限思想,极限法分析临界与极值问题
PHYSICS,极限思想,用平均速度替代瞬时速度的极限思想
PHYSICS,极限思想,用极限思想判断角度与力的变化趋势
PHYSICS,极限思想,用极限思想处理弧长与位移的关系
PHYSICS,极限思想,用极限思维求初速度与动摩擦因数的取值范围
PHYSICS,极限思想,用极限法求瞬时物理量
PHYSICS,核力,核力与四种基本相互作用
PHYSICS,核力,核力及其特点
PHYSICS,核力,核力的概念与三个特点
PHYSICS,核力的特点,向心力的特点、来源与大小
PHYSICS,核力的特点,库仑力的力的特点
PHYSICS,核反应,人工核转变的几个标志性核反应
PHYSICS,核反应,四类核反应的区分
PHYSICS,核反应,核反应及其守恒规律
PHYSICS,核反应,核反应堆的构造与工作原理
PHYSICS,核反应,核反应方程的类型与书写
PHYSICS,核反应,核反应的四种类型与书写
PHYSICS,核反应,核反应的四种类型与核反应方程的书写
PHYSICS,核反应的判断-方程与应用,核反应方程式的书写与守恒
PHYSICS,核反应的判断-方程与应用,核反应方程式的书写规则
PHYSICS,核反应的判断-方程与应用,核反应的四种类型
PHYSICS,核反应的判断-方程与应用,核反应的类型与守恒规律
PHYSICS,核反应的判断-方程与应用,玻尔理论、半衰期与核反应方程
PHYSICS,核心处理思想-运动的合成与分解,关联速度模型的核心处理思想
PHYSICS,核心处理思想-运动的合成与分解,合运动性质与轨迹的两条判据
PHYSICS,核心处理思想-运动的合成与分解,合运动性质的判断与运动的合成与分解特点
PHYSICS,核心处理思想-运动的合成与分解,运动分解的原则
PHYSICS,核心处理思想-运动的合成与分解,运动合成与分解的解题要领
PHYSICS,核心处理思想-运动的合成与分解-约束条件,关联速度模型四步解题策略
PHYSICS,核心处理思想-运动的合成与分解-约束条件,明确合速度与分速度
PHYSICS,核心处理思想-运动的合成与分解-约束条件,曲线运动与运动的合成与分解·易混概念辨析（一）
PHYSICS,核心处理思想-运动的合成与分解-约束条件,曲线运动与运动的合成与分解·易混概念辨析（二）
PHYSICS,核心处理思想-运动的合成与分解-约束条件,曲线运动与运动的合成与分解·计算注意事项
PHYSICS,核心处理思想-运动的合成与分解-约束条件,碰撞速度合理性：同向运动的约束
PHYSICS,核心处理思想-运动的合成与分解-约束条件,运动的合成与分解（独立性原理）
PHYSICS,核心思想-运动分解,运动分解的核心思想
PHYSICS,核心思想-运动分解-x1,关联速度中运动分解的核心思想
PHYSICS,核心规律-受力分析-力的合成与分解-共点力的平衡,共点力平衡问题的求解方法
PHYSICS,核心规律-受力分析-力的合成与分解-共点力的平衡,几种特殊共点力的合成结果
PHYSICS,核心规律-受力分析-力的合成与分解-共点力的平衡,几种特殊情况的共点力合成结论
PHYSICS,核心规律-受力分析-力的合成与分解-共点力的平衡,力的合成与分解·易混概念辨析
PHYSICS,核心规律-受力分析-力的合成与分解-共点力的平衡,力的合成与分解·计算注意事项
PHYSICS,核心规律-受力分析-力的合成与分解-共点力的平衡,力的合成实验误差分析
PHYSICS,核心规律-受力分析-力的合成与分解-共点力的平衡,受力分析与共点力的平衡·易混概念辨析
PHYSICS,核心规律-受力分析-力的合成与分解-共点力的平衡,受力分析与共点力的平衡·计算注意事项
PHYSICS,核心规律-受力分析-力的合成与分解-共点力的平衡,多个力合成与正交分解求合力的方法
PHYSICS,核聚变,轻核聚变
PHYSICS,核聚变,轻核聚变与热核反应
PHYSICS,核聚变,轻核聚变与重核裂变的比较
PHYSICS,核能的计算方法,核能计算的三种方法
PHYSICS,核能的计算方法,用质量亏损与结合能计算核能
PHYSICS,核能的计算方法,结合动量守恒与结合能计算核能
PHYSICS,核裂变,核裂变与链式反应
PHYSICS,核裂变,重核裂变
PHYSICS,核裂变,重核裂变与链式反应
PHYSICS,椭圆轨道上卫星的速率计算,用开普勒定律和机械能守恒求椭圆轨道速率
PHYSICS,楞次定律,×顺·逆口诀判感应电流绕行方向
PHYSICS,楞次定律,四步法判断感应电流的方向
PHYSICS,楞次定律,影响感应电流方向因素的探究与结论
PHYSICS,楞次定律,感应电流方向的判定步骤
PHYSICS,楞次定律,探究感应电流方向的实验结论
PHYSICS,楞次定律,楞次定律及其阻碍含义
PHYSICS,楞次定律,"楞次定律对""阻碍""的四层理解与推论"
PHYSICS,楞次定律,楞次定律应用的两个磁场一个电流
PHYSICS,楞次定律,楞次定律的内容与“增反减同”
PHYSICS,楞次定律,楞次定律的内容与适用范围
PHYSICS,楞次定律,楞次定律的内容与阻碍的含义
PHYSICS,楞次定律,用楞次定律判定感应电流方向的步骤
PHYSICS,楞次定律,用楞次定律推论判断汽车经过线圈的感应电流
PHYSICS,楞次定律的理解-阻碍-的含义,右手定则及其与楞次定律的关系
PHYSICS,楞次定律的理解-阻碍-的含义,周长不变的矩形面积变化与感应电流方向
PHYSICS,楞次定律的理解-阻碍-的含义,增斥减引与增缩减扩口诀
PHYSICS,楞次定律的理解-阻碍-的含义,大招63：增反减同两步法判感应电流方向
PHYSICS,楞次定律的理解-阻碍-的含义,广义楞次定律及其三种阻碍方式
PHYSICS,楞次定律的理解-阻碍-的含义,楞次定律“阻碍”含义的推广表述
PHYSICS,楞次定律的理解-阻碍-的含义,楞次定律“阻碍”的四重含义
PHYSICS,楞次定律的理解-阻碍-的含义,楞次定律中“阻碍”的含义
PHYSICS,楞次定律的理解-阻碍-的含义,楞次定律中“阻碍”的含义与推论
PHYSICS,楞次定律的理解-阻碍-的含义,楞次定律中阻碍作用的理解
PHYSICS,楞次定律的理解-阻碍-的含义,楞次定律中阻碍的三层含义与应用步骤
PHYSICS,楞次定律的理解-阻碍-的含义,楞次定律中阻碍的主要表现形式
PHYSICS,楞次定律的理解-阻碍-的含义,楞次定律的三个常用推论
PHYSICS,楞次定律的理解-阻碍-的含义,楞次定律的内容与“阻碍”的理解
PHYSICS,楞次定律的理解-阻碍-的含义,楞次定律的内容与对阻碍的理解
PHYSICS,楞次定律的理解-阻碍-的含义,楞次定律的四个推论
PHYSICS,楞次定律的理解-阻碍-的含义,楞次定律的推广应用
PHYSICS,楞次定律的理解-阻碍-的含义,楞次定律的推论及应用
PHYSICS,楞次定律的理解-阻碍-的含义,楞次定律的推论（来拒去留、增缩减扩）
PHYSICS,楞次定律的理解-阻碍-的含义,阻碍含义的推广与四类推论
PHYSICS,楞次定律的理解-阻碍-的含义,阻碍回路形变中的例外情形
PHYSICS,模型特点,三个自由点电荷平衡的模型特点
PHYSICS,模型示意图,用图示法（矢量图示）分析矢量合成与叠加
PHYSICS,横波,横波及其特征
PHYSICS,欧姆定律,欧姆定律与伏安特性曲线
PHYSICS,欧姆定律,欧姆定律及其二同
PHYSICS,欧姆定律,欧姆定律及其适用范围
PHYSICS,欧姆定律,部分电路欧姆定律
PHYSICS,欧姆定律,部分电路欧姆定律与伏安特性曲线
PHYSICS,欧姆定律,部分电路欧姆定律与伏安特性曲线的理解
PHYSICS,欧姆定律,部分电路欧姆定律及其适用范围
PHYSICS,欧姆表的原理与使用,双倍率电阻表的倍率关系
PHYSICS,欧姆表的原理与使用,欧姆表的使用规范与读数
PHYSICS,欧姆表的原理与使用,欧姆表的构造与刻度原理
PHYSICS,正交分解法,正交分解中找准角度与区分正负
PHYSICS,正交分解法,正交分解建轴原则：尽量多的力落在坐标轴上
PHYSICS,正交分解法,正交分解法与按效果分解法
PHYSICS,正交分解法,正交分解法及应用
PHYSICS,正交分解法,正交分解法及用其求合力
PHYSICS,正交分解法,正交分解法建立坐标轴的原则
PHYSICS,正交分解法,正交分解法求合力的步骤
PHYSICS,正交分解法,正交分解法的步骤与建系原则
PHYSICS,正交分解法,正交分解法解平衡问题的步骤
PHYSICS,正弦定理与余弦定理的应用,正弦定理与余弦定理在物理中的应用
PHYSICS,正弦式交变电流,交变电流与正弦式交变电流
PHYSICS,正弦式交变电流的产生和变化规律,中性面与正弦式交变电流的瞬时值表达式
PHYSICS,正弦式交变电流的产生和变化规律,中性面位置的磁通与电动势辨析
PHYSICS,正弦式交变电流的产生和变化规律,交变电流图像类判断题的两个易错点
PHYSICS,正弦式交变电流的产生和变化规律,交变电流的产生与两个特殊位置
PHYSICS,正弦式交变电流的产生和变化规律,交变电流的产生与最大值
PHYSICS,正弦式交变电流的产生和变化规律,交变电流的产生及变化规律
PHYSICS,正弦式交变电流的产生和变化规律,变压器不改变交变电流的频率
PHYSICS,正弦式交变电流的产生和变化规律,正弦式交变电流的产生与变化规律
PHYSICS,正弦式交变电流的产生和变化规律,正弦式交变电流的产生与特殊位置
PHYSICS,正弦式交变电流的产生和变化规律,正弦式交变电流的函数表达式
PHYSICS,正弦式交变电流的产生和变化规律,正弦式交变电流的变化规律及表达式
PHYSICS,正弦式交变电流的产生和变化规律,电感与电容对交变电流的作用
PHYSICS,正弦式交变电流的变化规律-线圈在中性面位置时开始计时,中性面与中性面垂面的特点比较
PHYSICS,正弦式交变电流的变化规律-线圈在中性面位置时开始计时,交变电流图像问题的三个注意点
PHYSICS,正弦式交变电流的变化规律-线圈在中性面位置时开始计时,交变电流瞬时值表达式
PHYSICS,正弦式交变电流的变化规律-线圈在中性面位置时开始计时,交变电流瞬时值表达式与计时起点
PHYSICS,正弦式交变电流的变化规律-线圈在中性面位置时开始计时,交变电流瞬时值表达式的写法
PHYSICS,正弦式交变电流的变化规律-线圈在中性面位置时开始计时,交流电产生中的两个特殊位置
PHYSICS,正弦式交变电流的变化规律-线圈在中性面位置时开始计时,交流电产生的两个特殊位置（中性面）
PHYSICS,正弦式交变电流的变化规律-线圈在中性面位置时开始计时,人造卫星参量随轨道半径的变化规律
PHYSICS,正弦式交变电流的变化规律-线圈在中性面位置时开始计时,从中性面开始计时的交变电流表达式
PHYSICS,正弦式交变电流的变化规律-线圈在中性面位置时开始计时,振动图像与波的图像随时间的变化规律
PHYSICS,正弦式交变电流的变化规律-线圈在中性面位置时开始计时,正弦式交变电流的产生与两个特殊位置
PHYSICS,正弦式交变电流的变化规律-线圈在中性面位置时开始计时,饱和汽与饱和汽压：动态平衡与随温度的变化规律
PHYSICS,比值定义法,比值定义法及其应用
PHYSICS,比结合能,原子核比结合能曲线
PHYSICS,比结合能,对比结合能的理解
PHYSICS,比结合能,比结合能与原子核的稳定性
PHYSICS,气体-液体-固体和热力学定理,理想气体与液体的性质
PHYSICS,气体分子运动的特点,气体分子的运动特点
PHYSICS,气体压强,力平衡法求封闭气体压强
PHYSICS,气体压强,密闭气体压强与大气压强的区别
PHYSICS,气体压强,气体压强微观表达式的四步推导
PHYSICS,气体压强,气体压强微观表达式的推导与修正
PHYSICS,气体压强,气体压强的产生与三种求法
PHYSICS,气体压强,气体压强的产生原因与决定因素
PHYSICS,气体压强,气体压强的微元法模型与特点
PHYSICS,气体压强,气体压强的微观解释与决定因素
PHYSICS,气体压强,气体压强的微观解释与封闭气体压强计算
PHYSICS,气体压强,气体压强的微观解释与推导
PHYSICS,气体压强,气体压强的微观解释与计算
PHYSICS,气体压强,气体压强的求解方法
PHYSICS,气体压强,活塞模型与连通器模型求气体压强
PHYSICS,气体压强,液片法求气体压强
PHYSICS,气体压强,等压面法求气体压强
PHYSICS,气体实验定律,三个气体实验定律
PHYSICS,气体实验定律,三个气体实验定律与状态方程
PHYSICS,气体实验定律,三个气体实验定律的对比
PHYSICS,气体实验定律,多个汽缸关联气体问题的处理
PHYSICS,气体实验定律,探究气体等温变化规律的实验与误差分析
PHYSICS,气体实验定律,探究等温下压强与体积关系的实验要点
PHYSICS,气体实验定律,探究等温下气体压强与体积关系的装置与操作
PHYSICS,气体实验定律,查理定律（等容变化）
PHYSICS,气体实验定律,气体三个实验定律
PHYSICS,气体实验定律,气体压强的计算与规律的选用
PHYSICS,气体实验定律,气体实验图像的面积与斜率
PHYSICS,气体实验定律,气体实验定律与热力学定律的综合分析流程
PHYSICS,气体实验定律,气体实验定律与状态方程的关系
PHYSICS,气体实验定律,气体实验定律与状态方程的适用条件
PHYSICS,气体实验定律,气体实验定律与理想气体状态方程梳理
PHYSICS,气体实验定律,气体实验定律及图像特征
PHYSICS,气体实验定律,液柱类与活塞类模型的解题思路
PHYSICS,气体实验定律,热学模型的三个易错点
PHYSICS,气体实验定律,盖-吕萨克定律与气体实验定律的成立条件
PHYSICS,气体实验定律,等温变化实验的数据处理与结论
PHYSICS,气体实验定律,等温变化实验的数据处理与误差分析
PHYSICS,气体实验定律,验证气体实验定律的实验与化曲为直处理
PHYSICS,气体的状态参量,气体的三个状态参量与平衡态
PHYSICS,气体的状态参量,气体的状态参量：温度、体积与压强
PHYSICS,氢原子光谱的实验规律,光谱、光谱分析与氢原子光谱的实验规律
PHYSICS,氢原子光谱的实验规律,光谱与氢原子光谱的实验规律
PHYSICS,氢原子光谱的实验规律,氢原子光谱与巴耳末公式
PHYSICS,氢原子光谱的实验规律,氢原子光谱及其分类
PHYSICS,氢原子能级跃迁与数学思想的结合,原子跃迁与电离的区别
PHYSICS,氢原子能级跃迁与数学思想的结合,玻尔理论与氢原子能级
PHYSICS,氢原子能级跃迁与数学思想的结合,能级跃迁与电离的理解
PHYSICS,氢原子能级跃迁与数学思想的结合,能级跃迁与释放光子种类的计算
PHYSICS,氢原子能级跃迁与数学思想的结合,谱线条数的确定与光子、电子跃迁的区别
PHYSICS,水平射程-即水平射程由初速度v0和下落高度h共同决定-与其他因素无关,回旋加速器最大动能与加速电压无关
PHYSICS,水平射程-即水平射程由初速度v0和下落高度h共同决定-与其他因素无关,平抛运动时间由下落高度决定
PHYSICS,水平射程-即水平射程由初速度v0和下落高度h共同决定-与其他因素无关,平抛运动的飞行时间、射程与落地速度
PHYSICS,水平射程-即水平射程由初速度v0和下落高度h共同决定-与其他因素无关,斜抛（等高往返）的时间、射高与射程公式
PHYSICS,水平射程-即水平射程由初速度v0和下落高度h共同决定-与其他因素无关,水平传送带反向运动的结论
PHYSICS,水平射程-即水平射程由初速度v0和下落高度h共同决定-与其他因素无关,速度选择器原理 v0=E/B
PHYSICS,水平转盘上运动物体模型,单物块圆盘模型的滑动临界
PHYSICS,水平转盘上运动物体模型,圆盘模型的两步分析程序
PHYSICS,水平转盘上运动物体模型,圆盘物块模型与谁远谁先飞
PHYSICS,水平转盘上运动物体模型,水平转盘上物块的受力与临界
PHYSICS,水平面内圆周运动中的多物体牵连问题,同侧连接与异侧连接的临界条件
PHYSICS,水平面内圆周运动中的多物体牵连问题,圆盘多物块随角速度变化的四阶段分析
PHYSICS,水平面内圆周运动中的多物体牵连问题,多物体问题转化为单物体问题
PHYSICS,水平面内圆周运动中的多物体牵连问题,斜面内圆周运动的分析方法
PHYSICS,水平面内圆周运动中的多物体牵连问题,桌面物块经中心孔连接悬挂砝码的圆周运动
PHYSICS,水平面内圆周运动中的多物体牵连问题,水平面内圆周运动的临界问题
PHYSICS,水平面内圆周运动中的多物体牵连问题,水平面内圆周运动的典型临界条件
PHYSICS,水平面内圆周运动中的多物体牵连问题,水平面内圆周运动的典型模型
PHYSICS,水平面内圆周运动中的多物体牵连问题,生活中的圆周运动
PHYSICS,水平面内圆周运动中的多物体牵连问题,竖直面内圆周运动
PHYSICS,水平面内圆周运动中的多物体牵连问题,竖直面内圆周运动的问题概述
PHYSICS,水平面内圆周运动中的多物体牵连问题,竖直面内圆周运动：杆球模型
PHYSICS,水平面内圆周运动中的多物体牵连问题,竖直面内圆周运动：绳球模型
PHYSICS,水平面内圆周运动中的多物体牵连问题,绳连多物块圆盘的拉力临界
PHYSICS,水平面内圆周运动中的多物体牵连问题,绳连物块圆盘的受力方程
PHYSICS,水平面内圆周运动中的多物体牵连问题,质心法判断多物块滑动次序
PHYSICS,水平面内圆周运动中的多物体牵连问题,质心等效法求圆盘滑动临界
PHYSICS,水平面内圆周运动的临界特征,水平面内圆周运动的三类临界条件
PHYSICS,水平面内圆周运动的临界特征,火车转弯的规定速度
PHYSICS,水平面内圆周运动的临界特征,转弯处轨道受力与速度的关系
PHYSICS,求加速度的两种方法,逐差法与图像法求加速度
PHYSICS,求电场力做功的方法,电场力与速度夹角判断做功及能量变化
PHYSICS,求电场力做功的方法,电场力做功正负与电势、电势能高低的判断
PHYSICS,求电场力做功的方法,电场力做功正负的判断
PHYSICS,求电场力做功的方法,电场力做功的四种计算方法
PHYSICS,求电场力做功的方法,电场力做功的求解方法
PHYSICS,求电场力做功的方法,电场力做功计算：W=qEd
PHYSICS,求电场力做功的方法,电场力做功计算：W=qU
PHYSICS,求电场力做功的方法,电场强度随位移均匀变化时求静电力的功
PHYSICS,求电场力做功的方法,静电力做功的计算方法
PHYSICS,求电场力做功的方法,静电力做功的计算方法与特点
PHYSICS,求解电偏转问题的两种思路,电偏转问题的两种求解思路
PHYSICS,求解电偏转问题的两种思路,电偏转问题的动力学与能量两条思路
PHYSICS,求解电能的思路-x1,克服安培力做功与焦耳热的计算
PHYSICS,求解电能的思路-x1,电磁感应中求解电能的思路
PHYSICS,求解电能的思路-x1,电磁感应中的能量转化与焦耳热的求法
PHYSICS,求解电能的思路-x1,电磁感应中能量问题的分析程序
PHYSICS,求解的基本思路,临界极值问题的求解思路
PHYSICS,求解非点电荷电场强度的四种方法,用补偿法求非点电荷产生的电场强度
PHYSICS,求解非点电荷电场强度的四种方法,非点电荷电场强度的四种巧法
PHYSICS,法拉第电磁感应定律,Z形线框绕轴转动的瞬时值与平均值
PHYSICS,法拉第电磁感应定律,多个线圈串联时感应电动势的叠加
PHYSICS,法拉第电磁感应定律,定律应用的三种情形
PHYSICS,法拉第电磁感应定律,对 E=nΔΦ/Δt 的理解
PHYSICS,法拉第电磁感应定律,对法拉第电磁感应定律的理解
PHYSICS,法拉第电磁感应定律,感应电动势与法拉第电磁感应定律
PHYSICS,法拉第电磁感应定律,感应电动势的四种求法
PHYSICS,法拉第电磁感应定律,感应电动势的大小与磁通量变化率
PHYSICS,法拉第电磁感应定律,感生电动势与动生电动势的叠加
PHYSICS,法拉第电磁感应定律,感生电动势与动生电动势的定量计算
PHYSICS,法拉第电磁感应定律,感生电动势与法拉第电磁感应定律
PHYSICS,法拉第电磁感应定律,法拉第电磁感应定律 E=nΔΦ/Δt
PHYSICS,法拉第电磁感应定律,法拉第电磁感应定律公式的使用说明
PHYSICS,法拉第电磁感应定律,法拉第电磁感应定律及其三种应用思路
PHYSICS,法拉第电磁感应定律,法拉第电磁感应定律及其理解要点
PHYSICS,法拉第电磁感应定律,法拉第电磁感应定律应用的三种情况
PHYSICS,法拉第电磁感应定律,法拉第电磁感应定律的内容
PHYSICS,法拉第电磁感应定律,法拉第电磁感应定律的内容与公式
PHYSICS,法拉第电磁感应定律,法拉第电磁感应定律的平均与瞬时含义
PHYSICS,法拉第电磁感应定律,法拉第电磁感应定律的理解
PHYSICS,法拉第电磁感应定律,法拉第电磁感应定律的理解要点
PHYSICS,法拉第电磁感应定律,电磁感应中流过回路的电荷量
PHYSICS,法拉第电磁感应定律,电磁感应公式汇编
PHYSICS,法拉第电磁感应定律,电荷量与位移的关系 q 等于 BLx 比 R总
PHYSICS,法拉第电磁感应定律,磁场变化模型的解读
PHYSICS,法拉第电磁感应定律,磁通量变化时电动势的三种求法
PHYSICS,波动图象的信息,处理振动图像和波的图像的一般思路
PHYSICS,波动图象的信息,振动图像信息的读取要点
PHYSICS,波动图象的信息,波动图像与振动图像的综合方法
PHYSICS,波动图象的信息,波动图象与振动图象的分工
PHYSICS,波动图象的信息,波的图像的坐标意义与可读信息
PHYSICS,波动图象的信息,波的图像的读图与步调关系
PHYSICS,波动图象的信息,波的图像（y-x 图像）及信息读取
PHYSICS,波动图象的信息,由波的图像画质点振动图像的步骤
PHYSICS,波动图象的信息,简谐运动图像的信息
PHYSICS,波动图象的信息,质点振动的路程不是波传播的距离
PHYSICS,波动图象的特点,三种传动方式的特点
PHYSICS,波动图象的特点,中性面与峰值面的特点对比
PHYSICS,波动图象的特点,串并联电路的特点
PHYSICS,波动图象的特点,振动图像与波的图像的对比
PHYSICS,波动图象的特点,波的图像的坐标与意义
PHYSICS,波动图象的特点,波的图象的坐标轴与物理意义
PHYSICS,波动图象的特点,等势面的特点与应用
PHYSICS,波的叠加原理,波的叠加与独立传播
PHYSICS,波的干涉,干涉中加强区与减弱区的振幅及主动降噪应用
PHYSICS,波的干涉,波的叠加与干涉
PHYSICS,波的干涉,波的叠加原理与干涉条件
PHYSICS,波的干涉,波的干涉及其产生条件
PHYSICS,波的干涉,波的干涉现象与稳定干涉的条件
PHYSICS,波的干涉中振动加强点和减弱点的判断方法,传送带上物体能否与带共速（减速到零）的判断方法
PHYSICS,波的干涉中振动加强点和减弱点的判断方法,公式法判断加强点与减弱点
PHYSICS,波的干涉中振动加强点和减弱点的判断方法,力做功正负的判断方法
PHYSICS,波的干涉中振动加强点和减弱点的判断方法,图像法判断加强点与减弱点
PHYSICS,波的干涉中振动加强点和减弱点的判断方法,干涉中加强点与减弱点的判断
PHYSICS,波的干涉中振动加强点和减弱点的判断方法,干涉中振动加强点与减弱点的两种判断方法
PHYSICS,波的干涉中振动加强点和减弱点的判断方法,干涉加强点与减弱点的两种判断
PHYSICS,波的干涉中振动加强点和减弱点的判断方法,干涉加强点与减弱点的判断
PHYSICS,波的干涉中振动加强点和减弱点的判断方法,干涉加强点减弱点的现象判断法
PHYSICS,波的干涉中振动加强点和减弱点的判断方法,干涉加强点减弱点：反相波源的条件互换
PHYSICS,波的干涉中振动加强点和减弱点的判断方法,干涉加强点减弱点：同相波源的距离差条件
PHYSICS,波的干涉中振动加强点和减弱点的判断方法,干涉图样中加强点与减弱点的间距关系
PHYSICS,波的干涉中振动加强点和减弱点的判断方法,弹力有无的三种判断方法
PHYSICS,波的干涉中振动加强点和减弱点的判断方法,弹力有无的四种判断方法
PHYSICS,波的干涉中振动加强点和减弱点的判断方法,波的叠加与振动加强减弱的条件
PHYSICS,波的干涉中振动加强点和减弱点的判断方法,波的干涉、衍射与多普勒效应
PHYSICS,波的干涉中振动加强点和减弱点的判断方法,波的干涉中加强点与减弱点的判断
PHYSICS,波的干涉中振动加强点和减弱点的判断方法,波的干涉中加强点与减弱点的判断方法
PHYSICS,波的干涉中振动加强点和减弱点的判断方法,波的干涉条件与加强减弱判据
PHYSICS,波的干涉中振动加强点和减弱点的判断方法,用图像判断加强点与减弱点
PHYSICS,波的干涉中振动加强点和减弱点的判断方法,用波程差判断加强点与减弱点
PHYSICS,波的干涉中振动加强点和减弱点的判断方法,电势能大小的判断方法
PHYSICS,波的干涉中振动加强点和减弱点的判断方法,电势高低的判断方法
PHYSICS,波的干涉中振动加强点和减弱点的判断方法,电路故障分析的判断方法
PHYSICS,波的干涉中振动加强点和减弱点的判断方法,等效最高点与等效最低点的确定方法
PHYSICS,波的干涉中振动加强点和减弱点的判断方法,超重失重的判断方法
PHYSICS,波的干涉中振动加强点和减弱点的判断方法,霍尔元件电势高低的判断方法
PHYSICS,波的衍射,发生明显衍射的条件
PHYSICS,波的衍射,波的衍射与明显衍射的条件
PHYSICS,波的衍射,波的衍射及反射折射的联系
PHYSICS,波的衍射,波的衍射及明显衍射的条件
PHYSICS,波的衍射,波的衍射现象与明显衍射的条件
PHYSICS,波的衍射,衍射是否明显的判断依据
PHYSICS,波粒二象性,康普顿效应与光的波粒二象性
PHYSICS,波速,波速及其决定因素
PHYSICS,波速,波速由介质决定
PHYSICS,波速v-波长λ和频率f-周期t的关系-v-λf,波速、波长与频率的关系
PHYSICS,波速v-波长λ和频率f-周期t的关系-v-λf,波速与频率的决定因素及三者关系
PHYSICS,波速v-波长λ和频率f-周期t的关系-v-λf,波长、波速、频率及三者的关系
PHYSICS,波速v-波长λ和频率f-周期t的关系-v-λf,波长、波速、频率及其关系
PHYSICS,波速v-波长λ和频率f-周期t的关系-v-λf,波长、波速、频率的关系与周期性
PHYSICS,波速v-波长λ和频率f-周期t的关系-v-λf,波长、波速与频率及其关系
PHYSICS,波速v-波长λ和频率f-周期t的关系-v-λf,波长、波速与频率的关系
PHYSICS,波速v-波长λ和频率f-周期t的关系-v-λf,波长、波速和频率的关系
PHYSICS,波速v-波长λ和频率f-周期t的关系-v-λf,波长、频率、波速及其关系
PHYSICS,波长,波长在横波与纵波中的确定
PHYSICS,波长,波长的定义
PHYSICS,波长λ-在波动中振动相位总是相同的两个相邻质点间的距离-用-λ-表示,波长的定义与波形上的对应
PHYSICS,波长λ-在波动中振动相位总是相同的两个相邻质点间的距离-用-λ-表示,由质点振动表达式求波动参量的方法
PHYSICS,注意事项-1-调节各器件的高度-使光源灯丝发出的光能沿遮光筒轴线到达光屏,加速度不同的连接体整体列式注意事项
PHYSICS,注意事项-1-调节各器件的高度-使光源灯丝发出的光能沿遮光筒轴线到达光屏,双缝干涉实验的操作要点与条纹间距测量
PHYSICS,注意事项-1-调节各器件的高度-使光源灯丝发出的光能沿遮光筒轴线到达光屏,双缝干涉测波长的原理与操作
PHYSICS,注意事项-1-调节各器件的高度-使光源灯丝发出的光能沿遮光筒轴线到达光屏,双缝干涉测波长的调节与故障判断
PHYSICS,注意事项-x1,三大性质力·计算注意事项
PHYSICS,注意事项-x1,传感器实验的注意事项与电路设计要点
PHYSICS,注意事项-x1,功与功率·计算注意事项
PHYSICS,注意事项-x1,单摆测g实验的误差与注意事项
PHYSICS,注意事项-x1,四种“类碰撞”典型模型·计算注意事项
PHYSICS,注意事项-x1,天体运行规律与人造卫星·计算注意事项
PHYSICS,注意事项-x1,平抛实验的误差与注意事项
PHYSICS,注意事项-x1,弹簧实验的误差来源与注意事项
PHYSICS,注意事项-x1,探究弹簧弹力实验的注意事项
PHYSICS,注意事项-x1,机械波·计算注意事项
PHYSICS,注意事项-x1,测电动势内阻的注意事项
PHYSICS,注意事项-x1,磁场及其对电流的作用·计算注意事项
PHYSICS,洛伦兹力,三种场的比较与无约束下的两种特殊运动
PHYSICS,洛伦兹力,带电粒子在匀强磁场中做匀速圆周运动的条件与规律
PHYSICS,洛伦兹力,核反应粒子入电磁场的分析路径
PHYSICS,洛伦兹力,洛伦兹力与安培力的联系及区别
PHYSICS,洛伦兹力,洛伦兹力作用下带电体的变速运动
PHYSICS,洛伦兹力,洛伦兹力冲量法
PHYSICS,洛伦兹力,洛伦兹力的大小
PHYSICS,洛伦兹力,洛伦兹力的大小与方向
PHYSICS,洛伦兹力,洛伦兹力的大小与方向判定
PHYSICS,洛伦兹力,洛伦兹力的大小与方向判断
PHYSICS,洛伦兹力,配速法与洛伦兹力冲量法·计算注意事项
PHYSICS,洛伦兹力作用下带电体的动态分析,带电体在磁场中的动态分析链条
PHYSICS,洛伦兹力作用下带电体的运动,洛伦兹力随速度变化引起的变力运动分析
PHYSICS,洛伦兹力作用下的带电体运动,洛伦兹力变化引起的弹力与摩擦力变化
PHYSICS,洛埃镜,洛埃镜实验
PHYSICS,活塞气缸模型,大招74：三步法解汽缸模型
PHYSICS,活塞气缸模型,气体过程分析与隐含条件挖掘
PHYSICS,活塞气缸模型,气缸类问题的一般解题思路
PHYSICS,活塞气缸模型,活塞-汽缸模型的受力分析与压强求法
PHYSICS,活塞气缸模型,活塞-汽缸模型的解题思路
PHYSICS,活塞气缸模型,活塞-汽缸模型的解题思路与定律选用
PHYSICS,活塞气缸模型,活塞与气缸类问题的一般思路
PHYSICS,活塞气缸模型,活塞模型求封闭气体压强
PHYSICS,活塞气缸模型,活塞模型求封闭气体的压强
PHYSICS,活塞气缸模型,活塞气缸与液柱模型的分析方法
PHYSICS,活杆与定杆模型,“动杆”与“定杆”模型
PHYSICS,活杆与定杆模型,“活杆”与“死杆”模型
PHYSICS,活杆与定杆模型,动杆与定杆的区分
PHYSICS,活杆与定杆模型,动杆与定杆的弹力方向
PHYSICS,活杆与定杆模型,动杆和定杆
PHYSICS,活杆与定杆模型,动杆模型
PHYSICS,活杆与定杆模型,定杆与动杆模型
PHYSICS,活杆与定杆模型,定杆模型
PHYSICS,活杆与定杆模型,活杆与定杆的弹力方向
PHYSICS,活杆与定杆模型,活杆模型与定杆模型的受力区别
PHYSICS,活杆与定杆模型,铰链轻杆与半圆弧轨道的综合受力分析
PHYSICS,活结与死结模型,“死结”与“活结”模型
PHYSICS,活结与死结模型,“活结”与“死结”模型
PHYSICS,活结与死结模型,晾衣架活结模型的分析
PHYSICS,活结与死结模型,死结与活结模型
PHYSICS,活结与死结模型,死结与活结模型的答题技巧
PHYSICS,活结与死结模型,死结与活结的区别
PHYSICS,活结与死结模型,死结与活结的答题要点
PHYSICS,活结与死结模型,死结模型
PHYSICS,活结与死结模型,死结活结与杆模型搭配的答题技巧
PHYSICS,活结与死结模型,活结与死结、动杆与定杆模型
PHYSICS,活结与死结模型,活结与死结的两段绳张力关系
PHYSICS,活结与死结模型,活结与死结的区分
PHYSICS,活结与死结模型,活结和死结
PHYSICS,活结与死结模型,活结模型
PHYSICS,活结与死结模型,活结模型与死结模型的受力区别
PHYSICS,活结与死结模型,轻绳张力的分布与死结
PHYSICS,流体模型,微粒类问题的柱状微元模型
PHYSICS,流体模型,流体与微粒流冲击问题的柱状模型
PHYSICS,测周期-测n次-约50次-全振动的总时间,单摆测周期的累积法
PHYSICS,测周期-测n次-约50次-全振动的总时间,摆长与周期的正确测量
PHYSICS,测周期-测n次-约50次-全振动的总时间,用单摆测量重力加速度的操作过程
PHYSICS,测电阻率实验的改进方向,测电阻率实验的三类改进方向
PHYSICS,测电阻的创新方案,测量电阻的创新方案对比
PHYSICS,测速度与加速度的实验拓展创新,测速度与加速度实验的拓展创新
PHYSICS,测速度的常用方法,用传感器测量速度的原理
PHYSICS,测量加速度的改进方法,加速度测量的装置与方法改进
PHYSICS,测量动摩擦因数的实验方法,用平衡法测定动摩擦因数的方案一
PHYSICS,测量动摩擦因数的实验方法,用弹簧测力计测定动摩擦因数的方案二与方案三
PHYSICS,测量导体电阻率的实验操作要领,测量导体电阻率的实验要领
PHYSICS,测量玻璃的折射率实验,测玻璃折射率实验的误差分析与减小方法
PHYSICS,测量电源电动势和内阻的实验,伏安法测 E 和 r 的实验步骤
PHYSICS,测量电源电动势和内阻的实验,伏安法测 E 和 r 的误差分析
PHYSICS,测量电源电动势和内阻的实验,伏阻法测 E 和 r 的误差
PHYSICS,测量电源电动势和内阻的实验,安阻法测 E 和 r 的数据处理
PHYSICS,测量电源电动势和内阻的实验,测 E 和 r 的实验注意事项
PHYSICS,测量电源电动势和内阻的实验,测量电源电动势和内阻的实验要点与数据处理
PHYSICS,测量电源电动势和内阻的误差分析,测电动势和内阻的误差分析
PHYSICS,测量电源电动势和内阻的误差分析,用等效电源分析两种接法的系统误差
PHYSICS,测量电源电动势和内阻的误差分析,电流表串在干路时的系统误差分析
PHYSICS,测量电源的电动势和内阻,伏伏法测电源电动势和内阻
PHYSICS,测量电源的电动势和内阻,测电源电动势和内阻的四种方法及误差方向
PHYSICS,测量电源的电动势和内阻,测量电动势和内阻实验的注意事项
PHYSICS,测量电源的电动势和内阻,测量电动势和内阻实验的系统误差分析
PHYSICS,测量电阻率实验的电流与温度控制,测电阻率实验中电流与温度的控制
PHYSICS,测量电阻率的实验创新,电阻率实验的器材创新
PHYSICS,测量电阻率的实验创新,电阻率实验的方案创新
PHYSICS,测量电阻率的实验创新,电阻率实验的目的迁移
PHYSICS,测量重力加速度的实验方法,测量重力加速度的其他方法
PHYSICS,测量重力加速度的实验方法,测量重力加速度的四种方法
PHYSICS,测量金属丝的电阻率实验,测量金属丝电阻率的误差分析与操作要点
PHYSICS,测量金属丝的电阻率实验,电阻率实验的三条创新思路
PHYSICS,测量金属丝的电阻率实验,电阻率实验的创新与迁移
PHYSICS,测量金属丝的电阻率实验,电阻率实验的操作注意与误差分析
PHYSICS,测量金属丝的电阻率实验,电阻率实验的数据处理
PHYSICS,浸润与不浸润（附着层与毛细现象）,附着层的性质、浸润与毛细现象
PHYSICS,消参法,消参法巧选多段方程
PHYSICS,涡流,导电管与绝缘管中的涡流阻尼对比
PHYSICS,涡流,感应电炉中的涡流与焦耳热
PHYSICS,涡流,涡流现象及其产生原因
PHYSICS,涡流,涡流的产生、应用与减小
PHYSICS,涡流,涡流的产生、特点、应用与防止
PHYSICS,涡流,涡流的产生与特点
PHYSICS,涡流,涡流的能量转化
PHYSICS,涡流,电磁驱动与交流感应电动机
PHYSICS,液晶,液晶的性质
PHYSICS,液晶,液晶的性质、分子特点与应用
PHYSICS,液晶,液晶的性质与微观结构
PHYSICS,液晶,液晶的物理性质与微观结构
PHYSICS,液晶,液晶的特殊性质
PHYSICS,液柱模型,“液柱＋管”类问题的压强计算
PHYSICS,液柱模型,大招75：三步法解液柱模型
PHYSICS,液柱模型,封闭气体压强的四种求法
PHYSICS,液柱模型,液柱封闭气体压强的计算
PHYSICS,液柱模型,液柱移动判断的公式法与图像法
PHYSICS,液柱模型,玻璃管-液柱模型压强的平衡求法
PHYSICS,液柱模型,玻璃管-液柱模型的分析方法
PHYSICS,液柱模型,玻璃管-液柱模型的研究对象与基本步骤
PHYSICS,液柱模型,连通器模型求封闭气体的压强
PHYSICS,液柱模型,连通器模型用等压面法求压强
PHYSICS,深空引力导航,深空探测中的引力导航
PHYSICS,温度计-测量温度的仪器,温度计与温标
PHYSICS,游标卡尺的构造与读数,游标卡尺与螺旋测微器读数易错点
PHYSICS,游标卡尺的构造与读数,游标卡尺的构造与读数方法
PHYSICS,游标卡尺的构造与读数,游标卡尺的精度与读数方法
PHYSICS,滑动变阻器两种接法的选择,分压接法中总电阻的变化规律
PHYSICS,滑动变阻器两种接法的选择,滑动变阻器分压式与限流式接法的选择
PHYSICS,滑动变阻器两种接法的选择,滑动变阻器限流与分压接法的选择
PHYSICS,滑动变阻器两种接法的选择,滑动变阻器限流式与分压式的选择
PHYSICS,滑动变阻器两种接法的选择,电阻率实验中滑动变阻器与接法的选择
PHYSICS,滑动变阻器两种接法的选择,限流式与分压式接法的选择
PHYSICS,滑动变阻器的限流式与分压式,极限法分析滑动变阻器引起的动态变化
PHYSICS,滑动变阻器的限流式与分压式,测量元件的伏安特性
PHYSICS,滑动变阻器的限流式与分压式,滑动变阻器分压接法与限流接法的比较
PHYSICS,滑动变阻器的限流式与分压式,滑动变阻器分压接法的适用情形
PHYSICS,滑动变阻器的限流式与分压式,滑动变阻器的两种接法
PHYSICS,滑动变阻器的限流式与分压式,滑动变阻器的限流式与分压式接法
PHYSICS,滑动变阻器的限流式与分压式,滑动变阻器的限流接法与分压接法
PHYSICS,滑动变阻器的限流式与分压式,滑动变阻器限流与分压接法选择
PHYSICS,滑动变阻器的限流式与分压式,限流式与分压式接法的调节范围与选择
PHYSICS,滑动变阻器的限流式与分压式,限流接法与分压接法的对比
PHYSICS,滑动摩擦-静摩擦-大小可能突增,摩擦力突变的通用分析步骤
PHYSICS,滑动摩擦力,多接触面叠加时的摩擦力处理
PHYSICS,滑动摩擦力,对滑动摩擦力公式的进一步理解
PHYSICS,滑动摩擦力,摩擦力计算的三点注意
PHYSICS,滑动摩擦力,滑动摩擦力不可能提供动力
PHYSICS,滑动摩擦力,滑动摩擦力公式
PHYSICS,滑动摩擦力,滑动摩擦力大小与接触面积无关
PHYSICS,滑动摩擦力,滑动摩擦力大小的分析与注意点
PHYSICS,滑动摩擦力,滑动摩擦力大小的计算方法
PHYSICS,滑动摩擦力,滑动摩擦力的大小计算与方向判断
PHYSICS,滑动摩擦力,滑动摩擦力的大小计算与方向特点
PHYSICS,滑动摩擦力,滑动摩擦力的定义与计算
PHYSICS,滑动摩擦力,滑动摩擦力的方向与大小的计算
PHYSICS,滑动摩擦力,滑动摩擦定律与动摩擦因数
PHYSICS,滑块-小球-弹簧模型,“光滑圆弧轨道＋滑块”类碰撞模型
PHYSICS,滑块-小球-弹簧模型,“滑块—弹簧”类碰撞模型
PHYSICS,滑块-小球-弹簧模型,含弹簧系统的动量与能量分析
PHYSICS,滑块-小球-弹簧模型,弹簧模型中速度极值的判断
PHYSICS,滑块-小球-弹簧模型,弹簧模型的两类等效过程
PHYSICS,滑块-小球-弹簧模型,弹簧连接体模型的规律与关键状态
PHYSICS,滑块-小球-弹簧模型,滑块-弹簧模型
PHYSICS,滑块-小球-弹簧模型,滑块—弹簧模型
PHYSICS,滑块-小球-弹簧模型,滑块—弹簧模型的两个关键状态
PHYSICS,滑块-小球-弹簧模型,滑块—弹簧模型的特点
PHYSICS,滑块-小球-弹簧模型,滑块与弹簧模型的两条守恒和两个关键状态
PHYSICS,滑块-小球-弹簧模型,滑块与弹簧模型的处理方法
PHYSICS,滑块-小球-弹簧模型,滑块与弹簧模型的过程分析与图像结论
PHYSICS,滑块-小球-弹簧模型,滑块与弹簧相互作用模型的特点
PHYSICS,滑块-小球-弹簧模型,滑块弹簧模型的两个关键状态
PHYSICS,滑块-小球-弹簧模型,滑块弹簧模型的特点与规律
PHYSICS,滑块-小球-弹簧模型,物块（小球）—悬绳模型三要点
PHYSICS,滑块-摆球模型,滑块与摆球模型
PHYSICS,滑块-斜面-曲面-模型-相对运动与临界问题,“滑块—曲面”类碰撞模型
PHYSICS,滑块-斜面-曲面-模型-相对运动与临界问题,光滑圆弧轨道与滑块模型的特点
PHYSICS,滑块-斜面-曲面-模型-相对运动与临界问题,单侧固定槽的多过程分析
PHYSICS,滑块-斜面-曲面-模型-相对运动与临界问题,单杆模型：恒定拉力下的运动与能量
PHYSICS,滑块-斜面-曲面-模型-相对运动与临界问题,圆弧轨道不固定时的向心力易错
PHYSICS,滑块-斜面-曲面-模型-相对运动与临界问题,圆弧轨道模型的三个典型应用
PHYSICS,滑块-斜面-曲面-模型-相对运动与临界问题,圆弧轨道模型的两类等效过程
PHYSICS,滑块-斜面-曲面-模型-相对运动与临界问题,小球与滑块模型的两个守恒与关键状态
PHYSICS,滑块-斜面-曲面-模型-相对运动与临界问题,来拒去留（感应电流阻碍相对运动）
PHYSICS,滑块-斜面-曲面-模型-相对运动与临界问题,滑块-斜（曲）面模型
PHYSICS,滑块-斜面-曲面-模型-相对运动与临界问题,滑块—斜（曲）面模型的两种情况
PHYSICS,滑块-斜面-曲面-模型-相对运动与临界问题,滑块—斜（曲）面模型的特点
PHYSICS,滑块-斜面-曲面-模型-相对运动与临界问题,滑块—曲面体模型
PHYSICS,滑块-斜面-曲面-模型-相对运动与临界问题,滑块—曲面模型的两个关键状态
PHYSICS,滑块-斜面-曲面-模型-相对运动与临界问题,滑块—曲面（斜面）模型
PHYSICS,滑块-斜面-曲面-模型-相对运动与临界问题,滑块—曲面（斜面）模型的两个状态
PHYSICS,滑块-斜面-曲面-模型-相对运动与临界问题,滑块与光滑斜（曲）面体模型
PHYSICS,滑块-斜面-曲面-模型-相对运动与临界问题,滑块与可动曲面模型的水平动量守恒
PHYSICS,滑块-斜面-曲面-模型-相对运动与临界问题,滑块与曲面模型的两个关键状态
PHYSICS,滑块-斜面-曲面-模型-相对运动与临界问题,滑块与曲面（斜面）模型的规律与状态
PHYSICS,滑块-斜面-曲面-模型-相对运动与临界问题,滑块返回曲面最低点的等价弹性碰撞
PHYSICS,滑块-斜面-曲面-模型-相对运动与临界问题,物块与圆弧小车的守恒分析
PHYSICS,滑块-斜面-曲面-模型-相对运动与临界问题,自锁问题与临界角
PHYSICS,滑块-斜面-曲面-模型-相对运动与临界问题,非固定圆槽中小球与槽的双守恒
PHYSICS,滑块-木板模型,滑块—平板模型的运动情境
PHYSICS,滑块-木板模型的临界问题,“滑块—木板”模型
PHYSICS,滑块-木板模型的临界问题,板块模型受力情况与临界力分析
PHYSICS,滑块-木板模型的临界问题,板块模型的临界条件运用
PHYSICS,滑块-木板模型的临界问题,板块模型的摩擦力与临界分析
PHYSICS,滑块-木板模型的临界问题,板块模型的求解关键与临界条件
PHYSICS,滑块-木板模型的临界问题,板块模型（系统不受拉力）的运动分析
PHYSICS,滑块-木板模型的临界问题,板块相对滑动临界的求外力
PHYSICS,滑块-木板模型的临界问题,板块问题的动力学分析方法
PHYSICS,滑块-木板模型的临界问题,水平面上滑块-木板模型的分类解读（力作用在块上）
PHYSICS,滑块-木板模型的临界问题,滑块—平板模型的动量、能量关系与临界条件
PHYSICS,滑块-木板模型的临界问题,滑块—木板模型
PHYSICS,滑块-木板模型的临界问题,滑块—木板模型的两种情况
PHYSICS,滑块-木板模型的临界问题,滑块—木板模型的分析方法
PHYSICS,滑块-木板模型的临界问题,滑块—木板模型的求解方法
PHYSICS,滑块-木板模型的临界问题,滑块—木板模型的解题关键
PHYSICS,滑块-木板模型的临界问题,滑块—木板模型的解题关键与临界条件
PHYSICS,滑块-木板模型的临界问题,滑块—木板模型（动量角度）
PHYSICS,滑块-木板模型的临界问题,滑块—滑板模型的三类求解方法
PHYSICS,滑块-木板模型的临界问题,滑块与木板模型的特点
PHYSICS,滑块-木板模型的临界问题,滑块木板模型
PHYSICS,滑块-木板模型的临界问题,滑块木板模型的特点与临界状态
PHYSICS,滑块-木板模型的临界问题,滑块滑离木板的位移关系
PHYSICS,激光,激光的产生与特点
PHYSICS,激光,激光的特性与应用
PHYSICS,火箭,火箭喷气速度的推导
PHYSICS,热力学图像问题,p-V 图像中两种面积的含义
PHYSICS,热力学图像问题,p-V图象中的温度与功
PHYSICS,热力学图像问题,图象分析参量变化的控制变量法与方程法
PHYSICS,热力学图像问题,大招73：用割线斜率分析气体状态参量
PHYSICS,热力学图像问题,气体四类等值变化图像的比较
PHYSICS,热力学图像问题,气体状态变化图像的判读技巧
PHYSICS,热力学图像问题,气体状态变化的图像问题
PHYSICS,热力学图像问题,气态图象中的等容线与等压线
PHYSICS,热力学图像问题,热力学图像四步解题法
PHYSICS,热力学图像问题,热力学图像的斜率与面积判据
PHYSICS,热力学图像问题,热力学第一定律与图像的综合
PHYSICS,热力学图像问题,热力学第一定律与气体图像的结合
PHYSICS,热力学图像问题,热力学第一定律与气体图像的综合
PHYSICS,热力学图像问题,热力学第一定律与气体图像综合题的思路
PHYSICS,热力学图像问题,热力学第一定律与状态变化图像的综合
PHYSICS,热力学图像问题,由图像分析做功内能与吸放热
PHYSICS,热力学图像问题,由图像讨论气体的功、热量与内能
PHYSICS,热力学图像问题,等压线之间的变化与图像分析要点
PHYSICS,热力学图像问题,等温变化的 p-V 图像与温度比较
PHYSICS,热力学第一定律,p-V 图像与热力学第一定律的综合分析
PHYSICS,热力学第一定律,分析 W 与 ΔU 与 Q 的三步
PHYSICS,热力学第一定律,气体实验定律与热力学第一定律综合问题的思维流程
PHYSICS,热力学第一定律,热力学定律与气体实验定律的综合判定
PHYSICS,热力学第一定律,热力学第一定律 ΔU=Q+W 与三种特殊变化
PHYSICS,热力学第一定律,热力学第一定律与气体实验定律的综合应用
PHYSICS,热力学第一定律,热力学第一定律与状态变化图像结合的分析方法
PHYSICS,热力学第一定律,热力学第一定律与符号法则
PHYSICS,热力学第一定律,热力学第一定律与第二定律的分工
PHYSICS,热力学第一定律,热力学第一定律与能量守恒
PHYSICS,热力学第一定律,热力学第一定律与能量守恒定律
PHYSICS,热力学第一定律,热力学第一定律及其三种特殊情形
PHYSICS,热力学第一定律,热力学第一定律及其符号法则
PHYSICS,热力学第一定律,热力学第一定律用于理想气体的判定流程
PHYSICS,热力学第一定律,热力学第一定律的三种特殊情况
PHYSICS,热力学第一定律,热力学第一定律的内容、符号法则与特殊情况
PHYSICS,热力学第一定律,热力学第一定律的内容与正负号法则
PHYSICS,热力学第一定律,热力学第一定律的内容与符号法则
PHYSICS,热力学第一定律,热力学第一定律的应用
PHYSICS,热力学第一定律,热力学第一定律的文字表述转译
PHYSICS,热力学第一定律,热力学第一定律的正负号法则
PHYSICS,热力学第一定律,热力学第一定律的理解与三种特殊情况
PHYSICS,热力学第一定律,热力学第一定律的理解与符号法则
PHYSICS,热力学第一定律,热力学第一定律的表达式
PHYSICS,热力学第一定律,热学公式汇编
PHYSICS,热力学第一定律,理想气体三量的分析思路
PHYSICS,热力学第一定律,用热力学第一定律分析气体的做功与吸放热
PHYSICS,热力学第一定律,转换研究对象求绳相关的变力做功
PHYSICS,热力学第三定律,热力学第三定律与绝对零度
PHYSICS,热力学第二定律,两类永动机与热力学第二定律
PHYSICS,热力学第二定律,对热力学第二定律的理解
PHYSICS,热力学第二定律,热力学第一、第二定律的比较
PHYSICS,热力学第二定律,热力学第二定律的两种表述与微观意义
PHYSICS,热力学第二定律,热力学第二定律的两种表述与方向性
PHYSICS,热力学第二定律,热力学第二定律的两种表述与热机
PHYSICS,热力学第二定律,热力学第二定律的含义与实质
PHYSICS,热力学第二定律,热力学第二定律的实质与方向性表现
PHYSICS,热力学第二定律,热力学第二定律的表述、含义与实质
PHYSICS,热力学第二定律,热力学过程的方向性与热力学第二定律
PHYSICS,热力学第二定律,热机与热机效率
PHYSICS,热学实验中的误差分析,单摆测重力加速度实验的误差分析
PHYSICS,热学实验中的误差分析,变压器实验的误差来源
PHYSICS,热学实验中的误差分析,定值电阻在电学实验中的妙用
PHYSICS,热学实验中的误差分析,实验中电表与器材的选择原则
PHYSICS,热学实验中的误差分析,小车速度实验的误差分析
PHYSICS,热学实验中的误差分析,探究 a-F-M 实验的系统误差分析
PHYSICS,热学实验中的误差分析,探究加速度实验的条件与误差分析
PHYSICS,热学实验中的误差分析,油膜法实验的误差来源
PHYSICS,热学实验中的误差分析,测量电阻率实验的误差分析
PHYSICS,热学实验中的误差分析,热学两个实验的误差来源汇总
PHYSICS,热学实验中的误差分析,电学实验的通用安全与规范要点
PHYSICS,热学实验中的误差分析,电学实验设计的“一明二选三画”
PHYSICS,热学实验中的误差分析,电阻率实验的误差分析与注意事项
PHYSICS,热学实验中的误差分析,等温变化实验的三类误差与改进
PHYSICS,热学知识体系,热学知识体系总览
PHYSICS,焦耳定律,焦耳定律与热功率
PHYSICS,焦耳定律,焦耳定律与电功率、热功率的应用
PHYSICS,焦耳定律,焦耳定律与电热
PHYSICS,焦耳定律,焦耳定律与纯电阻电路的区别
PHYSICS,爆炸模型,爆炸的特点及与碰撞的比较
PHYSICS,爆炸模型,爆炸过程的三个特点
PHYSICS,爆炸模型,爆炸问题的特点
PHYSICS,爆炸现象与动量守恒,爆炸与反冲
PHYSICS,爆炸现象与动量守恒,爆炸过程的动量守恒与能量特点
PHYSICS,爆炸问题,爆炸现象的特点与规律
PHYSICS,牛顿力学的局限性,牛顿力学的适用范围与局限
PHYSICS,牛顿第一定律,对牛顿第一定律的两点说明
PHYSICS,牛顿第一定律,对牛顿第一定律的深入理解
PHYSICS,牛顿第一定律,牛顿第一定律与力、运动的关系
PHYSICS,牛顿第一定律,牛顿第一定律与惯性
PHYSICS,牛顿第一定律,牛顿第一定律与第二定律的独立性
PHYSICS,牛顿第一定律,牛顿第一定律揭示的运动与力的关系
PHYSICS,牛顿第一定律,牛顿第一定律的三点理解
PHYSICS,牛顿第一定律,牛顿第一定律的内容与意义
PHYSICS,牛顿第一定律,牛顿第一定律的内容与物理意义
PHYSICS,牛顿第一定律,牛顿第一定律的内容与理解
PHYSICS,牛顿第一定律,牛顿第一定律的物理意义
PHYSICS,牛顿第三定律,牛顿第三定律与一对平衡力的比较
PHYSICS,牛顿第三定律,牛顿第三定律与作用力和反作用力
PHYSICS,牛顿第三定律,牛顿第三定律与六同三异二无关
PHYSICS,牛顿第三定律,牛顿第三定律与相互作用力
PHYSICS,牛顿第三定律,牛顿第三定律及其理解
PHYSICS,牛顿第三定律,牛顿第三定律的内容与作用力、反作用力的性质
PHYSICS,牛顿第三定律,牛顿第三定律的内容与理解
PHYSICS,牛顿第三定律,牛顿第三定律的内容与表达式
PHYSICS,牛顿第二定律,力与运动的关系
PHYSICS,牛顿第二定律,应用牛顿第二定律的步骤与常用方法
PHYSICS,牛顿第二定律,牛顿第二定律与力和运动的关系
PHYSICS,牛顿第二定律,牛顿第二定律及其理解
PHYSICS,牛顿第二定律,牛顿第二定律及其适用范围
PHYSICS,牛顿第二定律,"牛顿第二定律的""六性""与公式辨析"
PHYSICS,牛顿第二定律,牛顿第二定律的内容与合力关系
PHYSICS,牛顿第二定律,牛顿第二定律的内容与性质
PHYSICS,牛顿第二定律,牛顿第二定律的内容与表达式
PHYSICS,牛顿第二定律,牛顿第二定律的内容与适用范围
PHYSICS,牛顿第二定律,牛顿第二定律的性质与决定关系
PHYSICS,牛顿第二定律,牛顿第二定律的表达式与应用方法
PHYSICS,牛顿第二定律,用牛顿第二定律解决瞬时性问题的思维流程
PHYSICS,牛顿第二定律,由a-E图像求动摩擦因数与比荷
PHYSICS,牛顿第二定律,系统牛顿第二定律及其正交分解式
PHYSICS,牛顿第二定律中的正交分解法,动力学问题中正交分解的建系选择
PHYSICS,牛顿第二定律的理解-五性,加速度两个表达式的对比
PHYSICS,牛顿第二定律的理解-五性,对 F=ma 的理解与牛顿第二定律的四个性质
PHYSICS,牛顿第二定律的理解-五性,牛顿第二定律的五个性质
PHYSICS,牛顿第二定律的理解-五性,牛顿第二定律的六性与两个表达式
PHYSICS,牛顿第二定律的理解-五性,牛顿第二定律的四点特性
PHYSICS,牛顿第二定律的理解-五性,牛顿第二定律的理解
PHYSICS,牛顿第二定律的理解-五性,牛顿第二定律的瞬时问题（四步骤）
PHYSICS,牛顿第二定律的理解-五性,牛顿第二定律的适用条件与独立性
PHYSICS,牛顿第二定律的理解-五性,牛顿第二定律的适用范围
PHYSICS,牛顿第二定律的理解-五性,牛顿第二定律解题的建系方法
PHYSICS,牛顿第二定律的理解-五性,由开普勒第二定律比较行星速率
PHYSICS,牛顿第二定律的理解-五性,系统牛顿第二定律的应用
PHYSICS,牛顿运动三定律的基本概念和规律,“三定则、一定律”的因果关系
PHYSICS,牛顿运动三定律的基本概念和规律,“三定则一定律”的用途区分
PHYSICS,牛顿运动三定律的基本概念和规律,三定则一定律的分工
PHYSICS,牛顿运动三定律的基本概念和规律,天体运行规律与人造卫星·易混概念辨析
PHYSICS,牛顿运动三定律的基本概念和规律,开普勒行星运动三大定律
PHYSICS,牛顿运动三定律的基本概念和规律,牛顿运动定律的综合应用（方法类）·易混概念辨析
PHYSICS,牛顿运动三定律的基本概念和规律,牛顿运动定律的综合应用（模型类）·易混概念辨析
PHYSICS,牛顿运动三定律的理解和应用,交变电流“四值”的理解与应用对照
PHYSICS,牛顿运动三定律的理解和应用,牛顿第二定律与直线运动结合的解题思路
PHYSICS,牛顿运动三定律的理解和应用,牛顿运动定律与超重失重
PHYSICS,牛顿运动三定律的理解和应用,牛顿运动定律的理解及基本应用·易混概念辨析（一）
PHYSICS,牛顿运动三定律的理解和应用,牛顿运动定律的理解及基本应用·易混概念辨析（二）
PHYSICS,牛顿运动三定律的理解和应用,牛顿运动定律的理解及基本应用·计算注意事项
PHYSICS,牛顿运动三定律的理解和应用,牛顿运动定律的综合应用（方法类）·计算注意事项
PHYSICS,牛顿运动三定律的理解和应用,牛顿运动定律的综合应用（模型类）·计算注意事项
PHYSICS,牛顿运动三定律的理解和应用,薄膜干涉的理解和应用
PHYSICS,牛顿运动定律中的多过程问题,动力学多过程问题的处理步骤
PHYSICS,物体看作质点的条件-物体的大小和形状对研究问题的影响可以忽略,单摆实验中摆长记录错误对 T²-l 图像的影响
PHYSICS,物体看作质点的条件-物体的大小和形状对研究问题的影响可以忽略,单摆测 g 中误差对结果方向的影响
PHYSICS,物体看作质点的条件-物体的大小和形状对研究问题的影响可以忽略,平抛恰好无碰撞进入圆弧轨道的条件
PHYSICS,物体看作质点的条件-物体的大小和形状对研究问题的影响可以忽略,斜面板块受向上牵引力保持相对静止的条件
PHYSICS,物体看作质点的条件-物体的大小和形状对研究问题的影响可以忽略,无外力双杆问题的最终状态
PHYSICS,物体看作质点的条件-物体的大小和形状对研究问题的影响可以忽略,有外力双杆问题的最终状态
PHYSICS,物体看作质点的条件-物体的大小和形状对研究问题的影响可以忽略,能否把物体看作质点的判断
PHYSICS,物体间恰好不发生相对滑动-的临界条件是物体间恰好达到最大静摩擦力,F启动板块随F增大的三个阶段
PHYSICS,物体间恰好不发生相对滑动-的临界条件是物体间恰好达到最大静摩擦力,一对滑动摩擦力做功与系统产生的内能
PHYSICS,物体间恰好不发生相对滑动-的临界条件是物体间恰好达到最大静摩擦力,三类常见临界条件（脱离、相对滑动、绳断）
PHYSICS,物体间恰好不发生相对滑动-的临界条件是物体间恰好达到最大静摩擦力,与摩擦力有关的临界极值问题
PHYSICS,物体间恰好不发生相对滑动-的临界条件是物体间恰好达到最大静摩擦力,与摩擦力有关的圆周运动临界
PHYSICS,物体间恰好不发生相对滑动-的临界条件是物体间恰好达到最大静摩擦力,与摩擦力有关的圆周运动临界问题
PHYSICS,物体间恰好不发生相对滑动-的临界条件是物体间恰好达到最大静摩擦力,临界法判断板块是否相对滑动（多个F）
PHYSICS,物体间恰好不发生相对滑动-的临界条件是物体间恰好达到最大静摩擦力,倾斜圆盘上物体最易滑动的位置与临界条件
PHYSICS,物体间恰好不发生相对滑动-的临界条件是物体间恰好达到最大静摩擦力,倾斜板块无初速度下滑不相对滑动的条件
PHYSICS,物体间恰好不发生相对滑动-的临界条件是物体间恰好达到最大静摩擦力,假设法判断板块是否相对滑动（单个F）
PHYSICS,物体间恰好不发生相对滑动-的临界条件是物体间恰好达到最大静摩擦力,动力学中三类临界条件汇总
PHYSICS,物体间恰好不发生相对滑动-的临界条件是物体间恰好达到最大静摩擦力,动力学中的临界、极值类问题
PHYSICS,物体间恰好不发生相对滑动-的临界条件是物体间恰好达到最大静摩擦力,动力学四类典型临界条件
PHYSICS,物体间恰好不发生相对滑动-的临界条件是物体间恰好达到最大静摩擦力,叠加体相对滑动的临界分析
PHYSICS,物体间恰好不发生相对滑动-的临界条件是物体间恰好达到最大静摩擦力,叠放体恰好不相对滑动的临界拉力
PHYSICS,物体间恰好不发生相对滑动-的临界条件是物体间恰好达到最大静摩擦力,叠放物块相对滑动的临界与推力方向的讨论
PHYSICS,物体间恰好不发生相对滑动-的临界条件是物体间恰好达到最大静摩擦力,平衡中的临界极值问题——先分析受力较少的物体
PHYSICS,物体间恰好不发生相对滑动-的临界条件是物体间恰好达到最大静摩擦力,摩擦力突变问题的临界分析
PHYSICS,物体间恰好不发生相对滑动-的临界条件是物体间恰好达到最大静摩擦力,摩擦力突变问题的临界特征
PHYSICS,物体间恰好不发生相对滑动-的临界条件是物体间恰好达到最大静摩擦力,斜面上圆周运动的滑动临界
PHYSICS,物体间恰好不发生相对滑动-的临界条件是物体间恰好达到最大静摩擦力,星球瓦解与黑洞的临界条件
PHYSICS,物体间恰好不发生相对滑动-的临界条件是物体间恰好达到最大静摩擦力,水平板块模型的两个最大静摩擦力
PHYSICS,物体间恰好不发生相对滑动-的临界条件是物体间恰好达到最大静摩擦力,水平转盘上物体的临界分析
PHYSICS,物体间恰好不发生相对滑动-的临界条件是物体间恰好达到最大静摩擦力,水平转盘模型（静摩擦力提供向心力）
PHYSICS,物体间恰好不发生相对滑动-的临界条件是物体间恰好达到最大静摩擦力,水平面内圆周运动的摩擦力临界
PHYSICS,物体间恰好不发生相对滑动-的临界条件是物体间恰好达到最大静摩擦力,系统内两物体机械能转移：一增一减等量
PHYSICS,物体间恰好不发生相对滑动-的临界条件是物体间恰好达到最大静摩擦力,转盘上静止物块的向心力临界
PHYSICS,物体间恰好不发生相对滑动-的临界条件是物体间恰好达到最大静摩擦力,静摩擦力的特点
PHYSICS,物理图像的斜率与面积分析法,物理图像的斜率与面积分析方法
PHYSICS,物理意义-一切自发过程总是沿着分子热运动的无序度增大的方向进行程,功的正负的物理意义
PHYSICS,物理意义-一切自发过程总是沿着分子热运动的无序度增大的方向进行程,功能图像中图线斜率的物理意义
PHYSICS,物理意义-一切自发过程总是沿着分子热运动的无序度增大的方向进行程,布朗运动与分子热运动的比较
PHYSICS,物理意义-一切自发过程总是沿着分子热运动的无序度增大的方向进行程,熵增原理与能源的有限性
PHYSICS,物理意义-一切自发过程总是沿着分子热运动的无序度增大的方向进行程,能量类图像斜率的物理意义
PHYSICS,物理意义-一切自发过程总是沿着分子热运动的无序度增大的方向进行程,能量耗散与熵增原理
PHYSICS,物质波,德布罗意波（物质波）及其波长公式
PHYSICS,物质波,德布罗意物质波
PHYSICS,物质波,概率波与物质波
PHYSICS,物质波,物质波与德布罗意关系
PHYSICS,物质波,物质波与德布罗意波长
PHYSICS,物质波,物质波及其波长公式
PHYSICS,物质波,物质波（德布罗意波）
PHYSICS,特征谱线,原子特征谱线与光谱分析
PHYSICS,特征谱线,原子的特征谱线与光谱分析
PHYSICS,特殊值法-对于某些特殊电路问题-可以采取代入特殊值的方法去判定,串反并同法的局限与替代方法
PHYSICS,特殊值法-对于某些特殊电路问题-可以采取代入特殊值的方法去判定,代入法：直接代入与特殊值代入
PHYSICS,特殊值法-对于某些特殊电路问题-可以采取代入特殊值的方法去判定,取值法速解选择题
PHYSICS,特殊值法-对于某些特殊电路问题-可以采取代入特殊值的方法去判定,特殊值法快速排除错误选项
PHYSICS,特殊情形-三力平衡,三力平衡之辅助圆（正弦定理）法
PHYSICS,特殊情形-三力平衡,三力汇交原理与封闭三角形
PHYSICS,特殊情形-三力平衡,衍射表明“光沿直线传播”只是特殊情况
PHYSICS,特点-f-b-f-v-即f垂直于b与v决定的平面-f与v始终垂直-洛伦兹力不做功,各种常见力做功的特点
PHYSICS,特点-f-b-f-v-即f垂直于b与v决定的平面-f与v始终垂直-洛伦兹力不做功,洛伦兹力的方向、大小与不做功特性
PHYSICS,特点-f-b-f-v-即f垂直于b与v决定的平面-f与v始终垂直-洛伦兹力不做功,洛伦兹力的方向与做功特点
PHYSICS,特点-f-b-f-v-即f垂直于b与v决定的平面-f与v始终垂直-洛伦兹力不做功,洛伦兹力的方向与特点
PHYSICS,特点-f-b-f-v-即f垂直于b与v决定的平面-f与v始终垂直-洛伦兹力不做功,洛伦兹力的方向特点与不做功
PHYSICS,特点-f-b-f-v-即f垂直于b与v决定的平面-f与v始终垂直-洛伦兹力不做功,洛伦兹力的方向特点与不做功性质
PHYSICS,特点-f-b-f-v-即f垂直于b与v决定的平面-f与v始终垂直-洛伦兹力不做功,重力场、电场、磁场的对比
PHYSICS,特点-整个导体回路的电阻一般很小-感应电流很大-故金属块的发热功率很大,不平行（扇形）导轨的有效长度与回路电阻
PHYSICS,特点-整个导体回路的电阻一般很小-感应电流很大-故金属块的发热功率很大,产生涡流时的能量转化
PHYSICS,特点-整个导体回路的电阻一般很小-感应电流很大-故金属块的发热功率很大,用伏安法测金属块电阻率的表达式
PHYSICS,特点-整个导体回路的电阻一般很小-感应电流很大-故金属块的发热功率很大,电桥法测电阻（平衡电桥）
PHYSICS,特点-整个导体回路的电阻一般很小-感应电流很大-故金属块的发热功率很大,相同导体接触后的电荷分配
PHYSICS,特点-整个导体回路的电阻一般很小-感应电流很大-故金属块的发热功率很大,相同导体接触后的电荷分配原则
PHYSICS,环形磁场,环形区域磁场中的轨迹与几何关系
PHYSICS,环形磁场,环形磁场中的临界圆
PHYSICS,环绕天体法-计算天体的质量,借助外援法求天体质量与密度
PHYSICS,环绕天体法-计算天体的质量,利用环绕天体求中心天体的质量与密度
PHYSICS,环绕天体法-计算天体的质量,天体环绕法求质量与密度
PHYSICS,环绕天体法-计算天体的质量,环绕天体法计算中心天体的质量
PHYSICS,环绕天体法-计算天体的质量,环绕法求天体密度（含近地简化式）
PHYSICS,环绕天体法-计算天体的质量,环绕法计算中心天体的质量与密度
PHYSICS,环绕天体法-计算天体的质量,用近地卫星周期估算天体密度
PHYSICS,环绕天体法-计算天体的质量,由环绕天体求中心天体质量与密度
PHYSICS,玻尔原子模型的三条假设,玻尔三条假设与能级跃迁
PHYSICS,玻尔原子模型的三条假设,玻尔原子模型的三条基本假设
PHYSICS,玻尔原子模型的三条假设,玻尔原子模型的基本假设
PHYSICS,玻尔原子模型的三条假设,玻尔原子理论的基本假设
PHYSICS,玻尔原子模型的三条假设,玻尔模型的三个基本假设
PHYSICS,玻尔原子模型的三条假设,玻尔理论的三个假设
PHYSICS,玻尔原子模型的三条假设,玻尔理论的轨道量子化、定态与频率条件
PHYSICS,玻尔原子模型的三条假设,玻尔的原子模型
PHYSICS,玻尔原子模型的三条假设,玻尔的原子模型与频率条件
PHYSICS,玻尔原子模型的三条假设,玻尔的原子量子化模型与频率条件
PHYSICS,玻尔原子模型的三条假设,碰撞遵循的三条原则（含速度合理性）
PHYSICS,玻尔原子模型的三条假设,碰撞问题遵循的三条原则
PHYSICS,玻尔模型,氢原子的能级公式与半径公式
PHYSICS,玻尔模型,玻尔原子理论与能级跃迁
PHYSICS,玻尔模型,玻尔理论与能级跃迁
PHYSICS,玻尔模型,能级跃迁的条件与规律
PHYSICS,玻尔理论对氢光谱的解析,氢原子的能级公式与轨道半径
PHYSICS,玻尔理论对氢光谱的解析,玻尔理论对氢光谱的解释与氢原子的跃迁
PHYSICS,玻尔理论对氢光谱的解析,能级跃迁规律与谱线条数
PHYSICS,玻尔理论的几个重要概念,两类能级跃迁与电离
PHYSICS,玻尔理论的几个重要概念,玻尔理论的三要点与能级跃迁
PHYSICS,玻尔理论的几个重要概念,能级与能级图
PHYSICS,玻尔理论的几个重要概念,能级跃迁与电离能的辨析
PHYSICS,玻尔理论的几个重要概念,能级跃迁的两种方式与电离
PHYSICS,玻尔理论的几个重要概念,能级跃迁的两种能量来源与电离条件
PHYSICS,球面辐射模型,点光源球面辐射模型
PHYSICS,球面辐射模型,点光源的球面辐射模型
PHYSICS,球面辐射模型,球面辐射模型与光子数估算
PHYSICS,理想化模型,理想化模型与理想化方法
PHYSICS,理想变压器的两类动态分析,变压器动态分析的一般思路
PHYSICS,理想变压器的两类动态分析,变压器动态分析的两种思路
PHYSICS,理想变压器的两类动态分析,变压器动态变化问题的两种类型
PHYSICS,理想变压器的两类动态分析,变压器电路动态分析的一般思路
PHYSICS,理想变压器的两类动态分析,变压器的特殊情形分析
PHYSICS,理想变压器的两类动态分析,含变压器电路的动态分析
PHYSICS,理想变压器的两类动态分析,含变压器电路的动态分析可划去变压器
PHYSICS,理想变压器的两类动态分析,含变压器的电路动态分析（开关换接）
PHYSICS,理想变压器的两类动态分析,理想变压器动态分析的两类情形
PHYSICS,理想变压器的两类动态分析,理想变压器的动态分析
PHYSICS,理想变压器的关系式,交变电流与变压器公式汇编
PHYSICS,理想变压器的关系式,变压器原副线圈电压与匝数的关系
PHYSICS,理想变压器的关系式,变压器探究实验中的有效值读数
PHYSICS,理想变压器的关系式,变压器的基本关系与常见变压器
PHYSICS,理想变压器的关系式,变压器的工作原理与基本关系
PHYSICS,理想变压器的关系式,变压器的等效电阻模型
PHYSICS,理想变压器的关系式,日字形变压器的磁通量分配
PHYSICS,理想变压器的关系式,理想变压器功率关系（输入由输出决定）
PHYSICS,理想变压器的关系式,理想变压器电流关系（多副线圈）
PHYSICS,理想变压器的关系式,理想变压器的三个基本关系式
PHYSICS,理想变压器的关系式,理想变压器的基本关系式
PHYSICS,理想变压器的关系式,理想变压器的基本特点与关系式
PHYSICS,理想变压器的关系式,理想变压器的构造原理与基本关系
PHYSICS,理想变压器的关系式,理想变压器的特点、基本规律与制约关系
PHYSICS,理想变压器的关系式,高压输电的三个回路及其基本关系
PHYSICS,理想变压器的制约关系,变压器电路分析的两个注意点
PHYSICS,理想变压器的制约关系,变压器电路分析的两点注意
PHYSICS,理想变压器的制约关系,理想变压器的三个制约关系
PHYSICS,理想变压器的制约关系,理想变压器的变与不变及使用提示
PHYSICS,理想变压器的制约关系,理想变压器的基本关系与制约
PHYSICS,理想变压器的制约关系,理想变压器的基本关系与制约关系
PHYSICS,理想变压器的制约关系,理想变压器问题
PHYSICS,理想气体状态方程,一定质量理想气体的状态方程
PHYSICS,理想气体状态方程,克拉伯龙方程的几个常用推论
PHYSICS,理想气体状态方程,利用克拉伯龙方程解决气体变质量问题
PHYSICS,理想气体状态方程,利用气体实验定律与状态方程解题的基本思路
PHYSICS,理想气体状态方程,气体压强的微观决定与理想气体模型
PHYSICS,理想气体状态方程,气体实验定律与理想气体状态方程
PHYSICS,理想气体状态方程,理想气体模型与状态方程
PHYSICS,理想气体状态方程,理想气体状态方程与三个实验定律
PHYSICS,理想气体状态方程,理想气体状态方程与三个气体实验定律的对应
PHYSICS,理想气体状态方程,理想气体的特点与状态方程
PHYSICS,理想气体状态方程,用克拉伯龙方程处理气体混合（分态求和公式）
PHYSICS,理想气体的状态方程,克拉珀龙方程与气体分合的参量关系
PHYSICS,理想气体的状态方程,关联气体问题（两部分气体的关联关系）
PHYSICS,理想气体的状态方程,理想气体与理想气体状态方程
PHYSICS,理想气体的状态方程,理想气体的四类变质量问题
PHYSICS,用三角函数求极值处理物理极值问题,用正弦型函数求加速度的极值
PHYSICS,用力传感器或已知质量的钩码等代替弹簧测力计,力的合成实验的器材创新
PHYSICS,用力传感器或已知质量的钩码等代替弹簧测力计,弹簧实验中弹力的获得方式
PHYSICS,用力传感器或已知质量的钩码等代替弹簧测力计,用力传感器测绳拉力时不再需要质量远小条件
PHYSICS,用力传感器或已知质量的钩码等代替弹簧测力计,用压力传感器水平放置弹簧消除自重影响
PHYSICS,用力传感器或已知质量的钩码等代替弹簧测力计,由 F-t 图像分析超失重过程
PHYSICS,用功能观点分析,用功能观点分析电场中的运动
PHYSICS,用功能观点分析,用动能定理处理带电体的运动
PHYSICS,用功能观点分析,用电场功能观点分析粒子运动
PHYSICS,用功能观点分析,用能量观点分析力电综合问题
PHYSICS,用功能观点分析,电偏转问题的能量分析与偏转推论
PHYSICS,用动力学观点分析,动量观点与动力学观点的选用
PHYSICS,用动力学观点分析,库仑力作用下的变速问题
PHYSICS,用动力学观点分析,恒力作用涉及运动细节时用动力学观点
PHYSICS,用动力学观点分析,用动力学观点分析力电综合问题
PHYSICS,用动力学观点分析,用动力学观点分析电场中的直线运动
PHYSICS,用动力学观点分析,电场中 v-t 图像的读法
PHYSICS,用单摆测重力加速度的创新设计,用单摆测重力加速度的装置创新
PHYSICS,用单摆测重力加速度的实验,单摆测重力加速度的误差分析
PHYSICS,用单摆测量重力加速度,单摆实验的器材与步骤
PHYSICS,用单摆测量重力加速度,单摆实验的数据处理
PHYSICS,用单摆测量重力加速度,单摆实验的误差分析与减小方法
PHYSICS,用单摆测量重力加速度,单摆摆长的测量
PHYSICS,用单摆测量重力加速度,用单摆测重力加速度的原理与步骤
PHYSICS,用单摆测量重力加速度,用单摆测量重力加速度的实验要点
PHYSICS,用双缝干涉测量光的波长实验,双缝干涉实验的器件作用与误差分析
PHYSICS,用双缝干涉测量光的波长实验,双缝干涉测波长的操作与数据处理
PHYSICS,用双缝干涉测量光的波长实验,双缝干涉的测量与注意事项
PHYSICS,用双缝干涉测量光的波长实验,用双缝干涉测量光的波长的实验思路与数据测量
PHYSICS,用油膜法估测分子的大小,油膜法估测分子大小的原理与步骤
PHYSICS,用油膜法估测分子的大小,油膜法实验的数据处理
PHYSICS,用油膜法估测分子的大小,油膜法实验的注意事项与误差分析
PHYSICS,用油膜法估测油酸分子的大小,油膜法估测分子大小的实验思路与物理量测量
PHYSICS,用油膜法估测油酸分子的大小,油膜法估测油酸分子大小的原理与步骤
PHYSICS,用油膜法估测油酸分子的大小,油膜法实验的操作步骤与数据处理
PHYSICS,用油膜法估测油酸分子的大小,油膜法实验的注意事项与误差方向
PHYSICS,用油膜法估测油酸分子的大小,油膜法实验的误差来源与偏差方向
PHYSICS,用油膜法估测油酸分子的大小,用油膜法估测分子大小
PHYSICS,用油膜法估测油酸分子的大小,用油膜法估测分子大小的原理与步骤
PHYSICS,用自由落体运动测重力加速度,用自由落体运动测重力加速度的实验思路
PHYSICS,用自由落体运动测重力加速度,用自由落体运动测重力加速度的操作要点
PHYSICS,由测定加速度延伸为测定交流电的频率,由测加速度延伸测交流电频率
PHYSICS,由测定加速度延伸为测定动摩擦因数,单杆＋电容器模型的匀加速特征
PHYSICS,由测定加速度延伸为测定动摩擦因数,机车恒定加速度启动
PHYSICS,由测定加速度延伸为测定动摩擦因数,测动摩擦因数的创新方案
PHYSICS,由测定加速度延伸为测定动摩擦因数,测量动摩擦因数的基本原理
PHYSICS,由测定加速度延伸为测定动摩擦因数,用向心力测最大静摩擦因数的创新实验
PHYSICS,由测定加速度延伸为测定动摩擦因数,由测加速度延伸为测动摩擦因数
PHYSICS,由测定加速度延伸为测定动摩擦因数,由测加速度迁移到测动摩擦因数
PHYSICS,由简谐运动图像获取信息,从振动图像中提取信息
PHYSICS,电偏转与磁偏转的比较,电偏转与磁偏转的受力与运动性质比较
PHYSICS,电偏转与磁偏转的比较,电偏转与磁偏转的定量规律
PHYSICS,电功与电热的关系,电动机的三个功率与效率
PHYSICS,电功与电热的关系,非纯电阻电路的计算要点
PHYSICS,电功率,电功与电功率
PHYSICS,电功率,电功与电功率的计算
PHYSICS,电功率,电功率、额定功率与实际功率
PHYSICS,电功率,电功率与焦耳定律
PHYSICS,电动势,先测电表内阻再测电源内阻
PHYSICS,电动势,单刀双掷开关的两种接法
PHYSICS,电动势,安阻法与伏阻法测电动势内阻
PHYSICS,电动势,测电源电动势和内阻的原理与图像法
PHYSICS,电动势,测量电源电动势和内阻实验
PHYSICS,电动势,测量电源电动势和内阻的四种方法
PHYSICS,电动势,测量电源电动势和内阻的实验原理与数据处理
PHYSICS,电动势,测量电源电动势和内阻的注意事项
PHYSICS,电动势,测量电源电动势和内阻的误差分析与拓展方案
PHYSICS,电动势,用1/I-R图线测电源电动势和内阻
PHYSICS,电动势,用U-I图线求电动势和内阻
PHYSICS,电动势,电动势与电源内阻
PHYSICS,电动势,电动势与电源的内阻
PHYSICS,电动势,电动势和内阻测量的三种方法
PHYSICS,电动势,电动势数值的两点含义
PHYSICS,电动势,电动势的定义与电源的内阻、容量
PHYSICS,电动势,电动势的物理含义
PHYSICS,电动势,电压表分流使内阻测量值偏小
PHYSICS,电动势,电源的作用与电动势
PHYSICS,电动势,电源的电动势与内阻
PHYSICS,电动机牵引情境的功率与能量关系,电动机牵引情境中的功率与能量关系
PHYSICS,电势,场源电荷正负决定的电势分布
PHYSICS,电势,多个场源电场中电势高低的比较
PHYSICS,电势,点电荷电场中电势随距离的变化规律
PHYSICS,电势,用椭圆性质与电势公式求电势和电场力做功
PHYSICS,电势,电势与电势高低的判断
PHYSICS,电势,电势的定义、相对性与沿电场线的变化
PHYSICS,电势,电势的定义与性质
PHYSICS,电势,电势的定义与相对性
PHYSICS,电势,电势的标量叠加与场强的矢量叠加
PHYSICS,电势,电势能与电势
PHYSICS,电势,电势高低的三种判断方法
PHYSICS,电势,电势高低的五种判断方法
PHYSICS,电势,电场强度、电势、电势差与电势能与零参考点的关系
PHYSICS,电势,电场强度与电势的关系辨析
PHYSICS,电势差,电势差及其与静电力做功的关系
PHYSICS,电势差,电势差的定义与决定因素
PHYSICS,电势差,电势差的定义与多个点电荷电势的叠加
PHYSICS,电势差,电势差的定义与性质
PHYSICS,电势差,电势差的定义及其与电势的关系
PHYSICS,电势差与电场强度的关系,E等于U比d在非匀强电场中的应用
PHYSICS,电势差与电场强度的关系,φ-x 图线极值点与场强的关系
PHYSICS,电势差与电场强度的关系,三点法求匀强电场的电场强度
PHYSICS,电势差与电场强度的关系,匀强电场 U=Ed 的三条推论
PHYSICS,电势差与电场强度的关系,匀强电场中同一直线上电势差与距离成正比
PHYSICS,电势差与电场强度的关系,匀强电场中电势差与场强的关系
PHYSICS,电势差与电场强度的关系,匀强电场中电势差与电场强度的关系
PHYSICS,电势差与电场强度的关系,匀强电场中电势差与电场强度的关系及推论
PHYSICS,电势差与电场强度的关系,匀强电场中电势差的三个推论
PHYSICS,电势差与电场强度的关系,匀强电场中的中点电势与等分法
PHYSICS,电势差与电场强度的关系,找等势点的中点法与等分法
PHYSICS,电势差与电场强度的关系,正交分解法求电场强度
PHYSICS,电势差与电场强度的关系,点电荷的场强与电场叠加
PHYSICS,电势差与电场强度的关系,用φ-θ图像测定匀强电场的场强
PHYSICS,电势差与电场强度的关系,电势差与匀强电场中 U=Ed
PHYSICS,电势差与电场强度的关系,电势差与电场力做功
PHYSICS,电势差与电场强度的关系,电势差与电场强度的关系及两个推论
PHYSICS,电势差与电场强度的关系,电势高低与电势能大小的判断：做功法
PHYSICS,电势差与电场强度的关系,电势高低与电势能大小的判断：结论法
PHYSICS,电势差与电场强度的关系,电场强度的三个公式及适用范围
PHYSICS,电势差与电场强度的关系,电场强度的三个公式比较
PHYSICS,电势差与电场强度的关系,电场强度的三个性质
PHYSICS,电势差与电场强度的关系,电场强度的定义与计算公式
PHYSICS,电势差与电场强度的关系,等量同种正点电荷：中垂线上的场强与电势分布
PHYSICS,电势差与电场强度的关系,等量同种正点电荷：连线上的场强与电势分布
PHYSICS,电势差与电场强度的关系,等量异种点电荷：中垂线上的场强与电势分布
PHYSICS,电势差与电场强度的关系,等量异种点电荷：连线上的场强与电势分布
PHYSICS,电势差与电场强度的关系,非匀强电场中 E 与 U 的比较
PHYSICS,电势能,由等差等势面判断电势能大小与电场力做功
PHYSICS,电势能,电势、电势能、电场力做功的正负号处理
PHYSICS,电势能,电势与电势能
PHYSICS,电势能,电势能与静电力做功的关系
PHYSICS,电势能,电势能及其变化的判断
PHYSICS,电势能,电势能及其相对性
PHYSICS,电势能,电势能大小的三种判断方法
PHYSICS,电势能,电势能的定义与相对性
PHYSICS,电势能,电势能的性质与理解
PHYSICS,电势能,电势能的概念与做功的关系
PHYSICS,电势能,电势能的概念与相对性
PHYSICS,电势能变化与电势高低的判断方法,电势能变化与电势高低的四种判断方法
PHYSICS,电压半偏法测电压表内阻,电压半偏法测量偏大的原因
PHYSICS,电压表-电流表的改装,0~15 V 电压表的估读规范
PHYSICS,电压表-电流表的改装,光电管的正向与反向电压分析
PHYSICS,电压表-电流表的改装,差值法（伏伏法、安安法）测电表内阻的公式
PHYSICS,电压表-电流表的改装,电流表与电压表的改装
PHYSICS,电压表-电流表的改装,电流计改装成电压表与电流表
PHYSICS,电压表-电流表的改装,电表改装与分压式接法的选择
PHYSICS,电压表-电流表的改装,电表校准与更换电阻的判断
PHYSICS,电压表-电流表的改装,表头改装的原理与计算
PHYSICS,电压表差值法,电压表差值法测电阻
PHYSICS,电场,恒定电场及其特点
PHYSICS,电场,感生电场与静电场的区别
PHYSICS,电场,电场与点电荷的电场
PHYSICS,电场,电场的定义与基本性质
PHYSICS,电场,电场的物质性与匀强电场
PHYSICS,电场与磁场知识体系,电场与磁场知识体系总览
PHYSICS,电场中的v-t图像,v－t图像在电场问题中的分析步骤
PHYSICS,电场中的v-t图像,由v－t图像推断电场性质
PHYSICS,电场中的v-t图像,由v－t图像推断电场的其他性质
PHYSICS,电场中的v-t图像,电场中v-t图像的信息链
PHYSICS,电场中的v-t图像,电场中v-t图像的分析步骤
PHYSICS,电场中的v-t图像,电场中v-t图像的分析要点
PHYSICS,电场中的v-t图像,电场中的 v-t 图像
PHYSICS,电场中的v-t图像分析,由v-t图像分析电场的性质
PHYSICS,电场中的功能关系,偏转过程中用功能关系求末速度
PHYSICS,电场中的功能关系,偏转问题中末速度的功能关系求法
PHYSICS,电场中的功能关系,用动能定理求偏转后的末速度
PHYSICS,电场中的功能关系,用动能定理求带电粒子偏转后的速度
PHYSICS,电场中的功能关系,用电势能与动能之和守恒判断能量变化
PHYSICS,电场中的功能关系,用能量守恒处理带电体的运动与两个结论
PHYSICS,电场中的功能关系,电势能与动能变化的定性判断方法
PHYSICS,电场中的功能关系,电场中功能关系的四条表述
PHYSICS,电场中的功能关系,电场中功能关系的综合应用
PHYSICS,电场中的功能关系,电场中的功能关系与电场力做功的求法
PHYSICS,电场中的功能关系,电场中的四条功能关系
PHYSICS,电场中的功能关系,电场中的常见功能关系
PHYSICS,电场中的功能关系,等势面与轨迹的分析及电场中的功能关系
PHYSICS,电场中的功能关系,静电场中的功能关系
PHYSICS,电场中的功能关系,静电除尘器中粉尘颗粒的受力与动能变化分析
PHYSICS,电场强度,F-q图像的斜率表示电场强度
PHYSICS,电场强度,两个等量点电荷连线中垂线上场强最大值的求法
PHYSICS,电场强度,割补法求带电体的场强
PHYSICS,电场强度,叠加法求合场强的四种技巧
PHYSICS,电场强度,叠加法求电场强度的四种技巧
PHYSICS,电场强度,均匀带电球壳的场内做功与取走微小面积的影响
PHYSICS,电场强度,均匀带电球壳的电场与补偿法的使用要领
PHYSICS,电场强度,对称法求非点电荷电场的场强
PHYSICS,电场强度,带电球体挖去小球后空腔内场强的推导
PHYSICS,电场强度,库仑定律与电场强度
PHYSICS,电场强度,异号点电荷电场中场强与电势的分析要点
PHYSICS,电场强度,微元法与极限法求电场强度
PHYSICS,电场强度,描述电场的物理量与计算电场强度的方法
PHYSICS,电场强度,用分量法处理多个点电荷在某点的场强为零
PHYSICS,电场强度,电场强度三式的比较与叠加
PHYSICS,电场强度,电场强度叠加的四种方法
PHYSICS,电场强度,电场强度的三个公式与叠加
PHYSICS,电场强度,电场强度的三种表达式及其适用条件
PHYSICS,电场强度,电场强度的叠加与特殊带电体的求法
PHYSICS,电场强度,电场强度的大小和方向
PHYSICS,电场强度,电场强度的定义、方向与叠加
PHYSICS,电场强度,电场强度的定义与三个公式的比较
PHYSICS,电场强度,电场强度的定义与叠加
PHYSICS,电场强度,电场强度的定义与点电荷的电场
PHYSICS,电场强度,电场强度的定义式与绝对性
PHYSICS,电场强度,电场强度的理解与电场的叠加
PHYSICS,电场强度,电场强度矢量叠加的特殊方法
PHYSICS,电场强度,矢量叠加法求电场强度
PHYSICS,电场强度与电势的叠加,点电荷电势公式与多电荷电势的代数叠加
PHYSICS,电场强度与电势的叠加,电场强度矢量的叠加与电势标量的叠加
PHYSICS,电场强度的叠加方法,场强的叠加与匀强电场
PHYSICS,电场强度的叠加方法,电场强度的叠加与四种处理方法
PHYSICS,电场线,两种等量点电荷电场线的分布规律
PHYSICS,电场线,带电粒子的运动轨迹与电场线重合的条件
PHYSICS,电场线,用电场线判断场强与电势
PHYSICS,电场线,由v-t图像判断电场方向与电势升降
PHYSICS,电场线,由轨迹判断电性与受力
PHYSICS,电场线,电场线及其特点
PHYSICS,电场线,电场线的四点应用
PHYSICS,电场线,电场线的定义与六条特点
PHYSICS,电场线,电场线的定义与特点
PHYSICS,电场线,电场线的应用
PHYSICS,电场线,电场线的概念与特点
PHYSICS,电场线,电场线的特点与用途
PHYSICS,电场线,轨迹与电场线重合的三条件
PHYSICS,电场线,运动轨迹与电场线重合的条件
PHYSICS,电场线,静电场的电场线分布特点与正误判断
PHYSICS,电学实物连图的注意事项,电学实物图连接的注意事项
PHYSICS,电学实验中电表的选择方法,电学实验电表的选择
PHYSICS,电学实验仪器的选择,电学实验仪器的选择顺序与原则
PHYSICS,电学实验仪器的选择技巧,电学实验中的器材选择技巧
PHYSICS,电学实验器材的选取,电学实验器材选取的技巧
PHYSICS,电学实验器材的选取与实物图连接,实验器材选取与实物图连接
PHYSICS,电学实验器材的选择,电学实验器材的选择依据
PHYSICS,电学实验设计的“三原则”与仪器选择,电学实验设计的原则与仪器选择
PHYSICS,电容,对电容定义式的理解
PHYSICS,电容,平行板电容器电容的决定因素
PHYSICS,电容,平行板电容器电容的决定式
PHYSICS,电容,平行板电容器的两个公式与两类连接
PHYSICS,电容,平行板电容器的电容决定式
PHYSICS,电容,电容大小由电容器本身决定
PHYSICS,电容,电容的定义与单位
PHYSICS,电容,电容的定义与平行板电容器
PHYSICS,电容,电容的定义式、单位与物理意义
PHYSICS,电容,电容的定义式与决定因素
PHYSICS,电容,电容的定义式与平行板电容决定式
PHYSICS,电容,电容的定义式与平行板电容器的决定式
PHYSICS,电容-通交流-隔直流-通高频-阻低频,电感和电容对交变电流的影响
PHYSICS,电容-通交流-隔直流-通高频-阻低频,电阻电感电容对交流电的阻碍作用
PHYSICS,电容器,击穿电压与额定电压
PHYSICS,电容器,含容电路的特点
PHYSICS,电容器,含容电路的简化约定
PHYSICS,电容器,含容电路：电容器稳定后相当于断路
PHYSICS,电容器,平行板电容器的构成与电容决定式
PHYSICS,电容器,电容器电荷量及其改变量的计算
PHYSICS,电容器,电容器的构成与电容的定义式、决定式
PHYSICS,电容器,电容器的组成与充放电过程
PHYSICS,电容器,电容器的组成与电压参数
PHYSICS,电容器,观察电容器充放电现象的实验注意事项
PHYSICS,电容器充放电过程,“电容器＋导轨＋棒”的充电式与放电式模型
PHYSICS,电容器充放电过程,充放电实验的数据处理与注意事项
PHYSICS,电容器充放电过程,含电容电路的处理方法
PHYSICS,电容器充放电过程,用I-t图像面积求电容器的电荷量、电容与电压
PHYSICS,电容器充放电过程,用电流传感器描记充放电的I-t图像
PHYSICS,电容器充放电过程,由I-t图像求电荷量与电容
PHYSICS,电容器充放电过程,电容器充放电图像的分析要点
PHYSICS,电容器充放电过程,电容器充放电实验结论与注意事项
PHYSICS,电容器充放电过程,电容器充放电快慢的影响因素
PHYSICS,电容器充放电过程,电容器充放电的 I-t 图像与面积含义
PHYSICS,电容器充放电过程,电容器充放电的图像与电流峰值
PHYSICS,电容器充放电过程,电容器充放电过程中的电流与电压变化
PHYSICS,电容器充放电过程,电容器充放电过程中的能量转化
PHYSICS,电容器充放电过程,电容器充电过程的实验现象
PHYSICS,电容器充放电过程,电容器放电过程的实验现象
PHYSICS,电容器充放电过程,电容器的充放电与二极管的影响
PHYSICS,电容器充放电过程,电容器的充放电判断与通过导线的电荷量
PHYSICS,电容器充放电过程,电容器的充电与放电
PHYSICS,电容器充放电过程,电容器的充电与放电过程
PHYSICS,电容器充放电过程,电容器的构成与充放电
PHYSICS,电容器充放电过程,电磁感应+电容：无外力充电式
PHYSICS,电容器充放电过程,电磁感应+电容：无外力放电式
PHYSICS,电容器充放电过程,电阻表检测不同电学元件时的示数特点
PHYSICS,电容器充放电过程,观察电容器充、放电现象的实验
PHYSICS,电容器充放电过程,观察电容器充放电现象的实验
PHYSICS,电容器充放电过程,观察电容器充放电现象的实验原理
PHYSICS,电容器充放电过程,观察电容器的充、放电现象
PHYSICS,电容器充放电过程,观察电容器的充电与放电
PHYSICS,电桥法测电阻,电桥法测电阻与平衡条件
PHYSICS,电桥法测电阻,电桥法测电阻与电桥平衡条件
PHYSICS,电桥法测电阻,电桥法测电阻的平衡条件
PHYSICS,电桥法测电阻,电桥法（平衡法）测电阻
PHYSICS,电池容量与放电曲线,用I-t图线面积测电池容量
PHYSICS,电流,用柱体微元模型推导电流的微观表达式
PHYSICS,电流,电流微观表达式与柱体微元模型
PHYSICS,电流,电流的三个表达式
PHYSICS,电流,电流的三种表达式及其比较
PHYSICS,电流,电流的定义与三种表达式
PHYSICS,电流,电流的定义与形成条件
PHYSICS,电流,电流的定义与微观表达式
PHYSICS,电流,电流的形成与表达式
PHYSICS,电流,电流的形成条件与标矢性
PHYSICS,电流,电流的形成条件与表达式
PHYSICS,电流,电流的形成条件与计算式
PHYSICS,电流,电流的概念与三种表达式
PHYSICS,电流,电流的概念与形成条件
PHYSICS,电流,电流表差值法测电阻
PHYSICS,电流,磁电式电流表的工作原理
PHYSICS,电流做功的实质-电能转化成其他形式能的过程,电功及其计算
PHYSICS,电流做功的实质-电能转化成其他形式能的过程,系统内一种形式机械能减少量等于其他形式增加量
PHYSICS,电流半偏法测电流表内阻,电流半偏法测量偏小的原因
PHYSICS,电流表的内-外接法的选择,伏安法测电阻的内外接选择
PHYSICS,电流表的内-外接法的选择,伏安法测电阻：内接与外接的选择
PHYSICS,电流表的内-外接法的选择,伏安法测电阻：电流表内接法
PHYSICS,电流表的内-外接法的选择,伏安法测电阻：电流表外接法
PHYSICS,电流表的内-外接法的选择,测量金属丝电阻率实验的误差分析
PHYSICS,电流表的内-外接法的选择,电流表内外接法的选择方法
PHYSICS,电流表的内-外接法的选择,电流表内接与外接的误差分析与选择
PHYSICS,电流表的内-外接法的选择,电流表内接与外接的选择方法
PHYSICS,电流表的内-外接法的选择,电流表内接法与外接法的比较
PHYSICS,电流表的内-外接法的选择,电流表内接法与外接法的误差与选择
PHYSICS,电流表的内-外接法的选择,电流表内接法与外接法的选择
PHYSICS,电流表的内-外接法的选择,电流表内阻或电压表内阻已知时的接法选择
PHYSICS,电流表的内-外接法的选择,试触法选择电流表内接或外接
PHYSICS,电源与电阻的U-I图像比较,电源与电阻的U-I图像辨析
PHYSICS,电源与电阻的U-I图像比较,闭合电路与部分电路的U-I图像比较
PHYSICS,电源与电阻的U-I图像（工作点）,电源U-I图像与电阻U-I图像的交点
PHYSICS,电源的内阻-电源内部是由导体构成-所以也有电阻-这个电阻叫做电源的内阻,电桥法与双电源法测电阻
PHYSICS,电源的内阻-电源内部是由导体构成-所以也有电阻-这个电阻叫做电源的内阻,电源的 U-I 图像
PHYSICS,电源的功率问题,电源的三个功率与效率
PHYSICS,电源的功率问题,电源的功率、效率与输出功率图像
PHYSICS,电源的功率问题,电源的功率与效率
PHYSICS,电源的功率问题,电源的功率与输出功率的最大值
PHYSICS,电源的功率问题,电源的总功率、内耗与效率
PHYSICS,电源的功率问题,电源的总功率、内耗功率与效率
PHYSICS,电源的功率问题,电源的总功率与内耗功率
PHYSICS,电源的功率问题,电源的总功率与内部消耗功率
PHYSICS,电源的功率问题,电源的效率
PHYSICS,电源的功率问题,电源的效率与最大输出功率
PHYSICS,电源的功率问题,电路功率最大值的三种求解方法
PHYSICS,电源输出功率-整个外电路上消耗的电功率,同一输出功率对应的两外阻关系R₁R₂=r²
PHYSICS,电源输出功率-整个外电路上消耗的电功率,电源最大输出功率的条件
PHYSICS,电源输出功率-整个外电路上消耗的电功率,电源的功率、效率与最大输出功率
PHYSICS,电源输出功率-整个外电路上消耗的电功率,电源的功率分配与最大输出功率
PHYSICS,电源输出功率-整个外电路上消耗的电功率,电源的输出功率
PHYSICS,电源输出功率-整个外电路上消耗的电功率,电源输出功率与效率的变化规律
PHYSICS,电源输出功率-整个外电路上消耗的电功率,电源输出功率与最大输出功率
PHYSICS,电源输出功率-整个外电路上消耗的电功率,电源输出功率最大的条件
PHYSICS,电源输出功率-整个外电路上消耗的电功率,电源输出功率最大的条件与公式
PHYSICS,电源输出功率-整个外电路上消耗的电功率,电源输出功率随外电阻的变化
PHYSICS,电源输出功率-整个外电路上消耗的电功率,纯电阻电路中电源的最大输出功率
PHYSICS,电源输出功率-整个外电路上消耗的电功率,纯电阻电路中输出功率与外电阻的关系
PHYSICS,电源输出功率-整个外电路上消耗的电功率,输电线上的电压损失与功率损失
PHYSICS,电源输出功率-整个外电路上消耗的电功率,闭合电路的功率与效率
PHYSICS,电源输出功率-整个外电路上消耗的电功率,闭合电路的功率与输出功率跟外电阻的关系
PHYSICS,电火花打点计时器,两种打点计时器的原理与使用
PHYSICS,电火花打点计时器,电火花打点计时器的特点
PHYSICS,电火花打点计时器,电火花计时器的工作原理与对比优势
PHYSICS,电火花打点计时器,电火花计时器的特点
PHYSICS,电火花打点计时器,电火花计时器的特点与工作条件
PHYSICS,电磁学图像的解题通法,电磁学图像五步解题通法
PHYSICS,电磁感应,电磁感应现象与产生条件
PHYSICS,电磁感应与动量定理模型,电磁感应中的动量定理模型
PHYSICS,电磁感应中电荷量的计算,感应电荷量与磁通量变化量
PHYSICS,电磁感应中的三大动力学观点,力电综合问题的三大观点处理流程
PHYSICS,电磁感应中的三大动力学观点,单杆模型三大力学观点的选用原则
PHYSICS,电磁感应中的三大动力学观点,导轨滑杆模型的五类方程与过程分析程序
PHYSICS,电磁感应中的三大动力学观点,电磁感应中动力学问题的四步分析
PHYSICS,电磁感应中的三大动力学观点,电磁感应中动力学问题的处理与四步法
PHYSICS,电磁感应中的三大动力学观点,电磁感应中棒框模型的动力学与能量分析
PHYSICS,电磁感应中的三大动力学观点,电磁感应中的动力学分析
PHYSICS,电磁感应中的三大动力学观点,电磁感应中的动量观点应用
PHYSICS,电磁感应中的三大动力学观点,电磁感应动力学的两种状态
PHYSICS,电磁感应中的三大动力学观点,电磁感应动力学问题的分析框架
PHYSICS,电磁感应中的三大动力学观点,电磁感应单杆模型三大力学观点的选用
PHYSICS,电磁感应中的三大动力学观点,电磁感应微元法的解题步骤
PHYSICS,电磁感应中的三大动力学观点,电磁感应综合问题的解题思路
PHYSICS,电磁感应中的单棒模型,R-F型单杆模型的五类分析
PHYSICS,电磁感应中的单棒模型,R-v0型单杆模型的五类分析
PHYSICS,电磁感应中的单棒模型,使单杆做匀加速运动的外力条件
PHYSICS,电磁感应中的单棒模型,具有初速度的单杆模型
PHYSICS,电磁感应中的单棒模型,动量定理在单棒模型中的应用
PHYSICS,电磁感应中的单棒模型,匀加速后撤去拉力的单杆模型
PHYSICS,电磁感应中的单棒模型,匀速运动中电容器的充电电流恒定
PHYSICS,电磁感应中的单棒模型,单杆减速到零的最大距离公式
PHYSICS,电磁感应中的单棒模型,单杆模型中的能量与电荷量
PHYSICS,电磁感应中的单棒模型,单杆模型的动力学与能量方程（导轨有摩擦）
PHYSICS,电磁感应中的单棒模型,单杆电容模型
PHYSICS,电磁感应中的单棒模型,单杆电源模型
PHYSICS,电磁感应中的单棒模型,单棒加电阻模型的常用结论
PHYSICS,电磁感应中的单棒模型,单棒模型的三类分类与运动分析
PHYSICS,电磁感应中的单棒模型,受恒定外力的单杆模型
PHYSICS,电磁感应中的单棒模型,含容单杆模型的动量定理与电荷量关系
PHYSICS,电磁感应中的单棒模型,含容含源单杆模型的解题步骤
PHYSICS,电磁感应中的单棒模型,含容电源单杆模型与动量定理的微元累积
PHYSICS,电磁感应中的单棒模型,大招65：单棒模型的核心方程
PHYSICS,电磁感应中的单棒模型,弹簧与U形框连接的单杆模型
PHYSICS,电磁感应中的单棒模型,抛物线导轨上用动量定理处理面积量
PHYSICS,电磁感应中的单棒模型,用动量定理求电磁感应中的电荷量
PHYSICS,电磁感应中的单棒模型,电源与单杆模型
PHYSICS,电磁感应中的单棒模型,电磁感应中含电容的单棒模型
PHYSICS,电磁感应中的单棒模型,电磁感应中的动量定理应用
PHYSICS,电磁感应中的单棒模型,电磁感应动量问题的微元思想与三类模型
PHYSICS,电磁感应中的双棒模型,不等距双杆模型的受力与稳定条件
PHYSICS,电磁感应中的双棒模型,不等距导轨上的双杆模型
PHYSICS,电磁感应中的双棒模型,双杆模型中的受力分析与电流计算
PHYSICS,电磁感应中的双棒模型,双杆模型的动量守恒分析
PHYSICS,电磁感应中的双棒模型,双杆模型的四类稳定条件
PHYSICS,电磁感应中的双棒模型,双杆模型的注意事项与四种稳定条件
PHYSICS,电磁感应中的双棒模型,双杆系统的动量守恒与电荷量
PHYSICS,电磁感应中的双棒模型,双棒模型的收尾状态
PHYSICS,电磁感应中的双棒模型,双棒模型（无外力）的最终状态与守恒关系
PHYSICS,电磁感应中的双棒模型,双棒系统的动量守恒
PHYSICS,电磁感应中的双棒模型,双金属棒系统的动量守恒条件
PHYSICS,电磁感应中的双棒模型,大招66：无外力双棒模型
PHYSICS,电磁感应中的双棒模型,恒外力双棒模型
PHYSICS,电磁感应中的双棒模型,无外力作用的双杆模型
PHYSICS,电磁感应中的双棒模型,无外力双棒从开始到共速的定量计算
PHYSICS,电磁感应中的双棒模型,有初速度无外力的双杆模型
PHYSICS,电磁感应中的双棒模型,有外力作用的双杆模型
PHYSICS,电磁感应中的双棒模型,有外力无初速度的双杆模型
PHYSICS,电磁感应中的双棒模型,电磁感应中双杆模型的三个观点
PHYSICS,电磁感应中的双棒模型,电磁感应中双棒系统的动量守恒
PHYSICS,电磁感应中的双棒模型,等距双杆模型的动量与能量分析
PHYSICS,电磁感应中的双棒模型,等距双杆模型的受力与过程分析
PHYSICS,电磁感应中的图像问题,动生类图像问题的分析方法
PHYSICS,电磁感应中的图像问题,大招68：i-t 图像问题的常规方法
PHYSICS,电磁感应中的图像问题,感生电动势情形下安培力图像的分析
PHYSICS,电磁感应中的图像问题,感生类图像问题的类型与分析方法
PHYSICS,电磁感应中的图像问题,折线形导轨中有效长度随时间变化
PHYSICS,电磁感应中的图像问题,排除法三招快解 i-t 图像
PHYSICS,电磁感应中的图像问题,电场中的图像问题
PHYSICS,电磁感应中的图像问题,电磁感应图像综合问题的排除法与函数法
PHYSICS,电磁感应中的图像问题,电磁感应图像问题的“四明确、一理解”
PHYSICS,电磁感应中的图像问题,电磁感应图像问题的一般解题步骤
PHYSICS,电磁感应中的图像问题,电磁感应图像问题的三种类型
PHYSICS,电磁感应中的图像问题,电磁感应图像问题的两大类型
PHYSICS,电磁感应中的图像问题,电磁感应图像问题的分析方法
PHYSICS,电磁感应中的图像问题,电磁感应图像问题的常用方法
PHYSICS,电磁感应中的图像问题,电磁感应图像问题的排除法与函数法
PHYSICS,电磁感应中的图像问题,电磁感应图像问题的类型
PHYSICS,电磁感应中的图像问题,电磁感应图像问题的类型与分析要点
PHYSICS,电磁感应中的图像问题,电磁感应图像问题的类型与思路
PHYSICS,电磁感应中的图像问题,电磁感应图像问题的类型与解法
PHYSICS,电磁感应中的图像问题,电磁感应图像题的解题步骤
PHYSICS,电磁感应中的电容器问题,单棒与电容器模型
PHYSICS,电磁感应中的电容器问题,电容与单杆模型的匀加速运动
PHYSICS,电磁感应中的电荷量计算,通过回路横截面的电荷量
PHYSICS,电磁感应中的电路问题,分析电磁感应电路问题的基本思路
PHYSICS,电磁感应中的电路问题,现代科技中的电磁感应模型
PHYSICS,电磁感应中的电路问题,电磁感应中电路问题的分析思路
PHYSICS,电磁感应中的电路问题,电磁感应中电路问题的分析步骤
PHYSICS,电磁感应中的电路问题,电磁感应中的动量定理（安培力冲量 BLq）
PHYSICS,电磁感应中的电路问题,电磁感应中的电路问题解题流程
PHYSICS,电磁感应中的电路问题,电磁感应中的等效电源
PHYSICS,电磁感应中的电路问题,电磁感应中的等效电源与电路分析
PHYSICS,电磁感应中的电路问题,电磁感应中的能量问题与焦耳热求法
PHYSICS,电磁感应中的电路问题,电磁感应中通过导体的电荷量
PHYSICS,电磁感应中的电路问题,电磁感应新情境问题的求解策略
PHYSICS,电磁感应中的电路问题,电磁感应电路问题的三个易错点
PHYSICS,电磁感应中的电路问题,电磁感应电路问题的分析方法
PHYSICS,电磁感应中的电路问题,电磁感应电路问题的分析要点与误区
PHYSICS,电磁感应中的线框模型,大招67：线框模型核心思路与匀速线框
PHYSICS,电磁感应中的线框模型,无外力线框与恒外力线框
PHYSICS,电磁感应中的线框模型,线框切割的等效规则
PHYSICS,电磁感应中的线框模型,线框匝数对安培力的影响
PHYSICS,电磁感应中的线框模型,线框多次往返的动量累积
PHYSICS,电磁感应中的线框模型,线框平动切割的三种情形
PHYSICS,电磁感应中的线框模型,线框平动切割磁场的三类情形
PHYSICS,电磁感应中的线框模型,线框模型的三个注意事项
PHYSICS,电磁感应中的线框模型,线框模型的两点注意事项
PHYSICS,电磁感应中的线框模型,线框模型的动量观点应用
PHYSICS,电磁感应中的线框模型,线框穿越磁场区域的分情况讨论
PHYSICS,电磁感应中的线框模型,线框穿越磁场的分析
PHYSICS,电磁感应中的线框模型,线框进入与穿出磁场的过程对比
PHYSICS,电磁感应中的线框模型,线框进入磁场时速度与位移的线性关系
PHYSICS,电磁感应现象,感生电场与感生电动势
PHYSICS,电磁感应现象,电磁感应+电容：恒力匀加速式
PHYSICS,电磁感应现象,电磁感应的探索历程与电生磁、磁生电的区别
PHYSICS,电磁感应现象,电磁感应综合的安培力桥梁与能量实质
PHYSICS,电磁感应现象,磁通量与电磁感应现象
PHYSICS,电磁感应现象及其应用,互感现象的发生范围与影响
PHYSICS,电磁感应现象及其应用,电磁感应的现代科技应用场景
PHYSICS,电磁感应现象及其应用,电磁感应的科技应用场景与模型对应
PHYSICS,电磁打点计时器,打点计时器与探究小车运动实验
PHYSICS,电磁打点计时器,打点计时器的使用要点
PHYSICS,电磁打点计时器,打点计时器的计时原理
PHYSICS,电磁打点计时器,电磁打点计时器与电火花计时器的比较
PHYSICS,电磁打点计时器,电磁打点计时器的使用
PHYSICS,电磁打点计时器,电磁打点计时器的工作原理与使用要求
PHYSICS,电磁打点计时器,电磁打点计时器的计时原理与工作条件
PHYSICS,电磁振动-电磁波和传感器,电磁振荡与电磁波
PHYSICS,电磁振动-电磁波和传感器,电磁振荡与电磁波公式汇编
PHYSICS,电磁振动-电磁波和传感器,电磁振荡和电磁波
PHYSICS,电磁振动-电磁波和传感器,电磁波与机械波的比较
PHYSICS,电磁振动-电磁波和传感器,电磁波在信息化社会中的应用
PHYSICS,电磁振动-电磁波和传感器,电磁波谱与无线电波
PHYSICS,电磁振动-电磁波和传感器,紫外线、X 射线与 γ 射线
PHYSICS,电磁振荡,LC 振荡电路
PHYSICS,电磁振荡,LC 振荡电路充放电过程的判断方法
PHYSICS,电磁振荡,LC 振荡电路的电磁振荡过程
PHYSICS,电磁振荡,LC振荡电路各量随时刻的变化
PHYSICS,电磁振荡,振荡电流、振荡电路与电磁振荡
PHYSICS,电磁振荡,电磁振荡与LC振荡电路
PHYSICS,电磁振荡,电磁振荡中的能量变化与周期频率
PHYSICS,电磁振荡,电磁振荡的固有周期与固有频率只由回路本身决定
PHYSICS,电磁振荡,电磁振荡的过程与周期频率
PHYSICS,电磁波,介质中电磁波的频率与波速关系
PHYSICS,电磁波,电磁波在介质中的传播与信息传递特点
PHYSICS,电磁波,电磁波的产生与传播特性
PHYSICS,电磁波,电磁波的产生传播与发射接收
PHYSICS,电磁波,电磁波的性质、发射与接收
PHYSICS,电磁波,电磁波的性质与发射接收
PHYSICS,电磁波,电磁波的性质与电磁波谱
PHYSICS,电磁波,电磁波的特点与应用
PHYSICS,电磁波,电磁波的特点与电磁波谱
PHYSICS,电磁波,电磁波谱与各波段特性
PHYSICS,电磁波,电磁波谱与电磁波的能量
PHYSICS,电磁波,电磁波谱的排列与特性
PHYSICS,电磁波,电磁波谱的排列顺序与特性
PHYSICS,电磁波,麦克斯韦电磁场理论与电磁波的特点
PHYSICS,电磁波,麦克斯韦电磁场理论的理解
PHYSICS,电磁流量计,电磁流量计的工作原理
PHYSICS,电磁流量计,电磁流量计的流速与流量公式
PHYSICS,电磁流量计,电磁流量计的测量原理
PHYSICS,电磁说-麦克斯韦认为光是一种电磁波,电磁波特性提示与传播速度
PHYSICS,电磁说-麦克斯韦认为光是一种电磁波,红外线与可见光
PHYSICS,电磁阻尼与电磁驱动,电磁阻尼的应用：磁电式电表指针的快速稳定
PHYSICS,电磁阻尼和电磁驱动,电磁阻尼与电磁驱动的实质
PHYSICS,电磁阻尼和电磁驱动,电磁阻尼与电磁驱动的比较
PHYSICS,电离态与电离能,电离与电离能
PHYSICS,电能的输送,以变压器为界划分输电回路的方法
PHYSICS,电能的输送,减少电能损失的方法与高压输电
PHYSICS,电能的输送,升压与降压变压器的基本关系和功率守恒
PHYSICS,电能的输送,处理远距离输电问题的一般步骤
PHYSICS,电能的输送,电能输送的基本要求与电能损失
PHYSICS,电能的输送,输电线路的电压损失与功率损失
PHYSICS,电能的输送,远距离输电的功率、电压与电流关系
PHYSICS,电能的输送,远距离输电的功率、电压与线路损耗关系
PHYSICS,电能的输送,远距离输电的损失与降损
PHYSICS,电能的输送,远距离输电的损耗与降损途径
PHYSICS,电能的输送,远距离输电的电压损失与功率损失
PHYSICS,电能的输送,远距离高压输电线路的分析与计算
PHYSICS,电能的输送,高压直流输电的损耗计算
PHYSICS,电能的远距离输送电路图,两级变压器输电线路的损耗计算
PHYSICS,电能的远距离输送电路图,远距离输电的三个回路
PHYSICS,电能的远距离输送电路图,远距离输电的三二一结构
PHYSICS,电能的远距离输送电路图,远距离输电的处理思路与基本关系
PHYSICS,电能的远距离输送电路图,远距离输电的电路与规律
PHYSICS,电能的远距离输送电路图,远距离输电问题的分析要点
PHYSICS,电能的远距离输送电路图,风力发电中转速变化对线路损耗的影响
PHYSICS,电荷,两种电荷、电荷量与元电荷及物体带电的微观解释
PHYSICS,电荷,两种电荷及其规定
PHYSICS,电荷,正负电荷、电荷量与物质的微观结构
PHYSICS,电荷,比较电荷量的多少
PHYSICS,电荷,电荷量的定义与单位
PHYSICS,电荷,验电器与静电计的原理和作用
PHYSICS,电荷守恒定律,三种起电方式的规律及注意事项
PHYSICS,电荷守恒定律,接触导体间的电荷分配规律
PHYSICS,电荷守恒定律,接触带电的电荷分配原则
PHYSICS,电荷守恒定律,接触起电中相同金属球的电荷分配
PHYSICS,电荷守恒定律,电中性、电中和与电荷守恒
PHYSICS,电荷守恒定律,电荷、三种起电方式与电荷守恒定律
PHYSICS,电荷守恒定律,电荷守恒定律与三种起电方式
PHYSICS,电荷守恒定律,电荷守恒定律与电荷分配原则
PHYSICS,电荷守恒定律,电荷守恒定律与起电方式
PHYSICS,电荷守恒定律,电荷守恒定律的两种表述
PHYSICS,电荷守恒定律,静电感应中的自由电子转移
PHYSICS,电表改装问题的两点提醒,电表改装的两点提醒
PHYSICS,电表的使用与量程选择,电压表、电流表的使用与读数准备
PHYSICS,电表的使用与量程选择,电表使用的读数与量程选择
PHYSICS,电表的内接与外接,伏安法测电阻
PHYSICS,电表的内接与外接,伏安法测电阻的内外接法
PHYSICS,电表的内接与外接,伏安法测电阻的原理与内外接误差
PHYSICS,电表的内接与外接,测电源内阻时接法的选择与误差比较
PHYSICS,电表的改装,串并联电路的特点与电表改装原理
PHYSICS,电表的改装,多用电表各挡位的改装原理
PHYSICS,电表的改装,大招55：电表改装的分压与分流计算
PHYSICS,电表的改装,常用电表的读数规则
PHYSICS,电表的改装,改装电表的校准与误差方向判断
PHYSICS,电表的改装,改装表的示数、内阻比与指针偏角特征
PHYSICS,电表的改装,电流表改装成电压表与电流表的原理与计算
PHYSICS,电表的改装,电表的改装原理
PHYSICS,电表的改装,电表的读数方法与使用规范
PHYSICS,电路与电磁感应中的图像解读,电路与电磁感应类图像解读
PHYSICS,电路与电磁感应知识体系,电路与电磁感应知识体系总览
PHYSICS,电路中的三类图线,电路中的三类图线及其斜率与面积含义
PHYSICS,电路中的基本定律,电阻定律与串并联规律
PHYSICS,电路中的基本定律,直流电路公式与电表的改装
PHYSICS,电路中的基本概念,电源、电动势与内阻
PHYSICS,电路总电阻的变化规律,电路总电阻变化的判断
PHYSICS,电路的故障分析,串并联电路的分压分流与功率分配
PHYSICS,电路的故障分析,动态电路的极端分析法
PHYSICS,电路的故障分析,热敏电阻与电磁继电器温控电路的分析
PHYSICS,电路的故障分析,用多用电表检测断路与短路
PHYSICS,电路的故障分析,用多用电表检测电路故障
PHYSICS,电路的故障分析,电路故障分析的思路与检测方法
PHYSICS,电路的故障分析,电路故障的三种检测方法
PHYSICS,电路的故障分析,电路故障的两类特点与判断思路
PHYSICS,电路的故障分析,电路故障的判断
PHYSICS,电路的故障分析,电路故障的检查方法
PHYSICS,电路的故障分析,电路故障的检测与判断
PHYSICS,电路的故障分析,电路故障的特点与分析方法
PHYSICS,电路的故障分析,电阻表（欧姆挡）排查故障的示数判读
PHYSICS,电路的等效处理方法,电路的等效处理方法（电流走向法与电势排序法）
PHYSICS,电阻定律,电阻、电阻定律与电阻率
PHYSICS,电阻定律,电阻定律与电阻定义式的区别
PHYSICS,电阻定律,电阻定律与电阻率随温度的变化
PHYSICS,电阻定律,电阻的定义式与决定式的比较
PHYSICS,电阻率,导体电阻率的测量实验
PHYSICS,电阻率,测量电阻率实验的注意事项与误差分析
PHYSICS,电阻率,测量金属丝电阻率实验的操作要领
PHYSICS,电阻率,测量金属丝电阻率实验的注意事项
PHYSICS,电阻率,测量金属丝电阻率的原理与操作
PHYSICS,电阻率,测量金属丝电阻率的实验要点
PHYSICS,电阻率,用正方体容器测量电解液电阻率
PHYSICS,电阻率,由R-l图线斜率求电阻率
PHYSICS,电阻率,电阻与电阻率的区别及伏安特性曲线
PHYSICS,电阻率,电阻率测量的图像处理与误差分析
PHYSICS,电阻率,电阻率的物理意义
PHYSICS,电阻率,金属丝电阻率的测量
PHYSICS,相似三角形-动态三角形-拉密定理等方法解决临界极值问题,三力平衡中外力取最小值的条件
PHYSICS,相似三角形-动态三角形-拉密定理等方法解决临界极值问题,三力平衡之相似三角形法
PHYSICS,相似三角形-动态三角形-拉密定理等方法解决临界极值问题,三力平衡的矢量三角形与最小力
PHYSICS,相似三角形-动态三角形-拉密定理等方法解决临界极值问题,偏转粒子的中点推论与打屏位置计算
PHYSICS,相似三角形-动态三角形-拉密定理等方法解决临界极值问题,共点力平衡问题的常用分析方法与适用条件
PHYSICS,相似三角形-动态三角形-拉密定理等方法解决临界极值问题,动态平衡之相似三角形法
PHYSICS,相似三角形-动态三角形-拉密定理等方法解决临界极值问题,动态平衡的相似三角形法
PHYSICS,相似三角形-动态三角形-拉密定理等方法解决临界极值问题,动态平衡问题的常用方法
PHYSICS,相似三角形-动态三角形-拉密定理等方法解决临界极值问题,含安培力的动态平衡问题的解题策略
PHYSICS,相似三角形-动态三角形-拉密定理等方法解决临界极值问题,库仑力参与的三力平衡与矢量三角形
PHYSICS,相似三角形-动态三角形-拉密定理等方法解决临界极值问题,恒定夹角两力变化的正弦定理法
PHYSICS,相似三角形-动态三角形-拉密定理等方法解决临界极值问题,拉密定理的推导与用法
PHYSICS,相似三角形-动态三角形-拉密定理等方法解决临界极值问题,正弦定理与拉密定理在力学中的应用
PHYSICS,相似三角形-动态三角形-拉密定理等方法解决临界极值问题,正弦定理法解决动态平衡问题
PHYSICS,相似三角形-动态三角形-拉密定理等方法解决临界极值问题,用正弦定理与外接圆分析圆柱体缓慢转动的受力
PHYSICS,相似三角形-动态三角形-拉密定理等方法解决临界极值问题,用相似三角形与半角公式分析带电小球的动态平衡
PHYSICS,相似三角形-动态三角形-拉密定理等方法解决临界极值问题,用相似三角形处理弹簧与库仑力合成的平衡问题
PHYSICS,相似三角形-动态三角形-拉密定理等方法解决临界极值问题,用矢量三角形的外接圆分析动态平衡
PHYSICS,相似三角形-动态三角形-拉密定理等方法解决临界极值问题,相似三角形拉密定理与辅助圆法操作要点
PHYSICS,相似三角形-动态三角形-拉密定理等方法解决临界极值问题,相似三角形法分析带电体的动态平衡
PHYSICS,相似三角形-动态三角形-拉密定理等方法解决临界极值问题,相似三角形法处理动态平衡
PHYSICS,相似三角形-动态三角形-拉密定理等方法解决临界极值问题,相似三角形法求平衡力
PHYSICS,相似三角形-动态三角形-拉密定理等方法解决临界极值问题,相似三角形法解动态平衡
PHYSICS,相似三角形-动态三角形-拉密定理等方法解决临界极值问题,矢量圆法与拉密定理
PHYSICS,相似三角形-动态三角形-拉密定理等方法解决临界极值问题,矢量圆法与正弦定理
PHYSICS,相似三角形-动态三角形-拉密定理等方法解决临界极值问题,细绳绕过带孔小球时拉力取最大值的临界条件
PHYSICS,相对湿度,湿度：绝对湿度、相对湿度与湿度计
PHYSICS,相对论,狭义相对论的基本假设与两个关系
PHYSICS,相对论时空观,牛顿力学时空观与相对论时空观
PHYSICS,相对论时空观,相对论时空观与牛顿力学的局限
PHYSICS,相对论时空观,相对论时空观的两个效应
PHYSICS,相对论时空观,长度收缩效应与牛顿力学的适用范围
PHYSICS,相对论时空观与牛顿力学的局限性,相对论时空观与牛顿力学的适用范围
PHYSICS,相对运动法（换参法）,相对运动法（换参法）处理追及极值问题
PHYSICS,相遇次数问题,相遇次数问题的三条结论
PHYSICS,瞬时性突变类问题-轻绳-轻弹簧,两类模型的弹力突变问题
PHYSICS,瞬时性突变类问题-轻绳-轻弹簧,剪断瞬间绳与弹簧的弹力变化
PHYSICS,瞬时性突变类问题-轻绳-轻弹簧,小船渡河的四类问题
PHYSICS,瞬时性突变类问题-轻绳-轻弹簧,瞬态问题的两种模型与求解思路
PHYSICS,瞬时性突变类问题-轻绳-轻弹簧,瞬时加速度中的两类模型
PHYSICS,瞬时性突变类问题-轻绳-轻弹簧,瞬时加速度中绳与弹簧的突变差异
PHYSICS,瞬时性突变类问题-轻绳-轻弹簧,瞬时加速度的两类模型与常见情景
PHYSICS,瞬时性突变类问题-轻绳-轻弹簧,瞬时加速度问题
PHYSICS,瞬时性突变类问题-轻绳-轻弹簧,瞬时加速度问题的依据与两类连接
PHYSICS,瞬时性突变类问题-轻绳-轻弹簧,瞬时加速度问题的四步解法
PHYSICS,瞬时性突变类问题-轻绳-轻弹簧,瞬时加速度问题的易错提醒
PHYSICS,瞬时性突变类问题-轻绳-轻弹簧,瞬时加速度问题的求解思路
PHYSICS,瞬时性突变类问题-轻绳-轻弹簧,瞬时问题的两类模型
PHYSICS,瞬时性突变类问题-轻绳-轻弹簧,碰撞类问题遵循的三条原则
PHYSICS,瞬时性突变类问题-轻绳-轻弹簧,轻弹簧的弹力特点与不可突变性
PHYSICS,瞬时性突变类问题-轻绳-轻弹簧,轻绳、轻杆、弹簧的受力特点
PHYSICS,瞬时性突变类问题-轻绳-轻弹簧,轻绳、轻杆、弹簧的受力特点对比
PHYSICS,瞬时性突变类问题-轻绳-轻弹簧,轻绳、轻杆、橡皮筋、轻弹簧的对比
PHYSICS,瞬时性突变类问题-轻绳-轻弹簧,轻绳、轻杆、轻弹簧三类模型比较
PHYSICS,瞬时速度,位矢、位移与瞬时速度的矢量描述
PHYSICS,瞬时速度,平抛与界面结合时速度关系与位移关系的选择
PHYSICS,瞬时速度,用平均速度代替瞬时速度求纸带上的速度
PHYSICS,瞬时速度,瞬时功率的三种等价形式
PHYSICS,瞬时速度,瞬时速度与速率
PHYSICS,瞬时速度,瞬时速度的概念
PHYSICS,矢量和标量,矢量与标量
PHYSICS,矢量和标量,矢量与标量的区分
PHYSICS,矢量和标量,矢量与标量的区别
PHYSICS,矢量和标量,矢量与标量的运算区别
PHYSICS,矢量图解法,矢量图解法的适用模型与作图要领
PHYSICS,知二求三求解卫星运动物理量,卫星参量与轨道半径的关系
PHYSICS,知二求三求解卫星运动物理量,卫星轨道高度与周期的相互推算（黄金代换的应用）
PHYSICS,知二求三求解卫星运动物理量,知二求三求不出卫星质量
PHYSICS,知二求三求解卫星运动物理量,知二求三求解卫星物理量
PHYSICS,碰撞与轨道变化综合问题的分析流程,碰撞与轨道变化综合问题的三步分析
PHYSICS,碰撞中的-时间极短-的含义,碰撞中“时间极短”的含义
PHYSICS,碰撞中的-时间极短-的含义,碰撞过程的特点与动量守恒
PHYSICS,碰撞恢复系数,碰撞恢复系数的定义与用法
PHYSICS,碰撞的分类与比较,碰撞的分类
PHYSICS,碰撞的可能性分析,碰撞遵循的现实约束
PHYSICS,碰撞过程的三条规律,碰撞过程必须满足的三条规律
PHYSICS,磁场,地磁场
PHYSICS,磁场,地磁场的特点与磁偏角
PHYSICS,磁场,磁场与地磁场
PHYSICS,磁场,磁场的产生与叠加
PHYSICS,磁场,磁场的基本性质与磁感应强度
PHYSICS,磁场,磁感线的特点与匀强磁场
PHYSICS,磁场与磁场的组合模型,磁场与磁场组合的解题要点
PHYSICS,磁场与磁场的组合（两段圆弧的衔接）,磁场与磁场的组合问题
PHYSICS,磁场中的仪器,叠加场仪器类问题的解题关键
PHYSICS,磁场中的仪器,叠加场仪器题的共同特点
PHYSICS,磁场中的仪器,回旋加速器中运动时间的计算
PHYSICS,磁场中的仪器,回旋加速器的原理与计算
PHYSICS,磁场中的仪器,回旋加速器的构造、原理与最大动能
PHYSICS,磁场中的仪器,电磁场叠加类仪器的分析思路
PHYSICS,磁场中的仪器,电磁流量计与霍尔元件
PHYSICS,磁场中的仪器,电磁流量计的四个关键关系
PHYSICS,磁场中的仪器,磁流体发电机的电动势与内阻
PHYSICS,磁场中的仪器,质谱仪的作用与原理
PHYSICS,磁场中的仪器,速度选择器
PHYSICS,磁场中的仪器,速度选择器与磁流体发电机
PHYSICS,磁场中的仪器,速度选择器中偏转粒子的分析与比较
PHYSICS,磁场中的仪器,速度选择器的原理与特点
PHYSICS,磁场中的仪器,速度选择器的筛选原理
PHYSICS,磁场中的仪器,速度选择器等磁场仪器
PHYSICS,磁场中的仪器,霍尔效应与电势高低判断
PHYSICS,磁场的叠加,磁场叠加的分析思路
PHYSICS,磁场的叠加,磁场叠加的解题思路
PHYSICS,磁场的叠加,磁场的叠加方法
PHYSICS,磁场的基本概念和性质,三大性质力·易混概念辨析（一）
PHYSICS,磁场的基本概念和性质,三大性质力·易混概念辨析（二）
PHYSICS,磁场的基本概念和性质,圆形边界磁场的常用几何关系
PHYSICS,磁场的基本概念和性质,平行直导线磁场的对称叠加
PHYSICS,磁场的基本概念和性质,用地磁场模型判断地表电荷的正负
PHYSICS,磁场的基本概念和性质,用磁感线疏密比较磁感应强度
PHYSICS,磁场的基本概念和性质,磁场及其对电流的作用·易混概念辨析（一）
PHYSICS,磁场的基本概念和性质,磁场及其对电流的作用·易混概念辨析（二）
PHYSICS,磁场的基本概念和性质,磁场的基本概念与性质
PHYSICS,磁场的基本概念和性质,磁场的存在形式与基本性质
PHYSICS,磁场的基本概念和性质,磁场的性质与磁感线
PHYSICS,磁场的基本概念和性质,磁感线的特点与常见磁场
PHYSICS,磁场的基本概念和性质,磁感线的特点与电流的磁场
PHYSICS,磁场的基本概念和性质,通电线圈轴线上磁场分布辨析
PHYSICS,磁感应强度,电场强度与磁感应强度的对比
PHYSICS,磁感应强度,磁场及磁感应强度
PHYSICS,磁感应强度,磁感应强度与磁场的叠加
PHYSICS,磁感应强度,磁感应强度与磁感线
PHYSICS,磁感应强度,磁感应强度与磁通量
PHYSICS,磁感应强度,磁感应强度及其定义式
PHYSICS,磁感应强度,磁感应强度的定义、方向与叠加
PHYSICS,磁感应强度,磁感应强度的定义与匀强磁场
PHYSICS,磁感应强度,磁感应强度的定义与理解
PHYSICS,磁感应强度,磁感应强度的理解与磁感线的特点
PHYSICS,磁感线,磁感线的定义与特点
PHYSICS,磁电式电表的原理,磁电式电表的径向磁场与受力
PHYSICS,磁聚焦模型和磁发散模型,动态圆、磁聚焦与磁发散·易混概念辨析
PHYSICS,磁聚焦模型和磁发散模型,动态圆、磁聚焦与磁发散·计算注意事项
PHYSICS,磁聚焦模型和磁发散模型,磁发散——同点发散平行射出
PHYSICS,磁聚焦模型和磁发散模型,磁发散原理的应用条件
PHYSICS,磁聚焦模型和磁发散模型,磁发散模型的条件与结论
PHYSICS,磁聚焦模型和磁发散模型,磁发散模型的规律与证明
PHYSICS,磁聚焦模型和磁发散模型,磁聚焦——平行入射会聚一点
PHYSICS,磁聚焦模型和磁发散模型,磁聚焦与磁发散
PHYSICS,磁聚焦模型和磁发散模型,磁聚焦与磁发散模型
PHYSICS,磁聚焦模型和磁发散模型,磁聚焦与磁发散的条件与结论
PHYSICS,磁聚焦模型和磁发散模型,磁聚焦模型与磁发散模型
PHYSICS,磁聚焦模型和磁发散模型,磁聚焦模型中运动时间的极值
PHYSICS,磁聚焦模型和磁发散模型,磁聚焦模型的条件与结论
PHYSICS,磁聚焦模型和磁发散模型,磁聚焦模型的规律与证明
PHYSICS,磁聚焦模型和磁发散模型,磁聚焦模型的证明
PHYSICS,磁通量,双向磁场中磁通量的计算
PHYSICS,磁通量,磁通量及其变化
PHYSICS,磁通量,磁通量及其变化的判断
PHYSICS,磁通量,磁通量的大小及其变化分析
PHYSICS,磁通量,磁通量的定义与匀强磁场
PHYSICS,磁通量,磁通量的定义与意义
PHYSICS,磁通量,磁通量的定义与正负
PHYSICS,磁通量,磁通量的定义与计算
PHYSICS,磁通量,磁通量的概念与计算
PHYSICS,磁通量,磁通量的计算与正负
PHYSICS,磁通量,磁通量的计算与物理意义
PHYSICS,磁通量,长直导线周围的磁场与线圈平动时的磁通量
PHYSICS,磁通量,非匀强磁场中磁通量的定性比较
PHYSICS,磁通量φ-磁通量的变化量δφ及磁通量的变化率的比较,对磁通量的理解与变化的三种情况
PHYSICS,磁通量φ-磁通量的变化量δφ及磁通量的变化率的比较,磁通量、磁通量变化量与变化率的比较
PHYSICS,磁通量φ-磁通量的变化量δφ及磁通量的变化率的比较,磁通量与磁通量变化率的辨析
PHYSICS,磁通量φ-磁通量的变化量δφ及磁通量的变化率的比较,磁通量及其变化量
PHYSICS,磁通量φ-磁通量的变化量δφ及磁通量的变化率的比较,磁通量变化率与感应电荷量
PHYSICS,磁通量φ-磁通量的变化量δφ及磁通量的变化率的比较,磁通量变化的常见情况
PHYSICS,磁通量φ-磁通量的变化量δφ及磁通量的变化率的比较,磁通量变化量的三种情形
PHYSICS,磁通量φ-磁通量的变化量δφ及磁通量的变化率的比较,磁通量变化量的两种特殊情形
PHYSICS,离心现象,合外力与圆周运动关系的四种情况
PHYSICS,离心现象,由供、需向心力的关系判断圆周运动与离心运动
PHYSICS,离心现象,离心干燥器的工作原理
PHYSICS,离心现象,离心运动、近心运动的产生条件与本质
PHYSICS,离心现象,离心运动、近心运动的受力分析
PHYSICS,离心现象,离心运动与近心运动的判据
PHYSICS,离心现象,离心运动与近心运动的条件和本质
PHYSICS,离心现象,离心运动及其条件
PHYSICS,离心现象,离心运动的产生条件与本质
PHYSICS,离心现象,离心运动的定义与条件
PHYSICS,离心现象,离心运动的应用与防止
PHYSICS,离心现象,离心运动的本质
PHYSICS,离心现象,离心运动的条件与实例
PHYSICS,离心现象,航天器失重与离心运动
PHYSICS,程序法-遵循-局部-整体-局部-的思路,动态电路分析的程序法
PHYSICS,程序法-遵循-局部-整体-局部-的思路,动态电路分析的程序法与常用方法
PHYSICS,程序法-遵循-局部-整体-局部-的思路,电路动态分析的两种方法
PHYSICS,程序法-遵循-局部-整体-局部-的思路,电路动态分析的几种方法
PHYSICS,程序法-遵循-局部-整体-局部-的思路,电路动态分析的程序法
PHYSICS,程序法-遵循-局部-整体-局部-的思路,程序法分析电路的动态变化
PHYSICS,程序法-遵循-局部-整体-局部-的思路,路端电压与电流的关系及U-I图像
PHYSICS,程序法-遵循-局部-整体-局部-的思路,闭合电路动态分析的程序法
PHYSICS,空间抛体问题,空间抛体问题的处理思路
PHYSICS,竖直上抛运动的处理方法,不同平面内天体相遇的处理
PHYSICS,竖直上抛运动的处理方法,刹车类与双向可逆类匀减速运动的处理差异
PHYSICS,竖直上抛运动的处理方法,叠加场中典型运动形式及处理方法
PHYSICS,竖直上抛运动的处理方法,含容电路的处理方法
PHYSICS,竖直上抛运动的处理方法,平抛运动的分解方法
PHYSICS,竖直上抛运动的处理方法,探究平抛运动实验的数据处理
PHYSICS,竖直上抛运动的处理方法,斜抛运动的处理方法
PHYSICS,竖直上抛运动的处理方法,斜抛运动的正交分解模型
PHYSICS,竖直上抛运动的处理方法,有阻力时竖直上抛的上升与下降过程比较
PHYSICS,竖直上抛运动的处理方法,测电阻率的数据处理方法
PHYSICS,竖直上抛运动的处理方法,用水平位移检验平抛水平分运动的等时方法
PHYSICS,竖直上抛运动的处理方法,竖直上抛的两种研究方法
PHYSICS,竖直上抛运动的处理方法,竖直上抛的分段法与全程法
PHYSICS,竖直上抛运动的处理方法,竖直上抛的多解性
PHYSICS,竖直上抛运动的处理方法,竖直上抛运动
PHYSICS,竖直上抛运动的处理方法,竖直上抛运动的 v—t 图与 h—t 图
PHYSICS,竖直上抛运动的处理方法,竖直上抛运动的三个基本规律式
PHYSICS,竖直上抛运动的处理方法,竖直上抛运动的两种研究方法与多解性
PHYSICS,竖直上抛运动的处理方法,竖直上抛运动的公式与对称性
PHYSICS,竖直上抛运动的处理方法,竖直上抛运动的分段处理与全程处理
PHYSICS,竖直上抛运动的处理方法,竖直上抛运动的分段处理与整体处理
PHYSICS,竖直上抛运动的处理方法,竖直上抛运动的处理方法与对称性
PHYSICS,竖直上抛运动的处理方法,竖直上抛运动的多解性
PHYSICS,竖直上抛运动的处理方法,竖直上抛运动的定义与公式
PHYSICS,竖直上抛运动的处理方法,竖直上抛运动的对称性与多解
PHYSICS,竖直上抛运动的处理方法,竖直上抛运动的性质与公式
PHYSICS,竖直上抛运动的处理方法,竖直上抛运动的特点与对称性
PHYSICS,竖直上抛运动的处理方法,竖直上抛运动的特点与性质
PHYSICS,竖直上抛运动的处理方法,竖直上抛运动的研究方法与多解性
PHYSICS,竖直上抛运动的处理方法,竖直上抛运动的规律
PHYSICS,竖直上抛运动的处理方法,竖直上抛运动的规律、对称性与多解性
PHYSICS,竖直上抛运动的处理方法,竖直上抛运动的规律与对称性
PHYSICS,竖直上抛运动的处理方法,竖直上抛运动的规律与速度对称性
PHYSICS,竖直上抛运动的处理方法,竖直抛体运动的分段法与全程法
PHYSICS,竖直上抛运动的处理方法,自由落体与竖直上抛的规律与对称性
PHYSICS,竖直上抛运动的处理方法,自由落体与竖直上抛运动
PHYSICS,竖直上抛运动的处理方法,逐差法处理奇数段纸带数据的方法
PHYSICS,竖直面内圆周运动问题的解题思路,竖直面内圆周运动的解题思路
PHYSICS,第一次人工核反应,第一次人工核反应与三个人工转变
PHYSICS,第一次人工核反应,质子与中子的发现
PHYSICS,第一类永动机,第一类永动机为何不能制成
PHYSICS,第二类永动机,两类永动机与违背的定律
PHYSICS,第二类永动机,第二类永动机不可能制成
PHYSICS,等分法,等分法确定电场与电势
PHYSICS,等分法确定电场线,等分法确定匀强电场的电场线
PHYSICS,等势面,几种特殊电场的等势面特点
PHYSICS,等势面,利用等势面比较电势与电势能
PHYSICS,等势面,用等势面定性判断场强与电势差
PHYSICS,等势面,用等差等势线分析电子运动中的能量变化
PHYSICS,等势面,由等势面疏密判断场强
PHYSICS,等势面,等势面的定义与四个特点
PHYSICS,等势面,等势面的定义与特点
PHYSICS,等效替代法,力的合成实验的数据处理与误差分析
PHYSICS,等效替代法,合力与分力
PHYSICS,等效替代法,多体重复运动转化为单体运动
PHYSICS,等效替代法,探究互成角度力的合成规律：等效替代
PHYSICS,等效替代法,替代法测电阻（电流、电压等效替代）
PHYSICS,等效替代法,用等效替代处理正多边形顶点的点电荷场强
PHYSICS,等效替代法,等效替代法测电阻
PHYSICS,等效替代法,等效替代法测电阻的原理
PHYSICS,等效替代法,等效替代法测电阻的操作要点
PHYSICS,等效替代法,等效替换法
PHYSICS,等效替代法,等效法处理电场叠加
PHYSICS,等效替代法,等效电源法分析测量误差
PHYSICS,等效替代法,粘贴法处理纸带数据（等效替代）
PHYSICS,等效替代法,验证力的平行四边形定则的实验原理
PHYSICS,等效法在变压器和远距离输电中的应用,升压变压器匝数比改变对输电损耗的影响
PHYSICS,等效法在变压器和远距离输电中的应用,变压器原线圈含负载时的等效电阻法
PHYSICS,等效法在变压器和远距离输电中的应用,变压器电路的等效电源法
PHYSICS,等效法在变压器和远距离输电中的应用,变压器电路的等效电阻法
PHYSICS,等效法在变压器和远距离输电中的应用,变压器的等效电阻与等效电源法
PHYSICS,等效法在变压器和远距离输电中的应用,变压器的等效电阻法
PHYSICS,等效法在变压器和远距离输电中的应用,变压器等效电阻模型
PHYSICS,等效法在变压器和远距离输电中的应用,用等效电阻法分析负载变化与功率最值
PHYSICS,等效法在变压器和远距离输电中的应用,用等效电阻法分析远距离输电的动态变化
PHYSICS,等效法在变压器和远距离输电中的应用,等效替换法的广泛应用
PHYSICS,等效法在变压器和远距离输电中的应用,等效电阻法与等效电源法
PHYSICS,等效法在变压器和远距离输电中的应用,远距离输电的“三二一”分析框架
PHYSICS,等效法在变压器和远距离输电中的应用,远距离输电的三个回路及关联物理量
PHYSICS,等效法在变压器和远距离输电中的应用,远距离输电的分析
PHYSICS,等效法在变压器和远距离输电中的应用,远距离高压输电的分析关系
PHYSICS,等效法在变压器和远距离输电中的应用,远距离高压输电的基本关系
PHYSICS,等效法求解电场中圆周运动问题的解题思路,“活塞＋汽缸”类问题的解题思路
PHYSICS,等效法求解电场中圆周运动问题的解题思路,交变电场问题的解题技巧：v-t图像结合周期性
PHYSICS,等效法求解电场中圆周运动问题的解题思路,叠加场中重力与电场力抵消时做匀速圆周运动
PHYSICS,等效法求解电场中圆周运动问题的解题思路,场强叠加与特殊带电体求解四法
PHYSICS,等效法求解电场中圆周运动问题的解题思路,均匀带电圆环缺口的等效法求圆心场强
PHYSICS,等效法求解电场中圆周运动问题的解题思路,带电小球在叠加场中圆周运动的等效法
PHYSICS,等效法求解电场中圆周运动问题的解题思路,带电小球在竖直向上匀强电场中的圆周运动
PHYSICS,等效法求解电场中圆周运动问题的解题思路,用等效重力法处理电场中的圆周运动
PHYSICS,等效法求解电场中圆周运动问题的解题思路,由直线运动条件确定等效最高点求圆轨道上的最小速率
PHYSICS,等效法求解电场中圆周运动问题的解题思路,磁场中圆周运动圆心、半径与时间的确定方法
PHYSICS,等效法求解电场中圆周运动问题的解题思路,磁场中圆周运动圆心的确定方法
PHYSICS,等效法求解电场中圆周运动问题的解题思路,等效最高点即动能最小点的前提
PHYSICS,等效法求解电场中圆周运动问题的解题思路,等效重力场与等效最高点、最低点
PHYSICS,等效法求解电场中圆周运动问题的解题思路,等效重力场中圆周运动的临界条件与绳张力计算
PHYSICS,等效法求解电场中圆周运动问题的解题思路,等效重力场中圆周运动的对应概念
PHYSICS,等效法求解电场中圆周运动问题的解题思路,置换参考系法求解相对运动问题
PHYSICS,等效电源,等效电源的思路与应用
PHYSICS,等效电源法处理电路中的功率问题,“等效电源”方法
PHYSICS,等效电源法处理电路中的功率问题,变压器的等效电源模型
PHYSICS,等效电源法处理电路中的功率问题,变压器的等效电源法
PHYSICS,等效电源法处理电路中的功率问题,测电源电动势内阻的电路选择与等效电源法
PHYSICS,等效电源法处理电路中的功率问题,用等效电源法处理电路的功率问题
PHYSICS,等效电源法处理电路中的功率问题,电磁感应电路“三部曲”与电势高低的确定
PHYSICS,等效电源法处理电路中的功率问题,电路动态分析中 ΔU/ΔI 的结论
PHYSICS,等效电源法处理电路中的功率问题,等效电源与等效内阻
PHYSICS,等效电源法处理电路中的功率问题,等效电源法
PHYSICS,等效电源法处理电路中的功率问题,等效电源法处理功率问题
PHYSICS,等效电源法处理电路中的功率问题,等效电源的电动势与内阻
PHYSICS,等效电源法处理电路中的功率问题,等效电源的等效电动势与内阻
PHYSICS,等效电源法处理电路中的功率问题,频闪照片法处理平抛数据
PHYSICS,等效重力场,单摆中的等效重力加速度
PHYSICS,等效重力场,合力恒定时的等效重力场与轨迹方程
PHYSICS,等效重力场,复合场中竖直圆模型的等效重力场
PHYSICS,等效重力场,带电小球在匀强电场中沿圆周运动的最值与绳张力
PHYSICS,等效重力场,用等效重力场处理复合场问题
PHYSICS,等效重力场,用等效重力场处理电场中的简谐运动
PHYSICS,等效重力场,用降维法和等效法处理斜面内的圆周运动
PHYSICS,等效重力场,电场与重力场叠加场中的运动
PHYSICS,等效重力场,等效最高点与圆周运动的临界条件
PHYSICS,等效重力场,等效法处理力电综合问题
PHYSICS,等效重力场,等效重力场中的物理最高点与几何最高点
PHYSICS,等效重力场,等效重力场中的类抛体运动
PHYSICS,等效重力场,等效重力场及其在电场中圆周运动的应用
PHYSICS,等效重力场,等效重力场及其处理方法
PHYSICS,等效重力场,等效重力场及其特点
PHYSICS,等效重力场,等效重力场处理电场中的圆周运动
PHYSICS,等效重力场,等效重力场方法
PHYSICS,等效重力场,等效重力场方法及其应用
PHYSICS,等效重力场,等效重力场的概念体系
PHYSICS,等效重力场,等效重力场（复合场圆周运动）
PHYSICS,等效重力场,等效重力法与等效最高点
PHYSICS,等效重力场,等效重力法处理叠加场问题
PHYSICS,等效重力场,重电叠加场中带电粒子的运动类型与等效重力场
PHYSICS,等效重力场的相关知识点及解释,从重力场到等效重力场的迁移
PHYSICS,等效重力场的相关知识点及解释,物理最高点与几何最高点
PHYSICS,等效重力场的相关知识点及解释,用等效重力场处理圆周运动
PHYSICS,等效重力场的相关知识点及解释,等效重力场中的物理最高点
PHYSICS,等效重力场的相关知识点及解释,等效重力场的含义与合成
PHYSICS,等时圆使用条件,E=Blv 的使用条件与有效切割长度
PHYSICS,等时圆使用条件,动力分配原理的使用条件
PHYSICS,等时圆使用条件,构造等时圆比较不在同一圆上的弦
PHYSICS,等时圆使用条件,等时圆模型的三种典型特征
PHYSICS,等时圆使用条件,等时圆的使用条件
PHYSICS,等时圆使用条件,等时圆结论的推导与适用条件
PHYSICS,等量同种与等量异种点电荷的电场分布,常见典型电场的电场线特征
PHYSICS,等量同种与等量异种点电荷的电场分布,等量同种点电荷连线与中垂线上场强的定量表达式
PHYSICS,等量同种与等量异种点电荷的电场分布,等量点电荷的电场分布特点
PHYSICS,简谐运动,从振动图像获取信息的四个步骤
PHYSICS,简谐运动,分析简谐运动各物理量变化的技巧
PHYSICS,简谐运动,单杆＋自感线圈模型的简谐运动结论
PHYSICS,简谐运动,由振动图像判断振动方向与加速度
PHYSICS,简谐运动,由振动图像可获取的信息（一）
PHYSICS,简谐运动,由振动图像可获取的信息（二）
PHYSICS,简谐运动,等量同种电荷中垂线上的微小振动是简谐运动
PHYSICS,简谐运动,简谐运动、平衡位置与回复力
PHYSICS,简谐运动,简谐运动与力学的综合问题分析
PHYSICS,简谐运动,简谐运动中各物理量变化的分析方法
PHYSICS,简谐运动,简谐运动中四个量的变化规律与能量特点
PHYSICS,简谐运动,简谐运动动力学与能量问题的求解关键
PHYSICS,简谐运动,简谐运动图像的信息与对称性
PHYSICS,简谐运动,简谐运动的两种表达式
PHYSICS,简谐运动,简谐运动的受力、能量与对称性特征
PHYSICS,简谐运动,简谐运动的图像（x-t 图像）
PHYSICS,简谐运动,简谐运动的定义
PHYSICS,简谐运动,简谐运动的定义、平衡位置与回复力
PHYSICS,简谐运动,简谐运动的定义与x-t图像的应用
PHYSICS,简谐运动,简谐运动的定义与两种模型
PHYSICS,简谐运动,简谐运动的定义与回复力
PHYSICS,简谐运动,简谐运动的定义与描述量
PHYSICS,简谐运动,简谐运动的定义与表达式
PHYSICS,简谐运动,简谐运动的平衡位置
PHYSICS,简谐运动,简谐运动的振动图像及读图信息
PHYSICS,简谐运动,简谐运动的振动方程与图像
PHYSICS,简谐运动,简谐运动的概念与表达式
PHYSICS,简谐运动,简谐运动的能量与周期性特征
PHYSICS,简谐运动,简谐运动的能量与振幅的关系
PHYSICS,简谐运动,简谐运动的表达式与图像
PHYSICS,简谐运动,简谐运动的表达式与图像特征
PHYSICS,简谐运动,简谐运动的表达式与振动图像
PHYSICS,简谐运动,简谐运动的表达式与相位
PHYSICS,简谐运动,简谐运动的规律与三个特征
PHYSICS,简谐运动,简谐运动的规律与对称性
PHYSICS,简谐运动,简谐运动的运动学与动力学表达式
PHYSICS,简谐运动的图像与对称性,简谐运动图像的读图与对称性
PHYSICS,简谐运动的振动图象与信息提取,四种初相位对应的振动图像
PHYSICS,类单摆模型与等效重力加速度,类单摆模型与等效量的替换
PHYSICS,类平抛运动,类平抛运动与平抛运动的对比及分析方法
PHYSICS,类平抛运动,类平抛运动的分析
PHYSICS,类平抛运动,类平抛运动的区别与求解方法
PHYSICS,类平抛运动,类平抛运动的受力与运动特点
PHYSICS,类平抛运动,类平抛运动的受力特点与求解方法
PHYSICS,类平抛运动,类平抛运动的受力特点与研究方法
PHYSICS,类平抛运动,类平抛运动的处理方法
PHYSICS,类平抛运动,类平抛运动的处理模型
PHYSICS,类平抛运动,类平抛运动的特点与求解方法
PHYSICS,类比-创新-极限等物理思维考查,从万有引力到库仑力的类比推理
PHYSICS,类比-创新-极限等物理思维考查,模型建构：磁场与点电荷复合场中粒子的运动
PHYSICS,类比-创新-极限等物理思维考查,类比、创新与极限思维
PHYSICS,类比-创新-极限等物理思维考查,类比分析法
PHYSICS,类比-创新-极限等物理思维考查,类比法
PHYSICS,系统-内力和外力,整体法优先场景（不涉及内力计算）
PHYSICS,系统-内力和外力,爆炸
PHYSICS,系统-内力和外力,系统、内力与外力的定义与判断
PHYSICS,系统-内力和外力,系统、内力与外力的概念界定
PHYSICS,系统误差,M远大于m的实验条件
PHYSICS,系统误差,两种接法的系统误差比较
PHYSICS,系统误差,本实验中由 mg 代替拉力引起的系统误差
PHYSICS,系统误差,本实验的偶然误差与系统误差
PHYSICS,系统误差,欧姆表的系统误差
PHYSICS,系统误差,测E和r的系统误差：电压表直接接电源两端
PHYSICS,系统误差,测E和r的系统误差：电流表串入电源支路
PHYSICS,系统误差,电学实验中的系统误差与偶然误差
PHYSICS,系统误差,电学实验的误差分析
PHYSICS,系统误差,电表内阻已知时的精确测电阻方法
PHYSICS,系统误差,系统误差、偶然误差与有效数字
PHYSICS,系统误差,系统误差、偶然误差与相对误差
PHYSICS,系统误差,落体法验证机械能守恒的系统误差与减小方法
PHYSICS,系统误差,误差的分类与表示
PHYSICS,系统误差,验证机械能守恒实验的误差分析
PHYSICS,纯电阻电路和非纯电阻电路的处理,串并联电路的功率分配
PHYSICS,纯电阻电路和非纯电阻电路的处理,电功、电功率与焦耳定律
PHYSICS,纯电阻电路和非纯电阻电路的处理,电功、电热与纯电阻、非纯电阻电路
PHYSICS,纯电阻电路和非纯电阻电路的处理,电功、电热与纯电阻电路
PHYSICS,纯电阻电路和非纯电阻电路的处理,电功与电热、电功率与热功率
PHYSICS,纯电阻电路和非纯电阻电路的处理,电动机的三个功率及关系
PHYSICS,纯电阻电路和非纯电阻电路的处理,电表与开关的电阻化处理约定
PHYSICS,纯电阻电路和非纯电阻电路的处理,纯电阻电路与非纯电阻电路的区别
PHYSICS,纯电阻电路和非纯电阻电路的处理,纯电阻电路与非纯电阻电路的比较
PHYSICS,纯电阻电路和非纯电阻电路的处理,纯电阻电路的特点
PHYSICS,纯电阻电路和非纯电阻电路的处理,纯电阻电路的特点与公式
PHYSICS,纯电阻电路和非纯电阻电路的处理,非纯电阻电路的两点注意
PHYSICS,纯电阻电路和非纯电阻电路的处理,非纯电阻电路的分析方法
PHYSICS,纯电阻电路和非纯电阻电路的处理,非纯电阻电路的特点与能量转化
PHYSICS,纯电阻电路和非纯电阻电路的处理,非纯电阻电路的辨析
PHYSICS,纵波,纵波及其特征
PHYSICS,纸带在力学实验中的应用分析,光电门实验的图像法求加速度与精度控制
PHYSICS,纸带在力学实验中的应用分析,力学实验题的“一明二看三提”
PHYSICS,纸带在力学实验中的应用分析,用 v-t 图像求加速度与纸带实验操作要点
PHYSICS,纸带在力学实验中的应用分析,用特殊方法探究速度随时间变化规律的思路
PHYSICS,纸带在力学实验中的应用分析,由纸带判断匀变速运动并求瞬时速度
PHYSICS,纸带在力学实验中的应用分析,纸带实验直接用位移差公式求加速度
PHYSICS,纸带在力学实验中的应用分析,纸带数据处理的三个要点
PHYSICS,纸带在力学实验中的应用分析,纸带数据求速度与加速度
PHYSICS,纸带在力学实验中的应用分析,纸带数据的三种处理方法
PHYSICS,纸带在力学实验中的应用分析,纸带数据的图像法与逐差法处理
PHYSICS,纸带在力学实验中的应用分析,纸带数据的处理与匀变速判断
PHYSICS,纸带在力学实验中的应用分析,纸带数据的处理：判定匀变速、求速度与加速度
PHYSICS,纸带在力学实验中的应用分析,纸带数据的处理：判断、求速度、求加速度
PHYSICS,纸带在力学实验中的应用分析,纸带数据的舍弃与选取原则
PHYSICS,纸带在力学实验中的应用分析,纸带的数据处理与运动判断
PHYSICS,纸带在力学实验中的应用分析,纸带的数据处理：瞬时速度与加速度
PHYSICS,纸带在力学实验中的应用分析,纸带的瞬时速度与加速度求法
PHYSICS,纸带在力学实验中的应用分析,纸带的选用测量与性质判断
PHYSICS,纸带在力学实验中的应用分析,纸带问题求瞬时速度与加速度的公式
PHYSICS,纸带在力学实验中的应用分析,计时点与计数点的区别和选取
PHYSICS,线框切割磁感线模型,线框切割磁感线的几种情形
PHYSICS,线段图定位中间时刻速度,画线段图定位中间时刻速度
PHYSICS,线速度,关于线速度的提示
PHYSICS,线速度,圆周运动与线速度
PHYSICS,线速度,线速度与角速度关系的理解
PHYSICS,线速度,线速度的物理意义、定义与方向
PHYSICS,结合能,结合能的定义与理解
PHYSICS,结论法-串反并同-应用条件为电源内阻不为零,串反并同的两个操作要点
PHYSICS,结论法-串反并同-应用条件为电源内阻不为零,串反并同结论
PHYSICS,结论法-串反并同-应用条件为电源内阻不为零,串反并同结论法
PHYSICS,结论法-串反并同-应用条件为电源内阻不为零,串反并同结论法与极限法
PHYSICS,结论法-串反并同-应用条件为电源内阻不为零,动态电路的“串反并同”结论法
PHYSICS,结论法-串反并同-应用条件为电源内阻不为零,半偏法测电流表内阻的步骤与结论
PHYSICS,结论法-串反并同-应用条件为电源内阻不为零,大招54：串反并同巧解电路动态分析
PHYSICS,结论法-串反并同-应用条件为电源内阻不为零,对电压电流变化量比值的理解
PHYSICS,结论法-串反并同-应用条件为电源内阻不为零,电路动态分析的程序法与串反并同
PHYSICS,结论法-串反并同-应用条件为电源内阻不为零,画圈的连法不唯一：按分析对象选圈
PHYSICS,结论法-串反并同-应用条件为电源内阻不为零,闭合电路动态分析的“串反并同”结论
PHYSICS,绳球模型-杆球模型两类经典模型中的临界条件-情景分析,单摆的模型条件与动力学分析
PHYSICS,绳球模型-杆球模型两类经典模型中的临界条件-情景分析,杆或管道模型的弹力与速度关系
PHYSICS,绳球模型-杆球模型两类经典模型中的临界条件-情景分析,杆模型与环管模型的受力与临界
PHYSICS,绳球模型-杆球模型两类经典模型中的临界条件-情景分析,杆（双轨道）模型最高点特征
PHYSICS,绳球模型-杆球模型两类经典模型中的临界条件-情景分析,竖直圆最低点与最高点的压力差
PHYSICS,绳球模型-杆球模型两类经典模型中的临界条件-情景分析,竖直圆绳模型的受力与临界
PHYSICS,绳球模型-杆球模型两类经典模型中的临界条件-情景分析,竖直圆轨道不脱轨的两类条件
PHYSICS,绳球模型-杆球模型两类经典模型中的临界条件-情景分析,竖直面内圆周运动与汽车过拱形桥
PHYSICS,绳球模型-杆球模型两类经典模型中的临界条件-情景分析,竖直面内圆周运动的临界极值问题
PHYSICS,绳球模型-杆球模型两类经典模型中的临界条件-情景分析,竖直面内圆周运动的分析方法与两类模型
PHYSICS,绳球模型-杆球模型两类经典模型中的临界条件-情景分析,竖直面内圆周运动的能量处理
PHYSICS,绳球模型-杆球模型两类经典模型中的临界条件-情景分析,竖直面内绳模型与杆模型的临界条件
PHYSICS,绳球模型-杆球模型两类经典模型中的临界条件-情景分析,竖直面内绳球与杆球模型对比
PHYSICS,绳球模型-杆球模型两类经典模型中的临界条件-情景分析,竖直面内轻杆模型的临界条件
PHYSICS,绳球模型-杆球模型两类经典模型中的临界条件-情景分析,竖直面内轻绳模型的临界条件
PHYSICS,绳球模型-杆球模型两类经典模型中的临界条件-情景分析,管道模型内壁外壁作用的判断
PHYSICS,绳球模型-杆球模型两类经典模型中的临界条件-情景分析,绳模型不能过最高点的结果
PHYSICS,绳球模型-杆球模型两类经典模型中的临界条件-情景分析,绳（内轨道）模型最高点特征
PHYSICS,绳球模型-杆球模型两类经典模型中的临界条件-情景分析,轻绳模型与轻杆模型的临界条件对比
PHYSICS,绳连接与杆连接系统,绳连接系统的关联量与速度关系
PHYSICS,胡克定律,应用胡克定律的注意点
PHYSICS,胡克定律,弹力的变化量与胡克定律的提醒
PHYSICS,胡克定律,弹簧串联与并联的等效劲度系数
PHYSICS,胡克定律,弹簧弹力与胡克定律
PHYSICS,胡克定律,探究弹簧弹力与形变量关系的实验原理
PHYSICS,胡克定律,探究弹簧弹力与形变量关系的操作步骤
PHYSICS,胡克定律,探究弹簧弹力与形变量关系的注意事项
PHYSICS,胡克定律,探究弹簧弹力与形变量实验的数据处理
PHYSICS,胡克定律,测弹簧劲度系数的实验创新
PHYSICS,胡克定律,用整体法分析弹簧悬挂托盘与盘子的平衡
PHYSICS,胡克定律,盖-吕萨克定律（等压变化）
PHYSICS,胡克定律,胡克定律与劲度系数
PHYSICS,胡克定律,胡克定律与弹簧弹力
PHYSICS,胡克定律,胡克定律与弹簧的劲度系数
PHYSICS,胡克定律,胡克定律及其使用要点
PHYSICS,胡克定律,胡克定律的内容与劲度系数
PHYSICS,胡克定律,胡克定律的内容与适用条件
PHYSICS,胡克定律,胡克定律的表达式与使用要点
PHYSICS,胡克定律,胡克定律的表达式与注意点
PHYSICS,能量与动量知识体系,能量与动量知识体系总览
PHYSICS,能量图像的斜率意义,能量随位移变化图像的斜率意义
PHYSICS,能量子,普朗克的量子论与能量子
PHYSICS,能量子,能量子与普朗克常量
PHYSICS,能量子,能量子与能量量子化
PHYSICS,能量子,能量子假说与普朗克常量
PHYSICS,能量子,能量量子化对经典物理的冲击
PHYSICS,能量守恒定律,含外界能量交换时的守恒关系
PHYSICS,能量守恒定律,能源利用中的品质降低与能源危机
PHYSICS,能量守恒定律,能量守恒定律与第一类永动机
PHYSICS,能量守恒定律,能量守恒定律与能量转化的方向性
PHYSICS,能量守恒定律,能量守恒定律及其表达式
PHYSICS,能量守恒定律,能量守恒定律的两种理解
PHYSICS,能量守恒定律,能量守恒定律的两种表达式
PHYSICS,能量守恒定律,能量守恒定律的内容
PHYSICS,能量守恒定律,能量守恒定律的内容与两种理解
PHYSICS,能量守恒定律,能量守恒定律的内容与基本思路
PHYSICS,能量守恒定律,能量守恒定律的内容与条件性
PHYSICS,能量守恒定律,能量守恒定律的内容与理解
PHYSICS,能量守恒定律,能量守恒定律的内容与表达式
PHYSICS,能量守恒定律,能量守恒定律的建立历程
PHYSICS,能量守恒定律,能量守恒定律的表述与解题思路
PHYSICS,能量观点-用动能定理和能量守恒观点解题-可处理非匀变速运动问题,全程法应用动能定理处理多过程问题
PHYSICS,能量观点-用动能定理和能量守恒观点解题-可处理非匀变速运动问题,分段法应用动能定理处理多过程问题
PHYSICS,能量观点-用动能定理和能量守恒观点解题-可处理非匀变速运动问题,动力学观点与能量观点的选择策略
PHYSICS,能量观点-用动能定理和能量守恒观点解题-可处理非匀变速运动问题,动能定理处理多过程与变力问题
PHYSICS,能量观点-用动能定理和能量守恒观点解题-可处理非匀变速运动问题,动能定理处理多过程问题
PHYSICS,能量观点-用动能定理和能量守恒观点解题-可处理非匀变速运动问题,双向可逆类问题的全程处理
PHYSICS,能量观点-用动能定理和能量守恒观点解题-可处理非匀变速运动问题,往复运动问题中总路程的求法
PHYSICS,能量观点-用动能定理和能量守恒观点解题-可处理非匀变速运动问题,往复运动问题用动能定理求解
PHYSICS,能量观点-用动能定理和能量守恒观点解题-可处理非匀变速运动问题,用能量观点处理带电粒子的运动问题
PHYSICS,能量观点-用动能定理和能量守恒观点解题-可处理非匀变速运动问题,由动量定理求电荷量、位移与时间
PHYSICS,能量观点-用动能定理和能量守恒观点解题-可处理非匀变速运动问题,碰撞判据：系统动能不增加
PHYSICS,能量观点和动量观点的应用条件,板块模型的求解方法与研究对象选择
PHYSICS,能量观点和动量观点的应用条件,能量观点与动力学观点的选择
PHYSICS,能量观点和动量观点的应用条件,连接体问题中动力学与能量观点的四个分析与选用
PHYSICS,能量转化-导体克服安培力做功-其他形式能转化为电能-最终转化为内能,“电源+杆”模型能量：电源输出的电能转化为动能
PHYSICS,能量转化-导体克服安培力做功-其他形式能转化为电能-最终转化为内能,不平行导轨模型的能量转化
PHYSICS,能量转化-导体克服安培力做功-其他形式能转化为电能-最终转化为内能,安培力做功与能量转化
PHYSICS,能量转化-导体克服安培力做功-其他形式能转化为电能-最终转化为内能,安培力做功的特点与实质
PHYSICS,能量转化-导体克服安培力做功-其他形式能转化为电能-最终转化为内能,安培力做功的特点和实质
PHYSICS,能量转化-导体克服安培力做功-其他形式能转化为电能-最终转化为内能,电势高低与电势能大小的判断：能量守恒法
PHYSICS,能量转化-导体克服安培力做功-其他形式能转化为电能-最终转化为内能,电磁感应中求焦耳热的三种方法
PHYSICS,能量转化-导体克服安培力做功-其他形式能转化为电能-最终转化为内能,电磁感应中求焦耳热的流程
PHYSICS,能量转化-导体克服安培力做功-其他形式能转化为电能-最终转化为内能,线框穿越磁场的能量转化关系
PHYSICS,自力更生法-求解地球-中心天体-质量,利用表面重力加速度求天体质量与密度
PHYSICS,自力更生法-求解地球-中心天体-质量,开普勒常量与中心天体质量的关系
PHYSICS,自力更生法-求解地球-中心天体-质量,环绕法求中心天体质量
PHYSICS,自力更生法-求解地球-中心天体-质量,用表面重力加速度求中心天体质量与密度
PHYSICS,自力更生法-求解地球-中心天体-质量,自力更生法求天体质量与密度
PHYSICS,自力更生法-求解地球-中心天体-质量,黄金代换式及其使用条件
PHYSICS,自力更生法-求解地球-中心天体-质量,黄金代换方程 GM=gR²
PHYSICS,自感,三种电流的磁场
PHYSICS,自感,不平行导轨模型的电动势、电流与安培力
PHYSICS,自感,两个感应电动势公式的比较
PHYSICS,自感,互感、自感与通电断电自感现象
PHYSICS,自感,互感与自感现象
PHYSICS,自感,变化磁场中回路的分析要点
PHYSICS,自感,含二极管与原线圈串负载的变压器问题
PHYSICS,自感,平均感应电动势与瞬时感应电动势的对应关系
PHYSICS,自感,感应电动势与感应电流的关系
PHYSICS,自感,感应电动势的概念
PHYSICS,自感,感生电动势与动生电动势的区分
PHYSICS,自感,测电动势内阻实验的注意事项
PHYSICS,自感,消除自感现象的方法与延时继电器
PHYSICS,自感,用楞次定律抓住“两个磁场、一个电流”
PHYSICS,自感,由B-t图像判断感应电动势（斜率决定E）
PHYSICS,自感,电流的磁场与安培定则
PHYSICS,自感,自感现象与自感系数
PHYSICS,自感,自感现象的四大特点与灯泡闪亮判断
PHYSICS,自感,自感电动势与自感系数
PHYSICS,自感,阻碍原电流的变化——自感现象（增反减同）
PHYSICS,自感现象的理解,开关动作瞬间电容与电感的表现
PHYSICS,自感现象的理解,自感现象中的通电与断电特点
PHYSICS,自感现象的理解,通、断电自感现象的判断技巧
PHYSICS,自感现象的理解,通电自感与断电自感现象对比
PHYSICS,自感现象的理解,通电自感与断电自感的现象与原因
PHYSICS,自感电动势的大小-el-l-式中l为自感系数-它可以超出线圈两端的原电压,断电自感在低压向高压充电中的应用
PHYSICS,自感电动势的大小-el-l-式中l为自感系数-它可以超出线圈两端的原电压,测电动势实验中电压表示数变化范围过小的原因与改进
PHYSICS,自感电动势的大小-el-l-式中l为自感系数-它可以超出线圈两端的原电压,电压表排查故障的示数判读
PHYSICS,自感电动势的大小-el-l-式中l为自感系数-它可以超出线圈两端的原电压,自感、互感与自感系数
PHYSICS,自感电动势的大小-el-l-式中l为自感系数-它可以超出线圈两端的原电压,自感现象
PHYSICS,自感电动势的大小-el-l-式中l为自感系数-它可以超出线圈两端的原电压,自感现象的特点与断电闪亮
PHYSICS,自由落体与竖直上抛的相遇问题,竖直方向的相遇问题
PHYSICS,自由落体运动,双球对比实验（平抛与自由落体）的结论
PHYSICS,自由落体运动,自由落体加速度的方向与大小
PHYSICS,自由落体运动,自由落体的比例式与截取段辨析
PHYSICS,自由落体运动,自由落体规律在生活情境中的两类估算
PHYSICS,自由落体运动,自由落体规律的迁移使用与易错
PHYSICS,自由落体运动,自由落体运动公式的适用性
PHYSICS,自由落体运动,自由落体运动及其规律
PHYSICS,自由落体运动,自由落体运动的两条易错提醒
PHYSICS,自由落体运动,自由落体运动的基本公式
PHYSICS,自由落体运动,自由落体运动的定义、条件与实质
PHYSICS,自由落体运动,自由落体运动的条件与基本规律
PHYSICS,自由落体运动,自由落体运动的条件与性质
PHYSICS,自由落体运动,自由落体运动的条件与规律
PHYSICS,自由落体运动,自由落体运动的特点与规律
PHYSICS,自由落体运动,自由落体运动的规律
PHYSICS,自由落体运动,自由落体运动的规律与两点提醒
PHYSICS,自由落体运动,自由落体运动的规律与伽利略的研究
PHYSICS,自由落体运动,自由落体运动的规律与推论
PHYSICS,自由落体运动,自由落体运动的规律与注意点
PHYSICS,自由落体运动,自由落体运动的规律与解题技巧
PHYSICS,自由落体运动,自由落体运动的适用辨析
PHYSICS,自由落体运动,自由落体运动规律
PHYSICS,自耦变压器与互感器,电压互感器与电流互感器
PHYSICS,自耦变压器与互感器,自耦变压器与两类互感器
PHYSICS,自耦变压器与互感器,自耦变压器与调压变压器
PHYSICS,自锁现象,自锁现象与自锁条件
PHYSICS,航天现象中圆周运动的情景创新的问题处理,匀速圆周运动的周期性与多解问题
PHYSICS,航天现象中圆周运动的情景创新的问题处理,变速圆周运动的受力处理
PHYSICS,航天现象中圆周运动的情景创新的问题处理,向心力的来源与变速圆周运动处理
PHYSICS,航天现象中圆周运动的情景创新的问题处理,扩散现象、布朗运动与热运动的比较
PHYSICS,航天现象中圆周运动的情景创新的问题处理,磁场中圆周运动的圆心、半径与时间确定
PHYSICS,若单独利用动量观点-或能量观点-无法解决问题-可尝试两种观点结合联立方程求解,三大观点解决力学问题
PHYSICS,若边线宽度不等于玻璃砖宽度时引起的误差分析,伏安法测电动势内阻的误差（电压表近电源）
PHYSICS,若边线宽度不等于玻璃砖宽度时引起的误差分析,伏安法测电动势内阻的误差（电流表近电源）
PHYSICS,若边线宽度不等于玻璃砖宽度时引起的误差分析,半偏法测电压表内阻的误差分析
PHYSICS,若边线宽度不等于玻璃砖宽度时引起的误差分析,半偏法测电流表内阻的误差分析
PHYSICS,若边线宽度不等于玻璃砖宽度时引起的误差分析,平行玻璃砖、三棱镜与圆柱体对光路的控制
PHYSICS,若边线宽度不等于玻璃砖宽度时引起的误差分析,测电动势内阻的误差分析
PHYSICS,若边线宽度不等于玻璃砖宽度时引起的误差分析,测电源电动势和内阻的误差分析
PHYSICS,若边线宽度不等于玻璃砖宽度时引起的误差分析,测量电阻率的误差分析
PHYSICS,若边线宽度不等于玻璃砖宽度时引起的误差分析,玻璃砖、三棱镜与圆柱体对光路的控制
PHYSICS,若边线宽度不等于玻璃砖宽度时引起的误差分析,玻璃砖宽度对折射率测量误差的影响
PHYSICS,若边线宽度不等于玻璃砖宽度时引起的误差分析,边线宽度不等于玻璃砖宽度时的误差分析
PHYSICS,薄膜干涉,劈尖干涉的条纹规律与等厚干涉
PHYSICS,薄膜干涉,斜劈薄膜干涉的条纹间距
PHYSICS,薄膜干涉,用薄膜干涉检查平面平整度（条纹弯曲判凹凸）
PHYSICS,薄膜干涉,薄膜干涉明暗条纹判断（路程差等于2倍厚度）
PHYSICS,薄膜干涉,薄膜干涉的亮暗条纹判断与应用
PHYSICS,薄膜干涉,薄膜干涉的光程差与条纹判断
PHYSICS,薄膜干涉,薄膜干涉的原理与应用
PHYSICS,薄膜干涉,薄膜干涉的应用与微小位移的测量
PHYSICS,薄膜干涉,薄膜干涉的形成原因与应用
PHYSICS,薄膜干涉,薄膜干涉的形成原因与明暗判断
PHYSICS,薄膜干涉,薄膜干涉的成因
PHYSICS,薄膜干涉,薄膜干涉的成因与增透膜
PHYSICS,薄膜干涉,薄膜干涉的成因与明暗条纹
PHYSICS,薄膜干涉,薄膜干涉的成因分析
PHYSICS,薄膜干涉,薄膜干涉的条纹判断与应用
PHYSICS,薄膜干涉的应用,增透膜与增反膜厚度的确定
PHYSICS,薄膜干涉的应用,增透膜与干涉法检查平面
PHYSICS,薄膜干涉的应用,增透膜与平面平整度检测
PHYSICS,薄膜干涉的应用,增透膜厚度为透射光在膜中波长的四分之一
PHYSICS,薄膜干涉的应用,用干涉法检查平面的平整程度
PHYSICS,薄膜干涉的应用,薄膜干涉及其应用
PHYSICS,薄膜干涉的应用,薄膜干涉的应用与条纹间距
PHYSICS,薄膜干涉的应用,薄膜干涉的形成原因（前后表面反射光叠加）
PHYSICS,薄膜干涉的应用,薄膜干涉的成因与应用
PHYSICS,衍射-波在传播过程中可以绕过障碍物继续传播的现象叫做波的衍射,波的衍射及其明显条件
PHYSICS,表面张力,晶体与非晶体、液体的表面张力
PHYSICS,表面张力,液体的表面张力
PHYSICS,表面张力,液体的表面张力与浸润现象
PHYSICS,表面张力,液体的表面张力与液晶
PHYSICS,表面张力,液体表面层与表面张力
PHYSICS,表面张力,液体表面张力、浸润与毛细现象
PHYSICS,表面张力,液体表面张力与浸润
PHYSICS,表面张力,液体表面张力与浸润现象
PHYSICS,表面张力,液体表面张力的特点
PHYSICS,表面张力,表面张力 浸润与毛细现象
PHYSICS,观察电容器充放电现象实验,充放电实验的结论与操作注意事项
PHYSICS,观察电容器充放电现象实验,观察电容器充放电现象的实验操作
PHYSICS,角速度,卫星运行参量“越高越慢”的结论
PHYSICS,角速度,对线速度和角速度的理解
PHYSICS,角速度,角速度的物理意义、定义与单位
PHYSICS,解决波的多解问题的思路和步骤,基于距离的波的多解问题
PHYSICS,解决波的多解问题的思路和步骤,大招71：基于时间的波的多解问题
PHYSICS,解决波的多解问题的思路和步骤,波传播的多解问题
PHYSICS,解决波的多解问题的思路和步骤,波动图像中多解性问题的分析思路
PHYSICS,解决波的多解问题的思路和步骤,波的传播多解问题的处理
PHYSICS,解决波的多解问题的思路和步骤,波的多解因素：周期性
PHYSICS,解决波的多解问题的思路和步骤,波的多解性问题的解题策略
PHYSICS,解决波的多解问题的思路和步骤,波的多解通式与假设法
PHYSICS,解决波的多解问题的思路和步骤,波的多解问题的两类成因
PHYSICS,解决波的多解问题的思路和步骤,波的多解问题的处理思路
PHYSICS,解决波的多解问题的思路和步骤,波的多解问题的成因
PHYSICS,解决波的多解问题的思路和步骤,波的多解问题的求解思路
PHYSICS,解决波的多解问题的思路和步骤,波的多解：时空转换与解题步骤
PHYSICS,解决波的多解问题的思路和步骤,设计自动控制装置的一般思路
PHYSICS,计算题答题规范,主干方程要突出
PHYSICS,误差分析-x1,a-F 图像异常的原因分析
PHYSICS,误差的分类与减小方法,系统误差与偶然误差
PHYSICS,负载电阻不变的分析思路,理想变压器动态分析（负载电阻不变）
PHYSICS,质点,质点与把物体看成质点的条件
PHYSICS,质点,质点与理想化模型
PHYSICS,质点,质点与看作质点的条件
PHYSICS,质点,质点与看成质点的条件
PHYSICS,质点,质点的三点说明
PHYSICS,质点,质点的定义与看成质点的条件
PHYSICS,质点,质点的概念与判断条件
PHYSICS,质能方程-该式表明物体的能量和质量之间存在着密切的联系,对质能方程与质量亏损的正确理解
PHYSICS,质能方程-该式表明物体的能量和质量之间存在着密切的联系,对质能方程的三点理解
PHYSICS,质能方程-该式表明物体的能量和质量之间存在着密切的联系,核能、质能方程与获取途径
PHYSICS,质能方程-该式表明物体的能量和质量之间存在着密切的联系,爱因斯坦质能方程与核能计算
PHYSICS,质能方程-该式表明物体的能量和质量之间存在着密切的联系,相对论：狭义相对论两个假设与时空观、质能方程
PHYSICS,质能方程-该式表明物体的能量和质量之间存在着密切的联系,质量亏损与质能方程
PHYSICS,质量亏损,核力、结合能与质量亏损
PHYSICS,质量亏损,核能的计算
PHYSICS,质量亏损,质量亏损与原子质量单位
PHYSICS,质量亏损,质量亏损与核能的计算方法
PHYSICS,质量亏损,质量亏损与质能关系
PHYSICS,质量亏损,质量亏损的概念与质能方程
PHYSICS,超重,实重、视重与超失重的判断
PHYSICS,超重,实重、视重与超重失重
PHYSICS,超重,视重、超重与失重
PHYSICS,超重,超重、失重与完全失重的判据
PHYSICS,超重,超重与失重的定义与产生条件
PHYSICS,超重,超重现象
PHYSICS,超重,超重现象的动力学分析
PHYSICS,超重,超重现象的定义与产生条件
PHYSICS,超重,超重的判断
PHYSICS,超重-物体有向上的加速度称物体处于超重,弹簧与绳剪断瞬间的加速度分析
PHYSICS,超重-物体有向上的加速度称物体处于超重,斜面板块受向下牵引力保持相对静止的加速度范围
PHYSICS,超重-物体有向上的加速度称物体处于超重,有效切割长度（导体在垂直速度方向上的投影长度）
PHYSICS,超重-物体有向上的加速度称物体处于超重,超重、失重与视重的定义式
PHYSICS,超重与失重的判断方法,各种运动状态的动力学分析
PHYSICS,超重与失重的判断方法,系统中的超重与失重
PHYSICS,超重与失重的判断方法,超重、失重图像问题的解法
PHYSICS,超重与失重的判断方法,超重和失重的两种判断角度
PHYSICS,跃迁产生的谱线条数,一群原子与一个原子跃迁的谱线条数
PHYSICS,路程-物体运动轨迹的长度-只有大小-没有方向-是标量-其单位就是长度的单位,传送带上划痕（痕迹）长度的计算
PHYSICS,路程-物体运动轨迹的长度-只有大小-没有方向-是标量-其单位就是长度的单位,位移与路程的两点区别
PHYSICS,路程-物体运动轨迹的长度-只有大小-没有方向-是标量-其单位就是长度的单位,位移与路程的决定因素与运算法则
PHYSICS,路程-物体运动轨迹的长度-只有大小-没有方向-是标量-其单位就是长度的单位,位移大小与路程的关系
PHYSICS,路程-物体运动轨迹的长度-只有大小-没有方向-是标量-其单位就是长度的单位,摆线运动轨迹
PHYSICS,路程-物体运动轨迹的长度-只有大小-没有方向-是标量-其单位就是长度的单位,由运动轨迹判断电场力方向与速度方向
PHYSICS,路端电压与外电阻的关系,动态电路分析的两个关键
PHYSICS,路端电压与外电阻的关系,半偏法测电压表内阻的步骤与结论
PHYSICS,路端电压与外电阻的关系,单棒加电阻的五种运动模式
PHYSICS,路端电压与外电阻的关系,多用电表测电阻的原理
PHYSICS,路端电压与外电阻的关系,大小电阻的判据：Rx与√(RARV)比较
PHYSICS,路端电压与外电阻的关系,热敏电阻与光敏电阻的特性
PHYSICS,路端电压与外电阻的关系,电路故障排查的器材选择原则
PHYSICS,路端电压与外电阻的关系,路端电压随外电阻的变化规律
PHYSICS,路端电压与外电阻的关系,非线性元件伏安特性曲线中电阻的求法
PHYSICS,转换法,转换法之坐标系转换
PHYSICS,轻绳、轻弹簧与轻质弹性绳的对比,轻绳的弹力特点与可突变性
PHYSICS,辅助角公式求物理极值,用辅助角公式求物理量的极值
PHYSICS,运动学图像的解读与转化,运动学图像的解读四看
PHYSICS,运动学图像的解读与转化,运动学图像的转化要点
PHYSICS,运动学方程根的物理意义与取舍,匀变速问题中方程根的物理意义与取舍
PHYSICS,运动性质-匀变速曲线运动-加速度恒为重力加速度-g-大小方向不变,三力平衡之矢量三角形法
PHYSICS,运动性质-匀变速曲线运动-加速度恒为重力加速度-g-大小方向不变,两个直线运动的合运动性质的判断
PHYSICS,运动性质-匀变速曲线运动-加速度恒为重力加速度-g-大小方向不变,互成角度两直线运动的合运动性质
PHYSICS,运动性质-匀变速曲线运动-加速度恒为重力加速度-g-大小方向不变,加速度方向与运动性质
PHYSICS,运动性质-匀变速曲线运动-加速度恒为重力加速度-g-大小方向不变,单摆周期公式中的等效重力加速度
PHYSICS,运动性质-匀变速曲线运动-加速度恒为重力加速度-g-大小方向不变,单摆测重力加速度
PHYSICS,运动性质-匀变速曲线运动-加速度恒为重力加速度-g-大小方向不变,单摆测重力加速度的原理
PHYSICS,运动性质-匀变速曲线运动-加速度恒为重力加速度-g-大小方向不变,单摆测重力加速度的原理与摆长
PHYSICS,运动性质-匀变速曲线运动-加速度恒为重力加速度-g-大小方向不变,单摆的周期公式
PHYSICS,运动性质-匀变速曲线运动-加速度恒为重力加速度-g-大小方向不变,叠加场中合力变化时做非匀变速曲线运动（用配速法）
PHYSICS,运动性质-匀变速曲线运动-加速度恒为重力加速度-g-大小方向不变,合力方向与运动性质的关系
PHYSICS,运动性质-匀变速曲线运动-加速度恒为重力加速度-g-大小方向不变,天体自转忽略与否的两种处理
PHYSICS,运动性质-匀变速曲线运动-加速度恒为重力加速度-g-大小方向不变,实验：用单摆测重力加速度·易混概念辨析
PHYSICS,运动性质-匀变速曲线运动-加速度恒为重力加速度-g-大小方向不变,实验：用单摆测重力加速度·计算注意事项（一）
PHYSICS,运动性质-匀变速曲线运动-加速度恒为重力加速度-g-大小方向不变,实验：用单摆测重力加速度·计算注意事项（二）
PHYSICS,运动性质-匀变速曲线运动-加速度恒为重力加速度-g-大小方向不变,拓展创新实验（实验：用单摆测重力加速度）
PHYSICS,运动性质-匀变速曲线运动-加速度恒为重力加速度-g-大小方向不变,放缩圆法（速度方向不变而大小变化的临界问题）
PHYSICS,运动性质-匀变速曲线运动-加速度恒为重力加速度-g-大小方向不变,教材原型实验（实验：用单摆测重力加速度）
PHYSICS,运动性质-匀变速曲线运动-加速度恒为重力加速度-g-大小方向不变,旋转圆法（速度大小不变而方向变化的临界问题）
PHYSICS,运动性质-匀变速曲线运动-加速度恒为重力加速度-g-大小方向不变,曲线运动中速率变化的判断
PHYSICS,运动性质-匀变速曲线运动-加速度恒为重力加速度-g-大小方向不变,曲线运动的条件与分类
PHYSICS,运动性质-匀变速曲线运动-加速度恒为重力加速度-g-大小方向不变,曲线运动的条件与速度方向
PHYSICS,运动性质-匀变速曲线运动-加速度恒为重力加速度-g-大小方向不变,曲线运动的速度方向与轨迹特征
PHYSICS,运动性质-匀变速曲线运动-加速度恒为重力加速度-g-大小方向不变,测重力加速度的几种方法
PHYSICS,运动性质-匀变速曲线运动-加速度恒为重力加速度-g-大小方向不变,用单摆测重力加速度实验的注意事项
PHYSICS,运动性质-匀变速曲线运动-加速度恒为重力加速度-g-大小方向不变,用单摆测重力加速度的实验原理与步骤
PHYSICS,运动性质-匀变速曲线运动-加速度恒为重力加速度-g-大小方向不变,用磁铁演示曲线运动条件的判读
PHYSICS,运动性质-匀变速曲线运动-加速度恒为重力加速度-g-大小方向不变,磁场多解情形二：磁场方向不确定
PHYSICS,运动性质-匀变速曲线运动-加速度恒为重力加速度-g-大小方向不变,竖直圆槽下滑中的系统超失重
PHYSICS,运动性质-匀变速曲线运动-加速度恒为重力加速度-g-大小方向不变,等效场（等效重力场）方法
PHYSICS,运动性质-匀变速曲线运动-加速度恒为重力加速度-g-大小方向不变,等效重力法处理重力与恒定电场力下的圆周运动
PHYSICS,运动性质-匀变速曲线运动-加速度恒为重力加速度-g-大小方向不变,类平抛运动的受力特点与处理
PHYSICS,运动性质-匀变速曲线运动-加速度恒为重力加速度-g-大小方向不变,重力加速度法求天体密度
PHYSICS,运动性质-匀变速曲线运动-加速度恒为重力加速度-g-大小方向不变,重力加速度法求天体质量与密度
PHYSICS,运动性质-匀变速曲线运动-加速度恒为重力加速度-g-大小方向不变,重力大小与方向的深入理解
PHYSICS,运动性质-匀变速曲线运动-加速度恒为重力加速度-g-大小方向不变,重力的定义、大小与方向
PHYSICS,运动特征,曲线运动的四个特征
PHYSICS,运动特征,简谐运动的受力与运动特征
PHYSICS,运动特征,速度、合力方向与轨迹的关系
PHYSICS,运动的合成与分解,两个分运动合成后的运动性质
PHYSICS,运动的合成与分解,合运动与分运动及运动的合成方法
PHYSICS,运动的合成与分解,合运动与分运动的三个性质
PHYSICS,运动的合成与分解,合运动与分运动的三条关系
PHYSICS,运动的合成与分解,合运动与分运动的四个关系
PHYSICS,运动的合成与分解,合运动性质的判断
PHYSICS,运动的合成与分解,小船过河模型：三个速度与最短时间过河
PHYSICS,运动的合成与分解,小船过河的最短位移与一角法
PHYSICS,运动的合成与分解,带电粒子在匀强电场中的类斜抛运动
PHYSICS,运动的合成与分解,把初速度沿合力方向分解求运动中的最小速率
PHYSICS,运动的合成与分解,用参考系变换判断相对运动轨迹
PHYSICS,运动的合成与分解,运动的合成与分解与三性
PHYSICS,运动的合成与分解,运动的合成与分解与小船渡河
PHYSICS,运动的合成与分解,运动的合成与分解分析要点
PHYSICS,运动的合成与分解,运动的合成与分解及三个基本关系
PHYSICS,运动的合成与分解,运动的合成与分解及其四个关系
PHYSICS,运动的合成与分解,运动的合成与分解及其四个性质
PHYSICS,运动的合成与分解,运动的合成与分解及合运动与分运动的关系
PHYSICS,运动的合成与分解,运动的合成与分解及合运动性质判断
PHYSICS,运动的合成与分解,运动的合成与分解基本概念
PHYSICS,运动的合成与分解,运动的合成与分解基础
PHYSICS,运动的合成与分解,运动的合成与分解的基本概念
PHYSICS,运动的合成与分解,运动的合成与分解的运算法则
PHYSICS,运动的对称性,圆形边界磁场的径向对称性
PHYSICS,运动的对称性,斜抛运动的对称性与最大射程
PHYSICS,运动的对称性,斜抛运动的对称性结论
PHYSICS,运动的对称性,直线边界磁场的对称出射
PHYSICS,运动的对称性,直线边界磁场的对称性与角度关系
PHYSICS,运动的对称性,竖直上抛的对称性
PHYSICS,运动的对称性,简谐运动对称性的两个时刻关系
PHYSICS,运动的对称性,简谐运动的五大特征
PHYSICS,运动的对称性,简谐运动的对称性应用
PHYSICS,运动的对称性,简谐运动的描述与对称性
PHYSICS,运动规律,三种传动方式的运动规律
PHYSICS,运动规律,传动装置中线速度与角速度的关系
PHYSICS,运动规律,常见传动方式的特点
PHYSICS,运动规律,常见的三种传动方式
PHYSICS,运动规律,常见的四种传动方式
PHYSICS,运用能量守恒定律解题的基本思路,列能量守恒方程的两条基本思路
PHYSICS,运用能量守恒定律解题的基本思路,应用能量守恒定律解题的一般步骤
PHYSICS,运用能量守恒定律解题的基本思路,应用能量守恒定律解题的两个基本思路
PHYSICS,运用能量守恒定律解题的基本思路,应用能量守恒定律解题的思路
PHYSICS,运用能量守恒定律解题的基本思路,电场中力电综合问题的能量守恒表述
PHYSICS,运用能量守恒定律解题的基本思路,相对位移问题优先用能量守恒定律
PHYSICS,运用能量守恒定律解题的基本思路,能量守恒三步法之判定系统与能量
PHYSICS,运用能量守恒定律解题的基本思路,能量守恒定律列式思路
PHYSICS,运用能量守恒定律解题的基本思路,能量守恒等式的列法与求解
PHYSICS,运用能量守恒定律解题的基本思路,运用能量守恒定律的解题步骤
PHYSICS,近代物理学史-相关粒子的发现和实验,人工核转变的三个里程碑
PHYSICS,近代物理学史-相关粒子的发现和实验,物理学史中的典型核反应
PHYSICS,近代物理学史-相关粒子的发现和实验,电子的发现与电子电荷量的测定
PHYSICS,近代物理学史-相关粒子的发现和实验,电子的发现与电子的基本属性
PHYSICS,近代物理学史-相关粒子的发现和实验,近代物理学史重要实验与发现
PHYSICS,近代物理知识体系,近代物理知识体系总览
PHYSICS,近地卫星、同步卫星与赤道上物体的比较,近地卫星同步卫星与赤道物体的比较
PHYSICS,近地卫星、极地卫星与地球同步卫星,近地卫星与同步卫星的比较
PHYSICS,远距离输电,远距离输电与输电线路的功率损失
PHYSICS,连接体对合力的分配原则,连接体中内力的分配规律
PHYSICS,连接体的运动特点,四类常见连接体的运动特点
PHYSICS,连接体的运动特点,平行边界磁场的临界关系与运动特点
PHYSICS,连接体的运动特点,探究平抛运动特点实验的原理与操作
PHYSICS,连接体的运动特点,杆连接物体的运动关联
PHYSICS,连接体的运动特点,连接体的三种连接形式与临界
PHYSICS,连接体的运动特点,连接体的五类模型及其运动特点
PHYSICS,连接体的运动特点,连接体的定义与两类运动特点
PHYSICS,连接体的运动特点,连接体的概念与四类常见连接方式
PHYSICS,连接体的运动特点,连接体的类型与运动特点
PHYSICS,连接体问题,共速连接体合力的“分配原理”
PHYSICS,连接体问题,共速连接体对合力的分配协议
PHYSICS,连接体问题,内力公式求连接体内力
PHYSICS,连接体问题,分解加速度后对系统列牛顿第二定律
PHYSICS,连接体问题,动力学中的连接体问题
PHYSICS,连接体问题,动力学连接体的定义与处理方法
PHYSICS,连接体问题,四类常见连接体问题
PHYSICS,连接体问题,对系统列牛顿第二定律
PHYSICS,连接体问题,小球（物体）—弹簧系统的守恒方程
PHYSICS,连接体问题,常见的连接体模型
PHYSICS,连接体问题,弹簧连接体反弹上滑不粘连必分离
PHYSICS,连接体问题,摩擦连接与含弹簧连接体的处理
PHYSICS,连接体问题,整体法与隔离法处理连接体问题
PHYSICS,连接体问题,连接体
PHYSICS,连接体问题,连接体、外力与内力
PHYSICS,连接体问题,连接体与内力、外力
PHYSICS,连接体问题,连接体中拉力分配的典型结论
PHYSICS,连接体问题,连接体模型的类型与解题思路
PHYSICS,连接体问题,连接体的概念与力的分配规律
PHYSICS,连接体问题,连接体的概念与四类连接方式
PHYSICS,连接体问题,连接体的概念与连接形式
PHYSICS,连接体问题,连接体的类型与整体法隔离法的选用
PHYSICS,连接体问题,连接体问题的两类情形与求解方法
PHYSICS,连接体问题,连接体问题的整体法与隔离法
PHYSICS,连接体问题的分析易错-整体法与隔离法应用,共速连接体力的分配关系
PHYSICS,连接体问题的分析易错-整体法与隔离法应用,天体问题中的六类典型问题·易混概念辨析
PHYSICS,连接体问题的分析易错-整体法与隔离法应用,天体问题中的六类典型问题·计算注意事项
PHYSICS,连接体问题的分析易错-整体法与隔离法应用,整体法、隔离法与内外力的区分
PHYSICS,连接体问题的分析易错-整体法与隔离法应用,整体法与隔离法处理连接体
PHYSICS,连接体问题的分析易错-整体法与隔离法应用,整体法与隔离法的适用总则
PHYSICS,连接体问题的分析易错-整体法与隔离法应用,整体法与隔离法的选取原则
PHYSICS,连接体问题的分析易错-整体法与隔离法应用,整体法与隔离法的选用与交替运用
PHYSICS,连接体问题的分析易错-整体法与隔离法应用,整体法与隔离法的选用规则
PHYSICS,连接体问题的分析易错-整体法与隔离法应用,系统功能关系的应用选择
PHYSICS,连接体问题的分析易错-整体法与隔离法应用,连接体整体法的适用前提（相同的速度和加速度）
PHYSICS,连接体问题的分析易错-整体法与隔离法应用,连接体模型
PHYSICS,连接体问题的分析易错-整体法与隔离法应用,连接体相互作用的正比分配
PHYSICS,连接体问题的分析易错-整体法与隔离法应用,连接体问题中整体法与隔离法的运用
PHYSICS,连接体问题的分析易错-整体法与隔离法应用,连接体问题先整体后隔离的解题思路
PHYSICS,连接体问题的分析易错-整体法与隔离法应用,隔离法五步与“恰好分离”的审题
PHYSICS,连接体间内力的求解,连接体间内力的求解要点
PHYSICS,追及与相遇问题,追及与相遇的临界条件
PHYSICS,追及与相遇问题,追及相遇问题的解题注意
PHYSICS,追及相遇问题的二次函数法与图像法,追及相遇问题的临界条件法与函数法（判别式）
PHYSICS,追及相遇问题的实质及分析思路,交变电场问题的思维方法
PHYSICS,追及相遇问题的实质及分析思路,全反射问题的分析思路与四点提醒
PHYSICS,追及相遇问题的实质及分析思路,关联系统机械能守恒问题的分析思路
PHYSICS,追及相遇问题的实质及分析思路,减速追及相遇问题的特点
PHYSICS,追及相遇问题的实质及分析思路,前车刹停类追及问题的易错点
PHYSICS,追及相遇问题的实质及分析思路,多过程组合问题的“合—分—合”分析思路
PHYSICS,追及相遇问题的实质及分析思路,天体中的追及相遇问题
PHYSICS,追及相遇问题的实质及分析思路,天体追及相遇的条件
PHYSICS,追及相遇问题的实质及分析思路,天体问题中的六大问题
PHYSICS,追及相遇问题的实质及分析思路,对称法分析物理问题的四种对称
PHYSICS,追及相遇问题的实质及分析思路,弹簧类问题的一般分析思路
PHYSICS,追及相遇问题的实质及分析思路,摩擦类功能关系问题的一般分析思路
PHYSICS,追及相遇问题的实质及分析思路,气缸类问题的分析思路
PHYSICS,追及相遇问题的实质及分析思路,用二次函数分析追及相遇问题
PHYSICS,追及相遇问题的实质及分析思路,追及与相遇问题中的速度相等临界
PHYSICS,追及相遇问题的实质及分析思路,追及相遇分析的前提：明确初始位置与速度关系
PHYSICS,追及相遇问题的实质及分析思路,追及相遇的三种常用方法
PHYSICS,追及相遇问题的实质及分析思路,追及相遇的三类典型讨论
PHYSICS,追及相遇问题的实质及分析思路,追及相遇的图像分析法（v-t图面积比较位移）
PHYSICS,追及相遇问题的实质及分析思路,追及相遇的实质与三个关系
PHYSICS,追及相遇问题的实质及分析思路,追及相遇的数学分析法（判别式Δ）
PHYSICS,追及相遇问题的实质及分析思路,追及相遇的物理分析法（运动草图）
PHYSICS,追及相遇问题的实质及分析思路,追及相遇的等量关系与能否追上的判断
PHYSICS,追及相遇问题的实质及分析思路,追及相遇问题
PHYSICS,追及相遇问题的实质及分析思路,追及相遇问题的一个条件与两个关系
PHYSICS,追及相遇问题的实质及分析思路,追及相遇问题的三式与状态分析
PHYSICS,追及相遇问题的实质及分析思路,追及相遇问题的两个关系与速度相等临界点
PHYSICS,追及相遇问题的实质及分析思路,追及相遇问题的分析判据
PHYSICS,追及相遇问题的实质及分析思路,追及相遇问题的分析思路
PHYSICS,追及相遇问题的实质及分析思路,追及相遇问题的分析方法
PHYSICS,追及相遇问题的实质及分析思路,追及相遇问题的实质、临界条件与常见情景
PHYSICS,追及相遇问题的实质及分析思路,追及相遇问题的实质与三个关系
PHYSICS,追及相遇问题的实质及分析思路,追及相遇问题的实质与临界条件
PHYSICS,追及相遇问题的实质及分析思路,追及相遇问题的实质与分析思路
PHYSICS,追及相遇问题的实质及分析思路,追及相遇问题的实质与四种常用解法
PHYSICS,追及相遇问题的实质及分析思路,追及相遇问题须抓住的三个关系与刹车陷阱
PHYSICS,追及相遇问题的实质及分析思路,追及相遇：一个临界两个等量
PHYSICS,追及问题的分析和解题思路,分析追及相遇问题的三种方法
PHYSICS,追及问题的分析和解题思路,单一气体多过程问题的一般解题思路
PHYSICS,追及问题的分析和解题思路,折射与全反射综合问题的解题思路
PHYSICS,追及问题的分析和解题思路,物理图像问题的分析步骤
PHYSICS,追及问题的分析和解题思路,用函数分析法讨论追及相遇问题
PHYSICS,追及问题的分析和解题思路,电场图像问题的分析关键
PHYSICS,追及问题的分析和解题思路,组合场的定义与解题思路
PHYSICS,追及问题的分析和解题思路,组合场问题解题三步（找关键、画轨迹、分过程）
PHYSICS,追及问题的分析和解题思路,距离公式巧解追及相遇问题
PHYSICS,追及问题的分析和解题思路,追及、相遇问题的类型与分析工具
PHYSICS,追及问题的分析和解题思路,追及与相遇问题的分析要点
PHYSICS,追及问题的分析和解题思路,追及与相遇问题的解题步骤
PHYSICS,追及问题的分析和解题思路,追及相遇的临界条件与三种解法
PHYSICS,追及问题的分析和解题思路,追及相遇的解题思路与关键
PHYSICS,追及问题的分析和解题思路,追及相遇问题的“一图三式”与关键字眼
PHYSICS,追及问题的分析和解题思路,追及相遇问题的三种解法
PHYSICS,追及问题的分析和解题思路,追及相遇问题的三类分析方法
PHYSICS,追及问题的分析和解题思路,追及相遇问题的五步解题法
PHYSICS,追及问题的分析和解题思路,追及相遇问题的图像处理
PHYSICS,追及问题的常见类型,临界问题的标志与常见类型
PHYSICS,追及问题的常见类型,共速时的距离判断相遇次数与最值
PHYSICS,追及问题的常见类型,加速追及相遇问题的特点
PHYSICS,追及问题的常见类型,常见追及情景与能否追上的判定
PHYSICS,追及问题的常见类型,常见追及情景与能否追上的判断
PHYSICS,追及问题的常见类型,水平传送带的常见运动情形
PHYSICS,追及问题的常见类型,追不上型（前快后慢）的结论
PHYSICS,追及问题的常见类型,追及相遇的常见情景与距离变化
PHYSICS,追及问题的常见类型,追及相遇的解题流程与“一个条件、两个关系”
PHYSICS,追及问题的常见类型,追及问题的两种典型情况
PHYSICS,适用情况-判断导线切割磁感线产生的感应电流方向,“增缩减扩”的适用边界：磁感线单方向穿过回路
PHYSICS,适用情况-判断导线切割磁感线产生的感应电流方向,右手定则
PHYSICS,适用情况-判断导线切割磁感线产生的感应电流方向,右手定则（判断动生感应电流方向）
PHYSICS,适用情况-判断导线切割磁感线产生的感应电流方向,地磁场中移动线圈的感应电流判断
PHYSICS,适用情况-判断导线切割磁感线产生的感应电流方向,导线转动切割磁感线的三种情况
PHYSICS,适用情况-判断导线切割磁感线产生的感应电流方向,感应电流方向实验的结论与注意事项
PHYSICS,适用情况-判断导线切割磁感线产生的感应电流方向,探究影响感应电流方向因素的实验方法
PHYSICS,适用情况-判断导线切割磁感线产生的感应电流方向,楞次定律与感应电流方向判断
PHYSICS,适用情况-判断导线切割磁感线产生的感应电流方向,楞次定律判断感应电流方向的四步法
PHYSICS,适用情况-判断导线切割磁感线产生的感应电流方向,用楞次定律判断感应电流方向的四步法
PHYSICS,适用情况-判断导线切割磁感线产生的感应电流方向,电流的定义式、决定式与微观式
PHYSICS,适用情况-判断导线切割磁感线产生的感应电流方向,线框对边同时切割的电流判断
PHYSICS,逆向-对称-极限等物理思维考查,极限思维法
PHYSICS,逆向思维,刹车类问题与逆向思维法
PHYSICS,逆向思维,匀减速直线运动的逆向思维法
PHYSICS,逆向思维,末速度为零的匀减速运动的逆向处理
PHYSICS,逆向思维,用逆向思维分析刹车类问题
PHYSICS,逆向思维,用逆向思维处理斜上抛运动
PHYSICS,逆向思维,用逆向思维法处理末速度为零的运动
PHYSICS,逆向思维,逆向思维与匀变速直线运动的逆向处理
PHYSICS,逆向思维,逆向思维处理斜抛与空间抛体
PHYSICS,逆向思维,逆向思维法处理匀减速到零问题
PHYSICS,逆向思维,逆向思维法处理斜上抛运动
PHYSICS,逆向思维,逆向思维法处理斜抛
PHYSICS,逆向思维,逆向思维法（由果索因）
PHYSICS,逆向思维,逆向思维：把匀减速运动倒过来看
PHYSICS,逆向思维,选择题的逆向思维法
PHYSICS,逆向思维,零初速比例推论前提与匀减速逆向比例法
PHYSICS,逐差法-的实际应用及小技巧,纸带为奇数段时的逐差处理
PHYSICS,逐差法-的实际应用及小技巧,逐差法处理纸带数据的三种情形
PHYSICS,逐差法-的实际应用及小技巧,逐差法的两大段法技巧
PHYSICS,逐差法-的实际应用及小技巧,逐差法的使用技巧
PHYSICS,逐差法-的实际应用及小技巧,逐差法的应用与小技巧
PHYSICS,逐差法原理,匀变速运动的逐差规律
PHYSICS,逐差法原理,纸带数据的逐差法求加速度
PHYSICS,逐差法原理,逐差法处理实验数据
PHYSICS,逐差法原理,逐差法求加速度的原理
PHYSICS,逐差法原理,逐差法求加速度的原理与表达式
PHYSICS,通过位移之比测量加速度之比,用位移之比测量加速度之比
PHYSICS,速度,速度、平均速度与瞬时速度
PHYSICS,速度,速度与速率
PHYSICS,速度,速度与速率的区别
PHYSICS,速度,速度的物理意义与定义
PHYSICS,速度,速度选择器的原理与单向性
PHYSICS,速度,速度选择器的工作原理
PHYSICS,速度-速度的变化量-加速度的比较,a-t图像面积表示速度变化量
PHYSICS,速度-速度的变化量-加速度的比较,α、β、γ三种射线的比较
PHYSICS,速度-速度的变化量-加速度的比较,“电偏转”与“磁偏转”的比较
PHYSICS,速度-速度的变化量-加速度的比较,三个定则、一个规律的比较与“左力右电”
PHYSICS,速度-速度的变化量-加速度的比较,三种放射线的比较
PHYSICS,速度-速度的变化量-加速度的比较,中间位置速度公式及与中间时刻速度的比较
PHYSICS,速度-速度的变化量-加速度的比较,位移中点速度与中间时刻速度的比较
PHYSICS,速度-速度的变化量-加速度的比较,加速度与速度、速度变化量的关系
PHYSICS,速度-速度的变化量-加速度的比较,加速度的定义与加减速判据
PHYSICS,速度-速度的变化量-加速度的比较,增缩减扩（回路面积的变化趋势）
PHYSICS,速度-速度的变化量-加速度的比较,振动图像与波动图像的比较
PHYSICS,速度-速度的变化量-加速度的比较,振动图像与波的图像的比较
PHYSICS,速度-速度的变化量-加速度的比较,杆模型最高点弹力随速度的变化
PHYSICS,速度-速度的变化量-加速度的比较,杆（管道）模型最高点弹力随速度的变化
PHYSICS,速度-速度的变化量-加速度的比较,由偏折程度比较各色光参数的推理链
PHYSICS,速度-速度的变化量-加速度的比较,由合力与速度夹角判断速率变化
PHYSICS,速度-速度的变化量-加速度的比较,电源与电阻两类 U-I 图像的比较
PHYSICS,速度-速度的变化量-加速度的比较,电阻率随温度的变化与超导体
PHYSICS,速度-速度的变化量-加速度的比较,速度、速度变化量与加速度的六个不一定
PHYSICS,速度-速度的变化量-加速度的比较,速度、速度变化量与加速度的对比
PHYSICS,速度-速度的变化量-加速度的比较,速度、速度变化量与加速度的辨析
PHYSICS,速度-速度的变化量-加速度的比较,速度变化量与加速度大小的常见误判
PHYSICS,速度-速度的变化量-加速度的比较,重力加速度 g 值的变化规律
PHYSICS,速度位移公式,v²-x 图像的含义
PHYSICS,速度位移公式,人船模型（零初速系统的位移分配）
PHYSICS,速度位移公式,速度位移公式的平方差与分段相加技巧
PHYSICS,速度位移公式,速度位移公式的适用条件与简化形式
PHYSICS,速度定义-位移与发生这段位移所用时间之比-表示物体运动快慢的物理量-是过程量,1/v-x图像面积表示时间
PHYSICS,速度定义-位移与发生这段位移所用时间之比-表示物体运动快慢的物理量-是过程量,Ep-x图像的三条分析要点
PHYSICS,速度定义-位移与发生这段位移所用时间之比-表示物体运动快慢的物理量-是过程量,a-t 图像的物理意义
PHYSICS,速度定义-位移与发生这段位移所用时间之比-表示物体运动快慢的物理量-是过程量,v-t 图像的物理意义
PHYSICS,速度定义-位移与发生这段位移所用时间之比-表示物体运动快慢的物理量-是过程量,v-t图像与轴围成面积表示位移
PHYSICS,速度定义-位移与发生这段位移所用时间之比-表示物体运动快慢的物理量-是过程量,v-t图像斜率表示加速度
PHYSICS,速度定义-位移与发生这段位移所用时间之比-表示物体运动快慢的物理量-是过程量,v²-x图像的斜率与截距
PHYSICS,速度定义-位移与发生这段位移所用时间之比-表示物体运动快慢的物理量-是过程量,x-t 图像与 v-t 图像的比较
PHYSICS,速度定义-位移与发生这段位移所用时间之比-表示物体运动快慢的物理量-是过程量,x-t 图像的物理意义
PHYSICS,速度定义-位移与发生这段位移所用时间之比-表示物体运动快慢的物理量-是过程量,x-t图像斜率表示瞬时速度
PHYSICS,速度定义-位移与发生这段位移所用时间之比-表示物体运动快慢的物理量-是过程量,x/t-t图像的斜率与截距
PHYSICS,速度定义-位移与发生这段位移所用时间之比-表示物体运动快慢的物理量-是过程量,x/t²-1/t图像的斜率与截距
PHYSICS,速度定义-位移与发生这段位移所用时间之比-表示物体运动快慢的物理量-是过程量,两运动图线交点表示对应物理量相同
PHYSICS,速度定义-位移与发生这段位移所用时间之比-表示物体运动快慢的物理量-是过程量,传送带相对位移与划痕长度
PHYSICS,速度定义-位移与发生这段位移所用时间之比-表示物体运动快慢的物理量-是过程量,传送带问题中位移与相对位移
PHYSICS,速度定义-位移与发生这段位移所用时间之比-表示物体运动快慢的物理量-是过程量,切割速度 v 是相对于磁场的速度
PHYSICS,速度定义-位移与发生这段位移所用时间之比-表示物体运动快慢的物理量-是过程量,平抛推论：末速度反向延长线过水平位移中点
PHYSICS,速度定义-位移与发生这段位移所用时间之比-表示物体运动快慢的物理量-是过程量,平抛推论：速度偏向角正切等于位移偏向角正切的二倍
PHYSICS,速度定义-位移与发生这段位移所用时间之比-表示物体运动快慢的物理量-是过程量,探究小车速度随时间变化实验的操作要领
PHYSICS,速度定义-位移与发生这段位移所用时间之比-表示物体运动快慢的物理量-是过程量,描述圆周运动的物理量
PHYSICS,速度定义-位移与发生这段位移所用时间之比-表示物体运动快慢的物理量-是过程量,斜面平抛的两条分解路线
PHYSICS,速度定义-位移与发生这段位移所用时间之比-表示物体运动快慢的物理量-是过程量,用动量定理求电荷量、位移与时间
PHYSICS,速度定义-位移与发生这段位移所用时间之比-表示物体运动快慢的物理量-是过程量,碰撞过程合理性的三条判断依据
PHYSICS,速度定义-位移与发生这段位移所用时间之比-表示物体运动快慢的物理量-是过程量,节约能源与可持续发展的物理依据
PHYSICS,速度定义-位移与发生这段位移所用时间之比-表示物体运动快慢的物理量-是过程量,运动图线穿过横轴表示物理量方向改变
PHYSICS,速度定义-位移与发生这段位移所用时间之比-表示物体运动快慢的物理量-是过程量,速度小者追速度大者的过程规律
PHYSICS,速度时间公式,a-t 图像的含义
PHYSICS,速度时间公式,a-t 图像的识读
PHYSICS,速度时间公式,v-t 图像的含义
PHYSICS,速度时间公式,v-t 图像的识读
PHYSICS,速度时间公式,速度时间公式 v=v0+at 的适用范围与矢量性
PHYSICS,速率与平均速率,速率、平均速率与变化率
PHYSICS,造成波动问题多解的主要因素有,波传播问题多解的两类成因
PHYSICS,造成波动问题多解的主要因素有,波动问题多解的三大因素
PHYSICS,造成波动问题多解的主要因素有,波动问题多解的三类成因
PHYSICS,造成波动问题多解的主要因素有,波动问题多解的两个来源
PHYSICS,造成波动问题多解的主要因素有,波动问题多解的两类因素
PHYSICS,造成波动问题多解的主要因素有,波动问题多解的主要成因
PHYSICS,造成波动问题多解的主要因素有,波的多解成因
PHYSICS,造成波动问题多解的主要因素有,波的多解问题与波的特性
PHYSICS,配速法,配速法及其常见情况
PHYSICS,配速法,配速法处理叠加场中的摆线类问题
PHYSICS,配速法,配速法的定义与使用步骤
PHYSICS,配速法,配速法的应用
PHYSICS,重力,力与重力的概念、大小和方向
PHYSICS,重力,力的合成实验注意事项
PHYSICS,重力,对重力与重心的深入理解
PHYSICS,重力,对重力与重心的理解要点
PHYSICS,重力,弹簧实验的读数细节与图线处理
PHYSICS,重力,用弹簧长度与砝码个数图线求劲度系数
PHYSICS,重力,由简谐运动振幅比确定星球表面重力加速度与密度比
PHYSICS,重力,重力与万有引力的关系及 g 的影响因素
PHYSICS,重力,重力与重心
PHYSICS,重力,重力的产生、大小、方向与重力加速度
PHYSICS,重力,重力的产生、大小与方向
PHYSICS,重力,重力的产生、大小与重心
PHYSICS,重力,重力的大小、方向与测量
PHYSICS,重力,重力的大小、方向与重心
PHYSICS,重力,重力的大小方向与重心
PHYSICS,重力,重力的定义与产生原因
PHYSICS,重力,重力的概念与计算
PHYSICS,重力,重心位置对物体稳定性的影响
PHYSICS,重力做功与重力势能变化的关系,重力做功的特点及其与重力势能的关系
PHYSICS,重力势能,重力做功与重力势能
PHYSICS,重力势能,重力做功与重力势能的变化
PHYSICS,重力势能,重力做功与重力势能的变化关系
PHYSICS,重力势能,重力势能的定义与表达式
PHYSICS,重力势能,重力势能的相对性与正负号的含义
PHYSICS,重心,对重心的三点正确理解
PHYSICS,重心,用悬挂法确定薄板的重心
PHYSICS,重心,重心位置的确定方法与稳定性应用
PHYSICS,重心,重心的含义与位置判断
PHYSICS,重心,重心的确定与理解
PHYSICS,量纲法,选择题的量纲法
PHYSICS,闭合电路欧姆定律,伏阻法测电源的电动势和内阻
PHYSICS,闭合电路欧姆定律,安阻法测电源的电动势和内阻
PHYSICS,闭合电路欧姆定律,欧姆表的构造、原理与刻度标定
PHYSICS,闭合电路欧姆定律,测量电源电动势和内阻的实验原理
PHYSICS,闭合电路欧姆定律,电动势与闭合电路欧姆定律
PHYSICS,闭合电路欧姆定律,电源U-I图像的四层信息
PHYSICS,闭合电路欧姆定律,电磁感应电路问题的分析思路（三部曲）
PHYSICS,闭合电路欧姆定律,部分电路欧姆定律及适用范围
PHYSICS,闭合电路欧姆定律,闭合电路与电功率公式汇编
PHYSICS,闭合电路欧姆定律,闭合电路欧姆定律与电动势
PHYSICS,闭合电路欧姆定律,闭合电路欧姆定律及其表达式
PHYSICS,闭合电路欧姆定律,闭合电路欧姆定律及其表达形式
PHYSICS,闭合电路欧姆定律,闭合电路欧姆定律的三个公式
PHYSICS,闭合电路欧姆定律,闭合电路的欧姆定律
PHYSICS,阿伏加德罗常数,分子模型与阿伏伽德罗常数的桥梁作用
PHYSICS,阿伏加德罗常数,分子的大小与阿伏加德罗常数
PHYSICS,阿伏加德罗常数,宏观量与微观量的换算关系
PHYSICS,阿伏加德罗常数,宏观量与微观量的换算（阿伏伽德罗常数桥梁）
PHYSICS,阿伏加德罗常数,微观量与宏观量的换算
PHYSICS,阿伏加德罗常数,涉及阿伏加德罗常数的估算问题
PHYSICS,阿伏加德罗常数,阿伏加德罗常数及其桥梁作用
PHYSICS,降维法处理三维空间平衡,巧用降维与分解求解空间动力学问题
PHYSICS,降维法处理三维空间平衡,用侧视与俯视两个角度分析气球的受力
PHYSICS,降维法处理三维空间平衡,用对称法处理立体空间的共点力平衡
PHYSICS,降维法处理三维空间平衡,用降维法（俯视加侧视）处理三维共点力平衡
PHYSICS,降维法处理三维空间平衡,空间对称平衡的分析思路
PHYSICS,降维法处理三维空间平衡,空间对称结构的单元分析法
PHYSICS,降维法处理三维空间平衡,立体空间中平衡问题的求解步骤
PHYSICS,降维法处理三维空间平衡,立体空间中的抛体运动问题
PHYSICS,降维法处理三维空间平衡,选择题的降维法
PHYSICS,降维法处理三维空间平衡,降维法处理斜面上沿任意方向的匀速运动
PHYSICS,降维法处理三维空间平衡,降维法巧解三维空间中的平衡问题
PHYSICS,降维法处理三维空间平衡,降维法的一般步骤
PHYSICS,降维法处理三维空间平衡,降维法：把三维空间问题化为二维
PHYSICS,需要平衡摩擦力-为了使绳子拉力即合力,a-F 与 a-1/M 图像的偏差分析
PHYSICS,需要平衡摩擦力-为了使绳子拉力即合力,a-F图线的斜率与平衡摩擦力判断
PHYSICS,需要平衡摩擦力-为了使绳子拉力即合力,实验器材、步骤与两条关键要领
PHYSICS,需要平衡摩擦力-为了使绳子拉力即合力,平衡摩擦力的原理与操作要点
PHYSICS,需要平衡摩擦力-为了使绳子拉力即合力,平衡摩擦力的操作与要点
PHYSICS,需要平衡摩擦力-为了使绳子拉力即合力,平衡摩擦力的方法与要点
PHYSICS,需要平衡摩擦力-为了使绳子拉力即合力,平衡摩擦阻力的操作与判断标准
PHYSICS,需要平衡摩擦力-为了使绳子拉力即合力,探究加速度与力、质量关系的注意事项
PHYSICS,需要平衡摩擦力-为了使绳子拉力即合力,探究加速度实验的四条关键注意
PHYSICS,需要平衡摩擦力-为了使绳子拉力即合力,探究加速度实验的补偿阻力与操作顺序
PHYSICS,需要平衡摩擦力-为了使绳子拉力即合力,摩擦角法求最小拉力
PHYSICS,需要平衡摩擦力-为了使绳子拉力即合力,气垫导轨方案不需要平衡摩擦力
PHYSICS,需要平衡摩擦力-为了使绳子拉力即合力,补偿阻力与实验条件
PHYSICS,霍尔元件,霍尔元件的原理与霍尔电压
PHYSICS,霍尔元件,霍尔元件的工作原理与霍尔电压
PHYSICS,霍尔元件,霍尔元件的构造
PHYSICS,霍尔元件,霍尔效应
PHYSICS,霍尔元件,霍尔电压公式 U=kBI/d
PHYSICS,静摩擦-滑动摩擦-大小突减,静摩擦突变为滑动摩擦
PHYSICS,静摩擦力,用牛顿第三定律判断静摩擦力
PHYSICS,静摩擦力,静摩擦力大小的两种确定方法
PHYSICS,静摩擦力,静摩擦力大小的计算方法
PHYSICS,静摩擦力,静摩擦力有无与方向的判断及大小计算
PHYSICS,静摩擦力,静摩擦力有无及方向的三种判断法
PHYSICS,静摩擦力,静摩擦力的大小与方向
PHYSICS,静摩擦力,静摩擦力的定义与大小范围
PHYSICS,静摩擦力与滑动摩擦力的比较,一对静摩擦力与一对滑动摩擦力做功的比较
PHYSICS,静摩擦力与滑动摩擦力的比较,两类摩擦力的比较与动摩擦因数、最大静摩擦力
PHYSICS,静摩擦力与滑动摩擦力的比较,全反力的定义
PHYSICS,静摩擦力与滑动摩擦力的比较,加速传送带上滑块的两种运动（μg与a₀比较）
PHYSICS,静摩擦力与滑动摩擦力的比较,双棒无外力与有外力的最终状态
PHYSICS,静摩擦力与滑动摩擦力的比较,多层叠放物体的静摩擦力传递模型
PHYSICS,静摩擦力与滑动摩擦力的比较,摩擦力大小的计算
PHYSICS,静摩擦力与滑动摩擦力的比较,摩擦力突变的判断方法
PHYSICS,静摩擦力与滑动摩擦力的比较,摩擦角与tanφ=μ
PHYSICS,静摩擦力与滑动摩擦力的比较,斜面上摩擦力随倾角的变化
PHYSICS,静摩擦力与滑动摩擦力的比较,板块间摩擦力的判断与突变
PHYSICS,静摩擦力与滑动摩擦力的比较,滑动摩擦力与静摩擦力的大小
PHYSICS,静摩擦力与滑动摩擦力的比较,滑动摩擦力与静摩擦力的大小计算
PHYSICS,静摩擦力与滑动摩擦力的比较,重力场、电场、磁场中力与功特点的比较
PHYSICS,静摩擦力与滑动摩擦力的比较,静摩擦力与滑动摩擦力做功的能量转化对比
PHYSICS,静摩擦力与滑动摩擦力的比较,静摩擦力与滑动摩擦力的区分
PHYSICS,静摩擦力与滑动摩擦力的比较,静摩擦力的被动性与滑动摩擦力的决定因素
PHYSICS,静摩擦力有无及方向的判断方法,静摩擦力有无及方向的三种判断方法
PHYSICS,静电力做功,只有静电力和重力做功时三种能量之和不变
PHYSICS,静电力做功,多个点电荷对某点电荷作用力的矢量叠加
PHYSICS,静电力做功,用功能观点分析带电粒子的直线运动
PHYSICS,静电力做功,电场力做功与电势差、电势能变化的关系
PHYSICS,静电力做功,电源与电动势
PHYSICS,静电力做功,静电力做功与电势能的变化
PHYSICS,静电力做功,静电力做功与能量变化的对应关系
PHYSICS,静电力做功,静电力做功与路径无关
PHYSICS,静电力做功,静电力做功的特点及其与电势能变化的关系
PHYSICS,静电场的基本概念和规律,分离场
PHYSICS,静电场的基本概念和规律,对称法与补全法求电场强度
PHYSICS,静电场的基本概念和规律,引力场与静电场的类比
PHYSICS,静电场的基本概念和规律,用 v-t 图像分析带电粒子的运动
PHYSICS,静电场的基本概念和规律,电场强度计算方法的选用技巧
PHYSICS,静电场的基本概念和规律,等势面的特点与等量点电荷的等势面分布
PHYSICS,静电场的基本概念和规律,等效法（镜像法）处理点电荷与导体板的电场
PHYSICS,静电场的基本概念和规律,静电吸附的原理与应用
PHYSICS,静电场的基本概念和规律,静电场公式汇编
PHYSICS,静电场的应用,静电感应与静电平衡
PHYSICS,静电屏蔽的应用,静电屏蔽及其应用
PHYSICS,静电屏蔽的应用,静电屏蔽的两种情况与两个认识误区
PHYSICS,静电屏蔽的应用,静电屏蔽的原理与应用
PHYSICS,静电屏蔽的应用,静电屏蔽的概念、特点与实质
PHYSICS,静电平衡状态的特征,“缓慢移动”按平衡状态处理
PHYSICS,静电平衡状态的特征,静电平衡与静电平衡导体的特点
PHYSICS,静电平衡状态的特征,静电平衡导体的五个特点
PHYSICS,静电平衡状态的特征,静电平衡导体的特征
PHYSICS,静电平衡状态的特征,静电平衡导体的特点
PHYSICS,静电平衡状态的特征,静电平衡的建立过程
PHYSICS,静电平衡状态的特征,静电平衡的形成与特点
PHYSICS,非匀强磁场中带电粒子运动的分析,非匀强磁场中运动的分析思路
PHYSICS,非常规运动图像,非常规运动图像的处理
PHYSICS,非常规运动学图像,a-x图像的物理意义
PHYSICS,非常规运动学图像,v²-x 图像的分析
PHYSICS,非常规运动学图像,x-t、v-t、a-t 图像的要素对照
PHYSICS,非常规运动学图像,三种非常规运动学图像的斜率与截距
PHYSICS,非常规运动学图像,位置坐标图象与位移时间图象的识读
PHYSICS,非常规运动学图像,函数法处理 v² - x 图像
PHYSICS,非常规运动学图像,函数法处理 x/t - t 图像
PHYSICS,非常规运动学图像,分析非常规运动学图像的一般思路
PHYSICS,非常规运动学图像,四类非常规运动学图像
PHYSICS,非常规运动学图像,四类非常规运动学图像的处理
PHYSICS,非常规运动学图像,四类非常规运动学图像的斜率与截距
PHYSICS,非常规运动学图像,常见非常规运动学图像的意义
PHYSICS,非常规运动学图像,常规图像
PHYSICS,非常规运动学图像,常规运动图像四步处理法
PHYSICS,非常规运动学图像,平均速度与时间关系图像的分析
PHYSICS,非常规运动学图像,等间距标志物把图像化为时间-位移图
PHYSICS,非常规运动学图像,运动图像中特殊点的意义
PHYSICS,非常规运动学图像,运动学图像与追及相遇·易混概念辨析
PHYSICS,非常规运动学图像,运动学图像与追及相遇·计算注意事项
PHYSICS,非常规运动学图像,运动学图像的通用读图三要点
PHYSICS,非常规运动学图像,非常规图像
PHYSICS,非常规运动学图像,非常规图像的斜率与截距含义
PHYSICS,非常规运动学图像,非常规运动图像四步处理法
PHYSICS,非常规运动学图像,非常规运动图像的分析
PHYSICS,非常规运动学图像,非常规运动图像的处理方法
PHYSICS,非常规运动学图像,非常规运动学图像的函数法处理
PHYSICS,非常规运动学图像,非常规运动学图像的分析
PHYSICS,非常规运动学图像,非常规运动学图像的分析方法
PHYSICS,非常规运动学图像,非常规运动学图像的处理方法
PHYSICS,非常规运动学图像,非常规运动学图像的线性化处理
PHYSICS,非常规运动学图像,非常规运动学图像的解题思路
PHYSICS,非弹性碰撞,碰撞前后相对速度的关系式
PHYSICS,非弹性碰撞,碰撞模型分类及守恒规律
PHYSICS,非弹性碰撞和完全非弹性碰撞,一维碰撞后速度的取值范围
PHYSICS,非弹性碰撞和完全非弹性碰撞,完全非弹性碰撞
PHYSICS,非弹性碰撞和完全非弹性碰撞,完全非弹性碰撞公式（共速与能量损失）
PHYSICS,非弹性碰撞和完全非弹性碰撞,完全非弹性碰撞的特征
PHYSICS,非弹性碰撞和完全非弹性碰撞,完全非弹性碰撞的规律与机械能损失
PHYSICS,非弹性碰撞和完全非弹性碰撞,完全非弹性碰撞的速度与最大能量损失
PHYSICS,非弹性碰撞和完全非弹性碰撞,完全非弹性碰撞能量损失的规律
PHYSICS,非弹性碰撞和完全非弹性碰撞,弹簧最长（最短）共速相当于完全非弹性碰撞
PHYSICS,非弹性碰撞和完全非弹性碰撞,折合质量法的使用要点与书写
PHYSICS,非弹性碰撞和完全非弹性碰撞,折合质量法速算碰后机械能损失
PHYSICS,非弹性碰撞和完全非弹性碰撞,碰撞
PHYSICS,非弹性碰撞和完全非弹性碰撞,碰撞的分类与能量特点
PHYSICS,非弹性碰撞和完全非弹性碰撞,连续完全非弹性碰撞的逐次计算
PHYSICS,非弹性碰撞和完全非弹性碰撞,非弹性碰撞与完全非弹性碰撞
PHYSICS,非惯性参考系,惯性参考系与非惯性参考系
PHYSICS,非惯性参考系,科里奥利力的方向与大小
PHYSICS,非质点类物体的机械能守恒,非质点类物体的机械能守恒处理办法
PHYSICS,额定功率和实际功率,额定功率与实际功率
PHYSICS,饱和汽,饱和汽与饱和汽压
PHYSICS,验证力的平行四边形定则实验,验证力的平行四边形定则实验的注意事项
PHYSICS,验证力的平行四边形定则实验,验证力的平行四边形定则的实验原理与步骤
PHYSICS,验证机械能守恒定律,验证机械能守恒定律的实验方法
PHYSICS,验证机械能守恒定律实验,实验中的取点范围与公式使用禁忌
PHYSICS,验证机械能守恒定律实验,机械能守恒实验的数据处理
PHYSICS,验证机械能守恒定律实验,机械能守恒实验的注意事项与误差
PHYSICS,验证机械能守恒定律实验,落体法验证机械能守恒定律
PHYSICS,验证机械能守恒定律实验,选取前两点间距约2mm纸带的原因与瞬时速度的测量
PHYSICS,验证机械能守恒定律实验,验证机械能守恒定律实验的拓展创新
PHYSICS,验证机械能守恒定律实验,验证机械能守恒定律的两个操作禁忌
PHYSICS,验证机械能守恒定律实验,验证机械能守恒定律的原理与器材
PHYSICS,验证机械能守恒定律实验,验证机械能守恒定律的原理与操作
PHYSICS,验证机械能守恒定律实验,验证机械能守恒定律的实验原理
PHYSICS,验证机械能守恒定律实验,验证机械能守恒定律的实验原理、器材与操作
PHYSICS,验证机械能守恒定律实验,验证机械能守恒定律的实验原理与操作
PHYSICS,验证机械能守恒定律实验,验证机械能守恒定律的实验器材
PHYSICS,验证机械能守恒定律实验,验证机械能守恒定律的实验操作过程
PHYSICS,验证机械能守恒定律实验,验证机械能守恒定律的实验方案
PHYSICS,验证机械能守恒定律实验,验证机械能守恒定律的实验步骤
PHYSICS,验证机械能守恒定律实验,验证机械能守恒定律的数据处理与误差
PHYSICS,验证机械能守恒定律实验,验证机械能守恒定律的数据处理与验证方案
PHYSICS,验证机械能守恒定律实验,验证机械能守恒定律的数据处理方案与误差分析
PHYSICS,验证机械能守恒定律实验,验证机械能守恒定律的装置与操作要点
PHYSICS,验证机械能守恒定律实验,验证机械能守恒实验的器材创新
PHYSICS,验证机械能守恒定律实验,验证机械能守恒实验的注意事项与误差
PHYSICS,验证机械能守恒定律实验,验证机械能守恒实验的研究对象创新
PHYSICS,验证机械能守恒定律实验,验证机械能守恒实验的运动形式创新
PHYSICS,验证机械能守恒定律实验,验证机械能守恒的三种数据处理方案
PHYSICS,验证机械能守恒定律实验,验证机械能守恒的实验方案选择与纸带数据处理
PHYSICS,验证机械能守恒定律实验,验证机械能守恒的数据处理与误差分析
PHYSICS,验证机械能守恒定律实验的误差与创新方案,验证机械能守恒定律的误差分析与创新方案
PHYSICS,验证机械能守恒定律的创新实验,验证机械能守恒定律的其他方案
PHYSICS,黄金代换,分析卫星运动的两条思路与黄金代换
PHYSICS,黄金代换式,黄金代换式 gR²=GM
PHYSICS,黄金代换式,黄金代换式及其由来
PHYSICS,黑体辐射-黑体虽然不反射电磁波-却可以向外辐射电磁波,热辐射、黑体与黑体辐射的实验规律
PHYSICS,黑体辐射-黑体虽然不反射电磁波-却可以向外辐射电磁波,热辐射与黑体辐射的规律
PHYSICS,黑体辐射-黑体虽然不反射电磁波-却可以向外辐射电磁波,热辐射与黑体辐射规律
PHYSICS,黑体辐射-黑体虽然不反射电磁波-却可以向外辐射电磁波,黑体与黑体辐射
PHYSICS,黑体辐射-黑体虽然不反射电磁波-却可以向外辐射电磁波,黑体与黑体辐射的实验规律
PHYSICS,黑体辐射-黑体虽然不反射电磁波-却可以向外辐射电磁波,黑体与黑体辐射的规律
PHYSICS,黑体辐射-黑体虽然不反射电磁波-却可以向外辐射电磁波,黑体辐射与能量子
PHYSICS,黑体辐射-黑体虽然不反射电磁波-却可以向外辐射电磁波,黑体辐射强度随波长的分布规律
PHYSICS,黑体辐射-黑体虽然不反射电磁波-却可以向外辐射电磁波,黑体辐射的实验规律与能量子
PHYSICS,黑洞,黑洞模型与逃逸速度判据
PHYSICS,黑洞,黑洞的定义与判据
