subject,slug,candidate,reason
BIOLOGY,DNA复制的拓展,从复制起点双向复制，每个方向都符合复制叉模型,含逗号/句末标点（是句子不是名字）
BIOLOGY,DNA复制的拓展,复制泡图判读：未复制片段（a）变短、延伸子链（b/c）变长,超长（>24 字）
BIOLOGY,DNA复制的拓展,子链沿 5'→3' 延伸：前导链连续、后随链不连续（半不连续复制）,超长（>24 字）
BIOLOGY,atp与adp的转化,ATP供,以虚词结尾（截断残片）
BIOLOGY,atp的合成和利用,抑制电子传递→耗氧停止、梯度消失、ATP 停止合成,超长（>24 字）
BIOLOGY,atp的合成和利用,解偶联剂使膜对 H+ 渗漏→耗氧照常但 ATP 合成受阻,超长（>24 字）
BIOLOGY,atp的结构与作用,叶绿体的结构与功能,被 2 个节点同时 claim（全局互斥）
BIOLOGY,atp的结构与作用,生态位：群落的物种在生物群落中的功能位置与作用（营养结构、活动时间等）,超长（>24 字）
BIOLOGY,atp的结构和功能,ATP与ADP的相互转化,被 2 个节点同时 claim（全局互斥）
BIOLOGY,c4植物-cam植物等特殊代谢类型,C3 植物：CO2 直接由 C5 固定、无 CO2 泵、光呼吸明显,超长（>24 字）
BIOLOGY,c4植物-cam植物等特殊代谢类型,C4 植物维管束鞘细胞 C3 途径：Rubisco 固定 CO2 进入卡尔文循环,超长（>24 字）
BIOLOGY,c4植物-cam植物等特殊代谢类型,C4 途径的高 CO2 低 O2 环境抑制 Rubisco 加氧（光呼吸）,超长（>24 字）
BIOLOGY,c4植物-cam植物等特殊代谢类型,CAM 植物夜间气孔开放固定 CO2 生成苹果酸储存于液泡,超长（>24 字）
BIOLOGY,c4植物-cam植物等特殊代谢类型,CAM 植物白天气孔关闭、苹果酸分解释放 CO2 供光合,超长（>24 字）
BIOLOGY,c4植物-cam植物等特殊代谢类型,CAM 途径的适应意义：兼顾获得 CO2 与减少蒸腾失水,超长（>24 字）
BIOLOGY,c4植物-cam植物等特殊代谢类型,PEPC 对 CO2 亲和力高的意义：低 CO2 下仍可高效固定,超长（>24 字）
BIOLOGY,dna是主要的遗传物质,35S（标记蛋白质）和,以虚词结尾（截断残片）
BIOLOGY,dna是主要的遗传物质,保温”时间要合适——保温时间过短或过,括号不配对（截断残片）
BIOLOGY,dna是主要的遗传物质,搅拌的目的是使吸附在细菌上的噬菌体与,以虚词结尾（截断残片）
BIOLOGY,dna的双螺旋结构,加热使DNA氢键断裂，缓慢冷却可复性,含逗号/句末标点（是句子不是名字）
BIOLOGY,dna的复制,原核环状 DNA 较小，往往单起点双向复制,含逗号/句末标点（是句子不是名字）
BIOLOGY,dna的复制,复制起点：可与 DNA 聚合酶结合启动复制的特殊序列,超长（>24 字）
BIOLOGY,dna的复制,由复制图形判断子链方向与碱基和,以虚词结尾（截断残片）
BIOLOGY,dna的复制,真核染色体 DNA 长且链状，多起点+双向复制提高效率,超长（>24 字）
BIOLOGY,dna的结构及特点,氨基酸的结构通式与结构特点,被 2 个节点同时 claim（全局互斥）
BIOLOGY,dna的结构及特点,碱基计算规律四：(A+T)/(G+C)双链与单链相等,超长（>24 字）
BIOLOGY,k值,K值不是固定不变的,以虚词结尾（截断残片）
BIOLOGY,pcr技术,实时荧光定量 PCR（qPCR）：TaqMan 探针水解释放荧光，Ct 值与起始模板量成反比,超长（>24 字）
BIOLOGY,pcr技术,引物设计原则三：方向性——Taq 酶沿子链 5'→3' 合成，PCR 需 2 种引物控制两条链反向合成,超长（>24 字）
BIOLOGY,pcr技术,引物设计原则二·引物间互补：避免连续 4 个及以上碱基互补，尤其 3' 端重叠，防引物二聚体,超长（>24 字）
BIOLOGY,pcr技术,引物设计原则二·自身互补：避免连续 4 个及以上碱基互补形成发卡结构,超长（>24 字）
BIOLOGY,pcr技术,逆转录 PCR（RT-PCR）：RNA 逆转录为 cDNA 再扩增,超长（>24 字）
BIOLOGY,一昼夜CO2浓度变化曲线,一昼夜曲线：凌晨低温低谷（呼吸减弱、CO2 释放减少）,超长（>24 字）
BIOLOGY,一昼夜CO2浓度变化曲线,一昼夜曲线：开始光照即开始光合；与横轴交点为光补偿,超长（>24 字）
BIOLOGY,一昼夜CO2浓度变化曲线,一昼夜曲线：正午凹陷（光合午休）由气孔关闭 CO2 不足所致,超长（>24 字）
BIOLOGY,三率-的关系及测定,真正光合速率、净光合速率与呼吸速率的关系,被 2 个节点同时 claim（全局互斥）
BIOLOGY,与酶有关的曲线分析,电位曲线分段：上升支=Na+ 内流、下降支=K+ 外流、平稳段=Na+-K+ 泵,超长（>24 字）
BIOLOGY,个体或配子致死问题的处理-规律方法,AA 和 BB 均致死：F2 = 4:2:2:1，测交 1:1:1:1,超长（>24 字）
BIOLOGY,个体或配子致死问题的处理-规律方法,AB 配子致死：F2 = 5:3:3:1，测交 1:1:1,超长（>24 字）
BIOLOGY,个体或配子致死问题的处理-规律方法,Ab 或 aB 配子致死：F2 = 7:1:3:1（或 7:3:1:1），测交 1:1:1:1,超长（>24 字）
BIOLOGY,个体或配子致死问题的处理-规律方法,X^A X^A 纯合雌性个体致死 → 存活雌性只有杂合子,超长（>24 字）
BIOLOGY,个体或配子致死问题的处理-规律方法,含 X^A 的雄配子 50% 致死 → 按存活配子重列棋盘,超长（>24 字）
BIOLOGY,主动运输,Na+-K+ 泵持续活动：泵出 Na+、泵入 K+，维持浓度差（耗 ATP）,超长（>24 字）
BIOLOGY,主动运输,水是生命之源,被 2 个节点同时 claim（全局互斥）
BIOLOGY,主动运输,缺氧→ATP 减少→Na+-K+ 泵活动减弱→离子梯度难以维持,超长（>24 字）
BIOLOGY,人脑的高级功能,生理或病理现象、神经中枢参与（损伤）（续,括号不配对（截断残片）
BIOLOGY,从性遗传,从性遗传及其与伴性遗传的区别,被 2 个节点同时 claim（全局互斥）
BIOLOGY,传统发酵技术,泡菜制作的四个处理及其目的,以虚词结尾（截断残片）
BIOLOGY,伴性遗传,X、Y染色体的来源与传递规律,被 2 个节点同时 claim（全局互斥）
BIOLOGY,伴性遗传,母病子女全病、父病子女正常 → 细胞质（线粒体）母系遗传,超长（>24 字）
BIOLOGY,伴性遗传的特点及应用,从性遗传与伴性遗传的区别,被 2 个节点同时 claim（全局互斥）
BIOLOGY,伴性遗传的特点及应用,从性遗传及其与伴性遗传的区别,被 2 个节点同时 claim（全局互斥）
BIOLOGY,伴性遗传的特点及应用,伴 X 显性遗传特征：男病女必病（父病女必病）、代代相传,超长（>24 字）
BIOLOGY,伴性遗传的特点及应用,伴 X 隐性遗传四特征：男病多于女、隔代交叉遗传、母病子必病、父病女必带,超长（>24 字）
BIOLOGY,体液调节和神经调节的区别与联系,神经调节的特点：反应迅速、准确、局限，主要靠反射弧,超长（>24 字）
BIOLOGY,体温调节,下丘脑是体温调节中枢（调节汗腺分泌与皮肤血管舒缩）,超长（>24 字）
BIOLOGY,体温调节,发烧”本身不是疾病,括号不配对（截断残片）
BIOLOGY,使用高倍显微镜观察细胞,原来目镜10×物镜10×，现,含逗号/句末标点（是句子不是名字）
BIOLOGY,使用高倍显微镜观察细胞,在视野右上角看到一个细胞，要,含逗号/句末标点（是句子不是名字）
BIOLOGY,使用高倍显微镜观察细胞,物镜越长，放大倍数越大，目镜,含逗号/句末标点（是句子不是名字）
BIOLOGY,元素和化合物的相互推断-归纳总结,人体细胞鲜重时，含量较多的四,含逗号/句末标点（是句子不是名字）
BIOLOGY,元素和化合物的相互推断-归纳总结,结构简式,被 2 个节点同时 claim（全局互斥）
BIOLOGY,元素和化合物的相互推断-归纳总结,鉴定脂肪时，苏丹Ⅲ或苏丹IV,含逗号/句末标点（是句子不是名字）
BIOLOGY,光合作用,光抑制环节三：ROS 使 PSII 的 D1 蛋白氧化失活,超长（>24 字）
BIOLOGY,光合作用的原理,1954年阿尔农发现，在光照下叶绿体,含逗号/句末标点（是句子不是名字）
BIOLOGY,光合作用的原理,CO2供,以虚词结尾（截断残片）
BIOLOGY,光合作用的原理,在总光照时间相同的条件下，光,含逗号/句末标点（是句子不是名字）
BIOLOGY,光合作用的影响因素,一昼夜曲线：光照为 0 时光合停止，曲线只反映呼吸,超长（>24 字）
BIOLOGY,光合作用的影响因素,光合作用的影响因素及应用（内部因素与单因子外部因素）,超长（>24 字）
BIOLOGY,光合作用的影响因素,换算公式：实际 CO2 消耗量 = 实测 CO2 吸收量 + 呼吸 CO2 释放量,超长（>24 字）
BIOLOGY,光合作用的影响因素,换算公式：实际产氧量 = 实测 O2 释放量 + 呼吸耗氧量,超长（>24 字）
BIOLOGY,光合作用的影响因素,探究光照强度对光合作用强度的影响,被 2 个节点同时 claim（全局互斥）
BIOLOGY,光呼吸,Rubisco 双重催化活性：C5+CO2（固碳）与 C5+O2（光呼吸）竞争,超长（>24 字）
BIOLOGY,光呼吸,光呼吸消耗 ATP 和 NADPH 并释放 CO2、不产生糖,超长（>24 字）
BIOLOGY,光呼吸,光呼吸：C5 与 O2 经 Rubisco 反应生成 C2 的代谢过程,超长（>24 字）
BIOLOGY,光呼吸,提高 CO2 浓度（增施气肥）抑制光呼吸、提高产量,超长（>24 字）
BIOLOGY,光系统与电子传递链,NADP+ 供应不足时电子传给 O2 生成超氧自由基（ROS）,超长（>24 字）
BIOLOGY,光系统与电子传递链,光抑制环节二：电子受体不足使 O2 得电子生成活性氧（ROS）,超长（>24 字）
BIOLOGY,免疫失调,如果自身免疫反应对组织和,以题面/指令开头（是题干不是名字）
BIOLOGY,免疫学的应用,康复期血清/抗体治疗：紧急时直接输入抗体提供免疫保护,超长（>24 字）
BIOLOGY,免疫学的应用,每个人的细胞表面都带有一组与,以虚词结尾（截断残片）
BIOLOGY,免疫系统,免疫系统的三大基本功能,被 2 个节点同时 claim（全局互斥）
BIOLOGY,免疫系统的组成和功能,免疫系统的三大基本功能,被 2 个节点同时 claim（全局互斥）
BIOLOGY,免疫系统的组成和功能,肿瘤免疫逃逸：肿瘤细胞 PD-L1 与 T 细胞 PD-1 结合抑制 T 细胞杀伤功能,超长（>24 字）
BIOLOGY,兴奋在神经纤维上的传导,兴奋在神经纤维上的传导：电位差→局部电流→双向传导,超长（>24 字）
BIOLOGY,兴奋在神经纤维上的传导,神经传导的离子基础：静息时外正内负、动作电位时外负内正,超长（>24 字）
BIOLOGY,兴奋在神经纤维上的传导,静息电位：安静状态下 K+ 通道开放、K+ 外流形成外正内负,超长（>24 字）
BIOLOGY,兴奋的产生和传导,在分析判断兴奋传导方向与,以虚词结尾（截断残片）
BIOLOGY,其他性别决定方式简介-深度拓展,XY 型性别决定：雌性 XX、雄性 XY（雄性决定子代性别）,超长（>24 字）
BIOLOGY,其他植物激素,判断激素合成受阻还是受体功能异常,以题面/指令开头（是题干不是名字）
BIOLOGY,内分泌系统,摘除法：摘除内分泌腺→症状出现→回输恢复，证明腺体功能,超长（>24 字）
BIOLOGY,内环境,组织水肿的成因分析,被 2 个节点同时 claim（全局互斥）
BIOLOGY,内环境的稳态,内环境的作用,被 2 个节点同时 claim（全局互斥）
BIOLOGY,减数分裂,减数分裂各时期的主要特点（以二倍体动物精细胞形成为例）,超长（>24 字）
BIOLOGY,减数分裂,减数分裂和受精作用的意义,被 3 个节点同时 claim（全局互斥）
BIOLOGY,减数分裂,减数分裂的概念与结果,被 2 个节点同时 claim（全局互斥）
BIOLOGY,减数分裂,基因重组发生于减数第一次分裂：交叉互换（前期）与自由组合（后期）,超长（>24 字）
BIOLOGY,减数分裂细胞中染色体-dna数量变化规律,减数分裂和受精作用的意义,被 3 个节点同时 claim（全局互斥）
BIOLOGY,减数分裂细胞中染色体-dna数量变化规律,减数分裂的概念与结果,被 2 个节点同时 claim（全局互斥）
BIOLOGY,减数分裂细胞中染色体-dna数量变化规律,配子中染色体组合多样性的原因,被 2 个节点同时 claim（全局互斥）
BIOLOGY,分泌蛋白的合成和运输,载体蛋白与通道蛋白的比较,被 2 个节点同时 claim（全局互斥）
BIOLOGY,分离定律,分离定律的四种验证方法,被 2 个节点同时 claim（全局互斥）
BIOLOGY,分离定律,分离定律：等位基因在减数分裂时随同源染色体分开分离,超长（>24 字）
BIOLOGY,分离定律,判断显隐性的方法,以题面/指令开头（是题干不是名字）
BIOLOGY,分离定律,在杂种后代中同时出现显性性状和,以虚词结尾（截断残片）
BIOLOGY,分离定律的概率计算-含自交与自由交配,分离定律在育种与医学中的应用,被 2 个节点同时 claim（全局互斥）
BIOLOGY,分离定律的概率计算-含自交与自由交配,分离定律的四种验证方法,被 2 个节点同时 claim（全局互斥）
BIOLOGY,分离定律的概率计算-含自交与自由交配,杂合子连续自交的概率计算,被 2 个节点同时 claim（全局互斥）
BIOLOGY,分离定律的概率计算-含自交与自由交配,男孩患病与患病男孩的概率辨析,被 2 个节点同时 claim（全局互斥）
BIOLOGY,分离定律的概率计算-含自交与自由交配,能量传递效率计算：相邻营养级同化量之比，一般 10%~20%,超长（>24 字）
BIOLOGY,分离定律的概率计算和常规应用,能量流动应用：合理确定能量传递比例、最高传递效率计算,超长（>24 字）
BIOLOGY,分离定律的特殊类型,从性遗传与伴性遗传的区别,被 2 个节点同时 claim（全局互斥）
BIOLOGY,动物细胞培养,动物细胞培养所需气体主要有O2和,以虚词结尾（截断残片）
BIOLOGY,协助扩散,协助扩散：顺浓度梯度、借助载体蛋白或通道蛋白、不耗能,超长（>24 字）
BIOLOGY,协同进化与生物多样性的形成,种群基因组成的变化与物种的形成：基因频率改变→隔离→新物种,超长（>24 字）
BIOLOGY,协同进化与生物多样性的形成,胚胎学是指研究动植物胚胎的形成和,以虚词结尾（截断残片）
BIOLOGY,协同进化与生物多样性的形成,自然选择决定生物进化的方向,被 2 个节点同时 claim（全局互斥）
BIOLOGY,单倍体,单倍体育种：花药离体培养+加倍得纯合子，明显缩短育种年限,超长（>24 字）
BIOLOGY,单克隆抗体,单克隆抗体定义：由单个B淋巴细胞克隆增殖产生的特异性抗体,超长（>24 字）
BIOLOGY,单克隆抗体,单抗制备第二次筛选：克隆化培养+专一抗体检测（抗原—抗体杂交）筛选,超长（>24 字）
BIOLOGY,原核细胞,蓝细菌（蓝藻）：原核生物，含藻蓝素和叶绿素，能进行光合作用,超长（>24 字）
BIOLOGY,原核细胞和真核细胞,原核生物无核膜，转录与翻译耦联进行,含逗号/句末标点（是句子不是名字）
BIOLOGY,原核细胞和真核细胞,原核细胞与真核细胞的统一性,被 2 个节点同时 claim（全局互斥）
BIOLOGY,原核细胞和真核细胞,"原核细胞和真核细·相同点,都有细胞膜、",含逗号/句末标点（是句子不是名字）
BIOLOGY,原核细胞和真核细胞,有细胞结构的生物包括原核生物和,以虚词结尾（截断残片）
BIOLOGY,反射弧,反射弧五部分：感受器→传入神经→神经中枢→传出神经→效应器,超长（>24 字）
BIOLOGY,反馈调节,正反馈调节：促进偏离持续进行（血液凝固、排尿排便）,超长（>24 字）
BIOLOGY,反馈调节,负反馈调节：偏离后纠正回稳态，在生物体中更常见,含逗号/句末标点（是句子不是名字）
BIOLOGY,受精作用,减数分裂和受精作用的意义,被 3 个节点同时 claim（全局互斥）
BIOLOGY,受精作用,受精作用的实质是精子的细胞核与,以虚词结尾（截断残片）
BIOLOGY,叶绿体,叶绿体的结构与功能,被 2 个节点同时 claim（全局互斥）
BIOLOGY,同源染色体,交叉互换：减数第一次分裂前期同源染色体非姐妹染色单体交换片段,超长（>24 字）
BIOLOGY,同源染色体,同源染色体：大小形态相近、一来自父方一来自母方、可联会,超长（>24 字）
BIOLOGY,同源染色体,配子中染色体组合多样性的原因,被 2 个节点同时 claim（全局互斥）
BIOLOGY,噬菌体侵染细菌实验,搅拌和离心的目的,以虚词结尾（截断残片）
BIOLOGY,坐标图类信息题的变量分析,表格信息：看表头，从行列对比找自变量、因变量与差异,超长（>24 字）
BIOLOGY,基因位于染色体上的实验证据,三体定位：F2 比例 1:1 → 基因位于三体染色体,超长（>24 字）
BIOLOGY,基因位于染色体上的实验证据,利用已知基因互交定位突变基因（比例偏离即在已知染色体）,超长（>24 字）
BIOLOGY,基因位于染色体上的实验证据,单体定位：F2 比例 1:1 → 基因位于单体染色体,超长（>24 字）
BIOLOGY,基因位于染色体上的实验证据,如果用芦花雌鸡（ZBW）与,以题面/指令开头（是题干不是名字）
BIOLOGY,基因位于染色体上的实验证据,片段缺失定位：比例偏离正常值→基因位于缺失片段（伪显性）,超长（>24 字）
BIOLOGY,基因位于染色体上的实验证据,萨顿的推论,被 2 个节点同时 claim（全局互斥）
BIOLOGY,基因位于染色体上的实验证据,隐性雌×显性雄：子代雄性全为隐性 → 基因仅位于 X 染色体,超长（>24 字）
BIOLOGY,基因位置的判断方法,判断基因位于细胞核还是细胞质,以题面/指令开头（是题干不是名字）
BIOLOGY,基因在染色体上,萨顿的推论,被 2 个节点同时 claim（全局互斥）
BIOLOGY,基因型-表型的推断,电泳读图：一条带为纯合子、两条带为杂合子；先标定再判读,超长（>24 字）
BIOLOGY,基因工程,PCR反应过程可以分为变性、复性和,以虚词结尾（截断残片）
BIOLOGY,基因工程,同源重组法：15-20 bp 同源序列 + Exnase II 酶 37℃ 30 分钟体外重组,超长（>24 字）
BIOLOGY,基因工程,基因工程流程四要素：目的基因、载体构建、导入受体、检测鉴定,超长（>24 字）
BIOLOGY,基因工程,基因工程的应用领域：医药（胰岛素/疫苗）、农牧业（抗虫转基因作物）、环境保护,超长（>24 字）
BIOLOGY,基因的表达,circRNA 竞争性结合（海绵吸附）miRNA，解除对靶 mRNA 的抑制,超长（>24 字）
BIOLOGY,基因的表达,miRNA 与靶 mRNA 部分互补结合，抑制翻译或促进降解,超长（>24 字）
BIOLOGY,基因的表达,乳糖操纵子负调控：阻遏蛋白结合操纵基因、乳糖解除抑制,超长（>24 字）
BIOLOGY,基因的表达,表观遗传的几种类型,被 2 个节点同时 claim（全局互斥）
BIOLOGY,基因的表达,表观遗传的概念、特征与机制,被 2 个节点同时 claim（全局互斥）
BIOLOGY,基因的表达,解旋酶在DNA分子复制时使氢键打开,以题面/指令开头（是题干不是名字）
BIOLOGY,基因突变,DNA分子中发生碱基的替换、增添和,以虚词结尾（截断残片）
BIOLOGY,基因突变,判断两个突变体是否为同一基因突变,以题面/指令开头（是题干不是名字）
BIOLOGY,基因突变,基因突变与生物性状的关系,被 2 个节点同时 claim（全局互斥）
BIOLOGY,基因突变,基因突变的意义：生物变异的根本来源，为进化提供原材料,超长（>24 字）
BIOLOGY,基因突变,基因突变：主要发生于分裂间期 DNA 复制时，产生新基因（等位基因）,超长（>24 字）
BIOLOGY,基因突变,引起基因突变的因素分为外部因素和,以虚词结尾（截断残片）
BIOLOGY,基因突变,重叠延伸 PCR（SOE-PCR）：用带突变位点的引物实现基因定点突变,超长（>24 字）
BIOLOGY,基因突变,隐性突变：当代不表现，须等位基因纯合才表现,含逗号/句末标点（是句子不是名字）
BIOLOGY,基因突变与细胞癌变,CRISPR/Cas9 应用：基因敲除、定点插入、突变细胞筛选与疾病治疗,超长（>24 字）
BIOLOGY,基因突变与细胞癌变,人和动物细胞DNA上本来就存在与,以虚词结尾（截断残片）
BIOLOGY,基因编辑,CRISPR/Cas9 作用机理：sgRNA 识别靶序列，Cas9 切割双链 DNA,超长（>24 字）
BIOLOGY,基因表达与性状的关系,基因突变与生物性状的关系,被 2 个节点同时 claim（全局互斥）
BIOLOGY,基因重组,基因重组的类型与意义,被 2 个节点同时 claim（全局互斥）
BIOLOGY,基因重组,杂交育种的原理与优缺点,被 2 个节点同时 claim（全局互斥）
BIOLOGY,基因频率,遗传平衡定律（哈代-温伯格）：理想种群基因频率代代不变,超长（>24 字）
BIOLOGY,多倍体,多倍体特点：器官大、营养物质含量高，但结实率可能降低,超长（>24 字）
BIOLOGY,大脑皮层,大脑皮层言语区（S、H、V、W区）的功能与受损症状,超长（>24 字）
BIOLOGY,大脑皮层,渴觉在大脑皮层产生，不在下丘脑,含逗号/句末标点（是句子不是名字）
BIOLOGY,孟德尔两对相对性状的杂交实验,判断一对相对性状的显隐性方法是杂交,以题面/指令开头（是题干不是名字）
BIOLOGY,孟德尔两对相对性状的杂交实验,孟德尔获得成功的原因,被 2 个节点同时 claim（全局互斥）
BIOLOGY,孟德尔的豌豆杂交实验过程分析,人们将杂种后代中同时出现显性性状和,以虚词结尾（截断残片）
BIOLOGY,孟德尔的豌豆杂交实验过程分析,判断基因是否遵循两大定律的方法,以题面/指令开头（是题干不是名字）
BIOLOGY,孟德尔的豌豆杂交实验过程分析,孟德尔获得成功的原因,被 2 个节点同时 claim（全局互斥）
BIOLOGY,孟德尔的豌豆杂交实验过程分析,演绎推理”内容——如果假说正确,括号不配对（截断残片）
BIOLOGY,孟德尔的豌豆杂交实验过程分析,长句表达·实验结论类三步：描述自变量→分析结果→下结论,超长（>24 字）
BIOLOGY,孟德尔规律的应用,分离定律在育种与医学中的应用,被 2 个节点同时 claim（全局互斥）
BIOLOGY,孟德尔规律的应用,显隐性性状的判断方法,被 3 个节点同时 claim（全局互斥）
BIOLOGY,实验-使用高倍显微镜观察几种细胞,使用高倍显微镜观·菠菜叶下表皮细胞,坏名检测：题干/答案标记
BIOLOGY,实验-探究酵母菌细胞呼吸的方式,产生酒精的无氧呼吸（酵母菌/植物）：丙酮酸→酒精+CO2,超长（>24 字）
BIOLOGY,实验-探究酵母菌细胞呼吸的方式,判断细胞呼吸方式的“三看法”,以题面/指令开头（是题干不是名字）
BIOLOGY,实验-探究酵母菌细胞呼吸的方式,在酸性条件下，酒精,含逗号/句末标点（是句子不是名字）
BIOLOGY,实验-检测生物组织中的糖类-脂肪和蛋白质,实验步骤（一）,被 3 个节点同时 claim（全局互斥）
BIOLOGY,实验-检测生物组织中的糖类-脂肪和蛋白质,实验步骤（三）,被 2 个节点同时 claim（全局互斥）
BIOLOGY,实验-检测生物组织中的糖类-脂肪和蛋白质,实验步骤（二）,被 3 个节点同时 claim（全局互斥）
BIOLOGY,实验-观察根尖分生区组织细胞的有丝分裂,实验原理（一）,被 2 个节点同时 claim（全局互斥）
BIOLOGY,实验-观察根尖分生区组织细胞的有丝分裂,实验原理（二）,被 2 个节点同时 claim（全局互斥）
BIOLOGY,实验-观察根尖分生区组织细胞的有丝分裂,实验步骤（一）,被 3 个节点同时 claim（全局互斥）
BIOLOGY,实验-观察根尖分生区组织细胞的有丝分裂,实验步骤（三）,被 2 个节点同时 claim（全局互斥）
BIOLOGY,实验-观察根尖分生区组织细胞的有丝分裂,实验步骤（二）,被 3 个节点同时 claim（全局互斥）
BIOLOGY,实验-观察根尖分生区组织细胞的有丝分裂,有丝分裂各时期的特点(以高等植物细胞,括号不配对（截断残片）
BIOLOGY,对照实验的分析方法,实验前测定初始值的目的,以虚词结尾（截断残片）
BIOLOGY,对照实验的分析方法,对照设置四类型：空白对照、条件对照、相互对照、自身对照,超长（>24 字）
BIOLOGY,差速离心法,差速离心法分离细胞器,被 2 个节点同时 claim（全局互斥）
BIOLOGY,干细胞,干细胞的概念与类型,被 2 个节点同时 claim（全局互斥）
BIOLOGY,影响光合作用强度的环境因素,光保护防线三（修复）：D1 蛋白修复替换恢复 PSII 活性,超长（>24 字）
BIOLOGY,影响光合作用强度的环境因素,光抑制三步链：光能过剩→ROS 生成→D1 蛋白失活,超长（>24 字）
BIOLOGY,影响光合作用强度的环境因素,判断限制因素是气孔因素还是非气孔因素,以题面/指令开头（是题干不是名字）
BIOLOGY,影响光合作用强度的环境因素,探究光照强度对光合作用强度的影响,被 2 个节点同时 claim（全局互斥）
BIOLOGY,影响酶促反应的因素分析,探究pH对酶活性影响的实验设计,被 2 个节点同时 claim（全局互斥）
BIOLOGY,微生物的培养,分散的微生物在适宜的固体培养基表面或,以虚词结尾（截断残片）
BIOLOGY,性染色体的传递规律,X、Y染色体的来源与传递规律,被 2 个节点同时 claim（全局互斥）
BIOLOGY,性状分离比,F2 分离比 13:3 → 抑制基因使表现被抑制，测交 3:1,超长（>24 字）
BIOLOGY,性状分离比,F2 分离比 15:1 → 只要含显性基因即表现，测交 3:1,超长（>24 字）
BIOLOGY,性状分离比,F2 分离比 9:6:1 → 显性基因累加效应，测交 1:2:1,超长（>24 字）
BIOLOGY,性状分离比,F2 分离比 9:7 → 基因互补（双显性同时存在才表现）,超长（>24 字）
BIOLOGY,性状分离比,显、隐性性状的判断方法,被 2 个节点同时 claim（全局互斥）
BIOLOGY,性状分离比,显隐性性状的判断方法,被 3 个节点同时 claim（全局互斥）
BIOLOGY,性状分离比的模拟实验,显隐性性状的判断方法,被 3 个节点同时 claim（全局互斥）
BIOLOGY,性状分离比的模拟实验,绿叶中色素的提取和分离实验,被 2 个节点同时 claim（全局互斥）
BIOLOGY,性状显隐性的判断,显、隐性性状的判断方法,被 2 个节点同时 claim（全局互斥）
BIOLOGY,成熟植物细胞的吸水和失水,与绿色成熟植物细胞相比，植物,含逗号/句末标点（是句子不是名字）
BIOLOGY,技巧-实验数据-与-9-3-3-1及其变式-间的转化方法,AA（或 BB）单独致死：F2 = 6:3:2:1，测交 1:1:1:1,超长（>24 字）
BIOLOGY,技巧-实验数据-与-9-3-3-1及其变式-间的转化方法,F2 分离比 9:3:4 → 隐性纯合归并，测交 1:1:2,超长（>24 字）
BIOLOGY,技巧-实验数据-与-9-3-3-1及其变式-间的转化方法,单隐性 aa（或 bb）致死：F2 = 9:3:1，测交 1:1:1,超长（>24 字）
BIOLOGY,技巧-实验数据-与-9-3-3-1及其变式-间的转化方法,双隐性 aabb 致死：F2 = 9:3:3，测交 1:1:1,超长（>24 字）
BIOLOGY,技巧-实验数据-与-9-3-3-1及其变式-间的转化方法,基因工程实验数据解读：酶切图谱/电泳条带/基因型判断,超长（>24 字）
BIOLOGY,技巧-实验数据-与-9-3-3-1及其变式-间的转化方法,由自交/测交比例对应染色体对数（3:1/1:1/9:3:3:1/1:1:1:1）,超长（>24 字）
BIOLOGY,技巧-实验数据-与-9-3-3-1及其变式-间的转化方法,自交两代递推：Dd 自交一次后代杂合 1/2、纯合 1/2,超长（>24 字）
BIOLOGY,捕获光能的色素和结构,一般情况下，光合作用所利用的光都,含逗号/句末标点（是句子不是名字）
BIOLOGY,捕获光能的色素和结构,实验步骤（一）,被 3 个节点同时 claim（全局互斥）
BIOLOGY,捕获光能的色素和结构,实验步骤（二）,被 3 个节点同时 claim（全局互斥）
BIOLOGY,捕获光能的色素和结构,层析时，不,含逗号/句末标点（是句子不是名字）
BIOLOGY,捕获光能的色素和结构,绿叶中色素的提取和分离,被 2 个节点同时 claim（全局互斥）
BIOLOGY,捕获光能的色素和结构,绿叶中色素的提取和分离实验,被 2 个节点同时 claim（全局互斥）
BIOLOGY,探究动植物生命活动调节实验的思路与方法,生长素主要的合成部位是芽、幼嫩的叶和,以虚词结尾（截断残片）
BIOLOGY,探究基因位于常染色体上还是x-y染色体同源区段上,判断两对等位基因是否位于同一对同源染色体,以题面/指令开头（是题干不是名字）
BIOLOGY,探究基因位于常染色体上还是x-y染色体同源区段上,判断基因仅位于X染色体还是X、Y同源区段,以题面/指令开头（是题干不是名字）
BIOLOGY,探究基因位于常染色体上还是x-y染色体同源区段上,判断基因位于X染色体还是X、Y同源区段,以题面/指令开头（是题干不是名字）
BIOLOGY,探究基因位于常染色体上还是x-y染色体同源区段上,判断基因位于常染色体还是X、Y同源区段,以题面/指令开头（是题干不是名字）
BIOLOGY,探究基因位于常染色体上还是x-y染色体同源区段上,判断基因位于常染色体还是X染色体,以题面/指令开头（是题干不是名字）
BIOLOGY,探究基因位于常染色体上还是x-y染色体同源区段上,判断基因位于常染色体还是X染色体上,以题面/指令开头（是题干不是名字）
BIOLOGY,探究基因位于常染色体上还是x-y染色体同源区段上,判断基因位于细胞核还是细胞质（正反交法）,以题面/指令开头（是题干不是名字）
BIOLOGY,探究基因位于常染色体上还是x-y染色体同源区段上,判断基因在X非同源区还是X、Y同源区段,以题面/指令开头（是题干不是名字）
BIOLOGY,探究基因位于常染色体上还是x-y染色体同源区段上,判断基因在常染色体还是X、Y同源区段,以题面/指令开头（是题干不是名字）
BIOLOGY,探究基因位于常染色体上还是x-y染色体同源区段上,判断姐妹染色单体上等位基因的来源,以题面/指令开头（是题干不是名字）
BIOLOGY,探究基因位于常染色体上还是x-y染色体同源区段上,基因频率的计算方法（常染色体、性染色体、遗传平衡）,超长（>24 字）
BIOLOGY,探究基因位于常染色体上还是x-y染色体同源区段上,新性状伴随染色体区段缺失 → 优先按缺失（假性显性）解释,超长（>24 字）
BIOLOGY,探究基因位于常染色体上还是x-y染色体同源区段上,显性病定位：女儿正常→常显；父病女必病→伴X显,含逗号/句末标点（是句子不是名字）
BIOLOGY,探究基因位于常染色体上还是x-y染色体同源区段上,等位基因的概念：同源染色体同一位点控制相对性状的基因,超长（>24 字）
BIOLOGY,探究基因位于常染色体上还是x-y染色体同源区段上,隐性病定位：无性别差异→常隐；男病多于女且交叉遗传→伴X隐,超长（>24 字）
BIOLOGY,探究酶的专一性-高效性相关实验,b．轻轻振荡两支试管，使试管（一）,含逗号/句末标点（是句子不是名字）
BIOLOGY,探究酶的专一性-高效性相关实验,b．轻轻振荡两支试管，使试管（二）,含逗号/句末标点（是句子不是名字）
BIOLOGY,探究酶的专一性-高效性相关实验,探究pH对酶活性影响的实验设计,被 2 个节点同时 claim（全局互斥）
BIOLOGY,探究酶的专一性-高效性相关实验,探究温度对酶活性影响的实验设计,被 2 个节点同时 claim（全局互斥）
BIOLOGY,无丝分裂,无丝分裂的过程与特点,被 2 个节点同时 claim（全局互斥）
BIOLOGY,无氧呼吸,不产生 CO2 → 只进行产乳酸的无氧呼吸或细胞死亡,超长（>24 字）
BIOLOGY,无氧呼吸,产生乳酸的无氧呼吸（动物/马铃薯）：丙酮酸→乳酸，不产 CO2,超长（>24 字）
BIOLOGY,无氧呼吸,哺乳动物成熟红细胞的特点,被 2 个节点同时 claim（全局互斥）
BIOLOGY,无氧呼吸,葡萄糖:O2:CO2 = 1:2:2 → 只进行产酒精的无氧呼吸,超长（>24 字）
BIOLOGY,无氧呼吸,葡萄糖:乳酸 = 1:2 → 只进行产乳酸的无氧呼吸,超长（>24 字）
BIOLOGY,有丝分裂,后期着丝粒分裂不是由纺锤丝牵引导致的,以虚词结尾（截断残片）
BIOLOGY,有丝分裂,在分裂间期主要进行DNA复制和,以虚词结尾（截断残片）
BIOLOGY,有丝分裂,有丝分裂中染色体、核DNA与染色单体的数量变化及意义,超长（>24 字）
BIOLOGY,有丝分裂,解离的作用在于破坏细胞间质,以题面/指令开头（是题干不是名字）
BIOLOGY,有丝分裂,过程、所用试剂、时间、目的,以虚词结尾（截断残片）
BIOLOGY,有氧呼吸,0 < O2 浓度 < 10% → 有氧与无氧呼吸并存,超长（>24 字）
BIOLOGY,有氧呼吸,CO2 与 O2 计量比（有氧呼吸与光合逆反应）：6:6:1 关系,超长（>24 字）
BIOLOGY,有氧呼吸,O2 浓度 ≥ 10% → 只进行有氧呼吸；两曲线交点为无氧呼吸消失点,超长（>24 字）
BIOLOGY,有氧呼吸,O2 消耗量 = CO2 产生量 → 可能有氧呼吸，或有氧+乳酸无氧并存,超长（>24 字）
BIOLOGY,有氧呼吸,光呼吸不产生 ATP，与有氧呼吸本质不同,含逗号/句末标点（是句子不是名字）
BIOLOGY,有氧呼吸,有氧呼吸三阶段产 ATP 分配：第一阶段少、第二阶段少、第三阶段最多,超长（>24 字）
BIOLOGY,有氧呼吸,有氧呼吸的概念,被 2 个节点同时 claim（全局互斥）
BIOLOGY,有氧呼吸,有氧呼吸第三阶段：O2 与电子和 H+ 结合生成水,超长（>24 字）
BIOLOGY,有氧呼吸,电子传递释能把 H+ 泵至膜间隙，建立 H+ 浓度差,超长（>24 字）
BIOLOGY,有氧呼吸,第一阶段（糖酵解）：葡萄糖在细胞质基质分解为丙酮酸,超长（>24 字）
BIOLOGY,有氧呼吸,第三阶段：线粒体内膜进行电子传递与氧化磷酸化，产大量水与 ATP,超长（>24 字）
BIOLOGY,有氧呼吸,葡萄糖:O2:CO2 = 1:6:6 → 只进行有氧呼吸,超长（>24 字）
BIOLOGY,有氧呼吸的过程分析,有氧呼吸的三个概括阶段（糖酵解、三羧酸循环、氧化磷酸化）,超长（>24 字）
BIOLOGY,有氧呼吸的过程分析,有氧呼吸的三个概括阶段：糖酵解、三羧酸循环与氧化磷酸化,超长（>24 字）
BIOLOGY,有氧呼吸的过程分析,有氧呼吸的三个阶段：糖酵解、三羧酸循环与氧化磷酸化,超长（>24 字）
BIOLOGY,有氧呼吸的过程分析,有氧呼吸的概念,被 2 个节点同时 claim（全局互斥）
BIOLOGY,染色体变异-x1,可遗传变异”≠“可育”,括号不配对（截断残片）
BIOLOGY,染色体变异-x1,显微镜可见性：染色体变异可见、基因突变与基因重组不可见,超长（>24 字）
BIOLOGY,染色体变异-x1,最简便”应为“易操作”,括号不配对（截断残片）
BIOLOGY,染色体变异-x1,染色体变异：一般发生在分裂期，基因数目或排列顺序改变,超长（>24 字）
BIOLOGY,染色体变异-x1,秋水仙素抑制纺锤体形成使染色体数目加倍，只作用于分裂细胞,超长（>24 字）
BIOLOGY,染色体变异-x1,部分学生根据教材“与正常植株相比,括号不配对（截断残片）
BIOLOGY,标志重捕法,标志重捕法估种群密度：N=M×n/m（重捕比=标志比）,超长（>24 字）
BIOLOGY,标志重捕法,标记重捕法调查种群密度,被 2 个节点同时 claim（全局互斥）
BIOLOGY,样方法,样方法调查种群密度,被 2 个节点同时 claim（全局互斥）
BIOLOGY,核酸,DNA和RNA都含有的碱基是A、C和,以虚词结尾（截断残片）
BIOLOGY,核酸,核酸是遗传信息的携带者,与同学科另一节点主名相同（歧义）
BIOLOGY,核酸,核酸是遗传信息的携带者（DNA 遗传物质、RNA 辅助）,超长（>24 字）
BIOLOGY,核酸,核酸的多样性与功能,被 2 个节点同时 claim（全局互斥）
BIOLOGY,核酸,核酸的种类及其分布,被 2 个节点同时 claim（全局互斥）
BIOLOGY,核酸是由核苷酸连接而成的长链,核酸的多样性与功能,被 2 个节点同时 claim（全局互斥）
BIOLOGY,核酸是遗传信息的携带者,核酸的种类及其分布,被 2 个节点同时 claim（全局互斥）
BIOLOGY,植物生长调节剂,探索生长素类调节剂促进插条生根的最适浓度,被 2 个节点同时 claim（全局互斥）
BIOLOGY,植物生长调节剂的应用,探索生长素类调节剂促进插条生根的最适浓度,被 2 个节点同时 claim（全局互斥）
BIOLOGY,植物组织培养,愈伤组织是脱分化形成的,以虚词结尾（截断残片）
BIOLOGY,植物组织培养,植物细胞全能性表达的条件,被 3 个节点同时 claim（全局互斥）
BIOLOGY,比较细胞中的生物大分子,细胞衰老的自由基学说,被 2 个节点同时 claim（全局互斥）
BIOLOGY,水和无机盐平衡的调节,盐平衡调节中醛固酮的作用：促进肾小管集合管对 Na+ 的重吸收,超长（>24 字）
BIOLOGY,测定光合速率与呼吸速率的常用方法,密闭容器积累量按'下降段面积 − 上升段面积'计算,超长（>24 字）
BIOLOGY,测定光合速率与呼吸速率的常用方法,读图第一步：确认纵轴是'吸收速率'（开放）还是'浓度变化'（密闭）,超长（>24 字）
BIOLOGY,渗透作用,渗透作用：水分子通过半透膜从低浓度溶液向高浓度溶液扩散,超长（>24 字）
BIOLOGY,渗透压,下丘脑含渗透压感受器，合成抗利尿激素（由垂体释放）,超长（>24 字）
BIOLOGY,激素,下丘脑是血糖调节中枢，通过神经作用于胰岛 A/B 细胞,超长（>24 字）
BIOLOGY,激素,生长激素：垂体分泌，促进生长（蛋白合成/软骨增长）,超长（>24 字）
BIOLOGY,激素,肾上腺皮质分泌糖皮质激素（皮质醇）：促进糖元分解、调糖,超长（>24 字）
BIOLOGY,激素调节的特点,体液调节的特点：缓慢、广泛、持久，主靠激素运输,含逗号/句末标点（是句子不是名字）
BIOLOGY,物质出入细胞的方式,总结(课本P72正文最后一段,括号不配对（截断残片）
BIOLOGY,物质出入细胞的方式,载体蛋白与通道蛋白的比较,被 2 个节点同时 claim（全局互斥）
BIOLOGY,物质循环,无废弃物农业”物质循环再生,括号不配对（截断残片）
BIOLOGY,物质循环,物质循环的特点是具有全球性和,以虚词结尾（截断残片）
BIOLOGY,环境因素参与调节植物的生命活动,淀粉—平衡石假说”是被普遍承认,括号不配对（截断残片）
BIOLOGY,环境因素参与调节植物的生命活动,蛋白质是生命活动的主要承担者,被 2 个节点同时 claim（全局互斥）
BIOLOGY,生命活动调节实验的设计要点,激素实验无关变量相同且适宜，多次重复,含逗号/句末标点（是句子不是名字）
BIOLOGY,生命系统的结构层次,下列属于生命系统的哪个结构层,以题面/指令开头（是题干不是名字）
BIOLOGY,生态工程,生态足迹”也称“生态占用”,括号不配对（截断残片）
BIOLOGY,生态系统的稳定性,判断生态系统稳定性的方法（1）抵抗力,以题面/指令开头（是题干不是名字）
BIOLOGY,生态系统的稳定性,生态系统抵抗外界干扰并使自身的结构与,以虚词结尾（截断残片）
BIOLOGY,生态系统的结构,温室效应对生态系统的气炭循环：CO2 循环通道（大气↔生产者）,超长（>24 字）
BIOLOGY,生态系统的结构,生态系统的组成成分四：非生物物质和能量（无机环境）,超长（>24 字）
BIOLOGY,生态系统的结构,自然生态系统是通过生物与环境、生物与,以虚词结尾（截断残片）
BIOLOGY,生物多样性,生态保护措施：就地保护（保护区）、易地保护、建立种子基因库,超长（>24 字）
BIOLOGY,生物多样性,生物多样性三个层次：遗传（基因）多样性、物种多样性、生态系统多样性,超长（>24 字）
BIOLOGY,生物有共同祖先的证据,共同祖先的其他证据（比较解剖学、胚胎学、细胞与分子水平）,超长（>24 字）
BIOLOGY,生物膜系统,生物膜系统的三大功能,被 2 个节点同时 claim（全局互斥）
BIOLOGY,生物膜系统,生物膜系统的组成与特点,被 2 个节点同时 claim（全局互斥）
BIOLOGY,生长素,根的向地性：重力使根近地侧生长素浓度高、生长受抑制，根向下弯曲,超长（>24 字）
BIOLOGY,生长素,茎的背地性：重力使茎近地侧生长素多、反而促进生长，茎向上弯曲,超长（>24 字）
BIOLOGY,用高倍显微镜观察叶绿体和细胞质的流动,实验原理（一）,被 2 个节点同时 claim（全局互斥）
BIOLOGY,用高倍显微镜观察叶绿体和细胞质的流动,实验原理（二）,被 2 个节点同时 claim（全局互斥）
BIOLOGY,用高倍显微镜观察叶绿体和细胞质的流动,实验选材藓类叶(或菠菜叶、番,括号不配对（截断残片）
BIOLOGY,病毒,病毒营寄生生活，属于消费者,含逗号/句末标点（是句子不是名字）
BIOLOGY,神经系统的分级调节,下丘脑是内分泌枢纽：分泌促激素释放激素启动分级调节,超长（>24 字）
BIOLOGY,神经调节的基本方式,判断神经调节通路是否属于反射,以题面/指令开头（是题干不是名字）
BIOLOGY,神经调节的基本方式,如果你的手指被植株上尖锐的刺扎了一下,以题面/指令开头（是题干不是名字）
BIOLOGY,神经调节的结构基础,人的神经系统包括中枢神经系统和,以虚词结尾（截断残片）
BIOLOGY,神经调节的结构基础,外周神经系统包括与脑相连的脑神经和与,以虚词结尾（截断残片）
BIOLOGY,神经递质,兴奋性递质（如乙酰胆碱）与抑制性递质（如 GABA）作用差异,超长（>24 字）
BIOLOGY,神经递质,突触传递异常沿'递质—间隙—受体—后膜'四环节排查,超长（>24 字）
BIOLOGY,种群密度,标记重捕法调查种群密度,被 2 个节点同时 claim（全局互斥）
BIOLOGY,种群密度,样方法调查种群密度,被 2 个节点同时 claim（全局互斥）
BIOLOGY,种群密度,样方法：样方内计数平均值估算种群密度（植物/活动能力弱动物）,超长（>24 字）
BIOLOGY,种群数量的变化,S 形增长：环境阻力使种群增长呈 ‘S’ 形，K 值是环境容纳量,超长（>24 字）
BIOLOGY,种群数量的变化,计算公式,以题面/指令开头（是题干不是名字）
BIOLOGY,种群的数量变化,S 形种群曲线与增长速率曲线的对应关系（数量曲线与速率曲线区分）,超长（>24 字）
BIOLOGY,种群的数量变化,S”形增长的种群,括号不配对（截断残片）
BIOLOGY,种群的数量特征,种群密度定义：单位面积（或体积）内的个体数（种群最基本数量特征）,超长（>24 字）
BIOLOGY,种群的数量特征,种群数量特征：出生率/死亡率、迁入/迁出直接决定种群密度,超长（>24 字）
BIOLOGY,种群的特征,J 形增长：“J”形曲线：理想条件（食物充足、无天敌）下种群增长,超长（>24 字）
BIOLOGY,突触,突触传递三步：递质释放→扩散→作用后膜（递质与受体结合）,超长（>24 字）
BIOLOGY,突触,突触结构：突触前膜（轴突末梢）+突触间隙+突触后膜（树突/胞体）,超长（>24 字）
BIOLOGY,类囊体,阴生植物的弱光适应特征：叶绿素多、类囊体膜面积大、光饱和点低,超长（>24 字）
BIOLOGY,精子与卵细胞形成过程的比较,疫苗原理：弱毒/灭活病原微体诱发主动免疫产生记忆细胞,超长（>24 字）
BIOLOGY,糖类和脂质的相互转化,ATP与ADP的相互转化,被 2 个节点同时 claim（全局互斥）
BIOLOGY,糖类和脂质的相互转化,ATP供,以虚词结尾（截断残片）
BIOLOGY,纯合子与杂合子的判断,判断显性个体是否为纯合子的方法,以题面/指令开头（是题干不是名字）
BIOLOGY,线粒体,“所有细胞生命活动所需能量主要来自线,括号不配对（截断残片）
BIOLOGY,线粒体,动力车间”是线粒体,括号不配对（截断残片）
BIOLOGY,线粒体,第二阶段：丙酮酸进入线粒体基质氧化为 CO2 与 [H],超长（>24 字）
BIOLOGY,组成细胞的元素,如在细胞的鲜重中,以题面/指令开头（是题干不是名字）
BIOLOGY,组成细胞的元素,生物界与非生物界的统一性和差异性,被 2 个节点同时 claim（全局互斥）
BIOLOGY,组成细胞的元素,组成细胞化学元素的作用和,以虚词结尾（截断残片）
BIOLOGY,组成细胞的元素,组成细胞的无机化合物和,以虚词结尾（截断残片）
BIOLOGY,组织水肿的成因,组织水肿的成因分析,被 2 个节点同时 claim（全局互斥）
BIOLOGY,细胞中的无机盐,无机盐的功能：构成细胞成分、维持渗透压与酸碱平衡、酶激活,超长（>24 字）
BIOLOGY,细胞中的无机盐,无机盐的生理功能,被 2 个节点同时 claim（全局互斥）
BIOLOGY,细胞中的无机盐,正常情况下，细胞内自由水所占,含逗号/句末标点（是句子不是名字）
BIOLOGY,细胞中的无机盐,水在细胞中以两种形式存在，绝,含逗号/句末标点（是句子不是名字）
BIOLOGY,细胞中的无机盐,水是生命之源,被 2 个节点同时 claim（全局互斥）
BIOLOGY,细胞中的无机盐,细胞中的无机盐·无机盐对于维持细胞的,以虚词结尾（截断残片）
BIOLOGY,细胞中的无机盐,细胞内结合水的存在形式主要是水与,以虚词结尾（截断残片）
BIOLOGY,细胞中的水,C4 植物叶肉细胞中 PEPC 初次固定 CO2 生成 C4,超长（>24 字）
BIOLOGY,细胞中的水,C4 植物维管束鞘细胞中苹果酸分解释放 CO2 供 Rubisco,超长（>24 字）
BIOLOGY,细胞中的水,在细胞内，囊泡就像深海中的潜,含逗号/句末标点（是句子不是名字）
BIOLOGY,细胞中的水,液泡主要存在于植物的细胞中，内,含逗号/句末标点（是句子不是名字）
BIOLOGY,细胞中的糖类,多糖：多分子单糖缩合（淀粉/糖原/纤维素/几丁质）,超长（>24 字）
BIOLOGY,细胞中的糖类,水稻和小麦的细胞中含有丰富的纤维素和,以虚词结尾（截断残片）
BIOLOGY,细胞中的脂质,磷脂与脂肪的不同之处在于，甘,含逗号/句末标点（是句子不是名字）
BIOLOGY,细胞免疫,免疫治疗：PD-1/PD-L1 阻断抗体恢复 T 细胞杀伤肿瘤,超长（>24 字）
BIOLOGY,细胞免疫,初次免疫：浆细胞产生抗体较慢（第7-10天），记忆细胞留存,超长（>24 字）
BIOLOGY,细胞分裂时期的判断方法,判断某细胞所属分裂时期的方法,以题面/指令开头（是题干不是名字）
BIOLOGY,细胞周期,中心体在细胞周期中的行为,以虚词结尾（截断残片）
BIOLOGY,细胞周期,判断细胞被阻滞时期的方法,以题面/指令开头（是题干不是名字）
BIOLOGY,细胞呼吸原理的应用,K/2 与 K 在渔业/资源利用中的应用（K/2 前捕捞、K/2 处捕捞产量最佳）,超长（>24 字）
BIOLOGY,细胞呼吸概念-实质和意义,脂肪底物呼吸：耗 O2 多、产 CO2 少（呼吸商<1）,超长（>24 字）
BIOLOGY,细胞呼吸的影响因素及应用,B瓶封口放置一段时间，再连通,含逗号/句末标点（是句子不是名字）
BIOLOGY,细胞呼吸的影响因素及应用,CO2,被 2 个节点同时 claim（全局互斥）
BIOLOGY,细胞呼吸的影响因素及应用,不同生物无氧呼吸产物不同，酵,含逗号/句末标点（是句子不是名字）
BIOLOGY,细胞呼吸的影响因素及应用,农业生产上“正其形，通其风”,含逗号/句末标点（是句子不是名字）
BIOLOGY,细胞呼吸的影响因素及应用,呼吸作用也叫细胞呼吸，其实质,含逗号/句末标点（是句子不是名字）
BIOLOGY,细胞呼吸的影响因素及应用,在某植株或叶片的光补偿点（光,括号不配对（截断残片）
BIOLOGY,细胞呼吸的影响因素及应用,夏季晴朗的白天，7-10时,含逗号/句末标点（是句子不是名字）
BIOLOGY,细胞呼吸的影响因素及应用,如果发酵产品是微生物细胞本身,以题面/指令开头（是题干不是名字）
BIOLOGY,细胞呼吸的影响因素及应用,总光合速率（也称真正光合速率,括号不配对（截断残片）
BIOLOGY,细胞呼吸的影响因素及应用,最适贮存点 = CO2 释放量最低点对应的 O2 浓度,超长（>24 字）
BIOLOGY,细胞器的结构和功能,差速离心法分离细胞器,被 2 个节点同时 claim（全局互斥）
BIOLOGY,细胞增殖,增殖需要的条件、增殖需要的条件、内容（续,括号不配对（截断残片）
BIOLOGY,细胞增殖,无丝分裂的过程与特点,被 2 个节点同时 claim（全局互斥）
BIOLOGY,细胞增殖,杂交瘤细胞：B淋巴细胞（抗体）+骨髓瘤细胞（无限增殖）,超长（>24 字）
BIOLOGY,细胞壁,细胞壁是全透性的，对水、溶质均无选择透过作用,含逗号/句末标点（是句子不是名字）
BIOLOGY,细胞学说,除病毒以外，生物体都,含逗号/句末标点（是句子不是名字）
BIOLOGY,细胞是基本的生命系统,与动物细胞相比，高等植物细胞,含逗号/句末标点（是句子不是名字）
BIOLOGY,细胞是基本的生命系统,在一定的区域内，同种生物的所,含逗号/句末标点（是句子不是名字）
BIOLOGY,细胞是基本的生命系统,细胞核的结构,被 2 个节点同时 claim（全局互斥）
BIOLOGY,细胞核的结构和功能,细胞核的结构,被 2 个节点同时 claim（全局互斥）
BIOLOGY,细胞核的结构和功能,除了高等植物成熟的筛管细胞和,以虚词结尾（截断残片）
BIOLOGY,细胞生活的环境,下列生理过程发生的场所,以题面/指令开头（是题干不是名字）
BIOLOGY,细胞生活的环境,内环境的作用,被 2 个节点同时 claim（全局互斥）
BIOLOGY,细胞癌变,人和动物细胞的染色体上本来就存在着与,以虚词结尾（截断残片）
BIOLOGY,细胞的全能性,植物细胞全能性表达的条件,被 3 个节点同时 claim（全局互斥）
BIOLOGY,细胞的分化与全能性,二次免疫：记忆细胞快速增殖分化，产生大量抗体更快更持久,超长（>24 字）
BIOLOGY,细胞的分化与全能性,干细胞的概念与类型,被 2 个节点同时 claim（全局互斥）
BIOLOGY,细胞的分化与全能性,植物细胞全能性表达的条件,被 3 个节点同时 claim（全局互斥）
BIOLOGY,细胞的多样性和统一性,生物界与非生物界的统一性和差异性,被 2 个节点同时 claim（全局互斥）
BIOLOGY,细胞的多样性和统一性,细胞统一性的表现,被 2 个节点同时 claim（全局互斥）
BIOLOGY,细胞的多样性和统一性,（4)原核细胞具有多样性和统一性,括号不配对（截断残片）
BIOLOGY,细胞的死亡,HAT 选择培养基筛选：未融合与同种融合细胞死亡，只有杂交瘤存活,超长（>24 字）
BIOLOGY,细胞的生物膜系统,生物膜系统的三大功能,被 2 个节点同时 claim（全局互斥）
BIOLOGY,细胞的生物膜系统,生物膜系统的组成与特点,被 2 个节点同时 claim（全局互斥）
BIOLOGY,细胞的统一性,原核细胞与真核细胞的统一性,被 2 个节点同时 claim（全局互斥）
BIOLOGY,细胞的统一性,细胞统一性的表现,被 2 个节点同时 claim（全局互斥）
BIOLOGY,细胞膜-质膜-的功能,细胞膜的三大功能,被 2 个节点同时 claim（全局互斥）
BIOLOGY,细胞膜-质膜-的功能,细胞膜的功能,被 2 个节点同时 claim（全局互斥）
BIOLOGY,细胞膜成分和结构的探究历程,细胞膜,被 2 个节点同时 claim（全局互斥）
BIOLOGY,细胞膜的结构和功能,哺乳动物成熟红细胞的特点,被 2 个节点同时 claim（全局互斥）
BIOLOGY,细胞膜的结构和功能,流动镶嵌模型（1972年，辛,含逗号/句末标点（是句子不是名字）
BIOLOGY,细胞膜的结构和功能,磷脂的头部亲水，两个脂肪酸尾,含逗号/句末标点（是句子不是名字）
BIOLOGY,细胞膜的结构和功能,细胞膜,被 2 个节点同时 claim（全局互斥）
BIOLOGY,细胞膜的结构和功能,细胞膜的三大功能,被 2 个节点同时 claim（全局互斥）
BIOLOGY,细胞膜的结构和功能,细胞膜的功能,被 2 个节点同时 claim（全局互斥）
BIOLOGY,细胞衰老,细胞衰老的自由基学说,被 2 个节点同时 claim（全局互斥）
BIOLOGY,细胞衰老,衰老细胞会影响个体的表现，个,含逗号/句末标点（是句子不是名字）
BIOLOGY,细胞骨架,细胞骨架的组成与功能,被 2 个节点同时 claim（全局互斥）
BIOLOGY,群落的演替,（演替过程中一个群落取代另一个群落,括号不配对（截断残片）
BIOLOGY,群落的结构,捕食与被捕食数量关系：捕食者数量变化滞后于被捕食者（多捕食者压力大）,超长（>24 字）
BIOLOGY,群落的结构,群落的空间结构包括垂直结构和,以虚词结尾（截断残片）
BIOLOGY,育种,杂交育种的原理与优缺点,被 2 个节点同时 claim（全局互斥）
BIOLOGY,育种,诱变育种：提高突变率、大幅改良性状，但有利变异少且随机,超长（>24 字）
BIOLOGY,胰岛素,饲喂法只适用于不被消化道破坏的激素（性激素可、胰岛素不可）,超长（>24 字）
BIOLOGY,能量流动,同化量与摄入量：同化 = 摄食 − 粪便（粪便能量不属于本营养级）,超长（>24 字）
BIOLOGY,能量流动,未利用”是指未被自身呼吸作用消耗,括号不配对（截断残片）
BIOLOGY,能量流动,生态系统中能量的输入、传递、转化和,以虚词结尾（截断残片）
BIOLOGY,能量流动,能量流动特点二：逐级递减（每级约10%-20%传递）,超长（>24 字）
BIOLOGY,能量流动,能量流动的输入与输出守恒：输入=单向流动+消耗+未被利用,超长（>24 字）
BIOLOGY,能量流动,能量金字塔：营养级越高能量越少，呈正金字塔型,含逗号/句末标点（是句子不是名字）
BIOLOGY,脱水缩合,二糖：由两个单糖脱水缩合而成（蔗糖/麦芽糖/乳糖）,超长（>24 字）
BIOLOGY,脱水缩合,肽键：氨基酸之间脱水缩合形成的连接键（-CO-NH-）,超长（>24 字）
BIOLOGY,膜电位的测量及电表指针偏转的判断,动作电位：Na+ 通道开放、Na+ 内流使膜电位变为外负内正,超长（>24 字）
BIOLOGY,膜电位的测量及电表指针偏转的判断,复极化：K+ 通道开放、K+ 外流使膜电位恢复外正内负,超长（>24 字）
BIOLOGY,自交和自由交配的概率计算,杂合子连续自交 n 代：杂合子比例为 (1/2)^n,超长（>24 字）
BIOLOGY,自交和自由交配的概率计算,杂合子连续自交的概率计算,被 2 个节点同时 claim（全局互斥）
BIOLOGY,自交和自由交配的概率计算,连续自交 n 代：纯合子 1−(1/2)^n，显性纯=隐性纯=[1−(1/2)^n]×1/2,超长（>24 字）
BIOLOGY,自交和自由交配的概率计算,连续自交 n 代：表现型比 = [1+(1/2)^n] : [1−(1/2)^n],超长（>24 字）
BIOLOGY,自交和自由交配的概率计算,连续自交淘汰隐性个体：n 代后显性纯合 = 2/(2^n+1),超长（>24 字）
BIOLOGY,自交和自由交配的概率计算,连续自交淘汰隐性个体：n 代后杂合子 = (2^n−1)/(2^n+1),超长（>24 字）
BIOLOGY,自然选择,突变是随机而自然选择是定向的,以虚词结尾（截断残片）
BIOLOGY,自然选择,自然选择决定生物进化的方向,被 2 个节点同时 claim（全局互斥）
BIOLOGY,自由扩散,自由扩散：脂溶性/小分子顺浓度梯度直接穿膜，不耗能、不需载体,超长（>24 字）
BIOLOGY,自由组合定律,基因重组的类型与意义,被 2 个节点同时 claim（全局互斥）
BIOLOGY,自由组合定律,基因重组：减 I 前期交叉互换与减 I 后期自由组合，产生新基因型,超长（>24 字）
BIOLOGY,自由组合定律,自由组合基础比例框架：F1 自交 9:3:3:1、测交 1:1:1:1,超长（>24 字）
BIOLOGY,自由组合定律,自由组合定律的实质与适用范围,被 2 个节点同时 claim（全局互斥）
BIOLOGY,自由组合定律,自由组合定律的验证方法,被 2 个节点同时 claim（全局互斥）
BIOLOGY,自由组合定律,自由组合定律：非同源染色体非等位基因自由组合进入配子,超长（>24 字）
BIOLOGY,自由组合定律中的特殊分离比问题分析,分离定律中的特殊现象（致死、从性遗传、复等位基因等）,超长（>24 字）
BIOLOGY,自由组合定律中的特殊分离比问题分析,判断两对基因是否在一对同源染色体上,以题面/指令开头（是题干不是名字）
BIOLOGY,自由组合定律中的特殊分离比问题分析,特殊分离比判据：子代比例之和等于 16 即遵循自由组合定律,超长（>24 字）
BIOLOGY,自由组合定律中的特殊分离比问题分析,特殊分离比解题总策略：和=16 定独立遗传、合并同类项、测交验证,超长（>24 字）
BIOLOGY,自由组合定律的解题规律及方法,判断两对基因是否位于同一对同源染色体上,以题面/指令开头（是题干不是名字）
BIOLOGY,自由组合定律的解题规律及方法,自由组合定律的实质与适用范围,被 2 个节点同时 claim（全局互斥）
BIOLOGY,自由组合定律的解题规律及方法,自由组合定律的验证方法,被 2 个节点同时 claim（全局互斥）
BIOLOGY,色素,绿叶中色素的提取和分离,被 2 个节点同时 claim（全局互斥）
BIOLOGY,色素,绿叶中色素的提取和分离”实验,括号不配对（截断残片）
BIOLOGY,蛋白质,蛋白质是生命活动的主要承担者,被 2 个节点同时 claim（全局互斥）
BIOLOGY,蛋白质的功能,细胞骨架的组成与功能,被 2 个节点同时 claim（全局互斥）
BIOLOGY,蛋白质的基本单位-氨基酸,DNA 的基本单位：脱氧核苷酸（磷酸+脱氧核糖+碱基）,超长（>24 字）
BIOLOGY,蛋白质的基本单位-氨基酸,RNA 的基本单位：核糖核苷酸（磷酸+核糖+碱基A/U/C/G）,超长（>24 字）
BIOLOGY,蛋白质的基本单位-氨基酸,写出结构式:-NH2氨基,坏名检测：题干/答案标记
BIOLOGY,蛋白质的基本单位-氨基酸,氨基酸的结构通式与结构特点,被 2 个节点同时 claim（全局互斥）
BIOLOGY,蛋白质的基本单位-氨基酸,氨基酸：蛋白质的基本组成单位（约20种，含氨基羧基）,超长（>24 字）
BIOLOGY,蛋白质的基本单位-氨基酸,由多个氨基酸缩合而成的，含,含逗号/句末标点（是句子不是名字）
BIOLOGY,蛋白质的结构及其多样性,染色体的结构：DNA + 蛋白质（染色质丝）在分裂期螺旋化浓缩,超长（>24 字）
BIOLOGY,表观遗传,表观遗传的几种类型,被 2 个节点同时 claim（全局互斥）
BIOLOGY,表观遗传,表观遗传的概念、特征与机制,被 2 个节点同时 claim（全局互斥）
BIOLOGY,质壁分离,原生质层相当于半透膜：细胞膜+液泡膜+两膜间的细胞质,超长（>24 字）
BIOLOGY,质壁分离,多条质壁分离曲线比较：最终稳定长度越短→外界初始浓度越高,超长（>24 字）
BIOLOGY,质壁分离,自动复原的溶液：KNO3、尿素、乙二醇等溶质可被吸收的溶液,超长（>24 字）
BIOLOGY,质壁分离,蔗糖溶液不能使质壁分离细胞自动复原：蔗糖分子不可被细胞吸收,超长（>24 字）
BIOLOGY,质壁分离,质壁分离：外界浓度高于细胞液时，原生质层收缩与细胞壁分离,超长（>24 字）
BIOLOGY,转基因生物的安全性,生物武器包括致病菌类、病毒类和,以虚词结尾（截断残片）
BIOLOGY,转基因生物的安全性,禁止生物武器：公约签署国承诺不发展、不生产、不储存生物武器,超长（>24 字）
BIOLOGY,转基因生物的安全性,试管婴儿与“设计试管婴儿,括号不配对（截断残片）
BIOLOGY,辨析真正光合速率-净光合速率和呼吸速率,一昼夜有机物积累量 = 正净光合段面积 − 负值段面积,超长（>24 字）
BIOLOGY,辨析真正光合速率-净光合速率和呼吸速率,光合速率增大 → 饱和点右移、最大值上移（C/D 点）,超长（>24 字）
BIOLOGY,辨析真正光合速率-净光合速率和呼吸速率,光响应曲线读法：光强为 0 起点、补偿点、饱和点、平台值依次判读,超长（>24 字）
BIOLOGY,辨析真正光合速率-净光合速率和呼吸速率,光照为 0 时 CO2 吸收速率为负值→绝对值代表呼吸速率,超长（>24 字）
BIOLOGY,辨析真正光合速率-净光合速率和呼吸速率,光照为 0 时速率仍为 0→该曲线是真（总）光合速率,超长（>24 字）
BIOLOGY,辨析真正光合速率-净光合速率和呼吸速率,密闭容器 CO2 浓度下降 = 净光合 > 0（积累有机物）,超长（>24 字）
BIOLOGY,辨析真正光合速率-净光合速率和呼吸速率,换算公式：葡萄糖积累量 = 实际合成量 − 呼吸消耗量,超长（>24 字）
BIOLOGY,辨析真正光合速率-净光合速率和呼吸速率,真正光合速率、净光合速率与呼吸速率的关系,被 2 个节点同时 claim（全局互斥）
BIOLOGY,辨析真正光合速率-净光合速率和呼吸速率,装置图法测定光合速率与呼吸速率,坏名检测：题干/答案标记
BIOLOGY,过敏反应,易错：过敏反应是免疫功能过强引起的,以虚词结尾（截断残片）
BIOLOGY,通道蛋白与载体蛋白的辨析,通道蛋白不与被运物质结合、载体蛋白需与被运物质结合（构象变化）,超长（>24 字）
BIOLOGY,遗传病的检测与预防,PCR 产前诊断优点：操作简便、安全快速、不伤害胎儿,超长（>24 字）
BIOLOGY,遗传系谱图和电泳图谱分析,电泳原理：DNA 带负电向正极迁移，速率与片段大小和构象有关,超长（>24 字）
BIOLOGY,遗传系谱图的分析及概率的计算,男孩患病与患病男孩的概率辨析,被 2 个节点同时 claim（全局互斥）
BIOLOGY,酶的作用,酶的作用条件较温和,以虚词结尾（截断残片）
BIOLOGY,酶的特性,过酸、过碱或温度过高，会使酶,含逗号/句末标点（是句子不是名字）
BIOLOGY,酶的特性,酶的三大特性：高效性、专一性与条件温和,以虚词结尾（截断残片）
BIOLOGY,酶的特性及探究实验,实验原理三个来源：理论依据、仪器试剂提示、材料特性,超长（>24 字）
BIOLOGY,酶的特性及探究实验,探究温度对酶活性影响的实验设计,被 2 个节点同时 claim（全局互斥）
BIOLOGY,酸碱平衡,无机盐的生理功能,被 2 个节点同时 claim（全局互斥）
BIOLOGY,长句应答题的作答方法,长句表达·依据原理类：推导起点→分析原因→得出结果，恰当用逻辑词,超长（>24 字）
BIOLOGY,限制酶,双酶切构建重组载体的目的,以虚词结尾（截断残片）
BIOLOGY,限制酶,双酶切法：两种限制酶分别切割目的基因和质粒两端，实现定向连接,超长（>24 字）
BIOLOGY,限制酶,通过引物引入酶切位点：在引物 5' 端添加限制酶识别序列,超长（>24 字）
BIOLOGY,雄性不育与自交不亲和,雄性不育与自交不亲和,以虚词结尾（截断残片）
BIOLOGY,非特异性免疫,引物设计原则一：特异性（只能扩增目标片段，产物电泳单一条带）,超长（>24 字）
BIOLOGY,非特异性免疫,特异性免疫的组成：体液免疫（抗体）与细胞免疫（T 细胞杀靶细胞）,超长（>24 字）
BIOLOGY,食物链,食物链：生产者到各级消费者的营养链（起点是生产者）,超长（>24 字）
BIOLOGY,高尔基体,高尔基体：加工、分类、包装分泌物（分泌蛋白的运输中转站）,超长（>24 字）
CHEMISTRY,0-1-mol-l-1的na2co3溶液中各粒子浓度的关系,NaHSO3溶液中HSO3-电离大于水解及粒子浓度排序,超长（>24 字）
CHEMISTRY,0-1-mol-l-1的na2co3溶液中各粒子浓度的关系,℃时，在1.00 L 0.03,含逗号/句末标点（是句子不是名字）
CHEMISTRY,cl2的实验室制法,氯气的实验室制法,被 2 个节点同时 claim（全局互斥）
CHEMISTRY,fe-oh-3胶体的制备,$Fe(OH)_3$胶体的制备,含 LaTeX 定界符（是公式片段不是名字）
CHEMISTRY,fe-oh-3胶体的制备,高纯硅的制备流程,被 2 个节点同时 claim（全局互斥）
CHEMISTRY,fe2-与fe3-的相互转化,铝三角：Al3+、Al(OH)3、AlO2-的相互转化,超长（>24 字）
CHEMISTRY,ksp的影响因素,溶度积常数及其影响因素,被 2 个节点同时 claim（全局互斥）
CHEMISTRY,mol-l-1-na2so4溶液-酚酞溶液,MgSO4溶液　②BaCl2溶液　③饱和澄清,坏名检测：题干/答案标记
CHEMISTRY,mol-l-1-na2so4溶液-酚酞溶液,SO：稀H2SO4和品红溶液；加,含逗号/句末标点（是句子不是名字）
CHEMISTRY,mol-l-1-na2so4溶液-酚酞溶液,碘水、淀粉溶液　②氯水、CCl4　③溴水、苯,坏名检测：题干/答案标记
CHEMISTRY,na2co3-nahco3与酸反应的图像分析,铁与氧化剂反应的价态规律,被 2 个节点同时 claim（全局互斥）
CHEMISTRY,na2co3-nahco3的应用,主要用途,被 2 个节点同时 claim（全局互斥）
CHEMISTRY,na2co3-nahco3的应用,碳酸钠与碳酸氢钠的鉴别方法,被 3 个节点同时 claim（全局互斥）
CHEMISTRY,na2o2的性质及应用,主要用途,被 2 个节点同时 claim（全局互斥）
CHEMISTRY,na2o2的性质及应用,硫化氢与氢硫酸的性质,被 2 个节点同时 claim（全局互斥）
CHEMISTRY,na2o2的性质及应用,过氧化钠的性质与用途,被 2 个节点同时 claim（全局互斥）
CHEMISTRY,na2o2的性质及应用,过氧化钠的氧化性与还原性,被 2 个节点同时 claim（全局互斥）
CHEMISTRY,nahco3与碱反应的应用,主要性质,被 2 个节点同时 claim（全局互斥）
CHEMISTRY,o2作为原电池的正极反应物时-其电极反应在不同的介质中有不同的写法,二次电池的解题流程,被 2 个节点同时 claim（全局互斥）
CHEMISTRY,o2作为原电池的正极反应物时-其电极反应在不同的介质中有不同的写法,画原电池装置图的四个常见失分点,坏名检测：题干/答案标记
CHEMISTRY,o2作为原电池的正极反应物时-其电极反应在不同的介质中有不同的写法,钢铁的析氢腐蚀与吸氧腐蚀,被 2 个节点同时 claim（全局互斥）
CHEMISTRY,so检验的易错点,硫酸根检验的两个易错点,被 2 个节点同时 claim（全局互斥）
CHEMISTRY,so检验的易错点,硫酸根离子的检验,与同学科另一节点主名相同（歧义）
CHEMISTRY,一些有机物的命名,有机物的命名方法,被 2 个节点同时 claim（全局互斥）
CHEMISTRY,一种重要的复盐-明矾,明矾的组成与净水原理,被 2 个节点同时 claim（全局互斥）
CHEMISTRY,三氧化硫,三氧化硫的性质,被 2 个节点同时 claim（全局互斥）
CHEMISTRY,下列有关物质的组成与分类的叙述正确的有________-填序号,明矾的组成与净水原理,被 2 个节点同时 claim（全局互斥）
CHEMISTRY,下列有关物质的组成与分类的叙述正确的有________-填序号,物质的宏观组成与微观构成,被 2 个节点同时 claim（全局互斥）
CHEMISTRY,下列溶液中-离子一定能大量共存的有____________,离子不能大量共存的六类原因,被 2 个节点同时 claim（全局互斥）
CHEMISTRY,下列溶液中-离子一定能大量共存的有____________,离子不能大量共存的四种类型,被 2 个节点同时 claim（全局互斥）
CHEMISTRY,中和热,中和反应反应热的测定,被 2 个节点同时 claim（全局互斥）
CHEMISTRY,中和热测定注意事项,中和反应反应热的测定,被 2 个节点同时 claim（全局互斥）
CHEMISTRY,中心原子杂化类型的判断,中心原子杂化类型的判断方法,被 2 个节点同时 claim（全局互斥）
CHEMISTRY,中心原子杂化类型的判断,判断中心原子杂化类型的五种方法,以题面/指令开头（是题干不是名字）
CHEMISTRY,中心原子杂化类型的判断,判断中心原子杂化类型的四方法,以题面/指令开头（是题干不是名字）
CHEMISTRY,中心原子杂化类型的判断,判断中心原子杂化类型的四种方法,以题面/指令开头（是题干不是名字）
CHEMISTRY,中心原子杂化类型的判断,定；义：一个原子的真实质量；一个,含逗号/句末标点（是句子不是名字）
CHEMISTRY,中心原子杂化类型的判断,实；例：一个O原子的质量是2.6,含逗号/句末标点（是句子不是名字）
CHEMISTRY,中心原子杂化类型的判断,结论：氢原子类型有3种，不同氢原,含逗号/句末标点（是句子不是名字）
CHEMISTRY,为了测定某卤代烃分子中所含有的卤素原子种类-可按下列步骤进行实验,卤代烃中卤素原子的检验方法,被 2 个节点同时 claim（全局互斥）
CHEMISTRY,主族元素的原子结构和元素性质的变化规律,卤素单质性质的相似性与递变性,被 3 个节点同时 claim（全局互斥）
CHEMISTRY,乙烯,乙烯的实验室制法要点,被 2 个节点同时 claim（全局互斥）
CHEMISTRY,乙烯的实验室制法,乙烯的实验室制法要点,被 2 个节点同时 claim（全局互斥）
CHEMISTRY,乙酸,乙酸：CH3COOH；无色、有强,含逗号/句末标点（是句子不是名字）
CHEMISTRY,书写离子方程式应注意的问题,书写电离方程式“三注意”,坏名检测：题干/答案标记
CHEMISTRY,了解电镀原理,电镀与电解精炼铜,被 2 个节点同时 claim（全局互斥）
CHEMISTRY,了解电镀原理,电镀铜与电解精炼铜的比较,被 2 个节点同时 claim（全局互斥）
CHEMISTRY,二氧化硫,二氧化硫的化学性质,被 2 个节点同时 claim（全局互斥）
CHEMISTRY,二氧化硫,二氧化硫的性质,被 2 个节点同时 claim（全局互斥）
CHEMISTRY,二氧化硫的尾气处理,二氧化硫的性质,被 2 个节点同时 claim（全局互斥）
CHEMISTRY,从化合价的角度判断铁的氧化物和氢氧化物的性质,铁的氢氧化物的性质与转化,被 2 个节点同时 claim（全局互斥）
CHEMISTRY,从化合价的角度认识cl2的化学性质-歧化反应,甲烷的氧化反应（燃烧）：CH4+2O2→CO2+2H2O,超长（>24 字）
CHEMISTRY,从海水中提取物质的思路,海水提溴与海带提碘的流程,被 2 个节点同时 claim（全局互斥）
CHEMISTRY,从海水中提取物质的思路,解答产物确定题的思路分析,以题面/指令开头（是题干不是名字）
CHEMISTRY,依据官能团分类,官能团的保护与恢复,被 2 个节点同时 claim（全局互斥）
CHEMISTRY,假设法判断氧化还原反应能否进行的步骤,判断氧化还原反应能否发生的思路,以题面/指令开头（是题干不是名字）
CHEMISTRY,做到-五看-快速判断热化学方程式的正误,判断热化学方程式正误的五看,以题面/指令开头（是题干不是名字）
CHEMISTRY,做到-五看-快速判断热化学方程式的正误,判断热化学方程式正误的五看法,以题面/指令开头（是题干不是名字）
CHEMISTRY,催化剂与反应历程,基元反应、过渡态与反应历程,被 2 个节点同时 claim（全局互斥）
CHEMISTRY,元素-核素-同位素,H：用字母T表示，名称为氚或超重,含逗号/句末标点（是句子不是名字）
CHEMISTRY,元素-核素-同位素,元素、核素与同位素,被 2 个节点同时 claim（全局互斥）
CHEMISTRY,元素周期律,元素周期律的内容与实质,被 2 个节点同时 claim（全局互斥）
CHEMISTRY,元素周期律的内容及实质,元素周期律的内容与实质,被 2 个节点同时 claim（全局互斥）
CHEMISTRY,元素周期表的应用,元素周期表的分区与金属非金属分界线,被 2 个节点同时 claim（全局互斥）
CHEMISTRY,元素周期表的结构,元素周期表的分区与金属非金属分界线,被 2 个节点同时 claim（全局互斥）
CHEMISTRY,元素的性质比较和判断易混易错点,判断元素非金属性强弱的依据,以题面/指令开头（是题干不是名字）
CHEMISTRY,元素的性质比较和判断易混易错点,金属性非金属性判断的常见误区,被 2 个节点同时 claim（全局互斥）
CHEMISTRY,元素非金属性强弱的判断,判断非金属性强弱的两个不能,以题面/指令开头（是题干不是名字）
CHEMISTRY,元素非金属性强弱的判断,金属性非金属性判断的常见误区,被 2 个节点同时 claim（全局互斥）
CHEMISTRY,共价键,σ键与π键的判断方法,被 2 个节点同时 claim（全局互斥）
CHEMISTRY,共价键的分类,σ键与π键的判断方法,被 2 个节点同时 claim（全局互斥）
CHEMISTRY,关于化学平衡状态的易错易混点,不能作为平衡标志的四种情况,被 2 个节点同时 claim（全局互斥）
CHEMISTRY,关于化学平衡状态的易错易混点,判断平衡状态时的两个易失分点,以题面/指令开头（是题干不是名字）
CHEMISTRY,关于化学平衡状态的易错易混点,判断平衡状态的“三关注”与四类无效标志,以题面/指令开头（是题干不是名字）
CHEMISTRY,分子-或离子-空间结构的判断,判断微粒空间结构的三步曲,以题面/指令开头（是题干不是名字）
CHEMISTRY,分子-或离子-空间结构的判断,，SOCl2的空间结构的判断,含逗号/句末标点（是句子不是名字）
CHEMISTRY,分子的手性,手性分子与手性碳原子的判断,被 2 个节点同时 claim（全局互斥）
CHEMISTRY,分子的极性,分子极性的判断方法,被 3 个节点同时 claim（全局互斥）
CHEMISTRY,分子的极性,键的极性与分子极性的关系,被 2 个节点同时 claim（全局互斥）
CHEMISTRY,分布分数图像,透析分布曲线　确定思维方向,坏名检测：题干/答案标记
CHEMISTRY,分析电解过程的思维程序,电解池阴、阳极的判断方法,被 2 个节点同时 claim（全局互斥）
CHEMISTRY,分析电解过程的思维程序,解答此类题的思维过程,以题面/指令开头（是题干不是名字）
CHEMISTRY,分析离子能否大量共存必备知识,判断离子能否大量共存的“四个要点”,以题面/指令开头（是题干不是名字）
CHEMISTRY,分析离子能否大量共存必备知识,判断离子能否大量共存的四个方面,以题面/指令开头（是题干不是名字）
CHEMISTRY,分析离子能否大量共存必备知识,离子共存中的三种特殊情况,被 2 个节点同时 claim（全局互斥）
CHEMISTRY,分离-提纯有机化合物常用的方法,有机物定义：含碳的化合物（CO、CO2、碳酸盐等除外）,超长（>24 字）
CHEMISTRY,分离提纯,(2022·北京,括号不配对（截断残片）
CHEMISTRY,判断化学反应的自发性,判断自发性时的四个易错说法,以题面/指令开头（是题干不是名字）
CHEMISTRY,判断原电池正-负极的方法,判断原电池正、负极的方法,以题面/指令开头（是题干不是名字）
CHEMISTRY,判断原电池正-负极的方法,判断原电池正负极的常用方法,以题面/指令开头（是题干不是名字）
CHEMISTRY,判断原电池正-负极的方法,判断正负极的两个易错点,以题面/指令开头（是题干不是名字）
CHEMISTRY,判断同分异构体数目的常用方法和思路,【变式训练2·变考法】分子式为C4H9Cl,坏名检测：题干/答案标记
CHEMISTRY,判断弱酸的三种方法,判断一元酸为弱酸的实验方法与结论,以题面/指令开头（是题干不是名字）
CHEMISTRY,判断弱酸的三种方法,判断弱电解质的三个思维角度,以题面/指令开头（是题干不是名字）
CHEMISTRY,判断弱酸的三种方法,判断强酸弱酸的常用方法,以题面/指令开头（是题干不是名字）
CHEMISTRY,利用nh3的还原性可以消除氮氧化物的污染-其中除去no的主要反应如下,乙醛（CH₃CHO）：还原性及与银氨溶液、新制氢氧化铜的反应,超长（>24 字）
CHEMISTRY,利用nh3的还原性可以消除氮氧化物的污染-其中除去no的主要反应如下,氯气与还原性化合物的反应,被 2 个节点同时 claim（全局互斥）
CHEMISTRY,利用nh3的还原性可以消除氮氧化物的污染-其中除去no的主要反应如下,金属氢化物与硼氢化钠的强还原性,被 3 个节点同时 claim（全局互斥）
CHEMISTRY,利用电离常数-k-巧判溶液稀释中有关粒子浓度比值大小,判断溶液中微粒浓度比值的三种方法,以题面/指令开头（是题干不是名字）
CHEMISTRY,利用电离常数-k-巧判溶液稀释中有关粒子浓度比值大小,等浓度CH3COOH与CH3COONa混合液的粒子浓度排序,超长（>24 字）
CHEMISTRY,利用盖斯定律书写热化学方程式的一般步骤,热化学方程式的书写规范,被 2 个节点同时 claim（全局互斥）
CHEMISTRY,利用盖斯定律书写热化学方程式的一般步骤,解题的一般步骤,以题面/指令开头（是题干不是名字）
CHEMISTRY,勒夏特列原理,勒夏特列原理及其适用范围,被 2 个节点同时 claim（全局互斥）
CHEMISTRY,勒夏特列原理及应用,勒夏特列原理及其适用范围,被 2 个节点同时 claim（全局互斥）
CHEMISTRY,化合物,铜的重要化合物及其应用,被 2 个节点同时 claim（全局互斥）
CHEMISTRY,化学与传统文化,《天工开物》中“凡石灰经火焚炼为用”里的“石,括号不配对（截断残片）
CHEMISTRY,化学反应的方向和调控易混易错点,判断反应方向的四个不能,以题面/指令开头（是题干不是名字）
CHEMISTRY,化学反应的方向和调控易混易错点,判断反应自发性需要注意的问题,以题面/指令开头（是题干不是名字）
CHEMISTRY,化学反应的本质,特性：只有种类，没有个数；化学反,含逗号/句末标点（是句子不是名字）
CHEMISTRY,化学反应速率,化学反应速率的概念与表示,被 2 个节点同时 claim（全局互斥）
CHEMISTRY,化学反应速率,平均速率与瞬时速率,被 2 个节点同时 claim（全局互斥）
CHEMISTRY,化学反应速率与化学计量数的关系,化学反应速率的表示方法,被 2 个节点同时 claim（全局互斥）
CHEMISTRY,化学反应速率与化学计量数的关系,平均速率与瞬时速率,被 2 个节点同时 claim（全局互斥）
CHEMISTRY,化学反应速率及表示方法,化学反应速率的概念与表示,被 2 个节点同时 claim（全局互斥）
CHEMISTRY,化学反应速率及表示方法,化学反应速率的表示方法,被 2 个节点同时 claim（全局互斥）
CHEMISTRY,化学反应速率的测定,化学反应速率的常用测定方法,被 2 个节点同时 claim（全局互斥）
CHEMISTRY,化学反应速率的计算方法,化学反应速率的常用测定方法,被 2 个节点同时 claim（全局互斥）
CHEMISTRY,化学反应速率的计算方法,计算化学反应速率的四种方法,以题面/指令开头（是题干不是名字）
CHEMISTRY,化学实验中的温度控制,浴热(水浴、油浴、沙浴等)；优点,含逗号/句末标点（是句子不是名字）
CHEMISTRY,化学平衡常数,化学平衡常数的含义与表达式,被 2 个节点同时 claim（全局互斥）
CHEMISTRY,化学平衡常数及影响因素,平衡常数的意义与影响因素,被 2 个节点同时 claim（全局互斥）
CHEMISTRY,化学平衡常数的影响因素,平衡常数的意义与影响因素,被 2 个节点同时 claim（全局互斥）
CHEMISTRY,化学平衡常数的影响因素,若化学方程式中各物质的化学计量数都变成n倍或,以虚词结尾（截断残片）
CHEMISTRY,化学平衡状态的判断,不能作为平衡标志的四种情况,被 2 个节点同时 claim（全局互斥）
CHEMISTRY,化学平衡状态的判断,判断化学平衡状态的思维模型,以题面/指令开头（是题干不是名字）
CHEMISTRY,化学平衡状态的判断,判断平衡状态的“逆向相等、变量不变”,以题面/指令开头（是题干不是名字）
CHEMISTRY,化学平衡状态的判断,判断平衡状态的方法：逆向相等与变量不变,以题面/指令开头（是题干不是名字）
CHEMISTRY,化学平衡状态的判断,判断平衡状态：逆向相等、变量不变,以题面/指令开头（是题干不是名字）
CHEMISTRY,化学平衡状态的判断,判断平衡状态：逆向相等与变量不变,以题面/指令开头（是题干不是名字）
CHEMISTRY,化学平衡移动方向和转化率的判断,反应aA(g)+bB(g)cC(g)+dD(,括号不配对（截断残片）
CHEMISTRY,化学平衡移动的分析方法,有机合成的原则与分析方法,被 2 个节点同时 claim（全局互斥）
CHEMISTRY,化学电源的优点与优劣判断,化学电源的优点与优劣判断标准,被 2 个节点同时 claim（全局互斥）
CHEMISTRY,化学键与物质的类别,本质：质子数相同的一类原子；质子,含逗号/句末标点（是句子不是名字）
CHEMISTRY,化学键对物质性质的影响,配合物的形成对物质性质的影响,被 2 个节点同时 claim（全局互斥）
CHEMISTRY,化学键的符号表征-电子式,电子式的书写规则,被 2 个节点同时 claim（全局互斥）
CHEMISTRY,化工流程题的分析模型,流程中控制溶液pH的目的,以虚词结尾（截断残片）
CHEMISTRY,单糖,糖类的概念与分类,被 2 个节点同时 claim（全局互斥）
CHEMISTRY,单质与氧化还原反应的关系,氧化还原反应与四种基本反应类型的关系,被 2 个节点同时 claim（全局互斥）
CHEMISTRY,卤代烃的性质及应用,卤代烃的水解与消去反应,被 3 个节点同时 claim（全局互斥）
CHEMISTRY,卤代烃的水解反应和消去反应,卤代烃的水解与消去反应,被 3 个节点同时 claim（全局互斥）
CHEMISTRY,卤代烃的结构和性质易混易错点,卤代烃的水解与消去反应,被 3 个节点同时 claim（全局互斥）
CHEMISTRY,卤族元素,卤素单质性质的相似性与递变性,被 3 个节点同时 claim（全局互斥）
CHEMISTRY,卤素离子的检验方法,卤代烃中卤素原子的检验方法,被 2 个节点同时 claim（全局互斥）
CHEMISTRY,压强平衡常数的计算,压强平衡常数$K_p$的计算步骤,含 LaTeX 定界符（是公式片段不是名字）
CHEMISTRY,压强平衡常数的计算,多平衡体系中平衡常数的计算,被 2 个节点同时 claim（全局互斥）
CHEMISTRY,原子经济性,绿色化学与原子经济性,被 2 个节点同时 claim（全局互斥）
CHEMISTRY,原子结构,原子的构成与微粒数量关系,被 2 个节点同时 claim（全局互斥）
CHEMISTRY,原子结构与元素周期表的关系,能层、能级与原子轨道,被 4 个节点同时 claim（全局互斥）
CHEMISTRY,原子结构中微粒的关系及计算,原子的构成与微粒数量关系,被 2 个节点同时 claim（全局互斥）
CHEMISTRY,原电池,原电池的构成条件与工作原理,被 2 个节点同时 claim（全局互斥）
CHEMISTRY,原电池,盐桥的组成与作用,被 2 个节点同时 claim（全局互斥）
CHEMISTRY,原电池工作原理易错知识-10-点,原电池装置图的四个失分点,坏名检测：题干/答案标记
CHEMISTRY,原电池的工作原理-以zn-cu原电池为例,原电池的构成条件与工作原理,被 2 个节点同时 claim（全局互斥）
CHEMISTRY,反应热,反应热与焓变,被 3 个节点同时 claim（全局互斥）
CHEMISTRY,反应热,计算反应热的四条途径,以题面/指令开头（是题干不是名字）
CHEMISTRY,反应热-焓变,反应热与焓变,被 3 个节点同时 claim（全局互斥）
CHEMISTRY,反应热-焓变,计算反应热的五种常用方法,以题面/指令开头（是题干不是名字）
CHEMISTRY,反应热大小的比较,反应热大小的比较方法,被 2 个节点同时 claim（全局互斥）
CHEMISTRY,反应热大小的比较规律,反应热大小的比较方法,被 2 个节点同时 claim（全局互斥）
CHEMISTRY,反应热大小的比较规律,金属腐蚀快慢的比较规律,被 2 个节点同时 claim（全局互斥）
CHEMISTRY,可充电电池题目的解答思路,二次电池的解题流程,被 2 个节点同时 claim（全局互斥）
CHEMISTRY,可充电电池题目的解答思路,锂电池与锂离子电池的工作原理,被 2 个节点同时 claim（全局互斥）
CHEMISTRY,可逆反应,可逆反应的概念与特点,被 2 个节点同时 claim（全局互斥）
CHEMISTRY,可逆反应的特点及应用,判断正在进行的可逆反应的方向以及反应是否达到,以题面/指令开头（是题干不是名字）
CHEMISTRY,可逆反应的特点及应用,可逆反应的概念与特点,被 2 个节点同时 claim（全局互斥）
CHEMISTRY,合金,合金的概念与性能,被 2 个节点同时 claim（全局互斥）
CHEMISTRY,合金,新型合金及其应用,被 2 个节点同时 claim（全局互斥）
CHEMISTRY,合金的概念及性能,合金的概念与性能,被 2 个节点同时 claim（全局互斥）
CHEMISTRY,同系物-同分异构体的概念和判断易混易错点,五同概念辨析：同位素、同素异形体、同系物、同分异构体、同种物质,超长（>24 字）
CHEMISTRY,含量-或转化率-时间-温度-压强-图像,“先拐先平，数值大”原则的应用,含逗号/句末标点（是句子不是名字）
CHEMISTRY,含铝物质的制备和转化,Al3+、Al(OH)3、[Al(OH)4]- 的转化关系,超长（>24 字）
CHEMISTRY,含铝物质的制备和转化,铝三角的转化关系,被 2 个节点同时 claim（全局互斥）
CHEMISTRY,吸热反应和放热反应,判断吸放热的三个易错点,以题面/指令开头（是题干不是名字）
CHEMISTRY,命名原则,有机物的命名方法,被 2 个节点同时 claim（全局互斥）
CHEMISTRY,在一定温度下-利用催化剂将nh3分解为n2和h2-相关化学键的键能数据如下,加催化剂同时升高温度　②加催化剂同时增大压强,坏名检测：题干/答案标记
CHEMISTRY,在浓差电池中-为了限定某些离子的移动-常涉及到-离子交换膜,氯碱工业中阳离子交换膜的作用,被 3 个节点同时 claim（全局互斥）
CHEMISTRY,在浓差电池中-为了限定某些离子的移动-常涉及到-离子交换膜,离子交换膜的作用,被 2 个节点同时 claim（全局互斥）
CHEMISTRY,在浓差电池中-为了限定某些离子的移动-常涉及到-离子交换膜,离子交换膜的种类与作用,与同学科另一节点主名相同（歧义）
CHEMISTRY,在浓差电池中-为了限定某些离子的移动-常涉及到-离子交换膜,离子交换膜的类型与功能,被 2 个节点同时 claim（全局互斥）
CHEMISTRY,在饱和溶液中加入少量的溶液产生沉淀-若以ksp表示的溶度积常数-则平衡后溶液中,已知：往溴的苯溶液中加入少量铁屑,以题面/指令开头（是题干不是名字）
CHEMISTRY,基元反应,基元反应、过渡态与反应历程,被 2 个节点同时 claim（全局互斥）
CHEMISTRY,外界条件对化学反应速率的影响规律,共价键极性对有机反应的影响,被 2 个节点同时 claim（全局互斥）
CHEMISTRY,外界条件对化学反应速率的影响规律,惰性气体对反应速率的影响,被 2 个节点同时 claim（全局互斥）
CHEMISTRY,外界条件对化学平衡的影响,K2Cr2O7溶液中滴加NaOH与硫酸的颜色变化实验,超长（>24 字）
CHEMISTRY,外界条件对水的电离平衡的影响,外界条件对电离平衡的影响,被 2 个节点同时 claim（全局互斥）
CHEMISTRY,外界条件对水的电离平衡的影响,抑制与促进水电离的方法,被 2 个节点同时 claim（全局互斥）
CHEMISTRY,外界条件对水的电离平衡的影响,电离平衡的建立与特征,被 2 个节点同时 claim（全局互斥）
CHEMISTRY,多池串联装置类型的判断,多池串联装置的分析方法,被 2 个节点同时 claim（全局互斥）
CHEMISTRY,大π键,CO2,被 2 个节点同时 claim（全局互斥）
CHEMISTRY,大π键,形成条件,被 2 个节点同时 claim（全局互斥）
CHEMISTRY,官能团的保护,酚羟基,被 2 个节点同时 claim（全局互斥）
CHEMISTRY,官能团的转化,官能团的保护与恢复,被 2 个节点同时 claim（全局互斥）
CHEMISTRY,定性探究题的形式与基本环节,定性探究实验的六个基本环节,被 2 个节点同时 claim（全局互斥）
CHEMISTRY,实验中的排空操作,实验前排空的目的,以虚词结尾（截断残片）
CHEMISTRY,实验室用mno2和浓盐酸制取cl2时注意-四点,氯气的实验室制法,被 2 个节点同时 claim（全局互斥）
CHEMISTRY,实验探究乙酸乙酯的制备,乙酸乙酯的制备实验要点,被 2 个节点同时 claim（全局互斥）
CHEMISTRY,实验方案设计,实验操作与条件控制的目的,以虚词结尾（截断残片）
CHEMISTRY,实验方案设计,解答物质制备实验题的思维流程,以题面/指令开头（是题干不是名字）
CHEMISTRY,实验综合题答题模板,判断试剂过量的方法,以题面/指令开头（是题干不是名字）
CHEMISTRY,实验综合题答题模板,物质制备型综合实验的操作顺序与水洗分液的目的,以虚词结尾（截断残片）
CHEMISTRY,对氧化物认识的几个误区,氧化物与化合物分类中的“一定““不一定“,括号不配对（截断残片）
CHEMISTRY,对氧化物认识的几个误区,氧化物分类中的“一定”与“不一定”,被 2 个节点同时 claim（全局互斥）
CHEMISTRY,工业上用某种氧化铝矿石-含fe2o3杂质-为原料冶炼铝的工艺流程如下,工艺流程中加氧化剂将Fe2+转化为Fe3+的目的,以虚词结尾（截断残片）
CHEMISTRY,工业上用某种氧化铝矿石-含fe2o3杂质-为原料冶炼铝的工艺流程如下,工艺流程中原料粉碎研磨的目的,以虚词结尾（截断残片）
CHEMISTRY,工业上用某种氧化铝矿石-含fe2o3杂质-为原料冶炼铝的工艺流程如下,工艺流程中原料预处理的方法及目的,以虚词结尾（截断残片）
CHEMISTRY,工业上用某种氧化铝矿石-含fe2o3杂质-为原料冶炼铝的工艺流程如下,工艺流程中的条件控制及目的,以虚词结尾（截断残片）
CHEMISTRY,工业上用某种氧化铝矿石-含fe2o3杂质-为原料冶炼铝的工艺流程如下,氧化铝的两性,被 2 个节点同时 claim（全局互斥）
CHEMISTRY,工业制法,氯气的工业制法,被 2 个节点同时 claim（全局互斥）
CHEMISTRY,巧抓-四点-突破酸碱中和滴定曲线中的粒子浓度关系,电解质溶液中的电荷守恒,被 2 个节点同时 claim（全局互斥）
CHEMISTRY,已知总方程式-书写电极反应式,按要求书写电极反应式和总反应方程式,坏名检测：题干/答案标记
CHEMISTRY,常温下-铁-铝遇浓硝酸能发生-钝化-并非不反应-故常温下浓硝酸可以用铁桶盛放,常温下,被 2 个节点同时 claim（全局互斥）
CHEMISTRY,常见仪器,滴液漏斗末端插入液面以下的目的,以虚词结尾（截断残片）
CHEMISTRY,常见的氧化剂与还原剂,金属氢化物与硼氢化钠的强还原性,被 3 个节点同时 claim（全局互斥）
CHEMISTRY,常见的物质分类的几个误区,氧化物分类中的“一定”与“不一定”,被 2 个节点同时 claim（全局互斥）
CHEMISTRY,常见金属材料,常见金属材料与新型合金,被 2 个节点同时 claim（全局互斥）
CHEMISTRY,常见阳离子的检验与推断依据,铵盐的性质与铵根离子的检验,被 2 个节点同时 claim（全局互斥）
CHEMISTRY,常见阴离子的检验与推断依据,硫酸根检验的两个易错点,被 2 个节点同时 claim（全局互斥）
CHEMISTRY,常规图像解题分析,恒温线与恒压线图像的定一议二,被 2 个节点同时 claim（全局互斥）
CHEMISTRY,平衡常数的综合计算,化学平衡计算的三点说明,被 2 个节点同时 claim（全局互斥）
CHEMISTRY,平衡常数的综合计算,多平衡体系中平衡常数的计算,被 2 个节点同时 claim（全局互斥）
CHEMISTRY,平衡类问题需考虑的几个方面,化学平衡计算的三点说明,被 2 个节点同时 claim（全局互斥）
CHEMISTRY,应用氧化还原反应的原理实现不同价态含硫物质的转化,不同价态含硫物质的转化规律,被 2 个节点同时 claim（全局互斥）
CHEMISTRY,应用氧化还原反应的原理实现不同价态含硫物质的转化,铁与氧化剂反应的价态规律,被 2 个节点同时 claim（全局互斥）
CHEMISTRY,应用氧化还原反应的原理实现不同价态含硫物质的转化,高炉炼铁的原理,被 2 个节点同时 claim（全局互斥）
CHEMISTRY,弱电解质的电离,强电解质与弱电解质的区分,被 2 个节点同时 claim（全局互斥）
CHEMISTRY,弱电解质的电离平衡,判断弱电解质的三个角度,以题面/指令开头（是题干不是名字）
CHEMISTRY,弱电解质的电离平衡,判断强弱电解质的六种实验设计,以题面/指令开头（是题干不是名字）
CHEMISTRY,强电解质与弱电解质,强电解质与弱电解质的区分,被 2 个节点同时 claim（全局互斥）
CHEMISTRY,影响化学平衡的因素,影响电离平衡的因素,被 2 个节点同时 claim（全局互斥）
CHEMISTRY,忽视物质溶于水时溶液体积的变化,已知：PbSO4不溶于水，但可溶,含逗号/句末标点（是句子不是名字）
CHEMISTRY,忽视物质溶于水时溶液体积的变化,解答此类题目注意三个关键点,以题面/指令开头（是题干不是名字）
CHEMISTRY,恒温线或恒压线图像,恒温线与恒压线图像的定一议二,被 2 个节点同时 claim（全局互斥）
CHEMISTRY,惰性气体对化学反应速率的影响,惰性气体对反应速率的影响,被 2 个节点同时 claim（全局互斥）
CHEMISTRY,手性分子,手性分子与手性碳原子的判断,被 2 个节点同时 claim（全局互斥）
CHEMISTRY,抑制-促进水电离平衡的方法,抑制与促进水电离的方法,被 2 个节点同时 claim（全局互斥）
CHEMISTRY,控制变量法探究影响化学反应速率的因素,甲：在500 ℃时，10 mol,含逗号/句末标点（是句子不是名字）
CHEMISTRY,摩尔质量的计算方法,求气体摩尔质量与相对分子质量的常用方法,以题面/指令开头（是题干不是名字）
CHEMISTRY,摩尔质量的计算方法,求气体摩尔质量与相对分子质量的常用方法（一）,以题面/指令开头（是题干不是名字）
CHEMISTRY,摩尔质量的计算方法,求气体摩尔质量与相对分子质量的常用方法（二）,以题面/指令开头（是题干不是名字）
CHEMISTRY,摩尔质量的计算方法,求气体摩尔质量的常用方法,以题面/指令开头（是题干不是名字）
CHEMISTRY,摩尔质量的计算方法,求算气体摩尔质量的五种常用方法,以题面/指令开头（是题干不是名字）
CHEMISTRY,摩尔质量的计算方法,溶液pH的计算方法,被 2 个节点同时 claim（全局互斥）
CHEMISTRY,摩尔质量的计算方法,计算每步固体剩余的质量m(剩余),以题面/指令开头（是题干不是名字）
CHEMISTRY,斜向变化体现不同价态-不同类别之间物质的转化-主要体现物质的氧化性或还原性,卤素单质性质的相似性与递变性,被 3 个节点同时 claim（全局互斥）
CHEMISTRY,新型化学电源,化学电源的优点与优劣判断标准,被 2 个节点同时 claim（全局互斥）
CHEMISTRY,既能跟稀盐酸反应-又能跟氢氧化钠溶液反应的化合物是,CO：CaCl2溶液和稀盐酸；加,含逗号/句末标点（是句子不是名字）
CHEMISTRY,既能跟稀盐酸反应-又能跟氢氧化钠溶液反应的化合物是,SO：稀盐酸和BaCl2溶液；加,含逗号/句末标点（是句子不是名字）
CHEMISTRY,晶体与非晶体,晶体与非晶体的区别,被 3 个节点同时 claim（全局互斥）
CHEMISTRY,晶体熔-沸点比较的解题思维流程,解题思路点拨,以题面/指令开头（是题干不是名字）
CHEMISTRY,晶体熔-沸点高低的比较方法,先看晶体类型，再比微粒间作用力,含逗号/句末标点（是句子不是名字）
CHEMISTRY,晶胞,判断两种晶胞是否表示同一晶体,以题面/指令开头（是题干不是名字）
CHEMISTRY,有关物质的熔-沸点-解答下列问题,"氢键除影响物质的熔、沸点外,还影响物质的溶解",含逗号/句末标点（是句子不是名字）
CHEMISTRY,有关电离常数计算的两种类型-以弱酸hx为例,则：Ka=。,含逗号/句末标点（是句子不是名字）
CHEMISTRY,有效碰撞理论解释外因对化学反应速率的影响,孤电子对对键角影响的理论解释,被 2 个节点同时 claim（全局互斥）
CHEMISTRY,有机化合物中的共价键,共价键极性对有机反应的影响,被 2 个节点同时 claim（全局互斥）
CHEMISTRY,有机合成,有机合成的原则与分析方法,被 2 个节点同时 claim（全局互斥）
CHEMISTRY,有机合成路线的推断方法,有机推断综合题常以新医药、新材料的合成工艺为,以虚词结尾（截断残片）
CHEMISTRY,有机物的制备实验,解答有机物制备实验题的三个着力点,以题面/指令开头（是题干不是名字）
CHEMISTRY,有机物的结构可用键线式表示-如,结构简式与键线式的书写规范,被 2 个节点同时 claim（全局互斥）
CHEMISTRY,有机物的结构特点,结构简式,被 2 个节点同时 claim（全局互斥）
CHEMISTRY,有机物的结构特点,结构简式与键线式的书写规范,被 2 个节点同时 claim（全局互斥）
CHEMISTRY,本实验中加入试剂的顺序是什么-按照其他顺序加入试剂能否达到同样的目的,固体洗涤试剂的选择与目的,以虚词结尾（截断残片）
CHEMISTRY,本实验中加入试剂的顺序是什么-按照其他顺序加入试剂能否达到同样的目的,性质探究实验中常见操作的目的,以虚词结尾（截断残片）
CHEMISTRY,本实验中加入试剂的顺序是什么-按照其他顺序加入试剂能否达到同样的目的,水浴加热的目的,以虚词结尾（截断残片）
CHEMISTRY,核反应方程的分析,核反应方程的分析思路,与同学科另一节点主名相同（歧义）
CHEMISTRY,核外电子运动状态,能层、能级与原子轨道,被 4 个节点同时 claim（全局互斥）
CHEMISTRY,核素,元素、核素与同位素,被 2 个节点同时 claim（全局互斥）
CHEMISTRY,核酸的结构与性质,核酸的组成与结构,被 2 个节点同时 claim（全局互斥）
CHEMISTRY,气体体积的测定方法,间接测量法,被 2 个节点同时 claim（全局互斥）
CHEMISTRY,气体摩尔体积,气体摩尔体积与“22.4 L·mol⁻¹”的使用规范,超长（>24 字）
CHEMISTRY,气体摩尔体积,气体摩尔体积与阿伏加德罗定律,被 2 个节点同时 claim（全局互斥）
CHEMISTRY,氧化性-还原性强弱的比较,已知I-、Fe2+、SO2、Cl-和H2O2,以题面/指令开头（是题干不是名字）
CHEMISTRY,氧化物的类型,常用试纸的类型与使用方法,被 3 个节点同时 claim（全局互斥）
CHEMISTRY,氧化还原反应,判断氧化还原反应的依据,以题面/指令开头（是题干不是名字）
CHEMISTRY,氧化还原反应,氧化还原反应生成物的判断方法,被 2 个节点同时 claim（全局互斥）
CHEMISTRY,氧化还原反应,解决氧化还原反应概念题的一般思路,以题面/指令开头（是题干不是名字）
CHEMISTRY,氧化还原反应,解答氧化还原反应概念题的三个步骤,以题面/指令开头（是题干不是名字）
CHEMISTRY,氧化还原反应中电子转移的表示方法,氧化还原反应生成物的判断方法,被 2 个节点同时 claim（全局互斥）
CHEMISTRY,氧化还原反应中电子转移的表示方法,电子转移数目的判断要点,被 2 个节点同时 claim（全局互斥）
CHEMISTRY,氧化还原反应方程式的配平方法,判断反应方向的传统方法,以题面/指令开头（是题干不是名字）
CHEMISTRY,氧化还原反应方程式的配平方法,氧化还原方程式的配平步骤,被 2 个节点同时 claim（全局互斥）
CHEMISTRY,氧化还原反应概念的-易错点,氧化还原反应与四种基本反应类型的关系,被 2 个节点同时 claim（全局互斥）
CHEMISTRY,氧化还原反应规律及其应用,价态规律及其应用,与同学科另一节点主名相同（歧义）
CHEMISTRY,氧化钠,氧化钠与过氧化钠的比较,被 2 个节点同时 claim（全局互斥）
CHEMISTRY,氧化铝-氢氧化铝两性的重要应用,AlCl3与NaOH反应的量比规律（氢氧化铝两性）,超长（>24 字）
CHEMISTRY,氧化铝的性质与应用,氧化铝的两性,被 2 个节点同时 claim（全局互斥）
CHEMISTRY,氨基酸的结构与性质,氨基酸的两性与成肽反应,被 2 个节点同时 claim（全局互斥）
CHEMISTRY,氮元素的价类二维图及转化关系,氮元素的“价,括号不配对（截断残片）
CHEMISTRY,氯气,新制氯水的成分与多重性质,被 2 个节点同时 claim（全局互斥）
CHEMISTRY,氯气,氯气与还原性化合物的反应,被 2 个节点同时 claim（全局互斥）
CHEMISTRY,氯水的成分,新制氯水的成分与多重性质,被 2 个节点同时 claim（全局互斥）
CHEMISTRY,水电离出的c水(H＋)与c水(OH－)的计算,水电离出的 c水(H+) 与 c水(OH-) 的计算,超长（>24 字）
CHEMISTRY,水的电离,水的电离与水的离子积,被 2 个节点同时 claim（全局互斥）
CHEMISTRY,水的电离平衡曲线,水的电离平衡曲线的判读,被 2 个节点同时 claim（全局互斥）
CHEMISTRY,水的电离平衡移动的影响因素,影响电离平衡的因素,被 2 个节点同时 claim（全局互斥）
CHEMISTRY,水的电离平衡移动的影响因素,电离度的概念与影响因素,被 2 个节点同时 claim（全局互斥）
CHEMISTRY,水的离子积常数,水的电离与水的离子积,被 2 个节点同时 claim（全局互斥）
CHEMISTRY,水的离子积常数,水的电离平衡曲线的判读,被 2 个节点同时 claim（全局互斥）
CHEMISTRY,沉淀溶解平衡的应用,已知Ksp(AgCl)=1.56×10-10,以题面/指令开头（是题干不是名字）
CHEMISTRY,浓差电池-的分析方法,多池串联装置的分析方法,被 2 个节点同时 claim（全局互斥）
CHEMISTRY,浓度商与化学平衡常数的表达式,化学平衡常数的含义与表达式,被 2 个节点同时 claim（全局互斥）
CHEMISTRY,浓度计算的常用方法,常用试纸的类型与使用方法,被 3 个节点同时 claim（全局互斥）
CHEMISTRY,浓度计算的常用方法,金属防护的常用方法,被 2 个节点同时 claim（全局互斥）
CHEMISTRY,浓硫酸,浓硫酸的三大特性,被 2 个节点同时 claim（全局互斥）
CHEMISTRY,浓硫酸,硫酸的性质与浓硫酸的特性,被 2 个节点同时 claim（全局互斥）
CHEMISTRY,浓硫酸与金属的反应规律,浓硫酸与金属反应的规律,被 2 个节点同时 claim（全局互斥）
CHEMISTRY,浓硫酸与金属的反应规律,铁与非金属单质的反应,被 2 个节点同时 claim（全局互斥）
CHEMISTRY,海水提取溴,海水提溴与海带提碘的流程,被 2 个节点同时 claim（全局互斥）
CHEMISTRY,海水提取镁,海水提镁的工艺流程,被 2 个节点同时 claim（全局互斥）
CHEMISTRY,海水提镁的工艺流程分析,工艺流程中冷却降温的目的,以虚词结尾（截断残片）
CHEMISTRY,海水提镁的工艺流程分析,工艺流程中加热的目的,以虚词结尾（截断残片）
CHEMISTRY,海水提镁的工艺流程分析,工艺流程中水浸的目的,以虚词结尾（截断残片）
CHEMISTRY,海水提镁的工艺流程分析,工艺流程中煅烧灼烧的目的,以虚词结尾（截断残片）
CHEMISTRY,海水提镁的工艺流程分析,工艺流程中趁热过滤的目的,以虚词结尾（截断残片）
CHEMISTRY,海水提镁的工艺流程分析,工艺流程中酸浸的目的,以虚词结尾（截断残片）
CHEMISTRY,海水提镁的工艺流程分析,海水提镁的工艺流程,被 2 个节点同时 claim（全局互斥）
CHEMISTRY,混合溶液酸碱性的判断规律,溶液酸碱性的判断依据,被 2 个节点同时 claim（全局互斥）
CHEMISTRY,混合溶液酸碱性的判断规律,溶液酸碱性的判断方法,被 2 个节点同时 claim（全局互斥）
CHEMISTRY,混合物计算的方法,混合物计算的三种方法,被 2 个节点同时 claim（全局互斥）
CHEMISTRY,溶度积,溶度积常数及其影响因素,被 2 个节点同时 claim（全局互斥）
CHEMISTRY,溶液ph的计算,溶液pH的计算方法,被 2 个节点同时 claim（全局互斥）
CHEMISTRY,溶液的ph,溶液的酸碱性与pH,被 2 个节点同时 claim（全局互斥）
CHEMISTRY,溶液的酸碱性,判断溶液酸碱性时的温度陷阱,以题面/指令开头（是题干不是名字）
CHEMISTRY,溶液的酸碱性,常温下,被 2 个节点同时 claim（全局互斥）
CHEMISTRY,溶液的酸碱性,溶液的酸碱性与pH,被 2 个节点同时 claim（全局互斥）
CHEMISTRY,溶液的酸碱性,溶液酸碱性的判断依据,被 2 个节点同时 claim（全局互斥）
CHEMISTRY,溶液的酸碱性,溶液酸碱性的判断方法,被 2 个节点同时 claim（全局互斥）
CHEMISTRY,溶质为酸的溶液-oh-全部来自水的电离,a点，溶质为CH3COONa、C,含逗号/句末标点（是句子不是名字）
CHEMISTRY,滴定操作,中和滴定的误差分析,被 2 个节点同时 claim（全局互斥）
CHEMISTRY,滴定操作,燃烧：按一定流速通入，一段时间后,含逗号/句末标点（是句子不是名字）
CHEMISTRY,滴定操作,酸碱中和滴定的操作与终点判断,被 2 个节点同时 claim（全局互斥）
CHEMISTRY,漂白粉,漂白液与漂白粉,被 2 个节点同时 claim（全局互斥）
CHEMISTRY,烃类的燃烧规律,烃完全燃烧耗氧量的比较规律,被 2 个节点同时 claim（全局互斥）
CHEMISTRY,热化学方程式,热化学方程式的书写要求,被 2 个节点同时 claim（全局互斥）
CHEMISTRY,热化学方程式书写注意事项,书写热化学方程式的五类错误,坏名检测：题干/答案标记
CHEMISTRY,热化学方程式书写注意事项,热化学方程式的书写要求,被 2 个节点同时 claim（全局互斥）
CHEMISTRY,热化学方程式书写注意事项,热化学方程式的书写规范,被 2 个节点同时 claim（全局互斥）
CHEMISTRY,热重分析确定金属化合物的组成,热重分析法,与同学科另一节点主名相同（歧义）
CHEMISTRY,烯烃,脂肪烃的化学性质,被 2 个节点同时 claim（全局互斥）
CHEMISTRY,烯烃的化学性质,"1,3-丁二烯与溴加成的动力学控制与热力学控制",含逗号/句末标点（是句子不是名字）
CHEMISTRY,焓变,反应热与焓变,被 3 个节点同时 claim（全局互斥）
CHEMISTRY,焰色试验-易错点,钾的火焰颜色要透过蓝色钴玻璃观察　②先将铂丝,坏名检测：题干/答案标记
CHEMISTRY,熟练掌握溶解-过滤-蒸发等操作-认识化学方法在物质分离和提纯中的重要作用,易分，应使被提纯或分离的物质与其,含逗号/句末标点（是句子不是名字）
CHEMISTRY,熟练掌握溶解-过滤-蒸发等操作-认识化学方法在物质分离和提纯中的重要作用,沉淀法,被 2 个节点同时 claim（全局互斥）
CHEMISTRY,燃料电池,解答燃料电池题目的关键点,以题面/指令开头（是题干不是名字）
CHEMISTRY,物理变化与化学变化的两种判断方法,分子极性的判断方法,被 3 个节点同时 claim（全局互斥）
CHEMISTRY,物理变化与化学变化的两种判断方法,判断弱电解质的两种常用方法,以题面/指令开头（是题干不是名字）
CHEMISTRY,物理变化与化学变化的两种判断方法,性质：物理性质不同，化学性质有差,含逗号/句末标点（是句子不是名字）
CHEMISTRY,物理变化与化学变化的两种判断方法,电解池阴、阳极的判断方法,被 2 个节点同时 claim（全局互斥）
CHEMISTRY,物质检验,常用试纸的类型与使用方法,被 3 个节点同时 claim（全局互斥）
CHEMISTRY,物质的化学键,微观：有旧化学键断裂，同时有新化,含逗号/句末标点（是句子不是名字）
CHEMISTRY,物质的溶解与加热,物质的溶解与加热操作,与同学科另一节点主名相同（歧义）
CHEMISTRY,物质的组成,物质的宏观组成与微观构成,被 2 个节点同时 claim（全局互斥）
CHEMISTRY,物质的量,物质的量与阿伏加德罗常数,被 2 个节点同时 claim（全局互斥）
CHEMISTRY,物质的量-阿伏加德罗常数,"单质硫燃烧时,产物只能是SO2,无论O2的量",含逗号/句末标点（是句子不是名字）
CHEMISTRY,物质的量-阿伏加德罗常数,物质的量与阿伏加德罗常数,被 2 个节点同时 claim（全局互斥）
CHEMISTRY,现象描述答题模板,解答该量气装置读数时的答题模板,以题面/指令开头（是题干不是名字）
CHEMISTRY,甲烷作燃料电池的负极反应物时-其电极反应式在不同的介质中有不同的写法,解答燃料电池题目的关键点,以题面/指令开头（是题干不是名字）
CHEMISTRY,电化学综合计算的三种常用方法,混合物计算的三种方法,被 2 个节点同时 claim（全局互斥）
CHEMISTRY,电子式的书写与判断,C、N原子的电子式为,以虚词结尾（截断残片）
CHEMISTRY,电子式的书写与判断,C原子的电子式为,以虚词结尾（截断残片）
CHEMISTRY,电子式的书写与判断,电子式的书写规则,被 2 个节点同时 claim（全局互斥）
CHEMISTRY,电子转移,已知NaBH4与水反应的化学方程式为NaBH,以题面/指令开头（是题干不是名字）
CHEMISTRY,电离平衡,外界条件对电离平衡的影响,被 2 个节点同时 claim（全局互斥）
CHEMISTRY,电离平衡,电离平衡的建立与特征,被 2 个节点同时 claim（全局互斥）
CHEMISTRY,电离度,电离度的概念与影响因素,被 2 个节点同时 claim（全局互斥）
CHEMISTRY,电离方程式的-易错点,电离方程式的书写规则,被 3 个节点同时 claim（全局互斥）
CHEMISTRY,电离能的三个重要应用,判断元素的化合价,以题面/指令开头（是题干不是名字）
CHEMISTRY,电解原理,电镀铜与电解精炼铜的比较,被 2 个节点同时 claim（全局互斥）
CHEMISTRY,电解原理应用的四点注意事项,电解精炼铜,与同学科另一节点主名相同（歧义）
CHEMISTRY,电解原理应用的四点注意事项,电镀　电解精炼铜,坏名检测：题干/答案标记
CHEMISTRY,电解原理应用的四点注意事项,电镀与电解精炼铜,被 2 个节点同时 claim（全局互斥）
CHEMISTRY,电解和电解池,电解与电解池的工作原理,被 2 个节点同时 claim（全局互斥）
CHEMISTRY,电解和电解池,电解与电解池的概念及构成条件,被 2 个节点同时 claim（全局互斥）
CHEMISTRY,电解池工作原理-以电解cucl2溶液为例,电解与电解池的工作原理,被 2 个节点同时 claim（全局互斥）
CHEMISTRY,电解质及其分类,电解质与非电解质,被 2 个节点同时 claim（全局互斥）
CHEMISTRY,电解质溶液的导电原理,电解质溶液的导电原理与影响因素,被 2 个节点同时 claim（全局互斥）
CHEMISTRY,电解质溶液的导电性,电解质溶液中的电荷守恒,被 2 个节点同时 claim（全局互斥）
CHEMISTRY,电解质溶液的导电性,电解质溶液的导电原理与影响因素,被 2 个节点同时 claim（全局互斥）
CHEMISTRY,电解质的电离,电离方程式的书写规则,被 3 个节点同时 claim（全局互斥）
CHEMISTRY,电解饱和食盐水-氯碱工业,氯气的工业制法,被 2 个节点同时 claim（全局互斥）
CHEMISTRY,电解饱和食盐水-氯碱工业,氯碱工业中阳离子交换膜的作用,被 3 个节点同时 claim（全局互斥）
CHEMISTRY,电负性的三个重要应用,已知元素的电负性和元素的化合价一样,以题面/指令开头（是题干不是名字）
CHEMISTRY,盐桥的作用,盐桥的使用条件与电子流向分析,被 2 个节点同时 claim（全局互斥）
CHEMISTRY,盐桥的作用,盐桥的组成与作用,被 2 个节点同时 claim（全局互斥）
CHEMISTRY,盐桥的作用与双液原电池,盐桥的使用条件与电子流向分析,被 2 个节点同时 claim（全局互斥）
CHEMISTRY,盐溶液酸碱性的判断,判断盐溶液酸碱性的四步流程,以题面/指令开头（是题干不是名字）
CHEMISTRY,盐类水解,盐类水解的定义、实质与规律,被 2 个节点同时 claim（全局互斥）
CHEMISTRY,盐类水解的规律及拓展应用,盐类水解的定义、实质与规律,被 2 个节点同时 claim（全局互斥）
CHEMISTRY,盖斯定律,盖斯定律及其应用,被 2 个节点同时 claim（全局互斥）
CHEMISTRY,盖斯定律的应用,盖斯定律及其应用,被 2 个节点同时 claim（全局互斥）
CHEMISTRY,相同ph-相同体积的一元强酸与一元弱酸的比较,空间；填充；模型：①用不同体积,含逗号/句末标点（是句子不是名字）
CHEMISTRY,看-标准状况-下物质是否为-气体,标准状况下非气态物质的判断,被 2 个节点同时 claim（全局互斥）
CHEMISTRY,看-气体-是否处于-标准状况-0-101kpa,标准状况下非气态物质的判断,被 2 个节点同时 claim（全局互斥）
CHEMISTRY,石油的综合利用,裂解：在高温下，使分子具有长链,含逗号/句末标点（是句子不是名字）
CHEMISTRY,石油裂解是一个复杂的过程-其产物为混合物-例如,产物：产物为_混合__物；产物为,含逗号/句末标点（是句子不是名字）
CHEMISTRY,硅的工业制法,硫酸的工业制备流程,被 2 个节点同时 claim（全局互斥）
CHEMISTRY,硅的工业制法,高纯硅的制备流程,被 2 个节点同时 claim（全局互斥）
CHEMISTRY,硅酸和硅酸盐,硅酸钠的性质与用途,被 2 个节点同时 claim（全局互斥）
CHEMISTRY,硅酸盐,硅酸钠的性质与用途,被 2 个节点同时 claim（全局互斥）
CHEMISTRY,硒和碲及其化合物的性质,硒、碲及其化合物的性质,与同学科另一节点主名相同（歧义）
CHEMISTRY,硝酸与金属反应的规律,浓硫酸与金属反应的规律,被 2 个节点同时 claim（全局互斥）
CHEMISTRY,硫,硫单质的性质,被 3 个节点同时 claim（全局互斥）
CHEMISTRY,硫代硫酸钠,硫代硫酸钠的性质,与同学科另一节点主名相同（歧义）
CHEMISTRY,硫单质,硫单质的性质,被 3 个节点同时 claim（全局互斥）
CHEMISTRY,硫及其化合物之间的转化规律,不同价态含硫物质的转化,与同学科另一节点主名相同（歧义）
CHEMISTRY,硫及其化合物之间的转化规律,不同价态含硫物质的转化规律,被 2 个节点同时 claim（全局互斥）
CHEMISTRY,硫酸,硫酸的工业制备流程,被 2 个节点同时 claim（全局互斥）
CHEMISTRY,硫酸,硫酸的性质与浓硫酸的特性,被 2 个节点同时 claim（全局互斥）
CHEMISTRY,碳-硅单质的化学性质-还原性,二氧化硫的化学性质,被 2 个节点同时 claim（全局互斥）
CHEMISTRY,碳-硅单质的化学性质-还原性,硫单质的性质,被 3 个节点同时 claim（全局互斥）
CHEMISTRY,碳酸钠,主要性质,被 2 个节点同时 claim（全局互斥）
CHEMISTRY,碳酸钠,碳酸钠与碳酸氢钠的鉴别方法,被 3 个节点同时 claim（全局互斥）
CHEMISTRY,碳酸钠与碳酸氢钠的相互转化,苯环与侧链的相互影响,被 3 个节点同时 claim（全局互斥）
CHEMISTRY,碳酸钠和碳酸氢钠易错知识点,实验1,被 2 个节点同时 claim（全局互斥）
CHEMISTRY,碳酸钠和碳酸氢钠易错知识点,碳酸钠与碳酸氢钠的鉴别方法,被 3 个节点同时 claim（全局互斥）
CHEMISTRY,离子交换膜,氯碱工业中阳离子交换膜的作用,被 3 个节点同时 claim（全局互斥）
CHEMISTRY,离子交换膜,离子交换膜的作用,被 2 个节点同时 claim（全局互斥）
CHEMISTRY,离子交换膜,离子交换膜的类型与功能,被 2 个节点同时 claim（全局互斥）
CHEMISTRY,离子共存,离子不能大量共存的六类原因,被 2 个节点同时 claim（全局互斥）
CHEMISTRY,离子共存,离子不能大量共存的四种类型,被 2 个节点同时 claim（全局互斥）
CHEMISTRY,离子共存的判断易错点,判断离子共存的六个要点（一色二性三特殊四反应）,以题面/指令开头（是题干不是名字）
CHEMISTRY,离子共存问题解题要点,判断离子能否大量共存的要点,以题面/指令开头（是题干不是名字）
CHEMISTRY,离子共存问题解题要点,离子共存中的三种特殊情况,被 2 个节点同时 claim（全局互斥）
CHEMISTRY,离子推断的基本原则,实验1,被 2 个节点同时 claim（全局互斥）
CHEMISTRY,离子推断的方法与原则,离子推断的四项基本原则,与同学科另一节点主名相同（歧义）
CHEMISTRY,离子方程式,离子方程式的书写步骤与意义,被 2 个节点同时 claim（全局互斥）
CHEMISTRY,离子方程式的正误判断方法,离子方程式正误判断之五看：反应物或产物配比是否正确,超长（>24 字）
CHEMISTRY,离子晶体,存在：离子化合物(离子晶体)；单,含逗号/句末标点（是句子不是名字）
CHEMISTRY,简单有机物同分异构体的书写,书写同分异构体的插入法,坏名检测：题干/答案标记
CHEMISTRY,粗盐水中加入氯化钡溶液使s沉淀而除去-如何检验s是否沉淀完全,判断沉淀完全的方法,以题面/指令开头（是题干不是名字）
CHEMISTRY,糖类,糖类的概念与分类,被 2 个节点同时 claim（全局互斥）
CHEMISTRY,纯碱中碳酸钠含量的测定方法,沉淀法,被 2 个节点同时 claim（全局互斥）
CHEMISTRY,结合-片段型-元素周期表推断短周期主族元素,下表列出了某短周期元素R的各级电离能数据,坏名检测：题干/答案标记
CHEMISTRY,绿色化学,绿色化学与原子经济性,被 2 个节点同时 claim（全局互斥）
CHEMISTRY,羧酸的组成和结构,核酸的组成与结构,被 2 个节点同时 claim（全局互斥）
CHEMISTRY,聚合反应,概念：单体通过 的方式生成；,含逗号/句末标点（是句子不是名字）
CHEMISTRY,胶体,胶体的性质,被 2 个节点同时 claim（全局互斥）
CHEMISTRY,胶体的性质及应用,硫化氢与氢硫酸的性质,被 2 个节点同时 claim（全局互斥）
CHEMISTRY,胶体的性质及应用,胶体的性质,被 2 个节点同时 claim（全局互斥）
CHEMISTRY,能层,能层、能级与原子轨道,被 4 个节点同时 claim（全局互斥）
CHEMISTRY,能源与科学-技术-社会密不可分-下列装置或过程能实现电能转化为化学能的是,电解与电解池的概念及构成条件,被 2 个节点同时 claim（全局互斥）
CHEMISTRY,能级,能层、能级与原子轨道,被 4 个节点同时 claim（全局互斥）
CHEMISTRY,脂肪烃的结构和性质,脂肪烃的化学性质,被 2 个节点同时 claim（全局互斥）
CHEMISTRY,脂肪烃的结构特点及通式,烷烃通式 CnH2n+2 与结构特点（全部单键、链状、饱和）,超长（>24 字）
CHEMISTRY,若上述题目中的-1-4-改成一定温度下的恒压密闭容器-结果又如何,题目要求中常用“可能”“一定”“最多”“最少,括号不配对（截断残片）
CHEMISTRY,苯及其同系物的性质,苯环与侧链的相互影响,被 3 个节点同时 claim（全局互斥）
CHEMISTRY,苯的化学性质,苯的取代与加成反应,被 2 个节点同时 claim（全局互斥）
CHEMISTRY,苯的取代反应实验,苯的取代与加成反应,被 2 个节点同时 claim（全局互斥）
CHEMISTRY,苯的同系物的结构与性质,苯环与侧链的相互影响,被 3 个节点同时 claim（全局互斥）
CHEMISTRY,苯酚的化学性质,意　苯酚有毒,坏名检测：题干/答案标记
CHEMISTRY,菠菜常用作补铁食品之一-为探究其中铁元素的价态-现进行如下实验,"同种元素的含氧酸,中心原子的价态越高,含氧酸",含逗号/句末标点（是句子不是名字）
CHEMISTRY,菠菜常用作补铁食品之一-为探究其中铁元素的价态-现进行如下实验,定性探究实验的六个基本环节,被 2 个节点同时 claim（全局互斥）
CHEMISTRY,蒸馏,意　①温度计的水银球在蒸馏烧瓶的支管口处,坏名检测：题干/答案标记
CHEMISTRY,蒸馏,蒸馏操作及注意事项,被 2 个节点同时 claim（全局互斥）
CHEMISTRY,蛋白质和氨基酸的结构与性质,氨基酸的两性与成肽反应,被 2 个节点同时 claim（全局互斥）
CHEMISTRY,装置气密性检查,装置气密性检查的四种方法,被 2 个节点同时 claim（全局互斥）
CHEMISTRY,解沉淀溶解平衡图像题的三步骤,已知：pM=-lg c(M)(M,以题面/指令开头（是题干不是名字）
CHEMISTRY,解沉淀溶解平衡图像题的三步骤,解沉淀溶解平衡图像题三步骤,以题面/指令开头（是题干不是名字）
CHEMISTRY,解沉淀溶解平衡图像题的三步骤,解沉淀溶解平衡图像题的三步骤,以题面/指令开头（是题干不是名字）
CHEMISTRY,设计制备纯硅的实验题中重要的知识点,解答物质制备综合实验题的一般程序,以题面/指令开头（是题干不是名字）
CHEMISTRY,误将溶液体积看作1l,羧基：(1)使紫色石蕊溶液变红；,含逗号/句末标点（是句子不是名字）
CHEMISTRY,误差分析的方法,中和滴定的误差分析,被 2 个节点同时 claim（全局互斥）
CHEMISTRY,足量的铝分别与等物质的量的hcl和naoh反应,烃完全燃烧耗氧量的比较规律,被 2 个节点同时 claim（全局互斥）
CHEMISTRY,足量的铝分别与等物质的量的hcl和naoh反应,足量铝与等物质的量盐酸、氢氧化钠溶液反应的比例关系,超长（>24 字）
CHEMISTRY,过氧化氢,过氧化氢的结构与性质,被 2 个节点同时 claim（全局互斥）
CHEMISTRY,过氧化氢的性质,过氧化氢的结构与性质,被 2 个节点同时 claim（全局互斥）
CHEMISTRY,过氧化钠,W()是一种姜黄素类似物,坏名检测：公式被剥离
CHEMISTRY,过氧化钠,已知二氯烯丹是一种播前除草剂,以题面/指令开头（是题干不是名字）
CHEMISTRY,过氧化钠,浓硫酸的三大特性,被 2 个节点同时 claim（全局互斥）
CHEMISTRY,过氧化钠,漂白液与漂白粉,被 2 个节点同时 claim（全局互斥）
CHEMISTRY,过氧化钠,过氧化钠的性质与用途,被 2 个节点同时 claim（全局互斥）
CHEMISTRY,过氧化钠,过氧化钠的氧化性与还原性,被 2 个节点同时 claim（全局互斥）
CHEMISTRY,过氧化钠的性质与探究,三氧化硫的性质,被 2 个节点同时 claim（全局互斥）
CHEMISTRY,过氧化钠的性质与探究,氧化钠与过氧化钠的比较,被 2 个节点同时 claim（全局互斥）
CHEMISTRY,还原剂,金属氢化物与硼氢化钠的强还原性,被 3 个节点同时 claim（全局互斥）
CHEMISTRY,连续型离子方程式的书写-分类分析法,电离方程式的书写规则,被 3 个节点同时 claim（全局互斥）
CHEMISTRY,连续型离子方程式的书写-分类分析法,离子方程式的书写步骤与意义,被 2 个节点同时 claim（全局互斥）
CHEMISTRY,配位化合物,铜氨配合物溶液的碱性来源与遇酸行为,以虚词结尾（截断残片）
CHEMISTRY,配位键,配位键属于 σ 键，计数时必须计入,含逗号/句末标点（是句子不是名字）
CHEMISTRY,配位键和配合物,形成条件,被 2 个节点同时 claim（全局互斥）
CHEMISTRY,配合物,配合物的形成对物质性质的影响,被 2 个节点同时 claim（全局互斥）
CHEMISTRY,配平步骤,氧化还原方程式的配平步骤,被 2 个节点同时 claim（全局互斥）
CHEMISTRY,配平氧化还原反应方程式的三个-基本原则,陌生氧化还原方程式的书写程序,被 2 个节点同时 claim（全局互斥）
CHEMISTRY,酚的结构和性质,酚羟基,被 2 个节点同时 claim（全局互斥）
CHEMISTRY,酯化反应实验探究,乙酸乙酯的制备实验要点,被 2 个节点同时 claim（全局互斥）
CHEMISTRY,酯和油脂的结构和性质,特别提醒　酚酯在碱性条件下水解,坏名检测：题干/答案标记
CHEMISTRY,酸碱中和滴定,中和滴定指示剂的选择,被 2 个节点同时 claim（全局互斥）
CHEMISTRY,酸碱中和滴定,滴定半中和点：c(HA)=c(A-)时pH=pKa,超长（>24 字）
CHEMISTRY,酸碱中和滴定,酸碱中和滴定的原理与操作,被 2 个节点同时 claim（全局互斥）
CHEMISTRY,酸碱中和滴定的关键,中和滴定指示剂的选择,被 2 个节点同时 claim（全局互斥）
CHEMISTRY,酸碱中和滴定的关键,酸碱中和滴定的原理与操作,被 2 个节点同时 claim（全局互斥）
CHEMISTRY,酸碱中和滴定的关键,酸碱中和滴定的操作与终点判断,被 2 个节点同时 claim（全局互斥）
CHEMISTRY,量气分析法,间接测量法,被 2 个节点同时 claim（全局互斥）
CHEMISTRY,金属与硝酸反应计算的四种方法,装置气密性检查的四种方法,被 2 个节点同时 claim（全局互斥）
CHEMISTRY,金属导电和电解质溶液导电的对比,条件：较浓的轻金属盐或铵盐溶液，,含逗号/句末标点（是句子不是名字）
CHEMISTRY,金属材料,常见金属材料与新型合金,被 2 个节点同时 claim（全局互斥）
CHEMISTRY,金属电化学腐蚀规律,金属腐蚀快慢的比较规律,被 2 个节点同时 claim（全局互斥）
CHEMISTRY,金属的冶炼-金属矿物的开发利用,铜的冶炼方法,被 2 个节点同时 claim（全局互斥）
CHEMISTRY,金属的腐蚀,金属腐蚀的本质、类型与快慢规律,被 2 个节点同时 claim（全局互斥）
CHEMISTRY,金属的腐蚀,金属腐蚀的本质与类型,被 2 个节点同时 claim（全局互斥）
CHEMISTRY,金属的腐蚀,钢铁的析氢腐蚀与吸氧腐蚀,被 2 个节点同时 claim（全局互斥）
CHEMISTRY,金属的防护,金属防护的常用方法,被 2 个节点同时 claim（全局互斥）
CHEMISTRY,金属腐蚀的类型,金属腐蚀的本质、类型与快慢规律,被 2 个节点同时 claim（全局互斥）
CHEMISTRY,金属腐蚀的类型,金属腐蚀的本质与类型,被 2 个节点同时 claim（全局互斥）
CHEMISTRY,钠,钠的物理性质,被 2 个节点同时 claim（全局互斥）
CHEMISTRY,钠与水及酸-碱-盐溶液的反应,钠与酸、盐溶液反应的先后顺序,被 2 个节点同时 claim（全局互斥）
CHEMISTRY,钠和钠的氧化物易错知识点,钠与酸、盐溶液反应的先后顺序,被 2 个节点同时 claim（全局互斥）
CHEMISTRY,铁与水蒸气反应的注意事项,蒸馏操作及注意事项,被 2 个节点同时 claim（全局互斥）
CHEMISTRY,铁的制备和性质,高炉炼铁的原理,被 2 个节点同时 claim（全局互斥）
CHEMISTRY,铁的化学性质,铁与非金属单质的反应,被 2 个节点同时 claim（全局互斥）
CHEMISTRY,铁的氢氧化物,铁的氢氧化物的性质与转化,被 2 个节点同时 claim（全局互斥）
CHEMISTRY,铁的氧化物,确定铁的氧化物组成的基本方法,被 2 个节点同时 claim（全局互斥）
CHEMISTRY,铁的氧化物,若a:b=3:4，则铁的氧化物是,含逗号/句末标点（是句子不是名字）
CHEMISTRY,铁的氧化物组成的确定,确定铁的氧化物组成的基本方法,被 2 个节点同时 claim（全局互斥）
CHEMISTRY,铁的物理性质,甲烷的物理性质：无色无味气体，极难溶于水，密度比空气小,超长（>24 字）
CHEMISTRY,铁的物理性质,钠的物理性质,被 2 个节点同时 claim（全局互斥）
CHEMISTRY,铜及其化合物的性质,铜及其化合物的应用,被 2 个节点同时 claim（全局互斥）
CHEMISTRY,铜的冶炼,铜的冶炼方法,被 2 个节点同时 claim（全局互斥）
CHEMISTRY,铜盐,铜及其化合物的应用,被 2 个节点同时 claim（全局互斥）
CHEMISTRY,铝及其化合物之间的性质与应用,铝三角的转化关系,被 2 个节点同时 claim（全局互斥）
CHEMISTRY,铝及其化合物之间的性质与应用,铝三角：Al³⁺、Al(OH)₃、[Al(OH)₄]⁻ 的相互转化,超长（>24 字）
CHEMISTRY,铵盐,铵盐的性质与铵根离子的检验,被 2 个节点同时 claim（全局互斥）
CHEMISTRY,锂电池与锂离子电池,锂电池与锂离子电池的工作原理,被 2 个节点同时 claim（全局互斥）
CHEMISTRY,键参数,键参数及其对分子性质的影响,被 2 个节点同时 claim（全局互斥）
CHEMISTRY,键参数及其应用,键参数及其对分子性质的影响,被 2 个节点同时 claim（全局互斥）
CHEMISTRY,键的极性与羧酸酸性,键的极性对羧酸酸性的影响,与同学科另一节点主名相同（歧义）
CHEMISTRY,键的极性和分子的极性,分子极性的判断方法,被 3 个节点同时 claim（全局互斥）
CHEMISTRY,键的极性和分子的极性,键的极性与分子极性的关系,被 2 个节点同时 claim（全局互斥）
CHEMISTRY,键的极性对化学性质的影响,键的极性对羧酸酸性的影响,与同学科另一节点主名相同（歧义）
CHEMISTRY,键角大小的比较,孤电子对对键角影响的理论解释,被 2 个节点同时 claim（全局互斥）
CHEMISTRY,镁的化学性质,镁的化学性质与重要化合物,被 2 个节点同时 claim（全局互斥）
CHEMISTRY,镁的重要化合物,铜的重要化合物及其应用,被 2 个节点同时 claim（全局互斥）
CHEMISTRY,镁的重要化合物,镁的化学性质与重要化合物,被 2 个节点同时 claim（全局互斥）
CHEMISTRY,阿伏伽德罗常及其应用-七大误区,新型合金及其应用,被 2 个节点同时 claim（全局互斥）
CHEMISTRY,阿伏加德罗定律及其推论,气体摩尔体积与阿伏加德罗定律,被 2 个节点同时 claim（全局互斥）
CHEMISTRY,阿伏加德罗常数,中心原子杂化类型的判断方法,被 2 个节点同时 claim（全局互斥）
CHEMISTRY,阿伏加德罗常数-10大-陷阱,电子转移数目的判断要点,被 2 个节点同时 claim（全局互斥）
CHEMISTRY,陌生化学方程式书写的思路,陌生氧化还原方程式的书写程序,被 2 个节点同时 claim（全局互斥）
CHEMISTRY,陌生情景下化学方程式书写技巧,某催化转化过程如图所示,坏名检测：题干/答案标记
CHEMISTRY,限定条件下同分异构体的书写步骤,含有酯基　②含有苯环　③核磁共振氢谱有两组峰,坏名检测：题干/答案标记
CHEMISTRY,非电解质,电解质与非电解质,被 2 个节点同时 claim（全局互斥）
MATH,1的代换,“1”的代换,被 2 个节点同时 claim（全局互斥）
MATH,一元二次不等式,解二次不等式讨论 a=0,以题面/指令开头（是题干不是名字）
MATH,三余弦定理,三余弦定理（最小角定理）,被 2 个节点同时 claim（全局互斥）
MATH,三余弦定理,最小角定理：cos θ₁ = cos θ · cos θ₂,超长（>24 字）
MATH,三点共线和空间四点共面的方法比较,三点共线的向量表示,被 2 个节点同时 claim（全局互斥）
MATH,三角函数中 ω 的求解,求 $\omega$ 的五条途径,以题面/指令开头（是题干不是名字）
MATH,三角函数中ω的取值范围问题,求ω范围的题型总览与周期型,以题面/指令开头（是题干不是名字）
MATH,三角函数值的符号规律,三角函数值在各象限的符号规律,被 2 个节点同时 claim（全局互斥）
MATH,三角函数和差积的互化,$\sin\alpha\pm\cos\alpha$ 与 $\sin\alpha\cos\alpha$ 的互推关系,超长（>24 字）
MATH,三角函数放缩不等式,$\sin x$ 在 $\left(0;1\right)$ 上的双边估计 $x-x^2<\sin x<x$,超长（>24 字）
MATH,三角函数放缩不等式,三角放缩 sin x ≤ x（x≥0）与 sin x ≥ x（x≤0）,超长（>24 字）
MATH,三角函数放缩不等式,用 $\sin x\le x$ 放缩证明三角不等式,超长（>24 字）
MATH,三角函数的值域与最值,存在性转最值（单函数）：$f(x)>0$ 能成立 $\Leftrightarrow f(x)_{\max}>0$；$f(x)<0$ 能成立 $\Leftrightarrow f(x)_{\min}<0$,超长（>24 字）
MATH,三角函数的值域与最值,恒成立转最值（单函数）：$f(x)>0$ 恒成立 $\Leftrightarrow f(x)_{\min}>0$；$f(x)<0$ 恒成立 $\Leftrightarrow f(x)_{\max}<0$,超长（>24 字）
MATH,三角函数的值域与最值,求三角函数值域的常见类型,以题面/指令开头（是题干不是名字）
MATH,三角函数的值域与最值,求三角函数最值的四种函数形式,以题面/指令开头（是题干不是名字）
MATH,三角函数的图象与性质,三角性质问题先化为 y=Asin(ωx+φ) 标准形式,超长（>24 字）
MATH,三角函数的图象与性质,余弦函数的图象与性质,被 2 个节点同时 claim（全局互斥）
MATH,三角函数的图象与性质,周期函数与最小正周期,被 3 个节点同时 claim（全局互斥）
MATH,三角函数的图象与性质,拓展判定：$f(a\pm x)$ 为偶函数 $\Rightarrow$ $f(x)$ 的图象关于直线 $x=a$ 对称,超长（>24 字）
MATH,三角函数的图象与性质,求三角函数单调区间的方法,以题面/指令开头（是题干不是名字）
MATH,三角函数的图象与性质,求三角函数单调区间的注意事项,以题面/指令开头（是题干不是名字）
MATH,三角函数的图象与性质,求三角函数周期的三种方法,以题面/指令开头（是题干不是名字）
MATH,三角函数的图象与性质,求单调区间时忽略 ω 的正负,以题面/指令开头（是题干不是名字）
MATH,三角函数的图象与性质,求解 ω 范围问题的五种意识,以题面/指令开头（是题干不是名字）
MATH,三角函数的图象与性质,零点三等价：函数有零点 $\Leftrightarrow$ 方程 $f(x)=0$ 有实数根 $\Leftrightarrow$ 图象与 $x$ 轴有交点,超长（>24 字）
MATH,三角函数的定义,三角函数值在各象限的符号规律,被 2 个节点同时 claim（全局互斥）
MATH,三角函数的定义,解三角形中的角化函数求范围,以题面/指令开头（是题干不是名字）
MATH,三角函数零点问题的解法,求三角函数零点的三种方法,以题面/指令开头（是题干不是名字）
MATH,三角形解的个数判断,$\sin A=\frac12$ 不一定能得到 $A=\frac\pi6$,超长（>24 字）
MATH,三角形解的个数的讨论,已知两边及其中一边的对角时解的个数,以题面/指令开头（是题干不是名字）
MATH,三角形面积公式,判断三角形形状的两种思路,以题面/指令开头（是题干不是名字）
MATH,三角形面积公式,奔驰定理与三角形四心的向量式,被 2 个节点同时 claim（全局互斥）
MATH,三角形面积公式,解三角形中面积与周长的最值范围,以题面/指令开头（是题干不是名字）
MATH,三角恒等变换,和差化积与积化和差,被 2 个节点同时 claim（全局互斥）
MATH,不等式恒成立,判断不等式是否恒成立的三条思路,以题面/指令开头（是题干不是名字）
MATH,不等式恒成立,端点效应四类型：$f(x)\ge 0$ 恒成立且 $f(m)=0$ 则 $f'(m)\ge 0$（其余三型对应）,超长（>24 字）
MATH,不等式恒成立与能成立问题,恒成立问题分类讨论法：不宜参变分离时按参数分类研究函数性质,超长（>24 字）
MATH,不等式的基本性质,判断不等式命题正误的方法,以题面/指令开头（是题干不是名字）
MATH,不等式的基本性质,同构转化的基本恒等式：$x=\mathrm{e}^{\ln x}=a^{\log_a x}$,超长（>24 字）
MATH,两圆的位置关系,两圆公共弦的方程与弦长,被 2 个节点同时 claim（全局互斥）
MATH,两圆的位置关系,求两圆公切线方程的一般方法,以题面/指令开头（是题干不是名字）
MATH,两圆的公共弦,两圆公共弦的方程与弦长,被 2 个节点同时 claim（全局互斥）
MATH,两曲线的公切线问题,公切线问题四步法：设两切点→求斜率→写切线方程→联立消元,超长（>24 字）
MATH,两曲线的公切线问题,已知参数范围求截距的最小值（再用导数求最值）,以题面/指令开头（是题干不是名字）
MATH,两曲线的公切线问题,求两曲线的公切线,以题面/指令开头（是题干不是名字）
MATH,两条直线的位置关系,判断两直线位置关系的注意点,以题面/指令开头（是题干不是名字）
MATH,两条直线的位置关系,判断两直线垂直的特殊情形,以题面/指令开头（是题干不是名字）
MATH,两条直线的位置关系,判断位置关系与用距离公式的注意点,以题面/指令开头（是题干不是名字）
MATH,两条直线的位置关系,斜率之积为 $-1$ 的“反之不成立”,含 LaTeX 定界符（是公式片段不是名字）
MATH,两角和与差的公式,$15°$、$75°$ 型特殊角的凑配值,含 LaTeX 定界符（是公式片段不是名字）
MATH,二次函数在闭区间上的最值问题,闭区间上函数最值的求法,被 2 个节点同时 claim（全局互斥）
MATH,二次函数的解析式与图象性质,求二次函数解析式的形式选择,以题面/指令开头（是题干不是名字）
MATH,二次函数解析式的三种形式,求二次函数解析式的策略,以题面/指令开头（是题干不是名字）
MATH,二面角的求法,"二面角的范围 [0, π]",含逗号/句末标点（是句子不是名字）
MATH,二面角的求法,求二面角或平面与平面夹角的三种方法,以题面/指令开头（是题干不是名字）
MATH,二面角的求法,求平面与平面夹角的三种方法（向量法、定义法、射影面积法）,超长（>24 字）
MATH,二项分布,$n$ 重伯努利试验与二项分布,含 LaTeX 定界符（是公式片段不是名字）
MATH,二项式定理,$(a+b)^n$ 与 $(b+a)^n$ 的展开式差异,超长（>24 字）
MATH,二项式定理,各二项式系数的和,以虚词结尾（截断残片）
MATH,二项式定理,求三项式展开式特定项的三种方法,以题面/指令开头（是题干不是名字）
MATH,二项式定理,求展开式系数和：令未知数为 1,以题面/指令开头（是题干不是名字）
MATH,二项式定理,赋值法求展开式各项系数和,以虚词结尾（截断残片）
MATH,二项式定理,赋值法求展开式系数和,以虚词结尾（截断残片）
MATH,二项式定理,赋值法求部分项系数和,以虚词结尾（截断残片）
MATH,二项式系数和,二项式系数和,以虚词结尾（截断残片）
MATH,交集与并集,求集合交集的常用方法与步骤,以题面/指令开头（是题干不是名字）
MATH,交集与并集,解决集合运算问题的注意点,以题面/指令开头（是题干不是名字）
MATH,估值法-1-估算要比较大小的两个值所在的大致区间,奇偶项系数和：令变量为 1 与 −1 后求和、作差,超长（>24 字）
MATH,余弦函数,余弦函数的图象与性质,被 2 个节点同时 claim（全局互斥）
MATH,余弦定理,三余弦定理（最小角定理）,被 2 个节点同时 claim（全局互斥）
MATH,作差法,比较大小的作差法与作商法,被 2 个节点同时 claim（全局互斥）
MATH,作差法-作商法,比较大小的作差法与作商法,被 2 个节点同时 claim（全局互斥）
MATH,倒序相加法,倒序相加求和,以虚词结尾（截断残片）
MATH,倒序相加法,倒序相加求组合数型和,以虚词结尾（截断残片）
MATH,倒序相加法,倒序相加法求和,以虚词结尾（截断残片）
MATH,倒序相加法,倒序相加法求数列前n项和,以虚词结尾（截断残片）
MATH,元素与集合的关系,$\in$、$\subseteq$ 与 $\subset$ 的层次区分,超长（>24 字）
MATH,元素与集合的关系,元素与集合的关系及集合的表示法,被 2 个节点同时 claim（全局互斥）
MATH,元素与集合的关系,元素与集合的属于关系,被 2 个节点同时 claim（全局互斥）
MATH,元素与集合的关系,判断元素与集合关系的两种方法,以题面/指令开头（是题干不是名字）
MATH,充分性与必要性位置颠倒理解错误致错,必要性探路的本质与适用场景,被 2 个节点同时 claim（全局互斥）
MATH,充分条件与必要条件的判断,充分条件、必要条件与集合关系,被 2 个节点同时 claim（全局互斥）
MATH,充分条件与必要条件的判断,判断充分必要条件的三种方法,以题面/指令开头（是题干不是名字）
MATH,充分条件与必要条件的判断,判断充分条件、必要条件的方法,以题面/指令开头（是题干不是名字）
MATH,充要条件,充分条件、必要条件与集合关系,被 2 个节点同时 claim（全局互斥）
MATH,全称量词与全称量词命题,全称量词与存在量词,被 2 个节点同时 claim（全局互斥）
MATH,全称量词命题与存在量词命题的真假判断,量词命题真假的判断方法,被 2 个节点同时 claim（全局互斥）
MATH,公式法,公式法求和,以虚词结尾（截断残片）
MATH,关于点对称,"点对称判定：$f(a+x)+f(b-x)=2c\Leftrightarrow$ 图象关于点 $\left(\dfrac{a+b}{2},c\right)$ 对称",超长（>24 字）
MATH,关于点对称,用对称中心求两图象交点横坐标之和,以虚词结尾（截断残片）
MATH,关于线对称,"一轴一中心求周期：图象关于 $x=a$ 与点 $(b,0)\ (a\neq b)$ 对称 $\Rightarrow 4|a-b|$ 为一个周期",超长（>24 字）
MATH,关于线对称,双轴对称求周期：图象关于 $x=a$ 与 $x=b\ (a\neq b)$ 对称 $\Rightarrow 2|a-b|$ 为一个周期,超长（>24 字）
MATH,关于线对称,轴对称判定：$f(a+x)=f(b-x)\Leftrightarrow$ 图象关于直线 $x=\dfrac{a+b}{2}$ 对称,超长（>24 字）
MATH,内切球与球的相切问题,内切球模型表：正方体、圆柱、正三棱柱、正棱锥、三棱锥,超长（>24 字）
MATH,几何体展开图最短距离问题,求圆的切线方程——几何法（圆心到切线距离等于半径）,超长（>24 字）
MATH,几何体展开图最短距离问题,空间线段和最小值：展开化折为直，两点之间线段最短,含逗号/句末标点（是句子不是名字）
MATH,函数y-asin-ωx-φ-的图象,y=sinx 到 y=Asin(ωx+φ) 的两种变换途径,超长（>24 字）
MATH,函数y-asin-ωx-φ-的图象,y=sinx 到 y=Asin(ωx+φ) 的图象变换,超长（>24 字）
MATH,函数y-asin-ωx-φ-的图象,求 ω 的通法,以题面/指令开头（是题干不是名字）
MATH,函数y-asin-ωx-φ-的图象,求 ω 范围的五种解题意识,以题面/指令开头（是题干不是名字）
MATH,函数y-asin-ωx-φ-的图象,求y=Asin(ωx+φ)在给定区间上的值域,以题面/指令开头（是题干不是名字）
MATH,函数y-asin-ωx-φ-的图象,求y=Asin(ωx+φ)的单调区间,以题面/指令开头（是题干不是名字）
MATH,函数y-asin-ωx-φ-的图象,由 y=sinx 到 y=Asin(ωx+φ) 的两条途径,超长（>24 字）
MATH,函数y-asin-ωx-φ-的图象,由y=sinx到y=Asin(ωx+φ)的两条变换路径,超长（>24 字）
MATH,函数y-f-x-在x-x0处的导数定义,二阶导数与凹凸函数：$f''(x)>0$ 为凹函数，$f''(x)<0$ 为凸函数,超长（>24 字）
MATH,函数y-f-x-在x-x0处的导数定义,周期判定基础式：$f(x)=f(x+a)\ (a>0)\Rightarrow T=a$,超长（>24 字）
MATH,函数y-f-x-在x-x0处的导数定义,奇函数在原点处有定义则 $f(0)=0$,含 LaTeX 定界符（是公式片段不是名字）
MATH,函数y-f-x-在x-x0处的导数定义,逆向构造：$f'(x)\pm g'(x)>0$ 时构造 $h(x)=f(x)\pm g(x)$,超长（>24 字）
MATH,函数值域的求法,求函数值域与最值的常用方法,以题面/指令开头（是题干不是名字）
MATH,函数值域的求法,求函数值域的一般方法,以题面/指令开头（是题干不是名字）
MATH,函数值域的求法,求函数值域的三种方法（分离常数、判别式、导数）,以题面/指令开头（是题干不是名字）
MATH,函数值域的求法,求函数值域的四种方法（单调性、图象、配方、换元）,以题面/指令开头（是题干不是名字）
MATH,函数单调性的性质,函数单调性的定义,被 2 个节点同时 claim（全局互斥）
MATH,函数单调性的性质,判断函数单调性的定义法与性质法,以题面/指令开头（是题干不是名字）
MATH,函数单调性的性质,奇偶函数在对称区间上的单调性,被 2 个节点同时 claim（全局互斥）
MATH,函数图象与实际变化过程的匹配判断,判断函数图象与实际过程吻合,以题面/指令开头（是题干不是名字）
MATH,函数奇偶性的几个重要结论,三角函数奇偶性的 $\varphi$ 条件清单,含 LaTeX 定界符（是公式片段不是名字）
MATH,函数奇偶性的几个重要结论,复合函数奇偶性：内层函数为偶函数则复合函数为偶函数,超长（>24 字）
MATH,函数奇偶性的几个重要结论,奇偶性与单调性的关系,被 2 个节点同时 claim（全局互斥）
MATH,函数定义域的常见类型,求具体函数定义域的四类限制,以题面/指令开头（是题干不是名字）
MATH,函数定义域的常见类型,求具体函数定义域的基本原则,以题面/指令开头（是题干不是名字）
MATH,函数定义域的常见类型,求具体函数定义域的规则,以题面/指令开头（是题干不是名字）
MATH,函数定义域的常见类型,求函数定义域的三类限制,以题面/指令开头（是题干不是名字）
MATH,函数定义域的常见类型,求函数定义域的依据,以题面/指令开头（是题干不是名字）
MATH,函数定义域的常见类型,求定义域的四类常见限制,以题面/指令开头（是题干不是名字）
MATH,函数极值与最值的关系,三次函数四等分性：对称中心横坐标与两极值点等距，$f(x_4)=f(x_1)$，$f(x_3)=f(x_2)$,超长（>24 字）
MATH,函数极值与最值的关系,三次函数极值由判别式 $\Delta=4(b^2-3ac)$ 决定：$\Delta>0$ 两个极值点，$\Delta\le 0$ 无极值点,超长（>24 字）
MATH,函数极值与最值的关系,闭区间上函数最值的求法,被 2 个节点同时 claim（全局互斥）
MATH,函数模型与增长速度的比较,三类函数增长速度比较：直线上升、指数增长、对数增长,超长（>24 字）
MATH,函数模型与增长速度的比较,三类函数模型的增长差异,被 2 个节点同时 claim（全局互斥）
MATH,函数的三要素,求集合中元素个数的三步法,以题面/指令开头（是题干不是名字）
MATH,函数的值域,求函数值域的常用方法,以题面/指令开头（是题干不是名字）
MATH,函数的单调区间,单调区间的书写规范,被 2 个节点同时 claim（全局互斥）
MATH,函数的单调性,三次函数 $\Delta\le 0$ 时无极值：$a>0$ 在 $\mathbb{R}$ 上单调递增，$a<0$ 单调递减,超长（>24 字）
MATH,函数的单调性,判断单调性的图像法复合函数法与导数法,以题面/指令开头（是题干不是名字）
MATH,函数的周期性,$y=A\sin(\omega x+arphi)+k$ 中参数的意义,超长（>24 字）
MATH,函数的周期性,分式变换周期式：$f(x+a)=\dfrac{1-f(x)}{1+f(x)}\ (f(x)\neq -1)\Rightarrow T=2a$,超长（>24 字）
MATH,函数的周期性,周期函数与最小正周期,被 3 个节点同时 claim（全局互斥）
MATH,函数的周期性,周期函数的定义与最小正周期,被 2 个节点同时 claim（全局互斥）
MATH,函数的周期性,平移等值式：$f(a+x)=f(b+x)\ (a\neq b)\Rightarrow T=|b-a|$,超长（>24 字）
MATH,函数的周期性,由 $f(x+a)=f(x-a)$ 型条件读周期,含 LaTeX 定界符（是公式片段不是名字）
MATH,函数的奇偶性,任意函数分解为偶函数与奇函数之和,以虚词结尾（截断残片）
MATH,函数的奇偶性,判断函数奇偶性的四种方法,以题面/指令开头（是题干不是名字）
MATH,函数的奇偶性,判断函数奇偶性的常用方法,以题面/指令开头（是题干不是名字）
MATH,函数的奇偶性,复合函数的奇偶性法则“内偶则偶，两奇为奇”,含逗号/句末标点（是句子不是名字）
MATH,函数的奇偶性,奇偶函数运算性质：奇±奇=奇，偶±偶=偶，奇×奇=偶，偶×偶=偶，奇×偶=奇,超长（>24 字）
MATH,函数的奇偶性,奇偶性性质法求参：拆出含参部分，由不含参部分的奇偶性定参数,超长（>24 字）
MATH,函数的奇偶性-周期性-对称性关系,"双中心对称求周期：图象关于 $(a,0)$ 与 $(b,0)\ (a\neq b)$ 对称 $\Rightarrow 2|a-b|$ 为一个周期",超长（>24 字）
MATH,函数的奇偶性-周期性-对称性关系,对称性与周期性的关系,被 2 个节点同时 claim（全局互斥）
MATH,函数的奇偶性-周期性-对称性关系,抽象函数赋值法之变量代换：将一个变量赋为另一变量的表达式以求周期性、奇偶性,超长（>24 字）
MATH,函数的奇偶性-周期性-对称性关系,正弦、余弦、正切函数的性质,被 2 个节点同时 claim（全局互斥）
MATH,函数的奇偶性-周期性-对称性关系,由奇偶性与对称性反求 $arphi$、$\omega$ 的条件,超长（>24 字）
MATH,函数的定义域,分段函数的定义域与值域,被 2 个节点同时 claim（全局互斥）
MATH,函数的定义域,向量的定义与模,被 2 个节点同时 claim（全局互斥）
MATH,函数的定义域,正弦、余弦、正切函数的性质,被 2 个节点同时 claim（全局互斥）
MATH,函数的定义域,求定义域与解析式的四个易错点,以题面/指令开头（是题干不是名字）
MATH,函数的定义域,求解析式时别丢掉定义域,以题面/指令开头（是题干不是名字）
MATH,函数的对应关系,函数的概念与三要素,被 3 个节点同时 claim（全局互斥）
MATH,函数的对称性,利用对称性求所有零点之和,以虚词结尾（截断残片）
MATH,函数的对称性,利用对称性求零点之和,以虚词结尾（截断残片）
MATH,函数的对称性,对称性与周期性的关系,被 2 个节点同时 claim（全局互斥）
MATH,函数的对称性,"拓展判定：$f(a\pm x)$ 为奇函数 $\Rightarrow$ $f(x)$ 的图象关于点 $(a,0)$ 对称",超长（>24 字）
MATH,函数的对称性,求使复合函数图象关于直线 x=b 对称的参数值,以题面/指令开头（是题干不是名字）
MATH,函数的对称性,证明曲线是中心对称图形（f(2m-x)+f(x)=2n）,超长（>24 字）
MATH,函数的最值,求函数最值的三种基本方法,以题面/指令开头（是题干不是名字）
MATH,函数的极值,三次函数 $\Delta>0$ 且 $f(x_1)f(x_2)<0$：有三个零点且被两极值点隔开,超长（>24 字）
MATH,函数的极值,三次函数 $\Delta>0$ 且 $f(x_1)f(x_2)>0$：只有一个零点,超长（>24 字）
MATH,函数的概念,函数的概念与三要素,被 3 个节点同时 claim（全局互斥）
MATH,函数的概念,判断对应关系是否为函数,以题面/指令开头（是题干不是名字）
MATH,函数的概念,导数的概念与导函数,被 2 个节点同时 claim（全局互斥）
MATH,函数的相关概念,函数的概念与三要素,被 3 个节点同时 claim（全局互斥）
MATH,函数的隐零点问题,隐零点代换类型1（直接代换）：目标式只含 $\mathrm{e}^{x_0}$（或 $\ln x_0$）与 $x_0$ 时直接代入消去,超长（>24 字）
MATH,函数的隐零点问题,隐零点代换类型2（指对互化）：目标式含 $\ln x_0$（或 $\mathrm{e}^{x_0}$）时对已知式同取对数（指数）,超长（>24 字）
MATH,函数的隐零点问题,隐零点代换类型4（整体代换）：已知式与目标式含相同部分时整体代入,超长（>24 字）
MATH,函数零点存在定理,"函数零点存在定理：$[a,b]$ 上连续且 $f(a)f(b)<0$ 则在 $(a,b)$ 内至少有一个零点",超长（>24 字）
MATH,函数零点存在定理,判断函数零点所在区间的方法,以题面/指令开头（是题干不是名字）
MATH,函数零点存在定理,隐零点核心思想：导函数零点确定存在但求不出具体值，『设而不求、进行代换』,超长（>24 字）
MATH,函数零点的求和问题,利用对称性求函数零点之和,以虚词结尾（截断残片）
MATH,分式不等式与绝对值不等式的解法,分式不等式与绝对值不等式的等价转化,被 2 个节点同时 claim（全局互斥）
MATH,分离参数法-分离参数后转化为求函数的值域-最值-问题求解,代数式最值——分式型 z=(y−b)/(x−a) 转化为动直线斜率,超长（>24 字）
MATH,分离参数法-分离参数后转化为求函数的值域-最值-问题求解,代数式最值——线性型 z=ax+by 转化为动直线纵截距,超长（>24 字）
MATH,分离参数法-分离参数后转化为求函数的值域-最值-问题求解,已知零点个数求参数范围之分离参数法：令 $f(x)=0$ 化 $a=h(x)$，数 $y=h(x)$ 与直线 $y=a$ 的交点,超长（>24 字）
MATH,分离参数法-分离参数后转化为求函数的值域-最值-问题求解,恒成立问题分离参数法：参变分离化为 $a\ge h(x)$ 型最值问题,超长（>24 字）
MATH,分离参数法-分离参数后转化为求函数的值域-最值-问题求解,求函数值域（最值）的基本方法,以题面/指令开头（是题干不是名字）
MATH,分组-并项-法求数列的前n项和,分组与并项求和,以虚词结尾（截断残片）
MATH,分组-并项-法求数列的前n项和,含 (−1)^n 型递推的分组求和,以虚词结尾（截断残片）
MATH,分组-并项-法求数列的前n项和,周期数列的并项求和,以虚词结尾（截断残片）
MATH,分组-并项-法求数列的前n项和,并项求和,以虚词结尾（截断残片）
MATH,分组-并项-法求数列的前n项和,按奇偶分段给出的数列求和,以虚词结尾（截断残片）
MATH,分组-并项-法求数列的前n项和,由 $S_n$ 与 $a_{n+1}$ 求通项并并项求和,超长（>24 字）
MATH,分组转化法,分组转化法求和,以虚词结尾（截断残片）
MATH,列举观察法-列出几何中的全部元素-通过定义得出集合间关系,判断集合间关系的方法,以题面/指令开头（是题干不是名字）
MATH,判断不等式正误的常用方法,判断不等式正误的常用方法,以题面/指令开头（是题干不是名字）
MATH,判断函数奇偶性时忽略定义域致错,奇偶性定义：奇函数满足 $f(-x)=-f(x)$，偶函数满足 $f(-x)=f(x)$,超长（>24 字）
MATH,判断抽象函数单调性的方法,判断函数单调性的四种方法,以题面/指令开头（是题干不是名字）
MATH,判断集合间的关系,判断集合间关系与由关系求参数,以题面/指令开头（是题干不是名字）
MATH,判断集合间的关系,判断集合间关系的三个方法,以题面/指令开头（是题干不是名字）
MATH,判断集合间的关系,判断集合间关系的三种方法,以题面/指令开头（是题干不是名字）
MATH,利用-线线平行-线面平行-面面平行-的相互转化,线面平行的判定定理,被 2 个节点同时 claim（全局互斥）
MATH,利用-线线平行-线面平行-面面平行-的相互转化,线面平行的判定：先证线线平行（中位线或平行四边形）,超长（>24 字）
MATH,利用-线线平行-线面平行-面面平行-的相互转化,线面平行的性质定理,被 2 个节点同时 claim（全局互斥）
MATH,利用不等式的性质求数-式-的范围,空集的性质,被 2 个节点同时 claim（全局互斥）
MATH,利用不等式的性质求数-式-的范围,隐零点三步骤：设零点（写范围）→列等式（已知式）→代换（化简目标式）,超长（>24 字）
MATH,利用元素与集合的关系求参数,元素与集合的属于关系,被 2 个节点同时 claim（全局互斥）
MATH,利用元素与集合的关系求参数,判断元素与集合关系的两个方法,以题面/指令开头（是题干不是名字）
MATH,利用元素与集合的关系求参数,子集、真子集与集合相等,被 2 个节点同时 claim（全局互斥）
MATH,利用元素与集合的关系求参数,求参数后检验互异性,以题面/指令开头（是题干不是名字）
MATH,利用充分必要条件求参数,必要性探路法：取特殊值（常取端点）得参数必要条件，缩小范围后再验证充分性,超长（>24 字）
MATH,利用函数的单调性求参数,利用函数单调性求参：由单调性构造含参方程(组)或不等式(组),超长（>24 字）
MATH,利用单调性解不等式时忽略定义域致错,利用单调性去外壳：$x_1<x_2\Leftrightarrow f(x_1)<f(x_2)$（增），化 $f(A)<f(B)$ 为自变量不等式,超长（>24 字）
MATH,利用单调性解不等式时忽略定义域致错,利用单调性解函数不等式,被 2 个节点同时 claim（全局互斥）
MATH,利用单调性解不等式时忽略定义域致错,综合单调性与奇偶性解 $f(g(x))<f(h(x))$ 型不等式的流程,超长（>24 字）
MATH,利用单调性解不等式时忽略定义域致错,解函数不等式勿漏定义域,以题面/指令开头（是题干不是名字）
MATH,利用向量法解二面角问题的策略,向量法解平面几何问题的三部曲,被 2 个节点同时 claim（全局互斥）
MATH,利用向量法解二面角问题的策略,求两个平面夹角的余弦值（法向量法）,以题面/指令开头（是题干不是名字）
MATH,利用基本不等式求最值,均值定理：积定和最小、和定积最大,被 2 个节点同时 claim（全局互斥）
MATH,利用基本不等式求最值,消元法：由约束方程解出一个变元代入目标式，变为单变量求最值,超长（>24 字）
MATH,利用基本不等式求最值,积定和最小、和定积最大,被 2 个节点同时 claim（全局互斥）
MATH,利用基本不等式求最值,解三角形中利用基本不等式求最值,以题面/指令开头（是题干不是名字）
MATH,利用基本不等式求最值,解三角形最值：转化为边的基本不等式路径,以题面/指令开头（是题干不是名字）
MATH,利用基本不等式求最值,配凑法：把 ax + b/x 或 ax(b−cx) 配成和定/积定的形式求最值,超长（>24 字）
MATH,利用奇偶性与单调性解不等式,偶函数在关于原点对称的两区间上单调性相反（去外壳化绝对值）,超长（>24 字）
MATH,利用导数求函数极值的方法步骤,既有极大值又有极小值的条件（导函数有两个变号零点）,超长（>24 字）
MATH,利用导数求函数极值的方法步骤,求函数极值或极值点的步骤,以题面/指令开头（是题干不是名字）
MATH,利用导数研究函数的最值,求函数在闭区间上最值的方法,以题面/指令开头（是题干不是名字）
MATH,利用面面平行的定义,面面平行的判定定理,被 2 个节点同时 claim（全局互斥）
MATH,前项和公式法-若数列的前项和-则该数列是等比数列,等比数列的前n项和公式,被 2 个节点同时 claim（全局互斥）
MATH,动点轨迹的确定,求圆轨迹方程的三种方法,以题面/指令开头（是题干不是名字）
MATH,半周期推导周期,半周期反号式：$f(x+a)=-f(x)\Rightarrow T=2a$,超长（>24 字）
MATH,半周期推导周期,平移反号式：$f(a+x)=-f(b+x)\ (a\neq b)\Rightarrow T=2|b-a|$,超长（>24 字）
MATH,双变量不等式恒成立问题,恒成立转最值（双函数）：同变量比 $[f-g]_{\min}$，双变量 $\forall x_1\forall x_2$ 比 $f_{\min}$ 与 $g_{\max}$,超长（>24 字）
MATH,双外心模型求外接球,双面定球心法：两个面的外心作垂线，交点即球心,含逗号/句末标点（是句子不是名字）
MATH,双曲线,双曲线上动点不一定满足 $|PF_1|-|PF_2|=2a$,超长（>24 字）
MATH,双曲线,双曲线的定义与标准方程,被 2 个节点同时 claim（全局互斥）
MATH,双曲线,双曲线过焦点弦的最短弦长：同支为通径、两支为实轴长,超长（>24 字）
MATH,双曲线的渐近线,双曲线的定义与标准方程,被 2 个节点同时 claim（全局互斥）
MATH,双曲线的离心率,求双曲线离心率或其范围的方法,以题面/指令开头（是题干不是名字）
MATH,双曲线的离心率,求双曲线离心率的常用方法,以题面/指令开头（是题干不是名字）
MATH,双曲线的离心率,求离心率的对称点法与向量法,以题面/指令开头（是题干不是名字）
MATH,双曲线的离心率,求离心率问题的几何法与代数法,以题面/指令开头（是题干不是名字）
MATH,反函数模型求方程解之和,反函数模型求方程解之和,以虚词结尾（截断残片）
MATH,取倒数法-an-1-p-q-r是常数-可变形为,“1”的代换,被 2 个节点同时 claim（全局互斥）
MATH,取倒数法-an-1-p-q-r是常数-可变形为,“1”的代换：已知 ax+by=c 时把 c 换成 1 与目标式相乘，构造积定求最值,超长（>24 字）
MATH,取倒数法-an-1-p-q-r是常数-可变形为,倒数关系周期式：$f(x+a)=\pm\dfrac{1}{f(x)}\Rightarrow T=2a$,超长（>24 字）
MATH,取倒数法-an-1-p-q-r是常数-可变形为,倒数变换法类型2：paₙa₍ₙ₊₁₎+qa₍ₙ₊₁₎=kaₙ 型,超长（>24 字）
MATH,同构法,和（差）型同构：$\mathrm{e}^{a}\pm a>b\pm\ln b$ 型化为 $\mathrm{e}^{a}\pm\mathrm{e}^{\ln a}>b\pm\ln b$，构造 $f(x)=x\pm\ln x$ 或 $g(x)=\mathrm{e}^{x}\pm x$,超长（>24 字）
MATH,同构法,积（商）型同构模型一：$a\mathrm{e}^{x}\le b\ln b$ 型化为 $\mathrm{e}^{x}\ln\mathrm{e}^{x}\le b\ln b$，构造 $f(x)=x\ln x$ 或 $g(x)=x\mathrm{e}^{x}$,超长（>24 字）
MATH,同构法,积（商）型同构模型二：$\dfrac{\mathrm{e}^{a}}{a}<\dfrac{b}{\ln b}$ 型化为 $\dfrac{\mathrm{e}^{a}}{\mathrm{e}^{\ln a}}<\dfrac{b}{\ln b}$，构造 $f(x)=\dfrac{x}{\ln x}$ 或 $g(x)=\dfrac{\mathrm{e}^{x}}{x}$,超长（>24 字）
MATH,同构法,配凑同构（积商型）：$a^{x}\ln a=\mathrm{e}^{x\ln a}\cdot\ln a$ 型化为 $\mathrm{e}^{x\ln a}\cdot x\ln a>x\ln x$ 后构造 $f(t)=t\mathrm{e}^{t}$,超长（>24 字）
MATH,同角三角函数的基本关系,$\cos A>0$ 时三角形不一定是锐角三角形,含 LaTeX 定界符（是公式片段不是名字）
MATH,同角三角函数的基本关系,sinα±cosα 与 sinαcosα 的知一求二,超长（>24 字）
MATH,同角三角函数的基本关系,sinα±cosα 与 sinαcosα 知一求二,超长（>24 字）
MATH,同角三角函数的基本关系,解三角形最值：转化为角的三角函数路径,以题面/指令开头（是题干不是名字）
MATH,向量共线定理,判断三点共线的坐标步骤,以题面/指令开头（是题干不是名字）
MATH,向量共线定理,判断两向量平行的条件,以题面/指令开头（是题干不是名字）
MATH,向量共线定理,判断向量共线与三点共线的依据,以题面/指令开头（是题干不是名字）
MATH,向量法解平面几何问题,向量法解平面几何问题的三部曲,被 2 个节点同时 claim（全局互斥）
MATH,向量的模与夹角,求模与夹角的常用公式,以题面/指令开头（是题干不是名字）
MATH,含参一元二次不等式的解法,含参二次函数正负讨论的四个角度：函数类型→根的个数→根与区间位置→两根大小,超长（>24 字）
MATH,含参一元二次不等式的解法,解不含参一元二次不等式的三步,以题面/指令开头（是题干不是名字）
MATH,含参一元二次不等式的解法,解含参一元二次不等式的三类讨论,以题面/指令开头（是题干不是名字）
MATH,含参函数的单调性讨论,求单调区间的步骤与含参讨论策略,以题面/指令开头（是题干不是名字）
MATH,周期函数的定义,周期函数与最小正周期,被 3 个节点同时 claim（全局互斥）
MATH,周期函数的定义,周期函数的定义与最小正周期,被 2 个节点同时 claim（全局互斥）
MATH,周期数列的常见形式,取整函数与周期数列的求和,以虚词结尾（截断残片）
MATH,周期数列的常见形式,周期数列与并项求和,以虚词结尾（截断残片）
MATH,命题的否定-对命题p加以否定-得到一个新的命题-记作-读作-非p-或p的否定,全称量词命题与存在量词命题的否定,被 2 个节点同时 claim（全局互斥）
MATH,命题的否定-对命题p加以否定-得到一个新的命题-记作-读作-非p-或p的否定,全称量词命题与存在量词命题的否定-对命题p加以否定-得到一个新的命题-记作-读作-非p-或p的否定,超长（>24 字）
MATH,回归分析,一元线性回归模型与经验回归方程,被 2 个节点同时 claim（全局互斥）
MATH,圆的切线方程,圆外一点求切线：只求得一个 k 时必查斜率不存在情形,超长（>24 字）
MATH,圆的切线方程,求圆的切线方程时的漏解问题,以题面/指令开头（是题干不是名字）
MATH,圆的切线方程,求圆的切线方程的两类情形,以题面/指令开头（是题干不是名字）
MATH,圆的切线方程,求圆的切线方程的常用方法,以题面/指令开头（是题干不是名字）
MATH,圆的切线方程,设直线为 x+by+c=0 型可避免讨论斜率不存在,超长（>24 字）
MATH,圆的方程,圆的标准方程与一般方程,被 2 个节点同时 claim（全局互斥）
MATH,圆的方程,已知圆上三点求圆的方程,以题面/指令开头（是题干不是名字）
MATH,圆的方程,已知圆上两点加附加条件求方程,以题面/指令开头（是题干不是名字）
MATH,圆的方程,已知圆心与半径写方程的关键点,以题面/指令开头（是题干不是名字）
MATH,圆的方程,待定系数法求圆的方程,被 2 个节点同时 claim（全局互斥）
MATH,圆的方程,求圆的切线方程——代数法（联立令判别式为零）,以题面/指令开头（是题干不是名字）
MATH,圆的方程,求圆的方程的两条路线,以题面/指令开头（是题干不是名字）
MATH,圆的方程,求圆的方程的方法与常用结论,以题面/指令开头（是题干不是名字）
MATH,圆锥曲线中的角度问题,求角度值类问题的三种策略,以题面/指令开头（是题干不是名字）
MATH,圆锥曲线中的角度问题,求角度值类问题的策略,以题面/指令开头（是题干不是名字）
MATH,圆锥曲线的综合问题,三角综合问题先化标准形 $y=A\sin(\omega x+arphi)+k$,超长（>24 字）
MATH,圆锥曲线的综合问题,未知圆锥曲线类型时设 $mx^2+ny^2=1$,含 LaTeX 定界符（是公式片段不是名字）
MATH,圆锥曲线离心率的求法,求圆锥曲线离心率的两种方法,以题面/指令开头（是题干不是名字）
MATH,在棱长为的正四面体中-高-外接球半径-内切球半径,正方体的内切球、棱切球与外接球,被 2 个节点同时 claim（全局互斥）
MATH,在棱长为的正四面体中-高-外接球半径-内切球半径,正方体（正四面体）的外接球、内切球、棱切球半径关系,超长（>24 字）
MATH,在棱长为的正四面体中-高-外接球半径-内切球半径,正棱锥（圆锥）外接球勾股方程 R²=r²+(h−R)²,超长（>24 字）
MATH,在求函数的最值时-一定要在定义域-使实际问题有意义的自变量的取值范围-内求解,已知函数模型与构造模型求解实际问题,以题面/指令开头（是题干不是名字）
MATH,在求函数的最值时-一定要在定义域-使实际问题有意义的自变量的取值范围-内求解,"椭圆焦半径的取值范围 [a−c, a+c]",含逗号/句末标点（是句子不是名字）
MATH,在求函数的最值时-一定要在定义域-使实际问题有意义的自变量的取值范围-内求解,求离心率取值范围的本质：建立 a 与 c 的关系,以题面/指令开头（是题干不是名字）
MATH,在求函数的最值时-一定要在定义域-使实际问题有意义的自变量的取值范围-内求解,自变量差 $2a$ 等值式：$f(x+a)=f(x-a)\Rightarrow T=2a$,超长（>24 字）
MATH,均匀分组与分配问题,"部分平均分组公式：恰有 i 组人数相等时除以 A(i,i)",超长（>24 字）
MATH,基本不等式,均值定理：积定和最小、和定积最大,被 2 个节点同时 claim（全局互斥）
MATH,基本不等式,积定和最小、和定积最大,被 2 个节点同时 claim（全局互斥）
MATH,基本初等函数的导数,基本初等函数的导数公式与运算法则,被 2 个节点同时 claim（全局互斥）
MATH,基本初等函数的导数,导数讨论的核心函数：提出恒正（恒负）因子后决定导数符号的因式,超长（>24 字）
MATH,处理空间几何体体积的基本思路,祖暅原理（等积原理）,被 2 个节点同时 claim（全局互斥）
MATH,复合函数定义域忽略内层值域与外层定义域关系致错,复合函数奇偶性：内层函数为奇函数则复合函数奇偶性与外层函数相同,超长（>24 字）
MATH,复合函数定义域忽略内层值域与外层定义域关系致错,嵌套（镶嵌）函数 $f(f(x))$ 的处理,含 LaTeX 定界符（是公式片段不是名字）
MATH,复合函数求导-漏层-或-错层-致错,求导的三类基本要领,以题面/指令开头（是题干不是名字）
MATH,复合函数求导-漏层-或-错层-致错,求导运算的策略与易错点,以题面/指令开头（是题干不是名字）
MATH,复合函数的导数,复合函数零点换元解套两层法：令 $t=g(x)$，先解 $f(t)=0$ 再解 $t=g(x)$,超长（>24 字）
MATH,复合函数的导数,求复合函数导数的四个步骤与注意事项,以题面/指令开头（是题干不是名字）
MATH,复数的四则运算,复数的模及其运算性质,被 2 个节点同时 claim（全局互斥）
MATH,复数的概念,判断复数实部与虚部的三个要点,以题面/指令开头（是题干不是名字）
MATH,复数的概念,易错辨析：虚部概念与分母实数化,坏名检测：题干/答案标记
MATH,复数的模,复数的模及其运算性质,被 2 个节点同时 claim（全局互斥）
MATH,奇偶分类数列的递推,用两个子列的关系求前 2n 项和,以虚词结尾（截断残片）
MATH,奇偶分类数列的递推,等和数列与等积数列的通项与求和,以虚词结尾（截断残片）
MATH,奇偶分类数列的递推,递推式含(-1)^n的奇偶讨论与并项求和,以虚词结尾（截断残片）
MATH,奇偶项与含(-1)^n的数列求和,奇偶项讨论与含(-1)^n的数列求和,以虚词结尾（截断残片）
MATH,奔驰定理,奔驰定理与三角形四心的向量式,被 2 个节点同时 claim（全局互斥）
MATH,子集与集合的相等,子集、真子集与集合相等,被 2 个节点同时 claim（全局互斥）
MATH,子集的个数问题,已知两边及一边对角时解的个数判断,以题面/指令开头（是题干不是名字）
MATH,存在量词与存在量词命题,全称量词与存在量词,被 2 个节点同时 claim（全局互斥）
MATH,存在量词与存在量词命题,量词命题真假的判断方法,被 2 个节点同时 claim（全局互斥）
MATH,对命题条件探索的三种方法,判断不等式是否成立的三种方法,以题面/指令开头（是题干不是名字）
MATH,对命题条件探索的三种方法,命题的结构“若p，则q”,含逗号/句末标点（是句子不是名字）
MATH,对命题条件探索的三种方法,条件概率的三种求法,被 2 个节点同时 claim（全局互斥）
MATH,对命题条件探索的三种方法,求零点个数的三种方法,以题面/指令开头（是题干不是名字）
MATH,对命题条件探索的三种方法,集合的三种表示法,被 2 个节点同时 claim（全局互斥）
MATH,对导数正负与函数图象升降关系理解不准确致错,"三次函数图象关于点 $\left(-\dfrac{b}{3a},f\left(-\dfrac{b}{3a}\right)\right)$ 中心对称且无对称轴",超长（>24 字）
MATH,对导数正负与函数图象升降关系理解不准确致错,"偶函数加点对称求周期：偶函数图象关于 $(a,0)\ (a\neq 0)$ 对称 $\Rightarrow 4|a|$ 为一个周期",超长（>24 字）
MATH,对导数正负与函数图象升降关系理解不准确致错,奇函数加轴对称求周期：奇函数图象关于 $x=a\ (a\neq 0)$ 对称 $\Rightarrow 4|a|$ 为一个周期,超长（>24 字）
MATH,对折叠与展开问题认识不清致误,翻折处理策略：不变关系在平面图中处理，变化关系在立体图中处理,超长（>24 字）
MATH,对数,对数的概念与运算性质,被 2 个节点同时 claim（全局互斥）
MATH,对数,解对数不等式的四种类型,以题面/指令开头（是题干不是名字）
MATH,对数与对数运算,$\forall$ 与 $\exists$ 及 $\lg$、$\ln$ 的速辨,超长（>24 字）
MATH,对数与对数运算,对数的概念与运算性质,被 2 个节点同时 claim（全局互斥）
MATH,对数函数,抽象函数模型：对数函数型对应 $f(xy)=f(x)+f(y)$,超长（>24 字）
MATH,对数函数,指数函数与对数函数互为反函数,被 3 个节点同时 claim（全局互斥）
MATH,对数函数图象的常用结论,$\mathrm{i}$ 的幂次循环与常用结果速算,超长（>24 字）
MATH,对数函数图象的常用结论,偶函数加轴对称求周期：偶函数图象关于 $x=a\ (a\neq 0)$ 对称 $\Rightarrow 2|a|$ 为一个周期,超长（>24 字）
MATH,对数函数图象的常用结论,"奇函数加点对称求周期：奇函数图象关于 $(a,0)\ (a\neq 0)$ 对称 $\Rightarrow 2|a|$ 为一个周期",超长（>24 字）
MATH,对数平均不等式,对数均值不等式,被 2 个节点同时 claim（全局互斥）
MATH,对数混合运算的一般原则,$a^b$ 与 $b^a$ 型（幂指混合）比大小的同构法,超长（>24 字）
MATH,寻找角的关系,已知角求目标角时的拆角与缩角,以题面/指令开头（是题干不是名字）
MATH,寻找角的关系,计算与化简中的拆角与常值代换,以题面/指令开头（是题干不是名字）
MATH,导数与函数的单调性的关系,奇偶性与单调性的关系,被 2 个节点同时 claim（全局互斥）
MATH,导数与函数零点问题,已知零点个数求参数的切入点,以题面/指令开头（是题干不是名字）
MATH,导数与函数零点问题,已知零点个数求参数范围,以题面/指令开头（是题干不是名字）
MATH,导数与函数零点问题,已知零点求参数取值范围的思路,以题面/指令开头（是题干不是名字）
MATH,导数与函数零点问题,求函数零点个数的两种方法（数形结合与分类讨论）,以题面/指令开头（是题干不是名字）
MATH,导数压轴题的解题流程,解答题中前后问的隐藏关联,以题面/指令开头（是题干不是名字）
MATH,导数构造法解函数不等式,同构解不等式三步骤：配凑相同结构→构造新函数判单调→去外层结构化简,超长（>24 字）
MATH,导数构造法解函数不等式,逆向构造：$\dfrac{f'(x)}{f(x)}>0$（$f(x)>0$）时构造 $h(x)=\ln[f(x)]$,超长（>24 字）
MATH,导数构造法解函数不等式,逆向构造：$f'(x)+\lambda f(x)>0$ 时构造 $h(x)=\mathrm{e}^{\lambda x}f(x)$,超长（>24 字）
MATH,导数构造法解函数不等式,逆向构造：$f'(x)-\lambda f(x)>0$ 时构造 $h(x)=\dfrac{f(x)}{\mathrm{e}^{\lambda x}}$,超长（>24 字）
MATH,导数构造法解函数不等式,逆向构造：$f'(x)g(x)+f(x)g'(x)>0$ 时构造 $h(x)=f(x)g(x)$,超长（>24 字）
MATH,导数构造法解函数不等式,逆向构造：$f'(x)g(x)-f(x)g'(x)>0$ 时构造 $h(x)=\dfrac{f(x)}{g(x)}\ (g(x)\neq 0)$,超长（>24 字）
MATH,导数构造法解函数不等式,逆向构造：$xf'(x)+\lambda f(x)>0$ 时构造 $h(x)=x^{\lambda}f(x)$,超长（>24 字）
MATH,导数构造法解函数不等式,逆向构造：$xf'(x)-\lambda f(x)>0$ 时构造 $h(x)=\dfrac{f(x)}{x^{\lambda}}\ (x\neq 0)$,超长（>24 字）
MATH,导数构造法解函数不等式,配凑同构（和差型）：$a^{x}>\log_a x$ 型化为 $a^{x}+x>\log_a x+x=a^{\log_a x}+\log_a x$ 后构造同型函数,超长（>24 字）
MATH,导数法求函数单调区间的步骤,函数单调性的定义,被 2 个节点同时 claim（全局互斥）
MATH,导数法求函数单调区间的步骤,单调区间的书写规范,被 2 个节点同时 claim（全局互斥）
MATH,导数法求函数单调区间的步骤,求不含参函数的单调性、极值和最值的思路,以题面/指令开头（是题干不是名字）
MATH,导数法求函数单调区间的步骤,求单调区间的两个注意点,以题面/指令开头（是题干不是名字）
MATH,导数的几何意义,切线问题的三个关系列方程,被 2 个节点同时 claim（全局互斥）
MATH,导数的几何意义,求三角曲线的切线方程,以题面/指令开头（是题干不是名字）
MATH,导数的几何意义,用“切线平行”求平方和的最小值（距离最小值的平方）,超长（>24 字）
MATH,导数的几何意义,相切问题核心思想：有切点用切点，无切点设切点，以导数几何意义构造方程组,超长（>24 字）
MATH,导数的概念,导数的概念与导函数,被 2 个节点同时 claim（全局互斥）
MATH,导数的运算法则,基本初等函数的导数公式与运算法则,被 2 个节点同时 claim（全局互斥）
MATH,导数的运算法则,求导公式与四则运算法则,以题面/指令开头（是题干不是名字）
MATH,已知函数单调性求参数,三次函数 $a<0$ 且 $\Delta>0$：先减后增再减，$x_1$ 极小值点、$x_2$ 极大值点,超长（>24 字）
MATH,已知函数单调性求参数,三次函数 $a>0$ 且 $\Delta>0$：先增后减再增，$x_1$ 极大值点、$x_2$ 极小值点,超长（>24 字）
MATH,已知函数单调性求参数,已知函数在区间上单调递增求参数（分离参数）,以题面/指令开头（是题干不是名字）
MATH,已知函数的极值求参数,已知极大值点求参数（比较两根大小）,以题面/指令开头（是题干不是名字）
MATH,已知函数的极值求参数,由“x=0 是极大值点”求参数范围（奇偶性 + 分类讨论）,超长（>24 字）
MATH,已知函数的极值求参数,由“x=x₀ 是极大值点”分类讨论参数（比较导数的根与 x₀）,超长（>24 字）
MATH,已知函数的极值求参数,由“有两个极值点”转化为“二次方程有两个不等正根”,超长（>24 字）
MATH,已知函数零点求参数的方法,已知函数的零点（个数）求参数,以题面/指令开头（是题干不是名字）
MATH,已知零点个数求参数的方法,已知零点个数求参数取值范围的方法,以题面/指令开头（是题干不是名字）
MATH,幂函数,幂函数的定义与性质,被 2 个节点同时 claim（全局互斥）
MATH,幂函数,幂函数的解析式与图象性质,被 2 个节点同时 claim（全局互斥）
MATH,幂函数的图象与性质,幂函数的定义与性质,被 2 个节点同时 claim（全局互斥）
MATH,幂函数的图象与性质,幂函数的解析式与图象性质,被 2 个节点同时 claim（全局互斥）
MATH,幂函数的性质,幂函数的单调性与奇偶性,被 2 个节点同时 claim（全局互斥）
MATH,平行关系之间的转化,隐零点代换类型3（指对同构）：关系同时含 $\mathrm{e}^{x_0}$、$x_0$ 与 $\ln x_0$ 时同构变形转化,超长（>24 字）
MATH,平行四边形恒等式与中线定理,求三角形中线长的两种方法,以题面/指令开头（是题干不是名字）
MATH,平行四边形恒等式与中线定理,解三角形中的中线问题处理,以题面/指令开头（是题干不是名字）
MATH,平面与平面垂直,面面垂直的判定与性质,被 2 个节点同时 claim（全局互斥）
MATH,平面与平面平行,球面与平面相交：交线为圆，勾股定理求截面圆半径,含逗号/句末标点（是句子不是名字）
MATH,平面与平面平行,面面平行的判定：一个平面内两条相交直线分别平行于另一平面,超长（>24 字）
MATH,平面向量基本定理,判断两向量能否作为一组基,以题面/指令开头（是题干不是名字）
MATH,平面向量基本定理,用基底表示向量的方法,被 2 个节点同时 claim（全局互斥）
MATH,平面向量的坐标运算,求向量坐标的一般方法,以题面/指令开头（是题干不是名字）
MATH,平面向量的数量积,求平面向量数量积的三种方法,以题面/指令开头（是题干不是名字）
MATH,平面向量的数量积,求数量积的四种方法,以题面/指令开头（是题干不是名字）
MATH,平面向量的数量积,用数量积建模“注意力机制”的加权求和,以虚词结尾（截断残片）
MATH,平面向量的概念,$0$、$\{0\}$、$\varnothing$ 与零向量的辨析,超长（>24 字）
MATH,平面向量的概念,向量的定义与模,被 2 个节点同时 claim（全局互斥）
MATH,平面向量的概念,平面法向量的求法,被 2 个节点同时 claim（全局互斥）
MATH,平面向量的线性运算,正多边形顶点向量的和,以虚词结尾（截断残片）
MATH,异面直线所成角,异面直线所成角的定义与求法,被 2 个节点同时 claim（全局互斥）
MATH,异面直线所成角的求法,异面直线所成角的定义与求法,被 2 个节点同时 claim（全局互斥）
MATH,待定系数法-若已知函数的类型-如一次函数-二次函数等-可用待定系数法,一阶线性递推的待定系数构造（含一次函数型非齐次项）,超长（>24 字）
MATH,待定系数法-若已知函数的类型-如一次函数-二次函数等-可用待定系数法,已知模型确定待定系数,以题面/指令开头（是题干不是名字）
MATH,待定系数法-若已知函数的类型-如一次函数-二次函数等-可用待定系数法,待定系数法求圆的方程,被 2 个节点同时 claim（全局互斥）
MATH,待定系数法-若已知函数的类型-如一次函数-二次函数等-可用待定系数法,求直线方程的两种方法,以题面/指令开头（是题干不是名字）
MATH,必要性探路,必要性探路的本质与适用场景,被 2 个节点同时 claim（全局互斥）
MATH,忽略二次型式子最高次系数为0致错,最高次项系数含参时须讨论系数为零及其正负（开口方向防写反）,超长（>24 字）
MATH,忽略对指数与对数底数的讨论致错,指数函数与对数函数互为反函数,被 3 个节点同时 claim（全局互斥）
MATH,忽略建系的条件而出错,圆的标准方程与一般方程,被 2 个节点同时 claim（全局互斥）
MATH,忽视异面直线的夹角与向量的夹角范围不同,"线面角的范围 [0, π/2]",含逗号/句末标点（是句子不是名字）
MATH,忽视集合元素的互异性致错,n 个元素排好后 n+1 个空位插入 m 个元素的计数公式,超长（>24 字）
MATH,忽视集合元素的互异性致错,离散型集合含参问题：列等号→解参数→代回集合检验互异性,超长（>24 字）
MATH,忽视集合元素的互异性致错,集合元素的三个特性,被 2 个节点同时 claim（全局互斥）
MATH,忽视零向量,解决向量概念问题要注意的两点,以题面/指令开头（是题干不是名字）
MATH,性质法-利用函数性质-若能确定函数的单调性-则其零点个数不难得到,三次函数 $\Delta\le 0$ 时有且只有一个零点,超长（>24 字）
MATH,性质法-利用函数性质-若能确定函数的单调性-则其零点个数不难得到,幂函数的单调性与奇偶性,被 2 个节点同时 claim（全局互斥）
MATH,性质法-利用函数性质-若能确定函数的单调性-则其零点个数不难得到,确定零点个数方法一：令 $f(x)=0$ 直接求解，由方程根的个数定零点个数,超长（>24 字）
MATH,性质法-利用函数性质-若能确定函数的单调性-则其零点个数不难得到,确定零点个数方法二①：画 $f(x)$ 的大致图象数与 $x$ 轴的交点,超长（>24 字）
MATH,性质法-利用函数性质-若能确定函数的单调性-则其零点个数不难得到,确定零点个数方法二②：拆成 $f(x)=h(x)-g(x)$，数两函数图象交点,超长（>24 字）
MATH,性质法-利用函数性质-若能确定函数的单调性-则其零点个数不难得到,确定零点个数：零点存在定理＋导数单调性＋端点值（极值）符号综合,超长（>24 字）
MATH,扇形弧长与面积公式,扇形的弧长公式与面积公式,被 2 个节点同时 claim（全局互斥）
MATH,扇形的弧长与面积公式,扇形的弧长公式与面积公式,被 2 个节点同时 claim（全局互斥）
MATH,抛物线,抛物线焦点弦的常用结论,被 3 个节点同时 claim（全局互斥）
MATH,抛物线焦半径,双曲线焦半径公式（带绝对值，口诀：左加右减、下加上减）,超长（>24 字）
MATH,抛物线焦半径,抛物线焦点弦的常用结论,被 3 个节点同时 claim（全局互斥）
MATH,抛物线焦半径,抛物线的焦半径与焦点弦,被 2 个节点同时 claim（全局互斥）
MATH,抛物线的标准方程,求抛物线标准方程的三步流程,以题面/指令开头（是题干不是名字）
MATH,抛物线的焦点与准线,抛物线焦点弦定值：1/|AF|+1/|BF|=2/p,超长（>24 字）
MATH,抛物线的焦点与准线,抛物线焦点弦的常用结论,被 3 个节点同时 claim（全局互斥）
MATH,抛物线的焦点与准线,抛物线焦点弦：以 AB 为直径的圆与直线 MN 相切（∠AHB=90°）,超长（>24 字）
MATH,抛物线的焦点与准线,抛物线焦点弦：以 MN 为直径的圆与 AB 切于焦点 F（∠MFN=90°）,超长（>24 字）
MATH,抛物线的焦点与准线,抛物线的焦半径与焦点弦,被 2 个节点同时 claim（全局互斥）
MATH,抽象函数的性质综合,抽象函数模型：一次函数型对应 $f(x\pm y)=f(x)\pm f(y)\mp b$,超长（>24 字）
MATH,抽象函数的性质综合,抽象函数模型：余弦型对应 $f(x)+f(y)=2f\left(\dfrac{x+y}{2}\right)f\left(\dfrac{x-y}{2}\right)$,超长（>24 字）
MATH,抽象函数的性质综合,抽象函数模型：幂函数型对应 $f(xy)=f(x)f(y)$,超长（>24 字）
MATH,抽象函数的性质综合,抽象函数模型：正切型对应 $f(x\pm y)=\dfrac{f(x)\pm f(y)}{1\mp f(x)f(y)}$,超长（>24 字）
MATH,抽象函数的性质综合,抽象函数模型：正弦型对应 $f(x+y)f(x-y)=f^{2}(x)-f^{2}(y)$,超长（>24 字）
MATH,抽象函数的性质综合,抽象函数模型：正比例函数型对应 $f(x\pm y)=f(x)\pm f(y)$,超长（>24 字）
MATH,抽象函数的性质综合,"抽象函数赋值法：赋特殊值 $0,\pm1,\pm2$ 求特殊函数值",超长（>24 字）
MATH,指数不等式,不等式中同一表达式（如 $x-1$）多次出现时换元简化运算,超长（>24 字）
MATH,指数不等式,解指数不等式的一般解法,以题面/指令开头（是题干不是名字）
MATH,指数不等式,解指数方程与指数不等式的方法,以题面/指令开头（是题干不是名字）
MATH,指数不等式,解简单对数不等式的三种形式,以题面/指令开头（是题干不是名字）
MATH,指数不等式,（x−a)(x−b)型不等式解集,括号不配对（截断残片）
MATH,指数函数,三类函数模型的增长差异,被 2 个节点同时 claim（全局互斥）
MATH,指数函数,抽象函数模型：指数函数型对应 $f(x+y)=f(x)f(y)$,超长（>24 字）
MATH,指数函数与对数函数的图象关系,指数函数与对数函数互为反函数,被 3 个节点同时 claim（全局互斥）
MATH,指数函数及其性质,同构的含义：变形使两式结构相同或相似，按该结构构造新函数并利用其性质简化问题,超长（>24 字）
MATH,指数函数及其性质,指数函数的图象与性质,被 2 个节点同时 claim（全局互斥）
MATH,指数函数及其性质,指数函数的概念与图象性质,被 2 个节点同时 claim（全局互斥）
MATH,指数函数的图象与性质应用,指数函数的图象与性质,被 2 个节点同时 claim（全局互斥）
MATH,指数函数的图象与性质应用,指数函数的概念与图象性质,被 2 个节点同时 claim（全局互斥）
MATH,挖掘单调性解不等式,利用单调性解函数不等式,被 2 个节点同时 claim（全局互斥）
MATH,捆绑法与插空法,捆绑法处理相邻问题,被 2 个节点同时 claim（全局互斥）
MATH,捆绑法与插空法,插空法处理不相邻问题,被 2 个节点同时 claim（全局互斥）
MATH,换元法-主要用于解决已知的解析式-求函数的解析式的问题,三次函数 $\Delta>0$ 且某极值函数值为零：有两个零点，且解析式含二重因式,超长（>24 字）
MATH,换元法-主要用于解决已知的解析式-求函数的解析式的问题,分段函数求值：先判断自变量所在子集再代入对应解析式,超长（>24 字）
MATH,换元法-主要用于解决已知的解析式-求函数的解析式的问题,换元法：令新元为满足条件的式子整体替代，破解直接配凑困难,超长（>24 字）
MATH,换元法-主要用于解决已知的解析式-求函数的解析式的问题,由图象定 $y=A\sin(\omega x+arphi)$ 解析式的“三看”,超长（>24 字）
MATH,换元法-主要用于解决已知的解析式-求函数的解析式的问题,由图象求 $y=A\sin(\omega x+\varphi)$ 解析式,超长（>24 字）
MATH,排列,捆绑法处理相邻问题,被 2 个节点同时 claim（全局互斥）
MATH,排列,插空法处理不相邻问题,被 2 个节点同时 claim（全局互斥）
MATH,数列不等式的放缩,把通项放缩成等差数列再求和,以虚词结尾（截断残片）
MATH,数列不等式的放缩,用 ln(1+x)<x 放缩求和,以虚词结尾（截断残片）
MATH,数列求和,数列放缩：先放缩后求和,以虚词结尾（截断残片）
MATH,数列求和,数列求和之公式法与常用求和,以虚词结尾（截断残片）
MATH,数列求和,求数列前n项和的常用方法,以题面/指令开头（是题干不是名字）
MATH,数列的公共项问题,公共项的结构与两数列并集求和,以虚词结尾（截断残片）
MATH,数列的公共项问题,去项后余下项的前 N 项和,以虚词结尾（截断残片）
MATH,数列的单调性与最值问题,判断数列单调性与求最值项的方法,以题面/指令开头（是题干不是名字）
MATH,数列的单调性与最值问题,判断数列单调性的三种方法,以题面/指令开头（是题干不是名字）
MATH,数列的单调性与最值问题,判断数列单调性的方法,以题面/指令开头（是题干不是名字）
MATH,数列的单调性与最值问题,判断数列单调性的注意点,以题面/指令开头（是题干不是名字）
MATH,数列的单调性与最值问题,求数列最大项与最小项的常用方法,以题面/指令开头（是题干不是名字）
MATH,数列的单调性与最值问题,求数列最大项与最小项的方法,以题面/指令开头（是题干不是名字）
MATH,数列的单调性与最值问题,求数列最大项最小项的两法,以题面/指令开头（是题干不是名字）
MATH,数列的单调性与最值问题,等比数列增减性与 $q$、$a_1$ 符号的关系,含 LaTeX 定界符（是公式片段不是名字）
MATH,数列的插项与去项问题,插项问题的项数与块求和,以虚词结尾（截断残片）
MATH,数列通项公式的求法,求数列通项的方法分类,以题面/指令开头（是题干不是名字）
MATH,数列通项公式的求法,求通项公式的通用注意事项,以题面/指令开头（是题干不是名字）
MATH,数列通项公式的求法,裂项公式：[1+tan(n+1)tan n]tan 1,超长（>24 字）
MATH,曲线-在-某点处的切线问题,已知切点求切线方程的三步,以题面/指令开头（是题干不是名字）
MATH,曲线-在-某点处的切线问题,已知切线斜率求切线方程,以题面/指令开头（是题干不是名字）
MATH,曲线-在-某点处的切线问题,求“在”某点处的切线方程,以题面/指令开头（是题干不是名字）
MATH,曲线-在-某点处的切线问题,求“过”某点处的切线方程,以题面/指令开头（是题干不是名字）
MATH,曲线-在-某点处的切线问题,求切线方程的两类步骤,以题面/指令开头（是题干不是名字）
MATH,曲线-在-某点处的切线问题,求切线方程的方法总结（在点处与过点）,以题面/指令开头（是题干不是名字）
MATH,曲线-在-某点处的切线问题,求曲线“在”某点处的切线方程,以题面/指令开头（是题干不是名字）
MATH,曲线-在-某点处的切线问题,求曲线在一点处切线方程的三步,以题面/指令开头（是题干不是名字）
MATH,曲线-在-某点处的切线问题,求曲线在某点处的切线方程,以题面/指令开头（是题干不是名字）
MATH,曲线-在-某点处的切线问题,求曲线在某点处的切线方程（三步法）,以题面/指令开头（是题干不是名字）
MATH,曲线-过-某点的切线问题,求曲线“过”某点的切线方程（设切点三步法）,以题面/指令开头（是题干不是名字）
MATH,曲线-过-某点的切线问题,求曲线过一点切线方程的四步,以题面/指令开头（是题干不是名字）
MATH,曲线-过-某点的切线问题,求曲线过某点的切线方程,以题面/指令开头（是题干不是名字）
MATH,曲线-过-某点的切线问题,求过一点的切线方程（设切点 + 化为方程解的个数）,超长（>24 字）
MATH,曲线-过-某点的切线问题,求过某点的切线方程,以题面/指令开头（是题干不是名字）
MATH,曲线-过-某点的切线问题,过圆 (x−a)²+(y−b)²=r² 上一点的切线方程公式,超长（>24 字）
MATH,曲线的轨迹方程,求圆的轨迹方程的基本方法,以题面/指令开头（是题干不是名字）
MATH,曲线的轨迹方程,求轨迹方程的一般步骤,以题面/指令开头（是题干不是名字）
MATH,曲线的轨迹方程,求轨迹方程的五种常用方法,以题面/指令开头（是题干不是名字）
MATH,条件概率,条件概率定义与公式 P(B|A)=P(AB)/P(A),超长（>24 字）
MATH,条件概率,条件概率的三种求法,被 2 个节点同时 claim（全局互斥）
MATH,条件概率,求条件概率 P(B|A) 的两种方法,以题面/指令开头（是题干不是名字）
MATH,条件概率,求条件概率方法一：公式法（四步）,以题面/指令开头（是题干不是名字）
MATH,条件概率,求条件概率方法二：缩样法（缩小样本空间）,以题面/指令开头（是题干不是名字）
MATH,条件概率,求条件概率的步骤,以题面/指令开头（是题干不是名字）
MATH,极值点偏移问题,极值点偏移设问形式①：证 x₁+x₂ 与 2x₀ 的大小,超长（>24 字）
MATH,极值点偏移问题,极值点偏移设问形式②：证 x₁x₂ 与 x₀² 的大小,超长（>24 字）
MATH,极值点偏移问题,极值点偏移设问形式③：令 x₀=(x₁+x₂)/2 证 f′(x₀)>0,超长（>24 字）
MATH,构造函数-运用函数的单调性比较,构造函数比较大小核心：将代数式变形为可构造函数的形式，用新函数单调性判断,超长（>24 字）
MATH,构造函数-运用函数的单调性比较,由 $xf'(x)-f(x)>0$ 构造 $g(x)=\frac{f(x)}{x}$ 并比较函数值,超长（>24 字）
MATH,构造法求数列通项,和差型通用构造法：化为 $g(x)f(x)+f'(x)$，配凑 $G'(x)=g(x)$ 后构造 $\mathrm{e}^{G(x)}f(x)$,超长（>24 字）
MATH,构造法求数列通项,构造数列法类型3：a₍ₙ₊₁₎=kaₙ+p·qⁿ⁺¹ 两步构造,超长（>24 字）
MATH,根据交集-并集-补集的运算结果求参数,集合运算关系等价式：B⊆A⇔A∩B=B⇔A∪B=A,超长（>24 字）
MATH,根据全称-存在量词命题的真假求参数,全称量词命题与存在量词命题的否定,被 2 个节点同时 claim（全局互斥）
MATH,椭圆,方程 $mx^2+ny^2=1$ 表示的曲线类型,含 LaTeX 定界符（是公式片段不是名字）
MATH,椭圆的离心率,求椭圆离心率取值的方法,以题面/指令开头（是题干不是名字）
MATH,椭圆的离心率,求椭圆离心率的常用方法,以题面/指令开头（是题干不是名字）
MATH,正弦定理,已知两边及一边对角时解的多解讨论,以题面/指令开头（是题干不是名字）
MATH,正弦定理,已知两边及一边对角的解的个数,以题面/指令开头（是题干不是名字）
MATH,正弦定理,已知两边及一边对角的解的判断,以题面/指令开头（是题干不是名字）
MATH,正弦定理,解三角形的定理选择与 SSA 判断,以题面/指令开头（是题干不是名字）
MATH,正态分布,正态曲线位于 x 轴上方且与 x 轴之间面积为 1,超长（>24 字）
MATH,正方体、长方体与球,正方体的内切球、棱切球与外接球,被 2 个节点同时 claim（全局互斥）
MATH,比较函数值的大小-先将自变量转化到同一个单调区间内-然后利用函数的单调性解决,三角函数 $\omega$ 取值范围的条件转化,含 LaTeX 定界符（是公式片段不是名字）
MATH,比较函数值的大小-先将自变量转化到同一个单调区间内-然后利用函数的单调性解决,具体数值比较大小：观察重复数字，配凑后把数字替换为自变量构造函数,超长（>24 字）
MATH,比较函数值的大小-先将自变量转化到同一个单调区间内-然后利用函数的单调性解决,利用单调性求 ω 思路1：单调区间长度不超过半周期,超长（>24 字）
MATH,比较函数值的大小-先将自变量转化到同一个单调区间内-然后利用函数的单调性解决,单调性求参与去外壳时定义域对自变量及单调区间的限制,超长（>24 字）
MATH,比较函数值的大小-先将自变量转化到同一个单调区间内-然后利用函数的单调性解决,双变量同构变形①：$g(x_1)-g(x_2)>\lambda[f(x_1)-f(x_2)]$ 型整理为同一函数 $h(x)=g(x)\pm\lambda f(x)$ 两点取值的比较,超长（>24 字）
MATH,比较函数值的大小-先将自变量转化到同一个单调区间内-然后利用函数的单调性解决,含未知数比较大小：作差（作商）化为相同结构，构造单元函数讨论单调性,超长（>24 字）
MATH,比较函数值的大小-先将自变量转化到同一个单调区间内-然后利用函数的单调性解决,奇偶函数在对称区间上的单调性,被 2 个节点同时 claim（全局互斥）
MATH,求体积的常用方法,求体积的四种常用方法,以题面/指令开头（是题干不是名字）
MATH,求体积的常用方法,求体积的常用方法,以题面/指令开头（是题干不是名字）
MATH,求体积的常用方法,求函数值域的常用方法,以题面/指令开头（是题干不是名字）
MATH,求体积的常用方法,求圆的方程与轨迹的常用方法,以题面/指令开头（是题干不是名字）
MATH,求函数最值的方法,求函数最值的一般思路,以题面/指令开头（是题干不是名字）
MATH,求函数解析式的常用方法,求函数解析式的四种方法,以题面/指令开头（是题干不是名字）
MATH,求函数解析式的常用方法,求函数解析式的常用方法,以题面/指令开头（是题干不是名字）
MATH,求函数解析式的常用方法,求解析式的四种方法要点,以题面/指令开头（是题干不是名字）
MATH,求圆锥曲线离心率的四步法,求圆锥曲线离心率的四步法,以题面/指令开头（是题干不是名字）
MATH,求展开式中系数最大的项,求展开式中系数最大的项,以题面/指令开头（是题干不是名字）
MATH,求解几何体外接球的半径的思路,正三棱台的外接球（球心在上下底中心连线的延长线上）,超长（>24 字）
MATH,求解几何体外接球的半径的思路,正方体内“相切球列”的半径公比与表面积和,以虚词结尾（截断残片）
MATH,点-方法技巧-点拨解题方法-练一题通一类,定序问题方法二：先排非定序元素，定序元素仅 1 种排法,超长（>24 字）
MATH,点与圆的位置关系,判断点与圆位置关系的两种方法,以题面/指令开头（是题干不是名字）
MATH,点到直线的距离,已知距离求参数的逆用方法,以题面/指令开头（是题干不是名字）
MATH,点到直线的距离,解析几何三大距离公式,以题面/指令开头（是题干不是名字）
MATH,用向量法求异面直线所成角的一般步骤,"异面直线所成角的范围 (0, π/2]",含逗号/句末标点（是句子不是名字）
MATH,用向量法求异面直线所成角的一般步骤,求异面直线所成角的两种方法与平移三法,以题面/指令开头（是题干不是名字）
MATH,用向量法求解直线与平面所成角的方法,"平面与平面夹角的范围 [0, π/2] 及与二面角的区别",超长（>24 字）
MATH,用向量法求解直线与平面所成角的方法,求直线与平面所成角的两种方法,以题面/指令开头（是题干不是名字）
MATH,用向量法求解直线与平面所成角的方法,求离心率方法一：由条件列方程组求 a、c,以题面/指令开头（是题干不是名字）
MATH,用基向量表示指定向量的方法,用基底表示向量的方法,被 2 个节点同时 claim（全局互斥）
MATH,由sn求an的步骤,$S_n$ 是 $n$ 的二次函数时数列不一定是等差数列,超长（>24 字）
MATH,由前几项归纳数列通项的方法,求离心率方法二：齐次方程化为 e 的方程,以题面/指令开头（是题干不是名字）
MATH,由前几项归纳数列通项的方法,由 $a_n$ 与 $S_n$ 关系求通项的分段法,超长（>24 字）
MATH,由前几项归纳数列通项的方法,由 $a_n$ 与 $S_n$ 递推式求通项的“消 $n$”与“消 $S$”两思路,超长（>24 字）
MATH,由前几项归纳数列通项的方法,由 Sn 与 an 关系求通项的消 S 与消 n 两思路,超长（>24 字）
MATH,由前几项归纳数列通项的方法,由前 $n$ 项积求数列通项,含 LaTeX 定界符（是公式片段不是名字）
MATH,由图象确定y=Asin（ωx+φ）的解析式,解析式求得后的验证,以题面/指令开头（是题干不是名字）
MATH,百分位数,把数据排序后按 n×p% 定位求第 p 百分位数，或由频率分布直方图按面积求分位数。,超长（>24 字）
MATH,直线与圆的位置关系,判断直线与圆位置关系的三种方法,以题面/指令开头（是题干不是名字）
MATH,直线与圆的位置关系,判断直线与圆位置关系的两种方法,以题面/指令开头（是题干不是名字）
MATH,直线与圆的位置关系,已知弦中点求弦所在的直线方程,以题面/指令开头（是题干不是名字）
MATH,直线与平面垂直,线面垂直的性质定理,被 2 个节点同时 claim（全局互斥）
MATH,直线与平面所成角,方程解（交点）个数讨论中不可遗漏直线与曲线相切的情形,超长（>24 字）
MATH,直线与直线的位置关系,设而不求思想：设坐标与直线，用根与系数关系解题,含逗号/句末标点（是句子不是名字）
MATH,直线的方向向量和平面的法向量,平面法向量的求法,被 2 个节点同时 claim（全局互斥）
MATH,直线的方向向量和平面的法向量,求平面法向量的方法,以题面/指令开头（是题干不是名字）
MATH,直线的方程,一元线性回归模型与经验回归方程,被 2 个节点同时 claim（全局互斥）
MATH,直线的方程,求直线方程时的易错点,以题面/指令开头（是题干不是名字）
MATH,直线的方程,求直线方程的形式选择与化一般式,以题面/指令开头（是题干不是名字）
MATH,直线的方程,求直线方程的步骤与形式选择策略,以题面/指令开头（是题干不是名字）
MATH,直线被圆截得的弦长,求直线被圆截得的弦长,以题面/指令开头（是题干不是名字）
MATH,相等函数与分段函数,分段函数的定义域与值域,被 2 个节点同时 claim（全局互斥）
MATH,相等函数与分段函数,判断两个函数是否为同一函数,以题面/指令开头（是题干不是名字）
MATH,研究分段函数单调性时忽略分段点致错,分段函数单调性求参三步法：段内单调＋分段点两端值衔接＋取交集,超长（>24 字）
MATH,研究分段函数单调性时忽略分段点致错,分段函数零点求解三步法：定段→逐段求零点（含分段点）→汇总有效零点,超长（>24 字）
MATH,祖暅原理,祖暅原理（等积原理）,被 2 个节点同时 claim（全局互斥）
MATH,离散型随机变量,求离散型随机变量分布列的步骤,以题面/指令开头（是题干不是名字）
MATH,离散型随机变量,求随机变量分布列的步骤,以题面/指令开头（是题干不是名字）
MATH,积化和差与和差化积公式,和差化积与积化和差,被 2 个节点同时 claim（全局互斥）
MATH,空间位置关系的向量表示,三点共线的向量表示,被 2 个节点同时 claim（全局互斥）
MATH,空间位置关系的向量表示,翻折问题第二步：翻折后明确所需量并确定数量与位置关系,超长（>24 字）
MATH,空间几何体中的截面问题,动点到定点距离为定值时的轨迹（球面被平面截得的圆面）,超长（>24 字）
MATH,空间几何体中的截面问题,球的截面面积最小值（截面垂直于球心与截面圆圆心的连线）,超长（>24 字）
MATH,空间几何体中的截面问题,用平行关系确定截面（平面 EBC 即平面 BCFE）,超长（>24 字）
MATH,空间几何体的直观图,解析几何勿漏斜率为 0 与不存在的直线,以题面/指令开头（是题干不是名字）
MATH,空间几何体的表面积和体积公式,已知侧棱与底面所成角求正三棱台的表面积,以题面/指令开头（是题干不是名字）
MATH,空间向量数量积的坐标表示及其应用,求数量积的三种方法,以题面/指令开头（是题干不是名字）
MATH,空间向量的有关概念,空间向量的概念与线性运算,被 2 个节点同时 claim（全局互斥）
MATH,空间向量的线性运算,空间向量的概念与线性运算,被 2 个节点同时 claim（全局互斥）
MATH,空间点线面的位置关系,判断点线面位置关系命题真假的策略,以题面/指令开头（是题干不是名字）
MATH,空集,空集的性质,被 2 个节点同时 claim（全局互斥）
MATH,端点取值需谨慎-在求参数范围时-要注意边界或区间端点值的检验-从而确定取舍,奇偶性特殊值法求参：一对相反数代入解参数并代回检验,超长（>24 字）
MATH,端点取值需谨慎-在求参数范围时-要注意边界或区间端点值的检验-从而确定取舍,已知零点个数求参数范围之分类讨论法：判单调→求端点值与极值→限制符号,超长（>24 字）
MATH,端点取值需谨慎-在求参数范围时-要注意边界或区间端点值的检验-从而确定取舍,求 ω 范围时注意区间开闭决定端点能否取得,以题面/指令开头（是题干不是名字）
MATH,端点取值需谨慎-在求参数范围时-要注意边界或区间端点值的检验-从而确定取舍,连续型集合含参问题：数轴画出区间→解不等式组→注意端点取舍,超长（>24 字）
MATH,等价转化法-将命题转化为另一个与之等价的且便于判断真假的命题,判断命题真假的两种主要方法,以题面/指令开头（是题干不是名字）
MATH,等和线,和为 $k$ 的等和线,含 LaTeX 定界符（是公式片段不是名字）
MATH,等差乘等比数列求和-令-可以用错位相减法,多次错位相减求和,以虚词结尾（截断残片）
MATH,等差乘等比数列求和-令-可以用错位相减法,差比数列的错位相减求和,以虚词结尾（截断残片）
MATH,等差乘等比数列求和-令-可以用错位相减法,求导后错位相减求和,以题面/指令开头（是题干不是名字）
MATH,等差乘等比数列求和-令-可以用错位相减法,等差×(−1)ⁿ 型数列用并项求和,以虚词结尾（截断残片）
MATH,等差乘等比数列求和-令-可以用错位相减法,等比数列前 $n$ 项和公式与分类讨论,含 LaTeX 定界符（是公式片段不是名字）
MATH,等差乘等比数列求和-令-可以用错位相减法,错位相减法求 (k+1)q^{k-1} 型和,以虚词结尾（截断残片）
MATH,等差乘等比数列求和-令-可以用错位相减法,错位相减法求和,以虚词结尾（截断残片）
MATH,等差乘等比数列求和-令-可以用错位相减法,错位相减法求等差乘等比数列的和,以虚词结尾（截断残片）
MATH,等差数列,构造数列法类型2：a₍ₙ₊₁₎=qaₙ+p·qⁿ⁺¹ 构造等差数列,超长（>24 字）
MATH,等差数列前n项和性质的应用,两个等差数列前 $n$ 项和之比的应用,含 LaTeX 定界符（是公式片段不是名字）
MATH,等差数列前n项和性质的应用,等差等比 $m+n=p+q$ 性质的“反之不成立”,超长（>24 字）
MATH,等差数列前n项和最值问题,$a_n$ 最大与 $S_n$ 最大之辨,含 LaTeX 定界符（是公式片段不是名字）
MATH,等差数列前n项和最值问题,等差数列前 n 项和的最值求法,被 2 个节点同时 claim（全局互斥）
MATH,等差数列前n项和最值问题,等差数列单调性与 $S_n$ 最值的求法,含 LaTeX 定界符（是公式片段不是名字）
MATH,等差数列前项和的常用性质,前n项和的片段性质与奇偶项和,以虚词结尾（截断残片）
MATH,等差数列前项和的常用性质,等差数列前 n 项和的最值求法,被 2 个节点同时 claim（全局互斥）
MATH,等差数列含绝对值问题,"a,b 不都为正时系数最值：比较 |A_k| 再按奇偶定号",超长（>24 字）
MATH,等差数列含绝对值问题,含绝对值的等差数列前 n 项和,以虚词结尾（截断残片）
MATH,等差数列含绝对值问题,含绝对值的等差数列求和,以虚词结尾（截断残片）
MATH,等差数列的判定与证明方法,等差数列的五种判定方法,被 2 个节点同时 claim（全局互斥）
MATH,等差数列的判定方法,等差数列的五种判定方法,被 2 个节点同时 claim（全局互斥）
MATH,等差数列的前n项和,等差数列的前n项和,以虚词结尾（截断残片）
MATH,等差数列的有关公式,等差数列的通项、中项与前n项和,以虚词结尾（截断残片）
MATH,等差数列的有关概念,等差数列的定义,被 2 个节点同时 claim（全局互斥）
MATH,等差数列的有关概念,等差数列的定义与等差中项,被 2 个节点同时 claim（全局互斥）
MATH,等差数列的通项,插入型新数列的项数与求和,以虚词结尾（截断残片）
MATH,等差数列的通项,等差数列的定义,被 2 个节点同时 claim（全局互斥）
MATH,等差数列的通项,等差数列的定义与等差中项,被 2 个节点同时 claim（全局互斥）
MATH,等差数列的通项,等差数列的通项与前 $n$ 项和公式,含 LaTeX 定界符（是公式片段不是名字）
MATH,等比放缩,把通项放缩成等比数列再求和,以虚词结尾（截断残片）
MATH,等比数列,构造数列法类型1：a₍ₙ₊₁₎=kaₙ+p 构造等比数列,超长（>24 字）
MATH,等比数列,等比数列公比 $q>0$ 时各项不一定为正,含 LaTeX 定界符（是公式片段不是名字）
MATH,等比数列,等比数列的定义,被 2 个节点同时 claim（全局互斥）
MATH,等比数列前项和的常用性质,等比数列前 $n$ 项和的性质,含 LaTeX 定界符（是公式片段不是名字）
MATH,等比数列前项和的常用性质,等比数列的常用性质,与同学科另一节点主名相同（歧义）
MATH,等比数列性质应用问题的解题突破口,对称问题的处理：对称式用 x₁+x₂ 与 x₁x₂ 整体代入,超长（>24 字）
MATH,等比数列的判定与证明方法,等比数列的四种判定方法,被 3 个节点同时 claim（全局互斥）
MATH,等比数列的判断与证明方法,等比数列的四种判定方法,被 3 个节点同时 claim（全局互斥）
MATH,等比数列的前n项和,无穷递缩等比数列的各项和,以虚词结尾（截断残片）
MATH,等比数列的前n项和,等比含 (−1)ⁿ 型数列的前 n 项和写成分段形式,超长（>24 字）
MATH,等比数列的前n项和,等比数列的前n项和,以虚词结尾（截断残片）
MATH,等比数列的前n项和,等比数列的前n项和公式,被 2 个节点同时 claim（全局互斥）
MATH,等比数列的常用性质,等比数列连乘转化为对数之和,以虚词结尾（截断残片）
MATH,等比数列的有关公式,等比数列的通项、中项与前n项和,以虚词结尾（截断残片）
MATH,等比数列的有关概念,等比数列的定义与等比中项,被 2 个节点同时 claim（全局互斥）
MATH,等比数列的通项,等比数列的四种判定方法,被 3 个节点同时 claim（全局互斥）
MATH,等比数列的通项,等比数列的定义,被 2 个节点同时 claim（全局互斥）
MATH,等比数列的通项,等比数列的定义与等比中项,被 2 个节点同时 claim（全局互斥）
MATH,累加法-适用于an-1-an-f-n-可变形为an-1-an-f-n,双变量同构变形②：$\dfrac{f(x_1)-f(x_2)}{x_1-x_2}>k\ (x_1<x_2)$ 时构造 $h(x)=f(x)-kx$,超长（>24 字）
MATH,累加法-适用于an-1-an-f-n-可变形为an-1-an-f-n,双变量同构变形③：$\dfrac{f(x_1)-f(x_2)}{x_1-x_2}<\dfrac{k}{x_1x_2}\ (x_1<x_2)$ 时构造 $h(x)=f(x)+\dfrac{k}{x}$,超长（>24 字）
MATH,线面平行定理的理解不够准确,线面平行的判定定理,被 2 个节点同时 claim（全局互斥）
MATH,线面平行定理的理解不够准确,线面平行的性质定理,被 2 个节点同时 claim（全局互斥）
MATH,线面平行定理的理解不够准确,面面平行的判定定理,被 2 个节点同时 claim（全局互斥）
MATH,绝对值不等式,对数均值不等式,被 2 个节点同时 claim（全局互斥）
MATH,裂项放缩,放缩结论：1/n² < 1/(n²−1)（n≥2）,超长（>24 字）
MATH,裂项放缩,放缩结论：1/n² < 1/[n(n−1)]（n≥2）,超长（>24 字）
MATH,裂项放缩,放缩结论：2ⁿ/(2ⁿ−1)² 裂项放缩（n≥2）,超长（>24 字）
MATH,裂项相消求和时遗漏剩余项致错,裂项后利用 (−1)ⁿ 正负交替求和,以虚词结尾（截断残片）
MATH,裂项相消求和时遗漏剩余项致错,裂项相消法求和,以虚词结尾（截断残片）
MATH,裂项相消法中常见的裂项技巧,分式与对数同时望远镜求和,以虚词结尾（截断残片）
MATH,裂项相消法中常见的裂项技巧,分母有理化后并项求和,以虚词结尾（截断残片）
MATH,裂项相消法中常见的裂项技巧,裂项后正负相消的配对求和,以虚词结尾（截断残片）
MATH,角平分线定理,解三角形中的角平分线问题,以题面/指令开头（是题干不是名字）
MATH,解一元二次不等式的步骤,解一元二次不等式的三个步骤,以题面/指令开头（是题干不是名字）
MATH,解一元二次不等式的步骤,解一元二次不等式的四个步骤,以题面/指令开头（是题干不是名字）
MATH,解三角形与三角函数的综合,解三角形与三角函数的交汇处理,以题面/指令开头（是题干不是名字）
MATH,解三角形中周长最值的求法,解三角形中周长最值的三条路径,以题面/指令开头（是题干不是名字）
MATH,解三角形中的几何图形及证明类问题,解三角形几何图形问题的六法,以题面/指令开头（是题干不是名字）
MATH,解三角形中的周长与边长范围问题,求边长与周长最值范围的方法,以题面/指令开头（是题干不是名字）
MATH,解三角形中的常用结论,解三角形中的常用结论,以题面/指令开头（是题干不是名字）
MATH,解三角形中的最值与范围问题,解三角形中面积与边长最值的转化路径,以题面/指令开头（是题干不是名字）
MATH,解三角形中的最值与范围问题,解三角形最值与范围的解题思路,以题面/指令开头（是题干不是名字）
MATH,解三角形中的最值与范围问题,解三角形最值范围的五种处理技巧,以题面/指令开头（是题干不是名字）
MATH,解三角形中的最值与范围问题,解三角形最值范围问题的知识框架,以题面/指令开头（是题干不是名字）
MATH,解三角形中的最值与范围问题,解三角形最值范围问题的解题策略与注意点,以题面/指令开头（是题干不是名字）
MATH,解三角形中的最值与范围问题,解三角形最值范围问题知识地图,以题面/指令开头（是题干不是名字）
MATH,解三角形中的最值范围问题,解三角形中最值与范围的求解策略,以题面/指令开头（是题干不是名字）
MATH,解三角形中的最值范围问题,解三角形中求最值与取值范围的方法,以题面/指令开头（是题干不是名字）
MATH,解三角形中的最值范围问题,解三角形最值范围问题的核心思路,以题面/指令开头（是题干不是名字）
MATH,解三角形中的范围与最值问题,解三角形最值问题的两个易错点,以题面/指令开头（是题干不是名字）
MATH,解三角形中角的范围问题,求三角形中角的范围的转化路径,以题面/指令开头（是题干不是名字）
MATH,解三角形图形类问题的解题方法,解三角形图形类问题的方法,以题面/指令开头（是题干不是名字）
MATH,解三角形在平面几何中的应用,解三角形在平面几何中的应用,以题面/指令开头（是题干不是名字）
MATH,解三角形常用二级结论,解三角形常用二级结论,以题面/指令开头（是题干不是名字）
MATH,解三角形的实际应用,解三角形存在性问题的处理,以题面/指令开头（是题干不是名字）
MATH,解三角形的实际应用,解三角形实际应用中的名词术语,以题面/指令开头（是题干不是名字）
MATH,解三角形的实际应用,解三角形实际应用的建模步骤,以题面/指令开头（是题干不是名字）
MATH,解三角形的实际应用,解三角形实际应用的易错与技巧,以题面/指令开头（是题干不是名字）
MATH,解三角形的实际应用,解三角形应用题的一般步骤,以题面/指令开头（是题干不是名字）
MATH,解三角形的实际应用,解三角形的实际应用（测量问题）,以题面/指令开头（是题干不是名字）
MATH,解三角形的实际应用,解三角形解答题的通用流程,以题面/指令开头（是题干不是名字）
MATH,解三角形的实际应用,解三角形隐含条件：两边之和大于第三边,以题面/指令开头（是题干不是名字）
MATH,解三角形的实际应用,解单个三角形的工具选择,以题面/指令开头（是题干不是名字）
MATH,解三角形的实际应用,解多个三角形的关联手段,以题面/指令开头（是题干不是名字）
MATH,解决双变量-存在性-或-任意性-的等式问题,存在性转最值（双函数）：同变量 $\exists x$ 比 $[f-g]_{\max}$，双变量 $\exists x_1\exists x_2$ 比 $f_{\max}$ 与 $g_{\min}$,超长（>24 字）
MATH,解函数模型的步骤,解函数模型的四个步骤,以题面/指令开头（是题干不是名字）
MATH,解分数不等式忽略分母不为零致错,分式不等式与绝对值不等式的等价转化,被 2 个节点同时 claim（全局互斥）
MATH,解分数不等式忽略分母不为零致错,解分式不等式勿忽略分母不为零,以题面/指令开头（是题干不是名字）
MATH,解析几何中向量条件的处理方法,解析几何中向量条件的处理方法,以题面/指令开头（是题干不是名字）
MATH,证明点共线问题的2种方法,切线问题的三个关系列方程,被 2 个节点同时 claim（全局互斥）
MATH,证明面面垂直的方法,面面垂直的判定与性质,被 2 个节点同时 claim（全局互斥）
MATH,证明面面垂直的方法,面面垂直的性质定理,被 2 个节点同时 claim（全局互斥）
MATH,诱导公式,诱导公式总口诀“奇变偶不变，符号看象限”,含逗号/句末标点（是句子不是名字）
MATH,赋值法求系数和,奇数项与偶数项系数和,以虚词结尾（截断残片）
MATH,赋值法求系数和,赋值法求系数和,以虚词结尾（截断残片）
MATH,辨-易混易错-辨析易混易错知识点-夯实基础,求导运算的正误辨析,以题面/指令开头（是题干不是名字）
MATH,边角互化,已知一边及对角时 $b+c$ 与 $bc$ 的整体处理,超长（>24 字）
MATH,边角互化,解三角形与三角函数结合的最值策略,以题面/指令开头（是题干不是名字）
MATH,边角互化,解三角形中用整体代换求周长,以题面/指令开头（是题干不是名字）
MATH,边角互化,解三角形的常用结论与边角互化思路,以题面/指令开头（是题干不是名字）
MATH,边角互化,解三角形的边角互化与内角和定理,以题面/指令开头（是题干不是名字）
MATH,边角互化,解三角形的边角互化方法,以题面/指令开头（是题干不是名字）
MATH,边角互化,解三角形的边角转化策略,以题面/指令开头（是题干不是名字）
MATH,边角互化,解三角形问题的解题流程,以题面/指令开头（是题干不是名字）
MATH,过定点的多切线问题,切线条件转化为方程解的个数：由过定点或定斜率得参数方程，用判别式讨论,超长（>24 字）
MATH,过定点的多切线问题,多切线问题四步法：设切点→求斜率→写切线方程→条件代入讨论解的个数,超长（>24 字）
MATH,过定点的多切线问题,已知切线条数求参数的两种方法,以题面/指令开头（是题干不是名字）
MATH,过定点的多切线问题,已知切线条数求参数范围,以题面/指令开头（是题干不是名字）
MATH,连续使用基本不等式忽略等号同时成立致错,含参集合端点取等验证法：假设等号成立看是否符合题意,超长（>24 字）
MATH,连续使用基本不等式忽略等号同时成立致错,多次使用基本不等式：每步放缩的取等条件必须能同时成立,超长（>24 字）
MATH,配方法-主要用于二次函数或可化为二次函数的函数-要特别注意自变量的取值范围,抽象函数模型：二次函数型对应 $f(x+y)=f(x)+f(y)+2axy-c$,超长（>24 字）
MATH,重要不等式-当且仅当时取号,"基本不等式：a+b≥2√(ab)（a,b>0），当且仅当 a=b 时取等号",超长（>24 字）
MATH,重要不等式-当且仅当时取号,重要不等式 $a^2+b^2\ge 2ab$,含 LaTeX 定界符（是公式片段不是名字）
MATH,错判数量积的符号与夹角关系,$y=\sin\omega x$ 的增区间需先看 $\omega$ 的符号,超长（>24 字）
MATH,错判数量积的符号与夹角关系,由 $\tan\alpha$ 处理 $\sin\alpha\pm\cos\alpha$ 的符号判断,超长（>24 字）
MATH,随机事件的相互独立性,判断事件相互独立的方法,以题面/指令开头（是题干不是名字）
MATH,随机事件的相互独立性,对立事件的 $P(A)+P(B)=1$ 的“反之不成立”,超长（>24 字）
MATH,隔板法,直接隔板法：n 个相同元素分 m 组每组至少 1 个,超长（>24 字）
MATH,集合中元素的特征,集合元素的三个特性,被 2 个节点同时 claim（全局互斥）
MATH,集合新定义的解题思路,解决集合新定义问题的策略,以题面/指令开头（是题干不是名字）
MATH,集合的含义与表示,$N$ 与 $N^*$（自然数集与正整数集）,含 LaTeX 定界符（是公式片段不是名字）
MATH,集合的含义与表示,元素与集合的关系及集合的表示法,被 2 个节点同时 claim（全局互斥）
MATH,集合的含义与表示,集合的三种表示法,被 2 个节点同时 claim（全局互斥）
MATH,零点个数与所在区间的判断方法,判断零点所在区间与零点个数的方法,以题面/指令开头（是题干不是名字）
MATH,面面垂直性质的应用,线面垂直的性质定理,被 2 个节点同时 claim（全局互斥）
MATH,面面垂直性质的应用,面面垂直的性质定理,被 2 个节点同时 claim（全局互斥）
MATH,频率的稳定性与频率估计概率,频率的稳定性与用频率估计概率,被 2 个节点同时 claim（全局互斥）
MATH,频率的稳定性（用频率估计概率）,频率的稳定性与用频率估计概率,被 2 个节点同时 claim（全局互斥）
PHYSICS,万有引力与航天的理解应用,卫星运行参量随轨道半径的变化规律,被 2 个节点同时 claim（全局互斥）
PHYSICS,万有引力定律,万有引力定律的内容与适用条件,被 2 个节点同时 claim（全局互斥）
PHYSICS,万有引力定律的应用,万有引力定律的内容与适用条件,被 2 个节点同时 claim（全局互斥）
PHYSICS,三个自由点电荷的平衡模型,三个自由点电荷的平衡规律,被 2 个节点同时 claim（全局互斥）
PHYSICS,不同高度卫星物理量的比较,卫星运行参量随轨道半径的变化规律,被 2 个节点同时 claim（全局互斥）
PHYSICS,两种表述,热力学第二定律的两种表述,被 2 个节点同时 claim（全局互斥）
PHYSICS,临界-极值问题,平衡中极值问题的三种解法,被 2 个节点同时 claim（全局互斥）
PHYSICS,临界-极值问题,平衡中的极值问题,被 2 个节点同时 claim（全局互斥）
PHYSICS,临界法,解决临界极值问题的三种方法,以题面/指令开头（是题干不是名字）
PHYSICS,临界法,解答临界问题的三种方法,以题面/指令开头（是题干不是名字）
PHYSICS,二次感应问题（程序法与逆向推理法）,二次感应问题的程序法与逆向推理法,被 2 个节点同时 claim（全局互斥）
PHYSICS,交变电流的瞬时值-峰值-有效值和平均值,书写交变电流瞬时值表达式的步骤,坏名检测：题干/答案标记
PHYSICS,产生感应电流的条件,产生感应电流条件的两种表述,被 2 个节点同时 claim（全局互斥）
PHYSICS,产生感应电流的条件,电磁振荡与电磁波：LC 回路振荡、电磁场与电磁波谱,超长（>24 字）
PHYSICS,人船模型,人船模型,被 2 个节点同时 claim（全局互斥）
PHYSICS,仪器介绍-磁流体发电是一项新兴技术-它可以把内能直接转化为电能,磁流体发电机的工作原理,被 2 个节点同时 claim（全局互斥）
PHYSICS,仪器介绍-磁流体发电是一项新兴技术-它可以把内能直接转化为电能,速度选择器、磁流体发电机、电磁流量计与霍尔元件,被 2 个节点同时 claim（全局互斥）
PHYSICS,仪器构造-质谱仪由粒子源-加速电场-偏转磁场和照相底片构成,质谱仪的构造与原理,被 2 个节点同时 claim（全局互斥）
PHYSICS,传播方向和振动方向的判断-图像理解,波的图像,被 2 个节点同时 claim（全局互斥）
PHYSICS,传播方向和振动方向的判断-图像理解,用 v-t 图像面积差判断追及,以虚词结尾（截断残片）
PHYSICS,传播方向和振动方向的判断-图像理解,静摩擦力有无与方向的判断,被 2 个节点同时 claim（全局互斥）
PHYSICS,传送带上的相对位移与划痕,相对位移与划痕长度的计算,被 2 个节点同时 claim（全局互斥）
PHYSICS,传送带模型,传送带模型的分析要点,被 2 个节点同时 claim（全局互斥）
PHYSICS,传送带模型,传送带问题的分析方法,被 2 个节点同时 claim（全局互斥）
PHYSICS,传送带模型,求解水平传送带问题的解题策略,以题面/指令开头（是题干不是名字）
PHYSICS,传送带模型中的功和能量的关系,传送带模型的分析要点,被 2 个节点同时 claim（全局互斥）
PHYSICS,传送带模型中的功和能量的关系,传送带问题中的功能关系,被 2 个节点同时 claim（全局互斥）
PHYSICS,传送带模型中的功和能量的关系,求传送带电机多消耗电能的方法,以题面/指令开头（是题干不是名字）
PHYSICS,位移,位移与路程,被 3 个节点同时 claim（全局互斥）
PHYSICS,位移,路程与位移的区别,被 2 个节点同时 claim（全局互斥）
PHYSICS,作用力与反作用力,牛顿第三定律与平衡力的区别,被 2 个节点同时 claim（全局互斥）
PHYSICS,倾斜传送带,求解倾斜传送带问题的解题策略,以题面/指令开头（是题干不是名字）
PHYSICS,倾斜传送带,解决倾斜传送带问题的三个关键,以题面/指令开头（是题干不是名字）
PHYSICS,做直线运动的条件,做曲线运动的条件,被 2 个节点同时 claim（全局互斥）
PHYSICS,做直线运动的条件,带电粒子做直线运动的条件,被 2 个节点同时 claim（全局互斥）
PHYSICS,做直线运动的条件,带电粒子在电场中做直线运动的条件,被 2 个节点同时 claim（全局互斥）
PHYSICS,做直线运动的条件,离心运动与近心运动的条件,被 2 个节点同时 claim（全局互斥）
PHYSICS,光学实验中的误差分析,折射率实验的误差与注意事项,被 2 个节点同时 claim（全局互斥）
PHYSICS,光电效应,光电效应现象与实验规律,被 3 个节点同时 claim（全局互斥）
PHYSICS,光电效应现象,光电效应现象与实验规律,被 3 个节点同时 claim（全局互斥）
PHYSICS,光电效应的图像问题,E_km-ν 图像的三要素（横截距、纵截距、斜率）,超长（>24 字）
PHYSICS,光电效应的图像问题,光电效应 I-U 图像（不同光强）：遏止电压相同、饱和电流不同,超长（>24 字）
PHYSICS,光电效应的规律,光电效应现象与实验规律,被 3 个节点同时 claim（全局互斥）
PHYSICS,光的反射和折射,折射定律与折射率,被 5 个节点同时 claim（全局互斥）
PHYSICS,光的干涉,双缝干涉中亮暗条纹的判断,被 2 个节点同时 claim（全局互斥）
PHYSICS,光的折射,应用折射定律解题的一般思路,被 3 个节点同时 claim（全局互斥）
PHYSICS,光的折射,折射定律与折射率,被 5 个节点同时 claim（全局互斥）
PHYSICS,光的折射,求解光的折射和全反射问题的思路,以题面/指令开头（是题干不是名字）
PHYSICS,光的折射,视深公式 $h=\frac{H}{n}$,含 LaTeX 定界符（是公式片段不是名字）
PHYSICS,光的折射,视高公式 $h'=nH$,含 LaTeX 定界符（是公式片段不是名字）
PHYSICS,光的波粒二象性,光的波粒二象性与物质波,被 3 个节点同时 claim（全局互斥）
PHYSICS,光的波粒二象性-长期争论后达成的共识,光的波粒二象性与物质波,被 3 个节点同时 claim（全局互斥）
PHYSICS,光的衍射,光的衍射现象,被 2 个节点同时 claim（全局互斥）
PHYSICS,全反射,求解全反射问题的四点提醒,以题面/指令开头（是题干不是名字）
PHYSICS,公式选用原则,功能关系的选用原则,被 2 个节点同时 claim（全局互斥）
PHYSICS,共振,受迫振动与共振,被 3 个节点同时 claim（全局互斥）
PHYSICS,共点力平衡,求解共点力平衡的四种方法,以题面/指令开头（是题干不是名字）
PHYSICS,共点力平衡,解答平衡问题的常用数学方法,以题面/指令开头（是题干不是名字）
PHYSICS,共点力的动态平衡,动态平衡的图解法,被 2 个节点同时 claim（全局互斥）
PHYSICS,共点力的动态平衡,动态平衡的解析法,被 2 个节点同时 claim（全局互斥）
PHYSICS,共点力的动态平衡,平衡中极值问题的三种解法,被 2 个节点同时 claim（全局互斥）
PHYSICS,共点力的平衡临界极值问题-临界条件,平衡中的极值问题,被 2 个节点同时 claim（全局互斥）
PHYSICS,共点力的平衡临界极值问题-临界条件,求解平衡极值问题的数学分析法与物理分析法,以题面/指令开头（是题干不是名字）
PHYSICS,关联速度的分析-运动分解的核心思想,关联速度问题的分析思路,被 2 个节点同时 claim（全局互斥）
PHYSICS,内能,物体的内能及其决定因素,被 2 个节点同时 claim（全局互斥）
PHYSICS,冲量,冲量的定义与计算,被 2 个节点同时 claim（全局互斥）
PHYSICS,冲量的计算方法,冲量的定义与计算,被 2 个节点同时 claim（全局互斥）
PHYSICS,冲量的计算方法,计算冲量的四点注意,以题面/指令开头（是题干不是名字）
PHYSICS,函数法,解析式法：写出解析式读图像,以题面/指令开头（是题干不是名字）
PHYSICS,分子模型,微观量估算与两种分子模型,被 2 个节点同时 claim（全局互斥）
PHYSICS,分子模型,求解分子直径或棱长的两种模型,以题面/指令开头（是题干不是名字）
PHYSICS,分子的平均动能,物体的内能及其决定因素,被 2 个节点同时 claim（全局互斥）
PHYSICS,分子间作用力,分子动理论：物质由大量分子组成，分子永不停息地做无规则热运动，分子间存在引力和斥力,超长（>24 字）
PHYSICS,分析方法,含电容器电路的分析方法,被 5 个节点同时 claim（全局互斥）
PHYSICS,创新实验方法测玻璃砖的折射率,临界角公式 $\sin C=\frac{1}{n}$,超长（>24 字）
PHYSICS,创新实验方法测玻璃砖的折射率,折射定律与折射率,被 5 个节点同时 claim（全局互斥）
PHYSICS,创新实验方法测玻璃砖的折射率,测量玻璃的折射率,被 2 个节点同时 claim（全局互斥）
PHYSICS,创新实验方法测玻璃砖的折射率,重心及其确定方法,被 2 个节点同时 claim（全局互斥）
PHYSICS,创新实验验证动量守恒,验证动量守恒定律的实验原理,被 2 个节点同时 claim（全局互斥）
PHYSICS,创新实验验证动量守恒,验证动量守恒实验的注意事项,被 2 个节点同时 claim（全局互斥）
PHYSICS,初速度为零的几个重点推论,不等距双杆（光滑、有初速度）：电流为零且 $BL_a v_a=BL_b v_b$,超长（>24 字）
PHYSICS,初速度为零的几个重点推论,初速度为零的匀加速直线运动的比例式,被 2 个节点同时 claim（全局互斥）
PHYSICS,初速度为零的几个重点推论,初速度为零的匀加速运动比例式,被 2 个节点同时 claim（全局互斥）
PHYSICS,初速度为零的几个重点推论,初速度为零的匀变速直线运动的四个比例式,被 2 个节点同时 claim（全局互斥）
PHYSICS,判断滑块和模板运动状态的技巧,判断物块是否在共速前滑离木板,以题面/指令开头（是题干不是名字）
PHYSICS,判断电磁感应现象能否产生的方法,产生感应电流条件的两种表述,被 2 个节点同时 claim（全局互斥）
PHYSICS,判断电磁感应现象能否产生的方法,判断回路中是否产生感应电流,以题面/指令开头（是题干不是名字）
PHYSICS,判断电磁感应现象能否产生的方法,判断感应电流有无的方法,以题面/指令开头（是题干不是名字）
PHYSICS,力的分解,力的效果分解法与正交分解法,被 2 个节点同时 claim（全局互斥）
PHYSICS,力的合成,力的合成与合力范围,被 2 个节点同时 claim（全局互斥）
PHYSICS,力的合成,求共点力合力的作图法与计算法,以题面/指令开头（是题干不是名字）
PHYSICS,力的合成,求合力与分力的计算方法,以题面/指令开头（是题干不是名字）
PHYSICS,力的基础概念-重力-弹力-摩擦力,力的概念与作用效果,被 2 个节点同时 claim（全局互斥）
PHYSICS,力的基础概念-重力-弹力-摩擦力,求解摩擦力的四点注意,以题面/指令开头（是题干不是名字）
PHYSICS,功,判断是否做功及正负的三条路径,以题面/指令开头（是题干不是名字）
PHYSICS,功,功的定义与正负判断,被 2 个节点同时 claim（全局互斥）
PHYSICS,功,计算功的五种方法,以题面/指令开头（是题干不是名字）
PHYSICS,功能关系,功是能量转化的量度,被 2 个节点同时 claim（全局互斥）
PHYSICS,功能关系,电磁感应中的能量转化,被 2 个节点同时 claim（全局互斥）
PHYSICS,功能关系分析,传送带问题中的功能关系,被 2 个节点同时 claim（全局互斥）
PHYSICS,功能关系分析,功能关系的选用原则,被 2 个节点同时 claim（全局互斥）
PHYSICS,功能关系和能量守恒定律,电场中的能量守恒,被 2 个节点同时 claim（全局互斥）
PHYSICS,加速度,“电源+杆”模型：最大速度 $v_m=\frac{E}{BL}$,超长（>24 字）
PHYSICS,加速度,“电阻+杆”模型（有初速度无外力）：加速度减小的减速至静止,超长（>24 字）
PHYSICS,加速度,加速度的定义式与决定式,被 2 个节点同时 claim（全局互斥）
PHYSICS,加速度,逐差法求加速度,被 2 个节点同时 claim（全局互斥）
PHYSICS,加速度,速度、速度变化量与加速度的关系,被 2 个节点同时 claim（全局互斥）
PHYSICS,加速度,速度、速度变化量与加速度的比较,被 2 个节点同时 claim（全局互斥）
PHYSICS,动力学三大观点在多体问题和多过程运动中的应用,用动力学和能量观点分析多运动组合问题,被 2 个节点同时 claim（全局互斥）
PHYSICS,动力学三大观点在电磁学中的应用,电场中力电综合问题的三大观点,被 2 个节点同时 claim（全局互斥）
PHYSICS,动力学三大观点的基本理解和应用,解决动力学问题的三个基本观点,以题面/指令开头（是题干不是名字）
PHYSICS,动力学图像法在动力学问题中的应用-数形结合思想,动力学图像问题的解题策略,被 2 个节点同时 claim（全局互斥）
PHYSICS,动力学的两类基本问题的解题步骤,动力学图像问题的解题策略,被 2 个节点同时 claim（全局互斥）
PHYSICS,动力学的两类基本问题的解题步骤,动力学的两类基本问题,被 2 个节点同时 claim（全局互斥）
PHYSICS,动力学的两类基本问题的解题步骤,解决动力学两类基本问题的思路,以题面/指令开头（是题干不是名字）
PHYSICS,动力学的两类基本问题的解题步骤,解决动力学问题的关键要点,以题面/指令开头（是题干不是名字）
PHYSICS,动态平衡问题,动态平衡的图解法,被 2 个节点同时 claim（全局互斥）
PHYSICS,动态平衡问题,动态平衡的解析法,被 2 个节点同时 claim（全局互斥）
PHYSICS,动能,动能与动能变化的区别,被 2 个节点同时 claim（全局互斥）
PHYSICS,动能定理,动能定理处理往复运动问题,被 2 个节点同时 claim（全局互斥）
PHYSICS,动能定理,用动能定理求变力做功,被 3 个节点同时 claim（全局互斥）
PHYSICS,动能定理及其应用-功能关系,动能定理处理往复运动问题,被 2 个节点同时 claim（全局互斥）
PHYSICS,动能定理及其应用-功能关系,用动能定理求变力做功,被 3 个节点同时 claim（全局互斥）
PHYSICS,动能定理在多过程问题中的应用,动能定理处理多过程问题的两种思路,被 2 个节点同时 claim（全局互斥）
PHYSICS,动量,动量与动能的比较,被 2 个节点同时 claim（全局互斥）
PHYSICS,动量,动量与动量变化量,被 2 个节点同时 claim（全局互斥）
PHYSICS,动量变化量的理解和计算,动量与动量变化量,被 2 个节点同时 claim（全局互斥）
PHYSICS,动量守恒中的速度,动量守恒定律的五个特性,被 2 个节点同时 claim（全局互斥）
PHYSICS,动量守恒定律,人船模型,被 2 个节点同时 claim（全局互斥）
PHYSICS,动量守恒定律,动量守恒定律的表达式,被 2 个节点同时 claim（全局互斥）
PHYSICS,动量守恒定律,验证动量守恒定律的实验原理,被 2 个节点同时 claim（全局互斥）
PHYSICS,动量守恒定律,验证动量守恒实验的注意事项,被 2 个节点同时 claim（全局互斥）
PHYSICS,动量守恒定律的推导,动量守恒定律的五个特性,被 2 个节点同时 claim（全局互斥）
PHYSICS,动量定理的应用-流体类模型,“电容器+杆”模型（有初速度）：末速度 $v=\frac{mv_0}{m+B^2L^2C}$,超长（>24 字）
PHYSICS,动量定理的应用-流体类模型,微粒类柱状模型,被 2 个节点同时 claim（全局互斥）
PHYSICS,动量定理的应用-流体类模型,解决流体模型相关问题的解题思路,以题面/指令开头（是题干不是名字）
PHYSICS,匀变速直线运动,匀变速直线运动的三个基本公式,被 2 个节点同时 claim（全局互斥）
PHYSICS,匀变速直线运动的规律,初速度为零的匀加速直线运动的比例式,被 2 个节点同时 claim（全局互斥）
PHYSICS,匀变速直线运动的规律,匀变速直线运动的三个基本公式,被 2 个节点同时 claim（全局互斥）
PHYSICS,匀变速直线运动问题常用的解题方法,能量问题的解题方法,被 2 个节点同时 claim（全局互斥）
PHYSICS,匀变速直线运动问题常用的解题方法,解决匀变速直线运动的六种思想方法,以题面/指令开头（是题干不是名字）
PHYSICS,半偏法测电表内阻,电压表半偏法测内阻,被 2 个节点同时 claim（全局互斥）
PHYSICS,半偏法测电表内阻,电流表半偏法测内阻,被 2 个节点同时 claim（全局互斥）
PHYSICS,半偏法测电阻,电压表半偏法测内阻,被 2 个节点同时 claim（全局互斥）
PHYSICS,半偏法测电阻,电流表半偏法测内阻,被 2 个节点同时 claim（全局互斥）
PHYSICS,半衰期,半衰期的公式与影响因素,被 2 个节点同时 claim（全局互斥）
PHYSICS,半衰期的理解-计算和应用,半衰期的公式与影响因素,被 2 个节点同时 claim（全局互斥）
PHYSICS,单位制,力学单位制,被 2 个节点同时 claim（全局互斥）
PHYSICS,单位制,单位制、基本单位与导出单位,被 2 个节点同时 claim（全局互斥）
PHYSICS,单位制-由基本单位和导出单位共同构成-常考-国际单位制-si-国际制基本单位,力学单位制,被 2 个节点同时 claim（全局互斥）
PHYSICS,单位制-由基本单位和导出单位共同构成-常考-国际单位制-si-国际制基本单位,单位制、基本单位与导出单位,被 2 个节点同时 claim（全局互斥）
PHYSICS,单摆,用单摆测重力加速度的原理与操作,被 2 个节点同时 claim（全局互斥）
PHYSICS,卫星发射速度和宇宙速度与运动轨迹的关系,探究向心力大小与半径、角速度、质量的关系,被 2 个节点同时 claim（全局互斥）
PHYSICS,卫星变轨-1-2-3,卫星变轨的原理与过程,被 2 个节点同时 claim（全局互斥）
PHYSICS,原子核的组成-原子核是由质子和中子组成的-原子核的电荷数等于核内的质子数,原子核的组成与天然放射现象,被 2 个节点同时 claim（全局互斥）
PHYSICS,原子核衰变,α 衰变与 β 衰变的比较、三种射线与衰变次数的确定,超长（>24 字）
PHYSICS,原子核衰变,衰变次数的计算方法,被 2 个节点同时 claim（全局互斥）
PHYSICS,原子核衰变的类型判断和次数计算,衰变次数的计算方法,被 2 个节点同时 claim（全局互斥）
PHYSICS,参考系,质点与参考系,被 2 个节点同时 claim（全局互斥）
PHYSICS,双星与多星问题的分析关键,解决双星和多星问题的四个关键,以题面/指令开头（是题干不是名字）
PHYSICS,受力分析-图示如下,受力分析的一般顺序,被 2 个节点同时 claim（全局互斥）
PHYSICS,受力分析多力漏力-受力分析方法,受力分析的一般顺序,被 2 个节点同时 claim（全局互斥）
PHYSICS,受力分析多力漏力-受力分析方法,受力分析的四种方法,被 2 个节点同时 claim（全局互斥）
PHYSICS,受迫振动,受迫振动与共振,被 3 个节点同时 claim（全局互斥）
PHYSICS,受迫振动,阻尼振动与受迫振动,被 2 个节点同时 claim（全局互斥）
PHYSICS,变轨原理,卫星变轨的原理与过程,被 2 个节点同时 claim（全局互斥）
PHYSICS,变轨过程分析,变轨过程中各物理量的大小比较,被 2 个节点同时 claim（全局互斥）
PHYSICS,合力做功的计算方法,各种力做功的特点,被 2 个节点同时 claim（全局互斥）
PHYSICS,合力做功的计算方法,求变力做功的五种方法,以题面/指令开头（是题干不是名字）
PHYSICS,合力做功的计算方法,求总功的三种方法,以题面/指令开头（是题干不是名字）
PHYSICS,合力做功的计算方法,计算功的三种方法,以题面/指令开头（是题干不是名字）
PHYSICS,合力做功的计算方法,静电力做功的特点与计算,被 2 个节点同时 claim（全局互斥）
PHYSICS,合外力做功与动能的关系,“电阻+杆”模型（恒力）能量分配 $W_F=Q+\frac{1}{2}mv_m^2$,超长（>24 字）
PHYSICS,合外力做功与动能的关系,动量与动能的比较,被 2 个节点同时 claim（全局互斥）
PHYSICS,合外力做功与动能的关系,双杆（光滑、恒力）能量：$W_F=\Delta E_k+Q$,超长（>24 字）
PHYSICS,合外力做功与动能的关系,双杆（光滑、无外力）能量：$Q=-\Delta E_k$,超长（>24 字）
PHYSICS,合成与分解法则-平行四边形法则,力的合成与合力范围,被 2 个节点同时 claim（全局互斥）
PHYSICS,合成与分解法则-平行四边形法则,实验：弹簧弹力与力的平行四边形定则·易混概念辨析（一）,超长（>24 字）
PHYSICS,合成与分解法则-平行四边形法则,实验：弹簧弹力与力的平行四边形定则·易混概念辨析（二）,超长（>24 字）
PHYSICS,同位素,放射性同位素及其应用与防护,被 2 个节点同时 claim（全局互斥）
PHYSICS,同条件同加速度轻绳连接体动力学的计算问题,等距双杆（光滑、一杆受恒定外力）：最终同加速度匀加速,超长（>24 字）
PHYSICS,同步卫星,地球同步卫星的四个一定,被 2 个节点同时 claim（全局互斥）
PHYSICS,向心力,向心力与向心加速度,被 2 个节点同时 claim（全局互斥）
PHYSICS,向心加速度,向心力与向心加速度,被 2 个节点同时 claim（全局互斥）
PHYSICS,含容电路的分析方法,含电容器电路的分析方法,被 5 个节点同时 claim（全局互斥）
PHYSICS,含电容器电路的分析,含电容器电路的分析方法,被 5 个节点同时 claim（全局互斥）
PHYSICS,含电容器的电路问题,含电容器电路的分析方法,被 5 个节点同时 claim（全局互斥）
PHYSICS,周期和频率,交变电流的周期与频率,被 2 个节点同时 claim（全局互斥）
PHYSICS,周期性,简谐运动的周期性与对称性,被 2 个节点同时 claim（全局互斥）
PHYSICS,四种基本相互作用-引力相互作用-电磁相互作用-强相互作用和弱相互作用,力的概念与基本性质,被 2 个节点同时 claim（全局互斥）
PHYSICS,回旋加速器,回旋加速器最大动能 $E_{km}=\frac{q^2B^2R^2}{2m}$,超长（>24 字）
PHYSICS,回旋加速器,回旋加速器的原理与最大动能,被 4 个节点同时 claim（全局互斥）
PHYSICS,回旋加速器的工作原理,回旋加速器的原理与最大动能,被 4 个节点同时 claim（全局互斥）
PHYSICS,固有振动和固有频率,受迫振动与共振,被 3 个节点同时 claim（全局互斥）
PHYSICS,图像法在处理实验数据方面的应用,$a-F$ 与 $a-1/m$ 图像的规范与异常分析,超长（>24 字）
PHYSICS,图像法在处理实验数据方面的应用,测量电源电动势和内阻的原理与数据处理,被 2 个节点同时 claim（全局互斥）
PHYSICS,图象,判断图像中图线与横轴围成面积是否有意义,以题面/指令开头（是题干不是名字）
PHYSICS,图象法,用图像分析追及相遇问题,被 2 个节点同时 claim（全局互斥）
PHYSICS,图象的应用,解决图象问题的基本步骤,以题面/指令开头（是题干不是名字）
PHYSICS,圆周运动中与弹力有关的临界条件,与弹力有关的临界极值问题,被 2 个节点同时 claim（全局互斥）
PHYSICS,圆周运动各物理量间的关系,折射率及其与光速的关系,被 2 个节点同时 claim（全局互斥）
PHYSICS,圆周运动常见的临界状态,与弹力有关的临界极值问题,被 2 个节点同时 claim（全局互斥）
PHYSICS,圆周运动的基础概念和规律,匀速圆周运动的特征与条件,被 2 个节点同时 claim（全局互斥）
PHYSICS,圆锥摆模型规律总结,爆炸现象的三个规律,被 2 个节点同时 claim（全局互斥）
PHYSICS,在1t末-2t末-3t末-4t末-n-t末的速度比为-1-2-3-n,“电阻+杆”模型（恒定外力）：最大速度 $v_m=\frac{FR}{B^2L^2}$,超长（>24 字）
PHYSICS,在1t末-2t末-3t末-4t末-n-t末的速度比为-1-2-3-n,不等距双杆（光滑、恒外力）：稳定时 $l_a a_1=l_b a_2$ 且电流恒定,超长（>24 字）
PHYSICS,在1t末-2t末-3t末-4t末-n-t末的速度比为-1-2-3-n,初速度为零的匀加速运动比例式,被 2 个节点同时 claim（全局互斥）
PHYSICS,在1t末-2t末-3t末-4t末-n-t末的速度比为-1-2-3-n,初速度为零的匀变速直线运动的四个比例式,被 2 个节点同时 claim（全局互斥）
PHYSICS,地球同步卫星,地球同步卫星的四个一定,被 2 个节点同时 claim（全局互斥）
PHYSICS,多物体-多过程问题中动量守恒定律的应用,上表面光滑的小车与挡板碰撞模型,坏名检测：题干/答案标记
PHYSICS,天体质量计算,天体质量与密度的计算方法,被 2 个节点同时 claim（全局互斥）
PHYSICS,天体质量计算,计算天体质量与密度的两种方法,以题面/指令开头（是题干不是名字）
PHYSICS,天然放射现象,原子核的组成与天然放射现象,被 2 个节点同时 claim（全局互斥）
PHYSICS,子弹打木块模型,求损失机械能的三个角度,以题面/指令开头（是题干不是名字）
PHYSICS,安培力,安培力作用下导体的平衡与加速,被 2 个节点同时 claim（全局互斥）
PHYSICS,安培力作用下导体的平衡与加速问题,安培力作用下导体的平衡与加速,被 2 个节点同时 claim（全局互斥）
PHYSICS,定义-在任何温度-任何压强下都遵从气体实验定律的气体,探究等温情况下气体压强与体积的关系,被 2 个节点同时 claim（全局互斥）
PHYSICS,定义-碰撞指的是两个物体在很短的时间内发生相互作用,碰撞遵循的三条原则,被 2 个节点同时 claim（全局互斥）
PHYSICS,定义-碰撞指的是两个物体在很短的时间内发生相互作用,碰撞问题遵守的三条原则,被 2 个节点同时 claim（全局互斥）
PHYSICS,定义-碰撞指的是两个物体在很短的时间内发生相互作用,解决碰撞问题的三个依据,以题面/指令开头（是题干不是名字）
PHYSICS,实验原理-条纹间距δx与光波长λ-双缝间距d及双缝与屏的距离l-有关系式为,双缝干涉条纹间距公式 $\Delta x=\frac{l}{d}\lambda$,超长（>24 字）
PHYSICS,实验原理-条纹间距δx与光波长λ-双缝间距d及双缝与屏的距离l-有关系式为,楔形薄膜干涉条纹间距 $\Delta x=\frac{\lambda}{2\tan\theta}$,超长（>24 字）
PHYSICS,实验原理-条纹间距δx与光波长λ-双缝间距d及双缝与屏的距离l-有关系式为,测量金属丝电阻率的实验原理,被 2 个节点同时 claim（全局互斥）
PHYSICS,实验原理-条纹间距δx与光波长λ-双缝间距d及双缝与屏的距离l-有关系式为,测量金属丝电阻率的实验原理与步骤,被 2 个节点同时 claim（全局互斥）
PHYSICS,实验原理-条纹间距δx与光波长λ-双缝间距d及双缝与屏的距离l-有关系式为,用双缝干涉测量光的波长,被 3 个节点同时 claim（全局互斥）
PHYSICS,实验基础知识,探究加速度实验的注意事项,被 2 个节点同时 claim（全局互斥）
PHYSICS,实验基础知识,误差的分类与相对误差,被 2 个节点同时 claim（全局互斥）
PHYSICS,实验描迹法-一次抛动记录一个点-重复抛动,探究平抛运动实验的思路与器材,被 2 个节点同时 claim（全局互斥）
PHYSICS,实验方法-控制变量法-保持m不变探究a与f关系-保持f不变探究a与m关系,教材原型实验：探究向心力大小与半径角、速度、质量的关系,超长（>24 字）
PHYSICS,实验误差,单摆实验的误差分析,被 2 个节点同时 claim（全局互斥）
PHYSICS,实验误差,探究加速度实验的误差分析,被 2 个节点同时 claim（全局互斥）
PHYSICS,对晶体和非晶体的理解,判断晶体与非晶体的方法,以题面/指令开头（是题干不是名字）
PHYSICS,对晶体和非晶体的理解,晶体与非晶体的区别,被 3 个节点同时 claim（全局互斥）
PHYSICS,对晶体和非晶体的理解,晶体与非晶体的比较,被 2 个节点同时 claim（全局互斥）
PHYSICS,对机械能守恒条件的理解,判断机械能是否守恒的三种方法,以题面/指令开头（是题干不是名字）
PHYSICS,对机械能守恒条件的理解,判断机械能是否守恒的几种方法,以题面/指令开头（是题干不是名字）
PHYSICS,对机械能守恒条件的理解,判断机械能是否守恒的方法,以题面/指令开头（是题干不是名字）
PHYSICS,对机械能守恒条件的理解,多物体系统机械能守恒的注意点,被 2 个节点同时 claim（全局互斥）
PHYSICS,对机械能守恒条件的理解,机械能守恒的条件,与同学科另一节点主名相同（歧义）
PHYSICS,对称性,竖直上抛运动的对称性,被 2 个节点同时 claim（全局互斥）
PHYSICS,对超重和失重的理解应当注意的问题,判断超重与失重的三种角度,以题面/指令开头（是题干不是名字）
PHYSICS,对超重和失重的理解应当注意的问题,判断超重与失重的核心要点,以题面/指令开头（是题干不是名字）
PHYSICS,对超重和失重的理解应当注意的问题,超重与失重的判断,被 2 个节点同时 claim（全局互斥）
PHYSICS,导体切割磁感线时的感应电动势,对 $E=Blv$ 的五点理解,含 LaTeX 定界符（是公式片段不是名字）
PHYSICS,导体切割磁感线时的感应电动势,导体棒绕端点转动切割的电动势 $E=\frac{1}{2}Bl^2\omega$,超长（>24 字）
PHYSICS,导体切割磁感线时的感应电动势,转动切割变式：径向导体电动势 $E=\frac{1}{2}B\omega(l_1^2-l_2^2)$,超长（>24 字）
PHYSICS,左手定则与右手定则,判断感应电流方向的两种方法,以题面/指令开头（是题干不是名字）
PHYSICS,带电粒子在交变电场中的运动,带电粒子在交变电场中的偏转,被 2 个节点同时 claim（全局互斥）
PHYSICS,带电粒子在交变电磁场中的运动,带电粒子在交变电场中的偏转,被 2 个节点同时 claim（全局互斥）
PHYSICS,带电粒子在匀强电场中偏转的两个分运动,计算粒子打到屏上位置到屏中心距离的方法,以题面/指令开头（是题干不是名字）
PHYSICS,带电粒子在匀强磁场中运动的动态圆模型,求粒子轨迹扫过区域的面积与比例,以题面/指令开头（是题干不是名字）
PHYSICS,带电粒子在匀强磁场中运动的动态圆模型,磁场中运动时间由圆心角决定 t=(θ/360°)T,超长（>24 字）
PHYSICS,带电粒子在叠加场-复合场-电场与磁场重叠-中的运动,叠加场的定义,被 2 个节点同时 claim（全局互斥）
PHYSICS,带电粒子在有界匀强磁场中的运动-临界条件,带电粒子在匀强磁场中的匀速圆周运动,被 2 个节点同时 claim（全局互斥）
PHYSICS,带电粒子在电场中的运动,带电粒子做直线运动的条件,被 2 个节点同时 claim（全局互斥）
PHYSICS,带电粒子在电场中的运动,带电粒子在电场中做直线运动的条件,被 2 个节点同时 claim（全局互斥）
PHYSICS,带电粒子在电场中的运动,电偏转与磁偏转的区别,被 2 个节点同时 claim（全局互斥）
PHYSICS,带电粒子在磁场中的运动,带电粒子在匀强磁场中的匀速圆周运动,被 2 个节点同时 claim（全局互斥）
PHYSICS,带电粒子在磁场中的运动,求粒子在磁场中运动时间的步骤,以题面/指令开头（是题干不是名字）
PHYSICS,带电粒子在磁场中运动的多解问题,求解有界磁场中多解问题的技巧,以题面/指令开头（是题干不是名字）
PHYSICS,带电粒子在立体空间中的运动,立体空间中抛体运动的降维处理,被 2 个节点同时 claim（全局互斥）
PHYSICS,常见基本粒子及其分类,基本粒子家族：夸克、轻子、规范玻色子、希格斯玻色子,超长（>24 字）
PHYSICS,常见的功能关系,五种常见的功能关系,被 2 个节点同时 claim（全局互斥）
PHYSICS,常见的速度分解模型,关联速度问题的分析思路,被 2 个节点同时 claim（全局互斥）
PHYSICS,平均速度,平均速度与平均速率的区别,被 2 个节点同时 claim（全局互斥）
PHYSICS,平均速度,求解平均速度的基本思路,以题面/指令开头（是题干不是名字）
PHYSICS,平均速度与瞬时速度的区别,匀变速运动的平均速度与中间时刻速度,被 2 个节点同时 claim（全局互斥）
PHYSICS,平均速度与瞬时速度的区别,平均速度与平均速率的区别,被 2 个节点同时 claim（全局互斥）
PHYSICS,平均速度与瞬时速度的区别,气体压强的微观解释,被 2 个节点同时 claim（全局互斥）
PHYSICS,平均速度与瞬时速度的区别,求瞬时加速度的两类模型（突变与不突变）,以题面/指令开头（是题干不是名字）
PHYSICS,平均速度与瞬时速度的区别,计时点与计数点的区别,被 2 个节点同时 claim（全局互斥）
PHYSICS,平均速度公式,匀变速运动的平均速度与中间时刻速度,被 2 个节点同时 claim（全局互斥）
PHYSICS,平均速度公式,求平均速度的基本思路,以题面/指令开头（是题干不是名字）
PHYSICS,平均速度公式,求平均速度的思路与公式,以题面/指令开头（是题干不是名字）
PHYSICS,平均速度公式,求解平均速度的基本思路,以题面/指令开头（是题干不是名字）
PHYSICS,平抛运动,判断平抛轨迹是否为抛物线,以题面/指令开头（是题干不是名字）
PHYSICS,平抛运动,平抛运动的基本规律,被 2 个节点同时 claim（全局互斥）
PHYSICS,平抛运动,平抛运动的定义、性质与研究方法,被 2 个节点同时 claim（全局互斥）
PHYSICS,平抛运动,平抛运动的定义与性质,被 2 个节点同时 claim（全局互斥）
PHYSICS,平抛运动,平抛运动的速度变化量,被 2 个节点同时 claim（全局互斥）
PHYSICS,平抛运动与斜面的结合分析,离心运动与近心运动,被 2 个节点同时 claim（全局互斥）
PHYSICS,平抛运动的两个重要结论,平抛运动的定义与性质,被 2 个节点同时 claim（全局互斥）
PHYSICS,平抛运动的两个重要结论,平抛运动的速度变化量,被 2 个节点同时 claim（全局互斥）
PHYSICS,平抛运动的两个重要结论,机车启动的三个重要关系式,被 2 个节点同时 claim（全局互斥）
PHYSICS,平抛运动的两个重要结论,类平抛运动的特点,被 2 个节点同时 claim（全局互斥）
PHYSICS,平行板电容器的动态分析问题的两种情况,电容器与电容,被 4 个节点同时 claim（全局互斥）
PHYSICS,库仑定律,三个自由点电荷的平衡,被 2 个节点同时 claim（全局互斥）
PHYSICS,应用-光纤通信-激光测距-激光武器等,激光的特点与应用,被 2 个节点同时 claim（全局互斥）
PHYSICS,应用光的折射和全反射解决问题的两个技巧,解决光的折射问题的常规思路,以题面/指令开头（是题干不是名字）
PHYSICS,应用光的折射和全反射解决问题的四个注意,求解全反射问题的四点提醒,以题面/指令开头（是题干不是名字）
PHYSICS,应用光的折射和全反射解决问题的四个注意,解决传送带问题的四个关键,以题面/指令开头（是题干不是名字）
PHYSICS,应用光的折射定律解题的一般思路,应用折射定律解题的一般思路,被 3 个节点同时 claim（全局互斥）
PHYSICS,应用动能定理求解步骤,动能定理处理多过程问题的两种思路,被 2 个节点同时 claim（全局互斥）
PHYSICS,应用动能定理求解步骤,用动能定理求变力做功,被 3 个节点同时 claim（全局互斥）
PHYSICS,应用匀变速直线运动规律解题的基本思路,应用折射定律解题的一般思路,被 3 个节点同时 claim（全局互斥）
PHYSICS,应用匀变速直线运动规律解题的基本思路,求解运动学问题的基本思路,以题面/指令开头（是题干不是名字）
PHYSICS,应用牛顿第二定律解题的方法,动力学的两类基本问题,被 2 个节点同时 claim（全局互斥）
PHYSICS,开普勒三定律,用开普勒第二定律与引力势能求椭圆轨道上特殊点的速度,超长（>24 字）
PHYSICS,弹力,判断弹力有无的三种方法,以题面/指令开头（是题干不是名字）
PHYSICS,弹力,判断弹力的有无与方向,以题面/指令开头（是题干不是名字）
PHYSICS,弹力,弹力的产生条件、方向与大小,被 2 个节点同时 claim（全局互斥）
PHYSICS,弹力,弹力的产生条件与方向,被 2 个节点同时 claim（全局互斥）
PHYSICS,弹力,弹力的产生条件与方向判断,被 2 个节点同时 claim（全局互斥）
PHYSICS,弹力做功与弹性势能变化的关系,功是能量转化的量度,被 2 个节点同时 claim（全局互斥）
PHYSICS,弹力做功与弹性势能变化的关系,动能与动能变化的区别,被 2 个节点同时 claim（全局互斥）
PHYSICS,弹力做功与弹性势能变化的关系,弹性势能与弹力做功,被 2 个节点同时 claim（全局互斥）
PHYSICS,弹力做功与弹性势能变化的关系,弹性势能与弹力做功的关系,被 2 个节点同时 claim（全局互斥）
PHYSICS,弹力做功与弹性势能变化的关系,探究弹簧弹力与形变量的关系,被 2 个节点同时 claim（全局互斥）
PHYSICS,弹力做功与弹性势能变化的关系,洛伦兹力与安培力的关系,被 2 个节点同时 claim（全局互斥）
PHYSICS,弹力做功与弹性势能变化的关系,重力做功与重力势能的关系,被 2 个节点同时 claim（全局互斥）
PHYSICS,弹力做功与弹性势能变化的关系,重力势能及其与重力做功的关系,被 2 个节点同时 claim（全局互斥）
PHYSICS,弹力做功与弹性势能变化的关系,静电力做功与电势能,被 2 个节点同时 claim（全局互斥）
PHYSICS,弹力有无的判断方法,判断弹力有无的三法与弹力方向,以题面/指令开头（是题干不是名字）
PHYSICS,弹力有无的判断方法,判断弹力有无的两种方法,以题面/指令开头（是题干不是名字）
PHYSICS,弹力有无的判断方法,判断弹力有无的四种方法,以题面/指令开头（是题干不是名字）
PHYSICS,弹力的大小,计算弹力大小的三条路径,以题面/指令开头（是题干不是名字）
PHYSICS,弹力的大小,计算弹力大小的三种方法,以题面/指令开头（是题干不是名字）
PHYSICS,弹力的大小,计算弹力大小的两条路径,以题面/指令开头（是题干不是名字）
PHYSICS,弹力的定义及产生条件,判断弹力有无的三种方法,以题面/指令开头（是题干不是名字）
PHYSICS,弹力的定义及产生条件,功的定义与正负判断,被 2 个节点同时 claim（全局互斥）
PHYSICS,弹力的定义及产生条件,叠加场的定义,被 2 个节点同时 claim（全局互斥）
PHYSICS,弹力的定义及产生条件,弹力的产生条件、方向与大小,被 2 个节点同时 claim（全局互斥）
PHYSICS,弹力的定义及产生条件,弹力的产生条件与方向,被 2 个节点同时 claim（全局互斥）
PHYSICS,弹力的定义及产生条件,弹力的产生条件与方向判断,被 2 个节点同时 claim（全局互斥）
PHYSICS,弹性势能,“滑块—弹簧”模型,被 2 个节点同时 claim（全局互斥）
PHYSICS,弹性势能,弹性势能与弹力做功,被 2 个节点同时 claim（全局互斥）
PHYSICS,弹性势能,弹性势能与弹力做功的关系,被 2 个节点同时 claim（全局互斥）
PHYSICS,弹性碰撞,物块（小球）—光滑曲面模型：返回最低点相当于弹性碰撞,超长（>24 字）
PHYSICS,微粒类问题分析步骤,微粒类柱状模型,被 2 个节点同时 claim（全局互斥）
PHYSICS,必备实验仪器的原理及使用,回旋加速器的原理与最大动能,被 4 个节点同时 claim（全局互斥）
PHYSICS,必备实验仪器的原理及使用,欧姆表的原理与中值电阻,被 2 个节点同时 claim（全局互斥）
PHYSICS,必备实验仪器的原理及使用,用多用电表测量电学中的物理量,被 2 个节点同时 claim（全局互斥）
PHYSICS,必备实验仪器的原理及使用,速度选择器的原理,被 2 个节点同时 claim（全局互斥）
PHYSICS,打点计时器,打点计时器的作用与工作条件,被 2 个节点同时 claim（全局互斥）
PHYSICS,折射率,折射定律与折射率,被 5 个节点同时 claim（全局互斥）
PHYSICS,折射率,折射率及其与光速的关系,被 2 个节点同时 claim（全局互斥）
PHYSICS,抛体运动的规律及其应用,斜抛运动的基本规律,被 4 个节点同时 claim（全局互斥）
PHYSICS,抛体运动的规律及其应用,斜抛运动的定义与研究方法,被 2 个节点同时 claim（全局互斥）
PHYSICS,按实际作用效果分解-最典型的是将速度分解为,力的效果分解法与正交分解法,被 2 个节点同时 claim（全局互斥）
PHYSICS,按实际作用效果分解-最典型的是将速度分解为,力的概念与作用效果,被 2 个节点同时 claim（全局互斥）
PHYSICS,振荡电路过程中各物理量的变化,变轨过程中各物理量的大小比较,被 2 个节点同时 claim（全局互斥）
PHYSICS,探究向心力大小与半径角速度质量的关系实验,探究向心力大小与半径、角速度、质量的关系,被 2 个节点同时 claim（全局互斥）
PHYSICS,探究平抛运动的实验思路与器材,探究平抛运动实验的思路与器材,被 2 个节点同时 claim（全局互斥）
PHYSICS,探究平抛运动的实验数据处理,判断平抛轨迹是否为抛物线,以题面/指令开头（是题干不是名字）
PHYSICS,探究平抛运动的实验数据处理,判断平抛轨迹是否为抛物线并求初速度,以题面/指令开头（是题干不是名字）
PHYSICS,探究弹簧弹力与形变量的关系实验,弹簧弹力与形变量实验的注意事项,被 2 个节点同时 claim（全局互斥）
PHYSICS,探究弹簧弹力与形变量的关系实验,探究弹簧弹力与形变量关系的实验原理与数据处理,被 2 个节点同时 claim（全局互斥）
PHYSICS,探究影响感应电流方向的因素实验,探究影响感应电流方向的因素,被 2 个节点同时 claim（全局互斥）
PHYSICS,探究结果-胡克定律-x为形变量,探究弹簧弹力与形变量关系的实验原理与数据处理,被 2 个节点同时 claim（全局互斥）
PHYSICS,探究结果-胡克定律-x为形变量,探究弹簧弹力与形变量的关系,被 2 个节点同时 claim（全局互斥）
PHYSICS,描述运动的基本概念,平抛运动的基本规律,被 2 个节点同时 claim（全局互斥）
PHYSICS,描述运动的基本概念,斜抛运动的基本规律,被 4 个节点同时 claim（全局互斥）
PHYSICS,摩擦力,判断摩擦力方向的方法,以题面/指令开头（是题干不是名字）
PHYSICS,摩擦力,弹力与摩擦力的关系,被 2 个节点同时 claim（全局互斥）
PHYSICS,摩擦力做功与能量关系分析技巧,双杆（粗糙、恒力）能量：$W_F=\Delta E_k+Q_电+Q_f$,超长（>24 字）
PHYSICS,摩擦力的突变类问题,静—静突变,被 2 个节点同时 claim（全局互斥）
PHYSICS,放射性同位素及其应用,放射性同位素及其应用与防护,被 2 个节点同时 claim（全局互斥）
PHYSICS,整体法与隔离法在受力分析中的应用,受力分析的四种方法,被 2 个节点同时 claim（全局互斥）
PHYSICS,整体法与隔离法在受力分析中的应用,整体法与隔离法,被 2 个节点同时 claim（全局互斥）
PHYSICS,斜抛运动,斜抛运动的基本规律,被 4 个节点同时 claim（全局互斥）
PHYSICS,斜抛运动,斜抛运动的定义与研究方法,被 2 个节点同时 claim（全局互斥）
PHYSICS,斜抛运动的物理量求解-多过程问题,斜抛运动的基本规律,被 4 个节点同时 claim（全局互斥）
PHYSICS,晶体,晶体与非晶体的区别,被 3 个节点同时 claim（全局互斥）
PHYSICS,晶体,晶体与非晶体的比较,被 2 个节点同时 claim（全局互斥）
PHYSICS,曲线运动,曲线运动的速度方向,被 3 个节点同时 claim（全局互斥）
PHYSICS,曲线运动,曲线运动的速度方向与性质,被 2 个节点同时 claim（全局互斥）
PHYSICS,曲线运动的基本概念与处理思想,力的概念与基本性质,被 2 个节点同时 claim（全局互斥）
PHYSICS,曲线运动的基本概念与处理思想,曲线运动的速度方向,被 3 个节点同时 claim（全局互斥）
PHYSICS,本质-是力的合成的逆运算-同样遵循矢量运算法则,求合力的作图法与计算法,以题面/指令开头（是题干不是名字）
PHYSICS,机械能守恒定律,关联系统机械能守恒情境：沿绳（杆）方向速度大小相等,超长（>24 字）
PHYSICS,机械能守恒定律,简谐运动的能量特征,被 2 个节点同时 claim（全局互斥）
PHYSICS,机械能守恒定律,验证机械能守恒定律实验的注意事项,被 2 个节点同时 claim（全局互斥）
PHYSICS,机械能守恒定律的三种表达式,判断力是否做功及做功正负的三种根据,以题面/指令开头（是题干不是名字）
PHYSICS,机械能守恒定律的三种表达式,动量守恒定律的表达式,被 2 个节点同时 claim（全局互斥）
PHYSICS,机械能守恒定律的三种表达式,线框自由下落竖直穿入磁场的三种情况（mg与F安比较）,超长（>24 字）
PHYSICS,机械能守恒定律的应用技巧,多物体系统机械能守恒的注意点,被 2 个节点同时 claim（全局互斥）
PHYSICS,机械能守恒定律的应用技巧,非质点类物体的机械能守恒问题,被 2 个节点同时 claim（全局互斥）
PHYSICS,机车启动问题,机车启动的三个重要关系式,被 2 个节点同时 claim（全局互斥）
PHYSICS,条件-①光从光密介质射入光疏介质-②入射角大于或等于临界角,折射定律与折射率,被 5 个节点同时 claim（全局互斥）
PHYSICS,条件-①光从光密介质射入光疏介质-②入射角大于或等于临界角,界面光路的两条判断注意（必有反射；达临界必全反射）,超长（>24 字）
PHYSICS,杨氏双缝干涉,双缝干涉中亮暗条纹的判断,被 2 个节点同时 claim（全局互斥）
PHYSICS,板块模型,滑块—木板模型的特点,被 2 个节点同时 claim（全局互斥）
PHYSICS,板块模型,滑块—木板模型的特点与位移关系,被 2 个节点同时 claim（全局互斥）
PHYSICS,板块模型,解板块模型试题必做的两步操作,以题面/指令开头（是题干不是名字）
PHYSICS,核反应的判断-方程与应用,书写核反应方程的三条注意,坏名检测：题干/答案标记
PHYSICS,核反应的判断-方程与应用,书写核反应方程的四条原则,坏名检测：题干/答案标记
PHYSICS,核心规律-受力分析-力的合成与分解-共点力的平衡,三个自由点电荷的平衡,被 2 个节点同时 claim（全局互斥）
PHYSICS,核心规律-受力分析-力的合成与分解-共点力的平衡,三个自由点电荷的平衡规律,被 2 个节点同时 claim（全局互斥）
PHYSICS,核心规律-受力分析-力的合成与分解-共点力的平衡,探究两个互成角度的力的合成规律,被 2 个节点同时 claim（全局互斥）
PHYSICS,核心规律-受力分析-力的合成与分解-共点力的平衡,求解共点力平衡问题的三种方法,以题面/指令开头（是题干不是名字）
PHYSICS,楞次定律,判断感应电流方向的两种方法,以题面/指令开头（是题干不是名字）
PHYSICS,楞次定律,探究影响感应电流方向的因素,被 2 个节点同时 claim（全局互斥）
PHYSICS,欧姆表的原理与使用,用多用电表测量电学中的物理量,被 2 个节点同时 claim（全局互斥）
PHYSICS,欧姆表的原理与刻度,欧姆表的原理与中值电阻,被 2 个节点同时 claim（全局互斥）
PHYSICS,正弦式交变电流的产生和变化规律,交变电流的周期与频率,被 2 个节点同时 claim（全局互斥）
PHYSICS,比结合能,核力、结合能与比结合能,被 2 个节点同时 claim（全局互斥）
PHYSICS,比结合能,结合能与比结合能,被 2 个节点同时 claim（全局互斥）
PHYSICS,气体压强,气体压强的微观解释,被 2 个节点同时 claim（全局互斥）
PHYSICS,气体压强,求封闭气体压强的常用方法,以题面/指令开头（是题干不是名字）
PHYSICS,气体压强,管类问题中液柱封闭气体压强的求法,被 2 个节点同时 claim（全局互斥）
PHYSICS,气体实验定律,探究等温情况下气体压强与体积的关系,被 2 个节点同时 claim（全局互斥）
PHYSICS,气体实验定律,玻意耳定律（等温变化）,被 2 个节点同时 claim（全局互斥）
PHYSICS,氢原子光谱的实验规律,氢原子谱线条数的确定方法,被 2 个节点同时 claim（全局互斥）
PHYSICS,氢原子能级跃迁与数学思想的结合,氢原子谱线条数的确定方法,被 2 个节点同时 claim（全局互斥）
PHYSICS,氢原子能级跃迁与数学思想的结合,氢原子跃迁光谱线条数的确定,被 2 个节点同时 claim（全局互斥）
PHYSICS,氢原子能级跃迁与数学思想的结合,解决氢原子能级跃迁问题的三点技巧,以题面/指令开头（是题干不是名字）
PHYSICS,水平射程-即水平射程由初速度v0和下落高度h共同决定-与其他因素无关,逸出功由金属本身决定，与入射光无关,含逗号/句末标点（是句子不是名字）
PHYSICS,求加速度的两种方法,求加速度的两种方法：图像法与速度位移关系式,以题面/指令开头（是题干不是名字）
PHYSICS,求变力做功的常用方法,求变力做功的五种常用方法,以题面/指令开头（是题干不是名字）
PHYSICS,求电场力做功的方法,求电场力做功的三种方法,以题面/指令开头（是题干不是名字）
PHYSICS,求电场力做功的方法,求电场力做功的四种方法,以题面/指令开头（是题干不是名字）
PHYSICS,求电场力做功的方法,静电力做功的特点,被 2 个节点同时 claim（全局互斥）
PHYSICS,求解变力做功的常用方法,求解变力做功的六种常用方法,以题面/指令开头（是题干不是名字）
PHYSICS,求解电偏转问题的两种思路,交变电场偏转问题的思维方法（ay-t与vy-t图像）,超长（>24 字）
PHYSICS,求解电偏转问题的两种思路,求合安培力的两种思路,以题面/指令开头（是题干不是名字）
PHYSICS,求解电偏转问题的两种思路,求解电偏转问题的两种思路,以题面/指令开头（是题干不是名字）
PHYSICS,油膜法估测油酸分子的大小,用油膜法估测油酸分子的大小,与同学科另一节点主名相同（歧义）
PHYSICS,法拉第电磁感应定律,磁通量变化时感应电动势的三种求法,被 2 个节点同时 claim（全局互斥）
PHYSICS,法拉第电磁感应定律,计算磁通量时的两个常见错误,以题面/指令开头（是题干不是名字）
PHYSICS,波动图象的信息,振动图像的信息提取,被 2 个节点同时 claim（全局互斥）
PHYSICS,波动图象的特点,电场线的特点,被 2 个节点同时 claim（全局互斥）
PHYSICS,波动图象的特点,电场线的特点与应用,被 2 个节点同时 claim（全局互斥）
PHYSICS,波动图象的特点,等势面的特点,被 2 个节点同时 claim（全局互斥）
PHYSICS,波的干涉中振动加强点和减弱点的判断方法,电路故障的判断方法,被 2 个节点同时 claim（全局互斥）
PHYSICS,波粒二象性,光的波粒二象性与物质波,被 3 个节点同时 claim（全局互斥）
PHYSICS,波速,计算波速的两种思路,以题面/指令开头（是题干不是名字）
PHYSICS,波速v-波长λ和频率f-周期t的关系-v-λf,光进入新介质时频率不变，波长与光速改变,含逗号/句末标点（是句子不是名字）
PHYSICS,波长,用双缝干涉测量光的波长,被 3 个节点同时 claim（全局互斥）
PHYSICS,洛伦兹力,洛伦兹力与安培力的关系,被 2 个节点同时 claim（全局互斥）
PHYSICS,洛伦兹力,洛伦兹力与安培力的联系与区别,被 2 个节点同时 claim（全局互斥）
PHYSICS,洛伦兹力,洛伦兹力的大小、方向与特点,被 2 个节点同时 claim（全局互斥）
PHYSICS,活塞气缸模型,判断活塞与液柱移动的假设法,以题面/指令开头（是题干不是名字）
PHYSICS,活塞气缸模型,解决活塞汽缸类问题的一般思路,以题面/指令开头（是题干不是名字）
PHYSICS,测量玻璃的折射率实验,测量玻璃的折射率,被 2 个节点同时 claim（全局互斥）
PHYSICS,测量电源的电动势和内阻,测量电源电动势和内阻的原理与数据处理,被 2 个节点同时 claim（全局互斥）
PHYSICS,测量金属丝的电阻率实验,测量金属丝电阻率的原理与步骤,被 2 个节点同时 claim（全局互斥）
PHYSICS,涡流,涡流、电磁阻尼与电磁驱动,被 2 个节点同时 claim（全局互斥）
PHYSICS,液柱模型,管类问题中液柱封闭气体压强的求法,被 2 个节点同时 claim（全局互斥）
PHYSICS,滑动摩擦-静摩擦-大小可能突增,动—静突变,被 2 个节点同时 claim（全局互斥）
PHYSICS,滑块-小球-弹簧模型,“滑块—弹簧”模型,被 2 个节点同时 claim（全局互斥）
PHYSICS,滑块-木板模型,滑块—木板模型的特点与位移关系,被 2 个节点同时 claim（全局互斥）
PHYSICS,滑块-木板模型的临界问题,滑块—木板模型的特点,被 2 个节点同时 claim（全局互斥）
PHYSICS,激光,激光的特点与应用,被 2 个节点同时 claim（全局互斥）
PHYSICS,热力学第一定律,热力学第一定律的三个特例（绝热、不做功、内能不变）,超长（>24 字）
PHYSICS,热力学第二定律,热力学第二定律的两种表述,被 2 个节点同时 claim（全局互斥）
PHYSICS,热学实验中的误差分析,单摆实验的误差分析,被 2 个节点同时 claim（全局互斥）
PHYSICS,焦耳定律,玻意耳定律（等温变化）,被 2 个节点同时 claim（全局互斥）
PHYSICS,牛顿第三定律,判断平衡力与作用力反作用力,以题面/指令开头（是题干不是名字）
PHYSICS,牛顿第三定律,求物体对接触面作用力的表述,以题面/指令开头（是题干不是名字）
PHYSICS,牛顿第三定律,牛顿第三定律与平衡力的区别,被 2 个节点同时 claim（全局互斥）
PHYSICS,牛顿第二定律,加速度的定义式与决定式,被 2 个节点同时 claim（全局互斥）
PHYSICS,牛顿第二定律的理解-五性,牛顿第二定律,与同学科另一节点主名相同（歧义）
PHYSICS,物体间恰好不发生相对滑动-的临界条件是物体间恰好达到最大静摩擦力,静—静突变,被 2 个节点同时 claim（全局互斥）
PHYSICS,特点-f-b-f-v-即f垂直于b与v决定的平面-f与v始终垂直-洛伦兹力不做功,各种力做功的特点,被 2 个节点同时 claim（全局互斥）
PHYSICS,特点-f-b-f-v-即f垂直于b与v决定的平面-f与v始终垂直-洛伦兹力不做功,洛伦兹力与安培力的联系与区别,被 2 个节点同时 claim（全局互斥）
PHYSICS,特点-f-b-f-v-即f垂直于b与v决定的平面-f与v始终垂直-洛伦兹力不做功,洛伦兹力的大小、方向与特点,被 2 个节点同时 claim（全局互斥）
PHYSICS,玻尔原子模型的三条假设,玻尔理论的三条假设,被 2 个节点同时 claim（全局互斥）
PHYSICS,玻尔原子模型的三条假设,碰撞问题遵守的三条原则,被 2 个节点同时 claim（全局互斥）
PHYSICS,玻尔模型,玻尔理论的三条假设,被 2 个节点同时 claim（全局互斥）
PHYSICS,玻尔理论对氢光谱的解析,氢原子跃迁光谱线条数的确定,被 2 个节点同时 claim（全局互斥）
PHYSICS,理想变压器的关系式,理想变压器电压关系 $\frac{U_1}{U_2}=\frac{n_1}{n_2}$,超长（>24 字）
PHYSICS,理想变压器的关系式,理想变压器电流关系（单一副线圈）$\frac{I_1}{I_2}=\frac{n_2}{n_1}$,超长（>24 字）
PHYSICS,用单摆测重力加速度的实验,用单摆测重力加速度的原理与操作,被 2 个节点同时 claim（全局互斥）
PHYSICS,用双缝干涉测量光的波长实验,用双缝干涉测量光的波长,被 3 个节点同时 claim（全局互斥）
PHYSICS,用油膜法估测油酸分子的大小实验,用油膜法估测油酸分子的大小,与同学科另一节点主名相同（歧义）
PHYSICS,由测定加速度延伸为测定动摩擦因数,“电容器+杆”模型（恒力）：恒定加速度 $a=\frac{F}{m+B^2L^2C}$,超长（>24 字）
PHYSICS,电偏转与磁偏转的比较,电偏转与磁偏转的区别,被 2 个节点同时 claim（全局互斥）
PHYSICS,电动势,电动势的物理意义,被 2 个节点同时 claim（全局互斥）
PHYSICS,电势,判断电势高低与电势能大小的两种方法,以题面/指令开头（是题干不是名字）
PHYSICS,电势,判断电势高低与电势能大小的常用方法,以题面/指令开头（是题干不是名字）
PHYSICS,电势,电势与电势差,被 2 个节点同时 claim（全局互斥）
PHYSICS,电势差与电场强度的关系,匀强电场中的 $U=Ed$ 与两条推论,含 LaTeX 定界符（是公式片段不是名字）
PHYSICS,电势差与电场强度的关系,电势与电势差,被 2 个节点同时 claim（全局互斥）
PHYSICS,电势能,判断电势能大小的三种方法,以题面/指令开头（是题干不是名字）
PHYSICS,电势能,静电力做功与电势能变化的关系,被 2 个节点同时 claim（全局互斥）
PHYSICS,电势能,静电力做功的特点与电势能,被 2 个节点同时 claim（全局互斥）
PHYSICS,电场中的功能关系,五种常见的功能关系,被 2 个节点同时 claim（全局互斥）
PHYSICS,电场强度,求合场强的四种方法,以题面/指令开头（是题干不是名字）
PHYSICS,电场强度,求解电场强度的四种特殊方法,以题面/指令开头（是题干不是名字）
PHYSICS,电场线,电场线的特点,被 2 个节点同时 claim（全局互斥）
PHYSICS,电场线,电场线的特点与应用,被 2 个节点同时 claim（全局互斥）
PHYSICS,电容,电容器与电容,被 4 个节点同时 claim（全局互斥）
PHYSICS,电容器,“电容器+杆”收尾易错点：电流为零但电容器电荷量不为零,超长（>24 字）
PHYSICS,电容器,含电容器电路的分析方法,被 5 个节点同时 claim（全局互斥）
PHYSICS,电容器,电容器与电容,被 4 个节点同时 claim（全局互斥）
PHYSICS,电容器,电容器的组成与充放电,被 2 个节点同时 claim（全局互斥）
PHYSICS,电容器充放电过程,“电容器+电源+杆”模型：末速度 $v_m=\frac{BLCE}{m+B^2L^2C}$,超长（>24 字）
PHYSICS,电容器充放电过程,电容器与电容,被 4 个节点同时 claim（全局互斥）
PHYSICS,电容器充放电过程,电容器的组成与充放电,被 2 个节点同时 claim（全局互斥）
PHYSICS,电流表的内-外接法的选择,电流表内外接法的选择,被 2 个节点同时 claim（全局互斥）
PHYSICS,电流表的内-外接法的选择,电流表内接与外接的选择,被 2 个节点同时 claim（全局互斥）
PHYSICS,电源输出功率-整个外电路上消耗的电功率,电源输出功率与外电阻的关系,被 2 个节点同时 claim（全局互斥）
PHYSICS,电磁感应中的图像问题,波的图像,被 2 个节点同时 claim（全局互斥）
PHYSICS,电磁感应中的图像问题,解答电磁感应图像问题的两个方法,以题面/指令开头（是题干不是名字）
PHYSICS,电磁感应中的电路问题,电磁感应中通过回路的电荷量 $q=\frac{\Delta\Phi}{R}$,超长（>24 字）
PHYSICS,电磁感应中的线框模型,解决线框问题的注意事项,以题面/指令开头（是题干不是名字）
PHYSICS,电磁打点计时器,打点计时器的作用与工作条件,被 2 个节点同时 claim（全局互斥）
PHYSICS,电磁波,麦克斯韦电磁场理论与电磁波,被 2 个节点同时 claim（全局互斥）
PHYSICS,电磁流量计,电磁流量计的原理与流量公式,被 2 个节点同时 claim（全局互斥）
PHYSICS,电磁说-麦克斯韦认为光是一种电磁波,麦克斯韦电磁场理论与电磁波,被 2 个节点同时 claim（全局互斥）
PHYSICS,电磁阻尼与电磁驱动,涡流、电磁阻尼与电磁驱动,被 2 个节点同时 claim（全局互斥）
PHYSICS,电磁阻尼和电磁驱动,电磁阻尼与电磁驱动,与同学科另一节点主名相同（歧义）
PHYSICS,电荷,电荷守恒定律与元电荷,被 2 个节点同时 claim（全局互斥）
PHYSICS,电荷守恒定律,电荷守恒定律与元电荷,被 2 个节点同时 claim（全局互斥）
PHYSICS,电表的内接与外接,电流表内外接法的选择,被 2 个节点同时 claim（全局互斥）
PHYSICS,电表的内接与外接,电流表内接与外接的选择,被 2 个节点同时 claim（全局互斥）
PHYSICS,电路的故障分析,电路故障的判断方法,被 2 个节点同时 claim（全局互斥）
PHYSICS,电阻定律,电阻定律与电阻率,被 2 个节点同时 claim（全局互斥）
PHYSICS,电阻率,测量金属丝电阻率的原理与步骤,被 2 个节点同时 claim（全局互斥）
PHYSICS,电阻率,测量金属丝电阻率的实验原理,被 2 个节点同时 claim（全局互斥）
PHYSICS,电阻率,测量金属丝电阻率的实验原理与步骤,被 2 个节点同时 claim（全局互斥）
PHYSICS,电阻率,电阻定律与电阻率,被 2 个节点同时 claim（全局互斥）
PHYSICS,相对位移与划痕长度,相对位移与划痕长度的计算,被 2 个节点同时 claim（全局互斥）
PHYSICS,瞬时性突变类问题-轻绳-轻弹簧,求瞬时加速度的三步流程,以题面/指令开头（是题干不是名字）
PHYSICS,瞬时性突变类问题-轻绳-轻弹簧,瞬时突变：轻绳轻杆可突变，轻弹簧不突变,含逗号/句末标点（是句子不是名字）
PHYSICS,知二求三求解卫星运动物理量,求解中心天体质量的知己知彼思路,以题面/指令开头（是题干不是名字）
PHYSICS,碰撞的可能性分析,判断碰撞可能性的三条原则,以题面/指令开头（是题干不是名字）
PHYSICS,碰撞过程的三条规律,碰撞遵循的三条原则,被 2 个节点同时 claim（全局互斥）
PHYSICS,磁场,地磁场的主要特点,被 2 个节点同时 claim（全局互斥）
PHYSICS,磁场中的仪器,回旋加速器的原理与最大动能,被 4 个节点同时 claim（全局互斥）
PHYSICS,磁场中的仪器,电磁流量计的原理与流量公式,被 2 个节点同时 claim（全局互斥）
PHYSICS,磁场中的仪器,磁流体发电机的工作原理,被 2 个节点同时 claim（全局互斥）
PHYSICS,磁场中的仪器,质谱仪的构造与原理,被 2 个节点同时 claim（全局互斥）
PHYSICS,磁场中的仪器,速度选择器、磁流体发电机、电磁流量计与霍尔元件,被 2 个节点同时 claim（全局互斥）
PHYSICS,磁场中的仪器,速度选择器只选速度，不选电性、电荷量、质量,含逗号/句末标点（是句子不是名字）
PHYSICS,磁场中的仪器,速度选择器的原理,被 2 个节点同时 claim（全局互斥）
PHYSICS,磁场中的仪器,霍尔效应与霍尔电压,被 2 个节点同时 claim（全局互斥）
PHYSICS,磁场的叠加,磁场叠加的合成方法,被 2 个节点同时 claim（全局互斥）
PHYSICS,磁场的基本概念和性质,磁场与磁感应强度,被 2 个节点同时 claim（全局互斥）
PHYSICS,磁感应强度,磁场与磁感应强度,被 2 个节点同时 claim（全局互斥）
PHYSICS,磁感应强度,磁场叠加的合成方法,被 2 个节点同时 claim（全局互斥）
PHYSICS,磁感线,磁感线的特点,与同学科另一节点主名相同（歧义）
PHYSICS,离心现象,离心运动与近心运动,被 2 个节点同时 claim（全局互斥）
PHYSICS,离心现象,离心运动与近心运动的条件,被 2 个节点同时 claim（全局互斥）
PHYSICS,立体空间中的抛体运动,立体空间中抛体运动的降维处理,被 2 个节点同时 claim（全局互斥）
PHYSICS,竖直上抛运动的处理方法,判断一个振动是否为简谐运动的方法,以题面/指令开头（是题干不是名字）
PHYSICS,竖直上抛运动的处理方法,竖直上抛运动的对称性与多解性,被 2 个节点同时 claim（全局互斥）
PHYSICS,竖直上抛运动的处理方法,纸带数据的处理方法,被 2 个节点同时 claim（全局互斥）
PHYSICS,等分法,求电势的等分法,以题面/指令开头（是题干不是名字）
PHYSICS,等势面,等势面的特点,被 2 个节点同时 claim（全局互斥）
PHYSICS,等效替代法,探究两个互成角度的力的合成规律,被 2 个节点同时 claim（全局互斥）
PHYSICS,等效法在变压器和远距离输电中的应用,等效电阻法：负载折算电阻 $R'=\left(\frac{n_1}{n_2}\right)^2R$,超长（>24 字）
PHYSICS,等效电源法处理电路中的功率问题,原线圈含负载的等效电源法：$E'=\frac{U}{k}$，$r'=\frac{R_0}{k^2}$,超长（>24 字）
PHYSICS,简谐运动,简谐运动的周期性与对称性,被 2 个节点同时 claim（全局互斥）
PHYSICS,简谐运动,简谐运动的能量特征,被 2 个节点同时 claim（全局互斥）
PHYSICS,简谐运动,解决简谐运动综合问题的思路,以题面/指令开头（是题干不是名字）
PHYSICS,简谐运动的振动图象与信息提取,振动图像的信息提取,被 2 个节点同时 claim（全局互斥）
PHYSICS,类平抛运动,类平抛运动的特点,被 2 个节点同时 claim（全局互斥）
PHYSICS,系统误差,探究加速度实验的误差分析,被 2 个节点同时 claim（全局互斥）
PHYSICS,系统误差,误差的分类与相对误差,被 2 个节点同时 claim（全局互斥）
PHYSICS,纸带在力学实验中的应用分析,纸带数据的处理方法,被 2 个节点同时 claim（全局互斥）
PHYSICS,结合能,核力、结合能与比结合能,被 2 个节点同时 claim（全局互斥）
PHYSICS,结合能,结合能与比结合能,被 2 个节点同时 claim（全局互斥）
PHYSICS,胡克定律,对胡克定律 $F=kx$ 的理解,含 LaTeX 定界符（是公式片段不是名字）
PHYSICS,胡克定律,弹簧弹力与形变量实验的注意事项,被 2 个节点同时 claim（全局互斥）
PHYSICS,能量守恒定律,求解焦耳热的三种方法,以题面/指令开头（是题干不是名字）
PHYSICS,能量守恒定律,电场中的能量守恒,被 2 个节点同时 claim（全局互斥）
PHYSICS,能量观点-用动能定理和能量守恒观点解题-可处理非匀变速运动问题,力的持续作用：涉及时间用动量定理、涉及位移用动能定理,超长（>24 字）
PHYSICS,能量观点-用动能定理和能量守恒观点解题-可处理非匀变速运动问题,用动力学和能量观点分析多运动组合问题,被 2 个节点同时 claim（全局互斥）
PHYSICS,能量观点-用动能定理和能量守恒观点解题-可处理非匀变速运动问题,电场中力电综合问题的三大观点,被 2 个节点同时 claim（全局互斥）
PHYSICS,能量转化-导体克服安培力做功-其他形式能转化为电能-最终转化为内能,“电阻+杆”模型（无外力）能量：动能全部转化为内能,超长（>24 字）
PHYSICS,能量转化-导体克服安培力做功-其他形式能转化为电能-最终转化为内能,电磁感应中的能量转化,被 2 个节点同时 claim（全局互斥）
PHYSICS,脱轨条件与类型,等距双杆（粗糙、一杆受恒定外力）：启动条件与最终状态,超长（>24 字）
PHYSICS,自力更生法-求解地球-中心天体-质量,天体质量与密度的计算方法,被 2 个节点同时 claim（全局互斥）
PHYSICS,自感,感生电动势的求解公式 $E=nS\frac{\Delta B}{\Delta t}$,超长（>24 字）
PHYSICS,自感,磁通量变化时感应电动势的三种求法,被 2 个节点同时 claim（全局互斥）
PHYSICS,自感,自感现象与自感电动势,被 2 个节点同时 claim（全局互斥）
PHYSICS,自感现象的理解,爆炸现象的三个规律,被 2 个节点同时 claim（全局互斥）
PHYSICS,自感现象的理解,自感现象与自感电动势,被 2 个节点同时 claim（全局互斥）
PHYSICS,若边线宽度不等于玻璃砖宽度时引起的误差分析,折射率实验的误差与注意事项,被 2 个节点同时 claim（全局互斥）
PHYSICS,螺旋测微器的原理与读数,螺旋测微器的原理与读数方法,被 2 个节点同时 claim（全局互斥）
PHYSICS,螺旋测微器的构造与读数,螺旋测微器的原理与读数方法,被 2 个节点同时 claim（全局互斥）
PHYSICS,衍射-波在传播过程中可以绕过障碍物继续传播的现象叫做波的衍射,光的衍射现象,被 2 个节点同时 claim（全局互斥）
PHYSICS,衍射-波在传播过程中可以绕过障碍物继续传播的现象叫做波的衍射,波长越长衍射越明显；任何情况下都可发生衍射,含逗号/句末标点（是句子不是名字）
PHYSICS,解决波的多解问题的思路和步骤,解决波的多解问题的一般思路,以题面/指令开头（是题干不是名字）
PHYSICS,解决波的多解问题的思路和步骤,解决波的多解问题的思路,以题面/指令开头（是题干不是名字）
PHYSICS,计时点与计数点,计时点与计数点的区别,被 2 个节点同时 claim（全局互斥）
PHYSICS,计算题答题规范,解题过程中运用数学的方式,以题面/指令开头（是题干不是名字）
PHYSICS,计算题答题规范,计算题的文字说明规范,以题面/指令开头（是题干不是名字）
PHYSICS,计算题答题规范,计算题答题规范,以题面/指令开头（是题干不是名字）
PHYSICS,质点,质点与参考系,被 2 个节点同时 claim（全局互斥）
PHYSICS,质能方程-该式表明物体的能量和质量之间存在着密切的联系,质量亏损与核能的计算,被 2 个节点同时 claim（全局互斥）
PHYSICS,质量亏损,质量亏损与核能的计算,被 2 个节点同时 claim（全局互斥）
PHYSICS,超重,判断超重和失重的三种角度,以题面/指令开头（是题干不是名字）
PHYSICS,超重,超重与失重的判断,被 2 个节点同时 claim（全局互斥）
PHYSICS,超重与失重的判断方法,判断超重与失重状态的两个角度,以题面/指令开头（是题干不是名字）
PHYSICS,超重与失重的判断方法,解决超重和失重问题的一般思路,以题面/指令开头（是题干不是名字）
PHYSICS,路程,路程与位移的区别,被 2 个节点同时 claim（全局互斥）
PHYSICS,路程-物体运动轨迹的长度-只有大小-没有方向-是标量-其单位就是长度的单位,位移与路程,被 3 个节点同时 claim（全局互斥）
PHYSICS,路程-物体运动轨迹的长度-只有大小-没有方向-是标量-其单位就是长度的单位,粗糙斜面上物体运动的五种情况与 μ=tanθ 分界,超长（>24 字）
PHYSICS,路端电压与外电阻的关系,电源输出功率与外电阻的关系,被 2 个节点同时 claim（全局互斥）
PHYSICS,路端电压与外电阻的关系,闭合电路欧姆定律与路端电压,被 2 个节点同时 claim（全局互斥）
PHYSICS,运动性质-匀变速曲线运动-加速度恒为重力加速度-g-大小方向不变,匀速圆周运动的特征与条件,被 2 个节点同时 claim（全局互斥）
PHYSICS,运动性质-匀变速曲线运动-加速度恒为重力加速度-g-大小方向不变,平抛运动的定义、性质与研究方法,被 2 个节点同时 claim（全局互斥）
PHYSICS,运动性质-匀变速曲线运动-加速度恒为重力加速度-g-大小方向不变,曲线运动的速度方向与性质,被 2 个节点同时 claim（全局互斥）
PHYSICS,运动特征,做曲线运动的条件,被 2 个节点同时 claim（全局互斥）
PHYSICS,运动特征,曲线运动的速度方向,被 3 个节点同时 claim（全局互斥）
PHYSICS,运动的对称性,竖直上抛运动的对称性,被 2 个节点同时 claim（全局互斥）
PHYSICS,运动的对称性,竖直上抛运动的对称性与多解性,被 2 个节点同时 claim（全局互斥）
PHYSICS,运用能量守恒定律解题的基本思路,能量问题的解题方法,被 2 个节点同时 claim（全局互斥）
PHYSICS,连接体问题的分析易错-整体法与隔离法应用,二次感应问题的程序法与逆向推理法,被 2 个节点同时 claim（全局互斥）
PHYSICS,连接体问题的分析易错-整体法与隔离法应用,整体法与隔离法,被 2 个节点同时 claim（全局互斥）
PHYSICS,追及相遇问题的实质及分析思路,解决追及相遇问题的策略,以题面/指令开头（是题干不是名字）
PHYSICS,追及问题的分析和解题思路,传送带问题的分析方法,被 2 个节点同时 claim（全局互斥）
PHYSICS,追及问题的分析和解题思路,用图像分析追及相遇问题,被 2 个节点同时 claim（全局互斥）
PHYSICS,逐差法原理,逐差法求加速度,被 2 个节点同时 claim（全局互斥）
PHYSICS,速度-速度的变化量-加速度的比较,速度、速度变化量与加速度的关系,被 2 个节点同时 claim（全局互斥）
PHYSICS,速度-速度的变化量-加速度的比较,速度、速度变化量与加速度的比较,被 2 个节点同时 claim（全局互斥）
PHYSICS,速度定义-位移与发生这段位移所用时间之比-表示物体运动快慢的物理量-是过程量,位移与路程,被 3 个节点同时 claim（全局互斥）
PHYSICS,速度定义-位移与发生这段位移所用时间之比-表示物体运动快慢的物理量-是过程量,静止物体被撞后的速度范围,被 2 个节点同时 claim（全局互斥）
PHYSICS,造成波动问题多解的主要因素有,地磁场的主要特点,被 2 个节点同时 claim（全局互斥）
PHYSICS,重力势能,重力做功与重力势能的关系,被 2 个节点同时 claim（全局互斥）
PHYSICS,重力势能,重力势能及其与重力做功的关系,被 2 个节点同时 claim（全局互斥）
PHYSICS,重心,重心及其确定方法,被 2 个节点同时 claim（全局互斥）
PHYSICS,闭合电路欧姆定律,闭合电路欧姆定律与路端电压,被 2 个节点同时 claim（全局互斥）
PHYSICS,阻尼振动,阻尼振动与受迫振动,被 2 个节点同时 claim（全局互斥）
PHYSICS,阿伏加德罗常数,微观量估算与两种分子模型,被 2 个节点同时 claim（全局互斥）
PHYSICS,需要平衡摩擦力-为了使绳子拉力即合力,探究加速度实验的注意事项,被 2 个节点同时 claim（全局互斥）
PHYSICS,霍尔元件,霍尔效应与霍尔电压,被 2 个节点同时 claim（全局互斥）
PHYSICS,静摩擦-滑动摩擦-大小突减,弹力与摩擦力的关系,被 2 个节点同时 claim（全局互斥）
PHYSICS,静摩擦-滑动摩擦-大小突减,静—动突变,被 2 个节点同时 claim（全局互斥）
PHYSICS,静摩擦力,判断静摩擦力有无与方向的三种方法,以题面/指令开头（是题干不是名字）
PHYSICS,静摩擦力,判断静摩擦力有无及方向的方法,以题面/指令开头（是题干不是名字）
PHYSICS,静摩擦力,静摩擦力与滑动摩擦力,被 2 个节点同时 claim（全局互斥）
PHYSICS,静摩擦力,静摩擦力有无与方向的判断,被 2 个节点同时 claim（全局互斥）
PHYSICS,静摩擦力与滑动摩擦力的比较,动—静突变,被 2 个节点同时 claim（全局互斥）
PHYSICS,静摩擦力与滑动摩擦力的比较,静—动突变,被 2 个节点同时 claim（全局互斥）
PHYSICS,静摩擦力与滑动摩擦力的比较,静摩擦力与滑动摩擦力,被 2 个节点同时 claim（全局互斥）
PHYSICS,静摩擦力有无及方向的判断方法,判断静摩擦力有无及方向的三种方法,以题面/指令开头（是题干不是名字）
PHYSICS,静电力做功,电动势的物理意义,被 2 个节点同时 claim（全局互斥）
PHYSICS,静电力做功,静电力做功与电势能,被 2 个节点同时 claim（全局互斥）
PHYSICS,静电力做功,静电力做功与电势能变化的关系,被 2 个节点同时 claim（全局互斥）
PHYSICS,静电力做功,静电力做功的特点,被 2 个节点同时 claim（全局互斥）
PHYSICS,静电力做功,静电力做功的特点与电势能,被 2 个节点同时 claim（全局互斥）
PHYSICS,静电力做功,静电力做功的特点与计算,被 2 个节点同时 claim（全局互斥）
PHYSICS,非弹性碰撞,碰撞的特点与分类,被 2 个节点同时 claim（全局互斥）
PHYSICS,非弹性碰撞和完全非弹性碰撞,物块（小球）—光滑曲面模型：最高点相当于完全非弹性碰撞,超长（>24 字）
PHYSICS,非弹性碰撞和完全非弹性碰撞,碰撞的特点与分类,被 2 个节点同时 claim（全局互斥）
PHYSICS,非弹性碰撞和完全非弹性碰撞,静止物体被撞后的速度范围,被 2 个节点同时 claim（全局互斥）
PHYSICS,非质点类物体的机械能守恒,非质点类物体的机械能守恒问题,被 2 个节点同时 claim（全局互斥）
PHYSICS,验证机械能守恒定律实验,验证机械能守恒定律实验的注意事项,被 2 个节点同时 claim（全局互斥）
PHYSICS,验证机械能守恒定律实验,验证机械能守恒定律的创新实验方向,被 2 个节点同时 claim（全局互斥）
PHYSICS,验证机械能守恒定律实验,验证机械能守恒实验的创新方向,被 2 个节点同时 claim（全局互斥）
PHYSICS,验证机械能守恒定律实验的创新方向,验证机械能守恒实验的创新方向,被 2 个节点同时 claim（全局互斥）
PHYSICS,验证机械能守恒定律的创新实验,验证机械能守恒定律的创新实验方向,被 2 个节点同时 claim（全局互斥）
