subject,slug,name,book,chapter,section,score
MATH,函数的概念,函数的概念,数学必修第一册,第三章 函数的概念与性质,3.1 函数的概念及其表示,0.67
MATH,函数的定义域,函数的定义域,数学必修第一册,第四章 指数函数与对数函数,4.4 对数函数,0.40
MATH,函数的值域,函数的值域,数学必修第一册,第四章 指数函数与对数函数,4.4 对数函数,0.50
MATH,函数的对应关系,函数的对应关系,数学必修第一册,第四章 指数函数与对数函数,4.4 对数函数,0.50
MATH,函数的单调性,函数的单调性,数学必修第一册,第四章 指数函数与对数函数,4.4 对数函数,0.50
MATH,函数的奇偶性,函数的奇偶性,数学必修第一册,第四章 指数函数与对数函数,4.4 对数函数,0.40
MATH,函数的周期性,函数的周期性,数学必修第一册,第四章 指数函数与对数函数,4.4 对数函数,0.40
MATH,函数的对称性,函数的对称性,数学必修第一册,第四章 指数函数与对数函数,4.4 对数函数,0.50
MATH,幂函数,幂函数,数学必修第一册,第三章 函数的概念与性质,3.3 幂函数,1.00
MATH,指数,指数,数学必修第一册,第四章 指数函数与对数函数,4.1 指数,1.00
MATH,指数函数,指数函数,数学必修第一册,第四章 指数函数与对数函数,4.2 指数函数,1.00
MATH,对数,对数,数学必修第一册,第四章 指数函数与对数函数,4.3 对数,1.00
MATH,对数函数,对数函数,数学必修第一册,第四章 指数函数与对数函数,4.4 对数函数,1.00
MATH,换底公式,换底公式,数学必修第一册,第五章 三角函数,5.3 诱导公式,0.33
MATH,对数运算,对数运算,数学选择性必修第二册,第五章 一元函数的导数及其应用,5.2 导数的运算,0.75
MATH,指数不等式,指数不等式,数学必修第一册,第四章 指数函数与对数函数,4.1 指数,0.50
MATH,任意角与弧度制,任意角与弧度制,数学必修第一册,第五章 三角函数,5.1 任意角和弧度制,1.00
MATH,三角函数的定义,三角函数的定义,数学必修第一册,第五章 三角函数,5.7 三角函数的应用,0.67
MATH,同角三角函数的基本关系,同角三角函数的基本关系,数学必修第一册,第五章 三角函数,5.7 三角函数的应用,0.44
MATH,诱导公式,诱导公式,数学必修第一册,第五章 三角函数,5.3 诱导公式,1.00
MATH,三角函数的图象与性质,三角函数的图象与性质,数学必修第一册,第五章 三角函数,5.4 三角函数的图象与性质,1.00
MATH,正弦函数,正弦函数,数学必修第一册,第四章 指数函数与对数函数,4.4 对数函数,0.50
MATH,余弦函数,余弦函数,数学必修第一册,第四章 指数函数与对数函数,4.4 对数函数,0.50
MATH,正切函数,正切函数,数学必修第一册,第四章 指数函数与对数函数,4.4 对数函数,0.50
MATH,三角函数的值域与最值,三角函数的值域与最值,数学必修第一册,第五章 三角函数,5.7 三角函数的应用,0.57
MATH,函数y-asin-ωx-φ-的图象,函数y=Asin(ωx+φ)的图象,数学必修第一册,第五章 三角函数,5.6 函数 y=Asin(ωx+φ),0.67
MATH,三角恒等变换,三角恒等变换,数学必修第一册,第五章 三角函数,5.5 三角恒等变换,1.00
MATH,两角和与差的公式,两角和与差的公式,数学必修第一册,第五章 三角函数,5.3 诱导公式,0.29
MATH,二倍角公式,二倍角公式,数学必修第一册,第五章 三角函数,5.3 诱导公式,0.29
MATH,正弦定理,正弦定理,数学选择性必修第三册,第七章 随机变量及其分布,7.4 正态分布,0.20
MATH,余弦定理,余弦定理,数学选择性必修第三册,第六章 计数原理,6.3 二项式定理,0.17
MATH,三角形面积公式,三角形面积公式,数学必修第一册,第五章 三角函数,5.3 诱导公式,0.22
MATH,边角互化,边角互化,数学必修第一册,第五章 三角函数,5.7 三角函数的应用,0.14
MATH,解三角形的实际应用,解三角形的实际应用,数学必修第一册,第五章 三角函数,5.7 三角函数的应用,0.29
MATH,不等式的基本性质,不等式的基本性质,数学必修第一册,第二章 一元二次函数、方程和不等式,2.1 等式性质与不等式性质,0.67
MATH,一元二次不等式,一元二次不等式,数学必修第一册,第二章 一元二次函数、方程和不等式,2.3 二次函数与一元二次方程、不等式,0.60
MATH,基本不等式,基本不等式,数学必修第一册,第二章 一元二次函数、方程和不等式,2.2 基本不等式,1.00
MATH,不等式恒成立,不等式恒成立,数学必修第一册,第二章 一元二次函数、方程和不等式,2.1 等式性质与不等式性质,0.29
MATH,绝对值不等式,绝对值不等式,数学必修第一册,第二章 一元二次函数、方程和不等式,2.1 等式性质与不等式性质,0.33
MATH,数列的概念,数列的概念,数学选择性必修第二册,第四章 数列,4.1 数列的概念,1.00
MATH,等差数列,等差数列,数学选择性必修第二册,第四章 数列,4.2 等差数列,1.00
MATH,等差数列的通项,等差数列的通项,数学选择性必修第二册,第四章 数列,4.2 等差数列,0.60
MATH,等差数列的前n项和,等差数列的前n项和,数学选择性必修第二册,第四章 数列,4.2 等差数列,0.60
MATH,等比数列,等比数列,数学选择性必修第二册,第四章 数列,4.3 等比数列,1.00
MATH,等比数列的通项,等比数列的通项,数学选择性必修第二册,第四章 数列,4.3 等比数列,0.60
MATH,等比数列的前n项和,等比数列的前n项和,数学选择性必修第二册,第四章 数列,4.3 等比数列,0.60
MATH,数列求和,数列求和,数学选择性必修第二册,第四章 数列,4.2 等差数列,0.50
MATH,数学归纳法,数学归纳法,数学选择性必修第二册,第四章 数列,4.4 数学归纳法,1.00
MATH,导数的概念,导数的概念,数学选择性必修第二册,第五章 一元函数的导数及其应用,5.1 导数的概念及其意义,0.67
MATH,导数的几何意义,导数的几何意义,数学选择性必修第二册,第五章 一元函数的导数及其应用,5.1 导数的概念及其意义,0.50
MATH,基本初等函数的导数,基本初等函数的导数,数学必修第一册,第三章 函数的概念与性质,3.2 函数的基本性质,0.57
MATH,导数的运算法则,导数的运算法则,数学选择性必修第二册,第五章 一元函数的导数及其应用,5.2 导数的运算,0.67
MATH,复合函数的导数,复合函数的导数,数学选择性必修第二册,第五章 一元函数的导数及其应用,5.3 导数在研究函数中的应用,0.43
MATH,函数的单调性与导数,函数的单调性与导数,数学选择性必修第二册,第五章 一元函数的导数及其应用,5.3 导数在研究函数中的应用,0.43
MATH,函数的极值,函数的极值,数学必修第一册,第四章 指数函数与对数函数,4.4 对数函数,0.50
MATH,函数的最值,函数的最值,数学必修第一册,第四章 指数函数与对数函数,4.4 对数函数,0.50
MATH,导数与不等式,导数与不等式,数学必修第一册,第二章 一元二次函数、方程和不等式,2.1 等式性质与不等式性质,0.33
MATH,导数与零点,导数与零点,数学选择性必修第二册,第五章 一元函数的导数及其应用,5.2 导数的运算,0.33
MATH,平面向量的概念,平面向量的概念,数学必修第二册,第六章 平面向量及其应用,6.1 平面向量的概念,1.00
MATH,平面向量的线性运算,平面向量的线性运算,数学必修第二册,第六章 平面向量及其应用,6.2 平面向量的运算,0.75
MATH,平面向量的数量积,平面向量的数量积,数学必修第二册,第六章 平面向量及其应用,6.4 平面向量的应用,0.67
MATH,平面向量的坐标运算,平面向量的坐标运算,数学必修第二册,第六章 平面向量及其应用,6.2 平面向量的运算,0.75
MATH,平面向量基本定理,平面向量基本定理,数学必修第二册,第六章 平面向量及其应用,6.3 平面向量基本定理及坐标表示,0.64
MATH,向量的模与夹角,向量的模与夹角,数学必修第二册,第六章 平面向量及其应用,6.4 平面向量的应用,0.29
MATH,投影向量,投影向量,数学必修第二册,第六章 平面向量及其应用,6.4 平面向量的应用,0.33
MATH,向量共线定理,向量共线定理,数学选择性必修第一册,第一章 空间向量与立体几何,1.2 空间向量基本定理,0.33
MATH,复数的概念,复数的概念,数学必修第二册,第七章 复数,7.1 复数的概念,1.00
MATH,复数的四则运算,复数的四则运算,数学必修第二册,第七章 复数,7.2 复数的四则运算,1.00
MATH,复数的几何意义,复数的几何意义,数学选择性必修第二册,第五章 一元函数的导数及其应用,5.1 导数的概念及其意义,0.33
MATH,复数的模,复数的模,数学必修第二册,第七章 复数,7.1 复数的概念,0.40
MATH,共轭复数,共轭复数,数学必修第二册,第七章 复数,7.1 复数的概念,0.33
MATH,空间几何体,空间几何体,数学选择性必修第一册,第一章 空间向量与立体几何,1.4 空间向量的应用,0.29
MATH,三视图与直观图,三视图与直观图,数学必修第二册,第八章 立体几何初步,8.2 立体图形的直观图,0.38
MATH,多面体与旋转体,多面体与旋转体,数学必修第二册,第八章 立体几何初步,8.3 表面积和体积,0.29
MATH,表面积与体积,表面积与体积,数学必修第二册,第八章 立体几何初步,8.3 表面积和体积,1.00
MATH,空间点线面的位置关系,空间点线面的位置关系,数学必修第二册,第八章 立体几何初步,8.4 空间点、直线、平面之间的位置关系,0.82
MATH,直线与平面平行,直线与平面平行,数学必修第二册,第八章 立体几何初步,8.5 直线、平面平行,1.00
MATH,直线与平面垂直,直线与平面垂直,数学必修第二册,第八章 立体几何初步,8.6 直线、平面垂直,1.00
MATH,空间向量与立体几何,空间向量与立体几何,数学选择性必修第一册,第一章 空间向量与立体几何,1.4 空间向量的应用,0.50
MATH,异面直线所成的角,异面直线所成的角,数学必修第二册,第八章 立体几何初步,8.5 直线、平面平行,0.33
MATH,二面角,二面角,数学必修第一册,第四章 指数函数与对数函数,4.5 函数的应用（二）,0.20
MATH,随机事件,随机事件,数学必修第二册,第十章 概率,10.1 随机事件与概率,0.67
MATH,古典概型,古典概型,数学必修第二册,第十章 概率,10.3 频率与概率,0.25
MATH,随机事件的相互独立性,随机事件的相互独立性,数学必修第二册,第十章 概率,10.2 事件的相互独立性,0.78
MATH,条件概率,条件概率,数学选择性必修第三册,第七章 随机变量及其分布,7.1 条件概率与全概率公式,0.57
MATH,全概率,全概率,数学必修第二册,第十章 概率,10.3 频率与概率,0.50
MATH,离散型随机变量,离散型随机变量,数学选择性必修第三册,第七章 随机变量及其分布,7.2 离散型随机变量及其分布列,0.75
MATH,离散型随机变量的期望,离散型随机变量的期望,数学选择性必修第三册,第七章 随机变量及其分布,7.2 离散型随机变量及其分布列,0.60
MATH,离散型随机变量的方差,离散型随机变量的方差,数学选择性必修第三册,第七章 随机变量及其分布,7.2 离散型随机变量及其分布列,0.60
MATH,二项分布,二项分布,数学选择性必修第三册,第七章 随机变量及其分布,7.3 二项分布与超几何分布,0.50
MATH,超几何分布,超几何分布,数学选择性必修第三册,第七章 随机变量及其分布,7.3 二项分布与超几何分布,0.67
MATH,正态分布,正态分布,数学选择性必修第三册,第七章 随机变量及其分布,7.4 正态分布,1.00
MATH,简单随机抽样,简单随机抽样,数学必修第二册,第九章 统计,9.1 随机抽样,1.00
MATH,分层随机抽样,分层随机抽样,数学必修第二册,第九章 统计,9.1 随机抽样,0.80
MATH,统计图表的读取,统计图表的读取,数学必修第二册,第九章 统计,9.3 统计分析案例,0.25
MATH,平均数与中位数,平均数与中位数,数学必修第一册,第四章 指数函数与对数函数,4.3 对数,0.25
MATH,回归分析,回归分析,数学选择性必修第三册,第八章 成对数据的统计分析,8.2 一元线性回归及其应用,0.33
MATH,独立性检验,独立性检验,数学必修第二册,第十章 概率,10.2 事件的相互独立性,0.33
MATH,直线的方程,直线的方程,数学选择性必修第一册,第二章 直线和圆的方程,2.2 直线的方程,1.00
MATH,两条直线的位置关系,两条直线的位置关系,数学选择性必修第一册,第二章 直线和圆的方程,2.5 直线与圆、圆与圆的位置关系,0.67
MATH,圆的方程,圆的方程,数学选择性必修第一册,第二章 直线和圆的方程,2.4 圆的方程,1.00
MATH,直线与圆的位置关系,直线与圆的位置关系,数学选择性必修第一册,第二章 直线和圆的方程,2.5 直线与圆、圆与圆的位置关系,1.00
MATH,椭圆,椭圆,数学选择性必修第一册,第三章 圆锥曲线的方程,3.1 椭圆,1.00
MATH,椭圆的方程,椭圆的方程,数学选择性必修第一册,第二章 直线和圆的方程,2.4 圆的方程,0.75
MATH,椭圆的离心率,椭圆的离心率,数学选择性必修第一册,第三章 圆锥曲线的方程,3.1 椭圆,0.40
MATH,椭圆的焦点,椭圆的焦点,数学选择性必修第一册,第三章 圆锥曲线的方程,3.1 椭圆,0.50
MATH,双曲线,双曲线,数学选择性必修第一册,第三章 圆锥曲线的方程,3.2 双曲线,1.00
MATH,双曲线的渐近线,双曲线的渐近线,数学选择性必修第一册,第三章 圆锥曲线的方程,3.2 双曲线,0.60
MATH,双曲线的离心率,双曲线的离心率,数学选择性必修第一册,第三章 圆锥曲线的方程,3.2 双曲线,0.50
MATH,抛物线,抛物线,数学选择性必修第一册,第三章 圆锥曲线的方程,3.3 抛物线,1.00
MATH,抛物线的焦点与准线,抛物线的焦点与准线,数学选择性必修第一册,第三章 圆锥曲线的方程,3.3 抛物线,0.50
MATH,抛物线焦半径,抛物线焦半径,数学选择性必修第一册,第三章 圆锥曲线的方程,3.3 抛物线,0.50
MATH,曲线的轨迹方程,曲线的轨迹方程,数学选择性必修第一册,第二章 直线和圆的方程,2.2 直线的方程,0.43
MATH,圆锥曲线的综合问题,圆锥曲线的综合问题,数学选择性必修第一册,第三章 圆锥曲线的方程,3.2 双曲线,0.22
MATH,分类加法计数原理,分类加法计数原理,数学选择性必修第三册,第六章 计数原理,6.1 分类加法计数原理与分步乘法计数原理,0.86
MATH,分步乘法计数原理,分步乘法计数原理,数学选择性必修第三册,第六章 计数原理,6.1 分类加法计数原理与分步乘法计数原理,0.71
MATH,排列,排列,数学选择性必修第三册,第六章 计数原理,6.2 排列与组合,0.50
MATH,组合,组合,数学选择性必修第三册,第六章 计数原理,6.2 排列与组合,0.50
MATH,二项式定理,二项式定理,数学选择性必修第三册,第六章 计数原理,6.3 二项式定理,1.00
MATH,函数的相关概念,函数的相关概念,数学必修第一册,第三章 函数的概念与性质,3.1 函数的概念及其表示,0.50
MATH,函数的三要素,函数的三要素,数学必修第一册,第五章 三角函数,5.7 三角函数的应用,0.50
MATH,相等函数与分段函数,相等函数与分段函数,数学必修第一册,第四章 指数函数与对数函数,4.4 对数函数,0.50
MATH,单调函数的定义,单调函数的定义,数学必修第一册,第四章 指数函数与对数函数,4.4 对数函数,0.40
MATH,函数的单调区间,函数的单调区间,数学必修第一册,第四章 指数函数与对数函数,4.4 对数函数,0.40
MATH,函数单调性的性质,函数单调性的性质,数学必修第一册,第三章 函数的概念与性质,3.2 函数的基本性质,0.57
MATH,函数奇偶性的几个重要结论,函数奇偶性的几个重要结论,数学必修第一册,第三章 函数的概念与性质,3.2 函数的基本性质,0.21
MATH,周期函数的定义,周期函数的定义,数学必修第一册,第四章 指数函数与对数函数,4.4 对数函数,0.33
MATH,关于线对称,关于线对称,数学选择性必修第一册,第二章 直线和圆的方程,2.5 直线与圆、圆与圆的位置关系,0.22
MATH,关于点对称,关于点对称,数学必修第二册,第八章 立体几何初步,8.4 空间点、直线、平面之间的位置关系,0.15
MATH,函数值域的求法,函数值域的求法,数学必修第一册,第四章 指数函数与对数函数,4.4 对数函数,0.33
MATH,配方法-主要用于二次函数或可化为二次函数的函数-要特别注意自变量的取值范围,配方法,数学选择性必修第一册,第二章 直线和圆的方程,2.4 圆的方程,0.20
MATH,判别式法-主要用于含有二次的分式函数-形如,判别式法,数学必修第一册,第二章 一元二次函数、方程和不等式,2.1 等式性质与不等式性质,0.14
MATH,为奇函数,为奇函数,数学必修第一册,第四章 指数函数与对数函数,4.4 对数函数,0.67
MATH,函数的奇偶性-周期性-对称性关系,函数的奇偶性、周期性、对称性关系,数学必修第一册,第三章 函数的概念与性质,3.2 函数的基本性质,0.23
MATH,抽象函数的性质综合,抽象函数的性质综合,数学必修第一册,第五章 三角函数,5.4 三角函数的图象与性质,0.45
MATH,判断抽象函数单调性的方法,判断抽象函数单调性的方法,数学必修第一册,第五章 三角函数,5.4 三角函数的图象与性质,0.29
MATH,复合函数定义域忽略内层值域与外层定义域关系致错,复合函数定义域忽略内层值域与外层定义域关系致错,数学必修第一册,第一章 集合与常用逻辑用语,1.2 集合间的基本关系,0.14
MATH,忽略二次型式子最高次系数为0致错,忽略二次型式子最高次系数为0致错,数学必修第一册,第二章 一元二次函数、方程和不等式,2.3 二次函数与一元二次方程、不等式,0.22
MATH,判断函数奇偶性时忽略定义域致错,判断函数奇偶性时忽略定义域致错,数学必修第一册,第三章 函数的概念与性质,3.2 函数的基本性质,0.17
MATH,利用单调性解不等式时忽略定义域致错,利用单调性解不等式时忽略定义域致错,数学必修第一册,第二章 一元二次函数、方程和不等式,2.1 等式性质与不等式性质,0.21
MATH,研究分段函数单调性时忽略分段点致错,研究分段函数单调性时忽略分段点致错,数学选择性必修第二册,第五章 一元函数的导数及其应用,5.3 导数在研究函数中的应用,0.29
MATH,函数定义域的常见类型,函数定义域的常见类型,数学必修第一册,第四章 指数函数与对数函数,4.4 对数函数,0.33
MATH,偶次方根的被开方数的被开方数必须大于等于零-即中,偶次方根被开方数的取值范围,数学必修第一册,第二章 一元二次函数、方程和不等式,2.3 二次函数与一元二次方程、不等式,0.17
MATH,待定系数法-若已知函数的类型-如一次函数-二次函数等-可用待定系数法,待定系数法,数学选择性必修第二册,第四章 数列,4.4 数学归纳法,0.25
MATH,换元法-主要用于解决已知的解析式-求函数的解析式的问题,换元法,数学必修第一册,第五章 三角函数,5.5 三角恒等变换,0.14
MATH,方程组法-主要解决已知与-的方程-求解析式,方程组法,数学选择性必修第一册,第二章 直线和圆的方程,2.4 圆的方程,0.40
MATH,分段函数的常见类型及解法,分段函数的常见类型及解法,数学必修第一册,第四章 指数函数与对数函数,4.4 对数函数,0.40
MATH,比较函数值的大小-先将自变量转化到同一个单调区间内-然后利用函数的单调性解决,比较函数值的大小,数学必修第一册,第四章 指数函数与对数函数,4.4 对数函数,0.29
MATH,利用函数的单调性求参数,利用函数的单调性求参数,数学必修第一册,第三章 函数的概念与性质,3.2 函数的基本性质,0.30
MATH,利用奇偶性求值-将待求函数值或不等式利用奇偶性转化为已知区间上的函数值求解,利用奇偶性求值,数学必修第一册,第二章 一元二次函数、方程和不等式,2.1 等式性质与不等式性质,0.11
MATH,根式与分数指数幂,根式与分数指数幂,数学必修第一册,第四章 指数函数与对数函数,4.1 指数,0.40
MATH,指数幂的运算性质,指数幂的运算性质,数学选择性必修第二册,第五章 一元函数的导数及其应用,5.2 导数的运算,0.38
MATH,对数与对数运算,对数与对数运算,数学选择性必修第二册,第五章 一元函数的导数及其应用,5.2 导数的运算,0.75
MATH,幂函数的定义-一般地-函数y-xα叫做幂函数-其中x是自变量-α是常数,幂函数的定义,数学必修第一册,第三章 函数的概念与性质,3.3 幂函数,0.60
MATH,幂函数的性质,幂函数的性质,数学必修第一册,第三章 函数的概念与性质,3.3 幂函数,0.60
MATH,指数函数及其性质,指数函数及其性质,数学必修第一册,第四章 指数函数与对数函数,4.2 指数函数,0.60
MATH,指数函数的常用技巧,指数函数的常用技巧,数学必修第一册,第四章 指数函数与对数函数,4.2 指数函数,0.60
MATH,对数函数的概念,对数函数的概念,数学必修第一册,第三章 函数的概念与性质,3.1 函数的概念及其表示,0.67
MATH,对数函数图象的常用结论,对数函数图象的常用结论,数学必修第一册,第五章 三角函数,5.4 三角函数的图象与性质,0.40
MATH,函数零点的定义,函数零点的定义,数学必修第一册,第四章 指数函数与对数函数,4.4 对数函数,0.33
MATH,函数零点存在定理,函数零点存在定理,数学必修第一册,第四章 指数函数与对数函数,4.4 对数函数,0.33
MATH,二分法,二分法,数学必修第一册,第四章 指数函数与对数函数,4.5 函数的应用（二）,0.25
MATH,二次函数在闭区间上的最值问题,二次函数在闭区间上的最值问题,数学必修第一册,第四章 指数函数与对数函数,4.5 函数的应用（二）,0.27
MATH,指数型复合函数的单调性问题,指数型复合函数的单调性问题,数学必修第一册,第四章 指数函数与对数函数,4.2 指数函数,0.33
MATH,指数型复合函数的值域问题,指数型复合函数的值域问题,数学必修第一册,第四章 指数函数与对数函数,4.2 指数函数,0.33
MATH,对数型复合函数的单调性问题的求解策略,对数型复合函数的单调性问题的求解策略,数学必修第一册,第三章 函数的概念与性质,3.2 函数的基本性质,0.21
MATH,对数型复合函数的值域问题的求解策略,对数型复合函数的值域问题的求解策略,数学必修第一册,第四章 指数函数与对数函数,4.4 对数函数,0.18
MATH,嵌套函数的零点问题,嵌套函数的零点问题,数学必修第一册,第四章 指数函数与对数函数,4.4 对数函数,0.25
MATH,函数零点的求和问题,函数零点的求和问题,数学必修第一册,第四章 指数函数与对数函数,4.4 对数函数,0.29
MATH,忽略对指数与对数底数的讨论致错,忽略对指数与对数底数的讨论致错,数学必修第一册,第四章 指数函数与对数函数,4.1 指数,0.22
MATH,求复合函数单调性时忽略定义域致错,求复合函数单调性时忽略定义域致错,数学必修第一册,第三章 函数的概念与性质,3.2 函数的基本性质,0.17
MATH,对零点存在定理理解不准确致错,对零点存在定理理解不准确致错,数学必修第一册,第二章 一元二次函数、方程和不等式,2.1 等式性质与不等式性质,0.08
MATH,指数幂运算的一般原则,指数幂运算的一般原则,数学必修第二册,第七章 复数,7.2 复数的四则运算,0.36
MATH,对数混合运算的一般原则,对数混合运算的一般原则,数学必修第二册,第七章 复数,7.2 复数的四则运算,0.36
MATH,对数运算中的几个运算技巧,对数运算中的几个运算技巧,数学选择性必修第二册,第五章 一元函数的导数及其应用,5.2 导数的运算,0.38
MATH,幂函数的图象与性质,幂函数的图象与性质,数学必修第一册,第五章 三角函数,5.4 三角函数的图象与性质,0.67
MATH,指数函数的图象与性质应用,指数函数的图象与性质应用,数学必修第一册,第五章 三角函数,5.4 三角函数的图象与性质,0.67
MATH,对数函数的图象与性质应用,对数函数的图象与性质应用,数学必修第一册,第五章 三角函数,5.4 三角函数的图象与性质,0.75
MATH,指对幂比较大小的常用方法,指对幂比较大小的常用方法,数学必修第一册,第四章 指数函数与对数函数,4.1 指数,0.11
MATH,作差法-作商法,作差法、作商法,数学选择性必修第二册,第四章 数列,4.2 等差数列,0.17
MATH,估值法-1-估算要比较大小的两个值所在的大致区间,估值法,数学选择性必修第二册,第四章 数列,4.4 数学归纳法,0.14
MATH,构造函数-运用函数的单调性比较,构造函数，运用函数的单调性比较,数学必修第一册,第三章 函数的概念与性质,3.2 函数的基本性质,0.25
MATH,定理法-利用零点存在定理-函数的图象在区间上是连续不断的曲线-且,定理法,数学选择性必修第三册,第六章 计数原理,6.3 二项式定理,0.20
MATH,性质法-利用函数性质-若能确定函数的单调性-则其零点个数不难得到,性质法,数学必修第一册,第二章 一元二次函数、方程和不等式,2.1 等式性质与不等式性质,0.40
MATH,直接法-利用零点存在的判定定理构建不等式求解,直接法,数学选择性必修第一册,第二章 直线和圆的方程,2.2 直线的方程,0.17
MATH,分离参数法-分离参数后转化为求函数的值域-最值-问题求解,分离参数法,数学选择性必修第二册,第四章 数列,4.4 数学归纳法,0.29
MATH,重要不等式-当且仅当时取号,重要不等式,数学必修第一册,第二章 一元二次函数、方程和不等式,2.1 等式性质与不等式性质,0.33
MATH,利用基本不等式求最值,利用基本不等式求最值,数学必修第一册,第二章 一元二次函数、方程和不等式,2.2 基本不等式,0.50
MATH,不等式恒成立与能成立问题,不等式恒成立与能成立问题,数学必修第一册,第二章 一元二次函数、方程和不等式,2.1 等式性质与不等式性质,0.20
MATH,含参一元二次不等式的解法,含参一元二次不等式的解法,数学必修第一册,第二章 一元二次函数、方程和不等式,2.3 二次函数与一元二次方程、不等式,0.46
MATH,忽视不等式性质成立的条件致错,忽视不等式性质成立的条件致错,数学必修第一册,第二章 一元二次函数、方程和不等式,2.1 等式性质与不等式性质,0.33
MATH,忽视基本不等式应用的条件致错,忽视基本不等式应用的条件致错,数学必修第一册,第二章 一元二次函数、方程和不等式,2.2 基本不等式,0.40
MATH,连续使用基本不等式忽略等号同时成立致错,连续使用基本不等式忽略等号同时成立致错,数学必修第一册,第二章 一元二次函数、方程和不等式,2.2 基本不等式,0.25
MATH,解分数不等式忽略分母不为零致错,解分数不等式忽略分母不为零致错,数学必修第一册,第二章 一元二次函数、方程和不等式,2.3 二次函数与一元二次方程、不等式,0.19
MATH,作差法,作差法,数学选择性必修第二册,第四章 数列,4.2 等差数列,0.20
MATH,利用不等式的性质求数-式-的范围,利用不等式的性质求数（式）的范围,数学必修第一册,第二章 一元二次函数、方程和不等式,2.1 等式性质与不等式性质,0.44
MATH,解一元二次不等式的步骤,解一元二次不等式的步骤,数学必修第一册,第二章 一元二次函数、方程和不等式,2.3 二次函数与一元二次方程、不等式,0.55
MATH,基本不等式的实际应用,基本不等式的实际应用,数学必修第一册,第二章 一元二次函数、方程和不等式,2.2 基本不等式,0.67
MATH,在求函数的最值时-一定要在定义域-使实际问题有意义的自变量的取值范围-内求解,求函数最值时须在定义域内,数学必修第一册,第四章 指数函数与对数函数,4.4 对数函数,0.18
MATH,证明不等式,证明不等式,数学必修第一册,第二章 一元二次函数、方程和不等式,2.1 等式性质与不等式性质,0.33
MATH,集合运算中的常用二级结论,集合运算中的常用二级结论,数学必修第一册,第一章 集合与常用逻辑用语,1.3 集合的基本运算,0.40
MATH,充要条件,充要条件,数学必修第一册,第一章 集合与常用逻辑用语,1.4 充分条件与必要条件,0.80
MATH,全称量词与全称量词命题,全称量词与全称量词命题,数学必修第一册,第一章 集合与常用逻辑用语,1.5 全称量词与存在量词,0.57
MATH,存在量词与存在量词命题,存在量词与存在量词命题,数学必修第一册,第一章 集合与常用逻辑用语,1.5 全称量词与存在量词,0.43
MATH,命题的否定-对命题p加以否定-得到一个新的命题-记作-读作-非p-或p的否定,命题的否定,数学选择性必修第三册,第六章 计数原理,6.3 二项式定理,0.14
MATH,利用元素与集合的关系求参数,利用元素与集合的关系求参数,数学必修第一册,第一章 集合与常用逻辑用语,1.2 集合间的基本关系,0.31
MATH,利用集合间的关系求参数,利用集合间的关系求参数,数学必修第一册,第一章 集合与常用逻辑用语,1.2 集合间的基本关系,0.45
MATH,根据交集-并集-补集的运算结果求参数,根据交集、并集、补集的运算结果求参数,数学选择性必修第二册,第五章 一元函数的导数及其应用,5.2 导数的运算,0.21
MATH,利用充分必要条件求参数,利用充分必要条件求参数,数学必修第一册,第一章 集合与常用逻辑用语,1.4 充分条件与必要条件,0.56
MATH,端点取值需谨慎-在求参数范围时-要注意边界或区间端点值的检验-从而确定取舍,端点取值需谨慎,数学选择性必修第一册,第二章 直线和圆的方程,2.3 直线的交点坐标与距离公式,0.06
MATH,根据全称-存在量词命题的真假求参数,根据全称、存在量词命题的真假求参数,数学必修第一册,第一章 集合与常用逻辑用语,1.5 全称量词与存在量词,0.36
MATH,解决双变量-存在性-或-任意性-的等式问题,解决双变量“存在性”或“任意性”的等式问题,数学必修第一册,第二章 一元二次函数、方程和不等式,2.1 等式性质与不等式性质,0.12
MATH,解决双变量-存在性-或-任意性-的不等式问题,解决双变量“存在性”或“任意性”的不等式问题,数学必修第一册,第二章 一元二次函数、方程和不等式,2.1 等式性质与不等式性质,0.19
MATH,对集合表示方法的理解偏差致错,对集合表示方法的理解偏差致错,数学必修第一册,第一章 集合与常用逻辑用语,1.1 集合的概念,0.17
MATH,忽视-漏-空集致错,忽视（漏）空集致错,数学必修第一册,第一章 集合与常用逻辑用语,1.1 集合的概念,0.10
MATH,忽视集合元素的互异性致错,忽视集合元素的互异性致错,数学必修第一册,第一章 集合与常用逻辑用语,1.1 集合的概念,0.15
MATH,充分性与必要性位置颠倒理解错误致错,充分性与必要性位置颠倒理解错误致错,数学必修第一册,第一章 集合与常用逻辑用语,1.4 充分条件与必要条件,0.23
MATH,对含有一个量词命题的否定理解错误致错,对含有一个量词命题的否定理解错误致错,数学必修第一册,第一章 集合与常用逻辑用语,1.5 全称量词与存在量词,0.13
MATH,子集的个数问题,子集的个数问题,数学必修第一册,第四章 指数函数与对数函数,4.3 对数,0.17
MATH,判断集合间的关系,判断集合间的关系,数学必修第一册,第一章 集合与常用逻辑用语,1.2 集合间的基本关系,0.56
MATH,列举观察法-列出几何中的全部元素-通过定义得出集合间关系,列举观察法,数学选择性必修第二册,第四章 数列,4.2 等差数列,0.14
MATH,venn图在集合运算中的应用,Venn图在集合运算中的应用,数学必修第一册,第一章 集合与常用逻辑用语,1.3 集合的基本运算,0.57
MATH,集合新定义的解题思路,集合新定义的解题思路,数学必修第一册,第一章 集合与常用逻辑用语,1.1 集合的概念,0.20
MATH,充分条件与必要条件的判断,充分条件与必要条件的判断,数学必修第一册,第一章 集合与常用逻辑用语,1.4 充分条件与必要条件,0.71
MATH,等价转化法-将命题转化为另一个与之等价的且便于判断真假的命题,等价转化法,数学选择性必修第二册,第四章 数列,4.4 数学归纳法,0.12
MATH,数列的有关概念,数列的有关概念,数学选择性必修第二册,第四章 数列,4.1 数列的概念,0.80
MATH,数列与函数的关系,数列与函数的关系,数学必修第一册,第四章 指数函数与对数函数,4.4 对数函数,0.40
MATH,等差数列的有关概念,等差数列的有关概念,数学选择性必修第二册,第四章 数列,4.1 数列的概念,0.67
MATH,等差数列的有关公式,等差数列的有关公式,数学选择性必修第二册,第四章 数列,4.2 等差数列,0.50
MATH,等差数列的常用性质,等差数列的常用性质,数学选择性必修第二册,第四章 数列,4.2 等差数列,0.60
MATH,等差数列前项和的常用性质,等差数列前项和的常用性质,数学选择性必修第二册,第四章 数列,4.2 等差数列,0.43
MATH,等比数列的有关概念,等比数列的有关概念,数学选择性必修第二册,第四章 数列,4.1 数列的概念,0.67
MATH,等比数列的有关公式,等比数列的有关公式,数学选择性必修第二册,第四章 数列,4.3 等比数列,0.50
MATH,等比数列的常用性质,等比数列的常用性质,数学选择性必修第二册,第四章 数列,4.3 等比数列,0.60
MATH,等比数列前项和的常用性质,等比数列前项和的常用性质,数学选择性必修第二册,第四章 数列,4.3 等比数列,0.43
MATH,数列的单调性与最值问题,数列的单调性与最值问题,数学选择性必修第二册,第四章 数列,4.2 等差数列,0.22
MATH,等差数列前n项和最值问题,等差数列前n项和最值问题,数学选择性必修第二册,第四章 数列,4.2 等差数列,0.33
MATH,等差数列含绝对值问题,等差数列含绝对值问题,数学选择性必修第二册,第四章 数列,4.2 等差数列,0.38
MATH,等差数列与等比数列新背景问题,等差数列与等比数列新背景问题,数学选择性必修第二册,第四章 数列,4.2 等差数列,0.33
MATH,混淆数列与函数致错,混淆数列与函数致错,数学必修第一册,第四章 指数函数与对数函数,4.4 对数函数,0.29
MATH,对等比数列-中项-理解错误致错,对等比数列“中项”理解错误致错,数学选择性必修第二册,第四章 数列,4.3 等比数列,0.33
MATH,忽视对公比q的讨论致错,忽视对公比q的讨论致错,数学选择性必修第二册,第四章 数列,4.3 等比数列,0.10
MATH,由前几项归纳数列通项的方法,由前几项归纳数列通项的方法,数学选择性必修第二册,第四章 数列,4.4 数学归纳法,0.33
MATH,周期数列的常见形式,周期数列的常见形式,数学选择性必修第二册,第四章 数列,4.2 等差数列,0.29
MATH,求解等差数列基本量的策略,求解等差数列基本量的策略,数学选择性必修第二册,第四章 数列,4.2 等差数列,0.33
MATH,前n项和公式法-为常数为等差数列,前n项和公式法,数学必修第一册,第五章 三角函数,5.3 诱导公式,0.29
MATH,等差数列前n项和性质的应用,等差数列前n项和性质的应用,数学选择性必修第二册,第四章 数列,4.2 等差数列,0.43
MATH,求解等比数列基本量的策略,求解等比数列基本量的策略,数学选择性必修第二册,第四章 数列,4.3 等比数列,0.33
MATH,前项和公式法-若数列的前项和-则该数列是等比数列,前项和公式法,数学必修第一册,第五章 三角函数,5.3 诱导公式,0.29
MATH,等比数列性质应用问题的解题突破口,等比数列性质应用问题的解题突破口,数学选择性必修第二册,第四章 数列,4.3 等比数列,0.30
MATH,应用等比数列性质解题时的2个注意点,应用等比数列性质解题时的2个注意点,数学选择性必修第二册,第四章 数列,4.3 等比数列,0.27
MATH,数列的递推公式,数列的递推公式,数学选择性必修第二册,第四章 数列,4.2 等差数列,0.29
MATH,数列通项公式的求法,数列通项公式的求法,数学选择性必修第二册,第四章 数列,4.2 等差数列,0.22
MATH,公式法,公式法,数学必修第一册,第五章 三角函数,5.3 诱导公式,0.40
MATH,累加法-适用于an-1-an-f-n-可变形为an-1-an-f-n,累加法,数学选择性必修第三册,第六章 计数原理,6.1 分类加法计数原理与分步乘法计数原理,0.25
MATH,取倒数法-an-1-p-q-r是常数-可变形为,取倒数法,数学选择性必修第二册,第四章 数列,4.4 数学归纳法,0.29
MATH,特征根法与不动点法,特征根法与不动点法,数学必修第一册,第二章 一元二次函数、方程和不等式,2.1 等式性质与不等式性质,0.10
MATH,分组转化法,分组转化法,数学选择性必修第三册,第六章 计数原理,6.2 排列与组合,0.14
MATH,求和问题,求和问题,,,,0.00
MATH,余数列周期性,余数列周期性,数学选择性必修第二册,第四章 数列,4.2 等差数列,0.29
MATH,由求时忽略对-检验致错,由求时忽略对“”检验致错,,,,0.00
MATH,裂项相消求和时遗漏剩余项致错,裂项相消求和时遗漏剩余项致错,数学选择性必修第三册,第六章 计数原理,6.3 二项式定理,0.07
MATH,由sn求an的步骤,由Sn求an的步骤,,,,0.00
MATH,累加法与累乘法求数列通项,累加法与累乘法求数列通项,数学选择性必修第三册,第六章 计数原理,6.1 分类加法计数原理与分步乘法计数原理,0.33
MATH,构造法求数列通项,构造法求数列通项,数学选择性必修第二册,第四章 数列,4.2 等差数列,0.22
MATH,取倒数法求数列通项,取倒数法求数列通项,数学选择性必修第二册,第四章 数列,4.2 等差数列,0.22
MATH,分组-并项-法求数列的前n项和,分组（并项）法求数列的前n项和,数学选择性必修第二册,第四章 数列,4.2 等差数列,0.22
MATH,用裂项法求和的裂项原则及规律,用裂项法求和的裂项原则及规律,数学选择性必修第三册,第六章 计数原理,6.1 分类加法计数原理与分步乘法计数原理,0.15
MATH,裂项相消法中常见的裂项技巧,裂项相消法中常见的裂项技巧,数学选择性必修第三册,第六章 计数原理,6.3 二项式定理,0.10
MATH,注意解题-3关键,注意解题“3关键”,数学必修第一册,第五章 三角函数,5.1 任意角和弧度制,0.08
MATH,等差乘等比数列求和-令-可以用错位相减法,等差乘等比数列求和，令，可以用错位相减法,数学选择性必修第二册,第四章 数列,4.2 等差数列,0.23
MATH,函数y-f-x-在x-x0处的导数定义,函数y＝f(x)在x＝x0处的导数定义,数学选择性必修第二册,第五章 一元函数的导数及其应用,5.3 导数在研究函数中的应用,0.33
MATH,导数与函数的单调性的关系,导数与函数的单调性的关系,数学选择性必修第二册,第五章 一元函数的导数及其应用,5.3 导数在研究函数中的应用,0.33
MATH,导数法求函数单调区间的步骤,导数法求函数单调区间的步骤,数学选择性必修第二册,第五章 一元函数的导数及其应用,5.3 导数在研究函数中的应用,0.27
MATH,函数极值与最值的关系,函数极值与最值的关系,数学必修第一册,第四章 指数函数与对数函数,4.4 对数函数,0.29
MATH,过定点的多切线问题,过定点的多切线问题,数学选择性必修第一册,第二章 直线和圆的方程,2.3 直线的交点坐标与距离公式,0.12
MATH,含参函数的单调性讨论,含参函数的单调性讨论,数学必修第一册,第三章 函数的概念与性质,3.2 函数的基本性质,0.27
MATH,单变量不等式恒成立问题,单变量不等式恒成立问题,数学必修第一册,第二章 一元二次函数、方程和不等式,2.1 等式性质与不等式性质,0.18
MATH,双变量不等式恒成立问题,双变量不等式恒成立问题,数学必修第一册,第二章 一元二次函数、方程和不等式,2.1 等式性质与不等式性质,0.17
MATH,导数与函数零点问题,导数与函数零点问题,数学选择性必修第二册,第五章 一元函数的导数及其应用,5.3 导数在研究函数中的应用,0.33
MATH,函数的隐零点问题,函数的隐零点问题,数学必修第一册,第四章 指数函数与对数函数,4.4 对数函数,0.29
MATH,极值点偏移问题,极值点偏移问题,数学选择性必修第一册,第二章 直线和圆的方程,2.3 直线的交点坐标与距离公式,0.06
MATH,复合函数求导-漏层-或-错层-致错,复合函数求导“漏层”或“错层”致错,数学选择性必修第二册,第五章 一元函数的导数及其应用,5.3 导数在研究函数中的应用,0.20
MATH,误解-导数为0-与-有极值-的关系致错,误解“导数为0”与“有极值”的关系致错,数学选择性必修第二册,第五章 一元函数的导数及其应用,5.2 导数的运算,0.15
MATH,对导数正负与函数图象升降关系理解不准确致错,对导数正负与函数图象升降关系理解不准确致错,数学必修第一册,第五章 三角函数,5.4 三角函数的图象与性质,0.20
MATH,导数定义在极限中的计算,导数定义在极限中的计算,数学选择性必修第二册,第五章 一元函数的导数及其应用,5.2 导数的运算,0.33
MATH,曲线-在-某点处的切线问题,曲线“在”某点处的切线问题,数学选择性必修第一册,第三章 圆锥曲线的方程,3.2 双曲线,0.18
MATH,曲线-过-某点的切线问题,曲线“过”某点的切线问题,数学选择性必修第一册,第三章 圆锥曲线的方程,3.2 双曲线,0.18
MATH,两曲线的公切线问题,两曲线的公切线问题,数学选择性必修第一册,第三章 圆锥曲线的方程,3.2 双曲线,0.25
MATH,已知函数单调性求参数,已知函数单调性求参数,数学必修第一册,第三章 函数的概念与性质,3.2 函数的基本性质,0.27
MATH,导数构造法解函数不等式,导数构造法解函数不等式,数学选择性必修第二册,第五章 一元函数的导数及其应用,5.3 导数在研究函数中的应用,0.30
MATH,利用导数求函数极值的方法步骤,利用导数求函数极值的方法步骤,数学选择性必修第二册,第五章 一元函数的导数及其应用,5.3 导数在研究函数中的应用,0.25
MATH,已知函数的极值求参数,已知函数的极值求参数,数学必修第一册,第四章 指数函数与对数函数,4.4 对数函数,0.25
MATH,利用导数研究函数的最值,利用导数研究函数的最值,数学选择性必修第二册,第五章 一元函数的导数及其应用,5.3 导数在研究函数中的应用,0.62
MATH,空间向量的有关概念,空间向量的有关概念,数学选择性必修第一册,第一章 空间向量与立体几何,1.4 空间向量的应用,0.57
MATH,空间向量的线性运算,空间向量的线性运算,数学选择性必修第一册,第一章 空间向量与立体几何,1.1 空间向量及其运算,0.75
MATH,空间向量的有关定理,空间向量的有关定理,数学选择性必修第一册,第一章 空间向量与立体几何,1.4 空间向量的应用,0.67
MATH,空间向量的数量积及运算律,空间向量的数量积及运算律,数学选择性必修第一册,第一章 空间向量与立体几何,1.1 空间向量及其运算,0.67
MATH,空间向量数量积的坐标表示及其应用,空间向量数量积的坐标表示及其应用,数学选择性必修第一册,第一章 空间向量与立体几何,1.3 空间向量及其运算的坐标表示,0.67
MATH,直线的方向向量和平面的法向量,直线的方向向量和平面的法向量,数学必修第二册,第六章 平面向量及其应用,6.4 平面向量的应用,0.50
MATH,空间位置关系的向量表示,空间位置关系的向量表示,数学选择性必修第一册,第一章 空间向量与立体几何,1.3 空间向量及其运算的坐标表示,0.43
MATH,异面直线所成角,异面直线所成角,数学必修第二册,第八章 立体几何初步,8.5 直线、平面平行,0.33
MATH,直线与平面所成角,直线与平面所成角,数学必修第二册,第八章 立体几何初步,8.5 直线、平面平行,0.50
MATH,点到直线的距离,点到直线的距离,数学选择性必修第一册,第二章 直线和圆的方程,2.3 直线的交点坐标与距离公式,0.50
MATH,点到平面的距离,点到平面的距离,数学必修第二册,第六章 平面向量及其应用,6.4 平面向量的应用,0.29
MATH,线面距和面面距,线面距和面面距,数学必修第二册,第八章 立体几何初步,8.5 直线、平面平行,0.33
MATH,利用空间向量解决探索性问题,利用空间向量解决探索性问题,数学选择性必修第一册,第一章 空间向量与立体几何,1.4 空间向量的应用,0.36
MATH,利用空间向量解决最值范围问题,利用空间向量解决最值范围问题,数学选择性必修第一册,第一章 空间向量与立体几何,1.4 空间向量的应用,0.33
MATH,不规则几何体建系问题,不规则几何体建系问题,数学选择性必修第三册,第七章 随机变量及其分布,7.3 二项分布与超几何分布,0.14
MATH,空间向量新定义问题,空间向量新定义问题,数学选择性必修第一册,第一章 空间向量与立体几何,1.2 空间向量基本定理,0.45
MATH,忽视零向量,忽视零向量,数学必修第二册,第六章 平面向量及其应用,6.4 平面向量的应用,0.29
MATH,错判数量积的符号与夹角关系,错判数量积的符号与夹角关系,数学必修第一册,第五章 三角函数,5.7 三角函数的应用,0.15
MATH,忽略建系的条件而出错,忽略建系的条件而出错,数学必修第一册,第一章 集合与常用逻辑用语,1.4 充分条件与必要条件,0.17
MATH,由线-面关系误解向量关系,由线、面关系误解向量关系,数学必修第二册,第六章 平面向量及其应用,6.4 平面向量的应用,0.33
MATH,忽视异面直线的夹角与向量的夹角范围不同,忽视异面直线的夹角与向量的夹角范围不同,数学必修第二册,第六章 平面向量及其应用,6.4 平面向量的应用,0.20
MATH,线面角与向量夹角转化不清等问题,线面角与向量夹角转化不清等问题,数学必修第二册,第六章 平面向量及其应用,6.4 平面向量的应用,0.23
MATH,二面角概念模糊,二面角概念模糊,数学必修第一册,第五章 三角函数,5.2 三角函数的概念,0.30
MATH,动点问题没有取舍,动点问题没有取舍,数学选择性必修第一册,第二章 直线和圆的方程,2.3 直线的交点坐标与距离公式,0.06
MATH,用基向量表示指定向量的方法,用基向量表示指定向量的方法,数学必修第二册,第六章 平面向量及其应用,6.3 平面向量基本定理及坐标表示,0.43
MATH,三点共线和空间四点共面的方法比较,三点共线和空间四点共面的方法比较,数学必修第二册,第八章 立体几何初步,8.4 空间点、直线、平面之间的位置关系,0.28
MATH,解决垂直问题-利用-可将垂直问题转化为向量数量积的计算问题,解决垂直问题,数学必修第二册,第八章 立体几何初步,8.6 直线、平面垂直,0.25
MATH,利用空间向量证明垂直的方法,利用空间向量证明垂直的方法,数学选择性必修第一册,第一章 空间向量与立体几何,1.4 空间向量的应用,0.36
MATH,用向量法求异面直线所成角的一般步骤,用向量法求异面直线所成角的一般步骤,数学必修第二册,第六章 平面向量及其应用,6.4 平面向量的应用,0.20
MATH,用向量法求解直线与平面所成角的方法,用向量法求解直线与平面所成角的方法,数学必修第二册,第六章 平面向量及其应用,6.4 平面向量的应用,0.33
MATH,利用向量法解二面角问题的策略,利用向量法解二面角问题的策略,数学必修第二册,第六章 平面向量及其应用,6.4 平面向量的应用,0.25
MATH,利用空间向量求空间距离,利用空间向量求空间距离,数学选择性必修第一册,第一章 空间向量与立体几何,1.4 空间向量的应用,0.50
MATH,破-重点难点-突破重难点-冲刺高分,破·重点难点,数学选择性必修第一册,第二章 直线和圆的方程,2.3 直线的交点坐标与距离公式,0.07
MATH,辨-易混易错-辨析易混易错知识点-夯实基础,辨·易混易错,,,,0.00
MATH,点-方法技巧-点拨解题方法-练一题通一类,点·方法技巧,数学选择性必修第一册,第二章 直线和圆的方程,2.4 圆的方程,0.12
MATH,特殊的棱柱和棱锥,特殊的棱柱和棱锥,,,,0.00
MATH,空间几何体的直观图,空间几何体的直观图,数学必修第二册,第八章 立体几何初步,8.2 立体图形的直观图,0.40
MATH,空间几何体的表面积和体积公式,空间几何体的表面积和体积公式,数学必修第二册,第八章 立体几何初步,8.3 表面积和体积,0.40
MATH,柱体-锥体-台体侧面积间的关系,柱体、锥体、台体侧面积间的关系,数学必修第二册,第八章 立体几何初步,8.3 表面积和体积,0.27
MATH,在棱长为的正四面体中-高-外接球半径-内切球半径,正四面体的高与外接球、内切球半径,数学必修第二册,第八章 立体几何初步,8.3 表面积和体积,0.14
MATH,四个公理,四个公理,数学必修第一册,第五章 三角函数,5.3 诱导公式,0.17
MATH,直线与直线的位置关系,直线与直线的位置关系,数学选择性必修第一册,第二章 直线和圆的方程,2.5 直线与圆、圆与圆的位置关系,0.86
MATH,平面与平面平行,平面与平面平行,数学必修第二册,第八章 立体几何初步,8.5 直线、平面平行,0.60
MATH,平行关系之间的转化,平行关系之间的转化,数学必修第二册,第八章 立体几何初步,8.4 空间点、直线、平面之间的位置关系,0.29
MATH,直线和平面所成的角,直线和平面所成的角,数学必修第二册,第八章 立体几何初步,8.5 直线、平面平行,0.50
MATH,平面与平面垂直,平面与平面垂直,数学必修第二册,第八章 立体几何初步,8.6 直线、平面垂直,0.80
MATH,垂直关系之间的转化,垂直关系之间的转化,数学必修第二册,第八章 立体几何初步,8.4 空间点、直线、平面之间的位置关系,0.29
MATH,几何体展开图最短距离问题,几何体展开图最短距离问题,数学必修第二册,第八章 立体几何初步,8.1 基本立体图形,0.12
MATH,空间几何体中的截面问题,空间几何体中的截面问题,数学必修第二册,第八章 立体几何初步,8.3 表面积和体积,0.18
MATH,求解几何体外接球的半径的思路,求解几何体外接球的半径的思路,数学选择性必修第三册,第七章 随机变量及其分布,7.3 二项分布与超几何分布,0.13
MATH,立体几何中的探索性问题立体几何中的探索性问题的主要类型,立体几何探索性问题的主要类型,数学必修第二册,第八章 立体几何初步,8.1 基本立体图形,0.12
MATH,对命题条件探索的三种方法,对命题条件探索的三种方法,数学必修第一册,第一章 集合与常用逻辑用语,1.4 充分条件与必要条件,0.15
MATH,对斜二测画法的规则掌握不牢,对斜二测画法的规则掌握不牢,数学必修第一册,第二章 一元二次函数、方程和不等式,2.3 二次函数与一元二次方程、不等式,0.12
MATH,空间点-线-面位置关系不清,空间点、线、面位置关系不清,数学必修第二册,第八章 立体几何初步,8.4 空间点、直线、平面之间的位置关系,0.69
MATH,线面平行定理的理解不够准确,线面平行定理的理解不够准确,数学必修第二册,第八章 立体几何初步,8.5 直线、平面平行,0.40
MATH,对折叠与展开问题认识不清致误,对折叠与展开问题认识不清致误,数学必修第一册,第二章 一元二次函数、方程和不等式,2.1 等式性质与不等式性质,0.08
MATH,求空间几何体表面积,求空间几何体表面积,数学必修第二册,第八章 立体几何初步,8.3 表面积和体积,0.44
MATH,处理空间几何体体积的基本思路,处理空间几何体体积的基本思路,数学选择性必修第一册,第一章 空间向量与立体几何,1.2 空间向量基本定理,0.29
MATH,求体积的常用方法,求体积的常用方法,数学必修第二册,第八章 立体几何初步,8.3 表面积和体积,0.29
MATH,证明点或线共面问题的2种方法,证明点或线共面问题的2种方法,数学必修第二册,第八章 立体几何初步,8.4 空间点、直线、平面之间的位置关系,0.15
MATH,证明点共线问题的2种方法,证明点共线问题的2种方法,数学选择性必修第一册,第二章 直线和圆的方程,2.2 直线的方程,0.17
MATH,证明线共点问题的常用方法,证明线共点问题的常用方法,数学选择性必修第一册,第二章 直线和圆的方程,2.2 直线的方程,0.18
MATH,线面平行的定义-一条直线与一个平面无公共点-不相交,线面平行的定义,数学必修第二册,第八章 立体几何初步,8.5 直线、平面平行,0.57
MATH,利用面面平行的定义,利用面面平行的定义,数学必修第二册,第八章 立体几何初步,8.5 直线、平面平行,0.38
MATH,利用-线线平行-线面平行-面面平行-的相互转化,线线、线面、面面平行的相互转化,数学必修第二册,第八章 立体几何初步,8.5 直线、平面平行,0.44
MATH,证明线线垂直的方法,证明线线垂直的方法,数学选择性必修第一册,第二章 直线和圆的方程,2.2 直线的方程,0.38
MATH,证明面面垂直的方法,证明面面垂直的方法,数学必修第二册,第八章 立体几何初步,8.6 直线、平面垂直,0.33
MATH,面面垂直性质的应用,面面垂直性质的应用,数学必修第二册,第八章 立体几何初步,8.6 直线、平面垂直,0.43
MATH,异面直线所成角的求法,异面直线所成角的求法,数学必修第二册,第八章 立体几何初步,8.5 直线、平面平行,0.27
MATH,垂线法求线面角-也称直接法,垂线法求线面角（也称直接法）,数学必修第二册,第八章 立体几何初步,8.6 直线、平面垂直,0.36
MATH,二面角的求法,二面角的求法,数学必修第一册,第四章 指数函数与对数函数,4.5 函数的应用（二）,0.14
MATH,定义法-步骤是-一作-二证-三求,定义法,数学选择性必修第三册,第六章 计数原理,6.3 二项式定理,0.17
MATH,空间距离的求法,空间距离的求法,数学选择性必修第一册,第一章 空间向量与立体几何,1.4 空间向量的应用,0.25
MATH,点面距离-线面距离-面面距离都转化为点面距离,点面距离、线面距离、面面距离都转化为点面距离,数学选择性必修第一册,第二章 直线和圆的方程,2.3 直线的交点坐标与距离公式,0.29
PHYSICS,路程,路程,物理其余,1　实验：探究小车速度随时间变化的规律,11　简单的逻辑电路,0.20
PHYSICS,平均速度,平均速度,物理必修二,机械能守恒定律,3 向心加速度,0.29
PHYSICS,瞬时速度,瞬时速度,物理必修二,机械能守恒定律,3 向心加速度,0.29
PHYSICS,质点,质点,物理必修一,运动的描述,1 质点 参考系,0.40
PHYSICS,参考系,参考系,物理必修一,运动的描述,1 质点 参考系,0.60
PHYSICS,位移,位移,物理必修一,匀变速直线运动的研究,2 时间 位移,0.50
PHYSICS,速度,速度,物理必修二,机械能守恒定律,3 向心加速度,0.40
PHYSICS,加速度,加速度,物理必修二,机械能守恒定律,3 向心加速度,0.60
PHYSICS,速度时间公式,速度时间公式,物理必修一,运动和力的关系,2 匀变速直线运动的速度与时间的关系,0.29
PHYSICS,位移时间公式,位移时间公式,物理必修一,匀变速直线运动的研究,2 时间 位移,0.67
PHYSICS,速度位移公式,速度位移公式,物理其余,1　实验：探究小车速度随时间变化的规律,4　匀变速直线运动的速度与位移的关系,0.29
PHYSICS,伽利略斜面实验,伽利略斜面实验,物理其余,1　实验：探究小车速度随时间变化的规律,6　伽利略对自由落体运动的研究,0.20
PHYSICS,匀变速直线运动,匀变速直线运动,物理必修一,运动和力的关系,2 匀变速直线运动的速度与时间的关系,0.58
PHYSICS,自由落体运动,自由落体运动,物理必修一,运动和力的关系,4 自由落体运动,1.00
PHYSICS,胡克定律,胡克定律,物理必修三,静电场中的能量,2 库仑定律,0.33
PHYSICS,静摩擦力,静摩擦力,物理必修一,运动和力的关系,2 摩擦力,0.75
PHYSICS,滑动摩擦力,滑动摩擦力,物理必修一,运动和力的关系,2 摩擦力,0.60
PHYSICS,力的分解,力的分解,物理其余,1　实验：探究小车速度随时间变化的规律,5　力的分解,1.00
PHYSICS,重力,重力,物理必修一,运动和力的关系,1 重力与弹力,0.67
PHYSICS,弹力,弹力,物理其余,1　实验：探究小车速度随时间变化的规律,2　弹力,1.00
PHYSICS,摩擦力,摩擦力,物理必修一,运动和力的关系,2 摩擦力,1.00
PHYSICS,力的合成,力的合成,物理必修一,运动和力的关系,4 力的合成和分解,1.00
PHYSICS,共点力平衡,共点力平衡,物理必修一,运动和力的关系,5 共点力的平衡,1.00
PHYSICS,牛顿第一定律,牛顿第一定律,物理必修一,运动和力的关系,1 牛顿第一定律,1.00
PHYSICS,牛顿第二定律,牛顿第二定律,物理必修一,运动和力的关系,3 牛顿第二定律,1.00
PHYSICS,牛顿第三定律,牛顿第三定律,物理必修一,运动和力的关系,3 牛顿第三定律,1.00
PHYSICS,超重,超重,物理必修一,运动和力的关系,6 超重和失重,0.67
PHYSICS,失重,失重,物理必修一,运动和力的关系,6 超重和失重,0.67
PHYSICS,单位制,单位制,物理必修一,运动和力的关系,4 力学单位制,0.50
PHYSICS,线速度,线速度,物理必修二,机械能守恒定律,3 向心加速度,0.33
PHYSICS,角速度,角速度,物理必修二,机械能守恒定律,3 向心加速度,0.33
PHYSICS,离心现象,离心现象,物理其余,1　实验：探究小车速度随时间变化的规律,7　静电现象的应用,0.33
PHYSICS,曲线运动,曲线运动,物理必修二,抛体运动,1 曲线运动,1.00
PHYSICS,运动的合成与分解,运动的合成与分解,物理必修二,圆周运动,2 运动的合成与分解,1.00
PHYSICS,平抛运动,平抛运动,物理必修二,机械能守恒定律,4 抛体运动的规律,0.43
PHYSICS,圆周运动,圆周运动,物理必修二,机械能守恒定律,1 圆周运动,1.00
PHYSICS,向心力,向心力,物理必修二,机械能守恒定律,2 向心力,1.00
PHYSICS,向心加速度,向心加速度,物理必修二,机械能守恒定律,3 向心加速度,1.00
PHYSICS,开普勒三定律,开普勒三定律,物理必修一,运动和力的关系,3 牛顿第三定律,0.33
PHYSICS,宇宙速度,宇宙速度,物理必修二,机械能守恒定律,4 宇宙航行,0.33
PHYSICS,同步卫星,同步卫星,物理必修二,机械能守恒定律,1 行星的运动,0.17
PHYSICS,天体质量计算,天体质量计算,物理其余,1　实验：探究小车速度随时间变化的规律,1　物体是由大量分子组成的,0.17
PHYSICS,万有引力定律,万有引力定律,物理必修二,机械能守恒定律,2 万有引力定律,1.00
PHYSICS,功,功,物理必修二,机械能守恒定律,1 功与功率,0.50
PHYSICS,弹性势能,弹性势能,物理必修三,电磁感应与电磁波初步,1 电势能和电势,0.40
PHYSICS,功能关系,功能关系,物理其余,1　实验：探究小车速度随时间变化的规律,1　功和内能,0.40
PHYSICS,功率,功率,物理必修二,机械能守恒定律,1 功与功率,1.00
PHYSICS,动能,动能,物理必修二,机械能守恒定律,3 动能和动能定理,0.67
PHYSICS,动能定理,动能定理,物理必修二,机械能守恒定律,3 动能和动能定理,1.00
PHYSICS,重力势能,重力势能,物理必修二,机械能守恒定律,2 重力势能,1.00
PHYSICS,机械能守恒定律,机械能守恒定律,物理必修二,机械能守恒定律,4 机械能守恒定律,1.00
PHYSICS,能量守恒定律,能量守恒定律,物理选必3,原子核和核反应,3 能量守恒定律,1.00
PHYSICS,冲量,冲量,物理必修三,电磁感应与电磁波初步,1 动量,0.33
PHYSICS,反冲运动,反冲运动,物理其余,1　实验：探究小车速度随时间变化的规律,5　反冲运动　火箭,0.67
PHYSICS,动量,动量,物理必修三,电磁感应与电磁波初步,1 动量,1.00
PHYSICS,动量定理,动量定理,物理必修三,电磁感应与电磁波初步,2 动量定理,1.00
PHYSICS,动量守恒定律,动量守恒定律,物理必修三,电磁感应与电磁波初步,3 动量守恒定律,1.00
PHYSICS,弹性碰撞,弹性碰撞,物理选必1,机械振动,5 弹性碰撞和非弹性碰撞,0.80
PHYSICS,非弹性碰撞,非弹性碰撞,物理选必1,机械振动,5 弹性碰撞和非弹性碰撞,1.00
PHYSICS,弹簧振子,弹簧振子,物理其余,1　实验：探究小车速度随时间变化的规律,2　弹力,0.20
PHYSICS,机械波,机械波,物理必修二,机械能守恒定律,4 机械能守恒定律,0.25
PHYSICS,横波,横波,物理选必1,光,1 波的形成,0.25
PHYSICS,纵波,纵波,物理选必1,光,1 波的形成,0.25
PHYSICS,波速,波速,物理其余,1　实验：探究小车速度随时间变化的规律,3　波长、频率和波速,0.40
PHYSICS,波的衍射,波的衍射,物理选必1,光,3 波的反射、折射和衍射,0.60
PHYSICS,简谐运动,简谐运动,物理选必1,光,1 简谐运动,1.00
PHYSICS,单摆,单摆,物理选必1,光,4 单摆,1.00
PHYSICS,受迫振动,受迫振动,物理选必1,光,6 受迫振动 共振,0.80
PHYSICS,共振,共振,物理选必1,光,6 受迫振动 共振,0.40
PHYSICS,波长,波长,物理其余,1　实验：探究小车速度随时间变化的规律,3　波长、频率和波速,0.40
PHYSICS,波的干涉,波的干涉,物理选必1,光,4 波的干涉,1.00
PHYSICS,多普勒效应,多普勒效应,物理选必1,光,5 多普勒效应,1.00
PHYSICS,折射率,折射率,物理选必1,光,1 光的折射,0.50
PHYSICS,光的折射,光的折射,物理选必1,光,1 光的折射,1.00
PHYSICS,全反射,全反射,物理选必1,光,2 全反射,1.00
PHYSICS,光的干涉,光的干涉,物理选必1,光,3 光的干涉,1.00
PHYSICS,光的衍射,光的衍射,物理选必1,光,5 光的衍射,1.00
PHYSICS,光的偏振,光的偏振,物理其余,1　实验：探究小车速度随时间变化的规律,6　光的偏振,1.00
PHYSICS,激光,激光,物理其余,1　实验：探究小车速度随时间变化的规律,8　激光,1.00
PHYSICS,元电荷,元电荷,物理必修三,静电场及其应用,1 电荷,0.67
PHYSICS,电荷守恒定律,电荷守恒定律,物理其余,1　实验：探究小车速度随时间变化的规律,1　电荷及其守恒定律,1.00
PHYSICS,电场线,电场线,物理必修三,电路及其应用,3 电场 电场强度,0.40
PHYSICS,等势面,等势面,物理必修三,电磁感应与电磁波初步,1 电势能和电势,0.25
PHYSICS,电荷,电荷,物理必修三,静电场及其应用,1 电荷,1.00
PHYSICS,库仑定律,库仑定律,物理必修三,静电场中的能量,2 库仑定律,1.00
PHYSICS,电场强度,电场强度,物理必修三,电路及其应用,3 电场 电场强度,1.00
PHYSICS,电势,电势,物理必修三,电磁感应与电磁波初步,1 电势能和电势,0.67
PHYSICS,电势能,电势能,物理必修三,电磁感应与电磁波初步,1 电势能和电势,1.00
PHYSICS,电势差,电势差,物理必修三,电磁感应与电磁波初步,2 电势差,1.00
PHYSICS,电容器,电容器,物理必修三,电磁感应与电磁波初步,4 电容器的电容,1.00
PHYSICS,电容,电容,物理必修三,电磁感应与电磁波初步,4 电容器的电容,0.67
PHYSICS,带电粒子在电场中的运动,带电粒子在电场中的运动,物理必修三,电磁感应与电磁波初步,5 带电粒子在电场中的运动,1.00
PHYSICS,电阻定律,电阻定律,物理其余,1　实验：探究小车速度随时间变化的规律,1　电荷及其守恒定律,0.43
PHYSICS,电功率,电功率,物理必修二,机械能守恒定律,1 功与功率,0.67
PHYSICS,焦耳定律,焦耳定律,物理其余,1　实验：探究小车速度随时间变化的规律,5　焦耳定律,1.00
PHYSICS,电流,电流,物理必修三,电磁感应与电磁波初步,1 电源和电流,0.67
PHYSICS,欧姆定律,欧姆定律,物理其余,1　实验：探究小车速度随时间变化的规律,3　欧姆定律,1.00
PHYSICS,闭合电路欧姆定律,闭合电路欧姆定律,物理必修三,电磁感应与电磁波初步,2 闭合电路的欧姆定律,1.00
PHYSICS,电动势,电动势,物理其余,1　实验：探究小车速度随时间变化的规律,2　电动势,1.00
PHYSICS,安培力,安培力,物理其余,1　实验：探究小车速度随时间变化的规律,5　力的分解,0.33
PHYSICS,洛伦兹力,洛伦兹力,物理其余,1　实验：探究小车速度随时间变化的规律,5　力的分解,0.25
PHYSICS,磁场,磁场,物理必修三,电磁感应与电磁波初步,1 磁场 磁感线,0.50
PHYSICS,磁感应强度,磁感应强度,物理其余,1　实验：探究小车速度随时间变化的规律,2　磁感应强度,1.00
PHYSICS,磁通量,磁通量,物理必修三,电磁感应与电磁波初步,2 磁感应强度 磁通量,0.50
PHYSICS,带电粒子在磁场中的运动,带电粒子在磁场中的运动,物理必修三,电磁感应与电磁波初步,5 带电粒子在电场中的运动,0.88
PHYSICS,电磁感应现象,电磁感应现象,物理必修三,电磁感应与电磁波初步,3 电磁感应现象及应用,1.00
PHYSICS,楞次定律,楞次定律,物理选必2,安培力与洛伦兹力,1 楞次定律,1.00
PHYSICS,法拉第电磁感应定律,法拉第电磁感应定律,物理选必2,电磁感应,2 法拉第电磁感应定律,1.00
PHYSICS,自感,自感,物理选必2,电磁振荡与电磁波,4 互感和自感,0.67
PHYSICS,涡流,涡流,物理必修三,电磁感应与电磁波初步,1 电源和电流,0.25
PHYSICS,正弦式交变电流,正弦式交变电流,物理选必2,传感器,1 交变电流,0.57
PHYSICS,交变电流,交变电流,物理选必2,传感器,1 交变电流,1.00
PHYSICS,变压器,变压器,物理选必2,传感器,3 变压器,1.00
PHYSICS,电能的输送,电能的输送,物理选必2,传感器,4 电能的输送,1.00
PHYSICS,电磁振荡,电磁振荡,物理选必2,传感器,1 电磁振荡,1.00
PHYSICS,电磁波,电磁波,物理选必2,传感器,2 电磁场与电磁波,0.75
PHYSICS,传感器,传感器,物理选必2,传感器,1 认识传感器,1.00
PHYSICS,阿伏加德罗常数,阿伏加德罗常数,物理必修二,机械能守恒定律,3 向心加速度,0.10
PHYSICS,布朗运动,布朗运动,物理选必1,光,1 简谐运动,0.40
PHYSICS,分子间作用力,分子间作用力,物理其余,1　实验：探究小车速度随时间变化的规律,3　分子间的作用力,1.00
PHYSICS,气体实验定律,气体实验定律,物理选必1,动量守恒定律,4 实验：验证动量守恒定律,0.36
PHYSICS,理想气体状态方程,理想气体状态方程,物理其余,1　实验：探究小车速度随时间变化的规律,3　理想气体的状态方程,1.00
PHYSICS,晶体,晶体,物理选必3,原子结构和波粒二象性,4 固体,0.33
PHYSICS,液晶,液晶,物理选必3,原子核和核反应,5 液体,0.33
PHYSICS,饱和汽,饱和汽,物理其余,1　实验：探究小车速度随时间变化的规律,3　饱和汽与饱和汽压,0.67
PHYSICS,相对湿度,相对湿度,物理选必3,分子动理论,1 温度和温标,0.20
PHYSICS,分子动理论,分子动理论,物理选必2,传感器,1 分子动理论的基本内容,0.43
PHYSICS,内能,内能,物理其余,1　实验：探究小车速度随时间变化的规律,5　内能,1.00
PHYSICS,热力学第一定律,热力学第一定律,物理选必3,原子核和核反应,2 热力学第一定律,1.00
PHYSICS,热力学第二定律,热力学第二定律,物理选必3,原子核和核反应,4 热力学第二定律,1.00
PHYSICS,光子说,光子说,物理其余,1　实验：探究小车速度随时间变化的规律,2　光的粒子性,0.40
PHYSICS,波粒二象性,波粒二象性,物理其余,1　实验：探究小车速度随时间变化的规律,3　粒子的波动性,0.43
PHYSICS,玻尔模型,玻尔模型,物理其余,1　实验：探究小车速度随时间变化的规律,4　玻尔的原子模型,0.60
PHYSICS,天然放射现象,天然放射现象,物理其余,1　实验：探究小车速度随时间变化的规律,7　静电现象的应用,0.25
PHYSICS,半衰期,半衰期,物理选必3,原子核和核反应,2 放射性元素的衰变,0.11
PHYSICS,核反应,核反应,物理选必1,光,2 全反射,0.25
PHYSICS,质量亏损,质量亏损,物理必修三,电磁感应与电磁波初步,1 动量,0.20
PHYSICS,光电效应,光电效应,物理选必3,原子核和核反应,2 光电效应,1.00
PHYSICS,原子核式结构,原子核式结构,物理选必3,原子核和核反应,3 原子的核式结构模型,0.86
PHYSICS,核裂变,核裂变,物理选必3,原子核和核反应,4 核裂变与核聚变,0.75
PHYSICS,核聚变,核聚变,物理其余,1　实验：探究小车速度随时间变化的规律,7　核聚变,1.00
CHEMISTRY,分散系,分散系,,,,0.00
CHEMISTRY,胶体,胶体,化学选必2,晶体结构与性质,第二节 分子晶体与共价晶体,0.17
CHEMISTRY,丁达尔效应,丁达尔效应,,,,0.00
CHEMISTRY,电解质,电解质,化学选必1,化学反应与电能,第二节 电解池,0.33
CHEMISTRY,非电解质,非电解质,化学选必1,化学反应与电能,第二节 电解池,0.25
CHEMISTRY,物理变化,物理变化,化学必修一,海水中的重要元素——钠和氯,第一节 钠及其化合物,0.40
CHEMISTRY,化学变化,化学变化,化学必修一,物质结构 元素周期律,第三节 化学键,0.50
CHEMISTRY,物质的分类,物质的分类,化学必修一,物质及其变化,第一节 物质的分类及转化,0.60
CHEMISTRY,电离,电离,化学选必1,水溶液中的离子反应与平衡,第一节 电离平衡,0.50
CHEMISTRY,离子方程式,离子方程式,化学必修一,物质及其变化,第二节 离子反应,0.33
CHEMISTRY,离子共存,离子共存,化学必修一,物质及其变化,第二节 离子反应,0.40
CHEMISTRY,氧化剂,氧化剂,化学必修一,物质及其变化,第三节 氧化还原反应,0.33
CHEMISTRY,还原剂,还原剂,化学必修一,物质及其变化,第三节 氧化还原反应,0.33
CHEMISTRY,电子转移,电子转移,化学选必1,化学反应与电能,第二节 电解池,0.20
CHEMISTRY,化合价,化合价,化学必修一,海水中的重要元素——钠和氯,第一节 钠及其化合物,0.40
CHEMISTRY,离子反应,离子反应,化学必修一,物质及其变化,第二节 离子反应,1.00
CHEMISTRY,氧化还原反应,氧化还原反应,化学必修一,物质及其变化,第三节 氧化还原反应,1.00
CHEMISTRY,钠,钠,化学必修一,海水中的重要元素——钠和氯,第一节 钠及其化合物,0.25
CHEMISTRY,氧化钠,氧化钠,化学必修一,海水中的重要元素——钠和氯,第一节 钠及其化合物,0.40
CHEMISTRY,过氧化钠,过氧化钠,化学必修一,海水中的重要元素——钠和氯,第一节 钠及其化合物,0.33
CHEMISTRY,碳酸钠,碳酸钠,化学选必3,生物大分子,第三节 核酸,0.25
CHEMISTRY,碳酸氢钠,碳酸氢钠,化学选必3,生物大分子,第三节 核酸,0.20
CHEMISTRY,焰色试验,焰色试验,化学必修二,化学与可持续发展,第三节 环境保护与绿色化学,0.09
CHEMISTRY,氯气,氯气,化学必修一,海水中的重要元素——钠和氯,第二节 氯及其化合物,0.20
CHEMISTRY,氯水的成分,氯水的成分,化学选必1,水溶液中的离子反应与平衡,第三节 盐类的水解,0.20
CHEMISTRY,漂白粉,漂白粉,化学选必3,生物大分子,第二节 蛋白质,0.20
CHEMISTRY,氯离子检验,氯离子检验,化学必修一,物质及其变化,第二节 离子反应,0.33
CHEMISTRY,阿伏加德罗常数,阿伏加德罗常数,,,,0.00
CHEMISTRY,气体摩尔体积,气体摩尔体积,化学选必2,晶体结构与性质,第二节 分子晶体与共价晶体,0.11
CHEMISTRY,物质的量,物质的量,化学必修一,海水中的重要元素——钠和氯,第三节 物质的量,1.00
CHEMISTRY,物质的量浓度,物质的量浓度,化学必修一,海水中的重要元素——钠和氯,第三节 物质的量,0.60
CHEMISTRY,铁,铁,化学必修一,铁 金属材料,第一节 铁及其化合物,0.25
CHEMISTRY,铁的氧化物,铁的氧化物,化学必修一,铁 金属材料,第一节 铁及其化合物,0.60
CHEMISTRY,铁的氢氧化物,铁的氢氧化物,化学必修一,铁 金属材料,第一节 铁及其化合物,0.50
CHEMISTRY,铁盐,铁盐,化学选必1,水溶液中的离子反应与平衡,第三节 盐类的水解,0.25
CHEMISTRY,亚铁盐,亚铁盐,化学选必1,水溶液中的离子反应与平衡,第三节 盐类的水解,0.20
CHEMISTRY,合金,合金,化学选必3,烃的衍生物,第五节 有机合成,0.25
CHEMISTRY,金属材料,金属材料,化学必修一,铁 金属材料,第二节 金属材料,1.00
CHEMISTRY,核素,核素,化学选必3,生物大分子,第三节 核酸,0.33
CHEMISTRY,离子键,离子键,化学必修一,物质及其变化,第二节 离子反应,0.50
CHEMISTRY,电子式,电子式,化学选必1,化学反应与电能,第二节 电解池,0.25
CHEMISTRY,原子结构,原子结构,化学选必2,原子结构与性质,第一节 原子结构,1.00
CHEMISTRY,元素周期表,元素周期表,化学必修一,物质结构 元素周期律,第二节 元素周期律,0.67
CHEMISTRY,元素周期律,元素周期律,化学必修一,物质结构 元素周期律,第二节 元素周期律,1.00
CHEMISTRY,化学键,化学键,化学必修一,物质结构 元素周期律,第三节 化学键,1.00
CHEMISTRY,共价键,共价键,化学选必2,分子结构与性质,第一节 共价键,1.00
CHEMISTRY,硫,硫,化学必修二,化工生产中的重要非金属元素,第一节 硫及其化合物,0.25
CHEMISTRY,二氧化硫,二氧化硫,化学必修二,化工生产中的重要非金属元素,第一节 硫及其化合物,0.33
CHEMISTRY,三氧化硫,三氧化硫,化学必修二,化工生产中的重要非金属元素,第一节 硫及其化合物,0.33
CHEMISTRY,浓硫酸,浓硫酸,化学选必3,生物大分子,第三节 核酸,0.25
CHEMISTRY,氮气,氮气,化学必修二,化工生产中的重要非金属元素,第二节 氮及其化合物,0.20
CHEMISTRY,一氧化氮,一氧化氮,化学必修二,化工生产中的重要非金属元素,第二节 氮及其化合物,0.33
CHEMISTRY,二氧化氮,二氧化氮,化学必修二,化工生产中的重要非金属元素,第二节 氮及其化合物,0.33
CHEMISTRY,氨,氨,,,,0.00
CHEMISTRY,铵盐,铵盐,化学选必1,水溶液中的离子反应与平衡,第三节 盐类的水解,0.25
CHEMISTRY,硝酸,硝酸,化学选必3,生物大分子,第三节 核酸,0.33
CHEMISTRY,酸雨,酸雨,化学选必3,生物大分子,第三节 核酸,0.33
CHEMISTRY,硅,硅,,,,0.00
CHEMISTRY,二氧化硅,二氧化硅,化学必修一,物质及其变化,第三节 氧化还原反应,0.29
CHEMISTRY,硅酸盐,硅酸盐,化学选必3,生物大分子,第三节 核酸,0.25
CHEMISTRY,陶瓷,陶瓷,,,,0.00
CHEMISTRY,玻璃,玻璃,,,,0.00
CHEMISTRY,水泥,水泥,化学选必1,水溶液中的离子反应与平衡,第三节 盐类的水解,0.25
CHEMISTRY,放热反应,放热反应,化学选必1,化学反应的热效应,第一节 反应热,0.67
CHEMISTRY,吸热反应,吸热反应,化学选必1,化学反应的热效应,第一节 反应热,0.67
CHEMISTRY,燃料电池,燃料电池,化学选必1,化学反应与电能,第二节 电解池,0.50
CHEMISTRY,可逆反应,可逆反应,化学选必1,化学反应的热效应,第一节 反应热,0.25
CHEMISTRY,转化率,转化率,化学必修一,物质及其变化,第一节 物质的分类及转化,0.33
CHEMISTRY,勒夏特列原理,勒夏特列原理,化学选必1,化学反应与电能,第一节 原电池,0.14
CHEMISTRY,化学反应的本质,化学反应的本质,化学选必1,化学反应速率与化学平衡,第一节 化学反应速率,0.43
CHEMISTRY,化学反应速率,化学反应速率,化学选必1,化学反应速率与化学平衡,第一节 化学反应速率,1.00
CHEMISTRY,影响化学反应速率的因素,影响化学反应速率的因素,化学选必1,化学反应速率与化学平衡,第一节 化学反应速率,0.56
CHEMISTRY,化学平衡,化学平衡,化学选必1,化学反应速率与化学平衡,第二节 化学平衡,1.00
CHEMISTRY,甲烷,甲烷,化学选必3,烃,第一节 烷烃,0.33
CHEMISTRY,取代反应,取代反应,化学选必1,化学反应的热效应,第一节 反应热,0.25
CHEMISTRY,同系物,同系物,化学必修一,海水中的重要元素——钠和氯,第三节 物质的量,0.20
CHEMISTRY,同分异构体,同分异构体,化学选必2,原子结构与性质,第一节 原子结构,0.14
CHEMISTRY,加成反应,加成反应,化学选必1,化学反应的热效应,第一节 反应热,0.25
CHEMISTRY,聚合反应,聚合反应,化学选必1,化学反应的热效应,第一节 反应热,0.25
CHEMISTRY,酯化反应,酯化反应,化学必修一,物质及其变化,第三节 氧化还原反应,0.33
CHEMISTRY,烷烃,烷烃,化学选必3,烃,第一节 烷烃,1.00
CHEMISTRY,乙烯,乙烯,化学必修二,有机化合物,第二节 乙烯与有机高分子材料,0.29
CHEMISTRY,乙醇,乙醇,化学必修二,有机化合物,第三节 乙醇与乙酸,0.67
CHEMISTRY,乙酸,乙酸,化学必修二,有机化合物,第三节 乙醇与乙酸,0.67
CHEMISTRY,基本营养物质,基本营养物质,化学必修二,有机化合物,第四节 基本营养物质,1.00
CHEMISTRY,海水资源,海水资源,化学必修二,化学与可持续发展,第一节 自然资源的开发利用,0.22
CHEMISTRY,金属冶炼,金属冶炼,化学必修一,铁 金属材料,第二节 金属材料,0.33
CHEMISTRY,自然资源的开发利用,自然资源的开发利用,化学必修二,化学与可持续发展,第一节 自然资源的开发利用,1.00
CHEMISTRY,绿色化学,绿色化学,化学必修二,化学与可持续发展,第三节 环境保护与绿色化学,0.50
CHEMISTRY,焓变,焓变,化学必修二,化学反应与能量,第一节 化学反应与能量变化,0.14
CHEMISTRY,热化学方程式,热化学方程式,化学选必1,化学反应速率与化学平衡,第三节 化学反应的方向,0.38
CHEMISTRY,盖斯定律,盖斯定律,化学必修一,物质结构 元素周期律,第二节 元素周期律,0.12
CHEMISTRY,燃烧热,燃烧热,化学选必1,化学反应的热效应,第一节 反应热,0.25
CHEMISTRY,中和热,中和热,化学选必1,化学反应的热效应,第一节 反应热,0.50
CHEMISTRY,键能,键能,化学必修一,物质结构 元素周期律,第三节 化学键,0.25
CHEMISTRY,反应热,反应热,化学选必1,化学反应的热效应,第一节 反应热,1.00
CHEMISTRY,活化能,活化能,化学必修二,化学反应与能量,第一节 化学反应与能量变化,0.29
CHEMISTRY,催化剂,催化剂,化学必修一,物质结构 元素周期律,第三节 化学键,0.20
CHEMISTRY,平衡常数-x1,平衡常数,化学选必1,化学反应速率与化学平衡,第二节 化学平衡,0.40
CHEMISTRY,等效平衡,等效平衡,化学选必1,化学反应速率与化学平衡,第二节 化学平衡,0.40
CHEMISTRY,化学平衡状态,化学平衡状态,化学选必1,化学反应速率与化学平衡,第二节 化学平衡,0.67
CHEMISTRY,化学平衡的移动,化学平衡的移动,化学选必1,化学反应速率与化学平衡,第二节 化学平衡,0.67
CHEMISTRY,弱电解质的电离,弱电解质的电离,化学选必1,水溶液中的离子反应与平衡,第一节 电离平衡,0.33
CHEMISTRY,酸碱中和滴定,酸碱中和滴定,化学选必3,生物大分子,第三节 核酸,0.20
CHEMISTRY,盐类水解,盐类水解,化学选必1,水溶液中的离子反应与平衡,第三节 盐类的水解,1.00
CHEMISTRY,溶度积,溶度积,化学选必1,水溶液中的离子反应与平衡,第二节 水的电离和溶液的pH,0.14
CHEMISTRY,电离平衡,电离平衡,化学选必1,水溶液中的离子反应与平衡,第一节 电离平衡,1.00
CHEMISTRY,水的电离,水的电离,化学选必1,水溶液中的离子反应与平衡,第二节 水的电离和溶液的pH,0.60
CHEMISTRY,溶液的ph,溶液的pH,化学选必1,水溶液中的离子反应与平衡,第二节 水的电离和溶液的pH,0.40
CHEMISTRY,沉淀溶解平衡,沉淀溶解平衡,化学选必1,水溶液中的离子反应与平衡,第四节 沉淀溶解平衡,1.00
CHEMISTRY,电极反应式,电极反应式,化学选必1,化学反应的热效应,第一节 反应热,0.20
CHEMISTRY,电解原理,电解原理,化学选必1,化学反应与电能,第一节 原电池,0.67
CHEMISTRY,新型化学电源,新型化学电源,化学必修一,物质结构 元素周期律,第三节 化学键,0.33
CHEMISTRY,原电池,原电池,化学选必1,化学反应与电能,第一节 原电池,1.00
CHEMISTRY,电解池,电解池,化学选必1,化学反应与电能,第二节 电解池,1.00
CHEMISTRY,金属的腐蚀,金属的腐蚀,化学选必1,化学反应与电能,第三节 金属的腐蚀与防护,0.67
CHEMISTRY,金属的防护,金属的防护,化学选必1,化学反应与电能,第三节 金属的腐蚀与防护,0.67
CHEMISTRY,能层,能层,化学必修二,化学反应与能量,第一节 化学反应与能量变化,0.14
CHEMISTRY,能级,能级,化学必修二,化学反应与能量,第一节 化学反应与能量变化,0.14
CHEMISTRY,构造原理,构造原理,化学选必2,原子结构与性质,第一节 原子结构,0.40
CHEMISTRY,电子排布式,电子排布式,化学选必1,化学反应与电能,第二节 电解池,0.17
CHEMISTRY,电离能,电离能,化学选必1,水溶液中的离子反应与平衡,第一节 电离平衡,0.40
CHEMISTRY,电负性,电负性,化学选必1,化学反应与电能,第二节 电解池,0.25
CHEMISTRY,键参数,键参数,化学必修一,物质结构 元素周期律,第三节 化学键,0.20
CHEMISTRY,杂化轨道,杂化轨道,化学必修一,物质结构 元素周期律,第三节 化学键,0.17
CHEMISTRY,vsepr模型,VSEPR模型,,,,0.00
CHEMISTRY,氢键,氢键,化学必修一,物质结构 元素周期律,第三节 化学键,0.25
CHEMISTRY,范德华力,范德华力,,,,0.00
CHEMISTRY,分子的极性,分子的极性,化学选必2,分子结构与性质,第三节 分子结构与物质的性质,0.29
CHEMISTRY,晶体,晶体,化学选必2,晶体结构与性质,第二节 分子晶体与共价晶体,0.40
CHEMISTRY,分子晶体,分子晶体,化学选必2,晶体结构与性质,第二节 分子晶体与共价晶体,0.60
CHEMISTRY,共价晶体,共价晶体,化学选必2,晶体结构与性质,第二节 分子晶体与共价晶体,0.80
CHEMISTRY,金属晶体,金属晶体,化学选必2,晶体结构与性质,第三节 金属晶体与离子晶体,0.67
CHEMISTRY,离子晶体,离子晶体,化学选必2,晶体结构与性质,第三节 金属晶体与离子晶体,0.67
CHEMISTRY,配合物,配合物,化学选必2,晶体结构与性质,第四节 配合物与超分子,0.60
CHEMISTRY,有机物的结构特点,有机物的结构特点,化学选必3,有机化合物的结构特点与研究方法,第一节 有机化合物的结构特点,0.75
CHEMISTRY,烷烃的命名,烷烃的命名,化学选必3,烃,第一节 烷烃,0.50
CHEMISTRY,苯,苯,,,,0.00
CHEMISTRY,醇,醇,化学选必3,烃的衍生物,第二节 醇 酚,0.50
CHEMISTRY,酚,酚,化学选必3,烃的衍生物,第二节 醇 酚,0.50
CHEMISTRY,醛,醛,化学选必3,烃的衍生物,第三节 醛 酮,0.50
CHEMISTRY,酮,酮,化学选必3,烃的衍生物,第三节 醛 酮,0.50
CHEMISTRY,酯,酯,,,,0.00
CHEMISTRY,烯烃,烯烃,化学选必3,烃,第二节 烯烃 炔烃,0.67
CHEMISTRY,炔烃,炔烃,化学选必3,烃,第二节 烯烃 炔烃,0.67
CHEMISTRY,芳香烃,芳香烃,化学选必3,烃,第三节 芳香烃,1.00
CHEMISTRY,卤代烃,卤代烃,化学选必3,烃的衍生物,第一节 卤代烃,1.00
CHEMISTRY,羧酸,羧酸,化学选必3,烃的衍生物,第四节 羧酸 羧酸衍生物,0.40
CHEMISTRY,有机合成,有机合成,化学选必3,烃的衍生物,第五节 有机合成,1.00
CHEMISTRY,糖类,糖类,化学选必3,生物大分子,第一节 糖类,1.00
CHEMISTRY,蛋白质,蛋白质,化学选必3,生物大分子,第二节 蛋白质,1.00
CHEMISTRY,核酸,核酸,化学选必3,生物大分子,第三节 核酸,1.00
CHEMISTRY,合成高分子,合成高分子,化学选必3,合成高分子,第一节 合成高分子的基本方法,0.50
CHEMISTRY,常见仪器,常见仪器,,,,0.00
CHEMISTRY,药品取用,药品取用,化学必修二,化学与可持续发展,第二节 化学品的合理使用,0.14
CHEMISTRY,气体制备,气体制备,化学选必2,晶体结构与性质,第二节 分子晶体与共价晶体,0.12
CHEMISTRY,分离提纯,分离提纯,化学必修一,物质及其变化,第二节 离子反应,0.20
CHEMISTRY,过滤,过滤,,,,0.00
CHEMISTRY,蒸发,蒸发,化学必修二,化学与可持续发展,第一节 自然资源的开发利用,0.12
CHEMISTRY,蒸馏,蒸馏,,,,0.00
CHEMISTRY,萃取,萃取,,,,0.00
CHEMISTRY,重结晶,重结晶,化学选必2,原子结构与性质,第一节 原子结构,0.17
CHEMISTRY,物质检验,物质检验,化学必修一,海水中的重要元素——钠和氯,第三节 物质的量,0.40
CHEMISTRY,实验方案设计,实验方案设计,化学选必1,化学反应的热效应,第二节 反应热的计算,0.11
CHEMISTRY,中和滴定,中和滴定,,,,0.00
BIOLOGY,细胞学说,细胞学说,生物必修一,细胞的生命历程,第2节 细胞的分化,0.29
BIOLOGY,生命系统的结构层次,生命系统的结构层次,生物选必2,生态系统及其稳定性,第1节 生态系统的结构,0.45
BIOLOGY,病毒,病毒,生物必修二,基因突变及其他变异,第3节 人类遗传病,0.12
BIOLOGY,原核细胞,原核细胞,生物必修一,细胞的能量供应和利用,第3节 细胞呼吸的原理和应用,0.38
BIOLOGY,真核细胞,真核细胞,生物必修一,细胞的基本结构,第3节 细胞核的结构和功能,0.30
BIOLOGY,细胞的多样性和统一性,细胞的多样性和统一性,生物必修一,走近细胞,第2节 细胞的多样性和统一性,0.78
BIOLOGY,组成细胞的元素,组成细胞的元素,生物必修一,组成细胞的分子,第1节 细胞中的元素和化合物,0.36
BIOLOGY,水,水,,,,0.00
BIOLOGY,无机盐,无机盐,生物必修一,组成细胞的分子,第2节 细胞中的无机物,0.25
BIOLOGY,氨基酸,氨基酸,生物选必3,基因工程,第3节 基因工程的应用,0.12
BIOLOGY,核苷酸,核苷酸,生物必修一,组成细胞的分子,第5节 核酸是遗传信息的携带者,0.17
BIOLOGY,脱水缩合,脱水缩合,生物必修一,组成细胞的分子,第1节 细胞中的元素和化合物,0.08
BIOLOGY,糖类,糖类,生物必修一,组成细胞的分子,第3节 细胞中的糖类和脂质,0.25
BIOLOGY,脂质,脂质,生物必修一,组成细胞的分子,第3节 细胞中的糖类和脂质,0.25
BIOLOGY,蛋白质,蛋白质,生物选必3,基因工程,第4节 蛋白质工程的原理和应用,0.38
BIOLOGY,核酸,核酸,生物必修一,组成细胞的分子,第5节 核酸是遗传信息的携带者,0.18
BIOLOGY,细胞壁,细胞壁,生物必修一,细胞的生命历程,第2节 细胞的分化,0.33
BIOLOGY,线粒体,线粒体,生物必修二,基因和染色体的关系,第2节 基因在染色体上,0.11
BIOLOGY,叶绿体,叶绿体,生物必修二,基因和染色体的关系,第2节 基因在染色体上,0.11
BIOLOGY,内质网,内质网,生物选必1,内环境与稳态,第2节 内环境的稳态,0.11
BIOLOGY,核糖体,核糖体,生物必修二,基因和染色体的关系,第2节 基因在染色体上,0.11
BIOLOGY,溶酶体,溶酶体,生物必修二,基因和染色体的关系,第2节 基因在染色体上,0.11
BIOLOGY,液泡,液泡,生物选必1,体液调节,第3节 体液调节与神经调节的关系,0.10
BIOLOGY,生物膜系统,生物膜系统,生物选必2,生态系统及其稳定性,第3节 生态系统的物质循环,0.36
BIOLOGY,细胞骨架,细胞骨架,生物必修一,细胞的生命历程,第2节 细胞的分化,0.29
BIOLOGY,高尔基体,高尔基体,生物必修二,基因和染色体的关系,第2节 基因在染色体上,0.22
BIOLOGY,自由扩散,自由扩散,生物必修二,生物的进化,第2节 自然选择与适应的形成,0.08
BIOLOGY,协助扩散,协助扩散,生物必修二,生物的进化,第4节 协同进化与生物多样性的形成,0.06
BIOLOGY,质壁分离,质壁分离,生物必修一,组成细胞的分子,第3节 细胞中的糖类和脂质,0.10
BIOLOGY,渗透作用,渗透作用,生物必修二,基因和染色体的关系,第1节 减数分裂和受精作用,0.10
BIOLOGY,被动运输,被动运输,生物必修一,细胞的物质输入和输出,第1节 被动运输,0.67
BIOLOGY,主动运输,主动运输,生物必修一,细胞的物质输入和输出,第2节 主动运输与胞吞、胞吐,0.44
BIOLOGY,胞吞,胞吞,生物必修一,细胞的物质输入和输出,第2节 主动运输与胞吞、胞吐,0.22
BIOLOGY,胞吐,胞吐,生物必修一,细胞的物质输入和输出,第2节 主动运输与胞吞、胞吐,0.22
BIOLOGY,酶的本质,酶的本质,生物必修一,组成细胞的分子,第3节 细胞中的糖类和脂质,0.10
BIOLOGY,酶的作用,酶的作用,生物必修二,基因和染色体的关系,第1节 减数分裂和受精作用,0.11
BIOLOGY,酶的特性,酶的特性,生物选必1,免疫调节,第2节 特异性免疫,0.25
BIOLOGY,atp的结构,ATP的结构,生物必修二,基因的本质,第2节 DNA的结构,0.50
BIOLOGY,atp与adp的转化,ATP与ADP的转化,生物必修一,细胞的能量供应和利用,第4节 光合作用与能量转化,0.22
BIOLOGY,有氧呼吸,有氧呼吸,生物必修一,细胞的能量供应和利用,第3节 细胞呼吸的原理和应用,0.25
BIOLOGY,无氧呼吸,无氧呼吸,生物必修一,细胞的能量供应和利用,第3节 细胞呼吸的原理和应用,0.22
BIOLOGY,细胞呼吸原理的应用,细胞呼吸原理的应用,生物必修一,细胞的能量供应和利用,第3节 细胞呼吸的原理和应用,0.71
BIOLOGY,光反应,光反应,生物必修一,细胞的能量供应和利用,第4节 光合作用与能量转化,0.10
BIOLOGY,暗反应,暗反应,生物必修一,细胞的能量供应和利用,第1节 降低化学反应活化能的酶,0.09
BIOLOGY,色素,色素,生物必修二,基因和染色体的关系,第2节 基因在染色体上,0.12
BIOLOGY,类囊体,类囊体,生物必修二,基因和染色体的关系,第2节 基因在染色体上,0.11
BIOLOGY,光合作用,光合作用,生物必修一,细胞的能量供应和利用,第4节 光合作用与能量转化,0.33
BIOLOGY,光合作用的影响因素,光合作用的影响因素,生物选必2,种群及其动态,第3节 影响种群数量变化的因素,0.27
BIOLOGY,细胞增殖,细胞增殖,生物必修一,细胞的生命历程,第1节 细胞的增殖,0.67
BIOLOGY,有丝分裂,有丝分裂,生物必修二,基因和染色体的关系,第1节 减数分裂和受精作用,0.11
BIOLOGY,细胞分化,细胞分化,生物必修一,细胞的生命历程,第2节 细胞的分化,0.60
BIOLOGY,细胞衰老,细胞衰老,生物必修一,细胞的生命历程,第3节 细胞的衰老和死亡,0.50
BIOLOGY,细胞凋亡,细胞凋亡,生物必修一,细胞的生命历程,第3节 细胞的衰老和死亡,0.33
BIOLOGY,细胞癌变,细胞癌变,生物必修一,细胞的生命历程,第2节 细胞的分化,0.29
BIOLOGY,细胞的全能性,细胞的全能性,生物必修一,走近细胞,第2节 细胞的多样性和统一性,0.27
BIOLOGY,同源染色体,同源染色体,生物必修二,基因和染色体的关系,第2节 基因在染色体上,0.33
BIOLOGY,联会,联会,,,,0.00
BIOLOGY,四分体,四分体,生物必修二,基因和染色体的关系,第2节 基因在染色体上,0.12
BIOLOGY,减数分裂,减数分裂,生物必修二,基因和染色体的关系,第1节 减数分裂和受精作用,0.38
BIOLOGY,受精作用,受精作用,生物必修二,基因和染色体的关系,第1节 减数分裂和受精作用,0.38
BIOLOGY,基因的表达,基因的表达,生物必修二,基因的表达,第2节 基因表达与性状的关系,0.40
BIOLOGY,转录,转录,生物必修一,细胞的能量供应和利用,第4节 光合作用与能量转化,0.10
BIOLOGY,翻译,翻译,,,,0.00
BIOLOGY,中心法则,中心法则,,,,0.00
BIOLOGY,密码子,密码子,,,,0.00
BIOLOGY,dna是主要的遗传物质,DNA是主要的遗传物质,生物必修二,基因的本质,第1节 DNA是主要的遗传物质,0.75
BIOLOGY,dna的双螺旋结构,DNA的双螺旋结构,生物必修二,基因的本质,第2节 DNA的结构,0.29
BIOLOGY,dna的复制,DNA的复制,生物必修二,基因的本质,第3节 DNA的复制,0.50
BIOLOGY,基因,基因,生物选必3,基因工程,第3节 基因工程的应用,0.33
BIOLOGY,分离定律,分离定律,生物选必2,生态系统及其稳定性,第5节 生态系统的稳定性,0.09
BIOLOGY,自由组合定律,自由组合定律,生物必修二,基因突变及其他变异,第1节 基因突变和基因重组,0.08
BIOLOGY,性状分离比,性状分离比,生物必修二,基因的表达,第2节 基因表达与性状的关系,0.17
BIOLOGY,测交,测交,生物必修二,遗传因子的发现,第1节 孟德尔的豌豆杂交实验（一）,0.08
BIOLOGY,伴性遗传,伴性遗传,生物必修二,基因和染色体的关系,第3节 伴性遗传,0.67
BIOLOGY,基因在染色体上,基因在染色体上,生物必修二,基因和染色体的关系,第2节 基因在染色体上,0.71
BIOLOGY,多倍体,多倍体,生物必修二,基因和染色体的关系,第2节 基因在染色体上,0.11
BIOLOGY,单倍体,单倍体,生物必修二,基因和染色体的关系,第2节 基因在染色体上,0.12
BIOLOGY,共同进化,共同进化,生物必修二,生物的进化,第4节 协同进化与生物多样性的形成,0.21
BIOLOGY,基因突变,基因突变,生物必修二,基因突变及其他变异,第1节 基因突变和基因重组,0.50
BIOLOGY,基因重组,基因重组,生物必修二,基因突变及其他变异,第1节 基因突变和基因重组,0.50
BIOLOGY,人类遗传病,人类遗传病,生物必修二,基因突变及其他变异,第3节 人类遗传病,0.71
BIOLOGY,自然选择,自然选择,生物必修二,生物的进化,第2节 自然选择与适应的形成,0.44
BIOLOGY,基因频率,基因频率,生物选必3,基因工程,第3节 基因工程的应用,0.25
BIOLOGY,物种的形成,物种的形成,生物必修二,生物的进化,第3节 种群基因组成的变化与物种的形成,0.33
BIOLOGY,生物多样性,生物多样性,生物选必2,生态环境的保护,第2节 生物多样性及其保护,0.56
BIOLOGY,渗透压,渗透压,,,,0.00
BIOLOGY,酸碱平衡,酸碱平衡,生物必修一,组成细胞的分子,第5节 核酸是遗传信息的携带者,0.07
BIOLOGY,体温调节,体温调节,生物选必1,体液调节,第3节 体液调节与神经调节的关系,0.30
BIOLOGY,内环境,内环境,生物选必1,内环境与稳态,第2节 内环境的稳态,0.43
BIOLOGY,稳态,稳态,生物选必1,内环境与稳态,第2节 内环境的稳态,0.29
BIOLOGY,反射,反射,生物必修一,细胞的能量供应和利用,第1节 降低化学反应活化能的酶,0.09
BIOLOGY,反射弧,反射弧,生物必修一,细胞的能量供应和利用,第1节 降低化学反应活化能的酶,0.08
BIOLOGY,兴奋在神经纤维上的传导,兴奋在神经纤维上的传导,生物选必1,神经调节,第3节 神经冲动的产生和传导,0.29
BIOLOGY,突触,突触,生物必修二,基因突变及其他变异,第1节 基因突变和基因重组,0.11
BIOLOGY,神经递质,神经递质,生物选必1,神经调节,第4节 神经系统的分级调节,0.20
BIOLOGY,神经系统的结构,神经系统的结构,生物选必1,神经调节,第4节 神经系统的分级调节,0.40
BIOLOGY,神经系统的分级调节,神经系统的分级调节,生物选必1,神经调节,第4节 神经系统的分级调节,0.88
BIOLOGY,大脑皮层,大脑皮层,生物选必1,神经调节,第5节 人脑的高级功能,0.09
BIOLOGY,甲状腺激素,甲状腺激素,生物选必1,体液调节,第2节 激素调节的过程,0.20
BIOLOGY,胰岛素,胰岛素,生物选必1,体液调节,第2节 激素调节的过程,0.11
BIOLOGY,胰高血糖素,胰高血糖素,生物选必1,体液调节,第2节 激素调节的过程,0.09
BIOLOGY,激素,激素,生物选必1,体液调节,第2节 激素调节的过程,0.29
BIOLOGY,内分泌系统,内分泌系统,生物选必1,体液调节,第1节 激素与内分泌系统,0.50
BIOLOGY,激素调节的特点,激素调节的特点,生物选必1,体液调节,第2节 激素调节的过程,0.44
BIOLOGY,反馈调节,反馈调节,生物选必1,免疫调节,第3节 免疫失调,0.25
BIOLOGY,体液免疫,体液免疫,生物选必1,免疫调节,第4节 免疫学的应用,0.29
BIOLOGY,细胞免疫,细胞免疫,生物必修一,细胞的生命历程,第2节 细胞的分化,0.29
BIOLOGY,抗体,抗体,生物必修二,基因和染色体的关系,第2节 基因在染色体上,0.12
BIOLOGY,抗原,抗原,生物必修一,细胞的能量供应和利用,第3节 细胞呼吸的原理和应用,0.12
BIOLOGY,疫苗,疫苗,生物选必1,免疫调节,第4节 免疫学的应用,0.17
BIOLOGY,免疫系统,免疫系统,生物选必1,免疫调节,第1节 免疫系统的组成和功能,0.40
BIOLOGY,非特异性免疫,非特异性免疫,生物选必1,免疫调节,第2节 特异性免疫,0.62
BIOLOGY,特异性免疫,特异性免疫,生物选必1,免疫调节,第2节 特异性免疫,0.71
BIOLOGY,免疫失调,免疫失调,生物选必1,免疫调节,第3节 免疫失调,0.67
BIOLOGY,生长素,生长素,生物选必1,植物生命活动的调节,第1节 植物生长素,0.43
BIOLOGY,生长素的极性运输,生长素的极性运输,生物选必1,植物生命活动的调节,第1节 植物生长素,0.27
BIOLOGY,生长素的两重性,生长素的两重性,生物选必1,植物生命活动的调节,第1节 植物生长素,0.30
BIOLOGY,其他植物激素,其他植物激素,生物选必1,植物生命活动的调节,第2节 其他植物激素,0.71
BIOLOGY,植物生长调节剂,植物生长调节剂,生物选必1,植物生命活动的调节,第3节 植物生长调节剂的应用,0.88
BIOLOGY,种群密度,种群密度,生物选必2,种群及其动态,第1节 种群的数量特征,0.20
BIOLOGY,样方法,样方法,生物必修一,走近细胞,第2节 细胞的多样性和统一性,0.09
BIOLOGY,标志重捕法,标志重捕法,生物必修二,基因突变及其他变异,第1节 基因突变和基因重组,0.08
BIOLOGY,k值,K值,,,,0.00
BIOLOGY,生态位,生态位,生物选必2,生态环境的保护,第3节 生态工程,0.29
BIOLOGY,种群的特征,种群的特征,生物选必2,种群及其动态,第1节 种群的数量特征,0.50
BIOLOGY,种群的数量变化,种群的数量变化,生物选必2,种群及其动态,第2节 种群数量的变化,0.75
BIOLOGY,群落的结构,群落的结构,生物选必2,群落及其演替,第1节 群落的结构,0.67
BIOLOGY,群落的演替,群落的演替,生物选必2,群落及其演替,第3节 群落的演替,0.67
BIOLOGY,食物链,食物链,生物必修一,组成细胞的分子,第2节 细胞中的无机物,0.11
BIOLOGY,食物网,食物网,生物必修一,组成细胞的分子,第2节 细胞中的无机物,0.11
BIOLOGY,生态系统的结构,生态系统的结构,生物选必2,生态系统及其稳定性,第1节 生态系统的结构,0.75
BIOLOGY,能量流动,能量流动,生物选必2,生态系统及其稳定性,第2节 生态系统的能量流动,0.40
BIOLOGY,生态系统的稳定性,生态系统的稳定性,生物选必2,生态系统及其稳定性,第5节 生态系统的稳定性,0.78
BIOLOGY,物质循环,物质循环,生物选必2,生态系统及其稳定性,第3节 生态系统的物质循环,0.40
BIOLOGY,信息传递,信息传递,生物选必2,生态系统及其稳定性,第4节 生态系统的信息传递,0.40
BIOLOGY,生态工程,生态工程,生物选必2,生态环境的保护,第3节 生态工程,0.67
BIOLOGY,无菌技术,无菌技术,生物选必3,发酵工程,第1节 传统发酵技术的应用,0.20
BIOLOGY,细胞融合,细胞融合,生物必修一,组成细胞的分子,第1节 细胞中的元素和化合物,0.30
BIOLOGY,单克隆抗体,单克隆抗体,生物选必3,生物技术的安全性与伦理问题,第2节 关注生殖性克隆人,0.17
BIOLOGY,限制酶,限制酶,生物必修二,基因的本质,第3节 DNA的复制,0.17
BIOLOGY,载体,载体,生物必修二,基因和染色体的关系,第2节 基因在染色体上,0.12
BIOLOGY,pcr技术,PCR技术,生物选必3,发酵工程,第1节 传统发酵技术的应用,0.25
BIOLOGY,基因编辑,基因编辑,生物选必3,基因工程,第3节 基因工程的应用,0.25
BIOLOGY,传统发酵技术,传统发酵技术,生物选必3,发酵工程,第1节 传统发酵技术的应用,0.75
BIOLOGY,微生物的培养,微生物的培养,生物选必3,发酵工程,第2节 微生物的培养技术及应用,0.56
BIOLOGY,发酵工程,发酵工程,生物选必3,发酵工程,第3节 发酵工程及其应用,0.67
BIOLOGY,植物组织培养,植物组织培养,生物选必3,发酵工程,第2节 微生物的培养技术及应用,0.25
BIOLOGY,动物细胞培养,动物细胞培养,生物选必3,细胞工程,第2节 动物细胞工程,0.40
BIOLOGY,胚胎工程,胚胎工程,生物选必3,细胞工程,第3节 胚胎工程,0.67
BIOLOGY,基因工程,基因工程,生物选必3,基因工程,第3节 基因工程的应用,0.67
BIOLOGY,转基因生物的安全性,转基因生物的安全性,生物选必3,生物技术的安全性与伦理问题,第1节 转基因产品的安全性,0.50
BIOLOGY,dna连接酶,DNA连接酶,生物必修一,细胞的能量供应和利用,第1节 降低化学反应活化能的酶,0.08
BIOLOGY,蛋白质工程,蛋白质工程,生物选必3,基因工程,第4节 蛋白质工程的原理和应用,0.62
PHYSICS,描述运动的基本概念,描述运动的基本概念,物理选必1,光,2 简谐运动的描述,0.44
PHYSICS,物体看作质点的条件-物体的大小和形状对研究问题的影响可以忽略,物体看作质点的条件,物理必修一,运动的描述,1 质点 参考系,0.18
PHYSICS,时刻-表示某一瞬间-在时间轴上用点表示-是一个状态量,时刻,物理必修一,匀变速直线运动的研究,2 时间 位移,0.20
PHYSICS,时刻与时间间隔区别与联系,时刻与时间间隔区别与联系,物理必修一,匀变速直线运动的研究,2 时间 位移,0.20
PHYSICS,路程-物体运动轨迹的长度-只有大小-没有方向-是标量-其单位就是长度的单位,路程：物体运动轨迹的长度，只有大小，没有方向，是标量，其单位就是长度的单位。,物理其余,1　实验：探究小车速度随时间变化的规律,1　物体是由大量分子组成的,0.17
PHYSICS,矢量和标量,矢量和标量,物理必修三,电磁感应与电磁波初步,1 动量,0.25
PHYSICS,速度定义-位移与发生这段位移所用时间之比-表示物体运动快慢的物理量-是过程量,速度定义,物理必修二,机械能守恒定律,3 向心加速度,0.29
PHYSICS,平均速度与瞬时速度的区别,平均速度与瞬时速度的区别,物理选必3,原子核和核反应,4　实验：用打点计时器测速度,0.20
PHYSICS,速度-速度的变化量-加速度的比较,速度、速度的变化量、加速度的比较,物理必修一,运动和力的关系,4 速度变化快慢的描述——加速度,0.42
PHYSICS,公式选用原则,公式选用原则,物理选必3,原子核和核反应,3 原子的核式结构模型,0.20
PHYSICS,以上各式均为矢量式-应用时应规定正方向,以上各式均为矢量式，应用时应规定正方向,物理必修三,电磁感应与电磁波初步,2 动量定理,0.17
PHYSICS,平均速度公式,平均速度公式,物理必修二,机械能守恒定律,3 向心加速度,0.22
PHYSICS,位移差公式,位移差公式,物理必修一,匀变速直线运动的研究,2 时间 位移,0.29
PHYSICS,初速度为零的几个重点推论,初速度为零的几个重点推论,物理选必1,光,5 实验：用单摆测量重力加速度,0.19
PHYSICS,运动规律,运动规律,物理必修二,机械能守恒定律,4 抛体运动的规律,0.67
PHYSICS,x-t图像-v-t图像-a-t图像的对比,x-t图像，v-t图像，a-t图像的对比,物理其余,1　实验：探究小车速度随时间变化的规律,2　波的图象,0.20
PHYSICS,非常规运动学图像,非常规运动学图像,物理必修二,机械能守恒定律,4 抛体运动的规律,0.30
PHYSICS,追及相遇问题的实质及分析思路,追及相遇问题的实质及分析思路,物理其余,1　实验：探究小车速度随时间变化的规律,6　用牛顿运动定律解决问题（一）,0.12
PHYSICS,临界法,临界法,物理其余,1　实验：探究小车速度随时间变化的规律,3　探测射线的方法,0.12
PHYSICS,函数法,函数法,物理其余,1　实验：探究小车速度随时间变化的规律,3　探测射线的方法,0.12
PHYSICS,图象法,图象法,物理其余,1　实验：探究小车速度随时间变化的规律,2　波的图象,0.50
PHYSICS,追及问题的常见类型,追及问题的常见类型,物理其余,1　实验：探究小车速度随时间变化的规律,6　用牛顿运动定律解决问题（一）,0.17
PHYSICS,追及问题的分析和解题思路,追及问题的分析和解题思路,物理其余,1　实验：探究小车速度随时间变化的规律,6　用牛顿运动定律解决问题（一）,0.15
PHYSICS,在1t末-2t末-3t末-4t末-n-t末的速度比为-1-2-3-n,初速度为零的匀变速直线运动的推论,物理必修一,运动和力的关系,2 匀变速直线运动的速度与时间的关系,0.53
PHYSICS,竖直上抛运动的处理方法,竖直上抛运动的处理方法,物理必修二,机械能守恒定律,4 抛体运动的规律,0.27
PHYSICS,应用匀变速直线运动规律解题的基本思路,应用匀变速直线运动规律解题的基本思路,物理必修一,运动和力的关系,2 匀变速直线运动的速度与时间的关系,0.37
PHYSICS,坐标系,坐标系,物理选必3,原子核和核反应,1　质点　参考系和坐标系,0.43
PHYSICS,匀变速直线运动的规律,匀变速直线运动的规律,物理必修一,运动和力的关系,2 匀变速直线运动的速度与时间的关系,0.50
PHYSICS,运动的对称性,运动的对称性,物理选必1,光,1 简谐运动,0.40
PHYSICS,匀变速直线运动的规律-多过程问题,匀变速直线运动的规律——多过程问题,物理必修一,运动和力的关系,2 匀变速直线运动的速度与时间的关系,0.37
PHYSICS,匀变速直线运动问题常用的解题方法,匀变速直线运动问题常用的解题方法,物理必修一,运动和力的关系,2 匀变速直线运动的速度与时间的关系,0.44
PHYSICS,非惯性参考系,非惯性参考系,物理必修一,运动的描述,1 质点 参考系,0.38
PHYSICS,定义-物体具有保持原来匀速直线运动状态或静止状态的性质-质量是惯性的唯一量度,惯性,物理其余,1　实验：探究小车速度随时间变化的规律,2　光的粒子性,0.20
PHYSICS,惯性的两种表现形式,惯性的两种表现形式,物理其余,1　实验：探究小车速度随时间变化的规律,5　电磁感应现象的两类情况,0.13
PHYSICS,对牛顿第三定律的理解,对牛顿第三定律的理解,物理必修一,运动和力的关系,3 牛顿第三定律,1.00
PHYSICS,动力学的两类基本问题的解题步骤,动力学的两类基本问题的解题步骤,物理选必2,传感器,1 分子动理论的基本内容,0.21
PHYSICS,超重-物体有向上的加速度称物体处于超重,超重、失重与视重,物理必修一,运动和力的关系,6 超重和失重,0.75
PHYSICS,对超重和失重的理解应当注意的问题,对超重和失重的理解应当注意的问题,物理必修一,运动和力的关系,6 超重和失重,0.38
PHYSICS,等时圆使用条件,等时圆使用条件,物理其余,1　实验：探究小车速度随时间变化的规律,2　探究感应电流的产生条件,0.17
PHYSICS,模型示意图,等时圆模型的推导,物理必修一,匀变速直线运动的研究,2 时间 位移,0.12
PHYSICS,几种等时圆模型分析,几种等时圆模型分析,物理其余,1　实验：探究小车速度随时间变化的规律,3　几种常见的磁场,0.29
PHYSICS,连接体问题,连接体问题,物理选必3,原子结构和波粒二象性,4 固体,0.17
PHYSICS,连接体的运动特点,连接体的运动特点,物理必修二,万有引力与宇宙航行,3 实验：探究平抛运动的特点,0.31
PHYSICS,板块模型,板块模型,物理其余,1　实验：探究小车速度随时间变化的规律,4　玻尔的原子模型,0.14
PHYSICS,倾斜传送带,倾斜传送带,物理选必2,传感器,1 认识传感器,0.14
PHYSICS,瞬时性突变类问题-轻绳-轻弹簧,瞬时性突变类问题——轻绳、轻弹簧,物理选必1,机械振动,5 弹性碰撞和非弹性碰撞,0.13
PHYSICS,连接体问题的分析易错-整体法与隔离法应用,连接体问题的分析易错——整体法与隔离法应用,物理其余,1　实验：探究小车速度随时间变化的规律,6　用牛顿运动定律解决问题（一）,0.11
PHYSICS,动力学图像法在动力学问题中的应用-数形结合思想,动力学图像法在动力学问题中的应用——数形结合思想,物理选必3,原子核和核反应,3 核力与结合能,0.19
PHYSICS,临界-极值问题,临界、极值问题,物理其余,1　实验：探究小车速度随时间变化的规律,6　用牛顿运动定律解决问题（一）,0.14
PHYSICS,求解的基本思路,求解的基本思路,物理选必3,原子核和核反应,5 “基本”粒子,0.22
PHYSICS,牛顿运动三定律的基本概念和规律,牛顿运动三定律的基本概念和规律,物理必修一,运动和力的关系,5 牛顿运动定律的应用,0.50
PHYSICS,牛顿运动三定律的理解和应用,牛顿运动三定律的理解和应用,物理必修一,运动和力的关系,5 牛顿运动定律的应用,0.86
PHYSICS,单位制-由基本单位和导出单位共同构成-常考-国际单位制-si-国际制基本单位,单位制：由基本单位和导出单位共同构成，常考：国际单位制（SI），国际制基本单位,物理必修一,运动和力的关系,4 力学单位制,0.12
PHYSICS,作用力与反作用力,作用力与反作用力,物理其余,1　实验：探究小车速度随时间变化的规律,3　分子间的作用力,0.40
PHYSICS,牛顿第二定律的理解-五性,牛顿第二定律的理解,物理必修一,运动和力的关系,3 牛顿第二定律,1.00
PHYSICS,运动特征,曲线运动的运动特征,物理必修二,抛体运动,1 曲线运动,0.67
PHYSICS,核心思想-运动分解,核心思想:运动分解,物理选必1,光,1 简谐运动,0.29
PHYSICS,核心处理思想-运动的合成与分解-约束条件,约束条件下的速度分解方法,物理必修二,机械能守恒定律,3 向心加速度,0.18
PHYSICS,常见的速度分解模型,常见的速度分解模型,物理必修二,机械能守恒定律,3 向心加速度,0.33
PHYSICS,运动性质-匀变速曲线运动-加速度恒为重力加速度-g-大小方向不变,运动性质,物理选必1,光,1 简谐运动,0.40
PHYSICS,核心处理思想-运动的合成与分解,平抛运动的分解方法,物理必修二,万有引力与宇宙航行,3 实验：探究平抛运动的特点,0.33
PHYSICS,核心思想-运动分解-x1,核心思想：运动分解：,物理选必1,光,1 简谐运动,0.29
PHYSICS,与平抛的区别,与平抛的区别,物理必修二,万有引力与宇宙航行,3 实验：探究平抛运动的特点,0.17
PHYSICS,水平射程-即水平射程由初速度v0和下落高度h共同决定-与其他因素无关,水平射程,物理选必1,光,1 光的折射,0.17
PHYSICS,斜面碰撞临界,斜面碰撞临界,物理其余,1　实验：探究小车速度随时间变化的规律,4　碰撞,0.33
PHYSICS,关联速度的分析-运动分解的核心思想,关联速度的分析——运动分解的核心思想,物理必修一,运动和力的关系,2 匀变速直线运动的速度与时间的关系,0.29
PHYSICS,斜抛运动的物理量求解-多过程问题,斜抛运动的物理量求解——多过程问题,物理其余,1　实验：探究小车速度随时间变化的规律,6　用牛顿运动定律解决问题（一）,0.22
PHYSICS,按实际作用效果分解-最典型的是将速度分解为,按实际作用效果分解。最典型的是将速度分解为,物理选必1,光,5 实验：用单摆测量重力加速度,0.18
PHYSICS,按运动独立性建立坐标系,按运动独立性建立坐标系,物理选必3,原子核和核反应,5 粒子的波动性和量子力学的建立,0.25
PHYSICS,逆向-对称-极限等物理思维考查,逆向、对称、极限等物理思维考查,物理必修二,机械能守恒定律,2 向心力,0.08
PHYSICS,逆向思维,逆向思维,物理必修二,机械能守恒定律,2 向心力,0.17
PHYSICS,对称性分析,对称性分析,物理其余,1　实验：探究小车速度随时间变化的规律,2　光的粒子性,0.20
PHYSICS,极限思想,极限思想,物理其余,1　实验：探究小车速度随时间变化的规律,3　理想气体的状态方程,0.10
PHYSICS,曲线运动的基本概念与处理思想,曲线运动的基本概念与处理思想,物理必修二,抛体运动,1 曲线运动,0.36
PHYSICS,合成与分解法则-平行四边形法则,合成与分解法则,物理必修一,运动和力的关系,4 力的合成和分解,0.40
PHYSICS,抛体运动的规律及其应用,抛体运动的规律及其应用,物理必修二,机械能守恒定律,4 抛体运动的规律,1.00
PHYSICS,平抛运动的两个重要结论,平抛运动的两个重要结论,物理必修二,万有引力与宇宙航行,3 实验：探究平抛运动的特点,0.25
PHYSICS,平抛运动的临界问题,平抛运动的临界问题,物理必修二,万有引力与宇宙航行,3 实验：探究平抛运动的特点,0.29
PHYSICS,平抛运动与斜面的结合分析,平抛运动与斜面的结合分析,物理必修二,圆周运动,2 运动的合成与分解,0.33
PHYSICS,平抛运动与曲面的结合分析,平抛运动与曲面的结合分析,物理必修二,抛体运动,1 曲线运动,0.33
PHYSICS,物体间恰好不发生相对滑动-的临界条件是物体间恰好达到最大静摩擦力,摩擦力提供向心力时的临界条件,物理必修一,运动和力的关系,2 摩擦力,0.25
PHYSICS,水平转盘上运动物体模型,水平转盘上运动物体模型,物理必修一,运动和力的关系,4 自由落体运动,0.25
PHYSICS,分析方法,斜面上圆周运动的分析方法,物理必修二,机械能守恒定律,1 圆周运动,0.50
PHYSICS,圆锥摆模型规律总结,圆锥摆模型规律总结,物理必修二,机械能守恒定律,4 抛体运动的规律,0.17
PHYSICS,圆锥摆的两种变形,圆锥摆的两种变形,物理选必1,光,4 单摆,0.14
PHYSICS,三类情况分析,三类情况分析,物理其余,1　实验：探究小车速度随时间变化的规律,5　电磁感应现象的两类情况,0.30
PHYSICS,水平面内圆周运动中的多物体牵连问题,水平面内圆周运动中的多物体牵连问题,物理必修二,机械能守恒定律,1 圆周运动,0.27
PHYSICS,a-b两物块叠放在转盘上,A、B两物块叠放在转盘上,物理其余,1　实验：探究小车速度随时间变化的规律,4　放射性的应用与防护,0.09
PHYSICS,脱轨条件与类型,脱轨条件与类型,物理其余,1　实验：探究小车速度随时间变化的规律,2　探究感应电流的产生条件,0.17
PHYSICS,绳球模型-杆球模型两类经典模型中的临界条件-情景分析,绳球模型与杆球模型的临界条件对比,物理其余,1　实验：探究小车速度随时间变化的规律,2　探究感应电流的产生条件,0.12
PHYSICS,受力分析-图示如下,受力分析,物理其余,1　实验：探究小车速度随时间变化的规律,5　力的分解,0.50
PHYSICS,航天现象中圆周运动的情景创新的问题处理,航天现象中圆周运动的情景创新的问题处理,物理必修二,机械能守恒定律,1 圆周运动,0.27
PHYSICS,类比-创新-极限等物理思维考查,类比、创新、极限等物理思维考查,物理必修一,运动的描述,1 质点 参考系,0.07
PHYSICS,圆周运动的基础概念和规律,圆周运动的基础概念和规律,物理必修二,机械能守恒定律,1 圆周运动,0.40
PHYSICS,圆周运动各物理量间的关系,圆周运动各物理量间的关系,物理必修二,机械能守恒定律,1 圆周运动,0.40
PHYSICS,圆周运动的经典模型和应用,圆周运动的经典模型和应用,物理必修二,机械能守恒定律,1 圆周运动,0.67
PHYSICS,圆周运动常见的临界状态,圆周运动常见的临界状态,物理必修二,机械能守恒定律,1 圆周运动,0.50
PHYSICS,圆周运动中的脱轨问题,圆周运动中的脱轨问题,物理必修二,机械能守恒定律,1 圆周运动,0.50
PHYSICS,力的基础概念-重力-弹力-摩擦力,力的基础概念（重力、弹力、摩擦力）,物理必修一,运动和力的关系,1 重力与弹力,0.33
PHYSICS,四种基本相互作用-引力相互作用-电磁相互作用-强相互作用和弱相互作用,四种基本相互作用,物理其余,1　实验：探究小车速度随时间变化的规律,1　重力　基本相互作用,0.56
PHYSICS,方向-总是竖直向下-竖直向下是和水平面垂直-不一定和接触面垂直-也不一定指向地心,重力的方向,物理必修一,运动和力的关系,1 重力与弹力,0.40
PHYSICS,形变,形变,物理选必1,光,1 波的形成,0.25
PHYSICS,弹力的定义及产生条件,弹力的定义及产生条件,物理其余,1　实验：探究小车速度随时间变化的规律,2　探究感应电流的产生条件,0.31
PHYSICS,弹力的方向,弹力的方向,物理其余,1　实验：探究小车速度随时间变化的规律,2　弹力,0.50
PHYSICS,弹力的大小,弹力的大小,物理其余,1　实验：探究小车速度随时间变化的规律,2　弹力,0.50
PHYSICS,静摩擦力与滑动摩擦力的比较,静摩擦力与滑动摩擦力的比较,物理必修一,运动和力的关系,2 摩擦力,0.38
PHYSICS,核心规律-受力分析-力的合成与分解-共点力的平衡,共点力平衡与受力分析的核心规律,物理必修一,运动和力的关系,5 共点力的平衡,0.50
PHYSICS,合力范围,合力范围,物理必修一,运动和力的关系,4 力的合成和分解,0.40
PHYSICS,本质-是力的合成的逆运算-同样遵循矢量运算法则,力的分解的本质,物理其余,1　实验：探究小车速度随时间变化的规律,5　力的分解,0.33
PHYSICS,平衡条件-根本条件-作用在物体上的所有共点力的合力为零-即-f_合-0,平衡条件,物理必修一,运动和力的关系,5 共点力的平衡,0.29
PHYSICS,特殊情形-三力平衡,特殊情形：三力平衡,物理必修一,运动和力的关系,5 共点力的平衡,0.30
PHYSICS,动态平衡问题,动态平衡问题,物理其余,1　实验：探究小车速度随时间变化的规律,6　用牛顿运动定律解决问题（一）,0.23
PHYSICS,静摩擦-滑动摩擦-大小突减,静摩擦 → 滑动摩擦 (大小突减),物理必修一,运动和力的关系,2 摩擦力,0.18
PHYSICS,滑动摩擦-静摩擦-大小可能突增,滑动摩擦 → 静摩擦 (大小可能突增),物理必修一,运动和力的关系,2 摩擦力,0.15
PHYSICS,外部作用导致-n-突变,外部作用导致 N 突变,物理其余,1　实验：探究小车速度随时间变化的规律,5　外力作用下的振动,0.20
PHYSICS,斜面倾角突变-等效于-n-变,斜面倾角突变 (等效于 N 变),物理选必2,传感器,3 变压器,0.10
PHYSICS,受力分析多力漏力-受力分析方法,受力分析多力漏力——受力分析方法,物理其余,1　实验：探究小车速度随时间变化的规律,3　探测射线的方法,0.20
PHYSICS,整体法与隔离法在受力分析中的应用,整体法与隔离法在受力分析中的应用,物理其余,1　实验：探究小车速度随时间变化的规律,4　通电导线在磁场中受到的力,0.15
PHYSICS,相似三角形-动态三角形-拉密定理等方法解决临界极值问题,解临界极值问题的矢量三角形法与拉密定理,物理选必2,电磁感应,2 法拉第电磁感应定律,0.15
PHYSICS,摩擦力的突变类问题,摩擦力的突变类问题,物理必修一,运动和力的关系,2 摩擦力,0.38
PHYSICS,共点力的动态平衡,共点力的动态平衡,物理必修一,运动和力的关系,5 共点力的平衡,0.71
PHYSICS,共点力的平衡临界极值问题-临界条件,共点力的平衡临界极值问题——临界条件,物理必修一,运动和力的关系,5 共点力的平衡,0.38
PHYSICS,加速度方向突变,加速度方向突变,物理必修二,机械能守恒定律,3 向心加速度,0.50
PHYSICS,表达式-f-g,表达式：F＝G,物理其余,1　实验：探究小车速度随时间变化的规律,8　多用电表的原理,0.14
PHYSICS,天上-星球上空距离星体中心r-r-h处的重力加速度为g,星球上空的重力加速度,物理选必1,光,5 实验：用单摆测量重力加速度,0.38
PHYSICS,自力更生法-求解地球-中心天体-质量,自力更生法,物理其余,1　实验：探究小车速度随时间变化的规律,5　力的分解,0.20
PHYSICS,环绕天体法-计算天体的质量,环绕天体法,物理选必3,原子结构和波粒二象性,4 固体,0.17
PHYSICS,卫星发射速度和宇宙速度与运动轨迹的关系,卫星发射速度和宇宙速度与运动轨迹的关系,物理必修一,运动和力的关系,2 匀变速直线运动的速度与时间的关系,0.30
PHYSICS,变轨原理,变轨原理,物理选必2,传感器,3 变压器,0.20
PHYSICS,变轨过程分析,变轨过程分析,物理选必2,传感器,3 变压器,0.17
PHYSICS,卫星的对接问题,卫星的对接问题,物理其余,1　实验：探究小车速度随时间变化的规律,6　用牛顿运动定律解决问题（一）,0.15
PHYSICS,引力波探测,引力波探测,物理必修二,机械能守恒定律,2 万有引力定律,0.25
PHYSICS,深空引力导航,深空引力导航,物理必修二,机械能守恒定律,2 万有引力定律,0.22
PHYSICS,小行星防御与资源开发,小行星防御与资源开发,物理必修二,机械能守恒定律,1 行星的运动,0.18
PHYSICS,地球重力场监测,地球重力场监测,物理必修一,运动和力的关系,1 重力与弹力,0.25
PHYSICS,地球同步卫星,地球同步卫星,物理必修二,机械能守恒定律,1 行星的运动,0.12
PHYSICS,卫星变轨-1-2-3,卫星变轨,物理选必2,传感器,3 变压器,0.17
PHYSICS,各点物理量参数的关系,各点物理量参数的关系,物理必修一,运动的描述,1 质点 参考系,0.30
PHYSICS,不同高度卫星物理量的比较,不同高度卫星物理量的比较,物理必修三,电磁感应与电磁波初步,2 磁感应强度 磁通量,0.14
PHYSICS,双星模型,双星模型,物理必修二,机械能守恒定律,1 行星的运动,0.17
PHYSICS,三星模型,三星模型,物理必修二,机械能守恒定律,1 行星的运动,0.17
PHYSICS,万有引力与航天的基本定律和概念,万有引力与航天的基本定律和概念,物理必修二,机械能守恒定律,2 万有引力定律,0.45
PHYSICS,万有引力与航天的理解应用,万有引力与航天的理解应用,物理必修二,机械能守恒定律,2 万有引力定律,0.43
PHYSICS,万有引力的-两点理解-和-两个推论,万有引力的“两点理解”和“两个推论”,物理必修二,机械能守恒定律,3 万有引力理论的成就,0.33
PHYSICS,万有引力定律的应用,万有引力定律的应用,物理必修二,机械能守恒定律,2 万有引力定律,1.00
PHYSICS,万有引力与航天中的情景创新的问题处理,万有引力与航天中的情景创新的问题处理,物理必修二,机械能守恒定律,2 万有引力定律,0.21
PHYSICS,功和能,功和能,物理其余,1　实验：探究小车速度随时间变化的规律,1　功和内能,0.67
PHYSICS,对公式w-flcosα的理解,对公式W＝Flcosα的理解,物理选必3,原子核和核反应,3 原子的核式结构模型,0.10
PHYSICS,合力做功的计算方法,合力做功的计算方法,物理必修一,运动和力的关系,4 力的合成和分解,0.22
PHYSICS,公式p-和p-fv的比较,公式P＝ 和P＝Fv的比较,物理选必3,原子核和核反应,3 原子的核式结构模型,0.09
PHYSICS,弹力做功与弹性势能变化的关系,弹力做功与弹性势能变化的关系,物理必修二,机械能守恒定律,2 重力势能,0.25
PHYSICS,功能关系和能量守恒定律,功能关系和能量守恒定律,物理选必3,原子核和核反应,3 能量守恒定律,0.67
PHYSICS,常见的功能关系,常见的功能关系,物理其余,1　实验：探究小车速度随时间变化的规律,1　功和内能,0.40
PHYSICS,对能量守恒定律的几点理解,对能量守恒定律的几点理解,物理选必3,原子核和核反应,3 能量守恒定律,0.75
PHYSICS,运用能量守恒定律解题的基本思路,运用能量守恒定律解题的基本思路,物理选必3,原子核和核反应,3 能量守恒定律,0.50
PHYSICS,对机械能守恒条件的理解,对机械能守恒条件的理解,物理必修二,机械能守恒定律,4 机械能守恒定律,0.56
PHYSICS,守恒条件,守恒条件,物理必修三,电磁感应与电磁波初步,3 动量守恒定律,0.25
PHYSICS,机车启动问题,机车启动问题,物理其余,1　实验：探究小车速度随时间变化的规律,6　用牛顿运动定律解决问题（一）,0.23
PHYSICS,合外力做功与动能的关系,合外力做功与动能的关系,物理选必3,原子核和核反应,3 核力与结合能,0.27
PHYSICS,对动能定理的理解,对动能定理的理解,物理必修二,机械能守恒定律,3 动能和动能定理,1.00
PHYSICS,应用动能定理求解步骤,应用动能定理求解步骤,物理必修二,机械能守恒定律,3 动能和动能定理,0.60
PHYSICS,传送带模型中的功和能量的关系,传送带模型中的功和能量的关系,物理其余,1　实验：探究小车速度随时间变化的规律,1　功和内能,0.20
PHYSICS,板块模型中的功和能量的关系,板块模型中的功和能量的关系,物理其余,1　实验：探究小车速度随时间变化的规律,1　功和内能,0.22
PHYSICS,动能定理及其应用-功能关系,动能定理及其应用——功能关系,物理必修二,机械能守恒定律,3 动能和动能定理,0.50
PHYSICS,动能定理表达式的推导,动能定理表达式的推导,物理必修二,机械能守恒定律,3 动能和动能定理,0.38
PHYSICS,机械能守恒定律的三种表达式,机械能守恒定律的三种表达式,物理必修二,机械能守恒定律,4 机械能守恒定律,0.58
PHYSICS,机械能守恒定律的应用技巧,机械能守恒定律的应用技巧,物理必修二,机械能守恒定律,4 机械能守恒定律,0.78
PHYSICS,摩擦力做功与能量关系分析技巧,摩擦力做功与能量关系分析技巧,物理必修一,运动和力的关系,2 摩擦力,0.27
PHYSICS,机械振动,机械振动,物理选必1,光,6 受迫振动 共振,0.29
PHYSICS,图象,图象,物理其余,1　实验：探究小车速度随时间变化的规律,2　波的图象,0.67
PHYSICS,周期性,周期性,物理必修二,机械能守恒定律,1 圆周运动,0.17
PHYSICS,对称性,对称性,物理其余,1　实验：探究小车速度随时间变化的规律,2　光的粒子性,0.20
PHYSICS,固有振动和固有频率,固有振动和固有频率,物理选必1,光,6 受迫振动 共振,0.25
PHYSICS,阻尼振动,阻尼振动,物理选必2,交变电流,3 涡流、电磁阻尼和电磁驱动,0.33
PHYSICS,传播特点,传播特点,物理其余,1　实验：探究小车速度随时间变化的规律,1　波的形成和传播,0.29
PHYSICS,机械波的分类,机械波的分类,物理必修二,机械能守恒定律,4 机械能守恒定律,0.22
PHYSICS,波长λ-在波动中振动相位总是相同的两个相邻质点间的距离-用-λ-表示,波长λ,物理其余,1　实验：探究小车速度随时间变化的规律,3　波长、频率和波速,0.33
PHYSICS,波速v-波长λ和频率f-周期t的关系-v-λf,波速v、波长λ和频率f、周期T的关系,物理其余,1　实验：探究小车速度随时间变化的规律,3　波长、频率和波速,0.50
PHYSICS,波动图象的特点,波动图象的特点,物理其余,1　实验：探究小车速度随时间变化的规律,2　波的图象,0.50
PHYSICS,波动图象的信息,波动图象的信息,物理其余,1　实验：探究小车速度随时间变化的规律,2　波的图象,0.50
PHYSICS,反射-波在传播过程中遇到介质界面会返回来继续传播的现象叫作波的反射,反射,物理选必1,光,2 全反射,0.67
PHYSICS,衍射-波在传播过程中可以绕过障碍物继续传播的现象叫做波的衍射,衍射,物理选必1,光,5 光的衍射,0.67
PHYSICS,弹簧振子模型,弹簧振子模型,物理其余,1　实验：探究小车速度随时间变化的规律,4　玻尔的原子模型,0.25
PHYSICS,单摆周期,单摆周期,物理选必1,光,4 单摆,0.33
PHYSICS,单摆的受力特征,单摆的受力特征,物理选必1,光,4 单摆,0.20
PHYSICS,传播方向和振动方向的判断-图像理解,传播方向和振动方向的判断——图像理解,物理选必1,光,6 受迫振动 共振,0.15
PHYSICS,造成波动问题多解的主要因素有,造成波动问题多解的主要因素有,物理选必1,光,1 波的形成,0.17
PHYSICS,解决波的多解问题的思路和步骤,解决波的多解问题的思路和步骤,物理其余,1　实验：探究小车速度随时间变化的规律,6　用牛顿运动定律解决问题（一）,0.20
PHYSICS,回复力,回复力,物理选必1,光,3 简谐运动的回复力和能量,0.38
PHYSICS,多普勒效应的成因分析,多普勒效应的成因分析,物理选必1,光,5 多普勒效应,0.67
PHYSICS,多普勒效应在生活中的应用,多普勒效应在生活中的应用,物理选必1,光,5 多普勒效应,0.67
PHYSICS,波的干涉中振动加强点和减弱点的判断方法,波的干涉中振动加强点和减弱点的判断方法,物理选必1,光,4 波的干涉,0.21
PHYSICS,动量和动量定理,动量和动量定理,物理必修三,电磁感应与电磁波初步,2 动量定理,1.00
PHYSICS,冲量的计算方法,冲量的计算方法,物理其余,1　实验：探究小车速度随时间变化的规律,3　探测射线的方法,0.20
PHYSICS,动量变化量的理解和计算,动量变化量的理解和计算,物理必修三,电磁感应与电磁波初步,1 动量,0.33
PHYSICS,关于i-δp-p2-p1的几点说明,关于I=Δp=p2-p1的几点说明,物理其余,1　实验：探究小车速度随时间变化的规律,3　几种常见的磁场,0.10
PHYSICS,定量计算某过程中合外力的冲量或动量变化量,定量计算某过程中合外力的冲量或动量变化量,物理必修三,电磁感应与电磁波初步,2 动量定理,0.20
PHYSICS,系统-内力和外力,系统、内力和外力,物理其余,1　实验：探究小车速度随时间变化的规律,5　外力作用下的振动,0.25
PHYSICS,碰撞中的-时间极短-的含义,碰撞中的“时间极短”的含义,物理其余,1　实验：探究小车速度随时间变化的规律,4　碰撞,0.20
PHYSICS,多物体-多过程问题中动量守恒定律的应用,多物体、多过程问题中动量守恒定律的应用,物理必修三,电磁感应与电磁波初步,3 动量守恒定律,0.46
PHYSICS,定义-碰撞指的是两个物体在很短的时间内发生相互作用,碰撞的定义,物理其余,1　实验：探究小车速度随时间变化的规律,4　碰撞,0.50
PHYSICS,对心碰撞,对心碰撞,物理其余,1　实验：探究小车速度随时间变化的规律,4　碰撞,0.67
PHYSICS,滑块-小球-弹簧模型,滑块（小球）—弹簧模型,物理其余,1　实验：探究小车速度随时间变化的规律,2　弹力,0.12
PHYSICS,子弹打木块模型,子弹打木块模型,物理其余,1　实验：探究小车速度随时间变化的规律,4　玻尔的原子模型,0.22
PHYSICS,模型特点,模型特点,物理必修二,万有引力与宇宙航行,3 实验：探究平抛运动的特点,0.18
PHYSICS,滑块-木板模型的临界问题,滑块-木板模型的临界问题,物理其余,1　实验：探究小车速度随时间变化的规律,6　用牛顿运动定律解决问题（一）,0.12
PHYSICS,流体模型,流体模型,物理选必3,原子结构和波粒二象性,4 固体,0.25
PHYSICS,微粒类问题分析步骤,微粒类问题分析步骤,物理其余,1　实验：探究小车速度随时间变化的规律,6　用牛顿运动定律解决问题（一）,0.14
PHYSICS,人船模型,“人船模型”,物理选必3,原子核和核反应,5 “基本”粒子,0.22
PHYSICS,滑块-斜面-曲面-模型-相对运动与临界问题,滑块-斜面（曲面）模型——相对运动与临界问题,物理必修二,抛体运动,1 曲线运动,0.21
PHYSICS,动量定理的应用-流体类模型,动量定理的应用——流体类模型,物理必修三,电磁感应与电磁波初步,2 动量定理,0.43
PHYSICS,动量守恒定律的推导,动量守恒定律的推导,物理必修三,电磁感应与电磁波初步,3 动量守恒定律,0.75
PHYSICS,动量守恒中的速度,动量守恒中的速度,物理必修三,电磁感应与电磁波初步,3 动量守恒定律,0.50
PHYSICS,非弹性碰撞和完全非弹性碰撞,非弹性碰撞和完全非弹性碰撞,物理选必1,机械振动,5 弹性碰撞和非弹性碰撞,0.71
PHYSICS,光的反射和折射,光的反射和折射,物理其余,1　实验：探究小车速度随时间变化的规律,1　光的反射和折射,1.00
PHYSICS,光路可逆性,光路可逆性,物理其余,1　实验：探究小车速度随时间变化的规律,2　光的粒子性,0.29
PHYSICS,杨氏双缝干涉,杨氏双缝干涉,物理选必1,光,4 实验：用双缝干涉测量光的波长,0.31
PHYSICS,薄膜干涉,薄膜干涉,物理选必1,光,4 波的干涉,0.40
PHYSICS,电磁说-麦克斯韦认为光是一种电磁波,电磁说,物理选必2,传感器,1 电磁振荡,0.40
PHYSICS,应用-光纤通信-激光测距-激光武器等,应用：光纤通信；激光测距；激光武器等。,物理其余,1　实验：探究小车速度随时间变化的规律,8　激光,0.22
PHYSICS,条件-①光从光密介质射入光疏介质-②入射角大于或等于临界角,全反射的条件,物理选必1,光,2 全反射,0.60
PHYSICS,薄膜干涉的应用,薄膜干涉的应用,物理选必1,光,4 波的干涉,0.40
PHYSICS,应用光的折射和全反射解决问题的两个技巧,应用光的折射和全反射解决问题的两个技巧,物理其余,1　实验：探究小车速度随时间变化的规律,1　光的反射和折射,0.33
PHYSICS,应用光的折射和全反射解决问题的四个注意,应用光的折射和全反射解决问题的四个注意,物理其余,1　实验：探究小车速度随时间变化的规律,1　光的反射和折射,0.33
PHYSICS,干涉和衍射中几种光现象的判断,干涉和衍射中几种光现象的判断,物理其余,1　实验：探究小车速度随时间变化的规律,4　波的衍射和干涉,0.33
PHYSICS,三种光学模型的光路特点,三种光学模型的光路特点,物理选必3,原子核和核反应,4 氢原子光谱和玻尔的原子模型,0.14
PHYSICS,几何光学中的范围和临界问题,几何光学中的范围和临界问题,物理其余,1　实验：探究小车速度随时间变化的规律,6　用牛顿运动定律解决问题（一）,0.11
PHYSICS,七种色光的物理量比较分析,七种色光的物理量比较分析,物理其余,1　实验：探究小车速度随时间变化的规律,7　光的颜色　色散,0.20
PHYSICS,光的干涉-衍射和偏振,光的干涉、衍射和偏振,物理其余,1　实验：探究小车速度随时间变化的规律,4　波的衍射和干涉,0.50
PHYSICS,光的波粒二象性-长期争论后达成的共识,光的波粒二象性(长期争论后达成的共识),物理其余,1　实验：探究小车速度随时间变化的规律,2　光的粒子性,0.20
PHYSICS,静电场的基本概念和规律,静电场的基本概念和规律,物理必修三,电路及其应用,3 电场 电场强度,0.18
PHYSICS,三种起电方式,三种起电方式,物理必修三,静电场及其应用,1 电荷,0.14
PHYSICS,静电力做功,静电力做功,物理其余,1　实验：探究小车速度随时间变化的规律,7　静电现象的应用,0.29
PHYSICS,静电场的应用,静电场的应用,物理必修三,电路及其应用,3 电场 电场强度,0.40
PHYSICS,静电平衡状态的特征,静电平衡状态的特征,物理其余,1　实验：探究小车速度随时间变化的规律,7　静电现象的应用,0.20
PHYSICS,尖端放电的应用与防止,尖端放电的应用与防止,物理必修三,电能能量守恒定律与可持续发展,4 静电的防止与利用,0.38
PHYSICS,静电屏蔽的应用,静电屏蔽的应用,物理其余,1　实验：探究小车速度随时间变化的规律,7　静电现象的应用,0.33
PHYSICS,做直线运动的条件,做直线运动的条件,物理必修二,抛体运动,1 曲线运动,0.38
PHYSICS,用动力学观点分析,用动力学观点分析,物理必修一,运动和力的关系,4 力学单位制,0.29
PHYSICS,用功能观点分析,用功能观点分析,物理其余,1　实验：探究小车速度随时间变化的规律,1　功和内能,0.40
PHYSICS,求解电偏转问题的两种思路,求解电偏转问题的两种思路,物理必修三,电磁感应与电磁波初步,1 电路中的能量转化,0.23
PHYSICS,两个重要结论,两个重要结论,物理其余,1　实验：探究小车速度随时间变化的规律,3　狭义相对论的其他结论,0.20
PHYSICS,e-x图像,E-x图像,物理其余,1　实验：探究小车速度随时间变化的规律,2　波的图象,0.25
PHYSICS,φ-x图像-反映了电势随位移变化的规律,φ-x图像（反映了电势随位移变化的规律）,物理必修一,运动和力的关系,1 实验：探究小车速度随时间变化的规律,0.21
PHYSICS,ep-x图像,Ep-x图像,物理其余,1　实验：探究小车速度随时间变化的规律,2　波的图象,0.25
PHYSICS,利用电场线和等势面解决带电粒子运动问题的方法,利用电场线和等势面解决带电粒子运动问题的方法,物理必修三,电磁感应与电磁波初步,5 带电粒子在电场中的运动,0.44
PHYSICS,平行板电容器的动态分析问题的两种情况,平行板电容器的动态分析问题的两种情况,物理必修三,电磁感应与电磁波初步,4 电容器的电容,0.21
PHYSICS,等效重力场,等效重力场,物理必修一,运动和力的关系,1 重力与弹力,0.40
PHYSICS,等效重力场的相关知识点及解释,等效重力场的相关知识点及解释,物理其余,1　实验：探究小车速度随时间变化的规律,1　重力　基本相互作用,0.23
PHYSICS,等效法求解电场中圆周运动问题的解题思路,等效法求解电场中圆周运动问题的解题思路,物理必修二,机械能守恒定律,1 圆周运动,0.31
PHYSICS,求电场力做功的方法,求电场力做功的方法,物理选必1,光,1 磁场对通电导线的作用力,0.23
PHYSICS,电场,电场,物理必修三,电路及其应用,3 电场 电场强度,0.50
PHYSICS,电势差与电场强度的关系,电势差与电场强度的关系,物理必修三,电磁感应与电磁波初步,3 电势差与电场强度的关系,1.00
PHYSICS,电容器充放电过程,电容器充放电过程,物理必修三,电磁感应与电磁波初步,4 电容器的电容,0.43
PHYSICS,带电粒子在匀强电场中偏转的两个分运动,带电粒子在匀强电场中偏转的两个分运动,物理选必1,光,3 带电粒子在匀强磁场中的运动,0.64
PHYSICS,带电粒子在电场中的平衡问题-受力分析,带电粒子在电场中的平衡问题——受力分析,物理必修三,电磁感应与电磁波初步,5 带电粒子在电场中的运动,0.38
PHYSICS,电场中的功能关系,电场中的功能关系,物理必修三,电磁感应与电磁波初步,3 电势差与电场强度的关系,0.40
PHYSICS,电源的内阻-电源内部是由导体构成-所以也有电阻-这个电阻叫做电源的内阻,电源的内阻,物理必修三,电磁感应与电磁波初步,1 电源和电流,0.40
PHYSICS,电流做功的实质-电能转化成其他形式能的过程,电流做功的实质,物理必修三,电磁感应与电磁波初步,1 电源和电流,0.29
PHYSICS,额定功率和实际功率,额定功率和实际功率,物理必修二,机械能守恒定律,1 功与功率,0.33
PHYSICS,路端电压与外电阻的关系,路端电压与外电阻的关系,物理必修三,电磁感应与电磁波初步,3 电势差与电场强度的关系,0.23
PHYSICS,程序法-遵循-局部-整体-局部-的思路,程序法,物理其余,1　实验：探究小车速度随时间变化的规律,3　探测射线的方法,0.12
PHYSICS,结论法-串反并同-应用条件为电源内阻不为零,结论法,物理其余,1　实验：探究小车速度随时间变化的规律,3　狭义相对论的其他结论,0.29
PHYSICS,特殊值法-对于某些特殊电路问题-可以采取代入特殊值的方法去判定,特殊值法,物理其余,1　实验：探究小车速度随时间变化的规律,3　探测射线的方法,0.11
PHYSICS,电源的功率问题,电源的功率问题,物理必修二,机械能守恒定律,1 功与功率,0.33
PHYSICS,电源输出功率-整个外电路上消耗的电功率,电源输出功率,物理必修二,机械能守恒定律,1 功与功率,0.33
PHYSICS,纯电阻电路和非纯电阻电路的处理,纯电阻电路和非纯电阻电路的处理,物理必修三,电磁感应与电磁波初步,2 导体的电阻,0.25
PHYSICS,数学思想处理电路中的功率和效率问题,数学思想处理电路中的功率和效率问题,物理必修二,机械能守恒定律,1 功与功率,0.17
PHYSICS,等效电源法处理电路中的功率问题,等效电源法处理电路中的功率问题,物理必修二,机械能守恒定律,1 功与功率,0.20
PHYSICS,电路的故障分析,电路的故障分析,物理其余,1　实验：探究小车速度随时间变化的规律,11　简单的逻辑电路,0.33
PHYSICS,电路中的基本概念,电路中的基本概念,物理其余,1　实验：探究小车速度随时间变化的规律,11　简单的逻辑电路,0.25
PHYSICS,电路中的基本定律,电路中的基本定律,物理必修三,电磁感应与电磁波初步,2 闭合电路的欧姆定律,0.40
PHYSICS,电阻率,电阻率,物理必修三,电磁感应与电磁波初步,2 导体的电阻,0.40
PHYSICS,磁场的基本概念和性质,磁场的基本概念和性质,物理必修三,电磁感应与电磁波初步,1 磁场 磁感线,0.20
PHYSICS,对磁感应强度定义式-b-的理解,对磁感应强度定义式,物理其余,1　实验：探究小车速度随时间变化的规律,2　磁感应强度,0.57
PHYSICS,特点-f-b-f-v-即f垂直于b与v决定的平面-f与v始终垂直-洛伦兹力不做功,洛伦兹力的方向特点,物理必修二,机械能守恒定律,2 向心力,0.22
PHYSICS,仪器构造-质谱仪由粒子源-加速电场-偏转磁场和照相底片构成,质谱仪,物理选必1,光,4 质谱仪与回旋加速器,0.38
PHYSICS,仪器介绍-磁流体发电是一项新兴技术-它可以把内能直接转化为电能,仪器介绍,物理选必1,光,4 质谱仪与回旋加速器,0.20
PHYSICS,环形磁场,环形磁场,物理必修三,电磁感应与电磁波初步,1 磁场 磁感线,0.33
PHYSICS,安培力作用下导体的平衡与加速问题,安培力作用下导体的平衡与加速问题,物理必修一,运动和力的关系,5 共点力的平衡,0.21
PHYSICS,磁聚焦模型和磁发散模型,磁聚焦模型和磁发散模型,物理必修三,电磁感应与电磁波初步,4 电磁波的发现及应用,0.22
PHYSICS,磁通量φ-磁通量的变化量δφ及磁通量的变化率的比较,磁通量与磁通量变化率的比较,物理必修三,电磁感应与电磁波初步,2 磁感应强度 磁通量,0.27
PHYSICS,带电粒子在有界匀强磁场中的运动-临界条件,带电粒子在有界匀强磁场中的运动——临界条件,物理选必1,光,3 带电粒子在匀强磁场中的运动,0.71
PHYSICS,带电粒子在匀强磁场中运动的动态圆模型,带电粒子在匀强磁场中运动的动态圆模型,物理选必1,光,3 带电粒子在匀强磁场中的运动,0.77
PHYSICS,带电粒子在磁场中运动的多解问题,带电粒子在磁场中运动的多解问题,物理必修三,电磁感应与电磁波初步,5 带电粒子在电场中的运动,0.64
PHYSICS,带电粒子在叠加场-复合场-电场与磁场重叠-中的运动,带电粒子在叠加场中的运动,物理必修三,电磁感应与电磁波初步,5 带电粒子在电场中的运动,0.78
PHYSICS,带电粒子在组合场-电场与磁场各位于一定的区域内-并不重叠-中的运动,带电粒子在组合场中的运动,物理必修三,电磁感应与电磁波初步,5 带电粒子在电场中的运动,0.78
PHYSICS,带电粒子在交变电磁场中的运动,带电粒子在交变电磁场中的运动,物理必修三,电磁感应与电磁波初步,5 带电粒子在电场中的运动,0.70
PHYSICS,带电粒子在立体空间中的运动,带电粒子在立体空间中的运动,物理必修三,电磁感应与电磁波初步,5 带电粒子在电场中的运动,0.55
PHYSICS,匀强磁场中磁通量的计算,匀强磁场中磁通量的计算,物理必修三,电磁感应与电磁波初步,2 磁感应强度 磁通量,0.40
PHYSICS,磁场中的仪器,磁场中的仪器,物理必修三,电磁感应与电磁波初步,1 磁场 磁感线,0.33
PHYSICS,工作原理,工作原理,物理选必2,传感器,2 常见传感器的工作原理及应用,0.50
PHYSICS,产生感应电流的条件,产生感应电流的条件,物理其余,1　实验：探究小车速度随时间变化的规律,2　探究感应电流的产生条件,0.78
PHYSICS,判断电磁感应现象能否产生的方法,判断电磁感应现象能否产生的方法,物理必修三,电磁感应与电磁波初步,3 电磁感应现象及应用,0.38
PHYSICS,适用情况-判断导线切割磁感线产生的感应电流方向,适用情况,物理其余,1　实验：探究小车速度随时间变化的规律,5　电磁感应现象的两类情况,0.20
PHYSICS,自感电动势的大小-el-l-式中l为自感系数-它可以超出线圈两端的原电压,自感电动势的大小,物理其余,1　实验：探究小车速度随时间变化的规律,2　电动势,0.43
PHYSICS,自感现象的理解,自感现象的理解,物理必修三,电磁感应与电磁波初步,3 电磁感应现象及应用,0.50
PHYSICS,特点-整个导体回路的电阻一般很小-感应电流很大-故金属块的发热功率很大,涡流的特点,物理选必2,交变电流,3 涡流、电磁阻尼和电磁驱动,0.20
PHYSICS,导体切割磁感线时的感应电动势,导体切割磁感线时的感应电动势,物理其余,1　实验：探究小车速度随时间变化的规律,2　电动势,0.27
PHYSICS,平动切割与转动切割的几种情形,平动切割与转动切割的几种情形,物理其余,1　实验：探究小车速度随时间变化的规律,3　几种常见的磁场,0.18
PHYSICS,两种运动状态-x1,两种运动状态,物理选必1,光,1 简谐运动,0.29
PHYSICS,力学对象和电学对象的相互联系-x1,力学对象和电学对象的相互联系,物理其余,1　实验：探究小车速度随时间变化的规律,1　重力　基本相互作用,0.25
PHYSICS,求解电能的思路-x1,求解电能的思路,物理必修三,电磁感应与电磁波初步,1 电路中的能量转化,0.38
PHYSICS,电磁感应,电磁感应,物理必修三,电磁感应与电磁波初步,3 电磁感应现象及应用,0.60
PHYSICS,电磁感应现象及其应用,电磁感应现象及其应用,物理必修三,电磁感应与电磁波初步,3 电磁感应现象及应用,1.00
PHYSICS,电磁感应中的电路问题,电磁感应中的电路问题,物理必修三,电磁感应与电磁波初步,3 电磁感应现象及应用,0.38
PHYSICS,电磁感应中的图像问题,电磁感应中的图像问题,物理必修三,电磁感应与电磁波初步,3 电磁感应现象及应用,0.33
PHYSICS,电磁感应中的单棒模型,电磁感应中的单棒模型,物理必修三,电磁感应与电磁波初步,3 电磁感应现象及应用,0.43
PHYSICS,电磁感应中的双棒模型,电磁感应中的双棒模型,物理必修三,电磁感应与电磁波初步,3 电磁感应现象及应用,0.38
PHYSICS,电磁感应中的三大动力学观点,电磁感应中的三大动力学观点,物理选必1,光,2 磁场对运动电荷的作用力,0.29
PHYSICS,楞次定律的理解-阻碍-的含义,楞次定律的理解,物理选必2,安培力与洛伦兹力,1 楞次定律,1.00
PHYSICS,能量转化-导体克服安培力做功-其他形式能转化为电能-最终转化为内能,能量转化,物理必修三,电磁感应与电磁波初步,1 电路中的能量转化,0.67
PHYSICS,正弦式交变电流的产生和变化规律,正弦式交变电流的产生和变化规律,物理选必2,传感器,1 交变电流,0.33
PHYSICS,周期和频率,周期和频率,物理其余,1　实验：探究小车速度随时间变化的规律,3　波长、频率和波速,0.29
PHYSICS,电容-通交流-隔直流-通高频-阻低频,电容器对交变电流的作用,物理选必2,传感器,1 交变电流,0.57
PHYSICS,普通二极管和发光二极管,普通二极管和发光二极管,物理其余,1　实验：探究小车速度随时间变化的规律,8　激光,0.12
PHYSICS,理想变压器的关系式,理想变压器的关系式,物理选必2,传感器,3 变压器,0.43
PHYSICS,理想变压器的制约关系,理想变压器的制约关系,物理选必2,传感器,3 变压器,0.38
PHYSICS,理想变压器的两类动态分析,理想变压器的两类动态分析,物理选必2,传感器,3 变压器,0.38
PHYSICS,负载电阻不变的分析思路,负载电阻不变的分析思路,物理必修三,电磁感应与电磁波初步,2 导体的电阻,0.20
PHYSICS,有效值的理解,有效值的理解,物理选必3,原子核和核反应,2 光电效应,0.25
PHYSICS,正弦式交变电流的变化规律-线圈在中性面位置时开始计时,正弦式交变电流的变化规律,物理选必2,传感器,1 交变电流,0.40
PHYSICS,振荡电路过程中各物理量的变化,振荡电路过程中各物理量的变化,物理必修三,电磁感应与电磁波初步,1 电路中的能量转化,0.31
PHYSICS,等效法在变压器和远距离输电中的应用,等效法在变压器和远距离输电中的应用,物理选必2,传感器,3 变压器,0.30
PHYSICS,交变电流的瞬时值-峰值-有效值和平均值,交变电流的瞬时值、峰值、有效值和平均值,物理选必2,传感器,1 交变电流,0.36
PHYSICS,交变电流有效值的计算,交变电流有效值的计算,物理选必2,传感器,1 交变电流,0.50
PHYSICS,电能的远距离输送电路图,电能的远距离输送电路图,物理选必2,传感器,4 电能的输送,0.44
PHYSICS,电磁振动-电磁波和传感器,电磁振动、电磁波和传感器,物理选必2,传感器,1 认识传感器,0.38
PHYSICS,无线电波的发射,无线电波的发射,物理选必2,传感器,3 无线电波的发射和接收,0.75
PHYSICS,常见传感器的特点,常见传感器的特点,物理选必2,传感器,1 认识传感器,0.60
PHYSICS,分子模型,分子模型,物理其余,1　实验：探究小车速度随时间变化的规律,4　玻尔的原子模型,0.40
PHYSICS,扩散,扩散,物理其余,1　实验：探究小车速度随时间变化的规律,7　光的颜色　色散,0.20
PHYSICS,分子热运动,分子热运动,物理其余,1　实验：探究小车速度随时间变化的规律,2　分子的热运动,1.00
PHYSICS,分子间的作用力与分子间距离的关系,分子间的作用力与分子间距离的关系,物理其余,1　实验：探究小车速度随时间变化的规律,3　分子间的作用力,0.50
PHYSICS,气体分子运动的特点,气体分子运动的特点,物理其余,1　实验：探究小车速度随时间变化的规律,2　分子的热运动,0.38
PHYSICS,气体压强,气体压强,物理选必3,热力学定律,3 气体的等压变化和等容变化,0.43
PHYSICS,气体-液体-固体和热力学定理,气体、液体、固体和热力学定理,物理选必3,原子核和核反应,2 热力学第一定律,0.36
PHYSICS,定义-在任何温度-任何压强下都遵从气体实验定律的气体,理想气体,物理其余,1　实验：探究小车速度随时间变化的规律,3　理想气体的状态方程,0.43
PHYSICS,理想气体的状态方程,理想气体的状态方程,物理其余,1　实验：探究小车速度随时间变化的规律,3　理想气体的状态方程,1.00
PHYSICS,表面张力,表面张力,物理其余,1　实验：探究小车速度随时间变化的规律,5　力的分解,0.25
PHYSICS,对晶体和非晶体的理解,对晶体和非晶体的理解,物理选必3,原子结构和波粒二象性,4 固体,0.25
PHYSICS,常见物理量和状态,常见物理量和状态,物理其余,1　实验：探究小车速度随时间变化的规律,4　物态变化中的能量交换,0.33
PHYSICS,温度计-测量温度的仪器,温度计,物理选必3,分子动理论,1 温度和温标,0.50
PHYSICS,两种表述,两种表述,物理选必1,光,2 波的描述,0.17
PHYSICS,物理意义-一切自发过程总是沿着分子热运动的无序度增大的方向进行程,物理意义,物理其余,1　实验：探究小车速度随时间变化的规律,4　气体热现象的微观意义,0.20
PHYSICS,第二类永动机,第二类永动机,物理必修一,运动和力的关系,3 牛顿第二定律,0.20
PHYSICS,第一类永动机,第一类永动机,物理必修一,运动和力的关系,1 牛顿第一定律,0.20
PHYSICS,活塞气缸模型,活塞气缸模型,物理选必3,气体固体和液体,2 气体的等温变化,0.11
PHYSICS,液柱模型,液柱模型,物理选必3,原子核和核反应,5 液体,0.25
PHYSICS,变质量问题的处理思想-等效,变质量问题的处理思想——等效,物理其余,1　实验：探究小车速度随时间变化的规律,2　描述交变电流的物理量,0.13
PHYSICS,功-热和内能的改变,功、热和内能的改变,物理选必3,原子核和核反应,1 功、热和内能的改变,1.00
PHYSICS,热力学图像问题,热力学图像问题,物理选必3,原子核和核反应,2 热力学第一定律,0.27
PHYSICS,分子势能,分子势能,物理选必2,传感器,4 分子动能和分子势能,0.75
PHYSICS,分子运动速率分布图像-气体分子速率呈-中间多-两头少-的规律分布-如下图所示,分子运动速率分布图像,物理选必2,传感器,3 分子运动速率分布规律,0.60
PHYSICS,分子的平均动能,分子的平均动能,物理选必2,传感器,4 分子动能和分子势能,0.50
PHYSICS,实验步骤,实验步骤,物理其余,1　实验：探究小车速度随时间变化的规律,3　实验：传感器的应用,0.33
PHYSICS,数据处理-x1,数据处理,,,,0.00
PHYSICS,误差分析-x1,误差分析,物理必修三,电磁感应与电磁波初步,2 电势差,0.25
PHYSICS,注意事项-x1,注意事项,物理其余,1　实验：探究小车速度随时间变化的规律,4　气体热现象的微观意义,0.08
PHYSICS,若边线宽度不等于玻璃砖宽度时引起的误差分析,若边线宽度不等于玻璃砖宽度时引起的误差分析,物理必修一,运动和力的关系,2 匀变速直线运动的速度与时间的关系,0.12
PHYSICS,实验原理-条纹间距δx与光波长λ-双缝间距d及双缝与屏的距离l-有关系式为,实验原理,物理其余,1　实验：探究小车速度随时间变化的规律,3　实验：传感器的应用,0.33
PHYSICS,注意事项-1-调节各器件的高度-使光源灯丝发出的光能沿遮光筒轴线到达光屏,双缝干涉测波长实验的注意事项,物理选必1,光,4 实验：用双缝干涉测量光的波长,0.60
PHYSICS,创新实验方法测玻璃砖的折射率,创新实验方法测玻璃砖的折射率,物理其余,1　实验：探究小车速度随时间变化的规律,3　探测射线的方法,0.27
PHYSICS,热学实验中的误差分析,热学实验中的误差分析,物理其余,1　实验：探究小车速度随时间变化的规律,3　实验：传感器的应用,0.22
PHYSICS,光学实验中的误差分析,光学实验中的误差分析,物理其余,1　实验：探究小车速度随时间变化的规律,3　实验：传感器的应用,0.22
PHYSICS,原子结构与波粒二象性,原子结构与波粒二象性,物理其余,1　实验：探究小车速度随时间变化的规律,3　粒子的波动性,0.40
PHYSICS,几个基本概念的理解,几个基本概念的理解,物理选必3,原子核和核反应,5 “基本”粒子,0.20
PHYSICS,特征谱线,特征谱线,物理必修二,抛体运动,1 曲线运动,0.14
PHYSICS,玻尔理论的几个重要概念,玻尔理论的几个重要概念,物理其余,1　实验：探究小车速度随时间变化的规律,4　玻尔的原子模型,0.17
PHYSICS,玻尔原子模型的三条假设,.玻尔原子模型的三条假设,物理其余,1　实验：探究小车速度随时间变化的规律,4　玻尔的原子模型,0.56
PHYSICS,玻尔理论对氢光谱的解析,玻尔理论对氢光谱的解析,物理选必3,原子核和核反应,4 氢原子光谱和玻尔的原子模型,0.56
PHYSICS,物质波,物质波,物理选必1,光,1 波的形成,0.20
PHYSICS,同位素,同位素,物理必修一,匀变速直线运动的研究,2 时间 位移,0.17
PHYSICS,核力的特点,核力的特点,物理必修一,运动和力的关系,5 共点力的平衡,0.29
PHYSICS,比结合能,比结合能,物理选必3,原子核和核反应,3 核力与结合能,0.50
PHYSICS,质能方程-该式表明物体的能量和质量之间存在着密切的联系,质能方程,物理其余,1　实验：探究小车速度随时间变化的规律,3　理想气体的状态方程,0.22
PHYSICS,常见基本粒子及其分类,常见基本粒子及其分类,物理选必3,原子核和核反应,5 “基本”粒子,0.57
PHYSICS,半衰期的理解-计算和应用,半衰期的理解、计算和应用,物理选必3,原子核和核反应,2 放射性元素的衰变,0.09
PHYSICS,常用公式-n-n-m-m,常用公式,物理选必3,原子核和核反应,3 原子的核式结构模型,0.12
PHYSICS,意义-表示放射性元素衰变的快慢,意义：表示放射性元素衰变的快慢．,物理选必3,原子核和核反应,2 放射性元素的衰变,0.50
PHYSICS,核反应的判断-方程与应用,核反应的判断、方程与应用,物理其余,1　实验：探究小车速度随时间变化的规律,3　理想气体的状态方程,0.18
PHYSICS,近代物理学史-相关粒子的发现和实验,近代物理学史——相关粒子的发现和实验,物理其余,1　实验：探究小车速度随时间变化的规律,1　电子的发现,0.21
PHYSICS,中子-卢瑟福预言中子的存在-查德威克证实,中子,物理必修三,电磁感应与电磁波初步,5 能量量子化,0.25
PHYSICS,第一次人工核反应,第一次人工核反应,物理必修一,运动和力的关系,1 牛顿第一定律,0.18
PHYSICS,光电效应现象,光电效应现象,物理选必3,原子核和核反应,2 光电效应,0.60
PHYSICS,光电效应的产生条件,光电效应的产生条件,物理其余,1　实验：探究小车速度随时间变化的规律,2　探究感应电流的产生条件,0.45
PHYSICS,光电效应的规律,光电效应的规律,物理选必3,原子核和核反应,2 光电效应,0.60
PHYSICS,光电效应方程,光电效应方程,物理选必3,原子核和核反应,2 光电效应,0.60
PHYSICS,光电效应的图像问题,光电效应的图像问题,物理选必3,原子核和核反应,2 光电效应,0.43
PHYSICS,原子核的组成-原子核是由质子和中子组成的-原子核的电荷数等于核内的质子数,原子核的组成,物理选必3,原子核和核反应,1 原子核的组成,1.00
PHYSICS,原子核衰变,原子核衰变,物理选必3,原子核和核反应,1 原子核的组成,0.43
PHYSICS,原子核衰变的类型判断和次数计算,原子核衰变的类型判断和次数计算,物理选必3,原子核和核反应,1 原子核的组成,0.21
PHYSICS,黑体辐射-黑体虽然不反射电磁波-却可以向外辐射电磁波,黑体辐射,物理选必3,原子核和核反应,1 普朗克黑体辐射理论,0.50
PHYSICS,氢原子光谱的实验规律,氢原子光谱的实验规律,物理其余,1　实验：探究小车速度随时间变化的规律,3　氢原子光谱,0.56
PHYSICS,氢原子能级跃迁与数学思想的结合,氢原子能级跃迁与数学思想的结合,物理选必3,原子核和核反应,3 核力与结合能,0.20
PHYSICS,光的波粒二象性,光的波粒二象性,物理其余,1　实验：探究小车速度随时间变化的规律,2　光的粒子性,0.43
PHYSICS,光的波粒二象性的表现规律,光的波粒二象性的表现规律,物理其余,1　实验：探究小车速度随时间变化的规律,2　光的粒子性,0.27
PHYSICS,核力,核力,物理其余,1　实验：探究小车速度随时间变化的规律,5　力的分解,0.50
PHYSICS,结合能,结合能,物理选必3,原子核和核反应,3 核力与结合能,0.60
PHYSICS,动力学三大观点的基本理解和应用,动力学三大观点的基本理解和应用,物理选必2,传感器,1 分子动理论的基本内容,0.23
PHYSICS,能量观点-用动能定理和能量守恒观点解题-可处理非匀变速运动问题,能量观点,物理必修三,电磁感应与电磁波初步,5 能量量子化,0.33
PHYSICS,常见的图象,常见的图象,物理其余,1　实验：探究小车速度随时间变化的规律,2　波的图象,0.67
PHYSICS,图象的应用,图象的应用,物理其余,1　实验：探究小车速度随时间变化的规律,2　波的图象,0.67
PHYSICS,动力学中的经典模型,动力学中的经典模型,物理必修一,运动和力的关系,4 力学单位制,0.29
PHYSICS,同条件同加速度轻绳连接体动力学的计算问题,同条件同加速度轻绳连接体动力学的计算问题,物理选必1,光,5 实验：用单摆测量重力加速度,0.17
PHYSICS,同速率轻绳连接体动力学的计算问题,同速率轻绳连接体动力学的计算问题,物理选必2,传感器,3 分子运动速率分布规律,0.15
PHYSICS,判断滑块和模板运动状态的技巧,判断滑块和模板运动状态的技巧,物理选必1,光,1 简谐运动,0.15
PHYSICS,技巧突破点,技巧突破点,物理必修一,运动的描述,1 质点 参考系,0.11
PHYSICS,分析板块模型的思路,分析板块模型的思路,物理其余,1　实验：探究小车速度随时间变化的规律,11　简单的逻辑电路,0.12
PHYSICS,弹簧不锁定模型,弹簧不锁定模型,物理其余,1　实验：探究小车速度随时间变化的规律,5　不确定性关系,0.20
PHYSICS,功能关系分析,功能关系分析,物理其余,1　实验：探究小车速度随时间变化的规律,1　功和内能,0.40
PHYSICS,如果要列出各物理量在某一时刻的关系式-可用牛顿第二定律,力学三大观点的选用原则,物理其余,1　实验：探究小车速度随时间变化的规律,5　热力学第二定律的微观解释,0.19
PHYSICS,若单独利用动量观点-或能量观点-无法解决问题-可尝试两种观点结合联立方程求解,动量与能量观点的综合应用,物理必修三,电磁感应与电磁波初步,1 动量,0.29
PHYSICS,动力学三大观点在多体问题和多过程运动中的应用,动力学三大观点在多体问题和多过程运动中的应用,物理其余,1　实验：探究小车速度随时间变化的规律,6　用牛顿运动定律解决问题（一）,0.20
PHYSICS,动力学三大观点在电磁学中的应用,动力学三大观点在电磁学中的应用,物理选必1,光,2 磁场对运动电荷的作用力,0.31
PHYSICS,能量观点和动量观点的应用条件,能量观点和动量观点的应用条件,物理必修三,电磁感应与电磁波初步,1 动量,0.29
PHYSICS,电磁感应中的线框模型,电磁感应中的线框模型,物理必修三,电磁感应与电磁波初步,1 磁场 磁感线,0.43
PHYSICS,实验基础知识,实验基础知识,物理其余,1　实验：探究小车速度随时间变化的规律,3　实验：传感器的应用,0.25
PHYSICS,常见的导出单位,常见的导出单位,物理必修一,匀变速直线运动的研究,2 时间 位移,0.17
PHYSICS,系统误差,系统误差,物理必修三,电磁感应与电磁波初步,3 电势差与电场强度的关系,0.20
PHYSICS,必备实验仪器的原理及使用,必备实验仪器的原理及使用,物理其余,1　实验：探究小车速度随时间变化的规律,3　实验：传感器的应用,0.30
PHYSICS,电磁打点计时器,电磁打点计时器,物理选必3,原子核和核反应,4　实验：用打点计时器测速度,0.42
PHYSICS,电火花打点计时器,电火花打点计时器,物理选必3,原子核和核反应,4　实验：用打点计时器测速度,0.38
PHYSICS,电表的改装,电表的改装,物理其余,1　实验：探究小车速度随时间变化的规律,8　多用电表的原理,0.33
PHYSICS,电压表-电流表的改装,电压表、电流表的改装,物理必修三,电磁感应与电磁波初步,1 电源和电流,0.29
PHYSICS,电表改装问题的两点提醒,电表改装问题的两点提醒,物理其余,1　实验：探究小车速度随时间变化的规律,8　多用电表的原理,0.17
PHYSICS,逐差法原理,逐差法原理,物理必修三,电磁感应与电磁波初步,2 电势差,0.17
PHYSICS,逐差法-的实际应用及小技巧,“逐差法”的实际应用及小技巧,物理选必2,传感器,2 实验：用油膜法估测油酸分子的大小,0.17
PHYSICS,电表的内接与外接,电表的内接与外接,物理其余,1　实验：探究小车速度随时间变化的规律,8　多用电表的原理,0.29
PHYSICS,电流表的内-外接法的选择,电流表的内、外接法的选择,物理必修三,电磁感应与电磁波初步,1 电源和电流,0.20
PHYSICS,滑动变阻器的限流式与分压式,滑动变阻器的限流式与分压式,物理选必2,传感器,3 变压器,0.33
PHYSICS,滑动变阻器两种接法的选择,滑动变阻器两种接法的选择,物理选必2,传感器,3 变压器,0.17
PHYSICS,实验仪器的估读问题分析,实验仪器的估读问题分析,物理其余,1　实验：探究小车速度随时间变化的规律,3　实验：传感器的应用,0.30
PHYSICS,必须估读的仪器-这类仪器是大多数-其读数需要包含一位可靠的估计值,必须估读的仪器,物理选必1,光,4 质谱仪与回旋加速器,0.17
PHYSICS,控制变量法,控制变量法,物理其余,1　实验：探究小车速度随时间变化的规律,2　描述交变电流的物理量,0.18
PHYSICS,转换法,转换法,物理必修三,电磁感应与电磁波初步,1 电路中的能量转化,0.12
PHYSICS,等效替代法,等效替代法,物理选必3,原子核和核反应,2 光电效应,0.17
PHYSICS,比较法,比较法,物理其余,1　实验：探究小车速度随时间变化的规律,3　探测射线的方法,0.12
PHYSICS,放大法,放大法,物理选必2,传感器,2 实验：用油膜法估测油酸分子的大小,0.17
PHYSICS,累积法,累积法,物理其余,1　实验：探究小车速度随时间变化的规律,3　探测射线的方法,0.12
PHYSICS,探究结果-胡克定律-x为形变量,探究结果,物理其余,1　实验：探究小车速度随时间变化的规律,2　探究感应电流的产生条件,0.18
PHYSICS,需要平衡摩擦力-为了使绳子拉力即合力,需要平衡摩擦力（为了使绳子拉力即合力）,物理必修一,运动和力的关系,2 摩擦力,0.23
PHYSICS,实验方法-控制变量法-保持m不变探究a与f关系-保持f不变探究a与m关系,实验方法,物理其余,1　实验：探究小车速度随时间变化的规律,3　实验：传感器的应用,0.29
PHYSICS,实验描迹法-一次抛动记录一个点-重复抛动,实验描迹法,物理其余,1　实验：探究小车速度随时间变化的规律,3　实验：传感器的应用,0.25
PHYSICS,实验结论,实验结论,物理其余,1　实验：探究小车速度随时间变化的规律,3　实验：传感器的应用,0.29
PHYSICS,实验误差,实验误差,物理其余,1　实验：探究小车速度随时间变化的规律,3　实验：传感器的应用,0.29
PHYSICS,小球碰撞平抛实验法步骤,小球碰撞平抛实验法步骤,物理其余,1　实验：探究小车速度随时间变化的规律,1　实验：探究碰撞中的不变量,0.27
PHYSICS,拓展-气垫导轨光电门测速实验法,拓展,物理必修三,电磁感应与电磁波初步,4 能源与可持续发展,0.12
PHYSICS,测周期-测n次-约50次-全振动的总时间,测周期,物理必修二,机械能守恒定律,1 圆周运动,0.17
PHYSICS,实验结论-周期的平方与摆长成正比,单摆周期与摆长的关系,物理其余,1　实验：探究小车速度随时间变化的规律,5　不确定性关系,0.20
PHYSICS,纸带在力学实验中的应用分析,纸带在力学实验中的应用分析,物理必修一,运动和力的关系,4 力学单位制,0.25
PHYSICS,创新实验验证动量守恒,创新实验验证动量守恒,物理选必1,动量守恒定律,4 实验：验证动量守恒定律,0.64
PHYSICS,用力传感器或已知质量的钩码等代替弹簧测力计,用力传感器或已知质量的钩码等代替弹簧测力计,物理选必2,传感器,1 认识传感器,0.18
PHYSICS,由测定加速度延伸为测定动摩擦因数,由测定加速度延伸为测定动摩擦因数,物理选必1,光,5 实验：用单摆测量重力加速度,0.21
PHYSICS,由测定加速度延伸为测定交流电的频率,由测定加速度延伸为测定交流电的频率,物理选必2,传感器,1 交变电流,0.21
PHYSICS,创新实验解决相关误差-质量关系,创新实验解决相关误差——质量关系,物理必修一,运动和力的关系,2 实验：探究加速度与力、质量的关系,0.33
PHYSICS,有效数字与小数位数的保留,有效数字与小数位数的保留,物理选必3,原子核和核反应,2 光电效应,0.11
PHYSICS,图像法在处理实验数据方面的应用,图像法在处理实验数据方面的应用,物理选必2,传感器,2 实验：用油膜法估测油酸分子的大小,0.17
CHEMISTRY,物理变化与化学变化的两种判断方法,物理变化与化学变化的两种判断方法,化学选必1,化学反应速率与化学平衡,第三节 化学反应的方向,0.25
CHEMISTRY,不同类别的物质之间的转化关系,不同类别的物质之间的转化关系,化学必修一,物质及其变化,第一节 物质的分类及转化,0.45
CHEMISTRY,判断下列转化能否实现-能实现的打-不能实现的打,判断下列转化能否实现，能实现的打“√”，不能实现的打“×”。,化学必修一,物质及其变化,第一节 物质的分类及转化,0.11
CHEMISTRY,分散系的分类,分散系的分类,化学选必3,生物大分子,第一节 糖类,0.25
CHEMISTRY,fecl3溶液-fe-oh-3胶体-fe-oh-3浊液是三种重要的分散系,三种分散系的比较,,,,0.00
CHEMISTRY,fe-oh-3胶体的制备,Fe(OH)3胶体的制备,化学选必2,晶体结构与性质,第二节 分子晶体与共价晶体,0.12
CHEMISTRY,常见的混合物,常见的混合物,化学必修一,海水中的重要元素——钠和氯,第一节 钠及其化合物,0.40
CHEMISTRY,氧化物的类型,氧化物的类型,化学必修一,物质及其变化,第一节 物质的分类及转化,0.50
CHEMISTRY,对下列物质分类-并完善表格内容,对下列物质分类，并完善表格内容,化学必修一,物质及其变化,第一节 物质的分类及转化,0.23
CHEMISTRY,下列有关物质的组成与分类的叙述正确的有________-填序号,下列有关物质的组成与分类的叙述正确的有________(填序号)。,化学必修一,物质及其变化,第一节 物质的分类及转化,0.19
CHEMISTRY,不同类别的无机物之间转化的一般规律,不同类别的无机物之间转化的一般规律,化学必修一,物质及其变化,第一节 物质的分类及转化,0.27
CHEMISTRY,各类物质的化学通性,各类物质的化学通性,化学必修一,物质及其变化,第一节 物质的分类及转化,0.44
CHEMISTRY,胶体的性质及应用,胶体的性质及应用,化学选必2,分子结构与性质,第三节 分子结构与物质的性质,0.25
CHEMISTRY,书写fe-oh-3胶体制备的化学方程式的五个易错点,Fe(OH)3胶体制备方程式的易错点,化学选必1,化学反应速率与化学平衡,第三节 化学反应的方向,0.07
CHEMISTRY,对物质的元素组成的几个误区,对物质的元素组成的几个误区,化学选必2,原子结构与性质,第二节 原子结构与元素的性质,0.20
CHEMISTRY,对氧化物认识的几个误区,对氧化物认识的几个误区,化学必修一,海水中的重要元素——钠和氯,第一节 钠及其化合物,0.22
CHEMISTRY,常见的物质分类的几个误区,常见的物质分类的几个误区,化学必修一,物质及其变化,第一节 物质的分类及转化,0.33
CHEMISTRY,常见的易混淆物质变化,常见的易混淆物质变化,化学必修一,物质及其变化,第一节 物质的分类及转化,0.33
CHEMISTRY,物质间转化的5个常见易错点,物质间转化的5个常见易错点,化学必修一,物质及其变化,第一节 物质的分类及转化,0.40
CHEMISTRY,胶体知识易错点,胶体知识易错点,化学选必2,晶体结构与性质,第二节 分子晶体与共价晶体,0.10
CHEMISTRY,物质的组成,物质的组成,化学必修一,海水中的重要元素——钠和氯,第三节 物质的量,0.40
CHEMISTRY,摩尔质量的计算方法,摩尔质量的计算方法,化学必修一,海水中的重要元素——钠和氯,第三节 物质的量,0.22
CHEMISTRY,阿伏加德罗定律及其推论,阿伏加德罗定律及其推论,化学必修一,物质结构 元素周期律,第二节 元素周期律,0.08
CHEMISTRY,n-的关系应用,n＝＝＝的关系应用,,,,0.00
CHEMISTRY,阿伏加德罗定律的应用,阿伏加德罗定律的应用,化学必修一,物质结构 元素周期律,第二节 元素周期律,0.09
CHEMISTRY,主要仪器,主要仪器,,,,0.00
CHEMISTRY,阿伏伽德罗常及其应用-七大误区,阿伏伽德罗常及其应用“七大误区”,,,,0.00
CHEMISTRY,看-气体-是否处于-标准状况-0-101kpa,阿伏加德罗常数题中标准状况的陷阱,化学选必2,晶体结构与性质,第一节 物质的聚集状态与晶体的常识,0.05
CHEMISTRY,d2o-h-h-d-h-t-h-三者中的中子数不同,D2O,,,,0.00
CHEMISTRY,淀粉-或纤维素-中含有的羟基数为3n,淀粉（或纤维素）中含有的羟基数为3n,化学必修一,物质结构 元素周期律,第二节 元素周期律,0.07
CHEMISTRY,计算下列小题中所含微粒数目,计算下列小题中所含微粒数目：,化学选必1,化学反应的热效应,第二节 反应热的计算,0.15
CHEMISTRY,误差分析的方法,误差分析的方法,化学选必3,合成高分子,第一节 合成高分子的基本方法,0.20
CHEMISTRY,定容时仰视或俯视刻度线产生的误差图解,定容时仰视或俯视刻度线产生的误差图解,化学选必3,烃的衍生物,第四节 羧酸 羧酸衍生物,0.05
CHEMISTRY,阿伏加德罗常数-10大-陷阱,阿伏加德罗常数“10大”陷阱,,,,0.00
CHEMISTRY,误将溶液体积看作1l,误将溶液体积看作1L,化学选必1,水溶液中的离子反应与平衡,第二节 水的电离和溶液的pH,0.18
CHEMISTRY,忽视溶液中水的存在,忽视溶液中水的存在,化学选必1,水溶液中的离子反应与平衡,第二节 水的电离和溶液的pH,0.38
CHEMISTRY,忽视物质溶于水时溶液体积的变化,忽视物质溶于水时溶液体积的变化,化学必修一,物质及其变化,第一节 物质的分类及转化,0.20
CHEMISTRY,审题抓关键条件-状态-温度-压强,审题抓关键条件（状态、温度、压强）,化学选必2,晶体结构与性质,第一节 物质的聚集状态与晶体的常识,0.11
CHEMISTRY,分析粒子种类-分子-离子-电子,分析粒子种类（分子/离子/电子）,化学必修一,物质及其变化,第二节 离子反应,0.29
CHEMISTRY,验证计算过程-比例关系,验证计算过程（比例关系）,化学选必1,化学反应的热效应,第二节 反应热的计算,0.17
CHEMISTRY,浓度计算的常用方法,浓度计算的常用方法,化学选必1,化学反应的热效应,第二节 反应热的计算,0.25
CHEMISTRY,物质的化学键,物质的化学键,化学必修一,物质结构 元素周期律,第三节 化学键,0.60
CHEMISTRY,物质的量-阿伏加德罗常数,物质的量、阿伏加德罗常数,化学必修一,海水中的重要元素——钠和氯,第三节 物质的量,0.33
CHEMISTRY,有关物质的量浓度的计算,有关物质的量浓度的计算,化学必修一,海水中的重要元素——钠和氯,第三节 物质的量,0.38
CHEMISTRY,溶液的配制步骤,溶液的配制步骤,化学选必1,水溶液中的离子反应与平衡,第二节 水的电离和溶液的pH,0.25
CHEMISTRY,看-标准状况-下物质是否为-气体,看“标准状况”下物质是否为“气体”,化学选必2,晶体结构与性质,第一节 物质的聚集状态与晶体的常识,0.25
CHEMISTRY,溶液的配制误差分析,溶液的配制误差分析,化学选必1,水溶液中的离子反应与平衡,第二节 水的电离和溶液的pH,0.22
CHEMISTRY,在化学研究中-物质的量浓度是使用最广泛的一种表示溶液浓度的方法,在化学研究中，物质的量浓度是使用最广泛的一种表示溶液浓度的方法。,化学选必3,有机化合物的结构特点与研究方法,第二节 研究有机化合物的一般方法,0.29
CHEMISTRY,溶液的稀释和混合问题,溶液的稀释和混合问题,化学选必1,水溶液中的离子反应与平衡,第二节 水的电离和溶液的pH,0.18
CHEMISTRY,物质的量是高中化学常用的物理量-请完成以下有关计算-设na为阿伏加德罗常数的值,物质的量是高中化学常用的物理量，请完成以下有关计算(设NA为阿伏加德罗常数的值)：,化学必修一,海水中的重要元素——钠和氯,第三节 物质的量,0.15
CHEMISTRY,电解质及其分类,电解质及其分类,化学必修一,物质及其变化,第一节 物质的分类及转化,0.33
CHEMISTRY,电解质的电离,电解质的电离,化学选必1,水溶液中的离子反应与平衡,第一节 电离平衡,0.40
CHEMISTRY,电解质溶液的导电性,电解质溶液的导电性,化学选必1,水溶液中的离子反应与平衡,第二节 水的电离和溶液的pH,0.38
CHEMISTRY,连续型离子方程式的书写-分类分析法,连续型离子方程式的书写(分类分析法),化学选必3,合成高分子,第一节 合成高分子的基本方法,0.19
CHEMISTRY,竞争型离子方程式的书写-先强后弱法,竞争型离子方程式的书写(先强后弱法),化学选必3,合成高分子,第一节 合成高分子的基本方法,0.16
CHEMISTRY,配比型离子方程式的书写-少定多变法,配比型离子方程式的书写(少定多变法),化学选必3,合成高分子,第一节 合成高分子的基本方法,0.16
CHEMISTRY,常见阳离子的检验与推断依据,常见阳离子的检验与推断依据,化学必修一,物质及其变化,第二节 离子反应,0.20
CHEMISTRY,常见阴离子的检验与推断依据,常见阴离子的检验与推断依据,化学必修一,物质及其变化,第二节 离子反应,0.20
CHEMISTRY,电解质溶液的导电原理,电解质溶液的导电原理,化学选必1,水溶液中的离子反应与平衡,第二节 水的电离和溶液的pH,0.38
CHEMISTRY,金属导电和电解质溶液导电的对比,金属导电和电解质溶液导电的对比,化学选必1,水溶液中的离子反应与平衡,第二节 水的电离和溶液的pH,0.30
CHEMISTRY,离子方程式的正误判断方法,离子方程式的正误判断方法,化学选必3,合成高分子,第一节 合成高分子的基本方法,0.20
CHEMISTRY,分析离子能否大量共存必备知识,分析离子能否大量共存必备知识,化学必修一,物质及其变化,第二节 离子反应,0.17
CHEMISTRY,电解质概念和判断的几个-特殊点,电解质概念和判断的几个“特殊点”,化学选必3,有机化合物的结构特点与研究方法,第一节 有机化合物的结构特点,0.11
CHEMISTRY,电解质的电离的-易错点,电解质的电离的“易错点”,化学选必1,水溶液中的离子反应与平衡,第一节 电离平衡,0.20
CHEMISTRY,电解质导电性的-易错点,电解质导电性的“易错点”,化学选必2,分子结构与性质,第三节 分子结构与物质的性质,0.15
CHEMISTRY,电离方程式的-易错点,电离方程式的“易错点”,化学选必1,水溶液中的离子反应与平衡,第一节 电离平衡,0.17
CHEMISTRY,离子方程式题设错方式,离子方程式题设错方式,化学必修一,物质及其变化,第二节 离子反应,0.22
CHEMISTRY,离子共存的判断易错点,离子共存的判断易错点,化学必修一,物质及其变化,第二节 离子反应,0.20
CHEMISTRY,与量有关的离子方程式书写技巧,与量有关的离子方程式书写技巧,化学必修一,物质及其变化,第二节 离子反应,0.17
CHEMISTRY,离子共存问题解题要点,离子共存问题解题要点,化学必修一,物质及其变化,第二节 离子反应,0.22
CHEMISTRY,下列溶液中-离子一定能大量共存的有____________,下列溶液中，离子一定能大量共存的有____________。,化学选必1,水溶液中的离子反应与平衡,第二节 水的电离和溶液的pH,0.21
CHEMISTRY,常见的与量无关的离子反应,常见的与量无关的离子反应,化学必修一,物质及其变化,第二节 离子反应,0.50
CHEMISTRY,书写离子方程式应注意的问题,书写离子方程式应注意的问题,化学必修一,物质及其变化,第二节 离子反应,0.17
CHEMISTRY,电荷守恒在离子推断中的应用,电荷守恒在离子推断中的应用,化学必修一,物质及其变化,第二节 离子反应,0.22
CHEMISTRY,化学性质,化学性质,化学必修一,物质结构 元素周期律,第三节 化学键,0.40
CHEMISTRY,钠的制取及保存,钠的制取及保存,化学必修一,海水中的重要元素——钠和氯,第一节 钠及其化合物,0.12
CHEMISTRY,钠的用途,钠的用途,化学必修一,海水中的重要元素——钠和氯,第一节 钠及其化合物,0.20
CHEMISTRY,金属钠露置在空气中的变化过程,金属钠露置在空气中的变化过程,化学必修一,海水中的重要元素——钠和氯,第一节 钠及其化合物,0.15
CHEMISTRY,碳酸钠与碳酸氢钠的相互转化,碳酸钠与碳酸氢钠的相互转化,化学必修一,海水中的重要元素——钠和氯,第一节 钠及其化合物,0.20
CHEMISTRY,na2co3-nahco3的应用,Na2CO3、NaHCO3的应用,,,,0.00
CHEMISTRY,联合制碱法-侯氏制碱法,联合制碱法——侯氏制碱法,化学选必3,合成高分子,第一节 合成高分子的基本方法,0.15
CHEMISTRY,碱金属的一般性与特殊性,碱金属的一般性与特殊性,化学必修一,铁 金属材料,第二节 金属材料,0.20
CHEMISTRY,焰色反应,焰色反应,化学选必1,化学反应的热效应,第一节 反应热,0.25
CHEMISTRY,碱金属元素单质及其化合物有广泛用途,碱金属元素单质及其化合物有广泛用途,化学必修一,海水中的重要元素——钠和氯,第一节 钠及其化合物,0.23
CHEMISTRY,钠与水及酸-碱-盐溶液的反应,钠与水及酸、碱、盐溶液的反应,化学选必1,水溶液中的离子反应与平衡,第二节 水的电离和溶液的pH,0.30
CHEMISTRY,na2o2的性质及应用,Na2O2的性质及应用,化学选必2,分子结构与性质,第三节 分子结构与物质的性质,0.33
CHEMISTRY,碳酸钠-碳酸氢钠与酸反应的特点,碳酸钠、碳酸氢钠与酸反应的特点,化学选必3,有机化合物的结构特点与研究方法,第一节 有机化合物的结构特点,0.15
CHEMISTRY,nahco3与碱反应的应用,NaHCO3与碱反应的应用,化学选必1,化学反应的热效应,第一节 反应热,0.33
CHEMISTRY,制备原料,制备原料,化学选必1,化学反应与电能,第一节 原电池,0.17
CHEMISTRY,反应原理,反应原理,化学必修一,物质及其变化,第三节 氧化还原反应,0.40
CHEMISTRY,绿色思想-循环使用的物质为co2-饱和食盐水,绿色思想,化学必修二,化学与可持续发展,第三节 环境保护与绿色化学,0.20
CHEMISTRY,焰色试验的应用,焰色试验的应用,化学必修二,化学与可持续发展,第三节 环境保护与绿色化学,0.09
CHEMISTRY,钠和钠的氧化物易错知识点,钠和钠的氧化物易错知识点,化学必修一,海水中的重要元素——钠和氯,第一节 钠及其化合物,0.33
CHEMISTRY,碳酸钠和碳酸氢钠易错知识点,碳酸钠和碳酸氢钠易错知识点,化学选必3,生物大分子,第三节 核酸,0.11
CHEMISTRY,碱金属元素易错知识点,碱金属元素易错知识点,化学必修一,铁 金属材料,第二节 金属材料,0.18
CHEMISTRY,焰色试验-易错点,焰色试验“易错点”,化学必修二,化学与可持续发展,第三节 环境保护与绿色化学,0.06
CHEMISTRY,过氧化钠的性质与探究,过氧化钠的性质与探究,化学必修一,海水中的重要元素——钠和氯,第一节 钠及其化合物,0.20
CHEMISTRY,na22,Na22,,,,0.00
CHEMISTRY,金属钠与二氧化碳反应的实验步骤及现象如下表,金属钠与二氧化碳反应的实验步骤及现象如下表：,化学必修一,物质及其变化,第三节 氧化还原反应,0.18
CHEMISTRY,na2co3-nahco3与酸反应的图像分析,Na2CO3、NaHCO3与酸反应的图像分析,化学选必1,化学反应的热效应,第一节 反应热,0.20
CHEMISTRY,从化合价的角度认识cl2的化学性质-歧化反应,从化合价的角度认识Cl2的化学性质——歧化反应,化学必修二,化学反应与能量,第二节 化学反应的速率与限度,0.31
CHEMISTRY,次氯酸和次氯酸盐,次氯酸和次氯酸盐,化学选必3,生物大分子,第三节 核酸,0.20
CHEMISTRY,cl2的实验室制法,Cl2的实验室制法,化学选必3,合成高分子,第一节 合成高分子的基本方法,0.08
CHEMISTRY,工业制法,工业制法,化学选必3,合成高分子,第一节 合成高分子的基本方法,0.09
CHEMISTRY,卤族元素,卤族元素,化学必修一,物质结构 元素周期律,第二节 元素周期律,0.29
CHEMISTRY,卤素离子的检验方法,卤素离子的检验方法,化学选必3,合成高分子,第一节 合成高分子的基本方法,0.23
CHEMISTRY,海水提取溴,海水提取溴,化学选必1,水溶液中的离子反应与平衡,第三节 盐类的水解,0.14
CHEMISTRY,海带中提取碘,海带中提取碘,,,,0.00
CHEMISTRY,实验室制取氯气装置的改进,实验室制取氯气装置的改进,化学必修一,海水中的重要元素——钠和氯,第二节 氯及其化合物,0.07
CHEMISTRY,实验室用mno2和浓盐酸制取cl2时注意-四点,实验室用MnO2和浓盐酸制取Cl2时注意“四点”,化学选必3,生物大分子,第三节 核酸,0.06
CHEMISTRY,卤族元素的易错点,卤族元素的易错点,化学必修一,物质结构 元素周期律,第二节 元素周期律,0.20
CHEMISTRY,从海水中提取物质的思路,从海水中提取物质的思路,化学必修一,海水中的重要元素——钠和氯,第三节 物质的量,0.22
CHEMISTRY,含氯消毒剂的计算与比较,含氯消毒剂的计算与比较,化学选必1,化学反应的热效应,第二节 反应热的计算,0.18
CHEMISTRY,制取cl2装置的创新,制取Cl2装置的创新,,,,0.00
CHEMISTRY,从原子结构角度认识氯气的氧化性,从原子结构角度认识氯气的氧化性,化学选必2,原子结构与性质,第一节 原子结构,0.36
CHEMISTRY,氯及其化合物的知识盲点,氯及其化合物的知识盲点,化学必修一,海水中的重要元素——钠和氯,第二节 氯及其化合物,0.57
CHEMISTRY,铁的物理性质,铁的物理性质,化学选必2,分子结构与性质,第三节 分子结构与物质的性质,0.43
CHEMISTRY,铁的化学性质,铁的化学性质,化学必修一,物质结构 元素周期律,第三节 化学键,0.33
CHEMISTRY,在指定条件下-下列有关铁单质的转化不能实现的是,在指定条件下，下列有关铁单质的转化不能实现的是(    ),化学必修一,物质及其变化,第一节 物质的分类及转化,0.19
CHEMISTRY,铁盐的性质及应用,铁盐的性质及应用,化学选必2,分子结构与性质,第三节 分子结构与物质的性质,0.25
CHEMISTRY,fe2-fe3-的检验方法,Fe2＋、Fe3＋的检验方法,化学选必3,合成高分子,第一节 合成高分子的基本方法,0.18
CHEMISTRY,fe2-与fe3-的相互转化,Fe2＋与Fe3＋的相互转化,化学必修一,物质及其变化,第一节 物质的分类及转化,0.25
CHEMISTRY,菠菜常用作补铁食品之一-为探究其中铁元素的价态-现进行如下实验,菠菜常用作补铁食品之一，为探究其中铁元素的价态，现进行如下实验。,化学必修一,物质结构 元素周期律,第二节 元素周期律,0.09
CHEMISTRY,铁的制备和性质,铁的制备和性质,化学选必2,分子结构与性质,第三节 分子结构与物质的性质,0.22
CHEMISTRY,铁与水蒸气反应的注意事项,铁与水蒸气反应的注意事项,化学选必1,化学反应的热效应,第一节 反应热,0.10
CHEMISTRY,从化合价的角度判断铁的氧化物和氢氧化物的性质,从化合价的角度判断铁的氧化物和氢氧化物的性质,化学必修一,铁 金属材料,第一节 铁及其化合物,0.31
CHEMISTRY,铁的氢氧化物的稳定性,铁的氢氧化物的稳定性,化学必修一,铁 金属材料,第一节 铁及其化合物,0.33
CHEMISTRY,有关fe2-fe3-的水解问题,有关Fe2＋、Fe3＋的水解问题,化学选必1,水溶液中的离子反应与平衡,第三节 盐类的水解,0.14
CHEMISTRY,在fecl3-cucl2混合溶液中-加入铁粉与铜粉的混合物,在FeCl3、CuCl2混合溶液中，加入铁粉与铜粉的混合物。,化学必修一,铁 金属材料,第一节 铁及其化合物,0.27
CHEMISTRY,横向变化体现了同价态不同的类别-氧化物-碱-盐-物质之间的转化,价类二维图的横向转化规律,化学必修一,物质及其变化,第一节 物质的分类及转化,0.23
CHEMISTRY,斜向变化体现不同价态-不同类别之间物质的转化-主要体现物质的氧化性或还原性,价类二维图的斜向转化规律,化学必修一,物质及其变化,第一节 物质的分类及转化,0.23
CHEMISTRY,铁-铁的氧化物和氢氧化物的易错点,铁、铁的氧化物和氢氧化物的易错点,化学必修一,铁 金属材料,第一节 铁及其化合物,0.33
CHEMISTRY,铁盐和亚铁盐的性质和检验易错点,铁盐和亚铁盐的性质和检验易错点,化学选必2,分子结构与性质,第三节 分子结构与物质的性质,0.14
CHEMISTRY,铁的氧化物组成的确定,铁的氧化物组成的确定,化学必修一,铁 金属材料,第一节 铁及其化合物,0.33
CHEMISTRY,fe-oh-2的制备,Fe(OH)2的制备,,,,0.00
CHEMISTRY,铁三角-中的转化关系,“铁三角”中的转化关系,化学必修一,铁 金属材料,第一节 铁及其化合物,0.18
CHEMISTRY,铁的原子结构和存在,铁的原子结构和存在,化学选必2,原子结构与性质,第一节 原子结构,0.67
CHEMISTRY,铁及其化合物的转化,铁及其化合物的转化,化学必修一,铁 金属材料,第一节 铁及其化合物,0.80
CHEMISTRY,铁及其化合物的转化关系,铁及其化合物的转化关系,化学必修一,铁 金属材料,第一节 铁及其化合物,0.57
CHEMISTRY,有关铁及其化合物的除杂,有关铁及其化合物的除杂,化学必修一,铁 金属材料,第一节 铁及其化合物,0.57
CHEMISTRY,电解和电解池,电解和电解池,化学选必1,化学反应与电能,第二节 电解池,1.00
CHEMISTRY,电解饱和食盐水-氯碱工业,电解饱和食盐水——氯碱工业,化学选必1,水溶液中的离子反应与平衡,第三节 盐类的水解,0.20
CHEMISTRY,金属腐蚀的类型,金属腐蚀的类型,化学选必1,化学反应与电能,第三节 金属的腐蚀与防护,0.57
CHEMISTRY,金属电化学腐蚀规律,金属电化学腐蚀规律,化学选必1,化学反应与电能,第三节 金属的腐蚀与防护,0.36
CHEMISTRY,其他防护方法,其他防护方法,化学选必1,化学反应与电能,第三节 金属的腐蚀与防护,0.22
CHEMISTRY,简单的电镀实验,简单的电镀实验,化学选必1,化学反应与电能,第二节 电解池,0.20
CHEMISTRY,了解电镀原理,了解电镀原理,化学选必1,化学反应与电能,第一节 原电池,0.50
CHEMISTRY,查阅资料-了解工业生产中提高电镀质量的方法,查阅资料，了解工业生产中提高电镀质量的方法,化学选必3,合成高分子,第一节 合成高分子的基本方法,0.14
CHEMISTRY,设计和制作一个氢氧燃料电池,设计和制作一个氢氧燃料电池,化学选必1,化学反应与电能,第二节 电解池,0.17
CHEMISTRY,mol-l-1-na2so4溶液-酚酞溶液,mol·L－1 Na2SO4溶液、酚酞溶液,化学选必1,水溶液中的离子反应与平衡,第二节 水的电离和溶液的pH,0.25
CHEMISTRY,电解水,电解水,化学选必1,水溶液中的离子反应与平衡,第二节 水的电离和溶液的pH,0.40
CHEMISTRY,制作一个氢氧燃料电池,制作一个氢氧燃料电池,化学选必1,化学反应与电能,第二节 电解池,0.20
CHEMISTRY,电化学综合计算的三种常用方法,电化学综合计算的三种常用方法,化学选必3,有机化合物的结构特点与研究方法,第二节 研究有机化合物的一般方法,0.24
CHEMISTRY,电解原理易错点,电解原理易错点,化学选必1,化学反应与电能,第一节 原电池,0.33
CHEMISTRY,电解原理应用的四点注意事项,电解原理应用的四点注意事项,化学选必1,化学反应与电能,第一节 原电池,0.22
CHEMISTRY,分析电解过程的思维程序,分析电解过程的思维程序,化学选必1,化学反应与电能,第二节 电解池,0.14
CHEMISTRY,电解池工作原理-以电解cucl2溶液为例,电解池工作原理(以电解CuCl2溶液为例),化学选必1,化学反应与电能,第一节 原电池,0.38
CHEMISTRY,金属腐蚀的本质,金属腐蚀的本质,化学选必1,化学反应与电能,第三节 金属的腐蚀与防护,0.50
CHEMISTRY,能源与科学-技术-社会密不可分-下列装置或过程能实现电能转化为化学能的是,能源与科学、技术、社会密不可分。下列装置或过程能实现电能转化为化学能的是,化学必修二,化学反应与能量,第一节 化学反应与能量变化,0.12
CHEMISTRY,镁的化学性质,镁的化学性质,化学必修一,物质结构 元素周期律,第三节 化学键,0.33
CHEMISTRY,镁的重要化合物,镁的重要化合物,化学必修一,海水中的重要元素——钠和氯,第一节 钠及其化合物,0.43
CHEMISTRY,海水提取镁,海水提取镁,化学选必1,水溶液中的离子反应与平衡,第三节 盐类的水解,0.14
CHEMISTRY,单质铜的化学性质,单质铜的化学性质,化学必修一,物质结构 元素周期律,第三节 化学键,0.33
CHEMISTRY,氢氧化铜,氢氧化铜,化学必修一,物质及其变化,第三节 氧化还原反应,0.29
CHEMISTRY,铜盐,铜盐,化学选必1,水溶液中的离子反应与平衡,第三节 盐类的水解,0.25
CHEMISTRY,合金的概念及性能,合金的概念及性能,化学选必3,烃的衍生物,第五节 有机合成,0.12
CHEMISTRY,金属矿物的开发利用,金属矿物的开发利用,化学必修二,化学与可持续发展,第一节 自然资源的开发利用,0.27
CHEMISTRY,海水提镁的工艺流程分析,海水提镁的工艺流程分析,化学选必1,水溶液中的离子反应与平衡,第三节 盐类的水解,0.10
CHEMISTRY,铜及其化合物的性质,铜及其化合物的性质,化学必修一,海水中的重要元素——钠和氯,第一节 钠及其化合物,0.43
CHEMISTRY,红色物质cu和cu2o的检验,红色物质Cu和Cu2O的检验,化学必修一,海水中的重要元素——钠和氯,第三节 物质的量,0.29
CHEMISTRY,镁及其化合物的难点释疑,镁及其化合物的难点释疑,化学必修一,海水中的重要元素——钠和氯,第一节 钠及其化合物,0.33
CHEMISTRY,金属及其化合物的制备,金属及其化合物的制备,化学必修一,海水中的重要元素——钠和氯,第一节 钠及其化合物,0.38
CHEMISTRY,热重分析确定金属化合物的组成,热重分析确定金属化合物的组成,化学必修一,海水中的重要元素——钠和氯,第一节 钠及其化合物,0.25
CHEMISTRY,常见金属材料,常见金属材料,化学必修一,铁 金属材料,第二节 金属材料,1.00
CHEMISTRY,金属材料和金属的冶炼易错点,金属材料和金属的冶炼易错点,化学必修一,铁 金属材料,第二节 金属材料,0.44
CHEMISTRY,金属的冶炼-金属矿物的开发利用,金属的冶炼 金属矿物的开发利用,化学必修二,化学与可持续发展,第一节 自然资源的开发利用,0.23
CHEMISTRY,铜及其化合物的易错点,铜及其化合物的易错点,化学必修一,海水中的重要元素——钠和氯,第一节 钠及其化合物,0.38
CHEMISTRY,对角线规则,对角线规则,,,,0.00
CHEMISTRY,位-构-性-关系的应用,“位－构－性”关系的应用,化学选必2,分子结构与性质,第三节 分子结构与物质的性质,0.18
CHEMISTRY,微粒半径大小比较,微粒半径大小比较,,,,0.00
CHEMISTRY,元素金属性强弱的判断,元素金属性强弱的判断,化学选必2,原子结构与性质,第二节 原子结构与元素的性质,0.21
CHEMISTRY,元素非金属性强弱的判断,元素非金属性强弱的判断,化学必修二,化工生产中的重要非金属元素,第三节 无机非金属材料,0.21
CHEMISTRY,电离能的三个重要应用,电离能的三个重要应用,化学选必1,水溶液中的离子反应与平衡,第一节 电离平衡,0.22
CHEMISTRY,电负性的三个重要应用,电负性的三个重要应用,化学选必1,化学反应与电能,第二节 电解池,0.12
CHEMISTRY,掌握周期表的结构及周期表中的一些特殊规律,掌握周期表的结构及周期表中的一些特殊规律,化学必修一,物质结构 元素周期律,第一节 原子结构与元素周期表,0.33
CHEMISTRY,根据文字描述信息推断元素,根据文字描述信息推断元素,化学必修一,物质结构 元素周期律,第二节 元素周期律,0.13
CHEMISTRY,根据分子-离子-结构推断元素,根据分子（离子）结构推断元素,化学选必2,原子结构与性质,第二节 原子结构与元素的性质,0.38
CHEMISTRY,原子结构与元素周期表的关系,原子结构与元素周期表的关系,化学必修一,物质结构 元素周期律,第一节 原子结构与元素周期表,0.82
CHEMISTRY,主族元素的原子结构和元素性质的变化规律,主族元素的原子结构和元素性质的变化规律,化学选必2,原子结构与性质,第二节 原子结构与元素的性质,0.57
CHEMISTRY,元素周期表与原子结构的规律,元素周期表与原子结构的规律,化学必修一,物质结构 元素周期律,第一节 原子结构与元素周期表,0.82
CHEMISTRY,元素周期表的结构,元素周期表的结构,化学必修一,物质结构 元素周期律,第一节 原子结构与元素周期表,0.78
CHEMISTRY,元素周期表的应用,元素周期表的应用,化学必修一,物质结构 元素周期律,第二节 元素周期律,0.67
CHEMISTRY,元素周期律的内容及实质,元素周期律的内容及实质,化学必修一,物质结构 元素周期律,第二节 元素周期律,0.56
CHEMISTRY,元素周期表中元素的原子序数的差值关系,元素周期表中元素的原子序数的差值关系,化学必修一,物质结构 元素周期律,第一节 原子结构与元素周期表,0.47
CHEMISTRY,元素周期表及其应用易混易错点,元素周期表及其应用易混易错点,化学必修一,物质结构 元素周期律,第二节 元素周期律,0.40
CHEMISTRY,结合-片段型-元素周期表推断短周期主族元素,结合“片段型”元素周期表推断短周期主族元素,化学必修一,物质结构 元素周期律,第一节 原子结构与元素周期表,0.32
CHEMISTRY,元素周期表的-四个关系式,元素周期表的“四个关系式”,化学必修一,物质结构 元素周期律,第一节 原子结构与元素周期表,0.31
CHEMISTRY,元素的-位-构-性-关系,元素的“位—构—性”关系,化学选必2,原子结构与性质,第二节 原子结构与元素的性质,0.31
CHEMISTRY,元素的性质比较和判断易混易错点,元素的性质比较和判断易混易错点,化学选必2,原子结构与性质,第二节 原子结构与元素的性质,0.25
CHEMISTRY,硫单质,硫单质,化学必修一,海水中的重要元素——钠和氯,第三节 物质的量,0.25
CHEMISTRY,硫酸,硫酸,化学选必3,生物大分子,第三节 核酸,0.33
CHEMISTRY,硫酸是中学化学实验室的常见药品-其性质有,硫酸是中学化学实验室的常见药品，其性质有,化学必修二,化学与可持续发展,第二节 化学品的合理使用,0.23
CHEMISTRY,某小组同学设计实验实现几种价态硫元素的转化,某小组同学设计实验实现几种价态硫元素的转化。,化学必修一,物质结构 元素周期律,第三节 化学键,0.10
CHEMISTRY,熟练掌握溶解-过滤-蒸发等操作-认识化学方法在物质分离和提纯中的重要作用,物质分离提纯的基本操作,化学必修二,有机化合物,第四节 基本营养物质,0.36
CHEMISTRY,本实验中加入试剂的顺序是什么-按照其他顺序加入试剂能否达到同样的目的,本实验中加入试剂的顺序是什么？按照其他顺序加入试剂能否达到同样的目的？,化学必修二,化学反应与能量,第一节 化学反应与能量变化,0.04
CHEMISTRY,在实验操作②中为什么依次加入的试剂都要略微过量-实验操作④中加入盐酸的目的是什么,在实验操作②中为什么依次加入的试剂都要略微过量？实验操作④中加入盐酸的目的是什么？,化学选必3,生物大分子,第三节 核酸,0.04
CHEMISTRY,步骤③和步骤④的操作顺序能否颠倒-为什么,步骤③和步骤④的操作顺序能否颠倒？为什么？,化学必修二,化学反应与能量,第一节 化学反应与能量变化,0.05
CHEMISTRY,粗盐水中加入氯化钡溶液使s沉淀而除去-如何检验s是否沉淀完全,粗盐水中加入氯化钡溶液使S沉淀而除去，如何检验S是否沉淀完全？,化学选必1,水溶液中的离子反应与平衡,第二节 水的电离和溶液的pH,0.12
CHEMISTRY,硫化钠转化为单质硫,硫化钠转化为单质硫,化学必修一,物质及其变化,第一节 物质的分类及转化,0.43
CHEMISTRY,浓硫酸转化为二氧化硫,浓硫酸转化为二氧化硫,化学必修二,化工生产中的重要非金属元素,第一节 硫及其化合物,0.22
CHEMISTRY,硫转化为硫化亚铁,硫转化为硫化亚铁,化学必修一,铁 金属材料,第一节 铁及其化合物,0.29
CHEMISTRY,铁粉与硫粉在空气中混合燃烧时-可能发生哪些反应,铁粉与硫粉在空气中混合燃烧时，可能发生哪些反应？,化学必修一,铁 金属材料,第一节 铁及其化合物,0.10
CHEMISTRY,二氧化硫的尾气处理,二氧化硫的尾气处理,化学必修二,化工生产中的重要非金属元素,第一节 硫及其化合物,0.22
CHEMISTRY,so检验的易错点,SO检验的易错点,化学选必3,有机化合物的结构特点与研究方法,第一节 有机化合物的结构特点,0.08
CHEMISTRY,so2和co2的鉴别方法,SO2和CO2的鉴别方法,化学选必3,合成高分子,第一节 合成高分子的基本方法,0.20
CHEMISTRY,检验so2和co2同时存在的一般流程,检验SO2和CO2同时存在的一般流程,化学选必3,有机化合物的结构特点与研究方法,第二节 研究有机化合物的一般方法,0.12
CHEMISTRY,浓硫酸与金属的反应规律,浓硫酸与金属的反应规律,化学必修一,铁 金属材料,第二节 金属材料,0.20
CHEMISTRY,硫及其化合物之间的转化规律,硫及其化合物之间的转化规律,化学必修二,化工生产中的重要非金属元素,第一节 硫及其化合物,0.50
CHEMISTRY,硫及其重要化合物的知识盲点,硫及其重要化合物的知识盲点,化学必修二,化工生产中的重要非金属元素,第一节 硫及其化合物,0.44
CHEMISTRY,应用氧化还原反应的原理实现不同价态含硫物质的转化,应用氧化还原反应的原理实现不同价态含硫物质的转化,化学必修一,物质及其变化,第三节 氧化还原反应,0.31
CHEMISTRY,氮的氧化物,氮的氧化物,化学必修二,化工生产中的重要非金属元素,第二节 氮及其化合物,0.60
CHEMISTRY,nox是汽车尾气中的主要污染物之一,NOx是汽车尾气中的主要污染物之一,化学选必3,有机化合物的结构特点与研究方法,第二节 研究有机化合物的一般方法,0.11
CHEMISTRY,氨的化学性质,氨的化学性质,化学必修一,物质结构 元素周期律,第三节 化学键,0.33
CHEMISTRY,喷泉实验,喷泉实验,,,,0.00
CHEMISTRY,喷泉实验产物的浓度计算,喷泉实验产物的浓度计算,化学选必1,化学反应的热效应,第二节 反应热的计算,0.17
CHEMISTRY,铵盐及nh的检验,铵盐及NH的检验,化学选必1,水溶液中的离子反应与平衡,第三节 盐类的水解,0.17
CHEMISTRY,氨的实验室制法,氨的实验室制法,化学选必3,合成高分子,第一节 合成高分子的基本方法,0.08
CHEMISTRY,nh3是中学化学中唯一的碱性气体-能使湿润的-色石蕊试纸变,NH3是中学化学中唯一的碱性气体，能使湿润的　  　色石蕊试纸变　   　。,化学必修二,化学反应与能量,第一节 化学反应与能量变化,0.20
CHEMISTRY,典型含氮元素物质之间的相互转化,典型含氮元素物质之间的相互转化,化学必修一,物质及其变化,第一节 物质的分类及转化,0.33
CHEMISTRY,氮元素的价类二维图及转化关系,氮元素的价类二维图及转化关系,化学必修一,物质及其变化,第一节 物质的分类及转化,0.21
CHEMISTRY,形成喷泉的原理,形成喷泉的原理,化学选必1,化学反应与电能,第一节 原电池,0.14
CHEMISTRY,常见喷泉的类型,常见喷泉的类型,化学选必3,生物大分子,第一节 糖类,0.25
CHEMISTRY,常见的装置,常见的装置,,,,0.00
CHEMISTRY,原子经济性,原子经济性,化学选必2,原子结构与性质,第二节 原子结构与元素的性质,0.30
CHEMISTRY,碳中和,碳中和,,,,0.00
CHEMISTRY,n2o-no和no2等氮氧化物是空气污染物-含有氮氧化物的尾气需处理后才能排放,氮氧化物的污染与尾气处理,化学必修二,化工生产中的重要非金属元素,第二节 氮及其化合物,0.30
CHEMISTRY,工业上制备的盐酸显黄色是因为溶有fe3-而浓hno3显黄色是因为溶有no2,盐酸与浓硝酸显黄色的原因,化学选必3,生物大分子,第三节 核酸,0.10
CHEMISTRY,浓盐酸和浓氨水反应有白烟生成-常用于hcl和nh3的相互检验,浓盐酸与浓氨水的相互检验,化学选必1,水溶液中的离子反应与平衡,第三节 盐类的水解,0.20
CHEMISTRY,氮及化合物的-十大-误区,氮及化合物的“十大”误区,化学必修二,化工生产中的重要非金属元素,第二节 氮及其化合物,0.40
CHEMISTRY,验证某无色气体为no的方法是向无色气体中通入o2-或空气-无色气体变为红棕色,NO的检验方法,化学选必3,合成高分子,第一节 合成高分子的基本方法,0.20
CHEMISTRY,常温下-铁-铝遇浓硝酸能发生-钝化-并非不反应-故常温下浓硝酸可以用铁桶盛放,钝化现象及其应用,化学必修一,物质结构 元素周期律,第三节 化学键,0.17
CHEMISTRY,吸收氨气-或hcl-时要注意防止倒吸,吸收氨气(或HCl)时要注意防止倒吸,化学选必1,化学反应与电能,第三节 金属的腐蚀与防护,0.06
CHEMISTRY,硝酸与金属反应的规律,硝酸与金属反应的规律,化学必修一,铁 金属材料,第二节 金属材料,0.22
CHEMISTRY,金属与硝酸反应计算的四种方法,金属与硝酸反应计算的四种方法,化学选必1,化学反应的热效应,第二节 反应热的计算,0.25
CHEMISTRY,现象描述答题模板,现象描述答题模板,,,,0.00
CHEMISTRY,实验室闻cl2及其他气体的方法是怎样的,实验室闻Cl2及其他气体的方法是怎样的？,化学选必3,合成高分子,第一节 合成高分子的基本方法,0.11
CHEMISTRY,若某溶液中既含又含-请设计实验检验混合溶液中是否存在,若某溶液中既含又含，请设计实验检验混合溶液中是否存在。       。,化学选必1,水溶液中的离子反应与平衡,第二节 水的电离和溶液的pH,0.10
CHEMISTRY,c-si单质的存在形态-物理性质及用途,C、Si单质的存在形态、物理性质及用途,化学选必2,分子结构与性质,第三节 分子结构与物质的性质,0.30
CHEMISTRY,碳-硅单质的化学性质-还原性,碳、硅单质的化学性质——还原性,化学必修一,物质及其变化,第三节 氧化还原反应,0.30
CHEMISTRY,写出除去下列气体中混有的杂质-括号内为杂质-可采取的方法,写出除去下列气体中混有的杂质(括号内为杂质)可采取的方法：,化学选必2,晶体结构与性质,第一节 物质的聚集状态与晶体的常识,0.08
CHEMISTRY,硅酸和硅酸盐,硅酸和硅酸盐,化学选必3,生物大分子,第三节 核酸,0.25
CHEMISTRY,熟记硅及其化合物的特殊性质,熟记硅及其化合物的特殊性质,化学选必3,有机化合物的结构特点与研究方法,第一节 有机化合物的结构特点,0.29
CHEMISTRY,硅的工业制法,硅的工业制法,化学选必3,合成高分子,第一节 合成高分子的基本方法,0.08
CHEMISTRY,设计制备纯硅的实验题中重要的知识点,设计制备纯硅的实验题中重要的知识点,化学选必1,化学反应的热效应,第二节 反应热的计算,0.06
CHEMISTRY,碳-硅及其化合物的知识盲点,碳、硅及其化合物的知识盲点,化学必修一,海水中的重要元素——钠和氯,第一节 钠及其化合物,0.33
CHEMISTRY,硅及其化合物的-七大-误区,硅及其化合物的“七大”误区,化学必修一,海水中的重要元素——钠和氯,第一节 钠及其化合物,0.27
CHEMISTRY,硅酸盐改写成氧化物形式的方法,硅酸盐改写成氧化物形式的方法,化学选必3,有机化合物的结构特点与研究方法,第二节 研究有机化合物的一般方法,0.21
CHEMISTRY,各种硅酸的结构,各种硅酸的结构,化学选必2,原子结构与性质,第一节 原子结构,0.25
CHEMISTRY,写出除去下列固体粉末中混有杂质-括号内为杂质-可采取的方法-写出有关反应的方程式,写出除去下列固体粉末中混有杂质(括号内为杂质)可采取的方法，写出有关反应的方程式。,化学选必1,化学反应速率与化学平衡,第三节 化学反应的方向,0.07
CHEMISTRY,吸热反应和放热反应,吸热反应和放热反应,化学选必1,化学反应的热效应,第一节 反应热,0.50
CHEMISTRY,δh的计算公式,ΔH的计算公式,化学选必1,化学反应的热效应,第二节 反应热的计算,0.29
CHEMISTRY,在一定温度下-利用催化剂将nh3分解为n2和h2-相关化学键的键能数据如下,在一定温度下，利用催化剂将NH3分解为N2和H2。相关化学键的键能数据如下：,化学必修一,物质结构 元素周期律,第三节 化学键,0.18
CHEMISTRY,五步-书写热化学方程式,“五步”书写热化学方程式,化学选必1,化学反应速率与化学平衡,第三节 化学反应的方向,0.23
CHEMISTRY,盖斯定律的应用,盖斯定律的应用,化学必修一,物质结构 元素周期律,第二节 元素周期律,0.12
CHEMISTRY,主要依据,主要依据,,,,0.00
CHEMISTRY,主要方法,主要方法,化学选必3,合成高分子,第一节 合成高分子的基本方法,0.20
CHEMISTRY,规避两个易失分点,规避两个易失分点,化学选必3,有机化合物的结构特点与研究方法,第一节 有机化合物的结构特点,0.07
CHEMISTRY,δh与反应的-可逆性,ΔH与反应的“可逆性”,化学选必1,化学反应的热效应,第一节 反应热,0.12
CHEMISTRY,中和热测定注意事项,中和热测定注意事项,化学选必1,化学反应的热效应,第一节 反应热,0.12
CHEMISTRY,中和热-燃烧热的注意点,中和热、燃烧热的注意点,化学选必1,化学反应的热效应,第一节 反应热,0.14
CHEMISTRY,热化学方程式书写注意事项,热化学方程式书写注意事项,化学选必1,化学反应速率与化学平衡,第三节 化学反应的方向,0.21
CHEMISTRY,做到-五看-快速判断热化学方程式的正误,做到“五看”，快速判断热化学方程式的正误,化学选必1,化学反应速率与化学平衡,第一节 化学反应速率,0.16
CHEMISTRY,利用盖斯定律书写热化学方程式的一般步骤,利用盖斯定律书写热化学方程式的一般步骤,化学选必3,有机化合物的结构特点与研究方法,第二节 研究有机化合物的一般方法,0.18
CHEMISTRY,分析图像书写热化学方程式,分析图像书写热化学方程式,化学选必1,化学反应速率与化学平衡,第三节 化学反应的方向,0.25
CHEMISTRY,化学反应的热效应的易混易错点,化学反应的热效应的易混易错点,化学选必1,化学反应速率与化学平衡,第一节 化学反应速率,0.27
CHEMISTRY,反应热-焓变,反应热、焓变,化学选必1,化学反应的热效应,第一节 反应热,0.50
CHEMISTRY,反应热大小的比较,反应热大小的比较,化学选必1,化学反应的热效应,第一节 反应热,0.33
CHEMISTRY,反应热大小的比较规律,反应热大小的比较规律,化学选必1,化学反应的热效应,第一节 反应热,0.25
CHEMISTRY,基元反应,基元反应,化学选必1,化学反应的热效应,第一节 反应热,0.25
CHEMISTRY,反应机理,反应机理,化学选必1,化学反应的热效应,第一节 反应热,0.33
CHEMISTRY,过渡态理论,过渡态理论,化学选必2,晶体结构与性质,第一节 物质的聚集状态与晶体的常识,0.09
CHEMISTRY,催化剂与反应历程,催化剂与反应历程,化学必修一,物质及其变化,第三节 氧化还原反应,0.22
CHEMISTRY,能垒与决速步骤,能垒与决速步骤,化学选必1,化学反应速率与化学平衡,第一节 化学反应速率,0.11
CHEMISTRY,甲烷与氯气在光照条件下存在如下反应历程-表示电子,甲烷氯代反应的自由基历程,化学选必1,化学反应的热效应,第一节 反应热,0.09
CHEMISTRY,速率常数和速率方程,速率常数和速率方程,化学选必1,化学反应速率与化学平衡,第一节 化学反应速率,0.25
CHEMISTRY,化学反应速率及表示方法,化学反应速率及表示方法,化学选必1,化学反应速率与化学平衡,第一节 化学反应速率,0.56
CHEMISTRY,化学反应速率与化学计量数的关系,化学反应速率与化学计量数的关系,化学选必1,化学反应速率与化学平衡,第一节 化学反应速率,0.50
CHEMISTRY,化学反应速率的计算方法,化学反应速率的计算方法,化学选必1,化学反应速率与化学平衡,第一节 化学反应速率,0.56
CHEMISTRY,化学反应速率的测定,化学反应速率的测定,化学选必1,化学反应速率与化学平衡,第一节 化学反应速率,0.71
CHEMISTRY,外界条件对化学反应速率的影响规律,外界条件对化学反应速率的影响规律,化学选必1,化学反应速率与化学平衡,第一节 化学反应速率,0.38
CHEMISTRY,有效碰撞理论解释外因对化学反应速率的影响,有效碰撞理论解释外因对化学反应速率的影响,化学选必1,化学反应速率与化学平衡,第一节 化学反应速率,0.36
CHEMISTRY,化学反应速率及其计算,化学反应速率及其计算,化学选必1,化学反应速率与化学平衡,第一节 化学反应速率,0.71
CHEMISTRY,化学反应速率的比较,化学反应速率的比较,化学选必1,化学反应速率与化学平衡,第一节 化学反应速率,0.71
CHEMISTRY,催化剂与化学反应,催化剂与化学反应,化学选必1,化学反应速率与化学平衡,第一节 化学反应速率,0.43
CHEMISTRY,关于化学反应速率易错易混点,关于化学反应速率易错易混点,化学选必1,化学反应速率与化学平衡,第一节 化学反应速率,0.45
CHEMISTRY,认识外界因素对化学反应速率影响的误区,认识外界因素对化学反应速率影响的误区,化学选必1,化学反应速率与化学平衡,第一节 化学反应速率,0.38
CHEMISTRY,控制变量法探究影响化学反应速率的因素,控制变量法探究影响化学反应速率的因素,化学选必1,化学反应速率与化学平衡,第一节 化学反应速率,0.31
CHEMISTRY,若上述题目中的-1-4-改成一定温度下的恒压密闭容器-结果又如何,若上述题目中的(1)～(4)改成一定温度下的恒压密闭容器，结果又如何？,化学选必3,烃的衍生物,第五节 有机合成,0.04
CHEMISTRY,可逆反应的特点及应用,可逆反应的特点及应用,化学选必3,有机化合物的结构特点与研究方法,第一节 有机化合物的结构特点,0.18
CHEMISTRY,勒夏特列原理及应用,勒夏特列原理及应用,化学选必1,化学反应与电能,第一节 原电池,0.14
CHEMISTRY,催化剂-催化剂同等程度改变正逆反应速率-不影响平衡移动,催化剂：催化剂同等程度改变正逆反应速率，不影响平衡移动。,化学必修二,化学反应与能量,第二节 化学反应的速率与限度,0.23
CHEMISTRY,某温度下-在一恒容密闭容器中进行如下两个反应并达到平衡,某温度下，在一恒容密闭容器中进行如下两个反应并达到平衡：,化学选必1,化学反应速率与化学平衡,第二节 化学平衡,0.10
CHEMISTRY,工业上常用甲烷-水蒸气重整制备氢气-体系中发生如下反应,工业上常用甲烷、水蒸气重整制备氢气，体系中发生如下反应。,化学选必1,化学反应的热效应,第一节 反应热,0.05
CHEMISTRY,化学平衡状态的判断,化学平衡状态的判断,化学选必1,化学反应速率与化学平衡,第二节 化学平衡,0.50
CHEMISTRY,v-t图像分析改变条件对化学平衡的影响,v－t图像分析改变条件对化学平衡的影响,化学选必1,化学反应速率与化学平衡,第二节 化学平衡,0.33
CHEMISTRY,外界条件对化学平衡的影响,外界条件对化学平衡的影响,化学选必1,化学反应速率与化学平衡,第二节 化学平衡,0.40
CHEMISTRY,化学平衡状态的特征及判断,化学平衡状态的特征及判断,化学选必1,化学反应速率与化学平衡,第二节 化学平衡,0.40
CHEMISTRY,影响化学平衡的因素,影响化学平衡的因素,化学选必1,化学反应速率与化学平衡,第二节 化学平衡,0.50
CHEMISTRY,关于化学平衡状态的易错易混点,关于化学平衡状态的易错易混点,化学选必1,化学反应速率与化学平衡,第二节 化学平衡,0.33
CHEMISTRY,化学平衡移动方向和转化率的判断,化学平衡移动方向和转化率的判断,化学选必1,化学反应速率与化学平衡,第二节 化学平衡,0.33
CHEMISTRY,化学平衡移动的分析方法,化学平衡移动的分析方法,化学选必1,化学反应速率与化学平衡,第二节 化学平衡,0.50
CHEMISTRY,一次电池,一次电池,化学选必1,化学反应与电能,第二节 电解池,0.50
CHEMISTRY,二次电池,二次电池,化学选必1,化学反应与电能,第二节 电解池,0.50
CHEMISTRY,甲烷作燃料电池的负极反应物时-其电极反应式在不同的介质中有不同的写法,甲烷燃料电池的负极反应式（不同介质）,化学选必1,化学反应与电能,第二节 电解池,0.14
CHEMISTRY,手机-电脑的锂电池是一次电池还是二次电池,手机、电脑的锂电池是一次电池还是二次电池？,化学选必1,化学反应与电能,第二节 电解池,0.18
CHEMISTRY,o2作为原电池的正极反应物时-其电极反应在不同的介质中有不同的写法,氧燃料电池的正极反应式（不同介质）,化学选必1,化学反应与电能,第二节 电解池,0.15
CHEMISTRY,判断原电池正-负极的方法,判断原电池正、负极的方法,化学选必1,化学反应与电能,第一节 原电池,0.30
CHEMISTRY,已知总方程式-书写电极反应式,已知总方程式，书写电极反应式,化学选必1,化学反应速率与化学平衡,第三节 化学反应的方向,0.14
CHEMISTRY,可充电电池常考知识-10-点和易错知识-3-点,可充电电池常考知识“10”点和易错知识“3”点,化学选必1,化学反应与电能,第二节 电解池,0.18
CHEMISTRY,可充电电池题目的解答思路,可充电电池题目的解答思路,化学选必1,化学反应与电能,第二节 电解池,0.22
CHEMISTRY,在浓差电池中-为了限定某些离子的移动-常涉及到-离子交换膜,离子交换膜的作用,化学必修一,物质及其变化,第二节 离子反应,0.29
CHEMISTRY,浓差电池-的分析方法,“浓差电池”的分析方法,化学选必1,化学反应与电能,第二节 电解池,0.25
CHEMISTRY,原电池的工作原理-以zn-cu原电池为例,原电池的工作原理 （以Zn－Cu原电池为例）,化学选必1,化学反应与电能,第一节 原电池,0.50
CHEMISTRY,原电池原理的应用,原电池原理的应用,化学选必1,化学反应与电能,第一节 原电池,1.00
CHEMISTRY,原电池工作原理易错知识-10-点,原电池工作原理易错知识“10”点,化学选必1,化学反应与电能,第一节 原电池,0.27
CHEMISTRY,平衡常数的应用,平衡常数的应用,化学选必1,化学反应速率与化学平衡,第二节 化学平衡,0.40
CHEMISTRY,平衡转化率,平衡转化率,化学选必1,化学反应速率与化学平衡,第二节 化学平衡,0.50
CHEMISTRY,在一定温度下-已知以下三个反应的平衡常数,在一定温度下，已知以下三个反应的平衡常数,化学选必1,化学反应速率与化学平衡,第二节 化学平衡,0.14
CHEMISTRY,压强平衡常数,压强平衡常数,化学选必1,化学反应速率与化学平衡,第二节 化学平衡,0.29
CHEMISTRY,平衡常数和转化率的计算,平衡常数和转化率的计算,化学选必1,化学反应速率与化学平衡,第二节 化学平衡,0.33
CHEMISTRY,平衡常数与速率常数的有关计算,平衡常数与速率常数的有关计算,化学选必1,化学反应的热效应,第二节 反应热的计算,0.20
CHEMISTRY,利用nh3的还原性可以消除氮氧化物的污染-其中除去no的主要反应如下,利用NH3的还原性可以消除氮氧化物的污染，其中除去NO的主要反应如下：,化学必修一,物质及其变化,第三节 氧化还原反应,0.28
CHEMISTRY,压强平衡常数的计算,压强平衡常数的计算,化学选必1,化学反应的热效应,第二节 反应热的计算,0.22
CHEMISTRY,平衡常数的综合计算,平衡常数的综合计算,化学选必1,化学反应的热效应,第二节 反应热的计算,0.22
CHEMISTRY,书写下列化学反应的平衡常数表达式,书写下列化学反应的平衡常数表达式。,化学选必1,化学反应速率与化学平衡,第二节 化学平衡,0.33
CHEMISTRY,化学平衡常数,化学平衡常数,化学选必1,化学反应速率与化学平衡,第二节 化学平衡,0.80
CHEMISTRY,浓度商与化学平衡常数的表达式,浓度商与化学平衡常数的表达式,化学选必1,化学反应速率与化学平衡,第二节 化学平衡,0.36
CHEMISTRY,化学平衡常数的影响因素,化学平衡常数的影响因素,化学选必1,化学反应速率与化学平衡,第二节 化学平衡,0.44
CHEMISTRY,化学平衡常数及影响因素,化学平衡常数及影响因素,化学选必1,化学反应速率与化学平衡,第二节 化学平衡,0.44
CHEMISTRY,化学平衡常数的应用,化学平衡常数的应用,化学选必1,化学反应速率与化学平衡,第二节 化学平衡,0.80
CHEMISTRY,有关化学平衡常数易混易错点,有关化学平衡常数易混易错点,化学选必1,化学反应速率与化学平衡,第二节 化学平衡,0.40
CHEMISTRY,物质变化过程中的化学键变化,物质变化过程中的化学键变化,化学必修一,物质结构 元素周期律,第三节 化学键,0.38
CHEMISTRY,甲-乙-丙三种有机物的结构如下,甲、乙、丙三种有机物的结构,化学选必3,有机化合物的结构特点与研究方法,第一节 有机化合物的结构特点,0.31
CHEMISTRY,价层电子对互斥模型,价层电子对互斥模型,化学选必2,晶体结构与性质,第二节 分子晶体与共价晶体,0.20
CHEMISTRY,杂化轨道理论,杂化轨道理论,化学必修一,物质结构 元素周期律,第三节 化学键,0.14
CHEMISTRY,等电子原理,等电子原理,化学选必1,化学反应与电能,第一节 原电池,0.50
CHEMISTRY,键的极性和分子的极性,键的极性和分子的极性,化学选必2,分子结构与性质,第三节 分子结构与物质的性质,0.25
CHEMISTRY,有关分子的溶解性-解答下列各题,有关分子的溶解性，解答下列各题：,化学选必2,分子结构与性质,第三节 分子结构与物质的性质,0.17
CHEMISTRY,有关物质的熔-沸点-解答下列问题,有关物质的熔、沸点，解答下列问题。,化学必修一,海水中的重要元素——钠和氯,第三节 物质的量,0.18
CHEMISTRY,配位键,配位键,化学必修一,物质结构 元素周期律,第三节 化学键,0.20
CHEMISTRY,配位化合物,配位化合物,化学必修一,海水中的重要元素——钠和氯,第一节 钠及其化合物,0.50
CHEMISTRY,电子式的书写与判断,电子式的书写与判断,化学选必1,化学反应与电能,第二节 电解池,0.12
CHEMISTRY,下列化学用语正确的有___________,下列化学用语正确的有___________,化学必修一,物质结构 元素周期律,第三节 化学键,0.29
CHEMISTRY,键参数及其应用,键参数及其应用,化学必修一,物质结构 元素周期律,第三节 化学键,0.20
CHEMISTRY,分子空间构型,分子空间构型,化学选必2,分子结构与性质,第二节 分子的空间结构,0.80
CHEMISTRY,v2o5常用作so2转化为so3的催化剂,V2O5常用作SO2转化为SO3的催化剂,化学必修一,物质及其变化,第一节 物质的分类及转化,0.25
CHEMISTRY,配位键和配合物,配位键和配合物,化学选必2,晶体结构与性质,第四节 配合物与超分子,0.43
CHEMISTRY,有关化学键易错点,有关化学键易错点,化学必修一,物质结构 元素周期律,第三节 化学键,0.43
CHEMISTRY,分子-离子-的空间结构判断易混易错点,分子（离子）的空间结构判断易混易错点,化学选必2,分子结构与性质,第二节 分子的空间结构,0.42
CHEMISTRY,有关分子的性质的易混易错点,有关分子的性质的易混易错点,化学选必2,分子结构与性质,第三节 分子结构与物质的性质,0.27
CHEMISTRY,有关配合物的易混易错点,有关配合物的易混易错点,化学选必2,晶体结构与性质,第四节 配合物与超分子,0.30
CHEMISTRY,中心原子杂化类型的判断,中心原子杂化类型的判断,化学选必2,原子结构与性质,第一节 原子结构,0.20
CHEMISTRY,分子-或离子-空间结构的判断,分子(或离子)空间结构的判断,化学选必2,分子结构与性质,第二节 分子的空间结构,0.56
CHEMISTRY,键角大小的比较,键角大小的比较,化学必修一,物质结构 元素周期律,第三节 化学键,0.12
CHEMISTRY,分子间作用力对物质性质的影响,分子间作用力对物质性质的影响,化学选必2,分子结构与性质,第三节 分子结构与物质的性质,0.36
CHEMISTRY,影响分子溶解性的因素,影响分子溶解性的因素,化学选必2,原子结构与性质,第二节 原子结构与元素的性质,0.25
CHEMISTRY,化学键与物质的类别,化学键与物质的类别,化学必修一,物质及其变化,第一节 物质的分类及转化,0.50
CHEMISTRY,化学键的符号表征-电子式,化学键的符号表征——电子式,化学必修一,物质结构 元素周期律,第三节 化学键,0.30
CHEMISTRY,化学键对物质性质的影响,化学键对物质性质的影响,化学必修一,物质结构 元素周期律,第三节 化学键,0.38
CHEMISTRY,化学键与物质类别的关系,化学键与物质类别的关系,化学必修一,物质及其变化,第一节 物质的分类及转化,0.40
CHEMISTRY,共价键的分类,共价键的分类,化学选必2,分子结构与性质,第一节 共价键,0.75
CHEMISTRY,共价键及键参数易混易错点,共价键及键参数易混易错点,化学选必2,分子结构与性质,第一节 共价键,0.33
CHEMISTRY,分子间作用力,分子间作用力,化学选必2,分子结构与性质,第二节 分子的空间结构,0.29
CHEMISTRY,分子的性质,分子的性质,化学选必2,分子结构与性质,第三节 分子结构与物质的性质,0.50
CHEMISTRY,超分子,超分子,化学选必2,晶体结构与性质,第四节 配合物与超分子,0.40
CHEMISTRY,自发反应,自发反应,化学必修二,化学与可持续发展,第一节 自然资源的开发利用,0.25
CHEMISTRY,熵和熵变的含义,熵和熵变的含义,化学必修二,化学反应与能量,第一节 化学反应与能量变化,0.11
CHEMISTRY,合成氨反应的特点,合成氨反应的特点,化学选必3,烃的衍生物,第五节 有机合成,0.29
CHEMISTRY,提高合成氨反应速率和平衡转化率的条件比较,提高合成氨反应速率和平衡转化率的条件比较,化学选必1,化学反应速率与化学平衡,第一节 化学反应速率,0.24
CHEMISTRY,工业合成氨的适宜条件,工业合成氨的适宜条件,化学选必3,烃的衍生物,第五节 有机合成,0.20
CHEMISTRY,平衡类问题需考虑的几个方面,平衡类问题需考虑的几个方面,化学选必1,化学反应速率与化学平衡,第二节 化学平衡,0.14
CHEMISTRY,乙烯是石油化工最基本的原料之一,乙烯是石油化工最基本的原料之一,化学必修二,有机化合物,第二节 乙烯与有机高分子材料,0.19
CHEMISTRY,自由能与化学反应的方向,自由能与化学反应的方向,化学选必1,化学反应速率与化学平衡,第三节 化学反应的方向,0.62
CHEMISTRY,判断化学反应的自发性,判断化学反应的自发性,化学选必1,化学反应速率与化学平衡,第一节 化学反应速率,0.30
CHEMISTRY,工业生产中化学反应条件的选择,工业生产中化学反应条件的选择,化学选必1,化学反应速率与化学平衡,第一节 化学反应速率,0.23
CHEMISTRY,化学反应的方向和调控易混易错点,化学反应的方向和调控易混易错点,化学选必1,化学反应速率与化学平衡,第三节 化学反应的方向,0.45
CHEMISTRY,速率-时间图像,速率-时间图像,化学选必1,化学反应速率与化学平衡,第一节 化学反应速率,0.22
CHEMISTRY,全程速率-时间图像,全程速率—时间图像,化学选必1,化学反应速率与化学平衡,第一节 化学反应速率,0.18
CHEMISTRY,含量-或转化率-时间-温度-压强-图像,含量(或转化率)-时间-温度(压强)图像,化学必修二,化学反应与能量,第二节 化学反应的速率与限度,0.17
CHEMISTRY,含量-转化率-投料比图像,含量/转化率—投料比图像,化学必修一,物质及其变化,第一节 物质的分类及转化,0.15
CHEMISTRY,常规图像解题分析,常规图像解题分析,,,,0.00
CHEMISTRY,工业生产中的速率和平衡图像,工业生产中的速率和平衡图像,化学选必1,化学反应速率与化学平衡,第二节 化学平衡,0.17
CHEMISTRY,化工生产中的复杂图像分析,化工生产中的复杂图像分析,化学必修一,物质结构 元素周期律,第三节 化学键,0.10
CHEMISTRY,多重平衡体系类型,多重平衡体系类型,化学选必1,化学反应速率与化学平衡,第二节 化学平衡,0.22
CHEMISTRY,多重平衡体系规则,多重平衡体系规则,化学选必1,化学反应速率与化学平衡,第二节 化学平衡,0.20
CHEMISTRY,多重平衡体系解题技巧,多重平衡体系解题技巧,化学选必1,化学反应速率与化学平衡,第二节 化学平衡,0.18
CHEMISTRY,以fe3o4为原料炼铁-主要发生如下反应,以Fe3O4为原料炼铁，主要发生如下反应,化学必修一,物质及其变化,第三节 氧化还原反应,0.15
CHEMISTRY,一种新型煤气化燃烧集成制氢发生的主要反应如下,一种新型煤气化燃烧集成制氢发生的主要反应,化学必修一,物质及其变化,第三节 氧化还原反应,0.10
CHEMISTRY,物质的量-或浓度-时间图像,物质的量(或浓度)—时间图像,化学必修一,海水中的重要元素——钠和氯,第三节 物质的量,0.30
CHEMISTRY,依据官能团分类,依据官能团分类,化学选必3,生物大分子,第一节 糖类,0.14
CHEMISTRY,含官能团的链状有机物命名,含官能团的链状有机物命名,化学必修二,有机化合物,第一节 认识有机化合物,0.17
CHEMISTRY,苯的同系物的命名,苯的同系物的命名,化学必修一,海水中的重要元素——钠和氯,第三节 物质的量,0.12
CHEMISTRY,有机物分子分子式的确定,有机物分子分子式的确定,化学必修二,有机化合物,第一节 认识有机化合物,0.25
CHEMISTRY,同分异构现象和同分异构体,同分异构现象和同分异构体,化学选必2,原子结构与性质,第一节 原子结构,0.11
CHEMISTRY,简单有机物同分异构体的书写,简单有机物同分异构体的书写,化学选必3,有机化合物的结构特点与研究方法,第一节 有机化合物的结构特点,0.23
CHEMISTRY,一般步骤,一般步骤,化学选必3,有机化合物的结构特点与研究方法,第二节 研究有机化合物的一般方法,0.18
CHEMISTRY,命名原则,命名原则,化学选必1,化学反应与电能,第一节 原电池,0.17
CHEMISTRY,一些有机物的命名,一些有机物的命名,化学必修二,有机化合物,第一节 认识有机化合物,0.25
CHEMISTRY,有机物的分离和提纯,有机物的分离和提纯,化学必修二,有机化合物,第一节 认识有机化合物,0.29
CHEMISTRY,有机物组成和结构的确定,有机物组成和结构的确定,化学选必3,有机化合物的结构特点与研究方法,第一节 有机化合物的结构特点,0.33
CHEMISTRY,判断同分异构体数目的常用方法和思路,判断同分异构体数目的常用方法和思路,化学选必3,合成高分子,第一节 合成高分子的基本方法,0.11
CHEMISTRY,含苯环同分异构体数目的确定技巧,含苯环同分异构体数目的确定技巧,化学选必2,原子结构与性质,第一节 原子结构,0.06
CHEMISTRY,有机物分类易混易错点,有机物分类易混易错点,化学选必3,有机化合物的结构特点与研究方法,第一节 有机化合物的结构特点,0.25
CHEMISTRY,有机物命名易错点,有机物命名易错点,化学选必3,有机化合物的结构特点与研究方法,第一节 有机化合物的结构特点,0.25
CHEMISTRY,有机物分子式和结构确定易混易错点,有机物分子式和结构确定易混易错点,化学选必3,有机化合物的结构特点与研究方法,第一节 有机化合物的结构特点,0.33
CHEMISTRY,同系物-同分异构体的概念和判断易混易错点,同系物、同分异构体的概念和判断易混易错点,化学选必3,有机化合物的结构特点与研究方法,第一节 有机化合物的结构特点,0.16
CHEMISTRY,有多种同分异构体-同时满足下列条件的同分异构体有_____种-不考虑立体异构,有多种同分异构体，同时满足下列条件的同分异构体有_____种(不考虑立体异构)。,化学选必2,原子结构与性质,第一节 原子结构,0.05
CHEMISTRY,1-按系统命名法对下列有机物进行命名,(1)按系统命名法对下列有机物进行命名：,化学选必3,有机化合物的结构特点与研究方法,第二节 研究有机化合物的一般方法,0.17
CHEMISTRY,分离-提纯有机化合物常用的方法,分离、提纯有机化合物常用的方法,化学选必3,有机化合物的结构特点与研究方法,第二节 研究有机化合物的一般方法,0.46
CHEMISTRY,有机化合物中碳原子的成键特点,有机化合物中碳原子的成键特点,化学选必3,有机化合物的结构特点与研究方法,第一节 有机化合物的结构特点,0.46
CHEMISTRY,有机化合物中的共价键,有机化合物中的共价键,化学必修二,有机化合物,第一节 认识有机化合物,0.57
CHEMISTRY,有机化合物的空间结构,有机化合物的空间结构,化学选必3,有机化合物的结构特点与研究方法,第一节 有机化合物的结构特点,0.60
CHEMISTRY,有机物的分类和官能团的识别,有机物的分类和官能团的识别,化学必修二,有机化合物,第一节 认识有机化合物,0.22
CHEMISTRY,有机化合物的共面共线的判断,有机化合物的共面共线的判断,化学必修二,有机化合物,第一节 认识有机化合物,0.44
CHEMISTRY,有机物分子结构的确定,有机物分子结构的确定,化学选必2,分子结构与性质,第三节 分子结构与物质的性质,0.44
CHEMISTRY,4-溴甲基-1-环己烯的一种合成路线如下,4-溴甲基-1-环己烯的一种合成路线,化学选必3,合成高分子,第一节 合成高分子的基本方法,0.18
CHEMISTRY,1-根据的结构特征-预测其可能的化学性质,(1)根据的结构特征，预测其可能的化学性质,化学选必2,分子结构与性质,第三节 分子结构与物质的性质,0.25
CHEMISTRY,官能团的转化,官能团的转化,化学必修一,物质及其变化,第一节 物质的分类及转化,0.25
CHEMISTRY,一种药物中间体-h-的合成路线如下,一种药物中间体(H)的合成路线,化学选必3,烃的衍生物,第五节 有机合成,0.18
CHEMISTRY,根据试剂或特征现象推知官能团的种类,根据试剂或特征现象推知官能团的种类,化学选必3,生物大分子,第一节 糖类,0.06
CHEMISTRY,根据有机反应中定量关系推断官能团的数目,根据有机反应中定量关系推断官能团的数目,化学必修二,化学反应与能量,第一节 化学反应与能量变化,0.17
CHEMISTRY,依据题目提供的新信息进行推断未知有机物的结构,依据题目提供的新信息进行推断未知有机物的结构,化学选必3,有机化合物的结构特点与研究方法,第一节 有机化合物的结构特点,0.17
CHEMISTRY,黄酮哌酯是一种解痉药-可通过如下路线合成,黄酮哌酯是一种解痉药，可通过如下路线合成,化学选必3,烃的衍生物,第五节 有机合成,0.12
CHEMISTRY,常见有机反应类型总结,常见有机反应类型总结,化学选必3,有机化合物的结构特点与研究方法,第一节 有机化合物的结构特点,0.18
CHEMISTRY,依据反应条件判断有机反应类型,依据反应条件判断有机反应类型,化学选必1,化学反应的热效应,第一节 反应热,0.10
CHEMISTRY,常见的限制条件总结,常见的限制条件总结,化学选必2,原子结构与性质,第一节 原子结构,0.11
CHEMISTRY,隐含的限制条件-有机物分子的不饱和度-ω,隐含的限制条件——有机物分子的不饱和度(Ω),化学必修二,有机化合物,第一节 认识有机化合物,0.13
CHEMISTRY,限定条件下同分异构体的书写步骤,限定条件下同分异构体的书写步骤,化学选必2,原子结构与性质,第一节 原子结构,0.07
CHEMISTRY,支气管扩张药物特布他林-h-的一种合成路线如下,支气管扩张药物特布他林(H)的一种合成路线,化学选必3,有机化合物的结构特点与研究方法,第一节 有机化合物的结构特点,0.14
CHEMISTRY,常见有机合成路线,常见有机合成路线,化学选必3,烃的衍生物,第五节 有机合成,0.60
CHEMISTRY,有机合成中碳骨架的构建,有机合成中碳骨架的构建,化学选必3,烃的衍生物,第五节 有机合成,0.38
CHEMISTRY,有机合成路线的推断方法,有机合成路线的推断方法,化学选必3,烃的衍生物,第五节 有机合成,0.33
CHEMISTRY,明确有机物之间的转化关系-构建有机合成体系,明确有机物之间的转化关系，构建有机合成体系,化学选必3,有机化合物的结构特点与研究方法,第一节 有机化合物的结构特点,0.29
CHEMISTRY,解答有机合成及推断题的常用方法,解答有机合成及推断题的常用方法,化学选必3,烃的衍生物,第五节 有机合成,0.33
CHEMISTRY,分析有机合成与推断类题的-四要点,分析有机合成与推断类题的“四要点”,化学选必3,烃的衍生物,第五节 有机合成,0.25
CHEMISTRY,常见的氧化剂与还原剂,常见的氧化剂与还原剂,化学必修一,物质及其变化,第三节 氧化还原反应,0.67
CHEMISTRY,氢化钠-nah-广泛应用于工业生产,氢化钠(NaH)广泛应用于工业生产,化学必修一,海水中的重要元素——钠和氯,第一节 钠及其化合物,0.17
CHEMISTRY,氧化性-还原性的判断,氧化性、还原性的判断,化学必修一,物质及其变化,第三节 氧化还原反应,0.50
CHEMISTRY,氧化性-还原性强弱的比较,氧化性、还原性强弱的比较,化学必修一,物质及其变化,第三节 氧化还原反应,0.40
CHEMISTRY,根据反应事实判断性质的强弱,根据反应事实判断性质的强弱,化学选必2,分子结构与性质,第三节 分子结构与物质的性质,0.13
CHEMISTRY,实验室制备高铁酸钾-k2feo4-并探究其性质,实验室制备高铁酸钾(K2FeO4)并探究其性质,化学选必2,分子结构与性质,第三节 分子结构与物质的性质,0.11
CHEMISTRY,配平步骤,配平步骤,化学选必1,化学反应速率与化学平衡,第二节 化学平衡,0.17
CHEMISTRY,根据影响因素判断氧化性-还原性强弱的方法,根据影响因素判断氧化性、还原性强弱的方法,化学必修一,物质及其变化,第三节 氧化还原反应,0.22
CHEMISTRY,理解物质氧化性-还原性强弱的注意事项,理解物质氧化性、还原性强弱的注意事项,化学必修一,物质及其变化,第三节 氧化还原反应,0.29
CHEMISTRY,陌生化学方程式书写的思路,陌生化学方程式书写的思路,化学选必1,化学反应速率与化学平衡,第三节 化学反应的方向,0.23
CHEMISTRY,根据题给信息写出对应的方程式,根据题给信息写出对应的方程式,化学选必1,化学反应速率与化学平衡,第三节 化学反应的方向,0.07
CHEMISTRY,氧化性-还原性强弱比较易错点,氧化性、还原性强弱比较易错点,化学必修一,物质及其变化,第三节 氧化还原反应,0.31
CHEMISTRY,陌生情景下化学方程式书写技巧,陌生情景下化学方程式书写技巧,化学选必1,化学反应速率与化学平衡,第三节 化学反应的方向,0.20
CHEMISTRY,电子守恒法计算的原理,电子守恒法计算的原理,化学选必1,化学反应与电能,第一节 原电池,0.22
CHEMISTRY,电子守恒法计算的流程,电子守恒法计算的流程,化学选必1,化学反应的热效应,第二节 反应热的计算,0.18
CHEMISTRY,氧化还原反应中电子转移的表示方法,氧化还原反应中电子转移的表示方法,化学必修一,物质及其变化,第三节 氧化还原反应,0.38
CHEMISTRY,氧化还原反应规律及其应用,氧化还原反应规律及其应用,化学必修一,物质及其变化,第三节 氧化还原反应,0.71
CHEMISTRY,配平氧化还原反应方程式的三个-基本原则,配平氧化还原反应方程式的三个“基本原则”,化学必修一,物质及其变化,第三节 氧化还原反应,0.29
CHEMISTRY,氧化还原反应方程式的配平方法,氧化还原反应方程式的配平方法,化学必修一,物质及其变化,第三节 氧化还原反应,0.45
CHEMISTRY,假设法判断氧化还原反应能否进行的步骤,假设法判断氧化还原反应能否进行的步骤,化学必修一,物质及其变化,第三节 氧化还原反应,0.33
CHEMISTRY,三步法-配平缺项氧化还原反应化学方程式,“三步法”配平缺项氧化还原反应化学方程式,化学必修一,物质及其变化,第三节 氧化还原反应,0.29
CHEMISTRY,单质与氧化还原反应的关系,单质与氧化还原反应的关系,化学必修一,物质及其变化,第三节 氧化还原反应,0.62
CHEMISTRY,氧化还原反应概念的-易错点,氧化还原反应概念的“易错点”,化学必修一,物质及其变化,第三节 氧化还原反应,0.42
CHEMISTRY,复杂氧化还原反应的计算,复杂氧化还原反应的计算,化学必修一,物质及其变化,第三节 氧化还原反应,0.56
CHEMISTRY,强电解质与弱电解质,强电解质与弱电解质,化学选必1,化学反应与电能,第二节 电解池,0.20
CHEMISTRY,电离常数,电离常数,化学选必1,水溶液中的离子反应与平衡,第一节 电离平衡,0.40
CHEMISTRY,电离度,电离度,化学选必1,水溶液中的离子反应与平衡,第一节 电离平衡,0.40
CHEMISTRY,部分弱酸的电离常数如下表,部分弱酸的电离常数如下表：,化学选必1,水溶液中的离子反应与平衡,第一节 电离平衡,0.20
CHEMISTRY,相同ph-相同体积的一元强酸与一元弱酸的比较,相同pH、相同体积的一元强酸与一元弱酸的比较,化学选必3,生物大分子,第三节 核酸,0.08
CHEMISTRY,强酸与弱酸-强碱与弱碱稀释时的ph变化图像,强酸与弱酸、强碱与弱碱稀释时的pH变化图像,化学必修二,化学反应与能量,第一节 化学反应与能量变化,0.13
CHEMISTRY,判断弱酸的三种方法,判断弱酸的三种方法,化学选必3,合成高分子,第一节 合成高分子的基本方法,0.14
CHEMISTRY,有关电离常数计算的两种类型-以弱酸hx为例,有关电离常数计算的两种类型(以弱酸HX为例),化学选必1,化学反应的热效应,第二节 反应热的计算,0.14
CHEMISTRY,利用电离常数-k-巧判溶液稀释中有关粒子浓度比值大小,用电离常数判断稀释时粒子浓度比值,化学必修一,物质及其变化,第二节 离子反应,0.13
CHEMISTRY,常温下-下列事实不能说明nh3-h2o为弱电解质的是,常温下，下列事实不能说明NH3·H2O为弱电解质的是(　　),化学选必1,化学反应与电能,第二节 电解池,0.08
CHEMISTRY,弱电解质的电离平衡,弱电解质的电离平衡,化学选必1,水溶液中的离子反应与平衡,第一节 电离平衡,0.67
CHEMISTRY,电离平衡中的7个易错点,电离平衡中的7个易错点,化学选必1,水溶液中的离子反应与平衡,第一节 电离平衡,0.50
CHEMISTRY,常温下-几种弱酸的电离平衡常数如下表所示,常温下，几种弱酸的电离平衡常数如下表所示：,化学选必1,水溶液中的离子反应与平衡,第一节 电离平衡,0.29
CHEMISTRY,外界条件对电离平衡影响的四个不一定,外界条件对电离平衡影响的四个不一定,化学选必1,水溶液中的离子反应与平衡,第一节 电离平衡,0.27
CHEMISTRY,从-定性-和-定量-两个角度理解电离平衡,从“定性”和“定量”两个角度理解电离平衡,化学选必1,水溶液中的离子反应与平衡,第一节 电离平衡,0.31
CHEMISTRY,溶度积和离子积的关系,溶度积和离子积的关系,化学必修一,物质及其变化,第二节 离子反应,0.25
CHEMISTRY,ksp的影响因素,Ksp的影响因素,化学必修一,物质结构 元素周期律,第二节 元素周期律,0.12
CHEMISTRY,难溶电解质的ksp数值越小-表明在水中的溶解能力就越弱-这种说法对吗,难溶电解质的Ksp数值越小，表明在水中的溶解能力就越弱，这种说法对吗？,化学选必1,水溶液中的离子反应与平衡,第二节 水的电离和溶液的pH,0.13
CHEMISTRY,在饱和溶液中加入少量的溶液产生沉淀-若以ksp表示的溶度积常数-则平衡后溶液中,在饱和溶液中加入少量的溶液产生沉淀，若以Ksp表示的溶度积常数，则平衡后溶液中,化学选必1,水溶液中的离子反应与平衡,第四节 沉淀溶解平衡,0.24
CHEMISTRY,沉淀滴定法,沉淀滴定法,化学选必1,水溶液中的离子反应与平衡,第四节 沉淀溶解平衡,0.25
CHEMISTRY,有关ksp的易错点,有关Ksp的易错点,化学选必3,有机化合物的结构特点与研究方法,第一节 有机化合物的结构特点,0.09
CHEMISTRY,影响沉淀溶解平衡的因素,影响沉淀溶解平衡的因素,化学选必1,水溶液中的离子反应与平衡,第四节 沉淀溶解平衡,0.56
CHEMISTRY,沉淀溶解平衡的应用,沉淀溶解平衡的应用,化学选必1,水溶液中的离子反应与平衡,第四节 沉淀溶解平衡,1.00
CHEMISTRY,沉淀溶解平衡体系中相关计算方法,沉淀溶解平衡体系中相关计算方法,化学选必1,水溶液中的离子反应与平衡,第四节 沉淀溶解平衡,0.38
CHEMISTRY,沉淀溶解平衡易错六点,沉淀溶解平衡易错六点,化学选必1,水溶液中的离子反应与平衡,第四节 沉淀溶解平衡,0.56
CHEMISTRY,解沉淀溶解平衡图像题的三步骤,解沉淀溶解平衡图像题的三步骤,化学选必1,水溶液中的离子反应与平衡,第四节 沉淀溶解平衡,0.50
CHEMISTRY,溶液ph的计算,溶液pH的计算,化学选必1,化学反应的热效应,第二节 反应热的计算,0.33
CHEMISTRY,实验原理,实验原理,化学选必1,化学反应与电能,第一节 原电池,0.20
CHEMISTRY,酸碱中和滴定的关键,酸碱中和滴定的关键,化学选必3,生物大分子,第三节 核酸,0.14
CHEMISTRY,实验用品,实验用品,化学必修二,化学与可持续发展,第二节 化学品的合理使用,0.14
CHEMISTRY,滴定操作,滴定操作,,,,0.00
CHEMISTRY,滴定曲线,滴定曲线,,,,0.00
CHEMISTRY,误差分析,误差分析,,,,0.00
CHEMISTRY,盐溶液,盐溶液,化学选必1,水溶液中的离子反应与平衡,第二节 水的电离和溶液的pH,0.33
CHEMISTRY,混合溶液酸碱性的判断规律,混合溶液酸碱性的判断规律,化学选必1,水溶液中的离子反应与平衡,第二节 水的电离和溶液的pH,0.14
CHEMISTRY,巧抓-四点-突破酸碱中和滴定曲线中的粒子浓度关系,酸碱中和滴定曲线中粒子浓度关系的四个关键点,化学选必3,生物大分子,第三节 核酸,0.06
CHEMISTRY,ph试纸的规范使用,pH试纸的规范使用,化学必修二,化学与可持续发展,第二节 化学品的合理使用,0.11
CHEMISTRY,酸-碱稀释时的两个误区,酸、碱稀释时的两个误区,化学选必3,生物大分子,第三节 核酸,0.10
CHEMISTRY,酸碱中和滴定-八-个提醒,酸碱中和滴定“八”个提醒,化学选必3,生物大分子,第三节 核酸,0.09
CHEMISTRY,有关ph计算的一般思维模型,有关pH计算的一般思维模型,化学选必1,化学反应的热效应,第二节 反应热的计算,0.20
CHEMISTRY,抑制-促进水电离平衡的方法,抑制、促进水电离平衡的方法,化学选必1,水溶液中的离子反应与平衡,第一节 电离平衡,0.36
CHEMISTRY,水的离子积常数,水的离子积常数,化学必修一,物质及其变化,第二节 离子反应,0.33
CHEMISTRY,水的电离平衡移动的影响因素,水的电离平衡移动的影响因素,化学选必1,水溶液中的离子反应与平衡,第一节 电离平衡,0.36
CHEMISTRY,溶液的酸碱性,溶液的酸碱性,化学选必1,水溶液中的离子反应与平衡,第二节 水的电离和溶液的pH,0.25
CHEMISTRY,溶质为酸的溶液-oh-全部来自水的电离,溶质为酸的溶液,化学选必1,水溶液中的离子反应与平衡,第二节 水的电离和溶液的pH,0.29
CHEMISTRY,水电离出的离子浓度的计算,水电离出的离子浓度的计算,化学选必1,水溶液中的离子反应与平衡,第二节 水的电离和溶液的pH,0.29
CHEMISTRY,外界条件对水的电离平衡的影响,外界条件对水的电离平衡的影响,化学选必1,水溶液中的离子反应与平衡,第一节 电离平衡,0.36
CHEMISTRY,水的电离易错-七-点,水的电离易错“七”点,化学选必1,水溶液中的离子反应与平衡,第二节 水的电离和溶液的pH,0.27
CHEMISTRY,实质,实质,化学必修一,海水中的重要元素——钠和氯,第三节 物质的量,0.25
CHEMISTRY,盐类水解离子方程式的书写,盐类水解离子方程式的书写,化学选必1,水溶液中的离子反应与平衡,第三节 盐类的水解,0.30
CHEMISTRY,水解平衡常数-能水解的盐表示为ma,水解平衡常数(能水解的盐表示为MA),化学选必1,水溶液中的离子反应与平衡,第三节 盐类的水解,0.22
CHEMISTRY,盐类水解的影响因素,盐类水解的影响因素,化学选必1,水溶液中的离子反应与平衡,第三节 盐类的水解,0.43
CHEMISTRY,盐溶液蒸干灼烧时所得产物的判断,盐溶液蒸干灼烧时所得产物的判断,化学选必1,水溶液中的离子反应与平衡,第二节 水的电离和溶液的pH,0.12
CHEMISTRY,溶液中微粒浓度大小的比较,溶液中微粒浓度大小的比较,化学选必1,水溶液中的离子反应与平衡,第二节 水的电离和溶液的pH,0.15
CHEMISTRY,微粒浓度的大小比较理论依据,微粒浓度的大小比较理论依据,化学必修二,化学反应与能量,第二节 化学反应的速率与限度,0.06
CHEMISTRY,溶液中微粒种类的判断,溶液中微粒种类的判断,化学选必1,水溶液中的离子反应与平衡,第二节 水的电离和溶液的pH,0.18
CHEMISTRY,离子浓度大小比较的方法,离子浓度大小比较的方法,化学选必3,合成高分子,第一节 合成高分子的基本方法,0.20
CHEMISTRY,溶液中粒子等量关系-三大守恒,溶液中粒子等量关系——三大守恒,化学选必1,水溶液中的离子反应与平衡,第二节 水的电离和溶液的pH,0.14
CHEMISTRY,0-1-mol-l-1的na2co3溶液中各粒子浓度的关系,0.1 mol·L－1的Na2CO3溶液中各粒子浓度的关系：,化学选必1,水溶液中的离子反应与平衡,第二节 水的电离和溶液的pH,0.15
CHEMISTRY,0-1-mol-l-1的-nh4-2so4溶液中各粒子浓度的关系,0.1 mol·L－1的(NH4)2SO4溶液中各粒子浓度的关系：,化学选必1,水溶液中的离子反应与平衡,第二节 水的电离和溶液的pH,0.15
CHEMISTRY,盐类水解程度大小比较的规律,盐类水解程度大小比较的规律,化学选必1,水溶液中的离子反应与平衡,第三节 盐类的水解,0.27
CHEMISTRY,六种盐溶液蒸干后产物的判断,六种盐溶液蒸干后产物的判断,化学选必1,水溶液中的离子反应与平衡,第二节 水的电离和溶液的pH,0.13
CHEMISTRY,盐类水解的三个误区,盐类水解的三个误区,化学选必1,水溶液中的离子反应与平衡,第三节 盐类的水解,0.43
CHEMISTRY,盐类水解的规律及拓展应用,盐类水解的规律及拓展应用,化学选必1,水溶液中的离子反应与平衡,第三节 盐类的水解,0.43
CHEMISTRY,盐溶液酸碱性的判断,盐溶液酸碱性的判断,化学选必1,水溶液中的离子反应与平衡,第二节 水的电离和溶液的pH,0.18
CHEMISTRY,元素-核素-同位素,元素、核素、同位素,化学必修一,物质结构 元素周期律,第二节 元素周期律,0.25
CHEMISTRY,核外电子运动状态,核外电子运动状态,化学选必2,晶体结构与性质,第一节 物质的聚集状态与晶体的常识,0.14
CHEMISTRY,原子核外电子排布,原子核外电子排布,化学选必1,化学反应与电能,第一节 原电池,0.25
CHEMISTRY,基态原子核外电子排布的表示方法,基态原子核外电子排布的表示方法,化学选必3,合成高分子,第一节 合成高分子的基本方法,0.24
CHEMISTRY,核外电子运动状态的表示和判断,核外电子运动状态的表示和判断,化学选必2,晶体结构与性质,第一节 物质的聚集状态与晶体的常识,0.11
CHEMISTRY,核外电子运动状态和电子排布易错点,核外电子运动状态和电子排布易错点,化学选必2,晶体结构与性质,第一节 物质的聚集状态与晶体的常识,0.11
CHEMISTRY,电子数相等的粒子的判断与应用,电子数相等的粒子的判断与应用,化学选必1,化学反应与电能,第二节 电解池,0.12
CHEMISTRY,原子结构中微粒的关系及计算,原子结构中微粒的关系及计算,化学选必2,原子结构与性质,第一节 原子结构,0.40
CHEMISTRY,原子结构易混易错知识点,原子结构易混易错知识点,化学选必2,原子结构与性质,第一节 原子结构,0.44
CHEMISTRY,晶胞,晶胞,化学选必2,晶体结构与性质,第二节 分子晶体与共价晶体,0.17
CHEMISTRY,晶胞组成的计算-均摊法,晶胞组成的计算——均摊法,化学选必1,化学反应的热效应,第二节 反应热的计算,0.18
CHEMISTRY,过渡晶体与混合型晶体,过渡晶体与混合型晶体,化学选必2,晶体结构与性质,第二节 分子晶体与共价晶体,0.22
CHEMISTRY,碳元素的单质有多种形式-下图依次是c60-石墨和金刚石的结构图,碳元素的单质有多种形式，下图依次是C60、石墨和金刚石的结构图：,化学选必2,原子结构与性质,第二节 原子结构与元素的性质,0.25
CHEMISTRY,下列各图为几种晶体或晶胞的构型示意图,下列各图为几种晶体或晶胞的构型示意图。,化学选必2,晶体结构与性质,第二节 分子晶体与共价晶体,0.13
CHEMISTRY,晶体熔-沸点高低的比较方法,晶体熔、沸点高低的比较方法,化学选必3,合成高分子,第一节 合成高分子的基本方法,0.19
CHEMISTRY,物质的聚集状态,物质的聚集状态,化学选必2,晶体结构与性质,第一节 物质的聚集状态与晶体的常识,0.75
CHEMISTRY,晶体与非晶体,晶体与非晶体,化学选必2,晶体结构与性质,第二节 分子晶体与共价晶体,0.33
CHEMISTRY,晶体熔-沸点比较的解题思维流程,晶体熔、沸点比较的解题思维流程,化学选必2,晶体结构与性质,第二节 分子晶体与共价晶体,0.13
CHEMISTRY,脂肪烃的结构特点及通式,脂肪烃的结构特点及通式,化学选必3,有机化合物的结构特点与研究方法,第一节 有机化合物的结构特点,0.31
CHEMISTRY,烯烃的顺反异构,烯烃的顺反异构,化学选必3,烃,第二节 烯烃 炔烃,0.29
CHEMISTRY,烷烃的化学性质,烷烃的化学性质,化学选必3,烃,第一节 烷烃,0.33
CHEMISTRY,烯烃的化学性质,烯烃的化学性质,化学必修一,物质结构 元素周期律,第三节 化学键,0.29
CHEMISTRY,炔烃的化学性质,炔烃的化学性质,化学必修一,物质结构 元素周期律,第三节 化学键,0.29
CHEMISTRY,乙炔的实验室制法,乙炔的实验室制法,化学必修二,有机化合物,第三节 乙醇与乙酸,0.11
CHEMISTRY,有机物的结构可用键线式表示-如,有机物的结构可用键线式表示，如,化学选必3,有机化合物的结构特点与研究方法,第一节 有机化合物的结构特点,0.27
CHEMISTRY,苯的化学性质,苯的化学性质,化学必修一,物质结构 元素周期律,第三节 化学键,0.33
CHEMISTRY,苯的取代反应实验,苯的取代反应实验,化学选必1,化学反应的热效应,第一节 反应热,0.14
CHEMISTRY,苯的同系物的结构与性质,苯的同系物的结构与性质,化学选必2,分子结构与性质,第三节 分子结构与物质的性质,0.56
CHEMISTRY,石油的综合利用,石油的综合利用,化学选必3,烃的衍生物,第五节 有机合成,0.14
CHEMISTRY,煤的综合利用,煤的综合利用,化学选必3,烃的衍生物,第五节 有机合成,0.17
CHEMISTRY,天然气的综合利用,天然气的综合利用,化学必修二,化学与可持续发展,第一节 自然资源的开发利用,0.18
CHEMISTRY,脂肪烃的结构和性质,脂肪烃的结构和性质,化学选必2,分子结构与性质,第三节 分子结构与物质的性质,0.44
CHEMISTRY,石油裂解是一个复杂的过程-其产物为混合物-例如,石油裂解是一个复杂的过程，其产物为混合物,化学选必3,有机化合物的结构特点与研究方法,第二节 研究有机化合物的一般方法,0.15
CHEMISTRY,苯及其同系物的性质,苯及其同系物的性质,化学选必2,分子结构与性质,第三节 分子结构与物质的性质,0.33
CHEMISTRY,溴苯和硝基苯的制取实验,溴苯和硝基苯的制取实验,化学必修二,有机化合物,第四节 基本营养物质,0.08
CHEMISTRY,脂肪烃的结构和性质易混易错点,脂肪烃的结构和性质易混易错点,化学选必2,分子结构与性质,第三节 分子结构与物质的性质,0.31
CHEMISTRY,烃类的燃烧规律,烃类的燃烧规律,化学选必3,烃,第一节 烷烃,0.14
CHEMISTRY,芳香烃的用途及对环境的影响,芳香烃的用途及对环境的影响,化学选必3,烃,第三节 芳香烃,0.38
CHEMISTRY,芳香烃的结构和性质易混易错点,芳香烃的结构和性质易混易错点,化学选必2,分子结构与性质,第三节 分子结构与物质的性质,0.31
CHEMISTRY,以烯烃-炔烃为原料的有机合成,以烯烃、炔烃为原料的有机合成,化学选必3,烃,第二节 烯烃 炔烃,0.38
CHEMISTRY,苯分子的空间结构,苯分子的空间结构,化学选必2,分子结构与性质,第二节 分子的空间结构,0.83
CHEMISTRY,为了测定某卤代烃分子中所含有的卤素原子种类-可按下列步骤进行实验,为了测定某卤代烃分子中所含有的卤素原子种类，可按下列步骤进行实验：,化学选必3,烃的衍生物,第一节 卤代烃,0.14
CHEMISTRY,醇的概念及分类,醇的概念及分类,化学选必3,烃的衍生物,第二节 醇 酚,0.20
CHEMISTRY,醇的化学性质,醇的化学性质,化学必修一,物质结构 元素周期律,第三节 化学键,0.33
CHEMISTRY,醚的结构与性质,醚的结构与性质,化学选必2,分子结构与性质,第三节 分子结构与物质的性质,0.57
CHEMISTRY,酚的概念和物理性质,酚的概念和物理性质,化学选必2,分子结构与性质,第三节 分子结构与物质的性质,0.33
CHEMISTRY,苯酚的化学性质,苯酚的化学性质,化学必修一,物质结构 元素周期律,第三节 化学键,0.29
CHEMISTRY,醛-酮的概念,醛、酮的概念,化学选必3,烃的衍生物,第三节 醛 酮,0.50
CHEMISTRY,饱和一元醛-酮的通式,饱和一元醛、酮的通式,化学选必3,烃的衍生物,第三节 醛 酮,0.29
CHEMISTRY,几种重要的醛-酮,几种重要的醛、酮,化学选必3,烃的衍生物,第三节 醛 酮,0.33
CHEMISTRY,醛-酮的化学性质,醛、酮的化学性质,化学选必3,烃的衍生物,第三节 醛 酮,0.33
CHEMISTRY,醛的应用和对环境-健康产生的影响,醛的应用和对环境、健康产生的影响,化学必修二,化学与可持续发展,第三节 环境保护与绿色化学,0.13
CHEMISTRY,羧酸的组成和结构,羧酸的组成和结构,化学选必2,原子结构与性质,第一节 原子结构,0.25
CHEMISTRY,羧酸的化学性质,羧酸的化学性质,化学必修一,物质结构 元素周期律,第三节 化学键,0.29
CHEMISTRY,1-写出以乙醇为原料制备的化学方程式-无机试剂任选-并注明反应类型,(1)写出以乙醇为原料制备的化学方程式(无机试剂任选)并注明反应类型。,化学选必1,化学反应速率与化学平衡,第三节 化学反应的方向,0.16
CHEMISTRY,酯和油脂的结构和性质,酯和油脂的结构和性质,化学选必2,分子结构与性质,第三节 分子结构与物质的性质,0.44
CHEMISTRY,实验探究乙酸乙酯的制备,实验探究乙酸乙酯的制备,化学必修二,有机化合物,第三节 乙醇与乙酸,0.20
CHEMISTRY,油脂,油脂,,,,0.00
CHEMISTRY,胺-酰胺的结构和性质,胺、酰胺的结构和性质,化学选必2,分子结构与性质,第三节 分子结构与物质的性质,0.50
CHEMISTRY,酰胺,酰胺,,,,0.00
CHEMISTRY,醇的结构和性质,醇的结构和性质,化学选必2,分子结构与性质,第三节 分子结构与物质的性质,0.57
CHEMISTRY,酚的结构和性质,酚的结构和性质,化学选必2,分子结构与性质,第三节 分子结构与物质的性质,0.57
CHEMISTRY,醛和酮的结构和性质,醛和酮的结构和性质,化学选必2,分子结构与性质,第三节 分子结构与物质的性质,0.50
CHEMISTRY,羧酸的结构和性质,羧酸的结构和性质,化学选必2,分子结构与性质,第三节 分子结构与物质的性质,0.50
CHEMISTRY,酯化反应实验探究,酯化反应实验探究,化学必修一,物质及其变化,第三节 氧化还原反应,0.20
CHEMISTRY,一种2-甲基色酮内酯-y-可通过下列反应合成,一种2-甲基色酮内酯(Y)可通过下列反应合成：,化学选必3,合成高分子,第一节 合成高分子的基本方法,0.15
CHEMISTRY,胺-酰的结构和性质,胺、酰的结构和性质,化学选必2,分子结构与性质,第三节 分子结构与物质的性质,0.50
CHEMISTRY,醇和酚的结构和性质易混易错点,醇和酚的结构和性质易混易错点,化学选必2,分子结构与性质,第三节 分子结构与物质的性质,0.33
CHEMISTRY,醛和酮的结构和性质易混易错点,醛和酮的结构和性质易混易错点,化学选必2,分子结构与性质,第三节 分子结构与物质的性质,0.33
CHEMISTRY,羧酸和酯的结构和性质易混易错点,羧酸和酯的结构和性质易混易错点,化学选必2,分子结构与性质,第三节 分子结构与物质的性质,0.31
CHEMISTRY,胺和酰胺的结构和性质易混易错点,胺和酰胺的结构和性质易混易错点,化学选必2,分子结构与性质,第三节 分子结构与物质的性质,0.33
CHEMISTRY,已知两个醛分子在naoh溶液作用下可以发生加成反应-生成一种羟基醛,已知两个醛分子在NaOH溶液作用下可以发生加成反应，生成一种羟基醛：,化学选必3,合成高分子,第一节 合成高分子的基本方法,0.12
CHEMISTRY,有关醛的定量计算,有关醛的定量计算,化学选必1,化学反应的热效应,第二节 反应热的计算,0.25
CHEMISTRY,卤代烃的概念,卤代烃的概念,化学选必3,烃的衍生物,第一节 卤代烃,0.60
CHEMISTRY,卤代烃的物理性质,卤代烃的物理性质,化学选必3,烃的衍生物,第一节 卤代烃,0.50
CHEMISTRY,卤代烃的水解反应和消去反应,卤代烃的水解反应和消去反应,化学选必3,烃的衍生物,第一节 卤代烃,0.43
CHEMISTRY,卤代烃的用途与危害,卤代烃的用途与危害,化学选必3,烃的衍生物,第一节 卤代烃,0.50
CHEMISTRY,卤代烃在生产生活中具有广泛的应用,卤代烃在生产生活中具有广泛的应用,化学选必3,烃的衍生物,第一节 卤代烃,0.33
CHEMISTRY,卤代烃的性质及应用,卤代烃的性质及应用,化学选必3,烃的衍生物,第一节 卤代烃,0.60
CHEMISTRY,卤代烃的结构和性质易混易错点,卤代烃的结构和性质易混易错点,化学选必2,分子结构与性质,第三节 分子结构与物质的性质,0.31
CHEMISTRY,卤代烃在有机合成中的作用,卤代烃在有机合成中的作用,化学选必3,烃的衍生物,第一节 卤代烃,0.43
CHEMISTRY,醛-酮在有机合成中的应用,醛、酮在有机合成中的应用,化学选必3,烃的衍生物,第五节 有机合成,0.60
CHEMISTRY,糖类的组成和分类,糖类的组成和分类,化学选必3,生物大分子,第一节 糖类,0.50
CHEMISTRY,单糖,单糖,化学选必3,生物大分子,第一节 糖类,0.50
CHEMISTRY,多糖-淀粉与纤维素,多糖——淀粉与纤维素,化学选必3,生物大分子,第一节 糖类,0.12
CHEMISTRY,为了检验淀粉水解产物-某学生设计了如下实验方案,为了检验淀粉水解产物，某学生设计了如下实验方案,化学选必1,化学反应速率与化学平衡,第三节 化学反应的方向,0.11
CHEMISTRY,氨基酸的结构与性质,氨基酸的结构与性质,化学选必2,分子结构与性质,第三节 分子结构与物质的性质,0.44
CHEMISTRY,核酸的结构与性质,核酸的结构与性质,化学选必2,分子结构与性质,第三节 分子结构与物质的性质,0.50
CHEMISTRY,基本概念,单体、链节与聚合度,化学选必2,晶体结构与性质,第一节 物质的聚集状态与晶体的常识,0.17
CHEMISTRY,糖类的结构和性质,糖类的结构和性质,化学选必2,分子结构与性质,第三节 分子结构与物质的性质,0.50
CHEMISTRY,糖类的结构和性质易混易错点,糖类的结构和性质易混易错点,化学选必2,分子结构与性质,第三节 分子结构与物质的性质,0.33
CHEMISTRY,有关蛋白质的易混易错点,有关蛋白质的易混易错点,化学选必3,生物大分子,第二节 蛋白质,0.38
CHEMISTRY,聚合反应及聚合物单体的判断,聚合反应及聚合物单体的判断,化学选必2,晶体结构与性质,第一节 物质的聚集状态与晶体的常识,0.25
CHEMISTRY,蛋白质的结构与性质,蛋白质的结构与性质,化学选必2,分子结构与性质,第三节 分子结构与物质的性质,0.50
CHEMISTRY,蛋白质和氨基酸的结构与性质,蛋白质和氨基酸的结构与性质,化学选必2,分子结构与性质,第三节 分子结构与物质的性质,0.36
CHEMISTRY,合成高分子反应的化学方程式的书写,合成高分子反应的化学方程式的书写,化学选必3,合成高分子,第一节 合成高分子的基本方法,0.33
CHEMISTRY,合成高分子的结构和性质,合成高分子的结构和性质,化学选必2,分子结构与性质,第三节 分子结构与物质的性质,0.56
CHEMISTRY,有关合成高分子的易混易错点,有关合成高分子的易混易错点,化学选必3,合成高分子,第一节 合成高分子的基本方法,0.31
CHEMISTRY,高分子的分类及性质特点,高分子的分类及性质特点,化学选必2,分子结构与性质,第三节 分子结构与物质的性质,0.30
CHEMISTRY,铝元素的原子结构和存在,铝元素的原子结构和存在,化学选必2,原子结构与性质,第二节 原子结构与元素的性质,0.60
CHEMISTRY,铝的物理性质,铝的物理性质,化学选必2,分子结构与性质,第三节 分子结构与物质的性质,0.43
CHEMISTRY,铝的化学性质,铝的化学性质,化学必修一,物质结构 元素周期律,第三节 化学键,0.33
CHEMISTRY,铝的制备和用途,铝的制备和用途,,,,0.00
CHEMISTRY,氧化铝的性质与应用,氧化铝的性质与应用,化学必修一,物质及其变化,第一节 物质的分类及转化,0.25
CHEMISTRY,氢氧化铝的性质与制备,氢氧化铝的性质与制备,化学必修一,物质及其变化,第一节 物质的分类及转化,0.18
CHEMISTRY,从铝土矿提纯al2o3-碱溶法-的工艺流程,从铝土矿提纯Al2O3(碱溶法)的工艺流程,化学选必1,水溶液中的离子反应与平衡,第二节 水的电离和溶液的pH,0.06
CHEMISTRY,一种重要的复盐-明矾,一种重要的复盐——明矾,化学选必1,水溶液中的离子反应与平衡,第三节 盐类的水解,0.10
CHEMISTRY,工业上用某种氧化铝矿石-含fe2o3杂质-为原料冶炼铝的工艺流程如下,工业上用某种氧化铝矿石(含Fe2O3杂质)为原料冶炼铝的工艺流程如下：,化学必修一,物质及其变化,第三节 氧化还原反应,0.14
CHEMISTRY,中学化学中常见的既能与盐酸反应-又能与naoh溶液反应的物质,既与酸又与碱反应的常见物质,化学必修一,海水中的重要元素——钠和氯,第三节 物质的量,0.25
CHEMISTRY,氧化铝-氢氧化铝两性的重要应用,氧化铝、氢氧化铝两性的重要应用,化学必修一,物质及其变化,第三节 氧化还原反应,0.18
CHEMISTRY,基于-两性-类比推测be-zn及其化合物的性质,基于“两性”类比推测Be、Zn及其化合物的性质,化学必修一,物质及其变化,第一节 物质的分类及转化,0.27
CHEMISTRY,既能跟稀盐酸反应-又能跟氢氧化钠溶液反应的化合物是,既能跟稀盐酸反应，又能跟氢氧化钠溶液反应的化合物是(    ),化学必修一,海水中的重要元素——钠和氯,第一节 钠及其化合物,0.25
CHEMISTRY,铝及其化合物之间的性质与应用,铝及其化合物之间的性质与应用,化学必修一,海水中的重要元素——钠和氯,第一节 钠及其化合物,0.38
CHEMISTRY,含铝物质的制备和转化,含铝物质的制备和转化,化学必修一,物质及其变化,第一节 物质的分类及转化,0.44
CHEMISTRY,铝及其化合物的易错点,铝及其化合物的易错点,化学必修一,海水中的重要元素——钠和氯,第一节 钠及其化合物,0.38
CHEMISTRY,铝与酸-碱反应生成h2的定量关系,铝与酸、碱反应生成H2的定量关系,化学选必3,烃的衍生物,第四节 羧酸 羧酸衍生物,0.15
CHEMISTRY,等质量的铝与足量的盐酸-氢氧化钠溶液分别反应,等质量的铝与足量的盐酸、氢氧化钠溶液分别反应,化学必修一,物质及其变化,第三节 氧化还原反应,0.19
CHEMISTRY,一定量的铝分别与一定量的盐酸-氢氧化钠溶液反应,一定量的铝分别与一定量的盐酸、氢氧化钠溶液反应,化学必修一,物质及其变化,第三节 氧化还原反应,0.19
CHEMISTRY,足量的铝分别与等物质的量的hcl和naoh反应,足量的铝分别与等物质的量的HCl和NaOH反应,化学必修一,海水中的重要元素——钠和氯,第三节 物质的量,0.43
BIOLOGY,实验-使用高倍显微镜观察几种细胞,实验：使用高倍显微镜观察几种细胞,生物必修一,细胞的生命历程,第2节 细胞的分化,0.12
BIOLOGY,使用高倍显微镜观察细胞,使用高倍显微镜观察细胞,生物必修一,细胞的生命历程,第2节 细胞的分化,0.15
BIOLOGY,细胞的统一性,细胞的统一性,生物必修一,走近细胞,第2节 细胞的多样性和统一性,0.56
BIOLOGY,细胞是基本的生命系统,细胞是基本的生命系统,生物必修一,走近细胞,第1节 细胞是生命活动的基本单位,0.46
BIOLOGY,原核细胞和真核细胞,原核细胞和真核细胞★★★★☆,生物必修一,细胞的能量供应和利用,第3节 细胞呼吸的原理和应用,0.27
BIOLOGY,光学显微镜和电子显微镜,光学显微镜和电子显微镜,生物选必1,免疫调节,第4节 免疫学的应用,0.09
BIOLOGY,实验-检测生物组织中的糖类-脂肪和蛋白质,实验：检测生物组织中的糖类、脂肪和蛋白质★★★☆☆,生物必修一,组成细胞的分子,第3节 细胞中的糖类和脂质,0.19
BIOLOGY,细胞中的水,细胞中的水★★★☆☆,生物必修一,细胞的生命历程,第2节 细胞的分化,0.25
BIOLOGY,元素和化合物的相互推断-归纳总结,元素和化合物的相互推断（归纳总结）,生物必修一,组成细胞的分子,第1节 细胞中的元素和化合物,0.29
BIOLOGY,细胞中的元素,细胞中的元素,生物必修一,组成细胞的分子,第1节 细胞中的元素和化合物,0.44
BIOLOGY,细胞中的化合物,细胞中的化合物,生物必修一,组成细胞的分子,第1节 细胞中的元素和化合物,0.56
BIOLOGY,细胞中的无机盐,细胞中的无机盐,生物必修一,组成细胞的分子,第2节 细胞中的无机物,0.50
BIOLOGY,用高倍显微镜观察叶绿体和细胞质的流动,用高倍显微镜观察叶绿体和细胞质的流动★★☆☆☆,生物必修一,组成细胞的分子,第3节 细胞中的糖类和脂质,0.14
BIOLOGY,分泌蛋白的合成和运输,分泌蛋白的合成和运输,生物必修二,基因的表达,第1节 基因指导蛋白质的合成,0.29
BIOLOGY,细胞的生物膜系统,细胞的生物膜系统★★★☆☆,生物选必2,生态系统及其稳定性,第3节 生态系统的物质循环,0.27
BIOLOGY,细胞器的结构和功能,细胞器的结构和功能★★★☆☆,生物必修一,细胞的基本结构,第1节 细胞膜的结构和功能,0.50
BIOLOGY,辨析真正光合速率-净光合速率和呼吸速率,辨析真正光合速率、净光合速率和呼吸速率,生物必修一,细胞的能量供应和利用,第3节 细胞呼吸的原理和应用,0.13
BIOLOGY,c4植物-cam植物等特殊代谢类型,C4植物、CAM植物等特殊代谢类型,生物选必1,植物生命活动的调节,第1节 植物生长素,0.17
BIOLOGY,光合作用与细胞呼吸过程-物质和能量的关系,光合作用与细胞呼吸过程、物质和能量的关系,生物必修一,细胞的能量供应和利用,第4节 光合作用与能量转化,0.26
BIOLOGY,细胞周期,细胞周期,生物必修一,细胞的生命历程,第2节 细胞的分化,0.29
BIOLOGY,实验-观察根尖分生区组织细胞的有丝分裂,实验：观察根尖分生区组织细胞的有丝分裂,生物选必1,内环境与稳态,第1节 细胞生活的环境,0.16
BIOLOGY,膜的流动镶嵌模型,膜的流动镶嵌模型,生物选必2,生态系统及其稳定性,第2节 生态系统的能量流动,0.14
BIOLOGY,细胞核的结构和功能,细胞核的结构和功能★★★☆☆,生物必修一,细胞的基本结构,第3节 细胞核的结构和功能,0.64
BIOLOGY,细胞膜的结构和功能,细胞膜的结构和功能,生物必修一,细胞的基本结构,第1节 细胞膜的结构和功能,0.78
BIOLOGY,细胞膜-质膜-的功能,细胞膜（质膜）的功能,生物必修一,细胞的基本结构,第1节 细胞膜的结构和功能,0.50
BIOLOGY,细胞膜成分和结构的探究历程,细胞膜成分和结构的探究历程,生物必修一,细胞的基本结构,第1节 细胞膜的结构和功能,0.36
BIOLOGY,生物大分子以碳链为骨架,生物大分子以碳链为骨架★★☆☆☆,生物选必1,植物生命活动的调节,第1节 植物生长素,0.13
BIOLOGY,蛋白质的功能,蛋白质的功能★★★☆☆,生物选必3,基因工程,第4节 蛋白质工程的原理和应用,0.25
BIOLOGY,蛋白质相关计算题的总结,蛋白质相关计算题的总结,生物选必3,基因工程,第4节 蛋白质工程的原理和应用,0.20
BIOLOGY,蛋白质的基本单位-氨基酸,蛋白质的基本单位——氨基酸,生物必修二,基因的表达,第1节 基因指导蛋白质的合成,0.27
BIOLOGY,蛋白质的结构及其多样性,蛋白质的结构及其多样性,生物选必3,基因工程,第4节 蛋白质工程的原理和应用,0.23
BIOLOGY,蛋白质相关计算题,蛋白质相关计算题,生物选必3,基因工程,第4节 蛋白质工程的原理和应用,0.23
BIOLOGY,核酸是由核苷酸连接而成的长链,核酸是由核苷酸连接而成的长链★★☆☆☆,生物必修一,组成细胞的分子,第5节 核酸是遗传信息的携带者,0.10
BIOLOGY,比较细胞中的生物大分子,比较细胞中的生物大分子,生物必修一,组成细胞的分子,第2节 细胞中的无机物,0.25
BIOLOGY,dna-rna-蛋白质等的水解产物和氧化产物-归纳总结,DNA、RNA、蛋白质的水解产物与氧化产物,生物选必3,基因工程,第4节 蛋白质工程的原理和应用,0.23
BIOLOGY,物质出入细胞的方式,物质出入细胞的方式★★★☆☆,生物必修一,组成细胞的分子,第2节 细胞中的无机物,0.21
BIOLOGY,主动运输的类型,主动运输的类型,生物必修一,细胞的物质输入和输出,第2节 主动运输与胞吞、胞吐,0.40
BIOLOGY,动物细胞的吸水和失水,动物细胞的吸水和失水★★☆☆☆,生物选必3,细胞工程,第2节 动物细胞工程,0.31
BIOLOGY,成熟植物细胞的吸水和失水,成熟植物细胞的吸水和失水★★☆☆☆,生物选必3,细胞工程,第1节 植物细胞工程,0.27
BIOLOGY,肺炎链球菌转化实验,肺炎链球菌转化实验,生物必修一,细胞的能量供应和利用,第4节 光合作用与能量转化,0.12
BIOLOGY,噬菌体侵染细菌实验,噬菌体侵染细菌实验,生物必修二,基因和染色体的关系,第2节 基因在染色体上,0.15
BIOLOGY,酶在代谢中的作用,酶在代谢中的作用,生物必修二,基因和染色体的关系,第1节 减数分裂和受精作用,0.09
BIOLOGY,探究酶的专一性-高效性相关实验,探究酶的专一性、高效性相关实验,生物必修二,遗传因子的发现,第1节 孟德尔的豌豆杂交实验（一）,0.14
BIOLOGY,组-反应物-酶1溶液反应物被分解,组：反应物＋酶1溶液反应物被分解。,生物必修一,细胞的能量供应和利用,第1节 降低化学反应活化能的酶,0.12
BIOLOGY,酶的作用和本质,酶的作用和本质,生物选必3,基因工程,第2节 基因工程的基本操作程序,0.17
BIOLOGY,与酶有关的曲线分析,与酶有关的曲线分析,生物选必1,体液调节,第3节 体液调节与神经调节的关系,0.08
BIOLOGY,酶的特性及探究实验,酶的特性及探究实验,生物选必1,免疫调节,第2节 特异性免疫,0.17
BIOLOGY,影响酶促反应的因素分析,影响酶促反应的因素分析,生物选必2,种群及其动态,第3节 影响种群数量变化的因素,0.27
BIOLOGY,atp的结构和功能,ATP的结构和功能,生物必修一,细胞的基本结构,第1节 细胞膜的结构和功能,0.44
BIOLOGY,atp的合成和利用,ATP的合成和利用,生物必修二,基因的表达,第1节 基因指导蛋白质的合成,0.17
BIOLOGY,atp的结构与作用,ATP的结构与作用,生物必修二,基因的本质,第2节 DNA的结构,0.40
BIOLOGY,捕获光能的色素和结构,捕获光能的色素和结构,生物必修一,细胞的基本结构,第1节 细胞膜的结构和功能,0.21
BIOLOGY,三率-的关系及测定,“三率”的关系及测定,生物选必1,体液调节,第3节 体液调节与神经调节的关系,0.13
BIOLOGY,探索光合作用原理的部分实验,探索光合作用原理的部分实验,生物必修一,细胞的能量供应和利用,第4节 光合作用与能量转化,0.20
BIOLOGY,光合作用的原理,光合作用的原理,生物必修一,细胞的能量供应和利用,第4节 光合作用与能量转化,0.30
BIOLOGY,影响光合作用强度的环境因素,影响光合作用强度的环境因素,生物选必2,种群及其动态,第3节 影响种群数量变化的因素,0.21
BIOLOGY,精子的形成过程,精子的形成过程,生物选必1,体液调节,第2节 激素调节的过程,0.18
BIOLOGY,精子与卵细胞形成过程的比较,精子与卵细胞形成过程的比较,生物选必3,细胞工程,第1节 植物细胞工程,0.19
BIOLOGY,减数分裂细胞中染色体-dna数量变化规律,减数分裂细胞中染色体、DNA数量变化规律,生物必修二,基因突变及其他变异,第2节 染色体变异,0.25
BIOLOGY,实验-观察蝗虫精母细胞减数分裂装片,实验：观察蝗虫精母细胞减数分裂装片,生物必修二,基因和染色体的关系,第1节 减数分裂和受精作用,0.21
BIOLOGY,基因位于染色体上的实验证据,基因位于染色体上的实验证据★★★☆☆,生物必修二,基因和染色体的关系,第2节 基因在染色体上,0.33
BIOLOGY,遗传系谱图和电泳图谱分析,遗传系谱图和电泳图谱分析,生物必修二,基因和染色体的关系,第3节 伴性遗传,0.18
BIOLOGY,遗传系谱图的分析及概率的计算,遗传系谱图的分析及概率的计算,生物必修二,基因和染色体的关系,第3节 伴性遗传,0.15
BIOLOGY,其他性别决定方式简介-深度拓展,其他性别决定方式简介(深度拓展),生物选必1,神经调节,第2节 神经调节的基本方式,0.11
BIOLOGY,程序法分析遗传系谱图-规律方法,程序法分析遗传系谱图（规律方法）,生物必修二,基因和染色体的关系,第3节 伴性遗传,0.13
BIOLOGY,伴性遗传的特点及应用,伴性遗传的特点及应用★★★★☆,生物必修二,基因和染色体的关系,第3节 伴性遗传,0.40
BIOLOGY,基因的本质,基因的本质,生物选必3,基因工程,第2节 基因工程的基本操作程序,0.27
BIOLOGY,dna的结构及特点,DNA的结构及特点,生物必修二,基因的本质,第2节 DNA的结构,0.33
BIOLOGY,豌豆用作遗传实验的材料,豌豆用作遗传实验的材料★★★☆☆,生物必修二,遗传因子的发现,第1节 孟德尔的豌豆杂交实验（一）,0.21
BIOLOGY,基因型-表型的推断,基因型、表型的推断★★★☆☆,生物必修二,基因的表达,第2节 基因表达与性状的关系,0.21
BIOLOGY,分离定律的概率计算-含自交与自由交配,分离定律的概率计算（含自交与自由交配）,生物必修二,生物的进化,第2节 自然选择与适应的形成,0.05
BIOLOGY,分离定律的概率计算和常规应用,分离定律的概率计算和常规应用,生物选必2,生态系统及其稳定性,第5节 生态系统的稳定性,0.06
BIOLOGY,一对相对性状的杂交实验,一对相对性状的杂交实验,生物必修二,遗传因子的发现,第1节 孟德尔的豌豆杂交实验（一）,0.33
BIOLOGY,性状分离比的模拟实验,性状分离比的模拟实验,生物必修二,基因的表达,第2节 基因表达与性状的关系,0.12
BIOLOGY,自交和自由交配的概率计算,自交和自由交配的概率计算,生物必修二,生物的进化,第2节 自然选择与适应的形成,0.06
BIOLOGY,分离定律的特殊类型,分离定律的特殊类型,生物必修二,基因突变及其他变异,第3节 人类遗传病,0.08
BIOLOGY,孟德尔的豌豆杂交实验过程分析,孟德尔的豌豆杂交实验过程分析,生物必修二,遗传因子的发现,第1节 孟德尔的豌豆杂交实验（一）,0.64
BIOLOGY,自由组合定律的解题规律及方法,自由组合定律的解题规律及方法,生物必修二,基因突变及其他变异,第1节 基因突变和基因重组,0.06
BIOLOGY,自由组合定律中的特殊分离比问题分析,自由组合定律中的特殊分离比问题分析,生物选必1,免疫调节,第2节 特异性免疫,0.06
BIOLOGY,自由组合定律的内容,自由组合定律的内容,生物选必1,内环境与稳态,第2节 内环境的稳态,0.07
BIOLOGY,技巧-实验数据-与-9-3-3-1及其变式-间的转化方法,技巧“实验数据”与“9,生物必修一,细胞的能量供应和利用,第2节 细胞的能量“货币”ATP,0.12
BIOLOGY,个体或配子致死问题的处理-规律方法,个体或配子致死问题的处理(规律方法),生物必修二,基因和染色体的关系,第2节 基因在染色体上,0.05
BIOLOGY,两对相对性状杂交实验过程,两对相对性状杂交实验过程,生物必修二,遗传因子的发现,第1节 孟德尔的豌豆杂交实验（一）,0.22
BIOLOGY,孟德尔两对相对性状的杂交实验,孟德尔两对相对性状的杂交实验★★★☆☆,生物必修二,遗传因子的发现,第1节 孟德尔的豌豆杂交实验（一）,0.39
BIOLOGY,孟德尔规律的应用,孟德尔规律的应用,生物必修二,遗传因子的发现,第1节 孟德尔的豌豆杂交实验（一）,0.21
BIOLOGY,育种,育种,生物选必2,种群及其动态,第1节 种群的数量特征,0.11
BIOLOGY,基因突变与细胞癌变,基因突变与细胞癌变,生物必修二,基因突变及其他变异,第1节 基因突变和基因重组,0.36
BIOLOGY,染色体变异-x1,染色体变异★★★☆☆,生物必修二,基因突变及其他变异,第2节 染色体变异,0.56
BIOLOGY,实验-低温诱导植物细胞染色体数目的变化,实验：低温诱导植物细胞染色体数目的变化,生物必修二,基因突变及其他变异,第2节 染色体变异,0.20
BIOLOGY,实验-模拟生物体维持ph的稳定,实验：模拟生物体维持pH的稳定,生物选必2,生态系统及其稳定性,第5节 生态系统的稳定性,0.18
BIOLOGY,内环境的稳态,内环境的稳态,生物选必1,内环境与稳态,第2节 内环境的稳态,0.71
BIOLOGY,细胞生活的环境,细胞生活的环境,生物选必1,内环境与稳态,第1节 细胞生活的环境,0.75
BIOLOGY,水和无机盐平衡的调节,水和无机盐平衡的调节,生物必修一,组成细胞的分子,第2节 细胞中的无机物,0.25
BIOLOGY,体液调节和神经调节的区别与联系,体液调节和神经调节的区别与联系,生物选必1,体液调节,第3节 体液调节与神经调节的关系,0.58
BIOLOGY,植物生长素及其生理作用,植物生长素及其生理作用,生物选必1,植物生命活动的调节,第1节 植物生长素,0.62
BIOLOGY,植物生长调节剂的应用,植物生长调节剂的应用,生物选必1,植物生命活动的调节,第3节 植物生长调节剂的应用,0.88
BIOLOGY,环境因素参与调节植物的生命活动,环境因素参与调节植物的生命活动,生物选必1,植物生命活动的调节,第4节 环境因素参与调节植物的生命活动,0.93
BIOLOGY,种群的数量特征,种群的数量特征,生物选必2,种群及其动态,第1节 种群的数量特征,0.75
BIOLOGY,种群数量的变化,种群数量的变化,生物选必2,种群及其动态,第2节 种群数量的变化,0.75
BIOLOGY,实验-培养液中酵母菌种群数量的变化,实验：培养液中酵母菌种群数量的变化,生物选必2,种群及其动态,第2节 种群数量的变化,0.38
BIOLOGY,隔离在物种形成中的作用,隔离在物种形成中的作用,生物必修二,生物的进化,第3节 种群基因组成的变化与物种的形成,0.27
BIOLOGY,实验-探究抗生素对细菌的选择作用,实验：探究抗生素对细菌的选择作用,生物选必1,植物生命活动的调节,第1节 植物生长素,0.12
BIOLOGY,结束后-应将耐药菌-培养基-纸片等进行高温灭菌处理-防止对环境造成污染,耐药菌实验材料的灭菌处理,生物必修二,遗传因子的发现,第1节 孟德尔的豌豆杂交实验（一）,0.11
BIOLOGY,生物有共同祖先的证据,生物有共同祖先的证据,生物必修二,生物的进化,第1节 生物有共同祖先的证据,0.80
BIOLOGY,协同进化与生物多样性的形成,协同进化与生物多样性的形成,生物必修二,生物的进化,第4节 协同进化与生物多样性的形成,0.85
BIOLOGY,遗传信息的翻译,遗传信息的翻译,生物必修一,组成细胞的分子,第5节 核酸是遗传信息的携带者,0.31
BIOLOGY,中心法则的提出及其发展,中心法则的提出及其发展,生物选必3,发酵工程,第3节 发酵工程及其应用,0.08
BIOLOGY,基因表达与性状的关系,基因表达与性状的关系,生物必修二,基因的表达,第2节 基因表达与性状的关系,0.80
BIOLOGY,膜电位的测量及电表指针偏转的判断,膜电位的测量及电表指针偏转的判断,生物必修一,细胞的能量供应和利用,第4节 光合作用与能量转化,0.11
BIOLOGY,探究动植物生命活动调节实验的思路与方法,探究动植物生命活动调节实验的思路与方法,生物选必1,植物生命活动的调节,第4节 环境因素参与调节植物的生命活动,0.36
