subject,slug,material_slug,current_node_slug,suggested_node_slug,verdict,evidence,slice
BIOLOGY,DNA分子的多样性与特异性,ext-bio-5f510cdc4a-858,DNA分子的多样性与特异性,,KEEP,「DNA中每个碱基对位置都有4种可能：A—T、T—A、G—C、C—G」「具有n个碱基对的DNA分子最多有4ⁿ种碱基对排列顺序」——现绑边界『n个碱基对对应4^n种排列』逐句对应。,slice-91
BIOLOGY,DNA复制的拓展,ext-bio-5f510cdc4a-843,DNA复制的拓展,,KEEP,「有丝分裂：若DNA只复制一次，产生的子染色体都带有标记」「减数分裂：DNA只复制一次，因此产生的子染色体都带有标记」——子染色体标记情况分析；同族《DNA复制与有丝分裂中染色体标记情况的分析》即在本节点（他轮把散落标记材料判归本节点）。,slice-91
BIOLOGY,DNA复制的拓展,ext-bio-badc574367-006,DNA复制的拓展,,KEEP,「滞后链上DNA聚合酶只能背离复制叉方向分段合成一系列不连续、较短的DNA片段，即冈崎片段」「冈崎片段之间的缺口再由DNA连接酶连接成长链」——冈崎片段与滞后链不连续合成，正合现绑边界『冈崎片段只出现在后随链上，前导链是连续合成的』。,slice-91
BIOLOGY,H和ATP的来源与去向,ext-bio-1b77d6527c-004,H和ATP的来源与去向,,KEEP,「还原型辅酶I为NADH、氧化型为NAD+，来自呼吸作用；还原型辅酶II为NADPH、氧化型为NADP+，来自光合作用」——还原型辅酶的来源梳理，属现绑『H和ATP的来源与去向』（别名含NADH与NADPH的来源与去路区别）；C3/C5名词段跨『暗反应』，两可保守保留。,slice-91
BIOLOGY,NTP与dNTP家族,ext-bio-3438a4b8d2-037,NTP与dNTP家族,,KEEP,「NTP包括ATP、UTP、CTP、GTP，可作为直接能源物质，也可作为原料合成RNA」——NTP为RNA原料，正合现绑边界“NTP 是 RNA 的原料”。,slice-91
BIOLOGY,NTP与dNTP家族,ext-bio-3438a4b8d2-038,NTP与dNTP家族,,KEEP,「再加磷酸生成脱氧核苷三磷酸（dNTP）」「作为合成DNA的原料」——dNTP为DNA原料，合现绑边界；正文把dUTP列入dNTP，与库内“NTP/dNTP不能混用”口径有出入（材料内容问题，另记）。,slice-91
BIOLOGY,NTP与dNTP家族,ext-bio-4ce367cc29-014,NTP与dNTP家族,双脱氧测序法的终止延伸与读序原理,REBIND,「ddNTP可以与dNTP竞争核苷酸链延长位点，并终止DNA片段的延伸」——正文讲Sanger测序的终止延伸与电泳读序；现绑“NTP与dNTP家族”只讲两者五碳糖与碱基之别。,slice-91
BIOLOGY,atp的合成和利用,bio-fj-10-light-reaction-process,atp的合成和利用,光反应,REBIND,「场所：叶绿体类囊体薄膜」「水的光解：H2O→H+ + O2 + 电子」——光反应的场所与反应，非ATP的合成和利用；靶区『光反应』边界即水的光解及ATP、NADPH合成、场所类囊体薄膜。,slice-91
BIOLOGY,atp的合成和利用,bio-mo-cell-150,atp的合成和利用,,KEEP,「吸能反应一般与ATP水解的反应相联系，由ATP水解提供能量」「放能反应一般与ATP的合成相联系」——吸能、放能反应与ATP合成和水解的关系，正对现绑节点，保留。,slice-91
BIOLOGY,atp的合成和利用,bio-mo-cell-167,atp的合成和利用,无氧呼吸,REBIND,「无氧呼吸都只在第一阶段释放出少量的能量，生成少量ATP」「葡萄糖分子中的大部分能量则存留在酒精或乳酸中」——无氧呼吸的产能特点；靶区『无氧呼吸』边界即其过程、场所与产物，改指。,slice-91
BIOLOGY,atp的合成和利用,bio-mo-cell-168,atp的合成和利用,无氧呼吸,REBIND,「无氧呼吸的化学反应式可以概括为以下两种」「C6H12O62C3H6O3（乳酸）＋少量能量」——无氧呼吸总反应式；靶区『无氧呼吸』边界即无氧呼吸的过程、场所与产物，改指。,slice-91
BIOLOGY,atp的合成和利用,bio-mo-cell-171,atp的合成和利用,有氧呼吸的过程分析,REBIND,「阶段：第一阶段；场所：细胞质基质；原料：葡萄糖；产物：丙酮酸、[H]；能量：少量能量」——通篇有氧呼吸三阶段的场所、原料、产物与能量，非ATP的合成和利用；同块『线粒体是进行有氧呼吸的主要场所』即在『有氧呼吸的过程分析』。,slice-91
BIOLOGY,atp的合成和利用,bio-mo-cell-178,atp的合成和利用,细胞呼吸原理的应用,REBIND,「以“中耕松土”为例，在生产实践中应用时应从对农作物生长、环境保护及生产成本等方面全面分析利弊」「种子应储存在“零上低温、干燥、低氧”条件下」——细胞呼吸原理的农业与储藏应用；『细胞呼吸原理的应用』边界即中耕松土、粮食储存等依据。,slice-91
BIOLOGY,atp的合成和利用,bio-mo-enzyme-007,atp的合成和利用,,KEEP,「对于动物、人、真菌和大多数细菌来说，产生ATP的生理过程是呼吸作用」「ATP在细胞中含量少，转化迅速，含量处于动态平衡」——ATP的产生过程与动态平衡，属现绑『atp的合成和利用』，保留。,slice-91
BIOLOGY,atp的合成和利用,ext-bio-ddfa24092c-002,atp的合成和利用,,KEEP,「能量的获取靠光合作用、化能合成作用、消化吸收；储存靠合成自身有机物；释放靠细胞呼吸；转移靠合成ATP；利用靠水解ATP」——能量转移与利用即ATP的合成与水解，正落现绑『atp的合成和利用』，保留。,slice-91
BIOLOGY,atp的结构,bio-kb3-f3-s3-2-n10,atp的结构,细胞器的结构和功能,REBIND,「与能量转换有关的细胞器有叶绿体和线粒体」「含DNA的细胞器有叶绿体、线粒体，含RNA的细胞器有叶绿体、线粒体、核糖体」——细胞器归类归纳；『细胞器的结构和功能』已收《细胞器按膜的分类》《从成分与功能角度归类细胞器》同族，现绑『atp的结构』为结构简式。,slice-91
BIOLOGY,atp的结构,ext-bio-7ffb5d551a-074,atp的结构,,KEEP,「在ATP中表示腺苷；在单纯腺嘌呤结构中表示腺嘌呤；在腺嘌呤脱氧核苷酸中表示腺嘌呤脱氧核苷酸」——教材中A的含义辨析；现绑『atp的结构』节点内已收《辨析不同物质结构中A的含义》（同ext-bio-7ffb5d551a源族）同族材料，保留。,slice-91
BIOLOGY,atp的结构与作用,ext-bio-7ffb5d551a-055,atp的结构与作用,,KEEP,「只有加ATP制剂的试管发光。结论是ATP是驱动细胞活动的直接能源物质」——现绑别名逐字含『萤火虫发光器实验的过程与结论』。,slice-91
BIOLOGY,atp的结构与作用,ext-bio-dcb862603d-002,atp的结构与作用,,KEEP,「生物体主要能源物质为糖类」「最终能量来源为太阳能，直接能源物质为ATP」——现绑别名逐字含『细胞中的能源物质与直接能源（第8讲课件）』。,slice-91
BIOLOGY,c4植物-cam植物等特殊代谢类型,bio-c4-pepc-affinity,c4植物-cam植物等特殊代谢类型,,KEEP,「对 CO2 亲和力高，利用的是碳酸氢根（HCO3−）」「胞外 CO2 浓度低时叶肉细胞仍能高效固定 CO2」——C₄植物叶肉细胞的固定特点，属现绑节点，保留。,slice-91
BIOLOGY,c4植物-cam植物等特殊代谢类型,bio-fx-c3-basic-pathway,c4植物-cam植物等特殊代谢类型,,KEEP,「C3途径：CO2＋C5→2C3→（还原）→糖类，是所有植物合成有机物的最终途径」「C4途径、CAM途径都只是CO2的固定与转运方式」——三条碳同化途径的比较，现绑别名逐字含『C3途径是碳同化的基本途径』，保留。,slice-91
BIOLOGY,c4植物-cam植物等特殊代谢类型,ext-bio-46ec017dac-017b,c4植物-cam植物等特殊代谢类型,,KEEP,「三种 CO₂ 浓缩途径」「可在强光、高温等条件下减少光呼吸的消耗」——CO₂浓缩机制的共同作用，现绑别名逐字含『CO₂ 浓缩机制』，保留。,slice-91
BIOLOGY,c4植物-cam植物等特殊代谢类型,ext-bio-46ec017dac-020b,c4植物-cam植物等特殊代谢类型,,KEEP,「蓝细菌或藻类可通过主动运输方式运输」「羧化体具有蛋白质外壳，可限制气体扩散」——蓝细菌的HCO₃⁻泵与羧化体，现绑别名含同名条『蓝细菌的 HCO₃⁻ 泵途径』，保留。,slice-91
BIOLOGY,c4植物-cam植物等特殊代谢类型,ext-bio-46ec017dac-020c,c4植物-cam植物等特殊代谢类型,,KEEP,「首先在叶肉细胞内被固定在四碳化合物（草酰乙酸）中」「然后被运输到维管束鞘细胞中脱羧」——C₄途径的固定与脱羧，属现绑节点，保留。,slice-91
BIOLOGY,c4植物-cam植物等特殊代谢类型,ext-bio-9bcf838d82-017,c4植物-cam植物等特殊代谢类型,,KEEP,「C4植物与CAM植物则分别通过C4途径、CAM途径提高胞内CO2浓度」「蓝细菌或藻类可通过主动运输的泵途径」——三类浓缩途径总述，属现绑『C4植物、CAM植物等特殊代谢类型』，保留。,slice-91
BIOLOGY,c4植物-cam植物等特殊代谢类型,ext-bio-cc95475ecb-123,c4植物-cam植物等特殊代谢类型,,KEEP,「蓝细菌或藻类可通过主动运输HC（CO2含量较低时）维持光合作用高效进行」「各类光合生物演化出不同的机制来提高胞内CO2浓度」——CO₂浓缩机制，现绑族内已收『蓝细菌的 HCO₃⁻ 泵途径』『CO₂ 浓缩机制』，保留。,slice-91
BIOLOGY,dna是主要的遗传物质,bio-fj-19-bacteriophage-material-advantage,dna是主要的遗传物质,,KEEP,「个体小、结构简单，易观察因遗传物质改变导致的结构和功能变化」「噬菌体只有DNA进入细菌，结果更具说服力」——别名含「选用细菌和病毒作为实验材料的优点」。,slice-91
BIOLOGY,dna是主要的遗传物质,bio-mo-gene-029,dna是主要的遗传物质,,KEEP,「肺炎链球菌有两类：R型细菌无荚膜、菌落表面粗糙、无毒」「在T2噬菌体的化学组成中，60%是蛋白质，40%是DNA」——别名含「肺炎链球菌有两类」。,slice-91
BIOLOGY,dna是主要的遗传物质,bio-mo-gene-030,dna是主要的遗传物质,,KEEP,「赫尔希和蔡斯利用放射性同位素标记技术，设计并完成了噬菌体侵染细菌的实验」——别名含本条「赫尔希和蔡斯利用放射性同位素标记技术」。,slice-91
BIOLOGY,dna是主要的遗传物质,bio-mo-gene-031,dna是主要的遗传物质,,KEEP,「用32P标记的噬菌体侵染大肠杆菌，上清液中含放射性的原因是保温时间过短或过长」——噬菌体实验误差分析，别名含本条。,slice-91
BIOLOGY,dna是主要的遗传物质,bio-mo-gene-032,dna是主要的遗传物质,,KEEP,「搅拌的目的是使吸附在细菌上的噬菌体与细菌分离，离心的目的是让上清液中析出重量较轻的T2噬菌体颗粒」——噬菌体实验操作目的。,slice-91
BIOLOGY,dna是主要的遗传物质,bio-mo-gene-034,dna是主要的遗传物质,对照实验的分析方法,REBIND,引文订正：「在对照实验中，控制自变量可以采用“加法原理”或“减法原理”」——对照实验的自变量控制方法，非遗传物质结论。,slice-91
BIOLOGY,dna是主要的遗传物质,bio-mo-gene-036,dna是主要的遗传物质,,KEEP,「赫尔希和蔡斯的实验过程：（1）在分别含有放射性同位素35S和放射性同位素32P的培养基中培养大肠杆菌」——噬菌体侵染大肠杆菌的实验，别名含本条。,slice-91
BIOLOGY,dna是主要的遗传物质,bio-mo-gene-038,dna是主要的遗传物质,,KEEP,「S型细菌的DNA片段整合到R型细菌的DNA中…即发生了基因重组」——肺炎链球菌转化的实质，别名含本条。,slice-91
BIOLOGY,dna是主要的遗传物质,bio-mo-gene-039,dna是主要的遗传物质,,KEEP,「并非所有的R型细菌都转化为S型细菌，事实上转化的效率很低」——转化实验易错点，别名含本条。,slice-91
BIOLOGY,dna是主要的遗传物质,bio-mo-gene-040,dna是主要的遗传物质,,KEEP,「肺炎链球菌体内转化实验不能简单地说成有毒性的S型细菌的DNA可使小鼠致死，而是具有毒性的S型细菌可使小鼠致死」——体内转化实验易错辨析。,slice-91
BIOLOGY,dna是主要的遗传物质,bio-mo-gene-041,dna是主要的遗传物质,,KEEP,「格里菲思实验仅能证明S型细菌中含有某种‘转化因子’，但并未具体证明转化因子是何种物质」——格里菲思实验结论的局限。,slice-91
BIOLOGY,dna是主要的遗传物质,bio-mo-gene-042,dna是主要的遗传物质,,KEEP,「病毒营专性寄生生活，所以应先培养（标记）细菌，再用细菌培养噬菌体」——获得含放射性标记噬菌体的方法，别名含「实验中获得含放射性同位素标记」。,slice-91
BIOLOGY,dna是主要的遗传物质,bio-mo-gene-043,dna是主要的遗传物质,,KEEP,「35S（标记蛋白质）和32P（标记DNA）不能同时标记在同一个噬菌体上」——噬菌体实验的同位素标记要点。,slice-91
BIOLOGY,dna是主要的遗传物质,bio-mo-gene-044,dna是主要的遗传物质,,KEEP,「“保温”时间要合适——保温时间过短或过长会使32P组的上清液中出现放射性」「搅拌要充分」——噬菌体侵染实验的误差分析。,slice-91
BIOLOGY,dna是主要的遗传物质,bio-mo-gene-047,dna是主要的遗传物质,,KEEP,「对于具体的生物而言，其遗传物质是确定的，要么是DNA，要么是RNA，只能是其中的一种」——遗传物质「主要与唯一」的辨析。,slice-91
BIOLOGY,dna是主要的遗传物质,bio-mo-gene-048,dna是主要的遗传物质,,KEEP,「转化的实质是基因重组而非基因突变」「加热杀死S型细菌的过程中，其蛋白质变性失活，但其内部的DNA…又逐渐恢复活性」——转化实验易错点汇总。,slice-91
BIOLOGY,dna是主要的遗传物质,bio-mo-genetic-engineering-002,dna是主要的遗传物质,,KEEP,「1944年，艾弗里等人通过肺炎链球菌的转化实验，不仅证明了遗传物质是DNA」——艾弗里实验，别名含「1944年」「艾弗里证明DNA是遗传物质的实验」。,slice-91
BIOLOGY,dna是主要的遗传物质,ext-bio-59d64086e3-004,dna是主要的遗传物质,,KEEP,「第二组：从烟草花叶病毒中提取 RNA，感染烟草后烟草出现病斑」「结论：RNA 是烟草花叶病毒的遗传物质」——烟草花叶病毒侵染实验，别名含本条。,slice-91
BIOLOGY,dna是主要的遗传物质,ext-bio-b30a4e9c78-003,dna是主要的遗传物质,,KEEP,「烟草花叶病毒是RNA病毒，只含RNA和蛋白质，不含有DNA」「以细菌或病毒为材料具有个体小、结构简单、繁殖快等优点」——侵染实验与材料优点。,slice-91
BIOLOGY,dna是主要的遗传物质,ext-bio-d1950c7b5a-033,dna是主要的遗传物质,,KEEP,「实验材料是烟草花叶病毒和烟草」「该病毒不含DNA，是研究RNA作为遗传物质的典型材料」——别名含「烟草花叶病毒感染烟草实验的材料」。,slice-91
BIOLOGY,dna是主要的遗传物质,ext-bio-d1950c7b5a-035,dna是主要的遗传物质,,KEEP,「病毒RNA感染组产生花叶病，病毒蛋白质感染组不产生」「结论是RNA是该病毒的遗传物质，蛋白质不是」——别名含「烟草花叶病毒感染烟草实验的结论」。,slice-91
BIOLOGY,dna的复制,bio-fx-leading-lagging-strands,dna的复制,DNA复制的拓展,REBIND,「前导链：合成方向与解旋方向相同，可连续复制」「后随链：合成方向与解旋方向相反，先合成多个短片段再连接」——即『DNA复制的拓展』边界「冈崎片段只出现在后随链上，前导链是连续合成的」。,slice-91
BIOLOGY,dna的复制,ext-bio-26746c92ba-093,dna的复制,DNA复制的拓展,REBIND,「引物来自一种 RNA 聚合酶催化合成的 RNA 单链」「这也是端粒缩短的原因」——即『DNA复制的拓展』同族《DNA复制的引物与半不连续复制》《半不连续复制与端粒缩短》。,slice-91
BIOLOGY,dna的复制,ext-bio-26746c92ba-094,dna的复制,DNA复制的拓展,REBIND,「减数分裂Ⅰ：同源染色体分离，每条染色单体仍都带有标记」「四个 DNA 分子均只有一条链被标记」——即『DNA复制的拓展』已收《DNA复制与减数分裂中染色体标记情况的分析》同一考点。,slice-91
BIOLOGY,dna的复制,ext-bio-26746c92ba-095,dna的复制,DNA复制的拓展,REBIND,「有丝分裂第二次分裂后，含标记的细胞数不是确定值，可能出现 2、3 或 4 个含标记细胞」——即『DNA复制的拓展』已收《有丝分裂与减数分裂中子染色体标记情况的归纳》。,slice-91
BIOLOGY,dna的复制,ext-bio-26746c92ba-096,dna的复制,DNA复制的拓展,REBIND,「标记模板、不标记原料」「就会出现四个细胞中只有 3 个细胞含标记的情况」——染色体标记题的两种设定与判读；同族标记模型已在『DNA复制的拓展』。,slice-91
BIOLOGY,dna的复制,ext-bio-9752acd916-075,dna的复制,DNA复制的拓展,REBIND,「关键是要掌握 DNA 的半保留复制以及有丝分裂和减数分裂不同时期的特点」「一条链含有 BrdU 的染色单体为 α 型」——染色体标记问题分析；『DNA复制的拓展』已收《有丝分裂与减数分裂中子染色体标记情况的归纳》。,slice-91
BIOLOGY,dna的结构及特点,bio-fj-20-base-pair-rule-3-noncomplementary-inverse,dna的结构及特点,,KEEP,「单链1的(A1+G1)/(T1+C1)与单链2的(A2+G2)/(T2+C2)互为倒数」「整个DNA分子中(A+G)/(T+C)=1」——碱基计算规律三；现绑『DNA的结构及特点』已收《双链DNA中碱基数量关系的计算规律》《DNA碱基计算的四个规律》，保留。,slice-91
BIOLOGY,dna的结构及特点,bio-fj-20-base-pair-rule-4-at-over-gc,dna的结构及特点,,KEEP,「(A+T)/(G+C)在双链、两条互补单链中比值相等」「该比值反映DNA分子的稳定性：G+C含量越高越稳定」——碱基计算规律四；同源《DNA碱基计算的四个规律》在现绑节点，保留。,slice-91
BIOLOGY,dna连接酶,ext-bio-d4fa91640d-013,dna连接酶,,KEEP,「DNA连接酶作用于磷酸二酯键，将两个DNA片段连接成完整的DNA分子」「解旋酶作用于氢键，将双链DNA分子局部解旋为单链」——现绑边界『重点是区分其与DNA聚合酶等酶的作用方式』。,slice-91
BIOLOGY,dna连接酶,ext-bio-ebfeb853c3-017,dna连接酶,,KEEP,「限制酶：作用于磷酸二酯键，将DNA切成两个片段」「DNA连接酶：作用于磷酸二酯键，将两个DNA片段连接为一个DNA分子」「解旋酶：作用于碱基对之间的氢键」——多酶作用部位与结果比较，正对现绑边界『重点是区分其与DNA聚合酶等酶的作用方式』。,slice-91
BIOLOGY,k值,ext-bio-34e20389c5-049,k值,,KEEP,「环境容纳量是一定的环境条件所能维持的种群最大数量，又称 K 值」「K 值并不是种群数量的最大值，也不是一成不变的」——环境容纳量的含义与特点，现绑别名逐字同题。,slice-91
BIOLOGY,k值,ext-bio-34e20389c5-050,k值,,KEEP,「种群数量达到环境容纳量时：种群停止增长，增长速率等于 0」「种群数量约为环境容纳量一半时：种群增长速率最大」——K点与K/2点含义，正合现绑边界『达到K值一半时增长速率最大』。,slice-91
BIOLOGY,k值,ext-bio-34e20389c5-051,k值,,KEEP,「J 形曲线与 S 形曲线之间的阴影表示环境阻力」「环境阻力减小，K 值增大；环境阻力增大，K 值减小」——环境阻力对K值的影响，现绑边界含K值随环境条件变化；与『种群数量的变化』相邻，保守保留。,slice-91
BIOLOGY,k值,ext-bio-5f510cdc4a-1497,k值,,KEEP,「3. 转折期：种群数量为K/2，种群增长速率最大」「种群数量达到K值后维持相对稳定，种内竞争最剧烈」——S形曲线分段与K、K/2对应，现绑别名逐字同题。,slice-91
BIOLOGY,k值,ext-bio-cfff2e6c9b-002e,k值,,KEEP,「捕捞后使种群数量维持在K/2可以获得最大持续捕捞量；在K值时捕捞可获得最大单次捕捞量」——K值的生产应用，现绑别名逐字同题。,slice-91
BIOLOGY,pcr技术,bio-fx-primer-design-principles,pcr技术,,KEEP,「长度18-30个碱基」「GC含量40%-60%」「3′端必须严格互补配对、不可修饰」「5′端不参与延伸，可添加酶切位点、启动子序列、荧光标记等」——引物设计核心原则，属现绑节点。,slice-91
BIOLOGY,pcr技术,bio-fx-primer-mutation-rounds,pcr技术,,KEEP,「两引物均在基因内部扩增：前两轮产物两端不等长，至少第3次扩增才得到双链等长的突变DNA片段」——引物引入突变的扩增轮数，同族『利用引物引入突变位点的PCR定点突变』已在册。,slice-91
BIOLOGY,pcr技术,bio-primer-pair-complement-dimer,pcr技术,,KEEP,「两种引物之间不能有连续 4 个及以上的碱基互补，尤其应避免 3' 端的互补重叠，以防形成引物二聚体」——引物间互补原则，属现绑引物设计族。,slice-91
BIOLOGY,pcr技术,bio-primer-self-complement-hairpin,pcr技术,,KEEP,「引物自身不能有连续 4 个及以上的碱基互补，以免形成发卡结构——这种二级结构会因空间位阻干扰引物与模板的结合」——引物自身互补原则，属现绑引物设计族。,slice-91
BIOLOGY,pcr技术,ext-bio-26746c92ba-139,pcr技术,,KEEP,「含量以 40%～60% 为宜，4 种碱基最好随机分布」「两条引物之间不能有连续 4 个碱基的互补配对」——引物自身序列与相互作用原则，现绑别名已收同题。,slice-91
BIOLOGY,pcr技术,ext-bio-26746c92ba-140,pcr技术,,KEEP,「两条引物的复性温度相差不能大于 5 ℃」「修改引物序列，如定点诱变」——引物温度匹配与题目要求，属现绑引物设计族。,slice-91
BIOLOGY,pcr技术,ext-bio-26746c92ba-140b,pcr技术,,KEEP,「PCR 的扩增产物对应的是 DNA 模板上两条相向引物之间的部分」「必须根据目的基因两端的碱基序列设计扩增引物」——引物结合位点选择，属现绑节点引物设计族。,slice-91
BIOLOGY,pcr技术,ext-bio-26746c92ba-141,pcr技术,,KEEP,「当需要定点诱变时，引物作为子链的一部分，通过修改引物序列可使扩增的 DNA 发生定向变异」——结合实验需求修改引物，现绑别名已收同题。,slice-91
BIOLOGY,pcr技术,ext-bio-26746c92ba-141b,pcr技术,,KEEP,「为使扩增后的目的基因能定向插入质粒，应在引物末端添加限制酶识别序列」——引物末端酶切位点的确定，现绑别名逐字含『按启动子位置确定引物末端的酶切位点』。,slice-91
BIOLOGY,pcr技术,ext-bio-26746c92ba-141c,pcr技术,,KEEP,「引物结合在模板链的 $3'$ 端」「PCR 扩增的是两条引物之间的序列」「应选结合在载体上的引物与结合在目的基因中间的引物」——引物方向与检测引物选择，属现绑节点。,slice-91
BIOLOGY,pcr技术,ext-bio-5970056f1a-011,pcr技术,,KEEP,「当目的基因两端无合适的限制酶切割位点时，可在引物设计时引入限制酶识别序列，通过PCR扩增实现」——用引物引入酶切位点，现绑别名已收同题。,slice-91
BIOLOGY,pcr技术,ext-bio-5b6cb16a7f-002,pcr技术,,KEEP,「DNA聚合酶的作用是模板依赖性的、遵循碱基互补配对原则 将脱氧核苷酸按5到3方向加到引物的3端」「只有加入的脱氧核苷酸中含有荧光标记的dATP时 延伸产物才能带上荧光标记」——PCR延伸与探针标记，现绑别名含『不对称PCR制备单链DNA探针』。,slice-91
BIOLOGY,pcr技术,ext-bio-5b6cb16a7f-019b,pcr技术,,KEEP,「扩增目的基因序列 应选择图中的引物1和2 即两引物分别位于目的基因两侧 且3端相向」「检验方向的引物组合必须是“一内一外”」——扩增与检测的引物选择，属现绑节点。,slice-91
BIOLOGY,pcr技术,ext-bio-5b6cb16a7f-024,pcr技术,,KEEP,「扩增产物两端就含有两条引物的序列」「取与模板互补的那一段并按5到3方向写出 即得引物的碱基序列」——由产物反推引物，属现绑引物设计族。,slice-91
BIOLOGY,pcr技术,ext-bio-5b6cb16a7f-028,pcr技术,,KEEP,「若某对引物的扩增产物在野生型与突变体之间的电泳条带位置不同 说明该对引物对应的区间内发生了突变」——重叠引物＋电泳定位突变，属现绑节点PCR应用族。,slice-91
BIOLOGY,pcr技术,ext-bio-5b6cb16a7f-028b,pcr技术,,KEEP,「荧光定量PCR中 核酸浓度越高（PCR模板量越大） 荧光强度达到阈值所需的循环数（Ct值）越小」——定量PCR，现绑别名含『RT-PCR与实时荧光定量PCR的对比』。,slice-91
BIOLOGY,pcr技术,ext-bio-636de2a928-011b,pcr技术,,KEEP,「插入序列位于上下游引物所扩增的区段之外，引物扩增的是不含插入片段的区域，因此产物长度相同」——引物扩增区间与产物长度，属现绑节点。,slice-91
BIOLOGY,pcr技术,ext-bio-64a3002892-068,pcr技术,,KEEP,「因为引物与模板链反向互补，而DNA的两条链也反向互补，所以引物的序列可直接取用模板链的互补链的对应序列」——引物序列书写技巧，属现绑节点引物设计族。,slice-91
BIOLOGY,pcr技术,ext-bio-8c5f3169c5-019c,pcr技术,,KEEP,「在 PCR 反应体系中加入一种双脱氧核苷三磷酸（如 ddATP），子链延伸时 ddNTP 也遵循碱基互补配对原则掺入」——PCR体系内的测序延伸与电泳读图，现绑别名含『PCR扩增与电泳条带判读』。,slice-91
BIOLOGY,pcr技术,ext-bio-90a8e2b6e2-029,pcr技术,,KEEP,「引物是一段短单链核酸，且能与待扩增的DNA片段的一段碱基序列互补配对」「原则一（成对性）：PCR中的引物必须成对存在」——引物特点与设计原则，属现绑节点。,slice-91
BIOLOGY,pcr技术,ext-bio-90a8e2b6e2-030,pcr技术,,KEEP,「引物与DNA模板链的3'端互补，方向相反」「子链沿引物从5'端向3'端延伸」——引物方向与延伸方向的判断，属现绑节点引物设计族。,slice-91
BIOLOGY,pcr技术,ext-bio-90a8e2b6e2-031,pcr技术,,KEEP,「扩增未知序列：先酶切」「再环化——用DNA连接酶使切出的区段环化」「最后扩增——按已知的DNA序列设计一对引物进行PCR」——按扩增目的选择引物，属现绑节点。,slice-91
BIOLOGY,pcr技术,ext-bio-9752acd916-157,pcr技术,,KEEP,「引物中 G+C 含量一般控制在 40%~60%」「结合实验需求对序列进行修改」「例如在引物 5′ 端加上限制酶识别序列和保护碱基」——引物设计三原则，属现绑节点。,slice-91
BIOLOGY,pcr技术,ext-bio-ebfeb853c3-047,pcr技术,,KEEP,「DNA聚合酶不能直接将单个核苷酸聚合成链，只能将单个核苷酸加到已有链的3’-端，因此子链合成需要引物」——与『dna的复制』边界『DNA聚合酶不能从头合成、需要引物』字面相邻，但源为基因工程第39讲PCR条件，判 KEEP。,slice-91
BIOLOGY,λ曲线分析,ext-bio-5f510cdc4a-1492,λ曲线分析,,KEEP,「模型：Nt等于N0乘以λ的t次方」「λ等于Nt+1除以Nt；增长率等于…即λ减1」——J形增长的λ表达式与增长率，与现绑边界『λ是相邻时段数量的倍数』同条；别名逐字含本题名。,slice-91
BIOLOGY,λ曲线分析,ext-bio-5f510cdc4a-1493,λ曲线分析,,KEEP,「λ大于1，种群数量增加」「0小于λ小于1，种群数量减少；只有λ大于1且为定值时，种群增长才为J形」——按λ与1比较判断数量变化方向；现绑别名逐字含本题名。,slice-91
BIOLOGY,一对相对性状的杂交实验,ext-bio-3ae2bc681b-006,一对相对性状的杂交实验,,KEEP,「所研究的每一对相对性状只受一对等位基因控制，且相对性状为完全显性」「供实验的群体要大、个体数量要足够多，才可能得到接近3∶1的统计结果」——F2实现3∶1的条件；别名逐字含本条标题，属现绑假说—演绎分析的组成部分。,slice-91
BIOLOGY,一对相对性状的杂交实验,ext-bio-645f709d4d-017,一对相对性状的杂交实验,,KEEP,「生物的性状是由遗传因子决定的」「受精时，雌雄配子的结合是随机的」——孟德尔对分离现象提出的假说四条；别名逐字含本条标题。,slice-91
BIOLOGY,一对相对性状的杂交实验,ext-bio-66537d75d3-014,一对相对性状的杂交实验,,KEEP,「孟德尔假说2：在体细胞中，遗传因子是成对存在的」「纯合子指遗传因子组成相同的个体（如DD、dd）」——孟德尔假说2及纯合子/杂合子、杂交/自交的定义；别名逐字在册。,slice-91
BIOLOGY,一对相对性状的杂交实验,ext-bio-66537d75d3-015,一对相对性状的杂交实验,,KEEP,「孟德尔假说3：生物体在形成生殖细胞——配子时，成对的遗传因子彼此分离，分别进入不同的配子中」「配子即成熟生殖细胞」——孟德尔假说3的内容；别名逐字在册。,slice-91
BIOLOGY,一对相对性状的杂交实验,ext-bio-964376c6e3-024,一对相对性状的杂交实验,,KEEP,「由假说推得F2配子结合方式4种、遗传因子组成3种（DD、Dd、dd）比例为1比2比1」「性状表现2种（高茎、矮茎）比例为3比1」——孟德尔对分离现象的解释；别名逐字在册。,slice-91
BIOLOGY,一对相对性状的杂交实验,ext-bio-964376c6e3-025,一对相对性状的杂交实验,,KEEP,「配子的结合方式：4种」「遗传因子组成：3种，分别为DD、Dd、dd，比例为1比2比1」「产生的后代性状表现：2种，分别为高茎、矮茎，比例为3比1」——F1自交后代分析，属对F2解释（假说）环节；别名逐字在册（近邻『分离定律』并存，族内口径不一故保留）。,slice-91
BIOLOGY,一对相对性状的杂交实验,ext-bio-964376c6e3-027,一对相对性状的杂交实验,,KEEP,「③ 提出假说：遗传因子成对存在、形成配子时彼此分离、随机结合」「④ 演绎推理：如果假说正确，测交后代应该是1比1」——假说演绎法六步（分离定律的发现）；别名逐字在册（近邻『孟德尔的豌豆杂交实验过程分析』并存，口径不一故保留）。,slice-91
BIOLOGY,一对相对性状的杂交实验,ext-bio-eaaa47c6d7-005,一对相对性状的杂交实验,,KEEP,「1. 生物性状由遗传因子决定，体细胞中遗传因子成对存在（核心）」「受精时，雌雄配子随机结合」——提出假说的内容（末段为分离发生时期的易错辨析）；别名逐字含本条标题，属现绑节点。,slice-91
BIOLOGY,三率-的关系及测定,ext-bio-26746c92ba-060b,三率-的关系及测定,,KEEP,「①关系：总光合作用强度＝净光合作用强度＋呼吸作用强度」「②三种表达方式：氧气产生方面，光合作用产氧量＝氧气释放量＋细胞呼吸耗氧量」——三率的关系与表示，即现绑『“三率”的关系及测定』主题（同族近重复节点见 notes）。,slice-91
BIOLOGY,三率-的关系及测定,ext-bio-46ec017dac-025,三率-的关系及测定,,KEEP,「分析逆境对光合作用的影响时，要先确定测的是哪个指标，再按“气孔导度 → 胞间 CO₂ 浓度 → 暗反应”」——测量指标与逆境分析链，现绑『“三率”的关系及测定』含指标表首行净光合速率；『影响光合作用强度的环境因素』重叠（保留理由见 notes）。,slice-91
BIOLOGY,三率-的关系及测定,ext-bio-5492ad5ff1-004,三率-的关系及测定,,KEEP,「黑瓶不透光，测定的是呼吸作用量（强度）；白瓶给予光照，测定的是净光合作用量（强度）」「总光合作用量（强度）= 净光合作用量（强度）+ 呼吸作用量（强度）」——黑白瓶法即三率的测定法，属现绑『“三率”的关系及测定』；间隔光照法半另有所属（见 notes）。,slice-91
BIOLOGY,三率-的关系及测定,ext-bio-5b5fa7bd85-017,三率-的关系及测定,一昼夜CO2浓度变化曲线,REBIND,「b点：凌晨2～4时温度降低、细胞呼吸减弱，CO2释放减少；c点：有微弱光照，植物开始进行光合作用」「一天中有机物积累最多在h点」——自然环境（夏季）一昼夜曲线各点判读，属『一昼夜CO2浓度变化曲线』（别名含同名条）。,slice-91
BIOLOGY,三率-的关系及测定,ext-bio-5b5fa7bd85-018,三率-的关系及测定,一昼夜CO2浓度变化曲线,REBIND,「AC段无光照，植物只进行细胞呼吸（AB段温度降低、呼吸减弱）；CD段4时后有微弱光照开始进行光合作用但强度小于细胞呼吸强度」「积累量可用J点与A点对应CO2浓度的差值表示」——密闭环境一昼夜曲线的分段与有机物积累判读，属『一昼夜CO2浓度变化曲线』（别名含密闭环境中CO2浓度变化曲线）。,slice-91
BIOLOGY,三率-的关系及测定,ext-bio-5f510cdc4a-579,三率-的关系及测定,,KEEP,「B点：呼吸速率等于光合速率，ATP产生场所为细胞质基质、线粒体和叶绿体，不与外界发生气体交换」——不同光照条件下三率大小与气体交换的分段判定，属现绑『“三率”的关系及测定』；『辨析真正光合速率…』亦收同类（落点非唯一）。,slice-91
BIOLOGY,三率-的关系及测定,ext-bio-c1fc984e29-005,三率-的关系及测定,,KEEP,「植物体在光下产生或制造O2量、固定或利用或消耗CO2量、制造或生产有机物量指总光合量」「黑暗中干重减少量指呼吸量」——三率的关键词辨析，属现绑节点；『辨析真正光合速率…』亦收关键词类（落点非唯一，见 notes）。,slice-91
BIOLOGY,三率-的关系及测定,ext-bio-cda93b042c-027,三率-的关系及测定,,KEEP,「总光合作用=净光合作用+呼吸作用」「即光合作用产生的O2=释放到空气中的O2+呼吸作用消耗的O2」——三率关系核心式，属现绑『“三率”的关系及测定』。,slice-91
BIOLOGY,三率-的关系及测定,ext-bio-cfff2e6c9b-001b,三率-的关系及测定,,KEEP,「总光合速率即真正（或实际）光合速率，是净光合速率与呼吸速率之和」「一般“吸收”“释放”对应净光合速率，“固定”“产生”“制造”对应总光合速率」——总/净的区分与关键词对应，属现绑节点。,slice-91
BIOLOGY,三率-的关系及测定,ext-bio-d1b20406f8-013,三率-的关系及测定,一昼夜CO2浓度变化曲线,REBIND,「自变量为时间(24小时，主要变化因素是光照强度)，因变量为CO2吸收速率」「光合开始点为b、消失点为h；光合等于呼吸的时间点为c和g」——整条是24小时曲线的分段判读，属『一昼夜CO2浓度变化曲线』（别名含自然环境中一昼夜曲线各段含义）。,slice-91
BIOLOGY,三率-的关系及测定,ext-bio-f7bf8a79a5-071,三率-的关系及测定,,KEEP,「光合作用强度（速率）指植物在单位时间内通过光合作用制造的糖类的数量，是光合作用反应强弱的指标」——光合作用强度的概念与表示方法，属现绑『“三率”的关系及测定』（同族节点重叠，见 notes）。,slice-91
BIOLOGY,三率-的关系及测定,ext-bio-f7bf8a79a5-096,三率-的关系及测定,,KEEP,「CO2浓度曲线中A点（或A撇点）对应的CO2浓度表示进行光合作用所需的最低CO2浓度（CO2补偿点）」——CO₂曲线补偿点/饱和点，现绑节点别名即含同名条；『影响光合作用强度的环境因素』亦收同类，落点非唯一（保留理由见 notes）。,slice-91
BIOLOGY,与酶有关的曲线分析,ext-bio-7ffb5d551a-038,与酶有关的曲线分析,,KEEP,「上升段酶促反应速率的限制因素是底物浓度，而达到饱和之后的限制因素可能是酶数量和酶活性」——底物浓度曲线的分段与限制因素，现绑别名已收《酶与底物浓度相关曲线》；与『影响酶促反应的因素分析』交叉，拿不准保留（见备注）。,slice-91
BIOLOGY,与酶有关的曲线分析,ext-bio-8f68ef0765-020,与酶有关的曲线分析,,KEEP,「酶促反应速率是单位时间内反应物或生成物浓度的改变量」「影响因素包括酶的活性、酶的浓度、底物浓度、pH、温度、抑制剂和激活剂」——速率概念与影响因素，现绑别名逐字含本题名，拿不准保留（备选见备注）。,slice-91
BIOLOGY,与酶有关的曲线分析,ext-bio-8f68ef0765-022,与酶有关的曲线分析,,KEEP,「底物浓度对速率的影响：酶量一定时速率随底物浓度增大而升高，底物饱和后受酶量限制不再升高」「酶量增加可提高反应速率」——底物/酶浓度对速率的影响趋势，与现绑节点同族材料同点，拿不准保留（备选见备注）。,slice-91
BIOLOGY,与酶有关的曲线分析,ext-bio-cc2cdaecdd-042,与酶有关的曲线分析,,KEEP,「影响酶促反应速率的因素包括底物浓度、酶浓度、酶活性，以及温度、pH、抑制剂、激活剂等」「Cl-是淀粉酶的激活剂」——因素列举与激活剂，现绑别名逐字含本题名；与『影响酶促反应的因素分析』交叉，保留（见备注）。,slice-91
BIOLOGY,两对相对性状杂交实验过程,ext-bio-451d5c3142-003,两对相对性状杂交实验过程,,KEEP,「可见两对相对性状的纯合亲本杂交…其重组类型的种类与比例随亲本不同而改变」「测交指F1与隐性纯合子杂交。yyRr×Yyrr不是测交」——重组比例与测交辨析，别名逐字含本题名，保留。,slice-91
BIOLOGY,两对相对性状杂交实验过程,ext-bio-f30a783d56-008,两对相对性状杂交实验过程,,KEEP,「亲本类型是表型与亲代（P代）相同的类型，重组类型是表型与亲代不同的类型」「黄圆和绿皱为亲本类型，绿圆和黄皱为重组类型」——F2中亲本类型与重组类型的区分，别名逐字含本题名，保留。,slice-91
BIOLOGY,两对相对性状杂交实验过程,ext-bio-f30a783d56-011,两对相对性状杂交实验过程,,KEEP,「F1（YyRr）产生YR、Yr、yR、yr四种配子，比例均为1/4」「雌雄配子随机结合共有16种结合方式、9种基因型、4种表型」——棋盘法分析F2组成，别名逐字含本题名，属两对相对性状实验的F2解释，保留。,slice-91
BIOLOGY,中心法则,bio-fj-21-reverse-transcription-features,中心法则,,KEEP,「1. 模板：RNA（如HIV的RNA）」「3. 酶：逆转录酶；场所：宿主细胞」「4. 产物：DNA；信息流向：RNA→DNA」——逆转录的条件与产物，现绑别名逐字同题。,slice-91
BIOLOGY,中心法则,bio-fj-21-rna-replication-features,中心法则,,KEEP,「1. 模板：RNA（如烟草花叶病毒的RNA）」「3. 酶：RNA聚合酶（RNA复制酶）；场所：宿主细胞」「4. 产物：RNA；信息流向：RNA→RNA」——RNA复制的条件与产物，现绑边界明含此项。,slice-91
BIOLOGY,中心法则,ext-bio-145e4cd04c-026,中心法则,,KEEP,「RNA病毒（逆转录型，如艾滋病病毒）：逆转录形成DNA后复制、转录、翻译」「细胞生物中的神经细胞（高度分化）：只有转录和翻译，无复制」——各种生物遗传信息的传递途径，正合现绑边界。,slice-91
BIOLOGY,中心法则,ext-bio-248a054779-002b,中心法则,,KEEP,「含 T（胸腺嘧啶）的链是脱氧核苷酸链；含 U（尿嘧啶）的链是核糖核苷酸链」「遗传信息可从甲链流向乙链（转录，DNA→RNA），也可从乙链流向甲链（逆转录）」——链判别与信息流向，现绑别名逐字同题。,slice-91
BIOLOGY,中心法则,ext-bio-5f510cdc4a-881,中心法则,,KEEP,「DNA、RNA是信息的载体，蛋白质是信息的表达产物」「ATP为信息的流动提供能量」——生命是物质、能量和信息的统一体，现绑别名逐字同题。,slice-91
BIOLOGY,中心法则,ext-bio-5f510cdc4a-885,中心法则,,KEEP,「3. 红霉素：能与核糖体结合，抑制肽链的延伸，即抑制翻译过程」「4. 利福平：抑制细菌RNA聚合酶的活性，即抑制转录过程」——各药对应中心法则的各条信息流，现绑别名逐字同题。,slice-91
BIOLOGY,中心法则,ext-bio-bc5463a953-008,中心法则,,KEEP,「① 单链+RNA病毒的RNA可直接作为mRNA翻译出病毒蛋白质」「② 单链-RNA病毒的RNA需先合成互补链才能进行翻译」——不同病毒遗传信息流向的比较，现绑边界含不同生物信息流动。,slice-91
BIOLOGY,中心法则,ext-bio-ea25dc61e0-031,中心法则,,KEEP,「在遗传信息的流动过程中，DNA和RNA是信息的载体」「ATP为信息的流动提供能量」——同为『生命是物质、能量和信息的统一体』，现绑别名逐字同题（另版块重复）。,slice-91
BIOLOGY,主动运输,bio-fj-02-inorganic-salt-form,主动运输,细胞中的无机盐,REBIND,「吸收方式主要为主动运输；通过离子通道进出细胞时为协助扩散」——无机盐的离子存在形式与吸收方式；『细胞中的无机盐』已收『细胞中无机盐的存在形式、吸收方式与功能』『无机盐离子进出细胞的方式』同族材料。,slice-91
BIOLOGY,主动运输,bio-kb3-f4-s33-n05,主动运输,,KEEP,「生理意义：通过主动运输来选择吸收所需要的物质，排出代谢废物和对细胞有害的物质」——主动运输的生理意义，属现绑节点。,slice-91
BIOLOGY,主动运输,bio-mo-cell-119,主动运输,,KEEP,「患者肺部支气管上皮细胞表面转运氯离子的载体蛋白的功能发生异常，导致患者支气管中黏液增多，造成细菌感染」——载体蛋白功能异常的实例，现绑边界强调载体蛋白参与；库内囊性纤维化的同族材料在『基因表达与性状的关系』讲基因层，本条只讲载体蛋白，保留。,slice-91
BIOLOGY,主动运输,bio-mo-cell-120,主动运输,胞吞,REBIND,「胞吞形成的囊泡，在细胞内可以被溶酶体降解」「大分子物质和细菌、病毒等通过胞吞和胞吐方式出入细胞，需要消耗线粒体提供的能量」——胞吞胞吐的过程特点与耗能；『胞吞』节点已收『胞吞与胞吐』（概念/实例/特点）三条同族材料。,slice-91
BIOLOGY,主动运输,bio-mo-cell-121,主动运输,,KEEP,「不同细胞对同种离子的吸收量不同…细胞对离子的吸收具有选择性，其原因是膜载体的种类和数目不同」——别名含「动物细胞内外不同离子的相对浓度」。,slice-91
BIOLOGY,主动运输,bio-mo-cell-122,主动运输,物质出入细胞的方式,REBIND,「①半透膜：较小物质能通过，较大物质不能通过，不具有选择性，无生物活性」——半透膜与选择透过性膜的区分；『物质出入细胞的方式』已收近乎逐字相同的『半透膜与选择透过性膜的区别』。,slice-91
BIOLOGY,主动运输,bio-mo-cell-123,主动运输,渗透作用,REBIND,「而渗透是扩散的一种，指的是溶液中的小分子物质（水分子或其他小分子溶剂）从浓度低侧向高侧穿过半透膜的扩散」「渗透可以看成为一种特殊的扩散」——扩散与渗透的概念关系；同源背诵版相邻块『渗透作用必须通过半透膜』已绑『渗透作用』，该节点亦收『扩散的概念』。,slice-91
BIOLOGY,主动运输,bio-mo-cell-124,主动运输,物质出入细胞的方式,REBIND,「既使细胞没有整体表现出吸水或失水，但仍有水分子进出细胞」——水分子持续跨膜（无净流动）；『物质出入细胞的方式』已收『水分子仍能跨膜运输的原因』『水分子进出细胞的方式』同族材料。,slice-91
BIOLOGY,主动运输,bio-mo-cell-132,主动运输,渗透作用,REBIND,「渗透平衡时半透膜两侧液面仍存在液面高度差，则半透膜两侧溶液就存在浓度差，且液面高的一侧溶液浓度高」——渗透平衡≠浓度相等；『渗透作用』已收『渗透平衡不等于浓度相等』『渗透平衡时两侧溶液浓度并不相等』『液面差与浓度差的关系』。,slice-91
BIOLOGY,主动运输,bio-na-k-pump-maintains-gradient,主动运输,,KEEP,「Na+-K+ 泵不断把 Na+ 泵出膜外、K+ 泵入膜内→维持‘外 Na+ 高于膜内、内 K+ 高于膜外’的浓度差」「属主动运输、消耗 ATP」。,slice-91
BIOLOGY,主动运输,ext-bio-0770685097-044,主动运输,,KEEP,「Na+K+泵逆浓度梯度进行Na+和K+的主动运输，消耗ATP以改变载体蛋白的空间结构」——别名含「Na+K+泵建立细胞内外Na+、K+浓度差」。,slice-91
BIOLOGY,主动运输,ext-bio-0770685097-092,主动运输,,KEEP,「两者都属于ATP驱动泵，兼具载体与酶的功能」——钠钾泵与质子泵的识图判读，属现绑边界点名的ATP驱动泵。,slice-91
BIOLOGY,主动运输,ext-bio-362fa1edab-055,主动运输,,KEEP,「碘的吸收要从低浓度到高浓度，属于逆浓度运输，不能通过被动运输来吸收碘」——甲状腺滤泡上皮细胞吸碘为主动运输的经典实例，属现绑。,slice-91
BIOLOGY,主动运输,ext-bio-46ec017dac-027,主动运输,,KEEP,「为满足物质转运的额外能量需求，植株细胞呼吸强度增大，会分解更多体内的有机物」——耐盐Na⁺区隔化耗能为逆浓度主动运输的能耗代价，属现绑『主动运输』（同族盐策略材料已在册）。,slice-91
BIOLOGY,主动运输,ext-bio-5f510cdc4a-428,主动运输,,KEEP,「使一种物质逆浓度梯度或电化学梯度的转运与另一种物质顺浓度梯度或电化学梯度的转运偶联起来」——协同转运蛋白机理，别名含本条。,slice-91
BIOLOGY,主动运输,ext-bio-5f510cdc4a-429,主动运输,,KEEP,「结合后转运蛋白借助Na⁺的电化学梯度，将Na⁺和葡萄糖同时运输到细胞内，属于同向协同转运」——Na⁺梯度驱动的小肠葡萄糖协同转运属主动运输；兄弟节点『主动运输的类型』同收协同转运，族内重叠留待节点级处理，保留。,slice-91
BIOLOGY,主动运输,ext-bio-881f12d357-004b,主动运输,,KEEP,「若抑制钠钾泵的活动，细胞内外的 Na⁺ 和 K⁺ 浓度差会变小，使静息电位和动作电位的幅度都减小」——钠钾泵削弱影响浓度差与电位；库内『缺氧→ATP减少→钠钾泵活动减弱→离子梯度难以维持』同族材料已在现绑，保留。,slice-91
BIOLOGY,主动运输,ext-bio-9f8a8b505c-003,主动运输,,KEEP,「耐盐植物根细胞膜对无机盐离子具有选择透过性的结构基础是细胞膜上转运蛋白的种类和数量」——耐盐盐策略族（海水稻应对盐胁迫、耐盐植物的离子区隔化、耐盐植物跨膜运输策略）均在现绑；本条跨结构基础/根部吸水/胞吐三处，无更优单点，保留。,slice-91
BIOLOGY,主动运输,ext-bio-aedf8c8d06-005b,主动运输,,KEEP,「钠钾泵能逆浓度梯度同时转运 Na+ 和 K+」——钠钾泵兼具运输与ATP水解酶功能（离子泵），属现绑『主动运输』；通道（协助扩散）为其对照，与『通道蛋白与载体蛋白的辨析』族内重叠，保留。,slice-91
BIOLOGY,主动运输,ext-bio-bd72c2b129-043,主动运输,,KEEP,「由膜两侧离子的电化学梯度提供能量驱动相应物质的运输」「这种电化学梯度需要由ATP水解直接供能的主动运输来维持」——主动运输的供能方式，别名含「协同转运的能量来源与方向关系」。,slice-91
BIOLOGY,主动运输,ext-bio-c41d57e7c4-041,主动运输,,KEEP,「用途：判断离子跨膜运输方向时以此为依据」「而维持这种不均衡分布需要消耗能量、属于主动运输」——以浓度分布判断运输方式并点明维持靠主动运输，属现绑『主动运输』。,slice-91
BIOLOGY,主动运输,ext-bio-f424594cfa-051,主动运输,兴奋在神经纤维上的传导,REBIND,「这种细胞内高K+、细胞外高Na+的格局由钠钾泵逆浓度梯度主动运输维持」——静息时离子分布及其膜电位意义；『兴奋在神经纤维上的传导』已收近乎逐字相同的『细胞内外 Na⁺ 与 K⁺ 的浓度分布』（分布+泵维持+静息/动作电位意义）。,slice-91
BIOLOGY,主动运输,ext-bio-f424594cfa-058,主动运输,,KEEP,「细胞内K+浓度高、细胞外Na+浓度高，正是由钠钾泵维持的」——钠钾泵维持膜内外离子浓度梯度，属现绑。,slice-91
BIOLOGY,主动运输,ext-bio-f83dfd45c1-003,主动运输,,KEEP,「载体蛋白发生磷酸化后，空间结构改变，从而完成离子的跨膜转运」——ATP磷酸基团使载体蛋白磷酸化并改变构象，属现绑『主动运输』的ATP供能机制。,slice-91
BIOLOGY,主动运输,ext-bio-fb2ca61d8b-012,主动运输,,KEEP,「主动运输使膜两侧的H+具有浓度差，H+顺浓度梯度运输产生势能，细胞利用这个势能逆浓度梯度运输Na+」——反向协同转运，别名含本条。,slice-91
BIOLOGY,主动运输,ext-bio-fb2ca61d8b-013,主动运输,,KEEP,「光驱动泵…被光激活后形成跨膜的H+电化学梯度，驱动溶质的主动运输」——现绑边界正含「不同供能驱动方式（如ATP驱动泵与光驱动泵）」。,slice-91
BIOLOGY,主动运输的类型,bio-cotransporter-electrochemical-gradient,主动运输的类型,,KEEP,「一种离子（常为 H+ 或 Na+）顺其电化学梯度回流，释放能量驱动另一种粒子逆浓度梯度转运」「能量来源：离子的电化学梯度（由 ATP 驱动泵预先建立），故为间接耗能」——协同转运机制，属现绑。,slice-91
BIOLOGY,主动运输的类型,ext-bio-0770685097-047,主动运输的类型,,KEEP,「直接消耗ATP的主动运输通常称为泵，如Na+K+泵、H+泵」「ATP驱动泵既是载体蛋白，同时也是催化ATP水解的酶」——ATP驱动泵，属现绑三种驱动方式之一。,slice-91
BIOLOGY,主动运输的类型,ext-bio-0770685097-048,主动运输的类型,,KEEP,「由离子浓度梯度（电化学梯度）驱动、间接消耗ATP的主动运输分为两类」「同向协同转运时两种物质沿同一方向跨膜，反向协同转运时两种物质沿相反方向跨膜」——协同转运分类，属现绑。,slice-91
BIOLOGY,主动运输的类型,ext-bio-362fa1edab-059,主动运输的类型,,KEEP,「钠钾泵、H+泵通常称为泵（ATP驱动泵），它们既是载体蛋白，同时也是催化ATP水解的酶」——ATP驱动泵的双重功能，属现绑『主动运输的类型』。,slice-91
BIOLOGY,主动运输的类型,ext-bio-362fa1edab-061,主动运输的类型,,KEEP,「Na+葡萄糖同向转运载体存在于小肠和肾小管的上皮细胞，依靠Na+浓度差驱动葡萄糖逆浓度吸收，属于间接消耗ATP的主动运输」——同向协同转运，属现绑。,slice-91
BIOLOGY,主动运输的类型,ext-bio-5f510cdc4a-424,主动运输的类型,,KEEP,「钠钾泵每水解一个ATP，逆浓度梯度泵出三个Na⁺和泵入两个K⁺」「既能催化ATP水解，又能介导Na⁺和K⁺逆浓度梯度的主动运输」——钠钾泵（ATP驱动泵）机制，属现绑。,slice-91
BIOLOGY,主动运输的类型,ext-bio-5f510cdc4a-425,主动运输的类型,,KEEP,「钙泵是Ca²⁺激活的ATP酶，每水解一个ATP转运两个Ca²⁺到细胞外，形成钙离子梯度」「Ca²⁺是一种十分重要的信号物质」——钙泵机制为主，属现绑。,slice-91
BIOLOGY,主动运输的类型,ext-bio-5f510cdc4a-427,主动运输的类型,,KEEP,「溶酶体膜上的质子泵利用ATP水解释放的能量，将H⁺自细胞质基质逆浓度梯度运入溶酶体腔，属于ATP驱动泵」——ATP驱动泵供能实例，属现绑。,slice-91
BIOLOGY,主动运输的类型,ext-bio-5f510cdc4a-431,主动运输的类型,,KEEP,「光驱动泵主要发现于细菌，对溶质的主动运输与光能的输入相偶联」「菌紫红质利用光能驱动H⁺的转运」——三种驱动方式中的光驱动泵，属现绑。,slice-91
BIOLOGY,主动运输的类型,ext-bio-7533a1e1fd-011b,主动运输的类型,,KEEP,「只要能找到另一种离子（H⁺ 或 Na⁺）顺浓度梯度提供的驱动力，且有泵在消耗 ATP 维持该梯度，该物质就是逆浓度梯度的主动运输，只是能量是间接来源」——协同转运间接耗能，属现绑。,slice-91
BIOLOGY,主动运输的类型,ext-bio-7533a1e1fd-012,主动运输的类型,,KEEP,「由低浓度的肠腔进入高浓度的小肠上皮细胞，属于逆浓度梯度的主动运输」「因此葡萄糖进入小肠上皮细胞的过程属于间接消耗能量的主动运输」——同向协同转运（间接耗能）实例，属现绑。,slice-91
BIOLOGY,主动运输的类型,ext-bio-7533a1e1fd-012b,主动运输的类型,,KEEP,「反向协同转运：液泡内高浓度 $\rm{H}^{+}$ 运至细胞质溶胶时，将细胞质溶胶中的 $\rm{Na}^{+}$、$\rm{Ca}^{2+}$ 反向运入液泡」——反向协同转运实例，属现绑『协同转运的特点』。,slice-91
BIOLOGY,主动运输的类型,ext-bio-bd72c2b129-040,主动运输的类型,,KEEP,「每消耗1个ATP分子，逆浓度梯度泵出3个Na+、泵入2个K+」「保持膜内高钾、膜外高钠的不均匀离子分布」——钠钾泵的逆浓度梯度耗能运输，属现绑。,slice-91
BIOLOGY,主动运输的类型,ext-bio-bd72c2b129-041,主动运输的类型,,KEEP,「钙泵是Ca2+激活的ATP酶，每水解一个ATP可转运两个Ca2+到细胞外或内质网等细胞器中」「其意义是维持细胞质中Ca2+的低浓度水平」——钙泵（ATP驱动泵）供能机制，属现绑。,slice-91
BIOLOGY,交配类型的辨析及应用,ext-bio-5f510cdc4a-677,交配类型的辨析及应用,,KEEP,「正反交结果相同，则为常染色体遗传；正反交结果不同，涉及的遗传方式有三种」——正交反交结果判断，现绑边界即『正交与反交……由题目设定判断』。,slice-91
BIOLOGY,人工异花传粉的操作流程,ext-bio-645f709d4d-011,人工异花传粉的操作流程,,KEEP,「两性花是雌雄蕊同在一朵花中，如桃花、玫瑰、小麦、豌豆、水稻」「雌雄同株的有豌豆、玉米、黄瓜等，雌雄异株的有杨树、柳树等」——现绑别名逐字含『花与植株的性别类型』。,slice-91
BIOLOGY,人工异花传粉的操作流程,ext-bio-66537d75d3-006,人工异花传粉的操作流程,,KEEP,「母本是接受花粉的植株（提供雌配子），父本是提供花粉的植株（提供雄配子）」——现绑别名逐字含『父本与母本的判断』。,slice-91
BIOLOGY,人类遗传病,bio-mo-gene-138,人类遗传病,遗传病的检测和预防,REBIND,「基因治疗是指用正常基因取代或修补患者细胞中有缺陷的基因」——基因治疗即『遗传病的检测和预防』边界所讲（基因治疗尚在研究阶段），现绑『人类遗传病』只收概念、三大类型与五个不一定。,slice-91
BIOLOGY,人类遗传病,bio-mo-gene-143,人类遗传病,遗传病的检测和预防,REBIND,「基因检测是指通过检测人体细胞中的DNA序列，以了解人体的基因状况」「检测父母是否携带遗传病的致病基因，也能够预测后代患这种疾病的概率」——基因检测手段；『遗传病的检测和预防』已收『基因检测的合理性与隐私要求』，现绑节点只收概念与类型。,slice-91
BIOLOGY,人类遗传病,ext-bio-6efd28d8db-015,人类遗传病,遗传系谱图的分析及概率的计算,REBIND,「患病男孩概率=患病女孩概率=患病孩子概率×1/2」「由性染色体上的基因控制的遗传病，男孩患病指男孩中患病的」——患病男孩与男孩患病的概率规则；『遗传系谱图的分析及概率的计算』已收『辨析患病男孩与男孩患病』同题材料。,slice-91
BIOLOGY,人类遗传病,ext-bio-87ebe669c6-033b,人类遗传病,遗传病的检测和预防,REBIND,「孕妇血液中含少量来自胎儿的游离DNA」「方法扩增目的基因 即可检测胎儿的基因状况 从而对遗传病进行诊断」——产前基因诊断手段；『遗传病的检测和预防』正讲产前诊断与基因检测，现绑『人类遗传病』只收概念、三大类型与五个不一定。,slice-91
BIOLOGY,人类遗传病,ext-bio-93a46b25db-011,人类遗传病,,KEEP,「21三体综合征由21号同源染色体由2条增为3条引起，属个别染色体数目的增加」——染色体异常遗传病的典型实例，属现绑人类遗传病的类型与实例面（前轮已把染色体异常材料改绑至此），保留。,slice-91
BIOLOGY,人脑的高级功能,bio-mo-nerve-036,人脑的高级功能,,KEEP,「语言功能是人脑特有的高级功能，它包括与语言、文字相关的全部智能活动，涉及人类的听、说、读、写」——现绑别名逐字含《人的大脑除了感知外部世界以及控制机体》。,slice-91
BIOLOGY,人脑的高级功能,bio-mo-nerve-037,人脑的高级功能,,KEEP,「学习和记忆涉及脑内神经递质的作用以及某些种类蛋白质的合成」——现绑别名逐字含《学习和记忆涉及脑内神经递质》。,slice-91
BIOLOGY,人脑的高级功能,bio-mo-nerve-040,人脑的高级功能,,KEEP,「因在某种生理或病理现象下参与的神经中枢往往不止一个」——现绑别名逐字含，且现绑边界即该生理/病理现象表。,slice-91
BIOLOGY,人脑的高级功能,bio-mo-nerve-042,人脑的高级功能,,KEEP,「生理或病理现象：植物人；神经中枢参与（损伤）：大脑皮层损伤、小脑功能退化、但下丘脑、脑干、脊髓功能正常」——现绑边界即含植物人/高位截瘫各中枢参与行。,slice-91
BIOLOGY,人脑的高级功能,bio-mo-nerve-043,人脑的高级功能,,KEEP,「视觉语言中枢位于顶下小叶的角回，靠近视觉中枢，而视觉中枢则位于上方的楔回和下方的舌回上」——现绑别名逐字含《视觉中枢≠视觉语言中枢》。,slice-91
BIOLOGY,人脑的高级功能,ext-bio-5f510cdc4a-1179,人脑的高级功能,,KEEP,「记忆过程分四个阶段：感觉性记忆、第一级记忆、第二级记忆和第三级记忆；前两个阶段相当于短时记忆」——现绑别名含《学习与记忆的物质基础》。,slice-91
BIOLOGY,人脑的高级功能,ext-bio-5f510cdc4a-1181,人脑的高级功能,,KEEP,「消极情绪积累形成抑郁，超过两周可能形成抑郁症」——现绑别名含《情绪与抑郁症》《情绪也是大脑的高级功能之一》。,slice-91
BIOLOGY,人脑的高级功能,ext-bio-6522315ec7-007,人脑的高级功能,,KEEP,「学习和记忆指神经系统不断接受刺激，获得新的行为、习惯和积累经验的过程」——现绑别名逐字含《学习记忆的机理与情绪调节》。,slice-91
BIOLOGY,人脑的高级功能,ext-bio-881f12d357-002,人脑的高级功能,,KEEP,「条件反射的建立需要条件刺激与非条件刺激反复结合，其本质是使相应刺激代表区之间形成功能性联系」「脑的高级功能包括记忆、情绪等」——现绑别名逐字含《条件反射的建立与脑区的联系》。,slice-91
BIOLOGY,人脑的高级功能,ext-bio-98cf7fc93b-007,人脑的高级功能,,KEEP,「人类的记忆过程分成感觉性记忆、第一级记忆、第二级记忆和第三级记忆四个阶段，前两个阶段相当于短时记忆，后两个阶段相当于长时记忆」——现绑别名含《学习与记忆的物质基础》。,slice-91
BIOLOGY,人脑的高级功能,ext-bio-b714d7defc-098,人脑的高级功能,,KEEP,「抑郁通常是短暂的，一般不超过两周」「当抑郁持续下去得不到缓解时，就可能形成抑郁症；若持续两周以上，则应咨询精神心理科医生」——情绪/抑郁属现绑节点高级功能内容。,slice-91
BIOLOGY,人脑的高级功能,ext-bio-c11b82226c-008,人脑的高级功能,,KEEP,「学习和记忆由多个脑区和神经通路参与，并非由单一脑区控制」「情绪也是大脑的高级功能之一」——现绑别名逐字含《学习记忆的形成机理与情绪》。,slice-91
BIOLOGY,人脑的高级功能,ext-bio-f424594cfa-099,人脑的高级功能,,KEEP,「短时记忆可能与神经元之间即时的信息交流有关，尤其是与大脑皮层下一个形状像海马的脑区有关」——现绑别名逐字含《学习与记忆的物质基础》。,slice-91
BIOLOGY,人脑的高级功能,ext-bio-f424594cfa-101,人脑的高级功能,,KEEP,「消极情绪达到一定程度时会产生抑郁」「当抑郁持续下去而得不到缓解时，就可能形成抑郁症」——现绑别名逐字含《情绪与抑郁症》。,slice-91
BIOLOGY,传统发酵技术,bio-fx-acetobacter-characters,传统发酵技术,,KEEP,「原核生物（无成形细胞核），异养需氧型」「果醋发酵需持续通入无菌空气，温度控制在30-35摄氏度」——醋酸菌代谢特点与果醋发酵；现绑节点收同名，保留。,slice-91
BIOLOGY,传统发酵技术,bio-fx-lactobacillus-characters,传统发酵技术,,KEEP,「原核生物，异养厌氧型」「无氧条件下乳酸发酵：葡萄糖→乳酸，泡菜制作依赖此原理」——乳酸菌代谢特点与泡菜原理；现绑节点收同名《乳酸菌的代谢特点》，保留。,slice-91
BIOLOGY,传统发酵技术,bio-fx-mucor-characters,传统发酵技术,,KEEP,「毛霉是异养需氧的真核生物（丝状真菌）」「蛋白酶将豆腐蛋白质分解为小分子肽和氨基酸；脂肪酶将脂肪水解为甘油和脂肪酸」——腐乳制作中毛霉的作用；现绑节点收同名，保留。,slice-91
BIOLOGY,传统发酵技术,bio-mo-fermentation-001,传统发酵技术,,KEEP,「多种微生物参与了豆腐的发酵，如酵母、曲霉和毛霉等，其中起主要作用的是毛霉」「豆腐中的蛋白质被分解成小分子的肽和氨基酸」——腐乳制作原理；现绑节点已收《腐乳一直受到人们的喜爱》《毛霉在腐乳制作中的作用》，保留。,slice-91
BIOLOGY,传统发酵技术,bio-mo-fermentation-002,传统发酵技术,,KEEP,「直接利用原材料中天然存在的微生物，或利用前一次发酵保存下来的面团、卤汁等发酵物中的微生物进化发酵、制作食品的技术一般称为传统发酵技术」——即现绑节点的概念定义，保留。,slice-91
BIOLOGY,传统发酵技术,bio-mo-fermentation-004,传统发酵技术,,KEEP,「乳酸菌是厌氧细菌，在无氧的情况下能将葡萄糖分解成乳酸」「可用于乳制品的发酵、泡菜的腌制等」——乳酸菌特性与发酵用途；现绑节点即传统发酵（泡菜）族，保留。,slice-91
BIOLOGY,传统发酵技术,bio-mo-fermentation-005,传统发酵技术,,KEEP,「酵母菌是兼性厌氧微生物，在无氧条件下能进行酒精发酵」「酿酒酵母的最适生长温度约为28 ℃」——酵母菌特点与用途；现绑节点收同名《酵母菌是兼性厌氧微生物》，保留。,slice-91
BIOLOGY,传统发酵技术,bio-mo-fermentation-006,传统发酵技术,,KEEP,「用于制作泡菜的蔬菜应新鲜，若放置时间过长，蔬菜中的亚硝酸盐含量相对较高」「盐的用量过高，乳酸发酵受抑制」——泡菜选料与盐水浓度；现绑节点收同名，保留。,slice-91
BIOLOGY,传统发酵技术,bio-mo-fermentation-007,传统发酵技术,,KEEP,「泡菜在腌制过程中会有亚硝酸盐产生」「如果人体摄入过量，会发生中毒，甚至死亡」——泡菜亚硝酸盐及其危害；现绑节点收同名《泡菜在腌制过程中会有亚硝酸盐产生》，保留。,slice-91
BIOLOGY,传统发酵技术,bio-mo-fermentation-008,传统发酵技术,,KEEP,「醋酸菌是好氧细菌，当O2、糖源都充足时能通过复杂的化学反应将糖分解成乙酸」「多数醋酸菌的最适生长温度为30～35 ℃」——醋酸菌特点；现绑节点收同名《醋酸菌是好氧细菌》，保留。,slice-91
BIOLOGY,传统发酵技术,bio-mo-fermentation-011,传统发酵技术,,KEEP,「选择新鲜的葡萄，榨汁前先将葡萄进行冲洗，再除去枝梗，以防葡萄汁流失及污染」「留有大约1/3的空间：目的是先让酵母菌进行有氧呼吸快速繁殖」——果酒制作选料与留空排气；现绑节点收同名，保留。,slice-91
BIOLOGY,传统发酵技术,ext-bio-18f7dccd17-010,传统发酵技术,,KEEP,「原理：乳酸发酵，葡萄糖在无氧条件下被乳酸菌分解为乳酸并释放少量能量」「乳酸菌为原核生物，代谢类型为异养厌氧型」——泡菜原理与菌种；现绑节点收同名《泡菜制作的原理与乳酸菌》，保留。,slice-91
BIOLOGY,传统发酵技术,ext-bio-1e2cbd06a1-002,传统发酵技术,,KEEP,「用清水和食盐配制质量分数为5%～20%的盐水（作用是调味和抑制微生物生长），并将盐水煮沸、冷却待用」「封坛发酵时向坛盖边缘的水槽中注满水」——泡菜流程与各步骤原因；现绑节点收同名同族，保留。,slice-91
BIOLOGY,传统发酵技术,ext-bio-1e2cbd06a1-005,传统发酵技术,,KEEP,「发酵瓶、榨汁机等器具用洗洁精清洗干净，并用体积分数为70%的酒精消毒」「先冲洗再除去枝梗是为避免除枝梗时葡萄破损导致杂菌污染」——果酒果醋制作流程与操作要点；现绑节点已收《果酒与果醋发酵流程》同族，保留。,slice-91
BIOLOGY,传统发酵技术,ext-bio-5f510cdc4a-1701,传统发酵技术,,KEEP,「在无氧条件下，乳酸菌将葡萄糖分解为乳酸并释放能量」「用清水和食盐配制质量分数为 5%~20% 的盐水并将盐水煮沸、冷却待用」——泡菜菌种原理与操作要点；现绑节点收同名，保留。,slice-91
BIOLOGY,传统发酵技术,ext-bio-5f510cdc4a-1703,传统发酵技术,,KEEP,「代谢类型：酵母菌为异养兼性厌氧型，醋酸菌为异养需氧型」「果酒 18~30 ℃（酵母菌最适生长温度约为 28 ℃）发酵 10~12 d，前期需氧、后期不需氧」——果酒果醋菌种原理条件比较；现绑节点收同名，保留。,slice-91
BIOLOGY,传统发酵技术,ext-bio-75f7cbbf0f-002,传统发酵技术,,KEEP,「醋酸菌是好氧细菌，氧气和糖源充足时将糖分解成乙酸，缺少糖源时把乙醇转化为乙醛再变为乙酸」「果酒变果醋需改变两个条件：一是通氧(醋酸菌为好氧细菌)，二是升高温度」——果酒果醋制作条件（背诵）；现绑节点收同名，保留。,slice-91
BIOLOGY,传统发酵技术,ext-bio-b40cdc0a76-002b,传统发酵技术,,KEEP,「煮沸盐水是为了杀灭盐水中的微生物 去除水中的溶解氧 冷却主要是为了防止杀死菜料表面的乳酸菌」「坛盖边沿水槽注满水 目的是使气体只能从泡菜坛排出而不能进入」——泡菜制作各处理与目的；现绑节点已收《泡菜制作中营造无氧环境的措施》，保留。,slice-91
BIOLOGY,伴性遗传,bio-fj-13-maternal-cytoplasmic-genes,伴性遗传,受精作用,REBIND,「卵细胞提供一半核基因和几乎全部细胞质基因（线粒体DNA等）」「精子几乎只提供细胞核，细胞质极少」——双亲对子代核/质基因的贡献，属目标节点所收《受精卵中核基因与质基因的来源》；现绑边界只讲性染色体上基因。,slice-91
BIOLOGY,伴性遗传,bio-fj-13-sex-identification,伴性遗传,,KEEP,「细胞水平：减Ⅰ均等分裂→雄性；减Ⅰ、减Ⅱ都不均等→雌性」「染色体水平（XY型）：有一对染色体大小形态不同→雄性」——性别鉴定落点在性染色体形态差（现绑边界即收 X 与 Y 染色体的结构差异）；前轮已裁定由减数分裂肥节点改绑入本节点。,slice-91
BIOLOGY,伴性遗传,bio-fj-17-sex-chromosome-transmission,伴性遗传,,KEEP,「男（X1Y）：X1只能由父亲传给女儿；Y由父亲传给儿子。」「女（X2X3）：任一条X既可传给女儿也可传给儿子。」——现绑边界即收 X 与 Y 染色体的传递特点；同名近重复节点『性染色体的传递规律』属节点合并事项。,slice-91
BIOLOGY,伴性遗传,bio-fj-23-x-linked-gene-frequency,伴性遗传,,KEEP,「男性红绿色盲发病率=Xb基因频率；女性发病率为其平方，携带者为2pq」——现绑边界明列 X 染色体基因频率的计算。,slice-91
BIOLOGY,伴性遗传,bio-fx-maternal-effect,伴性遗传,母性效应与表型模拟,REBIND,「子代某一表型受母亲基因型影响，与自身基因型无关」「正反交结果不同，但不是细胞质遗传」「实质：核基因的表达产物积累在卵细胞中」——即目标节点『母性效应与表型模拟』的母性效应要素；非伴性遗传。,slice-91
BIOLOGY,伴性遗传,ext-bio-4d59518957-007,伴性遗传,,KEEP,「X₁Y 中的 X₁ 只能由父亲传给女儿，Y 则由父亲传给儿子」「来自父亲的 X 染色体是 X₁，来自母亲的是 X₂ 或 X₃ 中的一条，两者各占 1/2」——现绑边界即收 X 与 Y 染色体的传递特点。,slice-91
BIOLOGY,伴性遗传,ext-bio-4d59518957-009,伴性遗传,,KEEP,「X 染色体比 Y 染色体大，携带的基因更多」「这正是伴 X 隐性性状在男性中更易表现的原因」「伴 X 遗传仍然遵循孟德尔的分离定律」——现绑边界即收二者结构差异，末段属伴X遗传背景。,slice-91
BIOLOGY,伴性遗传,ext-bio-5f510cdc4a-788,伴性遗传,,KEEP,「染色体分为常染色体与性染色体，性染色体分为XY型与ZW型，二者均可决定性别」「人类X染色体比Y染色体大、携带的基因多」——染色体分类与性别决定的染色体基础，属现绑性别决定族。,slice-91
BIOLOGY,伴性遗传,ext-bio-5f510cdc4a-789,伴性遗传,,KEEP,「后代性别决定于雄配子；代表生物为大多数雌雄异体的动物、全部哺乳动物等」「后代性别决定于雌配子」——XY/ZW 性别决定比较，属现绑性别决定族；『其他性别决定方式简介』只收 XO/环境等“其他”类型。,slice-91
BIOLOGY,伴性遗传,ext-bio-636de2a928-006b,伴性遗传,连锁互换问题的配子分析,REBIND,「结合条件“重组型配子比例小于非重组型配子”，可知 Z^AB 是重组型配子（占比仅 10%，占比低）」「重组型配子 Z^AB 占 10%…非重组型配子 Z^Ab、Z^aB 各占 40%」——由子代比例反推连锁与重组型配子，属目标节点《由配子或子代比例反推两对基因是独立还是连锁》同类；非伴性遗传。,slice-91
BIOLOGY,伴性遗传,ext-bio-7b174793ed-002,伴性遗传,,KEEP,「不是所有生物都有性染色体，只有由性染色体决定性别的生物才有性染色体；雌雄同株的植物（如豌豆、水稻等）无性染色体」「X1Y 中 X1 只能由父亲传给女儿」——现绑边界即收 X 与 Y 染色体的传递特点；同族近条在本节点。,slice-91
BIOLOGY,伴性遗传,ext-bio-89d8f5bffe-027,伴性遗传,,KEEP,「在X、Y染色体的同源区段，基因成对存在，存在等位基因。在X、Y染色体的非同源区段，基因不存在等位基因。」——现绑边界即收 X 与 Y 染色体的传递特点及二者结构差异；同课件近条《XY同源区段遗传的基因型与特点》亦在本节点。,slice-91
BIOLOGY,伴性遗传,ext-bio-8a7ed95291-008,伴性遗传,,KEEP,「X1Y中X1只能由父亲传给女儿，Y则由父亲传给儿子。」「一对夫妇生两个女儿，来自父亲的都为X1」——现绑边界即收 X 与 Y 染色体的传递特点。,slice-91
BIOLOGY,伴性遗传,ext-bio-925fb82620-005,伴性遗传,,KEEP,「由性染色体决定性别的生物才有性染色体，雌雄同株的植物无性染色体」「性染色体上的基因在遗传时与性别相关联，但未必都与性别决定有关」——两个易错辨析；同族近条《并非所有真核生物都有性染色体》《性染色体上的基因未必都与性别决定有关》已在本节点。,slice-91
BIOLOGY,伴性遗传,ext-bio-e3a300b276-004b,伴性遗传,,KEEP,「并非所有生物都有性染色体：性染色体仅存在于通过性染色体决定性别的物种中，雌雄同体的生物没有性染色体，如水稻、玉米等」——现绑边界即收 X 与 Y 染色体的传递特点；同名近重复节点『性染色体的传递规律』属节点合并候选。,slice-91
BIOLOGY,伴性遗传,ext-bio-e84690a130-002b,伴性遗传,性染色体的传递规律,REBIND,「X1Y个体中X1只能由父亲传给女儿，Y则由父亲传给儿子。」「女儿中来自父亲的都为X1，来自母亲的可能是X2或X3」——材料标题《性染色体的传递规律》与目标节点同名，正文即该规律；同源块近条已在该节点。,slice-91
BIOLOGY,伴性遗传,ext-bio-f49eeec233-003,伴性遗传,,KEEP,「XX 为雌性，XY 为雄性」「ZW 为雌性，ZZ 为雄性」「父亲（$X_1Y$）与母亲（$X_2X_3$）：$X_1$ 传给女儿，Y 传给儿子」——性别决定类型与性染色体传递特点，属现绑性别决定/传递族。,slice-91
BIOLOGY,伴性遗传的特点及应用,bio-fj-23-lamarck-theory,伴性遗传的特点及应用,自然选择,REBIND,「主要内容：用进废退和获得性遗传；生物由更古老的生物进化而来」——拉马克学说；『自然选择』已收『拉马克的进化学说』『拉马克学说的不足』『拉马克与达尔文的进化学说』等六条以上同题材料，现绑『伴性遗传的特点及应用』无对应。,slice-91
BIOLOGY,伴性遗传的特点及应用,bio-kb-lamarck-evolution-theory,伴性遗传的特点及应用,自然选择,REBIND,「适应性特征的形成是由于用进废退和获得性遗传」「彻底否定了物种不变论」——拉马克学说观点与意义；『自然选择』已收『拉马克学说与达尔文自然选择学说的比较』等同题材料，现绑『伴性遗传的特点及应用』无对应。,slice-91
BIOLOGY,伴性遗传的特点及应用,ext-bio-5f510cdc4a-081,伴性遗传的特点及应用,,KEEP,「使子代不同性别表现出不同性状（如芦花与非芦花这对相对性状）」「从而在早期雏鸡等幼龄阶段区分雌性和雄性」——伴性遗传在生产中的应用，属现绑节点。,slice-91
BIOLOGY,伴性遗传的特点及应用,ext-bio-8ce3191e5a-006,伴性遗传的特点及应用,性染色体的传递规律,REBIND,「X、Y染色体同源区段基因成对存在、存在等位基因，非同源区段则没有等位基因」「X1只能传给女儿、Y只能传给儿子」——性染色体传递与区段规律；『性染色体的传递规律』边界即“雌雄同体的生物无性染色体…母女之间传递的X不一定是同一条”，现绑『伴性遗传的特点及应用』只讲三类遗传特点与生产应用。,slice-91
BIOLOGY,伴性遗传的特点及应用,ext-bio-c98b0853f5-002b,伴性遗传的特点及应用,性染色体的传递规律,REBIND,「男性的X染色体来自母亲，Y染色体来自父亲」「XY同源区段基因的遗传与位于常染色体上基因的遗传类似」——性染色体传递与区段遗传；『性染色体的传递规律』已收『X、Y染色体的来源传递规律与同源区段的遗传』等同题材料，现绑节点只讲特点与应用。,slice-91
BIOLOGY,伴性遗传的特点及应用,ext-bio-f49eeec233-005b,伴性遗传的特点及应用,,KEEP,「选择亲本：非芦花雄鸡和芦花雌鸡杂交」「子代中雄鸡全为芦花，雌鸡全为非芦花，可根据羽毛特征区分性别」——伴性遗传在生产实践中的应用，属现绑『伴性遗传的特点及应用』。,slice-91
BIOLOGY,体液免疫,bio-fx-judge-antibody-location,体液免疫,,KEEP,「抗体主要存在于血清等细胞外液中，不能进入细胞内」「胞内病原体由细胞毒性T细胞识别并使靶细胞裂解，释放出的病原体再被抗体结合清除」——抗体分布与胞内病原体清除的分工，正合现绑『体液免疫』边界所列『体液免疫与细胞免疫的分工配合』易错点。,slice-91
BIOLOGY,体液免疫,ext-bio-26746c92ba-122c,体液免疫,,KEEP,「第一个信号：一些病原体可以和B细胞接触」「第二个信号：抗原呈递细胞将抗原处理后呈递在细胞表面……辅助性T细胞表面的特定分子发生变化并与B细胞结合」——即现绑『体液免疫』边界所列B细胞活化的两个信号。,slice-91
BIOLOGY,体液免疫,ext-bio-281a882fd7-027,体液免疫,,KEEP,「B细胞的激活需要双信号刺激」「活化后大部分分化为浆细胞，小部分分化为记忆B细胞」——双信号机制，属现绑『体液免疫』。,slice-91
BIOLOGY,体液免疫,ext-bio-5f510cdc4a-1322,体液免疫,,KEEP,「B细胞的特异性：通常情况下，一个B细胞只针对一种特异的病原体，活化、增殖后只产生一种特异性抗体」——体液免疫中B细胞的特点与辅助性T细胞作用，属现绑节点。,slice-91
BIOLOGY,体液免疫,ext-bio-8c5f3169c5-013,体液免疫,,KEEP,「B 细胞的活化需要两个信号的刺激和细胞因子的作用」「第二个信号：辅助性 T 细胞表面的特定分子发生变化并与 B 细胞结合」——现绑边界逐字含B细胞活化需要两个信号。,slice-91
BIOLOGY,体液免疫,ext-bio-d2d8e68a91-083,体液免疫,,KEEP,「B细胞受到两个信号的刺激后，在细胞因子的作用下分裂分化为浆细胞和记忆细胞，再由浆细胞产生和分泌抗体」——体液免疫过程，属现绑节点。,slice-91
BIOLOGY,体液调节和神经调节的区别与联系,bio-mo-hormone-009,体液调节和神经调节的区别与联系,反馈调节,REBIND,「在一个系统中，系统本身工作的效果，反过来又作为信息调节该系统的工作，这种调节方式叫作反馈调节」「反馈调节是生命系统中非常普遍的调节机制」——通篇为反馈调节的定义与意义；现绑节点『体液调节和神经调节的区别与联系』边界是两者比较表，已有节点『反馈调节』（别名含『反馈调节的概念与意义』）。,slice-91
BIOLOGY,体液调节和神经调节的区别与联系,bio-mo-nerve-044,体液调节和神经调节的区别与联系,,KEEP,「激素等化学物质，通过体液传送的方式对生命活动进行调节，称为体液调节」「也能作为体液因子对细胞、组织和器官的功能起调节作用」——节点别名含『体液调节的概念与体液因子』。,slice-91
BIOLOGY,体液调节和神经调节的区别与联系,bio-mo-nerve-048,体液调节和神经调节的区别与联系,,KEEP,「不少内分泌腺直接或间接地受中枢神经系统的调节，在这种情况下，体液调节可以看作是神经调节的一个环节」「内分泌腺分泌的激素可以影响神经系统的发育和功能」——体液调节与神经调节的联系，正合现绑节点。,slice-91
BIOLOGY,体温调节,bio-mo-nerve-046,体温调节,,KEEP,「代谢产热是机体热量的主要来源」「运动时，骨骼肌成为主要的产热器官」——现绑『体温调节』边界逐字含“代谢产热是机体热量的主要来源”。,slice-91
BIOLOGY,体温调节,bio-mo-nerve-053,体温调节,,KEEP,「高烧不退的病人不应加盖棉被」「体温调节功能暂时丧失或降低，加盖棉被不但不会排汗，反而影响热量的散失」——体温调节失效与散热，属现绑『体温调节』易错面；『内环境失衡与人体健康』讲的是发烧影响酶活性，未收此族。,slice-91
BIOLOGY,体温调节,ext-bio-04367dcc90-038,体温调节,,KEEP,「动物长时间处在高温、低温环境中体温维持稳定，产热量始终基本等于散热量」——体温恒定时产热与散热的关系，现节点已收『易错：体温恒定时产热量等于散热量』。,slice-91
BIOLOGY,体温调节,ext-bio-04367dcc90-039,体温调节,,KEEP,「低温环境产热量等于低温环境散热量，且大于高温环境散热量」「低温环境耗氧量大于高温环境耗氧量」——产热、散热与耗氧量比较，现节点已收『体温调节的产热与散热』同族材料。,slice-91
BIOLOGY,体温调节,ext-bio-598fee4795-021,体温调节,,KEEP,「恒温动物（如鼠）气温下降时散热增加，通过神经-体液调节促进产热，呼吸增强、耗氧量上升」——恒温动物的产热调节，属现绑『体温调节』。,slice-91
BIOLOGY,体温调节,ext-bio-d01e6604e9-036,体温调节,,KEEP,「聚群个体的散热量和产热量都低于独居个体，耗氧量相应减少，属于机体维持体温稳定的行为性调节」——维持体温的行为性调节，属现绑边界“通过调节产热与散热过程维持体温相对恒定”。,slice-91
BIOLOGY,使用高倍显微镜观察细胞,bio-fj-01-slide-move,使用高倍显微镜观察细胞,,KEEP,「装片与物像移动方向相反，物像偏哪方向，装片就向哪方向移动」「观察目标应先在低倍镜下移至视野中央，再换高倍镜」——成像与换镜操作，属现绑『使用高倍显微镜观察细胞』。,slice-91
BIOLOGY,使用高倍显微镜观察细胞,bio-kb-lens-length-magnification,使用高倍显微镜观察细胞,,KEEP,「物镜越长，放大倍数越大，距盖玻片距离越近」「目镜越长，放大倍数越小」——镜头与放大倍数关系，属现绑『使用高倍显微镜观察细胞』。,slice-91
BIOLOGY,使用高倍显微镜观察细胞,bio-kb3-f1-s1-2-n01,使用高倍显微镜观察细胞,,KEEP,「物镜越长，放大倍数越大，目镜越长，放大倍数越小」「调亮视野的方法：换大光圈或使用凹面镜」——显微镜结构与放大规律，属现绑边界“显微镜的基本结构与成像原理”。,slice-91
BIOLOGY,使用高倍显微镜观察细胞,bio-kb3-f1-s1-2-n06,使用高倍显微镜观察细胞,,KEEP,「与原来相比放大了4倍，那么：（1）原来一行能看到8个细胞，现为2个」「原来圆形视野内能看到64个细胞，现为4个」——视野细胞数目计算，现绑边界逐字含“放大倍数改变时视野中细胞数目的计算方法”。,slice-91
BIOLOGY,使用高倍显微镜观察细胞,bio-mo-cell-009,使用高倍显微镜观察细胞,,KEEP,「由于显微镜下成像是倒立的像，若细胞在显微镜下的像偏右上方，实际在装片中细胞的位置则偏左下方」——成像与物像移动，属现绑『使用高倍显微镜观察细胞』。,slice-91
BIOLOGY,使用高倍显微镜观察细胞,bio-mo-cell-221,使用高倍显微镜观察细胞,,KEEP,「在低倍镜下观察清楚并找到目标，把要放大的物像移到视野中央」「若视野较暗，可调节光圈和反光镜」——低倍换高倍的操作步骤，属现绑边界“低倍镜换高倍镜的操作要求”。,slice-91
BIOLOGY,使用高倍显微镜观察细胞,bio-mo-cell-222,使用高倍显微镜观察细胞,,KEEP,「显微镜放大的是物像的长度或宽度，而不是面积或体积」——放大倍数的含义，现绑边界逐字含“放大倍数指长度而非面积”。,slice-91
BIOLOGY,使用高倍显微镜观察细胞,bio-mo-cell-223,使用高倍显微镜观察细胞,,KEEP,「目镜的长度与其放大倍数呈反比」「如观察对象在视野的左下方，要将它移到视野中央，玻片应向左下方移动」——放大规律与装片移动，属现绑『使用高倍显微镜观察细胞』。,slice-91
BIOLOGY,使用高倍显微镜观察细胞,ext-bio-23404bac23-063,使用高倍显微镜观察细胞,,KEEP,「目镜没有螺纹，物镜有螺纹」「物镜镜头越长，放大倍数越大，且物镜镜头与载玻片间的距离越近」——镜头结构与放大规律，属现绑『使用高倍显微镜观察细胞』。,slice-91
BIOLOGY,使用高倍显微镜观察细胞,ext-bio-3438b53d44-018,使用高倍显微镜观察细胞,,KEEP,「目镜无螺纹，目镜越长放大倍数越小」「物镜有螺纹，物镜越长放大倍数越大，距盖玻片的距离越近」——镜头结构与放大规律，属现绑『使用高倍显微镜观察细胞』。,slice-91
BIOLOGY,使用高倍显微镜观察细胞,ext-bio-3481f17f61-052,使用高倍显微镜观察细胞,,KEEP,「目镜：直接放在镜筒上，无螺纹，长度越长放大倍数越小」「物镜：拧在转换器上，有螺纹，长度越长放大倍数越大」——属现绑『使用高倍显微镜观察细胞』。,slice-91
BIOLOGY,使用高倍显微镜观察细胞,ext-bio-5f510cdc4a-170,使用高倍显微镜观察细胞,,KEEP,「目镜：没有螺纹，放大倍数与镜筒长度呈负相关」「物镜：有螺纹，放大倍数与镜筒长度呈正相关」——镜头长短与放大倍数，属现绑『使用高倍显微镜观察细胞』。,slice-91
BIOLOGY,使用高倍显微镜观察细胞,ext-bio-9bb1ae91a7-035,使用高倍显微镜观察细胞,,KEEP,「目镜直接放在镜筒上、无螺旋；物镜需拧在转换器上、有螺旋」「放大倍数等于目镜放大倍数与物镜放大倍数的乘积」——属现绑『使用高倍显微镜观察细胞』。,slice-91
BIOLOGY,信息传递,bio-fj-20-replication-mistakes,信息传递,dna的复制,REBIND,「子链合成需要引物参与」「打开DNA双链的是解旋酶，不是DNA聚合酶」——DNA复制易错辨析，属『dna的复制』（别名含DNA复制相关的常见易错辨析）；现绑『信息传递』讲生态系统的信息传递，边界明示与DNA复制相区分。,slice-91
BIOLOGY,信息传递,bio-mo-ecosystem-024,信息传递,,KEEP,「自然界中的光、声、温度、湿度、磁场等，通过物理过程传递的信息，称为物理信息」「在生命活动中，生物还产生一些可以传递信息的化学物质」——信息的种类（物理/化学信息），属现绑节点。,slice-91
BIOLOGY,信息传递,bio-mo-ecosystem-025,信息传递,,KEEP,「（1）生命活动的正常进行，离不开信息的作用，如海豚的回声定位、莴苣种子的萌发」「（3）调节生物的种间关系，进而维持生态系统的平衡与稳定」——信息传递在生态系统中的作用三层，属现绑『信息传递』。,slice-91
BIOLOGY,信息传递,bio-mo-ecosystem-027,信息传递,,KEEP,「目前控制动物危害的技术方法大致有三种：化学防治、生物防治和机械防治」「人们越来越倾向于利用对人类生存环境无污染的、有效的生物防治」——即现绑『信息传递』在农业生产中应用的原文内容。,slice-91
BIOLOGY,信息传递,bio-mo-ecosystem-031,信息传递,,KEEP,「1. 措施——化学防治：化学药剂喷施等；机械防治：人工捕捉等；生物防治：引入天敌或寄生生物等」——控制动物危害的三种技术，属现绑『信息传递』边界『在农业生产中有两方面应用』（对有害动物进行控制）。,slice-91
BIOLOGY,信息传递,ext-bio-a11fedf14f-027,信息传递,,KEEP,「生物防治：防治手段为利用信息或种间关系进行防治，优劣评价是对人类生存的环境无污染、有效」——三类防治的手段与优劣评价，即信息传递在农业生产中应用的比较，属现绑节点。,slice-91
BIOLOGY,信息分子与功能物质,ext-bio-0e188943fe-004,信息分子与功能物质,,KEEP,「激素由内分泌细胞产生、作为信息分子随体液运输并作用于靶细胞」「酶由活细胞产生、通过降低活化能起催化作用，反应前后性质不变」——激素、酶、神经递质的比较，正属现绑『信息分子与功能物质』。,slice-91
BIOLOGY,信息分子与功能物质,ext-bio-4a138bdd58-004b,信息分子与功能物质,,KEEP,「| 化学本质 | 绝大多数是蛋白质 少数是RNA | 肽类或蛋白质、类固醇类等 | 乙酰胆碱、多巴胺、某些氨基酸等 |」「| 作用机制 | 降低化学反应的活化能 起催化作用 反应前后性质不变 |」——酶与动物激素、神经递质的比较，现绑别名逐字含该标题。,slice-91
BIOLOGY,信息分子与功能物质,ext-bio-5f510cdc4a-292,信息分子与功能物质,,KEEP,「受体具有专一性，化学本质可能为糖蛋白，也可能为糖脂」「受体多位于细胞膜的外表面」「并非所有细胞间的信息交流都依赖于细胞膜上的受体」——受体的专一性、化学本质与分布，属现绑受体族。,slice-91
BIOLOGY,信息分子与功能物质,ext-bio-8bc92c333d-002,信息分子与功能物质,,KEEP,「绝大多数是蛋白质且多为糖蛋白，少数是糖脂」「第二信使学说：胞外第一信使作用于细胞表面受体后产生胞内第二信使（如cAMP、cGMP、Ca2+）」——受体类型与第二信使学说，现绑别名同名。,slice-91
BIOLOGY,信息分子与功能物质,ext-bio-8f68ef0765-035,信息分子与功能物质,,KEEP,「来源：酶由活细胞产生；激素由内分泌器官或细胞产生；神经递质由突触前膜释放；抗体由浆细胞产生」「作用后去向：酶作用后不变；激素被灭活」——酶、激素、递质、抗体比较，现绑别名同名。,slice-91
BIOLOGY,信息分子与功能物质,ext-bio-f66e8d6ea1-037,信息分子与功能物质,,KEEP,「来源：激素由内分泌腺或有内分泌功能的细胞分泌产生；酶由所有活细胞产生……神经递质由神经元轴突末梢的突触小体产生」——激素/酶/神经递质比较，别名逐字含该题名，正对“信息分子与功能物质”辨析。,slice-91
BIOLOGY,信息分子与功能物质,ext-bio-f66e8d6ea1-038,信息分子与功能物质,,KEEP,「蛋白质和多肽类激素（如生长激素、胰岛素、抗利尿激素及多种促激素释放激素、促激素）不易穿过细胞膜，其受体在靶细胞的细胞膜上」「甲状腺激素和固醇类激素（如性激素）容易穿过细胞膜，其受体在细胞质或细胞核中」——激素受体的位置差异，现绑别名同名。,slice-91
BIOLOGY,信息分子与功能物质,ext-bio-f66e8d6ea1-070,信息分子与功能物质,,KEEP,「受体负责把细胞外信号转化为细胞内信号，从而改变细胞的代谢情况」「激素和受体结合后连接到DNA上，调控基因的转录」——受体介导的信号转导；现绑别名含『受体介导的信号转导方式』。,slice-91
BIOLOGY,元素和化合物的相互推断-归纳总结,bio-kb2-02-fresh-dry-weight-max,元素和化合物的相互推断-归纳总结,,KEEP,「鲜重：含量最多的元素是O，最多的化合物是水，最多的有机物是蛋白质；干重：含量最多的元素是C」——鲜重与干重含量之最；现绑『元素和化合物的相互推断』已收同名《鲜重与干重中含量之“最”》同族材料，保留。,slice-91
BIOLOGY,元素和化合物的相互推断-归纳总结,bio-kb3-f2-s2-1-n03,元素和化合物的相互推断-归纳总结,,KEEP,「人体细胞鲜重时，含量较多的四种元素依次是O、C、H、N，数量最多的元素是H。细胞干重时……C、O、N、H」——鲜重/干重元素含量排序；现绑『元素和化合物的相互推断』已收《鲜重与干重中元素、化合物含量之最》同族材料，保留。,slice-91
BIOLOGY,元素和化合物的相互推断-归纳总结,bio-kb3-f2-s2-1-n08,元素和化合物的相互推断-归纳总结,实验-检测生物组织中的糖类-脂肪和蛋白质,REBIND,「还原糖＋斐林试剂 →砖红色沉淀。（需水浴加热）」——还原糖检测的试剂与现象，属目标节点（已收《还原糖的检测》《检测还原糖、脂肪与蛋白质的试剂与现象》）；现绑『元素和化合物的相互推断』无对应。,slice-91
BIOLOGY,元素和化合物的相互推断-归纳总结,bio-kb3-f2-s2-1-n09,元素和化合物的相互推断-归纳总结,实验-检测生物组织中的糖类-脂肪和蛋白质,REBIND,「脂肪＋苏丹Ⅲ染液 →染成橘黄色；脂肪＋苏丹Ⅳ染液 →染成红色」——脂肪鉴定的试剂与现象，属目标节点（已收《脂肪的检测》《苏丹Ⅲ染液检测脂肪的操作要点》）；现绑『元素和化合物的相互推断』无对应。,slice-91
BIOLOGY,元素和化合物的相互推断-归纳总结,bio-kb3-f2-s2-1-n10,元素和化合物的相互推断-归纳总结,实验-检测生物组织中的糖类-脂肪和蛋白质,REBIND,「蛋白质＋双缩脲试剂 →紫色。该试剂是与蛋白质中的肽键结构作用显色」——蛋白质检测的显色反应，属目标节点（已收《蛋白质的检测：双缩脲试剂》《双缩脲试剂显色的条件》）；现绑『元素和化合物的相互推断』无对应。,slice-91
BIOLOGY,元素和化合物的相互推断-归纳总结,bio-kb3-f2-s2-1-n11,元素和化合物的相互推断-归纳总结,实验-检测生物组织中的糖类-脂肪和蛋白质,REBIND,「斐林试剂成分含量是0.1g/mL NaOH、0.05g/mL CuSO₄，用法等量混合均匀，现配现用，水浴加热」——试剂配制与用法，属检测实验节点（同族已收《斐林试剂检测还原糖的操作要点》）；现绑『元素和化合物的相互推断』无试剂条目。,slice-91
BIOLOGY,元素和化合物的相互推断-归纳总结,bio-kb3-f2-s2-1-n12,元素和化合物的相互推断-归纳总结,实验-检测生物组织中的糖类-脂肪和蛋白质,REBIND,「双缩脲试剂成分含量是0.1g/mL NaOH、0.01g/mL CuSO₄，用法先加A液，后加B液，不需加热」——试剂配制与用法，属『实验：检测生物组织中的糖类、脂肪和蛋白质』（同族已收《双缩脲试剂检测蛋白质的操作要点》）；现绑『元素和化合物的相互推断』无试剂条目。,slice-91
BIOLOGY,元素和化合物的相互推断-归纳总结,bio-kb3-f2-s2-1-n13,元素和化合物的相互推断-归纳总结,实验-检测生物组织中的糖类-脂肪和蛋白质,REBIND,「鉴定脂肪时……再滴加体积分数50%酒精溶液，目的是洗去浮色」「鉴定脂肪时，不一定必须使用显微镜」——脂肪鉴定的操作要点，属目标节点（已收《脂肪的鉴定：苏丹Ⅲ染液与去浮色》）；现绑元素推断节点无对应。,slice-91
BIOLOGY,元素和化合物的相互推断-归纳总结,bio-kb3-f4-s40-n01,元素和化合物的相互推断-归纳总结,atp的结构,REBIND,「中文名称：ATP是腺苷三磷酸的英文名称缩写」——ATP命名，属『atp的结构』；该节点已收《ATP的中文全称》《ATP的结构》（后者首句即“ATP是腺苷三磷酸的英文名称缩写”）；现绑『元素和化合物的相互推断』无对应。,slice-91
BIOLOGY,元素和化合物的相互推断-归纳总结,bio-kb3-f4-s40-n02,元素和化合物的相互推断-归纳总结,atp的结构,REBIND,引文订正：「结构简式是A—P～P～P，其中A代表腺苷(由腺嘌呤和核糖组成)，T代表“三”，P代表磷酸基团」——ATP结构简式，与『atp的结构』已收《ATP的结构简式》（同文）对应；现绑『元素和化合物的相互推断』无对应。,slice-91
BIOLOGY,元素和化合物的相互推断-归纳总结,bio-kb3-f4-s40-n03,元素和化合物的相互推断-归纳总结,atp的结构,REBIND,「两个相邻的磷酸基团都带负电荷而相互排斥等原因，使得“～”这种化学键不稳定」「1 mol ATP水解释放的能量高达30.54 kJ，所以说ATP是一种高能磷酸化合物」——ATP结构特点，与『atp的结构』已收《ATP的化学性质不稳定》《1mol ATP水解释放》逐句同文；现绑无对应。,slice-91
BIOLOGY,元素和化合物的相互推断-归纳总结,bio-mo-cell-228,元素和化合物的相互推断-归纳总结,实验-检测生物组织中的糖类-脂肪和蛋白质,REBIND,「①组成：甲液……NaOH溶液；乙液……CuSO4溶液」「②使用方法：等量混合使用，现配现用；水浴加热」——斐林试剂组成与用法，属目标节点（已收《斐林试剂检测还原糖的操作要点》《斐林试剂必须现配现用》）；现绑元素推断节点无对应。,slice-91
BIOLOGY,元素和化合物的相互推断-归纳总结,bio-mo-cell-229,元素和化合物的相互推断-归纳总结,实验-检测生物组织中的糖类-脂肪和蛋白质,REBIND,「①组成：A液……NaOH溶液；B液……CuSO4溶液」「②使用方法：先加双缩脲试剂A液，摇匀，再加少量双缩脲试剂B液，摇匀，不需要加热」——双缩脲试剂组成与用法，属目标节点（已收《双缩脲试剂检测蛋白质的操作要点》《斐林试剂与双缩脲试剂的异同》）；现绑元素推断边界明言不涉及化合物理化性质详情。,slice-91
BIOLOGY,光反应,bio-kb-photosystem-electron-transfer-detail,光反应,,KEEP,「1. 光系统II：进行水的光解，产生O2、H+和电子」「2. 电子由高电势传向低电势，释放能量将H+从基质侧泵入类囊体腔，建立质子梯度。」——光反应电子传递链，属现绑节点（光系统子主题，保留）。,slice-91
BIOLOGY,光反应,ext-bio-26746c92ba-055,光反应,,KEEP,「光系统Ⅱ将光能转化为ATP中的化学能，光系统Ⅰ将光能转化为NADPH中的化学能」「类囊体腔内为高H⁺区，叶绿体基质为低H⁺区。」——光反应两系统的能量转化与质子分布，属现绑节点。,slice-91
BIOLOGY,光反应,ext-bio-46ec017dac-013c,光反应,,KEEP,「PSⅡ可参与水的光解（光反应），PSⅠ可参与 NADPH 的合成（光反应）。」「（光反应），PSⅠ可参与 NADPH 的合成（光反应）。」——现绑边界明收光系统Ⅱ与光系统Ⅰ的功能辨析，本条即其功能归属。,slice-91
BIOLOGY,光反应,ext-bio-46ec017dac-015b,光反应,,KEEP,「\n\n色素分子释放的高能电子传递给细胞色素 $\\rm{b_6f}$ 复合体，细胞色素 $\\rm」「\n\n### 光合磷酸化\n类囊体腔内的 $\\rm{H}^{+}$ 通过 ATP 合酶」——光反应中电子传递与光合磷酸化（H+梯度驱动ATP），属现绑节点过程。,slice-91
BIOLOGY,光反应,ext-bio-46ec017dac-016,光反应,,KEEP,「为避免电子积累的伤害，PSⅠ 会将电子传递给 $\\rm{Cyt\\ b_6f}」「为避免电子积累的伤害，PSⅠ 会将电子传递给 $\\rm{Cyt\\ 」——光反应中两种电子传递方式，属现绑节点。,slice-91
BIOLOGY,光反应,ext-bio-5f0623d07d-004b,光反应,,KEEP,「类囊体薄膜两侧的质子（电化学）浓度梯度是类囊体合成ATP的直接动力，H+顺浓度梯度经ATP合酶回流驱动ATP合」——光反应中ATP合成的化学渗透机理。,slice-91
BIOLOGY,光反应,ext-bio-f7bf8a79a5-041,光反应,,KEEP,「\n随膜两侧pH梯度减小同时生成ATP，说明H+浓度梯度是ATP生成的直接驱动力。」——光反应中ATP生成的实验证明，现绑边界含ATP合成。,slice-91
BIOLOGY,光反应,ext-bio-f7bf8a79a5-042,光反应,,KEEP,「叶绿体中ATP生成的直接驱动力是类囊体膜内外H+浓度梯度」「\n这与有氧呼吸中在线粒体内膜上由H+梯度驱动ATP生成的机制相似。」——由光反应ATP机制与线粒体作比，主体仍在现绑节点。,slice-91
BIOLOGY,光合产物的运输与转化,ext-bio-46ec017dac-011,光合产物的运输与转化,,KEEP,「光合作用旺盛时，很多植物通常将光合产物以淀粉的形式临时储存在叶绿体中」「叶绿体中储存的淀粉也叫过渡性淀粉，它在昼夜间的变化表现为白天积累、夜间转化为蔗糖输出」——过渡性淀粉与磷酸转运蛋白，正合现绑『光合产物的运输与转化』（别名逐字含本标题）。,slice-91
BIOLOGY,光合作用,bio-photoinhibition-d1-inactivation,光合作用,,KEEP,「ROS 攻击使 PSII 的 D1 蛋白氧化失活→PSII 活性下降→光反应减弱」——光抑制环节三；光抑制序列分挂多节点（前轮已按此口径保留），现绑别名含『光抑制与光合产物的运输』，保留。,slice-91
BIOLOGY,光合作用,ext-bio-f7bf8a79a5-081,光合作用,光合作用的影响因素,REBIND,「阳生植物的细胞呼吸强度、光补偿点、光饱和点、最大光合作用强度均高于阴生植物」「应用上可将阳生农作物与阴生农作物间作或套种」——靶『光合作用的影响因素』别名含『阴生植物的光补偿点与光饱和点较低』『套种与合理密植提高光能利用率』；现绑只讲两阶段过程。,slice-91
BIOLOGY,光合作用,ext-bio-f7bf8a79a5-083,光合作用,影响光合作用强度的环境因素,REBIND,「A点后虽总光合量上升，但呼吸量上升更快，导致干物质量下降」「故应适当摘除林冠下层叶并合理密植」——叶面积系数与群体干物质积累，靶节点别名逐字含；现绑『光合作用』只讲光反应暗反应过程。,slice-91
BIOLOGY,光合作用的原理,bio-kb3-f4-s49-n11,光合作用的原理,,KEEP,「光反应为暗反应提供ATP、NADPH，暗反应为光反应提供ADP、Pi、NADP＋」「光反应和暗反应紧密联系」——两阶段物质联系，正落现绑边界，别名逐字含本题名。,slice-91
BIOLOGY,光合作用的原理,bio-kb3-f5-s5-4-2-n02,光合作用的原理,探索光合作用原理的部分实验,REBIND,「离体叶绿体在适当条件下发生水的光解、产生氧气的化学反应称为希尔反应」——希尔反应；目标节点别名逐字含「希尔反应（水的光解产生氧气）」，边界即『从离体叶绿体水的光解』起。,slice-91
BIOLOGY,光合作用的原理,bio-kb3-f5-s5-4-2-n04,光合作用的原理,探索光合作用原理的部分实验,REBIND,「1954年阿尔农发现，在光照下叶绿体可以合成ATP，这一过程总是与水的光解相伴随」——阿尔农实验；目标节点别名逐字含「阿尔农发现ATP合成与水的光解相伴随」，同源材料已在该节点。,slice-91
BIOLOGY,光合作用的原理,bio-kb3-f5-s5-4-2-n07,光合作用的原理,,KEEP,「还原型辅酶Ⅱ的英文缩写NADPH，作用是作为还原剂和能量载体参与暗反应」——NADPH名称与作用，别名逐字含本题名。,slice-91
BIOLOGY,光合作用的原理,bio-kb3-f5-s5-4-2-n10,光合作用的原理,环境条件突变时C3与C5的变化,REBIND,「CO2供应不变，光照变弱…C3增多，C5减少」「光照不变，CO2供应减少…C3减少，C5增多」——目标节点已收《光变弱时C3、C5及ATP、NADPH的变化分析》《CO2供应减少时…》；同轮 kit-15 同型材料亦判入该节点。,slice-91
BIOLOGY,光合作用的原理,bio-kb3-f5-s5-4-2-n11,光合作用的原理,,KEEP,「在总光照时间相同的条件下，光照和黑暗间隔处理比持续光照处理有机物积累量要更多」——暗反应在黑暗期仍可利用已积累的ATP与NADPH，属现绑『暗反应不直接依赖光』。,slice-91
BIOLOGY,光合作用的原理,ext-bio-03c8a668fe-005c,光合作用的原理,,KEEP,「光反应阶段在类囊体膜上进行，暗反应在叶绿体基质中进行，这体现了区室化」「光反应为暗反应提供的不仅是能量（ATP），还有还原力（NADPH）」——场所与联系，属现绑。,slice-91
BIOLOGY,光合作用的原理,ext-bio-55cc316d9b-008,光合作用的原理,,KEEP,「光反应将光能转化为储存在ATP和NADPH中的化学能，暗反应将…转化为储存在有机物中的化学能」「CO2与C5结合（CO2的固定）不消耗ATP和NADPH」——物质能量转化关系，属现绑。,slice-91
BIOLOGY,光合作用的原理,ext-bio-5f0623d07d-004,光合作用的原理,,KEEP,「光反应为暗反应提供ATP和NADPH，暗反应为光反应提供ADP、Pi和NADP+，二者相互依存」「碳的转移途径为14CO2、14C3、(14CH2O)」——别名逐字含本题名。,slice-91
BIOLOGY,光合作用的原理,ext-bio-5f510cdc4a-554,光合作用的原理,,KEEP,「物质联系：光反应产生的NADPH和ATP为暗反应提供还原剂和能量；暗反应产生的NADP⁺、ADP和Pi为光反应…提供了原料」——正落现绑别名。,slice-91
BIOLOGY,光合作用的原理,ext-bio-752fa807bd-019,光合作用的原理,,KEEP,「光反应…条件为光、色素和酶…产物为O2、ATP、NADPH；暗反应…条件为酶…两者联系：光反应为暗反应提供NADPH和ATP」——两阶段比较与联系，正落现绑边界。,slice-91
BIOLOGY,光合作用的原理,ext-bio-8d79fbce11-029,光合作用的原理,,KEEP,「环境改变时短时间内各物质含量变化：分析时从来源和去路两个方面考虑，如光照突然减弱时C3增多、C5减少」——正文主体为两阶段过程与联系，含量变化仅末段，归现绑（见备注）。,slice-91
BIOLOGY,光合作用的原理,ext-bio-b7bfc5543d-012b,光合作用的原理,,KEEP,「光反应为暗反应提供ATP和NADPH，因此光反应停止则暗反应无法进行」「光反应也需暗反应为之提供ADP、Pi和NADP+等」——两阶段相互制约，属现绑。,slice-91
BIOLOGY,光合作用的原理,ext-bio-d2d8e68a91-032,光合作用的原理,,KEEP,「光反应的场所为类囊体薄膜，生成氧气、ATP和NADPH」「暗反应的场所为叶绿体基质，能够固定二氧化碳」——两阶段场所与产物，属现绑节点。,slice-91
BIOLOGY,光合作用的原理,ext-bio-f1e1b2e0c7-002,光合作用的原理,c4植物-cam植物等特殊代谢类型,REBIND,「该循环称C3途径」「C3途径是所有植物光合作用碳同化的基本途径；常见C3植物有大麦、小麦、大豆、水稻、马铃薯等」——目标节点已收《C3途径是碳同化的基本途径》（kit-12 判保留）及同讲《CAM植物白天的CO2释放与C3途径》。,slice-91
BIOLOGY,光合作用的原理,ext-bio-f7bf8a79a5-045,光合作用的原理,,KEEP,「光反应在类囊体薄膜上、必须有光、速度较快」「暗反应在叶绿体基质中、有光无光均可、速度较缓慢」——两阶段比较，属现绑。,slice-91
BIOLOGY,光合作用的原理,ext-bio-f7bf8a79a5-046,光合作用的原理,,KEEP,「光反应：水的光解产生O2和H+、NADPH的合成、ATP的合成」「暗反应：CO2与C5结合生成C3（CO2固定）、C3被ATP和NADPH还原」——两阶段物质变化，别名逐字含本题名。,slice-91
BIOLOGY,光合作用的影响因素,bio-fj-10-co2-off-change,光合作用的影响因素,环境条件突变时C3与C5的变化,REBIND,「CO2停止：CO2固定受阻，C3生成减少、含量下降」「C3还原减慢使NADPH和ATP消耗减少而积累」——突然停止CO2后含量变化；『环境条件突变时C3与C5的变化』已收《CO2供应减少时C3、C5及ATP、NADPH的变化分析》。,slice-91
BIOLOGY,光合作用的影响因素,bio-fj-10-light-compensation-point,光合作用的影响因素,,KEEP,「定义：光合速率等于呼吸速率时的光照强度」「阴生植物的光补偿点低于阳生植物」——光补偿点含义与应用；现绑同族《阴生植物的光补偿点与光饱和点较低》《光补偿点的含义与应用》在册，保留。,slice-91
BIOLOGY,光合作用的影响因素,bio-fj-10-light-off-change,光合作用的影响因素,环境条件突变时C3与C5的变化,REBIND,「光照停止：光反应停止，NADPH和ATP减少」「C3还原受阻而CO2固定仍进行：C3增加、C5下降」——突然停止光照后含量变化；目标节点已收《光变弱时C3、C5及ATP、NADPH的变化分析》《光照与CO2突变时C3、C5及ATP的变化》。,slice-91
BIOLOGY,光合作用的影响因素,bio-fj-10-observed-vs-true-oxygen,光合作用的影响因素,辨析真正光合速率-净光合速率和呼吸速率,REBIND,「观测到的O2释放量是净光合指标」「实际产生的总O2量 = 观测值 + 呼吸作用的O2消耗量」——净/总口径换算；『辨析真正光合速率-净光合速率和呼吸速率』边界即三率表示方法（真正、净与呼吸）。,slice-91
BIOLOGY,光合作用的影响因素,bio-formula-actual-co2-consumption,光合作用的影响因素,辨析真正光合速率-净光合速率和呼吸速率,REBIND,「实际 CO2 消耗量 = 实测 CO2 吸收量（净）+ 呼吸释放的 CO2 量」——真正＝净＋呼吸换算；『辨析真正光合速率-净光合速率和呼吸速率』已收《换算公式：葡萄糖积累量 = 实际合成量 − 呼吸消耗量》同族。,slice-91
BIOLOGY,光合作用的影响因素,bio-formula-actual-o2-production,光合作用的影响因素,辨析真正光合速率-净光合速率和呼吸速率,REBIND,「实际产氧量（叶绿体产氧量）= 实测 O2 释放量（净）+ 呼吸耗氧量」——真正＝净＋呼吸换算；目标节点已收《总光合、净光合与呼吸速率的关系》《总光合与净光合的表示口径》同族。,slice-91
BIOLOGY,光合作用的影响因素,bio-photoinhibition-excess-light-damage,光合作用的影响因素,,KEEP,「强光下光能过剩→对光系统 I 和 II 造成损伤→光合速率下降；这是光抑制的起始环节」——光抑制环节一；环节二/三分挂『光系统与电子传递链』『光合作用』，光抑制序列分挂多节点，保留。,slice-91
BIOLOGY,光合作用的影响因素,ext-bio-601193a712-056,光合作用的影响因素,,KEEP,「饱和点越大，表示植物的光合作用能力越强」「高于补偿点，植物开始生长；低于补偿点，植物会净消耗有机物」——补偿点/饱和点与生长关系，现绑同族同题《光饱和点、补偿点与植物生长的关系》在册，保留。,slice-91
BIOLOGY,光合作用的影响因素,ext-bio-cda93b042c-012,光合作用的影响因素,,KEEP,「阴生植物的光补偿点和光饱和点都较低（低于阳生植物）」「农业生产上一般进行间作（如玉米和大豆间作），可提高光能利用率」。光补偿点/光饱和点是光照强度对光合速率的影响面，间作即边界所讲的生产应用。,slice-91
BIOLOGY,光合作用的影响因素,ext-bio-cda93b042c-013,光合作用的影响因素,,KEEP,「通过套种（在同一块田地上、前季作物生育后期在其株行间播种或移栽后季作物）可延长光合作用时间」「通过合理密植可增加光合作用面积，从而提高光能利用率」——生产应用；现绑边界含「及其在生产上的应用」，同族《…间作套种》在册，保留。,slice-91
BIOLOGY,光合作用的影响因素,ext-bio-f7bf8a79a5-023,光合作用的影响因素,,KEEP,「因光合色素主要吸收红光和蓝紫光，功率相同时用红光或蓝紫光灯泡补光效果最好」「温室薄膜宜选无色透明」——光质与生产应用；现绑边界含「在生产上的应用」，同族《影响光合作用的内部因素与光照强度、光质》在册，保留。,slice-91
BIOLOGY,光合作用的影响因素,ext-bio-f7bf8a79a5-074,光合作用的影响因素,影响光合作用强度的环境因素,REBIND,「自变量为光照强弱，用LED灯与小烧杯的距离调节；因变量为光合作用强度，用相同时间小圆形叶片浮起的数量检测」——叶圆片上浮法测光强的变量控制；『影响光合作用强度的环境因素』已收《探究光照强度对光合作用强度的影响（叶圆片上浮法）》等实验族。,slice-91
BIOLOGY,光呼吸,bio-fx-rubisco-dual-function,光呼吸,,KEEP,「CO2/O2比值增大：羧化反应增强，进行正常光合作用」「比值减小（高O2、低CO2）：加氧反应增强，进入C2途径即光呼吸」。Rubisco双功能决定光呼吸，现绑节点同名别名在册。,slice-91
BIOLOGY,光学显微镜和电子显微镜,bio-fj-01-cell-theory-judgments,光学显微镜和电子显微镜,细胞学说,REBIND,「光学显微镜的发明促进细胞学说的提出（不是电子显微镜）」「新细胞产生方式的发现是对细胞学说的修正」——通篇细胞学说；现绑『光学显微镜和电子显微镜』边界讲显微／亚显微结构；靶『细胞学说』已收『细胞学说的两个易错辨析』『细胞学说的建立运用不完全归纳法』。,slice-91
BIOLOGY,光系统与电子传递链,ext-bio-1b77d6527c-010,光系统与电子传递链,,KEEP,「电子传递链将H+由线粒体基质(叶绿体基质)泵入……；线粒体内膜(类囊体薄膜)不允许H+回流，膜内外形成H+浓度梯度」「H+顺浓度梯度回流释放能量合成ATP」——化学渗透假说，正合现绑边界（两处膜上质子梯度）。,slice-91
BIOLOGY,光系统与电子传递链,ext-bio-1e2461181a-027,光系统与电子传递链,,KEEP,「ATP合成酶把H+的电化学势能转化成ATP中的化学能」「贾格道夫实验……说明类囊体薄膜内外存在H+浓度差是合成ATP的直接动力」——ATP合酶与化学渗透假说，属现绑『光系统与电子传递链』。,slice-91
BIOLOGY,光系统与电子传递链,ext-bio-53ea16f9ff-039,光系统与电子传递链,,KEEP,「贾格道夫实验（1963）：……再转移到含有ADP和Pi的pH=8缓冲溶液中，一段时间后有ATP产生」「结论：类囊体薄膜内外存在H+浓度差是类囊体合成ATP的直接动力」。,slice-91
BIOLOGY,光系统与电子传递链,ext-bio-9bcf838d82-004,光系统与电子传递链,,KEEP,「光反应产生的过多电子无法传给NADP+，转而传给O2生成活性氧（ROS）」「及时修复或替换PSⅡ中的受损组分（如D1蛋白）」——光抑制与光保护，属现绑节点（别名『光抑制的机理与防御机制』）。,slice-91
BIOLOGY,光系统与电子传递链,ext-bio-b75d0f5764-080,光系统与电子传递链,,KEEP,「线粒体内膜、叶绿体类囊体薄膜的磷脂双分子层对H+高度不通透」「ATP合成酶把H+的电化学势能转化成ATP中的化学能」——ATP合酶与质子梯度偶联，属现绑节点。,slice-91
BIOLOGY,光系统与电子传递链,ext-bio-b75d0f5764-081,光系统与电子传递链,,KEEP,「①……电子传递链将H+由线粒体基质（叶绿体基质）泵入……；②……不允许H+回流，膜内外产生H+浓度梯度；③H+顺浓度梯度回流释放能量合成ATP」——化学渗透假说三步，别名逐字在现绑节点。,slice-91
BIOLOGY,光系统与电子传递链,ext-bio-f7bf8a79a5-143,光系统与电子传递链,,KEEP,「PQ利用该能量将H+逆浓度梯度从类囊体基质侧泵入囊腔侧，建立质子（电化学）梯度」「ATP合酶利用该能量合成ATP」——质子梯度与ATP合酶偶联，别名逐字。,slice-91
BIOLOGY,光系统与电子传递链,ext-bio-f7bf8a79a5-144,光系统与电子传递链,,KEEP,「PSⅠ和PSⅡ吸收的光能最终储存在NADPH和ATP中」「电子由水释放后经电子传递链传给NADP+合成NADPH，同时H+梯度驱动合成ATP」——光系统吸收光能与电子传递链，属现绑节点。,slice-91
BIOLOGY,免疫失调,bio-kb2-29-allergy,免疫失调,,KEEP,「过敏原：引起过敏反应的抗原物质，如鱼、虾、牛奶、花粉、尘土等」「发作有快有慢（数分钟内或24小时后）」——过敏原与反应特点，属现绑免疫失调（备选『过敏反应』，见备注）。,slice-91
BIOLOGY,免疫失调,bio-mo-immunity-020,免疫失调,,KEEP,「过敏反应发生机理：有些人在接触过敏原时，在过敏原的刺激下，B细胞会活化产生抗体」「这些抗体吸附在皮肤、呼吸道或消化道黏膜以及血液中某些细胞（如肥大细胞）的表面」——过敏反应机理，属现绑免疫失调（备选『过敏反应』，见备注）。,slice-91
BIOLOGY,免疫失调,bio-mo-immunity-021,免疫失调,,KEEP,「过敏原不等同于抗原」「过敏原一定是抗原，抗原不一定是过敏原」——过敏原与抗原的辨析，属现绑边界所列过敏反应类型（备选更专『过敏反应』，见备注）。,slice-91
BIOLOGY,免疫失调,bio-mo-immunity-023,免疫失调,,KEEP,「当相同的过敏原再次进入机体时，就会与吸附在细胞表面的相应抗体结合，使这些细胞释放出组织胺等物质」——过敏反应机理，属现绑边界所列免疫失调类型（备选更专『过敏反应』，见备注）。,slice-91
BIOLOGY,免疫失调,bio-mo-immunity-024,免疫失调,,KEEP,「如果自身免疫反应对组织和器官造成损伤并出现了症状，就称为自身免疫病」「免疫缺陷病分为两类」——属现绑边界所列免疫失调类型（备选更专『自身免疫病与免疫缺陷病』，见备注）。,slice-91
BIOLOGY,免疫失调,ext-bio-26746c92ba-126b,免疫失调,,KEEP,「系统性红斑狼疮是一种人体自身免疫病，其发生与部分 B 细胞的异常活化有关」「该疗法主要通过减弱患者的体液免疫来治疗系统性红斑狼疮」——自身免疫病实例与治疗分析，属现绑免疫失调（备选『自身免疫病与免疫缺陷病』，见备注）。,slice-91
BIOLOGY,免疫失调,ext-bio-94a83ecf21-002c,免疫失调,,KEEP,「有时会发生引发组织损伤或功能紊乱的免疫反应」「引起毛细血管扩张、血管壁通透性增强、平滑肌收缩和腺体分泌增多」——过敏反应概念与机理通道，属现绑免疫失调（备选『过敏反应』，见备注）。,slice-91
BIOLOGY,免疫学的应用,bio-fx-judge-organ-transplant-hla,免疫学的应用,,KEEP,「只要主要HLA有一半以上相同即可移植」「移植后仍需使用免疫抑制剂减轻排斥反应」——器官移植的HLA条件与免疫抑制剂，属现绑『免疫学的应用』（边界含HLA一半以上相同）。,slice-91
BIOLOGY,免疫学的应用,bio-mo-immunity-026,免疫学的应用,疫苗,REBIND,「疫苗通常是用灭活的或减毒的病原体制成的生物制品」——疫苗的制备（灭活/减毒），与『疫苗』边界“以灭活或减毒的病原体……制备的制品”一致。,slice-91
BIOLOGY,免疫学的应用,bio-mo-immunity-027,免疫学的应用,,KEEP,「每个人的细胞表面都带有一组与别人不同的蛋白质——组织相容性抗原」「器官移植的成败，主要取决于供者与受者的HLA是否一致或相近」——HLA与移植成败，属现绑『免疫学的应用』。,slice-91
BIOLOGY,免疫学的应用,bio-mo-immunity-030,免疫学的应用,疫苗,REBIND,「疫苗并不需要一定是一个完整的病原体，只要具有抗原特性即可」——疫苗的组成与特性，正对『疫苗』节点（疫苗的概念、机理与类型）。,slice-91
BIOLOGY,免疫学的应用,bio-mo-immunity-033,免疫学的应用,,KEEP,「在进行器官移植时，运用免疫抑制剂可以提高成活率」「但这些药物会使淋巴细胞减少，因而患者容易患感染性疾病」——器官移植中免疫抑制剂的应用与副作用，属现绑『免疫学的应用』。,slice-91
BIOLOGY,免疫学的应用,bio-mo-immunity-034,免疫学的应用,疫苗,REBIND,「疫苗是将病原微生物（如细菌、病毒等）及其代谢产物，经过人工减毒、灭活或利用基因工程等方法制成的用于预防传染的自动免疫制剂」——疫苗的定义与作用原理，正对『疫苗』节点。,slice-91
BIOLOGY,免疫学的应用,ext-bio-1b1b991667-028,免疫学的应用,,KEEP,「失败原因：发生免疫排斥」「成败关键：主要取决于供体和受体的HLA是否一致或相近」——器官移植的失败原因、成败关键与解决办法，即现绑节点边界的三分项。,slice-91
BIOLOGY,免疫学的应用,ext-bio-2907715275-006b,免疫学的应用,,KEEP,「器官移植成功的关键是抑制 T 细胞介导的免疫排斥」「使用免疫抑制剂可**减弱**但不能完全避免排斥」——移植排斥强弱与免疫抑制剂，属现绑『免疫学的应用』（边界含免疫抑制剂）。,slice-91
BIOLOGY,免疫学的应用,ext-bio-320a959ba0-007b,免疫学的应用,,KEEP,「T线反映是否检出抗原」「C线反映试纸条是否有效」——抗原检测试剂盒的免疫学诊断原理，属现绑『免疫学的应用』。,slice-91
BIOLOGY,免疫学的应用,ext-bio-376bd04002-023,免疫学的应用,基因工程,REBIND,「在器官供体的基因组中导入某种调节因子以抑制抗原决定基因的表达」「用基因工程生产的药物包括细胞因子、抗体、疫苗、激素等」——通篇基因工程应用（器官工厂、药物生产、环境保护），『基因工程』子点含猪器官培育。,slice-91
BIOLOGY,免疫学的应用,ext-bio-4afd849310-003,免疫学的应用,,KEEP,「免疫系统会把来自其他人的器官当作非己成分进行攻击，即存在免疫排斥」「组织相容性抗原（HLA）是每个人细胞表面与别人不同的蛋白质」——器官移植排斥与HLA，属现绑『免疫学的应用』。,slice-91
BIOLOGY,免疫学的应用,ext-bio-5f510cdc4a-1359,免疫学的应用,疫苗,REBIND,「而是病原体所含有的抗原」「因此可以利用病原体的某些成分（如蛋白质、多糖等）及其产物（如外毒素）来制备疫苗」——疫苗的制备原理；『疫苗』边界即“以……抗原成分制备”的制品。,slice-91
BIOLOGY,免疫学的应用,ext-bio-b343c4715e-016,免疫学的应用,,KEEP,「检测病毒抗原：采用抗原-抗体杂交」——病毒感染的免疫学诊断（抗原-抗体），属现绑『免疫学的应用』（免疫诊断）；核酸检测为并列思路。,slice-91
BIOLOGY,免疫系统的组成和功能,bio-mo-immunity-005,免疫系统的组成和功能,,KEEP,「概念——抗原：可使机体产生特异性免疫反应的物质；抗体…；细胞因子…」——三概念对比；现绑别名已收『免疫系统的组成与免疫活性物质』『免疫系统的组成与抗原抗体辨析』（备选『抗原』，见备注）。,slice-91
BIOLOGY,免疫系统的组成和功能,bio-mo-immunity-006,免疫系统的组成和功能,,KEEP,「分布——抗原：既可以游离，也可存在于细菌、病毒等病原微生物以及细胞上；抗体：主要分布于血清」——属现绑免疫系统组成中的免疫活性物质与抗原抗体辨析（备选『抗原』，见备注）。,slice-91
BIOLOGY,免疫系统的组成和功能,ext-bio-281a882fd7-012,免疫系统的组成和功能,,KEEP,「细胞因子由淋巴细胞分泌，常见种类有白细胞介素、干扰素、肿瘤坏死因子等」——免疫活性物质的来源，现绑别名已收本条（备选『体液免疫』『细胞免疫』，见备注）。,slice-91
BIOLOGY,免疫系统的组成和功能,ext-bio-2907715275-002c,免疫系统的组成和功能,,KEEP,「抗原呈递细胞（APC）包括 B 细胞、树突状细胞和巨噬细胞」「巨噬细胞、树突状细胞等既参与第二道防线，又在特异性免疫中承担抗原呈递功能」——现绑边界含抗原处理和呈递（备选『非特异性免疫』，见备注）。,slice-91
BIOLOGY,免疫系统的组成和功能,ext-bio-5f510cdc4a-1303,免疫系统的组成和功能,,KEEP,「摄取（通过吞噬等方式摄入病原体）→加工处理…肽段与细胞内的MHC分子结合形成抗原-MHC复合体→呈递」——抗原呈递三环节，现绑边界含抗原处理和呈递。,slice-91
BIOLOGY,兴奋在神经纤维上的传导,bio-fx-action-potential-sodium,兴奋在神经纤维上的传导,,KEEP,「动作电位是Na+通道开放、Na+顺浓度内流形成的，内流量决定电位幅度」——动作电位与Na+内流关系，现绑别名逐字同题。,slice-91
BIOLOGY,兴奋在神经纤维上的传导,bio-kb2-30-inward-outward-current,兴奋在神经纤维上的传导,,KEEP,「内向电流：正离子由膜外向膜内流动或负离子由膜内向膜外流动」「促使膜电位去极化」——内外向电流，现绑别名逐字同题。,slice-91
BIOLOGY,兴奋在神经纤维上的传导,bio-resting-potential-k-outflow,兴奋在神经纤维上的传导,,KEEP,「此时 K+ 通道开放，K+ 顺浓度梯度外流（细胞内 K+ 浓度高于细胞外）」——静息电位 K⁺外流机制，现绑节点边界内。,slice-91
BIOLOGY,兴奋在神经纤维上的传导,ext-bio-6cfe212f65-013,兴奋在神经纤维上的传导,,KEEP,「静息电位的产生与维持：K⁺通道打开，K⁺外流（协助扩散）」「形成局部电流」——静息/动作电位离子机制与局部电流，现绑别名同题。,slice-91
BIOLOGY,兴奋在神经纤维上的传导,ext-bio-7533a1e1fd-007,兴奋在神经纤维上的传导,,KEEP,「细胞内浓度大于细胞外浓度」「分别与静息电位和动作电位的形成有关」——Na⁺/K⁺分布及其电位意义，现绑别名逐字同题。,slice-91
BIOLOGY,兴奋在神经纤维上的传导,ext-bio-881f12d357-014,兴奋在神经纤维上的传导,,KEEP,「静息电位绝对值变小、与阈电位差值变小」——K⁺/Na⁺浓度与通透性对膜电位与兴奋性的影响，现绑别名同题。,slice-91
BIOLOGY,兴奋在神经纤维上的传导,ext-bio-881f12d357-018,兴奋在神经纤维上的传导,,KEEP,「阈下强度的刺激不会产生动作电位」「Na⁺ 内流量不再增加（“全或无”）」——阈下刺激与全或无，现绑边界明含全或无定律，别名同题。,slice-91
BIOLOGY,兴奋在神经纤维上的传导,ext-bio-881f12d357-019b,兴奋在神经纤维上的传导,,KEEP,「动作电位峰值的大小与 Na⁺ 内流量有关」「静息电位的绝对值大小与 K⁺ 外流量有关」——由膜电位曲线判断外界溶液成分，现绑别名逐字同题。,slice-91
BIOLOGY,兴奋在神经纤维上的传导,ext-bio-97546ba918-015,兴奋在神经纤维上的传导,,KEEP,「兴奋部位与未兴奋部位之间由于电位差形成局部电流」「与膜内电流方向一致、与膜外相反」——静息/动作电位与局部电流方向，现绑边界含传导。,slice-91
BIOLOGY,兴奋在神经纤维上的传导,ext-bio-a0452e14e5-003b,兴奋在神经纤维上的传导,,KEEP,「静息电位主要是K⁺外流（协助扩散）形成的」「促使膜电位去极化」——膜电位离子基础与内外向电流，现绑别名逐字同题。,slice-91
BIOLOGY,兴奋在神经纤维上的传导,ext-bio-f424594cfa-052,兴奋在神经纤维上的传导,,KEEP,「静息电位的绝对值主要取决于膜内外K+浓度差」——静息电位产生机制，现绑别名逐字同题。,slice-91
BIOLOGY,兴奋在神经纤维上的传导,ext-bio-f424594cfa-053,兴奋在神经纤维上的传导,,KEEP,「膜电位表现为外负内正，称为动作电位」「相邻部位之间的电位差形成局部电流」——动作电位产生机制，现绑边界含静息/动作电位产生。,slice-91
BIOLOGY,兴奋在神经纤维上的传导,ext-bio-f424594cfa-064,兴奋在神经纤维上的传导,,KEEP,「细胞外Na+浓度增加时静息电位不变、动作电位峰值变大」——细胞外离子浓度变化对膜电位影响，现绑别名逐字同题。,slice-91
BIOLOGY,兴奋在神经纤维上的传导,ext-bio-f6e4b10342-055,兴奋在神经纤维上的传导,,KEEP,「静息时膜主要对 K+ 有通透性，K+ 顺浓度梯度外流」「即静息电位」——静息电位形成原理，现绑别名逐字同题。,slice-91
BIOLOGY,兴奋的产生和传导,bio-mo-nerve-018,兴奋的产生和传导,,KEEP,「兴奋是以电信号（又叫神经冲动）的形式沿着神经纤维传导的」「静息电位表现为内负外正」「突触的结构包括突触前膜、突触间隙和突触后膜」——现绑别名逐字含《在神经系统中》。,slice-91
BIOLOGY,兴奋的产生和传导,bio-mo-nerve-021,兴奋的产生和传导,,KEEP,「神经递质与突触后膜上的特异性受体结合，体现了细胞膜的细胞间信息交流功能」「结合并发挥完作用后的去向是迅速被降解或回收」——现绑别名逐字含同名条。,slice-91
BIOLOGY,兴奋的产生和传导,bio-mo-nerve-024,兴奋的产生和传导,,KEEP,「形成静息电位时，K＋外流……不消耗能量，属于协助扩散」「钠钾泵……需要消耗ATP，属于主动运输」——电位形成期离子运输方式；现绑别名逐字含同名条。,slice-91
BIOLOGY,兴奋的产生和传导,bio-mo-nerve-026,兴奋的产生和传导,,KEEP,「血液中K＋浓度急剧降低导致细胞内外K＋浓度差增大，大量K＋外流，使细胞的静息电位绝对值增大」——现绑别名逐字含同名条。,slice-91
BIOLOGY,兴奋的产生和传导,bio-mo-nerve-027,兴奋的产生和传导,,KEEP,「突触小体是上一个神经元轴突末端的膨大部分，其上的膜构成突触前膜」「在突触中完成的信号变化为：电信号→化学信号→电信号」——现绑别名逐字含《组成不同》。,slice-91
BIOLOGY,兴奋的产生和传导,bio-mo-nerve-028,兴奋的产生和传导,,KEEP,「兴奋性神经递质……能增强突触后膜对Na＋的通透性，使Na＋内流」「抑制性神经递质……使Cl－进入细胞内」——递质作用机理；现绑别名逐字含《突触仅起传递信号作用》。,slice-91
BIOLOGY,兴奋的产生和传导,bio-mo-nerve-029,兴奋的产生和传导,,KEEP,「一是回收再利用，即通过突触前膜转运载体……回收至突触前神经元」「二是酶解，被相应的酶分解失活」——递质去向；现绑别名逐字含《神经递质发挥作用后》。,slice-91
BIOLOGY,兴奋的产生和传导,ext-bio-26746c92ba-111b,兴奋的产生和传导,,KEEP,「模式Ⅰ：……③兴奋导致神经元④被抑制（抑制性中间神经元引起的抑制）」「即突触前抑制」——中枢抑制模式；现绑别名逐字含《中枢抑制的三种模式》。,slice-91
BIOLOGY,兴奋的产生和传导,ext-bio-26746c92ba-114b,兴奋的产生和传导,,KEEP,「刺激达到阈值可形成动作电位」「一旦产生，其幅度保持不变，即动作电位幅度不随刺激强度的增加而增加」——阈值与全或无；现绑别名逐字含同名条。,slice-91
BIOLOGY,兴奋的产生和传导,ext-bio-26746c92ba-115,兴奋的产生和传导,,KEEP,「细胞外Na⁺浓度增加→静息电位不变，动作电位峰值变大」「细胞外K⁺浓度降低→静息电位绝对值变大」——离子浓度变化对电位影响；现绑别名逐字含同名条。,slice-91
BIOLOGY,兴奋的产生和传导,ext-bio-881f12d357-015,兴奋的产生和传导,,KEEP,「膜电位未达到阈电位，不能引发动作电位」「多个弱刺激在时间上……或空间上……可以叠加」——兴奋产生与局部电流；现绑别名逐字含《局部电流与刺激的叠加》。,slice-91
BIOLOGY,兴奋的产生和传导,ext-bio-fe31ea7d4d-030,兴奋的产生和传导,,KEEP,「③复极化：Na⁺通道关闭，大量K⁺通道被激活开放，K⁺顺浓度梯度从细胞内流向细胞外」「④超极化与恢复」——动作电位分段机制；现绑别名逐字含同名条。,slice-91
BIOLOGY,兴奋的产生和传导,ext-bio-fe31ea7d4d-032,兴奋的产生和传导,,KEEP,「静息电位与膜内外K⁺浓度差有关，动作电位峰值与膜内外Na⁺浓度差有关」「Cl⁻内流可使静息电位绝对值增大」——离子因素影响电位；现绑别名逐字含同名条。,slice-91
BIOLOGY,其他植物激素,bio-fx-judge-aba-ga-ratio,其他植物激素,,KEEP,「提示：ABA/GA比例高有利于雌花分化；赤霉素（GA）比例高促进雄花分化」——植物激素间相互作用，现绑节点别名《易错：ABA与赤霉素比例高有利于形成雌花》在册。,slice-91
BIOLOGY,其他植物激素,bio-fx-judge-cytokinin-origin,其他植物激素,,KEEP,「提示：细胞分裂素主要由根尖合成，经导管运输到地上部分。」——合成部位，正对现绑边界所收各类激素的合成部位与作用。,slice-91
BIOLOGY,其他植物激素,bio-gap-ethylene,其他植物激素,,KEEP,「植物体各个部位都能合成乙烯，分布广泛，成熟的果实中含量最多」「生理作用：主要促进果实成熟」——正对现绑边界所收各类激素的合成部位与作用（乙烯促进果实成熟）。,slice-91
BIOLOGY,其他植物激素,bio-gap-gibberellin,其他植物激素,,KEEP,「合成部位：主要是未成熟的种子、幼根和幼芽」「促进细胞伸长从而引起植株增高（促进茎伸长）；促进种子萌发」——赤霉素来源与作用，属现绑节点。,slice-91
BIOLOGY,其他植物激素,ext-bio-449af6bec2-002b,其他植物激素,,KEEP,「**生长素**抑制脱落酸的合成」「乙烯的合成能进一步促进**乙烯合成酶基因的表达**并抑制生长素的合成」——激素间相互作用，属现绑『其他植物激素』。,slice-91
BIOLOGY,其他植物激素,ext-bio-449af6bec2-003b,其他植物激素,,KEEP,「细胞分裂素氧化酶的作用是**分解细胞分裂素**」「细胞分裂素**促进叶片（地上部分）的生长**，而**抑制侧根和不定根的发生**」——细胞分裂素的作用，属现绑节点。,slice-91
BIOLOGY,其他植物激素,ext-bio-449af6bec2-004b,其他植物激素,,KEEP,「萌发速率的高低取决于二者含量的**比值**：GA/ABA 的值越大，萌发越快。」——激素拮抗，现绑节点别名《种子萌发中激素的协同与拮抗》在册。,slice-91
BIOLOGY,其他植物激素,ext-bio-449af6bec2-008,其他植物激素,,KEEP,「脱落酸能清除细胞内过多的自由基」「脱落酸还能促进气孔关闭 减少水分蒸腾散失」「植物激素是信息分子 只起调节生命活动的作用」——脱落酸的作用与机理，属现绑节点。,slice-91
BIOLOGY,其他植物激素,ext-bio-5b6cb16a7f-016b,其他植物激素,,KEEP,「某抑制剂能牢固地与乙烯受体结合 使乙烯无法发挥作用」「抑制剂组的花青素含量明显低于空气组 说明强光通过乙烯的作用来诱导花青素积累」——乙烯作用的阻断实验，属现绑『其他植物激素』实验族。,slice-91
BIOLOGY,内分泌系统,bio-mo-hormone-005,内分泌系统,,KEEP,「激素：甲状腺激素；病症：呆小症；病因：幼年时分泌不足；症状：身材矮小，智力低下」——激素与病症对应表；主包专点『激素分泌异常疾病』不在 nodes_BIOLOGY.tsv（无法 REBIND），保留待上游处置。,slice-91
BIOLOGY,内分泌系统,bio-mo-hormone-006,内分泌系统,,KEEP,「激素：生长激素；病症：巨人症；病因：青少年时分泌过多」「激素：胰岛素；病症：糖尿病；病因：分泌不足等」——激素分泌异常症表；主包专点『激素分泌异常症』不在 nodes_BIOLOGY.tsv（无法 REBIND），保留待上游处置。,slice-91
BIOLOGY,内分泌系统,bio-mo-hormone-008,内分泌系统,,KEEP,「胰腺是一种特殊的腺体，分为外分泌部和内分泌部」——现绑别名逐字含本题名。,slice-91
BIOLOGY,内分泌系统,ext-bio-04367dcc90-004,内分泌系统,,KEEP,「切除法：原理为减法原理」「注射法：实验组注射相应激素，对照组注射生理盐水，适用于各种激素」——研究激素的三法，现绑别名逐字含本题名；『激素』节点亦收该族，落点非唯一，保留。,slice-91
BIOLOGY,内分泌系统,ext-bio-2b9586914c-006,内分泌系统,,KEEP,「下丘脑是体温调节中枢、血糖调节中枢，也是渗透压感受器所在部位」——现绑边界明写『下丘脑在机体稳态调节中的枢纽作用』。,slice-91
BIOLOGY,内分泌系统,ext-bio-35a4a2a035-001,内分泌系统,,KEEP,「促胰液素由小肠黏膜分泌，作用于胰腺」「斯他林和贝利斯的实验比沃泰默实验的巧妙之处在于彻底排除了神经调节对实验结果的干扰」——促胰液素发现史；现绑别名逐字含本题名，『激素』发现史族并存，保留。,slice-91
BIOLOGY,内分泌系统,ext-bio-5eb3d3d99c-019,内分泌系统,,KEEP,「肾上腺是机体应激与代谢调节最主要的腺体」「两者协同发挥作用」——腺体分工与两条调节途径，属现绑『内分泌系统』腺体族；『激素』亦收肾上腺轴，保留。,slice-91
BIOLOGY,内分泌系统,ext-bio-5f510cdc4a-1196,内分泌系统,,KEEP,「甲状腺激素为氨基酸衍生物；肾上腺皮质的皮质醇与醛固酮为类固醇」——主要内分泌腺激素的化学本质与作用，正合现绑别名『主要内分泌腺分泌的激素及化学本质』。,slice-91
BIOLOGY,内分泌系统,ext-bio-686c6fd972-001,内分泌系统,,KEEP,「促胰液素的发现实验中加入砂子使小肠黏膜研磨更充分」「胰岛素的研究用结扎法和摘除法」——同上，现绑别名逐字含本题名；『激素』发现史族并存，保留。,slice-91
BIOLOGY,内环境,bio-fj-24-body-fluid-composition,内环境,,KEEP,「细胞外液：细胞外的液体，包括血浆、组织液和淋巴液等」「内环境=细胞外液」——内环境（细胞外液）的组成，属现绑。,slice-91
BIOLOGY,内环境,bio-fj-24-internal-env-saline-nature,内环境,,KEEP,「细胞外液是一种类似于海水的盐溶液」「这与生命起源于原始海洋的观点相印证」——细胞外液的盐溶液本质，属现绑内环境辨析。,slice-91
BIOLOGY,内环境,bio-fj-24-plantissue-fluid-relationship,内环境,,KEEP,「血浆↔组织液：双向渗透（透过毛细血管壁）」「识别技巧：有盲端的是毛细淋巴管」——三者关系与图示判读，属现绑。,slice-91
BIOLOGY,内环境,bio-fj-24-plasma-protein-difference,内环境,,KEEP,「血浆中蛋白质含量较高，组织液和淋巴液中蛋白质含量很少」「细胞内液的蛋白质含量比血浆还高」——各组分成分差别，属现绑。,slice-91
BIOLOGY,内环境,bio-fj-24-tissue-edema-causes,内环境,组织水肿的成因,REBIND,「营养不良：血浆蛋白减少，血浆渗透压下降，水分进入组织液」「花粉过敏：毛细血管壁通透性增大，血浆蛋白渗出进入组织液」「淋巴回流受阻」——通篇组织水肿成因；现绑『内环境』边界为组成与转化，同名节点『组织水肿的成因』正收此类。,slice-91
BIOLOGY,内环境,bio-fj-24-tissue-lymph-positions,内环境,,KEEP,「组织液：存在于组织细胞间隙，是绝大多数组织细胞直接生活的环境」「淋巴液：存在于淋巴管中，由组织液经毛细淋巴管盲端进入形成」——内环境各组分的存在部位与来源，属现绑。,slice-91
BIOLOGY,内环境,bio-fj-24-urea-origin-excretion,内环境,,KEEP,「尿素在肝脏中合成，原料是氨基酸代谢产生的含氮废物」「肝脏合成的尿素通过血液循环运输到肾脏」——代谢废物经内环境运输与排出；『内环境的稳态』『细胞生活的环境』亦相关，保留。,slice-91
BIOLOGY,内环境,bio-kb-proteinuria-and-edema-mechanism,内环境,组织水肿的成因,REBIND,「血浆蛋白减少→血浆渗透压降低→对水的吸引力减小」「水分过多流向组织液→组织液增多→组织水肿」——蛋白尿致水肿的机理即组织水肿成因；现绑『内环境』边界为组成与转化。,slice-91
BIOLOGY,内环境,ext-bio-0f9277266d-005,内环境,,KEEP,「根据单、双箭头作出判断，结论为甲是细胞内液、乙是组织液、丙是血浆、丁是淋巴液」——体液各成分转化图的判读，属现绑。,slice-91
BIOLOGY,内环境,ext-bio-1240be0b5f-007,内环境,,KEEP,「血浆的成分来源：消化道吸收、从组织液回渗、淋巴液由左右锁骨下静脉汇入」「组织液的成分来源：血浆渗出毛细血管壁、组织细胞代谢产生」——内环境成分来源，属现绑。,slice-91
BIOLOGY,内环境,ext-bio-1240be0b5f-008,内环境,,KEEP,「血浆与组织液之间可透过毛细血管壁双向交换物质」「组织液可透过毛细淋巴管壁单向进入淋巴液，淋巴液再经左右锁骨下静脉汇入血浆」——三者转化，属现绑。,slice-91
BIOLOGY,内环境,ext-bio-2572fc572d-007,内环境,,KEEP,「血浆中的成分透过毛细血管壁形成组织液，组织液大部分渗回血浆、小部分渗入毛细淋巴管成为淋巴」——三者相互转化，属现绑。,slice-91
BIOLOGY,内环境,ext-bio-2572fc572d-013,内环境,,KEEP,「血浆的成分包括蛋白质、无机盐、营养物质（如葡萄糖）和代谢废物等」——内环境的组成成分，属现绑。,slice-91
BIOLOGY,内环境,ext-bio-2572fc572d-014,内环境,,KEEP,「组织液、淋巴液、血浆最主要的差别在于血浆中含有较多的蛋白质，而组织液和淋巴液中蛋白质含量很少」——内环境各组分成分比较，属现绑。,slice-91
BIOLOGY,内环境,ext-bio-6cfe212f65-004b,内环境,,KEEP,「静脉注射：药物先进入血浆，再经组织液到达靶细胞，途径为血浆→组织液→靶细胞」「肌肉注射：药物先进入组织液，再经血浆、组织液到达靶细胞」——药物经内环境组分转运的途径，属现绑。,slice-91
BIOLOGY,内环境,ext-bio-ba8b3621cb-002,内环境,组织水肿的成因,REBIND,「①淋巴管或淋巴结阻塞使淋巴液回流受阻，组织液渗透压升高；②毛细血管通透性增大，血浆蛋白渗入组织液」「不能只看单一指标」——组织水肿两种机制的成因分析；现绑『内环境』边界为组成与转化，同族《血浆蛋白减少引起组织水肿》已在『组织水肿的成因』。,slice-91
BIOLOGY,内环境,ext-bio-cbf645c24c-005,内环境,,KEEP,「根据有无盲端分清毛细血管和毛细淋巴管——淋巴管有盲端，毛细血管两端连通」「据此得出结论：甲是细胞内液、乙是组织液、丙是血浆、丁是淋巴液」——转化图判读，属现绑。,slice-91
BIOLOGY,内环境,ext-bio-cfff2e6c9b-001i,内环境,,KEEP,「血液由血浆和血细胞组成，血浆属于内环境成分，但血液不属于内环境成分」——内环境成分的判断与辨析，属现绑。,slice-91
BIOLOGY,内环境失衡与人体健康,ext-bio-4a3ad9ce4c-036,内环境失衡与人体健康,,KEEP,「剧烈运动、高温下工作或剧烈呕吐、严重腹泻等会丢失大量水和无机盐（主要是钠盐），使细胞外液渗透压下降」「应及时补充生理盐水缓解症状」——水盐失衡症状与补电解质，正合现绑边界“丢失水分与无机盐…输液要补充电解质溶液”。,slice-91
BIOLOGY,内环境失衡与人体健康,ext-bio-f66e8d6ea1-060,内环境失衡与人体健康,胰岛素,REBIND,「1型糖尿病：胰岛B细胞功能减退导致胰岛素分泌不足」「2型糖尿病：组织细胞对胰岛素的敏感性下降」——糖尿病类型与胰岛素的关系，同类材料多轮裁定入『胰岛素』（别名『糖尿病的两种类型与成因』）；现绑边界只含理化性质失衡。,slice-91
BIOLOGY,内环境的理化性质,ext-bio-1240be0b5f-022,内环境的理化性质,,KEEP,「人体细胞外液的温度一般维持在37℃左右。」「意义：为各种酶提供适宜的温度」——细胞外液温度即现绑『内环境的理化性质』三方面之一，别名原题在现绑。,slice-91
BIOLOGY,内环境的理化性质,ext-bio-2572fc572d-018,内环境的理化性质,,KEEP,「渗透压是溶液中溶质微粒对水的吸引力，单位体积溶液中溶质微粒数目越多则渗透压越高」——渗透压概念与决定因素，正合现绑边界“只与单位体积溶质微粒的数目有关”，别名原题在现绑。,slice-91
BIOLOGY,内环境的理化性质,ext-bio-6cfe212f65-003,内环境的理化性质,,KEEP,「② 酸碱度：血浆呈中性、pH为7.35～7.45」「④ 渗透压、酸碱度和温度是细胞外液理化性质的三个主要方面」——与现绑『内环境的理化性质』边界（渗透压/酸碱度/温度）逐项对应。,slice-91
BIOLOGY,内环境的稳态,bio-mo-internal-environment-013,内环境的稳态,,KEEP,「在分子水平上，存在基因表达的稳态、激素分泌的稳态、酶活性的稳态等」——稳态概念在不同层次的延伸，属现绑『内环境的稳态』（别名逐字含本条）。,slice-91
BIOLOGY,内环境的稳态,bio-mo-internal-environment-016,内环境的稳态,,KEEP,「不同层次的生命系统都存在着类似于内环境稳态的特性」「在群体水平上，种群数量的变化存在稳态」——稳态概念的发展，属现绑『内环境的稳态』（别名含稳态概念的发展）。,slice-91
BIOLOGY,内环境的稳态,ext-bio-1b1b991667-013,内环境的稳态,,KEEP,「主要参与细胞为神经元，信号分子为神经递质，作用途径为反射弧，作用对象为突触后膜」「均需与受体直接接触、与受体的结合具有特异性」——三系统调节方式比较，正合现绑节点边界的三系统比较表。,slice-91
BIOLOGY,内环境的稳态,ext-bio-26746c92ba-107c,内环境的稳态,组织水肿的成因,REBIND,「组织水肿即组织液增多」「机械损伤或过敏反应导致毛细血管壁通透性增大，血浆蛋白进入组织液」「毛细淋巴管堵塞时」——通篇组织水肿的来源通路与去路；『组织水肿的成因』边界即渗透压方向与淋巴回流受阻。,slice-91
BIOLOGY,减数分裂,bio-fx-xxy-individual-origin,减数分裂,,KEEP,「父方减数分裂Ⅰ异常：XY同源染色体未分离，形成XY精子，与正常X卵细胞结合成XXY」「母方减数分裂Ⅰ或Ⅱ异常：形成XX卵细胞，与正常Y精子结合成XXY」——减数分裂异常与XXY成因，现绑边界明写“涉及异常分裂（如XXY个体）的原因分析”。,slice-91
BIOLOGY,减数分裂,ext-bio-1de8d85aa8-005,减数分裂,,KEEP,「每条染色体上含 2 条 DNA，而每条染色体上只含 1 个着丝粒，故初级性母细胞中着丝粒数与核 DNA 数」——复制后计数关系；同块另含细胞质雄性不育与次级精母细胞基因数，跨『减数分裂细胞中染色体-dna数量变化规律』与『核质互作雄性不育与三系法育种』两族，无更优单点，保留。,slice-91
BIOLOGY,减数分裂,ext-bio-2b57888b0f-017,减数分裂,,KEEP,「减数分裂Ⅰ后期非同源染色体自由组合；减数分裂Ⅰ前期同源染色体的非姐妹染色单体发生互换」「1个精母细胞产生2种精细胞」「1个卵原细胞只产生1种卵细胞」——配子多样性来源与种类数，属现绑。,slice-91
BIOLOGY,减数分裂,ext-bio-5f510cdc4a-736,减数分裂,,KEEP,「原因一：减数第一次分裂后期非同源染色体的自由组合，2对染色体自由组合可形成4种配子」「原因二：四分体时期同源染色体上非姐妹染色单体之间发生相应片段的互换」——配子多样性两原因，属现绑『减数分裂』。,slice-91
BIOLOGY,减数分裂,ext-bio-b7b14638ac-003b,减数分裂,,KEEP,「子囊孢子是酿酒酵母在减数分裂后形成的孢子，减数分裂的结果是产生单倍体的细胞，因此子囊孢子是单倍体」——酵母有性生殖的减数分裂产物；同块另含芽殖（有丝分裂）与寿命实验，跨族无更优单点，保留归现绑『减数分裂』。,slice-91
BIOLOGY,减数分裂,ext-bio-b7b14638ac-020,减数分裂,,KEEP,「反推是否发生互换」「一个次级卵母细胞形成的卵细胞是 Abd，则与之同时产生的第二极体应是 abd」——卵细胞与极体关系的画图推断，属现绑『减数分裂』（前轮 slice-90 同条已判 KEEP）。,slice-91
BIOLOGY,减数分裂异常的原因分析,ext-bio-56a480d9bd-028,减数分裂异常的原因分析,染色体变异-x1,REBIND,「三联体中任意两条染色体移向细胞一极、另一条染色体移向另外一极……共产生6种配子，其中正常配子（②③）占比为1/6」——三体配子比例的标号分析，非减数分裂异常成因；靶节点已收『三体与四体产生的配子比例』『三体产生配子的标号分析法』。,slice-91
BIOLOGY,减数分裂异常的原因分析,ext-bio-b7b14638ac-021,减数分裂异常的原因分析,,KEEP,「不发生交叉互换：卵细胞中同时含等位基因A2、A3，则为卵原细胞减数分裂Ⅰ异常」「减数分裂Ⅰ前期发生交叉互换……减数分裂Ⅱ异常可使A2、A3进入同一个卵细胞」——由异常配子反推MⅠ/MⅡ异常，属现绑节点。,slice-91
BIOLOGY,减数分裂细胞中染色体-dna数量变化规律,bio-mo-gene-010,减数分裂细胞中染色体-dna数量变化规律,四分体,REBIND,「“联会”是减Ⅰ前期同源染色体两两配对的行为，而“四分体”是“联会”行为造成的结果」「“四分体”只存在于初级性母细胞中」。讲联会与四分体的关系及存在范围，目标节点即『联会与四分体』概念；现绑节点讲染色体、DNA 数量变化规律。,slice-91
BIOLOGY,减数分裂细胞中染色体-dna数量变化规律,bio-mo-gene-015,减数分裂细胞中染色体-dna数量变化规律,受精作用,REBIND,「对有性生殖后代多样性的原因应从配子的多样性及受精两方面全面描述」「受精时精子和卵细胞结合具有随机性」。目标节点收『受精时精卵随机结合增加多样性』『受精作用与配子多样性』等同族材料；现绑只讲染色体、DNA 数量变化。,slice-91
BIOLOGY,减数分裂细胞中染色体-dna数量变化规律,ext-bio-26746c92ba-065,减数分裂细胞中染色体-dna数量变化规律,,KEEP,「斜线从2n→4n的折线代表核DNA分子数」「定时期，即结合各物质数量的相对多少判断时期」。折线图与柱形图判读数量变化，属现绑节点。,slice-91
BIOLOGY,减数分裂细胞中染色体-dna数量变化规律,ext-bio-5f510cdc4a-752,减数分裂细胞中染色体-dna数量变化规律,,KEEP,「只有染色单体的数目可能是0，染色体和核DNA的数目不可能是0」「核DNA分子数与染色体数可能为1比1或2比1，不可能是1比2」。染色体/DNA 数量关系的柱形图判读，属现绑节点。,slice-91
BIOLOGY,减数分裂细胞中染色体-dna数量变化规律,ext-bio-5f510cdc4a-753,减数分裂细胞中染色体-dna数量变化规律,,KEEP,「核DNA加倍的原因是DNA复制；核DNA减半发生在减数分裂Ⅰ末期、减数分裂Ⅱ末期或有丝分裂末期」「染色体加倍发生在减数分裂Ⅱ后期或有丝分裂后期，原因是着丝粒分裂」。各物质加倍减半的时期与原因，即现绑节点。,slice-91
BIOLOGY,分泌蛋白的分选（信号肽假说）,ext-bio-b9a0a49062-027,分泌蛋白的分选（信号肽假说）,,KEEP,「新生肽链通过易位子进入内质网腔中进行初步加工之后，SRP脱离，肽链继续合成，结束后其信号肽被切除，核糖体脱落」——信号肽假说机制，属现绑『分泌蛋白的分选（信号肽假说）』。,slice-91
BIOLOGY,分泌蛋白的合成和运输,ext-bio-3199bef3a3-012,分泌蛋白的合成和运输,分泌蛋白的分选（信号肽假说）,REBIND,「共翻译转运的蛋白质先合成的一段肽链（信号肽）与细胞质基质中的信号识别颗粒（SRP）结合」「内质网腔面上的信号肽酶切除信号肽」——信号肽—SRP 分选机制，正对『分泌蛋白的分选（信号肽假说）』（别名『共翻译转运中信号肽与SRP的作用机制』）。,slice-91
BIOLOGY,分泌蛋白的合成和运输,ext-bio-3199bef3a3-014,分泌蛋白的合成和运输,分泌蛋白的分选（信号肽假说）,REBIND,「游离核糖体最初合成的一段氨基酸序列作为信号肽 被位于细胞质基质中的信号识别颗粒（SRP）识别」「信号肽在内质网中被切除」——信号肽假说的步骤，属『分泌蛋白的分选（信号肽假说）』。,slice-91
BIOLOGY,分泌蛋白的合成和运输,ext-bio-b7b8940347-003,分泌蛋白的合成和运输,分泌蛋白的分选（信号肽假说）,REBIND,「内质网信号序列暴露出核糖体并与 SRP 结合，导致肽链延伸暂时停止」「信号肽引导肽链进入内质网腔」——共翻译转运的机制，属『分泌蛋白的分选（信号肽假说）』。,slice-91
BIOLOGY,分离定律,bio-complete-dominance,分离定律,,KEEP,「Aa 个体：表现与 AA 相同（显性）；aa 表现隐性」「自交 3:1」——完全显性是分离定律的默认情形，『分离定律的特殊类型』收的是不完全显性/共显性等，故保留现绑。,slice-91
BIOLOGY,分离定律,bio-fx-fusion-inheritance,分离定律,,KEEP,「融合遗传由达尔文于1868年提出，主张两亲代相对性状在杂种后代中融合为新性状」「这与实际杂交实验（性状分离）矛盾」——孟德尔实验的科学史背景（备选『遗传学核心概念与术语』，见备注）。,slice-91
BIOLOGY,分离定律,bio-fx-multiple-alleles-count,分离定律,分离定律的特殊类型,REBIND,「基因型总数：n（n＋1）/2」「纯合子：n种（每种基因自交组合）」——复等位基因遗传；『分离定律的特殊类型』边界表含血型行，别名已收『复等位基因及其遗传特点（第21讲）』『复等位基因的遗传分析』。,slice-91
BIOLOGY,分离定律,bio-mo-segregation-law-003,分离定律,,KEEP,「在杂种后代中同时出现显性性状和隐性性状的现象，叫作性状分离」——现绑边界含『杂合子自交后代出现性状分离』；定义句亦可归『遗传学核心概念与术语』（备选，见备注）。,slice-91
BIOLOGY,分离定律,bio-mo-segregation-law-008,分离定律,,KEEP,「等位基因：控制相对性状的基因，如D和d」「杂合子不能稳定遗传，自交后代会出现性状分离」——现绑边界即『等位基因彼此分离、杂合子自交后代出现性状分离』；末句测交内容属『测交』节点（备选，见备注）。,slice-91
BIOLOGY,分离定律,bio-mo-segregation-law-011,分离定律,,KEEP,「假说-演绎法实验程序： （观察现象、）提出问题→ （分析问题、）提出假说→演绎推理→实验验证→得出结论」——现绑边界明写『理解上可结合假说—演绎法的实验程序』（近邻『一对相对性状的杂交实验』，见备注）。,slice-91
BIOLOGY,分离定律,ext-bio-6d52ef3b3c-002,分离定律,基因型-表型的推断,REBIND,「正推型（由亲代推断子代的基因型与表型）」「逆推型（由子代推断亲代的基因型）……子代出现3:1的性状分离比，则亲代均为杂合子Aa」——正推与逆推即『基因型-表型的推断』边界原文，该节点已收『基因型与表型的推断方法（由子代推亲本）』同族。,slice-91
BIOLOGY,分离定律,ext-bio-8882fbb157-002,分离定律,,KEEP,「杂合×杂合子代显性∶隐性=3∶1；杂合×隐性子代显性∶隐性=1∶1；隐性×隐性全为隐性」——一对相对性状六种杂交组合，属现绑分离定律的应用，别名逐字含本条标题。,slice-91
BIOLOGY,分离定律的概率计算-含自交与自由交配,bio-consanguinity-risk-formula,分离定律的概率计算-含自交与自由交配,,KEEP,「通式：患儿概率 = 双方携带概率乘积 × 1/4」——无亲缘关系随机婚配的隐性病风险；现绑节点别名已收本条与『近亲婚配风险倍数』同族。,slice-91
BIOLOGY,分离定律的特殊类型,bio-incomplete-dominance,分离定律的特殊类型,,KEEP,「AA 红花、aa 白花、Aa 粉花（中间型）」「自交：1 红 : 2 粉 : 1 白」——现绑别名逐字含『不完全显性：杂合子表现介于双亲之间』。,slice-91
BIOLOGY,分离定律的特殊类型,ext-bio-13820402b6-006b,分离定律的特殊类型,,KEEP,「显性的相对性表现为不完全显性和共显性，可使3比1变为1比2比1」「复等位基因在群体中同一基因位点存在两个以上等位基因」——现绑别名逐字含本题名。,slice-91
BIOLOGY,分离定律的特殊类型,ext-bio-1de8d85aa8-014b,分离定律的特殊类型,,KEEP,「同源染色体上的两个基因都能产生正常蛋白时，个体才表现正常表型」「只有一个正常基因时表现为症状较轻的异常」——剂量效应；无专点，『基因突变』（突变对蛋白质与性状影响族）为并存候选，保留。,slice-91
BIOLOGY,分离定律的特殊类型,ext-bio-636de2a928-019b,分离定律的特殊类型,核质互作雄性不育与三系法育种,REBIND,「细胞质基因（P、H）在遗传时符合母系遗传」「(P)dd 为雄性不育」「发生了性状分离，故需要年年制种」——质核互作育性判定与制种；靶节点别名『核质互作雄性不育的基因型与育性判断』正对。,slice-91
BIOLOGY,分离定律的特殊类型,ext-bio-636de2a928-020,分离定律的特殊类型,,KEEP,「其遗传同样遵循分离定律」「表现为连锁遗传，不遵循自由组合定律」——复等位基因与连锁分析；后半与『连锁互换问题的配子分析』并存，无更优单点，保留。,slice-91
BIOLOGY,分离定律的特殊类型,ext-bio-636de2a928-020b,分离定律的特殊类型,,KEEP,「先确定显隐性关系相对性的类型 → 确定基因型和表型的对应关系」——三种相对性类型与解题技巧，属现绑『分离定律的特殊类型』相对性族。,slice-91
BIOLOGY,分离定律的特殊类型,ext-bio-636de2a928-030,分离定律的特殊类型,母性效应与表型模拟,REBIND,「正反交 F₁ 颜色出现差异，且该遗传方式为」「母本的核基因使子代表型」——通篇母性影响与推迟一代；靶节点已收『母性效应（第21讲）』，前轮同题判例亦 REBIND 至此。,slice-91
BIOLOGY,分离定律的特殊类型,ext-bio-92da75f520-008,分离定律的特殊类型,,KEEP,「不完全显性：杂合子表现为显隐性之间的中间性状，F2比例变为1比2比1」「共显性：杂合子中一对等位基因的作用同时表现出来」——现绑别名逐字含『显隐关系的相对性』。,slice-91
BIOLOGY,分离定律的特殊类型,ext-bio-93ef78797d-014,分离定律的特殊类型,,KEEP,「不完全显性时杂合子表现中间性状」「基因型比与表型比一致」——现绑别名逐字含『不完全显性（第21讲）』。,slice-91
BIOLOGY,分离定律的特殊类型,ext-bio-93ef78797d-017,分离定律的特殊类型,,KEEP,「复等位基因指一对同源染色体的同一位置上的基因有多个」「复等位基因遗传时仍符合分离定律」——现绑别名逐字含『复等位基因及其遗传特点（第21讲）』。,slice-91
BIOLOGY,分离定律的特殊类型,ext-bio-964376c6e3-072,分离定律的特殊类型,,KEEP,「具有一对相对性状的两个纯合亲本杂交，子一代的性状表现介于显性亲本性状和隐性亲本性状之间」——即现绑别名『不完全显性的概念与实例』。,slice-91
BIOLOGY,分离定律的特殊类型,ext-bio-991abe863c-010,分离定律的特殊类型,,KEEP,「再用棋盘法列出全部配子组合，最后按表现型归类统计」——ABO血型复等位基因分析，现绑别名逐字含『复等位基因遗传（以ABO血型为例）』。,slice-91
BIOLOGY,分离定律的特殊类型,ext-bio-991abe863c-011,分离定律的特殊类型,从性遗传,REBIND,「从性遗传：基因位于常染色体上，但在不同性别中显隐性的表现相反」「伴性遗传：基因位于性染色体上」——通篇从性遗传与伴性遗传的区分；靶『从性遗传』边界即该判断要点，前轮同题已判 REBIND 至该节点。,slice-91
BIOLOGY,分离定律的特殊类型,ext-bio-991abe863c-012,分离定律的特殊类型,,KEEP,「不完全显性：杂合子表现为双亲的中间性状」「共显性：杂合子同时表达双亲的性状」——现绑别名逐字含『不完全显性与共显性』。,slice-91
BIOLOGY,分离定律的特殊类型,ext-bio-991abe863c-013,分离定律的特殊类型,母性效应与表型模拟,REBIND,「因环境影响而使表型与基因型不相符的现象称为表型模拟」「基因型为VV或Vv的个体在低温条件下可发育为残翅」——通篇表型模拟；靶节点别名逐字含『表型模拟：相同基因型在不同环境中表型不同』。,slice-91
BIOLOGY,分离定律的特殊类型,ext-bio-aafa1aaa0a-031,分离定律的特殊类型,,KEEP,「不完全显性：杂合子的性状介于显性性状和隐性性状之间」「复等位基因：在种群中同源染色体的相同位点上可以存在两个以上的等位基因」——现绑别名逐字含本题名。,slice-91
BIOLOGY,分离定律的特殊类型,ext-bio-f305df32f5-019,分离定律的特殊类型,,KEEP,「合子致死：某些遗传因子组成的个体死亡」「配子致死：致死遗传因子在配子时期发挥作用」——致死半部与『个体或配子致死问题的处理(规律方法)』并存；①不完全显性锚定现绑，保留。,slice-91
BIOLOGY,分离定律的特殊类型,ext-bio-f305df32f5-020,分离定律的特殊类型,,KEEP,「复等位基因：控制某一性状的等位基因数目在两个以上」「母性效应：子代某一表型受母本基因型影响」——四类特殊类型综述；跨『从性遗传』『母性效应与表型模拟』等专点，无更优单点，保留。,slice-91
BIOLOGY,动物细胞培养,bio-mo-cell-engineering-016,动物细胞培养,干细胞,REBIND,「在一定条件下，干细胞可以分化成其他类型的细胞」「干细胞存在于早期胚胎、骨髓和脐带血等多种组织和器官中，包括胚胎干细胞和成体干细胞等」——通篇干细胞概念与分布；现绑『动物细胞培养』无涉，靶『干细胞』已收《干细胞的概念与分布》。,slice-91
BIOLOGY,动物细胞培养,ext-bio-5b6cb16a7f-010,动物细胞培养,,KEEP,「4 培养条件的正误 动物细胞培养时需要通过定期更换培养液 清除细胞代谢物来营造无毒环境」——第4条即动物细胞培养条件考点故保留；另三条分属基因工程与细胞免疫，多主题材料无单一更优去向（点名）。,slice-91
BIOLOGY,协助扩散,bio-fj-07-ion-transport-modes,协助扩散,,KEEP,「无机盐离子一般以主动运输方式进出细胞。也可通过协助扩散：如神经细胞维持静息电位时K+外流」——现绑边界含『无机盐离子运输方式的辨析』，别名逐字含本条标题。,slice-91
BIOLOGY,协助扩散,ext-bio-362fa1edab-050,协助扩散,,KEEP,「葡萄糖进入红细胞时需借助转运蛋白，顺浓度梯度运输，不消耗能量，属于协助扩散」——属现绑『协助扩散』，别名『葡萄糖进入红细胞的运输特点』逐字同题。,slice-91
BIOLOGY,协助扩散,ext-bio-5f510cdc4a-382,协助扩散,,KEEP,「水分子主要通过协助扩散（借助水通道蛋白）进出细胞，也可以通过自由扩散方式进出细胞」——现绑边界『水经通道蛋白的跨膜方式』，别名逐字含本条标题。,slice-91
BIOLOGY,协助扩散,ext-bio-5f510cdc4a-401,协助扩散,,KEEP,「水通道蛋白又称水孔蛋白…是一种高度特异性的亲水通道，一般只允许水而不允许离子或其他小分子溶质通过」——现绑边界含『水经通道蛋白的跨膜方式』，别名逐字含本条标题。,slice-91
BIOLOGY,协助扩散,ext-bio-7533a1e1fd-003,协助扩散,,KEEP,「水的两种跨膜方式：自由扩散；借助水通道蛋白的协助扩散」「需要转运蛋白，故速率与细胞膜上转运蛋白的数量有关」——协助扩散特点，别名逐字含本条标题。,slice-91
BIOLOGY,协助扩散,ext-bio-8c6f4cf660-005,协助扩散,,KEEP,「葡萄糖进入人体成熟红细胞需要转运蛋白协助，顺浓度梯度运输，不消耗能量。」——正合现绑『协助扩散』边界（需转运蛋白、不耗能），别名『红细胞吸收葡萄糖的运输特点（第7讲课件）』逐字同题。,slice-91
BIOLOGY,协同进化与生物多样性的形成,bio-mo-evolution-003,协同进化与生物多样性的形成,生物有共同祖先的证据,REBIND,「已经发现的大量化石证据，证实了生物是由原始的共同祖先经过漫长的地质年代逐渐进化而来的」——化石证据；『生物有共同祖先的证据』已收三条同题化石材料，现绑『协同进化与生物多样性的形成』无对应。,slice-91
BIOLOGY,协同进化与生物多样性的形成,bio-mo-evolution-005,协同进化与生物多样性的形成,自然选择,REBIND,「法国博物学家拉马克彻底否定了物种不变论」「适应性特征的形成都是由于用进废退和获得性遗传」——拉马克学说；『自然选择』已收『拉马克的进化学说』『拉马克学说的不足』等同题材料，现绑『协同进化与生物多样性的形成』无对应。,slice-91
BIOLOGY,协同进化与生物多样性的形成,bio-mo-evolution-007,协同进化与生物多样性的形成,生物有共同祖先的证据,REBIND,「“化石、比较解剖学、胚胎学、细胞和分子水平”的证据都对应达尔文的共同由来学说」——证据与共同由来学说；『生物有共同祖先的证据』已收『共同由来学说的内容与四类进化证据』『达尔文进化论与共同祖先的证据』等同族材料。,slice-91
BIOLOGY,协同进化与生物多样性的形成,bio-mo-evolution-009,协同进化与生物多样性的形成,自然选择,REBIND,「适应是普遍存在的，所有的生物都具有适应环境的特征」「但适应是针对一定的环境条件而言的，是一种暂时的现象」——适应的普遍性与相对性；『自然选择』已收『适应的含义与特点』『适应的普遍性和相对性』等同族材料。,slice-91
BIOLOGY,协同进化与生物多样性的形成,bio-mo-evolution-019,协同进化与生物多样性的形成,基因频率,REBIND,「一个种群中全部个体所含有的全部基因，叫做这个种群的基因库」「某个基因占全部等位基因数的比值，叫做基因频率」——基因库与基因频率概念；『基因频率』已收『种群、基因库与基因频率』『公式法求基因频率』等同族材料，现绑节点无此族。,slice-91
BIOLOGY,协同进化与生物多样性的形成,bio-mo-evolution-020,协同进化与生物多样性的形成,基因频率,REBIND,「利用遗传平衡定律需满足以下条件：①种群非常大」「基因型AA的频率为p2，Aa的频率为2pq，aa的频率为q2」——遗传平衡定律条件与计算；『基因频率』已收『遗传平衡定律及其应用』『遗传平衡定律的条件与基因型频率的计算』等同族材料。,slice-91
BIOLOGY,协同进化与生物多样性的形成,bio-mo-evolution-022,协同进化与生物多样性的形成,自然选择,REBIND,「基因突变、染色体数目和结构的变异都能引起种群基因频率的改变，但不能引起定向改变，定向改变需经自然选择作用」——自然选择决定定向改变；『自然选择』已收『突变是随机而自然选择是定向的』（正文“自然选择是通过对已有变异的筛选来改变种群的基因频率”）。,slice-91
BIOLOGY,协同进化与生物多样性的形成,bio-mo-evolution-023,协同进化与生物多样性的形成,基因频率,REBIND,「人工选择是以“是否对人类有利”为标准，对人类有利的基因或性状被保留下来」「二者都能使被选择的种群的基因频率发生改变」——选择方式对基因频率的影响；『基因频率』已收『自然选择与人工选择对基因频率的影响』同题材料，现绑节点无此族。,slice-91
BIOLOGY,协同进化与生物多样性的形成,bio-mo-evolution-024,协同进化与生物多样性的形成,自然选择,REBIND,「在自然选择过程中，直接受选择的是表型，而不是基因型」——自然选择的作用对象；『自然选择』已收『自然选择与变异的方向』（边界明言“自然选择作用于个体的表型”），现绑节点无此内容。,slice-91
BIOLOGY,协同进化与生物多样性的形成,bio-mo-evolution-025,协同进化与生物多样性的形成,,KEEP,「物种是自然状态下能够自由交配并产生可育后代的一群生物」「判断生物是不是同一物种…可靠依据是：看是否存在生殖隔离」——物种与隔离概念辨析；现绑边界含“辨析基因库、物种与隔离的概念”；『隔离在物种形成中的作用』等亦收同族材料，口径不唯一故保留。,slice-91
BIOLOGY,协同进化与生物多样性的形成,bio-mo-evolution-026,协同进化与生物多样性的形成,,KEEP,「在判断是否为同一个物种时，既要看能否产生后代，又要看后代是否可育」——物种判断；现绑边界末句逐字覆盖“若后代不可育则不属于同一物种”；『隔离在物种形成中的作用』同族材料并存，口径不唯一故保留。,slice-91
BIOLOGY,协同进化与生物多样性的形成,bio-mo-evolution-027,协同进化与生物多样性的形成,物种的形成,REBIND,「生物进化的实质是种群基因频率的改变」「隔离是新物种形成的必要条件，新物种形成的标志是产生生殖隔离」——进化与物种形成的差异辨析；『物种的形成』边界即隔离是物种形成必要条件、基因频率改变即进化。现绑节点只讲协同进化与生物多样性。,slice-91
BIOLOGY,协同进化与生物多样性的形成,bio-mo-evolution-031,协同进化与生物多样性的形成,,KEEP,「在捕食过程中，自然选择有利于羚羊种群中肌肉发达、动作敏捷的个体」「捕食者的存在有利于增加物种多样性」——捕食与协同进化及生物多样性；现绑边界含“捕食…并据此说明生物多样性的形成”；『共同进化』亦收收割理论，口径不唯一故保留。,slice-91
BIOLOGY,协同进化与生物多样性的形成,bio-mo-evolution-032,协同进化与生物多样性的形成,,KEEP,「两个个体虽然能够交配产生后代，但子代有可能高度不育」「因此马和驴是两个物种」——物种判断；现绑边界末句逐字覆盖“两个个体虽能交配产生后代，若后代不可育则不属于同一物种”；『隔离在物种形成中的作用』同题材料并存，口径不唯一故保留。,slice-91
BIOLOGY,协同进化与生物多样性的形成,bio-mo-evolution-034,协同进化与生物多样性的形成,基因频率,REBIND,「某种群的所有个体自交，若没有进行选择，则自交后代的基因频率不变，基因型频率会改变」——交配方式与基因频率；『基因频率』已收『自交与自由交配中基因频率变化的区别』及同源『交配方式、基因频率、基因型频率』块。,slice-91
BIOLOGY,协同进化与生物多样性的形成,bio-mo-evolution-035,协同进化与生物多样性的形成,基因频率,REBIND,「则此地区Xb的基因频率也为x，此地区女性色盲率则为x2」——X连锁基因频率与发病率关系；『基因频率』边界点名“X连锁基因在男女发病率相等时频率与发病率的关系”，同题材料『X染色体上基因频率的快速计算』已在该节点。,slice-91
BIOLOGY,单克隆抗体,bio-mo-cell-engineering-017,单克隆抗体,干细胞,REBIND,「2006年，科学家通过体外诱导小鼠成纤维细胞，获得了类似胚胎干细胞的一种细胞，将它称为诱导多能干细胞（简称iPS细胞）」——iPS研究史实；靶『干细胞』已收《诱导多能干细胞（iPS细胞）的产生》《胚胎干细胞与诱导多能干细胞的研究史实》；现绑『单克隆抗体』无涉。,slice-91
BIOLOGY,单克隆抗体,bio-mo-cell-engineering-021,单克隆抗体,,KEEP,「第一次筛选的目的是筛选出杂交瘤细胞，方法是用特定的选择培养基培养」「第二次筛选的目的是筛选出能产生所需抗体的杂交瘤细胞，方法是专一抗体检测」——单抗制备两次筛选，属现绑『单克隆抗体』核心，保留。,slice-91
BIOLOGY,单克隆抗体,bio-mo-cell-engineering-036,单克隆抗体,,KEEP,「B淋巴细胞与骨髓瘤细胞经诱导融合后，培养基中共出现5种细胞，其中融合的细胞有3种（如融合的话，只考虑两两融合）」——单抗制备中融合后细胞种类分析，属现绑『单克隆抗体』（边界即诱导融合获得杂交瘤），保留。,slice-91
BIOLOGY,单克隆抗体,ext-bio-212a0c0bfa-035,单克隆抗体,,KEEP,「HAT培养基中的氨基蝶呤（叶酸的拮抗剂）可以阻断从头合成途径」「杂交瘤细胞从B淋巴细胞中获得了HGPRT和TK，可以利用补救途径合成DNA」——HAT筛选原理同族，属现绑『单克隆抗体』，保留。,slice-91
BIOLOGY,单克隆抗体,ext-bio-5f510cdc4a-1810,单克隆抗体,,KEEP,「骨髓瘤细胞……缺乏HGPRT，不能通过辅助途径合成DNA」「只有B淋巴细胞和骨髓瘤细胞融合的杂交瘤细胞才可在HAT培养基中长期存活与繁殖」——HAT筛选杂交瘤原理，属现绑『单克隆抗体』，保留。,slice-91
BIOLOGY,原核细胞,bio-fj-01-jun-word-mistakes,原核细胞,,KEEP,「“菌”字前带“杆”“球”“螺旋”“弧”字的一般是细菌（原核）」「原生生物不是原核生物」——原核生物的判断与归属；前轮已将本条由『实验-探究酵母菌细胞呼吸的方式』改指『原核细胞』，保留。,slice-91
BIOLOGY,原核细胞,bio-kb2-01-cyanobacteria,原核细胞,,KEEP,「蓝细菌细胞内含有藻蓝素和叶绿素，是能进行光合作用的自养生物」——蓝细菌自养特性与常见种类；前轮由『实验-探究抗生素对细菌的选择作用』改指『原核细胞』，保留。,slice-91
BIOLOGY,原核细胞,bio-kb3-f1-s1-2-n10,原核细胞,,KEEP,「常见的蓝细菌有颤蓝细菌、念珠蓝细菌、色球蓝细菌、发菜四类」——蓝细菌常见种类；前轮由『细胞的多样性和统一性』改指『原核细胞』，属“归纳原核生物的基本类群”，保留。,slice-91
BIOLOGY,原核细胞,bio-mo-cell-100,原核细胞,,KEEP,「能进行光合作用的生物，不一定有叶绿体」「能进行有氧呼吸的生物不一定有线粒体」——原核细胞无叶绿体、无线粒体的“不一定”辨析，正在现绑『原核细胞』延伸面；余下真核细胞器条目为余料，保留。,slice-91
BIOLOGY,原核细胞,ext-bio-04aafd05b8-041,原核细胞,,KEEP,「细菌的基本结构包括细胞膜、细胞质和细胞壁，细胞壁由肽聚糖组成；没有核膜包被的细胞核」——细菌（原核）的结构；属现绑『原核细胞』，保留。,slice-91
BIOLOGY,原核细胞,ext-bio-04aafd05b8-042,原核细胞,,KEEP,「蓝细菌属原核生物，基本结构包括细胞膜、细胞质、由肽聚糖组成的细胞壁和拟核」——蓝细菌结构与代谢特点；属现绑『原核细胞』，保留。,slice-91
BIOLOGY,原核细胞,ext-bio-04aafd05b8-043,原核细胞,,KEEP,「支原体是原核生物，没有成形的细胞核，细胞内有细胞膜、细胞质、DNA和核糖体等，是已知最小的、最简单的原核生物」——支原体结构特点；属现绑『原核细胞』的结构与类群面，保留。,slice-91
BIOLOGY,原核细胞,ext-bio-23404bac23-048,原核细胞,,KEEP,「拟核（裸露的大型环状DNA，无染色体）和质粒（小型环状DNA），细胞质中只有核糖体一种细胞器」——原核细胞的典型结构；属现绑『原核细胞』，保留。,slice-91
BIOLOGY,原核细胞,ext-bio-23404bac23-049,原核细胞,,KEEP,「蓝细菌包括色球蓝细菌、颤蓝细菌、念珠蓝细菌、发菜等种类，含有藻蓝素和叶绿素，能进行光合作用，属于自养生物」——蓝细菌类群与营养方式；属现绑『原核细胞』，保留。,slice-91
BIOLOGY,原核细胞,ext-bio-3199bef3a3-001,原核细胞,,KEEP,「支原体为原核生物 只含核糖体一种细胞器」「若该生物不属于真核生物 就没有叶绿体、细胞核等结构」——支原体与特殊微生物的结构判断，属现绑『原核细胞』的结构特点面，保留。,slice-91
BIOLOGY,原核细胞,ext-bio-3481f17f61-038,原核细胞,,KEEP,「蓝细菌（乙）无叶绿体（丁中的⑥），也能进行光合作用」「为自养生物」——蓝细菌无叶绿体仍能光合；属现绑『原核细胞』基本类群面，保留。,slice-91
BIOLOGY,原核细胞,ext-bio-5f510cdc4a-180,原核细胞,,KEEP,「蓝细菌没有叶绿体，细胞内含有藻蓝素和叶绿素以及光合作用相关的酶，能进行光合作用，是自养生物」——蓝细菌生活方式与常见种类；属现绑『原核细胞』，保留。,slice-91
BIOLOGY,原核细胞,ext-bio-5f510cdc4a-183,原核细胞,,KEEP,「蓝细菌的颜色：细胞内含有丰富的色素，如藻蓝素与叶绿素，通常使细胞呈现蓝绿色」「赤潮：海水富营养化导致浮游生物大量繁殖」——蓝细菌颜色来源与水华赤潮成因；属现绑『原核细胞』类群，保留。,slice-91
BIOLOGY,原核细胞,ext-bio-9bb1ae91a7-025,原核细胞,,KEEP,「蓝细菌是一类原核细胞，比其他细菌细胞体积大」「含藻蓝素和叶绿素能进行光合作用（无叶绿体）」——蓝细菌结构、代谢与生态现象；属现绑『原核细胞』，保留。,slice-91
BIOLOGY,原核细胞和真核细胞,ext-bio-3199bef3a3-001c,原核细胞和真核细胞,,KEEP,「幽门螺杆菌是一种定植在胃黏膜上皮细胞表面的细菌 属于原核生物 主要通过二分裂方式进行繁殖」——原核生物归属与增殖方式，现绑『原核细胞和真核细胞』别名含同题，保留。,slice-91
BIOLOGY,反馈调节,ext-bio-f66e8d6ea1-066,反馈调节,,KEEP,「原因是摘除垂体后机体内缺乏促甲状腺激素（TSH）」「这体现了垂体通过促激素对甲状腺的调控作用」——分级调节；现绑别名逐字含本题名，『甲状腺激素』（切除实验族）并存，保留。,slice-91
BIOLOGY,反馈调节,ext-bio-f66e8d6ea1-067,反馈调节,,KEEP,「原因是性激素过多会通过反馈调节抑制垂体分泌促性腺激素」「缺乏促性腺激素就会导致性器官萎缩」——负反馈抑制；现绑别名逐字含本题名。,slice-91
BIOLOGY,发酵工程,ext-bio-b40cdc0a76-006c,发酵工程,,KEEP,「大麦种子发芽的目的是使其产生淀粉酶 赤霉素处理大麦种子可以使大麦种子……糖浆发酵过程应先通入无菌空气使酵母菌快速繁殖 此后隔绝空气进行酒精发」——正属现绑『发酵工程』已收的啤酒工业化生产一族。,slice-91
BIOLOGY,受精作用,bio-mo-cell-engineering-043,受精作用,,KEEP,「在精子触及卵细胞膜的瞬间，卵细胞膜外的透明带会迅速发生生理反应」——防止多精入卵的透明带反应，现节点已收『避免多精入卵的两个反应与受精的标志』同族材料。,slice-91
BIOLOGY,受精作用,ext-bio-1e23a952bc-048,受精作用,,KEEP,「受精作用中雌雄配子随机结合，进一步增加后代多样性」「减数分裂与受精作用共同维持前后代体细胞中染色体数目的恒定」——受精作用对多样性与染色体数目的贡献，属现绑边界“实质与结果”。,slice-91
BIOLOGY,受精作用,ext-bio-a2cb8f3493-008,受精作用,,KEEP,「刚刚排出的精子不能立即与卵子受精，必须在雌性动物的生殖道内发生相应的生理变化后，才能获得受精能力」——精子获能，现节点已收『精子获能』『精子获能的两种方法』同族材料；可选『胚胎工程』，同族在册故保留。,slice-91
BIOLOGY,受精作用,ext-bio-a2cb8f3493-009,受精作用,,KEEP,「排出的卵子要在输卵管内发育到MⅡ期时，才具备与精子受精的能力」——卵子成熟到具备受精能力，现节点已收『受精的场所、精子获能与卵子的准备』『不同动物排出卵子的成熟程度』；可选『胚胎工程』，但本节点同族在册故保留。,slice-91
BIOLOGY,受精作用,ext-bio-e29b5be961-041,受精作用,,KEEP,「配子中染色体组合多样性的原因：同源染色体分离和非同源染色体自由组合，以及受精过程中卵细胞和精子结合的随机性」——含受精随机性一面，与现节点『受精时精卵随机结合增加多样性』一致；『减数分裂』同族并存，口径不唯一故保留。,slice-91
BIOLOGY,受精作用,ext-bio-e29b5be961-042,受精作用,减数分裂,REBIND,「在同源染色体分离、非同源染色体自由组合时会有四种组合结果」「因此会形成四种次级精（卵）母细胞，从而形成四种配子，其变异类型为基因重组」——全条讲减数分裂产生配子的组合数，无受精内容；『减数分裂』已收『减数分裂中细胞与配子的数量关系及配子种类』『配子多样性的来源与配子种类数的计算』同族材料。,slice-91
BIOLOGY,叶绿体,ext-bio-531bf95a49-018,叶绿体,,KEEP,「发现大量需氧型细菌聚集在红光和蓝紫光区域」「综合两个实验说明叶绿体的功能是捕获光能、进行光合作用」——恩格尔曼实验二，现绑别名逐字含本题名。,slice-91
BIOLOGY,叶绿体,ext-bio-f13ea98370-022,叶绿体,,KEEP,「水绵的叶绿体呈螺旋带状分布，便于观察」「用需氧细菌可确定释放氧气多的部位」——恩格尔曼选材；散见多节点，口径不唯一，保留。,slice-91
BIOLOGY,叶绿体,ext-bio-f13ea98370-023,叶绿体,,KEEP,「实验在光下与黑暗中形成对照」「恩格尔曼实验要在没有空气的黑暗环境中进行」——恩格尔曼实验设计；该实验材料散见于『捕获光能的色素和结构』『色素』『探索光合作用原理的部分实验』与『叶绿体』，口径不唯一，保留。,slice-91
BIOLOGY,同位素标记法,bio-kb-water-18o-irrigation-judgment,同位素标记法,,KEEP,「光反应中H2(18)O光解产生18O2进入空气」「细胞呼吸第二阶段水参与反应，18O进入CO2」——18O去向判定，现绑别名逐字同题。,slice-91
BIOLOGY,同位素标记法,ext-bio-04aafd05b8-034,同位素标记法,,KEEP,「可用同位素标记法：用含标记的T或U的培养基培养细胞」「据标记碱基判断核酸类型」——病毒核酸类型的标记判定途径；前轮判例已将该题名列为『同位素标记法』已收材料，保留。,slice-91
BIOLOGY,同位素标记法,ext-bio-17e962dd07-017,同位素标记法,,KEEP,「35S（蛋白质）标记的噬菌体实验中，上清液放射性很高、沉淀物放射性很低」「DNA是噬菌体的遗传物质」——放射性结果判读，与现绑『子代噬菌体放射性标记情况的判断方法』同族（备选『噬菌体侵染细菌实验』，见备注）。,slice-91
BIOLOGY,同位素标记法,ext-bio-17e962dd07-020,同位素标记法,dna是主要的遗传物质,REBIND,「肺炎双球菌体内转化实验由格里菲思完成」「噬菌体侵染细菌实验由赫尔希和蔡斯完成，用同位素标记法标记DNA和蛋白质」「三个实验都设法将DNA与蛋白质等分开」——通篇为三实验比较（该课件即第25讲 DNA是主要的遗传物质），现绑『同位素标记法』仅涉其中一句；改绑该课题节点。,slice-91
BIOLOGY,同位素标记法,ext-bio-752fa807bd-008,同位素标记法,,KEEP,「^18O是没有放射性的稳定同位素」「应通过检测相对分子质量加以区分」——正合现绑边界『稳定同位素没有放射性，只能通过质量差异检测』，别名同题。,slice-91
BIOLOGY,同位素标记法,ext-bio-752fa807bd-014,同位素标记法,,KEEP,「H2^18O经光反应放出^18O2，说明释放的O2中氧来自水」——光合作用元素转移途径的同位素示踪，现绑别名同题。,slice-91
BIOLOGY,同位素标记法,ext-bio-f7bf8a79a5-054,同位素标记法,,KEEP,「3H的转移：3H2O经光反应和暗反应进入（C3H2O）」「18O的转移：H218O经光反应生成18O2」——同位素示踪元素转移途径，现绑别名同题。,slice-91
BIOLOGY,同源染色体,bio-fj-22-polyploid-sterility-reasons,同源染色体,多倍体,REBIND,「三倍体无子西瓜：三套染色体联会紊乱，」「黑麦与普通小麦的杂种：无同源染色体，」——多倍体与杂种不育成因；靶『多倍体』已收《三倍体香蕉不育的原因》《多倍体的形成与三倍体不育》一族。现绑『同源染色体』不涉。,slice-91
BIOLOGY,同源染色体,bio-fx-recombination-two-sources,同源染色体,基因重组,REBIND,「非同源染色体上的非等位基因随非同源染色体自由组合而重组（减数第一次分裂后期）」「同源染色体上非姐妹染色单体间的片段互换导致基因重组」——基因重组的两种类型；靶『基因重组』边界逐条同此，前轮同型材料已改绑该节点。,slice-91
BIOLOGY,启动子与终止子的辨析,ext-bio-376bd04002-015,启动子与终止子的辨析,载体,REBIND,「目的基因必须插到启动子和终止子之间；标记基因用于鉴别和筛选含有目的基因的受体细胞；复制原点是DNA复制的起始位点」——即载体组成与元件位置，靶节点已收『基因表达载体的组成』同族。,slice-91
BIOLOGY,启动子与终止子的辨析,ext-bio-5970056f1a-006,启动子与终止子的辨析,载体,REBIND,「目的基因必须插入到启动子下游与终止子上游之间」「基因表达载体与载体相比增加了目的基因」——正对靶节点别名『载体与基因表达载体的辨析』。,slice-91
BIOLOGY,启动子与终止子的辨析,ext-bio-5f510cdc4a-1872,启动子与终止子的辨析,载体,REBIND,「启动子：…是RNA聚合酶识别和结合的部位，驱动基因转录出mRNA」「终止子：…作用是使转录停止」「标记基因：便于重组DNA分子的筛选」——即基因表达载体的组成与元件功能。,slice-91
BIOLOGY,启动子与终止子的辨析,ext-bio-ebfeb853c3-063,启动子与终止子的辨析,,KEEP,「基因表达载体的构建是基因工程的核心工作」「载体还需有标记基因，用于筛选含目的基因（重组DNA分子）的受体细胞」——兼基因工程总纲与载体元件功能，无单一他节点整体承接。,slice-91
BIOLOGY,噬菌体侵染细菌实验,bio-fj-19-blender-centrifuge-purpose,噬菌体侵染细菌实验,,KEEP,「搅拌：使吸附在细菌上的噬菌体蛋白质外壳与细菌分离。」「离心：上清液析出较轻的噬菌体颗粒（外壳），沉淀物留下被侵染的大肠杆菌。」——实验操作目的，现绑节点已收同题《噬菌体侵染实验的保温、搅拌与离心》。,slice-91
BIOLOGY,噬菌体侵染细菌实验,bio-kb-virus-classification-host-specificity,噬菌体侵染细菌实验,病毒,REBIND,「动物病毒：专门寄生在人和动物细胞里，如流感病毒。」「不同的病毒只能寄生在特定的宿主细胞内，具有专一性」——即目标节点所收《病毒的分类》；源出《第01讲 走近细胞》（必修1 第一章）。,slice-91
BIOLOGY,噬菌体侵染细菌实验,ext-bio-6f22c00705-006,噬菌体侵染细菌实验,,KEEP,「保温的目的：使T2噬菌体侵染大肠杆菌」「搅拌的目的：使吸附在大肠杆菌上的T2噬菌体和大肠杆菌分离」「离心的目的：让上清液中析出质量较轻的T2噬菌体颗粒」——现绑节点已收《噬菌体侵染实验的保温、搅拌与离心》。,slice-91
BIOLOGY,基因位于染色体上的实验证据,bio-mo-gene-026,基因位于染色体上的实验证据,伴性遗传的特点及应用,REBIND,「如果用芦花雌鸡（ZBW）与非芦花雄鸡（ZbZb）交配，那么F1中，雄鸡都是芦花鸡（ZBZb），雌鸡都是非芦花鸡（ZbW）」——ZW型伴性遗传在生产中据性状辨别雌雄的应用。,slice-91
BIOLOGY,基因位于染色体上的实验证据,bio-mo-gene-027,基因位于染色体上的实验证据,伴性遗传的特点及应用,REBIND,「①伴X显性遗传的特点：连续遗传女性患者多于男性」「③伴Y遗传的特点：患者只有男性、无显隐性之分、传男不传女」——三类伴性遗传的遗传特点，与现绑的摩尔根果蝇实验证据无涉。,slice-91
BIOLOGY,基因位于染色体上的实验证据,bio-mo-sex-linked-001,基因位于染色体上的实验证据,,KEEP,「萨顿的推论：基因是由染色体携带着从亲代传递给下一代的，即基因在染色体上」「依据是基因和染色体行为存在着明显的平行关系」——现绑边界即基因与染色体的平行关系对照表。,slice-91
BIOLOGY,基因位于染色体上的实验证据,ext-bio-5f510cdc4a-774,基因位于染色体上的实验证据,,KEEP,「假说一：控制白眼的基因位于Y染色体上，而X染色体上不含有它的等位基因…这与摩尔根的实验结果不符，假说错误」——摩尔根假说的排除，属现绑节点。,slice-91
BIOLOGY,基因位置的判断方法,ext-bio-e3a300b276-009d,基因位置的判断方法,,KEEP,「模型一：子代雌性全为显性，雄性显隐性各占一半——子代性状与性别相关联，能判定相关基因位于 X 染色体上」——判定基因位置的三模型，现绑别名逐字含本条。,slice-91
BIOLOGY,基因在染色体上,bio-mo-gene-017,基因在染色体上,,KEEP,「萨顿的推论：基因（遗传因子）是由染色体携带着从亲代传递给下一代的」——萨顿推论，属现绑节点。,slice-91
BIOLOGY,基因在染色体上,bio-mo-gene-018,基因在染色体上,,KEEP,「果蝇易饲养、繁殖快、相对性状明显、子代数量多」「摩尔根及其同事提出的假说：控制白眼的基因在X染色体上」——别名逐字含本条标题『果蝇易饲养、繁殖快、相对性状明显』。,slice-91
BIOLOGY,基因在染色体上,bio-mo-gene-019,基因在染色体上,,KEEP,「②F1全为红眼，说明红眼是显性性状」「④白眼性状的表现与性别相联系」——果蝇杂交实验现象，别名逐字含『果蝇杂交实验』。,slice-91
BIOLOGY,基因在染色体上,bio-mo-gene-023,基因在染色体上,基因位置的判断方法,REBIND,「若相对性状的显隐性已知，只需一个杂交组合判断基因的位置，则用隐性雌性个体与显性雄性纯合个体杂交方法」——通篇为判断基因位置的实验方法；现绑节点只讲证据与平行关系，已有节点『基因位置的判断方法』逐字含此二法。,slice-91
BIOLOGY,基因在染色体上,ext-bio-2b57888b0f-020,基因在染色体上,,KEEP,「研究方法：类比推理法，由基因与染色体行为的平行关系推出基因在染色体上，结论不一定正确」——别名逐字含本条标题『萨顿假说的研究方法与类比推理依据』。,slice-91
BIOLOGY,基因在染色体上,ext-bio-4d59518957-003,基因在染色体上,,KEEP,「据此他推测基因（遗传因子）是由染色体携带着从亲代传递给下一代的，即基因就在染色体上」——萨顿假说，属现绑节点『基因在染色体上』。,slice-91
BIOLOGY,基因在染色体上,ext-bio-5f510cdc4a-2039c,基因在染色体上,,KEEP,「萨顿：在研究蝗虫精子和卵细胞形成过程中，结合孟德尔的假说，提出基因在染色体上」——别名逐字含本条标题『萨顿的假说与摩尔根的实验证明』。,slice-91
BIOLOGY,基因在染色体上,ext-bio-5f510cdc4a-771,基因在染色体上,,KEEP,「假说内容：基因是由染色体携带着从亲代传递给下一代的，即基因在染色体上」——别名逐字含本条标题『萨顿的假说及其依据』。,slice-91
BIOLOGY,基因在染色体上,ext-bio-5f510cdc4a-778,基因在染色体上,,KEEP,「等位基因会随同源染色体的分开而分离」「非同源染色体上的非等位基因自由组合」——即教材『基因在染色体上』节的孟德尔规律现代解释；两定律实质并述，无单一更贴节点，保留。,slice-91
BIOLOGY,基因在染色体上,ext-bio-89d8f5bffe-006,基因在染色体上,,KEEP,「依据：基因和染色体的行为存在着明显的平行关系；据此萨顿推论基因在染色体上」——萨顿假说与依据，属现绑节点。,slice-91
BIOLOGY,基因在染色体上,ext-bio-8ce3191e5a-001,基因在染色体上,,KEEP,「萨顿依据基因和染色体行为的平行关系提出假说：基因（遗传因子）是由染色体携带着从亲代传给下一代的」——基因位于染色体上的证据，属现绑节点『基因在染色体上』。,slice-91
BIOLOGY,基因在染色体上,ext-bio-c98b0853f5-001c,基因在染色体上,,KEEP,「测交实验结果与演绎推理结果一致，假说正确，控制红眼和白眼的基因位于X染色体上」——别名逐字含本条标题『摩尔根实验的测交验证与结论』。,slice-91
BIOLOGY,基因在染色体上,ext-bio-e3a300b276-001c,基因在染色体上,,KEEP,「假说内容：基因（遗传因子）是由染色体携带着从亲代传递给下一代的，即基因就在染色体上」——萨顿假说，属现绑节点。,slice-91
BIOLOGY,基因在染色体上,ext-bio-ed2dad3ac8-006,基因在染色体上,,KEEP,「萨顿假说内容：基因（遗传因子）是由染色体携带着从亲代传递给下一代的」——别名逐字含『萨顿的假说』。,slice-91
BIOLOGY,基因型-表型的推断,bio-fj-23-selection-acting-levels,基因型-表型的推断,自然选择,REBIND,「直接作用对象：生物个体的变异性状（表型）」「根本作用对象：与变异性状相对应的基因」——自然选择的作用层次属『自然选择』；前轮同文判例（『在自然选择过程中，直接受选择的是表型』）即改绑该节点。,slice-91
BIOLOGY,基因型-表型的推断,bio-gel-electrophoresis-genotype-reading,基因型-表型的推断,遗传系谱图和电泳图谱分析,REBIND,「每一条横带代表一种等位基因/基因片段」「纯合子显示一条带，杂合子显示两条带」——通篇电泳图谱判读规则；现绑边界只讲正推逆推，前轮同型判例（PCR-酶切-电泳鉴定基因型）即改绑该节点。,slice-91
BIOLOGY,基因型-表型的推断,ext-bio-13820402b6-004b,基因型-表型的推断,,KEEP,「正推型：由亲代配子种类及比例推子代基因型与表型」「逆推型：基因填充法」——正推/逆推方法，现绑边界即此，别名逐字同题。,slice-91
BIOLOGY,基因工程,bio-fx-blue-white-screening,基因工程,,KEEP,「目的基因插入LacZ内使其失活，不能分解X-gal，菌落呈白色」「白色菌落即含重组载体」——重组子蓝白斑筛选，属现绑边界鉴定环节。,slice-91
BIOLOGY,基因工程,bio-fx-mcq-biotech-pitfalls,基因工程,,KEEP,「原理锚定：基因工程（基因重组）、植物组织培养（全能性）、发酵工程的核心原理」「警惕技术适用范围…载体必备条件」——生物技术类选择题避错框架，以基因工程为主锚（方法类材料，保留）。,slice-91
BIOLOGY,基因工程,bio-homologous-recombination-cloning,基因工程,,KEEP,「在扩增其上下游引物 5' 端添加与线性化载体对应末端相同的同源序列…实现两系线性 DNA 在体外的重组、环化」——同源重组法构建表达载体，属现绑边界。,slice-91
BIOLOGY,基因工程,bio-mo-genetic-engineering-003,基因工程,限制酶,REBIND,「切割DNA分子的工具是限制性内切核酸酶，简称限制酶」「它们能够识别双链DNA分子的特定核苷酸序列，并且使每一条链中特定部位的磷酸二酯键断开」——即『限制酶』节点边界逐字内容，该节点已收『DNA重组技术的基本工具』『限制酶识别的序列与末端类型』等同族。,slice-91
BIOLOGY,基因工程,bio-mo-genetic-engineering-004,基因工程,dna连接酶,REBIND,「DNA连接酶主要有两类，一类是E.coli DNA连接酶，另一类是T4 DNA连接酶」「后者既可以“缝合”…黏性末端，又可以“缝合”…平末端，但连接平末端的效率相对较低」——靶节点『DNA连接酶』已收『DNA连接酶的种类与作用特点』『E.coli与T4 DNA连接酶的差别』等同族。,slice-91
BIOLOGY,基因工程,bio-mo-genetic-engineering-005,基因工程,载体,REBIND,「质粒是一种裸露的、结构简单、独立于真核细胞细胞核或原核细胞拟核DNA之外，并具有自我复制能力的环状双链DNA分子」——该定义句在靶节点『载体』已收材料中逐字出现（『载体的作用与质粒』『质粒与运载体应具备的条件』等4条），现绑『基因工程』为总纲。,slice-91
BIOLOGY,基因工程,bio-mo-genetic-engineering-006,基因工程,载体,REBIND,引文订正：「载体必须具备的条件：（1）能在受体细胞中保存下来并能自我复制」…「（2）具有一个或多个限制酶切割位点」——与靶节点『载体』已收『载体的必备条件与常见种类』第二条逐字同，该节点另收『质粒与运载体应具备的条件』等5条同族。,slice-91
BIOLOGY,基因工程,bio-mo-genetic-engineering-008,基因工程,,KEEP,「DNA不溶于酒精，但某些蛋白质溶于酒精，利用这一原理，可以初步分离DNA与蛋白质」「DNA遇二苯胺试剂会呈现蓝色」——DNA粗提取鉴定原理，属基因工程实验内容（同族在册）。,slice-91
BIOLOGY,基因工程,bio-mo-genetic-engineering-012,基因工程,pcr技术,REBIND,「PCR是聚合酶链式反应的缩写」「它是一项根据DNA半保留复制的原理，在体外…对目的基因的核苷酸序列进行大量复制的技术」——即PCR概念定义；靶节点『PCR技术』已收『PCR的概念与原理』同题材料，现绑『基因工程』为总纲。,slice-91
BIOLOGY,基因工程,bio-mo-genetic-engineering-013,基因工程,,KEEP,「PCR反应过程可以分为变性、复性和延伸三步」「基因表达载体要包括以下四个基本的结构：目的基因、启动子、终止子、标记基因」——PCR三步与表达载体组成兼有，无单一他节点整体承接，保留。,slice-91
BIOLOGY,基因工程,bio-mo-genetic-engineering-015,基因工程,,KEEP,「可以用微量注射器将含目的基因的DNA溶液直接注入子房中」「将DNA溶液滴加在花柱切面上」——花粉管通道法属将目的基因导入植物细胞。,slice-91
BIOLOGY,基因工程,bio-mo-genetic-engineering-017,基因工程,,KEEP,「农杆菌细胞内含有Ti质粒…能将Ti质粒上的T-DNA（可转移的DNA）转移到被侵染的细胞，并且将其整合到该细胞的染色体DNA上」——农杆菌转化法，属『导入受体细胞』。,slice-91
BIOLOGY,基因工程,bio-mo-genetic-engineering-022,基因工程,启动子与终止子的辨析,REBIND,「启动子≠起始密码子，终止子≠终止密码子」「终止子…作用是使转录过程停止；（3）起始密码子和终止密码子位于mRNA上」——即『启动子与终止子的辨析』节点主题，该节点已收三条同题辨析材料。,slice-91
BIOLOGY,基因工程,ext-bio-248a054779-008c,基因工程,,KEEP,「Taq 酶会在 PCR 产物的 3' 端添加单个腺嘌呤脱氧核苷酸（A），而 T 载体…上有未配对的胸腺嘧啶脱氧核苷酸（T），两者可以通过碱基互补配对直接连接」——T载体直接克隆属现绑边界『构建基因表达载体』环节。,slice-91
BIOLOGY,基因工程,ext-bio-26746c92ba-136,基因工程,,KEEP,「单酶切时，形成的目的基因和载体的所有接口都是相同的，容易出现目的基因反接或自身环化」——单双酶切策略比较，属『构建基因表达载体』环节（子节点亦收同族，保留）。,slice-91
BIOLOGY,基因工程,ext-bio-26746c92ba-138b,基因工程,,KEEP,「双酶切可以确保目的基因和质粒分别形成不同的黏性末端，从而避免反向连接和自身环化」「要注意保护标记基因（如卡那霉素抗性基因）」——选酶综合分析，属『构建基因表达载体』（限制酶子节点亦相关，保留）。,slice-91
BIOLOGY,基因工程,ext-bio-26746c92ba-145,基因工程,,KEEP,「不能用会同时破坏两个标记基因的酶切割质粒…要再用影印法才能进一步筛选出含重组质粒的受体菌」——标记基因筛选与酶切组合，属现绑边界构建与鉴定。,slice-91
BIOLOGY,基因工程,ext-bio-26746c92ba-145b,基因工程,,KEEP,「若质粒完整（未插入外源基因）…菌落呈蓝色；若质粒插入外源基因（破坏β-半乳糖苷酶基因），则…菌落呈白色」——蓝白斑筛选原理与判断，属筛选环节。,slice-91
BIOLOGY,基因工程,ext-bio-376bd04002-018,基因工程,,KEEP,「侵染过程中能将Ti质粒上的T-DNA（可转移的DNA）转移到被侵染的细胞，并且将其整合到该细胞的染色体DNA上」——属现绑边界『导入受体细胞』。,slice-91
BIOLOGY,基因工程,ext-bio-376bd04002-022,基因工程,,KEEP,「将药用蛋白基因与乳腺中特异表达的基因的启动子等调控元件重组在一起；通过显微注射法导入哺乳动物受精卵中」——生物反应器制备属基因工程应用（同族材料在册）。,slice-91
BIOLOGY,基因工程,ext-bio-5970056f1a-016,基因工程,,KEEP,「农杆菌可侵染双子叶植物和裸子植物，受损伤的植物细胞分泌酚类化合物吸引农杆菌移向这些细胞」——农杆菌转化法，属现绑边界（同族多条在册）。,slice-91
BIOLOGY,基因工程,ext-bio-5b6cb16a7f-001,基因工程,,KEEP,「沸水浴条件下 DNA遇二苯胺试剂会呈现蓝色」「DNA在不同浓度NaCl溶液中溶解度不同 该原理可用于纯化DNA粗提物」——DNA粗提取鉴定实验原理与错项，现绑节点同族在册，保留。,slice-91
BIOLOGY,基因工程,ext-bio-5b6cb16a7f-001b,基因工程,,KEEP,「DNA分子带负电 在电场的作用下 凝胶中的DNA分子会从电源负极向电源正极迁移」「限制酶只水解磷酸二酯键 不会改变碱基总数」——电泳操作与酶切结果分析，属基因工程实验内容（电泳族另侧亦收，保留）。,slice-91
BIOLOGY,基因工程,ext-bio-5b6cb16a7f-011,基因工程,,KEEP,「引物要与模板链的3端互补配对 并且在引物的5端添加限制酶的识别序列」「能同时切出目的基因片段与载体片段的泳道 最能证明重组质粒构建成功」——构建与鉴定流程，属现绑操作程序。,slice-91
BIOLOGY,基因工程,ext-bio-5b6cb16a7f-012,基因工程,,KEEP,「一是目的基因要插入启动子与终止子之间 因此酶切位点必须位于该区段」「引物的序列可直接取用模板链的互补链的对应序列」——选酶与引物序列推导，属『构建基因表达载体』（pcr技术亦收同族，保留）。,slice-91
BIOLOGY,基因工程,ext-bio-5b6cb16a7f-013,基因工程,,KEEP,「若用单酶切法（仅用一种限制酶）构建重组质粒 应选择切割位点位于启动子下游、不破坏目的基因与必需结构的限制酶」——重组质粒构建选酶策略，属边界『构建基因表达载体』（限制酶子节点亦相关，保留）。,slice-91
BIOLOGY,基因工程,ext-bio-5b6cb16a7f-014b,基因工程,,KEEP,「利用基因编辑技术替换目的基因中的该识别序列时 不能改变其编码的氨基酸序列」「可先用上述方法去除该位点 再使用该酶切割」——密码子简并性去酶切位点以构建重组质粒，属现绑边界（保留）。,slice-91
BIOLOGY,基因工程,ext-bio-5b6cb16a7f-015,基因工程,,KEEP,「探针a含待测物结合蛋白的C端与荧光蛋白的N端…二者通过结合蛋白与待测物的互作形成有活性的荧光蛋白」——荧光互补检测设计，属基因工程实验分析。,slice-91
BIOLOGY,基因工程,ext-bio-5b6cb16a7f-024c,基因工程,,KEEP,「对照组的处理是将不含目的基因的空质粒导入同种细胞 目的是排除质粒载体对实验结果的干扰」——基因工程实验对照设计（甲基化段与『表观遗传』交叉，无单一他节点整体承接，保留）。,slice-91
BIOLOGY,基因工程,ext-bio-5b6cb16a7f-026,基因工程,,KEEP,「确定蛋白质上相同的氨基酸区段 依据这些氨基酸所对应的密码子（脱氧核苷酸序列）确定DNA序列 进而设计1对引物」——由氨基酸反推DNA并设计引物，属现绑操作程序（增强子段与『基因表达与性状的关系』交叉，保留）。,slice-91
BIOLOGY,基因工程,ext-bio-5b6cb16a7f-030,基因工程,,KEEP,「基因上游与质粒的启动子相连 故上游引物的5端需添加切割载体所用酶（或其同尾酶）的识别序列」——由转录方向定引物添加序列，属现绑边界（pcr技术亦收近同题，保留）。,slice-91
BIOLOGY,基因工程,ext-bio-5b6cb16a7f-031b,基因工程,限制酶,REBIND,「不破坏目的基因原则 会切断目的基因内部的限制酶不能选择」「双酶切…避免目的基因与载体反向连接」「巧用并慎用同尾酶…既能获得相同的末端又能保留关键元件」——通篇限制酶选择原则；靶节点已收同名『限制酶的选择原则』等三条同族。,slice-91
BIOLOGY,基因工程,ext-bio-5b6cb16a7f-033b,基因工程,目的基因的检测与鉴定,REBIND,「再用当初使用的两种限制酶切割重组DNA分子 若可以进行切割 则目的基因插入方向正确 若不可以进行切割 则目的基因反向连接」——即用限制酶切割鉴定连接方向；靶节点已收『用限制酶切割鉴定目的基因插入方向』同题材料。,slice-91
BIOLOGY,基因工程,ext-bio-5b6cb16a7f-034,基因工程,目的基因的检测与鉴定,REBIND,「目的基因和载体正向连接形成的重组质粒与反向连接形成的重组质粒被限制酶切割后产生的片段大小不同」——即用酶切片段大小鉴定插入方向；靶节点已收同题材料『用酶切片段大小鉴定目的基因插入方向』，现绑『基因工程』为总纲。,slice-91
BIOLOGY,基因工程,ext-bio-5b6cb16a7f-037,基因工程,,KEEP,「PCR扩增目的基因时需在引物的5端添加限制酶识别序列」「使载体上选用的两种酶切位点位于启动子与目的基因之间…保证定向连接」——引物修饰与选酶，属『构建基因表达载体』。,slice-91
BIOLOGY,基因工程,ext-bio-5b6cb16a7f-039,基因工程,,KEEP,「正向连接得到约300 bp与5000 bp两个片段 反向连接得到约100 bp与5200 bp两个片段」「重组质粒长度约为5000减100加400」——正反向连接电泳区分与长度计算，属鉴定环节（检测节点亦收同族，保留）。,slice-91
BIOLOGY,基因工程,ext-bio-5b6cb16a7f-039b,基因工程,,KEEP,「引物越短 引物特异性越低」「能形成4的4次方即256种不同的黏性末端」——引物特异性与黏性末端计数（PCR与限制酶两端均有归属，无单一他节点整体承接，保留）。,slice-91
BIOLOGY,基因工程,ext-bio-5b6cb16a7f-040b,基因工程,,KEEP,「该植株自交 后代中染色体未插入T-DNA的纯合编辑株系（OO）的比例为1/4」「不含抗性筛选标记…提高植物安全性的理论基础」——转基因自交后代比例计算与安全性意义，现绑节点同族在册，保留。,slice-91
BIOLOGY,基因工程,ext-bio-5b6cb16a7f-041,基因工程,,KEEP,「为鉴定重组质粒是否正确连接 应选择两种限制酶（一种切点在载体上、一种切点在插入片段上）切割并电泳检测」——酶切电泳鉴定重组质粒，属现绑『鉴定』环节。,slice-91
BIOLOGY,基因工程,ext-bio-5b6cb16a7f-047,基因工程,,KEEP,「把载体线性化，同时用PCR在目的基因两端各加上一段与载体两端（或与相邻片段两端）同源的序列，即同源臂」——无缝克隆法构建表达载体，属现绑边界。,slice-91
BIOLOGY,基因工程,ext-bio-5f510cdc4a-1878,基因工程,,KEEP,「转化：目的基因进入受体细胞内，并且在受体细胞内维持稳定和表达的过程」「将目的基因插入Ti质粒的T-DNA中」——正落现绑边界『导入受体细胞』（同族材料在册）。,slice-91
BIOLOGY,基因工程,ext-bio-5f510cdc4a-1919,基因工程,,KEEP,「本质：干扰素是一种糖蛋白。作用：具有干扰病毒复制的作用。应用：在临床上被广泛用于治疗病毒感染性疾病」——基因工程医药卫生应用（与相邻块『基因工程在医药卫生领域的应用』同节，保留）。,slice-91
BIOLOGY,基因工程,ext-bio-5f510cdc4a-2043g,基因工程,,KEEP,「伯格：成功构建了第一个体外重组DNA分子。桑格（等人）：发明了DNA序列分析的方法」——基因工程奠基史实，现绑节点历史条目同族在册。,slice-91
BIOLOGY,基因工程,ext-bio-ebfeb853c3-108,基因工程,,KEEP,「乳腺生物反应器要选用乳腺特异表达的启动子，目的是让药用蛋白基因只在乳腺细胞中表达」——乳腺生物反应器构建要点，属基因工程应用（同族在册，保留）。,slice-91
BIOLOGY,基因的本质,bio-mo-gene-049,基因的本质,dna的双螺旋结构,REBIND,「DNA是由两条单链组成的，这两条链按反向平行方式盘旋成双螺旋结构」「脱氧核糖和磷酸交替连接，排列在外侧，构成基本骨架」——DNA双螺旋结构要点，属『DNA的双螺旋结构』。,slice-91
BIOLOGY,基因的本质,bio-mo-gene-051,基因的本质,DNA分子中碱基数量关系,REBIND,「根据碱基互补配对原则双链DNA中嘌呤等于嘧啶，但在双链DNA的一条链中嘌呤不一定等于嘧啶」——正对『DNA分子中碱基数量关系』边界“上述比例只适用于双链DNA”。,slice-91
BIOLOGY,基因的本质,bio-mo-gene-052,基因的本质,DNA分子中碱基数量关系,REBIND,「在双链DNA中，嘌呤之和等于嘧啶之和，即A+G=C+T」「可鉴定DNA是单链还是双链」——双链DNA碱基数量关系与单双链判断；『DNA分子中碱基数量关系』别名含“DNA与RNA及单双链的判断”。,slice-91
BIOLOGY,基因的本质,bio-mo-gene-053,基因的本质,dna的双螺旋结构,REBIND,「A与T之间形成2个氢键，G与C之间形成3个氢键，C—G对占比例越大，DNA结构越稳定」「双链DNA中两条链为反向的」——双螺旋的碱基配对、稳定性与反向平行，属『DNA的双螺旋结构』。,slice-91
BIOLOGY,基因的本质,bio-mo-gene-056,基因的本质,DNA复制的数量关系,REBIND,「一个DNA连续复制n次后，DNA分子总数为：2n」「所需游离的胸腺嘧啶脱氧核苷酸数为：a（2n－1）」——复制n次的分子数与碱基计算；『DNA复制的数量关系』边界即此计算。,slice-91
BIOLOGY,基因的本质,bio-mo-gene-059,基因的本质,dna的复制,REBIND,「细胞生物中凡存在DNA分子的场所均可进行DNA分子的复制」「病毒的DNA复制必须借助寄主细胞完成」——DNA复制的场所与病毒复制依赖寄主；『DNA的复制』别名含“DNA复制的场所、条件与特点”。,slice-91
BIOLOGY,基因的本质,bio-mo-gene-060,基因的本质,,KEEP,「DNA聚合酶：需借助母链模板，依据碱基互补配对原则，将单个脱氧核苷酸连接成」「解旋酶：用于将DNA双螺旋的两条链解开」——多种DNA相关酶的对比；nodes_BIOLOGY.tsv 内无对应集合节点（见notes），保留。,slice-91
BIOLOGY,基因的本质,bio-mo-gene-061,基因的本质,,KEEP,「DNA分子中碱基对之间氢键可由解旋酶催化断裂，同时需要ATP供能，也可加热断裂（体外）」「而氢键是自动形成的，不需要酶和能量」——无其他节点收录该氢键条目（见notes），保留现绑。,slice-91
BIOLOGY,基因的本质,bio-mo-gene-068,基因的本质,DNA分子的多样性与特异性,REBIND,「DNA分子的多样性是由于碱基排列顺序的千变万化导致的」「DNA的特异性是指每个DNA分子有其特定的碱基排列顺序」——多样性与特异性的成因；『DNA分子的多样性与特异性』边界即“多样性来自碱基对的排列顺序”。,slice-91
BIOLOGY,基因的本质,ext-bio-17e962dd07-021,基因的本质,dna是主要的遗传物质,REBIND,「有些病毒不含DNA，只含蛋白质和RNA，如新冠病毒、艾滋病毒和烟草花叶病毒」「这类病毒的遗传物质是什么，需要用实验探究」——RNA病毒遗传物质的探究引入，属『DNA是主要的遗传物质』。,slice-91
BIOLOGY,基因的本质,ext-bio-17e962dd07-022,基因的本质,dna是主要的遗传物质,REBIND,「结果RNA可使烟草患病并得到全新病毒，蛋白质不能使烟草患病也不能得到病毒」「结论：RNA是烟草花叶病毒的遗传物质」——烟草花叶病毒侵染实验，属『DNA是主要的遗传物质』（别名含该实验）。,slice-91
BIOLOGY,基因的本质,ext-bio-17e962dd07-023,基因的本质,dna是主要的遗传物质,REBIND,「遗传物质是DNA」「RNA病毒含RNA，遗传物质是RNA」——各类生物遗传物质的归纳，属『DNA是主要的遗传物质』（别名含不同生物的遗传物质）。,slice-91
BIOLOGY,基因的本质,ext-bio-17e962dd07-024,基因的本质,dna是主要的遗传物质,REBIND,「对整个生物界来说，DNA是主要的遗传物质」「不能加主要二字」——“主要遗传物质”说法的适用范围，属『DNA是主要的遗传物质』（别名含主要与唯一的辨析）。,slice-91
BIOLOGY,基因的本质,ext-bio-5f510cdc4a-855,基因的本质,,KEEP,「遗传信息是核酸中4种碱基的排列顺序」「基因中特定的碱基排列顺序决定了其携带的特定遗传信息」——遗传信息与基因的关系，属现绑『基因的本质』（别名逐字含“遗传信息的含义”）。,slice-91
BIOLOGY,基因的表达,bio-circrna-sponge-mechanism,基因的表达,,KEEP,「circRNA 为环状 RNA、不编码蛋白，但含 miRNA 结合位点→竞争性吸附 miRNA」——RNA 干扰的基因沉默机制，现绑边界明言「涉及RNA干扰的基因沉默机制」。,slice-91
BIOLOGY,基因的表达,bio-fj-04-gene-selective-expression-protein,基因的表达,,KEEP,「同一生物不同细胞的DNA相同」「因基因的选择性表达，各细胞中蛋白质种类和数量有所差异」——选择性表达致细胞间差异；『细胞分化』『基因表达与性状的关系』均有近族材料，归属多解，保留（见备注）。,slice-91
BIOLOGY,基因的表达,bio-fj-21-epigenetics-concept,基因的表达,表观遗传,REBIND,「概念：基因碱基序列保持不变，但基因表达和表型发生可遗传变化」「实例：柳穿鱼花形、小鼠Avy毛色」——表观遗传概念与实例；『表观遗传』已收《表观遗传的概念、机制与特点》《柳穿鱼花形的表观遗传实例》。,slice-91
BIOLOGY,基因的表达,bio-fj-21-epigenetics-types,基因的表达,表观遗传,REBIND,「基因组印记：因亲本来源不同导致等位基因表达差异」「RNA干扰：结合靶mRNA阻止翻译或降低其稳定性」「X染色体失活：雌性细胞中除一条外其余X失活」——表观遗传类型；『表观遗传』已收三条同名《表观遗传的几种类型》。,slice-91
BIOLOGY,基因的表达,bio-fx-operon-negative-regulation,基因的表达,,KEEP,「无乳糖时：阻遏蛋白与操纵基因结合，阻止RNA聚合酶与启动子结合」「有乳糖（诱导物）时：诱导物与阻遏蛋白结合使其变构脱离操纵基因」——乳糖操纵子负调控；库中无操纵子专点，现绑章级节点收录《乳糖操纵子负调控》同族，保留。,slice-91
BIOLOGY,基因的表达,bio-kb-epigenetics-concept-and-features,基因的表达,表观遗传,REBIND,「基因的碱基序列保持不变，但基因表达和表型发生可遗传变化」「与表型模拟比较：表观遗传的表型改变可遗传，表型模拟的性状改变不可遗传」——概念与特征正合『表观遗传』边界「与表型模拟的区别」，且已收同名材料。,slice-91
BIOLOGY,基因的表达,bio-kb-epigenetics-types-detail,基因的表达,表观遗传,REBIND,「DNA甲基化：在DNA碱基上增加甲基基团，甲基化程度高可能阻碍与RNA聚合酶结合而使基因不表达」「组蛋白修饰：乙酰化一般与转录激活相关」——表观遗传类型；『表观遗传』已收同名《表观遗传的几种类型》。,slice-91
BIOLOGY,基因的表达,bio-mirna-repression-mechanism,基因的表达,,KEEP,「miRNA 与靶 mRNA 部分序列互补配对」「结合后：抑制翻译，或使 mRNA 降解」——同属 RNA 干扰沉默机制，落现绑边界。,slice-91
BIOLOGY,基因的表达,bio-mo-gene-069,基因的表达,RNA的结构、种类与功能,REBIND,「组成RNA的五碳糖是核糖而不是脱氧核糖」「RNA的碱基组成中没有碱基T」「RNA一般是单链，而且比DNA短，因此能够通过核孔」——RNA结构特点与适作信使；『RNA的结构、种类与功能』已收《RNA的结构、种类及其与DNA的区别》《RNA适于作DNA信使的两个原因》。,slice-91
BIOLOGY,基因的表达,bio-mo-gene-070,基因的表达,,KEEP,「RNA有三种，分别是mRNA、tRNA和rRNA」「基因的表达包括转录和翻译过程」——正文混写 RNA 种类与转录定义，两种归属并存（备选『RNA的结构、种类与功能』，见备注）。,slice-91
BIOLOGY,基因的表达,bio-mo-gene-072,基因的表达,翻译,REBIND,「核糖体是沿着mRNA移动的」「核糖体与mRNA的结合部位会形成2个tRNA的结合位点」——核糖体移动与tRNA结合位点；『翻译』已收《翻译过程中核糖体的移动方向与tRNA结合位点数》。,slice-91
BIOLOGY,基因的表达,bio-mo-gene-075,基因的表达,中心法则,REBIND,「遗传信息可以从DNA流向DNA，即DNA复制」「也可以从DNA流向RNA，进而流向蛋白质，即遗传信息的转录和翻译」「少数生物的遗传信息可以从RNA流向RNA以及从RNA流向蛋白质」——中心法则图解；『中心法则』已收《中心法则图解（第02讲课件）》。,slice-91
BIOLOGY,基因的表达,bio-mo-gene-076,基因的表达,转录,REBIND,「转录不只是能在细胞核中进行」「而对原核细胞来说，没有细胞核，是在拟核区域进行转录的」「真核细胞的线粒体、叶绿体也含有细基因，在这些细胞器中也能转录」——转录场所；『转录』已收《转录的概念与场所》《转录的场所、条件与产物》。,slice-91
BIOLOGY,基因的表达,bio-mo-gene-077,基因的表达,,KEEP,「只有分生组织细胞（或细胞增殖过程中）才能进行“复制（当然也进行转录与翻译）”」「哺乳动物成熟红细胞“复制、转录、翻译”均不进行」——各细胞信息流能力判断，无更贴节点，保留。,slice-91
BIOLOGY,基因的表达,bio-mo-gene-078,基因的表达,翻译,REBIND,「核糖体从mRNA的5’-端向3’-端移动，故密码子的读取方向从mRNA的5’-端向3’-端」「反密码子的读取从tRNA的3’-端到5’-端」——核糖体移动方向与tRNA方向；『翻译』已收《翻译过程中核糖体的移动方向与tRNA结合位点数》。,slice-91
BIOLOGY,基因的表达,bio-mo-gene-081,基因的表达,密码子,REBIND,「绝大多数氨基酸都有几个密码子，这一现象称作密码子的简并」「可以保证翻译的速度」——即密码子的简并性及其意义；『密码子』已收《密码子的简并性及其意义》《密码子的简并性与通用性》。,slice-91
BIOLOGY,基因的表达,bio-mo-gene-082,基因的表达,核糖体,REBIND,「一个mRNA分子上可以相继结合多个核糖体」「以这一条mRNA为模板合成的多肽链的氨基酸序列是相同的」——即多聚核糖体现象与结果；『核糖体』边界明收「一条mRNA结合多个核糖体形成多聚核糖体的现象与意义」，同族《一条mRNA结合多个核糖体（多聚核糖体）》在其册。,slice-91
BIOLOGY,基因的表达,bio-mo-gene-083,基因的表达,中心法则,REBIND,「不同细胞中的中心法则途径：高等动植物只有DNA复制、转录、翻译三条途径」「RNA复制和逆转录只发生在被RNA病毒寄生的细胞中」——通篇中心法则途径；『中心法则』已收同名《不同细胞中的中心法则途径》与《中心法则与不同生物的遗传信息流动》。,slice-91
BIOLOGY,基因的表达,bio-mo-gene-086,基因的表达,同位素标记法,REBIND,「用放射性同位素标记T或U可判断DNA和RNA的合成」「若大量消耗T，可推断正在发生DNA的合成」——标记碱基判核酸合成；『同位素标记法』已收《用放射性同位素标记碱基区分病毒核酸类型》《判断病毒核酸类型的方法》。,slice-91
BIOLOGY,基因的表达,bio-mo-gene-087,基因的表达,,KEEP,「凡转录、翻译有核膜隔开或具有“时空差异”的应为真核细胞“核基因”指导的转录、翻译」「原核细胞基因的转录、翻译可“同时进行”」——真核原核基因表达差异，现绑同族《两看法判断真核与原核的基因表达过程》《真核细胞与原核细胞基因表达过程的判断方法》在册，保留。,slice-91
BIOLOGY,基因的表达,bio-mo-gene-088,基因的表达,中心法则的提出及其发展,REBIND,「1965年，科学家在某种RNA病毒里发现了一种RNA复制酶，能对RNA进行复制」「RNA复制酶、逆转录酶均来自病毒自身」——即『中心法则的提出及其发展』已收《RNA复制酶与逆转录酶的发现与来源》（近逐字同源）。,slice-91
BIOLOGY,基因的表达,bio-mo-gene-089,基因的表达,,KEEP,「解旋酶在DNA分子复制时使氢键打开」「限制酶是使两个脱氧核苷酸之间的磷酸二酯键断裂」「DNA连接酶是将两个DNA分子片段的末端“缝合”起来」——六种酶泛辨析，横跨复制/转录/基因工程多节点，无可归单一他点，保留。,slice-91
BIOLOGY,基因的表达,ext-bio-248a054779-004c,基因的表达,,KEEP,「复制和转录可以根据产物序列确定其模板序列，翻译不能」「翻译时核糖体沿模板 mRNA 的 5'→3' 方向移动」——复制/转录/翻译三过程比较，现绑同族《DNA复制、转录和翻译的比较》在册，保留。,slice-91
BIOLOGY,基因的表达,ext-bio-248a054779-013,基因的表达,,KEEP,「包括启动子、增强子、沉默子和各种应答元件等」「激活蛋白、阻遏蛋白等」——顺式元件与反式因子（转录调控），现绑同族《基因表达的转录水平调控》《启动子的概念与条件性表达设计》在册，保留。,slice-91
BIOLOGY,基因的表达,ext-bio-248a054779-013b,基因的表达,,KEEP,「lncRNA 上含有与特定 miRNA 的结合位点，可吸附 miRNA，从而减少 miRNA 对靶 mRNA 的抑制作用」「非编码双链 RNA 分子，通过碱基互补配对结合靶 mRNA，降解靶 mRNA」——非编码RNA种类与作用，现绑节点《基于 miRNA/circRNA 的干预设计套路》同族在册，保留。,slice-91
BIOLOGY,基因的表达,ext-bio-248a054779-016b,基因的表达,,KEEP,「Gas5 通过与糖皮质激素受体结合」「从而抑制基因 X 的表达」——长链非编码RNA调控机制，属现绑节点RNA干扰/非编码RNA调控族（备选『RNA的结构、种类与功能』，见备注），保留。,slice-91
BIOLOGY,基因的表达,ext-bio-414fa62f1d-003b,基因的表达,,KEEP,「转录：RNA聚合酶与模板链的3'端结合 沿模板链的3'端→5'端移动」「- **mRNA**：蛋白质合成（或翻译）的模板」——转录与翻译对比＋RNA种类；对比类材料分挂『转录』『翻译』多节点，现绑章级节点保留。,slice-91
BIOLOGY,基因的表达,ext-bio-5f510cdc4a-862,基因的表达,,KEEP,「模板：转录以DNA的一条链为模板；翻译以mRNA为模板」「能量均由细胞呼吸提供的ATP提供」——转录与翻译比较；同类对比材料分挂多节点，现绑章级节点保留。,slice-91
BIOLOGY,基因的表达,ext-bio-5f510cdc4a-891,基因的表达,,KEEP,「DNA复制以DNA的两条链为模板；转录以DNA的一条链为模板；翻译以mRNA为模板」——复制/转录/翻译三过程比较，现绑同族《复制转录翻译三个过程的比较》在册。,slice-91
BIOLOGY,基因的表达,ext-bio-67d88d2eba-015,基因的表达,,KEEP,「不是所有的细胞都能进行 DNA 复制，但几乎所有的细胞都可以转录」「mRNA 的种类和数量一般不同，但 tRNA 和 rRNA 的种类一般没有差异」——转录能力与选择性表达混写，归属多解，保留（备选『细胞分化』『RNA的结构、种类与功能』，见备注）。,slice-91
BIOLOGY,基因的表达,ext-bio-67d88d2eba-017,基因的表达,转录,REBIND,「复制发生在细胞分裂前的间期并完全解旋」「转录发生在生长发育过程中并只解旋有遗传效应的片段（基因）」——DNA复制与转录的区别；『转录』边界明言「并与DNA复制过程比较，辨析两类过程中的常见错误」。,slice-91
BIOLOGY,基因的表达,ext-bio-67d88d2eba-034,基因的表达,,KEEP,「复制以 DNA 两条链为模板」「转录以基因的一条链为模板」「信息传递为 mRNA→蛋白质」——真核细胞三过程比较，现绑同族《DNA复制、转录和翻译的比较》《复制转录翻译三个过程的比较》在册，保留。,slice-91
BIOLOGY,基因的表达,ext-bio-6ae920af4a-005,基因的表达,中心法则,REBIND,「DNA（或 RNA）是信息的载体，蛋白质是信息的表达产物，而 ATP 为信息的流动提供能量」「逆转录表示部分以 RNA 为遗传物质的病毒（如 HIV）以 RNA 为模板合成 DNA」——物质能量信息统一与逆转录；『中心法则』已收《生命是物质、能量和信息的统一体》。,slice-91
BIOLOGY,基因的表达,ext-bio-9752acd916-077,基因的表达,,KEEP,「转录和翻译的本质都是通过碱基互补配对实现遗传信息在不同分子间的准确传递」「核糖体沿 mRNA 移动」——转录与翻译模型合论，正落现绑边界「包括转录与翻译」。,slice-91
BIOLOGY,基因的表达,ext-bio-badc574367-023,基因的表达,,KEEP,「转录后产生的mRNA前体可按照不同方式剪接，产生两种或两种以上的成熟mRNA」「一个基因在转录后可通过mRNA前体的剪接加工控制多种蛋白质的合成」——转录后调控，现绑同族《基因表达的转录水平调控》在册，保留。,slice-91
BIOLOGY,基因的表达,wusan-bio-v-51ae858d,基因的表达,,KEEP,「转录：场所主要在细胞核，其次在线粒体、叶绿体」「真核生物中转录和翻译不能同时进行，而原核生物以及真核生物的叶绿体、线粒体中可边转录边翻译」——转录与翻译比较，现绑同族在册，保留。,slice-91
BIOLOGY,基因突变,bio-fj-22-mutation-effect-on-protein,基因突变,,KEEP,「增添或缺失3个碱基：只增加或缺失一个氨基酸对应的序列」——替换/增添/缺失对氨基酸序列影响；现绑别名逐字含本条标题，保留。,slice-91
BIOLOGY,基因突变,bio-mo-gene-101,基因突变,,KEEP,「DNA分子中发生碱基的替换、增添和缺失，而引起的基因碱基序列的改变，叫做基因突变」——基因突变概念与遗传性；现绑节点核心内容，保留。,slice-91
BIOLOGY,基因突变,bio-mo-gene-109,基因突变,,KEEP,「显性突变：aa→Aa，突变性状当代表现」「隐性突变：AA→Aa，突变性状当代不表现」——突变显隐性判定；同族「隐性突变体等位性测验」「用杂交实验判断突变基因是否等位」已在本节点，保留。,slice-91
BIOLOGY,基因突变,ext-bio-1de8d85aa8-001b,基因突变,,KEEP,「亚硝酸可使 DNA 上的碱基 A 和 C 脱去氨基」「仅作用于碱基 C」——诱变剂作用特点；现绑边界明写“亚硝酸、羟胺的诱变作用特点”，保留。,slice-91
BIOLOGY,基因突变,ext-bio-248a054779-008d,基因突变,,KEEP,「可用碱基位次除以 3 的余数判断该碱基在密码子中的位置」——由碱基位次判断是否改变氨基酸；现绑边界含“碱基替换未必改变氨基酸序列”，保留。,slice-91
BIOLOGY,基因突变,ext-bio-bfbb639c07-023,基因突变,,KEEP,「增添、缺失影响大：插入或缺失位置之前的序列不受影响，位置之后的序列全部改变」——碱基改变对蛋白质影响的判断模型；现绑别名逐字含本条标题，保留。,slice-91
BIOLOGY,基因突变与细胞癌变,bio-kb-variation-misjudgments,基因突变与细胞癌变,,KEEP,「基因甲基化影响转录、碱基序列不变，不属于基因突变」——基因突变易错判定属现绑『基因突变与细胞癌变』（别名逐字含本题名）。,slice-91
BIOLOGY,基因突变与细胞癌变,ext-bio-b959bdf257-027,基因突变与细胞癌变,,KEEP,「结肠癌发生的原因是相关基因（包括抑癌基因与原癌基因）发生了突变」「癌变是一个逐渐积累的过程」——细胞癌变属现绑（别名逐字含本题名）。,slice-91
BIOLOGY,基因编辑,bio-crispr-cas9-mechanism,基因编辑,,KEEP,「sgRNA 是 crRNA 与 tracrRNA 融合的 RNA，其识别序列与靶 DNA 的一条链互补配对」「Cas9 蛋白在识别序列位点切割双链 DNA」——sgRNA 引导 Cas9 切割的机理，正在现绑边界“向导RNA引导Cas9切割DNA”内，别名『CRISPR/Cas9基因编辑技术的原理』在册。,slice-91
BIOLOGY,基因编辑,ext-bio-5b6cb16a7f-044,基因编辑,,KEEP,「首先利用基因编辑工具在基因组的目标位点使DNA双链断裂…实现基因的精准敲除、改写或替换」「重组克隆的筛选与验证」——同源重组的步骤与验证，属现绑『基因编辑』（由细胞修复机制完成编辑）所含程序。,slice-91
BIOLOGY,基因编辑,ext-bio-5b6cb16a7f-045,基因编辑,,KEEP,「不提供模板时细胞用非同源末端连接…从而实现基因敲除」「人为给细胞提供修复模板时走同源重组修复」——CRISPR 步骤与两条修复路径；现绑别名逐字含『CRISPR/Cas9技术的步骤与DNA修复机制』。,slice-91
BIOLOGY,基因编辑,ext-bio-e42a4b8f37-006,基因编辑,,KEEP,「以一段与基因组靶位点序列高度相似（同源）的外源DNA片段为模板…精确修改细胞自身基因组特定序列」「结果鉴定：可用PCR扩增靶基因并比较产物长度」——同源重组敲除；现绑别名逐字含此标题。,slice-91
BIOLOGY,基因编辑,ext-bio-e42a4b8f37-010,基因编辑,,KEEP,「引导分子剪刀（Cas9蛋白）精准地切割特定基因，然后利用细胞自身的DNA修复机制…实现对基因的定向敲除或精准改写」「脱靶的原因：若sgRNA与基因组的其他序列存在部分碱基互补」——内容与核心步骤＋脱靶，现绑别名逐字含此标题。,slice-91
BIOLOGY,基因编辑,ext-bio-e42a4b8f37-011,基因编辑,,KEEP,「NHEJ…错误率较高，可能随机插入或缺失碱基而使基因突变（失活），用于基因敲除」「HDR：切割后人为给细胞提供修复模板…可实现精准改写」——正是边界“由细胞修复机制完成编辑”。,slice-91
BIOLOGY,基因编辑,ext-bio-e42a4b8f37-016,基因编辑,,KEEP,「Cre（重组）酶能识别并结合特定的DNA序列（LoxP位点），催化LoxP位点间的DNA进行分子内或分子间的特异性重组」——Cre-LoxP 属基因编辑系统之一，现绑别名逐字含『Cre-LoxP系统的核心部件与三种作用结果』。,slice-91
BIOLOGY,基因表达与性状的关系,bio-mo-gene-092,基因表达与性状的关系,,KEEP,「柳穿鱼Lcyc基因和小鼠Avy基因的碱基序列没有变化，但部分碱基发生了甲基化修饰，抑制了基因的表达」「叫作表观遗传」——别名逐字含本题名；『表观遗传』节点亦收同族材料，两可故保留。,slice-91
BIOLOGY,基因表达与性状的关系,ext-bio-1de8d85aa8-012,基因表达与性状的关系,,KEEP,「注意 mRNA 的碱基序列与非模板链（编码链）相同，只是把 T 换成 U」「密码子变为终止密码子 → 翻译提前终止」「生物的性状是由基因和环境共同决定的」——别名逐字含本题名；『密码子』『翻译』为近邻备选，两可故保留。,slice-91
BIOLOGY,基因表达与性状的关系,ext-bio-248a054779-015,基因表达与性状的关系,,KEEP,「PcG 蛋白使组蛋白甲基化和染色质凝集，抑制了促细胞分裂蛋白基因的表达」「细胞增殖失控可由基因突变引起…也可由染色质结构变化引起」——别名逐字含本题名。,slice-91
BIOLOGY,基因表达与性状的关系,ext-bio-2b9586914c-006b,基因表达与性状的关系,,KEEP,「L 型星形胶质细胞内特定基因发生去甲基化后可形成持久的记忆，该现象属于表观遗传」——别名逐字含本题名；后段神经—体液调节与实验设计为背景，保留（见备注）。,slice-91
BIOLOGY,基因表达与性状的关系,ext-bio-5f510cdc4a-901,基因表达与性状的关系,主动运输,REBIND,「Cl⁻经其转运并伴随ATP→ADP供能，属于主动运输」「由于CFTR蛋白异常，氯离子无法…完成跨膜运输」——载体蛋白耗能的主动运输，全条无基因表达推理；『主动运输』已收《囊性纤维化发生的一种主要原因》。,slice-91
BIOLOGY,基因表达与性状的关系,ext-bio-636de2a928-015c,基因表达与性状的关系,,KEEP,「调控序列转录产物与 Y 基因转录产物（mRNA）互补配对，可使 Y 基因 mRNA 的翻译受阻」「调控序列仅在叶边缘细胞中转录」——别名逐字含本题名。,slice-91
BIOLOGY,基因表达与性状的关系,ext-bio-636de2a928-017,基因表达与性状的关系,,KEEP,「调控序列转录产生的产物与 Y 基因的转录产物（mRNA）互补配对，使 Y 基因的 mRNA 的翻译受阻」「仅在叶边缘细胞中转录」——转录后调控，别名逐字含本题名。,slice-91
BIOLOGY,基因表达与性状的关系,ext-bio-67d88d2eba-051,基因表达与性状的关系,,KEEP,「编码淀粉分支酶的基因正常时…豌豆种子表现为圆粒」「若 DNA 中插入一段外来序列打乱了编码淀粉分支酶的基因…种子皱缩」——基因经酶控制代谢控制性状。,slice-91
BIOLOGY,基因表达与性状的关系,ext-bio-67d88d2eba-052,基因表达与性状的关系,,KEEP,「白化症状是由编码酪氨酸酶的基因异常引起的，酪氨酸酶不能正常合成，酪氨酸不能转化为黑色素」——基因经酶的合成控制性状，别名逐字含本题名。,slice-91
BIOLOGY,基因表达与性状的关系,ext-bio-67d88d2eba-055,基因表达与性状的关系,,KEEP,「编码 CFTR 蛋白的基因缺失 3 个碱基，使 CFTR 蛋白在第 508 位缺少苯丙氨酸，蛋白的空间结构发生变化」——基因突变经蛋白质结构改变致性状，正落现绑。,slice-91
BIOLOGY,基因表达与性状的关系,ext-bio-67d88d2eba-056,基因表达与性状的关系,,KEEP,「血红蛋白基因异常时血红蛋白结构异常，红细胞变为镰刀状，体现基因通过控制蛋白质的结构直接控制生物体的性状」——正落现绑。,slice-91
BIOLOGY,基因表达与性状的关系,ext-bio-8c5f3169c5-009,基因表达与性状的关系,,KEEP,「组蛋白 H3K9 位点的去乙酰化可抑制基因 M 的表达」「DNA 去甲基化可使成熟诱导基因的表达增强」——表观遗传修饰影响表达，别名逐字含本题名；『表观遗传』同族材料并存，两可故保留。,slice-91
BIOLOGY,基因表达与性状的关系,ext-bio-ebddc22a2c-015,基因表达与性状的关系,,KEEP,「氨基酸序列改变会影响蛋白质功能，如血红蛋白氨基酸序列改变形成镰状红细胞」「酶缺乏也会改变功能，如酪氨酸酶缺乏…白化病」——别名逐字含本题名。,slice-91
BIOLOGY,基因重组,bio-fj-13-crossing-over,基因重组,,KEEP,「时期：减数分裂Ⅰ前期（四分体时期）」「范围：同源染色体中非姐妹染色单体之间交换相应片段」。交叉互换的时期与范围辨析，即现绑边界『辨析交叉互换所发生的时期、作用范围与生物学意义』。,slice-91
BIOLOGY,基因重组,bio-fj-22-breeding-cross,基因重组,育种,REBIND,「1. 原理：基因重组」「优点：操作简便，集多个优良性状于一身；缺点：周期长」。全篇为杂交育种的过程与优缺点，目标节点边界即『杂交育种基于基因重组…程序与优缺点』且已收同题材料。,slice-91
BIOLOGY,基因重组,bio-fx-hybrid-breeding,基因重组,育种,REBIND,「原理：基因重组（非同源染色体上的非等位基因自由组合）」「优点：操作简便，可把多个品种的优良性状集中到同一个体」「缺点：育种周期长」。通篇为杂交育种的原理、流程与优缺点，目标边界即『杂交育种基于基因重组…程序与优缺点』且已收同题材料。,slice-91
BIOLOGY,基因重组,ext-bio-1e23a952bc-011,基因重组,,KEEP,「范围为同源染色体中非姐妹染色单体之间交换相应的片段」「结果导致基因重组，产生多种配子，实现非等位基因的重组」。终句即基因重组，属现绑节点。,slice-91
BIOLOGY,基因重组,ext-bio-1e23a952bc-038,基因重组,,KEEP,「减数分裂Ⅰ后期同源染色体分离的同时，非同源染色体自由组合」「减数分裂Ⅰ前期同源染色体的非姐妹染色单体之间发生互换」。即基因重组的两种类型，属现绑节点。,slice-91
BIOLOGY,基因重组,ext-bio-26746c92ba-077,基因重组,连锁互换问题的配子分析,REBIND,「位于同一条染色体上的连锁基因的遗传不遵循自由组合定律，但是仍遵循分离定律」「解题的重点在于找到连锁的基因，据此才能写出相关配子」。连锁互换定律的题型与配子分析思路，正落目标节点『连锁与互换的分析判断』『由配子或子代比例反推两对基因是独立还是连锁』。,slice-91
BIOLOGY,基因重组,ext-bio-26746c92ba-078,基因重组,连锁互换问题的配子分析,REBIND,「配子两多和两少，多像亲本少“新造”」「交换率 $=$ 重组型配子数/总配子数 $\times 100\%$」。完全连锁与互换的两句口诀、交换率计算，目标节点已收『完全连锁与连锁互换的两句口诀』『互换细胞比例与重组型配子比例的换算』。,slice-91
BIOLOGY,基因重组,ext-bio-451d5c3142-026,基因重组,连锁互换问题的配子分析,REBIND,「重组率等于发生互换的精原细胞比例的一半，如10%的精原细胞发生互换，重组率为5%」「测交后代的表型比例直接反映配子的基因型比例」。互换细胞比例与重组型配子比例的换算、测交判断，目标节点同名别名在册。,slice-91
BIOLOGY,基因重组,ext-bio-5a28e16ded-004,基因重组,,KEEP,「减数分裂I前期同源染色体的非姐妹染色单体间发生互换，会产生新的基因组合，使配子种类增多」。互换导致基因重组（类型之一），属现绑节点。,slice-91
BIOLOGY,基因重组,ext-bio-5a28e16ded-005,基因重组,,KEEP,「产生配子多样性的原因是减数分裂I前期同源染色体非姐妹染色单体间发生互换、减数分裂I后期非同源染色体之间发生自由组合」。即基因重组的两种类型（交叉互换与自由组合），属现绑节点。,slice-91
BIOLOGY,基因重组,ext-bio-5f510cdc4a-807,基因重组,肺炎链球菌转化实验,REBIND,「转化因子实际上是S型细菌中的一段DNA」「这种变异属于基因重组（广义上的）」。转化因子的实质与转化结论，目标节点已收『肺炎链球菌转化的实质是基因重组』『转化实验中的转化实质』等同族材料。,slice-91
BIOLOGY,基因重组,ext-bio-87ebe669c6-015,基因重组,连锁互换问题的配子分析,REBIND,「两种亲本型配子数量相等 两种重组型配子数量相等」「合并得 BD = bd = (1−x)/2 + x/4」。双杂合子连锁时两类配子比例恒等的规律，目标节点同名别名『双杂合子连锁时两类配子比例恒等的规律』。,slice-91
BIOLOGY,基因重组,ext-bio-8c5f3169c5-008,基因重组,连锁互换问题的配子分析,REBIND,「测交（与隐性纯合子杂交）后代的表现型及其比例，等于待测个体产生的配子种类及比例」「产生的配子中比例大的为亲本型配子、比例小的为重组型配子」。测交反推配子与连锁关系，目标节点收『用测交判断基因是否连锁与互换』等同族材料。,slice-91
BIOLOGY,基因重组,ext-bio-e29b5be961-011,基因重组,,KEEP,「意义是增加配子的多样性，属于基因重组」「若交换的片段所含基因相同则不产生重组型」。交叉互换的时期、范围与意义辨析，属现绑边界。,slice-91
BIOLOGY,基因频率,bio-fj-17-sex-ratio-in-x-recessive,基因频率,,KEEP,「女性需两条X同时携带致病基因（XbXb）才患病」「男性只有一条X（半合子），Xb即患病」——伴X隐性遗传男女患病率差异的原因，现绑别名逐字同名，保留。,slice-91
BIOLOGY,基因频率,bio-fj-23-hardy-weinberg,基因频率,,KEEP,「前提：种群非常大、自由交配、无迁入迁出、无自然选择、无基因突变」「AA基因型频率=p²，Aa=2pq，aa=q²（p+q=1）」——定律内容与应用，标题即现绑别名『遗传平衡定律及其应用』，保留。,slice-91
BIOLOGY,基因频率,ext-bio-26746c92ba-103,基因频率,,KEEP,「把所有个体（$AA$、$Aa$ 和 $aa$）产生的配子看成一个整体」「子代中 $p^2+2pq+q^2=1$」——棋盘法推导，现绑别名逐字同名《遗传平衡定律的内容与棋盘法推导》，保留。,slice-91
BIOLOGY,基因频率,ext-bio-26746c92ba-105,基因频率,,KEEP,「显性个体中基因型为 Aa 的概率是」「这个二级结论省去了平方运算，可以大大减少计算量」——显性个体中杂合子概率的二级结论，现绑别名逐字同名，保留。,slice-91
BIOLOGY,基因频率,ext-bio-42a398fe0f-041,基因频率,,KEEP,「雌性个体仅含一条Z染色体，患病（隐性）概率等于致病基因频率q」「雄性个体含两条Z染色体，患病（隐性纯合）概率等于q²」——ZW型伴性频率算法，现绑边界含ZW型种群中Z染色体基因频率的求法，别名含『Z染色体上致病基因频率与患病率』，保留。,slice-91
BIOLOGY,基因频率,ext-bio-4840ea5bb7-017,基因频率,,KEEP,「当群体满足①群体数量足够大、②全部的雌雄个体间都能自由交配并能产生后代、③没有迁入与迁出、④自然选择对性状没有作用、⑤基因A和a都不产生突变这五个条件时，种群的基因频率将不会改变」——遗传平衡定律的条件与表达式，现绑别名逐字含同名标题，保留。,slice-91
BIOLOGY,基因频率,ext-bio-5f510cdc4a-1025,基因频率,,KEEP,「适用条件：种群足够大、所有雌雄个体之间能自由交配、没有迁入和迁出、没有自然选择、没有突变产生」——遗传平衡定律的条件与正逆推用法，属现绑『基因频率』族（已收《遗传平衡定律的条件与基因型频率的计算》），保留。,slice-91
BIOLOGY,基因频率,ext-bio-d00f326556-029,基因频率,,KEEP,「该理想状态需满足 5 个条件：种群足够大、个体间可以自由交配并产生后代、没有突变发生、没有迁入迁出、个体生存和繁殖机会均等」——遗传平衡五条件，属现绑『基因频率』（别名含『遗传平衡定律的条件与基因型频率的计算』），保留。,slice-91
BIOLOGY,基因频率,ext-bio-d00f326556-030,基因频率,,KEEP,「遗传平衡定律可用 (p＋q)²＝p²＋2pq＋q²＝1 表示」——哈代-温伯格表达式，标题即现绑节点别名原句，属『基因频率』，保留。,slice-91
BIOLOGY,基因频率,ext-bio-d00f326556-035,基因频率,自然选择,REBIND,「自然选择通过不断淘汰不利变异的基因、积累有利变异的基因，使种群的基因频率发生定向改变，导致生物朝着一定的方向不断进化」——自然选择的机制与作用，正落『自然选择』边界『定向选择决定生物进化的方向』；该节点已收《自然选择与种群基因频率的定向改变》。,slice-91
BIOLOGY,基因频率,ext-bio-ea337c4a7b-019,基因频率,,KEEP,「满足5个条件——种群数量足够大、全部雌雄个体间自由交配并能产生后代、没有迁入与迁出、自然选择对性状没有作用、基因A和a都不产生突变」——遗传平衡条件与频率表达式，现绑别名逐字含同名标题，保留。,slice-91
BIOLOGY,基因频率,ext-bio-fa63e6b68c-001b,基因频率,,KEEP,「生物进化的实质是种群基因频率的定向改变」「可遗传变异的来源是突变(包括基因突变、染色体变异)和基因重组」——种群、基因库与基因频率概念及进化实质，现绑族内已收『种群、基因库与基因频率三个基本概念』，保留。,slice-91
BIOLOGY,基因频率,ext-bio-fa63e6b68c-008b,基因频率,,KEEP,「基因频率和基因型频率在一代一代的繁殖中保持不变」「遗传平衡时X染色体上基因频率与基因型频率也存在对应关系」——定律内容与数学表达式，延展的伴X频率对应亦属现绑族（『基因位于X染色体上的遗传平衡』），保留。,slice-91
BIOLOGY,多倍体,ext-bio-93a46b25db-014,多倍体,,KEEP,「染色体数目变异的类型二为以染色体组的形式成倍地增加或减少」「含2个染色体组为二倍体，含1个为单倍体，含3个为三倍体」——成倍增减的数目变异与倍性划分；正合现绑边界『按体细胞中染色体组数目界定』。,slice-91
BIOLOGY,多倍体,ext-bio-93a46b25db-015,多倍体,,KEEP,「染色体组是一整套非同源染色体」「形态上各不相同，功能上各不相同，但携带着生物生长、发育、遗传和变异的一整套遗传信息」——染色体组的概念与特征；理想节点『染色体组』不在判定清单 TSV 内，按现绑划分标准保留。,slice-91
BIOLOGY,多倍体,ext-bio-93a46b25db-016,多倍体,,KEEP,「按形态：细胞内同一形态的染色体有几条，就可认为含几个染色体组」「按基因型：同一种基因（不分大小写）出现几次，则细胞中就有几个染色体组」——判定染色体组数的方法；理想节点『染色体组』不在判定清单 TSV 内，现绑以染色体组数目界定倍性，故保留。,slice-91
BIOLOGY,多倍体,ext-bio-99a17e2515-041,多倍体,,KEEP,「三倍体、同源四倍体育性差的原因均为减数分裂时同源染色体联会紊乱」「骡子细胞内无同源染色体，不能进行正常的减数分裂」——成倍变异与不育要点；首句低温诱导比例另近『实验-低温诱导…』，主体为倍性与不育，按现绑保留。,slice-91
BIOLOGY,多倍体,ext-bio-b7b14638ac-019,多倍体,,KEEP,「次级卵母细胞完成减数分裂Ⅱ形成的卵细胞，经过有丝分裂前的间期染色体复制后用低温抑制纺锤体形成」「染色体复制一次，而细胞未分裂」——染色体数目加倍的两种途径；属现绑『多倍体的形成』，别名逐字含本条标题。,slice-91
BIOLOGY,大脑皮层,bio-kb-brain-parts-and-functions,大脑皮层,,KEEP,「1. 大脑（大脑皮层）：调节机体活动的最高级中枢…2. 小脑：协调运动，维持身体平衡。3. 下丘脑…4. 脑干…」——正对现绑边界『区分大脑皮层与小脑、下丘脑、脑干等部分的功能』；兄弟节点『神经调节的结构基础』边界亦含『中枢神经系统（脑与脊髓）…脑各部分如大脑、小脑、下丘脑、脑干的功能』，节点级重叠，保留。,slice-91
BIOLOGY,大脑皮层,bio-kb-nerve-regulation-misjudgments,大脑皮层,,KEEP,「1. 调节机体活动的最高级中枢是大脑皮层（不是脑干）」「除头面部外，皮层代表区与躯体位置呈倒置关系」——此两条正落现绑；余下反射弧、动作电位条目分属兄弟节点，多主题汇总无更优单点，保留（『神经调节的结构基础』亦覆盖中枢组成，属节点级重叠）。,slice-91
BIOLOGY,大脑皮层,ext-bio-f424594cfa-097,大脑皮层,,KEEP,「大多数人主导语言功能的区域在大脑的左半球…少数左撇子…语言中枢则在大脑右半球」——现绑别名含『语言中枢的半球优势』『大脑两半球的功能分工』。,slice-91
BIOLOGY,孟德尔两对相对性状的杂交实验,ext-bio-f94276f113-011,孟德尔两对相对性状的杂交实验,,KEEP,「F2中能稳定遗传（纯合）的个体占总数的1/4」「F2中不同于F1表型的个体（重组类型）占7/16」——两对相对性状F2结果统计；现绑『孟德尔两对相对性状的杂交实验』已收《两对相对性状杂交F2的结果分析》，保留。,slice-91
BIOLOGY,孟德尔的豌豆杂交实验过程分析,bio-mo-heredity-005,孟德尔的豌豆杂交实验过程分析,分离定律,REBIND,「分离定律实质：在杂合子的细胞中，位于一对同源染色体上的等位基因，具有一定的独立性」「在减数分裂形成配子的过程中，等位基因会随同源染色体的分开而分离」——即分离定律的实质。,slice-91
BIOLOGY,孟德尔的豌豆杂交实验过程分析,bio-mo-heredity-009,孟德尔的豌豆杂交实验过程分析,,KEEP,「Dd产生的配子有D 、 d两种，比值为1：1」「测交后代基因型及比值为Dd：dd＝1：1」「（预测的测交结果）」——F1配子与测交预测属实验（一）假说—演绎过程。,slice-91
BIOLOGY,孟德尔的豌豆杂交实验过程分析,bio-mo-heredity-010,孟德尔的豌豆杂交实验过程分析,遗传学核心概念与术语,REBIND,「一种生物的同一种性状的不同表现类型，叫做相对性状」「等位基因是指同源染色体相同位置上控制相对性状的基因，如B和b」——通篇遗传学概念定义。,slice-91
BIOLOGY,孟德尔的豌豆杂交实验过程分析,bio-mo-heredity-011,孟德尔的豌豆杂交实验过程分析,,KEEP,「基因型为Aa的杂合子产生的雌配子有两种A∶a＝1∶1或产生的雄配子有两种A∶a＝1∶1」「生物产生的雄配子数远远多于雌配子数」——F1配子属实验（一）假说内容。,slice-91
BIOLOGY,孟德尔的豌豆杂交实验过程分析,bio-mo-heredity-013,孟德尔的豌豆杂交实验过程分析,,KEEP,「“演绎推理”内容——如果假说正确，则F1的遗传因子组成为Dd」「预期后代中高茎植株与矮茎植株的比例为1∶1（理论推测）」——实验（一）演绎推理环节。,slice-91
BIOLOGY,孟德尔的豌豆杂交实验过程分析,bio-mo-heredity-015,孟德尔的豌豆杂交实验过程分析,遗传系谱图的分析及概率的计算,REBIND,「由常染色体上的基因控制的遗传病①男孩患病概率＝女孩患病概率＝患病孩子概率」「患病男孩概率＝患病女孩概率＝患病孩子概率×1/2」——遗传病概率计算（备选『伴性遗传的特点及应用』，见备注）。,slice-91
BIOLOGY,孟德尔的豌豆杂交实验过程分析,bio-mo-heredity-016,孟德尔的豌豆杂交实验过程分析,自交和自由交配的概率计算,REBIND,「Fn：所占比例；杂合子：n；纯合子：1-n；显性纯合子：1/2-n+1；隐性纯合子：1/2-n+1；显性性状个体：1/2+n+1」——即Aa连续自交n代后杂合子、纯合子等的比例公式。,slice-91
BIOLOGY,孟德尔的豌豆杂交实验过程分析,bio-mo-heredity-018,孟德尔的豌豆杂交实验过程分析,,KEEP,「遗传定律是一种统计学规律，只有样本足够大时才有规律性」「当子代数目较少时，不一定符合预期的分离比」——实验数据统计性，属现绑实验分析族。,slice-91
BIOLOGY,孟德尔的豌豆杂交实验过程分析,bio-mo-heredity-021,孟德尔的豌豆杂交实验过程分析,自由组合定律,REBIND,「自由组合定律实质：位于非同源染色体上的非等位基因的分离或组合是互不干扰的」「同源染色体上的等位基因彼此分离的同时，非同源染色体上的非等位基因自由组合」——即自由组合定律本身。,slice-91
BIOLOGY,孟德尔的豌豆杂交实验过程分析,bio-mo-heredity-024,孟德尔的豌豆杂交实验过程分析,孟德尔两对相对性状的杂交实验,REBIND,「黄色和绿色分别由遗传因子（基因）Y、y控制，圆粒和皱粒分别由遗传因子（基因）R、r控制」「F1产生配子时，每对遗传因子彼此分离，不同对的遗传因子自由组合」——两对相对性状实验的假说内容。,slice-91
BIOLOGY,孟德尔的豌豆杂交实验过程分析,bio-mo-heredity-025,孟德尔的豌豆杂交实验过程分析,孟德尔两对相对性状的杂交实验,REBIND,「YyRr产生的配子是YR、Yr、yR、yr，比值为1：1：1：1」「测交后代表型及比值为黄圆：黄皱：绿圆：绿皱＝1：1：1：1（预测的测交结果）」——两对相对性状实验的假说—演绎内容。,slice-91
BIOLOGY,孟德尔的豌豆杂交实验过程分析,bio-mo-heredity-026,孟德尔的豌豆杂交实验过程分析,从性遗传,REBIND,「从性遗传是指由常染色体上的基因控制的性状，在表现型上受个体性别影响的现象」「伴性遗传的基因位于性染色体上，而从性遗传的基因位于常染色体上」——通篇从性遗传；目标节点同名。,slice-91
BIOLOGY,孟德尔的豌豆杂交实验过程分析,bio-mo-heredity-029,孟德尔的豌豆杂交实验过程分析,自由组合定律的解题规律及方法,REBIND,「重组类型是指F2中表现型与亲本不同的个体，而不是基因型与亲本不同的个体」「当亲本基因型为YYrr和yyRR时，F2中重组类型所占比例是1/16＋9/16＝10/16」——重组类型比例计算，属比例计算类节点。,slice-91
BIOLOGY,孟德尔的豌豆杂交实验过程分析,bio-mo-heredity-030,孟德尔的豌豆杂交实验过程分析,自交和自由交配的概率计算,REBIND,「自由交配时，需计算出该群体中每一种雄（雌）配子占全部雄（雌）配子的概率，使用精、卵细胞随机结合法即可求出所需个体」——自由交配的概率计算；现绑为杂交实验过程分析。,slice-91
BIOLOGY,孟德尔的豌豆杂交实验过程分析,ext-bio-6245ee3104-002,孟德尔的豌豆杂交实验过程分析,,KEEP,「假说-演绎法是在观察和分析基础上提出问题以后，通过推理和想象提出解释问题的假说，根据假说进行演绎推理」「一般程序为观察现象提出问题、作出假说解释问题、演绎推理预测结果、实验验证、得出结论」——孟德尔实验所用科学方法。,slice-91
BIOLOGY,孟德尔的豌豆杂交实验过程分析,ext-bio-98acc0ecdc-004b,孟德尔的豌豆杂交实验过程分析,,KEEP,「让F1（Dd）与隐性纯合子（dd）杂交…测交后代应同时出现高茎和矮茎，比例为1∶1」「遗传图解的书写要点：标明亲本（P）、子一代（F1）」——实验（一）测交验证与图解书写。,slice-91
BIOLOGY,实验-使用高倍显微镜观察几种细胞,ext-bio-5f510cdc4a-2049,实验-使用高倍显微镜观察几种细胞,,KEEP,「①切片——用从生物体上切取的薄片制成；②涂片——用液体的生物材料经过涂抹制成；③装片——用从生物体上撕下或挑取的少量材料制成」「材料要薄而透明，在制作临时装片时要展平放置、不得重叠」——玻片标本与装片制作，属显微镜观察实验族（备选『生物学实验技术与方法』，见备注）。,slice-91
BIOLOGY,实验-培养液中酵母菌种群数量的变化,ext-bio-5f510cdc4a-1509,实验-培养液中酵母菌种群数量的变化,,KEEP,「计数室的容积为0.1立方毫米（即1乘以10的负4次方毫升）」「16乘25型计数公式」——血细胞计数板的结构与两种规格的计数公式；现绑别名逐字含此标题。,slice-91
BIOLOGY,实验-探究酵母菌细胞呼吸的方式,bio-kb3-f4-s42-n09,实验-探究酵母菌细胞呼吸的方式,,KEEP,「取20 g新鲜的食用酵母菌，分成两等份」「应将酵母菌的培养时间适当延长以耗尽溶液中的葡萄糖」——实验实施方案与产物检测注意，属现绑实验，保留。,slice-91
BIOLOGY,实验-探究酵母菌细胞呼吸的方式,bio-kb3-f5-s5-3-n03,实验-探究酵母菌细胞呼吸的方式,,KEEP,「在酸性条件下，酒精可与橙色的重铬酸钾溶液发生化学反应，变成灰绿色」——现绑边界明列酸性重铬酸钾检测酒精，保留。,slice-91
BIOLOGY,实验-探究酵母菌细胞呼吸的方式,bio-mo-cell-161,实验-探究酵母菌细胞呼吸的方式,,KEEP,「CO2可使澄清的石灰水变浑浊，也可使溴麝香草酚蓝溶液由蓝变绿再变黄」——正合现绑边界『用澄清石灰水、溴麝香草酚蓝…检测产物』，保留。,slice-91
BIOLOGY,实验-探究酵母菌细胞呼吸的方式,bio-mo-cell-respiration-001,实验-探究酵母菌细胞呼吸的方式,,KEEP,「检测CO2： CO2可使澄清石灰水变浑浊，或使溴麝香草酚蓝溶液由蓝变绿再变黄」「可以判断CO2的多少」——酵母菌呼吸产物的检测法，属现绑实验，保留。,slice-91
BIOLOGY,实验-检测生物组织中的糖类-脂肪和蛋白质,bio-fj-02-felin-reaction-principle,实验-检测生物组织中的糖类-脂肪和蛋白质,,KEEP,「斐林试剂是新配制的Cu(OH)2，呈蓝色」「还原糖含醛基，在50-65℃水浴下将Cu(OH)2还原为Cu2O」——斐林试剂反应原理，属现绑节点。,slice-91
BIOLOGY,实验-检测生物组织中的糖类-脂肪和蛋白质,bio-fj-02-felin-reagent-fresh,实验-检测生物组织中的糖类-脂肪和蛋白质,,KEEP,「斐林试剂甲液与乙液等量混匀后立即使用」「久置使Cu(OH)2沉淀，失去检测作用」——现配现用，属现绑检测实验节点。,slice-91
BIOLOGY,实验-检测生物组织中的糖类-脂肪和蛋白质,bio-fx-reducing-sugar-scope,实验-检测生物组织中的糖类-脂肪和蛋白质,,KEEP,「常见还原糖：葡萄糖、果糖、麦芽糖、乳糖」「非还原糖：蔗糖（无游离醛基）、淀粉、糖原、纤维素等多糖」——还原糖范围；『细胞中的糖类』别名含『还原糖与非还原糖的划分』，两读保守保留。,slice-91
BIOLOGY,实验-检测生物组织中的糖类-脂肪和蛋白质,bio-kb-fehling-vs-biuret-reagents,实验-检测生物组织中的糖类-脂肪和蛋白质,,KEEP,「都含NaOH和CuSO4两种成分」「斐林实质是新配制的Cu(OH)2；双缩脲实质是碱性环境中的Cu2+」——两试剂异同，属现绑检测实验节点。,slice-91
BIOLOGY,实验-检测生物组织中的糖类-脂肪和蛋白质,bio-kb2-02-feilin-bisuoshiji-diff,实验-检测生物组织中的糖类-脂肪和蛋白质,,KEEP,「一同：都含NaOH和CuSO4，且NaOH浓度都是0.1克每毫升」「原理不同（斐林实质是新配氢氧化铜，双缩脲实质是碱性环境中的铜离子）」——两试剂对比，属现绑节点。,slice-91
BIOLOGY,实验-检测生物组织中的糖类-脂肪和蛋白质,bio-mo-cell-019,实验-检测生物组织中的糖类-脂肪和蛋白质,,KEEP,「需要加热的是还原糖的鉴定，需要借助显微镜的是脂肪鉴定」「常见的还原糖有葡萄糖、果糖、麦芽糖」——与现绑节点『三类有机物检测的三个唯一』族同条。,slice-91
BIOLOGY,实验-检测生物组织中的糖类-脂肪和蛋白质,ext-bio-0c2f4eacc5-030,实验-检测生物组织中的糖类-脂肪和蛋白质,,KEEP,「含（还原糖）糖量高、白色或近于白色的植物组织，如梨」「注入1mL刚配制好的斐林试剂」「50～65℃温水浴加热」——还原糖鉴定操作与选材，属现绑节点。,slice-91
BIOLOGY,实验-检测生物组织中的糖类-脂肪和蛋白质,ext-bio-4e8dccf192-025,实验-检测生物组织中的糖类-脂肪和蛋白质,,KEEP,「斐林试剂甲液0.1g/mL NaOH与乙液0.05g/mL CuSO4等量混合、现配现用」「先加A液1mL摇匀后加B液4滴」——两试剂对比，属现绑检测实验节点。,slice-91
BIOLOGY,实验-检测生物组织中的糖类-脂肪和蛋白质,ext-bio-5f510cdc4a-198,实验-检测生物组织中的糖类-脂肪和蛋白质,,KEEP,「斐林试剂利用还原糖中的醛基把Cu(OH)₂还原为Cu₂O即砖红色沉淀」「双缩脲试剂使用时先加A液（营造碱性环境）摇匀」——两试剂实质与用法对比，属现绑节点。,slice-91
BIOLOGY,实验-检测生物组织中的糖类-脂肪和蛋白质,ext-bio-808baa0568-007b,实验-检测生物组织中的糖类-脂肪和蛋白质,,KEEP,「还原糖（单糖、麦芽糖、乳糖）用斐林试剂，甲乙等量混合、现配现用、水浴加热」「脂肪鉴定：用苏丹Ⅲ染液」「呈橘黄色颗粒」——三鉴定法，属现绑检测实验节点。,slice-91
BIOLOGY,实验-检测生物组织中的糖类-脂肪和蛋白质,ext-bio-944a6d528b-034,实验-检测生物组织中的糖类-脂肪和蛋白质,,KEEP,「唯一需要加热的是还原糖的检测，且必须水浴加热」「唯一使用酒精的是脂肪的检测」——三个唯一，属现绑检测实验节点。,slice-91
BIOLOGY,实验-检测生物组织中的糖类-脂肪和蛋白质,ext-bio-dea64e6378-001,实验-检测生物组织中的糖类-脂肪和蛋白质,,KEEP,「还原糖＋斐林试剂→砖红色沉淀（生成Cu2O）」「选择浅色或白色的组织（如苹果、梨），便于观察颜色变化」——还原糖鉴定操作与选材，属现绑节点。,slice-91
BIOLOGY,实验-检测生物组织中的糖类-脂肪和蛋白质,ext-bio-dea64e6378-002,实验-检测生物组织中的糖类-脂肪和蛋白质,,KEEP,「斐林试剂由甲液（0.1 g/mL NaOH）与乙液（0.05 g/mL CuSO4）组成，使用时甲、乙液等量混合后加入」「先加A液营造碱性环境、再加少量B液」——两试剂对比，属现绑检测实验节点。,slice-91
BIOLOGY,实验-模拟生物体维持ph的稳定,ext-bio-ba8b3621cb-006,实验-模拟生物体维持ph的稳定,,KEEP,「血浆组和缓冲液组的 pH 变化趋势相近，说明二者都具有缓冲能力」「每一组样品只能滴加一种试剂」——蒸馏水/缓冲液/血浆对照与单一变量原则即现绑模拟pH稳定实验的内容；现绑别名逐字含本标题。,slice-91
BIOLOGY,实验-观察根尖分生区组织细胞的有丝分裂,bio-kb3-f4-s53-n01,实验-观察根尖分生区组织细胞的有丝分裂,有丝分裂,REBIND,「间期复制的DNA通过有丝分裂平均分配到两个子细胞中」——有丝分裂的意义；现绑节点为根尖装片实验，正文无实验内容。,slice-91
BIOLOGY,实验-观察根尖分生区组织细胞的有丝分裂,bio-kb3-f4-s54-n13,实验-观察根尖分生区组织细胞的有丝分裂,有丝分裂,REBIND,「DNA数量加倍的时期是分裂间期，其原因是DNA复制」「染色体数量加倍的时期是后期，其原因是着丝粒分裂」——有丝分裂中各成分加倍的时期与原因，非根尖装片实验。,slice-91
BIOLOGY,实验-观察根尖分生区组织细胞的有丝分裂,ext-bio-b0d7cc0b7d-040,实验-观察根尖分生区组织细胞的有丝分裂,,KEEP,「解离：用质量分数15%盐酸与体积分数95%酒精1比1混合液，使组织中细胞相互分离开来」「制片：滴清水、弄碎根尖、盖上盖玻片」——装片制作步骤即现绑实验。,slice-91
BIOLOGY,实验-观察根尖分生区组织细胞的有丝分裂,ext-bio-d7bc505a77-022,实验-观察根尖分生区组织细胞的有丝分裂,,KEEP,「解离：…目的是使组织中的细胞相互分离开来」「漂洗：用清水，时间约10min，目的是洗去药液、防止解离过度」——解离与漂洗操作即现绑实验。,slice-91
BIOLOGY,实验-观察蝗虫精母细胞减数分裂装片,bio-fx-xyy-individual-origin,实验-观察蝗虫精母细胞减数分裂装片,减数分裂异常的原因分析,REBIND,「发生时期：父方减数第二次分裂后期」「Y染色体着丝粒分裂后，两条Y染色体未移向两极而进入同一精细胞」——通篇XYY成因分析；目标节点别名逐字含『XXX、XYY、XXY异常个体的成因分析』，现绑蝗虫装片实验与正文无关。,slice-91
BIOLOGY,实验结果与实验结论的辨析,ext-bio-035ebaef9d-004b,实验结果与实验结论的辨析,,KEEP,「补充底物后指标**恢复** → 限制因素是**底物**（酶量正常）」——补充底物的判读规则；现绑别名逐字含该题名。,slice-91
BIOLOGY,实验结果与实验结论的辨析,ext-bio-035ebaef9d-010b,实验结果与实验结论的辨析,,KEEP,「要区分“合成增多”与“降解减少”，必须用阻断合成的手段把变量隔离」——阻断合成以隔离变量的证据推理；现绑（证据评估与实验结论书写）别名逐字含该题名。,slice-91
BIOLOGY,实验结果与实验结论的辨析,ext-bio-46ec017dac-014,实验结果与实验结论的辨析,,KEEP,「先用抑制剂阻断主途径并观察残余活性，再加抑制剂阻断替代途径；若第二次阻断后仍有活性，说明存在不再经该途径的旁路供给」——抑制剂逐级阻断的证据推理模型；正文另含“由柱状图得结论的写法”，现绑别名逐字含该题名。,slice-91
BIOLOGY,实验结果与实验结论的辨析,ext-bio-7fc1bbb839-001,实验结果与实验结论的辨析,,KEEP,「收集或评估证据与理由，是指针对某个论点收集证据和理由并进行分析和评估的过程」——通篇证据评估与证据链构建；现绑别名逐字含该题名，库内无更贴节点，保留。,slice-91
BIOLOGY,实验结果与实验结论的辨析,ext-bio-7fc1bbb839-006,实验结果与实验结论的辨析,,KEEP,「特殊案例的证据评估需注意两点：一是情境证据优先性」——情境证据优先与跨模块知识整合的证据评估方法；现绑别名逐字含该题名。,slice-91
BIOLOGY,密码子,ext-bio-145e4cd04c-013,密码子,,KEEP,「加入人工合成的多聚尿嘧啶核苷酸（UUU……）作为翻译的模板，结果得到多聚苯丙氨酸的肽链」「说明UUU是苯丙氨酸的密码子」——现绑别名含《遗传密码破译实验的过程、结果与结论》。,slice-91
BIOLOGY,对照实验的分析方法,ext-bio-5459fe25cc-002b,对照实验的分析方法,,KEEP,「① 加法原理：与常态比较，人为增加某种影响因素的实验设计，例如比较过氧化氢在不同条件下的分解」「② 减法原理：与常态比较，人为去除某种影响因素的实验设计，例如艾弗里的肺炎链球菌转化实验」——两原理的定义，现绑别名逐字含《加法原理与减法原理》，保留。,slice-91
BIOLOGY,对照实验的分析方法,ext-bio-5751e111f8-007,对照实验的分析方法,,KEEP,「两个相互印证的实验组之间最多只能存在一个不同操作（自变量操作）」「参考指标要能反映自变量的差别」——单一变量原则与参考指标的选取，现绑别名逐字同名，保留。,slice-91
BIOLOGY,对照实验的分析方法,ext-bio-5751e111f8-010,对照实验的分析方法,,KEEP,「果实的成熟度等无关变量会影响呼吸强度，各组的材料须保证成熟度一致」「每个温度条件下至少设置3个平行重复实验」——无关变量的控制与平行重复，现绑别名逐字同名，保留。,slice-91
BIOLOGY,对照实验的分析方法,ext-bio-8f68ef0765-026,对照实验的分析方法,,KEEP,「自变量：研究者主动操纵的变量，通常为横坐标x」「无关变量：与研究目标无关但影响研究结果的变量，需控制相同且适宜」——变量的类型与辨析（第8讲课件），现绑别名逐字同名，保留。,slice-91
BIOLOGY,对照实验的分析方法,ext-bio-cda93b042c-005,对照实验的分析方法,,KEEP,「自变量为不同光照强度（强光、中光、弱光），通过调节光源与烧杯的距离控制」「因变量为光合作用强度，用同一时间内叶片浮起数量检测」——探究类实验的变量设计，现绑族已收『不同探究类实验的自变量、因变量与无关变量』；与『影响光合作用强度的环境因素』两可，保守保留。,slice-91
BIOLOGY,对照实验的分析方法,ext-bio-ce89750ed2-015,对照实验的分析方法,,KEEP,「加法原理：与常态比较，人为增加某种影响因素的称为“加法原理”」「减法原理：与常态比较，人为去除某种影响因素的称为“减法原理”」——自变量控制的加法与减法原理，现绑族别名含《加法原理与减法原理》《减法原理在实验中的应用》，保留。,slice-91
BIOLOGY,对照实验的分析方法,ext-bio-d1950c7b5a-013,对照实验的分析方法,,KEEP,「加法原理的实例是比较过氧化氢在不同条件下的分解」「减法原理的实例是艾弗里的肺炎链球菌转化实验，每个实验组特异去除一种物质」——两原理的实例辨析，现绑别名逐字同名，保留。,slice-91
BIOLOGY,对照实验设计的四步模板,bio-exp-independent-variable-manipulation,对照实验设计的四步模板,,KEEP,「促进自变量：按实验目的主动施加处理（不同浓度、不同时间等）」「确保自变量唯一：各组间只允许自变量不同」——现绑别名逐字含《自变量处理：促进自变量、确保唯一》。,slice-91
BIOLOGY,对照实验设计的四步模板,bio-exp-irrelevant-variables-constant,对照实验设计的四步模板,,KEEP,「确保无关变量相同且适宜：各组实验材料数量与状态、温度、pH、试剂用量、处理时间等保持一致且处于适宜范围」——现绑别名逐字含《无关变量：保持相同且适宜》。,slice-91
BIOLOGY,对照实验设计的四步模板,bio-fx-variable-add-subtract,对照实验设计的四步模板,,KEEP,「加：给实验组添加该物质，如口服或注射甲状腺激素」「减：去除该物质或其来源，如手术切除甲状腺」——现绑别名逐字含《自变量处理的加与减》。,slice-91
BIOLOGY,对照实验设计的四步模板,bio-fx-variable-change,对照实验设计的四步模板,,KEEP,「换：设置自变量的不同取值分别处理，如用不同温度水浴探究酶活性」——现绑别名逐字含《自变量处理之换法》。,slice-91
BIOLOGY,对照实验设计的四步模板,ext-bio-46ec017dac-023c,对照实验设计的四步模板,,KEEP,「构建**保卫细胞中G酶基因缺失的突变体**（或构建敲除了保卫细胞中G酶基因的植株），与野生型植株W在**相同且适宜**的条件下培养」——现绑别名逐字含《验证基因功能要补功能缺失组作双向证据》。,slice-91
BIOLOGY,对照实验设计的四步模板,ext-bio-77321c3eaa-008,对照实验设计的四步模板,,KEEP,「自变量为是否含有X元素，因变量为植物是否能正常生长」「对照组用完全培养液（全素培养液），实验组用缺X的完全培养液」——四素与对照设计；现绑别名含《无机盐生理功能的验证实验设计》。,slice-91
BIOLOGY,对照实验设计的四步模板,ext-bio-77321c3eaa-009,对照实验设计的四步模板,,KEEP,「对照组植物正常生长、实验组出现缺乏症，则X为植物生长的必需元素」「在缺X培养液中加入X元素再培养，若缺乏症消失即可支持结论」——（一）的结果结论与严谨性补强，同属对照实验设计；保留（见notes）。,slice-91
BIOLOGY,对照实验设计的四步模板,ext-bio-f66e8d6ea1-028,对照实验设计的四步模板,,KEEP,「加法原理：如用饲喂法研究甲状腺激素」「减法原理：如用摘除法研究甲状腺激素和生长激素的功能」——现绑别名逐字含《激素研究中的加法原理与减法原理》。,slice-91
BIOLOGY,常见实验试剂与颜色变化,ext-bio-0b30bf1136-018,常见实验试剂与颜色变化,,KEEP,「还原糖加斐林试剂呈砖红色沉淀；淀粉加碘液变蓝色」「能与双缩脲试剂反应的是变性的蛋白质或具有两个及两个以上肽键的化合物」——物质检测原理汇总，属现绑节点。,slice-91
BIOLOGY,常见实验试剂与颜色变化,ext-bio-4e8dccf192-021,常见实验试剂与颜色变化,,KEEP,「某些化学试剂能够使生物组织中的有关有机化合物产生特定的颜色反应」——现绑别名逐字含本题名。,slice-91
BIOLOGY,常见实验试剂与颜色变化,ext-bio-5f510cdc4a-205,常见实验试剂与颜色变化,,KEEP,「分子结构中存在游离醛基或游离酮基的糖」「斐林试剂和本尼迪特试剂与还原糖反应会产生砖红色或红黄色的沉淀」——现绑别名逐字含本题名。,slice-91
BIOLOGY,常见实验试剂与颜色变化,ext-bio-77321c3eaa-030,常见实验试剂与颜色变化,,KEEP,「先加双缩脲试剂A液1ml，再加B液4滴（先A后B，A多B少），出现紫色」——蛋白质检测步骤，现绑别名逐字含本题名。,slice-91
BIOLOGY,常见实验试剂与颜色变化,ext-bio-79a84f3dcc-004,常见实验试剂与颜色变化,,KEEP,「用台盼蓝染液染色时，活细胞不会被着色，死细胞会被染成蓝色」——现绑边界明写『台盼蓝是活体染色，活细胞不着色』。,slice-91
BIOLOGY,常见实验试剂与颜色变化,ext-bio-8921fde1b5-010,常见实验试剂与颜色变化,,KEEP,「再滴加0.5mL溶有0.1g重铬酸钾的浓硫酸溶液」「无氧装置中溶液变灰绿色，有氧装置中不变灰绿色」——酒精检测；『实验：探究酵母菌细胞呼吸的方式』（检测产物族）并存，保留。,slice-91
BIOLOGY,影响光合作用强度的环境因素,bio-chlorophyll-increase-worsens-photoinhibition,影响光合作用强度的环境因素,,KEEP,「叶绿素含量↑→光能吸收↑→光能过剩更严重→光抑制加剧」——光抑制的加剧机制与减缓途径；现绑别名逐字含本条标题，保留。,slice-91
BIOLOGY,影响光合作用强度的环境因素,bio-fj-11-leaf-area-index,影响光合作用强度的环境因素,,KEEP,「超过b后：群体光合速率不再增加，但群体呼吸速率继续增加」——叶面积系数与群体干物质积累；现绑别名逐字含本条标题，保留。,slice-91
BIOLOGY,影响光合作用强度的环境因素,bio-kb-intermittent-illumination-method,影响光合作用强度的环境因素,,KEEP,「光照、黑暗交替进行，黑暗间隔期可利用光反应积累的产物继续暗反应」——间隔光照法提高光能利用率，现绑族内已收同名条，保留。,slice-91
BIOLOGY,影响光合作用强度的环境因素,bio-kb2-10-light-compensation-saturation,影响光合作用强度的环境因素,,KEEP,「B点为光补偿点（光合强度＝呼吸强度）」「AD段主要限制因素是光照强度」——曲线各点与各线段含义；现绑边界逐字含“光补偿点、光饱和点及各线段的含义”，保留。,slice-91
BIOLOGY,影响光合作用强度的环境因素,bio-kb2-11-intermittent-light,影响光合作用强度的环境因素,,KEEP,「光照黑暗交替进行时，黑暗间隔期可利用光照期积累的光反应产物继续进行暗反应，故制造的有机物相对更多」——间隔光照法提高光能利用率，现绑族内已收同名条（前轮同材料判KEEP）。,slice-91
BIOLOGY,影响光合作用强度的环境因素,bio-kb3-f5-s5-4-3-n03,影响光合作用强度的环境因素,,KEEP,「实验中叶片上浮的原因是光合作用产生氧气，使叶肉细胞间隙充满了气体，浮力大增，叶片上浮」——叶片上浮法实验原理；前轮已由『细胞呼吸的影响因素及应用』改绑至现绑节点，保留。,slice-91
BIOLOGY,影响光合作用强度的环境因素,bio-mo-cell-185,影响光合作用强度的环境因素,,KEEP,「塑料大棚栽培时常选择“无色塑料”以便透过各色光」——大棚光质选择与人工补光；现绑别名逐字含「为提高光能利用率」，同节点已收间隔光照法提高光能利用率材料，保留。,slice-91
BIOLOGY,影响光合作用强度的环境因素,bio-mo-cell-192,影响光合作用强度的环境因素,光合作用与细胞呼吸“关键点”的移动,REBIND,「降低——改变温度：光补偿点左移（减小）。光饱和点左移（减小）」「改变CO2浓度：光补偿点右移（增大）」——通篇是条件改变时补偿点/饱和点的移动方向；『关键点移动』节点已收《条件改变时补偿点与饱和点的移动》等同族材料。,slice-91
BIOLOGY,影响光合作用强度的环境因素,bio-mo-cell-193,影响光合作用强度的环境因素,,KEEP,「白天适当提高温度或增加CO2浓度」「适当提高昼夜温差可提高作物有机物积累量」——温度/CO₂与昼夜温差的生产应用；现绑别名逐字含本条标题，保留。,slice-91
BIOLOGY,影响光合作用强度的环境因素,bio-photoinhibition-3-links,影响光合作用强度的环境因素,,KEEP,「ROS 生成：电子受体（NADP+）不足→电子传给 O2→活性氧」「D1 失活」——光抑制三步链条；现绑别名含「光抑制与光保护机制」，同源《狂K重点》系列已在本节点，保留。,slice-91
BIOLOGY,影响光合作用强度的环境因素,bio-photoprotection-d1-repair,影响光合作用强度的环境因素,,KEEP,「失活的 D1 蛋白被降解并替换新合成 D1→PSII 活性恢复」——光保护修复防线；现绑节点已收光保护防线一/二与光抑制三步链同族材料，保留。,slice-91
BIOLOGY,影响光合作用强度的环境因素,bio-photoprotection-ros-scavenging,影响光合作用强度的环境因素,,KEEP,「抗氧化酶（如 SOD、过氧化物酶类）等系统把已生成的 ROS 清除」——清除防线；现绑别名逐字含「光保护防线二（清除）：抗氧化酶系统清除活性氧」，保留。,slice-91
BIOLOGY,影响光合作用强度的环境因素,ext-bio-46ec017dac-006b,影响光合作用强度的环境因素,,KEEP,「限制因素的判断」「提高大田CO₂浓度，CO₂固定速率不会增大」——光补偿点/饱和点与限制因素分析；现绑边界逐字含“光补偿点、光饱和点及各线段的含义”，保留。,slice-91
BIOLOGY,影响光合作用强度的环境因素,ext-bio-46ec017dac-017,影响光合作用强度的环境因素,,KEEP,「这个现象被称为光合作用的光抑制与光保护机制」——光抑制与光保护总机制；现绑别名逐字含本条标题，保留。,slice-91
BIOLOGY,影响光合作用强度的环境因素,ext-bio-46ec017dac-022,影响光合作用强度的环境因素,,KEEP,「减轻光抑制的可行措施…增强热耗散」「提高叶绿素含量会增加对光能的吸收，不能减轻光抑制」——光能的去向与光抑制均在现绑别名内。,slice-91
BIOLOGY,影响光合作用强度的环境因素,ext-bio-601193a712-069,影响光合作用强度的环境因素,,KEEP,「非生物胁迫主要有水分（干旱和淹涝）、温度（高温和低温）、盐碱、环境污染等理化逆境」——胁迫两大类型分类；库内无胁迫专节点，与现绑「逆境降低光合速率的常见机制」同域，保留。,slice-91
BIOLOGY,影响光合作用强度的环境因素,ext-bio-b72318538e-011,影响光合作用强度的环境因素,,KEEP,「容器中CO2浓度先下降后不变」「直至二者达到动态平衡」——密闭容器中CO₂动态平衡与施肥浇水（矿质元素吸收）；现绑别名含「矿质元素对光合作用的影响」，保留。,slice-91
BIOLOGY,影响酶促反应的因素分析,bio-fj-08-optimal-temperature-measurement,影响酶促反应的因素分析,,KEEP,「设置一系列温度梯度分别测酶活性」「若数据出现峰值，峰值对应温度即最适温度」——最适温度的实验思路，属『影响酶促反应的因素分析』（别名即《测定酶最适温度的实验思路》）。,slice-91
BIOLOGY,影响酶促反应的因素分析,bio-kb3-f4-s38-n01,影响酶促反应的因素分析,,KEEP,「定义：酶催化特定化学反应的能力」「可用在一定条件下酶所催化某一化学反应的速率表示」——酶活性的定义与表示，是现绑节点材料集的组成（别名即《酶活性》）。,slice-91
BIOLOGY,影响酶促反应的因素分析,bio-kb3-f4-s38-n08,影响酶促反应的因素分析,,KEEP,「热水和冰块里的淀粉酶没有分解淀粉，发生蓝色反应，37 ℃的水里的淀粉酶分解淀粉」——温度影响酶活性实验的预期结果，属『影响酶促反应的因素分析』。,slice-91
BIOLOGY,影响酶促反应的因素分析,bio-kb3-f4-s38-n19,影响酶促反应的因素分析,,KEEP,「不宜选用斐林试剂检测还原糖的生成，因为加热会改变反应体系的温度，从而给实验引入额外的变量」——温度影响酶活性实验的检测设计，属『影响酶促反应的因素分析』。,slice-91
BIOLOGY,影响酶促反应的因素分析,bio-kb3-f4-s38-n26,影响酶促反应的因素分析,,KEEP,「氢氧化钠和盐酸两组无明显气泡产生(或卫生香不复燃)，pH=7的缓冲液组有大量气泡产生」——pH影响酶活性实验的预期结果，属『影响酶促反应的因素分析』。,slice-91
BIOLOGY,影响酶促反应的因素分析,bio-kb3-f4-s38-n31,影响酶促反应的因素分析,,KEEP,「实验结论：酶的作用需要适宜的pH，pH偏高或偏低都会使酶活性降低」——pH影响酶活性的实验结果与结论，属『影响酶促反应的因素分析』（节点已收《影响酶活性的条件》系列）。,slice-91
BIOLOGY,影响酶促反应的因素分析,bio-kb3-f4-s38-n32,影响酶促反应的因素分析,,KEEP,「需要事先在肝脏研磨液中加入调节pH的溶液后，再将酶液和底物混合」——pH实验的操作要点，属『影响酶促反应的因素分析』。,slice-91
BIOLOGY,影响酶促反应的因素分析,bio-kb3-f4-s38-n33,影响酶促反应的因素分析,,KEEP,「溶液的温度和pH都对酶活性有影响」「与无机催化剂比，酶所催化的化学反应一般是在比较温和的条件下进行的」——温度与pH两因素影响酶活性的实验结论，属『影响酶促反应的因素分析』（别名即《通过实验》）。,slice-91
BIOLOGY,影响酶促反应的因素分析,bio-kb3-f5-s5-1-n11,影响酶促反应的因素分析,,KEEP,「酶活性是指酶催化特定化学反应的能力。酶活性可用在一定条件下酶所催化某一反应的化学反应速率表示」——酶活性定义与速率表示，属现绑节点材料集。,slice-91
BIOLOGY,影响酶促反应的因素分析,bio-mo-cell-143,影响酶促反应的因素分析,,KEEP,「温度和pH：通过影响酶活性来影响酶促反应速率」「低温：只抑制酶活性，不破坏酶分子结构」——温度与pH两因素的作用机制，属『影响酶促反应的因素分析』（别名即《温度和pH》）。,slice-91
BIOLOGY,影响酶促反应的因素分析,bio-mo-cell-146,影响酶促反应的因素分析,,KEEP,「必须先将酶置于不同环境条件下（加蒸馏水、加NaOH溶液、加盐酸），然后再加入反应物」——探究pH影响酶活性的操作顺序，属『影响酶促反应的因素分析』（别名即本条标题）。,slice-91
BIOLOGY,影响酶促反应的因素分析,ext-bio-601193a712-008,影响酶促反应的因素分析,,KEEP,「有机溶剂、重金属离子、酶激活剂和酶抑制剂等也会影响酶的活性」「多种金属离子可以作为某些酶的激活剂」——抑制剂与激活剂被当作影响酶活性的因素讲，属『影响酶促反应的因素分析』（节点已收《底物浓度、酶浓度与抑制剂对酶促反应的影响》）；未讲竞争性与非竞争性，不属『酶的两种抑制机理』。,slice-91
BIOLOGY,影响酶促反应的因素分析,ext-bio-8f68ef0765-018,影响酶促反应的因素分析,,KEEP,「预实验只能确定最适温度所在的大致区间，不能确定精确值」「需在已确定区间内缩小温度梯度进行正式实验」——测定酶最适温度的实验思路，属『影响酶促反应的因素分析』（别名即《探究并逼近酶的最适温度（第8讲课件）》）。,slice-91
BIOLOGY,微生物的培养,bio-fx-counting-formula,微生物的培养,,KEEP,「每克（毫升）样品活菌数＝（C÷V）×M」「只统计菌落数在30-300的平板，取平均值」「设置空白对照检测培养基灭菌是否合格」——活菌计数公式与平板选择，属现绑。,slice-91
BIOLOGY,微生物的培养,bio-fx-nitrogen-source-function,微生物的培养,,KEEP,「氮源提供氮元素，参与合成含氮化合物，其中的生物大分子主要是蛋白质和核酸」「某些含C、N化合物（如蛋白胨）既是碳源又是氮源」——培养基成分，现绑已收《培养基的营养物质、分类与特殊培养条件》同族材料。,slice-91
BIOLOGY,微生物的培养,bio-mo-fermentation-017,微生物的培养,无菌技术,REBIND,「消毒是指使用较为温和的物理、化学或生物等方法杀死物体表面或内部一部分微生物」「消毒方法常用到煮沸消毒法、巴氏消毒法（对于一些不耐高温的液体），还有化学药物消毒」——『无菌技术』边界即“核心是区分消毒与灭菌”，且已收《消毒的定义与常用消毒方法》。,slice-91
BIOLOGY,微生物的培养,bio-mo-fermentation-018,微生物的培养,无菌技术,REBIND,「灭菌是指使用强烈的理化方法杀死物体内外所有的微生物，包括芽孢和孢子」「灭菌方法有灼烧灭菌、干热灭菌、湿热灭菌等」——与『无菌技术』已收《灭菌的定义、方法与芽孢和孢子的区别》同一知识点、近逐句相同。,slice-91
BIOLOGY,微生物的培养,bio-mo-fermentation-022,微生物的培养,,KEEP,「培养基灭菌后，需要冷却至50 ℃左右时，才能用来倒平板」「将平板倒置…防止皿盖上的水珠落入培养基，造成污染」——倒平板的具体操作，现绑『微生物的培养』别名即含同题。,slice-91
BIOLOGY,微生物的培养,bio-mo-fermentation-023,微生物的培养,,KEEP,「在火焰附近将皿盖打开一条缝隙，用接种环在培养基表面迅速划三至五条平行线」「每次划线前灼烧接种环是为了杀死上次划线结束后接种环上残留的菌种」——平板划线法操作步骤（分离单菌落），属现绑『菌种分离纯化』。,slice-91
BIOLOGY,微生物的培养,bio-mo-fermentation-026,微生物的培养,,KEEP,「用稀释涂布平板法统计的菌落数往往比活菌的实际数目少」「统计结果一般用菌落数而不是用活菌数来表示」——活菌计数的误差方向，属现绑。,slice-91
BIOLOGY,微生物的培养,bio-mo-fermentation-027,微生物的培养,血细胞计数板,REBIND,「利用显微镜进行直接计数，也是一种常用的、快速直观的测定微生物数量的方法」「利用特定的细菌计数板或血细胞计数板…统计的结果一般是活菌数和死菌数的总和」——与『血细胞计数板』已收《显微镜直接计数法的原理、工具与优缺点》同一知识点。,slice-91
BIOLOGY,微生物的培养,bio-mo-fermentation-028,微生物的培养,血细胞计数板,REBIND,「细菌计数板和血细胞计数板的计数原理相同」「血细胞计数板比细菌计数板厚，常用于相对较大的酵母菌细胞、霉菌孢子等的计数」——与『血细胞计数板』已收《细菌计数板与血细胞计数板的比较》同一知识点（近逐句相同）。,slice-91
BIOLOGY,微生物的培养,bio-mo-fermentation-030,微生物的培养,,KEEP,「取0.1mL菌液，滴加到培养基表面」「将涂布器浸在盛有酒精的烧杯中」「用涂布器将菌液均匀地涂布在培养基表面」——稀释涂布平板法操作，属现绑。,slice-91
BIOLOGY,微生物的培养,bio-mo-fermentation-031,微生物的培养,,KEEP,「刚果红与纤维素形成红色复合物；而当纤维素被纤维素分解菌分解后，复合物就无法形成，培养基中会出现以这些菌为中心的透明圈」——刚果红筛选的染色原理，属现绑。,slice-91
BIOLOGY,微生物的培养,bio-mo-fermentation-032,微生物的培养,无菌技术,REBIND,「第一次操作：杀死接种环上原有的微生物；每次划线之前：杀死上次划线后接种环上残留的菌种…划线结束：杀死接种环上残存的菌种」——与『无菌技术』已收《平板划线中多次灼烧接种环的目的》同一知识点（三时点近乎相同）。,slice-91
BIOLOGY,微生物的培养,bio-mo-fermentation-033,微生物的培养,无菌技术,REBIND,「划线操作在酒精灯火焰旁进行」「接种环蘸取菌液前后，要将试管口通过火焰」「将培养皿的皿盖打开一条缝隙…划线后及时盖上皿盖」——与『无菌技术』已收《平板划线法与纯培养相关易错点》“防止杂菌污染需从接种环灼烧、火焰旁操作、试管口过火、及时盖皿盖等多方面入手”同一知识点。,slice-91
BIOLOGY,微生物的培养,bio-mo-fermentation-034,微生物的培养,,KEEP,「平板上的一个菌落一般来源于样品稀释液中的一个活菌」「当两个或多个细胞连在一起时，平板上观察到的只是一个菌落」——活菌计数的原理与误差，属现绑。,slice-91
BIOLOGY,微生物的培养,ext-bio-1e2cbd06a1-011,微生物的培养,,KEEP,「通过接种环在固体培养基表面连续划线的操作，将聚集的菌种逐步稀释分散到培养基表面，经数次划线后培养可以分离得到单菌落」「未接种的平板作为对照组」——平板划线法原理与结果，属现绑。,slice-91
BIOLOGY,微生物的培养,ext-bio-5b6cb16a7f-015b,微生物的培养,,KEEP,「取0.1 mL菌液 涂布于平板上 同一稀释度至少设置3个平板」「对菌落数在30到300的平板进行计数 并计算平均菌落数」——活菌计数步骤为主（诱变育种仅为背景），属现绑『微生物的培养』（计数）。,slice-91
BIOLOGY,微生物的培养,ext-bio-5f510cdc4a-1722,微生物的培养,,KEEP,「通过接种环在固体培养基表面连续划线的操作，将聚集的菌种逐步稀释分散到培养基的表面，经数次划线后培养，可以分离得到单菌落」——平板划线法的原理与操作要点，属现绑。,slice-91
BIOLOGY,微生物的培养,ext-bio-5f510cdc4a-1723,微生物的培养,,KEEP,「将菌液进行一系列的梯度稀释，然后将不同稀释度的菌液分别涂布到琼脂固体培养基的表面进行培养」「聚集在一起的微生物将分散成单个细胞」——稀释涂布平板法原理与程序，属现绑。,slice-91
BIOLOGY,微生物的培养,ext-bio-5f510cdc4a-2047b,微生物的培养,,KEEP,「平板划线法和稀释涂布平板法：对微生物进行分离或计数；其中平板划线法不能用于计数，计数需用稀释涂布平板法」——两法分工，属现绑『菌种分离纯化』及其计数。,slice-91
BIOLOGY,微生物的培养,ext-bio-75f7cbbf0f-007,微生物的培养,,KEEP,「培养基表面生长的一个单菌落来源于样品稀释液中的一个活菌，通过统计菌落数可推测活菌数」「一般选择菌落数为30～300的平板进行计数」——稀释涂布平板法计数活菌，属现绑。,slice-91
BIOLOGY,微生物的培养,ext-bio-75f7cbbf0f-008,微生物的培养,,KEEP,「涂布时取0.1mL菌液滴加于培养基表面，涂布器经酒精浸泡、灼烧、冷却后均匀涂布」「刚果红与纤维素形成红色复合物」——稀释涂布操作与刚果红鉴定，属现绑。,slice-91
BIOLOGY,微生物的培养,ext-bio-7a43472d8b-020,微生物的培养,,KEEP,「分散的微生物（单一个体）在适宜的固体培养基表面或内部可以繁殖形成肉眼可见的…子细胞群体即菌落」「获得单菌落的方法有平板划线法和稀释涂布平板法」——菌落概念与获得单菌落，属现绑。,slice-91
BIOLOGY,微生物的培养,ext-bio-7a43472d8b-022,微生物的培养,,KEEP,「通过接种环在固体培养基表面连续划线，把微生物分散或稀释，使其生长繁殖形成单个菌落」「若出现不同形态菌落，可能因菌种不纯或无菌操作不规范」——平板划线法原理与结果分析，属现绑。,slice-91
BIOLOGY,微生物的培养,ext-bio-7a43472d8b-027,微生物的培养,,KEEP,「接种环只蘸取一次菌液，在培养基不同位置连续划线多次」「划线首尾不能相接，以便使线条末端菌种数目逐步减少」——划线操作与分离原理为主，④倒置培养为辅，整体仍属现绑『菌种分离纯化』。,slice-91
BIOLOGY,微生物的培养,ext-bio-7a43472d8b-056,微生物的培养,,KEEP,「分解尿素的细菌分泌脲酶，将尿素水解为氨，使培养基碱性增强」「加入酚红指示剂，若指示剂变红，说明该菌能分解尿素」——分解尿素菌的鉴定（指示剂鉴别），属现绑。,slice-91
BIOLOGY,微生物的培养,ext-bio-7a43472d8b-057,微生物的培养,,KEEP,「纤维素能与刚果红形成红色复合物，而其水解产物纤维二糖、葡萄糖不能与刚果红形成红色复合物」「若菌落周围出现透明圈，说明该菌能分解纤维素」——刚果红鉴定与透明圈，属现绑。,slice-91
BIOLOGY,微生物的培养,ext-bio-7a43472d8b-059,微生物的培养,,KEEP,「取一定体积水样经细菌过滤器过滤，使大肠杆菌截留在滤膜上」「将滤膜移到伊红-美蓝培养基上培养，大肠杆菌菌落呈黑色，据此计数」——滤膜法属微生物计数与鉴定，现绑已收含该法的《微生物的计数方法…》。,slice-91
BIOLOGY,微生物的培养,ext-bio-8c5f3169c5-015b,微生物的培养,,KEEP,「稀释涂布平板法统计的是活菌数目（只有活菌才能形成菌落）；细菌计数板统计的是总菌数（死菌、活菌都被计入）」——两法比较，现绑已收《微生物计数两法的原理与结果偏差》等同族。,slice-91
BIOLOGY,微生物的培养,ext-bio-8c5f3169c5-017c,微生物的培养,,KEEP,「在含刚果红和纤维素的培养基中培养细菌，细菌产生的纤维素酶将纤维素分解，使菌落周围形成透明圈」「应使用以纤维素为唯一碳源的选择培养基」——刚果红筛选纤维素分解菌，现绑边界明列该方法。,slice-91
BIOLOGY,微生物的培养,ext-bio-b40cdc0a76-004,微生物的培养,,KEEP,「把各突变体均匀划线接种到含有少量终产物的培养基上 观察交界处的生长情况」「可推出第三个能提供更靠前的中间产物 从而确定酶的作用顺序」——突变体互补实验定位酶序，属现绑『微生物的培养』（筛选与鉴定）。,slice-91
BIOLOGY,微生物的培养,ext-bio-b40cdc0a76-007,微生物的培养,,KEEP,「每克土样中的活菌数等于某一稀释度下平板的平均菌落数除以涂布的稀释液体积 再乘以稀释倍数」「涂布的稀释液体积为0.1 mL 计算时必须代入」——活菌数计算，属现绑。,slice-91
BIOLOGY,微生物的培养,ext-bio-b40cdc0a76-008b,微生物的培养,,KEEP,「分别接种至培养基（以目标物为唯一碳源）上 参考生长状况筛选出一系列突变菌株」「用“添加不同中间产物后能否生长”来判断该突变株缺失的酶」——唯一碳源选择培养基筛选突变株，属现绑。,slice-91
BIOLOGY,微生物的培养,ext-bio-b40cdc0a76-009b,微生物的培养,,KEEP,「某培养基以萘为唯一碳源 不能利用萘的菌株不能存活 故该培养基为选择培养基」「培养基Ⅱ需满足“突变菌株X不能生长 而突变菌株X加候选基因可以生长”」——选择培养基识别与互补验证，属现绑。,slice-91
BIOLOGY,性染色体的传递规律,ext-bio-7c44b1b379-022,性染色体的传递规律,伴性遗传的特点及应用,REBIND,「染色体数目决定：如蚂蚁和蜜蜂，雄性染色体数目为体细胞的一半」「环境决定：如鳄鱼和一些龟类的性别由受精后的温度决定」——通篇性别决定方式总表，与目标边界的性别决定类型及典型生物表逐条对应；现绑只讲X/Y染色体传递。,slice-91
BIOLOGY,性状分离比,bio-kb2-15-genetic-terms,性状分离比,遗传学核心概念与术语,REBIND,「相对性状：一种生物同一性状的不同表现类型」「性状分离：杂种后代中同时出现显性性状和隐性性状的现象」「纯合子：遗传因子组成相同的个体」——通篇术语定义；目标节点边界正讲『相对性状』三要素与『纯合子与杂合子只看遗传因子组成』。,slice-91
BIOLOGY,性状分离比,ext-bio-243272e045-003,性状分离比,,KEEP,「①每一对相对性状只受一对等位基因控制」「②所有后代处于比较一致的环境中」「③每一代不同类型的配子都能正常发育，且不同配子结合机会相同」——9∶3∶3∶1出现条件；现绑边界含『比例偏离时需结合具体情境分析』（备选『自由组合定律的内容』，见备注）。,slice-91
BIOLOGY,性状分离比,ext-bio-93ef78797d-003,性状分离比,,KEEP,「③每一代不同类型的配子都能正常发育，且不同配子结合机会相同」「④供实验的群体要足够大」——3∶1出现条件；现绑别名逐字含『杂合子自交后代出现3∶1的条件（第21讲）』，边界『符合分离定律的遗传不一定出现特定分离比』正对本题。,slice-91
BIOLOGY,成熟植物细胞的吸水和失水,bio-kb3-f4-s31-n09,成熟植物细胞的吸水和失水,,KEEP,「选择的实验材料必须是新鲜的洋葱，以保证细胞膜具有选择透过性」「要用含有大液泡的植物细胞」——实验选材与注意事项，正合现绑『成熟植物细胞的吸水和失水』边界所列探究实验的材料与操作要点（节点内已有同名材料）。,slice-91
BIOLOGY,成熟植物细胞的吸水和失水,bio-kb3-f4-s31-n10,成熟植物细胞的吸水和失水,,KEEP,「(2)滴加蔗糖溶液或清水时，应在载物台上操作，通过前后对比观察」「(3)选用的蔗糖溶液浓度要适宜」——实验操作与蔗糖浓度注意事项，属现绑该实验节点，节点内已有同名材料。,slice-91
BIOLOGY,成熟植物细胞的吸水和失水,ext-bio-0770685097-029,成熟植物细胞的吸水和失水,,KEEP,「结论：植物细胞的原生质层相当于一层半透膜，植物细胞也是通过渗透作用吸水和失水的」「两个过程构成前后自身对照」——实验结论与对照分析；现绑节点已收《实验结论（一）》《实验结论（二）》《原生质层在成熟的植物细胞内相当于半透》，保留。,slice-91
BIOLOGY,成熟植物细胞的吸水和失水,ext-bio-1192bb0347-022,成熟植物细胞的吸水和失水,质壁分离,REBIND,「应用一：判断成熟植物细胞的死活——能发生质壁分离的是活细胞」「应用二：测定细胞液浓度范围」——质壁分离与复原实验的应用；『质壁分离』已收《质壁分离与复原实验的拓展应用》《加清水复原实验鉴别平衡与死亡》，现绑节点族内无应用条目。,slice-91
BIOLOGY,成熟植物细胞的吸水和失水,ext-bio-362fa1edab-022,成熟植物细胞的吸水和失水,,KEEP,「原生质层等于细胞膜加液泡膜加两层膜之间的细胞质；原生质体等于植物细胞去掉细胞壁后的部分」——原生质层与原生质体辨析；现绑节点已收《原生质层在成熟的植物细胞内相当于半透》《植物细胞的质壁分离与复原分析模型》同类表述，保留（备选『质壁分离』边界明写原生质层概念区分）。,slice-91
BIOLOGY,成熟植物细胞的吸水和失水,ext-bio-362fa1edab-034,成熟植物细胞的吸水和失水,质壁分离,REBIND,「从细胞角度：死细胞和动物细胞不发生质壁分离」「从溶液角度：溶质不能穿膜时发生质壁分离但不能自动复原；溶质可穿膜时（如KNO3、甘油）发生质壁分离后可自动复原」——质壁分离发生条件判断；『质壁分离』已收《质壁分离实验的适用条件》《质壁分离后能否自动复原的三类溶液》，现绑节点族内无此内容。,slice-91
BIOLOGY,成熟植物细胞的吸水和失水,ext-bio-5f510cdc4a-376,成熟植物细胞的吸水和失水,,KEEP,「一般选择具有中央液泡且液泡带有颜色的细胞（如紫色洋葱鳞片叶外表皮细胞）作为实验材料，以便于观察」——实验选材标准，与现绑节点内《注意事项（一）》的选材条目同族，保留。,slice-91
BIOLOGY,成熟植物细胞的吸水和失水,ext-bio-c7112353f5-012,成熟植物细胞的吸水和失水,,KEEP,「原生质层：细胞膜和液泡膜以及两层膜之间的细胞质」「细胞液有一定浓度，能与外界溶液形成浓度差」——原生质层组成与渗透条件；现绑节点已收《成熟的植物细胞》《原生质层在成熟的植物细胞内相当于半透》，保留（备选『质壁分离』已收同名《原生质层的组成与功能》）。,slice-91
BIOLOGY,成熟植物细胞的吸水和失水,ext-bio-c7112353f5-021,成熟植物细胞的吸水和失水,,KEEP,「盐渍糖渍食品不易变质：食品外形成高浓度溶液，使微生物失水过多而死亡」「施肥过多造成烧苗：土壤溶液浓度高于细胞液，细胞失水发生质壁分离」——渗透原理的生活应用，以植物细胞吸水失水为例；库内无专收该族节点，现绑节点可收，保留。,slice-91
BIOLOGY,成熟植物细胞的吸水和失水,ext-bio-f0a380006b-012,成熟植物细胞的吸水和失水,质壁分离,REBIND,「① 判断成熟植物细胞的死活」「② 测定细胞液浓度范围」「③ 鉴别不同种类的溶液（如KNO₃溶液和蔗糖溶液）」——四条均为质壁分离实验的拓展应用；『质壁分离』已收《质壁分离与复原实验的拓展应用》《质壁分离实验的拓展应用》等同题材料，现绑节点族内无应用条目。,slice-91
BIOLOGY,技巧-实验数据-与-9-3-3-1及其变式-间的转化方法,bio-exp-thalassemia-interpretation,技巧-实验数据-与-9-3-3-1及其变式-间的转化方法,遗传系谱图和电泳图谱分析,REBIND,「限制酶图谱：用限制酶切割（沿位点切开）不同个体（靶序列含/不含）→产生不同片段长度」「DNA 带负电、沿电场从负极向正极；片段小跑得更快（条带下端）」「突变（缺失/插入）区带的迁移位置不同→基因型/带型判断」——通篇为酶切图谱＋电泳条带判读基因型；kit-25/kit-40 同型判例即改绑该节点。,slice-91
BIOLOGY,技巧-实验数据-与-9-3-3-1及其变式-间的转化方法,bio-lethal-aabb-double-recessive-9-3-3,技巧-实验数据-与-9-3-3-1及其变式-间的转化方法,个体或配子致死问题的处理-规律方法,REBIND,「aabb 致死→F2 A_B_ : A_bb : aaB_ = 9 : 3 : 3」「测交 1:1:1」——隐性纯合致死造成的比例缺失，正合目标节点边界表『隐性纯合致死｜9:3:3(aabb致死）』；现绑变式节点未列此型。,slice-91
BIOLOGY,技巧-实验数据-与-9-3-3-1及其变式-间的转化方法,bio-lethal-single-recessive-9-3-1,技巧-实验数据-与-9-3-3-1及其变式-间的转化方法,个体或配子致死问题的处理-规律方法,REBIND,「aa（或 bb）致死→F2 A_B_ : A_bb : aaB_ = 9 : 3 : 1（或对称形式）；测交 1:1:1」——通篇隐性致死对分离比的影响；靶节点『个体或配子致死问题的处理(规律方法)』（34条）专收致死规律，现绑『9∶3∶3∶1变式』边界为和为16的变式表，不含致死。,slice-91
BIOLOGY,技巧-实验数据-与-9-3-3-1及其变式-间的转化方法,bio-location-by-selfing-testcross-ratios,技巧-实验数据-与-9-3-3-1及其变式-间的转化方法,自由组合定律的解题规律及方法,REBIND,「1:1:1:1→两对基因位于非同源染色体（自由组合测交）」「偏离 16 系→连锁或致死」——由自交/测交比例反推基因对数与是否连锁，正合目标节点别名『n对等位基因的遗传规律与基因对数判断』『由子代比例反推基因对数（拆分法）』；现绑只讲变式比例表。,slice-91
BIOLOGY,技巧-实验数据-与-9-3-3-1及其变式-间的转化方法,bio-selfing-each-generation-formula,技巧-实验数据-与-9-3-3-1及其变式-间的转化方法,自交和自由交配的概率计算,REBIND,「杂合子比例 1/2，纯合子（DD+dd）比例 1/2」「表现型比例（完全显性）：3 显 : 1 隐」——Dd 自交的杂合/纯合比例，正合目标节点边界表『杂合子｜纯合子｜…所占比例』；现绑为两对基因变式。,slice-91
BIOLOGY,技巧-实验数据-与-9-3-3-1及其变式-间的转化方法,ext-bio-8c5f3169c5-010,技巧-实验数据-与-9-3-3-1及其变式-间的转化方法,,KEEP,「看到自交子代中某隐性纯合类型（如 $aabb$）占 1/16」「据此可判定两对等位基因独立遗传」——由1/16=1/4×1/4反推双杂合自交与独立遗传，现绑别名逐字收录本条标题（边界争议见 notes）。,slice-91
BIOLOGY,技巧-实验数据-与-9-3-3-1及其变式-间的转化方法,ext-bio-92da75f520-011,技巧-实验数据-与-9-3-3-1及其变式-间的转化方法,,KEEP,「表现：A与B的作用效果相同，显性基因越多效果越强」「因此9比3比3比1变化为1比4比6比4比1」——累加效应（1:4:6:4:1）正合现绑边界『累加效应表型分析原理』，别名亦逐字收录本条标题。,slice-91
BIOLOGY,技巧-实验数据-与-9-3-3-1及其变式-间的转化方法,ext-bio-9f2a9cc9b9-005,技巧-实验数据-与-9-3-3-1及其变式-间的转化方法,,KEEP,「两对相对性状实验的 9:3:3:1 数量比是 $(3:1)^2$ 的展开式」「两对相对性状的遗传结果是两对独立遗传结果 (3:1) 的乘积」——9:3:3:1 与 (3:1) 的联系即现绑节点核心，别名逐字收录本条标题。,slice-91
BIOLOGY,技巧-实验数据-与-9-3-3-1及其变式-间的转化方法,ext-bio-acffd40782-026,技巧-实验数据-与-9-3-3-1及其变式-间的转化方法,,KEEP,「若F2中某对性状的分离比接近15比1，即为9比3比3比1的变式」「技巧点拨：两对等位基因控制的性状，若子代表型比例之和为16」——15:1变式与按A_B_/A_bb/aaB_/aabb归类求比例，属现绑『变式的转化方法』。,slice-91
BIOLOGY,技巧-实验数据-与-9-3-3-1及其变式-间的转化方法,ext-bio-f30a783d56-039,技巧-实验数据-与-9-3-3-1及其变式-间的转化方法,,KEEP,「9∶3∶3∶1对应(Aa与Aa)(Bb与Bb)，亲本为AaBb与AaBb」「1∶1∶1∶1对应(Aa与aa)(Bb与bb)」——由特征比例反推亲本基因型（特殊比例），现绑别名逐字收录本条标题。,slice-91
BIOLOGY,捕获光能的色素和结构,bio-fj-02-mg-chlorophyll-not-carotene,捕获光能的色素和结构,,KEEP,「Mg2+是叶绿素的重要组成成分」「类胡萝卜素（叶黄素、胡萝卜素）不含Mg」——色素的元素组成与种类，属现绑『捕获光能的色素和结构』边界的“色素的种类、分布、功能”。,slice-91
BIOLOGY,捕获光能的色素和结构,bio-fj-10-chlorophyll-a-b-absorption-bands,捕获光能的色素和结构,,KEEP,「叶绿素a红光吸收带偏向长波方向，且吸收带较宽」「叶绿素b在蓝紫光部分的吸收带比叶绿素a宽」——色素吸收光谱差异，属现绑边界“色素的…吸收光谱”。,slice-91
BIOLOGY,捕获光能的色素和结构,bio-fj-10-magnesium-chlorosis,捕获光能的色素和结构,,KEEP,「Mg是叶绿素的组成元素，缺Mg叶绿素合成受阻，叶片显类胡萝卜素的颜色」——色素与叶绿素合成的影响因素；现绑别名即『缺镁与黑暗培养叶片黄化的原因』。,slice-91
BIOLOGY,捕获光能的色素和结构,bio-kb3-f4-s46-n01,捕获光能的色素和结构,,KEEP,「光合作用是唯一能够捕获和转化光能的生物学途径」——光合作用意义；现绑边界末句即“并涉及光合作用的意义”（同源知识清单4该节各块同绑）。,slice-91
BIOLOGY,捕获光能的色素和结构,bio-kb3-f4-s46-n02,捕获光能的色素和结构,,KEEP,「叶片呈现绿色的原因：叶片中有绿色的色素」——色素的功能；现绑别名即『叶片呈现绿色的原因』，属现绑『捕获光能的色素和结构』。,slice-91
BIOLOGY,捕获光能的色素和结构,bio-kb3-f4-s46-n06,捕获光能的色素和结构,,KEEP,「色素带的条数与色素种类有关，四条色素带说明有四种色素」「色素带最宽(色素含量最多)的是叶绿素a」——色素分离的结果分析，正在现绑边界『介绍色素的提取与分离方法』内，保留。,slice-91
BIOLOGY,捕获光能的色素和结构,bio-kb3-f4-s46-n07,捕获光能的色素和结构,,KEEP,「相邻两条色素带之间距离最远的是胡萝卜素和叶黄素，最近的是叶绿素a和叶绿素b」——色素带分离结果，属现绑节点，保留。,slice-91
BIOLOGY,捕获光能的色素和结构,bio-kb3-f5-s5-4-1-n02,捕获光能的色素和结构,,KEEP,「无水乙醇：溶解色素；SiO2：有助于研磨得充分；CaCO3：防止研磨中色素被破坏」——色素提取的试剂作用，属现绑『捕获光能的色素和结构』（同源替代试剂块同绑）。,slice-91
BIOLOGY,捕获光能的色素和结构,bio-kb3-f5-s5-4-1-n03,捕获光能的色素和结构,,KEEP,「无水乙醇也可以用体积分数为95%的乙醇加入适量的无水碳酸钠来代替」——色素提取的试剂替代做法，属现绑边界的“色素的提取与分离方法”。,slice-91
BIOLOGY,捕获光能的色素和结构,bio-kb3-f5-s5-4-1-n04,捕获光能的色素和结构,,KEEP,「层析液是由60～90℃下分馏出来的石油醚、丙酮、苯，按照20：2：1的比例混合而成」——色素分离用层析液的配制，属现绑节点，保留。,slice-91
BIOLOGY,捕获光能的色素和结构,bio-kb3-f5-s5-4-1-n06,捕获光能的色素和结构,,KEEP,「叶绿素主要吸收蓝紫光和红光光，含量约占3/4；类胡萝卜素主要吸收蓝紫光光，含量约占1/4」——色素含量与吸收光谱，属现绑。,slice-91
BIOLOGY,捕获光能的色素和结构,bio-kb3-f5-s5-4-1-n07,捕获光能的色素和结构,,KEEP,「层析时，不能让滤液细线触及层析液，原因是防止滤液细线中的色素被层析液溶解，而不能在滤纸上扩散」——色素分离的操作要点，属现绑节点，保留。,slice-91
BIOLOGY,捕获光能的色素和结构,bio-kb3-f5-s5-4-1-n08,捕获光能的色素和结构,,KEEP,「一般情况下，光合作用所利用的光都是可见光光，波长是400-760nm」——可见光波段，属现绑边界的色素吸收光谱背景（同源知识清单5该节余块同绑此节点）。,slice-91
BIOLOGY,捕获光能的色素和结构,bio-kb3-f5-s5-4-1-n10,捕获光能的色素和结构,,KEEP,「在光学显微镜下可以看到叶肉细胞中的叶绿体一般呈扁平的椭球形或球形」——叶绿体的形态（现绑节点名含『结构』）；『叶绿体』『用高倍显微镜观察叶绿体和细胞质的流动』为近邻备选，拿不准保留。,slice-91
BIOLOGY,捕获光能的色素和结构,bio-kb3-f5-s5-4-1-n12,捕获光能的色素和结构,,KEEP,「温室大棚适合用无色透明的玻璃、塑料薄膜；阴天选择红色或蓝紫色的照明灯补充光源」——色素吸收光谱的生产应用；『影响光合作用强度的环境因素』另有『大棚薄膜颜色对光合速率的影响』，两节点重叠故保留。,slice-91
BIOLOGY,捕获光能的色素和结构,bio-kb3-f5-s5-4-1-n13,捕获光能的色素和结构,,KEEP,「恩格尔曼实验选用水绵的优点是水绵的叶绿体呈螺旋带状分布，大而明显，便于观察」——恩格尔曼实验的选材理由，现绑节点已收该题，保留。,slice-91
BIOLOGY,捕获光能的色素和结构,bio-kb3-f5-s5-4-1-n14,捕获光能的色素和结构,,KEEP,「恩格尔曼实验要在没有空气的黑暗环境中进行的原因：黑暗是为了排除光照干扰；」「无空气是为了排除空气中氧气的干扰」——恩格尔曼实验（教材即置于『捕获光能的色素和结构』小节）；『探索光合作用原理的部分实验』边界只列水的光解、同位素示踪O₂来源与CO₂碳途径，未列该实验，拿不准保留。,slice-91
BIOLOGY,捕获光能的色素和结构,ext-bio-531bf95a49-011,捕获光能的色素和结构,,KEEP,「可见光的波长是400~760nm」「一般情况下光合作用所利用的光都是可见光」——可见光与光谱；现绑节点别名即『可见光与光谱』，属色素吸收光谱背景。,slice-91
BIOLOGY,捕获光能的色素和结构,ext-bio-5f510cdc4a-2050,捕获光能的色素和结构,,KEEP,「研磨：先把生物材料切碎，然后加入摩擦剂（常用二氧化硅）、提取液及其他必要物质，充分研磨」「绿叶中色素的提取和分离实验中研磨液的过滤选用的是单层尼龙布」——色素提取的研磨与过滤操作；『生物学实验技术与方法』为近邻备选，拿不准保留。,slice-91
BIOLOGY,捕获光能的色素和结构,ext-bio-5f510cdc4a-2052,捕获光能的色素和结构,,KEEP,「原理：纸层析法利用物质随层析液在滤纸条上的扩散速度不同的原理来达到将物质分离的目的」「②层析液不能触及滤液细线」——色素分离的纸层析技术，正在现绑边界内，保留。,slice-91
BIOLOGY,捕获光能的色素和结构,ext-bio-a40be6ced4-005,捕获光能的色素和结构,,KEEP,「材料用水绵和需氧细菌：水绵的叶绿体呈螺旋带状分布便于观察」「结论是O2由叶绿体在光照条件下释放出来」——恩格尔曼实验属现绑『捕获光能的色素和结构』；但它同时散见于『探索光合作用原理的部分实验』（7条）与『叶绿体』（5条），口径不唯一故保留。,slice-91
BIOLOGY,捕获光能的色素和结构,ext-bio-f7bf8a79a5-009,捕获光能的色素和结构,,KEEP,「制备滤纸条：干燥滤纸并剪去两角，目的是减少边缘效应」「待滤液干后重复1至2次，以积累更多色素」——色素提取与分离操作要点，属现绑『捕获光能的色素和结构』。,slice-91
BIOLOGY,捕获光能的色素和结构,ext-bio-f7bf8a79a5-027,捕获光能的色素和结构,色素,REBIND,「吸收红光和蓝紫光的绿藻分布浅层，吸收蓝紫光和绿光的褐藻在中层，吸收蓝紫光的红藻在深层」——藻类对不同光质的适应；『色素』边界明写“讨论藻类对不同光质的适应”，且『藻类色素种类与海水深度分布』等三条同类已在该节点，现绑节点无此族。,slice-91
BIOLOGY,探究动植物生命活动调节实验的思路与方法,bio-mo-plant-hormone-003,探究动植物生命活动调节实验的思路与方法,生长素,REBIND,「单侧光刺激时，胚芽鞘尖端感受单侧光刺激，并将产生的生长素在尖端先横向运输，再向下极性运输，从而使背光侧生长素分布得多」——向光性原理；『生长素』已收『植物向光性的原因与生长素的合成、分布和运输』『植物的向光性及其两个原因解释』同族材料。,slice-91
BIOLOGY,探究动植物生命活动调节实验的思路与方法,bio-mo-plant-hormone-005,探究动植物生命活动调节实验的思路与方法,生长素的极性运输,REBIND,「生长素主要的合成部位是芽、幼嫩的叶和发育中的种子」「色氨酸经过一系列反应可转变成生长素」——合成部位与运输方式；『生长素的极性运输』已收『生长素的合成部位、运输方式与分布』『生长素的合成、运输与分布』同族材料。,slice-91
BIOLOGY,探究动植物生命活动调节实验的思路与方法,bio-mo-plant-hormone-006,探究动植物生命活动调节实验的思路与方法,生长素的极性运输,REBIND,「生长素相对集中分布在生长旺盛的部位，如胚芽鞘、芽和根尖的分生组织、形成层、发育中的种子和果实等处」——生长素的分布；『生长素的极性运输』已收『生长素的运输方式与分布』『生长素的合成、运输与分布』同族材料。,slice-91
BIOLOGY,探究动植物生命活动调节实验的思路与方法,bio-mo-plant-hormone-008,探究动植物生命活动调节实验的思路与方法,植物生长素及其生理作用,REBIND,「生长素首先与生长素受体特异性结合，引发细胞内发生一系列信号转导过程，进而诱导特定基因的表达」——生长素的作用机制；『植物生长素及其生理作用』已收『生长素的生理作用与作用机制』『生长素的生理作用、作用方式与作用机制』同族材料。,slice-91
BIOLOGY,探究动植物生命活动调节实验的思路与方法,bio-mo-plant-hormone-009,探究动植物生命活动调节实验的思路与方法,其他植物激素,REBIND,「生长素和生长激素仅有一字之差，但生长素属于植物激素，生长激素属于动物激素」「对植物激素和动物激素可通过下表比较记忆」——植物激素与动物激素的辨析；『其他植物激素』已收『植物激素的定义、作用方式及与动物激素的比较』同族材料。,slice-91
BIOLOGY,探究动植物生命活动调节实验的思路与方法,bio-mo-plant-hormone-010,探究动植物生命活动调节实验的思路与方法,其他植物激素,REBIND,「植物激素——分泌部位：植物特定部位产生，无特定的分泌器官；化学本质：一般是小分子物质」「动物激素——分泌部位：有特定的内分泌腺」——全条是植物激素与动物激素的比较；『其他植物激素』已收『植物激素的定义、作用方式及与动物激素的比较』同族材料。,slice-91
BIOLOGY,探究动植物生命活动调节实验的思路与方法,bio-mo-plant-hormone-011,探究动植物生命活动调节实验的思路与方法,生长素的两重性,REBIND,「凡生长状况差于对照组者可谓生长受抑制」「抑制生长并非不生长，只是生长慢于对照组」——促进与抑制的辨析；『生长素的两重性』已收『生长素作用的两重性与促进/抑制的辨析』同族材料。,slice-91
BIOLOGY,探究动植物生命活动调节实验的思路与方法,bio-mo-plant-hormone-012,探究动植物生命活动调节实验的思路与方法,生长素的极性运输,REBIND,「极性运输是指只能从形态学上端（远基端）向形态学下端（近基端）运输」——极性运输定义；『生长素的极性运输』同名节点，边界即“从形态学上端向下端的运输，属于主动运输”。,slice-91
BIOLOGY,探究动植物生命活动调节实验的思路与方法,bio-mo-plant-hormone-015,探究动植物生命活动调节实验的思路与方法,生长素的两重性,REBIND,「曲线中HC段表明随生长素浓度升高，促进生长作用减弱，但仍为促进生长的浓度，不是抑制浓度」——生长素浓度曲线的判读；『生长素的两重性』已收『生长素作用的浓度曲线与器官敏感性』同族材料。,slice-91
BIOLOGY,探究动植物生命活动调节实验的思路与方法,bio-mo-plant-hormone-016,探究动植物生命活动调节实验的思路与方法,生长素的两重性,REBIND,「植物的顶端优势：生长素对顶芽表现为促进作用，对侧芽表现为抑制作用」「根的向地性：近地侧高浓度的生长素表现为抑制作用」——两重性实例；『生长素的两重性』已收『两重性在向光性、顶端优势等实际现象中的判断』同族材料。,slice-91
BIOLOGY,探究动植物生命活动调节实验的思路与方法,ext-bio-1e026c8a5a-018,探究动植物生命活动调节实验的思路与方法,,KEEP,「加法原理：与常态比较，人为增加某种影响因素，如用饲喂法研究甲状腺激素、用注射法研究胰岛素和生长激素、用移植法研究性激素」「两者都是为在实验中明确控制自变量」——自变量控制的加减法原理，属现绑边界“切除、注射、阉割、移植等方法…的实验思路”。,slice-91
BIOLOGY,探究动植物生命活动调节实验的思路与方法,ext-bio-2907715275-005c,探究动植物生命活动调节实验的思路与方法,,KEEP,「B 组先加入足量受体 M 阻断剂」「通用思路：把两种假设下的预期结果都写出，再与实测结果比对」——实验设计与结果预测思路，属现绑『探究动植物生命活动调节实验的思路与方法』。,slice-91
BIOLOGY,探究动植物生命活动调节实验的思路与方法,ext-bio-449af6bec2-004,探究动植物生命活动调节实验的思路与方法,,KEEP,「检测指标是**相同且适宜条件下萌发中的种子内对应激素的含量**」「实验组为**敲除 C 基因的 A-OE 株系的种子**，对照组为 A-OE 株系的种子」——以株系比较验证基因功能的实验设计，属现绑节点“生命活动调节实验的思路与方法”。,slice-91
BIOLOGY,探究动植物生命活动调节实验的思路与方法,ext-bio-8c5f3169c5-014b,探究动植物生命活动调节实验的思路与方法,,KEEP,「若施加外源激素后表现型恢复（如突变系乙不施赤霉素时不开花、施用赤霉素后开花），则该突变体为激素合成受阻突变」——用外源激素区分突变类型的实验判断方法，属现绑节点“激素功能验证的方法”。,slice-91
BIOLOGY,探究动植物生命活动调节实验的思路与方法,ext-bio-f66e8d6ea1-022,探究动植物生命活动调节实验的思路与方法,,KEEP,「班廷证实胰岛素由胰岛分泌的关键是通过结扎胰管让胰腺萎缩、残留胰岛」「通过抑制胰蛋白酶活性，直接提取到正常胰腺中的胰岛素」——研究激素功能的经典实验思路，属现绑边界“切除、注射、阉割、移植等方法验证激素功能的实验思路”。,slice-91
BIOLOGY,探究基因位于常染色体上还是x-y染色体同源区段上,bio-pedigree-dominant-location,探究基因位于常染色体上还是x-y染色体同源区段上,遗传系谱图的分析及概率的计算,REBIND,「女儿正常→常染色体显性」「父亲患病而女儿全部患病（男患者的母亲与女儿均病）→伴 X 染色体显性」——系谱法判断显性病基因位置；『遗传系谱图的分析及概率的计算』已收《由系谱图判断遗传方式的两类规则》《已确定显性时区分常染色体与伴X遗传》同族，现绑节点为杂交实验定位族。,slice-91
BIOLOGY,探究基因位于常染色体上还是x-y染色体同源区段上,bio-pedigree-recessive-location,探究基因位于常染色体上还是x-y染色体同源区段上,遗传系谱图的分析及概率的计算,REBIND,「患病无性别差异→常染色体隐性」「隔代交叉遗传（男患者的致病基因来自母亲、传给女儿）→伴 X 染色体隐性」——系谱法定位隐性病；『遗传系谱图的分析及概率的计算』已收《由系谱图判断遗传方式的两类规则》（无性别差异→常隐、男多于女→伴X隐），现绑节点为实验定位族。,slice-91
BIOLOGY,探究酶的专一性-高效性相关实验,bio-kb3-f5-s5-1-n12,探究酶的专一性-高效性相关实验,,KEEP,「用淀粉酶对淀粉和蔗糖的水解作用来验证酶的专一性实验，可用斐林试剂检测产物，不能用碘液检测底物」——正是现绑节点所讲淀粉酶专一性实验的产物检测与试剂选择，保留。,slice-91
BIOLOGY,探究酶的专一性-高效性相关实验,ext-bio-cc2cdaecdd-023,探究酶的专一性-高效性相关实验,,KEEP,「自变量：水浴加热（90℃）、无机催化剂（FeCl3）和过氧化氢酶」「结论：酶和无机催化剂一样都能催化化学反应」——过氧化氢分解实验的变量与结论，属现绑高效性探究实验，保留。,slice-91
BIOLOGY,探究酶的专一性-高效性相关实验,ext-bio-eb575cd309-007,探究酶的专一性-高效性相关实验,,KEEP,「3与4对照说明过氧化氢酶比FeCl3的催化效率高」「酶的催化效率远高于无机催化剂」——过氧化氢分解对照实验即现绑节点的高效性探究面，别名已收同类材料，保留。,slice-91
BIOLOGY,探索光合作用原理的部分实验,bio-kb3-f4-s48-n02,探索光合作用原理的部分实验,光合作用,REBIND,「反应式：CO2＋H2O(CH2O)＋O2。」——即光合作用总反应式；现绑『探索光合作用原理的部分实验』只含探究历程经典实验，靶『光合作用』已收同题《光合作用的概念与总反应式》。,slice-91
BIOLOGY,探索光合作用原理的部分实验,ext-bio-752fa807bd-004,探索光合作用原理的部分实验,,KEEP,「1928年科学家发现甲醛对植物有毒害作用且甲醛不能通过光合作用转化成糖，从而否定了这一假说」——甲醛假说的提出与否定，现绑别名逐字含，保留。,slice-91
BIOLOGY,探索光合作用原理的部分实验,ext-bio-752fa807bd-005,探索光合作用原理的部分实验,,KEEP,「离体叶绿体在适当条件下发生水的光解、产生氧气的化学反应称为希尔反应」——希尔反应即现绑别名逐字，属探究历程经典实验，保留。,slice-91
BIOLOGY,探索光合作用原理的部分实验,ext-bio-f7bf8a79a5-039,探索光合作用原理的部分实验,,KEEP,「1954年阿尔农发现在光照下叶绿体可合成ATP」「该过程总是与水的光解相伴随」——阿尔农实验结论，现绑别名逐字含，属探究历程，保留。,slice-91
BIOLOGY,探索光合作用原理的部分实验,ext-bio-f7bf8a79a5-040,探索光合作用原理的部分实验,,KEEP,「20世纪50年代中期发现叶绿体中有天然电子受体NADP+，光照下NADP+得到电子和H+生成NADPH」「水是最终电子供体」——探究历程中NADP+的发现；别名逐字含，保留。,slice-91
BIOLOGY,无机盐,ext-bio-5f510cdc4a-215,无机盐,,KEEP,「镁是植物生长所必需的元素，它可参与植物体中叶绿素的合成。缺镁植物叶片合成叶绿素受阻，叶片发黄」——现绑别名逐字含『镁是叶绿素合成的必需元素』。,slice-91
BIOLOGY,无机盐,ext-bio-5f510cdc4a-219,无机盐,,KEEP,「质量分数为0.9%的NaCl溶液与人体内细胞直接生活的液体环境浓度接近。因此它能使细胞保持正常的形态结构和生理功能」——无机盐的功能实例；别名逐字含该题名。,slice-91
BIOLOGY,无氧呼吸,bio-fj-06-mature-red-blood-cell,无氧呼吸,细胞膜的结构和功能,REBIND,「无细胞器膜干扰，是提取纯净细胞膜的首选材料」「无线粒体，只能进行无氧呼吸，原料葡萄糖，产物乳酸」——哺乳动物成熟红细胞特点与制备细胞膜选材；『细胞膜的结构和功能』已收《哺乳动物成熟红细胞的结构与代谢特点》《制备细胞膜的材料选择与原理》同题族材料。,slice-91
BIOLOGY,无氧呼吸,bio-kb-storage-conditions-fruits-vs-seeds,无氧呼吸,细胞呼吸原理的应用,REBIND,「果蔬：零上低温、低氧、高CO2、适宜湿度（保水）」「种子：零上低温、低氧、高CO2、干燥」——储藏条件即细胞呼吸原理的应用；『细胞呼吸原理的应用』边界明言粮食储存与果蔬保鲜的依据，并收『果蔬与种子储存条件辨析』。,slice-91
BIOLOGY,无氧呼吸,ext-bio-035ebaef9d-007,无氧呼吸,,KEEP,「骨骼肌细胞：葡萄糖 → 丙酮酸 → 乳酸（无氧呼吸）」「肝细胞：乳酸 → 丙酮酸 → 葡萄糖（糖异生，需要消耗能量）」——乳酸循环的路径与解读，现绑别名逐字同名，无更贴合节点，保留。,slice-91
BIOLOGY,无菌技术,bio-fx-autoclave-notes,无菌技术,,KEEP,「冷空气完全排尽后开始加压，否则锅内温度达不到设定值」「压力降为零后再打开排气阀、开盖」——高压蒸汽灭菌操作要点，现绑别名逐字含，保留。,slice-91
BIOLOGY,无菌技术,bio-fx-disinfection-methods,无菌技术,,KEEP,「煮沸消毒法：100摄氏度煮沸5-6分钟」「紫外线消毒：破坏DNA结构，用于操作空间、空气消毒」——消毒方法，现绑别名逐字含『消毒的常用方法与对象』，保留。,slice-91
BIOLOGY,无菌技术,bio-fx-sterilization-methods,无菌技术,,KEEP,「灼烧灭菌：接种环、接种针、试管口等金属与耐燃物」「高压蒸汽灭菌：培养基、无菌水等，效果最强的湿热灭菌」——灭菌方法与适用对象，现绑别名逐字含，保留。,slice-91
BIOLOGY,无菌技术,ext-bio-1e2cbd06a1-008,无菌技术,,KEEP,「①定义：消毒是指使用较为温和的物理、化学或生物等方法杀死物体表面或内部一部分微生物」及巴氏、煮沸、紫外、化学药物消毒法——消毒定义与常用方法，别名逐字同题。,slice-91
BIOLOGY,无菌技术,ext-bio-1e2cbd06a1-009,无菌技术,,KEEP,「灭菌是指使用强烈的理化方法杀死物体内外所有的微生物，包括芽孢和孢子」及灼烧、干热、湿热三法——灭菌定义与方法，别名逐字同题。,slice-91
BIOLOGY,无菌技术,ext-bio-5f510cdc4a-1716,无菌技术,,KEEP,「消毒：使用较为温和的物理、化学或生物等方法杀死物体表面或内部一部分微生物」「灭菌：使用强烈的理化方法杀死物体内外所有的微生物，包括芽孢和孢子」——消毒与灭菌的区分及各自适用对象，正对现绑边界。,slice-91
BIOLOGY,无菌技术,ext-bio-5f510cdc4a-1725,无菌技术,,KEEP,「接种环只需一次灭菌，但要在培养基不同位置连续划线多次」「灼烧接种环之后要冷却后再进行操作」——平板划线法的灼烧目的与操作注意，现绑别名逐字含，保留。,slice-91
BIOLOGY,无菌技术,ext-bio-75f7cbbf0f-006,无菌技术,,KEEP,「从上一区末端开始划线，使细菌数目随划线次数增加而减少」「最终得到由单个细菌繁殖而来的菌落」——平板划线法的操作与灼烧目的（第1章·背诵），现绑别名逐字含，保留。,slice-91
BIOLOGY,无菌技术,ext-bio-7a43472d8b-014,无菌技术,,KEEP,「①煮沸消毒法：100℃煮沸 5~6 min」「②巴氏消毒法：62~65℃ 下消毒 30 min」「④紫外线消毒法：接种室…照射 30 min」——四种常用消毒法及适用对象，现绑核心即区分消毒与灭菌，别名逐字含「常用的消毒方法」。,slice-91
BIOLOGY,无菌技术,ext-bio-7a43472d8b-015,无菌技术,,KEEP,「高压蒸汽灭菌效果最好，条件为 100 kPa、121℃、15~30 min，工具为高压蒸汽灭菌锅，常用于培养基、无菌水」——属现绑节点的灭菌方法面，别名逐字含「湿热灭菌与高压蒸汽灭菌」。,slice-91
BIOLOGY,无菌技术,ext-bio-7a43472d8b-017,无菌技术,,KEEP,「将灭菌对象直接在酒精灯火焰的充分燃烧层灼烧，使微生物燃烧」「适用对象：微生物的接种工具，如涂布器、接种环、接种针」——灼烧灭菌的方法与适用对象，别名逐字同题。,slice-91
BIOLOGY,无菌技术,ext-bio-7a43472d8b-071,无菌技术,,KEEP,「第二次及之后每次划线前灼烧：杀死上次划线结束后接种环上残留的菌种」「使下次划线的菌种均来自上次划线的末端」——平板划线灼烧目的，现绑『无菌技术』别名中含同题材料，保留。,slice-91
BIOLOGY,暗反应,bio-fj-11-atp-source-destination,暗反应,,KEEP,「来源：有氧呼吸各阶段（第三阶段产生最多）、无氧呼吸第一阶段、光反应」「去路：各项生命活动的直接能源（并非唯一）、暗反应C3的还原」——现绑边界明写『并归纳ATP的来源与去路』，别名逐字收录本条。,slice-91
BIOLOGY,暗反应,bio-mo-cell-181,暗反应,,KEEP,「突然停止CO2，相关物质的量变化情况为：NADPH、ATP增加、C3下降、C5增加」——现绑别名逐字收录『突然停止CO2』，正合C3/C5变化分析通法。,slice-91
BIOLOGY,暗反应,ext-bio-04fac7cba4-029,暗反应,,KEEP,「光反应把光能转化为ATP和NADPH中的化学能」「光反应为暗反应提供ATP和NADPH；暗反应为光反应提供ADP、Pi和NADP+」——能量转化与两阶段相互联系，现绑别名逐字收录本条标题。,slice-91
BIOLOGY,暗反应,ext-bio-5f510cdc4a-557,暗反应,,KEEP,「NADPH和ATP的移动方向是类囊体薄膜→叶绿体基质」「作为还原剂参与暗反应中C₃的还原」——NADPH/ATP 移动方向与作用属光反应—暗反应衔接，现绑别名逐字收录。,slice-91
BIOLOGY,暗反应,ext-bio-752fa807bd-011,暗反应,,KEEP,「1964年以后美国科学家卡尔文用^14C标记的^14CO2供小球藻进行光合作用」「探明了CO2中的C的去向，称为卡尔文循环」——同位素标记探明CO2碳去向，现绑别名『卡尔文循环：CO2中碳的去向』收录。,slice-91
BIOLOGY,暗反应,ext-bio-752fa807bd-013,暗反应,,KEEP,「NADPH和ATP由类囊体薄膜移向叶绿体基质（类囊体薄膜→叶绿体基质）」「NADPH在C3的还原中作还原剂，并为C3的还原提供能量」——同前条同族（移动路径与作用），现绑别名逐字收录。,slice-91
BIOLOGY,暗反应,ext-bio-7699822cda-008,暗反应,,KEEP,「用经过放射性同位素14C标记的14CO2供小球藻进行光合作用」「先出现14C3，最后出现14C5和14C6」——卡尔文实验追踪碳转移途径，属现绑暗反应该族（别名收录同型条）。,slice-91
BIOLOGY,暗反应,ext-bio-7699822cda-009,暗反应,,KEEP,「如果光照下突然中断CO2供应，C3急剧减少而C5增加」「据此推测C3与C5之间是相互循环的」——环境改变时C3与C5含量的变化分析，现绑别名收录同型条。,slice-91
BIOLOGY,暗反应,ext-bio-f7bf8a79a5-049,暗反应,,KEEP,「卡尔文用14C标记的14CO2供小球藻光合作用，探明CO2中碳的去向，称为卡尔文循环」「结论是光合产物有机物的碳来自CO2」——卡尔文循环与CO2去向，现绑别名逐字收录。,slice-91
BIOLOGY,暗反应,ext-bio-f7bf8a79a5-150,暗反应,,KEEP,「C3途径也称卡尔文循环，在叶绿体基质中进行」「C4途径中CO2的碳先转移到四碳有机物（C4）中再转移到C3中」——不同生物固定CO2的C3/C4途径，现绑别名逐字收录本条标题。,slice-91
BIOLOGY,有丝分裂,bio-fj-12-centrosome-aster-spindle,有丝分裂,,KEEP,「动物细胞：中心体（间期已倍增）移向两极，发出星射线形成纺锤体」「高等植物细胞：由细胞两极直接发出纺锤丝形成纺锤体」——动植物细胞纺锤体形成方式的差异，属『有丝分裂』（别名即该条标题）。,slice-91
BIOLOGY,有丝分裂,bio-mo-cell-195,有丝分裂,,KEEP,「染色体复制时期：分裂间期」「DNA复制时期：分裂间期（S期）」「观察染色体最佳时期：中期」——各成分复制与加倍的时期、相关细胞器，属『有丝分裂』（别名即《染色体复制时期》《有丝分裂中各成分加倍的时期与原因》）。,slice-91
BIOLOGY,有丝分裂,bio-mo-cell-197,有丝分裂,实验-观察根尖分生区组织细胞的有丝分裂,REBIND,「（1）原理：甲紫溶液或醋酸洋红液将染色体染成深色、盐酸和酒精混合液将细胞解离」「（2）选材：分裂旺盛、染色体数较少、分裂期所占比例较大的细胞」——内容是观察实验的原理与选材，属『实验-观察根尖分生区组织细胞的有丝分裂』（该节点已收《观察有丝分裂的实验原理》《观察有丝分裂实验的材料选取原则》）。,slice-91
BIOLOGY,有丝分裂,bio-mo-cell-198,有丝分裂,实验-观察根尖分生区组织细胞的有丝分裂,REBIND,「过程：解离；所用试剂：盐酸和酒精混合液；时间：3～5 min」「过程：漂洗；所用试剂：清水」「过程：染色；所用试剂：甲紫溶液（或醋酸洋红液）」——整条是装片制作的解离、漂洗、染色、制片四步，属『实验-观察根尖分生区组织细胞的有丝分裂』（已收同型材料《装片制作的解离、漂洗、染色、制片》）；现绑『有丝分裂』讲过程。,slice-91
BIOLOGY,有丝分裂,bio-mo-cell-199,有丝分裂,实验-观察根尖分生区组织细胞的有丝分裂,REBIND,「①低倍镜下观察：扫视整个装片，找到分生区细胞」「细胞呈正方形，排列紧密」——内容是观察实验的显微镜观察步骤，属『实验-观察根尖分生区组织细胞的有丝分裂』（已收《观察根尖有丝分裂的实验步骤》）；现绑为过程节点。,slice-91
BIOLOGY,有丝分裂,bio-mo-cell-204,有丝分裂,,KEEP,「染色质和染色体化学组成都主要是DNA和蛋白质」「在有丝分裂的前期，染色质丝螺旋缠绕，缩短变粗，成为染色体」——染色质与染色体的形态转变及意义，属『有丝分裂』（别名即该条标题）。,slice-91
BIOLOGY,有丝分裂,bio-mo-cell-205,有丝分裂,,KEEP,「赤道板是一种假想平面，不是细胞结构，在光学显微镜下看不到」「细胞板是一种真实结构，在光学显微镜下能看到，出现在植物细胞有丝分裂的末期」——赤道板与细胞板的辨析，属『有丝分裂』（别名即《赤道板是一种假想平面》《赤道板与细胞板的区别》）。,slice-91
BIOLOGY,有丝分裂,bio-mo-cell-209,有丝分裂,,KEEP,「动物细胞的纺锤体是由复制后的中心粒发出的星射线形成的，而植物细胞的纺锤体是由细胞两极发出的纺锤丝构成的」——与上条同属动植物纺锤体差异，现绑『有丝分裂』已收同型材料。,slice-91
BIOLOGY,有丝分裂,bio-mo-cell-211,有丝分裂,实验-观察根尖分生区组织细胞的有丝分裂,REBIND,「解离的作用在于破坏细胞间质，使细胞分离，以便压片时分散」「固定的作用在于固定细胞形态」——解离与固定的操作作用，属『实验-观察根尖分生区组织细胞的有丝分裂』（该节点收装片制作与实验操作注意事项）；现绑『有丝分裂』讲过程。,slice-91
BIOLOGY,有丝分裂,ext-bio-d7bc505a77-003,有丝分裂,,KEEP,「染色体数等于着丝粒数」「复制后一条染色体含两条姐妹染色单体，DNA数加倍而染色体数不变」——染色体与DNA的数量关系，属『有丝分裂』（别名即《染色体、染色单体与DNA的数量关系》《有丝分裂中染色体、染色单体、DNA数量变化规律》）。,slice-91
BIOLOGY,有氧呼吸,bio-aerobic-third-stage-site,有氧呼吸,,KEEP,「线粒体内膜上：[H]（NADH、FADH2）经电子传递链与 O2 结合生成水 + 大量能量」——有氧呼吸第三阶段，正在现绑边界『各阶段的场所与物质变化』内，保留。,slice-91
BIOLOGY,有氧呼吸,bio-etc-proton-gradient-establishment,有氧呼吸,,KEEP,「电子传递释放能量→H+ 被泵至膜间隙→维持内膜两侧 H+ 浓度差（电化学梯度）」——电子传递建立质子梯度，正在现绑边界『电子传递与氧化磷酸化』内，保留。,slice-91
BIOLOGY,有氧呼吸,bio-glycolysis-site-process,有氧呼吸,,KEEP,「细胞质基质中：C6H12O6 → 2C3H4O3（丙酮酸）+ 4[H] + 少量能量」「第一阶段不需要 O2」——有氧呼吸第一阶段的场所与产物，属现绑节点，保留。,slice-91
BIOLOGY,有氧呼吸,bio-kb3-f4-s43-n01,有氧呼吸,,KEEP,「对于绝大多数生物来说，有氧呼吸是细胞呼吸的主要形式」——有氧呼吸的地位，现绑别名逐字含该句；『细胞呼吸概念、实质和意义』为弱备选，拿不准保留。,slice-91
BIOLOGY,有氧呼吸,bio-kb3-f4-s43-n10,有氧呼吸,,KEEP,「同有机物在生物体外的燃烧相比，有氧呼吸特点：有氧呼吸过程温和；有机物中的能量经过一系列的化学反应逐步释放」——现绑边界明写『比较有机物在体内氧化与体外燃烧的不同』，保留。,slice-91
BIOLOGY,有氧呼吸,ext-bio-035ebaef9d-011b,有氧呼吸,,KEEP,「糖酵解发生在细胞质基质中，是有氧呼吸和无氧呼吸共有的第一阶段」——有氧呼吸第一阶段的场所与产物，属现绑节点，保留。,slice-91
BIOLOGY,有氧呼吸,ext-bio-035ebaef9d-013b,有氧呼吸,,KEEP,「糖酵解（1分子葡萄糖转化成2分子丙酮酸）」「生成数量大于消耗数量」——有氧呼吸第一阶段的场所与 ATP 收支，属现绑节点，保留。,slice-91
BIOLOGY,有氧呼吸的过程分析,bio-fj-09-electron-transport-chain,有氧呼吸的过程分析,,KEEP,「H+经ATP合酶通道流回基质，推动ATP合成；H+浓度差越大ATP合成越多。」——电子传递链与化学渗透假说；属现绑『有氧呼吸的过程分析』，保留。,slice-91
BIOLOGY,有氧呼吸的过程分析,ext-bio-035ebaef9d-009,有氧呼吸的过程分析,,KEEP,「加入寡霉素后ATP合酶活性被抑制」「ATP合成停止，但O₂的消耗速率不变」——第三阶段电子传递与ATP合成的偶联（寡霉素、DNP实验）；属现绑『有氧呼吸的过程分析』，保留。,slice-91
BIOLOGY,有氧呼吸的过程分析,ext-bio-035ebaef9d-013,有氧呼吸的过程分析,,KEEP,「电子经一系列传递后与氧气结合生成水，并释放大量能量」「上分布着大量与呼吸作用有关的酶」——第三阶段电子传递链与丙酮酸转运；属现绑『有氧呼吸的过程分析』，保留。,slice-91
BIOLOGY,有氧呼吸的过程分析,ext-bio-035ebaef9d-014,有氧呼吸的过程分析,,KEEP,「第二阶段的场所是线粒体基质」「PC酶的活性与细胞毒性T细胞的杀伤能力呈」——三羧酸循环（有氧呼吸第二阶段）的场所与产物来源，属现绑『有氧呼吸的过程分析』，保留。,slice-91
BIOLOGY,有氧呼吸的过程分析,ext-bio-26746c92ba-054,有氧呼吸的过程分析,,KEEP,「电子经过这四个蛋白质复合体时释放能量」「H⁺从线粒体基质泵出到线粒体内外膜间隙」——电子传递链与氧化磷酸化通用模型；属现绑『有氧呼吸的过程分析』第三阶段，保留。,slice-91
BIOLOGY,有氧呼吸的过程分析,ext-bio-2b08d14a8c-023,有氧呼吸的过程分析,,KEEP,「内膜上特殊蛋白质利用电子给予的能量将H+泵出，构建H+浓度梯度」——线粒体产能的化学渗透原理；属现绑『有氧呼吸的过程分析』第三阶段，保留。,slice-91
BIOLOGY,有氧呼吸的过程分析,ext-bio-38a38a9ac7-003,有氧呼吸的过程分析,,KEEP,「H+经线粒体内膜上的ATP合成酶返回线粒体基质，并促使ATP合成」——第三阶段电子传递链与ATP合成；属现绑『有氧呼吸的过程分析』第三阶段面，保留。,slice-91
BIOLOGY,染色体变异-x1,bio-fj-22-translocation-vs-crossing-over,染色体变异-x1,,KEEP,「易位：非同源染色体之间转移片段…属染色体结构变异」「互换：同源染色体的非姐妹染色单体间对等交换…属基因重组」——易位与互换之别，现绑『染色体变异』边界即含易位/互换对照。,slice-91
BIOLOGY,染色体变异-x1,bio-fx-trisome-gamete-labeling,染色体变异-x1,,KEEP,「以AAa为例记为A1A2a，三种分离方式」「合并同类项得配子AA:Aa:a＝1:2:1」——三体配子的标号分析法，现绑『染色体变异』已收同题材料。,slice-91
BIOLOGY,染色体变异-x1,bio-kb-translocation-vs-crossing-over-diff,染色体变异-x1,,KEEP,「位置：易位发生于非同源染色体之间；互换发生于同源染色体的非姐妹染色单体之间」「易位可在光学显微镜下观察到」——易位与互换辨析，现绑节点已收同题材料。,slice-91
BIOLOGY,染色体变异-x1,bio-kb2-22-translocation-vs-crossing-over,染色体变异-x1,,KEEP,「原理：易位属于染色体结构变异，互换属于基因重组；观察：易位可在光学显微镜下观察到，互换…观察不到」——易位与交叉互换辨析，现绑节点已收同题。,slice-91
BIOLOGY,染色体变异-x1,bio-mo-gene-120,染色体变异-x1,多倍体,REBIND,「三倍体因为原始生殖细胞中有三套非同源染色体，减数分裂时出现联会紊乱，因此不能形成可育的配子」——三倍体不育成因；目标『多倍体』已收『三倍体香蕉不育的原因』同族。,slice-91
BIOLOGY,染色体变异-x1,bio-mo-gene-121,染色体变异-x1,多倍体,REBIND,「与二倍体植株相比，多倍体植株常常是茎秆粗壮，叶片、果实和种子都比较大，糖类和蛋白质等营养物质的含量都有所增加」——多倍体植株特点；目标『多倍体』已收『多倍体特点：器官大、营养物质含量高』。,slice-91
BIOLOGY,染色体变异-x1,bio-mo-gene-122,染色体变异-x1,多倍体,REBIND,「人工诱导多倍体的方法很多，如低温处理、用秋水仙素诱发等」「秋水仙素…抑制纺锤体的形成…引起细胞内染色体数目加倍」——通篇人工诱导多倍体；目标『多倍体』已收『多倍体的诱导方法』『多倍体的优点与人工诱导』。,slice-91
BIOLOGY,染色体变异-x1,bio-mo-gene-123,染色体变异-x1,单倍体,REBIND,「与正常植株相比，单倍体植株长得弱小，而且高度不育」「利用单倍体植株培育新品种，能明显缩短育种年限」——单倍体特点与育种价值；目标『单倍体』边界即含单倍体育种优点。,slice-91
BIOLOGY,染色体变异-x1,bio-mo-gene-127,染色体变异-x1,单倍体,REBIND,「单倍体强调的是由配子发育而来的个体，其细胞中染色体组数取决于配子中所含染色体组数」「取决于其发育起点是配子还是受精卵」——单倍体判据；目标『单倍体』边界即『由配子直接发育而来』。,slice-91
BIOLOGY,染色体变异-x1,bio-mo-gene-128,染色体变异-x1,单倍体,REBIND,「误认为“只要是单体，肯定都是不育的”」「多倍体的配子若含有偶数个染色体组，则其发育成的单倍体中含有同源染色体就可育」——单倍体可育性辨析；目标『单倍体』已收含可育特例的同族材料。,slice-91
BIOLOGY,染色体变异-x1,bio-mo-gene-134,染色体变异-x1,育种,REBIND,「“最简便”应为“易操作”，“最快速”则未必简便，如用单倍体育种获得有显性性状的纯合子，可明显缩短育种年限，但其技术含量却较高」——育种方法评价用语；目标『育种』边界即比较不同育种方法的原理、程序与优缺点。,slice-91
BIOLOGY,染色体变异-x1,ext-bio-1de8d85aa8-006,染色体变异-x1,,KEEP,「减数分裂时三条染色体中的一条随机移向细胞一极，另外两条移向另一极」——三体与四体产生配子的比例分析，现绑『染色体变异』已收『三体产生配子的标号分析法』同族。,slice-91
BIOLOGY,染色体变异-x1,ext-bio-1de8d85aa8-011c,染色体变异-x1,,KEEP,「易位是指染色体的某一片段移接到另一条非同源染色体上（如某基因所在片段移接到 Y 或 X 染色体上）」——易位及其伴性遗传效应，现绑『染色体变异』别名含同题。,slice-91
BIOLOGY,染色体变异-x1,ext-bio-26746c92ba-072,染色体变异-x1,,KEEP,「三体产生的配子类型及比例为 1/2n、1/2(n+1)」「若 n+1 型花粉只有 50% 的受精率而卵细胞不受影响…再用棋盘法」——三体配子比例与受精率折算，现绑节点收同题。,slice-91
BIOLOGY,染色体变异-x1,ext-bio-26746c92ba-089c,染色体变异-x1,,KEEP,「让隐性纯合个体（aa）分别和对应基因为显性纯合的不同的单体（AA 或 AO）杂交，如果某单体对应 F1 出现隐性性状（假显性）」——单体/片段缺失/三体定位基因的方法，属现绑『染色体变异』。,slice-91
BIOLOGY,染色体变异-x1,ext-bio-b7b14638ac-017,染色体变异-x1,,KEEP,「同源染色体联会时会形成倒位环，此时经常伴随同源染色体的（交叉）互换」「出现倒位的配子能存活」——倒位的联会与配子存活判断，属现绑『染色体变异』结构变异面。,slice-91
BIOLOGY,标志重捕法,ext-bio-00821fbf2f-006,标志重捕法,,KEEP,「去除取样法不需要标记个体，是标志重捕法的一个简单化的变型」「当单位努力的捕捉数等于零时，捕获累积数就是种群数量的估计值」——现绑别名逐字含《去除取样法的原理与适用条件》。,slice-91
BIOLOGY,标志重捕法,ext-bio-524cba8aa4-007b,标志重捕法,,KEEP,「参照标记重捕法的思路 种群数量约等于（初次采集个体数乘以二次采集个体数）除以二次采集中初次采集出现个体数」——仍沿用标记重捕估算模型，且「活动能力强、活动范围大的动物用标记重捕法」即现绑适用条件；保留（备选『种群密度』，见备注）。,slice-91
BIOLOGY,标志重捕法,ext-bio-524cba8aa4-008b,标志重捕法,,KEEP,「去除取样法是标记重捕法的一个简化变型」「要求被调查的种群处于封闭状态」——现绑别名逐字含《去除取样法的原理与适用条件》；现绑边界『并与去除取样法区分』。,slice-91
BIOLOGY,标志重捕法,ext-bio-5f510cdc4a-1464,标志重捕法,,KEEP,「当单位捕获数等于0时，捕获累积数就是种群数量的估计值」——去除取样法估算原理；现绑边界明确『与去除取样法区分』，库内无专收该法的节点，保留（备选『种群密度』，见备注）。,slice-91
BIOLOGY,核苷酸,bio-fx-transcription-coupled-repair,核苷酸,,KEEP,「损伤较大时：RNA聚合酶滞留在损伤位点，修复因子Mfd识别并结合它。」「Mfd招募多种修复因子、DNA聚合酶等完成修复」——转录偶联修复，现绑『核苷酸』别名『转录偶联修复（Mfd招募修复系统）』逐字同题。,slice-91
BIOLOGY,核苷酸,ext-bio-03c8a668fe-001,核苷酸,,KEEP,「脱氧核糖（C5H10O4）比核糖（C5H10O5）少一个氧原子，这不仅是化学式的区别，更导致了DNA分子在化学上比RNA更稳定」——脱氧/核糖（五碳糖）差异，属现绑『核苷酸』边界『核苷酸的组成与分类』。,slice-91
BIOLOGY,核苷酸,ext-bio-cd4e7c5dc7-028,核苷酸,,KEEP,「在DNA中A代表腺嘌呤脱氧核苷酸，在RNA中A代表腺嘌呤核糖核苷酸。」——不同结构中A的含义辨析，现绑『核苷酸』别名逐字同题。,slice-91
BIOLOGY,核酸,bio-fj-04-dna-thorough-hydrolysis-products,核酸,,KEEP,「初步水解：脱氧核苷酸（4种）」「彻底水解：脱氧核糖、磷酸、碱基（A、T、G、C）」——DNA彻底水解的产物组成，现绑别名逐字同名，保留。,slice-91
BIOLOGY,核酸,bio-fj-04-rna-thorough-hydrolysis-products,核酸,,KEEP,「初步水解：核糖核苷酸（4种）」「彻底水解：核糖、磷酸、碱基（A、U、G、C）」——RNA彻底水解的产物组成，现绑别名逐字同名，保留。,slice-91
BIOLOGY,核酸,bio-kb-nucleic-acid-hydrolysis-products,核酸,,KEEP,「DNA：初步水解→4种脱氧核苷酸；彻底水解→脱氧核糖、磷酸、A/T/C/G」「RNA：初步水解→4种核糖核苷酸；彻底水解→核糖、磷酸、A/U/C/G」——正合现绑边界『DNA和RNA初步与彻底水解产物的区分』，别名逐字同名，保留。,slice-91
BIOLOGY,核酸,bio-kb-rna-multiple-functions,核酸,,KEEP,「mRNA：传递遗传信息（翻译的模板）」「rRNA：组成核糖体的成分」——RNA的功能多样性，现绑别名逐字同名；与『RNA的结构、种类与功能』两族皆有同题材料，保守保留并点名。,slice-91
BIOLOGY,核酸,bio-kb2-04-dna-rna-difference,核酸,,KEEP,「DNA的五碳糖是脱氧核糖、特有碱基是胸腺嘧啶（T），RNA的五碳糖是核糖、特有碱基是尿嘧啶（U）」——DNA与RNA在组成和结构上的区别，现绑别名逐字同名，保留。,slice-91
BIOLOGY,核酸,bio-mo-cell-061,核酸,,KEEP,「DNA和RNA都含有的碱基是A、C和G，DNA特有的碱基是T，RNA特有的碱基是U」「DNA水解的产物是脱氧核苷酸，彻底水解的产物是磷酸、脱氧核糖、4种碱基」——共有与特有碱基及水解产物，属现绑『核酸』边界内容，保留。,slice-91
BIOLOGY,核酸,bio-mo-cell-065,核酸,,KEEP,「真核细胞的DNA主要分布在细胞核、RNA主要分布在细胞质」「在线粒体、叶绿体内也同时含有DNA和RNA」——核酸的分布，现绑别名逐字同名，保留。,slice-91
BIOLOGY,核酸,bio-mo-cell-066,核酸,,KEEP,「一个碱基只对应一种核苷酸（从碱基角度描述核苷酸种类）」「真核细胞、原核细胞中的核酸有2种、碱基共有5种（从细胞角度描述碱基种类）」——核苷酸与碱基种类的计数辨析，现绑别名逐字同名，保留。,slice-91
BIOLOGY,核酸,bio-mo-cell-067,核酸,,KEEP,「DNA中脱氧核苷酸的排列顺序储存着生物的遗传信息」「因此，核酸中核苷酸的排列顺序储存关生物的遗传信息」——正合现绑边界『脱氧核苷酸排列顺序储存遗传信息』，别名逐字同名，保留。,slice-91
BIOLOGY,核酸,ext-bio-078f97ffff-011,核酸,,KEEP,「DNA结构：双螺旋，外侧为磷酸-脱氧核糖骨架，内侧为A-T、G-C碱基配对」「RNA三类功能：mRNA作翻译模板，tRNA搬运氨基酸，rRNA参与组成核糖体」——现绑别名逐字同名（RNA功能部分与『RNA的结构、种类与功能』两可），保守保留。,slice-91
BIOLOGY,核酸,ext-bio-3438a4b8d2-034,核酸,,KEEP,「DNA与RNA的区别：五碳糖（脱氧核糖/核糖）、含氮碱基（T/U）、空间结构不同」「DNA一般为双链结构，RNA一般为单链结构」——DNA与RNA的区别，正合现绑边界所载，保留。,slice-91
BIOLOGY,核酸,ext-bio-3438a4b8d2-035,核酸,,KEEP,「一看「五碳糖」、二看「碱基」」「DNA和RNA的区别：五碳糖（脱氧核糖/核糖）、含氮碱基（T/U）、空间结构不同」——DNA和RNA的进一步区分，正合现绑边界所载，保留。,slice-91
BIOLOGY,核酸,ext-bio-5f510cdc4a-270,核酸,,KEEP,「相同点：都含有磷酸，都含有腺嘌呤A、鸟嘌呤G、胞嘧啶C」「不同点一：DNA含脱氧核糖，RNA含核糖」——DNA与RNA的组成比较，现绑别名逐字同名，保留。,slice-91
BIOLOGY,核酸,ext-bio-5f510cdc4a-870,核酸,,KEEP,「DNA含脱氧核糖与胸腺嘧啶（T），RNA含核糖与尿嘧啶（U）」「结构上的区别体现在DNA往往是双链的、RNA往往是单链的」——DNA与RNA的区别，正合现绑『核酸』边界所载的组成与结构区别，保留。,slice-91
BIOLOGY,核酸,ext-bio-a32e2f5823-008,核酸,,KEEP,「含氮碱基：DNA为A（腺嘌呤）、T（胸腺嘧啶）、G（鸟嘌呤）、C（胞嘧啶）；RNA为A、U（尿嘧啶）、G、C」「RNA可作遗传物质（仅针对RNA病毒）、起催化作用（如核酶）」——DNA与RNA全项比较（末段斐林试剂与双缩脲试剂属他族），整体仍属现绑『核酸』，保留。,slice-91
BIOLOGY,核酸,ext-bio-ca4b35945b-042,核酸,,KEEP,「两者的组成元素均为C、H、O、N、P；DNA主要分布在细胞核、拟核，RNA主要分布在细胞质」「叶绿体和线粒体属于半自主性细胞器，同时含有DNA、RNA和核糖体」——DNA与RNA的比较（含分布），现绑族内已收『核酸的种类及其在真核细胞、原核细胞和病毒中的分布』，保留。,slice-91
BIOLOGY,核酸是遗传信息的携带者,ext-bio-67d88d2eba-008,核酸是遗传信息的携带者,,KEEP,「DNA 全称脱氧核糖核酸…特有碱基 T」「RNA 全称核糖核酸…特有碱基 U」——DNA 与 RNA 的区分，现绑别名『核酸的功能、DNA 与 RNA 的区分及相关计算』逐字。,slice-91
BIOLOGY,植物生长素及其生理作用,bio-kb2-31-apical-dominance,植物生长素及其生理作用,,KEEP,「现象：顶芽优先生长，侧芽受到抑制，离顶芽越近的侧芽受抑制越强」「原因：顶芽产生的生长素向下运输，侧芽附近生长素浓度高」——现绑别名逐字含『顶端优势的成因与应用』，边界即现象/原因/解除/应用。,slice-91
BIOLOGY,植物生长调节剂的应用,bio-mo-plant-hormone-017,植物生长调节剂的应用,,KEEP,「由人工合成的，对植物的生长、发育有调节作用的化学物质，称为植物生长调节剂」「用赤霉素处理大麦，可以使大麦种子无须发芽就能产生α淀粉酶」——定义、优点与典型应用，属现绑边界。,slice-91
BIOLOGY,植物生长调节剂的应用,ext-bio-5f510cdc4a-1434,植物生长调节剂的应用,,KEEP,「1. 空白对照…目的是判断生长素类调节剂所起的作用是促进还是抑制」「2. 相互对照…目的是探索促进插条生根的最适浓度」——插条生根实验的对照设置，现绑别名逐字同题。,slice-91
BIOLOGY,植物组织培养,bio-mo-cell-engineering-001,植物组织培养,,KEEP,「细胞工程是指应用细胞生物学、分子生物学和发育生物学等多学科的原理和方法，通过细胞器、细胞或组织水平上的操作」——细胞工程总述；包内『细胞工程』专节点不在 judge-kit 清单内，同族『细胞工程的含义与植物组织培养技术的原理』已在现绑，保留。,slice-91
BIOLOGY,植物组织培养,bio-mo-cell-engineering-002,植物组织培养,,KEEP,「细胞经分裂和分化后，仍然具有产生完整生物体或分化成其他各种细胞的潜能，即细胞具有全能性」「在进行体细胞杂交之前，必须先利用纤维素酶和果胶酶去除细胞壁」——全能性原理与体细胞杂交去壁，同块多条、均属现绑『植物组织培养』。,slice-91
BIOLOGY,植物组织培养,bio-mo-cell-engineering-005,植物组织培养,,KEEP,「用于快速繁殖优良品种的植物组织培养技术，被人们形象地称为植物的快速繁殖技术，也叫作微型繁殖技术」——组织培养的快速繁殖应用，属现绑；人工裁定表同指本节点。,slice-91
BIOLOGY,植物组织培养,bio-mo-cell-engineering-006,植物组织培养,单倍体,REBIND,「单倍体育种可以先通过花药（或花粉）培养获得单倍体植株，然后经过诱导染色体加倍，当年就能培育出遗传性状相对稳定的纯合二倍体植株」——单倍体育种流程与缩短年限的优点；『单倍体』边界明写“介绍单倍体育种的操作流程及其优点，如可明显缩短育种年限”，已收『单倍体育种的流程与优点』『花药离体培养培育单倍体的流程』。,slice-91
BIOLOGY,植物组织培养,ext-bio-320a959ba0-002,植物组织培养,,KEEP,「比值高时 有利于根的分化、抑制芽的形成 比值低时 有利于芽的分化、抑制根的形成 比值适中时 促进愈伤组织的形成」——生长素/细胞分裂素配比决定分化方向，属现绑。,slice-91
BIOLOGY,植物组织培养,ext-bio-320a959ba0-005c,植物组织培养,,KEEP,「培养程序的更换 杂种细胞发育成植株需要经过脱分化和再分化 需调整培养基中生长素与细胞分裂素的比例」——体细胞杂交后的组织培养程序，属现绑（前轮同族体细胞杂交材料亦判 KEEP）。,slice-91
BIOLOGY,植物组织培养,ext-bio-5f510cdc4a-1766,植物组织培养,,KEEP,「简记：高根、低芽、中愈伤」——生长素与细胞分裂素比例调控发育方向，属现绑『植物组织培养』。,slice-91
BIOLOGY,植物组织培养,ext-bio-5f510cdc4a-1769,植物组织培养,,KEEP,「脱分化的判断：已分化→未分化」「确认是否体现细胞的全能性必须把握起点与终点」——脱分化/再分化判断与全能性起点终点，属现绑『植物组织培养』。,slice-91
BIOLOGY,植物组织培养,ext-bio-8b1fe58522-012,植物组织培养,,KEEP,「决定植物脱分化、再分化的关键因素是生长素和细胞分裂素的用量比值」——同上，属现绑『植物组织培养』。,slice-91
BIOLOGY,植物组织培养,ext-bio-9861591320-011,植物组织培养,,KEEP,「脱分化：外植体→愈伤组织，有分裂无分化，需离体、适宜营养、生长素与细胞分裂素比例适中、一般不需光」——脱分化与再分化的比较，属现绑。,slice-91
BIOLOGY,植物组织培养,ext-bio-9861591320-012,植物组织培养,,KEEP,「生长素用量与细胞分裂素用量的比值≈1时促进愈伤组织的形成，比值＞1时促进根的分化，比值＜1时促进芽的分化」——激素配比与发育方向，属现绑『植物组织培养』。,slice-91
BIOLOGY,概率与统计在生物学中的应用,ext-bio-f30a783d56-043,概率与统计在生物学中的应用,,KEEP,「自交时性状比之和是4的几次方，就说明自交亲代中含有几对等位基因；测交时性状比之和是2的几次方」「先把题中出现的概率（如1/64）用拆分法拆为(1/4)的三次方」——性状比之和与拆分法，属现绑『概率与统计在生物学中的应用』（别名含性状比之和的拆分与应用）；近邻『自由组合定律的解题规律及方法』并列不确，保守保留。,slice-91
BIOLOGY,氨基酸,bio-fj-21-start-stop-codons,氨基酸,密码子,REBIND,「起始密码子2种：真核生物中AUG…原核生物中GUG也可作起始密码子」「终止密码子3种：UAA、UAG、UGA」——全条讲密码子的种类与功能，无氨基酸结构内容；靶节点『密码子』（必修2遗传的分子基础）已收『密码子与起始、终止密码子』。,slice-91
BIOLOGY,氨基酸,ext-bio-5f510cdc4a-258,氨基酸,,KEEP,「赖氨酸为必需氨基酸，人体细胞不能合成」「评价食物中蛋白质成分的营养价值时，往往看其所含必需氨基酸的种类和含量」——必需氨基酸知识，现绑别名逐字含此标题。,slice-91
BIOLOGY,水,bio-kb2-02-water-properties,水,,KEEP,「水是极性分子，带电荷的分子或离子容易与水结合，因此是良好溶剂；」——别名『水的理化特性与分子结构的关系』逐字同题。,slice-91
BIOLOGY,水,ext-bio-5f510cdc4a-208,水,,KEEP,「同种生物的不同发育时期含水量一般不同：通常幼生时期高于成年时期，成年时期高于老年时期。」——别名『生物含水量差异的一般规律』逐字同题。,slice-91
BIOLOGY,水,ext-bio-5f510cdc4a-209,水,,KEEP,「随比值增大而上升的曲线表示代谢强度：比值越大，代谢强度越强。」——别名『自由水与结合水比值同代谢强度、抗逆性的关系曲线』逐字同题。,slice-91
BIOLOGY,水,ext-bio-77321c3eaa-013,水,,KEEP,「水分子中氧端稍带负电荷、氢端稍带正电荷，使水分子成为极性分子。」——别名『水的性质——极性分子与良好溶剂（第03讲课件）』逐字同题。,slice-91
BIOLOGY,水,ext-bio-77321c3eaa-014,水,,KEEP,「氢键不断断裂又不断形成，使水在常温下能够维持液体状态，具有流动性。」——别名『水的性质——氢键与流动性（第03讲课件）』逐字同题。,slice-91
BIOLOGY,水,ext-bio-77321c3eaa-015,水,,KEEP,「由于氢键的存在，水具有较高的比热容，水的温度相对不容易发生改变。」——别名『水的性质——较高的比热容（第03讲课件）』逐字同题。,slice-91
BIOLOGY,水,ext-bio-944a6d528b-018,水,,KEEP,「特性三：氢键的存在使水具有较高的比热容，水的温度相对不容易发生改变。」——别名『水的结构特点』逐字同题。,slice-91
BIOLOGY,水,ext-bio-a32e2f5823-001,水,,KEEP,「一般自由水与结合水的比值越大，细胞代谢越旺盛，抗逆性（抗旱、抗寒等）越低」——别名『自由水与结合水的比值与代谢抗逆性』逐字同题。,slice-91
BIOLOGY,水,ext-bio-cebcb9d917-006d,水,,KEEP,「因此北方果农常在土壤封冻前对果树进行灌溉（冬灌），可减缓土壤降温速度、防止根系冻害」——别名『水的比热容与冬灌抗寒』逐字同题。,slice-91
BIOLOGY,水和无机盐平衡的调节,bio-fj-02-physiological-saline,水和无机盐平衡的调节,无机盐,REBIND,「生理盐水是质量分数0.9%的NaCl溶液，其浓度正是人体细胞所处液体环境的溶质浓度。」「急性肠胃炎病人腹泻丢失水和无机盐，需输入葡萄糖盐水维持水盐平衡。」——目标节点『无机盐』已收《生理盐水的浓度依据》《大量出汗与严重腹泻后的补液原理》。,slice-91
BIOLOGY,水和无机盐平衡的调节,bio-fx-judge-adh-release,水和无机盐平衡的调节,,KEEP,「下丘脑分泌细胞合成并分泌ADH，经轴突运输到垂体后叶释放」「ADH促进肾小管和集合管对水分的重吸收」——正对现绑边界易错项“抗利尿激素由下丘脑细胞释放”。,slice-91
BIOLOGY,水和无机盐平衡的调节,bio-fx-judge-aldosterone-sodium,水和无机盐平衡的调节,,KEEP,「提示：醛固酮促进肾小管和集合管对Na+的重吸收（保钠排钾），血钠升高时其分泌应减少」——盐平衡的醛固酮调节，属现绑节点。,slice-91
BIOLOGY,水和无机盐平衡的调节,bio-kb2-27-winter-urine,水和无机盐平衡的调节,,KEEP,「冬天相比于夏天：汗液分泌减少，水分通过皮肤散失减少」「两者共同导致冬天尿量增多，夏天尿量较少」——水平衡调节，属现绑节点。,slice-91
BIOLOGY,水和无机盐平衡的调节,bio-mo-nerve-047,水和无机盐平衡的调节,,KEEP,「Na＋的主要来源是食盐，几乎全部由小肠吸收，主要经肾随尿排出」「肾上腺皮质增加分泌醛固酮，促进肾小管和集合管对Na＋的重吸收」——水盐平衡内容；同节点近条《水盐平衡中Na+与醛固酮的调节》在册。,slice-91
BIOLOGY,水和无机盐平衡的调节,bio-mo-nerve-057,水和无机盐平衡的调节,,KEEP,「口渴感形成的具体过程：细胞外液渗透压升高→（下丘脑）渗透压感受器→传入神经→大脑皮层渴觉中枢→产生渴感」——现绑边界含渴觉形成与下丘脑渗透压感受器。,slice-91
BIOLOGY,水和无机盐平衡的调节,ext-bio-2b9586914c-007,水和无机盐平衡的调节,,KEEP,「醛固酮促进肾小管和集合管对 Na⁺ 的重吸收，使细胞外液渗透压升高，间接增加水的重吸收、使血容量增加」——水盐调节主体，属现绑节点（余段血糖适应为同章内容）。,slice-91
BIOLOGY,水和无机盐平衡的调节,ext-bio-2b9586914c-008,水和无机盐平衡的调节,,KEEP,「醛固酮由肾上腺皮质分泌；抗利尿激素由下丘脑分泌、垂体释放。」「肾脏（肾小管、集合管）对水和 Na⁺ 的重吸收作用增强 → 尿液浓缩、尿量减少」——水盐平衡调节流程，属现绑节点。,slice-91
BIOLOGY,水和无机盐平衡的调节,ext-bio-2b9586914c-012b,水和无机盐平衡的调节,,KEEP,「血管紧张素促进**醛固酮**分泌增多，醛固酮作用于肾小管和集合管**促进 Na+ 的重吸收**」「**血容量升高**→血压进一步升高」——水盐平衡的体液机制，属现绑节点。,slice-91
BIOLOGY,水和无机盐平衡的调节,ext-bio-4a3ad9ce4c-024,水和无机盐平衡的调节,,KEEP,「水的来源：饮水、食物中的水、代谢产生的水。」「由肾排出（尿液，主要途径）」「正常情况下水的摄入量与排出量一般相等，从而维持水平衡」——水平衡，属现绑节点。,slice-91
BIOLOGY,水和无机盐平衡的调节,ext-bio-4a3ad9ce4c-032,水和无机盐平衡的调节,,KEEP,「以Na+为例，来源主要是食盐经小肠吸收；去路是经肾脏随尿液排出（主要途径）」「Na+浓度对于细胞外液渗透压的维持具有重要作用」——无机盐来源去路与水盐平衡，属现绑节点。,slice-91
BIOLOGY,水和无机盐平衡的调节,ext-bio-d1d719fa3f-077,水和无机盐平衡的调节,,KEEP,「抗利尿激素由下丘脑合成、垂体释放，能促进肾小管和集合管对水的重吸收」「肾性尿崩症因相应细胞表面受体缺乏对其不敏感」——正对现绑边界所收下丘脑分泌、垂体释放。,slice-91
BIOLOGY,测定光合速率与呼吸速率的常用方法,bio-closed-chamber-area-sign-convention,测定光合速率与呼吸速率的常用方法,,KEEP,「密闭容器中'下降'代表积累，故积累量 = Σ下降段面积 − Σ上升段面积」——按CO2变化求积累量的测法，属现绑『常用方法』（别名含『由曲线切线斜率/两点差求速率』）。,slice-91
BIOLOGY,测定光合速率与呼吸速率的常用方法,ext-bio-41cada2b64-016,测定光合速率与呼吸速率的常用方法,,KEEP,「净光合速率=(z-y)/2S」「总光合速率=净光合速率+呼吸速率=(x+z-2y)/2S」——叶圆片称重法算三量（S为叶圆片面积），别名逐字同题，保留。,slice-91
BIOLOGY,测定光合速率与呼吸速率的常用方法,ext-bio-41cada2b64-017,测定光合速率与呼吸速率的常用方法,,KEEP,「黑瓶不透光，测定的是有氧呼吸量；白瓶给予光照，测定的是净光合作用量」——黑白瓶法，别名逐字同题，保留。,slice-91
BIOLOGY,测定光合速率与呼吸速率的常用方法,ext-bio-c1fc984e29-010,测定光合速率与呼吸速率的常用方法,,KEEP,「液滴移动法需设置对照组：处理方式是放置死亡的植物，目的是排除温度、气压等物理因素引起的气体体积膨胀」——别名逐字同题，属现绑装置图法，保留。,slice-91
BIOLOGY,渗透作用,bio-fj-07-liquid-level-difference,渗透作用,,KEEP,「液面差产生的压强使半透膜两侧水分子的交换速率相同，液面不再升高」「平衡后存在液面差Δh，说明膜两侧溶液仍存在浓度差」——现绑边界逐字含“液面差与浓度差的关系”。,slice-91
BIOLOGY,渗透作用,bio-fj-07-solute-can-pass,渗透作用,,KEEP,「随溶质扩散，最终两侧浓度相等，液面持平（先升后降）」——溶质能透过半透膜时的液面变化，属现绑『渗透作用』。,slice-91
BIOLOGY,渗透作用,bio-fj-07-solute-cannot-pass,渗透作用,,KEEP,「若S1浓度大于S2，单位时间内S2→S1的水分子更多，S1液面上升」「存在液面差时即存在浓度差」——溶质不能透过时的液面判断，属现绑『渗透作用』。,slice-91
BIOLOGY,渗透作用,bio-fj-07-sucrase-in-osmometer,渗透作用,,KEEP,「加蔗糖酶后1分子蔗糖水解产生葡萄糖和果糖两分子单糖，蔗糖侧浓度升高，水净流向蔗糖侧」。渗透装置液面变化与水分流向判断，属现绑『渗透作用的概念与发生条件』。,slice-91
BIOLOGY,渗透作用,bio-fx-semipermeable-strictness,渗透作用,,KEEP,「若溶质能通过（非理想半透膜），溶质扩散直至两侧浓度相等，液面差消失」——半透膜通透性决定能否维持液面差，属现绑『渗透作用』（边界“包括渗透装置中液面差与浓度差的关系”）。,slice-91
BIOLOGY,渗透作用,ext-bio-1192bb0347-007,渗透作用,,KEEP,「当溶质不能通过半透膜时（设S1浓度大于S2），S1一侧的液面上升」「当溶质能通过半透膜时，溶质最终在两侧均匀分布」。溶质通透性对液面的影响，属现绑『溶质能/不能透过半透膜时的液面变化』。,slice-91
BIOLOGY,渗透作用,ext-bio-1192bb0347-010,渗透作用,,KEEP,「蔗糖溶液加入蔗糖酶后，蔗糖分解为果糖和葡萄糖并通过半透膜均匀分布，但该侧还有酶（不能透过）」——渗透装置中溶质通透性对液面与水分流向的判断，属现绑『渗透作用』（边界含“渗透装置中液面差与浓度差的关系”）。,slice-91
BIOLOGY,渗透作用,ext-bio-362fa1edab-008,渗透作用,,KEEP,「选择透过性膜是指具有活性的生物膜（如细胞膜）」「选择透过性膜一定是半透膜，半透膜不一定是选择透过性膜」。半透膜与选择透过性膜的区分，半透膜即现绑渗透作用的发生条件。,slice-91
BIOLOGY,渗透作用,ext-bio-5f510cdc4a-358,渗透作用,,KEEP,「单位时间内进入蔗糖溶液（漏斗）的水分子数多于进入清水（烧杯）的水分子数，表现为漏斗管内液面上升」——漏斗液面上升的分子解释，属现绑『渗透作用』。,slice-91
BIOLOGY,渗透作用,ext-bio-c4cd60180f-003,渗透作用,,KEEP,「渗透作用则是水分子等溶剂分子通过半透膜的扩散，是扩散的一种特殊情形」——扩散与渗透作用的从属关系；库内无“扩散”专节点，末句落到现绑『渗透作用』的概念。,slice-91
BIOLOGY,渗透压,bio-fx-albumin-edema-mechanism,渗透压,,KEEP,「血浆蛋白减少、血浆渗透压降低」「组织液回流减少、生成增多，出现组织水肿」——由渗透压变化分析组织液与血浆间水分移动，在现绑边界内；别名逐字含此标题。,slice-91
BIOLOGY,渗透压,ext-bio-2b9586914c-007b,渗透压,,KEEP,「血 Na⁺ 偏低说明细胞外液渗透压降低，对渗透压感受器的刺激减少，血液中的红细胞会因细胞外液渗透压降低而吸水」——现绑边界明列“抗利尿激素分泌异常时的水平衡变化”，别名逐字含此标题。,slice-91
BIOLOGY,渗透压,ext-bio-5f510cdc4a-1280,渗透压,水和无机盐平衡的调节,REBIND,「抗利尿激素与肾小管和集合管上皮细胞的特异性受体结合后，激活腺苷酸环化酶，使上皮细胞中 cAMP 的生成增加」「结果增加管腔膜上水通道蛋白的数量…促进水的重吸收」——ADH 作用机理（水盐调节）；靶节点已收『抗利尿激素与水盐平衡调节』『水平衡调节的过程与抗利尿激素的作用』。,slice-91
BIOLOGY,渗透压,ext-bio-f937592010-022,渗透压,,KEEP,「质量分数0.9%的NaCl溶液是血浆的等渗溶液，称生理盐水」「浓度高于0.9%NaCl溶液的称高渗溶液，低于的称低渗溶液」——等渗/高渗/低渗即渗透压比较，现绑别名『渗透压大小的比较（第6讲课件）』在册。,slice-91
BIOLOGY,溶酶体,ext-bio-7bf37bfb93-004,溶酶体,细胞自噬,REBIND,「细胞内衰老或损伤的细胞器被双层膜包裹形成自噬体，自噬体与溶酶体融合后，内容物被水解酶分解」「通过分解自身衰老或损伤的细胞器获得更多可利用的物质和能量」——通篇自噬的过程与意义；现绑『溶酶体』边界明写『不涉及…细胞自噬的详细过程』，改归『细胞自噬』。,slice-91
BIOLOGY,激素,bio-kb2-26-secretin-discovery,激素,,KEEP,「沃泰默认为胰液分泌受神经调节控制；斯他林和贝利斯把小肠黏膜加稀盐酸研磨后注入同一条狗的静脉，引起胰液分泌」「促胰液素由小肠黏膜分泌，作用于胰腺」——促胰液素的发现史，正体现绑节点（该节点已收同名材料）。,slice-91
BIOLOGY,激素,bio-mo-hormone-015,激素,,KEEP,「（1）分级调节：是一种分层控制的方式，属于反馈调节的一部分，如下丘脑分泌激素控制垂体活动」——分级调节在现绑『激素』边界内（轴系分级）；后半『反馈调节』定义另见『反馈调节』节点，落点非唯一（保留理由见 notes）。,slice-91
BIOLOGY,激素,ext-bio-07c46f02a2-003,激素,,KEEP,「① 沃泰默的实验：稀盐酸注入狗的上段小肠肠腔，结果分泌胰液；稀盐酸注入狗的血液中，结果不分泌胰液」「④ 方法启示：验证激素调节为剔除神经、保留血管」——发现过程与实验结论，属现绑边界『动物激素的发现史』。,slice-91
BIOLOGY,激素,ext-bio-2b9586914c-001,激素,,KEEP,「下丘脑释放促肾上腺皮质激素释放激素 → 作用于垂体 → 促进垂体分泌促肾上腺皮质激素」——即现绑『激素』边界『以下丘脑—垂体—肾上腺轴为例理解激素的分级调节』。,slice-91
BIOLOGY,激素,ext-bio-2b9586914c-004,激素,,KEEP,「皮质醇的分泌主要受“下丘脑—垂体—肾上腺皮质”（HPA 轴）的调节，这是从上而下的逐级激活活动，具有分级调节机制」——激素的分级调节与反馈，属现绑『激素』边界轴系分级。,slice-91
BIOLOGY,激素,ext-bio-5eb3d3d99c-023,激素,,KEEP,「立即调动起交感—肾上腺髓质系统的活动」「促进糖原和脂肪的氧化分解」「升高血糖」——交感—肾上腺髓质系统在应激时的效应（肾上腺素调节实例），属现绑『激素』族；『内分泌系统』亦收腺体分工（保留理由见 notes）。,slice-91
BIOLOGY,激素,ext-bio-5f510cdc4a-1190,激素,,KEEP,「沃泰默的实验：稀盐酸注入狗的上段小肠肠腔，胰腺分泌胰液；稀盐酸注入狗的静脉，胰腺不分泌胰液」「斯他林和贝利斯的巧妙之处在于将稀盐酸与小肠黏膜研磨后注入静脉」——动物激素的发现史，正体现绑『激素』边界。,slice-91
BIOLOGY,激素,ext-bio-5f510cdc4a-1192,激素,,KEEP,「1920 年班廷提出新思路：结扎狗的胰管，使胰腺腺泡萎缩，再用萎缩的胰腺提取液来治疗糖尿病」「实验思路运用了减法原理（结扎胰管去除腺泡）与加法原理」——胰岛素的发现历程与研究激素的方法，属现绑『激素』边界（发现史与研究激素的常用方法）。,slice-91
BIOLOGY,激素,ext-bio-5f510cdc4a-2041b,激素,,KEEP,「沃泰默：认为胰液分泌只受神经调节。斯他林和贝利斯：胰液分泌受小肠分泌的化学物质调节，并命名该物质为促胰液素」——激素发现史的科学家与结论对应，属现绑边界（动物激素的发现史）。,slice-91
BIOLOGY,激素,ext-bio-f66e8d6ea1-005,激素,,KEEP,「内分泌腺没有导管，腺细胞分泌的激素直接进入血液，随血液运输到全身」「两者在导管有无和分泌物去向两个方面不同」——内外分泌腺的区别界定激素的分泌方式，属现绑『激素』概念族；『内分泌系统』亦收同类（见 notes）。,slice-91
BIOLOGY,激素,ext-bio-f66e8d6ea1-013,激素,,KEEP,「1902年英国生理学家斯他林和贝利斯提出：这不是反射，而是化学调节」「据此提出胰液的分泌受化学物质调节的假说，并用小肠黏膜提取液注射实验加以验证」——化学调节假说即激素发现史的一环，属现绑『激素』。,slice-91
BIOLOGY,激素调节的特点,ext-bio-881f12d357-005,激素调节的特点,,KEEP,「旁分泌是指某些激素可不经血液循环而直接由组织液扩散至周围的细胞，调节这些细胞的活」「激素调节的共同特点是经体液运输、作用于靶细胞和靶器官（不一定是全身细胞）。」——以激素调节特点作对照辨析，属现绑节点（无旁分泌专节点，保留）。,slice-91
BIOLOGY,物质出入细胞的方式,bio-fj-05-water-crossing-membrane,物质出入细胞的方式,,KEEP,「膜内部疏水，但水分子极小，可通过磷脂分子运动产生的间隙」「细胞膜上存在水通道蛋白」——水分子跨膜方式属现绑节点（前轮已由『分泌蛋白的合成和运输』改绑至此），保留。,slice-91
BIOLOGY,物质出入细胞的方式,bio-fj-07-carrier-vs-channel,物质出入细胞的方式,,KEEP,「每次转运都发生自身构象改变」「不需要与蛋白结合」——载体蛋白与通道蛋白的比较，属现绑转运蛋白面（前轮已由分泌蛋白节点改绑至此），保留。,slice-91
BIOLOGY,物质出入细胞的方式,bio-kb-carrier-vs-channel-protein,物质出入细胞的方式,,KEEP,「载体蛋白：只容许与自身结合部位相适应的分子或离子通过，每次转运时自身构象发生改变；可介导协助扩散和主动运输」「离子通道具有专一性」——载体蛋白与通道蛋白的区别，属现绑转运蛋白面（前轮裁定归此），保留。,slice-91
BIOLOGY,物质出入细胞的方式,bio-kb2-07-carrier-channel-proteins,物质出入细胞的方式,,KEEP,「每次转运时自身构象发生改变，既可介导协助扩散也可介导主动运输」「分子或离子不需要与通道蛋白结合，一般介导协助扩散」——载体蛋白与通道蛋白的区别，属现绑转运蛋白面（前轮裁定归此），保留。,slice-91
BIOLOGY,物质出入细胞的方式,bio-kb3-f4-s32-n05,物质出入细胞的方式,影响物质跨膜运输的因素,REBIND,「被动运输的影响因素。」「某些物质运输的速率还与转运蛋白的数量有关」——通篇运输速率的影响因素；『影响物质跨膜运输的因素』已收『被动运输速率的影响因素』『浓度差与载体数量对跨膜运输的影响』，现绑边界只收五类方式比较。,slice-91
BIOLOGY,物质出入细胞的方式,bio-kb3-f4-s33-n06,物质出入细胞的方式,影响物质跨膜运输的因素,REBIND,「(1)细胞外物质浓度。」「(2)载体蛋白。」「(3)能量。」——通篇列跨膜运输的影响因素；现绑边界只收五类方式的比较与判断并明不涉及详细分子机制，『影响物质跨膜运输的因素』已收『被动运输速率的影响因素』等同类。,slice-91
BIOLOGY,物质出入细胞的方式,bio-kb3-f4-s34-n04,物质出入细胞的方式,,KEEP,「离子和较小的有机分子(如葡萄糖和氨基酸等)的跨膜运输必须借助于转运蛋白」「这也是细胞膜具有选择透过性的结构基础」——转运蛋白与选择透过性总结，属现绑物质出入细胞的方式范围，保留。,slice-91
BIOLOGY,物质出入细胞的方式,bio-mo-cell-129,物质出入细胞的方式,,KEEP,「载体蛋白与通道蛋白的相同点：化学本质均为蛋白质」「通道蛋白只能介导物质顺浓度梯度的被动运输」——两类转运蛋白的异同，属现绑转运蛋白面（前轮裁定归此），保留。,slice-91
BIOLOGY,物质出入细胞的方式,bio-mo-membrane-transport-005,物质出入细胞的方式,,KEEP,「①特异性：一种载体蛋白通常只与一种或一类离子或分子结合」「②饱和性：当细胞膜上的载体蛋白全部参与物质运输后」——载体蛋白的特性，属现绑转运蛋白面（批次4已判保留、前轮改绑至此），保留。,slice-91
BIOLOGY,物质出入细胞的方式,ext-bio-24a80368a2-003,物质出入细胞的方式,,KEEP,「以扩散方式进出、不耗能的称为被动运输，又分为自由扩散和协助扩散」「葡萄糖进入红细胞为协助扩散，进入小肠上皮细胞为主动运输」——概念与同一物质不同细胞的运输方式辨析，正合现绑节点，保留。,slice-91
BIOLOGY,物质出入细胞的方式,ext-bio-362fa1edab-065,物质出入细胞的方式,,KEEP,「分泌蛋白等生物大分子无法像H2O或CO2那样通过自由扩散穿过细胞膜的脂双层」「大分子只能通过胞吞、胞吐进出细胞」——大分子运输归属五类方式的比较，属现绑节点，保留。,slice-91
BIOLOGY,物质出入细胞的方式,ext-bio-362fa1edab-069,物质出入细胞的方式,,KEEP,「胞吞与胞吐的特点：需要消耗能量；不需要载体蛋白」「其结构基础是膜具有一定的流动性」——胞吞胞吐特点与结构基础，属现绑节点，保留。,slice-91
BIOLOGY,物质出入细胞的方式,ext-bio-5f510cdc4a-354,物质出入细胞的方式,,KEEP,「结构基础：生物膜的流动性。」「不需要，但需要膜上蛋白质的协助；是否需要能量：需要。」——胞吞胞吐的结构基础与能量特点，属现绑节点，保留。,slice-91
BIOLOGY,物质出入细胞的方式,ext-bio-5f510cdc4a-409,物质出入细胞的方式,,KEEP,「通过胞吞、胞吐方式运输的物质不一定是颗粒性物质或大分子」「穿过膜的层数和穿过磷脂分子的层数都是0」——胞吞胞吐的三个易错判断，属现绑五类方式中的胞吞与胞吐，保留。,slice-91
BIOLOGY,物质出入细胞的方式,ext-bio-7533a1e1fd-008,物质出入细胞的方式,,KEEP,「先看有没有结合与变构——有则是载体蛋白」「逆浓度梯度且耗能的是主动运输，顺浓度梯度的是协助扩散」——载体蛋白与通道蛋白对比；属现绑转运蛋白面（前轮已由分泌蛋白节点改绑至此），保留。,slice-91
BIOLOGY,物质出入细胞的方式,ext-bio-7533a1e1fd-009,物质出入细胞的方式,,KEEP,「需要结合且构象改变的是载体蛋白；只开通道不结合的是通道蛋白」——载体蛋白与通道蛋白的对比表与判别要点，属现绑转运蛋白面，保留。,slice-91
BIOLOGY,物质出入细胞的方式,ext-bio-8511a381b0-032,物质出入细胞的方式,细胞核的结构和功能,REBIND,「核孔复合体是核质交换的双向选择性亲水通道」「小分子物质（离子和水分子等）能以被动运输方式通过核孔复合体」——通篇核孔复合体的结构与选择性运输，属『细胞核的结构和功能』（已收『核孔复合体的双向选择运输』）。,slice-91
BIOLOGY,物质出入细胞的方式,ext-bio-881f12d357-013b,物质出入细胞的方式,兴奋在神经纤维上的传导,REBIND,「静息电位主要由 K⁺ 外流形成；动作电位的上升支由 Na⁺（或 Ca²⁺）内流形成」——由膜电位判断离子流动方向即该节点的膜电位离子基础（已收『膜电位的离子基础与内外向电流』）；现绑节点只讲五类出入方式。,slice-91
BIOLOGY,物质出入细胞的方式,ext-bio-881f12d357-019,物质出入细胞的方式,兴奋在神经纤维上的传导,REBIND,「无论静息还是兴奋状态，细胞内 K⁺ 浓度都高于细胞外」「静息电位绝对值变大、动作电位不易发生」——通篇膜电位与离子分布；『兴奋在神经纤维上的传导』已收『细胞内外 Na⁺ 与 K⁺ 的浓度分布』『细胞外离子浓度变化对膜电位的影响』。,slice-91
BIOLOGY,物质出入细胞的方式,ext-bio-8c5f3169c5-003,物质出入细胞的方式,,KEEP,「凡题干指出该蛋白与被转运物质结合、且发生构象改变的，均可判断为载体蛋白」——载体蛋白的识别判断，属现绑转运蛋白面（别名已收『载体蛋白与通道蛋白的对比』），保留。,slice-91
BIOLOGY,物质出入细胞的方式,ext-bio-8c6f4cf660-020,物质出入细胞的方式,,KEEP,「特点：要消耗能量；不需要载体蛋白，但需要某些特定的膜蛋白（受体蛋白）的作用」「影响因素为温度和能量等」——胞吞胞吐的特点与影响因素，属现绑节点，保留。,slice-91
BIOLOGY,物质出入细胞的方式,ext-bio-d1d719fa3f-057,物质出入细胞的方式,,KEEP,「自由扩散顺浓度梯度、不需转运蛋白、不消耗能量；协助扩散顺浓度梯度、需转运蛋白、不消耗能量」「都属于协助扩散」——三类方式判别要点，正合现绑节点的比较与判断方法，保留。,slice-91
BIOLOGY,物质出入细胞的方式,ext-bio-fb2ca61d8b-022,物质出入细胞的方式,,KEEP,「胞吞和胞吐主要体现细胞膜的结构特点——流动性」「过程需消耗能量」——胞吞胞吐的特点与结构基础，属现绑五类方式，保留。,slice-91
BIOLOGY,物质循环,bio-fj-01-carbon-oxygen-balance,物质循环,,KEEP,「基本上每个细胞都要进行细胞呼吸，消耗氧气、释放二氧化碳」「有了细胞呼吸和光合作用，才能保持生物圈的碳氧平衡」——现绑别名即《细胞呼吸与光合作用维持生物圈碳氧平衡》,slice-91
BIOLOGY,物质循环,bio-fx-greenhouse-effect,物质循环,,KEEP,「化石燃料大量燃烧使CO2排放增加；森林砍伐使CO2吸收减少」「缓解措施：减少化石燃料燃烧、开发新能源；植树造林增加碳汇」——现绑边界明写「温室效应与碳循环的平衡被打破有关」,slice-91
BIOLOGY,物质循环,bio-mo-ecosystem-017,物质循环,,KEEP,「组成生物体的碳、氢、氧、氮、磷、硫等元素，都在不断进行着从非生物环境到生物群落，又从生物群落到非生物环境的循环过程，这就是生态系统的物质循环」——物质循环的概念与全球性,slice-91
BIOLOGY,物质循环,bio-mo-ecosystem-019,物质循环,,KEEP,「生物体从周围环境吸收、积蓄某种元素或难以降解的化合物，使其在机体内浓度超过环境浓度的现象，称作生物富集」「铅就会沿着食物链逐渐在生物体内聚集」——活库已有『生物富集』节点但未见于 nodes_BIOLOGY.tsv；『食物链』边界仅顺带提及富集，属保留,slice-91
BIOLOGY,物质循环,bio-mo-ecosystem-022,物质循环,,KEEP,「碳在生物群落与非生物环境之间主要是以二氧化碳的形式循环的」「非生物环境中的碳元素进入生物群落依赖光合作用、化能合成作用」——碳循环途径；属现绑节点,slice-91
BIOLOGY,物质循环,bio-mo-ecosystem-023,物质循环,,KEEP,「在生态系统中，碳元素主要以CO2的形式循环，其含义是指碳元素从无机环境进入生物群落以及由生物群落返回无机环境是以CO2的形式进行的」——碳的存在与循环形式；属现绑边界「碳等元素在生物群落与无机环境之间反复循环利用」,slice-91
BIOLOGY,物质循环,ext-bio-584d826789-028,物质循环,,KEEP,「概念：生物体从周围环境吸收、积蓄某种元素或难以降解的化合物…」「特点：具有全球性」「实例：铅、镉或汞等重金属，DDT、六六六等有机化合物」——同上，专节点『生物富集』不在 nodes_BIOLOGY.tsv，无可派目标，属保留,slice-91
BIOLOGY,物质循环,ext-bio-5f510cdc4a-1614,物质循环,,KEEP,「植被被破坏，降低了绿色植物对二氧化碳含量的调节能力」「防治：减少化石燃料燃烧，开发新能源；大力推进植树种草，提高森林覆盖率」——现绑边界明写「温室效应与碳循环的平衡被打破有关」,slice-91
BIOLOGY,物质循环,ext-bio-78a30dbb2e-054,物质循环,,KEEP,「① 碳进入生物群落：生产者的光合作用或化能合成作用」「② 碳出生物群落：动植物的呼吸作用、分解者的分解作用和化石燃料的燃烧」——碳循环途径；属现绑节点,slice-91
BIOLOGY,物质循环,ext-bio-7aebb35df1-004c,物质循环,,KEEP,「蚯蚓以落叶、畜禽粪便为食时是分解者 以线虫为食时是消费者」「随蚯蚓被天敌捕食 污染物会沿食物链传递到天敌体内」——现绑边界明写「分解者和消费者还可能承担污染物沿食物链传递的双重角色」,slice-91
BIOLOGY,物质循环,ext-bio-7aebb35df1-005,物质循环,,KEEP,「磷酸盐升高 到 藻类繁殖 到 耗氧 到 鱼类死亡 到 残体分解释放磷…加剧水体生态退化」「点明这是正反馈调节」——磷的循环失衡链条；『生态系统的稳定性』核心为负反馈调节，材料通篇为元素循环链条，属保留,slice-91
BIOLOGY,物质循环,ext-bio-ead76e685a-010,物质循环,,KEEP,「对照组不做处理，实验组用60℃处理1h；自变量是土壤中是否含微生物」「60℃处理1h的目的是排除土壤微生物的作用，并尽可能避免土壤理化性质改变（不可烘干）」——分解者分解作用实验；活库已有『探究土壤微生物的分解作用』节点但未见于 nodes_BIOLOGY.tsv，无可派目标，属保留,slice-91
BIOLOGY,特异性免疫,ext-bio-07c46f02a2-016,特异性免疫,,KEEP,「MHCⅠ：分布在所有有核细胞…报告细胞内病原体蛋白」「MHCⅡ：分布在抗原呈递细胞中」——抗原呈递的分子基础；更新包内已建『MHC与抗原呈递』（收同源块《MHC分子的分类与抗原呈递功能》），但该 slug 不在 judge-kit TSV 中，按本轮规则不改绑，保留待复核。,slice-91
BIOLOGY,特异性免疫,ext-bio-281a882fd7-039,特异性免疫,细胞免疫,REBIND,「如果再次遇到相同的抗原，记忆T细胞会立即分化为细胞毒性T细胞，迅速、高效地产生免疫反应」——即细胞免疫的再次应答；靶节点『细胞免疫』边界即『侧重…再次感染时记忆应答的来源』，已收《细胞免疫中各细胞的作用与再次感染的来源》。,slice-91
BIOLOGY,特异性免疫,ext-bio-2907715275-002b,特异性免疫,,KEEP,「抗体只能作用于细胞外的病原体；对胞内寄生的病原体（病毒、某些细菌），必须先由细胞毒性 T 细胞裂解靶细胞」——两种免疫的分工配合；现绑已收《体液免疫与细胞免疫的协调配合》同族，『细胞免疫』『体液免疫』亦各收同族材料，无法唯一改绑，保留。,slice-91
BIOLOGY,环境因素参与调节植物的生命活动,bio-kb3-f2-s2-4-n05,环境因素参与调节植物的生命活动,脱水缩合,REBIND,「这种结合方式叫做脱水缩合，形成的化学键叫做肽键」——通篇氨基酸脱水缩合形成肽键，与现绑『环境因素参与调节植物的生命活动』零对应；靶区『脱水缩合』边界即形成肽链的过程及其与肽键的关系，同族材料在册。,slice-91
BIOLOGY,环境因素参与调节植物的生命活动,bio-kb3-f2-s2-4-n07,环境因素参与调节植物的生命活动,蛋白质的结构及其多样性,REBIND,「组成蛋白质的氨基酸的种类、数目、排列顺序不同，肽链盘曲、折叠方式及其形成的空间结构不同」——蛋白质多样性成因，与现绑『环境因素参与调节植物的生命活动』零对应；『蛋白质的结构及其多样性』已收多条结构多样性原因同族。,slice-91
BIOLOGY,环境因素参与调节植物的生命活动,bio-mo-plant-hormone-022,环境因素参与调节植物的生命活动,,KEEP,「在自然界中，种子萌发，植株生长、开花、衰老，等等，都会受到光的调控」「光作为一种信号，影响、调控植物生长、发育的全过程」——光对植物生命活动的调节，属现绑节点核心面，保留。,slice-91
BIOLOGY,环境因素参与调节植物的生命活动,bio-mo-plant-hormone-025,环境因素参与调节植物的生命活动,,KEEP,「“淀粉—平衡石假说”是被普遍承认的一种解释重力对植物生长调节的机制」——重力感受机制（平衡石细胞），现绑节点含重力调节面，库内无重力专节点，保留。,slice-91
BIOLOGY,环境因素参与调节植物的生命活动,ext-bio-449af6bec2-001d,环境因素参与调节植物的生命活动,生长素,REBIND,「传统解释认为向光弯曲是背光面生长素多所致」「若在黑暗中喷洒 IAA 抑制物，被喷一侧生长慢」——通篇向日葵向光弯曲的IAA与抑制物机制；库内同族（植物的向光性及其两个原因解释、植物向光生长的原因）均在『生长素』，其边界含单侧光引起弯曲生长。,slice-91
BIOLOGY,环境因素参与调节植物的生命活动,ext-bio-46ec017dac-001c,环境因素参与调节植物的生命活动,,KEEP,「如蓝光是植物重要的光信号之一，能作为信号调控植物生长」——光作为信号调控植物生命活动，正落现绑『环境因素参与调节植物的生命活动』的光调节面；末段吸收光谱与红蓝光比属色素邻域余料，保留。,slice-91
BIOLOGY,环境因素参与调节植物的生命活动,ext-bio-5f510cdc4a-1459,环境因素参与调节植物的生命活动,,KEEP,「控制植物开花及其他光周期现象的是夜长（暗期的长度）而非日长」「照射红光后Pr转变为Pfr、照射远红光后Pfr转变为Pr」——光周期现象与光敏色素Pr/Pfr转化，现绑别名逐字同名，保留。,slice-91
BIOLOGY,环境因素参与调节植物的生命活动,ext-bio-c2d567efb7-021,环境因素参与调节植物的生命活动,影响光合作用强度的环境因素,REBIND,「温度主要通过影响与光合作用有关酶的活性而影响光合速率，主要制约暗反应」「冬季温室栽培可适当增加昼夜温差」——温度对光合速率的影响与昼夜温差应用；前轮昼夜温差材料即在『影响光合作用强度的环境因素』。,slice-91
BIOLOGY,环境因素参与调节植物的生命活动,ext-bio-c2d567efb7-024,环境因素参与调节植物的生命活动,影响光合作用强度的环境因素,REBIND,「水分作为光合作用的原料，同时通过影响气孔的开闭(气孔导度)间接影响CO2进入植物体」——水分对光合速率的影响与合理灌溉；归『影响光合作用强度的环境因素』（该节点已收“水及矿质元素”系列）。,slice-91
BIOLOGY,环境因素参与调节植物的生命活动,ext-bio-c2d567efb7-025,环境因素参与调节植物的生命活动,影响光合作用强度的环境因素,REBIND,「N是各种酶以及NADPH和ATP的重要组成成分，P是NADPH和ATP的重要组成成分，Mg是叶绿素的重要组成成分」——矿质元素对光合作用的影响与合理施肥；『影响光合作用强度的环境因素』别名含“矿质元素对光合作用的影响”。,slice-91
BIOLOGY,环境因素参与调节植物的生命活动,ext-bio-cda93b042c-018,环境因素参与调节植物的生命活动,影响光合作用强度的环境因素,REBIND,「温度过高时植物气孔部分关闭或酶活性降低，光合速率会减弱，出现光合午休现象」——温度对光合速率的影响与光合午休；『影响光合作用强度的环境因素』已收同族（环境因素分析·温度、光合午休）。,slice-91
BIOLOGY,环境因素参与调节植物的生命活动,ext-bio-d836b53afc-009,环境因素参与调节植物的生命活动,,KEEP,「温度可以通过影响种子萌发、植株生长、开花结果和叶的衰老、脱落等生命活动参与调节植物的生长发育」「根的向地生长与茎的背地生长是重力影响的结果」——温度与重力对植物生命活动的调节及整体调控，正对现绑节点，保留。,slice-91
BIOLOGY,环境因素参与调节植物的生命活动,ext-bio-f7bf8a79a5-058,环境因素参与调节植物的生命活动,影响光合作用强度的环境因素,REBIND,「光照与黑暗间隔处理比一直连续光照有机物积累更多，因为交替进行可使NADPH和ATP及时利用和再生」——间隔光照法提高光能利用率；前轮同题『间隔光照』材料即在『影响光合作用强度的环境因素』。,slice-91
BIOLOGY,环境因素参与调节植物的生命活动,ext-bio-f7bf8a79a5-100,环境因素参与调节植物的生命活动,影响光合作用强度的环境因素,REBIND,「水是光合作用的原料，缺水直接影响光合作用」「缺水又会导致叶片气孔关闭，限制CO2进入叶片」——水分对光合速率的影响；『影响光合作用强度的环境因素』已收同族（影响光合作用的环境因素分析·水及矿质元素），现绑节点讲的是光温重力对生长发育的调节。,slice-91
BIOLOGY,生态位,ext-bio-5f510cdc4a-1550,生态位,群落的结构,REBIND,「由于阳光、温度和水分等随季节而变化，群落的外貌和结构也会随之发生有规律的变化」「动物的季节性迁徙、冬眠和夏眠等」——群落的时间维度（季节性）变化，非物种地位与角色；同题『群落的季节性』『群落的季节性变化』均绑『群落的结构』。,slice-91
BIOLOGY,生态工程,bio-mo-environment-002,生态工程,,KEEP,「生活方式不同，生态足迹的大小可能不同。」「与步行相比，开车出行会增大生态足迹。」——生态足迹条，与同节点《生态足迹又叫生态占用》《生态足迹是从人类的角度出发》同族；库内无『生态足迹』专节点，保留并点名供节点级处理。,slice-91
BIOLOGY,生态工程,ext-bio-7aebb35df1-003c,生态工程,,KEEP,「免耕播种和秸秆覆盖还田既保护了黑土地 提升了土壤肥力 又增加了作物产量」「该技术兼顾经济效益与生态保护 符合生态工程的整体原理」——正对现绑『生态工程』原理判断。,slice-91
BIOLOGY,生态工程,ext-bio-7aebb35df1-010,生态工程,,KEEP,「生态工程的整体原理要求生态建设兼顾自然、经济、社会三方面效益」「又适配城市发展、居民生活需求 体现了整体原理」——整体原理的实例判断属现绑边界“基本原理的判断与应用”；余段就地保护、直接价值为同章生物多样性内容，主体仍是整体原理，保留。,slice-91
BIOLOGY,生态工程,ext-bio-ead76e685a-024,生态工程,,KEEP,「由生物组分而产生的自组织、自我调节、自我优化、自我更新和维持就是系统的自生」「措施为考虑生物与生物、生物与环境的协调与适应，并需要考虑环境容纳量」——自生与协调两原理的定义与措施，正在现绑『生态工程』边界“对整体性、协调性等基本原理的判断与应用”内。,slice-91
BIOLOGY,生态工程,ext-bio-ead76e685a-025,生态工程,,KEEP,「整体：定义是系统建设以整体观为指导…关键词为各类好处或效益，如社会效益、自然效益、经济效益」「循环：…理论依据是生态系统的物质循环」——生态工程的整体/循环原理，正对现绑『生态工程』。,slice-91
BIOLOGY,生态系统的稳定性,bio-mo-ecosystem-034,生态系统的稳定性,,KEEP,「一般来说，生态系统中的组分越多，食物网越复杂，其自我调节能力就越强，抵抗力稳定性就越高」——组分与营养结构复杂度对抵抗力稳定性的影响，正合现绑边界“一般来自生物多样性和营养结构复杂程度的影响”。,slice-91
BIOLOGY,生态系统的稳定性,bio-mo-ecosystem-038,生态系统的稳定性,,KEEP,「在一般情况下，抵抗力稳定性与恢复力稳定性往往呈负相关」——两种稳定性的关系，别名同名在册，属现绑『生态系统的稳定性』。,slice-91
BIOLOGY,生态系统的稳定性,bio-mo-ecosystem-040,生态系统的稳定性,反馈调节,REBIND,「反馈是指在一个系统中，系统本身工作的效果反过来又作为信息调节该系统的工作」「这属于分级调节，而不能称之为“正反馈调节”」——通篇反馈调节的概念与类型及分级调节辨析；『反馈调节』边界即“讲反馈调节的概念与类型…辨析反馈调节与分级调节的关系”，且已收同题『正反馈与负反馈调节的辨析』。,slice-91
BIOLOGY,生态系统的稳定性,bio-mo-ecosystem-041,生态系统的稳定性,,KEEP,「负反馈调节：是生态系统自我调节能力的基础，能使生态系统保持相对平衡」「正反馈调节：若一个湖泊受到的污染超过其自我调节能力，则污染会越来越严重」——生态系统层面的反馈调节，现绑边界逐字含“核心机制是负反馈调节”。,slice-91
BIOLOGY,生态系统的稳定性,ext-bio-78a30dbb2e-085,生态系统的稳定性,,KEEP,「自我调节能力的基础是生态系统中普遍存在的负反馈调节」「负反馈调节不仅存在于生物群落内部，也存在于生物群落与无机环境之间」——正合现绑边界“核心机制是负反馈调节”。,slice-91
BIOLOGY,生态系统的稳定性,ext-bio-7aebb35df1-005b,生态系统的稳定性,,KEEP,「生态系统的自我调节能力有限 干扰超过一定限度就会破坏生态系统的结构和功能 导致其稳定性下降」——首项正合现绑边界“自我调节能力有一定限度”；后四项（垂直分层、演替等）散跨他节点、无单一承接，保守保留。,slice-91
BIOLOGY,生态系统的结构,bio-fx-bacteria-role-judgment,生态系统的结构,,KEEP,「硝化细菌、光合细菌是生产者（化能合成、光合作用）」「蚯蚓、蜣螂、秃鹫以腐生方式取食，属于分解者」。细菌与动物不一定属分解者，属现绑节点易错辨析。,slice-91
BIOLOGY,生态系统的结构,bio-mo-ecosystem-001,生态系统的结构,,KEEP,「在一定空间内，由生物群落与它的非生物环境相互作用而形成的统一整体，叫作生态系统」。生态系统的概念，现绑别名含『生态系统的概念：群落与无机环境的统一整体』。,slice-91
BIOLOGY,生态系统的结构,bio-mo-ecosystem-004,生态系统的结构,,KEEP,「食物链上一般不超过五个营养级，只含有生产者和消费者」「食物链彼此相互交错连接成的复杂营养关系，就是食物网」。营养结构明写于现绑边界『食物链、食物网构成的营养结构』。,slice-91
BIOLOGY,生态系统的结构,bio-mo-ecosystem-006,生态系统的结构,,KEEP,「植物≠生产者：菟丝子属于植物，营寄生生活，是消费者」「细菌≠分解者：硝化细菌和光合细菌是自养型生物，属于生产者」。三个不等于，属现绑节点。,slice-91
BIOLOGY,生态系统的结构,ext-bio-5f510cdc4a-111,生态系统的结构,,KEEP,「生活在肠道中的生物为消费者，生活在腐烂有机物中的生物为分解者」「生产者和分解者是把生物群落和非生物环境紧密联系起来的成分」。成分归属判断，属现绑节点。,slice-91
BIOLOGY,生态系统的结构,ext-bio-5f510cdc4a-1619,生态系统的结构,,KEEP,「土壤中存在种类、数目繁多的细菌、真菌等微生物，它们在生态系统中一般作为分解者」「方案一…实验组对土壤作60摄氏度处理1小时」。分解者作用与探究方案，属现绑节点分解者族。,slice-91
BIOLOGY,生态系统的结构,ext-bio-f5ba648636-007,生态系统的结构,,KEEP,「主要组成：光、热、水、空气、无机盐等」「为生物提供物质和能量，是生物群落赖以生存和发展的基础」。非生物的物质和能量的组成与地位，现绑别名同题。,slice-91
BIOLOGY,生态系统的结构,ext-bio-f5ba648636-012,生态系统的结构,,KEEP,「生产者…是生态系统的基石」「消费者…是最活跃的成分」「分解者…将动植物遗体和动物的排遗物分解成无机物…是关键成分」。三大生物成分比较，属现绑节点。,slice-91
BIOLOGY,生物变异的类型,ext-bio-16229459bd-010,生物变异的类型,基因突变,REBIND,「基因突变形成新性状并产生新基因（等位基因），是生物变异的根本来源，是生物进化的原始材料」——靶节点『基因突变』已收同题《基因突变的意义：生物变异的根本来源，为进化提供原材料》。,slice-91
BIOLOGY,生物变异的类型,ext-bio-16229459bd-038,生物变异的类型,,KEEP,「基因突变产生新的基因，是生物变异的根本来源；基因重组产生新的基因型…是生物多样性的重要原因」——两变异比较；现绑已收《基因突变、基因重组与染色体变异的比较》同族，『基因重组』另收《比较项目、基因突变、基因重组》，两处各有依据，保留。,slice-91
BIOLOGY,生物变异的类型,ext-bio-bfbb639c07-083,生物变异的类型,基因突变,REBIND,「镰状细胞贫血形成的直接原因是血红蛋白分子结构的改变，根本原因是控制血红蛋白分子合成的基因结构发生改变」「基因突变通常发生在有丝分裂或减数第一次分裂前的间期」——靶节点已收《基因突变的概念与特点》《基因突变发生的时间与遗传性》等同族。,slice-91
BIOLOGY,生物变异的类型,ext-bio-d00f326556-033,生物变异的类型,,KEEP,「可遗传变异来源于基因突变、染色体变异和基因重组，为生物进化提供原材料」「生物突变的有利和有害不是绝对的，往往取决于生物的生存环境」——与现绑已收《可遗传变异作为进化的原材料》同点，多节点并有同族材料，保留。,slice-91
BIOLOGY,生物变异的类型,ext-bio-d00f326556-034,生物变异的类型,,KEEP,「突变（基因突变和染色体变异）产生新的等位基因；基因重组形成多种多样的基因型」「可遗传变异是进化的原材料…不能决定生物进化的方向」——现绑已收《可遗传变异作为进化的原材料》同点，『基因重组』另有同题材料，两处各有依据，保留。,slice-91
BIOLOGY,生物多样性,bio-ecology-protection-measures,生物多样性,,KEEP,「就地保护：建立自然保护区——最有效的措施」「易地保护：移入动物园、濒危动植物繁育中心」——生物多样性保护三类措施；现绑『生物多样性』已收《保护生物多样性的措施》《就地保护与易地保护的适用条件辨析》同族。,slice-91
BIOLOGY,生物多样性,bio-mo-environment-011,生物多样性,,KEEP,「易地保护是指把保护对象从原地迁出，在异地进行专门保护」——易地保护定义；现绑『生物多样性』别名逐字含本条标题，同类《保护生物多样性的措施》《就地保护与易地保护的适用条件辨析》在册。,slice-91
BIOLOGY,生物多样性,bio-mo-environment-015,生物多样性,,KEEP,「引进物种和入侵物种不完全一致：引进物种不一定都会破坏生态环境」——引入种与入侵种辨析；现绑『生物多样性』别名逐字同题，边界含入侵种内容。,slice-91
BIOLOGY,生物多样性,ext-bio-6d40646fb7-027,生物多样性,,KEEP,「在原地对被保护的生态系统或物种建立自然保护区以及国家公园等」「这是对生物多样性最有效的保护」——就地保护含义与「最有效」限定；现绑『生物多样性』别名逐字同题。,slice-91
BIOLOGY,生物多样性,ext-bio-6f769aa6e2-010c,生物多样性,,KEEP,「入侵种入侵后常在入侵地草本层成为单一优势种」「农药防治属于化学防治 在防控入侵种的同时会对本地植物尤其是草本植物造成伤害」——入侵种与化学防治弊端；现绑边界明写“延伸涉及入侵种的特点、化学防治的弊端与干扰强度对多样性的影响”。,slice-91
BIOLOGY,生物多样性,ext-bio-7aebb35df1-007,生物多样性,,KEEP,「某区域这5年人均生态承载力高于人均生态足迹 所以处于生态盈余的状态」「建立国家公园属于就地保护 建立国家植物园属于易地保护」——生态足迹/盈余与保护措施；现绑『生物多样性』已收《生态足迹 全球生态环境问题与生物多样性保护》同族。,slice-91
BIOLOGY,生物大分子以碳链为骨架,bio-fx-monomer-polymer-map,生物大分子以碳链为骨架,,KEEP,「单糖（葡萄糖）→多糖（淀粉、糖原、纤维素）」「氨基酸（约21种）→蛋白质」「核苷酸（8种）→核酸」——单体与多聚体对应关系；现绑『生物大分子以碳链为骨架』边界即单体/多聚体，保留。,slice-91
BIOLOGY,生物大分子以碳链为骨架,ext-bio-ebddc22a2c-049,生物大分子以碳链为骨架,,KEEP,「每一个单体都由若干个相连的碳原子构成的碳链为骨架，生物大分子以碳链为基本骨架」「注意脂肪不属于大分子但仍以碳链为骨架」——碳链骨架与单体多聚体，属现绑『生物大分子以碳链为骨架』，保留。,slice-91
BIOLOGY,生物学实验技术与方法,ext-bio-07c46f02a2-005,生物学实验技术与方法,探究动植物生命活动调节实验的思路与方法,REBIND,「摘除法（减法原理）：手术摘除内分泌腺，出现症状」「摘除加注射法」「摘除加移植法」。即研究激素功能的三种实验方法，目标节点边界『说明切除、注射、阉割、移植等方法验证激素功能的实验思路』吻合。,slice-91
BIOLOGY,生物学实验技术与方法,ext-bio-1b3070f1b8-022,生物学实验技术与方法,,KEEP,「熔化，用电泳缓冲液配制质量体积比0.8%~1.2%的琼脂糖溶液」「倒模…③凝固，待凝胶完全凝固后小心拔出梳子」。制胶属实验操作流程；TSV无『琼脂糖凝胶电泳』节点（仅『遗传系谱图和电泳图谱分析』收原理与判读），保留。,slice-91
BIOLOGY,生物学实验技术与方法,ext-bio-1b3070f1b8-023,生物学实验技术与方法,,KEEP,「向电泳槽加入电泳缓冲液，以没过凝胶约1mm为宜」「按电泳槽阳极至阴极的距离设定电压（一般1~5V/cm）」。加液加样与电泳操作为实验技术方法；TSV无电泳操作专节点，保留。,slice-91
BIOLOGY,生物学实验技术与方法,ext-bio-1de8d85aa8-013b,生物学实验技术与方法,基因位置的判断方法,REBIND,「染色体片段缺失会造成所缺失区段上的基因丢失。比较若干株缺失不同片段的个体与野生型的表型」「即可把目的基因定位到若干片段重叠的区域」。缺失体定位基因，目标节点别名『利用三体、单体或缺体定位基因』在册。,slice-91
BIOLOGY,生物学实验技术与方法,ext-bio-1de8d85aa8-015,生物学实验技术与方法,遗传系谱图和电泳图谱分析,REBIND,「用相应引物进行 PCR 扩增目标区段，再用该限制酶充分酶切，然后电泳检测条带」「杂合子酶切后出现三条条带」。即PCR-酶切-电泳鉴定基因型，目标节点同名别名『用PCR与限制酶切电泳鉴定基因型』在册。,slice-91
BIOLOGY,生物学实验技术与方法,ext-bio-1e2cbd06a1-014,生物学实验技术与方法,微生物的培养,REBIND,「选择30～300个菌落的平板进行计数；每个稀释度至少取3个平板取其平均值」「统计的菌落往往比活菌的实际数目低」。稀释涂布平板法计数，目标节点别名『两种微生物计数方法的原理与公式』在册。,slice-91
BIOLOGY,生物学实验技术与方法,ext-bio-376bd04002-005,生物学实验技术与方法,,KEEP,「DNA不溶于酒精，某些蛋白质溶于酒精；DNA在不同浓度的NaCl溶液中的溶解度不同，可溶于2mol/L的NaCl溶液」「预冷的酒精溶液…白色丝状物就是粗提取的DNA」。粗提取属实验技术方法；TSV无『DNA的粗提取与鉴定』节点，保留。,slice-91
BIOLOGY,生物学实验技术与方法,ext-bio-376bd04002-011,生物学实验技术与方法,遗传系谱图和电泳图谱分析,REBIND,「一般使用的电泳缓冲液pH＝8，DNA分子带负电荷，在电场中DNA便向正极泳动」「Marker是指示分子大小的标准参照物」。目标节点别名『DNA电泳中片段迁移速率的判断依据』『电泳条带异常与 Marker 的作用』在册。,slice-91
BIOLOGY,生物学实验技术与方法,ext-bio-4edfc14d16-011,生物学实验技术与方法,,KEEP,「微量离心管、枪头和蒸馏水等在使用前必须进行高压灭菌处理」「猪成熟红细胞没有细胞核和众多细胞器、不含DNA，不能替代猪肝细胞」。PCR防污染与粗提取选材的混合条目；TSV无粗提取/电泳专节点，保留。,slice-91
BIOLOGY,生物学实验技术与方法,ext-bio-5751e111f8-006,生物学实验技术与方法,,KEEP,「科学探究通常包括提出问题、作出假设、制订计划、实施计划、得出结论、表达和交流等环节」。科学探究的一般环节属实验技术方法；TSV无科学探究专节点，保留。,slice-91
BIOLOGY,生物学实验技术与方法,ext-bio-5b6cb16a7f-016,生物学实验技术与方法,基因的表达,REBIND,「则说明B在上游、A在下游 即B调控A」「用双荧光素酶报告基因系统检测启动子活性」。基因表达调控的实验设计，目标节点别名『基因表达调控与几个易混概念』『启动子的概念与条件性表达设计』在册。,slice-91
BIOLOGY,生物学实验技术与方法,ext-bio-5f510cdc4a-1991,生物学实验技术与方法,,KEEP,「DNA不溶于酒精，但某些蛋白质溶于酒精，可据此初步分离DNA与蛋白质」「DNA遇二苯胺试剂（沸水浴）会呈现蓝色」。DNA粗提取与鉴定原理；TSV无该节点，保留。,slice-91
BIOLOGY,生物学实验技术与方法,ext-bio-87ebe669c6-017b,生物学实验技术与方法,分子标记与基因定位流程,REBIND,「不同染色体具有各自的特异SSR 因此可以把SSR当作染色体的身份标记」「若某表现型的个体几乎都只扩增出某一亲本的SSR」。用SSR把基因定位到染色体，目标节点别名『电泳法与SSR标记定位基因』在册。,slice-91
BIOLOGY,生物学实验技术与方法,ext-bio-87ebe669c6-026b,生物学实验技术与方法,分子标记与基因定位流程,REBIND,引文订正：「SNP是单个核苷酸变异引起的DNA序列多态性」…「与目的基因共分离的SNP指示基因所在染色体」——用SNP分子标记定位基因，目标节点别名『分子标记与基因定位的四步流程』在册。,slice-91
BIOLOGY,生物学实验技术与方法,ext-bio-87ebe669c6-029b,生物学实验技术与方法,,KEEP,「将待测DNA变性为单链 再用根据基因的某一条链设计的探针与单链DNA杂交」「核酸杂交可用于家系成员的基因型判断与产前诊断」。分子杂交诊断属实验技术方法；TSV无『基因诊断/分子杂交』专节点，保留。,slice-91
BIOLOGY,生物学实验技术与方法,ext-bio-9869eb9e2d-002b,生物学实验技术与方法,遗传系谱图和电泳图谱分析,REBIND,「在凝胶中DNA分子的迁移速率与凝胶的浓度、DNA分子的大小和构象等有关」「相对分子质量大的DNA分子迁移速率较小 距点样孔较近」。电泳原理与结果判读，目标节点别名『电泳图谱的原理与信息获取』在册。,slice-91
BIOLOGY,生物学实验技术与方法,ext-bio-e3b6cf4e9f-002,生物学实验技术与方法,dna的复制,REBIND,「研究DNA复制方式运用假说-演绎法：①提出问题（DNA是如何复制的）；②作出假说（推测可能的复制方式）」。源出《第26-2讲 DNA的复制》课件，目标节点已收『DNA复制方式的三种假说』『DNA半保留复制的实验证据与演绎推理思路』。,slice-91
BIOLOGY,生物学实验技术与方法,ext-bio-ebfeb853c3-175,生物学实验技术与方法,遗传系谱图和电泳图谱分析,REBIND,「在电场作用下向与其所带电荷相反的电极移动，这个过程就是电泳」「不同大小的DNA片段迁移速率不同…琼脂糖凝胶电泳能用于分离、鉴定和纯化DNA片段」。电泳原理，目标节点别名『琼脂糖凝胶电泳的原理』在册。,slice-91
BIOLOGY,生物学实验技术与方法,ext-bio-f7bf8a79a5-111,生物学实验技术与方法,测定光合速率与呼吸速率的常用方法,REBIND,「在没有初始值的情况下，白瓶中测得的现有量减去黑瓶中测得的现有量等于总光合作用量」。与目标节点边界『黑白瓶法有初始值时可分别求出呼吸量与净光合量，无初始值时只能求总光合量』一致。,slice-91
BIOLOGY,生物学实验技术与方法,ext-bio-f7bf8a79a5-114,生物学实验技术与方法,测定光合速率与呼吸速率的常用方法,REBIND,「测定时叶片一半遮光、一半曝光，分别测定两半叶的干物质重量，进而计算真正光合速率、呼吸速率和净光合速率」。半叶法即测光合速率的方法，目标节点别名『半叶法、叶圆片称重法与黑白瓶法』在册。,slice-91
BIOLOGY,生物学实验技术与方法,ext-bio-f7bf8a79a5-115,生物学实验技术与方法,测定光合速率与呼吸速率的常用方法,REBIND,「通过测定单位时间、单位面积叶片中淀粉的生成量，以有机物的变化量测定光合速率（S为叶圆片面积）」「净光合速率＝（z－y）/2S」。叶圆片称重法测光合速率，目标节点别名『第11讲 细胞代谢综合分析·叶圆片称重法』在册。,slice-91
BIOLOGY,生物学实验技术与方法,ext-bio-f83dfd45c1-006,生物学实验技术与方法,,KEEP,「刚果红可与纤维素形成红色复合物，但不与纤维素的水解产物发生这种反应」「凝胶出现无色区域：说明该处纤维素已被水解，酶具有催化活性」。是判酶活的染色实验，非『微生物的培养』的筛选内容，保留。,slice-91
BIOLOGY,生物有共同祖先的证据,ext-bio-1de8d85aa8-006b,生物有共同祖先的证据,,KEEP,「从共同祖先逐渐演变出不同物种的过程体现了共同由来学说（所有生物有共同祖先）」「分支越早（越靠近基部）的类群越原始、越低等，其化石出现在更古老的地层中，首次出现地层的年龄」——共同祖先与化石证据的读图推断，属现绑节点（无进化树专节点，保留）。,slice-91
BIOLOGY,生长素,ext-bio-1a6b8873af-001,生长素,,KEEP,「①②对照说明向光弯曲生长与尖端有关，①③④对照说明感光部位在尖端」——达尔文父子实验的场景与结论，属现绑发现历程，保留。,slice-91
BIOLOGY,生长素,ext-bio-1a6b8873af-002,生长素,,KEEP,「结论是胚芽鞘尖端产生的影响可以透过琼脂片传递给下部」「弯曲生长是因为尖端产生的影响在其下部分布不均匀造成的」——生长素发现历程实验，属现绑边界，别名逐字同题，保留。,slice-91
BIOLOGY,生长素,ext-bio-5f510cdc4a-1378,生长素,,KEEP,「生长素产生部位：胚芽鞘尖端」「感受单侧光刺激的部位：胚芽鞘尖端」——胚芽鞘实验结论属现绑发现历程；库内同族（达尔文、詹森、拜尔实验）均在『生长素』，保留。,slice-91
BIOLOGY,生长素,ext-bio-5f510cdc4a-1381,生长素,,KEEP,「单侧光照射后，胚芽鞘背光一侧的生长素含量多于向光一侧，因而引起两侧的生长不均匀，从而造成向光弯曲」——向光性原因，现绑边界含单侧光致分布不均，别名逐字同题，保留。,slice-91
BIOLOGY,生长素的两重性,ext-bio-5f510cdc4a-1386,生长素的两重性,,KEEP,「植物的顶芽优先生长，而侧芽生长受抑制的现象」「摘除顶芽」——顶端优势概念、成因与解除，现绑『生长素的两重性』边界即“顶端优势是两重性的典型表现”。,slice-91
BIOLOGY,生长素的两重性,ext-bio-d836b53afc-004,生长素的两重性,,KEEP,「顶芽产生的生长素向下运输，在侧芽处积累，使侧芽处的生长素浓度过高而抑制侧芽生长」「若把顶芽或侧芽处的浓度对应到生长素浓度曲线上」——顶端优势成因，现绑『生长素的两重性』边界即“顶端优势是两重性的典型表现”。,slice-91
BIOLOGY,用高倍显微镜观察叶绿体和细胞质的流动,bio-kb3-f4-s23-n03,用高倍显微镜观察叶绿体和细胞质的流动,,KEEP,「实验选材藓类叶(或菠菜叶、番薯叶等)、新鲜的黑藻」——实验选材；现绑节点边界即『实验·观察叶绿体·选材：藓类叶…新鲜的黑藻』，保留。,slice-91
BIOLOGY,用高倍显微镜观察叶绿体和细胞质的流动,bio-kb3-f4-s23-n04,用高倍显微镜观察叶绿体和细胞质的流动,,KEEP,「①制作临时装片：a.藓类小叶(或菠菜叶稍带些叶肉的下表皮)放入盛有清水的培养皿中」「b.载玻片中央滴一滴清水」——观察叶绿体的制片流程；现绑节点即该实验，同系列《实验原理（一）（二）》已收，保留。,slice-91
BIOLOGY,用高倍显微镜观察叶绿体和细胞质的流动,bio-kb3-f4-s23-n05,用高倍显微镜观察叶绿体和细胞质的流动,,KEEP,「将实验用的黑藻放在光照、室温条件下培养」「观察叶绿体的形态和分布情况」——实验流程（观察与培养）；现绑节点即该实验流程族，保留。,slice-91
BIOLOGY,用高倍显微镜观察叶绿体和细胞质的流动,bio-kb3-f4-s23-n06,用高倍显微镜观察叶绿体和细胞质的流动,,KEEP,「用镊子从新鲜枝上取一片幼嫩的小叶」「幼嫩小叶放入水滴中」——观察细胞质流动的制片流程（黑藻）；现绑节点收《实验流程（一）～（四）》同族，保留。,slice-91
BIOLOGY,用高倍显微镜观察叶绿体和细胞质的流动,bio-kb3-f4-s23-n07,用高倍显微镜观察叶绿体和细胞质的流动,,KEEP,「注意观察叶绿体随着细胞质流动的情况」「仔细观察每个细胞中细胞质流动的方向是否一致」——观察细胞质流动的要点；现绑节点收《观察细胞质流动的操作步骤》同族，保留。,slice-91
BIOLOGY,用高倍显微镜观察叶绿体和细胞质的流动,ext-bio-bea581efd1-016,用高倍显微镜观察叶绿体和细胞质的流动,,KEEP,「叶绿体呈绿色、扁平的椭球或球形，随细胞质流动，自身也可转动」「实验过程中的临时装片要始终保持有水状态」——实验结果与注意事项；现绑节点收同名《实验结果、结论与操作注意事项》，保留。,slice-91
BIOLOGY,甲状腺激素,ext-bio-07c46f02a2-008b,甲状腺激素,,KEEP,「下丘脑—垂体—甲状腺轴；下丘脑—垂体—肾上腺皮质轴；下丘脑—垂体—性腺轴」「可以放大激素的调节效应，形成多级反馈」——分级调节的含义与轴系，现绑别名逐字含本题名。,slice-91
BIOLOGY,甲状腺激素,ext-bio-f66e8d6ea1-064,甲状腺激素,,KEEP,「下丘脑、垂体和靶腺体之间存在的分层调控，称为分级调节」「意义：可以放大激素的调节效应，形成多级反馈」——分级调节的概念与类型，别名逐字含本题名；『激素』节点亦收同级材料，按先例保留（见备注）。,slice-91
BIOLOGY,电子传递过程的三步定位法,ext-bio-5f510cdc4a-529,电子传递过程的三步定位法,,KEEP,「糖酵解：在细胞质基质中…丙酮酸经扩散作用进入线粒体…乙酰CoA参与三羧酸循环」——现绑别名即『糖酵解与三羧酸循环的场所与产物』，正合边界『场所由过程所处阶段决定』，保留。,slice-91
BIOLOGY,电子传递过程的三步定位法,ext-bio-b75d0f5764-030,电子传递过程的三步定位法,,KEEP,「H+沿着线粒体内膜上ATP合酶内部的通道流回线粒体基质，推动了ATP的合成」——与现绑别名『电子传递与ATP合成的偶联机制』同题，边界亦盯『线粒体的H⁺梯度方向』，保留。,slice-91
BIOLOGY,疫苗,ext-bio-2907715275-006,疫苗,,KEEP,「再次接种（加强免疫）时，体内已有的记忆 B 细胞迅速增殖分化为浆细胞，产生大量抗体」「一个疫苗分子通常具有多个不同的抗原位点」——正落在现绑边界『初次接种与加强接种的抗体应答差异』，保留。,slice-91
BIOLOGY,病毒,ext-bio-5f510cdc4a-819,病毒,噬菌体侵染细菌实验,REBIND,「第一步是吸附，即尾部附着在细菌的细胞壁上，然后进行侵入」「像注射器一样把头部的DNA注入细菌细胞，其蛋白质外壳留在细胞壁外」——T2侵染过程细节；『病毒』边界自述不涉及感染过程细节，目标节点已收《噬菌体侵染过程与增殖条件》。,slice-91
BIOLOGY,病毒,ext-bio-9bb1ae91a7-013,病毒,噬菌体侵染细菌实验,REBIND,「增殖过程：吸附→注入→合成→组装→释放」「先用含放射性同位素的培养基培养大肠杆菌，再用标记后的大肠杆菌培养T2噬菌体」——T2组成、增殖与标记；目标节点已收《T2噬菌体的结构组成与元素分布》《被标记噬菌体的获得方式》同型材料。,slice-91
BIOLOGY,目的基因的检测与鉴定,ext-bio-1b3070f1b8-018,目的基因的检测与鉴定,,KEEP,「一般电泳缓冲液pH≈8，DNA分子带负电荷，在电场中向正极泳动，样品点样孔应靠近负极」——电泳原理；属现绑节点的电泳检测链，别名逐字含本条标题。,slice-91
BIOLOGY,目的基因的检测与鉴定,ext-bio-1b3070f1b8-019,目的基因的检测与鉴定,,KEEP,「琼脂糖凝胶具有网络结构（孔径），孔径大小与琼脂糖浓度有关」「DNA分子的迁移速率与凝胶的浓度、DNA分子的大小和构象等有关」——琼脂糖凝胶电泳分离原理；属现绑检测链，别名逐字含本条标题。,slice-91
BIOLOGY,目的基因的检测与鉴定,ext-bio-1b3070f1b8-020,目的基因的检测与鉴定,,KEEP,「EB能插入DNA分子的碱基对之间与DNA结合」「其荧光强度与DNA分子的含量成正比」——核酸染色剂显色原理；属现绑电泳检测链，别名逐字在册。,slice-91
BIOLOGY,目的基因的检测与鉴定,ext-bio-1b3070f1b8-021,目的基因的检测与鉴定,,KEEP,「电泳时用溴酚蓝等指示剂显示样品迁移的速率和方向」「DNA Marker是已知分子大小的DNA片段，与样本同时电泳，通过比较迁移速率可估计样本DNA的大小」——电泳指示剂与 Marker；属现绑『目的基因的检测与鉴定』检测链，别名逐字在册。,slice-91
BIOLOGY,目的基因的检测与鉴定,ext-bio-5970056f1a-029,目的基因的检测与鉴定,,KEEP,「原理：碱基互补配对原则」「探针是一段核酸片段（通常结合放射性同位素或荧光蛋白等），其序列应与目的基因高度互补」——分子杂交技术；正合现绑边界『检测转录的探针是标记的目的基因片段』。,slice-91
BIOLOGY,目的基因的检测与鉴定,ext-bio-5970056f1a-030,目的基因的检测与鉴定,,KEEP,「原理：抗原与抗体的特异性结合」「经放射性检测出现杂交带，说明目的基因翻译出了相应蛋白质」——抗原-抗体杂交；正合现绑边界『检测翻译的探针是抗体、材料是蛋白质』。,slice-91
BIOLOGY,目的基因的检测与鉴定,ext-bio-ece56c876e-006,目的基因的检测与鉴定,,KEEP,「相对分子质量大的DNA分子迁移速率较小、距点样孔较近」「只有1条条带说明质粒含0个或1个相应限制酶切割位点」——电泳结果分析与酶切位点计数；属现绑检测链，别名逐字含本条标题。,slice-91
BIOLOGY,真核细胞,ext-bio-5f510cdc4a-186,真核细胞,,KEEP,「眼虫为绿色单细胞生物，具有鞭毛（运动）、伸缩泡（调节水分平衡）、表膜、眼点（感光）、杯状叶绿体」——单细胞真核生物举例，与现绑节点同族（变形虫、草履虫、衣藻）。,slice-91
BIOLOGY,神经系统的分级调节,bio-mo-nerve-031,神经系统的分级调节,,KEEP,「躯体各部分的运动机能在皮层的第一运动区内都有它的代表区」「下肢的代表区在第一运动区的顶部…上肢的代表区则在两者之间」——现绑别名逐字同题。,slice-91
BIOLOGY,神经系统的分级调节,bio-mo-nerve-032,神经系统的分级调节,,KEEP,「皮层代表区范围的大小与躯体的大小无关，与躯体运动的精细程度有关」「对躯体运动的调节支配具有交叉支配的特征」——大脑皮层对躯体运动的支配，现绑别名逐字同题。,slice-91
BIOLOGY,神经系统的分级调节,bio-mo-nerve-033,神经系统的分级调节,,KEEP,「排尿不仅受到脊髓的控制，也受到大脑皮层的调控」「副交感神经兴奋，会使膀胱缩小」——排尿反射的分级调节，现绑边界与别名同题。,slice-91
BIOLOGY,神经系统的分级调节,ext-bio-f424594cfa-091,神经系统的分级调节,,KEEP,「躯体运动中枢位于大脑皮层的中央前回，又叫第一运动区，管理身体对侧骨骼肌的随意运动」「代表区的位置与躯体各部分的关系是倒置的」——第一运动区与躯体运动，现绑别名逐字同题。,slice-91
BIOLOGY,神经调节的基本方式,bio-mo-nerve-012,神经调节的基本方式,,KEEP,「反射分为条件反射和非条件反射，前者是在非条件反射的基础上，通过学习和训练而建立的」——正合现绑边界（比较条件反射与非条件反射的概念与意义）。,slice-91
BIOLOGY,神经调节的基本方式,bio-mo-nerve-014,神经调节的基本方式,,KEEP,「只有具有中枢神经系统的多细胞动物才有反射」——反射概念的易错辨析（含反射弧完整性与适宜刺激）；现绑别名逐字含该题名。,slice-91
BIOLOGY,神经调节的基本方式,bio-mo-nerve-016,神经调节的基本方式,,KEEP,「缩手动作在前（前、后）、感觉到疼痛在后（前、后）」——反射通路与感觉先后的适应意义，现绑边界含“辨析反射弧结构破坏对感觉与效应的影响”；『反射弧』节点亦邻近，拿不准，保留。,slice-91
BIOLOGY,神经调节的基本方式,bio-mo-nerve-017,神经调节的基本方式,,KEEP,「条件反射的消退是中枢把原先引起兴奋性效应的信号转变为产生抑制性效应的信号」——现绑别名逐字含该句原文。,slice-91
BIOLOGY,神经调节的基本方式,ext-bio-58af510b8f-003,神经调节的基本方式,,KEEP,「在中枢神经系统的参与下，机体对内外刺激所产生的规律性应答反应叫作反射」——反射概念与类型；现绑别名逐字含该题名。,slice-91
BIOLOGY,神经调节的基本方式,ext-bio-f424594cfa-036,神经调节的基本方式,,KEEP,「非条件反射是动物通过遗传获得的、先天就有的反射」——非条件反射概念；现绑别名逐字含『非条件反射』。,slice-91
BIOLOGY,神经调节的基本方式,ext-bio-f424594cfa-037,神经调节的基本方式,,KEEP,「条件反射是动物体通过训练、学习逐渐形成的后天性反射」——条件反射概念；现绑别名逐字含『条件反射』。,slice-91
BIOLOGY,神经调节的基本方式,ext-bio-f424594cfa-038,神经调节的基本方式,,KEEP,「建立条件反射的关键是把无关刺激转化为条件刺激」——条件反射的建立过程；现绑别名逐字含该题名。,slice-91
BIOLOGY,神经调节的基本方式,ext-bio-f424594cfa-039,神经调节的基本方式,,KEEP,「条件反射是在非条件反射的基础上通过学习和训练而建立的，需要大脑皮层的参与；建立后需要非条件刺激的强化才能维持」——建立条件与消退；现绑别名逐字含该题名。,slice-91
BIOLOGY,神经递质,bio-fj-05-communication-via-chemicals,神经递质,细胞膜-质膜-的功能,REBIND,「内分泌细胞分泌激素，随血液到达全身」「激素与靶细胞膜表面的特异性受体结合」「将信息传递给靶细胞」——即细胞膜信息交流功能（化学物质传递）的表述；『细胞膜（质膜）的功能』已收『细胞间信息交流之物质传递』。,slice-91
BIOLOGY,神经递质,bio-fj-07-exocytosis-small-molecules,神经递质,胞吐,REBIND,「胞吐常用于大分子（分泌蛋白），也可运输小分子，如突触前膜释放神经递质」「胞吐需要消耗能量，体现膜的流动性」——通篇胞吐的运输对象与特点；『胞吐』已收『胞吐并非只运输生物大分子』『胞吐的例外——神经递质的释放』同题。,slice-91
BIOLOGY,神经递质,bio-fx-info-molecule-types,神经递质,,KEEP,「神经递质：在神经细胞之间传递信息，储存在突触小泡，经胞吐释放作用于突触后膜受体」——信息分子的类别与共性，现绑边界逐字含“归纳信息分子的类别与共同特征”。,slice-91
BIOLOGY,神经递质,ext-bio-26746c92ba-117,神经递质,,KEEP,「肉毒素影响释放、有机磷农药影响降解、可卡因影响回收——三者作用于递质代谢的不同环节」——递质功能障碍实例，落现绑边界“结合实例理解递质功能障碍的表现”。,slice-91
BIOLOGY,神经递质,ext-bio-881f12d357-024,神经递质,,KEEP,「内啡肽、吗啡等可与阿片受体结合，抑制突触前神经元释放 P 物质，使突触后神经元难以产生动作电位」——递质释放的干预与镇痛机制，别名同名在册。,slice-91
BIOLOGY,神经递质,ext-bio-9752acd916-096,神经递质,,KEEP,「先确定神经递质的性质：是兴奋性神经递质还是抑制性神经递质」「再根据影响的位置判断异常类型」——递质功能障碍的判断模型，属现绑边界“结合实例理解递质功能障碍的表现”。,slice-91
BIOLOGY,神经递质,ext-bio-97546ba918-016,神经递质,,KEEP,「可卡因会使转运蛋白失去回收多巴胺的功能」「多巴胺就留在突触间隙持续发挥作用，导致突触后膜上的多巴胺受体减少」——递质回收受阻与成瘾机制，属现绑递质功能障碍实例面。,slice-91
BIOLOGY,神经递质,ext-bio-f424594cfa-071,神经递质,,KEEP,「兴奋到达突触前膜所在的轴突末梢，引起突触小泡向突触前膜移动并释放神经递质」「与后膜上的特异性受体结合」——递质释放与作用，属现绑边界“由突触前膜释放、与突触后膜受体结合”。,slice-91
BIOLOGY,神经递质,ext-bio-f424594cfa-072,神经递质,,KEEP,「突触后膜上有特异性受体，其化学本质为糖蛋白，受体和离子通道是结合在一起的」——递质受体与离子通道面，别名同名在册。,slice-91
BIOLOGY,神经递质,ext-bio-f424594cfa-074,神经递质,,KEEP,「Cl-内流使静息电位的绝对值增大，突触后膜更难于兴奋，表现为抑制」——抑制性递质作用后后膜电位变化，现绑边界逐字含“辨析兴奋性与抑制性递质作用后后膜电位的变化差异”。,slice-91
BIOLOGY,种群密度,bio-fj-32-cutworm-control-case,种群密度,,KEEP,「幼虫白天躲在表土内、夜间取食，活动能力弱，用取样器取样法调查密度」「成虫对黑光灯趋性强，可用黑光灯诱捕法估算密度」——特定对象的调查方法选择，属现绑边界。,slice-91
BIOLOGY,种群密度,ext-bio-524cba8aa4-008,种群密度,,KEEP,「1 红外相机监测法 可自动拍摄靠近红外触发相机的恒温动物的照片或视频」「与标记重捕法相比 非损伤调查方法对野生动物生活干扰相对较小 不需要捕捉和标记」——非损伤调查法，现绑别名逐字同题。,slice-91
BIOLOGY,种群密度,ext-bio-632b7b7cb0-006,种群密度,,KEEP,「逐个计数法适用于分布范围较小、个体较大的种群」「一般不采用标记重捕法，而采用红外触发相机自动拍照技术调查种群密度」——其他调查方法，现绑别名逐字同题。,slice-91
BIOLOGY,种群密度,ext-bio-eb79ea3493-006,种群密度,,KEEP,「逐个计数法通常适用于调查分布范围较小、个体较大的种群，如调查某山坡上的珙桐（乔木）密度」——现绑别名『逐个计数法的适用条件』逐字同题。,slice-91
BIOLOGY,种群数量的变化,bio-fj-32-j-curve-conditions,种群数量的变化,,KEEP,「条件：食物和空间条件充裕、气候适宜、没有敌害等」「实例：…外来物种入侵初期（欧亚蔊菜入侵人工草坪初期）」——J形增长的理想条件与实例，现绑别名逐字含本条标题。,slice-91
BIOLOGY,种群数量的变化,bio-fx-j-curve-growth,种群数量的变化,,KEEP,「条件（理想条件）：食物充足、空间充裕、无天敌、无竞争、气候适宜」「数学模型：Nt＝N0×λ的t次方」——J形增长，现绑别名逐字含本条标题。,slice-91
BIOLOGY,种群数量的变化,bio-fx-s-curve-growth,种群数量的变化,,KEEP,「S型增长…存在环境阻力（食物有限、空间有限、天敌、竞争等）」「增长速率由0增大、在K/2时最大、再减小到0」「K值：环境条件不受破坏时一定空间所能维持的种群最大数量」。S 形增长的条件、过程与 K 值全在现绑边界内。,slice-91
BIOLOGY,种群数量的变化,bio-k-value-max-rate,种群数量的变化,,KEEP,「数量 = K/2：增长速率最大（斜率最大的点）」——S形增长速率峰值位置，现绑边界含增长速率先增后减与K值一半处的开发参考（备选『k值』，见备注）。,slice-91
BIOLOGY,种群数量的变化,bio-mo-population-011,种群数量的变化,,KEEP,「建立自然保护区，给大熊猫更宽广的生存空间，改善它们的栖息环境，从而提高环境容纳量，是保护大熊猫的根本措施」——现绑别名已收本条与『环境容纳量的影响因素与栖息地保护』（备选『种群研究的应用』『生物多样性』，见备注）。,slice-91
BIOLOGY,种群数量的变化,bio-mo-population-013,种群数量的变化,,KEEP,「种群增长率：指单位数量的个体在单位时间内新增加的个体数，无单位」「种群增长速率：…有单位，如：个/年」「“J”型曲线与“S”型曲线的增长率和增长速率曲线」。两率公式与曲线族，现绑别名同名。,slice-91
BIOLOGY,种群数量的变化,ext-bio-03dce24682-012,种群数量的变化,,KEEP,「S形增长的成因：资源和空间有限，随种群密度增大种内竞争加剧，出生率降低、死亡率升高」「渔业捕捞后应使种群数量剩余在K/2左右」——属现绑J形与S形比较。,slice-91
BIOLOGY,种群数量的变化,ext-bio-524cba8aa4-013,种群数量的变化,,KEEP,「由增长速率曲线可知 增长速率最大值对应的种群数量是25只 即K除以2 捕捞后剩余量应维持在25只左右」——读三线的捕捞量算法，现绑边界含K值一半处的开发原则（备选『k值』『种群研究的应用』）。,slice-91
BIOLOGY,种群数量的变化,ext-bio-5f510cdc4a-1496,种群数量的变化,,KEEP,「增长率等于（现有个体数减原有个体数）除以原有个体数再乘100%」「种群J形增长时增长率恒定不变…增长速率一直增大」。增长率与增长速率辨析，属现绑节点同族。,slice-91
BIOLOGY,种群数量的变化,ext-bio-5f510cdc4a-1513,种群数量的变化,,KEEP,「J形增长无K值；S形增长有K值」「两者的差异可用环境阻力解释」——J形与S形比较，现绑别名逐字含本条标题。,slice-91
BIOLOGY,种群数量的变化,ext-bio-632b7b7cb0-017,种群数量的变化,,KEEP,「t1至t2阶段资源和空间有限，种群密度增大使种内竞争加剧、天敌数量增加，增长速率下降」「t2时种群数量达到K值，此时出生数等于死亡数，增长速率为0」。S 形各阶段特征与增长速率变化，即现绑节点 S 形增长曲线内容。,slice-91
BIOLOGY,种群数量的变化,ext-bio-eb79ea3493-015,种群数量的变化,,KEEP,「把“J”形增长曲线与“S”形增长曲线绘在同一坐标图中，两曲线之间的阴影部分表示环境阻力」「两种曲线的差异在于是否存在环境阻力」。J 形与 S 形两模型比较正是现绑边界主旨。,slice-91
BIOLOGY,种群的数量变化,bio-kb2-32-k-determinants,种群的数量变化,k值,REBIND,「K值（环境容纳量）是一定的环境条件所能维持的种群最大数量」「K值大小取决于食物、天敌和空间等环境条件」——通篇讲K值；专节点『K值』边界即环境容纳量随环境条件变化，现绑讲影响数量变化的因素。,slice-91
BIOLOGY,种群的数量变化,bio-mo-population-016,种群的数量变化,,KEEP,「在自然界，种群的数量变化受到阳光、温度、水等非生物因素的影响」「森林中林下植物的种群密度主要取决于林冠层的郁闭度」——非生物因素对种群数量变化的调节，正合现绑边界（环境条件起决定作用）。,slice-91
BIOLOGY,种群的数量变化,bio-mo-population-018,种群的数量变化,密度制约因素与非密度制约因素,REBIND,「密度制约因素相当于生物因素，如捕食、寄生、食物等」「气温和干旱等气候因素以及地震、火灾等自然灾害，对种群的作用强度与该种群的密度无关」——正合『密度制约因素与非密度制约因素』边界“判断的关键是作用强度是否随种群密度变化”。,slice-91
BIOLOGY,种群的数量变化,bio-mo-population-022,种群的数量变化,,KEEP,「种内竞争源于种群内部个体对有限食物和空间等资源的争夺」「食物减少则种群数量减少，K值减小」——种内竞争与食物、天敌等生物因素对种群数量与K值的影响，属现绑（影响种群数量变化的因素），保留。,slice-91
BIOLOGY,种群的数量变化,ext-bio-5f510cdc4a-1514,种群的数量变化,,KEEP,「r对策生物通常个体小、寿命短、生殖力强但存活率低，亲代对后代缺乏保护」「属以质取胜的策略」——r/K 对策与曲线平衡点，属种群数量变化（K值）域；库内无 r/K 专节点且同题材料已在册，保留。,slice-91
BIOLOGY,种群的数量特征,bio-age-structure-types,种群的数量特征,,KEEP,「增长型：幼年个体多、老年个体少→种群增大（未来密度增加）」「稳定型：各龄级比例相当→种群稳定」——年龄结构三类型的判定与预测，现绑边界含年龄结构且注明只推测趋势。,slice-91
BIOLOGY,种群的数量特征,bio-fj-32-age-structure-types,种群的数量特征,,KEEP,「1. 增长型：幼年个体多、老年个体少，种群密度将增大」「4. 意义：预测种群数量变化趋势」——与现绑边界『注意年龄结构只能推测趋势而不决定变化』一致。,slice-91
BIOLOGY,种群的数量特征,bio-fj-32-birth-death-rate,种群的数量特征,,KEEP,「出生率：单位时间内新产生的个体数目占该种群个体总数的比率」「迁入率和迁出率：单位时间内迁入或迁出个体占该种群个体总数的比率」——出生率、死亡率、迁入迁出率均在现绑边界所列的数量特征之列。,slice-91
BIOLOGY,种群的数量特征,bio-fx-age-structure-three-types,种群的数量特征,,KEEP,「增长型：幼年个体多、老年个体少，种群密度增大」「衰退型：幼年个体少、老年个体多，种群密度减小」——年龄结构三类型的表现与趋势预测，属现绑边界『年龄结构』一项。,slice-91
BIOLOGY,种群的数量特征,bio-mo-population-003,种群的数量特征,,KEEP,「许多动物的活动能力强，活动范围大，不宜用样方法来调查它们的种群密度」「常用的方法之一是标记重捕法」——密度调查方法的选择（《种群的数量特征》章节内容）；同族《种群密度及其调查方法（第1章·背诵）》亦绑此，保留。,slice-91
BIOLOGY,种群的数量特征,bio-mo-population-009,种群的数量特征,样方法,REBIND,「a.未做到“随机”取样」「样方边线上的个体未做到“计上不计下，计左不计右”」——通篇样方法取样与计数误差；靶节点『样方法』边界即随机取样、样方数量与计数原则，并已收『样方法的计数原则：计上不计下计左不计右』同族材料。,slice-91
BIOLOGY,种群的数量特征,ext-bio-5f510cdc4a-1482,种群的数量特征,,KEEP,「性别比例的概念：种群中雌雄个体数目的比例」「利用性引诱剂诱杀某种害虫的雄性个体→改变害虫种群正常的性别比例→很多雌性个体不能完成交配→降低出生率」——性别比例及其应用在现绑边界内。,slice-91
BIOLOGY,种群的数量特征,ext-bio-8b9a829cb5-005,种群的数量特征,,KEEP,「出生率和死亡率是决定种群大小和种群密度的重要因素」「年龄结构分为增长型、稳定型、衰退型，可用于预测种群数量变化趋势」——即现绑边界所列各数量特征及其作用层次。,slice-91
BIOLOGY,突触,ext-bio-26746c92ba-117b,突触,,KEEP,「一些局部麻醉剂和河豚毒素可以抑制钠离子通道开放，从而抑制动作电位的产生」「NO……以自由扩散的方式穿过细胞膜……其受体也不在突触后膜上，而在突触后神经元细胞内」——递质释放异常与特殊递质，别名逐字。,slice-91
BIOLOGY,突触,ext-bio-5f510cdc4a-1139,突触,,KEEP,「突触后膜有许多突起，扩大了突触后膜的面积，有利于神经递质发挥作用」「运动神经元和骨骼肌纤维间的突触被称为神经—肌肉接头」——突触结构与功能、突触类型，属现绑『突触』。,slice-91
BIOLOGY,突触,ext-bio-aae8de9434-018,突触,,KEEP,「兴奋性递质：改变突触后膜对离子的通透性，主要引起Na⁺内流，产生动作电位」「抑制性递质：……主要引起Cl⁻内流……从而抑制动作电位的产生」——正合现绑『突触』边界所列兴奋性与抑制性递质的作用差异。,slice-91
BIOLOGY,突触,ext-bio-f424594cfa-078,突触,,KEEP,「神经递质只存在于突触小泡中，只能由突触前膜释放，然后作用于突触后膜上，因此兴奋在突触处单向传递」——单向传递原因与传递速度慢，别名逐字『兴奋在神经元之间传递的特点』。,slice-91
BIOLOGY,精子的形成过程,bio-fj-13-sperm-transformation,精子的形成过程,,KEEP,「大部分细胞质和多数细胞器被丢弃，线粒体全部保留并集中在尾的基部」「变形不属于减数分裂；受精时只有头部进入卵细胞」——精细胞变形为精子，别名逐字含本题名，保留。,slice-91
BIOLOGY,精子的形成过程,bio-mo-cell-213,精子的形成过程,,KEEP,「生殖器官中精原细胞或卵原细胞的形成过程为有丝分裂，故在生殖器官中不仅发生减数分裂过程，也发生有丝分裂过程」——精原细胞的来源与两类分裂并存，别名逐字含本题名，保留。,slice-91
BIOLOGY,精子的形成过程,ext-bio-5f510cdc4a-080,精子的形成过程,,KEEP,「细胞核变成精子头部的主要部分；高尔基体发育为头部的顶体；中心体演变为精子的尾」——精细胞的变形，别名逐字含本题名，属现绑边界『再变形为精子』，保留。,slice-91
BIOLOGY,精子的形成过程,ext-bio-72b6f602d1-021,精子的形成过程,,KEEP,「精子头部含有细胞核，几乎无细胞质，线粒体聚集在尾的基部形成线粒体鞘」「受精时精子只有头部进入卵细胞而尾部留在外面」——精细胞变形及意义，别名含本题名，保留。,slice-91
BIOLOGY,精子的形成过程,ext-bio-e29b5be961-019,精子的形成过程,,KEEP,「精细胞不是成熟的雄性生殖细胞，经过变形成为精子才是，精子呈蝌蚪状、分头部和尾部」——现绑边界即『精原细胞经减数分裂Ⅰ和Ⅱ形成精细胞，再变形为精子』，同题前轮已判保留。,slice-91
BIOLOGY,糖类,bio-fj-03-fiber-benefit,糖类,,KEEP,「膳食纤维能促进胃肠蠕动和排空，减少患大肠癌机会，降低过高血脂血糖」「一些科学家称其为人类的“第七类营养素”」——现绑别名逐字含《膳食纤维的作用与第七类营养素》。,slice-91
BIOLOGY,糖类,ext-bio-5f510cdc4a-228,糖类,,KEEP,「多糖和二糖水解的终产物是其单体，如淀粉水解的终产物是葡萄糖」「糖氧化分解的终产物是CO₂和H₂O」——糖类水解与氧化产物的区别；现绑『糖类』已收《多糖的组成与代谢特点》同族，保留。,slice-91
BIOLOGY,糖类,ext-bio-5f510cdc4a-231,糖类,,KEEP,「当人和动物血液中葡萄糖含量低于正常值时，肝糖原便水解为葡萄糖及时补充」「肌糖原不能直接水解为葡萄糖」——现绑别名逐字含《肝糖原与肌糖原在补充血糖中的作用差异》。,slice-91
BIOLOGY,糖类,ext-bio-85ddf5d75d-013,糖类,,KEEP,「① 还原糖：葡萄糖、果糖、半乳糖、麦芽糖、乳糖等，能用斐林试剂检测。② 非还原糖：蔗糖、淀粉、纤维素等」——现绑别名逐字含《还原糖与非还原糖的区分》。,slice-91
BIOLOGY,糖类,ext-bio-a2815c4e88-009,糖类,,KEEP,「葡萄糖进入红细胞为协助扩散，进入小肠上皮细胞等其他细胞为主动运输」「葡萄糖可氧化合成肝糖原、肌糖原，或转变为脂肪和某些氨基酸」——葡萄糖运输与代谢去向；跨膜运输为并列面，主体仍属糖类（别名含《糖类在人体内的代谢途径与去向》），保留。,slice-91
BIOLOGY,糖类,ext-bio-a2815c4e88-014,糖类,,KEEP,「几丁质又称壳多糖，广泛分布于甲壳类动物和昆虫的外骨骼，也属于多糖；构成几丁质的基本单位是N-乙酰葡萄糖胺」——几丁质属多糖；属现绑『糖类』（边界含多糖的组成与代谢特点，节点已收《多糖的组成与代谢特点》），保留。,slice-91
BIOLOGY,糖类,ext-bio-bc5e84d6aa-009,糖类,,KEEP,「五碳糖：核糖（ATP、RNA的组成成分）、脱氧核糖（DNA的组成成分）」「六碳糖：葡萄糖、果糖、半乳糖」——单糖按结构的分类；属现绑『糖类』（边界含按结构分类，已收《糖类的分类与水解产物》），保留。,slice-91
BIOLOGY,糖类,ext-bio-bc5e84d6aa-010,糖类,,KEEP,「麦芽糖在发芽的小麦、谷粒中含量丰富；蔗糖在甘蔗、甜菜中含量丰富；乳糖在人和动物乳汁中含量丰富」「蔗糖等于葡萄糖加果糖」——二糖种类、分布与水解；现绑『糖类』已收《糖类的分类与水解产物》同族材料，保留。,slice-91
BIOLOGY,糖类,ext-bio-bc5e84d6aa-011,糖类,,KEEP,「淀粉：植物细胞中重要的储能物质，单体为葡萄糖」「肌糖原只为骨骼肌收缩供能、不能水解用来升血糖」「几丁质：真菌细胞壁的主要成分」——多糖分布与功能；属现绑『糖类』，保留。,slice-91
BIOLOGY,糖类,ext-bio-ce1594903f-008,糖类,,KEEP,「淀粉：植物细胞中的储能物质」「纤维素：植物细胞细胞壁的组成成分之一」「糖原：动物细胞中的储能物质」——多糖的种类与功能，现绑边界含按功能与结构的分类，别名含《多糖与几丁质的种类和功能》。,slice-91
BIOLOGY,糖类,ext-bio-cebcb9d917-002b,糖类,,KEEP,「淀粉、纤维素和糖原等多糖属于多聚体，由许多单体（葡萄糖）连接而成」「淀粉水解的最终产物是葡萄糖」——现绑别名逐字含《多糖的组成与代谢特点》，保留。,slice-91
BIOLOGY,糖类,ext-bio-d4ec322b9d-013,糖类,,KEEP,「淀粉、纤维素、糖原的基本单位都是葡萄糖，因葡萄糖之间的连接方式和排列方式不同而在功能上有很大差异」——多糖种类与功能；现绑『糖类』已收《多糖的组成与代谢特点》同族材料，保留。,slice-91
BIOLOGY,糖类和脂肪的转化,ext-bio-5f510cdc4a-244,糖类和脂肪的转化,,KEEP,「供能顺序为：先糖类，再脂肪，最后蛋白质」「蛋白质在正常情况下一般不供能」——供能顺序，现绑『糖类和脂肪的转化』边界明列“供能顺序：先是糖类氧化供能…依次由脂肪、蛋白质供能”。,slice-91
BIOLOGY,糖类和脂质的相互转化,bio-fj-03-blood-glucose-to-triglyceride,糖类和脂质的相互转化,,KEEP,「血液中的葡萄糖进入脂肪组织细胞」「可转变为甘油三酯储存起来」「这体现了糖类在供应充足时可大量转化为脂肪」。糖类转脂肪，现绑节点同名别名『血糖可转变为脂肪储存』在册。,slice-91
BIOLOGY,糖类和脂质的相互转化,bio-kb3-f4-s41-n06,糖类和脂质的相互转化,atp的合成和利用,REBIND,「细胞中绝大多数需要能量的生命活动都是由ATP直接提供能量的」「用于物质的主动运肌肉收缩、生物发电发光、大脑思考、物质合成等」。ATP的利用形式，目标节点别名『ATP中能量的六种利用形式』在册。,slice-91
BIOLOGY,糖类和脂质的相互转化,bio-kb3-f4-s41-n07,糖类和脂质的相互转化,atp的合成和利用,REBIND,「ATP供能机制。(1)ATP为主动运输提供能量的过程」。ATP水解供能的生命活动，目标节点别名『ATP的水解供能的生命活动（第8讲课件）』在册；现绑节点边界仅糖脂转化。,slice-91
BIOLOGY,糖类和脂质的相互转化,bio-kb3-f4-s41-n10,糖类和脂质的相互转化,atp的合成和利用,REBIND,「ATP水解释放的磷酸基团使蛋白质等分子磷酸化，这些分子被磷酸化后，空间结构发生变化，活性也被改变」。目标节点别名『ATP供能机制：载体蛋白的磷酸化』在册。,slice-91
BIOLOGY,糖类和脂质的相互转化,bio-kb3-f4-s41-n11,糖类和脂质的相互转化,atp的合成和利用,REBIND,「许多吸能反应与ATP水解的反应相联系，由ATP水解提供能量」「许多放能反应与ATP的合成相联系」。吸能、放能反应与ATP的耦合，目标节点别名『ATP的利用、吸能放能反应与能源物质』在册。,slice-91
BIOLOGY,糖类和脂质的相互转化,bio-kb3-f4-s41-n12,糖类和脂质的相互转化,atp的合成和利用,REBIND,「能量通过ATP分子在吸能反应和放能反应之间流通，及时而持续地满足细胞各项生命活动对能量的需求」。能量货币与流通，目标节点别名『ATP作为能量货币的供能与利用机制』在册。,slice-91
BIOLOGY,纯合子与杂合子的判断,ext-bio-8882fbb157-015,纯合子与杂合子的判断,,KEEP,「鉴别动物是否为纯合子常用测交法；鉴别植物是否为纯合子四种方法均可，其中自交法最简便」「鉴别一对相对性状的显隐性可用杂交法和自交法(自交法只能用于植物)」——现绑边界即自交法与测交法的适用前提。,slice-91
BIOLOGY,线粒体,bio-fx-ferroptosis-features,线粒体,铁死亡,REBIND,「在二价铁或酯氧合酶作用下，催化细胞膜上高表达的不饱和脂肪酸发生脂质过氧化」「形态：线粒体变小、膜密度增高、嵴减少；细胞核形态变化不明显」——靶节点『铁死亡』边界即『铁死亡的关键词是“铁依赖”与“脂质过氧化”；形态上以线粒体改变为主、细胞核变化不明显』。,slice-91
BIOLOGY,组-反应物-酶1溶液反应物被分解,bio-fj-09-anaerobic-ratio-1-2-2,组-反应物-酶1溶液反应物被分解,无氧呼吸,REBIND,「酒精发酵：C6H12O6→2C2H5OH+2CO2，比例1:2:2。」「乳酸发酵：C6H12O6→2C3H6O3，比例1:2。」——无氧呼吸两条途径的反应式与产物，正合靶『无氧呼吸』边界『过程、场所与产物』；现绑『酶相关实验的易错辨析』边界为酶实验与ATP易错点。,slice-91
BIOLOGY,组-反应物-酶1溶液反应物被分解,ext-bio-7ffb5d551a-073,组-反应物-酶1溶液反应物被分解,,KEEP,「检测底物被分解的试剂宜选用碘液而不是斐林试剂」——探究温度影响酶活性时的试剂选择易错点，别名逐字同题。,slice-91
BIOLOGY,组-反应物-酶1溶液反应物被分解,ext-bio-cc2cdaecdd-038,组-反应物-酶1溶液反应物被分解,探究酶的专一性-高效性相关实验,REBIND,「验证酶具有催化作用：实验组为底物＋相应酶液（底物被分解），对照组为底物＋等量蒸馏水（底物不被分解）。」——即酶的作用、专一性与高效性的验证实验方案，靶节点别名含『验证酶的作用、高效性和专一性的实验设计』；现绑为酶实验易错点辨析。,slice-91
BIOLOGY,组-反应物-酶1溶液反应物被分解,ext-bio-cc2cdaecdd-039,组-反应物-酶1溶液反应物被分解,,KEEP,「且酶与底物应先分别处理后再混合。」——正合现绑边界『酶与底物应分别在设定温度下保温一段时间后再混合』；最适温度/pH 的梯度设计属现绑别名『酶相关探究实验的变量分析与步骤设计』族。,slice-91
BIOLOGY,组成细胞的元素,ext-bio-4e8dccf192-020,组成细胞的元素,细胞中的无机盐,REBIND,「Mg2+构成叶绿素，缺则叶片发黄、光合作用减弱」「B促进花粉的萌发和花粉管的伸长，缺则花而不实」——无机盐离子的功能与缺乏症，现绑边界明言『不涉及元素在化合物中的具体存在形式与功能』。,slice-91
BIOLOGY,组成细胞的元素,ext-bio-7fe5152a97-002,组成细胞的元素,,KEEP,「统一性：表现是组成生物体的化学元素在无机自然界中都能找到，没有一种是生物所特有的」「差异性：…含量相差很大」——组成细胞的元素与生物界／非生物界关系，现绑节点已收同题材料。,slice-91
BIOLOGY,组成细胞的元素,ext-bio-df5a1763b4-009,组成细胞的元素,,KEEP,「组成细胞的化学元素在无机自然界中都能够找到，说明生物界与非生物界具有统一性」「但各种元素…相对含量大不相同，说明二者具有差异性」——同上，属现绑节点元素含量与种类范畴。,slice-91
BIOLOGY,细胞中的无机盐,bio-fx-judge-plasma-osmotic-ions,细胞中的无机盐,渗透压,REBIND,「细胞外液渗透压90%以上来源于Na+和Cl-，两者都参与」「血浆蛋白也参与维持血浆胶体渗透压」——血浆渗透压的来源与决定因素，属『渗透压』（别名『细胞外液渗透压主要来自Na+和Cl-的原因』）；现绑讲的是细胞中的无机盐。,slice-91
BIOLOGY,细胞中的无机盐,bio-fx-media-components,细胞中的无机盐,微生物的培养,REBIND,「碳源提供碳和能量；氮源提供氮元素，用于合成蛋白质、核酸等含氮化合物」「无机盐、水是基本成分；培养乳酸杆菌需添加维生素」——通篇培养基成分与特殊需求，非细胞中的无机盐；靶节点边界含『培养基配制』且族内已收『培养基的化学成分包括水、无机盐』等同题材料。,slice-91
BIOLOGY,细胞中的无机盐,bio-kb3-f2-s2-2-n02,细胞中的无机盐,细胞中的水,REBIND,「自由水的主要功能：细胞内的良好溶剂；参与细胞内的生化反应」「结合水的功能：是细胞结构的重要组成部分」——自由水与结合水的功能，属『细胞中的水』（别名『自由水的四大功能』）。,slice-91
BIOLOGY,细胞中的无机盐,bio-kb3-f2-s2-2-n03,细胞中的无机盐,细胞中的水,REBIND,「水是良好溶剂的原因：水分子是一个极性分子，带有正电荷或负电荷的分子或离子都容易与水结合」——水的分子结构与溶剂性，属『细胞中的水』（边界含『是良好的溶剂 | 水是极性分子』）。,slice-91
BIOLOGY,细胞中的无机盐,bio-kb3-f4-s09-n01,细胞中的无机盐,,KEEP,「存在形式：大多数无机盐以离子形式存在，少数与其他化合物结合」——正合现绑边界第1点『无机盐大多数以离子的形式存在』，保留。,slice-91
BIOLOGY,细胞中的无机盐,bio-mo-cell-027,细胞中的无机盐,细胞中的水,REBIND,「自由水的作用：水是细胞内良好的溶剂，许多种物质能够在水中溶解」「细胞内的许多生物化学反应也都需要水的参与」——自由水的功能，属『细胞中的水』（别名『水在细胞中的功能』）。,slice-91
BIOLOGY,细胞中的无机盐,bio-mo-cell-031,细胞中的无机盐,细胞中的水,REBIND,「水作良好溶剂与其为极性分子密切相关」「水对维持生命系统稳定性又与其具有较高的比热容」——水的结构决定功能，属『细胞中的水』（边界即水的分子结构与理化性质）。,slice-91
BIOLOGY,细胞中的无机盐,bio-mo-cell-032,细胞中的无机盐,细胞中的水,REBIND,「种子晒干过程中，大量自由水散失导致自由水的含量降低」「干种子不浸泡不能萌发的主要原因是自由水含量低」——种子失水与代谢，属『细胞中的水』（别名『种子成熟、风干、萌发与烘烤过程中的水分变化』）。,slice-91
BIOLOGY,细胞中的无机盐,bio-mo-cell-033,细胞中的无机盐,细胞中的水,REBIND,「结合水是细胞结构的重要组成部分，自由水具有运输营养物质和代谢废物、作细胞内良好的溶剂、参与细胞代谢活动等作用」——自由水与结合水的作用，属『细胞中的水』（别名『水在细胞中的存在形式与功能』）。,slice-91
BIOLOGY,细胞中的无机盐,ext-bio-0c2f4eacc5-022,细胞中的无机盐,,KEEP,「实验组用相同植物＋只缺X的培养液，观察是否出现相应症状；再向实验组补充X，观察症状是否恢复」——缺素实验的对照与二次对照设计，与现绑同族（别名『无机盐功能验证的实验设计』），保留。,slice-91
BIOLOGY,细胞中的无机盐,ext-bio-1288e946fc-031,细胞中的无机盐,,KEEP,「Fe：组成血红蛋白、细胞色素、含铁酶类；缺铁患缺铁性贫血」「I：甲状腺激素的重要成分；缺乏致地方性甲状腺肿」——无机盐功能与缺乏症，现绑别名逐字含『N、P、Fe、I的功能及缺乏症』，保留。,slice-91
BIOLOGY,细胞中的无机盐,ext-bio-1288e946fc-032,细胞中的无机盐,,KEEP,「Na：体液的主要组成部分，调节细胞外液渗透压」「静息电位的形成离不开K⁺外流，促进植物体内淀粉的运输」——无机盐离子的功能与缺乏症，现绑别名逐字含『Na、K、Zn的功能及缺乏症』，保留。,slice-91
BIOLOGY,细胞中的无机盐,ext-bio-5f510cdc4a-221,细胞中的无机盐,,KEEP,「可重复利用的元素缺乏时，老叶先表现出缺乏症；不可重复利用的元素缺乏时，幼叶先表现出缺乏症」——矿质元素缺乏症状出现的部位，现绑别名逐字含该题名，保留。,slice-91
BIOLOGY,细胞中的无机盐,ext-bio-944a6d528b-024,细胞中的无机盐,,KEEP,「水分吸收为渗透作用、不需要ATP；矿质元素吸收主要为主动运输、需要ATP」——矿质元素吸收方式及其与水分吸收的对比，现绑别名逐字含该题名，保留。,slice-91
BIOLOGY,细胞中的无机盐,ext-bio-cda93b042c-016,细胞中的无机盐,,KEEP,「N是光合酶及NADPH和ATP的重要组分」「Mg是叶绿素的重要组分」——矿质元素（无机盐）的功能，现绑别名含『矿质元素对光合作用的作用』，保留。,slice-91
BIOLOGY,细胞中的无机盐,ext-bio-cebcb9d917-008,细胞中的无机盐,,KEEP,「由缺素实验（如缺硼、缺钙）只能得知该元素是生物生长发育必需的元素，无法得知生物对它们的需求量大小」——必需性与需求量的区分，现绑别名逐字含『必需元素与需求量的区分』，保留。,slice-91
BIOLOGY,细胞中的无机盐,ext-bio-f512e9d923-009,细胞中的无机盐,,KEEP,「一组用缺X的完全培养液培养，另一组用完全培养液培养」「若缺X组出现缺乏症、补加X后症状消失，则X是该植物生长的必需元素」——缺素培养法，现绑别名含『用溶液培养法（缺素培养）验证必需元素』『无机盐功能验证的实验设计』，保留。,slice-91
BIOLOGY,细胞中的水,bio-fj-02-free-water-four-functions,细胞中的水,,KEEP,「1. 细胞内良好的溶剂。」「4. 运送营养物质和代谢废物。」——自由水的四大功能，正是现绑节点已收材料（别名即《自由水的四大功能》）。,slice-91
BIOLOGY,细胞中的水,bio-fj-02-water-content-differs,细胞中的水,,KEEP,「生物体的含水量随生物种类的不同而有所差别」「代谢旺盛的器官和组织含水量较多」——含水量差异，现绑已收《细胞中水的含量、存在形式与功能》。保留理由：『水』节点亦有《生物含水量差异的一般规律》，两处同族。,slice-91
BIOLOGY,细胞中的水,bio-fj-02-water-properties,细胞中的水,,KEEP,「水分子具有极性，是良好的溶剂」「水分子间氢键不断断裂又不断形成，使水具有流动性（氢键是弱的静电引力）」——水的分子结构与理化特性，正对现绑边界（极性/氢键/比热容）。,slice-91
BIOLOGY,细胞中的水,bio-fj-02-water-ratio-metabolism,细胞中的水,,KEEP,「细胞内自由水所占比例越大，细胞代谢越旺盛」「自由水/结合水比值升高，细胞质流动速率加快」——正讲自由水与结合水比值同代谢的关系，属『细胞中的水』的比值系列（该节点别名含《自由水与结合水比值与代谢、抗逆性》）。,slice-91
BIOLOGY,细胞中的水,bio-kb-free-bound-water-ratio-meaning,细胞中的水,,KEEP,「自由水/结合水比值越大，细胞代谢越旺盛；比值越小，抗逆性越强」「晒干种子主要丢失自由水，种子仍保留活性」——比值与抗逆性、晒干失水的实例，落在现绑『细胞中的水』正文面。,slice-91
BIOLOGY,细胞中的水,bio-kb-free-water-and-bound-water,细胞中的水,,KEEP,「细胞中绝大部分水是自由水，呈游离态、可自由流动，是良好溶剂并参与代谢」「一部分水与细胞内的蛋白质、多糖等物质结合，为结合水，是细胞结构的重要组成部分」——存在形式与功能，属『细胞中的水』。,slice-91
BIOLOGY,细胞中的水,bio-kb2-02-free-bound-water,细胞中的水,,KEEP,「自由水：呈游离态、可自由流动，是细胞内良好溶剂，参与化学反应并运送营养物质和代谢废物」「结合水：与细胞内蛋白质、多糖等物质结合，失去流动性和溶解性，是细胞结构的重要组成部分」——两类水的存在形式与功能，属『细胞中的水』。,slice-91
BIOLOGY,细胞中的水,bio-kb2-02-water-ratio-metabolism,细胞中的水,,KEEP,「结合水越多，细胞抵抗干旱和寒冷等不良环境的能力越强」——自由水比值与抗逆性，属『细胞中的水』；『水』节点虽同讲存在形式，但本条属现绑节点材料集（本条标题即该节点别名）。,slice-91
BIOLOGY,细胞中的水,bio-kb3-f4-s08-n01,细胞中的水,,KEEP,「水是活细胞中含量最多的化合物，生物体的含水量随着生物种类的不同有所差别，一般为60%～95%，水母含水量达到97%」——即现绑别名《细胞中的水·含量》《水的含量》。保留理由：『水』节点亦收含水量差异材料，不足以判错绑。,slice-91
BIOLOGY,细胞中的水,bio-kb3-f4-s08-n02,细胞中的水,,KEEP,「水分子的空间结构及电子的不对称分布，使水分子成为一个极性分子」「带有正电荷或负电荷的分子(或离子)都容易与水结合，因此水是良好的溶剂」——水的特点（极性/溶剂），属现绑。,slice-91
BIOLOGY,细胞中的水,bio-kb3-f4-s08-n03,细胞中的水,,KEEP,「氢键不断地断裂，又不断地形成，使水在常温下能够维持液体状态，具有流动性」「水具有较高的比热容，使水的温度相对不容易发生改变」——水的特点（氢键作用），属现绑。,slice-91
BIOLOGY,细胞中的水,bio-kb3-f4-s08-n07,细胞中的水,,KEEP,「自由水和结合水在一定条件下可相互转化」「自由水与结合水比值高：代谢旺盛，但抗逆性差」——转化与比值两条要点，属『细胞中的水』（别名即《自由水与结合水的关系（一）》）。,slice-91
BIOLOGY,细胞中的水,bio-kb3-f4-s08-n08,细胞中的水,,KEEP,「种子晒干，自由水含量降低，细胞代谢水平降低，便于储藏」「北方冬小麦在冬天来临前，自由水比例降低，结合水比例上升」——晒干与越冬的水分变化实例，属『细胞中的水』（节点已收《种子成熟、风干、萌发与烘烤过程中的水分变化》）。,slice-91
BIOLOGY,细胞中的水,ext-bio-0b30bf1136-012,细胞中的水,,KEEP,「水是极性分子，容易与分子或离子结合、易形成氢键，因此具有较高的比热容，能在常温下维持液体状态」「水是细胞内良好的溶剂，为细胞提供液体环境」——水的性质与液体环境，属现绑。,slice-91
BIOLOGY,细胞中的水,ext-bio-0b30bf1136-013,细胞中的水,,KEEP,「自由水以游离形式存在、可以自由流动，是细胞内的良好溶剂，参与许多生化反应」——存在形式与功能，属『细胞中的水』（本条正文面与现绑节点材料一致）。,slice-91
BIOLOGY,细胞中的水,ext-bio-0c2f4eacc5-013,细胞中的水,,KEEP,「自由水以游离形式存在、可自由流动，其功能是：细胞内良好的溶剂」「结合水与蛋白质、多糖等结合在一起，是细胞结构的重要组成成分，大约占全部水含量的4.5%」——存在形式与功能（含结合水占比），属『细胞中的水』。,slice-91
BIOLOGY,细胞中的水,ext-bio-0c2f4eacc5-014,细胞中的水,,KEEP,「水是极性分子，带有正电荷或负电荷的分子（或离子）都容易与水结合，因此水是良好的溶剂」「水具有较高的比热容…有利于维持生命系统的稳定性」——水的结构与理化特性，正对现绑边界。,slice-91
BIOLOGY,细胞中的水,ext-bio-0c2f4eacc5-015,细胞中的水,,KEEP,「降低温度时自由水可转化为结合水，升高温度时结合水可转化为自由水」「自由水与结合水的比值高时代谢旺盛、抗逆性差」——转化与比值，属『细胞中的水』。,slice-91
BIOLOGY,细胞中的水,ext-bio-1288e946fc-024,细胞中的水,,KEEP,「水分子的空间结构及电子的不对称分布决定了水分子是极性分子」「氢键易断裂、易形成，使水在常温下维持液态，具有流动性」——水的结构与理化性质，属现绑。,slice-91
BIOLOGY,细胞中的水,ext-bio-1288e946fc-025,细胞中的水,,KEEP,「① 自由水：以游离形式存在、可自由流动，功能包括细胞内良好的溶剂」「② 结合水：与蛋白质、多糖等物质结合在一起，是细胞结构的重要组成成分」——两类水的存在形式与功能，属『细胞中的水』（别名即《自由水与结合水的存在形式与功能》）。,slice-91
BIOLOGY,细胞中的水,ext-bio-1288e946fc-026,细胞中的水,,KEEP,「自由水/结合水比值高：代谢旺盛，但抗逆性弱，如癌细胞、萌发的种子、分生组织细胞」——比值高低的两类实例辨析，属『细胞中的水』已收的比值系列。,slice-91
BIOLOGY,细胞中的水,ext-bio-172295ebf0-003,细胞中的水,,KEEP,「水分子中氢、氧原子通过共价键结合，氧原子吸引电子的能力较强…形成极性分子」「氢键是一种弱的静电引力，其大小介于化学键与范德华力之间」——水的结构与理化性质，属现绑。,slice-91
BIOLOGY,细胞中的水,ext-bio-172295ebf0-004,细胞中的水,,KEEP,「绝大部分的水呈游离态、可以自由流动，叫作自由水；一部分水与细胞内的其他物质相结合，叫作结合水」「自由水所占比例越高，细胞的代谢就越旺盛」——存在形式与功能，属现绑。,slice-91
BIOLOGY,细胞中的水,ext-bio-4e8dccf192-008,细胞中的水,,KEEP,「水是极性分子，带有正电荷或负电荷的物种都容易与水结合，故水是良好的溶剂」「氢键使水具有较高的比热容，水的温度相对不容易改变」——水的性质与其生理意义的对应，属现绑。,slice-91
BIOLOGY,细胞中的水,ext-bio-4e8dccf192-009,细胞中的水,,KEEP,「自由水以游离的形式存在、可以自由流动，特点为易蒸发、不受束缚」「结合水是与细胞内蛋白质、多糖等物质相结合的水，特点为不易散失」——存在形式与特点，属『细胞中的水』（别名即《自由水与结合水的存在形式与特点》）。,slice-91
BIOLOGY,细胞中的水,ext-bio-4e8dccf192-010,细胞中的水,,KEEP,「在一定范围内，自由水和结合水的比值越大，细胞代谢越旺盛，但抗逆性较差」「温度升高时结合水可转化为自由水」——比值与温度引起的转化，属『细胞中的水』。,slice-91
BIOLOGY,细胞中的水,ext-bio-5f510cdc4a-224,细胞中的水,,KEEP,「阶段Ⅰ起步急剧上升，为吸胀吸水…阶段Ⅲ曲线再度上升，为渗透吸水即重新吸水」「水分吸收主要为渗透作用，不需要ATP；矿质元素吸收主要为主动运输」——种子萌发水分变化，现绑已收《种子成熟、风干、萌发与烘烤过程中的水分变化》。,slice-91
BIOLOGY,细胞中的水,ext-bio-77321c3eaa-017,细胞中的水,,KEEP,「叶绿体：光合作用中水的光解利用水，ATP的合成不产生水」「线粒体：有氧呼吸第二阶段利用水，第三阶段产生水」——代谢中水的产生与利用，现绑已收《细胞中水的产生与利用途径》。保留理由：『水』节点边界亦明列该内容，两处同族。,slice-91
BIOLOGY,细胞中的水,ext-bio-7fe5152a97-004,细胞中的水,,KEEP,「动态转化：自由水和结合水在一定条件下可以相互转化，主要受温度影响」「自由水与结合水的比值低时，细胞代谢缓慢，但抗逆性强」——转化与意义，属『细胞中的水』（别名即《自由水与结合水的转化及其意义》）。,slice-91
BIOLOGY,细胞中的水,ext-bio-808baa0568-008,细胞中的水,,KEEP,「自由水：功能是细胞内良好的溶剂、参与生物化学反应、为细胞提供液体环境、运输营养物质和代谢废物」「结合水：功能是细胞结构的重要组成部分」——两类水的功能与转化，属『细胞中的水』。,slice-91
BIOLOGY,细胞中的水,ext-bio-843a59952f-005,细胞中的水,,KEEP,「结合水…是细胞结构的重要组成成分，赋予各种组织、器官一定的形状、硬度和弹性」「自由水和结合水在一定条件下可以相互转化，主要受温度影响」——结合水功能与存在形式转化，属现绑。,slice-91
BIOLOGY,细胞中的水,ext-bio-90c69a0dc4-003b,细胞中的水,,KEEP,「结合水越多，细胞抵抗干旱和寒冷等不良环境的能力就越强」——即现绑别名《结合水含量与抗逆性的关系（必修1新增内容）》，属现绑。,slice-91
BIOLOGY,细胞中的水,ext-bio-944a6d528b-020,细胞中的水,,KEEP,「自由水与结合水的比值高时代谢强度旺盛但抗逆性差，如癌细胞、萌发的种子、分生组织细胞」「种子晒干散失的主要是自由水，仍可萌发」——比值与实例，属『细胞中的水』已收比值系列。,slice-91
BIOLOGY,细胞中的水,ext-bio-c244f5f146-009,细胞中的水,,KEEP,「自由水与结合水在一定条件下可以相互转化；一般自由水所占比例越大细胞代谢越旺盛，结合水越多细胞抵抗干旱和寒冷等不良环境的能力越强」——水的极性、氢键与存在形式及转化，属现绑。,slice-91
BIOLOGY,细胞中的水,ext-bio-cebcb9d917-001b,细胞中的水,,KEEP,「与蛋白质、多糖等物质结合，失去流动性和溶解性，是细胞结构的重要组成成分，不具备运输功能」——结合水与自由水的区分，属『细胞中的水』（别名即《自由水与结合水的区分》）。,slice-91
BIOLOGY,细胞中的水,ext-bio-df5a1763b4-017,细胞中的水,,KEEP,「水分子之间可形成氢键，氢键比较弱、易被破坏且不断断裂又不断形成，使水能维持液体状态」「水具有较高的比热容」——水的分子结构与理化性质，属现绑。,slice-91
BIOLOGY,细胞中的水,ext-bio-f512e9d923-006,细胞中的水,,KEEP,「自由水是细胞内良好的溶剂，参与许多化学反应，为细胞提供液体环境，运送营养物质和代谢废物」「结合水…是细胞结构的重要组成部分」——水的性质与存在形式，属现绑。,slice-91
BIOLOGY,细胞中的水,ext-bio-f512e9d923-007,细胞中的水,,KEEP,「自由水与结合水的比值高时细胞代谢旺盛；比值低时代谢强度降低，但抗旱、抗寒等抗逆性增强」——比值与抗逆性的对应，与现绑节点材料同型（节点已收《自由水与结合水比值同代谢强度、抗逆性的关系》）。,slice-91
BIOLOGY,细胞中的糖类,bio-fj-02-reducing-sugar-list,细胞中的糖类,,KEEP,「常见还原糖：葡萄糖、果糖、半乳糖、麦芽糖、乳糖等，可用斐林试剂检测」——还原糖范围与检测表现，属现绑节点糖类性质面（检测实验节点亦收同族）。,slice-91
BIOLOGY,细胞中的糖类,bio-fj-03-fructose-galactose-distribution,细胞中的糖类,,KEEP,「果糖（C6H12O6）：植物细胞中常见的六碳糖」「半乳糖（C6H12O6）：动物细胞中常见的六碳糖」——单糖的分布，属现绑节点。,slice-91
BIOLOGY,细胞中的糖类,bio-fj-03-glucose-fuel,细胞中的糖类,,KEEP,「葡萄糖（C6H12O6）是主要的能源物质，被称为“生命的燃料”」——葡萄糖的功能，属现绑节点糖类功能面。,slice-91
BIOLOGY,细胞中的糖类,bio-fj-03-glucose-injection-sucrose-not,细胞中的糖类,,KEEP,「葡萄糖属于单糖，可直接进入细胞，可口服也可静脉注射」「蔗糖属于二糖，必须经消化分解为两分子单糖后才能进入细胞」——单糖与二糖的吸收差异。,slice-91
BIOLOGY,细胞中的糖类,bio-fj-03-lactose-in-milk,细胞中的糖类,,KEEP,「乳糖是动物二糖，由半乳糖和葡萄糖脱水缩合而成」「分布在人和动物的乳汁中，含量丰富」——三种二糖的组成与分布，现绑边界逐字点名。,slice-91
BIOLOGY,细胞中的糖类,bio-fj-03-maltose-in-germinating-grain,细胞中的糖类,,KEEP,「麦芽糖是植物二糖，由两分子葡萄糖组成」「发芽的谷粒中淀粉水解产生大量麦芽糖」——二糖的组成与分布，属现绑节点。,slice-91
BIOLOGY,细胞中的糖类,bio-fj-03-pentose-sugars,细胞中的糖类,,KEEP,「核糖（C5H10O5）：构成RNA的成分，也存在于ATP中」「两者都是动植物细胞共有的五碳糖」——单糖的种类与分布，属现绑节点。,slice-91
BIOLOGY,细胞中的糖类,bio-fj-03-polysaccharide-functions,细胞中的糖类,,KEEP,「淀粉：植物储藏器官中，植物细胞重要储能物质」「糖原：肝糖原（调节血糖）、肌糖原（储存供能）」——多糖的种类、分布与功能，属现绑节点。,slice-91
BIOLOGY,细胞中的糖类,bio-fj-03-same-monomer-different-property,细胞中的糖类,,KEEP,「构成淀粉、糖原和纤维素的基本单位都是葡萄糖分子」「葡萄糖的数量、连接方式等不同，使三者化学性质有很大差距」——多糖组成与性质差异，属现绑节点多糖面。,slice-91
BIOLOGY,细胞中的糖类,bio-kb-disaccharide-types-distribution,细胞中的糖类,,KEEP,「蔗糖：葡萄糖＋果糖」「麦芽糖：葡萄糖＋葡萄糖」「乳糖：葡萄糖＋半乳糖」——三种二糖的水解产物与分布，现绑边界逐字点名。,slice-91
BIOLOGY,细胞中的糖类,bio-kb-energy-substance-classification,细胞中的糖类,,KEEP,「主要能源物质：糖类」「主要储能物质：脂肪（植物另可储淀粉，动物另可储糖原）」——能源物质的分类；末句ATP产生量属并列面，混合保留。,slice-91
BIOLOGY,细胞中的糖类,bio-kb-monosaccharide-types-distribution,细胞中的糖类,,KEEP,「五碳糖：核糖（RNA的组成成分）、脱氧核糖（DNA的组成成分），动植物细胞都有」——单糖种类与分布，属现绑节点。,slice-91
BIOLOGY,细胞中的糖类,bio-kb-polysaccharide-types-functions,细胞中的糖类,,KEEP,「淀粉：植物细胞中重要的储能物质（玉米、小麦、马铃薯等）」「几丁质：存在于甲壳类动物和昆虫的外骨骼及真菌细胞壁中」——常见多糖的种类与分布。,slice-91
BIOLOGY,细胞中的糖类,bio-kb-sugar-not-all-reducing-energy,细胞中的糖类,,KEEP,「非还原糖：蔗糖、淀粉、纤维素等，不能用斐林试剂检测出砖红色沉淀」「并非所有糖都是能源物质，也并非所有糖都是还原糖」——糖类性质辨析（族内收『糖类的功能与还原性辨析』）。,slice-91
BIOLOGY,细胞中的糖类,bio-kb2-03-non-reducing-sugars,细胞中的糖类,,KEEP,「葡萄糖、果糖、麦芽糖等是还原糖，与斐林试剂水浴加热生成砖红色沉淀」「淀粉、纤维素、蔗糖是非还原糖」——糖类的还原性分类（现绑族内收『糖类的功能与还原性辨析』）。,slice-91
BIOLOGY,细胞中的糖类,bio-kb2-03-polysaccharide-function,细胞中的糖类,,KEEP,「淀粉：植物细胞中重要的储能物质」「纤维素：构成植物细胞壁的结构物质，不供能」——多糖的分布与功能，属现绑节点。,slice-91
BIOLOGY,细胞中的糖类,bio-kb2-08-energy-materials-summary,细胞中的糖类,,KEEP,「主要能源物质：糖类；主要储能物质：脂肪」「植物储能物质：淀粉、脂肪；动物储能物质：糖原、脂肪」——糖类作主要能源物质的定位，属现绑糖类功能面。,slice-91
BIOLOGY,细胞中的糖类,bio-kb3-f2-s2-3-n03x2,细胞中的糖类,,KEEP,「二糖由两分子单糖脱水缩合而成，一般要水解成单糖才能被细胞吸收」——二糖的组成与吸收特点，属现绑节点。,slice-91
BIOLOGY,细胞中的糖类,bio-kb3-f2-s2-3-n05,细胞中的糖类,,KEEP,「常见的二糖有蔗糖（由葡萄糖和果糖组成）、麦芽糖（由葡萄糖和葡萄糖组成）」——常见二糖的组成与分布，属现绑节点。,slice-91
BIOLOGY,细胞中的糖类,bio-kb3-f2-s2-3-n07,细胞中的糖类,,KEEP,「常见的多糖有淀粉、纤维素、糖原、几丁质四种」「所不同的是三种多糖的基本单位的连接方式」——常见多糖及连接方式差异，属现绑节点。,slice-91
BIOLOGY,细胞中的糖类,bio-kb3-f2-s2-3-n09,细胞中的糖类,,KEEP,「不能作为能源物质的糖类有核糖、脱氧核糖、纤维素、几丁质四种」——糖类能否作能源物质的辨析，属现绑节点糖类功能面。,slice-91
BIOLOGY,细胞中的糖类,bio-mo-cell-036,细胞中的糖类,,KEEP,「几丁质也是一种多糖，又称为壳多糖，广泛存在于甲壳类动物和昆虫的外骨骼中」——主体为几丁质多糖；后两句脂质元素组成为并列面，混合保留。,slice-91
BIOLOGY,细胞中的糖类,bio-mo-cell-039,细胞中的糖类,,KEEP,「生物体内的糖类绝大多数以多糖的形式存在」「植物体内的多糖有淀粉（储能多糖）和纤维素（结构多糖）」——动植物多糖的组成与分布。,slice-91
BIOLOGY,细胞中的糖类,bio-mo-cell-043,细胞中的糖类,,KEEP,「和动物体合成糖原的原料是葡萄糖，糖原主要分布在人和动物的肝脏和肌肉中」——糖原的组成与分布；后两句血糖补充为同节点多糖功能面，混合保留。,slice-91
BIOLOGY,细胞中的糖类,bio-polysaccharide,细胞中的糖类,,KEEP,「淀粉：植物储能（分直链/支链），初步水解为麦芽糖」「纤维素：植物细胞壁主要成分（结构多糖）」——多糖种类与功能，属现绑节点。,slice-91
BIOLOGY,细胞中的糖类,ext-bio-0b30bf1136-024,细胞中的糖类,,KEEP,「单糖：核糖（C5H10O5）组成RNA」「淀粉（植物细胞主要的储能物质）」——单糖、二糖与多糖的种类与分布，属现绑节点。,slice-91
BIOLOGY,细胞中的糖类,ext-bio-0b30bf1136-026,细胞中的糖类,,KEEP,「淀粉、纤维素和糖原的基本单位都是葡萄糖」「葡萄糖之间的连接方式不同，因此它们在化学性质上有很大差距」——多糖结构差异及纤维素作用，现绑族内同题多条。,slice-91
BIOLOGY,细胞中的糖类,ext-bio-598fee4795-023,细胞中的糖类,,KEEP,「支链淀粉含量比较多的食物」「升糖指数更高，更容易被消化」「相对不那么容易被消化分解」——直链/支链淀粉的结构差异与消化特性；库内无更对口节点，点名保留。,slice-91
BIOLOGY,细胞中的糖类,ext-bio-5f510cdc4a-227,细胞中的糖类,,KEEP,「糖原：肝糖原分布于动物肝脏、肌糖原分布于动物肌肉，均用于储存能量」「几丁质（壳多糖）：分布于甲壳类动物和昆虫的外骨骼中」——多糖的分布与功能。,slice-91
BIOLOGY,细胞中的糖类,ext-bio-5f510cdc4a-232,细胞中的糖类,,KEEP,「原因是葡萄糖的连接方式不同，连接方式不同导致空间结构与性质不同」——多糖结构功能不同的原因，现绑族内已收同题材料。,slice-91
BIOLOGY,细胞中的糖类,ext-bio-5f510cdc4a-233,细胞中的糖类,,KEEP,「纤维素、果胶等被称为膳食纤维」「被称为人类的第七类营养素」——膳食纤维的保健作用；现绑节点已收『糖类分类与膳食纤维等教材拓展』同族。,slice-91
BIOLOGY,细胞中的糖类,ext-bio-a2815c4e88-006,细胞中的糖类,,KEEP,「单糖是不能水解的糖，分为五碳糖和六碳糖」「五碳糖包括核糖（C5H10O5，RNA的基本组成成分）」——单糖的分类，属现绑节点。,slice-91
BIOLOGY,细胞中的糖类,ext-bio-a2815c4e88-010,细胞中的糖类,,KEEP,「蔗糖（葡萄糖＋果糖）分布于植物细胞，麦芽糖（葡萄糖＋葡萄糖）分布于植物细胞」——二糖组成与分布；末句蔗糖溶液用于质壁分离仅为应用陪衬，主体仍归现绑节点。,slice-91
BIOLOGY,细胞中的糖类,ext-bio-a2815c4e88-011,细胞中的糖类,,KEEP,「淀粉分布于植物细胞，是植物细胞中重要的储能物质；糖原包括肝糖原和肌糖原」——多糖的种类、分布与功能，属现绑节点。,slice-91
BIOLOGY,细胞中的糖类,ext-bio-d4ec322b9d-010,细胞中的糖类,,KEEP,「分类依据是能否水解以及水解产物的分子数」「单糖是不能水解的糖，可被细胞直接吸收」——糖的分类依据，属现绑节点。,slice-91
BIOLOGY,细胞中的糖类,ext-bio-d4ec322b9d-011,细胞中的糖类,,KEEP,「五碳糖：核糖（C5H10O5）是组成RNA的成分，脱氧核糖（C5H10O4）是组成DNA的成分」——单糖的种类、分布与功能，属现绑节点。,slice-91
BIOLOGY,细胞中的糖类,ext-bio-de050dd0e4-001,细胞中的糖类,,KEEP,「膳食纤维包括纤维素和果胶等；绿色植物可合成纤维素」「纤维素不能被人体消化吸收，但能促进胃肠蠕动和排空」——膳食纤维的存在与作用，属现绑节点教材拓展面。,slice-91
BIOLOGY,细胞中的糖类,ext-bio-df5a1763b4-033,细胞中的糖类,,KEEP,「单糖是不能水解、可被细胞直接吸收的糖，包括五碳糖和六碳糖」——单糖分类与直接吸收，属现绑节点。,slice-91
BIOLOGY,细胞中的糖类,ext-bio-df5a1763b4-034,细胞中的糖类,,KEEP,「麦芽糖在发芽的小麦、谷粒中含量丰富（植物细胞中）；蔗糖在甘蔗、甜菜中含量丰富」——二糖的分布，属现绑边界『三种二糖的水解产物与分布』。,slice-91
BIOLOGY,细胞中的糖类,ext-bio-df5a1763b4-035,细胞中的糖类,,KEEP,「淀粉分布在植物粮食作物的种子、变态茎或根等储藏器官」「纤维素构成植物细胞的细胞壁」——多糖的分布与功能，属现绑节点。,slice-91
BIOLOGY,细胞中的糖类,ext-bio-df5a1763b4-036,细胞中的糖类,,KEEP,「葡萄糖之间的连接方式和排列方式不同，因而空间结构与功能不同」「纤维素构成植物细胞的细胞壁」——多糖结构-功能差异；末句多糖合成相关细胞器为并列面，混合保留。,slice-91
BIOLOGY,细胞中的脂质,bio-fj-03-phospholipid-membrane,细胞中的脂质,,KEEP,「磷脂是组成生物膜（核膜、细胞膜和细胞器膜）的重要成分」「磷脂是所有细胞（包括原核细胞）必不可少的脂质」——磷脂的功能与分布，现绑节点别名『磷脂是所有细胞必不可少的脂质』在册。,slice-91
BIOLOGY,细胞中的脂质,bio-kb-fat-structure-and-functions,细胞中的脂质,,KEEP,「1. 组成：三分子脂肪酸＋一分子甘油；元素为C、H、O」「2. 功能：细胞内良好的储能物质；保温；缓冲和减压」——脂肪的结构与功能，现绑节点别名同名。,slice-91
BIOLOGY,细胞中的脂质,bio-kb-fat-vs-sugar-as-main-energy,细胞中的脂质,,KEEP,「等量脂肪比糖类含能量多，但脂肪在细胞内的氧化速率慢，耗氧量大」「糖类既可在有氧条件下也可在无氧条件下分解供能」——脂肪含能多却不是主要能源物质的原因，现绑节点别名同名。,slice-91
BIOLOGY,细胞中的脂质,bio-kb-sterol-types-functions,细胞中的脂质,,KEEP,「1. 胆固醇：构成动物细胞膜的重要成分，参与人体血液中脂质的运输」「3. 维生素D：促进人和动物肠道对钙和磷的吸收」——固醇的分类及功能（胆固醇、性激素、维生素D），现绑节点别名同名。,slice-91
BIOLOGY,细胞中的脂质,bio-kb3-f2-s2-3-n12,细胞中的脂质,,KEEP,「脂肪的组成元素是C、H、O，是由三分子脂肪酸与一分子甘油发生反应而形成的酯」「植物脂肪大多含有不饱和脂肪酸，熔点较低，不容易凝固，在室温时呈液态」——脂肪的组成元素与动植物差异，现绑节点别名同名。,slice-91
BIOLOGY,细胞中的脂质,bio-kb3-f2-s2-3-n13,细胞中的脂质,,KEEP,「脂肪的作用：是细胞内良好的储能物质；是一种很好的绝热体，起到保温作用；具有缓冲减压的作用，可以保护内脏器官」——脂肪的作用，现绑节点别名同名。,slice-91
BIOLOGY,细胞中的脂质,bio-kb3-f2-s2-3-n14,细胞中的脂质,,KEEP,「磷脂与脂肪的不同之处在于，甘油的一个羟基不是与脂肪酸结合成脂，而是与磷酸及其衍生物结合」「磷脂是构成细胞膜和细胞器膜的重要成分」——磷脂的结构与功能，属现绑节点。,slice-91
BIOLOGY,细胞中的脂质,bio-kb3-f2-s2-3-n16,细胞中的脂质,,KEEP,「胆固醇是构成动物细胞膜的重要成分，在人体内还参与血液中脂质的运输；性激素能促进人和动物生殖器官的发育以及生殖细胞的形成」——固醇（胆固醇等）功能，现绑节点别名『胆固醇』在册。,slice-91
BIOLOGY,细胞中的脂质,bio-mo-cell-042,细胞中的脂质,,KEEP,「相对于糖类分子，脂肪分子中H的比例高，而O的比例小」「故在氧化分解时，单位质量的脂肪较糖类消耗的氧气多，产生的水多，产生的能量也多」——脂质与糖类的元素与能量差异，现绑节点别名『相对于糖类分子』在册。,slice-91
BIOLOGY,细胞中的脂质,bio-mo-cell-236,细胞中的脂质,,KEEP,「植物脂肪大多数含有不饱和脂肪酸，在室温时呈液态，而大多数动物脂肪含有饱和脂肪酸，室温时呈固态」——脂肪的脂肪酸差异，现绑节点别名同名；同卡磷脂、胆固醇功能亦属本节点。,slice-91
BIOLOGY,细胞中的脂质,bio-mo-cell-237,细胞中的脂质,,KEEP,「性激素的功能是：①促进生殖器官的发育以及生殖细胞的形成」「②维持第二性征」「维生素D的功能：促进人和动物对钙和磷的吸收」——性激素与维生素D功能，现绑节点别名『性激素的功能』在册。,slice-91
BIOLOGY,细胞中的脂质,ext-bio-5f510cdc4a-237,细胞中的脂质,,KEEP,「分子组成：一分子甘油和三分子脂肪酸；甘油分子比较简单，脂肪酸的种类和分子长短却不相同」——脂肪的分子组成与脂肪酸分类，现绑节点别名同名。,slice-91
BIOLOGY,细胞中的脂质,ext-bio-5f510cdc4a-238,细胞中的脂质,,KEEP,「磷脂：含C、H、O、P，有些还含有N」「是构成细胞膜和细胞器膜的重要成分」「固醇：由C、H、O三种元素组成，分为三类」——磷脂与固醇的组成、分布和功能，属现绑节点。,slice-91
BIOLOGY,细胞中的脂质,ext-bio-808baa0568-012,细胞中的脂质,,KEEP,「② 结构组成：一分子甘油加三分子脂肪酸」「④ 糖脂转化：糖类供应充足时可大量转化为脂肪；脂肪在糖类供能不足时才会分解供能」——脂肪的元素、结构、功能及与糖类转化，现绑节点别名同名。,slice-91
BIOLOGY,细胞中的脂质,ext-bio-808baa0568-013,细胞中的脂质,,KEEP,「① 磷脂：元素组成为C、H、O、P（有的含有N）；结构组成为1甘油加2脂肪酸加1磷酸及其衍生物；功能是构成细胞膜和细胞器膜的重要成分」——磷脂与固醇组成与功能，现绑节点别名同名。,slice-91
BIOLOGY,细胞中的脂质,ext-bio-85ddf5d75d-033,细胞中的脂质,,KEEP,「① 组成元素：C、H、O、P(N)」「④ 功能：生物膜的主要成分，磷脂双分子层作为膜结构的基本支架」——磷脂的组成、分布与功能，现绑节点别名同名。,slice-91
BIOLOGY,细胞中的脂质,ext-bio-85ddf5d75d-034,细胞中的脂质,,KEEP,「② 胆固醇：动物细胞膜的重要成分，在人体中参与血液中脂质的运输」「③ 性激素：促进人和动物生殖器官的发育以及生殖细胞的形成」——固醇的分类与功能，属现绑节点分类和功能面。,slice-91
BIOLOGY,细胞中的脂质,ext-bio-a2815c4e88-022,细胞中的脂质,,KEEP,「脂肪是最常见的脂质，元素组成为C、H、O」「组成：脂肪是由三分子脂肪酸与一分子甘油发生酯（脱水缩合）反应而形成的三酰甘油」——脂肪的组成（末句检测为附带），现绑节点别名同名。,slice-91
BIOLOGY,细胞中的脂质,ext-bio-a2815c4e88-023,细胞中的脂质,,KEEP,「饱和脂肪酸的熔点高、容易凝固，大多数动物脂肪含有饱和脂肪酸，室温时呈固态」「不饱和脂肪酸的熔点较低、不容易凝固，植物脂肪大多含有不饱和脂肪酸，室温时呈液态」——脂肪酸的分类与性质，属现绑『细胞中的脂质』（别名已收『脂肪的分子组成、脂肪酸分类与功能』），保留。,slice-91
BIOLOGY,细胞中的脂质,ext-bio-a2815c4e88-024,细胞中的脂质,,KEEP,「脂肪的生理功能包括：细胞内良好的储能物质；很好的绝热体，具有保温作用；具有缓冲和减压作用，可以保护内脏器官」——脂肪的生理功能，现绑节点别名同名。,slice-91
BIOLOGY,细胞中的脂质,ext-bio-bc5e84d6aa-021,细胞中的脂质,,KEEP,「脂肪又称甘油三酯（三酰甘油），由一分子甘油和三分子脂肪酸组成，组成元素为C、H、O」——脂肪的分子组成，现绑节点别名同名。,slice-91
BIOLOGY,细胞中的脂质,ext-bio-bc5e84d6aa-022,细胞中的脂质,,KEEP,「结构特点：甘油分子结构简单且不可变化，脂肪酸分子种类、长短不同」「作用：细胞内良好的储能物质；保温作用；缓冲和减压作用，保护内脏器官」——脂肪的结构特点与作用，现绑节点别名同名。,slice-91
BIOLOGY,细胞中的脂质,ext-bio-cebcb9d917-006,细胞中的脂质,,KEEP,「饱和脂肪酸：长链上每个碳原子与相邻的碳原子以单键连接；熔点较高、容易凝固」「不饱和脂肪酸：长链中存在双键；熔点较低、不容易凝固」——饱和/不饱和脂肪酸对比，现绑节点收动物脂肪固态、植物脂肪液态原因同族；糖类和脂肪的转化节点别名亦含本主题，按对比主体保留。,slice-91
BIOLOGY,细胞中的脂质,ext-bio-d4ec322b9d-017,细胞中的脂质,,KEEP,「脂肪又称甘油三酯、三酰甘油，是由三分子脂肪酸与一分子甘油发生反应而形成的酯」「其甘油部分简单且不可变化，脂肪酸部分分子长短可变」——脂肪的基本结构，现绑节点别名同名。,slice-91
BIOLOGY,细胞中的脂质,ext-bio-d4ec322b9d-018,细胞中的脂质,,KEEP,「大多数动物脂肪含有饱和脂肪酸，熔点高，室温时呈固态」「大多数植物脂肪含有不饱和脂肪酸，熔点低，室温时呈液态」——动物脂肪固态、植物脂肪液态的原因，现绑节点别名逐字在册。,slice-91
BIOLOGY,细胞中的脂质,ext-bio-d4ec322b9d-020,细胞中的脂质,,KEEP,「相同点：脂肪和糖类都由C、H、O三种元素组成」「不同点：脂肪中O的含量远少于糖类，而H的含量更多」——脂肪与糖类的元素组成比较，现绑节点别名同名。,slice-91
BIOLOGY,细胞中的脂质,ext-bio-df5a1763b4-041,细胞中的脂质,,KEEP,「与糖类相比，脂肪中“C”“H”含量高、“O”含量低，彻底氧化分解需要O2多、释放的能量多」「1g脂肪约释放39kJ能量，1g糖原约释放17kJ」——脂肪与糖类的元素与释能比较，现绑节点别名同名。,slice-91
BIOLOGY,细胞中的脂质,ext-bio-df5a1763b4-044,细胞中的脂质,,KEEP,「等量脂肪比糖类含能量多，是因为脂肪中H多O少，氧化分解需要O2多、释放能量多」「故脂肪是良好的储能物质，糖类是生物体生命活动利用的主要能源物质」——同一考点的另一表述，现绑节点别名同名。,slice-91
BIOLOGY,细胞中的脂质,ext-bio-ea7151acdd-007,细胞中的脂质,,KEEP,「① 脂肪：等质量的脂肪与糖类相比C、H比例高、O比例低」「② 磷脂：构成细胞膜、核膜及各种细胞器膜等生物膜的重要成分」「③ 固醇：胆固醇是构成动物细胞膜的重要成分并参与血液中脂质的运输」——三类脂质的分类与功能，现绑节点别名同名。,slice-91
BIOLOGY,细胞中的脂质,ext-bio-ef6d3dfbc8-011,细胞中的脂质,,KEEP,「胆固醇：构成动物细胞膜的重要成分，在人体内参与血液中脂质的运输」「不同的固醇间可相互转化，其基本结构相同」——固醇的种类与功能，属现绑节点分类与功能面。,slice-91
BIOLOGY,细胞中的脂质,ext-bio-f512e9d923-022,细胞中的脂质,,KEEP,「1分子甘油和3分子脂肪酸缩合形成甘油三酯（脂肪），并脱去3分子水」「动物脂肪多含饱和脂肪酸（单键连接、熔点高、容易凝固）」——脂肪的组成与动植物脂肪差异，属现绑节点。,slice-91
BIOLOGY,细胞中的脂质,ext-bio-f512e9d923-023,细胞中的脂质,,KEEP,「磷脂在人和动物的脑、卵细胞、肝脏以及大豆种子中含量丰富，是细胞膜、细胞器膜的重要成分」——磷脂的分布与功能，属现绑节点。,slice-91
BIOLOGY,细胞中的脂质,ext-bio-f512e9d923-024,细胞中的脂质,,KEEP,「胆固醇是构成动物细胞膜的重要成分，还参与血液中脂质的运输」「维生素D促进人和动物肠道对钙和磷的吸收」——固醇种类与功能，落现绑节点分类与功能面（脂质节点亦近，按固醇主体保留）。,slice-91
BIOLOGY,细胞分裂图像的三看法判别,ext-bio-b0d7cc0b7d-028,细胞分裂图像的三看法判别,,KEEP,「ef（BC）段表示S期DNA的复制、染色单体形成，比值由1降为1/2」「gh（DE）段表示有丝分裂后期着丝粒分裂…比值回到1」——曲线解读；现绑已收《有丝分裂曲线与柱状图解读要点》《染色体数与核DNA数比值变化曲线的解读》同族。,slice-91
BIOLOGY,细胞分裂时期的判断方法,ext-bio-9752acd916-045,细胞分裂时期的判断方法,,KEEP,「斜线从 $2n$ → $4n$ 的折线代表核 DNA 的数量变化」「先判断每个柱形代表的是染色体还是染色单体」——柱形图/折线图判读，属现绑（别名逐字含本题名）。,slice-91
BIOLOGY,细胞周期,ext-bio-5f510cdc4a-619,细胞周期,,KEEP,「G₁期（DNA合成前期）：主要合成DNA复制所需的蛋白质」「G₂期（DNA合成末期）：合成分裂期（M期）所必需的一些蛋白质」——分裂间期分期活动，现绑同族在册，保留。,slice-91
BIOLOGY,细胞周期,ext-bio-b0d7cc0b7d-011,细胞周期,,KEEP,「G1期（DNA合成前期）主要进行RNA和蛋白质的生物合成」「S期（DNA合成期）最主要的特征是DNA的合成」——分裂间期三阶段活动；与同族《分裂间期的三个阶段的划分与主要活动》同题在现绑。,slice-91
BIOLOGY,细胞周期,ext-bio-b7b14638ac-013b,细胞周期,,KEEP,「Rb 蛋白磷酸化后，E2F 被释放，促进基因的转录」「阻断细胞周期」——CDK相关调控通路；现绑边界明收「周期蛋白依赖性激酶的作用」，保留。,slice-91
BIOLOGY,细胞周期,ext-bio-bdcefb18a4-014,细胞周期,,KEEP,「分裂间期占细胞周期的90%到95%」「其间完成DNA分子的复制和有关蛋白质的合成」——分裂间期特点；现绑边界明收「涉及分裂间期的特点及其调控机制」，保留。,slice-91
BIOLOGY,细胞周期,ext-bio-bdcefb18a4-015,细胞周期,,KEEP,「G1期合成RNA和与复制相关的蛋白质」「S期完成DNA复制和组蛋白的合成，最易发生基因突变」——分裂间期三阶段；现绑边界明收「涉及分裂间期的特点及其调控机制」，保留。,slice-91
BIOLOGY,细胞周期,ext-bio-c8020741a5-003,细胞周期,,KEEP,「cyclinA或B与CDK1结合，CDK1的部分氨基酸被磷酸化，部分被去磷酸化」「有丝分裂中期过后cyclin与CDK1分离」——CDK-cyclin调控；现绑边界明收「分裂间期的特点及其调控机制，如周期蛋白依赖性激酶的作用」，保留。,slice-91
BIOLOGY,细胞周期,ext-bio-ff04f292f4-009,细胞周期,,KEEP,「分裂期核基因很少进行蛋白质合成，因为分裂期染色体呈高度螺旋化状态，DNA螺旋化、不易解旋，无法进行转录」——分裂期与间期差异，现绑同族在册，保留。,slice-91
BIOLOGY,细胞周期检验点与同步化,ext-bio-5f510cdc4a-652,细胞周期检验点与同步化,,KEEP,「分裂中期阻断法利用某些药物（如秋水仙素）抑制微管聚合，使细胞纺锤体不能形成，从而把细胞阻断在细胞分裂中期」——即现绑『细胞周期检验点与同步化』边界（秋水仙素使细胞停滞在中期）。,slice-91
BIOLOGY,细胞周期检验点与同步化,ext-bio-7e0d298ef7-007,细胞周期检验点与同步化,细胞周期,REBIND,「MPF可促使细胞进入分裂期（M期），表明MPF是M期的正常诱导物」「MPF由Cdc2蛋白和一种周期蛋白构成：Cdc2蛋白为其催化亚基，周期蛋白为其调节亚基」——即现绑『细胞周期』边界『周期蛋白依赖性激酶的作用』（已收《CDK-周期蛋白复合物与磷酸化调控》）；现绑『细胞周期检验点与同步化』讲同步化方法。,slice-91
BIOLOGY,细胞周期检验点与同步化,ext-bio-7e0d298ef7-011,细胞周期检验点与同步化,,KEEP,「秋水仙素阻断法：…秋水仙素能抑制纺锤体形成，使细胞周期被阻断，从而实现细胞周期同步化」「血清饥饿法：培养液中缺少血清可以使细胞周期停滞在分裂间期」——即现绑边界原文（秋水仙素停滞中期、血清饥饿停滞G0/G1）。,slice-91
BIOLOGY,细胞呼吸原理的应用,bio-fj-09-storage-conditions,细胞呼吸原理的应用,,KEEP,「储存不是无氧环境：应低温（零上，不破坏组织）、低氧」「完全无氧时呼吸强度不为零（无氧呼吸进行）」——果蔬与种子储存条件辨析，别名同名在册。,slice-91
BIOLOGY,细胞呼吸原理的应用,bio-kb3-f4-s45-n10,细胞呼吸原理的应用,细胞呼吸的影响因素及应用,REBIND,「遗传物质及表达情况不同导致酶的种类数量不同，进而影响呼吸速率」——内部（遗传）因素对呼吸速率的影响；『细胞呼吸的影响因素及应用』已收『影响细胞呼吸的内部因素』『影响细胞呼吸的因素分类』等同题材料。,slice-91
BIOLOGY,细胞呼吸原理的应用,bio-storage-low-o2-high-co2-low-temp,细胞呼吸原理的应用,,KEEP,「低 O2、适当高 CO2（充 N2）：抑制有氧呼吸并避免无氧呼吸过强」「零上低温：降低酶活性、减少消耗」——果蔬粮食保鲜手段，别名同名在册。,slice-91
BIOLOGY,细胞呼吸原理的应用,ext-bio-1b7c6d66e4-008,细胞呼吸原理的应用,,KEEP,「中耕松土可增加土壤透气性，有利于根细胞有氧呼吸与矿质元素的吸收」——现绑边界点名“中耕松土等措施的依据”。,slice-91
BIOLOGY,细胞呼吸原理的应用,ext-bio-2b08d14a8c-060,细胞呼吸原理的应用,,KEEP,「储存水果蔬菜时应选择氧气浓度较低的条件，因为此时有氧呼吸较弱，又能抑制无氧呼吸，有机物消耗最少」——属现绑应用面；末句线粒体内容跨『线粒体』节点，无单一承接，保守保留。,slice-91
BIOLOGY,细胞呼吸原理的应用,ext-bio-598fee4795-018,细胞呼吸原理的应用,,KEEP,「储藏蔬菜和水果时应在零上低温、低氧、适宜水分、高CO2条件下保存」——储藏条件，现绑别名同名在册。,slice-91
BIOLOGY,细胞呼吸的影响因素及应用,bio-fj-09-sealed-container-co2,细胞呼吸的影响因素及应用,,KEEP,「密闭容器中O2浓度逐渐减少，CO2浓度逐渐增加」「低氧和高CO2都抑制呼吸，故CO2生成速率逐渐降低」——低氧与高CO2对细胞呼吸的抑制，属现绑节点影响因素面。,slice-91
BIOLOGY,细胞呼吸的影响因素及应用,bio-kb3-f5-s5-3-n02,细胞呼吸的影响因素及应用,实验-探究酵母菌细胞呼吸的方式,REBIND,「CO2可使澄清石灰水变浑浊，也可使溴麝香草酚蓝溶液由蓝色变绿色再变黄」「根据石灰水的混浊程度或溴麝香草酚蓝溶液变成黄色的时间长短可以判断酵母菌的呼吸方式」——检测产物并判断呼吸方式，正落目标节点边界『用澄清石灰水、溴麝香草酚蓝和酸性重铬酸钾检测产物，并归纳判断呼吸方式的方法』。,slice-91
BIOLOGY,细胞呼吸的影响因素及应用,bio-kb3-f5-s5-3-n05,细胞呼吸的影响因素及应用,实验-探究酵母菌细胞呼吸的方式,REBIND,「B瓶封口放置一段时间，再连通澄清石灰水，目的是消耗瓶中原有的氧气，确保无氧条件」——无氧装置与产物检测的设计，属『实验-探究酵母菌细胞呼吸的方式』（该节点已收《B瓶封口放置后再连通检测的原因》）；现绑节点讲影响呼吸的因素。,slice-91
BIOLOGY,细胞呼吸的影响因素及应用,bio-kb3-f5-s5-3-n07,细胞呼吸的影响因素及应用,线粒体,REBIND,「在线粒体的内膜上和基质中含有许多种与有氧呼吸有关的酶。因此，线粒体的内膜上蛋白质含量更高」——线粒体结构特点与功能相适应；目标节点别名含『线粒体内膜蛋白质含量远高于外膜的原因』。,slice-91
BIOLOGY,细胞呼吸的影响因素及应用,bio-kb3-f5-s5-3-n15,细胞呼吸的影响因素及应用,细胞呼吸原理的应用,REBIND,「包扎伤口时选用透气创可贴的原因：防止厌氧菌的繁殖」「土壤要及时松土透气的原因：增加土壤含氧量，促进根细胞的有氧呼吸」——细胞呼吸原理在医疗与农业中的应用，目标节点已收包扎伤口与中耕松土的同族材料。,slice-91
BIOLOGY,细胞呼吸的影响因素及应用,bio-kb3-f5-s5-4-3-n01,细胞呼吸的影响因素及应用,影响光合作用强度的环境因素,REBIND,「光合作用强度简单地说就是指植物在单位时间内通过光合作用制造有机物的量」——即光合作用强度的定义；目标节点别名含『光合作用强度』『光合作用强度的概念与表示方法』，同族概念材料在册；非细胞呼吸。,slice-91
BIOLOGY,细胞呼吸的影响因素及应用,bio-kb3-f5-s5-4-3-n05,细胞呼吸的影响因素及应用,光合作用的影响因素,REBIND,「农业生产上“正其形，通其风”、施用农家肥的目的都能提高环境中二氧化碳的浓度」——CO2浓度对光合作用的影响及生产应用；目标节点已收正其行通其风、增施农家肥提高CO2浓度的同族材料。,slice-91
BIOLOGY,细胞呼吸的影响因素及应用,bio-kb3-f5-s5-4-3-n06,细胞呼吸的影响因素及应用,光合作用的影响因素,REBIND,「西瓜、玉米、辣椒轮作和固定种植玉米相比，其优点是充分利用土壤中的矿质元素、改善土壤、减少病虫害的发生」——农业生产管理措施（轮作）提高产量，目标节点已收套种与合理密植等同族农业措施材料；非细胞呼吸。,slice-91
BIOLOGY,细胞呼吸的影响因素及应用,bio-kb3-f5-s5-4-3-n07,细胞呼吸的影响因素及应用,光合作用的影响因素,REBIND,「农家肥中的有机物被微生物分解产生二氧化碳，其能被作物利用，提高作物产量」——增施农家肥以提高CO2浓度（光合应用），目标节点已收同族材料；非细胞呼吸。,slice-91
BIOLOGY,细胞呼吸的影响因素及应用,bio-kb3-f5-s5-4-3-n08,细胞呼吸的影响因素及应用,三率-的关系及测定,REBIND,「总光合速率（也称真正光合速率）=净光合速率（也称表观光合速率）+细胞呼吸速率」——三率关系式；目标节点别名逐字含『总光合作用等于净光合作用加呼吸作用』，同族材料在册（辨析三率节点为近似双胞胎，按关系式取本节点）。,slice-91
BIOLOGY,细胞呼吸的影响因素及应用,bio-kb3-f5-s5-4-3-n09,细胞呼吸的影响因素及应用,影响光合作用强度的环境因素,REBIND,「在某植株或叶片的光补偿点（光合速率等于呼吸速率）时，其叶肉细胞的光合速率大于呼吸速率」——目标节点边界明言『区分叶肉细胞与植物整体的气体交换表现』，别名含该判断同族表述。,slice-91
BIOLOGY,细胞呼吸的影响因素及应用,bio-kb3-f5-s5-4-3-n10,细胞呼吸的影响因素及应用,光合作用的影响因素,REBIND,「10-12时的光合作用强度明显减弱的原因是气温过高，气孔部分关闭，CO₂吸收减少，光合作用减弱」——一昼夜光合变化与光合午休原因分析；目标节点边界明言『讨论光合午休现象及其在生产上的应用』。,slice-91
BIOLOGY,细胞呼吸的影响因素及应用,bio-kb3-f5-s5-4-3-n11,细胞呼吸的影响因素及应用,光合作用与化能合成作用的比较,REBIND,「化能合成作用和光合作用的主要区别是能量来源不同，能进行化能合成作用的细菌能利用体外环境中的无机物氧化分解所释放的能量来制造有机物」——即化能合成作用与光合作用的比较，目标节点别名同名。,slice-91
BIOLOGY,细胞呼吸的影响因素及应用,bio-mo-fermentation-035,细胞呼吸的影响因素及应用,发酵工程,REBIND,「发酵工程一般包括菌种的选育，扩大培养，培养基的配制、灭菌，接种，发酵，产物的分离、提纯等方面」——发酵工程的基本环节（含菌种选育与扩大培养），非细胞呼吸。,slice-91
BIOLOGY,细胞呼吸的影响因素及应用,bio-mo-fermentation-036,细胞呼吸的影响因素及应用,发酵工程,REBIND,「现代发酵工程使用的大型发酵罐均有计算机控制系统，能对发酵过程中的温度、pH、溶解氧、罐压、通气量、搅拌、泡沫和营养等进行监测和控制」——发酵过程的控制，属发酵工程。,slice-91
BIOLOGY,细胞呼吸的影响因素及应用,bio-mo-fermentation-041,细胞呼吸的影响因素及应用,发酵工程,REBIND,「发酵罐在使用前要进行灭菌，培养基和发酵设备一般用蒸汽灭菌，空气采用过滤的方法除菌」「搅拌的作用：①使空气和发酵液充分混合，增加培养液中的溶解氧」——发酵过程的控制与操作要点，属发酵工程。,slice-91
BIOLOGY,细胞呼吸的影响因素及应用,bio-mo-fermentation-042,细胞呼吸的影响因素及应用,发酵工程,REBIND,「啤酒酵母菌：通过微生物培养技术筛选出的优良菌种，在接种前进行扩大培养，缩短生产周期」「蒸煮后的糖浆一定要冷却后才能接种」——啤酒生产的发酵工艺与操作，属发酵工程（目标节点收啤酒工业化生产同族）。,slice-91
BIOLOGY,细胞呼吸的影响因素及应用,ext-bio-2b08d14a8c-040,细胞呼吸的影响因素及应用,,KEEP,「在O2浓度约为5%时，有机物消耗最少、CO2释放量最少，因此低氧适合储存食物」「无氧呼吸随O2浓度升高逐渐受抑制，总呼吸强度先降后升」——O2浓度对细胞呼吸的影响规律与贮存应用，属现绑节点主题（同族材料前轮判KEEP）。,slice-91
BIOLOGY,细胞呼吸的影响因素及应用,ext-bio-5f510cdc4a-518,细胞呼吸的影响因素及应用,细胞呼吸原理的应用,REBIND,「蔬菜水果：零上低温、湿度适中、低O₂」「种子：低温、干燥、低O₂」——果蔬与种子储藏条件（应用）；目标节点已收『果蔬与种子储存条件辨析』『果蔬粮食保鲜手段：低O2、高CO2、零上低温』同族材料。,slice-91
BIOLOGY,细胞器的结构和功能,bio-kb2-06-no-membrane-organelles,细胞器的结构和功能,,KEEP,「核糖体：主要成分是蛋白质和rRNA…是“生产蛋白质的机器”；中心体：由两个互相垂直排列的中心粒及周围物质组成」——无膜细胞器结构与功能，属现绑节点。,slice-91
BIOLOGY,细胞器的结构和功能,bio-kb3-f3-s3-2-n09,细胞器的结构和功能,,KEEP,「中心体分布在动物与低等植物细胞中，与细胞的有丝分裂有关」——现绑边界明列中心体的位置与细胞分裂中的动态变化。,slice-91
BIOLOGY,细胞器的结构和功能,bio-mo-cell-089,细胞器的结构和功能,,KEEP,「用物理性质特殊的同位素来标记化学反应中原子的去向，就是同位素标记法」「生物膜系统包括细胞器膜和细胞膜、核膜等结构」——两分句分属『同位素标记法』『生物膜系统』，无单一他节点整体承接，保留。,slice-91
BIOLOGY,细胞器的结构和功能,bio-mo-cell-092,细胞器的结构和功能,,KEEP,「分泌蛋白质的合成、加工、运输及分类等与内质网和高尔基体有关，但不能理解为所有蛋白质都需要经过内质网和高尔基体的加工」——细胞器分工合作易错点，属现绑节点（分泌蛋白节点交叉，保留）。,slice-91
BIOLOGY,细胞器的结构和功能,ext-bio-3199bef3a3-004b,细胞器的结构和功能,,KEEP,「差速离心主要是采取逐渐提高离心速率分离不同大小颗粒的方法」「密度梯度离心是将要分离的细胞组分…铺放在…密度梯度溶液表面」——分离细胞器方法与离心原理，现绑节点已收6条同族（差速离心法节点亦收同族，拿不准保留）。,slice-91
BIOLOGY,细胞器的结构和功能,ext-bio-3199bef3a3-006b,细胞器的结构和功能,,KEEP,「载体蛋白可参与主动运输或协助扩散 且有些载体蛋白能转运两种分子或离子」「[H]与氧结合生成水…发生在线粒体内膜上 不是线粒体基质」——多考点错项辨析，落现绑『细胞器结构与功能』面（跨膜运输/细胞呼吸子节点亦相关，保留）。,slice-91
BIOLOGY,细胞器的结构和功能,ext-bio-e38b2a3536-010,细胞器的结构和功能,,KEEP,「都含少量环状DNA、RNA和核糖体」「线粒体靠内膜向内折叠形成嵴」——线粒体与叶绿体的结构比较；现绑节点别名收『叶绿体与线粒体为半自主细胞器（含DNA/核糖体）』同族。,slice-91
BIOLOGY,细胞增殖,bio-fj-01-yeast-budding-division,细胞增殖,,KEEP,「酵母菌（真核真菌）：一般出芽生殖，也可孢子生殖」「细菌（原核）：二分裂」「二分裂不属于有丝分裂或减数分裂」——增殖方式辨析，现绑别名逐字含本条标题。,slice-91
BIOLOGY,细胞增殖,bio-fj-12-amitosis,细胞增殖,无丝分裂,REBIND,「过程：细胞核延长→核中部凹陷→缢裂成两个核→细胞中部凹陷缢裂成两个子细胞」「实例：蛙的红细胞」——无丝分裂的特点与实例，属『无丝分裂』（该节点已收《无丝分裂的过程与特点》等同题材料）。,slice-91
BIOLOGY,细胞增殖,bio-kb-amitosis-features-example,细胞增殖,无丝分裂,REBIND,「特点：没有出现纺锤丝和染色体的变化，但存在遗传物质的复制」「典型实例：蛙的红细胞的无丝分裂」——即『无丝分裂』节点边界原文（无纺锤丝和染色体变化但仍有DNA复制），且该节点已收两条同名材料。,slice-91
BIOLOGY,细胞增殖,ext-bio-02a053bbf3-003b,细胞增殖,,KEEP,「特点是没有出现纺锤丝和染色体的变化；实例是蛙的红细胞的无丝分裂」「鉴别植物细胞与动物细胞的有丝分裂：最佳方法是看分裂末期细胞质的分裂方式」——即现绑『细胞增殖』边界『辨析无丝分裂与分裂末期的区别』。,slice-91
BIOLOGY,细胞增殖,ext-bio-5f510cdc4a-631,细胞增殖,有丝分裂,REBIND,「意义：将亲代细胞经过复制之后的染色体（关键是DNA的复制），精确地平均分配到两个子细胞中」「染色体平均分配会使细胞核中的DNA平均分配」——即『有丝分裂』节点已收《有丝分裂的意义》同题材料。,slice-91
BIOLOGY,细胞增殖,ext-bio-b0d7cc0b7d-029,细胞增殖,有丝分裂,REBIND,「有丝分裂将亲代细胞的染色体经过复制（实质为DNA的复制和有关蛋白质的合成）之后，精确地平均分配到两个子细胞中」——有丝分裂的意义，属『有丝分裂』（该节点已收两篇《有丝分裂的意义》）。,slice-91
BIOLOGY,细胞增殖,ext-bio-ff04f292f4-002,细胞增殖,,KEEP,「单细胞生物（如草履虫）靠细胞生长增大体积，多细胞生物（如象和鼠）主要靠细胞分裂增加细胞数量」——讲多细胞生物长大靠细胞增殖，现绑别名逐字含本条标题。,slice-91
BIOLOGY,细胞壁,bio-fj-08-lysozyme-antibacterial,细胞壁,,KEEP,「溶菌酶能水解细菌细胞壁（肽聚糖）」「细菌因细胞壁被破坏而死亡，起到抗菌消炎作用」——溶菌酶作用原理；别名逐字在册（末句第二道防线另近『非特异性免疫』，主体仍是细胞壁，保留）。,slice-91
BIOLOGY,细胞壁,bio-kb2-01-mycoplasma,细胞壁,,KEEP,「支原体是原核生物，可能是最小、最简单的单细胞生物」「与细菌细胞结构的区别是支原体没有细胞壁」——支原体的特殊性；现绑边界明写『还包括支原体没有细胞壁这一特例』。,slice-91
BIOLOGY,细胞学说,bio-kb3-f1-s1-1-n04,细胞学说,归纳法,REBIND,「由一系列具体事实推出一般结论的思维方法称为归纳法，可分为完全归纳法和不完全归纳法」——通篇为归纳法定义与分类；『归纳法』节点边界即完全/不完全归纳判定，并已收「归纳法的定义与类型」等同族材料。,slice-91
BIOLOGY,细胞学说,bio-kb3-f1-s1-1-n05,细胞学说,细胞是基本的生命系统,REBIND,「除病毒以外，生物体都是以细胞作为结构和功能的基本单位，生命活动离不开细胞」——即“细胞是生命活动的基本单位”核心命题；『细胞是基本的生命系统』边界即以细胞为结构与功能的基本单位，同源 n06-n10 均在该节点。,slice-91
BIOLOGY,细胞学说,bio-kb3-f4-s02-n06,细胞学说,,KEEP,「显微观察资料的积累——认识细胞」——细胞学说建立过程的阶段条目；同源系列 n03-n20 均绑现绑节点，条目虽短属该建立脉络，保留。,slice-91
BIOLOGY,细胞学说,bio-kb3-f4-s02-n10,细胞学说,,KEEP,「科学观察和归纳概括的结合——形成理论」——细胞学说建立过程的阶段条目；同源系列 n03-n20 均绑现绑节点，条目虽短属该建立脉络，保留。,slice-91
BIOLOGY,细胞学说,bio-kb3-f4-s02-n18,细胞学说,归纳法,REBIND,「科学方法——归纳法」「由一系列具体事实推出一般结论的思维方法」——条目即归纳法定义；『归纳法』节点已收《科学方法——归纳法（第01讲课件）》同题材料，现绑『细胞学说』边界仅学说建立与意义。,slice-91
BIOLOGY,细胞是基本的生命系统,bio-kb3-f4-s03-n13,细胞是基本的生命系统,,KEEP,「细胞这个生命系统都属于最基本的层次」「可以说细胞是基本的生命系统」——现绑节点核心命题逐字。,slice-91
BIOLOGY,细胞是基本的生命系统,bio-mo-cell-148,细胞是基本的生命系统,atp的合成和利用,REBIND,「对于动物、人和真菌来说，产生ATP的生理作用是呼吸作用，场所是细胞质基质和线粒体」「对于绿色植物来说」——通篇ATP产生的生理作用与场所；现绑『细胞是基本的生命系统』边界自述不涉功能细节，源为第5章背诵版。,slice-91
BIOLOGY,细胞核的结构和功能,bio-fj-05-chromatin-chromosome,细胞核的结构和功能,,KEEP,「染色体高度螺旋，有利于分裂时移动并分配到子细胞」「染色质为细丝状，有利于DNA完成复制、转录」——染色质与染色体的关系；现绑别名逐字含该标题，保留。,slice-91
BIOLOGY,细胞核的结构和功能,bio-fj-05-enucleated-amoeba,细胞核的结构和功能,,KEEP,「重新移入细胞核后生命活动恢复」——变形虫去核与植核实验；现绑别名逐字含「变形虫去核与植核实验」，保留。,slice-91
BIOLOGY,细胞核的结构和功能,bio-kb-chromatin-chromosome-same-substance,细胞核的结构和功能,,KEEP,「分裂间期呈染色质（细丝状），分裂期呈染色体」——同一物质两种状态与显微镜观察染色体变异；现绑别名含「染色质与染色体的关系」，保留。,slice-91
BIOLOGY,细胞核的结构和功能,bio-kb2-05-chromatin-chromosome,细胞核的结构和功能,,KEEP,「染色质和染色体是同一物质不同时期的两种存在状态，主要成分都是DNA和蛋白质」——关系与成分；现绑节点已收同源同题材料，保留。,slice-91
BIOLOGY,细胞核的结构和功能,bio-kb3-f3-s3-3-n03,细胞核的结构和功能,,KEEP,「美西螈核移植实验、伞藻嫁接和核移植实验表明细胞核控制着细胞的遗传」——细胞核功能四组经典实验；现绑别名逐字含本条标题，保留。,slice-91
BIOLOGY,细胞核的结构和功能,bio-kb3-f3-s3-3-n05,细胞核的结构和功能,,KEEP,「染色质因容易被碱性染料染成深色而得名，主要由DNA和蛋白质组成」——染色质的得名与成分，属细胞核结构内容；现绑别名逐字含本条标题，保留。,slice-91
BIOLOGY,细胞核的结构和功能,bio-kb3-f3-s3-3-n06,细胞核的结构和功能,,KEEP,「在分裂期以染色体状态存在，便于染色体在分裂过程中的移动和平均分配」「在分裂间期以染色质状态存在，利于DNA解旋」——染色质与染色体的形态与功能区别；现绑别名逐字含「染色质与染色体的区别」，保留。,slice-91
BIOLOGY,细胞核的结构和功能,bio-kb3-f3-s3-3-n07,细胞核的结构和功能,,KEEP,「代谢越旺盛的细胞，核仁越大，核孔越多」——核仁的作用；现绑别名逐字含「核仁的作用」，保留。,slice-91
BIOLOGY,细胞核的结构和功能,bio-mo-cell-102,细胞核的结构和功能,,KEEP,「核孔的作用是实现核质之间频繁的物质交换和信息交流」——核仁、核孔、染色质三条结构功能，均属现绑节点；保留。,slice-91
BIOLOGY,细胞核的结构和功能,bio-mo-cell-107,细胞核的结构和功能,,KEEP,「核孔并非一个简单的孔道，而是由多种蛋白质组成的一个复杂而精细的结构」——核孔结构；现绑别名逐字含本条标题，保留。,slice-91
BIOLOGY,细胞核的结构和功能,bio-mo-cell-108,细胞核的结构和功能,,KEEP,「原核细胞无细胞核及核仁，核糖体组装不在核仁区域」——核仁功能与“核糖体组装”边界的辨析；现绑别名含「核仁与某种RNA的合成以及核糖体」，保留。,slice-91
BIOLOGY,细胞核的结构和功能,bio-mo-cell-membrane-006,细胞核的结构和功能,,KEEP,「染色体和染色质是同一种物质在细胞不同时期的两种存在状态」——主条为染色质-染色体关系（另含“建构模型”一句邻节点余料）；现绑别名含本条标题，保留。,slice-91
BIOLOGY,细胞核的结构和功能,ext-bio-8511a381b0-026,细胞核的结构和功能,,KEEP,「变形虫切割实验：有核部分能生长、分裂，无核部分不能」——切割实验与核质相互依存；现绑别名逐字含「变形虫切割与核移植实验证明细胞核控制生命活动」，保留。,slice-91
BIOLOGY,细胞核的结构和功能,ext-bio-8511a381b0-027,细胞核的结构和功能,,KEEP,「伞藻嫁接实验：将不同伞藻的伞柄与假根嫁接，观察新长出的伞帽形状」——伞藻嫁接实验的材料与过程；现绑别名含「伞藻嫁接与核移植实验证明细胞核控制帽的形状」，保留。,slice-91
BIOLOGY,细胞核的结构和功能,ext-bio-b0f05d6293-014,细胞核的结构和功能,,KEEP,「核膜为双层膜，把细胞质与核内物质分开」「离子及其他小分子主要通过核膜进出细胞核」——核膜与核孔的结构及通过性；现绑别名含「核膜与核孔」，保留。,slice-91
BIOLOGY,细胞核的结构和功能,ext-bio-b0f05d6293-015,细胞核的结构和功能,,KEEP,「核仁：与rRNA的合成及核糖体的形成有关」「在细胞分裂过程中有周期性的消失与重建」——核仁的作用与周期性变化；现绑别名含「核仁与染色质」，保留。,slice-91
BIOLOGY,细胞核的结构和功能,ext-bio-b0f05d6293-016,细胞核的结构和功能,,KEEP,「分裂期高度螺旋化、变短变粗呈圆柱状或杆状（染色体）」——染色质与染色体的关系；现绑别名含该标题，保留。,slice-91
BIOLOGY,细胞核的结构和功能,ext-bio-dbeaf21da0-003b,细胞核的结构和功能,,KEEP,「核孔复合体是核质交换的双向选择性亲水通道」——核孔复合体的结构与选择性运输；现绑别名逐字含「核孔复合体的双向选择运输」，保留。,slice-91
BIOLOGY,细胞核的结构和功能,ext-bio-e826695713-016,细胞核的结构和功能,,KEEP,「容易被碱性染料（如醋酸洋红液、甲紫溶液）染成深色」「功能是DNA的载体」——染色质的成分、特性及与染色体的关系；现绑别名逐字含本条标题，保留。,slice-91
BIOLOGY,细胞生活的环境,bio-mo-internal-environment-002,细胞生活的环境,,KEEP,「抗原与抗体结合（内环境）」「乳酸与NaHCO3反应（内环境）」「食物中淀粉消化成葡萄糖…（消化道）」——区分内环境与细胞内、消化道，属现绑『细胞生活的环境』（别名含『细胞代谢主要发生在细胞内』）。,slice-91
BIOLOGY,细胞生活的环境,ext-bio-1240be0b5f-014,细胞生活的环境,,KEEP,「流经骨骼肌：O2和营养物质含量降低，CO2和尿素含量升高」「流经肺：O2含量升高、CO2含量降低」——血液流经器官时内环境成分变化，现绑别名逐字含本条标题。,slice-91
BIOLOGY,细胞生活的环境,ext-bio-2572fc572d-005,细胞生活的环境,,KEEP,「体液是体内含有大量以水为基础的液体环境，其中细胞内液约占 2/3，细胞外液约占 1/3」「一切与外界相通的管腔…不属于体液」——体液组成与边界，现绑别名含『体液及内环境的组成』。,slice-91
BIOLOGY,细胞生活的环境,ext-bio-26746c92ba-107,细胞生活的环境,,KEEP,「单箭头：单进单出→淋巴液；淋巴液流入血浆，淋巴液来自组织液」「有盲端→毛细淋巴管→淋巴液；无盲端→毛细血管→血浆」——血浆组织液淋巴的判读，现绑别名逐字含本条标题。,slice-91
BIOLOGY,细胞癌变,bio-mo-gene-099,细胞癌变,,KEEP,「人和动物细胞中的DNA上本来就存在与癌变相关的基因：原癌基因和抑癌基因」「癌细胞…能够无限增殖…容易在体内分散和转移」——现绑边界即癌变原因与特征。,slice-91
BIOLOGY,细胞的全能性,ext-bio-5f510cdc4a-1968,细胞的全能性,,KEEP,「治疗性克隆利用克隆技术产生特定的细胞、组织和器官」「二者都属于无性生殖」——克隆分类属现绑『细胞的全能性』（边界含核移植与克隆动物；别名逐字含本题名）。,slice-91
BIOLOGY,细胞的分化与全能性,ext-bio-3a60560995-011,细胞的分化与全能性,,KEEP,「管家基因：所有细胞均表达」「奢侈基因：指不同类型细胞中特异性表达的基因」——基因选择性表达属现绑（别名含『细胞分化的原因是基因的选择性表达』）。,slice-91
BIOLOGY,细胞的死亡,bio-ros-attack-membrane-protein,细胞的死亡,,KEEP,「ROS 氧化膜脂（磷脂双分子层）→膜流动性、通透性异常；氧化蛋白质（含 D1 蛋白）→功能蛋白失活」——正文无光抑制/衰老等归属句；『光抑制与光保护』『光抑制』『细胞衰老（自由基学说）』各收同族材料，无法唯一改绑，保留。,slice-91
BIOLOGY,细胞的生物膜系统,bio-kb-phospholipid-structure-function,细胞的生物膜系统,细胞中的脂质,REBIND,「元素：除C、H、O外还有P，甚至N」「一分子甘油、二分子脂肪酸、一分子磷酸」「是所有细胞必不可少的脂质」——磷脂的元素/组成/功能属『细胞中的脂质』（别名含『磷脂是所有细胞必不可少的脂质』）；现绑『细胞的生物膜系统』无涉。,slice-91
BIOLOGY,细胞膜成分和结构的探究历程,bio-fj-03-cholesterol-functions-detail,细胞膜成分和结构的探究历程,细胞中的脂质,REBIND,「构成动物细胞膜的重要成分」「在人体内参与血液中脂质的运输」——胆固醇（固醇）的两项功能；『细胞中的脂质』别名即『固醇的分类与功能』，同源第03讲脂质族多绑该节点，现绑『细胞膜成分和结构的探究历程』只讲探索史实。,slice-91
BIOLOGY,细胞膜成分和结构的探究历程,bio-fj-05-monolayer-area-2x,细胞膜成分和结构的探究历程,,KEEP,「测得单层分子面积是红细胞表面积的2倍」「推论：细胞膜中磷脂分子必然排列为连续的两层」——磷脂单分子层实验，属现绑『细胞膜成分和结构的探究历程』。,slice-91
BIOLOGY,细胞膜成分和结构的探究历程,bio-fj-05-robertson-model,细胞膜成分和结构的探究历程,,KEEP,「1959年罗伯特森在电镜下看到细胞膜清晰的暗-亮-暗三层结构」「该模型把膜描述为静态统一结构」——对细胞膜结构的探索，现绑边界第3项即“对细胞膜结构的探索”。,slice-91
BIOLOGY,细胞膜成分和结构的探究历程,bio-kb3-f3-s3-1-n09,细胞膜成分和结构的探究历程,,KEEP,「油脂的表面如果吸附有蛋白质成分则表面张力会降低」「由此推测细胞膜除了含脂质分子外，可能还附有蛋白质」——同属现绑『细胞膜成分和结构的探究历程』。,slice-91
BIOLOGY,细胞膜成分和结构的探究历程,bio-kb3-f4-s20-n03,细胞膜成分和结构的探究历程,,KEEP,「新技术带来新模型」「(1)人—鼠细胞融合实验」——对细胞膜结构的探索；同源知识清单同节『静态结构模型的提出』『动态结构模型的提出』等各块均绑『细胞膜成分和结构的探究历程』。,slice-91
BIOLOGY,细胞膜成分和结构的探究历程,ext-bio-20423534c9-013,细胞膜成分和结构的探究历程,,KEEP,「测得单层分子的面积恰为红细胞表面积的2倍」「推论：细胞膜中的磷脂分子必然排列为连续的两层」——戈特和格伦德尔实验，属现绑『细胞膜成分和结构的探究历程』。,slice-91
BIOLOGY,细胞膜成分和结构的探究历程,ext-bio-20423534c9-014,细胞膜成分和结构的探究历程,,KEEP,「细胞膜的表面张力比油—水界面的张力低得多」「推论：细胞膜除了脂质外还可能有蛋白质」——对细胞膜成分的探索（丹尼利和戴维森），现绑边界第1项逐字覆盖。,slice-91
BIOLOGY,细胞膜成分和结构的探究历程,ext-bio-5f510cdc4a-296,细胞膜成分和结构的探究历程,,KEEP,「在空气与水界面上，磷脂分子头部朝下即朝水、尾部朝上即朝空气」「细胞膜中的磷脂分子才会排列为连续的两层」——磷脂排列方式与铺展实验的推理依据，属现绑。,slice-91
BIOLOGY,细胞膜成分和结构的探究历程,ext-bio-8511a381b0-010,细胞膜成分和结构的探究历程,,KEEP,「用丙酮从人的红细胞中提取脂质，在空气—水界面上铺展成单分子层」「推断：细胞膜中的磷脂分子必然排列为连续的两层」——同属现绑『细胞膜成分和结构的探究历程』。,slice-91
BIOLOGY,细胞膜成分和结构的探究历程,ext-bio-8511a381b0-011,细胞膜成分和结构的探究历程,,KEEP,「细胞的表面张力明显低于油—水界面的表面张力」「他们推测细胞膜除含脂质分子外，可能还附有蛋白质」——同属现绑『细胞膜成分和结构的探究历程』。,slice-91
BIOLOGY,细胞膜的结构和功能,bio-fj-04-receptor-vs-carrier,细胞膜的结构和功能,,KEEP,「受体蛋白：激素、细胞因子、神经递质等信号分子的受体」「载体蛋白：协助扩散和主动运输中协助物质跨膜运输」——膜蛋白的分类与功能，现绑边界含五种常考膜蛋白。,slice-91
BIOLOGY,细胞膜的结构和功能,bio-kb3-f3-s3-1-n07,细胞膜的结构和功能,,KEEP,「磷脂的头部亲水，两个脂肪酸尾部疏水，多个磷脂分子在水中总是自发形成双分子层」——磷脂分子结构特点；现绑别名收『对细胞主要由磷脂双分子层构成的原因』，两可，保守保留。,slice-91
BIOLOGY,细胞膜的结构和功能,bio-kb3-f3-s3-1-n13,细胞膜的结构和功能,,KEEP,「流动镶嵌模型（1972年，辛格和尼科尔森提出）为大多数人所接受」「磷脂双分子层是膜的基本支架」——模型要点；现绑节点别名含『流动镶嵌模型的要点与细胞膜功能』，与『膜的流动镶嵌模型』两可，保守保留。,slice-91
BIOLOGY,细胞膜的结构和功能,bio-mo-cell-070,细胞膜的结构和功能,,KEEP,「蛋白质分子以不同方式镶嵌在磷脂双分子层中：有的镶在磷脂双分子层表面，有的部分或全部嵌入磷脂双分子层中，有的贯穿于整个磷脂双分子层」——现绑节点别名含『流动镶嵌模型的要点与细胞膜功能』，非他节专属；『膜的流动镶嵌模型』亦可读，保守保留。,slice-91
BIOLOGY,细胞膜的结构和功能,bio-mo-cell-075,细胞膜的结构和功能,,KEEP,「膜内部分是疏水的，但水分子能跨膜运输」「膜上存在水通道蛋白，水分子可以通过通道蛋白通过膜」——水通道蛋白属现绑『五种常考的膜蛋白及其功能』一面；与『膜的流动镶嵌模型』别名『水分子的跨膜与脂质体载药』相邻，保守保留。,slice-91
BIOLOGY,细胞膜的结构和功能,bio-mo-cell-076,细胞膜的结构和功能,膜的流动镶嵌模型,REBIND,「因由磷脂双分子层构成的脂质体，在双分子层内部是疏水的」「若运送水溶性药物则应包裹在双分子层中」——通篇脂质体结构与载药原理；『膜的流动镶嵌模型』已收『脂质体作为药物运载体的结构与原理』同族，现绑边界只讲成分、功能与膜蛋白。,slice-91
BIOLOGY,细胞膜的结构和功能,bio-mo-cell-079,细胞膜的结构和功能,,KEEP,「糖蛋白的位置只位于细胞膜的外侧」「可用于确定细胞膜膜内外位置」「糖被是糖蛋白质、糖脂中的糖类分子」——糖被与糖蛋白；现绑节点收『糖被、糖蛋白与膜的结构特点、功能特性辨析』同族。,slice-91
BIOLOGY,细胞膜的结构和功能,bio-mo-cell-106,细胞膜的结构和功能,,KEEP,「磷脂双分子层是一层生物膜的基本支架，而双层膜由两层磷脂双分子构成」——磷脂双分子层与双层膜的辨析，属膜结构面；现绑别名同名，保守保留。,slice-91
BIOLOGY,细胞膜的结构和功能,ext-bio-20423534c9-022,细胞膜的结构和功能,,KEEP,「①受体蛋白：与激素、淋巴因子、神经递质等信号分子特异性结合」——五种常考的膜蛋白及功能，现绑边界逐字点名。,slice-91
BIOLOGY,细胞膜的结构和功能,ext-bio-81d7a60554-003,细胞膜的结构和功能,,KEEP,「四种常考的膜蛋白及其功能」「（4）识别蛋白：用于细胞与细胞间相互识别的糖蛋白」——四种常考膜蛋白，属现绑边界『五种常考的膜蛋白及其功能』。,slice-91
BIOLOGY,细胞膜的结构和功能,ext-bio-cebcb9d917-008b,细胞膜的结构和功能,,KEEP,「不饱和脂肪酸的熔点低、不容易凝固，含量高时可增加细胞膜的流动性」——膜流动性一面正合现绑边界『强调其具有流动性和选择透过性』；前两段耐寒性指标更贴『细胞中的水』（自由水与结合水比值与抗逆性），正文跨两题，保守保留。,slice-91
BIOLOGY,细胞衰老,bio-mo-cell-219,细胞衰老,细胞凋亡,REBIND,「在成熟的生物体中，细胞的自然更新，某些被病原体感染的细胞的清除，也是通过细胞凋亡完成的」「细胞凋亡对于多细胞生物体完成正常发育，维持内部环境的稳定…起着非常关键的作用」——通篇讲细胞凋亡的作用，与现绑『细胞衰老』零对应；『细胞凋亡』正收该族（同源前一条《由基因所决定的细胞自动结束生命的过程》即绑此节点）。,slice-91
BIOLOGY,细胞衰老,ext-bio-8b1fe58522-017,细胞衰老,,KEEP,「自由基攻击磷脂分子使生物膜发生损伤，攻击蛋白质使蛋白质活性下降，攻击DNA引起基因突变…导致细胞衰老」——自由基学说，属现绑『细胞衰老』的原因学说，保留。,slice-91
BIOLOGY,细胞衰老,ext-bio-8b1fe58522-018,细胞衰老,,KEEP,「端粒是每条染色体的两端含有的一段特殊序列的DNA-蛋白质复合体」「端粒DNA序列截短后…使细胞活动渐趋异常，导致细胞衰老」——端粒学说，属现绑『细胞衰老』的原因学说（节点已收《细胞衰老的端粒学说》《自由基学说》）。,slice-91
BIOLOGY,群落的主要类型及群落的演替,bio-mo-community-013,群落的主要类型及群落的演替,,KEEP,「荒漠中的生物具有耐旱的特性」「植物有仙人掌属植物、骆驼刺属植物等」——现绑别名逐字含本题名，属荒漠群落族。,slice-91
BIOLOGY,群落的主要类型及群落的演替,bio-mo-community-015,群落的主要类型及群落的演替,,KEEP,「森林为动物提供了丰富的食物和栖息场所」——现绑别名逐字含本题名；后半不同群落的物种组成与外貌特点亦属现绑边界。,slice-91
BIOLOGY,群落的主要类型及群落的演替,bio-mo-community-016,群落的主要类型及群落的演替,种群密度,REBIND,「调查土壤中小动物类群丰富度可用“取样器取样调查法”」「调查某种植物或活动范围较小的动物种群密度可以用“样方法”」「调查活动范围较大的动物种群密度可用“标志重捕法”」——通篇调查方法适用对象；靶『种群密度』边界明写『不同对象应选用不同方法』。,slice-91
BIOLOGY,群落的主要类型及群落的演替,bio-mo-community-018,群落的主要类型及群落的演替,生态位,REBIND,「生态位包括生物所处的空间，占用的资源以及与其他物种的关系等」「生态位重叠的两个物种因竞争排斥原理而难以长期共存」——通篇生态位概念与重叠；靶『生态位』边界即『一个物种在群落中的地位和角色』，已收『生态位重叠与竞争排斥原理』同族。,slice-91
BIOLOGY,群落的演替,bio-mo-cell-011,群落的演替,原核细胞和真核细胞,REBIND,「淡水水域污染后富营养化，导致蓝细菌和绿藻等大量繁殖，会形成让人讨厌的水华，影响水质和水生动物的生活」——必修1『细胞的多样性和统一性』引出蓝细菌的原句；同句已作『原核生物（一）』材料绑定于目标节点，现绑『群落的演替』为误配。,slice-91
BIOLOGY,群落的演替,bio-mo-community-020,群落的演替,,KEEP,「随着时间的推移，一个群落被另一个群落代替的过程，叫作群落演替」——即现绑节点的定义句。,slice-91
BIOLOGY,群落的演替,bio-mo-community-026,群落的演替,,KEEP,「简单→复杂→稳定：大多数自然群落（环境条件适宜）」「复杂→简单→稳定：受污染或破坏的群落」「最终都会达到一个与群落所处环境相适应的相对稳定的状态」。演替方向与结果，现绑节点同名别名在册。,slice-91
BIOLOGY,群落的结构,bio-fj-33-competition-examples,群落的结构,,KEEP,「实例：同一草原的非洲狮和斑鬣狗、牛与羊、农作物与杂草」「本质：共同利用有限资源（食物、空间）而相互排斥」——种间竞争的实例与本质，属现绑种间关系族。,slice-91
BIOLOGY,群落的结构,bio-fj-33-dominant-species-concept,群落的结构,,KEEP,「优势种在群落中数量多，更重要的是对其他物种影响大」「不同群落的优势种不同」——优势种概念，现绑边界含优势种的判断依据。,slice-91
BIOLOGY,群落的结构,bio-fj-33-ecotone-edge-effect,群落的结构,,KEEP,「生态交错区：两个或多个生态地带（群落）之间的过渡区域」「边缘效应：交错区物种数目及一些物种密度增大的趋势」——交错区与群落概念辨析，现绑『群落的结构』别名含同题。,slice-91
BIOLOGY,群落的结构,bio-fj-33-mutualism-protocooperation,群落的结构,,KEEP,「原始合作（互惠）：双方都受益，但分开后各自也能独立生活」「互利共生：…同生共死的同步性变化」——种间关系辨析，现绑族内已收。,slice-91
BIOLOGY,群落的结构,bio-fj-33-parasitism-vs-predation-examples,群落的结构,,KEEP,「寄生：蚊子吸人血、蝉刺吸树汁液——宿主结构保持完整」「捕食：蝗虫啃食青草、蚕食桑叶」——寄生与捕食实例辨析。,slice-91
BIOLOGY,群落的结构,bio-fj-33-predation-parasitism-competition,群落的结构,,KEEP,「捕食：一种生物以另一种生物为食…如狼与兔」「寄生…如蛔虫与人」「种间竞争…如非洲狮与斑鬣狗」——捕食/寄生/种间竞争，现绑族内已收。,slice-91
BIOLOGY,群落的结构,bio-fj-33-predation-vs-parasitism-detail,群落的结构,,KEEP,「寄生：从活的生物体内获得营养物质，宿主结构保持完整」「腐生：从死的生物体内获得营养物质」——寄生与腐生、捕食的区别。,slice-91
BIOLOGY,群落的结构,bio-fj-33-symbiosis-vs-protocooperation-detail,群落的结构,,KEEP,「互利共生实例：地衣（真菌与藻类）、豆科植物与根瘤菌」「原始合作实例：海葵固着在寄居蟹螺壳上」——种间关系实例辨析，现绑族内已收。,slice-91
BIOLOGY,群落的结构,bio-fj-33-vertical-layering-animals-reason,群落的结构,,KEEP,「动物直接或间接以植物为食，植物分层提供不同的食物条件」「植物分层为动物提供不同的栖息空间」——动物垂直分层原因，现绑边界含垂直结构。,slice-91
BIOLOGY,群落的结构,bio-fj-33-vertical-layering-plants-reason,群落的结构,,KEEP,「不同植物适于在不同光照强度下生长（阳生、阴生）」「分层显著提高了群落利用阳光等环境资源的能力」——植物垂直分层的原因，正对现绑『群落的结构』垂直结构面。,slice-91
BIOLOGY,群落的结构,bio-fx-interspecific-relations,群落的结构,,KEEP,「种间关系包括竞争、捕食、寄生、互利共生、原始合作和偏利共生」「偏利共生：一方受益、另一方不受影响」——种间关系类型罗列，属现绑『群落的结构』种间关系族。,slice-91
BIOLOGY,群落的结构,bio-mo-community-001,群落的结构,,KEEP,「在相同时间聚集在一定地域中各种生物种群的集合，叫作生物群落」「一个群落中的物种数目，称为物种丰富度」——群落概念与物种组成，现绑边界。,slice-91
BIOLOGY,群落的结构,bio-mo-community-002,群落的结构,,KEEP,「种间关系主要有原始合作（互惠）、互利共生、种间竞争、捕食和寄生等」——种间关系的类型与实例总述，属现绑『群落的结构』种间关系族。,slice-91
BIOLOGY,群落的结构,bio-mo-community-007,群落的结构,研究土壤中小动物类群的丰富度,REBIND,「许多土壤动物有较强的活动能力，而且身体微小，因此不适于用样方法进行调查」「常用取样器取样的方法进行采集、调查」——土壤小动物丰富度调查方法。,slice-91
BIOLOGY,群落的结构,bio-mo-community-008,群落的结构,研究土壤中小动物类群的丰富度,REBIND,引文订正：「常用的统计物种相对数量的方法有两种：一是记名计算法」…「二是目测估计法」——土壤小动物类群丰富度研究的统计方法。,slice-91
BIOLOGY,群落的结构,bio-mo-community-010,群落的结构,,KEEP,「捕食、竞争并非都是不利的，实际上被淘汰的都是不适应环境的，有利于对环境资源的更合理利用」——种间关系的辩证认识与易错辨析，现绑『群落的结构』别名即含同题，保留。,slice-91
BIOLOGY,群落的结构,bio-mo-community-011,群落的结构,,KEEP,「若两种生物数量相当，则从变化趋势看，先到达波峰的为被捕食者，后到达波峰的为捕食者」——捕食曲线的判别方法，现绑『群落的结构』别名含同题。,slice-91
BIOLOGY,群落的结构,bio-predator-prey-relationship,群落的结构,,KEEP,「被捕食者增多→捕食者食物充足→数量增多（滞后）」「两曲线波动但相位差（捕食者峰值滞后于被捕食者）」——捕食关系的数量变化曲线，现绑『群落的结构』已收『捕食、互利共生与竞争的种群数量变化曲线辨析』同族。,slice-91
BIOLOGY,群落的结构,ext-bio-46ec017dac-008,群落的结构,,KEEP,「水生植物的分层与对光的利用有关…达到最大光合速率所需光照强度依次增大的植物，应从湖底到水面依次配置」——水生植物垂直分层，属现绑『群落的结构』垂直结构面。,slice-91
BIOLOGY,群落的结构,ext-bio-48c299db77-003,群落的结构,,KEEP,「原始合作双方分开仍能独立生活；互利共生…分开至少一方不能正常生活」「寄生从活体获得营养，腐生从死体获得营养」——种间关系辨析，现绑族内收「种间关系的易错辨析」。,slice-91
BIOLOGY,群落的结构,ext-bio-5f510cdc4a-139,群落的结构,,KEEP,「捕食：…先增加者先减少、后增加者后减少」「互利共生：…同升同降」「竞争：…此消彼长」——种间关系数量曲线辨析。,slice-91
BIOLOGY,群落的结构,ext-bio-5f510cdc4a-1540,群落的结构,,KEEP,「捕食…数量上呈现先增加者先减少、后增加者后减少的不同步性变化」「互利共生…数量上呈现同步性变化」——五种种间关系的数量变化特点，现绑节点收同题。,slice-91
BIOLOGY,群落的结构,ext-bio-5f510cdc4a-2042b,群落的结构,,KEEP,「高斯：证明大草履虫和双小核草履虫这两个种群间存在种间竞争关系」——高斯种间竞争实验，现绑节点别名即『高斯对大草履虫与双小核草履虫种间竞争的研究』。,slice-91
BIOLOGY,群落的结构,ext-bio-6f769aa6e2-001,群落的结构,,KEEP,「物种丰富度指一个群落中的物种数目」「调查植物的种类及数目通常采用样方法，调查土壤小动物一般采用取样器取样法」——丰富度与调查方法辨析，现绑『群落的结构』别名含同题。,slice-91
BIOLOGY,群落的结构,ext-bio-714e0223ec-011,群落的结构,,KEEP,「原始合作：两种生物共同生活在一起时，双方都受益，分开后各自能独立生活」「拟寄生一定导致寄主死亡」——种间关系判据与实例，现绑『群落的结构』别名含同题。,slice-91
BIOLOGY,群落的结构,ext-bio-7aebb35df1-009c,群落的结构,,KEEP,「草本植物和灌木在与乔木幼苗竞争光照、水分和无机盐时更占优势，导致乔木幼苗存活率低」——种间竞争的应用解释，正落现绑『群落的结构』种间关系面，保留。,slice-91
BIOLOGY,群落的结构,ext-bio-7aebb35df1-013c,群落的结构,,KEEP,「优势种指群落中不仅数量很多 而且对群落中其他物种的影响也很大的物种」「占据着相对稳定的生态位…是自然选择的结果」——优势种与生态位，正合现绑边界。,slice-91
BIOLOGY,群落的结构,ext-bio-8d62859b94-006,群落的结构,,KEEP,「互利共生：…数量上呈现出同步且平行的变化」「捕食…被捕食者先增加先减少、捕食者后增加后减少」——五种种间关系特点与数量变化，现绑族内已收。,slice-91
BIOLOGY,群落的结构,ext-bio-c8fe7f3b48-001b,群落的结构,,KEEP,「捕食…数量上呈现出（被捕食者）先增加先减少、（捕食者）后增加后减少的变化（波峰在前为被捕食者）」——种间关系类型与数量曲线表，现绑节点已收同题材料。,slice-91
BIOLOGY,翻译,bio-kb-trna-anticodon-structure-function,翻译,,KEEP,「一端是携带氨基酸的部位；另一端有3个相邻碱基（反密码子）与mRNA上密码子互补配对」「1种tRNA只能识别并转运1种氨基酸」——tRNA结构与功能（反密码子），现绑别名逐字收录本条标题。,slice-91
BIOLOGY,翻译,ext-bio-145e4cd04c-018,翻译,,KEEP,「RNA单链经折叠（形成氢键）形成三叶草结构」「每种tRNA只能识别并转运1种氨基酸」——tRNA三叶草结构与功能，属现绑翻译节点别名同族。,slice-91
BIOLOGY,翻译,ext-bio-26746c92ba-099,翻译,,KEEP,「密码子前两对碱基严格遵循碱基互补配对原则，第三对有一定自由度」「提高了容错率，有利于保持物种遗传的稳定性」——密码子与反密码子配对的灵活性，现绑别名逐字收录。,slice-91
BIOLOGY,翻译,ext-bio-5f510cdc4a-878,翻译,,KEEP,「核糖体在mRNA上的移动方向为5'→3'」「翻译过程需要三种RNA的参与」——翻译方向与所需RNA，现绑别名逐字收录本条标题。,slice-91
BIOLOGY,育种,bio-fj-15-heterosis,育种,,KEEP,「杂合子（如AaBb）在生活力、产量上往往优于纯合子」「杂合子后代发生性状分离，故需每年制种」——杂种优势与杂交育种，属现绑『育种』；同源『杂种优势及其固定方法』同绑。,slice-91
BIOLOGY,育种,bio-mo-gene-131,育种,,KEEP,「花药培养和花粉培养是人工诱导单倍体的主要途径」「由花粉发育而来的是单倍体」——单倍体育种途径；同源背诵版相邻块『单倍体育种的过程如下』同绑『育种』（『单倍体』节点的『花药离体培养培育单倍体的流程』为备选，族内口径不一故保留）。,slice-91
BIOLOGY,育种,ext-bio-2b57888b0f-011,育种,,KEEP,「显性纯合子育种：①连续自交法，连续自交多代直至子代不再出现性状分离」——获得纯合品种的育种方法；现绑别名即『依据遗传规律获得纯合品种的方法』。,slice-91
BIOLOGY,育种,ext-bio-376bd04002-017,育种,基因工程,REBIND,「用微量注射器将含目的基因的DNA溶液」「目的基因借助花粉管通道进入胚囊」「其实质是基因重组」——将目的基因导入受体细胞（转化）的方法；同源『农杆菌转化法』『将目的基因导入动物细胞与微生物细胞的方法』均绑『基因工程』，仅此块留在『育种』。,slice-91
BIOLOGY,育种,ext-bio-376bd04002-021,育种,基因工程,REBIND,「转基因牛分泌的乳汁中乳糖的含量大大降低」「工程菌是用基因工程的方法使外源基因得到高效表达的菌类」——基因工程在农牧业与食品工业的应用；『基因工程』别名已含『基因工程在食品工业方面的应用』等多项应用条目，同源『乳腺生物反应器』块亦绑该节点。,slice-91
BIOLOGY,育种,ext-bio-5f510cdc4a-1775,育种,,KEEP,「愈伤组织细胞增殖旺盛，容易发生基因突变和染色体变异，可筛选出对人们有用的突变体进而培育成新品种」——突变体育种流程；族内『突变体的利用』『突变体育种与诱变育种的原理辨析』已在『育种』。,slice-91
BIOLOGY,育种,ext-bio-5f63b792b6-003,育种,自由组合定律,REBIND,「自交法：双杂合子自交后代分离比为9比3比3比1则符合自由组合定律」「测交法：双杂合子测交后代表型比例为1比1比1比1则符合自由组合定律」——验证自由组合定律的方法；『自由组合定律』别名即『用测交验证自由组合定律』，现绑『育种』正文无育种方案。,slice-91
BIOLOGY,育种,ext-bio-636de2a928-008c,育种,,KEEP,「对单株所得的所有种子进行蛋白质电泳检测」「若某植株所有种子均不出现某条带…说明该植株为纯合子，其种子能稳定遗传」——筛选稳定遗传株系；现绑别名即『稳定遗传株系的筛选方法』。,slice-91
BIOLOGY,育种,ext-bio-636de2a928-025b,育种,,KEEP,「其细胞核基因R的表达产物能够抑制基因A的表达」「反交 F₁ 为 A(Rr)」——三系法杂交水稻的育性恢复与核质互作，现绑『育种』边界末句逐字覆盖（另有『核质互作雄性不育与三系法育种』节点，边界已列故保留）。,slice-91
BIOLOGY,育种,ext-bio-9861591320-047,育种,,KEEP,「培养细胞一直处于不断增殖的状态」「容易受到培养条件和诱变因素（如射线、化学物质等）的影响而产生突变」——突变体的利用；同源第36讲课件相邻块『突变体的利用』『突变体育种与诱变育种的原理辨析』均绑『育种』。,slice-91
BIOLOGY,育种,ext-bio-9f2a9cc9b9-006b,育种,,KEEP,「遗传组成不同的亲本杂交产生的后代，在生活力、长势、抗逆性和产量等方面往往超过亲本」「需用无性繁殖来固定优势」——杂种优势及其固定，属现绑『育种』边界“杂交育种基于基因重组”。,slice-91
BIOLOGY,育种,ext-bio-b959bdf257-082,育种,生物变异的类型,REBIND,「生物类型推断法：病毒、原核生物只发生基因突变」「细胞分裂方式推断法：二分裂只有基因突变」——按生物类型与分裂方式判定变异类型；同源第20讲课件相邻块『可遗传变异与不可遗传变异的判断』已绑『生物变异的类型』。,slice-91
BIOLOGY,育种,ext-bio-b959bdf257-083,育种,生物变异的类型,REBIND,「显微镜辅助推断法：光学显微镜下可见的为细胞水平的染色体变异，不可见的为分子水平的基因突变和基因重组」——变异类型（变异水平）的判断；『生物变异的类型』别名即『变异水平的辨析与缺失、易位的辨析』，现绑『育种』无任何育种内容。,slice-91
BIOLOGY,肺炎链球菌转化实验,ext-bio-5f510cdc4a-802,肺炎链球菌转化实验,,KEEP,「S型细菌有多糖类荚膜，R型细菌无多糖类的荚膜」「S型细菌有致病性，使小鼠患病死亡；R型细菌无致病性」——S/R型菌的菌落、荚膜与致病性比较，即现绑边界原文所列（菌落；多糖类荚膜；致病性）。,slice-91
BIOLOGY,肺炎链球菌转化实验,ext-bio-5f510cdc4a-803,肺炎链球菌转化实验,,KEEP,「S型菌由于有关荚膜保护，能够抵抗吞噬细胞的吞噬」「可使人和小鼠患肺炎，小鼠并发败血症死亡」——即现绑边界『致病性｜，可使人和小鼠患肺炎，小鼠并发败血症死亡』的展开。,slice-91
BIOLOGY,胚胎工程,bio-mo-cell-engineering-025,胚胎工程,动物细胞培养,REBIND,「哺乳动物核移植可以分为胚胎细胞核移植和体细胞核移植」「动物体细胞核移植的难度明显高于胚胎细胞核移植」——与目标节点已收『体细胞核移植的难点与胚胎细胞核移植的优势』同题。,slice-91
BIOLOGY,胚胎工程,bio-mo-cell-engineering-026,胚胎工程,动物细胞培养,REBIND,「目前动物细胞核移植技术中普遍使用的去核方法是显微操作法」「也有人采用梯度离心、紫外线短时间照射和化学物质处理等方法」——核移植去核操作，属动物细胞工程而非胚胎工程。,slice-91
BIOLOGY,胚胎工程,bio-mo-cell-engineering-038,胚胎工程,动物细胞培养,REBIND,「克隆动物绝大部分性状与供体动物相同，少数由线粒体DNA控制的性状与提供卵母细胞的动物相同，与代孕动物的性状无遗传关系」——克隆动物的遗传来源，目标节点已收同题材料。,slice-91
BIOLOGY,胚胎工程,bio-mo-cell-engineering-042,胚胎工程,,KEEP,「在自然条件下，哺乳动物的受精在输卵管内完成」——受精过程与场所，属现绑节点已收『受精过程与胚胎早期发育』一族。,slice-91
BIOLOGY,胚胎工程,bio-mo-cell-engineering-044,胚胎工程,,KEEP,「精子入卵后，尾部脱离，原有的核膜破裂并形成一个新的核膜」「卵子完成减数分裂Ⅱ，排出第二极体后，形成雌原核」——受精过程细节；现绑节点同族已收《受精过程与胚胎早期发育》（含雌、雄原核形成）与《受精、超数排卵与胚胎移植的易错辨析》，保留。,slice-91
BIOLOGY,胚胎工程,bio-mo-cell-engineering-048,胚胎工程,,KEEP,「哺乳动物的体外受精技术主要包括卵母细胞的采集、精子的获取和受精等步骤」「要分别对它们进行成熟培养和获能处理」——现绑边界明言含体外受精。,slice-91
BIOLOGY,胚胎工程,bio-mo-cell-engineering-053,胚胎工程,,KEEP,「成熟的精子并不代表具有受精能力，必须获能后才具备受精能力」「受精的标志≠受精完成的标志」——受精过程易错点，属现绑节点受精卵操作范畴。,slice-91
BIOLOGY,胚胎工程,bio-mo-cell-engineering-054,胚胎工程,,KEEP,「防止多精入卵的两道屏障：精子接触卵细胞膜的瞬间，卵细胞膜外的透明带发生生理反应，阻止后来的精子进入透明带」「这两道屏障可以保证受精卵中遗传物质与亲代体细胞一致」——现绑同族已收《受精、超数排卵与胚胎移植的易错辨析》《受精过程与胚胎早期发育》同知识点，保留。,slice-91
BIOLOGY,胚胎工程,bio-mo-cell-engineering-056,胚胎工程,,KEEP,「从从输卵管中冲取的卵母细胞卵子，已发育至MⅡ期，可直接与获能的精子进行受精作用」——现绑边界『涵盖卵子的体外成熟与冲取途径』。,slice-91
BIOLOGY,胚胎工程,bio-mo-cell-engineering-058,胚胎工程,,KEEP,「超数排卵处理中使用的是促性腺激素而不是性激素，因为性激素是由性腺产生并释放的，长期使用外源性激素会导致性腺萎缩」——超数排卵用药；现绑同族已收《受精、超数排卵与胚胎移植的易错辨析》同句，保留。,slice-91
BIOLOGY,胚胎工程,bio-mo-cell-engineering-061,胚胎工程,,KEEP,「（1）滋养层：囊胚时期沿透明带内壁扩展和排列的、个体较小的细胞，滋养层最终发育成胎膜和胎盘」——早期胚胎结构，属现绑节点。,slice-91
BIOLOGY,胚胎工程,ext-bio-2907715275-001d,胚胎工程,,KEEP,「内细胞团细胞将来发育成胎儿的各种组织；滋养层细胞将来发育成胎膜和胎盘的一部分」——早期胚胎的发育阶段与结构去向，属现绑边界。,slice-91
BIOLOGY,胚胎工程,ext-bio-320a959ba0-004b,胚胎工程,,KEEP,「超数排卵 为获取足够的卵子 需对供体注射促性腺激素进行超数排卵处理」「卵裂过程中 细胞的数量不断增加 但胚胎的总体积并不增加」——超数排卵、同期发情与卵裂期变化，正落现绑边界『卵子的体外成熟与冲取途径、早期胚胎的发育阶段』，保留。,slice-91
BIOLOGY,胚胎工程,ext-bio-5f510cdc4a-1975,胚胎工程,,KEEP,「设计试管婴儿在此基础上增加遗传学诊断，合适的胚胎才移植、不合适的舍弃」「试管婴儿主要是解决不孕夫妇的生育问题」——试管婴儿与设计试管婴儿的过程与用途比较，属试管动物范畴；现绑节点已收《体外受精与试管动物的操作流程》，保留。,slice-91
BIOLOGY,胰岛素,bio-kb2-26-blood-sugar-source-sink,胰岛素,,KEEP,「来源：食物中的糖类经消化吸收（主要来源）、肝糖原分解、脂肪等非糖物质转化」——血糖来源与去向，别名逐字同题，保留。,slice-91
BIOLOGY,胰岛素,bio-kb2-26-diabetes-types,胰岛素,,KEEP,「1型：胰岛B细胞受破坏或免疫损伤导致胰岛素绝对缺乏，属胰岛素依赖型」「2型：机体组织细胞对胰岛素敏感性降低（可能与细胞膜上胰岛素受体受损有关）」——糖尿病类型成因，库内无糖尿病专节节点，别名逐字同题，保留。,slice-91
BIOLOGY,胰岛素,ext-bio-07c46f02a2-006,胰岛素,,KEEP,「唯一降低血糖的激素是胰岛素；影响胰岛素分泌的因素有血糖浓度、下丘脑、胰高血糖素（＋）」——血糖调节与糖尿病综述，现绑边界同题，保留。,slice-91
BIOLOGY,胰岛素,ext-bio-0e188943fe-003,胰岛素,,KEEP,「影响胰岛素分泌的信号分子有葡萄糖、神经递质和胰高血糖素」——正落现绑边界『影响胰岛素分泌的信号分子』，别名逐字同题，保留。,slice-91
BIOLOGY,胰岛素,ext-bio-2b9586914c-002,胰岛素,,KEEP,「胰岛素是已知的唯一能降低血糖的激素」——即现绑边界『唯一降血糖的激素』；GLP-1/Epac与胰岛素抵抗段同属胰岛素分泌与作用面，保留。,slice-91
BIOLOGY,胰岛素,ext-bio-35a4a2a035-006,胰岛素,,KEEP,「蛋白质类激素的受体一般分布在细胞膜上，类固醇类激素的受体一般分布在细胞内」「糖尿病病因之一是患者血液中存在异常抗体，能与细胞膜表面受体结合」——受体分布与糖尿病成因两主题，无单一更优去向，保守保留（备选『激素』『免疫失调』，见备注）。,slice-91
BIOLOGY,胰岛素,ext-bio-4a138bdd58-002b,胰岛素,,KEEP,「来源：食物中的糖类经消化、吸收（主要来源）；肝糖原分解；脂肪等非糖物质转化」「胰岛A细胞、胰岛B细胞既能接受血糖浓度的刺激 也能接受神经递质的刺激」——血糖来源去向与调节机制，本章无血糖专节节点，归现绑『胰岛素』，保留。,slice-91
BIOLOGY,胰岛素,ext-bio-5eb3d3d99c-006,胰岛素,,KEEP,「胰岛素是唯一可降低血糖浓度的激素」「胰高血糖素、肾上腺素、糖皮质激素、甲状腺激素等多种激素均可提高血糖浓度」——现绑边界『升高与降低血糖激素的拮抗关系』，保留。,slice-91
BIOLOGY,胰岛素,ext-bio-5f510cdc4a-1207,胰岛素,,KEEP,「血糖浓度较低时肝糖原能够直接分解为葡萄糖来增加血糖浓度，但肌糖原不能直接分解为葡萄糖」——血糖来源去向与肝肌糖原分工；本册无血糖平衡专节节点，现绑别名含『血糖的来源与去向』，保留。,slice-91
BIOLOGY,胰岛素,ext-bio-686c6fd972-004,胰岛素,,KEEP,「血糖浓度过高时胰岛素分泌增多降低血糖，过低时胰高血糖素分泌增多升高血糖」——血糖平衡调节过程，别名逐字同题，保留。,slice-91
BIOLOGY,胰岛素,ext-bio-bda81526c3-005b,胰岛素,,KEEP,「胰岛素降低血糖，胰高血糖素升高血糖，二者相互拮抗」「1型糖尿病的发病机理是胰岛功能减退、分泌胰岛素减少」——现绑边界即胰岛素降糖与拮抗关系，别名逐字同题，保留。,slice-91
BIOLOGY,胰岛素,ext-bio-f66e8d6ea1-020,胰岛素,,KEEP,「直接制备胰腺提取物时，胰岛素被胰腺分泌的胰蛋白酶分解，故难以获得预期结果」——胰岛素化学本质与提取失败缘由，现绑别名逐字同题，保留（备选『激素』的发现史面，见备注）。,slice-91
BIOLOGY,胰岛素,ext-bio-f66e8d6ea1-056,胰岛素,,KEEP,「胰岛素降低血糖，与胰高血糖素、肾上腺素、甲状腺激素的升糖效应相抗衡」——即现绑边界『辨析升高与降低血糖激素的拮抗关系』，别名逐字同题，保留。,slice-91
BIOLOGY,能量流动,bio-fx-assimilation-fates,能量流动,,KEEP,「同化量＝摄入量－粪便量」「去向二：流向下一营养级……去向四：未被利用（储存在有机体中）」——某一营养级同化量的去向，与现绑节点名逐字对应；保留。,slice-91
BIOLOGY,能量流动,bio-mo-ecosystem-009,能量流动,,KEEP,「“未利用”是指未被自身呼吸作用消耗，也未被后一个营养级和分解者利用的能量」「传递效率……大约为10%～20%」——同化量第四条去路与传递效率，属现绑节点；保留。,slice-91
BIOLOGY,能量流动,bio-mo-ecosystem-010,能量流动,,KEEP,「帮助人们将生物在时间、空间上进行合理配置，增大流入某个生态系统的总能量。例：间作套种、立体农业」——研究能量流动的实践意义，现节点已收《能量流动的特点、传递效率与研究意义》同类材料；保留。,slice-91
BIOLOGY,能量流动,bio-mo-ecosystem-012,能量流动,,KEEP,「同化量一来二去：每一营养级同化的能量去向（两个去向）＝在呼吸作用中以热能形式散失＋用于生长、发育和繁殖等生命活动」——即现绑节点「某一营养级同化量的去向」系列知识点（节点别名含「同化量一来二去」）；保留。,slice-91
BIOLOGY,能量流动,bio-mo-ecosystem-013,能量流动,,KEEP,「摄入量≠同化量：摄入量－粪便中的能量才是同化量……如兔吃草时，兔粪便中的能量应为草流向分解者的能量」——摄入量与同化量的区分，正对现绑节点该知识点；保留。,slice-91
BIOLOGY,能量流动,ext-bio-26746c92ba-131,能量流动,,KEEP,「每个营养级的同化量可能未被“拼图”图示中的 3 个去路完全消耗」「同化量来源于上一营养级和饲料（人工输入），计算时要把人工输入计入该营养级的同化量」——第4个去路与人工输入计算，属现绑节点，保留。,slice-91
BIOLOGY,能量流动,ext-bio-26746c92ba-131b,能量流动,,KEEP,「每一营养级生物所含能量的多少」「一般为正金字塔形，有时呈倒金字塔形」——三种生态金字塔特点总结；库内无金字塔专节点，现绑节点即其归属，保留。,slice-91
BIOLOGY,能量流动,ext-bio-2b9586914c-014,能量流动,,KEEP,「摄入量 = 同化量 + 粪便量」「由粪便排出的能量未被该动物同化，属于上一营养级的能量去向」——摄入量与同化量的关系，近邻《摄入量、同化量与粪便能量的关系》同绑现节点；保留。,slice-91
BIOLOGY,能量流动,ext-bio-5f510cdc4a-1601,能量流动,,KEEP,「生态金字塔：能量金字塔以每一营养级生物所同化的能量为塔级」「同化量的4个去路（总量定时……）」——生态金字塔与同化量去路，正对现绑边界；保留。,slice-91
BIOLOGY,能量流动,ext-bio-6c0f39e214-003,能量流动,,KEEP,「某营养级同化的能量=在呼吸作用中以热能形式散失+用于生长、发育和繁殖等生命活动」「同化量的去向=呼吸作用+流入下一营养级+流向分解者+未利用」——同化量去向即现绑节点核心，保留。,slice-91
BIOLOGY,能量流动,ext-bio-78a30dbb2e-009,能量流动,,KEEP,「净同化量＝同化量－呼吸消耗量＝流入下一营养级＋被分解者利用（＋未利用）」「生产者用于生长、发育和繁殖的能量＝生产者净光合作用积累的能量」——同化量与净同化量关系，属现绑节点，保留。,slice-91
BIOLOGY,能量流动,ext-bio-7aebb35df1-002b,能量流动,,KEEP,「能量传递效率等于相邻两营养级同化量之比」「生态金字塔是指各个营养级之间的数量关系」——同化量分流计算与生态金字塔，属现绑节点，保留。,slice-91
BIOLOGY,能量流动,ext-bio-7aebb35df1-012,能量流动,,KEEP,「它是指某生物类群被捕食的比例」「某最高营养级的生态营养转化效率为0 说明其无天敌 属于最高营养级」——生物量金字塔与生态营养转化效率，属现绑节点，保留。,slice-91
BIOLOGY,能量流动,ext-bio-7aebb35df1-013b,能量流动,,KEEP,「藻类固定的光能一部分在藻类的呼吸作用中以热能的形式散失 另一部分用于藻类的生长、发育和繁殖」「判断“未利用”时必须核对各营养级的收支是否平衡 不能遗漏」——光能去向与传递效率，属现绑节点，保留。,slice-91
BIOLOGY,能量流动,ext-bio-7aebb35df1-017b,能量流动,,KEEP,「碳元素从水草进入鱼体内主要是通过鱼的摄食作用来实现的」「体现了生态系统的负反馈调节」「要获得最高的能量则应按20%的速率在最短的食物链上传递」——三段拼块：前两段近物质循环与稳定性、末段属现节点；拿不准，保留（见 notes）。,slice-91
BIOLOGY,能量流动,ext-bio-7aebb35df1-018b,能量流动,,KEEP,「GP表示生物体同化量 NP表示生物体贮存的能量 R表示呼吸作用消耗的能量 三者关系为GP等于NP加R」「同化量等于现有有机物总量加这段时间内呼吸作用散失的能量减统计初始时刻的有机物总量」——同化量计算，属现绑节点，保留。,slice-91
BIOLOGY,能量流动,ext-bio-7aebb35df1-019,能量流动,,KEEP,「能量传递效率是相邻两个营养级（包含该营养级所有生物）的同化量之比」「呼吸作用释放的能量大部分以热能形式散失 因此贮存能量（NP）很少」——GP、NP、R关系与传递效率研究单位，属现绑节点，保留。,slice-91
BIOLOGY,能量流动,ext-bio-7aebb35df1-019b,能量流动,,KEEP,「重金属残留量随营养级升高而增大 由表中的残留量可判断4个种群构成的食物链顺序」「应按两种食物比例逆向计算出调整前后需要生产者的量 再求比值」——食物比例调整计算与生物富集判断食物链，属现绑节点，保留。,slice-91
BIOLOGY,能量流动,ext-bio-a9fe57afcd-002b,能量流动,,KEEP,「自然生态系统的能量金字塔一定为正金字塔形」「生物量金字塔……如在开阔海洋的生态系统中可能出现金字塔倒置」——三类生态金字塔特点，属现绑节点；保留。,slice-91
BIOLOGY,能量流动,ext-bio-cb6fd4a4f4-012,能量流动,,KEEP,「三种金字塔中只有能量金字塔一定不会倒置，判断倒置问题前要先确定是哪种金字塔」——生态金字塔构成与正倒置判断，同类《三种生态金字塔的特点》亦在现节点；保留。,slice-91
BIOLOGY,能量流动,ext-bio-d1d719fa3f-044,能量流动,,KEEP,「某一营养级的同化量分为两部分：一部分通过呼吸作用以热能形式散失，另一部分用于自身的生长、发育和繁殖」——同化量在营养级内部的去向，属现绑边界「某一营养级在特定时间内的能量去向」；保留。,slice-91
BIOLOGY,能量流动,ext-bio-d4037f8f5d-007,能量流动,,KEEP,「能量金字塔：各营养级所含能量，一定是正金字塔，不会倒置」「数量金字塔：各营养级个体数量，通常为正金字塔，可以倒置」——三种生态金字塔，库内无专节点，保留。,slice-91
BIOLOGY,能量流动,ext-bio-ead76e685a-006,能量流动,,KEEP,「能量金字塔在人工生态系统中（如鱼塘）因人为输入化学能（如饲料）而可能倒置」「数量金字塔在消费者个体小而生产者个体大时倒置，如昆虫和树」——三类金字塔依据与倒置，库内无专节点，保留。,slice-91
BIOLOGY,脂质,ext-bio-0b30bf1136-028,脂质,,KEEP,「饱和脂肪酸（没有双键）熔点高、呈固态」「不饱和脂肪酸（有双键）熔点低、呈液态」——脂肪酸饱和度与脂肪熔点，现绑别名含《脂肪的结构、功能与饱和程度差异》。,slice-91
BIOLOGY,脂质,ext-bio-0b30bf1136-032,脂质,,KEEP,「磷脂与脂肪的不同之处在于甘油的一个羟基不与脂肪酸结合，而是与磷酸及其他衍生物结合」「胆固醇在体内不能彻底氧化分解，只能转化为性激素或维生素D」——磷脂结构与胆固醇代谢，均属现绑『脂质』。,slice-91
BIOLOGY,脂质,ext-bio-1690de80a8-051,脂质,,KEEP,「饱和脂肪酸的碳链上每个碳原子与相邻碳原子以单键连接，熔点较高、容易凝固」「不饱和脂肪酸的碳链中存在双键，熔点较低」——现绑边界含『与脂肪酸相关的易混点』。,slice-91
BIOLOGY,脂质,ext-bio-5f510cdc4a-234,脂质,,KEEP,「脂肪的组成：一分子甘油与三个脂肪酸相连」「磷脂的组成：一分子甘油、两分子脂肪酸与一分子磷酸及其他衍生物相连」——现绑别名逐字含《脂肪与磷脂的分子组成差异》。,slice-91
BIOLOGY,脂质,ext-bio-5f510cdc4a-241,脂质,,KEEP,「日光中的紫外线可使皮肤中的7-脱氢胆固醇转化为维生素D」「维生素D可促进人肠道对钙、磷的吸收」——现绑别名逐字含《日光照射与维生素D、钙磷吸收的关系》。,slice-91
BIOLOGY,脂质,ext-bio-85ddf5d75d-032,脂质,,KEEP,「脂肪是由1分子甘油与3分子脂肪酸发生反应而形成的酯，即三酰甘油」「植物脂肪大多数是不饱和脂肪酸，熔点低」——现绑别名逐字含《脂肪的结构、功能与饱和程度差异》。,slice-91
BIOLOGY,脂质,ext-bio-bc5e84d6aa-023,脂质,,KEEP,「元素组成：C、H、O、N、P；功能：构成细胞膜以及多种细胞器膜的重要成分」——磷脂的组成与功能，现绑别名含《磷脂的结构与功能（第03讲课件）》。,slice-91
BIOLOGY,脂质,ext-bio-bc5e84d6aa-024,脂质,,KEEP,「胆固醇：构成动物细胞膜的重要成分、参与血液中脂质的运输」「性激素：促进生殖器官的发育以及生殖细胞的形成」「维生素D：促进人和动物对钙和磷的吸收」——现绑别名含《固醇的种类与功能》《性激素与维生素D的功能》。,slice-91
BIOLOGY,脂质,ext-bio-ce1594903f-007b,脂质,,KEEP,「脂肪（甘油三酯，C、H、O）：由一分子甘油和三分子脂肪酸组成；是细胞内良好的储能物质」「磷脂…是细胞膜、细胞器膜和核膜的重要成分」——脂肪与磷脂的组成与功能，属现绑『脂质』。,slice-91
BIOLOGY,脂质,ext-bio-ce1594903f-008c,脂质,,KEEP,「胆固醇：动物细胞膜的重要成分，在人体内还参与血液中脂质的运输」——固醇类物质的种类与功能，现绑边界含脂质的分类与生理功能。,slice-91
BIOLOGY,脂质,ext-bio-cebcb9d917-003,脂质,,KEEP,「脂肪的元素组成是 C、H、O，没有 P 元素；磷脂除含有 C、H、O 外，还含有 P 甚至 N」——现绑别名逐字含《脂肪与磷脂的元素组成差异》；末段蛋白质水解与必需氨基酸为余料，主面仍属脂质。,slice-91
BIOLOGY,脂质,ext-bio-d4ec322b9d-022,脂质,,KEEP,「磷脂由C、H、O、P、N组成」「人和动物的脑、卵细胞、肝脏以及大豆的种子中含量较多」——现绑别名逐字含《磷脂的元素组成、分布与功能》。,slice-91
BIOLOGY,脂质,ext-bio-d4ec322b9d-023,脂质,,KEEP,「胆固醇是构成动物细胞膜的重要成分，在人体内参与血液中脂质的运输」「摄入过多会在血管壁上形成沉积」——现绑别名逐字含《胆固醇的组成与功能》。,slice-91
BIOLOGY,脂质,ext-bio-d4ec322b9d-024,脂质,,KEEP,「性激素促进人和动物生殖器官的发育以及生殖细胞的形成」「维生素D有效地促进人和动物肠道对钙和磷的吸收」——现绑别名逐字含《性激素与维生素D的功能》。,slice-91
BIOLOGY,脂质,ext-bio-df5a1763b4-040,脂质,,KEEP,「脂肪是细胞内良好的储能物质，是很好的绝热体而有隔热保温作用，并具有缓冲和减压作用」——现绑别名逐字含《脂肪的组成、分类与功能》。,slice-91
BIOLOGY,脂质,ext-bio-df5a1763b4-042,脂质,,KEEP,「磷脂由甘油、脂肪酸、磷酸及其他衍生物构成，元素组成为C、H、O、N、P」「是构成细胞膜、细胞器膜等生物膜的重要成分」——磷脂组成与功能，属现绑『脂质』。,slice-91
BIOLOGY,脂质,ext-bio-df5a1763b4-043,脂质,,KEEP,「固醇元素组成为C、H、O，包括胆固醇、性激素和维生素D」「胆固醇是构成动物细胞膜的重要成分，并参与血液中脂质的运输」——固醇的种类与功能，属现绑『脂质』。,slice-91
BIOLOGY,脂质,ext-bio-ef6d3dfbc8-007,脂质,,KEEP,「结构：脂肪是由三分子脂肪酸和一分子甘油反应形成的酯，即三酰甘油」「功能：细胞内良好的储能物质，具有保温、缓冲和减压作用」——现绑别名逐字含《脂肪的结构与功能（第03讲课件）》。,slice-91
BIOLOGY,脂质,ext-bio-ef6d3dfbc8-008,脂质,,KEEP,「植物脂肪大多含不饱和脂肪酸，熔点较低，不容易凝固。动物脂肪大多含饱和脂肪酸，熔点较高，容易凝固」——现绑别名逐字含《植物脂肪与动物脂肪的区别（第03讲课件）》。,slice-91
BIOLOGY,脂质,ext-bio-ef6d3dfbc8-009,脂质,,KEEP,「与糖类相比，脂肪中C、H含量高而O含量低，故氧化分解释放的能量多，需要O2多」——现绑别名逐字含《脂肪与糖类的比较（第03讲课件）》。,slice-91
BIOLOGY,脂质,ext-bio-ef6d3dfbc8-010,脂质,,KEEP,「结构：是一种由甘油、脂肪酸、磷酸及其他衍生物所组成的分子」「功能：构成细胞膜和细胞器膜等生物膜的重要成分」——现绑别名逐字含《磷脂的结构与功能（第03讲课件）》。,slice-91
BIOLOGY,脱水缩合,bio-fj-02-penguin-water-produce,脱水缩合,,KEEP,「蛋白质合成：氨基酸脱水缩合产生水」「多糖合成：单糖聚合产生水」「核酸合成：核苷酸聚合产生水」——脱水缩合及大分子合成产水，别名逐字同题。,slice-91
BIOLOGY,脱水缩合,bio-fj-02-water-production-processes,脱水缩合,,KEEP,「氨基酸在核糖体上脱水缩合；单糖合成多糖」「DNA复制、转录中磷酸二酯键形成」——细胞中产生水的代谢过程汇总，别名逐字同题；保留（有氧呼吸第三阶段、ATP合成为延伸面，见备注）。,slice-91
BIOLOGY,脱水缩合,ext-bio-ca4b35945b-008,脱水缩合,,KEEP,「连接两个氨基酸分子的化学键叫肽键」「由两个氨基酸通过缩合而成的化合物叫二肽」——肽键、二肽、多肽与肽链的概念，正合现绑边界。,slice-91
BIOLOGY,膜电位的测量及电表指针偏转的判断,ext-bio-881f12d357-020,膜电位的测量及电表指针偏转的判断,,KEEP,「用 A、B 间的距离值除以 t₁、t₂ 的差值，即得到兴奋在神经纤维上的传导速率」「直接刺激效应器…检测不到电位变化，因为神经—肌肉接头的传递是单向的」——仍属神经电信号的测量与判断，现绑别名逐字同题；『兴奋在神经纤维上的传导』相邻，保守保留。,slice-91
BIOLOGY,膜的流动镶嵌模型,bio-fx-membrane-protein-asymmetry,膜的流动镶嵌模型,,KEEP,「镶嵌在膜中的蛋白质在内外两侧分布的种类和数量不同（不对称性）」「糖蛋白只分布在细胞膜外侧，可用于判断膜的内外侧」——现绑别名逐字含同名条。,slice-91
BIOLOGY,膜的流动镶嵌模型,ext-bio-03c8a668fe-002,膜的流动镶嵌模型,,KEEP,「膜蛋白的分布具有不对称性：镶嵌在磷脂双分子层中的蛋白质在内、外两侧分布的种类和数量是不同的」——与现绑别名《细胞膜蛋白分布的不对称性》同族。,slice-91
BIOLOGY,膜的流动镶嵌模型,ext-bio-554c7d71bf-011,膜的流动镶嵌模型,,KEEP,「在37℃下经过40min两种颜色的荧光均匀分布，结论是细胞膜具有一定的流动性」——膜的流动性证据，属现绑边界「膜的流动性及其生理意义」。,slice-91
BIOLOGY,膜的流动镶嵌模型,ext-bio-554c7d71bf-014,膜的流动镶嵌模型,,KEEP,「磷脂双分子层构成膜的基本支架，是膜具有屏障作用的原因」「磷脂分子可以侧向自由移动，使膜具有一定的流动性」——流动镶嵌模型基本内容。,slice-91
BIOLOGY,膜的流动镶嵌模型,ext-bio-5f510cdc4a-293,膜的流动镶嵌模型,,KEEP,「顶部为磷酸基团即亲水头部，下部为两条脂肪酸链即疏水尾部」「在水环境中则形成尾部相对、头部朝外的双层排列」——现绑别名逐字含同名条。,slice-91
BIOLOGY,膜的流动镶嵌模型,ext-bio-5f510cdc4a-302,膜的流动镶嵌模型,,KEEP,「胆固醇主要位于磷脂双分子层的疏水环境中」「一方面……限制其运动、增加其有序性；另一方面……增强其运动性」——现绑别名逐字含同名条。,slice-91
BIOLOGY,膜的流动镶嵌模型,ext-bio-5f510cdc4a-303,膜的流动镶嵌模型,,KEEP,「糖链：只存在于细胞膜外表面即胞外侧，可以此为据判断细胞膜的内外侧」「蛋白质以镶在表面、部分嵌入、贯穿、全部嵌入等方式不对称分布」——现绑别名逐字含同名条。,slice-91
BIOLOGY,膜的流动镶嵌模型,ext-bio-8511a381b0-009,膜的流动镶嵌模型,,KEEP,「磷酸头部是亲水的，两个脂肪酸一端为疏水的尾部」「在空气—水界面上……铺展成单分子层」——磷脂分子性质与基本支架；『细胞膜成分和结构的探究历程』两可，保守保留。,slice-91
BIOLOGY,膜的流动镶嵌模型,ext-bio-a9e2b937a1-008,膜的流动镶嵌模型,,KEEP,「细胞内外均为水环境，因此磷脂分子在细胞膜中排成连续的双分子层，构成细胞膜的基本支架」——现绑别名逐字含同名条。,slice-91
BIOLOGY,膜的流动镶嵌模型,ext-bio-a9e2b937a1-009,膜的流动镶嵌模型,,KEEP,「脂质体由磷脂分子构成，可作为药物的运载体」「到达细胞后可与细胞的细胞膜发生融合」——现绑别名逐字含同名条（前轮已把脂质体条改绑至此）。,slice-91
BIOLOGY,自交和自由交配的概率计算,ext-bio-26746c92ba-104b,自交和自由交配的概率计算,,KEEP,「用遗传平衡定律进行正推可以快速得出后代的基因型或表型情况」「由 aa=q²=1/10000 得 a 基因频率 q=1/100」。自由交配下平衡定律的正推与逆推，属现绑节点自由交配概率计算族。,slice-91
BIOLOGY,自然选择,bio-fj-23-darwin-limitation,自然选择,,KEEP,「对遗传和变异的本质不能作出科学解释，认识局限于性状水平」「对生物进化的解释局限于个体水平」。达尔文学说的局限性，现绑别名同题。,slice-91
BIOLOGY,自然选择,bio-fj-23-darwin-long-neck,自然选择,,KEEP,「长颈鹿祖先存在颈长颈短的变异（不定向）」「缺乏青草时颈长个体吃到高处树叶，生存并繁殖后代」「逐代选择积累形成长颈」。达尔文式解释，属现绑节点。,slice-91
BIOLOGY,自然选择,bio-fj-23-darwin-theory-components,自然选择,,KEEP,「达尔文进化论由共同由来学说和自然选择学说组成，前者说明起源，后者揭示进化机制」。与 #46 同知识点（异来源重复条目），属现绑节点。,slice-91
BIOLOGY,自然选择,bio-kb-adaptation-formation-necessary-conditions,自然选择,,KEEP,「可遗传的有利变异＋环境的定向选择＝适应形成」「在环境的选择作用下，可遗传变异赋予某些个体生存和繁殖优势」。适应形成的必要条件，现绑别名同题。,slice-91
BIOLOGY,自然选择,bio-kb-darwin-two-doctrines,自然选择,,KEEP,「共同由来学说…；自然选择学说：揭示了生物进化的机制，解释了适应的形成和物种形成的原因」。与 #46/#47 同知识点（第三条重复条目），属现绑节点。,slice-91
BIOLOGY,自然选择,bio-kb2-23-darwin-two-theories,自然选择,,KEEP,「共同由来学说：地球上所有的生物都是由原始的共同祖先进化来的」「自然选择学说：揭示了生物进化的机制」。两大学说，现绑节点已收《达尔文的自然选择学说与共同由来学说》。,slice-91
BIOLOGY,自然选择,ext-bio-1de8d85aa8-011,自然选择,,KEEP,「种群基因频率的定向改变是生物进化的标志」「不同物种的基因组差异可作为研究生物进化的分子生物学证据」。进化标志与分子证据，现绑边界『并涉及生物进化的分子生物学证据』。,slice-91
BIOLOGY,自然选择,ext-bio-400171cfa4-004,自然选择,,KEEP,「普遍性：适应是普遍存在的，所有的生物都具有适应环境的特征」「相对性：适应是针对一定的环境条件而言的，是一种暂时的现象」——适应两大特性；现绑别名已收《适应的普遍性和相对性（第23讲·知识点2）》,slice-91
BIOLOGY,自然选择,ext-bio-400171cfa4-005,自然选择,,KEEP,「用进废退和获得性遗传是生物不断进化的主要原因」「达尔文自然选择学说的主要内容：过度繁殖、生存斗争、遗传和变异、适者生存」。拉马克与达尔文学说内容，属现绑节点。,slice-91
BIOLOGY,自然选择,ext-bio-400171cfa4-006,自然选择,,KEEP,「拉马克进化学说的两个中心观点是用进废退和获得性遗传」「达尔文认为环境条件对生物变异不是诱导而是选择」。两学说分歧，现绑节点已收《拉马克学说与达尔文自然选择学说的比较》。,slice-91
BIOLOGY,自然选择,ext-bio-5b6cb16a7f-015c,自然选择,,KEEP,「在高糖选择作用下 菌种群的基因频率发生定向改变 朝着适应高糖的方向进化」「环境（高糖）作为选择因素 保留适应能力强的个体 淘汰适应能力弱的个体」——进化实质与选择作用；现绑别名已收《自然选择与种群基因频率的定向改变》,slice-91
BIOLOGY,自然选择,ext-bio-5f510cdc4a-994,自然选择,,KEEP,「生物的形态结构适合于完成一定的功能；生物的形态结构及其功能适合于该生物在一定环境中生存和繁殖」「相对性…原因是生物具有稳定性而环境条件会变化」。适应的含义与特性，属现绑节点。,slice-91
BIOLOGY,自然选择,ext-bio-c496a62e4c-003d,自然选择,,KEEP,「种群是生物进化的基本单位」「突变和基因重组提供进化的原材料」「自然选择导致种群基因频率的定向改变」。现代生物进化理论核心，现绑边界明写『是现代生物进化理论的核心内容』。,slice-91
BIOLOGY,自然选择,ext-bio-d00f326556-013,自然选择,,KEEP,「适应的含义：生物的形态结构适合于完成一定的功能」「适应具有普遍性…和相对性」。与 #35 同知识点（异来源重复条目），属现绑节点。,slice-91
BIOLOGY,自然选择,ext-bio-d00f326556-014,自然选择,,KEEP,「拉马克认为生物不是神创的，是由更古老的生物进化而来」「该学说否定了神创论和物种不变论」。与 #39 同知识点（异来源重复条目），属现绑节点。,slice-91
BIOLOGY,自然选择,ext-bio-ea337c4a7b-005,自然选择,,KEEP,「含义：生物的形态结构适合于完成一定的功能；生物的形态结构及其功能适合于该生物在一定的环境中生存和繁殖」「相对性…遗传的稳定性与环境不断变化之间的矛盾」——适应的含义与特点；现绑边界明含「选择与适应的关系」，别名已收《适应的含义与特点》,slice-91
BIOLOGY,自然选择,ext-bio-ea337c4a7b-006,自然选择,,KEEP,「用进废退——器官用得越多越发达，废而不用就会造成形态上的退化」「获得性遗传——因用进废退而获得的性状是可以遗传给后代的」。拉马克学说内容，属现绑节点。,slice-91
BIOLOGY,自然选择,ext-bio-ea337c4a7b-007,自然选择,,KEEP,「对适应形成的解释是肤浅的，缺少科学证据的支持，大多来自主观臆测」「把进化的动力归结为外因」。拉马克学说的不足，现绑别名同题。,slice-91
BIOLOGY,自然选择,ext-bio-ec9b2217ea-011,自然选择,,KEEP,「拉马克学说：核心内容为…生物各种适应性特征的形成是由于用进废退和获得性遗传」「进步性是否定了神创论和物种不变论」——拉马克学说与适应的特点；现绑别名已收《拉马克学说与达尔文自然选择学说的比较》,slice-91
BIOLOGY,自由扩散,bio-fj-02-antidiuretic-water-transport,自由扩散,,KEEP,「水分子跨膜运输方式：自由扩散，也可经水通道蛋白协助扩散」——水与小分子运输的常见易混点，正合现绑边界；别名逐字含该题名。,slice-91
BIOLOGY,自由扩散,bio-fj-07-transport-mistakes,自由扩散,,KEEP,「葡萄糖不能经自由扩散通过细胞膜：进红细胞是协助扩散，进其他细胞一般主动运输」——运输方式易错辨析；现绑别名逐字含该题名。,slice-91
BIOLOGY,自由扩散,bio-fj-07-transport-modes-comparison,自由扩散,,KEEP,「自由扩散：高浓度→低浓度，不需蛋白不耗能，如O2、CO2、甘油、乙醇、苯」——三种跨膜运输方式的比较，现绑边界明列该项；别名逐字含该题名。,slice-91
BIOLOGY,自由扩散,ext-bio-8c6f4cf660-003,自由扩散,,KEEP,「O2、CO2等分子小，能从磷脂分子的间隙穿过磷脂双分子层」——人工脂双层通透性；现绑别名逐字含该题名。,slice-91
BIOLOGY,自由组合定律,bio-fj-13-gene-recombination-forms,自由组合定律,基因重组,REBIND,「减Ⅰ后期：非同源染色体自由组合，导致非同源染色体上非等位基因重组」「减Ⅰ前期：同源染色体上非姐妹染色单体互换，实现非等位基因重组」。即基因重组的两种形式，目标节点别名『减数分裂中基因重组的两种形式』在册。,slice-91
BIOLOGY,自由组合定律,bio-fj-16-n-pair-f2-phenotype-formula,自由组合定律,,KEEP,「F2表型种类=2^n，比例=(3:1)^n」「F2基因型种类=3^n」——现绑『自由组合定律』边界明写n对等位基因F2表型种类与比例，保留。,slice-91
BIOLOGY,自由组合定律,bio-fj-16-n-pair-gametes-formula,自由组合定律,,KEEP,「每对等位基因产生2种配子，比例1:1」「n对独立遗传：配子种类=2^n，比例=(1:1)^n」——现绑『自由组合定律』边界明写可据此推算n对等位基因F1配子种类与比例，保留。,slice-91
BIOLOGY,自由组合定律,bio-fj-22-gene-recombination-types,自由组合定律,基因重组,REBIND,「基因工程重组：目的基因导入受体细胞；转化型：R型菌转化为S型菌」「意义：配子多样化，是生物变异来源之一」。即基因重组的类型与意义，目标节点别名『基因重组的类型、结果与意义』在册。,slice-91
BIOLOGY,自由组合定律,bio-kb-gene-linkage-and-crossing-over,自由组合定律,连锁与互换,REBIND,「两基因距离越近连锁程度越大，距离越远互换概率越大；测交后代重组型比例可反映基因间距离（重组率）」。连锁程度与距离关系，目标节点别名『基因连锁互换的程度与距离关系』在册。,slice-91
BIOLOGY,自由组合定律,bio-kb-gene-recombination-types,自由组合定律,基因重组,REBIND,「实质：控制不同性状的基因的重新组合；需两对以上等位基因之间才能发生」「其他类型：基因工程重组型…肺炎链球菌转化型」。即基因重组的类型与实质，目标节点『基因重组』同名。,slice-91
BIOLOGY,自由组合定律,bio-kb-multigene-gamete-and-combination-calc,自由组合定律,,KEEP,「配子种类数＝每对基因产生的配子种数的乘积（AaBbCCDd：2×2×1×2＝8种）」「自交时配子结合方式数＝各对基因配子结合数的乘积」。即现绑节点同名别名『多对基因的配子种类与结合方式计算』。,slice-91
BIOLOGY,自由组合定律,bio-kb-multigene-general-rules-table,自由组合定律,,KEEP,「F1配子种类：2的n次方种，比例(1:1)的n次方」「F2全显性个体比例(3/4)的n次方，隐性个体比例(1/4)的n次方」——独立遗传通式，现绑『自由组合定律』已收同名材料。,slice-91
BIOLOGY,自由组合定律,bio-kb2-16-linkage-crossing-over,自由组合定律,连锁与互换,REBIND,「连锁：减数分裂形成配子时同一条染色体上的非等位基因通常连锁在一起进入配子」「完全连锁（如雄果蝇和雌家蚕）不发生互换，只产生亲本型配子」。全条为连锁与互换类型，非自由组合；目标节点『连锁与互换』同名。,slice-91
BIOLOGY,自由组合定律,bio-mo-independent-assortment-002,自由组合定律,,KEEP,「①进行有性生殖的真核生物的遗传；」「③两对或两对以上等位基因独立遗传」。即自由组合定律适用范围，现绑节点别名『自由组合定律的适用范围』同名。,slice-91
BIOLOGY,自由组合定律,bio-mo-independent-assortment-003,自由组合定律,表型与基因型的关系,REBIND,「1909年，丹麦生物学家约翰逊把“遗传因子”叫作基因，并且提出了表型（也叫性状）和基因型的概念」。全条讲基因、表型、基因型概念，无自由组合内容；目标节点别名『约翰逊对基因与表型、基因型概念的贡献』在册。,slice-91
BIOLOGY,自由组合定律,ext-bio-5a28e16ded-002,自由组合定律,,KEEP,「含2对同源染色体的生物体，减数分裂时同源染色体分离、非同源染色体自由组合，可产生的配子类型为4种」。即非同源染色体自由组合致配子种类，现绑节点别名『配子多样性的原因之一：非同源染色体自由组合』在册。,slice-91
BIOLOGY,自由组合定律,ext-bio-5a28e16ded-003,自由组合定律,,KEEP,「含n对同源染色体的生物体可产生2的n次方种配子」「实际产生配子的种类有时多于上述结论，原因是…互换」。即n对等位基因独立遗传的配子种类通式，现绑节点边界已含『推算n对等位基因条件下F1配子与F2表型的种类』。,slice-91
BIOLOGY,自由组合定律,ext-bio-dd094faf39-015,自由组合定律,,KEEP,「分析配子种类时要区分一个细胞与一个个体」「一个个体（含多个性原细胞）含n对同源染色体时可产生2^n种配子」。配子种类计算，现绑节点同名别名『一个个体可产生配子种类的计算』在册（与减数分裂配子话题重叠，保留）。,slice-91
BIOLOGY,自由组合定律,ext-bio-f30a783d56-012,自由组合定律,,KEEP,「F2中YYRR占1/16，在黄色圆粒豌豆中占1/9；黄色圆粒中杂合子占8/9」「F2中纯合子有4种、各占1/16，共占1/4」。即两对相对性状F2各基因型、表型比例，现绑节点同名别名在册。,slice-91
BIOLOGY,自由组合定律中的特殊分离比问题分析,bio-fj-16-additive-gene-effect,自由组合定律中的特殊分离比问题分析,,KEEP,「A与B作用效果相同，显性基因越多效果越强」「AaBb自交：按显性基因个数分5类，比例1:4:6:4:1」——基因数量累加效应；现绑节点已收多条同名累加效应材料与《显性基因累加效应（第15讲）》，保留。,slice-91
BIOLOGY,自由组合定律中的特殊分离比问题分析,ext-bio-041d1a0d4c-020,自由组合定律中的特殊分离比问题分析,基因位置的判断方法,REBIND,「两对等位基因位于一对同源染色体上（不考虑互换）：只产生2种类型的配子，自交后代出现2种或3种表型」「测交后代出现1:1:1:1」——判断两对基因位置关系；目标节点已收《用自交法与测交法区分两对基因的三种位置关系》《自交法判断两对等位基因是否位于1对同源染色体上》，现绑族无此知识点。,slice-91
BIOLOGY,自由组合定律中的特殊分离比问题分析,ext-bio-1de8d85aa8-013c,自由组合定律中的特殊分离比问题分析,,KEEP,「除野生型外还可得到 7 种不同的突变体果实颜色，比例为 9 : 9 : 9 : 3 : 3 : 3 : 1」「把每对基因按 3/4（显性）与 1/4（隐性）拆分相乘，再按“合成的色素种类数”归类合并」——多基因分类统计的变式比；现绑节点即特殊分离比分析，保留。,slice-91
BIOLOGY,自由组合定律中的特殊分离比问题分析,ext-bio-243272e045-004,自由组合定律中的特殊分离比问题分析,,KEEP,「原因是非等位基因间的相互作用，使9∶3∶3∶1发生变式，总和仍等于16」「存在一种显性基因时表现为同一性状→9∶6∶1；两种显性基因同时存在表现为一种性状→9∶7」——基因互作变式；现绑节点，保留。,slice-91
BIOLOGY,自由组合定律中的特殊分离比问题分析,ext-bio-243272e045-005,自由组合定律中的特殊分离比问题分析,,KEEP,「只要A(或B)存在就表现为同一种性状、其余表现正常时，F1自交后代为12∶3∶1，测交为2∶1∶1」「只存在某一种显性基因(A)时表现为一种性状…F1自交后代为13∶3」——12:3:1与13:3变式；现绑节点已收《13∶3 分离比的成因》等同族，保留。,slice-91
BIOLOGY,自由组合定律中的特殊分离比问题分析,ext-bio-243272e045-009,自由组合定律中的特殊分离比问题分析,,KEEP,「原因是A与B的作用效果相同，但显性基因越多效果越强」「F1(AaBb)自交后代按显性基因数目分为5类，比例为1∶4∶6∶4∶1；测交后代为1∶2∶1」——累加效应（第22讲）；现绑节点收同名《基因累加效应（第22讲）》，保留。,slice-91
BIOLOGY,自由组合定律中的特殊分离比问题分析,ext-bio-26746c92ba-073,自由组合定律中的特殊分离比问题分析,,KEEP,「基因互作指非等位基因在功能上相互作用，导致子代出现特殊性状分离比」「互作方式不同会出现 $9:6:1$、$9:7$、$13:3$ 等不同比例」——基因互作的三步逆推法；现绑节点已收《三步法搞定基因互作套路》《基因互作导致的变式分离比》同族，保留。,slice-91
BIOLOGY,自由组合定律中的特殊分离比问题分析,ext-bio-451d5c3142-016,自由组合定律中的特殊分离比问题分析,,KEEP,「显性基因越多效果越强，表型呈连续变化」「F2中按显性基因个数（4个、3个、2个、1个、0个）分布为1∶4∶6∶4∶1」——基因数量累加效应；现绑节点已收《显性累加效应的F2分离比》《基因数量累加效应导致的分离比》同族，保留。,slice-91
BIOLOGY,自由组合定律中的特殊分离比问题分析,ext-bio-5f510cdc4a-724,自由组合定律中的特殊分离比问题分析,,KEEP,「出现性状分离比之和为16时（存在致死现象除外）都遵循基因自由组合定律」「将具有相同表型的个体合并同类项（如9比6比1即(3＋3)比1）」——比例和=16的解题模型；现绑节点已收《特殊分离比判据：子代比例之和等于 16》，保留。,slice-91
BIOLOGY,自由组合定律中的特殊分离比问题分析,ext-bio-636de2a928-013,自由组合定律中的特殊分离比问题分析,基因位置的判断方法,REBIND,「若 B/b、D/d 基因遵循自由组合定律，后代表型比例应为 9∶3∶3∶1，但实际为 281∶19∶19∶81，这表明两对等位基因连锁」「黄果肉（aaB_）中主要是毛桃（D_）…推测 B 和 D 基因位于同一条染色体上」——由比例偏离判断连锁与连锁方向；目标节点已收同源块《由表型绑定判断两对基因连锁》。,slice-91
BIOLOGY,自由组合定律中的特殊分离比问题分析,ext-bio-9752acd916-055,自由组合定律中的特殊分离比问题分析,,KEEP,「核心是把“性状分离比”翻译成“哪些基因型对应哪种表型”，再反推亲本」「亲本的基因型应为 $AABB×aabb$（记作 $P_1$）或 $AAbb×aaBB$（记作 $P_2$）」——找基因型表型对应三步法；现绑节点已收《三步法搞定基因互作套路》《特殊分离比与基因型组合的对应关系》，保留。,slice-91
BIOLOGY,自由组合定律中的特殊分离比问题分析,ext-bio-aafa1aaa0a-052,自由组合定律中的特殊分离比问题分析,,KEEP,「9∶6∶1：AaBb∶（Aabb、aaBb）∶aabb＝1∶2∶1，测交后代比例为1∶2∶1」「15∶1：（AaBb、Aabb、aaBb）∶aabb＝3∶1」——变式及测交比；现绑节点收同名《9∶3∶3∶1的常见变式及其测交后代比例》，保留。,slice-91
BIOLOGY,自由组合定律中的特殊分离比问题分析,ext-bio-acffd40782-025,自由组合定律中的特殊分离比问题分析,,KEEP,「9比6比1为双显表现为一种性状、单显的两种基因型表现另一种性状、双隐为第三种性状」「判断方法：先把总份数与16比较，若为16则两对基因符合自由组合」——变式成因与测交比；现绑节点即此族，保留。,slice-91
BIOLOGY,自由组合定律中的特殊分离比问题分析,ext-bio-e760702c25-024,自由组合定律中的特殊分离比问题分析,,KEEP,「当A与B的作用效果相同且可以累加时，显性基因的个数与性状表现呈正比」「含显性基因个数由4到0的个体比例为1∶4∶6∶4∶1，表现为性状的连续变化」——累加效应；现绑节点同族在册，保留。,slice-91
BIOLOGY,自由组合定律中的特殊分离比问题分析,ext-bio-f30a783d56-056,自由组合定律中的特殊分离比问题分析,,KEEP,「AaBb自交后代中各表型所占份数之和等于16，按双显、单显、双隐的不同表现组合形成多种变式」「如9∶7（双显为一种、其余为另一种）、9∶6∶1（双显、单显、双隐三种）」——9:3:3:1变式族；现绑节点即变式分析，保留。,slice-91
BIOLOGY,自由组合定律的解题规律及方法,ext-bio-26746c92ba-089b,自由组合定律的解题规律及方法,基因位置的判断方法,REBIND,「亲本选择具有两对相对性状的纯合雌雄个体」「控制这两对相对性状的基因位于同一对同源染色体上（连锁）」——用F2是否出现9:3:3:1判断两对基因位置；目标节点已收《自交法判断两对等位基因是否位于1对同源染色体上》《测交法判断两对等位基因是否位于1对同源染色体上》同知识点。,slice-91
BIOLOGY,自由组合定律的解题规律及方法,ext-bio-451d5c3142-010,自由组合定律的解题规律及方法,,KEEP,「F1产生2ⁿ种配子，F2的基因型有3ⁿ种、表型有2ⁿ种」「性状比之和法：自交后代的性状比之和是4的几次方，说明亲代含有几对等位基因」——多对等位基因规律与基因对数判断；现绑节点收同名，保留。,slice-91
BIOLOGY,自由组合定律的解题规律及方法,ext-bio-5f510cdc4a-719,自由组合定律的解题规律及方法,,KEEP,「AaBbCc与AaBBCc杂交可分解为Aa×Aa（3种基因型）、Bb×BB（2种）、Cc×Cc（3种），故后代有3×2×3＝18种基因型」「计算技巧：显性性状的概率等于1减隐性性状的概率」——分解组合法算种类与概率；现绑节点收同名，保留。,slice-91
BIOLOGY,自由组合定律的解题规律及方法,ext-bio-636de2a928-003b,自由组合定律的解题规律及方法,,KEEP,「把每对等位基因单独分析，写出其自交或杂交后代的基因型比例」「用乘法原理把各对基因的比例相乘得到最终比例」——多对基因杂交的拆分法；现绑节点收同名《多对基因杂交的拆分法》同族，保留。,slice-91
BIOLOGY,自由组合定律的解题规律及方法,ext-bio-636de2a928-028,自由组合定律的解题规律及方法,,KEEP,「拆开看即：黄色∶浅黄色∶白色 = 1∶2∶1；抗锈病∶感锈病 = 3∶1」——先拆分统计，再反推亲本与个体基因型、EERr连续自交纯合占3/8；现绑边界即分解组合法与正逆推。,slice-91
BIOLOGY,自由组合定律的解题规律及方法,ext-bio-9f2a9cc9b9-005b,自由组合定律的解题规律及方法,,KEEP,「注意范围不同，求解比例不同」「在特定表型内求比例，分母就变小了，必须先确定所求范围」——比例计算中的范围与重组类型；现绑节点收同名《比例计算中的范围与重组类型》，保留。,slice-91
BIOLOGY,自由组合定律的解题规律及方法,ext-bio-aafa1aaa0a-044,自由组合定律的解题规律及方法,,KEEP,「A既可以和B组合也可以和b组合，a同理，因此产生AB、Ab、aB、ab四种配子，比例为1∶1∶1∶1」+配子种类为2的n次方——配子书写与种类速算，现绑边界表含配子种类/比例行。,slice-91
BIOLOGY,自由组合定律的解题规律及方法,ext-bio-acffd40782-023,自由组合定律的解题规律及方法,,KEEP,「配子写法的原则：遵循等位基因分离、非等位基因自由组合」「产生的配子为AB、Ab、aB、ab，比例为1比1比1比1」——配子写法与2ⁿ速算，与现绑『配子的书写技巧』同族（备选『遗传图解的书写规范』）。,slice-91
BIOLOGY,自由组合定律的解题规律及方法,ext-bio-dbce67b1b0-008,自由组合定律的解题规律及方法,,KEEP,「把题中给出的概率拆成乘方形式，如 1/64=(1/4)³，说明该表型由 3 对等位基因控制」——由实测比例反推基因对数；现绑边界表含（3/4）ⁿ与（1/4）ⁿ行，别名亦收本条。,slice-91
BIOLOGY,自由组合定律的解题规律及方法,ext-bio-e88d6562c4-001,自由组合定律的解题规律及方法,,KEEP,「乘法定理：两个（或两个以上）独立事件同时出现的概率，等于它们各自概率的乘积」「加法定理：两个互不相容的事件A与B的和的概率，等于事件A与B的概率之和」——自由组合计算的概率定理；现绑节点已收《应用分离定律解决自由组合问题的拆分法与乘法加法原理》，保留。,slice-91
BIOLOGY,自由组合定律的解题规律及方法,ext-bio-e88d6562c4-003,自由组合定律的解题规律及方法,,KEEP,「若显性个体的比例为(3/4)ⁿ或隐性个体的比例为(1/4)ⁿ，可知该显性亲本含有n对杂合基因」「若性状分离比之和为4ⁿ」——由比例特征判断基因对数，属现绑正逆推解法。,slice-91
BIOLOGY,自由组合定律的解题规律及方法,ext-bio-f30a783d56-035,自由组合定律的解题规律及方法,,KEEP,「Aa与Aa有3种基因型，Bb与BB有2种，Cc与Cc有3种，后代基因型共有3乘2乘3等于18种」——拆分法求基因型种类及概率，属现绑分解组合法。,slice-91
BIOLOGY,自由组合定律的解题规律及方法,ext-bio-f30a783d56-036,自由组合定律的解题规律及方法,,KEEP,「Aa与Aa有2种表型、Bb与bb有2种、Cc与Cc有2种，后代共有2乘2乘2等于8种表型」——拆分法求表型种类及概率，属现绑分解组合法。,slice-91
BIOLOGY,色素,bio-fj-10-scattered-light-adaptation,色素,,KEEP,「遮光条件下散光中蓝紫光比例增加」「使弱光下的吸光能力增强，提高捕光能力」——遮光下a/b降低的适应意义；现绑『色素』别名逐字同题。,slice-91
BIOLOGY,色素,bio-kb-chlorophyll-synthesis-factors,色素,,KEEP,「光是叶绿素合成的必要条件，黑暗中生长的叶呈黄色（黄化）」「叶绿素含N、Mg，缺乏时叶片变黄」——影响叶绿素合成的因素；现绑『色素』别名逐字同题。,slice-91
BIOLOGY,色素,bio-kb2-10-chlorophyll-synthesis-factors,色素,,KEEP,「低温抑制叶绿素合成并破坏已有的叶绿素分子」「缺N、Mg叶绿素无法合成」——同题教师版；现绑『色素』别名《影响叶绿素合成的因素》在册。,slice-91
BIOLOGY,色素,bio-mo-cell-183,色素,,KEEP,「叶绿素a和叶绿素b主要吸收蓝紫光和红光，胡萝卜素和叶黄素主要吸收蓝紫光」——吸收光谱；现绑『色素』别名逐字同题。,slice-91
BIOLOGY,色素,ext-bio-46ec017dac-004,色素,,KEEP,「叶绿素合成受阻 → 色素含量下降 → 光反应速率降低」「纸层析滤纸条上自上而下第三条带（叶绿素 a）的颜色变浅」——色素含量变化的影响链；现绑『色素』别名逐字含本条标题。,slice-91
BIOLOGY,色素,ext-bio-46ec017dac-018b,色素,,KEEP,「花青素主要吸收 400～600 nm 波长的光」「保护叶绿体不受强光损伤」——花青素光保护；现绑『色素』别名逐字同题，边界含花青素辨析。,slice-91
BIOLOGY,色素,ext-bio-531bf95a49-013,色素,,KEEP,「叶绿素a和叶绿素b的吸收峰值不同」「类胡萝卜素主要吸收蓝紫光，不吸收红光」——吸收光谱差异；现绑『色素』别名逐字同题。,slice-91
BIOLOGY,色素,ext-bio-b71a16c399-004b,色素,,KEEP,「叶绿素 a 在红光部分的吸收带较叶绿素 b 偏向长波方向」「适当遮光时叶片（如同一植物底层叶片）中叶绿素 a/b 的比值会下降」——吸收光谱差异与弱光适应；现绑『色素』别名逐字同题。,slice-91
BIOLOGY,色素,ext-bio-f13ea98370-025,色素,,KEEP,「恩格尔曼第2个实验用透过三棱镜的光照射水绵临时装片」「叶绿体主要吸收红光和蓝紫光用于光合作用」——吸收光谱结论与经典实验；恩格尔曼实验散见『探索光合作用原理的部分实验』等（前轮同类判例亦因口径不唯一保留），现绑『色素』边界含吸收光谱，保留。,slice-91
BIOLOGY,色素,ext-bio-f7bf8a79a5-012,色素,,KEEP,「叶绿素主要吸收红光和蓝紫光」——叶绿素吸收光谱特点；现绑『色素』别名逐字同题。,slice-91
BIOLOGY,色素,ext-bio-f7bf8a79a5-013,色素,,KEEP,「类胡萝卜素主要吸收蓝紫光」「叶绿素主要吸收蓝紫光和红光」——类胡萝卜素吸收特点；现绑『色素』别名逐字同题。,slice-91
BIOLOGY,蛋白质,bio-fj-04-cooked-egg-digestion,蛋白质,,KEEP,「高温使蛋白质分子的空间结构变得伸展、松散」「伸展松散的蛋白质更容易被蛋白酶水解，故更容易消化」——蛋白质变性的应用，现绑『蛋白质』已收同族『蛋白质经高温处理后变性失活』。,slice-91
BIOLOGY,蛋白质,bio-fj-04-peptide-disulfide-bonds,蛋白质,,KEEP,「一条肽链中相邻氨基酸通过肽键（—CO—NH—）相连接」「不同肽链之间的氨基酸可通过二硫键等化学键连接」——现绑边界逐字含『与肽键直接相连的原子和……二硫键等化学键的作用』。,slice-91
BIOLOGY,蛋白质,bio-mo-cell-050,蛋白质,蛋白质的基本单位-氨基酸,REBIND,「每种氨基酸至少都含有一个氨基（—NH2）和一个羧基（—COOH），并且都有一个氨基和一个羧基连接在同一个碳原子上」「各种氨基酸之间的区别在于R基的不同」——通篇氨基酸结构通式与结构特点，靶节点边界逐字含结构通式与结构特点。,slice-91
BIOLOGY,蛋白质,bio-mo-cell-054,蛋白质,,KEEP,「许多蛋白质分子都含有两条或多条肽链，它们通过一定的化学键如二硫键相互结合在一起」——现绑边界逐字含『特定蛋白质中二硫键等化学键的作用』。,slice-91
BIOLOGY,蛋白质,bio-mo-cell-056,蛋白质,蛋白质的基本单位-氨基酸,REBIND,「氨基酸数目≠氨基酸种类：蛋白质分子含有多个氨基酸，构成人体蛋白质的氨基酸种类约有21种」「确认氨基酸种类必须依据R基」——氨基酸种类与必需氨基酸；靶节点已收『在人体中组成蛋白质的氨基酸』『氨基酸的种类组成人体蛋白质的氨基酸』。,slice-91
BIOLOGY,蛋白质,bio-mo-cell-057,蛋白质,,KEEP,「根据脱水缩合过程，与肽键直接相连的原子为C、N」——现绑『蛋白质』边界逐字含『与肽键直接相连的原子』；环肽肽键数与脱水分子质量计算部分见备注保留理由。,slice-91
BIOLOGY,蛋白质,bio-mo-cell-058,蛋白质,蛋白质的盐析变性与水解的辨析,REBIND,「①盐析：是由溶解度的变化引起的，蛋白质的空间结构没有发生变化」「②变性：……空间结构发生了不可逆的变化……但是肽键一般不断裂」「③水解：在蛋白酶等作用下，肽键断裂」——盐析/变性/水解三者辨析，靶节点已收『盐析、变性和水解的辨析』。,slice-91
BIOLOGY,蛋白质的功能,bio-kb-ribosome-centrosome-structure,蛋白质的功能,细胞器的结构和功能,REBIND,「无膜结构，主要成分是蛋白质和rRNA」「无膜结构，由两个互相垂直排列的中心粒及周围物质组成」——通篇无膜细胞器的结构功能；目标节点在册材料『核糖体和中心体』同题。,slice-91
BIOLOGY,蛋白质的基本单位-氨基酸,bio-fj-23-population-gene-pool,蛋白质的基本单位-氨基酸,基因频率,REBIND,「种群：生活在一定区域的同种生物全部个体的集合」「基因库：一个种群中全部个体所含有的全部基因」——种群与基因库概念；『基因频率』已收《种群、基因库与基因频率三个基本概念》等同族（同批同文判例即改绑此节点），现绑节点零对应。,slice-91
BIOLOGY,蛋白质的基本单位-氨基酸,bio-fj-23-species-concept,蛋白质的基本单位-氨基酸,隔离在物种形成中的作用,REBIND,「物种指在自然状态下相互交配并且产生可育后代的一群生物」「物种是生物分类的基本单位」——物种概念；『隔离在物种形成中的作用』已收《物种与隔离的概念》（物种定义与“物种是生物分类的基本单位”同句），现绑『蛋白质的基本单位-氨基酸』零对应。,slice-91
BIOLOGY,蛋白质的结构及其多样性,ext-bio-3438a4b8d2-009,蛋白质的结构及其多样性,,KEEP,「两个氨基酸通过脱水缩合形成二肽，连接两个氨基酸分子的化学键为肽键」「产物H2O中的H来自羧基和氨基，O来源于羧基」——即现绑边界所列脱水缩合方式。,slice-91
BIOLOGY,蛋白质的结构及其多样性,ext-bio-3438a4b8d2-012,蛋白质的结构及其多样性,,KEEP,「使得肽链能够盘曲、折叠，形成具有一定空间结构的蛋白质分子」「它们通过一定的化学键如二硫键（—S—S—）相互结合」——蛋白质的结构层次与多样性。,slice-91
BIOLOGY,蛋白质相关计算题,bio-fj-04-peptide-chain-ends,蛋白质相关计算题,,KEEP,「一条肽链上至少有一个游离氨基和一个游离羧基，分别位于肽链两端」「其余的氨基或羧基在R基上」——肽链上游离氨基与羧基的确定，别名逐字含本题名，保留。,slice-91
BIOLOGY,蛋白质相关计算题,ext-bio-3438a4b8d2-018,蛋白质相关计算题,,KEEP,「链状肽：肽键数＝脱水数＝氨基酸数－肽链数」「环状肽：肽键数＝氨基酸数＝脱去的水分子数」——肽键数与游离基团数的计算，属现绑『蛋白质相关计算题』，保留。,slice-91
BIOLOGY,蛋白质相关计算题,ext-bio-ca4b35945b-024,蛋白质相关计算题,,KEEP,「1条链：肽键数等于脱去水分子数为n减1」「m条链：肽键数等于脱去水分子数为n减m」「若肽链间含二硫键，蛋白质相对分子质量还要减去2k」——正对现绑边界1、2条，保留。,slice-91
BIOLOGY,蛋白质相关计算题,ext-bio-ebddc22a2c-025,蛋白质相关计算题,,KEEP,「一条肽链：肽键数与脱水数为m减1，相对分子质量为ma减18(m减1)」「环肽：肽键数与脱水数为m…至少含0个氨基或羧基」——链状肽与环状肽的数量关系对比，别名逐字含本题名，保留。,slice-91
BIOLOGY,蛋白质相关计算题的总结,ext-bio-5a6b49ba69-006,蛋白质相关计算题的总结,,KEEP,「形成链状肽时：肽键数等于脱去的水分子数等于氨基酸数减去肽链数；环状肽可看作肽链数为0」——现绑边界表格逐条对应，保留。,slice-91
BIOLOGY,蛋白质相关计算题的总结,ext-bio-ca4b35945b-025,蛋白质相关计算题的总结,,KEEP,「由n个氨基酸脱水缩合形成环状肽：脱去n分子的水，形成n个肽键」——现绑边界含「环状 | m | m | m」行，别名逐字同题，保留。,slice-91
BIOLOGY,蛋白质相关计算题的总结,ext-bio-ca4b35945b-026,蛋白质相关计算题的总结,,KEEP,「由n个氨基酸形成环状肽：肽键数为n、脱去水分子数为n，主链中氨基、羧基数目为0」——环状肽定量关系，别名逐字同题，保留。,slice-91
BIOLOGY,蛋白质相关计算题的总结,ext-bio-ebddc22a2c-028,蛋白质相关计算题的总结,,KEEP,「氮原子数等于肽键数加肽链数加R基上的氮原子数」「氧原子数等于肽键数加2乘以肽链数加R基上的氧原子数」——原子守恒计数，别名逐字同题，保留。,slice-91
BIOLOGY,血红蛋白的结构与功能,ext-bio-5f510cdc4a-264,血红蛋白的结构与功能,,KEEP,「使β链N端的第6位氨基酸由谷氨酸变成缬氨酸」——HbS分子病机理与症状；现绑边界含“杂合子一般无临床症状但具有抗疟优势”，正文亦有。,slice-91
BIOLOGY,血红蛋白的结构与功能,ext-bio-b959bdf257-009,血红蛋白的结构与功能,,KEEP,「患者血红蛋白的多肽链中发生了一个氨基酸的替换，即谷氨酸被缬氨酸替换」——镰状细胞贫血的直接原因，属现绑“血红蛋白的结构与功能”。,slice-91
BIOLOGY,血红蛋白的结构与功能,ext-bio-b959bdf257-010,血红蛋白的结构与功能,,KEEP,「根本原因是血红蛋白基因中发生了一个碱基对的替换（GAG 变为 GTG）」——血红蛋白分子病源自基因突变致蛋白结构异常，正合现绑边界。,slice-91
BIOLOGY,表观遗传,ext-bio-412f1baaa0-036,表观遗传,,KEEP,「不管有多少条X染色体，除一条外其余都失活」「使失活的X染色体形成巴氏小体」——现绑别名逐字含《X染色体失活的n减1规律》。,slice-91
BIOLOGY,表观遗传,ext-bio-67d88d2eba-063,表观遗传,,KEEP,「组蛋白被甲基化、乙酰化等修饰后，染色质形态发生变化，可以促进或抑制基因表达」「非编码RNA……阻止翻译」——与现绑别名《组蛋白修饰与非编码RNA对基因表达的调控》同族。,slice-91
BIOLOGY,表观遗传,ext-bio-9afe4c6e87-018,表观遗传,,KEEP,「乙酰化：……中和正电荷，减弱组蛋白与DNA的结合，使染色质松散……通常促进转录」——组蛋白修饰即表观遗传机制；『基因表达与性状的关系』两可，保守保留。,slice-91
BIOLOGY,表观遗传,ext-bio-bc5463a953-026,表观遗传,,KEEP,「组蛋白常受到如甲基化、乙酰化、磷酸化、泛素化等多种化学修饰，从而影响基因的表达」「siRNA……miRNA……lncRNA」——现绑别名逐字含同名条。,slice-91
BIOLOGY,表观遗传,ext-bio-bfbb639c07-093,表观遗传,,KEEP,「这些变化使失活的X染色体形成巴氏小体」「在发育中的原始生殖细胞内可激活失活的X染色体」——现绑别名逐字含《X染色体失活（第22讲课件·新情景）》。,slice-91
BIOLOGY,被动运输,bio-mo-cell-114,被动运输,,KEEP,「镶嵌在膜上的一些特殊的蛋白质，能够协助这些物质顺浓度梯度跨膜运输，这些蛋白质称为转运蛋白」「这种借助膜上的转运蛋白进出细胞的物质扩散方式，叫作协助扩散」——转运蛋白与协助扩散，属现绑被动运输。,slice-91
BIOLOGY,豌豆用作遗传实验的材料,ext-bio-66537d75d3-003,豌豆用作遗传实验的材料,,KEEP,「两性花：一朵花既有雌蕊也有雄蕊（如豌豆花）」「闭花授粉：花在未开放前，雄蕊花药中的花粉传到雌蕊柱头上的过程」——花的结构类型与传粉方式；正合现绑『豌豆用作遗传实验的材料』（自然状态闭花受粉、自交优势），别名逐字在册。,slice-91
BIOLOGY,质壁分离,bio-fj-07-protoplast-layer,质壁分离,,KEEP,「原生质层 = 细胞膜 + 液泡膜 + 两膜之间的细胞质」「原生质层相当于一层半透膜」——原生质层的组成与功能，属现绑『质壁分离』。,slice-91
BIOLOGY,质壁分离,bio-fj-07-protoplast-vs-protoplast-body,质壁分离,,KEEP,「原生质层=细胞膜+液泡膜+两层膜之间的细胞质」「质壁分离中起半透膜作用的是原生质层」——属现绑『质壁分离』边界“原生质层与原生质体的概念区分”。,slice-91
BIOLOGY,质壁分离,bio-kb-protoplast-vs-protoplast-layer,质壁分离,,KEEP,「原生质体：细胞膜、细胞质和细胞核三部分的总称（去壁后的植物细胞）」——原生质层与原生质体的概念区分，现绑『质壁分离』边界逐字覆盖。,slice-91
BIOLOGY,质壁分离,bio-kb2-07-protoplast-layer,质壁分离,,KEEP,「原生质层：成熟植物细胞的细胞膜、液泡膜以及两层膜之间的细胞质，相当于一层半透膜」——原生质层与原生质体的区分，属现绑『质壁分离』。,slice-91
BIOLOGY,质壁分离,bio-mo-cell-112,质壁分离,,KEEP,「对于水分子来说，细胞壁是全透性的」「观察质壁分离实验采用成熟的植物细胞为材料，如紫色洋葱鳞片叶的外表皮细胞」——质壁分离的原理与材料（上一轮已由『被动运输』改绑至此），保留。,slice-91
BIOLOGY,质壁分离,bio-plasmolysis-automatic-recovery-substances,质壁分离,,KEEP,「高渗(但溶质可被吸收)溶液→先失水质壁分离」「溶质被细胞吸收→细胞液浓度升高→吸水→自动复原」——自动复原的条件；同源《狂K重点》族各块均绑『质壁分离』。,slice-91
BIOLOGY,质壁分离,bio-plasmolysis-curve-dip-recover,质壁分离,,KEEP,「曲线先下降后回升→细胞先质壁分离后自动复原→该溶液中的溶质可被细胞吸收（典型：KNO3、尿素、乙二醇、甘油等）」——自动复原的条件与判读，属现绑『质壁分离』。,slice-91
BIOLOGY,质壁分离,bio-plasmolysis-curve-rising-hypotonic,质壁分离,,KEEP,「从起点直接上升→外界溶液浓度＜细胞液→细胞吸水；植物细胞因细胞壁限制一般不涨破」——质壁分离曲线判读；同源《狂K重点》曲线族各块均绑『质壁分离』。,slice-91
BIOLOGY,质壁分离,bio-plasmolysis-death-verification,质壁分离,,KEEP,「复原（长度回升）→细胞存活，此前为动态平衡」「不复原→细胞已死亡」——复原实验中区分平衡与死亡，现绑『质壁分离』边界逐字覆盖。,slice-91
BIOLOGY,质壁分离,bio-protoplast-layer-semipermeable,质壁分离,,KEEP,「由于膜的选择透过性，其相当于半透膜，是渗透作用进行的结构基础」——原生质层相当于半透膜，属现绑『质壁分离』。,slice-91
BIOLOGY,质壁分离,ext-bio-7533a1e1fd-002,质壁分离,,KEEP,「细胞c发生质壁分离：细胞失水，说明细胞液浓度小于外界蔗糖溶液浓度」「平衡时…仍小于细胞a的细胞液浓度」——质壁分离实验中的浓度比较；节点别名族已含『用质壁分离比较溶液浓度大小的分析方法』『质壁分离实验中的渗透压比较』（边界虽写不涉及定量变化，族内同类两条故保留；备选『成熟植物细胞的吸水和失水』）。,slice-91
BIOLOGY,质壁分离,ext-bio-c244f5f146-024,质壁分离,,KEEP,「细胞失水时中央液泡变小、紫色加深、原生质层与细胞壁逐渐分离」「植物细胞的原生质层相当于半透膜」——探究植物细胞吸水和失水的实验；现绑别名族含『质壁分离与复原实验的流程与观察』『质壁分离实验的材料选择与蔗糖溶液浓度要求』。,slice-91
BIOLOGY,质壁分离,ext-bio-cfff2e6c9b-001,质壁分离,,KEEP,「原生质层由细胞膜、液泡膜及两层膜之间的细胞质构成，不包括细胞核和细胞液」——原生质层与原生质体辨析，属现绑『质壁分离』。,slice-91
BIOLOGY,转基因生物的安全性,bio-mo-genetic-engineering-032,转基因生物的安全性,,KEEP,「生殖性克隆是指通过克隆技术产生独立生存的新个体」「治疗性克隆是指利用克隆技术产生特定的细胞、组织和器官」——现绑别名逐字。,slice-91
BIOLOGY,转基因生物的安全性,bio-mo-genetic-engineering-035,转基因生物的安全性,,KEEP,「试管婴儿与“设计试管婴儿”都是有性生殖，都要通过①体外受精，并进行②体外早期胚胎培养和胚胎移植，不同的是“设计试管婴儿”胚胎移植前需进行遗传学诊断」——选必3第4章伦理议题，保留（见notes）。,slice-91
BIOLOGY,转基因生物的安全性,bio-textbook-cloning-human-ethics,转基因生物的安全性,,KEEP,「生殖性克隆：通过克隆技术产生独立生存的克隆人个体——中国明确禁止」「治疗性克隆…中国不反对、有条件支持」——生殖性克隆人态度，现绑别名逐字。,slice-91
BIOLOGY,转基因生物的安全性,ext-bio-376bd04002-027,转基因生物的安全性,,KEEP,「治疗性克隆…操作水平为细胞水平；生殖性克隆…操作水平为个体水平」「我国对生殖性克隆坚持不赞成、不允许、不支持、不接受的四不原则」——现绑边界『生殖性克隆等伦理问题的辨析』同章内容。,slice-91
BIOLOGY,转录,ext-bio-248a054779-006,转录,,KEEP,「RNA 聚合酶 I 位于核仁，转录产物为 5.8S rRNA、18S rRNA、28S rRNA；RNA 聚合酶 II 位于核质，转录产物为 mRNA」——转录酶种类与定位，现绑别名逐字含本条标题。,slice-91
BIOLOGY,转录,ext-bio-248a054779-008b,转录,,KEEP,「转录时 RNA 的合成方向为 5'→3'，游离的核糖核苷酸添加到单链的 3' 端」——转录方向，现绑边界明列『RNA的合成方向』，别名逐字含本条标题。,slice-91
BIOLOGY,转录,ext-bio-26746c92ba-098,转录,,KEEP,「前体 RNA 在细胞核内经过剪接去除由内含子转录的序列，形成成熟的 mRNA」「同一 DNA 片段上不同基因的模板链可能不同」——模板链识别与RNA加工，现绑别名逐字含本条标题。,slice-91
BIOLOGY,转录,ext-bio-67d88d2eba-013,转录,,KEEP,「有义链（编码链）不具备转录功能，其碱基序列与转录产物 mRNA 相同（除用 T 代替 U）」「反义链（模板链）…转录时作为模板」——模板链辨析，属现绑『转录』。,slice-91
BIOLOGY,载体,ext-bio-26746c92ba-143,载体,,KEEP,「双标记即载体具有两个标记基因，在基因表达载体的构建过程中往往会刻意破坏其中一个」「载体上的标记基因一般是一些抗生素的抗性基因」——双标记的作用与标记基因，现绑别名逐字同题。,slice-91
BIOLOGY,载体,ext-bio-26746c92ba-144b,载体,,KEEP,「标记基因的作用：在宏观水平上看到微观分子的变化，例如以抗生素抗性基因作为标记基因时，可以用抗生素筛选出具有抗性的菌落」——标记基因的作用与种类选择；现绑『载体』别名逐字含此标题，边界含“常带有标记基因用于筛选”。,slice-91
BIOLOGY,载体,ext-bio-5f510cdc4a-1862,载体,,KEEP,「目的基因插入四环素抗性基因内部后，含有重组质粒的细菌不能在含四环素的培养基上生长」「再利用灭菌的绒布影印到含四环素的培养基上培养」——双标记筛选与影印法，现绑别名逐字同题。,slice-91
BIOLOGY,载体,ext-bio-90a8e2b6e2-063,载体,,KEEP,「载体只有一种标记基因时，利用该标记基因控制的性状进行筛选」「如质粒有四环素抗性基因，则需将完成转化后的受体细胞接种在含四环素的培养基中培养」——标记基因筛选，属现绑边界。,slice-91
BIOLOGY,载体,ext-bio-d4fa91640d-017,载体,,KEEP,「若载体（如质粒）含有氨苄青霉素抗性基因，导入重组质粒的受体细胞在含氨苄青霉素的培养基上能存活并繁殖」「因此还需进一步区分」——标记基因的筛选原理；现绑别名逐字含此标题。,slice-91
BIOLOGY,载体,ext-bio-d4fa91640d-018,载体,,KEEP,「可用灭菌的绒布把菌落影印到含有四环素的培养基上（影印法）」「通过两种抗性培养基上菌落存活情况的比较，确定哪些菌落来自导入重组质粒的受体细胞」——现绑别名逐字含『用影印法提高筛选的准确性』。,slice-91
BIOLOGY,辨析真正光合速率-净光合速率和呼吸速率,bio-fj-11-black-bottle-rule1,辨析真正光合速率-净光合速率和呼吸速率,,KEEP,「黑瓶（不透光）：只进行呼吸，O2减少量=呼吸量」「白瓶（透光）：…O2增加量=净光合量」「总光合量=呼吸量+净光合量」——黑白瓶法即三率关系的测定，现绑节点已收同名《黑白瓶法规律一》，保留。,slice-91
BIOLOGY,辨析真正光合速率-净光合速率和呼吸速率,bio-fx-mcq-metabolism-pitfalls,辨析真正光合速率-净光合速率和呼吸速率,,KEEP,「条件辨析：圈画光照或黑暗、有氧或无氧、载体或通道等限定，对比净光合与总光合」「警惕蓝细菌无叶绿体但能光合」——细胞代谢选择题避错步骤，核心即净光合与总光合对比；现绑节点已收同名条目，保留。,slice-91
BIOLOGY,辨析真正光合速率-净光合速率和呼吸速率,bio-kb-gas-exchange-metabolism-state,辨析真正光合速率-净光合速率和呼吸速率,,KEEP,「光合速率＝呼吸速率：表观上不与外界发生气体交换」「光合速率＞呼吸速率：吸收CO2，释放O2」——不同代谢状态下气体交换判断，属现绑三率辨析，保留。,slice-91
BIOLOGY,辨析真正光合速率-净光合速率和呼吸速率,bio-kb-three-rate-curve-judgment,辨析真正光合速率-净光合速率和呼吸速率,,KEEP,「光照为0时纵轴为负值（绝对值等于呼吸速率）：该曲线为净光合速率曲线」「真正光合速率＝净光合速率＋呼吸速率」——三率曲线判定，现绑节点已收同名《三率曲线的判定方法》，保留。,slice-91
BIOLOGY,辨析真正光合速率-净光合速率和呼吸速率,bio-photosynthetic-dawn-reading,辨析真正光合速率-净光合速率和呼吸速率,,KEEP,「光强=0：纵轴值为呼吸速率（或真光合=0）」「与横轴交点：光补偿点（净光合=0）」「平台值：最大净光合」——光响应曲线逐段判读三率，现绑节点已收同名材料，保留。,slice-91
BIOLOGY,辨析真正光合速率-净光合速率和呼吸速率,ext-bio-6c193f35a8-003c,辨析真正光合速率-净光合速率和呼吸速率,,KEEP,「A点：光照强度为0，只进行呼吸作用」「B点：呼吸作用=光合作用（净光合速率为0，即光补偿点）」——三率曲线关键点含义，现绑节点已收同名材料，保留。,slice-91
BIOLOGY,辨析真正光合速率-净光合速率和呼吸速率,ext-bio-6c193f35a8-004f,辨析真正光合速率-净光合速率和呼吸速率,,KEEP,「凡是从外界吸收或释放到外界的量…反映的是净光合速率；叶绿体产生的O2总量或线粒体产生的CO2总量反映总光合速率」——三率的图解判据，现绑节点已收同名，保留。,slice-91
BIOLOGY,辨析真正光合速率-净光合速率和呼吸速率,ext-bio-a77993e4a4-001b,辨析真正光合速率-净光合速率和呼吸速率,,KEEP,「呼吸速率是绿色组织在黑暗条件下测得的值；净光合速率是有光条件下光合与呼吸同时进行测得的数据」——三率的测定口径，属现绑辨析节点，保留。,slice-91
BIOLOGY,辨析真正光合速率-净光合速率和呼吸速率,ext-bio-b7bfc5543d-015,辨析真正光合速率-净光合速率和呼吸速率,,KEEP,「B点表示光合速率等于呼吸速率，此时的光照强度称为光补偿点」「真正光合速率=净光合速率+呼吸速率」——光补偿点、饱和点与三率关系；现绑节点已收《光照强度对光合速率的影响曲线》同族，保留。,slice-91
BIOLOGY,辨析真正光合速率-净光合速率和呼吸速率,ext-bio-f7bf8a79a5-085,辨析真正光合速率-净光合速率和呼吸速率,,KEEP,「B点时光合作用强度等于呼吸作用强度，所示光照强度称为光补偿点」「光照强度只有在B点以上时，植物才能积累有机物而正常生长」——光补偿点含义，属现绑三率辨析族，保留。,slice-91
BIOLOGY,辨析真正光合速率-净光合速率和呼吸速率,ext-bio-f7bf8a79a5-086,辨析真正光合速率-净光合速率和呼吸速率,,KEEP,「AB段（不含A、B点）呼吸作用强度大于光合作用强度，植物表现为净释放CO2」——三率曲线分段状态；现绑节点已收《植物三率曲线与A、B、C点的含义》，保留。,slice-91
BIOLOGY,辨析真正光合速率-净光合速率和呼吸速率,ext-bio-f7bf8a79a5-087,辨析真正光合速率-净光合速率和呼吸速率,,KEEP,「BC段光合强度大于呼吸强度，C点所示光照强度称为光饱和点」「C点后光合强度不再随光照增强而增大」——光饱和点与BC段，属现绑三率辨析族，保留。,slice-91
BIOLOGY,通道蛋白与载体蛋白的辨析,ext-bio-4a3ad9ce4c-029,通道蛋白与载体蛋白的辨析,水和无机盐平衡的调节,REBIND,「抗利尿激素与肾小管上皮细胞细胞膜上的特异性受体结合后，促进含水通道蛋白的囊泡与细胞膜（管腔面）融合」「使尿量减少」——通篇抗利尿激素促进水重吸收（水盐平衡调节）；靶节点『水和无机盐平衡的调节』（24条）即此，现绑『通道蛋白与载体蛋白的辨析』边界为转运蛋白比较。,slice-91
BIOLOGY,遗传信息的翻译,bio-kb3-f2-s2-5-n08,遗传信息的翻译,核酸,REBIND,「细胞中核酸的初步水解产物有8种，是4种脱氧核苷酸和4种核糖核苷酸；彻底水解产物有8种…」——靶节点『核酸』边界即『DNA和RNA初步与彻底水解产物的区分』，并已收《DNA和RNA的初步与彻底水解产物》。,slice-91
BIOLOGY,遗传信息的翻译,ext-bio-145e4cd04c-015,遗传信息的翻译,密码子,REBIND,「密码子共64（4的3次方）个」「起始密码子有2个…终止密码子有3个（UAA、UAG、UGA）」——靶节点『密码子』已收《密码子与起始、终止密码子》《密码子的种类与数量关系》等同族。,slice-91
BIOLOGY,遗传信息的翻译,ext-bio-145e4cd04c-016,遗传信息的翻译,密码子,REBIND,引文订正：「1种密码子只能决定1种氨基酸（专一性）」…「1种氨基酸可能由1种或几种密码子决定（简并性）」——密码子专题；靶节点『密码子』已收《密码子的种类与特点》《密码子的简并性与通用性》等同族。,slice-91
BIOLOGY,遗传信息的翻译,ext-bio-145e4cd04c-017,遗传信息的翻译,密码子,REBIND,「由于密码子的简并性，可能并不会改变其对应的氨基酸，从而增强了密码子的容错性」「地球上几乎所有的生物共用一套密码子表」——靶节点『密码子』已收同题《密码子的简并性与通用性》《密码子的简并性及其意义》。,slice-91
BIOLOGY,遗传信息的翻译,ext-bio-67d88d2eba-022,遗传信息的翻译,翻译,REBIND,「tRNA 呈三叶草形，1 种 tRNA 只能转运一种氨基酸」「反密码子的读取方向为 3′→5′」——靶节点『翻译』边界明列『tRNA的结构与反密码子』并已收《tRNA的结构与功能（反密码子）》《tRNA的结构特点与多聚核糖体的意义》；现绑边界只讲场所、模板、原料、产物与密码子特性。,slice-91
BIOLOGY,遗传学基本概念与符号,ext-bio-46cc65dedf-008,遗传学基本概念与符号,,KEEP,「等位基因：同源染色体相同位置上控制相对性状的基因（如B和b）」「非等位基因有两种情况」——基因类基本概念，落现绑『遗传学基本概念与符号』。,slice-91
BIOLOGY,遗传学基本概念与符号,ext-bio-5f510cdc4a-673,遗传学基本概念与符号,,KEEP,「相对性状必须具备三个要素：同种生物、同一性状、不同表现类型，三者缺一不可」——现绑边界逐字含该三条件。,slice-91
BIOLOGY,遗传学基本概念与符号,ext-bio-645f709d4d-012,遗传学基本概念与符号,,KEEP,「自交是基因型相同的同种生物体之间的交配」「自由交配是…任何一个雌性或雄性个体与任何一个异性个体交配的机会均等」——现绑别名逐字含『杂交、自交与自由交配的区分』。,slice-91
BIOLOGY,遗传学核心概念与术语,ext-bio-636de2a928-023,遗传学核心概念与术语,母性效应与表型模拟,REBIND,「子代螺壳的转向不受自身的基因型控制，而是由母本的核基因型决定」「不是细胞质遗传：控制螺壳旋向的基因仍是核基因」——通篇母性影响与表型延迟一代；库内已有专节『母性效应与表型模拟』，现绑边界只列相对性状、纯合杂合等概念。,slice-91
BIOLOGY,遗传学核心概念与术语,ext-bio-8f6ba48539-036,遗传学核心概念与术语,,KEEP,「等位基因位于同源染色体的同一位置上、控制相对性状（如A与a、D与d）；非等位基因位于非同源染色体上」——基因类概念辨析，属现绑（别名含『等位基因与非等位基因的辨析』），保留。,slice-91
BIOLOGY,遗传学核心概念与术语,ext-bio-9be955ed5e-004,遗传学核心概念与术语,,KEEP,「纯合子由相同基因的配子结合成的合子发育而成（如DD、dd）」「测交是杂合子与隐性纯合子之间的一种特殊杂交，用于测定个体的基因型」——正合现绑边界『纯合子与杂合子只看遗传因子组成是否相同』，保留（备选『交配类型的辨析及应用』，见备注）。,slice-91
BIOLOGY,遗传学核心概念与术语,ext-bio-dd094faf39-006,遗传学核心概念与术语,,KEEP,「等位基因指位于一对同源染色体相同位置上、控制相对性状的基因（如A和a）」「非等位基因指位于同源染色体不同位置上或不同染色体上的基因（如A和D）」——别名逐字同题，保留。,slice-91
BIOLOGY,遗传病的检测和预防,bio-pcr-prenatal-advantages,遗传病的检测和预防,,KEEP,「操作简便；检测安全、快速；不伤害胎儿、对母体伤害小」「取样：孕妇外周血游离胎儿 DNA、羊水细胞、绒毛细胞」——产前诊断优点与取样，现绑『遗传病的检测和预防』边界即“产前诊断不等同于基因检测”。,slice-91
BIOLOGY,遗传病的检测和预防,ext-bio-5f510cdc4a-964,遗传病的检测和预防,,KEEP,「羊水检查（羊膜穿刺）：需从母体抽取羊水，后离心细胞进行培养」「利用人体对超声波的反射进行观察，是一种最为直观的检查技术」——产前诊断手段，属现绑『遗传病的检测和预防』。,slice-91
BIOLOGY,酶在代谢中的作用,ext-bio-31654814b8-003,酶在代谢中的作用,,KEEP,「1号与2号试管对比说明加热可以促进H2O2的分解」「3号与4号对比说明过氧化氢酶的催化效率高于Fe3+」——过氧化氢分解实验结论；现绑『酶在代谢中的作用』已收该教材实验族（《酶在细胞代谢中的作用（一）》《(5)实验结论》同题）。,slice-91
BIOLOGY,酶在代谢中的作用,ext-bio-5f510cdc4a-453,酶在代谢中的作用,酶的特性,REBIND,「锁钥假说：酶具有一定的空间结构」「诱导契合假说：酶分子的构象与其催化的底物结构并非完全吻合」——解释酶与底物结合的学说（酶专一性）；『酶的特性』已收《酶的专一性及两种学说》《酶的专一性机制与锁钥、诱导契合学说》等7条同族，现绑『酶在代谢中的作用』无此族。,slice-91
BIOLOGY,酶在代谢中的作用,ext-bio-8f68ef0765-024,酶在代谢中的作用,,KEEP,「激活剂：提高酶活性的物质」「酶原激活：不表现催化活性的酶原在一定条件下分子结构发生改变」——激活剂与酶原激活；『影响酶促反应的因素分析』收《酶的抑制剂与激活剂》仅覆盖前半，酶原激活无对应节点，口径不唯一故保留。,slice-91
BIOLOGY,酶在代谢中的作用,ext-bio-cc2cdaecdd-018,酶在代谢中的作用,,KEEP,「溶菌酶能溶解细菌的细胞壁，起抗菌消炎作用」「多酶片可用于治疗消化不良」——酶的应用；现绑『酶在代谢中的作用』已收《高中阶段常见酶及其作用》《教材中常见酶及其作用（二）》同族且别名逐字同题（『酶的特性』亦收应用/保存类，口径不唯一）。,slice-91
BIOLOGY,酶在代谢中的作用,ext-bio-cc2cdaecdd-079,酶在代谢中的作用,,KEEP,「酶是活细胞产生的具有催化作用的有机物，化学本质是蛋白质或RNA」「酶在细胞代谢中的作用是降低活化能」——酶的概念/本质/作用要点；现绑边界明含“说明酶的化学本质、合成场所与来源”，别名逐字同题。,slice-91
BIOLOGY,酶在代谢中的作用,ext-bio-cc2cdaecdd-082,酶在代谢中的作用,,KEEP,「加热只是为反应提供能量，并不能降低活化能」「新采摘的甜玉米立即放入沸水中片刻可保持甜味」——加热与酶催化机理比较；现绑『酶在代谢中的作用』别名逐字同题，活化能族在册。,slice-91
BIOLOGY,酶在代谢中的作用,ext-bio-eb575cd309-032,酶在代谢中的作用,,KEEP,「加热只是为反应提供能量，并不能降低活化能」「溶菌酶能够溶解细菌的细胞壁，起到消炎抗菌的作用」——酶与ATP教材深挖要点；现绑『酶在代谢中的作用』别名逐字同题。,slice-91
BIOLOGY,酶在代谢中的作用,ext-bio-fae7d7ebc4-024,酶在代谢中的作用,影响酶促反应的因素分析,REBIND,「酶活性：酶催化特定化学反应的能力，可用在一定条件下酶所催化某一化学反应的速率表示」——酶活性的定义与表示；『影响酶促反应的因素分析』已收两条同名《酶活性》（定义同句）及《酶促反应速率与酶活性的区别》，现绑『酶在代谢中的作用』无此族。,slice-91
BIOLOGY,酶的作用,bio-fj-08-gastric-pepsin-small-intestine,酶的作用,,KEEP,「胃蛋白酶的最适pH为1.5左右」「小肠液pH约7.6，胃蛋白酶随食糜进入小肠后不能再有效发挥作用」——pH 对酶活性的影响实例；别名逐字含本条标题（近邻『影响酶促反应的因素分析』，族内口径不一故保留）。,slice-91
BIOLOGY,酶的作用,bio-kb3-f4-s39-n01,酶的作用,,KEEP,「在最适温度条件下，酶的活性最高(如B点)」「低温(如A点)影响酶的活性，但不会使酶的空间结构遭到破坏」「高温(如C点)会导致酶的空间结构遭到破坏，使其永久失活」——温度对酶活性的影响；现绑边界含条件对酶活性的讨论，别名逐字在册。,slice-91
BIOLOGY,酶的作用,bio-kb3-f4-s39-n02,酶的作用,,KEEP,「酶制剂适宜在低温下保存」「细菌和真菌体内的酶最适温度差别较大」——各类生物最适温度与低温保存；属现绑酶作用条件内容，别名逐字含本条标题。,slice-91
BIOLOGY,酶的作用,bio-kb3-f5-s5-1-n03,酶的作用,,KEEP,「活化能是指分子从常态转变为容易发生化学反应的活跃状态所需要的能量」「加热能促进过氧化氢分解，是因为加热使过氧化氢分子得到了能量」——降低活化能的酶；别名逐字含本条标题，与现绑『酶的作用』一致。,slice-91
BIOLOGY,酶的作用,ext-bio-7ffb5d551a-007,酶的作用,,KEEP,「实验目的：通过比较过氧化氢在不同条件下分解的快慢，了解过氧化氢酶的作用」「判断过氧化氢分解快慢的依据是氧气的产生量」——过氧化氢分解对照实验；别名逐字在册，属现绑『酶的作用』。,slice-91
BIOLOGY,酶的作用,ext-bio-7ffb5d551a-009,酶的作用,,KEEP,「通过加无机催化剂与加酶对照说明酶具有高效性」「在过氧化氢酶的作用下分解速率最快」——过氧化氢分解实验的结论分析；属现绑节点的实验结果链，别名逐字在册。,slice-91
BIOLOGY,酶的作用,ext-bio-cc2cdaecdd-013,酶的作用,,KEEP,「来源及作用场所：酶由活细胞产生，可在细胞内或细胞外发挥作用」「生物功能：酶起催化作用，激素起调节作用」——酶和激素的比较；别名逐字在册，属现绑『酶的作用』范围内的辨析。,slice-91
BIOLOGY,酶的作用,ext-bio-cc2cdaecdd-017,酶的作用,,KEEP,「共同点：只能催化自然条件下能发生的化学反应」「不同点：酶降低活化能的作用更显著」「催化是酶唯一的功能，酶不具调节功能」——酶与无机催化剂比较；别名逐字含本条标题，属现绑。,slice-91
BIOLOGY,酶的作用和本质,bio-fj-08-enzyme-reusability,酶的作用和本质,,KEEP,「1. 酶作为催化剂可重复多次利用。2. 酶（如蛋白酶）也可被其他蛋白酶水解，作为底物」——现绑别名原题；讲酶作为催化剂的可重复利用特点，属酶的作用和本质。,slice-91
BIOLOGY,酶的本质,bio-fj-08-buchner-ferment-extract,酶的本质,,KEEP,「提取液加入葡萄糖溶液中也能产生酒精」「说明引起发酵的是一种化学物质（酿酶），不需活细胞」——毕希纳酿酶实验即酶本质探索历程，属现绑。,slice-91
BIOLOGY,酶的本质,bio-fj-08-hydrolase-enzyme-list,酶的本质,,KEEP,「淀粉酶→麦芽糖；麦芽糖酶→葡萄糖」「DNA酶→脱氧核苷酸；纤维素酶→分解纤维素」——常见水解酶与产物对照；同族《常见水解酶及其催化产物》已绑此，未见他节点明显更优，保留。,slice-91
BIOLOGY,酶的本质,bio-fj-08-pasteur-liebig-debate,酶的本质,,KEEP,「巴斯德：糖类变酒精需要酵母菌活细胞参与」「争论焦点：发酵是否需要完整的活细胞」——即酶本质探索历程中的争论，属现绑『酶的本质』的探索历程内容。,slice-91
BIOLOGY,酶的本质,bio-kb3-f4-s36-n01,酶的本质,,KEEP,「1716年《康熙字典》收录了酶字，并将“酶”解释为“酒母也”」「只有活酵母菌细胞参与才能进行发酵」——酶本质的探索过程，属现绑『酶的本质』。,slice-91
BIOLOGY,酶的本质,bio-kb3-f4-s36-n02,酶的本质,,KEEP,「毕希纳(德国)：发现酵母菌细胞的提取液也能使糖液变成酒…称为酿酶」「萨姆纳…提取出了刀豆种子中的脲酶，并证明了其化学本质是蛋白质」——酶本质探索历程；现绑别名即《探索过程（二）》《酶本质的探索历程》,slice-91
BIOLOGY,酶的本质,bio-mo-cell-139,酶的本质,,KEEP,「酶的化学本质不一定是蛋白质，少部分是RNA」「组成酶的单体是氨基酸或核糖核苷酸」——酶的本质/来源辨析，属现绑『酶的本质』。,slice-91
BIOLOGY,酶的本质,bio-mo-enzyme-002,酶的本质,,KEEP,「酶是活细胞产生的具有催化作用的有机物」「绝大多数酶的化学本质是蛋白质，少数是RNA」——酶的化学本质，正是现绑『酶的本质』。,slice-91
BIOLOGY,酶的特性,bio-fj-08-sweet-corn-blanch,酶的特性,,KEEP,「立即放入沸水中片刻，高温破坏酶的空间结构使其失活」「可溶性糖不被消耗，玉米保持甜味」——高温使酶失活的实例；现绑『酶的特性』边界正点名沸水烫玉米实例，保留。,slice-91
BIOLOGY,酶的特性,bio-kb3-f5-s5-1-n08,酶的特性,,KEEP,「过酸、过碱或温度过高，会使酶的空间结构遭到破坏，使酶永久失活」「酶制剂适宜在低温、最适pH下保存」——作用条件温和与保存；现绑『酶的特性』族内同类多条，节点内已收同名材料。,slice-91
BIOLOGY,酶的特性,bio-kb3-f5-s5-1-n09,酶的特性,,KEEP,「能够催化淀粉水解的酶是淀粉酶，能够催化唾液淀粉酶水解的酶是蛋白酶」——专一性举例，属现绑『酶的特性』（节点已收同名材料），保留。,slice-91
BIOLOGY,酶的特性,bio-mo-cell-140,酶的特性,,KEEP,「①酶不改变反应的平衡点，不能提供能量，只降低反应的活化能」「②酶在反应后并不失活，反应前后酶的化学性质和数量均保持不变」——现绑『酶的特性』边界正含只加快反应达到平衡、不改变平衡点，且节点已收同名材料。,slice-91
BIOLOGY,酶的特性,ext-bio-31654814b8-005,酶的特性,,KEEP,「锁钥模型体现了酶的专一性」「不能用碘液检测，因为碘液只能检测淀粉是否剩余，无法检测蔗糖是否发生水解」——专一性机制与检测试剂选择；现绑『酶的特性』族含专一性学说条目，保留（备选实验节点亦收同题试剂选择材料）。,slice-91
BIOLOGY,酶的特性,ext-bio-31654814b8-009,酶的特性,,KEEP,「过酸、过碱、高温会使酶的空间结构被破坏，使酶永久失活；低温下酶的空间结构未被破坏」「酶制剂适宜在低温、最适pH条件下保存」——作用条件温和与保存；现绑『酶的特性』已收《酶的保存条件》，保留。,slice-91
BIOLOGY,酶的特性,ext-bio-5f510cdc4a-071,酶的特性,,KEEP,「溶菌酶能够溶解细菌的细胞壁…真菌细胞壁和细菌细胞壁的成分不同，体现了酶的专一性」「多酶片切勿咀嚼碎，否则…会在胃部的酸性环境中失去活性」——应用均以专一性和条件温和为据；库内无专收酶应用的节点，现绑可收，保留。,slice-91
BIOLOGY,酶的特性,ext-bio-5f510cdc4a-446,酶的特性,,KEEP,「与无机催化剂FeCl3相比，过氧化氢酶的催化效率要高得多，说明酶具有高效性」——高效性实验结论；现绑『酶的特性』已收《酶的高效性与过氧化氢分解实验》同一实验，保留。,slice-91
BIOLOGY,酶的特性,ext-bio-5f510cdc4a-449,酶的特性,,KEEP,「降低化学反应的活化能，使化学反应速率加快，但不改变生成物的量」「缩短反应达到平衡的时间，但不改变反应的方向和平衡点」——与无机催化剂的共性；现绑『酶的特性』已收《酶、无机催化剂与无催化剂曲线比较》，保留。,slice-91
BIOLOGY,酶的特性,ext-bio-8f68ef0765-010,酶的特性,,KEEP,「酶有一定的空间结构，在反应中与底物的关系像钥匙和锁」「形成的酶-底物复合物中，底物被催化为产物」——专一性的锁钥解释；现绑『酶的特性』已收《酶的专一性及两种学说》，保留。,slice-91
BIOLOGY,酶的特性,ext-bio-cc2cdaecdd-027,酶的特性,,KEEP,「检测：用斐林试剂检测是否产生砖红色沉淀（蔗糖组不能用碘液）」「结论：…只有对应底物被催化水解，说明酶具有专一性」——专一性验证实验的组合与结论；现绑『酶的特性』族内含《酶的专一性（二）》实验设计思路与《酶的高效性与过氧化氢分解实验》，保留。,slice-91
BIOLOGY,酶的特性,ext-bio-f83dfd45c1-001c,酶的特性,,KEEP,「酶与底物的结合是可逆的，反应完成后酶会恢复原状，即酶在反应前后本身不发生变化」——现绑『酶的特性』已收同名材料，保留。,slice-91
BIOLOGY,酶的特性,ext-bio-fae7d7ebc4-008,酶的特性,,KEEP,「在最适温度和最适pH条件下酶的活性最高」「低温条件下酶的活性很低，但空间结构稳定」——作用条件较温和，属现绑『酶的特性』三大特性之一，保留。,slice-91
BIOLOGY,酶的特性及探究实验,ext-bio-035ebaef9d-008,酶的特性及探究实验,,KEEP,「甲溶液：含有酵母汁中的各类生物大分子，即含乙醇发酵的酶」「⑥ 葡萄糖溶液＋甲溶液＋乙溶液：有乙醇生成」——酶催化需小分子和离子辅助的探究实验，现绑别名逐字。,slice-91
BIOLOGY,酸碱平衡,bio-fj-02-inorganic-salt-functions,酸碱平衡,细胞中的无机盐,REBIND,「3. 维持酸碱平衡（如HCO3-等）。4. 维持渗透压（水盐平衡）：细胞外液Na+、Cl-，细胞内液K+」——无机盐四大功能逐条对应目标节点『无机盐功能之一/之二/之三』同族材料。,slice-91
BIOLOGY,酸碱平衡,bio-fj-02-inorganic-salt-synthesis,酸碱平衡,细胞中的无机盐,REBIND,「1. 无机盐参与维持细胞酸碱平衡。2. 无机盐参与有机物合成：Mg2+参与叶绿素合成，Fe参与血红蛋白合成」——通篇讲无机盐功能；目标边界即『Mg是叶绿素的组成成分；Fe是血红素的组成成分』。,slice-91
BIOLOGY,酸碱平衡,bio-fj-24-lactic-acid-buffer,酸碱平衡,,KEEP,「乳酸与碳酸氢钠（NaHCO3）反应，生成乳酸钠和碳酸…CO2刺激呼吸中枢使呼吸增强排出」——乳酸进入血液后pH的维持机制；别名原题在现绑。,slice-91
BIOLOGY,酸碱平衡,bio-kb-inorganic-salt-functions,酸碱平衡,细胞中的无机盐,REBIND,「构成某些化合物：Mg是叶绿素的组成成分，Fe是血红素的组成成分，P是ATP、核酸、NADPH、磷脂的组成成分」——与目标节点边界同句；现绑『酸碱平衡』讲血浆pH机制，非本条主题。,slice-91
BIOLOGY,酸碱平衡,ext-bio-1240be0b5f-019,酸碱平衡,,KEEP,「正常人的血浆pH近中性、为7.35～7.45，靠缓冲对HCO3-/H2CO3（主要）和HPO42-/H2PO4-维持」——别名『血浆pH的缓冲维持』在现绑。,slice-91
BIOLOGY,酸碱平衡,ext-bio-2572fc572d-021,酸碱平衡,,KEEP,「血浆中缓冲对主要有HCO3-/H2CO3（最重要）和HPO42-/H2PO4-」「CO2由呼吸系统排出，相应的盐由泌尿系统经肾排出」——血浆pH维持与缓冲物质，别名原题在现绑。,slice-91
BIOLOGY,酸碱平衡,ext-bio-5f510cdc4a-1061,酸碱平衡,,KEEP,「血液中二氧化碳增多会刺激呼吸中枢，使呼吸运动增强、增加通气量…所以对血液的pH影响不大」——现绑边界明言『CO₂经呼吸排出并可参与呼吸运动的调节』，别名同题在现绑。,slice-91
BIOLOGY,酸碱平衡,ext-bio-ba8b3621cb-001,酸碱平衡,,KEEP,「剧烈运动后虽乳酸积累会导致血浆 pH 略有下降，但内环境中存在的 $HCO_3^-$ 等缓冲物质会迅速中和多余的乳酸，使 pH 维持相对稳定」——血浆pH缓冲；别名原题在现绑。,slice-91
BIOLOGY,限制酶,ext-bio-26746c92ba-137b,限制酶,,KEEP,「由于两侧的序列不同，连接后的产物失去原酶的酶切位点，不能再被原来的限制酶识别」——同尾酶连接产物特点，别名同名在册。,slice-91
BIOLOGY,限制酶,ext-bio-26746c92ba-138,限制酶,,KEEP,「两种限制酶切割后得到的黏性末端一致，因此不能避免质粒或目的基因自身环化，也不能避免目的基因与质粒反向连接」——同尾酶双酶切效果，别名同名在册。,slice-91
BIOLOGY,限制酶,ext-bio-4edfc14d16-001,限制酶,,KEEP,「限制性内切核酸酶是分子手术刀，识别双链DNA分子的特定核苷酸序列并使特定部位的磷酸二酯键断开」——三种基本工具综述，同型材料已在现绑节点，保守保留。,slice-91
BIOLOGY,限制酶,ext-bio-5970056f1a-008,限制酶,,KEEP,「若只用一种限制酶切割，质粒和目的基因会产生相同的黏性末端」「质粒、目的基因自身环化」——单酶切的缺点，现绑族已收同题。,slice-91
BIOLOGY,限制酶,ext-bio-5970056f1a-009,限制酶,,KEEP,「选择两种不同的限制酶同时对目的基因和质粒切割，使基因两端产生两个不同的黏性末端」「可使目的基因与质粒发生定向连接」——现绑边界“双酶切可提高连接的方向性”。,slice-91
BIOLOGY,限制酶,ext-bio-5f510cdc4a-1859,限制酶,,KEEP,「识别DNA分子中不同核苷酸序列，但能切割产生相同黏性末端的限制酶」「同尾酶使构建载体时切割位点的选择范围扩大」——同尾酶概念与意义，现绑边界逐字含。,slice-91
BIOLOGY,限制酶,ext-bio-64a3002892-107,限制酶,,KEEP,「在两个引物的5'端分别引入不同限制酶的酶切位点，经双酶切后再连入质粒，通常能保证目的基因正确插入」——正合现绑边界“双酶切可提高连接的方向性”。,slice-91
BIOLOGY,限制酶,ext-bio-90a8e2b6e2-058,限制酶,,KEEP,「应使目的基因按照正确的转录方向插入载体的启动子与终止子之间」「如果使用两种不同的同尾酶……无法保证目的基因的定向插入」——插入方向原则与同尾酶慎用，属现绑『限制酶』。,slice-91
BIOLOGY,限制酶,ext-bio-9752acd916-156,限制酶,,KEEP,「要保证质粒和目的基因的黏性末端相同，才能使二者相互连接」「目的基因插入质粒时方向不能反」——酶切位点选择核心逻辑，属现绑『限制酶』选择面。,slice-91
BIOLOGY,限制酶,ext-bio-9869eb9e2d-001,限制酶,,KEEP,「来源：主要是原核生物。作用：识别并切割双链DNA分子的特定核苷酸序列」——三种基本工具综述（限制酶+连接酶+载体）；同型材料已在现绑节点，多工具无单一他节点承接，保守保留。,slice-91
BIOLOGY,限制酶,ext-bio-cfff2e6c9b-001f,限制酶,,KEEP,「限制性内切核酸酶可使DNA分子中的磷酸二酯键断裂」——限制酶作用部位（与氢键断裂对比），别名同名在册。,slice-91
BIOLOGY,限制酶,ext-bio-ebfeb853c3-014,限制酶,,KEEP,「同尾酶：来源不同，但能产生相同黏性末端的限制酶」「可用其同尾酶替换，以获得相同的黏性末端」——正合现绑边界同尾酶一句。,slice-91
BIOLOGY,限制酶,ext-bio-ece56c876e-001,限制酶,,KEEP,「限制性内切核酸酶（限制酶）：来源主要是原核生物；作用是识别并切割双链DNA分子的特定核苷酸序列」——三种基本工具综述（同型已在现绑节点），保守保留。,slice-91
BIOLOGY,限制酶,ext-bio-ece56c876e-026,限制酶,,KEEP,「当首选限制酶会破坏目的基因或载体关键元件（如标记基因）时，使用其同尾酶，既能获得相同的末端，又能保留关键元件」——同尾酶巧用与慎用，属现绑『限制酶』。,slice-91
BIOLOGY,隔离在物种形成中的作用,bio-kb-modern-evolution-theory-and-new-views,隔离在物种形成中的作用,,KEEP,「自然选择导致基因频率定向改变，通过隔离形成新物种」「观点二：物种形成不都是渐变的，而是长期稳定与迅速形成新种交替出现」——隔离成种与物种形成模式属现绑边界；理论综述多主题，保留（备选『自然选择』，见备注）。,slice-91
BIOLOGY,非特异性免疫,bio-fx-nested-pcr,非特异性免疫,pcr技术,REBIND,「第二轮：用位于第一轮产物内部的第二套引物（内引物）扩增」「非目的片段同时包含两套引物位点的可能性极小」——巢式PCR原理与引物设计，属『PCR技术』；现绑为免疫节点，与之无关。,slice-91
BIOLOGY,非特异性免疫,bio-fx-pcr-gene-detection,非特异性免疫,目的基因的检测与鉴定,REBIND,「用目的基因特异性引物对进行PCR扩增」「出现与目的基因长度一致的特异性条带说明导入成功，无条带则未导入」——分子水平鉴定目的基因是否导入，与靶节点『目的基因的检测与鉴定』边界『PCR扩增出目的片段只能证明基因已导入或已转录』同题；现绑讲第一、二道防线，与PCR无关。,slice-91
BIOLOGY,非特异性免疫,bio-fx-pcr-third-cycle-specific,非特异性免疫,pcr技术,REBIND,「第三轮：两端都由引物界定的目的片段首次出现，并随循环指数累积」——PCR逐轮产物分析，与靶节点『pcr技术』边界『每个扩增周期经历变性、复性和延伸三步，循环后目的片段指数增加』同题；现绑为免疫节点。,slice-91
BIOLOGY,非特异性免疫,bio-kb-sudan-iii-only-stains-fat,非特异性免疫,实验-检测生物组织中的糖类-脂肪和蛋白质,REBIND,「苏丹Ⅲ染液使脂肪呈橘黄色」「磷脂、固醇虽属脂质，但不能被苏丹Ⅲ染成橘黄色」——脂肪鉴定的试剂与显色，属『实验：检测生物组织中的糖类、脂肪和蛋白质』；现绑讲三道防线，与之无关。,slice-91
BIOLOGY,非特异性免疫,bio-kb2-28-three-defense-lines,非特异性免疫,,KEEP,「第一道防线：皮肤、黏膜，阻挡病原体入侵；第二道防线：体液中的杀菌物质（如血浆中的溶菌酶）和吞噬细胞」「前两道防线生来就有，属非特异性免疫」——现绑核心，保留。,slice-91
BIOLOGY,非特异性免疫,bio-mo-immunity-002,非特异性免疫,,KEEP,「皮肤、黏膜是保卫人体的第一道防线」「这两道防线属于非特异性免疫，特点是人人生来就有」——别名逐字同题，保留。,slice-91
BIOLOGY,非特异性免疫,bio-mo-immunity-007,非特异性免疫,,KEEP,「唾液、泪液、胃液具有一定的杀菌作用，但都不是体液，而属于黏膜的分泌物，是第一道防线」——第一与第二道防线的归属辨析，属现绑边界，保留。,slice-91
BIOLOGY,非特异性免疫,bio-mo-immunity-017,非特异性免疫,免疫系统的组成和功能,REBIND,「切除胸腺——辅助性T细胞、记忆T细胞和细胞毒性T细胞将不能产生，细胞免疫全部丧失」「骨髓遭到破坏，造血干细胞不能产生」——讲胸腺、骨髓与免疫细胞发生，正合靶节点边界『骨髓与胸腺分别是B细胞和T细胞发生、成熟的主要场所』；非第一、二道防线内容。,slice-91
BIOLOGY,非特异性免疫,ext-bio-07c46f02a2-015,非特异性免疫,,KEEP,「① 第一道防线：皮肤、黏膜；生来就有、遗传获得；作用对象为多种病原；属非特异性免疫」——三道防线与两类免疫的归属，属现绑边界，保留。,slice-91
BIOLOGY,非特异性免疫,ext-bio-1b1b991667-005,非特异性免疫,,KEEP,「第一道防线：皮肤、黏膜，不仅作为物理屏障阻挡病原体入侵，还可提供化学防御」「对多种病原体都有防御作用，发生在体外，先天获得、无特异性」——别名逐字同题，属现绑第一、二道防线，保留。,slice-91
BIOLOGY,非特异性免疫,ext-bio-281a882fd7-013,非特异性免疫,,KEEP,「体液中的溶菌酶则属于第二道防线」「但溶菌酶的杀菌作用一定属于非特异性免疫」——防线归属与免疫类型即现绑边界，保留。,slice-91
BIOLOGY,非特异性免疫,ext-bio-281a882fd7-014,非特异性免疫,,KEEP,「溶菌酶是一种能水解细菌细胞壁中肽聚糖的碱性酶；溶酶体酶是一系列酸性水解酶」——溶菌酶性质辨析（第二道防线杀菌物质的易错点）；库内无溶菌酶专节节点，保守保留（备选『溶酶体』，见备注）。,slice-91
BIOLOGY,非特异性免疫,ext-bio-94a83ecf21-001b,非特异性免疫,,KEEP,「体液中的杀菌物质（如溶菌酶）和吞噬细胞（如巨噬细胞、树突状细胞）」「发生在体内 但无淋巴细胞参与」——防线判断关键（发生部位与有无淋巴细胞），别名逐字同题，保留。,slice-91
BIOLOGY,食物链,ext-bio-5f510cdc4a-1616,食物链,,KEEP,「有害物质会沿着食物链积累，营养级越高的生物体内有害物质的浓度越大」——生物富集沿食物链浓缩，与现绑边界『有害物质可沿食物链逐级浓缩』同题。,slice-91
CHEMISTRY,0-1-mol-l-1的na2co3溶液中各粒子浓度的关系,chem-fx-shi-zai-f54x15,0-1-mol-l-1的na2co3溶液中各粒子浓度的关系,,NONE,「在1.00 L 0.03 mol·L-1 AgNO3溶液中加入0.50 L 0.06 mol·L-1的CaCl2溶液，能否生成AgCl沉淀？(已知：AgCl的Ksp=1.8×10-10 mol2·L-2)」——仅试题题干一句，无解析无结论，不含可归知识点的内容；现绑『溶液中粒子浓度的大小关系』无涉。,slice-91
CHEMISTRY,0-1-mol-l-1的na2co3溶液中各粒子浓度的关系,chem-fx-zai-f44x13,0-1-mol-l-1的na2co3溶液中各粒子浓度的关系,,NONE,「将TiO2、C、Cl2以物质的量比1:2.2:2进行反应。体系中气体平衡组成比例(物质的量分数)随温度变化的理论计算结果如图所示。」——仅试题题干片段且依赖未收录的图，无独立知识结论（同批前判例）。,slice-91
CHEMISTRY,0-1-mol-l-1的na2co3溶液中各粒子浓度的关系,chem-hj-ji-zhong-shui-suhua-duizhao,0-1-mol-l-1的na2co3溶液中各粒子浓度的关系,物质的分类,REBIND,「水银：汞单质（液态金属）；重水：D2O」「王水：浓硝酸与浓盐酸按体积比 1:3 组成的混合物」——常见俗名的名称与组成对应，靶『物质的分类』边界即『物质类别的划分与常见俗名的对应』；现绑『溶液中粒子浓度的大小关系』为Na2CO3溶液的粒子排序。,slice-91
CHEMISTRY,cl2的实验室制法,ext-che-5c62da9e03-337,cl2的实验室制法,,KEEP,「净化：先用饱和食盐水除去 HCl，再用浓硫酸除去水蒸气」「收集：向上排空气法或排饱和食盐水法；尾气用强碱溶液…吸收」「验满：湿润的淀粉-KI 试纸变蓝」——现绑别名逐字含此标题。,slice-91
CHEMISTRY,cl2的实验室制法,ext-che-9da7ad2f4a-022,cl2的实验室制法,,KEEP,「不能用Ca(OH)2吸收尾气，因Ca(OH)2溶解度小、溶液浓度低、吸收不完全」「验满：湿润淀粉KI试纸变蓝、湿润蓝色石蕊试纸先变红后褪色」——现绑别名逐字含此标题。,slice-91
CHEMISTRY,cl2的实验室制法,ext-che-a77a9af99b-001,cl2的实验室制法,,KEEP,「实验室制取氯气的反应原理是用强氧化剂氧化浓盐酸」（列 MnO2/Ca(ClO)2/KClO3/KMnO4 四种）「用排饱和食盐水法收集氯气…同时还能除去…HCl气体」「尾气处理：用NaOH溶液吸收」——现绑别名逐字含此标题。,slice-91
CHEMISTRY,fe-oh-2的制备,chem-fx-huan-yuan-xing-qi-ti-bao-hu-fa-f15x06,fe-oh-2的制备,,KEEP,「先在装置Ⅰ中生成FeSO4溶液，并利用生成的H2将装置内的 排尽后，再把 溶液压入装置Ⅱ中与 混合，这样可长时间观察到白色沉淀」——即Fe(OH)2制备的防氧化法，现绑边界即制备原理与常用方法。,slice-91
CHEMISTRY,n2o-no和no2等氮氧化物是空气污染物-含有氮氧化物的尾气需处理后才能排放,chem-fx-po-huai-chou-yang-ceng-f25x02,n2o-no和no2等氮氧化物是空气污染物-含有氮氧化物的尾气需处理后才能排放,,KEEP,「③破坏臭氧层：NO2可使平流层中的臭氧减少，导致地面紫外线辐射量增加」「常见的NOx尾气处理方法」——氮氧化物的污染与尾气处理，属现绑『氮氧化物的污染与尾气处理』。,slice-91
CHEMISTRY,na2co3-nahco3的应用,chem-fx-chan-wu-de-chu-li-f08x14,na2co3-nahco3的应用,书写离子方程式应注意的问题,REBIND,引文订正：「①不加热或稀溶液中，写成NH3·H2O」…「②加热或浓溶液中，写成NH3和H2O」——靶边界(3)『氨水…作为生成物，若有加热条件或浓度很大时，写成NH3↑＋H2O』；现绑Na2CO3应用无涉。,slice-91
CHEMISTRY,na2co3-nahco3的应用,chem-fx-zhu-yao-yong-tu-f13x04,na2co3-nahco3的应用,,KEEP,「主要用途：用于制玻璃、制肥皂、合成洗涤剂、造纸、纺织、石油、冶金等工业中；灭火器、治疗胃酸过多、发酵粉的主要成分之一」——现绑边界限于应用列举。,slice-91
CHEMISTRY,na2co3-nahco3的应用,ext-che-5c62da9e03-2025,na2co3-nahco3的应用,,KEEP,「碳酸氢钠可与过多的胃酸（主要成分是盐酸）反应，用于治疗胃酸过多；碳酸钠碱性较强，不适合治疗胃酸过多」——现绑别名逐字含该题名，边界含中和胃酸。,slice-91
CHEMISTRY,na2co3-nahco3的应用,ext-che-68ecf40e02-012b,na2co3-nahco3的应用,,KEEP,「碳酸钠：用于造纸、制造玻璃、制皂、洗涤等」「碳酸氢钠：用于制发酵粉…用于医药，可治疗胃酸过多；也用作灭火剂」——用途列举；别名含『碳酸钠与碳酸氢钠的用途』。,slice-91
CHEMISTRY,nh3是中学化学中唯一的碱性气体-能使湿润的-色石蕊试纸变,chem-fx-yan-man-jiang-shi-run-de-hong-se-shi-r-f26x08,nh3是中学化学中唯一的碱性气体-能使湿润的-色石蕊试纸变,,KEEP,「①将湿润的红色石蕊试纸置于试管口，试纸变；②将蘸有浓盐酸的玻璃棒置于试管口，有白烟产生」——氨气的验满与检验，现绑别名逐字含本条标题。,slice-91
CHEMISTRY,o2作为原电池的正极反应物时-其电极反应在不同的介质中有不同的写法,chem-hj-xijin-xiyang-fushi,o2作为原电池的正极反应物时-其电极反应在不同的介质中有不同的写法,金属的腐蚀,REBIND,「析氢腐蚀（水膜酸性较强）…正极 2H++2e-=H2↑」「吸氧腐蚀…正极 2H2O+O2+4e-=4OH-」「生成 Fe2O3·xH2O（铁锈主要成分）」——钢铁的电化学腐蚀与铁锈生成；靶节点已收同名材料『钢铁的析氢腐蚀与吸氧腐蚀』，现绑『氧气的电极反应式书写』只讲 O2 的电极反应写法。,slice-91
CHEMISTRY,ph试纸的规范使用,ext-che-c3ab790e04-010c,ph试纸的规范使用,,KEEP,「取一小块 pH 试纸放在干燥洁净的玻璃片或表面皿上，用干燥洁净的玻璃棒蘸取待测液点在试纸中部」「用 pH 试纸测溶液 pH 时不能先用蒸馏水润湿」——pH试纸操作与注意事项，与现绑『ph试纸的规范使用』边界逐条对应。,slice-91
CHEMISTRY,v-t图像分析改变条件对化学平衡的影响,chem-fx-guo-zai-shi-ke-f47x04,v-t图像分析改变条件对化学平衡的影响,,KEEP,独立复核订正：维持现挂节点（KEEP）、清空 suggested——材料正文「(4)如果在t6时刻，从反应体系中分离出部分氨，t7时刻反应达到平衡状态，请在图中画出反应速率的变化曲线」即分离出部分氨（生成物浓度减小）后速率—时间图像的作图任务，正落在现挂节点『v-t图像分析改变条件对化学平衡的影响』收的范围内；原判 NONE（两个都不合适）不成立。材料为设问碎片，收口（删条/并条）另行处理。,slice-91
CHEMISTRY,v-t图像分析改变条件对化学平衡的影响,chem-fx-shi-zheng-tu-ran-jian-xiao-f47x03,v-t图像分析改变条件对化学平衡的影响,,KEEP,「t1时v′正突然减小，v′逆逐渐减小；v′逆>v′正，平衡向逆反应方向移动」「减小反应物的浓度」——由速率-时间图像判读改变的条件，正合现绑边界。,slice-91
CHEMISTRY,v-t图像分析改变条件对化学平衡的影响,chem-fx-shi-zheng-tu-ran-zeng-da-f47x02,v-t图像分析改变条件对化学平衡的影响,,KEEP,「t1时v′正突然增大，v′逆逐渐增大；v′正>v′逆，平衡向正反应方向移动」「增大反应物的浓度」——v-t图像判读改变的条件，正合现绑边界（区分浓度、压强、温度变化）。,slice-91
CHEMISTRY,vsepr模型,ext-che-3713da16bf-031,vsepr模型,,KEEP,「对于中性分子：a=中心原子价电子数；对于阳离子：a=中心原子价电子数−离子电荷数」——a 值取值属价层电子对数计算，保留。,slice-91
CHEMISTRY,vsepr模型,ext-che-5c62da9e03-1023,vsepr模型,,KEEP,「VSEPR模型是价层电子对的空间结构，而分子的空间结构是略去…中心原子上的孤电子对得到的」——与现绑边界『区分VSEPR电子对几何与分子实际空间结构』逐字对应。,slice-91
CHEMISTRY,vsepr模型,ext-che-93a78062b4-071,vsepr模型,,KEEP,「价层电子对数=σ键电子对数＋中心原子上的孤电子对数，孤电子对数=1/2(a−xb)」——中心原子价层电子对数的计算，现绑别名逐字。,slice-91
CHEMISTRY,vsepr模型,ext-che-debd9107b2-020,vsepr模型,,KEEP,「孤电子对与成键电子对的排斥力较大，孤电子对越多排斥力越强、键角越小」——价层电子对互斥理论要点，属现绑『VSEPR模型』。,slice-91
CHEMISTRY,一些有机物的命名,ext-che-5c62da9e03-2746,一些有机物的命名,氨基酸的结构与性质,REBIND,「甘氨酸（氨基乙酸）：结构简式为H2N—CH2—COOH，氨基连在与羧基相邻的碳原子上」「甘氨酸是最简单的α-氨基酸，分子中没有侧链」——氨基酸的组成与结构（俗名/学名与α-氨基酸），正合靶节点『氨基酸的结构与性质』边界；现绑『一些有机物的命名』为烃衍生物系统命名。,slice-91
CHEMISTRY,一些有机物的命名,ext-che-5c62da9e03-2748,一些有机物的命名,氨基酸的结构与性质,REBIND,「谷氨酸（2-氨基戊二酸）：结构简式为HOOCCH2CH2CH(NH2)COOH」「分子中含有两个羧基和一个氨基，属于酸性氨基酸」——氨基酸组成与结构；同源第153页材料已归此点；现绑『一些有机物的命名』边界为烃衍生物系统命名。,slice-91
CHEMISTRY,一器多用与多器一用,ext-che-2c177d17ea-010,一器多用与多器一用,,KEEP,「广口瓶可用于监控气体流速：瓶中盛有液体，从a端通入气体，根据液体中产生气泡的速率来监控通入气体的速率」——广口瓶一器多用之一；别名逐字含本条标题。,slice-91
CHEMISTRY,一器多用与多器一用,ext-che-31d241a8d1-004,一器多用与多器一用,,KEEP,「漏斗的多种用途：组成过滤器进行过滤，向酒精灯中添加酒精，倒置使用防止倒吸」「广口瓶还可用于测量气体体积、作安全瓶、控制气流平稳」——一器多用；别名含『广口瓶的一器多用』。,slice-91
CHEMISTRY,一器多用与多器一用,ext-che-5c62da9e03-1702,一器多用与多器一用,,KEEP,「球形干燥管可作尾气吸收装置、气体检验装置、辅助测定装置、简易发生装置、过滤装置与微型反应器」——一器多用；别名含『广口瓶与球形干燥管的一器多用』。,slice-91
CHEMISTRY,一器多用与多器一用,ext-che-e3011ab848-071,一器多用与多器一用,,KEEP,「被收集气体密度大于空气时，气体由长导管进入、空气由短导管排出，即长进短出」「同一装置改作洗气瓶时方向相反…一律长进短出」——现绑边界即进出气口方向原则。,slice-91
CHEMISTRY,丁达尔效应,chem-hj-jiaoti-xingzhi-juchen,丁达尔效应,胶体,REBIND,「胶体分类：气溶胶、液溶胶、固溶胶」「聚沉方法：加入电解质溶液、加入与胶粒带相反电荷的胶体、加热或搅拌」——通篇胶体分类与聚沉，仅末句涉丁达尔鉴别；靶『胶体』范围即丁达尔、电泳、聚沉与渗析。,slice-91
CHEMISTRY,三类漂白剂的区别,chem-fx-jia-he-xing-f22x07,三类漂白剂的区别,,KEEP,「加合型：与有机色质内部“生色团”“化合”成无色物质；SO2；可逆、不持久；有选择性」——SO2的加合型漂白，正合现绑『三类漂白剂的区别』（别名逐字含加合型）。,slice-91
CHEMISTRY,三类漂白剂的区别,chem-fx-yang-hua-xing-f22x06,三类漂白剂的区别,,KEEP,「氧化型：将有机色质内部“生色团”破坏掉；HClO、NaClO、Ca(ClO)2、Na2O2、H2O2、O3等；不可逆、持久；无选择性」——氧化型漂白，正合现绑『三类漂白剂的区别』（别名逐字含氧化型）。,slice-91
CHEMISTRY,下列有关物质的组成与分类的叙述正确的有________-填序号,ext-che-81d97b1c5e-003b,下列有关物质的组成与分类的叙述正确的有________-填序号,,KEEP,「酸是电离时生成的阳离子全部是氢离子的化合物」「盐…细分为四类：正盐…酸式盐…碱式盐…复盐」——酸碱盐判别与盐的分类，属现绑『物质的组成与分类判断』；同族明矾组成材料亦在现绑。,slice-91
CHEMISTRY,下列溶液中-离子一定能大量共存的有____________,chem-fx-zhua-zhu-guan-jian-ci-yu-f76x17,下列溶液中-离子一定能大量共存的有____________,离子共存问题解题要点,REBIND,「解答离子共存类试题要审清题目要求的关键词语」「“一定大量共存”的含义是两种条件下离子均能大量共存才符合题目要求」——审题要点（关键词语与两大条件的解读）；靶『离子共存问题解题要点』别名含『离子大量共存的审题思路与关键条件』；现绑『离子不能大量共存的常见类型』只列溶液条件与离子组合，无涉。,slice-91
CHEMISTRY,与量有关的离子方程式书写技巧,chem-fx-entry-f08x27,与量有关的离子方程式书写技巧,,KEEP,「Ba2++2OH-+2H++SO=BaSO4↓+2H2O，此时溶液呈中性，若向该溶液中再加入Ba(OH)2溶液，反应为SO+Ba2+=BaSO4↓」——NaHSO4与Ba(OH)2的量比书写（round2 已裁定改绑至本节点）。,slice-91
CHEMISTRY,与量有关的离子方程式书写技巧,chem-fx-yang-hua-mei-rong-yu-xi-liu-suan-f08x16,与量有关的离子方程式书写技巧,,KEEP,「②向AlCl3溶液中滴加过量的氨水」「③向NaHSO3溶液中加入过量NaHSO4溶液」——以过量试剂控制产物的离子方程式书写（代理判定·题干壳归位已改绑至本节点）。,slice-91
CHEMISTRY,与量有关的离子方程式书写技巧,ext-che-35b51c1445-018,与量有关的离子方程式书写技巧,,KEEP,「配比型反应：一种反应物中有两种或两种以上组成离子参与反应时…书写方法为『少定多变』法」「例如少量NaHCO3与足量Ca(OH)2溶液反应」——正合现绑边界(3)『少定多变』法。,slice-91
CHEMISTRY,与量有关的离子方程式书写技巧,ext-che-4dd2e79693-012b,与量有关的离子方程式书写技巧,,KEEP,「将酸按酸性由强到弱的顺序排列」「H2A 过量：多余的 H2A 会继续与 A2- 反应生成 HA-」——少量与过量两种情况的书写技法，现绑别名逐字含本条标题。,slice-91
CHEMISTRY,与量有关的离子方程式书写技巧,ext-che-4dd2e79693-014,与量有关的离子方程式书写技巧,,KEEP,「若反应物是酸性氧化物，要先把它与水结合成对应的酸，再按酸性强弱排序」「SO2 少量…SO2 过量…」——与量书写技法的预处理，现绑别名逐字含本条标题。,slice-91
CHEMISTRY,与量有关的离子方程式书写技巧,ext-che-a3585e40e3-004,与量有关的离子方程式书写技巧,,KEEP,「将少量物质定为 1 mol，确定所需『过量物质』的离子数目」「向 Ca(HCO3)2 溶液中加入过量 NaOH 溶液」——即现绑边界(3)『少定多变』法的整套示例写法。,slice-91
CHEMISTRY,中和滴定,ext-che-1422ee20c2-011,中和滴定,气体体积的测定方法,REBIND,「读数时要特别注意消除“压强差”，保持液面相平」「压强大则气体被压缩、读数偏小」——目标边界即『两端液面相平，否则压强差会使读数不准』；现绑中和滴定不涉气体量取。,slice-91
CHEMISTRY,中和热测定注意事项,ext-che-9fb72b1c9b-019,中和热测定注意事项,,KEEP,「内筒和外壳之间需要有隔热层，目的是防止热量散失」「要用玻璃搅拌器，不用铜质搅拌器，因为铜的导热性好，容易造成热量散失」——正对现绑边界(1)(3)保温隔热与搅拌棒选材，保留。,slice-91
CHEMISTRY,中学化学中常见的既能与盐酸反应-又能与naoh溶液反应的物质,ext-che-97a64ae5f0-007,中学化学中常见的既能与盐酸反应-又能与naoh溶液反应的物质,,KEEP,「既能与盐酸又能与NaOH反应的物质：Al、Al2O3、Al(OH)3、多元弱酸的酸式盐、弱酸的铵盐、氨基酸和蛋白质」——正对现绑边界①②③④⑤⑥。,slice-91
CHEMISTRY,中心原子杂化类型的判断,chem-kb-same-config-ion-position,中心原子杂化类型的判断,元素周期表与原子结构的规律,REBIND,「电子层结构相同的离子：若电性相同，则位于同周期；若电性不同，则阳离子位于阴离子的下一周期」——目标『元素周期表与原子结构的规律』边界第⑤条即此句原文；现绑『中心原子杂化类型的判断』通篇为价层电子对数与σ键数判杂化，不含此内容,slice-91
CHEMISTRY,为了检验淀粉水解产物-某学生设计了如下实验方案,chem-hj-ertang-zhe-tang-duibi,为了检验淀粉水解产物-某学生设计了如下实验方案,糖类的结构和性质,REBIND,「蔗糖分子中无醛基，不能发生银镜反应，是非还原性糖；麦芽糖含醛基，能发生银镜反应，是还原性糖」「鉴别：分别加入银氨溶液水浴加热」——二糖的组成、还原性与检验；现绑是淀粉水解实验方案设计，与正文无涉；靶节点已收『蔗糖与麦芽糖的结构与性质比较』『二糖的水解与还原性』。,slice-91
CHEMISTRY,为了测定某卤代烃分子中所含有的卤素原子种类-可按下列步骤进行实验,chem-parallel-measurement-average,为了测定某卤代烃分子中所含有的卤素原子种类-可按下列步骤进行实验,,KEEP,「定量实验中需平行测定2~3次（滴定体积相差不超过规定范围），取平均值作为结果，以减小偶然误差」——现绑边界明列“减小误差，如平行测定多次取平均值”。,slice-91
CHEMISTRY,为化学作出贡献的科学家与重大成就,ext-che-5c62da9e03-2044,为化学作出贡献的科学家与重大成就,,KEEP,「1791 年法国医生路布兰首先取得专利，以食盐、焦炭、硫酸、石灰石等为原料制得了纯碱，称为路布兰制碱法」——化学史重大成就，别名原题在现绑。,slice-91
CHEMISTRY,为化学作出贡献的科学家与重大成就,ext-che-5c62da9e03-2049,为化学作出贡献的科学家与重大成就,,KEEP,「瑞典化学家舍勒将软锰矿（主要成分是 MnO2）与浓盐酸混合加热，产生一种黄绿色、有刺激性气味的气体」「确认这种气体是由一种新元素组成的单质，即氯气」——化学家的重大成就，别名原题在现绑。,slice-91
CHEMISTRY,乙烯,ext-che-024618b63e-005,乙烯,,KEEP,「烯烃是含有碳碳双键的烃类化合物，官能团名称为碳碳双键」「乙烯是最简单的烯烃，能使溴水因加成而褪色」——烯烃通性与乙烯，现绑边界明载“本节涵盖烯烃的结构与性质”；替代候选『烯烃』见 notes。,slice-91
CHEMISTRY,乙醇,ext-che-4ddeefaa27-005,乙醇,,KEEP,「与HBr反应属于取代反应」「醇分子内脱水生成烯烃属于消去反应，需浓硫酸并加热」——乙醇的化学性质与断键；现绑别名逐字含本题名。,slice-91
CHEMISTRY,书写fe-oh-3胶体制备的化学方程式的五个易错点,chem-carbonate-precipitant-equation-steps,书写fe-oh-3胶体制备的化学方程式的五个易错点,陌生情景下化学方程式书写技巧,REBIND,「HCO3-电离出的CO32-沉淀金属阳离子，电离出的H+与碱性微粒（如NH3·H2O）结合成NH4+，据此确定剩余产物」「配平：依据质量守恒、电荷守恒完成配平」——金属离子＋碳酸氢根的陌生方程式书写模型，属『陌生情景下化学方程式书写技巧』；现绑Fe(OH)3胶体制备，无涉。,slice-91
CHEMISTRY,书写fe-oh-3胶体制备的化学方程式的五个易错点,chem-hj2-guannengtuan-shuxie-guifan,书写fe-oh-3胶体制备的化学方程式的五个易错点,有机物分类易混易错点,REBIND,「官能团书写必须规范：碳碳双键不能错写为C=C」「苯环不属于官能团」「官能团相同不一定同类：醇和酚的官能团都是-OH」「含醛基的不一定属于醛类」——与『有机物分类易混易错点』边界(1)(2)(3)(8)逐条对应；现绑Fe(OH)3胶体，无涉。,slice-91
CHEMISTRY,书写fe-oh-3胶体制备的化学方程式的五个易错点,chem-hj2-kc-zhengni-guanxi-bianhuan,书写fe-oh-3胶体制备的化学方程式的五个易错点,在一定温度下-已知以下三个反应的平衡常数,REBIND,「正逆反应平衡常数关系：Kc正·Kc逆=1」「化学计量数变为n倍，平衡常数变为原来的n次方倍」「反应相加减：若反应③=反应①+反应②，则ΔH3=ΔH1+ΔH2，K3=K1·K2」——即『平衡常数之间的关系』；末句K=k正/k逆属速率常数族，但正文主体是K与方程式形式的关系。,slice-91
CHEMISTRY,书写fe-oh-3胶体制备的化学方程式的五个易错点,chem-hj2-ruo-dianjiezhi-dianli-fangchengshi,书写fe-oh-3胶体制备的化学方程式的五个易错点,电解质的电离,REBIND,「弱电解质电离方程式用⇌：NH3·H2O⇌NH4++OH-」「多元弱酸分步电离，电离程度逐步减弱」「多元弱碱一般按一步电离形式书写」——电离方程式的书写规则，属『电解质的电离』（边界：范围是电离的条件与电离方程式的书写）；现绑Fe(OH)3胶体，无涉。,slice-91
CHEMISTRY,书写fe-oh-3胶体制备的化学方程式的五个易错点,chem-kb-k-expression-transformation-rules,书写fe-oh-3胶体制备的化学方程式的五个易错点,在一定温度下-已知以下三个反应的平衡常数,REBIND,「正、逆反应的平衡常数互为倒数」「方程式各物质计量数变为n倍或1/n倍时，K变为原来的n次幂或1/n次幂」「两方程式相加得到新方程式时，新平衡常数等于两反应平衡常数的乘积」——即『平衡常数之间的关系』；现绑讲Fe(OH)3胶体，无涉。,slice-91
CHEMISTRY,二次电池,chem-fx-chong-dian-shi-f39x05,二次电池,,KEEP,「阴极：PbSO4+2e-=Pb+SO」「提醒　充电时电极的连接，负接负作阴极，正接正作阳极」——即现绑边界『充电时阴、阳极反应的书写』与『充电时电极与外电源的连接对应关系』，保留。,slice-91
CHEMISTRY,二氧化硅,chem-hj2-tangou-tie-tangou-yuanyin,二氧化硅,,KEEP,「瓷坩埚含SiO2，高温下SiO2+2NaOH=Na2SiO3+H2O，坩埚被腐蚀，所以熔融NaOH用铁坩埚」——SiO2 与碱反应的性质；现绑边界含“化学性质”，别名逐字含此标题。,slice-91
CHEMISTRY,二氧化硫,chem-fx-se-qi-wei-f22x03,二氧化硫,,KEEP,「色、 气味的：比空气的；溶于水，通常状况下，1体积的水溶解约 体积的SO2」——SO₂色气味、密度与溶解性的知识片段（学生版填空有脱字），别名逐字含本题名，归现绑物理性质。,slice-91
CHEMISTRY,二氧化硫,chem-hj-f116-so2-yutieyan-yutongyan,二氧化硫,,KEEP,「与铁盐：2Fe3++SO2+2H2O=2Fe2++SO42-+4H+，溶液棕黄色变浅」「SO2 使品红褪色是化合漂白，加热可复原」——SO2与铁盐、铜盐溶液反应及其漂白；前轮同条改指『二氧化硫』，保留。,slice-91
CHEMISTRY,二氧化硫,chem-hj-so2-yubacl2-chenqu,二氧化硫,,KEEP,「SO2 通入 BaCl2 溶液：不反应，无沉淀（弱酸不能制强酸）」「把 BaCl2 换成 Ba(NO3)2：酸性条件下 NO3- 氧化 SO2，生成 BaSO4 白色沉淀」——SO2通入钡盐溶液的沉淀判断；现绑边界明含“沉淀生成的判断”，保留。,slice-91
CHEMISTRY,二氧化硫,ext-che-5c62da9e03-110b,二氧化硫,,KEEP,「都是无色气体、都是酸性氧化物」「SO₂中硫为＋4价…既有氧化性…又有还原性…且有漂白性；CO₂中碳为＋4价…只有氧化性，无漂白性」——SO₂与CO₂性质比较，现绑别名逐字含本条标题。,slice-91
CHEMISTRY,二氧化硫,ext-che-5c62da9e03-111,二氧化硫,,KEEP,「SO₂中S为＋4价、处于中间价态，既有氧化性又有还原性」「用饱和NaHCO₃溶液洗气」——SO₂类别与价态及除杂、尾气；属现绑『二氧化硫』性质面，保留。,slice-91
CHEMISTRY,二氧化硫,ext-che-5c62da9e03-291,二氧化硫,,KEEP,「SO₂的检验：①通入品红溶液，品红溶液褪色、加热恢复红色」「Cl₂、O₃也能使品红溶液褪色，但加热后颜色不能恢复」——检验与漂白区别，现绑别名逐字含本条标题。,slice-91
CHEMISTRY,二氧化硫,ext-che-cb0f101582-003,二氧化硫,,KEEP,「$SO_2$ 是无色、有刺激性气味的有毒气体，密度比空气大…室温下 1 体积水约溶解 40 体积 $SO_2$」「实验室制法：$Na_2SO_3+H_2SO_4=Na_2SO_4+SO_2$」「使品红溶液褪色、加热又恢复红色即可确证」——SO₂性质、制取与检验，正落现绑。,slice-91
CHEMISTRY,二氧化硫,ext-che-d62612a9e4-005,二氧化硫,,KEEP,「反应原理：Na2SO3＋H2SO4(浓)＝Na2SO4＋SO2↑＋H2O」「检验方法：先通入品红试液，溶液褪色，加热后又恢复原来的红色」——SO2制取与检验；现绑『二氧化硫』边界明含“实验室制备与检验”，保留。,slice-91
CHEMISTRY,二氧化硫,ext-che-dd6d915218-004,二氧化硫,,KEEP,「SO2 的漂白不是氧化还原过程，而是与某些有色物质结合生成不稳定的无色物质」「因此 SO2 的漂白具有可逆性（加热可复原）」——SO2漂白的不稳定性与可逆性；属现绑『二氧化硫』，保留。,slice-91
CHEMISTRY,二氧化硫的尾气处理,chem-fx-an-shui-tuo-liu-fa-f23x07,二氧化硫的尾气处理,,KEEP,「该脱硫法采用喷雾吸收法，雾化的氨水与烟气中的SO2直接接触吸收SO2」「2NH3+SO2+H2O=(NH4)2SO3」——氨水脱硫法原理，现绑别名逐字收录。,slice-91
CHEMISTRY,二氧化硫的尾气处理,chem-fx-na-jian-tuo-liu-fa-f23x08,二氧化硫的尾气处理,,KEEP,「钠碱脱硫法是用NaOH/Na2CO3吸收烟气中的SO2，得到Na2SO3和NaHSO3」「2NaOH+SO2=Na2SO3+H2O」——钠碱脱硫法原理，现绑别名逐字收录。,slice-91
CHEMISTRY,二氧化硫的尾气处理,ext-che-d5446e6215-047,二氧化硫的尾气处理,,KEEP,「氨脱硫法是一个酸碱中和反应和氧化还原反应相结合的过程」「2NH3+H2O+SO2=(NH4)2SO3、2(NH4)2SO3+O2=2(NH4)2SO4」——氨脱硫法反应原理，现绑别名逐字收录。,slice-91
CHEMISTRY,亚硫酸及亚硫酸盐的性质,ext-che-5c62da9e03-2285,亚硫酸及亚硫酸盐的性质,,KEEP,「CO₂、SO₂、H₂S 与碱溶液反应时，气体少量时生成正盐的酸根离子 CO₃²⁻、SO₃²⁻、S²⁻」「气体过量时生成酸式酸根离子 HCO₃⁻、HSO₃⁻、HS⁻」——SO₃²⁻/HSO₃⁻的生成属现绑『亚硫酸及亚硫酸盐的性质』所辖；『NaHCO3与碱反应的应用』『二氧化碳与碱反应的产物判断』并列不确，保守保留。,slice-91
CHEMISTRY,亚硫酸及亚硫酸盐的性质,ext-che-5c62da9e03-2340,亚硫酸及亚硫酸盐的性质,硫及其化合物之间的转化规律,REBIND,「相同价态的转化可通过与水、酸、碱的反应实现」「SO₂ 与水生成 H₂SO₃，H₂SO₃ 与 NaOH 生成 Na₂SO₃」——同价态含硫物质按物质类别的转化，正合靶节点边界「同价态之间互变…是酸性氧化物、正盐、酸式盐等类别的转化」；现绑讲亚硫酸盐性质。,slice-91
CHEMISTRY,亚铁盐,ext-che-5c62da9e03-2084,亚铁盐,,KEEP,「补铁剂中铁元素的化合价是+2价，具有还原性；维生素C的还原性比Fe2+强…可以防止补铁剂中的Fe2+被氧化」——Fe2+的还原性与检验，正落亚铁盐。,slice-91
CHEMISTRY,亚铁盐,ext-che-5c62da9e03-2085,亚铁盐,,KEEP,「①补铁剂的有效成分是亚铁盐（如FeSO4），Fe2+易被氧化为Fe3+，因此需密封、隔绝O2存放」——亚铁盐的性质与保存；别名『补铁剂存放及使用的注意事项』在现绑。,slice-91
CHEMISTRY,仪器的洗涤与洗净标准,chem-fx-rong-qi-bi-shang-fu-zhuo-de-liu-f74x06,仪器的洗涤与洗净标准,,KEEP,「容器壁上附着的硫：CS2或热的NaOH溶液」——仪器洗涤剂的选择（硫用CS2或热NaOH洗），属现绑『仪器的洗涤与洗净标准』（别名逐字含本标题）。,slice-91
CHEMISTRY,价层电子对互斥模型,ext-che-93a78062b4-086,价层电子对互斥模型,,KEEP,「轨道构型（VSEPR模型）为理想化模型…轨道夹角分别为180°、120°、109°28′」「微粒构型为实际构型…微粒构型为三角锥形」——VSEPR 模型与实际构型的区分，现绑边界末句同点，保留（近邻『VSEPR模型』，见备注）。,slice-91
CHEMISTRY,价态规律及其应用,ext-che-161dacb6f6-101,价态规律及其应用,,KEEP,「元素处于最高价态只有氧化性」「根据化合价只能判断物质氧化性、还原性的有无，不能判断其强弱」——价态高低规律，别名逐字同题，保留。,slice-91
CHEMISTRY,价态规律及其应用,ext-che-2c017ad5a8-025,价态规律及其应用,,KEEP,「氧化剂为NaClO3（氯由＋5价降为0价和－1价），还原剂为HCl（氯由－1价升为0价）」——由化合价判断氧化剂与还原剂，别名逐字同题，保留。,slice-91
CHEMISTRY,价态规律及其应用,ext-che-5c62da9e03-1958,价态规律及其应用,,KEEP,「应用二：根据化合价判断反应体系中的氧化剂、还原剂及氧化产物、还原产物」——价态规律的应用，别名逐字同题，保留。,slice-91
CHEMISTRY,位-构-性-关系的应用,ext-che-6102bf2210-068,位-构-性-关系的应用,,KEEP,「熟悉同周期、同主族性质的递变规律，可由元素性质推知位置，也可由位置推知性质」——性质与位置的互推，现绑别名同名。,slice-91
CHEMISTRY,位-构-性-关系的应用,ext-che-6102bf2210-069,位-构-性-关系的应用,,KEEP,「最外层电子数是决定元素原子氧化性和还原性的主要因素；原子半径决定元素单质的性质」——结构与性质的互推，现绑别名同名。,slice-91
CHEMISTRY,位-构-性-关系的应用,ext-che-6102bf2210-070,位-构-性-关系的应用,,KEEP,「综合原子结构特征、含量及其它特征、物理和化学特征、元素的性质、原子或离子结构、若干原子序数间关系等信息，通过化学式或化学方程式计算」——元素推断的一般思路，现绑别名同名。,slice-91
CHEMISTRY,位-构-性-关系的应用,ext-che-73c6f4a552-038,位-构-性-关系的应用,,KEEP,「短周期中主族序数等于周期数的有H、Be、Al」「周期数是主族序数的3倍的有Na」——由元素在周期表中的特殊位置推断元素，现绑别名同名。,slice-91
CHEMISTRY,位-构-性-关系的应用,ext-che-73c6f4a552-039,位-构-性-关系的应用,,KEEP,「原子半径最小的元素是H；最外层电子数是次外层的2倍的是C」「非金属性最强的是F；金属性最强、主族元素中原子半径最大的是Na」——由结构与性质特征推断元素，现绑别名同名。,slice-91
CHEMISTRY,位-构-性-关系的应用,ext-che-73c6f4a552-040,位-构-性-关系的应用,,KEEP,「第四周期：最外层电子数为1的元素有K、Cr、Cu」「有4个未成对电子的元素是Fe；有6个未成对电子的元素是Cr」——第四周期元素的结构特征推断，现绑别名同名。,slice-91
CHEMISTRY,位-构-性-关系的应用,ext-che-da2d86034b-075,位-构-性-关系的应用,,KEEP,「元素位—构—性关系的综合应用（三步法）」「找题干中能直接确定某一元素的特征信息作为突破口」「把推出的全部元素代回题目」——由位构性关系推断元素，属现绑『位－构－性』关系的应用。,slice-91
CHEMISTRY,依据官能团分类,chem-fx-li-yong-hua-xue-yuan-li-ke-yi-dui-gong-f76x34,依据官能团分类,,NONE,「98．利用化学原理可以对工厂排放的废水、废渣等进行有效检测与合理处理。某工厂对制革工业污泥中Cr(Ⅲ)的处理工艺如下」——仅工艺流程题题干片段（工艺流程图未随文收录），无独立知识结论；现绑『依据官能团分类』为有机物分类，本内容无可归知识点。,slice-91
CHEMISTRY,依据题目提供的新信息进行推断未知有机物的结构,chem-fx-di-er-lei-f71x09,依据题目提供的新信息进行推断未知有机物的结构,,KEEP,「能类比迁移的陌生物质……可以考虑与其结构相似的物质的性质，进而推断其具体组成」——按已学组成/结构成分（离子、原子团、官能团）类比推断陌生物质的组成，现绑别名逐字含『第二类』。,slice-91
CHEMISTRY,催化剂与反应历程,ext-che-1174d75281-009,催化剂与反应历程,,KEEP,「速率更快（即活化能更小）的反应生成的产物是动力学产物；产物中更稳定（即能量更低）的为热力学产物」「升温有利于生成活化能更大（通常也是热力学）的产物」——别名逐字，属现绑『催化剂与反应历程』。,slice-91
CHEMISTRY,元素-核素-同位素,ext-che-309fd84b7e-003b,元素-核素-同位素,相对原子质量,REBIND,引文订正：「一种元素有几种同位素，就有几种不同核素的相对原子质量」…「元素的相对原子质量需按同位素丰度加权平均」——与目标节点在册同源材料『原子的相对原子质量与元素的相对原子质量』逐条同文。,slice-91
CHEMISTRY,元素周期律的内容及实质,ext-che-5c62da9e03-2226,元素周期律的内容及实质,,KEEP,「原子结构的相似性决定性质的相似性：卤素原子最外层都有 7 个电子」「从 F 到 I…元素原子得电子能力逐渐减弱，非金属性逐渐减弱」——结构决定性质的同主族递变，即现绑『元素周期律的内容及实质』的“内在成因／实质”（保留理由见notes）。,slice-91
CHEMISTRY,元素周期表的应用,ext-che-5c62da9e03-101,元素周期表的应用,,KEEP,「以跨越B、Si、Ge、As、Te、Po、At等元素的对角虚线为分界线，将周期表分为金属区与非金属区」「位于分界线附近的元素（如Si）既能表现出一定的金属性，又能表现出一定的非金属性」——属现绑『元素周期表的应用』的预测元素性质面。,slice-91
CHEMISTRY,元素周期表的应用,ext-che-a73b5b4033-008,元素周期表的应用,,KEEP,「耐高温、耐腐蚀的特种合金材料：周期表中从ⅢB到ⅣB的过渡元素」「矿物的寻找：地球上化学元素的分布与它们在周期表中的位置有密切的联系」——即现绑边界『预测元素性质与寻找相关材料的常见用途』。,slice-91
CHEMISTRY,元素的-位-构-性-关系,ext-che-5c62da9e03-103b,元素的-位-构-性-关系,,KEEP,「可由元素性质推知其周期表中的位置，也可由位置推知元素性质」——性质与位置互推、结构与性质互推；现绑别名逐字含该题名。,slice-91
CHEMISTRY,元素的-位-构-性-关系,ext-che-6102bf2210-065,元素的-位-构-性-关系,,KEEP,「质子数决定元素种类与原子序数，电子层数决定周期数，最外层电子数决定主族序数与金属性非金属性」——原子结构决定位置与性质；现绑别名逐字含该题名。,slice-91
CHEMISTRY,元素的-位-构-性-关系,ext-che-e8fbafa6a3-014b,元素的-位-构-性-关系,,KEEP,「先找突破口，如元素的特殊位置、特征性质或特征化合价，再结合四个关系式与递变规律逐项验证」——位构性推断思路；现绑别名逐字含该题名。,slice-91
CHEMISTRY,元素的性质比较和判断易混易错点,ext-che-260333ce0f-018,元素的性质比较和判断易混易错点,,KEEP,「第一电离能特例：ⅡA族大于ⅢA族，ⅤA族大于ⅥA族。」——正合现绑边界(7)『第ⅡA、VA族…第一电离能比同周期相邻元素的大』；电负性差与键型特例亦在边界。,slice-91
CHEMISTRY,元素非金属性强弱的判断,chem-periodic-acidity-of-highest-oxide-acid,元素非金属性强弱的判断,,KEEP,「同周期从左到右逐渐增强（如H2SiO3<H3PO4<H2SO4<HClO4）；同主族从上到下逐渐减弱（如HClO4>HBrO4）」——由最高价含氧酸酸性判断非金属性，别名逐字同题。,slice-91
CHEMISTRY,共价晶体,ext-che-3713da16bf-096,共价晶体,,KEEP,「最小碳环由6个C组成且不在同一平面内」「C原子数与C—C键数之比为1∶2」——金刚石晶胞的结构特点，现绑别名逐字收录。,slice-91
CHEMISTRY,共价晶体,ext-che-b476eb0452-028b,共价晶体,,KEEP,「金刚石：每个 C 与相邻 4 个 C 以共价键结合形成正四面体结构」「SiO2：每个 Si 与 4 个 O 以共价键结合形成正四面体结构」——共价晶体典型晶胞，同源 ext-che-3713da16bf-097 已判 KEEP 于现绑。,slice-91
CHEMISTRY,共价键及键参数易混易错点,ext-che-5c62da9e03-1205,共价键及键参数易混易错点,,KEEP,「极性键和非极性键均属于共价键」「键的极性并不是一成不变的，受分子中邻近基团或外界环境的影响」——易混要点辨析；同源『关于σ键与π键的三个易错点』等误点族均绑现节点。,slice-91
CHEMISTRY,共价键及键参数易混易错点,ext-che-93a78062b4-059,共价键及键参数易混易错点,,KEEP,「以形成σ键的两个原子核连线为轴可绕轴旋转而不破坏σ键，π键不能单独旋转」「一般情况下σ键比π键牢固，但并非所有分子中的σ键都比π键牢固（如N2）」——σ、π易错辨析，别名逐字含本条标题。,slice-91
CHEMISTRY,共价键及键参数易混易错点,ext-che-b476eb0452-020,共价键及键参数易混易错点,,KEEP,「同一分子中键级越大键长越短，如 C≡C<C=C<C—C」「键长越短键能越大」——键参数大小比较，别名逐字含本条标题。,slice-91
CHEMISTRY,共价键的分类,ext-che-93a78062b4-037,共价键的分类,,KEEP,「N2含1个σ键和2个π键；HCN含2个σ键和2个π键」「C2H4含5个σ键和1个π键；C2H2含3个σ键和2个π键」——常见分子σ键/π键数目；正合现绑边界『按成键轨道重叠方式分为σ键与π键…重点是各类键的识别与比较』。,slice-91
CHEMISTRY,共价键的分类,ext-che-c293e5af8b-007,共价键的分类,,KEEP,「按共用电子对偏移程度分为极性键与非极性键」「按电子云重叠方式分为 σ 键与 π 键：共价单键全为 σ 键」——共价键两种分类标准；别名逐字含本条标题，正合现绑边界。,slice-91
CHEMISTRY,关系式法,chem-fx-you-kong-qi-mu-tan-shui-zheng-qi-zhi-q-f06x05,关系式法,,KEEP,「由空气、木炭、水蒸气制取NH3过程中，C和NH3的关系式为3C～4NH3」「（2）元素守恒法」——以元素守恒建立多步反应关系式，前轮已改绑至现绑『关系式法』，现状一致，保留。,slice-91
CHEMISTRY,典型含氮元素物质之间的相互转化,ext-che-5c62da9e03-2389,典型含氮元素物质之间的相互转化,,KEEP,「游离态→化合态：豆科植物根部根瘤菌把空气中的氮气转变为硝酸盐等含氮化合物」「化合态→游离态：硝酸盐在某些细菌作用下转化为氮气」——含氮物质在自然界的相互转化，属现绑『典型含氮元素物质之间的相互转化』族。,slice-91
CHEMISTRY,写出除去下列气体中混有的杂质-括号内为杂质-可采取的方法,chem-fx-chu-qu-han-de-rong-ye-zhong-hun-you-de-f16x13,写出除去下列气体中混有的杂质-括号内为杂质-可采取的方法,有关铁及其化合物的除杂,REBIND,「除去含Mg2+的溶液中混有的Fe2+。先加入氧化剂(如H2O2)将溶液中的Fe2+氧化成Fe3+，然后再按(1)中的方法除去溶液中的Fe3+。」——先氧化后调pH除铁，靶节点别名含『铜盐溶液中铁的除去』『除去溶液中Fe3+和Fe2+的方法』；现绑为气体混合物除杂。,slice-91
CHEMISTRY,写出除去下列气体中混有的杂质-括号内为杂质-可采取的方法,chem-fx-cu-tong-zhong-bu-huo-po-de-za-zhi-f41x12,写出除去下列气体中混有的杂质-括号内为杂质-可采取的方法,铜的冶炼,REBIND,「粗铜中不活泼的杂质(金属活动性顺序中位于铜之后的银、金等)…它们以金属单质的形式沉积于电解槽的底部，成为阳极泥。」——粗铜电解精炼的阳极泥；靶『铜的冶炼』边界即『不如铜活泼的杂质（Ag、Au、Pt）形成阳极泥』；现绑为气体混合物除杂。,slice-91
CHEMISTRY,写出除去下列气体中混有的杂质-括号内为杂质-可采取的方法,chem-fx-dang-zhong-hun-you-za-zhi-shi-f28x06,写出除去下列气体中混有的杂质-括号内为杂质-可采取的方法,,KEEP,「当CO2中混有O2杂质时，应选用上述Ⅰ～Ⅳ中的Ⅳ装置除O2，除杂试剂是Cu粉。」——气体除杂的试剂与装置选择，现绑别名逐字同题。,slice-91
CHEMISTRY,写出除去下列气体中混有的杂质-括号内为杂质-可采取的方法,chem-fx-ruo-yao-chu-qu-zhong-hun-you-de-f56x04,写出除去下列气体中混有的杂质-括号内为杂质-可采取的方法,有关铁及其化合物的除杂,REBIND,「若要除去Cu2+中混有的Fe3+，可加入CuO、CuCO3、Cu(OH)2、Cu2(OH)2CO3等物质来调节溶液的pH，不可加入NaOH溶液、氨水等。」——铜盐溶液中铁的除去（调pH除杂），靶节点别名逐字含『铜盐溶液中铁的除去』；现绑为气体混合物除杂。,slice-91
CHEMISTRY,写出除去下列气体中混有的杂质-括号内为杂质-可采取的方法,chem-fx-xi-qi-yong-yu-chu-qu-qi-ti-hun-he-wu-z-f69x12,写出除去下列气体中混有的杂质-括号内为杂质-可采取的方法,,KEEP,「洗气：用于除去气体混合物中的杂质，如乙烷中的乙烯可通过溴水洗气除去。」——气体混合物除杂的试剂选择，落现绑边界；后半句萃取分液为分离操作，无单一他节点整体承接，保留。,slice-91
CHEMISTRY,几种重要的醛-酮,chem-fx-ben-jia-quan-f61x01,几种重要的醛-酮,,KEEP,「苯甲醛()：有苦杏仁气味的液体，俗称苦杏仁油；制造染料、香料及药物的重要原料」——别名逐字含『苯甲醛』。,slice-91
CHEMISTRY,几种重要的醛-酮,ext-che-af5d7e549d-083,几种重要的醛-酮,,KEEP,「甲醛（HCHO）俗称蚁醛，是无色、有强烈刺激性气味的气体」「苯甲醛…俗称苦杏仁油，是制造染料、香料及药物的重要原料」——重要醛的俗称与用途，别名逐字含本条标题。,slice-91
CHEMISTRY,几种重要的醛-酮,ext-che-af5d7e549d-084,几种重要的醛-酮,,KEEP,「其官能团相当于含有两个醛基」「1 mol 甲醛可生成4 mol Ag，消耗的银氨溶液比普通一元醛多」——别名逐字含本条标题。,slice-91
CHEMISTRY,几种重要的醛-酮,ext-che-c2b485f93d-030,几种重要的醛-酮,,KEEP,「甲醛分子中碳原子采用 sp² 杂化，四个原子共平面；官能团相当于含有两个醛基」「HCHO+4Cu(OH)2+2NaOH 加热生成 Na2CO3+2Cu2O↓」——甲醛特殊性，别名逐字含本条标题。,slice-91
CHEMISTRY,分子晶体,ext-che-4394d32277-015,分子晶体,,KEEP,「每个 CO2 分子周围等距且紧邻的 CO2 分子有 12 个（面心立方最密堆积的配位数）」——干冰晶胞即分子晶体密堆积实例，现绑边界含“分子在晶体中的密堆积”，别名逐字含此标题。,slice-91
CHEMISTRY,分子的极性,chem-fx-li-yong-hua-he-jia-pan-duan-f33x04,分子的极性,,KEEP,「中心原子A的化合价的绝对值等于该元素所在的主族序数，则为非极性分子」——由化合价判断分子极性；现绑『分子的极性』别名逐字含本条标题《利用化合价判断》。,slice-91
CHEMISTRY,分子的极性,chem-fx-xing-cheng-yuan-yin-f33x01,分子的极性,,KEEP,「正电荷重心和负电荷重心」——极性分子与非极性分子的成因（电荷重心是否重合）；现绑『分子的极性』别名逐字含本条标题《形成原因》（正文为课件填空残迹，知识点仍归分子极性）。,slice-91
CHEMISTRY,分子间作用力,chem-kb-van-der-waals-hydrogen-bond,分子间作用力,,KEEP,「范德华力：分子间普遍存在的电性作用，比化学键弱1～2个数量级」——两类分子间作用力的实质与强弱对比，正合现绑边界。,slice-91
CHEMISTRY,分子间作用力,ext-che-5c62da9e03-225,分子间作用力,,KEEP,「氢键是由已经与电负性很大的原子形成共价键的氢原子与另一个电负性很大的原子之间的作用力」——氢键的实质、表示与类型，属现绑“分子间作用力”。,slice-91
CHEMISTRY,分子间作用力,ext-che-a6131db07c-009,分子间作用力,,KEEP,「分子间氢键使H2O、NH3、HF沸点反常升高并使物质易溶于水」——氢键对物理性质的影响，属现绑“分子间作用力”边界。,slice-91
CHEMISTRY,分子间作用力,ext-che-debd9107b2-037,分子间作用力,,KEEP,「溶质与溶剂之间若能形成分子间氢键，则溶质的溶解度明显增大」——氢键对溶解性的影响；属现绑边界“对熔点、沸点、硬度等物理性质的影响”，兄弟节点亦可承载，拿不准故保留。,slice-91
CHEMISTRY,分子间作用力对物质性质的影响,ext-che-c8620eeb21-016,分子间作用力对物质性质的影响,,KEEP,「若溶剂和溶质分子之间可以形成氢键，则溶质的溶解度增大」——正合现绑边界第(5)条“氢键对物质的溶解过程产生影响、溶解性增大”。,slice-91
CHEMISTRY,分布分数图像,ext-che-e1f44db337-031b,分布分数图像,,KEEP,「先按 pH 增大时各物种的浓度变化趋势定性」「需判断各曲线的归属」——分布分数曲线归属判读，材料标题「弱电解质与沉淀溶解共存的曲线归属」即现绑别名。,slice-91
CHEMISTRY,分散系的分类,ext-che-5c62da9e03-1847,分散系的分类,,KEEP,「根据分散质粒子的直径大小，分散系可分为溶液、胶体、浊液；分散质粒子直径的大小是…本质区别」——正合现绑边界（按分散质粒子直径大小分类）。,slice-91
CHEMISTRY,分离提纯,chem-fx-bei-jing-f25x13,分离提纯,,NONE,「12．(2022·北京，12)某MOFs的多孔材料刚好可将N2O4『固定』，实现了NO2与N2O4分离并制备HNO3，如图所示」——仅高考题题干且依赖未收录的图，无独立知识结论。,slice-91
CHEMISTRY,分离提纯,chem-fx-leng-que-fa-f56x07,分离提纯,,KEEP,「(6)冷却法：利用气体液化的特点分离气体，如合成氨工业采用冷却法分离平衡混合气体中的氨气」——产品获取阶段的冷却分离法，属现绑节点分离方法族。,slice-91
CHEMISTRY,分离提纯,chem-fx-neng-yu-za-zhi-fa-sheng-fan-ying-sheng-f69x03,分离提纯,写出除去下列气体中混有的杂质-括号内为杂质-可采取的方法,REBIND,「⑤能与杂质发生反应生成沉淀(或可溶物)的物质也可作为吸收剂」——除杂吸收剂的试剂选择规则；现绑边界明言与原料除杂阶段的方案选择相区别。,slice-91
CHEMISTRY,分离提纯,chem-gas-purification-saturated-salt-solution,分离提纯,写出除去下列气体中混有的杂质-括号内为杂质-可采取的方法,REBIND,「除CO₂中的HCl：用饱和NaHCO₃溶液，HCO₃⁻+H⁺=H₂O+CO₂↑，杂质转化为主气体」——洗气除杂的试剂选择，与目标节点边界所举『CO2中的HCl』一致。,slice-91
CHEMISTRY,分离提纯,ext-che-025991b0ba-016b,分离提纯,,KEEP,「要得到干燥的晶体，常见的干燥方法有：自然晾干、滤纸吸干、在干燥器中干燥、烘干」——产品获取阶段的干燥，属现绑边界结晶、过滤与洗涤后的产品处理。,slice-91
CHEMISTRY,分离提纯,ext-che-02a6241b6c-004,分离提纯,,KEEP,「②蒸发结晶：适合溶解度受温度影响较小的溶质（NaCl、CuCl2等）」「③冷却结晶：适合溶解度随温度升高明显增大的溶质（KNO3、CuSO4·5H2O等）」——结晶方式选择；现绑边界含结晶、过滤与洗涤操作。,slice-91
CHEMISTRY,分离提纯,ext-che-1422ee20c2-033,分离提纯,,KEEP,「每次加入溶剂洗涤前，都须暂停抽滤，其目的是使装置恢复正常压，让洗涤剂充分浸润产品」「安全瓶的作用是防止自来水进入抽滤瓶」——现绑边界明言重点是减压过滤的装置与操作要点。,slice-91
CHEMISTRY,分离提纯,ext-che-1422ee20c2-046b,分离提纯,,KEEP,「热水溶解粗品…趁热过滤，除去活性炭等不溶性杂质…滤液冷却结晶，产品析出；过滤、洗涤、干燥」「应改用该产品的饱和溶液（或用产品难溶的乙醇等溶剂）洗涤」——产品获取阶段的结晶与洗涤。,slice-91
CHEMISTRY,分离提纯,ext-che-44c397021a-005,分离提纯,,KEEP,「沿玻璃棒向过滤器中加入洗涤剂至浸没晶体，让洗涤液自然流下，重复 2 至 3 次」「用冰水洗涤：洗去晶体表面的杂质离子，同时减少被洗涤物质在洗涤过程中的溶解损耗」——晶体洗涤与洗涤剂选择。,slice-91
CHEMISTRY,分离提纯,ext-che-4dd2e79693-025c,分离提纯,,KEEP,「陡升型(a)：溶解度随温度升高而增大→蒸发浓缩、冷却结晶」「平缓型(b)…蒸发结晶」「陡降型(c)：…蒸发浓缩，趁热过滤」——按溶解度曲线选结晶方式，属现绑边界结晶操作。,slice-91
CHEMISTRY,分离提纯,ext-che-4dd2e79693-026,分离提纯,,KEEP,「将沉淀置于漏斗中，向漏斗中加入洗涤液至浸没沉淀，待洗涤液自然流下，重复 2~3 次」「减小压强，降低体系温度，使液体沸点降低，防止受热分解」——洗涤与干燥的答题模板，属产品获取阶段操作。,slice-91
CHEMISTRY,分离提纯,ext-che-5431caa6ed-004b,分离提纯,,KEEP,「注洗涤液（沿玻璃棒向漏斗中注入洗涤液）→ 标准（使洗涤液完全浸没沉淀或晶体）→ 重复」「取样（取少量最后一次洗涤液于一洁净的试管中）」——沉淀洗涤与洗净作答规范，现绑边界含洗涤操作。,slice-91
CHEMISTRY,分离提纯,ext-che-5c62da9e03-1722,分离提纯,写出除去下列气体中混有的杂质-括号内为杂质-可采取的方法,REBIND,「③Cl₂(HCl)：用饱和 NaCl 溶液」「④CO₂(HCl)：用饱和 NaHCO₃ 溶液」——通篇气体混合物除杂的试剂选择，正属目标节点边界所举『CO2中的HCl』型；现绑边界已明言与原料除杂阶段的方案选择相区别。,slice-91
CHEMISTRY,分离提纯,ext-che-5c62da9e03-1723,分离提纯,写出除去下列气体中混有的杂质-括号内为杂质-可采取的方法,REBIND,「①CO₂(CO)：通过灼热 CuO」「②CO(CO₂)：通过 NaOH 浓溶液」——与目标节点边界所举『除去CO中的CO2、CO2中的CO』逐一对应。,slice-91
CHEMISTRY,分离提纯,ext-che-76d46e393c-086,分离提纯,,KEEP,「洗涤：洗涤时要减少产品溶解损失，结合产品性质选择合适的洗涤剂」「重结晶：用于提纯晶体」——获得产品阶段的常用操作。,slice-91
CHEMISTRY,分离提纯,ext-che-7b047ad8e8-026,分离提纯,萃取,REBIND,「使负载有机相与反萃取剂（一般为无机酸或碱的水溶液）接触，使萃取平衡逆向移动，从而使被萃取物转入水相」「若要获得 CuSO4 溶液，可选择 H2SO4 溶液作为反萃取剂」——通篇反萃取，目标节点边界即含反萃取方法。,slice-91
CHEMISTRY,分离提纯,ext-che-7b047ad8e8-027,分离提纯,,KEEP,「蒸发结晶：提取溶解度随温度升高变化不大的物质，如 NaCl；蒸发浓缩、冷却结晶：提取溶解度随温度升高明显增大的物质…如 KNO3、FeCl3」——产品获取阶段的分离方法选择。,slice-91
CHEMISTRY,分离提纯,ext-che-bc23c25828-005c,分离提纯,,KEEP,「渗析法：利用半透膜允许小分子、离子通过而阻止胶体粒子通过的特性进行分离；适用于提纯胶体」「升华法：利用某些固体（如I2、NH4Cl）受热直接汽化、冷却后凝华的特性进行分离」——分离提纯方法。,slice-91
CHEMISTRY,分离提纯,ext-che-f6dbe796d6-022,分离提纯,,KEEP,「萃取：利用物质在两种互不相溶的溶剂中溶解度不同…反萃取是用反萃取剂使被萃取物从有机相进入水相」「减压蒸馏通过减小压强降低液体沸点」——多方法汇总，属产品获取阶段的分离提纯。,slice-91
CHEMISTRY,分离提纯,ext-che-fd63e4042d-008,分离提纯,写出除去下列气体中混有的杂质-括号内为杂质-可采取的方法,REBIND,「化学试剂法除杂是在仅用物理方法不能完成时采用的，原则是除去杂质且不引入新杂质。常用方法有六种：①洗气法…⑥氧化还原法」——通篇化学除杂的试剂与方法选择，现绑边界明言与原料除杂阶段的方案选择相区别。,slice-91
CHEMISTRY,判断化学反应的自发性,chem-hj2-han-pandu-feiweiyi,判断化学反应的自发性,,KEEP,「焓变是与反应能否自发有关的因素，但不是…唯一因素」「综合判据：ΔG=ΔH-TΔS<0时反应能自发进行」——现绑边界即复合判据判断自发性，别名逐字含此题。,slice-91
CHEMISTRY,判断化学反应的自发性,ext-che-1912eb1025-003,判断化学反应的自发性,,KEEP,「焓变是与反应能否自发进行有关的因素，但不是决定反应能否自发进行的唯一因素」「熵变越大，越有利于反应自发进行」——即焓判据与熵判据；现绑已收《焓判据与熵判据的局限性》《熵判据的结论与适用范围》同族。,slice-91
CHEMISTRY,判断化学反应的自发性,ext-che-29b5d3ee42-005,判断化学反应的自发性,,KEEP,「少数熵减少的反应在一定条件下也可以自发进行，如 NH3(g)＋HCl(g)＝NH4Cl(s)」「孤立体系或绝热体系的自发过程才向着熵增的方向进行」——熵判据的适用范围，现绑『判断化学反应的自发性』同族。,slice-91
CHEMISTRY,判断化学反应的自发性,ext-che-9eab10e965-005,判断化学反应的自发性,,KEEP,「只有孤立体系或绝热体系的自发过程才严格向着熵增的方向进行，一般体系要考虑与环境的能量交换」「NH₃(g)+HCl(g)=NH₄Cl(s)」——同一知识点另一条材料，属现绑节点已收《熵判据的结论与适用范围》同族。,slice-91
CHEMISTRY,判断原电池正-负极的方法,chem-fx-gen-ju-wu-zhi-zhuan-hua-zhong-f40x04,判断原电池正-负极的方法,,KEEP,「根据物质转化中，元素化合价的变化或离子的移动(阳离子移向正极区域，阴离子移向负极区域)判断电池的正、负极，是分析该电池的关键」——判断原电池正负极的方法，现绑别名逐字收录。,slice-91
CHEMISTRY,判断同分异构体数目的常用方法和思路,chem-fx-bian-shi-xun-lian-bian-kao-fa-fen-zi-s-f03x11,判断同分异构体数目的常用方法和思路,,KEEP,「分子式为C4H9Cl的链状有机物，只含有二个甲基的同分异构体共有」——题干考点即同分异构体数目判断，与现绑节点同旨；属题干壳，入库与否可由上游另定（保留）。,slice-91
CHEMISTRY,判断同分异构体数目的常用方法和思路,chem-fx-ti-dai-fa-f03x06,判断同分异构体数目的常用方法和思路,,KEEP,「如二氯苯(C6H4Cl2)有3种同分异构体，则四氯苯(C6H2Cl4)也有3种同分异构体(将H替代Cl)」——替代法；现绑别名逐字含『替代法』，保留。,slice-91
CHEMISTRY,判断同分异构体数目的常用方法和思路,ext-che-5c62da9e03-2556,判断同分异构体数目的常用方法和思路,,KEEP,「要用等效氢法判断某烷烃的一元取代物的结构种数，首先要观察该烃的结构是否具有对称性」——等效氢法第一步（对称性），属现绑计数法族，保留。,slice-91
CHEMISTRY,判断同分异构体数目的常用方法和思路,ext-che-5c62da9e03-2558,判断同分异构体数目的常用方法和思路,,KEEP,「同一个碳原子上所连接的甲基（—CH₃）上的氢原子等效」「新戊烷分子中的 12 个氢原子是等效的」——等效氢判断规则之一，现绑边界列明该规则，保留。,slice-91
CHEMISTRY,判断同分异构体数目的常用方法和思路,ext-che-5c62da9e03-2559,判断同分异构体数目的常用方法和思路,,KEEP,「分子中处于镜面对称位置上的氢原子是等效的」——等效氢三规则之③，现绑边界逐字含“分子中处于对称位置上的氢原子等效”，保留。,slice-91
CHEMISTRY,判断同分异构体数目的常用方法和思路,ext-che-5c62da9e03-2560,判断同分异构体数目的常用方法和思路,,KEEP,「烷烃分子中等效氢原子有几种，则该分子一元取代物就有几种」——等效氢数与一元取代物种数的对应，属现绑同分异构体计数法族，保留。,slice-91
CHEMISTRY,判断同分异构体数目的常用方法和思路,ext-che-a4f995ac24-030,判断同分异构体数目的常用方法和思路,,KEEP,「对于直链烷烃，二溴代物的种类数为等差数列求和」「公差为 $-2$，一直加到最小正整数」——同分异构体计数规律；现绑别名逐字含，保留。,slice-91
CHEMISTRY,判断同分异构体数目的常用方法和思路,ext-che-af5d7e549d-113,判断同分异构体数目的常用方法和思路,,KEEP,「烷基种数法：烷基有几种结构，其相应烷烃的一元取代物就有几种」「定一移一法：对于二元取代物，可固定一个取代基的位置再移动另一个取代基的位置以确定数目」——现绑别名逐字含，保留。,slice-91
CHEMISTRY,判断同分异构体数目的常用方法和思路,ext-che-af5d7e549d-114,判断同分异构体数目的常用方法和思路,,KEEP,「叠加相乘法：先考虑取代基的种数，再考虑位置异构的种数，相乘即得同分异构体的总数」「替代法」——同分异构体数目判断方法；现绑别名逐字含，保留。,slice-91
CHEMISTRY,利用电离常数-k-巧判溶液稀释中有关粒子浓度比值大小,chem-acetic-acid-acetate-buffer-order,利用电离常数-k-巧判溶液稀释中有关粒子浓度比值大小,离子浓度大小比较的方法,REBIND,「常温下等浓度（各0.1 mol/L）CH3COOH与CH3COONa混合」——等浓度弱酸与其盐混合液的粒子浓度排序；现绑“利用电离常数”无涉，目标节点别名含“等浓度弱酸与对应盐混合液的比较”。,slice-91
CHEMISTRY,利用电离常数-k-巧判溶液稀释中有关粒子浓度比值大小,chem-hj-danyi-rongye-lizi-nongdu,利用电离常数-k-巧判溶液稀释中有关粒子浓度比值大小,溶液中微粒浓度大小的比较,REBIND,「多元弱酸溶液：一级电离>二级电离>三级电离」——单一溶液粒子浓度大小排序；现绑“利用电离常数”只讲稀释时浓度比值变化，与正文无涉。,slice-91
CHEMISTRY,利用电离常数-k-巧判溶液稀释中有关粒子浓度比值大小,chem-log-image-coordinate-types,利用电离常数-k-巧判溶液稀释中有关粒子浓度比值大小,对数折线图四步法,REBIND,「pH=-lg c(H+)，pH越大c(H+)越小、碱性越强；pC=-lg c(A)，pC越大c(A)越小」——水溶液对数（负对数）坐标的含义，属目标“对数折线图四步法”讲的对数图像；现绑“利用电离常数”无涉。,slice-91
CHEMISTRY,利用电离常数-k-巧判溶液稀释中有关粒子浓度比值大小,chem-mixed-solution-comparison-steps,利用电离常数-k-巧判溶液稀释中有关粒子浓度比值大小,离子浓度大小比较的方法,REBIND,「第一步：近似处理——电离、水解程度均较小，混合后各微粒浓度近似等于混合前浓度」——混合溶液粒子浓度比较通法；目标“离子浓度大小比较的方法”边界含“混合液要综合分析水解因素、电离因素”。,slice-91
CHEMISTRY,利用电离常数-k-巧判溶液稀释中有关粒子浓度比值大小,ext-che-e1f44db337-004c,利用电离常数-k-巧判溶液稀释中有关粒子浓度比值大小,,KEEP,「把分子、分母同乘（或同除）以某种微粒的浓度，把比值凑成平衡常数与已知量的组合」——凑常数法（温度不变K不变判比值趋势），正是现绑边界。,slice-91
CHEMISTRY,勒夏特列原理及应用,ext-che-5c62da9e03-545,勒夏特列原理及应用,,KEEP,「吸入新鲜空气时氧气浓度增大，Q<K，化学平衡正向移动」「一氧化碳浓度低于平衡浓度（Q>K），一氧化碳结合血红蛋白的平衡左移」——平衡移动原理的应用；别名原题在现绑。,slice-91
CHEMISTRY,勒夏特列原理及应用,ext-che-d3f925416c-015,勒夏特列原理及应用,,KEEP,「单一气体型反应：A(s)⇌xB(s)＋yC(g)，改变压强或浓度平衡移动，新平衡时P、c不变」——平衡移动的特殊情形；现绑别名含『单一气体型与单侧气体型反应的平衡移动特殊性』。,slice-91
CHEMISTRY,化学与传统文化,chem-fx-tian-gong-kai-wu-zhong-fan-shi-hui-jin-f73x17,化学与传统文化,,KEEP,「“凡石灰经火焚炼为用”里的“石灰”指的是CaCO3」「“所在山泽，冬月地上有霜，扫取以水淋汁，后乃煎炼而成”涉及物质的溶解、蒸发、结晶」——古籍物质与操作的判断。,slice-91
CHEMISTRY,化学与传统文化,chem-fx-zao-zhi-shu-f73x14,化学与传统文化,,KEEP,「③造纸术：原材料的主要成分是纤维素」「④指南针：原理与化学无关，磁性氧化铁(Fe3O4)属于特殊物质」——传统工艺载体下的化学知识，现绑边界含“造纸”，别名『造纸术』在册。,slice-91
CHEMISTRY,化学与传统文化,ext-che-2aaec42842-005,化学与传统文化,,KEEP,「“烈火焚烧若等闲”涉及碳酸钙分解…“熬胆矾（CuSO4·5H2O）铁釜，久之亦化为铜”属于置换反应」「“硇水”指硝酸…“剂钢”指铁的合金」——古文献中的变化与物质判断。,slice-91
CHEMISTRY,化学与传统文化,ext-che-86f3ca074d-017,化学与传统文化,,KEEP,「烈火焚烧若等闲涉及碳酸钙的分解」「熬胆矾(CuSO4·5H2O)铁釜、久之亦化为铜，涉及置换反应(氧化还原反应)」——古文献中的变化类型判断，现绑别名逐字含此标题。,slice-91
CHEMISTRY,化学与传统文化,ext-che-86f3ca074d-018,化学与传统文化,,KEEP,「青蒿一握、以水二升渍、绞取汁中的渍表示萃取」「烧酒制造中蒸令气上、凡酸坏之酒皆可蒸烧涉及蒸馏」——现绑别名逐字含此标题。,slice-91
CHEMISTRY,化学与传统文化,ext-che-f1f02182e1-001,化学与传统文化,,KEEP,「传统文化题常要求把古文描述“翻译”成具体物质」「“鸡屎矾”指碱式硫酸铜或碱式碳酸铜；“曾青涂铁，铁赤如铜”中的“曾青”是可溶性铜盐」——古籍矿物与盐类的物质判断，现绑别名逐字含此标题。,slice-91
CHEMISTRY,化学与传统文化,ext-che-f1f02182e1-002,化学与传统文化,,KEEP,「“鼻冲水”…指氨水；“刀创水”…指碘酒；“强水”…指硝酸」「《梦溪笔谈》“古人以剂钢为刃，柔铁为茎干”中的“剂钢”指铁的合金」——古籍物质判断，现绑别名逐字含此标题。,slice-91
CHEMISTRY,化学与传统文化,ext-che-f1f02182e1-003,化学与传统文化,,KEEP,「“近朱者赤”中的“朱”指朱砂，主要成分为硫化汞（HgS）」「“高奴县有洧水可燃”中的“洧水”指石油」——古籍颜料与燃料的物质判断，现绑别名逐字含此标题。,slice-91
CHEMISTRY,化学与传统文化,ext-che-f1f02182e1-005,化学与传统文化,,KEEP,「“曾青（硫酸铜）涂铁，铁赤如铜”是铁与铜离子的置换反应」「“凡研消不以铁碾入石臼，相激火生，祸不可测”说明」KNO3研磨时易分解——古诗词/古文中的变化类型判断。,slice-91
CHEMISTRY,化学与传统文化,ext-che-f1f02182e1-006,化学与传统文化,,KEEP,「**化合价分析**：胡粉中铅的化合价为 +2」「由于铅的价态发生了变化，胡粉炒为黄丹的过程发生了氧化还原反应」——古籍变化与铅化合价分析，现绑别名逐字含此标题。,slice-91
CHEMISTRY,化学与传统文化,ext-che-f1f02182e1-008,化学与传统文化,,KEEP,「《天工开物》…叙述了从海水中提取海盐的操作过程，包括加热蒸发、结晶等基本操作」「“渍”表示浸取」——古文记载中的分离提纯操作，现绑别名逐字含此标题。,slice-91
CHEMISTRY,化学与医药的常考常识,chem-fx-jiang-wen-ma-zui-f73x07,化学与医药的常考常识,,KEEP,「氯乙烷气化时，吸收大量的热量，在损伤处起到降温麻醉，快速镇痛的作用」——现绑别名逐字含“降温麻醉”，属医药常识。,slice-91
CHEMISTRY,化学与医药的常考常识,chem-fx-yi-yong-bei-can-ji-f73x06,化学与医药的常考常识,,KEEP,「医用钡餐剂(BaSO4)，用作胃肠道疾病的造影剂」——正合现绑边界“BaSO4与BaCO3的溶解性差异是常考陷阱”。,slice-91
CHEMISTRY,化学与医药的常考常识,ext-che-161dacb6f6-039,化学与医药的常考常识,,KEEP,「医用酒精为体积分数75%的乙醇溶液，用于消毒」——常见药物的组成与用途，属现绑医药常识。,slice-91
CHEMISTRY,化学与医药的常考常识,ext-che-161dacb6f6-040,化学与医药的常考常识,,KEEP,「药物在人体内的作用方式：通过改变机体细胞周围的物理、化学环境而发挥药效」——合理用药与药物作用方式，属现绑“化学与医药的常考常识”。,slice-91
CHEMISTRY,化学与环境问题,ext-che-5c62da9e03-168b,化学与环境问题,,KEEP,「水华是淡水中藻类大量繁殖的现象，是水体富营养化的一种表现；海水中出现的这种现象称作赤潮」「滥用农药会破坏生态环境、研制和施用杀虫剂等农药进入恶性循环、影响食品品质」——水体污染与农药危害，属现绑别名『常见环境污染类型及其成因』『常见环境问题的污染物与防治措施』。,slice-91
CHEMISTRY,化学与环境问题,ext-che-5c62da9e03-407,化学与环境问题,,KEEP,「一级处理的目的是除去不溶解的污染物，方法为物理法」「三级处理的目的是对污水进行深度处理和净化」——现绑别名逐字含『污水处理的三级流程』。,slice-91
CHEMISTRY,化学与环境问题,ext-che-5c62da9e03-408,化学与环境问题,,KEEP,「固体废物的处理应遵循无害化、减量化和资源化的原则」「处理要达到减少环境污染和资源回收利用这两个重要目的」——环保措施类环境问题内容，保留（另见『绿色化学』）。,slice-91
CHEMISTRY,化学反应方向的传统判断方法,ext-che-5c62da9e03-572,化学反应方向的传统判断方法,,KEEP,「化学反应的方向与焓变有关，但不能只依据焓变判断化学反应的方向」「判断反应方向还需要考虑熵变的影响」——焓判据及其局限；现绑别名逐字含『焓判据』『焓判据的局限』，同一节点已收同题材料『焓判据』。,slice-91
CHEMISTRY,化学实验中的温度控制,chem-fx-cai-qu-jia-re-de-mu-f69x07,化学实验中的温度控制,,KEEP,「②采取加热的目的：加快反应速率或使平衡移动，加速溶解等」——控温目的；现绑别名逐字含『采取加热的目』，边界亦讲回答控温目的。,slice-91
CHEMISTRY,化学实验基本操作规范,ext-che-b9df3c8ba4-001,化学实验基本操作规范,药品取用,REBIND,「粉末或小颗粒固体用药匙或纸槽送入试管底部，块状和大颗粒固体用镊子夹取」「少量液体用胶头滴管，较多液体用倾倒法」——通篇药品取用方法，即靶节点『取用原则与方法』；现绑边界只讲润洗、查漏、温度计、碎瓷片。,slice-91
CHEMISTRY,化学实验安全与事故处理,chem-fx-suan-ye-sa-zai-pi-fu-shang-f65x12,化学实验安全与事故处理,,KEEP,「酸液洒在皮肤上：立即用大量水冲洗，然后用3%～5% NaHCO3溶液冲洗」——事故处理，正合现绑边界“酸碱溅到皮肤上都先用大量水冲洗”，别名原题在现绑。,slice-91
CHEMISTRY,化学实验方案的评价,chem-fx-tie-ding-biao-mian-du-tong-f72x01,化学实验方案的评价,,NONE,「A．铁钉表面镀铜：B．配制银氨溶液；C．验证氧化性：Cl2>Br2>I2；D．检验1-溴丙烷的消去反应产物丙烯」——成套选项罗列，无评价内容与结论（同 kit-72/74 题干选项判例）。,slice-91
CHEMISTRY,化学平衡常数的应用,ext-che-1464648eaa-003b,化学平衡常数的应用,,KEEP,「用浓度商Q与K比较，Q小于K时反应向正反应方向进行」「若升高温度K增大，说明正反应为吸热反应」——浓度商判方向与K判热效应两问；均属现绑『化学平衡常数的应用』边界。,slice-91
CHEMISTRY,化学平衡常数的应用,ext-che-7d7c39f089-013,化学平衡常数的应用,,KEEP,「K值越大，正反应进行的程度越大，平衡时生成物浓度越大」「K＞105 时一般认为该反应基本进行完全」——由K值大小判断反应程度与数量级判据；正合现绑边界『由K值大小判断可逆反应进行的程度』。,slice-91
CHEMISTRY,化学平衡常数的应用,ext-che-7d7c39f089-015,化学平衡常数的应用,,KEEP,「升高温度：K值增大则正反应为吸热反应，K值减小则正反应为放热反应」「判断依据：K只受温度影响」——由K随温度变化判断热效应；正合现绑边界『根据反应吸放热与温度的关系分析K的变化规律』。,slice-91
CHEMISTRY,化学平衡常数的应用,ext-che-c75a6bf0d3-003b,化学平衡常数的应用,,KEEP,「$Q_c$ 的表达式与化学平衡常数相同，但代入的是任意时刻的浓度而不是平衡浓度」「$Q_c>K_c$：反应向逆反应方向进行」——浓度商与反应方向；正合现绑边界『结合浓度商Q判断反应是否达到平衡及其进行方向』。,slice-91
CHEMISTRY,化学平衡移动方向和转化率的判断,chem-fx-fan-ying-f45x05,化学平衡移动方向和转化率的判断,,KEEP,「若反应物起始物质的量之比等于化学计量数之比，达到平衡后，它们的转化率相等」「若只增加A的量，平衡正向移动，B的转化率增大，A的转化率减小」——现绑边界逐字同。,slice-91
CHEMISTRY,化学平衡移动方向和转化率的判断,chem-fx-ruo-an-yuan-bi-li-tong-bei-shu-di-zeng-f45x06,化学平衡移动方向和转化率的判断,,KEEP,「若按原比例同倍数地增加(或降低)A、B的浓度，等效于压缩(或扩大)容器体积，气体反应物的转化率与化学计量数有关」——现绑边界与别名逐字含此句。,slice-91
CHEMISTRY,化学性质,chem-kb-sodium-oxygen-reactions,化学性质,,KEEP,「常温：4Na＋O2=2Na2O」「加热（点燃）：2Na＋O2=Na2O2，先熔化后燃烧，生成淡黄色固体」——钠与氧气条件不同产物不同，别名原题在现绑。,slice-91
CHEMISTRY,化学性质,ext-che-a13e903c71-010b,化学性质,硫酸,REBIND,「硫酸是强电解质，在水中完全电离：H2SO4=2H⁺＋SO4²⁻，因此稀硫酸具有酸的通性」——『硫酸』节点别名已含『硫酸的物理性质与稀硫酸的通性』；现绑化学性质限钠及其化合物。,slice-91
CHEMISTRY,化学电源的优点与优劣判断,ext-che-5c62da9e03-810,化学电源的优点与优劣判断,,KEEP,「与普通锌锰电池相比，碱性锌锰电池不易发生电解质溶液的泄漏，因为负极改装在电池的内部」——电池优劣原因；现绑别名逐字含本题名。,slice-91
CHEMISTRY,化学电源的优点与优劣判断,ext-che-5c62da9e03-817,化学电源的优点与优劣判断,,KEEP,「一次电池的活性物质利用完就不能再放电，而燃料电池只要不断地供给燃料和氧化剂，就能持续地输出电能」——一次、二次电池与燃料电池的区别与优劣；现绑别名逐字含本题名。,slice-91
CHEMISTRY,化学计算中的守恒法,chem-fx-jing-duo-ci-yang-hua-he-xi-shou-f06x06,化学计算中的守恒法,,KEEP,「NO经多次氧化和吸收，最终氮元素可完全转化到硝酸中，由氮元素守恒知：NH3～HNO3」——氮元素守恒法；现绑别名逐字含本题名。,slice-91
CHEMISTRY,化学试剂的保存方法,chem-fx-fang-fen-jie-f65x06,化学试剂的保存方法,,KEEP,「防分解：保存在 瓶中，并置于阴暗处；浓HNO3、KMnO4溶液、AgNO3溶液、氯水等」——见光易分解试剂避光保存，现绑边界即『见光易分解的试剂必须用棕色瓶避光保存』。,slice-91
CHEMISTRY,化学试剂的保存方法,chem-fx-fang-fu-shi-f65x07,化学试剂的保存方法,,KEEP,「防腐蚀：①腐蚀橡胶的物质用玻璃塞或塑料塞；②腐蚀玻璃的物质用塑料容器」——由试剂性质选瓶塞/容器，属现绑『化学试剂的保存方法』边界（瓶塞选择取决于试剂性质）。,slice-91
CHEMISTRY,化学试剂的保存方法,chem-fx-fang-nian-jie-f65x08,化学试剂的保存方法,,KEEP,「防黏结：碱性溶液用 塞；NaOH、Na2CO3、Na2SiO3溶液等」——碱性溶液用橡胶塞，现绑边界即『碱性溶液用橡胶塞』。,slice-91
CHEMISTRY,化学试剂的保存方法,chem-fx-fang-yang-hua-f74x01,化学试剂的保存方法,,KEEP,「防氧化：①密封或用后立即盖好；②加入还原剂；③隔绝空气」——试剂保存方法，现绑『化学试剂的保存方法』别名逐字同题。,slice-91
CHEMISTRY,化学键,ext-che-3713da16bf-009,化学键,,KEEP,「离子键：阴、阳离子之间的静电作用；成键条件为成键原子所属元素电负性差值较大」「金属键：金属阳离子和自由电子之间的一种电性作用」——离子键与金属键的定义与条件，别名逐字含本题名，保留。,slice-91
CHEMISTRY,化学键,ext-che-93a78062b4-010,化学键,,KEEP,「离子键：带相反电荷离子之间的强烈相互作用；共价键：原子间通过共用电子对所形成的强烈相互作用」——三类化学键的定义，正合现绑边界『化学键的定义、分类与表示』，保留。,slice-91
CHEMISTRY,化学键,ext-che-93a78062b4-011,化学键,,KEEP,「成键粒子：离子键为阴、阳离子，共价键为原子，金属键为金属阳离子与自由电子」「金属键无方向性无饱和性」——三类化学键的成键粒子、实质与方向性对比，属现绑『化学键』的分类面，保留。,slice-91
CHEMISTRY,化学键与物质的类别,chem-fx-ben-zhi-zhi-zi-shu-xiang-tong-de-yi-le-f29x05,化学键与物质的类别,元素-核素-同位素,REBIND,「本质：质子数相同的一类原子；质子数、中子数都一定的一种原子；质子数相同、中子数不同的核素的互称；同种元素形成的不同单质」——元素、核素、同位素、同素异形体的定义；现绑“化学键与物质的类别”讲键型与物质类别，与正文无涉。,slice-91
CHEMISTRY,化学键与物质的类别,ext-che-a8413ae029-008,化学键与物质的类别,,KEEP,「离子化合物中可能含有共价键，如NaOH、Na2O2中既有离子键又有共价键」——键型与物质类别的判断，正合现绑边界。,slice-91
CHEMISTRY,化学键与物质类别的关系,ext-che-180a704381-001b,化学键与物质类别的关系,,KEEP,「含有离子键的化合物一定是离子化合物」「离子化合物中可以含有共价键，如 NaOH」「熔融不导电的是共价化合物，如 AlCl3」——化学键类型与化合物类别，即现绑节点之内容。,slice-91
CHEMISTRY,化学键与物质类别的关系,ext-che-3713da16bf-010,化学键与物质类别的关系,,KEEP,「离子化合物在熔融状态下可以导电」「仅由非金属元素组成的化合物，可能是离子化合物，如NH4Cl」「金属元素和非金属元素间也可形成共价化合物，如AlCl3」——与现绑边界第(6)(7)条逐字对应。,slice-91
CHEMISTRY,化学键与物质类别的关系,ext-che-6b9ae33803-001b,化学键与物质类别的关系,,KEEP,「含离子键的化合物一定是离子化合物；只含共价键的化合物一定是共价化合物」「熔融状态下能导电的为离子化合物」——三种判断方法即现绑『化学键与物质类别的关系』的内容。,slice-91
CHEMISTRY,化学键对物质性质的影响,ext-che-93a78062b4-031,化学键对物质性质的影响,物质变化过程中的化学键变化,REBIND,「某些活泼非金属单质溶于水后能与水反应、其分子内共价键被破坏，如Cl2、F2」——溶解时的化学键变化；现绑“化学键对物质性质的影响”只讲键强与性质的关系，与正文无涉。,slice-91
CHEMISTRY,化学键的符号表征-电子式,ext-che-93a78062b4-018,化学键的符号表征-电子式,,KEEP,「常见分子结构式：N2为N≡N，O2为O=O，H2S为H－S－H」「HCN为H－C≡N」——共价分子结构式的罗列，属化学键的符号表征；无“结构式”专节点，拿不准保留。,slice-91
CHEMISTRY,化工流程题的分析模型,ext-che-02a6241b6c-006,化工流程题的分析模型,,KEEP,「能与试剂反应生成可溶物的成分进入滤液，不反应的成分留在滤渣中」「铝土矿（Al2O3、Fe2O3、SiO2）用NaOH浸取后过滤」——滤渣滤液成分判断属流程物质追踪，无同名专节点，保留。,slice-91
CHEMISTRY,化工流程题的分析模型,ext-che-02a6241b6c-007,化工流程题的分析模型,,KEEP,「除杂试剂的阳离子或阴离子应与目标物质的组成一致」「反应产物要与流程后续步骤衔接」——讲的是流程选择题中试剂选项的判断角度，非除杂原理本身，属现绑分析模型的解题方法，保留。,slice-91
CHEMISTRY,化工流程题的分析模型,ext-che-02a6241b6c-008,化工流程题的分析模型,,KEEP,「酸浸时产生气泡，优先对应碳酸盐与酸反应生成的CO2」「需结合其他现象才能确认」——现象与结论匹配类选项的做法是流程选择题解法，属现绑『化工流程题的分析模型』范围，保留。,slice-91
CHEMISTRY,化工流程题的分析模型,ext-che-02a6241b6c-014,化工流程题的分析模型,,KEEP,「每个选项都对应流程中的一个环节」「先定位、后判断，避免脱离流程位置直接凭常识评价操作」——流程选择题逐项定位环节再调用知识点的解法，属现绑分析模型，保留。,slice-91
CHEMISTRY,化工流程题的分析模型,ext-che-02a6241b6c-017,化工流程题的分析模型,,KEEP,「匹配一：选项与流程环节匹配」「匹配二：选项与知识点匹配」——排除错误选项后的双匹配验证法，是流程选择题解法，属现绑分析模型，保留。,slice-91
CHEMISTRY,化工流程题的分析模型,ext-che-15fcabc7cf-027b,化工流程题的分析模型,,KEEP,「粉碎、研磨、球磨、乳化」「增大反应物接触面积，加快反应速率」「酸浸：使原料中的碱性物质、两性物质、活泼金属等溶解进入溶液」——原料预处理；现绑别名含『化工流程的基本结构与原料预处理』。,slice-91
CHEMISTRY,化工流程题的分析模型,ext-che-15fcabc7cf-028,化工流程题的分析模型,,KEEP,「使热稳定性差的物质发生分解，便于后续提取」「酸浸时所加入的酸一般需要过量，目的是提高浸出率、抑制金属阳离子水解」——焙烧煅烧灼烧作用与浸取注意，无对口专节点，保留。,slice-91
CHEMISTRY,化工流程题的分析模型,ext-che-15fcabc7cf-028b,化工流程题的分析模型,,KEEP,「改变温度的目的」「④促进或抑制平衡移动（例如水解平衡）」「改变压强的目的」——条件控制；现绑别名含『流程中的反应条件控制』，『工业流程中反应条件的控制』收近同条，两读保守保留。,slice-91
CHEMISTRY,化工流程题的分析模型,ext-che-15fcabc7cf-028c,化工流程题的分析模型,调节pH分离提纯金属离子,REBIND,「若要除去 Mn2+ 溶液中含有的 Fe2+，结合表中数据可知 Fe2+ 未完全沉淀时 Mn2+ 已开始沉淀」「再调节溶液的 pH 为 3.7≤pH<8.3」——由沉淀开始与完全沉淀的pH数据确定调pH范围；『调节pH分离提纯金属离子』边界即此，节点内已收『金属阳离子沉淀完全时pH的计算方法』。,slice-91
CHEMISTRY,化工流程题的分析模型,ext-che-15fcabc7cf-028d,化工流程题的分析模型,分离提纯,REBIND,「分离难溶物和可溶物，根据特殊需要可采用趁热过滤、抽滤等方法」「利用物质在互不相溶的溶剂里的溶解度不同来分离、提纯物质」——过滤、抽滤、萃取和分液即分离提纯常用方法；『分离提纯』节点内已收『分离提纯的常用方法：过滤、抽滤、萃取与配位萃取』同族材料。,slice-91
CHEMISTRY,化工流程题的分析模型,ext-che-15fcabc7cf-029,化工流程题的分析模型,萃取,REBIND,「金属离子与有机萃取剂（含孤电子对，如有机膦、胺类等）在两相界面发生配位反应」「使负载有机相与反萃取剂（一般为无机酸或碱的水溶液）接触，使萃取平衡逆向移动」——配位萃取与反萃取原理；『萃取』边界即含反萃取方法，节点内已收『萃取、反萃取与配合物分离法』。,slice-91
CHEMISTRY,化工流程题的分析模型,ext-che-15fcabc7cf-029b,化工流程题的分析模型,分离提纯,REBIND,「提取溶解度随温度升高变化不大的物质，如 NaCl」「减压蒸馏（减压蒸发）」「避免产物降温析出造成产率降低」——结晶、蒸馏等分离提纯方法与趁热过滤目的；『分离提纯』节点内已收『离子交换的洗脱与电解法提纯的适用范围』等同族材料。,slice-91
CHEMISTRY,化工流程题的分析模型,ext-che-15fcabc7cf-029c,化工流程题的分析模型,分离提纯,REBIND,「洗涤：用冷水、热水、饱和溶液或有机溶剂洗涤，减少产品溶解损失」「有出有进，闭环运行」——产品获取操作与循环物质确定；『分离提纯』边界限定产品获取阶段的纯化，节点内已收『获得产品阶段的常用操作』『常用分离提纯方法与可循环物质的判断』。,slice-91
CHEMISTRY,化工流程题的分析模型,ext-che-15fcabc7cf-030b,化工流程题的分析模型,,KEEP,「看物质的转化关系，准确写出关键反应的化学方程式」「环保与经济评价：从是否产生或使用污染性物质」——流程题设问类型与应对策略，属现绑分析模型。,slice-91
CHEMISTRY,化工流程题的分析模型,ext-che-19e132e0dc-016,化工流程题的分析模型,,KEEP,「调节 pH 所需的物质一般应满足两点：能与 H+/OH- 反应」「若制备过程中出现受热易分解的物质或产物，则要注意控制温度不能过高」——材料含调pH除杂与加热、降温四部分；调pH部分与『调节pH分离提纯金属离子』重合，但加热降温属流程条件控制，整体仍留综合节点，保留并点名。,slice-91
CHEMISTRY,化工流程题的分析模型,ext-che-4dd2e79693-023b,化工流程题的分析模型,,KEEP,「粉碎（研磨、球磨、喷洒、雾化）」「设问热点：与浸取率（转化率）的关系」「焙烧（灼烧、煅烧）」——预处理设问与答题模板，属现绑节点。,slice-91
CHEMISTRY,化工流程题的分析模型,ext-che-4dd2e79693-024,化工流程题的分析模型,,KEEP,「一般考虑物质的溶解性，用于分离水溶性和非水溶性的物质」「浸取率与化学反应速率有关，从接触面积、浓度、温度等角度入手」——浸取四种方式与提高浸取率为流程原料预处理知识，库内无同名专节点，现绑『化工流程题的分析模型』可收，保留。,slice-91
CHEMISTRY,化工流程题的分析模型,ext-che-4dd2e79693-024b,化工流程题的分析模型,,KEEP,「分离杂质①：沉淀分离法（加入沉淀剂）」「调 pH 还可能有以下目的：增强物质的氧化性或还原性」——沉淀分离与调pH考法模板，属现绑节点。,slice-91
CHEMISTRY,化工流程题的分析模型,ext-che-4dd2e79693-026b,化工流程题的分析模型,,KEEP,「（保护气）气流保护下，蒸发浓缩、冷却结晶、过滤、洗涤、干燥」「一般从四个角度分析确定可循环利用的物质」——保护气结晶与循环利用；现绑边界点名循环使用的物质要单独识别并说明。,slice-91
CHEMISTRY,化工流程题的分析模型,ext-che-76d46e393c-079,化工流程题的分析模型,,KEEP,「浸取的作用：使原料转化为离子进入溶液中。水浸为溶解、过滤」「需注意酸的性质以及对后续操作的影响」——浸取操作；现绑别名逐字含同题，保守保留。,slice-91
CHEMISTRY,化工流程题的分析模型,ext-che-7b047ad8e8-033,化工流程题的分析模型,,KEEP,「看物质的转化关系，准确写出关键反应的化学方程式」「标出元素化合价的变化，方便判断氧化剂和还原剂」——抓住关键反应的三点做法即分析模型的步骤，属现绑节点。,slice-91
CHEMISTRY,化工流程题的分析模型,ext-che-db3cec307b-001b,化工流程题的分析模型,,KEEP,「酸浸——加入酸使可溶性金属离子进入溶液，不溶物通过过滤除去」「提高浸出率的措施：将矿石粉碎、适当加热、充分搅拌」——浸取方式与提高浸出率；库内无浸取专节点，保留（『物质制备流程与条件控制』亦收浸取同族材料，两处皆综合节点）。,slice-91
CHEMISTRY,化工流程题的分析模型,ext-che-db3cec307b-002,化工流程题的分析模型,,KEEP,「提高浸出率的措施：①将矿石粉碎；②适当加热」「调pH法除杂」「调高pH——加入消耗H⁺的物质（碱、氧化物、碳酸盐、碱式碳酸盐等）」——浸出率与调pH除杂，属现绑节点。,slice-91
CHEMISTRY,化工流程题的分析模型,ext-che-db3cec307b-003,化工流程题的分析模型,,KEEP,「除去Mg²⁺、Ca²⁺可加入NaF使其转化为MgF2、CaF2沉淀」「MgF2比MnF2更难溶，可加入MnF2通过沉淀转化除去Mg²⁺」——流程沉淀除杂，属现绑节点。,slice-91
CHEMISTRY,化工流程题的分析模型,ext-che-db3cec307b-003b,化工流程题的分析模型,,KEEP,「加氧化剂或还原剂使某些粒子转化为沉淀」「规律：M²⁺（Ca²⁺、Mn²⁺、Co²⁺、Ni²⁺、Fe²⁺）与HCO3⁻反应生成MCO3并放出CO2」——流程沉淀法的具体反应与产物规律，非Ksp理论，无对口专节点，保留。,slice-91
CHEMISTRY,化工流程题的分析模型,ext-che-db3cec307b-004,化工流程题的分析模型,,KEEP,「M²⁺＋2HCO3⁻=MCO3↓＋H2O＋CO2↑（M²⁺为Ca²⁺、Mn²⁺、Co²⁺、Ni²⁺、Fe²⁺）」「Cu²⁺、Zn²⁺与HCO3⁻反应生成碱式碳酸盐沉淀」——碳酸盐沉淀法的产物规律，无对口专节点，保留。,slice-91
CHEMISTRY,化工流程题的分析模型,ext-che-db3cec307b-007b,化工流程题的分析模型,,KEEP,「通入空气的作用：①氧化某些离子（如SO3²⁻、Fe²⁺）；②起搅拌作用」「应在HCl气流中加热蒸发，以抑制金属离子的水解」——流程操作作用（氧化、搅拌、抑制水解），无对口专节点，保留。,slice-91
CHEMISTRY,化工流程题的分析模型,ext-che-db3cec307b-008,化工流程题的分析模型,,KEEP,「加过量试剂：反应物过量能保证反应完全发生或提高其他物质的转化率」「HCl氛围——抑制弱离子的水解」——流程中试剂用量与气体氛围的作用，库内无对口专节点，保留。,slice-91
CHEMISTRY,化工流程题的分析模型,ext-che-fb0c403f27-001b,化工流程题的分析模型,调节pH分离提纯金属离子,REBIND,「调节pH所需的物质一般应满足两点：①能与H+反应，使溶液pH增大；②不引入新杂质」「NaOH溶液、氨水不行，因为会带入Na+、NH4+等新杂质」——即调pH除杂原理与试剂选择；『调节pH分离提纯金属离子』边界正含并非任意碱都可用于调pH、要考虑是否引入新杂质。,slice-91
CHEMISTRY,化工流程题的分析模型,ext-che-fb0c403f27-002,化工流程题的分析模型,分离提纯,REBIND,「冷却结晶适用于溶解度随温度变化明显、易水解或带结晶水的溶质」「蒸馏或分馏：用于分离沸点不同且互溶的液体混合物」——通篇产品获取阶段的结晶与蒸馏方法选择；『分离提纯』边界即产品分离提纯常用方法（含结晶），节点内已收『冷却法』『结晶方式的选择与操作』同族材料。,slice-91
CHEMISTRY,化工生产中的复杂图像分析,ext-che-5892d1ea1a-013,化工生产中的复杂图像分析,,KEEP,「①如果主反应的生成物又与主反应的某一反应物发生另一个可逆反应，那么该反应物的平衡转化率就会增大」——多重平衡四条规律＋选择性图像应用，现绑别名逐字含『多重平衡与选择性的规律』。,slice-91
CHEMISTRY,化工生产中的复杂图像分析,ext-che-c16497c974-031,化工生产中的复杂图像分析,,KEEP,「相关物质的选择性之和应为 1，可据此判断复合图像中有哪些曲线对应选择性」——现绑别名逐字含『由选择性之和为 1 判断曲线归属』。,slice-91
CHEMISTRY,化工生产中的复杂图像分析,ext-che-c16497c974-032,化工生产中的复杂图像分析,,KEEP,「平衡时 CO 和 CO2 的选择性之和应为 1，符合此特点的曲线为①、③」——选择性曲线归属判定，现绑别名逐字含『由选择性之和为 1 判断曲线归属』『多反应体系图像的物种归属分析』。,slice-91
CHEMISTRY,单糖,ext-che-5c62da9e03-1578,单糖,,KEEP,「分子式：葡萄糖与果糖均为 C6H12O6，二者互为同分异构体」——正合现绑边界“葡萄糖为多羟基醛、果糖为多羟基酮，二者分子式相同而结构不同”。,slice-91
CHEMISTRY,单糖,ext-che-5c62da9e03-1580,单糖,,KEEP,「发酵反应：C6H12O6 --酒化酶--> 2C2H5OH + 2CO2↑（酿酒的反应原理）」——葡萄糖的化学性质（含生理氧化、酯化、发酵）；现绑别名逐字含该题名。,slice-91
CHEMISTRY,单糖,ext-che-5c62da9e03-1582,单糖,,KEEP,「作用：分别是核糖核酸（RNA）与脱氧核糖核酸（DNA）的重要组成成分；两者均为戊糖」——现绑别名逐字含『戊糖：核糖与脱氧核糖』。,slice-91
CHEMISTRY,单糖,ext-che-5c62da9e03-1586,单糖,,KEEP,「葡萄糖分子中有 4 个手性碳原子」——正文主体为还原性与醇的性质（现绑边界含“涉及葡萄糖的还原性”），手性碳为附带一句；保留。,slice-91
CHEMISTRY,单糖,ext-che-5c62da9e03-1633,单糖,,KEEP,「核糖和脱氧核糖是单糖中两种重要的五碳糖」——糖苷定义一句属糖类概述，主体为戊糖（单糖），正合现绑边界“核糖、脱氧核糖在核酸中的组成作用”；保留。,slice-91
CHEMISTRY,单糖,ext-che-5c62da9e03-2674,单糖,,KEEP,「分子中—OH使它具有醇的性质，—CHO使它具有醛的性质」——葡萄糖的结构与官能团；正合现绑边界（多羟基醛）。,slice-91
CHEMISTRY,单糖,ext-che-5c62da9e03-2680,单糖,,KEEP,「用新制Cu(OH)2检验葡萄糖时，所用的Cu(OH)2必须是新制备的」——葡萄糖检验的操作要点，属现绑单糖（葡萄糖还原性）范围。,slice-91
CHEMISTRY,单糖,ext-che-5c62da9e03-2681,单糖,,KEEP,「这一反应在医学上可用于尿糖、血糖的检测」——葡萄糖还原性（与新制Cu(OH)2）的应用；正合现绑边界“涉及葡萄糖的还原性”。,slice-91
CHEMISTRY,单糖,ext-che-5c62da9e03-2684,单糖,,KEEP,「葡萄糖具有还原性，能被新制Cu(OH)2氧化，反应生成砖红色沉淀Cu2O」——葡萄糖还原性检验的结论，属现绑边界“葡萄糖的还原性”。,slice-91
CHEMISTRY,单糖,ext-che-a18e148bcb-001c,单糖,糖类的组成和分类,REBIND,「从分子结构上看，糖类是多羟基醛、多羟基酮和它们的脱水缩合物」「按能否水解及水解产物分为单糖」——通篇糖类的概念、元素组成与分类（另有葡萄糖/果糖互为同分异构体）；靶『糖类的组成和分类』边界即“从分子结构角度界定糖类的概念……并介绍糖类的分类”；现绑『单糖』只讲葡萄糖、果糖与核糖。,slice-91
CHEMISTRY,单糖,ext-che-f4c8896f6c-003,单糖,,KEEP,「可发生银镜反应、与新制氢氧化铜反应、与氢气加成生成己六醇」——葡萄糖的化学性质；现绑别名逐字含该题名。,slice-91
CHEMISTRY,单糖,ext-che-f812be4c89-002,单糖,,KEEP,「银镜反应和新制Cu(OH)2反应体现醛基的存在」——葡萄糖的化学性质（另含酯化与加氢）；现绑别名逐字含该题名。,slice-91
CHEMISTRY,卤代烃的水解反应和消去反应,chem-fx-tan-lu-jian-f64x02,卤代烃的水解反应和消去反应,,KEEP,「(1)水解反应：卤代烃在NaOH水溶液中加热生成醇」「(2)消去反应：(部分)卤代烃与NaOH醇溶液共热生成不饱和烃」——即现绑节点主题，别名逐字含『碳卤键』。,slice-91
CHEMISTRY,卤代烃的用途与危害,ext-che-5c62da9e03-2835,卤代烃的用途与危害,,KEEP,「滴滴涕（DDT）的化学名称是双对氯苯基三氯乙烷」「结构简式可写作 Cl—C6H4—CH(CCl3)—C6H4—Cl」——DDT族在现绑；『卤代烃的概念』边界限概念与通式（R—X、碳卤键），不更贴，保留。,slice-91
CHEMISTRY,卤代烃的用途与危害,ext-che-5c62da9e03-2838,卤代烃的用途与危害,,KEEP,「DDT的储存方法：应避免与碱性物质接触…避免接触碱性物质是因为卤代烃在碱性条件下会发生水解或消去反应而变质」——DDT同页材料族（含功与过）均在现绑。,slice-91
CHEMISTRY,卤代烃的用途与危害,ext-che-5c62da9e03-2839,卤代烃的用途与危害,,KEEP,「功：杀虫活性较高，广谱…过：难降解，对鸟类产生慢性毒害；2A类致癌物」——卤代烃用途与危害，同族材料均在现绑。,slice-91
CHEMISTRY,卤族元素,chem-fx-zai-zhong-f21x02,卤族元素,,KEEP,「(3)在HX中，HF的熔、沸点最高，氢氟酸是弱酸，能腐蚀玻璃」——HF等卤化物的特殊性属现绑边界『卤素单质及其化合物…都有其特殊性质』；库内无更细的卤化氢/氢氟酸节点，保留。,slice-91
CHEMISTRY,卤族元素,ext-che-35834ffed3-012,卤族元素,,KEEP,「都能与水反应：X2 与 H2O 生成 HX 与 HXO（F₂例外）」；「从氟到碘：颜色逐渐加深，熔、沸点逐渐升高…氧化性逐渐减弱」——相似性与递变性总述，现绑别名逐字同题。,slice-91
CHEMISTRY,卤族元素,ext-che-3bd10b777e-011,卤族元素,,KEEP,「卤素单质与H2化合：F2最易、I2最难，生成HX稳定性HF大于HCl大于HBr大于HI」；「卤素单质可氧化Fe2+、SO2…（Cl2强于Br2；I2不能氧化Fe2+）」——卤素单质化学性质的共性与递变，属现绑边界。,slice-91
CHEMISTRY,卤族元素,ext-che-466258eff2-009,卤族元素,,KEEP,「相似性：…④能与碱反应…⑤卤素单质间能发生置换反应」；「递变性：①从F2到I2状态由气态过渡到固态…颜色逐渐加深」——相似性递变性与特殊性全套，正合现绑边界。,slice-91
CHEMISTRY,卤族元素,ext-che-51e309bf0b-008,卤族元素,,KEEP,「都能与大多数金属反应，如 $2Fe+3Br_2=2FeBr_3$」「递变性：从 $F_2$ 到 $I_2$，单质颜色逐渐加深，熔、沸点逐渐升高」——卤素单质的相似性与递变性；别名逐字含本条标题，正合现绑边界。,slice-91
CHEMISTRY,卤族元素,ext-che-5292ff1265-015,卤族元素,,KEEP,「物理性质相似性：都有颜色、有毒，在水中溶解度不大，易溶于苯、汽油、四氯化碳、酒精等有机溶剂」；「氧化性由强到弱为 F2 大于 Cl2 大于 Br2 大于 I2」——卤素单质性质的相似性与递变性，属现绑边界。,slice-91
CHEMISTRY,卤族元素,ext-che-5c62da9e03-2194,卤族元素,,KEEP,「①卤族元素位于周期表第ⅦA族；②最外层上都有 7 个电子」；「从 F→I 核电荷数依次增大，电子层数依次增多，原子半径依次增大」——卤素原子结构特点，现绑别名逐字同题。,slice-91
CHEMISTRY,卤族元素,ext-che-5c62da9e03-2201,卤族元素,,KEEP,「卤素单质物理性质的递变性：从上到下，密度逐渐增大、颜色逐渐加深、状态由气态到液态到固态；从上到下，熔、沸点逐渐升高」——物理性质递变性，现绑别名逐字同题。,slice-91
CHEMISTRY,卤族元素,ext-che-5c62da9e03-2212,卤族元素,,KEEP,「从 F2 到 I2，与 H2 反应剧烈程度依次减弱，生成的气态氢化物的稳定性依次减弱」——卤素与氢气反应的递变性；正合现绑边界『（2）卤素单质性质的递变性』。,slice-91
CHEMISTRY,卤族元素,ext-che-5c62da9e03-2217,卤族元素,,KEEP,「置换反应：Cl2＋2KBr＝2KCl＋Br2（CCl4 层呈橙红色）」「结论：Cl2→I2 氧化性逐渐减弱，相应卤素离子的还原性逐渐增强」——卤素单质间置换与氧化性顺序，现绑别名逐字同题。,slice-91
CHEMISTRY,卤族元素,ext-che-5c62da9e03-321d,卤族元素,氯气,REBIND,「氯气与金属、非金属：2Na＋Cl₂＝2NaCl（加热）…2Fe＋3Cl₂＝2FeCl₃（加热）」；「实验室制Cl₂：MnO₂＋4HCl(浓)＝MnCl₂＋Cl₂↑＋2H₂O（加热）」——通篇只讲氯气自身反应与制取；现绑『卤族元素』为族水平相似性递变性无涉，靶『氯气』边界含氯气化学性质、实验室制取与含氯方程式组。,slice-91
CHEMISTRY,卤族元素,ext-che-5c62da9e03-322,卤族元素,电解饱和食盐水-氯碱工业,REBIND,「氯碱工业：2NaCl＋2H₂O＝2NaOH＋H₂↑＋Cl₂↑（电解）」；「工业制钠：2NaCl(熔融)＝2Na＋Cl₂↑（电解）」——通篇电解制氯碱与工业制钠，现绑『卤族元素』无涉；靶节点主收电解饱和食盐水氯碱工业并及氯气的工业制法。,slice-91
CHEMISTRY,卤族元素,ext-che-7b047ad8e8-010,卤族元素,,KEEP,「HF 是弱酸但能腐蚀玻璃，应保存在铅制器皿或塑料瓶中」「淀粉溶液遇 I2 变蓝；I2 加热时易升华」——卤素单质及化合物的特殊性质；正合现绑边界『（3）卤素单质的特殊性』，别名逐字含本条标题。,slice-91
CHEMISTRY,卤族元素,ext-che-9635499c18-005,卤族元素,,KEEP,「与氢气反应越来越困难，氢化物稳定性HF＞HCl＞HBr＞HI，说明非金属性F＞Cl＞Br＞I」「特例Fe＋I2→FeI2」——卤素单质化学性质的递变；正合现绑边界（相似性/递变性/特殊性）。,slice-91
CHEMISTRY,卤族元素,ext-che-9635499c18-007,卤族元素,卤素互化物与拟卤素,REBIND,「概念：由两种或三种卤素组成的共价型化合物，如IBr、ICl、ICl3、BrF3、ClF3等」「容易水解，如ICl＋H2O＝HCl＋HIO」——通篇卤素互化物的概念与性质；现绑『卤族元素』只收单质的相似/递变/特殊性，专点『卤素互化物与拟卤素』已收同族《卤素互化物与拟卤素的性质类比》。,slice-91
CHEMISTRY,卤族元素,ext-che-d448baba5f-021,卤族元素,,KEEP,「相似性：卤素单质都能与大多数金属反应（溴与铁生成FeBr3，但I2与铁只能生成FeI2）；都能与H2反应生成卤化氢」；「特殊性：①氟没有正价…氢氟酸是弱酸、能腐蚀玻璃」——相似性、递变性、特殊性三块俱全，正合现绑边界(1)(2)(3)。,slice-91
CHEMISTRY,卤族元素,ext-che-d5446e6215-022,卤族元素,,KEEP,「能与大多数金属反应：2Fe+3Br2=2FeBr3、Fe+I2=FeI2」；「卤素单质间能发生置换反应：Cl2+2Br-=Br2+2Cl-」——卤素单质相似性条文，现绑别名逐字同题。,slice-91
CHEMISTRY,卤族元素,ext-che-d5446e6215-023,卤族元素,,KEEP,「从F2到I2，状态由气态过渡到固态（Br2常温下呈液态、I2常温下呈固态），颜色逐渐加深，熔、沸点逐渐升高」；「单质氧化性逐渐减弱」——递变性条文，现绑别名逐字同题。,slice-91
CHEMISTRY,卤族元素的易错点,ext-che-15fcabc7cf-002d,卤族元素的易错点,,KEEP,「AgF易溶于水，CaF2与MgF2均难溶于水」「Br2是深红棕色液体，易挥发」「淀粉溶液遇I2变蓝」——卤素特性条，现绑边界（5）即AgF溶解性；别名原题。,slice-91
CHEMISTRY,卤族元素的易错点,ext-che-5292ff1265-017,卤族元素的易错点,,KEEP,「2. 化学性质核心：氧化性F2大于Cl2大于Br2大于I2…3. 特性反应：HF腐蚀玻璃」「AgX具有光敏性」——递变与特性反应合讲；别名原题在现绑（与『卤族元素』族内重叠）。,slice-91
CHEMISTRY,卤族元素的易错点,ext-che-5c62da9e03-2206,卤族元素的易错点,,KEEP,「①不能用F2从水溶液中置换出其他卤素单质，因为F2与水反应生成O2」——与现绑边界（1）同句；别名原题在现绑。,slice-91
CHEMISTRY,卤族元素的易错点,ext-che-5c62da9e03-2218,卤族元素的易错点,,KEEP,「相似性：卤素单质与氢气反应生成HX…例外：2F2＋2H2O＝4HF＋O2」——与现绑边界（1）（氟不能从水溶液置换、F2与水反应）一致；别名原题。,slice-91
CHEMISTRY,卤族元素的易错点,ext-che-5c62da9e03-2222,卤族元素的易错点,,KEEP,「①溴单质在常温下是唯一的液态非金属单质。②碘为紫黑色固体，易升华。③HF为弱酸，其水溶液能腐蚀玻璃」——卤素特殊性即易错点，别名原题在现绑。,slice-91
CHEMISTRY,卤族元素的易错点,ext-che-9635499c18-005b,卤族元素的易错点,,KEEP,「HF是有剧毒的气体；其水溶液氢氟酸是弱酸…能腐蚀玻璃，故应保存在塑料瓶中」——卤素特性与保存；现绑边界（8）即HF弱酸；别名原题在现绑。,slice-91
CHEMISTRY,卤族元素的易错点,ext-che-d5446e6215-024,卤族元素的易错点,,KEEP,「氟：氟元素无正价，非金属性最强」「溴：Br2是深红棕色液体、易挥发，应水封保存」「碘：淀粉溶液遇I2变蓝」——卤素特性，别名原题在现绑。,slice-91
CHEMISTRY,卤族元素的易错点,ext-che-d5446e6215-025,卤族元素的易错点,,KEEP,「HF是弱酸，能腐蚀玻璃，应保存在铅制器皿或塑料瓶中；酸性强弱顺序为HI>HBr>HCl>HF」——现绑边界（4）（8）覆盖；别名『卤化氢与卤化银的性质』在现绑。,slice-91
CHEMISTRY,卤素离子的检验方法,chem-fx-entry-f09x12,卤素离子的检验方法,,KEEP,「Cl-；Br-；I-：AgNO3溶液和稀HNO3；产生 沉淀：AgCl」——卤素离子的硝酸银沉淀检验，属现绑『卤素离子的检验方法』（硝酸银法按沉淀颜色区分）。,slice-91
CHEMISTRY,卤素离子的检验方法,chem-fx-entry-f76x05,卤素离子的检验方法,,KEEP,「产生白色沉淀AgCl；产生淡黄色沉淀AgBr；产生黄色沉淀AgI」——卤素离子的硝酸银沉淀检验与颜色区分，属现绑『卤素离子的检验方法』。,slice-91
CHEMISTRY,压强平衡常数,chem-fx-hun-he-qi-ti-de-zong-ya-deng-yu-xiang-f44x06,压强平衡常数,,KEEP,「混合气体的总压等于相同温度下各组分气体的分压之和」——现绑别名逐字含该句原文。,slice-91
CHEMISTRY,压强平衡常数,chem-hj-fenya-fenyadinglv,压强平衡常数,,KEEP,「分压：同温下某组分气体单独占据与混合气体相同体积时所具有的压强」「分压定律：p总=pA+pB+pC+…」——分压概念与分压定律；现绑别名逐字含该题名。,slice-91
CHEMISTRY,压强平衡常数的计算,ext-che-1880b6dbb6-077,压强平衡常数的计算,,KEEP,「对于恒温恒容反应，气体的压强与其物质的量成正比」「可用分压代替物质的量运用「三段式」法进行计算」——分压三段式算 Kp，在现绑边界“已知起始分压”情境内。,slice-91
CHEMISTRY,压强平衡常数的计算,ext-che-4dd2e79693-078,压强平衡常数的计算,,KEEP,「**简化二·用题给分压比直接列方程**：分压之比等于物质的量之比」「把量分数乘以总压得分压」——由题给分压比反求转化量并算 Kp，现绑别名逐字含此标题。,slice-91
CHEMISTRY,压强平衡常数的计算,ext-che-4dd2e79693-079,压强平衡常数的计算,,KEEP,「**由 Δp 反求转化量**」「由分压之比等于物质的量之比得」——由分压求转化率与 Kp；「0.03」为代回 Kp 表达式的计算结果。,slice-91
CHEMISTRY,压强平衡常数的计算,ext-che-4dd2e79693-079b,压强平衡常数的计算,,KEEP,「体系中不参与反应的气体（如 Ar）转化量记 0，但它仍占据体系总压的一部分」「计算平衡总物质的量时必须把它算进去」——现绑别名逐字含此标题。,slice-91
CHEMISTRY,压强平衡常数的计算,ext-che-4dd2e79693-082,压强平衡常数的计算,,KEEP,「恒温恒压体系中不参与反应的气体（如 Ar）的分压可以设为」「避免单独去求容器的体积」——把各组分分压都用惰性气体分压表示再算 Kp，现绑别名逐字含此标题。,slice-91
CHEMISTRY,压强平衡常数的计算,ext-che-4dd2e79693-082c,压强平衡常数的计算,,KEEP,「某气体的分压 = 总压 × 摩尔分数，所以 Kp 表达式中各分压的比值就等于对应摩尔分数的比值」——由摩尔分数算分压代入 Kp，现绑别名逐字含此标题。,slice-91
CHEMISTRY,原子核外电子排布,chem-fx-hong-te-gui-ze-f29x08,原子核外电子排布,,KEEP,「洪特规则：对于基态原子，核外电子在能量相同的原子轨道上排布时，将尽可能分占不同的原子轨道并且自族状态相同」——洪特规则，现绑『原子核外电子排布』三大规律之一。,slice-91
CHEMISTRY,原子核外电子排布,ext-che-5c62da9e03-2130,原子核外电子排布,,KEEP,「能量最低原理：核外电子总是尽可能地先排布在能量最低的电子层，然后再由内向外排布在能量逐步升高的电子层里」——能量最低原理，现绑节点三大规律之一。,slice-91
CHEMISTRY,原子核外电子排布,ext-che-5c62da9e03-933,原子核外电子排布,,KEEP,「基态原子中，填入简并轨道的电子总是先单独分占，且自旋平行」「简并轨道上的电子排布处于全充满、半充满和全空状态时，具有较低的能量和较大的稳定性」——洪特规则与稳定性规律，属现绑节点。,slice-91
CHEMISTRY,原子核外电子排布,ext-che-5c62da9e03-937,原子核外电子排布,,KEEP,「在构建基态原子时，电子将尽可能地占据能量最低的原子轨道，使整个原子的能量最低」——能量最低原理，属现绑『原子核外电子排布』。,slice-91
CHEMISTRY,原子核外电子排布,ext-che-685a4a9f63-050,原子核外电子排布,,KEEP,「自旋磁量子数ms表示同一原子轨道中电子的两种自旋状态」「基态氟原子……价电子自旋磁量子数的代数和可为+1/2或－1/2」——电子自旋（泡利原理）与电子排布，别名逐字在现绑节点。,slice-91
CHEMISTRY,原子核外电子排布,ext-che-c00fa0f1f7-011,原子核外电子排布,,KEEP,「构造原理：随着核电荷数的递增……这个电子大多按能级顺序填充」「当能量相同的原子轨道处于全充满(p6、d10、f14)、半充满(p3、d5、f7)或全空状态时，体系的能量最低」——构造原理与洪特规则特例，正合现绑节点。,slice-91
CHEMISTRY,原子结构,ext-che-5c62da9e03-2133,原子结构,,KEEP,「核外电子排布的数量规律：次外层最多容纳的电子数不超过 18 个（次外层为 K 层时，最多不超过 2 个）」——核外电子排布的数量规律，属现绑『原子结构』（别名逐字含次外层电子数的限制）。,slice-91
CHEMISTRY,原子结构与元素周期表的关系,ext-che-5c62da9e03-953,原子结构与元素周期表的关系,,KEEP,「族的划分与原子的价层电子数目和价层电子排布密切相关，一般情况下同族元素的价层电子数目相同」——别名『核外电子排布与族的划分』在现绑。,slice-91
CHEMISTRY,原子结构易混易错知识点,ext-che-5c62da9e03-2123,原子结构易混易错知识点,,KEEP,「核外电子数相同的粒子质子数不一定相同，如 Na+ 和 Al3+ 的核外电子数都是 10，但质子数分别为 11 和 13」——原子构成的概念易错判断，属现绑“原子结构易混易错知识点”。,slice-91
CHEMISTRY,原子结构易混易错知识点,ext-che-5c62da9e03-2144,原子结构易混易错知识点,原子核外电子排布,REBIND,「最外层排满 8 个电子（He 为 2 个）的电子层结构为相对稳定结构」——核外电子排布规律（最外层电子数限制）；现绑边界自述“不涉及电子排布的具体应用”。,slice-91
CHEMISTRY,原子结构易混易错知识点,ext-che-ed2c3e836f-002,原子结构易混易错知识点,核外电子运动状态的表示和判断,REBIND,「电子的空间运动状态总数≠电子的运动状态总数」——运动状态与空间运动状态的计数区分，正是目标节点边界；现绑边界自述“不涉及电子排布”。,slice-91
CHEMISTRY,原电池,ext-che-3b6c218622-002b,原电池,盐桥的作用与双液原电池,REBIND,「盐桥中装有含饱和氯化钾溶液的琼脂」「其作用有两个：一是连接内电路，形成闭合回路；二是平衡两个半电池中的电荷」——通篇盐桥组成与作用；靶节点『盐桥的作用与双液原电池』（4条）即此（同型 chem-hj-yanqiao-zuoyong 已改绑此点），现绑『原电池』边界为定义与构成条件。,slice-91
CHEMISTRY,原电池原理的应用,ext-che-02e43d3aeb-006,原电池原理的应用,,KEEP,「由于 AgI 的 Ksp 很小，推动了反应 Ag - e- = Ag+ 正向进行，相当于增大了 Ag 的还原性」——现绑别名逐字含本条标题（难溶物的生成对电极反应的影响）。,slice-91
CHEMISTRY,原电池原理的应用,ext-che-5c62da9e03-366,原电池原理的应用,,KEEP,「把 1 个柠檬换成 2 个柠檬时，多个同种水果串联形成的电压大于单个水果」——水果电池电压影响因素，同节点已收『水果电池电压的影响因素』同族材料。,slice-91
CHEMISTRY,原电池原理的应用,ext-che-86a0fcc39c-006,原电池原理的应用,,KEEP,「使被保护的金属制品作原电池的正极…锌作原电池的负极被腐蚀，铁被保护」「把氧化还原反应分成两个半反应」——现绑边界含『将金属制品作为原电池正极加以保护』，别名含设计原电池四步。,slice-91
CHEMISTRY,原电池原理的应用,ext-che-f9fefe7500-027,原电池原理的应用,,KEEP,「将 B 替换为 C 后 C 为负极、A 变为正极，则可知电极的还原性顺序为 C>A>B」——由原电池比较金属活动性强弱，现绑边界与别名（『用原电池比较金属活动性强弱』）均含此项。,slice-91
CHEMISTRY,原电池的工作原理-以zn-cu原电池为例,chem-fx-zong-fan-ying-f39x01,原电池的工作原理-以zn-cu原电池为例,,KEEP,「总反应：Zn+Cu2+=Cu+Zn2+」「盐桥中装有含KCl饱和溶液的琼脂凝胶」——锌铜原电池的总反应与盐桥组成；现绑别名逐字含『总反应』『原电池的工作原理与盐桥的作用』。,slice-91
CHEMISTRY,反应热,chem-fx-huo-jian-de-di-yi-er-ji-fa-dong-ji-zho-f38x03,反应热,,NONE,「火箭的第一、二级发动机中，所用的燃料为偏二甲肼和四氧化二氮」「二者反应生成氮气和气态水。已知」——仅教材习题题干片段（以“已知”截断），无解析无结论，同 kit-74/47 判例。,slice-91
CHEMISTRY,反应热,chem-fx-shi-yan-xiao-jie-f38x11,反应热,,KEEP,「不能直接测反应A的焓变」「特别是气体生成带来的干扰，需要设计出实验过程中无气体生成的实验方案」——反应热测定的实验设计，现绑别名含『反应热的定义与测定』。,slice-91
CHEMISTRY,反应热大小的比较,chem-fx-fang-fa-yi-f38x06,反应热大小的比较,,KEEP,「由反应⑤-反应⑥可得S(g)=S(s)　ΔH=ΔH5-ΔH6<0，故ΔH5<ΔH6」「方法一：图像法，画出上述两反应能量随反应过程的变化曲线」——盖斯定律转化与能量图比较ΔH，现绑别名逐字含『方法一』『用能量图比较反应热的大小』。,slice-91
CHEMISTRY,反应热的五种计算方法,chem-fx-an-qi-zhong-qing-han-liang-gao-f43x10,反应热的五种计算方法,,NONE,「10．氨气中氢含量高，是一种优良的小分子储氢载体，且安全、易储运，可通过下面两种方法由氨气得到氢气」「方法Ⅰ.氨热分解法制氢气」——仅例题题干与未随文收录的键能数据表标题，无独立知识结论（同 kit-26/51/74 判例）。,slice-91
CHEMISTRY,合成高分子,ext-che-8179029ae7-031,合成高分子,,KEEP,「单体分子之间以缩合方式相互连接并生成高分子的反应即缩合聚合反应」「缩聚反应通常伴有小分子（如H2O、HX等）生成」——缩聚定义与特点，别名逐字同题。,slice-91
CHEMISTRY,合成高分子,ext-che-8179029ae7-044,合成高分子,,KEEP,「对淀粉、纤维素等天然吸水材料进行改性…或用带有强亲水基团的烯类单体进行聚合」——高吸水性树脂的制备思路，别名逐字同题。,slice-91
CHEMISTRY,合成高分子反应的化学方程式的书写,ext-che-8179029ae7-030,合成高分子反应的化学方程式的书写,,KEEP,「单炔自聚型的书写口诀是三键打开、变成双键、中间相连、添上括号、右下写n」「环状化合物也能发生加聚」——加聚方程式书写（由单体写产物），现绑别名逐字收录本条标题。,slice-91
CHEMISTRY,合成高分子反应的化学方程式的书写,ext-che-da762160bd-027,合成高分子反应的化学方程式的书写,聚合反应及聚合物单体的判断,REBIND,「主链仅两个碳（无其他原子）为一种单体，两半键闭合」「链节含酯键（C—O）时断C—O」——由链节反推单体，正合目标节点边界『凡链节主链只有两个碳原子(无其他原子)的聚合物…将两个半键闭合』及『含酯基链节的单体判断』；现绑只讲方程式书写。,slice-91
CHEMISTRY,合成高分子的结构和性质,ext-che-5c62da9e03-1665,合成高分子的结构和性质,,KEEP,「羟基酸类…自身缩聚脱水，得到聚酯型链节 —O—CH(R)—CO—」「二元羧酸与二元醇…两种单体交替成键，生成聚酯并脱去 (2n−1) 个 H₂O」——由单体推缩聚产物；同页同题材料前轮已收现绑节点，按先例保留（备选见备注）。,slice-91
CHEMISTRY,合成高分子的结构和性质,ext-che-5c62da9e03-1673,合成高分子的结构和性质,,KEEP,「热塑性塑料为线型、支链型结构，加热可熔融、可反复加工」「高分子链含较多支链、链间相对远而疏」——正合现绑边界『线型、支链型与网状结构及其性质差异…由高分子结构推断材料的用途与性能』，保留。,slice-91
CHEMISTRY,合成高分子的结构和性质,ext-che-5c62da9e03-2633,合成高分子的结构和性质,,KEEP,「由加聚反应得到的高分子中，各元素的质量分数与单体中各元素的质量分数相同」「因为加聚时单体分子全部进入高分子链，没有小分子副产物生成」——加聚产物与单体的组成关系；现绑别名含『合成高分子的组成与单体推断』，保留。,slice-91
CHEMISTRY,合成高分子的结构和性质,ext-che-8179029ae7-032,合成高分子的结构和性质,,KEEP,「缩聚时醇羟基上的氢与酸分子羧基上的羟基结合成水，生成聚酯类高分子」——缩聚机理属合成高分子基本方法；现绑别名逐字含本条标题，备选『合成高分子反应的化学方程式的书写』不确，保留。,slice-91
CHEMISTRY,合成高分子的结构和性质,ext-che-8179029ae7-033,合成高分子的结构和性质,,KEEP,「缩聚时由氨基上的氢与羧基上的羟基结合成水，形成酰胺键，生成聚酰胺类高分子」——氨基酸缩聚机理；现绑别名逐字含本条标题，保留。,slice-91
CHEMISTRY,合成高分子的结构和性质,ext-che-8179029ae7-034,合成高分子的结构和性质,,KEEP,「羟基酸缩聚：缩聚时由羟基上的氢与羧基上的羟基结合成水，生成聚酯」「以醛基中碳氧双键的氧原子与酚羟基邻位氢原子加成生成醇」——缩聚类型；现绑别名逐字含本条标题，保留。,slice-91
CHEMISTRY,合成高分子的结构和性质,ext-che-8179029ae7-039,合成高分子的结构和性质,,KEEP,「得到线型结构的酚醛树脂」「继续反应得到网状结构的酚醛树脂」——酚醛树脂随催化条件成线型或网状，属现绑结构差异面，别名逐字含本条标题，保留。,slice-91
CHEMISTRY,含官能团的链状有机物命名,chem-fx-xie-ming-cheng-f02x02,含官能团的链状有机物命名,,KEEP,「写名称：将支链作为取代基，写在“某醇”“某醛”或“某酸”的前面，用阿拉伯数字标明官能团的位置」——含官能团链状有机物的命名；别名『写名称』在现绑。,slice-91
CHEMISTRY,含苯环同分异构体数目的确定技巧,chem-fx-zu-he-fa-f03x07,含苯环同分异构体数目的确定技巧,,KEEP,「组合法：的苯环上的一氯代物的种类：—C4H9有4种，苯环上的取代基有3个氢原子能被Cl原子取代，故苯环上的一氯代物有3×4=12种」——取代基自身结构数目的乘法，现绑别名同名。,slice-91
CHEMISTRY,含苯环同分异构体数目的确定技巧,ext-che-4dd2e79693-117,含苯环同分异构体数目的确定技巧,,KEEP,「萘分子结构中心对称，其分子中的等效氢原子有 5 种，故一溴代物有 5 种」「萘的二溴代物有 $7+3=10$ 种」——含苯环稠环的同分异构体计数，与现绑定一移一同法。,slice-91
CHEMISTRY,含量-或转化率-时间-温度-压强-图像,chem-fx-chang-ya-xia-f46x19,含量-或转化率-时间-温度-压强-图像,,NONE,「(3)常压下，在某催化剂作用下按照n(C2H6):n(O2)=1:1投料制备乙烯，体系中C2H4和CO在含碳产物中的物质的量百分数及C2H6转化率随温度的变化如图所示。」——仅试题题干片段且依赖未收录的图，无独立知识结论。,slice-91
CHEMISTRY,含量-或转化率-时间-温度-压强-图像,ext-che-10fd6d055d-004,含量-或转化率-时间-温度-压强-图像,,KEEP,「\n起始物质相同时，达到平衡所用的时间越短，说明反应速率越快，对应的温度越高、压强越大或使」「\n图像中出现三个量（如转化率、温度、压强）时，先固定其中一个量不变，再讨论另外两个量的关」——先拐先平与定一议二，即现绑边界全文。,slice-91
CHEMISTRY,命名原则,ext-che-1e9a37df8e-010,命名原则,,KEEP,「①烯、炔、醛、酮、酸、酯等字指明官能团种类」——系统命名的四类信息，现绑『命名原则』别名『系统名称中四种字的含义』逐字同题。,slice-91
CHEMISTRY,喷泉实验,chem-fx-tan-jiu-f27x08,喷泉实验,,NONE,「探究Ⅱ：探究NO2、O2混合气体的喷泉实验」「(5)请在G装置中的虚线上描出导管实线图」——仅探究活动编号＋作图任务，依赖未收录的G装置图，无独立知识结论（同 kit-51/kit-60 判例）。,slice-91
CHEMISTRY,四羟基合铝酸盐的性质,ext-che-1ced0078c6-018b,四羟基合铝酸盐的性质,铝及其化合物之间的性质与应用,REBIND,「向含有Al3＋、NH4＋、H＋的混合溶液中逐滴加入NaOH溶液，反应顺序为」「与AlO2－不能大量共存的（阳）离子有H＋、Al3＋、NH4＋」——铝体系反应先后顺序与共存；靶节点别名含『铝相关混合液中反应先后顺序』『铝三角的应用：制备、共存与反应顺序』，同批同句材料已判 KEEP 于该节点。,slice-91
CHEMISTRY,四羟基合铝酸盐的性质,ext-che-c11998d60a-040,四羟基合铝酸盐的性质,,KEEP,「④HCO3－再放出CO2：HCO3－＋H＋=CO2↑＋H2O（HCO3－比Al(OH)3先反应）」——[Al(OH)4]－与酸反应的滴加顺序，现绑别名含『偏铝酸盐遇强酸、弱酸及滴加顺序不同时的图像差异』。,slice-91
CHEMISTRY,四羟基合铝酸盐的性质,ext-che-c9252b0263-020b,四羟基合铝酸盐的性质,,KEEP,「[Al(OH)4]⁻ 与足量 CO2：[Al(OH)4]⁻+CO2 生成 Al(OH)3↓+HCO3⁻。」——四羟基合铝酸盐与酸、CO2的分步反应，现绑别名『四羟基合铝酸钠与盐酸、CO2、AlCl3的反应』逐字同题。,slice-91
CHEMISTRY,在fecl3-cucl2混合溶液中-加入铁粉与铜粉的混合物,chem-fx-xian-you-he-de-hun-he-wu-f12x18,在fecl3-cucl2混合溶液中-加入铁粉与铜粉的混合物,过氧化钠,REBIND,独立复核订正：NONE 不成立——材料正文「11．现有Na2O和Na2O2的混合物14 g，加入适量水使其充分溶解得到溶液A和1.12 L气体B(标准状况下)」为 Na2O/Na2O2 与水反应的定量题头（气体体积/增重计算题材）；应改挂『过氧化钠』（边界：范围包括其与水和二氧化碳的反应、强氧化性；别名含过氧化钠与水、二氧化碳反应的定量关系与增重规律），备选『钠和钠的氧化物易错知识点』；现挂节点收该题头系标题弱匹配所致。,slice-91
CHEMISTRY,在化学研究中-物质的量浓度是使用最广泛的一种表示溶液浓度的方法,chem-hj-peizhi-yiding-nongdu-buzhou,在化学研究中-物质的量浓度是使用最广泛的一种表示溶液浓度的方法,溶液的配制步骤,REBIND,「步骤：计算→称量（托盘天平精确到 0.1 g）→溶解→冷却至室温后玻璃棒引流移液→洗涤…→定容…→摇匀」——一定物质的量浓度溶液的配制流程；现绑『在化学研究中』为试剂保存与识图的杂合节点。,slice-91
CHEMISTRY,在化学研究中-物质的量浓度是使用最广泛的一种表示溶液浓度的方法,ext-che-8cc878ccbe-012,在化学研究中-物质的量浓度是使用最广泛的一种表示溶液浓度的方法,物质的量浓度,REBIND,「物质的量浓度表示单位体积溶液里所含溶质B的物质的量」「溶质的质量分数以溶液里溶质质量与溶液质量的比值表示溶液组成…两者基准不同」——浓度与质量分数的定义比较；靶节点即以浓度表示及与质量分数换算为主。,slice-91
CHEMISTRY,在实验操作②中为什么依次加入的试剂都要略微过量-实验操作④中加入盐酸的目的是什么,chem-fx-shi-yan-cao-zuo-f14x05,在实验操作②中为什么依次加入的试剂都要略微过量-实验操作④中加入盐酸的目的是什么,纯碱中碳酸钠含量的测定方法,REBIND,「(2)实验操作：向m g纯碱样品中加入足量的稀硫酸，准确测量产生的CO2气体的体积」「纯碱样品中Na2CO3的质量分数」——气体法测纯碱中Na2CO3含量，同讲姊妹材料『气体法』已绑该节点。,slice-91
CHEMISTRY,在实验操作②中为什么依次加入的试剂都要略微过量-实验操作④中加入盐酸的目的是什么,chem-fx-shi-yan-cao-zuo-f14x07,在实验操作②中为什么依次加入的试剂都要略微过量-实验操作④中加入盐酸的目的是什么,纯碱中碳酸钠含量的测定方法,REBIND,「向溶液中加入过量的BaCl2溶液，经过滤、洗涤、干燥得BaCO3沉淀的质量为n g」——沉淀法测纯碱中Na2CO3含量，同讲姊妹材料『沉淀法』已绑该节点；现绑除杂原则无涉。,slice-91
CHEMISTRY,在实验操作②中为什么依次加入的试剂都要略微过量-实验操作④中加入盐酸的目的是什么,chem-fx-shi-yan-cao-zuo-shi-fou-gui-fan-f68x05,在实验操作②中为什么依次加入的试剂都要略微过量-实验操作④中加入盐酸的目的是什么,化学实验方案的评价,REBIND,「(3)实验操作是否规范。」「(4)实验现象与结论是否具有因果关系」——实验方案评价的两个检查角度；目标节点别名含『实验方案评价的四个维度』，现绑除杂原则无涉。,slice-91
CHEMISTRY,在实验操作②中为什么依次加入的试剂都要略微过量-实验操作④中加入盐酸的目的是什么,chem-fx-shi-yan-cao-zuo-yu-yi-qi-de-xuan-ze-f51x01,在实验操作②中为什么依次加入的试剂都要略微过量-实验操作④中加入盐酸的目的是什么,滴定操作,REBIND,「(2)滴定前准备」「滴定管：查漏→洗涤→润洗→装液→→记录」——滴定管的检漏、润洗与装液；目标节点别名含『滴定管使用前的准备与洗涤』『滴定管的检漏、润洗与装液』。,slice-91
CHEMISTRY,在实验操作②中为什么依次加入的试剂都要略微过量-实验操作④中加入盐酸的目的是什么,chem-fx-xiang-cheng-qing-shi-hui-shui-zhong-ji-f08x17,在实验操作②中为什么依次加入的试剂都要略微过量-实验操作④中加入盐酸的目的是什么,离子方程式,REBIND,「①向澄清石灰水中加入稀盐酸」「②Na2SO4溶液与AgNO3溶液混合」「③铵盐溶液与强碱溶液混合加热检测NH」——三条均为该讲离子方程式书写的反应素材（含微溶物与加热条件），现绑除杂原则与之无涉。,slice-91
CHEMISTRY,在实验操作②中为什么依次加入的试剂都要略微过量-实验操作④中加入盐酸的目的是什么,chem-fx-xuan-ze-de-tu-jing-yao-zui-jia-f67x08,在实验操作②中为什么依次加入的试剂都要略微过量-实验操作④中加入盐酸的目的是什么,,KEEP,「(3)选择的途径要最佳。」「(4)除去多种杂质时要考虑加入试剂的先后顺序」——除杂/提纯的原则，别名逐字同题（备选『物质分离提纯的常用方法』只讲方法，见备注）。,slice-91
CHEMISTRY,在实验操作②中为什么依次加入的试剂都要略微过量-实验操作④中加入盐酸的目的是什么,ext-che-b7debce28d-004,在实验操作②中为什么依次加入的试剂都要略微过量-实验操作④中加入盐酸的目的是什么,气体制备,REBIND,「酸性杂质用碱性吸收剂，碱性杂质用酸性吸收剂」「收集据水溶性和密度选择；排空气法还要考虑是否与空气反应（如NO不能用排空气法）」——气体的净化、干燥与收集属气体制备流程；同材料批4已判改绑。,slice-91
CHEMISTRY,在浓差电池中-为了限定某些离子的移动-常涉及到-离子交换膜,chem-hj-lizi-jiaohuanmo-leixing-zuoyong,在浓差电池中-为了限定某些离子的移动-常涉及到-离子交换膜,,KEEP,「类型：阳膜只允许阳离子通过；阴膜只允许阴离子通过；质子交换膜只允许 H+ 通过；双极膜一侧阳膜一侧阴膜」「迁移离子所带电荷总数等于外电路转移电子总数」——离子交换膜类型与作用（含电荷守恒计算），属现绑节点。,slice-91
CHEMISTRY,在浓差电池中-为了限定某些离子的移动-常涉及到-离子交换膜,chem-hj2-lizi-jiaohuanmo-leixing-gongneng,在浓差电池中-为了限定某些离子的移动-常涉及到-离子交换膜,,KEEP,「双极膜：中间层H2O解离为H+和OH-，电场下分别经阳膜侧、阴膜侧向两极迁移」「功能：选择性透离子、分隔两极产物、维持电荷平衡与溶液电中性」——离子交换膜的类型与功能，属现绑节点。,slice-91
CHEMISTRY,在浓差电池中-为了限定某些离子的移动-常涉及到-离子交换膜,chem-ion-exchange-membrane-types,在浓差电池中-为了限定某些离子的移动-常涉及到-离子交换膜,,KEEP,「阳离子交换膜：只允许阳离子（H+、Na+等）通过，常用于两极区产物为碱（如NaOH）的一侧」「双极膜：将水解离为H+和OH-分别供给两极区」——膜的类型与功能判断，现绑别名逐字含本标题。,slice-91
CHEMISTRY,在浓差电池中-为了限定某些离子的移动-常涉及到-离子交换膜,chem-kb-ion-exchange-membranes,在浓差电池中-为了限定某些离子的移动-常涉及到-离子交换膜,,KEEP,「常见膜：阳离子交换膜（只允许阳离子包括H＋通过）、阴离子交换膜（只允许阴离子通过）、质子交换膜（只允许H＋通过）」「作用：隔离两极区阻止两极物质反应；选择性允许离子通过，平衡电荷、形成闭合回路」——离子交换膜的类型与作用，正合现绑节点边界(1)(2)。,slice-91
CHEMISTRY,在饱和溶液中加入少量的溶液产生沉淀-若以ksp表示的溶度积常数-则平衡后溶液中,chem-fx-bao-he-rong-ye-f28x10,在饱和溶液中加入少量的溶液产生沉淀-若以ksp表示的溶度积常数-则平衡后溶液中,气体制备,REBIND,「③饱和NaHS溶液——收集H2S」「气体从橡胶管进入，可将水由A瓶排入B瓶，在A瓶中收集到气体」——气体收集与储气式集气（排液收集）；靶『气体制备』别名含『排水法』『排空气法』『制备实验中收集装置与尾气处理的选择』；同源 f28x07/f28x08（kit-08 判例）同归该节点。,slice-91
CHEMISTRY,在饱和溶液中加入少量的溶液产生沉淀-若以ksp表示的溶度积常数-则平衡后溶液中,chem-fx-jiang-de-dao-de-rong-ye-yong-wu-hui-lv-f70x11,在饱和溶液中加入少量的溶液产生沉淀-若以ksp表示的溶度积常数-则平衡后溶液中,定量测定型综合实验,REBIND,独立复核订正：NONE 不成立——材料正文「②将得到的溶液用无灰滤纸(灰分质量很小，可忽略)过滤，洗涤沉淀3～4次」为重量法（沉淀法）定量测定的操作步骤；应改挂『定量测定型综合实验』（边界：重量分析要求被测组分能定量分离且称量形式组成稳定），备选『物质含量的测定方法』或同讲片段去处『定量实验数据的采集与处理』；现挂节点与材料无关。,slice-91
CHEMISTRY,在饱和溶液中加入少量的溶液产生沉淀-若以ksp表示的溶度积常数-则平衡后溶液中,chem-fx-qu-shao-liang-gai-rong-ye-jia-rong-ye-f76x24,在饱和溶液中加入少量的溶液产生沉淀-若以ksp表示的溶度积常数-则平衡后溶液中,常见阳离子的检验与推断依据,REBIND,独立复核订正：NONE 不成立——现挂节点与材料无关且存在明确去向。材料正文「①取少量该溶液加NaOH溶液共热，产生刺激性气味的气体，未观察到其他明显现象」即加碱共热产生刺激性气味气体的 NH4+ 检验，对应『常见阳离子的检验与推断依据』（边界：重点掌握铵根等常见阳离子的特征现象与推断依据）；同源片段 chem-fx-shi-yan-f76x22 已挂『离子推断的基本原则』。,slice-91
CHEMISTRY,在饱和溶液中加入少量的溶液产生沉淀-若以ksp表示的溶度积常数-则平衡后溶液中,chem-fx-xi-an-shui-zhong-jia-ru-shao-liang-bin-f08x11,在饱和溶液中加入少量的溶液产生沉淀-若以ksp表示的溶度积常数-则平衡后溶液中,金属导电和电解质溶液导电的对比,REBIND,「稀氨水中加入少量冰醋酸，溶液的导电能力增强，因为它们相互反应，生成强电解质CH3COONH4」——外加电解质对原电解质溶液导电能力的影响；靶『金属导电和电解质溶液导电的对比』边界含“外加电解质对溶液导电能力的影响”；现绑『沉淀转化方向的判断』无涉。,slice-91
CHEMISTRY,在饱和溶液中加入少量的溶液产生沉淀-若以ksp表示的溶度积常数-则平衡后溶液中,chem-fx-yi-zhi-wang-xiu-de-ben-rong-ye-zhong-j-f59x07,在饱和溶液中加入少量的溶液产生沉淀-若以ksp表示的溶度积常数-则平衡后溶液中,苯的取代反应实验,REBIND,「往溴的苯溶液中加入少量铁屑能迅速反应，其过程如下：3Br2+2Fe=2FeBr3」——苯的溴代（铁屑/FeBr3 催化）反应过程，属『苯的取代反应实验』（备选『苯的化学性质』）；现绑『沉淀转化方向的判断』无涉。,slice-91
CHEMISTRY,在饱和溶液中加入少量的溶液产生沉淀-若以ksp表示的溶度积常数-则平衡后溶液中,chem-fx-you-yi-ping-cheng-qing-de-rong-ye-f76x29,在饱和溶液中加入少量的溶液产生沉淀-若以ksp表示的溶度积常数-则平衡后溶液中,离子推断的基本原则,REBIND,独立复核订正：NONE 不成立——材料正文「93．有一瓶澄清的溶液，其中可能含有NH、Mg2+、Ba2+、Al3+、Cl-、I-、NO、CO、SO、AlO、SO，取该溶液进行以下实验」为离子推断题题干；应改挂『离子推断的基本原则』（边界：推断题一旦某一步判断错误会连锁出错）；同源推断题片段 chem-fx-shi-yan-f76x22、chem-fx-ken-ding-xing-yuan-ze-f76x01 已挂该节点；现挂节点与材料无关。,slice-91
CHEMISTRY,在饱和溶液中加入少量的溶液产生沉淀-若以ksp表示的溶度积常数-则平衡后溶液中,chem-fx-you-yi-ping-cheng-qing-de-rong-ye-f76x31,在饱和溶液中加入少量的溶液产生沉淀-若以ksp表示的溶度积常数-则平衡后溶液中,离子推断的基本原则,REBIND,独立复核订正：NONE 不成立——材料正文「95．有一瓶澄清的溶液，其中可能含有NH、K+、Ba2+、Al3+、Fe3+、I-、NO、CO、SO、AlO。」为离子推断题题干，题干主体应改挂『离子推断的基本原则』；第②步 I- 检验「②取溶液适量，加入少量CCl4和数滴新制氯水，振荡，CCl4层呈紫红色」对应『常见阴离子的检验与推断依据』（备选『卤素离子的检验方法』）；现挂节点与材料无关。,slice-91
CHEMISTRY,在饱和溶液中加入少量的溶液产生沉淀-若以ksp表示的溶度积常数-则平衡后溶液中,chem-hj2-ksp-gainian-yingyong,在饱和溶液中加入少量的溶液产生沉淀-若以ksp表示的溶度积常数-则平衡后溶液中,溶度积,REBIND,「Ksp=c^m(Mn+)·c^n(Am-)，只与温度有关」「浓度商Q与Ksp比较：Q>Ksp生成沉淀至饱和」——溶度积概念、表达式与Q判断（正文另含沉淀转化方向与应用）；靶『溶度积』别名逐字含『溶度积常数的概念、表达式与Q判断』；现绑边界自述“区别于……溶度积的定义与表达式”。,slice-91
CHEMISTRY,基态、激发态与原子光谱,ext-che-5c62da9e03-942,基态、激发态与原子光谱,,KEEP,「其发光机制与氢原子光谱形成的机制基本相同」「电子吸收能量后跃迁到能量较高的轨道」「以光的形式辐射能量而跃迁回能量较低的轨道」——电子跃迁发光，现绑『基态、激发态与原子光谱』边界已含“霓虹灯发光属于物理变化”。,slice-91
CHEMISTRY,基本概念,ext-che-5c62da9e03-258,基本概念,合成高分子,REBIND,「概念：单体分子间通过缩合反应生成高分子的反应简称缩聚反应」「缩聚反应在生成高分子的同时还生成小分子副产物」——缩聚定义与特点，同类材料两轮裁定入『合成高分子』（别名『缩合聚合反应的定义与特点』）；现绑只界单体/链节/聚合度。,slice-91
CHEMISTRY,基本概念,ext-che-c7985d4033-020,基本概念,,KEEP,「单体：能够进行聚合反应形成高分子的小分子化合物」「链节：高分子中化学组成相同、可重复的最小结构单元」「聚合度：高分子链中含有链节的数目」——与现绑『单体、链节与聚合度』逐字同题。,slice-91
CHEMISTRY,基本概念,ext-che-f4c8896f6c-019,基本概念,,KEEP,「有机高分子化合物是由许多小分子化合物以共价键结合成的、相对分子质量很大的一类化合物」「聚合物的平均相对分子质量等于链节的相对式量乘以聚合度」——现绑边界逐字给出该关系式。,slice-91
CHEMISTRY,基本营养物质,ext-che-5c62da9e03-2726,基本营养物质,,KEEP,「动物的肌肉、皮肤、毛发等主要成分都是蛋白质」「是抗体生成所必需的物质，还是提供人体活动所需能量的物质之一」——蛋白质在人体内的营养作用，同节点已收同页材料『蛋白质在人体内的功能（《53知识清单·化学》第153页）』。,slice-91
CHEMISTRY,复杂氧化还原反应的计算,ext-che-1422ee20c2-049c,复杂氧化还原反应的计算,,KEEP,「由第一步知 2 mol $\mathrm{CuI}$ 生成 1 mol $\mathrm{I_2}$，由第二步知 1 mol $\mathrm{I_2}$ 消耗 2 mol $\mathrm{Na_2S_2O_3}$」——多步氧化还原的关系式法，落现绑『复杂氧化还原反应的计算』。,slice-91
CHEMISTRY,复杂氧化还原反应的计算,ext-che-653b80986d-011,复杂氧化还原反应的计算,,KEEP,「无论经过多少步，只看起点与终点的得失电子总数」「多池串联：流经各电极（各池）的电子数相等」——电子守恒法的应用，落现绑节点。,slice-91
CHEMISTRY,复杂氧化还原反应的计算,ext-che-6bd4aa9e6c-011,复杂氧化还原反应的计算,,KEEP,「对于多步连续的氧化还原反应，可根据电子传递找出起始反应物与最终生成物之间的关系进行计算，忽略中间反应过程」——现绑边界即用电子守恒建立关系式列方程。,slice-91
CHEMISTRY,外界条件对化学平衡的影响,chem-dichromate-equilibrium-color,外界条件对化学平衡的影响,,KEEP,「滴加数滴6 mol/L NaOH溶液，溶液变黄色」「再滴加稀硫酸，溶液又变回橙色」——铬酸盐与重铬酸盐平衡的颜色变化；现绑别名逐字含此标题。,slice-91
CHEMISTRY,外界条件对化学平衡的影响,ext-che-5c62da9e03-538,外界条件对化学平衡的影响,,KEEP,「升高温度，化学平衡向吸热反应方向移动；降低温度，化学平衡向放热反应方向移动」——烧瓶对照实验（NO2与N2O4）的现象与结论；现绑别名逐字含此标题。,slice-91
CHEMISTRY,多重平衡体系类型,ext-che-c16497c974-065,多重平衡体系类型,,KEEP,「连续反应：指前一个反应的产物同时可以进一步反应而生成其他产物…竞争反应：指反应物能同时进行两个或多个反应、得到不同的产物」——多重平衡两类型；现绑别名逐字含本题名。,slice-91
CHEMISTRY,多重平衡体系规则,ext-che-00be305a22-050b,多重平衡体系规则,,KEEP,「中间产物 B 的含量会快速上升，后缓慢下降」「反应物 A 可同时经两条路线生成 B 和 C」——多重平衡体系的连续／竞争模型，同节点已收『多重平衡中产物的调控』同族材料。,slice-91
CHEMISTRY,多重平衡体系规则,ext-che-c16497c974-066,多重平衡体系规则,,KEEP,「若 v1≫v2，则中间产物 B 的含量会快速上升、后缓慢下降」——连续反应中间产物变化，现绑别名同名，同族材料在册。,slice-91
CHEMISTRY,多重平衡体系规则,ext-che-c16497c974-067,多重平衡体系规则,,KEEP,「若 v1≪v2，则中间产物 B 的含量在一段时间内会维持在较低水平」——连续反应中间产物变化，现绑别名同名，同族材料在册。,slice-91
CHEMISTRY,多重平衡体系规则,ext-che-c16497c974-068,多重平衡体系规则,,KEEP,「某时刻中间产物 B 的浓度=第一步反应生成的 B 的浓度减去第二步反应消耗的 B 的浓度」「v(X)=v(Y)+v(Z)」——连续反应中间产物与各物质速率关系，现绑别名同名。,slice-91
CHEMISTRY,多重平衡体系规则,ext-che-c16497c974-069,多重平衡体系规则,,KEEP,「竞争反应思维模型：同一反应物可分别生成不同产物」「总反应速率等于各竞争反应的速率之和，即 v总=v1+v2」——多重平衡体系的竞争模型，现绑别名同名。,slice-91
CHEMISTRY,多重平衡体系解题技巧,ext-che-4dd2e79693-081,多重平衡体系解题技巧,,KEEP,「对每个反应分步列三段式，每一步的平衡量就是下一步的起始量」「这两个反应中 $CO_2$ 转化量之和等于 $CO_2$ 的总转化量」——连续计算法中总转化量的分配，现绑别名逐字收录。,slice-91
CHEMISTRY,多重平衡体系解题技巧,ext-che-4dd2e79693-083,多重平衡体系解题技巧,,KEEP,「观察各反应的化学方程式，找出某物质的生成量恰好等于另两种物质生成量之和这类等量关系，把中间未知量消掉」「反应Ⅰ中生成的 CO 总量 $n_Ⅰ(CO)$ 等于体系中 CO 的量与反应Ⅱ中生成的 CO2 的量之和」——多重平衡体系中挖掘方程式间定量关系，现绑别名逐字收录本条标题。,slice-91
CHEMISTRY,多重平衡体系解题技巧,ext-che-4dd2e79693-084b,多重平衡体系解题技巧,,KEEP,「由选择性把反应物的总转化量分配给主反应和副反应」「由消耗量反推投料量」——选择性分配转化量求转化率，现绑别名逐字收录。,slice-91
CHEMISTRY,多重平衡体系解题技巧,ext-che-4dd2e79693-085,多重平衡体系解题技巧,,KEEP,「假设先发生第一个反应，反应完全后再进行第二个反应，第一个反应的终点就是第二个反应的起点」「再用选择性把总转化量分配给各个反应」——连续计算法分步串联三段式，现绑别名逐字收录。,slice-91
CHEMISTRY,多重平衡体系解题技巧,ext-che-4dd2e79693-085c,多重平衡体系解题技巧,,KEEP,「按选择性把各反应加权叠加」「对总反应列一次三段式」——比例法叠加简化多重平衡计算，现绑别名逐字收录。,slice-91
CHEMISTRY,多重平衡体系解题技巧,ext-che-4e68d6cc38-009,多重平衡体系解题技巧,,KEEP,「先分清体系中各反应的类别，是竞争反应还是连续反应」「二者选择性之和等于100%，它们随温度变化的曲线关于50%线呈镜像对称」——竞争/连续反应图像与多重平衡规则，现绑别名逐字收录。,slice-91
CHEMISTRY,多重平衡体系解题技巧,ext-che-c16497c974-072,多重平衡体系解题技巧,,KEEP,「HCOOH 可发生两个竞争反应」「反应Ⅰ>反应Ⅱ；反应限度：反应Ⅰ<反应Ⅱ」——速率与限度相反的竞争反应实例，现绑别名逐字收录。,slice-91
CHEMISTRY,大π键,chem-fx-entry-f80x05,大π键,,KEEP,「中心C原子最多提供1对孤对电子形成大π键」「故n=2+2×1=4，因此CO2大π键为」——CO2大π键电子数计算，别名含『公式法计算实例：吡啶与 CO2』，保留。,slice-91
CHEMISTRY,大π键,chem-fx-xing-cheng-tiao-jian-f80x01,大π键,,KEEP,「所有参与形成离域π键的原子必须在同一直线或同一平面上」「形成离域π键的p电子的总数小于p轨道数的两倍」——正是大π键的成键条件；节点名下已收『大π键的形成条件与计算法』同族材料，保留。,slice-91
CHEMISTRY,官能团的保护,chem-fx-an-ji-zai-yang-hua-qi-ta-ji-tuan-qian-f63x07,官能团的保护,,KEEP,「(4)氨基：在氧化其他基团前可以用醋酸酐将氨基转化为酰胺，然后再水解转化为氨基」——氨基的保护与脱保护（一去一回），即现绑边界所讲官能团的保护。,slice-91
CHEMISTRY,官能团的保护,chem-fx-fen-qiang-ji-f63x06,官能团的保护,,KEEP,「(2)酚羟基：在氧化其他基团前可以用NaOH溶液或CH3I保护」——酚羟基保护法，现绑边界即酚羟基用甲基化保护。,slice-91
CHEMISTRY,官能团的转化,ext-che-4dd2e79693-122,官能团的转化,,KEEP,「引入碳碳双键」「卤代烃的消去反应」「引入卤素原子（$—X$）」——通篇官能团的引入方法；现绑边界含“各类官能团的引入方法”，别名逐字含本材料标题，保留。,slice-91
CHEMISTRY,官能团的转化,ext-che-4dd2e79693-122b,官能团的转化,,KEEP,「引入羟基（$—OH$）的常见反应」「卤代烃的水解反应」「醛（酮）的还原（加成）反应」——均为引入羟基的转化途径；现绑别名逐字含『羟基的引入』，保留。,slice-91
CHEMISTRY,官能团的转化,ext-che-4dd2e79693-123b,官能团的转化,,KEEP,「引入羧基 $—COOH$」「引入酯基 $—COO—R$」「引入酰胺基 $—CONH—$」——官能团引入方法；边界含“各类官能团的引入方法”，别名逐字含本材料标题，保留。,slice-91
CHEMISTRY,官能团的转化,ext-che-663847a2b8-010,官能团的转化,,KEEP,「醛与醇在酸催化下反应生成缩醛」「可以先把醛基转化为缩醛保护起来，氧化完成后再用稀酸水解恢复醛基」——官能团的保护与恢复；别名逐字含本材料标题，保留。,slice-91
CHEMISTRY,官能团的转化,ext-che-6bfd38e48d-131,官能团的转化,,KEEP,「LiAlH4 为有机合成中常见的还原剂，能将酯还原为醇」「由酯到醇的还原转化」——酯→醇的官能团转化途径；别名逐字含『LiAlH4 把酯还原为醇』，保留。,slice-91
CHEMISTRY,官能团的转化,ext-che-e05314cc33-041,官能团的转化,,KEEP,「（氢化铝锂）是有机合成中常见的还原剂，能将酯还原为醇」「酯基消失、同时出现醇羟基」——酯→醇的官能团转化；别名逐字含『LiAlH4 把酯还原为醇』，保留。,slice-91
CHEMISTRY,定量实验数据的采集与处理,chem-fx-zhuang-zhi-zhong-f66x09,定量实验数据的采集与处理,,KEEP,「装置Ⅲ中，先通入适量的气体X，再通入足量气」「可依据…生成的固体质量计算」——与『测沉淀质量法』同族；正文为操作片段且OCR残缺『和中』，拿不准，保留。,slice-91
CHEMISTRY,定量实验数据的采集与处理,ext-che-ae0e6386e8-084,定量实验数据的采集与处理,,KEEP,「沉淀法属定量实验四大测定方法（沉淀法、气体法、滴定法、热重法）之一」「过滤、洗涤、干燥后称量沉淀质量」——别名逐字含本条标题。,slice-91
CHEMISTRY,实验探究乙酸乙酯的制备,chem-gap-esterification,实验探究乙酸乙酯的制备,,KEEP,「加料顺序先乙醇、再浓硫酸、后乙酸」「用饱和碳酸钠溶液收集产物（吸收乙醇、中和乙酸、降低酯的溶解度）」——乙酯制备要点，别名逐字含本条标题。,slice-91
CHEMISTRY,实验方案设计,chem-fx-ke-yong-yu-ding-liang-ce-ding-qi-ti-de-f66x02,实验方案设计,干燥管与洗气瓶的作用,REBIND,「在整套实验装置的最后横放——“左吸右挡”」「既可以吸收多余的尾气，防止污染空气，又可以阻挡外界空气中的干扰气体」——装置位置决定作用；『干燥管与洗气瓶的作用』边界即最后位置防污染与防干扰。,slice-91
CHEMISTRY,实验方案设计,ext-che-1422ee20c2-057b,实验方案设计,,KEEP,「氧化剂必须选在中性或碱性条件下仍具有氧化性的试剂」「白醋是弱酸的稀溶液，反应平缓、产气速率可控、更安全」——试剂与反应体系相容性及控速安全，属现绑边界『反应条件控制』。,slice-91
CHEMISTRY,实验方案设计,ext-che-4dd2e79693-131b,实验方案设计,,KEEP,「明确原料和产品，发生什么反应，反应条件是什么」「流程题中每一格（每一步）都要能说清进来什么、出去什么、留下什么」——无机制备流程题分析模型，与现绑节点已收『无机制备实验题的三步拆解策略』同族。,slice-91
CHEMISTRY,实验方案设计,ext-che-4dd2e79693-134,实验方案设计,,KEEP,「水浴或油浴受热均匀、便于控制温度」「一般用球形冷凝管，冷却水「下进上出」」——反应条件控制为现绑边界明列内容；靶『有机物制备实验的常用操作与仪器』亦高度重合（保留理由见 notes）。,slice-91
CHEMISTRY,实验方案设计,ext-che-4dd2e79693-136,实验方案设计,分离提纯,REBIND,「趁热过滤（目的：防止产品析出、减少产品的损耗）」「冷却结晶降低溶解度使产品析出」——产品获取阶段的结晶与过滤操作；『分离提纯』边界即产品获取阶段纯化，节点已收『有机制备中产品的分离提纯与产率计算』。,slice-91
CHEMISTRY,实验方案设计,ext-che-4dd2e79693-138,实验方案设计,,KEEP,「保持单一变量，控制其余因素不变」「除变量以外的所有条件（温度、浓度、体积、pH、催化剂等）必须完全相同」——控制变量属探究实验的方案设计方法，现绑边界含方案设计流程。,slice-91
CHEMISTRY,实验方案设计,ext-che-4dd2e79693-143b,实验方案设计,,KEEP,「再开盖加入待测样品并计时 1 min，盖紧称重为」「故测得的纯度偏大」——定量测定操作与误差分析；无更贴合的既有节点，暂留现绑（保留理由见 notes）。,slice-91
CHEMISTRY,实验方案设计,ext-che-dcb14ed85a-008,实验方案设计,,KEEP,「第一步：确定被提纯物质与除杂对象」「第二步：选择合适的分离或除杂装置」——除杂方案的设计与评价流程；『分离提纯』边界明确与原料除杂阶段的方案选择相区别，故留现绑（保留理由见 notes）。,slice-91
CHEMISTRY,实验综合题答题模板,ext-che-1422ee20c2-006b,实验综合题答题模板,,KEEP,「除去沉淀表面附着或沉淀中包夹的可溶性离子」「取少量最后一次洗涤后的滤液于试管中，滴加××试剂」——洗涤目的与洗净判断的答题表述；别名逐字含本材料标题，保留。,slice-91
CHEMISTRY,实验综合题答题模板,ext-che-1422ee20c2-009,实验综合题答题模板,,KEEP,「若无浑浊产生，说明 $\mathrm{(NH_4)_2SO_4}$ 溶液已过量」「答题必须写全“取上层清液 → 加×× → 若无××现象」——实验答题模板；节点内已收本材料，保留。,slice-91
CHEMISTRY,实验综合题答题模板,ext-che-1422ee20c2-012b,实验综合题答题模板,,KEEP,「把多少步计算简化成一步计算」「守恒法的核心是抓住相关变化的始态和终态」——实验综合题中的定量分析方法；但与专点『关系式法』『守恒法』各沾一半，无单一明显归属，保留待议。,slice-91
CHEMISTRY,实验综合题答题模板,ext-che-1422ee20c2-052,实验综合题答题模板,,KEEP,「水浴加热的三条优点」「受热均匀」「便于控制温度」——控温方式的选择与理由表述模板；现绑别名逐字含本材料标题，保留。,slice-91
CHEMISTRY,实验综合题答题模板,ext-che-2d7142ae26-002,实验综合题答题模板,,KEEP,「排出空气，避免对反应造成干扰或发生副反应」「趁热过滤：防止降温过程中杂质析出，提高产品的纯度」——操作目的的答题表述；节点内已收『流程题常用的答题术语与操作目的表述』同族材料，保留。,slice-91
CHEMISTRY,对数折线图四步法,chem-fx-xiang-yuan-li-f53x06,对数折线图四步法,,KEEP,「涉及电离平衡常数，写出平衡常数表达式，在识图像、想原理的基础上，将图像与原理结合起来思考」——对数图像解题步骤之一；现绑别名逐字含『想原理』。,slice-91
CHEMISTRY,对数折线图四步法,ext-che-e1f44db337-031c,对数折线图四步法,,KEEP,「先由共存平衡判断随横坐标增大各微粒的增减方向，再由反应的先后与程度确定各曲线的相对位置」——lg c 曲线归属判断（通法）；现绑别名逐字含该题名。,slice-91
CHEMISTRY,对数折线图四步法,ext-che-e4981d27ca-118,对数折线图四步法,,KEEP,「负对数图像中斜率为-1的曲线对应AgCl的沉淀溶解平衡」——由斜率判断曲线归属，正合现绑边界“斜率只决定曲线属于哪一类物理量”。,slice-91
CHEMISTRY,对角线规则,ext-che-73b7eaed81-008,对角线规则,,KEEP,「铍（Be）与铝（Al）在元素周期表中处于对角线位置，性质十分相似，可用“对角线规则”进行类比推理」——别名逐字同题。,slice-91
CHEMISTRY,对角线规则,ext-che-b0216673fb-003,对角线规则,,KEEP,「铍与铝的相似性：①都可与酸、碱反应放出氢气」「硼与硅的相似性：①自然界中都以化合物形式存在；②单质都易与强碱反应且不与稀酸反应」——对角线位置元素性质相似，别名逐字同题。,slice-91
CHEMISTRY,工业上用某种氧化铝矿石-含fe2o3杂质-为原料冶炼铝的工艺流程如下,chem-hj-yuanliao-yuchuli-fangfa,工业上用某种氧化铝矿石-含fe2o3杂质-为原料冶炼铝的工艺流程如下,化工流程题的分析模型,REBIND,「浸取：水浸（溶解）、酸浸（使金属离子进入溶液）、碱浸（除油污、溶酸性氧化物与铝）」「灼烧（焙烧）：除去硫、碳等可燃性杂质」——通用原料预处理方法与目的；现绑限冶炼铝流程。,slice-91
CHEMISTRY,工业上用某种氧化铝矿石-含fe2o3杂质-为原料冶炼铝的工艺流程如下,chem-preprocess-grinding,工业上用某种氧化铝矿石-含fe2o3杂质-为原料冶炼铝的工艺流程如下,化工流程题的分析模型,REBIND,「将固体原料（矿渣、废料、矿石等）粉碎或研磨：增大反应物接触面积→加快浸出（溶解）反应速率→提高原料浸出率」——通用流程原料预处理的设问与目的；现绑为特定冶炼铝流程题，限『该类矿石』。,slice-91
CHEMISTRY,工业流程中反应条件的控制,chem-fx-zhuo-shao-bei-shao-duan-shao-f56x02,工业流程中反应条件的控制,,KEEP,「(2)灼烧、焙烧、煅烧：改变结构，使一些物质能溶解，并使一些杂质在高温下氧化、分解」——条件控制手段，现绑别名含『灼烧、焙烧、煅烧』。,slice-91
CHEMISTRY,工业流程中反应条件的控制,ext-che-76d46e393c-080,工业流程中反应条件的控制,,KEEP,「碱浸：使原料中的酸性物质、两性物质、部分金属、Si等溶解进入溶液」「提高浸出率的方法：适当升温、适当增大酸（或碱）的浓度、将矿石粉碎（减小矿粉粒径）、搅拌、超声、延长浸取时间等」——流程条件控制及目的，同族材料在册。,slice-91
CHEMISTRY,工业流程中反应条件的控制,ext-che-76d46e393c-081,工业流程中反应条件的控制,,KEEP,「改变温度要达到的目的：①改变反应速率」「⑤使催化剂的活性在某温度下达到最高」——流程中温度条件控制，现绑边界讲条件控制的多重作用。,slice-91
CHEMISTRY,工业流程中反应条件的控制,ext-che-76d46e393c-082,工业流程中反应条件的控制,,KEEP,「改变压强要达到的目的：①控制反应速率；②促进或抑制平衡移动；③改变气体溶解度」——工业流程中反应条件的控制（压强目的），同族材料在册。,slice-91
CHEMISTRY,工业生产中化学反应条件的选择,ext-che-44c397021a-003b,工业生产中化学反应条件的选择,,KEEP,「控制平衡移动方向，提高目标产物的产率」「使催化剂达到最大活性」——流程中温度、浓度、压强与催化剂的控制，现绑别名逐字含本题名。,slice-91
CHEMISTRY,工业生产中化学反应条件的选择,ext-che-db3cec307b-008c,工业生产中化学反应条件的选择,,KEEP,「温度对物质性质的影响（从物质性质出发）」「正反应吸热的可逆反应，升温使平衡正移、提高反应物平衡转化率」——现绑别名逐字含『控制温度的目的与影响因素』。,slice-91
CHEMISTRY,巧抓-四点-突破酸碱中和滴定曲线中的粒子浓度关系,chem-fx-zhua-liang-dian-tu-po-er-yuan-ruo-dian-f53x01,巧抓-四点-突破酸碱中和滴定曲线中的粒子浓度关系,,KEEP,「第一滴定终点：H2A+NaOH=NaHA+H2O」「若溶液中c(HA-)=c(H2A)，则Ka1=c(H+)」——二元弱电解质滴定曲线的抓点，现绑别名同名。,slice-91
CHEMISTRY,巧抓-四点-突破酸碱中和滴定曲线中的粒子浓度关系,chem-hj-dingding-quxian-fenxi,巧抓-四点-突破酸碱中和滴定曲线中的粒子浓度关系,,KEEP,「先看横、纵坐标，弄清是酸加入碱中还是碱加入酸中。」「分析特殊点（滴定一半点、过量一半点等）」——酸碱中和滴定曲线的分析方法，现绑别名同名。,slice-91
CHEMISTRY,巧抓-四点-突破酸碱中和滴定曲线中的粒子浓度关系,chem-hj2-dianhe-shouheng-shili,巧抓-四点-突破酸碱中和滴定曲线中的粒子浓度关系,溶液中粒子等量关系-三大守恒,REBIND,「电荷守恒：溶液呈电中性，阳离子所带电荷总数=阴离子所带电荷总数」「任何电解质溶液中还存在物料守恒与质子守恒，三式联用可解浓度关系」——即『溶液中粒子等量关系——三大守恒』边界首句；现绑讲滴定曲线抓点，无涉。,slice-91
CHEMISTRY,巧抓-四点-突破酸碱中和滴定曲线中的粒子浓度关系,chem-hj2-zhonghe-diding-quxian-wudian,巧抓-四点-突破酸碱中和滴定曲线中的粒子浓度关系,,KEEP,「半中和点：弱酸滴定中，c(HA)=c(A-)时pH=pKa」「突跃范围：pH突变区间，是选择指示剂的依据」——滴定曲线点位分析，现绑别名同名。,slice-91
CHEMISTRY,巧抓-四点-突破酸碱中和滴定曲线中的粒子浓度关系,chem-titration-curve-hcl-vs-acetic,巧抓-四点-突破酸碱中和滴定曲线中的粒子浓度关系,,KEEP,「①起点不同：同浓度时醋酸部分电离，起点pH大于盐酸」「NaOH滴定醋酸终点生成CH3COONa水解显碱性，pH>7」——滴定曲线对比，现绑别名同名。,slice-91
CHEMISTRY,巧抓-四点-突破酸碱中和滴定曲线中的粒子浓度关系,ext-che-4dd2e79693-087,巧抓-四点-突破酸碱中和滴定曲线中的粒子浓度关系,,KEEP,「由强碱滴定弱酸的起点 pH 求 $K_a$」「此时溶质为 NaX，由质子守恒 $c(OH^-)=c(HX)+c(H^+)$ 与电荷守恒」——五点抓点套路，现绑别名同名。,slice-91
CHEMISTRY,巧抓-四点-突破酸碱中和滴定曲线中的粒子浓度关系,ext-che-4dd2e79693-089,巧抓-四点-突破酸碱中和滴定曲线中的粒子浓度关系,,KEEP,「当 $c(H^+)=K_a$（即 $pH=pK_a$）时 $c(HA)=c(A^-)$」「当 pH=pKa1 时 $c(H_2A)=c(HA^-)$」——滴定曲线抓点分析，现绑别名同名。,slice-91
CHEMISTRY,巧抓-四点-突破酸碱中和滴定曲线中的粒子浓度关系,ext-che-4dd2e79693-090b,巧抓-四点-突破酸碱中和滴定曲线中的粒子浓度关系,,KEEP,「HCl、CH3COOH 与 NaOH 恰好完全反应后溶质为 NaCl、CH3COONa」「向 Ⅱ 中加入 30 mL NaOH 后溶质为 NaCl、NH3·H2O、NH4Cl」——滴定曲线抓点分析，现绑别名同名。,slice-91
CHEMISTRY,差量法,ext-che-4dd2e79693-078b,差量法,,KEEP,「恒温恒容下体系减小的压强恰好等于按化学计量数生成的产物的分压」「该反应为放热反应，升高温度平衡逆向移动」——以压强差Δp（差量）判温度顺序；现绑别名逐字含该题名。,slice-91
CHEMISTRY,已知总方程式-书写电极反应式,chem-electrochemical-device-analysis-steps,已知总方程式-书写电极反应式,,KEEP,「1. 析氧化：分析电子流向，确定电极名称（电子流入为负极/阴极）」——新型装置分析三步法（含电极反应式书写步骤）；现绑别名逐字含该题名。,slice-91
CHEMISTRY,常用计量仪器的使用与检漏,ext-che-9fb72b1c9b-021,常用计量仪器的使用与检漏,,KEEP,「移液管是实验室常用的量出式玻璃仪器，用于精确移取特定体积的溶液」「常见规格包括5 mL、10 mL、25 mL、50 mL等，精确度可达0.01 mL」——常用计量仪器的用途与精度，属现绑。,slice-91
CHEMISTRY,常见仪器,chem-fx-liang-tong-bu-neng-zuo-fan-ying-qi-f05x04,常见仪器,,KEEP,「量筒：(1)不能作反应器 (2)不能将浓溶液直接在量筒中稀释 (3)量取的液体倒出后不必洗涤」——量筒使用禁忌，属仪器使用要点。,slice-91
CHEMISTRY,常见仪器,chem-fx-shao-bei-yong-yu-rong-jie-gu-ti-huo-xi-f05x07,常见仪器,,KEEP,「用于溶解固体或稀释浓溶液」「必须将烧杯洗涤2～3次，洗涤液转入容量瓶」——烧杯用途与配套洗涤操作；前轮已把同题材料裁定归『常见仪器』（代理判定·题干壳归位），保留。,slice-91
CHEMISTRY,常见仪器,chem-fx-tuo-pan-tian-ping-f05x05,常见仪器,,KEEP,「使用前调零」「药品不能直接放在托盘上」「左物右码，先大后小」「读数至小数点后1位」——托盘天平使用要点，属现绑常见仪器的使用（同族『托盘天平的使用与读数』在册），保留。,slice-91
CHEMISTRY,常见仪器,chem-hj-fenli-guan-dongguan-shi-yong,常见仪器,,KEEP,「分液时下层液体从下口放出、上层从上口倒出」「球形干燥管：只能盛固体干燥剂」「冷凝管：直形用于蒸馏冷凝，球形用于回流冷凝」——漏斗、分液漏斗、冷凝管与干燥管的使用要点，属现绑仪器使用面，保留。,slice-91
CHEMISTRY,常见仪器,ext-che-01eb9ee365-015,常见仪器,,KEEP,「b形管用于测量熔点」「玻璃液封管的作用是使装置内气压与大气压保持一致」——仪器结构与用途（现绑边界明含液封的作用）；水蒸气蒸馏一段与『蒸馏』重合，但整条以仪器为主，仍留本节点，保留并点名。,slice-91
CHEMISTRY,常见仪器,ext-che-01eb9ee365-015b,常见仪器,,KEEP,「b形管是测定物质熔点时使用的玻璃仪器」「玻璃液封管的作用是使装置内的气压与大气压保持一致」——仪器结构与用途，现绑节点明含液封作用与仪器认知，保留。,slice-91
CHEMISTRY,常见仪器,ext-che-034cbfd131-001b,常见仪器,,KEEP,「有三个口，可以同时加入多种反应物，或加装冷凝管、温度计、滴液漏斗」——三颈烧瓶的结构与用途，现绑边界逐字点名三颈烧瓶的用途，保留。,slice-91
CHEMISTRY,常见仪器,ext-che-034cbfd131-002,常见仪器,,KEEP,「梨形分液漏斗：梨形、颈比较短，常用作萃取操作的仪器」「球形冷凝管：一般用于反应装置，冷凝回流以减少反应物的蒸发流失」——有机实验常用仪器的用途区分，属现绑仪器用途面，保留。,slice-91
CHEMISTRY,常见仪器,ext-che-1422ee20c2-001c,常见仪器,,KEEP,「选择加热方式的三条线：」「易燃有机物禁明火」——水浴、油浴与明火的选择依据属现绑仪器的加热方式面（别名已收『加热方式的选择：水浴与油浴』），保留。,slice-91
CHEMISTRY,常见仪器,ext-che-1422ee20c2-005b,常见仪器,,KEEP,「反应装置…蒸馏装置…分水器（有机实验中的油水分离装置）」——有机实验装置组成与作用，别名含「有机物制备中的三种典型装置」。,slice-91
CHEMISTRY,常见仪器,ext-che-1422ee20c2-040,常见仪器,,KEEP,「用球形干燥管时，气流的方向应是‘大口进小口出’」「无水 CaCl2 能与乙醇反应生成 CaCl2·4C2H5OH，因此不能用于干燥乙醇」——干燥管与干燥剂限制，别名含本条。,slice-91
CHEMISTRY,常见仪器,ext-che-1422ee20c2-042,常见仪器,,KEEP,「内管呈球形，气体在球泡中停留时间较长，冷凝效果好」「管内无滞留，馏分能顺利流出」——球形与直形冷凝管的选用差别，属现绑仪器的选用（别名已收同题材料），保留。,slice-91
CHEMISTRY,常见仪器,ext-che-1422ee20c2-045,常见仪器,,KEEP,「用球形干燥管（内装固体干燥剂）干燥气体时，气流方向必须大口进、小口出」——干燥管使用要点，别名含本条。,slice-91
CHEMISTRY,常见仪器,ext-che-1422ee20c2-046,常见仪器,,KEEP,「球形冷凝管：…球泡处会滞留馏分、液体不能顺利流出，只适用于回流」「直形冷凝管：…用于蒸馏」——冷凝管选用；末句锥形瓶垫陶土网亦属仪器加热要点。,slice-91
CHEMISTRY,常见仪器,ext-che-1422ee20c2-048b,常见仪器,,KEEP,「恒压滴液漏斗（仪器 a）：其侧管把漏斗上方与三颈烧瓶连通，使漏斗内与烧瓶内压强相等」——仪器构造与作用，别名含本条。,slice-91
CHEMISTRY,常见仪器,ext-che-1422ee20c2-053,常见仪器,,KEEP,「溴单质能与橡胶中的碳碳双键发生加成反应，因此橡胶管、橡胶塞会被溴腐蚀」「应改用聚四氟乙烯软管或玻璃管」——现绑边界正含「与特定试剂接触时管材的选择」。,slice-91
CHEMISTRY,常见仪器,ext-che-1422ee20c2-057,常见仪器,,KEEP,「安全瓶（B）：起缓冲作用…使体系压强得到缓冲，防止 A 中的混合物被直接压入后面的管道或装置 C」——仪器作用，别名含「安全瓶的缓冲作用与气密性检查」。,slice-91
CHEMISTRY,常见仪器,ext-che-2c177d17ea-005,常见仪器,,KEEP,「酒精灯：酒精量约为其容积的1/4~2/3，用外焰加热」「球形干燥管的气体流向为大口进、小口出」——酒精灯与干燥管的使用要点。,slice-91
CHEMISTRY,常见仪器,ext-che-2c177d17ea-006,常见仪器,,KEEP,「广口瓶用于贮存固体药品，细口瓶用于贮存液体药品」「盛放强酸性、氧化性药品时要用玻璃塞，不能用橡胶塞」——瓶类选用与瓶塞材质选择，现绑边界含与特定试剂接触时材质的选择，保留。,slice-91
CHEMISTRY,常见仪器,ext-che-2c177d17ea-008,常见仪器,,KEEP,「侧管（a管）的作用是平衡气压，使液体能够顺利流下」「冷凝水应下口进、上口出」——恒压滴液漏斗与冷凝管的使用要点，属现绑仪器的使用面，保留。,slice-91
CHEMISTRY,常见仪器,ext-che-5c62da9e03-1699,常见仪器,,KEEP,「集气瓶是口上表面磨砂…广口瓶是口内圆磨砂」「广口瓶盛装固体试剂，细口瓶盛装液体试剂」——仪器构造与用途，别名含「广口瓶、细口瓶与集气瓶的选用」。,slice-91
CHEMISTRY,常见仪器,ext-che-5c62da9e03-1700,常见仪器,,KEEP,「药匙：取用粉末状固体试剂」「酒精灯：酒精量不超过其容积的 2/3」「启普发生器：用于块状固体与液体在不加热的条件下制备难溶性气体」——均为仪器用途与使用要点。,slice-91
CHEMISTRY,常见仪器,ext-che-5c62da9e03-2953,常见仪器,,KEEP,「三颈烧瓶：作反应器；三颈口一般放置导气管、温度计、冷凝管、分液漏斗、搅拌器等」——三颈烧瓶用途，现绑边界点名「三颈烧瓶的用途」。,slice-91
CHEMISTRY,常见仪器,ext-che-8004f74991-007,常见仪器,,KEEP,「用途：配制一定体积、准确浓度的溶液。」「使用前必须检查是否漏水，操作顺序为装水盖塞→倒立→正立→玻璃塞旋转180°→再倒立」——容量瓶构造、用途与查漏，属现绑仪器的结构与用途，保留。,slice-91
CHEMISTRY,常见仪器,ext-che-822771fccd-005,常见仪器,,KEEP,「选择量器一般按“大而近”的原则」「精量液体体积可用滴定管（读数保留小数点后2位数字）」——量器选择与读数精度属现绑仪器的名称、结构与用途（别名已收『计量仪器的选择原则与读数规范』），保留。,slice-91
CHEMISTRY,常见仪器,ext-che-cd028acc60-013,常见仪器,,KEEP,「称量时药品放在左盘、砝码放在右盘（左物右码），读数精确到 0.1 g」「若把物品和砝码颠倒放置，则实际称量的药品质量 ＝ 砝码质量 － 游码质量」——托盘天平使用与读数，属现绑仪器使用面，保留。,slice-91
CHEMISTRY,常见仪器,ext-che-e05314cc33-041b,常见仪器,,KEEP,「液滴直接进入溶液，避开了蒸气空间，从而减少挥发损失」——滴液漏斗末端位置的操作目的；属现绑仪器的使用，库内无更贴切节点，保留。,slice-91
CHEMISTRY,常见仪器,ext-che-f2199a1181-003,常见仪器,,KEEP,「长颈漏斗一般用于组装气体发生装置，下端插入液面下形成液封」——现绑边界含「特殊装置中液封的作用」。,slice-91
CHEMISTRY,常见仪器,ext-che-f2199a1181-004,常见仪器,,KEEP,「直形冷凝管一般斜放，蒸馏时头高尾低以保证冷凝液自然流出；球形冷凝管一般竖立与烧瓶连接，起冷凝回流作用」「冷却水低进高出」——冷凝管与蒸馏烧瓶的使用要点属现绑仪器用途范围，保留。,slice-91
CHEMISTRY,常见仪器,ext-che-f2199a1181-005,常见仪器,,KEEP,「恒压滴液漏斗左侧玻璃管的作用是平衡压强、便于液体顺利滴下」「可以同时加入多种反应物，或安装冷凝管、温度计、搅拌器等」——两种装置的作用，现绑边界含三颈烧瓶用途与压强平衡，保留。,slice-91
CHEMISTRY,常见仪器,ext-che-fcfd5bcde6-004,常见仪器,,KEEP,「倒置使用（作防倒吸装置或作简易的液封装置）」「①收集气体——用排空气法时，密度比空气大的气体从长导管（伸至瓶底）通入」——漏斗与广口瓶的多种用途，属现绑仪器用途面，保留。,slice-91
CHEMISTRY,常见仪器,ext-che-fe6860f654-001,常见仪器,,KEEP,「当蒸馏物沸点超过140℃时一般使用空气冷凝管，以免直形冷凝管通水冷却导致玻璃温差大而炸裂」——冷凝管选用的适用条件，属仪器认知，现绑别名即含本条。,slice-91
CHEMISTRY,常见性质比较与检验实验的设计范式,ext-che-5c62da9e03-1624,常见性质比较与检验实验的设计范式,,KEEP,「加水检验观察是否溶解，可鉴别乙酸和乙酸乙酯、甘油和油脂等」「如用水可以鉴别苯和硝基苯，也可以用水鉴别乙醇、苯和四氯化碳」——有机化合物的溶解性法与密度法鉴别，属现绑『常见性质比较与检验实验的设计范式』（别名含物质检验和鉴别的原则与检验方法）。,slice-91
CHEMISTRY,常见性质比较与检验实验的设计范式,ext-che-5c62da9e03-1625,常见性质比较与检验实验的设计范式,,KEEP,「燃烧法：观察有机化合物能否燃烧、燃烧过程中的实验现象与燃烧后产生的气体气味等」「官能团法：有机化合物的性质差别在于其官能团，根据官能团的差别检验和鉴别是最常用的化学方法」——燃烧法与官能团法鉴别有机物，属现绑『常见性质比较与检验实验的设计范式』。,slice-91
CHEMISTRY,常见有机合成路线,ext-che-5be82fcaeb-010,常见有机合成路线,,KEEP,「醇经催化氧化生成醛，醛再被氧化生成羧酸；羧酸与醇在浓硫酸存在下加热发生酯化反应生成酯」「常见链条：乙醇→乙醛→乙酸→乙酸乙酯」——有机物的转化关系链，现绑已收『常见有机物的转化关系链』同族材料。,slice-91
CHEMISTRY,常见的装置,ext-che-8ec1d166ca-003,常见的装置,,KEEP,「①在整套实验装置的中间横放，用于干燥及检验」「②在整套实验装置的最后横放，既可以吸收多余的尾气、防止污染空气，又可以阻挡外界空气中的干扰气体」——干燥管按位置的两类作用，属现绑『常见的装置』（别名逐字含干燥管的多种用途）。,slice-91
CHEMISTRY,常见金属材料,ext-che-2c70ef7f2a-035,常见金属材料,,KEEP,「钢是用量最大、用途最广的合金，分为碳素钢与合金钢」「碳素钢按含碳量分类：低碳钢韧性、焊接性好而强度低」——现绑『常见金属材料』同族，别名逐字含此题。,slice-91
CHEMISTRY,常见金属材料,ext-che-2c70ef7f2a-036,常见金属材料,,KEEP,「铝合金：种类有硅铝合金、镁铝合金、硬铝等，性能为密度小、强度高、塑性好」「用途：主要用于建筑业、容器和包装业」——现绑『常见金属材料』同族，别名逐字含此题。,slice-91
CHEMISTRY,常见金属材料,ext-che-2c70ef7f2a-037,常见金属材料,,KEEP,「青铜（主要含Cu、Sn、Pb）是我国使用最早的合金」「常见的铜合金还有黄铜（主要含Cu、Zn等）和白铜」——铜合金，现绑『常见金属材料』同族，别名逐字含此题。,slice-91
CHEMISTRY,常见金属材料,ext-che-2c70ef7f2a-038,常见金属材料,,KEEP,「钛合金强度高、耐蚀性好、耐热性高，主要用于制作飞机发动机压气机部件」「储氢合金是能大量吸收氢气并与氢结合成金属氢化物的材料」——新型合金，现绑已收《硬铝与新型合金的成分、特性与用途》《轻质合金的特点与应用》同族。,slice-91
CHEMISTRY,常见金属材料,ext-che-5c62da9e03-080b,常见金属材料,,KEEP,「硬铝：成分元素为Al、Cu、Mg、Si、Mn，主要特性是密度小、强度高、有较高的抗腐蚀能力」——铝合金与新型合金，现绑『常见金属材料』同族，别名逐字含此题。,slice-91
CHEMISTRY,常见金属材料,ext-che-5c62da9e03-081b,常见金属材料,,KEEP,「铝镁合金：具有高比强度…如用作现代飞机蒙皮材料」「钛合金：比钢轻、耐磨蚀、无磁性、强度高」——轻质合金，现绑『常见金属材料』同族，别名逐字含此题。,slice-91
CHEMISTRY,常见金属材料,ext-che-5c62da9e03-2100,常见金属材料,,KEEP,「生铁含碳量为 2%~4.3%…钢含碳量为 0.03%~2%，分为碳素钢（低碳钢含碳量＜0.25%…）与合金钢」——铁合金分类与含碳量，现绑『常见金属材料』同族，别名逐字含此题。,slice-91
CHEMISTRY,常见金属材料,ext-che-5c62da9e03-2102,常见金属材料,,KEEP,「根据生铁里碳的存在形态不同，可分为炼钢生铁、铸造生铁和球墨铸铁」——铁合金分类，现绑『常见金属材料』已收《铁合金的分类与含碳量》同族，别名逐字含此题。,slice-91
CHEMISTRY,常见阳离子的检验与推断依据,chem-fx-entry-f09x09,常见阳离子的检验与推断依据,,KEEP,「Mg2+：NaOH溶液；开始产生 色沉淀，NaOH溶液过量沉淀」——Mg2+ 检验，别名逐字含『Mg2+』『常见阳离子的检验：钠钾铝镁钡银』；正文色名残缺，仍属该节点检验依据。,slice-91
CHEMISTRY,常见阳离子的检验与推断依据,chem-fx-fen-bie-qu-ta-de-shui-rong-ye-liang-fe-f09x17,常见阳离子的检验与推断依据,,KEEP,「分别取它的水溶液两份进行实验，结果如下」「①向一份溶液中加入过量盐酸，产生气泡，溶液颜色变深，但仍澄清」——出自与节点同源的『离子共存、离子检验与推断』讲义；正文为无结论的题干残片，保留待复核。,slice-91
CHEMISTRY,常见阴离子的检验与推断依据,chem-fx-entry-f09x14,常见阴离子的检验与推断依据,,KEEP,「SO、HSO：稀H2SO4和品红溶液；加稀硫酸产生有 的气体，且气体能使 褪色」——亚硫酸根/亚硫酸氢根的气体法检验（试剂与现象），属现绑阴离子检验边界；块虽带填空但知识点可辨，保留。,slice-91
CHEMISTRY,干燥管与洗气瓶的作用,ext-che-5c62da9e03-1740,干燥管与洗气瓶的作用,,KEEP,「净化装置：洗气瓶（内盛液体，导管长进短出）装液体吸收剂；球形干燥管、U 形管、硬质玻璃管都只能装固体吸收剂」——洗气瓶与干燥管的使用要点，现绑别名含『洗气瓶与球形干燥管的使用要点』。,slice-91
CHEMISTRY,平衡常数的综合计算,chem-fx-you-yu-zu-cheng-de-hun-he-qi-ti-zai-cu-f06x12,平衡常数的综合计算,,NONE,「16 mL由NO与NH3组成的混合气体…达到平衡时在相同条件下气体体积变为17.5 mL，则原混合气体中NO与NH3的物质的量之比有四种情况」——仅题干与数据，无解法与结论（同 kit-72/74 题干片段判例）。,slice-91
CHEMISTRY,应用氧化还原反应的原理实现不同价态含硫物质的转化,chem-hi-oxidation-storage,应用氧化还原反应的原理实现不同价态含硫物质的转化,卤族元素的易错点,REBIND,「HI易被空气氧化：4HI+O2=2I2+2H2O，生成的I2使溶液呈棕黄色」「保存措施：盛放在棕色玻璃瓶中、密封好，减少与空气接触」——碘化氢的还原性与保存；靶『卤族元素的易错点』边界列HX还原性、I⁻可被O2氧化，别名含『卤素及其化合物的特性与保存』；现绑含硫转化无涉。,slice-91
CHEMISTRY,应用氧化还原反应的原理实现不同价态含硫物质的转化,chem-hj-gaolu-liantie,应用氧化还原反应的原理实现不同价态含硫物质的转化,铁的制备和性质,REBIND,「原料：铁矿石、焦炭、空气、石灰石；设备：高炉」「铁的生成：Fe2O3+3CO=2Fe+3CO2（高温）」——工业炼铁的原料、设备与主要反应，属靶『铁的制备和性质』（边界含工业炼铁的方法）；现绑含硫转化无涉。,slice-91
CHEMISTRY,应用氧化还原反应的原理实现不同价态含硫物质的转化,chem-hj2-tie-lishi-lianlie-yuanli,应用氧化还原反应的原理实现不同价态含硫物质的转化,铁的制备和性质,REBIND,「人类最早使用的铁是陨铁；我国春秋初年掌握冶铁技术」「工业炼铁原理：用还原剂（CO）把铁矿石中的铁还原出来」——铁的冶炼与性质综合（含工业炼铁），正合靶『铁的制备和性质』边界；现绑含硫转化无涉。,slice-91
CHEMISTRY,应用氧化还原反应的原理实现不同价态含硫物质的转化,chem-hj2-xiuben-zhongjiejing-gaishu,应用氧化还原反应的原理实现不同价态含硫物质的转化,重结晶,REBIND,「原理：加热溶解制成饱和溶液，冷却时目标晶体析出、杂质留在母液中」「适用于溶解度随温度变化差异大」——即靶『重结晶』边界（原理与操作、适用条件）；现绑含硫转化无涉。,slice-91
CHEMISTRY,应用氧化还原反应的原理实现不同价态含硫物质的转化,chem-hj2-yanghuahuan-yuan-didingfa,应用氧化还原反应的原理实现不同价态含硫物质的转化,氧化还原滴定,REBIND,「原理：用氧化剂或还原剂作滴定剂，直接滴定具有还原性或氧化性的物质，或间接滴定能与氧化剂还原剂定量反应的物质」「常用氧化剂：KMnO4、K2Cr2O7；常用还原剂：亚铁盐、草酸、维生素C等」——靶『氧化还原滴定』别名逐字含『氧化还原滴定的原理与常用试剂』；现绑含硫转化无涉。,slice-91
CHEMISTRY,应用氧化还原反应的原理实现不同价态含硫物质的转化,chem-kb-redox-concept-essence,应用氧化还原反应的原理实现不同价态含硫物质的转化,氧化还原反应,REBIND,「有电子转移（电子得失或电子对偏移）的反应叫氧化还原反应」「特征：反应中物质所含元素的化合价发生改变」——概念、特征与本质即靶『氧化还原反应』边界（化合价升降、电子转移）；现绑含硫转化无涉。,slice-91
CHEMISTRY,应用氧化还原反应的原理实现不同价态含硫物质的转化,chem-mo-yanghuan-shunxu-yongliang,应用氧化还原反应的原理实现不同价态含硫物质的转化,氧化还原反应规律及其应用,REBIND,「还原性 I⁻＞Fe²⁺，Cl₂ 先氧化 I⁻ 再氧化 Fe²⁺」「Fe 不足生成 Fe³⁺，Fe 过量生成 Fe²⁺」——先后规律与用量影响产物顺序，正合靶『氧化还原反应规律及其应用』边界（先后规律：多种还原剂时强者先反应）；现绑含硫转化无涉。,slice-91
CHEMISTRY,应用氧化还原反应的原理实现不同价态含硫物质的转化,ext-che-1591c3ea15-087,应用氧化还原反应的原理实现不同价态含硫物质的转化,,KEEP,「被氧化时价态逐级升高、被还原时逐级降低，一般到相邻价态」——硫价态台阶规律即现绑『不同价态含硫物质的转化』；近义节点『硫及其化合物之间的转化规律』并列不确，保留。,slice-91
CHEMISTRY,应用氧化还原反应的原理实现不同价态含硫物质的转化,ext-che-6679c4dab3-023,应用氧化还原反应的原理实现不同价态含硫物质的转化,,KEEP,「H2S是无色、有臭鸡蛋气味的有毒气体，水溶液为二元弱酸氢硫酸，具强还原性，能被O2、Cl2、溴水、Fe3+等氧化为S」「H2SO3既有氧化性又有还原性，以还原性为主」——含硫物质性质与价态转化；H2S半备选『硫化氢的性质』、H2SO3半备选『亚硫酸及亚硫酸盐的性质』，两半并列不确，保留。,slice-91
CHEMISTRY,弱电解质的电离,ext-che-e4981d27ca-004,弱电解质的电离,,KEEP,「硼酸（H3BO3）是一元弱酸，但它本身并不电离出H+：B提供空轨道，接受水电离出的OH-…形成配位键」——弱电解质电离方程式书写；现绑别名逐字含本题名。,slice-91
CHEMISTRY,强电解质与弱电解质,ext-che-5c62da9e03-617,强电解质与弱电解质,,KEEP,「盐酸溶液中放大的粒子只有氯离子与水合氢离子两种」「这说明盐酸在水中完全电离，醋酸在水中只有部分电离」——即强/弱电解质的电离程度之别，现绑边界即完全电离与部分电离。,slice-91
CHEMISTRY,影响分子溶解性的因素,ext-che-c03165402f-006,影响分子溶解性的因素,,KEEP,「非极性溶质一般能溶于非极性溶剂，极性溶质一般能溶于极性溶剂」「若溶剂和溶质分子之间可以形成氢键，则溶质的溶解度增大」——现绑别名逐字含『相似相溶规律与憎水基对溶解度的影响』。,slice-91
CHEMISTRY,影响沉淀溶解平衡的因素,chem-fx-entry-f55x02,影响沉淀溶解平衡的因素,,KEEP,「d→c：加入BaCl2固体(忽略溶液的体积变化)」——沉淀溶解平衡图像中点移动的加料条件；现绑别名逐字含『d→c』『沉淀溶解平衡图像中点的移动』；片段极短，拿不准保留。,slice-91
CHEMISTRY,影响沉淀溶解平衡的因素,chem-fx-gei-rong-ye-jia-re-f54x05,影响沉淀溶解平衡的因素,,KEEP,「⑤给溶液加热，溶液的pH升高」「向溶液中加入Na2CO3溶液，其中固体质量增加」——Ca(OH)2溶解平衡受温度与加入物质的影响；现绑别名逐字含『给溶液加热』。,slice-91
CHEMISTRY,影响沉淀溶解平衡的因素,chem-fx-sheng-gao-wen-du-f54x04,影响沉淀溶解平衡的因素,,KEEP,「①升高温度，平衡逆向移动」「恒温下，向溶液中加入CaO，溶液的pH升高」——Ca(OH)2溶解平衡的温度与浓度影响；现绑别名逐字含『升高温度』。,slice-91
CHEMISTRY,忽视物质溶于水时溶液体积的变化,chem-fx-jie-da-ci-lei-ti-mu-zhu-yi-san-ge-guan-f51x11,忽视物质溶于水时溶液体积的变化,酸碱中和滴定的关键,REBIND,「(1)最后半滴：必须说明是滴入“最后半滴”溶液。」——滴定终点判断的三个关键点；目标“酸碱中和滴定的关键”别名含“滴定终点判断的三个关键点”；现绑“忽视物质溶于水时溶液体积的变化”无涉。,slice-91
CHEMISTRY,惰性电极电解的四种类型,chem-fx-fang-sheng-jian-f41x04,惰性电极电解的四种类型,,KEEP,「阳极：2Cl--2e-=Cl2↑；阴极：2H2O+2e-=H2↑+2OH-」——NaCl、KCl溶液电解即现绑“惰性电极电解的四种类型”之一。,slice-91
CHEMISTRY,控制变量法探究影响化学反应速率的因素,chem-fx-jia-zai-shi-f46x17,控制变量法探究影响化学反应速率的因素,,KEEP,「乙：在500 ℃时，用V2O5作催化剂，10 mol SO2和10 mol O2反应」「丙：在450 ℃时，8 mol SO2和5 mol O2反应」——同一反应的催化剂与温度对照条件组，属控制变量法探究速率因素；本条为条件片段，保留理由见备注。,slice-91
CHEMISTRY,斜向变化体现不同价态-不同类别之间物质的转化-主要体现物质的氧化性或还原性,chem-fx-deng-fa-sheng-shui-jie-xiang-hu-f16x03,斜向变化体现不同价态-不同类别之间物质的转化-主要体现物质的氧化性或还原性,有关fe2-fe3-的水解问题,REBIND,「Fe2+、Fe3+HCO、CO等发生水解相互促进」「(2)盐溶液的配制与保存。(3)物质的制备。」——双水解及其应用；现绑『斜向变化…』无涉，靶『有关Fe2＋、Fe3＋的水解问题』边界即“与碳酸氢根的双水解及其应用”。,slice-91
CHEMISTRY,斜向变化体现不同价态-不同类别之间物质的转化-主要体现物质的氧化性或还原性,chem-fx-yang-hua-xing-yu-huan-yuan-xing-f16x04,斜向变化体现不同价态-不同类别之间物质的转化-主要体现物质的氧化性或还原性,,KEEP,「既有氧化性，又有还原性，以还原性为主」「如能溶解铜，反应的离子方程式为2Fe3++Cu=Cu2++2Fe2+」——正落现绑斜向变化的氧化性/还原性，保留。,slice-91
CHEMISTRY,斜向变化体现不同价态-不同类别之间物质的转化-主要体现物质的氧化性或还原性,ext-che-5c62da9e03-2087,斜向变化体现不同价态-不同类别之间物质的转化-主要体现物质的氧化性或还原性,,KEEP,「Fe2+ 既具有氧化性又具有还原性：遇强氧化剂（如 O2、Cl2、Br2、H2O2、HNO3、KMnO4(H+) 等）生成 Fe3+」——即现绑边界中间价态物质兼具氧化性与还原性，保留。,slice-91
CHEMISTRY,斜向变化体现不同价态-不同类别之间物质的转化-主要体现物质的氧化性或还原性,ext-che-5c62da9e03-2089,斜向变化体现不同价态-不同类别之间物质的转化-主要体现物质的氧化性或还原性,,KEEP,「铁元素的价—类二维图：纵轴为铁元素化合价（自下而上 0、+2、+3），横轴为物质类别（单质、氧化物、盐、碱）」——即价类二维图本身，属现绑节点，保留。,slice-91
CHEMISTRY,斜向变化体现不同价态-不同类别之间物质的转化-主要体现物质的氧化性或还原性,ext-che-5c62da9e03-314b,斜向变化体现不同价态-不同类别之间物质的转化-主要体现物质的氧化性或还原性,,KEEP,「Fe³⁺被还原：2Fe³⁺＋H₂S＝2Fe²⁺＋S↓＋2H⁺」「Fe²⁺被氧化：2Fe²⁺＋Cl₂＝2Fe³⁺＋2Cl⁻」——铁三角相互转化方程式荟萃，现绑别名逐字含，保留。,slice-91
CHEMISTRY,新型化学电源,chem-fx-dui-shang-shu-dian-chi-fang-dian-shi-d-f40x07,新型化学电源,,NONE,「对上述电池放电时的捕获和转化过程开展了进一步研究，电极上转化的三种可能反应路径及相对能量变化如图(*表示吸附态)」——整条为题图配套的题干片段（“上述电池”指题外对象），无独立知识点陈述，不落任何知识点。,slice-91
CHEMISTRY,新型化学电源,ext-che-02e43d3aeb-003b,新型化学电源,,KEEP,「负极：LixC6 - xe- = C6 + xLi+」「正极为空气电极，O2 得电子发生还原反应」——锂离子电池与金属—空气电池，正合现绑『新型化学电源』。,slice-91
CHEMISTRY,新型化学电源,ext-che-02e43d3aeb-004d,新型化学电源,,KEEP,「微生物在电极上催化有机物的氧化反应，把化学能转化为电能」「由于酶或者微生物在高温下会失活，故微生物电池不能在高温下使用」——微生物电池原理与限制，正合现绑『新型化学电源』边界（含微生物电池）。,slice-91
CHEMISTRY,新型化学电源,ext-che-3b6c218622-015,新型化学电源,,KEEP,「固体电解质电池：离子导体依靠离子定向移动导电」「微生物燃料电池：利用微生物把有机物中的化学能直接转化为电能」——新型电源类型与原理，正合现绑『新型化学电源』边界。,slice-91
CHEMISTRY,新型化学电源,ext-che-86a0fcc39c-017,新型化学电源,,KEEP,「液流电池的活性物质是流动的电解质溶液」「把正负极分开，电解液各自循环，是一种高性能蓄电池」——液流电池特点，正合现绑『新型化学电源』。,slice-91
CHEMISTRY,新型化学电源,ext-che-923cf868a0-009,新型化学电源,,KEEP,「锂离子二次电池：基于“嵌入/脱嵌”原理」「浓差电池：利用物质的浓度差产生电势的装置」——锂电池、锂离子电池与浓差电池，均属现绑『新型化学电源』收列的新型电源。,slice-91
CHEMISTRY,新型化学电源,ext-che-9a4f3ee0bb-022,新型化学电源,,KEEP,「固体电解质电池的离子导体包括电解质水溶液、有机电解质溶液、熔融盐和固体电解质」「液流电池正负极电解液分开并各自循环，储存于外部储罐」——同属现绑『新型化学电源』所讲新型电池。,slice-91
CHEMISTRY,新型化学电源,ext-che-f9fefe7500-015,新型化学电源,,KEEP,「负极上金属失电子发生氧化反应，正极上氧气得电子发生还原反应」「一般采用非水电解质溶液」——金属—空气电池原理与电解质选择，正合现绑『新型化学电源』。,slice-91
CHEMISTRY,新型化学电源,ext-che-f9fefe7500-020,新型化学电源,原电池,REBIND,「并非只有氧化还原反应才能设计成原电池，实际上非氧化还原反应也可以设计为原电池」「总反应为 H++OH-=H2O」——非氧化还原体系设计原电池，属靶『原电池』边界“还说明某些特殊反应也能设计成原电池”（已收《三类特殊反应也能设计成原电池》）；现绑『新型化学电源』讲新式电源类型。,slice-91
CHEMISTRY,新型化学电源,ext-che-f9fefe7500-022,新型化学电源,,KEEP,「微生物电池中利用微生物辅助进行电化学反应」「故微生物电池不能在高温下使用」——微生物电池原理与使用限制，正合现绑『新型化学电源』。,slice-91
CHEMISTRY,新型无机非金属材料,chem-fx-yong-tu-zai-neng-yuan-xin-xi-yi-yao-de-f18x04,新型无机非金属材料,,KEEP,「②用途：在能源、信息、医药等领域有广阔的应用前景」「①碳化硅共价晶体，具有金刚石结构，可用作磨料」——特殊功能含硅材料与用途，现绑别名即本题名，保留。,slice-91
CHEMISTRY,新型无机非金属材料,ext-che-d5446e6215-009,新型无机非金属材料,,KEEP,「高温结构陶瓷一般用碳化硅、氮化硅或某些金属氧化物等在高温下烧结而成」「压电陶瓷主要有钛酸盐和锆酸盐等」——三类新型陶瓷的组成与用途，别名逐字含本题名，保留。,slice-91
CHEMISTRY,明确有机物之间的转化关系-构建有机合成体系,ext-che-5c62da9e03-1549,明确有机物之间的转化关系-构建有机合成体系,羧酸的化学性质,REBIND,「反应特点：羧酸分子中 α-H 在少量卤化剂作用下被取代」——α-氢的取代；靶『羧酸的化学性质』边界明含『α-氢的取代』，现绑为有机合成体系。,slice-91
CHEMISTRY,晶体,chem-fx-dao-dian-dao-re-xing-f34x05,晶体,,KEEP,「导电、导热性：一般不导电，溶于水后有的导电；一般不具有导电性，个别为半导体；电和热的良导体；晶体不导电，水溶液或熔融态导电」——晶体类型的导电性判断，现绑边界明言含『依据熔点、导电性与硬度判断晶体类型』。,slice-91
CHEMISTRY,晶体与非晶体,ext-che-1422ee20c2-031,晶体与非晶体,,KEEP,「晶体对 X 射线会产生衍射（有明锐的衍射峰），非晶体（如玻璃）不会」「可以获得晶体中原子的数目和位置等结构信息」——正合现绑边界『利用X射线衍射区分二者和测定晶体结构的方法』。,slice-91
CHEMISTRY,晶体熔-沸点高低的比较方法,chem-fx-de-rong-dian-bi-gao-f34x08,晶体熔-沸点高低的比较方法,,KEEP,「SiO2的熔点比CO2高，原因是SiO2是共价晶体，而CO2是分子晶体」——不同类型晶体熔沸点比较，属现绑（别名逐字含本题名）。,slice-91
CHEMISTRY,晶体结构与性质的易错点,ext-che-4394d32277-048,晶体结构与性质的易错点,晶胞组成的计算-均摊法,REBIND,「根据均摊法计算原子和空位的个数，可计算空位率」「由 +3y+4-2×3=0 可求得 y，再由 1-x-y 得空位数并算空位率」——均摊法数粒子/空位并据化合价守恒计算，属靶节点『晶胞组成的计算-均摊法』（别名含含空位晶胞与掺杂晶胞的分析）；现绑为易错点综合条。,slice-91
CHEMISTRY,晶体结构与性质的易错点,ext-che-545b6daaf6-137,晶体结构与性质的易错点,晶胞,REBIND,「晶胞是晶体结构中基本的重复结构单元，常规的晶胞都是平行六面体」「判断一个结构是否为晶胞，关键看它能否通过平行移动彼此重合」——晶胞的概念与判定，正合靶节点『晶胞』边界（最小重复单位、平行六面体、无缝隙全等）；现绑『晶体结构与性质的易错点』讲键型与熔点辨析。,slice-91
CHEMISTRY,晶胞,chem-hj-peiwieshu-gainian,晶胞,晶体中配位数的确定,REBIND,「含义：一个粒子周围最邻近的粒子数，反映排列紧密程度」「同种原子（分子）晶体：简单立方配位数 6；面心立方配位数 12；体心立方配位数 8」——目标『晶体中配位数的确定』别名即《晶胞中配位数的含义与常见数值》《由晶胞推算指定粒子配位数的方法》,slice-91
CHEMISTRY,晶胞,ext-che-0f5d5e7383-007,晶胞,,KEEP,「配位数的确定…观测法…转换法…公式法」「晶胞密度的计算…M/NA×n=ρ×a³」「微粒间距离的计算：第一步定位置，第二步找关系，第三步代入求值」——一材并含配位数密度间距三类，无单节点同覆盖三类；现绑已收《晶胞计算五大类型》，属保留,slice-91
CHEMISTRY,晶胞,ext-che-0f5d5e7383-008,晶胞,原子分数坐标与晶胞投影图,REBIND,「把晶胞参数取作单位长度建立坐标系、用坐标值表示原子位置的方法称为原子分数坐标」「常见模型：体心晶胞、面心立方晶胞、金刚石晶胞都要熟记其特征位置的坐标与俯视图」——目标别名即《晶胞坐标系与单位长度的构建》《金刚石型晶胞的投影图》,slice-91
CHEMISTRY,晶胞,ext-che-1d3390924f-023,晶胞,晶胞组成的计算-均摊法,REBIND,「顶角上的1个碳原子被3个六边形共有，每个六边形对它的占有份额为1/3」「每个六边形有6个顶角，故平均含6×1/3＝2个碳原子」——即均摊法数数；目标节点别名已收《非长方体晶胞的均摊比例》同族（石墨层非规则晶胞，按边界严口径可留晶胞）,slice-91
CHEMISTRY,晶胞,ext-che-1d3390924f-051,晶胞,晶胞组成的计算-均摊法,REBIND,「基本思想：晶胞中任意位置的一个粒子被n个晶胞共用，则每个晶胞对它只分得1/n」「将各元素折算后的粒子数化为最简整数比即得化学式」——目标『晶胞组成的计算-均摊法』边界即「按份额均摊」，别名已收《均摊法确定晶胞粒子数与化学式》,slice-91
CHEMISTRY,晶胞,ext-che-4dd2e79693-050c,晶胞,原子分数坐标,REBIND,「第一步：依据已知粒子的坐标确定坐标系取向」「第三步：根据坐标轴上的截距确定该粒子的分数坐标」——纯原子分数坐标的三步确定；目标『原子分数坐标』别名明列《用截距法判断原子分数坐标》《坐标原点移动后原子分数坐标的变化》,slice-91
CHEMISTRY,晶胞,ext-che-4dd2e79693-056,晶胞,晶胞投影,REBIND,引文订正：「晶胞顶角（非体对角线上的 6 个顶角）$\to$ 大正六边形顶点」…「立方晶胞中微粒沿体对角线方向的投影形成的图形为正六边形」——沿体对角线投影；目标『晶胞投影』边界即『投影方向不同得到的图完全不同，不能照搬熟悉的那一种；重叠的微粒必须在图中标注区分』,slice-91
CHEMISTRY,晶胞,ext-che-5c62da9e03-234,晶胞,原子分数坐标,REBIND,「原子分数坐标：以晶胞参数为单位长度（不论晶胞边长大小都是1）建立的坐标系」「三个平面在三条坐标轴上的截距占晶胞边长的分数即该原子的分数坐标」——目标『原子分数坐标』别名即《用截距法判断原子分数坐标》,slice-91
CHEMISTRY,晶胞,ext-che-7645e88401-034,晶胞,晶胞中粒子配位数的计算,REBIND,「与该晶胞共面的紧邻的右边的另一个晶胞中也有 4 个 F− 与该 Ca2+ 最近且等距离，所以 Ca2+ 的配位数为 8」「归纳总结：立方晶胞中微粒周围微粒个数的判断」——目标别名即《CaF2 晶胞中配位数的两种求法》《立方晶胞中微粒周围微粒个数的归纳结论》,slice-91
CHEMISTRY,晶胞,ext-che-7645e88401-034c,晶胞,原子分数坐标,REBIND,「通过该原子作出三个平行于坐标轴的平面，三个平面在三条坐标轴上的截距占晶胞边长的分数」「坐标原点移动后原子分数坐标的变化…为(x2-x1、y2-y1、z2-z1)」——目标『原子分数坐标』别名即《坐标原点移动后原子分数坐标的变化》《用截距法判断原子分数坐标》,slice-91
CHEMISTRY,晶胞,ext-che-7645e88401-035,晶胞,,KEEP,「简单立方 d=2r=a」「体心立方 d=2r=(√3/2)a」「面心立方 d=2r=(√2/2)a」「金刚石型 d=2r=(√3/4)a」——晶胞中微粒间距计算；仓内无间距专节点，现绑『晶胞』已收《原子间距的计算方法》《空间向量法计算晶胞内粒子间距》，属保留,slice-91
CHEMISTRY,晶胞密度的计算,ext-che-1d3390924f-027,晶胞密度的计算,晶胞空间利用率的计算,REBIND,「体心立方堆积：4r＝√3·a」「空间利用率＝（晶胞中微粒体积÷晶胞体积）×100%」——棱长与半径关系及空间利用率公式，正是目标节点边界；现绑“晶胞密度的计算”只讲单位与均摊数。,slice-91
CHEMISTRY,晶胞空间利用率的计算,chem-fcc-void-count,晶胞空间利用率的计算,,KEEP,「正八面体空隙位于体心（1个）和棱心（12×1/4=3个），共4个」「正四面体空隙位于晶胞体内，共8个」——面心立方最密堆积族内容；库内无专收空隙/填隙率的节点，从宽保留（备选见备注）。,slice-91
CHEMISTRY,晶胞组成的计算-均摊法,chem-hj-changjian-jingti-moxing,晶胞组成的计算-均摊法,,KEEP,「NaCl 型：每个 Na+ 周围等距紧邻 Cl- 有 6 个」「每个晶胞含 4 个 Na+ 和 4 个 Cl-」——晶胞组成与配位数；节点已收《典型晶体模型与晶胞组成》，属均摊法族，保留。,slice-91
CHEMISTRY,有关ksp的易错点,ext-che-0ba5e16be6-083,有关ksp的易错点,,KEEP,「分别算出各离子开始沉淀所需的沉淀剂浓度，所需浓度越小者越先沉淀」「只比较各难溶物的 Ksp 大小就下结论…Ksp 的大小不能直接对应开始沉淀的先后」——Ksp 易错点；别名含『不同化学式型沉淀的浓度比不能直接用Ksp』。,slice-91
CHEMISTRY,有关合成高分子的易混易错点,chem-fx-chan-wu-te-zheng-f63x03,有关合成高分子的易混易错点,,KEEP,「产物特征：高聚物与单体具有相同的组成，生成物一般为线型结构」——加聚与缩聚的产物特征对比，现绑别名『产物特征』逐字同题。,slice-91
CHEMISTRY,有关合成高分子的易混易错点,ext-che-5c62da9e03-1658,有关合成高分子的易混易错点,,KEEP,「①聚合反应得到的是混合物，则聚合物没有固定的熔、沸点。」「结构单元数＝聚合度×链节数」——高分子是混合物等易错点，属现绑别名『合成高分子易错点补充：混合物、橡胶老化与聚氯乙烯』族。,slice-91
CHEMISTRY,有关合成高分子的易混易错点,ext-che-5c62da9e03-1659,有关合成高分子的易混易错点,,KEEP,「②发生加聚反应的过程中没有副产物（小分子化合物）产生，只生成聚合物，原子利用率为 100%。」——加聚反应的特点，属现绑『加聚与缩聚的区分』。,slice-91
CHEMISTRY,有关合成高分子的易混易错点,ext-che-5c62da9e03-1675,有关合成高分子的易混易错点,,KEEP,「所以不能用含增塑剂的聚氯乙烯薄膜生产食品包装材料。」——合成高分子易错点补充（聚氯乙烯与增塑剂），现绑别名逐字同题。,slice-91
CHEMISTRY,有关合成高分子的易混易错点,ext-che-5c62da9e03-261,有关合成高分子的易混易错点,,KEEP,「缩聚反应生成聚合物的同时，还有小分子副产物（如H₂O等）生成。」——缩聚反应的四个特点，现绑别名逐字同题。,slice-91
CHEMISTRY,有关合成高分子的易混易错点,ext-che-5c62da9e03-264,有关合成高分子的易混易错点,,KEEP,「相同点三：单体可相同，也可不相同。」「相同点一：单体的相对分子质量小。」——加聚与缩聚的相同点，现绑别名逐字同题。,slice-91
CHEMISTRY,有关合成高分子的易混易错点,ext-che-5c62da9e03-266,有关合成高分子的易混易错点,,KEEP,「加聚反应的机理：一般是不饱和分子中的不饱和键断开、相互加成」——从机理看两类聚合的内因，现绑别名逐字同题。,slice-91
CHEMISTRY,有关电离常数计算的两种类型-以弱酸hx为例,chem-fx-ze-f49x10,有关电离常数计算的两种类型-以弱酸hx为例,,KEEP,「可做近似处理：c(HX)始-c(H+)≈c(HX)始，则Ka=，代入数据求解即可」「已知c(HX)始和电离常数，求c(H+)」——正合现绑两类计算与近似处理边界，别名原题在现绑。,slice-91
CHEMISTRY,有关醛的定量计算,chem-fx-quan-ji-yang-hua-fan-ying-yu-yin-an-ro-f64x05,有关醛的定量计算,醛-酮的化学性质,REBIND,「(1)氧化反应：①与银氨溶液反应产生光亮的银镜；②与新制的Cu(OH)2悬浊液共热产生砖红色沉淀；(2)还原反应：与H2加成生成醇」——醛基的氧化与还原反应（性质），属靶『醛、酮的化学性质』边界；现绑『有关醛的定量计算』要的是量的关系，正文无量。,slice-91
CHEMISTRY,有关醛的定量计算,chem-hj-danweimol-hanyi,有关醛的定量计算,热化学方程式,REBIND,「对反应 aA+bB=cC+dD，ΔH 的“mol-1”指“每摩尔反应”而非每摩尔 A 或 B」「若改写为生成 1 mol HCl，则 ΔH=-92.3 kJ/mol」——ΔH 的单位含义与随化学计量数成比例，属靶『热化学方程式』（含义与书写）；现绑『有关醛的定量计算』零对应。,slice-91
CHEMISTRY,有关铁及其化合物的除杂,ext-che-09c8182c15-005,有关铁及其化合物的除杂,,KEEP,「除去含 Mg²⁺ 的溶液中混有的 Fe³⁺：向混合溶液中加入 Mg、MgO、MgCO₃、Mg(OH)₂ 中的任意一种」「除去含 Mg²⁺ 的溶液中混有的 Fe²⁺：先加入氧化剂（如 H₂O₂）将 Fe²⁺ 氧化成 Fe³⁺」——铁的除杂（调pH水解除Fe³⁺与先氧化再除），属现绑节点。,slice-91
CHEMISTRY,有关铁及其化合物的除杂,ext-che-5c62da9e03-2072,有关铁及其化合物的除杂,,KEEP,「为除去废水中的 Fe2+，常先将废水中的 Fe2+ 氧化为 Fe3+（如通入氯气），再调节溶液的 pH，使 Fe3+ 转化为红褐色的 Fe(OH)3 沉淀析出」——先氧化后调pH除铁，正合现绑『有关铁及其化合物的除杂』（别名逐字含本标题）。,slice-91
CHEMISTRY,有关铁及其化合物的除杂,ext-che-d46a1fe501-014,有关铁及其化合物的除杂,,KEEP,「除Fe3+的步骤：加入能与H+反应的物质（但不能引入新的杂质），使溶液的pH调至3～4，使Fe3+水解生成Fe(OH)3沉淀而除去」「除Fe2+的步骤：先加入H2O2」——除Fe3+/Fe2+的方法，现绑别名逐字含本标题。,slice-91
CHEMISTRY,有机化合物中的共价键,ext-che-067cb2c820-003b,有机化合物中的共价键,,KEEP,「形成时电子云达到最大重叠程度，键比较牢固，并且能围绕对称轴自由旋转」——σ键与π键形成方式与强度差异，正合现绑『有机化合物中的共价键』边界，保留。,slice-91
CHEMISTRY,有机化合物中的共价键,ext-che-5c62da9e03-1182,有机化合物中的共价键,,KEEP,「碳碳单键：碳原子为sp³杂化，只含一个σ键」「不同基团的相互作用也会影响共价键的极性」——键型与键的极性均落在现绑『有机化合物中的共价键』边界内，保留。,slice-91
CHEMISTRY,有机化合物中的共价键,ext-che-5c62da9e03-1224,有机化合物中的共价键,中心原子杂化类型的判断,REBIND,「中心原子形成4个σ键为sp³杂化，含1个π键（相当于形成3个σ键）为sp²杂化，含2个π键为sp杂化」——杂化类型判断依据，即靶『中心原子杂化类型的判断』边界（杂化轨道数＝σ键数＋孤电子对数）；现绑只讲成键类型。,slice-91
CHEMISTRY,有机化合物中碳原子的成键特点,ext-che-5c62da9e03-2498,有机化合物中碳原子的成键特点,,KEEP,「多个碳原子（3 个以上）以单键形成链状时，并不是直线形，而是呈锯齿状」——碳原子的成键特点与碳骨架，属现绑边界。,slice-91
CHEMISTRY,有机化合物中碳原子的成键特点,ext-che-5c62da9e03-2502,有机化合物中碳原子的成键特点,,KEEP,「多个碳原子之间可以结合成链状，也可以结合成环状（且可带支链）」——碳链与碳环的连接方式，正合现绑边界。,slice-91
CHEMISTRY,有机化合物的共面共线的判断,chem-fx-shu-ji-ji-ben-mo-xing-f02x13,有机化合物的共面共线的判断,,KEEP,「①三个基本面：烯平面()、羰基平面()、苯平面()，碳原子均为sp2杂化」「②两条基准线：炔直线(—C≡C—)，sp杂化」——共面共线的基本模型，别名『熟记基本模型』逐字。,slice-91
CHEMISTRY,有机化合物的共面共线的判断,chem-fx-zhi-xian-yu-ping-mian-lian-jie-f02x14,有机化合物的共面共线的判断,,KEEP,「直线与平面连接，则直线在这个平面上。如苯乙炔：，所有原子共平面」——直线与平面连接的共面判断，别名逐字；同块后续为审题限定词提醒。,slice-91
CHEMISTRY,有机化合物的共面共线的判断,ext-che-5c62da9e03-1382,有机化合物的共面共线的判断,,KEEP,「乙炔分子中的碳原子为sp杂化；分子中4个原子在一条直线上，键角为180°」「应用：与三键碳直接相连的原子与三键两端的碳一定共线」——三键共线模型，属现绑『有机化合物的共面共线的判断』。,slice-91
CHEMISTRY,有机反应机理与断键规律,ext-che-af5d7e549d-058,有机反应机理与断键规律,,KEEP,「烯烃与HX发生加成时第一步H+加到双键碳原子上形成碳正离子中间体」「碳正离子的相对稳定性顺序为叔碳正离子大于仲碳正离子大于伯碳正离子」——有机反应机理与断键；别名逐字含本题名。,slice-91
CHEMISTRY,有机合成,ext-che-4dd2e79693-129,有机合成,,KEEP,「$RMgX+HY\rightarrow RH+Mg(Y)X$，其中 HY 代表 $H_2O$、$ROH$、$RNH_2$、$RC\equiv CH$ 等含活泼氢的物质」「都不能用作反应溶剂」——现绑『有机合成』边界明载“涉及格氏试剂与含活泼氢物质的反应规律”。,slice-91
CHEMISTRY,有机合成,ext-che-6aa46b5568-018,有机合成,,KEEP,"「常见新信息反应包括：丙烯α-H被取代；共轭二烯烃的1,4-加成；烯烃被O₃氧化」「羟醛缩合；醛或酮与格氏试剂加成后水解得醇」——合成与推断所需反应储备，属现绑『有机合成』（碳骨架构建、官能团衍变）。",slice-91
CHEMISTRY,有机合成中碳骨架的构建,ext-che-4dd2e79693-120b,有机合成中碳骨架的构建,,KEEP,「含有 $\alpha-H$ 的醛在一定条件下可发生加成反应，生成 $\beta$-羟基醛。」「羟醛缩合至少需要一种含 $\alpha-H$ 的醛（提供 $\alpha-H$ 的一方作为」——羟醛缩合增长碳链，现绑边界逐字含「羟醛缩合」。,slice-91
CHEMISTRY,有机合成中碳骨架的构建,ext-che-5be82fcaeb-002b,有机合成中碳骨架的构建,,KEEP,「\n碳链缩短的方法：\n①与酸性KMnO4溶液的氧化反应：烯烃、炔烃断链氧化」「\n①二元醇分子内脱水成环醚」——即现绑节点碳链缩短与成环。,slice-91
CHEMISTRY,有机合成中碳骨架的构建,ext-che-e05314cc33-024,有机合成中碳骨架的构建,,KEEP,「\n$$\mathrm{CH_3CH_2Br\xrightarrow{NaCN}CH_3C」「\n有机物中的氢原子被烷基取代的反应称为烷基化反应，苯环上的烷基化反应称为傅－克烷基化反应」——增碳与骨架变化，属现绑节点。,slice-91
CHEMISTRY,有机合成中碳骨架的构建,ext-che-e05314cc33-026,有机合成中碳骨架的构建,,KEEP,「(3) 脱羧反应：$\mathrm{R-CH(COOH)_2\xrightarrow{H^」「反应过程中碳骨架发生重新排列（如碳正离子重排、Favorskii 重排等），原子连接顺序改」——脱羧缩短碳链与骨架重排属碳骨架构建（羧酸官能团信息反应为同族内容，保留）。,slice-91
CHEMISTRY,有机合成中碳骨架的构建,wusan-che-v-4ee64b72,有机合成中碳骨架的构建,,KEEP,「①碳链增长：加聚反应、缩聚反应、酯化反应、醛或酮与 HCN 的加成、羟醛缩合反应等都可用来」「烷烃的裂化、裂解，酯类、糖类、蛋白质等的水解反应，羧酸盐脱羧反应，烯烃、炔烃的氧」——即现绑节点碳骨架构建（碳链增长与缩短）。,slice-91
CHEMISTRY,有机合成路线的推断方法,chem-fx-dan-hua-gui-ke-yong-zuo-gao-wen-jie-go-f18x09,有机合成路线的推断方法,新型无机非金属材料,REBIND,「氮化硅可用作高温结构陶瓷复合材料，在航空航天、汽车发动机、机械等领域有着广泛的应用」——高温结构陶瓷属新型无机非金属材料；靶节点『新型无机非金属材料』收此族（7条），现绑『有机合成路线的推断方法』无涉。,slice-91
CHEMISTRY,有机合成路线的推断方法,chem-fx-kang-yang-hua-ji-f73x03,有机合成路线的推断方法,常见食品添加剂及其功能,REBIND,「(6)抗氧化剂：防止食品因氧化而变质，如抗坏血酸(维生素C)」「(7)营养强化剂：补充必要的营养成分」——食品添加剂的功能类别；靶节点『常见食品添加剂及其功能』（5条）即添加剂功能，现绑『有机合成路线的推断方法』无涉。,slice-91
CHEMISTRY,有机合成路线的推断方法,ext-che-8179029ae7-079,有机合成路线的推断方法,,KEEP,「若目标产物含有酯基，可尝试直接逆推一步拆分为羧酸和醇」「两种方法常结合使用，并互相检验」——现绑别名逐字含『顺推与逆推结合的具体策略』。,slice-91
CHEMISTRY,有机合成路线的推断方法,ext-che-e05314cc33-028,有机合成路线的推断方法,,KEEP,「若原料较为简单，比如烷烃或环烷烃作为原料时，一般只发生光照取代反应，则可直接顺推一步」——顺推法的适用情形；现绑别名逐字含此标题。,slice-91
CHEMISTRY,有机合成路线的推断方法,ext-che-e05314cc33-034,有机合成路线的推断方法,,KEEP,「看目标产物前一步的反应条件，判断该步属于哪类反应（加成、取代、氧化、还原、酯化等）」——逆推法操作步骤；现绑别名逐字含『由产物结构结合反应条件逆推中间体』。,slice-91
CHEMISTRY,有机合成路线的推断方法,ext-che-e05314cc33-050,有机合成路线的推断方法,,KEEP,「把产物与候选原料的碳骨架分别画出来并编号」「编号相同的碳原子即为对应的碳原子，据此反推出原料中官能团应在的位置」——现绑别名逐字含『用官能团位置对应反推原料碳骨架』。,slice-91
CHEMISTRY,有机物分子分子式的确定,chem-fx-hua-xue-fang-cheng-shi-fa-f03x13,有机物分子分子式的确定,,KEEP,「利用有机反应中反应物、生成物之间“量”的关系求分子式的方法」——化学方程式法属现绑『有机物分子分子式的确定』（别名逐字含），保留。,slice-91
CHEMISTRY,有机物分子分子式的确定,chem-fx-zui-jian-shi-f02x05,有机物分子分子式的确定,,KEEP,「表示物质组成的各元素原子 的式子」「由最简式可求最简式量」——最简式（实验式）定义，属现绑『有机物分子分子式的确定』（别名逐字含），保留。,slice-91
CHEMISTRY,有机物分子结构的鉴定方法,ext-che-5c62da9e03-1012,有机物分子结构的鉴定方法,,KEEP,「分子会吸收跟它的某些化学键的振动频率相同的红外线，再记录到图谱上呈现吸收峰」「可分析出分子中含有何种化学键或官能团的信息」——红外光谱原理与作用，正合现绑边界『红外光谱只能给出官能团或化学键的种类』。,slice-91
CHEMISTRY,有机物分类易混易错点,ext-che-5c62da9e03-1212,有机物分类易混易错点,,KEEP,「根——带电的原子或原子团…基——分子中失去中性原子或原子团后剩余的部分，电中性」「官能团属于基，但基不一定是官能团…根和基可以相互转化」——根、基、官能团概念辨析；现绑边界含官能团书写与类别归属。,slice-91
CHEMISTRY,有机物制备实验的常用操作与仪器,chem-cold-condensation-reflux,有机物制备实验的常用操作与仪器,,KEEP,「当反应物易挥发或产物易受热分解、挥发时，需在反应装置中加装冷凝回流装置（如竖直的球形冷凝管）」——冷凝回流防损失，现绑别名同名。,slice-91
CHEMISTRY,有机物制备实验的常用操作与仪器,chem-fx-ting-zhi-jia-re-f69x17,有机物制备实验的常用操作与仪器,,KEEP,「②停止加热，待沸腾平息后加入安息香，加热回流。」「④过滤，并用冷水洗涤固体3次，得到粗品。」——有机制备的加热、过滤与洗涤操作步骤，属现绑操作族（本条为流程片段）。,slice-91
CHEMISTRY,有机物制备实验的常用操作与仪器,chem-reflux-condenser-points,有机物制备实验的常用操作与仪器,,KEEP,「球形冷凝管用于冷凝回流，冷凝水『下进上出』」「若忘加沸石，必须先停止加热，待溶液冷却后再补加」——现绑边界即冷凝管选型与进出水方向、沸石补加时机。,slice-91
CHEMISTRY,有机物制备实验的常用操作与仪器,ext-che-627b4746d2-001,有机物制备实验的常用操作与仪器,,KEEP,「生成的水与夹带剂（如甲苯、苯等）形成低沸点共沸物」「分水器通过持续移除水、减少产物浓度，使化学平衡向正反应方向移动」——分水器工作原理，现绑别名同名。,slice-91
CHEMISTRY,有机物原子共线共面的判断,ext-che-5c62da9e03-1379,有机物原子共线共面的判断,,KEEP,「CH4 分子中最多有三个原子共平面；甲基 —CH3…只能有一个氢原子处于某指定平面上」——正对现绑边界单键旋转只能用“最多共面”。,slice-91
CHEMISTRY,有机物原子共线共面的判断,ext-che-5c62da9e03-1380,有机物原子共线共面的判断,,KEEP,「6 个原子共平面，键角约为 120°；分子中的双键不能旋转」——双键刚性平面，落现绑共面判断。,slice-91
CHEMISTRY,有机物原子共线共面的判断,ext-che-5c62da9e03-1381,有机物原子共线共面的判断,,KEEP,「分子中 10 个原子一定共平面（4 个碳原子及 6 个氢原子）」——sp2 杂化的刚性平面结构，落现绑原子共线共面判断。,slice-91
CHEMISTRY,有机物原子共线共面的判断,ext-che-5c62da9e03-2582,有机物原子共线共面的判断,,KEEP,「乙烯的结构呈平面形，2个C原子和4个H原子共平面」「与双键碳原子直接相连的原子都在这个平面内」——现绑共面判断的基本模型。,slice-91
CHEMISTRY,有机物的分离和提纯,ext-che-5c62da9e03-1369,有机物的分离和提纯,,KEEP,「流程：水洗 → 碱洗 → 水洗 → 干燥 → 蒸馏」「第一次水洗除去可溶性杂质；碱洗除去 Br2；第二次水洗除去盐和过量碱」——产品分离提纯序列，现绑别名『有机物粗产品的分离提纯序列』；替代候选见 notes。,slice-91
CHEMISTRY,构造原理,ext-che-5c62da9e03-918,构造原理,,KEEP,「绝大多数基态原子核外电子的排布都遵循 1s→2s→2p→3s→3p→4s→3d→4p…的顺序」「从第三能层开始出现了能级交错现象」——正合现绑边界『随原子序数增大电子填入能级的先后顺序』。,slice-91
CHEMISTRY,构造原理,ext-che-685a4a9f63-042,构造原理,原子核外电子排布,REBIND,「能量最低原理：原子的电子排布遵循构造原理能使整个原子的能量处于最低状态」「洪特规则：电子排布在同一能级的不同简并轨道时，基态原子中的电子总是优先单独占据一个轨道」——现绑『构造原理』边界自述『需与能量最低原理、泡利原理、洪特规则等排布规律相区分』。,slice-91
CHEMISTRY,核外电子运动状态,ext-che-c00fa0f1f7-008,核外电子运动状态,,KEEP,「s、p、d、f能级分别有1、3、5、7个原子轨道」——能层、能级与原子轨道（另含电子云形状与伸展方向）；正合现绑边界。,slice-91
CHEMISTRY,核外电子运动状态和电子排布易错点,ext-che-98e80691f8-016,核外电子运动状态和电子排布易错点,,KEEP,「② 违反泡利原理：在同一个原子轨道（同一个方框）内填入的电子超过 2 个，或填入的 2 个电子自旋方向相同」「④ 漏画空轨道：轨道表示式不能省略空轨道」——轨道表示式书写易错，属现绑『核外电子运动状态和电子排布易错点』（别名逐字含本标题）。,slice-91
CHEMISTRY,核素,ext-che-5c62da9e03-2109,核素,,KEEP,「将核内所有质子和中子的相对质量取近似整数值相加，所得的数值叫作质量数」——质量数概念属现绑“核素概念与原子构成”。,slice-91
CHEMISTRY,核素,ext-che-5c62da9e03-2234,核素,,KEEP,「碳-14（146C）是碳元素的一种核素，具有放射性，半衰期约为 5730±40 年」——核素的实例与应用，现绑别名含“常见重要核素及其应用”。,slice-91
CHEMISTRY,根据分子-离子-结构推断元素,ext-che-73c6f4a552-055,根据分子-离子-结构推断元素,,KEEP,「存在配位键时，会改变原子的成键数目」「使得N、B的成键数目都由3个变为4个，与常规的成键数目不一致」——由结构式成键数目推断元素时配位键的特殊情形，现绑别名逐字含「配位键对原子成键数目的影响」。,slice-91
CHEMISTRY,根据有机反应中定量关系推断官能团的数目,ext-che-a4f995ac24-026,根据有机反应中定量关系推断官能团的数目,,KEEP,「1 mol 与苯环相连的卤素原子消耗 2 mol NaOH：其中 1 mol 用于中和水解生成的卤化氢，另 1 mol 用于中和生成的酚羟基」——结构—试剂用量的定量关系，现绑『根据有机反应中定量关系推断官能团的数目』已收同族《能与溴反应的结构及用量》。,slice-91
CHEMISTRY,根据试剂或特征现象推知官能团的种类,ext-che-5c62da9e03-1470,根据试剂或特征现象推知官能团的种类,,KEEP,「加银氨溶液并水浴加热，有银镜出现」「先用银氨溶液或新制 Cu(OH)2 把 —CHO 氧化为 —COOH」——试剂与特征现象推官能团，正合现绑边界（银氨、新制Cu(OH)2检—CHO），保留。,slice-91
CHEMISTRY,检验so2和co2同时存在的一般流程,chem-fx-xuan-yong-shi-ji-f22x08,检验so2和co2同时存在的一般流程,,KEEP,「选用试剂：品红溶液；酸性KMnO4溶液；品红溶液；澄清石灰水」——SO2、CO2检验流程的试剂与顺序；现绑别名逐字含『选用试剂』。,slice-91
CHEMISTRY,检验so2和co2同时存在的一般流程,chem-fx-you-shi-wei-jian-hua-zhuang-zhi-f22x09,检验so2和co2同时存在的一般流程,,KEEP,「有时为简化装置，可将除去SO2和检验SO2是否除尽合并为一个装置，用较浓的酸性KMnO4溶液」——与现绑边界引文逐字相同，属SO2、CO2同时检验流程的补充。,slice-91
CHEMISTRY,次氯酸和次氯酸盐,ext-che-0236d4838a-006,次氯酸和次氯酸盐,,KEEP,「氯的含氧酸有HClO、HClO2、HClO3、HClO4，酸性HClO4>HClO3>HClO2>HClO」「弱酸性且比碳酸弱…H2CO3>HClO>HCO3-，故向NaClO溶液通入少量CO2生成HCO3-和HClO」——含次氯酸性质，现绑别名逐字含此标题。,slice-91
CHEMISTRY,次氯酸和次氯酸盐,ext-che-44ad239dd0-008,次氯酸和次氯酸盐,,KEEP,「漂白原理：在潮湿空气中吸收CO₂，Ca(ClO)₂+CO₂+H₂O=2HClO+CaCO₃↓」「久置失效原理：…HClO见光易分解，故漂粉精、漂白粉都应密封、避光保存」——正在现绑边界内。,slice-91
CHEMISTRY,次氯酸和次氯酸盐,ext-che-70e7fe12d5-006,次氯酸和次氯酸盐,,KEEP,「酸性：HClO4>HClO3>HClO2>HClO」「氧化性：HClO>HClO2>HClO3>HClO4」「次氯酸不稳定，见光分解2HClO→2HCl+O2↑，故氯水现用现配」——现绑别名逐字含此标题。,slice-91
CHEMISTRY,次氯酸和次氯酸盐,ext-che-70e7fe12d5-007,次氯酸和次氯酸盐,,KEEP,「漂白粉主要成分为CaCl2和Ca(ClO)2，有效成分为Ca(ClO)2」「漂白原理：Ca(ClO)2+CO2+H2O=2HClO+CaCO3↓」——现绑边界明列“漂白粉的制取、成分、漂白原理和失效原因”。,slice-91
CHEMISTRY,次氯酸和次氯酸盐,ext-che-d448baba5f-006,次氯酸和次氯酸盐,,KEEP,「酸性递变：随氯元素化合价升高，酸的酸性增强」「氧化性递变：与酸性相反，随氯元素化合价升高氧化性减弱」——含 HClO 在内的含氧酸递变；现绑别名逐字含此标题，保留。,slice-91
CHEMISTRY,次氯酸和次氯酸盐,ext-che-d448baba5f-012,次氯酸和次氯酸盐,,KEEP,「严禁与洁厕灵（盐酸）混用，ClO-+Cl-+2H+=Cl2↑+H2O」「开封后HClO分解使活性下降，空气中的CO2加速失效」——次氯酸盐的性质与应用，现绑别名逐字含此标题。,slice-91
CHEMISTRY,比较物质酸性强弱的方法,ext-che-5c62da9e03-2645,比较物质酸性强弱的方法,,KEEP,「电离情况：乙醇极难电离；碳酸部分电离；乙酸部分电离」「结合羟基氢原子活性顺序可知，三者的酸性由弱到强依次为乙醇、碳酸、乙酸」——酸性弱强比较；现绑即比较物质酸性强弱的方法。,slice-91
CHEMISTRY,比较物质酸性强弱的方法,ext-che-5c62da9e03-2646,比较物质酸性强弱的方法,,KEEP,「酸碱性：乙醇为中性；碳酸为弱酸性；乙酸为弱酸性」「三者的酸性由弱到强为乙醇、碳酸、乙酸」——与上条同源的酸性比较材料，现绑节点口径相符。,slice-91
CHEMISTRY,气体体积的测定方法,chem-fx-jian-jie-ce-liang-fa-f66x06,气体体积的测定方法,,KEEP,「间接测量法。如F装置是通过测量气体排出的液体体积来确定气体体积」——量气方法，属现绑『气体体积的测定方法』；尾句『装置的气密性检查…』为邻接片段。,slice-91
CHEMISTRY,气体制备,chem-fx-chang-jian-shi-ji-f28x05,气体制备,,KEEP,「常见试剂：浓H2SO4(酸性、强氧化性)；无水氯化钙(中性)、碱石灰(碱性)；Cu、CuO、Mg等」——净化与干燥常用试剂清单，属现绑『气体制备』试剂选择面，保留。,slice-91
CHEMISTRY,气体制备,chem-fx-gai-jin-de-mu-f28x12,气体制备,,KEEP,「改进的目的：用于加热易溶化的固体物质的分解…防止固体熔化时造成液体的倒流」「图A的改进优点是能控制反应液的温度」——制备装置改进的目的，现绑节点别名含『气体制备装置的改进与创新』。,slice-91
CHEMISTRY,气体制备,chem-fx-gu-ti-ye-ti-f28x02,气体制备,,KEEP,「固体+液体(或液体+液体)气体」「固体+液体(不加热)→气体」——气体发生装置的类型及适用气体，现绑『气体制备』别名含『固体+液体』，料薄而可归。,slice-91
CHEMISTRY,气体制备,chem-fx-pai-kong-qi-fa-f28x08,气体制备,,KEEP,「排空气法：向上排空气法；密度大于空气且不与空气中的成分反应；Cl2、SO2、NO2、CO2」——排空气集气法的适用范围，属现绑『气体制备』收集方法面。,slice-91
CHEMISTRY,气体制备,chem-fx-pai-shui-fa-f28x07,气体制备,,KEEP,「排水法：难溶于水或微溶于水，且不与水反应的气体；O2、H2、NO、CO等」——排水集气法的适用范围，属现绑『气体制备』收集方法面。,slice-91
CHEMISTRY,气体制备,chem-fx-zhuang-zhi-xing-cheng-feng-bi-ti-xi-ca-f66x08,气体制备,装置气密性检查的方法,REBIND,「①装置形成封闭体系→操作(微热、手捂、热毛巾捂、加水等)→描述现象→得出结论」「微热法检查的关键词是封闭、微热、气泡、水柱」——通篇装置气密性检查方法；现绑『气体制备』范围限定备层面无涉，目标节点正对。,slice-91
CHEMISTRY,气体制备,chem-hj-ganzaoji-xuanze-duizhao,气体制备,常见干燥剂及其使用限制,REBIND,「浓硫酸…不可干燥 NH3 等碱性气体及 H2S、HI 等强还原性气体」「无水氯化钙…不可干燥 NH3（生成 CaCl2·8NH3）」——常见干燥剂适用范围；目标节点同名且已收『常见干燥剂的适用范围』同族。,slice-91
CHEMISTRY,气体制备,chem-hj2-shiyan-shunxu-sanlei,气体制备,化学实验装置的连接与操作顺序,REBIND,「操作顺序：装置选择与连接→气密性检查→加固体→加液体」「连接顺序：发生→除杂→干燥→性质探究或收集→尾气处理」「洗气瓶长进短出」——实验操作与装置连接顺序；目标节点同名且已收『实验装置连接的三个顺序』同族。,slice-91
CHEMISTRY,气体制备,chem-stop-heating-before-gas,气体制备,,KEEP,「停止加热后继续通入N2等保护气，可维持无氧环境防止产物（如HI）被氧化，待装置冷却后再停止通气」——制备实验收尾的操作顺序与原因，属现绑『气体制备』操作面，保留。,slice-91
CHEMISTRY,气体制备,ext-che-01eb9ee365-007b,气体制备,,KEEP,「若采用溶液除杂，顺序是除杂在前、干燥在后」「干燥剂的限制：有氧化性的干燥剂（如浓硫酸）一般不能干燥还原性强的气体」——除杂干燥顺序与干燥剂限制，现绑『气体制备』已收同题。,slice-91
CHEMISTRY,气体制备,ext-che-1422ee20c2-032,气体制备,,KEEP,「若把 C 和 D 的位置互换：SO2 和 HCl 都会在 NaOH 溶液中溶解，且 SO2 易发生倒吸」「易倒吸的气体放在后面的吸收装置」——多级尾气吸收的顺序原则，属现绑『气体制备』尾气处理面。,slice-91
CHEMISTRY,气体制备,ext-che-26cfa23439-002b,气体制备,,KEEP,「极易溶于水的气体（HCl、NH3等）吸收时必须防倒吸」「防倒吸装置分两类：肚容式…分液式」——尾气处理与防倒吸，现绑『气体制备』别名含『气体的制备、净化、干燥、收集与尾气处理』。,slice-91
CHEMISTRY,气体制备,ext-che-5c62da9e03-2353,气体制备,,KEEP,「FeS+2HCl=FeCl₂+H₂S↑」「FeS+H₂SO₄=FeSO₄+H₂S↑」——硫化氢的实验室制法，现绑『气体制备』边界明列硫化氢等制备要点。,slice-91
CHEMISTRY,气体制备,ext-che-888287a37e-002,气体制备,,KEEP,「尾气处理装置的选择：实验室制取氯气时，尾气的处理可用吸收装置或燃烧装置等」「装置顺序…尾气处理必须放在最后」——尾气处理方法与流程顺序，属现绑『气体制备』尾气处理面。,slice-91
CHEMISTRY,气体制备,ext-che-d5ea01c68d-041,气体制备,,KEEP,「制备装置类型：固体+液体加热制气体」「净化：用饱和食盐水除HCl，再用浓硫酸除水蒸气」「尾气用NaOH溶液吸收」——氯气制取流程与验满，现绑『气体制备』别名含同题。,slice-91
CHEMISTRY,气体制备,ext-che-d62612a9e4-002b,气体制备,,KEEP,「①直接排空…②吸收装置…③点燃或转化…④收集法」——尾气处理方法与装置选择四分法，现绑『气体制备』别名含同题，保留。,slice-91
CHEMISTRY,气体制备,ext-che-d62612a9e4-011,气体制备,,KEEP,「第一步确定发生装置…第二步确定收集装置…第三步确定尾气处理装置」——气体发生/收集/尾气装置的选用三步法，属现绑『气体制备』装置选择面。,slice-91
CHEMISTRY,氢氧化铝沉淀图像分析,ext-che-c11998d60a-039,氢氧化铝沉淀图像分析,,KEEP,「①先中和H＋…②再沉淀Al3＋…③然后与NH4＋反应…④最后溶解Al(OH)3」——铝盐体系滴加碱的反应顺序与图像四段成因，别名含『铝盐与碱反应的滴加顺序与图像』；保留（备选『与量有关的离子方程式书写技巧』，见备注）。,slice-91
CHEMISTRY,氧化剂,ext-che-5c62da9e03-1881,氧化剂,,KEEP,「还原产物：氧化剂得到电子（或共用电子对偏向）被还原生成的产物」——现绑边界即“氧化剂与氧化产物、还原剂与还原产物的对应关系”。,slice-91
CHEMISTRY,氧化性-还原性强弱的比较,chem-fx-yi-zhi-he-f10x17,氧化性-还原性强弱的比较,,KEEP,「已知I-、Fe2+、SO2、Cl-和H2O2均有还原性，它们在酸性溶液中还原性的强弱顺序为」——题干残片，主题即还原性强弱顺序的比较，与现绑节点一致，保留。,slice-91
CHEMISTRY,氧化性-还原性强弱的比较,ext-che-39e870c108-015,氧化性-还原性强弱的比较,,KEEP,「E 越大，该电对中氧化型物质的氧化性越强」「只要满足氧化性 氧化剂 > 氧化产物、还原性 还原剂 > 还原产物，氧化还原反应就能发生（强制弱规律）」——比较氧化性/还原性强弱与判据，属现绑。,slice-91
CHEMISTRY,氧化还原反应,chem-fx-xiang-guan-gai-nian-f10x02,氧化还原反应,,KEEP,「概括为“升失氧、降得还，剂性一致、其他相反”」「氧化性是指得电子的性质(或能力)」——氧化还原反应基本概念；现绑别名逐字含『相关概念』，保留。,slice-91
CHEMISTRY,氧化还原反应,chem-hj-didinglei-xingtui-zonghe,氧化还原反应,滴定分析法,REBIND,「中和滴定：以酸碱反应为基础，用指示剂判断终点」「共同要求：反应定量完成、速率快、有适当方法确定终点」——通篇滴定的四种类型；现绑『氧化还原反应』只涉其中一类，宜改归『滴定分析法』（已收『滴定分析法的原理、类型与计算』）。,slice-91
CHEMISTRY,氧化还原反应,ext-che-39e870c108-002,氧化还原反应,化合价,REBIND,「分析电子转移数目的关键是先标出各元素化合价」「特殊物质中元素的化合价要单独记忆：CuFeS₂ 中 Cu 为 +2」——通篇标化合价的方法与常见化合价速记；『化合价』节点内已收『标化合价的方法与常见化合价速记』同族材料。,slice-91
CHEMISTRY,氧化还原反应中电子转移的表示方法,ext-che-2c017ad5a8-005,氧化还原反应中电子转移的表示方法,,KEEP,「含义：表示反应前后同一元素由反应物转化为生成物时的电子转移情况」「基本步骤：①标价态…②连双线…③注得失…④算数目」——双线桥含义与步骤，属现绑节点。,slice-91
CHEMISTRY,氧化还原反应中电子转移的表示方法,ext-che-5c62da9e03-1901,氧化还原反应中电子转移的表示方法,,KEEP,「双线桥法：表示反应前后同一元素由反应物转化为生成物时电子转移的情况。基本步骤为：标价态…连双线…注得失」——双线桥定义与步骤，属现绑节点。,slice-91
CHEMISTRY,氧化还原反应中电子转移的表示方法,ext-che-5c62da9e03-1902,氧化还原反应中电子转移的表示方法,,KEEP,「②连双线——一条线：始于被还原的物质（氧化剂）中的降价元素，止于产物中的相应元素」——双线桥三步操作要领，属现绑『氧化还原反应中电子转移的表示方法』。,slice-91
CHEMISTRY,氧化还原反应中电子转移的表示方法,ext-che-5d65ccc112-007,氧化还原反应中电子转移的表示方法,,KEEP,「两种画法不能混用：双线桥要写清得失与数目，单线桥只写总数」——双线桥与单线桥规范画法，现绑边界正即二者的表示约定。,slice-91
CHEMISTRY,氧化还原反应中电子转移的表示方法,ext-che-a5ac7648c8-002b,氧化还原反应中电子转移的表示方法,,KEEP,「双线桥法：标变价→画箭头（由反应物指向生成物）→算数目→说变化」「单线桥法：……线桥上只标电子转移的总数目」——现绑边界即单线桥与双线桥的表示规则。,slice-91
CHEMISTRY,氧化还原反应中电子转移的表示方法,ext-che-bb66c733f8-004,氧化还原反应中电子转移的表示方法,,KEEP,「双线桥强调“同种元素、前后对照”，单线桥强调“转移方向、总数目”」——两法对比与要点，属现绑节点边界。,slice-91
CHEMISTRY,氧化还原反应方程式的配平方法,ext-che-4dd2e79693-009,氧化还原反应方程式的配平方法,,KEEP,「对不能用常识确定元素价态的化合物，假设化合物中所有元素的初始化合价均为 0」「把含未知数的原子团看成一个整体标价」——零价法与整体标价法，别名同名在册。,slice-91
CHEMISTRY,氧化还原反应规律及其应用,ext-che-ef71e96996-012,氧化还原反应规律及其应用,电子守恒法计算的流程,REBIND,「第一步找物质：找出氧化剂、还原剂及相应的还原产物和氧化产物。」「根据题中物质的物质的量和电子守恒列出等式，关系式为$n(氧化剂)\times 变价原子个数」——即目标节点在册两条『得失电子守恒三步解题法』同题材料的同一流程；现绑边界自述三大规律且不涉配平计算。,slice-91
CHEMISTRY,氨,chem-hj-an-rongye-chengfen,氨,,KEEP,「氨水中三种分子：NH3、H2O、NH3·H2O；三种离子：NH4+、OH-、H+」「氨水质量分数越大，密度越小」——氨的物理性质与氨水组成，现绑别名逐字收录。,slice-91
CHEMISTRY,氨,ext-che-0f789530cb-005,氨,,KEEP,「NH3极易溶于水，因NH3与H2O均为极性分子、可形成分子间氢键」「氨溶于水形成氨水，大部分NH3与水结合成一水合氨（NH3·H2O）」——氨水成分与溶解性，正对现绑边界“重点区分氨水成分与保存的易混点”。,slice-91
CHEMISTRY,氨,ext-che-3c813aa644-008,氨,,KEEP,「空间结构为三角锥形，属于极性分子」「极易溶于水（体积比约 1∶700）」——氨的分子结构与物理性质，属现绑『氨』。,slice-91
CHEMISTRY,氨,ext-che-5c62da9e03-2399,氨,,KEEP,「NH₃ 属于共价化合物，其中氮元素化合价为 -3」「电子式以 N 为中心、三个 H 与一对孤对电子分布在 N 周围」——氨的分子结构与化合价，属现绑『氨』的分子结构面。,slice-91
CHEMISTRY,氨,ext-che-5c62da9e03-2400,氨,,KEEP,「氨气是无色、有刺激性气味的气体，密度比空气小，极易溶于水」「液氨汽化时吸热」——氨的物理性质，属现绑『氨』（去括注后别名逐字收录）。,slice-91
CHEMISTRY,氨,ext-che-5c62da9e03-2406,氨,,KEEP,「氨是氮肥工业及制造硝酸、铵盐等的重要原料」「氨可用作制冷剂，原因是液氨汽化时吸收大量的热」——氨的用途；库内无氨的用途专节点，保守保留于现绑『氨』。,slice-91
CHEMISTRY,氨,ext-che-64710ef7e8-016,氨,喷泉实验,REBIND,「形成喷泉的原理：容器内外存在较大的压强差」「常见组合如 NH3＋水、HCl＋水、SO2＋NaOH 溶液、NO2＋水等」——通篇喷泉实验的原理、条件与类型（NH3 仅作经典气体）；靶节点『喷泉实验』（12条）即此，现绑『氨』边界为氨的结构与性质。,slice-91
CHEMISTRY,氨,ext-che-71c7a426fb-018,氨,,KEEP,「氨是无色、有刺激性气味的气体，密度比空气小，很容易液化」「氨气溶于水时需防止倒吸现象的发生」——氨的分子结构与物理性质，现绑别名（去括注）逐字收录。,slice-91
CHEMISTRY,氨,ext-che-7f2e13df1b-010,氨,,KEEP,「与水反应：NH3+H2O⇌NH3·H2O⇌NH4++OH-，氨水呈碱性」「与酸反应：与HCl、HNO3产生白烟」——氨的物理性质与化学性质，属现绑『氨』。,slice-91
CHEMISTRY,氨,ext-che-7f2e13df1b-011,氨,,KEEP,「还原性：4NH3+5O2=4NO+6H2O（催化氧化，用于工业制硝酸）」「实验室制法：2NH4Cl+Ca(OH)2=CaCl2+2NH3↑+2H2O」——现绑别名逐字含『氨的还原性与实验室制法』。,slice-91
CHEMISTRY,氨,ext-che-8ec6d07087-015,氨,,KEEP,「氨的电子式中氮原子与三个氢原子各共用一对电子、氮上还有一对孤对电子，结构为三角锥形」「需防止倒吸现象的发生」——氨的分子结构与溶解性对装置的要求，现绑别名逐字收录。,slice-91
CHEMISTRY,氨,ext-che-b461f32449-027,氨,,KEEP,「氨的分子式为NH3，含极性共价键，空间构型为三角锥形，属于极性分子」「液氨汽化吸收大量热，可用作制冷剂」——氨的分子结构与物理性质，现绑别名逐字收录。,slice-91
CHEMISTRY,氨,ext-che-bef31d0de4-013,氨,,KEEP,「结构式为氮原子位于锥顶、3个氢原子位于锥底的三角锥形」「实验室吸收氨气必须使用防倒吸装置」——氨的分子结构与物理性质，现绑别名逐字收录。,slice-91
CHEMISTRY,氨,ext-che-bef31d0de4-013b,氨,,KEEP,「氨溶于水得到氨水，其中大部分NH3与水结合成一水合氨」「保存方法：氨水对许多金属有腐蚀作用，一般不用金属容器盛放」——氨水成分、性质与保存，正合现绑『氨』边界「重点区分氨水成分与保存的易混点」。,slice-91
CHEMISTRY,氨,ext-che-c8e4e37deb-009,氨,,KEEP,「NH3分子中氮原子的杂化类型为sp3，NH3的空间结构是三角锥形」「过量氨水与AlCl3反应为Al3+＋3NH3·H2O=Al(OH)3↓＋3NH4+」——结构、溶解性、与水酸反应与还原性用途，现绑别名逐字含『氨的结构、性质与用途』。,slice-91
CHEMISTRY,氨,ext-che-f270503813-002b,氨,,KEEP,「$NH_3$ 分子中氮原子的杂化类型为 $sp^3$」「氨气极易溶于水——主要原因是氨气分子与水分子间能形成氢键」——氨的分子结构与物理性质，现绑别名逐字收录。,slice-91
CHEMISTRY,氨,ext-che-f4686ae2ac-008,氨,,KEEP,「氨水中含三种分子 $NH_3$、$NH_3\cdot H_2O$、$H_2O$ 和三种离子 $NH_4^+$、$OH^-$、$H^+$，是混合物」——氨水成分，属现绑『氨』边界所列氨水成分面。,slice-91
CHEMISTRY,氨,ext-che-fd9babf818-001,氨,,KEEP,「NH3和H2O均为极性分子，根据相似相溶原理NH3易溶于水；同时NH3与H2O之间可以形成分子间氢键」——氨极易溶于水的原因，属现绑『氨』的物理性质面。,slice-91
CHEMISTRY,氨,wusan-che-v-4d05f975,氨,,KEEP,「分子空间结构为三角锥形」「实验室制法：2NH4Cl + Ca(OH)2 =(Δ) CaCl2 + 2NH3↑ + 2H2O」——结构性质与实验室制法，现绑别名逐字含『氨的结构性质与实验室制法』。,slice-91
CHEMISTRY,氨,wusan-chem-b2c5-ammonia,氨,,KEEP,「与 HCl、HNO₃ 反应生成白烟」「实验室 2NH₄Cl + Ca(OH)₂ →Δ CaCl₂ + 2NH₃↑ + 2H₂O」——氨的结构/性质与制法综合条，跨结构性质与制法两族，无单一更优节点，保守保留待拆条。,slice-91
CHEMISTRY,氨基酸的结构与性质,chem-fx-cheng-tai-fan-ying-f62x07,氨基酸的结构与性质,,KEEP,「两个氨基酸分子(可以相同，也可以不同)在一定条件下，通过氨基与羧基间缩合脱去水，形成含有肽键的化合物，发生成肽反应」——现绑边界即含两性、成肽反应两类化学性质（『蛋白质和氨基酸的结构与性质』另收成肽规律，保留）。,slice-91
CHEMISTRY,氨的化学性质,chem-fx-an-shi-qi-ta-han-an-hua-he-wu-de-sheng-f78x01,氨的化学性质,,KEEP,「氨是其他含氨化合物的生产原料」「金属钠的液氨溶液放置时缓慢放出气体，同时生成」——氨的转化与含氨化合物，属现绑『氨的化学性质』；正文多处生成物式样缺失，建议复核文本完整性。,slice-91
CHEMISTRY,氨的化学性质,ext-che-b461f32449-030,氨的化学性质,,KEEP,「氨与盐溶液反应一般生成难溶的碱，如氯化铁溶液与氨水生成氢氧化铁沉淀」「氨与可溶性银盐、铜盐反应先生成沉淀，继续加氨水沉淀溶解」——氨与酸、盐溶液反应，属现绑『氨的化学性质』。,slice-91
CHEMISTRY,氨的化学性质,ext-che-bef31d0de4-013c,氨的化学性质,,KEEP,「氨与酸反应生成铵盐」「挥发出的NH3与HCl在空气中化合生成NH4Cl固体小颗粒，出现白烟」——氨与酸反应及白烟检验，属现绑『氨的化学性质』（白烟检验另有专节点，见备注）。,slice-91
CHEMISTRY,氨的化学性质,ext-che-fd9babf818-001b,氨的化学性质,,KEEP,「NH3是中学化学中唯一的碱性气体，能使湿润的红色石蕊试纸变蓝」「NH3·H2O属于一元弱碱，只能部分电离」——氨的碱性、检验用途与氨水成分，属现绑『氨的化学性质』（检验另有『氨气与铵根离子的检验』，见备注）。,slice-91
CHEMISTRY,氮气,ext-che-bef31d0de4-004,氮气,,KEEP,「氮气在点燃条件下能与活泼金属镁、锂化合生成金属氮化物」「Mg3N2+6H2O=3Mg(OH)2↓+2NH3↑」——氮气的氧化性与活泼金属反应，现绑别名逐字含本条标题。,slice-91
CHEMISTRY,氮气,ext-che-f4686ae2ac-002,氮气,,KEEP,「把游离态的氮转化为化合态氮的化合物，叫作氮的固定」「N2 分子中两个氮原子之间形成三个共用电子对」——正合现绑边界『涵盖氮元素的存在形态与氮气性质的主要方面』。,slice-91
CHEMISTRY,氮的固定,ext-che-5c62da9e03-2394,氮的固定,,KEEP,「根瘤菌将氮气转化为含氮化合物，满足豆科植物对氮元素的需求」——生物固氮（游离态→化合态），属现绑『氮的固定』。,slice-91
CHEMISTRY,氮的氧化物,chem-fx-jiang-sheng-you-he-de-hun-he-qi-ti-de-f25x14,氮的氧化物,,KEEP,「将盛有12 mL NO2和O2的混合气体的量筒倒立于水槽中，充分反应后，还剩余2 mL无色气体」——氮氧化物溶于水的计算题；现绑别名逐字含此标题，保留。,slice-91
CHEMISTRY,氮的氧化物,chem-hj-no2-n2o4-pingheng,氮的氧化物,,KEEP,「平衡：2NO2⇌N2O4（红棕色⇌无色）」「由于部分 NO2 二聚，实验测得 NO2 的平均相对分子质量总大于 46」——现绑别名逐字含『NO2 与 N2O4 的平衡』。,slice-91
CHEMISTRY,氮的氧化物,ext-che-d5446e6215-064,氮的氧化物,,KEEP,「NO2能与N2O4相互转化：2NO2⇌N2O4」「通常所说的NO2气体实际上是NO2和N2O4的混合气体」——现绑别名逐字含『NO2与N2O4的相互转化』。,slice-91
CHEMISTRY,氮的氧化物,ext-che-f270503813-001b,氮的氧化物,,KEEP,「$NO_2$ 既有氧化性又有还原性，但以氧化性为主」「不能用湿润的淀粉碘化钾试纸鉴别 $NO_2$ 和 $Br_2$」——NO与NO2性质要点；现绑别名逐字含此标题。,slice-91
CHEMISTRY,氯及其化合物的知识盲点,ext-che-3f355ed99d-004,氯及其化合物的知识盲点,,KEEP,「Cl2 本身没有漂白性，氯水具有漂白性是因为 Cl2 与水反应生成了强氧化性的 HClO」「久置氯水因 HClO 见光分解而变成盐酸，酸性增强、不再具有漂白性」——氯水与次氯酸盐误区，现绑边界(5)同族。,slice-91
CHEMISTRY,氯及其化合物的知识盲点,ext-che-51e309bf0b-002b,氯及其化合物的知识盲点,,KEEP,「1 mol Cl2 与水反应（可逆反应）时，转移电子数小于 NA」「1 mol Cl2 与足量冷的NaOH溶液（或石灰乳）反应时，转移电子数为 NA」——边界(2)转移电子数逐句对应。,slice-91
CHEMISTRY,氯及其化合物的知识盲点,ext-che-5292ff1265-003,氯及其化合物的知识盲点,,KEEP,「干燥的氯气无漂白性，新制氯水有漂白性，起漂白作用的是 HClO」「不能用 pH 试纸测量氯水的 pH，因为氯水中的 HClO 具有漂白性」——氯水使用易错点，属现绑『氯及其化合物的知识盲点』。,slice-91
CHEMISTRY,氯及其化合物的知识盲点,ext-che-a84e8e6b50-003b,氯及其化合物的知识盲点,,KEEP,「常温下干燥的氯气与铁不反应，因此可用钢瓶贮运液氯。」「氯气与变价金属反应时一般生成高价金属氯化物，如 Fe 生成 FeCl3」——现绑边界(1)(7)即液氯钢瓶与FeCl3；别名逐字含本条标题。,slice-91
CHEMISTRY,氯及其化合物的知识盲点,ext-che-a84e8e6b50-004b,氯及其化合物的知识盲点,,KEEP,「Cl2 与水的反应是可逆反应，向水中通入 1 mol Cl2，转移电子数小于 NA」「ClO- 在酸性、碱性、中性条件下都有强氧化性，与 Fe2+、I-、S2-…不能大量共存」——边界(2)(5)逐句对应。,slice-91
CHEMISTRY,氯及其化合物的知识盲点,ext-che-d448baba5f-003,氯及其化合物的知识盲点,,KEEP,「①常温下液态氯与铁不反应，故可用钢瓶贮运液氯」「②氯气与变价金属反应时一般生成高价金属氯化物，如与铁生成FeCl3」——氯气性质易错点，现绑别名同名。,slice-91
CHEMISTRY,氯及其化合物的知识盲点,ext-che-d5446e6215-079,氯及其化合物的知识盲点,,KEEP,「酸性条件下，ClO-、ClO3-的氧化性强于Cl2；碱性条件下，Cl2的氧化性强于ClO-、ClO3-」——别名逐字含本条标题，属现绑边界(5)含氯物质氧化性与pH。,slice-91
CHEMISTRY,氯及其化合物的知识盲点,ext-che-d5ea01c68d-014,氯及其化合物的知识盲点,,KEEP,「液氯：纯净物，微粒为Cl2，黄绿色，只有氧化性」「久置氯水：混合物，HClO分解后主要含H2O、Cl-…仅显酸性」——别名逐字含本条标题，边界(1)液氯贮运同族。,slice-91
CHEMISTRY,氯及其化合物的转化关系,ext-che-5c62da9e03-323,氯及其化合物的转化关系,,KEEP,「与水：H₂O＋Cl₂⇌H⁺＋Cl⁻＋HClO」「与碱：Cl₂＋2OH⁻＝Cl⁻＋ClO⁻＋H₂O」——氯与水、碱的反应即氯及其化合物的转化；现绑别名逐字含本题名。,slice-91
CHEMISTRY,氯气,ext-che-287f03dd74-006,氯气,氯水的成分,REBIND,「新制氯水的三个平衡：Cl2＋H2O⇌HCl＋HClO」「成分：三种分子（Cl2、HClO、H2O）+ 四种离子」——通篇新制氯水成分与平衡；现绑『氯气』边界注明氯水成分另见专门点，靶『氯水的成分』正对。,slice-91
CHEMISTRY,氯水的成分,ext-che-8205e0c685-002,氯水的成分,,KEEP,「氯气没有漂白性，不能使干燥的有色布条褪色」「分析性质时要判断起作用的微粒」——四项易错含氯气与消毒剂；氯水两项为主且现绑别名逐字含本题名；『氯气』边界明言氯水分析另见专点，保留。,slice-91
CHEMISTRY,水的电离平衡移动的影响因素,ext-che-e4981d27ca-116,水的电离平衡移动的影响因素,,KEEP,「Q点代表中性溶液（c(H+)等于c(OH-)）」「同一温度下水的离子积为定值，故M、Q、N三点对应的Kw相等」——现绑已收《水的电离平衡曲线分析》《正确理解水的电离平衡曲线》同族。,slice-91
CHEMISTRY,水解平衡常数-能水解的盐表示为ma,ext-che-5796f534aa-014,水解平衡常数-能水解的盐表示为ma,,KEEP,「比较Ka2与Kh2：Ka2>Kh2，电离程度大于水解程度，溶液显酸性」「Kh2＝Kw/Ka1」——即水解常数与电离常数的关系与应用，现绑边界即Kh与Ka的换算。,slice-91
CHEMISTRY,沉淀溶解平衡,ext-che-5c62da9e03-775,沉淀溶解平衡,,KEEP,「持续加热可以使 MgCO₃ 逐渐转化为更难溶的 Mg(OH)₂」「对于 Mg(OH)₂ 的沉淀溶解平衡而言 Q＞Ksp」——浓度变化使平衡移动而沉淀转化，属现绑沉淀溶解平衡域（备选『沉淀溶解平衡的应用』，见备注）。,slice-91
CHEMISTRY,沉淀溶解平衡体系中相关计算方法,chem-fx-yi-zhi-rong-du-ji-rong-ye-zhong-mou-li-f54x06,沉淀溶解平衡体系中相关计算方法,,KEEP,「已知溶度积、溶液中某离子的浓度，求另一种离子的浓度」「已知溶度积，求沉淀转化平衡体系中的离子浓度比」——现绑边界三类计算的（2）（3）逐字同。,slice-91
CHEMISTRY,沉淀溶解平衡体系中相关计算方法,ext-che-4dd2e79693-105b,沉淀溶解平衡体系中相关计算方法,,KEEP,「**由点求 Ksp**：读取同一体积下三条曲线的」「**由元素守恒求浓度**：转化完成后」——Ksp 与图像、守恒计算，现绑别名逐字含此标题。,slice-91
CHEMISTRY,沉淀溶解平衡易错六点,ext-che-fef615606b-003,沉淀溶解平衡易错六点,,KEEP,「难溶电解质的溶解平衡方程式须标物质状态并使用“⇌”，例如BaSO4(s)⇌Ba2+(aq)+SO42-(aq)」——现绑别名逐字含『难溶电解质方程式的书写规范』。,slice-91
CHEMISTRY,沉淀溶解平衡的应用,chem-fx-yi-ban-shuo-lai-f54x03,沉淀溶解平衡的应用,,KEEP,「溶解度小的沉淀转化成溶解度更小的沉淀容易实现，但溶解度小的沉淀转化成溶解度稍大的沉淀在一定条件下也能实现」——沉淀的转化方向，正合现绑边界第（4）条；别名逐字含『一般说来』，保留。,slice-91
CHEMISTRY,沉淀溶解平衡的应用,chem-fx-yi-zhi-f54x16,沉淀溶解平衡的应用,,KEEP,「已知Ksp(AgCl)=1.56×10-10 mol2·L-2」「某溶液中含有Cl-、Br-和CrO，浓度均为0.01 mol·L-1」——不同类型沉淀的先后顺序须由计算确定，现绑边界第（3）②条正言此事，族内已收『分步沉淀与沉淀先后顺序的判断』，保留。,slice-91
CHEMISTRY,沉淀的洗涤与检验,chem-fx-wen-zi-biao-shu-ti-de-ge-zhong-da-ti-g-f71x10,沉淀的洗涤与检验,,KEEP,「取少许最后一次洗涤液，滴入少量……溶液(试剂)，若……(现象)，表示已经洗涤完全。」——沉淀洗涤是否完全的检验模板，现绑别名『文字表述题的各种答题规范』逐字同题。,slice-91
CHEMISTRY,油脂,ext-che-8179029ae7-011,油脂,,KEEP,「皂化后加入饱和NaCl溶液或者NaCl颗粒，作用是降低高级脂肪酸盐的溶解度，使混合物分层（盐析）」——现绑边界含皂化反应，别名逐字含此题。,slice-91
CHEMISTRY,油脂,ext-che-e47f5611e7-014,油脂,,KEEP,「表面活性剂在水中会形成亲水基团向外、疏水基团向内的胶束…会被包裹在胶束内腔，这就是肥皂和洗涤剂的去污原理」——现绑『油脂』已收此题；『肥皂与合成洗涤剂』边界只讲硬水与含磷洗涤剂，未涉胶束原理，保留。,slice-91
CHEMISTRY,浓度商与化学平衡常数的表达式,chem-fx-qi-zhong-f43x09,浓度商与化学平衡常数的表达式,,KEEP,「其中Kx2>>Kx1，且Kx是以平衡物质的量分数代替平衡浓度计算的平衡常数」——Kx为平衡常数的一种表达形式；现绑同族『分压平衡常数Kp的定义与表达式』在册（备选『化学平衡常数』，见备注）。,slice-91
CHEMISTRY,浓硫酸与金属的反应规律,chem-hj2-zhi-de-shuijiao-suanjian-tiaojian,浓硫酸与金属的反应规律,酯,REBIND,「酸性水解（稀硫酸催化）：可逆」「碱性水解（NaOH）：OH-中和生成的酸使水解趋于完全，不可逆」——酯的水解，正合目标节点边界『酯的概念范围及其水解反应，包括水解时消耗碱的定量关系』；现绑讲浓硫酸与金属，前轮同型判例（kit-17）归『酯』。,slice-91
CHEMISTRY,海带中提取碘,ext-che-7b047ad8e8-013,海带中提取碘,,KEEP,「反萃取：用 NaOH 溶液与含 I2 的有机溶液作用，得到 NaI、NaIO3 溶液」「经过滤得到晶体碘」——现绑别名逐字含『由反萃取与归中反应获得晶体碘』。,slice-91
CHEMISTRY,海带中提取碘,ext-che-d5446e6215-029,海带中提取碘,,KEEP,「碘元素在加碘盐中以IO3-的形式存在」「再酸化归中，经过滤得到单质碘」——现绑别名逐字含『碘的有机溶液反萃取与加碘盐中碘元素的检验』。,slice-91
CHEMISTRY,海带中提取碘,ext-che-d5446e6215-030,海带中提取碘,,KEEP,「海带中所含的碘元素在浸泡时以碘离子（I-）形式进入水中，然后利用氧化还原反应，把滤液中的I-氧化成I2」——现绑别名逐字含『工业提碘的原理』。,slice-91
CHEMISTRY,海带中提取碘,ext-che-d5446e6215-032,海带中提取碘,,KEEP,「当前工业上用Cl2、KClO3、H2O2、亚硝酸盐等作为提取碘的氧化剂」「在碱溶液中碘单质不能稳定存在，可发生歧化反应」——现绑别名逐字含『碘的氧化条件与氧化剂选择』。,slice-91
CHEMISTRY,海水提取溴,ext-che-5c62da9e03-2795,海水提取溴,,KEEP,「工业上富集过程中常用的吸收剂还有Na2CO3溶液。」「吸收：3Br2+3Na2CO3=5NaBr+NaBrO3+3CO2↑」——海水提溴的富集步；别名『海水提溴的富集与提取思路』在现绑。,slice-91
CHEMISTRY,海水资源,ext-che-5c62da9e03-2790,海水资源,,KEEP,「先将海水引入蒸发池，经日晒风吹蒸发水分到一定程度时，再引入结晶池继续日晒风吹…得到的晶体就是粗盐」——从海水中获取食盐，属现绑『海水资源』的开发利用途径。,slice-91
CHEMISTRY,溶度积,ext-che-4dd2e79693-092b,溶度积,沉淀溶解平衡体系中相关计算方法,REBIND,「在 0.1 mol·L⁻¹ NaCl 溶液中加入过量的 AgCl 固体」「得 $c(Ag^+)\approx10a$」——与『沉淀溶解平衡体系中相关计算方法』边界（2）同例同算式（0.1 mol·L⁻¹ NaCl、10a）；现绑『溶度积』讲概念与比较。,slice-91
CHEMISTRY,溶度积,ext-che-4dd2e79693-092c,溶度积,,KEEP,「$K>1$（即反应物沉淀的 $K_{sp}$ 大于生成物沉淀的 $K_{sp}$）时，转化反应容易正向进行，沉淀向更难溶的方向转化」——沉淀转化平衡常数由Ksp相除得到，正合『溶度积』边界“沉淀转化反应平衡常数与Ksp的关系”。,slice-91
CHEMISTRY,溶度积,ext-che-4dd2e79693-097b,溶度积,沉淀溶解平衡体系中相关计算方法,REBIND,「把点的坐标（横坐标为 $-lgc(H^+)$ 即 pH、纵坐标为 $-lgc(X^{n+})$）代入」「解出 $K_{sp}$」——由图像读数求Ksp的计算方法；同源『由平衡常数推导直线解析式求Ksp』已绑『沉淀溶解平衡体系中相关计算方法』。,slice-91
CHEMISTRY,溶度积,ext-che-5c62da9e03-772,溶度积,沉淀溶解平衡,REBIND,「胃酸可与 CO₃²⁻ 反应生成二氧化碳和水，使 CO₃²⁻ 的浓度降低」「此时 BaCO₃ 的沉淀溶解平衡正向移动，使 Ba²⁺ 浓度增大而导致人体中毒」——胃酸致沉淀溶解平衡移动；同源同题材料『沉淀溶解平衡在医学中的应用』已绑『沉淀溶解平衡』。,slice-91
CHEMISTRY,溶液中粒子等量关系-三大守恒,chem-fx-jiang-dai-ru-zhong-f52x06,溶液中粒子等量关系-三大守恒,,KEEP,「将①代入②中，整理得质子守恒：c(H+)+c(H2CO3)=c(OH-)+c(CO)」——即由前两式相减得质子守恒，正合节点边界。,slice-91
CHEMISTRY,溶液的配制步骤,chem-fx-liang-qu-yi-ding-liang-de-nong-liu-sua-f05x08,溶液的配制步骤,,KEEP,「①量取一定量的浓硫酸，稀释」「②转移定容得待测液」——题干残片，主题即配制流程（量取、稀释、转移定容），现绑别名逐字含本题名，保留。,slice-91
CHEMISTRY,溶液的配制步骤,ext-che-8cc878ccbe-041,溶液的配制步骤,,KEEP,「定容时加蒸馏水至液面距瓶颈刻度线1至2 cm」「摇匀后液面下降是正常的，不能再加水」——现绑别名逐字含本题名。,slice-91
CHEMISTRY,溶液的酸碱性,chem-ag-acidity-parameter,溶液的酸碱性,,KEEP,「AG=lg[c(H+)/c(OH-)]：AG>0呈酸性，AG=0呈中性（c(H+)=c(OH-)），AG<0呈碱性」——以c(H+)与c(OH-)相对大小判酸碱的参数式，正合现绑边界（两者相等为中性）。,slice-91
CHEMISTRY,溶液的酸碱性,ext-che-5c62da9e03-663,溶液的酸碱性,,KEEP,「①医学：血液的 pH 是诊断疾病的一个重要参数」「④农业：调节土壤的 pH 使其更适宜农作物生长」——pH的应用场景；库内无 pH 应用专节点，与现绑同域，保留。,slice-91
CHEMISTRY,溶液的酸碱性,ext-che-5c62da9e03-664,溶液的酸碱性,ph试纸的规范使用,REBIND,「广泛 pH 试纸：pH 范围是 1~14（最常用）或 0~10，测出的 pH 差约为整数」「精密 pH 试纸：pH 范围较窄，可以判辨 0.2 或 0.3 的 pH 差」——通篇pH试纸类型与精度；同源『广泛pH试纸只能读出整数』已绑『pH试纸的规范使用』。,slice-91
CHEMISTRY,滴定操作,chem-fx-ran-shao-an-yi-ding-liu-su-tong-ru-yi-f51x09,滴定操作,,KEEP,「③滴定：当F内溶液浅蓝色消退时…立即用碱性标准溶液滴定至浅蓝色复现」「滴定过程中溶液颜色…不断变换，直至终点」——滴定过程与终点判断属现绑（别名含『滴定过程中的操作要点与终点判断』）。,slice-91
CHEMISTRY,滴定操作,chem-fx-tu-jie-liang-qi-de-du-shu-fang-fa-f51x06,滴定操作,,KEEP,「视线应与凹液面最低点保持水平」「俯视读数…读数高于正确的刻度线位置，即读数偏大」——量器读数方法属现绑『滴定操作』（别名逐字含『图解量器的读数方法』）。,slice-91
CHEMISTRY,滴定操作,chem-fx-yang-shi-du-shu-f51x07,滴定操作,,KEEP,「滴定管刻度标法与量筒不同，仰视滴定管读数偏大」——滴定管读数偏差属现绑（别名逐字含『仰视读数』）。,slice-91
CHEMISTRY,烃类的燃烧规律,chem-fx-hao-yang-liang-ke-gen-ju-f59x05,烃类的燃烧规律,,KEEP,「耗氧量可根据(x+)的值来比较」「等质量的烃(CxHy)完全燃烧时，耗氧量取决于的值大小。比值越大，燃烧时耗氧量越大」——等质量与等物质的量耗氧量比较，属现绑『烃类的燃烧规律』。,slice-91
CHEMISTRY,烃类的燃烧规律,chem-fx-qian-hou-f59x04,烃类的燃烧规律,,KEEP,「V前-V后=+1，气体体积总是减小」「(2)有机物完全燃烧耗氧量规律」——气态烃燃烧前后体积变化判据，现绑边界逐字含『气态烃燃烧前后气体体积变化的判据』。,slice-91
CHEMISTRY,热化学方程式书写注意事项,ext-che-5c62da9e03-470,热化学方程式书写注意事项,,KEEP,「ΔH 的单位中 mol^-1 既不是指每摩尔 A，也不是指每摩尔 B」「它是指每摩尔反应」——焓变单位的含义，现绑『热化学方程式书写注意事项』边界含“焓变的符号与单位”。,slice-91
CHEMISTRY,热重分析法,chem-fx-shi-yang-chu-shi-zhi-liang-wei-f01x05,热重分析法,,KEEP,「试样初始质量为m0，失重后试样质量为m1，温度由T1升高到T2的过程，失重质量Δm=m0-m1」——热重分析的质量差计算，属现绑『热重分析法』（别名逐字含本标题）。,slice-91
CHEMISTRY,烯烃,ext-che-9129741016-003b,烯烃,脂肪烃的结构和性质,REBIND,「烷烃常温下很不活泼，与强酸、强碱、强氧化剂都不反应，只在光照或高温等特殊条件下发生反应」「烯烃、炔烃含不饱和键，能与溴等发生加成反应而使溴水褪色」——脂肪烃的化学性质；现绑『烯烃』边界限结构基础。,slice-91
CHEMISTRY,烯烃的化学性质,chem-hj-zhi-jianbie-chuzha-chayi,烯烃的化学性质,,KEEP,「烯烃（炔烃）能使溴水和酸性 KMnO4 溶液褪色，烷烃不能」「不能用酸性 KMnO4（乙烯被氧化为 CO2，引入新杂质）」——现绑边界逐字含『和烷烃、炔烃的鉴别与除杂试剂差异』。,slice-91
CHEMISTRY,烯烃的化学性质,ext-che-a4f995ac24-028,烯烃的化学性质,,KEEP,「若双键碳上有 2 个氢原子，则该碳原子被氧化为二氧化碳」「若双键碳上有 1 个氢原子，则该碳原子被氧化为羧基」——即现绑边界『使酸性高锰酸钾溶液褪色的氧化反应』。,slice-91
CHEMISTRY,焦亚硫酸钠,chem-fx-liu-de-han-yang-suan-gen-you-hen-duo-f75x03,焦亚硫酸钠,,KEEP,「S2O 内部含过氧键；焦亚硫酸钠(Na2S2O5)在医药、橡胶、印染、食品等方面应用广泛，生产 Na2S2O5 通常是由 NaHSO3 过饱和溶液经结晶脱水制得」——焦亚硫酸钠的制备与用途，现绑边界正含其与过二硫酸钠的价态混淆点。,slice-91
CHEMISTRY,焰色试验,chem-fx-qing-xi-bo-si-f13x11,焰色试验,,KEEP,「(3)清洗铂丝：将铂丝再用盐酸洗净后，在外焰上灼烧至与原来的火焰颜色相同」；「做钾的焰色试验时，需透过蓝色钴玻璃观察」——焰色试验规范操作与钾的检验，现绑别名逐字同题。,slice-91
CHEMISTRY,焰色试验-易错点,chem-fx-jia-de-huo-yan-yan-se-yao-tou-guo-lan-f13x15,焰色试验-易错点,,KEEP,「①钾的火焰颜色要透过蓝色钴玻璃观察 …③每次实验后，要将铂丝用盐酸洗净」——焰色试验易错点，别名逐字含本条标题。,slice-91
CHEMISTRY,煤的综合利用,ext-che-5c62da9e03-2820,煤的综合利用,,KEEP,「水煤气：水蒸气通过炽热的炭层而生成」「焦炉气：来自煤干馏，成分主要是H2、CH4」——煤干馏与气化产物两条为煤侧锚点；余为高炉/裂解/天然气/液化石油气跨燃料对照，无单一更优节点，保守保留（notes）。,slice-91
CHEMISTRY,熟练掌握溶解-过滤-蒸发等操作-认识化学方法在物质分离和提纯中的重要作用,chem-evaporation-crystallization-points,熟练掌握溶解-过滤-蒸发等操作-认识化学方法在物质分离和提纯中的重要作用,,KEEP,「将溶液转入蒸发皿中加热，用玻璃棒不断搅拌防止局部温度过高造成液滴飞溅」——蒸发操作要点，现绑节点名义逐字含“蒸发”。,slice-91
CHEMISTRY,熟练掌握溶解-过滤-蒸发等操作-认识化学方法在物质分离和提纯中的重要作用,chem-filtration-operation-points,熟练掌握溶解-过滤-蒸发等操作-认识化学方法在物质分离和提纯中的重要作用,,KEEP,「所需仪器：漏斗、烧杯、滤纸、铁架台（带铁圈）、玻璃棒」「一贴（滤纸润湿紧贴漏斗内壁）」——过滤操作要点，别名同名在册。,slice-91
CHEMISTRY,熟练掌握溶解-过滤-蒸发等操作-认识化学方法在物质分离和提纯中的重要作用,chem-fx-chen-dian-fa-f67x11,熟练掌握溶解-过滤-蒸发等操作-认识化学方法在物质分离和提纯中的重要作用,,KEEP,「沉淀法：在混合物中加入某种试剂，使其中一种以沉淀的形式分离出去的方法」——分离提纯化学方法，现绑族含『沉淀法与气化法两种化学分离方法』。,slice-91
CHEMISTRY,熟练掌握溶解-过滤-蒸发等操作-认识化学方法在物质分离和提纯中的重要作用,chem-fx-jia-re-fa-f67x09,熟练掌握溶解-过滤-蒸发等操作-认识化学方法在物质分离和提纯中的重要作用,,KEEP,「加热法：当混合物中混有热稳定性差的物质时，可直接加热，使热稳定性差的物质受热分解而分离出」——分离提纯化学方法，别名『加热法』在册。,slice-91
CHEMISTRY,熟练掌握溶解-过滤-蒸发等操作-认识化学方法在物质分离和提纯中的重要作用,chem-fx-xi-qi-fa-f67x10,熟练掌握溶解-过滤-蒸发等操作-认识化学方法在物质分离和提纯中的重要作用,,KEEP,「洗气法：当某气体中含有杂质气体时，可把混合气体通入某溶液中而除去」——分离提纯方法，别名『洗气法』在册。,slice-91
CHEMISTRY,熟练掌握溶解-过滤-蒸发等操作-认识化学方法在物质分离和提纯中的重要作用,chem-hj-guolv-yitie-erdi-sanlao,熟练掌握溶解-过滤-蒸发等操作-认识化学方法在物质分离和提纯中的重要作用,,KEEP,「过滤：一贴（滤纸紧贴漏斗内壁）；二低（滤纸低于漏斗边缘，液面低于滤纸边缘）」「蒸发结晶：玻璃棒搅拌防局部过热飞溅」——过滤与蒸发结晶要点，别名同名在册。,slice-91
CHEMISTRY,熟练掌握溶解-过滤-蒸发等操作-认识化学方法在物质分离和提纯中的重要作用,chem-hj-yihun-caozuo-bianxi-liucheng,熟练掌握溶解-过滤-蒸发等操作-认识化学方法在物质分离和提纯中的重要作用,,KEEP,「蒸发结晶与冷却结晶：按溶质溶解度受温度影响程度选择」「过滤只用于固液分离，不能分离互溶液体」——流程易混操作辨析，别名同名在册。,slice-91
CHEMISTRY,熟练掌握溶解-过滤-蒸发等操作-认识化学方法在物质分离和提纯中的重要作用,chem-hj2-guolv-yitie-erdi-sankao,熟练掌握溶解-过滤-蒸发等操作-认识化学方法在物质分离和提纯中的重要作用,,KEEP,「一贴：滤纸紧贴漏斗内壁」「二低：滤纸边缘略低于漏斗边缘；液面略低于滤纸边缘」——过滤操作要点，现绑节点名义逐字含“过滤等操作”。,slice-91
CHEMISTRY,熟练掌握溶解-过滤-蒸发等操作-认识化学方法在物质分离和提纯中的重要作用,chem-hj2-zhengfa-jiejing-tingzhi-shiji,熟练掌握溶解-过滤-蒸发等操作-认识化学方法在物质分离和提纯中的重要作用,,KEEP,「当蒸发皿中出现较多固体时停止加热，利用余热蒸干」「蒸发结晶适合溶解度随温度变化小的物质（NaCl）」——蒸发结晶要点与时机，别名同名在册。,slice-91
CHEMISTRY,熟练掌握溶解-过滤-蒸发等操作-认识化学方法在物质分离和提纯中的重要作用,ext-che-132c91288f-008,熟练掌握溶解-过滤-蒸发等操作-认识化学方法在物质分离和提纯中的重要作用,,KEEP,「热过滤，在加热条件下趁热过滤，目的是避免接近饱和的溶质在过滤时因温度降低而结晶析出」——过滤拓展属现绑；蒸馏半边另见『蒸馏』节点、整体无单一承接，保守保留。,slice-91
CHEMISTRY,熟练掌握溶解-过滤-蒸发等操作-认识化学方法在物质分离和提纯中的重要作用,ext-che-1b66b297bd-003b,熟练掌握溶解-过滤-蒸发等操作-认识化学方法在物质分离和提纯中的重要作用,,KEEP,「升华：固态物质吸热后不经过液态直接变成气态的过程」「渗析：用半透膜……使离子或小分子从胶体中分离出来」——四种分离方法，别名同名在册。,slice-91
CHEMISTRY,熟练掌握溶解-过滤-蒸发等操作-认识化学方法在物质分离和提纯中的重要作用,ext-che-2c177d17ea-052,熟练掌握溶解-过滤-蒸发等操作-认识化学方法在物质分离和提纯中的重要作用,,KEEP,「过滤：适用于不溶性固体与液体的分离，操作注意一贴、二低、三靠，沉淀要洗涤」「蒸发结晶：适用于溶解度随温度升高变化不大的物质」——分离方法的适用对象与操作要点，正落现绑『物质分离提纯的常用方法』。,slice-91
CHEMISTRY,熟练掌握溶解-过滤-蒸发等操作-认识化学方法在物质分离和提纯中的重要作用,ext-che-2c177d17ea-056,熟练掌握溶解-过滤-蒸发等操作-认识化学方法在物质分离和提纯中的重要作用,,KEEP,「洗气：利用溶解性不同除去气体中的杂质气体」「渗析：分离胶体与溶液」「盐析：分离提纯蛋白质」——洗气渗析盐析，别名同名在册。,slice-91
CHEMISTRY,熟练掌握溶解-过滤-蒸发等操作-认识化学方法在物质分离和提纯中的重要作用,ext-che-2c177d17ea-058,熟练掌握溶解-过滤-蒸发等操作-认识化学方法在物质分离和提纯中的重要作用,,KEEP,「向聚合物中引入磺酸基（—SO3H）、羧基（—COOH）等基团，得到酸性的阳离子交换树脂」——离子交换法，别名『离子交换法』在册。,slice-91
CHEMISTRY,熟练掌握溶解-过滤-蒸发等操作-认识化学方法在物质分离和提纯中的重要作用,ext-che-5c62da9e03-295,熟练掌握溶解-过滤-蒸发等操作-认识化学方法在物质分离和提纯中的重要作用,,KEEP,「萃取：利用物质在互不相溶的溶剂里溶解度的不同，用一种溶剂把物质……提取出来」「升华：用于易升华的物质与不易升华的物质的分离」——四法适用范围与要点，别名同名在册。,slice-91
CHEMISTRY,熵和熵变的含义,ext-che-5c62da9e03-578,熵和熵变的含义,,KEEP,「乙烯聚合为聚乙烯的反应为熵减反应，却能自发进行」「氢氧化亚铁…反应中 ΔS 小于 0，也能自发进行」——熵减也能自发的情形，别名逐字同题。,slice-91
CHEMISTRY,物理变化与化学变化的两种判断方法,chem-hj-zhengliu-fenliu-ganliu-bijiao,物理变化与化学变化的两种判断方法,,KEEP,「蒸馏：……物理变化。分馏：……物理变化。干馏：把固态混合物（煤、木材）隔绝空气加强热使其分解；化学变化」——三馏的变化类型归类，属现绑『物理变化与化学变化的两种判断方法』。,slice-91
CHEMISTRY,物质制备流程与条件控制,chem-fx-geng-huan-yi-qi-xiang-yi-qi-zhong-jia-f69x19,物质制备流程与条件控制,,KEEP,「更换仪器b向仪器a中加入双氧水，并控制好双氧水的加入速度」「蒸发浓缩……结晶、过滤、干燥，即可得到产品」——加料控速与后处理流程；此前批次曾将本条改绑到现绑节点，一致。,slice-91
CHEMISTRY,物质制备流程与条件控制,chem-fx-shi-yan-kai-shi-shi-f69x09,物质制备流程与条件控制,,KEEP,「实验开始时，打开K1，加热装置A、D，使A中产生的气体缓缓通入D中」「至CS2消失」——制备实验的起始操作与通气条件控制，落在现绑节点边界内（排气与条件控制）。,slice-91
CHEMISTRY,物质制备流程与条件控制,chem-fx-ya-song-ye-ti-f69x06,物质制备流程与条件控制,,KEEP,「根据装置的密封性，让反应生成气体或消耗气体，产生压强差，将液体压入或倒流入另一反应容器」——压送液体原理与控温目的，属现绑边界「排气与控温」，别名逐字含「压送液体」。,slice-91
CHEMISTRY,物质制备流程与条件控制,ext-che-7b047ad8e8-020,物质制备流程与条件控制,,KEEP,「浸取……使原料转化为离子进入溶液中」「提高浸出率的方法：适当升温、适当增大浸取剂的浓度、将矿石粉碎」——原料预处理（浸取）操作，现绑别名逐字含本条标题。,slice-91
CHEMISTRY,物质制备流程与条件控制,ext-che-7b047ad8e8-021,物质制备流程与条件控制,,KEEP,「焙烧、煅烧、灼烧的作用：①使热稳定性差的物质发生分解」「酸浸时酸一般需要过量，目的是提高浸出率」——预处理与酸浸用量权衡，现绑别名逐字含本条标题。,slice-91
CHEMISTRY,物质检验,chem-inference-gas-clues,物质检验,,KEEP,「使湿润的红色石蕊试纸变蓝的气体：NH₃；使品红溶液褪色、加热后恢复的气体：SO₂」「有臭鸡蛋气味的气体：H₂S」。气体特征现象作为检验依据，属现绑『常见气体的检验方法』族。,slice-91
CHEMISTRY,物质检验,ext-che-1422ee20c2-001d,物质检验,试纸的类型与使用方法,REBIND,引文订正：「红（蓝）色石蕊试纸：定性检验溶液的酸碱性」…「pH 试纸：定量测定溶液的酸碱度」——全篇试纸种类与使用规范，应归同名节点。,slice-91
CHEMISTRY,物质检验,ext-che-216e16e06f-010,物质检验,,KEEP,「鉴别是指对两种或两种以上的物质进行定性辨认；鉴定是用化学方法确定未知物质的组成」「如果要加入试剂进行鉴别，一定要先取样，不能直接对样品进行鉴别」。鉴别概念与原则，现绑别名含物质检验与鉴别的原则方法。,slice-91
CHEMISTRY,物质检验,ext-che-5c62da9e03-2343,物质检验,,KEEP,「先检验 H₂O（无水硫酸铜变蓝）。再检验 SO₂…用酸性 KMnO₄ 溶液除去 SO₂…用品红溶液检验 SO₂ 是否除尽…最后用澄清石灰水检验 CO₂」。检验顺序与干扰排除，正落现绑边界『检验试剂与方法的选取、干扰的排除』。,slice-91
CHEMISTRY,物质检验,ext-che-b0a7365d2d-007,物质检验,试纸的类型与使用方法,REBIND,「常见试纸的类型及作用：石蕊试纸用于定性检验酸性或碱性溶液；pH 试纸…；品红试纸用于检验 SO₂」「（2）检验气体：一般先将试纸润湿」。通篇试纸类型与使用规范，与『试纸的类型与使用方法』节点同名同族。,slice-91
CHEMISTRY,物质检验,ext-che-ec93ddd73c-008,物质检验,,KEEP,「鉴定…各组成部分一定要逐一检验出来」「选用鉴别方法时先物理后化学，先考虑物理方法后考虑化学方法」。与上条同知识点（异来源重复条目），仍属现绑『物质检验』的鉴别原则族。,slice-91
CHEMISTRY,物质的分类,chem-fx-ding-hun-he-wu-cheng-fen-f03x20,物质的分类,有机物的分离和提纯,REBIND,「定混合物成分：明确目标物与杂质的类别、物理性质（熔沸点、溶解度）、化学性质（官能团差异）」——为选分离提纯方法而分析混合物成分；出处为选必3第一章（有机化合物的结构特点与研究方法），非物质分类。,slice-91
CHEMISTRY,物质的分类,chem-hj-changjian-hunhevu-qingdan,物质的分类,,KEEP,「固体混合物：碱石灰、漂白粉、煤、玻璃、水泥、合金、铝热剂」「液体混合物：氨水、氯水、王水、硬水、福尔马林」——常见混合物清单；同族『常见混合物清单与分类要点』『常见混合物的归纳』均绑『物质的分类』。,slice-91
CHEMISTRY,物质的分类,chem-hj-f144-no2-mifengping-hunhevu,物质的分类,,KEEP,「NO2 气体中存在平衡 2NO2⇌N2O4，故密封的 NO2 气体是 NO2 与 N2O4 组成的混合物」——密封NO2为混合物，正合现绑边界（同种元素组成的物质不一定是纯净物）；升温颜色句另近『氮的氧化物』。,slice-91
CHEMISTRY,物质的分类,chem-sublimation-separation,物质的分类,分离提纯,REBIND,「利用物质升华（固体受热直接变为气体）的性质，加热混合物使易升华成分（如I2）挥发」「实现与不升华成分的分离」——升华法分离，属『分离提纯』；同族『渗析法与升华法』『碘与氯化铵不能用升华法分离』均绑该节点。,slice-91
CHEMISTRY,物质的分类,ext-che-161dacb6f6-003,物质的分类,,KEEP,「单质：由一种元素组成的纯净物；化合物：由两种或两种以上元素组成的纯净物」「纯净物：由同种物质组成；混合物：由两种或多种不同的物质组成」——物质类别的划分，正合现绑边界（从组成区分纯净物与混合物）。,slice-91
CHEMISTRY,物质的分类,ext-che-3d616da613-002,物质的分类,,KEEP,「纯净物由一种物质组成，有固定的组成和固定的熔、沸点；混合物由两种或多种物质组成，没有固定的熔、沸点」——正合现绑边界“从组成、熔沸点与性质角度区分纯净物与混合物”。,slice-91
CHEMISTRY,物质的分类,ext-che-3d6a64f5a9-001,物质的分类,对氧化物认识的几个误区,REBIND,「SiO2 不能与水反应生成 H2SiO3」「Fe2O3、CuO 等碱性氧化物不能与水反应生成相应的碱」——正合『对氧化物认识的几个误区』边界（3）“酸性氧化物、碱性氧化物不一定能与水反应生成相应的酸或碱”。,slice-91
CHEMISTRY,物质的分类,ext-che-54f0f2bb90-005,物质的分类,,KEEP,「由两种或两种以上物质组成的体系属于混合物」「氨水、氯水、王水、盐酸、水玻璃、漂白粉、碱石灰等名称固定，」——纯净物与混合物的区分与常见混合物清单，正合现绑『物质的分类』边界（从组成区分二者）。,slice-91
CHEMISTRY,物质的分类,ext-che-96397bfcc6-003,物质的分类,,KEEP,「只含一种元素的物质不一定是纯净物，如O2和O3混合、金刚石与石墨混合均为混合物」「结晶水合物（如CuSO4·5H2O）属纯净物」——正合现绑边界“同种元素组成的物质不一定是纯净物”。,slice-91
CHEMISTRY,物质的分类,wusan-chem-ch1-mixture,物质的分类,,KEEP,「定义：由两种或两种以上物质组成的物质叫混合物」「同种元素形成的多种单质共存时，体系仍属混合物，如 O₂ 与 O₃ 的混合气体」——正合现绑边界“同种元素组成的物质不一定是纯净物”。,slice-91
CHEMISTRY,物质的聚集状态,chem-fx-deng-li-zi-ti-f34x01,物质的聚集状态,,KEEP,「等离子体：由电子、阳离子和电中性粒子组成的整体上呈电中性的物质聚集体；具有良好的导电性和流动性」——等离子体定义与性质；别名逐字含『等离子体』，保留。,slice-91
CHEMISTRY,物质的聚集状态,chem-hj2-yeguti-dengli-ziti-gainian,物质的聚集状态,,KEEP,「液晶：固态向液态转化过程中存在的取向有序流体状态」「等离子体：由大量带电微粒（离子、电子）和电中性微粒（原子或分子）组成」「离子液体：完全由离子组成的液态物质」——特殊聚集状态，别名逐字含本材料标题，保留。,slice-91
CHEMISTRY,物质的聚集状态,ext-che-0f5d5e7383-003,物质的聚集状态,,KEEP,「（低温熔融盐）一般由有机阳离子和无机或有机阴离子构成」「构成物质三态的粒子不一定都是分子，还可以是原子或离子」——离子液体与三态构成粒子；别名逐字含本材料标题，保留。,slice-91
CHEMISTRY,物质的聚集状态,ext-che-1d3390924f-009,物质的聚集状态,,KEEP,「由大量带电微粒（离子、电子）和中性微粒（原子或分子）组成的物质聚集体」「高温加热，或用紫外线、X射线、γ射线等高能电磁波照射使气体转变而成」——等离子体定义、特点与产生；别名逐字含本材料标题，保留。,slice-91
CHEMISTRY,物质的聚集状态,ext-che-1d3390924f-011,物质的聚集状态,,KEEP,「在室温或室温附近呈液态、由离子构成的物质，又称低温熔融盐」「一般由有机阳离子（如季铵盐、季鏻盐」——离子液体的定义与组成；别名逐字含本材料标题，保留。,slice-91
CHEMISTRY,物质的聚集状态,ext-che-3713da16bf-090,物质的聚集状态,,KEEP,「液晶：介于液态和晶态之间的物质状态」「又具有晶体的某些物理性质，如导热性、光学性质等」——液晶的性质；边界含“液晶兼具流动性与晶体光学性质”，保留。,slice-91
CHEMISTRY,物质的聚集状态,ext-che-5c62da9e03-1066,物质的聚集状态,,KEEP,「概念：由电子、阳离子和电中性粒子组成的整体上呈电中性的物质聚集体」「运用等离子体显示技术可以制造等离子体显示器」——等离子体概念与用途；节点内已收『等离子体的定义、特点与产生途径』同族材料，保留。,slice-91
CHEMISTRY,物质的聚集状态,ext-che-5c62da9e03-1067,物质的聚集状态,,KEEP,「概念：介于液态和晶态之间的物质状态」「用途：用于手机、电脑和电视的液晶显示器」——液晶的概念、性质与用途；节点内已收『液晶的状态与用途』同族材料，保留。,slice-91
CHEMISTRY,物质的量,ext-che-747e72a70a-003,物质的量,,KEEP,「化学方程式中各物质的化学计量数之比等于各物质的物质的量之比，也等于各气体的体积之比（同温同压下）」——现绑边界即『涉及化学方程式中计量数之比的应用规律』。,slice-91
CHEMISTRY,物质的量-阿伏加德罗常数,chem-hj2-moer-danwei-feiwuli,物质的量-阿伏加德罗常数,,KEEP,「物质的量是物理量，摩尔是它的单位，摩尔不是物理量」「阿伏加德罗常数NA指1 mol任何微粒所含的粒子数」——现绑别名逐字含『摩尔、NA与6.02×10^23的区别』。,slice-91
CHEMISTRY,物质的量是高中化学常用的物理量-请完成以下有关计算-设na为阿伏加德罗常数的值,chem-fx-chang-kao-hua-xue-chang-shi-ju-li-f73x08,物质的量是高中化学常用的物理量-请完成以下有关计算-设na为阿伏加德罗常数的值,水垢的成分与除水垢方法,REBIND,「水垢主要成分是CaCO3和Mg(OH)2；可以用食醋…一般不用硫酸(反应生成微溶的硫酸钙覆盖在水垢表面阻碍反应的继续进行)」「含有较多钙、镁离子的水称为硬水」——除水垢与硬水；靶节点边界正含二者。,slice-91
CHEMISTRY,物质的量是高中化学常用的物理量-请完成以下有关计算-设na为阿伏加德罗常数的值,chem-hj2-na-tecan-rongdian-midu,物质的量是高中化学常用的物理量-请完成以下有关计算-设na为阿伏加德罗常数的值,钠,REBIND,「钠是银白色有金属光泽的固体，质地柔软，熔点97.8 ℃」「常温与空气接触缓慢氧化4Na+O2=2Na2O，新切开断面变暗」——钠单质的物理性质与氧气反应的化学性质；现绑为以物质的量为中心的计算。,slice-91
CHEMISTRY,物质的量浓度,chem-fx-mi-du-zhi-liang-fen-shu-f05x02,物质的量浓度,,KEEP,「密度1.84 g·mL-1、质量分数98%的浓H2SO4的物质的量浓度为18.4 mol·L-1」「物质的量浓度、溶质质量分数与溶解度的换算」——边界「以浓度表示及与质量分数、溶解度的换算为主」。,slice-91
CHEMISTRY,物质的量浓度,chem-fx-qi-ti-rong-yu-shui-f05x03,物质的量浓度,,KEEP,「气体溶于水，溶液的体积不是溶剂的体积，也不是气体体积与溶剂体积之和」——现绑边界正含「溶液体积的确定」。,slice-91
CHEMISTRY,物质的量浓度,chem-hj-bubaoheudu-jisuan,物质的量浓度,隐含的限制条件-有机物分子的不饱和度-ω,REBIND,「计算：Ω=n(C)+1-n(H)/2」「1 个双键或 1 个环 Ω=1；1 个三键 Ω=2；苯环 Ω=4」「由分子式与不饱和度推断结构」——有机物不饱和度计算与结构判断，非浓度概念与换算。,slice-91
CHEMISTRY,物质的量浓度,chem-hj-zifa-wendu-jisuan,物质的量浓度,自由能与化学反应的方向,REBIND,「依据 ΔH-TΔS≤0。ΔS>0：T≥ΔH/ΔS，为自发进行的最低温度」——自由能判据与最低/最高温度计算，非浓度换算。,slice-91
CHEMISTRY,物质的量浓度,ext-che-1422ee20c2-057c,物质的量浓度,物质含量的测定方法,REBIND,「拟合标准曲线…得到线性关系 y=kx」「换算回原样：c0=c×V2/V1」——标准曲线法测微量组分含量的定量测定方法，非物质的量浓度概念与换算。,slice-91
CHEMISTRY,物质的量浓度,ext-che-4dd2e79693-144b,物质的量浓度,滴定实验相关计算,REBIND,「由原子守恒得 Zn3(PO4)2·2H2O∼3Zn2+∼3EDTA」「样品配成 100 mL 溶液，只取出 20.00 mL 进行滴定，则…要乘 100/20.00」——滴定关系式与分取倍数换算。,slice-91
CHEMISTRY,物质的量浓度,ext-che-cd028acc60-009,物质的量浓度,,KEEP,「由定义式出发，运用守恒…及公式 c ＝ n÷V、质量分数…推理，注意密度的桥梁作用」「c ＝ 1000ρw÷M，w ＝ M c÷(1000ρ)」——浓度与质量分数换算法，边界「以浓度表示及与质量分数、溶解度的换算为主」。,slice-91
CHEMISTRY,物质间转化的5个常见易错点,chem-fx-yu-f07x09,物质间转化的5个常见易错点,,KEEP,「②Al2O3、SiO2、Fe2O3与H2O不反应，不能直接转化为Al(OH)3、H2SiO3、Fe(OH)3」「③NH3催化氧化不能直接生成NO2」——不能一步实现的转化，别名原题在现绑。,slice-91
CHEMISTRY,现象描述答题模板,chem-fx-de-fen-dian-ji-guan-jian-ci-f71x12,现象描述答题模板,,KEEP,「得分点及关键词：溶液中：颜色由……变成……，液面上升或下降(形成液面差)，溶液变浑浊」——现象描述模板的“溶液”句式，别名原题在现绑；同名三条按溶液/固体/气体分列。,slice-91
CHEMISTRY,现象描述答题模板,chem-fx-de-fen-dian-ji-guan-jian-ci-f71x13,现象描述答题模板,,KEEP,「得分点及关键词：固体：表面产生大量气泡，逐渐溶解，体积逐渐变小」——现象描述模板的“固体”句式，属现绑『现象描述答题模板』。,slice-91
CHEMISTRY,现象描述答题模板,chem-fx-de-fen-dian-ji-guan-jian-ci-f71x14,现象描述答题模板,,KEEP,「得分点及关键词：气体：生成……色(味)气体，气体由……色变成……色，先变……后……」——现象描述模板的“气体”句式，属现绑『现象描述答题模板』。,slice-91
CHEMISTRY,甲烷,ext-che-ad656d9e3c-001,甲烷,脂肪烃的结构和性质,REBIND,「烷烃是碳原子间全部以单键结合的饱和链烃，通式CnH2n＋2；烯烃含碳碳双键，单烯烃通式CnH2n；炔烃含碳碳三键」——三类脂肪烃的结构与反应类型对比；靶节点即按碳碳键类型比较烷、烯、炔。,slice-91
CHEMISTRY,甲烷作燃料电池的负极反应物时-其电极反应式在不同的介质中有不同的写法,chem-hj-fuji-zhiliang-biandingjian,甲烷作燃料电池的负极反应物时-其电极反应式在不同的介质中有不同的写法,判断原电池正-负极的方法,REBIND,「铅蓄电池放电时负极 Pb 转化为 PbSO4 附着在电极上，正极 PbO2 也转化为 PbSO4，两极质量都增大」「判断电极应以反应类型（氧化/还原）为准，不能只看质量变化」——靶节点边界即『负极质量不一定减少，如常见的铅酸蓄电池…正极与负极质量均增大』。,slice-91
CHEMISTRY,甲烷作燃料电池的负极反应物时-其电极反应式在不同的介质中有不同的写法,chem-hj-jiezi-jiezhi-peiping-guize,甲烷作燃料电池的负极反应物时-其电极反应式在不同的介质中有不同的写法,三步法-配平缺项氧化还原反应化学方程式,REBIND,「酸性条件下，离子方程式中不能出现OH-；碱性条件下不能出现H+」「酸性条件下多氧一侧配H+，另一侧补水…补项后用H原子守恒检验水的系数」——靶节点边界即缺项物质为水、H+、OH-的配平流程，已收《缺项配平的补项原则》《缺项型氧化还原方程式的配平》。,slice-91
CHEMISTRY,电子守恒法计算的流程,ext-che-4dd2e79693-143,电子守恒法计算的流程,,KEEP,「把题给的多个离子方程式依次比较，找出中介物质，结合原子守恒与得失电子守恒把它们连成一条计量关系链」——多步关系式连立，别名逐字同题。,slice-91
CHEMISTRY,电子排布式,chem-fx-dang-chu-xian-gui-dao-shi-f29x09,电子排布式,,KEEP,「书写电子排布式时，仍把(n-1)d放在ns前，如Fe：1s22s22p63s23p63d64s2」「失电子时，却先失4s轨道上的电子」——即现绑边界『电子排布式的概念与书写规则』。,slice-91
CHEMISTRY,电子排布式,ext-che-685a4a9f63-046,电子排布式,原子核外电子排布,REBIND,「当能量相同的原子轨道在全满(p6、d10、f14)、半满(p3、d5、f7)、全空(p0、d0、f0)时原子能量最低，如24Cr为[Ar]3d54s1」——洪特规则特例；目标节点边界含『全充满、半充满、全空状态能量较低的例外情形』。,slice-91
CHEMISTRY,电子转移,chem-fx-yi-zhi-yu-shui-fan-ying-de-hua-xue-fan-f10x08,电子转移,,KEEP,「已知NaBH4与水反应的化学方程式为NaBH4+2H2O=NaBO2+4H2↑」——取自氧化还原反应概念与规律讲义的题干预备式（NaBH4中H为-1价），归现绑『电子转移』的转移数目判断族；材料为残片（仅题干），无更优节点，保守保留。,slice-91
CHEMISTRY,电极反应式,ext-che-4dd2e79693-063,电极反应式,,KEEP,「熔融碳酸盐环境：用 CO3^2- 调平电荷」「弱酸性盐溶液：用 HCO3- 调平电荷」「配电荷时要关注产物性质…MnO(OH) 会与 H+ 反应，故配电荷时应补 OH-」——按电解质环境书写并配平电极反应式，合现绑边界「根据电极材料与电解质环境写出电极反应式，并能配平」（含电解一例略超边界），属保留,slice-91
CHEMISTRY,电离常数,ext-che-4dd2e79693-099c,电离常数,,KEEP,「δ0与δ2的交点处 c(H2B)=c(B2−)，此时 c(H+)=√(Ka1·Ka2)」「pH=(pKa1+pKa2)/2」——由电离常数推分布曲线交点pH，现绑别名逐字含「相隔两级微粒交点pH的取值」。,slice-91
CHEMISTRY,电离能的三个重要应用,chem-fx-tong-zhong-yuan-zi-f30x02,电离能的三个重要应用,,KEEP,「③同种原子：逐级电离能越来越大」「①判断元素金属性的强弱 电离能越小，金属越容易失去电子，金属性越强」——现绑边界(1)(3)与别名『同种原子』『逐级电离能规律及应用』逐句对应。,slice-91
CHEMISTRY,电荷守恒在离子推断中的应用,chem-fx-dian-zhong-xing-yuan-ze-f76x02,电荷守恒在离子推断中的应用,,KEEP,「电中性原则，溶液呈电中性，一定既有阳离子，又有阴离子，且溶液中阳离子所带电荷数等于阴离子所带电荷数，帮助确定一些隐含离子」——即用电荷守恒（溶液电中性）确定隐含离子，正落现绑边界『用电荷守恒来确定最后一种离子是否存在』。,slice-91
CHEMISTRY,电荷守恒在离子推断中的应用,chem-fx-mou-wu-se-rong-ye-zhong-han-you-f76x30,电荷守恒在离子推断中的应用,,NONE,「94．某无色溶液中含有Na+、Ag+、Ba2+、Al3+、AlO、MnO、CO、SO中的若干种。现取该溶液进行如下实验」——仅离子推断题的题设一句（后续实验未随文收录），无规则与结论，不含可归知识点的内容（同 kit-72 判例），建议释放。,slice-91
CHEMISTRY,电荷守恒在离子推断中的应用,chem-fx-rong-ye-zhong-cun-zai-f76x33,电荷守恒在离子推断中的应用,,NONE,「对溶液A进行以下实验，整个过程如图所示(部分产物省略)，溶液B与溶液A中所含阴离子种类相同」——仅题设且依赖未收录的实验流程图，无独立知识结论，建议释放。,slice-91
CHEMISTRY,电荷守恒在离子推断中的应用,chem-fx-xian-qu-san-fen-gai-rong-ye-ge-f76x36,电荷守恒在离子推断中的应用,,NONE,「①第一份溶液中，滴加AgNO3溶液，有沉淀产生；」「②第二份溶液中，加入足量NaOH浓溶液共热，有无色气体生成；」——仅离子检验/推断题的实验现象片段，无规则与结论（同 kit-26/51/59/60/72 判例），建议释放。,slice-91
CHEMISTRY,电解原理,chem-fx-yi-lv-cai-wei-yang-ji-f41x16,电解原理,,KEEP,「以铝材为阳极，电解H2SO4溶液，铝材表面形成氧化膜」——活性电极的阳极反应属电解原理族；库内无专门『阳极氧化』节点（备选『电解原理易错点』，见备注）。,slice-91
CHEMISTRY,电解原理,ext-che-ae82ac501b-004,电解原理,,KEEP,「惰性电极（Pt、Au、石墨）：按阴离子放电顺序判断」「直接按阳离子放电顺序判断：$Ag^+$ > $Fe^{3+}$ > $Cu^{2+}$ > $H^+$」——正对现绑边界『依据离子放电顺序判断两极产物』。,slice-91
CHEMISTRY,电解原理应用的四点注意事项,chem-fx-cu-tong-zhong-tong-de-han-liang-wei-f17x03,电解原理应用的四点注意事项,,KEEP,「用粗铜作阳极，失电子变为Cu2+，用纯铜作阴极即可得精铜」——电解精炼铜，正落现绑边界第(3)点，别名逐字同题（批5同判 KEEP）。,slice-91
CHEMISTRY,电解原理易错点,ext-che-1422ee20c2-065b,电解原理易错点,,KEEP,「阴极（石墨）：水得电子放出氢气，同时生成 $OH^-$，滴酚酞后阴极区变红」「阳极（铜）：**铜本身失电子**」——活性电极作阳极的电极反应，属现绑『电解原理易错点』边界(1)活性电极。,slice-91
CHEMISTRY,电解池,ext-che-0e0ef6766a-001b,电解池,,KEEP,「与外接电源正极相连的一极是阳极，与负极相连的一极是阴极」「阳极若为金属电极（除Pt、Au外的金属）则阳极材料直接失去电子被消耗」——别名逐字含本条标题。,slice-91
CHEMISTRY,电解池工作原理-以电解cucl2溶液为例,ext-che-3bca327ab1-002b,电解池工作原理-以电解cucl2溶液为例,电解原理,REBIND,「阳极放电顺序（阴离子失电子能力由强到弱）：活泼电极>S2->I->Br->Cl->OH->含氧酸根离子>F-」「称为活性电极」——通用放电顺序与电极类型；现绑边界限定电解CuCl₂且「不涉及其他电解质溶液」，「电解原理」边界即「依据离子放电顺序判断两极产物」。,slice-91
CHEMISTRY,电解饱和食盐水-氯碱工业,chem-fx-yin-ji-f41x07,电解饱和食盐水-氯碱工业,,KEEP,「阴极：2H2O+2e-=H2↑+2OH-(还原反应)」「总反应离子方程式：」「注意　电解所用的食盐要精制」——电极反应与粗盐精制，正合现绑『电解饱和食盐水——氯碱工业』边界。,slice-91
CHEMISTRY,盐溶液酸碱性的判断,chem-hj-yan-defenlei-fangshi,盐溶液酸碱性的判断,,KEEP,「按对应酸碱强弱分：强酸强碱盐（不水解，中性）、强酸弱碱盐（水解显酸性）、弱酸强碱盐（水解显碱性）」——盐的分类方式与酸碱性对应；现绑别名逐字含『盐的分类方式』。,slice-91
CHEMISTRY,盐溶液酸碱性的判断,ext-che-5c62da9e03-703,盐溶液酸碱性的判断,,KEEP,「强酸弱碱盐：包括强酸的可溶性铜盐、铝盐、铁盐以及铵盐等」「弱酸弱碱盐：包括上述弱酸的可溶性铵盐等」——四类盐的划分与常见实例；现绑别名逐字含此标题。,slice-91
CHEMISTRY,盐类水解的规律及拓展应用,chem-fx-pao-mo-mie-huo-qi-yuan-li-f73x09,盐类水解的规律及拓展应用,,KEEP,「泡沫灭火器原理：Al2(SO4)3和小苏打混合，发生彻底的相互促进的水解反应生成Al(OH)3沉淀和CO2气体，形成大量泡沫从而灭火」——双水解应用；现绑别名即《泡沫灭火器原理》《泡沫灭火器的构造与双水解灭火原理》,slice-91
CHEMISTRY,盐类水解的规律及拓展应用,chem-fx-zheng-fa-fan-ying-shi-de-qi-ti-fen-wei-f71x06,盐类水解的规律及拓展应用,,KEEP,「蒸发、反应时的气体氛围：抑制××离子的水解（如加热蒸发AlCl3溶液时需在HCl气流中进行，加热MgCl2·6H2O制MgCl2时需在HCl气流中进行等）」——水解的促进与抑制应用；现绑别名即《蒸发、反应时的气体氛围》,slice-91
CHEMISTRY,盐类水解的规律及拓展应用,ext-che-4a4ad3d6e8-013,盐类水解的规律及拓展应用,,KEEP,「弱碱阳离子水解使溶液显酸性，金属与 H+ 反应：NH4+ + H2O ⇌ NH3·H2O + H+，Mg + 2H+ = Mg2+ + H2↑」「反应消耗 H+ 使水解平衡正移」——水解原理应用；现绑别名即《活泼金属与强酸弱碱盐溶液的反应》,slice-91
CHEMISTRY,盐类水解离子方程式的书写,chem-fx-duo-yuan-ruo-jian-yan-f50x04,盐类水解离子方程式的书写,,KEEP,「多元弱碱盐：水解反应的离子方程式一步完成」「相互促进的水解程度较大的，」——多元弱碱一步写全与双水解符号，正合现绑『盐类水解离子方程式的书写』边界逐条所列。,slice-91
CHEMISTRY,盐类水解程度大小比较的规律,ext-che-5c62da9e03-706,盐类水解程度大小比较的规律,,KEEP,「弱酸弱碱盐的阴、阳离子都能水解，溶液的酸碱性由弱酸与弱碱的相对强弱共同决定。」——现绑『盐类水解程度大小比较的规律』别名逐字同题。,slice-91
CHEMISTRY,盐类水解程度大小比较的规律,ext-che-5c62da9e03-710,盐类水解程度大小比较的规律,,KEEP,「盐溶液的酸碱性与盐在水中电离出来的离子和水电离出来的 H⁺ 或 OH⁻ 能否结合生成弱电解质有关。」——盐溶液酸碱性的根本原因，现绑别名逐字同题。,slice-91
CHEMISTRY,盖斯定律,ext-che-5c62da9e03-492,盖斯定律,,KEEP,「若一个化学方程式可由另外几个化学方程式相加（或相减）而得到，则该化学反应的焓变也等于这几个化学反应焓变相加（或相减）」——焓变的加合性，现绑『盖斯定律』别名逐字同题。,slice-91
CHEMISTRY,看-标准状况-下物质是否为-气体,ext-che-87d3a524a6-023,看-标准状况-下物质是否为-气体,,KEEP,「一看物质状态，必须是气体」「二看外界条件，必须为标准状况，标准状况是0摄氏度、1.01×10^5 Pa」——现绑节点即看标准状况下物质是否为气体。,slice-91
CHEMISTRY,看-气体-是否处于-标准状况-0-101kpa,chem-fx-shi-ying-dui-xiang-f04x05,看-气体-是否处于-标准状况-0-101kpa,,KEEP,「(6)适应对象：只限于气体，单一气体或互不反应的混合气体。」「NO2(N2O4)、HF、SO3等在标准状况下不是气体」——正合现绑『气体摩尔体积的适用条件』的对象与易错两条，别名『适应对象』在现绑。,slice-91
CHEMISTRY,看-气体-是否处于-标准状况-0-101kpa,chem-fx-zai-biao-zhun-zhuang-kuang-xia-f01x08,看-气体-是否处于-标准状况-0-101kpa,,NONE,「在标准状况下，将含a L NO2和b L NO的混合气体通入625 g质量分数为21.2%的纯碱溶液中，恰好完全被吸收，且吸收液质量增加44 g。」——仅一句题干，无解析无结论，不含可归入任一知识点的教学内容（同 kit-72/74 判例）。,slice-91
CHEMISTRY,石油的综合利用,chem-fx-lie-jie-zai-gao-wen-xia-shi-fen-zi-ju-f59x12,石油的综合利用,,KEEP,「裂解：在高温下，使分子具有长链的烃断裂成各种短链的_气态__烃和少量_液态__烃」——裂解，现绑『石油的综合利用』边界明列“裂化、裂解等获取轻组分烃的加工过程”。,slice-91
CHEMISTRY,硅,ext-che-0a9bb4de11-002,硅,,KEEP,「存在与物理性质：硅在地壳中的含量仅次于氧（约26.3%）」「用途：制芯片、硅太阳能电池以及半导体材料和合金材料」——现绑别名逐字含「硅单质的性质与用途」。,slice-91
CHEMISTRY,硅,ext-che-22f1d8693a-003,硅,,KEEP,「晶体硅是灰黑色、有金属光泽、硬而脆的固体」「用途：良好的半导体材料、太阳能电池、计算机芯片等」——同族多源同题材料，现绑别名逐字含本条标题。,slice-91
CHEMISTRY,硅,ext-che-5c62da9e03-2446,硅,,KEEP,「硅元素在元素周期表中位于第三周期第ⅣA族」「核外三层电子数依次为2、8、4」——硅元素的存在与原子结构，落现绑边界「硅元素的存在」；此前批次同材料已裁 KEEP。,slice-91
CHEMISTRY,硅,ext-che-5c62da9e03-2451,硅,,KEEP,「晶体硅是灰黑色、有金属光泽、硬而脆的固体，熔、沸点很高」——晶体硅物理性质，现绑边界含「晶体硅单质的性质与用途」；此前批次同材料已裁 KEEP。,slice-91
CHEMISTRY,硅,ext-che-5c62da9e03-2453,硅,,KEEP,「常温下硅的化学性质不活泼，但可以和F₂、氢氟酸和强碱溶液发生反应」「加热时：Si+O₂→(Δ)SiO₂」——硅单质化学性质；此前批次同材料已裁 KEEP。,slice-91
CHEMISTRY,硅,ext-che-5c62da9e03-2464,硅,,KEEP,「高纯硅广泛用于信息技术和新能源技术等领域。如制造芯片和硅太阳能电池」——高纯硅用途；此前批次同材料已裁 KEEP。,slice-91
CHEMISTRY,硅,ext-che-63fc6c0f2c-002,硅,,KEEP,「物理性质：晶体硅是灰黑色、有金属光泽、硬而脆的固体……是良好的半导体材料」「常温下只与F2、HF和强碱溶液反应」——通篇硅单质性质（标题「制备」无正文支撑）；此前批次同材料已裁 KEEP。,slice-91
CHEMISTRY,硅,ext-che-789339a0b0-002,硅,,KEEP,「存在：硅在地壳中的含量仅次于氧，为26.3%」「导电能力介于导体和绝缘体之间，是良好的半导体」——硅单质存在、物理与化学性质及用途，别名逐字含「硅单质的性质与用途」。,slice-91
CHEMISTRY,硅,ext-che-7989157e15-003,硅,,KEEP,「晶体硅为灰黑色、有金属光泽、硬而脆的固体，是良好的半导体材料」「工业制法为SiO₂+2C高温Si+2CO↑，再经SiHCl₃提纯」——主体是硅单质存在、性质与制备，末段SiO2为附；此前批次同材料已裁「主体对口保留」。,slice-91
CHEMISTRY,硅,ext-che-8cf031c9fe-007,硅,熟记硅及其化合物的特殊性质,REBIND,「②非金属单质一般不与非氧化性酸反应，但Si能与HF反应」「④SiO2是H2SiO3的酸酐却不溶于水」——①—⑤逐条对应「熟记硅及其化合物的特殊性质」边界(1)(2)；现绑边界明言「硅的化合物性质由另设知识点覆盖」。,slice-91
CHEMISTRY,硅,ext-che-aa0d95627a-012,硅,,KEEP,「常温下的反应：除氢氟酸、氟气、强碱外不跟其他物质反应」「Si＋C===SiC」——硅单质存在、结构与化学性质，现绑别名逐字含本条标题。,slice-91
CHEMISTRY,硅,wusan-chem-b2c5-silicon,硅,,KEEP,「用途：作半导体材料，用于制造芯片、太阳能电池」——用途段落现绑边界「晶体硅单质的性质与用途」内；首段工业制备流程与「硅的工业制法」同路线，跨节点复合条，保守保留（notes）。,slice-91
CHEMISTRY,硅及其化合物的-七大-误区,ext-che-5c62da9e03-131b,硅及其化合物的-七大-误区,,KEEP,「能导电的单质不一定是金属单质，如晶体硅；有金属光泽的单质不一定是金属单质，如晶体硅」——硅的特殊性质与易错认识，现绑别名逐字含『硅的特殊性质六点』。,slice-91
CHEMISTRY,硝酸与金属反应的规律,chem-fx-tong-si-biao-mian-huan-man-fang-chu-qi-f25x07,硝酸与金属反应的规律,,KEEP,「①铜丝表面缓慢放出气泡，锥形瓶内气体呈红棕色」「④锥形瓶中液面下降，长颈漏斗中液面上升，最终铜丝与液面脱离接触，反应停止」——铜与硝酸反应的现象，现绑别名逐字含本题名。,slice-91
CHEMISTRY,硫单质,chem-hj2-liu-yanghua-xing-yu-jinshu,硫单质,,KEEP,「氧化性：Fe+S=Δ=FeS、2Cu+S=Cu2S、Hg+S=HgS（除室内洒落汞）」「还原性：S+O2=点燃=SO2（淡蓝色火焰）」——硫的氧化性与还原性表现，现绑别名同题。,slice-91
CHEMISTRY,硫单质,ext-che-004850c1e8-003d,硫单质,,KEEP,「用CS2溶解：利用硫易溶于CS2的物理性质；用热的NaOH溶液：利用硫与碱发生歧化反应」「硫与硝酸钾、木炭反应…可记忆为“一硫二氮三碳”」——除硫与黑火药，现绑别名同题。,slice-91
CHEMISTRY,硫单质,ext-che-23cc3489fa-003,硫单质,,KEEP,「与浓H2SO4反应：S＋2H2SO4(浓)→3SO2↑＋2H2O」「实验室除试管内壁硫：物理法用CS2溶解，化学法用NaOH溶液溶解」——硫与强酸强碱反应及除硫，现绑族。,slice-91
CHEMISTRY,硫单质,ext-che-3474d4bd32-002,硫单质,,KEEP,「物理性质为黄色或淡黄色固体、俗称硫黄、密度比水大、难溶于水、微溶于酒精、易溶于CS2」「与金属反应生成低价态硫化物（如FeS、Cu2S）」——硫单质存在、性质与反应。,slice-91
CHEMISTRY,硫单质,ext-che-5c62da9e03-2277,硫单质,,KEEP,「在一定条件下，硫可被O₂、Cl₂等非金属单质以及一些具有氧化性的化合物氧化」「S+6HNO₃(浓)→(Δ)H₂SO₄+6NO₂↑+2H₂O」——硫的还原性表现。,slice-91
CHEMISTRY,硫单质,ext-che-5c62da9e03-2282,硫单质,,KEEP,「硫在空气中燃烧火焰呈淡蓝色，在纯氧中燃烧发出明亮的蓝紫色火焰」「两种条件下燃烧的产物均为二氧化硫」——硫单质的燃烧性质。,slice-91
CHEMISTRY,硫单质,ext-che-5c62da9e03-2316,硫单质,,KEEP,「火山喷发会喷出硫；硫可转化为氢化物H₂S，也可转化为氧化物SO₂、SO₃、H₂SO₄、H₂SO₃」「在地表经O₂、H₂O作用可生成石膏、芒硝等硫酸盐」——自然界硫的存在形态与转化（备选『不同价态含硫物质的转化』，见备注）。,slice-91
CHEMISTRY,硫单质,ext-che-5c62da9e03-2944,硫单质,,KEEP,「游离态：硫主要存在于火山口附近或地壳的岩层中」「化合态：硫主要以硫化物和硫酸盐的形式存在」——硫元素的存在形态，现绑别名同题。,slice-91
CHEMISTRY,硫单质,ext-che-5c62da9e03-330c,硫单质,,KEEP,「与铁：Fe＋S＝FeS(黑色)（加热）。与铜：2Cu＋S＝Cu₂S(黑色)（加热）。燃烧：S＋O₂＝SO₂（点燃）」「硫的氧化性较弱，与变价金属反应只能把金属氧化到低价」——硫单质的化学性质。,slice-91
CHEMISTRY,硫单质,ext-che-6679c4dab3-003,硫单质,,KEEP,「硫与NaOH溶液反应：3S+6NaOH生成2Na2S+Na2SO3+3H2O，硫既是氧化剂又是还原剂」「该反应可用于除去试管内黏附的硫；硫大量用于制硫酸、硫化橡胶、制药和黑火药」——硫单质的性质与应用。,slice-91
CHEMISTRY,硫单质,ext-che-b7cfdfda64-003,硫单质,,KEEP,「与非金属反应：硫在氧气中燃烧生成SO2…硫与氢气共热生成H2S」「与强碱反应：既体现氧化性又体现还原性，可用热碱溶液清洗硫」——硫单质与非金属、强酸强碱的反应，正是现绑边界所列重点。,slice-91
CHEMISTRY,硫单质,ext-che-d5446e6215-041,硫单质,,KEEP,「硫有多种同素异形体，如正交硫、单斜硫都是由S8分子构成的物质」「游离态的硫主要存在于火山口附近或地壳的岩层中」——同素异形体与存在形式，现绑别名同题。,slice-91
CHEMISTRY,硫单质,ext-che-d5446e6215-080,硫单质,,KEEP,「硫元素的“价—类”二维图以硫的化合价（-2、0、+4、+6）与物质类别为坐标，可梳理H2S、S、SO₂、SO₃、H₂SO₄及其盐之间的转化关系」——以硫为中心梳理含硫物质（备选『硫及其化合物之间的转化规律』，见备注）。,slice-91
CHEMISTRY,硫单质,ext-che-d5446e6215-081,硫单质,,KEEP,「当硫元素的化合价变化时，一般升高或降低至其相邻价态，即台阶式升降。例如H2S+H2SO4(浓)=S↓+SO2↑+2H2O」——硫元素价态规律，属硫及其化合物族（备选『价态规律及其应用』，见备注）。,slice-91
CHEMISTRY,硫及其化合物之间的转化规律,chem-fx-duan-shao-han-liu-liang-gao-de-kuang-w-f24x04,硫及其化合物之间的转化规律,,KEEP,「煅烧含硫量高的矿物得到高浓度的，通过途径Ⅱ最终转化为化合物A」——含硫物质转化路径，现绑节点别名逐字含该句；同族『图所示某固态单质A及其化合物之间的转化关系』同在其下。,slice-91
CHEMISTRY,硫及其化合物之间的转化规律,ext-che-1591c3ea15-084,硫及其化合物之间的转化规律,,KEEP,「据价态判断氧化还原性：中间价态既有氧化性又有还原性，最高价只有氧化性，最低价只有还原性」——硫价类二维图的价态与性质对应，属现绑节点。,slice-91
CHEMISTRY,硫及其化合物之间的转化规律,ext-che-15fcabc7cf-003f,硫及其化合物之间的转化规律,,KEEP,「-2价：H2S、Na2S，只有还原性」「+4价：SO2、H2SO3、Na2SO3，既有氧化性又有还原性」——硫的价类二维图，属现绑『硫及其化合物之间的转化规律』。,slice-91
CHEMISTRY,硫及其化合物之间的转化规律,ext-che-8b4c78b419-009,硫及其化合物之间的转化规律,,KEEP,「碱性歧化：3S＋6OH－==2S2－＋SO3^2-＋3H2O」「酸性归中：2S2－＋SO3^2-＋6H＋==3S↓＋3H2O」——硫的歧化与归中反应，属现绑节点（别名逐字）。,slice-91
CHEMISTRY,硫及其重要化合物的知识盲点,ext-che-8b4c78b419-007,硫及其重要化合物的知识盲点,,KEEP,「焦硫酸（H2S2O7）可看作两分子硫酸之间脱去一分子水所得的产物。硫代硫酸（H2S2O3）可看作 H2SO4 分子中一个端基氧原子被硫原子取代而得」——含硫物质细节；别名逐字含本题名。,slice-91
CHEMISTRY,碳中和,ext-che-796aef76a7-035,碳中和,,KEEP,「核心方程式：CO2+4H2→CH4+2H2O；该反应放热」「在国际空间站等密闭环境中，它与电解水配合…实现 O2 的循环再生」——CO2 转化与氧循环；库内无更贴节点，保留。,slice-91
CHEMISTRY,碳酸钠和碳酸氢钠易错知识点,chem-fx-shi-yan-f13x07,碳酸钠和碳酸氢钠易错知识点,,NONE,「实验3：向混合溶液中通入过量的CO2，无明显现象」「实验4：向实验3所得溶液中滴加少量Ba(OH)2溶液，产生白色沉淀」——仅实验步骤与现象片段，无规则与结论（同批前判例）。,slice-91
CHEMISTRY,碳酸钠和碳酸氢钠易错知识点,ext-che-c9252b0263-004,碳酸钠和碳酸氢钠易错知识点,,KEEP,「热稳定性：Na2CO3 受热不分解，NaHCO3 受热分解生成 Na2CO3、CO2 和 H2O。」——两盐性质比较与鉴别，现绑『碳酸钠和碳酸氢钠易错知识点』别名逐字同题。,slice-91
CHEMISTRY,离子交换膜,ext-che-02e43d3aeb-007b,离子交换膜,,KEEP,「双极膜…膜主体可分为阴离子选择层、阳离子选择层和中间界面层」「H2O 电离产生 H+ 和 OH-，在电场的作用下快速迁移到两侧溶液中…为膜两侧的半反应提供各自理想的 pH 条件」——现绑边界明写双极膜、别名即《双极膜的结构与作用》,slice-91
CHEMISTRY,离子交换膜,ext-che-02e43d3aeb-007c,离子交换膜,,KEEP,「海水淡化型…Na+ 应向左穿过 M 膜、Cl- 应向右穿过 N 膜，故 M 膜为阳离子交换膜、N 膜为阴离子交换膜」「穿过同一离子交换膜的离子所带电荷总数等于电路中转移的电子数」——现绑别名即《多膜多室电化学装置的分析与计算》,slice-91
CHEMISTRY,离子交换膜,ext-che-29359159c1-009,离子交换膜,,KEEP,「两室电解池（工业制烧碱）…三室电解池（制备 NH4NO3）…多室电解池（四室电渗析法制 H3PO2）」「膜类型的判断方法：①先写出阴、阳两极上的电极反应」——含膜装置分析；现绑别名即《含膜电解池的装置分析》,slice-91
CHEMISTRY,离子交换膜,ext-che-29359159c1-011,离子交换膜,,KEEP,「第二步，写出电极反应式，判断交换膜两侧离子的变化…根据电荷平衡判断离子迁移方向」「第三步，分析隔膜的作用」——隔膜电解池解题三步；现绑别名即《隔膜电解池的解题步骤》,slice-91
CHEMISTRY,离子交换膜,ext-che-4dd2e79693-066,离子交换膜,,KEEP,「产品室中得到 H3BO3 溶液…阳极生成的 H+ 通过 a 膜进入产品室，即 a 膜为质子交换膜或阳离子交换膜」「离子由中间向两边移动的是原料室，离子由两边向中间移动的是产品室」——现绑别名即《多膜装置的三膜四室与四室式建构》,slice-91
CHEMISTRY,离子交换膜,ext-che-51e65d8cb6-008,离子交换膜,,KEEP,「多室电解池利用离子交换膜的选择透过性，即允许带某种电荷的离子通过而限制带相反电荷的离子通过，把电解池分为两室、三室、多室」「先按电极反应判断各极区消耗或剩余何种离子」——现绑别名即《多室电解池与电渗析法》,slice-91
CHEMISTRY,离子交换膜,ext-che-58a85085c1-010,离子交换膜,,KEEP,「第一步分清膜类型（阳膜、阴膜或质子膜），判断允许哪种离子通过」「第三步分析隔膜作用：提高产品纯度，隔离产物防止相互反应或产生危险」——隔膜多室分析三步；现绑别名即《多室电解池（隔膜电解）的分析步骤》,slice-91
CHEMISTRY,离子交换膜,ext-che-5c62da9e03-861,离子交换膜,,KEEP,「多室电解池是利用离子交换膜的选择透过性（只允许带某种电荷的离子通过）将电解液分为多室」「膜的组合：…可以均是阳离子交换膜，也可以是阴离子交换膜，还可以一个是阳离子交换膜、一个是阴离子交换膜」——现绑别名即《多室电解池的工作原理与双膜三室的膜组合》,slice-91
CHEMISTRY,离子交换膜,ext-che-62b5c9cbc6-008,离子交换膜,,KEEP,「第一步分清隔膜类型，判断它属于阳膜、阴膜还是质子膜，明确允许哪种离子通过」「两室电解装置制备烧碱就是典型应用：…阳极室中的Na+通过阳离子交换膜进入阴极室」——现绑别名即《隔膜多室电解装置的分析步骤》,slice-91
CHEMISTRY,离子交换膜,ext-che-da2d86034b-102,离子交换膜,,KEEP,「类型一：单膜…第二步：根据电中性原则判断可能移动的离子，结合题目信息确定离子交换膜的类型」「类型二：双膜或多膜…原料室（提供离子）的离子由中间往两边移动」——现绑别名即《多室电化学装置分析》《双膜及多膜装置的三步分析法》,slice-91
CHEMISTRY,离子交换膜,ext-che-f9fefe7500-039,离子交换膜,,KEEP,「海水淡化型：盐室中的浓 NaCl 溶液需转化为稀 NaCl 溶液，故 Na+ 和 Cl- 需穿过盐室两侧的膜移出」「A 室得到 NaOH 溶液、B 室得到盐酸」——现绑别名即《多膜多室装置的分析：海水淡化型》,slice-91
CHEMISTRY,离子交换膜,ext-che-f9fefe7500-041,离子交换膜,,KEEP,「穿过同一离子交换膜的离子所带电荷总数=电路中转移的电子数」「双极膜中电离的 H2O 分子数=电路中转移的电子数」「不要忽略离子穿过离子交换膜进出造成的影响」——膜装置定量关系；现绑别名即《含膜电化学装置的两条定量关系》,slice-91
CHEMISTRY,离子交换膜的种类与作用,ext-che-5c62da9e03-863,离子交换膜的种类与作用,,KEEP,「阳离子交换膜 a 和阴离子交换膜 b 可以均是阳离子交换膜，也可以是阴离子交换膜」——即膜类型的选择，落现绑『离子交换膜的种类与作用』。,slice-91
CHEMISTRY,离子共存,chem-fx-san-te-shu-f76x12,离子共存,,KEEP,「“NO+H+”组合具有强氧化性，能与S2-、Fe2+、I-、SO等还原性的离子发生氧化还原反应而不能大量共存」——三特殊，现绑别名逐字含『三特殊』。,slice-91
CHEMISTRY,离子共存问题解题要点,ext-che-161dacb6f6-065,离子共存问题解题要点,,KEEP,「酸性溶液：使甲基橙变红等」「常温下由水电离出的c(H+)<1×10-7 mol/L的溶液」——即离子共存题限定条件（二性/隐含条件）的识别，与本节点已收的『离子共存中的隐含条件』口径一致。,slice-91
CHEMISTRY,离子方程式,chem-fx-wei-rong-wu-f08x21,离子方程式,,KEEP,「(2)微溶物：不论是反应物还是生成物，是否写离子形式都由其浓度决定。」「如石灰乳写化学式Ca(OH)2，澄清石灰水写成Ca2+、OH-。」——微溶物的处理，现绑别名逐字含「微溶物」。,slice-91
CHEMISTRY,离子方程式,ext-che-5c62da9e03-1875,离子方程式,,KEEP,「可「拆」的物质：强酸，如 HCl、H₂SO₄、HNO₃ 等」——离子方程式中物质的拆分规则，属现绑节点。,slice-91
CHEMISTRY,离子方程式,ext-che-5c62da9e03-319c,离子方程式,与量有关的离子方程式书写技巧,REBIND,「\nCa(HCO₃)₂与足量NaOH：Ca²⁺＋2HCO₃⁻＋2OH⁻＝CaCO₃↓＋CO₃²⁻＋2」「先确定哪种物质少量，按少量物质的化学计量数写方程式。」——用量不同产物不同；目标节点在册材料『Ca(HCO3)2与NaOH反应的量比方程式模型』同题。,slice-91
CHEMISTRY,离子方程式,ext-che-dce2cd2e1c-009b,离子方程式,,KEEP,「弱酸的酸式酸根离子不能拆开，如$HCO_3^-$、$HS^-$、$HSO_3^-$等」「不论是反应物还是生成物，是否写离子形式都由其浓度决定。」——离子方程式书写中的拆分规范，属现绑节点。,slice-91
CHEMISTRY,离子方程式,ext-che-ded43bede2-008,离子方程式,,KEEP,「\n4．固体之间的反应、浓硫酸（或浓磷酸）与固体之间的反应不能电离出自由离子，不写离子方程式，如 $Ca(OH」——拆分与书写规范，属现绑节点。,slice-91
CHEMISTRY,离子晶体,ext-che-b476eb0452-029,离子晶体,,KEEP,「每个晶胞中含 4 个 Na⁺ 和 4 个 Cl⁻。」「每个 Ca²⁺ 周围等距紧邻的 F⁻ 有 8 个，每个 F⁻ 周围等距紧邻的 C」——现绑边界含 NaCl 型等常见晶胞结构分析与微粒数目确定。,slice-91
CHEMISTRY,离子晶体,ext-che-e2d6f05263-008,离子晶体,,KEEP,「晶格能：气态离子形成1 mol离子晶体释放的能量，取正值，单位kJ·mol－1。」「离子电荷数越多晶格能越大，离子半径越小晶格能越大。」——离子晶体的性质（晶格能），属现绑节点属性部分（无晶格能专节点，保留）。,slice-91
CHEMISTRY,离子晶体,wusan-che-v-aa3720a5,离子晶体,,KEEP,「④两者化学式均为1∶1，配位数不同源于离子半径比不同，计算晶胞微粒数必须使用均摊法。」「④两者化学式均为1∶1，配位数不同源于离子半径比不同，计算晶胞微粒数必须使用均摊」——离子晶体晶胞结构分析，属现绑节点。,slice-91
CHEMISTRY,简单有机物同分异构体的书写,chem-fx-di-yi-bu-f03x09,简单有机物同分异构体的书写,,KEEP,「第一步：碳链异构：写出C5H12的3种碳架（直链、异戊烷型、新戊烷型）」——同分异构体书写的碳链异构第一步，现绑『简单有机物同分异构体的书写』已收《碳链异构的书写顺序》同族材料，保留。,slice-91
CHEMISTRY,简单有机物同分异构体的书写,ext-che-4dd2e79693-111,简单有机物同分异构体的书写,判断同分异构体数目的常用方法和思路,REBIND,「同一碳原子上的氢原子是等效的」「同一碳原子所连的甲基上的氢原子是等效的」「处于对称位置上的氢原子是等效的」——等效氢三原则，与目标节点边界第(3)条逐字同此，且已收《等效氢的判断三规则》《等效氢法判断一取代物数目》；现绑『书写』边界无对应。,slice-91
CHEMISTRY,简单有机物同分异构体的书写,ext-che-4dd2e79693-112,简单有机物同分异构体的书写,,KEEP,「醚键可看作将氧原子插入碳碳单键中」「碳碳双键可看作将1个键插入碳碳单键中，已形成4个单键的碳原子不能形成碳碳双键」——插入法枚举同分异构体，现绑『简单有机物同分异构体的书写』已收《书写同分异构体的插入法》《单烯烃同分异构体的书写——插入法》，保留。,slice-91
CHEMISTRY,简单有机物同分异构体的书写,ext-che-4dd2e79693-112c,简单有机物同分异构体的书写,判断同分异构体数目的常用方法和思路,REBIND,引文订正：「即甲烷、乙烷、丙烷、丁烷、戊烷的一元取代物种类依次为 1、1、2、4、8」…「此方法等同于基元法」——基元/烃基法计数，合目标节点边界第(1)条烃基法，并已收《基元法判断同分异构体数目》《同分异构体数目判断的记忆法》；现绑『书写』无对应。,slice-91
CHEMISTRY,简单有机物同分异构体的书写,ext-che-4dd2e79693-113,简单有机物同分异构体的书写,判断同分异构体数目的常用方法和思路,REBIND,「先根据等效氢法确定第一个官能团的位置」「再用等效氢法或插入法确定另一个官能团的位置，注意避免重复」——定一移一法数二元取代物（示例二氯代物15种），合目标节点边界第(4)条定一移一法；现绑『书写』边界只列缩链法与碳架/位置/官能团书写顺序。,slice-91
CHEMISTRY,简单有机物同分异构体的书写,ext-che-4dd2e79693-113b,简单有机物同分异构体的书写,判断同分异构体数目的常用方法和思路,REBIND,引文订正：「把取代较多的情形转化为取代较少的情形来数」…「则其 $m$ 元取代物和 $n$ 元取代物的种类数相等」——代换（换元）法计数，即目标节点边界第(2)条代换法；节点已收《换元法判断同分异构体数目》；现绑『书写』无对应。,slice-91
CHEMISTRY,简单有机物同分异构体的书写,ext-che-5c62da9e03-2561,简单有机物同分异构体的书写,判断同分异构体数目的常用方法和思路,REBIND,「记住常见烃基的结构种数：甲基、乙基、丙基、丁基、戊基分别有 1、1、2、4、8 种结构」——烃基法事实，合目标节点边界第(1)条“由基团的异构数目可推断有机物的异构体数目。如：丁基有4种”；该节点已收《常见烃基的异构体数目》《基元法判断同分异构体数目》，现绑『书写』边界无烃基法。,slice-91
CHEMISTRY,糖类的组成和分类,ext-che-5c62da9e03-2668,糖类的组成和分类,,KEEP,「代表物是葡萄糖、果糖，代表物的分子式为C6H12O6，相互关系为同分异构体」——糖类分类表中的组成与相互关系，别名含『各类糖的分子组成与相互关系』。,slice-91
CHEMISTRY,糖类的组成和分类,ext-che-8179029ae7-008,糖类的组成和分类,,KEEP,「单糖是不能水解的糖；寡糖（低聚糖）是1 mol 糖水解可生成2到10 mol 单糖的糖；多糖是…10 mol 以上」——按水解划分糖类，别名逐字同题。,slice-91
CHEMISTRY,糖类的结构和性质,ext-che-5c62da9e03-1572,糖类的结构和性质,,KEEP,「麦芽糖 C12H22O11 + H2O --酸或酶--> 2C6H12O6（葡萄糖）」「淀粉与纤维素均水解生成葡萄糖」——单糖、二糖、多糖的组成与水解关系。,slice-91
CHEMISTRY,糖类的结构和性质,ext-che-5c62da9e03-1595,糖类的结构和性质,,KEEP,「蔗糖溶液与新制 Cu(OH)₂ 共热无明显现象，说明蔗糖是非还原糖；麦芽糖…产生砖红色沉淀」——蔗糖与麦芽糖还原性的实验探究。,slice-91
CHEMISTRY,糖类的结构和性质,ext-che-5c62da9e03-2685,糖类的结构和性质,,KEEP,「CH2OH(CHOH)4CHO+2Cu(OH)2+NaOH →(Δ) CH2OH(CHOH)4COONa+Cu2O↓+3H2O」——葡萄糖与新制Cu(OH)2的反应，属糖类的性质。,slice-91
CHEMISTRY,糖类的结构和性质,ext-che-5c62da9e03-2690,糖类的结构和性质,,KEEP,「葡萄糖在人体组织中的缓慢氧化反应为 C6H12O6+6O2 →(酶) 6CO2+6H2O」——葡萄糖的氧化性质，属现绑糖类的性质面。,slice-91
CHEMISTRY,糖类的结构和性质,ext-che-5c62da9e03-2695,糖类的结构和性质,,KEEP,「蔗糖水解生成葡萄糖和果糖；麦芽糖水解只能生成葡萄糖」「水解反应也是取代反应」——二糖的水解关系，属糖类的性质。,slice-91
CHEMISTRY,糖类的结构和性质,ext-che-5c62da9e03-2696,糖类的结构和性质,,KEEP,「蔗糖的水解方程式为 C12H22O11+H2O →(催化剂) C6H12O6+C6H12O6」——蔗糖水解生成葡萄糖与果糖。,slice-91
CHEMISTRY,糖类的结构和性质,ext-che-da762160bd-003,糖类的结构和性质,,KEEP,「二糖由两个单糖分子之间脱去一分子水形成」「麦芽糖、纤维二糖水解后都只得到葡萄糖」——二糖组成与水解；批26已把本材料改绑本节点。,slice-91
CHEMISTRY,糖类的结构和性质,ext-che-f4c8896f6c-004,糖类的结构和性质,,KEEP,「常见的还原性糖有葡萄糖和麦芽糖，能发生银镜反应」「蔗糖、纤维素和淀粉为非还原性糖」——糖的水解与还原性，别名逐字同题。,slice-91
CHEMISTRY,纯碱中碳酸钠含量的测定方法,chem-fx-chen-dian-fa-f14x06,纯碱中碳酸钠含量的测定方法,,KEEP,「沉淀法…Na2CO3+BaCl2=BaCO3↓+2NaCl…依据BaCO3沉淀的质量确定Na2CO3的物质的量」——与现绑边界（由BaCO3的物质的量直接等于Na2CO3的物质的量）一致。,slice-91
CHEMISTRY,纯碱中碳酸钠含量的测定方法,chem-fx-fang-an-f14x09,纯碱中碳酸钠含量的测定方法,,KEEP,「方案I：样品经加热后测定剩余固体质量，并计算Na2CO3的质量分数」——纯碱含量测定方案，别名逐字含『方案I』。,slice-91
CHEMISTRY,纯碱中碳酸钠含量的测定方法,chem-fx-fang-an-yi-f14x11,纯碱中碳酸钠含量的测定方法,,KEEP,「方案一：沉淀法。利用化学反应把HCO、CO完全转化为沉淀，称量干燥沉淀的质量」——别名逐字含『方案一』。,slice-91
CHEMISTRY,纯碱中碳酸钠含量的测定方法,chem-fx-qi-ti-fa-f14x04,纯碱中碳酸钠含量的测定方法,,KEEP,「气体法…Na2CO3+H2SO4=Na2SO4+H2O+CO2↑…依据CO2的体积确定Na2CO3的物质的量」——别名逐字含『气体法』。,slice-91
CHEMISTRY,羧酸,chem-fx-gao-ji-zhi-fang-suan-f61x06,羧酸,,KEEP,「高级脂肪酸：RCOOH(R为碳原子数较多的烃基)；饱和高级脂肪酸，常温呈固态；油酸：C17H33COOH，不饱和高级脂肪酸，常温呈液态」——羧酸总论中的高级脂肪酸，现绑别名逐字含本题名。,slice-91
CHEMISTRY,羧酸的化学性质,ext-che-5c62da9e03-331,羧酸的化学性质,,KEEP,「R—COOH与Na、NaOH、Na₂CO₃、NaHCO₃均能反应生成R—COONa」「酯化反应：与醇在浓硫酸催化加热下生成酯和水」——与现绑边界弱酸性/酯化/生成酰胺逐条对应。,slice-91
CHEMISTRY,聚合反应,chem-fx-gai-nian-dan-ti-tong-guo-de-fang-shi-s-f63x01,聚合反应,,KEEP,「单体通过分子间的 而生成高分子化合物的聚合反应，生成缩聚物的同时，还伴有小分子的副产物(如水、氨、卤化氢等)」——缩聚定义残句，落现绑『加聚与缩聚的区别』。,slice-91
CHEMISTRY,聚合反应,chem-fx-shui-ni-shi-zhong-yao-de-jian-zhu-cai-f18x07,聚合反应,水泥,REBIND,「水泥熟料的主要成分为CaO、SiO2，并含有一定量的铁、铝和镁等金属的氧化物」「实验室测定水泥样品中钙含量」——通篇水泥成分与实验，属『水泥』（边界即主要原料与组成）；现绑聚合反应与正文无涉。,slice-91
CHEMISTRY,聚合反应,ext-che-5c62da9e03-1655,聚合反应,,KEEP,「不同单烯烃均打开双键，不同单体之间直接连接形成高分子」——加聚（共聚）规律；现绑边界含『加聚与缩聚的区别』，别名含『加聚反应与导电高分子』。,slice-91
CHEMISTRY,聚合反应,ext-che-5c62da9e03-1656,聚合反应,,KEEP,「炔烃也能发生加聚反应，如乙炔的加聚：nCH≡CH →(催化剂) [—CH=CH—]ₙ」——加聚反应，属现绑边界（加聚与缩聚的区别）。,slice-91
CHEMISTRY,聚合反应,ext-che-5c62da9e03-1657,聚合反应,,KEEP,「环状化合物也能发生加聚反应，如环氧乙烷的加聚…反应中环被打开，不生成小分子副产物」——加聚反应特征，属现绑边界。,slice-91
CHEMISTRY,胶体,chem-kb-colloid-particle-charge-rules,胶体,,KEEP,「金属氢氧化物、金属氧化物的胶粒带正电荷；非金属氧化物、金属硫化物的胶粒带负电荷」「不是所有胶体都有电泳现象」——现绑边界含电泳与胶粒带电。,slice-91
CHEMISTRY,胶体的性质及应用,chem-fx-shui-ni-chang-he-ye-jin-chang-chang-yo-f07x15,胶体的性质及应用,,KEEP,「水泥厂和冶金厂常用高压直流电除去大量烟尘，减少对空气的污染」「胶体区别于其他分散系的本质特征是胶体粒子的直径在1～100 nm」——电泳除尘与胶体本质特征，属现绑『胶体的性质及应用』。,slice-91
CHEMISTRY,胶体的性质及应用,chem-hj-jiaoli-daidian-jingshui,胶体的性质及应用,,KEEP,「胶体不带电，胶粒因吸附带电粒子而带电荷，整个体系呈电中性」「明矾……Al3+、Fe3+水解生成Al(OH)3、Fe(OH)3胶体……吸附悬浮固体形成沉淀」——胶粒带电与净水应用，现绑边界逐字含胶体粒子带电而整体电中性。,slice-91
CHEMISTRY,胶体知识易错点,ext-che-5c62da9e03-029,胶体知识易错点,,KEEP,「判断溶液还是胶体还须看微粒结构」「笼统说离子或分子能透过半透膜而胶体微粒不能是不恰当的」——现绑『胶体知识易错点』的辨析面。,slice-91
CHEMISTRY,胺-酰的结构和性质,ext-che-a4a15056db-040,胺-酰的结构和性质,,KEEP,「胺的酰化反应是胺与酰卤或酸酐反应，胺的氮原子上氢原子被酰基取代生成酰胺的反应」——现绑别名逐字含『胺的酰化反应』『胺的弱碱性、成盐与酰化反应』。,slice-91
CHEMISTRY,能垒与决速步骤,ext-che-1174d75281-011,能垒与决速步骤,,KEEP,「竞争反应体系中，动力学产物与热力学产物可能为不同物质，也可能为同一物质」——现绑边界『依据能垒大小比较催化效果与竞争反应的产物占比』。,slice-91
CHEMISTRY,能垒与决速步骤,ext-che-5c62da9e03-603,能垒与决速步骤,,KEEP,「第一步即氮的吸附分解所需活化能最高，是控制总反应速率的关键步骤」——决速步判断；现绑别名逐字含『合成氨催化历程的研究结论』（备选『提高合成氨反应速率和平衡转化率的条件比较』，见备注）。,slice-91
CHEMISTRY,能垒与决速步骤,ext-che-70f6560213-002,能垒与决速步骤,,KEEP,「活化能最大即反应速率最慢的那一步是决速步」「图像中有几个峰，反应历程就分几步进行，就有几个基元反应」——现绑别名逐字含本标题（备选『催化剂与反应历程』，见备注）。,slice-91
CHEMISTRY,能源与科学-技术-社会密不可分-下列装置或过程能实现电能转化为化学能的是,chem-hj2-dianjie-dianjiechi-gainian-goucheng,能源与科学-技术-社会密不可分-下列装置或过程能实现电能转化为化学能的是,电解和电解池,REBIND,「电解池构成条件：①有与外接电源相连的两个电极；②电解质溶液或熔融电解质；③形成闭合回路」「能量转化：电能→化学能」——电解与电解池的概念、组成；现绑边界明写『不含电化学装置的原理与计算』。,slice-91
CHEMISTRY,能级,ext-che-685a4a9f63-039,能级,,KEEP,「同能层不同能级能量s＜p＜d＜f…同能层同能级不同轨道能量相同，如2px=2py=2pz」——能级能量比较，别名逐字含本条标题。,slice-91
CHEMISTRY,能级,ext-che-c00fa0f1f7-008b,能级,,KEEP,「同一能层同一能级的不同原子轨道能量相同…例如4s轨道的能量低于3d轨道」——轨道能量高低比较，别名逐字含本条标题。,slice-91
CHEMISTRY,脂肪烃的结构和性质,ext-che-5c62da9e03-1342,脂肪烃的结构和性质,,KEEP,「共轭二烯烃与含碳碳双键的化合物在一定条件下反应得到环加成产物，这类反应叫作第尔斯-阿尔德反应」——共轭二烯烃环加成，属现绑『二烯烃的加成』范围（源为选修3·第二章 烃）。,slice-91
CHEMISTRY,脂肪烃的结构和性质,ext-che-af5d7e549d-035,脂肪烃的结构和性质,,KEEP,「聚乙炔可用于制备导电高分子材料，掺杂I2的聚乙炔具有与金属材料一样的导电性」——现绑别名逐字含『聚乙炔与导电高分子材料』。,slice-91
CHEMISTRY,自由能与化学反应的方向,ext-che-5c62da9e03-580,自由能与化学反应的方向,,KEEP,「一般低温时以 ΔH 的影响为主，高温时以 ΔS 的影响为主」「温度影响的大小要视 ΔH、ΔS 的数值而定」——焓熵影响主次与温度，在现绑自由能判据边界内。,slice-91
CHEMISTRY,自由能与化学反应的方向,ext-che-5c62da9e03-581,自由能与化学反应的方向,,KEEP,「复合判据只适用于判断恒温、恒压条件下的反应能否自发进行」「反应的自发性只能用于判断反应的方向」——复合判据使用注意，现绑别名逐字收录本条标题。,slice-91
CHEMISTRY,自由能与化学反应的方向,ext-che-d3d975c443-006,自由能与化学反应的方向,,KEEP,「如果一个过程是自发的，则其逆过程就是非自发的」「非自发过程要想发生必须对它做功」——自发过程与逆过程非自发的判断，现绑别名逐字收录。,slice-91
CHEMISTRY,自由能与化学反应的方向,ext-che-e6c85eb766-007,自由能与化学反应的方向,,KEEP,「$ΔG = ΔH − TΔS$」「根据 ΔH−TΔS<0 判断的只是反应能否自发进行的可能性」——焓变熵变复合判据 ΔG 与使用注意，现绑别名逐字收录。,slice-91
CHEMISTRY,芳香烃,wusan-che-v-b499b64e,芳香烃,苯及其同系物的性质,REBIND,「在 FeBr3 催化下发生苯环上的卤代，如甲苯与 Br2(l) 生成溴代甲苯和 HBr」——苯及同系物的具体反应（卤代/硝化/磺化/加成/氧化）；现绑『芳香烃』边界明言“苯及苯同系物的具体结构与化学性质归各自知识点”。,slice-91
CHEMISTRY,苯,ext-che-5c62da9e03-1345,苯,,KEEP,「苯是一种无色、有特殊气味的液体，密度比水小，不溶于水，易溶于有机溶剂，沸点（80.1 ℃）较低，易挥发」「苯能萃取溴水中的溴，现象为分层，上层为橙红色」——苯的物理性质与萃取现象，属现绑『苯』。,slice-91
CHEMISTRY,苯,ext-che-5c62da9e03-1346,苯,,KEEP,「苯的空间结构是平面正六边形，六个碳原子均采取 sp2 杂化」「表示方法：分子式 C6H6，结构式可用凯库勒式表示」——苯的结构与表示方法，属现绑『苯』。,slice-91
CHEMISTRY,苯,ext-che-5c62da9e03-1347,苯,,KEEP,「苯有毒且具有挥发性，使用时应做好防护措施，并保持良好的通风条件」——苯的性质与取用防护提示，随现绑『苯』；邻近节点（芳香烃用途及对环境的影响、化学实验安全与事故处理）均不涉苯的取用防护，保留。,slice-91
CHEMISTRY,苯,ext-che-5c62da9e03-152,苯,,KEEP,「分子结构：分子式C₆H₆，最简式CH」「物理性质：苯通常是无色、带有特殊气味的液体，不溶于水，密度比水小」——苯的结构与物理性质概貌，别名原题在现绑。,slice-91
CHEMISTRY,苯,ext-che-af5d7e549d-041,苯,,KEEP,「物理性质：苯是一种无色、有特殊气味的液体，密度比水小，不溶于水，易挥发」「苯分子为平面结构、所有原子共面」——苯的物理性质与分子结构，与现绑同题，别名原题在现绑。,slice-91
CHEMISTRY,苯,ext-che-f397b6e873-045,苯,,KEEP,「苯分子中6个碳原子均采取sp2杂化」「每个碳碳键的键长相等，介于碳碳单键和碳碳双键之间」「相互平行重叠形成大π键」——苯的成键特点，属现绑『苯』的结构要点。,slice-91
CHEMISTRY,苯,ext-che-f397b6e873-046,苯,,KEEP,「结构上六个碳碳键的键长和键能完全相同，邻二取代苯无同分异构体」「性质上苯不能使溴水褪色，也不能使酸性高锰酸钾溶液褪色」——现绑边界明载“苯分子中不存在碳碳双键的证据”，别名原题在现绑。,slice-91
CHEMISTRY,苯及其同系物的性质,ext-che-5c62da9e03-1513,苯及其同系物的性质,,KEEP,「与苯环相连的碳原子上至少连有一个氢原子，才能被酸性高锰酸钾溶液氧化」「侧链与苯环相连的碳上无氢原子（如叔丁基苯）时不能氧化」——现绑边界第(2)条即苯的同系物被酸性KMnO4氧化的规律。,slice-91
CHEMISTRY,苯及其同系物的性质,ext-che-7bbf0904a5-004,苯及其同系物的性质,苯环上取代基的定位规律,REBIND,「这类基团大多是给电子基团，使苯环活化（卤素原子例外，卤素使苯环钝化但仍为邻对位定位）。」——苯环取代的定位效应，正合靶节点边界『—Cl、—Br 有弱致钝作用但仍属邻对位定位基』；现绑『苯及其同系物的性质』讲苯环与侧链的相互影响。,slice-91
CHEMISTRY,苯及其同系物的性质,ext-che-b7a06d31b8-019,苯及其同系物的性质,,KEEP,「苯环影响侧链：使侧链烃基性质活泼而被氧化」——苯环与侧链的相互影响，属现绑『苯及其同系物的性质』。,slice-91
CHEMISTRY,苯及其同系物的性质,ext-che-dd5441f574-003,苯及其同系物的性质,,KEEP,「（1）烷基对苯环有影响，所以苯的同系物比苯更容易发生取代反应。」——现绑『苯及其同系物的性质』边界逐字同句。,slice-91
CHEMISTRY,苯的同系物的结构与性质,ext-che-6bfd38e48d-156,苯的同系物的结构与性质,,KEEP,「在 FeBr3 催化下，甲苯与液溴发生取代反应，苯环上的氢原子被溴原子取代」——苯环与侧链卤代位置的条件辨析，正落现绑边界明列范围，保留。,slice-91
CHEMISTRY,苯的同系物的结构与性质,ext-che-cd2e065d4b-018,苯的同系物的结构与性质,,KEEP,「苯环影响侧链，使侧链烃基性质活泼而被氧化」「侧链影响苯环，使苯环上侧链邻位、对位上的氢变得活泼」——苯环与侧链相互影响，现绑别名逐字含，保留。,slice-91
CHEMISTRY,药品取用,chem-fx-shi-yong-yi-qi-f74x03,药品取用,,KEEP,「使用仪器：药匙或纸槽；镊子；用托盘天平称量；胶头滴管；用试剂瓶倾倒；用量筒、滴定管或移液管量取」——取用药品所用仪器，现绑别名逐字含『使用仪器』。,slice-91
CHEMISTRY,药品取用,chem-hj2-wen-youdu-qiti-fangfa,药品取用,实验室闻cl2及其他气体的方法是怎样的,REBIND,「用手在瓶口轻轻扇动，使极少量气体飘进鼻孔（扇闻法）」「严禁把鼻孔凑到容器口直接闻气体」——靶节点边界逐字即此闻气规范；现绑『药品取用』边界限定取用与保存规范。,slice-91
CHEMISTRY,药品取用,ext-che-1422ee20c2-001b,药品取用,,KEEP,「固体用广口瓶；液体用细口瓶」「不能用玻璃塞，会与 $\mathrm{SiO_2}$ 反应黏结」——即试剂保存与八防，现绑边界含不同试剂的保存与安全注意事项。,slice-91
CHEMISTRY,萃取,chem-fx-san-zhong-wu-zhi-zai-qi-ta-you-ji-rong-f21x05,萃取,,KEEP,「三种物质在其他有机溶剂(如汽油、苯等)中的颜色与在CCl4中的颜色差别不大」「由于浓度不同，各物质在同一溶剂中的颜色也有差异」——萃取分层的颜色现象判读，现绑别名逐字收录本条标题。,slice-91
CHEMISTRY,萃取,ext-che-875e8bb0e0-001,萃取,,KEEP,「索氏提取器是基于溶剂回流和虹吸原理设计的固液萃取装置」「当液面超过虹吸管顶端时，溶有目标物的溶剂虹吸回提取瓶」——索氏提取器原理与循环，现绑别名逐字收录。,slice-91
CHEMISTRY,蒸馏,chem-fx-mao-xi-guan-lian-tong-da-qi-f74x09,蒸馏,,KEEP,「在减压蒸馏中，毛细管吸入少量空气形成小气泡，防止液体暴沸」「减压蒸馏…以降低馏出物的沸点」——现绑别名逐字含『毛细管连通大气』『减压蒸馏』。,slice-91
CHEMISTRY,蒸馏,ext-che-5431caa6ed-001b,蒸馏,,KEEP,「蒸馏（液液分离）：分离沸点相差较大且互溶的液体混合物」「温度计的水银球在蒸馏烧瓶的支管口处」——蒸馏操作要点，现绑别名逐字含『液液分离与固固分离』。,slice-91
CHEMISTRY,蛋白质,ext-che-5c62da9e03-1617,蛋白质,,KEEP,「因误服铅、汞等重金属盐中毒的患者可多喝牛奶、蛋清或液态明胶」「会使蛋白质变性」——蛋白质变性的应用，正合现绑『蛋白质』。,slice-91
CHEMISTRY,解沉淀溶解平衡图像题的三步骤,chem-fx-yi-lv-hua-yin-wei-li-f54x14,解沉淀溶解平衡图像题的三步骤,,KEEP,「曲线上任意一点都达到了沉淀溶解平衡状态，此时Qc=Ksp」「曲线上方区域的点均为过饱和溶液，此时Qc>Ksp」——图像曲线与上下方区域的判读，即现绑三步骤第2步。,slice-91
CHEMISTRY,解沉淀溶解平衡图像题的三步骤,chem-fx-yi-zhi-f55x03,解沉淀溶解平衡图像题的三步骤,,KEEP,「已知：pM=-lg c(M)…曲线上方的点为不饱和溶液」——对数型曲线上下方含义判读，现绑别名含『对数坐标改变后图像含义的变化』。,slice-91
CHEMISTRY,解沉淀溶解平衡图像题的三步骤,chem-fx-yi-zhi-f55x04,解沉淀溶解平衡图像题的三步骤,,KEEP,「pM=-lg c(M)(M：Mg2+、Ca2+、Mn2+)…曲线下方的点表示有沉淀生成」——pM-pC 对数图像点含义判读，现绑别名含『对数型沉淀溶解曲线（pC 图像）的分析』。,slice-91
CHEMISTRY,解沉淀溶解平衡图像题的三步骤,chem-fx-yi-zhi-f55x05,解沉淀溶解平衡图像题的三步骤,,KEEP,「曲线上任意一点，坐标数值越大，其对应的离子浓度越小」——对数坐标的读数含义，现绑别名含『对数坐标改变后图像含义的变化』。,slice-91
CHEMISTRY,解沉淀溶解平衡图像题的三步骤,ext-che-1e302b0615-015b,解沉淀溶解平衡图像题的三步骤,,KEEP,「曲线上任一点都代表沉淀溶解平衡状态，即 Qc=Ksp」「两种图像的『上方』『下方』含义恰好相反」——现绑别名逐字含本条标题。,slice-91
CHEMISTRY,解答有机合成及推断题的常用方法,ext-che-4dd2e79693-121c,解答有机合成及推断题的常用方法,,KEEP,「首尾（碳、氧）相连成环，确定形成的环」「类比此法可以确定其他成环反应产物（如环状酸酐、环状酰胺）的结构简式」——有机合成推断中书写环产物结构的方法；别名逐字含本材料标题，保留。,slice-91
CHEMISTRY,试纸的类型与使用方法,ext-che-e4981d27ca-029,试纸的类型与使用方法,,KEEP,「测定时pH试纸不能润湿，也不能测定浓硫酸和具有漂白性的溶液的pH」「pH计精确度高，能精确到小数点后2位」——试纸使用规范为主，别名逐字含本条标题。,slice-91
CHEMISTRY,误差分析的方法,ext-che-8cc878ccbe-054,误差分析的方法,配制一定物质的量浓度溶液的仪器与容量瓶使用,REBIND,「常见失分原因有未指明容量瓶规格、忽视托盘天平精确度、忽略没有对应规格容量瓶时须按相近规格配制并按溶质换算。」——与靶边界「配制450 mL必须选500 mL容量瓶并按其体积计算所需溶质」同条；现绑误差分析无涉。,slice-91
CHEMISTRY,误差分析的方法,ext-che-8cc878ccbe-055,误差分析的方法,配制一定物质的量浓度溶液的仪器与容量瓶使用,REBIND,「做需要补充仪器的实验题时按实验先后顺序思考每一步所需仪器」「容量瓶的规格常见有100 mL、250 mL、500 mL、1000 mL。要注意所用定量仪器量筒、托盘天平的精确度。」——靶边界即容量瓶规格与定量仪器精度；现绑只讲c=n/V误差方向。,slice-91
CHEMISTRY,过氧化钠,chem-fx-pin-hong-rong-ye-f12x12,过氧化钠,,KEEP,「品红溶液：Na2O2的强氧化性使之褪色」——即Na2O2强氧化性的表现，属现绑边界。,slice-91
CHEMISTRY,过氧化钠,chem-fx-rong-ye-zhong-huo-de-ji-suan-ji-ying-y-f48x01,过氧化钠,水的离子积常数,REBIND,「酸、碱抑制水的电离，酸溶液中求c(OH-)，碱溶液中求c(H+)」「水解的盐促进水的电离」——水电离出的离子浓度计算；前轮同型材料判「正对水的离子积常数」。,slice-91
CHEMISTRY,过氧化钠,chem-fx-shi-yi-zhong-jiang-huang-su-lei-si-wu-f63x09,过氧化钠,常见有机合成路线,REBIND,「以香兰素()和环己烯()为原料，设计合成W的路线(无机及两个碳以下的有机试剂任选)」——有机合成路线设计题；前轮「设计合成路线流程图」类判归『常见有机合成路线』。,slice-91
CHEMISTRY,过氧化钠,chem-fx-yi-zhi-er-lv-xi-dan-shi-yi-zhong-bo-qi-f60x14,过氧化钠,有机合成路线的推断方法,REBIND,「已知二氯烯丹是一种播前除草剂，其合成路线如下」「D在反应⑤中所生成的E，其结构只有一种」——合成路线中未知物推断题，现绑『过氧化钠』无涉。,slice-91
CHEMISTRY,过氧化钠,chem-fx-zhu-yao-yong-tu-f12x09,过氧化钠,,KEEP,「主要用途：用于制取少量Na2O2、烧碱；强氧化剂、漂白剂、供氧剂、消毒剂」——源文系Na2O用途与Na2O2用途同块合并，双主题各半，保守保留。,slice-91
CHEMISTRY,过氧化钠,chem-hj-danqi-xingzhi-guding,过氧化钠,氮气,REBIND,「N2 很稳定的原因是氮氮三键键能大」「N2+O2=2NO（放电或高温）」——氮气性质与稳定性（末句为氮的固定定义），现绑『过氧化钠』无涉。,slice-91
CHEMISTRY,过氧化钠,chem-hj-h2s-xingzhi-jianyan,过氧化钠,硫化氢的性质,REBIND,「水溶液叫氢硫酸，显弱酸性」「检验 H2S 用湿润醋酸铅试纸变黑」——硫化氢与氢硫酸的性质及检验，现绑『过氧化钠』无涉。,slice-91
CHEMISTRY,过氧化钠,chem-hj-ksp-xingzhi-bijiao-guize,过氧化钠,溶度积,REBIND,「同类型物质（如 AgCl、AgBr、AgI）：Ksp 越大，溶解能力越强，可直接比较」「不同类型物质：不能直接比较 Ksp」——Ksp性质与比较；前轮「由Ksp比较溶解能力」判归『溶度积』。,slice-91
CHEMISTRY,过氧化钠,chem-hj-mei-xingzhi-yongtu,过氧化钠,镁的化学性质,REBIND,「2Mg+CO2=（点燃）2MgO+C（置换出碳）」「Mg+2H2O=（沸水）Mg(OH)2+H2↑」——镁单质性质；前轮同型材料判归『镁的化学性质』。,slice-91
CHEMISTRY,过氧化钠,chem-hj-nongsuan-san-texing,过氧化钠,浓硫酸,REBIND,「吸水性：吸收现成的水…脱水性：把有机物中的 H、O 按 2:1 脱去」「强氧化性：加热下与 Cu 反应」——浓硫酸三大特性，现绑『过氧化钠』无涉。,slice-91
CHEMISTRY,过氧化钠,chem-hj-piaobaiye-piaobaifen,过氧化钠,漂白粉,REBIND,「漂白粉：2Cl2+2Ca(OH)2=CaCl2+Ca(ClO)2+2H2O，有效成分 Ca(ClO)2」「与 CO2、水或稀盐酸作用生成 HClO 而漂白」——漂白液与漂白粉制备与原理。,slice-91
CHEMISTRY,过氧化钠,chem-hj-so2-baibai-zaoyin,过氧化钠,二氧化硫,REBIND,「使品红溶液褪色：表现漂白性（生成不稳定无色物质，加热复原）」「使溴水、酸性KMnO4溶液褪色：表现还原性」——SO2漂白与还原褪色的区分，现绑『过氧化钠』无涉。,slice-91
CHEMISTRY,过氧化钠,chem-hj2-gui-yanghua-yongtu-xianwei,过氧化钠,二氧化硅,REBIND,「酸性氧化物：SiO2+2NaOH=Na2SiO3+H2O，但不与水反应」「特性：SiO2+4HF=SiF4↑+2H2O」——SiO2性质与用途，现绑『过氧化钠』无涉。,slice-91
CHEMISTRY,过氧化钠,chem-hj2-na-yu-yangqi-tiaojian-chanwu,过氧化钠,钠,REBIND,「常温：4Na+O2=2Na2O（白色）。加热（点燃）：2Na+O2=点燃=Na2O2（淡黄色）」——钠与氧气反应产物随条件变化；前轮判『钠』边界含「钠与氧气反应的现象与产物」。,slice-91
CHEMISTRY,过氧化钠,chem-hj2-na2o2-yushui-gongyang-gongyang,过氧化钠,,KEEP,「2Na2O2+2H2O=4NaOH+O2↑；与CO2：2Na2O2+2CO2=2Na2CO3+O2↑」「用于呼吸面具、潜水艇供氧」——Na2O2与水、CO2反应及供氧用途，正对现绑边界。,slice-91
CHEMISTRY,过氧化钠,chem-hj2-piaobai-xingzhi-wuzhi-bijiao,过氧化钠,三类漂白剂的区别,REBIND,「SO2：与某些有色物质化合生成不稳定的无色物质」「HClO、Na2O2、O3、H2O2：氧化漂白」「活性炭：物理吸附脱色」——三类漂白剂原理比较。,slice-91
CHEMISTRY,过氧化钠,chem-hj2-tong-danzhi-fanying-huizong,过氧化钠,单质铜的化学性质,REBIND,「潮湿空气：2Cu+O2+CO2+H2O=Cu2(OH)2CO3（绿色铜绿）」「Cu+2FeCl3=CuCl2+2FeCl2」——通篇铜单质反应，现绑『过氧化钠』无涉。,slice-91
CHEMISTRY,过氧化钠,chem-kb-concentrated-h2so4-features,过氧化钠,浓硫酸,REBIND,「脱水性：将有机物中H、O按2∶1脱去，如蔗糖炭化」「难挥发性：用于制HCl、HNO3等挥发性酸」——浓硫酸特性与用途；前轮同题材料判归『浓硫酸』。,slice-91
CHEMISTRY,过氧化钠,chem-kb-fe2-plus-properties,过氧化钠,亚铁盐,REBIND,「含Fe2＋的溶液呈浅绿色；遇Br2、Cl2、H2O2、KMnO4等表现还原性」「遇Zn等活泼金属表现氧化性」——通篇Fe2+性质，现绑『过氧化钠』无涉；靶区『亚铁盐』已收同题材料。,slice-91
CHEMISTRY,过氧化钠,ext-che-9cf4374c80-006,过氧化钠,,KEEP,「H₂完全燃烧产物通过足量Na₂O₂，恰好使Na₂O₂固体质量增加a g」——增重规律由Na₂O₂与CO₂、H₂O的反应导出，属现绑边界「与水和二氧化碳的反应」。,slice-91
CHEMISTRY,过氧化钠,ext-che-9cf4374c80-007,过氧化钠,,KEEP,「凡分子组成符合通式(CO)m(H₂)n的物质…均满足燃烧产物通过足量Na₂O₂后固体增重a g」——Na₂O₂增重规律的适用范围，同属现绑边界。,slice-91
CHEMISTRY,过渡晶体与混合型晶体,ext-che-1d3390924f-076,过渡晶体与混合型晶体,,KEEP,「同层内碳原子采取sp²杂化，以共价键(σ键)结合形成平面六元环结构」「石墨中兼有共价键、金属键和范德华力，属混合晶体」——石墨（混合型晶体）层状结构，现绑边界明列石墨为例。,slice-91
CHEMISTRY,还原剂,ext-che-5c62da9e03-1880,还原剂,,KEEP,「氧化产物：还原剂失去电子（或共用电子对偏离）被氧化生成的产物」——即还原剂对应的氧化产物，现绑别名含『常见还原剂对应的氧化产物』。,slice-91
CHEMISTRY,配位化合物,chem-fx-zhong-zuo-f80x10,配位化合物,,KEEP,「(NH4)3[Fe(C2O4)3]中C2O作为配体时两个单键氧能同时作为配位原子与金属离子形成环状结构」——多齿配体/螯合，现绑别名『螯合物与多齿配体』在册。,slice-91
CHEMISTRY,配位键和配合物,chem-fx-se-an-tong-lai-yuan-yu-tian-ran-zhi-wu-f36x10,配位键和配合物,,KEEP,「Co2+可与色胺酮分子配位结合，形成对DNA具有切割作用的色胺酮钴配合物」——配位键与配合物的实例，别名逐字同题。,slice-91
CHEMISTRY,配位键和配合物,chem-fx-xing-cheng-tiao-jian-f33x08,配位键和配合物,,KEEP,「中心离子或原子：有空轨道…」「配体：其中的配位原子…有孤电子对」——配合物的形成条件，别名逐字同题。,slice-91
CHEMISTRY,配制一定物质的量浓度溶液的仪器与容量瓶使用,chem-fx-bo-li-bang-f05x06,配制一定物质的量浓度溶液的仪器与容量瓶使用,,KEEP,「玻璃棒：(1)在溶液配制中的作用是搅拌、引流」——溶液配制所用仪器，落现绑『配制一定物质的量浓度溶液的仪器与容量瓶使用』。,slice-91
CHEMISTRY,配合物,chem-fx-di-jia-an-shui-hou-f33x09,配合物,,KEEP,「Cu²⁺+2NH3·H2O=Cu(OH)2↓+2NH4⁺，氨水过量后沉淀逐渐溶解，得到深蓝色的透明溶液」——配合物的生成（CuSO4加氨水）；现绑别名逐字含『滴加氨水后』。,slice-91
CHEMISTRY,配合物,chem-fx-pei-li-zi-f78x06,配合物,,KEEP,「配离子：由中心原子(或离子)和配位体组成的离子叫做配离子，如[Cu(NH3)4]2+、[Ag(NH3)2]+」——现绑别名逐字含『配离子』。,slice-91
CHEMISTRY,配合物,chem-fx-pei-wei-shu-f78x05,配合物,,KEEP,「配位数：直接同中心原子(或离子)配位的含有孤电子对的分子(或离子)的数目」「[Cu(NH3)4]2+的配位数为4，[Ag(NH3)2]+的配位数为2」——现绑别名逐字含『配位数』。,slice-91
CHEMISTRY,配合物,chem-fx-yan-se-de-gai-bian-f78x08,配合物,,KEEP,「颜色的改变：当简单离子形成配合物时颜色会发生改变，如Fe(SCN)3的形成，利用此性质可检验铁离子的存在」——现绑别名逐字含『颜色的改变』。,slice-91
CHEMISTRY,配合物,ext-che-043d5a4425-032,配合物,,KEEP,「配位数由 1 到 14 均可能，其中最常见的配位数为 4 和 6」「配位数一般可按中心离子电荷数的 2 倍来估算」——现绑别名逐字含『配位数的影响因素与常见取值』。,slice-91
CHEMISTRY,配合物,ext-che-1d3390924f-107,配合物,,KEEP,「配位数：作为配位体直接与中心原子结合的离子或分子的数目，即形成的配位键数目」「配离子的电荷数等于中心离子与配位体电荷数的代数和」——现绑别名逐字含『配位数与配离子电荷数』。,slice-91
CHEMISTRY,配合物,ext-che-3713da16bf-005,配合物,,KEEP,「配位数是指中心原子（或中心离子）周围配位原子的数目」「一般电负性小的原子为配位原子，如配位体CO中的C为配位原子」——现绑别名逐字含『配位数的计算与配位原子的判断』。,slice-91
CHEMISTRY,配合物,ext-che-3713da16bf-006,配合物,,KEEP,「滴加氨水后试管中首先出现蓝色沉淀，氨水过量后沉淀逐渐溶解得到深蓝色溶液」「中心离子是Cu2+、配体是NH3、配位原子是N、配位数为4」——现绑别名逐字含『硫酸四氨合铜的制备实验』。,slice-91
CHEMISTRY,配合物,ext-che-e4981d27ca-113,配合物,,KEEP,「相邻曲线的交点处两种含Cd物种浓度相等，可据此计算各级配位反应的平衡常数」——现绑别名逐字含『配位平衡图像与各级配位平衡常数』。,slice-91
CHEMISTRY,酚,wusan-chem-x3-phenol-properties,酚,,KEEP,「苯酚能与 Na 反应…能与 NaOH 反应…与浓溴水发生取代…遇 FeCl3 溶液显紫色，可用于检验酚羟基」——苯酚的结构、性质与检验，现绑别名逐字含『酚的结构与苯酚的化学性质』『苯酚的性质与检验』。,slice-91
CHEMISTRY,酚的结构和性质,chem-fx-fen-qiang-ji-f64x04,酚的结构和性质,,KEEP,「酚羟基：(1)弱酸性：能与NaOH溶液反应；(2)显色反应：遇FeCl3溶液显紫色；(3)取代反应：与浓溴水反应生成白色沉淀」——即酚类化学性质。,slice-91
CHEMISTRY,酚的结构和性质,wusan-chem-x3-phenol-reactivity-reason,酚的结构和性质,,KEEP,「由于苯环对羟基的影响，酚羟基比醇羟基活泼」「由于羟基对苯环的影响，苯酚中苯环上的氢原子比苯中的氢原子活泼」——现绑边界(2)苯环与羟基的相互影响。,slice-91
CHEMISTRY,酮,ext-che-71a6a23222-024,酮,,KEEP,「羰基与两个烃基相连的化合物叫酮，饱和一元酮通式CnH2nO」「能与H2催化加成生成醇」——别名逐字含『酮的结构与性质』。,slice-91
CHEMISTRY,酮,ext-che-9a101eff14-001c,酮,,KEEP,「羰基两端都连烃基时为酮」「酮不能被银氨溶液或新制Cu(OH)2氧化，故可用银氨溶液或Cu(OH)2鉴别醛与酮」——别名逐字含『酮的结构与通式』。,slice-91
CHEMISTRY,酮,ext-che-a90739ea6d-022,酮,,KEEP,「酮不能发生银镜反应，不能被新制氢氧化铜氧化，能发生加成反应」「丙酮…沸点56.2摄氏度，易挥发」——别名逐字含『酮的结构与性质』。,slice-91
CHEMISTRY,酮,ext-che-b05ffc606b-023,酮,,KEEP,「饱和一元酮的组成通式为CnH2nO(n≥3)」「不能发生银镜反应，不能被新制Cu(OH)2氧化」——别名逐字含本条标题。,slice-91
CHEMISTRY,酮,ext-che-eef850dad6-023,酮,,KEEP,「酮是羰基与两个烃基相连的化合物，官能团为酮羰基」「丙酮是最简单的酮，是无色透明液体」——别名逐字含『酮的结构与化学性质』。,slice-91
CHEMISTRY,酯,ext-che-0226d6d2d4-022,酯,,KEEP,「饱和一元羧酸与饱和一元醇所生成酯的通式为CnH2nO2(n≥2)」「酯水解生成羧酸和醇」——同源同题材料，属现绑「酯」节点范围。,slice-91
CHEMISTRY,酯,ext-che-5c62da9e03-1484,酯,,KEEP,「酯是羧酸分子羧基中的 —OH 被 —OR′ 取代后的产物」「饱和一元酯的通式为 CkH2kO2（k≥2）」——酯的组成结构与通式，现绑别名含「酯的含义、结构与物理性质」。,slice-91
CHEMISTRY,酯,ext-che-5c62da9e03-1550,酯,,KEEP,「反应特点：酯的水解也称酯交换反应」「RCOOR1 + R2OH --H+（可逆）--> RCOOR2 + R1OH」——酯交换属酯基的水解转化性质，节点清单无专门节点，保守保留（notes）。,slice-91
CHEMISTRY,酯,ext-che-5c62da9e03-161b,酯,,KEEP,「羧酸分子羧基中的—OH被—OR′取代，取代后的产物称为酯」「官能团是酯基」——酯的含义与结构、物理性质，现绑别名逐字含本条标题。,slice-91
CHEMISTRY,酯,ext-che-5c62da9e03-162b,酯,,KEEP,「酸性条件下水解：……属于可逆反应」「碱性条件下水解：……反应能进行完全」——正合现绑边界「酯的概念范围及其水解反应」；此前批次同材料已裁 KEEP。,slice-91
CHEMISTRY,酯,ext-che-71a6a23222-031,酯,,KEEP,「羧酸分子中羧基的—OH被—OR′取代的产物，简写为RCOOR′」「碱性条件下水解生成盐和醇，碱性条件下水解程度更大」——现绑别名逐字含「酯的结构与水解」。,slice-91
CHEMISTRY,酯,ext-che-9a101eff14-004b,酯,,KEEP,「碱性条件下水解彻底：CH3COOC2H5＋NaOH→CH3COONa＋C2H5OH」「1 mol酚酯基最多消耗2 mol NaOH」——酯的水解条件与耗碱定量，现绑别名逐字含本条标题。,slice-91
CHEMISTRY,酯,ext-che-a771e3357c-018,酯,,KEEP,「羧酸酯的官能团为酯基，可表示为RCOOR′」「无机酸只起催化作用；碱除起催化作用外，还能中和水解生成的酸」——现绑别名含「酯的结构与水解反应」。,slice-91
CHEMISTRY,酯,ext-che-a90739ea6d-028,酯,,KEEP,「酯是羧酸分子羧基中的羟基被烷氧基取代后的产物，可简写为RCOOR'」「碱除催化外还能中和生成的酸使水解程度增大」——现绑别名逐字含本条标题。,slice-91
CHEMISTRY,酯,ext-che-af5d7e549d-090,酯,,KEEP,「酯在酸性条件下不能完全水解，在碱性条件下可以完全水解」「1 mol 酚酯在氢氧化钠溶液中水解时需消耗2 mol NaOH」——别名逐字含「酯的水解条件与酚酯的耗碱量」。,slice-91
CHEMISTRY,酯,ext-che-eef850dad6-030,酯,,KEEP,「化学性质：水解反应属取代反应，酸性条件下为可逆反应」「碱性条件下碱中和生成的酸使平衡右移、水解程度增大」——现绑别名逐字含「酯的结构、物理性质与水解反应」。,slice-91
CHEMISTRY,酯,ext-che-fb8cf14cff-015,酯,,KEEP,「①酸性条件下水解：CH3COOC2H5＋H2O⇌CH3COOH＋C2H5OH（可逆）」「1 mol酚酯基水解最多可消耗2 mol NaOH」——现绑边界即「酯的水解，包括水解时消耗碱的定量关系」。,slice-91
CHEMISTRY,酯和油脂的结构和性质,chem-fx-zhi-ji-shui-jie-fan-ying-suan-xing-tia-f64x07,酯和油脂的结构和性质,,KEEP,「酯基：水解反应：①酸性条件下水解生成羧酸和醇；②碱性条件下水解生成羧酸盐和醇」——正对现绑边界『重点是酸性与碱性条件下的水解反应』，别名逐字含该题名。,slice-91
CHEMISTRY,酯和油脂的结构和性质,ext-che-5c62da9e03-2744,酯和油脂的结构和性质,,KEEP,「饱和脂肪酸：如硬脂酸（C17H35COOH）、软脂酸（C15H31COOH）」「含较多此类脂肪酸的甘油酯熔点较高」——油脂的组成；现绑边界『油脂的结构性质亦在本条范围内』。,slice-91
CHEMISTRY,酯和油脂的结构和性质,ext-che-a4f995ac24-004c,酯和油脂的结构和性质,,KEEP,「1．酸性水解（可逆）」「2．碱性水解（皂化反应，趋于完全）」「3．定量关系：1 mol 酚酯在 NaOH 溶液中水解会消耗 2 mol NaOH」——酯水解与酚酯耗碱定量，正对现绑边界。,slice-91
CHEMISTRY,酯和油脂的结构和性质,ext-che-e7abf9f51c-002,酯和油脂的结构和性质,,KEEP,「醇解（酯交换）：在酸或碱催化下，醇作为亲核试剂进攻酯的羰基碳……生成新酯和原醇」「氨解：……生成酰胺和对应的醇」——酯的化学性质（醇解/氨解），别名逐字含『酯的醇解与氨解反应原理』。,slice-91
CHEMISTRY,酯和油脂的结构和性质,wusan-che-v-e7dd68c2,酯和油脂的结构和性质,,KEEP,「②酸性水解：RCOOR′+H2O —稀硫酸、Δ→ RCOOH+HO—R′，反应可逆」「1 mol 酚酯（结构为苯环—O—CO—R）在 NaOH 溶液中水解会消耗 2 mol NaOH」——酯结构、酸碱水解与酚酯耗碱，均在现绑边界内。,slice-91
CHEMISTRY,酸碱中和滴定,chem-fx-dang-di-ru-zui-hou-ban-di-biao-zhun-ro-f51x10,酸碱中和滴定,,KEEP,「当滴入最后半滴×××标准溶液后，溶液变成×××色，且半分钟内不恢复原来的颜色」——滴定终点判断的规范表述，现绑边界含『终点的判断』，别名逐字收录。,slice-91
CHEMISTRY,酸碱中和滴定,ext-che-4dd2e79693-142,酸碱中和滴定,滴定实验相关计算,REBIND,「在相同条件下做一份不加入样品的空白实验，测出体系中总的碱（或酸）的量」「$n(S)=\frac{c(V_3-V_2)\times10^{-3}}{2}$ mol」——滴定法测含量的定量计算；现绑边界自述『区别于滴定的定量计算』，目标节点收『滴定实验相关计算三步法』，kit-19 已有同型改绑判例。,slice-91
CHEMISTRY,醇,ext-che-4ddeefaa27-004b,醇,,KEEP,「①醇是脂肪烃分子中氢原子或芳香烃侧链上氢原子被羟基取代后的化合物…官能团为羟基」「③羟基决定醇的主要化学性质：与Na反应断①键（置换）」——醇的概念与断键；现绑别名逐字含本题名。,slice-91
CHEMISTRY,醇,ext-che-5c62da9e03-1428,醇,醇的结构和性质,REBIND,「沸点规律：相对分子质量相近的醇和烷烃相比，醇的沸点远远高于烷烃」「溶解性：甲醇、乙醇、丙醇均可与水以任意比例互溶…形成了氢键」——醇的沸点与溶解性规律；靶节点已收『醇的沸点与溶解性规律』。,slice-91
CHEMISTRY,醇和酚的结构和性质易混易错点,ext-che-6fc1ebbbcb-005,醇和酚的结构和性质易混易错点,,KEEP,「苯酚分子中苯环受羟基的影响，使羟基碳原子的邻、对位上的氢原子更活泼」——现绑边界『羟基连苯环使其邻对位氢活泼』逐句对应，别名逐字含本条标题。,slice-91
CHEMISTRY,醇和酚的结构和性质易混易错点,ext-che-af5d7e549d-071,醇和酚的结构和性质易混易错点,,KEEP,「与NaOH反应：只有酚羟基和羧基能反应（醇羟基不反应）」「与NaHCO3反应：只有羧基能与碳酸氢钠反应生成羧酸钠、CO2和H2O」——别名逐字含本条标题。,slice-91
CHEMISTRY,醇和酚的结构和性质易混易错点,ext-che-c2b485f93d-026b,醇和酚的结构和性质易混易错点,,KEEP,「与 NaHCO3 反应：醇羟基不反应，酚羟基不反应，羧基生成羧酸钠并放出 CO2 和 H2O」——醇/酚/羧基氢原子活泼性比较，别名逐字含本条标题。,slice-91
CHEMISTRY,醇的化学性质,chem-fx-chun-qiang-ji-f64x03,醇的化学性质,,KEEP,「醇羟基：(1)与活泼金属(Na)反应放出H2；(2)催化氧化：在铜或银催化下被氧化成醛基或酮羰基；(3)与羧酸发生酯化反应生成酯」——现绑别名逐字含『醇羟基』。,slice-91
CHEMISTRY,醇的化学性质,chem-hj2-yichun-qiangyanghuaji-yanghua,醇的化学性质,,KEEP,「乙醇与酸性高锰酸钾溶液或酸性重铬酸钾溶液反应，被直接氧化为乙酸（CH3COOH）」「酸性KMnO4紫色褪去」——现绑别名逐字含『乙醇与强氧化剂的反应』。,slice-91
CHEMISTRY,醇的化学性质,ext-che-5c62da9e03-325d,醇的化学性质,,KEEP,「2R—OH＋2Na→2R—ONa＋H₂↑」「钠置换醇羟基中的氢原子，羟基上的O—H键断裂」——现绑别名逐字含『醇羟基与钠反应的方程式』。,slice-91
CHEMISTRY,醇的化学性质,ext-che-5c62da9e03-326,醇的化学性质,,KEEP,「取代：R—OH＋HX→R—X＋H₂O（加热）」「氧化：R—CH₂OH→R—CHO→R—COOH」——醇羟基的取代、氧化与酯化反应；现绑别名逐字含此标题。,slice-91
CHEMISTRY,醇的化学性质,ext-che-b05ffc606b-014b,醇的化学性质,,KEEP,「醇能否发生催化氧化及氧化产物类型取决于醇分子中是否有α-H及其个数」「醇能否发生消去反应取决于醇分子中是否有β-H」——现绑别名含『醇的消去与催化氧化规律』『醇消去与催化氧化的判断规律』。,slice-91
CHEMISTRY,醇的结构和性质,chem-fx-yi-er-chun-f60x06,醇的结构和性质,,KEEP,「乙二醇：无色、黏稠液体，与水以任意比例互溶」「重要化工原料，制造化妆品、发动机、防冻液等」——醇类物理性质与用途，现绑『醇的结构和性质』已收『醇类物理性质的变化规律』『醇的沸点与溶解性规律』。,slice-91
CHEMISTRY,醇的结构和性质,ext-che-5c62da9e03-1439,醇的结构和性质,醇的化学性质,REBIND,「乙醇能被酸性 KMnO4 溶液或酸性 K2Cr2O7 溶液氧化」「两个阶段：CH3CH2OH --氧化--> CH3CHO --氧化--> CH3COOH」——属醇的氧化反应；靶『醇的化学性质』边界含“氧化反应”并已收《乙醇与强氧化剂的反应》；现绑『醇的结构和性质』边界只讲断键、消去结构条件与催化氧化规律。,slice-91
CHEMISTRY,醇的结构和性质,ext-che-b0cb9158b7-003b,醇的结构和性质,,KEEP,「醇的催化氧化实质是脱去羟基上的氢与 α-C 上的氢」「（1）伯醇（RCH2OH）氧化生成醛」「（3）与羟基相连的碳上没有氢的醇（叔醇）不能被催化氧化」——催化氧化产物规律，与现绑边界“产物类别取决于羟基所连碳上氢原子数目”同题。,slice-91
CHEMISTRY,醛,ext-che-0226d6d2d4-015,醛,,KEEP,「醛是由烃基或氢原子与醛基相连而构成的化合物，官能团为醛基（可表示为R—CHO）」「醛基（—CHO）必连在碳链末端」——组成与结构；正文另含银镜条件与福尔马林用途，多主题汇总无更优单点，保留。,slice-91
CHEMISTRY,醛,ext-che-5c62da9e03-328c,醛,,KEEP,「还原：R—CH₂OH⇌R—CHO（H₂、催化剂、加热），醛基加氢还原为醇羟基。」「氧化：R—CHO→R—COOH（O₂、催化剂、加热），醛基氧化为羧基。」——现绑边界即「比较醛酮在氧化还原反应中的不同表现」。,slice-91
CHEMISTRY,醛,ext-che-71a6a23222-023,醛,,KEEP,「概念与通式：烃基或氢与醛基相连而构成的化合物…甲醛是最简单的醛」「还原反应：醛基可与H2加成生成醇，体现醛的氧化性」——概念加醛基氧化还原；正文另含银镜/砖红，拿不准，保留（点名『醛、酮的化学性质』）。,slice-91
CHEMISTRY,醛,ext-che-b05ffc606b-021,醛,,KEEP,「醛是由烃基(或氢原子)与醛基相连而构成的化合物，官能团为醛基(—CHO)，饱和一元醛的通式为CnH2nO」「乙醛蒸气与氢气通过热的镍催化剂发生催化加氢得到乙醇，属于还原反应」——醛的组成与还原表现。,slice-91
CHEMISTRY,醛,ext-che-eef850dad6-021,醛,,KEEP,「醛是由烃基（或氢原子）与醛基相连构成的化合物，简写为RCHO，甲醛是最简单的醛」「醛基只能写成-CHO这一形式，不能写成-COH」——正合现绑边界（醛的组成与结构特征）。,slice-91
CHEMISTRY,醛,wusan-chem-x3c3-aldehyde,醛,,KEEP,「醛：由烃基或氢原子与醛基相连而构成的化合物，官能团为醛基（—CHO），可表示为 RCHO。」「饱和一元醛的通式为 CₙH₂ₙO（n≥1），甲醛是最简单的醛。」——现绑别名逐字含『醛的组成与醛基』。,slice-91
CHEMISTRY,醛-酮的化学性质,chem-gap-acetaldehyde,醛-酮的化学性质,,KEEP,「银镜反应：与银氨溶液水浴加热，试管内壁出现光亮银镜…用于检验醛基」「氧化性与还原性：催化加氢生成乙醇（被还原）」——round2 裁定改绑至本节点（醛的还原性+银镜+新制Cu(OH)2）。,slice-91
CHEMISTRY,醛-酮的化学性质,chem-hj-yinjing-fanying-caozuo-guifan,醛-酮的化学性质,,KEEP,「新制 Cu(OH)2：向 2 mL NaOH 溶液中滴几滴 CuSO4 溶液（NaOH 必须过量）」「银镜反应用于制镜、保温瓶胆及醛基的检验与定量测定」——round2 裁定改绑至本节点（属边界『实验操作要点』）。,slice-91
CHEMISTRY,醛-酮的化学性质,ext-che-044d85b5d2-002,醛-酮的化学性质,,KEEP,「1 mol甲醛可还原出2 mol Cu2O、4 mol Ag」「应先用银氨溶液或新制Cu(OH)2把醛基氧化并酸化除去干扰，再用溴水检验碳碳双键」——醛基检验与试剂顺序，现绑别名逐字含本条标题。,slice-91
CHEMISTRY,醛-酮的化学性质,ext-che-5c62da9e03-329,醛-酮的化学性质,,KEEP,「银镜反应：在碱性环境中水浴加热，醛被银氨溶液氧化并析出银镜」「两种检验都必须在碱性环境中进行，且都需要加热」——醛基两种检验方法，现绑别名逐字含本条标题。,slice-91
CHEMISTRY,醛-酮的化学性质,ext-che-6fc1ebbbcb-007,醛-酮的化学性质,,KEEP,「该实验用水浴加热（60～70 ℃），不可用酒精灯直接加热」「实验完毕后生成的银镜用稀硝酸洗去」——银镜实验要点，现绑别名逐字含本条标题。,slice-91
CHEMISTRY,醛-酮的化学性质,ext-che-6fc1ebbbcb-007c,醛-酮的化学性质,,KEEP,「银氨溶液必须随用随配、不可久置」「用 60~70 ℃ 的水浴加热」「银镜反应常用来检验醛基的存在」——银镜反应与操作要点，现绑边界含『掌握相应实验的操作要点』。,slice-91
CHEMISTRY,醛-酮的化学性质,ext-che-6fc1ebbbcb-008,醛-酮的化学性质,,KEEP,「该反应必须是碱性环境，以保证悬浊液为 Cu(OH)₂」「银镜用稀硝酸洗去，Cu₂O 用稀盐酸洗去，两种沉淀的洗涤试剂不能互换」——现绑别名逐字含本条标题。,slice-91
CHEMISTRY,醛-酮的化学性质,ext-che-a4a15056db-028,醛-酮的化学性质,有关醛的定量计算,REBIND,「银镜反应中普通醛与2 mol银氨配合物作用生成2 mol银，甲醛则对应4 mol银」「与新制氢氧化铜反应中普通醛生成1 mol氧化亚铜，甲醛生成2 mol氧化亚铜」——通篇讲醛的量的关系，正对靶节点边界『一元醛…量的关系；甲醛…量的关系』，现绑边界只讲性质与操作要点。,slice-91
CHEMISTRY,醛-酮的化学性质,ext-che-a90739ea6d-021,醛-酮的化学性质,,KEEP,「银镜反应须现配银氨溶液，用水浴加热而不可用酒精灯直接加热」「与新制氢氧化铜悬浊液反应时须使氢氧化钠过量」——检验醛基的两实验，现绑别名逐字含本条标题。,slice-91
CHEMISTRY,醛-酮的化学性质,ext-che-af5d7e549d-080,醛-酮的化学性质,,KEEP,「氧化反应：乙醛与银氨溶液发生银镜反应…与新制Cu(OH)2在NaOH条件下反应生成乙酸钠、Cu2O砖红色沉淀」「加成反应：催化加氢生成乙醇；与HCN加成可增长碳链」——现绑别名逐字含本条标题。,slice-91
CHEMISTRY,醛-酮的化学性质,ext-che-af5d7e549d-081,醛-酮的化学性质,,KEEP,「当极性分子与醛基发生加成反应时，显正电的原子或原子团连接在氧原子上，显负电的原子或原子团连接在碳原子上」——羰基加成取向，现绑别名逐字含本条标题。,slice-91
CHEMISTRY,醛-酮的化学性质,ext-che-b05ffc606b-021b,醛-酮的化学性质,,KEEP,「银镜反应：银氨溶液随用随配不可久置，用热水浴(60～70℃)加热」「Cu(OH)2必须新制且NaOH必须过量」——两反应的操作要点，现绑别名含同名条。,slice-91
CHEMISTRY,醛-酮的化学性质,ext-che-b05ffc606b-022,醛-酮的化学性质,,KEEP,「银镜反应有时生成黑色颗粒而无银镜，是由于试管壁不洁净」「乙醛也能被强氧化剂(酸性高锰酸钾溶液、溴水)氧化成乙酸」——醛的氧化反应与实验注意，属现绑边界。,slice-91
CHEMISTRY,醛-酮的化学性质,ext-che-c2b485f93d-028b,醛-酮的化学性质,,KEEP,「氧化反应：银镜反应 CH3CHO+2[Ag(NH3)2]OH 加热生成 CH3COONH4+2Ag↓+3NH3+H2O」「加成反应：催化加氢生成乙醇；与 HCN 加成生成羟基腈」——现绑别名逐字含本条标题。,slice-91
CHEMISTRY,醛-酮的化学性质,ext-che-eef850dad6-021b,醛-酮的化学性质,,KEEP,「醛既有氧化性又有还原性」「与新制Cu(OH)2悬浊液加热生成砖红色Cu2O沉淀…还原反应：催化加氢生成醇」——现绑别名逐字含本条标题。,slice-91
CHEMISTRY,醛-酮的化学性质,ext-che-fe528a7719-012,醛-酮的化学性质,,KEEP,「银镜反应：乙醛与银氨溶液水浴加热生成光亮的银镜」「与斐林试剂：乙醛与新制Cu(OH)2悬浊液加热生成砖红色沉淀」——现绑别名逐字含本条标题。,slice-91
CHEMISTRY,醛-酮的化学性质,ext-che-fe528a7719-013,醛-酮的化学性质,,KEEP,「银氨溶液：向AgNO3溶液逐滴加稀氨水至沉淀恰好溶解，随用随配」「试管须洁净，否则只得黑色颗粒而不能形成银镜」——实验操作要点，现绑别名逐字含本条标题。,slice-91
CHEMISTRY,醛-酮的化学性质,wusan-che-v-cc0dc556,醛-酮的化学性质,,KEEP,「③羟醛缩合反应：CH3CHO 在 OH— 作用下先生成 β—羟基醛…脱水后生成 CH3CH=CHCHO」「④酮的性质（以丙酮为例）：能与氢气、氰化氢、氨及胺等发生加成反应」——现绑别名逐字含本条标题。,slice-91
CHEMISTRY,醛-酮的化学性质,wusan-chem-x3c3-aldehyde-ketone-chemistry,醛-酮的化学性质,,KEEP,「氧化反应：银镜反应 CH₃CHO + 2[Ag(NH₃)₂]OH →Δ CH₃COONH₄ + 2Ag↓ + 3NH₃ + H₂O」「乙醛还可被酸性 KMnO₄ 溶液或溴水氧化生成乙酸」——与现绑别名『醛的氧化与加成反应』同题。,slice-91
CHEMISTRY,醛和酮的结构和性质易混易错点,wusan-chem-x3c3-aldehyde-ketone-pitfall,醛和酮的结构和性质易混易错点,,KEEP,「当有机物分子中同时存在醛基和碳碳双键时，要检验碳碳双键，应先用弱氧化剂（银氨溶液或新制 Cu(OH)₂）把醛基氧化，酸化后再…检验碳碳双键」——现绑边界逐字含此检验顺序。,slice-91
CHEMISTRY,重结晶,chem-fx-chen-re-guo-lv-hou-f71x03,重结晶,,KEEP,「有时先向滤液中加入少量水，加热至沸腾，然后再“冷却结晶”：稀释溶液，防止降温过程中杂质析出，提高产品的纯度」——重结晶操作，现绑别名逐字含『“趁热过滤”后』。,slice-91
CHEMISTRY,重结晶,chem-fx-dai-fan-ying-wan-cheng-hou-f69x16,重结晶,,KEEP,「加热至65℃，至固体溶解，加入脱色剂，回流20 min，趁热过滤。滤液静置至室温，冰水浴冷却，有大量白色固体析出」——冷却结晶操作序列，落现绑『重结晶』。,slice-91
CHEMISTRY,金属冶炼,chem-fx-dian-ye-jin-f41x09,金属冶炼,,KEEP,「利用电解熔融盐或氧化物的方法来冶炼活泼金属Na、Ca、Mg、Al等」——电冶金定义，属现绑『金属冶炼』（边界“活泼金属须用电解法及其注意事项”）。,slice-91
CHEMISTRY,金属冶炼,chem-kb-electrometallurgy,金属冶炼,,KEEP,「K、Ca、Na、Mg、Al等活泼金属不能用电解其水溶液的方法制得」——电冶金实例与易错，属现绑『金属冶炼』。,slice-91
CHEMISTRY,金属冶炼,ext-che-084a704b8f-004,金属冶炼,铜的冶炼,REBIND,「比铜不活泼的杂质（Ag、Au）脱落形成阳极泥」「用纯铜作阴极…得到精铜」——电解精炼铜原理与阳极泥；『铜的冶炼』边界即“粗铜电解…形成阳极泥”，该节点已收『电解精炼铜的原理与电极反应』『电解精炼铜的电极与阳极泥』等同题材料；现绑『金属冶炼』边界只讲按活动性选冶炼法。,slice-91
CHEMISTRY,金属冶炼,ext-che-3bca327ab1-013,金属冶炼,,KEEP,「电解法冶炼活泼金属必须使用熔融状态物质，而不是水溶液」「加入冰晶石的作用是降低Al2O3的熔点」——电冶金原料选择四要点，属现绑『金属冶炼』。,slice-91
CHEMISTRY,金属冶炼,ext-che-5c62da9e03-854,金属冶炼,,KEEP,「用电解法将通常极难被普通还原剂还原的活泼金属从它们的化合物中还原出来即称为电冶金」——电冶金概念与实质，属现绑『金属冶炼』。,slice-91
CHEMISTRY,金属冶炼,ext-che-5c62da9e03-855b,金属冶炼,,KEEP,「NaCl 在高温下熔融，并发生电离」「阴极 2Na⁺＋2e⁻＝2Na，阳极 2Cl⁻－2e⁻＝Cl₂↑」——电解熔融氯化钠制钠；同源『电解冶炼铝的电极反应』『电解熔融物质冶炼钠、镁、铝』同绑现节点。,slice-91
CHEMISTRY,金属冶炼,ext-che-6299d8c952-020,金属冶炼,,KEEP,「冶炼Mg时只能电解MgCl2而不能电解MgO」「冶炼Al时只能电解Al2O3而不能电解AlCl3」——电冶金原料选择；同源『电冶金不能电解MgO与AlCl3』『电冶金的原料选择』等同族材料已在该节点。,slice-91
CHEMISTRY,金属冶炼,ext-che-76d46e393c-054,金属冶炼,,KEEP,「热还原法：用还原剂（C、CO、H2、Al等）还原金属氧化物，适合冶炼较活泼的金属」「热分解法：适合冶炼不活泼的金属」——三种冶炼方法，正合现绑『金属冶炼』边界。,slice-91
CHEMISTRY,金属冶炼,ext-che-78beaac7a8-003,金属冶炼,,KEEP,「石灰石的作用是造渣」「从高炉下部流出的是含碳量较高的生铁，不是纯铁」——高炉炼铁（热还原法实例）；同题『铁的冶炼原料、设备与主要反应』已绑现节点（『铁的制备和性质』口径重叠，族内两条故保留）。,slice-91
CHEMISTRY,金属晶体,ext-che-3713da16bf-126,金属晶体,晶体中配位数的确定,REBIND,「一个粒子周围最近且等距离的粒子的数目称为配位数，它反映了晶体中粒子排列的紧密程度」「常见晶胞的配位数：简单立方堆积6，面心立方堆积12，体心立方堆积8」——配位数含义与常见数值；现绑『金属晶体』边界自述「不涉及具体金属的晶胞结构计算」，靶节点别名即《晶胞中配位数的含义与常见数值》（同向前轮判例见备注）。,slice-91
CHEMISTRY,金属的腐蚀,chem-hj2-xitong-que-shi-suanxingkmno4-tuiqu-bianxi,金属的腐蚀,烯烃的化学性质,REBIND,「烯烃、炔烃含碳碳不饱和键，能被酸性KMnO4氧化而使紫色褪去（氧化反应）」「使溴水…褪色是碳碳双键、三键与溴加成（加成反应）」——烯烃的化学性质边界含使溴水与酸性KMnO4褪色的氧化与加成。,slice-91
CHEMISTRY,金属的防护,ext-che-5c62da9e03-890,金属的防护,,KEEP,「以 Fe 作被保护电极、Zn 作辅助电极」「实验装置构成了原电池，铁作阴极未被腐蚀」——牺牲阳极法实验，现绑别名逐字含此标题，且正在边界“牺牲阳极法”内。,slice-91
CHEMISTRY,金属的防护,ext-che-5c62da9e03-891,金属的防护,,KEEP,「裹有锌皮的铁钉与饱和食盐水构成原电池，活泼的锌作负极、Fe 作正极被保护」「缠有铜丝的铁钉…较活泼的 Fe 作负极被消耗」——现绑别名逐字含此标题。,slice-91
CHEMISTRY,金属的防护,ext-che-608acb21f7-007,金属的防护,,KEEP,「牺牲阳极法（原电池原理）：被保护的金属作正极，活泼性更强的金属作负极」「外加电流法（电解池原理）：被保护的金属作为阴极，与电源的负极相连」——两法比较，正在现绑边界内。,slice-91
CHEMISTRY,金属的防护,ext-che-d931f0e7db-019,金属的防护,,KEEP,「牺牲阳极的阴极保护法（原电池原理）：被保护的金属设备作正极」「外加电流的阴极保护法（电解原理）…使钢铁表面腐蚀速率降至零或接近零」——现绑别名逐字含此标题。,slice-91
CHEMISTRY,钠,ext-che-02115ed218-002,钠,,KEEP,「化学性质（钠具有强还原性，反应中由 0 价变为 +1 价）」「（4）与盐反应：与熔融盐反应可置换出金属」——现绑别名逐字含『钠的物理性质与化学性质』。,slice-91
CHEMISTRY,钠,ext-che-05e84f721c-001,钠,,KEEP,「钠是银白色有金属光泽的固体，质软、熔点低、密度比水小比煤油大」「与盐溶液反应时先与水反应生成NaOH」——现绑别名含『钠的性质与应用（考点一 钠的性质及应用）』。,slice-91
CHEMISTRY,钠,ext-che-132fa7a532-001,钠,,KEEP,「①物理性质：银白色有金属光泽…故密封保存在煤油或石蜡油中」「⑤用途：制高压钠灯、冶炼钛锆等金属」——现绑别名逐字含『钠的性质与保存』。,slice-91
CHEMISTRY,钠,ext-che-25917695d0-002,钠,,KEEP,「钠原子最外层只有1个电子，易失去电子，具有强还原性」「与含羟基的有机物反应：2Na＋2CH3CH2OH」——现绑别名逐字含『钠的物理性质与化学性质』。,slice-91
CHEMISTRY,钠,ext-che-34bb9f6669-002,钠,,KEEP,「钠为银白色、有金属光泽的固体，质地柔软，熔点97.8 ℃」「与水反应剧烈：2Na+2H₂O=2NaOH+H₂↑」——现绑别名含『钠的性质与应用（考点一 钠的性质及应用）』。,slice-91
CHEMISTRY,钠,ext-che-4e73be394e-001,钠,,KEEP,「常温下钠被氧化生成白色的 Na₂O；加热时钠先熔化后燃烧」「生成淡黄色的 Na₂O₂，其中氧元素的化合价为 －1 价」——现绑别名逐字含『钠的物理性质、保存与与氧气的反应』。,slice-91
CHEMISTRY,钠,ext-che-5c62da9e03-1981,钠,,KEEP,「钠是银白色固体，密度比水小、比煤油大，硬度较小（可用小刀切割），熔点较低，为 97.8 ℃」——现绑别名逐字含『钠的物理性质』。,slice-91
CHEMISTRY,钠,ext-che-5c62da9e03-1983,钠,,KEEP,「新切开的钠具有银白色金属光泽，但在空气中很快变暗，发生反应 4Na＋O2＝2Na2O」——现绑别名逐字含『钠在常温下与氧气反应』。,slice-91
CHEMISTRY,钠,ext-che-76d46e393c-002,钠,,KEEP,「密度比水小、比煤油大，因此常保存在煤油中」「钠与O2反应随温度不同：常温下4Na+O2=2Na2O」——现绑别名逐字含『钠的物理性质及与氧气、氯气的反应』。,slice-91
CHEMISTRY,钠,ext-che-76fd5cd2f3-005,钠,,KEEP,「常温下钠在空气中表面很快变暗，生成的固体为氧化钠」「空气中加热时钠先熔化成小球…生成淡黄色固体过氧化钠」——现绑别名逐字含『钠的物理性质与跟氧气反应的两种情形』。,slice-91
CHEMISTRY,钠,ext-che-83f6ffbbee-002,钠,,KEEP,「用镊子夹取金属钠，用滤纸擦干表面的煤油」「钠与水（或水溶液）反应的共同现象可记为浮、熔、游、响、红」——现绑别名逐字含『钠的取用保存与钠与水反应的现象』。,slice-91
CHEMISTRY,钠,ext-che-967dd2523c-002,钠,,KEEP,「与O2反应：常温下4Na＋O2=2Na2O…加热时…Na2O2」「制取与保存：2NaCl(熔融)=2Na＋Cl2↑」——现绑别名逐字含『钠的物理性质、化学性质、制取与保存』。,slice-91
CHEMISTRY,钠,ext-che-a8915bbd80-003,钠,,KEEP,「钠是银白色、有金属光泽的固体…密度约0.97 g·cm⁻³，比水小、比煤油大，所以金属钠须密封保存并浸没在煤油中」——现绑别名逐字含『钠的物理性质与保存』。,slice-91
CHEMISTRY,钠,ext-che-a8915bbd80-003b,钠,,KEEP,「与水：2Na＋2H2O=2NaOH＋H2↑，现象可记为浮、熔、游、响、红」「与乙醇：2Na＋2CH3CH2OH=2CH3CH2ONa＋H2↑」——现绑别名逐字含『钠的化学性质与反应现象』。,slice-91
CHEMISTRY,钠,ext-che-ad2b24e970-001,钠,,KEEP,「钠是强还原剂：点燃时与O2生成Na2O2、常温生成Na2O」「与盐溶液（如CuSO4）反应时先与水反应生成NaOH」——现绑别名逐字含『钠的物理性质与化学性质』。,slice-91
CHEMISTRY,钠,ext-che-b0e9208ef2-002,钠,,KEEP,「钠原子最外层只有1个电子，在化学反应中易失去最外层的一个电子，表现很强的还原性」——原子结构与还原性，现绑别名逐字含『钠的原子结构、物理性质与化学性质』。,slice-91
CHEMISTRY,钠,ext-che-b55c8a9950-001,钠,,KEEP,「制取：电解熔融NaCl；保存于煤油或石蜡油中；用途：钠钾合金作核反应堆导热剂」——现绑别名逐字含『钠的性质、制取、保存与用途』。,slice-91
CHEMISTRY,钠,ext-che-bd0f39fee5-002,钠,,KEEP,「制取：电解熔融氯化钠」「保存：密封保存，通常保存在煤油中（钠的密度比煤油大…）」——现绑别名逐字含『钠的性质、制取与保存』。,slice-91
CHEMISTRY,钠,ext-che-e1b20a6e32-001,钠,,KEEP,「钠原子最外层只有 1 个电子，很容易失去而形成 Na⁺，因此金属钠具有强还原性」「与氯气反应：2Na+Cl₂」——现绑别名逐字含『钠的物理性质与金属性化学性质』。,slice-91
CHEMISTRY,钠,ext-che-f27d514c23-001,钠,,KEEP,「密度关系为ρ(水)>ρ(Na)>ρ(煤油)，因此钠浮在水面上而沉在煤油中」——现绑别名逐字含『钠的物理性质』。,slice-91
CHEMISTRY,钠和钠的氧化物易错知识点,ext-che-5c62da9e03-1990,钠和钠的氧化物易错知识点,,KEEP,「钠与氧气反应，无论生成 Na2O 还是 Na2O2，反应过程中都是 Na 失电子被氧化为 Na+，即转移电子数由钠的量决定」——钠与氧气反应电子转移数，别名原题在现绑。,slice-91
CHEMISTRY,钠和钠的氧化物易错知识点,ext-che-c9252b0263-001,钠和钠的氧化物易错知识点,,KEEP,「钠与酸溶液反应时，先与酸反应，剩余的钠再与水反应」「不会置换出铜」——遇酸先反应与盐溶液不置换金属，正合现绑边界，别名原题在现绑。,slice-91
CHEMISTRY,铁,chem-hj-chun-wulixingzhi-qingjian,铁,醇的结构和性质,REBIND,「溶解性：低级脂肪醇与水互溶」「醇分子间存在氢键，相对分子质量相近的醇比烷烃沸点高得多」——醇的溶解性与沸点规律；靶『醇的结构和性质』已收『醇的沸点与溶解性规律』『醇类物理性质的变化规律』同族。,slice-91
CHEMISTRY,铁,chem-hj-na-wulixingzhi,铁,钠,REBIND,「银白色固体；质地软，可用小刀切割。」「密度：ρ水>ρNa>ρ煤油。」「熔点低于 100 ℃」——即钠单质的物理性质；靶『钠』边界含取用和保存（现绑『铁』无涉）。,slice-91
CHEMISTRY,铁,chem-hj2-na-wuli-baocun-meiyu,铁,钠,REBIND,「钠具有银白色金属光泽，硬度小可用小刀切割，熔点低，密度比水小、比煤油大」「保存：钠易与O2、H2O反应，通常保存在煤油或石蜡油中」——钠的物理性质与保存；靶『钠』边界含取用和保存。,slice-91
CHEMISTRY,铁,chem-kb-iron-basic-properties,铁,,KEEP,「铁位于元素周期表第四周期第Ⅷ族，价层电子排布式为3d64s2」「银白色固体，熔点较高，有良好的导热、导电、延展性，能被磁铁吸引」——位置、结构与物理性质，现绑『铁』边界明列。,slice-91
CHEMISTRY,铁,chem-kb-sodium-physical-properties,铁,钠,REBIND,「银白色、有金属光泽的固体，质地柔软，熔点低（小于100 ℃）。」「密度比水的小，但比煤油的大，故可保存在煤油或石蜡油中。」——钠的物理性质与保存；靶『钠』边界含取用和保存。,slice-91
CHEMISTRY,铁,chem-textbook-methane-physical,铁,甲烷,REBIND,「1. 无色无味气体；标况密度 0.717 g/L < 空气（29）→向下排空气法收集。」「3. 存在：天然气（主要成分）、沼气、煤矿坑道气（瓦斯）。」——通篇甲烷的物理性质与存在；靶『甲烷』即必修二第七章甲烷项，现绑『铁』为铁元素总览无涉。,slice-91
CHEMISTRY,铁,ext-che-10003de2c3-003,铁,,KEEP,「铁位于元素周期表第四周期第Ⅷ族，价层电子排布式为 $3d^64s^2$」「铁在地壳中的含量居第四位，仅次于氧、硅、铝」——核外电子排布与存在含量，现绑『铁』边界明列。,slice-91
CHEMISTRY,铁,ext-che-223c7fdfd7-001b,铁,,KEEP,「基态铁原子的价层电子排布式为 3d6 4s2，位于第四周期第Ⅷ族。」「纯铁具有银白色金属光泽和良好的延展性，是电和热的良导体，能被磁铁吸引」——位置、结构与物理性质在现绑『铁』边界内；末段高炉炼铁与铝热为单质制备并列面，保留。,slice-91
CHEMISTRY,铁,ext-che-5c62da9e03-071,铁,,KEEP,「铁是银白色固体，熔点1538 ℃，沸点2861 ℃，密度7.87 g/cm³」「具有导热性、导电性、延展性，能被磁铁吸引」——铁的物理性质属现绑『铁』元素总览的物理性质面。,slice-91
CHEMISTRY,铁,ext-che-5c62da9e03-072b,铁,,KEEP,「以单质形态存在：陨铁，是人类最早使用的铁」「含量：铁在地壳中的含量仅次于氧、硅、铝，居第四位」——存在形态与含量，正落现绑『铁』边界首项。,slice-91
CHEMISTRY,铁,ext-che-5c62da9e03-2065,铁,,KEEP,「自然界中含有铁元素的矿石包括黄铁矿（主要成分为 FeS2）、赤铁矿（主要成分为 Fe2O3）、磁铁矿（主要成分为 Fe3O4）等」——含铁矿石属现绑『铁』边界『在自然界的存在形态与含量』项。,slice-91
CHEMISTRY,铁,ext-che-6688d1895f-002,铁,,KEEP,「存在：铁在自然界中可以单质形态存在于陨铁中，主要以化合物形态存在」「含量：铁元素在地壳中含量仅次于氧、硅和铝，居第四位」——存在与含量，现绑『铁』边界首项。,slice-91
CHEMISTRY,铁,ext-che-76d46e393c-029,铁,,KEEP,「Fe位于元素周期表第四周期第Ⅷ族，常见价态为+2和+3」「核外电子排布式为1s²2s²2p⁶3s²3p⁶3d⁶4s²，价层电子排布式为3d⁶4s²」——正落现绑『铁』边界明列的位置与核外电子排布面。,slice-91
CHEMISTRY,铁,ext-che-78beaac7a8-002,铁,,KEEP,「铁为 26 号元素，核外电子排布式为 $1s^22s^22p^63s^23p^63d^64s^2$」「铁在地壳中的含量仅次于氧、硅、铝，居第四位」——核外电子排布与含量，现绑『铁』边界明列。,slice-91
CHEMISTRY,铁,ext-che-aaecb28e19-001,铁,,KEEP,「基态 Fe 原子的电子排布式为 1s22s22p63s23p63d64s2（或 [Ar]3d64s2）」「铁是银白色固体，熔点较高，具有良好的导热性、导电性和延展性，能被磁铁吸引」——结构、性质与化合价，现绑『铁』边界明列。,slice-91
CHEMISTRY,铁,ext-che-ad9f8fb59a-002,铁,,KEEP,「核外电子排布式为[Ar]3d64s2，价电子排布式为3d64s2」「铁为银白色固体，熔点较高，有良好导热、导电、延展性，能被磁铁吸引」——结构、存在与物理性质，现绑『铁』边界明列。,slice-91
CHEMISTRY,铁,ext-che-ad9f8fb59a-004,铁,,KEEP,「①氧化物与盐酸：FeO＋2H＋=Fe2＋＋H2O」「⑤Fe(OH)2制法：可溶性亚铁盐加NaOH或氨水」——氧化物与氢氧化物合讲，正落现绑『铁』边界『…及铁的重要化合物』总览面（同前轮判例）。,slice-91
CHEMISTRY,铁,ext-che-d41031ebf7-006,铁,,KEEP,「核外电子排布式为1s2 2s2 2p6 3s2 3p6 3d6 4s2」「价电子排布式为3d6 4s2」——正是现绑『铁』边界明列的核外电子排布面。,slice-91
CHEMISTRY,铁,ext-che-d46a1fe501-002,铁,,KEEP,「铁位于元素周期表第四周期第Ⅷ族，是一种应用最广泛的过渡金属元素，也是典型的变价金属元素」「主要以化合态（陨石除外）的形式存在，在地壳中的含量居第四位」——位置与存在含量，现绑『铁』边界明列。,slice-91
CHEMISTRY,铁的化学性质,chem-hj-tie-yufeijinshu-fanying,铁的化学性质,,KEEP,「与 Cl2：2Fe+3Cl2=2FeCl3（点燃，无论用量多少都生成 FeCl3）」「与 S：Fe+S=（加热）FeS」——铁与非金属单质的反应；节点内已收本材料（『铁与非金属单质的反应』），保留。,slice-91
CHEMISTRY,铁的化学性质,ext-che-5c62da9e03-072,铁的化学性质,,KEEP,「与氧气：3Fe＋2O₂＝Fe₃O₄（点燃）」「铁与非氧化性酸反应生成Fe²⁺」「铁是活泼金属，能把铜从其盐溶液中置换出来」——铁单质的常见反应方程式；别名逐字含本材料标题，保留。,slice-91
CHEMISTRY,铁的化学性质,ext-che-5c62da9e03-2059,铁的化学性质,,KEEP,「在高温下，铁能与水蒸气反应生成 Fe3O4 和 H2，化学方程式为 3Fe＋4H2O(g)=高温=Fe3O4＋4H2」——铁单质化学性质；现绑别名逐字含本材料标题，保留。,slice-91
CHEMISTRY,铁的化学性质,ext-che-5c62da9e03-321b,铁的化学性质,,KEEP,「与水蒸气：3Fe＋4H₂O(g)＝Fe₃O₄＋4H₂（高温）」「硝酸过量时铁被氧化为Fe³⁺；铁过量时生成的Fe³⁺会与多余的铁继续反应生成Fe²⁺」——铁单质反应方程式；别名逐字含本材料标题，保留。,slice-91
CHEMISTRY,铁的化学性质,ext-che-64f2e7842b-003,铁的化学性质,,KEEP,「与非氧化性酸(稀盐酸、稀硫酸)反应生成Fe2+和H2」「常温下铁遇冷的浓硝酸、浓硫酸钝化」「Fe＋Cu2+→Fe2+＋Cu」——铁单质与酸、盐溶液的反应及钝化；节点内已收本材料，保留。,slice-91
CHEMISTRY,铁的化学性质,ext-che-76d46e393c-031,铁的化学性质,,KEEP,「Fe与少量稀HNO3反应生成Fe2+」「氧化性酸会把Fe氧化为Fe3+，但当Fe过量时发生2Fe3++Fe=3Fe2+」——铁单质的化学性质与价态规律；别名逐字含本材料标题，保留。,slice-91
CHEMISTRY,铁的氢氧化物,chem-fx-wen-ding-xing-gai-bian-f78x09,铁的氢氧化物,配位化合物,REBIND,「稳定性改变：形成配合物后，物质的稳定性增强」——配合物对物质性质的影响；现绑『铁的氢氧化物』只讲Fe(OH)2/Fe(OH)3；靶『配位化合物』已收《配合物形成对溶解性、颜色和稳定性的影响》。,slice-91
CHEMISTRY,铁的氢氧化物,chem-fx-wen-ding-xing-zeng-qiang-f33x11,铁的氢氧化物,配位化合物,REBIND,「稳定性增强：配合物具有一定的稳定性，配合物中的配位键越强，配合物越稳定」「当作为中心原子的金属离子相同时，配合物的稳定性与配体的性质有关」——通篇配合物稳定性，与铁的氢氧化物无关；靶『配位化合物』已收同句《配合物形成对溶解性、颜色和稳定性的影响》。,slice-91
CHEMISTRY,铁的氧化物,chem-hj-fe3o4-zucheng-biaoshu,铁的氧化物,,KEEP,「Fe3O4是混合价态氧化物，可写成FeO·Fe2O3……但它是纯净物不是混合物」「铁的三种氧化物中只有Fe3O4不是碱性氧化物」——Fe3O4组成与三种氧化物比较，属现绑『铁的氧化物』。,slice-91
CHEMISTRY,铁的氧化物,chem-hj-mgoh2-aloh3-duibi,铁的氧化物,氢氧化铝的性质与制备,REBIND,「Mg(OH)2：难溶的中强碱……不与OH-反应」「Al(OH)3：两性，与酸、强碱都反应；不溶于氨水和NH4Cl浓溶液」——Mg/Al氢氧化物性质对比，现绑『铁的氧化物』明示区别于氢氧化物；靶节点收『氢氧化铝的两性』（另一半见备注）。,slice-91
CHEMISTRY,铁的氧化物,chem-kb-no-no2-comparison,铁的氧化物,氮的氧化物,REBIND,「NO：无色、不溶于水的气体；2NO＋O2=2NO2」「NO2：红棕色、有刺激性气味、易溶于水；3NO2＋H2O=2HNO3＋NO」——NO与NO2性质比较，与现绑『铁的氧化物』无关；靶节点边界即重点区分NO与NO2性质。,slice-91
CHEMISTRY,铁盐,ext-che-5c62da9e03-2082,铁盐,,KEEP,「利用 2Fe3+＋Cu＝2Fe2+＋Cu2+，把 FeCl3 溶液作为腐蚀液」——Fe3+氧化性的应用，现绑『铁盐』别名逐字含本条标题，保留。,slice-91
CHEMISTRY,铁盐,ext-che-5c62da9e03-2088,铁盐,,KEEP,「Fe3+ 具有较强氧化性，可被还原为 Fe2+ 或 Fe」——Fe3+的氧化性与还原剂选择，现绑别名逐字含本条标题，保留。,slice-91
CHEMISTRY,铁盐,ext-che-ddb9d51475-012,铁盐,,KEEP,「含有Fe3+的盐溶液遇到KSCN溶液时变成红色，可用于检验Fe3+」「将其饱和溶液滴入沸水中制备胶体」——Fe3+氧化性、显色与水解，现绑别名逐字含本条标题，保留。,slice-91
CHEMISTRY,铁盐,wusan-chem-b1c3-ferric-chloride-etching,铁盐,,KEEP,「电子工业常用 30% 的 FeCl₃ 溶液腐蚀敷在绝缘板上的铜箔，制造印刷电路板」「反应的实质是 Fe³⁺ 把 Cu 氧化为 Cu²⁺」——Fe3+氧化性的应用，现绑『铁盐』别名逐字含本条标题，保留。,slice-91
CHEMISTRY,铁盐和亚铁盐的性质和检验易错点,ext-che-d46a1fe501-013b,铁盐和亚铁盐的性质和检验易错点,,KEEP,「判断步骤：先看溶液的酸碱性环境，再比对各离子的氧化性还原性是否匹配，最后检查水解、络合与沉淀反应」——含铁离子溶液的共存判断，现绑边界明含离子共存判断。,slice-91
CHEMISTRY,铜及其化合物的性质,ext-che-6299d8c952-005,铜及其化合物的性质,,KEEP,「＋1价铜在酸性条件下能发生歧化反应生成Cu和Cu2＋，利用这一原理可区别Cu和Cu2O：向红色物质中加入稀硫酸，若溶液由无色变成蓝色，则该红色物质为Cu2O」——现绑边界(2)Cu＋的性质及检验逐字同文。,slice-91
CHEMISTRY,铜及其化合物的性质,ext-che-a4da4e924e-006b,铜及其化合物的性质,,KEEP,「CuO：黑色固体，难溶于水…具有氧化性」「Cu2O：砖红色固体…与非氧化性酸（如稀硫酸）发生歧化反应」——现绑边界含 +1 价铜歧化，别名『铜的氧化物CuO与Cu2O』在册。,slice-91
CHEMISTRY,铜及其化合物的性质,ext-che-c7ac79563c-005b,铜及其化合物的性质,,KEEP,「＋1价的铜有较强的还原性，易被氧化剂氧化为＋2价；在酸性条件下能发生歧化反应生成Cu和Cu2＋」「向红色物质中加入稀硫酸，若溶液由无色变成蓝色，则该红色物质为Cu2O」——即现绑边界Cu＋①还原性②酸性歧化鉴别Cu/Cu2O。,slice-91
CHEMISTRY,铜及其化合物的易错点,ext-che-3b8d34b524-005b,铜及其化合物的易错点,,KEEP,「向红色物质中加入稀硫酸，若溶液由无色变为蓝色，则该红色物质为Cu2O；若溶液始终无色，则为Cu」——铜化合物的易混淆判断，落现绑『铜及其化合物的易错点』。,slice-91
CHEMISTRY,铜及其化合物的易错点,ext-che-76d46e393c-064,铜及其化合物的易错点,,KEEP,「铜与氧化性弱的S反应生成+1价铜的化合物（Cu2S），不能写成CuS」——价态判断的易错点，落现绑『铜及其化合物的易错点』。,slice-91
CHEMISTRY,铜的冶炼,ext-che-2924184449-003,铜的冶炼,,KEEP,「粗铜作阳极，铜在阳极失电子变为Cu²⁺；纯铜棒作阴极，Cu²⁺在阴极得电子生成铜」——电解精炼原理与电极设置，现绑别名逐字含『电解精炼铜的原理与电极反应』。,slice-91
CHEMISTRY,铜的冶炼,ext-che-42dee98d13-007,铜的冶炼,电解原理应用的四点注意事项,REBIND,「氯碱工业用阳离子交换膜只允许Na+通过、阻止Cl-、OH-和Cl2」「电镀时阳极(镀层金属)失去电子的数目与阴极镀层金属离子得到电子的数目相等」——与目标节点边界(1)交换膜/(3)电解精炼铜/(4)电镀逐点对应；现绑节点（铜的冶炼）只覆盖第3句。,slice-91
CHEMISTRY,铝及其化合物之间的性质与应用,chem-fx-li-yong-lv-hui-f17x12,铝及其化合物之间的性质与应用,,NONE,「利用铝灰(主要成分为Al、Al2O3、AlN、FeO等)制备铝鞣剂」——仅题干且工艺流程图未收录，无独立知识结论（同 kit-26/kit-51 判例）；如补全流程图可复核是否归『含铝物质的制备和转化』。,slice-91
CHEMISTRY,铝及其化合物之间的性质与应用,chem-hj-lvsanjiao-zhuanhua,铝及其化合物之间的性质与应用,,KEEP,「Al3+→Al(OH)3：加适量氨水」「双水解：Al3++3AlO2-+6H2O=4Al(OH)3↓」——铝三角转化关系，现绑别名逐字收录。,slice-91
CHEMISTRY,铝及其化合物之间的性质与应用,ext-che-0488c28b9a-014,铝及其化合物之间的性质与应用,,KEEP,「Al3+、Al(OH)3、[Al(OH)4]- 之间的主要转化关系」「Al(OH)3 溶于强碱：Al(OH)3＋OH-＝[Al(OH)4]-」——铝三角六组转化，现绑别名逐字收录。,slice-91
CHEMISTRY,铝及其化合物之间的性质与应用,ext-che-0488c28b9a-015,铝及其化合物之间的性质与应用,,KEEP,「向含有 H+、Al3+、NH4+ 的混合溶液中逐滴加入 NaOH 溶液，反应顺序为」「Al3+ 生成 Al(OH)3 沉淀」——滴加顺序由铝三角转化关系决定，属现绑『铝及其化合物之间的性质与应用』的铝三角应用族（同族条 slice-00 判 KEEP）。,slice-91
CHEMISTRY,铝及其化合物之间的性质与应用,ext-che-089c778d20-011,铝及其化合物之间的性质与应用,,KEEP,「Al3⁺、Al(OH)3、[Al(OH)4]⁻之间的转化关系（写成离子方程式）」「制备Al(OH)3的最佳途径」——铝三角相互转化与制备途径，正合现绑『铝及其化合物之间的性质与应用』边界「铝及其化合物的转化关系(二维图)」。,slice-91
CHEMISTRY,铝及其化合物之间的性质与应用,ext-che-3975d695b8-007,铝及其化合物之间的性质与应用,,KEEP,「铝三角的六组转化」「由 $Al^{3+}$ 制备：宜用 $Al^{3+}$ 与氨水反应」——铝三角转化与制备最佳途径，现绑别名逐字收录。,slice-91
CHEMISTRY,铝及其化合物之间的性质与应用,ext-che-6064148187-010,铝及其化合物之间的性质与应用,,KEEP,「Al3+、Al(OH)3、AlO2-之间的转化构成“铝三角”」「制备Al(OH)3的最佳途径：向铝盐中加入足量氨水」——铝三角转化与制备途径，现绑边界即铝及其化合物的转化关系（二维图）。,slice-91
CHEMISTRY,铝及其化合物之间的性质与应用,ext-che-947add6b4a-014,铝及其化合物之间的性质与应用,,KEEP,「铝三角的六组核心转化」「$Al(OH)_3$ 溶于强碱：$Al(OH)_3+OH^-=[Al(OH)_4]^-$」——铝三角核心方程式，现绑边界即铝化合物转化关系（二维图）。,slice-91
CHEMISTRY,铝及其化合物之间的性质与应用,ext-che-edc670dfda-014,铝及其化合物之间的性质与应用,,KEEP,「三种微粒的相互转化」「掌握 Al3+、Al(OH)3、[Al(OH)4]- 之间的转化比例」——铝三角相互转化与图像要点，现绑别名逐字收录。,slice-91
CHEMISTRY,铝及其化合物之间的性质与应用,wusan-chem-b1c3-aluminium-triangle,铝及其化合物之间的性质与应用,,KEEP,「Al³⁺ → Al(OH)₃：加适量强碱或氨水」「Al(OH)₃ + OH⁻ = [Al(OH)₄]⁻」——铝三角相互转化，现绑别名逐字收录。,slice-91
CHEMISTRY,铝的化学性质,chem-hj-lvre-fanying-caozuo-yaodian,铝的化学性质,,KEEP,「内层纸漏斗底部剪个小孔使熔融物易于落下；蒸发皿盛沙」「铝热反应不是一个反应而是一类反应，均为置换反应」——现绑边界含铝热反应，别名逐字含本题名。,slice-91
CHEMISTRY,铝的化学性质,ext-che-5c62da9e03-079,铝的化学性质,,KEEP,「结论：铝既能与稀酸反应，又能与氢氧化钠溶液反应，都产生氢气」——现绑别名逐字含『铝既能与稀酸又能与氢氧化钠溶液反应』。,slice-91
CHEMISTRY,铝的化学性质,ext-che-5c62da9e03-316,铝的化学性质,,KEEP,「铝单质：2Al＋6H⁺＝2Al³⁺＋3H₂↑」「2Al＋Fe₂O₃＝2Fe＋Al₂O₃（高温，铝热反应）」——铝的化学性质方程，别名逐字含『铝及其化合物的常用方程式荟萃』。,slice-91
CHEMISTRY,键参数,ext-che-043d5a4425-008,键参数,,KEEP,「键能、键长、键角统称键参数」「键能越大、键长越短，化学键越牢固，分子越稳定」——三个键参数总述，别名逐字同题。,slice-91
CHEMISTRY,键参数,ext-che-3713da16bf-072,键参数,,KEEP,「F—F键键长短，但键能小、不稳定…原因是F原子半径小、原子核间距离小、斥力大」——键能比较的例外，别名逐字同题。,slice-91
CHEMISTRY,键参数,ext-che-4394d32277-031,键参数,,KEEP,「其他条件相同时，一般来说成键原子的半径越小，键长越短、键能越大」——由原子半径比较键长与键能，别名逐字同题。,slice-91
CHEMISTRY,键参数,ext-che-5c62da9e03-1780,键参数,,KEEP,「部分共价键的键长/pm：H—H 74、F—F 141、Cl—Cl 198」「C—C 154、C=C 133、C≡C 120」——共价键键长数据，属现绑的键长含义面。,slice-91
CHEMISTRY,键参数,ext-che-5c62da9e03-999,键参数,,KEEP,「键能：1 mol气态共价键解离成气态原子所吸收的能量」「键长越短，键能越大，表明共价键越稳定」——键能与键长的含义及稳定性关系，正合现绑边界。,slice-91
CHEMISTRY,键参数,ext-che-72913a9286-004b,键参数,,KEEP,「键能指气态分子中1 mol化学键解离成气态原子所吸收的能量」「键能越大，分子越稳定」——键能含义与分子稳定性判断，别名逐字同题。,slice-91
CHEMISTRY,键参数,ext-che-72913a9286-005,键参数,,KEEP,「键角可以确定分子内原子在空间的相对位置，从而判断分子的空间构型」「键能、键长、键角合称键参数」——键长、键角对分子性质的影响，别名逐字同题。,slice-91
CHEMISTRY,键参数,ext-che-93a78062b4-044,键参数,,KEEP,「键长越短键能越大；同种元素不同类型键能：叁键＞双键＞单键」——键能大小的比较，别名逐字同题。,slice-91
CHEMISTRY,键参数,ext-che-93a78062b4-045,键参数,,KEEP,「看是否都有孤对电子：无孤对电子时只看成键原子半径之和」「键长比较：N－H＜P－H」——键长的比较方法，别名逐字同题。,slice-91
CHEMISTRY,键参数,ext-che-b476eb0452-021b,键参数,,KEEP,「一般来说键长越短，键能越大，如 C—H 键键能大于 Si—H 键」「F—F 键键长较短但键能小、稳定性差」——键能比较与例外，别名逐字同题。,slice-91
CHEMISTRY,键参数及其应用,ext-che-4394d32277-013,键参数及其应用,,KEEP,「大π键的形成相当于增加了成键原子间的共用电子对数，故会使键长缩短、键能变大」——键长键能（键参数）变化；家族已收『键能与键长的比较方法』等，故保留（点名『大π键』，其别名含氮碱性比较）。,slice-91
CHEMISTRY,键参数及其应用,ext-che-5c62da9e03-1007,键参数及其应用,,KEEP,「这一能量比蛋白质分子中重要的化学键如C—C键、C—N键和C—S键的键能都大，因此紫外光的能量足以使这些化学键断裂」——用键能大小作比较判断，属键参数的应用。,slice-91
CHEMISTRY,键能,ext-che-5c62da9e03-466,键能,,KEEP,「断裂 H—H 键吸收 436 kJ、断裂 Cl—Cl 键吸收 243 kJ，合计吸收 679 kJ」「ΔH 等于反应物键能之和减去生成物键能之和」——由键能计算反应热，别名原题在现绑。,slice-91
CHEMISTRY,键能,ext-che-5c62da9e03-497,键能,,KEEP,「1 mol 物质中所含共价键的物质的量：N2 含氮氮三键 1 mol」——常见物质的键数目是“用键能之差估算反应热”必须先数键的前提；现绑别名逐字含本题名，无更贴节点，保留。,slice-91
CHEMISTRY,键能,ext-che-745c00885b-002b,键能,键参数,REBIND,「1. 键能：气态分子中 1 mol 化学键解离成气态原子所吸收的能量」「3. 键角：多原子分子中两个相邻共价键之间的夹角。键角可以确定分子内原子在空间的相对位置」——通篇三个键参数，与目标边界逐句对应；现绑『键能』偏反应热计算。,slice-91
CHEMISTRY,键角大小的比较,chem-fx-jiao-ti-wei-li-yi-ban-shi-li-zi-fen-zi-f07x16,键角大小的比较,胶体知识易错点,REBIND,「胶体微粒一般是离子、分子或难溶物的聚集体」「胶体具有介稳性的主要原因是胶体粒子可以通过吸附而带有电荷」——正对『胶体知识易错点』边界(2)(8)（介稳性与Fe(OH)3胶体粒子数）；现绑『键角大小的比较』无涉。,slice-91
CHEMISTRY,键角大小的比较,chem-hj-benfenzi-dapijian,键角大小的比较,大π键,REBIND,「6 个碳原子的 p 轨道平行重叠形成以 6 个碳原子为中心的大 π 键」「苯环中不存在孤立碳碳双键」——通篇大π键（靶区别名含『大π键实例与苯的结构』）；现绑『键角大小的比较』无涉。,slice-91
CHEMISTRY,镁的化学性质,ext-che-29b4143ea2-004b,镁的化学性质,,KEEP,「镁在空气中燃烧除了与O2反应生成MgO外，还会与N2反应生成Mg3N2、与CO2反应生成C和MgO」「所以镁着火时不能用干冰灭火器和泡沫灭火器灭火」——正合现绑『镁的化学性质』边界“涉及镁燃烧的特点与灭火注意事项”。,slice-91
CHEMISTRY,镁的化学性质,ext-che-97a64ae5f0-025,镁的化学性质,,KEEP,「镁单质用于制造信号弹和焰火；镁合金用于制造火箭、导弹和飞机部件」「氧化镁用于制耐高温材料，氢氧化镁用作阻燃剂」——镁及化合物的用途，现绑『镁的化学性质』已收《镁及其化合物的性质与用途》（保留理由见notes）。,slice-91
CHEMISTRY,阿伏加德罗定律的应用,ext-che-68501225af-012,阿伏加德罗定律的应用,,KEEP,「同温同压下，气体密度比等于摩尔质量比，即 $ρ_1/ρ_2=M_1/M_2$」「已知某气体对另一气体（如对空气、对 $H_2$）的相对密度，可求其相对分子质量」——阿伏加德罗定律的密度推论应用，属现绑『阿伏加德罗定律的应用』（别名逐字含本标题）。,slice-91
CHEMISTRY,阿伏加德罗常数,ext-che-0606aaea2e-004b,阿伏加德罗常数,,KEEP,「等物质的量的羟基与氢氧根所含质子、电子或原子数目不同」「胶体粒子是众多微粒的集合体」——原子结构与物质构成的粒子数目判断，边界内。,slice-91
CHEMISTRY,阿伏加德罗常数,ext-che-0606aaea2e-004c,阿伏加德罗常数,,KEEP,「最简式是否相同，如乙烯与丙烯、乙炔与苯，可按最简式整体计算」「先写出结构式再数键，注意苯环中不含碳碳双键」——混合物与价键数目计算，边界内。,slice-91
CHEMISTRY,阿伏加德罗常数,ext-che-0606aaea2e-005,阿伏加德罗常数,,KEEP,「同种元素既被氧化又被还原，须分清电子转移的起止价态」「都需考虑浓度降低后反应能否继续」——电子转移数目的考查角度，边界内。,slice-91
CHEMISTRY,阿伏加德罗常数,ext-che-0606aaea2e-005b,阿伏加德罗常数,,KEEP,「是否存在弱电解质，弱电解质电离不完全，不能按物质的量直接计算离子数」「只给浓度没有体积无法计算粒子数目」——电解质溶液中粒子数目判断要点，边界内。,slice-91
CHEMISTRY,阿伏加德罗常数,ext-che-0606aaea2e-006,阿伏加德罗常数,,KEEP,「等反应都不能进行完全，生成的分子数、反应中转移的电子数都要按实际反应程度判断」「溶剂水本身也贡献大量原子」——即现绑边界所辖隐含反应与微粒数目分析。,slice-91
CHEMISTRY,阿伏加德罗常数,ext-che-067a08a3f0-003,阿伏加德罗常数,,KEEP,「白磷P4中含6个P—P键，SiO2中含4个Si—O键」「熟记特殊物质中所含微粒（分子、原子、质子、中子、电子）的数目」——物质结构相关的微粒数目与化学键计数，边界内。,slice-91
CHEMISTRY,阿伏加德罗常数,ext-che-067a08a3f0-004,阿伏加德罗常数,,KEEP,「1mol P4含6mol P—P键，1mol SiO2含4mol Si—O键」「苯环中无典型碳碳双键，不能按3个双键计算」——特殊物质化学键计数，现绑边界明列『混合物与化学键』。,slice-91
CHEMISTRY,阿伏加德罗常数,ext-che-067a08a3f0-005,阿伏加德罗常数,,KEEP,「歧化反应中转移的电子数」「先准确判断元素的化合价变化，再确定产物价态，最后按电子守恒计算转移电子数」——电子转移数目，属现绑边界内。,slice-91
CHEMISTRY,阿伏加德罗常数,ext-che-067a08a3f0-006,阿伏加德罗常数,,KEEP,「认为1mol Na2O2与水反应转移2NA个电子，实际为1NA」「忽略Fe与足量浓硝酸在常温下钝化」——电子转移数目的典型错误，在现绑边界内。,slice-91
CHEMISTRY,阿伏加德罗常数,ext-che-067a08a3f0-006b,阿伏加德罗常数,,KEEP,「溶液中是否有“弱粒子”，即是否存在弱电解质或能水解的“弱离子”」「题目中是否指明了溶液的体积」——电解质溶液中粒子数目的判断要点，边界内。,slice-91
CHEMISTRY,阿伏加德罗常数,ext-che-067a08a3f0-007,阿伏加德罗常数,,KEEP,「无法利用物料守恒判断含弱离子的溶液中的粒子总数」「未给出溶液体积时直接根据浓度计算离子数目」——电解质溶液类NA题陷阱，边界内。,slice-91
CHEMISTRY,阿伏加德罗常数,ext-che-067a08a3f0-008,阿伏加德罗常数,,KEEP,「可逆反应不能进行到底，反应物不能完全转化」「看到上述反应要立刻判断反应是否可逆」——隐含的可逆反应与NA计算，边界内。,slice-91
CHEMISTRY,阿伏加德罗常数,ext-che-067a08a3f0-009,阿伏加德罗常数,,KEEP,「Cu与浓硫酸的反应中，浓硫酸变稀后反应停止」「这类题不能按完全反应计算粒子数目，只能判断大小关系」——浓度变化类隐含反应，在现绑边界『隐含反应中的微粒数目分析』内。,slice-91
CHEMISTRY,阿伏加德罗常数,ext-che-067a08a3f0-010,阿伏加德罗常数,,KEEP,「胶体粒子是多个Fe(OH)3分子的聚集体」「养成逐字圈画关键信息（状态、温度、压强、体积、浓度）的习惯」——胶体粒子与多重陷阱，属微粒数目判断。,slice-91
CHEMISTRY,阿伏加德罗常数,ext-che-29ca87e1cb-007,阿伏加德罗常数,,KEEP,「因为醋酸是弱电解质，只有部分电离」「只给出 0.1 mol/L 的氢氧化钠溶液而不给体积，无法求出钠离子的物质的量」——电解质溶液微粒数目判断（一）。,slice-91
CHEMISTRY,阿伏加德罗常数,ext-che-3d6a64f5a9-006,阿伏加德罗常数,,KEEP,「可逆反应不能进行到底」「随反应进行浓盐酸变为稀盐酸，反应停止」——隐含可逆反应与浓度变化类陷阱，在现绑边界内。,slice-91
CHEMISTRY,阿伏加德罗常数,ext-che-5c62da9e03-067b,阿伏加德罗常数,,KEEP,「理清整体与部分的关系」「摩尔质量相同的物质：如N₂、CO、C₂H₆」——从特殊物质组成与结构判断微粒数目，属现绑边界范围。,slice-91
CHEMISTRY,阿伏加德罗常数,ext-che-6e5105e0b4-018,阿伏加德罗常数,,KEEP,「第一步：审题抓关键条件（状态、温度、压强）」「第二步：分析粒子种类（分子、离子、电子）」——NA判断题三步法，属现绑节点主题。,slice-91
CHEMISTRY,阿伏加德罗常数,ext-che-a2a727e0fa-001,阿伏加德罗常数,,KEEP,「必须处于标准状况下，可以是单一气体也可以是混合气体」「常考的标准状况下不是气体的物质有：水、苯、汽油、四氯化碳」——气体条件与微粒数目计算，边界内。,slice-91
CHEMISTRY,阿伏加德罗常数,ext-che-a2a727e0fa-001b,阿伏加德罗常数,,KEEP,「共价双键中含一个 σ 键和一个 π 键」「判断分子中 σ 键与 π 键的数目时常使用这些关系」——σ/π键计数属现绑边界『混合物与化学键』，故留（保留理由见 notes）。,slice-91
CHEMISTRY,阿伏加德罗常数,ext-che-a2a727e0fa-002,阿伏加德罗常数,中心原子杂化类型的判断,REBIND,「杂化轨道数目等于中心原子的价层电子对数目，也等于 σ 键电子对数与孤电子对数目之和」——通篇杂化类型判断；靶节点同名且边界即『杂化轨道数＝σ键数＋孤电子对数』，现绑边界限微粒数目判断。,slice-91
CHEMISTRY,阿伏加德罗常数,ext-che-a2a727e0fa-002c,阿伏加德罗常数,,KEEP,「多元弱酸的酸根离子水解时，溶液中阴离子的数目增大」「只给浓度不给体积，无法计算物质的量，相关说法即为错误」——电解质溶液中微粒数目判断要点。,slice-91
CHEMISTRY,阿伏加德罗常数,ext-che-a2a727e0fa-004b,阿伏加德罗常数,,KEEP,「先算出一个物质中所含微观粒子的数目」「最简式相同时可先求最简式的物质的量，再求目标粒子数目」——物质组成与结构陷阱的计算方法，边界内。,slice-91
CHEMISTRY,阿伏加德罗常数,ext-che-a2a727e0fa-005,阿伏加德罗常数,,KEEP,「因此同一物质的电子转移数要按具体反应判断」「先确定实际发生的反应、产物价态与反应顺序，再计算电子转移数目」——电子转移数目判断，属现绑边界『电子转移』。,slice-91
CHEMISTRY,阿伏加德罗常数,ext-che-b4833240af-001b,阿伏加德罗常数,,KEEP,「一分子H2O2中含3个化学键（H—O键2个、O—O键1个）」「1 mol Na2O2含3 mol离子」——特殊物质的微粒数目与化学键数目速记，边界内。,slice-91
CHEMISTRY,阿伏加德罗常数,ext-che-b4833240af-004,阿伏加德罗常数,,KEEP,「一看溶液中是否有弱酸根、弱碱阳离子的水解」「三看是否指明了溶液的体积」——溶液中粒子数目计算要点，边界内。,slice-91
CHEMISTRY,阿伏加德罗常数,ext-che-f602061ba2-007b,阿伏加德罗常数,,KEEP,「所含微粒（分子、原子、离子、质子、中子、电子）的数目与物质处于何种条件（温度、压强）无关」「气体的体积与温度、压强有关」——气体条件类的NA判断，属现绑边界『气体条件』。,slice-91
CHEMISTRY,阿伏加德罗常数,ext-che-f602061ba2-012b,阿伏加德罗常数,,KEEP,「31 g白磷(P4，0.25 mol)含1.5 mol P—P键」「1 mol Na2O2含3 mol离子、1 mol过氧键」——特殊物质的组成与化学键数目，边界内。,slice-91
CHEMISTRY,阿伏加德罗常数,ext-che-f602061ba2-013,阿伏加德罗常数,,KEEP,「弱电解质（CH3COOH、HClO等）部分电离，溶液中溶质分子与离子共存」「不要忽略溶剂水中H、O原子的数目」——电解质溶液微粒数目判断，属现绑边界『微粒数目判断』范围。,slice-91
CHEMISTRY,阿伏加德罗常数,ext-che-f602061ba2-013b,阿伏加德罗常数,,KEEP,「涉及电子数时要区分根、基与离子的差异」「OH⁻有10个电子，而—OH（羟基）有9个电子」——同位素与根、基微粒数计算，属微粒数目判断。,slice-91
CHEMISTRY,阿伏加德罗常数,ext-che-f602061ba2-014,阿伏加德罗常数,,KEEP,「由最简式相同的物质组成的混合物，计算原子总数时不必考虑各组分的比例」「当给出混合物总质量时，无论两者以何种比例混合」——混合物微粒数计算，边界内。,slice-91
CHEMISTRY,阿伏加德罗常数-10大-陷阱,ext-che-29ca87e1cb-004b,阿伏加德罗常数-10大-陷阱,,KEEP,「1 mol $Fe$ 与足量的 $S$、$I_2$ 或非氧化性酸反应，转移 2 mol 电子」——变价元素产物价态对转移电子数的影响，属现绑NA陷阱节点。,slice-91
CHEMISTRY,阿伏加德罗常数-10大-陷阱,ext-che-29ca87e1cb-004c,阿伏加德罗常数-10大-陷阱,,KEEP,「$—OH$ 是羟基（电中性基团），$OH^-$ 是氢氧根离子，两者电子数相差 1」——基与根的区别及微粒数目计数，属现绑NA陷阱节点（物质组成与结构陷阱）。,slice-91
CHEMISTRY,阿伏加德罗常数-10大-陷阱,ext-che-29ca87e1cb-005,阿伏加德罗常数-10大-陷阱,,KEEP,「1 mol 白磷（$P_4$）中含磷磷单键 $6N_A$；1 mol 晶体硅中含硅硅单键 $2N_A$；1 mol $SiO_2$ 中含硅氧单键 $4N_A$」「苯环中的碳碳键是介于单键和双键之间的独特键」——特殊物质的化学键数目与键型，即现绑边界第4项所收的化学键数目陷阱。,slice-91
CHEMISTRY,阿伏加德罗常数-10大-陷阱,ext-che-29ca87e1cb-005b,阿伏加德罗常数-10大-陷阱,,KEEP,「1 mol $Na_2O_2$ 中含 2 mol $Na^+$ 和 1 mol $O_2^{2-}$」「因 $CO_3^{2-}$ 水解，$CO_3^{2-}$ 数目小于 1 mol」——特殊物质组成与电离对微粒数的影响，属现绑NA陷阱节点。,slice-91
CHEMISTRY,阿伏加德罗常数-10大-陷阱,ext-che-29ca87e1cb-006,阿伏加德罗常数-10大-陷阱,,KEEP,「凡题目涉及可逆反应或聚合平衡，都要判断反应是否完全、分子数目是否因聚合而减少」——可逆反应与聚合分子对微粒数目的影响，属现绑NA陷阱节点（别名逐字含本条）。,slice-91
CHEMISTRY,阿伏加德罗常数-10大-陷阱,ext-che-29ca87e1cb-006b,阿伏加德罗常数-10大-陷阱,,KEEP,「随反应进行浓硝酸变稀」「硫酸变稀后不再反应」——浓度与用量变化引起的反应变化，属现绑NA陷阱节点（隐含反应陷阱）。,slice-91
CHEMISTRY,阿伏加德罗常数-10大-陷阱,ext-che-29ca87e1cb-008,阿伏加德罗常数-10大-陷阱,,KEEP,「$pH=1$ 的 $H_2SO_4$ 溶液和 $HCl$ 溶液中 $c(H^+)$ 都等于 0.1 mol/L」「胶粒的数目小于 $N_A$」——电解质溶液中粒子数目判断的陷阱，属现绑NA陷阱节点。,slice-91
CHEMISTRY,阿伏加德罗常数-10大-陷阱,ext-che-371aa63462-005,阿伏加德罗常数-10大-陷阱,,KEEP,「22.4 L·mol⁻¹的使用条件一般指标准状况（0 ℃、101 kPa）」「使用对象必须是气态物质」——气体摩尔体积使用的四大误区，属现绑NA陷阱节点（边界陷阱1、2）。,slice-91
CHEMISTRY,阿伏加德罗常数-10大-陷阱,ext-che-727e405ae7-003,阿伏加德罗常数-10大-陷阱,,KEEP,「Cl2 与 H2O 或 NaOH 发生歧化反应时，消耗 1 mol Cl2 转移 1 mol 电子」「0.1 mol N2 和 0.3 mol H2 充分反应，转移电子数目小于 0.6NA」——即现绑边界第5项电子转移数目陷阱；近同条《电子转移数目判断的六个注意》亦在本节点。,slice-91
CHEMISTRY,阿伏加德罗常数-10大-陷阱,ext-che-a2a727e0fa-002b,阿伏加德罗常数-10大-陷阱,,KEEP,「遇到可逆反应要按“部分转化”处理」「计算时反应物不能完全转化，产物数目小于按完全反应计算的结果」——NA判断中可逆反应与浓酸变稀的陷阱，属现绑『阿伏加德罗常数“10大”陷阱』。,slice-91
CHEMISTRY,阿伏加德罗常数-10大-陷阱,ext-che-b4833240af-003,阿伏加德罗常数-10大-陷阱,,KEEP,「一要注意歧化反应」「六要注意粗铜精炼」——电子转移数目判断的六个注意，属现绑NA陷阱节点（别名逐字含本条）。,slice-91
CHEMISTRY,阿伏加德罗常数-10大-陷阱,ext-che-e2906872de-007,阿伏加德罗常数-10大-陷阱,,KEEP,「乙酸钠溶液中 CH₃COO⁻ 的数目均小于 N_A」「因为前者只有部分电离、后者存在水解」——电解质溶液粒子数目的审题要点，属现绑NA陷阱节点（别名逐字含本条）。,slice-91
CHEMISTRY,阿伏加德罗常数-10大-陷阱,ext-che-f602061ba2-014b,阿伏加德罗常数-10大-陷阱,,KEEP,「三种情况都会使实际转移电子数小于按化学方程式完全反应计算的数值」——可逆反应、浓酸变稀与粗铜精炼对电子转移数的影响，属现绑NA陷阱节点（别名逐字含本条）。,slice-91
CHEMISTRY,阿伏加德罗常数-10大-陷阱,ext-che-f602061ba2-015,阿伏加德罗常数-10大-陷阱,,KEEP,「看到题目中的反应先问三个问题——反应是否可逆、浓度是否会变化、是否发生钝化或副反应」——隐含反应与隐含条件对微粒数的影响，属现绑NA陷阱节点（别名逐字含本条）。,slice-91
CHEMISTRY,陌生化学方程式书写的思路,chem-fx-shi-yi-zhong-zhong-yao-de-sha-jun-xiao-f11x07,陌生化学方程式书写的思路,,NONE,「8．NaClO2是一种重要的杀菌消毒剂，也常用来漂白织物等，其一种生产工艺如图所示」——仅试题题干且依赖未收录的图，无独立知识结论（同批 NONE 先例）。,slice-91
CHEMISTRY,陌生化学方程式的书写方法,chem-fx-he-xin-fan-ying-f56x01,陌生化学方程式的书写方法,,KEEP,「关注箭头的指向：箭头指入→反应物，箭头指出→生成物」「氧化还原反应：熟练应用氧化还原规律判断产物，并根据化合价升降相等配平」——陌生方程式书写；现绑别名逐字含『核心反应』。,slice-91
CHEMISTRY,陌生情景下化学方程式书写技巧,chem-fx-mou-cui-hua-zhuan-hua-guo-cheng-ru-tu-f11x09,陌生情景下化学方程式书写技巧,,KEEP,「10．某催化转化过程如图所示」「过程1：Ni2O3+ClO-=2NiO2+Cl-」——陌生情景（催化循环）的氧化还原方程式书写题干预备式，归现绑『陌生情景下化学方程式书写技巧』；材料为残片（仅题干片段），保守保留。,slice-91
CHEMISTRY,限定条件下同分异构体的书写步骤,chem-fx-han-you-zhi-ji-han-you-ben-huan-he-ci-f63x11,限定条件下同分异构体的书写步骤,,NONE,「①含有酯基　②含有苯环　③核磁共振氢谱有两组峰」「(7)设计以为原料合成的路线(其他试剂任选)」——仅题面残片（限定条件与另一题第(7)问），无规则与结论（同 kit-26/51/59/60/72 判例），建议释放。,slice-91
CHEMISTRY,限定条件下同分异构体的书写步骤,ext-che-af5d7e549d-115,限定条件下同分异构体的书写步骤,,KEEP,「碎片拼装法的前两步：根据分子式或结构式统计有机物中碳、氢、氧、氮等原子的数目并计算不饱和度」「再结合题目给出的限定条件写出符合条件的结构碎片」——即碎片拼装法步骤，现绑节点明列项。,slice-91
CHEMISTRY,限定条件下同分异构体的书写步骤,ext-che-af5d7e549d-116,限定条件下同分异构体的书写步骤,,KEEP,「碎片拼装法的后两步：根据剩余的碳、氧、氮等原子数和不饱和度判断出剩余碎片」「再结合等效氢等限定条件进行拼装」——碎片拼装法步骤与示例，现绑节点明列项。,slice-91
CHEMISTRY,陶瓷,chem-fx-gao-wen-jie-gou-f18x05,陶瓷,,KEEP,「高温结构；陶瓷：能承受高温，强度高；氮化硅陶瓷；汽轮机叶片、轴承、永久性模具等」——高温结构陶瓷（新型陶瓷及其用途），现绑别名逐字含『高温结构』『新型陶瓷的种类与用途』。,slice-91
CHEMISTRY,高分子的分类及性质特点,ext-che-5c62da9e03-150,高分子的分类及性质特点,,KEEP,「常见塑料：聚乙烯绝缘性好、耐化学腐蚀、无毒但耐热性差，用于食品与药品包装」「白色污染：塑料垃圾的大量遗弃造成环境问题」——通用高分子材料的性能与用途，属现绑节点分类与性质面。,slice-91
CHEMISTRY,高分子的分类及性质特点,ext-che-796aef76a7-024,高分子的分类及性质特点,,KEEP,「天然纤维：棉花、羊毛、蚕丝、麻等天然存在的高分子材料」「合成纤维：以石油、天然气、煤、农副产品等为原料先转化为单体，再经聚合反应制得」——纤维按来源的三分法，正落现绑边界『按来源将高分子分为天然与合成两类』。,slice-91
CHEMISTRY,高分子的分类及性质特点,ext-che-8179029ae7-040,高分子的分类及性质特点,,KEEP,「涤纶、锦纶、腈纶、丙纶、维纶、氯纶等都属于常见的合成纤维」「具有强度高、耐磨、不易虫蛀等特点」——合成纤维种类，属现绑『高分子的分类及性质特点』合成高分子材料面。,slice-91
CHEMISTRY,高分子的分类及性质特点,ext-che-8179029ae7-041,高分子的分类及性质特点,,KEEP,「聚酯纤维：合成纤维中产量最大的是涤纶（聚对苯二甲酸乙二酯纤维）」「聚酰胺纤维：锦纶是较早面世的合成纤维之一，由二元胺与二元酸缩聚得到」——合成纤维具体品种，属现绑『高分子的分类及性质特点』合成高分子材料面。,slice-91
CHEMISTRY,高分子的分类及性质特点,ext-che-8179029ae7-042,高分子的分类及性质特点,,KEEP,「合成橡胶以二烯烃、单烯烃等为单体聚合而成，其性能表现为高弹性、绝缘、耐油以及耐高低温等」——合成高分子材料的原料与性能，属现绑『高分子的分类及性质特点』合成高分子材料面（同前轮判例）。,slice-91
CHEMISTRY,高分子的分类及性质特点,ext-che-8179029ae7-043,高分子的分类及性质特点,,KEEP,「天然橡胶为顺式聚异戊二烯，其单体为异戊二烯」「橡胶硫化的程度越高，强度越大，但弹性越差」——天然高分子的结构与硫化，属现绑节点高分子材料结构与性质面。,slice-91
MATH,1的代换,math-mo-danfenmu-shuangfenmu-coupei,1的代换,,KEEP,「凑配 $(pa+m)+(b+m')=t+m+m'$（人为加减常数）后再利用“1”的代换求解」——构造分母型凑配为现绑别名，仍属“1”的代换模型。,slice-91
MATH,1的代换,math-mo-jihe-hunhe-tongchu,1的代换,,KEEP,「如 $\dfrac1a+\dfrac1b$ 与 $a+b$，可以通过同除（乘）$ab$ 互化」「符合“1”的代换模型结构求解」——同除互化后凑“1”代换，别名逐字含『“积、和”混合同除型互化』。,slice-91
MATH,三角函数中ω的取值范围问题,ext-mat-3837a8ae9e-016,三角函数中ω的取值范围问题,,KEEP,「利用三角函数的最值与对称轴或周期的关系，可以列出关于 ω 的不等式（组），进而求出 ω 的值或取值范围。」——现绑别名逐字含『由最值与周期的关系求 ω』。,slice-91
MATH,三角函数中ω的取值范围问题,math-teshudian-siyu1-zhuanhua-dao-x,三角函数中ω的取值范围问题,,KEEP,「利用 $y=\sin t$ 的性质写出对应的特殊点，并反解出 $y=\sin(\omega x+\varphi)$ 的特殊点（用 $\omega$ 表示）…列出不等式（组），从而解得 $\omega$ 的取值范围」——现绑别名逐字含本材料标题。,slice-91
MATH,三角函数模型的应用,ext-mat-289deb9ecd-490,三角函数模型的应用,,KEEP,「A 是这个简谐运动的振幅…周期 T=2π/ω…ωx+φ 称为相位，x=0 时的相位 φ 称为初相」「利用三角函数解决实际问题的流程为：审题→建模→求解→作出结论」——三角函数模型的应用。,slice-91
MATH,三角函数的值域与最值,ext-mat-1e160396f7-002c,三角函数的值域与最值,,KEEP,「由 $\frac{b}{\sin B}=\frac{c}{\sin C}$ 与 $c=2$ 得 $b=\frac{2\sin3A}{\sin2A}$」「函数 $y=4x-\frac1x$ 在该区间上单调递增」——正弦定理化边为角后求值域；现绑别名逐字含《用锐角条件定角范围后按单调性求边范围》。,slice-91
MATH,三角函数的图象与性质,ext-mat-221256755a-002b,三角函数的图象与性质,,KEEP,「相邻两条对称轴的距离=T/2；相邻两个对称中心的距离=T/2；对称轴与其相邻对称中心的距离=T/4」——对称轴、对称中心与周期的关系，正对现绑边界「图象对称结构的等距结论」；保留。,slice-91
MATH,三角函数的图象与性质,ext-mat-221256755a-007,三角函数的图象与性质,,KEEP,「由 T/2=π/2 得 T=π，于是 2π/|ω|=π，解得 ω=±2；若只取 ω=2 就会漏掉 ω=-2 的结果」——由零点距反求 ω；同源同组 002b、008、009b 均在现节点；保留（近邻候选见 notes）。,slice-91
MATH,三角函数的图象与性质,ext-mat-221256755a-008,三角函数的图象与性质,,KEEP,「所给递增（减）区间长度……恰好等于 T/2，故它是函数在一个周期内的完整单调区间」——由单调区间长度确定半周期，属现绑节点周期与单调性；保留。,slice-91
MATH,三角函数的图象与性质,ext-mat-221256755a-008b,三角函数的图象与性质,,KEEP,「区间 (π/2，2θ+π/6) 内恰有 2 个零点（π 与 2π）要求 2π<2θ+π/6≤3π」——由区间内零点个数求参数范围，节点别名即该题名；保留。,slice-91
MATH,三角函数的图象与性质,ext-mat-221256755a-009,三角函数的图象与性质,,KEEP,「“任意”对应外层值域的全部取值，“存在三个”对应内层方程解的个数，两者结合才能定出端点的范围」——含参零点个数的任意—存在转化，属现绑节点零点数形结合一系；保留。,slice-91
MATH,三角函数的图象与性质,ext-mat-221256755a-009b,三角函数的图象与性质,,KEEP,「两个不同的自变量使函数值同时达到最大值时，横坐标之差的最小值等于一个周期 T；由此可反求 ω」——由最值点距离求周期，属现绑节点；保留。,slice-91
MATH,三角函数的图象与性质,ext-mat-221256755a-010,三角函数的图象与性质,,KEEP,「两式相加得 f(x0)+f(5π/6-x0)=2（两个自变量关于 x=5π/12 对称，对应的正弦值互为相反数）」——配对求和用对称性，属现绑节点对称结构；保留。,slice-91
MATH,三角函数的图象与性质,ext-mat-221256755a-010b,三角函数的图象与性质,,KEEP,「恒等式两端的最值必须一致，这是定 λ 的最快办法；f(x+a)=-f(x) 型递推给出的周期是 2a」——由恒等式与最值分析定 λ 和 ω，属现绑节点；保留。,slice-91
MATH,三角函数的图象与性质,ext-mat-289deb9ecd-400,三角函数的图象与性质,,KEEP,「把“ωx+φ”看作整体 z，先写出 y=Asinz 的单调区间，再解关于 x 的不等式」「当 ω<0 时，一般先用诱导公式把系数化为正」——单调区间整体代换法，属现绑「单调性」面；保留。,slice-91
MATH,三角函数的图象与性质,ext-mat-289deb9ecd-476,三角函数的图象与性质,,KEEP,「当 φ=kπ（k∈Z）时为奇函数，当 φ=kπ+π/2（k∈Z）时为偶函数」「周期 T=2π/|ω|」——y=Asin(ωx+φ) 的奇偶性、周期、对称性，现绑边界逐词含性质；保留。,slice-91
MATH,三角函数的图象与性质,ext-mat-73b8aa961f-013,三角函数的图象与性质,,KEEP,「令ωx+φ依次取0、π/2、π、3π/2、2π，求出对应x与y（依次为0、A、0、-A、0）……再用光滑曲线顺次连接即得一个周期内的简图」——五点法作图，现绑边界明列「涵盖……五点法作图」；保留。,slice-91
MATH,三角函数的图象与性质,ext-mat-73b8aa961f-014,三角函数的图象与性质,,KEEP,「描点即在坐标系中标出列表得到的五个关键点」「再用一条光滑的曲线把五个点顺次连接起来，即得y=Asin(ωx+φ)在一个周期内的简图」——五点法描点连线，属现绑边界「五点法作图」；保留。,slice-91
MATH,三角函数的图象与性质,ext-mat-78a2338ccf-012b,三角函数的图象与性质,,KEEP,「令 t=ωx+φ，转化为求 y=Asin t 或 y=Acos t 的单调区间问题」「再结合题目的定义域或选项筛选出有效区间」——整体代换法求单调区间，属现绑「单调性」面；保留。,slice-91
MATH,三角函数的图象与性质,ext-mat-78a2338ccf-014,三角函数的图象与性质,,KEEP,「把 ωx+φ 看作整体，套正弦、余弦、正切的对称中心、单调区间、零点性质，转化为含 x 的方程或不等式」——整体代换求对称轴与对称中心，正对现绑节点；保留。,slice-91
MATH,三角函数的图象与性质,ext-mat-78a2338ccf-015,三角函数的图象与性质,,KEEP,「对于 y=Asin(ωx+φ)，对称轴处函数取最值」「对称中心处函数值为 0」——代入检验法判断对称轴与对称中心，属现绑「对称性」考察面；保留。,slice-91
MATH,三角函数的图象与性质,ext-mat-8da5a80dc2-001b,三角函数的图象与性质,,KEEP,「正、余弦曲线的对称轴是相应函数取最大（小）值的位置，对称中心是相应函数图像与 x 轴交点的位置」——正余弦对称轴与对称中心，属现绑节点；保留。,slice-91
MATH,三角函数的图象与性质,ext-mat-98e813b184-007b,三角函数的图象与性质,,KEEP,「f(x) 在 π/6<x<π/3 上单调，且 f(π/6)+f(π/3)=0……该点两侧变化趋势相反，故 x=π/4 对应的点为对称中心」——中点为零点确定对称中心，属现绑节点；保留。,slice-91
MATH,三角函数的图象与性质,ext-mat-99e1d32a6a-001c,三角函数的图象与性质,,KEEP,「若 ω < 0 直接套用“令 ωx + φ 落在正弦函数的单调区间内”会得到相反的结论」「正确做法 先用诱导公式把 x 的系数化为正数」——求单调区间的 ω 符号处理，属现绑「单调性」面（已收《求三角函数单调区间的方法》）；保留。,slice-91
MATH,三角函数的图象与性质,ext-mat-c8a4430e4d-003b,三角函数的图象与性质,函数y-asin-ωx-φ-的图象,REBIND,「转化意识……是所有 ω 范围问题的第一步」「图象分析意识……把每个条件分别转化为关于 ω 的不等式（组）」——ω 范围问题方法总览；同题《求 ω 范围的五种解题意识》与同源 001—003 均在靶区，现绑节点边界只讲性质与五点法；改绑。,slice-91
MATH,三角函数的图象与性质,ext-mat-e8782c89b4-010,三角函数的图象与性质,,KEEP,「相邻两对称中心、相邻两对称轴之间的距离是半个周期，相邻的对称中心与对称轴之间的距离是四分之一周期」——周期、对称与奇偶性常用结论，属现绑节点；保留。,slice-91
MATH,三角函数的图象与性质,math-hj-s45-five-points,三角函数的图象与性质,,KEEP,「y=sinx：(0，0)，(π/2，1)，(π，0)，(3π/2，-1)，(2π，0)」「y=cosx：(0，1)…(2π，1)」——五点法作图，节点已收《正弦函数的图象与五点法》同族；保留。,slice-91
MATH,三角形面积公式,ext-mat-1cd2392dbb-018,三角形面积公式,,KEEP,「面积公式需要“两边夹一角”这一组信息，缺什么就先用正弦定理或余弦定理把缺的量补出来」——现绑别名逐字含『缺条件时用正余弦定理补足』『面积计算中条件的补足思路』，保留。,slice-91
MATH,三角形面积公式,ext-mat-bfdbca381c-001c,三角形面积公式,,KEEP,「含垂线（高）的问题主要用等面积法处理：把同一个三角形的面积用不同的底与对应的高表示」「两式联立即得到高与边、角的关系」——属现绑边界『以三角形面积公式为基础，延伸到中线长的向量形式、角形式与高线公式等结论』；『三角形高线的处理方法』为近邻备选，拿不准保留。,slice-91
MATH,三角恒等变换,ext-mat-04f7dd8847-002,三角恒等变换,,KEEP,「由 $\tan\alpha\tan\beta=\dfrac{\sin\alpha\sin\beta}{\cos\alpha\cos\beta}=2$ 得 $\sin\alpha\sin\beta=2\cos\alpha\cos\beta$」——切化弦配和差公式求值，属恒等变换。,slice-91
MATH,三角恒等变换,ext-mat-04f7dd8847-005b,三角恒等变换,积化和差与和差化积公式,REBIND,「$\sin A+\sin B=2\sin\dfrac{A+B}{2}\cos\dfrac{A-B}{2}$」「$2\cos A\cos B=\cos(A+B)+\cos(A-B)$」——通篇即和差化积与积化和差两组公式及用例，正属同名节点。,slice-91
MATH,三角恒等变换,ext-mat-04f7dd8847-009,三角恒等变换,,KEEP,「$\sin x-\sin y=2\cos\dfrac{x+y}{2}\sin\dfrac{x-y}{2}$」「由余弦在 $\left(0，\dfrac{\pi}{2}\right)$ 上递减得」——和差化积配单调性比较大小，属恒等变换应用。,slice-91
MATH,三角恒等变换,ext-mat-08931f6515-001c,三角恒等变换,,KEEP,「符号由 $\frac{\alpha}{2}$ 所在象限决定」「二、积化和差」——半角+积化和差+和差化积三组公式汇总，跨多节点不成单一归属（保留）。,slice-91
MATH,三角恒等变换,ext-mat-221256755a-002,三角恒等变换,辅助角公式,REBIND,「$a\sin x+b\cos x=\sqrt{a^2+b^2}\sin(x+\varphi)$」「化成一个角的一个三角函数后，周期只由 $x$ 的系数决定」——通篇辅助角公式合一变形。,slice-91
MATH,三角恒等变换,ext-mat-221256755a-005,三角恒等变换,,KEEP,「两个同频的余弦（或正弦）相加时用和差化积化为一个余弦，便于求值域与单调区间」——和差化积化简两同频余弦，属恒等变换常法（备选『积化和差与和差化积公式』，见备注）。,slice-91
MATH,三角恒等变换,ext-mat-47f6cc7b06-005b,三角恒等变换,,KEEP,「$\sin^2A+\sin^2C=1-\frac12(\cos2A+\cos2C)$」「$\cos2A+\cos2C=2\cos(A+C)\cos(A-C)$」——降幂配和差化积合并双角平方和（备选『积化和差与和差化积公式』，见备注）。,slice-91
MATH,三角恒等变换,ext-mat-54dc8f93c6-002b,三角恒等变换,同角三角函数的基本关系,REBIND,「分子分母同除以 $\cos^2\alpha$」「得到只含 $\tan\alpha$ 的式子」——齐次式化切求值/弦切互化，属『同角三角函数的基本关系』（其边界即平方关系与商数关系、三角式互化）。,slice-91
MATH,三角恒等变换,ext-mat-7925b80c7b-002c,三角恒等变换,降幂公式与升幂公式,REBIND,「升幂公式：$1-\cos\alpha=2\sin^2\frac{\alpha}{2}$」「降幂公式：$\sin^2\alpha=\frac{1-\cos 2\alpha}{2}$」——标题即升降幂公式群；目标节点同名且边界即升降幂与开方符号。,slice-91
MATH,三角恒等变换,ext-mat-7fa22daf17-001b,三角恒等变换,,KEEP,「万能公式把任意角的正弦、余弦、正切统一用半角的正切表示」「当 $A+B+C=\pi$ 时，$\tan A+\tan B+\tan C=\tan A\tan B\tan C$」——多组公式与三角形内角正切恒等式，现绑边界明言含后者。,slice-91
MATH,三角恒等变换,ext-mat-81331445b2-001d,三角恒等变换,,KEEP,「$\tan\alpha\pm\tan\beta=\tan(\alpha\pm\beta)(1\mp\tan\alpha\tan\beta)$」「$1\pm\sin 2\alpha=(\sin\alpha\pm\cos\alpha)^2$」——和差角变形与升降幂，含现绑边界点名的 1±sin2α 配方变形。,slice-91
MATH,三角恒等变换,ext-mat-832d8f9451-013,三角恒等变换,,KEEP,「给角求值问题一般给出的角都是非特殊角」「利用观察到的关系结合公式转化为特殊角」——给角求值思路；给角求值无对口节点，落现绑。,slice-91
MATH,三角恒等变换,ext-mat-832d8f9451-014,三角恒等变换,给值求角问题,REBIND,「一般先求角的某一三角函数值，再求角的范围，最后确定角」「已知正切函数值选正切函数」——通篇给值求角方法（PPT §4.4 思维升华）。,slice-91
MATH,三角恒等变换,ext-mat-98e813b184-004,三角恒等变换,,KEEP,「用凑角技巧把 $\alpha$、$\beta$ 分别凑成 $\frac{\alpha+\beta}{2}$ 与 $\frac{\alpha-\beta}{2}$ 的和、差」——凑角求给值求值；备选『拼凑角思想』『给值求值问题』（见备注）。,slice-91
MATH,三角恒等变换,ext-mat-98e813b184-005,三角恒等变换,,KEEP,「“所求角”一般表示为“已知角”的和或差的形式」「当“已知角”有一个时」——拆角/凑角规律清单，属恒等变换角变换技巧（备选『拼凑角思想』，见备注）。,slice-91
MATH,三角恒等变换,ext-mat-991fbb472d-018b,三角恒等变换,给值求值问题,REBIND,「把待求式化成能直接代入已求出的量的形式，减少未知量」——通篇给值求值两条技术路线；目标节点名即《给值求值问题》。,slice-91
MATH,三角恒等变换,ext-mat-991fbb472d-019,三角恒等变换,给值求角问题,REBIND,「给值求角的实质是给值求值」「范围界定是得到唯一答案的关键」——通篇给值求角三步；目标节点边界即范围与单调函数的唯一性。,slice-91
MATH,三角恒等变换,ext-mat-c3339a5f32-005b,三角恒等变换,,KEEP,「降幂 → 化同角 → 化同名 → 配凑标准型」「给值求角“定角三步骤”」——化简与给值求值/求角的通法综述，横跨四类问题落现绑一般思路。,slice-91
MATH,三角恒等变换,ext-mat-d06a1e260a-001c,三角恒等变换,,KEEP,「用 $2\sin\alpha\cos\beta=\sin(\alpha+\beta)+\sin(\alpha-\beta)$ 展开」「合并为 $\sqrt{a^2+b^2}\sin(\omega x+\varphi)$」——化 y=Asin(ωx+φ) 的三种手段，属恒等变换化简目标。,slice-91
MATH,三角恒等变换,ext-mat-d0bb0929ca-012,三角恒等变换,,KEEP,「由两角和与差的公式可以推出几组常用的变形公式」「三倍角公式：$\sin 3\theta=3\sin\theta-4\sin^3\theta$」——多组公式汇总，属恒等变换公式体系（批 4 同条亦判 KEEP）。,slice-91
MATH,三角恒等变换,ext-mat-d68ad97a21-004,三角恒等变换,,KEEP,「$\tan\alpha\pm\tan\beta=\tan(\alpha\pm\beta)(1\mp\tan\alpha\tan\beta)$」「凑角的核心是把待求角写成已知角的和或差」——正切变形与凑角（备选『两角和与差的公式』，见备注）。,slice-91
MATH,三角恒等变换,ext-mat-d68ad97a21-010,三角恒等变换,,KEEP,「异名化同名：把不同的三角函数化成同一类」「目标是让式子只剩“一个函数名、一个角”」——化简两条主线，属现绑边界『一般思路』（备选『三角函数式的化简与证明』，见备注）。,slice-91
MATH,三角恒等变换,ext-mat-d68ad97a21-012,三角恒等变换,降幂公式与升幂公式,REBIND,「若要合并成单一函数求周期最值，就降幂；若要处理根号或平方、要做配方，就升幂」——通篇升降幂使用时机；目标节点即《降幂公式与升幂公式》。,slice-91
MATH,三角恒等变换,ext-mat-d68ad97a21-013,三角恒等变换,,KEEP,「用升幂公式把根号内化成完全平方」「再结合角的范围去绝对值」——消去分式/根号/绝对值的化简三处理，属恒等变换化简。,slice-91
MATH,三角恒等变换,ext-mat-d68ad97a21-016,三角恒等变换,,KEEP,「把非特殊角通过拆分、组合转化为特殊角的和、差、倍、半」——给角求值的拆分与凑角，属现绑同族。,slice-91
MATH,三角恒等变换,ext-mat-d68ad97a21-018,三角恒等变换,给值求值问题,REBIND,「分析已知角与待求角的关系（和差、倍数、互余互补），用恒等公式把待求式表示成已知角的函数」——通篇给值求值的角关系与符号；『给值求值问题』边界即「不判断符号只取正值」。,slice-91
MATH,三角恒等变换,ext-mat-d68ad97a21-020,三角恒等变换,给值求角问题,REBIND,「先锁定范围再求值再匹配」「优先选在该区间上单调的函数」——通篇给值求角的范围与函数选择；同族《给值求角：选函数与缩范围》在目标节点。,slice-91
MATH,三角恒等变换,ext-mat-d68ad97a21-030,三角恒等变换,半角公式,REBIND,「半角公式有不同表达形式，按已知条件选用」「必须根据 $\dfrac{\alpha}{2}$ 的终边所在象限决定根号前的正负号」——通篇半角公式形式选用与判号；『半角公式』边界即「±号由 α/2 的象限决定」。,slice-91
MATH,三角恒等变换,ext-mat-e4c87437a2-010,三角恒等变换,,KEEP,「$2\cos B\cos C=\cos(B-C)+\cos(B+C)$」「用辅助角公式把前两项写成 $2\sin\left(A-\frac\pi6\right)$」——积化和差拆余弦乘积项配辅助角夹逼，属恒等变换化归。,slice-91
MATH,三角恒等变换,ext-mat-e4c87437a2-013,三角恒等变换,,KEEP,「$\cos2\theta=1-2\sin^2\theta$」「$\cos(B+C)-\cos(B-C)=-2\sin B\sin C$」——二倍角降幂配和差化积化边求角，属恒等变换在解三角形中的化归。,slice-91
MATH,三角恒等变换,math-fx-geijiao-qiuzhi-chaiteshu,三角恒等变换,,KEEP,「如 $15°=45°-30°$、$75°=45°+30°$、$22.5°=\dfrac{45°}{2}$」——非特殊角向特殊角的拆分（此前已由题干壳改绑至现绑）。,slice-91
MATH,三角恒等变换,math-hj-s44-value-angle,三角恒等变换,给值求角问题,REBIND,「已知正切值选正切；已知正余弦选正弦或余弦」——通篇给值求角的选函数与缩范围规则；『给值求角问题』同族《给值求角：选函数与缩范围》在册。,slice-91
MATH,三角恒等变换,math-mo-geijiao-qiuzhi-sanfangmian,三角恒等变换,,KEEP,「能否利用诱导公式化为同一个角（减少角的个数）」「化为两个角的式子，则利用和差角公式等进行化简求值」——给角求值三处理方向。,slice-91
MATH,三角恒等变换,math-mo-geizhi-qiujiao-sanbu,三角恒等变换,给值求角问题,REBIND,「给值求角的一般步骤：1. 界定角的范围；2. 求角的某一个三角函数值」「结合三角函数值及角的范围写出所求的角」——通篇给值求角三步；『给值求角问题』边界即范围受限到单调区间才唯一。,slice-91
MATH,不等式恒成立,ext-mat-ac521ef808-002,不等式恒成立,,KEEP,「当导函数的零点存在但不易求出时，可引入虚拟零点（设而不求，用 $h'(x_0)=0$ 代换）」——恒成立求参的导数路径；现绑别名逐字含《导函数零点不可求时引入虚拟零点》。,slice-91
MATH,不等式恒成立,ext-mat-b1aceeb4bf-004,不等式恒成立,,KEEP,「已知函数的定义域求参数范围时，需要运用分类讨论与转化化归的思想方法，常把它转化为恒成立问题来解决」——现绑别名逐字含《由函数的定义域为 R 求参数》。,slice-91
MATH,不等式恒成立,math-fx-gouzao-shuanghanshu-jiaobi,不等式恒成立,,KEEP,「$f(x)\ge h(x)\ge g(x)$ 对 $x\in D$ 恒成立，若存在 $x_0$ 使 $f(x_0)=h(x_0)=g(x_0)$，则 $x_0$ 处三者有相同切线」——恒成立+公切线夹逼；现绑别名逐字含《构造双函数与公切线夹逼》。,slice-91
MATH,不等式恒成立与能成立问题,ext-mat-c97e9788ff-004,不等式恒成立与能成立问题,,KEEP,「半分离时要调节参数a与x的位置，使f(x)与g(x)的作图更方便，一般化为一条动直线与一条曲线」——恒成立问题的参数半分离处理，现绑别名逐字含本条标题。,slice-91
MATH,与圆有关的最值问题,ext-mat-e2ed55e83e-018,与圆有关的最值问题,直线与圆的位置关系,REBIND,「这个距离是判断直线与圆位置关系的标准量：$d>r$ 时直线与圆相离，$d=r$ 时相切，$d<r$ 时相交」——圆心距判位置关系，即靶『直线与圆的位置关系』边界（比较圆心到直线的距离与半径，判定相离相切相交）；末句最值挂钩另在现绑别名，从正文主体改绑。,slice-91
MATH,两圆的位置关系,ext-mat-91e0c2ace8-095b,两圆的位置关系,,KEEP,「即圆心到直线的距离 $d\le r$……解得 $-\frac{6}{5}<a<0$」——存在/任意与 d≤r 的临界转化，正合现绑『两圆的位置关系』边界（存在两个点用严格不等式、至少一个点用 d≤r）。,slice-91
MATH,两圆的位置关系,ext-mat-c831d13db8-008,两圆的位置关系,两圆的公共弦,REBIND,「把两式相减得 $(D_1-D_2)x+(E_1-E_2)y+F_1-……公共弦的垂直平分线过两圆的圆心」——通篇公共弦方程与弦长；靶『两圆的公共弦』边界即“两圆方程相减得到的直线方程只有在两圆相交时才是公共弦所在直线”，已收《两圆公共弦的方程与弦长》。,slice-91
MATH,两曲线的公切线问题,ext-mat-62744ff0cf-005b,两曲线的公切线问题,,KEEP,「由斜率条件得参数关系（如 $a=\frac{1}{x_0}+\frac{1}{2\sqrt{x_0}}$）；」「由切线过切点写出截距：$b=\ln x_0+\sqrt{x_0}-1$；」——设切点→参数关系→截距最值，属现绑『两曲线的公切线问题』。,slice-91
MATH,两条直线的位置关系,ext-mat-ac5d633575-024,两条直线的位置关系,,KEEP,「判断平行时只看斜率相等而不验证是否重合，会把重合的两条直线误判为平行」「漏掉“一条斜率存在而另一条斜率不存在”这种同样垂直的特殊情形」——平行与垂直判定的两个错因，现绑边界明言“仅凭斜率判断平行垂直会出错”，保留。,slice-91
MATH,两条直线的位置关系,math-mo-xielvji-fuzhi-fanzhi,两条直线的位置关系,,KEEP,「两直线垂直包含两种情况——1. 两直线中一条直线的斜率不存在，另一条直线的斜率为0；2. 两直线斜率均存在且斜率之积为−1」——垂直判定的完整情形，属现绑『两条直线的位置关系』（边界需特别注意斜率不存在），保留。,slice-91
MATH,两角和与差的公式,ext-mat-1e160396f7-001,两角和与差的公式,,KEEP,「影长 $l=h\tan\theta$（$h$ 为表高，$\theta$」「设第一次天顶距为 $\alpha$、第二次为 $\beta$，已知 $\tan\alpha」——影长只是外壳，正文是正切和差公式的直接变形（知二求一），落在现绑边界（公式本身及其直接变形）之内。,slice-91
MATH,两角和与差的公式,math-fx-teshujiao-coupei,两角和与差的公式,,KEEP,「$\sin 15°=\sin(45°-30°)$、$\cos 75°=\sin 15°$（」「$\sin 15°=\dfrac{\sqrt6-\sqrt2}{4}$，$\cos 15°」——15°/75° 特殊角由和差公式现场推出，属现绑节点的常用变形。,slice-91
MATH,主元法,ext-mat-89f13d5710-002,主元法,,KEEP,「把参数视为新的自变量、原主元视为参数，重新整理不等式，按一次函数单调性分析」——主参互换即主元法；现绑别名逐字含本材料标题。,slice-91
MATH,二面角,ext-mat-289deb9ecd-015c,二面角,利用向量法解二面角问题的策略,REBIND,「求二面角时先用图形判断该二面角是锐角还是钝角，再决定符号」——用两平面法向量求夹角余弦的向量公式（cosθ=|cos⟨n₁，n₂⟩|，原文公式内为半角逗号）；现绑『二面角』边界讲平面角作法并注明「空间向量见选择性必修第一册」，靶节点别名即《平面与平面夹角的定义与法向量公式》。,slice-91
MATH,二项式定理,ext-mat-91e0c2ace8-130c,二项式定理,,KEEP,「\n- 求二项展开式各项系数和：令 $x=1$，有\n$a_0+a_1+a_2+」「令 $x=1$，有\n$a_0+a_1+a_2+\cdots+a_n=(p+q)^n$」——赋值法求系数和，属二项式定理。,slice-91
MATH,二项式定理,ext-mat-91e0c2ace8-131,二项式定理,,KEEP,「\n- $\frac{①+②}{2}$ 得偶次项系数和」「常赋的值有 $1$、$-1$、$0$、$\frac{1}{2}$。」——赋值法求部分项系数和，仍在现绑边界之内。,slice-91
MATH,二项式定理,ext-mat-d04314ab0b-006,二项式定理,,KEEP,「\n - 展开式中各项的系数的和为 $g(1)$」「\n - 奇数项的系数和为 $\dfrac{1}{2}[g(1)+g(-1)]$」——二项式赋值法求系数和（含奇偶项），属现绑边界明列范围。,slice-91
MATH,二项式定理,math-expansion-coefficient-sum-substitute-one,二项式定理,,KEEP,「求展开式的系数和一般考虑令未知数为 1：如 $(ax+by)^n$ 的二项展开式中，要求展」「如 $(ax+by)^n$ 的二项展开式中，要求展开式系数和，可令 $x=y=1」——二项展开式赋值法求系数和，现绑边界明收赋值法求系数和与特定项系数。,slice-91
MATH,二项式定理,math-mo-erxiangshi-ab-ba-chayi,二项式定理,,KEEP,「$(a+b)^n$ 与 $(b+a)^n$ 虽然本质相同（值相等），但具体到它们展开式的某」「$(a+b)^n$ 与 $(b+a)^n$ 虽然本质相同（值相等），但具体到它们」——通项结构辨析（二项式系数与项系数的区别），属二项式定理。,slice-91
MATH,交集与并集,ext-mat-289deb9ecd-1482,交集与并集,,KEEP,「A⊊B（A 在 B 内）时 A∩B=A；B⊊A 时 A∩B=B」「图中阴影部分即表示集合 A 与 B 的交集」——现绑别名含『交集的定义与符号表示』。,slice-91
MATH,交集与并集,ext-mat-9e4efaf2b0-001b,交集与并集,,KEEP,「并集的补集等于各自补集的交集，交集的补集等于各自补集的并集，即德摩根律」「（2）交集的性质：集合与空集的交集为空集；集合与自身的交集等于它本身」——交并运算性质为主，现绑别名逐字含本题名。,slice-91
MATH,任意角与弧度制,ext-mat-0872521155-007,任意角与弧度制,,KEEP,"「所有与角α终边相同的角，连同角α在内，构成的角的集合是{β|β=α+2kπ,k∈Z}」「角α、β的终边关于x轴对称等价于β＝－α＋2kπ」——终边相同的角与对称关系。",slice-91
MATH,任意角与弧度制,ext-mat-33e797f7d2-004,任意角与弧度制,,KEEP,「角可看成一条射线绕其端点旋转所成的图形：按旋转方向分为正角、负角和零角」「所有与角α终边相同的角连同α在内构成的集合为β=α+k·360°（k∈Z）」——同题异来源条目。,slice-91
MATH,任意角与弧度制,ext-mat-33e797f7d2-015,任意角与弧度制,,KEEP,「若θ分别为第一、二、三、四象限角，则θ/2的终边分别落在对应划分的区域内」「先写出θ的范围，再把区间等分并讨论整数k的奇偶」——象限角的半角终边位置，现绑别名同题。,slice-91
MATH,任意角与弧度制,ext-mat-33e797f7d2-018,任意角与弧度制,,KEEP,「先写出与这个角终边相同的所有角的集合，再对集合中的参数k（k∈Z）赋值求得所需的角」「确定kα或α/k的终边位置时，先写出其范围」——终边相同角集合的应用。,slice-91
MATH,任意角与弧度制,ext-mat-424f3301ca-004,任意角与弧度制,,KEEP,「角可以看成一条射线绕着它的端点旋转所成的图形；按旋转方向分为正角、负角、零角，按终边位置分为象限角和轴线角」——角的概念与分类及终边相同的角。,slice-91
MATH,任意角与弧度制,ext-mat-991fbb472d-002,任意角与弧度制,,KEEP,"「角的顶点与原点重合；角的始边与x轴的非负半轴重合」「两者合并即终边在x轴上：{α|α=k·180°,k∈Z}」——象限角判定条件与轴线角集合。",slice-91
MATH,任意角与弧度制,ext-mat-991fbb472d-013,任意角与弧度制,,KEEP,「终边重合（同一条射线）：周期为360°（即2π）；终边在直线上（双向射线）：周期为180°（即π）」「只写一个方向的集合会漏解」——终边集合的写法与周期规律。,slice-91
MATH,任意角与弧度制,ext-mat-991fbb472d-015b,任意角与弧度制,,KEEP,「把平面直角坐标系的每个象限都n等分…标号与之相同的那些区域就是α/n终边所在的区域」「对整数k按除以n的余数分类」——α/n与nα终边象限的判定。,slice-91
MATH,任意角与弧度制,ext-mat-ec064fb170-012,任意角与弧度制,,KEEP,「把角写成k·360°+α的形式，其中0°≤α<360°，则两个角的终边相同，可由α的位置判断原角终边的位置」——角终边位置的确定方法。,slice-91
MATH,作差法-作商法,ext-mat-0e56aad79f-014,作差法-作商法,,KEEP,「比较两实数大小可作差（与0比较）或作商（与1比较，须为正数）」「不等式满足同向可加、正数同向可乘等性质」——等式/不等式性质与比较大小三线并存，无单一更优节点，保守保留（notes）。,slice-91
MATH,作差法-作商法,ext-mat-12fc4a929a-009,作差法-作商法,,KEEP,「作差法：作差、变形、定号、得出结论」「也可构造函数，利用函数的单调性比较大小」——现绑别名逐字含本条标题「比较大小的常用方法（§1.3 思维升华）」。,slice-91
MATH,作差法-作商法,ext-mat-19dbdd4311-005,作差法-作商法,,KEEP,「作差法：判断 $a-b$ 的符号。步骤是作差、变形、定号、结论」「作商法：当两个式子都为正数时，判断 $\frac{a}{b}$ 与 $1$ 的大小」——别名逐字含「比较数或式大小的常用方法」。,slice-91
MATH,作差法-作商法,ext-mat-21d1715484-002,作差法-作商法,,KEEP,「1. 作差法：①作差；②变形（因式分解、配方、通分）；③定号」「3. 构造函数利用单调性」——现绑别名逐字含「比较大小的三种常用方法」。,slice-91
MATH,作差法-作商法,ext-mat-83f5208c89-007c,作差法-作商法,,KEEP,「作差后判断差与0的大小关系」「两式同号时，作商后判断商与1的大小关系」——现绑别名逐字含「比较两数（式）大小的两种基本方法」。,slice-91
MATH,作差法-作商法,ext-mat-92807b6177-002,作差法-作商法,,KEEP,「1. **作差法**：判断 $A-B$ 的符号」「2. **作商法**：对正数可比较 $\frac{A}{B}$ 与 1 的大小」——别名逐字含「比较数（式）大小的常用方法」（不等式性质/基本不等式为扩展法）。,slice-91
MATH,作差法-作商法,ext-mat-a096d24e7d-016,作差法-作商法,,KEEP,「①作差法：作差⇒变形⇒判断差与0的大小⇒得出结论」「②作商法……前提是两式同号」——比较大小的四种方法以作差、作商为主干，落现绑节点。,slice-91
MATH,作差法-作商法,ext-mat-c3717e600c-001,作差法-作商法,,KEEP,「作差法：比较两式之差与0的大小；作商法：对同号正数比较商与1的大小」「不等式具有同向可加、正数同向可乘等性质」——双主题卡首句正对现绑，性质段属另一节点，保守保留（notes）。,slice-91
MATH,充分条件与必要条件的判断,ext-mat-51dacf7571-010,充分条件与必要条件的判断,,KEEP,「由判定定理可以由条件推出结论，所以条件是结论的充分条件」「性质定理…必要条件」——判定定理/性质定理的逻辑含义，属现绑充分条件与必要条件的判断。,slice-91
MATH,共轭复数,ext-mat-969e1cd1fa-003,共轭复数,复数范围内一元二次方程的根,REBIND,独立复核订正：改绑方向成立（现挂『共轭复数』只讲定义与分母实数化、不当），但目标订正为同章『复数范围内一元二次方程的根』：材料正文「若实系数一元二次方程 $ax^2+bx+c=0$（$a\ne0$）有虚根，则一定有一对共轭虚根」…「由韦达定理得两根之和为 $2m=-\frac ba$、两根之积为 $m^2+n^2=\frac ca$，两者都是实数」；目标节点边界（实系数方程虚根成对且互为共轭）与材料一致，同章近同名材料 ext-mat-0d10feeaa8-004、ext-mat-289deb9ecd-1795 已挂该节点；原判目标『实系数一元二次方程的根与韦达定理』属根的判定与待定系数题材，判错。,slice-91
MATH,几何体展开图最短距离问题,ext-mat-f535f6e724-005b,几何体展开图最短距离问题,,KEEP,「折线路径最短问题的通用手段是“展平 + 两点之间线段最短”，对称与平移用于把不在同一平面的折线搬到同一平面内」——现绑边界即『可用对称与平移把折线化为直线段』。,slice-91
MATH,函数y-asin-ωx-φ-的图象,ext-mat-221256755a-001b,函数y-asin-ωx-φ-的图象,,KEEP,「横坐标之差等于“相位差 ÷ ω”」「由 |AB|=π/6 得 2π/(3ω)=π/6，故 ω=4」——由两交点横坐标差求 ω，属现绑节点；保留。,slice-91
MATH,函数y-asin-ωx-φ-的图象,ext-mat-221256755a-003,函数y-asin-ωx-φ-的图象,,KEEP,「关于点 (x0，0) 中心对称 ⟹ ωx0+φ=kπ；关于直线 x=x0 轴对称 ⟹ ωx0+φ=kπ+π/2」——由对称性求 φ 并逐项判断性质，属现绑节点；保留。,slice-91
MATH,函数y-asin-ωx-φ-的图象,ext-mat-289deb9ecd-469,函数y-asin-ωx-φ-的图象,,KEEP,「左右平移是对 x 本身而言的，如果 x 前面有系数，那么应提取系数后再进行左右平移」——平移法则与常见错误，属现绑节点图象变换；保留。,slice-91
MATH,函数y-asin-ωx-φ-的图象,ext-mat-289deb9ecd-491,函数y-asin-ωx-φ-的图象,,KEEP,「只有在 y=Asin(ωx+φ)（A>0，ω>0）中，x=0 时的相位 φ 才是初相；若 A<0 或 ω<0，φ 就不是初相」——参数 φ 的几何意义，正对现绑边界（前轮已改指本节点）；保留。,slice-91
MATH,函数y-asin-ωx-φ-的图象,ext-mat-78a2338ccf-005,函数y-asin-ωx-φ-的图象,,KEEP,「第二种途径（先伸缩后平移）……实质是 x 变到 x+φ/ω，所以……平移 |φ/ω| 个单位长度」——两种变换途径的平移量区别，属现绑节点图象变换考点；保留。,slice-91
MATH,函数y-asin-ωx-φ-的图象,ext-mat-78a2338ccf-018,函数y-asin-ωx-φ-的图象,,KEEP,「一、五点的含义」「由图象中五点的间距算周期」——五点的相位对应与由五点求解析式；现绑别名逐字含「五点法中的角度对应关系」，同源 78a2338ccf 多条在本节点，保留。,slice-91
MATH,函数y-asin-ωx-φ-的图象,ext-mat-78a2338ccf-019,函数y-asin-ωx-φ-的图象,,KEEP,「把平移后的式子看作整体……相位由 ωx+φ 变为 ωx+φ+ωa」——平移后确定关键点，属现绑节点图象变换；保留。,slice-91
MATH,函数y-asin-ωx-φ-的图象,ext-mat-91e0c2ace8-051b,函数y-asin-ωx-φ-的图象,,KEEP,「第一步：把 ωx+φ 看作一个整体……第二步：解方程（组）或不等式（组），注意不等式是否取等」——求 ω 的通法，属现绑节点 ω 求解；保留。,slice-91
MATH,函数y-asin-ωx-φ-的图象,ext-mat-973a8d48be-003,函数y-asin-ωx-φ-的图象,,KEEP,「A 为振幅，T=2π/ω 为周期，f=1/T 为频率，ωx+φ 为相位，φ 为初相」——简谐运动中各参数的物理意义；现绑节点已收同源 PPT §4.6 材料（五点法作图等），保留。,slice-91
MATH,函数y-asin-ωx-φ-的图象,ext-mat-aea9ac4cd1-022,函数y-asin-ωx-φ-的图象,,KEEP,「把区间上的最值问题转化为整体角 u=ωx+φ 的取值范围与 sin u 的最值点是否落在该范围内的判断」——由最值条件求参数范围，属现绑节点；保留。,slice-91
MATH,函数y-asin-ωx-φ-的图象,ext-mat-b7c1a3f155-001,函数y-asin-ωx-φ-的图象,,KEEP,「相邻两条对称轴之间的距离为 T/2……由这些距离可反解出 ω；再把对称轴坐标代入……求出 φ」——由对称性单调性确定 ω 与 φ，属现绑节点；保留。,slice-91
MATH,函数y-asin-ωx-φ-的图象,ext-mat-c8a4430e4d-001b,函数y-asin-ωx-φ-的图象,,KEEP,「区间的一端是确定的，只需要控制另一端符合题意即可」「用图象列不等式：4π<2m+π/3≤5π」——区间一端为定值由零点个数求 ω 范围，属现绑 ω 范围系列；保留。,slice-91
MATH,函数y-asin-ωx-φ-的图象,ext-mat-c8a4430e4d-001c,函数y-asin-ωx-φ-的图象,,KEEP,「由对称轴列方程：ω=6k+3/2」「由“没有最小值”列不等式 0<ω≤15/8；只有 k=0 满足」——由对称轴与最值条件求 ω 的值，属现绑节点；保留。,slice-91
MATH,函数y-asin-ωx-φ-的图象,ext-mat-c8a4430e4d-002,函数y-asin-ωx-φ-的图象,,KEEP,「先用必要条件粗定范围：由 T/2<π/4<T 解得 4<ω<8」「再把端点锁进具体周期区间，固定一端」——区间两端不定时的处理，属现绑节点；保留。,slice-91
MATH,函数y-asin-ωx-φ-的图象,ext-mat-c8a4430e4d-002b,函数y-asin-ωx-φ-的图象,,KEEP,「先由“区间长度不超过半个周期”粗定 ω 的范围，再用它把 t 的范围压进有限个周期内」——由单调区间求 ω 范围（先粗后细），同源 001—003 同在现节点；保留。,slice-91
MATH,函数y-asin-ωx-φ-的图象,ext-mat-c8a4430e4d-003,函数y-asin-ωx-φ-的图象,,KEEP,「区间长度不超过半个周期只是单调的必要条件，不是充要条件」「必须再检验充分性」——非充要条件推出 ω 范围后逐个检验；现绑边界含“ω 的取值范围需单独梳理”，同源 c8a4430e4d 多条在本节点，保留。,slice-91
MATH,函数y-asin-ωx-φ-的图象,ext-mat-d06a1e260a-001b,函数y-asin-ωx-φ-的图象,,KEEP,「区间形如 (0，m) 时，换元 t=ωx+φ 后只有一端含 ω，只需把这一端落在合适的两个特殊值之间」——类型一模板，属现绑节点「类型一」族；保留。,slice-91
MATH,函数y-asin-ωx-φ-的图象,ext-mat-d06a1e260a-002,函数y-asin-ωx-φ-的图象,,KEEP,「在区间内有一个极值点和两个零点」「固定一端控制另一端」——区间两端都不定的 ω 范围四步模板；现绑边界明写“ω 的取值范围需单独梳理”，且同源培优6系列多条已在本节点，保留。,slice-91
MATH,函数y-asin-ωx-φ-的图象,ext-mat-d06a1e260a-002b,函数y-asin-ωx-φ-的图象,,KEEP,「单调性条件只是必要条件：区间长度不超过半周期」「还必须判断单调区间落在哪两处再列不等式组」——属现绑节点 ω 范围方法族；保留。,slice-91
MATH,函数y-asin-ωx-φ-的图象,ext-mat-d06a1e260a-003,函数y-asin-ωx-φ-的图象,,KEEP,「先由方程组求出 ω 的通式，再用单调性得必要条件缩小范围，最后逐个代入检验充分性」——类型三非充要条件检验流程，属现绑节点；保留。,slice-91
MATH,函数y-asin-ωx-φ-的图象,ext-mat-d06a1e260a-003b,函数y-asin-ωx-φ-的图象,,KEEP,「转化意识……整体意识……图象分析意识……边界临界意识……推导范围检验意识」——求 ω 范围的五种解题意识，与培优6系列同在现节点；保留。,slice-91
MATH,函数y-asin-ωx-φ-的图象,ext-mat-d06a1e260a-006,函数y-asin-ωx-φ-的图象,,KEEP,「两条相邻对称轴（即最值点处）之间的距离为」「相邻的对称轴与对称中心之间的距离为」——对称轴与对称中心间距结论；现绑节点已收 y=Asin 对称轴、对称中心与对称性材料同族，保留。,slice-91
MATH,函数y-asin-ωx-φ-的图象,ext-mat-d06a1e260a-006b,函数y-asin-ωx-φ-的图象,,KEEP,「由零点、对称轴列方程组得 ω=2k+1 的通式，由单调性得 ω<12 的必要条件，再逐个检验 k=5、k=4 的充分性」——非充要条件检验示范，属现绑节点「类型三」族；保留。,slice-91
MATH,函数y-asin-ωx-φ-的图象,math-hj-zhengxingleixing-gainian,函数y-asin-ωx-φ-的图象,,KEEP,「图象平移遵循“左加右减、上加下减”」——A、T、f、相位、初相的定义与平移法则；现绑别名逐字含「振幅、周期、频率与相位」「各参数的物理意义」，保留。,slice-91
MATH,函数y-f-x-在x-x0处的导数定义,ext-mat-510c066544-002,函数y-f-x-在x-x0处的导数定义,,KEEP,「函数在相应区间上的平均变化率就是割线 AB 的斜率」「当 Δx 趋近于 0 时，平均变化率趋近于一个常数 l，那么常数 l 就称为函数在点 x0 的瞬时变化率」——别名逐字含本条标题。,slice-91
MATH,函数图象的识别,ext-mat-059f522234-004,函数图象的识别,,KEEP,「抓住函数的性质作定性分析」「利用特征点、特殊值的计算分析解决问题」——识图方法，别名逐字含本条标题。,slice-91
MATH,函数极值与最值的关系,ext-mat-395579b2b1-004b,函数极值与最值的关系,已知函数的极值求参数,REBIND,「写出极小值并列不等式：$f(\ln a)=a-a\ln a-a^3<0$」「得 $a>1$」——依极值的大小条件定参数范围，即靶『已知函数的极值求参数』边界；现绑『函数极值与最值的关系』只讲极值与最值关系，不涉求参。,slice-91
MATH,函数的周期性,math-period-shift-equal-different-offsets,函数的周期性,,KEEP,「由 f(a+x)=f(b+x)（a≠b）对任意 x 成立，记 t=b+x，得 f(t+b-a)=f(t)，故周期 T=|b-a|」——由关系式推周期的常用结论，属现绑『函数的周期性』。,slice-91
MATH,函数的极值,ext-mat-28e2984d93-004,函数的极值,,KEEP,「若在x=a附近，f(a)比该点附近其他点的函数值都小，且f'(a)=0，左侧f'(x)<0、右侧f'(x)>0，则a为极小值点」——极值定义与判定，别名逐字含「极大值与极小值的定义（§3.3）」。,slice-91
MATH,函数的隐零点问题,ext-mat-91e0c2ace8-037,函数的隐零点问题,,KEEP,「可以把 $x_0$ 称为隐极值点（即隐零点），并采取隐极值点代换的方法处理」「确定极值 $f(x_0)$ 的取值范围」——隐零点虚设代换核心方法；正合现绑节点边界「虚设与代换」，保留。,slice-91
MATH,函数的隐零点问题,ext-mat-cc3f0ac3c8-009,函数的隐零点问题,,KEEP,「先对原函数求导得 $f'(x)$，再对 $f'(x)$ 求导」「才能用零点存在定理断言隐零点唯一」——隐零点方法第一步（求导定单调）；现绑同族《第二步…第四步》在册（备选『二阶导数法判断函数单调性』，见备注）。,slice-91
MATH,分离参数法-分离参数后转化为求函数的值域-最值-问题求解,math-mo-zhiyv-zuizhi-sanfa,分离参数法-分离参数后转化为求函数的值域-最值-问题求解,函数值域的求法,REBIND,「求函数最值（值域）的常用方法：1. 单调性法；2. 图象法；3. 基本不等式法」「无法变形化简的函数常用导数法判断单调性后求值域」——通篇求值域与最值方法，未涉参数分离；靶节点已收『求函数值域与最值的常用方法』同题材料。,slice-91
MATH,利用-线线平行-线面平行-面面平行-的相互转化,math-mo-sangerci-guanxi-hugua,利用-线线平行-线面平行-面面平行-的相互转化,一元二次不等式,REBIND,「一元二次方程的根就是相应二次函数的零点，也是相应一元二次不等式解集的端点值」「给出一元二次不等式的解集……利用根与系数的关系（韦达定理）求待定系数」——三个二次关系，与现绑线面平行无关；靶节点已收『三个二次之间的关系与求解』。,slice-91
MATH,利用-线线平行-线面平行-面面平行-的相互转化,math-space-dynamic-invariant-proof-paths,利用-线线平行-线面平行-面面平行-的相互转化,,KEEP,「线线平行：可用面面平行的性质定理证明（如直线在两平行平面之一的平面内，与另一平面的交线平行）」——平行关系的转化路径（第2条线线垂直为同题对照），别名逐字。,slice-91
MATH,利用不等式的性质求数-式-的范围,math-fx-qiexian-jia-gexian-jia-jiandao,利用不等式的性质求数-式-的范围,,KEEP,「切线夹：两条切线分别从上、下方夹住曲线，切线根之差给出真根差的放大估计」「两者合称“剪刀模型”」——现绑边界明示『切线夹与割线夹属几何视角的延伸模型』，别名逐字含该题名。,slice-91
MATH,利用向量法解二面角问题的策略,ext-mat-95e236319c-008b,利用向量法解二面角问题的策略,,KEEP,「设 DA=DB=DC=2」「由 |cosθ|=2/(√3×√2)=√6/3 得 sinθ=√3/3」——现绑边界明言『可先设长度参数，用坐标表示向量，再以数量积公式求余弦』。,slice-91
MATH,利用基本不等式求最值,ext-mat-099ea7a78b-006,利用基本不等式求最值,,KEEP,「把每个分母看成一个整体，求出这些整体之和」「用“和”除以自身得到 1，再乘原式」——线性条件下的凑配与 1 的代换，现绑别名逐字同名，保留。,slice-91
MATH,利用基本不等式求最值,ext-mat-289deb9ecd-119,利用基本不等式求最值,,KEEP,「裂项拆项、分组并项后，使配凑的式子与待求式相乘后可以应用基本不等式得出定值」「如把 2x(5−2x) 配成 ½·2x·(5−2x)」——配凑法求最值，现绑别名含『配凑法求最值』『凑项配凑法求最值』，保留。,slice-91
MATH,利用基本不等式求最值,ext-mat-5bd79bdc7b-001b,利用基本不等式求最值,,KEEP,「如果积 $xy$ 是定值 $p$，那么当且仅当 $x=y$ 时，$x+y$ 有最小值 $2\sqrt{p}$，简记为“积定和最小”」——现绑边界与别名逐字同此，保留。,slice-91
MATH,利用基本不等式求最值,ext-mat-c0a639908a-001b,利用基本不等式求最值,,KEEP,「面积分割」「由基本不等式 $a+b\geq2\sqrt{ab}$ 得」——角平分线条件下用基本不等式求面积最小值，现绑别名逐字同名（『用基本不等式求三角形中的最值』同族），保留。,slice-91
MATH,利用基本不等式求最值,ext-mat-e3c739af9d-002,利用基本不等式求最值,,KEEP,「①积定和最小：若 ab 为定值，则 a+b 有最小值 2√(ab)，当且仅当 a=b 时取“=”」「②和定积最大：若 a+b 为定值，则 ab 有最大值 (a+b)²/4」——即现绑边界『积定和最小、和定积最大』原句，保留。,slice-91
MATH,利用基本不等式求最值,ext-mat-e4c87437a2-012,利用基本不等式求最值,,KEEP,「用面积平分列出乘积为定值：如 $D$、$E$ 在 $AC$、$BC$ 上时 $\frac12xy=300$」「用基本不等式 $x^2+y^2\ge2xy$ 放缩」——面积平分线段最短的分类讨论模型，现绑别名逐字同名，保留。,slice-91
MATH,利用基本不等式求最值,math-kb-am-gm-extremum-principle,利用基本不等式求最值,,KEEP,「积 $xy=p$ 为定值，则 $x+y\ge 2\sqrt{p}$，当 $x=y$ 时和最小」「和 $x+y=p$ 为定值，则 $xy\le \dfrac{p^2}{4}$，当 $x=y$ 时积最大」——积定和最小、和定积最大，现绑边界正此，保留。,slice-91
MATH,利用空间向量解决探索性问题,ext-mat-7c4b964403-006,利用空间向量解决探索性问题,,KEEP,「向量表达式中 $\lambda$、$\mu$ 的变化范围决定轨迹是线段；分类讨论要把每种取值对应的线段都列出」——基底表示动点＋分类讨论的探索性问题，正合现绑『利用空间向量解决探索性问题』边界“设点或参数…解出其参数并检验”。,slice-91
MATH,利用空间向量解决探索性问题,ext-mat-95e236319c-012b,利用空间向量解决探索性问题,,KEEP,「由 $NP\bot BS$ 得 $\overrightarrow{NP}\cdot\overrightarrow{BS}=0$，解出 $\lambda$」「代回求线段长」——先建系设参、由垂直条件列方程解出参数，属现绑探索性问题节点的设参求解流程。,slice-91
MATH,割补法求空间几何体的体积,math-hj-buxing-fa-lengzhui,割补法求空间几何体的体积,,KEEP,「处理台体问题时，延长侧棱把台体补成锥体」「把台体中的线面角转化为补形后锥体中的角」——补形（割补）法处理台体；现绑别名逐字含本题名。,slice-91
MATH,双变量问题的题型与解法,math-mo-fanjie-dairu-xiaoyuan,双变量问题的题型与解法,,KEEP,「利用题目的方程将所求式子中的某一变量消去，把双变量问题化为单变量函数（或对勾型）求解」——即反解代入消元把双变量化为单变量，现绑别名逐字含『反解代入消元法』。,slice-91
MATH,古典概型,ext-mat-289deb9ecd-815,古典概型,,KEEP,「对于样本点个数较少的试验，解答时可把所有样本点一一列举出来」「列举时注意必须按一定顺序，做到不重不漏」——样本点的列举方法，属现绑『古典概型』（别名含『列举法在古典概型中的应用』），保留。,slice-91
MATH,古典概型,ext-mat-ec95317cfd-001h,古典概型,,KEEP,「所有可能出现的基本事件只有有限个，并且每个基本事件出现的可能性相等，这样的概率模型叫古典概型」——等可能事件的概率即现绑别名逐字含，保留。,slice-91
MATH,同构法,ext-mat-cbe7ab4957-001b,同构法,,KEEP,「把待比较的两个数写成同一个函数在两个不同自变量处的取值」「两边取对数化为 $\dfrac{\ln a}{a}$ 与 $\dfrac{\ln b}{b}$，构造 $f(x)=\dfrac{\ln x}{x}$」。构造函数同构比大小，属现绑『同构法』。,slice-91
MATH,同角三角函数的基本关系,ext-mat-04f7dd8847-001,同角三角函数的基本关系,,KEEP,「分子分母同除以 $\cos^2\theta$（余弦不为零），得关于 $	an\theta$ 的式子代入求值」——齐次式化切求值，属现绑（前轮同源块『齐次式化切求值』亦判归此节点）。,slice-91
MATH,同角三角函数的基本关系,ext-mat-04f7dd8847-006b,同角三角函数的基本关系,三角恒等变换,REBIND,「平方相加能消去两个角的平方项（系数配对时用 sin²+cos²=1），剩下的交叉项恰好是 $\sin(\alpha-\beta)$ 或 $\cos(\alpha-\beta)$」——两个不同角的条件式消元；现绑『同角三角函数的基本关系』边界明写“关同一角”，此法属恒等变换（平方关系消平方项、交叉项出和差角）。,slice-91
MATH,同角三角函数的基本关系,ext-mat-4f10d6efa3-002,同角三角函数的基本关系,,KEEP,「把齐次式（或分式的分子分母）同时除以 $\cos\alpha$（一次齐次式）或 $\cos^{2}\alpha$（二次齐次式），把式中所有项转化为 $	an\alpha$ 的表达式」——齐次式化切，属现绑（别名含『同角三角函数的基本关系与弦切互化』）。,slice-91
MATH,同角三角函数的基本关系,ext-mat-768ef6f016-005,同角三角函数的基本关系,,KEEP,「用平方关系求另一个弦」「用商数关系求正切」——知一求二两步流程即现绑的两条基本关系，保留。,slice-91
MATH,同角三角函数的基本关系,ext-mat-768ef6f016-006,同角三角函数的基本关系,,KEEP,「由 $	an\alpha=\frac{\sin\alpha}{\cos\alpha}=m$ 得 $\sin\alpha=m\cos\alpha$，代入 $\sin^2\alpha+\cos^2\alpha=1$」——商数关系与平方关系联立求弦，属现绑。,slice-91
MATH,同角三角函数的基本关系,ext-mat-991fbb472d-011b,同角三角函数的基本关系,,KEEP,「开方出现的正负号由角 $\alpha$ 所在的范围（象限）决定」——平方关系联系和差与积的知一求二；兄弟『三角函数和差积的互化』亦收同族，族内重叠留待节点级处理，保留。,slice-91
MATH,同角三角函数的基本关系,ext-mat-991fbb472d-017b,同角三角函数的基本关系,,KEEP,「先用商数关系把条件写成 $\sin\alpha=k\cos\alpha$」——知切求弦用商数关系与平方关系，属现绑（两条基本关系）。,slice-91
MATH,同角三角函数的基本关系,ext-mat-d471629c51-004,同角三角函数的基本关系,,KEEP,「两式相减可得 $(\sin\alpha+\cos\alpha)^2-(\sin\alpha-\cos\alpha)^2=4\sin\alpha\cos\alpha$」——和差积互化，属现绑。,slice-91
MATH,同角三角函数的基本关系,math-hj-s42-sin-cos-sym,同角三角函数的基本关系,,KEEP,「$(\sin\alpha\pm\cos\alpha)^2=1\pm2\sin\alpha\cos\alpha$。求 $\sin\alpha\pm\cos\alpha$ 时按角的范围确定开方后的符号。」——和差积的平方关系与定号，属现绑『同角三角函数的基本关系』。,slice-91
MATH,同角三角函数的基本关系,math-hj-zhiyiqiuer,同角三角函数的基本关系,,KEEP,「由 $\sin\alpha\pm\cos\alpha$ 的值结合平方关系可得 $\sin\alpha\cos\alpha$，进而解出各值」——知一求二，属现绑『同角三角函数的基本关系』。,slice-91
MATH,同角三角函数的基本关系,math-mo-sanjianke-zhiyiqiuer,同角三角函数的基本关系,,KEEP,「在 $\sin\alpha+\cos\alpha$、$\sin\alpha-\cos\alpha$、$\sin\alpha\cos\alpha$ 三者中知一可求其余两个。其中难点是符号」——和差积知一求二与定号，属现绑。,slice-91
MATH,向量的模与夹角,ext-mat-bb4895ddb1-015,向量的模与夹角,,KEEP,「把模的问题转化为数量积的问题，最后再开方」——模长平方化通法，正对现绑边界；现绑别名逐字含『用数量积求模长与模长最值』。,slice-91
MATH,四个公理,ext-mat-289deb9ecd-1824,四个公理,,KEEP,「基本事实3：如果两个不重合的平面有一个公共点，那么它们有且只有一条过该点的公共直线」——正对现绑边界（3）公理3及“判定点在直线上”的作用。,slice-91
MATH,四个公理,ext-mat-289deb9ecd-1825,四个公理,,KEEP,「推论1：经过一条直线和这条直线外一点，有且只有一个平面」「推论3：经过两条平行直线，有且只有一个平面」——公理2的三个推论，在现绑边界『【拓展】公理2的三个推论』内。,slice-91
MATH,四个公理,ext-mat-60b9f8d06f-002,四个公理,,KEEP,「三个基本事实：1. 过不在一条直线上的三点，有且只有一个平面（不共线三点确定一个平面）」「经过一条直线和直线外一点，有且只有一个平面」——现绑别名逐字含『平面的基本事实与三个推论』。,slice-91
MATH,四个公理,ext-mat-7834febbe4-001,四个公理,,KEEP,「基本事实1：过不在一条直线上的三个点，有且只有一个平面」「基本事实2：如果一条直线上的两个点在一个平面内，那么这条直线在这个平面内」——现绑边界公理1、2、3逐条对应。,slice-91
MATH,四个公理,ext-mat-7834febbe4-002,四个公理,,KEEP,「三点不一定能确定一个平面：当三点共线时，过这三点的平面有无数个」「推论2：经过两条相交直线，有且只有一个平面」——公理2的辨析与三个推论，别名含『确定平面的三条推论』。,slice-91
MATH,四个公理,ext-mat-a833dc803c-004,四个公理,,KEEP,「基本事实1：过不在一条直线上的三点，有且只有一个平面。……基本事实4：平行于同一条直线的两条直线平行」——四条基本事实全在现绑边界内。,slice-91
MATH,四个公理,ext-mat-ee5480c484-004,四个公理,,KEEP,「基本事实4：平行于同一条直线的两条直线互相平行，是空间平行传递性的基础」——四条基本事实，现绑别名含『立体几何基本事实1至4』。,slice-91
MATH,四个公理,ext-mat-ee5480c484-005,四个公理,,KEEP,「推论1：经过一条直线和这条直线外一点，有且只有一个平面。推论2：经过两条相交直线，有且只有一个平面。」——现绑别名逐字含『确定平面的三条推论』。,slice-91
MATH,四个公理,ext-mat-fdc9991e6e-001,四个公理,,KEEP,「基本事实1：过不在一条直线上的三个点，有且只有一个平面」「推论：经过一条直线和直线外一点、两条相交直线、两条平行直线，都各自确定唯一一个平面」——基本事实与推论。,slice-91
MATH,回归分析,ext-mat-46979ccd6b-001,回归分析,,KEEP,「相关系数只衡量线性相关的强弱，相关不等于因果」——现绑边界逐字含“相关系数只度量相关强弱”，提醒句亦属本节点辨析面。,slice-91
MATH,回归分析,ext-mat-671afc9764-001,回归分析,,KEEP,「样本相关系数r满足绝对值不超过1，r大于0为正相关、r小于0为负相关」——相关系数取值与符号，属现绑『回归分析』。,slice-91
MATH,回归分析,ext-mat-8c2b3b9629-004,回归分析,,KEEP,「r 是描述成对样本数据的数字特征，其正负性反映两个变量变化方向是否一致」——相关系数定义式与正负号意义，属现绑『回归分析』。,slice-91
MATH,回归分析,ext-mat-8c2b3b9629-005,回归分析,,KEEP,「判断相关方向看 r 的符号，判断相关强弱看 |r| 的大小」「经验回归方程 ŷ = bx + a 由最小二乘法确定」——相关系数用法与经验回归方程，属现绑边界“求经验回归方程用于预测”。,slice-91
MATH,回归分析,ext-mat-914a1f50be-004,回归分析,,KEEP,「若更换样本（或换用另一个品种、另一片林区），样本相关系数一般会发生变化，但相关性的正负往往保持」——相关系数的样本依赖性，属现绑『回归分析』相关系数族。,slice-91
MATH,回归分析,ext-mat-9d19f7991d-016,回归分析,,KEEP,「把成对数据中心化后看成两个n维向量，则相关系数等于这两个向量夹角的余弦」——相关系数的向量解释，仍落在现绑『回归分析』的相关系数族（同族『相关系数的取值范围与线性相关程度的判断』已在册）。,slice-91
MATH,回归分析,ext-mat-adbd00e6ee-004,回归分析,,KEEP,「若两个变量的取值呈现正相关或负相关，而且散点落在一条直线附近，就称这两个变量线性相关」——线性相关判定，属现绑边界“由散点图判断相关性”。,slice-91
MATH,回归分析,ext-mat-adbd00e6ee-005,回归分析,,KEEP,「当 r＞0 时，称成对样本数据正相关；当 r＜0 时，称成对样本数据负相关」「越接近 0，线性相关程度越弱」——样本相关系数的符号与强弱，属现绑边界“用样本相关系数度量线性相关的强弱”。,slice-91
MATH,回归分析,ext-mat-b15fe31253-013,回归分析,,KEEP,「决定系数 R²=1-(残差平方和/总偏差平方和)」「R²越大表示残差平方和越小，即模型的拟合效果越好」——拟合效果的度量，属现绑『回归分析』边界“用样本相关系数度量线性相关的强弱与拟合效果”。,slice-91
MATH,回归分析,ext-mat-fd4966de45-003,回归分析,,KEEP,「两个变量有关系，但又没有确切到可由其中一个去精确决定另一个的程度，这种关系称为相关关系」——相关关系定义，现绑边界逐字含“研究两个变量的线性相关关系”。,slice-91
MATH,圆的切线方程,math-set-line-x-plus-by-plus-c-form,圆的切线方程,,KEEP,「所求直线可能垂直于 $x$ 轴时，设方程为 $x+by+c=0$（$b=0$ 时即竖直线）」「避免分类讨论斜率不存在」——正对本节点边界“漏掉斜率不存在的切线”易错点；别名逐字含本材料标题，保留。,slice-91
MATH,圆的方程,ext-mat-450188d41e-013,圆的方程,直线与圆的位置关系,REBIND,「直线与圆：代数上用联立方程组解的个数判断，几何上比较圆心到直线的距离与半径的大小」「圆与圆：比较圆心距与两半径之和、之差的关系」——目标节点已收『直线与圆、圆与圆的位置关系及其判定』『圆与圆的位置关系』同族。,slice-91
MATH,圆的方程,math-fushu-fangcheng-yuanxing-guiji,圆的方程,,KEEP,「如果 z 满足方程 |z-z_0|=r\ (r>0)，则 Z 在复平面内的轨迹是以 Z_0 为圆心，r 为半径的圆」——现绑边界明写『复平面内|z−z₀|=r与圆有相同的几何意义』。,slice-91
MATH,圆锥曲线中最值或范围问题的代数法,ext-mat-3aef428fec-002,圆锥曲线中最值或范围问题的代数法,,KEEP,「重点是利用根与系数关系表示弦长、距离与三角形面积。把目标量统一转化为关于两根和与两根积的表达式」——现绑别名逐字含『直线与椭圆联立后的运算要点』。,slice-91
MATH,圆锥曲线中的定线问题,ext-mat-66381aa848-007,圆锥曲线中的定线问题,,KEEP,「①联立方程消去参数；②挖掘图形的对称性，解出动点的横坐标或纵坐标；③将横、纵坐标分别用参数表示，再消去参数」——别名逐字含本条标题。,slice-91
MATH,圆锥曲线中的定线问题,ext-mat-9b2129bc82-001,圆锥曲线中的定线问题,,KEEP,「将横、纵坐标分别用参数表示后消去参数，或设点并对所满足方程变形解得定直线」——圆锥曲线定线方法，别名逐字含本条标题。,slice-91
MATH,圆锥曲线中的定线问题,ext-mat-a7e46d4f28-002,圆锥曲线中的定线问题,,KEEP,「联立方程消去参数；挖掘图形的对称性，解出动点的横坐标或纵坐标」——同一定直线方法，别名逐字含本条标题。,slice-91
MATH,圆锥曲线中的角度问题,ext-mat-193d33a72f-004b,圆锥曲线中的角度问题,,KEEP,「设两条直线的倾斜角为 α、β（α<β），则 ∠ATB=β−α」「用两角差的正切公式…用基本不等式求分母的最小值」——角的最值处理，属现绑『圆锥曲线中的角度问题』。,slice-91
MATH,圆锥曲线中的角度问题,ext-mat-1a5880c144-004,圆锥曲线中的角度问题,,KEEP,「①直角：可用两直线斜率积为 -1…向量数量积为 0…直径所对的圆周角为直角」「③钝角：用向量数量积小于 0（最直接，注意排除夹角为 180° 的情形）」——现绑边界所述锐角、钝角条件的转化策略。,slice-91
MATH,圆锥曲线中的角度问题,ext-mat-1a5880c144-015,圆锥曲线中的角度问题,,KEEP,「①转化为证明角平分线：用点到角两边距离相等或角平分线定理」「④利用向量夹角公式：计算两个向量夹角的余弦值相等」——两角相等四法，属现绑角度问题节点。,slice-91
MATH,圆锥曲线中的角度问题,ext-mat-d97665d2d9-003,圆锥曲线中的角度问题,,KEEP,「证明两个角相等的四个方向：」「选向原则：坐标化的题目优先考虑斜率与向量两条路」——两角相等的证法，现绑别名『证明两个角相等的几种方法』逐字。,slice-91
MATH,圆锥曲线中的角度问题,ext-mat-d97665d2d9-006,圆锥曲线中的角度问题,,KEEP,「证法一（向量夹角余弦）…证明两个余弦值相等」「证法四（点到直线的距离）…由角平分线的性质得证」——证角平分线四法，现绑别名逐字。,slice-91
MATH,圆锥曲线中的角度问题,ext-mat-d994fcb41d-002,圆锥曲线中的角度问题,,KEEP,「要证 AD 平分 ∠BAC，只需证明 AB/AC=BD/CD，然后结合正弦定理和诱导公式证明 ∠BAD=∠CAD」——角平分线的证明路径，现绑别名逐字。,slice-91
MATH,圆锥曲线中的角度问题,ext-mat-d994fcb41d-002b,圆锥曲线中的角度问题,,KEEP,「若 ∠OMA=∠OMB，则直线 MA、MB 的倾斜角互补，所以只需证明 kMA+kMB=0」「等价于证点 A 关于 x 轴的对称点 N 与点 B 的连线经过点 M」——两角相等的两条路径，现绑别名逐字。,slice-91
MATH,圆锥曲线中的角度问题,ext-mat-d994fcb41d-003,圆锥曲线中的角度问题,,KEEP,「利用几何图形性质 | 等腰三角形底角相等、两平行线的同位角（或内错角）相等」「利用向量 | 计算两个向量的夹角余弦值相等」——两角相等证法表，属现绑『圆锥曲线中的角度问题』。,slice-91
MATH,圆锥曲线中的角度问题,ext-mat-d994fcb41d-004b,圆锥曲线中的角度问题,,KEEP,「∠MON 为钝角 ⇔ 向量 OM·ON<0（且 O、M、N 不共线）」「只要分子恒负、分母恒正，即有数量积恒小于 0」——钝角条件的数量积处理，现绑别名逐字。,slice-91
MATH,圆锥曲线中的角度问题,ext-mat-d994fcb41d-006,圆锥曲线中的角度问题,,KEEP,「证法一（数量积/夹角余弦）…化简后相等」「证法四（距离相等，最快）…由角平分线的定义即得结论」——证角平分线四法，现绑别名逐字。,slice-91
MATH,圆锥曲线中的角度问题,ext-mat-d994fcb41d-008,圆锥曲线中的角度问题,,KEEP,「把待证相等的两个角都写成某个直角的余角，由等量减等量得相等」「三点共线的坐标判定：…化为 x₁y₂−x₂y₁=0」——角度相等的转化，属现绑『圆锥曲线中的角度问题』。,slice-91
MATH,圆锥曲线的综合问题,ext-mat-28cc912846-001,圆锥曲线的综合问题,,KEEP,「若两直线的斜率之和（或之积）为定值，则弦 $AB$ 所在直线过定点」——现绑别名逐字含《手电筒模型：斜率之和为定值的弦过定点》。,slice-91
MATH,圆锥曲线的综合问题,ext-mat-28cc912846-002,圆锥曲线的综合问题,,KEEP,「变形一（动点在定直线上）：$P$ 为一条定直线上的动点，从 $P$ 引出两条直线分别与曲线交于 $M$、$N$ 两点，则直线 $MN$ 过定点」——现绑别名逐字含《相交弦模型：动点在定直线上与斜率成倍数》。,slice-91
MATH,圆锥曲线的综合问题,ext-mat-28cc912846-003,圆锥曲线的综合问题,,KEEP,「过 $A$（或 $B$）作坐标轴的垂线交曲线于与它对称的点 $R$，证明直线 $RB$（或 $RA$）过另一定点」——圆锥曲线过定点；现绑别名逐字含《对称点模型：过定点的弦与对称点连线过定点》。,slice-91
MATH,圆锥曲线的综合问题,ext-mat-f287e7006f-006,圆锥曲线的综合问题,,KEEP,「要依据已有的条件构建数列的递推关系，再对得到的递推关系作消元处理，从而得到纯粹的单数列的递推关系」——源出《第八章 培优点11 圆锥曲线中探索性与知识交汇问题》，现绑边界范围含点列递推型问题。,slice-91
MATH,圆锥曲线的综合问题,ext-mat-f7e2cce496-023,圆锥曲线的综合问题,,KEEP,「依据已有条件构建数列的递推关系，再对递推关系作消元处理，得到纯粹的单数列递推关系，从而便于求解」——与另一条《解析几何中数列性质的处理》同型（点列递推）；源出圆锥曲线培优点11（课件）。,slice-91
MATH,圆锥曲线第一定义的应用,ext-mat-8ae4bcba5e-005b,圆锥曲线第一定义的应用,,KEEP,「两式相加消去 $r$ 得 $|PM|+|PN|=12$，是定值且大于 $|MN|=6$，由椭圆定义知 $2a=12$」——圆锥曲线第一定义的应用。,slice-91
MATH,圆锥曲线第一定义的应用,ext-mat-91e0c2ace8-098,圆锥曲线第一定义的应用,,KEEP,「根据第一定义把动点到焦点的距离转换成 $2a-|PF_1|$ 的形式」「结合三点共线确定取等条件」——现绑边界含用定义转化求最值须交代取等条件。,slice-91
MATH,圆锥曲线第三定义的应用,ext-mat-91e0c2ace8-102b,圆锥曲线第三定义的应用,,KEEP,「椭圆，焦点在 x 轴上：-b²/a²=e²-1」「第三定义及对应结论在小题中可以直接使用，在大题中不能直接使用」——别名逐字含本条标题。,slice-91
MATH,圆锥曲线第三定义的应用,ext-mat-9e06c77f62-002b,圆锥曲线第三定义的应用,,KEEP,「过原点的直线交椭圆于 A、B 两点，P 是椭圆上异于 A、B 的任一点，则 kPA·kPB=-b²/a²」——第三定义，别名逐字含本条标题。,slice-91
MATH,圆锥曲线第三定义的应用,ext-mat-f966e85634-009,圆锥曲线第三定义的应用,,KEEP,「设 A(-a，0)、B(a，0)，动点 M(x，y) 满足 kAM·kBM=k（k≠0）…k<0 时…是椭圆（x≠±a）」——圆锥曲线第三定义，别名逐字含本条标题。,slice-91
MATH,在棱长为的正四面体中-高-外接球半径-内切球半径,math-hj-neiqieqiu-r,在棱长为的正四面体中-高-外接球半径-内切球半径,内切球与球的相切问题,REBIND,「锥体与多面体的内切球半径用等体积法求：」——等体积法+轴截面法；靶『内切球与球的相切问题』边界即此两法，上轮同型材料已按同一理由改绑该节点。,slice-91
MATH,在棱长为的正四面体中-高-外接球半径-内切球半径,math-hj-s72-sphere-cube,在棱长为的正四面体中-高-外接球半径-内切球半径,正方体、长方体与球,REBIND,「1. 正方体棱长 $a$：内切球 $2R=a$」——正方体三球与长方体外接球；靶『正方体、长方体与球』边界即“直径分别是棱长、面对角线、体对角线”。,slice-91
MATH,在棱长为的正四面体中-高-外接球半径-内切球半径,math-kb-box-circumsphere-radius,在棱长为的正四面体中-高-外接球半径-内切球半径,正方体、长方体与球,REBIND,「外接球半径 $R=\dfrac{\sqrt{a^2+b^2+c^2}}{2}$」——靶『正方体、长方体与球』已收《长方体外接球的体对角线公式》《正方体与长方体的外接球半径公式》。,slice-91
MATH,在棱长为的正四面体中-高-外接球半径-内切球半径,math-kb-circumsphere-by-rectangularization,在棱长为的正四面体中-高-外接球半径-内切球半径,求解几何体外接球的半径的思路,REBIND,「若几何体可补形为长方体且与原几何体有相同的外接球…则外接球直径等于长方体体对角线长：」——补形通法；靶『求解几何体外接球的半径的思路』边界第二条即补成长方体，已收《外接球的补形法（长方体模型）》同族。,slice-91
MATH,在棱长为的正四面体中-高-外接球半径-内切球半径,math-kb-cube-sphere-three-radii,在棱长为的正四面体中-高-外接球半径-内切球半径,正方体、长方体与球,REBIND,「棱长为 $a$ 的正方体：内切球半径 $r_1=\dfrac{a}{2}$」——靶『正方体、长方体与球』已收同题《正方体的内切球、棱切球与外接球》，现绑『正四面体』节点不属。,slice-91
MATH,在棱长为的正四面体中-高-外接球半径-内切球半径,math-kb-right-prism-circumsphere-formula,在棱长为的正四面体中-高-外接球半径-内切球半径,柱体外接球公式R²=r²+h²/4,REBIND,「直棱柱的侧棱长为 $l$」——靶节点名即该柱体公式，已收《柱体外接球公式及其证明》；现绑『正四面体』节点不属。,slice-91
MATH,在棱长为的正四面体中-高-外接球半径-内切球半径,math-mo-changfangti-qiegeti-waijieqiu,在棱长为的正四面体中-高-外接球半径-内切球半径,求解几何体外接球的半径的思路,REBIND,「可补形成长方体的切割体：1. 墙角体（三条侧棱两两垂直）；」——靶『求解几何体外接球的半径的思路』已收《墙角模型与对棱相等模型的补形法》《外接球模型：可还原成长方体的锥体》。,slice-91
MATH,在棱长为的正四面体中-高-外接球半径-内切球半径,math-regular-prism-insphere-axis-section,在棱长为的正四面体中-高-外接球半径-内切球半径,内切球与球的相切问题,REBIND,「分别为正棱柱底面正多边形内切圆半径和高」『内切球与球的相切问题』已收《棱柱存在内切球的条件与线面角的计算》《正三棱柱与正棱锥的内切球》。,slice-91
MATH,在棱长为的正四面体中-高-外接球半径-内切球半径,math-regular-pyramid-insphere-similar-triangle,在棱长为的正四面体中-高-外接球半径-内切球半径,内切球与球的相切问题,REBIND,「为正棱锥斜高」——正棱锥内切球轴截面相似三角形；靶『内切球与球的相切问题』已收《正棱锥内切球与外接球的求法》。,slice-91
MATH,在棱长为的正四面体中-高-外接球半径-内切球半径,math-yuantai-neiqieqiu-banjing-gongshi,在棱长为的正四面体中-高-外接球半径-内切球半径,内切球与球的相切问题,REBIND,「圆台内切球才存在……中 $(2R)^2+(r_2-r_1)^2=(r_2+r_1)^2$」——圆台内切球用轴截面求半径；靶『内切球与球的相切问题』已收《圆台的内切球与轴截面中的直角三角形》。,slice-91
MATH,在棱长为的正四面体中-高-外接球半径-内切球半径,math-yuanzhu-neiqieqiu-cunzai-tiaojian,在棱长为的正四面体中-高-外接球半径-内切球半径,内切球与球的相切问题,REBIND,「设 r、h 分别为圆柱的底面圆半径和高，R 为其内切球半径，则 R=r 且 h=2R；只有当 h=2R…圆柱内切球才存在」——靶『内切球与球的相切问题』已收《内切球模型表：正方体、圆柱、正三棱柱、正棱锥、三棱锥》。,slice-91
MATH,在棱长为的正四面体中-高-外接球半径-内切球半径,math-yuanzhui-neiqieqiu-banjing-gongshi,在棱长为的正四面体中-高-外接球半径-内切球半径,内切球与球的相切问题,REBIND,「分别为圆锥的底面圆半径、高、母线长」——圆锥内切球由轴截面求半径；靶『内切球与球的相切问题』边界即“用轴截面求内切球半径”。,slice-91
MATH,在棱长为的正四面体中-高-外接球半径-内切球半径,math-yuanzhui-waijieqiu-gougu-fangcheng,在棱长为的正四面体中-高-外接球半径-内切球半径,求解几何体外接球的半径的思路,REBIND,「则方程 $R^2=r^2+(h-R)^2$ 成立」——靶『求解几何体外接球的半径的思路』已收《正棱锥的外接球：球心在底面高线（或其延长线）上》。,slice-91
MATH,在求函数的最值时-一定要在定义域-使实际问题有意义的自变量的取值范围-内求解,math-eccentricity-range-same-as-value-essence,在求函数的最值时-一定要在定义域-使实际问题有意义的自变量的取值范围-内求解,圆锥曲线的离心率问题,REBIND,引文订正：「求解离心率的取值范围与求解离心率的值在本质上并没有区别」…「都是求解 $a$ 与 $c$ 的关系」——离心率通法；靶节点已收『利用代数法找等式求离心率』。,slice-91
MATH,在求函数的最值时-一定要在定义域-使实际问题有意义的自变量的取值范围-内求解,math-ellipse-focal-radius-range,在求函数的最值时-一定要在定义域-使实际问题有意义的自变量的取值范围-内求解,椭圆的焦半径公式,REBIND,引文订正：「椭圆的焦半径（椭圆上的点与焦点的距离）的范围是」…「椭圆上点到焦点的距离介于 a−c 与 a+c 之间」——焦半径范围；靶节点已收『椭圆上点到焦点的距离范围』同题材料。,slice-91
MATH,在求函数的最值时-一定要在定义域-使实际问题有意义的自变量的取值范围-内求解,math-folding-identify-variable-invariant,在求函数的最值时-一定要在定义域-使实际问题有意义的自变量的取值范围-内求解,对折叠与展开问题认识不清致误,REBIND,「先确定翻折前后各个量之间的关系，搞清翻折前后的变化量与不变量，再分别选取处理方式」——翻折问题抓不变量；靶节点已收『折叠问题：抓不变量』『翻折问题中变与不变的识别』同题材料。,slice-91
MATH,在求函数的最值时-一定要在定义域-使实际问题有意义的自变量的取值范围-内求解,math-gap-mathematical-modeling,在求函数的最值时-一定要在定义域-使实际问题有意义的自变量的取值范围-内求解,函数建模的基本步骤,REBIND,「数学建模是对现实问题进行数学抽象、用数学语言表达和解决问题的基本手段」「五步流程：实际情境→数学抽象→建立模型→模型求解→检验与实际应用」——建模步骤；靶节点已收『构造函数模型解决实际问题』。,slice-91
MATH,在求函数的最值时-一定要在定义域-使实际问题有意义的自变量的取值范围-内求解,math-hj-daidingshuxi-qiu-fanwei,在求函数的最值时-一定要在定义域-使实际问题有意义的自变量的取值范围-内求解,利用不等式的性质求数-式-的范围,REBIND,「已知 $c\le x+2y\le d$…求 $3x-4y$ 范围：设 $3x-4y=m(x+2y)+n(2x-y)$…再利用两个已知范围的同向叠加得到目标范围」——不等式性质求代数式范围；靶节点已收『用待定系数法求代数式的取值范围』同题材料，与函数最值定义域无关。,slice-91
MATH,在求函数的最值时-一定要在定义域-使实际问题有意义的自变量的取值范围-内求解,math-hyperbola-focal-radius-range,在求函数的最值时-一定要在定义域-使实际问题有意义的自变量的取值范围-内求解,双曲线焦半径公式,REBIND,引文订正：「双曲线某一支上的点与同侧焦点构成的焦半径的范围是」…「双曲线焦半径下界为 c−a（同侧焦点）或 c+a（异侧焦点），无上界」——焦半径范围；靶节点已收『双曲线的焦半径范围与两支讨论』同题材料。,slice-91
MATH,在求函数的最值时-一定要在定义域-使实际问题有意义的自变量的取值范围-内求解,math-mo-dingyv-qujian-vs-youyiyi,在求函数的最值时-一定要在定义域-使实际问题有意义的自变量的取值范围-内求解,,KEEP,「若函数的定义域为某区间，则该区间是函数有意义的最大范围」「若函数“在某区间上有意义”，则该区间只需是定义域的子集」——现绑边界明示的两表述区分。,slice-91
MATH,在求函数的最值时-一定要在定义域-使实际问题有意义的自变量的取值范围-内求解,math-period-self-difference-2a,在求函数的最值时-一定要在定义域-使实际问题有意义的自变量的取值范围-内求解,函数的周期性,REBIND,「令 $t=x-a$，则 $f(x+a)=f(x-a)$ 化为 $f(t+2a)=f(t)$，故周期 $T=2a$（$a>0$）」——由关系式推周期；靶节点已收『由 $f(x+a)=f(x-a)$ 型条件读周期』同题材料。,slice-91
MATH,垂线法求线面角-也称直接法,ext-mat-621c473b69-006,垂线法求线面角-也称直接法,,KEEP,「定义法：按定义作出直线与平面所成的角」「只需求出点 B 到平面 α 的距离 d，由 sinθ=d/|AB| 得结论」「d 通常用等体积法求出」——正合现绑边界（借助等体积法求点面距离后计算）。,slice-91
MATH,垂线法求线面角-也称直接法,math-kb-section-drawing-methods,垂线法求线面角-也称直接法,空间几何体中的截面问题,REBIND,「直接法：同一面上的两点连线即为截面与该面的交线；延长线法…平行线法：利用线面平行，过已知点作直线的平行线找交线」——靶边界即『直接法、延长线法与平行线法，找截面的本质是找交线』；现绑讲线面角求法，无涉。,slice-91
MATH,基本不等式,ext-mat-04f7dd8847-008b,基本不等式,,KEEP,「由基本不等式 tanB+tanC=tanB+1/tanB≥2√(tanB·1/tanB)=2」——直角三角形两锐角正切之和用基本不等式求最值。,slice-91
MATH,基本不等式,ext-mat-62ae019851-005,基本不等式,,KEEP,「配系数…x(5-2x)=½·2x(5-2x)≤½((2x+5-2x)/2)²」「拆项…=(2x-y)+1/(2x-y)+(x+y)+1/(x+y)≥2+2」——基本不等式的配凑变形。,slice-91
MATH,基本不等式,ext-mat-62ae019851-005b,基本不等式,,KEEP,「若条件可解出某个变量，就把它代入目标式消元，化为单变量（或两项）的基本不等式结构」——消元后用基本不等式，仍属现绑节点。,slice-91
MATH,基本不等式,ext-mat-62ae019851-006,基本不等式,,KEEP,「把『1』替换：将 cx+dy 乘上 1=ax+by」「用基本不等式放缩」「得出最小值」——基本不等式求最值用法，属现绑边界『求最值时必须检验等号能否取到』。,slice-91
MATH,基本不等式,ext-mat-af791ee0ba-006,基本不等式,,KEEP,「算术平均与几何平均…基本不等式可叙述为两个正数的算术平均值不小于它们的几何平均值」「平均不等式链：Hn≤Gn≤An≤Qn」「三元不等式」——现绑边界明言算术平均与几何平均的比较、三元均值不等式属其应用范畴。,slice-91
MATH,基本不等式,math-hj-junzhi-dingli,基本不等式,,KEEP,「若 xy=P 为定值，则 x+y≥2√P；若 x+y=S 为定值，则 xy≤S²/4；均当 x=y 时取等」——基本不等式的最值结论，属现绑边界求最值范畴。,slice-91
MATH,基本不等式,math-hj-s14-min-max,基本不等式,,KEEP,「xy=P（定值，x、y>0）：x+y≥2√P，当 x=y 时最小」「x+y=S（定值）：xy≤S²/4，当 x=y 时最大」——积定和最小、和定积最大。,slice-91
MATH,基本不等式,math-hj-s14-three-conds,基本不等式,,KEEP,「一正：各项均为正值；二定：不等式一侧凑出定值；三相等：存在使等号成立的变量取值。三者缺一不可」——即现绑边界『强调一正二定三相等的使用条件』。,slice-91
MATH,复合函数定义域忽略内层值域与外层定义域关系致错,math-hj-s11-rep-element-dist,复合函数定义域忽略内层值域与外层定义域关系致错,对集合表示方法的理解偏差致错,REBIND,「{x|y=f(x)} 表示自变量 x 的取值集合；{y|y=f(x)} 表示函数值集合；…表示曲线上的点集」——描述法代表元素（数集与点集）的辨析；现绑为复合函数定义域。,slice-91
MATH,复数的几何意义,ext-mat-289deb9ecd-609,复数的几何意义,,KEEP,「我们把建立了直角坐标系来表示复数的平面叫做复平面，x 轴叫做实轴，y 轴叫做虚轴」——复平面与实轴虚轴；别名含『复平面与复数的点表示』，属现绑复数的几何意义，保留。,slice-91
MATH,复数的几何意义,ext-mat-728e5c1c2a-011b,复数的几何意义,,KEEP,「实部 $a$ 是横坐标、虚部 $b$ 是纵坐标」「关于实轴对称的点对应的复数是共轭复数」——复平面坐标与对称关系，现绑别名逐字含该题，保留。,slice-91
MATH,复数的模,ext-mat-728e5c1c2a-009b,复数的模,,KEEP,「$|z-z_0|$ 就是两点之间的距离」「三角不等式：$|z_1+z_2|\leq|z_1|+|z_2|$」——模的几何意义与不等式，现绑别名『模的几何意义与模的不等式』逐字。,slice-91
MATH,复数的模,ext-mat-e9197d3a74-020,复数的模,,KEEP,「$|z-z_0|$ 表示点 $z$ 到定点 $z_0$ 的距离」「$|z-z_1|+|z-z_2|=2a$ 且 $2a>|z_1z_2|$ 时表示以 $Z_1$、$Z_2$ 为焦点的椭圆」——模的几何意义与最值用法，属现绑『复数的模』。,slice-91
MATH,多面体与旋转体,ext-mat-129ff77647-005,多面体与旋转体,,KEEP,「棱柱：侧棱平行且相等，侧面为平行四边形」「棱锥：侧棱相交于一点但不一定相等，侧面为三角形」——棱柱、棱锥、棱台的结构特征，正是现绑边界“基本空间图形的结构特征”。,slice-91
MATH,多面体与旋转体,ext-mat-69017870de-002,多面体与旋转体,,KEEP,「由柱体、锥体、台体、球体等简单几何体组合而成的几何体叫做简单组合体」——组合体的构成方式属基本图形结构特征；现绑别名逐字含“简单组合体及其构成方式”。,slice-91
MATH,多面体与旋转体,ext-mat-8ae7e0e6e7-004,多面体与旋转体,,KEEP,「棱台：底面互相平行且相似，各侧棱延长线交于一点，侧面为梯形」——棱台结构特征；现绑别名逐字含本材料题名“棱柱、棱锥、棱台的结构特征（§7.1·知识梳理）”。,slice-91
MATH,多面体与旋转体,math-kb-polyhedron-structure-features,多面体与旋转体,,KEEP,「棱柱：底面互相平行且全等，侧棱平行且相等，侧面是平行四边形」——底面、侧棱、侧面的关系即多面体结构特征；现绑别名逐字含本题名。,slice-91
MATH,容斥原理,ext-mat-51dacf7571-009,容斥原理,,KEEP,「把重复计数的部分减去，把多减的部分再加回来，可用于韦恩图或“参加活动人数”类实际问题」——容斥公式的加减思想；现绑别名逐字含『有限集合元素个数的计数公式』。,slice-91
MATH,对折叠与展开问题认识不清致误,ext-mat-2fc4d7ddd5-004d,对折叠与展开问题认识不清致误,,KEEP,「把正方形 $ABCD$ 沿对角线 $AC$ 折成直二面角」「“折成直二面角”只说明两个半平面垂直，不说明其余角都是直角」——折痕两侧不变量与位置关系，别名逐字含本条标题。,slice-91
MATH,对折叠与展开问题认识不清致误,ext-mat-7c4b964403-007,对折叠与展开问题认识不清致误,,KEEP,「翻折过程中某个面固定不动时，它始终不过外接球球心」「故外接球半径不会取到唯一的极小值」——翻折中的不变量与外接球极值判断，现绑别名逐字含本条标题。,slice-91
MATH,对折叠与展开问题认识不清致误,math-folding-plane-vs-solid-processing,对折叠与展开问题认识不清致误,,KEEP,「1. 不变的关系：在平面图形中处理，再迁移到立体图形中」「2. 变化的关系：一般在翻折后的立体图形中处理」——即现绑边界「区分过程中的变量与不变量」，保留。,slice-91
MATH,寻找角的关系,ext-mat-04f7dd8847-008,寻找角的关系,,KEEP,「$\sin^2A+\sin^2B+\sin^2C=2+2\cos A\cos B\cos C$」「若…$=2$，则 $\cos A\cos B\cos C=0$，即三角形有一个角为直角」——现绑别名逐字含『直角三角形中的三角恒等式』。,slice-91
MATH,寻找角的关系,ext-mat-91e0c2ace8-049,寻找角的关系,,KEEP,「可将角拆为两特殊角的和或差（或拆出的两个角的和或差为特殊角）」「有时需要将问题中的某个常数写成某个三角函数值或式（即常值代换）」——现绑边界即拆角特殊角与常值代换。,slice-91
MATH,寻找角的关系,ext-mat-98e813b184-005b,寻找角的关系,,KEEP,「在 $\triangle ABC$ 中，$a=b\cos C+c\cos B$…」「$\tan A+\tan B+\tan C=\tan A\cdot\tan B\cdot\tan C$」——解三角形常用结论；现绑别名逐字含本材料标题。,slice-91
MATH,导数与函数零点问题,ext-mat-4e258ba37b-001b,导数与函数零点问题,,KEEP,「$b^2-3ac>0$ 且 $f(x_1)\cdot f(x_2)<0$」「把“方程 $f(x)=0$ 有几个根”转化为“函数 $y=f(x)$ 的图象与 $x$ 轴有几个交点”」——三次方程根的个数与极值符号，正是现绑『导数与函数零点问题』。,slice-91
MATH,导数中的双变量问题,ext-mat-7fc43c22c1-002,导数中的双变量问题,,KEEP,「令 $t=\frac{x_1}{x_2}>1$，则只需证」「常用对数的运算性质化为 $\ln\frac{x_1}{x_2}$ 或 $\ln\frac{x_2}{x_1}$」——比值代换消元（对数比值不等式），正合现绑『导数中的双变量问题』（别名逐字含本标题）。,slice-91
MATH,导数中的双变量问题,ext-mat-7fc43c22c1-002b,导数中的双变量问题,,KEEP,「得 $x_1$、$x_2$ 是 $x^2-ax+1=0$ 的两个不等正根」「可利用根与系数的关系得出 $x_1+x_2$、$x_1x_2$，通过两根之和或两根之积将其中一个根用另一个根表示」——韦达定理消元，现绑别名逐字含本标题。,slice-91
MATH,导数的几何意义,ext-mat-510c066544-004,导数的几何意义,,KEEP,「正弦曲线上与曲线只有唯一公共点的直线未必与该曲线相切」「切线必须用割线的极限位置来定义」「f′(x0)>0时切线与横轴正向的夹角为锐角，函数在该点瞬时递增」——切线定义辨析与斜率符号，属现绑『导数的几何意义』，保留。,slice-91
MATH,导数的几何意义,ext-mat-62744ff0cf-004,导数的几何意义,,KEEP,「把点到直线的距离看成函数，其最小值在切线与定直线平行处取得」「设切点(x0;y0)，令f′(x0)=k直线」——切线平行求距离最小值，属现绑『导数的几何意义』，保留。,slice-91
MATH,导数的几何意义,ext-mat-62744ff0cf-006b,导数的几何意义,,KEEP,「所求即为f(x)图象上的点到直线y=2x距离最小值的平方」「令f′(x)=…=2，得x=0，切点为(0;−1)」——切线平行于定直线求距离最小值，与现绑同族《用“切线平行于已知直线”求距离最小值》一致，保留。,slice-91
MATH,导数的几何意义,ext-mat-67879b3ebb-003b,导数的几何意义,,KEEP,「函数的平均变化率的几何意义是曲线割线的斜率」「当点Q沿曲线无限接近点P……割线的极限位置叫做曲线在点P处的切线，割线斜率的极限就是切线的斜率」——割线与切线斜率，属现绑『导数的几何意义』（边界含割线与切线），保留。,slice-91
MATH,导数的几何意义,ext-mat-67879b3ebb-004,导数的几何意义,,KEEP,「切线斜率的符号直接刻画函数在该点附近的增减情况」「若f′(x0)=0，切线与x轴平行，函数在该点瞬时无增减」——切线斜率符号与增减性，属现绑『导数的几何意义』，保留。,slice-91
MATH,导数的几何意义,ext-mat-98e813b184-007d,导数的几何意义,,KEEP,「令导数值等于斜率」「直线是曲线的切线只需找到一个切点使切线与该直线重合，不要求唯一」——切线判定与切线方程求法，属现绑『导数的几何意义』（边界含切点不明先设切点再解），保留。,slice-91
MATH,导数的几何意义,ext-mat-a356a31c16-002,导数的几何意义,,KEEP,「区间上的平均变化率……就是连接这两点割线的斜率」「某一时刻的变化快慢：f(t0)处的导数值就是图象在t=t0处切线的斜率」——用割线与切线斜率解读变化快慢，属现绑『导数的几何意义』，保留。,slice-91
MATH,导数的概念,ext-mat-510c066544-001,导数的概念,,KEEP,「瞬时速度：物体在某一时刻的速度称为瞬时速度」「平均变化率：函数从 $x_1$ 到 $x_2$ 的平均变化率定义为……」——现绑边界即瞬时变化率与平均变化率之分。,slice-91
MATH,已知函数单调性求参数,math-binomial-coefficients-monotonic-symmetric,已知函数单调性求参数,二项式系数的性质,REBIND,「二项式系数 $C_n^k$ 的最值…由组合数关于 $n$ 的单调性决定：二项式系数先增后减、对称分布（$C_n^k=C_n^{n-k}$）」——通篇二项式系数的增减与对称；现绑『已知函数单调性求参数』只讲导数求参。,slice-91
MATH,平面向量基本定理,ext-mat-289deb9ecd-1787,平面向量基本定理,,KEEP,「基底不唯一，只要是同一平面内的两个不共线向量都可以作为基底」「构成基底的两向量必须是非零向量」——对基底的四点理解，属现绑基本定理。,slice-91
MATH,平面向量基本定理,ext-mat-7b46fb3adf-013,平面向量基本定理,,KEEP,「同一组不共线基底下，向量的表示式是唯一的」「让对应系数相等，得到关于未知系数的方程组」——由表示唯一性比较系数求参数，属现绑基本定理。,slice-91
MATH,平面向量基本定理,ext-mat-7b46fb3adf-016,平面向量基本定理,,KEEP,「第一步定基底…第四步求结果：利用基底不共线时系数唯一这一性质，解方程组或不等式」——基底法四步，现绑别名含『向量运算的基底法』『应用平面向量基本定理表示向量的思路』。,slice-91
MATH,平面向量基本定理,ext-mat-dcbf345f64-010,平面向量基本定理,,KEEP,"「若对基底 {e1,e2} 有 a＝λ1e1＋λ2e2＝μ1e1＋μ2e2，则 λ1＝μ1，λ2＝μ2，即基底给定后同一向量的分解形式唯一」——属现绑基本定理。",slice-91
MATH,平面向量基本定理,math-fx-jidi-youxian-sixiang,平面向量基本定理,,KEEP,「基底选择原则：选已知长度、夹角的向量」「由此列方程组求参数」——基底优先思想与唯一性转化，即现绑平面向量基本定理。,slice-91
MATH,平面向量的线性运算,ext-mat-550f58da7b-024,平面向量的线性运算,,KEEP,「若 $\overrightarrow{AP}=\lambda\overrightarrow{PB}$，则点 $P$ 把线段 $AB$ 分成两部分，且 $AP:PB=\lambda:1$」「这样就把向量的数乘关系翻译成了几何比例」——数乘的几何意义，属现绑『平面向量的线性运算』。,slice-91
MATH,应用等比数列性质解题时的2个注意点,math-hj-jufafa-shiyong-guize,应用等比数列性质解题时的2个注意点,集合的含义与表示,REBIND,「用列举法表示集合时：元素之间必须用“，”隔开；同一集合中元素不能重复；与元素书写顺序无关」——通篇是集合的列举法表示规则；现绑『应用等比数列性质解题时的2个注意点』讲数列性质，与正文无涉；靶节点别名含『集合的常用表示方法：列举法、描述法、区间、韦恩图』。,slice-91
MATH,待定系数法-若已知函数的类型-如一次函数-二次函数等-可用待定系数法,ext-mat-b1b2d080b9-002,待定系数法-若已知函数的类型-如一次函数-二次函数等-可用待定系数法,,KEEP,「求二次函数解析式的基本方法是待定系数法：……设定二次函数的一般形式 $f(x)=ax^2+bx+c$；把已知条件……代入，建立关于 $a$、$b$、$c$ 的方程组」——即现绑待定系数法三步（别名逐字含该题名；文末根与系数、准线为外延）。,slice-91
MATH,待定系数法-若已知函数的类型-如一次函数-二次函数等-可用待定系数法,math-hj-s27-log-digit,待定系数法-若已知函数的类型-如一次函数-二次函数等-可用待定系数法,对数运算,REBIND,「设 $N=10^{k+t}$（$0\le t<1$），则 $N$ 有 $k+1$ 位；由常用对数值（如 $\lg2\approx0.301$）估算 $\lg N$」——通篇用对数运算估值；靶节点『对数运算』已收同讲姊妹『对数运算的化简策略』（同源 math-hj-s27）。,slice-91
MATH,待定系数法-若已知函数的类型-如一次函数-二次函数等-可用待定系数法,math-hj-s81-line-methods,待定系数法-若已知函数的类型-如一次函数-二次函数等-可用待定系数法,直线的方程,REBIND,「1. 直接法：由斜率、定点等直接写方程。2. 待定系数法：先定型（点斜式、一般式等）再定量」——通篇求直线方程的两种方法；靶节点『直线的方程』已收两条同名『求直线方程的两种方法』（629afb1c0a-005、f5a8b3c0bf-024）。,slice-91
MATH,性质法-利用函数性质-若能确定函数的单调性-则其零点个数不难得到,math-cubic-zero-count-delta-le-zero,性质法-利用函数性质-若能确定函数的单调性-则其零点个数不难得到,,KEEP,「若 $\Delta\le 0$，则根据单调性（全局单调且值域为 $\mathbb{R}$），知 $f(x)$ 有且只有一个零点」——正合现绑『依据函数单调性…判断零点个数』（备选『三次函数的零点分布』，见备注）。,slice-91
MATH,性质法-利用函数性质-若能确定函数的单调性-则其零点个数不难得到,math-fx-jizi-jigeshu-jielun,性质法-利用函数性质-若能确定函数的单调性-则其零点个数不难得到,子集的个数问题,REBIND,「$|A|=n$（$n\ge 1$）时，子集 $2^n$ 个、真子集 $2^n-1$ 个、非空真子集 $2^n-2$ 个」——目标节点边界逐字同（含非空真子集为 $2^n-2$）；现绑『性质法』只讲零点个数，全不相干。,slice-91
MATH,性质法-利用函数性质-若能确定函数的单调性-则其零点个数不难得到,math-fx-sanci-hanshu-lingdian-fenbu,性质法-利用函数性质-若能确定函数的单调性-则其零点个数不难得到,,KEEP,「设 $a>0$，极大值 $M=f(x_1)$、极小值 $m=f(x_2)$」「$M>0$ 且 $m<0$ 时恰有 3 个不同零点」——现绑边界明写『适用于三次函数』（备选『三次函数的零点分布』『导数与函数零点问题』，见备注）。,slice-91
MATH,性质法-利用函数性质-若能确定函数的单调性-则其零点个数不难得到,math-hj-lingdian-xiangguan-jielun,性质法-利用函数性质-若能确定函数的单调性-则其零点个数不难得到,,KEEP,「连续函数若在定义域内单调，则至多有一个零点；周期函数若有零点，则必有无穷多个零点」——现绑边界『依据函数单调性、周期性…判断零点个数』。,slice-91
MATH,性质法-利用函数性质-若能确定函数的单调性-则其零点个数不难得到,math-mo-lingdian-geshu-sifa,性质法-利用函数性质-若能确定函数的单调性-则其零点个数不难得到,,KEEP,「直接法：令 $f(x)=0$ 直接求解，能求出解时解的个数即零点个数」「定理法：零点存在定理结合函数单调性、奇偶性确定个数」「图象法」「性质法」——四法综述仅一支属现绑节点，从宽保留（见备注）。,slice-91
MATH,性质法-利用函数性质-若能确定函数的单调性-则其零点个数不难得到,math-mo-mihanshu-dandiao-qiou,性质法-利用函数性质-若能确定函数的单调性-则其零点个数不难得到,幂函数的图象与性质,REBIND,「$\alpha>1$ 时快速上升（单调递增）；$0<\alpha<1$ 时缓慢上升」「$p$ 为奇数且 $q$ 为奇数时奇函数」——通篇幂函数单调性与奇偶性；现绑『性质法』只讲零点个数，全不相干。,slice-91
MATH,性质法-利用函数性质-若能确定函数的单调性-则其零点个数不难得到,math-teshudian-geshu-wenti-tongyi,性质法-利用函数性质-若能确定函数的单调性-则其零点个数不难得到,,KEEP,「可以统一归类为函数在区间上的特殊点个数问题，利用“整体法”转化为点与区间的关系求解」——现绑边界含『三角函数零点（交点）个数的数形判断』（备选『三角函数中ω的取值范围问题』，见备注）。,slice-91
MATH,性质法-利用函数性质-若能确定函数的单调性-则其零点个数不难得到,math-zero-count-direct-solve,性质法-利用函数性质-若能确定函数的单调性-则其零点个数不难得到,,KEEP,「令 $f(x)=0$，直接解方程」「方程根的个数即函数零点的个数（注意方程可能有多个相等实根，重根只算一个零点）」——确定零点个数方法之一；库内『直接法』节点边界实为数形结合法，名实不符，从宽保留（见备注）。,slice-91
MATH,性质法-利用函数性质-若能确定函数的单调性-则其零点个数不难得到,math-zero-count-graph-direct-method,性质法-利用函数性质-若能确定函数的单调性-则其零点个数不难得到,,KEEP,「分析 $f(x)$ 的性质（奇偶性、单调性、周期性、特殊点）」「画出 $f(x)$ 的大致图象」「图象与 $x$ 轴交点个数即零点个数」——现绑边界『常与数形结合判断交点个数配合使用』（备选『直接法』，见备注）。,slice-91
MATH,性质法-利用函数性质-若能确定函数的单调性-则其零点个数不难得到,math-zero-count-theorem-plus-monotonicity,性质法-利用函数性质-若能确定函数的单调性-则其零点个数不难得到,,KEEP,「求导，划分 $f(x)$ 的单调区间」「对每个单调区间用零点存在定理：端点异号则有且仅有一个零点」——现绑『利用函数性质确定零点个数』（备选『定理法』『导数与函数零点问题』，见备注）。,slice-91
MATH,性质法-利用函数性质-若能确定函数的单调性-则其零点个数不难得到,math-zero-count-two-function-intersection,性质法-利用函数性质-若能确定函数的单调性-则其零点个数不难得到,,KEEP,「将 $f(x)=0$ 变形为 $h(x)=g(x)$ 的形式（常把参数放一边：$a=\varphi(x)$）」「两图象交点个数即零点（方程根）个数」——现绑同上，从宽保留（备选『直接法』节点，其边界即数形结合法，见备注）。,slice-91
MATH,抛物线焦半径,ext-mat-3ff4a6091d-008,抛物线焦半径,,KEEP,「抛物线 y²=2px 中，过焦点的直线倾斜角为 θ 时，|AB|=2p/sin²θ」「由焦半径公式 |AF|=p/(1-cosθ)、|BF|=p/(1+cosθ) 相加」——焦点弦长由焦半径公式推出，别名逐字含本题名，保留。,slice-91
MATH,抛物线焦半径,ext-mat-62da49d986-009,抛物线焦半径,,KEEP,「以焦点弦 AB 为直径的圆必与准线相切」「弦的一个端点在准线上的射影、坐标原点与弦的另一个端点三点共线」——均从抛物线定义换成准线距离推出，别名逐字含本题名，保留。,slice-91
MATH,指对幂比较大小的常用方法,ext-mat-0daa9b88c8-004,指对幂比较大小的常用方法,,KEEP,「当底数、指数、真数都不同时，寻找0、1或其它能判定大小关系的中间量，先分别判断各数与中间量的大小」——即现绑『指对幂比较大小的常用方法』之一；库内无中间量法专节点，保留。,slice-91
MATH,换元法-主要用于解决已知的解析式-求函数的解析式的问题,ext-mat-b1aceeb4bf-005b,换元法-主要用于解决已知的解析式-求函数的解析式的问题,,KEEP,「适用情形：已知复合函数 $f(g(x))$ 的表达式……用配凑法求 $f(x)$ 的解析式」「所求函数的定义域……是内层函数 $g(x)$ 的值域」——与现绑同属“已知 f(g(x) 求 f(x)”方法族（节点已收同题材料；MATH 清单无『配凑法』节点，保留）。,slice-91
MATH,换元法-主要用于解决已知的解析式-求函数的解析式的问题,math-cubic-zero-count-extremum-value-zero,换元法-主要用于解决已知的解析式-求函数的解析式的问题,三次函数的零点分布,REBIND,「若 $f(x_1)=0$，则有两个零点 $m_1$ 和 $x_1$，且 $f(x)=a(x-m_1)(x-x_1)^2$」——Δ>0 且极值函数值为零的零点个数结论；靶节点边界即比较极值符号判断零点个数。,slice-91
MATH,换元法-主要用于解决已知的解析式-求函数的解析式的问题,math-fx-butou-zhouqi-jiqiao,换元法-主要用于解决已知的解析式-求函数的解析式的问题,由图象确定y=Asin（ωx+φ）的解析式,REBIND,「补周期：相邻最高点与最低点的水平距离为 $\dfrac{T}{2}$……定参数：补全后按“看最值定 $A$（$k$）、看周期定 $\omega$、看特殊点定 $\varphi$”执行」——靶节点边界即『图象只给出部分周期时先补全周期再求 ω』。,slice-91
MATH,换元法-主要用于解决已知的解析式-求函数的解析式的问题,math-fx-erci-hanshu-sanxingshi,换元法-主要用于解决已知的解析式-求函数的解析式的问题,二次函数的解析式与图象性质,REBIND,「三种形式：一般式 $f(x)=ax^2+bx+c$；顶点式 $f(x)=a(x-m)^2+n$……零点式……对称轴 $x=-\dfrac{b}{2a}$」——靶节点已收同题『二次函数的三种解析式与图象性质』（c114939125-004 逐点同）。,slice-91
MATH,换元法-主要用于解决已知的解析式-求函数的解析式的问题,math-fx-sanjiao-youtu-dingxishi,换元法-主要用于解决已知的解析式-求函数的解析式的问题,由图象确定y=Asin（ωx+φ）的解析式,REBIND,「1. 看最值定 $A$……2. 看周期定 $\omega$……3. 看特殊点定 $\varphi$」——通篇由图象定 y=Asin(ωx+φ) 解析式的“三看”；靶节点已收『读图定参数的三看思路』『由图象的特殊点求初相』等同题拆解材料。,slice-91
MATH,换元法-主要用于解决已知的解析式-求函数的解析式的问题,math-mo-changjian-hanshumoxing-qingdan,换元法-主要用于解决已知的解析式-求函数的解析式的问题,几种常见的函数模型,REBIND,「1. 一次函数模型 $f(x)=ax+b$……6. 与幂函数相关的模型 $f(x)=ax^n+b$」——六类常见函数模型解析式清单；靶节点已收『五类常见函数模型及其解析式』『八类常见函数模型的解析式』等同族。,slice-91
MATH,换元法-主要用于解决已知的解析式-求函数的解析式的问题,math-mo-tuxiang-bianshi-sibu,换元法-主要用于解决已知的解析式-求函数的解析式的问题,函数图象的识别,REBIND,「图象辨识题的解题思想是“对比选项，找寻差异，排除筛选”：1. 求函数定义域……2. 判断奇偶性……3. 找特殊值……4. 判断单调性」——由解析式排除选图；靶节点『函数图象的识别』已收『由解析式识别函数图象的方法』等同族。,slice-91
MATH,换元法-主要用于解决已知的解析式-求函数的解析式的问题,math-mo-youtu-qiujiexishi-sanding,换元法-主要用于解决已知的解析式-求函数的解析式的问题,由图象确定y=Asin（ωx+φ）的解析式,REBIND,「由图象求解析式：由最高（低）点确定 $A$……由周期（相邻零点、对称轴间距）确定 $\omega$，由特殊点……确定 $\varphi$」——即靶节点名『由图象确定y=Asin（ωx+φ）的解析式』。,slice-91
MATH,换元法-主要用于解决已知的解析式-求函数的解析式的问题,math-mo-youtu-xuanshi-sanchakan,换元法-主要用于解决已知的解析式-求函数的解析式的问题,由图象确定函数解析式的方法,REBIND,引文订正：「从图象的最高点、最低点分析函数的最值、极值」…「从图象的走向趋势分析函数的单调性、周期性」——靶节点已收同题材料 059f522234-004b，三条观察角度逐字同。,slice-91
MATH,排列,ext-mat-91e0c2ace8-125,排列,,KEEP,「先处理有特殊条件限制的元素（或位置），然后再处理没有限制的（或限制较少的）元素（或位置）」——现绑别名『特殊先安排法』『元素占位：有限制条件排列的优先原则』同讲。,slice-91
MATH,排列,ext-mat-91e0c2ace8-126,排列,,KEEP,「除序法…空位法 $A_n^{n-m}$；插入法 $C_n^mA_{n-m}^{n-m}$」——固序问题三法，现绑别名逐字含『固序问题的三种方法』。,slice-91
MATH,排列,ext-mat-91e0c2ace8-129b,排列,,KEEP,「把 n 个元素中必须相邻的 m 个元素捆绑成一个整体」「总排列数 = 外排数 × 内排数」——捆绑法，属现绑边界“范围包括相邻问题的捆绑法”。,slice-91
MATH,排列,ext-mat-91e0c2ace8-129c,排列,,KEEP,「将 k 个不能相邻的元素插入到这 (m+1) 个空位中」「先捆绑满足相邻，再插空满足不相邻」——插空法，与现绑别名『相邻与不相邻的综合处理』同族。,slice-91
MATH,排列,ext-mat-91e0c2ace8-130,排列,,KEEP,「先将丙和丁捆在一起」「甲不能站两端，只能插入中间的空位」——相邻与不相邻综合，现绑别名逐字含『相邻与不相邻的综合处理』。,slice-91
MATH,排列,ext-mat-91e0c2ace8-130b,排列,,KEEP,「正难则反是非常重要的数学思想…可以尝试从问题的反面进行分析」「两者相减得 $240-48=192$」——现绑别名逐字含『正难则反（补集法）』。,slice-91
MATH,排列组合的常用方法,ext-mat-289deb9ecd-1320b,排列组合的常用方法,,KEEP,「先不考虑特殊元素（位置），求出所有元素的全排列数，再从中减去不满足特殊元素（位置）要求的排列数」「含『至多』『至少』类词语的排列问题，常用间接法解答」——间接法是排列组合的常用方法之一，同一节点已收『定序问题与间接法的处理（PPT §10.2 思维升华）』。,slice-91
MATH,数列求和,ext-mat-f1e51d7286-004,数列求和,用裂项法求和的裂项原则及规律,REBIND,「裂项原则：一般是前面裂几项，后面就裂几项，直到发现被消去项的规律为止」「消项规律：消项后前面剩几项，后面就剩几项」——目标节点边界逐字同；现绑『数列求和』边界核心为并项求和法。,slice-91
MATH,数列的公共项问题,ext-mat-2602fd0aad-001b,数列的公共项问题,,KEEP,「把两个数列的公共项找出来剔除，再按大小排序求余下项的和」「2. 定临界位置：比较临界处两项的大小」——正对现绑边界『同一项只能算一次（剔除而不是相加）……临界位置的比较』。,slice-91
MATH,数列的有关概念,ext-mat-1fbf60cafb-011,数列的有关概念,由sn求an的步骤,REBIND,引文订正：「若数列 {a_n} 的前 n 项和为 S_n，则当 n≥2 时 a_n=S_n−S_{n−1}，而 a₁=S₁ 需单独计算并检验是否满足该式」——即由前 n 项和求通项；靶节点已收『由前 n 项和求通项公式』『由 Sn 求 an 的步骤』等 16 条同题材料。,slice-91
MATH,数形结合找临界,ext-mat-98e813b184-007c,数形结合找临界,,KEEP,「关于 x 的方程 f(x)=m 在区间上有两个不同的实数解，等价于 y=f(x) 在该区间上的图象与直线 y=m 有两个交点」「临界值来自端点函数值、最值」——现绑别名逐字含『方程解的个数转化为图象交点』。,slice-91
MATH,方差与标准差,ext-mat-914a1f50be-006,方差与标准差,,KEEP,「新数据的方差 $D(Y)=a^2D(X)$」「新数据的标准差 $s_Y=|a|s_X$」——现绑别名逐字含本题名，边界明列平移与伸缩变换。,slice-91
MATH,旋转体的结构特征,ext-mat-289deb9ecd-649,旋转体的结构特征,,KEEP,「轴截面：圆柱为全等的矩形，圆锥为全等的等腰三角形，圆台为全等的等腰梯形」——旋转体的轴截面与母线结论，现绑别名含“旋转体的轴截面与侧面展开图（§7.1）”。,slice-91
MATH,极值点偏移问题,ext-mat-90ae3786f3-002,极值点偏移问题,,KEEP,「要证 $x_1+x_2>2$，只要证 $x_2>2-x_1$」「令 $H(x)=f(x)-f(2-x)$」——对称化构造证两根之和偏移，属现绑典型题型。,slice-91
MATH,极值点偏移问题,ext-mat-90ae3786f3-003,极值点偏移问题,,KEEP,「要证 $x_1x_2<1$，即证 $x_1<\frac{1}{x_2}$」「证法二（对数平均不等式）」——积型极值点偏移的对称化构造与对数平均证法，属现绑。,slice-91
MATH,极值点偏移问题,ext-mat-91e0c2ace8-044,极值点偏移问题,,KEEP,「对称化构造法（解决极值点偏移问题最基本的方法）」「构造函数 $g(x)=f(x)-f(2x_0-x)$」——正文即对称化构造证极值点偏移，正合现绑。,slice-91
MATH,极值点偏移问题,ext-mat-91e0c2ace8-047,极值点偏移问题,,KEEP,「构建函数 $G(x)=f(x)-F(x)$，求导研究其单调性」「以上泰勒公式解题法只限于证明 $x_1+x_2>2x_0$」——泰勒构造法证极值点偏移及其适用范围。,slice-91
MATH,极化恒等式,ext-mat-841e4d221f-008,极化恒等式,,KEEP,「证明思路：连接 PO，根据极化恒等式」「由于矩形的两条对角线长度相等，故两式相等，得结论②」——极化恒等式在矩形中的推证与应用，现绑别名逐字同题。,slice-91
MATH,构造法求数列通项,ext-mat-7372231440-002,构造法求数列通项,,KEEP,「两边同除以 $q^{n+1}$」「这类化归的核心都是通过同除或取倒数，把陌生的递推式变成熟悉的 $b_{n+1}=pb_n+q$ 型」——即现绑边界『两边同除或取倒数』。,slice-91
MATH,构造法求数列通项,ext-mat-91e0c2ace8-067c,构造法求数列通项,,KEEP,「两边同除以 $(n+1)^2(n+2)^2$」「在原递推式两边取对数得 $\lg a_{n+1}=q\lg a_n+\lg p$」——同除/取对数把递推式构造化归为常数列与线性型，属现绑。,slice-91
MATH,根式与分数指数幂,ext-mat-36b898abe1-002,根式与分数指数幂,,KEEP,「若某数的 n 次方等于 a，则该数称为 a 的 n 次方根」「当 n 为奇数时开 n 次方还原原数，n 为偶数时结果为绝对值」——n 次方根定义与方根性质，现绑别名逐字。,slice-91
MATH,概率的基本性质,ext-mat-06d9bbe626-002b,概率的基本性质,,KEEP,「所谓几个事件彼此互斥，就是它们各自包含的结果所组成的集合之间没有公共元素」「互斥事件并事件的概率等于各事件概率之和」——互斥/对立的集合理解与加法公式推广，别名逐字含本题名，保留。,slice-91
MATH,概率的基本性质,math-mo-huchi-vs-duili-shijian,概率的基本性质,,KEEP,「事件 A 与其对立事件必有一个发生、且不会同时发生」「对立必互斥，互斥未必对立」——互斥与对立的辨析，落在现绑边界『互斥事件加法公式与对立事件概率公式』内，保留。,slice-91
MATH,正弦定理,ext-mat-98e813b184-008d,正弦定理,,KEEP,「设 $AD=x$，在 $\triangle ACD$ 中，由正弦定理得」——爪型三角形设边建方程，别名逐字含本条标题。,slice-91
MATH,正弦定理,ext-mat-bb7557b53f-002b,正弦定理,,KEEP,「由正弦定理求 $\sin B=\frac{b\sin A}{a}$，再按角 $B$ 的所有可能取值讨论解的个数」——正弦定理解的多解讨论，属现绑『正弦定理』（别名含『正弦定理与三角形解的个数』）。,slice-91
MATH,正弦定理,ext-mat-e4c87437a2-007,正弦定理,,KEEP,「由大边对大角得 $c>a>b$，再用正弦定理 $\frac bc=\frac{\sin B}{\sin C}$ 求出最短边与最长边之比」——别名逐字含本条标题『比较边的大小转化为比较角的大小』。,slice-91
MATH,正弦定理,ext-mat-e4c87437a2-009b,正弦定理,,KEEP,「化边为角：$\frac ba=\frac{\sin B}{\sin A}$；」「列锐角条件：三个角都在 $\left(0，\frac\pi2\right)$ 内」——别名逐字含本条标题『锐角三角形中边比取值范围的求法』。,slice-91
MATH,正弦定理,math-fx-bianjiao-hunhe-celue,正弦定理,,KEEP,「识别齐次性：各项中“边的次数”一致（如 $a\cos B$ 与 $b\cos A$ 都是一次边）时，可用正弦定理统一化角（或化边）」「边化角适用：化角后能约分或用和差公式化简」——正弦定理边角互化策略，别名逐字含本条标题『边角混合等式的处理策略』。,slice-91
MATH,正弦定理,math-hj-dabian-duidajiao,正弦定理,,KEEP,「在三角形中：$a>b\Leftrightarrow A>B\Leftrightarrow\sin A>\sin B\Leftrightarrow\cos A<\cos B$；大边对大角，大角对大边」——别名逐字含『大边对大角』。,slice-91
MATH,正弦定理,math-hj-jie-sanjiaoxing-jiegeshu-taolun,正弦定理,,KEEP,「已知 $a$、$b$ 和角 $A$（$A$ 为锐角）：$a<b\sin A$ 无解；$a=b\sin A$ 一解（直角）；$b\sin A<a<b$ 两解；$a\ge b$ 一解；$A$ 为直角或钝角时 $a>b$ 一解、否则无解」——正弦定理解个数讨论，别名含『正弦定理与三角形解的个数』。,slice-91
MATH,正弦定理,math-hj-s47-solution-count,正弦定理,,KEEP,「由正弦定理 $\sin B=\dfrac{b\sin A}{a}$：大于1无解；等于1时 B=90°（须检验 $a<b$）；小于1时若 $a\ge b$ 一解，若 $a<b$ 两解」——正弦定理解个数判断，属现绑『正弦定理』。,slice-91
MATH,比较函数值的大小-先将自变量转化到同一个单调区间内-然后利用函数的单调性解决,ext-mat-6f58320218-008,比较函数值的大小-先将自变量转化到同一个单调区间内-然后利用函数的单调性解决,,KEEP,「用奇偶性把自变量“搬”到同一个单调区间」——现绑别名逐字含『用奇偶性把自变量归到同一区间』。,slice-91
MATH,比较函数值的大小-先将自变量转化到同一个单调区间内-然后利用函数的单调性解决,math-monotonicity-domain-restriction,比较函数值的大小-先将自变量转化到同一个单调区间内-然后利用函数的单调性解决,,KEEP,「去掉外壳 $f$ 后，不等式两端的变量仍须落入相应单调区间内，需联立定义域约束」——正对现绑边界“根据单调性条件脱去 f…转化为自变量间大小问题时应注重定义域”。,slice-91
MATH,比较函数值的大小-先将自变量转化到同一个单调区间内-然后利用函数的单调性解决,math-omega-dantiao-siyu1-chubu-gusuan,比较函数值的大小-先将自变量转化到同一个单调区间内-然后利用函数的单调性解决,三角函数中ω的取值范围问题,REBIND,「单调区间长度不大于半个周期」——由单调性求ω范围，目标节点别名逐字含『利用单调性求ω的范围』『由单调区间求 ω 的取值范围』；现绑节点只讲比较函数值大小。,slice-91
MATH,比较函数值的大小-先将自变量转化到同一个单调区间内-然后利用函数的单调性解决,math-teshudian-siyu2-zhuanhua-dao-t,比较函数值的大小-先将自变量转化到同一个单调区间内-然后利用函数的单调性解决,三角函数中ω的取值范围问题,REBIND,「得到区间端点 $\omega m+\varphi$ 和 $\omega n+\varphi$ 的取值范围，进而解得 $\omega$ 的取值范围」——求ω范围的“思路2”，同书『特殊点个数求 ω 思路1：转化到 x 列不等式组』已在该节点；现绑节点只讲比较函数值大小。,slice-91
MATH,求体积的常用方法,ext-mat-695daa53da-011c,求体积的常用方法,,KEEP,「该多面体补成棱长为 4 的正方体时，它的体积恰为正方体体积的一半」「高等于正方体体对角线的一半」——补形法求体积，属现绑『求体积的常用方法』。,slice-91
MATH,求解几何体外接球的半径的思路,ext-mat-2fc4d7ddd5-001c,求解几何体外接球的半径的思路,,KEEP,「若 $SA\bot$ 平面 $ABC$ 且 $O$ 在直线 $OO_1$ 上…由 $OA=OS$ 得 $OO_1=MA=\frac12SA$」——球心到截面距离与高的关系，别名逐字含本题名。,slice-91
MATH,求解几何体外接球的半径的思路,ext-mat-6b581c0987-004b,求解几何体外接球的半径的思路,,KEEP,「$PA=PD$，故 $\triangle PAD$ 的外接圆圆心在线段 $PO$ 上…球心 $M$ 在 $yOz$ 平面内」「设 $M(0，1，s)$，由 $|MA|=|MP|$ 解得 $s=\frac34$」——双面定球心，别名逐字含本题名。,slice-91
MATH,求解几何体外接球的半径的思路,ext-mat-91e0c2ace8-081,求解几何体外接球的半径的思路,,KEEP,「顶点在底面的投影与底面三个顶点构成长方形…这样的三棱锥也可以补形成长方体」「由 $R^2=r^2+\frac{h^2}{4}$…可以反求高 $h$」——别名逐字含本题名。,slice-91
MATH,求解几何体外接球的半径的思路,ext-mat-95e236319c-007b,求解几何体外接球的半径的思路,,KEEP,「设球心 $O\left(x;y;z\right)$，写出 $OP^2$、$OB^2$、$OC^2$、$OD^2$ 的表达式」「由 $OP=OB=OC=OD$ 联立解出」——别名逐字含本题名。,slice-91
MATH,求解几何体外接球的半径的思路,ext-mat-95e236319c-014,求解几何体外接球的半径的思路,,KEEP,「取 $O_1O_2$ 的中点 $O$，则 $O$ 到 $P$ 与到 $A$、$B$、$C$、$D$ 的距离都相等」「故 $O$ 就是四棱锥 $P-ABCD$ 的外接球球心」——用中点定球心，别名逐字含本题名。,slice-91
MATH,求解几何体外接球的半径的思路,ext-mat-dfae5c6f26-002b,求解几何体外接球的半径的思路,,KEEP,「球内接旋转体（圆锥、圆柱、圆台）的球心都在旋转轴上。把立体问题投影到过轴的截面上…再用勾股定理列方程」——轴截面法，别名逐字含本题名。,slice-91
MATH,求解几何体外接球的半径的思路,ext-mat-f6298dd0a9-002,求解几何体外接球的半径的思路,,KEEP,「长方体的外接球的直径等于长方体的体对角线长…$2R=\sqrt{a^{2}+b^{2}+c^{2}}$」「外接球半径 $R=\frac{\sqrt{6}}{4}a$，内切球半径 $r=\frac{\sqrt{6}}{12}a$」——别名逐字含本题名（内切球为对照）。,slice-91
MATH,求解几何体外接球的半径的思路,math-fx-qiangjiao-buchang-changfangti,求解几何体外接球的半径的思路,,KEEP,「墙角模型：三棱锥三条侧棱两两垂直…补成长方体后体对角线即外接球直径，$2R=\sqrt{a^2+b^2+c^2}$」「对棱相等模型…」——补形法，别名逐字含本题名。,slice-91
MATH,泰勒展开式,ext-mat-bb6b7558b9-002,泰勒展开式,,KEEP,「麦克劳林公式是泰勒公式中取x0=0得到的特殊结果」——麦克劳林为泰勒特例；别名逐字含『麦克劳林公式（第三章培优点3）』，nodes_MATH.tsv 无独立麦克劳林节点。,slice-91
MATH,洛必达法则,ext-mat-e8be315383-004,洛必达法则,,KEEP,「指数函数在正无穷方向为爆发式增长，幂函数次之且指数越大越快，对数函数增长很慢，一次函数增速不变」「据此可判断分式在端点处的极限趋势」——增长速度用于端点极限趋势，现绑别名逐字含『函数的增长速度与极限』。,slice-91
MATH,点到平面的距离,ext-mat-95e236319c-011b,点到平面的距离,,KEEP,「$E$（在 $A_1D$ 上）到平面 $B_1D_1C$ 的距离与 $A_1$ 到该平面的距离相等，只需算 $A_1$ 的距离」——用“平行线上的点等距”转化；现绑别名逐字含此标题。,slice-91
MATH,点到平面的距离,ext-mat-e8a8ce9983-017,点到平面的距离,,KEEP,「求点面距一般有三种方法：作点到面的垂线求垂线段长；等体积法；向量法」——点线距与点面距的求法归纳；现绑别名逐字含此标题。,slice-91
MATH,点到平面的距离,math-kb-volume-equivalent-method,点到平面的距离,,KEEP,「三棱锥可交换底面与顶点：$V_{A-BCD}=V_{B-ACD}$」「选取已知面积与对应高的面列等式」——等体积法求点到平面的距离；现绑别名逐字含『等体积法求点到平面的距离』。,slice-91
MATH,特征根法与不动点法,ext-mat-289deb9ecd-1208,特征根法与不动点法,,KEEP,「用待定系数法将其转化为等比数列（或常数列），即令 a_{n+2}−xa_{n+1}=y(a_{n+1}−xa_n)，展开后与原递推式比较系数求出 x、y」——二阶递推化归；现绑别名逐字含『二阶线性递推的待定系数转化』。,slice-91
MATH,特征根法与不动点法,ext-mat-91e0c2ace8-070b,特征根法与不动点法,,KEEP,「形如 $a_{n+1}=\frac{Ca_n}{Aa_n+B}$ 的数列也可以用不动点法求通项，但非常复杂，优先用取倒数法」——现绑别名逐字含『分式递推的方法选择』。,slice-91
MATH,特征根法与不动点法,ext-mat-cc379bd50e-017,特征根法与不动点法,,KEEP,「用待定系数法化为特殊数列：设 an+2−x1an+1=x2(an+1−x1an)」「解出 x1、x2 后 an+1−x1an 构成的数列是公比为 x2 的等比数列」——属现绑边界第(3)条二阶递推特征根/待定系数化归。,slice-91
MATH,独立性检验,ext-mat-8c2b3b9629-007,独立性检验,,KEEP,「列联表把分类变量X（取值0、1）与Y的抽样数据交叉排列成2×2表格」「行合计为a+b与c+d，列合计为a+c与b+d，总计n=a+b+c+d」——2×2列联表结构与各格读取，现绑边界即“先列2×2列联表”，保留。,slice-91
MATH,独立性检验,ext-mat-b880653adf-003,独立性检验,,KEEP,「分类变量是用于区别不同现象或性质的随机变量」「关于分类变量X和Y的2×2列联表列出X=0、1与Y=0、1的频数a、b、c、d」——分类变量与列联表，属现绑『独立性检验』，保留。,slice-91
MATH,独立性检验,math-hj-denggao-tiaoxingtu-panding,独立性检验,,KEEP,「比较两类别中某特征的比例……二者相差越大，两个分类变量有关系的把握越大；精确判断需结合χ²统计量与临界值」——等高堆积条形图判断相关性并与χ²衔接，属现绑『独立性检验』，保留。,slice-91
MATH,独立性检验,math-hj-s94-contingency,独立性检验,,KEEP,「列联表按两个分类变量的取值交叉统计频数，行和、列和与总和是基本约束」——2×2列联表的频数结构，属现绑『独立性检验』（边界含先列列联表），保留。,slice-91
MATH,用向量法求解直线与平面所成角的方法,ext-mat-2fc4d7ddd5-003b,用向量法求解直线与平面所成角的方法,,KEEP,「$AE$、$ED$、$EF$两两垂直，可以 $E$ 为原点建系」「代…求线面角的正弦」——建系后用向量法求线面角，材料标题即现绑别名。,slice-91
MATH,由sn求an的步骤,ext-mat-139eda59d2-004,由sn求an的步骤,,KEEP,「$a_n=S_n-S_{n-1}$ 只对 $n\ge 2$ 成立；而 $a_1=S_1$」「若满足则合并为一个公式，若不满足则写成分段形式」——现绑别名逐字含「数列的通项与前n项和的关系」。,slice-91
MATH,由sn求an的步骤,ext-mat-298a51ae15-002b,由sn求an的步骤,,KEEP,「两式相减得 $a_n=S_n-S_{n-1}$（$n\ge2$）」「③ 检验 $a_1$ 是否满足 $n\ge2$ 时的表达式」——即现绑边界「固定三步」，别名逐字含本条标题。,slice-91
MATH,由sn求an的步骤,ext-mat-91e0c2ace8-064,由sn求an的步骤,,KEEP,「①$-$②得 $4a_n=3a_n-3a_{n-1}$」「当 $n=1$ 时……$a_1=4\ne0$」——由Sn与an关系式求通项并检验首项，别名逐字含「由前 n 项和关系求通项」。,slice-91
MATH,由sn求an的步骤,ext-mat-e5c2f793ad-016,由sn求an的步骤,,KEEP,「$a_n=S_n-S_{n-1}$（n≥2），且 $a_1=S_1$ 必须单独计算」「数列 $\{\dfrac{S_n}{n}\}$ 也是等差数列」——主体为由Sn求an，S_n/n等差性为附（notes），保留。,slice-91
MATH,由图象确定y=Asin（ωx+φ）的解析式,ext-mat-aea9ac4cd1-008,由图象确定y=Asin（ωx+φ）的解析式,,KEEP,「一看最值定 A 与 b…二看周期定 ω…三看特殊点定 φ」——读图定参数，别名逐字含本条标题。,slice-91
MATH,直线与圆的位置关系,ext-mat-45351bbbe7-002,直线与圆的位置关系,,KEEP,「设圆的半径为 r、圆心到直线的距离为 d，则弦长 |AB|=2\sqrt{r^2-d^2}」「过圆内一定点 P 的弦中，与 CP（C 为圆心）垂直的弦最短」——现绑边界明含求弦长与圆上点计数问题。,slice-91
MATH,直线与圆的位置关系,ext-mat-91e0c2ace8-092b,直线与圆的位置关系,,KEEP,「如圆上至少有三个点到直线 l 的距离为 d'，则 d\le r-d'」→整理为齐次二次不等式求斜率范围再定倾斜角——属现绑边界『圆上到直线距离为定值的点的个数等计数问题』。,slice-91
MATH,直线与平面所成角,ext-mat-8b5f712f59-009,直线与平面所成角,,KEEP,「线面角θ的正弦值等于直线的方向向量a与平面的法向量n所成角余弦值的绝对值，即sinθ＝|cos〈a，n〉|。」——现绑边界即线面角的向量公式，别名含『线面角的向量表示』。,slice-91
MATH,直线与直线的位置关系,ext-mat-289deb9ecd-713,直线与直线的位置关系,等角定理,REBIND,「空间等角定理：如果空间中两个角的两条边分别对应平行，那么这两个角相等或互补」——同页兄弟『基本事实4与等角定理的适用范围』已绑靶节点；现绑只讲位置关系与异面角，无涉。,slice-91
MATH,直线和平面所成的角,ext-mat-95e236319c-001b,直线和平面所成的角,,KEEP,「过 $D$ 作 $DF\bot CE$，交 $CE$ 的延长线于 $F$，由面面垂直的性质得 $DF\bot$ 平面 $ABC$」「故 $\angle DCE$ 就是直线 $CD$ 与平面 $ABC$ 所成的角」——线面角的构造与求法。,slice-91
MATH,直线和平面所成的角,ext-mat-d1643f50bc-008,直线和平面所成的角,,KEEP,「故过点 $P$ 作交线 $QD$ 的垂线 $PF$ 即得线面垂直（$\angle FEP$ 为所求角）」——线面角的定义法（补形与平移转化）。,slice-91
MATH,直线的方向向量和平面的法向量,math-hj-s81-slope-angle,直线的方向向量和平面的法向量,直线的倾斜角与斜率,REBIND,「$\alpha=90^\circ$ 时斜率不存在」「$k=\tan\alpha=\dfrac{y_2-y_1}{x_2-x_1}$」——通篇倾斜角与斜率的定义与公式；靶『直线的倾斜角与斜率』边界即此，现绑『直线的方向向量和平面的法向量』为空间向量项。,slice-91
MATH,直线的方程,ext-mat-21f409769a-002,直线的方程,,KEEP,「当直线不垂直于 $x$ 轴时，斜率与倾斜角为一一对应关系」「直线的一个方向向量为 $(1，k)$」「当直线的斜率存在时，可设直线方程为 $y=kx+b$」——三段分涉倾斜角斜率、方向向量与设方程，未明显越出（『直线的倾斜角与斜率』亦相关，保留）。,slice-91
MATH,直线的方程,ext-mat-ac5d633575-022,直线的方程,,KEEP,「$x$ 轴截距是令 $y=0$ 解出的 $x$」「截距不为零时用截距式并令两个截距相等；截距为零时直线过原点」——截距式的使用与分类讨论，属现绑『直线的方程』。,slice-91
MATH,直线的方程,ext-mat-ac5d633575-028,直线的方程,,KEEP,「已知定点时优先设点斜式，同时补上斜率不存在（直线垂直于 $x$ 轴）的特殊情况」「点到直线的距离必须先把直线化为一般式 $Ax+By+C=0$ 再代入」——由距离条件求直线方程的解题流程，属现绑范围（『点到直线的距离』亦相关，保留）。,slice-91
MATH,离散型随机变量,ext-mat-763f91af9a-004,离散型随机变量,,KEEP,「①p_i≥0（其中 i=1、2、…、n），即每一个取值对应的概率都非负；②∑p_i=1」「常见考查方式是给出含参数的分布列，利用 ∑p_i=1 求出参数」——分布列两条基本性质，别名逐字含本题名，保留。,slice-91
MATH,离散型随机变量,math-mo-yinhan-tiaojian-huizong-gailv,离散型随机变量,,KEEP,「离散型随机变量（如人数、个数）需取非负整数，且取各值的概率之和为 1」——分布列性质；末句频率分布直方图之和为1略超现绑，主体仍在节点内，保留（见备注）。,slice-91
MATH,离散型随机变量的期望,ext-mat-289deb9ecd-2197,离散型随机变量的期望,,KEEP,「Y=aX+b」「E(Y)=E(aX+b)=aE(X)+b」——期望的线性性质，属现绑『离散型随机变量的期望』边界所列「数学期望的定义与性质」（由分布列算期望的替换路径）。,slice-91
MATH,离散型随机变量的期望,ext-mat-849007b4e5-002,离散型随机变量的期望,,KEEP,「随机变量的均值是常数，由分布列唯一确定，不随试验结果而改变；样本的平均数是随机变量」——均值与样本平均数的辨析及期望的可加性，属现绑『离散型随机变量的期望』（同题 ext-mat-f534a57501-011 已判 KEEP）。,slice-91
MATH,空间几何体中的截面问题,ext-mat-6e17f801c0-002,空间几何体中的截面问题,,KEEP,「球与平面的交线都是圆（或圆弧），求交线长就是求圆的周长或弧长」「关键是求出球心到截面的距离，再用勾股定理求截面圆的半径」。球面交线长通法，属现绑节点。,slice-91
MATH,空间几何体中的截面问题,ext-mat-6e17f801c0-004b,空间几何体中的截面问题,,KEEP,「若 h 小于给定距离，则轨迹是以“定点在平面上的射影”为圆心、√(3²-h²) 为半径的圆面」「面积 S=πr²」。球面被平面截得圆面的半径与面积，现绑节点已收《球的截面性质 R²=r²+d²》同族。,slice-91
MATH,空间几何体中的截面问题,ext-mat-6e17f801c0-005,空间几何体中的截面问题,,KEEP,「球心在平面 PCD 上的射影 M 是△PCD 的中心」「故交线长为截面圆周长的 1/4，即 1/4×2πMF」。球面与侧面交线长化为圆弧与圆心角，现绑节点已收《球面与某个面的交线长（小圆与弧段）》同族。,slice-91
MATH,空间几何体中的截面问题,ext-mat-6e17f801c0-006,空间几何体中的截面问题,,KEEP,「DE 就是球心到上底面的距离（即台高）」「交线长＝2π/3×2＝4π/3」。台体中球面与底面交线长，属现绑节点球面交线族。,slice-91
MATH,空间几何体中的截面问题,ext-mat-f535f6e724-004b,空间几何体中的截面问题,,KEEP,「“到定点 C 的距离为定值 3”⇒动点 M 在球心为 C、半径为 3 的球面上」「轨迹是该球面被平面 BEF 截得的截面圆（圆面）」。核心是球面与平面交线的求半径，现绑节点球面交线族已有 8 条同源材料。,slice-91
MATH,空间几何体中的截面问题,ext-mat-f535f6e724-004c,空间几何体中的截面问题,,KEEP,「弦心距 OM=OP·OE/PE=√6/3」「本题三段落在外部的弧各 90°，故交线占 1/4 圆周」。小圆与弧段比例的解法，属现绑节点。,slice-91
MATH,空间几何体中的截面问题,ext-mat-f535f6e724-005,空间几何体中的截面问题,,KEEP,「由 BE⊥AD、AA₁⊥平面 ABCD 得 BE⊥平面 AA₁D₁D，即 E 是球心 B 在侧面上的射影（小圆圆心）」「小圆半径…√(7-3)=2」。球心射影、截面小圆与弧长，属现绑节点球面截面族。,slice-91
MATH,空间几何体中的截面问题,ext-mat-f535f6e724-005c,空间几何体中的截面问题,,KEEP,「A₁ 是上底面的一个顶点，小圆只有落在上底面内的一个象限部分，即 1/4 圆周」「交线长为 1/4×2π×4=2π」。顶点处只剩部分圆弧的弧长判断，属现绑节点。,slice-91
MATH,空间几何体中的截面问题,ext-mat-f535f6e724-006,空间几何体中的截面问题,,KEEP,「直线 SD 与这个小圆相离，故交线是以 H 为圆心的半圆」「交线长 1/2×2π×1/2=π/2」。判断交线只占部分圆弧，即现绑球面交线族方法。,slice-91
MATH,空间几何体中的截面问题,ext-mat-f535f6e724-006b,空间几何体中的截面问题,,KEEP,「由圆周角定理得弧 MN 所对的圆心角为 2π/3」「弧长＝2π/3×2＝4π/3」。球面与底面交线的圆心角与弧长，属现绑节点球面交线族。,slice-91
MATH,空间几何体中的截面问题,math-sphere-section-track-completeness,空间几何体中的截面问题,,KEEP,「判断点（交线）是否全部落在给定的平面图形内」「完整时取整个圆周长 2πr；不完整时取对应的圆弧部分」。球面截线完整性判断，属现绑节点球面截线族。,slice-91
MATH,空间几何体的直观图,ext-mat-54bbe673d9-002,空间几何体的直观图,,KEEP,「平行于 $y$ 轴（纵方向）的线段长度减半」「由直观图求原图形时，横坐标不变、纵坐标乘 2」——现绑边界逐字含斜二测规则与还原。,slice-91
MATH,空间向量的数量积及运算律,math-hj-demogan-lv,空间向量的数量积及运算律,德摩根定律,REBIND,「$\complement_U(A\cap B)=(\complement_U A)\cup(\complement_U B)$」——补集对交并分配并反转（∪ 与 ∩ 互换），即德摩根律；靶节点已收『德摩根定律（交并的补集关系）』，与空间向量数量积无关。,slice-91
MATH,立体几何中的探索性问题立体几何中的探索性问题的主要类型,ext-mat-5b737469ca-006,立体几何中的探索性问题立体几何中的探索性问题的主要类型,动点轨迹的确定,REBIND,「动点 $N$ 在侧面 $BCC_1B_1$ 上，而两平面的交线为 $EF$，故 $N$ 的轨迹是线段 $EF$」——即目标节点边界“求轨迹的最后一步必须是动点所在平面与已确定平面的交线”。,slice-91
MATH,立体几何中的探索性问题立体几何中的探索性问题的主要类型,ext-mat-7c4b964403-002b,立体几何中的探索性问题立体几何中的探索性问题的主要类型,动点轨迹的确定,REBIND,「判断轨迹为线段的关键是找到“过定点且与目标平面平行的平面”，再用“面面平行 ⇒ 线面平行”」——求轨迹＝动点平面与平行平面的交线，正对目标节点边界的升维/交线；现绑节点只讲探索条件/结论。,slice-91
MATH,立体几何中的探索性问题立体几何中的探索性问题的主要类型,ext-mat-7c4b964403-005b,立体几何中的探索性问题立体几何中的探索性问题的主要类型,动点轨迹的确定,REBIND,「故 $PB_1\parallel$ 平面 $DEC_1$ 时，$P$ 的轨迹为四边形 $AB_1MT$ 及其内部」——同源同题材料『动点与定平面平行时轨迹区域的面积』已绑该节点；现绑节点只讲探索条件/结论。,slice-91
MATH,等差乘等比数列求和-令-可以用错位相减法,math-fx-dengbi-qiuhc-fenlei,等差乘等比数列求和-令-可以用错位相减法,等比数列的前n项和,REBIND,「$q=1$ 时 $S_n=na_1$」「已知 $S_n$ 求基本量时先判断能否用 $q=1$ 情形，避免漏解」——等比数列前n项和公式与按 q 分类属『等比数列的前n项和』；现绑『错位相减法求和』只针对等差×等比通项。,slice-91
MATH,等差数列前n项和最值问题,ext-mat-62c1414e2e-032b,等差数列前n项和最值问题,,KEEP,「等差数列的前 $n$ 项和满足 $S_n=An^2+Bn$」「利用对称性把待求的和与已知的和对应起来，例如 $S_k=S_{m+n-k}$」——现绑别名逐字含『用二次函数对称性求待定项』。,slice-91
MATH,等差数列前n项和最值问题,math-mo-anzuida-vs-snzuida,等差数列前n项和最值问题,,KEEP,「“$S_n$ 最大”是指前 $n$ 项和最大，求解时一般要求出 $S_n$ 的表达式，借助函数（二次函数）工具找最值」——Sn 最大一辨，属现绑『前n项和最值问题』。,slice-91
MATH,等差数列前项和的常用性质,math-binomial-odd-even-coefficient-sum,等差数列前项和的常用性质,二项式系数和,REBIND,「奇数项二项式系数和等于偶数项二项式系数和，即 $C_n^0+C_n^2+C_n^4+\cdots=C_n^1+C_n^3+C_n^5+\cdots=2^{n-1}$」——通篇二项式系数和；靶节点『二项式系数和』（计数原理）即此内容，现绑『等差数列前项和的常用性质』无涉。,slice-91
MATH,等差数列含绝对值问题,math-hj-s87-hyperbola-branch,等差数列含绝对值问题,双曲线焦半径公式,REBIND,「由 ||PF₁|−|PF₂||=2a 求另一焦半径时，需按点所在支与绝对值分类，解出后检验」「按点在左支（或右支）的约束取舍」——靶边界即『套公式前必须先判断点在哪一支』；现绑数列绝对值无涉。,slice-91
MATH,等差数列的常用性质,math-fx-zhengqie-hecha-bianxing,等差数列的常用性质,两角和与差的公式,REBIND,「变形：$\tan\alpha+\tan\beta=\tan(\alpha+\beta)(1-\tan\alpha\tan\beta)$」——两角和与差正切公式的直接变形；现绑『等差数列的常用性质』无涉，靶『两角和与差的公式』边界含“公式本身及其直接变形”。,slice-91
MATH,等差数列的常用性质,math-hj-hebing-shuju-fangcha,等差数列的常用性质,方差与标准差,REBIND,「设两组数据样本量」「合并后总均值」——两组数据合并后的总体方差加权式（分层的数字特征）；现绑『等差数列的常用性质』无涉，靶『方差与标准差』已收《加权平均与总体方差的加权式》。,slice-91
MATH,等差数列的常用性质,math-mo-ziji-geshu-gongshi,等差数列的常用性质,子集的个数问题,REBIND,「1. 子集个数 $2^n$；2. 非空子集个数 $2^n-1$；3. 真子集个数 $2^n-1$；4. 非空真子集个数 $2^n-2$」——即子集个数公式；现绑『等差数列的常用性质』无涉，靶『子集的个数问题』边界逐字含这四个公式。,slice-91
MATH,等差数列的常用性质,math-ncifangcha-gongshi,等差数列的常用性质,,NONE,「$n$ 次方差公式：$a^n-b^n=(a-b)(a^{n-1}+a^{n-2}b+\cdots+ab^{n-2}+b^{n-1})$。」——纯乘法公式卡，与现绑『等差数列的常用性质』无涉；MATH 节点清单中无乘法公式/因式分解节点，无可改绑目标。,slice-91
MATH,等比数列的常用性质,ext-mat-289deb9ecd-1166,等比数列的常用性质,等比数列的通项,REBIND,「可以求出等比数列中的任意一项 a_n」「②求公比：q^{n−m}=a_n/a_m」——通篇通项公式的运用（求项/求公比）；现绑『等比数列的常用性质』讲下标和等性质，改归『等比数列的通项』。,slice-91
MATH,简单随机抽样,math-hj-s91-sampling-concepts,简单随机抽样,,KEEP,「总体是调查对象（或其指标）的全体；个体是每一个调查对象」「样本是抽出的部分个体，样本中个体数为样本量」——现绑别名逐字含『总体、个体与样本』。,slice-91
MATH,糖水（浓度）不等式,ext-mat-d871ac9b5f-001,糖水（浓度）不等式,,KEEP,「若 a>b>0、m>0，则 b/a<(b+m)/(a+m)」「若 ab>0，则 a>b 等价于 1/a<1/b」——糖水不等式及其倒数形式，别名逐字含本条标题。,slice-91
MATH,线面角的定义与求法,ext-mat-289deb9ecd-734,线面角的定义与求法,,KEEP,「平面的一条斜线和它在平面上的射影所成的角，叫做这条直线和这个平面所成的角。」「过垂足O和斜足A的直线AO叫做斜线在这个平面上的射影」——线面角的定义与求法。,slice-91
MATH,线面角的定义与求法,ext-mat-94cd655353-010,线面角的定义与求法,,KEEP,「θ∈[0，π/2]，且 sinθ=|cos〈a，n〉|=|a·n|/(|a||n|)」——现绑边界明言『用向量法时公式是 sinθ 而不是 cosθ』，属线面角的定义与求法。,slice-91
MATH,组合,ext-mat-332b83a2c4-002,组合,,KEEP,「$A_1$、$A_2$ 都是非空子集且 $A_1\cap A_2=\varnothing$，则称 $A_1$ 与 $A_2$ 按这个先后次序组成一个“互斥子集组”」「各类相加即得总数（分类加法计数原理）」——按组合数分类计数，正合现绑『组合』边界“组合数公式及其性质是核心”。,slice-91
MATH,组合,ext-mat-91e0c2ace8-128b,组合,,KEEP,「先把 m 个元素排成一列，中间有 $m-1$ 个空，然后把 $n-1$ 个隔板放入这 $m-1$ 个空中的 $n-1$ 个里」「可以有人分不到」——隔板法解相同元素分配，现绑『组合』边界含“用隔板法计不定方程非负整数解的个数、分组分配问题的去序处理”。,slice-91
MATH,组合,ext-mat-d04314ab0b-004c,组合,,KEEP,「只要在 $m+n$ 步中选出 $m$ 步向右、其余向下即可」「最短路径的条数为 $C_{m+n}^{m}$」——用组合数计网格最短路径，属现绑『组合』的计数应用。,slice-91
MATH,组合,math-divider-method-preconditions,组合,,KEEP,「使用隔板法一般满足：①被分配的元素是完全相同的；②要分成的组是互不相同的（即组有区别）」——隔板法适用前提，现绑『组合』边界含用隔板法解分配问题。,slice-91
MATH,统计图表的读取,ext-mat-289deb9ecd-1837,统计图表的读取,,KEEP,「折线图的特点：用一个单位长度表示一定的数量，用折线的起伏表示数据的增减变化」——折线图的读图与适用场合；虽未在现绑边界枚举，仍属统计图表读取范围。,slice-91
MATH,统计图表的读取,ext-mat-289deb9ecd-1838,统计图表的读取,,KEEP,「扇形图的特点：用整个圆表示总体，每一个扇形的圆心角以及弧长，都与这一部分表示的数据多少成正比」——扇形图的读图与适用场合，属现绑『统计图表的读取』。,slice-91
MATH,裂项相消法中常见的裂项技巧,ext-mat-a56cce28f2-002b,裂项相消法中常见的裂项技巧,,KEEP,「先分母有理化：……=√(n+1)−√(n−1)」「√(n+1)−√n 型是裂项相消的常见形式，遇到根式分母先有理化」——根式裂项（分母有理化）后配对抵消，别名『根式裂项（分母有理化）』逐字；并项口径见备注。,slice-91
MATH,解三角形中的最值与范围问题,ext-mat-c0a639908a-002,解三角形中的最值与范围问题,,KEEP,「换元：令 x=sinB，由 π/6<B<π/2 得 1/2<x<1——新元的范围由角的范围决定」「用对勾函数求值域…在 √3/2<x<1 上单调递增」——边化角后换元用对勾函数求范围，现绑别名逐字同题。,slice-91
MATH,解三角形的实际应用,ext-mat-289deb9ecd-565,解三角形的实际应用,,KEEP,「①方位角：从指北方向顺时针转到目标方向的水平角」「③仰角与俯角：在同一铅垂平面内，目标视线在水平线上方的叫做仰角、在水平线下方的叫做俯角」——测量角与坡度术语，属现绑『解三角形的实际应用』。,slice-91
MATH,解三角形的实际应用,ext-mat-289deb9ecd-566,解三角形的实际应用,,KEEP,「①测量不相通的两点 A、B 间的距离（A、B 均可到达）：测出 a=BC、b=CA 与夹角」——测量距离的基本模型，属现绑『解三角形的实际应用』。,slice-91
MATH,解三角形的实际应用,ext-mat-289deb9ecd-568,解三角形的实际应用,,KEEP,「①测量 AB 的高度（底部 B 点可到达）：在水平线上取点 C，测出 CB=a 与 C 处对 A 的仰角 α，则 AB=a tanα」——测量高度的基本模型，属现绑『解三角形的实际应用』。,slice-91
MATH,解三角形的实际应用,ext-mat-289deb9ecd-591,解三角形的实际应用,,KEEP,「解决测量问题的思路：①明确问题，进行数据分析，抓住长度和角度数据」「常见的测量问题分为测量距离、测量高度、测量角度三类」——测量问题总思路，属现绑『解三角形的实际应用』。,slice-91
MATH,解三角形的实际应用,ext-mat-34aeb73fd5-001d,解三角形的实际应用,,KEEP,「同一三角形内用余弦定理」「仰角：视线在水平线上方时，视线与水平线的夹角」——测量基本模型与仰俯角，现绑别名逐字同题。,slice-91
MATH,解三角形的实际应用,ext-mat-428dbf58ff-002,解三角形的实际应用,,KEEP,「测量距离问题：当两点间长度不可直接测量时，选取合适的基线构成三角形」「再用正弦定理或余弦定理求解」——测量问题解题思路，现绑别名逐字同题。,slice-91
MATH,解三角形的实际应用,ext-mat-6a5be116da-001d,解三角形的实际应用,,KEEP,「高度测量：在直角三角形中由锐角三角函数直接求得」「不能直接求解时，先在某个三角形中用正弦定理求出过渡边」——测量距离与高度的基本模型，正合现绑『解三角形的实际应用』（别名逐字含本条标题）。,slice-91
MATH,解三角形的实际应用,ext-mat-6bfb0a7194-003,解三角形的实际应用,,KEEP,「仰角与俯角：目标视线与水平视线（在同一铅垂平面内）所成的角中，目标视线在水平视线上方的叫仰角，下方的叫俯角」——别名逐字含本条标题『测量中的仰角、俯角与方位角』。,slice-91
MATH,解三角形的实际应用,ext-mat-6bfb0a7194-004,解三角形的实际应用,,KEEP,「方向角：正北或正南方向线与目标方向线所成的锐角」「坡角：坡面与水平面所成的锐二面角 θ」——别名逐字含本条标题『测量中的方向角与坡角、坡比』。,slice-91
MATH,解三角形的实际应用,ext-mat-986fe078ef-018,解三角形的实际应用,,KEEP,「方向角是正北或正南方向线与目标方向线所成的锐角，表述为北（南）偏东（西）α」——别名逐字含本条标题『方向角与坡度、坡比』。,slice-91
MATH,解三角形的实际应用,ext-mat-acb779dcd9-004,解三角形的实际应用,,KEEP,「在目标视线与水平视线（两者在同一铅垂平面内）所成的角中，目标视线在水平视线上方的叫做仰角，在水平视线下方的叫做俯角」——别名逐字含『测量中的仰角与俯角（PPT §4.10）』。,slice-91
MATH,解三角形的实际应用,ext-mat-acb779dcd9-005,解三角形的实际应用,,KEEP,「从某点的指北方向线起按顺时针方向到目标方向线之间的夹角叫做方位角，其范围是 0°≤θ<360°」——别名逐字含『测量中的方位角与方向角（PPT §4.10）』。,slice-91
MATH,解三角形的实际应用,ext-mat-acb779dcd9-006,解三角形的实际应用,,KEEP,「坡面与水平面所成的锐二面角叫坡角（记 θ 为坡角）」——别名逐字含『测量中的坡角与坡比（PPT §4.10）』。,slice-91
MATH,解三角形的实际应用,ext-mat-d9601bd96a-001,解三角形的实际应用,,KEEP,「对于立体测量问题，通常要转化为两类平面问题：一是竖直放置的平面，通常要解直角三角形；另一类是水平放置的平面，通常要解斜三角形」——别名逐字含本条标题『测量中的常用术语与解题思路』。,slice-91
MATH,解三角形的实际应用,ext-mat-e43e351fb8-002,解三角形的实际应用,,KEEP,「设法把已知量与未知量集中到同一个三角形中，再用正弦定理或余弦定理求解」——测量距离与高度解题思路，现绑别名逐字同题。,slice-91
MATH,解三角形的实际应用,ext-mat-e43e351fb8-010,解三角形的实际应用,,KEEP,「已知两角及一边（或可先求出角）：用正弦定理」「测量问题常需要连续解两个三角形」——距离测量选定理步骤，属现绑节点。,slice-91
MATH,解三角形的实际应用,ext-mat-e43e351fb8-011,解三角形的实际应用,,KEEP,「利用仰角、俯角结合几何图形（直角三角形、矩形等），把高度与水平距离关联起来」「用正切函数把高度与水平距离联系起来」——高度测量技法，别名逐字含『高度测量问题的解题技法』。,slice-91
MATH,解三角形的实际应用,math-hj-fangwei-fangxiang-podu,解三角形的实际应用,,KEEP,「①方位角：从正北方向起按顺时针转到目标方向线的水平夹角」「②方向角：正北或正南方向线与目标方向线所成的锐角」——别名逐字含本条标题『方位角、方向角与坡度』。,slice-91
MATH,解三角形的实际应用,math-hj-s410-relative-direction,解三角形的实际应用,,KEEP,「两观察方向角之差即两目标相对观察站的角度；判断 A 在 B 的方向时，把 B 作为新参照点重画角度」——方位角判定，别名逐字含『由方位角判断两点的相对方向』。,slice-91
MATH,解三角形的实际应用,math-hj-yangjiao-fujiao,解三角形的实际应用,,KEEP,「在同一铅垂平面内，水平视线与目标视线的夹角：目标视线在水平视线上方叫仰角，在下方叫俯角」——仰角俯角定义，别名逐字含『仰角与俯角』。,slice-91
MATH,解决垂直问题-利用-可将垂直问题转化为向量数量积的计算问题,ext-mat-8ae4bcba5e-006,解决垂直问题-利用-可将垂直问题转化为向量数量积的计算问题,,KEEP,「点 $N$ 在以 $EF$ 为直径的圆上（直径所对的圆周角是直角）」「$\overrightarrow{GN}\cdot\overrightarrow{AB}=0$」——用数量积为零推垂直、相切，落在现绑“把垂直问题转化为向量数量积计算”范围内；仅平面解析几何场景，保留。,slice-91
MATH,解决垂直问题-利用-可将垂直问题转化为向量数量积的计算问题,math-fx-jihua-dongdian-fanwei,解决垂直问题-利用-可将垂直问题转化为向量数量积的计算问题,极化恒等式,REBIND,「取 $AB$ 中点 $M$，得 $\overrightarrow{PA}\cdot\overrightarrow{PB}=|\overrightarrow{PM}|^2-\dfrac{1}{4}|AB|^2$」——极化恒等式中点法求动点数量积取值范围；现绑“解决垂直问题”是空间向量垂直专题，与正文无涉。,slice-91
MATH,误解-导数为0-与-有极值-的关系致错,ext-mat-a75d38e115-002b,误解-导数为0-与-有极值-的关系致错,,KEEP,「因此由 $f'(x_0)=0$ 解出的参数必须代回检验」「只有在 $x_0$ 两侧导数确实变号时，参数才符合题意；否则舍去该值」——导数为零与有极值的关系；现绑别名逐字含本题名。,slice-91
MATH,诱导公式,ext-mat-991fbb472d-018,诱导公式,,KEEP,「“负化正，大化小，化到锐角就好了”」「每一步都用“奇变偶不变、符号看象限”核对函数名与符号」——即诱导公式的使用步骤与口诀，属现绑节点主题。,slice-91
MATH,边角互化,ext-mat-847100604b-009b,边角互化,,KEEP,「选择转化方向的原则是：」——仍以边角互化的方向选择为核；库内『解三角形中的最值与范围问题』（另有两个近名节点）两可，保守保留。,slice-91
MATH,边角互化,ext-mat-d9e5fc5b3e-002,边角互化,,KEEP,「选择主线：求值或证明时判断用“纯边化”还是“纯角化”更简洁；」——通用流程以边角互化的主线选择为核，属现绑节点且无更专节点可承接。,slice-91
MATH,边角互化,ext-mat-e43e351fb8-004b,边角互化,,KEEP,「条件给出边的等量关系：」「条件给出角的正弦、余弦等式：」——正是边角互化的方向选择；库内『判定三角形的形状』与『三角形形状的判断』两可，保守保留。,slice-91
MATH,边角互化,ext-mat-e4c87437a2-006b,边角互化,,KEEP,「两式相乘得 $ac=4R^2\sin A\sin C$……整体求出 $a+c$」——设而不求的边角关系转化，属现绑『边角互化』所收《解三角形中用整体代换求周长》。,slice-91
MATH,边角互化,ext-mat-e4c87437a2-010b,边角互化,,KEEP,「1. 正弦定理：……2. 余弦定理：」——由 k 在边与角之间转化后整体处理 b+c 与 bc，属现绑『边角互化』所收《边角互化的两条路》一族。,slice-91
MATH,边角互化,math-bian-qici-zhengxian-huaweijiao,边角互化,,KEEP,「边的齐次等式或分式：」——现绑别名逐字含《边的齐次等式或分式化边为角》，保留。,slice-91
MATH,边角互化,math-jiao-zhengxian-qici-huaweibian,边角互化,,KEEP,「角的正弦齐次等式或分式：」——现绑别名逐字含《角的正弦齐次等式或分式化角为边》，保留。,slice-91
MATH,边角互化,math-neijiaohe-yuxian-hu-shihua,边角互化,,KEEP,「已知三角形 $ABC$ 的内角和为 $\pi$……则 $\cos A=-\cos(B+C)$」——现绑别名逐字含《内角和 π 的余弦转化关系》，且现绑边界明列内角和 π 的两种转化关系。,slice-91
MATH,边角互化,math-neijiaohe-zhengxian-hu-shihua,边角互化,,KEEP,「已知三角形 $ABC$ 的内角和为 $\pi$……则 $\sin A=\sin(B+C)$」——现绑别名逐字含《内角和 π 的正弦转化关系》，且正合现绑边界所述建立方式。,slice-91
MATH,阿波罗尼斯圆,ext-mat-6b581c0987-002,阿波罗尼斯圆,,KEEP,「到两个定点 $A$、$B$ 的距离之比等于常数 $\lambda$（$\lambda>0$，$\lambda\neq1$）的点的轨迹是圆」「$\lambda=1$ 时轨迹是线段 $AB$ 的垂直平分线」——现绑别名逐字含本条标题。,slice-91
MATH,集合的含义与表示,math-hj-changjian-shuji-jihao,集合的含义与表示,,KEEP,「$\mathbb{N}$ 自然数集（含 0），$\mathbb{N}^*$ 正整数集，$\mathbb{Z}$ 整数集，$\mathbb{Q}$ 有理数集，$\mathbb{R}$ 实数集」——常用数集记号，属现绑『集合的含义与表示』集合表示面。,slice-91
MATH,集合的含义与表示,math-kb-common-number-sets-notation,集合的含义与表示,,KEEP,「$\mathbf{N}$：自然数集；$\mathbf{N^*}$（或 $\mathbf{N_+}$）：正整数集；$\mathbf{Z}$：整数集」——常用数集记法，属现绑『集合的含义与表示』。,slice-91
MATH,集合运算中的常用二级结论,ext-mat-0e56aad79f-004,集合运算中的常用二级结论,,KEEP,「补集满足∁U(∁UA)=A、A∩(∁UA)=∅」「德摩根定律：∁U(A∩B)=(∁UA)∪(∁UB)」——现绑节点即集合运算常用二级结论，边界逐字含德摩根。,slice-91
MATH,非对称结构的处理,ext-mat-5409e0c6dc-002,非对称结构的处理,,KEEP,「第一步，设直线方程与曲线方程联立…并求出两者之间的倍数关系，这一步属于非对称韦达定理」——落现绑『非对称结构的处理』。,slice-91
PHYSICS,万有引力与航天的基本定律和概念,ext-phy-7a8d42b6f9-001,万有引力与航天的基本定律和概念,,KEEP,「开普勒行星运动定律也适用于其他天体，例如月球绕地球、卫星绕地球的运动。」「行星绕太阳的运动通常按圆轨道处理」——现绑别名逐字含『天体运动模型的研究对象』。,slice-91
PHYSICS,万有引力与航天的基本定律和概念,phys-li-xin-jin-xin-pan-duan,万有引力与航天的基本定律和概念,,KEEP,「当 $G\frac{Mm}{r^2}<\frac{mv^2}{r}$（速度变大、所需向心力超过万有引力）时做离心运动；当…$>$…时做近心运动」——万有引力框架下的运行判据；拿不准，保留（点名『离心现象』『向心力』『变轨原理』）。,slice-91
PHYSICS,万有引力定律的应用,ext-phy-5f75307df4-016,万有引力定律的应用,,KEEP,「万有引力提供向心力：$G\frac{Mm}{r^{2}}=m\frac{v^{2}}{r}$」「星球表面万有引力等于重力（黄金代换）：$G\frac{Mm}{R^{2}}=mg$，即 $GM=gR^{2}$」——现绑边界即这两条思路。,slice-91
PHYSICS,万有引力定律的应用,ext-phy-e14aad82a5-747,万有引力定律的应用,,KEEP,「1846 年德国天文学家伽勒在勒维耶预言的位置附近发现了这颗行星」——由观测偏差猜想、计算轨道、观测验证，别名逐字含『发现海王星的过程』。,slice-91
PHYSICS,万有引力定律的应用,ext-phy-e14aad82a5-750,万有引力定律的应用,,KEEP,「② 根据轨道的“古怪”情况和万有引力定律计算新天体的可能轨道。③ 根据计算出的轨道预测新天体可能出现的时刻和位置」——万有引力定律的科学成就，别名逐字含『未知天体的发现过程』。,slice-91
PHYSICS,万有引力定律的应用,ext-phy-e14aad82a5-753,万有引力定律的应用,,KEEP,「哈雷于 1705 年根据万有引力定律计算出 1682 年曾引起世人极大恐慌的大彗星的轨道，并预言它将于 1758 年底或 1759 年初再次回归」——别名逐字含『哈雷彗星回归的预言』。,slice-91
PHYSICS,万有引力的-两点理解-和-两个推论,ext-phy-e14aad82a5-732,万有引力的-两点理解-和-两个推论,万有引力定律,REBIND,「当 r 趋近于零时两物体不能看成质点，上式不再成立」「当 r 趋近于零时，从数学上看 F 趋于无穷大」——r→0辨析与公式适用条件，即靶『万有引力定律』边界（辨析距离趋于零时万有引力并不趋于无穷大）；现绑只讲两点理解与两个推论。,slice-91
PHYSICS,三星模型,ext-phy-c117854fa6-005b,三星模型,,KEEP,「把被研究星体所受其他星体的万有引力先做矢量合成，其合力提供该星体做圆周运动的向心力」「三颗星排成一条直线，两侧的星绕系统中心转动」——现绑边界即三星两种构型与多星延伸。,slice-91
PHYSICS,临界-极值问题,ext-phy-01e836b4b4-004,临界-极值问题,,KEEP,「令 N 趋于无穷大…则有 1-2μ-μ²=0，解得 μ=√2-1」「当待求量被表示成某个量的分式时…对应“分母趋近于零”，这就是自锁的临界条件」。自锁临界条件的解析求法，属现绑临界族。,slice-91
PHYSICS,临界法,ext-phy-8842b13030-017,临界法,,KEEP,「把“将要发生相对滑动”翻译成“静摩擦力达到最大值”，再用整体法与隔离法联立求极值」——临界极值方法；现绑别名逐字含本材料标题（点名『相对滑动的临界条件』『临界、极值问题』）。,slice-91
PHYSICS,交变电流有效值的计算,ext-phy-94ac3439d9-003b,交变电流有效值的计算,,KEEP,「求电荷量用磁通量的变化量（$q=n\frac{\Delta\Phi}{R_总}$，与时间无关）；求焦耳热必须用有效值」——现绑别名逐字含《转动线圈一周的电荷量与焦耳热》。,slice-91
PHYSICS,交变电流的瞬时值-峰值-有效值和平均值,ext-phy-206fb04353-061c,交变电流的瞬时值-峰值-有效值和平均值,,KEEP,「最大值 $E_m=NBS\omega$：讨论电容器的击穿电压」「有效值 $E=\dfrac{E_m}{\sqrt{2}}$：电表的读数及计算电热」——四值的适用场合，正合现绑『交变电流的瞬时值、峰值、有效值和平均值』。,slice-91
PHYSICS,产生感应电流的条件,phys-gap-em-oscillation-and-waves,产生感应电流的条件,电磁波,REBIND,「变化的磁场产生电场，变化的电场产生磁场」「电磁波谱（频率由低到高）：无线电波……γ 射线」「电磁波是横波，传播不需要介质」——通篇电磁场理论与电磁波；靶节点边界即横波/真空光速/不需介质，已收同族『电磁波的性质与电磁波谱』等。,slice-91
PHYSICS,人船模型,ext-phy-206fb04353-038,人船模型,,KEEP,「人船模型：设人质量为 $m$、船质量为 $M$ 系统水平方向动量守恒 $mv_1=Mv_2$」「各段时间累加后 $mx_1=Mx_2$ 且 $x_1+x_2=L$」——现绑『人船模型』处理思想的原文表述。,slice-91
PHYSICS,仪器介绍-磁流体发电是一项新兴技术-它可以把内能直接转化为电能,ext-phy-9d4e47b803-010,仪器介绍-磁流体发电是一项新兴技术-它可以把内能直接转化为电能,,KEEP,「磁流体发电机是一种把内能直接转化为电能的新兴技术」「极板之间的等离子体相当于电源内阻」——别名含『磁流体发电机的原理与电动势』。,slice-91
PHYSICS,仪器介绍-磁流体发电是一项新兴技术-它可以把内能直接转化为电能,ext-phy-b1c1d14402-018,仪器介绍-磁流体发电是一项新兴技术-它可以把内能直接转化为电能,,KEEP,「断路时两极板间最大电势差（即电动势）E=Bdv」「发电机的内阻r=ρ·(板间距/极板正对面积)」——别名含『磁流体发电机的电动势与内阻』。,slice-91
PHYSICS,仪器介绍-磁流体发电是一项新兴技术-它可以把内能直接转化为电能,ext-phy-bf19e23893-024,仪器介绍-磁流体发电是一项新兴技术-它可以把内能直接转化为电能,,KEEP,「等离子体（高温下电离的气体）喷入磁场，正、负离子在洛伦兹力作用下发生偏转」「qU/d=qvB，得两极板间的最大电势差 U=Bdv」——别名逐字含本条标题。,slice-91
PHYSICS,仪器介绍-磁流体发电是一项新兴技术-它可以把内能直接转化为电能,ext-phy-d17a37ec60-077,仪器介绍-磁流体发电是一项新兴技术-它可以把内能直接转化为电能,,KEEP,「等离子体射入磁场，正、负离子受洛伦兹力分别向两极板偏转」「qU/d=qv0B，得电动势 U=v0Bd」——别名逐字含本条标题。,slice-91
PHYSICS,仪器介绍-磁流体发电是一项新兴技术-它可以把内能直接转化为电能,phys-mhd-generator-emf,仪器介绍-磁流体发电是一项新兴技术-它可以把内能直接转化为电能,,KEEP,「等离子体…喷入匀强磁场，受洛伦兹力偏转」「外电路断开、两极电压为 U 时稳定：qU/d=qv0B」——别名逐字含本条标题。,slice-91
PHYSICS,仪器构造-质谱仪由粒子源-加速电场-偏转磁场和照相底片构成,ext-phy-0bc46e3d56-001,仪器构造-质谱仪由粒子源-加速电场-偏转磁场和照相底片构成,,KEEP,「带电粒子先经加速电场加速，再进入偏转磁场做半圆运动打到照相底片上」——质谱仪工作过程，正合现绑节点名与边界。,slice-91
PHYSICS,仪器构造-质谱仪由粒子源-加速电场-偏转磁场和照相底片构成,ext-phy-4db2acdd3d-001,仪器构造-质谱仪由粒子源-加速电场-偏转磁场和照相底片构成,,KEEP,「作用：测量带电粒子的质量并分离同位素」「粒子经加速电场加速有qU=mv²/2」——质谱仪作用与原理，正合现绑边界。,slice-91
PHYSICS,仪器构造-质谱仪由粒子源-加速电场-偏转磁场和照相底片构成,ext-phy-9d4e47b803-008,仪器构造-质谱仪由粒子源-加速电场-偏转磁场和照相底片构成,,KEEP,「质谱仪的构造：由粒子源、加速电场、偏转磁场和照相底片构成」——与现绑节点名逐字同。,slice-91
PHYSICS,仪器构造-质谱仪由粒子源-加速电场-偏转磁场和照相底片构成,ext-phy-b1c1d14402-003,仪器构造-质谱仪由粒子源-加速电场-偏转磁场和照相底片构成,,KEEP,「作用：测量带电粒子的质量和分离同位素」「偏转磁场中qvB=mv²/r，且l=2r」——质谱仪用途与加速、偏转关系式，正合现绑边界。,slice-91
PHYSICS,仪器构造-质谱仪由粒子源-加速电场-偏转磁场和照相底片构成,ext-phy-bf19e23893-021,仪器构造-质谱仪由粒子源-加速电场-偏转磁场和照相底片构成,,KEEP,「作用：测量带电粒子的质量、分离同位素」「打在底片上的位置到入口的距离 $l=2r$」——质谱仪作用与原理，正合现绑边界。,slice-91
PHYSICS,仪器构造-质谱仪由粒子源-加速电场-偏转磁场和照相底片构成,ext-phy-d17a37ec60-089,仪器构造-质谱仪由粒子源-加速电场-偏转磁场和照相底片构成,,KEEP,「构造：质谱仪由粒子源、加速电场、偏转磁场和照相底片构成」——与现绑节点名『仪器构造-质谱仪由粒子源-加速电场-偏转磁场和照相底片构成』逐字同。,slice-91
PHYSICS,仪器构造-质谱仪由粒子源-加速电场-偏转磁场和照相底片构成,ext-phy-e0baa7daa4-001,仪器构造-质谱仪由粒子源-加速电场-偏转磁场和照相底片构成,,KEEP,「主要由粒子源 A、加速电场 $U$ 和偏转磁场 $B$ 组成」——质谱仪结构（另含质量分析），正合现绑边界与节点名。,slice-91
PHYSICS,仪器构造-质谱仪由粒子源-加速电场-偏转磁场和照相底片构成,phys-deflection-independent-of-qm,仪器构造-质谱仪由粒子源-加速电场-偏转磁场和照相底片构成,两个重要结论,REBIND,「偏移量 $y$ 与粒子的质量、电荷量无关——先加速 $qU_1 = mv_0^2/2$ 再偏转，联立后 $q$、$m$ 全部消去」「所有粒子轨迹相同」——通篇电偏转结论、无质谱仪（磁场）内容；靶『带电粒子偏转的两个重要结论』边界(1)即“偏移量和偏转角总是相同的…y、θ均与m、q无关”。,slice-91
PHYSICS,仪器构造-质谱仪由粒子源-加速电场-偏转磁场和照相底片构成,phys-hj3-mass-spectrometer-principle,仪器构造-质谱仪由粒子源-加速电场-偏转磁场和照相底片构成,,KEEP,「粒子经电场加速：$qU=\frac{1}{2}mv^2$；进入磁场受洛伦兹力做匀速圆周运动」——质谱仪原理（加速＋磁场偏转），正合现绑边界。,slice-91
PHYSICS,仪器构造-质谱仪由粒子源-加速电场-偏转磁场和照相底片构成,phys-kb-mass-spectrometer-principle,仪器构造-质谱仪由粒子源-加速电场-偏转磁场和照相底片构成,,KEEP,「加速：$qU=\frac{1}{2}mv^2$；偏转：$qvB=m\frac{v^2}{r}$」——质谱仪加速与偏转两式，正合现绑边界。,slice-91
PHYSICS,仪器构造-质谱仪由粒子源-加速电场-偏转磁场和照相底片构成,phys-mass-spectrometer-principle,仪器构造-质谱仪由粒子源-加速电场-偏转磁场和照相底片构成,,KEEP,「结构：粒子源、加速电场、偏转磁场、照相底片等」——质谱仪结构，与现绑节点名逐字同。,slice-91
PHYSICS,仪器构造-质谱仪由粒子源-加速电场-偏转磁场和照相底片构成,phys-mass-spectrometer-radius-formula,仪器构造-质谱仪由粒子源-加速电场-偏转磁场和照相底片构成,,KEEP,「加速电场：$qU=\frac{1}{2}mv^2$」「偏转磁场：$qvB=\frac{mv^2}{r}$」「联立得 $r=\frac{1}{B}\sqrt{\frac{2mU}{q}}$」——质谱仪两段关系式，与现绑边界“qU＝mv2…qvB＝…由以上两式可得r＝”同题。,slice-91
PHYSICS,伏安特性曲线,ext-phy-3c80e69263-003c,伏安特性曲线,,KEEP,「元件判断：图线为直线的表示线性元件，为曲线的表示非线性元件」「对非线性元件应根据该点的电压与电流之比计算某点的电阻，而不是取该点切线的斜率」——U-I/I-U图像的读图要点，正合现绑『伏安特性曲线』边界（坐标互换时斜率的倒数才是电阻）。,slice-91
PHYSICS,伏安特性曲线,phys-hj2-feizixing-it-tuxiang-yichu,伏安特性曲线,,KEEP,「非线性元件：图线弯曲（如小灯泡、二极管），不适用欧姆定律；某状态下电阻等于该点电压与电流之比」「小灯泡图线弯曲的原因：温度升高使电阻率增大」——伏安特性曲线的线性/非线性元件特征，属现绑（别名逐字含本标题）。,slice-91
PHYSICS,传播方向和振动方向的判断-图像理解,phys-wave-multiplicity-bidirection,传播方向和振动方向的判断-图像理解,造成波动问题多解的主要因素有,REBIND,「双向性包括两类：1. 传播方向双向性——波的传播方向不确定；2. 振动方向双向性——质点振动方向不确定」——整条是波动问题多解因素；属『造成波动问题多解的主要因素有』（节点内已收《波动问题多解的三大因素》同族），现绑『传播方向和振动方向的判断——图像理解』讲判断方法本身。,slice-91
PHYSICS,传送带模型中的功和能量的关系,ext-phy-248a1203f9-001b,传送带模型中的功和能量的关系,相对位移与划痕长度,REBIND,「以地面为参考系，单独对物体用运动学公式求得的位移，用于计算各」「\n- 计算摩擦生热 $Q = f \cdot \Delta s$ 时，$\」「两次相对运动方向相反时，划痕长度等于较长的相对位移」——三概念辨析与划痕规则；目标节点在册材料『相对位移与划痕长度的计算』逐条相同。,slice-91
PHYSICS,位移差公式,ext-phy-dd27cab1b4-002b,位移差公式,,KEEP,「连续相等的相邻时间间隔 $T$ 内的位移差等于恒量，即 $x_2-x_1=x_3-x_2=\dots=x_n-x_{n-1}=aT^2$」「位移差公式用于求加速度」——三推论块含现绑『位移差公式』；无单一更优节点，保守保留。,slice-91
PHYSICS,作用力与反作用力,ext-phy-59dd10c06b-009,作用力与反作用力,,KEEP,「两个物体之间的作用力和反作用力总是大小相等、方向相反、作用在同一条直线上；表达式 $F=-F'$」「相互作用力作用在不同物体上（异体），平衡力作用在同一物体上（同体）」——即现绑边界。,slice-91
PHYSICS,作用力与反作用力,phys-hj2-niudun-disan-dinglv-duibi,作用力与反作用力,,KEEP,「牛顿第三定律：两物体间的作用力与反作用力总是大小相等、方向相反、作用在同一直线上」「作用对象（不同物体 vs 同一物体）、作用时间…力的性质（一定相同 vs 不一定）」——别名逐字含该题名。,slice-91
PHYSICS,做直线运动的条件,ext-phy-da7d35e7bf-002b,做直线运动的条件,,KEEP,「粒子所受合外力 $F_{合}=0$：粒子静止或做匀速直线运动」「且与初速度共线：粒子做加速直线运动或减速直线运动」——即现绑『做直线运动的条件』边界(1)(2)原文；同源第44讲材料《带电粒子在电场中是否计重力与做直线运动的条件》亦绑本节点。,slice-91
PHYSICS,元电荷,ext-phy-e14aad82a5-782,元电荷,,KEEP,「电子的比荷 e/m_e=1.76×10¹¹ C/kg」——元电荷别名逐字含『电子的比荷』；nodes_PHYSICS.tsv 无比荷专节点。,slice-91
PHYSICS,元电荷,ext-phy-e14aad82a5-787,元电荷,,KEEP,「带电体的电荷量和质量之比，叫作比荷」「比荷是带电微观粒子的基本参量之一」——现绑边界明写『与比荷（电荷与质量之比）相区别』，别名逐字含本条标题。,slice-91
PHYSICS,光子说,ext-phy-206fb04353-121,光子说,,KEEP,「爱因斯坦光电效应方程 $E_k=h\nu-W_0$」「光电子的最大初动能与遏止电压的关系 $E_k=eU_c$」——光子说与光电效应公式；现绑别名逐字含本题名（末项物质波见备注）。,slice-91
PHYSICS,光电效应方程,ext-phy-8a3ed74025-004,光电效应方程,,KEEP,「把 $E_k=h\nu-W_0$ 与 $E_k=eU_c$ 联立可得 $eU_c=h\nu-h\nu_c$」「遏止电压随入射光频率的增大而增大，与光强无关」——光电效应方程与遏止电压关系，属现绑节点。,slice-91
PHYSICS,光电效应方程,ext-phy-d2770b3e66-015,光电效应方程,,KEEP,「逸出功 W0 是电子从金属中逸出所需做功的最小值，它与金属截止频率的关系为 W0=hνc」「与遏止电压的关系为 Ek=eUc」——现绑边界逐字含W0=hνc、Ek=eUc。,slice-91
PHYSICS,光电效应的图像问题,ext-phy-e14aad82a5-490,光电效应的图像问题,,KEEP,「① 截止频率 ν_c：图线与横轴交点的横坐标」「③ 普朗克常量：图线的斜率与电子电荷量的乘积，即 h=ke」——U_c—ν 图线信息读取，现绑别名逐字同题。,slice-91
PHYSICS,光的干涉,ext-phy-e14aad82a5-965,光的干涉,,KEEP,「能够产生相干光的光源称为相干光源」「把一个光源分成两个光源，如光的双缝干涉」——相干光源与获得方法，现绑别名含『光的干涉现象与相干条件』，保留。,slice-91
PHYSICS,光的折射,ext-phy-1f5463a824-003,光的折射,,KEEP,「由于折射产生虚像，看到的深度（视深）$h$ 与实际深度 $H$ 的关系为 $h=\dfrac{H}{n}$，其中」——视深视高由折射产生，现绑『光的折射』别名逐字含『视深与视高问题』，保留。,slice-91
PHYSICS,光的折射,ext-phy-206fb04353-120,光的折射,,KEEP,「1. 折射定律 $\dfrac{\sin\theta_1}{\sin\theta_2}=n_{12}$（$n_{12}$ 是比例常数）」「全反射：发生全反射的临界角 $C$ 与介质的折射率 $n$ 的关系是」——折射公式属现绑『光的折射』；干涉条纹另属『光的干涉』，混合条目保留。,slice-91
PHYSICS,光的折射,phys-apparent-depth,光的折射,,KEEP,「由折射定律 $n=\frac{\sin\theta_1}{\sin\theta_2}=\frac{H}{h}$，得」——视深公式由折射定律推出，属现绑『光的折射』（别名含视深与视高问题），保留。,slice-91
PHYSICS,光的折射,phys-apparent-height,光的折射,,KEEP,「如果从折射率为 $n$ 的介质中，观察正上方距界面高为 $H$ 的物体，则有 $h'=nH$（$h'$ 为视高）」——视高公式属现绑『光的折射』（别名含视深与视高问题），保留。,slice-91
PHYSICS,全反力与摩擦角,ext-phy-500b9057a0-057,全反力与摩擦角,,KEEP,「这种与力的大小无关而只与摩擦角有关的平衡条件称为自锁条件」——现绑边界“自锁的结论要求外力作用线落在摩擦角内”。,slice-91
PHYSICS,全反力与摩擦角,ext-phy-a44fe2afc5-006,全反力与摩擦角,,KEEP,「若 μ≥tanθ 物块保持静止；若 μ<tanθ 物块下滑」「μ≥tanθ 时称为自锁现象」——自锁条件，现绑别名逐字含『滑块与斜面模型的自锁条件』。,slice-91
PHYSICS,全反力与摩擦角,ext-phy-d7ae747433-007,全反力与摩擦角,,KEEP,「如果作用于物体的主动力的合力 $Q$ 的作用线在摩擦角之内，则无论这个力怎样大…物体保持静止」——现绑别名逐字含『自锁现象与自锁条件』。,slice-91
PHYSICS,全反射,ext-phy-d9d1d98a80-014,全反射,,KEEP,「折射率大、光在其中传播速度小的介质为光密介质；折射率小、光速大的是光疏介质」「若 n甲 大于 n乙，则甲相对乙是光密介质」——源出第74课时『光的折射、全反射』；保留（见notes）。,slice-91
PHYSICS,全反射,ext-phy-e14aad82a5-296b,全反射,,KEEP,「对于折射率不同的两种介质，折射率较大的介质叫光密介质，折射率较小的介质叫光疏介质」「光疏介质与光密介质是相对而言的」——全反射条件『光从光密介质射向光疏介质』的前置概念；保留（见notes）。,slice-91
PHYSICS,公式法解天体追及相遇问题,ext-phy-b6bd732b19-076b,公式法解天体追及相遇问题,,KEEP,「当地球恰好运行到某地外行星和太阳之间，且三者几乎排成一条直线…称为行星冲日」「本质就是距离最近问题」——现绑别名逐字含『行星冲日的时间间隔』。,slice-91
PHYSICS,共点力平衡,ext-phy-9142eeb79f-003b,共点力平衡,,KEEP,「由水平方向平衡条件得两拉力的水平分力大小相等」「两拉力的合力与重力等大反向，画出矢量三角形」。结点三力平衡比较拉力大小，属现绑节点。,slice-91
PHYSICS,共点力平衡,ext-phy-9142eeb79f-004b,共点力平衡,,KEEP,「两艘拖船 P、Q 拉着无动力货船 S 一起沿直线匀速前进」「由垂直运动方向的平衡条件得 $2T\cos30°=f$」。匀速前进即受力平衡，逐段隔离+正交分解落现绑边界『共点力平衡的条件（合力为零）』。,slice-91
PHYSICS,共点力平衡,ext-phy-9142eeb79f-006b,共点力平衡,,KEEP,「足球受重力 G、绳的拉力 F_T 与墙壁的支持力 F_N 三个力而平衡」「因为 cosθ<1，所以 $F_T=\dfrac{G}{\cos\theta}>G$」。三力平衡正交分解比较力的大小，属现绑节点。,slice-91
PHYSICS,共点力平衡,ext-phy-9142eeb79f-007,共点力平衡,,KEEP,「球受重力 mg（竖直向下）、墙壁的支持力 F（水平方向）、横杆的支持力，三力共点平衡」「由竖直方向平衡条件得 $F_N\cos\alpha=mg$」。三力共点平衡+几何定角，属现绑节点。,slice-91
PHYSICS,共点力平衡,ext-phy-9142eeb79f-009c,共点力平衡,,KEEP,「缓慢移动可视为始终处于平衡状态」「两个力的夹角不变，第三个顶点在圆上移动」。外接圆法即三力动态平衡图解法，前轮同判保留（『共点力的动态平衡』等靶区近重复）。,slice-91
PHYSICS,共点力平衡,ext-phy-9142eeb79f-018b,共点力平衡,,KEEP,「岸对撑杆的作用力必然沿杆方向，因为轻质杆只受两个力且平衡时两力必沿杆」「当 F 与 N 垂直时拉力最小」。三力平衡的受力方向判定与最小力，属边界『共点力平衡的条件与两个推论』。,slice-91
PHYSICS,共点力平衡,ext-phy-9142eeb79f-019,共点力平衡,,KEEP,「由三力平衡知两绳拉力的合力与窗户的重力等大反向，故合力不变」「升降机竖直缓慢升降时由几何关系可知 θ 不变，故绳的张力不变」。缓慢/静止的三力平衡动态分析，属现绑节点。,slice-91
PHYSICS,共点力平衡,ext-phy-9142eeb79f-020,共点力平衡,,KEEP,「对结点受力分析：绳各部分张力大小相等，即 $F_a=F_b=F$，由水平方向平衡得 α=β」「绳长 l 不变时，若两杆间距 d 增大…绳的张力 F 增大」。晾衣杆模型即结点三力平衡，属边界『三力平衡作用线交于一点』家族。,slice-91
PHYSICS,共点力平衡,ext-phy-9142eeb79f-021b,共点力平衡,,KEEP,「后两个力之间的夹角保持不变，因此可画出力的矢量三角形的外接圆」「当其方向与竖直方向夹角为 45° 时达到最大（此时该力为外接圆的直径）」。三力平衡外接圆法，与族内滑块半圆面题同类。,slice-91
PHYSICS,共点力平衡,ext-phy-9142eeb79f-025,共点力平衡,整体法与隔离法在受力分析中的应用,REBIND,「对整体用牛顿第二定律 $\mu Mg=Ma$ 得 $a=\mu g$、方向水平向左」「对其中一个质量为 m 的西瓜受力分析」。整体法求加速度、隔离法求受力，正落目标边界『用于求系统的合外力或加速度』；现绑只讲合力为零的平衡。,slice-91
PHYSICS,共点力平衡,ext-phy-9142eeb79f-029,共点力平衡,,KEEP,「当橡皮筋与绳1垂直时橡皮筋上的力最小」「三力平衡中，当某个力的方向与另一个方向固定的力垂直时该力取最小值」。三力平衡取最小值的平衡推论，落现绑『共点力平衡的条件（合力为零）』。,slice-91
PHYSICS,共点力平衡,phys-spring-natural-length-max-speed,共点力平衡,,KEEP,「如果系统内每个物体除弹簧弹力外所受合力为 0，则当弹簧为自然长度（弹力为零）时，系统内弹簧某一端的物体具有最大速度」。讲的是合力为零处速度最大，现绑只共享『合力为零』；『弹簧振子模型』边界含同义句，两可故保留（batch2 同题亦判保留）。,slice-91
PHYSICS,内能,ext-phy-bca3ec1bd7-023,内能,温度计-测量温度的仪器,REBIND,「温度：一切达到热平衡的系统都具有相同的温度」「摄氏温度与热力学温度的关系为T=t+273.15 K」——通篇温度与两种温标；现绑『内能』边界讲内能概念与决定因素，不含温标；靶『温度计：测量温度的仪器。』边界即“互为热平衡…T＝t＋273.15 K”。,slice-91
PHYSICS,几种等时圆模型分析,ext-phy-56d13ed09a-001b,几种等时圆模型分析,,KEEP,「圆周内同顶端的斜面：……由几何关系可推得沿各斜面下滑的时间相等」「同底斜面：斜面底边相同而倾角不同，当 $\theta=45°$ 时下滑时间最短」——同源 ext-phy-56d13ed09a-001 已判 KEEP 于现绑『几种等时圆模型分析』。,slice-91
PHYSICS,函数法,ext-phy-1dbc2880eb-030,函数法,求解非点电荷电场强度的四种方法,REBIND,「用微元法把圆环分割成无数微元」「各微元的场强沿轴线方向的分量相加（垂直于轴线的分量由对称性相互抵消）」「令 f(θ)=sin²θcosθ，求导…此时在距圆环中心 √2/2 R 处场强最大」——非点电荷（均匀带电圆环）场强的微元法与对称法；现绑节点 name/boundary 为追及相遇问题的判别式法，与正文无涉。,slice-91
PHYSICS,分子动理论,ext-phy-6f83133765-003,分子动理论,阿伏加德罗常数,REBIND,「分子质量 m0=M/NA=Vmol·ρ/NA；分子体积 V0=Vmol/NA」「物体所含分子数 N=(m/M)NA」——靶边界即阿伏加德罗常数在宏观量与微观量间的桥梁作用；现绑分子动理论三条基本内容无涉。,slice-91
PHYSICS,分子热运动,ext-phy-bca3ec1bd7-010,分子热运动,扩散,REBIND,「定义：不同物质能够彼此进入对方的现象叫扩散。实质：扩散现象并不是外界作用引起的…而是由物质分子的无规则运动产生的物质迁移现象。」——与靶『扩散』边界(1)(2)(4)逐句同；现绑边界只含『热运动、扩散和布朗运动的比较』。,slice-91
PHYSICS,分子的平均动能,phys-hj2-neineng-deciding-yinsu,分子的平均动能,内能,REBIND,「内能：物体内所有分子热运动动能与分子势能的总和，任何物体都有内能」「分子势能：微观上由分子间距离和排列情况决定，宏观上由体积和状态决定」——分子动能、势能与内能的构成，正合靶『内能』（别名含分子动能、分子势能与内能）。,slice-91
PHYSICS,分子的平均动能,phys-kb-internal-energy-temperature,分子的平均动能,内能,REBIND,「内能是物体内所有分子动能与分子势能的总和，由物质的量、温度、体积（物态）决定」「温度升高内能不一定增加（还看分子势能）」——内能的概念与决定因素，正对靶『内能』边界；现绑『分子的平均动能』仅辖首句温度—平均动能。,slice-91
PHYSICS,分析板块模型的思路,ext-phy-4b865de1e3-010,分析板块模型的思路,,KEEP,「涉及滑块或木板的运动时间时，优先考虑用动量定理」「涉及滑块与木板的相对位移时，优先考虑用系统的能量守恒」——板块模型解题思路；别名逐字含本材料标题，保留。,slice-91
PHYSICS,创新实验方法测玻璃砖的折射率,phys-critical-angle-formula,创新实验方法测玻璃砖的折射率,条件-①光从光密介质射入光疏介质-②入射角大于或等于临界角,REBIND,「临界角：折射角等于 $90^\circ$ 时的入射角。」「由 $n=\frac{1}{\sin C}$ 可知，介质的折射率越大，发生全反射的临界角越小。」——与目标节点边界（临界角定义、折射率越大临界角越小）逐句对应；现绑讲测折射率的计算法/图像法/单位圆法，与正文无涉。,slice-91
PHYSICS,初速度为零的几个重点推论,ext-phy-e4b3b251e9-007,初速度为零的几个重点推论,,KEEP,「通过前 x、前 2x、前 3x…位移时的瞬时速度之比为 1:√2:√3」「逆向思维法：末速度为零的匀减速直线运动可以看成初速度为零的匀加速直线运动」——v0=0推论族（末句为配套的逆向思维法），属现绑节点。,slice-91
PHYSICS,初速度为零的几个重点推论,ext-phy-fde347e3d9-019,初速度为零的几个重点推论,,KEEP,「T末、2T末、3T末…nT末的瞬时速度之比v1∶v2∶v3∶…∶vn=1∶2∶3∶…∶n」「第1个T内、第2个T内…位移之比xⅠ∶xⅡ∶xⅢ∶…∶xN=1∶3∶5∶…∶(2n−1)」——现绑边界(1)(3)逐字对应。,slice-91
PHYSICS,初速度为零的几个重点推论,phys-hj2-pingpao-shiyan-pinshan-paizhao,初速度为零的几个重点推论,平抛运动轨迹的数据处理与初速度计算,REBIND,「频闪照相每隔相同时间 $T$ 拍一次，照片上各位置水平间距相等说明水平方向匀速」「竖直方向相邻位移差 $Δy=gT^2$，可求 $T$；初速度 $v_0=x/T$」——模型为平抛轨迹数据处理与初速度求解；目标节点已收《平抛实验的数据处理（含残缺轨迹）》同族。,slice-91
PHYSICS,初速度为零的几个重点推论,phys-pingpao-ju-xie-mian-zui-yuan,初速度为零的几个重点推论,平抛运动与斜面的结合分析,REBIND,「将小球的初速度和加速度沿斜面和垂直斜面分解」「当垂直斜面方向速度减为0时，小球距离斜面最远」——即平抛与斜面结合的分析；『平抛运动与斜面的结合分析』已收《斜面上平抛运动离斜面最远的条件与两种坐标法》同题材料，现绑『初速度为零的几个重点推论』指1:3:5比例式。,slice-91
PHYSICS,判断滑块和模板运动状态的技巧,ext-phy-b6bd732b19-051,判断滑块和模板运动状态的技巧,,KEEP,「若 mgμ1≤(M+m)gμ2，则物块 A 减速，木板 B 相对地面静止」「相对位移就是两图线之间所夹图形的面积」——板块模型结论总结，别名逐字含本条标题。,slice-91
PHYSICS,利用电场线和等势面解决带电粒子运动问题的方法,ext-phy-b6bd732b19-107,利用电场线和等势面解决带电粒子运动问题的方法,,KEEP,「顺着电场线方向电势逐渐降低，所以先由电场力方向与轨迹凹侧定出电场线方向」「只有电场力做功的时候，动能和电势能之和守恒」——轨迹+电场线判电势与电势能，落现绑边界所收的电势能变化与等势面电势高低判断。,slice-91
PHYSICS,利用电场线和等势面解决带电粒子运动问题的方法,phys-kb-particle-trajectory-judge,利用电场线和等势面解决带电粒子运动问题的方法,,KEEP,「带电粒子只受电场力时，电场力指向轨迹弯曲的内侧，且轨迹夹在速度与力之间」「由电场线方向与受力方向同向或反向判断粒子电性」——即现绑节点边界首句内容。,slice-91
PHYSICS,力的合成,ext-phy-445f88143b-006,力的合成,,KEEP,「三角形定则与平行四边形定则本质相同，都可以配合解三角形的方法求出合矢量的大小与方向」「标量运算不遵循这一法则」——矢量相加的两定则，属现绑节点，保留。,slice-91
PHYSICS,力的合成,ext-phy-67e356d572-001,力的合成,,KEEP,「如果一个力产生的效果跟几个共点力共同作用产生的效果相同，这一个力就叫做那几个力的合力」「这是用平行四边形定则求合力的前提」——合力分力与共点力概念，属现绑节点，保留。,slice-91
PHYSICS,力的合成,ext-phy-67e356d572-001b,力的合成,,KEEP,「这两个邻边之间的对角线就表示合力的大小和方向。这是矢量合成的普遍法则」「从第一个矢量的起点指向第二个矢量的终点的有向线段就表示合矢量」——平行四边形定则与三角形定则，属现绑节点，保留。,slice-91
PHYSICS,力的合成,ext-phy-d57433f816-005,力的合成,,KEEP,「把两个矢量的首尾顺次连接起来，第一个矢量的起点到第二个矢量的终点的有向线段为合矢量」——即现绑节点所讲的三角形定则，保留。,slice-91
PHYSICS,力的合成,ext-phy-d95af4f7b3-001,力的合成,,KEEP,「二者是等效替代关系：可以用合力代替那几个分力，也可以用分力代替合力」「合成不是代数相加，而要按矢量法则（平行四边形定则或三角形定则）进行」——合力分力与共点力，属现绑节点，保留。,slice-91
PHYSICS,力的合成,ext-phy-d95af4f7b3-002,力的合成,,KEEP,「从两个分力共同作用点出发的那条对角线就表示合力的大小和方向」「若三个力首尾相接恰好构成封闭三角形，则这三个力的合力为零」——两定则及由定则得到的结论，属现绑节点，保留。,slice-91
PHYSICS,力的合成,ext-phy-e14aad82a5-078b,力的合成,,KEEP,「两个分力大小一定时，夹角越大，合力越小」「夹角为 120° 的两个等大的力，其合力大小等于每一个分力」——分力夹角与合力大小关系，正合现绑边界，保留。,slice-91
PHYSICS,力的合成,ext-phy-e14aad82a5-079,力的合成,,KEEP,「从一个力的始端指向另一个力末端的有向线段表示合力」「若首尾相连恰好构成封闭多边形，则合力为零」——三角形定则、多边形定则与特殊情况，属现绑定则范围，保留。,slice-91
PHYSICS,力的合成,ext-phy-eaffbd3f7f-002,力的合成,,KEEP,「几个力如果都作用在物体的同一点，或者它们的作用线相交于一点，这几个力就叫做共点力」「两者之间是等效替代的关系」——共点力与合力分力概念，属现绑节点，保留。,slice-91
PHYSICS,力的合成,ext-phy-f26b1b9e49-002,力的合成,,KEEP,「作用在物体上同一点，或者作用线相交于同一点的力叫共点力」「受力分析时不能既画合力又画分力，否则就是重复计算」——共点力与等效替代，属现绑节点，保留。,slice-91
PHYSICS,力的合成,ext-phy-f26b1b9e49-003b,力的合成,,KEEP,「从力的作用点起按同一标度作出两个分力的图示，以两分力的图示为邻边作平行四边形」「合力大小由余弦定理给出」——作图法与计算法求合力，正合现绑『力的合成』边界所讲共点力合力的求法，保留。,slice-91
PHYSICS,力的合成,ext-phy-f9c8d091e9-001,力的合成,,KEEP,「基本运算规则：平行四边形定则」「分解的多样性：把同一个确定的力分解，即使只分解为两个分力，也有无数种分解结果」——矢量合成与分解的四种运算方法及合成唯一、分解多样；含分解内容（『力的分解』另有节点），整体仍落现绑合成节点，保留并点名。,slice-91
PHYSICS,力的合成,ext-phy-f9c8d091e9-002,力的合成,,KEEP,「把两个矢量首尾顺次相连，从第一个矢量的起点指向第二个矢量的终点」「若最后一个矢量的终点与第一个矢量的起点重合而构成闭合图形，则这些矢量的合矢量为零」——三角形定则与多边形定则，属现绑节点，保留。,slice-91
PHYSICS,力的合成,phys-fx-force-composition-two-rules,力的合成,,KEEP,「两分力一定时夹角越大合力越小；合力一定、两等大分力夹角越大时分力越大」「合力可大于、等于或小于任一分力」——定则与推论，正合现绑边界合力随分力夹角变化的取值范围，保留。,slice-91
PHYSICS,力的合成,phys-fx-three-force-equilibrium-methods,力的合成,共点力平衡的常用方法,REBIND,「合成法：任意两力的合力与第三力等大反向」「相似三角形法：力的矢量三角形与空间几何三角形相似，用比例求力」——通篇三力平衡的解法；『共点力平衡的常用方法』边界即合成法、分解法、正交分解法、矢量三角形法，节点内已收『处理共点力平衡问题的四种方法与各自的适用条件』。,slice-91
PHYSICS,力的合成,phys-hj2-pingxing-sibianxing-sanjiaoxing-dingze,力的合成,,KEEP,「以两分力为邻边作平行四边形，两邻边之间的对角线表示合力的大小和方向」「第一个矢量的起点到第二个矢量的终点的有向线段为合矢量」——两定则即现绑边界所述矢量加法法则，保留。,slice-91
PHYSICS,力的合成,phys-hj3-orthogonal-decomposition-force,力的合成,正交分解法,REBIND,「把各力沿相互垂直的 $x、y$ 轴分解」「建轴原则：静力学中以少分解力和容易分解力为原则，使尽量多的力落在坐标轴上」——通篇正交分解法的步骤与建系原则；『正交分解法』节点内已收『正交分解法求合力的步骤』『正交分解法的建系原则』同族材料。,slice-91
PHYSICS,力的合成,phys-uniform-field-parallel-segments,力的合成,电势差与电场强度的关系,REBIND,「匀强电场中，若 $AB ∥ CD$ 且 $AB = CD$，则 $U_{AB} = U_{CD}$」「常利用平行四边形对边电势差相等的规律快速求电势」——通篇匀强电场电势差推论，与『力的合成』零对应；『电势差与电场强度的关系』节点已收『匀强电场 U=Ed 的三条推论』『由E＝U/d推出的两个重要推论』同族材料。,slice-91
PHYSICS,功,ext-phy-0a05d068a2-002,功,,KEEP,「该式只适用于恒力做功」「正负表示力对物体运动起促进还是阻碍作用」——W=Flcosα 适用条件与正负含义，属现绑『功』。,slice-91
PHYSICS,功,ext-phy-0f7a57f761-004,功,,KEEP,「做功的两个要素：作用在物体上的力；物体在力的方向上发生的位移」「该公式只适用于恒力做功」——做功要素与计算式；现绑『功』别名逐字同题。,slice-91
PHYSICS,功,ext-phy-0f7a57f761-005,功,,KEEP,「当0≤α<90°时W>0，力对物体做正功」「当α=90°时W=0，力对物体不做功」——正负功判据，现绑『功』别名逐字含本条标题。,slice-91
PHYSICS,功,ext-phy-1dbc2880eb-022b,功,,KEEP,「该力做功的大小可以用平均值计算」「$W=\dfrac{1}{2}(f_1+f_2)x$」——力随位移线性变化时的做功；现绑『功』边界明写“力随位移线性变化时的做功处理”，别名逐字同题。,slice-91
PHYSICS,功,ext-phy-21c05deaff-002,功,,KEEP,「两个要素缺一不可：有力而无位移（推墙不动）」——做功的两个要素；现绑『功』别名逐字同题。,slice-91
PHYSICS,功,ext-phy-21c05deaff-004,功,,KEEP,「力对物体做**正功**，该力起动力作用」「力对物体不做功」——三种情形判据，属现绑『功』（别名同题）。,slice-91
PHYSICS,功,ext-phy-27dcfc8b6e-001,功,,KEEP,「它只适用于恒力做功；位移必须是物体相对地面的位移」「当力是变力时不能直接套用这个公式」——正负判断与恒力做功计算，属现绑『功』。,slice-91
PHYSICS,功,ext-phy-2efc741f48-001,功,,KEEP,「功是标量，只有大小与正负，没有方向」「力对物体做负功，也说成物体克服这个力做了功」——做功要素、公式与正负；现绑『功』别名逐字同题。,slice-91
PHYSICS,功,ext-phy-2efc741f48-003,功,,KEEP,「推论一：恒力做功与路径无关」「克服摩擦力做的总功可以等效为」——恒力做功两推论与变力功处理，现绑边界含变力做功方法（保留：另有『变力做功的求解方法』节点，见备注）。,slice-91
PHYSICS,功,ext-phy-301414b448-004,功,,KEEP,「物理意义：功是能量变化的量度」「力做负功，也常说成物体克服这个力做功（取绝对值）」——功的定义、公式与正负；现绑『功』别名逐字同题。,slice-91
PHYSICS,功,ext-phy-385fa2d320-001,功,,KEEP,「做功的两个要素：作用在物体上的力，以及物体在力的方向上发生的位移」「合外力做功：可先求合外力再用W合=F合lcosα」——功的分析与计算；现绑『功』别名逐字同题。,slice-91
PHYSICS,功,ext-phy-3b5678cdcd-002,功,,KEEP,「力对物体做的功等于力的大小与物体在力的方向上通过的位移的大小的乘积」「$l$ 必须是作用点相对地面的位移」——功的定义与定义式；现绑『功』别名逐字同题。,slice-91
PHYSICS,功,ext-phy-3b5678cdcd-003,功,,KEEP,「摩擦力、空气阻力类的功：功的大小等于力的大小乘路程（不是位移）」「先判断力是否恒定、方向是否改变，再决定用位移还是路程」——计算功的五种方法及选择原则；现绑『功』边界含功的计算与变力处理。,slice-91
PHYSICS,功,ext-phy-3b5678cdcd-005,功,,KEEP,「力对物体做正功，该力是动力」「功的正负只表示力的效果是动力还是阻力，不表示大小」——正负功判断与易错点，属现绑『功』。,slice-91
PHYSICS,功,ext-phy-3b5678cdcd-007,功,,KEEP,「把物体的位移分割成许多极小段，每一小段上力可视为恒力」「图线与横轴所围的面积表示力在这段位移内做的功」——微元法/图象法求变力做功；现绑『功』边界明写“重点介绍变力做功的多种计算方法”，别名逐字同题。,slice-91
PHYSICS,功,ext-phy-3b5678cdcd-008,功,,KEEP,「把变力做的功转换为另一个恒力做的功来计算」「题目给速度变化或状态变化优先用动能定理」——等效转换与动能定理求变力做功；现绑『功』边界含变力做功方法，别名逐字同题。,slice-91
PHYSICS,功,ext-phy-49d332c6c0-002,功,,KEEP,「做功的两个必要因素：作用在物体上的力，以及物体在力的方向上发生的位移」「正负只表示力对物体做功的性质（动力或阻力）」——做功要素与正负判断，属现绑『功』。,slice-91
PHYSICS,功,ext-phy-5969dc8eeb-032,功,,KEEP,「W＝Flcos α，适用于恒力做功」「合力做功：方法一是先求合力」——功的计算、正负与合力功，属现绑『功』。,slice-91
PHYSICS,功,ext-phy-612c1aa440-001,功,,KEEP,「做功的两个要素：作用在物体上的力；物体在力的方向上发生的位移」「当0≤α<90°时W>0，力对物体做正功」——功的分析与计算；现绑『功』别名逐字同题。,slice-91
PHYSICS,功,ext-phy-91bac4cabf-001,功,,KEEP,「夹角小于 $90°$ 时力做正功，等于 $90°$ 时力不做功，大于 $90°$ 时力做负功」——正负功判断第一途径；现绑『功』别名逐字含本条标题《力做功与正负功的判断》。,slice-91
PHYSICS,功,ext-phy-93a11e6cbe-003,功,,KEEP,「恒力做功：W=Flcosα」「平均功率用 P=W/t 计算；瞬时功率用 P=Fvcosα 计算」——功与功率计算路径；功的计算与变力路径在现绑『功』边界内（功率段另见『功率』，口径不唯一）。,slice-91
PHYSICS,功,ext-phy-a78025070d-002,功,,KEEP,「物体受到力的作用并在力的方向上发生一段位移，就说这个力对物体做了功」「功的正负不表示方向，而表示该力对物体运动起动力作用还是阻力作用」——正合现绑『功』的概念与恒力做功计算。,slice-91
PHYSICS,功,ext-phy-b6bd732b19-081b,功,,KEEP,「将过程分为很多小段，每一小段做的功可求，再累加起来」——变力做功五法（微元/图像/平均力等）；现绑『功』别名逐字同题，边界含变力做功多种计算。,slice-91
PHYSICS,功,ext-phy-b758f2214b-002,功,,KEEP,「做功的两个必要条件」「功是能量转化的量度，做了多少功就有多少能量发生了转化」——做功条件与功的物理意义，属现绑『功』。,slice-91
PHYSICS,功,ext-phy-c9ea59d55c-001,功,,KEEP,「做功的两个要素：作用在物体上的力；物体在力的方向上发生位移」「方法三是利用动能定理」——做功要素/公式/正负/合力功，属现绑『功』。,slice-91
PHYSICS,功,ext-phy-cb59759194-002,功,,KEEP,「一个物体受到力的作用，如果在力的方向上发生了一段位移，就说这个力对物体做了功」「功是能量转化的量度」——功的定义、要素与公式适用性；现绑『功』边界（概念与恒力做功计算）。,slice-91
PHYSICS,功,ext-phy-d80d88dfe8-002,功,,KEEP,「定义：一个物体受到力的作用，如果在力的方向上发生了一段位移，就说这个力对物体做了功」「该公式只适用于恒力做功」——功的定义与正负判断，属现绑『功』。,slice-91
PHYSICS,功,ext-phy-e14aad82a5-156,功,,KEEP,「做功的两个必要因素是作用在物体上的力与物体在力的方向上发生的位移」「功是标量，但有正负」——功概念、公式与两要素，属现绑『功』。,slice-91
PHYSICS,功,ext-phy-e14aad82a5-157,功,,KEEP,「正功：0°≤α<90° 时 W>0，表示动力做功，向物体提供能量」「负功：90°<α≤180° 时 W<0，表示阻力做功」——正负零功判据，属现绑『功』。,slice-91
PHYSICS,功,ext-phy-e476f90330-001,功,,KEEP,「做功的两个要素：作用在物体上的力，以及物体在力的方向上发生的位移」「计算恒力做功的方法」——与现绑『功』边界（恒力做功计算）一致。,slice-91
PHYSICS,功,ext-phy-e4b3b251e9-033,功,,KEEP,「功的定义式 W=Flcosα，适用于恒力做功的计算」「重力的功量度重力势能的变化」——定义式与能量转化量度，现绑『功』别名逐字含本条标题。,slice-91
PHYSICS,功,ext-phy-edae5f436a-002,功,,KEEP,「力和作用在力的方向上通过的位移的乘积，是描述力对空间积累效应的物理量」「功是标量，功的正负不表示方向」——功的定义式与标矢性；现绑『功』别名《功的定义式与功是能量转化的量度》同族。,slice-91
PHYSICS,功,ext-phy-edae5f436a-003,功,,KEEP,「恒力的功可由 W=Flcosα 计算，该公式只适用于恒力做功」「根据 W=Pt 可计算一段时间内的平均做功」——功的常用计算方法；现绑『功』边界含功的概念与恒力做功计算（《功的大小的多种计算方法》在『合力做功的计算方法』，口径不唯一故保留）。,slice-91
PHYSICS,功,phys-mo-l19-work-power-e,功,,KEEP,「误区：认为只要物体受力和有位移就一定做功」「作用力做正功时，反作用力可以做正功、负功或不做功」——功与功率易混辨析；现绑『功』别名逐字同题。,slice-91
PHYSICS,功,wusan-phy-v-79cf52b9,功,,KEEP,「微元法：质量为m的木块在水平面内做圆周运动，运动一周克服摩擦力做功」「平均力法：弹簧由伸长量x₁被继续拉至伸长量x₂的过程中，克服弹力做功」——变力做功六法；现绑『功』别名逐字同题。,slice-91
PHYSICS,功-热和内能的改变,ext-phy-99731b6c9b-024,功-热和内能的改变,,KEEP,「气体等压膨胀时气体对外界做功，等压压缩时外界对气体做功」「功的大小都等于压强与体积变化量的乘积」——气体做功改变内能的计算，现绑别名逐字含『等压过程中气体做功的计算』。,slice-91
PHYSICS,功能关系,ext-phy-456775f343-001,功能关系,能量转化-导体克服安培力做功-其他形式能转化为电能-最终转化为内能,REBIND,「闭合电路中产生感应电流的过程，是其他形式的能转化为电能的过程；电磁感应中能量问题的实质是电能的转化问题，转化的桥梁是安培力」——通篇电磁感应能量转化（安培力做功对应电能/焦耳热）；靶节点『能量转化』（电磁感应现象及应用·11条）即此，现绑『功能关系』边界限机械能体系。,slice-91
PHYSICS,功能关系,ext-phy-9e2abe3fb4-002,功能关系,,KEEP,「做功的多少与能量转化的多少在数值上相等，因此可以用功的数值去量度能量的改变」「合外力的功 $W_{合}=\Delta E_{k}$，量度动能的变化」——功是能量转化的量度与常见功能关系，即现绑『功能关系』。,slice-91
PHYSICS,动力学三大观点的基本理解和应用,ext-phy-4dd4b74876-009,动力学三大观点的基本理解和应用,,KEEP,「物体保持静止或匀速直线运动是平衡状态……若考查受力分析，则分为合力为零与合力等于ma两种情形」——力学两大思想；现绑别名逐字含同名条。,slice-91
PHYSICS,动力学三大观点的基本理解和应用,ext-phy-526388500e-084,动力学三大观点的基本理解和应用,,KEEP,「力的瞬时作用对应牛顿第二定律」「时间累积作用对应动量定理」「空间累积作用对应动能定理」——现绑别名逐字含同名条。,slice-91
PHYSICS,动力学三大观点的基本理解和应用,ext-phy-e14aad82a5-1423,动力学三大观点的基本理解和应用,,KEEP,「牛顿第二定律对应某个时刻或位置，动量定理对应某段时间，动能定理对应某段位移」——三大观点对比；现绑别名含《力学三大观点的对比与选用》。,slice-91
PHYSICS,动态平衡问题,ext-phy-500b9057a0-004,动态平衡问题,,KEEP,「图解法的使用条件：物体受到三个力，其中一个力大小和方向都不变，另一个力方向不变而大小变化，」「\n依据合力为零作出矢量三角形，由图线的变化直接判断各力大小的增减。」——动态平衡问题的图解法适用条件，落在现绑边界『图解法（矢量三角形法）』。,slice-91
PHYSICS,动态平衡问题,ext-phy-b85d6e94ac-018,动态平衡问题,,KEEP,「绳长不变：绳两端点与挂钩之间的两段绳长之和保持不变。」「增大两杆间距则两段绳夹角变大、张力变大，减小杆距则张力变小，即“近小远大，纵不变”。」——晾衣架模型缓慢移动的动态平衡几何关系，属现绑节点。,slice-91
PHYSICS,动态平衡问题,ext-phy-d7ae747433-003,动态平衡问题,,KEEP,「## 相似三角形法\n适用条件：一个力恒定、另外两个力的方向同时变化，当所作矢量三角形与空」「\n\n## 力的外接圆法与正弦定理法\n适用条件：一个力恒定，另外两个力的方向」——三力动态平衡的两种方法，现绑边界明列相似三角形法。,slice-91
PHYSICS,动态平衡问题,phys-hj2-liangliang-yuan-fa-zhengxian-dingli,动态平衡问题,,KEEP,「作出不同状态的矢量三角形，两力夹角不变可构成动态圆，恒力为圆的一条弦，由不同位置判断各力大」「也可用正弦定理 $F/sinα$ 比例列式求解。」——夹角不变类动态平衡的矢量圆法，属现绑节点。,slice-91
PHYSICS,动能定理,ext-phy-1f80314edd-015,动能定理,,KEEP,「思路一：分阶段应用动能定理」「思路二：全过程应用动能定理…把几个运动过程看成一个整体，巧妙运用动能定理来研究」——动能定理处理多过程的列式策略，现绑应用族。,slice-91
PHYSICS,动能定理,ext-phy-1f80314edd-017,动能定理,多过程问题的分析方法,REBIND,「多过程问题的分析方法：1. 将多过程分解为许多子过程，各子过程之间由衔接点连接」「根据子过程和衔接点的模型特点，选择合理的物理规律列方程」——通篇为多过程问题通用分析步骤，无动能定理字样；目标节点同名。,slice-91
PHYSICS,动能定理,ext-phy-4e8129046b-016,动能定理,,KEEP,「应用动能定理求解往复运动问题时，要先确定物体的初状态和最终状态」「滑动摩擦力做功与物体运动的路径有关，可用$W_f=-F_f s$求解」——往复运动中动能定理的用法。,slice-91
PHYSICS,动能定理,ext-phy-f6054f0b44-005,动能定理,,KEEP,「这类问题多涉及滑动摩擦力或其他阻力做功，其做功的特点是只与路程有关」「动能定理只涉及物体的初、末状态，能把多个过程合并成一个方程」——为何与如何用动能定理。,slice-91
PHYSICS,动量守恒定律,ext-phy-b2b81f14a5-002,动量守恒定律,小球碰撞平抛实验法步骤,REBIND,「不放被撞球，让入射球从斜槽上某固定高度由静止滚下 10 次，用尽量小的圆把所有落点圈住，圆心 P 即入射球落点的平均位置」「代入 m1·OP=m1·OM+m2·ON」——整条是斜槽小球平抛实验的步骤与注意事项，属『小球碰撞平抛实验法步骤』（节点边界即该六步）；现绑『动量守恒定律』是定律本身。,slice-91
PHYSICS,动量守恒定律,ext-phy-e14aad82a5-1409,动量守恒定律,,KEEP,「它们的 mv 之和在碰撞前后是不变的」「这个在碰撞前后保持不变且具有特殊意义的物理量即动量，它的守恒性是动量守恒定律的实验基础」——讲动量守恒定律的实验基础，属现绑『动量守恒定律』（节点已收《验证动量守恒定律的实验原理》）；『动量』只讲定义与矢量性、『动量守恒定律的推导』讲两球推导，均不更贴合。,slice-91
PHYSICS,动量守恒定律,ext-phy-e14aad82a5-262b,动量守恒定律,,KEEP,「内力、外力是根据选取的研究对象而判定的」「系统动量守恒并不意味着系统内各物体的动量都不变」——前半句与薄料『系统-内力和外力』同型，后半句属现绑『动量守恒定律』的守恒理解；整条两分句分属两节点，拿不准按保留（见 notes）。,slice-91
PHYSICS,动量守恒定律,ext-phy-fcfdc630ec-002,动量守恒定律,小球碰撞平抛实验法步骤,REBIND,「测质量：用天平测出两小球的质量，并选定质量大的小球为入射小球」「碰撞找点：把被撞小球放在斜槽末端」「验证：连接 $ON$，测量线段 $OP$、$OM$、$ON$ 的长度」——整条是斜槽平抛方案的实验步骤，与上条同属『小球碰撞平抛实验法步骤』；现绑『动量守恒定律』。,slice-91
PHYSICS,动量守恒定律,phys-mo-l25-momentum-consv-b-5,动量守恒定律,人船模型,REBIND,「模型特点：系统初始静止，水平方向不受外力，遵从动量守恒（平均动量守恒）」「位移关系：$m x_1=M x_2$」「以相对位移 $L$ 配合 $x_1+x_2=L$ 求解」——整条是人船模型的适用条件与位移关系，属『人船模型』（节点边界即 m船x船=m人x人、x船+x人=L）；现绑『动量守恒定律』。,slice-91
PHYSICS,动量守恒定律,phys-mo-l26-collision-models-b-4,动量守恒定律,滑块-斜面-曲面-模型-相对运动与临界问题,REBIND,「模型特点：系统在水平方向动量守恒，系统机械能守恒（斜面光滑情形）」——滑块—斜（曲）面模型的守恒与两关键状态，属『滑块-斜面-曲面-模型-相对运动与临界问题』（别名含《滑块—斜（曲）面模型的两种情况》《滑块返回曲面最低点的等价弹性碰撞》）。,slice-91
PHYSICS,动量定理的应用-流体类模型,ext-phy-12eae54e07-011,动量定理的应用-流体类模型,,KEEP,「液体流、气体流等被广义地视为流体，质量具有连续性」「不同点是质量的表达方式不同，流体用密度、微粒用数密度」——流体柱状微元的动量定理建模，正合现绑边界；微粒侧另有『微粒类问题分析步骤』，本体主述流体，保留。,slice-91
PHYSICS,匀变速直线运动问题常用的解题方法,ext-phy-206fb04353-012d,匀变速直线运动问题常用的解题方法,,KEEP,「比例法：只用于初速度为零的匀加速直线运动」「逆向思维法：末速度为零的匀减速直线运动可视为反向的初速度为零的匀加速直线运动」——两种方法即现绑『匀变速直线运动问题常用的解题方法』所收的比例关系与逆向处理。,slice-91
PHYSICS,单摆,ext-phy-926b6cba22-010,单摆,,KEEP,「双线摆也是一种单摆：它用两根细线悬挂摆球…把摆球的运动轨迹约束在一个确定的平面内」「它的周期公式与单摆相同」——双线摆归入单摆模型，现绑别名逐字同题。,slice-91
PHYSICS,单摆,ext-phy-d11b02ddc6-008,单摆,,KEEP,「小球在垂直纸面方向摆动时，等效摆长为l＝l1sinθ」「若摆线还多出一段长度l3，则等效摆长为l＝l1sinθ＋l3」——双线摆等效摆长，现绑别名逐字同题。,slice-91
PHYSICS,单摆周期,ext-phy-b3bbcd47f8-017,单摆周期,,KEEP,「斜面上的单摆：等效重力加速度 g0=gsinθ，代入 T=2π√(l/g0) 计算周期」「双线摆：按几何关系求等效摆长」——现绑别名逐字含『单摆周期公式与等效摆长、等效重力加速度』。,slice-91
PHYSICS,卫星变轨-1-2-3,phys-mo-l18-satellites-b-3,卫星变轨-1-2-3,不同高度卫星物理量的比较,REBIND,「规律：轨道半径越大，$v$、$\omega$、$a$ 越小，$T$ 越大（“高轨、低速、大周期”）」——正文主体为轨道参量随半径的变化比较，正合目标边界“轨道越高运行越慢、周期越长”；现绑『卫星变轨-1-2-3』只讲1→2→3椭圆转移动力学。,slice-91
PHYSICS,原子核式结构,ext-phy-2d6466da52-002,原子核式结构,,KEEP,「1909年，物理学家卢瑟福和他的助手进行了用α粒子轰击金箔的实验」「原子全部的正电荷和几乎全部质量都集中在核里」——电子的发现与α散射及其核式结构结论，别名『电子的发现与α粒子散射实验』在现绑。,slice-91
PHYSICS,原子核式结构,ext-phy-4658ce6c97-021,原子核式结构,,KEEP,「①电子的发现：…汤姆孙在研究阴极射线时发现了电子…②α粒子散射实验：…卢瑟福…提出了原子的核式结构模型」——与现绑边界（电子的发现与α散射提供的依据）一致。,slice-91
PHYSICS,原子核的组成-原子核是由质子和中子组成的-原子核的电荷数等于核内的质子数,phys-hj3-equal-charge-field-compare,原子核的组成-原子核是由质子和中子组成的-原子核的电荷数等于核内的质子数,等量同种与等量异种点电荷的电场分布,REBIND,「等量异种点电荷：连线上中点 $O$ 处场强最小（不为零）」「关于 $O$ 点对称的两点场强等大同向」——两类等量点电荷的场强分布；现绑“原子核的组成”讲核组成与核符号，与正文无涉。,slice-91
PHYSICS,原子核的组成-原子核是由质子和中子组成的-原子核的电荷数等于核内的质子数,phys-kb-equal-charge-field-distribution,原子核的组成-原子核是由质子和中子组成的-原子核的电荷数等于核内的质子数,等量同种与等量异种点电荷的电场分布,REBIND,「中垂面是电势为零的等势面」「等量同种电荷：连线中点场强为零」——等量点电荷的场强与电势分布；现绑“原子核的组成”讲核组成与核符号，与正文无涉。,slice-91
PHYSICS,原子核衰变,ext-phy-4658ce6c97-035,原子核衰变,,KEEP,「α射线：本质是高速氦核流」「穿透本领弱（纸片即可挡住）」「γ射线：本质是光子流，速度为光速 c」——三种射线特性对比，属现绑『原子核衰变』边界「三种射线在电场、磁场中的偏转情况」同族；『天然放射现象』『三种放射线的性质比较』亦收此族，保守保留。,slice-91
PHYSICS,变力做功的求解方法,phys-f-x-mian-ji-gong,变力做功的求解方法,,KEEP,「F-x图线与x轴所围面积表示力 $F$ 做的功：线性减小时 $W=\frac{1}{2}F_0x_0$」——变力做功的图像（面积）法；现绑别名逐字含本题名。,slice-91
PHYSICS,变质量问题的处理思想-等效,ext-phy-e0ab13f5f5-022,变质量问题的处理思想-等效,,KEEP,「若混合前或分装后两部分或几部分气体的压强不相等，不能直接应用气体实验定律列方程」「先转化为相同压强下，再将两部分气体整体作为研究对象」——混气转化法；现节点已收『变质量问题之转化法：先化为相同压强再整体求解』『混气：整体作为研究对象』。,slice-91
PHYSICS,变质量问题的处理思想-等效,phys-isothermal-partition-formula,变质量问题的处理思想-等效,,KEEP,「若温度不变，可得气体等温分态公式」——等温分态式；现节点别名区已含『变质量问题的分态式方程』『等温分态公式』，均为变质量问题的求解工具。,slice-91
PHYSICS,变轨过程分析,phys-bian-gui-tong-dian-jia-su-du,变轨过程分析,,KEEP,「在A点，轨道Ⅰ上和轨道Ⅱ上的加速度关系 $a_{ⅠA}=a_{ⅡA}$」「A、B两点比较 $a_A>a_B$」——变轨中同点与异点的加速度比较，属现绑『变轨过程分析』（前轮已改绑至此）。,slice-91
PHYSICS,合力做功的计算方法,phys-p-t-mian-ji-gong,合力做功的计算方法,,KEEP,「P-t图线与t轴所围面积表示机车牵引力 $F$ 做的功」——现绑别名逐字含《P-t图线与t轴围成面积表示功》，属功的计算方法。,slice-91
PHYSICS,合外力做功与动能的关系,phys-double-rod-energy-constant-force,合外力做功与动能的关系,电磁感应中的双棒模型,REBIND,「$F$ 做的功转化为两杆的动能和内能：$W_F=\Delta E_k+Q$。」——靶边界『过程满足动量与能量关系，产热按电阻分配』；同源『等距双杆（光滑、一杆受恒定外力）』（kit-66 判例）同归该节点。,slice-91
PHYSICS,合外力做功与动能的关系,phys-hj2-dianchang-zhigongyou-jingdianli-shouheng,合外力做功与动能的关系,电场中的功能关系,REBIND,「只有静电力做功：电势能与动能之和保持不变，$E_p+E_k=$ 定值」「静电力和重力都做功：电势能、重力势能、动能之和保持不变」——与靶边界(1)(2)逐句同；现绑只讲W与ΔEk的单对象关系。,slice-91
PHYSICS,向心力,ext-phy-a8e443c60d-065,向心力,,KEEP,「匀速圆周运动：所受合力提供向心力」「变速圆周运动：合力的切向分量Ft改变速度大小，法向分量Fn提供向心力」——合力来源与切法分解正合『向心力』别名；末段离心近心判据另与『离心现象』重合，混合材料故保留。,slice-91
PHYSICS,向心力,phys-fx-vehicle-turning-bank,向心力,,KEEP,「水平路面：摩擦力提供向心力 $f=m\frac{v^2}{r}$，超过最大静摩擦发生侧滑」「倾斜路面（铁路弯道）：$mg\tan\theta=m\frac{v_0^2}{r}$，当 $v=v_0$ 时内外轨均无侧压力」——别名逐字含本条标题『车辆转弯（水平与倾斜路面）』。,slice-91
PHYSICS,含容电路的分析方法,ext-phy-311bab1429-045,含容电路的分析方法,,KEEP,「利用 Q=CU 计算电容器初、末状态所带的电荷量 Q1 和 Q2」「如果变化前后极板所带电荷的电性相同，通过所连导线的电荷量为两电荷量之差」——含容电路分析；别名逐字含该题名。,slice-91
PHYSICS,图像法在处理实验数据方面的应用,ext-phy-4df1f6659a-023,图像法在处理实验数据方面的应用,,KEEP,「由 $T=2π\sqrt{\frac{L}{g}}$ 得 $L=\frac{g}{4π^2}T^2$，因此 $L-T^2$ 图线是直线：斜率 $k=\frac{g}{4π^2}$，解得 $g=4π^2k$」——图像法处理单摆数据，别名逐字含『用 T²-L 图线求重力加速度与重心高度』。,slice-91
PHYSICS,图象法,ext-phy-1973c2d598-005,图象法,,KEEP,「读图时抓点、线、面、斜、截五个要素」「$v-t$ 图中图线与 $t$ 轴所夹图形的面积表示位移」——别名逐字含本条标题。,slice-91
PHYSICS,图象法,ext-phy-1dbc2880eb-018b,图象法,,KEEP,「图线与横轴所围面积表示位移，面积不变时图线的形状决定时间的长短」——v-t面积法应用；『电场中的v-t图像』边界只讲斜率判读与电势定性、未覆盖面积用法，保留。,slice-91
PHYSICS,图象法,ext-phy-7151338d60-014b,图象法,,KEEP,「$v-t$ 图像的斜率就是加速度」「$a-t$ 图像的斜率表示加速度对时间的变化率，称为急动度」——图像法读斜率，别名逐字含本条标题。,slice-91
PHYSICS,图象法,ext-phy-ab8080ef1c-004,图象法,,KEEP,「一看坐标轴…二看截距、斜率、面积…三看交点、转折点、渐近线」——运动学图像审图通法，别名逐字含本条标题。,slice-91
PHYSICS,图象法,ext-phy-afa44298fc-004e,图象法,,KEEP,「用图像法解选择题不但快速、准确，而且能避免繁杂的运算」「它适用于一些对情境进行定性分析的问题」——别名逐字含本条标题。,slice-91
PHYSICS,图象法,ext-phy-d25945fdac-002,图象法,,KEEP,「1. 看“轴”…2. 看“斜率”：从 v-t 图像的斜率判断加速度的变化。3. 看“面积”：v-t 图像的面积表示位移」——图像法读图，别名逐字含本条标题。,slice-91
PHYSICS,图象的应用,ext-phy-4d4c5ba463-004c,图象的应用,,KEEP,「点：图线上的每一个点都对应研究对象的一个状态」「斜率：表示横、纵坐标轴上两个物理量的比值」「面积：…表示位移」「截距」——图像五要素解读，现绑别名逐字含『运动图像中五要素的物理意义』。,slice-91
PHYSICS,圆周运动各物理量间的关系,ext-phy-e14aad82a5-633,圆周运动各物理量间的关系,,KEEP,「频率 f：做圆周运动的物体在单位时间内沿圆周转过的圈数」「转速 n：物体转动的圈数与所用时间之比」——描述圆周运动的物理量；别名含『描述匀速圆周运动的物理量』『频率、周期和转速』，保留。,slice-91
PHYSICS,圆周运动常见的临界状态,ext-phy-40a91cbf02-008,圆周运动常见的临界状态,,KEEP,「当v＝√(gr)时弹力恰为零；当v＞√(gr)时所需向心力大于重力，弹力转为指向圆心」「求对轨道的压力时应先用牛顿第三定律转换研究对象」——杆/管道弹力与速度的对应，落在边界『与绳或杆的弹力有关弹力恰好为0』，保留。,slice-91
PHYSICS,圆周运动常见的临界状态,ext-phy-b6bd732b19-071c,圆周运动常见的临界状态,,KEEP,「绳只能提供指向圆心的力，最高点速度不能小于 √gR；杆（环、管道）既能提供指向圆心的力也能提供背离圆心的力，最高点速度可以为零」——三类竖直圆对比，别名逐字含本题名，保留（近邻『竖直面内绳球与杆球模型的临界条件』，见备注）。,slice-91
PHYSICS,圆周运动的经典模型和应用,ext-phy-2199dad0da-016,圆周运动的经典模型和应用,,KEEP,「铁路弯道的特点是弯道处外轨略高于内轨」「支持力与重力的合力指向圆心、提供转弯所需的向心力」——火车转弯的轨道特点与向心力来源，属现绑。,slice-91
PHYSICS,圆周运动的经典模型和应用,ext-phy-74eba2063c-006,圆周运动的经典模型和应用,,KEEP,「弯道处外轨高于内轨，适当选择内外轨的高度差，可以使转弯所需的向心力几乎完全由重力与轨道支持力的合力提供」——火车转弯向心力来源，属现绑『圆周运动的经典模型和应用』。,slice-91
PHYSICS,圆周运动的经典模型和应用,ext-phy-86c723ba5d-007,圆周运动的经典模型和应用,,KEEP,「火车转弯：若向心力完全由重力与支持力的合力来提供，铁轨就不受轮缘的挤压」「由 $mg=\frac{mv^2}{R}$ 得临界速度 $v=\sqrt{gR}$」——火车转弯与汽车过拱桥，水平面圆周经典模型，属现绑『圆周运动的经典模型和应用』。,slice-91
PHYSICS,圆周运动的经典模型和应用,ext-phy-a56301b7f2-019,圆周运动的经典模型和应用,,KEEP,「飞机水平转弯：重力和升力的合力提供向心力」「火车转弯：重力和支持力的合力提供向心力」——水平面内圆周运动的经典模型，现绑别名逐字收录。,slice-91
PHYSICS,圆周运动的经典模型和应用,ext-phy-cebfcf3898-015,圆周运动的经典模型和应用,,KEEP,「如果弯道的内外轨一样高，火车转弯所需的向心力只能由外轨对轮缘的弹力提供」「解得规定速度 $v_0=\sqrt{gR\tan\theta}$」——火车转弯向心力来源与规定速度，现绑别名逐字收录。,slice-91
PHYSICS,圆周运动的经典模型和应用,ext-phy-e14aad82a5-649,圆周运动的经典模型和应用,,KEEP,「实例：竖直圆筒绕中心轴以角速度 ω 转动，小球贴在圆筒内壁上随筒一起运动」「方程：F_f=mg；F_N=mω²r」——竖直圆筒内壁小球的受力与方程，现绑别名逐字收录。,slice-91
PHYSICS,圆周运动的经典模型和应用,ext-phy-e14aad82a5-651,圆周运动的经典模型和应用,,KEEP,「受力：飞机受竖直向下的重力 mg 与倾斜的升力 F_N」「F_合=mg tanθ=mω²r」——飞机在水平面内盘旋的受力分析，现绑别名逐字收录。,slice-91
PHYSICS,圆周运动的经典模型和应用,ext-phy-f38666a18a-038,圆周运动的经典模型和应用,,KEEP,「汽车过拱形桥（凸形路面）：圆心在下方，重力与支持力的合力提供向心力，汽车对桥的压力小于汽车的重力（失重）」——拱桥与凹形路面压力比较，属现绑『圆周运动的经典模型和应用』。,slice-91
PHYSICS,圆周运动的经典模型和应用,phys-kb-arch-bridge-model,圆周运动的经典模型和应用,,KEEP,「拱桥最高点：$mg-F_N=m\frac{v^2}{r}$」「凹桥最低点：$F_N-mg=m\frac{v^2}{r}$，$F_N>mg$，超重」——汽车过拱桥与凹形桥，现绑别名逐字收录。,slice-91
PHYSICS,圆周运动的经典模型和应用,phys-kb-train-turning-model,圆周运动的经典模型和应用,,KEEP,「速度大于 $v_0$ 时外轨受挤压；速度小于 $v_0$ 时内轨受挤压」——火车转弯的内外轨挤压判据，现绑别名逐字收录。,slice-91
PHYSICS,圆锥摆模型规律总结,ext-phy-b6bd732b19-070b,圆锥摆模型规律总结,,KEEP,「两球在同一水平面内做匀速圆周运动（高度 $h$ 相同），属于等高摆，由 $\omega=\sqrt{\frac{g}{h}}$ 知两球角速度大小相同」——等高摆的比较，属现绑『圆锥摆模型规律总结』。,slice-91
PHYSICS,在1t末-2t末-3t末-4t末-n-t末的速度比为-1-2-3-n,phys-ban-waili-liang-ge-lin-jie,在1t末-2t末-3t末-4t末-n-t末的速度比为-1-2-3-n,板块模型,REBIND,「2. 第二个临界（物块、木板发生相对滑动）：$F_2-\mu_2(M+m)g=(M+m)a_1$」——力作用在板上的板块临界；靶『板块模型』已收同族《滑块—木板模型（力作用在“板”上）的分析》。,slice-91
PHYSICS,在1t末-2t末-3t末-4t末-n-t末的速度比为-1-2-3-n,phys-gong-lv-xian-xing-ping-jun,在1t末-2t末-3t末-4t末-n-t末的速度比为-1-2-3-n,功率,REBIND,「若机车功率 $P$ 随时间呈线性规律变化」——平均功率求功；靶『功率』边界即功率的两取值与计算，已收《平均功率的计算方法》。现绑『比例式』无关。,slice-91
PHYSICS,在1t末-2t末-3t末-4t末-n-t末的速度比为-1-2-3-n,phys-hj2-yuedian-puxian-tiaoshu,在1t末-2t末-3t末-4t末-n-t末的速度比为-1-2-3-n,跃迁产生的谱线条数,REBIND,「1. 一群处于 $n$ 能级的原子自发跃迁到基态……2. 一个处于 $n$ 能级的原子向低能级跃迁」——靶『跃迁产生的谱线条数』边界即此两式及混用之误；现绑『初速度为零…比例式』无关。,slice-91
PHYSICS,在1t末-2t末-3t末-4t末-n-t末的速度比为-1-2-3-n,phys-kuai-waili-liang-ge-lin-jie,在1t末-2t末-3t末-4t末-n-t末的速度比为-1-2-3-n,板块模型,REBIND,「第一个临界（板、块相对地面能动起来）……第二个临界（物块、木板发生相对滑动）」——板块模型的两个临界力；靶『板块模型』已收《有外力作用在木板上的板块模型分析》。现绑节点无关。,slice-91
PHYSICS,在1t末-2t末-3t末-4t末-n-t末的速度比为-1-2-3-n,phys-shuang-waili-jiao-cha-fen-pei,在1t末-2t末-3t末-4t末-n-t末的速度比为-1-2-3-n,连接体问题,REBIND,「绳子拉力由两种情况叠加得 $F_T=\frac{m_A}{m_A+m_B}F_2+\frac{m_B}{m_A+m_B}F_1$。」——连接体内力分配；靶『连接体问题』边界含内力外力，已收《内力公式求连接体内力》。现绑节点无关。,slice-91
PHYSICS,在1t末-2t末-3t末-4t末-n-t末的速度比为-1-2-3-n,phys-v-qidong-mu-ban-shi-fou-bei-dai-dong,在1t末-2t末-3t末-4t末-n-t末的速度比为-1-2-3-n,板块模型,REBIND,「v启动：比较物块与木板间、木板与地面间的最大静摩擦力的大小，判断木板所受合力（摩擦力是否超过地面最大静摩擦）」——板块模型初态判断；现绑『初速度为零…比例式』与板块无关，改绑『板块模型』（已收《板块模型的两个临界条件》一族）。,slice-91
PHYSICS,多普勒效应,ext-phy-a6f0685cca-006,多普勒效应,,KEEP,「波的传播速度由介质决定，也与观察者、波源的运动无关」——改变的只是接收频率、波速由介质决定，正是现绑“多普勒效应”边界。,slice-91
PHYSICS,多普勒效应的成因分析,ext-phy-a6f0685cca-005c,多普勒效应的成因分析,,KEEP,「接收频率：观察者接收到的频率，等于观察者在单位时间内接收到的完全波的个数」——现绑边界(1)即接收频率，别名逐字含『接收频率的物理含义』。,slice-91
PHYSICS,多物体-多过程问题中动量守恒定律的应用,phys-hj2-shangbiaomian-guanghua-xiaoche-zhuangban,多物体-多过程问题中动量守恒定律的应用,,KEEP,「小车上表面光滑：物块与小车间无摩擦，物块水平方向不受力，相对地面做匀速运动」——多物体多过程分段的动量守恒处理，属现绑边界“把复杂过程分解为子过程”。,slice-91
PHYSICS,多物体系统的机械能守恒,ext-phy-d099f76b6f-022,多物体系统的机械能守恒,,KEEP,「速率相等情景：系统中两物体的速率始终相等（如跨过定滑轮的轻绳两端物体）」——现绑别名逐字含『速率相等情景的分析要点』。,slice-91
PHYSICS,多物体系统的机械能守恒,ext-phy-d099f76b6f-023,多物体系统的机械能守恒,,KEEP,「角速度相等情景：两物体随同一根杆转动，角速度相同，由v=ωr知v与r成正比」——现绑别名逐字含『角速度相等情景的分析要点』。,slice-91
PHYSICS,多物体系统的机械能守恒,ext-phy-d099f76b6f-024,多物体系统的机械能守恒,,KEEP,「某一方向分速度相等情景（关联速度情景）」「两物体速度的关联实质：沿绳（或沿杆）方向的分速度大小相等」——现绑别名逐字含此标题。,slice-91
PHYSICS,多用电表欧姆挡的原理与使用,ext-phy-e14aad82a5-236,多用电表欧姆挡的原理与使用,,KEEP,「① 中值电阻：当 I=Ig/2 时对应的待测电阻 Rx=R内，称为中值电阻 RΩ」「② 刻度标定：I=Ig 对应 0 Ω；I=Ig/2 对应 RΩ；I=Ig/3 对应 2RΩ」——欧姆挡中值电阻与刻度标定，属现绑『多用电表欧姆挡的原理与使用』（别名逐字含本标题）。,slice-91
PHYSICS,子弹打木块模型,ext-phy-9b21b08c37-004,子弹打木块模型,,KEEP,「利用Q=f x相对：损失的机械能等于摩擦力大小与两者相对位移的乘积」「子弹克服阻力做的功减去阻力对木块做的功」——子弹打木块的能量关系。,slice-91
PHYSICS,安培力,ext-phy-186644d5d8-016,安培力,,KEEP,「① l是指有效长度：弯曲通电导线的有效长度l等于连接导线两端点的直线垂直于磁场方向的投影长」「\n② 相应的电流方向沿两端点连线由始端指向末端。」——即现绑边界所述非均匀情况需取有效长度，别名亦逐字含本条标题。,slice-91
PHYSICS,安培力,ext-phy-21d4982874-026,安培力,,KEEP,「\n2. 导线 $C$ 受重力 $mg$、轨道弹力 $N$、$A$ 对」「由安培力的指向配合左手定则反推导线 $C$ 中的电流方向」——通电导线间安培力的大小方向与平衡，属现绑『安培力』。,slice-91
PHYSICS,安培力,ext-phy-e14aad82a5-318b,安培力,磁电式电表的原理,REBIND,「磁性很强的蹄形磁铁两极间装有极靴，极靴中间有一个铁质圆柱，铁质圆柱外面套着可以绕轴转动的线」「灵敏度高，可以测很弱的电流」——全文为磁电式电流表构造与特点，无安培力内容；目标节点是磁电式电表专题节点。,slice-91
PHYSICS,安培力,ext-phy-e14aad82a5-320b,安培力,磁电式电表的原理,REBIND,「极靴与铁质圆柱间的磁场都沿半径方向，不管通电线圈转到什么位置，它的平面都跟磁感线平行」「因偏转角度与通过的电流 I 成正比，故表盘刻度均匀」——即磁电式电表的辐向磁场与刻度原理；目标节点在册材料『磁电式电表的径向磁场与受力』同题，现绑『安培力』边界无此内容。,slice-91
PHYSICS,安培力,ext-phy-e2fa38632d-004,安培力,,KEEP,「算弯曲导线所受的安培力时，把整段导线等效成沿两端点连线方向、长度等于该投影长度的直导线，再」「算弯曲导线所受的安培力时，把整段导线等效」——有效长度求安培力，属现绑『安培力』边界。,slice-91
PHYSICS,安培力作用下导体的平衡与加速问题,ext-phy-21d4982874-025,安培力作用下导体的平衡与加速问题,,KEEP,「加速度由牛顿第二定律与安培力公式给出：$BIL=ma$」「核心是把安培力当作恒定的动力（电流恒定）」——安培力作用下的加速问题；别名逐字含本材料标题，保留。,slice-91
PHYSICS,安培力作用下导体运动情况的判定方法,ext-phy-186644d5d8-025,安培力作用下导体运动情况的判定方法,,KEEP,「转换研究对象法：先分析电流在磁体磁场中所受的安培力」「然后由牛顿第三定律，确定磁体所受电流磁场的作用力」——现绑边界正含『转换研究对象时要注意力的方向与作用对象』。,slice-91
PHYSICS,安培定则,ext-phy-e14aad82a5-250,安培定则,,KEEP,「① 直线电流：磁感线是以导线上各点为圆心的同心圆，距导线越远处磁场越弱」「③ 通电螺线管：磁场与条形磁铁的磁场相似，内部磁场可视为匀强磁场且比外部强」——三种电流的磁场特点，属现绑『安培定则』（同题材料已改绑此点，见 kit-51）。,slice-91
PHYSICS,定义-物体具有保持原来匀速直线运动状态或静止状态的性质-质量是惯性的唯一量度,phys-collision-velocity-opposite-direction,定义-物体具有保持原来匀速直线运动状态或静止状态的性质-质量是惯性的唯一量度,碰撞的可能性分析,REBIND,「若两物体碰前相向运动，碰后两物体的运动方向不可能都不改变（否则意味着两物体互相穿过）」——碰撞现实约束，即『碰撞的可能性分析』边界“碰后速度方向与位置关系矛盾”。,slice-91
PHYSICS,定义-物体具有保持原来匀速直线运动状态或静止状态的性质-质量是惯性的唯一量度,phys-fx-crystal-amorphous-liquid-crystal,定义-物体具有保持原来匀速直线运动状态或静止状态的性质-质量是惯性的唯一量度,对晶体和非晶体的理解,REBIND,「单晶体：外形规则、各向异性；多晶体：外形不规则、各向同性」「非晶体：无确定熔点、各向同性」「液晶：有液体流动性又有晶体光学各向异性」——通篇固体热学；现绑『惯性』边界只讲惯性由质量量度。,slice-91
PHYSICS,实验仪器的估读问题分析,ext-phy-2aea59cfe3-026b,实验仪器的估读问题分析,,KEEP,「需估读到 $0.001\ \text{V}$」「测量电阻时要先估计待测电阻的数量级再选倍率，使指针落在刻度盘中间区域」——读数/估读为主，现绑别名逐字含本题名；接法/倍率与多用电表类节点交叉，拿不准保留。,slice-91
PHYSICS,实验仪器的估读问题分析,ext-phy-504a241474-009,实验仪器的估读问题分析,,KEEP,「记录结果为 $(x+K\times$精度$)$（mm）」「螺旋测微器又称为千分尺」「此量程下的精度分别是 0.1 V 和 0.1 A，需估读」——三类仪器读数（估读）规则，现绑别名逐字含本题名。,slice-91
PHYSICS,实验仪器的估读问题分析,ext-phy-a31635ac1d-004,实验仪器的估读问题分析,,KEEP,「0～0.6 A 挡精确度为 0.02，0～15 V 挡精确度为 0.5，这两种挡位的估读位与最小刻度在同一位」——现绑别名逐字含『电流表与电压表的量程、精确度与读数规则』。,slice-91
PHYSICS,实验仪器的估读问题分析,ext-phy-afa44298fc-003c,实验仪器的估读问题分析,,KEEP,「电流表 0~3 A 量程对应精确度 0.1 A；电流表 0~0.6 A 量程对应精确度 0.02 A」——现绑别名逐字含『电流表和电压表的量程与精确度』。,slice-91
PHYSICS,实验仪器的估读问题分析,ext-phy-d63cce56f6-002,实验仪器的估读问题分析,,KEEP,「若分度值为 1、0.1、0.01 等，需要估读到分度值的下一位；如果分度值不是 1、0.1、0.01 等，只需要读到分度值位即可」——正对现绑估读边界；前段极性/量程选择与多用电表类节点交叉，拿不准保留。,slice-91
PHYSICS,实验原理-条纹间距δx与光波长λ-双缝间距d及双缝与屏的距离l-有关系式为,ext-phy-206fb04353-109,实验原理-条纹间距δx与光波长λ-双缝间距d及双缝与屏的距离l-有关系式为,,KEEP,「$\Delta x=\dfrac{l}{d}\lambda$ 因此只要测出 $\Delta x$、$d$、$l$ 即可测出波长 $\lambda$」「$\Delta x=\dfrac{|a_1-a_2|}{n-1}$」——双缝干涉测波长实验，与现绑边界逐字对应。,slice-91
PHYSICS,实验原理-条纹间距δx与光波长λ-双缝间距d及双缝与屏的距离l-有关系式为,ext-phy-7999d61adc-022,实验原理-条纹间距δx与光波长λ-双缝间距d及双缝与屏的距离l-有关系式为,,KEEP,「要增大观察到的条纹间距 可增大双缝到屏幕（测量头）的距离 $l$ 改用波长更长的光 或减小双缝间距 $d$」「再由 $\lambda=\frac{\Delta x\cdot d}{l}$ 求出波长」——调节与数据处理均围绕 Δx、d、l 测 λ，属现绑实验原理节点。,slice-91
PHYSICS,实验原理-条纹间距δx与光波长λ-双缝间距d及双缝与屏的距离l-有关系式为,ext-phy-db15b62862-005,实验原理-条纹间距δx与光波长λ-双缝间距d及双缝与屏的距离l-有关系式为,,KEEP,「相邻两亮条纹的间距 $\Delta x$ 与光波长 $\lambda$、双缝间距 $d$、双缝到屏的距离 $l$ 的关系为 $\Delta x=\dfrac{l}{d}\lambda$」——器材作用与条纹间距公式，现绑别名逐字。,slice-91
PHYSICS,实验原理-条纹间距δx与光波长λ-双缝间距d及双缝与屏的距离l-有关系式为,phys-double-slit-bright-fringe-condition,实验原理-条纹间距δx与光波长λ-双缝间距d及双缝与屏的距离l-有关系式为,,KEEP,「当 $\Delta r=n\lambda$…时，光屏上 $P'$ 处出现明条纹」——双缝干涉明条纹条件，现绑别名逐字。,slice-91
PHYSICS,实验原理-条纹间距δx与光波长λ-双缝间距d及双缝与屏的距离l-有关系式为,phys-double-slit-dark-fringe-condition,实验原理-条纹间距δx与光波长λ-双缝间距d及双缝与屏的距离l-有关系式为,,KEEP,「当 $\Delta r=(2n+1)\frac{\lambda}{2}$…时，光屏上 $P'$ 处出现暗条纹」——双缝干涉暗条纹条件，现绑别名逐字。,slice-91
PHYSICS,实验原理-条纹间距δx与光波长λ-双缝间距d及双缝与屏的距离l-有关系式为,phys-double-slit-fringe-spacing,实验原理-条纹间距δx与光波长λ-双缝间距d及双缝与屏的距离l-有关系式为,,KEEP,「条纹间距：$\Delta x=\frac{l}{d}\lambda$（$l$ 为双缝到屏的距离，$d$ 为双缝间距）」——正是现绑节点名所述 Δx 与 λ、d、l 的关系式。,slice-91
PHYSICS,实验原理-条纹间距δx与光波长λ-双缝间距d及双缝与屏的距离l-有关系式为,phys-hj2-shuangfeng-ganshe-tedian,实验原理-条纹间距δx与光波长λ-双缝间距d及双缝与屏的距离l-有关系式为,,KEEP,「单色光照射形成明暗相间、等间距的条纹；白光照射中央为白色亮纹」「条纹间距 $Δx=lλ/d$」——图样特点与间距公式，属现绑实验原理节点。,slice-91
PHYSICS,实验原理-条纹间距δx与光波长λ-双缝间距d及双缝与屏的距离l-有关系式为,phys-wedge-film-fringe-spacing,实验原理-条纹间距δx与光波长λ-双缝间距d及双缝与屏的距离l-有关系式为,薄膜干涉,REBIND,「光在薄膜中的波长为 $\lambda$ 时，倾角为 $\theta$ 的楔形薄膜的条纹间距 $\Delta x=\frac{\lambda}{2\tan\theta}$」——薄膜等厚干涉；靶节点已收『斜劈薄膜干涉的条纹间距』，与双缝干涉测波长无关。,slice-91
PHYSICS,实验基础知识,ext-phy-206fb04353-093,实验基础知识,测速度的常用方法,REBIND,「计算瞬时速度 $v_n=\dfrac{x_n+x_{n+1}}{2T}$」「二、光电门法…测速度 $v=\dfrac{d}{\Delta t}$」「三、其他测速方法：利用传感器测速度」——通篇测速方法总览；靶节点边界即『用平均速度代替瞬时速度…遮光板越宽误差越大』，并已收《力学实验中的常见测速方法》。,slice-91
PHYSICS,实验基础知识,ext-phy-692ac65cbe-002,实验基础知识,,KEEP,「长木板一端附有滑轮，打点计时器固定在无滑轮的一端；小车通过细绳跨过滑轮与槽码相连」——实验器材与装置；现绑已收《探究小车速度随时间变化的器材与实验过程》《…的实验器材》同族，同主题『探究小车速度随时间变化的实验』等数个近重复节点各收同族材料，无法唯一改绑，保留。,slice-91
PHYSICS,实验基础知识,ext-phy-8d71737cb0-002,实验基础知识,误差的分类与减小方法,REBIND,「误差是实验测量值…与真实值（客观存在的准确值）之差」「错误可以避免，误差不能消除，只能通过改进方法、提高仪器精度来减小」——靶节点边界首句即『误差只能减小不能消除』，且已收《误差的定义与分类》。,slice-91
PHYSICS,实验基础知识,ext-phy-8d71737cb0-003,实验基础知识,误差的分类与减小方法,REBIND,「系统误差对多次测量值的影响可能是相同的，偶然误差对多次测量值的影响是不同的」「绝对误差只能判别一个测量结果的精确度，比较两个测量值的准确度必须用相对误差」——靶节点边界即『误差只能减小不能消除…相对误差越小说明结果越精确』，并已收《误差的定义、分类与绝对误差和相对误差》。,slice-91
PHYSICS,实验基础知识,ext-phy-f21c533751-003,实验基础知识,,KEEP,「实验器材：小车、槽码、细绳、一端附有定滑轮的长木板」「先不把悬挂槽码的细绳系在小车上」——现绑别名逐字含『探究加速度与力、质量关系的器材与安装』。,slice-91
PHYSICS,实验方法-控制变量法-保持m不变探究a与f关系-保持f不变探究a与m关系,phys-kb-acceleration-force-mass-experiment,实验方法-控制变量法-保持m不变探究a与f关系-保持f不变探究a与m关系,探究加速度与力、质量的关系实验,REBIND,「平衡摩擦力：垫高长木板一端，不挂重物轻推小车，由纸带点迹均匀判断匀速」「系统误差来源：用悬挂物重力代替绳拉力，需满足 $M_{车}\gg m_{悬挂物}$」——靶节点边界即『一是必须补偿阻力，二是必须满足槽码质量远小于小车质量…图像会出现异常』。,slice-91
PHYSICS,对公式w-flcosα的理解,ext-phy-0c355fa73a-002,对公式w-flcosα的理解,,KEEP,「做功的两个要素是作用在物体上的力和物体在力的方向上发生位移」「功的正负：当力与位移方向的夹角小于90°时功为正」——功的两要素与正负判断，属现绑『对公式W＝Flcosα的理解』（别名逐字含做功的两个要素与公式的适用条件）。,slice-91
PHYSICS,对公式w-flcosα的理解,ext-phy-edae5f436a-005,对公式w-flcosα的理解,,KEEP,「当 0≤α<90° 时 W>0，力对物体做正功」「当 90°<α≤180° 时 W<0，力对物体做负功，或者说物体克服这个力做了功」——由夹角判断正负功，属现绑（别名含公式W=Flcosα中夹角与正负功判断）。,slice-91
PHYSICS,对公式w-flcosα的理解,ext-phy-fbb0189017-002,对公式w-flcosα的理解,,KEEP,「**功的定义**：一个物体受到力的作用，并在力的方向上发生了一段位移，就说这个力对物体做了功」「**功的正负与意义**：功是标量，但有正负之分，正负仅表示力对物体做功的性质」——功的定义、计算与正负，现绑别名逐字含本标题。,slice-91
PHYSICS,对牛顿第三定律的理解,ext-phy-5a7db0c8f2-004,对牛顿第三定律的理解,,KEEP,「作用对象上，平衡力作用在同一物体上，作用力与反作用力作用在两个相互作用的不同物体上」——现绑别名逐字含『平衡力与作用力反作用力的比较』。,slice-91
PHYSICS,对牛顿第三定律的理解,ext-phy-60010662e7-005,对牛顿第三定律的理解,,KEEP,「六同：性质相同、大小相同、同一直线、同时产生、同时变化、同时消失」「三异：方向相反、作用在不同物体上、产生的效果不同」——措辞（六同/二无关）不同但同一知识点，现绑别名含『作用力与反作用力的三同三异三无关』。,slice-91
PHYSICS,对牛顿第三定律的理解,ext-phy-bb84aa4cd5-006,对牛顿第三定律的理解,,KEEP,「三同：大小相同；性质相同（同为弹力或同为摩擦力等）」——现绑别名逐字含『作用力与反作用力的三同三异三无关』。,slice-91
PHYSICS,对牛顿第三定律的理解,ext-phy-ce8a9041be-007,对牛顿第三定律的理解,,KEEP,「受力物体不同（分别作用在两个物体上）；作用效果不同（各自产生各自的效果，不能抵消）」——同族材料，现绑别名逐字含『作用力与反作用力的三同三异三无关』。,slice-91
PHYSICS,对牛顿第三定律的理解,ext-phy-e14aad82a5-069b,对牛顿第三定律的理解,,KEEP,「作用力与反作用力作用在不同物体上，同时产生、同时变化、同时消失」「一对平衡力作用在同一物体上，不一定同时产生或消失」——现绑别名逐字含『作用力反作用力与一对平衡力的区别』。,slice-91
PHYSICS,对牛顿第三定律的理解,phys-fx-action-reaction-vs-balance-pairs,对牛顿第三定律的理解,,KEEP,「三同：大小相同、性质相同、变化情况相同」「平衡力作用在同一物体上，作用力与反作用力作用在两个物体上，不能求合力」——现绑别名逐字含本题名。,slice-91
PHYSICS,对牛顿第三定律的理解,phys-hj2-shuzhimmian-yuanzhou-jieqtips,对牛顿第三定律的理解,绳球模型-杆球模型两类经典模型中的临界条件-情景分析,REBIND,「在最高点、最低点对物体受力分析，按合力提供向心力列牛顿第二定律方程」「两位置间用动能定理或机械能守恒定律联系速度」——竖直面内圆周运动解题程序，目标节点别名逐字含『竖直面内圆周运动的解题思路』『竖直面内圆周运动最高点与最低点的动力学方程』；现绑只涉力转换一步。,slice-91
PHYSICS,对超重和失重的理解应当注意的问题,phys-hj2-gongxing-aoxing-qiao-moxing,对超重和失重的理解应当注意的问题,,KEEP,「拱形桥最高点：$mg-F_N=mv^2/R$，$F_N=mg-mv^2/R$」「凹形桥最低点：$F_N-mg=mv^2/R$，$F_N=mg+mv^2/R$，处于超重状态」——桥面模型为超重失重典型应用；库内无桥面专节点，保留待复核。,slice-91
PHYSICS,导体切割磁感线时的感应电动势,ext-phy-0c0a28e1b5-025,导体切割磁感线时的感应电动势,,KEEP,「正交性：B、l、v 三者互相垂直」「相对性：v 是导体相对磁场的速度」——E=Blv 五要点，属现绑（别名逐字含本题名）。,slice-91
PHYSICS,导体切割磁感线时的感应电动势,ext-phy-211199b145-005,导体切割磁感线时的感应电动势,,KEEP,「4. 有效性：公式中的 $l$ 为导体切割磁感线的有效长度」「5. 相对性：速度 $v$ 是导体相对磁场的速度」——对 E=Blv 的五点理解，属现绑（别名逐字含本题名）。,slice-91
PHYSICS,导体切割磁感线时的感应电动势,ext-phy-7b849791ee-013,导体切割磁感线时的感应电动势,,KEEP,「有效长度：公式E=Blv中的l为有效长度，即导体两端点连线在垂直于速度方向上的投影长度」——E=Blv 条件与有效长度，属现绑（别名含本类题名）。,slice-91
PHYSICS,导体切割磁感线时的感应电动势,ext-phy-7b849791ee-014,导体切割磁感线时的感应电动势,,KEEP,「速度的选取：E=Blv中的速度v是导体相对磁场的速度；若磁场也在运动，应注意速度间的相对关系」——相对性，正合现绑边界末句（别名含『导体平动切割磁感线的有效长度与相对速度』）。,slice-91
PHYSICS,导体切割磁感线时的感应电动势,ext-phy-bb8e990491-003,导体切割磁感线时的感应电动势,,KEEP,「使用条件：磁场是匀强磁场；$B$、$l$、$v$ 三者相互垂直」「$v$ 是导体相对于磁场的速度」——E=Blv 条件与相对性，属现绑（别名逐字含本题名）。,slice-91
PHYSICS,小球碰撞平抛实验法步骤,ext-phy-58af31764b-008,小球碰撞平抛实验法步骤,,KEEP,「铺纸：白纸在下，」「不放被撞小球，每次让入射小球从斜槽上某固定高度处自由滚下，」——与现绑『小球碰撞平抛实验法步骤』边界所列步骤(2)(3)逐句对应。,slice-91
PHYSICS,小球碰撞平抛实验法步骤,ext-phy-58af31764b-010,小球碰撞平抛实验法步骤,,KEEP,「测量线段OP、OM、ON的长度…代入 m1·OP=m1·OM+m2·ON，」——即现绑边界步骤(5)的验证式与器材整理，正属该节点。,slice-91
PHYSICS,工作原理,ext-phy-e14aad82a5-1289,工作原理,带电粒子在电场中的运动,REBIND,「只在竖直偏转电极 YY 撇上加不变电压…荧光屏正 Y 轴上出现一个亮斑」「两对电极分别控制亮斑在两个互相垂直方向上的位置」——即电场中的偏转；示波管同族材料（kit-34）归该节点。现绑『工作原理』边界为传感器。,slice-91
PHYSICS,工作原理,ext-phy-e14aad82a5-1290,工作原理,带电粒子在电场中的运动,REBIND,「示波器的核心部件是示波管，其结构大致分为三部分：电子枪、偏转电极和荧光屏。」——kit-34 同句材料（示波管由电子枪、偏转电极和荧光屏组成）判归『带电粒子在电场中的运动』；现绑传感器节点无涉。,slice-91
PHYSICS,左手定则与右手定则,ext-phy-19563ef602-009,左手定则与右手定则,安培力,REBIND,「伸开左手，让磁感线穿入手心，四指指向电流方向，大拇指所指的方向就是安培力的方向」「再由 $F=B_{合}Il\sin\theta$ 求合安培力的大小」——通篇安培力的方向判断与合力计算；靶『安培力』边界即此，现绑『左手定则与右手定则』只讲两定则辨析。,slice-91
PHYSICS,左手定则与右手定则,ext-phy-6c6c77d797-003,左手定则与右手定则,,KEEP,「① 线圈面积不变、磁感应强度发生变化的情形，往往用楞次定律判断感应电流方向」「② 导体棒切割磁感线的情形，往往用右手定则」——方法选用，正落现绑『左手定则与右手定则』边界。,slice-91
PHYSICS,左手定则与右手定则,ext-phy-cd27e7a2c5-008b,左手定则与右手定则,,KEEP,「1. 楞次定律：适用于一切电磁感应现象」「2. 右手定则：只适用于导体切割磁感线产生的感应电流」——两法适用场合与选用，正落现绑『左手定则与右手定则』边界（非切割用楞次定律）。,slice-91
PHYSICS,带电粒子在交变电磁场中的运动,ext-phy-21d4982874-055,带电粒子在交变电磁场中的运动,,KEEP,「平行金属板间接有交变电压（幅值为 U0=2mv0²/q、周期为 T）」「由 s=2Rcosθ 与 v=v0/cosθ 联立得 s=2L，与偏转角无关」——交变电压偏转与磁场圆周的组合；现绑别名即《交变电压下类平抛与磁场圆周的组合》《出射点与入射点间距恒定的结论》,slice-91
PHYSICS,带电粒子在交变电磁场中的运动,ext-phy-d625775dcf-020b,带电粒子在交变电磁场中的运动,,KEEP,「金属圆筒内部电场为零（静电屏蔽作用），带电粒子在圆筒内做匀速直线运动；在相邻圆筒的间隙处存在电场，粒子被加速」「交流电源的周期必须与粒子的运动时间同步」——交变场的周期同步与分段处理；仓内无「直线加速器」节点，现绑别名已收本材，属保留,slice-91
PHYSICS,带电粒子在交变电磁场中的运动,phys-cyclotron-resonance-condition,带电粒子在交变电磁场中的运动,回旋加速器的工作原理,REBIND,「结构：两个半圆D形金属盒，D形盒的缝隙处接交流电源，D形盒处于垂直于盒面的匀强磁场中」「条件：交流电压的周期和粒子做匀速圆周运动的周期相等（T=2πm/qB）」——目标边界即「交变电压的周期必须等于粒子的回旋周期」，别名即《回旋加速器的构造与持续加速原理》,slice-91
PHYSICS,带电粒子在匀强电场中偏转的两个分运动,ext-phy-b6bd732b19-115,带电粒子在匀强电场中偏转的两个分运动,求解电偏转问题的两种思路,REBIND,「带电粒子由静止释放，经过加速电场后，垂直进入偏转电场，出射后打在荧光屏上」「打在屏上的位置都相同」——以加速U1+偏转U2+匀速打屏三段求解并给出偏移量、偏转角与屏上位置；『求解电偏转问题的两种思路』边界即示波管模型三段与偏移距离求法。,slice-91
PHYSICS,带电粒子在匀强电场中偏转的两个分运动,ext-phy-b6bd732b19-116,带电粒子在匀强电场中偏转的两个分运动,,KEEP,「即加速后的动能只由电荷量与加速电压决定」「不同种粒子在同一示波器中的偏转轨迹重合」——示波器中各量的比较与轨迹重合；同族『不同质量粒子经同一加速电场与偏转电场后的比较』即在现绑『带电粒子在匀强电场中偏转的两个分运动』，保留。,slice-91
PHYSICS,带电粒子在匀强磁场中运动的动态圆模型,ext-phy-21d4982874-033,带电粒子在匀强磁场中运动的动态圆模型,,KEEP,「转动圆心找出两个临界位置：轨迹圆弧与 MN 相切的临界位置…与轨迹圆直径通过某点的位置」「用旋转圆找出两个临界位置是解这类题的通法」——旋转圆临界位置；现绑动态圆节点已收同名材料。,slice-91
PHYSICS,带电粒子在匀强磁场中运动的动态圆模型,ext-phy-8b8663b490-003,带电粒子在匀强磁场中运动的动态圆模型,,KEEP,「适用条件：粒子源发射速度大小、方向一定，入射点不同但在同一直线上的同种带电粒子进入匀强磁场」——平移圆适用条件；属现绑动态圆节点，保留。,slice-91
PHYSICS,带电粒子在匀强磁场中运动的动态圆模型,ext-phy-8b8663b490-004,带电粒子在匀强磁场中运动的动态圆模型,,KEEP,「轨迹圆圆心共线：带电粒子在磁场中做匀速圆周运动的圆心在同一直线上」「将半径为R的圆进行平移…这种方法叫平移圆法」——平移圆模型；现绑动态圆节点边界含“平移圆”模型处理方法，保留。,slice-91
PHYSICS,带电粒子在匀强磁场中运动的动态圆模型,ext-phy-8b8663b490-007,带电粒子在匀强磁场中运动的动态圆模型,,KEEP,「适用条件：粒子源发射速度大小一定、方向不同的同种带电粒子进入匀强磁场」「它们在磁场中做匀速圆周运动的半径相同」——旋转圆适用条件；属现绑动态圆节点，保留。,slice-91
PHYSICS,带电粒子在匀强磁场中运动的动态圆模型,ext-phy-8b8663b490-008,带电粒子在匀强磁场中运动的动态圆模型,,KEEP,「轨迹圆圆心共圆：带电粒子在磁场中做匀速圆周运动的圆心在以入射点P为圆心、半径R的圆上」「将一半径为R的圆以入射点为圆心进行旋转」——旋转圆模型；属现绑动态圆节点，保留。,slice-91
PHYSICS,带电粒子在匀强磁场中运动的动态圆模型,ext-phy-b6bd732b19-135,带电粒子在匀强磁场中运动的动态圆模型,,KEEP,「所有这些轨迹圆都可以看作以入射点 O 为固定点、旋转任一轨迹圆得到的（旋转圆）」「射出点与射入点之间的最远距离同样是轨迹圆的直径」——旋转圆模型；现绑动态圆节点已收同名《大招59：旋转圆找最远射出点》。,slice-91
PHYSICS,带电粒子在匀强磁场中运动的动态圆模型,ext-phy-b6bd732b19-135b,带电粒子在匀强磁场中运动的动态圆模型,,KEEP,「时间只由圆心角决定（t=θ/360°T），而在同半径的圆中弦长与圆心角一一对应」「所以比较时间就转化为比较弦长」——旋转圆求时间极值依据；现绑动态圆节点已收同名材料。,slice-91
PHYSICS,带电粒子在匀强磁场中运动的动态圆模型,ext-phy-c381bfb7c8-002,带电粒子在匀强磁场中运动的动态圆模型,,KEEP,「粒子的入射点位置相同，速度方向一定，速度大小不同」「以入射点 P 为定点，将半径放缩作轨迹圆」——放缩圆适用条件与作法；属现绑动态圆节点，保留。,slice-91
PHYSICS,带电粒子在匀强磁场中运动的动态圆模型,ext-phy-d17a37ec60-068,带电粒子在匀强磁场中运动的动态圆模型,,KEEP,「适用条件口诀：同源、同速率、同向、异点」「认真规范地作出一个轨迹圆，再移动该圆来寻找解题思路」——平移圆适用条件与作图；属现绑动态圆节点（族内含《平移圆的适用条件》），保留。,slice-91
PHYSICS,带电粒子在叠加场-复合场-电场与磁场重叠-中的运动,ext-phy-0644db2dd9-003,带电粒子在叠加场-复合场-电场与磁场重叠-中的运动,,KEEP,「让其中一个分速度对应的洛伦兹力恰好与重力（或静电力、或二者的合力）平衡」「复杂的曲线运动由此化为二者的合运动」。配速法总则，属现绑节点。,slice-91
PHYSICS,带电粒子在叠加场-复合场-电场与磁场重叠-中的运动,ext-phy-06699baeb1-012,带电粒子在叠加场-复合场-电场与磁场重叠-中的运动,,KEEP,「当带电粒子做复杂的曲线运动或有约束的变速直线运动时，一般用动能定理或能量守恒定律求解」。复合场运动处理的能量思路，属现绑『叠加场中带电粒子的运动形式』方法面。,slice-91
PHYSICS,带电粒子在叠加场-复合场-电场与磁场重叠-中的运动,ext-phy-21d4982874-014b,带电粒子在叠加场-复合场-电场与磁场重叠-中的运动,,KEEP,「其速度用直角坐标系内的一个点 $P$ 表示」「是处理电场与磁场同时存在的问题时的一种表征手段」。电场与磁场同时存在的表征手段，属现绑节点。,slice-91
PHYSICS,带电粒子在叠加场-复合场-电场与磁场重叠-中的运动,ext-phy-21d4982874-015b,带电粒子在叠加场-复合场-电场与磁场重叠-中的运动,,KEEP,「竖直方向必须受力平衡：$mg=Eq \Rightarrow q=\frac{mg}{E}$」「只要题目说“粒子在叠加场中做圆周运动”，第一反应就是重力与电场力必须平衡」。叠加场中做圆周运动的处理，属现绑节点。,slice-91
PHYSICS,带电粒子在叠加场-复合场-电场与磁场重叠-中的运动,ext-phy-21d4982874-021,带电粒子在叠加场-复合场-电场与磁场重叠-中的运动,,KEEP,「先找一个速度 $v_1$，使对应的洛伦兹力分力 $f_1=qv_1B$ 恰好与该恒力 $F$ 平衡」「粒子的运动等于以 $v_1$ 的匀速直线运动与以 $v_2$ 的匀速圆周运动的合运动」。滚轮线即配速法，属现绑节点。,slice-91
PHYSICS,带电粒子在叠加场-复合场-电场与磁场重叠-中的运动,ext-phy-21d4982874-043,带电粒子在叠加场-复合场-电场与磁场重叠-中的运动,,KEEP,「正离子只受指向圆心的电场力与洛伦兹力，两个力的合力提供向心力」「$qE+qvB=m\frac{v^2}{r}$」。电场与磁场叠加场中做圆周运动，属现绑节点。,slice-91
PHYSICS,带电粒子在叠加场-复合场-电场与磁场重叠-中的运动,ext-phy-21d4982874-045,带电粒子在叠加场-复合场-电场与磁场重叠-中的运动,,KEEP,「配速法的关键是用一个分速度的洛伦兹力把电场力（或重力）完全抵消掉」「在轨迹最低点 $v_0$ 与 $v_1$ 同向、速度最大」。配速法在磁场中的应用，属现绑节点。,slice-91
PHYSICS,带电粒子在叠加场-复合场-电场与磁场重叠-中的运动,ext-phy-21d4982874-046b,带电粒子在叠加场-复合场-电场与磁场重叠-中的运动,,KEEP,「把静止状态看成两个等大反向的水平速度的合成」「从释放到第一次经过轨迹最低点的时间为匀速圆周运动周期的一半」。由静止释放的配速分解，属现绑『叠加场中摆线运动的分析思路』。,slice-91
PHYSICS,带电粒子在叠加场-复合场-电场与磁场重叠-中的运动,ext-phy-21d4982874-047,带电粒子在叠加场-复合场-电场与磁场重叠-中的运动,,KEEP,「由“轨迹恰好与挡板相切”确定圆心与半径」「用配速法处理磁场中的运动：取 $v_1$ 使 $qv_1B=Eq$」。临界相切+配速法，属现绑节点。,slice-91
PHYSICS,带电粒子在叠加场-复合场-电场与磁场重叠-中的运动,ext-phy-21d4982874-056b,带电粒子在叠加场-复合场-电场与磁场重叠-中的运动,,KEEP,「辐向场中各点的场强方向沿半径方向」「竖直方向：$Bqv\cos45^\circ=mg$；水平方向：$Bqv\sin45^\circ=m\frac{v^2}{r}$」。辐向电场与辐向磁场的叠加场圆周运动，属现绑节点。,slice-91
PHYSICS,带电粒子在叠加场-复合场-电场与磁场重叠-中的运动,ext-phy-b6bd732b19-140b,带电粒子在叠加场-复合场-电场与磁场重叠-中的运动,,KEEP,「轨迹的最低点…到 $x$ 轴的距离等于分运动匀速圆周运动的轨迹直径」「小球的速度最大，最大值为 $2v_1$」。配速法的两个常用结论，属现绑节点。,slice-91
PHYSICS,带电粒子在叠加场-复合场-电场与磁场重叠-中的运动,ext-phy-bf19e23893-012,带电粒子在叠加场-复合场-电场与磁场重叠-中的运动,,KEEP,「把初速度分解为两个分速度，使其中一个分速度对应的洛伦兹力与重力（或静电力，或二者的合力）平衡」「一个复杂的曲线运动就分解为两个比较常见的运动」。配速法本体，属现绑『叠加场中摆线运动的分析思路』。,slice-91
PHYSICS,带电粒子在叠加场-复合场-电场与磁场重叠-中的运动,phys-kb-magnetic-field-line-feature,带电粒子在叠加场-复合场-电场与磁场重叠-中的运动,磁场,REBIND,「磁感线是假想曲线，任意两条不相交不相切」「电流磁场用安培定则判断」「地磁场的 N 极在地理南极附近」。三条正落目标边界『磁感线的表示、磁场的产生与叠加，以及地磁场的特点』（必修三·1 磁场 磁感线）；现绑讲带电粒子在叠加场中的运动。,slice-91
PHYSICS,带电粒子在叠加场-复合场-电场与磁场重叠-中的运动,phys-mo-velocity-matching-b,带电粒子在叠加场-复合场-电场与磁场重叠-中的运动,,KEEP,「配速法：给粒子虚拟配上两个等大反向的速度」「BG 摆线（初速度为 0、有重力）、BE 摆线（初速度为 0、不计重力）」。摆线类型与配速法，属现绑节点。,slice-91
PHYSICS,带电粒子在有界匀强磁场中的运动-临界条件,ext-phy-206fb04353-049b,带电粒子在有界匀强磁场中的运动-临界条件,有界磁场中的典型边界模型,REBIND,「粒子从同一直线边界射入磁场和射出磁场时　入射角等于出射角」「沿半径方向射入圆形磁场的粒子必沿半径方向射出磁场」——靶『有界磁场中的典型边界模型』边界即“边界为直线或圆”的对称性结论，已收《从同一直线边界射入与射出时入射角等于出射角》。,slice-91
PHYSICS,带电粒子在电场中的运动,ext-phy-0c5e7dfb66-014b,带电粒子在电场中的运动,,KEEP,「示波管由电子枪、偏转电极（水平偏转电极与竖直偏转电极）和荧光屏组成」「基本工作原理是带电粒子在电场中的加速和偏转」——即现绑节点『带电粒子在电场中的运动』的加速与偏转（别名逐字含本条）。,slice-91
PHYSICS,带电粒子在电场中的运动,ext-phy-1dbc2880eb-017b,带电粒子在电场中的运动,,KEEP,「带电粒子在加速区域经电压 U 加速，再由动能定理」「随后在无场漂移区域做匀速直线运动」——加速+漂移两段电场运动计算，属现绑『带电粒子在电场中的运动』（别名逐字含本条）。,slice-91
PHYSICS,带电粒子在电场中的运动,ext-phy-1dbc2880eb-019,带电粒子在电场中的运动,,KEEP,「离子在反射电场中的运动可沿垂直电场线和平行电场线两个方向分解」「与离子的电荷量 $q$ 和质量 $m$ 无关」——带电粒子在电场中运动的两向分解，现绑别名逐字含该题，保留。,slice-91
PHYSICS,带电粒子在电场中的运动,ext-phy-1dbc2880eb-039,带电粒子在电场中的运动,,KEEP,「金属圆筒处于静电平衡状态，圆筒内部电场强度为零，电子在金属圆筒内部做匀速直线运动」——直线加速器的间隙加速与圆筒内部无场原理，属现绑『带电粒子在电场中的运动』（别名逐字含本条）。,slice-91
PHYSICS,带电粒子在电场中的运动,ext-phy-21d4982874-056,带电粒子在电场中的运动,电偏转与磁偏转的比较,REBIND,「这是两类偏转最本质的区别」「偏转磁场：洛伦兹力的方向总是与电子的速度方向垂直、不做功」——通篇电偏转与磁偏转的受力与运动性质对比；『电偏转与磁偏转的比较』边界即此区分。,slice-91
PHYSICS,带电粒子在电场中的运动,ext-phy-c4841fd5ed-006,带电粒子在电场中的运动,,KEEP,「静电力作用下的加速问题，其分析方法与力学中加速问题的分析方法完全相同，只是在原来受力的基础上多分析一个静电力」——静电力作用下加速问题的求解思路，属现绑节点（边界含力与速度共线时的加速）。,slice-91
PHYSICS,带电粒子在电场中的运动,ext-phy-e14aad82a5-1292,带电粒子在电场中的运动,,KEEP,「第一阶段加速：设加速电压为 U1，由动能定理 eU1=mv0 平方/2」「在偏转电场中侧移量 y=at 平方/2」——加速—类平抛偏转—匀速外推的示波管计算，属现绑『带电粒子在电场中的运动』（边界含共线加速与垂直类平抛偏转）。,slice-91
PHYSICS,带电粒子在电场中的运动,ext-phy-e14aad82a5-1293,带电粒子在电场中的运动,,KEEP,「前者是前后两个相互垂直的匀强电场中带电粒子偏转的组合」——示波管两段垂直偏转的组合，仍属带电粒子在电场中的偏转（现绑边界含偏转问题沿两方向分解分析）。,slice-91
PHYSICS,带电粒子在磁场中的运动,ext-phy-21d4982874-005b,带电粒子在磁场中的运动,,KEEP,「由轨迹的弯曲方向（洛伦兹力指向轨迹的凹侧）结合左手定则判断电荷的正负」「轨迹半径逐渐减小说明粒子在磁场中的速度在逐渐减小」——借半径公式判断电性与速度，属现绑『带电粒子在磁场中的运动』。,slice-91
PHYSICS,带电粒子在磁场中的运动,ext-phy-21d4982874-028b,带电粒子在磁场中的运动,,KEEP,「任意两条垂线的交点就是轨迹的圆心」「两粒子速率不同但几何关系相同时，可由半径之比反推速度之比」——定圆心与半径-速度关系，属现绑边界“求半径…的方法”；细分节点『有界磁场中轨迹圆心的确定』只覆盖前半，保留。,slice-91
PHYSICS,带电粒子在磁场中的运动,ext-phy-97f01bebe9-003b,带电粒子在磁场中的运动,,KEEP,「已知轨迹上的两点和其中某一点的速度方向时，弦的中垂线与该点速度垂线的交点即为圆心」「由圆心角与周期求 $t=\dfrac{\theta}{2\pi}T$」——圆心、半径与时间的求法，现绑边界逐字含“求半径、周期、偏转角与运动时间的方法”。,slice-91
PHYSICS,带电粒子在磁场中的运动,ext-phy-b6bd732b19-128b,带电粒子在磁场中的运动,,KEEP,「分别过入射点、出射点作速度的垂线，交点即为轨迹圆的圆心」「同一条直线磁场边界，多大角进必定多大角出」——定圆心与找速度方向技巧，属现绑『带电粒子在磁场中的运动』；『圆形边界磁场运动的径向进出与等角进出』只覆盖后半，保留。,slice-91
PHYSICS,带电粒子在磁场中的运动,ext-phy-b6bd732b19-128c,带电粒子在磁场中的运动,,KEEP,「劣弧的圆心角等于弦切角的 2 倍」「若轨迹是优弧，则圆心角 $=360^\circ-2\times$ 弦切角」——弦切角与圆心角换算，现绑边界含“偏转角与运动时间的方法”；细分节点『有界磁场中圆周运动的几何关系』仅覆盖角度一面，本材料另给取角规则，保留。,slice-91
PHYSICS,带电粒子在磁场中的运动,ext-phy-b6bd732b19-130,带电粒子在磁场中的运动,,KEEP,「作 $a$ 点速度的垂线和弦 $ab$ 的垂直平分线，交点是轨迹圆的圆心 $O$」「又由半径公式 $r=\frac{mv}{qB}$，联立得 $l=\frac{2mv\sin\theta}{qB}$」——弦长公式的推导，现绑边界逐字含“弦长公式的运用”。,slice-91
PHYSICS,带电粒子在磁场中的运动,ext-phy-b6bd732b19-131,带电粒子在磁场中的运动,,KEEP,「如果这道题的弦长、速弦角很好求，就用弦长公式 $l=\frac{2mv\sin\theta}{qB}$ 的思路分析」——弦长公式与轨迹法的选用，现绑边界逐字含“弦长公式的运用”。,slice-91
PHYSICS,带电粒子在组合场-电场与磁场各位于一定的区域内-并不重叠-中的运动,ext-phy-21d4982874-037,带电粒子在组合场-电场与磁场各位于一定的区域内-并不重叠-中的运动,,KEEP,「类平抛段的末速度方向是两段的衔接量；磁场段的位移要用弦长」——两段拼接求ON的要点，属现绑组合场分阶段衔接。,slice-91
PHYSICS,带电粒子在组合场-电场与磁场各位于一定的区域内-并不重叠-中的运动,ext-phy-40c2c629c7-003,带电粒子在组合场-电场与磁场各位于一定的区域内-并不重叠-中的运动,,KEEP,「情形一：粒子先在匀强电场中做匀加速直线运动，然后垂直于磁场方向进入匀强磁场做匀速圆周运动」——同现绑边界第（3）条。,slice-91
PHYSICS,带电粒子在组合场-电场与磁场各位于一定的区域内-并不重叠-中的运动,ext-phy-40c2c629c7-004,带电粒子在组合场-电场与磁场各位于一定的区域内-并不重叠-中的运动,,KEEP,「按进入电场时速度方向与电场方向的关系分为三类：①速度方向与电场方向平行；②速度方向与电场方向垂直；③速度方向与电场方向成一定角度」——现绑边界第（2）条『先磁场后电场』逐项对应。,slice-91
PHYSICS,带电粒子在组合场-电场与磁场各位于一定的区域内-并不重叠-中的运动,ext-phy-b6bd732b19-138,带电粒子在组合场-电场与磁场各位于一定的区域内-并不重叠-中的运动,,KEEP,「粒子在匀强电场中做类平抛运动，进入匀强磁场后做匀速圆周运动」「求速弦角的关键就是计算」——先电偏转后磁偏转，现绑边界第（4）条逐字对应。,slice-91
PHYSICS,带电粒子在组合场-电场与磁场各位于一定的区域内-并不重叠-中的运动,ext-phy-b6bd732b19-139,带电粒子在组合场-电场与磁场各位于一定的区域内-并不重叠-中的运动,,KEEP,「类平抛中沿初速度方向的分速度始终不变」「理解方式二：先由」…合成——先电偏转后磁偏转的衔接量求法，属现绑边界。,slice-91
PHYSICS,带电粒子在组合场-电场与磁场各位于一定的区域内-并不重叠-中的运动,ext-phy-bf19e23893-004,带电粒子在组合场-电场与磁场各位于一定的区域内-并不重叠-中的运动,,KEEP,「①先匀加速直线再圆周」「②先类平抛再圆周」——现绑边界第（3）（4）条即『先电加速后磁偏转』『先电偏转后磁偏转』。,slice-91
PHYSICS,带电粒子在组合场-电场与磁场各位于一定的区域内-并不重叠-中的运动,ext-phy-e14aad82a5-341,带电粒子在组合场-电场与磁场各位于一定的区域内-并不重叠-中的运动,仪器构造-质谱仪由粒子源-加速电场-偏转磁场和照相底片构成,REBIND,「只有速度满足 v=E/B1 的粒子才被速度选择器选出并进入偏转磁场」「r=mE/(qB1B2)、m=qB1B2r/E、q/m=E/(B1B2r)」——质谱仪构造与比荷测量；现绑边界明写电场与磁场『并不重叠』而本材料含速度选择器；目标节点已收『质谱仪的工作原理』等11条同族。,slice-91
PHYSICS,常见传感器的特点,ext-phy-e14aad82a5-429,常见传感器的特点,,KEEP,「金属热电阻：电阻率随温度的升高而增大…热敏电阻：电阻率随温度的升高而减小」「电阻应变片…把物体形变这个非电学量转换为电阻」——别名逐字含本条标题。,slice-91
PHYSICS,常见的功能关系,ext-phy-5debe39f08-004,常见的功能关系,,KEEP,「① 合力做的功对应动能变化：W=Ek2-Ek1=ΔEk」「② 重力做的功对应重力势能变化：重力做正功重力势能减少」——常见功能对应关系，属现绑『常见的功能关系』。,slice-91
PHYSICS,常见的功能关系,ext-phy-f576bf1b18-002,常见的功能关系,,KEEP,「重力做功对应重力势能的变化 满足 $W_G = -\Delta E_p$」「除重力和弹力之外的其他力做功对应机械能的变化 满足 $W_其他 = \Delta E$」——力做功与能量变化的对应，正是现绑『常见的功能关系』。,slice-91
PHYSICS,平均功率与瞬时功率,ext-phy-0f7a57f761-020,平均功率与瞬时功率,,KEEP,「可认为Fcosα是力F在速度v方向上的分力」「也可认为vcosα是速度v在力F方向上的分速度」——别名逐字含本条标题。,slice-91
PHYSICS,平均速度与瞬时速度的区别,phys-hj2-gonglv-dingyi-fv,平均速度与瞬时速度的区别,功率,REBIND,引文订正：「定义式 $P=W/t$，单位瓦特（W），标量；适用于任何情况，一般求平均功率」…「求解前必须明确是哪个力、哪段时间（或哪个时刻）的功率」——通篇功率定义与两种取值；『功率』别名含《功率的定义与两种表达式》，现绑边界只讲加速度。,slice-91
PHYSICS,平均速度与瞬时速度的区别,phys-kb-gas-pressure-micro-cause,平均速度与瞬时速度的区别,气体压强,REBIND,「产生原因：大量气体分子不断撞击器壁」「分子数密度越大压强越大；温度越高分子平均动能越大压强越大」——即『气体压强』边界逐字内容。,slice-91
PHYSICS,平均速度公式,phys-hj-098-elastic-collision-formulas,平均速度公式,弹性碰撞,REBIND,「质量 $m_1$ 速度 $v_1$ 的小球与静止的 $m_2$ 弹性碰撞：$v_1′=(m_1-m_2)v_1/(m_1+m_2)$」「$m_1=m_2$ 时速度交换」——一动碰一静弹性碰撞结论；『弹性碰撞』已收《弹性碰撞（一动碰一静）的结论公式》同题材料，现绑『平均速度公式』讲匀变速中间时刻速度。,slice-91
PHYSICS,平抛运动与曲面的结合分析,ext-phy-845a8daf75-006,平抛运动与曲面的结合分析,,KEEP,「小球从半圆弧左边沿平抛落入半圆内不同位置：由半径与几何关系制约时间 t」「小球恰好沿圆弧上 B 点的切线方向进入圆轨道」——落点在圆弧面的平抛，现绑别名逐字。,slice-91
PHYSICS,平抛运动的两个重要结论,ext-phy-21d4982874-022,平抛运动的两个重要结论,,KEEP,「末速度方向与初速度方向夹角 θ 的正切值等于位移方向与初速度方向夹角 α 正切值的 2 倍：tanθ=2tanα」。正是现绑边界所列第一结论。,slice-91
PHYSICS,平抛运动的两个重要结论,ext-phy-856c69c53e-004,平抛运动的两个重要结论,,KEEP,「速度方向与水平方向夹角 θ 的正切值，等于位移方向与水平方向夹角 α 的正切值的 2 倍」「瞬时速度的反向延长线，一定通过此时水平位移的中点」。正是现绑边界两条结论。,slice-91
PHYSICS,平行板电容器的动态分析问题的两种情况,ext-phy-4979ff6ab2-122,平行板电容器的动态分析问题的两种情况,,KEEP,「保持极板带电荷量 Q 不变的情况下，仅改变极板间距 d，极板间电场强度不变」「可得 E=4πkQ/(εS)」——Q 不变时 E 与 d 无关，正合现绑边界【注意】（别名逐字含本题名）。,slice-91
PHYSICS,库仑定律,ext-phy-1dbc2880eb-023,库仑定律,,KEEP,「速率最大的位置加速度为零，即合力为零」「最后停留的位置速度为零且加速度也为零」——带电小球受库仑力等力的运动分析与特殊位置定位，属现绑『库仑定律』应用族（别名逐字含本题名）；并存候选『库仑力作用下的平衡问题』，保留。,slice-91
PHYSICS,库仑定律,ext-phy-1dbc2880eb-025,库仑定律,,KEEP,「由于两球之间的库仑力是一对相互作用力…$\tan\theta=\dfrac{F}{mg}$ 对两球都成立，因此两球的质量一定相等」——悬挂带电小球平衡判断属现绑『库仑定律』（别名逐字含本题名）；并存候选『库仑力作用下的平衡问题』，保留。,slice-91
PHYSICS,库仑定律,ext-phy-e14aad82a5-201b,库仑定律,,KEEP,「两个或两个以上点电荷对某一个点电荷的作用力，等于各点电荷单独对这个点电荷的作用力的矢量和」——即现绑别名『多个点电荷对某点电荷作用力的矢量叠加』。,slice-91
PHYSICS,库仑定律,ext-phy-fd8da7687f-003,库仑定律,,KEEP,「当两球心间距没有远大于球的半径时，两个金属小球不能视为点电荷」「此时静电力大于按球心间距直接计算的值」——点电荷模型条件属现绑『库仑定律』（别名逐字含本题名）。,slice-91
PHYSICS,应用光的折射和全反射解决问题的两个技巧,phys-hj2-guangdaoxianwei-yuanli,应用光的折射和全反射解决问题的两个技巧,光导纤维与全反射棱镜,REBIND,「光导纤维由折射率较大的内芯和折射率较小的外套组成…射到内、外层界面时入射角大于临界角，发生全反射」——靶边界即『光纤发生全反射的前提是内芯折射率大于外套折射率』。,slice-91
PHYSICS,应用动能定理求解步骤,ext-phy-a78025070d-019,应用动能定理求解步骤,,KEEP,「当物体的运动包含多个不同过程时，可以分段应用动能定理求解，也可以对全过程应用动能定理」「必须明确各力做功的正、负…可以先假定为正功，最后根据计算结果加以检验」——与现绑边界注意事项(3)(4)两条同点。,slice-91
PHYSICS,应用动能定理求解步骤,phys-fx-impulse-vs-work-effect-selection,应用动能定理求解步骤,能量观点和动量观点的应用条件,REBIND,「求时间、平均力、冲量类问题优先动量定理」「求位移、速度大小、功类问题优先动能定理」——通篇为动量观点与能量观点的选用；靶节点边界即『规律的选择』①②③，已收《动量观点的适用条件与选用原则》《力学规律的选用原则（二）》。,slice-91
PHYSICS,开普勒三定律,ext-phy-2248b2c9f7-003b,开普勒三定律,,KEEP,「周期相等的两个卫星，一个在椭圆轨道、一个在圆轨道时，椭圆轨道的半长轴等于圆轨道的半径」——开普勒第三定律中a与r的关系，属现绑。,slice-91
PHYSICS,开普勒三定律,ext-phy-2248b2c9f7-009,开普勒三定律,,KEEP,「当地球与行星的连线与行星的运行轨迹相切时，地球与行星的连线跟地球与太阳的连线之间的夹角达到最大」——最大视角定半径比，属现绑开普勒定律应用。,slice-91
PHYSICS,开普勒三定律,ext-phy-2248b2c9f7-011b,开普勒三定律,,KEEP,「从一次火星冲日到下一次火星冲日（两者与太阳再次共线且地球在中间）应满足」「解得 t=\dfrac{T_地T_火}{T_火-T_地}」——现绑边界含『冲日间隔判据』。,slice-91
PHYSICS,开普勒三定律,ext-phy-b6bd732b19-077,开普勒三定律,,KEEP,「轨道半径大于等于地球轨道半径 5 倍的地外行星，冲日间隔时间近似等于地球的公转周期」「这就是记住数字 5 的依据」——5倍判据，现绑别名逐字含本条标题。,slice-91
PHYSICS,弹力做功与弹性势能变化的关系,ext-phy-8145f72563-005,弹力做功与弹性势能变化的关系,,KEEP,「如果只有重力和系统内弹簧弹力做功，系统的机械能守恒」「中学阶段通常根据动能定理或能量守恒定律间接求弹簧弹力做的功或弹簧储存的弹性势能」「只要形变量相同，弹性势能就相同」——弹簧弹力做功与弹性势能；现绑同族已收《含弹簧系统的能量处理要点》，保留。,slice-91
PHYSICS,弹性势能,phys-hj2-sheji-tanhuang-nengliang-wenti,弹性势能,,KEEP,「只有重力和系统内弹簧弹力做功时，系统机械能守恒」「对同一根弹簧，伸长或压缩只要形变量相同，储存的弹性势能相同」——现绑别名逐字含『涉及弹簧的能量问题要点』。,slice-91
PHYSICS,微元法,ext-phy-78032b1cf3-001b,微元法,,KEEP,「取长度为 $\Delta x$ 的微元」「将单段微元的方程累加，消去 $\Delta x$ 即得到整体表达式」——微元法要点与链条滑落示例；别名『链条问题的解题技巧与能量分析』在现绑。,slice-91
PHYSICS,必备实验仪器的原理及使用,ext-phy-504a241474-016,必备实验仪器的原理及使用,,KEEP,「多用电表的工作原理：闭合电路欧姆定律」「每换一次挡必须重新欧姆调零」「读出指针…数值，用读数乘所选挡位的倍率」——多用电表原理与使用；现绑已收《多用电表的使用与二极管极性的判断》同族，同主题另有『欧姆表的原理与使用』『多用电表的使用方法』等约十个节点，无法唯一改绑，保留。,slice-91
PHYSICS,必备实验仪器的原理及使用,ext-phy-afa44298fc-002d,必备实验仪器的原理及使用,游标卡尺的构造与读数,REBIND,「测量值＝主尺读数＋精确度×游标尺上第几条刻度线与主尺上某一刻度线对齐的数值，游标卡尺不估读」「10 分度…0.1 mm；20 分度…0.05 mm；50 分度…0.02 mm」——靶节点边界即『游标卡尺不需要估读…精确度由游标尺的等分数决定』，已收《游标卡尺的精度与读数方法》。,slice-91
PHYSICS,必备实验仪器的原理及使用,ext-phy-afa44298fc-004,必备实验仪器的原理及使用,,KEEP,「左∞右 0…电阻零刻度线与电流、电压表的最大刻度线重合」「电阻挡是倍率挡，即读出的示数应再乘以该挡的倍率」——电阻表刻度与读数；『欧姆表的原理与刻度』『多用电表的结构与刻度盘』『欧姆表的原理与使用』各收同族材料，无法唯一改绑，保留。,slice-91
PHYSICS,折射率,ext-phy-7999d61adc-021,折射率,,KEEP,「由于介质中的光速 $v=\frac{c}{n}$ 变小 光通过同样的几何路程需要更长的时间 所以测距仪的示数等于实际深度」——由光速关系 v=c/n 推出，现绑边界含折射率等于光在真空中与在介质中传播速度之比。,slice-91
PHYSICS,折射率,ext-phy-e14aad82a5-299,折射率,,KEEP,「由 n=sinθ1/sinθ2 及小角度下 sinθ≈tanθ 可推得 n=h/」「同理可推得 n=h′/h，即视高比实高大。」——视深/视高定量关系由折射率定义式与小角度近似推出，属现绑节点（无视深专节点，保留）。,slice-91
PHYSICS,振动图像与波的图像,ext-phy-e14aad82a5-1490,振动图像与波的图像,,KEEP,「波形图的物理意义：绳中的各个质点在某一时刻离开平衡位置的位移」——波的图像基础知识，现绑节点已收同源同族『波的图像的画法与读图方式』『波的图像的坐标系』（『波动图象的特点』亦收同族，保留）。,slice-91
PHYSICS,探究互成角度力的合成规律实验,ext-phy-19ebd9d953-023,探究互成角度力的合成规律实验,,KEEP,「以 F1、F2 为邻边作平行四边形，过 O 点画对角线即为合力 F 的图示」「两次拉橡皮条的作用效果必须相同，即结点位置必须相同」——即现绑边界『作图同一标度』『结点拉到相同位置』。,slice-91
PHYSICS,探究弹簧弹力与形变量的关系实验,ext-phy-19ebd9d953-011,探究弹簧弹力与形变量的关系实验,,KEEP,「F-x 图像中图线为一条过原点的直线；F-l 图像中图线为一条与 l 轴有交点的倾斜直线，交点的 l 轴坐标表示弹簧的原长」「弹簧的原长应该竖直悬挂在铁架台上测量，以消除弹簧自身重力对测量结果的影响」——现绑别名即《弹簧弹力与形变量实验的数据处理与异常图线》,slice-91
PHYSICS,摩擦力,ext-phy-afa44298fc-001b,摩擦力,,KEEP,「判断滑动摩擦力的方向要用相对运动方向（而不是物体相对地面的运动方向）；判断静摩擦力的方向要用相对运动趋势方向」——即现绑边界『需分清运动方向、相对运动（趋势）方向等三个方向』。,slice-91
PHYSICS,摩擦力做功与能量关系分析技巧,ext-phy-2b63d7a05b-016,摩擦力做功与能量关系分析技巧,,KEEP,「$\mu mgs=\frac{1}{2}mv_0^2-\frac{1}{2}(m+M)v^2$，其中 $s$ 是物体相对箱子运动的总路程」「先求相对路程再与箱内壁间距比较即可确定碰撞次数」——相对路程法求摩擦生热，正合现绑边界 Q＝Ff x相对（别名逐字含本题名）。,slice-91
PHYSICS,摩擦力做功与能量关系分析技巧,phys-fx-kinetic-theorem-reciprocating,摩擦力做功与能量关系分析技巧,,KEEP,「阻力（摩擦力）做功 $W_f=-fs$ 与路程成正比，全程列 $-fs=\Delta E_k$，避免用牛顿定律逐段分析」——摩擦力做功与路程/能量关系属现绑『摩擦力做功与能量关系分析技巧』（别名逐字含本题名）。,slice-91
PHYSICS,整体法与隔离法在受力分析中的应用,ext-phy-18235fe94d-012,整体法与隔离法在受力分析中的应用,,KEEP,「求 A、B 之间的拉力时，先用整体法求加速度，再隔离其中一个物体列牛顿第二定律方程即可解出内力」——整体/隔离求内力法落现绑边界；靶区『连接体间内力的求解』边界只收内力易错，保留。,slice-91
PHYSICS,整体法与隔离法在受力分析中的应用,ext-phy-70ecbd7a48-016,整体法与隔离法在受力分析中的应用,,KEEP,「跨滑轮的连接体中两物体的速度和加速度大小相同、方向不同，求绳的张力与加速度时常用隔离法」——隔离法求解连接体内力，落现绑边界，保留。,slice-91
PHYSICS,整体法与隔离法在受力分析中的应用,ext-phy-9678b25116-002,整体法与隔离法在受力分析中的应用,,KEEP,「求系统内力（如绳的张力 物体间的摩擦力）：先用整体法求系统的共性物理量」「整体法分析：列整体方程求共性物理量」——力学场景与解题步骤即本节点方法（前轮同材料判KEEP）。,slice-91
PHYSICS,整体法与隔离法在受力分析中的应用,ext-phy-a071efdd62-013,整体法与隔离法在受力分析中的应用,,KEEP,「一般采用分别选取研究对象，对两物体分别列牛顿第二定律方程，用隔离法求解加速度及相互作用力」——隔离法选用与求解，落现绑边界，拿不准保留。,slice-91
PHYSICS,整体法与隔离法在受力分析中的应用,ext-phy-b9ef1327f8-013,整体法与隔离法在受力分析中的应用,,KEEP,「分析两个或两个以上物体间的相互作用时，一般采用整体法与隔离法」「转换研究对象…根据牛顿第三定律反推」——多物体平衡技巧（前轮同材料判KEEP）。,slice-91
PHYSICS,整体法与隔离法在受力分析中的应用,ext-phy-ccee6544ee-028,整体法与隔离法在受力分析中的应用,,KEEP,「一般采用整体法与隔离法进行分析，使用时有时需要先整体再隔离，有时需要先隔离再整体，交替使用」——多物体平衡中整体/隔离的选用（前轮同材料判KEEP）。,slice-91
PHYSICS,整体法与隔离法在受力分析中的应用,phys-kb-connected-body-force-split,整体法与隔离法在受力分析中的应用,连接体中力的分配规律,REBIND,独立复核订正：内容结论维持（应改绑），靶串订正为现包节点 slug。材料正文「力 $F$ 作用于 $m_1$ 时，$m_1$ 与 $m_2$ 间相互作用力」…「该结论与有无摩擦（各接触面动摩擦因数须相同）、连接物种类无关，平面、斜面、竖直方向都成立」与『连接体中力的分配规律』boundary（各物体加速度相同、动摩擦因数相同、力 F 作用在哪个物体上决定分子取哪侧质量）一致；该点已绑 21 条（含 ext-phy-d559834597-004、ext-phy-a071efdd62-009 两条同名材料）。原判靶串『共速连接体对合力的分配原理』是 judge-kit nodes_PHYSICS.tsv 第292行的 2026-09-30 旧快照节点，现包已按 point_merge.csv 第179行并入『连接体中力的分配规律』、该串在现包只剩别名；按原串落表会被 rebind_materials.rebind 判 to_id not in valid 记 bad_to 跳过。,slice-91
PHYSICS,整体法与隔离法在受力分析中的应用,phys-mo-l11-newton-models-b-4,整体法与隔离法在受力分析中的应用,,KEEP,「加速度相同时先整体求 a，再隔离求内力；加速度不同时一般隔离各物体分别列牛顿第二定律方程」——整体/隔离解法即本节点方法；与『连接体问题的分析易错-整体法与隔离法应用』同轴，保留。,slice-91
PHYSICS,曲线运动,ext-phy-c04f3bd3d9-002,曲线运动,,KEEP,「运动轨迹一定夹在速度方向与合力方向之间，并且弯向合力所在的一侧」——现绑别名逐字含《速度方向、合力方向与轨迹的关系》。,slice-91
PHYSICS,曲线运动的基本概念与处理思想,ext-phy-c04f3bd3d9-003,曲线运动的基本概念与处理思想,,KEEP,「夹角为锐角时…物体的速率增大」「夹角为钝角时…物体的速率减小」「夹角为直角…速率不变，合力只改变速度的方向」——合力与速率变化的关系，别名逐字含本题名，保留（近邻『曲线运动』，见备注）。,slice-91
PHYSICS,曲线运动的基本概念与处理思想,ext-phy-e3af220d30-006,曲线运动的基本概念与处理思想,,KEEP,「速度方向与轨迹相切」「合力（加速度）方向指向轨迹的凹侧」「运动轨迹一定夹在速度方向和合力方向之间」——速度、合力与轨迹的几何关系，别名逐字含本题名，保留（近邻『曲线运动』，见备注）。,slice-91
PHYSICS,机械波,ext-phy-d11b02ddc6-003,机械波,,KEEP,「沿波的传播方向上各质点的起振方向与波源的起振方向一致」「传播中各质点随波振动，但并不随波迁移」——机械波的传播特点；别名逐字含本材料标题，保留。,slice-91
PHYSICS,机械波,ext-phy-e14aad82a5-1498,机械波,,KEEP,「各个质点的振动周期或频率是相同的，它们都等于波源的振动周期或频率」「波的周期或频率由波源决定而与介质无关」——波源决定频率属机械波（受迫振动）内容；亦近『波速v、波长λ和频率f、周期T的关系』，拿不准故保留。,slice-91
PHYSICS,机械波,phys-hj-118-wave-propagation-features,机械波,,KEEP,「波从一种介质进入另一种介质时频率不变、波速和波长改变」「各质点起振方向与波源起振方向相同」——机械波传播过程特点；别名逐字含本材料标题，保留。,slice-91
PHYSICS,机械波的分类,phys-hj-115-transverse-longitudinal-wave,机械波的分类,,KEEP,「质点振动方向与波的传播方向垂直的为横波（有波峰波谷）；振动方向与传播方向在同一直线上的为纵波（有疏部密部）」——横波与纵波按振动方向分类，属现绑『机械波的分类』（别名逐字含本标题）。,slice-91
PHYSICS,机械能守恒定律,phys-hj2-jianxie-nengliang-tezheng,机械能守恒定律,简谐运动,REBIND,「同一振动系统，振幅越大能量越大；运动过程中动能和势能相互转化，系统机械能守恒」——简谐运动的能量特征；现绑『机械能守恒定律』边界为守恒条件判断与连接体系统，未涉振动系统；库内『简谐运动』为该题所属知识。,slice-91
PHYSICS,机车启动问题,ext-phy-0f7a57f761-025,机车启动问题,,KEEP,「P一定时，v越大F越小；F一定时，v越大P越大」「加速度为零时速度达到最大，最大速度vm=P额/f阻」。P=Fv 制约与 vm，落现绑边界『牵引力与阻力平衡时达到最大运行速度，即P＝Ff vm』。,slice-91
PHYSICS,条件-①光从光密介质射入光疏介质-②入射角大于或等于临界角,phys-hj2-zheshel-liijie-wudian,条件-①光从光密介质射入光疏介质-②入射角大于或等于临界角,折射率,REBIND,「定义：光从真空射入介质，入射角正弦与折射角正弦之比」「折射率由介质本身决定，与入射角大小无关；与介质密度无关」——通篇折射率定义与理解，属『折射率』（别名含『折射率的定义与理解要点』）；现绑『全反射的条件与临界角』不涉定义。,slice-91
PHYSICS,板块模型,ext-phy-78dde38c4b-007,板块模型,,KEEP,「分别对滑块和木板进行受力分析，根据牛顿第二定律求出各自的加速度」「速度相等是过程的转折点」——板块模型分析步骤；现绑别名逐字含《滑块与木板的动力学分析》。,slice-91
PHYSICS,板块模型,ext-phy-893c61cfa9-010,板块模型,,KEEP,「滑块从木板一端运动到另一端的过程中，若滑块与木板运动方向相同，则两者位移之差等于木板长度，即 $x_1-x_2=L$」「若滑块与木板运动方向相反，则两者位移大小之和等于木板长度，即 $x_1+x_2=L$」——别名逐字含『滑块与木板的两种位移关系』。,slice-91
PHYSICS,板块模型,ext-phy-bb8d719cff-003,板块模型,,KEEP,「滑块和木板同向运动时，位移之差Δx＝x1－x2＝L（板长）。滑块和木板反向运动时，位移之和Δx＝x2＋x1＝L」——即现绑边界「板长等于两者位移之差（同向）或之和（反向）」。,slice-91
PHYSICS,板块模型中的功和能量的关系,ext-phy-5debe39f08-016,板块模型中的功和能量的关系,,KEEP,「① 求摩擦力对滑块做功时用滑块对地的位移 x滑」「③ 求摩擦生热时用相对位移 Δx」——三个位移的区分，现绑别名逐字。,slice-91
PHYSICS,核能的计算方法,ext-phy-4658ce6c97-042,核能的计算方法,质量亏损,REBIND,「物体的总能量和它的质量成正比，即 E=mc²」「核子在结合成原子核时出现质量亏损 Δm」「释放的能量 ΔE=Δmc²」——质能方程与质量亏损的对应关系；现绑『核能的计算方法』边界讲Δm与931.5的换算技巧；靶『质量亏损』已收近同文《质量亏损与质能方程》。,slice-91
PHYSICS,核裂变,ext-phy-e14aad82a5-1534,核裂变,,KEEP,「链式反应分为不可控的链式反应和可控的链式反应。核反应堆是可控的链式反应；原子弹爆炸时链式反应的速度是不可控的」——现绑边界『范围是裂变条件与链式反应』已覆盖。,slice-91
PHYSICS,楞次定律,ext-phy-206fb04353-104c,楞次定律,探究影响感应电流方向的因素实验,REBIND,「观察线圈绕向 判断电流方向与灵敏电流计中指针偏转方向的关系」「依次探究开关通断、滑动变阻器的滑片移动、线圈 A 从线圈 B 中插入与拔出等因素对感应电流方向的影响」——即探究实验操作步骤；靶节点边界正写『必须先标定电流计指针偏转方向与电流流向的对应关系』。,slice-91
PHYSICS,楞次定律,ext-phy-7b8a5ea480-003,楞次定律,,KEEP,「穿过线圈的磁通量**增加**时，感应电流的磁场方向与原磁场方向**相反**」「其完整表述就是楞次定律——感应电流的磁场总要阻碍引起感应电流的磁通量的变化」——实验结论直指楞次定律，属现绑『楞次定律』。,slice-91
PHYSICS,楞次定律的理解-阻碍-的含义,ext-phy-3b150cf87f-006,楞次定律的理解-阻碍-的含义,,KEEP,「看到线圈或回路中磁通量变化时，想到增反减同」「看到导体与磁体间有相对运动时，想到来拒去留」——现绑别名逐字含《电磁感应综合问题中看到与想到的对应关系》。,slice-91
PHYSICS,楞次定律的理解-阻碍-的含义,ext-phy-b6bd732b19-141,楞次定律的理解-阻碍-的含义,,KEEP,「概括为口诀增反减同」「分析顺序总结为 $\Phi_{原} \rightarrow B_{感} \rightarrow I_{感}$」——现绑别名逐字含《大招63：增反减同两步法判感应电流方向》。,slice-91
PHYSICS,楞次定律的理解-阻碍-的含义,ext-phy-b6bd732b19-142b,楞次定律的理解-阻碍-的含义,,KEEP,「判断安培力方向口诀：增斥减引」「判断线圈缩扩口诀：增缩减扩」——楞次定律推论口诀；现绑别名逐字含《增斥减引与增缩减扩口诀》。,slice-91
PHYSICS,正交分解法,ext-phy-28d96980f3-035,正交分解法,,KEEP,「沿斜面方向和垂直斜面方向建立坐标轴，把不在坐标轴上的力（如重力）正交分解」「使用 $F_f=\mu F_N$ 时一定要先求正压力」——正交分解建系与摩擦力计算，属现绑『正交分解法』的斜面应用族。,slice-91
PHYSICS,正弦式交变电流的产生和变化规律,ext-phy-f3249aeadf-011,正弦式交变电流的产生和变化规律,,KEEP,「① 穿过线圈的磁通量最大。② 线圈中的感应电动势为零。③ 线圈每经过中性面一次，感应电流的方向改变一次」——即现绑边界『①中性面…磁通量最大…感应电流方向改变』与【注意】句。,slice-91
PHYSICS,正弦式交变电流的变化规律-线圈在中性面位置时开始计时,ext-phy-417a77232c-006,正弦式交变电流的变化规律-线圈在中性面位置时开始计时,,KEEP,「中性面位置：线圈平面与磁场垂直（B⊥S），磁通量Φ=BS最大，但磁通量变化率为零」「与中性面垂直的位置：线圈平面与磁场平行（B∥S），磁通量Φ=0，但磁通量变化率最大」——现绑别名含『交变电流的中性面及其规律』。,slice-91
PHYSICS,正弦式交变电流的变化规律-线圈在中性面位置时开始计时,ext-phy-417a77232c-007,正弦式交变电流的变化规律-线圈在中性面位置时开始计时,,KEEP,「磁通量：Φ=Φm cosωt=BS cosωt」「电动势：e=Emsinωt=NBSω sinωt」——现绑别名逐字含『从中性面开始计时的交变电流表达式』。,slice-91
PHYSICS,正弦式交变电流的变化规律-线圈在中性面位置时开始计时,ext-phy-e14aad82a5-396b,正弦式交变电流的变化规律-线圈在中性面位置时开始计时,,KEEP,「① 中性面位置：B⊥S；磁通量 Φ=BS 最大；磁通量的变化率 ΔΦ/Δt=0 最小；感应电动势 e=0 最小」——现绑别名逐字含『中性面与中性面垂面的特点比较』。,slice-91
PHYSICS,正弦式交变电流的变化规律-线圈在中性面位置时开始计时,phys-fx-neutral-plane-features,正弦式交变电流的变化规律-线圈在中性面位置时开始计时,,KEEP,「中性面：$\Phi$ 最大」「一个周期内两次经过中性面，电流方向改变两次」——现绑别名逐字含『交流电产生的两个特殊位置（中性面）』。,slice-91
PHYSICS,正弦式交变电流的变化规律-线圈在中性面位置时开始计时,phys-hj3-neutral-plane-features,正弦式交变电流的变化规律-线圈在中性面位置时开始计时,,KEEP,「中性面位置」「感应电流为零且方向改变」——现绑别名逐字含『交流电产生中的两个特殊位置』。,slice-91
PHYSICS,气体实验定律,ext-phy-9579268f6f-011c,气体实验定律,,KEEP,「液柱类模型 以液柱为研究对象分析受力并列平衡方程」「对气体分析初末状态及变化过程并依据气体实验定律列方程」——封闭气体（液柱/活塞）解题思路（备选『液柱模型』『活塞气缸模型』，见备注）。,slice-91
PHYSICS,水平射程-即水平射程由初速度v0和下落高度h共同决定-与其他因素无关,phys-work-function-metal-determined,水平射程-即水平射程由初速度v0和下落高度h共同决定-与其他因素无关,光电效应方程,REBIND,「逸出功的大小由金属本身决定，与入射光无关」——靶节点边界即定义逸出功W0，别名含『光电效应方程与逸出功』；现绑平抛射程与落地速度，无涉。,slice-91
PHYSICS,水平面内圆周运动中的多物体牵连问题,ext-phy-1dee33075b-023,水平面内圆周运动中的多物体牵连问题,,KEEP,「口诀谁远谁先飞：离转轴远、所需向心力大的物块先达到最大静摩擦力」「对整体列式μmAg+μmBg=mArAω²+mBrBω²求临界角速度」——绳连转盘物块滑动顺序与整体临界，属现绑节点。,slice-91
PHYSICS,水平面内圆周运动中的多物体牵连问题,ext-phy-b6bd732b19-065,水平面内圆周运动中的多物体牵连问题,,KEEP,「将 A、B 组成的系统等效看成位于 $O$ 点处的质点，把多物体圆盘模型简化成单物体圆盘模型」「$\omega=\sqrt{\frac{\mu g}{r_{整}}}$」——质心等效法求滑动临界，属现绑节点。,slice-91
PHYSICS,水平面内圆周运动中的多物体牵连问题,ext-phy-b6bd732b19-067,水平面内圆周运动中的多物体牵连问题,,KEEP,「对 B：$f_{B\max}+T=m\omega^2r_B$」「对 A：$f_A-T=m\omega^2r_A$，绳拉力把 A 向外拉」——绳连两物块的受力方程，属现绑『水平面内圆周运动中的多物体牵连问题』。,slice-91
PHYSICS,水平面内圆周运动的临界特征,ext-phy-e14aad82a5-675,水平面内圆周运动的临界特征,圆周运动的经典模型和应用,REBIND,「若内外轨有高度差，火车依据规定的行驶速度行驶，转弯时向心力几乎完全由重力 G 和支持力 F_N 的合力提供」——火车转弯向心力来源；含同名条在内的同类材料在『圆周运动的经典模型和应用』逐字收录，现绑『临界特征』只涉摩擦与绳张力临界。,slice-91
PHYSICS,水平面内圆周运动的临界特征,ext-phy-e14aad82a5-676,水平面内圆周运动的临界特征,圆周运动的经典模型和应用,REBIND,「故 v_规=√(Rgh/L)，当 L、h、R 确定时规定速度是唯一的」——火车转弯规定速度，属『圆周运动的经典模型和应用』（别名『火车转弯的向心力来源与规定速度』）；现绑边界只谈摩擦、绳张力的临界条件。,slice-91
PHYSICS,水平面内圆周运动的临界特征,ext-phy-e14aad82a5-678,水平面内圆周运动的临界特征,圆周运动的经典模型和应用,REBIND,「当 v 大于 v_规 时，F_合<F_向，外轨道对火车轮缘有向内的侧压力」——火车转弯轨道受力随速度变化，正合『圆周运动的经典模型和应用』别名『火车转弯与内外轨挤压判据』。,slice-91
PHYSICS,水平面内圆周运动的临界特征,ext-phy-f38666a18a-037,水平面内圆周运动的临界特征,圆周运动的经典模型和应用,REBIND,「当火车行驶速度等于规定速度 v0 时，所需向心力仅由重力和支持力的合力提供，内外轨道对火车轮缘无挤压作用」——火车转弯规定速度与轮缘无挤压，同类材料在『圆周运动的经典模型和应用』已逐字收录。,slice-91
PHYSICS,求解电能的思路-x1,ext-phy-feaa6e1a51-003,求解电能的思路-x1,,KEEP,「其他形式的能量（机械能等）先转化为电能，电能再转化为焦耳热」「分析电磁感应中能量问题的一般步骤可按『先电后力再能量』的程序进行」——现绑别名逐字含『电磁感应中能量问题的分析程序』。,slice-91
PHYSICS,法拉第电磁感应定律,ext-phy-a8cab79186-016,法拉第电磁感应定律,,KEEP,「闭合回路中的感应电流为零，说明感生电动势与动生电动势大小相等、方向相反」「先写总磁通量往往更简单」。即两类电动势叠加，现绑节点同名别名『感生电动势与动生电动势的叠加』在册。,slice-91
PHYSICS,法拉第电磁感应定律,ext-phy-a8cab79186-017,法拉第电磁感应定律,,KEEP,「回路中的总电动势等于两项之和」「两类电动势同时存在时总电动势“相加”还是“相减”由楞次定律（或右手定则）判断」。即现绑节点同名别名『感生电动势与动生电动势的定量计算』。,slice-91
PHYSICS,法拉第电磁感应定律,ext-phy-b6bd732b19-147,法拉第电磁感应定律,电磁感应中电荷量的计算,REBIND,「电荷量只和位移有关，与受力情况无关，因此无论是无外力单棒、恒外力单棒还是恒加速度单棒都能用此关系」。全条讲电荷量q的计算而非法拉第定律本身，目标节点边界『公式只适用于磁通量变化引起的感应电流』知。,slice-91
PHYSICS,法拉第电磁感应定律,ext-phy-b8f74c23cb-001,法拉第电磁感应定律,,KEEP,「磁场变化分为两类：一类是磁感应强度随时间变化…另一类是磁感应强度随位移变化」「先判断属于哪一类变化，写出磁通量的表达式」。现绑节点别名『磁场变化模型的解读』『变化磁场中回路的分析要点』在册。,slice-91
PHYSICS,法拉第电磁感应定律,ext-phy-e0c474cf2f-003b,法拉第电磁感应定律,,KEEP,「情形二：只有磁场变化…必须是线圈位于磁场中的有效面积，处于磁场之外的部分不贡献磁通量」「情形三：面积与磁场同时变化…不能把两种变化率简单拼接」。即磁通量变化时电动势的三种求法，现绑节点同名别名在册。,slice-91
PHYSICS,法拉第电磁感应定律,ext-phy-e14aad82a5-361,法拉第电磁感应定律,,KEEP,「Φ 大时 ΔΦ 不一定大；ΔΦ 大时 ΔΦ/Δt 不一定大；ΔΦ/Δt 的大小决定感应电动势的大小」。即对E=nΔΦ/Δt的理解，现绑节点同名别名在册。,slice-91
PHYSICS,法拉第电磁感应定律,ext-phy-e14aad82a5-382,法拉第电磁感应定律,,KEEP,「感生电场：与静电场一样能对处于其中的电荷产生力的作用；场源是变化的磁场」「感生电动势：由感生电场产生的电动势」。现绑节点同名别名『感生电场与感生电动势』在册，且TSV无感生专节点。,slice-91
PHYSICS,法拉第电磁感应定律,phys-fx-induced-vs-motional-emf,法拉第电磁感应定律,,KEEP,「感生：回路不动、B 随时间变化，非静电力是感生电场力」「动生：B 不变、导体运动切割，非静电力是洛伦兹力沿导体方向的分量」。两类电动势的区分，现绑节点同名别名在册。,slice-91
PHYSICS,波动图象的信息,ext-phy-916af4e9e4-018,波动图象的信息,波动图象的特点,REBIND,「当 $\Delta t=nT$（n＝1，2，3，…）时，两个时刻的波形相同，波传播的距离 $x=n\lambda$」「距离为 $(2n+1)\frac{\lambda}{2}$（n＝0，1，2，3，…）时，它们的振动步调相反」——靶节点边界(1)(2)逐字。,slice-91
PHYSICS,波动图象的特点,ext-phy-230d941764-005,波动图象的特点,,KEEP,「① 坐标轴：横轴表示各质点的平衡位置，纵轴表示该时刻各质点的位移。② 意义：表示……某时刻各质点离开平衡位置的位移」——现绑别名逐字含『波的图像的坐标轴与物理意义』。,slice-91
PHYSICS,波动图象的特点,ext-phy-8b8209c1d4-002,波动图象的特点,,KEEP,「横轴表示各质点的平衡位置，纵轴表示该时刻各质点的位移」「波的图像表示……某一时刻各质点离开平衡位置的位移」——现绑别名逐字含『波的图像的坐标与意义』。,slice-91
PHYSICS,波动图象的特点,ext-phy-b3bbcd47f8-019,波动图象的特点,,KEEP,「波的图像：(1)坐标轴：横轴表示各质点的平衡位置，纵轴表示该时刻各质点的位移」「v=λf」——正对现绑别名『波的图像的坐标与意义』（v=λf 另见波速节点，保留）。,slice-91
PHYSICS,洛伦兹力,ext-phy-e14aad82a5-327,洛伦兹力,,KEEP,「只受到洛伦兹力；」「洛伦兹力提供向心力，」「R=mv/qB…T=2πm/qB」——洛伦兹力作用下的圆周运动规律，现绑『洛伦兹力』（不做功、只改变速度方向）所辖；『有界磁场…临界条件』为备选，两可保守保留。,slice-91
PHYSICS,活塞气缸模型,ext-phy-e14aad82a5-1017,活塞气缸模型,,KEEP,「一类是热学研究对象（一定质量的理想气体），另一类是力学研究对象（汽缸、活塞或某系统）」——汽缸类问题解题思路，现绑『活塞气缸模型』别名含『气缸类问题的一般解题思路』，保留。,slice-91
PHYSICS,测量电源电动势和内阻的实验,ext-phy-d603f32020-013,测量电源电动势和内阻的实验,安阻法测电源电动势和内阻,REBIND,「由 $E=I(R+r)$ 变形为 $1/I=R/E+r/E$，作 $1/I-R$ 图像，斜率 $k=1/E$，纵轴截距为 $r/E$」「$r_测=r_真+R_A$」——安阻法图像处理与误差；目标边界即R-1/I图线斜率、截距与电流表内阻误差。,slice-91
PHYSICS,测量电源的电动势和内阻,ext-phy-72f3fb05e7-005,测量电源的电动势和内阻,,KEEP,「图线与纵轴交点表示电动势 E，与横轴交点为 I短=E/r，图线斜率的绝对值表示内阻 r」——测量E、r 的数据处理方法；现绑别名逐字含本材料标题。,slice-91
PHYSICS,涡流,ext-phy-5870475655-008,涡流,,KEEP,「磁场相对于导体转动时，导体中会产生感应电流，感应电流使导体受到安培力的作用，使导体运动起来」「应用：交流感应电动机」——电磁驱动，现绑『涡流』边界含“电磁阻尼与电磁驱动”。,slice-91
PHYSICS,滑动变阻器的限流式与分压式,ext-phy-206fb04353-099d,滑动变阻器的限流式与分压式,伏安特性曲线,REBIND,「待测元件：线性元件（如电阻）；非线性元件（如二极管）」「在拐点附近（硅二极管 0.5~0.7 V）电流明显增大 在此区域要密集测量」——测元件伏安特性；靶节点已收『描绘小灯泡伏安特性曲线实验』『伏安特性曲线与线性、非线性元件』。,slice-91
PHYSICS,滑块-斜面-曲面-模型-相对运动与临界问题,ext-phy-2b63d7a05b-012,滑块-斜面-曲面-模型-相对运动与临界问题,,KEEP,「槽不固定且桌面光滑、槽面光滑时，水平方向系统所受合外力为零，水平方向动量守恒」——非固定圆槽双守恒；现绑别名逐字含《非固定圆槽中小球与槽的双守恒》。,slice-91
PHYSICS,滑块-斜面-曲面-模型-相对运动与临界问题,ext-phy-2b63d7a05b-013,滑块-斜面-曲面-模型-相对运动与临界问题,,KEEP,「小球滑过B点后，槽与球组成的系统在水平方向动量守恒、机械能也守恒」——单侧固定槽的多过程守恒分析；现绑别名逐字含《单侧固定槽的多过程分析》。,slice-91
PHYSICS,滑块-斜面-曲面-模型-相对运动与临界问题,ext-phy-b6bd732b19-091b,滑块-斜面-曲面-模型-相对运动与临界问题,,KEEP,「系统初动量为零，物块向右运动时小车向左运动，可应用人船模型的位移关系」——圆弧小车水平方向动量守恒与机械能守恒；现绑别名逐字含《物块与圆弧小车的守恒分析》。,slice-91
PHYSICS,热力学图像问题,ext-phy-6f83133765-074,热力学图像问题,,KEEP,「等温过程（a→b）：等温降压膨胀，内能不变，吸收的热量等于气体对外做的功」「等压过程（c→a）：放出的热量等于外界做的功和内能减少量之和」——沿等值线逐段判 W/Q/ΔU，节点别名逐字含本题名，保留。,slice-91
PHYSICS,热力学图像问题,ext-phy-6f83133765-075,热力学图像问题,,KEEP,「等容过程中气体不做功，W=0，故吸收的热量等于内能增加量，即 Q=ΔU」「等容过程在 p-T 图上为过原点的直线，在 p-V 图上为垂直于 V 轴的线段」——等容线的热功内能分析与图像特征，节点别名逐字含本题名，保留。,slice-91
PHYSICS,热力学图像问题,ext-phy-6f83133765-076,热力学图像问题,,KEEP,「等压升温膨胀（b→c）：吸收的热量等于内能增加量和气体对外做的功之和」「等容降温降压（c→a）：不做功，内能减少量等于放出的热量」——由过程（图像）分析热、功与内能，属现绑『热力学图像问题』。,slice-91
PHYSICS,热力学图像问题,ext-phy-d3ee565f9f-001,热力学图像问题,,KEEP,「状态点与坐标原点为对角顶点的矩形面积反映温度的高低，面积大的状态温度高」「图线与 V 轴所夹图形的面积表示气体所做的功」——p-V 图像中两种面积的含义，节点别名逐字含《p-V 图象中的温度与功》，保留。,slice-91
PHYSICS,热力学图像问题,ext-phy-f83eedf9a0-001,热力学图像问题,,KEEP,「等容线是延长线过原点的直线；在同一坐标系中比较不同体积的等容线时，斜率越大表示体积越小」「等压线是延长线过原点的直线」——四类等值线图像与斜率判据，别名逐字含本题名，保留。,slice-91
PHYSICS,热力学第一定律,ext-phy-19519d33a8-018,热力学第一定律,,KEEP,「由气体温度变化分析ΔU：温度升高、内能增加时ΔU大于0」「由公式Q＝ΔU－W分析吸放热情况：Q大于0吸热」——别名逐字含本题名。,slice-91
PHYSICS,热力学第一定律,ext-phy-206fb04353-091,热力学第一定律,,KEEP,「内能变化量 ΔU：由气体温度变化分析 温度升高内能增加 ΔU>0」「气体吸、放热 Q：一般由公式 Q=ΔU-W 分析」——别名逐字含本题名。,slice-91
PHYSICS,热力学第一定律,ext-phy-206fb04353-120b,热力学第一定律,,KEEP,「1. 阿伏加德罗常数…微观量的估算…2. 理想气体实验定律…5. 热力学第一定律 ΔU=W+Q。符号法则…三种特殊情况」——热学公式汇编含现绑内容；『热学知识体系』为薄料备选，多节点分摊故保留。,slice-91
PHYSICS,热力学第一定律,ext-phy-51ad0f83fc-028,热力学第一定律,,KEEP,「内能变化量 ΔU：由气体温度变化分析…也可由公式 ΔU=W+Q 分析内能变化」「做功情况 W：由体积变化分析」「由公式 Q=ΔU-W 分析」——别名逐字含本题名。,slice-91
PHYSICS,热力学第一定律,ext-phy-b6bd732b19-167c,热力学第一定律,,KEEP,「分析 $W$：看体积 $V$。$V$ 增大，则外界对气体做负功」「分析 $\Delta U$：看温度 $T$」「再根据 $\Delta U=Q+W$ 进行判断」——三量三步法，别名逐字含本题名。,slice-91
PHYSICS,热力学第一定律,phys-zhuan-huan-dui-xiang-sheng-gong,热力学第一定律,求解变力做功的常用方法,REBIND,「力对绳子做的功等于绳子对物体做的功…$W_{绳对物}=W_F=F\times(x_{OK}-x_{OC})$」——全条是力学变力做功，现绑热学节点零对应；目标节点已收《求变力做功的方法：等效转换法与图像法》（绳子对物块做功W＝F·s）。,slice-91
PHYSICS,热力学第二定律,phys-hj3-heat-engine-efficiency,热力学第二定律,,KEEP,「满足 $Q_1=W+Q_2$」「热机效率 $\eta=\frac{W}{Q_1}$，热机效率不可能达到 100%」——热机效率上限即热力学第二定律内容；现绑别名逐字含『热机与热机效率』，全库无独立热机节点。,slice-91
PHYSICS,牛顿第二定律,ext-phy-0656738ee5-002,牛顿第二定律,,KEEP,「加速度的大小与物体所受合外力的大小成正比，与物体的质量成反比」「即a=F合/m」——牛二表达式与由初速度、加速度判断运动；现绑别名逐字含《力与运动的关系》。,slice-91
PHYSICS,牛顿第二定律,ext-phy-2890a8a6ef-009,牛顿第二定律,,KEEP,「a＝Δv/Δt是加速度的定义式」「a＝F/m是加速度的决定式……两者不能混用」——属现绑边界「公式辨析」；『加速度』『比值定义法与决定式的区别』两可，保守保留。,slice-91
PHYSICS,牛顿第二定律的理解-五性,ext-phy-1bbb2dfb90-014,牛顿第二定律的理解-五性,,KEEP,「a＝Δv/Δt是加速度的定义式，a与Δv、Δt无必然联系。a＝F/m是加速度的决定式」——与现绑边界『是加速度的定义式，与、无必然联系; 是加速度的决定式』同点；『比值定义法与决定式的区别』虽收同族材料，现绑边界已含此点，保留。,slice-91
PHYSICS,物体间恰好不发生相对滑动-的临界条件是物体间恰好达到最大静摩擦力,phys-bankuai-liang-ge-jing-mo-ca-li,物体间恰好不发生相对滑动-的临界条件是物体间恰好达到最大静摩擦力,板块模型,REBIND,「物块与木板间动摩擦因数 $\mu_1$（最大静摩擦力 $f_1=\mu_1mg$）」——板块模型两接触面摩擦设定；靶『板块模型』，现绑边界（圆周运动）不符。,slice-91
PHYSICS,物体间恰好不发生相对滑动-的临界条件是物体间恰好达到最大静摩擦力,phys-f-qidong-san-jie-duan,物体间恰好不发生相对滑动-的临界条件是物体间恰好达到最大静摩擦力,板块模型,REBIND,「随着 F 的增大…先后经历：块与板均静止、块板一起加速、块板发生相对滑动三个不同的阶段」——板块模型 F启动分析；靶『板块模型』已收《有外力作用在木板上的板块模型分析》。现绑边界只讲圆周运动的摩擦力向心力。,slice-91
PHYSICS,物体间恰好不发生相对滑动-的临界条件是物体间恰好达到最大静摩擦力,phys-fx-turntable-critical-friction,物体间恰好不发生相对滑动-的临界条件是物体间恰好达到最大静摩擦力,,KEEP,「1. 向心力由静摩擦力提供：$f=m\omega^2r$……2. 临界：$f_{max}=\mu mg$」——只由摩擦力提供向心力的相对滑动临界，正合现绑『相对滑动的临界条件』边界（圆周运动）；『水平转盘上运动物体模型』为备选，两可保守保留。,slice-91
PHYSICS,物体间恰好不发生相对滑动-的临界条件是物体间恰好达到最大静摩擦力,phys-hj-011-friction-static-to-static,物体间恰好不发生相对滑动-的临界条件是物体间恰好达到最大静摩擦力,摩擦力的突变类问题,REBIND,「物体静止时其他力发生突变，物体仍保持静止，」——静—静突变；靶『摩擦力的突变类问题』已收《静—静突变》三条（含一轮课件版），边界即摩擦力突变的分类。,slice-91
PHYSICS,物体间恰好不发生相对滑动-的临界条件是物体间恰好达到最大静摩擦力,phys-kb-static-friction-property,物体间恰好不发生相对滑动-的临界条件是物体间恰好达到最大静摩擦力,静摩擦力,REBIND,「$0<f\le f_{max}$……大小和方向由外部受力与运动状态决定」——静摩擦力的特点；靶『静摩擦力』边界即“大小随外力变化并在零与最大静摩擦力之间取值”。现绑节点只讲临界条件。,slice-91
PHYSICS,物体间恰好不发生相对滑动-的临界条件是物体间恰好达到最大静摩擦力,phys-system-object-energy-transfer,物体间恰好不发生相对滑动-的临界条件是物体间恰好达到最大静摩擦力,多物体系统的机械能守恒,REBIND,「A物体机械能的增加量等于B物体机械能的减少量」——系统内两物体机械能转移；靶『多物体系统的机械能守恒』承接，现绑边界只讲圆周运动临界。,slice-91
PHYSICS,物理意义-一切自发过程总是沿着分子热运动的无序度增大的方向进行程,ext-phy-9cab6c383d-003,物理意义-一切自发过程总是沿着分子热运动的无序度增大的方向进行程,,KEEP,「熵增加原理：在一个孤立系统中，任何自发过程总是朝着熵增加的方向进行」「能量在使用过程中，总会有一部分以内能的形式散发到周围环境中去而不能再收集利用」——现绑别名逐字含『能量耗散与熵增原理』『熵增原理与能源的有限性』。,slice-91
PHYSICS,特殊值法-对于某些特殊电路问题-可以采取代入特殊值的方法去判定,phys-serial-reverse-limits,特殊值法-对于某些特殊电路问题-可以采取代入特殊值的方法去判定,结论法-串反并同-应用条件为电源内阻不为零,REBIND,「串反并同法一般只能判断电路中只有一个电阻阻值变化的情况；对于两部分及以上电阻变化问题，可采用计算法、特殊值法、极限法灵活处理」——通篇讲串反并同法的适用条件与替代法，正合靶节点边界（串反并同+极限法）；现绑『特殊值法』仅以特殊值法为三者之一。,slice-91
PHYSICS,特点-f-b-f-v-即f垂直于b与v决定的平面-f与v始终垂直-洛伦兹力不做功,phys-hj2-san-zhong-chang-bijiao,特点-f-b-f-v-即f垂直于b与v决定的平面-f与v始终垂直-洛伦兹力不做功,,KEEP,「磁场：洛伦兹力 $F=qvB$（$v⊥B$），方向由左手定则判断；洛伦兹力不做功，不改变粒子动能」——现绑边界(3)与“洛伦兹力与电场力的比较”。,slice-91
PHYSICS,玻尔模型,ext-phy-29be60ee7d-005b,玻尔模型,,KEEP,「原子只能在两个定态之间发生跃迁，且这种跃迁不需要经历中间的变化过程」「吸收或放出的光子能量等于两个能级之差的绝对值」——能级跃迁的条件与规律，属现绑『玻尔模型』（别名逐字含本标题）。,slice-91
PHYSICS,玻尔模型,ext-phy-e14aad82a5-1383c,玻尔模型,,KEEP,「定义：原子的能量是量子化的，这些量子化的能量值叫作能级」「原子光谱是一些分立的亮线，例如氢原子光谱在深色背景上呈现一组分立的彩色亮线」——能级与原子光谱，属现绑『玻尔模型』边界（能级与解释氢原子线状谱）；近邻『玻尔理论的几个重要概念』『玻尔理论对氢光谱的解析』并列不确，保守保留。,slice-91
PHYSICS,玻尔理论的几个重要概念,ext-phy-35af9d4314-025,玻尔理论的几个重要概念,,KEEP,「自发跃迁由高能级到低能级，释放能量并发射光子，释放光子的频率满足 hν=ΔE=E高-E低」「吸收光子的能量必须恰好等于能级差」——能级跃迁与频率条件，现绑别名含『能级跃迁的两种方式与电离』『玻尔理论的三要点与能级跃迁』。,slice-91
PHYSICS,电功与电热的关系,ext-phy-e14aad82a5-237b,电功与电热的关系,,KEEP,「② 三个功率：输入功率（总功率）P总=UI；输出功率即电动机做有用功的机械功率；热功率 P热=I²r」「P总=P出+P热，η=P出/P总×100%」——电动机（非纯电阻）的电功与电热关系，正合现绑『电功与电热的关系』边界（含电动机的电路）。,slice-91
PHYSICS,电功与电热的关系,ext-phy-e14aad82a5-871,电功与电热的关系,,KEEP,「纯电阻电路：电能全部转化为内能，W=UIt=U²t/R=I²Rt=Q」「非纯电阻电路：电能部分转化为内能，W=UIt=I²Rt+E其他，即 W>Q」——纯电阻与非纯电阻电路中电功与电热的比较，正合现绑『电功与电热的关系』。,slice-91
PHYSICS,电势差与电场强度的关系,ext-phy-377db7c41b-020,电势差与电场强度的关系,,KEEP,「推论1：匀强电场中任一线段AB的中点C的电势φC＝(φA＋φB)/2」「推论2：若…AB∥CD，则φA－φB＝φC－φD」——即现绑边界『一式二结论』。,slice-91
PHYSICS,电势差与电场强度的关系,ext-phy-b6bd732b19-105,电势差与电场强度的关系,,KEEP,「中点法：…最高点与最低点连线的中点电势…与第三点电势相等」「n 等分法：…将电势最高点与电势最低点的连线进行 n 等分」——现绑边界含『补充：等分法及其应用』。,slice-91
PHYSICS,电压表-电流表的改装,ext-phy-b6bd732b19-126b,电压表-电流表的改装,,KEEP,「校准电路：电压表校准用标准电压表与被校电压表并联；电流表校准用标准电流表与被校电流表串联」——现绑别名逐字含『电表校准与更换电阻的判断』『改装后电表的量程与校准』。,slice-91
PHYSICS,电场中的功能关系,ext-phy-1dbc2880eb-012,电场中的功能关系,,KEEP,「能量守恒逆向推导法：正向逻辑是电势能增大则动能减小，电势能减小则动能增大」——现绑别名逐字含《电势能与动能变化的定性判断方法》。,slice-91
PHYSICS,电场中的功能关系,ext-phy-1dbc2880eb-033b,电场中的功能关系,,KEEP,「由 $U=Ed$ 可知电场线越密的一段电势差越大，用动能定理 $W=qU=\Delta E_k$ 可知该段动能变化量越大」——现绑别名逐字含《静电除尘器中粉尘颗粒的受力与动能变化分析》。,slice-91
PHYSICS,电场中的功能关系,ext-phy-4979ff6ab2-086,电场中的功能关系,,KEEP,「电势能不相等则动能必不相等」「同号电荷靠近时电势能增加、远离时电势能减少」——现绑别名逐字含《由能量守恒逆向判断动能与电势能的变化》。,slice-91
PHYSICS,电场中的功能关系,ext-phy-fc06cacb9f-012c,电场中的功能关系,,KEEP,「若带电粒子只在静电力作用下运动，其动能和电势能之和保持不变」——现绑别名逐字含《用能量守恒处理带电体的运动与两个结论》。,slice-91
PHYSICS,电场强度,ext-phy-1dbc2880eb-031c,电场强度,,KEEP,「均匀带电薄壳外部空间的电场与其上电荷全部集中在球心时产生的电场相同，内部空间的电场强度处处为零」「用补偿法把取走部分的场强单独求出」——球壳电场与补偿法，现节点已收『均匀带电球壳的电场与补偿法的使用要领』『割补法求带电体的场强』；材料兼有壳内不做功结论，故不迁『求解非点电荷电场强度的四种方法』。,slice-91
PHYSICS,电容器,ext-phy-206fb04353-060d,电容器,,KEEP,「当电路稳定时 电容器所在的支路相当于断路」「电容器两端的电压等于与之并联的电阻两端的电压」——现绑别名逐字含『含容电路的特点』。,slice-91
PHYSICS,电容器,ext-phy-8aea427cf9-002b,电容器,,KEEP,「加在两极板上的电压超过某一限度时，板间电介质被击穿、电容器损坏，这一极限电压叫击穿电压」「电容器外壳上标出的工作电压，数值比击穿电压低」——现绑别名逐字含『击穿电压与额定电压』。,slice-91
PHYSICS,电容器充放电过程,phys-ohmmeter-component-features,电容器充放电过程,多用电表欧姆挡的使用与二极管检测,REBIND,「电阻表检测不同电学元件时的特点：定值电阻——正反接阻值相等；二极管——正反接阻值差很多；电容器——示数逐渐变大（充电现象）」——通篇欧姆表检测各元件示数，非电容器充放电过程本身。,slice-91
PHYSICS,电流表的内-外接法的选择,ext-phy-8209e5ff3c-002b,电流表的内-外接法的选择,测量金属丝电阻率的误差分析,REBIND,「因为电流表外接，所以 $R_测<R_真$」「通电电流过大、时间过长，致使金属丝发热，电阻率随之变化带来误差」——通篇为金属丝电阻率实验的误差来源与减小思路，正合『测量金属丝电阻率的误差分析』边界三条；现绑只讲接法选择。,slice-91
PHYSICS,电磁感应中的单棒模型,ext-phy-a8cab79186-009b,电磁感应中的单棒模型,,KEEP,「把安培力的冲量转化为对面积的求和」「金属杆停止运动时与导轨围成的面积」——抛物线导轨单杆动量定理，现绑别名逐字含本条标题。,slice-91
PHYSICS,电磁感应中的单棒模型,ext-phy-a8cab79186-011b,电磁感应中的单棒模型,,KEEP,「“电容器＋匀速切割”的组合中，只要电荷量随时间线性增加，充电电流就是恒定的」——含电容器单棒模型，现绑边界明含『含电源和电容器的单棒模型』。,slice-91
PHYSICS,电磁感应中的单棒模型,ext-phy-a8cab79186-024b,电磁感应中的单棒模型,,KEEP,「用动量定理把安培力的冲量与电荷量联系起来」「从而绕开牛顿定律」——单杆减速最大距离推导，现绑别名逐字同题。,slice-91
PHYSICS,电磁感应中的单棒模型,ext-phy-a8cab79186-025b,电磁感应中的单棒模型,,KEEP,「外力必须随时间线性增大」「若外力是恒力 则杆只能做加速度逐渐减小的变加速运动」——单杆匀加速的外力条件，现绑别名逐字同题。,slice-91
PHYSICS,电磁感应中的双棒模型,ext-phy-a8cab79186-012c,电磁感应中的双棒模型,,KEEP,「两导体棒与弹簧组成的系统动量守恒（$mv_{MN}-2mv_{PQ}=0$）」「归纳总结：双杆问题中若 $F_合=0$，则双杆组成的系统动量守恒」——双棒模型动量守恒与电荷量，属现绑。,slice-91
PHYSICS,电磁感应中的双棒模型,ext-phy-f70fce761e-001,电磁感应中的双棒模型,,KEEP,「双金属棒和导轨构成闭合回路，安培力充当系统的内力」「受到的安培力的合力为零（两棒受到的安培力等大反向），则系统满足动量守恒」——双棒动量守恒条件，属现绑。,slice-91
PHYSICS,电磁感应中的双棒模型,ext-phy-f98ab1db86-012,电磁感应中的双棒模型,,KEEP,「先比较两杆产生的电动势方向，判断回路总电动势是两杆电动势相加还是相减」「只有两杆所受外力之和为零（水平光滑、无其他水平外力）时，才可对两杆组成的系统应用动量守恒定律」——双棒动量判据，属现绑。,slice-91
PHYSICS,电磁感应中的双棒模型,ext-phy-fc7f34703b-061,电磁感应中的双棒模型,,KEEP,「不等距双杆中两杆所受安培力方向相反、大小不等，因此动量不守恒」「稳定条件是回路总感应电动势为零，即L1v1=L2v2」——双棒稳定条件讨论，属现绑。,slice-91
PHYSICS,电磁感应中的图像问题,ext-phy-a8cab79186-008b,电磁感应中的图像问题,,KEEP,「折线形导轨的问题必须先分段写出有效长度与时间的关系，再逐段判断各物理量的图像形状」——通篇判断 i/F/P/U 图像形状，正合『电磁感应中的图像问题』。,slice-91
PHYSICS,电磁感应中的电容器问题,ext-phy-0c0a28e1b5-080,电磁感应中的电容器问题,,KEEP,「电流特点：电容器持续充电，ΔQ=CΔU=CBLΔv，可得回路电流恒定，因而加速度 a 恒定」——含容单杆模型，别名逐字含该题名『含容、受恒定外力的单杆模型』。,slice-91
PHYSICS,电磁感应中的电容器问题,ext-phy-1792d8676f-096,电磁感应中的电容器问题,,KEEP,「结论：单杆在含容电路中受恒力作用切割磁感线时，将做匀变速直线运动，加速度和电流都将恒定不变」——别名逐字含『含容电路中受恒力单杆的运动性质（二级结论）』。,slice-91
PHYSICS,电磁感应中的电容器问题,ext-phy-a277e7ebaf-014,电磁感应中的电容器问题,,KEEP,「运动特点：棒做加速度a减小的减速运动。最终特征：最终做匀速运动，此时I=0，但电容器带电荷量不为零」——正对现绑边界“最大速度/电流为零”的最终特征。,slice-91
PHYSICS,电磁感应中的电容器问题,ext-phy-a277e7ebaf-015,电磁感应中的电容器问题,,KEEP,「电容器充电电荷量q=CUC，最终电容器两端电压UC=BLv」「对棒应用动量定理mv-mv0=-BILΔt=-BLq」——正对现绑边界『“最大速度”对应电容器电压与棒电动势相等、电流为零的时刻』。,slice-91
PHYSICS,电磁振动-电磁波和传感器,ext-phy-e14aad82a5-422,电磁振动-电磁波和传感器,电磁波,REBIND,「γ 射线：波长最短的电磁波…穿透能力很强」「在真空中的前进速度都是 c=3×10⁸ m/s；频率由无线电波到 γ 射线逐渐增大」——靶边界『电磁波…真空中以光速传播』，别名含『电磁波的性质与电磁波谱』；现绑边界为电磁振荡。,slice-91
PHYSICS,电能的输送,ext-phy-2686f64c9b-005,电能的输送,,KEEP,「电源回路（发电机与升压变压器原线圈）、输送回路（输电线与两变压器的副、原线圈）、用户回路（降压变压器副线圈与用户）」「提高输电电压可减小输电电流」——远距离输电整体分析；别名『远距离高压输电线路的分析与计算』在现绑。,slice-91
PHYSICS,电能的输送,ext-phy-463833891b-007,电能的输送,,KEEP,「电压损失 $\Delta U=U-U'=IR$；功率损失 $\Delta P=P-P'=\Delta U\cdot I=I^2R$」「减小输电导线中的电流」「由 P=UI 可知必须提高输电电压」——三个基本量与降损途径；别名原题在现绑。,slice-91
PHYSICS,电能的输送,ext-phy-4d112c9ad1-024,电能的输送,,KEEP,「①P损=P1−P4…②P损=I线²R线…③P损=ΔU²/R线与P损=ΔU·I线」——线路功率损失四种算法；别名『输电线路功率损失的四种计算方法』在现绑。,slice-91
PHYSICS,电能的输送,ext-phy-4d30c0b091-004,电能的输送,,KEEP,「$P_1=P_2$」「$P_2=\Delta P+P_3$」「损耗功率 $\Delta P=\Delta U\cdot I_线=I_线^2R_线=\frac{(\Delta U)^2}{R_线}$」——升压降压关系与功率守恒；别名原题在现绑。,slice-91
PHYSICS,电能的输送,ext-phy-5d822199e8-031,电能的输送,,KEEP,「①输电电流：I＝P/U…④降低输电损耗的两个途径：减小电阻…升压法」——损失与降损途径；别名『远距离输电的损失与降损』在现绑。,slice-91
PHYSICS,电能的输送,ext-phy-94ac3439d9-004b,电能的输送,,KEEP,「直流输电时输电电流 $I=\frac PU$」「由 $\Delta P=I^2R$ 得输电导线的最大总阻值」——高压直流输电的损耗计算；别名『高压直流输电的损耗计算』在现绑。,slice-91
PHYSICS,电能的输送,ext-phy-e14aad82a5-390,电能的输送,,KEEP,「①功率关系：P1=P2…P2=P3+ΔP，ΔP=I线²R=(ΔU)²/R…②电压关系…U2−U3=ΔU=I线R」——三级功率电压电流关系；别名原题在现绑。,slice-91
PHYSICS,电能的输送,ext-phy-e7ae1dda3f-014,电能的输送,,KEEP,「$\Delta U=U_2-U_3=I_线R_线$」「损耗功率减小到原来的 $\frac{1}{n^2}$」——线路电压损失与升压降损，正合现绑边界（线路热损耗与升压降损）。,slice-91
PHYSICS,电能的输送,ext-phy-eceef824ba-018,电能的输送,,KEEP,「$P_2=P_{损}+P_3$，即升压变压器的输出功率一部分损耗在输电线上」「$U_2=\Delta U+U_3$」「$I_2=I_3=I_{线}$」——以变压器为界的回路关系；别名原题在现绑。,slice-91
PHYSICS,电能的输送,ext-phy-f6fe343245-014,电能的输送,,KEEP,「$\Delta U=U_2-U_3=I_线R_线$，即输电线首末两端电压之差」「$P_{损}=P_1-P_4$，也等于 $I_线\Delta U$、$I_线^2R_线$ 或 $\Delta U^2/R_线$」——电压损失与功率损失；别名原题在现绑。,slice-91
PHYSICS,电能的远距离输送电路图,ext-phy-0377c73fb1-036,电能的远距离输送电路图,电能的输送,REBIND,「电压损失：ΔU=U-U2撇=IR，即输电线上的电压降」「功率损失：ΔP=P-P2撇=ΔU·I=I^2R，即输电线上的发热功率」——与『电能的输送』别名『输电线路的电压损失与功率损失』逐字同题；现绑不涉损失公式。,slice-91
PHYSICS,电能的远距离输送电路图,ext-phy-0377c73fb1-037,电能的远距离输送电路图,电能的输送,REBIND,「途径二：减小输电导线中的电流。在输电功率一定的情况下，根据P=UI，要减小电流就必须提高输电电压」——正合『电能的输送』边界“升高电压可降损”与别名『减少电能损失的方法与高压输电』；现绑边界只讲输送电路图三个回路。,slice-91
PHYSICS,电能的远距离输送电路图,ext-phy-94ac3439d9-008c,电能的远距离输送电路图,,KEEP,「转速变化先影响电压的有效值，再通过电压影响电流，最后才影响功率与损耗，判断链条不能颠倒。」「等效电阻 $k^2R$ 减小（$k=\frac{n_3}{n_4}$）」——含升/降压变压器与负载的两级电路损耗计算，属现绑（别名『两级变压器输电线路的损耗计算』）。,slice-91
PHYSICS,电荷,ext-phy-e14aad82a5-784,电荷,,KEEP,「原理：同种电荷互相排斥」「作用：检验物体是否带电；粗略判断物体带电的多少（金属箔张开角度越大表示所带电荷量越多）」——验电器与静电计的原理与作用；现绑别名逐字含本题名。,slice-91
PHYSICS,电荷守恒定律,ext-phy-e14aad82a5-791,电荷守恒定律,,KEEP,「当带正电荷的带电体 C 移近导体 A 时，导体中的自由电子从 B 端移到 A 端」「两端出现等量异种电荷」——感应起电中的电荷转移，现绑边界明含接触起电与感应起电；与『三种起电方式』相邻，保守保留。,slice-91
PHYSICS,电表的内接与外接,ext-phy-2aea59cfe3-026,电表的内接与外接,,KEEP,「接法Ⅰ…电流表的分压作用使测得的所谓内阻…结果偏大」「接法Ⅱ…电压表的分流作用使测得的所谓内阻偏小」——内外接法的误差比较与选择；现绑别名逐字含本题名。,slice-91
PHYSICS,电路的故障分析,ext-phy-5bf11ffcd9-007,电路的故障分析,,KEEP,「断路处电流为零、断点两端可能有电压；短路处用电器两端电压为零而电流不为零」——故障判断依据（多用电表检测断路与短路）；现绑别名逐字含此标题。,slice-91
PHYSICS,相似三角形-动态三角形-拉密定理等方法解决临界极值问题,ext-phy-9142eeb79f-003c,相似三角形-动态三角形-拉密定理等方法解决临界极值问题,,KEEP,「由于凹槽内壁对小球的支持力$F_N\ge0$，因此拉力最大时$F_N=0$」「求某个力的最大值或最小值时，先写出该力与其他力的关系式，再由其他值的取值范围确定临界条件」——三力平衡求极值（备选『共点力平衡临界极值问题——临界条件』，见备注）。,slice-91
PHYSICS,相似三角形-动态三角形-拉密定理等方法解决临界极值问题,ext-phy-c8f34b4a1e-008,相似三角形-动态三角形-拉密定理等方法解决临界极值问题,,KEEP,「三力平衡时可构成闭合矢量三角形；由于两变力夹角不变且恒力为定值，该矢量三角形的第三个顶点必在一个外接圆上」「以恒力的两个端点为弦的两个端点作圆」——矢量三角形/辅助圆法解三力平衡。,slice-91
PHYSICS,相似三角形-动态三角形-拉密定理等方法解决临界极值问题,ext-phy-c8f34b4a1e-009,相似三角形-动态三角形-拉密定理等方法解决临界极值问题,,KEEP,「以「大小不变的变力」为直径作圆，利用直径所对的圆周角为直角满足初始夹角条件」「由弦长变化判断力的大小（弦长变长则力变大…为直径时该力最大）」——辅助圆法第二规则与步骤。,slice-91
PHYSICS,磁场中的仪器,ext-phy-0075ca8ac0-006,磁场中的仪器,,KEEP,「加速过程用动能定理：$qU=\dfrac{1}{2}mv^{2}$」「于是 $m=\dfrac{qB^{2}r^{2}}{2U}$」「分离同位素，测定带电粒子的比荷与质量」——质谱仪构造与原理，属现绑。,slice-91
PHYSICS,磁场中的仪器,ext-phy-0075ca8ac0-007,磁场中的仪器,,KEEP,「交流电的周期与粒子在磁场中的回旋周期 $T=\dfrac{2\pi m}{qB}$ 相等」「只由磁感应强度 $B$ 和盒半径 $R$ 决定」——回旋加速器原理，现绑别名逐字含本题名。,slice-91
PHYSICS,磁场中的仪器,ext-phy-0075ca8ac0-019,磁场中的仪器,,KEEP,「能沿直线匀速通过的条件是两力平衡」「速度不等于 $E/B$ 的粒子会向某一侧偏转，因此它只“挑选”速度，不挑选种类」——速度选择器原理，属现绑。,slice-91
PHYSICS,磁场中的仪器,ext-phy-0075ca8ac0-020,磁场中的仪器,,KEEP,「当板间电势差稳定时，离子受到的静电力与洛伦兹力平衡」「此时 $U$ 就是发电机的电动势，把等离子体的动能转化为电能」——磁流体发电机原理，属现绑。,slice-91
PHYSICS,磁场中的仪器,ext-phy-0075ca8ac0-021,磁场中的仪器,,KEEP,「稳定时离子受到的静电力与洛伦兹力平衡」「与液体中离子的浓度无关」——电磁流量计原理与流量公式，属现绑『磁场中的仪器』。,slice-91
PHYSICS,磁场中的仪器,ext-phy-0075ca8ac0-022,磁场中的仪器,,KEEP,「当磁场方向与电流方向垂直时，导体在与磁场、电流方向都垂直的方向上出现电势差 $U_{H}$」「$U_{H}=\dfrac{BI}{nqd}$」——霍尔效应与霍尔电压，属现绑。,slice-91
PHYSICS,磁场中的仪器,ext-phy-0bc46e3d56-004,磁场中的仪器,,KEEP,「D 形盒处于匀强磁场中，D 形盒的缝隙处接交流电源」「最大动能由磁感应强度 $B$ 和 D 形盒半径 $R$ 决定」——回旋加速器，现绑别名逐字含本题名。,slice-91
PHYSICS,磁场中的仪器,ext-phy-0bc46e3d56-006,磁场中的仪器,,KEEP,「它只能选择粒子的速度，不能选择粒子的电性、电荷量、质量；且具有单向性」——速度选择器与磁流体发电机，属现绑（别名逐字含本题名）。,slice-91
PHYSICS,磁场中的仪器,ext-phy-0bc46e3d56-007,磁场中的仪器,,KEEP,「流量 $Q=Sv=\frac{\pi d^2}{4}\cdot\frac{U}{Bd}=\frac{\pi dU}{4B}$」「由 $qvB=q\frac{U}{h}$…联立可得 $U=\frac{IB}{nqd}=k\frac{IB}{d}$」——流量计与霍尔元件，现绑别名逐字含本题名。,slice-91
PHYSICS,磁场中的仪器,ext-phy-21d4982874-013,磁场中的仪器,,KEEP,「只有电场力与洛伦兹力平衡的粒子才能沿轴线做匀速直线运动通过」「能通过选择器的粒子速率必须等于 $\frac{E}{B_0}$，与粒子的质量、电荷量都无关」——速度选择器筛选原理，属现绑。,slice-91
PHYSICS,磁场中的仪器,ext-phy-21d4982874-018,磁场中的仪器,,KEEP,「能在选择器中沿轴线通过的粒子必满足 $qvB_1=qE$，速率 $v=\frac{E}{B_1}$」「进入偏转磁场后半径 $r=\frac{mv}{qB_2}$」——速度选择器与偏转磁场，现绑别名逐字含本题名。,slice-91
PHYSICS,磁场中的仪器,ext-phy-adb97b2219-010,磁场中的仪器,,KEEP,「只能选择速度，不能选择粒子的电性、电荷量和质量」「粒子只能从某一特定方向射入才能沿直线通过」——速度选择器的原理与特点，属现绑。,slice-91
PHYSICS,磁场中的仪器,ext-phy-adb97b2219-011,磁场中的仪器,,KEEP,「离子所受静电力与洛伦兹力平衡，两极板间电势差达到最大值，即电动势」「等离子体柱本身有电阻，相当于电源的内阻 $r$」——磁流体发电机的电动势与内阻，属现绑（别名逐字含本题名）。,slice-91
PHYSICS,磁场中的仪器,ext-phy-adb97b2219-012,磁场中的仪器,,KEEP,「当所受电场力与洛伦兹力平衡时 $U$ 达到最大」「用左手定则先判断正、负离子的偏转方向，即可确定哪一端电势高」——电磁流量计四个关键关系，属现绑（别名逐字含本题名）。,slice-91
PHYSICS,磁场中的仪器,ext-phy-adb97b2219-013,磁场中的仪器,,KEEP,「当自由电荷所受静电力与洛伦兹力平衡时，A、A′ 间电势差稳定」「$U=\dfrac{BI}{nqd}=k\dfrac{BI}{d}$」——霍尔效应与电势高低，属现绑（别名逐字含本题名）。,slice-91
PHYSICS,磁场中的仪器,ext-phy-b1c1d14402-015,磁场中的仪器,,KEEP,「能沿直线匀速通过的粒子满足二力平衡qvB=qE，即v=E/B」「因此速度选择器只选择速度，不选择电性、电荷量和质量」——速度选择器构成与条件，属现绑。,slice-91
PHYSICS,磁场中的仪器,ext-phy-b1c1d14402-016,磁场中的仪器,,KEEP,「特点一：只选择速度」「特点二：具有单向性…改变入射方向后不能实现速度选择功能」——速度选择器两特点，属现绑。,slice-91
PHYSICS,磁场中的仪器,ext-phy-d17a37ec60-077b,磁场中的仪器,,KEEP,「沿中轴线匀速直线通过的条件：洛伦兹力与电场力平衡，qv0B=Eq，解得 v0=E/B」——速度选择器，属现绑（别名逐字含本题名）。,slice-91
PHYSICS,磁场中的仪器,ext-phy-d80c2aa39c-025,磁场中的仪器,,KEEP,「质谱仪是测量带电粒子质量、分离同位素的仪器」「由以上三式可得…$m=\frac{qB^2l^2}{8U}$」——质谱仪原理，属现绑（别名逐字含『质谱仪的作用与原理』）。,slice-91
PHYSICS,磁场中的仪器,ext-phy-d80c2aa39c-025b,磁场中的仪器,,KEEP,「最大动能由磁感应强度 $B$ 和盒半径 $R$ 决定，与加速电压 $U$ 无关」——回旋加速器属现绑『磁场中的仪器』所辖仪器（别名逐字含『回旋加速器的构造、原理与最大动能』）。,slice-91
PHYSICS,磁场中的仪器,phys-fx-selection-generator-flow-hall,磁场中的仪器,,KEEP,「1. 速度选择器：$qvB=qE$…4. 霍尔元件」——四类仪器均为现绑『磁场中的仪器』边界所列仪器；别名逐字含本题名。,slice-91
PHYSICS,磁场中的仪器,phys-kb-velocity-selector,磁场中的仪器,,KEEP,「平衡条件 $qvB=qE$，即 $v=\frac{E}{B}$ 的粒子沿直线通过」——速度选择器，属现绑（别名逐字含『速度选择器』）。,slice-91
PHYSICS,磁场中的仪器,phys-velocity-selector-speed-only,磁场中的仪器,,KEEP,「速度选择器只能选择粒子的速度，不能选择粒子的电性、电荷量、质量：平衡条件 $qv_0B=qE$ 中 $q$ 两边消去」——速度选择器特点，属现绑。,slice-91
PHYSICS,磁场的基本概念和性质,ext-phy-21d4982874-001,磁场的基本概念和性质,磁感线,REBIND,「磁感线的疏密程度表示磁感应强度的强弱…只需比较各点附近磁感线的疏密」「磁感线是闭合曲线…任意两条磁感线不相交；磁感线上某点的切线方向表示该点磁感应强度的方向」——通篇磁感线的疏密比较与特点；现绑『磁场的基本概念和性质』讲磁场定义与方向性，靶节点边界即「闭合且不相交…用疏密比较强弱只能是定性的」。,slice-91
PHYSICS,磁通量φ-磁通量的变化量δφ及磁通量的变化率的比较,ext-phy-bad2c29271-005b,磁通量φ-磁通量的变化量δφ及磁通量的变化率的比较,,KEEP,「图像法：若已知Φ－t图像，则图线上某一点的切线斜率等于ΔΦ/Δt」「B、S同时变化时：不能把两份结果简单相加，必须按ΔΦ的完整定义计算」——磁通量变化情形与变化率辨析，别名『磁通量变化的常见情况』『对磁通量的理解与变化的三种情况』在现绑。,slice-91
PHYSICS,程序法-遵循-局部-整体-局部-的思路,ext-phy-34b3abc1bd-011,程序法-遵循-局部-整体-局部-的思路,路端电压与外电阻的关系,REBIND,「纵坐标的截距为电源电动势」「横坐标的截距为短路电流」「图线斜率的绝对值为电源的内阻」——路端电压与电流的关系式 U=E-Ir 及其 U-I 图像；现绑『程序法（局部—整体—局部）』讲电路动态连锁，与正文无涉；靶节点已收『路端电压与电流的关系及其图像』。,slice-91
PHYSICS,等效替代法,ext-phy-81ec357d7d-011,等效替代法,,KEEP,「只要两次都把结点拉到同一位置，作用效果就相同」「再由单个力测出的 $F'$ 作图示」——等效替代法在力的合成实验中的体现；别名逐字含本材料标题，保留。,slice-91
PHYSICS,等效替代法,phys-mo-l06-force-composition-b,等效替代法,,KEEP,「若一个力单独作用的效果与几个力共同作用的效果相同，该力为那几个力的合力」「合力与分力是等效替代关系」——即等效替代思想；别名逐字含『合力与分力』，保留。,slice-91
PHYSICS,等效重力场的相关知识点及解释,ext-phy-fc06cacb9f-006b,等效重力场的相关知识点及解释,,KEEP,「能维持圆周运动的条件是能通过最高点，但这里的最高点不一定是几何最高点，而应是物理最高点，即等效重力场中位置最高的那一点」——现绑别名逐字含本题名。,slice-91
PHYSICS,简谐运动,ext-phy-4765c198af-010,简谐运动,,KEEP,「看下一时刻的位移：下一时刻位移若增加，质点正远离平衡位置」「回复力与加速度的方向总与位移方向相反、指向平衡位置」——由振动图像判断振动方向与回复力/加速度方向，属现绑『简谐运动』。,slice-91
PHYSICS,简谐运动,ext-phy-aefbfe2040-004,简谐运动,,KEEP,「图像上各点切线的斜率的绝对值和正负分别表示该时刻质点的速度大小和方向」——由振动图像获取信息，属现绑；库内『由简谐运动图像获取信息』等薄节点同族，重叠留待节点级处理。,slice-91
PHYSICS,简谐运动,ext-phy-aefbfe2040-005,简谐运动,,KEEP,「某时刻质点的回复力和加速度的方向——回复力总是指向平衡位置」「物体向平衡位置运动时速度增大、加速度减小、动能增大」——振动图像的信息提取与逐段分析，属现绑（同上，兄弟薄节点重叠）。,slice-91
PHYSICS,类比-创新-极限等物理思维考查,ext-phy-2248b2c9f7-007,类比-创新-极限等物理思维考查,,KEEP,「在平面内再固定一个负点电荷——匀速圆周运动——洛伦兹力和库仑力的合力提供向心力」「要点：类比推理是处理这类复合场问题的关键，把库仑力当作万有引力、把点电荷当作中心天体」——类比与模型建构，属现绑『类比、创新、极限等物理思维考查』（别名逐字含本标题）。,slice-91
PHYSICS,系统误差,phys-hj-057-pulley-m-condition,系统误差,,KEEP,「只有当小车及车上钩码总质量 $M$ 远大于槽码总质量 $m$ 时，绳的拉力才近似等于槽码重力」「实际拉力 $F=M·mg/(M+m)$ 略小于 $mg$」——由 mg 代替拉力引起的系统误差，现绑别名逐字含；备选『探究加速度与力、质量的关系实验』，按误差口径保留。,slice-91
PHYSICS,系统误差,phys-hj2-dianbiao-neizu-yizhi-jingque-cezu,系统误差,,KEEP,「电流表外接时：$I=I_x+I_V=I_x+U/R_V$，故真实值 $R_x=U/(I-U/R_V)$」——用电表已知内阻修正系统误差，现绑『系统误差』别名逐字含本条标题，保留。,slice-91
PHYSICS,纯电阻电路和非纯电阻电路的处理,ext-phy-504a241474-003,纯电阻电路和非纯电阻电路的处理,,KEEP,「非纯电阻电路：电功与电热 W=UIt=E其他+Q，Q=I²Rt；电功率与热功率 P电=UI>P热=I²R」「求电动机的机械功率可用 P机=P电-P热」——正对现绑边界『补充：电功和电热的比较』，保留。,slice-91
PHYSICS,纯电阻电路和非纯电阻电路的处理,ext-phy-bcef6e3e17-005b,纯电阻电路和非纯电阻电路的处理,,KEEP,「输入功率（总功率）P总=P入=UI」「热功率 P热=I²r（r 为电动机的内阻）」「三者关系：P总=P出+P热」——电动机三功率，现绑边界含『含电动机的电路能量转化分析』，别名逐字含本题名，保留。,slice-91
PHYSICS,纯电阻电路和非纯电阻电路的处理,phys-kb-electric-work-power-heat,纯电阻电路和非纯电阻电路的处理,,KEEP,「电功 W=qU=UIt；电功率 P=UI；电热 Q=I²Rt」「纯电阻电路 W=Q…非纯电阻电路 W>Q，P=UI≠U²/R，欧姆定律不成立」——纯/非纯电阻的公式选用，现绑边界同点，别名逐字含本题名，保留。,slice-91
PHYSICS,纸带在力学实验中的应用分析,ext-phy-2ac3394660-014,纸带在力学实验中的应用分析,,KEEP,「水滴留下的痕迹相当于形成了特殊的纸带」——频闪照片与滴水装置等替代方案归入纸带处理，属现绑『纸带在力学实验中的应用分析』。,slice-91
PHYSICS,纸带在力学实验中的应用分析,ext-phy-33071c56c1-001c,纸带在力学实验中的应用分析,计时点与计数点,REBIND,「计时器直接打出来的各个点称为计时点…用来进行数据分析的点称为计数点」「每隔 4 个计时点选取 1 个计数点，」——靶『计时点与计数点』边界正即“每5个点/每隔4个点…都是0.1s”的易错点，已收同题材料两条。,slice-91
PHYSICS,结论法-串反并同-应用条件为电源内阻不为零,ext-phy-504a241474-007c,结论法-串反并同-应用条件为电源内阻不为零,闭合电路欧姆定律,REBIND,「由闭合电路欧姆定律 $U=E-Ir$ 可知，路端电压的变化量与干路电流的变化量之比恒等于电源内阻，即 $\frac{\Delta U}{\Delta I}=r$」——通篇 ΔU/ΔI 的物理意义；靶节点别名逐字含『ΔU/ΔI 的物理意义』且已收同题材料 311bab1429-042。,slice-91
PHYSICS,结论法-串反并同-应用条件为电源内阻不为零,ext-phy-b6bd732b19-125,结论法-串反并同-应用条件为电源内阻不为零,,KEEP,「在实际做题时，有时画圈会遇到圈的连法不唯一的情况，解题时具体连哪个圈取决于要分析谁」——串反并同法的画圈操作要点，别名逐字含『画圈的连法不唯一：按分析对象选圈』。,slice-91
PHYSICS,胡克定律,ext-phy-239b5e35c7-003,胡克定律,,KEEP,「**实验目的**：探究弹簧弹力与弹簧伸长量的定量关系，并学会用列表法和图像法处理实验数据」「若在误差允许范围内得到一条过原点的直线，则弹力与伸长量成正比」——原理与步骤；别名逐字含『…原理与步骤』，保留。,slice-91
PHYSICS,胡克定律,ext-phy-36ae4a8bb4-001,胡克定律,,KEEP,「在坐标轴上标明所代表物理量的符号与单位」「分析图象的斜率与截距的意义」——作图规范与斜率截距含义；别名逐字含『探究弹簧弹力与形变量关系的作图与数据处理』，保留。,slice-91
PHYSICS,胡克定律,ext-phy-59dd10c06b-002,胡克定律,,KEEP,「串联后弹簧的等效劲度系数比其中任意一根都小」「并联后弹簧的等效劲度系数比其中任意一根都大」——串并联等效劲度系数；边界逐字含“并含弹簧串联、并联的等效劲度系数”，保留。,slice-91
PHYSICS,胡克定律,ext-phy-59dd10c06b-015,胡克定律,,KEEP,「**实验原理**：在弹簧下端悬挂钩码，平衡时记下弹簧的总长度和钩码重力」「图像法：以弹簧的弹力 $F$ 为纵轴、弹簧的形变量 $x$ 为横轴描点」——原理与数据处理三法；别名逐字含『…原理与操作』，保留。,slice-91
PHYSICS,胡克定律,ext-phy-81ec357d7d-002,胡克定律,,KEEP,「弹簧下端悬挂钩码，平衡时弹簧产生的弹力与钩码的重力大小相等」「若图线弯曲，说明已超过弹性限度」——实验原理与弹性限度；别名逐字含『探究弹簧弹力与形变量关系的实验原理』，保留。,slice-91
PHYSICS,胡克定律,ext-phy-81ec357d7d-003,胡克定律,,KEEP,「把弹簧一端挂在铁架台上自然下垂，用刻度尺测出弹簧自然伸长时的长度 $l_0$，即弹簧原长」「每改变一次钩码数量都要等弹簧静止后读数」——操作步骤；别名逐字含『…操作步骤』，保留。,slice-91
PHYSICS,胡克定律,ext-phy-81ec357d7d-004,胡克定律,,KEEP,「以弹力 $F$（大小等于所挂钩码的重力）为纵坐标、以弹簧伸长量 $x$ 为横坐标，用描点法作图」「斜率即弹簧的劲度系数」——作图与数据处理；现绑别名逐字含『弹力与形变量关系的数据处理』，保留。,slice-91
PHYSICS,胡克定律,ext-phy-8a92a5c86e-002,胡克定律,,KEEP,「平衡时弹簧产生的弹力与所挂钩码的重力大小相等，因此可以用钩码的重力来量度弹簧的弹力」——实验原理；别名逐字含『探究弹簧弹力与形变量关系的实验原理』，保留。,slice-91
PHYSICS,胡克定律,ext-phy-8a92a5c86e-004,胡克定律,,KEEP,「用刻度尺测出弹簧自然伸长状态时的长度 $l_0$，即原长」「伸长量等于挂上钩码后的长度减去原长」——实验步骤；别名逐字含『探究弹簧弹力与形变量实验的步骤』，保留。,slice-91
PHYSICS,胡克定律,ext-phy-8a92a5c86e-005,胡克定律,,KEEP,「直线的斜率表示弹簧的劲度系数 $k$，即 $F=kx$」「若图线不过原点，往往是原长测量不准或弹簧自重造成的」——数据处理；别名逐字含『探究弹簧弹力与形变量实验的数据处理』，保留。,slice-91
PHYSICS,胡克定律,ext-phy-9142eeb79f-001,胡克定律,,KEEP,「取走一个盘子使整体重力减少 mg，三根弹簧的总弹力也减少 mg」「多根相同的弹簧并联时总劲度系数等于单根劲度系数的根数倍」——整体法分析托盘与盘子；边界逐字含该知识点，保留。,slice-91
PHYSICS,胡克定律,ext-phy-9142eeb79f-027,胡克定律,,KEEP,「①缓冲装置（固定在斜面上的玻璃管内放钢球压缩弹簧）测劲度系数」「用逐差法计算压缩量」——测劲度系数的实验与数据处理；别名逐字含『探究弹簧弹力与形变量关系的实验与数据处理』，保留。,slice-91
PHYSICS,胡克定律,ext-phy-97806d1368-001,胡克定律,,KEEP,「实验目的：探究弹簧弹力与弹簧形变量的定量关系」「把所测各组数据对应的点描出，用平滑的曲线连接起来」——实验原理；同名节点别名在册，保留。,slice-91
PHYSICS,胡克定律,ext-phy-97806d1368-005,胡克定律,,KEEP,「将弹簧水平放置或穿过一根水平光滑的直杆，在水平方向做实验，可以消除弹簧自重的影响」——测劲度系数的实验创新；现绑别名逐字含『测弹簧劲度系数的实验创新』，保留。,slice-91
PHYSICS,胡克定律,ext-phy-d50d629284-002,胡克定律,,KEEP,「因此可以用钩码的重力表示弹簧的弹力」「图线的斜率就是弹簧的劲度系数」——实验原理与数据处理；别名逐字含『探究弹簧弹力与形变量关系的实验原理与数据处理』，保留。,slice-91
PHYSICS,胡克定律,ext-phy-d50d629284-003,胡克定律,,KEEP,「不要超过弹簧的弹性限度」「只有在分析了点的分布和走向以后，才决定用直线来连接这些点」——实验注意事项；别名逐字含『探究弹簧弹力与形变量关系实验的注意事项』，保留。,slice-91
PHYSICS,胡克定律,ext-phy-da0bf5731b-001b,胡克定律,,KEEP,「数据处理：作F-x图象，斜率即劲度系数k，其中x为弹簧的形变量」「探究结果是胡克定律」——结论与数据处理，落现绑边界弹性限度内弹力与伸长量成正比，保留。,slice-91
PHYSICS,胡克定律,ext-phy-e14aad82a5-064,胡克定律,,KEEP,「等效劲度系数比任一根都小（越串越软）」「可与电阻的串并联作类比」——串并联等效劲度系数与记忆法；现绑边界逐字含该知识点，保留。,slice-91
PHYSICS,胡克定律,phys-hj3-spring-f-x-exp,胡克定律,,KEEP,「原理：弹簧竖直悬挂钩码静止时，弹力与钩码重力大小相等」「系统误差：弹簧自身重力使图线只是近似过原点」——实验要点，属现绑胡克定律探究实验族，保留。,slice-91
PHYSICS,胡克定律,phys-kb-spring-force-experiment,胡克定律,,KEEP,「数据处理：作 F-x 图像，斜率表示 k；x 为形变量」「图线后端弯曲说明超过弹性限度」——F-x 图像与弹性限度，现绑边界逐字含二者，保留。,slice-91
PHYSICS,能量观点-用动能定理和能量守恒观点解题-可处理非匀变速运动问题,phys-collision-ke-non-increase,能量观点-用动能定理和能量守恒观点解题-可处理非匀变速运动问题,碰撞的可能性分析,REBIND,引文订正：「碰撞中动能不增加：$p_1^2/(2m_1) + p_2^2/(2m_2) ≥ p_1'^2/(2m_1) + p_2'^2/(2m_2)$，等号对应弹性碰撞」——目标边界即『判断时最容易漏掉“总动能不增加”这一条』；现绑为动能定理方法节点。,slice-91
PHYSICS,能量观点-用动能定理和能量守恒观点解题-可处理非匀变速运动问题,phys-fx-blq-find-charge-displacement-time,能量观点-用动能定理和能量守恒观点解题-可处理非匀变速运动问题,动量定理在电磁感应中的应用,REBIND,引文订正：「电荷量：$q=\bar{I}\Delta t=\frac{\Delta\Phi}{R_总}$。」…「利用 $BLq$ 桥梁可求电荷量、位移，已知 q 或 x 且其他力为恒力时可求非匀变速运动时间」——动量定理处理电磁感应变加速的电荷量/位移/时间；目标边界即 $BLq$、$B^2L^2x/R_总$ 与 $F_{其他}Δt$。,slice-91
PHYSICS,能量观点-用动能定理和能量守恒观点解题-可处理非匀变速运动问题,phys-fx-two-way-reversible-motion,能量观点-用动能定理和能量守恒观点解题-可处理非匀变速运动问题,全程法与分段法,REBIND,「全过程加速度大小、方向不变时可全程列式」「$x、v$ 的正负号代表方向，须先规定正方向并说明意义」——通篇匀变速全程列式条件与符号，属『全程法与分段法』；现绑节点讲动能定理，正文无对应。,slice-91
PHYSICS,能量观点-用动能定理和能量守恒观点解题-可处理非匀变速运动问题,phys-hj2-dongneng-dingli-duoguocheng,能量观点-用动能定理和能量守恒观点解题-可处理非匀变速运动问题,,KEEP,「多过程：可对每一子过程分段列动能定理，也可对全过程列总功等于总动能变化」「变力做功：利用 $F-x$ 图像下的面积、或通过动能定理反求」——多过程与变力均在现绑『动能定理…非匀变速』范围内。,slice-91
PHYSICS,能量观点-用动能定理和能量守恒观点解题-可处理非匀变速运动问题,phys-hj2-wangfu-yundong-zonglucheng,能量观点-用动能定理和能量守恒观点解题-可处理非匀变速运动问题,,KEEP,「对全过程用动能定理——重力做功只看初末位置，摩擦力做功 $-f·s_{总}$」「解出总路程 $s_{总}$」——动能定理求往复总路程，属现绑（边界即用动能定理处理非匀变速）。,slice-91
PHYSICS,能量观点-用动能定理和能量守恒观点解题-可处理非匀变速运动问题,phys-hj3-work-energy-multiphase,能量观点-用动能定理和能量守恒观点解题-可处理非匀变速运动问题,,KEEP,「不涉及中间速度时全过程应用更简便」「始终与速度方向共线、大小恒定的阻力或摩擦力做的功等于力与路程的乘积」——动能定理多过程要点，属现绑。,slice-91
PHYSICS,能量观点-用动能定理和能量守恒观点解题-可处理非匀变速运动问题,phys-hj3-work-energy-reciprocating,能量观点-用动能定理和能量守恒观点解题-可处理非匀变速运动问题,,KEEP,「动能定理只涉及初、末状态，对全过程列式如 $W_重+W_阻=0-½mv_0^2$ 即可求总路程」——往复运动用动能定理，属现绑边界。,slice-91
PHYSICS,能量观点和动量观点的应用条件,ext-phy-eaca4e0487-005,能量观点和动量观点的应用条件,,KEEP,「求速度：根据动量守恒定律求解，研究对象为一个系统」——按研究对象选观点（系统用守恒、单体用动量定理），正是现绑“能量观点和动量观点的应用条件”。,slice-91
PHYSICS,能量转化-导体克服安培力做功-其他形式能转化为电能-最终转化为内能,ext-phy-6c6c77d797-023,能量转化-导体克服安培力做功-其他形式能转化为电能-最终转化为内能,,KEEP,「焦耳定律：Q=I²Rt，适用于电流恒定的情况」「功能关系：Q=W克安」「能量转化：Q=ΔE」——电磁感应求焦耳热；现绑边界『其他形式能转化为电能、最终转化为内能』（备选『求解电能的思路-x1』，见备注）。,slice-91
PHYSICS,能量转化-导体克服安培力做功-其他形式能转化为电能-最终转化为内能,ext-phy-a181a3ec86-009,能量转化-导体克服安培力做功-其他形式能转化为电能-最终转化为内能,,KEEP,「安培力做功可能与路径有关，这一点与静电力不同」「克服安培力做的功等于回路中产生的电能」——现绑别名逐字含本标题『安培力做功的特点和实质』。,slice-91
PHYSICS,能量转化-导体克服安培力做功-其他形式能转化为电能-最终转化为内能,phys-hj3-ampere-force-work-feature,能量转化-导体克服安培力做功-其他形式能转化为电能-最终转化为内能,,KEEP,「安培力做正功，电能（及其他形式的能）转化为机械能；安培力做负功（克服安培力做功），机械能转化为电能」——现绑边界『通过安培力做功，电能转化为导体的机械能』。,slice-91
PHYSICS,自感,phys-emf-average-instantaneous,自感,导体切割磁感线时的感应电动势,REBIND,「若 $v$ 为平均速度，则 $E$ 为平均感应电动势；若 $v$ 为瞬时速度，则 $E$ 为瞬时感应电动势」——与『导体切割磁感线时的感应电动势』边界“若v为平均值，E就是平均感应电动势”同点；现绑『自感』无关。,slice-91
PHYSICS,自感,phys-hj2-bianyaqi-erjiguan-fulian,自感,分析变压器电路的两点提醒,REBIND,「副线圈接二极管：利用单向导电性，只有半个周期有输出」「原线圈串联负载：变压器输入电压不等于电源电压」——正合『分析变压器电路的两点提醒』边界“分别针对副线圈含二极管与原线圈含串联元件两种改型电路”。,slice-91
PHYSICS,自感,phys-hj2-ce-e-r-zhuyi-shixiang,自感,测量电源电动势和内阻的实验,REBIND,「为使路端电压变化明显，选内阻大些的电池」「不要把电流调得过大，读完数据立即断电」——正合『测量电源电动势和内阻的实验』边界（读数后必须断电、电压变化范围太小说明内阻较小）；末点U-I图另近『伏安法…』。,slice-91
PHYSICS,自感,phys-hj2-citongliang-bianhua-sanqiufa,自感,法拉第电磁感应定律,REBIND,「仅面积变化：$ΔΦ=BΔS$，$E=nBΔS/Δt$」「面积和磁场同时变化：$ΔΦ=|B_2S_2-B_1S_1|$」——即磁通量变化时电动势的三种求法，同题材料前轮已判归『法拉第电磁感应定律』；现绑『自感』无关。,slice-91
PHYSICS,自感,phys-hj2-dianliu-cichang-anding-dingze,自感,安培定则,REBIND,「直线电流：右手握住导线，大拇指指向电流方向，四指弯曲方向为磁感线环绕方向」「环形电流、通电螺线管：四指指向电流方向，大拇指指向内部磁场」——即安培定则用法；同题材料『电流的磁场与安培定则的使用』已绑『安培定则』。,slice-91
PHYSICS,自感,phys-hj2-ganying-dongshi-dingyi,自感,法拉第电磁感应定律,REBIND,「定义：在电磁感应现象中产生的电动势」「产生条件：穿过回路的磁通量发生改变，与电路是否闭合无关」——感应电动势的定义与产生条件，属『法拉第电磁感应定律』域；现绑『自感』无关。,slice-91
PHYSICS,自感,phys-hj3-current-magnetic-field-three,自感,安培定则,REBIND,「直线电流的磁场：无磁极、非匀强，距导线越远处磁场越弱」「通电螺线管的磁场：与条形磁铁的磁场相似」——三种电流的磁场特点，同题材料『三种电流的磁场特点』已绑『安培定则』；现绑『自感』无关。,slice-91
PHYSICS,自感,phys-hj3-emf-vs-current-relation,自感,产生感应电流的条件,REBIND,「①有感应电动势，不一定有感应电流（电路不闭合）；②有感应电流，一定有感应电动势（电路闭合）」——即感应电流的成立条件；后半“感生电动势的两种情形”另属『法拉第电磁感应定律』；现绑『自感』无关。,slice-91
PHYSICS,自感,phys-induced-emf-b-changing,自感,法拉第电磁感应定律,REBIND,「当磁感应强度 $B$ 随时间 $t$ 变化时，产生的是感生电动势，求解公式为 $E=nS\frac{\Delta B}{\Delta t}$」——感生电动势求法；库内感生类材料统一绑『法拉第电磁感应定律』（TSV 无感生专节点）。,slice-91
PHYSICS,自感,phys-kb-two-emf-formulas-compare,自感,法拉第电磁感应定律,REBIND,「研究对象是整个回路，适用于一切电磁感应现象，一般求平均电动势」「研究对象是切割磁感线的那段导体，只适用于匀强磁场中的切割情形，一般求瞬时值」——正合『法拉第电磁感应定律』边界“求电动势的方法（变化率式、切割式）及平均值与瞬时值的区别”。,slice-91
PHYSICS,自感,phys-nonparallel-rails-dynamics,自感,导体切割磁感线时的感应电动势,REBIND,「回路电阻逐渐增大，安培力是阻力（方向与运动方向相反），导体棒做变速运动」「$E=Blv=2Bvr\tan\theta$」——不平行导轨的有效长度与电动势计算；同款『不平行（扇形）导轨的有效长度与回路电阻』已绑『导体切割磁感线时的感应电动势』。,slice-91
PHYSICS,自感现象的理解,ext-phy-a8cab79186-006b,自感现象的理解,,KEEP,「闭合瞬间：电容器相当于通路（正在充电），线圈相当于断路」「稳定后：电容器相当于断路」「线圈相当于导线」——现绑边界补充(1)『通电时…含线圈L的支路相当于断开』。,slice-91
PHYSICS,薄膜干涉,ext-phy-e14aad82a5-975,薄膜干涉,,KEEP,「光线垂直照射膜，在空气膜上下表面反射后叠加，形成圆形的同心圆环条纹」「外侧空气膜厚度变化快，条纹变密」——空气膜上下表面反射叠加即薄膜（等厚）干涉；保留（见notes）。,slice-91
PHYSICS,薄膜干涉的应用,phys-anti-reflection-coating,薄膜干涉的应用,,KEEP,「增透膜的厚度为透射光在薄膜中波长的 1/4，使薄膜前后两面的反射光的路程差为薄膜中波长的一半」——现绑边界(1)同句，别名逐字含本条标题。,slice-91
PHYSICS,薄膜干涉的应用,phys-hj3-anti-reflection-coating-flatness,薄膜干涉的应用,,KEEP,「增透膜的厚度为光在膜中波长的 1/4，使膜前后表面反射光的光程差为 λ/2 相互抵消」「条纹向劈尖（空气膜薄处）弯曲处表明表面凹陷」——现绑边界(1)(2)逐句对应。,slice-91
PHYSICS,质能方程-该式表明物体的能量和质量之间存在着密切的联系,phys-fx-mass-defect-nuclear-energy,质能方程-该式表明物体的能量和质量之间存在着密切的联系,,KEEP,「$1u$ 相当于 $931.5MeV$」——质量亏损求核能（ΔE=Δmc²、1u 对应 931.5MeV），现绑“质能方程”边界即“根据质量亏损计算核能”。,slice-91
PHYSICS,超重与失重的判断方法,ext-phy-e14aad82a5-590,超重与失重的判断方法,,KEEP,「超重：向上加速或向下减速，加速度向上，F−mg=ma」「完全失重：向下加速或向上减速且加速度为 g，此时 F=0」——现绑边界『只看加速度方向』与完全失重判据。,slice-91
PHYSICS,路程-物体运动轨迹的长度-只有大小-没有方向-是标量-其单位就是长度的单位,phys-hj2-baixian-yundong-guiji,路程-物体运动轨迹的长度-只有大小-没有方向-是标量-其单位就是长度的单位,摆线问题,REBIND,「摆线（旋轮线）由两个分运动合成：一个方向的匀速直线运动＋垂直平面内的匀速圆周运动；几何上等价于一个圆沿直线做无滑动滚动时，圆周上一点画出的曲线。」——靶别名含『摆线的定义与一拱的几何尺寸』；现绑『位移与路程』零对应。,slice-91
PHYSICS,路程-物体运动轨迹的长度-只有大小-没有方向-是标量-其单位就是长度的单位,phys-hj2-cuse-xiemian-mu-tantheta-fenjie,路程-物体运动轨迹的长度-只有大小-没有方向-是标量-其单位就是长度的单位,斜面模型,REBIND,「静止不动：$mgsinθ≤μmgcosθ$，即 $μ≥tanθ$，$a=0$」「加速下滑：$μ<tanθ$，$a=g(sinθ-μcosθ)$…5. 沿斜面减速上滑」——靶边界即『μ≥tanθ…加速下滑与减速上滑的加速度表达式不同』；现绑无涉。,slice-91
PHYSICS,路端电压与外电阻的关系,ext-phy-e14aad82a5-864,路端电压与外电阻的关系,,KEEP,「U外-I 图像是一条向右下方倾斜的直线，纵轴截距等于电源电动势 E，斜率的绝对值等于内阻 r」「随外电阻 R 增大，路端电压上升并逐渐趋近于 E」——路端电压的两个公式与两类图像，正对现绑边界，保留。,slice-91
PHYSICS,路端电压与外电阻的关系,phys-fault-check-principle,路端电压与外电阻的关系,电路的故障分析,REBIND,「无论用什么器材排查，示数都分为两种情况：一是示数为 0，二是示数很大」「电路中有电源时一般用电压表排查，无电源或电源断开时用电阻表排查」——排查器材选择与示数判读；靶节点别名即《用电流表、电压表判断电路故障》《电阻表（欧姆挡）排查故障的示数判读》，现绑『路端电压与外电阻的关系』无涉。,slice-91
PHYSICS,运动性质-匀变速曲线运动-加速度恒为重力加速度-g-大小方向不变,phys-fx-trough-vertical-weightlessness,运动性质-匀变速曲线运动-加速度恒为重力加速度-g-大小方向不变,超重与失重的判断方法,REBIND,「竖直方向加速度a_y决定超失重：a_y向下失重，为零等重，向上超重」「由系统牛顿第二定律（竖直分量）分析」——靶节点边界「加速度有竖直分量时即可按竖直分量判断」。,slice-91
PHYSICS,运动性质-匀变速曲线运动-加速度恒为重力加速度-g-大小方向不变,phys-hj2-danbai-ceg-yuanli-buzhou,运动性质-匀变速曲线运动-加速度恒为重力加速度-g-大小方向不变,用单摆测重力加速度的实验,REBIND,引文订正：「原理：偏角小于 $5°$ 时单摆可看成简谐运动」…「把摆球拉开小角度（不超过 $5°$）由静止释放，平稳后测 $30$～$50$ 次全振动总时间」——靶节点边界即此摆长与计时操作。,slice-91
PHYSICS,运动性质-匀变速曲线运动-加速度恒为重力加速度-g-大小方向不变,phys-hj2-dianchang-zonghe-dengxiao-zhongli-chang,运动性质-匀变速曲线运动-加速度恒为重力加速度-g-大小方向不变,等效重力场,REBIND,「先求重力与电场力的合力 $F_{合}$，视为等效重力；$a=F_{合}/m$ 视为等效重力加速度」「等效场中的“最高点”“最低点”由 $F_{合}$ 方向确定」——即等效重力场方法，属『等效重力场』（别名含等效重力场方法）。,slice-91
PHYSICS,运动性质-匀变速曲线运动-加速度恒为重力加速度-g-大小方向不变,phys-hj2-zhongli-dingyi-daxiao-fangxiang,运动性质-匀变速曲线运动-加速度恒为重力加速度-g-大小方向不变,重力,REBIND,「定义：由于地球吸引而使物体受到的力；重力是万有引力的一个分力，两极处重力等于万有引力」「方向：总是竖直向下（垂直于水平面），不一定指向地心」——即『重力』边界所列定义、大小与方向。,slice-91
PHYSICS,运动性质-匀变速曲线运动-加速度恒为重力加速度-g-大小方向不变,phys-hj2-zhongli-jiasudu-fa-qiuzhiliangmidu,运动性质-匀变速曲线运动-加速度恒为重力加速度-g-大小方向不变,自力更生法-求解地球-中心天体-质量,REBIND,「质量：由天体表面 $GMm/R^2=mg$ 得 $M=gR^2/G$」「密度：$ρ=M/(4πR^3/3)=3g/(4πGR)$」——表面重力（自力更生）法求天体质量与密度，属『自力更生法-求解地球-中心天体-质量』。,slice-91
PHYSICS,运动性质-匀变速曲线运动-加速度恒为重力加速度-g-大小方向不变,phys-hj2-zizhuan-kelue-yu-buneng-kelue,运动性质-匀变速曲线运动-加速度恒为重力加速度-g-大小方向不变,星体表面与上空的重力加速度,REBIND,引文订正：「除两极外重力都不等于万有引力；越靠近两极向心力越小，$g$ 越大」…「忽略自转时引力等于重力；不能忽略时引力分解为重力和自转向心力，$g$ 随纬度变化」——重力与万有引力关系；靶节点边界『只有忽略自转（或对星体表面的物体而言自转影响可略）时重力才等于万有引力；g 随高度增大而减小，随纬度升高而增大』。,slice-91
PHYSICS,运动性质-匀变速曲线运动-加速度恒为重力加速度-g-大小方向不变,phys-hj3-gravity-g-variation-direction,运动性质-匀变速曲线运动-加速度恒为重力加速度-g-大小方向不变,重力,REBIND,「重力加速度 $g$ 与物体所处的纬度和高度有关：赤道处 $g$ 最小，两极处 $g$ 最大」「重心是物体各部分所受重力的等效作用点」——g 的纬度高度变化与重心，属『重力』边界（大小方向与作用点重心）。,slice-91
PHYSICS,运动性质-匀变速曲线运动-加速度恒为重力加速度-g-大小方向不变,phys-hj3-measure-g-methods,运动性质-匀变速曲线运动-加速度恒为重力加速度-g-大小方向不变,测量重力加速度的实验方法,REBIND,引文订正：「光电门法：挡光片宽度 $d$ 除以挡光时间 $\Delta t$ 得平均速度近似瞬时速度」…「纸带法、光电门法、单摆法、频闪照相法等均可测」——测g的几种方法；靶节点别名含《测量重力加速度的四种方法》。,slice-91
PHYSICS,运动性质-匀变速曲线运动-加速度恒为重力加速度-g-大小方向不变,phys-hj3-pendulum-equivalent-g,运动性质-匀变速曲线运动-加速度恒为重力加速度-g-大小方向不变,单摆周期,REBIND,「在不同星球表面……g’=GM/R²」「单摆处于超重或失重状态时，g’分别为g+a和g-a」——对重力加速度的理解；靶节点边界①不同星球g不同②超重失重g0=g±a。,slice-91
PHYSICS,运动性质-匀变速曲线运动-加速度恒为重力加速度-g-大小方向不变,phys-hj3-pendulum-g-exp-notes,运动性质-匀变速曲线运动-加速度恒为重力加速度-g-大小方向不变,用单摆测重力加速度的实验,REBIND,「悬点位置不能变化，悬线顶端需用夹子夹住固定」「选择摆球摆到平衡位置（最低点）时开始计时，并数准全振动的次数」——正对『用单摆测重力加速度的实验』边界（悬点必须固定、最低点计时、摆角<5°）。,slice-91
PHYSICS,运动性质-匀变速曲线运动-加速度恒为重力加速度-g-大小方向不变,phys-kb-pendulum-period-formula,运动性质-匀变速曲线运动-加速度恒为重力加速度-g-大小方向不变,单摆,REBIND,「周期与振幅、摆球质量无关」「等效摆长：……双线摆l_等效=l·sinα」——单摆周期公式与适用条件；靶节点别名含《双线摆的等效摆长》。,slice-91
PHYSICS,运动性质-匀变速曲线运动-加速度恒为重力加速度-g-大小方向不变,phys-mo-l32-exp-pendulum-b,运动性质-匀变速曲线运动-加速度恒为重力加速度-g-大小方向不变,用单摆测重力加速度的实验,REBIND,「原理：单摆周期公式 $T=2\pi\sqrt{\frac{L}{g}}$，得 $g=\frac{4\pi^2L}{T^2}$；数据处理可用公式法或图像法」「摆长：待悬挂好球后再测，摆长等于摆线长加摆球半径」——教材原型单摆实验的原理与操作，属『用单摆测重力加速度的实验』。,slice-91
PHYSICS,运动性质-匀变速曲线运动-加速度恒为重力加速度-g-大小方向不变,phys-mo-l32-exp-pendulum-b-2,运动性质-匀变速曲线运动-加速度恒为重力加速度-g-大小方向不变,用单摆测重力加速度的创新设计,REBIND,「测量工具创新：光电门测周期、拉力传感器辅助测量、手机等现代科技手段」「实验结构创新不改变 $g=\frac{4\pi^2L}{T^2}$ 的核心原理」——正对『用单摆测重力加速度的创新设计』边界（创新核心仍是 T=2π√(l/g)）。,slice-91
PHYSICS,运动性质-匀变速曲线运动-加速度恒为重力加速度-g-大小方向不变,phys-mo-l32-exp-pendulum-e,运动性质-匀变速曲线运动-加速度恒为重力加速度-g-大小方向不变,用单摆测重力加速度的实验,REBIND,「误区：混淆摆长与绳长——摆长等于摆线长加摆球半径」——单摆测g实验易混点；靶节点边界「摆长是悬点到小球球心的距离（摆线长加半径）」。,slice-91
PHYSICS,运动性质-匀变速曲线运动-加速度恒为重力加速度-g-大小方向不变,phys-mo-l32-exp-pendulum-n,运动性质-匀变速曲线运动-加速度恒为重力加速度-g-大小方向不变,用单摆测重力加速度的实验,REBIND,「单摆要在竖直平面内摆动，不要形成圆锥摆，且摆角小于5°」「悬线长要待悬挂好球后再测，计算摆长时要将悬线长加上摆球半径」——单摆实验的操作要求，正对『用单摆测重力加速度的实验』边界（摆角<5°、摆长加半径、最低点计时、悬点固定）；现绑『运动性质』讲抛体运动。,slice-91
PHYSICS,运动性质-匀变速曲线运动-加速度恒为重力加速度-g-大小方向不变,phys-mo-l32-exp-pendulum-n2,运动性质-匀变速曲线运动-加速度恒为重力加速度-g-大小方向不变,用单摆测重力加速度的实验,REBIND,「摆线要选1 m左右、柔软不易伸长的细线，不要过长或过短」——单摆实验的器材要求，与计算注意事项（一）同源同讲；现绑『运动性质』讲抛体运动，同族材料归『用单摆测重力加速度的实验』（近重复节点见 notes）。,slice-91
PHYSICS,运动性质-匀变速曲线运动-加速度恒为重力加速度-g-大小方向不变,phys-multi-solution-field-direction-uncertain,运动性质-匀变速曲线运动-加速度恒为重力加速度-g-大小方向不变,带电粒子在磁场中运动的多解问题,REBIND,「只知道磁感应强度大小，而未具体指出磁感应强度方向时，由于磁感应强度方向不确定（垂直纸面向里或向外），洛伦兹力方向不同，形成多解」——属『带电粒子在磁场中运动的多解问题』（别名即含多解成因）；现绑『运动性质』讲抛体运动。,slice-91
PHYSICS,运动性质-匀变速曲线运动-加速度恒为重力加速度-g-大小方向不变,phys-rotating-circle-method,运动性质-匀变速曲线运动-加速度恒为重力加速度-g-大小方向不变,带电粒子在匀强磁场中运动的动态圆模型,REBIND,「各轨迹圆的圆心分布在以入射点为圆心、半径r=mv/qB的圆上」「让轨迹圆绕入射点旋转」——旋转圆模型；靶节点边界明列「旋转圆」模型处理方法。,slice-91
PHYSICS,运动性质-匀变速曲线运动-加速度恒为重力加速度-g-大小方向不变,phys-scaling-circle-method,运动性质-匀变速曲线运动-加速度恒为重力加速度-g-大小方向不变,带电粒子在匀强磁场中运动的动态圆模型,REBIND,「速度方向不变时，各轨迹圆的圆心位于同一条射线上，将轨迹圆逐渐放大或缩小，找出与边界相切……的临界轨迹」——放缩圆模型；靶节点边界明列「放缩圆」模型处理方法。,slice-91
PHYSICS,运动性质-匀变速曲线运动-加速度恒为重力加速度-g-大小方向不变,phys-zhong-li-fa-qiu-mi-du,运动性质-匀变速曲线运动-加速度恒为重力加速度-g-大小方向不变,自力更生法-求解地球-中心天体-质量,REBIND,「$\rho=\frac{M}{V}=\frac{M}{\frac{4}{3}\pi R^3}=\frac{3g}{4\pi GR}$」——由天体表面重力加速度求密度（黄金代换 GM=gR²），属『自力更生法-求解地球-中心天体-质量』（该节点已收《用表面重力加速度求中心天体质量与密度》）。,slice-91
PHYSICS,运动特征,ext-phy-649cc21639-002,运动特征,,KEEP,「速度方向沿轨迹在该点的切线方向；合力方向指向曲线弯曲的“凹”侧；运动轨迹一定夹在速度方向与合力方向之间」——速度、合力与轨迹三关系，属现绑『运动特征』（别名逐字含本标题）。,slice-91
PHYSICS,连接体中力的分配规律,phys-double-rod-smooth-constant-force,连接体中力的分配规律,电磁感应中的双棒模型,REBIND,「稳定时两杆以相同的加速度做匀加速运动」「稳定后回路电流恒定，两杆速度差恒定」——等距双杆的稳定条件，即靶『电磁感应中的双棒模型』边界（稳定条件讨论）；现绑『连接体中力的分配规律』讲共速连接体分配，无涉。,slice-91
PHYSICS,连接体问题,phys-ball-spring-conservation,连接体问题,滑块-小球-弹簧模型,REBIND,「系统动量守恒：$m_Av_0 = m_Av_1 + m_Bv_2$……若系统所受外力和除弹簧弹力以外的内力均不做功」——滑块（小球）—弹簧模型的两条守恒；靶『滑块-小球-弹簧模型』边界即此。现绑『连接体问题』只讲内外力概念。,slice-91
PHYSICS,追及问题的常见类型,phys-fx-chase-slow-chase-fast-conclusion,追及问题的常见类型,,KEEP,「速度相等时刻 $t_0$：追者比被追者多走 $\Delta x$」「$\Delta x=x_0$ 恰能追上（也是避撞临界）；$\Delta x<x_0$ 追不上」——即现绑边界(1)速度小者追速度大者；别名逐字含本标题『追不上型（前快后慢）的结论』。,slice-91
PHYSICS,适用情况-判断导线切割磁感线产生的感应电流方向,phys-kb-right-hand-rule,适用情况-判断导线切割磁感线产生的感应电流方向,,KEEP,「伸开右手，磁感线穿掌心，拇指指向导体运动方向，四指指向即为感应电流方向」「右手定则是楞次定律的特殊形式，只适用于切割情形」——右手定则即现绑『适用情况：判断导线切割磁感线产生的感应电流方向』。,slice-91
PHYSICS,逐差法原理,ext-phy-11ca6a09dc-013,逐差法原理,,KEEP,「若各位移差都等于恒量 aT²，则说明小车做匀变速直线运动，这也是逐差法求加速度的判断依据」——Δx=aT² 恒量即现绑『逐差法原理』（别名『匀变速运动的逐差规律』）的前提。,slice-91
PHYSICS,速度-速度的变化量-加速度的比较,ext-phy-3e93e59a6a-030,速度-速度的变化量-加速度的比较,,KEEP,「物理意义：速度描述物体运动的快慢和方向」「加速度描述速度变化的快慢。」——三个量的物理意义与公式，即现绑节点主题。,slice-91
PHYSICS,速度-速度的变化量-加速度的比较,ext-phy-3e93e59a6a-031,速度-速度的变化量-加速度的比较,,KEEP,「由a=F/m 知，a由合力F与质量m决定，与v、Δv、Δt均无关。」「匀变速直线运动中由v=v0+a」——三个量的决定因素，即现绑节点三者比较的核心结论。,slice-91
PHYSICS,速度定义-位移与发生这段位移所用时间之比-表示物体运动快慢的物理量-是过程量,phys-epx-graph-points,速度定义-位移与发生这段位移所用时间之比-表示物体运动快慢的物理量-是过程量,ep-x图像,REBIND,「根据 $W = Fx = −ΔE_p$，图像的切线斜率绝对值表示电场力大小」「根据 $E_p = qφ$ 可判断电势的高低」——通篇 Ep-x 图像读法；现绑『速度定义』零对应，改归『ep-x图像』（已收『Ep-x图像切线斜率的绝对值表示静电力』）。,slice-91
PHYSICS,速度定义-位移与发生这段位移所用时间之比-表示物体运动快慢的物理量-是过程量,phys-hj-048-belt-relative-displacement,速度定义-位移与发生这段位移所用时间之比-表示物体运动快慢的物理量-是过程量,传送带上的相对位移与划痕,REBIND,「相对位移大小为传送带与物块位移之差的绝对值」「反向时划痕长度等于较长一段的相对位移」——传送带问题中的相对位移与划痕；现绑『速度定义』零对应，改归同名节点。,slice-91
PHYSICS,速度定义-位移与发生这段位移所用时间之比-表示物体运动快慢的物理量-是过程量,phys-hj-068-displacement-path,速度定义-位移与发生这段位移所用时间之比-表示物体运动快慢的物理量-是过程量,位移,REBIND,「路程是轨迹的长度，为标量；位移是由初位置指向末位置的有向线段，为矢量」「单向直线运动中位移大小等于路程」——位移与路程的概念；现绑『速度定义』只讲速度，改归『位移』（已收『位移和路程』『路程与位移的区别』）。,slice-91
PHYSICS,速度定义-位移与发生这段位移所用时间之比-表示物体运动快慢的物理量-是过程量,phys-hj2-miaoshu-yuanzhou-wuliliang,速度定义-位移与发生这段位移所用时间之比-表示物体运动快慢的物理量-是过程量,圆周运动各物理量间的关系,REBIND,「线速度 $v$：矢量，沿圆弧切线方向，$v=s/t=2πr/T$，单位 m/s」「周期 $T$、频率 $f$、转速 $n$：$T=1/f=1/n$」——通篇描述圆周运动的各物理量及其关系；现绑『速度定义』（位移与时间之比）零对应，改归同名节点（已收《描述圆周运动的物理量及其关系》）。,slice-91
PHYSICS,速度定义-位移与发生这段位移所用时间之比-表示物体运动快慢的物理量-是过程量,phys-hj2-pengzhuang-helixing-panduan,速度定义-位移与发生这段位移所用时间之比-表示物体运动快慢的物理量-是过程量,碰撞的可能性分析,REBIND,「动量守恒：$p_1+p_2=p_1'+p_2'$」「动能不增加：$E_{k1}+E_{k2}≥E_{k1}'+E_{k2}'$」「（不能穿透）」——判断碰撞结果是否可能的三条判据；『碰撞的可能性分析』边界即『碰后速度方向与位置关系矛盾』，已收《判断碰撞可能性的三条判据》。,slice-91
PHYSICS,速度定义-位移与发生这段位移所用时间之比-表示物体运动快慢的物理量-是过程量,phys-hj3-xt-vt-image-compare,速度定义-位移与发生这段位移所用时间之比-表示物体运动快慢的物理量-是过程量,x-t图像-v-t图像-a-t图像的对比,REBIND,「斜率表示速度；纵截距表示初位置；交点表示相遇」「斜率表示加速度；纵截距表示初速度；图线与时间轴围成面积表示位移」——x-t 与 v-t 图像的比较；节点内已收『x-t图像与v-t图像的对比』。,slice-91
PHYSICS,速度定义-位移与发生这段位移所用时间之比-表示物体运动快慢的物理量-是过程量,phys-kb-displacement-vs-distance,速度定义-位移与发生这段位移所用时间之比-表示物体运动快慢的物理量-是过程量,位移,REBIND,「位移是矢量，只由初、末位置决定，与路径无关；路程是标量，由实际路径决定」——位移与路程的区别；现绑『速度定义』零对应，改归『位移』（已收『位移与路程』同族材料）。,slice-91
PHYSICS,速度定义-位移与发生这段位移所用时间之比-表示物体运动快慢的物理量-是过程量,phys-mo-l15-circular-motion-b,速度定义-位移与发生这段位移所用时间之比-表示物体运动快慢的物理量-是过程量,圆周运动各物理量间的关系,REBIND,「线速度沿切线方向；角速度描述绕圆心转动的快慢」「基本关系：$v=\omega r=\frac{2\pi r}{T}$，向心加速度 $a_n=\frac{v^2}{r}=\omega^2r$」——圆周运动各物理量及关系；现绑『速度定义』零对应，改归该节点（末句向心力另近『向心力』）。,slice-91
PHYSICS,速度定义-位移与发生这段位移所用时间之比-表示物体运动快慢的物理量-是过程量,phys-tp-energy-conservation-sustainability,速度定义-位移与发生这段位移所用时间之比-表示物体运动快慢的物理量-是过程量,能量守恒定律,REBIND,「能量守恒但能量耗散使可利用能源日益减少，故必须节约能源」「大力开发太阳能、风能等新能源，减少对化石能源的依赖」——能源的可持续利用与节能；『能量守恒定律』已收《能量守恒定律与能源的可持续利用》；现绑『速度定义』零对应。,slice-91
PHYSICS,速度定义-位移与发生这段位移所用时间之比-表示物体运动快慢的物理量-是过程量,phys-tuxiang-chuan-zhou-fang-xiang-gai-bian,速度定义-位移与发生这段位移所用时间之比-表示物体运动快慢的物理量-是过程量,x-t图像-v-t图像-a-t图像的对比,REBIND,「图线穿过横轴表示位移、速度、加速度方向改变（视图像类型对应不同物理量）」——x-t、v-t、a-t 三类图像的穿轴含义；现绑『速度定义』零对应，同族《两运动图线交点表示对应物理量相同》已归本节点。,slice-91
PHYSICS,速度定义-位移与发生这段位移所用时间之比-表示物体运动快慢的物理量-是过程量,phys-tuxiang-jiao-dian-wu-li-liang-xiang-tong,速度定义-位移与发生这段位移所用时间之比-表示物体运动快慢的物理量-是过程量,x-t图像-v-t图像-a-t图像的对比,REBIND,「x-t图交点表示两物体位置相同（相遇）；v-t图交点表示两物体速度相同；a-t图交点表示加速度相同」——三类图像交点含义的对比；现绑『速度定义』零对应，改归本节点（已收『三类常规运动学图像的读法对比』）。,slice-91
PHYSICS,速度定义-位移与发生这段位移所用时间之比-表示物体运动快慢的物理量-是过程量,phys-v2-x-xielv-jie-ju,速度定义-位移与发生这段位移所用时间之比-表示物体运动快慢的物理量-是过程量,非常规运动学图像,REBIND,「原理公式 $v^2-v_0^2=2ax$；图像为倾斜直线时 $k=2a$、$b=v_0^2$」——v²-x 是典型非常规运动学图像；节点内已收『v²-x 图像的分析』『四类非常规运动学图像的斜率与截距』。,slice-91
PHYSICS,速度定义-位移与发生这段位移所用时间之比-表示物体运动快慢的物理量-是过程量,phys-vt-mianji-wei-yi,速度定义-位移与发生这段位移所用时间之比-表示物体运动快慢的物理量-是过程量,v-t图像信息的读取方法,REBIND,「图线与轴围成的面积表示位移」「$0\sim t_1$ 内位移 $x=\frac{1}{2}(v_0+v_1)t_1$」——即 v-t 图像信息的读取（面积的含义）；现绑『速度定义』只讲速度，改归『v-t图像信息的读取方法』。,slice-91
PHYSICS,速度定义-位移与发生这段位移所用时间之比-表示物体运动快慢的物理量-是过程量,phys-x-bi-t-xielv-jie-ju,速度定义-位移与发生这段位移所用时间之比-表示物体运动快慢的物理量-是过程量,非常规运动学图像,REBIND,「图像为直线：$k=\frac{a}{2}$，$b=v_0$」——x/t-t 图像属非常规运动学图像；节点内已收『函数法处理 x/t - t 图像』『四类非常规运动学图像的斜率与截距』。,slice-91
PHYSICS,速度定义-位移与发生这段位移所用时间之比-表示物体运动快慢的物理量-是过程量,phys-x-bi-t2-1-t-xielv-jie-ju,速度定义-位移与发生这段位移所用时间之比-表示物体运动快慢的物理量-是过程量,非常规运动学图像,REBIND,「斜率 $k=-v_0$，纵截距 $b=\frac{a}{2}$（即 $a=2b$）」——x/t²-1/t 图像属非常规运动学图像；节点内已收『三种非常规运动学图像的斜率与截距』。,slice-91
PHYSICS,重力,ext-phy-9142eeb79f-003,重力,,KEEP,「选手手持划杆可使选手（含划杆）的重心下移，更易保持平衡，这是降低重心提高稳定性的实例」——重心与稳定性属现绑『重力』边界（作用点为重心）内的重心概念；后半受力分析要点系应用延伸，无更贴单点（保留理由见 notes）。,slice-91
PHYSICS,重力,phys-hj-027-force-composition-notes,重力,探究互成角度力的合成规律实验,REBIND,「弹簧测力计应与木板平行且沿轴线方向，指针拉杆不与纸面摩擦」「标度选取使图示适当大」——力的合成实验的操作与作图要求，属『探究互成角度力的合成规律实验』（边界即结点同位置、沿绳记录、同一标度）；现绑『重力』不含此内容（其边界一句系误绑回灌，见 notes）。,slice-91
PHYSICS,闭合电路欧姆定律,ext-phy-1a725b1f9c-007,闭合电路欧姆定律,,KEEP,「纵轴上的截距等于电源的电动势；横轴上的截距等于外电路短路时的电流」「图线斜率的绝对值等于电源的内阻」——电源 U-I 图像，属现绑（别名逐字含本题名）。,slice-91
PHYSICS,闭合电路欧姆定律,ext-phy-97f2929e14-004,闭合电路欧姆定律,,KEEP,「电动势 E＝W/q，数值上等于非静电力把 1 C 正电荷在电源内从负极移送到正极所做的功」「W＝UIt 与 P＝UI 对任何电路都适用」——恒定电流基础三则汇总；现绑别名含『电动势与闭合电路欧姆定律』『闭合电路与电功率公式汇编』，保留。,slice-91
PHYSICS,闭合电路欧姆定律,phys-emf-experiment-principle,闭合电路欧姆定律,,KEEP,「实验原理：闭合电路欧姆定律 $E = U + Ir$（$U$ 为路端电压，$I$ 为流过电源的电流，$Ir$ 为内电压）」——现绑边界自述可延伸至测电动势/内阻实验，别名逐字含本题名。,slice-91
PHYSICS,阿伏加德罗常数,ext-phy-4e2f064c7f-005,阿伏加德罗常数,,KEEP,「两类量之间通过阿伏加德罗常数 $N_{A}$ 建立联系」「一个分子的质量：$m_{0}=\dfrac{M_{\text{mol}}}{N_{A}}$」——宏观量与微观量的换算关系，别名原题在现绑。,slice-91
PHYSICS,阿伏加德罗常数,ext-phy-bca3ec1bd7-005,阿伏加德罗常数,,KEEP,「桥梁：阿伏加德罗常数是联系宏观物理量和微观物理量的桥梁」「一个分子的质量m0=M/NA；一个分子的体积V0=Vmol/NA」——联系微观与宏观的重要关系，与现绑『阿伏加德罗常数』边界同题。,slice-91
PHYSICS,阿伏加德罗常数,ext-phy-bca3ec1bd7-006,阿伏加德罗常数,,KEEP,「分子数：物体所含的分子数N=nNA，其中n为物质的量」「物质的量：n=m/M（由质量求）或n=V/Vmol（由体积求）」——宏观量与分子数的换算，正体现现绑『阿伏加德罗常数』的桥梁作用。,slice-91
PHYSICS,需要平衡摩擦力-为了使绳子拉力即合力,ext-phy-044888a025-006,需要平衡摩擦力-为了使绳子拉力即合力,,KEEP,「1. 开始实验前首先补偿阻力」「4. 一先一后一按：每次开始时小车应尽量靠近打点计时器，先接通电源后释放小车」——现绑别名逐字含『探究加速度实验的四条关键注意』。,slice-91
PHYSICS,需要平衡摩擦力-为了使绳子拉力即合力,ext-phy-305b1edf47-001b,需要平衡摩擦力-为了使绳子拉力即合力,,KEEP,「补偿阻力」「正式操作时槽码通过细绳绕过定滑轮系于小车上，先接通电源、后释放小车」——现绑别名逐字含『探究加速度实验的补偿阻力与操作顺序』。,slice-91
PHYSICS,需要平衡摩擦力-为了使绳子拉力即合力,ext-phy-bbe34064e5-089,需要平衡摩擦力-为了使绳子拉力即合力,,KEEP,「先不悬挂槽码，给小车一初速度，若小车恰能做匀速直线运动（纸带点迹均匀）即说明已平衡阻力」——正对现绑边界“平衡摩擦力操作”；别名含『实验器材、步骤与两条关键要领』。,slice-91
PHYSICS,需要平衡摩擦力-为了使绳子拉力即合力,ext-phy-d34f675c4f-003,需要平衡摩擦力-为了使绳子拉力即合力,,KEEP,「实验必须保证的条件是槽码的总质量远小于小车的质量，这样槽码的总重力才近似等于细绳对小车的拉力」——现绑别名逐字含『补偿阻力与实验条件』。,slice-91
PHYSICS,需要平衡摩擦力-为了使绳子拉力即合力,ext-phy-d80316cb42-002,需要平衡摩擦力-为了使绳子拉力即合力,,KEEP,「补偿阻力时不要把悬挂槽码的细绳系在小车上，要让小车拉着穿过打点计时器的纸带匀速运动」「实验过程中不用重复补偿阻力，只需在实验开始前做一次」——现绑别名含『补偿阻力与实验条件』。,slice-91
PHYSICS,需要平衡摩擦力-为了使绳子拉力即合力,ext-phy-f21c533751-006,需要平衡摩擦力-为了使绳子拉力即合力,,KEEP,「先补偿阻力」「不重复补偿」——现绑别名逐字含『探究加速度与力、质量关系的注意事项』。,slice-91
PHYSICS,静电力做功,phys-hj2-dianyuan-dongdongshi-liijie,静电力做功,电动势,REBIND,引文订正：「通过非静电力做功把其他形式能转化为电能的装置，维持正负极间电势差、保持持续电流」…「电动势在数值上等于非静电力把 1 C 正电荷从负极移到正极做的功」——通篇电动势的定义与决定因素；现绑『静电力做功』无涉，靶『电动势』边界即电动势物理意义及与电压相区别。,slice-91
PHYSICS,静电场的基本概念和规律,ext-phy-d625775dcf-010,静电场的基本概念和规律,等势面,REBIND,「等差等势面越密的地方电场强度越大」「在同一等势面上移动电荷时静电力不做功；电场线一定与等势面垂直」——靶节点边界即等势面定义与特点，材料标题同题。,slice-91
PHYSICS,静电场的基本概念和规律,ext-phy-d625775dcf-012c,静电场的基本概念和规律,带电粒子在电场中的运动,REBIND,「根据 v-t 图像中速度的变化、图线上某点切线斜率确定电荷所受静电力的方向与大小变化」——靶节点别名逐字含『v-t 图像分析带电粒子在电场中的运动』。,slice-91
PHYSICS,静电场的基本概念和规律,ext-phy-e14aad82a5-826,静电场的基本概念和规律,,KEEP,「电场力做功 WAB=EpA-EpB=qUAB，由此得 UAB=WAB/q」「匀强电场中 U=Ed，故电场强度可由 E=U/d 求解」——跨电势、电势差、场强的关系链，现绑为静电场总括节点。,slice-91
PHYSICS,静电场的基本概念和规律,phys-mo-l49-combined-fields-b,静电场的基本概念和规律,带电粒子在分离的电场、磁场中的运动形式,REBIND,「电场中：匀变速直线运动用牛顿第二定律、运动学公式、动能定理求解；类平抛（斜抛）用运动的分解与功能关系求解」「螺旋运动分解为直线运动与匀速圆周运动」——即靶节点的分离场运动形式。,slice-91
PHYSICS,非常规运动学图像,ext-phy-3756591d33-001,非常规运动学图像,,KEEP,「位置坐标图象…图线表示物体实际运动的路线」「位移—时间图象…图线的斜率表示速度」「位置坐标图象中的图线就是运动轨迹，而位移—时间图象中的图线不是轨迹」——x-y 位置坐标图象不属常见 x-t/v-t/a-t；《x-t图像》与《运动轨迹与运动图象的区别》各只覆盖其一半，属保留,slice-91
PHYSICS,非弹性碰撞和完全非弹性碰撞,ext-phy-19fc5c7fee-002,非弹性碰撞和完全非弹性碰撞,,KEEP,「发生**弹性碰撞**时机械能损失为零，物体 B 获得的速度**最大**」「发生**完全非弹性碰撞**时损失的机械能最多，物体 B 获得的速度**最小**」——被撞静止物体碰后速度范围，属现绑『非弹性碰撞和完全非弹性碰撞』及其与弹性碰撞的区分。,slice-91
PHYSICS,非弹性碰撞和完全非弹性碰撞,ext-phy-b6bd732b19-092,非弹性碰撞和完全非弹性碰撞,,KEEP,「$E_{损}=\frac{m_1m_2}{2(m_1+m_2)}(v_1-v_2)^2$」「损失的能量等于折合质量与碰前相对速度的平方乘积的一半」——折合质量法算完全非弹性碰撞机械能损失，同源 ext-phy-b6bd732b19-093 已判 KEEP 于现绑。,slice-91
PHYSICS,验证机械能守恒定律实验,ext-phy-e14aad82a5-184,验证机械能守恒定律实验,,KEEP,「应选点迹清晰且第 1、2 两点间距约为 2 mm 的纸带」「纸带上某点的瞬时速度等于相邻前后两点间的平均速度」——现绑边界明言最初两点间距明显大于2mm则不能作起始点，别名逐字同名，保留。,slice-91
