material_slug,from_node_slug,to_node_slug,evidence
bio-diurnal-sunset-stop-photosynthesis,光合作用与细胞呼吸过程-物质和能量的关系,光合作用的影响因素,光合作用肥节点材料按内容归属重绑
bio-hypothalamus-glucose-center,光合作用与细胞呼吸过程-物质和能量的关系,激素,光合作用肥节点材料按内容归属重绑
bio-cell-wall-fully-transparent,光合作用与细胞呼吸过程-物质和能量的关系,细胞壁,光合作用肥节点材料按内容归属重绑
bio-compensation-point-shift-rule,光合作用与细胞呼吸过程-物质和能量的关系,光合作用的影响因素,光合作用肥节点材料按内容归属重绑
bio-kb-free-bound-water-ratio-meaning,光合作用与细胞呼吸过程-物质和能量的关系,细胞中的水,光合作用肥节点材料按内容归属重绑
bio-kb-chromatin-chromosome-same-substance,光合作用与细胞呼吸过程-物质和能量的关系,细胞核的结构和功能,光合作用肥节点材料按内容归属重绑
bio-kb-organelle-definite-indefinite-judgment,光合作用与细胞呼吸过程-物质和能量的关系,细胞器的结构和功能,光合作用肥节点材料按内容归属重绑
bio-kb-respiration-quantity-ratios,光合作用与细胞呼吸过程-物质和能量的关系,有氧呼吸,光合作用肥节点材料按内容归属重绑
bio-kb-light-reaction-process,光合作用与细胞呼吸过程-物质和能量的关系,光反应,光合作用肥节点材料按内容归属重绑
bio-kb-element-transfer-in-photosynthesis,光合作用与细胞呼吸过程-物质和能量的关系,光合作用的原理,光合作用肥节点材料按内容归属重绑
bio-kb-chemosynthesis-vs-photosynthesis,光合作用与细胞呼吸过程-物质和能量的关系,光合作用,光合作用肥节点材料按内容归属重绑
bio-kb-mitochondria-chloroplast-independence-judgment,光合作用与细胞呼吸过程-物质和能量的关系,叶绿体,光合作用肥节点材料按内容归属重绑
bio-kb-differentiation-significance-and-division-relation,光合作用与细胞呼吸过程-物质和能量的关系,细胞的分化与全能性,光合作用肥节点材料按内容归属重绑
bio-kb-senescence-individual-relation,光合作用与细胞呼吸过程-物质和能量的关系,细胞衰老,光合作用肥节点材料按内容归属重绑
bio-kb-internal-env-and-health-links,光合作用与细胞呼吸过程-物质和能量的关系,内环境的稳态,光合作用肥节点材料按内容归属重绑
bio-kb2-02-water-properties,光合作用与细胞呼吸过程-物质和能量的关系,水,光合作用肥节点材料按内容归属重绑
bio-kb2-02-water-ratio-metabolism,光合作用与细胞呼吸过程-物质和能量的关系,细胞中的水,光合作用肥节点材料按内容归属重绑
bio-kb2-05-chromatin-chromosome,光合作用与细胞呼吸过程-物质和能量的关系,细胞核的结构和功能,光合作用肥节点材料按内容归属重绑
bio-kb2-06-organelle-certain-uncertain,光合作用与细胞呼吸过程-物质和能量的关系,细胞器的结构和功能,光合作用肥节点材料按内容归属重绑
bio-kb2-09-respiration-stoichiometry,光合作用与细胞呼吸过程-物质和能量的关系,有氧呼吸,光合作用肥节点材料按内容归属重绑
bio-kb2-10-element-tracing,光合作用与细胞呼吸过程-物质和能量的关系,光合作用的原理,光合作用肥节点材料按内容归属重绑
bio-kb2-10-chemosynthesis,光合作用与细胞呼吸过程-物质和能量的关系,光合作用,光合作用肥节点材料按内容归属重绑
bio-kb2-26-hormone-synergy-antagonism,光合作用与细胞呼吸过程-物质和能量的关系,激素,光合作用肥节点材料按内容归属重绑
bio-ecosystem-component-nonliving,光合作用与细胞呼吸过程-物质和能量的关系,生态系统的结构,光合作用肥节点材料按内容归属重绑
bio-fj-01-carbon-oxygen-balance,光合作用与细胞呼吸过程-物质和能量的关系,物质循环,光合作用肥节点材料按内容归属重绑
bio-fj-03-fiber-benefit,光合作用与细胞呼吸过程-物质和能量的关系,糖类,光合作用肥节点材料按内容归属重绑
bio-fj-05-chromatin-chromosome,光合作用与细胞呼吸过程-物质和能量的关系,细胞核的结构和功能,光合作用肥节点材料按内容归属重绑
bio-fj-07-liquid-level-difference,光合作用与细胞呼吸过程-物质和能量的关系,渗透作用,光合作用肥节点材料按内容归属重绑
bio-fj-08-atp-sources-organisms,光合作用与细胞呼吸过程-物质和能量的关系,atp的合成和利用,光合作用肥节点材料按内容归属重绑
bio-fj-09-respiration-ratios,光合作用与细胞呼吸过程-物质和能量的关系,有氧呼吸,光合作用肥节点材料按内容归属重绑
bio-fj-09-respiration-hub-metabolism,光合作用与细胞呼吸过程-物质和能量的关系,细胞呼吸概念-实质和意义,光合作用肥节点材料按内容归属重绑
bio-fj-10-element-transfer-path,光合作用与细胞呼吸过程-物质和能量的关系,光合作用的原理,光合作用肥节点材料按内容归属重绑
bio-fj-10-chemosynthesis-comparison,光合作用与细胞呼吸过程-物质和能量的关系,光合作用,光合作用肥节点材料按内容归属重绑
bio-fj-10-observed-vs-true-oxygen,光合作用与细胞呼吸过程-物质和能量的关系,光合作用的影响因素,光合作用肥节点材料按内容归属重绑
bio-fj-10-oxygen-from-catalase-too,光合作用与细胞呼吸过程-物质和能量的关系,光合作用,光合作用肥节点材料按内容归属重绑
bio-fj-11-whole-plant-co2-zero,光合作用与细胞呼吸过程-物质和能量的关系,影响光合作用强度的环境因素,光合作用肥节点材料按内容归属重绑
bio-fj-11-leaf-area-index,光合作用与细胞呼吸过程-物质和能量的关系,影响光合作用强度的环境因素,光合作用肥节点材料按内容归属重绑
bio-fj-12-surface-volume-ratio,光合作用与细胞呼吸过程-物质和能量的关系,细胞是基本的生命系统,光合作用肥节点材料按内容归属重绑
bio-fj-14-differentiation-degree-division,光合作用与细胞呼吸过程-物质和能量的关系,细胞的分化与全能性,光合作用肥节点材料按内容归属重绑
bio-fj-17-congenital-vs-genetic,光合作用与细胞呼吸过程-物质和能量的关系,人类遗传病,光合作用肥节点材料按内容归属重绑
bio-fj-24-plantissue-fluid-relationship,光合作用与细胞呼吸过程-物质和能量的关系,内环境,光合作用肥节点材料按内容归属重绑
bio-fj-06-er-mito-cooperation,光合作用与细胞呼吸过程-物质和能量的关系,细胞器的结构和功能,光合作用肥节点材料按内容归属重绑
bio-fj-12-cell-proliferation-meaning,光合作用与细胞呼吸过程-物质和能量的关系,细胞增殖,光合作用肥节点材料按内容归属重绑
bio-fj-14-cell-vs-individual-senescence,光合作用与细胞呼吸过程-物质和能量的关系,细胞衰老,光合作用肥节点材料按内容归属重绑
bio-fj-09-burning-vs-respiration,光合作用与细胞呼吸过程-物质和能量的关系,细胞呼吸概念-实质和意义,光合作用肥节点材料按内容归属重绑
bio-kb3-f3-s3-2-n10,光合作用与细胞呼吸过程-物质和能量的关系,atp的结构,光合作用肥节点材料按内容归属重绑
bio-kb3-f4-s47-n01,光合作用与细胞呼吸过程-物质和能量的关系,叶绿体,光合作用肥节点材料按内容归属重绑
bio-kb3-f4-s47-n02,光合作用与细胞呼吸过程-物质和能量的关系,叶绿体,光合作用肥节点材料按内容归属重绑
bio-kb3-f4-s47-n03,光合作用与细胞呼吸过程-物质和能量的关系,叶绿体,光合作用肥节点材料按内容归属重绑
bio-kb3-f4-s47-n04,光合作用与细胞呼吸过程-物质和能量的关系,叶绿体,光合作用肥节点材料按内容归属重绑
bio-kb3-f4-s47-n05,光合作用与细胞呼吸过程-物质和能量的关系,叶绿体,光合作用肥节点材料按内容归属重绑
bio-kb3-f4-s47-n06,光合作用与细胞呼吸过程-物质和能量的关系,叶绿体,光合作用肥节点材料按内容归属重绑
bio-kb3-f4-s47-n07,光合作用与细胞呼吸过程-物质和能量的关系,叶绿体,光合作用肥节点材料按内容归属重绑
bio-kb3-f4-s59-n08,光合作用与细胞呼吸过程-物质和能量的关系,细胞衰老,光合作用肥节点材料按内容归属重绑
bio-bacteria-cyanobacteria,光合作用与细胞呼吸过程-物质和能量的关系,原核细胞,光合作用肥节点材料按内容归属重绑
bio-fx-virus-materials-from-host,光合作用与细胞呼吸过程-物质和能量的关系,病毒,光合作用肥节点材料按内容归属重绑
bio-fx-cotransport-energy,光合作用与细胞呼吸过程-物质和能量的关系,主动运输,光合作用肥节点材料按内容归属重绑
bio-fx-action-potential-sodium,光合作用与细胞呼吸过程-物质和能量的关系,兴奋在神经纤维上的传导,光合作用肥节点材料按内容归属重绑
bio-fx-hbv-immune-process,光合作用与细胞呼吸过程-物质和能量的关系,细胞免疫,光合作用肥节点材料按内容归属重绑
bio-fx-interspecific-relations,光合作用与细胞呼吸过程-物质和能量的关系,群落的结构,光合作用肥节点材料按内容归属重绑
bio-fx-ecosystem-concept-components,光合作用与细胞呼吸过程-物质和能量的关系,生态系统的结构,光合作用肥节点材料按内容归属重绑
bio-fx-carbon-cycle-pathway,光合作用与细胞呼吸过程-物质和能量的关系,物质循环,光合作用肥节点材料按内容归属重绑
bio-fx-atp-adp-closed-loop,光合作用与细胞呼吸过程-物质和能量的关系,atp与adp的转化,光合作用肥节点材料按内容归属重绑
bio-mo-cell-engineering-055,光合作用与细胞呼吸过程-物质和能量的关系,胚胎工程,光合作用肥节点材料按内容归属重绑
bio-mo-cell-131,光合作用与细胞呼吸过程-物质和能量的关系,渗透作用,光合作用肥节点材料按内容归属重绑
bio-mo-cell-134,光合作用与细胞呼吸过程-物质和能量的关系,光合作用的影响因素,光合作用肥节点材料按内容归属重绑
bio-mo-cell-142,光合作用与细胞呼吸过程-物质和能量的关系,酶的作用,光合作用肥节点材料按内容归属重绑
bio-mo-cell-160,光合作用与细胞呼吸过程-物质和能量的关系,细胞呼吸概念-实质和意义,光合作用肥节点材料按内容归属重绑
bio-mo-cell-164,光合作用与细胞呼吸过程-物质和能量的关系,有氧呼吸,光合作用肥节点材料按内容归属重绑
bio-mo-cell-166,光合作用与细胞呼吸过程-物质和能量的关系,无氧呼吸,光合作用肥节点材料按内容归属重绑
bio-mo-cell-174,光合作用与细胞呼吸过程-物质和能量的关系,有氧呼吸,光合作用肥节点材料按内容归属重绑
bio-mo-cell-176,光合作用与细胞呼吸过程-物质和能量的关系,有氧呼吸,光合作用肥节点材料按内容归属重绑
bio-mo-cell-179,光合作用与细胞呼吸过程-物质和能量的关系,色素,光合作用肥节点材料按内容归属重绑
bio-mo-cell-180,光合作用与细胞呼吸过程-物质和能量的关系,叶绿体,光合作用肥节点材料按内容归属重绑
bio-mo-cell-181,光合作用与细胞呼吸过程-物质和能量的关系,暗反应,光合作用肥节点材料按内容归属重绑
bio-mo-cell-182,光合作用与细胞呼吸过程-物质和能量的关系,光合作用的影响因素,光合作用肥节点材料按内容归属重绑
bio-mo-cell-183,光合作用与细胞呼吸过程-物质和能量的关系,色素,光合作用肥节点材料按内容归属重绑
bio-mo-cell-184,光合作用与细胞呼吸过程-物质和能量的关系,光合作用的原理,光合作用肥节点材料按内容归属重绑
bio-mo-cell-185,光合作用与细胞呼吸过程-物质和能量的关系,影响光合作用强度的环境因素,光合作用肥节点材料按内容归属重绑
bio-mo-cell-186,光合作用与细胞呼吸过程-物质和能量的关系,光反应,光合作用肥节点材料按内容归属重绑
bio-mo-cell-187,光合作用与细胞呼吸过程-物质和能量的关系,光反应,光合作用肥节点材料按内容归属重绑
bio-mo-cell-188,光合作用与细胞呼吸过程-物质和能量的关系,光合作用的原理,光合作用肥节点材料按内容归属重绑
bio-mo-cell-189,光合作用与细胞呼吸过程-物质和能量的关系,光合作用,光合作用肥节点材料按内容归属重绑
bio-mo-cell-190,光合作用与细胞呼吸过程-物质和能量的关系,叶绿体,光合作用肥节点材料按内容归属重绑
bio-mo-cell-191,光合作用与细胞呼吸过程-物质和能量的关系,影响光合作用强度的环境因素,光合作用肥节点材料按内容归属重绑
bio-mo-cell-192,光合作用与细胞呼吸过程-物质和能量的关系,影响光合作用强度的环境因素,光合作用肥节点材料按内容归属重绑
bio-mo-cell-193,光合作用与细胞呼吸过程-物质和能量的关系,影响光合作用强度的环境因素,光合作用肥节点材料按内容归属重绑
bio-mo-membrane-transport-001,光合作用与细胞呼吸过程-物质和能量的关系,成熟植物细胞的吸水和失水,光合作用肥节点材料按内容归属重绑
bio-mo-membrane-transport-006,光合作用与细胞呼吸过程-物质和能量的关系,物质出入细胞的方式,光合作用肥节点材料按内容归属重绑
bio-mo-enzyme-002,光合作用与细胞呼吸过程-物质和能量的关系,酶的本质,光合作用肥节点材料按内容归属重绑
bio-mo-cell-respiration-004,光合作用与细胞呼吸过程-物质和能量的关系,无氧呼吸,光合作用肥节点材料按内容归属重绑
bio-photorespiration-protective-role,光合作用与细胞呼吸过程-物质和能量的关系,光呼吸,光合作用肥节点材料按内容归属重绑
bio-photorespiration-definition,光合作用与细胞呼吸过程-物质和能量的关系,光呼吸,光合作用肥节点材料按内容归属重绑
bio-protoplast-layer-semipermeable,细胞膜的结构和功能,质壁分离,细胞膜肥节点：材料实为其他知识点
bio-tumor-immunology-pd1,细胞膜的结构和功能,免疫系统的组成和功能,细胞膜肥节点：材料实为其他知识点
bio-kb-free-water-and-bound-water,细胞膜的结构和功能,细胞中的水,细胞膜肥节点：材料实为其他知识点
bio-kb-fat-structure-and-functions,细胞膜的结构和功能,细胞中的脂质,细胞膜肥节点：材料实为其他知识点
bio-kb-mitochondria-structure-function,细胞膜的结构和功能,线粒体,细胞膜肥节点：材料实为其他知识点
bio-kb-endoplasmic-reticulum-function,细胞膜的结构和功能,内质网,细胞膜肥节点：材料实为其他知识点
bio-kb-golgi-apparatus-function,细胞膜的结构和功能,高尔基体,细胞膜肥节点：材料实为其他知识点
bio-kb-lysosome-vacuole-functions,细胞膜的结构和功能,细胞器的结构和功能,细胞膜肥节点：材料实为其他知识点
bio-kb-trna-anticodon-structure-function,细胞膜的结构和功能,翻译,细胞膜肥节点：材料实为其他知识点
bio-kb2-02-free-bound-water,细胞膜的结构和功能,细胞中的水,细胞膜肥节点：材料实为其他知识点
bio-fj-03-sugar-by-function,细胞膜的结构和功能,糖类,细胞膜肥节点：材料实为其他知识点
bio-fj-06-mitochondrion-structure,细胞膜的结构和功能,线粒体,细胞膜肥节点：材料实为其他知识点
bio-fj-06-chloroplast-structure,细胞膜的结构和功能,叶绿体,细胞膜肥节点：材料实为其他知识点
bio-fj-06-endoplasmic-reticulum,细胞膜的结构和功能,内质网,细胞膜肥节点：材料实为其他知识点
bio-fj-06-golgi-apparatus,细胞膜的结构和功能,高尔基体,细胞膜肥节点：材料实为其他知识点
bio-fj-06-vacuole,细胞膜的结构和功能,液泡,细胞膜肥节点：材料实为其他知识点
bio-fj-06-lysosome-basic,细胞膜的结构和功能,溶酶体,细胞膜肥节点：材料实为其他知识点
bio-fj-06-centrosome,细胞膜的结构和功能,细胞器的结构和功能,细胞膜肥节点：材料实为其他知识点
bio-fj-06-structure-function-adaptation,细胞膜的结构和功能,细胞器的结构和功能,细胞膜肥节点：材料实为其他知识点
bio-fj-07-protoplast-layer,细胞膜的结构和功能,质壁分离,细胞膜肥节点：材料实为其他知识点
bio-fj-01-cell-structure-function-unit,细胞膜的结构和功能,细胞是基本的生命系统,细胞膜肥节点：材料实为其他知识点
bio-kb3-f5-s5-2-n02,细胞膜的结构和功能,atp的结构,细胞膜肥节点：材料实为其他知识点
bio-fx-sf-certain-uncertain,细胞膜的结构和功能,细胞器的结构和功能,细胞膜肥节点：材料实为其他知识点
bio-fx-cristae-grana-causality,细胞膜的结构和功能,细胞器的结构和功能,细胞膜肥节点：材料实为其他知识点
bio-fx-structure-question-template,细胞膜的结构和功能,细胞器的结构和功能,细胞膜肥节点：材料实为其他知识点
bio-fx-hiv-immune-collapse,细胞膜的结构和功能,免疫失调,细胞膜肥节点：材料实为其他知识点
bio-kb3-f3-s3-1-n09,细胞膜的结构和功能,细胞中的脂质,细胞膜肥节点：材料实为其他知识点
bio-mo-cell-151,细胞膜的结构和功能,atp的结构,细胞膜肥节点：材料实为其他知识点
bio-replication-eukaryote-multi-origin,减数分裂细胞中染色体-dna数量变化规律,dna的复制,减数分裂肥节点：材料实为其他知识点
bio-colchicine-mechanism,减数分裂细胞中染色体-dna数量变化规律,染色体变异-x1,减数分裂肥节点：材料实为其他知识点
bio-predator-prey-relationship,减数分裂细胞中染色体-dna数量变化规律,群落的结构,减数分裂肥节点：材料实为其他知识点
bio-kb-centromere-autonomous-division,减数分裂细胞中染色体-dna数量变化规律,有丝分裂,减数分裂肥节点：材料实为其他知识点
bio-kb-mitosis-number-change-rules,减数分裂细胞中染色体-dna数量变化规律,有丝分裂,减数分裂肥节点：材料实为其他知识点
bio-kb-dna-base-quantity-relations,减数分裂细胞中染色体-dna数量变化规律,dna的结构及特点,减数分裂肥节点：材料实为其他知识点
bio-kb-gene-dna-chromosome-relations,减数分裂细胞中染色体-dna数量变化规律,基因的本质,减数分裂肥节点：材料实为其他知识点
bio-kb2-17-gene-linear-arrangement,减数分裂细胞中染色体-dna数量变化规律,基因的本质,减数分裂肥节点：材料实为其他知识点
bio-fj-10-light-off-change,减数分裂细胞中染色体-dna数量变化规律,光合作用的影响因素,减数分裂肥节点：材料实为其他知识点
bio-fj-10-co2-off-change,减数分裂细胞中染色体-dna数量变化规律,光合作用的影响因素,减数分裂肥节点：材料实为其他知识点
bio-fj-12-doubling-timing,减数分裂细胞中染色体-dna数量变化规律,有丝分裂,减数分裂肥节点：材料实为其他知识点
bio-fj-12-mitosis-mistakes,减数分裂细胞中染色体-dna数量变化规律,有丝分裂,减数分裂肥节点：材料实为其他知识点
bio-fj-12-mitosis-number-table,减数分裂细胞中染色体-dna数量变化规律,有丝分裂,减数分裂肥节点：材料实为其他知识点
bio-fj-13-sex-identification,减数分裂细胞中染色体-dna数量变化规律,伴性遗传,减数分裂肥节点：材料实为其他知识点
bio-fj-17-gene-chromosome-relation,减数分裂细胞中染色体-dna数量变化规律,基因的本质,减数分裂肥节点：材料实为其他知识点
bio-fj-17-sex-chromosome-transmission,减数分裂细胞中染色体-dna数量变化规律,伴性遗传,减数分裂肥节点：材料实为其他知识点
bio-fj-20-base-pair-rules,减数分裂细胞中染色体-dna数量变化规律,dna的结构及特点,减数分裂肥节点：材料实为其他知识点
bio-fj-05-trypan-blue-viability,减数分裂细胞中染色体-dna数量变化规律,细胞是基本的生命系统,减数分裂肥节点：材料实为其他知识点
bio-fj-20-base-pair-rule-3-noncomplementary-inverse,减数分裂细胞中染色体-dna数量变化规律,dna的结构及特点,减数分裂肥节点：材料实为其他知识点
bio-fj-14-nuclear-changes-in-aging,减数分裂细胞中染色体-dna数量变化规律,细胞衰老,减数分裂肥节点：材料实为其他知识点
bio-kb3-f3-s3-2-n22,减数分裂细胞中染色体-dna数量变化规律,细胞器的结构和功能,减数分裂肥节点：材料实为其他知识点
bio-kb3-f4-s54-n09,减数分裂细胞中染色体-dna数量变化规律,有丝分裂,减数分裂肥节点：材料实为其他知识点
bio-segregation-law,减数分裂细胞中染色体-dna数量变化规律,分离定律,减数分裂肥节点：材料实为其他知识点
bio-fx-mitotic-labeling-rule,减数分裂细胞中染色体-dna数量变化规律,有丝分裂,减数分裂肥节点：材料实为其他知识点
bio-fx-fruit-flesh-chromosome-sets,减数分裂细胞中染色体-dna数量变化规律,染色体变异-x1,减数分裂肥节点：材料实为其他知识点
bio-fx-male-bee-sperm-sets,减数分裂细胞中染色体-dna数量变化规律,染色体变异-x1,减数分裂肥节点：材料实为其他知识点
bio-mo-gene-001,减数分裂细胞中染色体-dna数量变化规律,精子的形成过程,减数分裂肥节点：材料实为其他知识点
bio-mo-gene-002,减数分裂细胞中染色体-dna数量变化规律,同源染色体,减数分裂肥节点：材料实为其他知识点
bio-mo-gene-005,减数分裂细胞中染色体-dna数量变化规律,受精作用,减数分裂肥节点：材料实为其他知识点
bio-mo-gene-006,减数分裂细胞中染色体-dna数量变化规律,联会,减数分裂肥节点：材料实为其他知识点
bio-mo-gene-008,减数分裂细胞中染色体-dna数量变化规律,精子的形成过程,减数分裂肥节点：材料实为其他知识点
bio-mo-gene-014,减数分裂细胞中染色体-dna数量变化规律,染色体变异-x1,减数分裂肥节点：材料实为其他知识点
bio-mo-gene-016,减数分裂细胞中染色体-dna数量变化规律,受精作用,减数分裂肥节点：材料实为其他知识点
bio-mo-gene-120,减数分裂细胞中染色体-dna数量变化规律,染色体变异-x1,减数分裂肥节点：材料实为其他知识点
bio-kb-rna-multiple-functions,细胞的多样性和统一性,核酸,肥节点病理混合：材料实为其他知识点
bio-kb-stem-cell-concept-and-types,细胞的多样性和统一性,细胞的分化与全能性,肥节点病理混合：材料实为其他知识点
bio-kb-dna-diversity-specificity-stability,细胞的多样性和统一性,dna的双螺旋结构,肥节点病理混合：材料实为其他知识点
bio-kb2-04-nucleic-acid-diversity,细胞的多样性和统一性,核酸,肥节点病理混合：材料实为其他知识点
bio-kb2-30-neurotransmitter-caution,细胞的多样性和统一性,神经递质,肥节点病理混合：材料实为其他知识点
bio-fj-04-amino-acid-functions,细胞的多样性和统一性,氨基酸,肥节点病理混合：材料实为其他知识点
bio-fj-04-dna-diversity-specificity,细胞的多样性和统一性,dna的双螺旋结构,肥节点病理混合：材料实为其他知识点
bio-fj-06-cancer-cell-organelles,细胞的多样性和统一性,细胞癌变,肥节点病理混合：材料实为其他知识点
bio-fj-13-sperm-transformation,细胞的多样性和统一性,精子的形成过程,肥节点病理混合：材料实为其他知识点
bio-fj-14-stem-cells,细胞的多样性和统一性,细胞的分化与全能性,肥节点病理混合：材料实为其他知识点
bio-fj-20-dna-structure-three-traits,细胞的多样性和统一性,dna的双螺旋结构,肥节点病理混合：材料实为其他知识点
bio-fj-22-cancer-cell-features,细胞的多样性和统一性,细胞癌变,肥节点病理混合：材料实为其他知识点
bio-fj-13-gamete-diversity-random-fertilization,细胞的多样性和统一性,受精作用,肥节点病理混合：材料实为其他知识点
bio-kb3-f1-s1-2-n01,细胞的多样性和统一性,使用高倍显微镜观察细胞,肥节点病理混合：材料实为其他知识点
bio-kb3-f1-s1-2-n02,细胞的多样性和统一性,使用高倍显微镜观察细胞,肥节点病理混合：材料实为其他知识点
bio-kb3-f1-s1-2-n03,细胞的多样性和统一性,使用高倍显微镜观察细胞,肥节点病理混合：材料实为其他知识点
bio-kb3-f1-s1-2-n04,细胞的多样性和统一性,使用高倍显微镜观察细胞,肥节点病理混合：材料实为其他知识点
bio-kb3-f1-s1-2-n05,细胞的多样性和统一性,使用高倍显微镜观察细胞,肥节点病理混合：材料实为其他知识点
bio-kb3-f1-s1-2-n06,细胞的多样性和统一性,使用高倍显微镜观察细胞,肥节点病理混合：材料实为其他知识点
bio-kb3-f1-s1-2-n07,细胞的多样性和统一性,原核细胞和真核细胞,肥节点病理混合：材料实为其他知识点
bio-kb3-f1-s1-2-n08,细胞的多样性和统一性,原核细胞,肥节点病理混合：材料实为其他知识点
bio-kb3-f1-s1-2-n09,细胞的多样性和统一性,原核细胞和真核细胞,肥节点病理混合：材料实为其他知识点
bio-kb3-f1-s1-2-n10,细胞的多样性和统一性,原核细胞,肥节点病理混合：材料实为其他知识点
bio-kb3-f1-s1-2-n12,细胞的多样性和统一性,原核细胞,肥节点病理混合：材料实为其他知识点
bio-kb3-f1-s1-2-n13,细胞的多样性和统一性,原核细胞和真核细胞,肥节点病理混合：材料实为其他知识点
bio-kb3-f1-s1-2-n14,细胞的多样性和统一性,原核细胞和真核细胞,肥节点病理混合：材料实为其他知识点
bio-kb3-f1-s1-2-n15,细胞的多样性和统一性,原核细胞,肥节点病理混合：材料实为其他知识点
bio-kb3-f5-s5-2-n01,细胞的多样性和统一性,atp的结构,肥节点病理混合：材料实为其他知识点
bio-kb3-f5-s5-2-n03,细胞的多样性和统一性,atp的结构,肥节点病理混合：材料实为其他知识点
bio-kb3-f5-s5-2-n04,细胞的多样性和统一性,atp的结构,肥节点病理混合：材料实为其他知识点
bio-kb3-f5-s5-2-n05,细胞的多样性和统一性,atp的结构,肥节点病理混合：材料实为其他知识点
bio-kb3-f5-s5-2-n06,细胞的多样性和统一性,atp的结构,肥节点病理混合：材料实为其他知识点
bio-kb3-f5-s5-2-n07,细胞的多样性和统一性,atp与adp的转化,肥节点病理混合：材料实为其他知识点
bio-kb3-f5-s5-2-n08,细胞的多样性和统一性,atp与adp的转化,肥节点病理混合：材料实为其他知识点
bio-kb3-f5-s5-2-n11,细胞的多样性和统一性,atp与adp的转化,肥节点病理混合：材料实为其他知识点
bio-kb3-f5-s5-2-n12,细胞的多样性和统一性,atp的结构,肥节点病理混合：材料实为其他知识点
bio-kb3-f4-s59-n05,细胞的多样性和统一性,细胞衰老,肥节点病理混合：材料实为其他知识点
bio-fx-hormone-target-specificity,细胞的多样性和统一性,激素,肥节点病理混合：材料实为其他知识点
bio-mo-cell-007,细胞的多样性和统一性,使用高倍显微镜观察细胞,肥节点病理混合：材料实为其他知识点
bio-mo-cell-008,细胞的多样性和统一性,使用高倍显微镜观察细胞,肥节点病理混合：材料实为其他知识点
bio-mo-cell-009,细胞的多样性和统一性,使用高倍显微镜观察细胞,肥节点病理混合：材料实为其他知识点
bio-mo-cell-010,细胞的多样性和统一性,原核细胞和真核细胞,肥节点病理混合：材料实为其他知识点
bio-mo-cell-011,细胞的多样性和统一性,群落的演替,肥节点病理混合：材料实为其他知识点
bio-mo-cell-012,细胞的多样性和统一性,原核细胞,肥节点病理混合：材料实为其他知识点
bio-mo-cell-013,细胞的多样性和统一性,原核细胞和真核细胞,肥节点病理混合：材料实为其他知识点
bio-mo-cell-014,细胞的多样性和统一性,使用高倍显微镜观察细胞,肥节点病理混合：材料实为其他知识点
bio-mo-cell-135,细胞的多样性和统一性,酶的本质,肥节点病理混合：材料实为其他知识点
bio-mo-cell-136,细胞的多样性和统一性,酶的作用,肥节点病理混合：材料实为其他知识点
bio-mo-cell-138,细胞的多样性和统一性,酶的特性,肥节点病理混合：材料实为其他知识点
bio-mo-cell-139,细胞的多样性和统一性,酶的本质,肥节点病理混合：材料实为其他知识点
bio-mo-cell-140,细胞的多样性和统一性,酶的特性,肥节点病理混合：材料实为其他知识点
bio-mo-cell-143,细胞的多样性和统一性,影响酶促反应的因素分析,肥节点病理混合：材料实为其他知识点
bio-mo-cell-146,细胞的多样性和统一性,影响酶促反应的因素分析,肥节点病理混合：材料实为其他知识点
bio-photorespiration-o2-co2-dependence,细胞呼吸的影响因素及应用,光呼吸,肥节点病理混合：材料实为其他知识点
bio-kb2-07-transport-factors,细胞呼吸的影响因素及应用,物质出入细胞的方式,肥节点病理混合：材料实为其他知识点
bio-kb2-32-k-determinants,细胞呼吸的影响因素及应用,种群的数量变化,肥节点病理混合：材料实为其他知识点
bio-kb2-33-succession-nature,细胞呼吸的影响因素及应用,群落的演替,肥节点病理混合：材料实为其他知识点
bio-fj-08-temperature-enzyme-experiment,细胞呼吸的影响因素及应用,探究酶的专一性-高效性相关实验,肥节点病理混合：材料实为其他知识点
bio-fj-08-ph-enzyme-experiment,细胞呼吸的影响因素及应用,探究酶的专一性-高效性相关实验,肥节点病理混合：材料实为其他知识点
bio-fj-14-cell-necrosis,细胞呼吸的影响因素及应用,细胞的死亡,肥节点病理混合：材料实为其他知识点
bio-fj-22-mutation-effect-on-protein,细胞呼吸的影响因素及应用,基因突变,肥节点病理混合：材料实为其他知识点
bio-fj-33-human-impact-succession,细胞呼吸的影响因素及应用,群落的演替,肥节点病理混合：材料实为其他知识点
bio-fj-10-light-compensation-point,细胞呼吸的影响因素及应用,光合作用的影响因素,肥节点病理混合：材料实为其他知识点
bio-kb3-f5-s5-3-n06,细胞呼吸的影响因素及应用,原核细胞和真核细胞,肥节点病理混合：材料实为其他知识点
bio-kb3-f5-s5-1-n15,细胞呼吸的影响因素及应用,探究酶的专一性-高效性相关实验,肥节点病理混合：材料实为其他知识点
bio-kb3-f4-s32-n05,细胞呼吸的影响因素及应用,物质出入细胞的方式,肥节点病理混合：材料实为其他知识点
bio-kb3-f4-s33-n06,细胞呼吸的影响因素及应用,物质出入细胞的方式,肥节点病理混合：材料实为其他知识点
bio-kb3-f4-s38-n02,细胞呼吸的影响因素及应用,探究酶的专一性-高效性相关实验,肥节点病理混合：材料实为其他知识点
bio-kb3-f4-s38-n03,细胞呼吸的影响因素及应用,探究酶的专一性-高效性相关实验,肥节点病理混合：材料实为其他知识点
bio-kb3-f4-s38-n20,细胞呼吸的影响因素及应用,探究酶的专一性-高效性相关实验,肥节点病理混合：材料实为其他知识点
bio-kb3-f4-s38-n21,细胞呼吸的影响因素及应用,探究酶的专一性-高效性相关实验,肥节点病理混合：材料实为其他知识点
bio-fx-gravity-light-hormone-distribution,细胞呼吸的影响因素及应用,生长素的极性运输,肥节点病理混合：材料实为其他知识点
bio-fx-human-effect-on-succession,细胞呼吸的影响因素及应用,群落的演替,肥节点病理混合：材料实为其他知识点
bio-mo-environment-001,细胞呼吸的影响因素及应用,生态工程,肥节点病理混合：材料实为其他知识点
bio-mo-environment-002,细胞呼吸的影响因素及应用,生态工程,肥节点病理混合：材料实为其他知识点
bio-mo-environment-003,细胞呼吸的影响因素及应用,生态工程,肥节点病理混合：材料实为其他知识点
bio-mo-environment-004,细胞呼吸的影响因素及应用,生态工程,肥节点病理混合：材料实为其他知识点
bio-mo-environment-005,细胞呼吸的影响因素及应用,生态工程,肥节点病理混合：材料实为其他知识点
bio-mo-environment-006,细胞呼吸的影响因素及应用,生态工程,肥节点病理混合：材料实为其他知识点
bio-mo-cell-145,细胞呼吸的影响因素及应用,探究酶的专一性-高效性相关实验,肥节点病理混合：材料实为其他知识点
bio-kb-membrane-transport-factors-curves,影响酶促反应的因素分析,物质出入细胞的方式,肥节点病理混合：材料实为其他知识点
bio-kb-pigment-band-analysis,影响酶促反应的因素分析,色素,肥节点病理混合：材料实为其他知识点
bio-kb-chlorophyll-synthesis-factors,影响酶促反应的因素分析,色素,肥节点病理混合：材料实为其他知识点
bio-kb-light-dark-reaction-relation,影响酶促反应的因素分析,光合作用,肥节点病理混合：材料实为其他知识点
bio-kb2-10-pigment-bands,影响酶促反应的因素分析,色素,肥节点病理混合：材料实为其他知识点
bio-kb2-10-chlorophyll-synthesis-factors,影响酶促反应的因素分析,色素,肥节点病理混合：材料实为其他知识点
bio-kb2-10-light-dark-reaction,影响酶促反应的因素分析,光合作用,肥节点病理混合：材料实为其他知识点
bio-kb2-29-allergy,影响酶促反应的因素分析,免疫失调,肥节点病理混合：材料实为其他知识点
bio-fj-07-factors-affecting-transport,影响酶促反应的因素分析,物质出入细胞的方式,肥节点病理混合：材料实为其他知识点
bio-fj-10-light-dark-connection,影响酶促反应的因素分析,光合作用,肥节点病理混合：材料实为其他知识点
bio-fj-11-stomata-regulation-factors,影响酶促反应的因素分析,影响光合作用强度的环境因素,肥节点病理混合：材料实为其他知识点
bio-fj-02-felin-reaction-principle,影响酶促反应的因素分析,实验-检测生物组织中的糖类-脂肪和蛋白质,肥节点病理混合：材料实为其他知识点
bio-mo-gene-105,影响酶促反应的因素分析,基因突变,肥节点病理混合：材料实为其他知识点
bio-kb-cell-division-concept-and-ways,实验-观察根尖分生区组织细胞的有丝分裂,细胞增殖,肥节点病理混合：材料实为其他知识点
bio-fj-01-hooke-named-cell,实验-观察根尖分生区组织细胞的有丝分裂,细胞学说,肥节点病理混合：材料实为其他知识点
bio-fj-01-virchow-division,实验-观察根尖分生区组织细胞的有丝分裂,细胞学说,肥节点病理混合：材料实为其他知识点
bio-fj-06-organelle-distribution-special,实验-观察根尖分生区组织细胞的有丝分裂,细胞器的结构和功能,肥节点病理混合：材料实为其他知识点
bio-fj-06-root-tip-zone-organelles,实验-观察根尖分生区组织细胞的有丝分裂,细胞器的结构和功能,肥节点病理混合：材料实为其他知识点
bio-fj-12-daughter-cell-fates,实验-观察根尖分生区组织细胞的有丝分裂,细胞增殖,肥节点病理混合：材料实为其他知识点
bio-fj-24-tissue-lymph-positions,实验-观察根尖分生区组织细胞的有丝分裂,内环境,肥节点病理混合：材料实为其他知识点
bio-fj-12-cell-division-types,实验-观察根尖分生区组织细胞的有丝分裂,原核细胞和真核细胞,肥节点病理混合：材料实为其他知识点
bio-kb-amitosis-features-example,实验-观察根尖分生区组织细胞的有丝分裂,细胞增殖,肥节点病理混合：材料实为其他知识点
bio-fj-12-amitosis,实验-观察根尖分生区组织细胞的有丝分裂,细胞增殖,肥节点病理混合：材料实为其他知识点
bio-fx-judge-cytokinin-origin,实验-观察根尖分生区组织细胞的有丝分裂,其他植物激素,肥节点病理混合：材料实为其他知识点
bio-fx-centrosome-dynamic-position,实验-观察根尖分生区组织细胞的有丝分裂,细胞器的结构和功能,肥节点病理混合：材料实为其他知识点
bio-fx-callus-features,实验-观察根尖分生区组织细胞的有丝分裂,植物组织培养,肥节点病理混合：材料实为其他知识点
bio-mo-cell-engineering-011,实验-观察根尖分生区组织细胞的有丝分裂,植物组织培养,肥节点病理混合：材料实为其他知识点
bio-injection-method-scope,实验-检测生物组织中的糖类-脂肪和蛋白质,激素,肥节点病理混合：材料实为其他知识点
bio-ros-attack-membrane-protein,实验-检测生物组织中的糖类-脂肪和蛋白质,细胞的死亡,肥节点病理混合：材料实为其他知识点
bio-kb-vesicle-transport-principle,实验-检测生物组织中的糖类-脂肪和蛋白质,分泌蛋白的合成和运输,肥节点病理混合：材料实为其他知识点
bio-kb-temperature-enzyme-activity-experiment,实验-检测生物组织中的糖类-脂肪和蛋白质,探究酶的专一性-高效性相关实验,肥节点病理混合：材料实为其他知识点
bio-kb-proteinuria-and-edema-mechanism,实验-检测生物组织中的糖类-脂肪和蛋白质,内环境,肥节点病理混合：材料实为其他知识点
bio-kb2-04-protein-denaturation,实验-检测生物组织中的糖类-脂肪和蛋白质,蛋白质,肥节点病理混合：材料实为其他知识点
bio-kb2-06-protein-sorting,实验-检测生物组织中的糖类-脂肪和蛋白质,分泌蛋白的合成和运输,肥节点病理混合：材料实为其他知识点
bio-kb2-32-k-value-application,实验-检测生物组织中的糖类-脂肪和蛋白质,种群的数量变化,肥节点病理混合：材料实为其他知识点
bio-fj-04-gene-selective-expression-protein,实验-检测生物组织中的糖类-脂肪和蛋白质,基因的表达,肥节点病理混合：材料实为其他知识点
bio-fj-04-nucleic-protein-complex,实验-检测生物组织中的糖类-脂肪和蛋白质,核酸,肥节点病理混合：材料实为其他知识点
bio-fj-05-membrane-composition-ratio,实验-检测生物组织中的糖类-脂肪和蛋白质,细胞膜的结构和功能,肥节点病理混合：材料实为其他知识点
bio-fj-06-protein-sorting-signal-peptide,实验-检测生物组织中的糖类-脂肪和蛋白质,分泌蛋白的合成和运输,肥节点病理混合：材料实为其他知识点
bio-fj-19-tmv-experiment,实验-检测生物组织中的糖类-脂肪和蛋白质,dna是主要的遗传物质,肥节点病理混合：材料实为其他知识点
bio-fj-24-plasma-protein-difference,实验-检测生物组织中的糖类-脂肪和蛋白质,内环境,肥节点病理混合：材料实为其他知识点
bio-fj-24-tissue-edema-causes,实验-检测生物组织中的糖类-脂肪和蛋白质,内环境,肥节点病理混合：材料实为其他知识点
bio-fj-01-virus-protein-host-ribosome,实验-检测生物组织中的糖类-脂肪和蛋白质,病毒,肥节点病理混合：材料实为其他知识点
bio-fj-02-water-content-differs,实验-检测生物组织中的糖类-脂肪和蛋白质,细胞中的水,肥节点病理混合：材料实为其他知识点
bio-fj-03-blood-glucose-to-triglyceride,实验-检测生物组织中的糖类-脂肪和蛋白质,细胞中的脂质,肥节点病理混合：材料实为其他知识点
bio-fj-05-membrane-carb-2-10percent,实验-检测生物组织中的糖类-脂肪和蛋白质,细胞膜的结构和功能,肥节点病理混合：材料实为其他知识点
bio-fj-05-surface-tension-protein,实验-检测生物组织中的糖类-脂肪和蛋白质,细胞膜的结构和功能,肥节点病理混合：材料实为其他知识点
bio-fj-09-inner-membrane-enzyme-rich,实验-检测生物组织中的糖类-脂肪和蛋白质,线粒体,肥节点病理混合：材料实为其他知识点
bio-fj-08-sumner-urease-protein,实验-检测生物组织中的糖类-脂肪和蛋白质,酶的本质,肥节点病理混合：材料实为其他知识点
bio-kb3-f2-s2-4-n09,实验-检测生物组织中的糖类-脂肪和蛋白质,蛋白质,肥节点病理混合：材料实为其他知识点
bio-fx-cop-kdel-retrieval,实验-检测生物组织中的糖类-脂肪和蛋白质,分泌蛋白的合成和运输,肥节点病理混合：材料实为其他知识点
bio-fx-mucor-characters,实验-检测生物组织中的糖类-脂肪和蛋白质,传统发酵技术,肥节点病理混合：材料实为其他知识点
bio-fx-operon-negative-regulation,实验-检测生物组织中的糖类-脂肪和蛋白质,基因的表达,肥节点病理混合：材料实为其他知识点
bio-fx-judge-hormone-biuret,实验-检测生物组织中的糖类-脂肪和蛋白质,激素,肥节点病理混合：材料实为其他知识点
bio-fx-nitrogen-source-function,实验-检测生物组织中的糖类-脂肪和蛋白质,微生物的培养,肥节点病理混合：材料实为其他知识点
bio-mo-protein-003,实验-检测生物组织中的糖类-脂肪和蛋白质,蛋白质,肥节点病理混合：材料实为其他知识点
bio-exp-goal-sentence-pattern,实验-探究酵母菌细胞呼吸的方式,探究酶的专一性-高效性相关实验,肥节点病理混合：材料实为其他知识点
bio-kb-cell-communication-three-ways,实验-探究酵母菌细胞呼吸的方式,细胞膜的结构和功能,肥节点病理混合：材料实为其他知识点
bio-kb-ph-enzyme-activity-experiment,实验-探究酵母菌细胞呼吸的方式,探究酶的专一性-高效性相关实验,肥节点病理混合：材料实为其他知识点
bio-kb-photorespiration-features,实验-探究酵母菌细胞呼吸的方式,光呼吸,肥节点病理混合：材料实为其他知识点
bio-kb-genetic-disease-survey-method,实验-探究酵母菌细胞呼吸的方式,人类遗传病,肥节点病理混合：材料实为其他知识点
bio-kb2-08-temperature-enzyme-experiment,实验-探究酵母菌细胞呼吸的方式,探究酶的专一性-高效性相关实验,肥节点病理混合：材料实为其他知识点
bio-kb2-08-ph-enzyme-experiment,实验-探究酵母菌细胞呼吸的方式,探究酶的专一性-高效性相关实验,肥节点病理混合：材料实为其他知识点
bio-kb2-11-photorespiration,实验-探究酵母菌细胞呼吸的方式,光呼吸,肥节点病理混合：材料实为其他知识点
bio-kb2-30-reflex-arc-exploration,实验-探究酵母菌细胞呼吸的方式,反射弧,肥节点病理混合：材料实为其他知识点
bio-fj-01-jun-word-mistakes,实验-探究酵母菌细胞呼吸的方式,原核细胞,肥节点病理混合：材料实为其他知识点
bio-fj-05-cell-communication,实验-探究酵母菌细胞呼吸的方式,细胞膜的结构和功能,肥节点病理混合：材料实为其他知识点
bio-fj-10-photorespiration,实验-探究酵母菌细胞呼吸的方式,光呼吸,肥节点病理混合：材料实为其他知识点
bio-fj-01-yeast-budding-division,实验-探究酵母菌细胞呼吸的方式,细胞增殖,肥节点病理混合：材料实为其他知识点
bio-fx-exp-purpose-phrasing,实验-探究酵母菌细胞呼吸的方式,探究酶的专一性-高效性相关实验,肥节点病理混合：材料实为其他知识点
bio-fx-exp-hypothesis-writing,实验-探究酵母菌细胞呼吸的方式,探究酶的专一性-高效性相关实验,肥节点病理混合：材料实为其他知识点
bio-fx-apical-dominance-exp,实验-探究酵母菌细胞呼吸的方式,生长素,肥节点病理混合：材料实为其他知识点
bio-fx-photorespiration-mechanism,实验-探究酵母菌细胞呼吸的方式,光呼吸,肥节点病理混合：材料实为其他知识点
bio-fx-photorespiration-vs-respiration,实验-探究酵母菌细胞呼吸的方式,光呼吸,肥节点病理混合：材料实为其他知识点
bio-fj-32-cutworm-control-case,协同进化与生物多样性的形成,生态系统的稳定性,肥节点混入异类材料
bio-fj-21-transcription-process,细胞核的结构和功能,转录,肥节点混入异类材料
bio-mo-cell-106,细胞核的结构和功能,细胞膜的结构和功能,肥节点混入异类材料
bio-mo-cell-110,细胞核的结构和功能,细胞壁,肥节点混入异类材料
bio-kb-fat-vs-sugar-as-main-energy,dna是主要的遗传物质,细胞中的脂质,肥节点混入异类材料
bio-kb-energy-substance-classification,dna是主要的遗传物质,细胞中的糖类,肥节点混入异类材料
bio-kb-multigene-general-rules-table,dna是主要的遗传物质,自由组合定律,肥节点混入异类材料
bio-kb2-08-energy-materials-summary,dna是主要的遗传物质,细胞中的糖类,肥节点混入异类材料
bio-kb2-17-survey-genetic-disease,dna是主要的遗传物质,人类遗传病,肥节点混入异类材料
bio-fj-03-sugar-main-energy-reason,dna是主要的遗传物质,细胞中的糖类,肥节点混入异类材料
bio-fj-17-genetic-disease-survey,dna是主要的遗传物质,人类遗传病,肥节点混入异类材料
bio-fj-21-epigenetics-concept,dna是主要的遗传物质,基因的表达,肥节点混入异类材料
bio-kb3-f4-s57-n04,dna是主要的遗传物质,细胞的分化与全能性,肥节点混入异类材料
bio-gene-concept,dna是主要的遗传物质,基因的本质,肥节点混入异类材料
bio-nucleic-acid-functions,dna是主要的遗传物质,核酸,肥节点混入异类材料
bio-mo-gene-045,dna是主要的遗传物质,细胞增殖,肥节点混入异类材料
bio-mo-gene-046,dna是主要的遗传物质,细胞增殖,肥节点混入异类材料
bio-formula-actual-o2-production,用高倍显微镜观察叶绿体和细胞质的流动,光合作用的影响因素,肥节点混入异类材料
bio-formula-actual-co2-consumption,用高倍显微镜观察叶绿体和细胞质的流动,光合作用的影响因素,肥节点混入异类材料
bio-pedigree-cytoplasmic-inheritance,用高倍显微镜观察叶绿体和细胞质的流动,伴性遗传,肥节点混入异类材料
bio-photorespiration-sites,用高倍显微镜观察叶绿体和细胞质的流动,光呼吸,肥节点混入异类材料
bio-glycolysis-site-process,用高倍显微镜观察叶绿体和细胞质的流动,有氧呼吸,肥节点混入异类材料
bio-kb-pigment-absorption-spectrum,用高倍显微镜观察叶绿体和细胞质的流动,色素,肥节点混入异类材料
bio-kb-photosystem-electron-transfer-detail,用高倍显微镜观察叶绿体和细胞质的流动,光反应,肥节点混入异类材料
bio-fj-06-cytoplasm-matrix,用高倍显微镜观察叶绿体和细胞质的流动,细胞器的结构和功能,肥节点混入异类材料
bio-fj-06-mito-chloro-common,用高倍显微镜观察叶绿体和细胞质的流动,叶绿体,肥节点混入异类材料
bio-fj-06-organelle-optical-visible,用高倍显微镜观察叶绿体和细胞质的流动,细胞器的结构和功能,肥节点混入异类材料
bio-fj-06-water-soluble-vs-lipid-pigments,用高倍显微镜观察叶绿体和细胞质的流动,色素,肥节点混入异类材料
bio-fj-06-organelles-containing-nucleic-acid,用高倍显微镜观察叶绿体和细胞质的流动,细胞器的结构和功能,肥节点混入异类材料
bio-fj-06-replicable-organelles,用高倍显微镜观察叶绿体和细胞质的流动,细胞器的结构和功能,肥节点混入异类材料
bio-fj-10-dark-reaction-process,用高倍显微镜观察叶绿体和细胞质的流动,暗反应,肥节点混入异类材料
bio-fj-13-maternal-cytoplasmic-genes,用高倍显微镜观察叶绿体和细胞质的流动,伴性遗传,肥节点混入异类材料
bio-kb3-f5-s5-2-n13,用高倍显微镜观察叶绿体和细胞质的流动,暗反应,肥节点混入异类材料
bio-chloroplast-structure,用高倍显微镜观察叶绿体和细胞质的流动,叶绿体,肥节点混入异类材料
bio-semi-autonomous-organelles,用高倍显微镜观察叶绿体和细胞质的流动,细胞器的结构和功能,肥节点混入异类材料
bio-fx-maternal-vs-cytoplasmic,用高倍显微镜观察叶绿体和细胞质的流动,伴性遗传,肥节点混入异类材料
bio-fx-judge-metabolism-site,用高倍显微镜观察叶绿体和细胞质的流动,细胞是基本的生命系统,肥节点混入异类材料
bio-fx-photorespiration-benefit,用高倍显微镜观察叶绿体和细胞质的流动,光呼吸,肥节点混入异类材料
bio-mo-cell-membrane-006,用高倍显微镜观察叶绿体和细胞质的流动,细胞核的结构和功能,肥节点混入异类材料
bio-plasmolysis-curve-rising-hypotonic,动物细胞的吸水和失水,质壁分离,肥节点混入异类材料
bio-kb2-01-rbc-features,动物细胞的吸水和失水,细胞膜的结构和功能,肥节点混入异类材料
bio-fj-05-cholesterol-membrane,动物细胞的吸水和失水,细胞膜的结构和功能,肥节点混入异类材料
bio-fj-12-centrosome-aster-spindle,动物细胞的吸水和失水,有丝分裂,肥节点混入异类材料
bio-kb3-f3-s3-2-n09,动物细胞的吸水和失水,细胞器的结构和功能,肥节点混入异类材料
bio-kb3-f3-s3-2-n23,动物细胞的吸水和失水,细胞是基本的生命系统,肥节点混入异类材料
bio-kb3-f3-s3-2-n07,动物细胞的吸水和失水,细胞器的结构和功能,肥节点混入异类材料
bio-kb3-f4-s31-n01,动物细胞的吸水和失水,细胞是基本的生命系统,肥节点混入异类材料
bio-fx-cell-engineering-overview,动物细胞的吸水和失水,动物细胞培养,肥节点混入异类材料
bio-mo-cell-engineering-016,动物细胞的吸水和失水,动物细胞培养,肥节点混入异类材料
bio-mo-cell-engineering-017,动物细胞的吸水和失水,单克隆抗体,肥节点混入异类材料
bio-mo-cell-engineering-019,动物细胞的吸水和失水,细胞融合,肥节点混入异类材料
bio-mo-cell-engineering-020,动物细胞的吸水和失水,细胞融合,肥节点混入异类材料
bio-mo-cell-engineering-021,动物细胞的吸水和失水,单克隆抗体,肥节点混入异类材料
bio-mo-cell-engineering-022,动物细胞的吸水和失水,单克隆抗体,肥节点混入异类材料
bio-mo-cell-engineering-024,动物细胞的吸水和失水,动物细胞培养,肥节点混入异类材料
bio-mo-cell-engineering-025,动物细胞的吸水和失水,胚胎工程,肥节点混入异类材料
bio-mo-cell-engineering-026,动物细胞的吸水和失水,胚胎工程,肥节点混入异类材料
bio-mo-cell-engineering-029,动物细胞的吸水和失水,动物细胞培养,肥节点混入异类材料
bio-mo-cell-engineering-030,动物细胞的吸水和失水,动物细胞培养,肥节点混入异类材料
bio-mo-cell-engineering-032,动物细胞的吸水和失水,植物组织培养,肥节点混入异类材料
bio-mo-cell-engineering-033,动物细胞的吸水和失水,植物组织培养,肥节点混入异类材料
bio-mo-cell-engineering-034,动物细胞的吸水和失水,植物组织培养,肥节点混入异类材料
bio-mo-cell-engineering-035,动物细胞的吸水和失水,植物组织培养,肥节点混入异类材料
bio-mo-cell-engineering-036,动物细胞的吸水和失水,单克隆抗体,肥节点混入异类材料
bio-mo-cell-engineering-038,动物细胞的吸水和失水,胚胎工程,肥节点混入异类材料
bio-mo-cell-121,动物细胞的吸水和失水,主动运输,肥节点混入异类材料
bio-mo-gene-115,动物细胞的吸水和失水,细胞癌变,肥节点混入异类材料
bio-mo-cell-148,动物细胞的吸水和失水,细胞是基本的生命系统,肥节点混入异类材料
bio-mo-cell-209,动物细胞的吸水和失水,有丝分裂,肥节点混入异类材料
bio-mo-enzyme-008,动物细胞的吸水和失水,atp与adp的转化,肥节点混入异类材料
bio-kb-polygenic-chromosomal-diseases,基因位于染色体上的实验证据,人类遗传病,肥节点混入异类材料
bio-kb-semiconservative-replication-evidence,基因位于染色体上的实验证据,dna的复制,肥节点混入异类材料
bio-kb-epigenetics-types-detail,基因位于染色体上的实验证据,基因的表达,肥节点混入异类材料
bio-fj-02-mineral-deficiency-experiment,基因位于染色体上的实验证据,细胞中的无机盐,肥节点混入异类材料
bio-fj-08-verify-enzyme-nature,基因位于染色体上的实验证据,酶的本质,肥节点混入异类材料
bio-fj-15-test-cross-verification,基因位于染色体上的实验证据,测交,肥节点混入异类材料
bio-fj-15-testcross-purpose,基因位于染色体上的实验证据,测交,肥节点混入异类材料
bio-fj-20-semiconservative-evidence,基因位于染色体上的实验证据,dna的复制,肥节点混入异类材料
bio-fj-21-epigenetics-types,基因位于染色体上的实验证据,基因的表达,肥节点混入异类材料
bio-fj-23-x-linked-gene-frequency,基因位于染色体上的实验证据,伴性遗传,肥节点混入异类材料
bio-fj-08-optimal-temperature-measurement,基因位于染色体上的实验证据,影响酶促反应的因素分析,肥节点混入异类材料
bio-fx-auxin-produce-site-exp,基因位于染色体上的实验证据,生长素,肥节点混入异类材料
bio-fx-auxin-lateral-transport-exp,基因位于染色体上的实验证据,生长素的极性运输,肥节点混入异类材料
bio-fx-maternal-effect,基因位于染色体上的实验证据,伴性遗传,肥节点混入异类材料
bio-fx-x-linked-frequency,基因位于染色体上的实验证据,伴性遗传,肥节点混入异类材料
bio-fx-cam-ph-verification,基因位于染色体上的实验证据,光合作用,肥节点混入异类材料
bio-fx-chromosome-group-count-genotype,基因位于染色体上的实验证据,染色体变异-x1,肥节点混入异类材料
bio-fx-crossover-vs-translocation,基因位于染色体上的实验证据,染色体变异-x1,肥节点混入异类材料
bio-linkage,基因位于染色体上的实验证据,自由组合定律,肥节点混入异类材料
bio-kb3-f1-s1-1-n01,细胞是基本的生命系统,细胞学说,肥节点混入异类材料
bio-kb3-f1-s1-1-n02,细胞是基本的生命系统,细胞学说,肥节点混入异类材料
bio-kb3-f1-s1-1-n04,细胞是基本的生命系统,细胞学说,肥节点混入异类材料
bio-kb3-f1-s1-1-n05,细胞是基本的生命系统,细胞学说,肥节点混入异类材料
bio-mo-cell-001,细胞是基本的生命系统,细胞学说,肥节点混入异类材料
bio-mo-cell-005,细胞是基本的生命系统,细胞学说,肥节点混入异类材料
bio-fj-01-virus-no-metabolism,细胞是基本的生命系统,病毒,肥节点混入异类材料
bio-kb-cell-exchange-with-external-systems,细胞是基本的生命系统,内环境,肥节点混入异类材料
bio-fj-24-internal-env-saline-nature,细胞是基本的生命系统,内环境,肥节点混入异类材料
bio-mo-cell-094,细胞是基本的生命系统,线粒体,肥节点混入异类材料
bio-mo-cell-194,细胞是基本的生命系统,有丝分裂,肥节点混入异类材料
bio-mo-cell-195,细胞是基本的生命系统,有丝分裂,肥节点混入异类材料
bio-mo-cell-197,细胞是基本的生命系统,有丝分裂,肥节点混入异类材料
bio-mo-cell-198,细胞是基本的生命系统,有丝分裂,肥节点混入异类材料
bio-mo-cell-199,细胞是基本的生命系统,有丝分裂,肥节点混入异类材料
bio-mo-cell-203,细胞是基本的生命系统,有丝分裂,肥节点混入异类材料
bio-mo-cell-204,细胞是基本的生命系统,有丝分裂,肥节点混入异类材料
bio-mo-cell-205,细胞是基本的生命系统,有丝分裂,肥节点混入异类材料
bio-mo-cell-207,细胞是基本的生命系统,有丝分裂,肥节点混入异类材料
bio-mo-cell-211,细胞是基本的生命系统,有丝分裂,肥节点混入异类材料
bio-mo-cell-213,细胞是基本的生命系统,精子的形成过程,肥节点混入异类材料
bio-mo-cell-215,细胞是基本的生命系统,细胞的分化与全能性,肥节点混入异类材料
bio-mo-cell-217,细胞是基本的生命系统,细胞衰老,肥节点混入异类材料
bio-mo-cell-218,细胞是基本的生命系统,细胞凋亡,肥节点混入异类材料
bio-kb-sugar-classification-overview,组成细胞的元素,细胞中的糖类,肥节点混入异类材料
bio-fj-03-carbohydrate-elements,组成细胞的元素,细胞中的糖类,肥节点混入异类材料
bio-fj-02-carbohydrate-element-function,组成细胞的元素,细胞中的糖类,肥节点混入异类材料
bio-kb-lipid-elements-and-solubility,组成细胞的元素,细胞中的脂质,肥节点混入异类材料
bio-fj-03-lipid-elements-traits,组成细胞的元素,细胞中的脂质,肥节点混入异类材料
bio-fj-02-lipid-element-function,组成细胞的元素,细胞中的脂质,肥节点混入异类材料
bio-fj-24-body-fluid-composition,组成细胞的元素,内环境,肥节点混入异类材料
bio-fj-02-nucleic-acid-element-function,组成细胞的元素,核酸,肥节点混入异类材料
bio-mo-cell-018,组成细胞的元素,实验-检测生物组织中的糖类-脂肪和蛋白质,肥节点混入异类材料
bio-mo-cell-019,组成细胞的元素,实验-检测生物组织中的糖类-脂肪和蛋白质,肥节点混入异类材料
bio-mo-cell-020,组成细胞的元素,实验-检测生物组织中的糖类-脂肪和蛋白质,肥节点混入异类材料
bio-mo-cell-021,组成细胞的元素,实验-检测生物组织中的糖类-脂肪和蛋白质,肥节点混入异类材料
bio-mo-cell-049,组成细胞的元素,蛋白质,肥节点混入异类材料
bio-mo-cell-050,组成细胞的元素,蛋白质,肥节点混入异类材料
bio-mo-cell-052,组成细胞的元素,蛋白质,肥节点混入异类材料
bio-mo-cell-054,组成细胞的元素,蛋白质,肥节点混入异类材料
bio-mo-cell-055,组成细胞的元素,蛋白质,肥节点混入异类材料
bio-mo-cell-056,组成细胞的元素,蛋白质,肥节点混入异类材料
bio-mo-cell-057,组成细胞的元素,蛋白质,肥节点混入异类材料
bio-mo-cell-058,组成细胞的元素,蛋白质,肥节点混入异类材料
bio-mo-cell-059,组成细胞的元素,核酸,肥节点混入异类材料
bio-mo-cell-061,组成细胞的元素,核酸,肥节点混入异类材料
bio-mo-cell-064,组成细胞的元素,核酸,肥节点混入异类材料
bio-mo-cell-065,组成细胞的元素,核酸,肥节点混入异类材料
bio-mo-cell-066,组成细胞的元素,核酸,肥节点混入异类材料
bio-mo-cell-067,组成细胞的元素,核酸,肥节点混入异类材料
bio-kb3-f2-s2-3-n10,细胞中的糖类,细胞中的脂质,肥节点混入异类材料
bio-kb3-f2-s2-3-n11,细胞中的糖类,细胞中的脂质,肥节点混入异类材料
bio-kb3-f2-s2-3-n12,细胞中的糖类,细胞中的脂质,肥节点混入异类材料
bio-kb3-f2-s2-3-n13,细胞中的糖类,细胞中的脂质,肥节点混入异类材料
bio-kb3-f2-s2-3-n14,细胞中的糖类,细胞中的脂质,肥节点混入异类材料
bio-kb3-f2-s2-3-n16,细胞中的糖类,细胞中的脂质,肥节点混入异类材料
bio-mo-cell-037,细胞中的糖类,细胞中的脂质,肥节点混入异类材料
bio-mo-cell-040,细胞中的糖类,细胞中的脂质,肥节点混入异类材料
bio-mo-cell-042,细胞中的糖类,细胞中的脂质,肥节点混入异类材料
bio-mo-cell-045,细胞中的糖类,细胞中的脂质,肥节点混入异类材料
bio-mo-cell-046,细胞中的糖类,细胞中的脂质,肥节点混入异类材料
bio-mo-cell-236,细胞中的糖类,细胞中的脂质,肥节点混入异类材料
bio-mo-cell-237,细胞中的糖类,细胞中的脂质,肥节点混入异类材料
bio-fj-01-virus-replication,基因突变,病毒,肥节点混入异类材料
bio-fj-01-pro-mendel-variation,基因突变,原核细胞,肥节点混入异类材料
bio-fj-22-breeding-mutation,基因突变,育种,肥节点混入异类材料
bio-fx-mutation-breeding,基因突变,育种,肥节点混入异类材料
bio-mo-gene-099,基因突变,细胞癌变,肥节点混入异类材料
bio-mo-gene-104,基因突变,细胞癌变,肥节点混入异类材料
bio-mo-gene-100,基因突变,基因的本质,肥节点混入异类材料
bio-mo-gene-116,基因突变,基因的本质,肥节点混入异类材料
bio-mo-gene-111,基因突变,基因重组,肥节点混入异类材料
bio-mo-gene-113,基因突变,基因重组,肥节点混入异类材料
bio-mo-gene-117,基因突变,基因重组,肥节点混入异类材料
bio-fj-22-methylation-not-mutation,基因突变,基因的表达,肥节点混入异类材料
bio-growth-hormone-gh,分泌蛋白的合成和运输,激素,肥节点混入异类材料
bio-kb-carrier-vs-channel-protein,分泌蛋白的合成和运输,物质出入细胞的方式,肥节点混入异类材料
bio-kb-plasma-protein-vs-hemoglobin-judgment,分泌蛋白的合成和运输,内环境,肥节点混入异类材料
bio-kb2-07-carrier-channel-proteins,分泌蛋白的合成和运输,物质出入细胞的方式,肥节点混入异类材料
bio-fj-04-receptor-vs-carrier,分泌蛋白的合成和运输,细胞膜的结构和功能,肥节点混入异类材料
bio-fj-05-water-crossing-membrane,分泌蛋白的合成和运输,物质出入细胞的方式,肥节点混入异类材料
bio-fj-07-carrier-vs-channel,分泌蛋白的合成和运输,物质出入细胞的方式,肥节点混入异类材料
bio-fj-24-urea-origin-excretion,分泌蛋白的合成和运输,内环境,肥节点混入异类材料
bio-fx-leading-lagging-strands,分泌蛋白的合成和运输,dna的复制,肥节点混入异类材料
bio-mo-cell-129,分泌蛋白的合成和运输,物质出入细胞的方式,肥节点混入异类材料
bio-mo-membrane-transport-005,分泌蛋白的合成和运输,物质出入细胞的方式,肥节点混入异类材料
bio-golgi-function,分泌蛋白的合成和运输,高尔基体,肥节点混入异类材料
bio-er-function,分泌蛋白的合成和运输,内质网,肥节点混入异类材料
bio-fx-enzyme-antibody-transporter,分泌蛋白的合成和运输,蛋白质,肥节点混入异类材料
bio-kb-enzyme-high-efficiency,探究酶的专一性-高效性相关实验,酶的特性,肥节点混入异类材料
bio-kb-enzyme-specificity,探究酶的专一性-高效性相关实验,酶的特性,肥节点混入异类材料
bio-fj-08-specificity-definition,探究酶的专一性-高效性相关实验,酶的特性,肥节点混入异类材料
bio-kb2-08-enzyme-specificity-efficiency,探究酶的专一性-高效性相关实验,酶的特性,肥节点混入异类材料
bio-fj-08-efficiency-curve-compare,探究酶的专一性-高效性相关实验,酶的特性,肥节点混入异类材料
bio-kb3-f5-s5-1-n06,探究酶的专一性-高效性相关实验,酶的特性,肥节点混入异类材料
bio-kb3-f5-s5-1-n07,探究酶的专一性-高效性相关实验,酶的特性,肥节点混入异类材料
bio-kb3-f4-s37-n01,探究酶的专一性-高效性相关实验,酶的特性,肥节点混入异类材料
bio-kb3-f4-s37-n02,探究酶的专一性-高效性相关实验,酶的特性,肥节点混入异类材料
bio-kb3-f4-s37-n03,探究酶的专一性-高效性相关实验,酶的特性,肥节点混入异类材料
bio-fj-20-base-pair-rule-4-at-over-gc,生态系统的稳定性,dna的结构及特点,肥节点混入异类材料
bio-fx-dna-rna-sugar-stability,生态系统的稳定性,dna的结构及特点,肥节点混入异类材料
bio-mo-ecosystem-007,生态系统的稳定性,能量流动,肥节点混入异类材料
bio-mo-ecosystem-008,生态系统的稳定性,能量流动,肥节点混入异类材料
bio-mo-ecosystem-009,生态系统的稳定性,能量流动,肥节点混入异类材料
bio-mo-ecosystem-010,生态系统的稳定性,能量流动,肥节点混入异类材料
bio-mo-ecosystem-012,生态系统的稳定性,能量流动,肥节点混入异类材料
bio-mo-ecosystem-013,生态系统的稳定性,能量流动,肥节点混入异类材料
bio-mo-ecosystem-014,生态系统的稳定性,能量流动,肥节点混入异类材料
bio-mo-ecosystem-015,生态系统的稳定性,能量流动,肥节点混入异类材料
bio-mo-ecosystem-016,生态系统的稳定性,能量流动,肥节点混入异类材料
bio-mo-ecosystem-017,生态系统的稳定性,物质循环,肥节点混入异类材料
bio-mo-ecosystem-018,生态系统的稳定性,物质循环,肥节点混入异类材料
bio-mo-ecosystem-019,生态系统的稳定性,物质循环,肥节点混入异类材料
bio-mo-ecosystem-020,生态系统的稳定性,物质循环,肥节点混入异类材料
bio-mo-ecosystem-021,生态系统的稳定性,物质循环,肥节点混入异类材料
bio-mo-ecosystem-022,生态系统的稳定性,物质循环,肥节点混入异类材料
bio-mo-ecosystem-023,生态系统的稳定性,物质循环,肥节点混入异类材料
bio-mo-ecosystem-024,生态系统的稳定性,信息传递,肥节点混入异类材料
bio-mo-ecosystem-025,生态系统的稳定性,信息传递,肥节点混入异类材料
bio-mo-ecosystem-026,生态系统的稳定性,信息传递,肥节点混入异类材料
bio-mo-ecosystem-027,生态系统的稳定性,信息传递,肥节点混入异类材料
bio-mo-ecosystem-028,生态系统的稳定性,信息传递,肥节点混入异类材料
bio-mo-ecosystem-029,生态系统的稳定性,信息传递,肥节点混入异类材料
bio-mo-ecosystem-030,生态系统的稳定性,信息传递,肥节点混入异类材料
bio-mo-ecosystem-031,生态系统的稳定性,信息传递,肥节点混入异类材料
bio-kb-protoplast-vs-protoplast-layer,体液调节和神经调节的区别与联系,质壁分离,肥节点混入异类材料
bio-kb-synaptic-knob-vs-synapse-diff,体液调节和神经调节的区别与联系,突触,肥节点混入异类材料
bio-kb2-09-aerobic-anaerobic-relation,体液调节和神经调节的区别与联系,有氧呼吸,肥节点混入异类材料
bio-kb2-26-endocrine-vs-exocrine,体液调节和神经调节的区别与联系,内分泌系统,肥节点混入异类材料
bio-kb2-29-antigen-vs-allergen,体液调节和神经调节的区别与联系,抗原,肥节点混入异类材料
bio-fj-33-predation-vs-parasitism-detail,体液调节和神经调节的区别与联系,群落的结构,肥节点混入异类材料
bio-fj-07-protoplast-vs-protoplast-body,体液调节和神经调节的区别与联系,质壁分离,肥节点混入异类材料
bio-fj-22-translocation-vs-crossing-over,体液调节和神经调节的区别与联系,染色体变异-x1,肥节点混入异类材料
bio-fx-exp-result-vs-conclusion,体液调节和神经调节的区别与联系,探究酶的专一性-高效性相关实验,肥节点混入异类材料
bio-mo-hormone-011,体液调节和神经调节的区别与联系,甲状腺激素,肥节点混入异类材料
bio-mo-hormone-012,体液调节和神经调节的区别与联系,激素,肥节点混入异类材料
bio-mo-hormone-013,体液调节和神经调节的区别与联系,激素调节的特点,肥节点混入异类材料
bio-mo-hormone-014,体液调节和神经调节的区别与联系,胰岛素,肥节点混入异类材料
bio-mo-hormone-015,体液调节和神经调节的区别与联系,激素,肥节点混入异类材料
bio-mo-hormone-017,体液调节和神经调节的区别与联系,激素,肥节点混入异类材料
bio-mo-hormone-018,体液调节和神经调节的区别与联系,激素,肥节点混入异类材料
bio-mo-hormone-019,体液调节和神经调节的区别与联系,激素,肥节点混入异类材料
bio-mo-nerve-046,体液调节和神经调节的区别与联系,体温调节,肥节点混入异类材料
bio-mo-nerve-047,体液调节和神经调节的区别与联系,水和无机盐平衡的调节,肥节点混入异类材料
bio-mo-nerve-049,体液调节和神经调节的区别与联系,体温调节,肥节点混入异类材料
bio-mo-nerve-050,体液调节和神经调节的区别与联系,水和无机盐平衡的调节,肥节点混入异类材料
bio-mo-nerve-051,体液调节和神经调节的区别与联系,体温调节,肥节点混入异类材料
bio-mo-nerve-052,体液调节和神经调节的区别与联系,体温调节,肥节点混入异类材料
bio-mo-nerve-053,体液调节和神经调节的区别与联系,体温调节,肥节点混入异类材料
bio-mo-nerve-054,体液调节和神经调节的区别与联系,体温调节,肥节点混入异类材料
bio-mo-nerve-057,体液调节和神经调节的区别与联系,水和无机盐平衡的调节,肥节点混入异类材料
bio-plasmolysis-applicable-cells,成熟植物细胞的吸水和失水,质壁分离,肥节点混入异类材料
bio-kb-plant-cell-wall-traits,成熟植物细胞的吸水和失水,细胞壁,肥节点混入异类材料
bio-kb2-05-cell-wall,成熟植物细胞的吸水和失水,细胞壁,肥节点混入异类材料
bio-kb3-f3-s3-2-n12,成熟植物细胞的吸水和失水,细胞壁,肥节点混入异类材料
bio-kb3-f4-s22-n21,成熟植物细胞的吸水和失水,细胞壁,肥节点混入异类材料
bio-mo-cell-126,成熟植物细胞的吸水和失水,细胞壁,肥节点混入异类材料
bio-fj-05-communication-via-plasmodesmata,成熟植物细胞的吸水和失水,细胞膜的结构和功能,肥节点混入异类材料
bio-vacuole-function,成熟植物细胞的吸水和失水,液泡,肥节点混入异类材料
bio-fx-judge-gravity-statolith,成熟植物细胞的吸水和失水,环境因素参与调节植物的生命活动,肥节点混入异类材料
bio-mo-cell-engineering-001,成熟植物细胞的吸水和失水,植物组织培养,肥节点混入异类材料
bio-mo-cell-engineering-002,成熟植物细胞的吸水和失水,植物组织培养,肥节点混入异类材料
bio-mo-cell-engineering-004,成熟植物细胞的吸水和失水,植物组织培养,肥节点混入异类材料
bio-mo-cell-engineering-005,成熟植物细胞的吸水和失水,植物组织培养,肥节点混入异类材料
bio-mo-cell-engineering-006,成熟植物细胞的吸水和失水,植物组织培养,肥节点混入异类材料
bio-mo-cell-engineering-007,成熟植物细胞的吸水和失水,植物组织培养,肥节点混入异类材料
bio-mo-cell-engineering-009,成熟植物细胞的吸水和失水,植物组织培养,肥节点混入异类材料
bio-mo-cell-engineering-010,成熟植物细胞的吸水和失水,植物组织培养,肥节点混入异类材料
bio-mo-cell-engineering-057,成熟植物细胞的吸水和失水,植物组织培养,肥节点混入异类材料
bio-mo-cell-engineering-060,成熟植物细胞的吸水和失水,植物组织培养,肥节点混入异类材料
bio-mo-genetic-engineering-001,转基因生物的安全性,基因工程,肥节点归位
bio-mo-genetic-engineering-002,转基因生物的安全性,基因工程,肥节点归位
bio-mo-genetic-engineering-003,转基因生物的安全性,基因工程,肥节点归位
bio-mo-genetic-engineering-004,转基因生物的安全性,基因工程,肥节点归位
bio-mo-genetic-engineering-005,转基因生物的安全性,基因工程,肥节点归位
bio-mo-genetic-engineering-006,转基因生物的安全性,基因工程,肥节点归位
bio-mo-genetic-engineering-007,转基因生物的安全性,基因工程,肥节点归位
bio-mo-genetic-engineering-008,转基因生物的安全性,基因工程,肥节点归位
bio-mo-genetic-engineering-009,转基因生物的安全性,基因工程,肥节点归位
bio-mo-genetic-engineering-010,转基因生物的安全性,基因工程,肥节点归位
bio-mo-genetic-engineering-011,转基因生物的安全性,基因工程,肥节点归位
bio-mo-genetic-engineering-012,转基因生物的安全性,基因工程,肥节点归位
bio-mo-genetic-engineering-013,转基因生物的安全性,基因工程,肥节点归位
bio-mo-genetic-engineering-014,转基因生物的安全性,基因工程,肥节点归位
bio-mo-genetic-engineering-015,转基因生物的安全性,基因工程,肥节点归位
bio-mo-genetic-engineering-016,转基因生物的安全性,基因工程,肥节点归位
bio-mo-genetic-engineering-017,转基因生物的安全性,基因工程,肥节点归位
bio-mo-genetic-engineering-018,转基因生物的安全性,基因工程,肥节点归位
bio-mo-genetic-engineering-019,转基因生物的安全性,基因工程,肥节点归位
bio-mo-genetic-engineering-020,转基因生物的安全性,基因工程,肥节点归位
bio-mo-genetic-engineering-022,转基因生物的安全性,基因工程,肥节点归位
bio-mo-genetic-engineering-023,转基因生物的安全性,基因工程,肥节点归位
bio-mo-genetic-engineering-024,转基因生物的安全性,基因工程,肥节点归位
bio-mo-genetic-engineering-025,转基因生物的安全性,基因工程,肥节点归位
bio-mo-genetic-engineering-027,转基因生物的安全性,基因工程,肥节点归位
bio-mo-genetic-engineering-029,转基因生物的安全性,基因工程,肥节点归位
bio-mo-genetic-engineering-030,转基因生物的安全性,基因工程,肥节点归位
bio-mo-genetic-engineering-031,转基因生物的安全性,基因工程,肥节点归位
bio-mo-genetic-engineering-026,转基因生物的安全性,蛋白质工程,肥节点归位
bio-mo-genetic-engineering-028,转基因生物的安全性,蛋白质工程,肥节点归位
bio-kb-mutation-breeding-mutagenesis,光合作用的原理,育种,肥节点归位
bio-kb-cross-breeding-features,光合作用的原理,育种,肥节点归位
bio-kb2-22-breeding-methods,光合作用的原理,育种,肥节点归位
bio-fj-08-sweet-corn-blanch,光合作用的原理,酶的特性,肥节点归位
bio-kb3-f4-s29-n02,光合作用的原理,渗透作用,肥节点归位
bio-kb3-f4-s29-n03,光合作用的原理,渗透作用,肥节点归位
bio-fx-blue-white-screening,光合作用的原理,基因工程,肥节点归位
bio-membrane-selectivity,细胞膜成分和结构的探究历程,细胞膜的结构和功能,肥节点归位
bio-kb-plasma-membrane-preparation-method,细胞膜成分和结构的探究历程,细胞膜的结构和功能,肥节点归位
bio-kb-membrane-fluidity-examples,细胞膜成分和结构的探究历程,细胞膜的结构和功能,肥节点归位
bio-kb-organelle-membrane-classification,细胞膜成分和结构的探究历程,细胞器的结构和功能,肥节点归位
bio-kb-enzyme-nature-exploration-history,细胞膜成分和结构的探究历程,酶的本质,肥节点归位
bio-fj-08-enzyme-history,细胞膜成分和结构的探究历程,酶的本质,肥节点归位
bio-fj-10-photosynthesis-history,细胞膜成分和结构的探究历程,探索光合作用原理的部分实验,肥节点归位
bio-fj-05-four-membrane-proteins,细胞膜成分和结构的探究历程,细胞膜的结构和功能,肥节点归位
bio-fj-05-membrane-fluidity-examples,细胞膜成分和结构的探究历程,细胞膜的结构和功能,肥节点归位
bio-fj-05-membrane-nucleus-mistakes,细胞膜成分和结构的探究历程,细胞膜的结构和功能,肥节点归位
bio-fj-05-membrane-lipid-50percent,细胞膜成分和结构的探究历程,细胞膜的结构和功能,肥节点归位
bio-fj-05-communication-by-contact,细胞膜成分和结构的探究历程,细胞膜的结构和功能,肥节点归位
bio-mo-cell-engineering-043,细胞膜成分和结构的探究历程,受精作用,肥节点归位
bio-mo-cell-membrane-002,细胞膜成分和结构的探究历程,细胞膜的结构和功能,肥节点归位
bio-kb2-03-phospholipid-function,细胞的生物膜系统,细胞中的脂质,肥节点归位
bio-kb2-09-prokaryote-respiration,细胞的生物膜系统,原核细胞,肥节点归位
bio-fj-03-phospholipid-membrane,细胞的生物膜系统,细胞中的脂质,肥节点归位
bio-fj-zt-secreted-protein-unity,细胞的生物膜系统,分泌蛋白的合成和运输,肥节点归位
bio-mo-cell-062,细胞的生物膜系统,原核细胞和真核细胞,肥节点归位
bio-mo-cell-100,细胞的生物膜系统,原核细胞,肥节点归位
bio-mo-cell-214,细胞的生物膜系统,细胞的分化与全能性,肥节点归位
bio-mo-cell-219,细胞的生物膜系统,细胞衰老,肥节点归位
bio-mo-cell-225,细胞的生物膜系统,原核细胞,肥节点归位
bio-mo-organelle-001,细胞的生物膜系统,细胞器的结构和功能,肥节点归位
bio-mo-organelle-002,细胞的生物膜系统,细胞器的结构和功能,肥节点归位
bio-mo-organelle-003,细胞的生物膜系统,细胞器的结构和功能,肥节点归位
bio-mo-organelle-004,细胞的生物膜系统,细胞器的结构和功能,肥节点归位
bio-mo-organelle-005,细胞的生物膜系统,细胞器的结构和功能,肥节点归位
bio-photoinhibition-d1-inactivation,dna-rna-蛋白质等的水解产物和氧化产物-归纳总结,光合作用,肥节点归位
bio-aerobic-third-stage-site,dna-rna-蛋白质等的水解产物和氧化产物-归纳总结,有氧呼吸,肥节点归位
bio-kb-disaccharide-types-distribution,dna-rna-蛋白质等的水解产物和氧化产物-归纳总结,细胞中的糖类,肥节点归位
bio-kb-nucleic-acid-types-distribution,dna-rna-蛋白质等的水解产物和氧化产物-归纳总结,核酸,肥节点归位
bio-kb-nucleic-acid-hydrolysis-products,dna-rna-蛋白质等的水解产物和氧化产物-归纳总结,核酸,肥节点归位
bio-kb-enzyme-chemical-nature,dna-rna-蛋白质等的水解产物和氧化产物-归纳总结,酶的本质,肥节点归位
bio-kb-epigenetics-concept-and-features,dna-rna-蛋白质等的水解产物和氧化产物-归纳总结,基因的表达,肥节点归位
bio-kb2-03-disaccharide-hydrolysis,dna-rna-蛋白质等的水解产物和氧化产物-归纳总结,细胞中的糖类,肥节点归位
bio-kb2-04-nucleic-acid-distribution,dna-rna-蛋白质等的水解产物和氧化产物-归纳总结,核酸,肥节点归位
bio-fj-01-virus-one-nucleic-acid,dna-rna-蛋白质等的水解产物和氧化产物-归纳总结,病毒,肥节点归位
bio-fj-04-cooked-egg-digestion,dna-rna-蛋白质等的水解产物和氧化产物-归纳总结,蛋白质,肥节点归位
bio-fj-04-nucleic-acid-classes,dna-rna-蛋白质等的水解产物和氧化产物-归纳总结,核酸,肥节点归位
bio-fj-06-organelle-nucleic-acids,dna-rna-蛋白质等的水解产物和氧化产物-归纳总结,细胞器的结构和功能,肥节点归位
bio-fj-08-enzyme-nature,dna-rna-蛋白质等的水解产物和氧化产物-归纳总结,酶的本质,肥节点归位
bio-fj-12-interphase-features,dna-rna-蛋白质等的水解产物和氧化产物-归纳总结,有丝分裂,肥节点归位
bio-fj-04-collagen-suture,dna-rna-蛋白质等的水解产物和氧化产物-归纳总结,蛋白质,肥节点归位
bio-fj-21-reverse-transcription-features,dna-rna-蛋白质等的水解产物和氧化产物-归纳总结,中心法则,肥节点归位
bio-fj-21-rna-replication-features,dna-rna-蛋白质等的水解产物和氧化产物-归纳总结,中心法则,肥节点归位
bio-fj-04-dna-thorough-hydrolysis-products,dna-rna-蛋白质等的水解产物和氧化产物-归纳总结,核酸,肥节点归位
bio-fj-04-rna-thorough-hydrolysis-products,dna-rna-蛋白质等的水解产物和氧化产物-归纳总结,核酸,肥节点归位
bio-fj-04-starch-protein-hydrolysis-products,dna-rna-蛋白质等的水解产物和氧化产物-归纳总结,蛋白质,肥节点归位
bio-fj-08-hydrolase-enzyme-list,dna-rna-蛋白质等的水解产物和氧化产物-归纳总结,酶的本质,肥节点归位
bio-kb3-f2-s2-4-n08,dna-rna-蛋白质等的水解产物和氧化产物-归纳总结,蛋白质,肥节点归位
bio-kb3-f5-s5-1-n12,dna-rna-蛋白质等的水解产物和氧化产物-归纳总结,探究酶的专一性-高效性相关实验,肥节点归位
bio-kb3-f5-s5-1-n16,dna-rna-蛋白质等的水解产物和氧化产物-归纳总结,探究酶的专一性-高效性相关实验,肥节点归位
bio-fx-rna-primer-reason,dna-rna-蛋白质等的水解产物和氧化产物-归纳总结,dna的复制,肥节点归位
bio-kb-multigene-gamete-and-combination-calc,基因的表达,自由组合定律,肥节点归位
bio-kb-gene-linkage-and-crossing-over,基因的表达,自由组合定律,肥节点归位
bio-kb2-16-linkage-crossing-over,基因的表达,自由组合定律,肥节点归位
bio-fj-16-n-pair-gametes-formula,基因的表达,自由组合定律,肥节点归位
bio-fj-16-n-pair-f2-phenotype-formula,基因的表达,自由组合定律,肥节点归位
bio-fx-multiple-alleles-count,基因的表达,分离定律,肥节点归位
bio-mo-gene-130,染色体变异-x1,育种,肥节点归位
bio-mo-gene-131,染色体变异-x1,育种,肥节点归位
bio-fx-judge-plasma-cell-sources,原核细胞和真核细胞,体液免疫,肥节点归位
bio-fj-02-three-unique-in-tests,实验-使用高倍显微镜观察几种细胞,实验-检测生物组织中的糖类-脂肪和蛋白质,肥节点归位
bio-fj-05-overton-experiment,实验-使用高倍显微镜观察几种细胞,细胞膜成分和结构的探究历程,肥节点归位
bio-fj-08-buchner-ferment-extract,实验-使用高倍显微镜观察几种细胞,酶的本质,肥节点归位
bio-mo-sex-linked-001,人类遗传病,基因位于染色体上的实验证据,人类遗传病混入伴性遗传
bio-mo-sex-linked-002,人类遗传病,基因位于染色体上的实验证据,人类遗传病混入伴性遗传
bio-mo-sex-linked-003,人类遗传病,伴性遗传的特点及应用,人类遗传病混入伴性遗传
bio-mo-sex-linked-004,人类遗传病,伴性遗传的特点及应用,人类遗传病混入伴性遗传
bio-mo-sex-linked-005,人类遗传病,伴性遗传的特点及应用,人类遗传病混入伴性遗传
bio-kb3-f3-s3-2-n02,细胞器的结构和功能,线粒体,标题即单细胞器专述
bio-kb3-f3-s3-2-n04,细胞器的结构和功能,内质网,标题即单细胞器专述
bio-kb3-f3-s3-2-n06,细胞器的结构和功能,核糖体,标题即单细胞器专述
bio-mo-cell-085,细胞器的结构和功能,线粒体,标题即单细胞器专述
bio-mo-cell-093,细胞器的结构和功能,叶绿体,标题即单细胞器专述
bio-mo-cell-095,细胞器的结构和功能,溶酶体,标题即单细胞器专述
bio-mo-cell-083,细胞器的结构和功能,高尔基体,标题即单细胞器专述
bio-kb3-f3-s3-2-n07,细胞器的结构和功能,溶酶体,标题即单细胞器专述
bio-fj-23-hardy-weinberg,细胞呼吸的影响因素及应用,基因频率,肥节点抽查异类改绑
bio-fj-32-sex-ratio-application,细胞呼吸的影响因素及应用,种群的数量特征,肥节点抽查异类改绑
bio-kb3-f5-s5-3-n03,细胞呼吸的影响因素及应用,实验-探究酵母菌细胞呼吸的方式,肥节点抽查异类改绑
bio-fj-32-age-structure-types,细胞膜成分和结构的探究历程,种群的数量特征,肥节点抽查异类改绑
bio-kb-dna-structure-model-history,细胞膜成分和结构的探究历程,dna的结构及特点,肥节点抽查异类改绑
bio-kb2-04-dna-rna-difference,细胞膜成分和结构的探究历程,核酸,肥节点抽查异类改绑
bio-kb-breeding-methods-comparison-table,基因工程,育种,肥节点抽查异类改绑
bio-fj-01-virus-application,基因工程,病毒,肥节点抽查异类改绑
bio-mo-genetic-engineering-002,基因工程,dna是主要的遗传物质,1944 艾弗里转化实验
math-hidden-zero-whole-substitution,2024-天津-一模-在中-角-的对边分别为-已知,函数的隐零点问题,题干壳材料归位（标题即方法卡）
math-neijiaohe-zhengxian-hu-shihua,2024-四川宜宾-一模-已知函数-在锐角中-内角的对边分别为-且,边角互化,题干壳材料归位（标题即方法卡）
math-neijiaohe-yuxian-hu-shihua,2024-四川宜宾-一模-已知函数-在锐角中-内角的对边分别为-且,边角互化,题干壳材料归位（标题即方法卡）
math-hj-jie-sanjiaoxing-jiegeshu-taolun,2024-四川宜宾-一模-已知函数-在锐角中-内角的对边分别为-且,正弦定理,题干壳材料归位（标题即方法卡）
math-hj-s43-angle-composition,2024-四川宜宾-一模-已知函数-在锐角中-内角的对边分别为-且,三角恒等变换,题干壳材料归位（标题即方法卡）
math-hj-s44-value-angle,2024-四川宜宾-一模-已知函数-在锐角中-内角的对边分别为-且,三角恒等变换,题干壳材料归位（标题即方法卡）
math-hj-s47-solution-count,2024-四川宜宾-一模-已知函数-在锐角中-内角的对边分别为-且,正弦定理,题干壳材料归位（标题即方法卡）
math-mo-geizhi-qiujiao-sanbu,2024-四川宜宾-一模-已知函数-在锐角中-内角的对边分别为-且,三角恒等变换,题干壳材料归位（标题即方法卡）
math-mo-shulie-yinhan-tiaojian,2025-新疆喀什-模拟预测-已知数列中-则,数列的递推公式,题干壳材料归位（标题即方法卡）
math-expansion-coefficient-sum-substitute-one,2025-四川广安-模拟预测-已知数列满足-则使得成立的最小自然数为,二项式定理,题干壳材料归位（标题即方法卡）
math-kb-common-number-sets-notation,2025-四川广安-模拟预测-已知数列满足-则使得成立的最小自然数为,集合的含义与表示,题干壳材料归位（标题即方法卡）
math-hj-changjian-shuji-jihao,2025-四川广安-模拟预测-已知数列满足-则使得成立的最小自然数为,集合的含义与表示,题干壳材料归位（标题即方法卡）
math-mo-n-yu-nxing-bianxi,2025-四川广安-模拟预测-已知数列满足-则使得成立的最小自然数为,集合的含义与表示,题干壳材料归位（标题即方法卡）
math-fx-liexiang-hanshuxing-ji-cifenli,2025-江苏-模拟预测-函数满足-且-设-则的前项的和为,裂项相消法中常见的裂项技巧,题干壳材料归位（标题即方法卡）
math-kb-sequence-recursive-formula,2025-山西-三模-已知数列的通项公式为-则下列说法正确的是,数列的递推公式,题干壳材料归位（标题即方法卡）
math-period-two-symmetric-centers,2025-广东佛山-三模-已知数列满足-且是关于的方程的两个根,函数的奇偶性-周期性-对称性关系,题干壳材料归位（标题即方法卡）
math-divider-method-preconditions,2025-广东佛山-三模-已知数列满足-且是关于的方程的两个根,组合,题干壳材料归位（标题即方法卡）
math-hj-jixiaozhi-gainian-yicuo,2025-广东佛山-三模-已知数列满足-且是关于的方程的两个根,误解-导数为0-与-有极值-的关系致错,题干壳材料归位（标题即方法卡）
math-hj-zhixian-fangcheng-wuzhong,2025-广东佛山-三模-已知数列满足-且是关于的方程的两个根,直线的方程,题干壳材料归位（标题即方法卡）
math-hj-s81-line-forms,2025-广东佛山-三模-已知数列满足-且是关于的方程的两个根,直线的方程,题干壳材料归位（标题即方法卡）
math-hj-s83-circle-equation,2025-广东佛山-三模-已知数列满足-且是关于的方程的两个根,圆的方程,题干壳材料归位（标题即方法卡）
math-mo-sn-erci-bubidengcha,2025-云南昭通-模拟预测-已知数列是等差数列-且-数列的前项和为-且,由sn求an的步骤,题干壳材料归位（标题即方法卡）
math-fx-zhixian-fangcheng-wuzhong,2025-广东佛山-三模-已知数列满足-且是关于的方程的两个根,直线的方程,题干壳材料归位（标题即方法卡）
math-fx-yuan-qiexian-lianglei,2025-广东佛山-三模-已知数列满足-且是关于的方程的两个根,圆的方程,题干壳材料归位（标题即方法卡）
math-mo-fushu-fangcheng-qiugen,2025-广东佛山-三模-已知数列满足-且是关于的方程的两个根,复数的概念,题干壳材料归位（标题即方法卡）
chem-calcium-bicarbonate-naoh-model,已知nabh4与水反应的化学方程式为nabh4-2h2o-nabo2-4h2,与量有关的离子方程式书写技巧,代理判定·题干壳归位:材料标题为Ca(HCO3)2与NaOH反应的量比方程式模型，讲少量与过量两种配比下离子方程式的写法，属与量有关的离子方程
chem-sodium-bisulfate-barium-hydroxide-model,已知nabh4与水反应的化学方程式为nabh4-2h2o-nabo2-4h2,与量有关的离子方程式书写技巧,代理判定·题干壳归位:材料标题为NaHSO4与Ba(OH)2反应的量比方程式模型，讲至中性与SO42-沉淀完全两种配比，属与量有关的离子方程式
chem-chromite-alkali-roasting-equation,已知nabh4与水反应的化学方程式为nabh4-2h2o-nabo2-4h2,陌生化学方程式书写的思路,代理判定·题干壳归位:材料标题为铬铁矿碱性氧化焙烧方程式模型，据题给信息由化合价升降写出陌生氧化还原化学方程式
chem-kb-nox-water-oxygen-relations,已知nabh4与水反应的化学方程式为nabh4-2h2o-nabo2-4h2,氮的氧化物,代理判定·题干壳归位:材料标题为氮氧化物与水、氧气反应的计算关系式，讲NO与NO2跟O2和水的反应关系式及碱液吸收规律
chem-hj2-na2o2-yushui-gongyang-gongyang,已知nabh4与水反应的化学方程式为nabh4-2h2o-nabo2-4h2,过氧化钠,代理判定·题干壳归位:材料标题为Na2O2与水反应及供氧剂用途，讲Na2O2与水的歧化反应与呼吸面具供氧用途
chem-fx-bian-shi-xun-lian-bian-kao-fa-fen-zi-s-f03x11,已知nabh4与水反应的化学方程式为nabh4-2h2o-nabo2-4h2,判断同分异构体数目的常用方法和思路,代理判定·题干壳归位:材料为分子式为C4H9Cl的链状有机物限定条件下同分异构体数目，该节点正文正以丁基4种与C4H9Cl为例讲计数方法
chem-fx-yi-zhi-yu-shui-fan-ying-de-hua-xue-fan-f10x08,已知nabh4与水反应的化学方程式为nabh4-2h2o-nabo2-4h2,电子转移,代理判定·题干壳归位:材料仅给出NaBH4与2H2O生成NaBO2与4H2的氧化还原方程式，考查H由-1价与+1价归中为0价的电子转移分析
chem-fx-yu-shui-fan-ying-f12x01,已知nabh4与水反应的化学方程式为nabh4-2h2o-nabo2-4h2,钠与水及酸-碱-盐溶液的反应,代理判定·题干壳归位:材料内容为Na与水反应的离子方程式2Na+2H2O=2Na+与2OH-与H2及酚酞现象，源出第09讲钠及其氧化物
chem-fx-fen-bie-xie-chu-nong-yu-fan-ying-de-hu-f23x03,已知nabh4与水反应的化学方程式为nabh4-2h2o-nabo2-4h2,浓硫酸与金属的反应规律,代理判定·题干壳归位:材料要求写出浓H2SO4与Cu和C反应的化学方程式，该节点涵盖浓硫酸与Cu等不活泼金属及与非金属的反应规律
chem-fx-nong-xiao-suan-yu-tong-fan-ying-de-hua-f25x09,已知nabh4与水反应的化学方程式为nabh4-2h2o-nabo2-4h2,硝酸与金属反应的规律,代理判定·题干壳归位:材料给出浓硝酸与铜反应的化学方程式Cu加4HNO3浓生成Cu(NO3)2与2NO2与2H2O，属硝酸与金属反应规律
chem-fx-yu-shui-fan-ying-shi-f46x09,已知nabh4与水反应的化学方程式为nabh4-2h2o-nabo2-4h2,影响化学反应速率的因素,代理判定·题干壳归位:材料为Na与水反应时增大水的用量的速率辨析，属影响化学反应速率的因素
chem-fx-tian-ran-qi-yu-shui-zheng-qi-fan-ying-f59x08,已知nabh4与水反应的化学方程式为nabh4-2h2o-nabo2-4h2,天然气的综合利用,代理判定·题干壳归位:材料给出天然气与水蒸气反应制取H2的化学方程式，该节点正文即含此方程式
chem-gas-purification-saturated-salt-solution,某同学用na2co3和nahco3溶液进行如图所示实验-下列说法不正确的是,分离提纯,代理判定·题干壳归位:材料为饱和盐溶液洗气除杂模型，讲CO2中混HCl用饱和NaHCO3溶液吸收的净化方法，属气体的分离提纯
chem-dichromate-equilibrium-color,某同学用na2co3和nahco3溶液进行如图所示实验-下列说法不正确的是,外界条件对化学平衡的影响,代理判定·题干壳归位:材料为K2Cr2O7溶液滴加NaOH变黄再加硫酸变回橙色的实验，该节点正文即以Cr2O7与CrO4的转化讲条件对平衡的影
chem-hj-so2-yubacl2-chenqu,某同学用na2co3和nahco3溶液进行如图所示实验-下列说法不正确的是,二氧化硫,代理判定·题干壳归位:材料讲SO2通入BaCl2无沉淀而通Ba(NO3)2或碱性溶液生成沉淀，属SO2的性质与沉淀判断
chem-hj-shigu-chuli-yu-anquan,某同学用na2co3和nahco3溶液进行如图所示实验-下列说法不正确的是,实验方案设计,代理判定·题干壳归位:材料讲浓硫酸灼伤与酒精着火与水银洒落等事故处理及安全七防，包内无事故处理专节点，其边界自述实验设计遵循安全性原则故归入实
chem-fx-fen-bie-qu-ta-de-shui-rong-ye-liang-fe-f09x17,某同学用na2co3和nahco3溶液进行如图所示实验-下列说法不正确的是,常见阳离子的检验与推断依据,代理判定·题干壳归位:材料为取水溶液两份分别加盐酸产生气泡与颜色变化的推断实验，属依据气体与特殊颜色检验推断离子
chem-fx-shi-yan-f19x05,某同学用na2co3和nahco3溶液进行如图所示实验-下列说法不正确的是,氯水的成分,代理判定·题干壳归位:材料为淀粉-KI溶液与FeCl2溶液分别滴加氯水的实验现象，考查氯水中微粒的性质
chem-fx-rong-ye-zhong-cun-zai-f76x33,某同学用na2co3和nahco3溶液进行如图所示实验-下列说法不正确的是,电荷守恒在离子推断中的应用,代理判定·题干壳归位:材料给出五种离子浓度均为0.01 mol/L并据实验推断种类，需用电荷守恒判断未知离子是否存在
chem-kb-electrode-discharge-order,某兴趣小组利用电解装置-探究-铁作阳极-时发生反应的多样性-实验过程如图,电解原理易错点,代理判定·题干壳归位:材料讲电解时两极放电顺序与活性电极，该节点正文含最常用放电顺序阳极Cl-大于OH-与阴极Ag+大于Cu2+大于H+及活性
chem-hj-f096-dianjie-cucl2-moxing,某兴趣小组利用电解装置-探究-铁作阳极-时发生反应的多样性-实验过程如图,电解池工作原理-以电解cucl2溶液为例,代理判定·题干壳归位:材料标题为惰性电极电解氯化铜溶液模型，与节点名电解池工作原理(以电解CuCl2溶液为例)完全对应
chem-hj2-qiti-fasheng-zhuangzhi-sanlei,某兴趣小组利用电解装置-探究-铁作阳极-时发生反应的多样性-实验过程如图,气体制备,代理判定·题干壳归位:材料标题为三类气体发生装置及适用气体，讲固固加热与固液加热与固液不加热三类发生装置，属气体制备装置
chem-fx-li-yong-dian-jie-shi-yan-ke-yi-zhi-de-f15x07,某兴趣小组利用电解装置-探究-铁作阳极-时发生反应的多样性-实验过程如图,fe-oh-2的制备,代理判定·题干壳归位:材料为电解法制得纯净Fe(OH)2白色沉淀的装置，属Fe(OH)2的制备要点
chem-fx-mou-ke-wai-xing-qu-xiao-zu-yu-tan-jiu-f28x15,某兴趣小组利用电解装置-探究-铁作阳极-时发生反应的多样性-实验过程如图,弱电解质的电离平衡,代理判定·题干壳归位:材料探究温度对H2O2电离平衡的影响并用pH计测电离是否吸热，属弱电解质电离平衡及其影响因素
chem-fx-li-yong-jian-neng-ji-suan-fan-ying-re-f38x02,某兴趣小组利用电解装置-探究-铁作阳极-时发生反应的多样性-实验过程如图,键能,代理判定·题干壳归位:材料讲利用键能计算反应热时要注意化学键的个数如1 mol NH3含3 mol N-H键，属键能
chem-fx-neng-yu-za-zhi-fa-sheng-fan-ying-sheng-f69x03,某兴趣小组利用电解装置-探究-铁作阳极-时发生反应的多样性-实验过程如图,分离提纯,代理判定·题干壳归位:材料讲能与杂质反应生成沉淀或可溶物的物质可作吸收剂，属除去杂质气体的分离提纯
chem-feoh2-oxidation-color-change,用如图所示装置-夹持仪器省略-制备氢氧化亚铁,铁的氢氧化物,代理判定·题干壳归位:材料讲Fe(OH)2白色沉淀在空气中先变灰绿后变红褐及其被氧气氧化的方程式，该节点正文即讲Fe(OH)2易被氧气氧化
chem-kb-feoh2-preparation-methods,用如图所示装置-夹持仪器省略-制备氢氧化亚铁,fe-oh-2的制备,代理判定·题干壳归位:材料标题为Fe(OH)2的制备要点，讲有机覆盖层法与还原性气体保护法与电解法隔绝氧气
chem-hj2-fe-oh2-zhibei-geyang,用如图所示装置-夹持仪器省略-制备氢氧化亚铁,fe-oh-2的制备,代理判定·题干壳归位:材料标题为防Fe(OH)2被氧化的制备要点，讲煮沸除氧与滴管插入液面下与加有机层覆盖与充保护气等制备关键
chem-fx-chang-jian-qi-ti-dian-xing-zhi-bei-zhu-f28x03,用如图所示装置-夹持仪器省略-制备氢氧化亚铁,气体制备,代理判定·题干壳归位:材料标题为常见气体典型制备装置举例，含Cl2与SO2的实验室制备装置
chem-manganese-dioxide-oxidizes-sulfite,完成下列反应的离子方程式,陌生情景下化学方程式书写技巧,代理判定·题干壳归位:材料为MnO2与SO32-在酸性条件下生成Mn2+与SO42-的离子方程式模型，该节点正文即讲陌生情景下氧化还原离子方程
chem-hj-lvre-fanying-caozuo-yaodian,完成下列反应的离子方程式,铝的化学性质,代理判定·题干壳归位:材料讲铝热反应的纸漏斗剪孔与蒸发皿盛沙与镁条氯酸钾引燃等操作要点，属铝的化学性质中的铝热反应
chem-fx-dai-fan-ying-wan-cheng-hou-f69x16,完成下列反应的离子方程式,重结晶,代理判定·题干壳归位:材料讲加乙醇析出固体与加热溶解与脱色与趁热过滤与冰水浴冷却与过滤洗涤干燥，属重结晶操作
chem-hj-zifa-guocheng-zifafanying,某反应的反应过程与能量关系如图所示,自发反应,代理判定·题干壳归位:材料标题为自发过程与自发反应，讲自发过程趋向能量降低与混乱度增大及自发反应一经引发即自动进行
chem-hj-hanpanju-fanying-fangxiang,某反应的反应过程与能量关系如图所示,判断化学反应的自发性,代理判定·题干壳归位:材料标题为焓判据与反应方向，讲多数放热反应自发而有些吸热反应也能自发，属自发性的判断
chem-hj2-zifaguo-zifa-fanying,某反应的反应过程与能量关系如图所示,自发反应,代理判定·题干壳归位:材料标题为自发过程与自发反应的概念及特点，讲自发性与方向性及逆方向不能自发
chem-hj-rongjie-quxian-c-c-tu,在不同温度下的沉淀溶解平衡曲线如图所示-下列说法不正确的是,解沉淀溶解平衡图像题的三步骤,代理判定·题干壳归位:材料讲沉淀溶解平衡曲线c-c图像的分析，含曲线上Q等于Ksp与上方过饱和与下方不饱和，该节点正文即此三步分析法
chem-hj-chendian-diding-quxian,在不同温度下的沉淀溶解平衡曲线如图所示-下列说法不正确的是,沉淀滴定法,代理判定·题干壳归位:材料讲以滴加溶液体积为横坐标的沉淀滴定曲线与突跃点恰好完全反应并由数据计算Ksp，属沉淀滴定法
chem-fx-chen-dian-rong-jie-ping-heng-yi-dong-z-f55x01,在不同温度下的沉淀溶解平衡曲线如图所示-下列说法不正确的是,影响沉淀溶解平衡的因素,代理判定·题干壳归位:材料以BaSO4在不同条件下沉淀溶解平衡为例讲平衡移动中离子浓度关系曲线，属影响沉淀溶解平衡的因素
chem-activation-energy-definition,下列合成高分子化合物的反应及类型均正确的是,活化能,代理判定·题干壳归位:材料标题为活化能即过渡态与反应物的能量差，给出活化能与能垒的定义
chem-hj-lizi-huahewu-huaxueshi-hanyi,下列合成高分子化合物的反应及类型均正确的是,化学键与物质类别的关系,代理判定·题干壳归位:材料讲离子化合物化学式只表示离子最简整数比并辨析NH4Cl与AlCl3与NaOH与Na2O2等类别，该节点正文即含这些实
chem-hj2-cl2-yu-huanyuanxing-hewu,下列合成高分子化合物的反应及类型均正确的是,氯气,代理判定·题干壳归位:材料讲Cl2把Fe2+氧化为Fe3+与把Br-与I-氧化出单质以及与SO2水溶液反应，属氯气的氧化性
chem-fx-jie-gou-jian-shi-f03x01,柠檬酸是一种重要的有机酸-存在于柠檬-柑橘-菠萝等水果中-其结构简式如图所示,有机物的结构特点,代理判定·题干壳归位:材料讲结构复杂分子用结构简式或键线式表示更方便，属有机物的结构特点与表示方法
chem-fx-shi-yi-zhong-zhong-yao-de-sha-jun-xiao-f11x07,柠檬酸是一种重要的有机酸-存在于柠檬-柑橘-菠萝等水果中-其结构简式如图所示,陌生化学方程式书写的思路,代理判定·题干壳归位:材料为NaClO2杀菌消毒剂生产工艺流程图，属据题给信息书写陌生化学方程式
chem-fx-mou-cui-hua-zhuan-hua-guo-cheng-ru-tu-f11x09,1-某催化转化过程如图所示,陌生情景下化学方程式书写技巧,代理判定·题干壳归位:材料据Ni2O3与ClO-转化为2NiO2与Cl-等催化转化过程书写离子方程式，属陌生情景下氧化还原离子方程式书写技巧
chem-fx-dui-shang-shu-dian-chi-fang-dian-shi-d-f40x07,1-某催化转化过程如图所示,新型化学电源,代理判定·题干壳归位:材料研究电池放电时电极上的捕获与转化路径及相对能量变化，属新型化学电源装置分析
chem-crystal-melting-general-order,下列分子晶体中-关于熔-沸点高低的叙述正确的是,晶体熔-沸点高低的比较方法,代理判定·题干壳归位:材料讲不同类型晶体熔沸点高低的一般规律即共价晶体大于离子晶体大于分子晶体，该节点正文即讲不同类型晶体的熔沸点比较
chem-hj2-ludaiting-rouli-xingzhi-guilv,下列分子晶体中-关于熔-沸点高低的叙述正确的是,卤代烃的物理性质,代理判定·题干壳归位:材料讲卤代烃的状态与溶解性与沸点规律如沸点随相对分子质量增大而升高且高于相应烃，即卤代烃的物理性质
chem-fx-yin-fa-pen-quan-de-ji-zhong-fang-fa-f26x05,c-o-na-al-si-s-cl是常见的几种元素-请回答下列问题,形成喷泉的原理,代理判定·题干壳归位:材料列举使气体迅速溶解与降温减压与增大液面气压三种引发喷泉的方法，本质都是制造压强差即形成喷泉的原理
chem-fx-you-ke-xue-yan-jiu-ti-chu-f13x14,含铁化合物的应用研究是科学研究的前沿之一-回答下列问题,碱金属的一般性与特殊性,代理判定·题干壳归位:材料为锂电池负极Li生成LiH并用重水D2O反应测定的探究，涉及锂的特殊性与碱金属氢化物，属碱金属的一般性与特殊性
chem-hj-zhi-ranshao-dingliang-guilv,对于以下反应-从反应开始进行到达到平衡后-保持温度-体积不变-按要求回答下列问题,烃类的燃烧规律,代理判定·题干壳归位:材料讲气态烃燃烧体积变化只与y有关与等质量耗氧看氢质量分数与等物质的量看x加y/4，即烃类的燃烧规律
chem-fx-liang-qu-yi-ding-liang-de-nong-liu-sua-f05x08,2024-湖南卷-恒压下-向某密闭容器中充入一定量的和-发生如下反应,溶液的配制步骤,代理判定·题干壳归位:材料讲量取一定量浓硫酸与稀释与转移定容得待测液并移取滴定，属一定物质的量浓度溶液的配制步骤
chem-lithium-battery-primary-secondary,碳酸亚乙烯酯是锂离子电池低温电解液的重要添加剂-其分子结构如图,二次电池,代理判定·题干壳归位:材料区分锂电池属一次电池与锂离子电池为可充放电的二次电池且须用非水电解质，属二次电池
chem-fx-san-zhong-wu-zhi-zai-qi-ta-you-ji-rong-f21x05,丙酮-是最简单的酮-常用作有机溶剂-关于丙酮的说法正确的是,萃取,代理判定·题干壳归位:材料讲三种物质在汽油与苯等有机溶剂中与在CCl4中颜色差别不大，属萃取时有机层颜色的判断
chem-hj-feoh2-zhibei-zhuangzhi-chuangxin,如图所示是检验某无色气体a是so2和co2的混合气体的装置-按要求回答下列问题,fe-oh-2的制备,代理判定·题干壳归位:材料标题即“Fe(OH)2 制备的装置设计与成功关键”并讲隔绝氧气制备Fe(OH)2的装置措施，与节点“Fe(OH)2的
chem-hj-co-co2-chuzha-fangfa,如图所示是检验某无色气体a是so2和co2的混合气体的装置-按要求回答下列问题,气体制备,代理判定·题干壳归位:材料归纳CO与CO2混合气体的除杂方法（NaOH吸收CO2、灼热CuO转化CO），属气体制备流程中的净化除杂环节。
chem-hj2-qiti-rongjie-xishou-fangdaoxi,如图所示是检验某无色气体a是so2和co2的混合气体的装置-按要求回答下列问题,吸收氨气-或hcl-时要注意防止倒吸,代理判定·题干壳归位:材料讲气体的溶解吸收与防倒吸原则（极易溶的NH3与HCl须用倒扣漏斗和干燥管等防倒吸装置），与节点给出的防倒吸装置内容一
chem-fx-you-yu-zu-cheng-de-hun-he-qi-ti-zai-cu-f06x12,如图所示是检验某无色气体a是so2和co2的混合气体的装置-按要求回答下列问题,平衡常数的综合计算,代理判定·题干壳归位:材料为“NO与NH3混合气体在催化剂作用下达平衡时气体体积由16 mL变为17.5 mL”的平衡计算片段，需用三段式法作
chem-fx-jiang-sheng-you-he-de-hun-he-qi-ti-de-f25x14,如图所示是检验某无色气体a是so2和co2的混合气体的装置-按要求回答下列问题,氮的氧化物,代理判定·题干壳归位:材料为“12 mL NO2和O2的混合气体量筒倒立水槽中剩余2 mL”的氮氧化物溶于水计算，属氮的氧化物性质与计算。
chem-fx-zhong-yao-qi-ti-de-fa-sheng-zhuang-zhi-f28x01,如图所示是检验某无色气体a是so2和co2的混合气体的装置-按要求回答下列问题,气体制备,代理判定·题干壳归位:材料为“重要气体的发生装置”，属气体制备中的发生装置知识。
chem-fx-ping-heng-shi-hun-he-qi-ti-de-ping-jun-f44x05,如图所示是检验某无色气体a是so2和co2的混合气体的装置-按要求回答下列问题,平衡常数的综合计算,代理判定·题干壳归位:材料为平衡常数计算题中“平衡时混合气体的平均摩尔质量”的填空点拨，需先按三段式法求平衡组成再计算。
chem-fx-hun-he-qi-ti-de-zong-ya-deng-yu-xiang-f44x06,如图所示是检验某无色气体a是so2和co2的混合气体的装置-按要求回答下列问题,压强平衡常数,代理判定·题干壳归位:材料给出“混合气体的总压等于各组分气体的分压之和”的分压关系，是压强平衡常数Kp计算的基础。
chem-fx-ke-yong-yu-ding-liang-ce-ding-qi-ti-de-f66x02,如图所示是检验某无色气体a是so2和co2的混合气体的装置-按要求回答下列问题,实验方案设计,代理判定·题干壳归位:材料讲仪器组合“可用于定量测定气体的质量”，属以定量测定气体为主的综合实验方案设计。
chem-fx-qi-ti-de-jing-hua-f69x01,如图所示是检验某无色气体a是so2和co2的混合气体的装置-按要求回答下列问题,气体制备,代理判定·题干壳归位:材料讲“气体的净化”的设计原则与吸收剂选择，属气体制备中的净化环节。
chem-fx-kong-zhi-qi-ti-de-liu-su-ji-yong-liang-f69x05,如图所示是检验某无色气体a是so2和co2的混合气体的装置-按要求回答下列问题,气体制备,代理判定·题干壳归位:材料讲“控制气体的流速及用量”，属气体制备装置的操作要求。
chem-iron3-ion-detection-three-methods,下列离子在未知溶液中的检验方法正确的是,fe2-fe3-的检验方法,代理判定·题干壳归位:材料讲Fe3+的三种特征检验（KSCN显血红色、苯酚显紫色、K4[Fe(CN)6]蓝色沉淀），属节点中Fe3+的检验内容
chem-iron3-detection,下列离子在未知溶液中的检验方法正确的是,fe2-fe3-的检验方法,代理判定·题干壳归位:材料讲Fe3+的检验方法（滴加KSCN溶液变红且产物是可溶配合物而非沉淀），属节点中Fe3+的检验内容。
chem-iron2-detection,下列离子在未知溶液中的检验方法正确的是,fe2-fe3-的检验方法,代理判定·题干壳归位:材料讲Fe2+的检验方法及注意事项（先加KSCN不变色再加氯水变红、加K3[Fe(CN)6]生成蓝色沉淀），属节点中Fe
chem-chloride-detection,下列离子在未知溶液中的检验方法正确的是,氯离子检验,代理判定·题干壳归位:材料讲Cl-的检验方法（硝酸酸化后加AgNO3生成不溶于酸的白色沉淀），与节点“氯离子检验”一致。
chem-sulfate-detection,下列离子在未知溶液中的检验方法正确的是,常见阴离子的检验与推断依据,代理判定·题干壳归位:材料讲SO42-的检验方法（先加稀盐酸无沉淀再加BaCl2生成白色沉淀），属节点“常见阴离子的检验与推断依据”（别名即“
chem-carbonate-detection,下列离子在未知溶液中的检验方法正确的是,常见阴离子的检验与推断依据,代理判定·题干壳归位:材料讲CO32-的检验方法（先加CaCl2生成白色沉淀再加盐酸放出使石灰水变浑浊的气体），属常见阴离子的检验方法。
chem-hj-lizi-jianyan-ganrao,下列离子在未知溶液中的检验方法正确的是,物质检验,代理判定·题干壳归位:材料总结SO42-、CO32-、Fe2+检验与焰色试验中其他离子干扰造成的错误结论，属物质检验（离子检验）的一般要点。
chem-hj2-wen-youdu-qiti-fangfa,下列离子在未知溶液中的检验方法正确的是,药品取用,代理判定·题干壳归位:材料讲闻有毒气体气味的正确方法（瓶口轻轻扇动使极少量气体飘进鼻孔），属实验基本操作与药品取用安全规范。
chem-kb-electroplating-and-copper-refining,粗铜的电解精炼示意图如图所示,电解原理应用的四点注意事项,代理判定·题干壳归位:材料讲电镀与电解精炼铜（镀层金属作阳极、粗铜作阳极纯铜作阴极、镀液浓度不变而精炼时Cu2+浓度减小），与节点中“电解精炼
chem-hj2-diandu-tong-dianjing-tong,粗铜的电解精炼示意图如图所示,电解原理应用的四点注意事项,代理判定·题干壳归位:材料讲电镀铜与电解精炼铜的电极设置（粗铜作阳极、纯铜作阴极、Ag与Au沉积为阳极泥），对应节点中“电解精炼铜”要点。
chem-hj2-diandu-dianjing-yuanyili,粗铜的电解精炼示意图如图所示,电解原理应用的四点注意事项,代理判定·题干壳归位:材料讲电镀与电解精炼的电极设置与规律（一多一少一不变、两不等），对应节点中“电镀时”和“电解精炼铜”要点。
chem-fx-cu-tong-zhong-tong-de-han-liang-wei-f17x03,粗铜的电解精炼示意图如图所示,电解原理应用的四点注意事项,代理判定·题干壳归位:材料讲粗铜含铜99.5%～99.7%并经电解精炼得到99.95%～99.98%的精铜，属电解精炼铜知识。
chem-fx-dian-du-dian-jie-jing-lian-tong-f41x08,粗铜的电解精炼示意图如图所示,电解原理应用的四点注意事项,代理判定·题干壳归位:材料讲电镀的概念与目的（镀层金属作阳极、待镀件作阴极、镀液浓度不变），属电解原理应用中的电镀。
chem-fx-dian-jie-jing-lian-tong-f41x11,粗铜的电解精炼示意图如图所示,电解原理应用的四点注意事项,代理判定·题干壳归位:材料讲电解精炼铜（Zn与Fe与Ni溶解、阳极泥沉积、Cu2+浓度减小）和电镀（镀液浓度不变），与节点该两条要点逐句对应。
chem-fx-yi-zhi-rong-du-ji-rong-ye-zhong-mou-li-f54x06,已知某100-ml溶液中含有的部分离子的浓度大小如表所示,沉淀溶解平衡体系中相关计算方法,代理判定·题干壳归位:材料讲“已知溶度积、溶液中某离子的浓度求另一种离子浓度”（在0.1 mol/L NaCl溶液中加入过量AgCl固体后算c
chem-fx-mou-rong-ye-zhong-han-you-ru-biao-suo-f76x27,已知某100-ml溶液中含有的部分离子的浓度大小如表所示,电荷守恒在离子推断中的应用,代理判定·题干壳归位:材料为“某溶液Q含有如表所示离子中的5种且浓度均为0.5 mol/L”的离子推断题，需用电荷守恒推断离子存在。
chem-fx-mou-wu-se-rong-ye-zhong-han-you-f76x30,已知某100-ml溶液中含有的部分离子的浓度大小如表所示,电荷守恒在离子推断中的应用,代理判定·题干壳归位:材料为“某无色溶液中含有Na+、Ag+、Ba2+、Al3+等若干种”的离子推断题，依据实验现象与电荷守恒推断。
chem-fx-xian-qu-san-fen-gai-rong-ye-ge-f76x36,已知某100-ml溶液中含有的部分离子的浓度大小如表所示,电荷守恒在离子推断中的应用,代理判定·题干壳归位:材料为取三份该溶液分别加AgNO3、NaOH浓溶液共热、BaCl2的实验现象推断离子，属离子推断。
chem-hj2-na-yu-yangqi-tiaojian-chanwu,已知反应-4co-2no2n2-4co2在不同条件下的化学反应速率如下,过氧化钠,代理判定·题干壳归位:材料讲钠与氧气反应产物随条件变化（常温生成白色Na2O、点燃生成淡黄色Na2O2且O为-1价），对应节点别称“氧化钠与过
chem-fx-qi-zhong-wei-fan-ying-wu-f03x17,已知反应-4co-2no2n2-4co2在不同条件下的化学反应速率如下,取代反应,代理判定·题干壳归位:材料描述CH4与Cl2取代反应历程（·Cl与·CH3为自由基、生成HCl与CH3Cl），属取代反应的机理。
chem-fx-yi-zhi-he-f10x17,已知反应-4co-2no2n2-4co2在不同条件下的化学反应速率如下,氧化性-还原性强弱的比较,代理判定·题干壳归位:材料已知I-与Fe2+与SO2与Cl-与H2O2在酸性溶液中还原性的强弱顺序，属氧化性、还原性强弱的比较。
chem-fx-yu-de-fan-ying-f37x04,已知反应-4co-2no2n2-4co2在不同条件下的化学反应速率如下,吸热反应和放热反应,代理判定·题干壳归位:材料列举常见吸热反应（Ba(OH)2·8H2O与NH4Cl）与常见放热反应（中和、燃烧、铝热等），对应节点别称“常见放热
chem-kb-neutralization-heat-measurement,关于中和反应反应热的测定实验-请回答下列问题,中和热测定注意事项,代理判定·题干壳归位:材料讲中和热测定要点（碱稍过量保证酸完全中和、碎泡沫塑料保温、用环形玻璃搅拌棒、按Q＝cmΔt计算），与节点内容一致。
chem-hj-zhonghe-re-ceding,关于中和反应反应热的测定实验-请回答下列问题,中和热测定注意事项,代理判定·题干壳归位:材料讲中和反应反应热的测定（量热计测温差、生成1 mol水放热57.3 kJ、迅速倒碱并加盖、舍去偏差大的数据），属中和
chem-fx-ce-ding-shi-yan-zhong-yao-you-bei-ce-l-f70x09,关于中和反应反应热的测定实验-请回答下列问题,实验方案设计,代理判定·题干壳归位:材料讲测定实验中“被测量气体全部被测量”的意识与数据采集处理意识，属以物质含量测定为主的综合实验方案设计。
chem-kb-ion-electron-count-relations,写出下列原子-或离子-核外电子排布的表示方法,原子结构中微粒的关系及计算,代理判定·题干壳归位:材料讲阳离子核外电子数＝质子数－电荷数、阴离子核外电子数＝质子数＋电荷数，与节点“原子结构中微粒的关系及计算”内容一致。
chem-hj-dianzi-buxiashui-lizi-bushangan,写出下列原子-或离子-核外电子排布的表示方法,原电池工作原理易错知识-10-点,代理判定·题干壳归位:材料讲原电池内外电路的导电规律（电子只能在导线中流动、离子只能在电解质中移动），对应节点“电子均不能通过电解质溶液”等要
chem-mo-yuanzi-jiegou-biaoshifangfa,写出下列原子-或离子-核外电子排布的表示方法,基态原子核外电子排布的表示方法,代理判定·题干壳归位:材料讲原子（离子）结构的表示方法（核素符号、符号周围数字含义、结构示意图的分层电子排布），属核外电子排布的表示方法。
chem-hj-tiao-ph-fenli-jinshu-lizi,下列有关离子的鉴别方法不正确的是,沉淀溶解平衡的应用,代理判定·题干壳归位:材料讲调节pH使金属离子形成氢氧化物分步沉淀而分离（Fe2+先氧化为Fe3+再调pH至3.7～8.3），属沉淀溶解平衡的
chem-hj-zhi-jianbie-chuzha-chayi,下列有关离子的鉴别方法不正确的是,烯烃的化学性质,代理判定·题干壳归位:材料讲烯烃与炔烃使溴水和酸性KMnO4褪色、除乙烷中乙烯用溴水洗气，属烯烃的加成与氧化性质。
chem-hj-fangchengshi-jisuan-liucheng,根据以下热化学方程式-δh1和δh2的大小比较错误的是,n-的关系应用,代理判定·题干壳归位:材料讲化学方程式计算的规范步骤（计量数之比等于物质的量之比、审设写标列解答），核心是n与M、V、c关系的应用。
chem-hj2-fangchengshi-jisuan-shaoliang-guoliang,根据以下热化学方程式-δh1和δh2的大小比较错误的是,审题抓关键条件-状态-温度-压强,代理判定·题干壳归位:材料强调化学方程式计算的规范与过量判断（不纯物须换算、气体体积必须注明是否标准状况），属审题抓关键条件与陷阱。
chem-co2-hydrogenation-reactions,2025-北京昌平-二模-催化加氢直接合成二甲醚过程中有以下2个反应,外界条件对化学平衡的影响,代理判定·题干壳归位:材料给出CO2加氢三个主反应及其热效应（甲醇化与甲烷化放热、逆水煤气变换吸热），说明低温利于放热反应而高温利于吸热反应。
chem-fx-bei-jing-f25x13,2025-北京昌平-二模-催化加氢直接合成二甲醚过程中有以下2个反应,分离提纯,代理判定·题干壳归位:材料讲用MOFs多孔材料固定N2O4以实现NO2与N2O4分离并制备HNO3，属物质分离提纯的方案选择。
chem-fx-qi-ti-rong-yu-shui-f05x03,常温下-过量固体溶于水的ph随时间变化的关系如图所示,物质的量浓度,代理判定·题干壳归位:材料讲“气体溶于水，计算物质的量浓度的一般思路”，对应节点别称“气体溶于水后溶液浓度的计算”。
chem-fx-yi-rong-yu-shui-de-qi-ti-za-zhi-ke-yon-f69x02,常温下-过量固体溶于水的ph随时间变化的关系如图所示,气体制备,代理判定·题干壳归位:材料讲气体杂质吸收剂的选择（易溶于水的气体用水、酸性杂质用碱性物质、水用干燥剂），属气体制备中的净化。
chem-fx-xing-zhi-wu-li-xing-zhi-bu-tong-hua-xu-f07x01,通过对比物理变化和化学变化的不同-回答下列问题,物理变化与化学变化的两种判断方法,代理判定·题干壳归位:材料讲同素异形体物理性质不同而化学性质有差异且相互转化是化学变化，属物理变化与化学变化的判断。
chem-hj-ganzaoji-xuanze-duizhao,硅单质及其化合物应用范围很广-请回答下列问题,气体制备,代理判定·题干壳归位:材料讲常见干燥剂（浓硫酸、无水氯化钙、碱石灰）的适用范围与干燥装置，属气体制备中的净化干燥环节。
chem-hj-ranshaore-gainian,写出下列燃烧元素对应的稳定产物及状态,燃烧热,代理判定·题干壳归位:材料讲燃烧热的概念与指定产物（C→CO2(g)、H→H2O(l)、S→SO2(g)、N→N2(g)），与节点“燃烧热”一
chem-fx-li-li-zi-dian-chi-de-zheng-ji-cai-liao-f40x02,已知锂电池的正极反应物和产物-写出其正极反应,二次电池,代理判定·题干壳归位:材料讲锂离子电池的正极材料（LiFePO4、LiCoO2、LiMn2O4），对应节点别称“锂离子二次电池”。
chem-fx-you-kong-qi-mu-tan-shui-zheng-qi-zhi-q-f06x05,2025-江苏卷-甘油水蒸气重整获得过程中的主要反应,n-的关系应用,代理判定·题干壳归位:材料用元素守恒与关系式法（3C～4NH3）计算由空气、木炭、水蒸气制NH3，对应节点别称“关系式法解题的关键是建立关系式
chem-hj-peizhi-rongye-zhuyi,常温下-用溶液滴定溶液过程中的变化如下图所示-下列说法错误的是,溶液的配制步骤,代理判定·题干壳归位:材料讲溶液配制中的数据与规格要求（称量保留一位小数、容量瓶须注明规格、洗涤2～3次、近刻度改用胶头滴管），属溶液的配制步
chem-fx-wei-sheng-wu-ran-liao-dian-chi-shi-yi-f40x03,有机物a是一种重要的化工原料-其结构简式如图所示,燃料电池,代理判定·题干壳归位:材料讲微生物燃料电池（有机物在负极室被微生物分解、质子经质子交换膜到正极、O2在正极得电子），属燃料电池。
chem-ammonia-catalytic-oxidation-and-nox,在酸性条件下-黄铁矿-fes2-其中s为-1价-催化氧化的反应转化如图所示,氨的化学性质,代理判定·题干壳归位:材料标题为NH3的催化氧化及其与NOx的归中反应；正文为4NH3+5O2催化氧化得NO及NH3脱硝，属氨的化学性质
chem-kb-sodium-oxygen-reactions,在酸性条件下-黄铁矿-fes2-其中s为-1价-催化氧化的反应转化如图所示,化学性质,代理判定·题干壳归位:材料讲钠与O2常温生成Na2O、加热（点燃）生成Na2O2及对应现象，属钠的化学性质
chem-hj-tie-yufeijinshu-fanying,在酸性条件下-黄铁矿-fes2-其中s为-1价-催化氧化的反应转化如图所示,铁的化学性质,代理判定·题干壳归位:材料讲铁与O2、Cl2、S、I2等非金属单质的反应及产物价态，属铁的化学性质
chem-hj2-chun-cuihuayang-guilv,在酸性条件下-黄铁矿-fes2-其中s为-1价-催化氧化的反应转化如图所示,醇的化学性质,代理判定·题干壳归位:材料标题为醇的催化氧化规律；正文按羟基所连碳上的氢原子数判断氧化产物，属醇的化学性质
chem-hj2-yichun-qiangyanghuaji-yanghua,在酸性条件下-黄铁矿-fes2-其中s为-1价-催化氧化的反应转化如图所示,醇的化学性质,代理判定·题干壳归位:材料讲乙醇被酸性KMnO4或酸性K2Cr2O7氧化为乙酸的现象与产物，属醇的氧化反应即醇的化学性质
chem-fx-liang-tong-bu-neng-zuo-fan-ying-qi-f05x04,在酸性条件下-黄铁矿-fes2-其中s为-1价-催化氧化的反应转化如图所示,常见仪器,代理判定·题干壳归位:材料标题为量筒；正文讲量筒不能作反应器、不能直接稀释浓溶液等使用规范，属常见仪器
chem-fx-qi-zhong-f43x09,在酸性条件下-黄铁矿-fes2-其中s为-1价-催化氧化的反应转化如图所示,浓度商与化学平衡常数的表达式,代理判定·题干壳归位:材料说明Kx是以平衡物质的量分数代替平衡浓度计算的平衡常数，属平衡常数的表达式（该节点已含Kp定义与表达式类材料）
chem-fx-te-bie-ti-xing-fen-zhi-zai-jian-xing-t-f61x08,在酸性条件下-黄铁矿-fes2-其中s为-1价-催化氧化的反应转化如图所示,酯和油脂的结构和性质,代理判定·题干壳归位:材料提醒酚酯在碱性条件下水解消耗NaOH的定量关系（1 mol消耗2 mol），属酯的水解即酯的结构和性质
chem-fx-fen-bie-xie-chu-gu-an-suan-zai-qiang-s-f62x13,在酸性条件下-黄铁矿-fes2-其中s为-1价-催化氧化的反应转化如图所示,氨基酸的结构与性质,代理判定·题干壳归位:材料要求写出谷氨酸在强酸或强碱条件下的存在形式并写出合成二肽的氨基酸结构，属氨基酸的两性与成肽
chem-fx-zhi-ji-shui-jie-fan-ying-suan-xing-tia-f64x07,在酸性条件下-黄铁矿-fes2-其中s为-1价-催化氧化的反应转化如图所示,酯和油脂的结构和性质,代理判定·题干壳归位:材料讲酯基在酸性条件下水解生成羧酸和醇、碱性条件下生成羧酸盐和醇，属酯的结构和性质
chem-kb-so2-co2-identification,以混有sio2的mgco3为原料制备氧化镁的实验流程如图,so2和co2的鉴别方法,代理判定·题干壳归位:材料标题为SO2与CO2的鉴别与共存检验；正文为品红鉴别SO2、酸性KMnO4除SO2、澄清石灰水检验CO2的流程，与节
chem-hj-so2-zhibei-fangfa,以混有sio2的mgco3为原料制备氧化镁的实验流程如图,二氧化硫,代理判定·题干壳归位:材料讲二氧化硫的实验室制备（Na2SO3与较浓H2SO4不加热、Cu与浓H2SO4加热），包内无SO2制备专节点故归入二
chem-hj-guisuan-guisuanna,以混有sio2的mgco3为原料制备氧化镁的实验流程如图,硅酸和硅酸盐,代理判定·题干壳归位:材料标题为硅酸与硅酸钠（水玻璃）；正文讲H2SiO3的弱酸性及硅酸钠的水玻璃用途，与节点名对应
chem-hj2-wujizhi-zhibei-silu,以混有sio2的mgco3为原料制备氧化镁的实验流程如图,实验方案设计,代理判定·题干壳归位:材料讲无机物制备实验的设计思路与核心考点（仪器试剂、装置与试剂作用、方案评价、装置连接顺序、分离提纯），属实验方案设计
chem-fx-yu-f07x09,以混有sio2的mgco3为原料制备氧化镁的实验流程如图,物质间转化的5个常见易错点,代理判定·题干壳归位:材料列举Al2O3、SiO2、Fe2O3与H2O不反应、Fe与Cl2不生成FeCl2、Fe与H+及S、I2不生成Fe3+
chem-fx-yang-hua-mei-rong-yu-xi-liu-suan-f08x16,以混有sio2的mgco3为原料制备氧化镁的实验流程如图,与量有关的离子方程式书写技巧,代理判定·题干壳归位:材料为离子方程式书写练习（含向AlCl3溶液中滴加过量氨水、向NaHSO3溶液中加入过量NaHSO4），以过量试剂控制产
chem-fx-xiao-suan-ke-yang-hua-f25x10,以混有sio2的mgco3为原料制备氧化镁的实验流程如图,硝酸,代理判定·题干壳归位:材料讲硝酸可氧化H2S、SO2、Na2SO3、HI、Fe2+等还原性物质及其离子方程式，属硝酸的强氧化性
chem-fx-de-rong-dian-bi-gao-f34x08,以混有sio2的mgco3为原料制备氧化镁的实验流程如图,晶体熔-沸点高低的比较方法,代理判定·题干壳归位:材料以SiO2是共价晶体而CO2是分子晶体解释SiO2熔点比CO2高，属晶体熔沸点高低的比较
chem-fx-yi-wei-zhu-yao-yuan-liao-f63x12,以混有sio2的mgco3为原料制备氧化镁的实验流程如图,常见有机合成路线,代理判定·题干壳归位:材料要求以CH2=CHCH2OH为主要原料设计CH2=CHCOOH的合成路线流程图，属有机合成路线的设计
chem-selenium-iodometric-equation,写出下列物质转化涉及的化学方程式,陌生化学方程式书写的思路,代理判定·题干壳归位:材料为亚硒酸根碘量法测定的方程式模型（SeO32-+4I-+4H+得Se与I2、再用Na2S2O3滴定），属陌生情境下方
chem-hj-f143-hanlv-zhuanhua-bibei-fangchengshi,写出下列物质转化涉及的化学方程式,氯气,代理判定·题干壳归位:材料汇总含氯物质转化的必背方程式组（电解饱和食盐水制氯气、实验室制Cl2、Cl2与H2O及碱、漂白粉），核心是氯气的制取
chem-fx-hua-xue-fang-cheng-shi-fa-f03x13,写出下列物质转化涉及的化学方程式,有机物分子分子式的确定,代理判定·题干壳归位:材料讲化学方程式法即利用有机反应中反应物与生成物之间量的关系求分子式，属有机物分子式的确定
chem-fx-gen-ju-wu-zhi-zhuan-hua-zhong-f40x04,写出下列物质转化涉及的化学方程式,判断原电池正-负极的方法,代理判定·题干壳归位:材料讲根据物质转化中元素化合价变化或离子移动（阳离子移向正极区域）判断电池正负极，与节点名对应
chem-fx-ruo-hua-xue-fang-cheng-shi-zhong-ge-wu-f43x08,写出下列物质转化涉及的化学方程式,化学平衡常数的影响因素,代理判定·题干壳归位:材料讲化学计量数变为n倍时平衡常数变为n次幂、两方程式相加时平衡常数为乘积，属平衡常数随方程式书写形式的变化规律
chem-hj-teshu-wuzhi-huajia-suchan,部分含铜物质的分类与相应铜元素的化合价关系如图所示-下列说法正确的是,化合价,代理判定·题干壳归位:材料为特殊物质中元素化合价速查（CH4、C2H2、FeS2、S2O32-、N2H4等），属化合价
chem-hj2-dengxiao-pingheng-silei,部分含铜物质的分类与相应铜元素的化合价关系如图所示-下列说法正确的是,等效平衡,代理判定·题干壳归位:材料标题为等效平衡的分类与判断；正文讲恒温恒容、恒温恒压下按比例投料与折算判断等效，与节点名对应
chem-fx-cong-wu-zhi-lei-bie-he-wu-zhi-suo-han-f16x01,部分含铜物质的分类与相应铜元素的化合价关系如图所示-下列说法正确的是,横向变化体现了同价态不同的类别-氧化物-碱-盐-物质之间的转化,代理判定·题干壳归位:材料从物质类别与核心元素化合价两个角度分析转化；正文(1)为横向变化体现同价态不同类别（氧化物、盐、碱）之间的转化，与节
chem-fx-pan-duan-yuan-su-de-hua-he-jia-f30x03,部分含铜物质的分类与相应铜元素的化合价关系如图所示-下列说法正确的是,电离能的三个重要应用,代理判定·题干壳归位:材料由In+1远大于In判断常见化合价为+n、由逐级电离能突变判断电子层，属电离能的应用
chem-fx-yi-zhi-yuan-su-de-dian-fu-xing-he-yuan-f30x10,部分含铜物质的分类与相应铜元素的化合价关系如图所示-下列说法正确的是,电负性的三个重要应用,代理判定·题干壳归位:材料给出14种元素的电负性数据并考查其应用（与化合价一样是元素的基本性质），属电负性的应用
chem-hj-youji-zhibei-caozuo-yaodian,实验室制备溴苯的反应装置如图所示-下列关于实验操作或叙述错误的是,实验探究乙酸乙酯的制备,代理判定·题干壳归位:材料以乙酸乙酯制备为例讲加料顺序、冷凝回流、温度计位置、防暴沸与产率等关键操作要点，属该制备实验的探究
chem-hj2-youji-zhibei-tongyong-guilv,实验室制备溴苯的反应装置如图所示-下列关于实验操作或叙述错误的是,溴苯和硝基苯的制取实验,代理判定·题干壳归位:材料为有机物制备的通用规律（冷凝回流、廉价反应物过量、控温、防暴沸、产率计算）；包内无更通用的有机制备节点，归入有机制取
chem-hj2-shiyan-shunxu-sanlei,实验室制备溴苯的反应装置如图所示-下列关于实验操作或叙述错误的是,气体制备,代理判定·题干壳归位:材料讲操作顺序、加热顺序与连接顺序（发生、除杂、干燥、收集、尾气处理及进出气口），属气体制备实验的装置连接与操作顺序
chem-fx-zhuang-zhi-xing-cheng-feng-bi-ti-xi-ca-f66x08,实验室制备溴苯的反应装置如图所示-下列关于实验操作或叙述错误的是,气体制备,代理判定·题干壳归位:材料讲装置形成封闭体系后用微热法、液差法检查气密性的关键词与现象，属气体制备装置的组装与检查操作
chem-butadiene-bromination-control,已知-①环己烯可以通过1-3-丁二烯与乙烯发生环化加成反应得到,烯烃的化学性质,代理判定·题干壳归位:材料讲1，3-丁二烯与Br2的1，2-加成与1，4-加成及低温动力学控制、高温热力学控制的产物差异，属烯烃（二烯烃）的化
chem-fx-yi-zhi-f54x16,已知-①环己烯可以通过1-3-丁二烯与乙烯发生环化加成反应得到,沉淀溶解平衡的应用,代理判定·题干壳归位:材料给出Ksp(AgCl)、Ksp(AgBr)、Ksp(Ag2CrO4)要求计算三种阴离子沉淀的先后顺序，属分步沉淀这一
chem-fx-er-xi-ting-de-jia-cheng-fan-ying-he-ji-f59x02,已知-①环己烯可以通过1-3-丁二烯与乙烯发生环化加成反应得到,烯烃的化学性质,代理判定·题干壳归位:材料标题为二烯烃的加成反应和加聚反应；正文给出加成与加聚的方程式模型，属烯烃的化学性质
chem-unit-cell-distance-relations,一种由cu-in-te组成的晶体属四方晶系-晶胞参数如图所示,晶胞,代理判定·题干壳归位:材料讲立方晶胞中顶点与棱心、面心与体心等微粒间距关系（a/2、√2a/2、√3a/2及金刚石C-C键长），属晶胞的参数与
chem-hj-jingbao-canshu-jihggs,一种由cu-in-te组成的晶体属四方晶系-晶胞参数如图所示,晶胞,代理判定·题干壳归位:材料讲晶胞参数3组棱长a、b、c与3组夹角及立方晶胞面对角线√2a、体对角线√3a与堆积半径关系
chem-fx-jing-bao-can-shu-f35x03,一种由cu-in-te组成的晶体属四方晶系-晶胞参数如图所示,晶胞,代理判定·题干壳归位:材料定义晶胞参数为晶胞形状大小的6个参数（3组棱长与3组夹角），属晶胞的构成描述
chem-hj-rongzhi-teshu-jiejing-shui,碘-紫黑色固体-微溶于水-及其化合物广泛用于医药-染料等方面-回答下列问题,物质的量浓度,代理判定·题干壳归位:材料讲溶质的几种特殊情况（Na、Na2O2溶于水溶质为NaOH、SO3溶于水为H2SO4、结晶水合物溶质为无水物），属物
chem-fx-shao-bei-yong-yu-rong-jie-gu-ti-huo-xi-f05x07,碘-紫黑色固体-微溶于水-及其化合物广泛用于医药-染料等方面-回答下列问题,常见仪器,代理判定·题干壳归位:材料标题为烧杯；正文讲烧杯用于溶解固体或稀释浓溶液并要求洗涤液转入容量瓶，属常见仪器的使用
chem-fx-yuan-zi-de-dian-zi-shi-wei-f80x07,写出下列物质的电子式,电子式的书写与判断,代理判定·题干壳归位:材料由C原子的电子式推出sp2杂化与成单电子参与形成大π键；包内无大π键节点，归入电子式的书写与判断
chem-fx-yuan-zi-de-dian-zi-shi-wei-f80x08,写出下列物质的电子式,电子式的书写与判断,代理判定·题干壳归位:材料由C、N原子的电子式推出sp2杂化与大π键（n=4×1+2=6）；包内无大π键节点，归入电子式的书写与判断
chem-fx-an-shi-qi-ta-han-an-hua-he-wu-de-sheng-f78x01,2025-湖北卷-化合物g是某药物的关键原料-合成路线如下,氨的化学性质,代理判定·题干壳归位:材料讲氨转化为其他含氮含氨物质（氨在氧气中燃烧、液氨溶液、遇水转化、溶于氨水得深蓝色溶液、氨解反应），属氨的化学性质
chem-hj-peiwieshu-gainian,某离子晶体的晶胞结构如图所示-x位于立方体的顶点-y位于立方体的中心,晶胞,代理判定·题干壳归位:材料讲简单立方6、面心立方12、体心立方8及NaCl中均为6的晶体与晶胞配位数含义和求法，属晶胞结构的分析
chem-hj2-sidazhong-jingti-rongbodian,某离子晶体的晶胞结构如图所示-x位于立方体的顶点-y位于立方体的中心,晶体熔-沸点高低的比较方法,代理判定·题干壳归位:材料比较四类晶体的构成微粒与熔沸点（共价晶体高于离子晶体高于金属晶体高于分子晶体），属熔沸点高低的比较方法
chem-activation-energy-rate-priority,下列指定反应的离子方程式正确的是,活化能,代理判定·题干壳归位:材料讲相同反应时间内活化能（能垒）低的反应速率更快、产物物质的量与选择性更高，属活化能对反应速率与选择性的影响
chem-fx-pei-he-wu-de-sheng-cheng-shi-yan-tan-j-f78x07,硅及其化合物的应用范围很广-下列说法正确的是,配合物,代理判定·题干壳归位:材料讲配合物的生成实验探究与应用（叶绿素、血红素、维生素B12等以Mg2+为中心离子），属配合物
chem-kb-cl2-hydrogen-reaction,如图是通过热化学循环在较低温度下由水或硫化氢分解制备氢气的反应系统原理,氯气,代理判定·题干壳归位:材料讲H2+Cl2=2HCl及点燃时安静燃烧苍白色火焰、光照爆炸的现象，属氯气的化学性质
chem-fx-zhi-han-yi-zhong-yuan-su-de-wu-zhi-bu-f07x02,含碳元素的物质是化学世界中最庞大的家族-请填写下列空格,对物质的元素组成的几个误区,代理判定·题干壳归位:材料为易错点：只含一种元素的物质不一定是纯净物（O2与O3、金刚石与石墨）、不同同位素构成的单质是纯净物，属元素组成认识
chem-hj-youji-fenli-tichun-fangfa,下列关于有机物的分离-提纯方法-正确的是,有机物的分离和提纯,代理判定·题干壳归位:材料讲有机物分离提纯的蒸馏、重结晶、萃取与分液方法及甲烷除乙烯、乙醇除水、苯酚除苯等常见组合
chem-fx-chang-jian-jing-ti-de-jie-gou-mo-xing-f34x06,有关晶体的结构如图所示-下列说法不正确的是,分子晶体,代理判定·题干壳归位:材料为常见晶体的结构模型；正文内容为典型分子晶体干冰和冰（每个CO2周围等距紧邻12个CO2），属分子晶体的结构模型
chem-fx-cha-liang-fa-jie-ti-de-guan-jian-shi-z-f01x02,2025-湖北卷-化合物g是某药物的关键原料-合成路线如下,差量法,差量法缺节点已建，材料归位
math-kb-necessary-sufficient-iff,重要不等式-当且仅当时取号,充要条件,"材料标题《充要条件》与目标节点同名，原挂「重要不等式：,（当且仅当时取号）.」；别名取证反查（audit_bindings_by_alias）逐条裁定"
math-kb-fractional-inequality-transform,含参一元二次不等式的解法,分式不等式的解法,材料标题《分式不等式的解法》与目标节点同名，原挂「含参一元二次不等式的解法」；别名取证反查（audit_bindings_by_alias）逐条裁定
math-hj-sanchuixian-dingli,向量共线定理,三垂线定理及其逆定理,材料标题《三垂线定理及其逆定理》与目标节点同名，原挂「向量共线定理」；别名取证反查（audit_bindings_by_alias）逐条裁定
math-hj-zhongshu-zhongweishu-pingjunshu,平均数与中位数,众数、中位数与平均数,材料标题《众数、中位数与平均数》与目标节点同名，原挂「平均数与中位数」；别名取证反查（audit_bindings_by_alias）逐条裁定
math-hj-erxiangshi-xishu-xingzhi,函数的对称性,二项式系数的性质,材料标题《二项式系数的性质》与目标节点同名，原挂「函数的对称性」；别名取证反查（audit_bindings_by_alias）逐条裁定
math-hj-gailv-jiben-xingzhi,不等式的基本性质,概率的基本性质,材料标题《概率的基本性质》与目标节点同名，原挂「不等式的基本性质」；别名取证反查（audit_bindings_by_alias）逐条裁定
math-hj-s14-sub-1,取倒数法-an-1-p-q-r是常数-可变形为,1的代换,材料标题《1的代换》与目标节点同名，原挂「取倒数法」；别名取证反查（audit_bindings_by_alias）逐条裁定
math-hj-s26-power-props,函数单调性的性质,幂函数的性质,材料标题《幂函数的性质》与目标节点同名，原挂「函数单调性的性质」；别名取证反查（audit_bindings_by_alias）逐条裁定
math-hj-s92-variance,平面向量的线性运算,方差与标准差,材料标题《方差与标准差》与目标节点同名，原挂「平面向量的线性运算」；别名取证反查（audit_bindings_by_alias）逐条裁定
math-hj-s103-binomial-props,函数的对称性,二项式系数的性质,材料标题《二项式系数的性质》与目标节点同名，原挂「函数的对称性」；别名取证反查（audit_bindings_by_alias）逐条裁定
math-mo-erxiangshi-xishu-xingzhi,抽象函数的性质综合,二项式系数的性质,材料标题《二项式系数的性质》与目标节点同名，原挂「抽象函数的性质综合」；别名取证反查（audit_bindings_by_alias）逐条裁定
phys-bridge-method-resistance,共点力平衡,电桥法测电阻,材料标题《电桥法测电阻》与目标节点同名，原挂「平衡条件」；别名取证反查（audit_bindings_by_alias）逐条裁定
phys-kb-point-mass-ideal-model,物体看作质点的条件-物体的大小和形状对研究问题的影响可以忽略,质点,材料标题《质点》与目标节点同名，原挂「物体看作质点的条件」；别名取证反查（audit_bindings_by_alias）逐条裁定
phys-kb-motion-composition-independence,核心处理思想-运动的合成与分解-约束条件,运动的合成与分解,材料标题《运动的合成与分解》与目标节点同名，原挂「核心处理思想：运动的合成与分解 + 约束」；别名取证反查（audit_bindings_by_alias）逐条裁定
phys-kb-boat-crossing-river,速度定义-位移与发生这段位移所用时间之比-表示物体运动快慢的物理量-是过程量,小船渡河模型,材料标题《小船渡河模型》与目标节点同名，原挂「速度定义」；别名取证反查（audit_bindings_by_alias）逐条裁定
phys-kb-meter-modification,电压表-电流表的改装,电表的改装,材料标题《电表的改装》与目标节点同名，原挂「电压表、电流表的改装」；别名取证反查（audit_bindings_by_alias）逐条裁定
phys-kb-doppler-effect,多普勒效应的成因分析,多普勒效应,材料标题《多普勒效应》与目标节点同名，原挂「多普勒效应的成因分析」；别名取证反查（audit_bindings_by_alias）逐条裁定
phys-kb-wave-particle-duality-light,光的波粒二象性-长期争论后达成的共识,光的波粒二象性,材料标题《光的波粒二象性》与目标节点同名，原挂「光的波粒二象性(长期争论后达成的共识)」；别名取证反查（audit_bindings_by_alias）逐条裁定
phys-kb-half-life-statistic,规律的用途-利用天然放射性元素的半衰期可以估测岩石-化石和文物的年代,半衰期,材料标题《半衰期》与目标节点同名，原挂「规律的用途」；别名取证反查（audit_bindings_by_alias）逐条裁定
phys-kb-mechanical-energy-verification,机械能守恒定律,验证机械能守恒定律,材料标题《验证机械能守恒定律》与目标节点同名，原挂「机械能守恒定律」；别名取证反查（audit_bindings_by_alias）逐条裁定
phys-kb-oil-film-molecule-diameter,物体看作质点的条件-物体的大小和形状对研究问题的影响可以忽略,油膜法估测油酸分子的大小,材料标题《油膜法估测油酸分子的大小》与目标节点同名，原挂「物体看作质点的条件」；别名取证反查（audit_bindings_by_alias）逐条裁定
phys-hj-061-motion-composition-rule,核心处理思想-运动的合成与分解-约束条件,运动的合成与分解,材料标题《运动的合成与分解》与目标节点同名，原挂「核心处理思想：运动的合成与分解 + 约束」；别名取证反查（audit_bindings_by_alias）逐条裁定
phys-hj-088-impulse-concept,动量定理,冲量,材料标题《冲量》与目标节点同名，原挂「动量定理」；别名取证反查（audit_bindings_by_alias）逐条裁定
phys-hj-064-river-crossing-model,滑块-木板模型的临界问题,小船渡河模型,材料标题《小船渡河模型》与目标节点同名，原挂「滑块-木板模型的临界问题」；别名取证反查（audit_bindings_by_alias）逐条裁定
phys-hj-071-acceleration-concept,速度-速度的变化量-加速度的比较,加速度,材料标题《加速度》与目标节点同名，原挂「速度、速度的变化量、加速度的比较」；别名取证反查（audit_bindings_by_alias）逐条裁定
phys-hj-193-magnetic-field-superposition,磁场的基本概念和性质,磁场的叠加,材料标题《磁场的叠加》与目标节点同名，原挂「磁场的基本概念和性质」；别名取证反查（audit_bindings_by_alias）逐条裁定
phys-hj2-dongliang-dingli-dianci-yingyong,动量定理的应用-流体类模型,动量定理在电磁感应中的应用,材料标题《动量定理在电磁感应中的应用》与目标节点同名，原挂「动量定理的应用——流体类模型」；别名取证反查（audit_bindings_by_alias）逐条裁定
phys-hj2-qiti-fenzidonglilun-tedian,分子运动速率分布图像-气体分子速率呈-中间多-两头少-的规律分布-如下图所示,气体分子运动的特点,材料标题《气体分子运动的特点》与目标节点同名，原挂「分子运动速率分布图像」；别名取证反查（audit_bindings_by_alias）逐条裁定
phys-hj2-guang-de-boli-erxiangxing,光的波粒二象性-长期争论后达成的共识,光的波粒二象性,材料标题《光的波粒二象性》与目标节点同名，原挂「光的波粒二象性(长期争论后达成的共识)」；别名取证反查（audit_bindings_by_alias）逐条裁定
phys-hj2-shuangfeng-shiyan-cebchang,实验原理-条纹间距δx与光波长λ-双缝间距d及双缝与屏的距离l-有关系式为,用双缝干涉测量光的波长实验,材料标题《用双缝干涉测量光的波长实验》与目标节点同名，原挂「实验原理」；别名取证反查（audit_bindings_by_alias）逐条裁定
phys-hj2-banpianfa-ce-neizu,电压表-电流表的改装,半偏法测电表内阻,材料标题《半偏法测电表内阻》与目标节点同名，原挂「电压表、电流表的改装」；别名取证反查（audit_bindings_by_alias）逐条裁定
phys-hj2-xiaochuan-duhe-moxing,速度定义-位移与发生这段位移所用时间之比-表示物体运动快慢的物理量-是过程量,小船渡河模型,材料标题《小船渡河模型》与目标节点同名，原挂「速度定义」；别名取证反查（audit_bindings_by_alias）逐条裁定
phys-hj3-magnetic-field-superposition,磁场的基本概念和性质,磁场的叠加,材料标题《磁场的叠加》与目标节点同名，原挂「磁场的基本概念和性质」；别名取证反查（audit_bindings_by_alias）逐条裁定
phys-hj3-em-induction-momentum-theorem,动量定理的应用-流体类模型,动量定理在电磁感应中的应用,材料标题《动量定理在电磁感应中的应用》与目标节点同名，原挂「动量定理的应用——流体类模型」；别名取证反查（audit_bindings_by_alias）逐条裁定
phys-hj3-gravity-vs-gravitation,万有引力与航天的基本定律和概念,万有引力与重力的关系,材料标题《万有引力与重力的关系》与目标节点同名，原挂「万有引力与航天的基本定律和概念」；别名取证反查（audit_bindings_by_alias）逐条裁定
phys-fx-boat-crossing-river-model,速度定义-位移与发生这段位移所用时间之比-表示物体运动快慢的物理量-是过程量,小船渡河模型,材料标题《小船渡河模型》与目标节点同名，原挂「速度定义」；别名取证反查（audit_bindings_by_alias）逐条裁定
phys-mo-dyn-equilibrium-b,相似三角形-动态三角形-拉密定理等方法解决临界极值问题,动态平衡问题,材料标题《动态平衡问题》与目标节点同名，原挂「三力平衡的三角形法与拉密定理」；别名取证反查（audit_bindings_by_alias）逐条裁定
phys-mo-l01-motion-description-b-4,平均速度与瞬时速度的区别,速度,材料标题《速度》与目标节点同名，原挂「平均速度与瞬时速度的区别：」；别名取证反查（audit_bindings_by_alias）逐条裁定
phys-mo-l01-motion-description-b-5,速度-速度的变化量-加速度的比较,加速度,材料标题《加速度》与目标节点同名，原挂「速度、速度的变化量、加速度的比较」；别名取证反查（audit_bindings_by_alias）逐条裁定
phys-mo-l02-uniform-acceleration-b,应用匀变速直线运动规律解题的基本思路,匀变速直线运动,材料标题《匀变速直线运动》与目标节点同名，原挂「应用匀变速直线运动规律解题的基本思路」；别名取证反查（audit_bindings_by_alias）逐条裁定
phys-mo-l05-three-nature-forces-b-2,方向-总是竖直向下-竖直向下是和水平面垂直-不一定和接触面垂直-也不一定指向地心,重力,材料标题《重力》与目标节点同名，原挂「重力的方向」；别名取证反查（audit_bindings_by_alias）逐条裁定
phys-mo-l05-three-nature-forces-b-3,胡克定律,弹力,材料标题《弹力》与目标节点同名，原挂「探究结果：胡克定律（x为形变量）」；别名取证反查（audit_bindings_by_alias）逐条裁定
phys-mo-l05-three-nature-forces-b-4,静摩擦力与滑动摩擦力的比较,摩擦力,材料标题《摩擦力》与目标节点同名，原挂「静摩擦力与滑动摩擦力的比较」；别名取证反查（audit_bindings_by_alias）逐条裁定
phys-mo-l06-force-composition-b-2,合成与分解法则-平行四边形法则,力的合成,材料标题《力的合成》与目标节点同名，原挂「合成与分解法则：平行四边形法则」；别名取证反查（audit_bindings_by_alias）逐条裁定
phys-mo-l06-force-composition-b-3,按实际作用效果分解-最典型的是将速度分解为,力的分解,材料标题《力的分解》与目标节点同名，原挂「按实际作用效果分解。最典型的是将速度分解」；别名取证反查（audit_bindings_by_alias）逐条裁定
phys-mo-l09-newton-laws-basic-b-3,作用力与反作用力,牛顿第三定律,材料标题《牛顿第三定律》与目标节点同名，原挂「作用力与反作用力」；别名取证反查（audit_bindings_by_alias）逐条裁定
phys-mo-l13-curved-motion-b,运动性质-匀变速曲线运动-加速度恒为重力加速度-g-大小方向不变,曲线运动,材料标题《曲线运动》与目标节点同名，原挂「运动性质」；别名取证反查（audit_bindings_by_alias）逐条裁定
phys-mo-l13-curved-motion-b-2,核心处理思想-运动的合成与分解-约束条件,运动的合成与分解,材料标题《运动的合成与分解》与目标节点同名，原挂「核心处理思想：运动的合成与分解 + 约束」；别名取证反查（audit_bindings_by_alias）逐条裁定
phys-mo-l14-projectile-b,运动性质-匀变速曲线运动-加速度恒为重力加速度-g-大小方向不变,平抛运动,材料标题《平抛运动》与目标节点同名，原挂「运动性质」；别名取证反查（audit_bindings_by_alias）逐条裁定
ext-bio-a31d151554-004,共同进化,协同进化与生物多样性的形成,材料标题《协同进化与生物多样性的形成》与目标节点同名，原挂「共同进化」；别名取证反查（audit_bindings_by_alias）逐条裁定
phys-mo-l16-exp-projectile-centripetal-b-4,实验方法-控制变量法-保持m不变探究a与f关系-保持f不变探究a与m关系,控制变量法,材料标题《控制变量法》与目标节点同名，原挂「实验方法」；别名取证反查（audit_bindings_by_alias）逐条裁定
phys-mo-l19-work-power-b,合力做功的计算方法,功,材料标题《功》与目标节点同名，原挂「合力做功的计算方法」；别名取证反查（audit_bindings_by_alias）逐条裁定
phys-mo-l19-work-power-b-2,机车启动问题,功率,材料标题《功率》与目标节点同名，原挂「机车启动问题」；别名取证反查（audit_bindings_by_alias）逐条裁定
phys-mo-l20-kinetic-theorem-b,时刻-表示某一瞬间-在时间轴上用点表示-是一个状态量,动能,材料标题《动能》与目标节点同名，原挂「时刻」；别名取证反查（audit_bindings_by_alias）逐条裁定
phys-mo-l21-mech-energy-b-4,机械能守恒定律的三种表达式,机械能守恒定律,材料标题《机械能守恒定律》与目标节点同名，原挂「机械能守恒定律的三种表达式」；别名取证反查（audit_bindings_by_alias）逐条裁定
phys-mo-l22-work-energy-b,功能关系和能量守恒定律,功能关系,材料标题《功能关系》与目标节点同名，原挂「功能关系和能量守恒定律」；别名取证反查（audit_bindings_by_alias）逐条裁定
phys-mo-l24-momentum-impulse-b-3,速度定义-位移与发生这段位移所用时间之比-表示物体运动快慢的物理量-是过程量,冲量,材料标题《冲量》与目标节点同名，原挂「速度定义」；别名取证反查（audit_bindings_by_alias）逐条裁定
phys-mo-l25-momentum-consv-b,机械能守恒定律的三种表达式,动量守恒定律,材料标题《动量守恒定律》与目标节点同名，原挂「机械能守恒定律的三种表达式」；别名取证反查（audit_bindings_by_alias）逐条裁定
phys-mo-l31-mechanical-wave-b-3,衍射-波在传播过程中可以绕过障碍物继续传播的现象叫做波的衍射,波的衍射,材料标题《波的衍射》与目标节点同名，原挂「衍射」；别名取证反查（audit_bindings_by_alias）逐条裁定
phys-mo-l31-mechanical-wave-b-4,波的干涉中振动加强点和减弱点的判断方法,波的干涉,材料标题《波的干涉》与目标节点同名，原挂「波的干涉中振动加强点和减弱点的判断方法：」；别名取证反查（audit_bindings_by_alias）逐条裁定
phys-mo-l31-mechanical-wave-b-5,多普勒效应的成因分析,多普勒效应,材料标题《多普勒效应》与目标节点同名，原挂「多普勒效应的成因分析」；别名取证反查（audit_bindings_by_alias）逐条裁定
phys-mo-l47-particle-magnetic-field-b,特点-f-b-f-v-即f垂直于b与v决定的平面-f与v始终垂直-洛伦兹力不做功,洛伦兹力,材料标题《洛伦兹力》与目标节点同名，原挂「洛伦兹力的特点」；别名取证反查（audit_bindings_by_alias）逐条裁定
chem-hj-an-huaxuexingzhi,从化合价的角度认识cl2的化学性质-歧化反应,氨的化学性质,材料标题《氨的化学性质》与目标节点同名，原挂「从化合价的角度认识Cl2的化学性质——歧」；别名取证反查（audit_bindings_by_alias）逐条裁定
chem-hj-lv-dexingzhi,从化合价的角度认识cl2的化学性质-歧化反应,铝的化学性质,材料标题《铝的化学性质》与目标节点同名，原挂「从化合价的角度认识Cl2的化学性质——歧」；别名取证反查（audit_bindings_by_alias）逐条裁定
chem-fx-fan-ying-re-f37x01,反应热-焓变,反应热,材料标题《反应热》与目标节点同名，原挂「反应热、焓变」；别名取证反查（audit_bindings_by_alias）逐条裁定
ext-mat-f80078ac75-001,递推数列,数列的递推公式,材料标题《数列的递推公式》与目标节点同名，原挂「递推数列」；别名取证反查（audit_bindings_by_alias）逐条裁定
ext-mat-bdf0d92b84-005,由线-面关系误解向量关系,空间位置关系的向量表示,材料标题《空间位置关系的向量表示》与目标节点同名，原挂「由线、面关系误解向量关系」；别名取证反查（audit_bindings_by_alias）逐条裁定
chem-fx-ran-liao-dian-chi-f39x06,制作简单的燃料电池,燃料电池,材料标题《燃料电池》与目标节点同名，原挂「制作简单的燃料电池」；别名取证反查（audit_bindings_by_alias）逐条裁定
ext-phy-5aff2fc1d4-022,原子核,原子核的组成-原子核是由质子和中子组成的-原子核的电荷数等于核内的质子数,材料标题《原子核的组成》与目标节点同名，原挂「原子核」；别名取证反查（audit_bindings_by_alias）逐条裁定
ext-phy-ad8be6d3ca-016,弹簧振子,弹簧振子模型,材料标题《弹簧振子模型》与目标节点同名，原挂「弹簧振子」；别名取证反查（audit_bindings_by_alias）逐条裁定
ext-phy-d160864baa-004,路端电压,路端电压与外电阻的关系,材料标题《路端电压与外电阻的关系》与目标节点同名，原挂「路端电压」；别名取证反查（audit_bindings_by_alias）逐条裁定
ext-phy-0d3c7c81f5-013,多普勒效应,多普勒效应的成因分析,材料标题《多普勒效应的成因分析》与目标节点同名，原挂「多普勒效应」；别名取证反查（audit_bindings_by_alias）逐条裁定
ext-phy-14007d0207-002,运动分解-核心思想,运动的合成与分解,材料标题《运动的合成与分解》与目标节点同名，原挂「运动分解（核心思想）」；别名取证反查（audit_bindings_by_alias）逐条裁定
ext-phy-3d0f385573-001,等效重力场的相关知识点及解释,等效重力场,材料标题《等效重力场》与目标节点同名，原挂「等效重力场的相关知识点及解释」；别名取证反查（audit_bindings_by_alias）逐条裁定
ext-phy-1c3b50efe0-003,表达式-e-n-n为线圈匝数,法拉第电磁感应定律,材料标题《法拉第电磁感应定律》与目标节点同名，原挂「表达式：E＝n，n为线圈匝数。」；别名取证反查（audit_bindings_by_alias）逐条裁定
ext-mat-54bbe673d9-005b,内切球与球的相切问题,棱切球,材料标题《棱切球（与各棱相切的球）》与目标节点同名，原挂「内切球与球的相切问题」；别名取证反查（audit_bindings_by_alias）逐条裁定
ext-mat-e40854d3d9-002,数列中的公共项问题,数列的公共项问题,材料标题《数列的公共项问题》与目标节点同名，原挂「数列中的公共项问题」；别名取证反查（audit_bindings_by_alias）逐条裁定
bio-kb3-f3-s3-2-n03,用高倍显微镜观察叶绿体和细胞质的流动,叶绿体,材料标题《叶绿体》与目标节点同名，原挂「用高倍显微镜观察叶绿体和细胞质的流动」；别名取证反查（audit_bindings_by_alias）逐条裁定
bio-kb3-f5-s5-3-n11,细胞呼吸的影响因素及应用,无氧呼吸,材料标题《无氧呼吸》与目标节点同名，原挂「细胞呼吸的影响因素及应用」；别名取证反查（audit_bindings_by_alias）逐条裁定
bio-mo-heredity-004,孟德尔的豌豆杂交实验过程分析,分离定律,材料标题《分离定律》与目标节点同名，原挂「孟德尔的豌豆杂交实验过程分析」；别名取证反查（audit_bindings_by_alias）逐条裁定
bio-mo-heredity-020,孟德尔的豌豆杂交实验过程分析,自由组合定律,材料标题《自由组合定律》与目标节点同名，原挂「孟德尔的豌豆杂交实验过程分析」；别名取证反查（audit_bindings_by_alias）逐条裁定
bio-mo-gene-007,减数分裂细胞中染色体-dna数量变化规律,减数分裂,材料标题《减数分裂》与目标节点同名，原挂「减数分裂细胞中染色体、DNA数量变化规律」；别名取证反查（audit_bindings_by_alias）逐条裁定
ext-che-08a9179372-024,硫单质,应用氧化还原反应的原理实现不同价态含硫物质的转化,材料标题《不同价态含硫物质的转化》与目标节点同名，原挂「硫」；别名取证反查（audit_bindings_by_alias）逐条裁定
ext-che-b8ae75e42f-014,主要因素,影响化学反应速率的因素,材料标题《影响化学反应速率的因素》与目标节点同名，原挂「主要因素」；别名取证反查（audit_bindings_by_alias）逐条裁定
bio-mo-sex-linked-003,伴性遗传的特点及应用,伴性遗传,材料标题《伴性遗传》与目标节点同名，原挂「伴性遗传的特点及应用」；别名取证反查（audit_bindings_by_alias）逐条裁定
ext-che-c07d9578b6-002,弱电解质的电离,弱电解质的电离平衡,材料标题《弱电解质的电离平衡》与目标节点同名，原挂「弱电解质的电离」；别名取证反查（audit_bindings_by_alias）逐条裁定
ext-che-debd9107b2-004,化学键与物质的类别,化学键与物质类别的关系,材料标题《化学键与物质类别的关系》与目标节点同名，原挂「化学键与物质的类别」；别名取证反查（audit_bindings_by_alias）逐条裁定
ext-che-af4dd3fb51-016,自然资源的开发利用,金属冶炼,材料标题《金属矿物的开发利用》与目标节点同名，原挂「自然资源的开发利用」；别名取证反查（audit_bindings_by_alias）逐条裁定
ext-phy-21d4982874-046,动量定理,动量定理在磁场中的应用,材料标题《动量定理在磁场中的应用》与目标节点同名，原挂「动量定理」；别名取证反查（audit_bindings_by_alias）逐条裁定
ext-phy-b6feafc5c0-008,整体法与隔离法在受力分析中的应用,系统牛顿第二定律,材料标题《系统牛顿第二定律》与目标节点同名，原挂「整体法与隔离法在受力分析中的应用」；别名取证反查（audit_bindings_by_alias）逐条裁定
ext-phy-5d101c954d-003b,波粒二象性,光的波粒二象性,材料标题《光的波粒二象性》与目标节点同名，原挂「波粒二象性」；别名取证反查（audit_bindings_by_alias）逐条裁定
ext-phy-eb0776923d-003,核心处理思想-运动的合成与分解,小船渡河模型,材料标题《小船渡河模型》与目标节点同名，原挂「核心处理思想：运动的合成与分解：」；别名取证反查（audit_bindings_by_alias）逐条裁定
bio-plasmolysis-death-verification,实验-探究抗生素对细菌的选择作用,质壁分离,复原实验鉴别平衡与死亡＝质壁分离实验的判读，与抗生素实验无关
bio-kb2-01-cyanobacteria,实验-探究抗生素对细菌的选择作用,原核细胞,蓝细菌是必修1 第一章的原核细胞典型，与抗生素实验无关
bio-fx-acetobacter-characters,实验-探究抗生素对细菌的选择作用,传统发酵技术,醋酸菌/果醋发酵属传统发酵技术
bio-fx-selective-media-screening,实验-探究抗生素对细菌的选择作用,结束后-应将耐药菌-培养基-纸片等进行高温灭菌处理-防止对环境造成污染,选择培养基筛选法属《培养基的分类》同一知识（该节点已改名「培养基的分类与使用」）
math-duichenhua-gouzaofa,极值点偏移问题,极值点偏移的对称化构造法,材料标题「极值点偏移的对称化构造法」与目标节点同名且边界吻合；现挂节点与该题无关（2026-09-19 错绑嫌疑审计·主循环逐条复核）
math-kb-geometric-mean-term,等比数列的有关公式,等比中项,材料标题「等比中项」与目标节点同名且边界吻合；现挂节点与该题无关（2026-09-19 错绑嫌疑审计·主循环逐条复核）
math-kb-geometric-proof-methods,等比数列的通项,等比数列的判断与证明方法,材料标题「等比数列的判断与证明方法」与目标节点同名且边界吻合；现挂节点与该题无关（2026-09-19 错绑嫌疑审计·主循环逐条复核）
math-kb-analytic-expression-methods,换元法-主要用于解决已知的解析式-求函数的解析式的问题,求函数解析式的常用方法,材料标题「求函数解析式的常用方法」与目标节点同名且边界吻合；现挂节点与该题无关（2026-09-19 错绑嫌疑审计·主循环逐条复核）
math-kb-fibonacci-sequence-properties,应用等比数列性质解题时的2个注意点,斐波那契数列,材料标题「斐波那契数列」与目标节点同名且边界吻合；现挂节点与该题无关（2026-09-19 错绑嫌疑审计·主循环逐条复核）
math-kb-equal-angle-theorem-space,空间向量的有关定理,等角定理,材料标题「等角定理」与目标节点同名且边界吻合；现挂节点与该题无关（2026-09-19 错绑嫌疑审计·主循环逐条复核）
math-kb-coordinate-system-setup-principle,空间向量数量积的坐标表示及其应用,空间直角坐标系的建立原则,材料标题「空间直角坐标系的建立原则」与目标节点同名且边界吻合；现挂节点与该题无关（2026-09-19 错绑嫌疑审计·主循环逐条复核）
math-hj-fuzhujiao-gongshi,二倍角公式,辅助角公式,材料标题「辅助角公式」与目标节点同名且边界吻合；现挂节点与该题无关（2026-09-19 错绑嫌疑审计·主循环逐条复核）
math-hj-banjiao-gongshi,二倍角公式,半角公式,材料标题「半角公式」与目标节点同名且边界吻合；现挂节点与该题无关（2026-09-19 错绑嫌疑审计·主循环逐条复核）
math-hj-dian-yu-yuan-weihi,直线与圆的位置关系,点与圆的位置关系,材料标题「点与圆的位置关系」与目标节点同名且边界吻合；现挂节点与该题无关（2026-09-19 错绑嫌疑审计·主循环逐条复核）
math-hj-xianchang-gongshi-yuanzhui,圆锥曲线的综合问题,圆锥曲线的弦长公式,材料标题「圆锥曲线的弦长公式」与目标节点同名且边界吻合；现挂节点与该题无关（2026-09-19 错绑嫌疑审计·主循环逐条复核）
math-hj-s15-chain,绝对值不等式,均值不等式链,材料标题「均值不等式链」与目标节点同名且边界吻合；现挂节点与该题无关（2026-09-19 错绑嫌疑审计·主循环逐条复核）
math-hj-s43-auxiliary-angle,二倍角公式,辅助角公式,材料标题「辅助角公式」与目标节点同名且边界吻合；现挂节点与该题无关（2026-09-19 错绑嫌疑审计·主循环逐条复核）
math-hj-s44-half-angle,二倍角公式,半角公式,材料标题「半角公式」与目标节点同名且边界吻合；现挂节点与该题无关（2026-09-19 错绑嫌疑审计·主循环逐条复核）
math-hj-s65-sum-reverse,逆序相加法求数列的前n项和,倒序相加法,材料标题「倒序相加法」与目标节点同名且边界吻合；现挂节点与该题无关（2026-09-19 错绑嫌疑审计·主循环逐条复核）
math-fx-qingxiejiao-xielv-gainian,忽视异面直线的夹角与向量的夹角范围不同,直线的倾斜角与斜率,材料标题「直线的倾斜角与斜率」与目标节点同名且边界吻合；现挂节点与该题无关（2026-09-19 错绑嫌疑审计·主循环逐条复核）
math-fx-dian-yu-yuan-weizhi,直线与圆的位置关系,点与圆的位置关系,材料标题「点与圆的位置关系」与目标节点同名且边界吻合；现挂节点与该题无关（2026-09-19 错绑嫌疑审计·主循环逐条复核）
math-fx-meinilaosi-saiva-dingli,向量共线定理,梅涅劳斯定理与塞瓦定理,材料标题「梅涅劳斯定理与塞瓦定理」与目标节点同名且边界吻合；现挂节点与该题无关（2026-09-19 错绑嫌疑审计·主循环逐条复核）
math-mo-shanxing-huchang-mianji,三角形面积公式,扇形的弧长与面积公式,材料标题「扇形的弧长与面积公式」与目标节点同名且边界吻合；现挂节点与该题无关（2026-09-19 错绑嫌疑审计·主循环逐条复核）
ext-mat-21f409769a-001,直线的方程,直线的倾斜角与斜率,材料标题「直线的倾斜角与斜率」与目标节点同名且边界吻合；现挂节点与该题无关（2026-09-19 错绑嫌疑审计·主循环逐条复核）
ext-mat-756b0344d1-001b,极值点偏移问题,极值点偏移的对称化构造法,材料标题「极值点偏移的对称化构造法」与目标节点同名且边界吻合；现挂节点与该题无关（2026-09-19 错绑嫌疑审计·主循环逐条复核）
ext-mat-9e21a7e47c-003,等差数列,等差数列的判定与证明方法,材料标题「等差数列的判定与证明方法」与目标节点同名且边界吻合；现挂节点与该题无关（2026-09-19 错绑嫌疑审计·主循环逐条复核）
ext-mat-9e21a7e47c-003b,等比数列,等比数列的判定与证明方法,材料标题「等比数列的判定与证明方法」与目标节点同名且边界吻合；现挂节点与该题无关（2026-09-19 错绑嫌疑审计·主循环逐条复核）
ext-mat-8d4d2bc954-001f,三角形解的个数问题,三角形解的个数判断,材料标题「三角形解的个数判断」与目标节点同名且边界吻合；现挂节点与该题无关（2026-09-19 错绑嫌疑审计·主循环逐条复核）
ext-mat-9346e3d003-008,圆的方程,圆的参数方程,材料标题「圆的参数方程」与目标节点同名且边界吻合；现挂节点与该题无关（2026-09-19 错绑嫌疑审计·主循环逐条复核）
ext-mat-2c4c1b3df0-003,奔驰定理,三角形四心的向量表示,材料标题「三角形四心的向量表示」与目标节点同名且边界吻合；现挂节点与该题无关（2026-09-19 错绑嫌疑审计·主循环逐条复核）
ext-mat-9e06c77f62-001b,硬解定理,圆锥曲线的弦长公式,材料标题「圆锥曲线的弦长公式」与目标节点同名且边界吻合；现挂节点与该题无关（2026-09-19 错绑嫌疑审计·主循环逐条复核）
ext-mat-6a743128b0-001,解分数不等式忽略分母不为零致错,分式不等式的解法,材料标题「分式不等式的解法」与目标节点同名且边界吻合；现挂节点与该题无关（2026-09-19 错绑嫌疑审计·主循环逐条复核）
ext-mat-9c65092122-005,复数的概念,复数相等的充要条件,材料标题「复数相等的充要条件」与目标节点同名且边界吻合；现挂节点与该题无关（2026-09-19 错绑嫌疑审计·主循环逐条复核）
ext-mat-c114939125-005b,分式不等式及其解法,分式不等式的解法,材料标题「分式不等式的解法」与目标节点同名且边界吻合；现挂节点与该题无关（2026-09-19 错绑嫌疑审计·主循环逐条复核）
ext-mat-d526b3fb2b-002c,对数运算,对数混合运算的一般原则,材料标题「对数混合运算的一般原则」与目标节点同名且边界吻合；现挂节点与该题无关（2026-09-19 错绑嫌疑审计·主循环逐条复核）
ext-mat-4621e44142-001e,等差数列,等差数列的判定方法,材料标题「等差数列的判定方法」与目标节点同名且边界吻合；现挂节点与该题无关（2026-09-19 错绑嫌疑审计·主循环逐条复核）
bio-fj-04-dna-diversity-specificity,dna的双螺旋结构,DNA分子的多样性与特异性,错绑审计（slice_01）：材料讲4种脱氧核苷酸数量不限与排列顺序构成多样性、特定比例与顺序构成特异性且与空间结构无关；候选节点即专收该内容（以碱基对的排列顺序与4^n排列数为准）；现挂节点是双螺旋结构要点（反向平行链与碱基互补配对）仅在边界末附带提及该内容
bio-fj-04-nucleic-acid-function,遗传信息的翻译,核酸是遗传信息的携带者,错绑审计（slice_02）：材料讲核酸携带遗传信息并控制生物体的遗传变异和蛋白质的生物合成、每个人的遗传物质有区别故DNA可供嫌疑人信息；属必修1第二章核酸功能点的范围、而现挂「遗传信息的翻译」边界只收翻译的场所模板与密码子特性
bio-fj-07-factors-affecting-transport,物质出入细胞的方式,影响物质跨膜运输的因素,错绑审计（slice_03）：材料讲浓度差与载体数量与氧气与温度如何影响跨膜运输速率（低氧时主动运输速率降但不为零；高氧后因载体限制饱和）；现挂节点边界只收五类物质出入细胞方式的比较与判断方法并明示不涉及各运输的详细分子机制；候选节点边界正是这些速率曲线与供能要点
bio-fj-17-genetic-disease-survey,人类遗传病,调查人群中的遗传病,错绑审计（slice_04）：材料通篇讲遗传病调查方法（发病率要在人群中随机抽样并给出计算公式；遗传方式要在患者家系中调查）；候选节点边界正是「发病率必须在人群中随机取样…调查遗传方式必须在患者家系中进行」；现挂节点边界收的是人类遗传病的概念与三大类型
bio-fj-32-population-research-application,细胞呼吸原理的应用,种群研究的应用,错绑审计（slice_05）：材料讲调查种群密度与年龄结构保护濒危动物、中等强度捕捞可持续高产、降低环境容纳量防治鼠害；现挂节点边界只讲细胞呼吸原理在粮食储存与果蔬保鲜中的应用；候选节点边界正是保护要提高环境容纳量、防治要降低环境容纳量
bio-kb2-07-transport-factors,物质出入细胞的方式,影响物质跨膜运输的因素,错绑审计（slice_06）：材料逐条给出三类运输的限制因素（自由扩散看浓度梯度；协助扩散还看转运蛋白数量；主动运输看载体种类数量与能量且氧气温度经呼吸供能影响）；现挂节点边界只声明五类出入方式的比较与判断方法并明说不涉及各运输的详细分子机制；同名节点边界正是运输速率限
bio-kb2-07-transport-modes-compare,自由扩散,物质跨膜运输方式的比较,错绑审计（slice_07）：材料按是否需转运蛋白、是否耗能与顺逆浓度三维并行比较自由扩散与协助扩散、主动运输、胞吞胞吐四类方式并举红细胞与小肠上皮细胞吸收葡萄糖说明同一物质在不同细胞中方式不同；候选边界正是这三维度与「同一物质在不同细胞中运输方式可能不同」；现挂「自由
bio-kb3-f2-s2-5-n01,遗传信息的翻译,核酸是遗传信息的携带者,错绑审计（slice_08）：材料只讲核酸分DNA与RNA两类及真核细胞DNA主要分布在细胞核与线粒体叶绿体、原核生物DNA在拟核；现挂节点边界限于翻译的场所模板与密码子特性 不含核酸的种类与分布；候选节点同名且边界即DNA分布与病毒只含一种核酸 并已挂「核酸的种类及其
bio-kb3-f2-s2-5-n05,遗传信息的翻译,核酸是遗传信息的携带者,错绑审计（slice_09）：材料只讲核酸是遗传信息携带者及其在遗传变异与蛋白质合成中的作用；现挂节点边界限于翻译的场所模板与密码子特性 不含此内容；候选节点同名且其别名含「核酸的功能」
bio-mo-gene-137,人类遗传病,遗传病的检测和预防,错绑审计（slice_11）：材料讲禁止近亲结婚与遗传咨询与适龄生育与产前诊断（羊水检查、B超、基因检测）等检测预防手段；现挂节点边界只收人类遗传病的概念与三大类型及五个不一定；候选节点边界正是产前诊断不等同基因检测与禁止近亲结婚只能降低隐性遗传病发病率
bio-mo-segregation-law-007,基因型-表型的推断,表型与基因型的关系,错绑审计（slice_12）：材料三条结论是「基因型决定表型」「基因型相同表型不一定相同（受环境影响）」「表型相同基因型不一定相同」；候选节点边界正是「表型不完全由基因型决定、环境也会影响表型」；现挂节点边界讲的是亲代与子代的正推逆推与3:1、1:1等比例计算、材料无任
chem-fx-di-ding-fen-xi-fa-f70x03,连续型离子方程式的书写-分类分析法,滴定分析法,错绑审计（slice_10）：材料讲滴定分析法定义（标准液滴加至按化学计量反应完全、由消耗体积算含量）与指示剂确定终点；现挂「连续型离子方程式的书写」只收连续反应型离子方程式；候选边界正是滴定终点、读数与误差分析
chem-fx-xin-xing-wu-ji-fei-jin-shu-cai-liao-f18x03,常见金属材料,新型无机非金属材料,错绑审计（slice_01）：材料讲高温结构陶瓷（SiC、BN、Si3N4、Al2O3）与碳纳米材料（富勒烯、碳纳米管、石墨烯）；候选节点边界即以碳纳米材料与碳化硅氮化硅的类别判断为内容；现挂节点围绕金属材料展开、与材料内容无交集
chem-hj-changjian-liusuyan,过氧化钠,常见硫酸盐的性质与用途,错绑审计（slice_02）：材料讲石膏与熟石膏、胆矾及无水硫酸铜检验水、硫酸钡不溶于酸可作钡餐的组成与用途；正对候选节点边界「硫酸钡作钡餐的前提是既不溶于水也不溶于酸」等硫酸盐条目、与现挂「过氧化钠的性质与探究」从化合价分析Na2O2完全无关
chem-hj-cuyan-tichun-shunxu,有关铁及其化合物的除杂,粗盐提纯的除杂试剂与顺序,错绑审计（slice_03）：材料讲粗盐提纯用BaCl2与NaOH与Na2CO3依次除SO42-与Mg2+与Ca2+再加盐酸并强调BaCl2必须在Na2CO3之前；现挂节点边界只围绕铁及其化合物的除杂（调pH除铁与铜盐溶液除铁）；候选节点边界正是碳酸钠不能加在氯化钡之前
chem-hj-f113-jita-jifata-guangpu,元素周期表与原子结构的规律,基态、激发态与原子光谱,错绑审计（slice_04）：材料讲基态与激发态跃迁、发射光谱与吸收光谱、特征谱线用于光谱分析（含焰色试验与霓虹灯）；候选节点边界正是「基态到激发态吸收能量对应吸收光谱…光谱分析用于鉴定元素种类」；现挂节点边界只收电子排布与化合价规律
chem-hj-jianjixing-yu-suanxing,键的极性和分子的极性,键的极性对羧酸酸性的影响,错绑审计（slice_05）：材料专讲羟基极性越大越易电离出氢离子、烷基推电子使酸性减弱；现挂节点主体是极性键与极性分子概念（羧酸酸性只写成附带的延伸内容）；候选节点边界正是基于诱导效应且只适用于同类有机酸比较
chem-hj-jingbao-midu-jisuan,物质的量浓度,晶胞密度的计算,错绑审计（slice_06）：材料讲晶胞密度公式 ρ=n·M/(NA·a³) 与求 NA、逆用求边长与粒子间距、非立方晶胞按实际体积算；现挂节点边界是溶液的物质的量浓度计算（cB、质量分数、密度作桥梁）与晶胞无关；同名节点边界即代入公式前统一长度到厘米与密度到 g/cm
chem-hj-kongjian-liyonglv-jisuan,化学反应速率的计算方法,晶胞空间利用率的计算,错绑审计（slice_07）：材料讲空间利用率等于晶胞内粒子总体积比晶胞体积、先数粒子再算体积及体心立方约68%与面心立方约74%；候选边界正是「先把微粒半径 r 与晶胞棱长的关系找对」；现挂「化学反应速率的计算方法」讲反应速率三段式与速率换算、与晶胞计算无关
chem-hj-liusuan-gen-jianyan,常见阳离子的检验与推断依据,硫酸根离子的检验,错绑审计（slice_08）：材料专讲SO42-检验（先加足量稀盐酸排除CO32-与SO32-与Ag+干扰再加BaCl2看白色沉淀）；现挂节点是阳离子检验节点且边界明说不涉及混合体系中干扰离子的系统排除；候选节点同名且边界即不能用硝酸酸化以免SO32-被氧化造成假阳性；
chem-hj-lizi-tuiduan-siyuanze,电荷守恒在离子推断中的应用,离子推断的四项原则,错绑审计（slice_09）：材料按肯定性互斥性电中性进出性四原则推断；现挂节点只讲用电荷守恒判断最后一种离子是否存在；候选节点同名且边界用电中性原则核对电荷守恒并区分操作中引入的离子
chem-hj-qiti-rongyu-jisuan,物质的量浓度,气体溶于水后溶液浓度的计算,错绑审计（slice_11）：材料专讲气体溶于水求浓度的通式（n=V′/22.4；溶液质量=气体质量+水的质量；溶液体积=质量/密度）并以不能用水的体积代替溶液体积为关键；现挂节点边界只把该计算列为三项之一；候选节点边界即溶液体积必须由溶液质量与密度求出且标况才可除以2
chem-hj-xinxing-wuji-feijinshu-cailiao,常见金属材料,新型无机非金属材料,错绑审计（slice_12）：材料通篇讲高温结构陶瓷、压电陶瓷、透明陶瓷、超导陶瓷与碳纳米管、石墨烯等新型无机非金属材料；候选节点边界即以碳纳米材料与碳化硅氮化硅的类别判断为内容；现挂节点边界围绕金属材料的类别与用途展开、与材料内容无交集
chem-hj-yixi-shiyanshi-zhifa,cl2的实验室制法,乙烯的实验室制法,错绑审计（slice_01）：材料讲乙醇与浓硫酸170℃制乙烯的原理装置现象与SO2杂质；候选节点边界逐字覆盖温度计插反应液与检验前先除SO2；现挂节点是实验室制氯气的完整流程、与乙烯无关
chem-hj-youji-jiegou-biaoshi-fangfa,有机物的结构可用键线式表示-如,有机物结构的表示方法,错绑审计（slice_02）：材料把分子式、最简式、电子式、结构式、结构简式、键线式、球棍模型与空间填充模型一并介绍；属候选节点「有机物结构的表示方法」的完整范围、而现挂「键线式」节点只收键线式一种表示法及其写分子式与同分异构体分析
chem-hj2-yixi-shiyanshi-zhibei,cl2的实验室制法,乙烯的实验室制法,错绑审计（slice_03）：材料讲乙醇与浓硫酸在170℃发生消去制乙烯与浓硫酸的双重作用与温度计水银球插入反应液与排水法收集；现挂节点边界是实验室制氯气的完整流程（强氧化剂与浓盐酸与净化除杂与尾气吸收与验满）；候选节点边界正是温度计测反应液温度与温度偏低增大副反应与S
chem-kb-ground-excited-state-spectrum,元素周期表与原子结构的规律,基态、激发态与原子光谱,错绑审计（slice_04）：材料讲基态原子吸收能量跃迁为激发态、原子光谱与光谱分析（特征谱线鉴定元素）；候选节点边界「基态到激发态吸收能量对应吸收光谱…光谱分析用于鉴定元素种类」完全对应；现挂节点边界只收电子排布与化合价规律、不含跃迁与光谱
chem-kb-h2s-properties,过氧化钠,硫化氢的性质,错绑审计（slice_05）：材料讲 H2S 分步电离的二元弱酸性、强还原性与作重金属沉淀剂；现挂节点边界是过氧化钠与二氧化碳和水反应的自身氧化还原与固体增重规律；候选节点边界正是 H2S 与氧气反应产物随量不同与尾气吸收
chem-kb-ionization-constant-concept,常温下-几种弱酸的电离平衡常数如下表所示,电离平衡常数,错绑审计（slice_07）：材料讲电离平衡常数的定义式、只与温度有关与多元弱酸分步电离及K越大酸性越强；候选边界正是「K只随温度改变、稀释或加同离子都不会改变K」；现挂「弱酸电离常数的应用」收的是用常数表比较弱电解质强弱与分析电离度等应用
chem-kb-molecular-chirality,有机化合物中碳原子的成键特点,分子的手性,错绑审计（slice_08）：材料讲手性异构与手性分子的定义及手性碳原子须连四个不同的原子或原子团；现挂节点边界限于碳原子的成键数目与键的类型与碳骨架分类 并明说不涉及具体有机分子的空间构型；候选节点同名且边界即手性碳判断（饱和碳sp3与四个基团互不相同）
chem-kb-three-bleaching-types,过氧化钠,三类漂白剂的区别,错绑审计（slice_09）：材料讲氧化型加合型吸附型三类漂白剂的可逆性与选择性；过氧化钠在材料里只是氧化型的一个例子；现挂节点边界限于过氧化钠与水二氧化碳反应及强氧化性；候选节点同名 边界讲褪色是否复原的鉴别依据
chem-mo-youji-jiegou-biaoshifangfa,有机物的结构可用键线式表示-如,有机物结构的表示方法,错绑审计（slice_10）：材料并列最简式/结构式/结构简式/键线式/球棍模型/空间填充模型六种表示法及其规范；现挂「键线式」边界只收键线式一种（由键线式写分子式并分析同分异构体）；候选边界正对表示方法规范（端点拐点都算碳、结构简式不可省双键三键符号）
ext-bio-013e7e4c37-016b,种群的数量变化,密度制约因素与非密度制约因素,错绑审计（slice_01）：材料逐条给出密度制约因素（食物天敌传染病）与非密度制约因素（气温干旱地震火灾）并强调判断依据是作用强度是否随种群密度变化；候选节点边界即此判据；现挂节点讲出生率死亡率等直接因素与λ值、未收该判据
ext-bio-26746c92ba-128c,种群数量的变化,密度制约因素与非密度制约因素,错绑审计（slice_02）：材料通篇讲生物因素多为密度制约因素且有反馈调节作用、非生物因素多为非密度制约因素且作用猛烈并可调节密度制约因素；正对候选节点边界「判断的关键是作用强度是否随种群密度变化」、而现挂「种群数量的变化」边界只收J形与S形增长模型和K值
ext-bio-636de2a928-021,分离定律的特殊类型,从性遗传与限性遗传,错绑审计（slice_03）：材料通篇只讲从性遗传与限性遗传（公牛母牛斑块表型不同；限性遗传基因只在一种性别表现）并强调基因在常染色体上与伴性遗传不同；现挂节点边界是血型与翅型与角型等特殊类型的基因型表型对照总表；候选节点边界即「基因位于常染色体、表型受性别影响」这一材
ext-bio-94a83ecf21-003,免疫失调,自身免疫病与免疫缺陷病,错绑审计（slice_04）：材料分两部分讲自身免疫病（攻击自身成分；风湿性心脏病机理）与免疫缺陷病（功能不足或缺乏；先天性/获得性；艾滋病）；候选节点边界「自身免疫病针对自身成分、免疫缺陷病是免疫功能不足」与材料逐句对应；现挂节点边界是三类免疫失调的总述且HIV环节已
ext-bio-ccd0d00ddf-004b,细胞增殖,无丝分裂,错绑审计（slice_05）：材料是纯无丝分裂专述（无纺锤体和染色体变化、核缢裂过程、蛙的红细胞、DNA 仍复制并平均分配）；现挂节点边界只在「细胞增殖的方式」里顺带提到无丝分裂；候选节点边界正是无丝分裂与哺乳动物成熟红细胞不分裂的辨析且已收同题材料
ext-bio-e3a300b276-010c,人类遗传病,调查人群中的遗传病,错绑审计（slice_06）：材料通篇讲调查方法（发病率在人群中随机抽样且群体足够大；遗传方式在患者家系调查并绘系谱图；再列调查步骤与对象选择）；现挂节点边界收人类遗传病的概念、三大类型与五个不一定等易错判定；同名节点边界即两种调查的对象与场所不能混淆
ext-bio-f49eeec233-007,人类遗传病,调查人群中的遗传病,错绑审计（slice_08）：材料讲发病率须在群体中随机抽样且样本足够大、遗传方式须在患者家系调查并绘系谱图与调查过程四步；现挂节点边界只收人类遗传病的概念与三大类型及五个不一定；候选节点同名且边界正是两种调查的对象与目的不能混淆；同批 bio-fj-17-geneti
ext-bio-f49eeec233-007b,人类遗传病,遗传病的检测和预防,错绑审计（slice_09）：材料讲遗传咨询与产前诊断手段及基因检测与基因治疗；现挂节点人类遗传病只讲概念与三大类型和五个不一定；候选节点同名且边界正讲产前诊断不等同基因检测 基因治疗尚在研究
ext-che-020cba294a-018,氧化还原反应规律及其应用,氧化还原反应的守恒规律,错绑审计（slice_01）：材料讲质量守恒电子守恒电荷守恒及其配平与定量计算应用；候选节点边界即三守恒同时满足与电子电荷守恒确定系数比；现挂节点边界明说不涉及配平过程、所收为强生弱先后价态三大规律
ext-che-020cba294a-019,氧化还原反应规律及其应用,价态规律及其应用,错绑审计（slice_02）：材料专讲价态高低规律、归中规律（只靠拢不交叉）与歧化反应及其应用；与候选节点边界「归中规律只适用于含同种元素的物质之间的反应」「判断产物时不能出现价态交叉」逐条吻合、且包里强弱规律与先后规律亦各有同名节点
ext-che-020cba294a-020,氧化还原反应规律及其应用,强弱规律及其应用,错绑审计（slice_03）：材料只讲氧化性还原性强弱规律（取决于得失电子的难易且与数目无关）与其两个应用（判断反应能否发生与判断先后顺序）；现挂节点边界是强生弱与先后与价态三大规律的总纲；候选节点边界即「强者先反应须同时考虑量的多少」
ext-che-020cba294a-021,氧化还原反应规律及其应用,先后规律及其应用,错绑审计（slice_04）：材料通篇只讲先后规律（多种还原剂或氧化剂共存时按强弱依次反应）与常见强弱顺序；候选节点名即「先后规律及其应用」且边界要求「强者优先…氧化性与还原性顺序不能记混」；现挂节点虽在边界里并列三大规律但材料并不讲强弱规律与价态规律
ext-che-02e43d3aeb-001b,o2作为原电池的正极反应物时-其电极反应在不同的介质中有不同的写法,甲烷作燃料电池的负极反应物时-其电极反应式在不同的介质中有不同的写法,错绑审计（slice_05）：材料讲燃料电池电极反应式书写三步法（写总反应、写随介质而变的正极氧还原、用总反应减正极得负极）；现挂节点只收氧气作正极反应物的写法；候选节点是标题同名点且已收同题材料（先写总反应再拆正负极）
ext-che-1422ee20c2-005,气体制备,装置气密性的检查方法,错绑审计（slice_07）：材料整篇讲微热法、液差法、滴液法、抽气吹气法、分段法与量气法的操作与现象；候选边界正是「描述现象必须写清是否形成稳定的液柱或液面差」；现挂「气体制备」边界自限「范围限定气体物质的制备层面」
ext-che-144a906566-003,晶胞,晶胞参数与晶体密度的计算,错绑审计（slice_08）：材料讲用切割法求晶胞微粒数Z后由密度等于Z乘M比NA乘a³求晶胞参数与单位换算及空间利用率与原子半径关系；现挂节点边界明说范围限于晶胞的基本认识 不含晶胞中粒子数目的计算；候选节点同名且边界即均摊后的粒子数与单位必须换算成cm
ext-che-15fcabc7cf-030,化工流程题的分析模型,循环物质的确定方法,错绑审计（slice_09）：材料专讲循环物质的确定方法（生成后又消耗 主线产物不算 母液尾气回收）；现挂节点边界只把「流程中循环使用的物质要单独识别并说明」列为一句提醒；候选节点同名且边界正是前面工序需要与后面工序生成两条件
ext-che-1e9a37df8e-012b,羧酸的结构和性质,键的极性对羧酸酸性的影响,错绑审计（slice_10）：材料讲羧酸酸性由羧基中羟基极性决定（吸电子基增强酸性、烃基推电子削弱、甲酸强于乙酸强于丙酸）；候选节点名即材料标题且边界写明该规律基于诱导效应、只适用同类有机酸；现挂「羧酸的结构和性质」是羧酸结构-性质关系总节点（还含醇酚羧酸羟基氢活泼性比
ext-che-20d30e5ba6-003,化学反应速率及其计算,化学反应速率的计算方法,错绑审计（slice_11）：材料给公式法（v=Δc/Δt）与速率之比等于计量数之比与三段式法并含转化率与产率的求法；候选节点边界逐条即定义式与速率之比与三段式；现挂节点边界自述与图像信息结合求速率且明言区别于三段式计算速率
ext-che-21d2923986-013,陶瓷,新型无机非金属材料,错绑审计（slice_12）：材料讲新型陶瓷五类与碳纳米材料（富勒烯、碳纳米管、石墨烯）；候选节点边界即碳纳米材料属碳单质与碳化硅氮化硅属共价晶体的类别判断；现挂节点边界明说「限定在陶瓷材料、不涉及其他无机非金属材料」、收不下材料中的碳纳米材料部分
ext-che-25f43f1fc3-019,氧化还原反应规律及其应用,氧化还原反应的守恒规律,错绑审计（slice_02）：材料讲质量守恒、电子守恒与电荷守恒及其在配平与电子转移计算中的应用；候选节点边界正是「电荷守恒用于确定离子方程式中H+与OH−或H2O的系数、电子守恒用于确定氧化剂与还原剂的系数比」、而现挂节点边界明写「不涉及配平过程」
ext-che-309fd84b7e-004b,核反应方程的分析,核反应方程的分析思路,错绑审计（slice_04）：材料讲质量数守恒与电荷数守恒两条并据此推断未知微粒（碳14 β衰变示例）；候选节点边界「守恒的对象是质量数与电荷数…判断元素种类只看质子数」与材料对应；材料标题与候选节点名逐字相同
ext-che-48262bc853-002,氧化还原反应规律及其应用,强弱规律及其应用,错绑审计（slice_05）：材料讲氧化剂氧化性强于氧化产物、还原剂还原性强于还原产物并据此比较强弱与判断反应先后顺序；现挂节点是强生弱、先后、价态三规律合一的桶；候选节点边界正是「强者先反应」要结合氧化剂或还原剂量的多少
ext-che-4aca25a694-004,水电离出的c(H+)（或c(OH-)）的计算,水电离出的离子浓度的计算,错绑审计（slice_07）：材料讲25℃时由水电离出的c(H+)或c(OH-)三种情形算法（酸碱取小值、可水解盐取大值）；候选边界正是「酸碱溶液中不能把溶液中总c(H+)当作水电离出的浓度」；两节点为同一知识点的重复节点且材料标题即候选节点名
ext-che-4aca25a694-016,氧化还原滴定,氧化还原滴定的原理与指示剂,错绑审计（slice_08）：材料讲电子守恒原理与常用试剂与三类指示剂（氧化还原指示剂与碘量法淀粉与KMnO4自身指示剂）及酸性条件控制；现挂节点边界只落在电子守恒列式与自身指示剂；候选节点同名且边界正是介质条件与淀粉指示剂只能在碘量法中使用；同标题材料 ext-che
ext-che-4dd2e79693-049b,晶胞,晶胞密度的计算,错绑审计（slice_09）：材料用均摊法求微粒数后用 m=NM/NA 与晶胞体积相除求密度并强调单位换算；现挂节点晶胞边界明确写「范围限于晶胞的基本认识 不含晶胞中粒子数目的计算」；候选节点同名
ext-che-5fce0adee9-011,常见阳离子的检验与推断依据,离子推断的四项基本原则,错绑审计（slice_10）：材料讲肯定性/互斥性/电中性/进出性四原则（含由酸性碱性、指示剂颜色、与铝放H2等隐含条件否定离子、并排除试剂引入的干扰）；现挂边界明言范围限于由反应产物判断阳离子是否存在、不涉及混合体系中干扰离子的系统排除；候选边界即不确定离子不能判为不
ext-che-6bf2e64662-016,硫酸,硫酸的工业制备（接触法）,错绑审计（slice_11）：材料通篇三步接触法（硫铁矿或硫燃烧制SO2与SO2催化氧化与SO3吸水）与用98.3%浓硫酸吸收SO3防酸雾的原因；候选节点边界即SO3不能用水吸收与SO2必须净化与尾气用碱液吸收；现挂节点是硫酸性质与工业制备的总节点而制备只是其主要方面之
ext-che-6e5105e0b4-020,物质的量浓度,浓度计算的常用方法,错绑审计（slice_12）：材料按「依据定义计算／依据换算公式计算／依据稀释定律计算」三条给出浓度计算方法；候选节点边界逐条就是这三条依据与对应公式；现挂节点边界以物质的量浓度的概念、溶质判断与质量分数溶解度换算为主、未收稀释定律部分
ext-che-72b20828f8-011b,核外电子运动状态,基态、激发态与原子光谱,错绑审计（slice_01）：材料通篇讲基态与激发态及吸收发射光谱、光谱分析、焰色反应；候选节点边界即吸收光谱对应基态到激发态与光谱分析鉴定元素种类；现挂节点收电子云原子轨道能级顺序、只含光谱的初步联系
ext-che-747e72a70a-007,化学计算中的守恒法,守恒法在化学计算中的应用,错绑审计（slice_02）：材料讲守恒法解题三步与原子守恒、电子守恒、电荷守恒在化学计算中的适用；材料标题与候选节点同名且候选边界「每种守恒都有明确的适用对象、只列出守恒式往往不足以求解需与另一个数量关系联立」正对它、两个节点为同主题近重复节点
ext-che-813727c8d6-002,常见阴离子的检验与推断依据,硫酸根离子的检验,错绑审计（slice_03）：材料只讲SO42-的检验（先加稀盐酸排除CO32-与SO3 2-与Ag+的干扰再加BaCl2且必须用稀盐酸而不是稀硝酸或硫酸）；现挂节点是常见阴离子检验的总表（碳酸根与硫酸根与氢氧根与碘离子）；候选节点边界即不能用硝酸酸化以免SO3 2-被
ext-che-822771fccd-005b,装置气密性检查方法,装置气密性的检查方法,错绑审计（slice_04）：材料并列给出微热法、液差法、滴液法、抽气吹气法四种检查方法与静置观察要点；候选节点边界「描述现象必须写清是否形成稳定液柱…检查气密性必须在加入试剂之前」与之对应且该节点已收四条同类材料；现挂节点只剩这一条材料、其边界与材料边界逐字相同属近重
ext-che-86a0fcc39c-016,新型化学电源,多液电池的分析方法,错绑审计（slice_05）：材料讲多液电池逐室分析（先判正负极、再判各室氧化还是还原、结合离子交换膜判断内电路是否闭合、用三个守恒检验电极反应式）；现挂节点边界限于微生物电池等新型电源的类型与原理；候选节点边界正是离子交换膜限定迁移方向与产物形式
ext-che-91f4672bad-011,物质的量浓度,溶液稀释与混合的计算,错绑审计（slice_07）：材料四节讲稀释守恒、同溶质混合式、电荷守恒与等质量等体积混合的质量分数规律；候选边界正是「等体积混合须结合密度判断质量分数偏向、稀释时体积守恒是错误前提」；现挂「有关物质的量浓度的计算」边界只列定义式守恒、气体溶于水与质量分数换算三项
ext-che-a4f995ac24-002b,乙烯,乙烯的实验室制法,错绑审计（slice_09）：材料是乙烯制法单元（乙醇与浓硫酸体积比1:3 沸石 检验前除杂）；候选节点同名且边界逐点吻合（温度偏低增副反应 SO2 干扰须先除杂）；现挂节点乙烯的边界以结构与性质为主 制法只作附带一句
ext-che-aa83e6fece-004,物质的分类,对下列物质分类-并完善表格内容,错绑审计（slice_10）：材料讲交叉分类法（多标准、同种物质可属多类）与树状分类法（同一标准逐级、各层为包含关系）的定义与标准统一；候选节点名即材料标题且已收 5 条同题材料；现挂「物质的分类」声明的范围是物质类别的划分与常见俗名对应、未含两种分类方法
ext-che-b4cc61c65b-008,常见阴离子的检验与推断依据,硫酸根离子的检验,错绑审计（slice_11）：材料专讲SO42−检验操作（先加稀盐酸排除CO32−与SO32−与Ag+再加BaCl2看白色沉淀）与干扰排除；候选节点边界即硫酸根检验的酸化禁忌（不能用硝酸或Ba(NO3)2以免SO32−被氧化造成假阳性）；现挂节点是覆盖多种阴离子的通用检
ext-che-c00fa0f1f7-007,核素,核反应方程的分析思路,错绑审计（slice_12）：材料讲核反应方程抓质量数守恒与电荷数守恒两条并据此求未知核素（碳14 β衰变示例）；候选节点边界即「守恒的对象是质量数与电荷数」与「判断元素种类只看质子数」；现挂节点边界是核素概念与原子构成、同位素与元素的界限、不涉及核反应方程的列式
ext-che-c3ab790e04-021,误差分析,中和滴定的误差分析方法,错绑审计（slice_02）：材料讲由c待＝c标V标/V待出发把误差归结为V(标准)偏大或偏小并给出滴定管仰视俯视读数的偏差方向；与候选节点边界「判断误差的方向时始终抓住V(标准)偏大则结果偏高这一条主线」及锥形瓶只用蒸馏水洗不润洗一致、属中和滴定误差方法的专名节点
ext-che-c3ab790e04-021d,氧化还原滴定,氧化还原滴定的原理与指示剂,错绑审计（slice_03）：材料讲氧化还原滴定的原理与常用试剂与三类指示剂（氧化还原指示剂与碘量法的淀粉专用指示剂与KMnO4自身指示剂）与实例；现挂节点边界只落在定量计算按电子守恒列式；候选节点边界正是介质条件与淀粉指示剂只能在碘量法中使用
ext-che-c940c45b21-002b,乙烯,乙烯的实验室制法,错绑审计（slice_04）：材料是实验室制乙烯全流程（乙醇与浓硫酸体积比约1比3、170℃、温度计插入反应液、SO2杂质的生成与除去）；候选节点边界「温度计测的是反应液的温度…检验性质前必须先用碱液除去SO2」与材料要点重合；现挂「乙烯」是烯烃结构与性质节点、边界只把
ext-che-cb0f101582-006b,硫酸,硫酸的工业制备（接触法）,错绑审计（slice_05）：材料讲接触法制硫酸三步（硫或黄铁矿造气、二氧化硫催化氧化、用 98.3% 浓硫酸吸收三氧化硫）与尾气氨水吸收；现挂节点边界是硫酸性质与硫酸、亚硫酸的易混界限；候选节点边界正是三氧化硫不能用水吸收与尾气处理
ext-che-cdf4760f34-003,电解质概念和判断的几个-特殊点,强电解质与弱电解质,错绑审计（slice_06）：材料先给强电解质完全电离、弱电解质部分电离（溶液中存在电离平衡）的定义再按周期表记忆常见强酸强碱（即物质类别归属）末段四点注意才涉及概念判定；现挂节点边界只收单质混合物不是电解质、自身电离、强弱按电离程度划分等概念特殊点、不含类别归属与定义
ext-che-ce1fbc591e-005,极端假设法确定浓度范围,极端假设法确定可逆反应的浓度范围,错绑审计（slice_07）：材料讲把可逆反应分别假设向右与向左进行到底求极限、真实平衡值落在两极限之间且完全转化的端点取不到；候选边界正是「双向极值都要假设、平衡值不能取完全转化的端点」；现挂与候选为同名变体的重复节点
ext-che-d28ff8e706-004,试纸的使用方法,试纸的类型与使用方法,错绑审计（slice_08）：材料首段即三类试纸（石蕊与pH与淀粉碘化钾）及各自作用 标题即候选节点名；候选节点边界讲检验气体先润湿与pH试纸不能润湿且只能读整数；现挂节点名只覆盖使用方法 收不下材料中的试纸类型部分
ext-che-e5ccf9cc1e-020,有机物分子结构的确定,有机物分子结构的鉴定方法,错绑审计（slice_10）：材料含化学法鉴定官能团、红外光谱给化学键与官能团、核磁共振氢谱给氢的种类与数目比、X射线衍射测键长键角四项；现挂边界只收红外与氢谱两项；候选边界明列红外只给种类不能给数目与位置、氢谱只反映氢环境、最终确认常需X射线衍射
ext-che-e8e221ed0f-006b,有机化合物中的共价键,键的极性对羧酸酸性的影响,错绑审计（slice_11）：材料专讲键的极性影响羧酸酸性的机制（羧基中羟基极性越大越易电离出H+）与两条规律（吸电子基增强与烃基推电子减弱）；候选节点边界即该规律基于诱导效应且只适用于同类有机酸之间比较；现挂节点以σ键π键与反应活性为主并把羧酸酸性作为附带讨论
ext-che-fa19c9abe5-001b,物质的量浓度,气体溶于水后溶液浓度的计算,错绑审计（slice_12）：材料专讲气体溶于水求浓度的思路与通式并以「体积必须由溶液质量和密度求出、不能用水体积代替」为关键点；候选节点边界即「溶液体积不能用水与气体体积相加、必须用溶液质量除以密度」；现挂节点边界只把气体溶于水列为三项之一
ext-phy-00dee0496f-009c,质量亏损,核能的计算方法,错绑审计（slice_01）：材料给出核能计算的三条路径（质能方程配kg与焦耳、1u相当于931.5MeV、比结合能乘核子数）；候选节点即核能的计算方法；现挂节点只收质量亏损与结合能的换算关系
ext-phy-089780a205-007,热力学图像问题,气体状态变化图像的分析方法,错绑审计（slice_02）：材料讲点与线的物理意义、V-T与p-T图中用与原点连线斜率比较压强体积、p-V图线与V轴所围面积表示做功；材料标题与候选节点同名且候选边界「求功必须用p-V图像的面积、其他图像不能直接由面积求功」正对材料内容
ext-phy-0e06a470ac-005,波粒二象性,光的波粒二象性,错绑审计（slice_03）：材料讲干涉衍射偏振证明波动性与光电效应说明粒子性与概率波与频率越高粒子性越显著；现挂节点边界只讲个别光子与大量光子的统计表现；候选节点边界逐条列出波动性与粒子性的实验证据与表现（干涉衍射偏振与光电效应康普顿效应）
ext-phy-0f258d43a9-013,热力学图像问题,气体状态变化图像的分析方法,错绑审计（slice_04）：材料按点、线、斜率、面积四层讲气体状态变化图像的分析并提醒不同图像常量意义不同；候选节点名与边界（比较压强体积看状态点到原点连线的斜率；求功必须用p-V图像面积）与材料一致；现挂节点是章内热力学图像题节点、把该分析法列为补充
ext-phy-154f35f7e3-002d,三个自由点电荷平衡模型,三个自由点电荷的平衡模型,错绑审计（slice_05）：材料讲三点共线、两同夹异、两大夹小及中间电荷到两侧距离比等于电荷量比的平方根；现挂节点与候选节点是同一结论的近重复节点；候选节点这一同名者已收同题材料且边界正是两侧同号、中间异号
ext-phy-1e87c34de3-008b,天上-星球上空距离星体中心r-r-h处的重力加速度为g,星体表面与上空的重力加速度,错绑审计（slice_06）：材料兼讲星体表面 g=GM/R²（由中心天体质量与半径共同决定）与上空 g'=GM/(R+h)² 并给出随高度按平方反比减小与联立求天体质量的规律；现挂节点（天上）按其名称与定位只收星球上空 r=R+h 处一个情形且其边界为抽取残句；同名节
ext-phy-1f062f3888-007,电路动态分析的方法,电路动态分析的三种方法,错绑审计（slice_07）：材料讲电路动态分析的程序法、结论法（串反并同）与极限法三种方法；候选边界正是「串反并同以内阻不为零为前提、程序法要求每一步推理有依据」；现挂「电路动态分析的方法」与候选为同一知识点的重复节点
ext-phy-202a7903f4-006c,实验基础知识,探究小车速度随时间变化的规律,错绑审计（slice_08）：材料讲本实验器材与过程（小车停在靠近打点计时器处与先接通电源后释放小车与换纸带重复三次）；现挂「实验基础知识」是收各实验材料的上位桶节点（边界只写到国际单位制）；候选节点同名且边界即本实验的释放位置与器材取舍；同批 ext-phy-f42d
ext-phy-206fb04353-053b,带电粒子在组合场-电场与磁场各位于一定的区域内-并不重叠-中的运动,电偏转与磁偏转的比较,错绑审计（slice_09）：材料比较电偏转恒力做类平抛与磁偏转变力做匀速圆周的受力与规律；现挂节点讲的是电场磁场分区组合（先电后磁等）的衔接问题；候选节点同名且边界讲两者受力性质不同 不可互相套用
ext-phy-206fb04353-086d,比结合能,核能的计算方法,错绑审计（slice_10）：材料给出核能计算的三种方法（ΔE=Δmc²、质量亏损原子质量单位数×931.5 MeV、比结合能之差）与吸放能判断；候选边界正对质量亏损须由反应前后质量相减、用931.5 MeV时Δm须以u为单位；现挂「比结合能」边界是比结合能的定义、曲线
ext-phy-206fb04353-105,变压器,探究变压器原副线圈电压与匝数的关系,错绑审计（slice_11）：材料是探究实验（用可拆变压器测量不同匝数下的U1与U2并列表比较）与误差说明（漏磁与线圈电阻使实测电压比偏小）；候选节点边界即必须铁芯闭合与只用交流电压挡与实测电压比略大于匝数比；现挂节点讲工作原理与理想关系不含实验操作与误差
ext-phy-27916050fc-002,用油膜法估测油酸分子的大小实验,用油膜法估测油酸分子的大小,错绑审计（slice_02）：材料是完整的油膜法实验（原理d=V/S、器材、步骤、数格数据处理、撒粉与描轮廓注意事项）；标题与候选节点同名且候选边界「必须按配制比例换算纯油酸的体积、不能把油酸酒精溶液的体积当作油酸体积」正对材料的数据处理与注意事项
ext-phy-2890a8a6ef-010,对超重和失重的理解应当注意的问题,超重与失重的判断方法,错绑审计（slice_03）：材料讲从受力与从加速度两个角度判断超重与失重且只取决于加速度方向而与运动方向无关；现挂节点边界侧重重力没有变大变小与视重变化与完全失重时依赖重力的现象消失；候选节点边界即只看加速度方向与斜向加速度取竖直分量投影与完全失重只对应a=g且方向向
ext-phy-2b63d7a05b-010,滑块-木板模型的临界问题,滑块-木板模型,错绑审计（slice_04）：材料讲滑块-木板模型通法（未滑离与滑离两种情形分别列动量守恒与能量守恒、滑离条件是相对位移等于板长、提分关键三条）；候选节点名与材料标题逐字相同且边界收「板长与滑块位移混为一谈…判断是否滑落」等模型通法；现挂节点偏重临界问题一类
ext-phy-32ce307c34-008,运动的合成与分解,合运动与分运动的关系,错绑审计（slice_05）：材料讲合运动与分运动的等时性、独立性与等效性及渡河时间由垂直于河岸的分运动决定；现挂节点边界是平抛运动的分解与小船过河的最短时间和最短位移；候选节点边界正是渡河时间只由垂直分速度决定
ext-phy-3628073593-009,动量定理,用动量定理解释两类现象,错绑审计（slice_07）：材料讲动量变化量一定时时间越短力越大与作用力一定时时间越长动量变化越大两类现象及缓冲装置延长作用时间的原理；候选边界正是「先判断哪个量保持不变、不要把延长作用时间说成减小冲量」；现挂「动量定理」边界讲冲量与动量变化量的矢量关系、其应用类材料
ext-phy-3a86d307ab-004,天上-星球上空距离星体中心r-r-h处的重力加速度为g,星体表面与上空的重力加速度,错绑审计（slice_08）：材料讲表面g=GM/R²与高空g'=GM/(R+h)²与比例关系与黄金代换与球壳与内部深度；现挂节点边界只是「得。所以式中g为地球表面附近重力加速度」的残句；候选节点同名且边界即r是到星体中心的距离与g随高度增大而减小 并已挂三条同题材料
ext-phy-504a241474-007b,电容器,含电容器电路的分析,错绑审计（slice_09）：材料讲拆去电容器看结构 稳态相当于断路 电压等于并联电阻电压 变化时用 ΔQ=CΔU 判充放电电流方向；现挂节点电容器讲器件本身 稳态断路只作与电容相区分的附带一句；候选节点同名且边界讲须先正确求电容器两端电压
ext-phy-59dd10c06b-001c,弹力,弹力有无的判断方法,错绑审计（slice_10）：材料给条件法/假设法/状态法/替换法四种判断弹力有无的方法及适用情形；候选节点名即材料标题且边界正是这四种方法的要点（不能只看是否接触、假设法要针对同一点同一状态、状态法先明确运动状态）；现挂「弹力」是含产生条件与方向大小的总节点
ext-phy-59dd10c06b-004,静摩擦力,静摩擦力有无及方向的判断方法,错绑审计（slice_11）：材料逐条给条件法与假设法（假设光滑看是否相对滑动）与状态法（列平衡方程或F合=ma）与转换对象法；候选节点边界即三种方法的结论必须一致与相对是相对接触物体；现挂节点是含概念与大小随外力变化范围的静摩擦力总节点
ext-phy-5ba7f10b79-019,应用动能定理求解步骤,动能定理在多过程问题中的应用,错绑审计（slice_12）：材料全部讲多过程问题：全过程应用的条件与列式注意（重力弹力静电力的功与路径无关、阻力做功等于力乘路程）以及分阶段应用的条件与中间速度；候选节点边界逐条即这些要点；现挂节点边界只把多过程列为注意事项之一
ext-phy-61d1d14b26-005b,热力学图像问题,气体状态变化图像的分析方法,错绑审计（slice_02）：材料讲四类等值变化图像的形状与斜率意义（pV=CT、p-T过原点且斜率越大体积越小等）并归结点线斜率面积四要素；材料标题与候选节点同名且候选边界即比较压强体积要看状态点到原点连线的斜率与求功要用p-V图像面积
ext-phy-6249360606-006,全反射,条件-①光从光密介质射入光疏介质-②入射角大于或等于临界角,错绑审计（slice_04）：材料讲全反射的两个条件、临界角公式sinC=1/n与判定思路；候选节点名即「全反射的条件与临界角」且已收三条同名材料；现挂「全反射」边界是现象与临界角由折射率决定的综合节点
ext-phy-6dcd554e9e-001b,带电粒子在匀强电场中偏转的两个分运动,两个重要结论,错绑审计（slice_05）：材料讲经同一加速电场加速再经同一偏转电场时偏移量与偏转角相同、速度反向延长线过水平位移中点；现挂节点边界是沿初速度匀速与沿静电力匀加速两个分运动及其偏移量和偏转角；候选节点名字即带电粒子偏转的两个重要结论且已收同题材料
ext-phy-7105d033a5-004,传播方向和振动方向的判断-图像理解,振动图像与波的图像的综合分析,错绑审计（slice_06）：材料讲两图像综合的两方面（由振动图定周期、波的图定波长进而求波速；先定该时刻质点振动方向再定传播方向）并强调两图对应时刻与质点弄错会得相反结论；现挂节点边界只声明波的传播方向与质点振动方向的判断方法、不含波速与两图对应关系；同名节点边界即两
ext-phy-7105d033a5-006b,波的干涉,波的叠加原理,错绑审计（slice_07）：材料讲几列波相遇后各自保持原状态继续传播、重叠区质点位移为各波单独引起位移的矢量和；候选边界正是「叠加是位移的合成、不能一律把两列波引起的位移大小相加」；现挂「波的干涉」边界讲的是干涉图样这一叠加特例
ext-phy-7a8d42b6f9-003,万有引力的-两点理解-和-两个推论,万有引力与重力的关系,错绑审计（slice_08）：材料整篇讲地表物体重力只是万有引力的一个分力与极点才等于万有引力与向心力指向地轴及忽略自转的GMm/R²=mg近似；现挂节点的两点理解中该内容只占一句 主体是球壳与球体内部的两个推论；候选节点同名且边界即赤道两极差别与是否忽略自转 已挂6条
ext-phy-83aaecb372-004b,波粒二象性,光的波粒二象性,错绑审计（slice_10）：材料给波动性证据（干涉衍射偏振）、粒子性证据（光电效应康普顿效应）与波粒二象性及概率波、使用要点；候选边界逐条对应（干涉衍射偏振证明波动性、光电效应康普顿效应说明粒子性）；现挂「波粒二象性」边界与候选节点为同一知识点的近重复节点
ext-phy-83dd6313b9-001b,库仑定律,库仑力作用下的平衡问题,错绑审计（slice_11）：材料讲库仑力参与下的共点力平衡解题思路（受力分析后按平衡条件列方程并与库仑定律联立）与库仑力随距离变化须重新计算；候选节点边界即静电力是矢量须规定正方向与电荷量可能重新分配；现挂节点讲的是库仑定律本身的内容与适用条件
ext-phy-89752a9c75-013,机械能守恒定律的应用技巧,轻弹簧连接系统的机械能守恒,错绑审计（slice_12）：材料讲轻弹簧系统内动能重力势能与弹性势能相互转化而总机械能守恒并给出弹性势能由形变量决定、两端物体速度相同的两点注意；候选节点边界即系统守恒、特殊位置速度关系与形变量；现挂节点边界只写守恒前提的判断
ext-phy-91bac4cabf-017,应用动能定理求解步骤,动能定理在多过程问题中的应用,错绑审计（slice_01）：材料讲多过程时分段与全过程应用动能定理及重力阻力做功特点；候选节点边界即全过程列式求中间状态须回到分阶段与阻力用路程；现挂节点是动能定理的一般求解步骤、多过程仅为其一条注意事项
ext-phy-9626018097-002,电磁感应中的三大动力学观点,动量定理在电磁感应中的应用,错绑审计（slice_02）：材料通篇讲导体棒变加速运动中安培力冲量BLq、q=ΔΦ/R总与动量定理联用求位移速度电荷量；材料标题与候选节点同名且候选边界「安培力的冲量要用平均值写成BLq或B²L²x/R总、只有其他外力为恒力时才能写成F其他Δt」逐条吻合
ext-phy-9885683808-001,必备实验仪器的原理及使用,螺旋测微器的原理与读数,错绑审计（slice_03）：材料只讲螺旋测微器的螺距0.5mm与可动刻度50等分与0.01mm精确度与读数公式与半毫米刻度线与零点误差；现挂节点边界只是「一、打点计时器」的残句（仪器总表）；候选节点边界即必须看清半毫米刻度线是否露出与可动刻度必须估读一位
ext-phy-9885683808-001b,游标卡尺的读数,游标卡尺的构造与读数,错绑审计（slice_04）：材料讲游标卡尺构造、精确度由游标尺等分数决定与「主尺整毫米数＋游标对齐格数×精确度」读数法；候选节点名与材料标题逐字相同且已收三条同类材料；现挂节点只剩这一条材料、其边界与材料边界逐字相同属近重复节点
ext-phy-9ade384fa8-003b,天上-星球上空距离星体中心r-r-h处的重力加速度为g,星体表面与上空的重力加速度,错绑审计（slice_05）：材料同时讲星体表面 g=GM/R²、上空 r=R+h 处 g'=GM/(R+h)² 与用 GM=gR² 反求天体质量；现挂节点只管星球上空那一段；候选节点边界正是 r 是到中心距离而不是高度且随高度平方反比减小
ext-phy-9ade384fa8-003d,万有引力的-两点理解-和-两个推论,万有引力与重力的关系,错绑审计（slice_06）：材料讲万有引力产生重力与随自转向心力两个效果、赤道重力加速度最小两极最大、通常近似认为万有引力等于重力；现挂节点边界收的是作用反作用、重力只是万有引力的一个分力以及匀质球壳空腔与球体内部引力的两个推论；同名节点边界即只有考虑自转时赤道两极才
ext-phy-aa3eac86a6-002,必备实验仪器的原理及使用,螺旋测微器的原理与读数,错绑审计（slice_07）：材料讲螺距0.5mm与可动刻度50等分对应精确度0.01mm以及必须估读一位的螺旋测微器读数方法；候选边界正是「必须看清半毫米刻度线是否露出、可动刻度必须估读一位」；现挂「必备实验仪器的原理及使用」是收各仪器材料的上位桶节点（库内《验证机械
ext-phy-af45d1db73-004,平抛运动,探究平抛运动特点的实验步骤,错绑审计（slice_08）：材料按装背板与斜槽末端水平（平衡法）与固定位置描迹与定坐标原点四步讲实验操作；现挂「平抛运动」边界是水平匀速与竖直自由落体的合成及运动学公式与两个推论；候选节点同名且边界即第2步平衡法与第4步原点不是槽口端点
ext-phy-af45d1db73-006,平抛运动,探究平抛运动特点实验的注意事项,错绑审计（slice_09）：材料讲斜槽末端切线水平 同一位置释放 坐标原点取球心投影三条操作及其对应误差来源；现挂节点边界只讲水平匀速与竖直自由落体的合成与公式推论 实验注意不在其声明内；候选节点同名且边界讲斜槽是否光滑与坐标原点
ext-phy-b2defc754e-005,等效替代法,替代法测电阻,错绑审计（slice_10）：材料讲用电阻箱替换待测电阻、滑动变阻器阻值不变、电表读数相同时电阻箱读数即待测阻值及其无电表内阻系统误差的优点；候选边界正对替代前后电路必须不变、两次读数须完全一致；现挂「等效替代法」是跨实验的总方法节点（力的合成、动量守恒用位移替代速度等
ext-phy-b7fee3d991-003c,万有引力定律的应用,万有引力与重力的关系,错绑审计（slice_11）：材料讲万有引力分解为重力与随自转向心力（赤道向心力最大重力最小与两极重力最大）与黄金代换与表面及上空及内部三处重力加速度；候选节点边界即只有考虑自转时赤道两极才不同与表面GMm/R2=mg；现挂节点讲天体运动应用与星球瓦解及黑洞
ext-phy-b8d5634019-006b,弹力的定义及产生条件,弹力有无的判断方法,错绑审计（slice_12）：材料专讲判断弹力有无的条件法、假设法与状态法；候选节点名即材料标题且边界正是这三法的要害（不能只看接触、假设法针对同一点同一状态、状态法先明确运动状态）；现挂节点以弹力的定义与产生条件为主、有无判断只是附带一节
ext-phy-baf18087a8-013,质量亏损,核能的计算方法,错绑审计（slice_01）：材料讲核力与质量亏损及核能计算的两条单位路径（kg配焦耳、u配931.5MeV）；候选节点即核能的计算方法（含质量亏损定义与单位要求）；材料标题亦为核能的计算方法
ext-phy-bb84aa4cd5-002c,牛顿第三定律,作用力与反作用力,错绑审计（slice_02）：材料讲两物体间作用力与反作用力总是大小相等方向相反作用在同一直线上、表达式F=-F′及同时性异体性同性质；与候选节点边界「力的作用是相互的、作用力与反作用力总是互相依存同时存在」一致、且上一轮同类裁定已把《牛顿第三定律》材料从该节点归到其同
ext-phy-c8d7f6c61f-001,受力分析多力漏力-受力分析方法,受力分析的三个技巧,错绑审计（slice_03）：材料讲三个技巧（不把研究对象所受的力与它施加的力混淆与假设法判断弹力摩擦力与转换研究对象用牛顿第三定律）并附一般顺序；现挂节点边界是受力分析的一般步骤与漏力多画力；候选节点边界即假设法只判断力的有无与方向与转换研究对象得到的相互作用力不能同
ext-phy-ced0c3e323-003b,电容器,含容电路的分析方法,错绑审计（slice_04）：材料讲含容电路的简化（稳定时电容器支路视为断路）、电容器电压等于并联电阻电压、充放电与电荷量变化（Q=CU）；候选节点边界正是「与电容器串联的电阻不分压…电压升高是充电、降低是放电」；现挂「电容器」是元件与电容概念节点
ext-phy-d0a08f55f3-003,全反射,条件-①光从光密介质射入光疏介质-②入射角大于或等于临界角,错绑审计（slice_05）：材料讲全反射的两条发生条件与临界角 sinC=1/n 及折射率越大临界角越小；现挂节点是折射与反射共存的一般点；候选节点名字即全反射的条件与临界角且已收同名同内容材料
ext-phy-d3b4e26995-002b,动量守恒定律,应用动量守恒定律的解题步骤,错绑审计（slice_06）：材料给出应用动量守恒定律的五步（明确研究对象与系统组成、受力分析判断是否守恒、规定正方向、由动量守恒列方程、解并讨论）与分段分方向列式等使用要点；现挂节点边界讲的是定律本身（合外力为零则总动量不变、可分方向应用、与机械能守恒的区别）；同名节
ext-phy-d72335472d-004,库仑力作用下的平衡,库仑力作用下的平衡问题,错绑审计（slice_07）：材料讲金属球接触的电荷均分、表面电荷重新分布使作用力偏离库仑定律与三个自由点电荷平衡模型的三点共线两同夹异；候选边界正是「电荷量可能重新分配、不能沿用原来的电荷量」；两节点为同名变体的重复节点
ext-phy-df69780a4e-016,磁场中的仪器,回旋加速器,错绑审计（slice_08）：材料专讲回旋加速器的构造与交变电压周期等于回旋周期与最大动能由B和R决定与总时间；现挂「磁场中的仪器」是速度选择器与流量计等的上位桶节点（边界只写到速度选择器）；候选节点同名且边界即提高加速电压不能提高最大动能 已挂6条同题材料
ext-phy-e342c3c922-005,圆周运动常见的临界状态,斜面上圆周运动的临界问题,错绑审计（slice_09）：材料讲斜面圆盘上物体在最低点摩擦力达最大的临界条件（μmgcosθ−mgsinθ=mω²R）；候选节点同名且边界讲沿斜面与垂直斜面分量的向心力方程与临界位置；现挂节点是绳杆弹力与摩擦临界的一般汇总
ext-phy-e7ae1dda3f-018,变压器,探究变压器电压与匝数关系的实验,错绑审计（slice_10）：材料是探究变压器电压与匝数关系的实验（目的/原理/器材/步骤/结论/误差分析/注意事项）；候选节点名即材料标题且边界正是必须交流电源、断电改接匝数、漏磁致电压比偏离匝数比；现挂「变压器」边界讲工作原理与理想变压器电压匝数关系及互感器、自耦变
ext-phy-eaffbd3f7f-008,力的分解,正交分解法,错绑审计（slice_11）：材料专讲正交分解法（沿两个互相垂直方向分解与以少分解力便于分解为原则并与效果分解作比较）；候选节点边界即坐标轴必须互相垂直与分量须带符号且同一个力不能重复计入；现挂节点是含效果分解与正交分解两种方法的总节点
ext-phy-f2e423daf2-005,摩擦力,摩擦力大小的计算方法,错绑审计（slice_12）：材料讲滑动摩擦力用f=μFN且FN不一定等于重力、静摩擦力用平衡条件或牛顿第二定律求解；候选节点边界即这两条与正压力的说明；现挂节点边界是摩擦力的概念与分类、三个方向与叠放物块临界、未声明大小计算
ext-phy-f42dc02f15-002,必备实验仪器的原理及使用,螺旋测微器的原理与读数,错绑审计（slice_01）：材料讲螺旋测微器的螺距与精确度0.01mm及读数方法（半毫米刻度线与可动刻度估读一位）；候选节点边界即这两处失分点；现挂节点是实验仪器总论（边界从打点计时器列起）
ext-phy-f42dc02f15-006,滑动变阻器的限流式与分压式,滑动变阻器两种接法的选择,错绑审计（slice_02）：材料讲限流式与分压式的结构差异及选择原则与必须用分压式的三种情况（要求电压从零起调、Rx远大于R滑、限流时最小电流仍超限）；正对候选节点边界「滑动变阻器必须采用分压式接法的几种情况」与「两种接法都能满足时优先选用限流式」
ext-phy-f42dc02f15-009,实验基础知识,实物图连接的注意事项,错绑审计（slice_03）：材料讲实物连线顺序（从电源正极按原理图依次单线连接）与导线不交叉与电表量程与正负接线柱与变阻器限流分压接法与连后走一遍电流路径检查；现挂节点是实验基础知识总表（误差与器材选择与操作）；候选节点边界即电表接反指针反偏与变阻器接错失去调节与连线
phys-ampamp-method,特点-整个导体回路的电阻一般很小-感应电流很大-故金属块的发热功率很大,安安法测电阻,错绑审计（slice_04）：材料讲用两只电流表测电阻且本质仍是欧姆定律（(I₂−I₁)Rx=I₁(R+RA₁)）；候选节点名即安安法测电阻且已收四条同名材料；现挂节点是涡流的特点与能量转化、与材料内容完全无关
phys-fx-alternating-field-motion,带电粒子在交变电磁场中的运动,带电粒子在交变电场中的运动,错绑审计（slice_05）：材料只讲交变电场中粒子运动（单向直线、往返、偏转三类分段分析与力或功能两条思路）；现挂节点边界覆盖交变电场与交变磁场三类组合并含配速法；候选节点是交变电场专点且已收周期性与对称性分段分析的同题材料
phys-fx-ammeter-ammeter-method,电压表-电流表的改装,安安法测电阻,错绑审计（slice_06）：材料讲安安法测电阻（A2 量程须大于 A1、用已知内阻的电流表当电压表、由 I1r1/(I2-I1) 求 Rx、也可串电阻箱改装成电压表）；现挂节点边界是表头改装成电流表电压表的原理与两表改装对比；同名节点边界即两表量程搭配、把电流表当电压
phys-fx-autotransformer-instrument-transformer,变压器,自耦变压器与互感器,错绑审计（slice_07）：材料三条即自耦变压器以线圈一部分作副线圈升降压、电压互感器并联与电流互感器串联；候选边界正是「自耦变压器匝数按实际接入的圈数算、电压互感器并联而电流互感器串联」；现挂「变压器」为覆盖该子题的上位节点且已另有多条互感器与自耦变压器材料
phys-fx-current-half-bias-method,电表的改装,电流半偏法测电流表内阻,错绑审计（slice_08）：材料讲半偏法步骤（先满偏再并电阻箱调半偏）与R1远大于RA前提与测量值偏小为系统误差；现挂「小量程电流表（表头）」边界是工作原理与Ig与Rg与Ug三参数；候选节点同名且边界即该方法的前提与读数取半偏时刻
phys-fx-momentum-conservation-procedure,多物体-多过程问题中动量守恒定律的应用,应用动量守恒定律的解题步骤,错绑审计（slice_09）：材料给出确定系统 判断守恒 规定正方向写初末动量 列式求解四步；现挂节点讲多物体多过程的分段与反冲 未收解题步骤；候选节点同名且边界讲合外力为零 单一方向守恒与正方向参考系统一
phys-fx-power-average-instantaneous,平均速度与瞬时速度的区别,平均功率与瞬时功率,错绑审计（slice_10）：材料讲平均功率用P=W/t（对恒力变力做功均适用）与瞬时功率用P=Fvcosα并强调先明确是哪个力的功率；候选边界正对求瞬时功率不能用W/t、比较功率要抓力与速度方向的夹角；现挂节点的边界与材料（功率）无关
phys-fx-voltage-half-bias-method,电压表-电流表的改装,电压半偏法测电压表内阻,错绑审计（slice_11）：材料讲电压半偏法步骤（先满偏再串电阻箱至半偏读R0）与成立条件与测量值偏大且与电流半偏法误差方向相反；候选节点边界即R1远小于RV是前提与电阻箱应从零开始；现挂节点只讲表头改装原理与两表改装对比
phys-fx-voltmeter-voltmeter-method,电压表-电流表的改装,伏伏法测电阻,错绑审计（slice_12）：材料讲伏伏法测电阻的条件（V2量程大于V1）与由读数差除以电压表内阻求电流再求Rx的原理；候选节点边界即量程要求与「把电压表当电流表用须已知内阻」；现挂节点边界只讲表头改装原理与两表改装对比、不涉及测电阻
phys-hj-032-newton-second-law,如果要列出各物理量在某一时刻的关系式-可用牛顿第二定律,牛顿第二定律,错绑审计（slice_01）：材料给出牛顿第二定律表达式F=ma与加速度同合外力方向关系及国际单位制要求；候选节点边界即该表达式与定律理解；现挂节点力学规律的选用策略讲动量能量守恒三观点的选用、不涉及定律本身
phys-hj-062-motion-composition-properties,核心处理思想-运动的合成与分解-约束条件,合运动与分运动的关系,错绑审计（slice_02）：材料讲合运动与分运动的等时性、独立性与等效性；正对候选节点边界「等时性常用来把绳子收缩的时间转化为物体移动的时间、分运动的独立性只在经典力学范围内成立」、而现挂节点实际收的是沿绳或接触面法线方向的约束分解
phys-hj-167-circuit-dynamic-methods,平行板电容器的动态分析问题的两种情况,电路动态分析的方法,错绑审计（slice_03）：材料讲电路动态分析的程序法与串反并同法与滑动变阻器的极限法；现挂节点边界是平行板电容器U不变与Q不变两类动态分析；候选节点边界即串反并同要求电源内阻不能忽略与程序法须先明确总电流变化方向与极限法只给边界情形
phys-hj-169-micrometer-reading,必备实验仪器的原理及使用,螺旋测微器的原理与读数,错绑审计（slice_04）：材料讲螺旋测微器螺距0.5mm、可动刻度50等份、精确度0.01mm且估读一位到0.001mm；候选节点边界「必须看清半毫米刻度线是否露出…可动刻度必须估读一位」与之对应；现挂节点是跨册综合的仪器桶、边界只写到打点计时器
phys-hj-173-resistivity-exp-notes,注意事项-x1,测量金属丝电阻率的注意事项,错绑审计（slice_05）：材料讲电阻率实验操作要点（金属丝电阻小用电流表外接法、测有效长度须拉直、直径三处测量取平均）；现挂节点边界是热学实验里注射器封闭气体的质量与温度控制；候选节点边界正是金属丝电阻小与温度升高使电阻率变大
phys-hj-182-volt-volt-method,路端电压与外电阻的关系,伏伏法测电阻,错绑审计（slice_06）：材料讲定值电阻与电压表串联、由 U0=U2-U1 求流过电压表的电流并进而求电压表内阻或定值电阻；现挂节点边界讲路端电压随外电阻的变化、断路短路与焦耳定律、与材料内容无交集；同名节点边界即 V2 量程须大于 V1、把电压表当电流表用须已知内
phys-hj-183-amp-amp-method,特点-整个导体回路的电阻一般很小-感应电流很大-故金属块的发热功率很大,安安法测电阻,错绑审计（slice_07）：材料讲定值电阻与电流表并联、由I0=I2-I1求电流表内阻的安安法；候选边界正是「两表量程须搭配A2大于A1、I2-I1是另一支路的电流」；现挂「涡流的特点与能量转化」讲电磁感应中的涡流发热、与该材料无关
phys-hj-189-multimeter-usage,利用电场线和等势面解决带电粒子运动问题的方法,多用电表的使用方法,错绑审计（slice_08）：材料讲机械调零与红黑表笔孔位与测电压并联与测电流串联与测电阻选倍率并调零；现挂节点边界是带电粒子轨迹与电场线和等势面的关系 与多用电表无关；候选节点同名且边界即换挡后重新欧姆调零与读数乘倍率 已挂三条同题材料
phys-hj-191-magnetic-field-line-features,波动图象的特点,磁感线的特点,错绑审计（slice_09）：材料讲磁感线切线方向为磁场方向 疏密表强弱 闭合不相交；现挂节点波动图象的特点讲波形与质点振动步调及起振方向 与材料完全无关；候选节点同名且边界讲磁感线是假想曲线 相交即方向不唯一
phys-hj2-chaozhong-shizhong-panfang-fangfa,波的干涉中振动加强点和减弱点的判断方法,超重与失重的判断方法,错绑审计（slice_10）：材料讲超重/失重/完全失重的定义、三种判断角度（受力、加速度、速度变化）与实重视重之分；候选边界正对只看加速度方向、斜向加速度取竖直分量、完全失重仅对应a=g且方向向下；现挂「波的干涉中振动加强点和减弱点的判断方法」与超失重无关
phys-hj2-dianlu-dongtai-fenxi,平行板电容器的动态分析问题的两种情况,电路动态分析的方法,错绑审计（slice_11）：材料讲滑片移动与开关通断引起的电路动态分析（程序法链路与串反并同结论法与极限法）；候选节点边界即串反并同须电源内阻不为零与程序法每一步要明确总电流变化方向；现挂节点讲的是平行板电容器的电容与场强随板距板正对面积的动态分析
phys-hj2-dianshi-gaodi-panfang,利用电场线和等势面解决带电粒子运动问题的方法,电势高低与电势能大小的判断方法,错绑审计（slice_12）：材料讲判断电势高低与电势能大小的方法（沿电场线电势降低、由φ=Ep/q结合电荷正负、点电荷场φ=kQ/r、等势面）；候选节点边界即必须同时考虑电荷正负与同一零电势参考；现挂节点边界是带电粒子运动轨迹与电场力电性的判断、材料不讲轨迹
phys-hj2-heyundong-fenyundong-guanxi,核心处理思想-运动的合成与分解-约束条件,合运动与分运动的关系,错绑审计（slice_01）：材料讲合运动与分运动的等时性独立性等效性及位移速度加速度按平行四边形法则合成；候选节点边界即等时性与分运动独立性；现挂节点收分解依据与绳杆等约束方向的分运动
phys-hj2-kulunli-pingheng-wenti,安培力作用下导体的平衡与加速问题,库仑力作用下的平衡问题,错绑审计（slice_02）：材料讲带电体受力分析后按共点力平衡列式、库仑力与弹簧弹力重力共同作用的多球平衡及两大夹小两同夹异；正对候选节点「库仑力作用下的平衡问题」、而现挂节点边界通篇是安培力作用下导体的平衡与俯视剖面视图转换
phys-hj2-luoxuan-ceweiqi-dushu,必备实验仪器的原理及使用,螺旋测微器的原理与读数,错绑审计（slice_03）：材料讲螺旋测微器螺距0.5mm与可动刻度50等份与读数＝固定刻度＋可动刻度×0.01且要估读一位并注意半毫米刻度线；现挂节点边界只是「一、打点计时器」的残句（仪器总表）；候选节点边界即半毫米刻度线是否露出与可动刻度估读一位
phys-hj2-pingpao-jieti-silu,等效法求解电场中圆周运动问题的解题思路,平抛运动问题的解题思路,错绑审计（slice_04）：材料讲平抛的两条解题思路（已知速度方向先分解速度、已知位移方向先分解位移以及斜面上的两向分解）；候选节点名与其边界（tanθ=2tanα）即平抛解题思路；现挂节点是等效重力场中的圆周运动、与材料无关
phys-hj2-tanhuang-shiyan-yuanli-buzhou,胡克定律,探究弹簧弹力与形变量的关系实验,错绑审计（slice_05）：材料讲实验步骤（竖直悬挂测原长、逐个挂钩码、用弹力与伸长量数据探究 F 与 x 的关系）；现挂节点边界是探究结论（斜率即劲度系数与图像横截距）；候选节点边界正是钩码不可过多与伸长量须等于长度减原长
phys-hj2-weixing-zhuiji-xiangyu,追及相遇问题的实质及分析思路,卫星的追及与相遇问题,错绑审计（slice_06）：材料讲同轨道面两卫星由相距最近到再次最近或用最远时的转角与周期关系（(ωA±ωB)t=2πn 等）并提示计入初始夹角；现挂节点边界是匀变速直线运动的追及相遇（速度相等临界与时间位移两个等量关系）与卫星无关；同名节点边界即绕同一中心天体同向用
phys-hj2-youbmogu-shiyan-yuanli,物体看作质点的条件-物体的大小和形状对研究问题的影响可以忽略,用油膜法估测油酸分子的大小,错绑审计（slice_07）：材料讲油酸酒精溶液滴入水中形成单分子油膜、以d=V/S估测分子直径并用数格法求面积；候选边界正是「必须按配制比例换算纯油酸体积、本实验只作数量级估算」；现挂「物体看作质点的条件」讲质点理想模型、与该材料无关
phys-hj3-collision-classification,非弹性碰撞,碰撞的分类与比较,错绑审计（slice_08）：材料讲弹性与非弹性与完全非弹性三类碰撞的动量守恒与机械能损失比较；现挂「非弹性碰撞」只收介于弹性与完全非弹性之间的那一类；候选节点同名且边界即判断碰撞可能时按类型分别讨论与动能只减不增
phys-hj3-composition-nature-judge,定义-物体具有保持原来匀速直线运动状态或静止状态的性质-质量是惯性的唯一量度,两个直线运动合运动性质的判断,错绑审计（slice_09）：材料讲分别合成初速度与加速度 按 v合 与 a合 是否共线判断合运动性质；现挂节点惯性讲保持运动状态的性质与质量量度 与材料无关；候选节点同名且边界讲先把分运动整理成初速度与加速度再合成
phys-hj3-gas-image-analysis,分析方法,气体状态变化图像的分析方法,错绑审计（slice_10）：材料讲气体图像的点表示平衡状态、p-1/V与p-T图线斜率的含义、p-V图线面积表示功；候选边界正对看状态点到原点连线斜率比较压强体积、求功必须用p-V图像面积；现挂slug为分析方法（名字是运动描述的分析方法）且边界是斜面上圆周运动分析
phys-hj3-incline-circular-motion,平抛运动的临界问题,斜面上圆周运动的临界问题,错绑审计（slice_11）：材料讲斜面上圆周运动按控制因素分摩擦力与杆与绳型并分析最高点最低点受力与立体图转平面图；候选节点边界即沿斜面与垂直斜面分量的向心力方程与临界位置须结合转动方向判断；现挂节点讲平抛的障碍物与坑洞临界
phys-hj3-micrometer-reading,必备实验仪器的原理及使用,螺旋测微器的原理与读数,错绑审计（slice_12）：材料讲螺旋测微器螺距0.5mm与可动刻度50等分对应0.01mm精确度以及固定刻度加可动刻度乘0.01的读数与估读要求；候选节点边界即半毫米刻度线是否露出与可动刻度估读一位；现挂节点是各仪器材料的上位汇总节点、边界只写到打点计时器
phys-hj3-motion-composition-relations,核心处理思想-运动的合成与分解-约束条件,合运动与分运动的关系,错绑审计（slice_01）：材料讲合运动是实际运动并给出等时性等效性独立性三条关系；候选节点边界即这三条关系（渡河时间与绳收缩时间）；现挂节点收约束方向分运动与分解依据、与材料内容不符
phys-hj3-oil-film-exp-principle,物体看作质点的条件-物体的大小和形状对研究问题的影响可以忽略,用油膜法估测油酸分子的大小,错绑审计（slice_02）：材料讲油酸酒精溶液滴在水面形成单分子油膜、分子直径d=V/S与纯油酸体积V=V0k/N的数据处理；正对候选节点边界「必须按配制比例换算纯油酸的体积」与「本实验只作数量级估算」、与现挂「物体看作质点的条件」的质点理想化模型无关
phys-hj3-particle-ac-field,带电粒子在交变电磁场中的运动,带电粒子在交变电场中的运动,错绑审计（slice_03）：材料只讲交变电场（方波电压）中垂直射入的粒子沿初速度方向匀速与沿电场方向周期运动且需分段求解；现挂节点覆盖交变电场与交变磁场与两者同时变化三类并讲配速法与加速器；候选节点边界即交变电场中加速度分段恒定与往返运动须判断速度减零时刻与一周期电场
phys-kb-circuit-dynamic-analysis,平行板电容器的动态分析问题的两种情况,电路动态分析的方法,错绑审计（slice_04）：材料讲电路动态分析的三种方法（程序法、串反并同结论法、极限法）；候选节点名与边界（串反并同需电源内阻不能忽略、程序法每步明确总电流方向）与材料逐条对应；现挂节点是平行板电容器的两类动态分析、与材料无关
phys-kb-oscillation-symmetry,运动的对称性,对称性,错绑审计（slice_06）：材料讲简谐运动的时间对称（对称点到平衡位置用时相等）、速度对称（连续两次过同一点等大反向）与能量对称；现挂节点边界是竖直上抛的对称性（t上=t下、经过同一点速度等大反向）与运动学图像；同名节点边界即机械振动中关于平衡位置对称的 tOB=tB
phys-kb-satellite-chase-encounter,追及相遇问题的实质及分析思路,卫星的追及与相遇问题,错绑审计（slice_07）：材料讲同向转动角度差为2nπ、相距最远为(2n-1)π、反向用角速度之和及t/TA-t/TB=n的卫星追及算法；候选边界正是「同向用角度之差、反向用角度之和不可混用、角速度由各自轨道半径求出」；现挂「追及相遇问题的实质及分析思路」边界讲匀变
phys-kb-series-parallel-rules,匀变速直线运动的规律,串并联电路的规律,错绑审计（slice_08）：材料讲串联等流分压与并联等压分流的电流电压电阻与功率比例及总电阻随任一电阻的变化；现挂节点边界是匀变速直线运动的特点 与电路无关；候选节点同名且边界即并联总电阻小于任一支路与任意电阻变大则总电阻变大
phys-mo-l05-three-nature-forces-b,模型示意图,力的概念,错绑审计（slice_09）：材料讲力是物体对物体的相互作用且不能脱离施力受力物体 并讲图示与示意图的表示；现挂节点（力的图示与力的示意图）只收表示方法 材料主体是概念；候选节点同名且边界正讲力不能脱离物体而存在
phys-mo-l09-newton-laws-basic-b-2,牛顿第二定律的理解-五性,牛顿第二定律,错绑审计（slice_10）：材料给牛顿第二定律的内容（F=ma、加速度与作用力成正比与质量成反比且方向相同）与适用范围（惯性参考系、宏观低速）；候选节点名即材料标题且边界为表达式、理解与六性、应用方法；现挂「牛顿第二定律的理解：五性」是理解性专题节点
phys-mo-l14-projectile-b-2,竖直上抛运动的处理方法,斜抛运动,错绑审计（slice_11）：材料讲斜抛运动的定义与性质（加速度为g的匀变速曲线运动与水平方向匀速竖直方向上抛或下抛）以及平抛与斜抛同为匀变速曲线运动；候选节点边界即只受重力是前提与最高点竖直分速度为零水平分速度不变；现挂节点讲竖直上抛的两段处理与多解性
phys-voltvolt-method,路端电压与外电阻的关系,伏伏法测电阻,错绑审计（slice_12）：材料讲两只电压表串联时由(U1−U2)/U2=Rx/RV2求待测电阻并须知道其中一只电压表的内阻；候选节点边界即量程搭配与须已知一只电压表内阻；现挂节点边界讲路端电压随外电阻变化与焦耳定律、与伏伏法无交集
bio-ecosystem-component-consumers,免疫系统的组成和功能,生态系统的结构,材料正文原句：「1. 消费者：主要以动植物为食的异养生物（大多数动物、寄生微生物等）。」——对象是生态系统的组成成分（消费者），同上；现绑为张冠李戴
bio-ecosystem-component-decomposers,免疫系统的组成和功能,生态系统的结构,材料正文原句：「1. 分解者：营腐生生活的细菌、真菌、蜣螂、蚯蚓等。」——对象是生态系统的组成成分（分解者），同上；现绑为张冠李戴
bio-ecosystem-component-producers,免疫系统的组成和功能,生态系统的结构,材料正文原句：「1. 生产者多为绿色植物（光合作用自养），也包括蓝细菌、化能合成细菌。」——对象是生态系统的组成成分（生产者），与免疫系统无关；现库有『生态系统的结构』节点，边界即「生态系统的组成成分（生产者、消费者、分解者）和非生物环境」
bio-fj-03-disaccharide-composition,免疫系统的组成和功能,细胞中的糖类,材料正文原句：「1. 蔗糖：葡萄糖+果糖，分布在甘蔗、甜菜中。」——对象是三种二糖的水解产物与分布，与免疫系统无关；现库有『细胞中的糖类』节点，边界正在于「重点包括三种二糖的水解产物与分布」
bio-fx-crispr-components,免疫系统的组成和功能,基因编辑,材料正文原句：「2. Cas9：细菌核酸酶，与向导RNA结合，切割与其配对的DNA，使双链断裂。」——对象是 CRISPR/Cas9 系统的组分与切割功能，与免疫系统无关；现库有『基因编辑』节点，边界即以 CRISPR/Cas9 为代表
bio-fx-judge-allergy-overreaction,免疫系统的组成和功能,过敏反应,材料正文原句：「2. 提示：过敏反应是已产生免疫的机体再次接受相同抗原时发生的组织损伤或功能紊乱。」——对象是过敏反应的归属（防御功能过强，而不是过低），属『过敏反应』节点边界（必须再次接触相同过敏原、不能把一切免疫过强都归为过敏）；同主题另有『免疫失调』节点，二者需人工定夺
bio-mo-immunity-002,免疫系统的组成和功能,非特异性免疫,材料正文原句：「2. 体液中的杀菌物质和吞噬细胞是保卫人体的第二道防线，这两道防线属于非特异性免疫，特点是人人生来就有，不针对某一类特定的病原体，而是对多种病原体都有防御作用。」——对象是三道防线（第一、二道防线属非特异性免疫，第三道属特异性免疫），不是免疫系统的组成；现库有『非特异性免疫』节点，边界即「以第一、二道防线为代表的生来就有的免疫」
bio-mo-immunity-007,免疫系统的组成和功能,非特异性免疫,材料正文原句：「1. 唾液、泪液、胃液具有一定的杀菌作用，但都不是体液，而属于黏膜的分泌物，是第一道防线。」——对象是黏膜分泌物属第一道防线、体液中的溶菌酶属第二道防线，即非特异性免疫；现库有『非特异性免疫』节点
bio-kb3-f1-s1-1-n03,环境因素参与调节植物的生命活动,细胞学说,材料通篇讲细胞学说：「细胞学说揭示了动物和植物的统一性，从而阐明了生物界的统一性。未涉及生物界的多样/差异性。」；现绑节点「环境因素参与调节植物的生命活动」是选必1 第五章植物生命活动的调节（温度、重力、光信号），与细胞学说无关；包内节点 细胞学说（生物学必修1·第一章·细胞与生命活动）边界即「细胞学说要点，及其对理解动植物结构统一性的意义」。｜材料正文原句（materials[8]）
bio-fj-03-blood-glucose-to-triglyceride,细胞中的脂质,糖类和脂质的相互转化,材料正文原句：「3. 这体现了糖类在供应充足时可大量转化为脂肪。」——对象是糖类→脂肪的转化方向与条件（血糖→甘油三酯储存），不是脂质的分类/元素/功能；现库有『糖类和脂质的相互转化』节点（同主题另有『糖类和脂肪的转化』，二者需人工择一）
bio-kb3-f3-s3-1-n09,细胞中的脂质,细胞膜成分和结构的探究历程,材料正文原句：「科学家研究发现细胞的表面张力明显低于油-水界面的表面张力，由此推测细胞膜除了含脂质分子外，可能还附有蛋白质。」——对象是对细胞膜成分的探索（由油-水界面表面张力差推出膜含蛋白质），属『细胞膜成分和结构的探究历程』（边界「1.对细胞膜成分的探索」），不是脂质的组成/分类/功能
bio-fx-nuclear-male-sterility,细胞核的结构和功能,雄性不育的类型,材料正文原句：「1. 显性核不育：含显性不育基因即表现为雄性不育。」——对象是核基因控制的雄性不育的遗传类型（显性/隐性核不育、遵循孟德尔定律），标题含「细胞核」但所讲不是细胞核的结构与功能；现库有『雄性不育的类型』节点，边界正是核不育与细胞质不育的区分
bio-kb3-f3-s3-3-n09,细胞核的结构和功能,生物模型的类型,材料正文原句：「模型是人们为了某种特定的目的而对认识对象所做的一种简化的概括性的描述，包括物理模型、概念模型、数学模型等；」——对象是模型的三种类型（物理/概念/数学模型）与「照片不是物理模型」的判断口径，与细胞核无关；现库有『生物模型的类型』节点，边界正在于此
bio-kb3-f3-s3-3-n10,细胞核的结构和功能,细胞是基本的生命系统,材料正文原句：「细胞既是生物体结构和功能的基本单位，也是生物体代谢和遗传的基本单位。」——对象是细胞作为结构与功能的基本单位/生命系统，全条无细胞核内容；现库有『细胞是基本的生命系统』节点（边界即「以细胞为结构与功能的基本单位…强调细胞是最基本的生命系统」）
bio-kb3-f4-s27-n05,细胞核的结构和功能,细胞是基本的生命系统,材料正文原句：「(1)细胞作为基本的生命系统，其结构复杂而精巧。」——全条讲细胞是一个统一的整体、各组分分工合作、细胞是结构的基本单位，无细胞核内容；现库有『细胞是基本的生命系统』节点
bio-mo-cell-103,细胞核的结构和功能,生物模型的类型,材料正文原句：「1. 模型的形式很多，包括物理模型、概念模型、数学模型等。」——对象是模型的类型（第二句为建构细胞模型的科学性，近『物理模型的构建方法』），与细胞核无关；现库有『生物模型的类型』节点
bio-nested-pcr-two-rounds,非特异性免疫,pcr技术,材料通篇是 PCR 技术变体：「两套引物进行两轮 PCR，第二轮的扩增产物才是目的基因片段。」「第二轮：取少量第一轮产物稀释 100~1000 倍作模板，用第二对引物（内引物，结合在第一轮产物内部）扩增 15~30 循环。」；现绑节点「非特异性免疫」是三道防线/生来就有/不针对特定病原体，与材料无一字相关；包内 pcr技术（生物学选择性必修3·第三章 基因工程）边界即「体外特异性扩增DNA片段的技术…引物…每个扩增周期经历变性、复性和延伸三步」。｜材料正文原句（materials[4]）
chem-equivalent-hydrogen-rules,中心原子杂化类型的判断,判断同分异构体数目的常用方法和思路,材料三条规则与现绑节点（中心原子杂化类型的判断，边界只讲价层电子对数与σ键数+孤电子对数判 sp/sp2/sp3）无关：「①同一碳原子上的氢原子等效；②同一碳原子所连的相同基团（如3个-CH3）上的氢原子等效；③位于对称位置上的氢原子等效。一元取代物数目等于分子中不同化学环境的氢原子种类数。」；包内 判断同分异构体数目的常用方法和思路 的边界(3)逐字列「等效氢法…①分子中同一个碳原子上连接的氢原子等效；②同一个碳原子上所连接的甲基氢原子等效；③分子中处于对称位置上的氢原子等效」，别名亦有「等效氢法判断一取代物数目」。｜材料正文原句（materials[16]）
chem-hj-lvsanjiao-zhuanhua,斜向变化体现不同价态-不同类别之间物质的转化-主要体现物质的氧化性或还原性,铝及其化合物之间的性质与应用,全文无一处涉铁：首句『Al3+→Al(OH)3：加适量氨水 Al3++3NH3·H2O=Al(OH)3↓+3NH4+，或加适量强碱 Al3++3OH-=Al(OH)3↓。』末句『双水解：Al3++3AlO2-+6H2O=4Al(OH)3↓。』标题《铝三角的转化关系》；本节点 boundary 全为 Fe3＋/Fe2＋ 的氧化还原（『2Fe3＋＋S2－===2Fe2＋＋S↓』『2Fe2＋＋Cl2===2Fe3＋＋2Cl－』）⇒ 判据1/3/5 均不成立（邻近章节的铝素材挂在铁节点）。建议目标节点 boundary『定位：化学必修第一册·第三章 铁 金属材料·综合。铝及其化合物的转化关系(二维图)』能框住四条转化＋双水解的每条原句。落表前按 §4.5 去重：该目标节点已挂 ext-che-947add6b4a-014《铝三角的转化关系》511 字与 ext-che-edc670dfda-014《铝三角的相互转化关系》425 字；备选目标＝含铝物质的制备和转化。源文件：core/data/src/main/resources/knowledge/moe-2025-teaching-support-v2-03.json
math-mo-jiaobing-bu-xingzhi-qingdan,不等式的基本性质,交集与并集,材料全篇是集合交并运算性质、与不等式无关：「交集性质：$A\cap B\subseteq A$…并集性质：$A\cup B\supseteq A$…」「由运算结果求参时，若条件含 $A\cup B=B$ 型，转化为包含关系后注意 $A=\varnothing$ 的情况。」；现绑节点「不等式的基本性质」是七条不等式性质（其 boundary 把「交集并集运算性质」写成延伸内容才容下这条材料）；包内 交集与并集（必修一·第一章·集合与常用逻辑用语）边界即「交并运算的基本性质与韦恩图示法」。｜材料正文原句（materials[24]）
ext-mat-ad72a3be75-002,利用奇偶性求值-将待求函数值或不等式利用奇偶性转化为已知区间上的函数值求解,利用奇偶性求解析式,§4.2-1/5 首要教学对象+首句动作｜正文原句「已知奇函数在一侧的解析式，可以利用 $f(x)=-f(-x)$ 求另一侧对称区间上的表达式。」——首段即求对称区间解析式，与目标节点边界【用 $f(-x)=-f(x)$ 时要先确认 $-x$ 落在已知解析式的区间内】逐句对应；第三段才延伸到零点个数。
math-derivative-closed-interval-max-min-endpoints,利用奇偶性求值-将待求函数值或不等式利用奇偶性转化为已知区间上的函数值求解,利用导数研究函数的最值,§4.2-1/5 首要教学对象+首句动作｜正文原句「1. 求出区间内的所有极值点及极值。2. 计算区间端点处的函数值。3. 比较各值大小，最大者为最大值，最小者为最小值。」——全篇与奇偶性无关；目标节点已收 4 条同型《闭区间上求（函数）最值的步骤》，同页同源材料 math-derivative-monotonicity-three-steps 亦现绑该节点。
math-even-function-opposite-interval-monotonicity,利用奇偶性求值-将待求函数值或不等式利用奇偶性转化为已知区间上的函数值求解,利用奇偶性与单调性解不等式,"§4.2-1/5 首要教学对象+首句动作｜正文原句「1. 偶函数 $f(x)$ 在 $(-b,-a)$ 与 $(a,b)$ 上单调性相反。2. 若 $f(x)$ 在 $[0,+\infty)$ 上递增，则 $f(A)<f(B)\Leftrightarrow|A|<|B|$；递减时不等号反向。3. 解绝对值不等式得自变量范围。」——全篇动作落在解不等式（脱 f、去绝对值），不是求值；目标节点已收同型材料《用奇偶性加单调性解抽象不等式》。"
math-fx-geijiao-qiuzhi-chaiteshu,利用奇偶性求值-将待求函数值或不等式利用奇偶性转化为已知区间上的函数值求解,三角恒等变换,"§4.2-1 首要教学对象｜正文原句「1. 拆分：找目标角与特殊角（$30°,45°,60°,90°$ 等）的和差倍半关系，如 $15°=45°-30°$、$75°=45°+30°$」——对象是非特殊角的求值拆分；目标节点已收《给角求值的三个处理方向》《给角求值的拆分与凑角》（该节点 55 条材料，已远超 §4.4 的 4 条上限，旁车登记）。"
math-fx-jidi-youxian-sixiang,利用奇偶性求值-将待求函数值或不等式利用奇偶性转化为已知区间上的函数值求解,平面向量基本定理,§4.2-1/5 首要教学对象+首句动作｜正文原句「1. 基底选择原则：选已知长度、夹角的向量（如矩形邻边、菱形边）」「2. 唯一性转化：若 $x\vec{e_1}+y\vec{e_2}=x'\vec{e_1}+y'\vec{e_2}$（基底不共线），则 $x=x'$ 且 $y=y'$，由此列方程组求参数。」——全篇讲平面向量的基底表示与表示唯一性，与奇偶性无关。
math-fx-qiou-qioujiexi-buquan,利用奇偶性求值-将待求函数值或不等式利用奇偶性转化为已知区间上的函数值求解,利用奇偶性求解析式,§4.2-1/5 首要教学对象+首句动作｜正文原句「1. 奇函数：$x>0$ 时 $f(x)=g(x)$，则 $x<0$ 时 $f(x)=-g(-x)$；偶函数时 $f(x)=g(-x)$。2. 补全：奇函数定义域含 0 时补 $f(0)=0$」——对象是求解析式与补全定义；目标节点已收同型《用奇偶性求对称区间的解析式》。
math-hj-fenshi-budengshi-jiefa,利用奇偶性求值-将待求函数值或不等式利用奇偶性转化为已知区间上的函数值求解,分式不等式的解法,§4.2-1 首要教学对象｜正文原句「$\frac{f(x)}{g(x)}>0(<0)\Leftrightarrow f(x)g(x)>0(<0)$；$\frac{f(x)}{g(x)}\ge 0(\le 0)\Leftrightarrow f(x)g(x)\ge 0(\le 0)$ 且 $g(x)\ne 0$。」——全篇只讲分式不等式化整式，与奇偶性无关；来源（数学讲义《第5节 一元二次方程、不等式》）属不等式章。
math-hj-s16-fraction-ineq,利用奇偶性求值-将待求函数值或不等式利用奇偶性转化为已知区间上的函数值求解,分式不等式的解法,§4.2-1 首要教学对象｜正文原句「1. $\dfrac{f(x)}{g(x)}>0\Leftrightarrow f(x)g(x)>0$」「2. 带等号：$\dfrac{f(x)}{g(x)}\ge0\Leftrightarrow f(x)g(x)\ge0$ 且 $g(x)\ne0$。」与上一条同题同源（《第一章 §1.6 一元二次方程、不等式》）；同域近重复节点【分式不等式与绝对值不等式的解法】并列登记，选定按 8 条材料的【分式不等式的解法】。
math-hj-s24-period-transform,利用奇偶性求值-将待求函数值或不等式利用奇偶性转化为已知区间上的函数值求解,函数的周期性,§4.2-1 首要教学对象｜正文原句「1. 由对称、奇偶关系先求出周期 $T$。2. 大数 $n$ 化为 $n\bmod T$ 对应的已知区间点。3. 零点、图象问题只需研究一个周期内的情形再平铺。」——对象是周期 $T$ 的转化用法；同源同节（数学讲义《第二章 §2.4 函数的周期性和对称性》）的兄弟条 math-hj-s24-period-formulas《常见的周期性结论》现绑【函数的周期性】。
math-mo-geizhi-qiuzhi-silu,利用奇偶性求值-将待求函数值或不等式利用奇偶性转化为已知区间上的函数值求解,给值求值问题,§4.2-1 首要教学对象｜正文原句「给值求值问题的一般思路：1. 确定已知式子中的角与要求式子中的角是否有关系（能否用已知角表示）」「4. 代入已知的值求出结果。」——对象是三角函数给值求值；目标节点已收《给值求值：角的拆分与符号判断》。
math-mo-xingzhi-jie-budengshi,利用奇偶性求值-将待求函数值或不等式利用奇偶性转化为已知区间上的函数值求解,利用奇偶性与单调性解不等式,§4.2-1/5 首要教学对象+首句动作｜正文原句「把已知不等式利用奇偶性、周期性转化成 $f(A)<f(B)$（或 $>$）的形式，再根据“奇函数在对称区间上单调性相同、偶函数在对称区间上单调性相反”列出关于自变量的不等式（组）」——对象是解抽象不等式（标题即「利用奇偶性与单调性解抽象不等式」，目标节点已收同型《用奇偶性加单调性解抽象不等式》）。
math-teshudian-siyu1-zhuanhua-dao-x,利用奇偶性求值-将待求函数值或不等式利用奇偶性转化为已知区间上的函数值求解,三角函数中ω的取值范围问题,"§4.2-1 首要教学对象｜正文原句「利用 $y=\sin t$ 的性质写出对应的特殊点，并反解出 $y=\sin(\omega x+\varphi)$ 的特殊点 $x_1,x_2,\cdots$（用 $\omega$ 表示）」「进而列出不等式（组），从而解得 $\omega$ 的取值范围。」——对象是三角函数中 ω 的取值范围；目标节点已收《利用零点个数求ω的范围》等 5 条同型材料（另有两个近重复节点【三角函数中ω的取值范围的确定方法】【三角函数中ω的求解】，旁车登记）。"
ext-mat-47f6cc7b06-001c,对勾函数,解三角形中的最值与范围问题,§4.2-1/5 首要教学对象+首句动作｜正文原句「**流程**：1. **化边为角并求比例系数**：由外接圆半径 $R=\sqrt3$ 与正弦定理得 $a=\frac{b}{\sin B}=2\sqrt3$」「4. **用对勾函数单调性求值域**」——题目主体是解三角形中 $\frac{b^2+a^2}{b}$ 的取值范围，对勾函数只在末步作工具；同源 PDF（培优7 解三角形中的最值和范围问题）的兄弟块 47f6cc7b06-001/-001b/-002、c0a639908a-001/-002b 现绑该节点，其节点边界亦明写【化为角的函数后若出现 $\sin\theta$ 与 $\frac{1}{\sin\theta}$ 同现，用对勾函数单调性】。
ext-mat-47f6cc7b06-005,对勾函数,解三角形中的最值与范围问题,§4.2-1/5 首要教学对象+首句动作｜正文原句「3. **化边比**：$\frac ac=\frac{\sin A}{\sin C}=\frac{\sin\left(C+\frac\pi3\right)}{\sin C}=\frac12+\frac{\sqrt3}{2\tan C}$」「4. **换元求值域**：$\frac{a^2+c^2}{ac}=\frac ac+\frac ca$，令 $t=\frac ac\in\left(\frac12，2\right)$」——四步中前三步与结论都在求「比值型代数式」的解三角形取值范围；材料自身 boundaryMarkdown 也只谈化角、消 $\sin A$、端点开闭，未以对勾函数为对象。
ext-mat-a0656377b5-001,对勾函数,根据零点个数求参数的方法,§4.2-1/5 首要教学对象+首句动作｜正文原句「**换元**：在 $f(x)=2^x+2^{2x}-m$ 中令 $t=2^x$」「**化归**：方程 $t+\frac{4}{t}=m$ 有两个不同的正实根，等价于对勾函数 $g(t)=t+\frac{4}{t}$（$t>0$）的图象与水平直线 $y=m$ 有两个交点。」「**结论**：当 $m>4$ 时直线与函数图象有两个交点，即原方程有两个不同实根，所以 $m$ 的取值范围是 $m>4$。」——材料解的是【由实根个数求参数范围】（本代理概括），对勾函数只在中间一步作工具；同节（2.4 函数的零点与方程的根）讲解册材料《由零点个数求参数范围的三种方法》现绑该节点。
ext-mat-c0a639908a-002,对勾函数,解三角形中的最值与范围问题,§4.2-1/5 首要教学对象+首句动作｜正文首句原句「沿用上一问：$A=\frac{\pi}{3}$，外接圆半径 $\sqrt3$，求 $\frac{b^2+a^2}{b}$ 的取值范围。」其后 1–3 步为「**边化角**」「**确定角的范围**」「**换元**」，第 4 步才「**用对勾函数求值域**」——材料是解三角形题目的解答链。
math-hj-s15-cauchy,指数不等式,柯西不等式与权方和不等式,材料只有柯西不等式本体、与指数不等式解法无关：「$(a^2+b^2)(c^2+d^2)\ge(ac+bd)^2$（实数范围内成立），取等条件 $\dfrac{a}{c}=\dfrac{b}{d}$。」；现绑节点「指数不等式」讨论底数确定/含参时去指数求解与同构变换；包内 柯西不等式与权方和不等式（必修一·第二章·不等式）边界即「…柯西不等式的取等条件 $ad=bc$…都必须验证能取到」，别名含「二维柯西不等式」。｜材料正文原句（materials[28]）
math-fx-dandiao-dingyi-dengjia,数列的单调性与最值问题,函数的单调性,正文“1. 定义：$x_1<x_2$ 时 $f(x_1)<f(x_2)$ 为增函数；$f(x_1)>f(x_2)$ 为减函数（区间 $I\subseteq D$）。2. 等价形式：$\dfrac{f(x_1)-f(x_2)}{x_1-x_2}>0\iff$ 单调递增”——主语是 $f(x)$ 与区间，通篇不出现数列；「函数的单调性」boundary“给出单调性的定义及其两种等价形式”逐字对应（函数单调性↔数列单调性是相邻概念误绑的典型）。
math-fx-dengcha-danyan-zuizhi,数列的单调性与最值问题,等差数列前n项和最值问题,正文“2. 二次函数法：把 $S_n$ 看成 $n$ 的二次函数（无常数项），由对称轴定最值附近的正整数 $n$。3. 符号法：$S_n$ 最大当且仅当满足 $a_k\ge 0$ 且 $a_{k+1}\le 0$ 的 $k$（$d<0$ 时）”——正是「等差数列前n项和最值问题」boundary 的两条途径（配方转二次函数／由相邻两项的符号变化定位置），材料只谈等差数列的 $S_n$。
math-fx-geizhi-qiuzhi-sanbufa,数列的单调性与最值问题,给值求值问题,正文“1. 看角：分析已知角与未知角的关系，确定拆分、组合方式（如 $\beta=(\alpha+\beta)-\alpha$）……4. 变式：目标为 $\sin\alpha\pm\cos\alpha$、$\sin\alpha\cos\alpha$ 型时用和差积关系整体代换。”——是三角恒等变换，与数列无关；包内「给值求值问题」boundary“拆角后的每个角都必须是已知角或特殊角……不判断符号只取正值”与之逐条对应（另有「三角给值求值的换元法」，归属二者需人工择一）。
math-fx-yansheng-shulie-shandai,数列的单调性与最值问题,数列的插项与去项问题,正文“1. 插入型：在 $a_n$ 与 $a_{n+1}$ 之间插入 $m$ 个数（等差或等比），新数列共 $n+(n-1)m$ 项（前 $n$ 项原项），分段求和。……3. 删减（公共项）型：剔除与另一数列相同的项”——讲的是插项／去项的项数计算与分组求和；本节点 boundary 只讲增减与最值项，框不住。（同条含公共项，包内另有「数列的公共项问题」，是否拆条留人工）
math-hj-s810-range-extreme,数列的单调性与最值问题,圆锥曲线中的最值或范围问题,正文“1. 设参数（斜率 $k$ 或点坐标 $t$）。2. 由联立关系把目标写成参数函数。3. 用函数单调性、均值不等式或几何意义（如 $d\ge0$、判别式）定范围。”——通篇是解析几何（联立、斜率、判别式），零数列内容；包内有「圆锥曲线中的最值或范围问题」（数学选择性必修第一册·第二三章·解析几何），其 boundary“代数法要注意参数范围由判别式和曲线自身的范围共同决定”与之对应。
math-mo-gonggongxiang-zengjianxiang,数列的单调性与最值问题,数列的公共项问题,正文“1. 公共项：两个等差数列的公共项是等差数列，且公差为两公差的最小公倍数；两个等比数列的公共项是等比数列，公比为两公比的最小公倍数次幂。”——首条即公共项的结构，对应「数列的公共项问题」boundary“同一项只能算一次（剔除而不是相加）”；本节点 boundary 不含公共项／插项。（条内另有插项计数，是否拆条留人工）
math-mo-sanyuan-duoyuan-jianyuan,数列的单调性与最值问题,多变量最值问题的解题方法,正文“1. 从元的个数角度——关键在于减元处理（代入消元、整体换元、三角换元等）……3. ……把问题转化为整体元的和、积、差、平方和、倒数和等并列结构，再利用均值不等式求解，注意等号取到的条件。”——是多元最值的减元方法，与数列无关；「多变量最值问题的解题方法」boundary“消元或换元后必须写明新变量的取值范围……每种方法的等号成立条件都要单独验证”与之对应（另有「三元均值不等式」，归属二者需人工择一）。
math-mo-feibonaqi-shulie,等差数列的常用性质,斐波那契数列,"候选正确：正文“1. 定义：$a_1=a_2=1$，$a_{n+2}=a_{n+1}+a_n$，前若干项为 $1,1,2,3,5,8,13,21,34,55,\dots$；通项（比内公式）$a_n=\dfrac{1}{\sqrt5}\left[\left(\dfrac{1+\sqrt5}{2}\right)^n-\left(\dfrac{1-\sqrt5}{2}\right)^n\right]$。2. 求和：$S_n=a_{n+2}-1$。3. 余数列的周期性……4. 相邻项平方关系 $a_{n+1}^2-a_na_{n+2}=(-1)^n$”——四条全部是斐波那契数列，零等差数列内容，现绑「等差数列的常用性质」完全不成立。"
math-mo-jiexishi-sifa-buchong,方程组法-主要解决已知与-的方程-求解析式,求函数解析式的常用方法,§4.2-4 材料比节点宽（专题综述型不合格）｜正文原句「1. 待定系数法：已知函数类型时，设一般式后由恒等条件列方程求系数。」「4. 方程组法：条件含 $f(x)$ 与 $f(-x)$、$f(-x)$ 与 $f(x)$ 等两个式子时，用 $-x$ 代换得第二式联立消元。」——四种方法并列，方程组法只占第 4 条；目标节点已收 4 条同型《求函数解析式的常用方法／四种方法》（【函数解析式的常用求法】为近重复节点，旁车登记）。
ext-mat-89e05e8765-002,等比数列的常用性质,等比数列前项和的常用性质,正文“2. 项数奇偶的性质：若数列的项数为 2n，则偶数项之和与奇数项之和的比等于公比 q”“3. 前 n 项和的形式：等比数列 {an} 的前 n 项和可以写成 $S_n=Aq^n-A$（A≠0，q≠1）”——讲的是前 $n$ 项和（含前 $n$ 项积）的性质，本节点 boundary（下标和／等距抽取／运算／取对数）一条都框不住；「等比数列前项和的常用性质」boundary 正含奇偶项和与 $S_n$ 形式两条。
ext-phy-3a8af85e91-007,力的分解,正交分解法,通篇正交分解：「## 方法 将已知力按相互垂直的两个方向分解，求出沿每个坐标轴方向的合力」加「## 建系原则」「分解时各力都要带符号（与坐标轴同向为正）」；同文档同型材料『正交分解法的步骤与建系原则』『正交分解建轴原则：尽量多的力落在坐标轴上』现绑『正交分解法』。
ext-phy-40c49b3ca6-009,力的分解,斜面上圆周运动的类型与处理,落点是斜面圆周运动：「物体在斜面上做圆周运动时…把重力沿垂直斜面和沿斜面两个方向分解」而以「这样处理后，斜面内的圆周运动与水平面内的圆周运动形式相同…问题就得到简化」收束；源为《第23讲 圆周运动的临界问题》，重力分解只是手段（『斜面上圆周运动的类型与处理』边界即「必须先把手画或题给的立体图投影到斜面所在的平面内再作受力分析」）。
ext-phy-445f88143b-008,力的分解,力的分解的多解问题,整条为解数讨论：「两个力的合力唯一确定，但一个力的两个分力不一定唯一确定…当 $F_2<F\sin\theta$ 时无解；当 $F_2=F\sin\theta$ 或 $F_2\ge F$ 时有一组解；当 $F\sin\theta<F_2<F$ 时有两组解」；同章已有『力的分解的多解问题』节点承接这一面。
ext-phy-ff426b02e4-009b,力的分解,正交分解法,全条无一句效果分解：「方法：将力沿相互垂直的两个坐标轴分解，进而求出沿坐标轴方向的合力，用于列平衡方程或牛顿第二定律方程」加计算式、建系原则与应用；同文档同型材料『正交分解法求合力的步骤』现绑『正交分解法』。
phys-hj2-li-fenjie-duojie-taolun,力的分解,力的分解的多解问题,整条为解数判定：「已知合力 $F$、一分力大小 $F_1$ 及另一分力方向（与合力成 $θ$）：$F_1=Fsinθ$ 或 $F_1>F$ 有一组解；$F_1<Fsinθ$ 无解；$Fsinθ<F_1<F$ 有两组解」；同章已有『力的分解的多解问题』节点（边界：讨论解的个数时要检查交点是否落在合力的作用方向一侧），同族材料即绑在那里。
phys-zhengjiao-zhun-que-jiaodu,力的分解,正交分解法,原句「找准角度：分解时，明确力与坐标轴的夹角 $\theta$，避免混淆 $\sin\theta$ 和 $\cos\theta$，同时注意区分力的正负，避免符号错误」——全条只讲正交分解的投影与符号环节；同章『正交分解法』节点边界即「坐标轴方向选定后，各分力的正负号要与所设正方向一致」，同型材料『正交分解法的步骤与建系原则』现绑该节点。
phys-mo-l48-dynamic-circle-b,动态平衡问题,带电粒子在匀强磁场中运动的动态圆模型,同名不同物，本条不是力学平衡：「“平移圆”模型：速度大小、方向一定，但入射点在同一直线上移动。“旋转圆”模型：速度大小一定、方向不同。“放缩圆”模型…」；源为《第48讲 动态圆、磁聚焦和磁发散问题》，与『带电粒子在匀强磁场中运动的动态圆模型』节点边界逐字同指（平移圆／旋转圆／放缩圆模型处理方法）。
phys-hj3-three-charge-equilibrium,核心规律-受力分析-力的合成与分解-共点力的平衡,三个自由点电荷的平衡模型,材料通篇是该模型的结论：「三个自由点电荷平衡的条件及规律：三点共线、两同夹异、两大夹小、近小远大。」「即两侧电荷同号、中间电荷异号；中间电荷电荷量最小；中间电荷靠近电荷量较小的一侧。」；现绑节点是合并残留的桶节点（name=核心规律、slug=核心规律-受力分析-力的合成与分解-共点力的平衡、边界只有「一、受力分析」，靠别名「三个自由点电荷的平衡规律」挂住本材料）；包内该结论有专节点 三个自由点电荷的平衡模型（边界即「三个自由点电荷平衡时两侧电荷同号、中间电荷与它们异号…」），同章另有近重复节点 三个自由点电荷平衡模型（1 条材料）见 notes。｜材料正文原句（materials[31]）
phys-hj-014-friction-kinetic-to-kinetic,滑动摩擦力,摩擦力的突变类问题,§4.2-1 首要教学对象｜正文原句「物体在滑动摩擦力作用下达到共同速度后，若静摩擦力不足以维持相对静止，则仍受滑动摩擦力但方向发生改变。」教学对象是共速时刻（达到共同速度后）摩擦力方向突变这一事件，不是滑动摩擦力的定义/大小/方向本身。旁证（同包内容，非金标）：本包已把同题材料 ext-phy-f88d1938f5-015（同名《动—动突变》，正文「例如物块沿足够长的传送带下滑，当物块速度超过传送带速度后，滑动摩擦力由沿传送带向上变为沿传送带向下」）绑在「摩擦力的突变类问题」；该节点下四个细类节点（静→动／动→静／N 突变／斜面倾角突变）无一覆盖动→动，故改指其伞节点。注：权威表 material_bindings.csv:380 已裁定同目标（当前包未生效，待 promote）。
bio-hypothalamus-glucose-center,激素,胰岛素,「血糖调节中枢位于下丘脑：血糖变化→下丘脑通过神经（副交感/交感）作用于胰岛 B 细胞」——是血糖平衡的调节路径；节点『胰岛素』边界含影响胰岛素分泌的信号分子与升降糖激素拮抗，且已存《血糖平衡的调节》。（round2 裁定 2026-10-02）
chem-enthalpy-of-combustion-definition,铁的氢氧化物,燃烧热,「在25℃、101 kPa下，1 mol纯物质完全燃烧生成稳定的氧化物所放出的热量为燃烧热」——正文即『燃烧热』定义；权威表所写『燃烧热-x1』已 MERGE 并入现存 slug『燃烧热』。（round2 裁定 2026-10-02）
chem-fx-entry-f08x27,mol-l-1-na2so4溶液-酚酞溶液,与量有关的离子方程式书写技巧,「Ba2++2OH-+2H++SO=BaSO4↓+2H2O，此时溶液呈中性，若向该溶液中再加入Ba(OH)2溶液，反应为SO+Ba2+=BaSO4↓」——NaHSO4与Ba(OH)2的量比书写；现绑是实验步骤碎片（边界仅「【实验步骤】」），靶区族内已有「NaHSO4与Ba(OH)2反应的量比方程式模型」。（round2 裁定 2026-10-02）
chem-fx-huan-yuan-xing-f10x10,斜向变化体现不同价态-不同类别之间物质的转化-主要体现物质的氧化性或还原性,氧化性-还原性强弱的比较,「还原性：还原剂>还原产物」「(2)根据相同条件下产物的价态高低判断…则氧化性：Cl2>S」——与目标节点边界「由氧化还原方程式判断…还原剂强于还原产物；由相同条件下氧化产物价态高低判断」逐条对应；现绑为铁价类二维图节点。（round2 裁定 2026-10-02）
chem-fx-huan-yuan-xing-f10x15,斜向变化体现不同价态-不同类别之间物质的转化-主要体现物质的氧化性或还原性,氧化性-还原性强弱的比较,「元素金属性越强，其单质的还原性越强；非金属活动性越强，对应元素形成的简单阴离子还原性越弱」「电解池中在阳极优先放电的微粒还原性较强」＝目标节点「由金属活动性与非金属性强弱判断」及其别名「电解池中离子放电顺序体现的强弱关系」。（round2 裁定 2026-10-02）
chem-fx-huan-yuan-xing-qi-ti-bao-hu-fa-f15x06,斜向变化体现不同价态-不同类别之间物质的转化-主要体现物质的氧化性或还原性,fe-oh-2的制备,「先在装置Ⅰ中生成FeSO4溶液，并利用生成的H2将装置内的 排尽后，再把 溶液压入装置Ⅱ中与 混合，这样可长时间观察到白色沉淀」——即目标节点「保证生成的Fe(OH)2在密闭、隔绝空气的体系中」的还原性气体保护法；同源 f15x05、f15x07 已在该节点。（round2 裁定 2026-10-02）
chem-fx-tong-zhong-yuan-su-de-han-yang-suan-zh-f33x07,菠菜常用作补铁食品之一-为探究其中铁元素的价态-现进行如下实验,氧化性-还原性强弱比较易错点,独立复核订正：正确去向「氧化性-还原性强弱比较易错点」：其边界「氧化性还原性强弱与元素化合价高低无必然联系，如次氯酸氧化性强于高氯酸」与本条逐字吻合；「含氧酸及其酸性比较」边界只讲酸性规则，酸性句仅是陪衬，判改绑不成立。材料原句「含氧酸的氧化性不一定越强。如酸性:HClO4>HClO3>HClO」「氧化性:HClO4<HClO3<HClO。」（round2 裁定 2026-10-02）
chem-gap-acetaldehyde,利用nh3的还原性可以消除氮氧化物的污染-其中除去no的主要反应如下,醛-酮的化学性质,原句「银镜反应：与银氨溶液水浴加热…用于检验醛基」「氧化性与还原性：催化加氢生成乙醇（被还原）」——醛的还原性+银镜+新制Cu(OH)2，逐条对「醛-酮的化学性质」边界；现绑是平衡常数与速率式指数，零交集。（round2 裁定 2026-10-02）
chem-hj-ciaosuanyanyan-qiangyanghuaxing,过氧化钠,次氯酸和次氯酸盐,「ClO- 无论酸性、碱性还是中性条件均具有强氧化性，能氧化 Fe2+、I-、S、S2- 等」与 Ca(ClO)₂ 溶液通 CO₂——全篇讲次氯酸盐，无 Na2O2；同源《次氯酸盐的强氧化性与84消毒液》即在候选节点。（round2 裁定 2026-10-02）
chem-hj-f116-so2-yutieyan-yutongyan,钠与水及酸-碱-盐溶液的反应,二氧化硫,「SO2 使品红褪色是化合漂白，加热可复原」「与卤素水溶液：SO2+X2+2H2O=H2SO4+2HX」——通篇是 SO2 的还原性与漂白，卤素、品红两条无铜铁；现绑『钠与水及酸-碱-盐溶液的反应』全文无钠。（round2 裁定 2026-10-02）
chem-hj-f144-no2-mifengping-hunhevu,在fecl3-cucl2混合溶液中-加入铁粉与铜粉的混合物,物质的分类,正文「NO2 气体中存在平衡 2NO2⇌N2O4，故密封的 NO2 气体是 NO2 与 N2O4 组成的混合物」是纯净物与混合物的辨析（同「同种元素组成的物质不一定是纯净物」一类易混点）；现绑「溶液中溶质成分的判断」只讲反应后溶液溶质。（round2 裁定 2026-10-02）
chem-hj-fushi-kuanman-panbie,物理变化与化学变化的两种判断方法,金属的腐蚀,「电解池阳极最快>原电池负极>化学腐蚀>原电池正极>电解池阴极（最慢）」「同一金属在不同介质：强电解质溶液>弱电解质溶液>非电解质溶液」——全篇金属腐蚀快慢判断；现绑「物理变化与化学变化的两种判断方法」与正文零交集。（round2 裁定 2026-10-02）
chem-hj-haishui-timei,从海水中提取物质的思路,海水提镁的工艺流程分析,原句「流程：贝壳煅烧制石灰乳…→沉淀 Mg2+（Mg2++2OH-=Mg(OH)2↓）→盐酸溶解…→浓缩蒸发得无水 MgCl2→电解制镁」，即靶节点边界「提镁的四个步骤及相关反应」。（round2 裁定 2026-10-02）
chem-hj-jiajian-shumu-changkao,mol-l-1-na2so4溶液-酚酞溶液,共价键,「1 mol SiO2 含 4NA 个 Si—O 键；1 mol 金刚石含 2NA 个 C—C 键」「单键都是 σ 键；双键含 1 个 σ 键和 1 个 π 键；配位键属于 σ 键」——共价键成键数目与σ/π分类；靶区族内已有「常见原子成键数目与共价键分类」。（round2 裁定 2026-10-02）
chem-hj-jinshu-qinghuawu-nabh4,利用nh3的还原性可以消除氮氧化物的污染-其中除去no的主要反应如下,金属氢化物,「NaH 遇水强烈反应放出氢气使溶液呈碱性（NaH+H2O=NaOH+H2↑）」「固态 NaH 在 673 K 能将 TiCl4 还原为金属钛」——通篇金属氢化物与硼氢化钠的强还原性；现绑「氨气还原氮氧化物」边界讲平衡常数与速率指数，与正文零交集。（round2 裁定 2026-10-02）
chem-hj-kongjian-liyonglv-dianxing-shuzhi,利用盖斯定律书写热化学方程式的一般步骤,晶胞空间利用率的计算,「空间利用率=晶胞内粒子总体积/晶胞体积×100%」「金刚石型堆积……利用率约 34%」——金刚石型非金属晶体；同讲义的教师版材料《金属晶体空间利用率的计算》正在候选节点，候选「金属晶体的空间利用率」为同概念双节点。（round2 裁定 2026-10-02）
chem-hj-lv-chendiantu-xiang-fenxi,na2co3-nahco3与酸反应的图像分析,氢氧化铝沉淀图像分析,原句「铝盐中滴加 NaOH 至过量：先沉淀后溶解，AB 段 Al3++3OH-=Al(OH)3↓」「偏铝酸盐中滴加盐酸：先沉淀后溶解」——铝盐/偏铝酸盐沉淀图像；现绑「Na2CO3、NaHCO3与酸反应的图像分析」零对应。（round2 裁定 2026-10-02）
chem-hj-lv-yushui-jie-suanyan-fanying,中学化学中常见的既能与盐酸反应-又能与naoh溶液反应的物质,铝的化学性质,「NH4Cl 溶液中 NH4+ 水解显酸性，铝片表面产生大量气泡，气体是 H2」「铝制餐具不能长时间存放酸性或碱性食物」——铝与酸/碱及钝化面，正对「铝的化学性质」；现绑是罗列清单的节点，正文无清单。（round2 裁定 2026-10-02）
chem-hj-lvre-fanying,氧化还原反应规律及其应用,铝热反应,「原理：Fe2O3+2Al=2Fe+Al2O3（高温），放出大量热…野外焊接钢轨…不能与 MgO 反应」——全条铝热反应；现绑「氧化还原反应规律及其应用」边界只讲强弱/先后/价态规律，与正文零交集。（round2 裁定 2026-10-02）
chem-hj-no2-n2o4-pingheng,mol-l-1-na2so4溶液-酚酞溶液,氮的氧化物,「平衡：2NO2⇌N2O4（红棕色⇌无色）。由于部分 NO2 二聚，实验测得 NO2 的平均相对分子质量总大于 46」——氮氧化物的二聚与平衡要点；靶区「氮的氧化物」族内已有「氮的氧化物与 NO₂—N₂O₄ 平衡」。（round2 裁定 2026-10-02）
chem-hj-tiao-ph-fenli-jinshu-lizi,沉淀溶解平衡的应用,调节pH分离提纯金属离子,「范围确定：下限为目标除去离子沉淀完全的 pH，上限为不沉淀离子开始沉淀的 pH」与「先用氧化剂把 Fe2+ 氧化为 Fe3+，再调 pH 至 3.7≤pH<8.3」——即候选边界「pH范围必须由题给的沉淀开始与完全沉淀的pH数据确定」。（round2 裁定 2026-10-02）
chem-hj-tong-de-cunzai-yelian,忽视溶液中水的存在,铜的冶炼,「火法炼铜：2CuFeS2+4O2=Cu2S+3SO2+2FeO…电解精炼：粗铜（99.5%~99.7%）作阳极…得99.95%~99.98%的铜」——冶炼三线正是「铜的冶炼」；现绑『忽视溶液中水的存在』讲数溶剂水原子，与正文零交集。（round2 裁定 2026-10-02）
chem-hj-tong-huahewu-yongtu,镁的重要化合物,铜及其化合物的性质,正文全为铜化合物：原句「CuO：黑色难溶固体，可被H2、CO、Al还原为Cu」「Cu2O：砖红色…胆矾CuSO4·5H2O…碱式碳酸铜：绿色…波尔多液」，与现绑「镁的重要化合物」无一字相关；目标节点别名含「铜的重要化合物」。（round2 裁定 2026-10-02）
chem-hj-tong-xingzhi,从化合价的角度认识cl2的化学性质-歧化反应,单质铜的化学性质,「与 S：2Cu+S=Cu2S」「与氧化性酸：Cu+2H2SO4(浓)=CuSO4+SO2↑+2H2O」「Cu+2Fe3+=2Fe2++Cu2+（蚀刻电路板）」——全篇是铜单质的反应，与现绑Cl2歧化无涉；靶区族内已有同题材料。（round2 裁定 2026-10-02）
chem-hj-xinxing-hejin,阿伏伽德罗常及其应用-七大误区,合金的概念及性能,「储氢合金：能大量吸收 H2 并与 H2 结合成金属氢化物的材料，如 Ti-Fe 合金、La-Ni 合金」「钛合金、耐热合金、形状记忆合金等」——新型合金的种类与用途，与现绑阿伏伽德罗常数误区无涉；靶区已有同题材料。（round2 裁定 2026-10-02）
chem-hj-yinjing-fanying-caozuo-guifan,既能跟稀盐酸反应-又能跟氢氧化钠溶液反应的化合物是,醛-酮的化学性质,原句「银镜反应：试管内壁必须洁净；水浴加热不可直接加热」「新制 Cu(OH)2：向 2 mL NaOH 溶液中滴几滴 CuSO4 溶液（NaOH 必须过量）」=节点边界「掌握相应实验的操作要点」；现绑「既能跟稀盐酸反应」边界只有①NaHCO3②Al2O3③Al(OH)3④Al。（round2 裁定 2026-10-02）
chem-hj2-dingxing-tansuo-huanjie,菠菜常用作补铁食品之一-为探究其中铁元素的价态-现进行如下实验,定性探究题的形式与基本环节,「①提出问题……②猜想与假设……③制定计划……④收集证据……⑤解释与结论；⑥反思与评价」——定性探究的六个基本环节；该候选节点已存同名材料《定性探究实验的六个基本环节》。（round2 裁定 2026-10-02）
chem-hj2-jinshu-fushi-kuaiman-bijiao,反应热大小的比较规律,金属的腐蚀,「同一金属由快到慢：作电解池阳极＞作原电池负极＞化学腐蚀＞作原电池正极＞作电解池阴极」——金属腐蚀快慢比较；现绑「反应热大小的比较规律」讲 ΔH 比较，与正文零交集。（round2 裁定 2026-10-02）
chem-hj2-liu-yanghua-xing-yu-jinshu,斜向变化体现不同价态-不同类别之间物质的转化-主要体现物质的氧化性或还原性,硫单质,「S+O2=点燃=SO2（淡蓝色火焰）；S+2H2SO4（浓）=Δ=3SO2↑+2H2O」「3S+6NaOH=…除试管内黏附硫」——通篇硫单质与金属／非金属／强酸强碱反应，属目标节点；同型材料 ext-che-b7cfdfda64-003 已在该节点；现绑为铁价类图节点。（round2 裁定 2026-10-02）
chem-hj2-tanglei-tongshi-bufuhe-lizi,mol-l-1-na2so4溶液-酚酞溶液,糖类的组成和分类,「糖类定义：多羟基醛、多羟基酮和它们的脱水缩合物…大多数符合通式Cm(H2O)n…不符合通式的糖：脱氧核糖C5H10O4」——通篇讲糖类组成与通式的例外；靶区「糖类的组成和分类」族内已有「糖类通式判断的两个误区」。（round2 裁定 2026-10-02）
chem-hj2-tong-kuangwu-paibu-dianzi,基态原子核外电子排布的表示方法,铜的冶炼,「冶炼：湿法炼铜Fe+CuSO4=FeSO4+Cu；火法冶炼黄铜矿得粗铜再电解精炼」——矿石存在与冶炼属「铜的冶炼」；现绑『基态原子核外电子排布的表示方法』边界明限『表示方法本身』，本条只是陈述铜的排布。（round2 裁定 2026-10-02）
chem-hj2-zhongliang-diding-fenxi-fa,铁与水蒸气反应的注意事项,定量测定型综合实验,「重量分析法：将被测组分以单质或化合物形式分离后称量」「滴定分析法…分中和、氧化还原、络合、沉淀滴定四类」「气体体积法：测量生成气体体积定量分析」——即『定量测定型综合实验』边界所列三种方法。（round2 裁定 2026-10-02）
chem-inquiry-experiment-steps,菠菜常用作补铁食品之一-为探究其中铁元素的价态-现进行如下实验,定性探究实验题的解题策略,「第一步：明确探究目的……第二步：寻找变量……第三步：对照分析」——与候选边界「审题阶段必须先确定探究目标与变量」同义；现绑菠菜节点无菠菜与铁内容。三个近邻候选见 uncertain。（round2 裁定 2026-10-02）
chem-preparation-five-property-control,铁的氢氧化物,物质制备流程与条件控制,「①根据物质的沸点、热稳定性，选择合适的反应温度」「②根据H2O2等的热不稳定性，选择合适的催化剂及控温（冷却）方式」——通篇是物质制备的条件控制，与铁氢氧化物无关。（round2 裁定 2026-10-02）
ext-che-084a704b8f-003b,金属冶炼,铜的冶炼,「火法炼铜：工业上用高温冶炼黄铜矿的方法获得粗铜…所得粗铜中铜的含量约为 99.5%～99.7%…需要进一步电解精炼」——全条铜的冶炼；专节点「铜的冶炼」边界正含粗铜电解精炼与阳极泥，现绑为泛冶炼节点。（round2 裁定 2026-10-02）
ext-che-29b4143ea2-004,铝及其化合物之间的性质与应用,铝的化学性质,「铝是活泼金属但抗腐蚀性能强，原因是常温下铝与O2反应生成一层致密的氧化物薄膜」「铝还能与碱溶液反应…2Al+2OH-+6H2O=2[Al(OH)4]-+3H2」——铝单质性质正对「铝的化学性质」；现绑边界限转化关系二维图。（round2 裁定 2026-10-02）
ext-che-3a2e107c8c-038,判断同分异构体数目的常用方法和思路,限定条件下同分异构体的书写步骤,正文「碎片推测：依据分子式(不饱和度)、特殊结构信息、类别信息与化合物性质推知官能团…碎片组装…方法选择」即该节点边界「先…推测官能团碎片，再构建符合分子式的碳骨架，最后按有序思维组装碎片」；同节点已有「碎片拼装法的前两步」。（round2 裁定 2026-10-02）
ext-che-3b8d34b524-004,金属冶炼,铜的冶炼,「湿法炼铜即铁置换铜…电解精炼铜：以粗铜作阳极、纯铜棒作阴极…比铜不活泼的银、金不溶解，以阳极泥形式沉降」——与「铜的冶炼」边界逐句相合；现绑「金属的冶炼」以电冶金原料选择易混点为主。（round2 裁定 2026-10-02）
ext-che-3c4c35875f-014,金属材料和金属的冶炼易错点,铝热反应,原句「铝热反应不能用来大量冶炼铁、铜等金属，因为要考虑冶炼成本」「铝只能与金属活动性顺序中排在铝之后的金属的氧化物反应」几乎即靶区节点边界；同文材料 2924184449-017「铝热反应与特殊金属的冶炼」已挂该节点。（round2 裁定 2026-10-02）
ext-che-41d6238d6a-003,熟记硅及其化合物的特殊性质,新型无机非金属材料,「新型无机非金属材料：(1) 高温结构陶瓷，如 $SiC$、$BN$、$Si_3N_4$、$Al_2O_3$ 等」——通篇即目标节点内容；现绑讲的是硅与含硅化合物的反常化学性质。（round2 裁定 2026-10-02）
ext-che-5c62da9e03-2782,自然资源的开发利用,金属冶炼,「提高金属矿物的利用率；开发环保高效的金属冶炼方法……加强废旧金属的回收和再利用」——通篇是金属矿物资源的合理开发途径（靶区边界原文即「涵盖……合理开发途径」）；同类材料 ext-che-af4dd3fb51-016 已由「自然资源的开发利用」改挂该节点。（round2 裁定 2026-10-02）
ext-che-5c62da9e03-314b,铁的化学性质,斜向变化体现不同价态-不同类别之间物质的转化-主要体现物质的氧化性或还原性,「Fe³⁺被还原：2Fe³⁺＋H₂S＝2Fe²⁺＋S↓＋2H⁺」与「2Fe²⁺＋Cl₂＝2Fe³⁺＋2Cl⁻」——两组方程式就是 Fe2＋与 Fe3＋的相互转化，该节点现存《亚铁离子与铁离子的相互转化》等同类材料；现绑『铁的化学性质』边界明写『区别于铁的化合物性质』，正文无铁单质。（round2 裁定 2026-10-02）
ext-che-5c62da9e03-316b,铁的化学性质,铁盐和亚铁盐的性质和检验易错点,「Fe³⁺与碱：Fe³⁺＋3NH₃·H₂O＝Fe(OH)₃↓＋3NH₄⁺」与「Fe²⁺与碱：Fe²⁺＋2OH⁻＝Fe(OH)₂↓（白色）」——正文是铁盐、亚铁盐与碱及酸式盐反应的性质，正对候选节点名；现绑『铁的化学性质』只讲铁单质。（round2 裁定 2026-10-02）
ext-che-5c62da9e03-321b,铁,铁的化学性质,「与水蒸气：3Fe＋4H₂O(g)＝Fe₃O₄＋4H₂（高温）」「与少量稀硝酸：3Fe＋8H⁺＋2NO₃⁻＝3Fe²⁺＋2NO↑＋4H₂O」——全篇为铁单质参与的反应，正对『铁的化学性质』边界『铁单质参与的反应』；现绑『铁』边界只列存在形态/含量、核外排布与重要化合物。（round2 裁定 2026-10-02）
ext-che-6299d8c952-007,铜盐,铜及其化合物的性质,「④鉴别红色物质Cu与Cu2O：加稀硫酸后溶液由无色变蓝色者为Cu2O」「⑤无水硫酸铜遇水变蓝，只用于检验水」——六条中④⑤正对现绑「铜盐」所无的该节点边界(2)②(3)；同题《铜及其化合物的应用》已在该节点。（round2 裁定 2026-10-02）
ext-che-64f2e7842b-004,金属冶炼,铁的制备和性质,「设备为炼铁高炉，原料有铁矿石、焦炭、空气、石灰石」「还原剂的生成：C＋O2→CO2，CO2＋C→2CO」「炉渣的形成」——全程即高炉炼铁；包内同题《高炉炼铁的原理》现挂『铁的制备和性质』，其边界明写“涵盖工业炼铁的方法”。（round2 裁定 2026-10-02）
ext-che-71c7a426fb-018,氨的化学性质,氨,「氨的结构为三角锥形」「极易溶于水，常温常压下1体积水约溶解700体积氨」「氨气溶于水时需防止倒吸」——全条只讲分子结构与物理性质，无化学性质内容；同题《氨的分子结构与物理性质》等 5 条现挂『氨』（边界含分子结构、物理性质）。（round2 裁定 2026-10-02）
ext-che-8cc878ccbe-013,在化学研究中-物质的量浓度是使用最广泛的一种表示溶液浓度的方法,物质的量浓度,正文「判断溶液中溶质时要考虑物质溶于水后是否发生反应，应以实际存在的物质作为溶质进行计算」正落在「物质的量浓度」边界「涵盖溶质的特殊判断与溶液体积的确定」；同节点已有「溶质的几种特殊情况」。（round2 裁定 2026-10-02）
ext-che-947add6b4a-016,铝及其化合物之间的性质与应用,氢氧化铝沉淀图像分析,「$1\ mol\ Al^{3+}$ 生成 $1\ mol\ Al(OH)_3$ 需 $3\ mol\ OH^-$」——沉淀图像三步法通篇属目标节点；同讲义教师版件已在靶节点。（round2 裁定 2026-10-02）
ext-che-947add6b4a-023,铝及其化合物之间的性质与应用,工业制铝的酸溶法流程,「酸溶法：先把铝土矿用盐酸（或硫酸）溶解…再加入过量 NaOH 溶液…向含铝滤液中通入 CO2 得 Al(OH)3 沉淀」——正对候选节点与其边界（沉铝/除杂/不用氨水）；现绑边界明写『与铝土矿提纯的具体流程相区别』。（round2 裁定 2026-10-02）
ext-che-b038d738d4-010,na2co3-nahco3的应用,碳酸钠与碳酸氢钠的相互转化,「热稳定性：Na2CO3性质稳定受热难分解；NaHCO3性质不稳定受热易分解」「相互转化：Na2CO3溶液中通入CO2生成NaHCO3」——主体是两盐性质比较与转化，现绑边界自注『限于应用列举，性质比较另见知识点』；包内同型《碳酸钠与碳酸氢钠的化学性质》现挂该节点。（round2 裁定 2026-10-02）
ext-che-c8f0c72345-022,铜及其化合物的性质,氢氧化铜,「$\mathrm{Cu(OH)_2}$ 是蓝色难溶氢氧化物，它的溶解性有两面」——全条是 Cu(OH)2 自身性质；现绑边界只列 Cu 与 Cu2O、无水 CuSO4。（round2 裁定 2026-10-02）
ext-che-d41031ebf7-062,斜向变化体现不同价态-不同类别之间物质的转化-主要体现物质的氧化性或还原性,铁盐和亚铁盐的性质和检验易错点,「亚铁盐溶液：加少量铁粉防止Fe2+被氧化，加少量相应的酸防止Fe2+水解」——全条讲含铁盐溶液的配制保存与制备，无一句转化关系式；包内同题材料『含铁盐溶液的配制保存与物质制备』现挂该节点，其边界明列涵盖配制保存。（round2 裁定 2026-10-02）
ext-che-d46a1fe501-014,铁盐和亚铁盐的性质和检验易错点,有关铁及其化合物的除杂,「除Fe3+的步骤：…使溶液的pH调至3～4，使Fe3+水解生成Fe(OH)3沉淀而除去」「除去CuCl2溶液中的Fe2+，先加入H2O2…加入足量CuO」——调pH除铁与铜盐溶液除铁，正合『有关铁及其化合物的除杂』边界。（round2 裁定 2026-10-02）
ext-che-dc68f36a22-008b,分析电解过程的思维程序,串联电化学装置,「①外接电源与电解池串联时全部为电解池」「⑤串联装置的计算依据是电子转移守恒：各电极转移的电子数相等，据此换算各电极产物的物质的量」——通篇是串联装置的判断与计算；靶区族内已有「串联类电化学装置的类型判断与解题策略」。（round2 裁定 2026-10-02）
ext-mat-52d8db7afd-003,等比数列的常用性质,等比数列前项和的常用性质,「当项数n为偶数时：S偶/S奇=q（偶数项之和等于奇数项之和乘以公比）」——奇偶项和关系属前n项和性质，与「等比数列前项和的常用性质」边界第(3)条及别名“等比数列奇偶项和的关系”对口；现绑节点边界五条不含前n项和。（round2 裁定 2026-10-02）
ext-phy-123b6a21f8-012,悬绳模型,活结与死结模型,「晾晒衣服的绳子轻且光滑…两侧绳的张力相等」与「由几何关系可把 sinθ 与绳的总长 L、两杆之间的水平距离 d 联系起来」——与『晾衣架模型』材料《晾衣架模型的绳张力规律》同文；现绑『悬绳模型』边界讲动量守恒。（round2 裁定 2026-10-02）
ext-phy-239b5e35c7-012,实验基础知识,探究互成角度力的合成规律实验,原句「夹角不宜太小，也不宜太大，以 60° 至 120° 之间为宜」「同一次实验中，使橡皮条拉长时小圆环的位置一定要相同」＝三个相同与三个适当（别名即「力的合成实验的操作要点」）；靶区「创新改进」无改进内容。（round2 裁定 2026-10-02）
ext-phy-500b9057a0-025,矢量图解法,动态平衡问题,「辅助圆法的使用条件：物体受到三个力，一个力大小和方向都不变，另外两个力大小、方向都在变化，但两个力的夹角不变」——正文即夹角不变类动态平衡的辅助圆法，靶区别名『辅助圆法解动态平衡』对口；现绑「矢量图解法」的边界（比例尺/顶点顺序）与正文不对口。（round2 裁定 2026-10-02）
ext-phy-59dd10c06b-016,等效替代法,探究互成角度力的合成规律实验,「这是两次作用效果相同的唯一判据」「按力的图示的要求作出平行四边形，注意同一标度」——正文是该实验的原理、步骤与数据处理，主体是实验本体，不是跨实验的通用「等效替代法」。（round2 裁定 2026-10-02）
ext-phy-83dd6313b9-002,库仑定律,三个自由点电荷的平衡模型,原句「三个点电荷必须共线排列」「中间电荷与两侧电荷的电性相反，两侧电荷的电性相同（即“两同夹异”）」「对每个电荷分别列库仑力平衡方程」——正文即三个自由点电荷平衡模型本体；现绑「库仑定律」讲两电荷作用力。（round2 裁定 2026-10-02）
ext-phy-86fa7c991c-014,正弦定理与余弦定理的应用,动态平衡问题,「识别受力特征：一个恒力，另外两个力方向之间的夹角始终不变」——正文讲夹角不变类动态平衡的正弦定理法与辅助圆法，靶区别名『辅助圆与正弦定理处理夹角不变类动态平衡』对口；现绑「正弦定理与余弦定理的应用」只覆盖其中一面。（round2 裁定 2026-10-02）
ext-phy-8c409e35f1-005b,含弹簧变力做功问题的解题思路,轻弹簧连接系统的机械能守恒,原句「若系统除重力、弹簧弹力以外的其他力不做功，系统机械能守恒」＋「弹簧两端的物体把弹簧拉伸至最长（或压缩至最短）时，两端物体具有相同的速度，此时弹性势能最大」——正对靶区别名「含弹簧系统的机械能守恒条件与弹性势能特点」；现绑节点讲平均力法，正文未涉变力做功解法。（round2 裁定 2026-10-02）
ext-phy-9142eeb79f-016,整体法与隔离法在受力分析中的应用,共点力平衡的常用方法,「题型4 共点力平衡问题 题型图解，四种常用方法」「④正弦定理法与辅助圆法——受力特点为 1 个恒力、另外 2 个力夹角不变」——四种方法里整体/隔离只占其一，主体是共点力平衡的求解方法，现绑「整体法与隔离法在受力分析中的应用」名不副实。（round2 裁定 2026-10-02）
ext-phy-9142eeb79f-028,等效替代法,探究互成角度力的合成规律实验,「按给定标度画出 F₁、F₂ 和 F 的图示」「本实验的核心思想是等效替代」——正文是器材、步骤与误差来源全流程，属该实验本体；现绑「等效替代法」是跨实验的通用方法节点。（round2 裁定 2026-10-02）
ext-phy-aa1d70748f-002b,共点力平衡,库仑力作用下的平衡问题,「解决库仑力作用下平衡问题的方法步骤」并强调「与纯力学问题相比只是多了一个静电力」——全篇是静电力参与下的平衡；『库仑力作用下的平衡问题』已收 12 条同类材料（含三个自由点电荷平衡），现绑『共点力平衡』为纯力学通用条。（round2 裁定 2026-10-02）
ext-phy-b9ef1327f8-015,带电粒子在电场中的平衡问题-受力分析,力电综合平衡问题的解题思路,原句「力电综合的平衡问题与力学中的平衡问题思路一样，只是在原来受力的基础上多考虑静电力或安培力」「复合场…通常是匀速直线运动」＝靶区节点边界；池内已有同题材料 809cd933df-017。（round2 裁定 2026-10-02）
ext-phy-bb9f538752-012,用力传感器或已知质量的钩码等代替弹簧测力计,力的合成实验的创新改进,原句「用电子秤代替弹簧测力计显示拉力大小」「用橡皮筋测力计，或用“钩码测力计”替代弹簧测力计」——正文即力的合成实验的器材创新；靶区节点边界即写「电子秤替代」的易错点，池内已有 7800d6a4f4-018。（round2 裁定 2026-10-02）
ext-phy-ce9f317a5b-006,连接体问题,连接体中力的分配规律,原句「内力按“另一侧质量占总质量的比例”分配外力」「若外力 F 作用在质量为 m1 的物体上，则 m1 与 m2 之间的相互作用力为 FT=m2/(m1+m2)F」及适用范围（动摩擦因数相同）＝靶区节点边界。（round2 裁定 2026-10-02）
ext-phy-d50d629284-011,力的合成,探究互成角度力的合成规律实验,「示数相同：使用弹簧测力计前，先观察指针是否指在零刻度处」「使橡皮条拉长时小圆环的位置一定要相同」——五条全是本实验的操作注意事项；现绑「力的合成」是矢量加法概念节点，接不住。（round2 裁定 2026-10-02）
ext-phy-d625775dcf-022b,带电粒子在电场中的运动,带电粒子在电场中的圆周运动,「等量同种电荷形成电场作用下的匀速圆周运动」与「异种电荷形成电场作用下的类双星运动」两情形逐句对应『带电粒子在电场中的圆周运动』边界（类双星角速度相同、半径不同）；该节点已有同题材料，现绑为加速/类平抛节点。（round2 裁定 2026-10-02）
ext-phy-e14aad82a5-1546,四种基本相互作用-引力相互作用-电磁相互作用-强相互作用和弱相互作用,常见基本粒子及其分类,「规范玻色子：传递各种相互作用的粒子」「希格斯玻色子：由希格斯场的量子激发，基本粒子因与希格斯场耦合而获得质量」——出自『第五章 5 粒子的分类及宇宙演化』，同源同章的反粒子／轻子／粒子分类块都在「常见基本粒子及其分类」，该节点已挂《基本粒子家族：夸克、轻子、规范玻色子、希格斯玻色子》。（round2 裁定 2026-10-02）
ext-phy-f2e0c679f9-012,杨氏双缝干涉,双缝干涉实验的创新方案,「一是提高条纹亮度：利用凸透镜的聚光作用把光会聚到单缝上」「用光传感器与计算机结合，直接得到干涉图样的光强分布图」「用单缝与平面镜组成洛埃德镜装置」——三个方向即双缝干涉实验的创新方案，与该节点边界『创新只改变器材或数据处理方式』及已挂洛埃镜材料对口；现绑「杨氏双缝干涉」边界只讲原理与条纹条件。（round2 裁定 2026-10-02）
ext-phy-f4cbb3b60b-004,连接体问题,连接体中力的分配规律,原句「两物体间的相互作用力为 FT=m2/(m1+m2)F」「成立条件：与有无摩擦无关，但若有摩擦，两物体与接触面间的动摩擦因数必须相同」＝靶区节点边界（前提加速度相同）。（round2 裁定 2026-10-02）
math-eccentricity-method-equation-system,用向量法求解直线与平面所成角的方法,圆锥曲线离心率的求法,「由已知条件列方程组求出 a、c 的值，再用定义 e=c/a 求离心率」（摘要）——正文即“直接求出 a、c”的离心率求法，与「圆锥曲线离心率的求法」名下材料《求圆锥曲线离心率的两种方法》的方法一对口；现绑线面角节点完全无关。（round2 裁定 2026-10-02）
math-fx-duigou-jianjin-jizhi,双曲线的渐近线,对勾函数,「基本形 $y=x+\dfrac{a}{x}$（$a>0$）：奇函数；垂直渐近线 $x=0$，斜渐近线 $y=x$；极值点 $x=\pm\sqrt{a}$」——正文讲对勾函数的渐近线、极值点与系数符号，属「对勾函数」（别名“对勾函数的图象与性质”）；现绑「双曲线的渐近线」只借到“渐近线”一词。（round2 裁定 2026-10-02）
math-fx-liangzhixian-jiaodian-panding,空间位置关系的向量表示,两条直线的位置关系,「斜率存在时也可用 $k_1=k_2$（平行）、$k_1k_2=-1$（垂直）辅助判断，前提是斜率都存在」——正文讲平面两直线位置关系与交点的方程组判定，属「两条直线的位置关系」（别名“两直线相交的判定与交点求解”）；现绑空间向量节点不对口。（round2 裁定 2026-10-02）
math-hj-jiaodian-yu-fangchengzu,数列与函数的关系,两条直线的位置关系,「两直线的交点坐标是两方程联立方程组的唯一解；方程组无解对应平行，无穷多解对应重合」——正文两句即两直线交点与方程组解，属「两条直线的位置关系」（别名“直线交点与方程组解的关系”）；现绑「数列与函数的关系」完全不对口。（round2 裁定 2026-10-02）
math-hj-s14-hook-function,三角函数的图象与性质,对勾函数,「区间限制使等号取不到时，最值在区间端点取得」——配合首条 $y=x+\dfrac{a}{x}$（$a>0$）在 $x=\sqrt{a}$ 处取最小值 $2\sqrt{a}$，正文全篇是对勾函数的图象与最值，属靶区「对勾函数」；现绑「三角函数的图象与性质」与正文无关。（round2 裁定 2026-10-02）
math-mo-duigou-hanshu-tuxiang-yaosu,三角函数的图象与性质,对勾函数,「在第一象限的极小值点由 $ax=\dfrac{b}{x}$ 解得 $x=\sqrt{\dfrac{b}{a}}$」——正文即对勾函数 $y=ax+b/x$ 的图象要素（渐近线与极值点），属靶区「对勾函数」；现绑「三角函数的图象与性质」与正文无关。（round2 裁定 2026-10-02）
phys-fx-mu-measure-basic-principle,由测定加速度延伸为测定动摩擦因数,测量动摩擦因数的实验方法,「弹簧测力计水平匀速拉动物体，拉力等于滑动摩擦力」「力传感器拉静止物体可得拉力-时间图像，读出静摩擦力范围与滑动摩擦力」——平衡法与传感器直接测滑动摩擦力再算 μ，与靶区别名「用平衡法测定动摩擦因数的方案一」「用弹簧测力计测定动摩擦因数的方案二与方案三」逐字对口；现绑节点只讲由纸带测加速度延伸。（round2 裁定 2026-10-02）
phys-fx-normal-force-existence-judge,波的干涉中振动加强点和减弱点的判断方法,弹力有无的判断方法,「条件法：接触且发生弹性形变」「状态法：由共点力平衡或牛顿第二定律确定弹力是否存在及大小」——通篇是弹力有无的三种判断法；现绑『波的干涉中振动加强点和减弱点的判断方法』是机械波节点，与正文零交集。（round2 裁定 2026-10-02）
phys-fx-satellite-orbit-planes,方向-总是竖直向下-竖直向下是和水平面垂直-不一定和接触面垂直-也不一定指向地心,人造卫星的轨道分类与运行参数,「轨道分类：赤道轨道（含同步卫星）、极地轨道、一般轨道」「万有引力指向地心，故圆轨道圆心必为地心」——正文是卫星轨道分类与地心几何；现绑「重力的方向」纯错绑（别名挂「地心」是污染）。（round2 裁定 2026-10-02）
phys-fx-static-friction-judge-methods,传播方向和振动方向的判断-图像理解,静摩擦力有无及方向的判断方法,原句「1. 假设法：假设接触面光滑，看相对滑动趋势方向。2. 状态法：由平衡条件或牛顿第二定律反推静摩擦力。3. 转换法…」——通篇是静摩擦力有无与方向的判断方法；现绑「传播方向和振动方向的判断——图像理解」是机械波内容，显系错绑。（round2 裁定 2026-10-02）
phys-gap-saturated-vapor-pressure,正弦式交变电流的变化规律-线圈在中性面位置时开始计时,饱和汽,「密闭容器中蒸发与液化同时进行，当蒸气分子数不再增多（蒸气密度稳定）时达到动态平衡，此时的蒸气叫饱和汽」——全条讲热学饱和汽与饱和汽压，与现挂的交变电流节点无关；包内同题材料现挂『饱和汽』节点，正对。（round2 裁定 2026-10-02）
phys-hanging-rope-model,滑块-小球-弹簧模型,悬绳模型,「系统水平方向动量守恒」「系统机械能守恒」「小球和物块共速时，小球运动到最高点」——与『悬绳模型』材料《悬绳模型的特点与处理要点》同文；现绑『滑块-小球-弹簧模型』正文无弹簧，属误绑。（round2 裁定 2026-10-02）
phys-hj-012-friction-static-to-kinetic,静摩擦力与滑动摩擦力的比较,摩擦力的突变类问题,原句「物体原处于静止，当其他力变化使其不能保持静止时，静摩擦力突变为滑动摩擦力，大小变为 $μF_N$」——静↔滑动摩擦力的突变，正对「摩擦力的突变类问题」的「类型（静摩擦↔滑动摩擦）…发生转换」；现绑节点只讲两种摩擦力本身，无突变。（round2 裁定 2026-10-02）
phys-hj-013-friction-kinetic-to-static,静摩擦力与滑动摩擦力的比较,摩擦力的突变类问题,原句「做减速运动的物体突然停止滑动时，滑动摩擦力突变为静摩擦力或为零，其大小方向由该瞬间外力条件决定」——属「摩擦力的突变类问题」的分类一（静摩擦力与滑动摩擦力之间的突变）；现绑「静摩擦力与滑动摩擦力的比较」不含突变。（round2 裁定 2026-10-02）
phys-hj-026-force-composition-error,核心规律-受力分析-力的合成与分解-共点力的平衡,探究互成角度力的合成规律实验,「读数时视线正对刻度减小偶然误差」「可减小作图误差」——正文是该实验的误差与减小办法，正合「误差与改进」节点；现绑「核心规律」是合并残留的桶节点（边界只有「一、受力分析」）。（round2 裁定 2026-10-02）
phys-hj-045-force-sharing-protocol,整体法与隔离法在受力分析中的应用,连接体中力的分配规律,「外力 $F$ 作用于 $m_1$ 时，两物体间作用力 $F_T=m_2F/(m_1+m_2)$」——材料即共速连接体的力的分配；现绑节点讲整体法/隔离法选用。（round2 裁定 2026-10-02）
phys-hj-137-three-charge-equilibrium,核心规律-受力分析-力的合成与分解-共点力的平衡,三个自由点电荷的平衡模型,「位置规律为两同夹一异、两大夹一小」「每个点电荷所受另外两个电荷的合力为零」——正文全是该模型结论，且属静电场（桶节点只覆盖力学第三章）；同章另有近重复节点「三个自由点电荷平衡模型」。（round2 裁定 2026-10-02）
phys-hj2-duoli-zhengjiao-fenjie-qiughe,核心规律-受力分析-力的合成与分解-共点力的平衡,正交分解法,「静力学中让尽量多的力落在坐标轴上（少分解、易分解）」「动力学中沿加速度方向和垂直加速度方向建轴」——正文即正交分解求合力的方法与建系原则；现绑「核心规律」桶节点接不住。（round2 裁定 2026-10-02）
phys-hj2-gongdianli-pingheng-jiie-fangfa,核心规律-受力分析-力的合成与分解-共点力的平衡,共点力平衡的常用方法,「合成法：一个力与其余力的合力等大反向，适用于非共线三力平衡」「矢量三角形法：三力构成闭合三角形」——正文是共点力平衡求解方法及适用场景，正合「共点力平衡的常用方法」。（round2 裁定 2026-10-02）
phys-hj2-li-gainian-jiben-xingzhi,四种基本相互作用-引力相互作用-电磁相互作用-强相互作用和弱相互作用,力的概念,「定义：力是物体对物体的作用；三要素为大小、方向、作用点」「性质：物质性（不能脱离物体存在）、相互性（施力物体同时是受力物体）」——四条里三条是力的概念与性质，仅末条列举四种相互作用名称；同名材料《力的概念与基本性质》已挂「力的概念」。（round2 裁定 2026-10-02）
phys-hj2-pianzhuan-daping-yanshangxian,相似三角形-动态三角形-拉密定理等方法解决临界极值问题,带电粒子在匀强电场中偏转的两个分运动,「速度反向延长线与初速度延长线的交点在水平位移的中点」「打屏位置：屏上偏移 $y=y_1+Dtanθ=y_1+y_2$」——电场偏转的两个重要结论与打屏位置计算；现绑「三力平衡的三角形法与拉密定理」与正文零交集，权威表 material_bindings.csv 已裁定同向。（round2 裁定 2026-10-02）
phys-hj2-sange-ziyou-dianhehe-pingheng-moxing,模型特点,三个自由点电荷的平衡模型,原句「两同夹异（两侧电荷同号、中间异号）；两大夹小」「间距上中间电荷靠近小电荷（近小远大）」＝靶区节点范围；现绑「模型特点」实为动量模型的特点（边界为子弹打木块），正文无一句动量。（round2 裁定 2026-10-02）
phys-hj2-shengmoxing-ganmoxing-duibi,常见的速度分解模型,绳球模型-杆球模型两类经典模型中的临界条件-情景分析,「轻“绳”模型（水流星、内侧轨道）：无支撑」「轻“杆”模型（管道、连杆）：有支撑」——竖直圆周绳/杆模型对比，正合『绳球模型-杆球模型两类经典模型中的临界条件-情景分析』（别名『竖直面内绳球与杆球模型对比』）；现绑『常见的速度分解模型』讲速度分解。（round2 裁定 2026-10-02）
phys-hj2-tanli-wuyou-panduan-sifa,波的干涉中振动加强点和减弱点的判断方法,弹力有无的判断方法,「条件法：接触且发生弹性形变则存在弹力」「替换法：用海绵、轻弹簧等易形变物体替换硬接触物，看能否维持原状态」——四种判断法全讲弹力有无；现绑『波的干涉中振动加强点和减弱点的判断方法』为机械波节点。（round2 裁定 2026-10-02）
phys-hj2-teshu-gongdianli-hecheng,核心规律-受力分析-力的合成与分解-共点力的平衡,力的合成,「合力方向沿两力夹角平分线」「合力大小等于分力，方向沿角平分线」——正文是共点力合成的特殊角结论，正合「力的合成」（合力求法与夹角关系）；现绑「核心规律」桶节点不合。（round2 裁定 2026-10-02）
phys-hj3-force-assignment-principle,连接体问题,连接体中力的分配规律,原句「一起加速运动的物体系统，若外力 F 作用于 m1，则 m1 和 m2 间相互作用力 FT=m2/(m1+m2)F」「对平面、斜面、竖直方向都成立」＝靶区节点边界。（round2 裁定 2026-10-02）
phys-hj3-force-composition-range,共点力平衡,合力范围,「两个共点力：|F1－F2|≤F≤F1＋F2。三个共点力：同方向时合力最大…若最大的力的大小在另外两力合力范围内，最小值为零」——全篇是合力的最大值与最小值，属「合力范围」（别名含『合力的最大值与最小值』）；现绑「平衡条件」讲列平衡方程，正文未提。（round2 裁定 2026-10-02）
phys-hj3-friction-judge-three-ways,传播方向和振动方向的判断-图像理解,静摩擦力有无及方向的判断方法,原句「假设法：假设接触面光滑（或无摩擦），看物体相对运动趋势方向，从而确定静摩擦力方向」＋状态法、转换法——正对靶区节点；现绑「传播方向和振动方向的判断——图像理解」讲机械波，跨章错绑。（round2 裁定 2026-10-02）
phys-hj3-parallelogram-rule-exp,力的合成,探究互成角度力的合成规律实验,「同一次实验两次拉长橡皮条结点位置必须不变（等效替代思想）」「两分力夹角以 60°～100° 为宜」——标题即实验名、正文是该实验的原理/操作/误差；现绑「合成与分解法则：平行四边形法则」边界是运动的合成与分解，不合。（round2 裁定 2026-10-02）
phys-hj3-special-force-composition,核心规律-受力分析-力的合成与分解-共点力的平衡,力的合成,「合力沿角平分线方向」「合力大小等于分力大小」——同为几种特殊共点力合成结果，属「力的合成」；现绑「核心规律」桶节点不合。（round2 裁定 2026-10-02）
phys-hj3-static-equilibrium-three-methods,核心规律-受力分析-力的合成与分解-共点力的平衡,共点力平衡的常用方法,「合成法：物体受三个共点力平衡，任意两个力的合力一定与第三个力大小相等、方向相反」「物体受三个或三个以上共点力平衡时」——正文是平衡三法的适用条件，正合「共点力平衡的常用方法」。（round2 裁定 2026-10-02）
phys-hj3-total-reaction-force-friction-angle,共点力平衡,全反力与摩擦角,原句「把支持力与摩擦力合成为一个“全反力”，四力平衡即化为三力平衡」「tanφ=μ」——正文即全反力与摩擦角方法本体；该节点池内已有同题材料 b6bd732b19-028、d48c41dd01-008。（round2 裁定 2026-10-02）
phys-mo-l06-force-composition-e,核心规律-受力分析-力的合成与分解-共点力的平衡,力的合成,「误区：认为两个力的合力一定比其分力大」「正确：互成角度的两个力的合力与分力间一定构成封闭的三角形」——四条辨析里三条在合力与分力关系，正合「力的合成」；现绑「核心规律」桶节点不合。（round2 裁定 2026-10-02）
