subject,slug,name,kind,parent_topic_slug,boundary,source_locator
BIOLOGY,光呼吸,光呼吸,CONCEPT,生物学必修1·第五章第四节·光合作用·光合作用与能量转化,定位：生物学必修1 第五章第四节·光合作用·光合作用与能量转化。（见知识清单/教材）,人教版高中教材（2019）
MATH,集合的含义与表示,集合的含义与表示,CONCEPT,数学必修第一册·第一章·集合与常用逻辑用语,定位：数学必修第一册 第一章·集合与常用逻辑用语。研究对象统称为元素，一些元素组成的总体叫做集合；大写拉丁字母表集合、小写字母表元素，另有列举、描述、区间、韦恩图四种常用表示。,桌面教辅资料：《1.1集合的概念（讲义）》《1.2集合间的基本关系（讲义）》《1.3集合的基本运算（讲义）》（2026年新高考资料·一轮复习）
MATH,集合中元素的特征,集合中元素的特征,CONCEPT,数学必修第一册·第一章·集合与常用逻辑用语,定位：数学必修第一册 第一章·集合与常用逻辑用语。确定性、互异性、无序性三条特征；含参集合题须用互异性检验参数取值。,桌面教辅资料：《1.1集合的概念（讲义）》《1.2集合间的基本关系（讲义）》《1.3集合的基本运算（讲义）》（2026年新高考资料·一轮复习）
MATH,集合的分类,集合的分类,CONCEPT,数学必修第一册·第一章·集合与常用逻辑用语,定位：数学必修第一册 第一章·集合与常用逻辑用语。按元素个数分有限集与无限集；有限集宜用列举法，无限集宜用描述法。,桌面教辅资料：《1.1集合的概念（讲义）》《1.2集合间的基本关系（讲义）》《1.3集合的基本运算（讲义）》（2026年新高考资料·一轮复习）
MATH,元素与集合的关系,元素与集合的关系,CONCEPT,数学必修第一册·第一章·集合与常用逻辑用语,定位：数学必修第一册 第一章·集合与常用逻辑用语。属于 a∈A 与不属于 a∉A；元素与集合用属于，集合与集合用包含，符号不可混用。,桌面教辅资料：《1.1集合的概念（讲义）》《1.2集合间的基本关系（讲义）》《1.3集合的基本运算（讲义）》（2026年新高考资料·一轮复习）
MATH,子集与集合的相等,子集与集合的相等,CONCEPT,数学必修第一册·第一章·集合与常用逻辑用语,定位：数学必修第一册 第一章·集合与常用逻辑用语。A 的元素全在 B 中则 A⊆B；互相包含则 A=B；B 有 A 没有的元素则 A⫋B（真子集）。,桌面教辅资料：《1.1集合的概念（讲义）》《1.2集合间的基本关系（讲义）》《1.3集合的基本运算（讲义）》（2026年新高考资料·一轮复习）
MATH,空集,空集,CONCEPT,数学必修第一册·第一章·集合与常用逻辑用语,定位：数学必修第一册 第一章·集合与常用逻辑用语。∅ 不含任何元素，是任何集合的子集、任何非空集合的真子集；n 元集合子集数 2 的 n 次方。,桌面教辅资料：《1.1集合的概念（讲义）》《1.2集合间的基本关系（讲义）》《1.3集合的基本运算（讲义）》（2026年新高考资料·一轮复习）
MATH,交集与并集,交集与并集,CONCEPT,数学必修第一册·第一章·集合与常用逻辑用语,定位：数学必修第一册 第一章·集合与常用逻辑用语。A∩B={x|x∈A且x∈B}，A∪B={x|x∈A或x∈B}；交并运算的基本性质与韦恩图示法。,桌面教辅资料：《1.1集合的概念（讲义）》《1.2集合间的基本关系（讲义）》《1.3集合的基本运算（讲义）》（2026年新高考资料·一轮复习）
MATH,补集,补集,CONCEPT,数学必修第一册·第一章·集合与常用逻辑用语,定位：数学必修第一册 第一章·集合与常用逻辑用语。∁ᵤA 由全集 U 中不属于 A 的元素组成；全集补集为空集，空集补集为全集。,桌面教辅资料：《1.1集合的概念（讲义）》《1.2集合间的基本关系（讲义）》《1.3集合的基本运算（讲义）》（2026年新高考资料·一轮复习）
MATH,命题,命题,CONCEPT,数学必修第一册·第一章·集合与常用逻辑用语,定位：数学必修第一册 第一章·集合与常用逻辑用语。可判断真假的陈述句叫命题；命题一般形式“若p则q”，p为条件、q为结论；公理与定理、定义是推理依据。,桌面教辅资料：《1.4命题与充要条件（讲义）》（2026年新高考资料·一轮复习）
MATH,百分位数,百分位数,CONCEPT,数学必修第二册·第九十章（条件概率与正态分布见选择性必修第三册）·概率统计,定位：数学必修第二册 第九十章（条件概率与正态分布见选择性必修第三册）·概率统计。一组数据中至少有 p% 小于等于它且至少有 100-p% 大于等于它的值；np 为整数取第 n·p% 与下一位的平均，非整数取上取位。,桌面教辅资料：《第九章 统计与成对数据的统计分析·第2节 用样本估计总体》（2026年大一轮复习讲义）
MATH,众数、中位数与平均数,众数、中位数与平均数,CONCEPT,数学必修第二册·第九十章（条件概率与正态分布见选择性必修第三册）·概率统计,定位：数学必修第二册 第九十章（条件概率与正态分布见选择性必修第三册）·概率统计。众数是出现次数最多的数据；中位数是排序后居中的值（偶数个取中间两数平均）；平均数是全体数据的算术平均，三者刻画集中趋势。,桌面教辅资料：《第九章 统计与成对数据的统计分析·第2节 用样本估计总体》（2026年大一轮复习讲义）
MATH,方差与标准差,方差与标准差,CONCEPT,数学必修第二册·第九十章（条件概率与正态分布见选择性必修第三册）·概率统计,定位：数学必修第二册 第九十章（条件概率与正态分布见选择性必修第三册）·概率统计。方差 s²=（1/n）Σ(xi-x̄)² 刻画离散程度，标准差 s=√s²；数据平移方差不变，伸缩 a 倍方差变为 a² 倍。,桌面教辅资料：《第九章 统计与成对数据的统计分析·第2节 用样本估计总体》（2026年大一轮复习讲义）
MATH,函数模型与增长速度的比较,函数模型与增长速度的比较,CONCEPT,数学必修第一册·第四章·指数函数与对数函数,定位：数学必修第一册 第四章·指数函数与对数函数。直线上升（匀速）、指数增长（先慢后快）、对数增长（先快后慢）三类增长速度差异与建模选择。,桌面教辅资料：《第12节 函数模型及其应用》（2026年大一轮复习讲义数学）
MATH,概率的基本性质,概率的基本性质,CONCEPT,数学必修第二册·第九十章（条件概率与正态分布见选择性必修第三册）·概率统计,定位：数学必修第二册 第九十章（条件概率与正态分布见选择性必修第三册）·概率统计。概率取值范围、互斥事件加法公式与对立事件概率公式。,桌面教辅资料：《第05讲 古典概型与概率的基本性质》（2026年大一轮复习讲义数学）
CHEMISTRY,差量法,差量法,PROCEDURE,化学必修第一册·第一章·物质分类与转化,定位：化学必修第一册 第一章·物质分类与转化。差量法：利用反应前后某物理量的“理论差量”与实际差量成正比列式求解；差量可为质量、体积、物质的量等。,桌面教辅资料：《化学计算的常用方法》（2026年复习讲义）
CHEMISTRY,同素异形体,同素异形体,CONCEPT,化学必修第一册·第一章·物质分类与转化,定位：化学必修第一册 第一章·物质分类与转化。同一种元素形成的不同单质互称同素异形体；转化属化学变化（O₂与O₃、金刚石与石墨）。,桌面教辅资料：《2027版53高考总复习A版·化学精讲册》（第一章 物质及其变化）
CHEMISTRY,游离态,游离态,CONCEPT,化学必修第一册·第一章·物质分类与转化,定位：化学必修第一册 第一章·物质分类与转化。元素以单质形态存在的状态叫游离态；通常具有氧化性或还原性，可参与氧化还原反应。,桌面教辅资料：《2027版53高考总复习A版·化学精讲册》（第一章 物质及其变化）
CHEMISTRY,化合态,化合态,CONCEPT,化学必修第一册·第一章·物质分类与转化,定位：化学必修第一册 第一章·物质分类与转化。元素以化合物形态存在的状态叫化合态；与游离态之间可相互转化。,桌面教辅资料：《2027版53高考总复习A版·化学精讲册》（第一章 物质及其变化）
CHEMISTRY,纯净物,纯净物,CONCEPT,化学必修第一册·第一章·物质分类与转化,定位：化学必修第一册 第一章·物质分类与转化。由一种物质组成；有固定的组成与性质，可用化学式表示（与混合物相对）。,桌面教辅资料：《2027版53高考总复习A版·化学精讲册》（第一章 物质及其变化）
CHEMISTRY,混合物,混合物,CONCEPT,化学必修第一册·第一章·物质分类与转化,定位：化学必修第一册 第一章·物质分类与转化。由两种或两种以上物质组成；无固定组成，各成分保持原有性质（与纯净物相对）。,桌面教辅资料：《2027版53高考总复习A版·化学精讲册》（第一章 物质及其变化）
CHEMISTRY,单质,单质,CONCEPT,化学必修第一册·第一章·物质分类与转化,定位：化学必修第一册 第一章·物质分类与转化。由同种元素组成的纯净物；既可为金属也可为非金属（稀有气体为单原子分子）。,桌面教辅资料：《2027版53高考总复习A版·化学精讲册》（第一章 物质及其变化）
CHEMISTRY,化合物,化合物,CONCEPT,化学必修第一册·第一章·物质分类与转化,定位：化学必修第一册 第一章·物质分类与转化。由两种或两种以上元素组成的纯净物；可按组成与性质进一步分类。,桌面教辅资料：《2027版53高考总复习A版·化学精讲册》（第一章 物质及其变化）
CHEMISTRY,离子化合物,离子化合物,CONCEPT,化学必修第一册·第一章·物质分类与转化,定位：化学必修第一册 第一章·物质分类与转化。含有离子键的化合物；熔融状态下能导电，不一定含金属元素（如 NH4Cl）。,桌面教辅资料：《2027版53高考总复习A版·化学精讲册》（第一章 物质及其变化）
CHEMISTRY,共价化合物,共价化合物,CONCEPT,化学必修第一册·第一章·物质分类与转化,定位：化学必修第一册 第一章·物质分类与转化。只含共价键的化合物；熔融状态不导电，一定不含离子键。,桌面教辅资料：《2027版53高考总复习A版·化学精讲册》（第一章 物质及其变化）
CHEMISTRY,化学与传统文化,化学与传统文化,CONCEPT,化学必修第一册·第一章·物质分类与转化,定位：化学必修第一册 第一章·物质分类与转化。以传统文化（古籍记载、传统工艺：造纸、火药、陶瓷、酿造等）为载体的化学知识辨析。,桌面教辅资料：《2027版53高考总复习A版·化学精讲册》（第一章 物质及其变化）
PHYSICS,第一次人工核反应,第一次人工核反应,CONCEPT,物理选择性必修第三册·第四五章·近代物理,定位：物理选择性必修第三册 第五章·原子核。1919 年卢瑟福用 α 粒子轰击氮核发现质子，是第一次人工核反应。,桌面教辅资料：《2027版53高考总复习A版·物理精讲册》
BIOLOGY,基础类选择题的选项设置陷阱,基础类选择题的选项设置陷阱,PROCEDURE,BIOLOGY·综合·综合·综合,定位：BIOLOGY·综合·综合。方法用于快速定位选项错误，不能替代对教材知识的准确记忆；绝对化词语只提示可能存在错误，最终仍要落到具体生物学事实上；还需看清题干要求选正确项还是错误项。,《解题觉醒》名师大招册（2027版）视觉转写
BIOLOGY,构图法分析复杂文字信息题,构图法分析复杂文字信息题,PROCEDURE,BIOLOGY·综合·综合·综合,定位：BIOLOGY·综合·综合。构图法只解决信息梳理问题，模型中的每个关系都必须回到题干文字中找到依据，不能凭印象补连箭头；模型画完后仍要逐项与选项比对。,《解题觉醒》名师大招册（2027版）视觉转写
BIOLOGY,模式图逻辑链的分析方法,模式图逻辑链的分析方法,PROCEDURE,BIOLOGY·综合·综合·综合,定位：BIOLOGY·综合·综合。整图逻辑必须完整覆盖所有箭头，漏掉一条路径就可能得出相反结论；分级抑制模型中相邻两级作用相反、整体效果由级数决定，不能只看相邻两个节点的关系。,《解题觉醒》名师大招册（2027版）视觉转写
BIOLOGY,坐标图类信息题的变量分析,坐标图类信息题的变量分析,PROCEDURE,BIOLOGY·综合·综合·综合,定位：BIOLOGY·综合·综合。必须先分清自变量与因变量再读曲线，变量认反会导致结论完全颠倒；曲线在不同区间的升降趋势可能不同，不能把某一区间的规律推广到全程；柱形图与表格要关注极值点而非只看整体高低。,《解题觉醒》名师大招册（2027版）视觉转写
BIOLOGY,长句应答题的作答方法,长句应答题的作答方法,EXPRESSION,BIOLOGY·综合·综合·综合,定位：BIOLOGY·综合·综合。长句应答只要能写出合理的逻辑推导并出现相应关键词即可得分，不追求与标准答案完全一致；实验设计类题目不适用本方法，应按对照实验设计的模板单独分析；反证法逻辑多用于遗传推导，其他模块用得较少。,《解题觉醒》名师大招册（2027版）视觉转写
BIOLOGY,教材文字迁移类长句题,教材文字迁移类长句题,EXPRESSION,BIOLOGY·综合·综合·综合,定位：BIOLOGY·综合·综合。教材原文作答要求关键词完全一致，不能用近义词替换；迁移类题目不能整段照抄教材，必须把题干新信息并入教材逻辑中；复习时不能只背正文，教材的边角、图示、探究·实践栏目同样是考点。,《解题觉醒》名师大招册（2027版）视觉转写
BIOLOGY,对照实验的分析方法,对照实验的分析方法,EXPERIMENT,BIOLOGY·综合·综合·综合,定位：BIOLOGY·综合·综合。单一变量原则是分析多自变量实验的关键，不能把多个自变量的变化同时归因于一个结论；自身对照必须有处理前的数据作比较，没有前测数据就得不到结论；空白对照用的是等量的溶剂或生理盐水，不是不做任何处理。,《解题觉醒》名师大招册（2027版）视觉转写
BIOLOGY,对照实验设计的四步模板,对照实验设计的四步模板,EXPERIMENT,BIOLOGY·综合·综合·综合,定位：BIOLOGY·综合·综合。模板只解决表述规范问题，四素判断错误仍会全题失分；实验材料分组必须强调随机均分，自变量操纵要具体到剂量、时间、方式；无关变量必须写出处理办法，不能只写“其他条件相同”。,《解题觉醒》名师大招册（2027版）视觉转写
BIOLOGY,实验结果与实验结论的辨析,实验结果与实验结论的辨析,EXPERIMENT,BIOLOGY·综合·综合·综合,定位：BIOLOGY·综合·综合。实验结果只写现象与数据，不能写因果论断；实验结论必须落到自变量与因变量的关系上，不能只重复现象；用“若……则……”句式时，条件和结论必须一一对应，否则整句不得分。,《解题觉醒》名师大招册（2027版）视觉转写
BIOLOGY,物理模型的构建方法,物理模型的构建方法,PROCEDURE,BIOLOGY·综合·综合·综合,定位：BIOLOGY·综合·综合。模型是简化描述，构建后必须与教材文字逐条比对、补齐省略的细节，不能只记模型而忽略教材原文；不同模型适用范围不同，数学模型的建模与求解另见数学思维部分。,《解题觉醒》名师大招册（2027版）视觉转写
BIOLOGY,概率与统计在生物学中的应用,概率与统计在生物学中的应用,PROCEDURE,BIOLOGY·综合·综合·综合,定位：BIOLOGY·综合·综合。互斥事件与独立事件不能混用，同一个体不同基因型之间是互斥的、配子结合与不同对基因之间是独立的；统计子代比例必须有足够大的样本量，小样本的偏离不能说明比例异常；样方法与标记重捕法的适用对象不能互换。,《解题觉醒》名师大招册（2027版）视觉转写
BIOLOGY,数列与排列组合在遗传计算中的应用,数列与排列组合在遗传计算中的应用,PROCEDURE,BIOLOGY·综合·综合·综合,定位：BIOLOGY·综合·综合。连续自交与自由交配的公式适用前提不同，自由交配需群体足够大且无选择、无突变，逐代淘汰aa后自由交配的代际差异与自交的差异性质不同；组合数只解决配子比例，个体的存活情况还要另作判断。,《解题觉醒》名师大招册（2027版）视觉转写
BIOLOGY,同位素标记法,同位素标记法,PROCEDURE,BIOLOGY·综合·综合·综合,定位：BIOLOGY·综合·综合。标记元素必须是待测物质特有的元素，否则无法区分该物质与其他成分；稳定同位素没有放射性，只能通过质量差异（如密度梯度离心）检测，不能用放射性检测；同位素标记只能示踪原子去向，不能说明反应速率或能量变化。,《解题觉醒》名师大招册（2027版）视觉转写
BIOLOGY,化学键与分子间作用力,化学键与分子间作用力,CONCEPT,BIOLOGY·综合·综合·综合,定位：BIOLOGY·综合·综合。共价键与氢键的稳定性差异是理解变性、复性与水分子流动性的关键，不能把氢键当作化学键来比较强弱；相似相溶只适用于分子结构相似的判断，不能推广到所有物质的跨膜方式。,《解题觉醒》名师大招册（2027版）视觉转写
BIOLOGY,氧化还原反应与细胞代谢,氧化还原反应与细胞代谢,CONCEPT,BIOLOGY·综合·综合·综合,定位：BIOLOGY·综合·综合。氧化还原的实质是元素化合价的升降，不能只看是否有氧参加；希尔反应只说明离体叶绿体在适当条件（铁盐等氧化剂、光照）下可发生水的光解、产生氧气，没有排除叶绿体中其他物质的干扰，不能直接证明光合作用产生的 O₂ 中氧元素全部来自水。,《解题觉醒》名师大招册（2027版）视觉转写
BIOLOGY,生物分子中的酯与芳香族化合物,生物分子中的酯与芳香族化合物,CONCEPT,BIOLOGY·综合·综合·综合,定位：BIOLOGY·综合·综合。酯类不等于脂肪，磷脂和核苷酸中的磷酸二酯键同样属于酯的范畴；含氮碱基并不都参与构成核酸，如嘌呤还可转化为细胞分裂素；吲哚类物质与生长素结构相关但不能等同于生长素。,《解题觉醒》名师大招册（2027版）视觉转写
BIOLOGY,信息分子与功能物质,信息分子与功能物质,CONCEPT,BIOLOGY·综合·综合·综合,定位：BIOLOGY·综合·综合。信息分子不一定是有机大分子，CO₂、H⁺等小分子也可传递信息；激素与神经递质都是信息分子但不直接参与代谢，只起调节作用；酶是催化剂而非信息分子，抗体的作用是与抗原结合而不是传递信息。,《解题觉醒》名师大招册（2027版）视觉转写
BIOLOGY,电子传递过程的三步定位法,电子传递过程的三步定位法,PROCEDURE,BIOLOGY·综合·综合·综合,定位：BIOLOGY·综合·综合。两步之间的对应关系不能张冠李戴，如把线粒体的H⁺梯度方向与类囊体的混淆；电子供体与最终受体要成对判断，O₂对应生成H₂O、NADP⁺对应生成NADPH；场所由过程所处阶段决定，不能由图示外形猜测。,《解题觉醒》名师大招册（2027版）视觉转写
BIOLOGY,细胞分裂时期的判断方法,细胞分裂时期的判断方法,PROCEDURE,BIOLOGY·综合·综合·综合,定位：BIOLOGY·综合·综合。“三秒法”只适用于二倍体细胞的图像判断，单倍体与四倍体细胞的同源染色体情况不同；显微照片要结合题干文字信息，不能仅凭图像形态下结论；着丝粒分裂使染色体数目加倍发生在有丝分裂后期与减数分裂Ⅱ后期，不要与核DNA加倍混淆。,《解题觉醒》名师大招册（2027版）视觉转写
BIOLOGY,减数分裂异常的原因分析,减数分裂异常的原因分析,PROCEDURE,BIOLOGY·综合·综合·综合,定位：BIOLOGY·综合·综合。口诀的前提是不考虑基因突变和互换，若题干允许互换或突变则不能直接用口诀判断；判断“相同”时应按来自同一个次级性母细胞的子细胞比较，跨次级性母细胞的子细胞不适用；无A和a的配子可能来自MⅠ也可能是MⅡ异常，不能一律判为MⅠ异常。,《解题觉醒》名师大招册（2027版）视觉转写
BIOLOGY,常见实验试剂与颜色变化,常见实验试剂与颜色变化,EXPERIMENT,BIOLOGY·综合·综合·综合,定位：BIOLOGY·综合·综合。颜色变化要与试剂和检测对象一一对应，不能用斐林试剂的砖红色描述双缩脲反应；台盼蓝是活体染色，活细胞不着色，不能反用；甲紫溶液使染色体深色是针对已解离的根尖细胞。,《解题觉醒》名师大招册（2027版）视觉转写
BIOLOGY,生物学实验技术与方法,生物学实验技术与方法,EXPERIMENT,BIOLOGY·综合·综合·综合,定位：BIOLOGY·综合·综合。不同方法的适用对象不同，如样方法适用于植物和活动能力弱的动物、标记重捕法适用于活动能力强且范围广的动物；同位素标记要选择待测物质特有的元素，并且要区分是否有放射性。,《解题觉醒》名师大招册（2027版）视觉转写
BIOLOGY,遗传学实验设计的思路与方法,遗传学实验设计的思路与方法,EXPERIMENT,生物学必修2·第一章第二节·遗传的基本规律,定位：生物学必修2 第一章第二节。交配方式要与实验材料匹配（自交适用于雌雄同体的植物，动物只能用测交或杂交）；“一一对应”要求后代数量足够多，否则分离比会偏离理论值；设计题要写出预期结果与结论两种情况，不能只写操作步骤。,《解题觉醒》名师大招册（2027版）视觉转写
BIOLOGY,性状显隐性的判断,性状显隐性的判断,PROCEDURE,生物学必修2·第一章第二节·遗传的基本规律,定位：生物学必修2 第一章第二节。“后代只出现一种性状”必须建立在子代数量足够多的基础上，少量后代不能排除隐性基因；出现 3:1 的前提是亲本为杂合子且完全显性；若表现为不完全显性或共显性，则不能用 3:1 判断显隐性。,《解题觉醒》名师大招册（2027版）视觉转写
BIOLOGY,纯合子与杂合子的判断,纯合子与杂合子的判断,PROCEDURE,生物学必修2·第一章第二节·遗传的基本规律,定位：生物学必修2 第一章第二节。自交法要求待测个体能自交（雌雄同花或同株），动物不能自交；测交法要求已知隐性纯合子作亲本；花粉鉴定法只反映配子类型，不能直接说明子代情况，且只适用于花粉性状可区分的植物。,《解题觉醒》名师大招册（2027版）视觉转写
BIOLOGY,基因位置的判断方法,基因位置的判断方法,PROCEDURE,生物学必修2·第一章第二节·遗传的基本规律,定位：生物学必修2 第一章第二节。正反交结果不同不一定是细胞质遗传，也可能是伴性遗传，需结合后代表现与性别的关系进一步区分；“与母本一致”是细胞质遗传（母系遗传）的关键特征；判断基因在常染色体上时要注意“与性别无关”指的是显隐性出现的概率与性别无关。,《解题觉醒》名师大招册（2027版）视觉转写
CHEMISTRY,化工流程题的分析模型,化工流程题的分析模型,PROCEDURE,CHEMISTRY·综合·综合·综合,定位：CHEMISTRY·综合·综合。模型只提供框架，具体物质与反应必须由题给信息确定，不能凭经验替题目补反应；流程中循环使用的物质（如 $CO_2$、饱和食盐水）要单独识别并说明；目标产品与副产物要分清。,《解题觉醒》名师大招册（2027版）视觉转写
CHEMISTRY,大π键,大π键,CONCEPT,化学选择性必修2·物质结构与性质·分子的空间结构,定位：化学选择性必修2 物质结构与性质。只有当分子（或离子）整体为平面结构且相关原子的 p 轨道未参与杂化、对称性一致时才能形成大 $\pi$ 键（如 $N_2$ 中的两个 $\pi$ 键不是大 $\pi$ 键的情形要注意区分）；$m$ 统计的是平行 p 轨道中的电子总数，包括孤,《解题觉醒》名师大招册（2027版）视觉转写
CHEMISTRY,离子交换膜,离子交换膜,CONCEPT,化学选择性必修1·第四章·电化学,定位：化学选择性必修1 第四章。离子交换膜只起选择性透过作用，不改变离子的移动方向，因此判膜必须先判离子移向；双极膜中间层需有水存在才能解离出 $H^+$ 与 $OH^-$；不同的膜不能混称（质子交换膜≠阳离子交换膜，虽然常可互换使用，但答复时要按题给信息）。,《解题觉醒》名师大招册（2027版）视觉转写
CHEMISTRY,实验综合题答题模板,实验综合题答题模板,EXPERIMENT,CHEMISTRY·综合·综合·综合,定位：CHEMISTRY·综合·综合。答题要落到具体物质与具体操作上（“排出空气”“防止水解”“降低溶解度”），不能只写“防止干扰”；同一个操作可能有多重目的，要按题给条件选择并写全；模板中的 $××$ 要替换成题目中的真实离子、试剂与颜色。,《解题觉醒》名师大招册（2027版）视觉转写
CHEMISTRY,高考化学“不一定”易错清单,高考化学“不一定”易错清单,REASONING,CHEMISTRY·综合·综合·综合,定位：CHEMISTRY·综合·综合。每条“不一定”都要能举出反例才算掌握；判断“一定”类说法只要找到一个反例即可否定；蒸干水解盐溶液的产物由水解生成的酸是否挥发决定。,《解题觉醒》名师大招册（2027版）视觉转写
CHEMISTRY,高考化学“考前必知的关键”清单,高考化学“考前必知的关键”清单,CONCEPT,CHEMISTRY·综合·综合·综合,定位：CHEMISTRY·综合·综合。用盖斯定律叠加时要核对物质状态（同一物质不同状态不能相消）；键能法必须数清化学键个数；$K$ 的换算要与方程式的计量数对应；比较溶解度必须先判定难溶物类型；速率常数只适用于基元反应。,《解题觉醒》名师大招册（2027版）视觉转写
CHEMISTRY,阿伦尼乌斯公式,阿伦尼乌斯公式,PROCEDURE,化学选择性必修1·第二章·化学平衡,定位：化学选择性必修1 第二章。只反映速率常数与温度、活化能的关系，不能用它判断浓度、压强对速率的影响；读图前必须确认横坐标是 1/T 还是 T，横坐标不同斜率的含义相反；A 视为常数，仅适用于温度变化范围不大的情形。,《解题觉醒》名师大招册（2027版）视觉转写
CHEMISTRY,对数折线图四步法,对数折线图四步法,PROCEDURE,化学选择性必修1·第三章·水溶液中的离子平衡,定位：化学选择性必修1 第三章。取对数时必须弄清纵轴是 lg 还是 −lg，符号不同斜率与截距的含义相反；斜率只决定曲线属于哪一类物理量，具体常数要靠特殊点代入；图中曲线相交时交点处是浓度比等于 1，不能只看形状猜结论。,《解题觉醒》名师大招册（2027版）视觉转写
CHEMISTRY,分布分数图像,分布分数图像,PROCEDURE,化学选择性必修1·第三章·水溶液中的离子平衡,定位：化学选择性必修1 第三章。判断曲线归属只看最初微粒递减、中间微粒先增后减、最终微粒递增的先后次序，不能只凭曲线高低；交点处只是相邻两级微粒浓度相等，不说明它们的浓度一定很大；分布分数只与 pH 有关而与总浓度无关。,《解题觉醒》名师大招册（2027版）视觉转写
MATH,容斥原理,容斥原理,PROCEDURE,数学选择性必修第三册·第六章·计数原理,定位：数学选择性必修第三册 第六章。只适用于有限集合；三元情形中两两交集要减三次、三重交集要加回一次，多减或漏加都会出错；既不属于 $A$ 也不属于 $B$ 的部分不在并集内，求它必须用总数减去并集的元素个数；把百分数、比例翻译成元素个数时要统一到同一个总数（如设总人数为 1,《解题觉醒》名师大招册（2027版）视觉转写
MATH,1的代换,1的代换,PROCEDURE,数学必修第一册·第五章·三角函数,定位：数学必修第一册 第五章。使用前提是 $x$、$y$ 均为正数（基本不等式要求参与运算的项为正）；替换的 1 必须与条件严格相等，条件不等于 1 时要先化为 1（如两边同除常数），不能把不等于 1 的式子当 1 乘进去；放缩后必须回代检验等号条件是否有解且落在定义域,《解题觉醒》名师大招册（2027版）视觉转写
MATH,柯西不等式与权方和不等式,柯西不等式与权方和不等式,PROCEDURE,数学必修第一册·第二章·不等式,定位：数学必修第一册 第二章。柯西不等式与权方和不等式是教材之外的拓展工具，作答时要符合本省考试的要求；权方和不等式的分母必须为正数，柯西不等式的取等条件 $ad=bc$、权方和的取等条件 $\frac{a}{x}=\frac{b}{y}$ 都必须验证能取到；分子要写成,《解题觉醒》名师大招册（2027版）视觉转写
MATH,对勾函数,对勾函数,CONCEPT,数学必修第一册·第三章·函数的概念与性质,定位：数学必修第一册 第三章。$ab>0$ 才是对勾形状，$ab<0$ 时是双撇函数、单调性与最值完全不同，不能套用对勾函数的极值公式；对勾函数在定义域上整体无最值，最值只在 $x>0$ 或 $x<0$ 的单独一支上取到；用换元法求值域时必须先确定新元 $t$ 的取值范,《解题觉醒》名师大招册（2027版）视觉转写
MATH,分式型函数的值域,分式型函数的值域,PROCEDURE,数学必修第一册·第三章·函数的概念与性质,定位：数学必修第一册 第三章。换元后必须写出新元 $t$ 的范围（例如由 $x>0$ 得 $t=x+1>1$），否则会把区间外的极值点当成最值点；分子分母同除以某个式子时，该式不能为 0，要单独讨论使它为 0 的自变量取值并算出对应函数值；分离常数时注意分子、分母的次数,《解题觉醒》名师大招册（2027版）视觉转写
MATH,挖掘单调性解不等式,挖掘单调性解不等式,PROCEDURE,数学必修第一册·第三章·函数的概念与性质,定位：数学必修第一册 第三章。必须先确认函数在所讨论区间上单调或具有对称性，否则不能把函数值的大小关系直接换成自变量的大小关系；转化时不等号方向必须与单调性匹配（增函数同向、减函数反向）；把函数不等式转化为整式不等式后还要保证原式各处都有意义（如分母不为零、被开方数非负,《解题觉醒》名师大招册（2027版）视觉转写
MATH,部分奇偶性,部分奇偶性,PROCEDURE,数学必修第一册·第三章·函数的概念与性质,定位：数学必修第一册 第三章。前提是函数的定义域关于原点对称，否则 $f(-x)$ 可能无意义；分解时必须一奇一偶且与原函数恒等，不能凭印象凑两项；$x_0$ 与 $-x_0$ 都必须落在定义域内；所选桥梁函数应不含未知参数或参数最少，否则无法消元；若解析式中有一部分既,《解题觉醒》名师大招册（2027版）视觉转写
MATH,奇常函数,奇常函数,CONCEPT,数学必修第一册·第三章·函数的概念与性质,定位：数学必修第一册 第三章。前提是定义域关于原点对称，且函数能拆成“奇函数加常数”的形式；最值之和等于常数 2 倍只对关于对称中心对称的区间成立，区间不对称时公式不成立；常数不明显时要用定义域中心处的函数值（如 $f(0)$）求常数，不能凭观察猜；拆项后必须逐项核对奇,《解题觉醒》名师大招册（2027版）视觉转写
MATH,三次函数图象的对称性,三次函数图象的对称性,REASONING,数学选择性必修第二册·第五章·函数与导数,定位：数学选择性必修第二册 第五章。只对三次函数（最高次为 3 且 $a\ne0$）保证一定有对称中心，次数更高的函数不一定中心对称；$f''(x_0)=0$ 只给出横坐标，纵坐标必须代回原函数求出；用对称中心判断零点个数时还要结合导数讨论单调性，不能只看对称性；对称中心处导,《解题觉醒》名师大招册（2027版）视觉转写
MATH,半周期推导周期,半周期推导周期,PROCEDURE,数学必修第一册·第三章·函数的概念与性质,定位：数学必修第一册 第三章。形式必须是 $f(x)$ 与 $f(x+a)$ 的关系式，替换时两个位置要同时换成 $x+a$ 才能得到同结构式；$f(x)f(x+a)=b$ 要求 $b\ne0$（否则 $f(x)$ 可能恒为零，不构成周期函数）；分式形式要先保证分母不为,《解题觉醒》名师大招册（2027版）视觉转写
MATH,类周期函数,类周期函数,PROCEDURE,数学必修第一册·第三章·函数的概念与性质,定位：数学必修第一册 第三章。使用前提是能确定“基础段”上的解析式且递推关系 $g(x+T)=ag(bx)+c$ 明确；每段的定义域端点要仔细（注意 $x<2$ 与 $x\ge2$ 的分界）；把零点个数问题转化为图象交点个数时要画出足够多段并注意各段值域的压缩，遗漏段会,《解题觉醒》名师大招册（2027版）视觉转写
MATH,函数图象的对称变换,函数图象的对称变换,PROCEDURE,数学必修第一册·第三章·函数的概念与性质,定位：数学必修第一册 第三章。函数“自身图象的对称性（自对称）”与“两个函数图象之间的对称（互对称）”要区分：前者用 $f(a+x)=f(a-x)$ 一类等式表达，后者才写成 $g(x)=f(2a-x)$ 的形式；变换顺序不可交换，先平移后对称与先对称后平移的结果一般不,《解题觉醒》名师大招册（2027版）视觉转写
MATH,函数图象的翻折变换,函数图象的翻折变换,REPRESENTATION,数学必修第一册·第三章·函数的概念与性质,定位：数学必修第一册 第三章。两种翻折的对象不要记反：$|f(x)|$ 只改变原来在 $x$ 轴下方的部分（沿 $x$ 轴向上翻），$f(|x|)$ 只改变原来在 $y$ 轴左侧的部分（沿 $y$ 轴翻到右侧）；翻折后被替换的原图部分必须去掉，不能与新图叠加；$f(|x,《解题觉醒》名师大招册（2027版）视觉转写
MATH,数形结合找临界,数形结合找临界,PROCEDURE,数学必修第一册·第三章·函数的概念与性质,定位：数学必修第一册 第三章。相切只是“可能”的临界情形，必须再检验切点是否落在讨论区间内、切点两侧导数是否变号；端点与间断点处的零点个数可能突变，只找相切情形会漏掉参数范围；含参直线恒过定点时应先定出定点（如 $y=k(x-a)+b$ 恒过 $(a$，$b)$）再分析,《解题觉醒》名师大招册（2027版）视觉转写
MATH,二次函数的零点分布,二次函数的零点分布,PROCEDURE,数学必修第一册·第三章·函数的概念与性质,定位：数学必修第一册 第三章。表中结论默认 $a>0$（开口向上），$a<0$ 时要先化为开口向上或按图象重新判断不等号方向；$\Delta=0$ 的边界（重根是否落在区间内）要单独检验；“只有一根在区间内”指两根中恰有一根在区间内，要排除两根都在区间内与重根的情形；根,《解题觉醒》名师大招册（2027版）视觉转写
MATH,隐函数的求导,隐函数的求导,PROCEDURE,数学选择性必修第二册·第五章·函数与导数,定位：数学选择性必修第二册 第五章。解出的 $y'$ 中允许保留 $y$（因为 $y$ 解不出来），但最后要按题目要求换成 $x$ 或保留原式；对 $\ln y$、$\sqrt y$ 求导时要按复合函数求导（如 $(\ln y)'=\frac{y'}{y}$），不要漏乘 $y,《解题觉醒》名师大招册（2027版）视觉转写
MATH,同构法,同构法,PROCEDURE,数学选择性必修第二册·第五章·函数与导数,定位：数学选择性必修第二册 第五章。同构的前提是变形后两侧结构完全一致（含系数、次数），否则不能构造出同一个函数；地位同等同构要求 $x_1<x_2$ 等大小关系明确，移项时注意不等号方向的改变；指对跨阶同构中把 $a$ 写成 $e^{\ln a}$（或把 $b$ 写成 $\,《解题觉醒》名师大招册（2027版）视觉转写
MATH,洛必达法则,洛必达法则,PROCEDURE,数学选择性必修第二册·第五章·函数与导数,定位：数学选择性必修第二册 第五章。使用前必须先验证是 $\frac00$ 型或 $\frac\infty\infty$ 型（分别求分子、分母的极限），$0\cdot\infty$、$\infty-\infty$ 等类型要先转化；洛必达法则在小题中可以直接使用，但在解答题中直,《解题觉醒》名师大招册（2027版）视觉转写
MATH,泰勒展开式,泰勒展开式,REASONING,数学选择性必修第二册·第五章·函数与导数,定位：数学选择性必修第二册 第五章。展开式只在收敛区间内成立（$\ln(1+x)$ 与 $\frac{1}{1-x}$ 都要求 $-1<x<1$），超出范围不能使用；判断符号或比较大小时要展开到足够阶数，取到第一个未被抵消的项才可靠；泰勒展开属于高等数学工具，解答题中不能直接,《解题觉醒》名师大招册（2027版）视觉转写
MATH,齐次化,齐次化,PROCEDURE,数学选择性必修第一册·第二三章·解析几何,定位：数学选择性必修第一册 第二三章。齐次化要求各项次数相同，次数不同必须先通过变形（两边同乘、同除）凑成齐次，否则不能作比换元；换元后必须写出新元的取值范围（如 $\frac{x}{e^x}$ 的值域、$t=x_1-x_2$ 的范围），否则最值会取错；作差换元要保证等价（$x,《解题觉醒》名师大招册（2027版）视觉转写
MATH,切线放缩不等式,切线放缩不等式,PROCEDURE,数学选择性必修第二册·第五章·函数与导数,定位：数学选择性必修第二册 第五章。各不等式的取等条件不同（$e^x\ge x+1$ 在 $x=0$ 取等、$\ln x\le x-1$ 在 $x=1$ 取等、$e^x\ge ex$ 在 $x=1$ 取等、$\ln x\le\frac xe$ 在 $x=e$ 取等），证明中必,《解题觉醒》名师大招册（2027版）视觉转写
MATH,三角函数放缩不等式,三角函数放缩不等式,PROCEDURE,数学必修第一册·第五章·三角函数,定位：数学必修第一册 第五章。三角放缩都有区间限制，$x<0$ 时 $\sin x$ 与 $x$ 的大小关系与 $x>0$ 时相反，用错方向会使结论反向；$\tan x$ 在 $x=\frac{\pi}{2}$ 处无定义，讨论区间必须在 $(0$，$\frac{\pi},《解题觉醒》名师大招册（2027版）视觉转写
MATH,指对处理,指对处理,PROCEDURE,数学必修第一册·第三章·函数的概念与性质,定位：数学必修第一册 第三章。这一原则只是让导数更易判号，不改变原函数的定义域，改造后仍要注意对数真数为正、分母不为零；把 $\ln x$ 项调整位置时必须是恒等变形（两边同乘同除非零量），不能拆开或合并错项；改造后求导要重新核对定义域；该原则用于导数符号的判断，不能当,《解题觉醒》名师大招册（2027版）视觉转写
MATH,主元法,主元法,PROCEDURE,数学选择性必修第二册·第五章·函数与导数,定位：数学选择性必修第二册 第五章。以参数为主元放缩时必须按参数的取值范围确定放大或缩小的方向（$a\le2$ 时把 $-a$ 放大为 $-2$），方向弄反会证出相反的结论；放缩后得到的式子必须仍能证明，否则要更换主元或调整放缩强度；主元法给出的是充分条件，若要据此求参数范围,《解题觉醒》名师大招册（2027版）视觉转写
MATH,分割法证明不等式,分割法证明不等式,PROCEDURE,数学选择性必修第二册·第五章·函数与导数,定位：数学选择性必修第二册 第五章。分割后必须使两侧最值“错开”（一个的下界大于另一个的上界）才能得到严格不等式，若 $g(x)_{\min}=h(x)_{\max}$ 则只能得到 $f(x)\ge0$，严格不等号还要补证；拆出的两个函数要在同一区间上分别可求最值；等号通常在,《解题觉醒》名师大招册（2027版）视觉转写
MATH,放缩法证明不等式,放缩法证明不等式,PROCEDURE,数学选择性必修第二册·第五章·函数与导数,定位：数学选择性必修第二册 第五章。放缩方向必须使不等式更容易证明，放缩过强会把真命题缩成假命题（左边缩得太小、右边放得太大）；每一步放缩的等号条件要写清并检验能否同时取到；放缩不等式都有适用范围（如 $\ln x\le\frac xe$ 要求 $x>0$）；用第一问结论放缩,《解题觉醒》名师大招册（2027版）视觉转写
MATH,分类讨论法,分类讨论法,PROCEDURE,数学必修第一册·第三章·函数的概念与性质,定位：数学必修第一册 第三章。分类标准必须由题目结构自然给出（参数对单调性的影响、判别式、极值点位置等），不能凭感觉分；分类要不重不漏，边界值（等号）只能归入一类；多重分类必须逐层讨论干净再换下一类，不能跳类；讨论含参单调性时不要漏掉二次项系数为 0 与导数恒非负（无法,《解题觉醒》名师大招册（2027版）视觉转写
MATH,必要性探路,必要性探路,PROCEDURE,数学选择性必修第二册·第五章·函数与导数,定位：数学选择性必修第二册 第五章。必要性探路得到的只是必要条件，必须验证充分性，否则会把范围放大；所取特殊值必须落在定义域内且确实满足“函数值为 0”一类前提，随意取点得到的条件可能无效；由端点效应得到的 $f'(1)\ge0$ 只是必要条件，直接作为答案会出错；验证充分性,《解题觉醒》名师大招册（2027版）视觉转写
MATH,端点效应与中间点效应,端点效应与中间点效应,PROCEDURE,数学选择性必修第二册·第五章·函数与导数,定位：数学选择性必修第二册 第五章。端点效应与中间点效应给出的都只是必要条件（用于缩小范围或否定某些取值），最终仍需证明充分性；使用前必须确认 $f(a)=0$ 或 $f(x_0)=0$ 这一前提成立，端点值不为 0 时不能直接推出 $f'(a)$ 的符号；用效应否定某些参数,《解题觉醒》名师大招册（2027版）视觉转写
MATH,对数平均不等式,对数平均不等式,REASONING,数学选择性必修第二册·第五章·函数与导数,定位：数学选择性必修第二册 第五章。要求 $a>b>0$（两个正数且不相等），含负值或相等时不能用；它是双向不等式，用左半还是右半要与目标一致；大题中必须补充证明过程，不能作为已知结论直接引用；证明时换元要保证新元 $x>1$（由 $\frac ab>1$ 得到）；用于极值点,《解题觉醒》名师大招册（2027版）视觉转写
MATH,拐点偏移,拐点偏移,PROCEDURE,数学选择性必修第二册·第五章·函数与导数,定位：数学选择性必修第二册 第五章。拐点要求二阶导为零且三阶导不为零（二阶导为零但三阶导也为零的点不是拐点）；判断前要确认 $f(x_1)+f(x_2)=2f(m)$ 成立且 $x_1\ne x_2$；构造的是 $g(x)=f(x)+f(2m-x)$（加法），与极值点偏移的 ,《解题觉醒》名师大招册（2027版）视觉转写
MATH,零点的放缩,零点的放缩,PROCEDURE,数学选择性必修第二册·第四章·数列,定位：数学选择性必修第二册 第四章。使用前必须确认 $f(x)>g(x)$（或 $f(x)<g(x)$）在包含两个零点的整个区间上恒成立，只在局部成立不能比较；两个函数要在同一区间上有定义且都连续；$g(x)$ 必须具有确定的单调性，否则不能由函数值大小推出自变量大小；四条结,《解题觉醒》名师大招册（2027版）视觉转写
MATH,寻找角的关系,寻找角的关系,PROCEDURE,数学必修第一册·第五章·解三角形,定位：数学必修第一册 第五章。拆出的两个角的和或差必须是特殊角，否则化简没有收益；使用二倍角公式升幂、降幂时系数 2 不能漏；常值代换要选与式中其余三角函数名一致的形式（正弦型用 $\sin90^\circ$、正切型用 $\tan45^\circ$）；诱导公式的符号由原,《解题觉醒》名师大招册（2027版）视觉转写
MATH,角平分线定理,角平分线定理,PROCEDURE,数学必修第一册·第五章·解三角形,定位：数学必修第一册 第五章。定理适用于内角平分线与对边的交点，外角平分线的情形公式形式不同（需另记或用向量处理）；比例式中线段的对应关系不能颠倒（左邻边比右邻边等于左段比右段）；求出比例后往往还需结合余弦定理或面积公式才能解出具体边长；三种证明都要用到 $\angle,《解题觉醒》名师大招册（2027版）视觉转写
MATH,张角定理,张角定理,PROCEDURE,数学必修第一册·第五章·解三角形,定位：数学必修第一册 第五章。$D$ 必须是边 $BC$ 上的内点（分点在边上），且 $\alpha$、$\beta$ 是以 $AD$ 为公共边的两个角；$\alpha+\beta$ 就是 $\angle BAC$，等式两边角与边的对应关系（口诀）不能颠倒；用面积法建立,《解题觉醒》名师大招册（2027版）视觉转写
MATH,平行四边形恒等式与中线定理,平行四边形恒等式与中线定理,REASONING,数学必修第一册·第三章·函数的概念与性质,定位：数学必修第一册 第三章。恒等式只对平行四边形（含矩形、菱形、正方形）成立，一般四边形不满足；中线定理中的 $D$ 必须是 $BC$ 的中点，否则应改用余弦定理或张角定理；证明中用到平行四边形邻角互补、余弦互为相反数，画图时要保证所指两角确为邻角；公式中 $AD$ ,《解题觉醒》名师大招册（2027版）视觉转写
MATH,五边两角模型,五边两角模型,PROCEDURE,数学必修第一册·第五章·解三角形,定位：数学必修第一册 第五章。模型要求 $\angle ADB$ 与 $\angle ADC$ 互补（$D$ 在边 $BC$ 上时自然成立），$D$ 必须在线段 $BC$ 上；分母 $BD$、$CD$ 不能为零；使用前先分清已知量与待求量各对应哪条线段；若 $D$ 在 ,《解题觉醒》名师大招册（2027版）视觉转写
MATH,斯特瓦尔特定理,斯特瓦尔特定理,PROCEDURE,数学必修第一册·第五章·解三角形,定位：数学必修第一册 第五章。定理适用于 $D$ 在边 $BC$ 上的情形，且 $BC=BD+CD$；代入时线段与分点的对应关系不能颠倒（边 $AB$ 配 $\frac{CD}{BC}$，边 $AC$ 配 $\frac{BD}{BC}$）；角平分线长公式要求 $AD$ ,《解题觉醒》名师大招册（2027版）视觉转写
MATH,算两次（向量）,算两次（向量）,PROCEDURE,数学必修第二册·第六章·平面向量,定位：数学必修第二册 第六章。基向量必须不共线，否则表示不唯一、不能作为基底；两次表示必须针对同一个向量（起点与终点完全一致）；用三点共线表示时要先说明共线的依据；解出参数后要检验是否满足题目中的位置条件（点在线段上时参数应在 0 与 1 之间）；若中途更换基向量，前面,《解题觉醒》名师大招册（2027版）视觉转写
MATH,等和线,等和线,PROCEDURE,数学必修第二册·第六章·平面向量,定位：数学必修第二册 第六章。三点共线的充要条件是 $\lambda+\mu=1$，前提是 $O$、$A$、$B$ 三点不共线（否则 $\overrightarrow{OA}$ 与 $\overrightarrow{OB}$ 共线，表示不唯一）；系数和不为 1 时点 $,《解题觉醒》名师大招册（2027版）视觉转写
MATH,极化恒等式,极化恒等式,REASONING,数学必修第二册·第六章·平面向量,定位：数学必修第二册 第六章。使用时要取 $BC$ 的中点 $D$ 并连接 $AD$，且 $A$、$B$、$C$ 三点不共线；公式中的两项是 $|\overrightarrow{AD}|^2$ 减 $|\overrightarrow{DB}|^2$，符号不能写反（写成加,《解题觉醒》名师大招册（2027版）视觉转写
MATH,奔驰定理,奔驰定理,CONCEPT,数学必修第二册·第六章·平面向量,定位：数学必修第二册 第六章。定理中各向量必须共起点（都是以 $O$ 为起点指向三角形顶点的向量），且 $O$ 与三角形的位置关系要明确（$O$ 为内点时三个面积都取正值，为外点时按位置取负号）；面积的对应关系是“缺少哪个顶点的三角形面积对应哪个顶点的向量”（$S_{\,《解题觉醒》名师大招册（2027版）视觉转写
MATH,平方和与立方和公式,平方和与立方和公式,REASONING,数学必修第一册·第三章·函数的概念与性质,定位：数学必修第一册 第三章。推导的关键是找到“高阶差”公式（$(n+1)^3-n^3$ 或 $(n+1)^4-n^4$）并把它按次数分组；分组后要分清哪些项用裂项相消、哪些项用公式求和；系数（$\frac13$、$\frac14$、$\frac32$）容易算错，推导后,《解题觉醒》名师大招册（2027版）视觉转写
MATH,奇偶分类数列的递推,奇偶分类数列的递推,PROCEDURE,数学选择性必修第二册·第四章·数列,定位：数学选择性必修第二册 第四章。分奇偶后两段的通项必须分别验证首项；隔项递推得到的公差（公比）是隔项的公差（公比），不能当作相邻项的公差（公比）使用；n 的奇偶不确定时求和必须按 n 为奇数、n 为偶数分别讨论，并注意最后一组是否完整。,《解题觉醒》名师大招册（2027版）视觉转写
MATH,和数列与积数列的通项,和数列与积数列的通项,PROCEDURE,数学选择性必修第二册·第四章·数列,定位：数学选择性必修第二册 第四章。只对 $f(n)$ 为等差（和数列）或 $q^n$（积数列）的形式成立；相减、相除都要求 $n\ge 2$；奇数项由 $a_1$ 表出、偶数项由 $a_2$ 表出，而 $a_2$ 需用原递推式单独求出；含 $(-1)^n$ 的递推式要先整理,《解题觉醒》名师大招册（2027版）视觉转写
MATH,数列不等式的放缩,数列不等式的放缩,PROCEDURE,数学选择性必修第二册·第四章·数列,定位：数学选择性必修第二册 第四章。放缩方向必须与结论一致（证 $S_n>m$ 用下界、证 $S_n<l$ 用上界）；放缩精确度要够，过松会证不出结论，此时可保留前几项不放缩；解答题中使用任何放缩式之前都要先证明该放缩式成立。,《解题觉醒》名师大招册（2027版）视觉转写
MATH,奇偶项个数与下标变换,奇偶项个数与下标变换,PROCEDURE,数学选择性必修第二册·第四章·数列,定位：数学选择性必修第二册 第四章。换元时自变量取值范围受限：用 $2k-1=n$ 求得的式子只在 n 为奇数时成立，用 $2k=n$ 求得的式子只在 n 为偶数时成立，最后必须写成分段形式；计数时注意区分项数与末项下标，$\frac{n+1}{2}$ 只在 n 为奇数时是奇,《解题觉醒》名师大招册（2027版）视觉转写
MATH,裂项放缩,裂项放缩,PROCEDURE,数学选择性必修第二册·第四章·数列,定位：数学选择性必修第二册 第四章。放缩方向必须与所求结论一致，且放缩后仍要能求和；$\frac{1}{n^2}<\frac{1}{n(n-1)}$ 一类式子在 $n=1$ 处无意义，需从 $n\ge 2$ 起用并把第一项单独保留；$q^n-m$ 型通项不能用等比放缩（$\f,《解题觉醒》名师大招册（2027版）视觉转写
MATH,等比放缩,等比放缩,REASONING,数学选择性必修第二册·第四章·数列,定位：数学选择性必修第二册 第四章。放缩方向不能反：$\frac{1}{q^n-m}>\frac{1}{q^n}$，故 $q^n-m$ 型不能用等比放缩；精确度不够时不能硬套，要保留前几项；放缩式在解答题中须先证后用。,《解题觉醒》名师大招册（2027版）视觉转写
MATH,分式放缩与糖水不等式,分式放缩与糖水不等式,PROCEDURE,数学选择性必修第二册·第四章·数列,定位：数学选择性必修第二册 第四章。要求分数为正且放大、缩小的方向与结论一致；分母中的 $1-\frac{m}{q^n}$ 随 n 增大而增大，故取 $n=1$ 时的 $1-\frac{m}{q}$ 作为下界，若 $q\le m$ 则变形无意义。,《解题觉醒》名师大招册（2027版）视觉转写
MATH,递推放缩与函数放缩,递推放缩与函数放缩,PROCEDURE,数学选择性必修第二册·第四章·数列,定位：数学选择性必修第二册 第四章。递推放缩要求 $f$ 的单调性、项的符号或范围先有判定，否则加减乘除推不出方向确定的不等号；函数放缩所用的函数不等式必须先证明，且注意取等条件在 n 取正整数时是否成立。,《解题觉醒》名师大招册（2027版）视觉转写
MATH,分指结构裂项放缩,分指结构裂项放缩,REASONING,数学选择性必修第二册·第四章·数列,定位：数学选择性必修第二册 第四章。条件 $0<m<q$ 不可少：它保证 $\frac{m}{q}<m$ 从而使 $\frac{1}{q^{n-1}-\frac{m}{q}}<\frac{1}{q^{n-1}-m}$；同时要求 $q>1$ 才能用 $q-1>0$ 除。使用时需,《解题觉醒》名师大招册（2027版）视觉转写
MATH,放缩精度的控制,放缩精度的控制,PROCEDURE,数学选择性必修第二册·第四章·数列,定位：数学选择性必修第二册 第四章。保留的项数按需确定，保留越多估计越精确但计算量越大；被保留的小下标（如 n=1）必须单独验证；放缩方向与结论方向必须一致，否则保留多少项都无效。,《解题觉醒》名师大招册（2027版）视觉转写
MATH,差式递推的压缩放缩,差式递推的压缩放缩,PROCEDURE,数学选择性必修第二册·第四章·数列,定位：数学选择性必修第二册 第四章。必须先用递推式确定 $a_n$ 的取值范围，范围越紧压缩系数越准；若 $a_n$ 可能取到使分母为零或变号的值，则不能这样放大；首项差 $|a_2-a_1|$ 需单独计算，且 n=1 的情形要单独检验。,《解题觉醒》名师大招册（2027版）视觉转写
MATH,递推式含(-1)^(n+1)的每四项并项,递推式含(-1)^(n+1)的每四项并项,PROCEDURE,数学选择性必修第二册·第四章·数列,定位：数学选择性必修第二册 第四章。并项前必须确认递推式中 $(-1)$ 的指数形式（是 $(-1)^n$ 还是 $(-1)^{n+1}$），两者对应的并项周期分别是 2 和 4，用错会导致整组结果错误；$f(n)$ 的表达式要按 4k-3、4k-2、4k-1、4k 分别代入,《解题觉醒》名师大招册（2027版）视觉转写
MATH,正方体切割出的四面体模型,正方体切割出的四面体模型,PROCEDURE,数学必修第二册·第八章（空间向量见选择性必修第一册）·立体几何,定位：数学必修第二册 第八章（空间向量见选择性必修第一册）。体积比是相对同一个正方体而言的，换背景后需重新计算；鳖臑的外接球球心在最长棱中点这一结论依赖三条棱两两垂直，一般四面体不成立；墙角体的三个直角面必须共用一个顶点，判断图形时要看清直角在哪里。,《解题觉醒》名师大招册（2027版）视觉转写
MATH,截角多面体的表面积与体积,截角多面体的表面积与体积,PROCEDURE,数学必修第二册·第八章（空间向量见选择性必修第一册）·立体几何,定位：数学必修第二册 第八章（空间向量见选择性必修第一册）。三等分时小正四面体的棱长是 $\frac{a}{3}$，若为四等分或截取方式不同则结论要重算；表面积必须同时考虑截去的与新增的面；正四面体的高可用 $h=\frac{\sqrt 6}{3}a$ 结论直接代入，但一般多面体需重新推导。,《解题觉醒》名师大招册（2027版）视觉转写
MATH,柱体外接球公式R²=r²+h²/4,柱体外接球公式R²=r²+h²/4,REASONING,数学必修第二册·第八章（空间向量见选择性必修第一册）·立体几何,定位：数学必修第二册 第八章（空间向量见选择性必修第一册）。公式要求侧棱垂直于底面（或柱体的轴垂直于底面），斜棱柱、一般的斜三棱锥不能直接用；$r$ 是底面外接圆半径而非底面内切圆半径，求 $r$ 时常用正弦定理 $2r=\frac{a}{\sin A}$；$h$ 取柱体的高（棱锥补形后的棱柱高）。,《解题觉醒》名师大招册（2027版）视觉转写
MATH,截角多面体的外接球,截角多面体的外接球,PROCEDURE,数学必修第二册·第八章（空间向量见选择性必修第一册）·立体几何,定位：数学必修第二册 第八章（空间向量见选择性必修第一册）。只适用于有对称轴且顶点能按到轴的距离分成两圈的多面体；列方程时两类顶点到轴的距离必须算准（由边长与截面几何关系得到）；开方时注意球心在两圈平面之间，取两个距离之和等于两平面间距离。,《解题觉醒》名师大招册（2027版）视觉转写
MATH,双外心模型求外接球,双外心模型求外接球,PROCEDURE,数学必修第二册·第八章（空间向量见选择性必修第一册）·立体几何,定位：数学必修第二册 第八章（空间向量见选择性必修第一册）。必须先找到两个外接圆圆心与公共棱，两个面必须共棱；$EO_1$、$EO_2$ 是圆心到公共棱中点的距离，不是外接圆半径；$\angle O_1EO_2$ 对应二面角的平面角，其正、余弦值要用平面几何关系算准；若两心不易定位或二面角信息不足，,《解题觉醒》名师大招册（2027版）视觉转写
MATH,双外心模型的证明,双外心模型的证明,REASONING,数学必修第二册·第八章（空间向量见选择性必修第一册）·立体几何,定位：数学必修第二册 第八章（空间向量见选择性必修第一册）。关键是说明 O、$O_1$、$O_2$、E 四点共圆且 OE 为直径，漏掉这一步则后续正弦定理无据；$OE^2$ 中出现 $\sin^2\angle O_1EO_2$ 作分母，故 $\angle O_1EO_2$ 不能为 0 或 $180^,《解题觉醒》名师大招册（2027版）视觉转写
MATH,内切球与球的相切问题,内切球与球的相切问题,PROCEDURE,数学必修第二册·第八章（空间向量见选择性必修第一册）·立体几何,定位：数学必修第二册 第八章（空间向量见选择性必修第一册）。等体积法要求内切球与几何体的每个面都相切（球心到各面距离都等于 r），否则不能把 V 拆成各面面积与 r 之和；用轴截面法时必须取过球心且与旋转轴重合的截面，截面选错则截得的圆不是内切球的大圆；临界问题中要写清卡住的几何条件（相切、共点、共,《解题觉醒》名师大招册（2027版）视觉转写
MATH,动态几何体的最大球临界模型,动态几何体的最大球临界模型,PROCEDURE,数学必修第二册·第八章（空间向量见选择性必修第一册）·立体几何,定位：数学必修第二册 第八章（空间向量见选择性必修第一册）。只有能任意转动时才能把轨迹当作外接球，若只能平移或只能沿某方向放入则要另找临界截面；容器的最大内切球要用轴截面法求，且容器必须能装下整个球；求得的是尺寸的最大值，取等号时恰好相切。,《解题觉醒》名师大招册（2027版）视觉转写
MATH,三余弦定理,三余弦定理,PROCEDURE,数学必修第二册·第八章（空间向量见选择性必修第一册）·立体几何,定位：数学必修第二册 第八章（空间向量见选择性必修第一册）。三余弦定理只能用于斜线与平面内直线的夹角，公式中的 $\angle BOC$ 必须是射影与平面内直线所成的角（线在平面内）；由 $\cos\angle AOC\le\cos\angle AOB$ 只能得到最小角关系，不能反向使用；该定理在大,《解题觉醒》名师大招册（2027版）视觉转写
MATH,动点轨迹的确定,动点轨迹的确定,PROCEDURE,数学选择性必修第一册·第二三章·解析几何,定位：数学选择性必修第一册 第二三章。求轨迹的最后一步必须是动点所在平面（或曲面）与已确定平面的交线，并要检验交线是否整个落在动点的活动范围内；升维的方向不能反（平行升维成面面平行、垂直升维成线面垂直）；建系法适用于便于建立坐标系的图形，几何法要注意每个结论都有定理支撑。,《解题觉醒》名师大招册（2027版）视觉转写
MATH,等距条件的动点轨迹,等距条件的动点轨迹,PROCEDURE,数学选择性必修第一册·第二三章·解析几何,定位：数学选择性必修第一册 第二三章。只有在平面上才能说圆，在空间中必须是球面（写出圆会漏解）；定值距离要明确是对同一个定点而言；动点还被限制在某个面或棱上时，轨迹应是球面（圆）与该面（棱）的公共部分，可能是圆弧而不是整圆。,《解题觉醒》名师大招册（2027版）视觉转写
MATH,参数化动点的轨迹分析,参数化动点的轨迹分析,PROCEDURE,数学必修第一册·第三章·函数的概念与性质,定位：数学必修第一册 第三章。参数范围有端点与内部之分，取端点时轨迹是棱而不是线段内部，容易漏掉或多余；用等体积法时必须保证 P 在平行于底面的平面上移动（高不变）；坐标法要选便于写坐标的原点与坐标轴，写错点的坐标会导致结论反向；一个命题为假只需举出反例或算出不是定值。,《解题觉醒》名师大招册（2027版）视觉转写
MATH,代数式的几何意义,代数式的几何意义,PROCEDURE,数学选择性必修第一册·第二三章·解析几何,定位：数学选择性必修第一册 第二三章。斜率型要求分母不为 0，即动点不能落到与定点同一条竖直线上；距离型含绝对值时要讨论符号或平方处理；截距型的相反数不要漏负号；交点型要注意所给曲线可能是半圆而非整圆，有端点与范围限制，数形结合时必须看清是哪一段。,《解题觉醒》名师大招册（2027版）视觉转写
MATH,动点问题处理策略,动点问题处理策略,PROCEDURE,数学必修第一册·第三章·函数的概念与性质,定位：数学必修第一册 第三章。必须先判定谁是主动点（题目中自由运动的那个点），若选错则所有条件都会绕回未定元而无法求解；把圆上动点的条件转化为圆心条件时要注意圆的半径是定值；求出的最值还要回到原问题的几何含义（如求直线方程时要把取最值时的位置代回求直线）；轨迹方程要先写,《解题觉醒》名师大招册（2027版）视觉转写
MATH,切点弦问题,切点弦问题,PROCEDURE,数学选择性必修第一册·第二三章·解析几何,定位：数学选择性必修第一册 第二三章。切线长公式 $|PA|=\sqrt{|PM|^2-r^2}$ 要求 P 在圆外；$|PM|$ 最小时 $PM\perp l$ 只在 M 为定点、P 在定直线上运动时成立；两圆方程相减得到的直线是公共弦所在直线，必须两圆确实相交；用排除法时被,《解题觉醒》名师大招册（2027版）视觉转写
MATH,直线系方程,直线系方程,PROCEDURE,数学选择性必修第一册·第二三章·解析几何,定位：数学选择性必修第一册 第二三章。⑤ 的方程不包含直线 $l_2$，若所求直线恰为 $l_2$ 必须单独补充；③ 中 $C_1\ne C$ 才表示平行（否则与已知直线重合）；④ 的垂直式系数要对调并变号；⑥ 中 $c=0$ 时退化为过定点的直线系；设切线时用 ⑥ 的 θ 形,《解题觉醒》名师大招册（2027版）视觉转写
MATH,隐圆,隐圆,PROCEDURE,数学选择性必修第一册·第二三章·解析几何,定位：数学选择性必修第一册 第二三章。第二、第四定义要求配方后右边大于 0 才是真正的圆，否则轨迹是点或空集；第三定义要挖去两个定点（两点处不满足夹角为直角）；识别隐圆的关键是找出题目中的定点与定值，找不到定点则不适用；第五定义中 $\lambda=1$ 时轨迹是两点连线的中垂,《解题觉醒》名师大招册（2027版）视觉转写
MATH,两圆的位置关系,两圆的位置关系,PROCEDURE,数学选择性必修第一册·第二三章·解析几何,定位：数学选择性必修第一册 第二三章。要看清题设是存在还是任意：存在两个点用严格不等式（相交），至少有一个点用 $d\le r$；两圆相交的不等式要保证 $R-r<R+r$；开方解含 $\sqrt{1+a^2}$ 的不等式时别丢负号分支；边界点能否取到要按题意（相切时公共点只有,《解题觉醒》名师大招册（2027版）视觉转写
MATH,阿波罗尼斯圆,阿波罗尼斯圆,PROCEDURE,数学选择性必修第一册·第二三章·解析几何,定位：数学选择性必修第一册 第二三章。必须 $\lambda\ne 1$，否则 $1-\lambda^2=0$ 除法无意义（此时轨迹是线段 AB 的中垂线）；$\lambda>0$ 保证距离之比为正；证明中设坐标要保证 $a\ne b$（两定点不重合）；使用时要注意轨迹圆的圆心,《解题觉醒》名师大招册（2027版）视觉转写
MATH,圆锥曲线第一定义的应用,圆锥曲线第一定义的应用,PROCEDURE,数学选择性必修第一册·第二三章·解析几何,定位：数学选择性必修第一册 第二三章。双曲线定义式必须带绝对值，去绝对值前先确定点在哪一支；椭圆两焦半径之和为定值，但单独的 $|PF_1|$ 随位置变化，不能当作定值；用定义转化求最值时要交代取等条件（三点共线或与准线垂直）；抛物线只有开口方向对应的那一条准线，不要用错。,《解题觉醒》名师大招册（2027版）视觉转写
MATH,圆锥曲线第二定义的应用,圆锥曲线第二定义的应用,PROCEDURE,数学选择性必修第一册·第二三章·解析几何,定位：数学选择性必修第一册 第二三章。要注意每个焦点只对应它那一侧的准线，用错准线会导致比值不为 e；椭圆的 e∈(0，1)，双曲线的 e>1，抛物线的 e=1，第二定义是它们的统一表达；到准线的距离必须取正（用绝对值或由图形判断点在准线哪一侧）。,《解题觉醒》名师大招册（2027版）视觉转写
MATH,椭圆的焦半径公式,椭圆的焦半径公式,PROCEDURE,数学选择性必修第一册·第二三章·解析几何,定位：数学选择性必修第一册 第二三章。使用坐标式公式时要先把椭圆化为标准形式并确定焦点在哪条坐标轴上（否则 x 应改为 y）；倾斜角式中的 θ 是直线相对于焦点所在坐标轴的倾斜角，且必须把射线方向与 θ 对应正确，否则长短会颠倒；焦半径公式只对椭圆上点成立，不能用于椭圆外的点；,《解题觉醒》名师大招册（2027版）视觉转写
MATH,双曲线焦半径公式,双曲线焦半径公式,PROCEDURE,数学选择性必修第一册·第二三章·解析几何,定位：数学选择性必修第一册 第二三章。套公式前必须先判断点在哪一支（或上、下支）；同支与异支的焦点弦处理不同；倾斜角式的分母 $a-c\cos\theta$ 不能为 0（即直线不能与某条渐近线平行）；记忆口诀只是辅助，写出结果后要用两点间距离公式核对符号与大小。,《解题觉醒》名师大招册（2027版）视觉转写
MATH,焦点弦定比分点问题,焦点弦定比分点问题,REASONING,数学选择性必修第一册·第二三章·解析几何,定位：数学选择性必修第一册 第二三章。结论对椭圆、双曲线、抛物线统一成立，但要求直线过焦点且与曲线交于两点；$\lambda>0$ 且 $\lambda\ne 1$（λ=1 时分点重合，不适用）；公式中的 k 是直线斜率，焦点在 y 轴上时改用 $\sqrt{1+\frac{1,《解题觉醒》名师大招册（2027版）视觉转写
MATH,圆锥曲线第三定义的应用,圆锥曲线第三定义的应用,PROCEDURE,数学选择性必修第一册·第二三章·解析几何,定位：数学选择性必修第一册 第二三章。定义要求 A、B 关于原点对称，且 P 不与 A、B 重合（$x\ne\pm x_0$）；轨迹要去掉 A、B、C、D 四个点；斜率之积为负对应椭圆、为正对应双曲线，符号判错则曲线类型判错；第三定义及结论在选择题、填空题中可直接使用，在大题中,《解题觉醒》名师大招册（2027版）视觉转写
MATH,弦中点与点差法,弦中点与点差法,PROCEDURE,数学选择性必修第一册·第二三章·解析几何,定位：数学选择性必修第一册 第二三章。使用前要确认直线不与坐标轴垂直、不过原点（否则 $k_{OG}$ 无意义或结论退化）；结论给出的是中点与原点连线的斜率与弦斜率的关系，不是中点坐标本身；由结论求出直线后还要用判别式检验直线与曲线确实交于两点（弦存在）；双曲线情形定值的符号与,《解题觉醒》名师大招册（2027版）视觉转写
MATH,椭圆焦点三角形,椭圆焦点三角形,PROCEDURE,数学选择性必修第一册·第二三章·解析几何,定位：数学选择性必修第一册 第二三章。公式只在 $y_0\ne 0$（P 不在长轴端点）时构成三角形；θ 是两焦半径的夹角（顶角），不是与坐标轴的夹角；用 $|PF_1|+|PF_2|=2a$ 整体替换是推导的关键，直接展开会算不下去；焦半径之积随 θ 变化，不要与定值混淆。,《解题觉醒》名师大招册（2027版）视觉转写
MATH,双曲线焦点三角形,双曲线焦点三角形,PROCEDURE,数学选择性必修第一册·第二三章·解析几何,定位：数学选择性必修第一册 第二三章。双曲线用 $||PF_1|-|PF_2||=2a$ 整体替换，注意与椭圆的 $|PF_1|+|PF_2|=2a$ 区别，符号错则公式全错；面积公式是 $b^2\cot\frac{\theta}{2}$（椭圆是 $b^2\tan\frac{\,《解题觉醒》名师大招册（2027版）视觉转写
MATH,抛物线焦点三角形,抛物线焦点三角形,PROCEDURE,数学选择性必修第一册·第二三章·解析几何,定位：数学选择性必修第一册 第二三章。焦半径公式中的 θ 是过焦点的弦相对于 x 轴（焦点所在轴）的倾斜角；长短与 $1\pm\cos\theta$ 的对应关系要由图形判断，不能死记；焦点在 y 轴上时公式中的 cos 要换成 sin；弦长公式 $\frac{2p}{\sin^,《解题觉醒》名师大招册（2027版）视觉转写
MATH,焦点三角形的内心,焦点三角形的内心,PROCEDURE,数学选择性必修第一册·第二三章·解析几何,定位：数学选择性必修第一册 第二三章。等面积法要求 I 到三边的距离都等于 r（内心）；②中用合比定理把 $|GF_1|+|GF_2|$ 换成 $|F_1F_2|=2c$ 是关键，别漏这一步；③的角平分线在 △PF₁G 中是 PI，对应边是 |PF₁| 与 |GF₁|；G 是顶,《解题觉醒》名师大招册（2027版）视觉转写
MATH,抛物线的平均性质,抛物线的平均性质,PROCEDURE,数学选择性必修第一册·第二三章·解析几何,定位：数学选择性必修第一册 第二三章。必须看清直线与哪条坐标轴相交，交于 x 轴时横坐标之积为 $m^2$、纵坐标之积为 $-2pm$，交于 y 轴时正好互换；只有直线与坐标轴有交点时才能用；反设法 $x=ty+m$ 不能表示竖直直线（但已把斜率不存在的情形包含在 t 的取值之,《解题觉醒》名师大招册（2027版）视觉转写
MATH,圆锥曲线的切线,圆锥曲线的切线,PROCEDURE,数学选择性必修第一册·第二三章·解析几何,定位：数学选择性必修第一册 第二三章。用导数法前要按 x 轴把曲线分段（原点、x 轴上方、x 轴下方），否则 $y'=\frac{p}{y}$ 在 y=0 处无意义；切线方程中的点是切点且必须在曲线上（$y_0^2=2px_0$ 用于化简）；求过曲线外一点的切线时不能直接代公式,《解题觉醒》名师大招册（2027版）视觉转写
MATH,圆锥曲线的切点弦,圆锥曲线的切点弦,PROCEDURE,数学选择性必修第一册·第二三章·解析几何,定位：数学选择性必修第一册 第二三章。公式中的点 P 必须在曲线外（能作两条切线），点在曲线上时退化为切线本身；双曲线切点弦公式中为减号、抛物线要用 $y^2=2px$ 与 $x^2=2py$ 区分（公式不同）；推导的关键是由两条切线都过 P 得到两切点都满足同一方程，从而确定,《解题觉醒》名师大招册（2027版）视觉转写
MATH,硬解定理,硬解定理,PROCEDURE,数学选择性必修第一册·第二三章·解析几何,定位：数学选择性必修第一册 第二三章。公式要求 $B\ne 0$（直线不垂直于 x 轴），垂直于 x 轴的直线要单独处理；m、n 中至少一个为正（椭圆取 $m=a^2$、$n=b^2$，双曲线取 $n=-b^2$，注意双曲线时 n 为负数）；判别式必须大于 0 才保证有两个交点,《解题觉醒》名师大招册（2027版）视觉转写
MATH,直线夹角的计算,直线夹角的计算,PROCEDURE,数学选择性必修第一册·第二三章·解析几何,定位：数学选择性必修第一册 第二三章。倾斜角法中要用绝对值，夹角取锐角或直角；$1+k_1k_2=0$ 时公式分母为零（两直线垂直），必须单独说明；两条直线斜率都不存在时夹角为 0（平行）或需另行讨论；向量法求出的是夹角的余弦，要转成正切或角本身时注意取值范围。,《解题觉醒》名师大招册（2027版）视觉转写
MATH,抛物线的参数设点法,抛物线的参数设点法,PROCEDURE,数学选择性必修第一册·第二三章·解析几何,定位：数学选择性必修第一册 第二三章。参数设点要求抛物线为 $y^2=2px$ 型（开口向右），开口向上时改为用 x 作参数；斜率表达式 $\frac{4}{y_1+y_2}$ 中的常数与 p 有关（对 $y^2=2px$ 应为 $2p$）；用平均性质前必须确认直线与 x 轴有,《解题觉醒》名师大招册（2027版）视觉转写
MATH,极点极线,极点极线,CONCEPT,数学选择性必修第一册·第二三章·解析几何,定位：数学选择性必修第一册 第二三章。极线由点与曲线共同决定：同一个点对不同曲线的极线不同；点在内、外、上三种位置对应的极线形态不同（切点弦、切线、需作图的直线）；定义中的中点条件用的是有向线段的比（调和共轭），不能简单地理解为中点；极点极线在小题中可直接使用，大题中应当用联立,《解题觉醒》名师大招册（2027版）视觉转写
MATH,超级韦达定理,超级韦达定理,PROCEDURE,数学选择性必修第一册·第二三章·解析几何,定位：数学选择性必修第一册 第二三章。只有直线不过点 $P(x_0，y_0)$ 时才能把直线方程设为 $p(x-x_0)+q(y-y_0)=1$（把 P 代入左边为 0、右边为 1，显然不成立）；要求直线 PA、PB 的斜率都存在（即 A、B 不在过 P 的竖直直线上）；配凑与,《解题觉醒》名师大招册（2027版）视觉转写
MATH,圆锥曲线中的面积计算,圆锥曲线中的面积计算,PROCEDURE,数学选择性必修第一册·第二三章·解析几何,定位：数学选择性必修第一册 第二三章。求 $\tan\theta$ 时会出现两个解，要按 θ 的范围（锐角）取舍；$\tan\angle PAQ$ 的符号与角的范围要对应，不要漏掉负号；算出弦长后要用正弦值（不是余弦值）代入面积公式；若两条直线的斜率不存在或夹角为直角，需另行讨,《解题觉醒》名师大招册（2027版）视觉转写
MATH,非对称结构的处理,非对称结构的处理,PROCEDURE,数学选择性必修第一册·第二三章·解析几何,定位：数学选择性必修第一册 第二三章。用 $m+\frac{1}{m}$ 时要知道 m 的符号（正负决定解的选择），且 $x_2\ne 0$；构造比例时 $m\ne 1$（否则原式是 $x_1=x_2+n$，需另作处理）；这类结构常与三点共线（向量共线）等条件结合，转化后的方程,《解题觉醒》名师大招册（2027版）视觉转写
MATH,贝叶斯公式,贝叶斯公式,REASONING,数学必修第二册·第九十章（条件概率与正态分布见选择性必修第三册）·概率统计,定位：数学必修第二册 第九十章（条件概率与正态分布见选择性必修第三册）。要求 $P(B)>0$，否则分母为零；分母正是全概率公式的结果，计算时要先把所有类别的 $P(A_k)P(B|A_k)$ 都算出来；各类 $A_i$ 必须两两互斥且并为全集；贝叶斯公式给出的是后验概率，与先验概率 $P(A_i)$ 不同，不,《解题觉醒》名师大招册（2027版）视觉转写
MATH,马尔可夫链（概率递推）,马尔可夫链（概率递推）,PROCEDURE,数学必修第二册·第九十章（条件概率与正态分布见选择性必修第三册）·概率统计,定位：数学必修第二册 第九十章（条件概率与正态分布见选择性必修第三册）。必须先明确状态（如在上底面/在下底面）并写出两类状态间的转移概率，且两类概率之和为 1；递推式的首项要单独求出（$P_1$ 不能由递推式得到）；构造等比数列时 λ 的公式是 $\frac{q}{p-1}$，$(p-1)$ 出现在分母要求 $,《解题觉醒》名师大招册（2027版）视觉转写
BIOLOGY,遗传学核心概念与术语,遗传学核心概念与术语,CONCEPT,生物学必修2·第一章第二节·遗传的基本规律,定位：生物学必修2 第一章第二节。“相对性状”必须同时满足同种生物、同一性状、不同表现三个要素（兔的长毛与短毛是相对性状，兔的长毛与狗的长毛不是）；纯合子与杂合子只看遗传因子组成是否相同，与表现型无关；显隐性遗传因子用同一字母的大小写表示。,《解题觉醒》名师大招册（2027版）视觉转写
PHYSICS,线段图定位中间时刻速度,线段图定位中间时刻速度,REPRESENTATION,PHYSICS·综合·综合·综合,定位：PHYSICS·综合·综合。线段图只是帮助定位，真正的计算依据仍是均速法（$v_{t/2}=\bar v$）与匀变速公式；每段位移都必须对应同一段匀变速过程；两段之间若运动性质改变（如中间已达最大速度并转匀速），不能再用同一个 $a$ 联立。,《解题觉醒》名师大招册（2027版）视觉转写
PHYSICS,0-v-0模型,0-v-0模型,PROCEDURE,PHYSICS·综合·综合·综合,定位：PHYSICS·综合·综合。只适用于中间只经历一次加速—减速转换、且初末速度都为零的过程；全程结论中的 $\bar v$ 必须是全程平均速度，不能取某一段的平均速度；若中间还夹有匀速段，则三大阶段的平均速度不再相同，两个结论都不成立；加速与减速是两段不同的匀变速过程，,《解题觉醒》名师大招册（2027版）视觉转写
PHYSICS,消参法,消参法,PROCEDURE,PHYSICS·综合·综合·综合,定位：PHYSICS·综合·综合。只能在同一段匀变速过程内部消去未提及的量；各段加速度不同时必须分别设 $a_1$、$a_2$，不能把不同段的加速度当成同一个；消参后剩余方程要与该段的已知量匹配，否则要从已知条件补关系；匀速段用 $x=vt$ 处理，不套用匀变速公式。,《解题觉醒》名师大招册（2027版）视觉转写
PHYSICS,全反力与摩擦角,全反力与摩擦角,PROCEDURE,PHYSICS·综合·综合·综合,定位：PHYSICS·综合·综合。摩擦角的正切等于动摩擦因数，只在滑动摩擦（或恰好达到最大静摩擦）时成立，静摩擦未达最大值时全反力方向可在摩擦角范围内变化；务必注意摩擦角是全反力与支持力（垂直于接触面方向）的夹角，不是全反力与竖直方向的夹角；自锁的结论要求外力作用线落在摩擦,《解题觉醒》名师大招册（2027版）视觉转写
PHYSICS,降维法处理三维空间平衡,降维法处理三维空间平衡,PROCEDURE,PHYSICS·综合·综合·综合,定位：PHYSICS·综合·综合。只适用于平衡（含缓慢运动）的三维受力问题；所选的观察平面应相互垂直，并能容纳全部待求的力；不同平面内的方程不能混用，$F_f=\mu F_N$ 这类关系要在同一平面内使用；投影时要注意夹角关系（分清是夹角还是余角）。,《解题觉醒》名师大招册（2027版）视觉转写
PHYSICS,弹簧分离问题,弹簧分离问题,PROCEDURE,PHYSICS·综合·综合·综合,定位：PHYSICS·综合·综合。分离瞬间两物体仍然接触、加速度仍然相同，只是相互作用力为零；分离过程中速度始终连续，动能的变化由加速度与速度是否同向决定；求劲度系数时要用弹力变化量比位移，位移必须是沿弹簧方向的位移；弹簧不是始终处于原长，分离时弹力是否为零必须通过计算判断,《解题觉醒》名师大招册（2027版）视觉转写
PHYSICS,传送带模型,传送带模型,PROCEDURE,PHYSICS·综合·综合·综合,定位：PHYSICS·综合·综合。判断能否共速必须用假设共速后算出的位移与传送带长度比较，不能只看受力；传送带不够长时结论完全不同，不能照搬足够长的结论；物块初速度不为 0 时 $x_共$ 要按实际初、末速度计算；倾斜传送带中摩擦力方向由物块相对传送带的运动方向决定；正压力,《解题觉醒》名师大招册（2027版）视觉转写
PHYSICS,活结与死结模型,活结与死结模型,CONCEPT,PHYSICS·综合·综合·综合,定位：PHYSICS·综合·综合。活结两侧拉力相等的前提是滑轮（挂钩）光滑、不计摩擦；死结两侧拉力不等，必须分别设未知量；绳的拉力方向一定沿绳；模型判断错了会把两个拉力当成相等的，导致方程个数不足或结果错误。,《解题觉醒》名师大招册（2027版）视觉转写
PHYSICS,活杆与定杆模型,活杆与定杆模型,CONCEPT,PHYSICS·综合·综合·综合,定位：PHYSICS·综合·综合。活杆两端力沿杆的前提是杆端为光滑铰链（或光滑转轴）且杆是轻杆；定杆的力方向未知，不能假设沿杆，否则受力图错误；杆与绳不同：绳只能拉，杆既能拉也能压；判断错模型是常见的失分点。,《解题觉醒》名师大招册（2027版）视觉转写
PHYSICS,左手定则与右手定则,左手定则与右手定则,CONCEPT,PHYSICS·综合·综合·综合,定位：PHYSICS·综合·综合。两个定则不能互换，判断的因果关系不同；用左手定则判断洛伦兹力时，若粒子带负电，四指要指向其运动的反方向；右手定则只适用于导体切割磁感线产生感应电流的情形，磁通量变化类（非切割）问题要用楞次定律；磁场、电流、力三者的方向关系要画图核实，不能凭,《解题觉醒》名师大招册（2027版）视觉转写
PHYSICS,微元法,微元法,CONCEPT,PHYSICS·综合·综合·综合,定位：PHYSICS·综合·综合。微元要足够小，使该微元内的物理量可视为不变（如速度、力在该段内视为恒定）；每个微元遵循的物理规律必须相同；只分析一个微元的结论不能直接推广到全过程，必须用累加（求和、取面积）等数学方法合成；注意微元的选取要与所求量对应。,《解题觉醒》名师大招册（2027版）视觉转写
PHYSICS,二级结论法,二级结论法,CONCEPT,PHYSICS·综合·综合·综合,定位：PHYSICS·综合·综合。必须明确每个二级结论的适用条件（如只适用于匀变速直线运动、只适用于共速前等），条件不符时结论失效；解答题中要用基本规律写出关键步骤，不能只用二级结论作答；不要把二级结论当作定义或普适公式使用；记错结论比不记更危险，使用前先核对其前提。,《解题觉醒》名师大招册（2027版）视觉转写
PHYSICS,口诀法比较平抛轨迹,口诀法比较平抛轨迹,PROCEDURE,PHYSICS·综合·综合·综合,定位：PHYSICS·综合·综合。只适用于初速度水平且不计空气阻力的平抛轨迹比较；口诀只作定性判断，涉及具体数值时必须回到 $t=\sqrt{\frac{2h}{g}}$ 与 $x=v_0t$ 计算；比较高度时取的是下降的竖直高度，不是轨迹上某点到抛出点的直线距离；平移法只,《解题觉醒》名师大招册（2027版）视觉转写
PHYSICS,知二求三求解卫星运动物理量,知二求三求解卫星运动物理量,PROCEDURE,PHYSICS·综合·综合·综合,定位：PHYSICS·综合·综合。三个方程只适用于卫星（或行星）绕中心天体做匀速圆周运动的情形，椭圆轨道不能直接套用；$T$ 与 $\omega$ 只能算一个独立参量，若题目给的两个量一个是周期一个是角速度，仍然有一个量未知；该方法求出的只能是中心天体的质量 $M$；计算时,《解题觉醒》名师大招册（2027版）视觉转写
PHYSICS,公式法解天体追及相遇问题,公式法解天体追及相遇问题,PROCEDURE,PHYSICS·综合·综合·综合,定位：PHYSICS·综合·综合。两个天体必须绕同一个中心天体、沿同一方向做匀速圆周运动，方向相反时要改用角度之和等于 $2\pi$ 或 $\pi$；$T_1$、$T_2$ 必须取两个天体各自的真实周期，不能把地球自转周期与卫星周期混用；相遇指与中心天体共线，不是两星相碰；,《解题觉醒》名师大招册（2027版）视觉转写
PHYSICS,复合场中的上抛模型,复合场中的上抛模型,PROCEDURE,PHYSICS·综合·综合·综合,定位：PHYSICS·综合·综合。两个结论成立的前提是电场力沿水平方向且为恒力（匀强电场），竖直方向只受重力、水平方向只受电场力；水平方向的位移之比 $1:3$ 只适用于上升段与下落段的时间相等且水平方向初速度为零的情形；电场方向竖直时模型变为竖直方向的匀变速运动，不能用本,《解题觉醒》名师大招册（2027版）视觉转写
BIOLOGY,线粒体遗传的阈值效应,线粒体遗传的阈值效应,CONCEPT,生物学必修2·第一章第二节·遗传的基本规律,定位：生物学必修2 第一章第二节。携带致病基因与表现患病不能等同；线粒体基因一般由母亲传给子代，家系常表现为母系传递且子代患病情况有差异；阈值效应不能用孟德尔分离比直接推算。,《5·3 B版 / 分层训练 等（2027版）》视觉转写
BIOLOGY,光合产物的运输与转化,光合产物的运输与转化,CONCEPT,BIOLOGY·综合·综合·综合,定位：BIOLOGY·综合·综合。光合产物在叶绿体内以淀粉形式暂存，运出叶绿体后才在细胞质中合成蔗糖；不能认为蔗糖在叶绿体内合成。夜间没有光合作用，输出的蔗糖来自淀粉的水解，不能理解为夜间仍在进行卡尔文循环。,《5·3 B版 / 分层训练 等（2027版）》视觉转写
BIOLOGY,反推法（代入法）解选择题,反推法（代入法）解选择题,PROCEDURE,BIOLOGY·综合·综合·综合,定位：BIOLOGY·综合·综合。反推法是选择题的解题策略 不能替代正向分析 写出答案时仍要说明排除其他选项的理由。代入时必须把选项中的全部信息（位置关系与显隐性）同时用上 只代一半会得出错误结论。非选择题 填空与实验设计题 不能只给答案不写推理过程。若选项中给出的是子代比,《5·3 B版 / 分层训练 等（2027版）》视觉转写
BIOLOGY,目的基因的检测与鉴定,目的基因的检测与鉴定,PROCEDURE,生物学必修2·第一章第二节·遗传的基本规律,定位：生物学必修2 第一章第二节。分子水平检测只能回答“有没有”，不能说明表达量高低；检测转录的探针是标记的目的基因片段、材料是mRNA，检测翻译的探针是抗体、材料是蛋白质，探针与材料不能张冠李戴；PCR扩增出目的片段只能证明基因已导入或已转录，不等于性状已经表达，性状表达,《5·3 B版 / 分层训练 等（2027版）》视觉转写
BIOLOGY,启动子与终止子的辨析,启动子与终止子的辨析,REASONING,BIOLOGY·综合·综合·综合,定位：BIOLOGY·综合·综合。启动子、终止子本身不编码氨基酸，也不出现在mRNA上；凡把启动子说成“mRNA上的起始信号”、把终止密码子说成“DNA上的终止序列”均为错误；终止子使转录停止，终止密码子使翻译停止，二者不能互换。,《5·3 B版 / 分层训练 等（2027版）》视觉转写
BIOLOGY,通道蛋白与载体蛋白的辨析,通道蛋白与载体蛋白的辨析,REASONING,BIOLOGY·综合·综合·综合,定位：BIOLOGY·综合·综合。通道蛋白只能顺浓度梯度运输，凡是“通过通道蛋白逆浓度梯度运输”的说法都错；能逆浓度梯度运输的一定是载体蛋白；载体蛋白既能参与被动运输也能参与主动运输，因此“有载体蛋白”不能直接判定为主动运输。,《5·3 B版 / 分层训练 等（2027版）》视觉转写
BIOLOGY,蛋白质的磷酸化与去磷酸化,蛋白质的磷酸化与去磷酸化,CONCEPT,生物学必修1·第二章·细胞的分子组成,定位：生物学必修1 第二章。磷酸化与去磷酸化是可逆的调控过程，但由不同的酶催化（蛋白激酶与蛋白磷酸酶），不是同一个酶的逆反应；磷酸化改变的是蛋白质的空间结构和活性，不改变蛋白质的氨基酸序列；ATP在此既供能又提供磷酸基团，不能只理解为供能。,《5·3 B版 / 分层训练 等（2027版）》视觉转写
BIOLOGY,H和ATP的来源与去向,H和ATP的来源与去向,REPRESENTATION,BIOLOGY·综合·综合·综合,定位：BIOLOGY·综合·综合。无氧呼吸第二阶段既不产生ATP也不消耗ATP，[H]在第二阶段被消耗；有氧呼吸的[H]在第三阶段与O₂结合生成水，因此O₂的消耗与[H]的去向绑定，不能把[H]的去向写成“生成CO₂”。,《5·3 B版 / 分层训练 等（2027版）》视觉转写
BIOLOGY,光合作用与化能合成作用的比较,光合作用与化能合成作用的比较,CONCEPT,BIOLOGY·综合·综合·综合,定位：BIOLOGY·综合·综合。两类作用都属于自养，不能把“自养”等同于“光合作用”；化能合成作用不利用光能，其能量来自无机物氧化，因此硝化细菌是自养生物但不进行光合作用。,《5·3 B版 / 分层训练 等（2027版）》视觉转写
BIOLOGY,无丝分裂,无丝分裂,CONCEPT,生物学必修1·第六章·细胞的生命历程,定位：生物学必修1 第六章。无丝分裂没有纺锤丝和染色体的变化，但仍有DNA的复制；蛙的红细胞进行无丝分裂，哺乳动物成熟的红细胞则不分裂，两者不能混淆；无丝分裂只是真核细胞增殖方式之一，不能认为它比有丝分裂更普遍。,《5·3 B版 / 分层训练 等（2027版）》视觉转写
BIOLOGY,连锁与互换,连锁与互换,REPRESENTATION,BIOLOGY·综合·综合·综合,定位：BIOLOGY·综合·综合。完全连锁时测交后代只有2种表型且比例为1∶1，若出现4种表型说明发生了互换（或基因独立遗传），需结合比例分辨；亲本型配子比例总是大于重组型配子（42%>8%），重组型配子是互换的结果；某一生殖细胞中发生互换的细胞比例不等于重组型配子的比例（,《5·3 B版 / 分层训练 等（2027版）》视觉转写
BIOLOGY,人类基因组测序,人类基因组测序,CONCEPT,生物学必修2·第一章第二节·遗传的基本规律,定位：生物学必修2 第一章第二节。人类基因组测序是24条（22+X+Y），而一个染色体组只含23条（22+X或22+Y），两者不能混淆；对某一具体生物（如水稻、果蝇）测序时，若为XY型则仍按“常染色体数目+2”计算；测序测的是碱基（基因）序列，不是染色体数目本身。,《5·3 B版 / 分层训练 等（2027版）》视觉转写
CHEMISTRY,能源类型的划分,能源类型的划分,CONCEPT,CHEMISTRY·综合·综合·综合,定位：CHEMISTRY·综合·综合。天然气虽然是化石能源，但属于清洁能源；判断一次能源看是否直接从自然界取得，判断可再生能源看能否在短期内得到补充，两者不能混为一谈。,《5·3 B版 / 分层训练 等（2027版）》视觉转写
CHEMISTRY,化学与环境问题,化学与环境问题,CONCEPT,CHEMISTRY·综合·综合·综合,定位：CHEMISTRY·综合·综合。酸雨的 pH 小于 5.6，正常雨水因溶有 CO2 呈弱酸性但不属于酸雨；光化学烟雾是二次污染，其污染物不是直接排放的原始物质。,《5·3 B版 / 分层训练 等（2027版）》视觉转写
CHEMISTRY,化学与材料的分类,化学与材料的分类,CONCEPT,CHEMISTRY·综合·综合·综合,定位：CHEMISTRY·综合·综合。合金属于金属材料，不是复合材料；碳纳米材料归入新型无机非金属材料，不要因为含“碳”就误判为有机高分子材料。,《5·3 B版 / 分层训练 等（2027版）》视觉转写
CHEMISTRY,常见食品添加剂及其功能,常见食品添加剂及其功能,CONCEPT,CHEMISTRY·综合·综合·综合,定位：CHEMISTRY·综合·综合。亚硝酸钠既是防腐剂又是有毒物质，必须严格控制用量；食品添加剂的作用是改善食品品质或防止变质，不能与营养强化剂的作用混为一谈。,《5·3 B版 / 分层训练 等（2027版）》视觉转写
CHEMISTRY,生活中的化学常识与常见药物,生活中的化学常识与常见药物,CONCEPT,CHEMISTRY·综合·综合·综合,定位：CHEMISTRY·综合·综合。过氧碳酸钠的漂白性来自其强氧化性，不是吸附性；聚氯乙烯薄膜不能用于食品包装；NaHCO3 与胃酸反应产生 CO2，胃溃疡患者不宜使用。,《5·3 B版 / 分层训练 等（2027版）》视觉转写
CHEMISTRY,化学与技术中的重要应用,化学与技术中的重要应用,CONCEPT,CHEMISTRY·综合·综合·综合,定位：CHEMISTRY·综合·综合。分析用途必须落到具体性质上（还原性、吸附性、密度、耐高温等）；二氧化硫作食品添加剂利用的是抗氧化性和杀菌能力，但过量使用会危害人体。,《5·3 B版 / 分层训练 等（2027版）》视觉转写
CHEMISTRY,溶液中离子反应与平衡图像题解题策略,溶液中离子反应与平衡图像题解题策略,PROCEDURE,化学选择性必修1·第三章·水溶液中的离子平衡,定位：化学选择性必修1 第三章。读图前必须先看清坐标轴含义，忽略量纲与对数变换是最常见的失分点。特殊点的判断要与反应的化学计量关系对应，不能只看曲线形状。同一坐标系出现两条以上曲线时，先判定每条曲线代表哪种微粒，否则后续所有结论都会错。,《5·3 B版 / 分层训练 等（2027版）》视觉转写
CHEMISTRY,官能团的保护,官能团的保护,PROCEDURE,化学选择性必修3·有机化学基础·有机合成,定位：化学选择性必修3 有机化学基础。判断“是否发生保护”要看同一官能团是否“变了又变回来”（A→B→A 的两步），只有这种“一去一回”才是保护与脱保护；酚羟基的保护用甲基化、脱保护用 HI，不能用 NaOH（NaOH 不能脱甲基）；碳碳双键的保护是“加成再消去”，注意加成与消,《5·3 B版 / 分层训练 等（2027版）》视觉转写
CHEMISTRY,有机合成中碱性试剂的作用与选择,有机合成中碱性试剂的作用与选择,CONCEPT,化学选择性必修3·有机化学基础·有机合成,定位：化学选择性必修3 有机化学基础。缚酸剂不参与产物构成，命名时不要把它写成反应物；回答时必须写出“消耗生成的酸”这一步因果，只写“作催化剂”或“作碱”都不准确。,《5·3 B版 / 分层训练 等（2027版）》视觉转写
CHEMISTRY,有机合成中官能团的保护,有机合成中官能团的保护,CONCEPT,化学选择性必修3·有机化学基础·有机合成,定位：化学选择性必修3 有机化学基础。保护基只是“暂时改变官能团”，最终产物的结构必须与保护前的基团一致；答题要同时写出“保护”与“脱保护”两个动作，只写“保护氨基”而未说明后一步如何复原会被扣分。,《5·3 B版 / 分层训练 等（2027版）》视觉转写
CHEMISTRY,苯环上取代基的定位规律,苯环上取代基的定位规律,CONCEPT,化学选择性必修3·有机化学基础·有机合成,定位：化学选择性必修3 有机化学基础。定位规律给出的是“主要产物”，实际反应仍会有少量其他位置异构体；—Cl、—Br 有弱致钝作用但仍属邻对位定位基，不要误判为间位定位基。,《5·3 B版 / 分层训练 等（2027版）》视觉转写
CHEMISTRY,热重法测定物质组成,热重法测定物质组成,PROCEDURE,CHEMISTRY·综合·综合·综合,定位：CHEMISTRY·综合·综合。必须先把固体残留率换算成绝对质量（失=m_起始\times$ 残留率），只拿比值算容易算错；判断“失去的是水还是 $\mathrm{CO_2}$”时要同时核对碳元素是否还在固体中（如题中“已不含碳元素”是关键条件）。,《5·3 B版 / 分层训练 等（2027版）》视觉转写
BIOLOGY,四大类生物学物质辨析,四大类生物学物质辨析,PROCEDURE,生物学必修1·第二章·细胞的分子组成,定位：生物学必修1 第二章。这是功能分类而非化学分类，同一物质可跨类（如蛋白质既可是结构物质又可是酶或抗体）；RNA 病毒的遗传物质是 RNA 而非 DNA，注意前提条件。,《5·3 B版 / 分层训练 等（2027版）》视觉转写
BIOLOGY,连锁互换问题的配子分析,连锁互换问题的配子分析,PROCEDURE,生物学必修2·第一章第二节·遗传的基本规律,定位：生物学必修2 第一章第二节。完全连锁时两对基因的遗传不遵循自由组合定律（但每一对基因仍遵循分离定律）；互换产生的重组型配子比例较小，与两基因在染色体上的距离有关，重组型配子比例不会超过 50%。,《5·3 B版 / 分层训练 等（2027版）》视觉转写
MATH,分式不等式的解法,分式不等式的解法,PROCEDURE,数学必修第一册·第二章·不等式,定位：数学必修第一册 第二章。带等号时必须剔除使分母为零的根；不能直接交叉相乘去分母，除非能确定分母恒正或恒负；分子分母最高次项系数要先化为正，否则不等号方向会出错。,《5·3 B版 / 分层训练 等（2027版）》视觉转写
MATH,n元均值不等式,n元均值不等式,CONCEPT,数学必修第一册·第二章·不等式,定位：数学必修第一册 第二章。只适用于正数；拆项后各项的取等条件必须能同时满足，若互相矛盾则只能得到下界而不是最小值；忘记写取等条件会丢掉“最值可取”这最后一步。,《5·3 B版 / 分层训练 等（2027版）》视觉转写
MATH,祖暅原理,祖暅原理,CONCEPT,数学必修第二册·第八章（空间向量见选择性必修第一册）·立体几何,定位：数学必修第二册 第八章（空间向量见选择性必修第一册）。使用前必须验证“等高截面面积处处相等”，不能只看高相等；截面要平行于底面；由祖暅原理得到的是体积相等，与表面积无关。,《5·3 B版 / 分层训练 等（2027版）》视觉转写
MATH,球面三角形与曲面三棱锥,球面三角形与曲面三棱锥,CONCEPT,数学必修第二册·第八章（空间向量见选择性必修第一册）·立体几何,定位：数学必修第二册 第八章（空间向量见选择性必修第一册）。弧长与圆心角的关系中角必须用弧度；球面三角形的“边”是弧长而不是弦长；判断体积大小要先算出底面外接圆半径与高。,《5·3 B版 / 分层训练 等（2027版）》视觉转写
MATH,棱切球（与各棱相切的球）,棱切球（与各棱相切的球）,CONCEPT,数学必修第二册·第八章（空间向量见选择性必修第一册）·立体几何,定位：数学必修第二册 第八章（空间向量见选择性必修第一册）。“棱切球”与“内切球”“外接球”三者半径不同，不要把条件用错；球心到棱的距离等于半径（不是到面的距离）；正棱锥的球心在轴线上这一结论要先说明。,《5·3 B版 / 分层训练 等（2027版）》视觉转写
MATH,三次函数的图象与性质,三次函数的图象与性质,CONCEPT,数学选择性必修第二册·第五章·函数与导数,定位：数学选择性必修第二册 第五章。仅适用于三次函数（$a\neq 0$）；$a=0$ 时退化为二次函数，本表不适用。极值点个数只能是 0 个或 2 个，不可能为 1 个。对称中心公式只对三次函数成立。,《5·3 B版 / 分层训练 等（2027版）》视觉转写
MATH,一元三次方程根的个数判断,一元三次方程根的个数判断,PROCEDURE,数学必修第一册·第三章·函数的概念与性质,定位：数学必修第一册 第三章。结论以 $a>0$ 为前提；$a<0$ 时极大值与极小值互换，判据应改为直接比较两个极值与 0 的大小。必须先保证 $\Delta>0$ 才可能出现 3 个根，$\Delta\le 0$ 时不可能有 3 个根。,《5·3 B版 / 分层训练 等（2027版）》视觉转写
MATH,三次函数图象的分析策略,三次函数图象的分析策略,PROCEDURE,数学选择性必修第二册·第五章·函数与导数,定位：数学选择性必修第二册 第五章。只适用于三次函数图象辨析；若 $a=0$ 则退化为二次函数。用韦达定理的前提是 $f'(x)=0$ 有两个实根（$\Delta>0$），无极值点时该步骤无效。,《5·3 B版 / 分层训练 等（2027版）》视觉转写
MATH,三次函数图象的数轴标根作法,三次函数图象的数轴标根作法,PROCEDURE,数学选择性必修第二册·第五章·函数与导数,定位：数学选择性必修第二册 第五章。只适用于已能分解出全部实根的三次函数；若有虚根或不能分解，需改用求导法确定单调性。“奇穿偶不穿”只解决符号分布，极值点的精确位置仍需由 $f'(x)=0$ 求出。,《5·3 B版 / 分层训练 等（2027版）》视觉转写
MATH,导数中的双变量问题,导数中的双变量问题,PROCEDURE,数学选择性必修第二册·第五章·函数与导数,定位：数学选择性必修第二册 第五章。换元后必须明确定出新元的取值范围（如由 $x_2-x_1\ge 1$ 得 $t\ge 1$），否则会把新元当成全体实数而算错最值。变形必须保持等价，两式相减、相除时要注意分母不为 0。,《5·3 B版 / 分层训练 等（2027版）》视觉转写
MATH,概率与函数综合,概率与函数综合,PROCEDURE,数学必修第二册·第九十章（条件概率与正态分布见选择性必修第三册）·概率统计,定位：数学必修第二册 第九十章（条件概率与正态分布见选择性必修第三册）。翻译函数条件时不能漏掉前提：偶函数要求定义域关于原点对称（本题 $x\neq 0$）；$f'(x)$ 在 $x=1$ 处取最值要求二次项系数不为 0。抛掷两枚骰子的样本空间有 36 个等可能样本点，不能按“不重复的组合”去数。,《5·3 B版 / 分层训练 等（2027版）》视觉转写
MATH,函数图象的识别,函数图象的识别,PROCEDURE,数学必修第一册·第三章·函数的概念与性质,定位：数学必修第一册 第三章。判断奇偶性前必须先看定义域是否关于原点对称；用特殊值排除时该点必须在定义域内且函数值符号能被唯一确定；注意 $\sin 3$、$\cos 3$ 等角的三角函数值符号（3 弧度在第二象限）；变化趋势要看 $x\to+\infty$ 与 $x\,《5·3 B版 / 分层训练 等（2027版）》视觉转写
MATH,函数图象的平移与伸缩变换,函数图象的平移与伸缩变换,CONCEPT,数学必修第一册·第三章·函数的概念与性质,定位：数学必修第一册 第三章。平移方向只与 $x$ 的加减有关，且加减必须作用在 $x$ 上：$y=f(2x+1)$ 向右平移要写成 $y=f(2(x-1)+1)$ 而不是 $f(2x-1)$；横坐标伸缩与解析式中的系数是倒数关系（缩为一半对应 $x$ 换成 $2x$）,《5·3 B版 / 分层训练 等（2027版）》视觉转写
MATH,互为反函数的图象对称性,互为反函数的图象对称性,PROCEDURE,数学必修第一册·第三章·函数的概念与性质,定位：数学必修第一册 第三章。必须保证两条曲线与同一条直线各自只有一个交点才能用对称结论，交点多于一个时要指明取哪一个；两函数互为反函数要求它们在对应区间上单调；直线斜率不为 $-1$ 时两个交点不关于 $y=x$ 对称，不能套用横坐标之和为常数。,《5·3 B版 / 分层训练 等（2027版）》视觉转写
MATH,函数模型（指数、对数型）的应用,函数模型（指数、对数型）的应用,PROCEDURE,数学必修第一册·第三章·函数的概念与性质,定位：数学必修第一册 第三章。建模前先确认量与量的对应关系以及单位；反求真数时要说明所用函数的单调性；指数衰减模型中底数应在 0 与 1 之间，且时间起点要与已知数据一致；比较对数大小要求底数相同，底数不同时先换底；近似值尽量放在最后一步使用，中途取近似会放大误差。,《5·3 B版 / 分层训练 等（2027版）》视觉转写
MATH,新定义函数题的解题思路,新定义函数题的解题思路,PROCEDURE,数学必修第一册·第三章·函数的概念与性质,定位：数学必修第一册 第三章。必须看清定义中的量词是对任意还是存在，这决定转化后是恒成立问题还是方程有解问题；转化得到的方程有两个不等实根时，除了判别式还要检查根是否落在题目限定的区间内；由对称性设点时要用题目给的对称关系（如关于原点对称），不能凭感觉设。,《5·3 B版 / 分层训练 等（2027版）》视觉转写
MATH,斜坐标系中的向量运算,斜坐标系中的向量运算,REPRESENTATION,数学必修第二册·第六章·平面向量,定位：数学必修第二册 第六章。不能把斜坐标当直角坐标用：模与数量积公式中都含 $\cos\theta$ 项，漏掉交叉项是本类题最主要的错误；只有 $\theta=90^\circ$ 时公式才退化为直角坐标系的形式；判断结论真假时每一项都要回到基底计算，不能凭直觉；$x^,《5·3 B版 / 分层训练 等（2027版）》视觉转写
MATH,圆锥曲线的通径,圆锥曲线的通径,CONCEPT,数学选择性必修第一册·第二三章·解析几何,定位：数学选择性必修第一册 第二三章。通径是特殊的焦点弦（垂直于对称轴），不能与一般的焦点弦混淆；通径长为 $\frac{2b^2}{a}$ 而不是 $\frac{b^2}{a}$，别把一半当成整条；应用端点坐标时注意焦点在 $x$ 轴还是 $y$ 轴，坐标形式要相应交换；用中,《5·3 B版 / 分层训练 等（2027版）》视觉转写
MATH,共焦点的椭圆与双曲线,共焦点的椭圆与双曲线,PROCEDURE,数学选择性必修第一册·第二三章·解析几何,定位：数学选择性必修第一册 第二三章。公式中的 $\theta$ 是公共点对两个焦点的张角，顶点必须取在公共点 $P$ 上；椭圆与双曲线的离心率要对应准确（$e_1$ 配 $1-\cos\theta$、$e_2$ 配 $1+\cos\theta$）；由 $e_2$ 求渐近线斜率,《5·3 B版 / 分层训练 等（2027版）》视觉转写
MATH,欧拉线,欧拉线,CONCEPT,数学必修第一册·第三章·函数的概念与性质,定位：数学必修第一册 第三章。等边三角形中三心重合，欧拉线退化为一个点，此时关于欧拉线的说法不再适用；等腰三角形的“三线合一”只对底边成立，对称轴方向判断错会把中垂线写错。用距离公式时直线必须化成一般式，分子的绝对值不能丢。,《5·3 B版 / 分层训练 等（2027版）》视觉转写
MATH,圆锥曲线中的最值或范围问题,圆锥曲线中的最值或范围问题,PROCEDURE,数学选择性必修第一册·第二三章·解析几何,定位：数学选择性必修第一册 第二三章。“几何法”的等号条件要写清（$A$、$F$、$H$ 共线）并检验该位置是否在曲线允许的范围内；代数法要注意参数范围由判别式和曲线自身的范围共同决定，用基本不等式时需验证等号能否取到。两种方法都要讨论斜率不存在的特殊情形，避免遗漏。,《5·3 B版 / 分层训练 等（2027版）》视觉转写
MATH,圆幂与根轴,圆幂与根轴,CONCEPT,数学选择性必修第一册·第二三章·解析几何,定位：数学选择性必修第一册 第二三章。根轴要求两圆不同心（同心时幂相等的点集为空集）；注意幂是距离的平方差而不是距离之差，写等式时不要漏平方。两圆方程相减时只有一次项与常数项参与运算，圆心或半径写错会使整条根轴出错。,《5·3 B版 / 分层训练 等（2027版）》视觉转写
MATH,圆锥曲线中的定点定值问题,圆锥曲线中的定点定值问题,PROCEDURE,数学选择性必修第一册·第二三章·解析几何,定位：数学选择性必修第一册 第二三章。设线时要讨论斜率不存在的情形（或说明题意已保证斜率存在且不为零）；换元后必须保留换回关系 $t-2k=3$，否则化简时会把 $k$、$t$ 当成独立参数而算不出定值。用韦达定理前要确认 $\Delta>0$ 且二次项系数不为零。,《5·3 B版 / 分层训练 等（2027版）》视觉转写
MATH,圆锥曲线中的定线问题,圆锥曲线中的定线问题,PROCEDURE,数学选择性必修第一册·第二三章·解析几何,定位：数学选择性必修第一册 第二三章。用两个特殊位置试探出定直线后，必须再用一般情形证明；把三点共线转化为直径问题时，要保证 $O$ 是圆心且 $P$、$Q$ 都在圆上。用斜率表示时要单独讨论斜率不存在（点落在顶点处）的情形；代入韦达定理前要写清参数的取值范围。,《5·3 B版 / 分层训练 等（2027版）》视觉转写
MATH,圆锥曲线中的角度问题,圆锥曲线中的角度问题,PROCEDURE,数学选择性必修第一册·第二三章·解析几何,定位：数学选择性必修第一册 第二三章。“钝角写成数量积 $<0$ 时必须排除两向量方向相反（夹角为 $180^\circ$）的退化情形；锐角写成 $>0$ 时要排除夹角为 $0^\circ$ 的情形，通常用”A、B、F₁ 不共线“一句交代。用斜率乘积为 $-1$ 判定垂直前要确,《5·3 B版 / 分层训练 等（2027版）》视觉转写
MATH,数列的新定义问题,数列的新定义问题,PROCEDURE,数学选择性必修第二册·第四章·数列,定位：数学选择性必修第二册 第四章。二进制展开中各位只能是 0 或 1，写展开式时不要漏掉乘积项；判断 $\omega(2n+3)$ 时要注意进位（$2^1$ 位上的 1 加上 3 中 $2^1$ 位的 1 会进位），不能简单地认为个数加 1。新定义题必须先按定义算几个小值验,《5·3 B版 / 分层训练 等（2027版）》视觉转写
MATH,数列的插项与去项问题,数列的插项与去项问题,PROCEDURE,数学选择性必修第二册·第四章·数列,定位：数学选择性必修第二册 第四章。“数项数是这类题的关键：插入 $n$ 项后原数列的相邻两项之间有 $n+1$ 个间隔，块长是 $n+1$ 而不是 $n$；确定临界位置时用”累计插入数 < N“的不等式估计，并回代检验边界那一项属于哪一块。”,《5·3 B版 / 分层训练 等（2027版）》视觉转写
MATH,数列的公共项问题,数列的公共项问题,PROCEDURE,数学选择性必修第二册·第四章·数列,定位：数学选择性必修第二册 第四章。验证公共项时要把两个数列的前若干项都写出来（等差与等比增长速度不同，指数项很快超过等差项）；同一项只能算一次（剔除而不是相加）。临界位置的比较要比较相邻的几项才能确定顺序。,《5·3 B版 / 分层训练 等（2027版）》视觉转写
MATH,三角形的射影定理,三角形的射影定理,PROCEDURE,数学必修第一册·第五章·三角函数,定位：数学必修第一册 第五章。三式必须边配它的两个邻角的余弦，$a$ 对应 $b\cos C+c\cos B$，角选错整式就不成立；射影定理是余弦定理的推论，题目通常不点明，看到 $a\cos B+b\cos A$ 结构应主动想到它；代换后要检查式子是否齐次，不要把边与,《5·3 B版 / 分层训练 等（2027版）》视觉转写
MATH,解三角形中的最值与范围问题,解三角形中的最值与范围问题,PROCEDURE,数学必修第一册·第五章·三角函数,定位：数学必修第一册 第五章。三类方法的选用要由条件的形态决定：条件里只有“和与积”关系时用基本不等式（须验证取等条件可实现）；化为角的函数后若出现 $\sin\theta$ 与 $\frac{1}{\sin\theta}$ 同现，用对勾函数单调性；若化为 $A\sin,《5·3 B版 / 分层训练 等（2027版）》视觉转写
MATH,三垂线定理及其逆定理,三垂线定理及其逆定理,CONCEPT,数学必修第一册·第三章·函数的概念与性质,定位：数学必修第一册 第三章。使用前必须有“线面垂直”（这样才能确定射影）；射影必须画准（斜足与垂足的连线）；定理只用于判断线线垂直，不能用来求角；在解答题中直接引用时建议写清“由三垂线定理（或线面垂直的性质）”。；建议父级：立体几何,《5·3 B版 / 分层训练 等（2027版）》视觉转写
MATH,概率与数列综合,概率与数列综合,PROCEDURE,数学选择性必修第二册·第四章·数列,定位：数学选择性必修第二册 第四章。用差分构造时要注意下标的取值范围；累加后必须用端点条件（如 $p_{0}=0$、$p_{8}=1$）反解首项；最后要把算得的概率用实际意义解释，不能只留一个数。,《5·3 B版 / 分层训练 等（2027版）》视觉转写
MATH,二项式系数的性质,二项式系数的性质,REASONING,数学必修第一册·第三章·函数的概念与性质,定位：数学必修第一册 第三章。求“系数最大项”时要区分二项式系数最大与项的系数最大（后者要带上符号与数字因数）；系数和用赋值法，求 $|a_{0}|+|a_{1}|+\cdots$ 一类绝对值之和要另作构造。,《5·3 B版 / 分层训练 等（2027版）》视觉转写
MATH,分组分配问题,分组分配问题,PROCEDURE,数学必修第一册·第三章·函数的概念与性质,定位：数学必修第一册 第三章。均匀分组若不除以相同组数的全排列会重复计数（如 1、2、2 型必须除以 $A_{2}^{2}$）；分配问题与分组问题要分清，分完组还要再排；挡板法只适用于相同元素且每组非空的情形。,《5·3 B版 / 分层训练 等（2027版）》视觉转写
MATH,二项展开式系数最大项,二项展开式系数最大项,PROCEDURE,数学必修第一册·第三章·函数的概念与性质,定位：数学必修第一册 第三章。不等式组中比较的是“项的系数”而非二项式系数，符号与数字因数都要带上；解出的 $k$ 必须取整数并检验在 $1\le k\le n$ 内；二项式系数最大与项的系数最大未必是同一项。,《5·3 B版 / 分层训练 等（2027版）》视觉转写
MATH,全期望公式,全期望公式,REASONING,数学必修第一册·第三章·函数的概念与性质,定位：数学必修第一册 第三章。条件数学期望要在给定的条件下重新划分样本空间；用 $E(aX+b)=aE(X)+b$ 时系数要对应准确；递推结论必须写出推导过程，不能只凭直觉断言；分裂、死亡等生理反应的概率要按题意取准。,《5·3 B版 / 分层训练 等（2027版）》视觉转写
MATH,根据零点个数求参数的方法,根据零点个数求参数的方法,PROCEDURE,数学必修第一册·第三章·函数的概念与性质,定位：数学必修第一册 第三章。分离参数时要注意自变量的取值范围（如 $x\ne 0$）；数形结合要抓住动直线（动曲线）恒过的定点；分类讨论要覆盖参数的全部情形并检验相切这一临界位置。,《5·3 B版 / 分层训练 等（2027版）》视觉转写
MATH,三角形四心的向量表示,三角形四心的向量表示,CONCEPT,数学必修第二册·第六章·平面向量,定位：数学必修第二册 第六章。四心的向量等式要连同等式中的系数含义一起记（内心式的系数是边长）；轨迹题要先把方向向量的几何意义弄清（是中线的方向还是高的方向）；各心的等式形式相似，容易张冠李戴。,《5·3 B版 / 分层训练 等（2027版）》视觉转写
MATH,圆锥曲线中最值或范围问题的几何法,圆锥曲线中最值或范围问题的几何法,PROCEDURE,数学选择性必修第一册·第二三章·解析几何,定位：数学选择性必修第一册 第二三章。几何法的前提是能找到明确的定点、定直线或定圆（焦点、准线、圆心）。当题设条件与结论没有明显几何特征时，应改用代数法建立函数求最值。取到最值时对应的位置（如三点共线）必须交代清楚，否则最值不可信。赋值为 $t$ 的参数要注意其本身范围。,《5·3 B版 / 分层训练 等（2027版）》视觉转写
MATH,圆锥曲线中最值或范围问题的代数法,圆锥曲线中最值或范围问题的代数法,PROCEDURE,数学选择性必修第一册·第二三章·解析几何,定位：数学选择性必修第一册 第二三章。换元后必须写出新元的取值范围再求值域。使用导数求最值时需先说明单调性。斜率不存在（竖直线）与斜率为零的情形要单独讨论，避免漏解。参数的范围必须由判别式与图形位置共同确定，只靠判别式会漏掉交点所在支的限制。,《5·3 B版 / 分层训练 等（2027版）》视觉转写
MATH,圆锥曲线中的定点问题,圆锥曲线中的定点问题,PROCEDURE,数学选择性必修第一册·第二三章·解析几何,定位：数学选择性必修第一册 第二三章。设直线方程前必须先判断斜率是否存在、是否为零，斜率不存在的情形要单独讨论。换元后一定要把参数消干净，否则不能说明过定点。构造齐次式时二次曲线与直线方程的次数要匹配，必须整体用 $(x-x_0)$ 与 $(y-y_0)$ 表示。最后务必回代验,《5·3 B版 / 分层训练 等（2027版）》视觉转写
MATH,圆锥曲线中的定值问题,圆锥曲线中的定值问题,PROCEDURE,数学选择性必修第一册·第二三章·解析几何,定位：数学选择性必修第一册 第二三章。转化前提是 $AD\perp MN$ 这类垂直关系成立，且能确定动直线过哪个定点。若题中不存在垂直关系，不能直接用此转化。证明时需分斜率存在与不存在两种情形讨论，并在答案中交代定点 $Q$ 的坐标与定值的大小。,《5·3 B版 / 分层训练 等（2027版）》视觉转写
MATH,圆锥曲线的离心率问题,圆锥曲线的离心率问题,PROCEDURE,数学选择性必修第一册·第二三章·解析几何,定位：数学选择性必修第一册 第二三章。求出范围后必须结合圆锥曲线自身的离心率范围（双曲线 $e>1$、椭圆 $0<e<1$）取交集。把焦半径归类到同一三角形时要确定点在哪一支（双曲线左支还是右支）。用两边之和大于第三边时注意三点共线的退化情形不能取等号。,《5·3 B版 / 分层训练 等（2027版）》视觉转写
MATH,圆锥曲线焦点三角形的常用结论,圆锥曲线焦点三角形的常用结论,CONCEPT,数学选择性必修第一册·第二三章·解析几何,定位：数学选择性必修第一册 第二三章。公式要求 $P$ 与 $F_1$、$F_2$ 确实构成三角形（$P$ 不在长轴或实轴端点上，$\theta\in(0，\pi)$）。双曲线中 $P$ 只在某一支上，$\alpha$ 与 $\beta$ 的对应关系随位置变化，得到的比值要取绝,《5·3 B版 / 分层训练 等（2027版）》视觉转写
MATH,圆锥曲线焦点弦三角形的常用结论,圆锥曲线焦点弦三角形的常用结论,CONCEPT,数学选择性必修第一册·第二三章·解析几何,定位：数学选择性必修第一册 第二三章。弦长公式与倾斜角绑定，$\alpha=\frac\pi2$ 时转为通径长 $\frac{2b^2}{a}$。双曲线的弦长公式分母可能为零或取负，需讨论弦与哪一支相交（两支都交时与只交一支时情形不同）。周长公式要求 $A$、$B$ 在曲线上且,《5·3 B版 / 分层训练 等（2027版）》视觉转写
MATH,圆锥曲线创新题,圆锥曲线创新题,CONCEPT,数学选择性必修第一册·第二三章·解析几何,定位：数学选择性必修第一册 第二三章。新定义题必须先把定义逐字读清并翻译成方程或不等式条件，不能凭已有印象套用熟悉结论。跨学科情境题要把实际背景中的关键量对应为坐标或长度，注意隐含的几何约束与范围限制。优先几何分析不等于可以放弃代数运算，最后仍需把几何结论落到方程上求解。,《5·3 B版 / 分层训练 等（2027版）》视觉转写
MATH,数列中的去项与插项问题,数列中的去项与插项问题,PROCEDURE,数学选择性必修第二册·第四章·数列,定位：数学选择性必修第二册 第四章。插项的项数要按段累计计算，不能用段数直接代替总项数。估计出临界位置后必须回到附近逐项验证。分段求和时要核对每段的首项、末项与公差。去项问题中被去掉的项本身的性质（如奇偶、大小）也要分析。,《5·3 B版 / 分层训练 等（2027版）》视觉转写
MATH,半角公式与万能公式,半角公式与万能公式,CONCEPT,数学必修第一册·第三章·函数的概念与性质,定位：数学必修第一册 第三章。半角公式开方前必须由 $\frac{\alpha}{2}$ 所在象限定符号，这是最常见的错点；$\tan\frac{\alpha}{2}=\frac{\sin\alpha}{1+\cos\alpha}$ 要求 $\cos\alpha\neq,《5·3 B版 / 分层训练 等（2027版）》视觉转写
MATH,积化和差与和差化积公式,积化和差与和差化积公式,CONCEPT,数学必修第一册·第三章·函数的概念与性质,定位：数学必修第一册 第三章。和差化积的最后一个公式（$\cos\theta-\cos\varphi$）前面有负号，最容易记错；四个积化和差公式的系数都是 $\frac12$，只有 $\sin\alpha\sin\beta$ 那个带负号；使用时角度要统一（先化成同名同角,《5·3 B版 / 分层训练 等（2027版）》视觉转写
MATH,三角形解的个数的讨论,三角形解的个数的讨论,PROCEDURE,数学必修第一册·第五章·三角函数,定位：数学必修第一册 第五章。该判定只适用于“已知两边及其中一边的对角”这一类型；若用正弦定理解出 $\sin B$，则由 $0<B<\pi$ 一般可得两解（$B$ 与 $\pi-B$），必须结合 $A+B<\pi$ 与三角形内角和逐一检验取舍；已知两角与一边、或已知两,《5·3 B版 / 分层训练 等（2027版）》视觉转写
PHYSICS,碰撞恢复系数,碰撞恢复系数,CONCEPT,PHYSICS·综合·综合·综合,定位：PHYSICS·综合·综合。恢复系数只描述碰撞的弹性恢复程度，不能用来判断动量是否守恒；任何碰撞动量都守恒。计算时必须先规定正方向并把速度带符号代入，否则分子分母的符号会颠倒。,《5·3 B版 / 分层训练 等（2027版）》视觉转写
PHYSICS,四星模型,四星模型,PROCEDURE,PHYSICS·综合·综合·综合,定位：PHYSICS·综合·综合。只有各星质量与位置具有对称性时圆心才在几何中心；若圆心处存在未知天体，系统周期会改变（测得的周期 $kT$ 与理论值 $T$ 不同），不能直接套用无中心天体时的结论。,《5·3 B版 / 分层训练 等（2027版）》视觉转写
PHYSICS,双星与多星问题的分析关键,双星与多星问题的分析关键,PROCEDURE,PHYSICS·综合·综合·综合,定位：PHYSICS·综合·综合。多星模型成立的前提是忽略系统外其他星体的引力作用；轨道半径不能直接用星间距离替代；质量不同的星轨道半径不同，不能按等质量对称处理。,《5·3 B版 / 分层训练 等（2027版）》视觉转写
PHYSICS,碰撞与轨道变化综合问题的分析流程,碰撞与轨道变化综合问题的分析流程,PROCEDURE,PHYSICS·综合·综合·综合,定位：PHYSICS·综合·综合。碰撞后才能用动量守恒，碰撞前的追及必须满足后方速度大于前方速度；开普勒第三定律只在绕同一中心天体时 $k$ 相同，比较周期时要用半长轴（圆轨道时等于半径）；机械能守恒式中的距离是到中心天体的距离，不是天体自身的半径。,《5·3 B版 / 分层训练 等（2027版）》视觉转写
PHYSICS,辅助角公式求物理极值,辅助角公式求物理极值,PROCEDURE,PHYSICS·综合·综合·综合,定位：PHYSICS·综合·综合。辅助角公式中的 $\alpha$ 由 $\tan\alpha=\frac{b}{a}$ 确定，须与 $a$、$b$ 的符号对应；取最大值时 $\theta+\alpha=90^\circ$，要检验该角度是否在题目允许的范围内（如倾角能否取到,《5·3 B版 / 分层训练 等（2027版）》视觉转写
PHYSICS,轻绳、轻弹簧与轻质弹性绳的对比,轻绳、轻弹簧与轻质弹性绳的对比,CONCEPT,PHYSICS·综合·综合·综合,定位：PHYSICS·综合·综合。轻绳形变极小可忽略，因此弹力可以突变；轻弹簧与轻质弹性绳的形变不能瞬间改变，分析瞬时加速度时必须保留其弹力；轻绳不存储弹性势能，而弹簧与弹性绳的弹力做功对应弹性势能的变化 $W=-ΔE_p$；轻质弹性绳不可压缩，只能提供拉力，不能提供支持力,《5·3 B版 / 分层训练 等（2027版）》视觉转写
PHYSICS,单方向的简谐运动,单方向的简谐运动,PROCEDURE,PHYSICS·综合·综合·综合,定位：PHYSICS·综合·综合。只有摩擦力大小恒定、运动方向明确的两段中，合外力才与位移成线性关系，才能分段当作简谐运动；若摩擦力足以使物体在某处停下（速度减为零后不再反向），则不会出现第二段简谐运动，必须先判断能否反向；摩擦生热要用路程而不是位移计算。,《5·3 B版 / 分层训练 等（2027版）》视觉转写
PHYSICS,用单摆测量重力加速度,用单摆测量重力加速度,PROCEDURE,PHYSICS·综合·综合·综合,定位：PHYSICS·综合·综合。单摆只在摆角很小（一般小于 $5°$）时才是简谐运动，摆角过大周期公式不成立；摆长必须用球心到悬点的距离，漏加球半径会系统性偏小；数据处理时不要忽略小球半径与摆线长度的区别，也不要忽略多次测量取平均的必要性。,《5·3 B版 / 分层训练 等（2027版）》视觉转写
PHYSICS,电动机牵引情境的功率与能量关系,电动机牵引情境的功率与能量关系,PROCEDURE,PHYSICS·综合·综合·综合,定位：PHYSICS·综合·综合。只有不计电动机的机械摩擦损耗时，输入功率才等于绳上拉力做功的功率；有相对滑动时摩擦生热必须用相对位移计算；物体速度方向与绳的拉力方向不共线时，不能用 $P=Fv$ 直接求拉力的功率。,《5·3 B版 / 分层训练 等（2027版）》视觉转写
PHYSICS,求解变力做功的常用方法,求解变力做功的常用方法,PROCEDURE,PHYSICS·综合·综合·综合,定位：PHYSICS·综合·综合。平均值法只适用于力随位移均匀变化（线性）的情形，非线性变力不能用平均力求功；图像法要求图线与横轴围成的面积可求；微元法要求每小段内力的变化可忽略；用这些方法求出功后，都应当用动能定理或功能关系检验结果是否合理。,《5·3 B版 / 分层训练 等（2027版）》视觉转写
PHYSICS,含弹簧变力做功问题的解题思路,含弹簧变力做功问题的解题思路,PROCEDURE,PHYSICS·综合·综合·综合,定位：PHYSICS·综合·综合。\n\n平均力法只适用于弹力随位移线性变化（$F=kx$）的简单情形，涉及两个弹簧或多个形变阶段时不能用平均力；分离瞬间是弹力为零、但加速度仍相同的时刻，并非速度最大的时刻；速度最大的位置一定在加速度为零处。,《5·3 B版 / 分层训练 等（2027版）》视觉转写
PHYSICS,验证机械能守恒定律,验证机械能守恒定律,PROCEDURE,PHYSICS·综合·综合·综合,定位：PHYSICS·综合·综合。\n\n打点计时器方案中不需要测质量，也不需要测下落时间；$v^2-h$ 图线不过原点或斜率小于 $2g$ 说明存在阻力或测量误差；图像法验证时必须把原理式化为线性关系，斜率与重力加速度的对应关系不能弄错；实验中的阻力不可避免，只能说明在误,《5·3 B版 / 分层训练 等（2027版）》视觉转写
PHYSICS,电池组的串联与并联,电池组的串联与并联,CONCEPT,PHYSICS·综合·综合·综合,定位：PHYSICS·综合·综合。只有完全相同（电动势与内阻都相同）的电源才能直接套用上述总电动势、总内阻公式；不同电动势的电源并联不能按上述方式等效；串联时要注意极性，正负极接反会使总电动势减小。,《5·3 B版 / 分层训练 等（2027版）》视觉转写
PHYSICS,电路中的三类图线,电路中的三类图线,REPRESENTATION,PHYSICS·综合·综合·综合,定位：PHYSICS·综合·综合。\n\n只有直线段才表示电阻恒定，曲线段的电阻随状态变化；求非线性元件的电阻必须用该状态点与原点连线的斜率，不能用切线；电源的 $U-I$ 图线中纵轴一般不从零开始，此时横轴截距不等于短路电流，读数时要看清坐标起点。,《5·3 B版 / 分层训练 等（2027版）》视觉转写
PHYSICS,电路的等效处理方法,电路的等效处理方法,PROCEDURE,PHYSICS·综合·综合·综合,定位：PHYSICS·综合·综合。\n\n电流走向法要求先正确判断电流方向，电容器不能当作导线处理（稳定时是断路）；电势排序法中同一节点必须真正等势（中间不能有电阻或电源），否则不能合并；化简后要检查各元件的位置与连接关系是否与规范电路一致。,《5·3 B版 / 分层训练 等（2027版）》视觉转写
PHYSICS,含容电路的分析策略,含容电路的分析策略,PROCEDURE,PHYSICS·综合·综合·综合,定位：PHYSICS·综合·综合。\n\n电容器在直流稳定电路中相当于断路，不能当作导线；与之串联的电阻不分压（其上无电流）；计算电荷量变化时必须先判断极板电性是否改变，电性相反时电荷量要相加而不是相减。,《5·3 B版 / 分层训练 等（2027版）》视觉转写
PHYSICS,电桥法测电阻,电桥法测电阻,PROCEDURE,PHYSICS·综合·综合·综合,定位：PHYSICS·综合·综合。\n\n电桥法只有在电流计示数为零（真正平衡）时才能用平衡条件求解；调节时必须先判断指针偏转方向对应的电势高低，不能盲目增大或减小阻值；电桥电路中若某一桥臂断路或短路，电路不满足平衡条件，不能套用结论。,《5·3 B版 / 分层训练 等（2027版）》视觉转写
PHYSICS,电池容量与放电曲线,电池容量与放电曲线,PROCEDURE,PHYSICS·综合·综合·综合,定位：PHYSICS·综合·综合。数格法得到的是近似值、结果要按题目要求保留有效数字；面积法只适用于电流随时间变化较慢、图线可直接读数的放电曲线；容量与放电率有关，放电电流不同测得的结果不同。,《5·3 B版 / 分层训练 等（2027版）》视觉转写
PHYSICS,多用电表欧姆挡的原理与使用,多用电表欧姆挡的原理与使用,PROCEDURE,PHYSICS·综合·综合·综合,定位：PHYSICS·综合·综合。每次更换倍率后都必须重新欧姆调零；两表笔不能长时间短接以免内部电源耗电加快；指针落在刻度盘两端（过密或过疏）时读数误差大，应先换挡再读数。,《5·3 B版 / 分层训练 等（2027版）》视觉转写
PHYSICS,磁电式电表的原理,磁电式电表的原理,CONCEPT,PHYSICS·综合·综合·综合,定位：PHYSICS·综合·综合。辐向磁场只存在于极靴与圆柱之间的气隙中，不能认为整个电表内部都是匀强磁场；判断受力方向时磁场方向取该点处的辐向方向，不要用整个电表的总体方向代替。,《5·3 B版 / 分层训练 等（2027版）》视觉转写
PHYSICS,用三角函数求极值处理物理极值问题,用三角函数求极值处理物理极值问题,PROCEDURE,PHYSICS·综合·综合·综合,定位：PHYSICS·综合·综合。辅助角 $\varphi$ 的取值必须与题目给定的 $\theta$ 范围一致，否则解出的临界角可能落在范围之外；加速与减速两个阶段安培力沿运动方向的分量方向不同，符号写错会导致 $\mu$ 算错。,《5·3 B版 / 分层训练 等（2027版）》视觉转写
PHYSICS,电磁流量计,电磁流量计,PROCEDURE,PHYSICS·综合·综合·综合,定位：PHYSICS·综合·综合。公式中的 $2r$ 是两测点间的距离即管径，不要与半径混淆；判断哪一点电势高要先由带电粒子的偏转方向确定；管径越小电压越大容易记反，应由 $U_0=\frac{2BQ}{\pi r}$ 直接判断。,《5·3 B版 / 分层训练 等（2027版）》视觉转写
PHYSICS,回旋加速器与同步加速器的工作原理,回旋加速器与同步加速器的工作原理,PROCEDURE,PHYSICS·综合·综合·综合,定位：PHYSICS·综合·综合。洛伦兹力始终不做功，动能只在直通道中增加；每次加速后的速率与所需磁感应强度都要用当次入值计算，不能沿用上一次的结果；第 $k$ 次加速对应的动能增量是 $kqU$ 而不是 $qU$。,《5·3 B版 / 分层训练 等（2027版）》视觉转写
PHYSICS,小船渡河模型,小船渡河模型,PROCEDURE,PHYSICS·综合·综合·综合,定位：PHYSICS·综合·综合。\n渡河时间与水流速度无关（水流只影响沿河岸方向的位移） 只有垂直河岸的分速度才决定渡河时间；若要求最短位移 则要判断船速与水速的大小关系 当船速小于水速时不能垂直河岸渡河 需另作速度矢量分析,《5·3 B版 / 分层训练 等（2027版）》视觉转写
PHYSICS,假设法,假设法,PROCEDURE,PHYSICS·综合·综合·综合,定位：PHYSICS·综合·综合。假设法求出的是临界值 实际物理过程可能在临界值两侧有不同表现（例如导体棒恰好不上滑与恰好不下滑分别对应两个电流值 答案是一个区间） 求力或电流的范围时必须把两个方向的临界都假设一遍 不能只算一个 另外整体受力平衡时必须先用受力分析确认各力的,《5·3 B版 / 分层训练 等（2027版）》视觉转写
PHYSICS,电路与电磁感应中的图像解读,电路与电磁感应中的图像解读,REPRESENTATION,PHYSICS·综合·综合·综合,定位：PHYSICS·综合·综合。斜率的含义必须结合坐标轴与对应公式推导，不能机械记忆；I-U 图像与 U-I 图像横纵轴互换，斜率含义不同（前者为 $\dfrac{1}{R}$，后者为 $-r$）；非线性元件在某点的电阻不等于该点切线的斜率。,《5·3 B版 / 分层训练 等（2027版）》视觉转写
PHYSICS,电磁学图像的解题通法,电磁学图像的解题通法,PROCEDURE,PHYSICS·综合·综合·综合,定位：PHYSICS·综合·综合。五步并非固定顺序，实际解题常由某一特殊点或某块面积先行突破；斜率、面积的意义必须结合坐标轴物理量和公式现场推导；E-x 与 φ-x 图像的斜率、面积含义互不相同，不能相互套用。,《5·3 B版 / 分层训练 等（2027版）》视觉转写
PHYSICS,理想模型与比值定义法,理想模型与比值定义法,CONCEPT,PHYSICS·综合·综合·综合,定位：PHYSICS·综合·综合。比值定义法定义的物理量由对象本身性质决定，与定义式中两个量的取值无关（试探电荷移走后该点场强不变）；理想模型只在满足条件时成立（只有带电体间距远大于自身线度时才可视为点电荷），条件不满足时必须放弃该模型，不能硬代入公式。,《5·3 B版 / 分层训练 等（2027版）》视觉转写
PHYSICS,比值定义法与决定式的区别,比值定义法与决定式的区别,REASONING,PHYSICS·综合·综合·综合,定位：PHYSICS·综合·综合。比值定义式中的物理量不是“无关”，而是由对象本身性质决定，与定义式里那两个量无关；决定式中的量变化才会真正改变该物理量。判定时必须先分清题中给出的是定义式还是决定式，不能凭公式外形记忆。,《5·3 B版 / 分层训练 等（2027版）》视觉转写
PHYSICS,三角函数法,三角函数法,PROCEDURE,PHYSICS·综合·综合·综合,定位：PHYSICS·综合·综合。辅助角公式只适用于同角的一次三角式；$\theta$ 的取值范围受物理情境限制，求出极值点后必须检验它是否落在允许范围内。确定 $\tan\alpha$ 时谁是分子谁是分母要与原式逐项对应，否则极值条件会颠倒。,《5·3 B版 / 分层训练 等（2027版）》视觉转写
PHYSICS,正弦定理与余弦定理的应用,正弦定理与余弦定理的应用,PROCEDURE,PHYSICS·综合·综合·综合,定位：PHYSICS·综合·综合。正弦定理要求“边与对角”一一对应，力三角形中的角往往要先用几何关系或 $180°-$ 换算，容易代错；余弦定理解出的一元二次方程可能有两个正根，必须结合力的实际方向与合力方向筛选。作图时三个力必须首尾相接构成闭合三角形，不能只画两个力。,《5·3 B版 / 分层训练 等（2027版）》视觉转写
PHYSICS,基本不等式法,基本不等式法,PROCEDURE,PHYSICS·综合·综合·综合,定位：PHYSICS·综合·综合。基本不等式只适用于两个正数；拆项时必须保证拆出的两项之积（或之和）为定值，否则不能取等号求极值；取等号得到的自变量取值必须落在物理允许的范围内。含根号的表达式要先平方再去极值，注意平方前后单调性一致。,《5·3 B版 / 分层训练 等（2027版）》视觉转写
PHYSICS,归纳递推法,归纳递推法,PROCEDURE,PHYSICS·综合·综合·综合,定位：PHYSICS·综合·综合。易错点拨：每次抽气时容器内的气体压强都会发生变化，不能像充气那样利用整体法计算——打气可以把 $n$ 次推入的气体当作整体，抽气必须逐次递推。递推时每一步的初态都是上一步的末态，不能把 $p_{0}$ 反复代入；求得通式后还要检验 $n$ ,《5·3 B版 / 分层训练 等（2027版）》视觉转写
PHYSICS,矢量图解法,矢量图解法,PROCEDURE,PHYSICS·综合·综合·综合,定位：PHYSICS·综合·综合。避免比例尺混乱：同一图解中比例尺必须统一，否则会得出错误的大小关系；矢量的方向标注要精准，尤其注意相对运动中参考系的影响；图解必须基于实际物理过程，不可单纯追求几何美观而违背物理规律。封闭三角形的顶点顺序不能颠倒，否则力的方向会判反。,《5·3 B版 / 分层训练 等（2027版）》视觉转写
PHYSICS,割补法,割补法,PROCEDURE,PHYSICS·综合·综合·综合,定位：PHYSICS·综合·综合。割补法只适用于割去部分是规则球体（球壳、圆环等对称规则体）的情形；补全部分的密度必须与原物体完全相同，否则不能补；三心不共线时引力必须按矢量合成，不能代数加减。割补法求得的是“剩余部分单独产生”的引力，不能把补全部分的影响一并算入。,《5·3 B版 / 分层训练 等（2027版）》视觉转写
PHYSICS,比例法,比例法,PROCEDURE,PHYSICS·综合·综合·综合,定位：PHYSICS·综合·综合。比例法要求物理量之间确实是正比、反比或平方根等简单关系，并且必须注明成立条件（如只有 $v_{0}=0$ 时才有 $v\propto\sqrt{x}$）；不同物理量的比例关系不能互相混用。把末速度为零的匀减速运动逆向处理时，位移与时间的排列,《5·3 B版 / 分层训练 等（2027版）》视觉转写
PHYSICS,估算法,估算法,PROCEDURE,PHYSICS·综合·综合·综合,定位：PHYSICS·综合·综合。小量近似只在角度足够小（通常小于 5°）时成立，角度较大时误差迅速增大；近似式中角度必须用弧度制。$(1+x)^{m}\approx 1+mx$ 的前提是 $x\ll 1$，不能随意推广到 $x$ 较大的情形；近似计算的结果只保留合理的有效,《5·3 B版 / 分层训练 等（2027版）》视觉转写
PHYSICS,全程法与分段法,全程法与分段法,PROCEDURE,PHYSICS·综合·综合·综合,定位：PHYSICS·综合·综合。全程法不能用于加速度（或受力性质）中途改变的过程，例如有空气阻力、有摩擦的往复运动若用匀变速规律处理必然出错；用动能定理或动量定理列全程式时，必须把各力的功或冲量按正负号全部计入，容易漏掉摩擦力做的负功（往复运动中摩擦力始终做负功，其大小为,《5·3 B版 / 分层训练 等（2027版）》视觉转写
CHEMISTRY,格氏试剂在有机合成中的应用,格氏试剂在有机合成中的应用,PROCEDURE,化学选择性必修3·有机化学基础·有机合成,定位：化学选择性必修3 有机化学基础。格氏试剂性质活泼，遇含活泼氢的物质（水、醇、羧酸）会立即分解为烷烃，故反应须在无水醚中进行；由卤代烃制格氏试剂时不能用含活泼氢的溶剂。,《5·3 B版 / 分层训练 等（2027版）》视觉转写
CHEMISTRY,晶胞投影,晶胞投影,PROCEDURE,CHEMISTRY·综合·综合·综合,定位：CHEMISTRY·综合·综合。投影方向不同得到的图完全不同，不能照搬熟悉的那一种；重叠的微粒必须在图中标注区分，否则会被误判为只有一个微粒；投影图只反映平面上的位置关系，不要额外叠加不在投影方向上的信息；判断给出投影图的正误时要逐个微粒核对，不能只看整体轮廓。,《5·3 B版 / 分层训练 等（2027版）》视觉转写
CHEMISTRY,无机化合物制备实验的分析模型,无机化合物制备实验的分析模型,EXPERIMENT,CHEMISTRY·综合·综合·综合,定位：CHEMISTRY·综合·综合。剖析装置时要按气流方向逐段判断每个装置的作用，不能凭仪器外形直接下结论；有气体参与的制备必须先检查装置气密性、实验结束时先撤导管后停加热等操作顺序不能颠倒；步骤类流程中每一步操作的目的必须结合前后物质状态说明，只答操作名称不得分；涉及易水解,《5·3 B版 / 分层训练 等（2027版）》视觉转写
CHEMISTRY,有机化合物制备实验的分析步骤,有机化合物制备实验的分析步骤,EXPERIMENT,化学选择性必修3·有机化学基础·有机合成,定位：化学选择性必修3 有机化学基础。温度控制的目标必须与副反应对应起来（如防止某官能团被氧化、抑制副反应产物生成），不能只写“控制温度”；分离提纯方法要根据沸点、溶解性、密度等具体性质选择，分液时要先判断有机层在上还是在下；判断是否洗净要用被洗涤离子或杂质的特征检验方法；产率,《5·3 B版 / 分层训练 等（2027版）》视觉转写
CHEMISTRY,滴定实验相关计算,滴定实验相关计算,EXPERIMENT,化学选择性必修1·第三章·水溶液中的离子平衡,定位：化学选择性必修1 第三章。找关系时必须先写出配平的滴定反应方程式或明确的守恒式，直接凭印象写比例容易出错；注意题干中的分取倍数（如配成 250 mL 只取 25.00 mL），漏乘换算系数会导致结果差 10 倍；指示剂与终点判据只能决定反应完成，不能作为计算依据；计,《5·3 B版 / 分层训练 等（2027版）》视觉转写
PHYSICS,力与运动知识体系,力与运动知识体系,CONCEPT,PHYSICS·综合·综合·综合,定位：PHYSICS·综合·综合。该框架只按合力特征分类 不涉及具体受力细节；合力恒定的恒定指大小和方向都不变 大小一定而方向变化的圆周类运动不能按恒力处理；简谐运动的回复力 $F=-kx$ 要求回复力与位移成正比且方向相反。,《5·3 B版 / 分层训练 等（2027版）》视觉转写
PHYSICS,匀质绳索平衡的选段分析法,匀质绳索平衡的选段分析法,PROCEDURE,PHYSICS·综合·综合·综合,定位：PHYSICS·综合·综合。所选段必须是匀质绳且重力按段长比例计算；绳不能看作轻绳 因为绳自身重力正是解题的关键；两端张力的方向沿各自端点处绳的切线 不能想当然地认为沿竖直方向；段取得越短计算越简单 但必须包含所有已知量。,《5·3 B版 / 分层训练 等（2027版）》视觉转写
PHYSICS,尺规作图法,尺规作图法,REPRESENTATION,PHYSICS·综合·综合·综合,定位：PHYSICS·综合·综合。作图必须按比例 否则目测会得出错误结论；尺规作图只用于选择题中的判断与定性比较 不能代替计算题的定量求解；作图误差可能掩盖临界情形 遇到恰好、刚好等字眼仍要回到解析法验证；只有题目的几何关系能在平面内准确画出时才适用。,《5·3 B版 / 分层训练 等（2027版）》视觉转写
PHYSICS,系统牛顿第二定律,系统牛顿第二定律,PROCEDURE,PHYSICS·综合·综合·综合,定位：PHYSICS·综合·综合。只能对系统使用 左边只写系统所受的外力 不能写内力；各物体的加速度必须取同一惯性参考系下的值 参考系变换后的加速度不能直接代入；是矢量式 必须先规定正方向再写分量式 与正方向相反的加速度要带负号；系统中有物体处于非惯性系时不能直接使用。,《5·3 B版 / 分层训练 等（2027版）》视觉转写
PHYSICS,能量与动量知识体系,能量与动量知识体系,CONCEPT,PHYSICS·综合·综合·综合,定位：PHYSICS·综合·综合。该体系只覆盖力学中的能量与动量两条主线 不涉及电磁场的能量转化细节；动量与能量都是矢量与标量并存 动量式是矢量式、能量式是标量式 不能互相替代；某一方向守恒只在系统该方向上不受外力或外力冲量可忽略时成立；使用前必须先选定系统与过程 再判断是,《5·3 B版 / 分层训练 等（2027版）》视觉转写
PHYSICS,图像法解题,图像法解题,PROCEDURE,PHYSICS·综合·综合·综合,定位：PHYSICS·综合·综合。图像法是定性或半定量方法 用于选择题 计算题一般仍要解析求解；画图必须按物理规律准确作图 坐标轴选择不当会看不出规律；用面积比较时必须确认面积代表的物理量（如 $v-t$ 图为位移、$F-x$ 图为功）；图像只能反映直线运动或单一过程的情况,《5·3 B版 / 分层训练 等（2027版）》视觉转写
PHYSICS,能量图像的斜率意义,能量图像的斜率意义,REPRESENTATION,PHYSICS·综合·综合·综合,定位：PHYSICS·综合·综合。只有横坐标是位移（或沿力方向的位移）时斜率才对应力 横坐标是时间时斜率对应的是功率；斜率对应的是沿位移方向的那个力 力的方向与位移方向相反时斜率为负；弹簧弹力随位移变化 所以弹性势能随位移的图线不是直线 斜率随位置改变；读斜率时要先确认图像,《5·3 B版 / 分层训练 等（2027版）》视觉转写
PHYSICS,排除法,排除法,PROCEDURE,PHYSICS·综合·综合·综合,定位：PHYSICS·综合·综合。排除法的前提是选项中有且只有一个正确 多选题不能全排除到只剩一个；排除要基于物理依据 不能凭感觉；遇到能用已有知识直接判断的选项应优先判断 不必每个选项都排除；剩余的最后一项仍要简单核对 避免因前几项判断错误导致全错。,《5·3 B版 / 分层训练 等（2027版）》视觉转写
PHYSICS,保守型与耗散型碰撞拓展模型,保守型与耗散型碰撞拓展模型,PROCEDURE,PHYSICS·综合·综合·综合,定位：PHYSICS·综合·综合。两类模型都要求系统在水平方向不受外力（或外力可忽略）；共速只是能量损失最大的时刻 不等于速度为零；保守型模型在弹簧形变量最大、小球到达曲面最高点等位置对应共速 之后还能再次分离；耗散型模型中损失的动能转为内能时用相对路程计算 转为电能时用克,《5·3 B版 / 分层训练 等（2027版）》视觉转写
PHYSICS,图像法与数学归纳法解决多次碰撞问题,图像法与数学归纳法解决多次碰撞问题,PROCEDURE,PHYSICS·综合·综合·综合,定位：PHYSICS·综合·综合。多次碰撞的关键是找出各次碰撞之间的递推关系（速度、路程成等比或等差） 再用数列求和；多次碰撞过程必须包含能量损失才能收敛 否则碰撞次数无限；递推关系只在前几次碰撞完全相同（如恢复系数相同）时成立；用数列求和时要注意起始项与项数 避免多算或少,《5·3 B版 / 分层训练 等（2027版）》视觉转写
PHYSICS,电场与磁场知识体系,电场与磁场知识体系,CONCEPT,PHYSICS·综合·综合·综合,定位：PHYSICS·综合·综合。该体系只给出主干与分类 具体公式的适用条件要逐条核对；电场的力与能的性质分别对应矢量与标量 不能混淆；磁场力（安培力与洛伦兹力）的方向要用左手定则判断 且总与相应方向垂直；组合场与叠加场的区别在于电场与磁场是否重叠 处理方法不同。,《5·3 B版 / 分层训练 等（2027版）》视觉转写
PHYSICS,电场强度与电势的叠加,电场强度与电势的叠加,PROCEDURE,PHYSICS·综合·综合·综合,定位：PHYSICS·综合·综合。场强是矢量 必须按平行四边形定则合成 不能直接代数相加；电势是标量 可以带正负号直接相加；场强为零的点电势不一定为零 电势为零的点场强也不一定为零 二者没有必然联系；用 $ arphi=kQ/r$ 时 $Q$ 要带正负号 负电荷产生的电势为,《5·3 B版 / 分层训练 等（2027版）》视觉转写
PHYSICS,正则动量定理的应用,正则动量定理的应用,PROCEDURE,PHYSICS·综合·综合·综合,定位：PHYSICS·综合·综合。该结论只适用于洛伦兹力（只有磁场力）作用的情形 有其他力时要在动量定理中一并计入；公式中的 $x$、$y$ 是粒子在相应方向的位移 有往返时按代数和计算；电荷的正负会影响符号 使用前先规定正方向；它是动量定理的分量式应用 不能替代基本的动量,《5·3 B版 / 分层训练 等（2027版）》视觉转写
PHYSICS,配速法,配速法,PROCEDURE,PHYSICS·综合·综合·综合,定位：PHYSICS·综合·综合。配速法只适用于摆线运动（速度为零或与磁场垂直）；分解出的 $v_1$ 必须使洛伦兹力与恒力平衡 选错分速度就不能分解成匀速直线运动加匀速圆周运动；最大速度出现在两个分速度同向时 反向时速度最小；求经过坐标轴的坐标要用位移的矢量和 不能只算一,《5·3 B版 / 分层训练 等（2027版）》视觉转写
PHYSICS,电路与电磁感应知识体系,电路与电磁感应知识体系,CONCEPT,PHYSICS·综合·综合·综合,定位：PHYSICS·综合·综合。该体系只列主干与模型 各公式的适用条件要逐条核对；交变电流的四个值各有用途 求电热、电功必须用有效值；电磁感应中安培力的冲量与电荷量、位移相关联 属于动量观点；含容电路稳定时电容器支路相当于断路 不能按通路计算。,《5·3 B版 / 分层训练 等（2027版）》视觉转写
PHYSICS,电源与电阻的U-I图像比较,电源与电阻的U-I图像比较,REPRESENTATION,PHYSICS·综合·综合·综合,定位：PHYSICS·综合·综合。电源的 $U-I$ 图线是直线（电动势和内阻不变） 电阻的图线是过原点的直线（或曲线 表示非线性电阻）；只有把电源与电阻画在同一坐标系中 交点才有物理意义；横轴截距是短路电流 实际工作中电流不能超过它；图像的斜率绝对值表示内阻 不要漏掉绝对,《5·3 B版 / 分层训练 等（2027版）》视觉转写
PHYSICS,远距离输电,远距离输电,PROCEDURE,PHYSICS·综合·综合·综合,定位：PHYSICS·综合·综合。输电线上的损失电压 $\Delta U=U_2-U_3$ 不能与升压变压器的输出电压 $U_2$ 混淆；计算损失功率时电流必须用输电线上的电流（即降压变压器原线圈的电流）而不是用户端的电流；升压变压器与降压变压器的电压比不能套用同一比例；减,《5·3 B版 / 分层训练 等（2027版）》视觉转写
PHYSICS,电磁感应中的电荷量计算,电磁感应中的电荷量计算,REASONING,PHYSICS·综合·综合·综合,定位：PHYSICS·综合·综合。公式中的 $R_总$ 是整个回路的总电阻 不是某一段的电阻；$q$ 与时间无关 所以变速过程与匀速过程算出的电荷量相同；求电荷量必须用平均电流 不能用有效值或瞬时值；回路电阻变化时要分段计算。,《5·3 B版 / 分层训练 等（2027版）》视觉转写
PHYSICS,动量定理在电磁感应中的应用,动量定理在电磁感应中的应用,PROCEDURE,PHYSICS·综合·综合·综合,定位：PHYSICS·综合·综合。用动量定理处理变加速运动时 安培力的冲量要用平均值（写成 $BLq$ 或 $B^2L^2x/R_总$）；只有其他外力为恒力时才能写成 $F_{其他}\Delta t$；公式中的位移 $x$ 是导体棒相对磁场的位移 有往返时取代数和；解题时要,《5·3 B版 / 分层训练 等（2027版）》视觉转写
PHYSICS,机械振动与机械波知识体系,机械振动与机械波知识体系,CONCEPT,PHYSICS·综合·综合·综合,定位：PHYSICS·综合·综合。该体系只给出主干与分类 具体结论的成立条件要逐条核对；振动图像描述一个质点随时间的运动 波的图像描述某一时刻所有质点的位移 两者不能混淆；波速由介质决定、频率由波源决定；横波与纵波的区别在于质点振动方向与传播方向的关系。,《5·3 B版 / 分层训练 等（2027版）》视觉转写
PHYSICS,量纲法,量纲法,PROCEDURE,PHYSICS·综合·综合·综合,定位：PHYSICS·综合·综合。量纲法只能排除量纲不对的选项 不能判断量纲相同的表达式哪个正确；要对每个物理量的单位都熟悉 单位写错会得出错误结论；量纲正确只是必要条件 不是充分条件 必要时还要用极限法或特殊值法再验证；无量纲的表达式（如纯数）无法用量纲法判断。,《5·3 B版 / 分层训练 等（2027版）》视觉转写
PHYSICS,光学知识体系,光学知识体系,CONCEPT,PHYSICS·综合·综合·综合,定位：PHYSICS·综合·综合。该体系只列主干 各现象的判据要逐条核对；干涉与衍射都是波的特有现象 条纹特征与产生条件不同；折射率与介质、光的频率有关 与入射角无关；电磁波是横波 所以能发生偏振。,《5·3 B版 / 分层训练 等（2027版）》视觉转写
PHYSICS,近代物理知识体系,近代物理知识体系,CONCEPT,PHYSICS·综合·综合·综合,定位：PHYSICS·综合·综合。该体系只给出主干 各规律的适用条件要逐条核对；光电效应中能否发生由频率决定 与光强无关；玻尔理论的跃迁公式中 $m>n$ 表示向低能级跃迁并放出光子；核反应方程必须同时满足质量数与电荷数守恒 但质量亏损使质量不守恒；核能计算要用 $\Del,《5·3 B版 / 分层训练 等（2027版）》视觉转写
PHYSICS,热学知识体系,热学知识体系,CONCEPT,PHYSICS·综合·综合·综合,定位：PHYSICS·综合·综合。该体系只列主干 各定律的适用条件要逐条核对；三个气体实验定律分别对应等温、等容、等压 记错条件会导致公式用错；热力学第一定律中做功与热传递的正负号要按规定判断；温度是分子平均动能的标志 但温度升高时并非每个分子的动能都增大。,《5·3 B版 / 分层训练 等（2027版）》视觉转写
PHYSICS,实验知识体系,实验知识体系,EXPERIMENT,PHYSICS·综合·综合·综合,定位：PHYSICS·综合·综合。该清单只列出实验项目 每个实验的原理、器材、步骤与误差分析要分别复习；探究性实验与验证性实验的要求不同；电学实验要特别注意器材选择与电路连接的安全；数据处理方法（图像法、逐差法等）要结合具体实验选用。,《5·3 B版 / 分层训练 等（2027版）》视觉转写
PHYSICS,测电阻的创新方案,测电阻的创新方案,PROCEDURE,PHYSICS·综合·综合·综合,定位：PHYSICS·综合·综合。安安法、伏伏法都要求其中一个电表的内阻已知 否则无法列式；替代法的关键是两次读数相等而不是电压相等；半偏法测电流表内阻时测量值偏小（$R_1\gg R_A$ 的条件使误差可忽略）、测电压表内阻时测量值偏大；电桥法要在电流计示数为零（电桥平衡,《5·3 B版 / 分层训练 等（2027版）》视觉转写
PHYSICS,欧姆表的原理与使用,欧姆表的原理与使用,PROCEDURE,PHYSICS·综合·综合·综合,定位：PHYSICS·综合·综合。欧姆表的刻度是不均匀的（左疏右密）且读数要乘倍率；每次换挡后必须重新欧姆调零；红表笔接的是内部电源的负极 所以电流从黑表笔流出、红表笔流入（红进黑出）；测电阻时应把待测电阻从电路中断开。,《5·3 B版 / 分层训练 等（2027版）》视觉转写
PHYSICS,油膜法估测油酸分子的大小,油膜法估测油酸分子的大小,PROCEDURE,PHYSICS·综合·综合·综合,定位：PHYSICS·综合·综合。油膜法把分子看成紧挨着排列的球形 是理想化模型；纯油酸的体积要用溶液的浓度折算 不能直接把滴入的溶液体积当作纯油酸体积；数格时不足半格舍去、多于半格算一个 这样处理会带来误差；若油酸未完全散开就描线 测出的面积偏小、直径偏大。,《5·3 B版 / 分层训练 等（2027版）》视觉转写
PHYSICS,计算题答题规范,计算题答题规范,EXPRESSION,PHYSICS·综合·综合·综合,定位：PHYSICS·综合·综合。文字说明不能代替方程 也不能省略到“由题意得”这样没有依据的程度；符号必须与题干一致 自己新设的符号要提前说明；正方向、零势能面、坐标系必须交代 否则方程的正负号无法被认可；隐含条件（如“恰好”“刚好”）必须先说明再列式。,《5·3 B版 / 分层训练 等（2027版）》视觉转写
PHYSICS,另类加速度,另类加速度,CONCEPT,PHYSICS·综合·综合·综合,定位：PHYSICS·综合·综合。另类加速度是题中给出的新定义，不能与教材加速度混用；A 不变时速度随位移均匀变化但加速度并不恒定，匀变速直线运动的公式（如平均速度公式）不能直接套用。,《5·3 B版 / 分层训练 等（2027版）》视觉转写
PHYSICS,刹车类与双向可逆类问题对比,刹车类与双向可逆类问题对比,REASONING,PHYSICS·综合·综合·综合,定位：PHYSICS·综合·综合。判断属于哪类问题的依据是“速度减为零后物体的加速度是否仍然存在且不变”；两类问题的临界时刻都是速度为零的时刻，都要先算出这个时刻。,《5·3 B版 / 分层训练 等（2027版）》视觉转写
PHYSICS,图像问题的读图思路与图像转换,图像问题的读图思路与图像转换,REPRESENTATION,PHYSICS·综合·综合·综合,定位：PHYSICS·综合·综合。转换时必须分段处理并保证转折点处速度连续；图线形状与运动性质要对应（倾斜直线对应匀变速、平行于时间轴对应匀速或静止）；纵轴物理量不同时图线上“折点”的含义不同，不能照搬。,《5·3 B版 / 分层训练 等（2027版）》视觉转写
PHYSICS,爆炸模型,爆炸模型,PROCEDURE,PHYSICS·综合·综合·综合,定位：PHYSICS·综合·综合。“位置不变”是爆炸问题独有的近似（时间极短、位移可忽略），据此可认为炸裂瞬间各部分仍从同一点出发；爆炸与碰撞都满足动量守恒，但爆炸后系统的总动能增加，碰撞后总动能不增加，两者不能混用。,《5·3 B版 / 分层训练 等（2027版）》视觉转写
PHYSICS,质心运动定律,质心运动定律,CONCEPT,PHYSICS·综合·综合·综合,定位：PHYSICS·综合·综合。质心运动定律的前提是先判断系统所受合外力是否为零（重力与支持力等也要计入矢量和，竖直方向一般不满足）；质心位移是等效于“全部质量集中在质心”的位移，不等于某个物体的位移，两者要用几何关系换算。,《5·3 B版 / 分层训练 等（2027版）》视觉转写
PHYSICS,连接体中力的分配规律,连接体中力的分配规律,PROCEDURE,PHYSICS·综合·综合·综合,定位：PHYSICS·综合·综合。使用前提是各物体加速度相同（一起加速或一起减速），有相对滑动时不能用；若接触面有摩擦，必须满足两物体与各接触面间的动摩擦因数相同（阻力与质量成正比），否则结论不成立；力 F 作用在哪个物体上决定了分子取哪个物体的质量，容易记反。,《5·3 B版 / 分层训练 等（2027版）》视觉转写
PHYSICS,探究弹簧弹力与形变量关系的误差分析与改进,探究弹簧弹力与形变量关系的误差分析与改进,REASONING,PHYSICS·综合·综合·综合,定位：PHYSICS·综合·综合。图线弯曲不一定是弹性限度问题，也可能是弹簧自身质量偏大造成的；图线不过原点一般来自原长测量方法的系统误差，属于方法性错误，靠增加测量次数无法消除，必须改成竖直悬挂测原长或用横向测量方案。,《5·3 B版 / 分层训练 等（2027版）》视觉转写
PHYSICS,探究两个互成角度的力的合成规律实验的误差与改进,探究两个互成角度的力的合成规律实验的误差与改进,EXPERIMENT,PHYSICS·综合·综合·综合,定位：PHYSICS·综合·综合。用钩码替代测力计后不再受结点位置必须相同的约束，但钩码只能提供竖直方向的力，方案不是普遍适用。测力计未调零属于系统误差，必须事前校准；作图不准确属于偶然误差，可通过选用更大的标度和把方向点标得更远来减小。,《5·3 B版 / 分层训练 等（2027版）》视觉转写
PHYSICS,万有引力与重力的关系,万有引力与重力的关系,CONCEPT,PHYSICS·综合·综合·综合,定位：PHYSICS·综合·综合。只有考虑自转时赤道与两极的重力加速度才不同，题目未说明时通常按忽略自转处理，此时各处都有 $GMm/R^2=mg$；赤道上物体随地球自转的向心力远小于重力，不能因为小就认为自转影响不存在但同时又在两极用含向心力的式子；重力是万有引力的一个分,《5·3 B版 / 分层训练 等（2027版）》视觉转写
PHYSICS,近地卫星、同步卫星与赤道上物体的比较,近地卫星、同步卫星与赤道上物体的比较,PROCEDURE,PHYSICS·综合·综合·综合,定位：PHYSICS·综合·综合。赤道上随地球自转的物体不是卫星，它的向心力只是万有引力的一个分力，不能套用 $v=\\sqrt{\\dfrac{GM}{r}}$ 与 $a=\\dfrac{GM}{r^2}$；三者中只有赤道物体与同步卫星的角速度相等，与近地卫星的角速度并不,《5·3 B版 / 分层训练 等（2027版）》视觉转写
PHYSICS,椭圆轨道上卫星的速率计算,椭圆轨道上卫星的速率计算,PROCEDURE,PHYSICS·综合·综合·综合,定位：PHYSICS·综合·综合。引力势能 $E_p=-\\dfrac{GMm}{r}$ 以无穷远处为零势能点，代入时 $r$ 必须取到中心天体中心的距离；开普勒第二定律给出的 $v_PR=v_Ar_A$ 只对同一卫星在椭圆轨道上的两点成立；椭圆轨道的半长轴 $a$ 与近地,《5·3 B版 / 分层训练 等（2027版）》视觉转写
PHYSICS,验证机械能守恒定律实验,验证机械能守恒定律实验,EXPERIMENT,PHYSICS·综合·综合·综合,定位：PHYSICS·综合·综合。用 $v=gt$ 或 $v=\sqrt{2gh}$ 求速度属于循环论证，不能采用；方法一中若最初两点间距明显大于 2 mm，说明第一个点不是重物由静止开始下落的点，不能作为起始点。,《5·3 B版 / 分层训练 等（2027版）》视觉转写
PHYSICS,验证机械能守恒定律实验的误差与创新方案,验证机械能守恒定律实验的误差与创新方案,EXPERIMENT,PHYSICS·综合·综合·综合,定位：PHYSICS·综合·综合。因阻力做功，本实验的动能增加量总是略小于重力势能减少量，不能因为 $\Delta E_k<\Delta E_p$ 就否定机械能守恒；反之若明显小于，说明阻力过大或测量有误。,《5·3 B版 / 分层训练 等（2027版）》视觉转写
PHYSICS,磁场的叠加,磁场的叠加,PROCEDURE,PHYSICS·综合·综合·综合,定位：PHYSICS·综合·综合。磁感应强度是矢量，叠加时不能只把大小相加减，必须先判方向再合成；环形电流与直线电流在同一平面内时二者的磁感应强度方向通常互相垂直或共线，需要先画图再用定则判断。,《5·3 B版 / 分层训练 等（2027版）》视觉转写
PHYSICS,洛伦兹力作用下带电体的运动,洛伦兹力作用下带电体的运动,PROCEDURE,PHYSICS·综合·综合·综合,定位：PHYSICS·综合·综合。必须先判断洛伦兹力方向与重力的关系，据此确定弹力表达式中取加号还是减号；弹力为零时摩擦力也为零，此刻加速度最大而不是速度最大；速度最大处合力必为零，两者不能混淆。,《5·3 B版 / 分层训练 等（2027版）》视觉转写
PHYSICS,动量定理在磁场中的应用,动量定理在磁场中的应用,PROCEDURE,PHYSICS·综合·综合·综合,定位：PHYSICS·综合·综合。该方法的适用前提是力的累加式能化为位移的形式，且坐标轴要选得使力便于分解；重力、电场力等恒力仍按常规用牛顿定律或动能定理处理，不能直接套用 $qBx=m\Delta v$ 的形式。,《5·3 B版 / 分层训练 等（2027版）》视觉转写
PHYSICS,探究变压器电压与匝数关系的实验,探究变压器电压与匝数关系的实验,EXPERIMENT,PHYSICS·综合·综合·综合,定位：PHYSICS·综合·综合。该实验必须在交流电源下进行，接直流电源时副线圈不会有输出电压；测量前必须断开电源再改接匝数，带电操作有触电危险且可能损坏电表；铁芯不闭合（有漏磁）时电压比会明显偏离匝数比，这是主要的系统误差来源。,《5·3 B版 / 分层训练 等（2027版）》视觉转写
PHYSICS,探究影响感应电流方向的因素实验,探究影响感应电流方向的因素实验,EXPERIMENT,PHYSICS·综合·综合·综合,定位：PHYSICS·综合·综合。\n必须先标定电流计指针偏转方向与电流流向的对应关系，否则记录的方向会整体相反；判断磁通量变化时要同时考虑磁体的极性（磁场方向）与插入还是拔出（增减趋势），四种情况不能凭记忆混淆。,《5·3 B版 / 分层训练 等（2027版）》视觉转写
PHYSICS,电磁阻尼和电磁驱动,电磁阻尼和电磁驱动,CONCEPT,PHYSICS·综合·综合·综合,定位：PHYSICS·综合·综合。电磁阻尼阻碍的是导体与磁场之间的相对运动，不能理解为安培力总与导体运动方向相反——电磁驱动时安培力就与导体运动方向相同；用能量守恒计算阻尼发热时，要区分机械能的减少量与各部分的分配。,《5·3 B版 / 分层训练 等（2027版）》视觉转写
PHYSICS,浸润不浸润与毛细现象,浸润不浸润与毛细现象,CONCEPT,PHYSICS·综合·综合·综合,定位：PHYSICS·综合·综合。浸润与不浸润是相对“某种固体”而言的，同一种液体对某些固体浸润、对另一些固体可能不浸润；毛细现象中液面上升或下降由浸润与否决定，管越细现象越明显。,《5·3 B版 / 分层训练 等（2027版）》视觉转写
PHYSICS,用油膜法估测油酸分子的大小实验,用油膜法估测油酸分子的大小实验,EXPERIMENT,PHYSICS·综合·综合·综合,定位：PHYSICS·综合·综合。计算 $V$ 时必须先乘溶液浓度算出纯油酸的体积，直接用一滴溶液的体积会偏大；油膜面积用数格法（互补法）估算，爽身粉撒得太厚或太薄都会影响轮廓的清晰度。,《5·3 B版 / 分层训练 等（2027版）》视觉转写
PHYSICS,探究等温情况下气体压强与体积的关系实验,探究等温情况下气体压强与体积的关系实验,EXPERIMENT,PHYSICS·综合·综合·综合,定位：PHYSICS·综合·综合。必须缓慢推拉柱塞以保证等温，快速推拉会使气体温度变化；密封不严会漏气使质量变化；数据处理必须用 $p-\frac1V$ 图像（过原点直线）而不是 $p-V$ 图像，因为 $p-V$ 图线为双曲线不能直接判断反比关系。,《5·3 B版 / 分层训练 等（2027版）》视觉转写
PHYSICS,测量玻璃的折射率实验,测量玻璃的折射率实验,EXPERIMENT,PHYSICS·综合·综合·综合,定位：PHYSICS·综合·综合。入射角太大时折射光弱、太小则角度测量误差大，应在 30°～60° 范围取值；玻璃砖的两界面必须平行，插针时两针间距要大以减少方向误差；不能用玻璃砖棱画边界线。,《5·3 B版 / 分层训练 等（2027版）》视觉转写
PHYSICS,用双缝干涉测量光的波长实验,用双缝干涉测量光的波长实验,EXPERIMENT,PHYSICS·综合·综合·综合,定位：PHYSICS·综合·综合。条纹间距要用“$n$ 条条纹的总宽度除以 $(n-1)$”计算，不能只测一条条纹的宽度；单缝与双缝必须平行，否则条纹不清晰；各元件必须共轴。,《5·3 B版 / 分层训练 等（2027版）》视觉转写
PHYSICS,两类U-I图像的综合应用,两类U-I图像的综合应用,PROCEDURE,PHYSICS·综合·综合·综合,定位：PHYSICS·综合·综合。分析电源 U-I 图像时要注意两坐标轴的坐标原点是否都是从零开始，若纵坐标上的取值不是从零开始，则横轴截距不表示短路电流，但斜率的绝对值仍然等于电源内阻；非线性元件的电阻要用电该点与原点连线的斜率求。,《5·3 B版 / 分层训练 等（2027版）》视觉转写
PHYSICS,差值法测电阻,差值法测电阻,PROCEDURE,PHYSICS·综合·综合·综合,定位：PHYSICS·综合·综合。差值法要求两个电表读数有明显差别（量程或内阻相差较大），否则差值太小误差大；用“当作电表”的思路时要注意电流方向与读数分配，$I_2$ 必须是包含 $I_1$ 的干路电流。,《5·3 B版 / 分层训练 等（2027版）》视觉转写
PHYSICS,半偏法测电表内阻,半偏法测电表内阻,PROCEDURE,PHYSICS·综合·综合·综合,定位：PHYSICS·综合·综合。半偏法的误差方向相反：测电流表内阻时测量值偏小、测电压表内阻时测量值偏大；实验条件是“$R_1\gg R_A$”与“$R_1\ll R_V$”，条件互换会把误差方向搞反。,《5·3 B版 / 分层训练 等（2027版）》视觉转写
PHYSICS,类平抛运动,类平抛运动,PROCEDURE,PHYSICS·综合·综合·综合,定位：PHYSICS·综合·综合。类平抛运动成立的条件是初速度方向与恒力方向垂直，若两者不垂直则不能套用；加速度要用合力除以质量求出，不能一律用 $g$；求解时注意受力分析中除恒力外是否还有其他力。,《5·3 B版 / 分层训练 等（2027版）》视觉转写
PHYSICS,用传感器探究平抛运动的特点,用传感器探究平抛运动的特点,PROCEDURE,PHYSICS·综合·综合·综合,定位：PHYSICS·综合·综合。传感器方案同样要让物体做平抛运动（初速度水平、只受重力）；坐标的起点必须准确标定，否则位移与时间的分析会出现系统偏差。,《5·3 B版 / 分层训练 等（2027版）》视觉转写
PHYSICS,探究向心力大小与半径角速度质量的关系实验,探究向心力大小与半径角速度质量的关系实验,EXPERIMENT,PHYSICS·综合·综合·综合,定位：PHYSICS·综合·综合。三个物理量之间用控制变量法逐一研究，每次只能改变一个量；图像法处理数据时作 $F_n-\omega^2$ 图（而不是 $F_n-\omega$ 图）才能得到过原点的直线，便于判断正比关系。,《5·3 B版 / 分层训练 等（2027版）》视觉转写
CHEMISTRY,氮的固定,氮的固定,CONCEPT,化学必修第二册·第五章·硫氮及其化合物,定位：化学必修第二册 第五章。易错点：固氮一定是游离态到化合态，如NO转化为NO2、NH3转化为NO等化合态之间的转化不属于氮的固定；固氮是化学变化。,《2026/2027 一轮复习讲义·学生版 / 知识清单·学生版》文本判定
CHEMISTRY,晶胞参数与密度计算,晶胞参数与密度计算,CONCEPT,CHEMISTRY·综合·综合·综合,定位：CHEMISTRY·综合·综合。易错点：单位的换算最容易出错（pm与cm相差10-10）；n是每个晶胞含有的粒子数，不要与1mol混淆；体心立方与面心立方的对角线关系不能混用；计算空间利用率时按硬球接触模型。,《2026/2027 一轮复习讲义·学生版 / 知识清单·学生版》文本判定
CHEMISTRY,晶体结构与性质的易错点,晶体结构与性质的易错点,REASONING,CHEMISTRY·综合·综合·综合,定位：CHEMISTRY·综合·综合。易错点：判断时要区分“化学键”与“分子间作用力”；熔点高低要先看晶体类型再考虑作用力强弱；不能把“由原子构成”等同于“共价晶体”。,《2026/2027 一轮复习讲义·学生版 / 知识清单·学生版》文本判定
CHEMISTRY,离子推断的四项基本原则,离子推断的四项基本原则,CONCEPT,CHEMISTRY·综合·综合·综合,定位：CHEMISTRY·综合·综合。易错点：既无证据证明存在也无证据排除的离子属于“不确定离子”，不能判为不存在；检验时要先排除干扰离子；推断结论必须与电中性原则相符。,《2026/2027 一轮复习讲义·学生版 / 知识清单·学生版》文本判定
CHEMISTRY,硒、碲及其化合物的性质,硒、碲及其化合物的性质,CONCEPT,化学必修第二册·第五章·硫氮及其化合物,定位：化学必修第二册 第五章。易错点：同主族元素从上到下非金属性减弱、氧化性减弱，但SeO2的氧化性强于SO2；亚硒酸、亚碲酸遇强氧化剂显还原性、遇强还原剂显氧化性；TeO2是两性氧化物。,《2026/2027 一轮复习讲义·学生版 / 知识清单·学生版》文本判定
CHEMISTRY,磷及其化合物的性质,磷及其化合物的性质,CONCEPT,CHEMISTRY·综合·综合·综合,定位：CHEMISTRY·综合·综合。易错点：白磷与红磷是同素异形体，白磷易自燃、易溶于CS2；磷在氯气中燃烧的现象是白色烟雾而不是白烟；磷酸是非氧化性酸；含氧酸中只有羟基上的氢能电离。,《2026/2027 一轮复习讲义·学生版 / 知识清单·学生版》文本判定
CHEMISTRY,关系式法,关系式法,CONCEPT,CHEMISTRY·综合·综合·综合,定位：CHEMISTRY·综合·综合。易错点：建立关系式时必须以元素守恒或电子守恒为依据，不能凭主观比例；中间产物在关系式中要消去；计算出关系式后要核对每一步的化学计量数。,《2026/2027 一轮复习讲义·学生版 / 知识清单·学生版》文本判定
CHEMISTRY,热重分析法,热重分析法,CONCEPT,CHEMISTRY·综合·综合·综合,定位：CHEMISTRY·综合·综合。易错点：必须以1mol物质为计算基准；金属元素质量守恒是推断化学式的关键；要区分“失重质量”与“残留固体质量”；终态产物一般为金属氧化物。,《2026/2027 一轮复习讲义·学生版 / 知识清单·学生版》文本判定
BIOLOGY,表型与基因型的关系,表型与基因型的关系,CONCEPT,生物学必修2·第一章第二节·遗传的基本规律,定位：生物学必修2 第一章第二节。易错点：表型不完全由基因型决定，环境也会影响表型；母性效应不是细胞质遗传；正反交结果不同还可能由伴性遗传或细胞质遗传引起，要区分依据。,《2026/2027 一轮复习讲义·学生版 / 知识清单·学生版》文本判定
BIOLOGY,核质互作雄性不育与三系法育种,核质互作雄性不育与三系法育种,CONCEPT,BIOLOGY·综合·综合·综合,定位：BIOLOGY·综合·综合。易错点：只有核、质均不育时才表现不育；保持系使不育性稳定传递、恢复系使育性恢复；不育系作母本可省去人工去雄；三系育种属于细胞核与细胞质基因共同控制的遗传，不是单纯的细胞质遗传。,《2026/2027 一轮复习讲义·学生版 / 知识清单·学生版》文本判定
CHEMISTRY,含氯化合物的相互转化路径,含氯化合物的相互转化路径,CONCEPT,化学必修第一册·第二章·氯及其化合物,定位：化学必修第一册 第二章。价态不变而物质类别改变时属于非氧化还原转化，不要误判为氧化还原反应；同一种含氯物质在不同反应中既可能作氧化剂也可能作还原剂,《2026/2027 一轮复习讲义·学生版 / 知识清单·学生版》文本判定
CHEMISTRY,探究性综合实验题的类型与特点,探究性综合实验题的类型与特点,CONCEPT,CHEMISTRY·综合·实验与方案设计·实验分析,定位：CHEMISTRY 综合。探究性实验的结论必须由实验现象和原理共同支持，不能只凭物质的一般性质直接下结论；实验方案要能排除干扰因素（如空气中的氧气、二氧化碳）,《2026/2027 一轮复习讲义·学生版 / 知识清单·学生版》文本判定
CHEMISTRY,滴定分析法,滴定分析法,CONCEPT,化学选择性必修1·第三章·水溶液中的离子平衡,定位：化学选择性必修1 第三章。滴定终点不等于化学计量点；读数要读到滴定管精度的下一位并注意视线与凹液面最低处相平；误差分析要结合操作对标准液体积的影响判断,《2026/2027 一轮复习讲义·学生版 / 知识清单·学生版》文本判定
CHEMISTRY,碘量法,碘量法,CONCEPT,CHEMISTRY·综合·综合·综合,定位：CHEMISTRY·综合·综合。淀粉指示剂不能过早加入；间接碘量法要控制溶液酸碱性（碱性过强会发生副反应）；光线照射与空气氧化会使碘离子被氧化，导致结果偏高,《2026/2027 一轮复习讲义·学生版 / 知识清单·学生版》文本判定
CHEMISTRY,量气分析法,量气分析法,CONCEPT,CHEMISTRY·综合·综合·综合,定位：CHEMISTRY·综合·综合。读数前必须上下移动量筒使两侧液面相平以消除压强差；注意导管内残留液体体积的影响；气体在液体中溶解或与水反应会造成结果偏低,《2026/2027 一轮复习讲义·学生版 / 知识清单·学生版》文本判定
CHEMISTRY,定量实验数据的处理策略,定量实验数据的处理策略,CONCEPT,CHEMISTRY·综合·实验与方案设计·实验分析,定位：CHEMISTRY 综合。不能为了凑数据而保留明显异常值；有效数字位数要与仪器精度一致；换算气体体积时必须注明温度和压强条件,《2026/2027 一轮复习讲义·学生版 / 知识清单·学生版》文本判定
CHEMISTRY,物质含量的测定方法,物质含量的测定方法,CONCEPT,CHEMISTRY·综合·综合·综合,定位：CHEMISTRY·综合·综合。重量分析法的沉淀必须洗涤、干燥至恒重；气体体积法要校正温度和压强；选择方法时要考虑待测组分性质、样品中干扰组分以及测定精度要求,《2026/2027 一轮复习讲义·学生版 / 知识清单·学生版》文本判定
CHEMISTRY,粗盐提纯的除杂试剂与顺序,粗盐提纯的除杂试剂与顺序,CONCEPT,CHEMISTRY·综合·实验与方案设计·实验分析,定位：CHEMISTRY 综合。碳酸钠不能加在氯化钡之前；盐酸必须在过滤之后加入；检验沉淀是否完全要取上层清液而不能直接取悬浊液；蒸发结晶应在出现较多固体时停止加热，利用余热蒸干,《2026/2027 一轮复习讲义·学生版 / 知识清单·学生版》文本判定
BIOLOGY,分泌蛋白的分选（信号肽假说）,分泌蛋白的分选（信号肽假说）,CONCEPT,BIOLOGY·综合·综合·综合,定位：BIOLOGY·综合·综合。信号肽在肽链合成结束后被切除，不出现在成熟蛋白质中；游离核糖体与附着在内质网上的核糖体是同一类结构，区别在于是否与内质网结合；该机制属于对分选过程的解释模型，细节表述以教材为准,《2026/2027 一轮复习讲义·学生版 / 知识清单·学生版》文本判定
CHEMISTRY,过氧化物的过氧键与化合价分析,过氧化物的过氧键与化合价分析,CONCEPT,化学必修第一册·第一章·离子反应与氧化还原,定位：化学必修第一册 第一章。过氧化物中氧不是 －2 价，不能按普通氧化物处理；判断过氧键数目要用化合价代数和并结合已知价态推算；含过氧键的物质不一定发生氧化还原反应，要具体看价态变化,《2026/2027 一轮复习讲义·学生版 / 知识清单·学生版》文本判定
BIOLOGY,种子萌发过程中有机物的变化,种子萌发过程中有机物的变化,CONCEPT,BIOLOGY·综合·综合·综合,定位：BIOLOGY·综合·综合。淀粉与蛋白质种子萌发时干重持续减少，油料作物种子萌发初期干重可能增加（脂肪转化为糖类需加入氧元素）；检测试剂的显色深浅可反映相应有机物含量的变化,《2026/2027 一轮复习讲义·学生版 / 知识清单·学生版》文本判定
CHEMISTRY,定量测定型综合实验,定量测定型综合实验,CONCEPT,CHEMISTRY·综合·实验与方案设计·实验分析,定位：CHEMISTRY 综合。三种方法各有前提：重量分析要求被测组分能定量分离且称量形式组成稳定；滴定分析要求反应完全、终点可判断且无干扰；量气法要求气体不溶于（或不明显溶于）量气介质、装置气密。若固体灼烧后组成会随温度变化（如碳酸盐分解不完全）或气体被液体吸收，测得的,《2026/2027 一轮复习讲义·学生版 / 知识清单·学生版》文本判定
CHEMISTRY,定量实验的数据采集与处理,定量实验的数据采集与处理,CONCEPT,CHEMISTRY·综合·实验与方案设计·实验分析,定位：CHEMISTRY 综合。读数精度由仪器最小分度决定，不能凭主观多写一位；容量瓶只能定容不能量取；平行测定取平均的前提是几次操作条件一致，离群数据要能说明原因后再舍弃，否则属于掩盖错误。,《2026/2027 一轮复习讲义·学生版 / 知识清单·学生版》文本判定
CHEMISTRY,探究型综合实验,探究型综合实验,CONCEPT,CHEMISTRY·综合·实验与方案设计·实验分析,定位：CHEMISTRY 综合。控制变量必须真正只变一个因素，否则所得结论不成立；检验顺序一旦颠倒，结论就要重新讨论。SO₂ 与 CO₂ 共存时要用“先检验 SO₂ 并除去、再检验 CO₂”的顺序，不能颠倒。,《2026/2027 一轮复习讲义·学生版 / 知识清单·学生版》文本判定
CHEMISTRY,实验试剂与仪器的规范描述,实验试剂与仪器的规范描述,CONCEPT,CHEMISTRY·综合·实验与方案设计·实验分析,定位：CHEMISTRY 综合。“写名称”与“写化学式”是两种要求，要看题干设问用词；试剂规格（浓度、饱和与否、酸碱性）常是区分实验效果的关键，不能省略。,《2026/2027 一轮复习讲义·学生版 / 知识清单·学生版》文本判定
CHEMISTRY,化学实验方案的评价,化学实验方案的评价,CONCEPT,CHEMISTRY·综合·实验与方案设计·实验分析,定位：CHEMISTRY 综合。这四个维度是检查清单，不是每个方案都全部涉及，作答时应针对题目给出的装置重点分析真正存在的问题，不要堆砌无关条目；“安全性”与“可行性”是并列维度，不能相互替代。,《2026/2027 一轮复习讲义·学生版 / 知识清单·学生版》文本判定
CHEMISTRY,速率-温度(压强)图像,速率-温度(压强)图像,CONCEPT,化学选择性必修1·第二章·化学平衡,定位：化学选择性必修1 第二章。比较的是速率的“变化幅度”而不是速率的绝对大小；交点才代表平衡状态；对反应前后气体分子数不变的反应，改变压强只同等程度地改变正、逆速率，平衡不移动。,《2026/2027 一轮复习讲义·学生版 / 知识清单·学生版》文本判定
CHEMISTRY,等温(等压)平衡曲线分析,等温(等压)平衡曲线分析,CONCEPT,CHEMISTRY·综合·综合·综合,定位：CHEMISTRY·综合·综合。只有曲线上的点才是平衡点，才可直接使用勒夏特列原理；判断曲线外点的移动方向必须与该点同温度（或同压强）下的平衡值比较；比较各点速率时以温度为主要依据，不能只看转化率的大小。,《2026/2027 一轮复习讲义·学生版 / 知识清单·学生版》文本判定
CHEMISTRY,离子推断的基本原则,离子推断的基本原则,CONCEPT,CHEMISTRY·综合·综合·综合,定位：CHEMISTRY·综合·综合。电荷守恒只能回答“某离子是否存在”这类问题，不能用来否定已经由实验证明存在的离子；使用进出性原则时要把每一步所加试剂引入的离子都记入（如加 BaCl2 引入 Cl-，加盐酸引入 Cl- 和 H+）。推断题一旦某一步判断错误会连锁出错，因此每,《2026/2027 一轮复习讲义·学生版 / 知识清单·学生版》文本判定
CHEMISTRY,乙烯的实验室制法,乙烯的实验室制法,CONCEPT,化学必修第二册·第七章·有机化合物,定位：化学必修第二册 第七章。温度计测的是反应液的温度而不是蒸气的温度；温度偏低会增大副反应的比例。因气体中混有 SO2、CO2 等杂质，在检验乙烯的还原性或加成性质之前必须先用碱液等除去杂质，否则 SO2 也会使溴水、酸性高锰酸钾溶液褪色，造成误判。,《2026/2027 一轮复习讲义·学生版 / 知识清单·学生版》文本判定
BIOLOGY,细胞自噬,细胞自噬,CONCEPT,BIOLOGY·综合·综合·综合,定位：BIOLOGY·综合·综合。溶酶体内的多种水解酶由核糖体合成经内质网、高尔基体加工后送入溶酶体，不是“在溶酶体内合成”；自噬不等于凋亡，普通自噬只是应急机制，只有激烈的自噬才可能诱导凋亡。,《2026/2027 一轮复习讲义·学生版 / 知识清单·学生版》文本判定
BIOLOGY,铁死亡,铁死亡,CONCEPT,BIOLOGY·综合·综合·综合,定位：BIOLOGY·综合·综合。铁死亡的关键词是“铁依赖”与“脂质过氧化”；形态上以线粒体改变为主、细胞核变化不明显，这正是它与凋亡（染色质固缩、核浓缩、形成凋亡小体）在形态上的重要区别。铁死亡属于程序性死亡，不要因为名称中有“死亡”就把它归入细胞坏死。,《2026/2027 一轮复习讲义·学生版 / 知识清单·学生版》文本判定
CHEMISTRY,晶胞参数与晶体密度的计算,晶胞参数与晶体密度的计算,CONCEPT,CHEMISTRY·综合·综合·综合,定位：CHEMISTRY·综合·综合。n 必须是均摊后一个晶胞实际含有的粒子数，不能直接用图形中画出的粒子总数；a 的单位必须换算成 cm 才能与 g/cm³ 配套；由密度反求粒子间距时还要结合粒子的相切关系与几何关系，不能直接把棱长当作粒子直径。,《2026/2027 一轮复习讲义·学生版 / 知识清单·学生版》文本判定
CHEMISTRY,金属晶体的空间利用率,金属晶体的空间利用率,CONCEPT,化学必修第一册·第三章·铁与金属材料,定位：化学必修第一册 第三章。每种堆积的“半径与晶胞参数的关系”必须与所含原子数配套使用：体心立方是体对角线为 4r，面心立方是面对角线为 4r，套错关系式会得到错误的晶胞参数；面心立方与六方最密堆积的利用率相同（约 74%），但晶胞形状与含原子数不同，不能相互替换。,《2026/2027 一轮复习讲义·学生版 / 知识清单·学生版》文本判定
CHEMISTRY,实验条件的控制,实验条件的控制,CONCEPT,CHEMISTRY·综合·实验与方案设计·实验分析,定位：CHEMISTRY 综合。吸收极易溶气体（HCl、HBr、NH3）必须用防倒吸装置，不能把导管直接插入液体中；H2、CO 等可燃性气体不能用溶液吸收，要用水封或点燃等方式处理；水浴与油浴对应的温度区间不同，选择加热方式要按所需温度判断。,《2026/2027 一轮复习讲义·学生版 / 知识清单·学生版》文本判定
CHEMISTRY,有机物制备实验的要点,有机物制备实验的要点,CONCEPT,化学必修第二册·第七章·有机化合物,定位：化学必修第二册 第七章。忘加沸石时必须先冷却再补加，直接向正在加热的液体中投入沸石会引起暴沸；冷凝回流的目的是减少挥发、提高产率，与蒸馏中“冷凝收集馏分”的作用不同，不要把两者混为一谈。,《2026/2027 一轮复习讲义·学生版 / 知识清单·学生版》文本判定
CHEMISTRY,物质的溶解与加热,物质的溶解与加热,CONCEPT,CHEMISTRY·综合·实验与方案设计·实验分析,定位：CHEMISTRY 综合。易水解的固体（FeCl3、AlCl3）溶解时不能加热，否则会因水解加剧而变浑浊；稀释浓硫酸必须“酸入水”并不断搅拌，绝不能在量筒中稀释；加热试管中的液体时管口不能对着自己或他人，液体体积不超过试管容积的三分之一。,《2026/2027 一轮复习讲义·学生版 / 知识清单·学生版》文本判定
CHEMISTRY,玻璃仪器的洗涤,玻璃仪器的洗涤,CONCEPT,CHEMISTRY·综合·实验与方案设计·实验分析,定位：CHEMISTRY 综合。判断洗净只能依据“是否形成均匀水膜”，不能以“看不到污物”或“用蒸馏水冲过”为标准；洗涤时应针对残留物的性质选择试剂，不能一律用毛刷硬刷（毛刷会划伤内壁，且对油脂、附着牢固的固体无效）。,《2026/2027 一轮复习讲义·学生版 / 知识清单·学生版》文本判定
CHEMISTRY,碳酸钠和碳酸氢钠的鉴别,碳酸钠和碳酸氢钠的鉴别,CONCEPT,化学必修第一册·第二章·钠及其化合物,定位：化学必修第一册 第二章。三种方法都要在“相同条件”下比较（相同的固体质量、相同的酸、相同的温度与浓度），否则结论不成立；用酚酞鉴别较稀溶液时颜色差异可能不明显，要注意稀溶液不能用酚酞鉴别；与酸反应时“产生气泡的快慢”与“开始是否产生气泡”是两种不同的观察角度。,《2026/2027 一轮复习讲义·学生版 / 知识清单·学生版》文本判定
BIOLOGY,下丘脑的功能,下丘脑的功能,CONCEPT,BIOLOGY·综合·综合·综合,定位：BIOLOGY·综合·综合。下丘脑是调节中枢而不是感觉中枢，产生渴觉、冷觉的是大脑皮层；下丘脑调控内分泌走的是“下丘脑分泌促激素释放激素→垂体分泌促激素→内分泌腺”的途径，不能把促激素释放激素与促激素混为一谈。,《2026/2027 一轮复习讲义·学生版 / 知识清单·学生版》文本判定
BIOLOGY,几丁质,几丁质,CONCEPT,BIOLOGY·综合·综合·综合,定位：BIOLOGY·综合·综合。几丁质属于多糖，但它是含氮多糖（由 N-乙酰葡糖胺聚合而成），不同于淀粉、纤维素等只含 C、H、O 的多糖；其功能清单多来自应用性研究结论，判断时要与结构组成类事实区分开，不能把“能改善糖尿病”等当作结构功能。,《2026/2027 一轮复习讲义·学生版 / 知识清单·学生版》文本判定
CHEMISTRY,化学电源的优点与优劣判断,化学电源的优点与优劣判断,CONCEPT,CHEMISTRY·综合·综合·综合,定位：CHEMISTRY·综合·综合。比能量、比功率都是“单位质量或单位体积”的指标，比较时不能只看电池的总能量或总功率；储存时间长短也是评价指标之一。,《2026/2027 一轮复习讲义·学生版 / 知识清单·学生版》文本判定
CHEMISTRY,多液电池的分析方法,多液电池的分析方法,CONCEPT,化学选择性必修1·第四章·电化学,定位：化学选择性必修1 第四章。多液电池中离子交换膜限定了离子的迁移方向与电极产物的存在形式，不能忽略膜的限定直接按单液电池书写产物。,《2026/2027 一轮复习讲义·学生版 / 知识清单·学生版》文本判定
CHEMISTRY,液流电池的特点与分析,液流电池的特点与分析,CONCEPT,化学选择性必修1·第四章·电化学,定位：化学选择性必修1 第四章。液流电池的容量由电解液的浓度与体积决定，加大储液罐不能提高电池的电动势；电极反应仍在正、负极表面进行。,《2026/2027 一轮复习讲义·学生版 / 知识清单·学生版》文本判定
CHEMISTRY,有机物结构的表示方法,有机物结构的表示方法,CONCEPT,化学必修第二册·第七章·有机化合物,定位：化学必修第二册 第七章。键线式省略氢原子，端点和拐点都代表碳原子，漏画端点或多算端点会导致碳原子数错误；结构简式中双键、三键的符号不可省。,《2026/2027 一轮复习讲义·学生版 / 知识清单·学生版》文本判定
CHEMISTRY,顺反异构与对映异构的判断,顺反异构与对映异构的判断,CONCEPT,CHEMISTRY·综合·综合·综合,定位：CHEMISTRY·综合·综合。双键一端连两个相同基团（如 CH2=）时无顺反异构；手性碳必须连 4 个互不相同的基团，含双键、三键的碳原子不可能是手性碳。,《2026/2027 一轮复习讲义·学生版 / 知识清单·学生版》文本判定
CHEMISTRY,有机物元素组成的定性分析,有机物元素组成的定性分析,CONCEPT,化学必修第二册·第七章·有机化合物,定位：化学必修第二册 第七章。判断是否含氧必须在“燃烧产物只有 CO2 和 H2O”的前提下进行质量比较；若有其他产物（如 SO2、N2）须先扣除相应元素的质量。,《2026/2027 一轮复习讲义·学生版 / 知识清单·学生版》文本判定
CHEMISTRY,李比希定量分析法,李比希定量分析法,CONCEPT,CHEMISTRY·综合·综合·综合,定位：CHEMISTRY·综合·综合。最简式只表示各元素原子的最简整数比，不能确定分子式；由最简式求分子式还须已知相对分子质量。;,《2026/2027 一轮复习讲义·学生版 / 知识清单·学生版》文本判定
CHEMISTRY,商余法确定烃的分子式,商余法确定烃的分子式,CONCEPT,化学必修第二册·第七章·有机化合物,定位：化学必修第二册 第七章。商余法只适用于仅含碳、氢两种元素的烃；含氧衍生物不能直接套用，需先扣除氧原子的质量或改用其他方法。,《2026/2027 一轮复习讲义·学生版 / 知识清单·学生版》文本判定
CHEMISTRY,燃烧通式与平均值法,燃烧通式与平均值法,CONCEPT,CHEMISTRY·综合·综合·综合,定位：CHEMISTRY·综合·综合。使用燃烧通式时水按液态还是气态处理会影响体积关系，体积计算必须在同温同压下进行；平均值法只能给出成分的范围，不能唯一确定组成。,《2026/2027 一轮复习讲义·学生版 / 知识清单·学生版》文本判定
CHEMISTRY,核磁共振氢谱,核磁共振氢谱,CONCEPT,CHEMISTRY·综合·综合·综合,定位：CHEMISTRY·综合·综合。峰面积比给的是氢原子个数的最简整数比，判读时要与分子式的氢原子总数核对（如面积比 3:2:1 与 6:4:2 等价）。,《2026/2027 一轮复习讲义·学生版 / 知识清单·学生版》文本判定
CHEMISTRY,红外光谱与质谱,红外光谱与质谱,CONCEPT,CHEMISTRY·综合·综合·综合,定位：CHEMISTRY·综合·综合。红外光谱只能确定分子中含有哪些基团，不能确定基团的数目与位置；质谱最右侧的分子离子峰对应相对分子质量，碎片的 m/z 与结构对应关系需要结合已知结构信息分析。,《2026/2027 一轮复习讲义·学生版 / 知识清单·学生版》文本判定
CHEMISTRY,甲烷氯代的自由基链反应机理,甲烷氯代的自由基链反应机理,CONCEPT,化学必修第一册·第二章·氯及其化合物,定位：化学必修第一册 第二章。链引发需要光提供能量使 Cl—Cl 均裂；若只写一个取代产物会漏掉多氯代产物，“五种产物”是该反应的常考结论。,《2026/2027 一轮复习讲义·学生版 / 知识清单·学生版》文本判定
CHEMISTRY,同位素示踪法研究酯水解断键,同位素示踪法研究酯水解断键,CONCEPT,化学选择性必修1·第三章·水溶液中的离子平衡,定位：化学选择性必修1 第三章。若用 HO 标记在醇一侧的氧上则标记会回到醇中，实验现象与结论不同；示踪实验的结论依赖标记原子所在的位置，不能混淆。,《2026/2027 一轮复习讲义·学生版 / 知识清单·学生版》文本判定
CHEMISTRY,有机结构分析方法的对比与选用,有机结构分析方法的对比与选用,CONCEPT,化学必修第二册·第七章·有机化合物,定位：化学必修第二册 第七章。对称结构中化学环境相同的氢只出一组峰（如乙烷只有 1 种氢、丙烷有 2 种氢），不能把分子中氢原子的总数直接当作峰数或面积比。,《2026/2027 一轮复习讲义·学生版 / 知识清单·学生版》文本判定
CHEMISTRY,有机反应机理与断键规律,有机反应机理与断键规律,CONCEPT,化学必修第二册·第七章·有机化合物,定位：化学必修第二册 第七章。同一反应物在不同条件下可发生不同类型的反应（乙醇与浓硫酸在 170 ℃ 消去、140 ℃ 取代），不能只看试剂判断反应类型；检验卤离子前必须先中和水解液中的碱。,《2026/2027 一轮复习讲义·学生版 / 知识清单·学生版》文本判定
CHEMISTRY,微型工艺流程的过程评价,微型工艺流程的过程评价,CONCEPT,化学必修第二册·第六章·化学反应与能量,定位：化学必修第二册 第六章。评价“某步骤是否合理”时要同时考虑原理可行性与经济性，只答“能反应”不足以得分；环保维度要落到三废处理与反应物毒性的具体表述。,《2026/2027 一轮复习讲义·学生版 / 知识清单·学生版》文本判定
BIOLOGY,影响物质跨膜运输速率的因素,影响物质跨膜运输速率的因素,CONCEPT,生物学必修1·第四章·物质的输入与输出,定位：生物学必修1 第四章。协助扩散的速率—浓度曲线会出现饱和（平台）段，这是与自由扩散曲线的关键区别；氧气含量为 0 时主动运输速率不为 0，因此不能用“过原点”判断主动运输。,《2026/2027 一轮复习讲义·学生版 / 知识清单·学生版》文本判定
BIOLOGY,物质跨膜运输方式的比较,物质跨膜运输方式的比较,CONCEPT,生物学必修1·第四章·物质的输入与输出,定位：生物学必修1 第四章。判断运输方式要综合“是否需载体、是否耗能、是否逆浓度”三个维度，不能只凭物质大小或是否带电判断；同一物质在不同细胞中运输方式可能不同。,《2026/2027 一轮复习讲义·学生版 / 知识清单·学生版》文本判定
BIOLOGY,探究物质跨膜运输方式的实验设计,探究物质跨膜运输方式的实验设计,CONCEPT,生物学必修1·第四章·物质的输入与输出,定位：生物学必修1 第四章。设计实验时必须遵循单一变量原则：探究能量影响时只改变能量供应条件，探究载体影响时只能改变载体条件，不能同时改变温度、浓度等多个变量。,《2026/2027 一轮复习讲义·学生版 / 知识清单·学生版》文本判定
CHEMISTRY,二氧化碳与碱反应图像题的解题步骤,二氧化碳与碱反应图像题的解题步骤,CONCEPT,CHEMISTRY·综合·综合·综合,定位：CHEMISTRY·综合·综合。阶段的划分依据是 CO2 与碱的物质的量之比而不是通入的绝对体积；向混合溶液滴加盐酸时要注意反应先后顺序（OH− 先被中和、CO3 2− 先转化为 HCO3 − 再放出 CO2），据此确定拐点位置。,《2026/2027 一轮复习讲义·学生版 / 知识清单·学生版》文本判定
CHEMISTRY,无机非金属材料的分类与特点,无机非金属材料的分类与特点,CONCEPT,化学必修第一册·第三章·铁与金属材料,定位：化学必修第一册 第三章。陶瓷、玻璃、水泥是三类典型的传统硅酸盐材料；新型无机非金属材料在组成上不再限于硅酸盐体系，判断类别时不能只看用途。,《2026/2027 一轮复习讲义·学生版 / 知识清单·学生版》文本判定
CHEMISTRY,碳纳米材料,碳纳米材料,CONCEPT,CHEMISTRY·综合·综合·综合,定位：CHEMISTRY·综合·综合。碳纳米材料与金刚石、石墨等传统碳单质组成元素相同但结构不同；判断材料类别时要区分“传统硅酸盐材料”“新型无机非金属材料”与“碳纳米材料”。,《2026/2027 一轮复习讲义·学生版 / 知识清单·学生版》文本判定
CHEMISTRY,化学基本概念题的解题策略,化学基本概念题的解题策略,CONCEPT,CHEMISTRY·综合·综合·综合,定位：CHEMISTRY·综合·综合。关键词中的否定词与限定词（不正确、一定、可能、少量、过量）是失分高发点，必须在读题时先标记；“回归教材”要求把新情境信息落到已学的物质性质上。,《2026/2027 一轮复习讲义·学生版 / 知识清单·学生版》文本判定
CHEMISTRY,电子式的书写注意事项,电子式的书写注意事项,REASONING,CHEMISTRY·综合·综合·综合,定位：CHEMISTRY·综合·综合。书写电子式前必须先判断化学键类型（离子键还是共价键）与原子连接顺序；离子必须标出电荷、原子的孤对电子必须画全，漏写孤对电子与写错连接顺序是最常见错误。,《2026/2027 一轮复习讲义·学生版 / 知识清单·学生版》文本判定
CHEMISTRY,化学用语书写规范,化学用语书写规范,CONCEPT,CHEMISTRY·综合·综合·综合,定位：CHEMISTRY·综合·综合。区分电离与水解看产物：生成 H3O+（或 H+）的为电离，生成 OH− 的为水解；同一离子（如 HS−）既能电离又能水解，书写时不能混淆。结构简式省去单键时不能把官能团也省掉。,《2026/2027 一轮复习讲义·学生版 / 知识清单·学生版》文本判定
CHEMISTRY,研究有机化合物的一般方法,研究有机化合物的一般方法,CONCEPT,化学必修第二册·第七章·有机化合物,定位：化学必修第二册 第七章。研究顺序不能颠倒：不先分离提纯，杂质会干扰元素分析与波谱判断；波谱分析给出基团与氢环境，官能团的确证还要靠特征反应（化学方法）。,《2026/2027 一轮复习讲义·学生版 / 知识清单·学生版》文本判定
CHEMISTRY,氧化还原反应概念的辨析方法,氧化还原反应概念的辨析方法,REASONING,化学必修第一册·第一章·离子反应与氧化还原,定位：化学必修第一册 第一章。含同种元素不同价态物质间的反应，产物必须按“高价＋低价→中间价”判断，不能出现交叉（如 H2SO4 与 H2S 反应不会生成 SO2 与 S 的交叉产物）。,《2026/2027 一轮复习讲义·学生版 / 知识清单·学生版》文本判定
CHEMISTRY,价态规律及其应用,价态规律及其应用,CONCEPT,CHEMISTRY·综合·综合·综合,定位：CHEMISTRY·综合·综合。归中规律只适用于含同种元素的物质之间的反应；歧化反应中同种元素既被氧化又被还原，其化合价必须处于中间价态。判断产物时不能出现价态交叉。,《2026/2027 一轮复习讲义·学生版 / 知识清单·学生版》文本判定
CHEMISTRY,强弱规律及其应用,强弱规律及其应用,CONCEPT,CHEMISTRY·综合·综合·综合,定位：CHEMISTRY·综合·综合。使用“强者先反应”必须同时考虑量的多少：氧化剂（或还原剂）不足时才只与最强的一种反应，足量时依次反应完所有还原剂（或氧化剂）。,《2026/2027 一轮复习讲义·学生版 / 知识清单·学生版》文本判定
CHEMISTRY,先后规律及其应用,先后规律及其应用,CONCEPT,CHEMISTRY·综合·综合·综合,定位：CHEMISTRY·综合·综合。先后顺序的判断以“还原性（氧化性）强者优先”为准则；记忆强弱顺序时氧化性与还原性顺序是反向对应的，不能记混。,《2026/2027 一轮复习讲义·学生版 / 知识清单·学生版》文本判定
CHEMISTRY,氧化还原反应的守恒规律,氧化还原反应的守恒规律,CONCEPT,化学必修第一册·第一章·离子反应与氧化还原,定位：化学必修第一册 第一章。三个守恒要同时满足；电荷守恒用于确定离子方程式中 H+、OH− 或 H2O 的系数，电子守恒用于确定氧化剂与还原剂的系数比。,《2026/2027 一轮复习讲义·学生版 / 知识清单·学生版》文本判定
CHEMISTRY,离子推断的四项原则,离子推断的四项原则,CONCEPT,CHEMISTRY·综合·综合·综合,定位：CHEMISTRY·综合·综合。推断结论必须用电中性原则核对电荷守恒；操作中引入的离子（如加入盐酸引入的 Cl−、加入 BaCl2 引入的 Ba2+）不能当作原溶液的成分。,《2026/2027 一轮复习讲义·学生版 / 知识清单·学生版》文本判定
CHEMISTRY,陌生化学方程式的书写方法,陌生化学方程式的书写方法,CONCEPT,CHEMISTRY·综合·综合·综合,定位：CHEMISTRY·综合·综合。产物预测必须以元素常见价态与介质环境（酸碱性）为依据；氧化还原反应中电子守恒与电荷守恒要同时满足，只配平原子个数往往出错。,《2026/2027 一轮复习讲义·学生版 / 知识清单·学生版》文本判定
BIOLOGY,归纳法,归纳法,CONCEPT,BIOLOGY·综合·综合·综合,定位：BIOLOGY·综合·综合。判断依据是“是否考察了全部对象”：把研究对象穷举完再归纳属完全归纳，由部分对象推到全部属不完全归纳；不完全归纳的结论不能当作必然结论。,《2026/2027 一轮复习讲义·学生版 / 知识清单·学生版》文本判定
BIOLOGY,光系统与电子传递链,光系统与电子传递链,CONCEPT,BIOLOGY·综合·综合·综合,定位：BIOLOGY·综合·综合。叶绿体类囊体膜上的质子梯度由水的光解与电子传递建立，线粒体内膜上的质子梯度由电子传递建立；两处的电子供体与受体不同（H2O 与 NADP+、NADH 与 O2），不能混淆。,《2026/2027 一轮复习讲义·学生版 / 知识清单·学生版》文本判定
BIOLOGY,过敏反应,过敏反应,CONCEPT,生物学选择性必修1·第四章·免疫调节,定位：生物学选择性必修1 第四章。过敏反应必须“再次接触”相同的过敏原才会发生；不能把一切免疫反应过强都归为过敏反应（自身免疫病是免疫系统攻击自身成分）。,《2026/2027 一轮复习讲义·学生版 / 知识清单·学生版》文本判定
BIOLOGY,自身免疫病与免疫缺陷病,自身免疫病与免疫缺陷病,CONCEPT,生物学选择性必修1·第四章·免疫调节,定位：生物学选择性必修1 第四章。三类免疫失调的区分：过敏反应针对外来过敏原、自身免疫病针对自身成分、免疫缺陷病是免疫功能不足；使用免疫抑制剂会降低整体免疫能力，须权衡利弊。,《2026/2027 一轮复习讲义·学生版 / 知识清单·学生版》文本判定
BIOLOGY,艾滋病（HIV）,艾滋病（HIV）,CONCEPT,BIOLOGY·综合·综合·综合,定位：BIOLOGY·综合·综合。HIV 攻击的主要是辅助性 T 细胞，最终使免疫功能几乎全部丧失；日常接触（握手、共餐）不会传播艾滋病，不能把“接触”等同于传播途径。,《2026/2027 一轮复习讲义·学生版 / 知识清单·学生版》文本判定
CHEMISTRY,硫与变价金属的反应规律,硫与变价金属的反应规律,CONCEPT,化学必修第二册·第五章·硫氮及其化合物,定位：化学必修第二册 第五章。\n不要把硫与铁、铜反应的产物写成高价硫化物；由产物价态反推氧化性强弱时要保证其他条件相同。,《2026/2027 一轮复习讲义·学生版 / 知识清单·学生版》文本判定
CHEMISTRY,硫化氢的性质,硫化氢的性质,CONCEPT,化学必修第二册·第五章·硫氮及其化合物,定位：化学必修第二册 第五章。\n与O2反应的产物随氧气用量不同而不同，写方程式要先判断谁过量；H2S有毒，所有涉及H2S的实验都必须考虑尾气吸收。,《2026/2027 一轮复习讲义·学生版 / 知识清单·学生版》文本判定
CHEMISTRY,氢硫酸的性质与硫化氢的检验,氢硫酸的性质与硫化氢的检验,CONCEPT,化学必修第二册·第五章·硫氮及其化合物,定位：化学必修第二册 第五章。\n检验H2S要防止逸散，必须在通风橱中操作；不能用浓硫酸干燥H2S；制取H2S不能用强氧化性酸代替稀硫酸。,《2026/2027 一轮复习讲义·学生版 / 知识清单·学生版》文本判定
CHEMISTRY,二氧化硫的实验室制法与SO2和CO2的鉴别,二氧化硫的实验室制法与SO2和CO2的鉴别,CONCEPT,化学必修第二册·第五章·硫氮及其化合物,定位：化学必修第二册 第五章。\n不能用澄清石灰水鉴别SO2与CO2；检验共存时必须先除尽SO2再检验CO2，且要有确认SO2已除尽的现象；酸性KMnO4溶液也可用溴水替代。,《2026/2027 一轮复习讲义·学生版 / 知识清单·学生版》文本判定
CHEMISTRY,三类漂白剂的区别,三类漂白剂的区别,CONCEPT,化学必修第一册·第二章·氯及其化合物,定位：化学必修第一册 第二章。\nSO2不能漂白石蕊，只能使石蕊变红；三类漂白剂的褪色是否复原是最常见的鉴别依据，不能只凭“褪色”就判断漂白类型。,《2026/2027 一轮复习讲义·学生版 / 知识清单·学生版》文本判定
CHEMISTRY,硫酸根离子的检验,硫酸根离子的检验,CONCEPT,化学必修第二册·第五章·硫氮及其化合物,定位：化学必修第二册 第五章。\n不能用硝酸酸化，也不能用Ba(NO3)2溶液，因为酸性条件下NO3⁻会把SO3²⁻氧化成SO4²⁻造成假阳性；盐酸酸化后若出现沉淀，应先过滤除去AgCl再加BaCl2。,《2026/2027 一轮复习讲义·学生版 / 知识清单·学生版》文本判定
CHEMISTRY,硫代硫酸钠,硫代硫酸钠,CONCEPT,化学必修第一册·第二章·钠及其化合物,定位：化学必修第一册 第二章。\nNa2S2O3中硫的平均价态为＋2；与碘反应生成S4O6²⁻而不过度氧化，只有遇到强氧化剂才生成SO4²⁻；与酸反应属自身歧化，要写清产物是S与SO2。,《2026/2027 一轮复习讲义·学生版 / 知识清单·学生版》文本判定
CHEMISTRY,焦亚硫酸钠,焦亚硫酸钠,CONCEPT,化学必修第一册·第二章·钠及其化合物,定位：化学必修第一册 第二章。\n焦亚硫酸钠与过二硫酸钠的价态不同（＋4与＋6），不要混淆；使用与保存要避免与强氧化剂接触与受潮。,《2026/2027 一轮复习讲义·学生版 / 知识清单·学生版》文本判定
CHEMISTRY,过二硫酸钠,过二硫酸钠,CONCEPT,化学必修第一册·第二章·钠及其化合物,定位：化学必修第一册 第二章。\n不能按中心元素硫的价态（＋6价已是最高价）判断氧化性来源；硫元素反应前后价态不变是高频考点，容易误判成硫被还原。,《2026/2027 一轮复习讲义·学生版 / 知识清单·学生版》文本判定
CHEMISTRY,硒和碲及其化合物的性质,硒和碲及其化合物的性质,CONCEPT,化学必修第二册·第五章·硫氮及其化合物,定位：化学必修第二册 第五章。\n同族元素自上而下非金属性减弱，SeO2、TeO2的氧化性强于SO2；判断氧化物是否为两性氧化物要用“既溶于强酸又溶于强碱”的判据。,《2026/2027 一轮复习讲义·学生版 / 知识清单·学生版》文本判定
CHEMISTRY,臭氧,臭氧,CONCEPT,CHEMISTRY·综合·综合·综合,定位：CHEMISTRY·综合·综合。\n臭氧与氧气互为同素异形体，不能视为同一种物质；臭氧的漂白属氧化型，与SO2的化合型漂白区别明显。,《2026/2027 一轮复习讲义·学生版 / 知识清单·学生版》文本判定
CHEMISTRY,过氧化氢,过氧化氢,CONCEPT,化学必修第一册·第四章·物质结构元素周期律,定位：化学必修第一册 第四章。\nH2O2中氧为－1价，既具氧化性又具还原性；判断与另一物质反应时H2O2作氧化剂还是还原剂，要看对方氧化性强弱。,《2026/2027 一轮复习讲义·学生版 / 知识清单·学生版》文本判定
CHEMISTRY,传统文化类试题的解题方法,传统文化类试题的解题方法,CONCEPT,CHEMISTRY·综合·综合·综合,定位：CHEMISTRY·综合·综合。\n指南针的原理与化学无关；古籍中的碱多指K2CO3而不是NaOH；判断变化类型不能只凭烧、炼等字就断定是化学变化（沙里淘金属物理方法）。,《2026/2027 一轮复习讲义·学生版 / 知识清单·学生版》文本判定
CHEMISTRY,化学与营养及常见的食品添加剂,化学与营养及常见的食品添加剂,CONCEPT,CHEMISTRY·综合·综合·综合,定位：CHEMISTRY·综合·综合。\n功能与实例要一一对应（如膨松剂是碳酸氢钠而不是硫酸钙）；不能一概认为含添加剂就有害；除营养强化剂外的添加剂作用是改善色泽、风味、形态或延长保质期，不是补充营养。,《2026/2027 一轮复习讲义·学生版 / 知识清单·学生版》文本判定
CHEMISTRY,食品的保护与食品袋中的干燥剂,食品的保护与食品袋中的干燥剂,CONCEPT,CHEMISTRY·综合·综合·综合,定位：CHEMISTRY·综合·综合。\n干燥剂选择要同时考虑吸水性与安全性；葡萄酒中SO2的作用是抗氧化与抑菌而不是漂白；生石灰与熟石灰、石灰石不能混为一谈。,《2026/2027 一轮复习讲义·学生版 / 知识清单·学生版》文本判定
CHEMISTRY,化学与医药的常考常识,化学与医药的常考常识,CONCEPT,CHEMISTRY·综合·综合·综合,定位：CHEMISTRY·综合·综合。\nBaSO4与BaCO3的溶解性差异是常考陷阱；医用酒精使蛋白质变性属于蛋白质性质的变化但不是氧化还原反应；抗酸药不能选碱性强的NaOH、Na2CO3。,《2026/2027 一轮复习讲义·学生版 / 知识清单·学生版》文本判定
CHEMISTRY,水垢的成分与除水垢方法,水垢的成分与除水垢方法,CONCEPT,CHEMISTRY·综合·综合·综合,定位：CHEMISTRY·综合·综合。\n除水垢不用硫酸的原因是产物微溶并覆盖表面；硬水与软水的区别在于钙、镁离子含量，与水的酸碱性无关；水垢中既有碳酸盐又有氢氧化物。,《2026/2027 一轮复习讲义·学生版 / 知识清单·学生版》文本判定
CHEMISTRY,洗涤与去污中的化学原理,洗涤与去污中的化学原理,CONCEPT,CHEMISTRY·综合·实验与方案设计·实验分析,定位：CHEMISTRY 综合。\n去油污的实质是碱促进油脂水解而不是溶解油污；泡沫灭火器利用双水解反应，不能按复分解的形式书写；硬水去污能力差是因为生成了不溶性的高级脂肪酸盐。,《2026/2027 一轮复习讲义·学生版 / 知识清单·学生版》文本判定
CHEMISTRY,气体泄漏的检验与白烟白雾辨析,气体泄漏的检验与白烟白雾辨析,REASONING,CHEMISTRY·综合·实验与方案设计·实验分析,定位：CHEMISTRY 综合。\n白烟是固体小颗粒、白雾是小液滴，答题时不能混用；Cl2与NH3反应除生成NH4Cl外还有N2生成，注意配平与现象描述。,《2026/2027 一轮复习讲义·学生版 / 知识清单·学生版》文本判定
CHEMISTRY,干冰萤石与三类玻璃的成分,干冰萤石与三类玻璃的成分,CONCEPT,化学必修第二册·第五章第三节·无机非金属材料,定位：化学必修第二册 第五章第三节。\n三类玻璃的成分与材料类别不同，分类题中不能笼统称为玻璃；干冰是CO2的固态形式不是水冰；萤石的主要成分是CaF2，不要与石英(SiO2)混淆。,《2026/2027 一轮复习讲义·学生版 / 知识清单·学生版》文本判定
CHEMISTRY,为化学作出贡献的科学家与重大成就,为化学作出贡献的科学家与重大成就,CONCEPT,CHEMISTRY·综合·综合·综合,定位：CHEMISTRY·综合·综合。\n黑火药中硫黄燃烧只生成SO2；指南针虽涉及Fe3O4但工作原理与化学无关，判断时要看题干强调的是物理性质还是化学性质；青蒿素提取用的是乙醚萃取而不是水煮。,《2026/2027 一轮复习讲义·学生版 / 知识清单·学生版》文本判定
CHEMISTRY,中国古代的酿酒工艺,中国古代的酿酒工艺,CONCEPT,CHEMISTRY·综合·综合·综合,定位：CHEMISTRY·综合·综合。\n糖化是水解过程（大分子变小分子），发酵是产生酒精与CO2的过程；蒸馏属物理分离，判断变化类型时不要把它当作化学变化。,《2026/2027 一轮复习讲义·学生版 / 知识清单·学生版》文本判定
CHEMISTRY,玻璃纤维的性质与用途,玻璃纤维的性质与用途,CONCEPT,化学必修第二册·第五章第三节·无机非金属材料,定位：化学必修第二册 第五章第三节。\n玻璃纤维与玻璃钢不是同一种材料；分类题要先判成分再判是否复合，不要只凭名称中的玻璃二字归类。,《2026/2027 一轮复习讲义·学生版 / 知识清单·学生版》文本判定
CHEMISTRY,中国古代的冶金化学,中国古代的冶金化学,CONCEPT,CHEMISTRY·综合·综合·综合,定位：CHEMISTRY·综合·综合。\n湿法炼铜体现铁的活动性大于铜，书写方程式要配平；沙里淘金是物理变化，不要写成化学反应；不要把胆铜法与电解法混淆。,《2026/2027 一轮复习讲义·学生版 / 知识清单·学生版》文本判定
CHEMISTRY,常考经典史籍中的化学知识,常考经典史籍中的化学知识,CONCEPT,CHEMISTRY·综合·综合·综合,定位：CHEMISTRY·综合·综合。\n文言中的碱多指K2CO3而不是NaOH；石灰在古文语境中常指CaCO3；丹砂(HgS)是红色固体；判断时要以原文描述的现象与物质性质对应为准。,《2026/2027 一轮复习讲义·学生版 / 知识清单·学生版》文本判定
CHEMISTRY,传统文化类试题的解题三步曲,传统文化类试题的解题三步曲,CONCEPT,CHEMISTRY·综合·综合·综合,定位：CHEMISTRY·综合·综合。\n第二步最容易出错，须把熬、煎炼、渍等词与具体操作准确对应；不要把溶解、蒸发、结晶与蒸馏混淆；现象描述（白烟与白雾）也是常设陷阱。,《2026/2027 一轮复习讲义·学生版 / 知识清单·学生版》文本判定
CHEMISTRY,由性质与产物推断官能团的位置,由性质与产物推断官能团的位置,CONCEPT,化学必修第二册·第七章·有机化合物,定位：化学必修第二册 第七章。\n判断位置要同时使用性质与定量数据，单一现象不足以定位；一卤代物种类推断时要考虑对称性，避免漏算等效氢。,《2026/2027 一轮复习讲义·学生版 / 知识清单·学生版》文本判定
CHEMISTRY,常用计量仪器的使用与检漏,常用计量仪器的使用与检漏,CONCEPT,CHEMISTRY·综合·实验与方案设计·实验分析,定位：CHEMISTRY 综合。容量瓶不能用于溶解、稀释与长期贮存溶液；酸式滴定管不能装碱性溶液、碱式滴定管不能装酸性或强氧化性溶液，两条限制都是高频考点。,《2026/2027 一轮复习讲义·学生版 / 知识清单·学生版》文本判定
CHEMISTRY,分液漏斗的使用,分液漏斗的使用,CONCEPT,CHEMISTRY·综合·实验与方案设计·实验分析,定位：CHEMISTRY 综合。检漏时旋转塞子的目的是检验塞子在不同方向是否都密封；分液时若不放气会造成内部压强过大而漏液或塞子冲出。,《2026/2027 一轮复习讲义·学生版 / 知识清单·学生版》文本判定
CHEMISTRY,干燥管与洗气瓶的作用,干燥管与洗气瓶的作用,CONCEPT,CHEMISTRY·综合·实验与方案设计·实验分析,定位：CHEMISTRY 综合。判断干燥管作用要先看它在装置中的位置：中间位置多为干燥或检验，最后位置多为防污染与防干扰；定量实验中缺少最后的干燥管会使测定结果偏小，这是常考误差分析点。,《2026/2027 一轮复习讲义·学生版 / 知识清单·学生版》文本判定
CHEMISTRY,防倒吸装置,防倒吸装置,CONCEPT,CHEMISTRY·综合·实验与方案设计·实验分析,定位：CHEMISTRY 综合。\n三类装置的差别在于液体最终的去向：回流、被接收或始终不与导管接触；判断装置能否防倒吸要看导管口是否与液体直接连通。,《2026/2027 一轮复习讲义·学生版 / 知识清单·学生版》文本判定
CHEMISTRY,仪器的洗涤,仪器的洗涤,CONCEPT,CHEMISTRY·综合·实验与方案设计·实验分析,定位：CHEMISTRY 综合。不能用去污粉刷洗容量瓶、滴定管等精密量器（会磨损刻度）；不能根据“用水冲不掉”就乱用强碱或强酸，要先判断残留物的性质。,《2026/2027 一轮复习讲义·学生版 / 知识清单·学生版》文本判定
CHEMISTRY,常见试剂的保存方法,常见试剂的保存方法,CONCEPT,CHEMISTRY·综合·实验与方案设计·实验分析,定位：CHEMISTRY 综合。\n判断瓶塞材质：碱用橡胶塞、酸与氧化剂用玻璃塞；HF不能接触玻璃；检验保存方式的题目要落到试剂的具体性质上。,《2026/2027 一轮复习讲义·学生版 / 知识清单·学生版》文本判定
CHEMISTRY,物质的溶解与稀释操作,物质的溶解与稀释操作,CONCEPT,CHEMISTRY·综合·实验与方案设计·实验分析,定位：CHEMISTRY 综合。\n稀释顺序的依据是密度大小与放热：水入酸会因局部剧烈放热而飞溅；易水解的盐溶液不能直接加热浓缩，需在酸性条件下进行。,《2026/2027 一轮复习讲义·学生版 / 知识清单·学生版》文本判定
CHEMISTRY,多官能团有机物与试剂的定量关系,多官能团有机物与试剂的定量关系,CONCEPT,化学必修第二册·第七章·有机化合物,定位：化学必修第二册 第七章。\n苯酚与Na2CO3反应只生成NaHCO3；甲醛相当于含2个醛基，消耗试剂为普通醛的2倍；酯基耗碱量要判断水解产物中是否有酚羟基。,《2026/2027 一轮复习讲义·学生版 / 知识清单·学生版》文本判定
CHEMISTRY,有机物原子共线共面的判断,有机物原子共线共面的判断,CONCEPT,化学必修第二册·第七章·有机化合物,定位：化学必修第二册 第七章。判断“一定共面”只适用于刚性平面结构，凡涉及单键旋转的只能用“最多共面”；数原子时不要漏算氢原子，也不要重复计数。,《2026/2027 一轮复习讲义·学生版 / 知识清单·学生版》文本判定
CHEMISTRY,手性碳原子与手性分子,手性碳原子与手性分子,CONCEPT,化学选择性必修2·物质结构与性质·分子的空间结构,定位：化学选择性必修2 物质结构与性质。\n含手性碳的分子是手性分子，但手性分子不一定含手性碳（如某些具有手性轴的联苯类化合物）；判断取代基是否相同时要考虑整条链的结构而不是只比较第一个原子。,《2026/2027 一轮复习讲义·学生版 / 知识清单·学生版》文本判定
CHEMISTRY,卤素单质氧化性强弱的比较实验,卤素单质氧化性强弱的比较实验,CONCEPT,CHEMISTRY·综合·实验与方案设计·实验分析,定位：CHEMISTRY 综合。\n实验只需比较相邻两种卤素即可推出完整顺序；现象描述必须写清“由某色变为某色”与发生变化的装置；尾气要用碱液吸收。,《2026/2027 一轮复习讲义·学生版 / 知识清单·学生版》文本判定
CHEMISTRY,拟卤素与卤素互化物,拟卤素与卤素互化物,CONCEPT,CHEMISTRY·综合·综合·综合,定位：CHEMISTRY·综合·综合。\n(CN)2与NaOH的反应是歧化型氧化还原反应（碳元素化合价由＋3分别变为＋2与＋4）；而ICl与NaOH的反应中碘为＋1价、氯为－1价，反应前后价态不变，属非氧化还原反应。判断氧化还原不能只看“与碱反应”，要分析化合价变化。,《2026/2027 一轮复习讲义·学生版 / 知识清单·学生版》文本判定
BIOLOGY,遗传学基本概念与符号,遗传学基本概念与符号,CONCEPT,生物学必修2·第一章第二节·遗传的基本规律,定位：生物学必修2 第一章第二节。\n显隐性是对“F1表现的性状”而言，不能脱离杂交组合讨论；相对性状必须满足“同种生物、同一性状、不同表现类型”三个条件。,《2026/2027 一轮复习讲义·学生版 / 知识清单·学生版》文本判定
BIOLOGY,雄性不育的类型,雄性不育的类型,CONCEPT,BIOLOGY·综合·综合·综合,定位：BIOLOGY·综合·综合。\n细胞质雄性不育属于细胞质遗传，不遵循孟德尔遗传定律，与核不育的遗传方式要严格区分。,《2026/2027 一轮复习讲义·学生版 / 知识清单·学生版》文本判定
BIOLOGY,下丘脑在稳态调节中的作用,下丘脑在稳态调节中的作用,CONCEPT,生物学选择性必修1·第一章·内环境与稳态,定位：生物学选择性必修1 第一章。\n抗利尿激素的合成部位是下丘脑、释放部位是垂体，两者不能混答；下丘脑是调节中枢，渴觉等感觉在大脑皮层产生，也不能混答。,《2026/2027 一轮复习讲义·学生版 / 知识清单·学生版》文本判定
BIOLOGY,生命活动调节方式的三种模型,生命活动调节方式的三种模型,CONCEPT,BIOLOGY·综合·综合·综合,定位：BIOLOGY·综合·综合。\n举例时要把“刺激—感受器/内分泌腺—效应”的链条写完整；“神经—体液调节”中神经递质与激素的作用顺序不能颠倒。,《2026/2027 一轮复习讲义·学生版 / 知识清单·学生版》文本判定
BIOLOGY,生命活动调节实验的设计要点,生命活动调节实验的设计要点,CONCEPT,BIOLOGY·综合·综合·综合,定位：BIOLOGY·综合·综合。\n肽类激素必须注射，是常考的判断点；空白对照组注射生理盐水而不是蒸馏水，也是常设陷阱。,《2026/2027 一轮复习讲义·学生版 / 知识清单·学生版》文本判定
CHEMISTRY,常见危险化学品标志与实验事故处理,常见危险化学品标志与实验事故处理,CONCEPT,CHEMISTRY·综合·实验与方案设计·实验分析,定位：CHEMISTRY 综合。\n浓硫酸沾到皮肤必须先“用干布拭去”再用水冲（直接冲水会因溶解放热加重灼伤）；钠、钾着火不能用水或泡沫灭火器；金属钠、钾取用后须放回原试剂瓶。,《2026/2027 一轮复习讲义·学生版 / 知识清单·学生版》文本判定
CHEMISTRY,化学实验中的防火防爆与防暴沸,化学实验中的防火防爆与防暴沸,CONCEPT,CHEMISTRY·综合·实验与方案设计·实验分析,定位：CHEMISTRY 综合。\n判断安全性问题的常见设错点：是否验纯、是否先撤导管后停加热、是否用湿抹布而不是水灭火、加沸石与浓硫酸稀释的顺序与原因。,《2026/2027 一轮复习讲义·学生版 / 知识清单·学生版》文本判定
CHEMISTRY,装置气密性的检查方法,装置气密性的检查方法,CONCEPT,CHEMISTRY·综合·实验与方案设计·实验分析,定位：CHEMISTRY 综合。\n描述现象必须写清“是否形成稳定的液柱或液面差”与“能否恢复”；检查气密性必须在加入试剂之前进行，这是实验步骤题的常见失分点。,《2026/2027 一轮复习讲义·学生版 / 知识清单·学生版》文本判定
CHEMISTRY,氮氧化物与氧气混合溶于水的计算,氮氧化物与氧气混合溶于水的计算,CONCEPT,化学必修第二册·第五章·硫氮及其化合物,定位：化学必修第二册 第五章。该方法只适用于气体恰好被完全吸收的情形：O2 过量时会有 O2 剩余，NO 过量时会有一氧化氮放出；计算前要先判断哪种物质过量。,《2026/2027 一轮复习讲义·学生版 / 知识清单·学生版》文本判定
CHEMISTRY,物质的溶解与气体的吸收,物质的溶解与气体的吸收,CONCEPT,CHEMISTRY·综合·实验与方案设计·实验分析,定位：CHEMISTRY 综合。易错点：稀释浓硫酸时不能把水加入浓硫酸中，否则局部剧烈放热会使液体飞溅；易水解的盐溶解时要用少量对应的酸抑制水解，不能加热。,《2026/2027 一轮复习讲义·学生版 / 知识清单·学生版》文本判定
CHEMISTRY,物质的加热操作,物质的加热操作,CONCEPT,CHEMISTRY·综合·实验与方案设计·实验分析,定位：CHEMISTRY 综合。易错点：试管口向下倾斜只适用于给固体加热；液体加热时管口不能对着人；玻璃仪器外壁有水时直接加热容易炸裂。,《2026/2027 一轮复习讲义·学生版 / 知识清单·学生版》文本判定
CHEMISTRY,仪器的洗涤与洗净标准,仪器的洗涤与洗净标准,CONCEPT,CHEMISTRY·综合·实验与方案设计·实验分析,定位：CHEMISTRY 综合。易错点：判断仪器是否洗净看内壁水膜是否均匀，不能只看有没有污渍；所选洗涤剂必须能溶解残留物或与残留物反应，且不能腐蚀仪器。,《2026/2027 一轮复习讲义·学生版 / 知识清单·学生版》文本判定
CHEMISTRY,仪器的安装与连接顺序,仪器的安装与连接顺序,CONCEPT,CHEMISTRY·综合·实验与方案设计·实验分析,定位：CHEMISTRY 综合。易错点：洗气瓶和干燥管的进出口接反会使液体被压出或气体干燥不充分；干燥管必须大进小出，否则干燥剂会被气流冲散。,《2026/2027 一轮复习讲义·学生版 / 知识清单·学生版》文本判定
CHEMISTRY,化学实验安全与事故处理,化学实验安全与事故处理,CONCEPT,CHEMISTRY·综合·实验与方案设计·实验分析,定位：CHEMISTRY 综合。易错点：事故处理总原则是先切断危险源再处理，酸碱溅到皮肤上都先用大量水冲洗；活泼金属着火不能用水和含水的灭火剂扑救。,《2026/2027 一轮复习讲义·学生版 / 知识清单·学生版》文本判定
CHEMISTRY,化学试剂的保存方法,化学试剂的保存方法,CONCEPT,CHEMISTRY·综合·实验与方案设计·实验分析,定位：CHEMISTRY 综合。易错点：瓶塞选择取决于试剂性质——碱性溶液用橡胶塞、酸性或强氧化性溶液用玻璃塞；见光易分解的试剂必须用棕色瓶避光保存。,《2026/2027 一轮复习讲义·学生版 / 知识清单·学生版》文本判定
CHEMISTRY,氢氧化钠的性质与制取,氢氧化钠的性质与制取,CONCEPT,化学必修第一册·第二章·钠及其化合物,定位：化学必修第一册 第二章。易错点：NaOH 固体易潮解、易吸收空气中的 CO2 而变质，必须密封保存；盛放 NaOH 溶液的试剂瓶必须用橡胶塞而不能用玻璃塞。,《2026/2027 一轮复习讲义·学生版 / 知识清单·学生版》文本判定
CHEMISTRY,化学实验基本操作禁忌,化学实验基本操作禁忌,CONCEPT,CHEMISTRY·综合·实验与方案设计·实验分析,定位：CHEMISTRY 综合。易错点：这三条禁忌考查的是实验安全意识，判断时先看操作对象是否为气体或可燃物，再看操作顺序是否颠倒了必要的准备步骤。,《2026/2027 一轮复习讲义·学生版 / 知识清单·学生版》文本判定
CHEMISTRY,电解精炼铜,电解精炼铜,CONCEPT,化学选择性必修1·第四章·电化学,定位：化学选择性必修1 第四章。只适用于以粗铜为阳极的电解精炼；若阳极本身就是纯铜，则溶液中铜离子浓度基本不变，此时属于电镀或电解提纯的理想情况。,《2026/2027 一轮复习讲义·学生版 / 知识清单·学生版》文本判定
CHEMISTRY,氯及其化合物的转化关系,氯及其化合物的转化关系,CONCEPT,化学必修第一册·第二章·氯及其化合物,定位：化学必修第一册 第二章。酸性条件下ClO-具有强氧化性，与Cl-归中生成氯气，因此漂白粉不能与盐酸混用；氯气与铁反应生成FeCl3而不是FeCl2。,《2026/2027 一轮复习讲义·学生版 / 知识清单·学生版》文本判定
CHEMISTRY,相对原子质量,相对原子质量,CONCEPT,CHEMISTRY·综合·综合·综合,定位：CHEMISTRY·综合·综合。“元素的相对原子质量”是对该元素所有天然同位素而言的加权平均值，“原子的相对原子质量”只针对某一种核素；质量数只是近似值。,《2026/2027 一轮复习讲义·学生版 / 知识清单·学生版》文本判定
CHEMISTRY,核反应方程的分析,核反应方程的分析,CONCEPT,CHEMISTRY·综合·综合·综合,定位：CHEMISTRY·综合·综合。核反应方程的配平必须同时满足质量数守恒与电荷数守恒，两个方程缺一不可；不要用“配平化学方程式”的思路来处理核反应。,《2026/2027 一轮复习讲义·学生版 / 知识清单·学生版》文本判定
CHEMISTRY,电子云与原子轨道轮廓图,电子云与原子轨道轮廓图,CONCEPT,CHEMISTRY·综合·综合·综合,定位：CHEMISTRY·综合·综合。电子云的“密”与“疏”反映的是概率密度而不是电子个数；s轨道为球形无方向性，p轨道有3个互相垂直的伸展方向，两者不要混淆。,《2026/2027 一轮复习讲义·学生版 / 知识清单·学生版》文本判定
CHEMISTRY,原子光谱与电子跃迁,原子光谱与电子跃迁,CONCEPT,化学选择性必修2·物质结构与性质·原子结构与元素周期表,定位：化学选择性必修2 物质结构与性质。发射光谱是电子由高能级跃迁到低能级时放光形成的，吸收光谱则相反；不同元素的谱线不同，因此可用于元素鉴定，但不能用于测定相对分子质量。,《2026/2027 一轮复习讲义·学生版 / 知识清单·学生版》文本判定
BIOLOGY,血红蛋白的结构与功能,血红蛋白的结构与功能,CONCEPT,BIOLOGY·综合·综合·综合,定位：BIOLOGY·综合·综合。血红蛋白的分子病属于基因突变导致的蛋白质结构异常，不能等同于营养不良；杂合子一般无临床症状但具有抗疟优势，属于杂合子优势的典型例子。,《2026/2027 一轮复习讲义·学生版 / 知识清单·学生版》文本判定
BIOLOGY,DNA指纹技术,DNA指纹技术,CONCEPT,BIOLOGY·综合·综合·综合,定位：BIOLOGY·综合·综合。DNA指纹依据的是高度重复序列的个体特异性，检材（血、毛发等）都能提供DNA；条带完全一致才能认定为同一个体，部分一致时需要做统计分析。,《2026/2027 一轮复习讲义·学生版 / 知识清单·学生版》文本判定
CHEMISTRY,能源的分类与开发利用,能源的分类与开发利用,CONCEPT,化学选择性必修1·第一章·反应热与能量,定位：化学选择性必修1 第一章。能源分类的依据不同则结论不同，答题时要按题给分类标准作答；新能源目前受制取与储存成本限制，不能认为已经全面替代化石能源,《2026/2027 一轮复习讲义·学生版 / 知识清单·学生版》文本判定
CHEMISTRY,反应热的五种计算方法,反应热的五种计算方法,CONCEPT,化学选择性必修1·第一章·反应热与能量,定位：化学选择性必修1 第一章。各方法的适用前提不同：燃烧热法要求完全燃烧且产物为指定状态；键能法要求键能数据与物质的聚集状态一致并注意键数；盖斯定律法要求各反应的温度条件相同,《2026/2027 一轮复习讲义·学生版 / 知识清单·学生版》文本判定
BIOLOGY,λ曲线分析,λ曲线分析,CONCEPT,BIOLOGY·综合·综合·综合,定位：BIOLOGY·综合·综合。λ只表示相邻时段种群数量的倍数而不是增长率；分段判断只适用于按时间顺序给出的λ变化曲线，若曲线本身有波动，要逐段按λ与1的关系判断,《2026/2027 一轮复习讲义·学生版 / 知识清单·学生版》文本判定
BIOLOGY,种群研究的应用,种群研究的应用,CONCEPT,生物学选择性必修2·第一二章·种群与群落,定位：生物学选择性必修2 第一二章。保护与防治的目标不同，措施方向也不同：保护濒危物种要提高环境容纳量，防治有害生物要降低环境容纳量，不能把两类措施混用,《2026/2027 一轮复习讲义·学生版 / 知识清单·学生版》文本判定
CHEMISTRY,电离平衡常数,电离平衡常数,CONCEPT,化学选择性必修1·第二章·化学平衡,定位：化学选择性必修1 第二章。书写K表达式时只代入平衡时的离子与分子浓度，水的浓度与固体不写入；K只随温度改变，稀释或加同离子都不会改变K,《2026/2027 一轮复习讲义·学生版 / 知识清单·学生版》文本判定
CHEMISTRY,化学方程式中的定量关系,化学方程式中的定量关系,CONCEPT,CHEMISTRY·综合·综合·综合,定位：CHEMISTRY·综合·综合。计量数之比等于气体体积之比只在同温同压下成立；反应物或生成物为固体、液体时只能用物质的量之比，不能类比体积之比,《2026/2027 一轮复习讲义·学生版 / 知识清单·学生版》文本判定
CHEMISTRY,物质的量在化学方程式计算中的步骤,物质的量在化学方程式计算中的步骤,CONCEPT,化学必修第一册·第一章·物质分类与转化,定位：化学必修第一册 第一章。物质的量、质量与气体体积不能混用；只有同温同压下的气体才可用体积比代替物质的量之比，固体与溶液必须用质量或物质的量,《2026/2027 一轮复习讲义·学生版 / 知识清单·学生版》文本判定
CHEMISTRY,守恒法,守恒法,CONCEPT,CHEMISTRY·综合·综合·综合,定位：CHEMISTRY·综合·综合。守恒法适用于能确定前后不变的物理量；若过程有物质逸出或加入，须把逸出与加入的部分一并计入，否则等量关系不成立,《2026/2027 一轮复习讲义·学生版 / 知识清单·学生版》文本判定
CHEMISTRY,氯化铝的结构与性质,氯化铝的结构与性质,CONCEPT,化学必修第一册·第二章·氯及其化合物,定位：化学必修第一册 第二章。AlCl3是共价化合物而非离子化合物，其熔融态不导电，故工业上电解Al2O3而不电解AlCl3制铝；判断配离子时要指明配位键的存在,《2026/2027 一轮复习讲义·学生版 / 知识清单·学生版》文本判定
CHEMISTRY,滴加顺序不同现象不同,滴加顺序不同现象不同,CONCEPT,CHEMISTRY·综合·综合·综合,定位：CHEMISTRY·综合·综合。互滴现象差异只在两物质能连续反应（先生成中间产物再继续反应）时出现；若只发生一步反应，滴加顺序不影响现象,《2026/2027 一轮复习讲义·学生版 / 知识清单·学生版》文本判定
CHEMISTRY,卤素互化物与拟卤素,卤素互化物与拟卤素,CONCEPT,CHEMISTRY·综合·综合·综合,定位：CHEMISTRY·综合·综合。卤素互化物与拟卤素只是性质与卤素相似，其组成与化合价不同于卤素单质；书写方程式必须按实际价态分析，不能直接套用卤素单质的方程式,《2026/2027 一轮复习讲义·学生版 / 知识清单·学生版》文本判定
CHEMISTRY,离子放电顺序与电解产物判断,离子放电顺序与电解产物判断,CONCEPT,化学选择性必修1·第四章·电化学,定位：化学选择性必修1 第四章。放电顺序只在溶液中适用，电解熔融盐或氧化物时按离子本身的放电难易判断；活性电极作阳极时阳极不生成非金属单质，不能套用惰性电极的产物,《2026/2027 一轮复习讲义·学生版 / 知识清单·学生版》文本判定
CHEMISTRY,离子交换膜的种类与作用,离子交换膜的种类与作用,CONCEPT,CHEMISTRY·综合·综合·综合,定位：CHEMISTRY·综合·综合。交换膜只改变离子迁移的路径，不改变电极反应本身；判断某离子能否通过要看膜的种类，不能只按离子的电荷数判断,《2026/2027 一轮复习讲义·学生版 / 知识清单·学生版》文本判定
CHEMISTRY,元素推断的常用方法,元素推断的常用方法,CONCEPT,化学必修第一册·第四章·物质结构元素周期律,定位：化学必修第一册 第四章。周期表中相邻位置的原子序数差值关系只适用于主族元素，过渡元素处不成立；由共价键数目推断时要考虑H、B、Al等元素的特殊性以及配位键的存在,《2026/2027 一轮复习讲义·学生版 / 知识清单·学生版》文本判定
BIOLOGY,DNA分子中碱基数量关系,DNA分子中碱基数量关系,CONCEPT,BIOLOGY·综合·综合·综合,定位：BIOLOGY·综合·综合。上述比例只适用于双链DNA，单链DNA与RNA不满足A=T、G=C；求某碱基在双链中的比例时不能直接把单链比例搬用，要用两条链的平均值,《2026/2027 一轮复习讲义·学生版 / 知识清单·学生版》文本判定
BIOLOGY,DNA复制的数量关系,DNA复制的数量关系,CONCEPT,生物学必修2·第三四章·遗传的分子基础,定位：生物学必修2 第三四章。计算前要看碱基的单位是“对”还是“个”，并分清问的是“DNA分子数”还是“链数”、“含有”还是“只含有”；原核生物与真核生物复制起点数目不同，但数量关系式相同,《2026/2027 一轮复习讲义·学生版 / 知识清单·学生版》文本判定
BIOLOGY,DNA分子的多样性与特异性,DNA分子的多样性与特异性,CONCEPT,生物学必修2·第五六章·变异与进化,定位：生物学必修2 第五六章。多样性来自碱基对的排列顺序而不是碱基种类或数量；计算可能的排列数时以碱基对为基准，n个碱基对对应4^n种排列,《2026/2027 一轮复习讲义·学生版 / 知识清单·学生版》文本判定
BIOLOGY,DNA复制的拓展,DNA复制的拓展,CONCEPT,生物学必修2·第三四章·遗传的分子基础,定位：生物学必修2 第三四章。引物在细胞内是RNA、在PCR中是DNA，化学本质不同；冈崎片段只出现在后随链上，前导链是连续合成的,《2026/2027 一轮复习讲义·学生版 / 知识清单·学生版》文本判定
CHEMISTRY,离子反应先后顺序的判断,离子反应先后顺序的判断,CONCEPT,化学必修第一册·第一章·离子反应与氧化还原,定位：化学必修第一册 第一章。先后顺序与溶液的浓度、用量有关，题目给定物质的量之比不同则结论不同；氧化还原顺序与酸碱中和顺序要分别判断后再综合考虑。,《2026/2027 一轮复习讲义·学生版 / 知识清单·学生版》文本判定
CHEMISTRY,氢氧化铝沉淀量的计算,氢氧化铝沉淀量的计算,CONCEPT,化学必修第一册·第三章·铁与金属材料,定位：化学必修第一册 第三章。上述关系式只在向铝盐溶液中加强碱且体系中无其他消耗碱的离子时成立；若溶液中还有 H+、Mg2+、NH4+ 等，要先扣除它们消耗的碱。,《2026/2027 一轮复习讲义·学生版 / 知识清单·学生版》文本判定
CHEMISTRY,铝热反应,铝热反应,CONCEPT,化学必修第一册·第三章·铁与金属材料,定位：化学必修第一册 第三章。铝只能与活动性排在铝之后的金属氧化物反应，铝不能与 MgO 反应；铝热反应不用于大量冶炼铁、铜，因为要考虑冶炼成本。,《2026/2027 一轮复习讲义·学生版 / 知识清单·学生版》文本判定
CHEMISTRY,铝盐与碱反应的图像分析,铝盐与碱反应的图像分析,CONCEPT,化学必修第一册·第三章·铁与金属材料,定位：化学必修第一册 第三章。分析图像前先判断滴加顺序与溶液组成；出现“先无沉淀后沉淀”或“沉淀部分溶解”时，要按离子反应的先后顺序逐段写出对应方程式。,《2026/2027 一轮复习讲义·学生版 / 知识清单·学生版》文本判定
CHEMISTRY,四羟基合铝酸盐的性质,四羟基合铝酸盐的性质,CONCEPT,化学必修第一册·第三章·铁与金属材料,定位：化学必修第一册 第三章。把 [Al(OH)4]- 简写成 AlO2- 时容易漏写 H2O 而导致配平错误；与过量弱酸（CO2、H2S）反应只生成 Al(OH)3，不会生成 Al3+。,《2026/2027 一轮复习讲义·学生版 / 知识清单·学生版》文本判定
BIOLOGY,外源基因整合位置的判断,外源基因整合位置的判断,CONCEPT,生物学必修2·第一章第二节·遗传的基本规律,定位：生物学必修2 第一章第二节。判断整合位置前要确认外源基因能正常表达；出现偏离比例时还要考虑致死、拷贝数与表达沉默等因素，不能只归因于整合位置。,《2026/2027 一轮复习讲义·学生版 / 知识清单·学生版》文本判定
CHEMISTRY,实验室制取氯气的其他方法,实验室制取氯气的其他方法,CONCEPT,化学必修第一册·第二章·氯及其化合物,定位：化学必修第一册 第二章。不同氧化剂对应的盐酸浓度要求不同，判断“能否用稀盐酸”要看氧化剂的氧化性强弱；含氯尾气必须处理，不能直接排放。,《2026/2027 一轮复习讲义·学生版 / 知识清单·学生版》文本判定
CHEMISTRY,盐桥的作用,盐桥的作用,CONCEPT,CHEMISTRY·综合·综合·综合,定位：CHEMISTRY·综合·综合。盐桥只起导电与平衡电荷的作用，不参与电极反应；选择盐桥中的电解质时要避免与池中溶液发生沉淀等副反应。,《2026/2027 一轮复习讲义·学生版 / 知识清单·学生版》文本判定
CHEMISTRY,原子分数坐标,原子分数坐标,CONCEPT,CHEMISTRY·综合·综合·综合,定位：CHEMISTRY·综合·综合。坐标原点与坐标轴取向可以不同，答案会随坐标系的选取而变化，答题时必须与题目给定的已知坐标保持一致；晶胞内原子的分数坐标取值范围一般在0到1之间。,《2026/2027 一轮复习讲义·学生版 / 知识清单·学生版》文本判定
CHEMISTRY,晶体中配位数的确定,晶体中配位数的确定,CONCEPT,CHEMISTRY·综合·综合·综合,定位：CHEMISTRY·综合·综合。配位数只统计“最接近且等距离”的微粒，距离稍远的不计入；离子晶体中只数异种电性离子，同种离子之间不算配位数。,《2026/2027 一轮复习讲义·学生版 / 知识清单·学生版》文本判定
CHEMISTRY,晶胞密度的计算,晶胞密度的计算,CONCEPT,CHEMISTRY·综合·综合·综合,定位：CHEMISTRY·综合·综合。代入公式前必须把长度单位统一到厘米、密度统一到 g/cm³；Z 必须是均摊后的微粒数，直接使用顶点数等未均摊的数据会导致结果错误。,《2026/2027 一轮复习讲义·学生版 / 知识清单·学生版》文本判定
BIOLOGY,表观遗传,表观遗传,CONCEPT,生物学必修2·第一章第二节·遗传的基本规律,定位：生物学必修2 第一章第二节。与表型模拟的区别：两者都由环境改变引起且遗传信息都没有改变，但表观遗传引起的表型变化是可遗传的，表型模拟引起的性状改变不可遗传。,《2026/2027 一轮复习讲义·学生版 / 知识清单·学生版》文本判定
CHEMISTRY,多池串联装置,多池串联装置,CONCEPT,CHEMISTRY·综合·实验与方案设计·实验分析,定位：CHEMISTRY 综合。多池装置要逐池分析，不能把一个池的电极名称直接套用到另一个池上；判断电极时要看电流或电子的流向。,《2026/2027 一轮复习讲义·学生版 / 知识清单·学生版》文本判定
CHEMISTRY,键的极性对化学性质的影响,键的极性对化学性质的影响,CONCEPT,化学选择性必修2·物质结构与性质·分子的空间结构,定位：化学选择性必修2 物质结构与性质。**易错点**：吸电子基团使酸性增强，推电子基团（烃基）使酸性减弱，不要记反；比较无机含氧酸酸性时看非羟基氧原子数（即 $n$ 值），$n$ 相同再比较 R 的非金属性；本规律只适用于同类型含氧酸，不适合直接比较不同元素不同价态的酸。,《2026/2027 一轮复习讲义·学生版 / 知识清单·学生版》文本判定
CHEMISTRY,手性分子,手性分子,CONCEPT,化学选择性必修2·物质结构与性质·分子的空间结构,定位：化学选择性必修2 物质结构与性质。**“4 个不同基团”必须逐一核对**，如 $CH_2Cl_2$、$CH_3CHClCH_3$ 中碳原子所连基团有重复，不是手性碳原子；碳原子形成双键、三键或处于对称环境时不能作手性碳原子；手性异构体的化学性质并非完全相同，在酶或受体等手性,《2026/2027 一轮复习讲义·学生版 / 知识清单·学生版》文本判定
CHEMISTRY,物质的溶解与稀释,物质的溶解与稀释,CONCEPT,CHEMISTRY·综合·实验与方案设计·实验分析,定位：CHEMISTRY 综合。**稀释浓硫酸时绝不能把水注入浓硫酸**；易水解的盐（$FeCl_3$、$Al_2(SO_4)_3$ 等）配制时要用相应的酸抑制水解；溶解过程要注意仪器选择与散热，热的溶液不能立即转移到容量瓶。。,《2026/2027 一轮复习讲义·学生版 / 知识清单·学生版》文本判定
CHEMISTRY,装置气密性检查,装置气密性检查,CONCEPT,CHEMISTRY·综合·实验与方案设计·实验分析,定位：CHEMISTRY 综合。**必须在装药品之前检查气密性**；微热法中“松开手后形成稳定水柱”是关键现象，只写气泡不算完整；液差法必须夹紧弹簧夹并形成液面差后静置观察；抽气法要说明活塞能回到原位。。,《2026/2027 一轮复习讲义·学生版 / 知识清单·学生版》文本判定
CHEMISTRY,化学实验基本操作规范,化学实验基本操作规范,CONCEPT,CHEMISTRY·综合·实验与方案设计·实验分析,定位：CHEMISTRY 综合。**锥形瓶不能润洗，而滴定管要用待装液润洗**，两者不能混；容量瓶、滴定管、分液漏斗用前查漏，天平用前调零，不能张冠李戴；蒸馏温度计测的是蒸气温度，水银球在支管口而不是插入液面；碎瓷片必须冷却后补加。,《2026/2027 一轮复习讲义·学生版 / 知识清单·学生版》文本判定
CHEMISTRY,化学实验安全与试剂保存,化学实验安全与试剂保存,CONCEPT,CHEMISTRY·综合·实验与方案设计·实验分析,定位：CHEMISTRY 综合。**先撤导管再撤酒精灯**是防倒吸的关键顺序，写反即错；钠、钾、白磷用剩要放回原试剂瓶（白磷保存在水中）；CO 有毒不能直接排放；碱性溶液用橡胶塞、见光分解或强氧化性试剂用棕色瓶，瓶塞与瓶体的选择要匹配。。,《2026/2027 一轮复习讲义·学生版 / 知识清单·学生版》文本判定
BIOLOGY,核酸是遗传信息的携带者,核酸是遗传信息的携带者,CONCEPT,生物学必修1·第二章·细胞的分子组成,定位：生物学必修1 第二章。**DNA 碱基数与氨基酸数的 6∶3∶1 比例是在不考虑内含子与终止密码子的前提下成立**；双缩脲试剂检测的是肽键而不是蛋白质本身，二苯胺用于检测 DNA（需沸水浴）；DNA 主要分布在细胞核但线粒体、叶绿体中也有；病毒只含一种核酸，其遗,《2026/2027 一轮复习讲义·学生版 / 知识清单·学生版》文本判定
CHEMISTRY,极端假设法确定可逆反应的浓度范围,极端假设法确定可逆反应的浓度范围,CONCEPT,CHEMISTRY·综合·综合·综合,定位：CHEMISTRY·综合·综合。双向极值都要假设；平衡值落在区间内而不能取“完全转化”的端点；固体、纯液体不参与浓度区间判断,《2026/2027 一轮复习讲义·学生版 / 知识清单·学生版》文本判定
CHEMISTRY,分步法书写陌生非氧化还原方程式,分步法书写陌生非氧化还原方程式,CONCEPT,化学必修第一册·第一章·离子反应与氧化还原,定位：化学必修第一册 第一章。分步反应必须在同一条件下能够发生；加合后要检查两边原子与电荷是否守恒；不能凭印象直接写总反应而漏掉中间产物,《2026/2027 一轮复习讲义·学生版 / 知识清单·学生版》文本判定
CHEMISTRY,试剂的保存方法,试剂的保存方法,CONCEPT,CHEMISTRY·综合·实验与方案设计·实验分析,定位：CHEMISTRY 综合。碱性溶液不能用玻璃塞；液溴需水封且不能用橡胶塞；见光分解的物质要用棕色瓶并放在阴凉处；固体与液体分别用广口瓶与细口瓶,《2026/2027 一轮复习讲义·学生版 / 知识清单·学生版》文本判定
CHEMISTRY,工业制硫酸的流程与原理,工业制硫酸的流程与原理,CONCEPT,化学必修第二册·第五章·硫氮及其化合物,定位：化学必修第二册 第五章。吸收SO3用98.3%的硫酸而不是水，目的是防止酸雾并提高吸收率；接触室中未反应的SO2与O2需循环利用；黄铁矿中硫为-1价,《2026/2027 一轮复习讲义·学生版 / 知识清单·学生版》文本判定
CHEMISTRY,相对原子质量与近似相对原子质量,相对原子质量与近似相对原子质量,CONCEPT,CHEMISTRY·综合·综合·综合,定位：CHEMISTRY·综合·综合。元素相对原子质量必须按丰度加权，不能取算术平均；近似相对原子质量用质量数代替核素相对原子质量；核素相对原子质量与质量数是两个不同概念,《2026/2027 一轮复习讲义·学生版 / 知识清单·学生版》文本判定
CHEMISTRY,基态、激发态与原子光谱,基态、激发态与原子光谱,CONCEPT,化学选择性必修2·物质结构与性质·原子结构与元素周期表,定位：化学选择性必修2 物质结构与性质。基态到激发态吸收能量对应吸收光谱、激发态到基态释放能量对应发射光谱；焰色反应与霓虹灯发光属于物理变化而不是化学变化；光谱分析用于鉴定元素种类,《2026/2027 一轮复习讲义·学生版 / 知识清单·学生版》文本判定
CHEMISTRY,不另加试剂鉴别的两种方法,不另加试剂鉴别的两种方法,CONCEPT,CHEMISTRY·综合·实验与方案设计·实验分析,定位：CHEMISTRY 综合。两两混合法必须先建立现象对照表再锁定特殊物质；顺序滴加法只适用于互滴时现象不同的组合；不加试剂不等于不做任何操作,《2026/2027 一轮复习讲义·学生版 / 知识清单·学生版》文本判定
CHEMISTRY,纯碱中碳酸钠含量的测定方法,纯碱中碳酸钠含量的测定方法,CONCEPT,化学必修第一册·第二章·钠及其化合物,定位：化学必修第一册 第二章。气体法要除尽CO2中的水蒸气；沉淀法必须洗涤并干燥至恒重；由BaCO3的物质的量直接等于Na2CO3的物质的量,《2026/2027 一轮复习讲义·学生版 / 知识清单·学生版》文本判定
CHEMISTRY,反应热的规范表述,反应热的规范表述,CONCEPT,化学选择性必修1·第一章·反应热与能量,定位：化学选择性必修1 第一章。只给数值不给符号（把放热写成 ΔH ＝ 57.3 kJ·mol−1）会被判错；“中和热为 57.3 kJ·mol−1”与“ΔH ＝ －57.3 kJ·mol−1”两种写法中的符号含义不同，需按题目要求选择。,《2026/2027 一轮复习讲义·学生版 / 知识清单·学生版》文本判定
CHEMISTRY,化学反应方向的传统判断方法,化学反应方向的传统判断方法,CONCEPT,CHEMISTRY·综合·综合·综合,定位：CHEMISTRY·综合·综合。这些经验规律都是热力学判据的定性表述，只能判断反应方向的可能性，不能说明反应速率快慢或能否实际发生；复分解反应要求生成沉淀、气体或弱电解质。“高温下进行”的酸酐置换等反应需要具体温度条件。,《2026/2027 一轮复习讲义·学生版 / 知识清单·学生版》文本判定
CHEMISTRY,有机物制备实验的思路与操作要点,有机物制备实验的思路与操作要点,CONCEPT,化学必修第二册·第七章·有机化合物,定位：化学必修第二册 第七章。五步思路是答题的骨架而不是知识本身，具体作答时每一步都要落到题给物质的名称、状态与反应条件上；原子利用率与污染属于“绿色化学”要求，只作选择依据，不改变反应事实。,《2026/2027 一轮复习讲义·学生版 / 知识清单·学生版》文本判定
CHEMISTRY,乙酰水杨酸的实验室制备,乙酰水杨酸的实验室制备,CONCEPT,CHEMISTRY·综合·实验与方案设计·实验分析,定位：CHEMISTRY 综合。浓硫酸作催化剂且用量少；乙酸酐过量以提高水杨酸的转化率；饱和碳酸氢钠溶液的作用是中和硫酸、把未反应的水杨酸转化为可溶性盐而与产品分离；用冷水洗涤是为了减少产品溶解损失。,《2026/2027 一轮复习讲义·学生版 / 知识清单·学生版》文本判定
CHEMISTRY,有机物制备的装置设计与除杂,有机物制备的装置设计与除杂,CONCEPT,化学必修第二册·第七章·有机化合物,定位：化学必修第二册 第七章。除杂顺序要“先除杂后干燥”，且气体除杂要先除酸性气体再干燥；蒸馏分离互溶液体必须控制沸点差；饱和 Na2CO3 溶液不能用于除去乙酸乙酯中的水（会降低酯的溶解度属于优点，但不等于干燥）。,《2026/2027 一轮复习讲义·学生版 / 知识清单·学生版》文本判定
CHEMISTRY,产率计算与误差分析,产率计算与误差分析,CONCEPT,化学必修第二册·第六章·化学反应与能量,定位：化学必修第二册 第六章。产率与转化率不是同一个概念：转化率指某一反应物反应的百分数，产率是实际产量与理论产量的比值；有多种反应物时必须以不足量的那种物质计算理论产量，不能取平均值。,《2026/2027 一轮复习讲义·学生版 / 知识清单·学生版》文本判定
CHEMISTRY,溶质的质量分数,溶质的质量分数,CONCEPT,CHEMISTRY·综合·综合·综合,定位：CHEMISTRY·综合·综合。与物质的量浓度换算时需要通过密度作桥梁，换算式为 c ＝ 1000ρw÷M（ρ 单位 g·cm−3、M 单位 g·mol−1）；把 w 当作“每 100 g 溶液中的溶质克数”，不要与溶解度混淆。,《2026/2027 一轮复习讲义·学生版 / 知识清单·学生版》文本判定
CHEMISTRY,固体和气体的溶解度,固体和气体的溶解度,CONCEPT,CHEMISTRY·综合·实验与方案设计·实验分析,定位：CHEMISTRY 综合。固体溶解度必须指明温度、100 g 溶剂且溶液达到饱和三个前提；气体溶解度用体积表示而不用质量；氢氧化钙的溶解度随温度升高而减小，是常考的“反常”物质。,《2026/2027 一轮复习讲义·学生版 / 知识清单·学生版》文本判定
CHEMISTRY,溶解度曲线及其应用,溶解度曲线及其应用,CONCEPT,CHEMISTRY·综合·实验与方案设计·实验分析,定位：CHEMISTRY 综合。曲线上的点对应的溶液是饱和溶液，曲线上方的点表示过饱和或有溶质剩余的状态，曲线下方的点表示不饱和溶液；读数时必须对应温度，不能把不同温度下的溶解度直接比较大小。,《2026/2027 一轮复习讲义·学生版 / 知识清单·学生版》文本判定
CHEMISTRY,溶质判断与溶液体积的易错点,溶质判断与溶液体积的易错点,REASONING,CHEMISTRY·综合·综合·综合,定位：CHEMISTRY·综合·综合。把 Na2CO3·10H2O 的物质的量当作溶质 Na2CO3 的物质的量是正确的，但若用其质量除以 Na2CO3 的摩尔质量则错误；气体溶于水求浓度时，溶剂的体积不能当作溶液体积，必须加上溶解气体的质量再除以密度。,《2026/2027 一轮复习讲义·学生版 / 知识清单·学生版》文本判定
CHEMISTRY,容量瓶及其使用注意事项,容量瓶及其使用注意事项,REASONING,CHEMISTRY·综合·实验与方案设计·实验分析,定位：CHEMISTRY 综合。定容时必须用胶头滴管加水至凹液面最低处与刻度线相切；检漏要正倒各一次并旋转瓶塞 180°；“大而近”原则常与配制 480 mL 溶液必须按 500 mL 计算溶质质量一起考查。,《2026/2027 一轮复习讲义·学生版 / 知识清单·学生版》文本判定
BIOLOGY,生物模型的类型,生物模型的类型,CONCEPT,BIOLOGY·综合·综合·综合,定位：BIOLOGY·综合·综合。判断类型看呈现形式：实物、图画属于物理模型，文字框图、关系图解属于概念模型，公式、曲线、表格属于数学模型；DNA双螺旋结构模型是物理模型而不是数学模型；模型是简化的概括性描述，需要随研究深入不断修正。,《2026/2027 一轮复习讲义·学生版 / 知识清单·学生版》文本判定
BIOLOGY,干细胞,干细胞,CONCEPT,生物学必修1·第六章·细胞的生命历程,定位：生物学必修1 第六章。干细胞的特点在于“能分裂、能分化”，不是“能无限增殖”；成体干细胞的分化潜能通常小于胚胎干细胞；干细胞培养用于修复时还要考虑免疫排斥等问题。,《2026/2027 一轮复习讲义·学生版 / 知识清单·学生版》文本判定
BIOLOGY,细胞坏死与细胞自噬,细胞坏死与细胞自噬,CONCEPT,BIOLOGY·综合·综合·综合,定位：BIOLOGY·综合·综合。细胞坏死是被动的、由外界因素引起，细胞自噬与凋亡是主动的、由基因调控；激烈的自噬会导致凋亡，不能认为自噬一定有利于细胞存活；自噬依赖溶酶体中的水解酶，自噬异常与多种疾病相关。,《2026/2027 一轮复习讲义·学生版 / 知识清单·学生版》文本判定
BIOLOGY,端粒与端粒酶,端粒与端粒酶,CONCEPT,生物学必修1·第五章·酶与ATP,定位：生物学必修1 第五章。\n端粒酶是逆转录酶，以自身含有的 RNA 为模板，不是以 DNA 为模板；端粒缩短只是细胞衰老的机制之一；正常体细胞中端粒酶活性低，把端粒酶简单视为“抗衰老手段”会忽略其与癌变的关系。,《2026/2027 一轮复习讲义·学生版 / 知识清单·学生版》文本判定
CHEMISTRY,物质制备流程与条件控制,物质制备流程与条件控制,CONCEPT,CHEMISTRY·综合·综合·综合,定位：CHEMISTRY·综合·综合。易错点：排气与控温要针对具体物质选择而不能套用模板；排空气时要考虑气体是否可燃或有毒；控制低温并非温度越低越好,《2026/2027 一轮复习讲义·学生版 / 知识清单·学生版》文本判定
CHEMISTRY,有机制备实验的操作要点,有机制备实验的操作要点,CONCEPT,化学必修第二册·第七章·有机化合物,定位：化学必修第二册 第七章。易错点：温度计位置与控制反应温度、收集馏分两种目的对应不同位置，是最常考的细节；产率计算要用实际产量比理论产量，不能反过来,《2026/2027 一轮复习讲义·学生版 / 知识清单·学生版》文本判定
CHEMISTRY,产率的计算,产率的计算,CONCEPT,化学必修第二册·第六章·化学反应与能量,定位：化学必修第二册 第六章。产率以不足量反应物为计算基准，不能用过量反应物计算；有可逆反应或副反应时理论产量仍按完全转化的化学计量关系计算。,《2026/2027 一轮复习讲义·学生版 / 知识清单·学生版》文本判定
CHEMISTRY,有机物的制备实验,有机物的制备实验,CONCEPT,化学必修第二册·第七章·有机化合物,定位：化学必修第二册 第七章。易错点：只关注主反应而忽略副反应与杂质来源会导致分离方案设计错误；途径的选择要兼顾产率与环保，不能只看步骤多少,《2026/2027 一轮复习讲义·学生版 / 知识清单·学生版》文本判定
CHEMISTRY,有机物制备实验题的分析模型,有机物制备实验题的分析模型,CONCEPT,化学必修第二册·第七章·有机化合物,定位：化学必修第二册 第七章。分析必须有题给信息（熔点、沸点、溶解性、副反应）支撑；不能脱离题目给出的物质性质凭空设计提纯方案。,《2026/2027 一轮复习讲义·学生版 / 知识清单·学生版》文本判定
CHEMISTRY,水的电离平衡曲线,水的电离平衡曲线,CONCEPT,化学选择性必修1·第三章·水溶液中的离子平衡,定位：化学选择性必修1 第三章。加酸、加碱只能使点沿同一条曲线移动，不会改变 KW；只有改变温度才会跳到另一条曲线上。,《2026/2027 一轮复习讲义·学生版 / 知识清单·学生版》文本判定
CHEMISTRY,水电离出的离子浓度的计算,水电离出的离子浓度的计算,CONCEPT,化学选择性必修1·第三章·水溶液中的离子平衡,定位：化学选择性必修1 第三章。酸、碱溶液中不能把溶液中总 c(H+) 或总 c(OH-) 当作水电离出的浓度；同一溶液中水电离出的两种离子浓度永远相等，必须先判断哪种离子全部来自水再计算。,《2026/2027 一轮复习讲义·学生版 / 知识清单·学生版》文本判定
CHEMISTRY,氧化还原滴定,氧化还原滴定,CONCEPT,化学选择性必修1·第三章·水溶液中的离子平衡,定位：化学选择性必修1 第三章。氧化还原滴定的定量计算必须按电子守恒列式，不能想当然地用方程式中的物质的量之比；若滴定剂或待测物本身有颜色可作为自身指示剂，则不必另加指示剂；反应需要在适宜的条件下进行，条件不足时反应可能不完全。,《2026/2027 一轮复习讲义·学生版 / 知识清单·学生版》文本判定
BIOLOGY,果蝇作为遗传学实验材料的优点,果蝇作为遗传学实验材料的优点,CONCEPT,生物学必修2·第一章第二节·遗传的基本规律,定位：生物学必修2 第一章第二节。果蝇的优点要与豌豆区分：豌豆是自花传粉、闭花受粉且有多对易于区分的相对性状，果蝇是有性生殖、繁殖快、染色体数目少，两种材料作为遗传学材料的理由不同，不能混答。,《2026/2027 一轮复习讲义·学生版 / 知识清单·学生版》文本判定
BIOLOGY,性染色体的传递规律,性染色体的传递规律,CONCEPT,生物学必修2·第五六章·变异与进化,定位：生物学必修2 第五六章。该传递规律以性染色体决定性别为前提，雌雄同体的生物无性染色体，不能套用；母女之间传递的 X 不一定是同一条，只能说来自母方的任意一条。,《2026/2027 一轮复习讲义·学生版 / 知识清单·学生版》文本判定
BIOLOGY,调查人群中的遗传病,调查人群中的遗传病,CONCEPT,生物学必修2·第一章第二节·遗传的基本规律,定位：生物学必修2 第一章第二节。发病率必须在人群中随机取样，在患者家系中调查会使发病率偏高；调查遗传方式则必须在患者家系中进行，两种调查的对象与目的不能混淆。,《2026/2027 一轮复习讲义·学生版 / 知识清单·学生版》文本判定
BIOLOGY,遗传病的检测与预防,遗传病的检测与预防,CONCEPT,生物学必修2·第一章第二节·遗传的基本规律,定位：生物学必修2 第一章第二节。产前诊断只能判断胎儿是否患病或携带异常基因，不能改变胎儿的基因组成；B 超只观察外观和性别，不能检测基因或染色体异常，各类手段的适用范围不能张冠李戴。,《2026/2027 一轮复习讲义·学生版 / 知识清单·学生版》文本判定
BIOLOGY,遗传病的检测和预防,遗传病的检测和预防,CONCEPT,生物学必修2·第一章第二节·遗传的基本规律,定位：生物学必修2 第一章第二节。产前诊断不等同于基因检测，不同手段能检测的异常类型不同；基因治疗尚在研究阶段，不能随意用于临床；禁止近亲结婚只能降低隐性遗传病的发病率。,《2026/2027 一轮复习讲义·学生版 / 知识清单·学生版》文本判定
BIOLOGY,遗传系谱图的符号与书写规范,遗传系谱图的符号与书写规范,CONCEPT,生物学必修2·第一章第二节·遗传的基本规律,定位：生物学必修2 第一章第二节。系谱图必须附图例，否则无法独立读懂；同辈个体按出生顺序从左到右排列，世代用罗马数字标注。,《2026/2027 一轮复习讲义·学生版 / 知识清单·学生版》文本判定
BIOLOGY,遗传图解的书写规范,遗传图解的书写规范,CONCEPT,生物学必修2·第一章第二节·遗传的基本规律,定位：生物学必修2 第一章第二节。四行结构不能缺行（尤其是配子一行），世代符号与自交、杂交符号不能混用；涉及性染色体或性别决定时要补标性别，否则图解不完整。,《2026/2027 一轮复习讲义·学生版 / 知识清单·学生版》文本判定
CHEMISTRY,速率—压强(或温度)图像,速率—压强(或温度)图像,CONCEPT,化学选择性必修1·第二章·化学平衡,定位：化学选择性必修1 第二章。比较变化幅度时必须先确认改变的是温度还是压强，温度对应吸热方向变化大，压强对应气体体积之和大的一侧变化大，两者规律不能混用；只有交点处才表示正、逆速率相等。,《2026/2027 一轮复习讲义·学生版 / 知识清单·学生版》文本判定
CHEMISTRY,恒温线或恒压线图像,恒温线或恒压线图像,CONCEPT,CHEMISTRY·综合·综合·综合,定位：CHEMISTRY·综合·综合。讨论时必须先固定一个变量（温度或压强），不能同时比较两个变量；同一图像中不同曲线的条件顺序要由曲线高低结合平衡移动规律推断，不能凭直觉。,《2026/2027 一轮复习讲义·学生版 / 知识清单·学生版》文本判定
CHEMISTRY,组分含量（或浓度）与温度的关系图像,组分含量（或浓度）与温度的关系图像,CONCEPT,CHEMISTRY·综合·综合·综合,定位：CHEMISTRY·综合·综合。曲线外的点不是平衡状态，只有曲线（或平台）上的点才是平衡点；判断曲线外点的速率关系时，看该点含量高于还是低于同条件下的平衡值：含量偏高需正向移动、偏低需逆向移动。,《2026/2027 一轮复习讲义·学生版 / 知识清单·学生版》文本判定
CHEMISTRY,惰性气体对化学反应速率的影响,惰性气体对化学反应速率的影响,CONCEPT,化学选择性必修1·第二章·化学平衡,定位：化学选择性必修1 第二章。恒温恒容时总压增大只是“数字上的增大”，不能用勒夏特列原理或压强规律直接判断为速率加快；先看容器是否恒容，再看体积是否变化。,《2026/2027 一轮复习讲义·学生版 / 知识清单·学生版》文本判定
CHEMISTRY,钠与含羟基或羧基有机物的反应,钠与含羟基或羧基有机物的反应,CONCEPT,化学必修第一册·第二章·钠及其化合物,定位：化学必修第一册 第二章。钠与乙醇、苯酚反应时不能用水作溶剂比较（苯酚需先熔化或溶于有机溶剂）；生成物乙醇钠、苯酚钠遇水会水解，实验须在无水条件下进行。,《2026/2027 一轮复习讲义·学生版 / 知识清单·学生版》文本判定
CHEMISTRY,物质的溶解与加热操作,物质的溶解与加热操作,CONCEPT,CHEMISTRY·综合·实验与方案设计·实验分析,定位：CHEMISTRY 综合。易水解的固体（FeCl₃、AlCl₃ 等）溶解时不能加热，这是常考陷阱；加热液体时管口不能对着人，试管内液体不得超过容积的 1/3。,《2026/2027 一轮复习讲义·学生版 / 知识清单·学生版》文本判定
CHEMISTRY,化学反应方向判断的传统方法,化学反应方向判断的传统方法,CONCEPT,CHEMISTRY·综合·综合·综合,定位：CHEMISTRY·综合·综合。该判断方法只适用于复分解反应与分解反应等，不能用于氧化还原反应方向的一般判断；比较酸碱性时必须用同一标准（如相同条件下的电离常数或酸性强弱顺序）。,《2026/2027 一轮复习讲义·学生版 / 知识清单·学生版》文本判定
CHEMISTRY,一器多用与多器一用,一器多用与多器一用,CONCEPT,CHEMISTRY·综合·综合·综合,定位：CHEMISTRY·综合·综合。判断进出气口方向的原则是“看密度与要留下的物质”：洗气时长进短出，量气时短进长出；干燥管“大进小出”（气体由粗口进、细口出）以保证充分接触。,《2026/2027 一轮复习讲义·学生版 / 知识清单·学生版》文本判定
CHEMISTRY,控制反应发生与停止的装置,控制反应发生与停止的装置,CONCEPT,CHEMISTRY·综合·实验与方案设计·实验分析,定位：CHEMISTRY 综合。装置能否控制反应的关键是“能否让液体与固体接触或分离”，固体必须为块状、不被液体冲散；活塞（或弹簧夹）必须位于气体导出的通路上。,《2026/2027 一轮复习讲义·学生版 / 知识清单·学生版》文本判定
CHEMISTRY,实验装置中的安全与辅助装置,实验装置中的安全与辅助装置,CONCEPT,CHEMISTRY·综合·实验与方案设计·实验分析,定位：CHEMISTRY 综合。选择防倒吸隔离液必须同时满足与气体不反应、与水不互溶且密度大于水（如 CCl₄）；防倒吸靠“隔离”而不是“吸收”，答题时要说明哪一层起隔离作用。,《2026/2027 一轮复习讲义·学生版 / 知识清单·学生版》文本判定
CHEMISTRY,气体体积的测定方法,气体体积的测定方法,CONCEPT,CHEMISTRY·综合·综合·综合,定位：CHEMISTRY·综合·综合。读数前必须先恢复至室温并使两端液面相平，否则液面高度差造成的压强差会使读数不准；气体体积要在相同温度、压强下比较或换算成标准状况。,《2026/2027 一轮复习讲义·学生版 / 知识清单·学生版》文本判定
CHEMISTRY,装置气密性检查的方法,装置气密性检查的方法,CONCEPT,CHEMISTRY·综合·实验与方案设计·实验分析,定位：CHEMISTRY 综合。气密性检查必须在装入药品之前进行；微热法撤离热源后要观察到水柱或气泡的变化才能得出结论（只写“有气泡”不完整）。,《2026/2027 一轮复习讲义·学生版 / 知识清单·学生版》文本判定
BIOLOGY,差速离心法,差速离心法,CONCEPT,BIOLOGY·综合·综合·综合,定位：BIOLOGY·综合·综合。离心速率必须由低到高逐级提高，不能一开始就用高速离心；这样得到的沉淀中仍可能混有大小相近的其他颗粒，若要进一步纯化还需配合密度梯度离心等方法。,《2026/2027 一轮复习讲义·学生版 / 知识清单·学生版》文本判定
BIOLOGY,线粒体和叶绿体的内共生起源学说,线粒体和叶绿体的内共生起源学说,CONCEPT,生物学必修1·第三章·细胞结构,定位：生物学必修1 第三章。该学说解释的是线粒体与叶绿体的起源，不能据此认为它们是完全独立的生物（其多数蛋白质仍由细胞核基因编码）；四项证据要分别对应“遗传物质、蛋白质合成、增殖方式、膜结构”四个层面作答。,《2026/2027 一轮复习讲义·学生版 / 知识清单·学生版》文本判定
CHEMISTRY,硫代硫酸钠的性质,硫代硫酸钠的性质,CONCEPT,化学必修第一册·第二章·钠及其化合物,定位：化学必修第一册 第二章。硫代硫酸钠中硫为 +2 价，处于中间价态，遇酸发生的歧化反应既生成 $S$ 又生成 $SO_2$；做碘量法滴定时要用淀粉作指示剂。建议父级：硫氮及其化合物,《2026/2027 一轮复习讲义·学生版 / 知识清单·学生版》文本判定
CHEMISTRY,铜的冶炼,铜的冶炼,CONCEPT,化学必修第一册·第三章·铁与金属材料,定位：化学必修第一册 第三章。高温或热还原法得到的铜含杂质，必须经电解精炼才得到精铜；粗铜电解时比铜活泼的杂质会溶解进入溶液，不如铜活泼的杂质（$Ag$、$Au$、$Pt$）形成阳极泥。建议父级：铁与金属材料,《2026/2027 一轮复习讲义·学生版 / 知识清单·学生版》文本判定
CHEMISTRY,由图像确定化学方程式,由图像确定化学方程式,CONCEPT,CHEMISTRY·综合·综合·综合,定位：CHEMISTRY·综合·综合。曲线未降至零说明该物质未完全消耗（可能是可逆反应或该物质过量）；计量数要化简为最简整数比。建议父级：化学反应的速率与限度,《2026/2027 一轮复习讲义·学生版 / 知识清单·学生版》文本判定
CHEMISTRY,信息型氧化还原方程式的书写,信息型氧化还原方程式的书写,CONCEPT,化学必修第一册·第一章·离子反应与氧化还原,定位：化学必修第一册 第一章。顺序不能颠倒：必须先配平变价物质，再调电荷守恒，最后补水完成原子守恒；补项离子的选择由溶液的酸碱性决定。建议父级：氧化还原反应,《2026/2027 一轮复习讲义·学生版 / 知识清单·学生版》文本判定
CHEMISTRY,化学平衡计算的三段式法,化学平衡计算的三段式法,CONCEPT,化学选择性必修1·第二章·化学平衡,定位：化学选择性必修1 第二章。三段式适用于一切温度下的平衡计算，但要注意恒容与恒压的区别：恒压时体积可变，需先把体积表示出来；有固体或纯液体参与时，它们的量不列浓度行（可列为变化量）。,《2026/2027 一轮复习讲义·学生版 / 知识清单·学生版》文本判定
CHEMISTRY,根据性质确定官能团的位置,根据性质确定官能团的位置,CONCEPT,化学必修第二册·第七章·有机化合物,定位：化学必修第二册 第七章。定位判断依赖反应的选择性与完全程度：氧化定位要求羟基所在碳的氢原子数目明确；一卤代物数目还要考虑苯环侧链与环上取代的差异。结论要与分子式、不饱和度一起核对。,《2026/2027 一轮复习讲义·学生版 / 知识清单·学生版》文本判定
CHEMISTRY,工业流程中反应条件的控制,工业流程中反应条件的控制,CONCEPT,CHEMISTRY·综合·综合·综合,定位：CHEMISTRY·综合·综合。条件控制的作用要结合具体反应判断，同一个操作可能同时有多重作用（如升温既加快速率又使平衡移动）；答“目的”时要兼顾速率与平衡两个方面，不能只答速率。,《2026/2027 一轮复习讲义·学生版 / 知识清单·学生版》文本判定
BIOLOGY,蛋白质的盐析变性与水解的辨析,蛋白质的盐析变性与水解的辨析,REASONING,生物学必修1·第二章·细胞的分子组成,定位：生物学必修1 第二章。三者的判断落点不同：盐析看溶解度、变性看空间结构、水解看肽键。变性后仍能与双缩脲试剂发生紫色反应，说明肽键未被破坏；低温抑制酶活性但不属于变性。,《2026/2027 一轮复习讲义·学生版 / 知识清单·学生版》文本判定
BIOLOGY,核酸与蛋白质的关系,核酸与蛋白质的关系,CONCEPT,生物学必修1·第二章·细胞的分子组成,定位：生物学必修1 第二章。复合体中的核酸与蛋白质各有分工，不能据此认为核酸就是蛋白质；端粒、核糖体等结构同时含核酸与蛋白质，判断时要看题给信息而非名称。,《2026/2027 一轮复习讲义·学生版 / 知识清单·学生版》文本判定
BIOLOGY,细胞分裂图像的三看法判别,细胞分裂图像的三看法判别,CONCEPT,生物学必修1·第六章·细胞的生命历程,定位：生物学必修1 第六章。三看法的基础是准确数出染色体数目并判断同源染色体：着丝粒分裂后染色体数目暂时加倍，容易数错；减Ⅱ后期没有同源染色体但有 2n 条染色体，不能凭数目直接判为有丝分裂。,《2026/2027 一轮复习讲义·学生版 / 知识清单·学生版》文本判定
BIOLOGY,酶的两种抑制机理,酶的两种抑制机理,CONCEPT,生物学必修1·第五章·酶与ATP,定位：生物学必修1 第五章。两类抑制剂的差别在结合部位而不在抑制程度：非竞争性抑制剂改变酶构象，增加底物浓度无效，这是与竞争性抑制剂最关键的区分点。若曲线中最大反应速率不变而达到最大速率所需底物浓度增大，一般是竞争性抑制。,《2026/2027 一轮复习讲义·学生版 / 知识清单·学生版》文本判定
BIOLOGY,NTP与dNTP家族,NTP与dNTP家族,CONCEPT,BIOLOGY·综合·综合·综合,定位：BIOLOGY·综合·综合。NTP 与 dNTP 的区别只在五碳糖（核糖与脱氧核糖），碱基种类相同；NTP 是 RNA 的原料，dNTP 是 DNA 的原料，不能混用。三磷酸结构中只有离糖最近的磷酸基团进入核酸链，标记位置要看清。,《2026/2027 一轮复习讲义·学生版 / 知识清单·学生版》文本判定
CHEMISTRY,配制一定物质的量浓度溶液的仪器与容量瓶使用,配制一定物质的量浓度溶液的仪器与容量瓶使用,CONCEPT,化学必修第一册·第一章·物质分类与转化,定位：化学必修第一册 第一章。容量瓶只有一条刻度线，规格固定，所以“配制 450 mL”必须选 500 mL 容量瓶并按其体积计算所需溶质；托盘天平读数到 0.1 g，不能用于精确到 0.01 g 的称量。,《2026/2027 一轮复习讲义·学生版 / 知识清单·学生版》文本判定
CHEMISTRY,从溶液中获取晶体的方法,从溶液中获取晶体的方法,CONCEPT,CHEMISTRY·综合·综合·综合,定位：CHEMISTRY·综合·综合。蒸发结晶不能用于受热易分解或含结晶水的物质；冷却结晶前只需蒸发至出现晶膜，不能蒸干；洗涤剂的选择必须考虑晶体的溶解性与是否发生反应。,《2026/2027 一轮复习讲义·学生版 / 知识清单·学生版》文本判定
CHEMISTRY,调节pH分离提纯金属离子,调节pH分离提纯金属离子,CONCEPT,化学必修第一册·第三章·铁与金属材料,定位：化学必修第一册 第三章。pH范围必须由题给的沉淀开始与完全沉淀的pH数据确定，范围过大或过小都会导致杂质未除尽或目标离子损失；并非任意碱（如NaOH）都可用于调pH，要考虑是否引入新杂质。,《2026/2027 一轮复习讲义·学生版 / 知识清单·学生版》文本判定
CHEMISTRY,物质的量在化学方程式计算中的应用,物质的量在化学方程式计算中的应用,CONCEPT,化学必修第一册·第一章·物质分类与转化,定位：化学必修第一册 第一章。七步中的设与标最容易失分：设未知数不带单位、不注明物质，或标注关系时物理量与物质不对应，都会导致比例式错误；计算过程中单位不统一也是常见扣分点。,《2026/2027 一轮复习讲义·学生版 / 知识清单·学生版》文本判定
CHEMISTRY,硫酸亚铁铵的制备,硫酸亚铁铵的制备,CONCEPT,化学必修第一册·第三章·铁与金属材料,定位：化学必修第一册 第三章。铁屑过量针对Fe2+易被氧化，加酸针对Fe2+易水解，趁热过滤针对溶解度随温度变化，三者目的不能混淆；结晶时不能蒸干，否则晶体中会混入杂质。,《2026/2027 一轮复习讲义·学生版 / 知识清单·学生版》文本判定
CHEMISTRY,实验中的排空操作,实验中的排空操作,CONCEPT,CHEMISTRY·综合·实验与方案设计·实验分析,定位：CHEMISTRY 综合。答题时要区分“防爆炸”与“防变质”两种情况，并指明具体的气体或物质，不能笼统回答“防止空气干扰实验”。,《2026/2027 一轮复习讲义·学生版 / 知识清单·学生版》文本判定
CHEMISTRY,化学实验中的温度控制,化学实验中的温度控制,CONCEPT,CHEMISTRY·综合·实验与方案设计·实验分析,定位：CHEMISTRY 综合。控温方式要与目标温度匹配，沸水浴不能超过100 ℃，需要更高温度时应选油浴或沙浴；回答控温目的时要落到受热均匀、防止副反应、降低溶解度便于析出、减少热损失等具体作用上。,《2026/2027 一轮复习讲义·学生版 / 知识清单·学生版》文本判定
CHEMISTRY,新型无机非金属材料,新型无机非金属材料,CONCEPT,化学必修第一册·第三章·铁与金属材料,定位：化学必修第一册 第三章。碳纳米材料属于碳单质而非有机高分子材料；碳化硅、氮化硅属于共价晶体，不是硅酸盐材料，判断材料类别时不能只看是否含硅。,《2026/2027 一轮复习讲义·学生版 / 知识清单·学生版》文本判定
BIOLOGY,密度制约因素与非密度制约因素,密度制约因素与非密度制约因素,CONCEPT,生物学选择性必修2·第一二章·种群与群落,定位：生物学选择性必修2 第一二章。判断的关键是“作用强度是否随种群密度变化”：食物、天敌、传染病属于密度制约因素；气温、干旱、地震、火灾属于非密度制约因素，不能只看是不是生物因素。,《2026/2027 一轮复习讲义·学生版 / 知识清单·学生版》文本判定
BIOLOGY,血细胞计数板,血细胞计数板,CONCEPT,BIOLOGY·综合·综合·综合,定位：BIOLOGY·综合·综合。计数室只是中央的大方格，不能把9个大方格都当作计数区域；容积由长、宽、深三个数据共同决定，换算成毫升时注意单位（0.1 mm3＝10−4 mL）。,《2026/2027 一轮复习讲义·学生版 / 知识清单·学生版》文本判定
CHEMISTRY,常见物质的溶解性规律,常见物质的溶解性规律,CONCEPT,CHEMISTRY·综合·实验与方案设计·实验分析,定位：CHEMISTRY 综合。记忆时要抓住“钾钠铵硝酸盐皆可溶”与少数例外（AgCl、BaSO4、PbSO4、CaSO4微溶、Ag2SO4微溶）；微溶物的处理还要结合它是反应物还是生成物、是稀溶液还是悬浊液来判断。,《2026/2027 一轮复习讲义·学生版 / 知识清单·学生版》文本判定
CHEMISTRY,实验室实验安全,实验室实验安全,CONCEPT,CHEMISTRY·综合·实验与方案设计·实验分析,定位：CHEMISTRY 综合。识记安全标志与事故处理方法时不能只记结论：酸、碱沾到皮肤都强调“先用大量水冲洗”，活泼金属着火不能用水或CO2灭火，电器起火必须先切断电源。,《2026/2027 一轮复习讲义·学生版 / 知识清单·学生版》文本判定
CHEMISTRY,核素的相对原子质量与元素的相对原子质量,核素的相对原子质量与元素的相对原子质量,CONCEPT,化学选择性必修2·物质结构与性质·原子结构与元素周期表,定位：化学选择性必修2 物质结构与性质。质量数只适用于核素，不能说“元素的质量数”；求元素的相对原子质量必须按丰度加权，不能把某一种核素的质量数当作元素的相对原子质量。,《2026/2027 一轮复习讲义·学生版 / 知识清单·学生版》文本判定
CHEMISTRY,核反应方程的质量数守恒与电荷数守恒,核反应方程的质量数守恒与电荷数守恒,CONCEPT,CHEMISTRY·综合·综合·综合,定位：CHEMISTRY·综合·综合。守恒式中的电荷数要带正负号（电子为 $-1$、正电子为 $+1$）；核反应不能用化学方程式的配平方法处理，参与反应的微粒数由守恒式确定后还需核对元素与质量数。,《2026/2027 一轮复习讲义·学生版 / 知识清单·学生版》文本判定
CHEMISTRY,电化学回路中电子流向与离子迁移,电化学回路中电子流向与离子迁移,CONCEPT,化学选择性必修1·第四章·电化学,定位：化学选择性必修1 第四章。电子不能通过电解质溶液，只能在外电路中移动；离子移动方向要按“原电池”与“电解池”分别判断，两类装置的方向恰好相反，不可混用一套判断。,《2026/2027 一轮复习讲义·学生版 / 知识清单·学生版》文本判定
CHEMISTRY,电解过程中溶液性质的变化与溶液复原,电解过程中溶液性质的变化与溶液复原,CONCEPT,化学选择性必修1·第四章·电化学,定位：化学选择性必修1 第四章。复原时加入的物质必须与被电解消耗的元素组成一致，如电解 $CuSO_4$ 溶液应加 $CuO$ 而不能只加水或加铜单质；判断某极区 pH 变化要结合该极区消耗或生成 $H^+$、$OH^-$ 的情况。,《2026/2027 一轮复习讲义·学生版 / 知识清单·学生版》文本判定
CHEMISTRY,分阶段电解的计算与溶液复原,分阶段电解的计算与溶液复原,CONCEPT,化学选择性必修1·第四章·电化学,定位：化学选择性必修1 第四章。分阶段计算的前提是离子浓度相近、可按放电顺序近似处理；复原溶液不能用加水代替，加入的物质必须与消耗的元素组成一致，否则浓度无法恢复。,《2026/2027 一轮复习讲义·学生版 / 知识清单·学生版》文本判定
CHEMISTRY,三段式法,三段式法,CONCEPT,CHEMISTRY·综合·综合·综合,定位：CHEMISTRY·综合·综合。三段式必须按同一物质、同一单位（物质的量或物质的量浓度）对应列出，不能混用物质的量与浓度；固体与纯液体的量不进入浓度项，增减量不计入平衡常数表达式。,《2026/2027 一轮复习讲义·学生版 / 知识清单·学生版》文本判定
CHEMISTRY,循环物质的确定方法,循环物质的确定方法,CONCEPT,CHEMISTRY·综合·综合·综合,定位：CHEMISTRY·综合·综合。判断循环物质必须同时满足“前面工序需要”与“后面工序生成”两个条件；只满足其一的物质属于新加入的原料或最终产品，不能认定为循环物质。,《2026/2027 一轮复习讲义·学生版 / 知识清单·学生版》文本判定
CHEMISTRY,沉淀的洗涤与检验,沉淀的洗涤与检验,CONCEPT,CHEMISTRY·综合·实验与方案设计·实验分析,定位：CHEMISTRY 综合。检验“沉淀完全”取的是上层清液，检验“洗涤干净”取的是最后一次洗涤液，取样对象不同，不可混淆；洗涤时不能用玻璃棒搅拌以免弄破滤纸，也不能用热水洗易溶或易分解的目标产物。,《2026/2027 一轮复习讲义·学生版 / 知识清单·学生版》文本判定
BIOLOGY,测定光合速率与呼吸速率的常用方法,测定光合速率与呼吸速率的常用方法,CONCEPT,生物学必修1·第五章第三节·细胞呼吸,定位：生物学必修1 第五章第三节。装置图法中 NaOH 吸收 $CO_2$，因此液滴移动量反映 $O_2$ 变化而不是 $CO_2$ 变化；黑白瓶法有初始值时可分别求出呼吸量与净光合量，无初始值时只能求总光合量，不能凭一组数据推出呼吸速率。,《2026/2027 一轮复习讲义·学生版 / 知识清单·学生版》文本判定
BIOLOGY,光合作用与细胞呼吸“关键点”的移动,光合作用与细胞呼吸“关键点”的移动,CONCEPT,生物学必修1·第五章第三节·细胞呼吸,定位：生物学必修1 第五章第三节。半叶法必须阻止两部分之间的物质与能量转移，否则称重结果不能代表真实光合产物；讨论关键点移动时须限定“在饱和点之前”，超出该前提的结论不成立。,《2026/2027 一轮复习讲义·学生版 / 知识清单·学生版》文本判定
BIOLOGY,一昼夜CO2浓度变化曲线,一昼夜CO2浓度变化曲线,CONCEPT,BIOLOGY·综合·综合·综合,定位：BIOLOGY·综合·综合。“光合午休”由高温导致气孔关闭、$CO_2$ 供应不足引起，不能理解为光照过强直接抑制光合作用；判断一天是否积累有机物要看首尾 $CO_2$ 浓度差而不是某一段曲线的升降。,《2026/2027 一轮复习讲义·学生版 / 知识清单·学生版》文本判定
BIOLOGY,环境条件突变时C3与C5的变化,环境条件突变时C3与C5的变化,CONCEPT,生物学必修2·第五六章·变异与进化,定位：生物学必修2 第五六章。判断突变量时不能只看一个方向：停止光照使 ATP、NADPH 的生成停止而消耗继续，停止 $CO_2$ 使 $C_3$ 的生成停止而消耗继续；$C_3$ 与 $C_5$ 的变化方向恰好相反。,《2026/2027 一轮复习讲义·学生版 / 知识清单·学生版》文本判定
BIOLOGY,气孔开闭的调节因素,气孔开闭的调节因素,CONCEPT,BIOLOGY·综合·综合·综合,定位：BIOLOGY·综合·综合。高浓度 $CO_2$ 与缺水都会导致气孔关闭，但二者原因不同：前者是“原料过多不再需要”，后者是“保水需要”；叶面积系数过大导致减产的原因是群体光合速率下降与呼吸消耗增加共同作用。,《2026/2027 一轮复习讲义·学生版 / 知识清单·学生版》文本判定
CHEMISTRY,氯及其化合物的价类二维图,氯及其化合物的价类二维图,CONCEPT,化学必修第一册·第二章·氯及其化合物,定位：化学必修第一册 第二章。用二维图分析转化时先看价态是否变化：价态不变按复分解处理，价态变化必须按得失电子守恒配平；$Cl_2$ 在歧化反应中既是氧化剂又是还原剂，不能只按一个方向分析。,《2026/2027 一轮复习讲义·学生版 / 知识清单·学生版》文本判定
CHEMISTRY,多池串联装置类型的判断,多池串联装置类型的判断,CONCEPT,CHEMISTRY·综合·实验与方案设计·实验分析,定位：CHEMISTRY 综合。**判断的关键是先找出能自发进行氧化还原反应的那一池；串联电路中各电极转移电子数相等，但不同池中产物的物质的量不一定相等，必须按各自的电极反应换算。**,《2026/2027 一轮复习讲义·学生版 / 知识清单·学生版》文本判定
BIOLOGY,内环境的理化性质,内环境的理化性质,CONCEPT,生物学选择性必修1·第一章·内环境与稳态,定位：生物学选择性必修1 第一章。**渗透压只与单位体积溶质微粒的数目有关而与溶质种类无关；血浆渗透压下降会导致组织水肿，但不是所有水肿都由渗透压引起；缓冲对只能减弱 pH 的变化，不能使 pH 绝对不变。**,《2026/2027 一轮复习讲义·学生版 / 知识清单·学生版》文本判定
BIOLOGY,组织水肿的成因,组织水肿的成因,CONCEPT,生物学必修1·第二章·细胞的分子组成,定位：生物学必修1 第二章。**判断组织水肿的原因必须落脚到渗透压的变化方向，不能只写“水分增多”；淋巴回流受阻使组织液渗透压升高，属于“组织液侧”升高的情形，与血浆蛋白减少的机制不同。**,《2026/2027 一轮复习讲义·学生版 / 知识清单·学生版》文本判定
BIOLOGY,内环境失衡与人体健康,内环境失衡与人体健康,CONCEPT,生物学选择性必修1·第一章·内环境与稳态,定位：生物学选择性必修1 第一章。**分析症状时必须落到具体的理化性质上，不能笼统地说“内环境被破坏”；肠胃炎时丢失的是水分与无机盐（电解质），因此输液要补充电解质溶液而不只是水；发烧影响的是酶的活性。**,《2026/2027 一轮复习讲义·学生版 / 知识清单·学生版》文本判定
CHEMISTRY,守恒法在化学计算中的应用,守恒法在化学计算中的应用,CONCEPT,CHEMISTRY·综合·综合·综合,定位：CHEMISTRY·综合·综合。**每种守恒都有明确的适用对象：电荷守恒只适用于离子方程式或电解质溶液，得失电子守恒只适用于氧化还原反应；只列出守恒式往往不足以求解，需要与另一个数量关系联立。**,《2026/2027 一轮复习讲义·学生版 / 知识清单·学生版》文本判定
CHEMISTRY,平均值法,平均值法,CONCEPT,CHEMISTRY·综合·综合·综合,定位：CHEMISTRY·综合·综合。**平均值法要求各组分取值的极值方向明确且已知，若某组分可能取 0（即完全不存在）则区间判断失效；判断组成时还要结合其他条件（如气体体积、反应转移电子数）交叉验证。**,《2026/2027 一轮复习讲义·学生版 / 知识清单·学生版》文本判定
CHEMISTRY,常见元素及其化合物的特性,常见元素及其化合物的特性,CONCEPT,化学必修第一册·第四章·物质结构元素周期律,定位：化学必修第一册 第四章。特征信息只用于初步锁定元素，最终必须用原子结构与题给数据验证。,《2026/2027 一轮复习讲义·学生版 / 知识清单·学生版》文本判定
CHEMISTRY,惰性电极电解的四种类型,惰性电极电解的四种类型,CONCEPT,化学选择性必修1·第四章·电化学,定位：化学选择性必修1 第四章。溶液复原遵循“缺什么补什么”，只能加入被电解掉的元素对应的纯净物；写电解方程式要保证两极转移电子数相同并注明“电解”条件，弱电解质在电极反应式中写化学式。,《2026/2027 一轮复习讲义·学生版 / 知识清单·学生版》文本判定
CHEMISTRY,电镀与电解精炼,电镀与电解精炼,CONCEPT,化学选择性必修1·第四章·电化学,定位：化学选择性必修1 第四章。电解精炼时溶液中 Cu2+ 浓度会因活泼杂质溶解而略有变化，电镀液中离子浓度基本不变。,《2026/2027 一轮复习讲义·学生版 / 知识清单·学生版》文本判定
CHEMISTRY,串联电化学装置,串联电化学装置,CONCEPT,化学选择性必修1·第四章·电化学,定位：化学选择性必修1 第四章。串联系列中电子只能在电极上转移，导线中电子数处处相等，因此各装置转移电子数必然相同。,《2026/2027 一轮复习讲义·学生版 / 知识清单·学生版》文本判定
CHEMISTRY,极端假设法确定各物质浓度范围,极端假设法确定各物质浓度范围,CONCEPT,CHEMISTRY·综合·综合·综合,定位：CHEMISTRY·综合·综合。两个极端值都不能取等号，因为可逆反应不能进行到底；某个物质完全由反应生成时其浓度下限为 0。,《2026/2027 一轮复习讲义·学生版 / 知识清单·学生版》文本判定
CHEMISTRY,化学实验装置的连接与操作顺序,化学实验装置的连接与操作顺序,CONCEPT,CHEMISTRY·综合·实验与方案设计·实验分析,定位：CHEMISTRY 综合。顺序颠倒会破坏除杂、干燥或防倒吸的效果，凡涉及气体流向的题目都要先画出气流路径再判断。,《2026/2027 一轮复习讲义·学生版 / 知识清单·学生版》文本判定
CHEMISTRY,常见性质比较与检验实验的设计范式,常见性质比较与检验实验的设计范式,CONCEPT,CHEMISTRY·综合·实验与方案设计·实验分析,定位：CHEMISTRY 综合。检验混合体系中的某一成分必须先排除其他成分的干扰，否则现象无法唯一指向结论。,《2026/2027 一轮复习讲义·学生版 / 知识清单·学生版》文本判定
BIOLOGY,研究土壤中小动物类群的丰富度,研究土壤中小动物类群的丰富度,CONCEPT,BIOLOGY·综合·综合·综合,定位：BIOLOGY·综合·综合。调查丰富度必须同时统计物种数目与各物种相对数量，不能只统计物种数目。,《2026/2027 一轮复习讲义·学生版 / 知识清单·学生版》文本判定
CHEMISTRY,晶胞中粒子配位数的计算,晶胞中粒子配位数的计算,CONCEPT,CHEMISTRY·综合·综合·综合,定位：CHEMISTRY·综合·综合。离子晶体的配位数只统计异种电荷的紧邻离子；数配位数要区分最近与次近，不能把同一晶胞内的粒子简单相加。,《2026/2027 一轮复习讲义·学生版 / 知识清单·学生版》文本判定
CHEMISTRY,结晶方法的选择与操作,结晶方法的选择与操作,CONCEPT,CHEMISTRY·综合·实验与方案设计·实验分析,定位：CHEMISTRY 综合。选择依据是两者溶解度随温度变化幅度的差异，不是含量多少；趁热过滤是为防止溶质在滤纸上提前析出损失。,《2026/2027 一轮复习讲义·学生版 / 知识清单·学生版》文本判定
CHEMISTRY,电化学中电子流向与离子迁移方向的判断,电化学中电子流向与离子迁移方向的判断,CONCEPT,化学选择性必修1·第四章·电化学,定位：化学选择性必修1 第四章。该规律只解决移动方向，不解决哪种离子优先移动；装置中有离子交换膜时以膜的选择透过性为准，未获准通过的离子即使按规律应迁移也不能过膜；固体电解质中迁移的往往是特定离子（如Li⁺）。,《2026/2027 一轮复习讲义·学生版 / 知识清单·学生版》文本判定
CHEMISTRY,分阶段电解的计算技巧,分阶段电解的计算技巧,CONCEPT,化学选择性必修1·第四章·电化学,定位：化学选择性必修1 第四章。放电顺序是一般规律，离子浓度较大时顺序可能改变；复原只能加入含有离开溶液那种元素的物质，加水或加入无关物质都不算复原；分段计算要明确每一段的起始与终点时刻。,《2026/2027 一轮复习讲义·学生版 / 知识清单·学生版》文本判定
CHEMISTRY,氢氧化钠的性质与应用,氢氧化钠的性质与应用,CONCEPT,化学必修第一册·第二章·钠及其化合物,定位：化学必修第一册 第二章。氢氧化钠溶液不能用磨口玻璃塞（与玻璃中的SiO₂反应生成硅酸钠而粘结）；固体氢氧化钠易潮解且腐蚀性强，称量时要放在小烧杯或表面皿中。,《2026/2027 一轮复习讲义·学生版 / 知识清单·学生版》文本判定
CHEMISTRY,物质的性质与变化的关系,物质的性质与变化的关系,CONCEPT,CHEMISTRY·综合·综合·综合,定位：CHEMISTRY·综合·综合。描述性质常使用“能、会、易、可以”等词语，描述变化则用“变成了、生成了”等表述，判断时要按表述形式区分；不能把变化现象直接当作性质，也不能把性质当作变化。,《2026/2027 一轮复习讲义·学生版 / 知识清单·学生版》文本判定
CHEMISTRY,离子推断的方法与原则,离子推断的方法与原则,CONCEPT,CHEMISTRY·综合·综合·综合,定位：CHEMISTRY·综合·综合。电中性原则只适用于溶液中离子的电荷加和，计算时不能漏掉任何已确定存在的离子；每一步操作都要检查新引入的离子（如 Cl-、Ba2+）是否干扰后续检验。,《2026/2027 一轮复习讲义·学生版 / 知识清单·学生版》文本判定
CHEMISTRY,过氧化氢的性质,过氧化氢的性质,CONCEPT,化学必修第一册·第四章·物质结构元素周期律,定位：化学必修第一册 第四章。H2O2 中氧为 -1 价，既有氧化性又有还原性但以氧化性为主；除去溶液中过量的 H2O2 用加热分解法而不是加入还原剂；H2O2 与酸性 KMnO4 反应时 H2O2 作还原剂被氧化为 O2。,《2026/2027 一轮复习讲义·学生版 / 知识清单·学生版》文本判定
CHEMISTRY,臭氧与硫代硫酸盐的性质,臭氧与硫代硫酸盐的性质,CONCEPT,化学必修第二册·第五章·硫氮及其化合物,定位：化学必修第二册 第五章。O3 的氧化性强于 O2，可用于杀菌消毒；硫代硫酸盐遇酸不稳定会分解生成硫和二氧化硫；被氧化的产物与氧化剂强弱有关（I2 只氧化到 S4O62-，Cl2 可氧化到 SO42-）。,《2026/2027 一轮复习讲义·学生版 / 知识清单·学生版》文本判定
CHEMISTRY,气体体积的测定,气体体积的测定,CONCEPT,CHEMISTRY·综合·综合·综合,定位：CHEMISTRY·综合·综合。读数前不冷却、液面不调平都会造成明显误差；气体体积必须换算成标准状况才能用于计算；装置漏气或导管中残留液体都会使测定结果不准。,《2026/2027 一轮复习讲义·学生版 / 知识清单·学生版》文本判定
CHEMISTRY,盐桥的作用与双液原电池,盐桥的作用与双液原电池,CONCEPT,化学选择性必修1·第四章·电化学,定位：化学选择性必修1 第四章。盐桥只起导电与隔绝作用，不改变反应实质与总反应；当两个半反应均在溶液中进行时才必须使用。,《2026/2027 一轮复习讲义·学生版 / 知识清单·学生版》文本判定
CHEMISTRY,离子推断的常见特殊现象,离子推断的常见特殊现象,CONCEPT,CHEMISTRY·综合·综合·综合,定位：CHEMISTRY·综合·综合。同一现象可能对应多种离子，推断时要用互斥性原则排除不能共存的组合；注意气体、沉淀的颜色与溶解性差异。,《2026/2027 一轮复习讲义·学生版 / 知识清单·学生版》文本判定
CHEMISTRY,中和滴定的误差分析方法,中和滴定的误差分析方法,CONCEPT,化学选择性必修1·第三章·水溶液中的离子平衡,定位：化学选择性必修1 第三章。锥形瓶只用蒸馏水洗、不能润洗；判断误差的方向时始终抓住「$V(标准)$ 偏大则结果偏高」这一条主线。,《2026/2027 一轮复习讲义·学生版 / 知识清单·学生版》文本判定
CHEMISTRY,氧化还原滴定法,氧化还原滴定法,CONCEPT,化学选择性必修1·第三章·水溶液中的离子平衡,定位：化学选择性必修1 第三章。高锰酸钾法不能用盐酸酸化（$Cl^-$ 会被氧化）；自身指示剂类滴定要靠最后半分钟内颜色不恢复来判断终点。,《2026/2027 一轮复习讲义·学生版 / 知识清单·学生版》文本判定
CHEMISTRY,利用平衡移动原理解释问题的思维模板,利用平衡移动原理解释问题的思维模板,CONCEPT,化学选择性必修1·第二章·化学平衡,定位：化学选择性必修1 第二章。答题时必须写清「平衡体系—条件变化—移动方向—结论」四个要素，缺一不可；不能只说「移动了」而不说明方向与结果。,《2026/2027 一轮复习讲义·学生版 / 知识清单·学生版》文本判定
CHEMISTRY,循环转化关系图中物质变化的分析思路,循环转化关系图中物质变化的分析思路,CONCEPT,CHEMISTRY·综合·综合·综合,定位：CHEMISTRY·综合·综合。只在一张图中出现一次的物质往往是反应物或产物，只有反复出现于「生成—消耗」两端的才是中间产物；催化剂则在循环中「先消耗后生成」。,《2026/2027 一轮复习讲义·学生版 / 知识清单·学生版》文本判定
BIOLOGY,荧光标记技术与原位杂交定位技术,荧光标记技术与原位杂交定位技术,CONCEPT,BIOLOGY·综合·综合·综合,定位：BIOLOGY·综合·综合。荧光标记技术重在「显示位置与表达量」，原位杂交定位技术重在「利用碱基互补配对把探针定位到染色体上」，两者原理不同。,《2026/2027 一轮复习讲义·学生版 / 知识清单·学生版》文本判定
CHEMISTRY,沉淀溶解平衡实验设计与评价题的解题思路,沉淀溶解平衡实验设计与评价题的解题思路,CONCEPT,化学选择性必修1·第三章·水溶液中的离子平衡,定位：化学选择性必修1 第三章。测定Ksp时必须保证溶液达到饱和，未饱和或过饱和都会使结果偏小或偏大；验证Ksp大小关系时若两种离子浓度不同，观察到的沉淀先后不能直接说明Ksp的大小顺序；误差分析要落到具体的测量量上。,《2026/2027 一轮复习讲义·学生版 / 知识清单·学生版》文本判定
CHEMISTRY,电化学装置的回路分析与离子迁移,电化学装置的回路分析与离子迁移,CONCEPT,化学选择性必修1·第四章·电化学,定位：化学选择性必修1 第四章。电子只能在导线中移动，不能在溶液中移动；离子只能在溶液中（或通过离子交换膜）移动，不能穿过导线；不能把“电流方向”与“电子方向”混为一谈。,《2026/2027 一轮复习讲义·学生版 / 知识清单·学生版》文本判定
CHEMISTRY,根据化学方程式计算的步骤,根据化学方程式计算的步骤,CONCEPT,CHEMISTRY·综合·综合·综合,定位：CHEMISTRY·综合·综合。设未知数时带单位会使比例式书写混乱，答题时应规范；化学方程式未配平就列比例式会得到错误结果；“标”的量必须是化学式下面同一行的对应量，不能张冠李戴。,《2026/2027 一轮复习讲义·学生版 / 知识清单·学生版》文本判定
CHEMISTRY,化学计算中的守恒法,化学计算中的守恒法,CONCEPT,CHEMISTRY·综合·综合·综合,定位：CHEMISTRY·综合·综合。使用守恒法时要准确确定守恒的“对象”与范围（哪一种元素、哪一类电子），只看反应物与生成物而不必纠缠中间步骤；不同守恒关系不能混用在同一等式中。,《2026/2027 一轮复习讲义·学生版 / 知识清单·学生版》文本判定
CHEMISTRY,化学计算中的关系式法,化学计算中的关系式法,CONCEPT,CHEMISTRY·综合·综合·综合,定位：CHEMISTRY·综合·综合。建立关系式必须保证各步反应完全进行且元素守恒关系清晰；中间步骤若有副反应或损失，要按题给条件修正关系式中的系数；关系式两边的单位要统一。,《2026/2027 一轮复习讲义·学生版 / 知识清单·学生版》文本判定
CHEMISTRY,串联类电化学装置的分析,串联类电化学装置的分析,CONCEPT,化学选择性必修1·第四章·电化学,定位：化学选择性必修1 第四章。无外接电源时，各装置中只有一个是原电池，其余都是电解池；串联电路各电极转移电子数相同，但不同电极上每摩尔物质对应的电子数不同，不能直接用物质的量相等替换；惰性电极与活性电极的产物判断不同。,《2026/2027 一轮复习讲义·学生版 / 知识清单·学生版》文本判定
CHEMISTRY,键的极性与羧酸酸性,键的极性与羧酸酸性,CONCEPT,化学选择性必修2·物质结构与性质·分子的空间结构,定位：化学选择性必修2 物质结构与性质。该规律用于比较结构相似的羧酸；不能只看分子中氢原子数目判断酸性强弱（如 H2CO3 酸性强于 HClO 与氢原子数无关）。,《2026/2027 一轮复习讲义·学生版 / 知识清单·学生版》文本判定
CHEMISTRY,无机含氧酸酸性强弱的判断,无机含氧酸酸性强弱的判断,CONCEPT,化学必修第一册·第四章·物质结构元素周期律,定位：化学必修第一册 第四章。判断酸性必须先看是否为同种成酸元素、非羟基氧原子数是否相同，再选择对应规律；酸中直接与成酸元素相连的氢不能电离，不能计入酸的元数。,《2026/2027 一轮复习讲义·学生版 / 知识清单·学生版》文本判定
CHEMISTRY,分子的手性与手性碳原子,分子的手性与手性碳原子,CONCEPT,化学选择性必修2·物质结构与性质·分子的空间结构,定位：化学选择性必修2 物质结构与性质。手性碳原子必须同时连接 4 个互不相同的原子或基团，连有 2 个相同基团的碳不是手性碳；判断时须逐一检查每个碳原子的取代基。,《2026/2027 一轮复习讲义·学生版 / 知识清单·学生版》文本判定
CHEMISTRY,实验方案设计中的操作与安全要点,实验方案设计中的操作与安全要点,CONCEPT,CHEMISTRY·综合·实验与方案设计·实验分析,定位：CHEMISTRY 综合。该要点针对气体参与或生成的实验；防倒吸装置的选择须与吸收液的溶解性配合，易溶气体吸收时更要注意，且不能因加装防倒吸装置而改变气体的净化顺序。,《2026/2027 一轮复习讲义·学生版 / 知识清单·学生版》文本判定
CHEMISTRY,含氯物质的制备与转化路径,含氯物质的制备与转化路径,CONCEPT,化学必修第一册·第二章·氯及其化合物,定位：化学必修第一册 第二章。该路径适用于含氯物质的制备与转化类综合题；分析时须注意 ClO2 浓度较高时易分解爆炸（一般用空气稀释到体积分数 10% 以下），且不同价态之间的转化需在对应酸碱性条件下进行。,《2026/2027 一轮复习讲义·学生版 / 知识清单·学生版》文本判定
CHEMISTRY,常见硫酸盐的性质与用途,常见硫酸盐的性质与用途,CONCEPT,化学必修第二册·第五章·硫氮及其化合物,定位：化学必修第二册 第五章。硫酸钡作钡餐的前提是既不溶于水也不溶于酸；碳酸钡可溶于酸，不能用作钡餐。CuSO4 能使蛋白质变性，使用时须注意其毒性。无水硫酸铜只能检验水，不能用作干燥剂。,《2026/2027 一轮复习讲义·学生版 / 知识清单·学生版》文本判定
CHEMISTRY,气体溶于水后溶液浓度的计算,气体溶于水后溶液浓度的计算,CONCEPT,CHEMISTRY·综合·综合·综合,定位：CHEMISTRY·综合·综合。该类计算中溶液体积不能用水与气体的体积直接相加，必须用溶液质量除以溶液密度；气体体积只有在标准状况下才能除以 22.4，非标准状况须另作处理。,《2026/2027 一轮复习讲义·学生版 / 知识清单·学生版》文本判定
CHEMISTRY,溶液稀释与混合的计算,溶液稀释与混合的计算,CONCEPT,CHEMISTRY·综合·综合·综合,定位：CHEMISTRY·综合·综合。等体积混合时不能把两个体积简单相加求浓度，须结合密度判断混合后质量分数的偏向；只有在等质量混合时质量分数才等于平均值；稀释时体积守恒的说法是错误的前提。,《2026/2027 一轮复习讲义·学生版 / 知识清单·学生版》文本判定
CHEMISTRY,有机实验中官能团与水解产物的检验,有机实验中官能团与水解产物的检验,CONCEPT,化学选择性必修1·第三章·水溶液中的离子平衡,定位：化学选择性必修1 第三章。检验水解产物前必须先中和催化剂（硫酸），这是有机检验实验最常见的失分点；证明双键用溴的四氯化碳溶液比用酸性 KMnO4 溶液更可靠（后者可能被醇羟基等还原性基团干扰）。,《2026/2027 一轮复习讲义·学生版 / 知识清单·学生版》文本判定
CHEMISTRY,比较物质酸性强弱的方法,比较物质酸性强弱的方法,CONCEPT,化学必修第一册·第四章·物质结构元素周期律,定位：化学必修第一册 第四章。使用强酸制弱酸判断酸性时须排除非酸性因素驱动的反应（如生成难溶物 CuS、高温下 SiO2 置换 CO2）；比较盐溶液碱性必须在同浓度条件下进行，不能用饱和溶液；同浓度是各种比较方法的前提。,《2026/2027 一轮复习讲义·学生版 / 知识清单·学生版》文本判定
CHEMISTRY,有机物制备的基本操作,有机物制备的基本操作,CONCEPT,化学必修第二册·第七章·有机化合物,定位：化学必修第二册 第七章。易错点：冷凝回流必须下进上出，否则冷凝效果差甚至炸裂；忘加沸石不能中途直接补加；蒸馏时温度计位置错误会使读数不是馏分沸点；洗涤时要防止产物溶于水或碱液造成损失。,《2026/2027 一轮复习讲义·学生版 / 知识清单·学生版》文本判定
CHEMISTRY,物质间不能一步实现的转化,物质间不能一步实现的转化,CONCEPT,CHEMISTRY·综合·综合·综合,定位：CHEMISTRY·综合·综合。易错点：硫燃烧只生成SO2，不能直接得到SO3；铁与氯气反应生成三价铁，与硫、碘反应生成二价铁；活泼金属的冶炼必须电解熔融的化合物，氯化铝是共价化合物不能电解；氧化物与水反应与否要看溶解性和反应规律。,《2026/2027 一轮复习讲义·学生版 / 知识清单·学生版》文本判定
BIOLOGY,细胞呼吸的易错辨析,细胞呼吸的易错辨析,REASONING,生物学必修1·第五章第三节·细胞呼吸,定位：生物学必修1 第五章第三节。①必须区分“释放能量”与“生成ATP”；②必须区分消耗O2与生成CO2各自所在的阶段；③原核细胞没有线粒体，不能套用“在线粒体内膜上生成水”的说法。,《2026/2027 一轮复习讲义·学生版 / 知识清单·学生版》文本判定
CHEMISTRY,氯的常见氧化物,氯的常见氧化物,CONCEPT,化学必修第一册·第二章·氯及其化合物,定位：化学必修第一册 第二章。①Cl2O是次氯酸的酸酐而不是盐酸的酸酐；②ClO2中氯的化合价为+4价，不是氧化物中的“-2价氯”；③ClO2消毒时被还原成Cl-，故相同物质的量的ClO2得电子数多于Cl2，消毒效率更高。,《2026/2027 一轮复习讲义·学生版 / 知识清单·学生版》文本判定
CHEMISTRY,氯胺,氯胺,CONCEPT,化学必修第一册·第二章·氯及其化合物,定位：化学必修第一册 第二章。①氯胺是共价化合物，不能当作离子型的铵盐理解；②起消毒作用的活性微粒是水解释放出的HClO而不是氯胺本身；③比较消毒效果时要同时考虑单位质量的得电子数与释放HClO的速率。,《2026/2027 一轮复习讲义·学生版 / 知识清单·学生版》文本判定
BIOLOGY,影响物质跨膜运输的因素,影响物质跨膜运输的因素,CONCEPT,生物学必修1·第四章·物质的输入与输出,定位：生物学必修1 第四章。不能把速率曲线“不再上升”一律归因于载体饱和：自由扩散的速率随浓度差持续增大；缺氧、低温对主动运输的影响分别通过供能和酶活性起作用；无氧时主动运输仍可由无氧呼吸供能。,《2026/2027 一轮复习讲义·学生版 / 知识清单·学生版》文本判定
CHEMISTRY,极端假设法确定浓度范围,极端假设法确定浓度范围,CONCEPT,CHEMISTRY·综合·综合·综合,定位：CHEMISTRY·综合·综合。假设“进行到底”只是为了求极限，可逆反应实际不可能进行到底，所以区间端点一般取不到；若某物质起始浓度为0（只有一边投料），则该物质的平衡浓度大于0且小于其完全转化时的值。,《2026/2027 一轮复习讲义·学生版 / 知识清单·学生版》文本判定
CHEMISTRY,溶解性与溶解度的关系,溶解性与溶解度的关系,CONCEPT,CHEMISTRY·综合·实验与方案设计·实验分析,定位：CHEMISTRY 综合。溶解性的等级界限只是习惯划分；微溶物在浓溶液中也会析出沉淀；判断“难溶”与“不溶”时不能说成绝对不溶，也不能由难溶推断其一定是弱电解质。,《2026/2027 一轮复习讲义·学生版 / 知识清单·学生版》文本判定
CHEMISTRY,温度计的使用规范,温度计的使用规范,CONCEPT,CHEMISTRY·综合·实验与方案设计·实验分析,定位：CHEMISTRY 综合。蒸馏测的是蒸气温度，故水银球必须在支管口；若把水银球插入液面，测到的是液体的温度，不能反映馏分的沸点；温度计也不能当搅拌棒用。,《2026/2027 一轮复习讲义·学生版 / 知识清单·学生版》文本判定
CHEMISTRY,仪器的连接与组装原则,仪器的连接与组装原则,CONCEPT,CHEMISTRY·综合·实验与方案设计·实验分析,定位：CHEMISTRY 综合。气密性检查必须在装药品之前进行；洗气装置一般“长进短出”，干燥管“大进小出”；连接顺序由实验目的决定，不能只凭仪器外形拼接。,《2026/2027 一轮复习讲义·学生版 / 知识清单·学生版》文本判定
CHEMISTRY,试纸的类型与使用方法,试纸的类型与使用方法,CONCEPT,CHEMISTRY·综合·综合·综合,定位：CHEMISTRY·综合·综合。检验气体必须先润湿试纸（气体需溶解后才能与试纸反应），检验溶液时pH试纸则不能润湿；pH试纸只能读到整数；试纸不能直接浸入待测液。,《2026/2027 一轮复习讲义·学生版 / 知识清单·学生版》文本判定
CHEMISTRY,化学实验基本操作中的八个不能,化学实验基本操作中的八个不能,CONCEPT,CHEMISTRY·综合·实验与方案设计·实验分析,定位：CHEMISTRY 综合。“不能”针对的是安全与操作规范；例外情形（如金属钠、钾可放回原试剂瓶）要单独记忆；读数类器具的视线要求与容量瓶定容要求一致。,《2026/2027 一轮复习讲义·学生版 / 知识清单·学生版》文本判定
CHEMISTRY,化学实验中的先后顺序规则,化学实验中的先后顺序规则,CONCEPT,CHEMISTRY·综合·实验与方案设计·实验分析,定位：CHEMISTRY 综合。顺序颠倒会导致实验失败或事故，如先撤酒精灯后移导管会引起倒吸；先装药品后查气密性则无法确认装置是否漏气；检查漏液必须在洗涤之前。,《2026/2027 一轮复习讲义·学生版 / 知识清单·学生版》文本判定
CHEMISTRY,化学试剂的存放规则,化学试剂的存放规则,CONCEPT,CHEMISTRY·综合·实验与方案设计·实验分析,定位：CHEMISTRY 综合。瓶塞的选择依据是药品的酸碱性（碱用橡胶塞、酸和氧化剂用玻璃塞）；只有见光易分解的药品才需要棕色瓶；钠、白磷等要按各自特性选择煤油封或水封。,《2026/2027 一轮复习讲义·学生版 / 知识清单·学生版》文本判定
CHEMISTRY,电解精炼,电解精炼,CONCEPT,化学选择性必修1·第四章·电化学,定位：化学选择性必修1 第四章。阳极必须先溶解后沉积，故粗铜必须作阳极；Ag、Au等不如铜活泼的金属不溶解，形成阳极泥而不是进入溶液；电解精炼的电解液与电镀液不同，其浓度会发生变化。,《2026/2027 一轮复习讲义·学生版 / 知识清单·学生版》文本判定
CHEMISTRY,锂电池与锂离子电池,锂电池与锂离子电池,CONCEPT,化学选择性必修1·第四章·电化学,定位：化学选择性必修1 第四章。锂电池使用非水电解质，不能用水溶液作电解液；放电时 $Li^+$ 移向正极、充电时移向阴极；充放电时电极材料的“嵌入/脱嵌”属于物理过程，正负极材料的结构基本保持；废旧电池回收时可通过放电处理使 $Li^+$ 进入负极材料。,《2026/2027 一轮复习讲义·学生版 / 知识清单·学生版》文本判定
BIOLOGY,分子标记与基因定位流程,分子标记与基因定位流程,CONCEPT,生物学必修2·第一章第二节·遗传的基本规律,定位：生物学必修2 第一章第二节。分子标记必须与目标基因连锁或共分离才能用于定位；群体规模与标记密度决定定位精度，连锁分析通常要求LOD≥3。,《2026/2027 一轮复习讲义·学生版 / 知识清单·学生版》文本判定
BIOLOGY,分子标记辅助育种,分子标记辅助育种,CONCEPT,生物学选择性必修3·生物技术与工程·基因工程的基本操作程序,定位：生物学选择性必修3 生物技术与工程。完美标记要求标记与功能位点紧密连锁；分子标记辅助选择依据基因型而非表型，结果仍需结合表型验证。,《2026/2027 一轮复习讲义·学生版 / 知识清单·学生版》文本判定
CHEMISTRY,分子的手性,分子的手性,CONCEPT,化学选择性必修2·物质结构与性质·分子的空间结构,定位：化学选择性必修2 物质结构与性质。手性碳原子必须是饱和碳原子（sp3杂化）；判断时必须逐一核对所连四个基团是否互不相同，双键碳原子不能成为手性碳。,《2026/2027 一轮复习讲义·学生版 / 知识清单·学生版》文本判定
CHEMISTRY,阴、阳极的判断方法,阴、阳极的判断方法,CONCEPT,CHEMISTRY·综合·综合·综合,定位：CHEMISTRY·综合·综合。命名规则只适用于电解池：原电池中失电子的一极叫负极，得电子的一极叫正极，不能把阳极与正极等同。,《2026/2027 一轮复习讲义·学生版 / 知识清单·学生版》文本判定
CHEMISTRY,惰性电极电解规律,惰性电极电解规律,CONCEPT,化学选择性必修1·第四章·电化学,定位：化学选择性必修1 第四章。溶液复原时不能直接加水，应按“出什么加什么”的原则补加对应物质（如电解CuSO4溶液后应加CuO而不能加Cu(OH)2），因为要保证补回的元素种类与析出物一致。,《2026/2027 一轮复习讲义·学生版 / 知识清单·学生版》文本判定
CHEMISTRY,电冶金,电冶金,CONCEPT,CHEMISTRY·综合·综合·综合,定位：CHEMISTRY·综合·综合。原料选择要同时考虑熔点（能耗）与熔融态能否导电（是否离子化合物）；冰晶石只起助熔作用，不参与电极反应。,《2026/2027 一轮复习讲义·学生版 / 知识清单·学生版》文本判定
CHEMISTRY,AlCl3的结构与性质,AlCl3的结构与性质,CONCEPT,CHEMISTRY·综合·综合·综合,定位：CHEMISTRY·综合·综合。AlCl3虽由金属元素和非金属元素组成，却是共价化合物，不能按金属氯化物的一般规律判断其晶体类型。,《2026/2027 一轮复习讲义·学生版 / 知识清单·学生版》文本判定
CHEMISTRY,离子反应顺序的判断,离子反应顺序的判断,CONCEPT,化学必修第一册·第一章·离子反应与氧化还原,定位：化学必修第一册 第一章。判断顺序不能只看酸碱性强弱，还要检查“先发生的反应所生成的微粒是否会与后加入的离子反应”，否则顺序会自相矛盾。,《2026/2027 一轮复习讲义·学生版 / 知识清单·学生版》文本判定
CHEMISTRY,氢氧化铝沉淀的图像与计算,氢氧化铝沉淀的图像与计算,CONCEPT,化学必修第一册·第三章·铁与金属材料,定位：化学必修第一册 第三章。图像题必须先判断曲线拐点对应的反应阶段，再进行计算；同一沉淀量可能对应两个不同的碱用量，题目未限定“碱不足”时须讨论两种情况。,《2026/2027 一轮复习讲义·学生版 / 知识清单·学生版》文本判定
CHEMISTRY,工业制铝的酸溶法流程,工业制铝的酸溶法流程,CONCEPT,化学必修第一册·第三章·铁与金属材料,定位：化学必修第一册 第三章。该流程分离成功的条件是碱必须过量且为强碱：只有强碱才能使Al(OH)3溶解为[Al(OH)4]⁻而Fe(OH)3留作沉淀。,《2026/2027 一轮复习讲义·学生版 / 知识清单·学生版》文本判定
CHEMISTRY,酸或碱溶液中水电离程度的计算,酸或碱溶液中水电离程度的计算,CONCEPT,化学选择性必修1·第三章·水溶液中的离子平衡,定位：化学选择性必修1 第三章。不能把溶液中总c(H+)当作水电离产生的c(H+)；酸溶液中H+主要来自酸，碱溶液中OH-主要来自碱，水电离的贡献可以忽略。,《2026/2027 一轮复习讲义·学生版 / 知识清单·学生版》文本判定
CHEMISTRY,化学反应条件的控制,化学反应条件的控制,CONCEPT,CHEMISTRY·综合·综合·综合,定位：CHEMISTRY·综合·综合。速率与转化率可能相互矛盾（放热反应升温加快速率但降低平衡转化率），生产条件必须权衡多个指标，不能只追求单一因素最优；催化剂只改变速率不改变平衡转化率。,《2026/2027 一轮复习讲义·学生版 / 知识清单·学生版》文本判定
CHEMISTRY,常见净水剂、消毒剂与漂白剂,常见净水剂、消毒剂与漂白剂,CONCEPT,化学必修第一册·第二章·氯及其化合物,定位：化学必修第一册 第二章。净水剂只吸附沉降悬浮杂质、不能杀菌消毒；含氯消毒剂的消毒本质是生成HClO；SO2的漂白是与有色物质结合生成不稳定的无色物质，与含氯漂白剂的氧化性漂白原理不同。,《2026/2027 一轮复习讲义·学生版 / 知识清单·学生版》文本判定
CHEMISTRY,常见干燥剂及其使用限制,常见干燥剂及其使用限制,CONCEPT,CHEMISTRY·综合·综合·综合,定位：CHEMISTRY·综合·综合。选择干燥剂要同时考虑吸水能力与是否与被干燥的物质反应：酸性干燥剂不能干燥碱性气体，能与氨气形成配合物的无水氯化钙不能用于干燥氨气。,《2026/2027 一轮复习讲义·学生版 / 知识清单·学生版》文本判定
CHEMISTRY,化学用语中的六式,化学用语中的六式,CONCEPT,CHEMISTRY·综合·综合·综合,定位：CHEMISTRY·综合·综合。只有分子晶体才有分子式，离子晶体、共价晶体等只能写化学式；结构式与结构简式、键线式的省略程度依次增大，但官能团在任何一种表示中都不能省略。,《2026/2027 一轮复习讲义·学生版 / 知识清单·学生版》文本判定
CHEMISTRY,离子推断解题技法,离子推断解题技法,CONCEPT,CHEMISTRY·综合·综合·综合,定位：CHEMISTRY·综合·综合。推断结果必须回代检验（电荷守恒、离子能否共存、现象是否唯一可解释），只满足部分实验现象的结论不能采纳；题目未给出的离子可以存在，不能凭“没提到”就断定不存在。,《2026/2027 一轮复习讲义·学生版 / 知识清单·学生版》文本判定
BIOLOGY,物质跨膜运输方式的判断,物质跨膜运输方式的判断,CONCEPT,生物学必修1·第四章·物质的输入与输出,定位：生物学必修1 第四章。通道蛋白只参与协助扩散而不能进行主动运输；胞吞、胞吐依靠膜的流动性完成，物质并未穿过膜结构，不属于跨膜运输方式。,《2026/2027 一轮复习讲义·学生版 / 知识清单·学生版》文本判定
CHEMISTRY,利用平衡移动原理解释问题的答题模板,利用平衡移动原理解释问题的答题模板,CONCEPT,化学选择性必修1·第二章·化学平衡,定位：化学选择性必修1 第二章。必须写出具体的平衡体系与条件变化，只写结论不得分；涉及多个平衡时要指明讨论的是哪一个，避免答非所问。,《2026/2027 一轮复习讲义·学生版 / 知识清单·学生版》文本判定
BIOLOGY,遗传系谱图与遗传图解的书写规范,遗传系谱图与遗传图解的书写规范,CONCEPT,生物学必修2·第一章第二节·遗传的基本规律,定位：生物学必修2 第一章第二节。系谱图用于表示家族成员之间的亲缘关系，遗传图解用于表示亲本的杂交过程，两者符号体系与用途不同，不能混用；缺少图例或世代标记会被扣分。,《2026/2027 一轮复习讲义·学生版 / 知识清单·学生版》文本判定
CHEMISTRY,定性探究题的形式与基本环节,定性探究题的形式与基本环节,CONCEPT,CHEMISTRY·综合·综合·综合,定位：CHEMISTRY·综合·综合。定性探究只作定性判断，不能给出含量或浓度的定量结论；凡是结论依赖精确数据的探究要改用定量实验的思路。,《2026/2027 一轮复习讲义·学生版 / 知识清单·学生版》文本判定
CHEMISTRY,定性探究的方法与分析推理,定性探究的方法与分析推理,CONCEPT,CHEMISTRY·综合·综合·综合,定位：CHEMISTRY·综合·综合。条件对照只改变非自变量、保持自变量相同，用于排除环境干扰；若同时改变多个条件，就无法判断是哪个因素造成现象差异。,《2026/2027 一轮复习讲义·学生版 / 知识清单·学生版》文本判定
CHEMISTRY,定性探究实验的依据与验证方案,定性探究实验的依据与验证方案,CONCEPT,CHEMISTRY·综合·实验与方案设计·实验分析,定位：CHEMISTRY 综合。验证酸性强弱时必须排除 SO₂ 等干扰气体的影响；判断弱酸要看稀释后 pH 的变化或用正盐溶液的 pH，不能只看是否产生气泡。,《2026/2027 一轮复习讲义·学生版 / 知识清单·学生版》文本判定
CHEMISTRY,定性探究实验题的解题策略,定性探究实验题的解题策略,CONCEPT,CHEMISTRY·综合·实验与方案设计·实验分析,定位：CHEMISTRY 综合。审题阶段必须先确定探究目标与变量，否则后续设计会偏离问题；设计步骤时缺少取样、试剂用量等细节会失分。,《2026/2027 一轮复习讲义·学生版 / 知识清单·学生版》文本判定
CHEMISTRY,分子的手性与对映异构体,分子的手性与对映异构体,CONCEPT,化学选择性必修2·物质结构与性质·分子的空间结构,定位：化学选择性必修2 物质结构与性质。手性分子与对映异构体描述的是空间结构关系，与分子的极性、键的极性没有直接对应；有不对称碳原子是常见判据但不是唯一情形。,《2026/2027 一轮复习讲义·学生版 / 知识清单·学生版》文本判定
CHEMISTRY,金属氢化物,金属氢化物,CONCEPT,化学必修第一册·第三章·铁与金属材料,定位：化学必修第一册 第三章。金属氢化物中氢为－1 价而不是＋1 价，分析氧化还原时要把 H⁻ 作为还原剂判断；NaH 与水反应时水中的氢为＋1 价，被还原为 H₂。,《2026/2027 一轮复习讲义·学生版 / 知识清单·学生版》文本判定
BIOLOGY,RNA的结构、种类与功能,RNA的结构、种类与功能,CONCEPT,BIOLOGY·综合·综合·综合,定位：BIOLOGY·综合·综合。三类RNA的功能不可混淆：只有mRNA是翻译模板，tRNA只转运氨基酸，rRNA是核糖体成分；tRNA虽为单链却含氢键（局部折叠配对），据此可判断关于tRNA结构的正误说法。,《2026/2027 一轮复习讲义·学生版 / 知识清单·学生版》文本判定
CHEMISTRY,探究型实验的类型与程序,探究型实验的类型与程序,CONCEPT,CHEMISTRY·综合·实验与方案设计·实验分析,定位：CHEMISTRY 综合。类型判断决定答题方向：未知产物探究侧重检验方案与干扰排除，性质探究侧重对比实验与变量控制；脱离元素化合物知识凭空设计实验不成立。,《2026/2027 一轮复习讲义·学生版 / 知识清单·学生版》文本判定
CHEMISTRY,定量实验数据的采集与处理,定量实验数据的采集与处理,CONCEPT,CHEMISTRY·综合·实验与方案设计·实验分析,定位：CHEMISTRY 综合。有效数字位数要与仪器精度匹配；平行实验取平均值前要先剔除离群数据；气体体积数据必须注明温度与压强。,《2026/2027 一轮复习讲义·学生版 / 知识清单·学生版》文本判定
CHEMISTRY,含氯化合物制备原料转化路径,含氯化合物制备原料转化路径,CONCEPT,化学必修第一册·第二章·氯及其化合物,定位：化学必修第一册 第二章。实验室法制得的 Cl2 含 HCl 和水蒸气，必须净化；工业电解时要防止产物 NaOH 与 Cl2 反应而降低产率。,《2026/2027 一轮复习讲义·学生版 / 知识清单·学生版》文本判定
CHEMISTRY,卤素互化物与拟卤素解题模板,卤素互化物与拟卤素解题模板,CONCEPT,CHEMISTRY·综合·综合·综合,定位：CHEMISTRY·综合·综合。关键是先定价态、再判反应类型；不要凭含卤素就一定是氧化还原反应的直觉判断。,《2026/2027 一轮复习讲义·学生版 / 知识清单·学生版》文本判定
BIOLOGY,交配类型的辨析及应用,交配类型的辨析及应用,REASONING,BIOLOGY·综合·综合·综合,定位：BIOLOGY·综合·综合。测交只能与隐性纯合子杂交；正交与反交没有固定哪个是正交，须由题目设定判断。,《2026/2027 一轮复习讲义·学生版 / 知识清单·学生版》文本判定
BIOLOGY,从性遗传与限性遗传,从性遗传与限性遗传,CONCEPT,生物学必修2·第一章第二节·遗传的基本规律,定位：生物学必修2 第一章第二节。从性遗传与伴性遗传不同：从性遗传的基因位于常染色体上，只是表型受性别影响；不能误认为基因位于性染色体。,《2026/2027 一轮复习讲义·学生版 / 知识清单·学生版》文本判定
BIOLOGY,母性效应与表型模拟,母性效应与表型模拟,CONCEPT,BIOLOGY·综合·综合·综合,定位：BIOLOGY·综合·综合。母性效应与细胞质遗传不同，其基因位于细胞核中；表型模拟个体基因型可能含显性基因，不能只凭表型判断基因型。,《2026/2027 一轮复习讲义·学生版 / 知识清单·学生版》文本判定
BIOLOGY,雄性不育与自交不亲和,雄性不育与自交不亲和,CONCEPT,BIOLOGY·综合·综合·综合,定位：BIOLOGY·综合·综合。细胞质雄性不育表现为母体遗传，与核基因控制的不育遗传方式不同；自交不亲和的植株雌雄配子均正常，只是不能自体结实。,《2026/2027 一轮复习讲义·学生版 / 知识清单·学生版》文本判定
CHEMISTRY,Al(OH)3沉淀量的计算,Al(OH)3沉淀量的计算,CONCEPT,CHEMISTRY·综合·综合·综合,定位：CHEMISTRY·综合·综合。第三段（碱过量）沉淀量为零，是第一段的相反情形；计算时要先判断碱是否过量，不能直接用一条公式。,《2026/2027 一轮复习讲义·学生版 / 知识清单·学生版》文本判定
CHEMISTRY,氢氧化铝沉淀图像分析,氢氧化铝沉淀图像分析,CONCEPT,化学必修第一册·第三章·铁与金属材料,定位：化学必修第一册 第三章。图像中平台段对应的沉淀量最大，之后下降说明 Al(OH)3 溶解；若曲线上升前有一段消耗碱但无沉淀，必须先扣掉 H+ 消耗的碱量。,《2026/2027 一轮复习讲义·学生版 / 知识清单·学生版》文本判定
CHEMISTRY,常见酸碱盐的溶解性,常见酸碱盐的溶解性,CONCEPT,CHEMISTRY·综合·实验与方案设计·实验分析,定位：CHEMISTRY 综合。溶解性表是书写离子方程式与判断离子共存的基础；注意 Ca(OH)2 微溶（作生成物写化学式，作反应物时澄清溶液写离子）。,《2026/2027 一轮复习讲义·学生版 / 知识清单·学生版》文本判定
CHEMISTRY,含氧酸及其酸性比较,含氧酸及其酸性比较,CONCEPT,化学必修第一册·第四章·物质结构元素周期律,定位：化学必修第一册 第四章。同种元素含氧酸的酸性比较看化合价，不同元素看非金属性；H3BO3 的元数由电离方式决定，不能按氢原子数判断。,《2026/2027 一轮复习讲义·学生版 / 知识清单·学生版》文本判定
CHEMISTRY,化学计算的常用方法,化学计算的常用方法,CONCEPT,CHEMISTRY·综合·综合·综合,定位：CHEMISTRY·综合·综合。守恒法的前提是正确判断元素去向与电子得失；电荷守恒适用于溶液与离子化合物，使用时注意离子的电荷数。,《2026/2027 一轮复习讲义·学生版 / 知识清单·学生版》文本判定
CHEMISTRY,水溶液中多曲线图像题的分析方法,水溶液中多曲线图像题的分析方法,CONCEPT,CHEMISTRY·综合·综合·综合,定位：CHEMISTRY·综合·综合。图像题的结论要由点、线、守恒共同支撑；分布系数相同的点只能说明两微粒浓度相等，不能直接判定溶液显中性。,《2026/2027 一轮复习讲义·学生版 / 知识清单·学生版》文本判定
BIOLOGY,生物变异的类型,生物变异的类型,CONCEPT,生物学必修2·第五六章·变异与进化,定位：生物学必修2 第五六章。可遗传的三类划分依据是变异来源而不是能否观察到；生殖细胞中的变异一般可遗传，体细胞中的变异一般不能遗传（有些植物可通过无性繁殖传递）。,《2026/2027 一轮复习讲义·学生版 / 知识清单·学生版》文本判定
BIOLOGY,姐妹染色单体上等位基因来源的判断,姐妹染色单体上等位基因来源的判断,CONCEPT,生物学必修2·第一章第二节·遗传的基本规律,定位：生物学必修2 第一章第二节。有丝分裂过程中不会发生交叉互换，出现的差异只能来自基因突变；减数分裂中的差异要结合两条子染色体的颜色来源判断。,《2026/2027 一轮复习讲义·学生版 / 知识清单·学生版》文本判定
CHEMISTRY,离子方程式书写应注意的问题,离子方程式书写应注意的问题,REASONING,化学必修第一册·第一章·离子反应与氧化还原,定位：化学必修第一册 第一章。微溶物作反应物还是作生成物决定其写法，澄清溶液与浊液的处理相反；固体之间的反应一般不能写离子方程式。,《2026/2027 一轮复习讲义·学生版 / 知识清单·学生版》文本判定
CHEMISTRY,过渡金属的多价态与氧化性规律,过渡金属的多价态与氧化性规律,CONCEPT,化学必修第一册·第三章·铁与金属材料,定位：化学必修第一册 第三章。高价态不一定都能氧化浓盐酸（需具体看电极电势与条件）；低价化合物在空气中灼烧常被氧化，产物价态往往升高而不是保持原价态。,《2026/2027 一轮复习讲义·学生版 / 知识清单·学生版》文本判定
CHEMISTRY,锰及其化合物的性质,锰及其化合物的性质,CONCEPT,化学必修第一册·第三章·铁与金属材料,定位：化学必修第一册 第三章。Mn(Ⅱ)在酸性条件下难氧化、碱性条件下易氧化，判断氧化产物时必须先看介质；$Mn(OH)_2$ 易被空气氧化，实验操作要隔绝空气。,《2026/2027 一轮复习讲义·学生版 / 知识清单·学生版》文本判定
CHEMISTRY,锰酸盐与高锰酸钾的氧化性规律,锰酸盐与高锰酸钾的氧化性规律,CONCEPT,化学必修第一册·第三章·铁与金属材料,定位：化学必修第一册 第三章。高锰酸根的还原产物随介质不同而不同（酸性为 $Mn^{2+}$、中性或弱碱性为 $MnO_2$、强碱性为 $MnO_4^{2-}$），这是书写与配平相关方程式时的关键；$KMnO_4$ 见光受热易分解，需避光保存。,《2026/2027 一轮复习讲义·学生版 / 知识清单·学生版》文本判定
CHEMISTRY,铬及其重要化合物的性质,铬及其重要化合物的性质,CONCEPT,化学必修第一册·第三章·铁与金属材料,定位：化学必修第一册 第三章。Cr(Ⅲ) 在酸性条件下难被氧化、碱性条件下易被氧化，判断产物要结合介质；$Cr_2O_3$ 与 $Cr(OH)_3$ 都具两性，与酸、碱反应分别生成 $Cr^{3+}$ 与亚铬酸盐。,《2026/2027 一轮复习讲义·学生版 / 知识清单·学生版》文本判定
CHEMISTRY,重铬酸盐的强氧化性,重铬酸盐的强氧化性,CONCEPT,化学必修第一册·第三章·铁与金属材料,定位：化学必修第一册 第三章。比较含铬物质的氧化性强弱时必须指明溶液的酸碱性（酸性条件下 $Cr_2O_7^{2-}$ 的氧化性远强于碱性条件下的 $CrO_4^{2-}$）；重铬酸盐与铬酸盐在溶液中随 pH 相互转化。,《2026/2027 一轮复习讲义·学生版 / 知识清单·学生版》文本判定
CHEMISTRY,钒及其重要化合物的性质,钒及其重要化合物的性质,CONCEPT,化学必修第一册·第三章·铁与金属材料,定位：化学必修第一册 第三章。$V_2O_5$ 以酸性为主但具有两性，既能溶于碱也能溶于强酸并被还原；钒不同价态的化合物颜色不同，判断时要结合价态与介质酸碱性。,《2026/2027 一轮复习讲义·学生版 / 知识清单·学生版》文本判定
CHEMISTRY,钴及其化合物的性质,钴及其化合物的性质,CONCEPT,化学必修第一册·第三章·铁与金属材料,定位：化学必修第一册 第三章。钴与稀酸反应比铁缓慢、在冷浓硝酸中易钝化，注意钝化是化学变化而不是不反应；钴的氧化物与氢氧化物的具体制备条件需结合题意信息判断。,《2026/2027 一轮复习讲义·学生版 / 知识清单·学生版》文本判定
CHEMISTRY,由水电离的c(H＋)或c(OH－)的计算,由水电离的c(H＋)或c(OH－)的计算,CONCEPT,化学选择性必修1·第三章·水溶液中的离子平衡,定位：化学选择性必修1 第三章。酸、碱抑制水的电离，可水解的盐促进水的电离，两类情形中水电离出的离子浓度与溶液中该离子浓度的关系正好相反，不可混用；Kw 必须取该温度下的数值。,《2026/2027 一轮复习讲义·学生版 / 知识清单·学生版》文本判定
CHEMISTRY,酸碱中和滴定指示剂的选择,酸碱中和滴定指示剂的选择,CONCEPT,化学选择性必修1·第三章·水溶液中的离子平衡,定位：化学选择性必修1 第三章。石蕊不适用于酸碱中和滴定；强酸滴定强碱时甲基橙与酚酞的终点 pH 不同，测得的体积会有微小差异；指示剂本身也要消耗极少量标准液。,《2026/2027 一轮复习讲义·学生版 / 知识清单·学生版》文本判定
CHEMISTRY,用稀有气体元素确定主族元素位置,用稀有气体元素确定主族元素位置,CONCEPT,化学必修第一册·第四章·物质结构元素周期律,定位：化学必修第一册 第四章。该方法只适用于主族元素（含氢），不适用于副族、Ⅷ族和镧系锕系元素；判断出的族序数还要结合周期数核对，避免把 0 族写成ⅧA族。,《2026/2027 一轮复习讲义·学生版 / 知识清单·学生版》文本判定
CHEMISTRY,铝土矿提纯的酸溶法,铝土矿提纯的酸溶法,CONCEPT,化学必修第一册·第三章·铁与金属材料,定位：化学必修第一册 第三章。沉铝只能用氨水等弱碱，用强碱会使 Al(OH)3 溶解而不能与 Fe(OH)3 分离；SiO2 不溶于强酸是酸溶法除硅的依据，这与碱溶法中 SiO2 会溶于 NaOH 的情形正好相反；两种方法最终都经灼烧得 Al2O3 再电解制铝。,《2026/2027 一轮复习讲义·学生版 / 知识清单·学生版》文本判定
CHEMISTRY,氢氧化铝的制备方法,氢氧化铝的制备方法,CONCEPT,化学必修第一册·第三章·铁与金属材料,定位：化学必修第一册 第三章。制备时不能用 NaOH 等强碱作沉淀剂，用量不易控制且过量会使 Al(OH)3 溶解；Al3＋ 与 OH－、AlO2－、CO3^2-、S2－、HCO3－ 等不能大量共存，AlO2－ 与 H＋、HCO3－、Al3＋、Fe3＋ 等也不能大量共存,《2026/2027 一轮复习讲义·学生版 / 知识清单·学生版》文本判定
CHEMISTRY,物质性质验证类实验,物质性质验证类实验,CONCEPT,CHEMISTRY·综合·实验与方案设计·实验分析,定位：CHEMISTRY 综合。不能一见“褪色”就归结为漂白性，SO2 使溴水、酸性 KMnO4 褪色都是还原性；蛋白质的浓硝酸显色反应只适用于含苯环的蛋白质；品红褪色后加热恢复红色才是 SO2 漂白性的特征。,《2026/2027 一轮复习讲义·学生版 / 知识清单·学生版》文本判定
CHEMISTRY,实验结论辨析的常见陷阱,实验结论辨析的常见陷阱,REASONING,CHEMISTRY·综合·实验与方案设计·实验分析,定位：CHEMISTRY 综合。判断结论是否成立的标准是“该现象是否只能由结论中的物质或性质引起”；现象有多个可能来源时必须补充实验排除干扰，否则结论不唯一。,《2026/2027 一轮复习讲义·学生版 / 知识清单·学生版》文本判定
CHEMISTRY,实验类试题的三类错误,实验类试题的三类错误,CONCEPT,CHEMISTRY·综合·实验与方案设计·实验分析,定位：CHEMISTRY 综合。三类错误要在同一个选项中逐层检查：操作是否规范、现象描述是否准确、结论是否由现象唯一推出；任何一层不成立，该选项即为错误。,《2026/2027 一轮复习讲义·学生版 / 知识清单·学生版》文本判定
CHEMISTRY,实验类试题的解题策略,实验类试题的解题策略,CONCEPT,CHEMISTRY·综合·实验与方案设计·实验分析,定位：CHEMISTRY 综合。解题时先判断操作与现象，再判断结论，顺序不能颠倒；判断“结论是否唯一”是这类题的核心，涉及干扰离子时必须先排除干扰。,《2026/2027 一轮复习讲义·学生版 / 知识清单·学生版》文本判定
CHEMISTRY,二氧化碳与盐溶液的反应,二氧化碳与盐溶液的反应,CONCEPT,CHEMISTRY·综合·综合·综合,定位：CHEMISTRY·综合·综合。CO2 通入 CaCl2 或 BaCl2 溶液不会产生白色沉淀，因为碳酸的酸性弱于盐酸；CO2 与 NaClO 溶液反应的产物与 CO2 的量无关，只能生成 NaHCO3 不能生成 Na2CO3，因为酸性 H2CO3＞HClO＞HCO3－；,《2026/2027 一轮复习讲义·学生版 / 知识清单·学生版》文本判定
CHEMISTRY,二氧化碳与碱反应的产物判断,二氧化碳与碱反应的产物判断,CONCEPT,CHEMISTRY·综合·综合·综合,定位：CHEMISTRY·综合·综合。产物的判断依据是物质的量之比而不是气体的体积大小；判断反应顺序时必须检验假设的产物能否继续与另一组分反应；离子方程式的书写要与确定的产物对应。,《2026/2027 一轮复习讲义·学生版 / 知识清单·学生版》文本判定
CHEMISTRY,硫酸的工业制备（接触法）,硫酸的工业制备（接触法）,CONCEPT,化学必修第二册·第五章·硫氮及其化合物,定位：化学必修第二册 第五章。SO3 不能用水吸收（会形成酸雾），要用浓硫酸；SO2 必须净化否则催化剂中毒；尾气用碱液或氨水吸收，不能直接排放。,《2026/2027 一轮复习讲义·学生版 / 知识清单·学生版》文本判定
CHEMISTRY,亚硫酸及亚硫酸盐的性质,亚硫酸及亚硫酸盐的性质,CONCEPT,化学必修第二册·第五章·硫氮及其化合物,定位：化学必修第二册 第五章。亚硫酸氢盐溶液显酸性（HSO3－ 的电离程度大于水解程度），不要误判为碱性；亚硫酸的漂白是与有机色素结合生成无色物质，属于非氧化还原过程；H2SO3 与 SO2 溶液是同一体系，不能分开书写。,《2026/2027 一轮复习讲义·学生版 / 知识清单·学生版》文本判定
CHEMISTRY,常见金属硫化物的溶解性,常见金属硫化物的溶解性,CONCEPT,化学必修第二册·第五章·硫氮及其化合物,定位：化学必修第二册 第五章。FeS、ZnS、MnS 溶于稀酸而 CuS、PbS 不溶，是区分它们的关键；不能用稀硫酸与 FeS 反应制取 H2S 时混入的酸雾问题要另作处理（检验 H2S 用醋酸铅试纸）；判断沉淀能否生成要结合溶液的酸碱性。,《2026/2027 一轮复习讲义·学生版 / 知识清单·学生版》文本判定
BIOLOGY,囊泡运输与蛋白质分选,囊泡运输与蛋白质分选,CONCEPT,生物学必修1·第二章·细胞的分子组成,定位：生物学必修1 第二章。囊泡运输的方向是定向的（内质网→高尔基体→细胞膜，以及高尔基体→内质网的回收），不能认为囊泡随机移动；囊泡运输消耗能量；胞吐体现流动性而非选择透过性。,《2026/2027 一轮复习讲义·学生版 / 知识清单·学生版》文本判定
CHEMISTRY,高铁酸盐的制备与性质,高铁酸盐的制备与性质,CONCEPT,化学必修第一册·第三章·铁与金属材料,定位：化学必修第一册 第三章。高铁酸盐中 Fe 为＋6 价而不是＋3 价，判断氧化还原时不能按 Fe3＋ 处理；杀菌消毒靠强氧化性、净水靠还原产物 Fe(OH)3 胶体的吸附，两种作用不能混为一谈；Na2FeO4 转化为 K2FeO4 依据的是溶解度差异。,《2026/2027 一轮复习讲义·学生版 / 知识清单·学生版》文本判定
CHEMISTRY,依据化学方程式的计算,依据化学方程式的计算,CONCEPT,CHEMISTRY·综合·综合·综合,定位：CHEMISTRY·综合·综合。气体体积必须注明状况并先换算成物质的量；含杂质的样品要先由纯度求出实际参与反应的量，否则结果会随杂质含量产生系统性偏差。,《2026/2027 一轮复习讲义·学生版 / 知识清单·学生版》文本判定
CHEMISTRY,混合物计算的方法,混合物计算的方法,CONCEPT,CHEMISTRY·综合·综合·综合,定位：CHEMISTRY·综合·综合。平均值法必须已知两种纯物质的对应量才能确定范围；极值法只能给出区间判断，不能代替精确计算；建立方程组时方程个数要与未知数个数匹配。,《2026/2027 一轮复习讲义·学生版 / 知识清单·学生版》文本判定
CHEMISTRY,纯度、转化率与产率的计算,纯度、转化率与产率的计算,CONCEPT,化学选择性必修1·第二章·化学平衡,定位：化学选择性必修1 第二章。产率的分母是理论产量而不是投料量；转化率针对反应物、产率针对生成物，二者不能互换；样品为混合物时不能直接把总质量代入纯度公式。,《2026/2027 一轮复习讲义·学生版 / 知识清单·学生版》文本判定
CHEMISTRY,多重反应离子方程式的书写,多重反应离子方程式的书写,CONCEPT,化学必修第一册·第一章·离子反应与氧化还原,定位：化学必修第一册 第一章。多重反应最容易丢失其中的一组反应；书写前应先列出所有离子并逐一匹配，最后用“反应物配比”核对系数是否符合题意。,《2026/2027 一轮复习讲义·学生版 / 知识清单·学生版》文本判定
CHEMISTRY,常见净水剂消毒剂漂白剂与干燥剂,常见净水剂消毒剂漂白剂与干燥剂,CONCEPT,化学必修第一册·第二章·氯及其化合物,定位：化学必修第一册 第二章。干燥剂的选择要同时考虑吸水性与是否与被干燥气体反应；活性炭、SO2 的漂白原理分别属于吸附与化合，与 HClO 的氧化性漂白不同。,《2026/2027 一轮复习讲义·学生版 / 知识清单·学生版》文本判定
BIOLOGY,细胞不能无限长大的原因,细胞不能无限长大的原因,CONCEPT,BIOLOGY·综合·综合·综合,定位：BIOLOGY·综合·综合。因变量是扩散体积与总体积之比而不是扩散速度（各模型扩散速度相同）；不能由“细胞越小越有利于物质运输”推出“细胞越小越好”。,《2026/2027 一轮复习讲义·学生版 / 知识清单·学生版》文本判定
BIOLOGY,细胞周期检验点与同步化,细胞周期检验点与同步化,CONCEPT,生物学必修1·第六章·细胞的生命历程,定位：生物学必修1 第六章。秋水仙素使细胞停滞在中期，但着丝粒仍会分裂，故染色体数目加倍；血清饥饿法使细胞停滞在 G0/G1 期，与抑制 DNA 合成所阻滞的时期不同。,《2026/2027 一轮复习讲义·学生版 / 知识清单·学生版》文本判定
CHEMISTRY,水电离出的c水(H＋)与c水(OH－)的计算,水电离出的c水(H＋)与c水(OH－)的计算,CONCEPT,化学选择性必修1·第三章·水溶液中的离子平衡,定位：化学选择性必修1 第三章。必须先判断“哪种离子只来自水”，再取该离子在溶液中的浓度；酸碱抑制水电离使 c水 小于 1×10⁻⁷ mol·L⁻¹，水解盐促进使 c水 大于 1×10⁻⁷ mol·L⁻¹；酸式盐要先判断电离与水解谁为主。,《2026/2027 一轮复习讲义·学生版 / 知识清单·学生版》文本判定
CHEMISTRY,氧化还原滴定的原理与指示剂,氧化还原滴定的原理与指示剂,CONCEPT,化学选择性必修1·第三章·水溶液中的离子平衡,定位：化学选择性必修1 第三章。氧化还原滴定须在合适介质中进行（如高锰酸钾法要酸性条件），否则产物与计量关系改变；淀粉指示剂只能在碘量法中使用，且要在接近终点时加入，避免碘被淀粉吸附导致终点拖后。,《2026/2027 一轮复习讲义·学生版 / 知识清单·学生版》文本判定
CHEMISTRY,核反应方程的分析思路,核反应方程的分析思路,CONCEPT,CHEMISTRY·综合·综合·综合,定位：CHEMISTRY·综合·综合。守恒的对象是质量数与电荷数，不是质量与物质的量；判断元素种类只看质子数，中子数变化会改变核素种类。,《2026/2027 一轮复习讲义·学生版 / 知识清单·学生版》文本判定
CHEMISTRY,原子分数坐标与晶胞投影图,原子分数坐标与晶胞投影图,CONCEPT,CHEMISTRY·综合·综合·综合,定位：CHEMISTRY·综合·综合。分数坐标必须建立在统一的坐标系（原点与坐标轴方向一致）上；投影图中重叠的位置可能对应多个微粒，计数时要还原到三维结构。,《2026/2027 一轮复习讲义·学生版 / 知识清单·学生版》文本判定
CHEMISTRY,晶胞空间利用率的计算,晶胞空间利用率的计算,CONCEPT,CHEMISTRY·综合·综合·综合,定位：CHEMISTRY·综合·综合。微粒体积按球模型计算，不考虑实际电子云形状；必须先把微粒半径 r 与晶胞棱长的关系找对（体心立方 $4r=\sqrt{3}a$、面心立方 $4r=\sqrt{2}a$），否则百分率会明显失真。,《2026/2027 一轮复习讲义·学生版 / 知识清单·学生版》文本判定
CHEMISTRY,晶胞晶体密度的计算,晶胞晶体密度的计算,CONCEPT,CHEMISTRY·综合·综合·综合,定位：CHEMISTRY·综合·综合。单位换算是最常见错误（1 pm=10⁻¹⁰ cm，体积要取三次方）；n 要用均摊法算出的化学式单元数而不是微粒总数；密度公式中 M 必须与 n 的计量单位对应。,《2026/2027 一轮复习讲义·学生版 / 知识清单·学生版》文本判定
CHEMISTRY,键的极性对羧酸酸性的影响,键的极性对羧酸酸性的影响,CONCEPT,化学选择性必修2·物质结构与性质·分子的空间结构,定位：化学选择性必修2 物质结构与性质。该规律基于诱导效应，只适用于同类有机酸之间的比较；不能把“键的极性越大酸性越强”随意推广到酚、醇等其它类型的物质。,《2026/2027 一轮复习讲义·学生版 / 知识清单·学生版》文本判定
CHEMISTRY,手性分子与手性碳原子,手性分子与手性碳原子,CONCEPT,化学选择性必修2·物质结构与性质·分子的空间结构,定位：化学选择性必修2 物质结构与性质。连有相同基团（如两个氢、两个相同的烃基）的碳原子不是手性碳；有手性碳的分子通常具有手性，但分子整体是否具有手性还要看是否存在对称面，有对称面的分子与其镜像可以重叠。,《2026/2027 一轮复习讲义·学生版 / 知识清单·学生版》文本判定
CHEMISTRY,有机物分子结构的鉴定方法,有机物分子结构的鉴定方法,CONCEPT,化学选择性必修2·物质结构与性质·分子的空间结构,定位：化学选择性必修2 物质结构与性质。红外光谱只能给出官能团或化学键的种类，不能给出数目与位置；氢谱只反映氢原子的化学环境；结构测定的最终确认常需X射线衍射。,《2026/2027 一轮复习讲义·学生版 / 知识清单·学生版》文本判定
CHEMISTRY,能源的分类与利用,能源的分类与利用,CONCEPT,化学选择性必修1·第一章·反应热与能量,定位：化学选择性必修1 第一章。能量转化方向不可颠倒；燃烧的能量转化同时包含热能与光能，只答一种不完整。,《2026/2027 一轮复习讲义·学生版 / 知识清单·学生版》文本判定
CHEMISTRY,依据元素及其化合物性质推断元素,依据元素及其化合物性质推断元素,CONCEPT,CHEMISTRY·综合·综合·综合,定位：CHEMISTRY·综合·综合。特征性质要与元素一一对应后再往下推，不能凭猜测跳过检验环节；推断出的元素必须能解释题干给出的全部现象。,《2026/2027 一轮复习讲义·学生版 / 知识清单·学生版》文本判定
CHEMISTRY,相对原子质量(核素与元素),相对原子质量(核素与元素),CONCEPT,化学选择性必修2·物质结构与性质·原子结构与元素周期表,定位：化学选择性必修2 物质结构与性质。元素的相对原子质量是丰度加权平均值，通常不等于质量数，也不能用某一种核素的相对原子质量代替；计算时各同位素丰度之和为100%。,《2026/2027 一轮复习讲义·学生版 / 知识清单·学生版》文本判定
CHEMISTRY,粗盐提纯的试剂加入顺序,粗盐提纯的试剂加入顺序,CONCEPT,CHEMISTRY·综合·实验与方案设计·实验分析,定位：CHEMISTRY 综合。Na2CO3既除Ca²⁺又除过量Ba²⁺，因此必须排在BaCl2之后；盐酸必须放在过滤之后；判断顺序是否可行，看每一步过量的试剂是否被后续试剂除去。,《2026/2027 一轮复习讲义·学生版 / 知识清单·学生版》文本判定
BIOLOGY,常见遗传实验材料及其优点,常见遗传实验材料及其优点,CONCEPT,生物学必修2·第一章第二节·遗传的基本规律,定位：生物学必修2 第一章第二节。材料优劣要结合实验目的判断：玉米等雌雄同株异花植物无需去雄，而豌豆必须去雄；大肠杆菌、噬菌体结构简单，只适合分子水平的遗传研究，不能用于个体性状的遗传分析。,《2026/2027 一轮复习讲义·学生版 / 知识清单·学生版》文本判定
BIOLOGY,人工异花传粉的操作流程,人工异花传粉的操作流程,CONCEPT,BIOLOGY·综合·综合·综合,定位：BIOLOGY·综合·综合。去雄必须早于花蕊成熟，否则可能已发生自花传粉；套袋要做两次；玉米虽为雌雄同株异花，仍需套袋以防外来花粉。,《2026/2027 一轮复习讲义·学生版 / 知识清单·学生版》文本判定
BIOLOGY,从性遗传,从性遗传,CONCEPT,生物学必修2·第一章第二节·遗传的基本规律,定位：生物学必修2 第一章第二节。不能仅凭性状在雌雄中比例不同就判断为伴性遗传，从性遗传同样会出现性别差异，判断关键看基因位于常染色体还是性染色体上；书写基因型时要结合性别讨论表型。,《2026/2027 一轮复习讲义·学生版 / 知识清单·学生版》文本判定
CHEMISTRY,有机物制备实验的常用操作与仪器,有机物制备实验的常用操作与仪器,CONCEPT,CHEMISTRY·综合·实验与方案设计·实验分析,定位：CHEMISTRY 综合。温度计位置是高频易错点，控温与收集馏分的要求不同；冷凝管选型与进出水方向必须与用途一致；发生暴沸后再补加沸石会引发危险，必须先冷却。,《2026/2027 一轮复习讲义·学生版 / 知识清单·学生版》文本判定
MATH,扇形弧长与面积公式,扇形弧长与面积公式,CONCEPT,数学必修第一册·第五章·三角函数,定位：数学必修第一册 第五章。圆心角必须用弧度数，用角度数代入公式结果会错；α 的取值须在 (0，2π) 内；求最值时不能丢掉自变量的约束条件（如半径为正、周长为定值）。,《2026/2027 一轮复习讲义·学生版 / 知识清单·学生版》文本判定
MATH,辅助角公式,辅助角公式,CONCEPT,数学必修第一册·第五章·三角函数,定位：数学必修第一册 第五章。辅助角 φ 的象限由 a、b 的符号共同决定，只用 tan φ=b/a 会丢象限导致符号错误；a、b 不能同时为零；合并后必须结合自变量的取值范围再讨论最值与零点。,《2026/2027 一轮复习讲义·学生版 / 知识清单·学生版》文本判定
MATH,齐次式与切弦互化,齐次式与切弦互化,CONCEPT,数学必修第一册·第三章·函数的概念与性质,定位：数学必修第一册 第三章。弦化切要求 cos α≠0；由 tan α 求 sin α、cos α 时还要由象限确定符号；非齐次式必须先补齐次数，直接除以 cos²α 会算错。,《2026/2027 一轮复习讲义·学生版 / 知识清单·学生版》文本判定
PHYSICS,用油膜法估测分子的大小,用油膜法估测分子的大小,CONCEPT,物理选择性必修第三册·第一至三章·热学,定位：物理选择性必修第三册 第一至三章。必须用纯油酸的体积而不是溶液的体积；油膜面积要在形状稳定后描画；本实验只要求估测数量级，结果的量级符合要求即可。,《2026/2027 一轮复习讲义·学生版 / 知识清单·学生版》文本判定
PHYSICS,多星模型,多星模型,CONCEPT,PHYSICS·综合·综合·综合,定位：PHYSICS·综合·综合。多星系统的向心力是**合力**，不能用单个引力代替；圆心往往不是某一颗星的位置；直线型与三角形型的半径与距离关系不同，不能混用公式。,《2026/2027 一轮复习讲义·学生版 / 知识清单·学生版》文本判定
PHYSICS,星球的瓦解问题,星球的瓦解问题,CONCEPT,PHYSICS·综合·综合·综合,定位：PHYSICS·综合·综合。临界条件只对赤道上的物体成立（该处所需向心力最大、重力最小）；比较的是引力与所需向心力，不是重力与引力；用该条件求密度时天体须视为质量分布均匀的球体。,《2026/2027 一轮复习讲义·学生版 / 知识清单·学生版》文本判定
PHYSICS,黑洞,黑洞,CONCEPT,物理必修第二册·第七章·万有引力与宇宙航行,定位：物理必修第二册 第七章。判断依据是逃逸速度与光速的比较，不是第一宇宙速度与光速的比较（两者相差 √2 倍）；公式中的 M 是天体自身质量、R 是其自身半径，不要与轨道半径混淆。,《2026/2027 一轮复习讲义·学生版 / 知识清单·学生版》文本判定
PHYSICS,刹车类问题,刹车类问题,CONCEPT,物理必修第一册·第二章·匀变速直线运动,定位：物理必修第一册 第二章。把给定的时间直接代入位移公式是最高频的错误；判断是否需要“截断时间”的依据是刹车时间与给定时间的大小关系；不要忘记刹车后物体不会反向运动（除非题目另有说明）。,《2026/2027 一轮复习讲义·学生版 / 知识清单·学生版》文本判定
PHYSICS,星体表面与上空的重力加速度,星体表面与上空的重力加速度,CONCEPT,物理必修第二册·第七章·万有引力与宇宙航行,定位：物理必修第二册 第七章。公式中的 r 是到星体中心的距离，不是到表面的高度；只有忽略自转（或对星体表面的物体而言自转影响可略）时重力才等于万有引力；g 随高度增大而减小，随纬度升高而增大。,《2026/2027 一轮复习讲义·学生版 / 知识清单·学生版》文本判定
PHYSICS,回旋加速器模型,回旋加速器模型,CONCEPT,物理必修第三册·第十三章（安培力/洛伦兹力/感应定律见选择性必修第二册）·磁场与电磁感应,定位：物理必修第三册 第十三章（安培力/洛伦兹力/感应定律见选择性必修第二册）。回旋加速器不能把粒子加速到任意大的能量（相对论效应使回旋周期变化、失去同步）；粒子最终能量与加速电压无关；计算总时间时不计狭缝中的加速时间。,《2026/2027 一轮复习讲义·学生版 / 知识清单·学生版》文本判定
PHYSICS,斜面模型的正交分解建系,斜面模型的正交分解建系,CONCEPT,物理必修第一册·第三章·相互作用,定位：物理必修第一册 第三章。正压力必须由垂直斜面方向的受力方程求出，不能直接用重力；斜面加速运动时垂直斜面方向也要用牛顿第二定律列式。,《2026/2027 一轮复习讲义·学生版 / 知识清单·学生版》文本判定
PHYSICS,游标卡尺的构造与读数,游标卡尺的构造与读数,CONCEPT,物理必修第三册·第十一十二章·恒定电流,定位：物理必修第三册 第十一十二章。游标卡尺不需要估读，读数末尾不能随意加零、也不能随意去零；精确度由游标尺的等分数决定，不能一律按 0.1 mm 计算。,《2026/2027 一轮复习讲义·学生版 / 知识清单·学生版》文本判定
PHYSICS,螺旋测微器的原理与读数,螺旋测微器的原理与读数,CONCEPT,物理必修第三册·第十一十二章·恒定电流,定位：物理必修第三册 第十一十二章。必须看清半毫米刻度线是否露出，否则会差 0.5 mm；可动刻度必须估读一位，末位数字是估读数字。,《2026/2027 一轮复习讲义·学生版 / 知识清单·学生版》文本判定
PHYSICS,电学实验仪器的选择技巧,电学实验仪器的选择技巧,CONCEPT,PHYSICS·综合·综合·综合,定位：PHYSICS·综合·综合。三种场合对变阻器阻值的取向不同（分压式小、限流式 2～3 倍、半偏法大），不能一概而论；电表选择要同时满足不超量程与偏转足够大。,《2026/2027 一轮复习讲义·学生版 / 知识清单·学生版》文本判定
PHYSICS,电学实物连图的注意事项,电学实物连图的注意事项,REASONING,PHYSICS·综合·综合·综合,定位：PHYSICS·综合·综合。电流必须从电表正接线柱流入；限流法用两接线柱、分压法用一上两下共三个接线柱，接错会改变测量范围或使电路失效。,《2026/2027 一轮复习讲义·学生版 / 知识清单·学生版》文本判定
PHYSICS,回旋加速器的工作原理,回旋加速器的工作原理,CONCEPT,物理必修第三册·第十三章（安培力/洛伦兹力/感应定律见选择性必修第二册）·磁场与电磁感应,定位：物理必修第三册 第十三章（安培力/洛伦兹力/感应定律见选择性必修第二册）。交变电压的周期必须等于粒子的回旋周期，否则不能持续加速；增大加速电压只能缩短加速时间，不能增大最大动能；以上结论忽略相对论效应。,《2026/2027 一轮复习讲义·学生版 / 知识清单·学生版》文本判定
MATH,频率的稳定性（用频率估计概率）,频率的稳定性（用频率估计概率）,CONCEPT,数学必修第二册·第九十章（条件概率与正态分布见选择性必修第三册）·概率统计,定位：数学必修第二册 第九十章（条件概率与正态分布见选择性必修第三册）。频率是试验结果，概率是事件的固有属性，频率不等于概率；只有当试验次数足够多时频率才接近概率，次数较少时频率波动可能很大。,《2026/2027 一轮复习讲义·学生版 / 知识清单·学生版》文本判定
PHYSICS,气体状态变化图像的分析方法,气体状态变化图像的分析方法,CONCEPT,物理选择性必修第三册·第一至三章·热学,定位：物理选择性必修第三册 第一至三章。比较压强或体积要看状态点到原点连线的斜率，不能只看纵坐标数值；求功必须用 $p-V$ 图像的面积，其他图像不能直接由面积求功。,《2026/2027 一轮复习讲义·学生版 / 知识清单·学生版》文本判定
MATH,牛顿切线法（用导数求方程近似解）,牛顿切线法（用导数求方程近似解）,CONCEPT,数学选择性必修第二册·第五章·函数与导数,定位：数学选择性必修第二册 第五章。迭代公式要求 $f'(x_{n-1})\neq0$；初始近似值的选取会影响迭代次数与收敛情况，选得离根越远迭代次数越多；迭代式由切线方程与 x 轴求交点直接得到。,《2026/2027 一轮复习讲义·学生版 / 知识清单·学生版》文本判定
PHYSICS,浸润与不浸润（附着层与毛细现象）,浸润与不浸润（附着层与毛细现象）,CONCEPT,物理选择性必修第三册·第一至三章·热学,定位：物理选择性必修第三册 第一至三章。浸润与不浸润由附着层分子分布的疏密决定，本质是比较固体分子对液体分子的作用力与液体内部分子间作用力的强弱；毛细管中液体上升还是下降取决于是否浸润，不能由液体的密度或黏度判断。,《2026/2027 一轮复习讲义·学生版 / 知识清单·学生版》文本判定
PHYSICS,轻弹簧连接系统的机械能守恒,轻弹簧连接系统的机械能守恒,CONCEPT,物理必修第一册·第三章·相互作用,定位：物理必修第一册 第三章。守恒的是“物体加弹簧”组成的系统，单个物体的机械能并不守恒；弹簧处于原长、最长、最短等特殊位置时速度关系不同，不能一律认为两端物体速度相等；不给出形变量或劲度系数时无法定量求弹性势能。,《2026/2027 一轮复习讲义·学生版 / 知识清单·学生版》文本判定
PHYSICS,伏安特性曲线的应用,伏安特性曲线的应用,CONCEPT,物理必修第三册·第十一十二章·恒定电流,定位：物理必修第三册 第十一十二章。非线性元件的电阻等于该点坐标之比 U/I（或 I/U），绝不等于该点切线斜率；两种图像（I-U 与 U-I）斜率含义相反，读图前先确认；图像给出的是特定元件在特定条件下的特性，条件改变后不能沿用。,《2026/2027 一轮复习讲义·学生版 / 知识清单·学生版》文本判定
PHYSICS,竖直面内圆周运动问题的解题思路,竖直面内圆周运动问题的解题思路,CONCEPT,物理必修第二册·第五六章·抛体运动与圆周运动,定位：物理必修第二册 第五六章。先定模型再定临界点是关键，把杆模型当绳模型处理会漏掉过最高点的可能性；过程中若有摩擦或其他力做功，必须改用动能定理而不能用机械能守恒；受力分析时不要漏掉重力的径向分量（在等效最高点处）。,《2026/2027 一轮复习讲义·学生版 / 知识清单·学生版》文本判定
PHYSICS,圆周运动临界问题的解题思路,圆周运动临界问题的解题思路,CONCEPT,物理必修第二册·第五六章·抛体运动与圆周运动,定位：物理必修第二册 第五六章。把“极值”直接等同于“临界”可能漏掉其他临界点；确定临界状态后要用对应的具体条件（如静摩擦力取最大值时的方向）列式，方向取反会导致结论相反；多临界问题要判断先后，不能默认同时发生。,《2026/2027 一轮复习讲义·学生版 / 知识清单·学生版》文本判定
PHYSICS,水平面内圆周运动的临界特征,水平面内圆周运动的临界特征,CONCEPT,物理必修第二册·第五六章·抛体运动与圆周运动,定位：物理必修第二册 第五六章。水平面内运动的物体竖直方向合力为零，不要把重力与向心力混在一个方向列式；摩擦力既可能提供向心力也可能与其他力共同提供，临界时要注意方向；绳恰好拉直时张力为零，与绳中有张力是两种不同状态。,《2026/2027 一轮复习讲义·学生版 / 知识清单·学生版》文本判定
PHYSICS,斜面上圆周运动的临界问题,斜面上圆周运动的临界问题,CONCEPT,物理必修第二册·第五六章·抛体运动与圆周运动,定位：物理必修第二册 第五六章。混淆沿斜面与垂直斜面的分量会写错向心力方程；临界位置不一定在最低点，取决于重力分量与摩擦力的方向关系，要结合转动方向判断；斜面光滑时不存在摩擦临界，只剩弹力与绳的临界。,《2026/2027 一轮复习讲义·学生版 / 知识清单·学生版》文本判定
PHYSICS,探究加速度与力、质量关系的实验过程,探究加速度与力、质量关系的实验过程,CONCEPT,PHYSICS·综合·综合·综合,定位：PHYSICS·综合·综合。每改变一次拉力或小车质量都要重新打点，不能沿用旧纸带的数据；必须先接通电源后释放小车，否则纸带开头没有点迹；选取“比较理想的一段”指点迹清晰、间隔均匀的部分，不能随意选取。,《2026/2027 一轮复习讲义·学生版 / 知识清单·学生版》文本判定
PHYSICS,多体平抛运动的间距规律,多体平抛运动的间距规律,CONCEPT,物理必修第二册·第五六章·抛体运动与圆周运动,定位：物理必修第二册 第五六章。从不同高度抛出时高度差保持不变，但从同一点先后抛出时高度差会随时间增大，两种情况极易混淆；比较间距时要同时考虑水平与竖直两个分运动，只看水平位移会漏掉竖直方向的贡献。,《2026/2027 一轮复习讲义·学生版 / 知识清单·学生版》文本判定
MATH,判断不等式正误的常用方法,判断不等式正误的常用方法,CONCEPT,数学必修第一册·第二章·不等式,定位：数学必修第一册 第二章。特殊值法只能用来排除错误选项，不能用来证明；取值必须满足题设的所有条件（尤其是符号与范围），否则会误判；用单调性时要注意函数的定义域与单调区间，自变量不在同一单调区间内不能直接比较。,《2026/2027 一轮复习讲义·学生版 / 知识清单·学生版》文本判定
MATH,子数列问题,子数列问题,CONCEPT,数学选择性必修第二册·第四章·数列,定位：数学选择性必修第二册 第四章。子数列的下标与原数列的下标一般不是简单相加的关系，必须由对应规律解出（常涉及整除与同余）；求公共项时要先解出满足等式的下标关系式，再按顺序排列求和；分奇偶讨论时要注意最后一项的奇偶与项数是否完整。,《2026/2027 一轮复习讲义·学生版 / 知识清单·学生版》文本判定
MATH,排列组合审题三步法,排列组合审题三步法,CONCEPT,数学选择性必修第三册·第六章·计数原理,定位：数学选择性必修第三册 第六章。前提是问题已经能抽象为计数问题。含有至多、至少一类不等式限制时，间接法要配合分类计数才稳妥；枚举验证只适用于数据规模较小的情形，不能替代计算。,《2026/2027 一轮复习讲义·学生版 / 知识清单·学生版》文本判定
MATH,人与座位模型,人与座位模型,CONCEPT,数学必修第一册·第三章·函数的概念与性质,定位：数学必修第一册 第三章。座位数多于人数时，空座位要当作相同元素处理，不能与不同的对象一起作全排列；使用容斥时交叠部分必须恰好减一次，多减或少减都会出错。,《2026/2027 一轮复习讲义·学生版 / 知识清单·学生版》文本判定
MATH,特殊元素与特殊位置优先法,特殊元素与特殊位置优先法,CONCEPT,数学必修第一册·第三章·函数的概念与性质,定位：数学必修第一册 第三章。分类时必须做到不重不漏；若特殊要求出现在多个元素之间（例如甲入选则乙必须入选），要按条件分情况讨论，不能简单地分步相乘。,《2026/2027 一轮复习讲义·学生版 / 知识清单·学生版》文本判定
MATH,保序问题与书目插书法,保序问题与书目插书法,CONCEPT,数学必修第一册·第三章·函数的概念与性质,定位：数学必修第一册 第三章。保持顺序指的是相对顺序而不是绝对位置。若同时要求新插入的元素之间不相邻，不能直接连乘空隙数，应先排其余元素再插空。,《2026/2027 一轮复习讲义·学生版 / 知识清单·学生版》文本判定
MATH,数字化法与网格最短路径计数,数字化法与网格最短路径计数,CONCEPT,数学选择性必修第三册·第六章·计数原理,定位：数学选择性必修第三册 第六章。只适用于步数固定且只能沿两个正交方向移动的情形。若允许向任意方向移动或可以走回头路，步数不再确定，不能直接用组合数计数。,《2026/2027 一轮复习讲义·学生版 / 知识清单·学生版》文本判定
MATH,均匀分组与分配问题,均匀分组与分配问题,CONCEPT,数学选择性必修第三册·第六章·计数原理,定位：数学选择性必修第三册 第六章。均匀分组的除法只针对人数相同的那些组。若各组人数互不相同则不能除，否则会把正确结果改小；分类时必须覆盖所有可能的人数组合。,《2026/2027 一轮复习讲义·学生版 / 知识清单·学生版》文本判定
MATH,空位型相同元素排列,空位型相同元素排列,CONCEPT,数学选择性必修第三册·第六章·计数原理,定位：数学选择性必修第三册 第六章。相连空位的个数不同属于不同元素，不能全部当作同一种相同元素。题目中出现恰好字样时要用分类或反面法，避免把恰有误解为至少。,《2026/2027 一轮复习讲义·学生版 / 知识清单·学生版》文本判定
MATH,多重受限条件的排列组合处理,多重受限条件的排列组合处理,CONCEPT,数学选择性必修第三册·第六章·计数原理,定位：数学选择性必修第三册 第六章。插空时可用空隙数目取决于已经排好的元素个数，捆绑体内部不算空隙。条件交叉时必须分类而不能简单连乘。,《2026/2027 一轮复习讲义·学生版 / 知识清单·学生版》文本判定
MATH,球放盒子模型,球放盒子模型,CONCEPT,数学选择性必修第三册·第六章·计数原理,定位：数学选择性必修第三册 第六章。幂指数形式要求每个球都能自由选择盒子且允许有空盒。一旦出现至少、至多等限制就不能再用幂指数，必须改用分组分类的方法。,《2026/2027 一轮复习讲义·学生版 / 知识清单·学生版》文本判定
MATH,下电梯与公交车模型,下电梯与公交车模型,CONCEPT,数学必修第一册·第三章·函数的概念与性质,定位：数学必修第一册 第三章。使用幂指数形式的前提是每人独立选择且允许某一层无人。若题目附加每层至少有人、每站至少一人等条件，必须改用先分组再排列的方法。,《2026/2027 一轮复习讲义·学生版 / 知识清单·学生版》文本判定
MATH,几何体染色的处理技巧,几何体染色的处理技巧,CONCEPT,数学选择性必修第三册·第六章·计数原理,定位：数学选择性必修第三册 第六章。拓扑转化只保留相邻关系而不保留形状，若图形中含有额外的邻接约束（例如棱锥的侧棱），转化时不能漏掉这些相邻关系，否则计数会偏小。,《2026/2027 一轮复习讲义·学生版 / 知识清单·学生版》文本判定
MATH,相同元素只选不排原则,相同元素只选不排原则,CONCEPT,数学必修第一册·第三章·函数的概念与性质,定位：数学必修第一册 第三章。只选不排只适用于真正无法区分的相同元素。若元素之间仅凭外观相同但仍需区分来源或身份，不能按相同元素处理。,《2026/2027 一轮复习讲义·学生版 / 知识清单·学生版》文本判定
MATH,隔板法,隔板法,CONCEPT,数学选择性必修第三册·第六章·计数原理,定位：数学选择性必修第三册 第六章。隔板法要求元素完全相同且盒子彼此不同，盒子相同时不能直接把插板结果当作方案数；元素可区分时使用隔板法会把不同方案合并，结果偏小。,《2026/2027 一轮复习讲义·学生版 / 知识清单·学生版》文本判定
MATH,上台阶模型,上台阶模型,CONCEPT,数学必修第一册·第三章·函数的概念与性质,定位：数学必修第一册 第三章。不定方程法要求每步跨的级数与总步数都确定。步数自由时必须用递推而不能用组合数直接计算，并且要正确写出初始值 f(1) 与 f(2)。,《2026/2027 一轮复习讲义·学生版 / 知识清单·学生版》文本判定
MATH,配对问题,配对问题,CONCEPT,数学必修第一册·第三章·函数的概念与性质,定位：数学必修第一册 第三章。分类时要以某个对象的选择为主线逐层展开，否则容易重复计数。成对的元素不能当作完全独立的对象直接作全排列，否则会把成对的情形混入结果。,《2026/2027 一轮复习讲义·学生版 / 知识清单·学生版》文本判定
MATH,排列组合常用六法,排列组合常用六法,CONCEPT,数学选择性必修第三册·第六章·计数原理,定位：数学选择性必修第三册 第六章。定序除法要求被除的元素确实没有顺序差别；捆绑后若内部无序就不能再乘内部排列数。这两处都容易多算，是常见的失分点。,《2026/2027 一轮复习讲义·学生版 / 知识清单·学生版》文本判定
PHYSICS,悬绳模型,悬绳模型,CONCEPT,物理必修第一册·第三章·相互作用,定位：物理必修第一册 第三章。动量守恒只在一个方向成立时，另一个方向仍需受力分析；绳被拉紧的瞬间可能伴随机械能损失，此后不能继续直接使用机械能守恒，需要补充能量损失的分析。,《2026/2027 一轮复习讲义·学生版 / 知识清单·学生版》文本判定
MATH,定比分点向量公式,定比分点向量公式,CONCEPT,数学必修第二册·第六章·平面向量,定位：数学必修第二册 第六章。公式中的 λ 是向量之比而不是长度之比，点在线段上时 λ 为正，点在延长线上时 λ 为负；使用前要先确认分点的顺序，$\vec{AP}＝\lambda\vec{PB}$ 与 $\vec{PB}＝\lambda\vec{AP}$ 对应不同的表,《2026/2027 一轮复习讲义·学生版 / 知识清单·学生版》文本判定
MATH,分角定理,分角定理,CONCEPT,数学必修第一册·第三章·函数的概念与性质,定位：数学必修第一册 第三章。公式中两条夹边要与两个分角一一对应，顺序不能错位；点在边的延长线上时比值为负，若题目只关心长度，需要取绝对值并说明分点的位置。,《2026/2027 一轮复习讲义·学生版 / 知识清单·学生版》文本判定
MATH,梅涅劳斯定理,梅涅劳斯定理,CONCEPT,数学必修第一册·第三章·函数的概念与性质,定位：数学必修第一册 第三章。定理用的是有向线段，交点落在边的延长线上时比值为负，三个比值的乘积仍为 1；若题目只给长度之比，必须自行判断符号，把有向线段与普通长度混用会丢掉负号。,《2026/2027 一轮复习讲义·学生版 / 知识清单·学生版》文本判定
MATH,塞瓦定理,塞瓦定理,CONCEPT,数学必修第一册·第三章·函数的概念与性质,定位：数学必修第一册 第三章。两个定理的结论都是三个比值之积为 1，但适用条件相反，判断时先看是直线截三边还是三条连线共点；用的是有向线段的比，分点在延长线上时比值为负，符号处理错会得到错误结论。,《2026/2027 一轮复习讲义·学生版 / 知识清单·学生版》文本判定
MATH,梅涅劳斯定理与塞瓦定理,梅涅劳斯定理与塞瓦定理,CONCEPT,数学必修第一册·第三章·函数的概念与性质,定位：数学必修第一册 第三章。两个定理的结论形式相同而适用条件相反，判断题型时必须先分清是共线点还是共点线；用的是有向线段的比例，符号处理错误会得到相反的结论。,《2026/2027 一轮复习讲义·学生版 / 知识清单·学生版》文本判定
MATH,三角形的四心,三角形的四心,CONCEPT,数学必修第一册·第五章·三角函数,定位：数学必修第一册 第五章。四心的向量特征各不相同，判断时要抓住特征：重心用向量和为零，外心用模长相等，内心用边长加权，垂心用数量积相等；钝角三角形的外心在形外，三角形的外接圆只有一个，而一个圆的内接三角形有无数个，不能由外接圆唯一确定三角形。,《2026/2027 一轮复习讲义·学生版 / 知识清单·学生版》文本判定
PHYSICS,小船渡河问题,小船渡河问题,CONCEPT,物理必修第二册·第五六章·抛体运动与圆周运动,定位：物理必修第二册 第五六章。最短时间与最短位移对应的船头方向不同，不能同时取到；船在静水中的速度小于水速时不存在垂直渡河的航向，若仍按垂直过河求解会出现无解。,《2026/2027 一轮复习讲义·学生版 / 知识清单·学生版》文本判定
PHYSICS,探究气体等温变化的规律（注射器法）,探究气体等温变化的规律（注射器法）,CONCEPT,物理选择性必修第三册·第一至三章·热学,定位：物理选择性必修第三册 第一至三章。漏气会使 $pV$ 乘积逐渐变小，图线偏离直线；快速推拉柱塞使气体温度变化，不再满足等温条件；用长度 $l$ 代替体积 $V$ 作图会使直线不过原点；本实验要求气体质量不变、温度不变，且压强不宜过大以保证接近理想气体。,《2026/2027 一轮复习讲义·学生版 / 知识清单·学生版》文本判定
PHYSICS,用油膜法估测油酸分子的大小,用油膜法估测油酸分子的大小,CONCEPT,物理选择性必修第三册·第一至三章·热学,定位：物理选择性必修第三册 第一至三章。必须按配制比例换算纯油酸的体积，不能把油酸酒精溶液的体积当作油酸体积；油膜未充分展开或水面不平静都会影响面积测量；油酸分子并不都是球形，本实验只作数量级估算，不能得出精确直径。,《2026/2027 一轮复习讲义·学生版 / 知识清单·学生版》文本判定
PHYSICS,多过程问题的分析方法,多过程问题的分析方法,CONCEPT,PHYSICS·综合·综合·综合,定位：PHYSICS·综合·综合。衔接点是前后两段的公共连接点，其速度是共同量，往往是列辅助方程的突破口；不同子过程可以选择不同规律（牛顿运动定律、动能定理、动量定理），但每个子过程内部必须选用统一的规律；不能漏掉时间关联与位移关联的辅助方程。,《2026/2027 一轮复习讲义·学生版 / 知识清单·学生版》文本判定
MATH,一元二次不等式的判别式图象法,一元二次不等式的判别式图象法,CONCEPT,数学必修第一册·第二章·不等式,定位：数学必修第一册 第二章。画曲线时必须保证各因式最高次项系数为正，否则符号规律相反；奇穿偶回指的是因式对应根的重数为奇数时穿过、为偶数时不穿过；解集端点是否取到要由原不等式的严格或非严格不等号决定。,《2026/2027 一轮复习讲义·学生版 / 知识清单·学生版》文本判定
MATH,爪子定理,爪子定理,CONCEPT,数学必修第一册·第三章·函数的概念与性质,定位：数学必修第一册 第三章。系数之和为 1 只对落在线段上的点成立；若点落在边的延长线上，其中一个系数会取负值，此时仍可表示但不能再按线段比例直接读数；使用前必须把各向量都归到同一起点，否则系数关系不成立。,《2026/2027 一轮复习讲义·学生版 / 知识清单·学生版》文本判定
MATH,数列新定义问题的模型分类,数列新定义问题的模型分类,CONCEPT,数学选择性必修第二册·第四章·数列,定位：数学选择性必修第二册 第四章。该分类只用于快速定位题型归属，不能替代对题给定义的逐字翻译；实际题目常跨两类融合，且最难的一问往往在最后而不是第一问。,《2026/2027 一轮复习讲义·学生版 / 知识清单·学生版》文本判定
MATH,数列新定义与新情景问题的解题策略,数列新定义与新情景问题的解题策略,CONCEPT,数学选择性必修第二册·第四章·数列,定位：数学选择性必修第二册 第四章。照章办事要求把定义中的每个条件都逐一核验，不能只代入部分条件；新情景题的迁移以准确读取题给约定为前提，读错约定会使整题方向偏离。,《2026/2027 一轮复习讲义·学生版 / 知识清单·学生版》文本判定
MATH,新定义题的通用解题步骤与理解技巧,新定义题的通用解题步骤与理解技巧,CONCEPT,数学必修第一册·第三章·函数的概念与性质,定位：数学必修第一册 第三章。这是通法而不是可以直接套用的模板，具体题目仍需逐字翻译定义；照章办事的前提是定义理解无歧义，遇到定义未穷尽的情形应按定义字面判断，不能默认成常见结论。,《2026/2027 一轮复习讲义·学生版 / 知识清单·学生版》文本判定
PHYSICS,两类跃迁问题与电离,两类跃迁问题与电离,CONCEPT,PHYSICS·综合·综合·综合,定位：PHYSICS·综合·综合。光子使原子跃迁要求能量严格等于能级差，略大或略小一般不能被吸收，只有超过电离能时例外；而碰撞、加热只需能量大于或等于能级差。跃迁时动能、电势能与总能量的变化方向不同，不能只凭轨道升降判断动能变化。,《2026/2027 一轮复习讲义·学生版 / 知识清单·学生版》文本判定
PHYSICS,跃迁产生的谱线条数,跃迁产生的谱线条数,CONCEPT,PHYSICS·综合·综合·综合,定位：PHYSICS·综合·综合。$n(n-1)/2$ 只适用于大量原子，单个原子情形要用 $n-1$，两者混用是最常见的错误；式中的 $n$ 指原子所在能级的量子数，不是能级总数。,《2026/2027 一轮复习讲义·学生版 / 知识清单·学生版》文本判定
PHYSICS,核能的计算方法,核能的计算方法,CONCEPT,物理选择性必修第三册·第四五章·近代物理,定位：物理选择性必修第三册 第四五章。质量亏损 $\Delta m$ 是反应前后总质量的差值，必须用反应前后的质量相减得到，不能只算某一种核的质量；用 $\Delta E=\Delta m\times931.5$ 时 $\Delta m$ 的单位必须是 $\mathrm{u}$,《2026/2027 一轮复习讲义·学生版 / 知识清单·学生版》文本判定
PHYSICS,串并联电路的特点与四个结论,串并联电路的特点与四个结论,CONCEPT,物理必修第三册·第十一十二章·恒定电流,定位：物理必修第三册 第十一十二章。并联电路的总电阻比任一支路电阻都小，容易误判为大于；结论三说的是总电阻随其中任一部分电阻同向变化，前提是其他电阻不变；计算总电阻时要注意是否有电阻被短路或被理想导线并联。,《2026/2027 一轮复习讲义·学生版 / 知识清单·学生版》文本判定
PHYSICS,电路动态分析的方法,电路动态分析的方法,CONCEPT,物理必修第三册·第十一十二章·恒定电流,定位：物理必修第三册 第十一十二章。串反并同的应用条件之一是电源内阻不能忽略，内阻为零时结论不成立；程序法每一步都要明确总电流的变化方向，否则后续判断会整体反转；极限法只能给出边界情形，不能替代对中间状态的定量计算。,《2026/2027 一轮复习讲义·学生版 / 知识清单·学生版》文本判定
PHYSICS,含容电路的分析方法,含容电路的分析方法,CONCEPT,物理必修第三册·第十一十二章·恒定电流,定位：物理必修第三册 第十一十二章。电路稳定时与电容器串联的电阻不分压，求电容器电压时必须找与它并联的那部分电路；电压升高是充电、降低是放电，$Q=CU$ 中的 $U$ 取电容器两端电压；电容器极板的正负要结合电流方向与电势高低判断。,《2026/2027 一轮复习讲义·学生版 / 知识清单·学生版》文本判定
PHYSICS,抛体运动模型的分类体系,抛体运动模型的分类体系,CONCEPT,物理必修第二册·第五六章·抛体运动与圆周运动,定位：物理必修第二册 第五六章。类平抛运动的“等效重力加速度”由合力决定，不一定是 $g$；有约束的平抛题的关键是挖掘约束面给出的隐含条件（如垂直击中、恰好越过）；多体平抛问题必须满足同时到达同一位置才能相遇。,《2026/2027 一轮复习讲义·学生版 / 知识清单·学生版》文本判定
PHYSICS,多体平抛与相遇临界问题,多体平抛与相遇临界问题,CONCEPT,物理必修第一册·第二章·匀变速直线运动,定位：物理必修第一册 第二章。相遇的必要条件是同时到达同一位置，仅轨迹相交并不构成相遇；分解时两方向的时间必须相同；临界问题要先画出临界轨迹再列方程，直接用中间值代入会得到错误范围。,《2026/2027 一轮复习讲义·学生版 / 知识清单·学生版》文本判定
PHYSICS,竖直面与水平面约束下的平抛模型,竖直面与水平面约束下的平抛模型,CONCEPT,物理必修第二册·第五六章·抛体运动与圆周运动,定位：物理必修第二册 第五六章。同一道题中水平与竖直约束可能随速度大小切换，判断时先比较两种约束各自对应的临界速度；飞行时间由一个方向的位移决定，不能把两个方向的限制同时用上。,《2026/2027 一轮复习讲义·学生版 / 知识清单·学生版》文本判定
MATH,对数型函数的定义域与值域,对数型函数的定义域与值域,CONCEPT,数学必修第一册·第三章·函数的概念与性质,定位：数学必修第一册 第三章。忽略真数大于 0 是最常见的错误；内层函数取不到某些值时会把对数函数值域“削掉”一部分，不能默认内层的范围就是全体实数；定义域与值域的顺序不能颠倒，先算值域会得到偏大的范围。,《2026/2027 一轮复习讲义·学生版 / 知识清单·学生版》文本判定
MATH,对数方程与不等式的解法,对数方程与不等式的解法,CONCEPT,数学必修第一册·第二章·不等式,定位：数学必修第一册 第二章。去掉对数符号时必须同时保留真数大于 0 的限制，只解不等式会引入增根；底数在 0 与 1 之间时不等号方向要反转；底数含参数时两种情形都要写到，最后与定义域取交集。,《2026/2027 一轮复习讲义·学生版 / 知识清单·学生版》文本判定
PHYSICS,人造卫星的轨道分类与运行参数,人造卫星的轨道分类与运行参数,CONCEPT,物理必修第二册·第七章·万有引力与宇宙航行,定位：物理必修第二册 第七章。静止卫星必须在赤道上空且高度、周期固定，不能定点在地面上任意地点的正上方；近地卫星的轨道半径等于地球半径而不是零；卫星轨道平面一定过地心，倾斜轨道卫星不能相对地面静止。,《2026/2027 一轮复习讲义·学生版 / 知识清单·学生版》文本判定
MATH,四心与极化恒等式、奔驰定理的速用技巧,四心与极化恒等式、奔驰定理的速用技巧,CONCEPT,数学必修第二册·第六章·平面向量,定位：数学必修第二册 第六章。解决“四心+奔驰定理+极化恒等式”的综合题时，应按“向量关系→面积比或四心判定→数量积或角度计算”的逻辑推进，跳过面积比转化会使后续计算无法推进；奔驰定理的系数比与面积比等价，但方向与符号要与图形一致。,《2026/2027 一轮复习讲义·学生版 / 知识清单·学生版》文本判定
PHYSICS,追及相遇问题的二次函数法与图像法,追及相遇问题的二次函数法与图像法,CONCEPT,物理必修第一册·第二章·匀变速直线运动,定位：物理必修第一册 第二章。判别式法只对距离关于时间是二次函数的情形有效，含分段运动时要先分段；判别式等于零表示恰好追上，大于零表示相遇两次，含义不同；用速度—时间图像时面积相等并不等于相遇，还要考虑初始间距。,《2026/2027 一轮复习讲义·学生版 / 知识清单·学生版》文本判定
PHYSICS,气体的状态参量,气体的状态参量,CONCEPT,物理选择性必修第三册·第一至三章·热学,定位：物理选择性必修第三册 第一至三章。气体体积是容器容积而不是分子体积之和；同一部分气体内压强处处相等是忽略气体自重后的近似；绝对零度不可达到，热力学温度不能取负值；计算时必须把摄氏温度换算成热力学温度。,《2026/2027 一轮复习讲义·学生版 / 知识清单·学生版》文本判定
MATH,零点个数与所在区间的判断方法,零点个数与所在区间的判断方法,CONCEPT,数学选择性必修第二册·第五章·函数与导数,定位：数学选择性必修第二册 第五章。端点异号只能保证“至少一个”零点，要确定个数必须再加单调性；图象法画的是拆开后的两个函数图象，交点横坐标才是原函数的零点；周期函数只需统计一个周期内的零点再按周期累加，忽略区间开闭会重复计数。,《2026/2027 一轮复习讲义·学生版 / 知识清单·学生版》文本判定
MATH,已知零点个数求参数的方法,已知零点个数求参数的方法,CONCEPT,数学选择性必修第二册·第五章·函数与导数,定位：数学选择性必修第二册 第五章。转化时要保证变形前后零点个数不变，两边同乘含参数的式子或平方都可能增根；用图象法时临界位置要按相切或过特殊点单独检验，端点能否取到要单独讨论；分离参数时若参数出现在分母上要注明不为零。,《2026/2027 一轮复习讲义·学生版 / 知识清单·学生版》文本判定
PHYSICS,电磁感应与动量定理模型,电磁感应与动量定理模型,CONCEPT,物理选择性必修第一册·第一章·动量,定位：物理选择性必修第一册 第一章。安培力的冲量对应的是 $BLq$，不能与 $BLv$ 或任意组合混用；动量定理是矢量式，列式前必须先规定正方向；用 $q=\frac{\Delta\Phi}{R_{总}}$ 求位移的前提是棒平动切割磁感线，转动切割或线框进出磁场要另行计算。,《2026/2027 一轮复习讲义·学生版 / 知识清单·学生版》文本判定
PHYSICS,多用电表的使用方法,多用电表的使用方法,CONCEPT,物理必修第三册·第十一十二章·恒定电流,定位：物理必修第三册 第十一十二章。换挡后必须重新欧姆调零；机械调零与欧姆调零不能混用；测量时待测电阻必须与电源及其他元件断开；读数要乘倍率。,《2026/2027 一轮复习讲义·学生版 / 知识清单·学生版》文本判定
PHYSICS,多用电表欧姆挡的使用与二极管检测,多用电表欧姆挡的使用与二极管检测,CONCEPT,物理必修第三册·第十一十二章·恒定电流,定位：物理必修第三册 第十一十二章。欧姆挡内部自带电源、黑表笔接表内电源正极，故电流从黑表笔流出；不能带电测量；判断二极管必须比较正反向电阻而不是只看一次读数。,《2026/2027 一轮复习讲义·学生版 / 知识清单·学生版》文本判定
PHYSICS,伏安法测电源电动势和内阻,伏安法测电源电动势和内阻,CONCEPT,物理必修第三册·第十一十二章·恒定电流,定位：物理必修第三册 第十一十二章。需测不少于 6 组数据且范围要大；纵轴刻度不从零起时图线与横轴交点不再是短路电流，内阻仍由斜率绝对值决定；外接电压表时 E 与 r 的测量值都偏小。,《2026/2027 一轮复习讲义·学生版 / 知识清单·学生版》文本判定
PHYSICS,安阻法测电源电动势和内阻,安阻法测电源电动势和内阻,CONCEPT,物理必修第三册·第十一十二章·恒定电流,定位：物理必修第三册 第十一十二章。电流表内阻使内阻测量值偏大 rA；作 R 与 1/I 图线时斜率是 E、截距是负的 r，注意符号；两组数据计算法的偶然误差较大，应多测几组。,《2026/2027 一轮复习讲义·学生版 / 知识清单·学生版》文本判定
PHYSICS,伏阻法测电源电动势和内阻,伏阻法测电源电动势和内阻,CONCEPT,物理必修第三册·第十一十二章·恒定电流,定位：物理必修第三册 第十一十二章。图像横坐标是 1/R 而不是 R，纵轴是 1/U；电压表内阻的影响要通过等效电源法判断方向，不能只看某一组数据。,《2026/2027 一轮复习讲义·学生版 / 知识清单·学生版》文本判定
PHYSICS,定值电阻在电路中的作用,定值电阻在电路中的作用,CONCEPT,物理必修第三册·第十一十二章·恒定电流,定位：物理必修第三册 第十一十二章。把定值电阻当作电流表或电压表使用时必须已知其阻值；保护用定值电阻的阻值要与电表量程匹配，过大或过小都会使读数不准；测量时必须区分流过定值电阻的电流与流过电表的电流。,《2026/2027 一轮复习讲义·学生版 / 知识清单·学生版》文本判定
PHYSICS,电学实验器材的选取与实物图连接,电学实验器材的选取与实物图连接,CONCEPT,PHYSICS·综合·综合·综合,定位：PHYSICS·综合·综合。电表读数要达到满偏三分之一以上才准确；分压与限流接法对变阻器阻值的要求相反；连线时电流方向与接线柱极性必须正确。,《2026/2027 一轮复习讲义·学生版 / 知识清单·学生版》文本判定
PHYSICS,探究弹簧弹力与形变量的关系实验,探究弹簧弹力与形变量的关系实验,CONCEPT,物理必修第一册·第三章·相互作用,定位：物理必修第一册 第三章。超过弹性限度会使弹力与形变量的正比关系失效；钩码要逐个增加、读数时弹簧须静止；伸长量应等于弹簧总长度减去原长。,《2026/2027 一轮复习讲义·学生版 / 知识清单·学生版》文本判定
PHYSICS,探究互成角度力的合成规律实验,探究互成角度力的合成规律实验,CONCEPT,物理必修第一册·第三章·相互作用,定位：物理必修第一册 第三章。两次拉橡皮条必须把小圆环拉到同一点；力的方向要沿细绳套方向记录；作图必须采用同一标度；只用一个力时必须把结点拉到与两力共同作用时相同的位置。,《2026/2027 一轮复习讲义·学生版 / 知识清单·学生版》文本判定
MATH,向量的三角不等式,向量的三角不等式,CONCEPT,数学必修第二册·第六章·平面向量,定位：数学必修第二册 第六章。取等条件必须与向量方向对应，方向无法实现时只能取严格不等号；零向量与退化情形要单独检查。,《2026/2027 一轮复习讲义·学生版 / 知识清单·学生版》文本判定
MATH,平面向量最值范围问题的方法体系,平面向量最值范围问题的方法体系,CONCEPT,数学必修第二册·第六章·平面向量,定位：数学必修第二册 第六章。基本不等式必须满足正数、定值、等号可取三个条件；用函数工具时必须先确定自变量的取值范围；几何法要验证取等位置确实在允许范围内。,《2026/2027 一轮复习讲义·学生版 / 知识清单·学生版》文本判定
PHYSICS,斜抛运动,斜抛运动,CONCEPT,物理必修第二册·第五六章·抛体运动与圆周运动,定位：物理必修第二册 第五六章。只受重力是前提；最高点竖直分速度为零而水平分速度不变；等效为逆向平抛只适用于末位置在最高点或从最高点起算的段落。,《2026/2027 一轮复习讲义·学生版 / 知识清单·学生版》文本判定
MATH,排列数与组合数的概念,排列数与组合数的概念,CONCEPT,数学选择性必修第三册·第六章·计数原理,定位：数学选择性必修第三册 第六章。排列与组合的选用必须以是否与顺序有关为准；元素是否可重复、是否允许不取完等因素都会改变计数公式的适用条件。,《2026/2027 一轮复习讲义·学生版 / 知识清单·学生版》文本判定
MATH,函数解析式的常用求法,函数解析式的常用求法,CONCEPT,数学必修第一册·第三章·函数的概念与性质,定位：数学必修第一册 第三章。换元法必须标注新元的取值范围；配凑要保证恒等变形；解方程组法构造新等式的代换要与原式匹配，否则解不出。,《2026/2027 一轮复习讲义·学生版 / 知识清单·学生版》文本判定
PHYSICS,U-I图像与I-U图像的理解,U-I图像与I-U图像的理解,CONCEPT,PHYSICS·综合·综合·综合,定位：PHYSICS·综合·综合。切线斜率与坐标之比含义不同；U-I 与 I-U 图像中斜率的意义互为倒数，不能混用；比较阻值前要先确认图像类型；图线弯曲说明元件非线性。,《2026/2027 一轮复习讲义·学生版 / 知识清单·学生版》文本判定
MATH,二次函数的图象与性质,二次函数的图象与性质,CONCEPT,数学必修第一册·第三章·函数的概念与性质,定位：数学必修第一册 第三章。单调区间必须以对称轴为分界，不能说函数在整个定义域上单调；最值是否在给定区间内取得需另作讨论；a 的符号决定开口方向与最值类型。,《2026/2027 一轮复习讲义·学生版 / 知识清单·学生版》文本判定
PHYSICS,洛伦兹力作用下的带电体运动,洛伦兹力作用下的带电体运动,CONCEPT,物理必修第三册·第十三章（安培力/洛伦兹力/感应定律见选择性必修第二册）·磁场与电磁感应,定位：物理必修第三册 第十三章（安培力/洛伦兹力/感应定律见选择性必修第二册）。易错点：把弹力当成恒力处理会导致全过程受力分析错误；洛伦兹力随速度变化，必须先写出弹力表达式再判断摩擦力与加速度的变化方向。,《2026/2027 一轮复习讲义·学生版 / 知识清单·学生版》文本判定
PHYSICS,伏伏法与安安法测电阻,伏伏法与安安法测电阻,CONCEPT,物理必修第三册·第十一十二章·恒定电流,定位：物理必修第三册 第十一十二章。易错点：容易漏掉所配定值电阻，把读数之比直接当成内阻之比；伏伏法要求两表能串联使用、安安法要求两表能并联使用，若两表满偏电流或电压相差悬殊必须先配定值电阻。,《2026/2027 一轮复习讲义·学生版 / 知识清单·学生版》文本判定
PHYSICS,定值电阻在电学实验中的四种妙用,定值电阻在电学实验中的四种妙用,CONCEPT,物理必修第三册·第十一十二章·恒定电流,定位：物理必修第三册 第十一十二章。选取定值电阻时要同时考虑安全性与可调性：串入后不能使电路电流超过器材额定值，也不能使电表超量程；定值电阻改变原电路的电压与电流分配，其阻值和接入位置必须由电路方程确定，不能随意代入。,《2026/2027 一轮复习讲义·学生版 / 知识清单·学生版》文本判定
MATH,扇形的弧长与面积公式,扇形的弧长与面积公式,CONCEPT,数学必修第一册·第五章·三角函数,定位：数学必修第一册 第五章。易错点：使用公式前必须把圆心角化为弧度；求扇形周长时不要漏掉两条半径；由面积反求半径或圆心角时要检验取值范围（圆心角为正且小于 2π）。,《2026/2027 一轮复习讲义·学生版 / 知识清单·学生版》文本判定
MATH,扇形的周长与面积最值问题,扇形的周长与面积最值问题,CONCEPT,数学必修第一册·第五章·三角函数,定位：数学必修第一册 第五章。易错点：转化为函数后必须检验取等条件与自变量的实际范围；扇形周长包含两条半径，漏加会得到错误的最值；用基本不等式时要确认各项为正。,《2026/2027 一轮复习讲义·学生版 / 知识清单·学生版》文本判定
MATH,齐次式的处理,齐次式的处理,CONCEPT,数学必修第一册·第三章·函数的概念与性质,定位：数学必修第一册 第三章。易错点：非齐次式不能直接同除（含常数项时须先用 1 的代换化为齐次式）；同除时要除 cos 的最高次幂，除错幂次会破坏齐次性；使用前要检验 cosα≠0。,《2026/2027 一轮复习讲义·学生版 / 知识清单·学生版》文本判定
MATH,平面向量与三角形的四心,平面向量与三角形的四心,CONCEPT,数学必修第二册·第六章·平面向量,定位：数学必修第二册 第六章。易错点：把四心的定义与向量特征式对应错（重心对应三个向量的和为 0，外心对应到顶点距离相等）；用坐标求重心时忘记取三个坐标的平均值；只看一个等式就下结论，未结合高线或角平分线的性质验证。,《2026/2027 一轮复习讲义·学生版 / 知识清单·学生版》文本判定
PHYSICS,多用电表的使用与欧姆表原理,多用电表的使用与欧姆表原理,CONCEPT,物理必修第三册·第十一十二章·恒定电流,定位：物理必修第三册 第十一十二章。易错点：把欧姆调零旋钮与指针定位螺丝混用（前者调欧姆零点、后者调机械零点）；误认为红表笔接内部电源正极，实际上黑表笔接正极；测电阻读数时忘记乘倍率。,《2026/2027 一轮复习讲义·学生版 / 知识清单·学生版》文本判定
MATH,函数图象与描点法作图,函数图象与描点法作图,CONCEPT,数学必修第一册·第三章·函数的概念与性质,定位：数学必修第一册 第三章。易错点：忽略定义域导致图象多画或少画一段；只描点而不研究性质，容易漏掉渐近线与变化趋势；判断图象时只看单调性而忽略奇偶性，无法排除干扰项。,《2026/2027 一轮复习讲义·学生版 / 知识清单·学生版》文本判定
MATH,函数图象的变换,函数图象的变换,CONCEPT,数学必修第一册·第三章·函数的概念与性质,定位：数学必修第一册 第三章。易错点：平移方向记反（左加右减是针对自变量 x 的，加在整体上则是上下平移）；伸缩变换搞错倍数（横坐标伸缩倍数是 1/ω 而不是 ω）；把 y=|f(x)| 与 y=f(|x|) 的翻折方式弄混。,《2026/2027 一轮复习讲义·学生版 / 知识清单·学生版》文本判定
PHYSICS,物理图像的斜率与面积分析法,物理图像的斜率与面积分析法,CONCEPT,PHYSICS·综合·综合·综合,定位：PHYSICS·综合·综合。易错点：把切线斜率（瞬时量）与割线斜率（平均量）混用；把图线与横轴所夹面积（过程量）与某点对应的矩形面积（状态量）混淆；不看坐标轴的物理量就套用斜率的物理意义。,《2026/2027 一轮复习讲义·学生版 / 知识清单·学生版》文本判定
MATH,等比中项,等比中项,CONCEPT,数学必修第一册·第三章·函数的概念与性质,定位：数学必修第一册 第三章。用 $b^2=ac$ 判定等比时必须检查三数均非零；求等比中项勿丢负值；两数异号或含0时不存在等比中项。,《2026/2027 一轮复习讲义·学生版 / 知识清单·学生版》文本判定
MATH,等比数列的判断与证明方法,等比数列的判断与证明方法,CONCEPT,数学选择性必修第二册·第四章·数列,定位：数学选择性必修第二册 第四章。通项公式法与求和公式法只作判定、不用于解答题证明；等比中项法必须各项非零。,《2026/2027 一轮复习讲义·学生版 / 知识清单·学生版》文本判定
MATH,等差与等比纠缠型数列,等差与等比纠缠型数列,CONCEPT,数学选择性必修第二册·第四章·数列,定位：数学选择性必修第二册 第四章。必须先分清哪几个量成等差、哪几个量成等比；舍根依据是题目给出的正项、递增等条件。,《2026/2027 一轮复习讲义·学生版 / 知识清单·学生版》文本判定
MATH,前n项积求通项,前n项积求通项,CONCEPT,数学选择性必修第二册·第四章·数列,定位：数学选择性必修第二册 第四章。必须检验 $n=1$ 的情形；$q<0$ 时 $T_n$ 的符号交替，讨论最大值应对绝对值讨论；$T_{n-1}$ 不能为零。,《2026/2027 一轮复习讲义·学生版 / 知识清单·学生版》文本判定
MATH,对棱相等四面体的外接球,对棱相等四面体的外接球,CONCEPT,数学必修第二册·第八章（空间向量见选择性必修第一册）·立体几何,定位：数学必修第二册 第八章（空间向量见选择性必修第一册）。补形前提是三组对棱分别相等；长方体的面对角线对应四面体的棱，不能把体对角线误当成四面体的棱。,《2026/2027 一轮复习讲义·学生版 / 知识清单·学生版》文本判定
MATH,棱切球,棱切球,CONCEPT,数学必修第二册·第八章（空间向量见选择性必修第一册）·立体几何,定位：数学必修第二册 第八章（空间向量见选择性必修第一册）。棱切球的切点在棱上而不是顶点或面内，不能与内切球、外接球混用；一般多面体未必存在棱切球。,《2026/2027 一轮复习讲义·学生版 / 知识清单·学生版》文本判定
PHYSICS,多用电表的使用方法与注意事项,多用电表的使用方法与注意事项,REASONING,物理必修第三册·第十一十二章·恒定电流,定位：物理必修第三册 第十一十二章。欧姆挡刻度不均匀，中值附近误差小；换挡必重新调零；测电阻必须断电，带电测量会损坏表头或得到错误结果。,《2026/2027 一轮复习讲义·学生版 / 知识清单·学生版》文本判定
PHYSICS,多用电表检测黑箱与二极管,多用电表检测黑箱与二极管,CONCEPT,物理必修第三册·第十一十二章·恒定电流,定位：物理必修第三册 第十一十二章。欧姆表内部电池的正极接黑表笔，极性判断不能按“红笔为正”的直觉；测电容时不能用电阻挡判断其容量大小；带电测量会损坏电表。,《2026/2027 一轮复习讲义·学生版 / 知识清单·学生版》文本判定
PHYSICS,力的分解的多解问题,力的分解的多解问题,CONCEPT,物理必修第一册·第三章·相互作用,定位：物理必修第一册 第三章。讨论解的个数时要检查交点是否落在合力的作用方向一侧，落在反向延长线上应舍去；立体情形下解更多，不能只用平面内两组解作答。,《2026/2027 一轮复习讲义·学生版 / 知识清单·学生版》文本判定
PHYSICS,伏安法测电源电动势和内阻的误差分析,伏安法测电源电动势和内阻的误差分析,CONCEPT,物理必修第三册·第十一十二章·恒定电流,定位：物理必修第三册 第十一十二章。外接法测得的 E、r 都偏小，内接法测得的 E 准确而 r 偏大，选择接法要看电源内阻与电表内阻的相对大小。,《2026/2027 一轮复习讲义·学生版 / 知识清单·学生版》文本判定
PHYSICS,安阻法测电动势与内阻,安阻法测电动势与内阻,CONCEPT,物理必修第三册·第十一十二章·恒定电流,定位：物理必修第三册 第十一十二章。该方法的系统误差只体现在内阻偏大；作 R-1/I 图时注意纵轴截距是负值，读数时要带符号。,《2026/2027 一轮复习讲义·学生版 / 知识清单·学生版》文本判定
PHYSICS,伏阻法测电动势与内阻,伏阻法测电动势与内阻,CONCEPT,物理必修第三册·第十一十二章·恒定电流,定位：物理必修第三册 第十一十二章。该方法的系统误差使 E 与 r 都偏小；变换坐标轴时要重新核对斜率与截距对应的物理量，避免把斜率当成电动势。,《2026/2027 一轮复习讲义·学生版 / 知识清单·学生版》文本判定
PHYSICS,二次感应问题的分析,二次感应问题的分析,CONCEPT,PHYSICS·综合·综合·综合,定位：PHYSICS·综合·综合。两次感应之间必须理清“谁产生磁场、谁感应”，中间任一环节判错都会传递到结论；安培定则与左手定则在不同环节交替使用，注意区分。,《2026/2027 一轮复习讲义·学生版 / 知识清单·学生版》文本判定
MATH,导数压轴题的解题流程,导数压轴题的解题流程,CONCEPT,数学选择性必修第二册·第五章·函数与导数,定位：数学选择性必修第二册 第五章。分类讨论要按参数使导数符号发生改变的分界值来分；定义域优先，避免在定义域外讨论单调性。,《2026/2027 一轮复习讲义·学生版 / 知识清单·学生版》文本判定
MATH,解三角形的常用定理,解三角形的常用定理,CONCEPT,数学必修第一册·第五章·三角函数,定位：数学必修第一册 第五章。三条定理都要求点 D 在对应边上（中线、角平分线的端点位置）；用斯库顿定理时 BD 与 CD 是对边被分成的两段，方向不能颠倒。,《2026/2027 一轮复习讲义·学生版 / 知识清单·学生版》文本判定
PHYSICS,线框切割磁感线模型,线框切割磁感线模型,CONCEPT,物理必修第三册·第十三章（安培力/洛伦兹力/感应定律见选择性必修第二册）·磁场与电磁感应,定位：物理必修第三册 第十三章（安培力/洛伦兹力/感应定律见选择性必修第二册）。“两对边切割而无电流”只在匀强磁场中成立，磁场不均匀时会感应出电流；转动切割的有效长度要按两边到轴的距离分别计算。,《2026/2027 一轮复习讲义·学生版 / 知识清单·学生版》文本判定
PHYSICS,串、并联电路的特点与推论,串、并联电路的特点与推论,CONCEPT,物理必修第三册·第十一十二章·恒定电流,定位：物理必修第三册 第十一十二章。推论成立的前提是电路结构不变；两个电阻并联时总电阻大于较小电阻的一半；改接电路后要重新判断各元件的串、并联关系,《2026/2027 一轮复习讲义·学生版 / 知识清单·学生版》文本判定
PHYSICS,含容电路的稳态分析,含容电路的稳态分析,CONCEPT,物理必修第三册·第十一十二章·恒定电流,定位：物理必修第三册 第十一十二章。结论以电路达到稳定为前提；开关断开的瞬间电容器会通过并联电阻放电；判断极板电性要结合电流方向；电容器支路中的电阻只在充、放电过程中有电流。,《2026/2027 一轮复习讲义·学生版 / 知识清单·学生版》文本判定
PHYSICS,差值法测电表内阻,差值法测电表内阻,CONCEPT,物理必修第三册·第十一十二章·恒定电流,定位：物理必修第三册 第十一十二章。差值法的核心是把待测电表上的电流或电压用两个读数之差表示；要求电表可读且 $R_0$ 与电表规格匹配，两读数不能太接近，否则误差被放大,《2026/2027 一轮复习讲义·学生版 / 知识清单·学生版》文本判定
PHYSICS,共速连接体对合力的分配原理,共速连接体对合力的分配原理,CONCEPT,物理必修第一册·第三章·相互作用,定位：物理必修第一册 第三章。前提是两物体具有相同的加速度，且外力作用在其中一个物体上；有摩擦时要求两物体与接触面间的动摩擦因数相同；分配的是沿加速度方向的外力。,《2026/2027 一轮复习讲义·学生版 / 知识清单·学生版》文本判定
PHYSICS,插针法测玻璃砖的折射率,插针法测玻璃砖的折射率,CONCEPT,物理选择性必修第一册·第四章·光学,定位：物理选择性必修第一册 第四章。插针要竖直且四枚针的间距适当大些，以提高光线确定的准确性；入射角不宜过大或过小，一般控制在 30° 到 60° 之间；不能用玻璃砖界面代替直尺画界线。,《2026/2027 一轮复习讲义·学生版 / 知识清单·学生版》文本判定
PHYSICS,双缝干涉实验的创新方案,双缝干涉实验的创新方案,CONCEPT,物理选择性必修第一册·第四章·光学,定位：物理选择性必修第一册 第四章。创新只改变器材或数据处理方式，不改变干涉原理；用光强分布图时要正确识别峰值对应的亮条纹位置，避免错数条纹条数。,《2026/2027 一轮复习讲义·学生版 / 知识清单·学生版》文本判定
MATH,弧长与扇形面积公式,弧长与扇形面积公式,CONCEPT,数学必修第一册·第五章·三角函数,定位：数学必修第一册 第五章。公式只适用于圆心角用弧度制表示的情形；圆心角可正可负，弧长与面积都是非负量，计算时要取圆心角的绝对值。,《2026/2027 一轮复习讲义·学生版 / 知识清单·学生版》文本判定
MATH,三角函数值的符号规律,三角函数值的符号规律,CONCEPT,数学必修第一册·第五章·三角函数,定位：数学必修第一册 第五章。口诀只适用于把角化成终边落在相应象限的情形；轴线角要用定义单独判断，不能按象限口诀处理。,《2026/2027 一轮复习讲义·学生版 / 知识清单·学生版》文本判定
PHYSICS,速率与平均速率,速率与平均速率,CONCEPT,PHYSICS·综合·综合·综合,定位：PHYSICS·综合·综合。平均速率不是平均速度的大小，当物体做曲线运动或有往返运动时二者差异明显；速率是标量，速度为矢量；变化率大的物理量本身不一定大。,《2026/2027 一轮复习讲义·学生版 / 知识清单·学生版》文本判定
MATH,复合函数的定义与单调性,复合函数的定义与单调性,CONCEPT,数学必修第一册·第三章·函数的概念与性质,定位：数学必修第一册 第三章。必须满足内层函数的值域落在外层函数的定义域内；讨论单调区间前要先求定义域，否则会写出不存在的区间；同增异减要求内外层在同一区间上讨论，不能跨区间比较。,《2026/2027 一轮复习讲义·学生版 / 知识清单·学生版》文本判定
PHYSICS,引力势能,引力势能,CONCEPT,物理必修第二册·第七章·万有引力与宇宙航行,定位：物理必修第二册 第七章。引力势能是负值，比较时要看绝对值大小，不能把负号丢掉；零势能点的选取是人为的，但仅比较势能变化时结果与零势能点的选取无关；非保守力做功时机械能不守恒。,《2026/2027 一轮复习讲义·学生版 / 知识清单·学生版》文本判定
MATH,反函数模型求方程解之和,反函数模型求方程解之和,CONCEPT,数学必修第一册·第三章·函数的概念与性质,定位：数学必修第一册 第三章。必须先用单调性说明每个方程的解唯一，否则可能出现多解使结论不成立；整理方程时必须保持结构对称，一次项系数为其他值时对称关系要相应调整；变量替换要注意定义域。,《2026/2027 一轮复习讲义·学生版 / 知识清单·学生版》文本判定
MATH,指数方程与对数方程的解法,指数方程与对数方程的解法,CONCEPT,数学必修第一册·第三章·函数的概念与性质,定位：数学必修第一册 第三章。换元后要注意新元的取值范围（如 t=a^x＞0），并检验所求的解是否落在定义域内；对数方程必须检验真数为正；同底时底数相同才能直接比较指数。,《2026/2027 一轮复习讲义·学生版 / 知识清单·学生版》文本判定
PHYSICS,探究变压器原副线圈电压与匝数的关系,探究变压器原副线圈电压与匝数的关系,CONCEPT,物理选择性必修第二册·第三四章·交变电流与电磁波,定位：物理选择性必修第二册 第三四章。必须保证铁芯闭合、只用交流电压挡；受漏磁与线圈电阻影响，实测电压比略大于匝数比，不能把测量值当作严格相等。,《2026/2027 一轮复习讲义·学生版 / 知识清单·学生版》文本判定
PHYSICS,霍尔元件,霍尔元件,CONCEPT,物理必修第三册·第十三章（安培力/洛伦兹力/感应定律见选择性必修第二册）·磁场与电磁感应,定位：物理必修第三册 第十三章（安培力/洛伦兹力/感应定律见选择性必修第二册）。判断两侧电势高低必须先分清载流子的正负：载流子为电子时，电子受洛伦兹力偏转所向的一侧电势低。霍尔电压还与电流大小、元件厚度有关，不能只凭 B 判断。,《2026/2027 一轮复习讲义·学生版 / 知识清单·学生版》文本判定
MATH,等差数列的判定与证明,等差数列的判定与证明,CONCEPT,数学选择性必修第二册·第四章·数列,定位：数学选择性必修第二册 第四章。推导中“任意 n 成立”不能由前几项代替；若前n项和含常数项，只能得出从第二项起为等差数列；用递推式作差前要先消去 S 与 a 的交叉项。,《2026/2027 一轮复习讲义·学生版 / 知识清单·学生版》文本判定
PHYSICS,串并联电路的规律,串并联电路的规律,CONCEPT,物理必修第三册·第十一十二章·恒定电流,定位：物理必修第三册 第十一十二章。并联总电阻小于任一支路电阻、串联总电阻大于任一部分电阻，容易记反；“任意电阻变大则总电阻变大”对混联电路也成立，但各支路电流与电压的变化方向要分别判断。,《2026/2027 一轮复习讲义·学生版 / 知识清单·学生版》文本判定
PHYSICS,用单摆测重力加速度的实验,用单摆测重力加速度的实验,CONCEPT,物理必修第二册·第七章·万有引力与宇宙航行,定位：物理必修第二册 第七章。摆角必须小于 5°；摆长是悬点到小球球心的距离（摆线长加半径）；应选择摆球经过最低点时开始计时并数准全振动次数，用 30～50 次全振动的时间求周期；悬点必须固定。,《2026/2027 一轮复习讲义·学生版 / 知识清单·学生版》文本判定
PHYSICS,探究小车速度随时间变化的实验,探究小车速度随时间变化的实验,CONCEPT,PHYSICS·综合·综合·综合,定位：PHYSICS·综合·综合。必须“先接通电源，后放开小车”，否则纸带开始一段的点迹无法使用；小车应停在靠近打点计时器处；纸带与细绳要与长木板平行。,《2026/2027 一轮复习讲义·学生版 / 知识清单·学生版》文本判定
MATH,半角公式,半角公式,CONCEPT,数学必修第一册·第五章·三角函数,定位：数学必修第一册 第五章。\pm 号由 $\dfrac{\alpha}{2}$ 的象限决定，不能由 α 的象限直接判断；α 的范围不明确时结果要保留正负号或写成绝对值，否则会添解或漏解,《2026/2027 一轮复习讲义·学生版 / 知识清单·学生版》文本判定
PHYSICS,等分法确定电场线,等分法确定电场线,CONCEPT,物理必修第三册·第九十章·静电场,定位：物理必修第三册 第九十章。等分法只适用于匀强电场，非匀强电场中电势沿空间不是线性变化、不能等分；等分时必须先统一电势的正负号（负电势的等分方向容易搞反）；求出电场线后要校验其方向是否符合“高电势指向低电势”,《2026/2027 一轮复习讲义·学生版 / 知识清单·学生版》文本判定
PHYSICS,摆线问题,摆线问题,CONCEPT,PHYSICS·综合·综合·综合,定位：PHYSICS·综合·综合。摆线轨迹中速度大小在变化，不能用“洛伦兹力与速率成正比所以做圆周运动”直接下结论；只有恒力与速度垂直时轨迹才是摆线，若初速度方向不与恒力垂直，轨迹是变形的摆线或螺旋线，需重新分析,《2026/2027 一轮复习讲义·学生版 / 知识清单·学生版》文本判定
MATH,由三角函数零点求参数范围,由三角函数零点求参数范围,CONCEPT,数学选择性必修第二册·第五章·函数与导数,定位：数学选择性必修第二册 第五章。换元后必须同时算出新变量 t 的区间范围，忽略 t 的范围会漏解；端点处的零点是最容易漏掉或重复计算的情形；辅助角公式中 φ 的确定要用点 (a，b) 的象限；参数在 ω 上时，ω 的变化会同时改变周期与端点位置，不能只比较区间长度,《2026/2027 一轮复习讲义·学生版 / 知识清单·学生版》文本判定
PHYSICS,电磁感应中电荷量的计算,电磁感应中电荷量的计算,CONCEPT,物理必修第三册·第十三章（安培力/洛伦兹力/感应定律见选择性必修第二册）·磁场与电磁感应,定位：物理必修第三册 第十三章（安培力/洛伦兹力/感应定律见选择性必修第二册）。公式只适用于磁通量变化引起的感应电流，且回路总电阻在过程中保持不变；多匝线圈不要漏乘匝数 $n$。,《2026/2027 一轮复习讲义·学生版 / 知识清单·学生版》文本判定
PHYSICS,测量电源电动势和内阻的实验,测量电源电动势和内阻的实验,CONCEPT,物理必修第三册·第十一十二章·恒定电流,定位：物理必修第三册 第十一十二章。连接电路时开关要断开、滑片要在阻值最大处；读数后必须断电，防止干电池在大电流放电时 $E$ 与 $r$ 明显变化；若电压变化范围太小，说明电池内阻较小或器材选择不合适。,《2026/2027 一轮复习讲义·学生版 / 知识清单·学生版》文本判定
PHYSICS,简谐运动的振动图象与信息提取,简谐运动的振动图象与信息提取,CONCEPT,物理选择性必修第一册·第二三章·机械振动与机械波,定位：物理选择性必修第一册 第二三章。振动图像描述的是一个质点在不同时刻的位移，不是某一时刻各质点的位置分布（后者是波动图像）；判断方向必须看下一时刻的位移变化。,《2026/2027 一轮复习讲义·学生版 / 知识清单·学生版》文本判定
PHYSICS,相对论时空观,相对论时空观,CONCEPT,物理选择性必修第三册·第四五章·近代物理,定位：物理选择性必修第三册 第四五章。时间延缓与长度收缩只在相对运动速度接近光速时才明显，$v\ll c$ 时可忽略（退化为经典结果）；光速不变是指真空中的光速在任何惯性系中都相同，但物体速度不能由两个接近光速的速度简单相加得到。,《2026/2027 一轮复习讲义·学生版 / 知识清单·学生版》文本判定
MATH,二阶导数法判断函数单调性,二阶导数法判断函数单调性,CONCEPT,数学选择性必修第二册·第五章·函数与导数,定位：数学选择性必修第二册 第五章。二阶导数只能说明一阶导数的单调性，用它判断极大还是极小值必须同时满足 $f'(x_0)=0$；隐零点方法中零点 $x_0$ 无法解出，必须借助 $f'(x_0)=0$ 这个等式整体代换。,《2026/2027 一轮复习讲义·学生版 / 知识清单·学生版》文本判定
PHYSICS,带电粒子在磁场中运动与原子核反应综合模型,带电粒子在磁场中运动与原子核反应综合模型,CONCEPT,物理必修第三册·第九十章·静电场,定位：物理必修第三册 第九十章。核反应阶段与后续电磁场运动阶段要分别用对应的规律（动量守恒、能量守恒与类平抛、圆周运动规律），不能全程当成一个过程；注意粒子的电性、电荷量与质量数在反应前后的变化。,《2026/2027 一轮复习讲义·学生版 / 知识清单·学生版》文本判定
PHYSICS,三个自由点电荷平衡模型,三个自由点电荷平衡模型,CONCEPT,物理必修第一册·第三章·相互作用,定位：物理必修第一册 第三章。该组结论只适用于三个电荷都“自由”、不受其他约束的情形；若其中某个电荷被固定，则不再受“两同夹异、两大夹小”的限制，必须单独列平衡方程求解。,《2026/2027 一轮复习讲义·学生版 / 知识清单·学生版》文本判定
PHYSICS,电场强度的叠加方法,电场强度的叠加方法,CONCEPT,物理必修第三册·第九十章·静电场,定位：物理必修第三册 第九十章。场强叠加是矢量运算，不能直接把各分场强的大小相加；只有各分场强方向相同或相反时才可化为代数加减；使用对称法与补偿法时带电体必须具有相应的对称性或可补成规则形状。,《2026/2027 一轮复习讲义·学生版 / 知识清单·学生版》文本判定
PHYSICS,电势能变化与电势高低的判断方法,电势能变化与电势高低的判断方法,CONCEPT,物理必修第二册·第八章·机械能与能量守恒,定位：物理必修第二册 第八章。使用“沿电场线方向电势降低”时必须先明确电场线的方向；用 $E_p=q\varphi$ 判断时容易漏掉电荷的正负号；多个场源叠加时电势按代数和计算，不能按矢量合成。,《2026/2027 一轮复习讲义·学生版 / 知识清单·学生版》文本判定
MATH,两点分布及其均值与方差,两点分布及其均值与方差,CONCEPT,数学必修第二册·第九十章（条件概率与正态分布见选择性必修第三册）·概率统计,定位：数学必修第二册 第九十章（条件概率与正态分布见选择性必修第三册）。两点分布中 $X$ 只取 0 和 1，若取值只是两个数而不是 0 和 1，需要先作线性变换再套公式；方差在平移下不变、在伸缩下要乘系数的平方；先算原分布的均值方差再作变换，不能直接对公式中的参数替换。,《2026/2027 一轮复习讲义·学生版 / 知识清单·学生版》文本判定
MATH,二项分布应用题的解题思路,二项分布应用题的解题思路,CONCEPT,数学必修第一册·第三章·函数的概念与性质,定位：数学必修第一册 第三章。\n题设若为不放回抽样则各次不独立，应改用超几何分布；“至少一次”通常写作 $1-P(X=0)$ 而不是逐项相加；确定 $n$ 时要数清独立重复的总次数，不要把每次内部的环节数当作 $n$。,《2026/2027 一轮复习讲义·学生版 / 知识清单·学生版》文本判定
MATH,超几何分布的判断与解题步骤,超几何分布的判断与解题步骤,CONCEPT,数学必修第一册·第三章·函数的概念与性质,定位：数学必修第一册 第三章。\n判定超几何分布的关键是“不放回”；若题设改为有放回，应改用二项分布；确定参数时要分清“总体容量、其中某类个体数、抽取个数”三个量的实际含义，不能张冠李戴。,《2026/2027 一轮复习讲义·学生版 / 知识清单·学生版》文本判定
PHYSICS,库仑力的力学性质,库仑力的力学性质,CONCEPT,物理必修第三册·第九十章·静电场,定位：物理必修第三册 第九十章。库仑力等大反向是牛顿第三定律的结果，与电荷量是否相等无关；受力大小相等不能推出加速度相等，必须结合质量判断；库仑力与其他力共点时必须按矢量法则合成，不能直接代数相加。,《2026/2027 一轮复习讲义·学生版 / 知识清单·学生版》文本判定
PHYSICS,带电粒子在电场中直线运动的分析方法,带电粒子在电场中直线运动的分析方法,CONCEPT,物理必修第三册·第九十章·静电场,定位：物理必修第三册 第九十章。动能定理中的 $W=qU$ 对非匀强电场同样成立，但 $W=qEd$ 只适用于匀强电场；用功能观点时不要漏掉重力等其他力做的功；只有忽略其他力时才可写成 $qU=\dfrac12mv^2$。,《2026/2027 一轮复习讲义·学生版 / 知识清单·学生版》文本判定
PHYSICS,带电粒子在交变电场中的运动,带电粒子在交变电场中的运动,CONCEPT,物理必修第三册·第九十章·静电场,定位：物理必修第三册 第九十章。交变电场中加速度是分段恒定的，不能整段套用匀变速公式；处理往返运动时必须判断速度减为零的时刻是否落在电场方向改变之前；一个周期内电场力做功可能为零，此时粒子速度大小复原而方向可能改变。,《2026/2027 一轮复习讲义·学生版 / 知识清单·学生版》文本判定
PHYSICS,交变电场问题的v-t图像分析,交变电场问题的v-t图像分析,CONCEPT,物理必修第三册·第九十章·静电场,定位：物理必修第三册 第九十章。速度—时间图像的斜率表示加速度而不是速度；图线与时间轴围成的面积表示位移而不是路程；速度为零的时刻是运动方向反转的分界点，不要与电场方向改变的时刻混淆；面积的符号必须按时间轴上下分别计入。,《2026/2027 一轮复习讲义·学生版 / 知识清单·学生版》文本判定
PHYSICS,机械能是否守恒的判断方法,机械能是否守恒的判断方法,CONCEPT,物理必修第二册·第八章·机械能与能量守恒,定位：物理必修第二册 第八章。三种方法的前提不同，不能互相替代：定义法要算出各状态的动能与势能，容易受零势能面选取的干扰；做功法必须先正确判断各力是否做功；只要过程中出现摩擦生热或其他形式的能，机械能就不守恒。,《2026/2027 一轮复习讲义·学生版 / 知识清单·学生版》文本判定
PHYSICS,机械能守恒的常见情境分析,机械能守恒的常见情境分析,CONCEPT,物理必修第二册·第八章·机械能与能量守恒,定位：物理必修第二册 第八章。绳、杆连接时单个物体的机械能通常不守恒，必须选系统；关联速度必须沿绳或沿杆方向分解，不能直接把两物体的速度大小等同；含弹簧时不要漏掉弹性势能，弹簧形变量最大处两物体速度相同而不是速度最大。,《2026/2027 一轮复习讲义·学生版 / 知识清单·学生版》文本判定
PHYSICS,圆周运动中与弹力有关的临界条件,圆周运动中与弹力有关的临界条件,CONCEPT,物理必修第一册·第三章·相互作用,定位：物理必修第一册 第三章。弹力为零是分离的判据，而不是“速度为零”或“加速度为零”；绳的拉力只能沿绳方向且只能拉不能推，绳恰好拉直的瞬间拉力为零；绳被拉断的临界条件是拉力达到最大值，与其他物理量的大小无直接关系。,《2026/2027 一轮复习讲义·学生版 / 知识清单·学生版》文本判定
PHYSICS,圆周运动临界问题的解题技巧,圆周运动临界问题的解题技巧,CONCEPT,物理必修第二册·第五六章·抛体运动与圆周运动,定位：物理必修第二册 第五六章。最低点与最高点的合力都指向圆心，但弹力的方向需要按模型判断，不能一律取同一符号；两位置间的速度关系必须由动能定理或机械能守恒求出，不能想当然认为速度相等；若过程中存在摩擦等耗散力，机械能守恒不再适用，只能用动能定理。,《2026/2027 一轮复习讲义·学生版 / 知识清单·学生版》文本判定
PHYSICS,斜面上圆周运动的类型与处理,斜面上圆周运动的类型与处理,CONCEPT,物理必修第二册·第五六章·抛体运动与圆周运动,定位：物理必修第二册 第五六章。必须先把手画或题给的立体图投影到斜面所在的平面内再作受力分析，否则容易把重力分量与绳、杆的方向弄错；不要把斜面上的圆周运动当成竖直面内的圆周运动处理；摩擦力控制时临界位置可能在最高点也可能在最低点，需要分别讨论。,《2026/2027 一轮复习讲义·学生版 / 知识清单·学生版》文本判定
PHYSICS,应用牛顿第二定律解题的方法,应用牛顿第二定律解题的方法,CONCEPT,物理必修第一册·第四章·牛顿运动定律,定位：物理必修第一册 第四章。研究对象一旦选定，受力分析只画该对象受到的力；求合力前必须先完成受力分析并建立坐标系；列方程时加速度的方向要与所选正方向一致，否则正负号会出错。,《2026/2027 一轮复习讲义·学生版 / 知识清单·学生版》文本判定
PHYSICS,超重与失重的判断方法,超重与失重的判断方法,CONCEPT,物理必修第一册·第四章·牛顿运动定律,定位：物理必修第一册 第四章。判断超重或失重只看加速度方向，不能只看速度方向；加速度有竖直分量时即可按竖直分量判断，斜向加速度要取其在竖直方向的投影；完全失重只对应 $a=g$ 且方向向下这一种情形。,《2026/2027 一轮复习讲义·学生版 / 知识清单·学生版》文本判定
PHYSICS,测量金属丝电阻率的实验过程与数据处理,测量金属丝电阻率的实验过程与数据处理,CONCEPT,物理必修第三册·第十一十二章·恒定电流,定位：物理必修第三册 第十一十二章。闭合开关前滑动变阻器的滑片必须置于接入电阻最大的一端，防止电流过大烧坏电表；测量有效长度时要拉直金属丝并多次测量取平均；直径必须选三个不同部位分别测量，不能只测一次。,《2026/2027 一轮复习讲义·学生版 / 知识清单·学生版》文本判定
PHYSICS,测量金属丝电阻率的注意事项,测量金属丝电阻率的注意事项,REASONING,物理必修第三册·第十一十二章·恒定电流,定位：物理必修第三册 第十一十二章。金属丝电阻小，若采用电流表内接法会带来较大的系统误差；电流过大或通电时间过长会使金属丝温度升高，导致电阻率变大而不是变小；画 $U-I$ 图线时不能强行通过所有数据点，明显偏离的点应舍去。,《2026/2027 一轮复习讲义·学生版 / 知识清单·学生版》文本判定
PHYSICS,测量金属丝电阻率的误差分析,测量金属丝电阻率的误差分析,CONCEPT,物理必修第三册·第十一十二章·恒定电流,定位：物理必修第三册 第十一十二章。电流表外接时电阻的测量值偏小，这一偏差属于系统误差，不能靠多次测量消除；直径与长度测量的重复性偏差属于偶然误差，可通过多次测量取平均减小；金属丝发热导致的电阻率变化属于实验条件控制不当带来的误差。,《2026/2027 一轮复习讲义·学生版 / 知识清单·学生版》文本判定
PHYSICS,用油膜法估测油酸分子大小的实验要点,用油膜法估测油酸分子大小的实验要点,CONCEPT,物理选择性必修第三册·第一至三章·热学,定位：物理选择性必修第三册 第一至三章。本实验是估算实验，数格子本身带有误差，不必追求过分精确；实验用具混用会使油膜面积失真；油酸浓度过大时油膜不能充分展开成单分子层；画轮廓时视线不垂直板面会造成形状偏差。,《2026/2027 一轮复习讲义·学生版 / 知识清单·学生版》文本判定
PHYSICS,探究等温情况气体压强与体积关系的实验要点,探究等温情况气体压强与体积关系的实验要点,CONCEPT,物理选择性必修第三册·第一至三章·热学,定位：物理选择性必修第三册 第一至三章。质量不变靠密封（涂润滑油）保证，温度不变靠缓慢操作与不接触气体部分保证，两者不能互相替代；活塞快速推拉或用手握住气体部分都会使温度改变，造成图线不过原点或发生弯曲。,《2026/2027 一轮复习讲义·学生版 / 知识清单·学生版》文本判定
PHYSICS,卫星中的超重与失重现象,卫星中的超重与失重现象,CONCEPT,物理必修第一册·第四章·牛顿运动定律,定位：物理必修第一册 第四章。卫星在轨时物体仍受地球引力作用，只是引力全部用来提供向心力，因此是“视重为零”而不是“重力为零”；发射升空与返回着陆必须经过加速或减速阶段，不能笼统地说卫星一直处于失重状态。,《2026/2027 一轮复习讲义·学生版 / 知识清单·学生版》文本判定
PHYSICS,多星问题,多星问题,CONCEPT,PHYSICS·综合·综合·综合,定位：PHYSICS·综合·综合。多星系统中某颗星受到的万有引力不止一个，必须求合力，不能用其中任意一个代替合力；轨道半径要由几何关系求出，不能直接把星体间距当作半径；只有除中央星以外的星体才具有相同的角速度与周期。,《2026/2027 一轮复习讲义·学生版 / 知识清单·学生版》文本判定
PHYSICS,自锁现象,自锁现象,CONCEPT,PHYSICS·综合·综合·综合,定位：PHYSICS·综合·综合。自锁只与力的方向（是否落在摩擦角之内）有关，与力的大小无关；自锁讨论的是滑动或即将滑动的临界情形，若物体本来就能被其他方向的力推动则不属于自锁；摩擦角必须由动摩擦因数正确求出。,《2026/2027 一轮复习讲义·学生版 / 知识清单·学生版》文本判定
MATH,全称量词命题与存在量词命题的真假判断,全称量词命题与存在量词命题的真假判断,CONCEPT,数学必修第一册·第一章·集合与常用逻辑用语,定位：数学必修第一册 第一章。判定全称量词命题为真不能只验证几个例子，必须对任意元素给出证明；判定存在量词命题为假必须说明集合中所有元素都不成立；把命题转化为恒成立或有解问题时，量词对应的最值方向不能弄反。,《2026/2027 一轮复习讲义·学生版 / 知识清单·学生版》文本判定
MATH,三角函数中ω的取值范围的确定方法,三角函数中ω的取值范围的确定方法,CONCEPT,数学必修第一册·第五章·三角函数,定位：数学必修第一册 第五章。求 ω 之前要先确定 $A$ 的正负与 $\varphi$ 的范围，否则整体代换时写出的区间会出错；单调性条件化为区间长度的限制时，要注意端点能否取到；零点个数与极值点个数同半周期的对应关系必须算准，不能凭感觉给区间长度。,《2026/2027 一轮复习讲义·学生版 / 知识清单·学生版》文本判定
MATH,直线与圆锥曲线的位置关系,直线与圆锥曲线的位置关系,CONCEPT,数学选择性必修第一册·第二三章·解析几何,定位：数学选择性必修第一册 第二三章。只有一个公共点不等于相切：与双曲线的渐近线平行的直线、与抛物线对称轴平行的直线都只交于一点，但属于相交；判定前必须先讨论二次项系数是否为零；相切时联立后的方程应当有重根。,《2026/2027 一轮复习讲义·学生版 / 知识清单·学生版》文本判定
MATH,解析几何中向量条件的处理方法,解析几何中向量条件的处理方法,CONCEPT,数学必修第二册·第六章·平面向量,定位：数学必修第二册 第六章。向量共线与向量垂直的转化公式不能混用；斜率之积为 −1 只适用于两直线斜率都存在的情形，竖直直线要单独讨论；坐标化后得到的方程往往含有多个参数，需要结合曲线方程消元。,《2026/2027 一轮复习讲义·学生版 / 知识清单·学生版》文本判定
MATH,圆锥曲线离心率的求法,圆锥曲线离心率的求法,CONCEPT,数学选择性必修第一册·第二三章·解析几何,定位：数学选择性必修第一册 第二三章。椭圆与双曲线中 $b^2$ 与 $a^2$、$c^2$ 的关系不同，代入时不能混用；由齐次式解出的关于 $e$ 的方程可能有两个解，必须结合椭圆或双曲线的范围取舍；求取值范围时最后一步是不等式而不是等式。,《2026/2027 一轮复习讲义·学生版 / 知识清单·学生版》文本判定
MATH,三次函数的零点分布,三次函数的零点分布,CONCEPT,数学选择性必修第二册·第五章·函数与导数,定位：数学选择性必修第二册 第五章。结论以三次函数存在两个极值点为前提：若导数恒非负或恒非正（没有极值点），函数在实数范围内单调，只可能有 1 个零点；判断零点个数前必须先求导确定极值点的存在性并比较极值的符号，不能只看最高次项系数的正负。,《2026/2027 一轮复习讲义·学生版 / 知识清单·学生版》文本判定
PHYSICS,求解非点电荷电场强度的四种方法,求解非点电荷电场强度的四种方法,CONCEPT,物理必修第三册·第九十章·静电场,定位：物理必修第三册 第九十章。四种方法的前提是电荷分布（或补全后）具有可用的对称性；填补法要求补上部分的电荷密度与原带电体一致；微元法适用于可积或可对称抵消的情形，否则无法求出解析结果。,《2026/2027 一轮复习讲义·学生版 / 知识清单·学生版》文本判定
PHYSICS,立体空间中的抛体运动,立体空间中的抛体运动,CONCEPT,物理必修第二册·第五六章·抛体运动与圆周运动,定位：物理必修第二册 第五六章。降维必须选对平面（初速度与重力所在的平面），否则两个方向的分运动不再独立；落点的几何约束要由立体几何关系给出，不能直接套用平面内的位移公式。,《2026/2027 一轮复习讲义·学生版 / 知识清单·学生版》文本判定
PHYSICS,抛体运动的相遇问题,抛体运动的相遇问题,CONCEPT,物理必修第一册·第二章·匀变速直线运动,定位：物理必修第一册 第二章。相遇要求轨迹在同一竖直平面内相交且到达时刻相同；轨迹相交但到达时刻不同不算相遇。两物体在空中的相互作用（碰撞）不属于抛体运动模型，须另作碰撞分析。,《2026/2027 一轮复习讲义·学生版 / 知识清单·学生版》文本判定
PHYSICS,测量电阻率的实验创新,测量电阻率的实验创新,CONCEPT,物理必修第三册·第十一十二章·恒定电流,定位：物理必修第三册 第十一十二章。目的迁移的前提是电阻定律适用（导体均匀、温度变化可忽略）；求直径时要代入圆的面积关系，不能把 S 与 d 按线性比例处理。,《2026/2027 一轮复习讲义·学生版 / 知识清单·学生版》文本判定
PHYSICS,磁感线的特点,磁感线的特点,CONCEPT,PHYSICS·综合·综合·综合,定位：PHYSICS·综合·综合。磁感线是假想曲线，既不是铁屑排列的实际轨迹，也不表示带电粒子的运动轨迹；磁感线相交意味着该点磁场方向不唯一，因此不可能出现。,《2026/2027 一轮复习讲义·学生版 / 知识清单·学生版》文本判定
PHYSICS,连接体的受力特点,连接体的受力特点,CONCEPT,物理必修第一册·第四章·牛顿运动定律,定位：物理必修第一册 第四章。作用力沿绳或弹簧方向只在其自身方向上确定；轻杆的作用力方向任意，不能一律按沿杆方向处理，这是轻杆与绳、弹簧的关键区别。,《2026/2027 一轮复习讲义·学生版 / 知识清单·学生版》文本判定
PHYSICS,滑块-摆球模型,滑块-摆球模型,CONCEPT,PHYSICS·综合·综合·综合,定位：PHYSICS·综合·综合。竖直方向动量不守恒，不能对整个系统用动量守恒定律求竖直方向的量；绳（或杆）的拉力是系统内力，但仍须先确认水平方向合外力为零这一前提。,《2026/2027 一轮复习讲义·学生版 / 知识清单·学生版》文本判定
MATH,点与圆的位置关系,点与圆的位置关系,CONCEPT,数学必修第一册·第三章·函数的概念与性质,定位：数学必修第一册 第三章。比较时要先保证方程确实表示圆（标准方程右边 r² 为正）；用一般方程判断位置关系与判断方程是否为圆（D²+E²-4F 与 0 的关系）是两件事，不能混用。,《2026/2027 一轮复习讲义·学生版 / 知识清单·学生版》文本判定
MATH,与圆有关的最值问题,与圆有关的最值问题,CONCEPT,数学必修第一册·第三章·函数的概念与性质,定位：数学必修第一册 第三章。最值在圆上取到时，要验证对应的点确实在圆上（一般由直线与圆相切或直线过圆心与圆的交点保证）；涉及两个动点的问题不能把两者的最值分别求出后简单相加。,《2026/2027 一轮复习讲义·学生版 / 知识清单·学生版》文本判定
PHYSICS,探究平抛运动的实验操作与数据处理,探究平抛运动的实验操作与数据处理,CONCEPT,物理必修第二册·第五六章·抛体运动与圆周运动,定位：物理必修第二册 第五六章。斜槽末端不水平会使小球做斜抛或沿槽滚动，实验失效；每次释放位置不同会使各次初速度不同、记录的点不在同一条轨迹上；背板不竖直会使竖直方向与坐标轴不平行。,《2026/2027 一轮复习讲义·学生版 / 知识清单·学生版》文本判定
PHYSICS,探究平抛运动的实验数据处理,探究平抛运动的实验数据处理,CONCEPT,物理必修第二册·第五六章·抛体运动与圆周运动,定位：物理必修第二册 第五六章。两种方法都要求坐标系原点取在抛出点；若坐标原点不是抛出点，y=ax² 的关系不再成立，必须按平移后的关系处理。,《2026/2027 一轮复习讲义·学生版 / 知识清单·学生版》文本判定
MATH,指数均值不等式,指数均值不等式,CONCEPT,数学必修第一册·第二章·不等式,定位：数学必修第一册 第二章。指数均值只对 a≠b 有意义（分母不为零）；使用时仍须核对极值点偏移的前提，不能对任意两点直接套用；两类均值不等式的选择取决于函数中含指数还是含对数。,《2026/2027 一轮复习讲义·学生版 / 知识清单·学生版》文本判定
MATH,解三角形常用二级结论,解三角形常用二级结论,CONCEPT,数学必修第一册·第五章·三角函数,定位：数学必修第一册 第五章。二级结论只在选择填空等无需书写过程的问题中直接使用，解答题中仍需写出定理依据；使用等差或等比条件时必须同时验证三边关系。,《2026/2027 一轮复习讲义·学生版 / 知识清单·学生版》文本判定
MATH,三角形形状的判断,三角形形状的判断,CONCEPT,数学必修第一册·第五章·三角函数,定位：数学必修第一册 第五章。必须先锁定最长边再比较，若拿非最长边作比较会得出错误结论；三边已知时应先检验能否构成三角形。,《2026/2027 一轮复习讲义·学生版 / 知识清单·学生版》文本判定
MATH,解三角形中的范围与最值问题,解三角形中的范围与最值问题,CONCEPT,数学必修第一册·第五章·三角函数,定位：数学必修第一册 第五章。用基本不等式放缩后必须回代检验等号能否成立，还要用三边关系排除无效端点；范围端点是否可取需要单独判断。,《2026/2027 一轮复习讲义·学生版 / 知识清单·学生版》文本判定
PHYSICS,单一气体多过程问题,单一气体多过程问题,CONCEPT,物理选择性必修第三册·第一至三章·热学,定位：物理选择性必修第三册 第一至三章。多过程问题必须逐过程写方程，不能只用始末两个状态一步列式；体积变化与活塞位移的关系要靠横截面积换算，注意单位统一。,《2026/2027 一轮复习讲义·学生版 / 知识清单·学生版》文本判定
PHYSICS,关联气体问题,关联气体问题,CONCEPT,物理选择性必修第三册·第一至三章·热学,定位：物理选择性必修第三册 第一至三章。各部分气体要分别使用各自的初末状态参量，不能把某一部分的状态参量套用到另一部分；移动活塞或液柱后，各部分体积的变化必须满足几何约束。,《2026/2027 一轮复习讲义·学生版 / 知识清单·学生版》文本判定
PHYSICS,探究加速度与力质量关系的实验创新,探究加速度与力质量关系的实验创新,CONCEPT,PHYSICS·综合·综合·综合,定位：PHYSICS·综合·综合。用光电门测速时要保证遮光条足够窄，使测得的平均速度接近瞬时速度；力传感器读数就是绳的拉力，不必再加“远大于”的近似条件。,《2026/2027 一轮复习讲义·学生版 / 知识清单·学生版》文本判定
PHYSICS,两类U-I图像的分析,两类U-I图像的分析,CONCEPT,PHYSICS·综合·综合·综合,定位：PHYSICS·综合·综合。图像法适用于非线性元件；对定值电阻也可以直接用闭合电路欧姆定律联立求解，两种方法结果一致。读图时注意坐标轴的物理量与单位。,《2026/2027 一轮复习讲义·学生版 / 知识清单·学生版》文本判定
MATH,二阶等差数列与图形数,二阶等差数列与图形数,CONCEPT,数学选择性必修第二册·第四章·数列,定位：数学选择性必修第二册 第四章。归纳规律时至少要写出前四项并由差数列验证，不能只凭两三项猜测；图形规律题中要看清每一项“增加”在什么位置，再确定增量。,《2026/2027 一轮复习讲义·学生版 / 知识清单·学生版》文本判定
MATH,三角形内的正切恒等式,三角形内的正切恒等式,CONCEPT,数学必修第一册·第五章·三角函数,定位：数学必修第一册 第五章。恒等式要求三个角都是三角形的内角且都不等于直角（否则正切无意义），遇到直角情形要单独讨论；由正切值判断角时要注意角的范围是零到 $\pi$。,《2026/2027 一轮复习讲义·学生版 / 知识清单·学生版》文本判定
PHYSICS,插针法测量玻璃的折射率,插针法测量玻璃的折射率,CONCEPT,物理选择性必修第一册·第四章·光学,定位：物理选择性必修第一册 第四章。图像法中斜率才是折射率，不能只取某一组数据的比值作为结果；玻璃砖两个界面必须平行；针距过小、入射角过大或过小都会增大误差。,《2026/2027 一轮复习讲义·学生版 / 知识清单·学生版》文本判定
MATH,圆的对称性,圆的对称性,CONCEPT,数学选择性必修第一册·第二三章·解析几何,定位：数学选择性必修第一册 第二三章。中心对称问题中“半径不变”是隐含条件，不必另行推导；若对称中心不是圆心，则圆心必须随之移动，不能照抄原圆心；求对称点要代中点公式而不是只看象限。,《2026/2027 一轮复习讲义·学生版 / 知识清单·学生版》文本判定
PHYSICS,探究平抛运动的实验创新与误差,探究平抛运动的实验创新与误差,CONCEPT,物理必修第二册·第五六章·抛体运动与圆周运动,定位：物理必修第二册 第五六章。斜槽是否光滑并不影响实验结论，只要小球每次都从同一位置由静止释放即可保证初速度相同，因此不能用“必须光滑”作为实验要求；坐标原点应取斜槽末端小球球心在白纸上的投影点，不能取槽口边缘。,《2026/2027 一轮复习讲义·学生版 / 知识清单·学生版》文本判定
PHYSICS,弹力有无的判断方法,弹力有无的判断方法,CONCEPT,物理必修第一册·第三章·相互作用,定位：物理必修第一册 第三章。判断弹力有无不能只看是否接触，接触面之间可能没有形变；假设法要针对同一个点、同一种状态做判断，不能与后续的受力分析混在一起；用状态法时必须先明确物体的运动状态。,《2026/2027 一轮复习讲义·学生版 / 知识清单·学生版》文本判定
PHYSICS,电场中的v-t图像,电场中的v-t图像,CONCEPT,物理必修第三册·第九十章·静电场,定位：物理必修第三册 第九十章。图线斜率对应加速度而不是速度，判断场强变化必须看斜率的变化；粒子只在电场力作用下的加速与减速由速度方向与电场力方向的关系决定，不能只由电性判断；由 v-t 图像只能定性判断电势的高低与升降，具体数值要结合动能定理或功能关系计算。,《2026/2027 一轮复习讲义·学生版 / 知识清单·学生版》文本判定
PHYSICS,自由落体与竖直上抛的相遇问题,自由落体与竖直上抛的相遇问题,CONCEPT,物理必修第一册·第二章·匀变速直线运动,定位：物理必修第一册 第二章。相遇问题的关键量是相对位移而非各自位移；判断相遇发生在上抛物体上升还是下降阶段，必须比较相遇时刻与上升时间，忽略这一步会漏解或得到不符合题意的解；两球在空中相遇要求相遇时尚未落地。,《2026/2027 一轮复习讲义·学生版 / 知识清单·学生版》文本判定
PHYSICS,电离态与电离能,电离态与电离能,CONCEPT,PHYSICS·综合·综合·综合,定位：PHYSICS·综合·综合。电离与跃迁不同：电离后电子成为自由电子、能量可取连续值；只有能量不小于电离能的入射光子才能使原子电离，多余能量转化为自由电子的动能。,《2026/2027 一轮复习讲义·学生版 / 知识清单·学生版》文本判定
PHYSICS,应用动量守恒定律的解题步骤,应用动量守恒定律的解题步骤,CONCEPT,物理选择性必修第一册·第一章·动量,定位：物理选择性必修第一册 第一章。系统动量守恒要求合外力为零；只有单一方向合外力为零时不能对整体套用守恒式；列式前必须统一正方向与参考系，否则速度正负容易出错。,《2026/2027 一轮复习讲义·学生版 / 知识清单·学生版》文本判定
PHYSICS,爆炸问题,爆炸问题,CONCEPT,物理选择性必修第一册·第一章·动量,定位：物理选择性必修第一册 第一章。爆炸过程动量并非绝对守恒，只在爆炸瞬间外力冲量可忽略时成立；爆炸后各部分的运动还需分段用运动学或能量规律处理，不能全过程用动量守恒。,《2026/2027 一轮复习讲义·学生版 / 知识清单·学生版》文本判定
PHYSICS,电学实验器材的选择,电学实验器材的选择,CONCEPT,PHYSICS·综合·综合·综合,定位：PHYSICS·综合·综合。电表量程不是越大越好，量程过大会使指针偏转太小、相对误差增大；选择时要同时满足不超量程与读数准确两个要求。,《2026/2027 一轮复习讲义·学生版 / 知识清单·学生版》文本判定
PHYSICS,实物图连接的注意事项,实物图连接的注意事项,REASONING,PHYSICS·综合·综合·综合,定位：PHYSICS·综合·综合。电流方向接反会使电表指针反偏甚至损坏；滑动变阻器接错接线柱会使滑片失去调节作用；连线时应保持开关断开。,《2026/2027 一轮复习讲义·学生版 / 知识清单·学生版》文本判定
PHYSICS,新情境问题的求解思路,新情境问题的求解思路,CONCEPT,PHYSICS·综合·综合·综合,定位：PHYSICS·综合·综合。新情境不等于新规律，所有设问最终都要落到已学的物理模型上；读长题干时先抓研究对象与物理过程，不要被背景信息干扰。,《2026/2027 一轮复习讲义·学生版 / 知识清单·学生版》文本判定
MATH,德摩根定律,德摩根定律,CONCEPT,数学必修第一册·第三章·函数的概念与性质,定位：数学必修第一册 第三章。两条公式只在同一全集下成立；取补时要把交并符号互换，只换一边是最常见的错误；空集与全集的补集也需按同一全集计算。,《2026/2027 一轮复习讲义·学生版 / 知识清单·学生版》文本判定
MATH,插项求和,插项求和,CONCEPT,数学选择性必修第二册·第四章·数列,定位：数学选择性必修第二册 第四章。插入的项必须能准确计回，否则结果偏离；要注意插入后新数列中“原项”的位置与序号变化，求和时不要错位。,《2026/2027 一轮复习讲义·学生版 / 知识清单·学生版》文本判定
MATH,公共项求和,公共项求和,CONCEPT,数学选择性必修第二册·第四章·数列,定位：数学选择性必修第二册 第四章。公共项必须同时满足两个通项公式，漏掉正整数条件是常见错误；等差与等比的公共项通常具有周期性，需要先找出周期再求和。,《2026/2027 一轮复习讲义·学生版 / 知识清单·学生版》文本判定
MATH,等角定理,等角定理,CONCEPT,数学必修第一册·第三章·函数的概念与性质,定位：数学必修第一册 第三章。结论只给出“相等或互补”两种可能，当两组边的方向一组同向、一组反向时两角互补，只有两组边方向都相同时才一定相等。,《2026/2027 一轮复习讲义·学生版 / 知识清单·学生版》文本判定
MATH,拉格朗日中值定理,拉格朗日中值定理,CONCEPT,数学必修第一册·第三章·函数的概念与性质,定位：数学必修第一册 第三章。定理要求闭区间连续与开区间可导两个条件同时满足；“至少存在一点”只保证存在性，无法确定具体位置；用它证明不等式时要注意与函数单调性、放缩方向配合使用。,《2026/2027 一轮复习讲义·学生版 / 知识清单·学生版》文本判定
MATH,判定三角形的形状,判定三角形的形状,CONCEPT,数学必修第一册·第五章·三角函数,定位：数学必修第一册 第五章。判断形状要给出完整结论，可能出现“等腰或直角三角形”这类组合；由三角恒等式化角后约去含未知角的因式前，必须先讨论它是否为零，否则会漏掉情形。,《2026/2027 一轮复习讲义·学生版 / 知识清单·学生版》文本判定
MATH,解三角形中的最值范围问题,解三角形中的最值范围问题,CONCEPT,数学必修第一册·第五章·三角函数,定位：数学必修第一册 第五章。所求范围必须与自变量的实际范围一致（如锐角三角形要求三个内角都小于 90°）；用基本不等式求得最值时要验证等号能否取到，取不到则应改用单调性求端点值。,《2026/2027 一轮复习讲义·学生版 / 知识清单·学生版》文本判定
MATH,弦长公式,弦长公式,CONCEPT,数学选择性必修第一册·第二三章·解析几何,定位：数学选择性必修第一册 第二三章。用一般弦长公式前必须确认直线斜率存在，斜率不存在时直接求两交点纵坐标之差；焦点弦公式只适用于弦过焦点（或经过准线上某定点）的情形，且需注意双曲线的分母要取绝对值；抛物线焦点弦公式中的角是直线的倾斜角，不是与渐近线的夹角。,《2026/2027 一轮复习讲义·学生版 / 知识清单·学生版》文本判定
MATH,斐波那契数列,斐波那契数列,CONCEPT,数学选择性必修第二册·第四章·数列,定位：数学选择性必修第二册 第四章。递推式用相邻两项表示，求某一项时必须逐项递推而不能直接套用等比或等差数列公式；平方和公式的下标要与项数对应；通项公式含有无理数，实际计算中常只需用递推与和的结论。,《2026/2027 一轮复习讲义·学生版 / 知识清单·学生版》文本判定
MATH,等差数列与等比数列的相互转化,等差数列与等比数列的相互转化,CONCEPT,数学选择性必修第二册·第四章·数列,定位：数学选择性必修第二册 第四章。第二条结论要求等比数列各项均为正，否则对数无意义；底数必须满足 $b>0$ 且 $b\ne 1$；公比 $q$ 必须为正数；转化只是形式变换，得到的结果要代回原数列检验。,《2026/2027 一轮复习讲义·学生版 / 知识清单·学生版》文本判定
MATH,证明等差与等比数列的方法,证明等差与等比数列的方法,CONCEPT,数学选择性必修第二册·第四章·数列,定位：数学选择性必修第二册 第四章。定义法必须对一切正整数 $n$ 成立，只验证前几项不能算证明；等比中项法与定义法都要求各项不为零；含 $S_n$ 的递推式要先消去 $S_n$（即转成 $a_n$ 的关系）再作证明；构造法求出参数后要说明新数列的类型与公比。,《2026/2027 一轮复习讲义·学生版 / 知识清单·学生版》文本判定
MATH,二次函数解析式的三种形式,二次函数解析式的三种形式,CONCEPT,数学必修第一册·第三章·函数的概念与性质,定位：数学必修第一册 第三章。三种形式都要求 $a\neq0$，否则不再是二次函数；不是所有二次函数都能写成零点式（判别式小于零时无实零点）；由形式写系数关系时要注意符号（如顶点式中顶点横坐标为 $m$，而一般式中对称轴为 $x=-\frac{b}{2a}$）。,《2026/2027 一轮复习讲义·学生版 / 知识清单·学生版》文本判定
MATH,二次函数图象的分析要点,二次函数图象的分析要点,CONCEPT,数学必修第一册·第三章·函数的概念与性质,定位：数学必修第一册 第三章。抛物线与 x 轴可能没有交点，此时“三点”中的另两点应改用其他关于对称轴对称的点；只凭开口方向不能确定图象位置，必须结合对称轴；判断系数符号时要同时考虑开口方向与对称轴位置。,《2026/2027 一轮复习讲义·学生版 / 知识清单·学生版》文本判定
MATH,二次根式的运算,二次根式的运算,CONCEPT,数学必修第一册·第三章·函数的概念与性质,定位：数学必修第一册 第三章。被开方数必须非负、分母不能为零；乘法与除法法则要求被开方数非负（除法还要求分母不为零）；加减运算必须先化成最简二次根式，只有同类二次根式才能合并；最终结果要化为最简二次根式。,《2026/2027 一轮复习讲义·学生版 / 知识清单·学生版》文本判定
MATH,根式不等式的解法,根式不等式的解法,CONCEPT,数学必修第一册·第二章·不等式,定位：数学必修第一册 第二章。平方的前提是两边都非负，右端为负时不能平方；解出的不等式必须与定义域取交集，漏掉定义域会产生增根；右端含未知数时要分类讨论，分类后各情形取并集而不是交集；被开方数非负是第一步，不能忽略。,《2026/2027 一轮复习讲义·学生版 / 知识清单·学生版》文本判定
MATH,面积射影定理,面积射影定理,CONCEPT,数学必修第一册·第五章·三角函数,定位：数学必修第一册 第五章。只适用于能求出射影面积的情形；射影必须是沿垂直于另一面的方向投影所得；由余弦值确定二面角时要判断锐角或钝角，不能只取反余弦；定理中的 θ 是二面角的平面角，不是线面角。,《2026/2027 一轮复习讲义·学生版 / 知识清单·学生版》文本判定
PHYSICS,伏伏法测电阻（电压表差值法）,伏伏法测电阻（电压表差值法）,CONCEPT,物理必修第三册·第十一十二章·恒定电流,定位：物理必修第三册 第十一十二章。要求电压表读数准确且量程匹配；串联或并联的具体接法决定了公式的形式，读数与电流的对应关系不能张冠李戴。,《2026/2027 一轮复习讲义·学生版 / 知识清单·学生版》文本判定
PHYSICS,安安法测电阻（电流表差值法）,安安法测电阻（电流表差值法）,CONCEPT,物理必修第三册·第十一十二章·恒定电流,定位：物理必修第三册 第十一十二章。必须清楚两个电流表各自测量的是哪一支路的电流；读数之差对应另一支路的电流，接法弄错会使关系式整体失效。,《2026/2027 一轮复习讲义·学生版 / 知识清单·学生版》文本判定
PHYSICS,定值电阻的妙用,定值电阻的妙用,CONCEPT,物理必修第三册·第十一十二章·恒定电流,定位：物理必修第三册 第十一十二章。定值电阻的阻值与额定电流要匹配；扩程时若电阻选得过大或过小，会使电表读数落在刻度盘的不利位置，增大读数误差。,《2026/2027 一轮复习讲义·学生版 / 知识清单·学生版》文本判定
PHYSICS,测量电源的电动势和内阻,测量电源的电动势和内阻,CONCEPT,物理必修第三册·第十一十二章·恒定电流,定位：物理必修第三册 第十一十二章。作图时应使较多数据点落在直线上，偏离较远的点不予采用；若电源内阻很小，$U-I$ 图线过于平缓，应改用其他接法或增加串联电阻后再测量。,《2026/2027 一轮复习讲义·学生版 / 知识清单·学生版》文本判定
PHYSICS,球面辐射模型,球面辐射模型,CONCEPT,PHYSICS·综合·综合·综合,定位：PHYSICS·综合·综合。只适用于点光源（或距离远大于光源尺寸）且光线垂直入射接收面的情形；若接收面与光线成角，需取有效正对面积（乘夹角的余弦）。,《2026/2027 一轮复习讲义·学生版 / 知识清单·学生版》文本判定
MATH,阿基米德三角形,阿基米德三角形,CONCEPT,数学必修第一册·第五章·三角函数,定位：数学必修第一册 第五章。使用前要确认两条切线确实存在（点在抛物线外部或弦的两端点互异）；底边过焦点时才有顶角为直角与面积最小值这些额外结论，条件不同时结论不通用。,《2026/2027 一轮复习讲义·学生版 / 知识清单·学生版》文本判定
PHYSICS,黄金代换,黄金代换,CONCEPT,PHYSICS·综合·综合·综合,定位：PHYSICS·综合·综合。易错点：把 $gR^2=GM$ 中的 $R$、$g$ 误用为卫星所在处的半径和重力加速度（应为中心天体的半径和其表面重力加速度）；忽略卫星在轨时重力加速度随高度减小；把卫星的向心加速度与地表重力加速度混为一谈。,《2026/2027 一轮复习讲义·学生版 / 知识清单·学生版》文本判定
PHYSICS,螺旋测微器的构造与读数,螺旋测微器的构造与读数,CONCEPT,物理必修第三册·第十一十二章·恒定电流,定位：物理必修第三册 第十一十二章。易错点：漏读半毫米刻度线导致结果少 0.5 mm；可动刻度未估读一位；把固定刻度数与可动刻度数相加时单位不统一；忘记修正零误差。,《2026/2027 一轮复习讲义·学生版 / 知识清单·学生版》文本判定
PHYSICS,滑块-木板模型,滑块-木板模型,CONCEPT,PHYSICS·综合·综合·综合,定位：PHYSICS·综合·综合。易错点：把板长与滑块位移混为一谈；同向运动与反向运动的位移关系写反；判断是否滑落时只用位移大小比较而忽略速度与时间关系；忘记共速后还要检验能否一起运动。,《2026/2027 一轮复习讲义·学生版 / 知识清单·学生版》文本判定
MATH,用向量坐标表示三角形的面积,用向量坐标表示三角形的面积,CONCEPT,数学必修第二册·第六章·平面向量,定位：数学必修第二册 第六章。易错点：漏掉系数 $ rac{1}{2}$；忘记取绝对值导致面积为负；用错叉乘顺序（$x_1y_2-x_2y_1$ 与 $x_2y_1-x_1y_2$ 只差一个符号，结果相同）。,《2026/2027 一轮复习讲义·学生版 / 知识清单·学生版》文本判定
MATH,棣莫弗定理与1的n次方根,棣莫弗定理与1的n次方根,CONCEPT,数学必修第一册·第三章·函数的概念与性质,定位：数学必修第一册 第三章。易错点：把棣莫弗定理中的辐角倍数与模的倍数弄混；1 的 n 次方根的辐角写成 $ rac{k\pi}{n}$ 而非 $ rac{2k\pi}{n}$；求和恒等式只在 $k\neq0$ 时成立。,《2026/2027 一轮复习讲义·学生版 / 知识清单·学生版》文本判定
MATH,坐标旋转公式,坐标旋转公式,CONCEPT,数学必修第一册·第三章·函数的概念与性质,定位：数学必修第一册 第三章。易错点：把旋转矩阵中的减号位置写错；求旋转后曲线方程时代入方向弄反（应用原坐标表示新坐标还是反过来）；顺时针旋转时忘记把 θ 取负。,《2026/2027 一轮复习讲义·学生版 / 知识清单·学生版》文本判定
MATH,奇偶项与含(-1)^n的数列求和,奇偶项与含(-1)^n的数列求和,CONCEPT,数学选择性必修第二册·第四章·数列,定位：数学选择性必修第二册 第四章。易错点：配对时把项数算错导致多算或漏算一项；求 $T_n$ 时不讨论 $n$ 的奇偶直接套用；把 $(-1)^n$ 与 $(-1)^{n+1}$ 的取值弄反。,《2026/2027 一轮复习讲义·学生版 / 知识清单·学生版》文本判定
PHYSICS,探究平抛运动的实验思路与器材,探究平抛运动的实验思路与器材,CONCEPT,物理必修第二册·第五六章·抛体运动与圆周运动,定位：物理必修第二册 第五六章。易错点：把器材的作用颠倒（如以为重垂线是用来固定斜槽）；忽略背板必须竖直这一前提；忘记复写纸要放在白纸之上才能留下印迹。,《2026/2027 一轮复习讲义·学生版 / 知识清单·学生版》文本判定
PHYSICS,能量子,能量子,CONCEPT,物理选择性必修第三册·第四五章·近代物理,定位：物理选择性必修第三册 第四五章。易错点：把 $ arepsilon=h\nu$ 中的 $\nu$ 理解为波长；认为能量子的能量与温度直接成正比（能量子由频率决定）；把普朗克常量与静电力常量等常量混淆。,《2026/2027 一轮复习讲义·学生版 / 知识清单·学生版》文本判定
PHYSICS,康普顿效应,康普顿效应,CONCEPT,物理选择性必修第三册·第四五章·近代物理,定位：物理选择性必修第三册 第四五章。易错点：认为散射光的波长一定不变或一定变小（与微粒碰撞后波长变大）；把康普顿效应说成是光电效应的同义重复（前者突出动量，后者突出能量）；认为碰撞过程中能量或动量不守恒。,《2026/2027 一轮复习讲义·学生版 / 知识清单·学生版》文本判定
MATH,二阶导数与函数的凹凸性,二阶导数与函数的凹凸性,CONCEPT,数学选择性必修第二册·第五章·函数与导数,定位：数学选择性必修第二册 第五章。易错点：把 $f''(x)=0$ 的点一律当成拐点（还需左右两侧二阶导数异号）；极值第二判定中把极大极小的符号条件记反；直接由 $f''(x)>0$ 断定原函数单调递增；忽略定义域与二阶导数不存在的点。,《2026/2027 一轮复习讲义·学生版 / 知识清单·学生版》文本判定
MATH,三角给值求值的换元法,三角给值求值的换元法,CONCEPT,数学必修第一册·第五章·三角函数,定位：数学必修第一册 第五章。易错点：换元后忘记把角的范围一并转化，导致符号判断错误；忽略所求角与已知角可能相差整数个周期；用排除法时只排除部分选项而不做代回验证。,《2026/2027 一轮复习讲义·学生版 / 知识清单·学生版》文本判定
PHYSICS,验证机械能守恒定律的创新实验,验证机械能守恒定律的创新实验,CONCEPT,物理必修第二册·第八章·机械能与能量守恒,定位：物理必修第二册 第八章。易错点：把绳的拉力当成系统外力（对系统而言拉力是内力不做功）；用单个物体的守恒式处理系统问题导致漏项；忘记遮光条宽度的测量精度限制；把有摩擦的斜轨当作光滑处理。,《2026/2027 一轮复习讲义·学生版 / 知识清单·学生版》文本判定
PHYSICS,正交分解法,正交分解法,CONCEPT,物理必修第一册·第三章·相互作用,定位：物理必修第一册 第三章。坐标轴方向选定后，各分力的正负号要与所设正方向一致；分解是等效替代，不能把原力与它的分力同时列入方程。,《2026/2027 一轮复习讲义·学生版 / 知识清单·学生版》文本判定
PHYSICS,力的合成与分解的解题步骤,力的合成与分解的解题步骤,CONCEPT,物理必修第一册·第三章·相互作用,定位：物理必修第一册 第三章。先合成还是先分解要看已知量与待求量，选错会明显增加计算量；分力是等效替代原力，不能同时考虑原力和分力；合成时夹角是两分力共点时的夹角。,《2026/2027 一轮复习讲义·学生版 / 知识清单·学生版》文本判定
PHYSICS,振动图像与波的图像的综合分析,振动图像与波的图像的综合分析,CONCEPT,物理选择性必修第一册·第二三章·机械振动与机械波,定位：物理选择性必修第一册 第二三章。波的图像是某一时刻各质点的位移，振动图像是某一质点位移随时间的变化，两者不能互换；判断传播方向时必须取同一时刻的波形与振动方向，时刻对应错误会得到相反的结论。,《2026/2027 一轮复习讲义·学生版 / 知识清单·学生版》文本判定
MATH,函数零点个数与求参问题,函数零点个数与求参问题,CONCEPT,数学选择性必修第二册·第五章·函数与导数,定位：数学选择性必修第二册 第五章。用零点存在定理判断个数时必须结合单调性，否则只能说明有零点而不能说明有几个；数形结合时要准确作图，图象形状失真会导致参数范围出错。,《2026/2027 一轮复习讲义·学生版 / 知识清单·学生版》文本判定
MATH,平面向量的正交分解,平面向量的正交分解,CONCEPT,数学必修第二册·第六章·平面向量,定位：数学必修第二册 第六章。正交分解要求两个分向量的方向互相垂直，一般的分解只要两个基向量不共线即可；正交基未必是标准正交基，只有两个基向量都是单位向量时才称为标准正交基。,《2026/2027 一轮复习讲义·学生版 / 知识清单·学生版》文本判定
PHYSICS,物理作图的基本规范,物理作图的基本规范,CONCEPT,PHYSICS·综合·综合·综合,定位：PHYSICS·综合·综合。作图不规范会使图形失去定量意义，导致读数与结论错误；画力的图示时必须先规定标度，并让参与运算的所有力使用同一标度。,《2026/2027 一轮复习讲义·学生版 / 知识清单·学生版》文本判定
MATH,向量法解平面几何问题,向量法解平面几何问题,CONCEPT,数学必修第二册·第六章·平面向量,定位：数学必修第二册 第六章。适用于边角关系明确或可直接坐标化的几何与力学情境；使用前要确认所选基底或坐标系能够表达全部条件，否则需中途更换基底。,《2026/2027 一轮复习讲义·学生版 / 知识清单·学生版》文本判定
MATH,平面向量与函数三角的综合,平面向量与函数三角的综合,CONCEPT,数学必修第二册·第六章·平面向量,定位：数学必修第二册 第六章。参数范围要由题设条件（变量的定义区间、向量的夹角范围）确定，不能只求出函数最值就结束；模长平方后的表达式要注意对称性以简化计算。,《2026/2027 一轮复习讲义·学生版 / 知识清单·学生版》文本判定
MATH,平面向量与三角形的重心,平面向量与三角形的重心,CONCEPT,数学必修第二册·第六章·平面向量,定位：数学必修第二册 第六章。重心分中线的比是 $2:1$，不要写成 $1:1$ 或 $1:2$；用坐标公式时必须把三个顶点全部代入，不能只取两个顶点求平均。,《2026/2027 一轮复习讲义·学生版 / 知识清单·学生版》文本判定
MATH,平面向量与三角形的垂心,平面向量与三角形的垂心,CONCEPT,数学必修第二册·第六章·平面向量,定位：数学必修第二册 第六章。钝角三角形的垂心在三角形外部，垂直关系仍然成立，但向量的方向与符号要结合图形判断，不能直接套用锐角三角形情形的结论。,《2026/2027 一轮复习讲义·学生版 / 知识清单·学生版》文本判定
MATH,平面向量与三角形的外心,平面向量与三角形的外心,CONCEPT,数学必修第二册·第六章·平面向量,定位：数学必修第二册 第六章。圆心角与圆周角的倍数关系要区分同一弦的两端点与第三点在同侧还是异侧，异侧时对应的是补角情形，须结合图形判断后再用。,《2026/2027 一轮复习讲义·学生版 / 知识清单·学生版》文本判定
MATH,平面向量与三角形的内心,平面向量与三角形的内心,CONCEPT,数学必修第二册·第六章·平面向量,定位：数学必修第二册 第六章。线性表示式中的系数是对边边长而不是邻边边长，最易写错；单位向量写法要先把向量除以自身模长再相加，不能直接用原向量相加。,《2026/2027 一轮复习讲义·学生版 / 知识清单·学生版》文本判定
MATH,新定义题型的一般解题策略,新定义题型的一般解题策略,CONCEPT,数学必修第一册·第三章·函数的概念与性质,定位：数学必修第一册 第三章。新定义题不能凭印象套用旧结论，每一步推理都要回到新定义的字面要求；分类讨论时要检查是否覆盖全部情形，并说明新性质与旧性质可以同时使用的理由。,《2026/2027 一轮复习讲义·学生版 / 知识清单·学生版》文本判定
MATH,一元一次不等式的解法,一元一次不等式的解法,CONCEPT,数学必修第一册·第二章·不等式,定位：数学必修第一册 第二章。最容易出错的三处是去分母时漏乘常数项、去括号时忘记变号、系数为负时忘记改变不等号方向。,《2026/2027 一轮复习讲义·学生版 / 知识清单·学生版》文本判定
MATH,多变量最值问题的解题方法,多变量最值问题的解题方法,CONCEPT,数学必修第一册·第三章·函数的概念与性质,定位：数学必修第一册 第三章。每种方法的等号成立条件都要单独验证，用不等式放缩时尤其要检查多个等号能否同时成立；消元或换元后必须写明新变量的取值范围，否则求出的最值可能取不到。,《2026/2027 一轮复习讲义·学生版 / 知识清单·学生版》文本判定
PHYSICS,回旋加速器,回旋加速器,CONCEPT,物理必修第三册·第十三章（安培力/洛伦兹力/感应定律见选择性必修第二册）·磁场与电磁感应,定位：物理必修第三册 第十三章（安培力/洛伦兹力/感应定律见选择性必修第二册）。忽略相对论效应与粒子间的相互作用；提高加速电压只能减少加速次数与总时间，不能提高粒子获得的最大动能。,《2026/2027 一轮复习讲义·学生版 / 知识清单·学生版》文本判定
PHYSICS,振动图像与波的图像,振动图像与波的图像,CONCEPT,物理选择性必修第一册·第二三章·机械振动与机械波,定位：物理选择性必修第一册 第二三章。波的图像上某质点的运动方向不能直接读出，必须由波的传播方向与波形平移判断；两张图的横坐标含义不同，不能混用。,《2026/2027 一轮复习讲义·学生版 / 知识清单·学生版》文本判定
PHYSICS,电表的使用与量程选择,电表的使用与量程选择,CONCEPT,物理必修第三册·第十一十二章·恒定电流,定位：物理必修第三册 第十一十二章。超过量程会损坏表头；指针偏转过小则相对误差大，两种情况都要重新选择量程。,《2026/2027 一轮复习讲义·学生版 / 知识清单·学生版》文本判定
PHYSICS,测量电阻率实验的电流与温度控制,测量电阻率实验的电流与温度控制,CONCEPT,物理必修第三册·第十一十二章·恒定电流,定位：物理必修第三册 第十一十二章。该要求针对金属这类正温度系数材料；半导体的电阻率随温度升高而减小，温度影响方向相反但同样会带来误差。,《2026/2027 一轮复习讲义·学生版 / 知识清单·学生版》文本判定
PHYSICS,测电阻率实验的改进方向,测电阻率实验的改进方向,CONCEPT,物理必修第三册·第十一十二章·恒定电流,定位：物理必修第三册 第十一十二章。原理改进仍要用 $R=\rho l/S$ 计算；换成电解液时要注意电极极化与液体温度对电阻率的影响，长度的取值应为两电极间的液柱长度。,《2026/2027 一轮复习讲义·学生版 / 知识清单·学生版》文本判定
PHYSICS,电阻的定义式与决定式,电阻的定义式与决定式,CONCEPT,物理必修第三册·第十一十二章·恒定电流,定位：物理必修第三册 第十一十二章。常见错误是由 $R=\frac{U}{I}$ 得出“电压越大电阻越大”或“电阻与电流成反比”；对一段确定的导体（温度不变），$U$ 与 $I$ 的比值是常数。,《2026/2027 一轮复习讲义·学生版 / 知识清单·学生版》文本判定
PHYSICS,电功与电热的关系,电功与电热的关系,CONCEPT,物理必修第二册·第八章·机械能与能量守恒,定位：物理必修第二册 第八章。只有在纯电阻电路中才能用 $I^{2}R$ 或 $U^{2}/R$ 计算总功率；含电动机的电路若电动机不转动，则仍按纯电阻电路处理。,《2026/2027 一轮复习讲义·学生版 / 知识清单·学生版》文本判定
PHYSICS,串并联电路的规律与推论,串并联电路的规律与推论,CONCEPT,物理必修第三册·第十一十二章·恒定电流,定位：物理必修第三册 第十一十二章。推论②中“小于最小的电阻”常被忽略；判断总电阻变化时不能只看一条支路，要注意并联支路的增减。,《2026/2027 一轮复习讲义·学生版 / 知识清单·学生版》文本判定
PHYSICS,电路动态分析的四种方法,电路动态分析的四种方法,CONCEPT,物理必修第三册·第十一十二章·恒定电流,定位：物理必修第三册 第十一十二章。“串反并同”的前提是电源内阻不为零，理想电源（内阻为零）时路端电压不变，结论不成立；程序法中对“固定支路”与“变化支路”的划分要先明确。,《2026/2027 一轮复习讲义·学生版 / 知识清单·学生版》文本判定
PHYSICS,含容电路的动态分析,含容电路的动态分析,CONCEPT,物理必修第三册·第十一十二章·恒定电流,定位：物理必修第三册 第十一十二章。稳定状态下电容器支路无电流，但不能认为其两端电压为零；判断极板电性时必须先确定零电势参考点，再比较两极板电势。,《2026/2027 一轮复习讲义·学生版 / 知识清单·学生版》文本判定
PHYSICS,验证机械能守恒定律实验的创新方向,验证机械能守恒定律实验的创新方向,CONCEPT,物理必修第二册·第八章·机械能与能量守恒,定位：物理必修第二册 第八章。气垫导轨仍需注意导轨是否水平、遮光条宽度对速度测量的影响；用摆动或落体验证时要明确重力势能的参考面选取与系统包含的物体。,《2026/2027 一轮复习讲义·学生版 / 知识清单·学生版》文本判定
PHYSICS,运动轨迹与运动图象的区别,运动轨迹与运动图象的区别,CONCEPT,PHYSICS·综合·综合·综合,定位：PHYSICS·综合·综合。典型错误是“x-t 图线是曲线，所以物体做曲线运动”；轨迹要通过位移方向或坐标随参数的变化判断，不能由图象形状直接断言。,《2026/2027 一轮复习讲义·学生版 / 知识清单·学生版》文本判定
PHYSICS,电势高低与电势能大小的判断方法,电势高低与电势能大小的判断方法,CONCEPT,物理必修第二册·第八章·机械能与能量守恒,定位：物理必修第二册 第八章。判断时必须同时考虑电荷的正负，否则会得出相反的结论；电势高低的比较要在同一零电势参考下进行。,《2026/2027 一轮复习讲义·学生版 / 知识清单·学生版》文本判定
MATH,函数图象的作法与识别,函数图象的作法与识别,CONCEPT,数学必修第一册·第三章·函数的概念与性质,定位：数学必修第一册 第三章。图象变换要注意“先平移后伸缩”与“先伸缩后平移”的差别；识别题中要特别检查定义域、渐近线以及与坐标轴交点等特殊位置的限制。,《2026/2027 一轮复习讲义·学生版 / 知识清单·学生版》文本判定
MATH,函数图象的应用,函数图象的应用,CONCEPT,数学必修第一册·第三章·函数的概念与性质,定位：数学必修第一册 第三章。图象解法适合能作出准确草图的函数；含参问题要注意参数变化时图象的临界位置（相切、过定点），解的个数往往在这些位置发生改变。,《2026/2027 一轮复习讲义·学生版 / 知识清单·学生版》文本判定
MATH,已知函数零点求参数的方法,已知函数零点求参数的方法,CONCEPT,数学选择性必修第二册·第五章·函数与导数,定位：数学选择性必修第二册 第五章。转化时必须保证两边的变形是同解变形（不能两边约去含参数的因式或平方）；分离参数时要注意函数的最值是否存在、能否取到。,《2026/2027 一轮复习讲义·学生版 / 知识清单·学生版》文本判定
MATH,计数原理的推广形式,计数原理的推广形式,CONCEPT,数学选择性必修第三册·第六章·计数原理,定位：数学选择性必修第三册 第六章。推广形式只是把类数与步数一般化，判断“该用加法还是乘法”的依据不变；复杂问题通常先分类再分步，两类原理要配合使用。,《2026/2027 一轮复习讲义·学生版 / 知识清单·学生版》文本判定
MATH,实系数一元二次方程的根与韦达定理,实系数一元二次方程的根与韦达定理,CONCEPT,数学必修第一册·第三章·函数的概念与性质,定位：数学必修第一册 第三章。使用韦达定理前要先确认方程是实系数方程（否则“共轭也是根”不成立）；求含根的对称式（如两根的平方和、倒数和）时，注意把它们化为和与积的组合。,《2026/2027 一轮复习讲义·学生版 / 知识清单·学生版》文本判定
MATH,平面向量压轴题的破题思路,平面向量压轴题的破题思路,CONCEPT,数学必修第二册·第六章·平面向量,定位：数学必修第二册 第六章。三类障碍的应对要提前判断，避免拿到题就盲目建系；模型选择不当会使计算量成倍增加，但任何路径都必须保证代数推导严谨。,《2026/2027 一轮复习讲义·学生版 / 知识清单·学生版》文本判定
MATH,平面向量模型的识别与选用,平面向量模型的识别与选用,CONCEPT,数学必修第二册·第六章·平面向量,定位：数学必修第二册 第六章。各模型都有其适用图形特征，混用会导致条件不足或计算繁复；坐标法要注意建系的合理性与各点坐标的准确性，基底法要保证所选基底不共线。,《2026/2027 一轮复习讲义·学生版 / 知识清单·学生版》文本判定
MATH,割补法求空间几何体的体积,割补法求空间几何体的体积,CONCEPT,数学必修第二册·第八章（空间向量见选择性必修第一册）·立体几何,定位：数学必修第二册 第八章（空间向量见选择性必修第一册）。补形必须保证原几何体是新几何体的一部分且相关长度对应准确；割补前后要写清体积关系是相减还是相加，避免重复计算或漏算。,《2026/2027 一轮复习讲义·学生版 / 知识清单·学生版》文本判定
PHYSICS,电学实验设计的“三原则”与仪器选择,电学实验设计的“三原则”与仪器选择,CONCEPT,PHYSICS·综合·综合·综合,定位：PHYSICS·综合·综合。三条原则的顺序是先安全再精确最后可调——量程不足会损坏器材，量程过大则读数误差大；滑动变阻器的选择要与所选接法（分压式或限流式）配套判断。,《2026/2027 一轮复习讲义·学生版 / 知识清单·学生版》文本判定
PHYSICS,实物连线的注意事项,实物连线的注意事项,REASONING,PHYSICS·综合·综合·综合,定位：PHYSICS·综合·综合。实物图中滑动变阻器的接线柱接法是常见的失分点：分压式要接三个接线柱（含下端两个与上端一个），限流式接一上一下两个接线柱，接线错误会使电路功能与原理图不符。,《2026/2027 一轮复习讲义·学生版 / 知识清单·学生版》文本判定
MATH,两个计数原理的综合应用,两个计数原理的综合应用,CONCEPT,数学选择性必修第三册·第六章·计数原理,定位：数学选择性必修第三册 第六章。不要在分类过程中混入分步、或在分步过程中混入分类，否则会出现重复计数或漏计；用了“正难则反”的补集思想时，要注意总数与排除部分的口径一致。,《2026/2027 一轮复习讲义·学生版 / 知识清单·学生版》文本判定
MATH,排列与组合的区别,排列与组合的区别,CONCEPT,数学选择性必修第三册·第六章·计数原理,定位：数学选择性必修第三册 第六章。题目字面出现“分别、不同职务”等词通常提示排列，但没有这类词时要以“交换顺序是否改变结果”为准；同一情境内部可能同时含排列与组合（如取数相乘是组合、取数相除是排列），要分开判断。,《2026/2027 一轮复习讲义·学生版 / 知识清单·学生版》文本判定
MATH,排列组合的常用方法,排列组合的常用方法,CONCEPT,数学选择性必修第三册·第六章·计数原理,定位：数学选择性必修第三册 第六章。分步相乘、分类相加不能混；捆绑后必须再乘内部排列数；插空时要先排不受限制的元素，否则会把限制条件破坏。,《2026/2027 一轮复习讲义·学生版 / 知识清单·学生版》文本判定
MATH,排列组合的解题途径,排列组合的解题途径,CONCEPT,数学选择性必修第三册·第六章·计数原理,定位：数学选择性必修第三册 第六章。三种途径只是切入点不同，结论必须一致，算完可用另一种途径验算；间接法减去的必须是不符合条件的全部情形，漏掉任何一类都会出错。,《2026/2027 一轮复习讲义·学生版 / 知识清单·学生版》文本判定
MATH,捆绑法与插空法,捆绑法与插空法,CONCEPT,数学选择性必修第三册·第六章·计数原理,定位：数学选择性必修第三册 第六章。捆绑后不能忘记乘内部排列数 $A_k^k$；插空时先排的元素必须是没有任何相邻限制的那些，否则空隙结构被破坏；插空的可选空隙数是其余元素个数加一，元素不够时（$m>n-m+1$）无解。,《2026/2027 一轮复习讲义·学生版 / 知识清单·学生版》文本判定
PHYSICS,去返模型,去返模型,CONCEPT,PHYSICS·综合·综合·综合,定位：PHYSICS·综合·综合。斜面光滑时 $a_1=a_2$，时间与速率都相等，这是特例；有摩擦时必须分别用牛顿第二定律求两个加速度，不能默认上滑与下滑对称；位移相等但路程是 $2x$。,《2026/2027 一轮复习讲义·学生版 / 知识清单·学生版》文本判定
PHYSICS,刹车模型（含反应时间）,刹车模型（含反应时间）,CONCEPT,物理必修第一册·第二章·匀变速直线运动,定位：物理必修第一册 第二章。反应时间内汽车做匀速运动，不能把整段当作匀减速；制动距离与 $v_0^2$ 成正比而非与 $v_0$ 成正比；题目中的“制动距离”有的已包含反应距离，要看清定义再列式。,《2026/2027 一轮复习讲义·学生版 / 知识清单·学生版》文本判定
PHYSICS,磁感线,磁感线,CONCEPT,PHYSICS·综合·综合·综合,定位：PHYSICS·综合·综合。磁感线是人为引入的描述工具，不是真实存在的线；磁感线闭合且不相交，与静电场中起于正电荷、止于负电荷的电场线不同；用疏密比较强弱只能是定性的。,《2026/2027 一轮复习讲义·学生版 / 知识清单·学生版》文本判定
PHYSICS,安培定则,安培定则,CONCEPT,物理必修第三册·第十三章（安培力/洛伦兹力/感应定律见选择性必修第二册）·磁场与电磁感应,定位：物理必修第三册 第十三章（安培力/洛伦兹力/感应定律见选择性必修第二册）。安培定则（右手）用于电生磁，左手定则用于磁场对电流、运动电荷的作用，两条定则不能混用；螺线管内部磁感线由 S 极指向 N 极、外部由 N 极指向 S 极，判断时要说明是管内还是管外。,《2026/2027 一轮复习讲义·学生版 / 知识清单·学生版》文本判定
PHYSICS,实重与视重,实重与视重,CONCEPT,PHYSICS·综合·综合·综合,定位：PHYSICS·综合·综合。视重是“示数”，不是物体受到的重力；实重在任何运动状态下都不变；列牛顿第二定律方程时应对物体作受力分析，不能把视重当重力代入。,《2026/2027 一轮复习讲义·学生版 / 知识清单·学生版》文本判定
PHYSICS,电磁感应中的电容器问题,电磁感应中的电容器问题,CONCEPT,物理必修第三册·第九十章·静电场,定位：物理必修第三册 第九十章。上面的关系式中忽略了回路电阻，电流完全由电容器的充放电决定；有电阻时电流由电压差与电阻共同决定，处理方法不同；“最大速度”对应电容器电压与棒电动势相等、电流为零的时刻。,《2026/2027 一轮复习讲义·学生版 / 知识清单·学生版》文本判定
MATH,杨辉三角的性质,杨辉三角的性质,CONCEPT,数学必修第一册·第五章·三角函数,定位：数学必修第一册 第五章。两条性质都建立在杨辉三角的标准排列（第 n 行是 $C_n^0$ 到 $C_n^n$）之上；用性质一时要数清“斜线上取了几项”，项数不对会导致下标出错。,《2026/2027 一轮复习讲义·学生版 / 知识清单·学生版》文本判定
MATH,帕德近似,帕德近似,CONCEPT,数学选择性必修第二册·第五章·函数与导数,定位：数学选择性必修第二册 第五章。定义要求分母在 $x=0$ 处的值为 1（常数项归一），否则系数不唯一；匹配的是 $x=0$ 处的各阶导数，换到其他点逼近时形式要随之改变；近似式只在原点附近有效，远离原点时误差可能很大。,《2026/2027 一轮复习讲义·学生版 / 知识清单·学生版》文本判定
PHYSICS,放射性同位素及其应用,放射性同位素及其应用,CONCEPT,PHYSICS·综合·综合·综合,定位：PHYSICS·综合·综合。易错：人工放射性同位素与天然放射性元素遵循相同的衰变规律，其半衰期同样不随外界条件改变；示踪原子利用的是射线可被探测从而指示标记原子位置的特性，并不能改变物质的化学性质。,《2026/2027 一轮复习讲义·学生版 / 知识清单·学生版》文本判定
PHYSICS,匀强磁场中原子核衰变轨迹模型,匀强磁场中原子核衰变轨迹模型,CONCEPT,物理必修第三册·第十三章（安培力/洛伦兹力/感应定律见选择性必修第二册）·磁场与电磁感应,定位：物理必修第三册 第十三章（安培力/洛伦兹力/感应定律见选择性必修第二册）。只适用于忽略重力、且两粒子速度方向与磁场垂直的情形；内外切结论依赖带电性质与磁场方向，磁场反向或粒子带电性质不同时须重新分析受力与圆心位置。,《2026/2027 一轮复习讲义·学生版 / 知识清单·学生版》文本判定
PHYSICS,多用电表的结构与刻度盘,多用电表的结构与刻度盘,CONCEPT,物理必修第三册·第十一十二章·恒定电流,定位：物理必修第三册 第十一十二章。易错：机械调零与欧姆调零是两个不同的旋钮，机械调零在测量前使指针指左端 0，欧姆调零在测电阻前使指针指右端电阻 0；表盘电阻刻度 0 在右、$\infty$ 在左，与电流电压刻度方向相反。,《2026/2027 一轮复习讲义·学生版 / 知识清单·学生版》文本判定
PHYSICS,斜面模型,斜面模型,CONCEPT,PHYSICS·综合·综合·综合,定位：PHYSICS·综合·综合。易错：$\mu\ge\tan\theta$ 时物块能否起动还要看初始条件；加速下滑与减速上滑的加速度表达式不同，判断时要先明确速度方向；有外加力作用时上述结论不再直接适用，需要重新受力分析。,《2026/2027 一轮复习讲义·学生版 / 知识清单·学生版》文本判定
PHYSICS,斜面体受地面摩擦力的判断,斜面体受地面摩擦力的判断,CONCEPT,物理必修第一册·第三章·相互作用,定位：物理必修第一册 第三章。易错：地面对斜面体有无摩擦力不能凭直觉判断，必须由物块对斜面体作用力的合力方向确定；压力与摩擦力等比例增大、合力方向不变这一结论只在 $\mu=\tan\beta$ 时成立。,《2026/2027 一轮复习讲义·学生版 / 知识清单·学生版》文本判定
PHYSICS,连接体间内力的求解,连接体间内力的求解,CONCEPT,物理必修第一册·第四章·牛顿运动定律,定位：物理必修第一册 第四章。易错：弹簧形变过程中两端连接体速率不一定相等，只有形变量最大时速率才相等；绳连接的两物体沿绳方向速度相等，但不能把这个结论推广到任意方向；内力大小与斜面粗糙程度无关的结论要求两物体材料相同且一起做匀加速运动。,《2026/2027 一轮复习讲义·学生版 / 知识清单·学生版》文本判定
PHYSICS,带电粒子在分离的电场、磁场中的运动形式,带电粒子在分离的电场、磁场中的运动形式,CONCEPT,物理必修第三册·第九十章·静电场,定位：物理必修第三册 第九十章。易错：磁场中只有速度方向与磁场不平行时才受洛伦兹力，速度与磁场平行时做匀速直线运动；洛伦兹力不做功，不能改变粒子的速度大小；螺旋运动与电场中的类平抛运动性质完全不同，不能套用同一套公式。,《2026/2027 一轮复习讲义·学生版 / 知识清单·学生版》文本判定
PHYSICS,磁场与磁场的组合模型,磁场与磁场的组合模型,CONCEPT,物理必修第三册·第十三章（安培力/洛伦兹力/感应定律见选择性必修第二册）·磁场与电磁感应,定位：物理必修第三册 第十三章（安培力/洛伦兹力/感应定律见选择性必修第二册）。易错：两磁场中速度大小不变但方向改变，半径与周期不同；进入第二磁场时的速度方向必须由第一段圆弧的几何关系求出；若磁场边界不与速度垂直，需要先分解速度，不能直接套用圆心共线的结论。,《2026/2027 一轮复习讲义·学生版 / 知识清单·学生版》文本判定
PHYSICS,打点计时器,打点计时器,CONCEPT,PHYSICS·综合·综合·综合,定位：PHYSICS·综合·综合。易错：两种打点计时器的工作电压不同，电磁式为 4 至 6 V、电火花式为 220 V，不能混淆；两者都使用交流电源；电源频率改变时打点的时间间隔随之改变，不能一律按 0.02 s 计算。,《2026/2027 一轮复习讲义·学生版 / 知识清单·学生版》文本判定
PHYSICS,探究小车速度随时间变化规律的实验原理与步骤,探究小车速度随时间变化规律的实验原理与步骤,CONCEPT,PHYSICS·综合·综合·综合,定位：PHYSICS·综合·综合。易错：必须“先接通电源、后释放小车”，否则纸带开头没有点迹；小车应从靠近打点计时器的位置释放，以充分利用纸带长度；选纸带时应选点迹清晰的，并舍弃开头密集的部分。,《2026/2027 一轮复习讲义·学生版 / 知识清单·学生版》文本判定
PHYSICS,计时点与计数点,计时点与计数点,CONCEPT,PHYSICS·综合·综合·综合,定位：PHYSICS·综合·综合。易错：“每 5 个点取一个计数点”与“每隔 4 个点取一个计数点”容易混淆，两者时间间隔都是 0.1 s；把计数点间隔当成 0.02 s 代入公式会导致速度与加速度的计算错误。,《2026/2027 一轮复习讲义·学生版 / 知识清单·学生版》文本判定
PHYSICS,三个自由点电荷的平衡模型,三个自由点电荷的平衡模型,CONCEPT,物理必修第一册·第三章·相互作用,定位：物理必修第一册 第三章。易错：三个自由点电荷平衡时两侧电荷同号、中间电荷与它们异号；若外侧两电荷异号则无法平衡；有外力作用时上述结论不成立，需要按一般受力平衡问题处理。,《2026/2027 一轮复习讲义·学生版 / 知识清单·学生版》文本判定
PHYSICS,等量同种与等量异种点电荷的电场分布,等量同种与等量异种点电荷的电场分布,CONCEPT,物理必修第三册·第九十章·静电场,定位：物理必修第三册 第九十章。易错：等量同种点电荷连线中点的场强为零但电势不为零；等量异种点电荷连线中点的场强不为零而电势与无穷远处相同；连线中点的场强大小与中垂线上场强最大的位置是两个不同的位置，不能互相替代。,《2026/2027 一轮复习讲义·学生版 / 知识清单·学生版》文本判定
PHYSICS,应用光的折射定律解题的一般思路,应用光的折射定律解题的一般思路,CONCEPT,物理选择性必修第一册·第四章·光学,定位：物理选择性必修第一册 第四章。易错：入射角与折射角都是光线与法线的夹角，不能与界面的夹角混用；作图时法线必须垂直于界面；折射率由介质本身决定，改变入射角时折射率不变而折射角改变。,《2026/2027 一轮复习讲义·学生版 / 知识清单·学生版》文本判定
PHYSICS,光导纤维与全反射棱镜,光导纤维与全反射棱镜,CONCEPT,物理选择性必修第一册·第四章·光学,定位：物理选择性必修第一册 第四章。易错：光纤中能发生全反射的前提是内芯折射率大于外套折射率，因此光从内芯射向界面；全反射棱镜改变光路依靠全反射而不是镜面反射；水下的灯不能照亮整个水面是由于部分光线仍能折射出水面。,《2026/2027 一轮复习讲义·学生版 / 知识清单·学生版》文本判定
PHYSICS,多物体系统机械能守恒的情景,多物体系统机械能守恒的情景,CONCEPT,物理必修第二册·第八章·机械能与能量守恒,定位：物理必修第二册 第八章。易错：杆连接时单个物体的机械能一般不守恒，但系统的机械能可以守恒；角速度相等不等于线速度相等；关联速度问题中必须沿绳或杆的方向分解，不能直接认为两物体速度相等。,《2026/2027 一轮复习讲义·学生版 / 知识清单·学生版》文本判定
MATH,三角形中的射影定理与正切恒等式,三角形中的射影定理与正切恒等式,CONCEPT,数学必修第一册·第五章·三角函数,定位：数学必修第一册 第五章。易错：射影定理中各边与角的对应关系容易写乱，要结合图形逐一确认；正切恒等式只适用于三个角的正切值都存在的情形，直角三角形中不能使用；三角形内角的正切可能为负值，讨论时要留意符号。,《2026/2027 一轮复习讲义·学生版 / 知识清单·学生版》文本判定
MATH,解三角形中的常用结论,解三角形中的常用结论,CONCEPT,数学必修第一册·第五章·三角函数,定位：数学必修第一册 第五章。易错：由 $\sin(A+B)=\sin C$ 不能推得 $A+B=C$；内角成等差数列的等价条件是中间的角为 $60^\circ$，要先确定哪个角在中间；边角互化时每一步都应保持等价，避免漏解或增解。,《2026/2027 一轮复习讲义·学生版 / 知识清单·学生版》文本判定
PHYSICS,电路总电阻的变化规律,电路总电阻的变化规律,CONCEPT,物理必修第三册·第十一十二章·恒定电流,定位：物理必修第三册 第十一十二章。易错：并联支路增多时总电阻减小而不是增大；两个电阻并联后的总电阻小于其中任何一个电阻；串联部分与并联部分的变化对总电阻的影响要分别判断，不能一律认为只要电阻增大总电阻就一定增大。,《2026/2027 一轮复习讲义·学生版 / 知识清单·学生版》文本判定
MATH,对数不等式的解法,对数不等式的解法,CONCEPT,数学必修第一册·第二章·不等式,定位：数学必修第一册 第二章。易错：忽略真数大于零的条件是最常见的错误，会使解集包含增解；底数小于 $1$ 时必须改变不等号的方向；换底后要保证新底数大于零且不等于 $1$；结果必须写成所有条件公共部分的形式。,《2026/2027 一轮复习讲义·学生版 / 知识清单·学生版》文本判定
PHYSICS,测速度与加速度的实验拓展创新,测速度与加速度的实验拓展创新,CONCEPT,PHYSICS·综合·综合·综合,定位：PHYSICS·综合·综合。易错：改进实验中时间间隔的确定是关键，用光电门时要用遮光条宽度除以挡光时间求平均速度；用频闪照相或滴水法时要先由频闪频率或滴水周期算出时间间隔，不能沿用 0.02 s；用图像法求加速度时要先明确图线的物理意义再求斜率。,《2026/2027 一轮复习讲义·学生版 / 知识清单·学生版》文本判定
PHYSICS,等效电源,等效电源,CONCEPT,物理必修第三册·第十一十二章·恒定电流,定位：物理必修第三册 第十一十二章。易错：等效只对所讨论的两端外部电路成立，等效后不能再讨论原电路内部各元件的功率；等效电动势与内阻必须由断路电压与短路电流确定，不能随意替换；等效电源法适用于线性电路，含非线性元件时要配合图像法。,《2026/2027 一轮复习讲义·学生版 / 知识清单·学生版》文本判定
PHYSICS,电源与电阻的U-I图像（工作点）,电源与电阻的U-I图像（工作点）,CONCEPT,物理必修第三册·第十一十二章·恒定电流,定位：物理必修第三册 第十一十二章。易错：非线性元件的电阻随温度或电压变化，不能用某一固定阻值代入计算；读图时要注意坐标轴的标度与单位；求实际功率必须用交点坐标的乘积而不是最大功率公式。,《2026/2027 一轮复习讲义·学生版 / 知识清单·学生版》文本判定
MATH,多边形解三角形,多边形解三角形,CONCEPT,数学必修第一册·第五章·三角函数,定位：数学必修第一册 第五章。确定三角形的选择很关键，应优先选已知条件最多的那个；同一条边在两个三角形中的角色不同，注意区分已知与待求。,《2026/2027 一轮复习讲义·学生版 / 知识清单·学生版》文本判定
MATH,曼哈顿距离,曼哈顿距离,CONCEPT,数学选择性必修第一册·第二三章·解析几何,定位：数学选择性必修第一册 第二三章。曼哈顿距离不是两点间距离公式中的欧氏距离；求最值时不能直接平方，必须处理绝对值分段。,《2026/2027 一轮复习讲义·学生版 / 知识清单·学生版》文本判定
PHYSICS,重心,重心,CONCEPT,PHYSICS·综合·综合·综合,定位：PHYSICS·综合·综合。质量分布均匀且形状规则的物体重心在几何中心；形状不规则或质量分布不均匀时必须用实验方法确定，认为重心一定在物体上是错误的。,《2026/2027 一轮复习讲义·学生版 / 知识清单·学生版》文本判定
MATH,圆中的范围与最值问题,圆中的范围与最值问题,CONCEPT,数学必修第一册·第三章·函数的概念与性质,定位：数学必修第一册 第三章。各类题型都要注意等号能否取到（一般对应相切的位置）；斜率型问题中定点在圆上时需讨论斜率不存在的情形，避免漏解。,《2026/2027 一轮复习讲义·学生版 / 知识清单·学生版》文本判定
MATH,高次方程根与系数的关系,高次方程根与系数的关系,CONCEPT,数学必修第一册·第三章·函数的概念与性质,定位：数学必修第一册 第三章。三式分别对应一次项之和、两两乘积之和与三数之积，符号要与次数一一对应，尤其是常数项对应的是 -d/a，容易漏掉负号；韦达定理对重根、复根同样成立（重根按重数计）；使用前要确认最高次项系数不为零。,《2026/2027 一轮复习讲义·学生版 / 知识清单·学生版》文本判定
PHYSICS,中间位置的瞬时速度,中间位置的瞬时速度,CONCEPT,PHYSICS·综合·综合·综合,定位：PHYSICS·综合·综合。两个速度对应的位置不同：$v_{t/2}$ 对应时间中点，$v_{x/2}$ 对应位移中点，求错位置会导致整体结果出错。,《2026/2027 一轮复习讲义·学生版 / 知识清单·学生版》文本判定
PHYSICS,探究加速度与力、质量的关系实验,探究加速度与力、质量的关系实验,CONCEPT,PHYSICS·综合·综合·综合,定位：PHYSICS·综合·综合。两个前提不能遗漏：一是必须补偿阻力，二是必须满足槽码质量远小于小车质量，否则拉力与槽码重力相差较大，图像会出现异常。,《2026/2027 一轮复习讲义·学生版 / 知识清单·学生版》文本判定
PHYSICS,小船过河模型,小船过河模型,CONCEPT,PHYSICS·综合·综合·综合,定位：PHYSICS·综合·综合。时间最短与位移最短不能同时实现：船头垂直河岸时时间最短但会漂向下游；要位移最短必须让船头偏向上游，渡河时间会变长。,《2026/2027 一轮复习讲义·学生版 / 知识清单·学生版》文本判定
MATH,圆锥曲线中直线过定点问题,圆锥曲线中直线过定点问题,CONCEPT,数学选择性必修第一册·第二三章·解析几何,定位：数学选择性必修第一册 第二三章。非对称韦达关系（$x_1+x_2$ 与 $x_1x_2$ 不成比例）不能直接代入对称式，必须先利用条件把它们化为倍数关系；求定点时若忽略斜率不存在的特殊情形，答案会不完整。,《2026/2027 一轮复习讲义·学生版 / 知识清单·学生版》文本判定
PHYSICS,测量动摩擦因数的实验方法,测量动摩擦因数的实验方法,CONCEPT,物理必修第一册·第三章·相互作用,定位：物理必修第一册 第三章。拉木板法要求木块保持静止、细绳水平且与木板平行，测力计读数才是滑动摩擦力；用牛顿第二定律或动能定理测量时，需要测准加速度或速度与位移，否则误差会明显放大。,《2026/2027 一轮复习讲义·学生版 / 知识清单·学生版》文本判定
PHYSICS,电场中的v-t图像分析,电场中的v-t图像分析,CONCEPT,物理必修第三册·第九十章·静电场,定位：物理必修第三册 第九十章。由斜率判断的是加速度（合力）方向而不是电场方向，必须先明确电荷的正负；速度为零的时刻加速度不一定为零，不能由速度为零判断场强为零。,《2026/2027 一轮复习讲义·学生版 / 知识清单·学生版》文本判定
MATH,复数相等的充要条件,复数相等的充要条件,CONCEPT,数学必修第一册·第一章·集合与常用逻辑用语,定位：数学必修第一册 第一章。该条件要求两边均已化成标准形式且实部、虚部都是实数；列方程时实部对实部、虚部对虚部，解出的参数要代回原式检验。,《2026/2027 一轮复习讲义·学生版 / 知识清单·学生版》文本判定
PHYSICS,合力与加速度速度的决定关系,合力与加速度速度的决定关系,CONCEPT,物理必修第一册·第三章·相互作用,定位：物理必修第一册 第三章。加速度大小与速度大小没有必然联系；判断加速还是减速要看合力与速度方向的关系；合力为零时加速度为零但速度不一定为零。,《2026/2027 一轮复习讲义·学生版 / 知识清单·学生版》文本判定
PHYSICS,安培力作用下导体运动情况的判定方法,安培力作用下导体运动情况的判定方法,CONCEPT,物理必修第三册·第十三章（安培力/洛伦兹力/感应定律见选择性必修第二册）·磁场与电磁感应,定位：物理必修第三册 第十三章（安培力/洛伦兹力/感应定律见选择性必修第二册）。等效法要求等效前后磁场分布一致；结论法只适用于直线电流之间的相互作用；转换研究对象时要注意力的方向与作用对象。,《2026/2027 一轮复习讲义·学生版 / 知识清单·学生版》文本判定
MATH,解三角形中周长最值的求法,解三角形中周长最值的求法,CONCEPT,数学必修第一册·第五章·三角函数,定位：数学必修第一册 第五章。化为角求最值时必须结合角的真实取值范围，不能默认角可以任意取值；用基本不等式时要检验等号能否成立；锐角三角形的条件会缩小角的范围。,《2026/2027 一轮复习讲义·学生版 / 知识清单·学生版》文本判定
MATH,有限制条件的排列问题,有限制条件的排列问题,CONCEPT,数学选择性必修第三册·第六章·计数原理,定位：数学选择性必修第三册 第六章。捆绑后必须乘内部排列数；插空要先排其他元素；两组元素各不相邻时要先判断空位是否够用；含相同元素时不能按全排列直接计数。,《2026/2027 一轮复习讲义·学生版 / 知识清单·学生版》文本判定
MATH,分组与分配问题的计数,分组与分配问题的计数,CONCEPT,数学选择性必修第三册·第六章·计数原理,定位：数学选择性必修第三册 第六章。平均分组无归属时必须除以组数的阶乘，否则会重复计数；有归属与无归属的差别在于对象是否可分辨；非平均分组一般不用除以阶乘。,《2026/2027 一轮复习讲义·学生版 / 知识清单·学生版》文本判定
MATH,圆锥曲线中的向量条件转化,圆锥曲线中的向量条件转化,CONCEPT,数学选择性必修第一册·第二三章·解析几何,定位：数学选择性必修第一册 第二三章。共线条件写成坐标形式时交叉相乘的顺序不能颠倒；数量积为零就是对应坐标乘积之和为零；使用韦达定理前要检验判别式大于零。,《2026/2027 一轮复习讲义·学生版 / 知识清单·学生版》文本判定
MATH,爪形三角形问题的解题策略,爪形三角形问题的解题策略,CONCEPT,数学必修第一册·第五章·三角函数,定位：数学必修第一册 第五章。用三角方程法时要注意角度范围，二次方程的根要取舍；建系后要保证各条件的坐标表示正确；特殊值法只用于选择题排除，不能作为解答题依据。,《2026/2027 一轮复习讲义·学生版 / 知识清单·学生版》文本判定
MATH,直线的倾斜角与斜率,直线的倾斜角与斜率,CONCEPT,数学必修第一册·第三章·函数的概念与性质,定位：数学必修第一册 第三章。倾斜角范围是左闭右开区间；斜率公式要求两点横坐标不相等；判定平行时必须排除两直线重合；两条直线斜率都不存在时不能比较斜率乘积。,《2026/2027 一轮复习讲义·学生版 / 知识清单·学生版》文本判定
MATH,解三角形图形类问题的解题方法,解三角形图形类问题的解题方法,CONCEPT,数学必修第一册·第五章·三角函数,定位：数学必修第一册 第五章。方法取舍取决于图中给出的是边的关系还是角的关系；作辅助线不能改变原图形的已知条件；建系时要选择合适的原点与坐标轴。,《2026/2027 一轮复习讲义·学生版 / 知识清单·学生版》文本判定
MATH,求函数解析式的常用方法,求函数解析式的常用方法,CONCEPT,数学必修第一册·第三章·函数的概念与性质,定位：数学必修第一册 第三章。换元后必须写清新元的取值范围；待定系数法要先设对函数类型；消元法必须构造出另一个方程才能联立。,《2026/2027 一轮复习讲义·学生版 / 知识清单·学生版》文本判定
PHYSICS,圆周运动与平抛运动的综合问题,圆周运动与平抛运动的综合问题,CONCEPT,物理必修第二册·第五六章·抛体运动与圆周运动,定位：物理必修第二册 第五六章。只适用于忽略空气阻力、重力加速度恒定的情形；圆周运动的周期性会带来多解，需结合题设条件筛选。,《2026/2027 一轮复习讲义·学生版 / 知识清单·学生版》文本判定
MATH,一元二次方程根的判定与韦达定理,一元二次方程根的判定与韦达定理,CONCEPT,数学必修第一册·第三章·函数的概念与性质,定位：数学必修第一册 第三章。使用韦达定理的前提是方程有实数根；讨论根的情况前必须先确认二次项系数不为零，漏掉任一条件都会扩大参数范围。,《2026/2027 一轮复习讲义·学生版 / 知识清单·学生版》文本判定
MATH,二次函数的解析式与图象性质,二次函数的解析式与图象性质,CONCEPT,数学必修第一册·第三章·函数的概念与性质,定位：数学必修第一册 第三章。二次项系数不为零是前提；对称轴与顶点公式由一般式直接给出，用另外两种形式时要先化为对应形式再比较。,《2026/2027 一轮复习讲义·学生版 / 知识清单·学生版》文本判定
MATH,导数中的整数解问题,导数中的整数解问题,CONCEPT,数学选择性必修第二册·第五章·函数与导数,定位：数学选择性必修第二册 第五章。分离参数时要讨论所除式子的符号；端点值的取舍必须回代检验，整数解的个数对区间端点十分敏感。,《2026/2027 一轮复习讲义·学生版 / 知识清单·学生版》文本判定
PHYSICS,简谐运动的图像与对称性,简谐运动的图像与对称性,CONCEPT,物理选择性必修第一册·第二三章·机械振动与机械波,定位：物理选择性必修第一册 第二三章。速度方向要看切线斜率的正负，不能只看位移的大小；位移等大反向时速度也反向，只有位移完全相同的两个时刻速度才完全相同；对称性结论只对做简谐运动的振子成立。,《2026/2027 一轮复习讲义·学生版 / 知识清单·学生版》文本判定
PHYSICS,类单摆模型与等效重力加速度,类单摆模型与等效重力加速度,CONCEPT,物理必修第二册·第七章·万有引力与宇宙航行,定位：物理必修第二册 第七章。等效重力加速度取的是沿摆线方向的等效场强，方向不同时不能直接用 g 加或减；斜面情形要求摆线平行于斜面且斜面光滑；等效摆长仍要取悬点到球心的距离，圆弧情形取半径 R。,《2026/2027 一轮复习讲义·学生版 / 知识清单·学生版》文本判定
MATH,三角函数零点问题的解法,三角函数零点问题的解法,CONCEPT,数学选择性必修第二册·第五章·函数与导数,定位：数学选择性必修第二册 第五章。求零点个数时必须先确定自变量的区间并明确端点的取值是否计入；把零点问题转化为方程解的问题后，还要检验解是否落在给定区间内；含参数的零点问题要结合函数图象的端点值分类讨论。,《2026/2027 一轮复习讲义·学生版 / 知识清单·学生版》文本判定
MATH,三角函数极值点问题的解法,三角函数极值点问题的解法,CONCEPT,数学必修第一册·第五章·三角函数,定位：数学必修第一册 第五章。导数为零的点不一定是极值点，必须再判断导数在该点两侧的符号是否相反；极值点是横坐标而不是点坐标；只在给定区间内讨论时必须检查区间端点是否包含在讨论范围内。,《2026/2027 一轮复习讲义·学生版 / 知识清单·学生版》文本判定
MATH,三角函数中 ω 的求解,三角函数中 ω 的求解,CONCEPT,数学必修第一册·第五章·三角函数,定位：数学必修第一册 第五章。列式时 k 必须取遍整数；由多个条件列出的不等式组要取交集；复杂不等式不要硬解，先压缩 k 的可能取值再讨论；求出 ω 后要代回检验对称性或单调性是否真的满足。,《2026/2027 一轮复习讲义·学生版 / 知识清单·学生版》文本判定
MATH,由三角函数的性质求参数,由三角函数的性质求参数,CONCEPT,数学必修第一册·第五章·三角函数,定位：数学必修第一册 第五章。由条件列出的解往往不唯一，必须用给定的范围筛选；单调区间长度与周期的关系是必要条件；求得参数后一定要代回原函数验证，避免出现满足形式但不满足题意的情况。,《2026/2027 一轮复习讲义·学生版 / 知识清单·学生版》文本判定
PHYSICS,受激跃迁与电离,受激跃迁与电离,CONCEPT,PHYSICS·综合·综合·综合,定位：PHYSICS·综合·综合。跃迁只能发生在能量差值恰好等于对应能级差的情形，能量不匹配的光子不能被吸收；能级差决定光子的频率，能级差越大光子频率越高；跃迁时吸收或放出的能量与能级差严格相等。,《2026/2027 一轮复习讲义·学生版 / 知识清单·学生版》文本判定
MATH,解函数模型的步骤,解函数模型的步骤,CONCEPT,数学必修第一册·第三章·函数的概念与性质,定位：数学必修第一册 第三章。建模时要根据数据的增长趋势选择恰当的函数模型，选错模型会导致拟合效果差；解模后必须回到实际问题检验，注意自变量的取值范围要符合实际意义（如天数、人数取正整数）；检验与还原这一步不能省略。,《2026/2027 一轮复习讲义·学生版 / 知识清单·学生版》文本判定
MATH,平面几何中的向量方法,平面几何中的向量方法,CONCEPT,数学必修第二册·第六章·平面向量,定位：数学必修第二册 第六章。把几何条件转化为向量关系时必须保证等价，不能只取必要条件；运算结果翻译回几何关系时要说明对应的几何含义；涉及长度与夹角时优先选择数量积运算。,《2026/2027 一轮复习讲义·学生版 / 知识清单·学生版》文本判定
PHYSICS,带电粒子倾斜射入匀强磁场的螺旋线运动,带电粒子倾斜射入匀强磁场的螺旋线运动,CONCEPT,物理必修第三册·第九十章·静电场,定位：物理必修第三册 第九十章。只适用于匀强磁场且不计其它力的情形。磁场不改变速率，只把垂直于磁场的分量转成圆周运动。要注意：只增大 $B$ 时圆周半径与螺距都减小；只增大 $v_0$ 时圆周半径与螺距都增大，不能只凭直觉断定其中一个量不变。,《2026/2027 一轮复习讲义·学生版 / 知识清单·学生版》文本判定
PHYSICS,圆形边界磁场运动的径向进出与等角进出,圆形边界磁场运动的径向进出与等角进出,CONCEPT,物理必修第三册·第十三章（安培力/洛伦兹力/感应定律见选择性必修第二册）·磁场与电磁感应,定位：物理必修第三册 第十三章（安培力/洛伦兹力/感应定律见选择性必修第二册）。结论的前提是粒子**沿半径方向**射入且磁场为圆形有界匀强磁场；若粒子不是沿半径射入，只能按一般有界磁场的方法处理，“径向进出”不成立。此外要求粒子确实从磁场边界射出。,《2026/2027 一轮复习讲义·学生版 / 知识清单·学生版》文本判定
MATH,导函数与原函数的对称性,导函数与原函数的对称性,CONCEPT,数学选择性必修第一册·第二三章·解析几何,定位：数学选择性必修第一册 第二三章。上述关系要求 $f(x)$ 可导。由导函数的对称性反推原函数的对称性时，还需要补充一个函数值条件（如已知 $f(a)$ 的取值）才能确定对称中心的纵坐标，否则只能得到对称轴或对称中心的横坐标。,《2026/2027 一轮复习讲义·学生版 / 知识清单·学生版》文本判定
MATH,点与直线的对称问题,点与直线的对称问题,CONCEPT,数学选择性必修第一册·第二三章·解析几何,定位：数学选择性必修第一册 第二三章。轴对称的两个条件缺一不可，只用其中一个会解出错误结果。对称轴斜率不存在（形如 $x=a$）或斜率为 0 时，垂直条件要单独讨论，不能机械地写 $k\cdot k'=-1$。中心对称用中点坐标公式时，要分清哪个点是“对称中心”、哪个是“待求的,《2026/2027 一轮复习讲义·学生版 / 知识清单·学生版》文本判定
MATH,嵌套函数的最值与参数范围,嵌套函数的最值与参数范围,CONCEPT,数学必修第一册·第三章·函数的概念与性质,定位：数学必修第一册 第三章。内层值域就是外层函数的定义域，求最值时必须限制在这个范围内，不能默认外层函数在整个定义域上取最值。含参数问题往往需要分类讨论参数对图象的影响，注意端点取值与临界位置。,《2026/2027 一轮复习讲义·学生版 / 知识清单·学生版》文本判定
MATH,正方体、长方体与球,正方体、长方体与球,CONCEPT,数学必修第二册·第八章（空间向量见选择性必修第一册）·立体几何,定位：数学必修第二册 第八章（空间向量见选择性必修第一册）。三种球的区别在于“与面切”“与棱切”“过顶点”，对应直径分别是棱长、面对角线、体对角线，不要混用。长方体外接球公式要求三条棱两两垂直（即长方体），一般的斜棱柱不能直接用。,《2026/2027 一轮复习讲义·学生版 / 知识清单·学生版》文本判定
MATH,与距离有关的最值问题,与距离有关的最值问题,CONCEPT,数学必修第一册·第三章·函数的概念与性质,定位：数学必修第一册 第三章。转化的前提是能正确识别代数式的几何意义（平方和形式对应两点间距离）；用对称点处理“距离之和最小”时要确认对称后的连线与动点所在直线相交，否则最小值取在端点处；距离之差要取绝对值，否则可能得到负值。,《2026/2027 一轮复习讲义·学生版 / 知识清单·学生版》文本判定
MATH,利用导数研究单调性的易错点,利用导数研究单调性的易错点,REASONING,数学选择性必修第二册·第五章·函数与导数,定位：数学选择性必修第二册 第五章。易错点：不含参求区间要先写定义域再解不等式；含参讨论按“零点有无—零点是否在定义域内—零点大小”的顺序排查；“在区间上单调”只能得到导数在该区间上不变号（且不在子区间上恒为零），不是导数恒正或恒负,《2026/2027 一轮复习讲义·学生版 / 知识清单·学生版》文本判定
PHYSICS,感应电荷量的计算,感应电荷量的计算,CONCEPT,PHYSICS·综合·综合·综合,定位：PHYSICS·综合·综合。易错点：$\Delta\Phi$ 要用有效面积与磁场方向的夹角求投影，不能直接取面积；回路总电阻应包含线圈自身电阻；该公式来自平均电流，不能用来求电流的最大值或有效值,《2026/2027 一轮复习讲义·学生版 / 知识清单·学生版》文本判定
MATH,倒序相加法,倒序相加法,CONCEPT,数学选择性必修第二册·第四章·数列,定位：数学选择性必修第二册 第四章。易错点：使用前必须验证“等距离两项之和相等”这一条件，不能只凭形式套用；配对时若项数 $n$ 为奇数，中间一项要与自身配对，不能漏掉；求得的两式之和要除以 2 才是 $S_n$,《2026/2027 一轮复习讲义·学生版 / 知识清单·学生版》文本判定
MATH,奇偶项分类讨论求和,奇偶项分类讨论求和,CONCEPT,数学必修第一册·第三章·函数的概念与性质,定位：数学必修第一册 第三章。易错点：分奇偶讨论时容易只写一种情况，遗漏n为奇数或n为偶数的另一种；配对消去时必须交代项数的奇偶，否则会漏掉落单项；求和前先把符号因子化简，避免符号写错,《2026/2027 一轮复习讲义·学生版 / 知识清单·学生版》文本判定
MATH,抛物线的标准方程,抛物线的标准方程,CONCEPT,数学选择性必修第一册·第二三章·解析几何,定位：数学选择性必修第一册 第二三章。易错点：焦点在x轴与在y轴上的方程形式不同，选错形式则全错；由经过的点求参数时要注意点是否在第一象限以确定开口；只求出一个参数值时应回代验证是否与焦点位置一致,《2026/2027 一轮复习讲义·学生版 / 知识清单·学生版》文本判定
PHYSICS,自耦变压器与互感器,自耦变压器与互感器,CONCEPT,物理选择性必修第二册·第三四章·交变电流与电磁波,定位：物理选择性必修第二册 第三四章。易错点：自耦变压器原副线圈共用导线，匝数要按实际接入的圈数计算；电压互感器并联而电流互感器串联，接反会损坏仪表甚至造成危险；自耦变压器的基本关系仍成立，但不能把它当作普通双线圈变压器去数总的线圈匝数,《2026/2027 一轮复习讲义·学生版 / 知识清单·学生版》文本判定
PHYSICS,星球瓦解与黑洞临界条件,星球瓦解与黑洞临界条件,CONCEPT,物理必修第二册·第七章·万有引力与宇宙航行,定位：物理必修第二册 第七章。瓦解的临界条件是对星球赤道处的物体而言；逃逸速度为第一宇宙速度的 $\sqrt{2}$ 倍这一关系对球对称天体成立；把光的运动按经典力学处理属于近似估算。,《2026/2027 一轮复习讲义·学生版 / 知识清单·学生版》文本判定
PHYSICS,库仑力作用下的平衡问题,库仑力作用下的平衡问题,CONCEPT,物理必修第一册·第三章·相互作用,定位：物理必修第一册 第三章。静电力是矢量，列方程时要规定正方向或把各力分解到坐标轴上；若带电体相互接触或距离发生变化，电荷量可能重新分配，不能沿用原来的电荷量。,《2026/2027 一轮复习讲义·学生版 / 知识清单·学生版》文本判定
MATH,圆锥曲线的弦长公式,圆锥曲线的弦长公式,CONCEPT,数学选择性必修第一册·第二三章·解析几何,定位：数学选择性必修第一册 第二三章。斜率为零或斜率不存在时要单独处理；联立后二次项系数为零的情形不能用韦达定理；用纵坐标形式求弦长时要注意 $k\neq0$ 的前提。,《2026/2027 一轮复习讲义·学生版 / 知识清单·学生版》文本判定
PHYSICS,测量金属丝的电阻率实验,测量金属丝的电阻率实验,CONCEPT,物理必修第三册·第十一十二章·恒定电流,定位：物理必修第三册 第十一十二章。长度必须量接线柱之间的有效长度而不是整根金属丝的长度；直径要在不同位置多次测量取平均；实验采用电流表外接法，电阻的测量值小于真实值，导致电阻率的测量值偏小。,《2026/2027 一轮复习讲义·学生版 / 知识清单·学生版》文本判定
PHYSICS,多次碰撞问题的处理方法,多次碰撞问题的处理方法,CONCEPT,物理选择性必修第一册·第一章·动量,定位：物理选择性必修第一册 第一章。用数学归纳法时要保证归纳出的通项对一般情形成立，不能只凭前两次的数据猜测；多次碰撞中若有能量损失，动量守恒与能量关系要分别使用。,《2026/2027 一轮复习讲义·学生版 / 知识清单·学生版》文本判定
MATH,圆的一般方程,圆的一般方程,CONCEPT,数学必修第一册·第三章·函数的概念与性质,定位：数学必修第一册 第三章。易错点：把「方程表示圆」与「方程有解」混为一谈，忘记半径必须大于零；一般方程中 $x^2$ 与 $y^2$ 的系数必须相等且不为零，交叉项系数必须为零；用 $D^2+E^2-4F>0$ 求参数范围时，还要同时保证二次项系数不为零。,《2026/2027 一轮复习讲义·学生版 / 知识清单·学生版》文本判定
MATH,圆的参数方程,圆的参数方程,CONCEPT,数学必修第一册·第三章·函数的概念与性质,定位：数学必修第一册 第三章。适用边界：动点必须在圆上（或可参数化为圆上的点）时才能整体换元；换元后要注意参数的取值范围与三角函数的定义域，不要把开方或平方带来的增根当成解。易错点：忘记把参数范围与题目给出的几何范围对应，导致最值取不到。,《2026/2027 一轮复习讲义·学生版 / 知识清单·学生版》文本判定
MATH,圆系方程,圆系方程,CONCEPT,数学必修第一册·第三章·函数的概念与性质,定位：数学必修第一册 第三章。适用边界：过两圆交点的圆系方程中 $\lambda$ 通常不能取使两圆方程相消为零的那个值，否则退化为直线；当两圆相切或相离时，相减所得方程不再是公共弦方程。易错点：用圆系求解后要检验所得方程是否确实表示圆（半径平方大于零），并把退化的直线,《2026/2027 一轮复习讲义·学生版 / 知识清单·学生版》文本判定
MATH,直线与圆相交的弦长,直线与圆相交的弦长,CONCEPT,数学选择性必修第一册·第二三章·解析几何,定位：数学选择性必修第一册 第二三章。易错点：几何法中的 $d$ 是圆心到直线的距离，不是圆心到弦端点的距离；直线斜率不存在时无法用斜截式联立，需单独用竖直线与圆的方程求弦长；使用弦长公式时要保证二次方程有实根（判别式大于零），含参数时需同时满足该条件。,《2026/2027 一轮复习讲义·学生版 / 知识清单·学生版》文本判定
MATH,圆的切线方程,圆的切线方程,CONCEPT,数学选择性必修第一册·第二三章·解析几何,定位：数学选择性必修第一册 第二三章。易错点：直接设点斜式切线方程而漏掉斜率不存在的切线；把「点在圆上」与「点在圆外」的结论混用，导致切线条数判断错误；由切线条数反求参数时忘记圆心到直线的距离恰等于半径这一条件本身也要求直线存在。,《2026/2027 一轮复习讲义·学生版 / 知识清单·学生版》文本判定
MATH,圆中的定点与定值问题,圆中的定点与定值问题,CONCEPT,数学选择性必修第一册·第二三章·解析几何,定位：数学选择性必修第一册 第二三章。适用边界：定点问题要求动直线或动曲线确实含参数且结构可变；分离参数时若方程两部分的系数同时为零无解，则该直线族不一定过定点。易错点：整理方程时把参数漏乘或漏项，导致定点坐标算错；定值问题直接用特殊值作为最终答案而缺少一般性证明。,《2026/2027 一轮复习讲义·学生版 / 知识清单·学生版》文本判定
MATH,圆的方程解题易错点,圆的方程解题易错点,REASONING,数学必修第一册·第三章·函数的概念与性质,定位：数学必修第一册 第三章。适用边界：上述判断针对圆与直线、圆与圆的常规问题；当题目给出的条件本身就是代数形式时，几何法未必更简，需按条件结构选择路径。易错点：把「圆上一点处的切线只有一条」与「过圆外一点的切线有两条」混用；相减求公共弦后忘记带上两圆相交的判别式条件。,《2026/2027 一轮复习讲义·学生版 / 知识清单·学生版》文本判定
MATH,三角公式的逆用与变形,三角公式的逆用与变形,CONCEPT,数学必修第一册·第五章·三角函数,定位：数学必修第一册 第五章。适用边界：逆用与变形的前提是式子结构能与公式的形式对应；辅助角公式只适用于同角、同频的正弦与余弦的线性组合，频率不同时需先降幂或换元。易错点：凑角拆错导致结构不匹配；用正切变形时忽略各角正切存在的条件；积化和差时符号与系数写错。,《2026/2027 一轮复习讲义·学生版 / 知识清单·学生版》文本判定
MATH,两角和差公式的易错点,两角和差公式的易错点,REASONING,数学必修第一册·第五章·三角函数,定位：数学必修第一册 第五章。易错点：只记住公式外形而忽略适用条件；符号规律靠现场推导时推错；把已知条件给出的角的范围直接搬到新角上，没有重新合成范围。,《2026/2027 一轮复习讲义·学生版 / 知识清单·学生版》文本判定
MATH,给值求值问题,给值求值问题,CONCEPT,数学必修第一册·第三章·函数的概念与性质,定位：数学必修第一册 第三章。适用边界：拆角后的每个角都必须是已知角或特殊角，否则无法求值。易错点：不判断符号只取正值；角的范围只用于定符号而没有用于缩小角的区间；涉及正切时不检验定义域。,《2026/2027 一轮复习讲义·学生版 / 知识清单·学生版》文本判定
MATH,给值求角问题,给值求角问题,CONCEPT,数学必修第一册·第三章·函数的概念与性质,定位：数学必修第一册 第三章。适用边界：只有当角的范围被限制到所选函数的单调区间内时，结论才唯一。易错点：选用的函数在角的范围内不单调；范围放大后不进一步缩小，出现两个候选角；求出角后忘记检验它是否落在题目给出的范围内。,《2026/2027 一轮复习讲义·学生版 / 知识清单·学生版》文本判定
MATH,三角函数式的化简与证明,三角函数式的化简与证明,CONCEPT,数学必修第一册·第五章·三角函数,定位：数学必修第一册 第五章。适用边界：逆用要求式子中角与系数的结构同公式完全匹配，系数不为 1 时可先提取系数再合并。易错点：把化简做成求值，中途代入近似值；常数 1 的代换后各项范围被忽略；辅助角象限判断错误使结果符号出错。,《2026/2027 一轮复习讲义·学生版 / 知识清单·学生版》文本判定
MATH,含参三角函数求值,含参三角函数求值,CONCEPT,数学必修第一册·第五章·三角函数,定位：数学必修第一册 第五章。易错点：先求解后检验，把无解情形当成有解；忽略正切分母为零的排除条件；对参数不加讨论直接代入特殊值。,《2026/2027 一轮复习讲义·学生版 / 知识清单·学生版》文本判定
MATH,三角求值三步法,三角求值三步法,CONCEPT,数学必修第一册·第五章·三角函数,定位：数学必修第一册 第五章。适用边界：该流程针对三角函数的求值与化简问题，纯代数变形不适用。易错点：跳过看角直接套公式；省略第三步的范围检验，答案多解或漏解。,《2026/2027 一轮复习讲义·学生版 / 知识清单·学生版》文本判定
MATH,角的变换技巧,角的变换技巧,CONCEPT,数学必修第一册·第三章·函数的概念与性质,定位：数学必修第一册 第三章。适用边界：角的变换要求拆分后的每个角都是已知角或特殊角，否则变换没有意义。易错点：拆角后不重新判断新角的范围与符号；把两角的和差关系写反，导致展开方向错误。,《2026/2027 一轮复习讲义·学生版 / 知识清单·学生版》文本判定
MATH,有条件等式的最值,有条件等式的最值,CONCEPT,数学必修第一册·第三章·函数的概念与性质,定位：数学必修第一册 第三章。适用边界：路径一要求乘积不为零且两个变量同号；路径二适用于所求式能由条件式经变形直接表达的情形。易错点：构造不等式时两边同乘的式子符号不确定；解出的不等式只是必要条件，未验证等号可取就当作最值。,《2026/2027 一轮复习讲义·学生版 / 知识清单·学生版》文本判定
MATH,三元均值不等式,三元均值不等式,CONCEPT,数学必修第一册·第二章·不等式,定位：数学必修第一册 第二章。适用边界：三项必须都为正；推广到更多元时结论仍然成立，但取等条件变成所有项都相等。易错点：三项中有负数时直接套用；只凑出了两项的定值而第三项仍在变化，定值条件其实不成立。,《2026/2027 一轮复习讲义·学生版 / 知识清单·学生版》文本判定
MATH,弦长的和差与比值问题,弦长的和差与比值问题,CONCEPT,数学选择性必修第一册·第二三章·解析几何,定位：数学选择性必修第一册 第二三章。易错点：设直线方程时忽略斜率不存在的情形；两条弦分别用横坐标差与纵坐标差计算时系数用混；判别式给出的参数范围没有传递到最终结果，导致多出无效解。,《2026/2027 一轮复习讲义·学生版 / 知识清单·学生版》文本判定
MATH,弦长成等差等比数列,弦长成等差等比数列,CONCEPT,数学选择性必修第一册·第二三章·解析几何,定位：数学选择性必修第一册 第二三章。易错点：把数列的公差、公比与直线参数混为一谈；只对其中两条弦验证等差或等比关系就下结论；求解后未结合判别式范围排除无效解；弦长成等比数列时忽略各项必须同号（弦长为正）这一隐含条件。,《2026/2027 一轮复习讲义·学生版 / 知识清单·学生版》文本判定
MATH,三点共线求距离最值,三点共线求距离最值,CONCEPT,数学必修第一册·第三章·函数的概念与性质,定位：数学必修第一册 第三章。适用边界：只适用于动点在一条直线上、两段距离的端点分别是定点与动点的情形；动点被限制在射线或线段上时，交点若落在允许范围之外，最值改在端点处取得。易错点：不区分两个定点在直线同侧还是异侧就直接作对称；求最大值时沿用求最小值的思路。,《2026/2027 一轮复习讲义·学生版 / 知识清单·学生版》文本判定
MATH,圆中最值的常用结论,圆中最值的常用结论,CONCEPT,数学必修第一册·第三章·函数的概念与性质,定位：数学必修第一册 第三章。易错点：对相离、相切、相交三种位置关系使用同一组式子；把「圆心到直线的距离」与「两点间的距离」混用；斜率型代数式还原成几何量时忘记分母不为零的限制。,《2026/2027 一轮复习讲义·学生版 / 知识清单·学生版》文本判定
MATH,分式不等式与绝对值不等式的解法,分式不等式与绝对值不等式的解法,CONCEPT,数学必修第一册·第二章·不等式,定位：数学必修第一册 第二章。适用边界：分式不等式的等价转化要求分母不为零，含等号时必须单独排除分母为零的点；单绝对值不等式的转化要求不等号右侧为正数。易错点：直接在分式不等式两边同乘分母，忽略分母符号对不等号方向的影响；绝对值不等式转化时漏掉等号或忘记讨论绝对值内为零,《2026/2027 一轮复习讲义·学生版 / 知识清单·学生版》文本判定
MATH,等差数列的判定方法,等差数列的判定方法,CONCEPT,数学选择性必修第二册·第四章·数列,定位：数学选择性必修第二册 第四章。定义法与中项法都必须对任意 $n$ 普遍成立，只验证前几项不能算证明；通项公式法要保证一次式中的 $k$，$b$ 与 $n$ 无关；性质法需先确认使用的性质对本数列成立。,《2026/2027 一轮复习讲义·学生版 / 知识清单·学生版》文本判定
MATH,三角函数和差积的互化,三角函数和差积的互化,CONCEPT,数学必修第一册·第五章·三角函数,定位：数学必修第一册 第五章。开方时符号由角的象限决定；平方运算可能引入增根，需代回原条件检验；结果要检验是否落在 $[-\sqrt{2}\sqrt{2}]$ 内。,《2026/2027 一轮复习讲义·学生版 / 知识清单·学生版》文本判定
PHYSICS,串并联电路的电功率分配,串并联电路的电功率分配,CONCEPT,物理必修第二册·第八章·机械能与能量守恒,定位：物理必修第二册 第八章。两条结论都以对应的电学量相等为前提，串联是电流相等、并联是电压相等；混联电路必须先拆成串联与并联部分再分别套用。,《2026/2027 一轮复习讲义·学生版 / 知识清单·学生版》文本判定
PHYSICS,电路动态分析的三种方法,电路动态分析的三种方法,CONCEPT,物理必修第三册·第十一十二章·恒定电流,定位：物理必修第三册 第十一十二章。串反并同的结论以电源内阻不为零为前提，内阻为零时路端电压不变、结论失效。程序法要求每一步推理都有依据，跳过中间环节容易得出相反结论。,《2026/2027 一轮复习讲义·学生版 / 知识清单·学生版》文本判定
PHYSICS,含电容器电路的分析,含电容器电路的分析,CONCEPT,物理必修第三册·第九十章·静电场,定位：物理必修第三册 第九十章。简化只在电路稳定、不分析充放电过程时成立；求电荷量时必须先正确求出电容器两端电压，把电容器误认为与整个电源电压相等是常见错误。,《2026/2027 一轮复习讲义·学生版 / 知识清单·学生版》文本判定
PHYSICS,牛顿第二定律中的正交分解法,牛顿第二定律中的正交分解法,CONCEPT,物理必修第一册·第三章·相互作用,定位：物理必修第一册 第三章。必须先把受力图画完整再建坐标系列方程；坐标系的方向一经选定就要全程一致。加速度不沿水平或竖直方向时，通常把坐标轴沿加速度方向和垂直方向建立而不沿水平竖直方向。,《2026/2027 一轮复习讲义·学生版 / 知识清单·学生版》文本判定
PHYSICS,二力不平衡的合成法,二力不平衡的合成法,CONCEPT,物理必修第一册·第三章·相互作用,定位：物理必修第一册 第三章。只在物体只受两个力时适用；三个及以上力时合成过程繁琐，应改用正交分解。求出的合力方向是加速度方向，速度方向一般与它不同。,《2026/2027 一轮复习讲义·学生版 / 知识清单·学生版》文本判定
MATH,二次求导,二次求导,CONCEPT,数学必修第一册·第三章·函数的概念与性质,定位：数学必修第一册 第三章。二次求导只是分析手段，最终必须回到原函数的单调性；定义域要先确定，含 $\ln x$ 时 $x>0$，含分式时分母不为零。导函数符号无法判断时才需要二次求导，能直接判断时不必多此一举。,《2026/2027 一轮复习讲义·学生版 / 知识清单·学生版》文本判定
PHYSICS,探究小车速度实验的操作细节,探究小车速度实验的操作细节,CONCEPT,PHYSICS·综合·综合·综合,定位：PHYSICS·综合·综合。“两先两后”的顺序不能颠倒，否则会丢点或打点不稳；计数点的时间间隔由“每隔几个点”决定，不要与打点周期混为一谈（50 Hz 交流电的打点周期是 0.02 s）。,《2026/2027 一轮复习讲义·学生版 / 知识清单·学生版》文本判定
PHYSICS,探究小车速度实验的改进与创新,探究小车速度实验的改进与创新,CONCEPT,PHYSICS·综合·综合·综合,定位：PHYSICS·综合·综合。改进只是“换器材、换计时方式”，**匀变速直线运动的规律本身不变**，列式仍用 $v=\frac{\Delta x}{\Delta t}$、$\Delta x=aT^2$ 等关系。用光电门测速时遮光条越窄测得越接近瞬时速度，且要注意把通过光,《2026/2027 一轮复习讲义·学生版 / 知识清单·学生版》文本判定
PHYSICS,求加速度的两种方法,求加速度的两种方法,CONCEPT,PHYSICS·综合·综合·综合,定位：PHYSICS·综合·综合。用光电门测速时，遮光条宽度要足够窄，否则算出的平均速度与“通过光电门的瞬时速度”差别较大；用斜率法时必须先确认所作的图线确实是直线，否则斜率的物理意义不再是加速度（可能只是某一段的平均值）。,《2026/2027 一轮复习讲义·学生版 / 知识清单·学生版》文本判定
PHYSICS,合运动的性质与轨迹的判定,合运动的性质与轨迹的判定,CONCEPT,物理必修第二册·第五六章·抛体运动与圆周运动,定位：物理必修第二册 第五六章。判断的关键是“合加速度是否恒定”“合初速度与合加速度是否共线”，不能只看某一个分运动。合外力为变力时运动是非匀变速曲线运动，不能套用匀变速运动的时间、位移公式。,《2026/2027 一轮复习讲义·学生版 / 知识清单·学生版》文本判定
MATH,不等式的倒数性质与分式性质,不等式的倒数性质与分式性质,CONCEPT,数学必修第一册·第二章·不等式,定位：数学必修第一册 第二章。取倒数前必须确认两数**同号**，异号时不能直接比较倒数；第 3 条要求各数同为正且 $c$、$d$ 的大小关系与 $a$、$b$ 相反。分数的性质要求 $m>0$ 且分式的分子、分母均为正，否则结论会改变。,《2026/2027 一轮复习讲义·学生版 / 知识清单·学生版》文本判定
MATH,奇偶性解题的两个易误点,奇偶性解题的两个易误点,CONCEPT,数学必修第一册·第三章·函数的概念与性质,定位：数学必修第一册 第三章。第 1 点的两种情形（在 $x=0$ 处无定义、有定义且函数值为 0）要按题目给出的定义域判断，不能一律补上 $f(0)=0$；第 2 点中偶函数常化为 $f(x)=f(|x|)$，但化为绝对值后仍要检查两个自变量是否都落在定义域内。,《2026/2027 一轮复习讲义·学生版 / 知识清单·学生版》文本判定
PHYSICS,黄金代换式,黄金代换式,CONCEPT,PHYSICS·综合·综合·综合,定位：PHYSICS·综合·综合。只在天体表面或忽略自转的条件下成立；$g$ 与 $R$ 要与天体一一对应；卫星高度较大时不能用 $gR^2=GM$ 求该处的加速度，要用 $g'=\frac{GM}{r^2}$。,《2026/2027 一轮复习讲义·学生版 / 知识清单·学生版》文本判定
PHYSICS,探究向心力大小的实验,探究向心力大小的实验,CONCEPT,物理必修第二册·第五六章·抛体运动与圆周运动,定位：物理必修第二册 第五六章。该装置只能比较两球向心力之比，不能直接测出力的大小；读数必须在转速稳定时进行；两球所放槽的位置决定了半径是否相等。,《2026/2027 一轮复习讲义·学生版 / 知识清单·学生版》文本判定
PHYSICS,静摩擦力有无及方向的判断方法,静摩擦力有无及方向的判断方法,CONCEPT,物理必修第一册·第三章·相互作用,定位：物理必修第一册 第三章。“相对”是相对接触物体，不是相对地面或观察者；判断方向前必须先确定运动状态；三种方法的结论必须一致，出现矛盾说明运动状态或受力分析有误。,《2026/2027 一轮复习讲义·学生版 / 知识清单·学生版》文本判定
PHYSICS,摩擦力的常见认识误区,摩擦力的常见认识误区,CONCEPT,物理必修第一册·第三章·相互作用,定位：物理必修第一册 第三章。静摩擦力既可以是阻力也可以是动力；判断方向时参照物是接触物体而不是地面；把阻碍相对运动理解成阻碍运动是常见错误来源。,《2026/2027 一轮复习讲义·学生版 / 知识清单·学生版》文本判定
PHYSICS,压力与重力的区别,压力与重力的区别,CONCEPT,PHYSICS·综合·综合·综合,定位：PHYSICS·综合·综合。压力方向垂直于接触面，重力方向竖直向下；斜面上压力不等于重力；只有在水平面且无其他竖直分力的条件下二者大小才相等。,《2026/2027 一轮复习讲义·学生版 / 知识清单·学生版》文本判定
MATH,三角形解的个数判断,三角形解的个数判断,CONCEPT,数学必修第一册·第五章·三角函数,定位：数学必修第一册 第五章。只有两边及其中一边对角的情形才可能多解；由正弦值求角必须讨论锐角与钝角两种可能；已知两角一边或三边时不需要讨论解的个数。,《2026/2027 一轮复习讲义·学生版 / 知识清单·学生版》文本判定
MATH,解三角形与三角函数的综合,解三角形与三角函数的综合,CONCEPT,数学必修第一册·第五章·三角函数,定位：数学必修第一册 第五章。拆分出的三角形必须通过已知量互相连接，不能凭空假设角相等；四边形问题要注意对角互补、公共边被两个三角形共用；解三角形中角的范围受内角和限制。,《2026/2027 一轮复习讲义·学生版 / 知识清单·学生版》文本判定
MATH,三角形中的射影定理与常用恒等式,三角形中的射影定理与常用恒等式,CONCEPT,数学必修第一册·第五章·三角函数,定位：数学必修第一册 第五章。恒等关系只在 $A+B+C=\pi$ 的三角形内成立；射影定理与余弦定理等价，使用时要保证边与角的对应关系不乱；三边关系只是构成三角形的必要条件，还要结合角的范围。,《2026/2027 一轮复习讲义·学生版 / 知识清单·学生版》文本判定
PHYSICS,变力做功的求解方法,变力做功的求解方法,CONCEPT,物理必修第二册·第八章·机械能与能量守恒,定位：物理必修第二册 第八章。$W=Fl\cos\alpha$ 不能直接用于变力；$W=Pt$ 要求功率恒定；用动能定理时必须保证其他力做的功都已知；面积法要求横轴是位移。,《2026/2027 一轮复习讲义·学生版 / 知识清单·学生版》文本判定
MATH,由图象确定函数解析式的方法,由图象确定函数解析式的方法,CONCEPT,数学必修第一册·第三章·函数的概念与性质,定位：数学必修第一册 第三章。图象经过某个点通常只提供一个等式，还需结合奇偶性或单调性；含绝对值或分式的解析式要检查图象是否存在渐近线；在原点处函数无定义与函数值为零是两种不同情形。,《2026/2027 一轮复习讲义·学生版 / 知识清单·学生版》文本判定
MATH,函数单调性的应用策略,函数单调性的应用策略,CONCEPT,数学必修第一册·第三章·函数的概念与性质,定位：数学必修第一册 第三章。脱去函数符号的前提是函数在相应区间上单调；比较大小前要把自变量化到同一单调区间；由单调性求参数时要单独检验端点与分段点。,《2026/2027 一轮复习讲义·学生版 / 知识清单·学生版》文本判定
MATH,描点法作图,描点法作图,CONCEPT,数学必修第一册·第三章·函数的概念与性质,定位：数学必修第一册 第三章。作图前必须先确定定义域，否则会画出定义域之外的部分；取点要兼顾特殊点与变化趋势，只靠描点可能画出错误形状；图象问题不能只凭图形印象作答，要与性质、特殊值的计算相互印证。,《2026/2027 一轮复习讲义·学生版 / 知识清单·学生版》文本判定
MATH,用函数图象解不等式,用函数图象解不等式,CONCEPT,数学必修第一册·第二章·不等式,定位：数学必修第一册 第二章。必须求出或估计出两个图象交点的横坐标，否则区间端点会写错；图象法得到的是近似结论，必要时要用代数方法验证；还要注意函数的定义域对自变量范围的限制。,《2026/2027 一轮复习讲义·学生版 / 知识清单·学生版》文本判定
MATH,三角函数模型的应用,三角函数模型的应用,CONCEPT,数学必修第一册·第五章·三角函数,定位：数学必修第一册 第五章。建模前要确认数据确有周期性；$\varphi$ 的取值须结合情境对相位范围的要求确定；定义域受实际情境限制，不能默认为全体实数。,《2026/2027 一轮复习讲义·学生版 / 知识清单·学生版》文本判定
MATH,由图象确定y=Asin（ωx+φ）的解析式,由图象确定y=Asin（ωx+φ）的解析式,CONCEPT,数学必修第一册·第三章·函数的概念与性质,定位：数学必修第一册 第三章。图象只给出部分周期时先补全周期再求 $\omega$；代入非最值点时可能多解，须结合图象趋势筛选；$\omega$ 的符号不天然为正，题目未限定时应说明取法。,《2026/2027 一轮复习讲义·学生版 / 知识清单·学生版》文本判定
PHYSICS,验证力的平行四边形定则实验,验证力的平行四边形定则实验,CONCEPT,PHYSICS·综合·综合·综合,定位：PHYSICS·综合·综合。两次拉动必须使小圆环到达同一位置，否则等效的前提不成立；三条力的图示必须用同一标度画在同一张图上。,《2026/2027 一轮复习讲义·学生版 / 知识清单·学生版》文本判定
MATH,由切线条件求参数,由切线条件求参数,CONCEPT,数学必修第一册·第三章·函数的概念与性质,定位：数学必修第一册 第三章。参数出现在导函数或切线方程中时方程可能有多解，需按题意（如“存在”“恰有”）取舍；涉及公切线时要对两条曲线分别设切点。,《2026/2027 一轮复习讲义·学生版 / 知识清单·学生版》文本判定
MATH,函数的极值与最值的关系,函数的极值与最值的关系,CONCEPT,数学必修第一册·第三章·函数的概念与性质,定位：数学必修第一册 第三章。极值点必须在定义域内部；区间端点处不能成为极值点，却可以成为最值点，讨论时不要遗漏端点。,《2026/2027 一轮复习讲义·学生版 / 知识清单·学生版》文本判定
MATH,极值最值问题中的等价转化,极值最值问题中的等价转化,CONCEPT,数学必修第一册·第三章·函数的概念与性质,定位：数学必修第一册 第三章。转化必须是等价的；把恒成立转化为最值问题时，若最值在区间端点取得而端点不可取，需要改用极限或单独讨论端点情形。,《2026/2027 一轮复习讲义·学生版 / 知识清单·学生版》文本判定
PHYSICS,两类典型的匀减速直线运动,两类典型的匀减速直线运动,CONCEPT,PHYSICS·综合·综合·综合,定位：PHYSICS·综合·综合。刹车类问题必须先算出停止时刻，所求时间超过该时刻的部分物体处于静止；双向可逆类问题若对全过程列式，位移、速度、加速度的正负号必须按统一正方向处理。,《2026/2027 一轮复习讲义·学生版 / 知识清单·学生版》文本判定
MATH,数列不等式问题的常见题型,数列不等式问题的常见题型,CONCEPT,数学选择性必修第二册·第四章·数列,定位：数学选择性必修第二册 第四章。作商比较要求两式同为正；恒成立与能成立的最值方向相反，不要混用；分离参数后若所求函数的最值点不是正整数，还要比较最值点附近的正整数项。,《2026/2027 一轮复习讲义·学生版 / 知识清单·学生版》文本判定
PHYSICS,探究平抛运动特点的实验,探究平抛运动特点的实验,CONCEPT,物理必修第二册·第五六章·抛体运动与圆周运动,定位：物理必修第二册 第五六章。斜槽末端不水平时小球不做平抛运动；每次释放位置不同会使初速度不同而得不到同一条轨迹；描点连线必须用平滑曲线而不能用折线连接；斜槽不必光滑，只要每次的摩擦情况相同即可。,《2026/2027 一轮复习讲义·学生版 / 知识清单·学生版》文本判定
PHYSICS,平抛实验的数据处理,平抛实验的数据处理,CONCEPT,物理必修第二册·第五六章·抛体运动与圆周运动,定位：物理必修第二册 第五六章。公式中的 $y$ 是相对抛出点竖直向下的位移，只能取抛出点及其以后的位置；坐标原点要取在飞离槽口时球心的位置；各点应选取距离较远、分布较开的点以减小测量误差。,《2026/2027 一轮复习讲义·学生版 / 知识清单·学生版》文本判定
PHYSICS,探究平抛运动特点的实验方案,探究平抛运动特点的实验方案,CONCEPT,物理必修第二册·第五六章·抛体运动与圆周运动,定位：物理必修第二册 第五六章。两个方案研究的侧重点不同：方案二的步骤1只说明竖直方向的运动性质，步骤2只记录轨迹与位置；结论必须由对应的对比实验得出，不能由一张轨迹图直接断定水平方向是匀速直线运动。,《2026/2027 一轮复习讲义·学生版 / 知识清单·学生版》文本判定
PHYSICS,平抛实验的创新方案,平抛实验的创新方案,CONCEPT,物理必修第二册·第五六章·抛体运动与圆周运动,定位：物理必修第二册 第五六章。用改变相同水平距离来控制相同时间时，隐含了水平方向做匀速直线运动的假设，这一假设本身正是要探究的问题，分析时不能把它当作已知结论，结论仍需与其他方案相互印证。,《2026/2027 一轮复习讲义·学生版 / 知识清单·学生版》文本判定
PHYSICS,向心力演示器实验原理与操作,向心力演示器实验原理与操作,CONCEPT,物理必修第二册·第五六章·抛体运动与圆周运动,定位：物理必修第二册 第五六章。每次只能改变一个物理量而保持另外两个量相同；皮带套在半径相同的塔轮上时两槽角速度相同，套在半径不同的塔轮上时两槽角速度之比由半径之比决定，判断角速度关系时要看清皮带所套的层数。,《2026/2027 一轮复习讲义·学生版 / 知识清单·学生版》文本判定
PHYSICS,向心力实验的数据处理与结论,向心力实验的数据处理与结论,CONCEPT,物理必修第二册·第五六章·抛体运动与圆周运动,定位：物理必修第二册 第五六章。向心力与角速度成平方关系，不能写成与角速度成正比；横坐标若取 $\omega$ 而不是 $\omega^2$，图线不是直线；读数应在转速稳定的条件下进行。,《2026/2027 一轮复习讲义·学生版 / 知识清单·学生版》文本判定
MATH,正弦平方差与正切恒等式,正弦平方差与正切恒等式,CONCEPT,数学必修第二册·第九十章（条件概率与正态分布见选择性必修第三册）·概率统计,定位：数学必修第二册 第九十章（条件概率与正态分布见选择性必修第三册）。正切恒等式要求 $A+B+C=\pi$ 且三个角的正切都有意义，即三个角都不能为直角；正弦平方差公式对任意角都成立，但要注意角的关系不与三角形内角和条件冲突。,《2026/2027 一轮复习讲义·学生版 / 知识清单·学生版》文本判定
MATH,托勒密定理,托勒密定理,CONCEPT,数学选择性必修第一册·第二三章·解析几何,定位：数学选择性必修第一册 第二三章。等式形式只对圆内接（四点共圆）的四边形成立，一般四边形只能得到小于或等于；使用不等式时要确认取等的条件是否能够达到。,《2026/2027 一轮复习讲义·学生版 / 知识清单·学生版》文本判定
MATH,凹凸性与切线放缩方向,凹凸性与切线放缩方向,CONCEPT,数学选择性必修第二册·第四章·数列,定位：数学选择性必修第二册 第四章。凹凸性是区间性质，同一个函数在不同区间上的凹凸性可能改变（例如 $y=\sin x$），判断前要先明确讨论区间；端点处导数不存在的情形要单独处理。,《2026/2027 一轮复习讲义·学生版 / 知识清单·学生版》文本判定
MATH,切线放缩的切点选择,切线放缩的切点选择,CONCEPT,数学选择性必修第二册·第四章·数列,定位：数学选择性必修第二册 第四章。两处放缩的等号条件不能互相矛盾，否则等号永远取不到；切点不一定取在整数点，选取前要先确认函数在该区间上确实位于切线的同一侧。,《2026/2027 一轮复习讲义·学生版 / 知识清单·学生版》文本判定
MATH,切线夹与割线夹,切线夹与割线夹,CONCEPT,数学选择性必修第二册·第五章·函数与导数,定位：数学选择性必修第二册 第五章。切线夹与割线夹的结论取决于所构造直线与曲线的位置关系，必须先证明这种位置关系在讨论区间上成立；割线放缩适用于对根差作双向估计，方向选错得不到所需的界。,《2026/2027 一轮复习讲义·学生版 / 知识清单·学生版》文本判定
MATH,凹凸函数的几何特征,凹凸函数的几何特征,CONCEPT,数学选择性必修第二册·第五章·函数与导数,定位：数学选择性必修第二册 第五章。凹凸性是区间上的性质，同一个函数在不同区间上的凹凸性可以不同，判断时必须先明确讨论区间并保证导数（或二阶导数）在该区间内符号不变。,《2026/2027 一轮复习讲义·学生版 / 知识清单·学生版》文本判定
MATH,凹凸反转法,凹凸反转法,CONCEPT,数学选择性必修第二册·第五章·函数与导数,定位：数学选择性必修第二册 第五章。拆出的两部分必须能分别求出最值，否则凹凸反转无法进行；两个最值的大小关系必须是严格不等（或要论证等号不能同时取到）才能得到严格不等式；拆分方式不唯一，拆得不好会出现某一侧最值求不出来的情况。,《2026/2027 一轮复习讲义·学生版 / 知识清单·学生版》文本判定
MATH,三角形高线的处理方法,三角形高线的处理方法,CONCEPT,数学必修第一册·第五章·三角函数,定位：数学必修第一册 第五章。用面积法列等式时所选的两组底与高必须对应同一个三角形，不能把分割出的两个小三角形面积与原三角形的面积混用；高线落在边内时才把三角形分成两个直角三角形，钝角三角形中高可能落在边的延长线上，此时边角关系要重新对应。,《2026/2027 一轮复习讲义·学生版 / 知识清单·学生版》文本判定
PHYSICS,天体密度的估算,天体密度的估算,CONCEPT,物理必修第二册·第七章·万有引力与宇宙航行,定位：物理必修第二册 第七章。易错：密度公式中的 $R$ 是天体自身半径．不要与卫星轨道半径 $r$ 混用；只有近地环绕时才能把 $r$ 当作 $R$；若轨道半径未知则无法求密度,《2026/2027 一轮复习讲义·学生版 / 知识清单·学生版》文本判定
MATH,利用空间向量证明平行的方法,利用空间向量证明平行的方法,CONCEPT,数学必修第二册·第六章·平面向量,定位：数学必修第二册 第六章。易错：用向量证明线面平行时必须交代直线不在平面内．否则结论不成立；线面平行对应方向向量与法向量垂直．与线面垂直中的关系正好相反；要先把法向量求出来再代入,《2026/2027 一轮复习讲义·学生版 / 知识清单·学生版》文本判定
PHYSICS,合运动与分运动的关系,合运动与分运动的关系,CONCEPT,物理必修第二册·第五六章·抛体运动与圆周运动,定位：物理必修第二册 第五六章。易错：渡河时间只由垂直于河岸的分速度决定．与水流速度无关；等时性常用来把绳子收缩的时间转化为物体移动的时间；分运动的独立性只在经典力学范围内成立,《2026/2027 一轮复习讲义·学生版 / 知识清单·学生版》文本判定
PHYSICS,浸润与不浸润的产生原因,浸润与不浸润的产生原因,CONCEPT,物理选择性必修第三册·第一至三章·热学,定位：物理选择性必修第三册 第一至三章。易错：判断浸润要比较固体分子与液体分子对附着层内分子引力的大小；不浸润对应附着层收缩（表现为引力）．浸润对应附着层扩展（表现为斥力）；附着层与表面层不是同一个概念,《2026/2027 一轮复习讲义·学生版 / 知识清单·学生版》文本判定
PHYSICS,波的叠加原理,波的叠加原理,CONCEPT,物理选择性必修第一册·第二三章·机械振动与机械波,定位：物理选择性必修第一册 第二三章。叠加是位移的合成；只有特定条件下振幅才直接相加减，不能一律把两列波引起的位移大小相加。,《2026/2027 一轮复习讲义·学生版 / 知识清单·学生版》文本判定
MATH,直线被圆截得的弦长,直线被圆截得的弦长,CONCEPT,数学选择性必修第一册·第二三章·解析几何,定位：数学选择性必修第一册 第二三章。几何法要先算出圆心到直线的距离；代数法计算量较大但适用范围更广，注意别漏掉斜率不存在的情形。,《2026/2027 一轮复习讲义·学生版 / 知识清单·学生版》文本判定
MATH,两圆的公共弦,两圆的公共弦,CONCEPT,数学选择性必修第一册·第二三章·解析几何,定位：数学选择性必修第一册 第二三章。两圆方程相减得到的直线方程只有在两圆相交时才是公共弦所在直线；两圆相离或内含时不能这样用。,《2026/2027 一轮复习讲义·学生版 / 知识清单·学生版》文本判定
MATH,两圆的公切线,两圆的公切线,CONCEPT,数学选择性必修第一册·第二三章·解析几何,定位：数学选择性必修第一册 第二三章。必须先由位置关系确定条数再逐条求解；斜率不存在的公切线容易漏解。,《2026/2027 一轮复习讲义·学生版 / 知识清单·学生版》文本判定
MATH,平面向量问题的建系技巧,平面向量问题的建系技巧,CONCEPT,数学必修第二册·第六章·平面向量,定位：数学必修第二册 第六章。建系后所有点、向量都必须用同一坐标系表示；图形没有垂直关系时要借助特殊角构造坐标轴。,《2026/2027 一轮复习讲义·学生版 / 知识清单·学生版》文本判定
PHYSICS,伏伏法测电阻,伏伏法测电阻,CONCEPT,物理必修第三册·第十一十二章·恒定电流,定位：物理必修第三册 第十一十二章。必须满足 $V_{2}$ 量程大于 $V_{1}$；把电压表当电流表用时必须已知（或能求出）该表内阻；两表读数都不宜低于量程三分之一；两表量程不同会带来读数精度差异，选择时要注意搭配。,《2026/2027 一轮复习讲义·学生版 / 知识清单·学生版》文本判定
PHYSICS,安安法测电阻,安安法测电阻,CONCEPT,物理必修第三册·第十一十二章·恒定电流,定位：物理必修第三册 第十一十二章。两表量程必须能搭配（$A_{2}>A_{1}$），读数不低于量程三分之一；把电流表当电压表用时必须已知其内阻；并联结构中要分清干路与支路，$I_{2}-I_{1}$ 是另一支路的电流而不是某块表的读数。,《2026/2027 一轮复习讲义·学生版 / 知识清单·学生版》文本判定
PHYSICS,半偏法测电阻,半偏法测电阻,CONCEPT,物理必修第三册·第十一十二章·恒定电流,定位：物理必修第三册 第十一十二章。只在 $R_{1}\gg R_{A}$ 的条件下误差才小；电源电动势偏低或 $R_{1}$ 不够大时干路电流变化显著，测量值偏小更多，需要改用更高电动势的电源来减小误差；本方法测得的值不适合直接用于高精度校准。,《2026/2027 一轮复习讲义·学生版 / 知识清单·学生版》文本判定
PHYSICS,探究功与速度变化的关系,探究功与速度变化的关系,CONCEPT,物理必修第二册·第八章·机械能与能量守恒,定位：物理必修第二册 第八章。每条橡皮筋的伸长量必须相同（小车每次都从同一位置由静止释放），否则各次做功不成整数倍关系；必须先平衡摩擦力，否则橡皮筋的功不等于小车受到的合力的功；速度要取纸带上点距均匀（匀速）的那一段测量。,《2026/2027 一轮复习讲义·学生版 / 知识清单·学生版》文本判定
PHYSICS,动能定理在多过程问题中的应用,动能定理在多过程问题中的应用,CONCEPT,物理必修第二册·第八章·机械能与能量守恒,定位：物理必修第二册 第八章。全过程列式只能求出与初末状态或总功有关的量，求中间状态必须回到分阶段；若某段过程中力的变化规律不明、无法写出做功表达式，也不能整体列式；阻力用路程计算，把位移当成路程是最常见的错误。,《2026/2027 一轮复习讲义·学生版 / 知识清单·学生版》文本判定
PHYSICS,填补法,填补法,CONCEPT,PHYSICS·综合·综合·综合,定位：PHYSICS·综合·综合。补全与相减都必须是矢量运算，方向不能丢；补上的部分要足够小才便于按点电荷近似；只有补上部分的电荷线密度（或面密度）与原带电体相同时，完整模型的场强才能直接相减。,《2026/2027 一轮复习讲义·学生版 / 知识清单·学生版》文本判定
PHYSICS,理想化模型,理想化模型,CONCEPT,PHYSICS·综合·综合·综合,定位：PHYSICS·综合·综合。理想化模型不是真实存在的物体或过程；同一研究对象在不同问题中可以抽象成不同模型（研究地球公转时可视为质点，研究自转时不能）。这类模型得出的结论只在忽略次要因素成立的前提下有效。,《2026/2027 一轮复习讲义·学生版 / 知识清单·学生版》文本判定
PHYSICS,电压表差值法,电压表差值法,CONCEPT,PHYSICS·综合·综合·综合,定位：PHYSICS·综合·综合。两表必须串联且通过它们的电流相同；已知电阻的阻值要足够准确，两表读数相差太小时相对误差会明显增大。注意电压表量程与读数精度，不要接错极性。,《2026/2027 一轮复习讲义·学生版 / 知识清单·学生版》文本判定
MATH,离心率的范围问题,离心率的范围问题,CONCEPT,数学选择性必修第一册·第二三章·解析几何,定位：数学选择性必修第一册 第二三章。求范围时不能忽略曲线本身对离心率的约束（椭圆 0<e<1、双曲线 e>1）；不等号方向的确定要依据几何条件，端点能否取到必须单独检验。注意椭圆与双曲线中 a、b、c 的关系不同，不能互相套用。,《2026/2027 一轮复习讲义·学生版 / 知识清单·学生版》文本判定
PHYSICS,实验方案的创新与改进,实验方案的创新与改进,CONCEPT,PHYSICS·综合·综合·综合,定位：PHYSICS·综合·综合。替代计时装置的前提是时间间隔已知且稳定（频闪周期、滴水周期、光电门的遮光时间）；写函数表达式时必须明确坐标轴代表的物理量，否则会把斜率与截距的物理意义读错；创新装置仍要满足加速度恒定这一数据处理前提。,《2026/2027 一轮复习讲义·学生版 / 知识清单·学生版》文本判定
MATH,圆锥曲线的弦长问题,圆锥曲线的弦长问题,CONCEPT,数学选择性必修第一册·第二三章·解析几何,定位：数学选择性必修第一册 第二三章。使用弦长公式前必须确认直线与曲线相交（判别式非负），否则会得到没有意义的弦长；双曲线的弦要分同支与两支；用根与系数关系求弦长时开方后的绝对值不能漏；通径是过焦点且垂直于对称轴的特殊弦。,《2026/2027 一轮复习讲义·学生版 / 知识清单·学生版》文本判定
MATH,圆中的定值问题,圆中的定值问题,CONCEPT,数学选择性必修第一册·第二三章·解析几何,定位：数学选择性必修第一册 第二三章。特殊值探出的定值只是猜想，必须回到一般情形证明；参数出现在分母或根号内时，特殊值不能取使表达式无意义的点；证明中每一步变形都要说明等价的依据。,《2026/2027 一轮复习讲义·学生版 / 知识清单·学生版》文本判定
PHYSICS,分析变压器电路的两点提醒,分析变压器电路的两点提醒,CONCEPT,物理必修第三册·第十一十二章·恒定电流,定位：物理必修第三册 第十一十二章。两点提醒分别针对“副线圈含二极管”与“原线圈含串联元件”两种改型电路；理想二极管按单向导电处理，实际元件还要考虑正向压降；串接负载时变压器的电压比关系只对变压器本身成立。,《2026/2027 一轮复习讲义·学生版 / 知识清单·学生版》文本判定
MATH,利用奇偶性求解析式,利用奇偶性求解析式,CONCEPT,数学必修第一册·第三章·函数的概念与性质,定位：数学必修第一册 第三章。求出的表达式必须写明适用区间；端点（尤其 $x=0$）的归属要与原题一致，不能漏；用 $f(-x)=-f(x)$ 时要先确认 $-x$ 落在已知解析式的区间内，否则代入无依据。,《2026/2027 一轮复习讲义·学生版 / 知识清单·学生版》文本判定
MATH,利用奇偶性求参数,利用奇偶性求参数,CONCEPT,数学必修第一册·第三章·函数的概念与性质,定位：数学必修第一册 第三章。$f(0)=0$ 只是必要条件，不能作为唯一依据；比较系数必须在恒等式成立的条件下进行，只代一个特殊值就下结论容易漏解；含对数或分式的题必须先写出定义域，定义域不对称则参数取值要重新核验。,《2026/2027 一轮复习讲义·学生版 / 知识清单·学生版》文本判定
MATH,利用奇偶性与单调性解不等式,利用奇偶性与单调性解不等式,CONCEPT,数学必修第一册·第二章·不等式,定位：数学必修第一册 第二章。不等号方向在脱 f 时由单调性决定，奇函数在对称区间上单调性相同、偶函数相反，不要一律按“单调递增”处理；偶函数取绝对值后得到的是绝对值不等式，要去绝对值讨论；解集若跨越 0，要核验 0 处是否有定义。,《2026/2027 一轮复习讲义·学生版 / 知识清单·学生版》文本判定
PHYSICS,电磁阻尼与电磁驱动,电磁阻尼与电磁驱动,CONCEPT,PHYSICS·综合·综合·综合,定位：PHYSICS·综合·综合。两者都是楞次定律「阻碍相对运动」的体现，安培力阻碍的是相对运动而不是绝对运动；电磁驱动中导体只能追赶磁场，不可能与磁场同速，否则磁通量不再变化、感应电流消失。,《2026/2027 一轮复习讲义·学生版 / 知识清单·学生版》文本判定
MATH,立体几何中的轨迹问题,立体几何中的轨迹问题,CONCEPT,数学必修第二册·第八章（空间向量见选择性必修第一册）·立体几何,定位：数学必修第二册 第八章（空间向量见选择性必修第一册）。判断轨迹前必须先说清动点满足的约束条件（平行、垂直、等距等）对应的几何对象；交轨法要注意两个几何面是否存在公共交线；用坐标法时坐标系要建在使条件最简单的位置，否则方程难以化简。,《2026/2027 一轮复习讲义·学生版 / 知识清单·学生版》文本判定
PHYSICS,弹簧弹力与形变量实验的创新改进,弹簧弹力与形变量实验的创新改进,CONCEPT,物理必修第一册·第三章·相互作用,定位：物理必修第一册 第三章。改造后仍须保证所测物理量与弹力一一对应。易错点：把拉力传感器的示数直接当作橡皮筋的弹力，忽略它只是弹力在水平方向的分力。,《2026/2027 一轮复习讲义·学生版 / 知识清单·学生版》文本判定
PHYSICS,力的合成实验的创新改进,力的合成实验的创新改进,CONCEPT,物理必修第一册·第三章·相互作用,定位：物理必修第一册 第三章。改造后仍须保证同一次实验中结点位置相同、作图标度统一。易错点：用电子秤替代时忽略其示数对应的方向与实际拉力方向的关系。,《2026/2027 一轮复习讲义·学生版 / 知识清单·学生版》文本判定
MATH,函数与方程的综合运用,函数与方程的综合运用,CONCEPT,数学必修第一册·第三章·函数的概念与性质,定位：数学必修第一册 第三章。转化的前提是能准确抓住函数图象的关键特征。易错点：只分析函数性质而不回到方程本身验证根的存在性。,《2026/2027 一轮复习讲义·学生版 / 知识清单·学生版》文本判定
MATH,比值与差值换元法处理双变量,比值与差值换元法处理双变量,CONCEPT,数学选择性必修第二册·第五章·函数与导数,定位：数学选择性必修第二册 第五章。换元后必须保证参数的取值范围由原变量的范围严格确定。易错点：换元后忘记写出新参数的范围，导致最值取在区间之外。,《2026/2027 一轮复习讲义·学生版 / 知识清单·学生版》文本判定
PHYSICS,探究加速度实验的器材与方案创新,探究加速度实验的器材与方案创新,CONCEPT,PHYSICS·综合·综合·综合,定位：PHYSICS·综合·综合。光电门测到的是遮光片通过光电门这段时间内的平均速度，只有遮光片足够窄、挡光时间极短时才能当作瞬时速度；用两光电门求出的加速度是这段位移上的平均加速度。气垫导轨上也并非完全无阻力，导轨不水平时重力分量仍会带来系统偏差。,《2026/2027 一轮复习讲义·学生版 / 知识清单·学生版》文本判定
MATH,空间直角坐标系的建立原则,空间直角坐标系的建立原则,CONCEPT,数学必修第二册·第八章（空间向量见选择性必修第一册）·立体几何,定位：数学必修第二册 第八章（空间向量见选择性必修第一册）。建系的前提是几何体中确实存在线面垂直；没有现成垂直关系而强行设轴，写出的坐标就是错的。换一种建系方式后，所有点的坐标与后续向量都要统一用新坐标，不能混用两套坐标。,《2026/2027 一轮复习讲义·学生版 / 知识清单·学生版》文本判定
MATH,空间中点坐标的求法,空间中点坐标的求法,CONCEPT,数学必修第二册·第八章（空间向量见选择性必修第一册）·立体几何,定位：数学必修第二册 第八章（空间向量见选择性必修第一册）。底面平面图必须按真实长度与角度作出，否则前两个坐标会写错；投影点的坐标不等于空间点自身的坐标，竖坐标要单独用到底面的距离确定；用向量法求点时要设三个未知数，尽量借助“点在某条棱上”“点在某个平面内”等条件减少未知量。,《2026/2027 一轮复习讲义·学生版 / 知识清单·学生版》文本判定
MATH,垂面模型的建系方法,垂面模型的建系方法,CONCEPT,数学必修第二册·第六章·平面向量,定位：数学必修第二册 第六章。垂面模型的前提是题目确实给出了线面垂直，或能先由已知条件证明线面垂直，建系前这一步证明不能省略；定轴路线选得不合适会让后续运算量骤增，选完后要检查关键点的坐标是否为 $0$ 或整数。,《2026/2027 一轮复习讲义·学生版 / 知识清单·学生版》文本判定
MATH,解三角形中的周长与边长范围问题,解三角形中的周长与边长范围问题,CONCEPT,数学必修第一册·第五章·三角函数,定位：数学必修第一册 第五章。范围问题的答案必须与角的限制一致：只求函数的最值而不检验角的范围，往往会把取不到的边界值写进答案。锐角条件同时限制三个角，不能只用一个条件；化为三角函数后要先化到同一单调区间再比较。,《2026/2027 一轮复习讲义·学生版 / 知识清单·学生版》文本判定
PHYSICS,往复运动问题,往复运动问题,CONCEPT,PHYSICS·综合·综合·综合,定位：PHYSICS·综合·综合。这类问题中“最终静止”是有价值的隐含条件，但物体最终停在何处需要判断：一般停在重力沿斜面的分力与静摩擦力平衡的位置，而不是一定停在挡板处。判断前先比较重力分力与最大静摩擦力的大小关系。,《2026/2027 一轮复习讲义·学生版 / 知识清单·学生版》文本判定
MATH,平均变化率与瞬时变化率,平均变化率与瞬时变化率,CONCEPT,数学必修第一册·第三章·函数的概念与性质,定位：数学必修第一册 第三章。分子分母必须对应同一段自变量区间，且 $\Delta x\neq 0$；平均变化率为负只说明函数值整体在减小，不能据此判断函数在该区间上单调。,《2026/2027 一轮复习讲义·学生版 / 知识清单·学生版》文本判定
MATH,平移切线法,平移切线法,CONCEPT,数学必修第一册·第三章·函数的概念与性质,定位：数学必修第一册 第三章。只有当所求直线与定直线平行时，切点到定直线的距离才对应最值；若曲线与定直线有公共点，则最小距离为 0 而不是切线到直线的距离，必须先判断两者有没有公共点。,《2026/2027 一轮复习讲义·学生版 / 知识清单·学生版》文本判定
PHYSICS,光电效应与带电粒子在电磁场中的综合模型,光电效应与带电粒子在电磁场中的综合模型,CONCEPT,物理选择性必修第一册·第四章·光学,定位：物理选择性必修第一册 第四章。光电子速度应由最大初动能求得；若题目给出的是遏止电压，则用 $eU_c=E_k$ 换算。电场与磁场同时存在时，要先判断各个力是否平衡（速度选择器情形），不能盲目套用类平抛或圆周运动公式；光电效应的产生条件与截止频率也要一并核对。,《2026/2027 一轮复习讲义·学生版 / 知识清单·学生版》文本判定
PHYSICS,Ek-x图像,Ek-x图像,CONCEPT,PHYSICS·综合·综合·综合,定位：PHYSICS·综合·综合。该结论要求只有静电力做功；有重力等其他力做功时，Ek－x 图像的斜率反映的是合力而不是静电力。,《2026/2027 一轮复习讲义·学生版 / 知识清单·学生版》文本判定
MATH,向量在物理中的应用,向量在物理中的应用,CONCEPT,数学必修第二册·第六章·平面向量,定位：数学必修第二册 第六章。力必须作用于同一作用点，不能随意平移后仍按同一组力处理；功、能量等是数量，与向量运算的结果类型不同，书写时要区分标量与矢量。,《2026/2027 一轮复习讲义·学生版 / 知识清单·学生版》文本判定
MATH,三角形的心的向量表示,三角形的心的向量表示,CONCEPT,数学必修第二册·第六章·平面向量,定位：数学必修第二册 第六章。内心公式中的系数是三边长，顺序要与顶点对应；重心等式要求三个向量都以重心为起点（或都用顶点位置向量）；外心的识别不能只靠一个等式，要结合模相等的特征；由向量等式判断“心”时要排除退化（三点共线）的情形。,《2026/2027 一轮复习讲义·学生版 / 知识清单·学生版》文本判定
MATH,线段的定比分点,线段的定比分点,CONCEPT,数学必修第二册·第六章·平面向量,定位：数学必修第二册 第六章。公式中的比是“起点到分点”与“分点到终点”的比，写反会得到倒数关系；$\lambda\ne-1$ 时公式才成立；用向量表示分点时要注意方向，“靠近 B 的四等分点”与“靠近 A 的四等分点”对应不同的比例。,《2026/2027 一轮复习讲义·学生版 / 知识清单·学生版》文本判定
PHYSICS,卫星的追及与相遇问题,卫星的追及与相遇问题,CONCEPT,物理必修第一册·第二章·匀变速直线运动,定位：物理必修第一册 第二章。两卫星必须绕同一中心天体、在同一平面内运动；同向转动用角度之差、反向转动用角度之和，不能混用；n 从 1 开始取，得到的是第一次相距最近（或最远）的时间；两卫星的角速度要由各自的轨道半径求出，不能想当然。,《2026/2027 一轮复习讲义·学生版 / 知识清单·学生版》文本判定
PHYSICS,力的正交分解法,力的正交分解法,CONCEPT,物理必修第一册·第三章·相互作用,定位：物理必修第一册 第三章。两个坐标轴必须互相垂直，否则不能按勾股关系合成；同一个力分解到两个轴上后不能再重复计入其他方向；坐标系选取要与运动方向、加速度方向或题给的正交关系配合，选得不好会大幅增加计算量；求合力时各轴分量要用正负号表示方向。,《2026/2027 一轮复习讲义·学生版 / 知识清单·学生版》文本判定
MATH,导数双变量问题的处理方法,导数双变量问题的处理方法,CONCEPT,数学选择性必修第二册·第五章·函数与导数,定位：数学选择性必修第二册 第五章。构造函数法要求变形后两边形式确实相同，否则无法设同一个新变量；换元后要确定新元的取值范围；消元法以两变量是同一方程的两个根为前提；主元法要把另一个变量真正当作常数处理并说明其合理性；两变量不相等时不能用取等号的方式来估计。,《2026/2027 一轮复习讲义·学生版 / 知识清单·学生版》文本判定
MATH,求圆锥曲线离心率的四步法,求圆锥曲线离心率的四步法,CONCEPT,数学选择性必修第一册·第二三章·解析几何,定位：数学选择性必修第一册 第二三章。每一步都要围绕离心率定义式展开，中途不要更换目标量；椭圆与双曲线中 a、b、c 的关系不同，消参时不能混用；求出结果必须检验离心率范围，范围问题还要结合几何条件（点在内部、直线与曲线相交等）列出不等式。,《2026/2027 一轮复习讲义·学生版 / 知识清单·学生版》文本判定
MATH,三角函数中ω的取值范围问题,三角函数中ω的取值范围问题,CONCEPT,数学必修第一册·第五章·三角函数,定位：数学必修第一册 第五章。正弦型与正切型的周期公式不同，不能混用；相邻关键点的距离是半个周期（或四分之一周期），不要误当作一个周期；ω 的正负未说明时要分类讨论；列不等式时注意端点能否取等（取决于区间开闭）。,《2026/2027 一轮复习讲义·学生版 / 知识清单·学生版》文本判定
PHYSICS,v-t图像信息的读取方法,v-t图像信息的读取方法,CONCEPT,PHYSICS·综合·综合·综合,定位：PHYSICS·综合·综合。图线与时间轴围成的面积表示位移，正负要分段累计；速度方向与加速度方向相反时物体减速；非匀变速运动的图线是曲线，此时某点切线的斜率才表示该时刻的加速度；图像只能描述直线运动，不能据此判断物体做曲线运动。,《2026/2027 一轮复习讲义·学生版 / 知识清单·学生版》文本判定
PHYSICS,测量电源电动势和内阻的误差分析,测量电源电动势和内阻的误差分析,CONCEPT,物理必修第三册·第十一十二章·恒定电流,定位：物理必修第三册 第十一十二章。两个结论对应的电路不同，不能互换使用；偶然误差靠多测数据作图减小，系统误差只能靠改进电路或对结果修正来消除；实验时电流不宜过大、时间不宜过长，否则电源本身的参数会改变。,《2026/2027 一轮复习讲义·学生版 / 知识清单·学生版》文本判定
PHYSICS,安欧法测电源电动势和内阻,安欧法测电源电动势和内阻,CONCEPT,物理必修第三册·第十一十二章·恒定电流,定位：物理必修第三册 第十一十二章。变形后所作图线必须是直线，纵轴截距的负号不要漏掉；由于电流表内阻被计入内阻，本方案测得的内阻总是偏大，已知电流表内阻时应在结果中扣除；电阻箱阻值不能调到过小，以免电流过大损坏电源或超出量程。,《2026/2027 一轮复习讲义·学生版 / 知识清单·学生版》文本判定
PHYSICS,伏欧法测电源电动势和内阻,伏欧法测电源电动势和内阻,CONCEPT,物理必修第三册·第十一十二章·恒定电流,定位：物理必修第三册 第十一十二章。作图时横轴取电阻的倒数，当电阻箱阻值很大时该量接近零，此时纵轴截距才接近电动势的倒数；由于电压表分流，本方案的测量结果是系统性偏小；电阻箱阻值不能过小，否则电压表读数过小、相对误差增大。,《2026/2027 一轮复习讲义·学生版 / 知识清单·学生版》文本判定
PHYSICS,地球自转与赤道上的完全失重,地球自转与赤道上的完全失重,CONCEPT,物理必修第一册·第四章·牛顿运动定律,定位：物理必修第一册 第四章。结论只适用于赤道处，两极不会出现失重；临界条件是支持力为零而不是重力为零；由此得到的周期是环绕地球的最小周期，实际卫星的周期不可能比它更小；计算时要把“随地球自转”与“绕地球运行”两种运动区分开。,《2026/2027 一轮复习讲义·学生版 / 知识清单·学生版》文本判定
PHYSICS,天体不瓦解的最小密度,天体不瓦解的最小密度,CONCEPT,物理必修第二册·第七章·万有引力与宇宙航行,定位：物理必修第二册 第七章。推导中只考虑赤道处的物体，并取万有引力恰好提供向心力这一临界情况；结论要求已知自转周期，且把天体视为质量分布均匀的球体；最小密度不等于天体真实密度，它只是稳定性的下界。,《2026/2027 一轮复习讲义·学生版 / 知识清单·学生版》文本判定
PHYSICS,近地卫星、极地卫星与地球同步卫星,近地卫星、极地卫星与地球同步卫星,CONCEPT,物理必修第二册·第七章·万有引力与宇宙航行,定位：物理必修第二册 第七章。同步卫星只能在赤道上空，不能定位在任意经度的上方；周期等于地球自转周期不等于与地球相对静止，还需要同向、同角速度；极地卫星与同步卫星的轨道平面不同，不能套用同步卫星的结论；近地卫星的参量是环绕运动的上限或下限。,《2026/2027 一轮复习讲义·学生版 / 知识清单·学生版》文本判定
PHYSICS,欧姆表的原理与刻度,欧姆表的原理与刻度,CONCEPT,物理必修第三册·第十一十二章·恒定电流,定位：物理必修第三册 第十一十二章。欧姆表刻度不均匀，不能按均匀刻度估读；换挡后必须重新调零；测电阻时必须把待测电阻与电源及其他元件断开；电池老化会使测量值偏大，属于系统误差。,《2026/2027 一轮复习讲义·学生版 / 知识清单·学生版》文本判定
PHYSICS,多用电表的使用与读数,多用电表的使用与读数,CONCEPT,物理必修第三册·第十一十二章·恒定电流,定位：物理必修第三册 第十一十二章。测电阻时每换一次挡都必须重新欧姆调零；读数时要乘以相应挡位的倍率；测电阻时必须把待测电阻与其他元件和电源断开，否则会影响测量结果甚至损坏电表；测量时手不能接触表笔的金属杆；选择开关不能停在欧姆挡上长期存放。,《2026/2027 一轮复习讲义·学生版 / 知识清单·学生版》文本判定
PHYSICS,多用电表的读数规则与使用注意事项,多用电表的读数规则与使用注意事项,REASONING,物理必修第三册·第十一十二章·恒定电流,定位：物理必修第三册 第十一十二章。最小刻度为 1、0.1 一类需要估读到下一位，而 2、5 一类只读到本位，两种规则混用会导致读数位数错误；欧姆挡刻度不均匀，不能按均匀刻度估读；表内电池用久后电动势减小会使电阻的测量值偏大。,《2026/2027 一轮复习讲义·学生版 / 知识清单·学生版》文本判定
MATH,中点坐标与重心坐标公式,中点坐标与重心坐标公式,CONCEPT,数学必修第一册·第三章·函数的概念与性质,定位：数学必修第一册 第三章。两个公式都要求点的坐标已知且为同一坐标系下的坐标；重心公式只对三角形适用，不能直接套用到四边形等其他图形；由中点反求端点时要注意谁是谁的中点，端点坐标等于二倍中点坐标减去另一端点的坐标。,《2026/2027 一轮复习讲义·学生版 / 知识清单·学生版》文本判定
MATH,直线的方向向量与参数方程,直线的方向向量与参数方程,CONCEPT,数学必修第二册·第六章·平面向量,定位：数学必修第二册 第六章。方向向量必须是非零向量；方向向量不唯一，与它共线的任何非零向量都可以作方向向量；用参数方程时要注意 $t$ 并不等于点到定点的距离，除非方向向量是单位向量。,《2026/2027 一轮复习讲义·学生版 / 知识清单·学生版》文本判定
MATH,中心对称与轴对称的坐标关系,中心对称与轴对称的坐标关系,CONCEPT,数学选择性必修第一册·第二三章·解析几何,定位：数学选择性必修第一册 第二三章。求点关于直线对称的对称点时，垂直与中点两个条件缺一不可；曲线对称用的是变量替换法，替换的是方程中的所有 $x$、$y$；特殊对称的结论只对相应的特殊直线成立，不能套用到一般的斜线上。,《2026/2027 一轮复习讲义·学生版 / 知识清单·学生版》文本判定
MATH,直线关于点与直线对称的求法,直线关于点与直线对称的求法,CONCEPT,数学选择性必修第一册·第二三章·解析几何,定位：数学选择性必修第一册 第二三章。取点时不能只取一个点，也不能取交点本身，否则无法确定一条直线；直线关于直线对称必须先判断两条直线是否平行，平行时光用交点法会失效；对称关系是相互的，检验时可把所求直线上一点再对称回去看是否落在原直线上。,《2026/2027 一轮复习讲义·学生版 / 知识清单·学生版》文本判定
PHYSICS,二次感应问题（程序法与逆向推理法）,二次感应问题（程序法与逆向推理法）,CONCEPT,PHYSICS·综合·综合·综合,定位：PHYSICS·综合·综合。程序法中最容易漏掉的是电流大小的变化这一步，只判断方向会导致后一步推错；逆向推理每一步的依据仍是楞次定律与安培定则，不能凭现象直接猜电流方向；两个回路之间通过磁场耦合，不能把一次、二次回路孤立开来分别分析；铁芯的作用是集中磁场，分析时要把铁,《2026/2027 一轮复习讲义·学生版 / 知识清单·学生版》文本判定
PHYSICS,探究平抛运动特点的实验原理与器材,探究平抛运动特点的实验原理与器材,CONCEPT,物理必修第二册·第五六章·抛体运动与圆周运动,定位：物理必修第二册 第五六章。斜槽末端的水平程度直接决定实验是否成立，未调平会带来系统性偏差。坐标原点必须取球心的投影点，若误取槽口端点，竖直位移会整体相差一个球半径，算出的初速度随之偏离。器材中挡板与复写纸的作用是留下印迹，白纸贴在背板上承接印迹，两者不可互换。,《2026/2027 一轮复习讲义·学生版 / 知识清单·学生版》文本判定
PHYSICS,探究平抛运动特点的实验步骤,探究平抛运动特点的实验步骤,CONCEPT,物理必修第二册·第五六章·抛体运动与圆周运动,定位：物理必修第二册 第五六章。第 2 步的平衡法检查要求小球在直轨道上任意位置都能静止，只有这样才能确认末端水平。第 3 步中释放位置必须固定，若每次都换位置，描出的点不属于同一条轨迹，后续求初速度将失去意义。第 4 步的原点定位容易被简化为槽口端点，这是最常见的操作错,《2026/2027 一轮复习讲义·学生版 / 知识清单·学生版》文本判定
PHYSICS,平抛运动轨迹的数据处理与初速度计算,平抛运动轨迹的数据处理与初速度计算,CONCEPT,物理必修第二册·第五六章·抛体运动与圆周运动,定位：物理必修第二册 第五六章。竖直方向相邻相等时间内的位移差等于 $gT^2$，这是处理纸带与轨迹类问题的通用桥梁，用它才能绕开“没有抛出点”的困难。取三点的前提是水平间距相等，只有这样才能保证时间间隔相等；若三点水平间距不等，位移差公式不能直接使用。用平均值处理多个点,《2026/2027 一轮复习讲义·学生版 / 知识清单·学生版》文本判定
PHYSICS,探究平抛运动特点实验的误差分析,探究平抛运动特点实验的误差分析,CONCEPT,物理必修第二册·第五六章·抛体运动与圆周运动,定位：物理必修第二册 第五六章。前两条属于系统误差：无论测量多少次，只要斜槽不水平或原点取错，结果都会稳定地偏向一侧，不能用取平均的办法消除，只能通过规范操作避免。第三条既与器材选择有关，也与运动速度有关，选密度大的球只能减小而不能完全消除。判断偏大还是偏小时，要先明确误,《2026/2027 一轮复习讲义·学生版 / 知识清单·学生版》文本判定
PHYSICS,探究平抛运动特点实验的注意事项,探究平抛运动特点实验的注意事项,REASONING,物理必修第二册·第五六章·抛体运动与圆周运动,定位：物理必修第二册 第五六章。挡板每次是否等间距下移并不影响结论，等间距不是必须满足的条件，把它当成必要条件属于常见误判。斜槽是否光滑同样不影响实验成立，因为每次只要从同一位置释放，摩擦力导致的能量损失在各次之间相同，抛出速度仍然相等。坐标原点与槽口端点的区别是判断类题,《2026/2027 一轮复习讲义·学生版 / 知识清单·学生版》文本判定
PHYSICS,向心力演示器的实验原理与器材,向心力演示器的实验原理与器材,CONCEPT,物理必修第二册·第五六章·抛体运动与圆周运动,定位：物理必修第二册 第五六章。本实验属于半定量实验，标尺格数只能粗略反映向心力的大小，结论是比例关系而不是精确数值。三个被研究的量必须严格按控制变量法分组，任何一组若同时改变了两个量，得到的现象就无法归因。皮带在塔轮上的放置层数决定角速度之比，判断“能否同时改变角速度与,《2026/2027 一轮复习讲义·学生版 / 知识清单·学生版》文本判定
PHYSICS,探究向心力影响因素的实验过程,探究向心力影响因素的实验过程,CONCEPT,物理必修第二册·第五六章·抛体运动与圆周运动,定位：物理必修第二册 第五六章。每一组对照中只允许一个量不同，这是判断操作是否正确的唯一标准。做质量对照时必须选用体积相同的球，否则半径会随之变化，两个变量同时改变会使结论失效。做角速度对照时两球必须放在到转轴距离相同的位置；做半径对照时则必须放在到转轴距离不同的位置，两,《2026/2027 一轮复习讲义·学生版 / 知识清单·学生版》文本判定
PHYSICS,探究向心力影响因素的图像处理与结论,探究向心力影响因素的图像处理与结论,CONCEPT,物理必修第二册·第五六章·抛体运动与圆周运动,定位：物理必修第二册 第五六章。把横坐标换成变量的平方是处理实验数据的常用技巧，其依据是待验证的关系本身；换坐标前应先猜测可能的比例形式，再用图线是否过原点来检验。结论必须在“其余量不变”的前提下使用，若三个量同时变化，向心力与某一量的关系不能单独成立。图中纵坐标若为格数,《2026/2027 一轮复习讲义·学生版 / 知识清单·学生版》文本判定
PHYSICS,向心力演示器的使用注意事项,向心力演示器的使用注意事项,REASONING,物理必修第二册·第五六章·抛体运动与圆周运动,定位：物理必修第二册 第五六章。紧固螺钉属于安全要求，缺失会直接造成事故，不能只当作操作细节。摇动手柄若快速加速，标尺格数来不及稳定，记录的数据不可靠，但“缓慢”并不意味着必须非常慢，关键是达到目标转速后保持匀速。读数时两侧标尺应尽量同时读取，若无法同时读取，就按先稳一侧,《2026/2027 一轮复习讲义·学生版 / 知识清单·学生版》文本判定
PHYSICS,用传感器与计算机描绘平抛运动轨迹,用传感器与计算机描绘平抛运动轨迹,CONCEPT,物理必修第二册·第五六章·抛体运动与圆周运动,定位：物理必修第二册 第五六章。传感器测距依赖两个接收器与发射源之间的几何关系，接收器与发射源必须在同一平面内，否则定位关系不成立。时间差的测量精度决定了坐标精度，超声脉冲与红外脉冲必须同时发出才有效。这类拓展实验虽然手段新，但数据处理方法没有变，不能用“新方法”为理由改,《2026/2027 一轮复习讲义·学生版 / 知识清单·学生版》文本判定
PHYSICS,相对论时空观与牛顿力学的局限性,相对论时空观与牛顿力学的局限性,CONCEPT,物理必修第一册·第四章·牛顿运动定律,定位：物理必修第一册 第四章。相对性原理只针对惯性参考系，非惯性系中的物理规律形式并不相同。时间延缓与长度收缩都是相对于观察者所在参考系而言的，判断“变快”“变长”一类选项时要先确认观察者与运动物体的相对关系。相对论效应在低速下极其微弱，不能因为生活中观察不到就否定其存,《2026/2027 一轮复习讲义·学生版 / 知识清单·学生版》文本判定
PHYSICS,求变力做功的常用方法,求变力做功的常用方法,CONCEPT,物理必修第二册·第八章·机械能与能量守恒,定位：物理必修第二册 第八章。图像法算的是图线与横轴围成的面积，横轴必须是位移而不是时间；若图像是 $P-t$ 图，面积才表示功。平均力法只在力随位移线性变化时成立，非线性变化时取端点算术平均会得到错误结果。动能定理法得到的是变力的总功，若过程中有多个变力做功，无法把它,《2026/2027 一轮复习讲义·学生版 / 知识清单·学生版》文本判定
PHYSICS,力做功与路径的关系及成对力的做功特点,力做功与路径的关系及成对力的做功特点,CONCEPT,物理必修第二册·第八章·机械能与能量守恒,定位：物理必修第二册 第八章。“重力做功与路径无关”不等于“重力做功与位移无关”，重力做功等于重力乘以竖直方向的高度差。作用力与反作用力的做功问题最容易出错的地方是套用“做功大小相等、符号相反”，该结论只对平衡力成立。安培力做功与路径有关，同时它做的功还对应电能的转化，,《2026/2027 一轮复习讲义·学生版 / 知识清单·学生版》文本判定
MATH,平面向量中的范围与最值问题的处理思路,平面向量中的范围与最值问题的处理思路,CONCEPT,数学必修第二册·第六章·平面向量,定位：数学必修第二册 第六章。函数化时要写清自变量的取值范围，忽略范围会把局部最值当成整体最值。数形结合时几何图形的性质必须用对，例如动点在圆上时点到定点的距离最值要借助圆心连线判断，不能凭直觉。向量夹角、模的取值范围本身有限制，转化时不能把这些限制丢掉。,《2026/2027 一轮复习讲义·学生版 / 知识清单·学生版》文本判定
MATH,三角形四心的向量特征,三角形四心的向量特征,CONCEPT,数学必修第二册·第六章·平面向量,定位：数学必修第二册 第六章。外心的向量特征式只对锐角三角形成立，钝角三角形中面积与中心角的关系会出现符号差异，改用余弦形式更稳妥。内心特征式中的系数是三边长度，不是三个角的正弦或正切，容易与其余三心混淆。这些结论的成立前提都是点位于三角形内部，判断类题目要先确认这一点,《2026/2027 一轮复习讲义·学生版 / 知识清单·学生版》文本判定
PHYSICS,平均功率与瞬时功率,平均功率与瞬时功率,CONCEPT,物理必修第二册·第八章·机械能与能量守恒,定位：物理必修第二册 第八章。求瞬时功率不能用 $P=\dfrac{W}{t}$；平均功率与瞬时功率之间一般没有直接的大小关系；比较某个力的功率时要抓住力与速度方向的夹角，同一个力在不同速度方向下功率可能完全不同。,《2026/2027 一轮复习讲义·学生版 / 知识清单·学生版》文本判定
PHYSICS,比值定义法,比值定义法,CONCEPT,PHYSICS·综合·综合·综合,定位：PHYSICS·综合·综合。比值定义不等于数学上的正比反比关系，只有其它量保持不变时才能说两个量成反比；判断某个力是否做功要看力与位移的夹角，不能由力的性质直接断定做功的正负；用比值定义法定义的物理量，其大小由比值本身决定。,《2026/2027 一轮复习讲义·学生版 / 知识清单·学生版》文本判定
PHYSICS,非质点类物体的机械能守恒,非质点类物体的机械能守恒,CONCEPT,物理必修第二册·第八章·机械能与能量守恒,定位：物理必修第二册 第八章。非质点类物体不能用物体上某一点的位移代替重心的升降；分段时要按质量分布把物体分成规则的部分，分别取各部分的重心；全过程机械能守恒的前提仍然是没有摩擦、没有机械能与其他形式能的转化。,《2026/2027 一轮复习讲义·学生版 / 知识清单·学生版》文本判定
MATH,共零点法,共零点法,CONCEPT,数学选择性必修第二册·第五章·函数与导数,定位：数学选择性必修第二册 第五章。使用的前提是乘积在整个区间上确实恒非负或恒非正，且函数在定义域内确实存在零点；若其中某个函数没有零点，就不能建立零点共有的关系，只能转化为恒成立问题处理；由共零点求出的参数必须回代检验，确认乘积的符号在整个区间上都符合要求。,《2026/2027 一轮复习讲义·学生版 / 知识清单·学生版》文本判定
PHYSICS,平抛运动问题的解题思路,平抛运动问题的解题思路,CONCEPT,物理必修第二册·第五六章·抛体运动与圆周运动,定位：物理必修第二册 第五六章。先判断已知量是速度还是位移再选分解对象；当题目同时涉及速度与位移的角度关系时，用 $\tan\theta=2\tan\alpha$ 建立联系；沿斜面分解时要注意初速度在斜面方向上的分量可能为零，不要漏掉重力沿斜面的分量。,《2026/2027 一轮复习讲义·学生版 / 知识清单·学生版》文本判定
PHYSICS,空间抛体问题,空间抛体问题,CONCEPT,物理必修第二册·第五六章·抛体运动与圆周运动,定位：物理必修第二册 第五六章。水平面内两个方向的初速度分量需要按矢量分解得到，不能只取一个方向；抛体所在平面若与竖直方向不平行，须先把速度分解到竖直方向和水平面内，再分别处理。,《2026/2027 一轮复习讲义·学生版 / 知识清单·学生版》文本判定
PHYSICS,平抛与竖直面结合问题,平抛与竖直面结合问题,CONCEPT,物理必修第二册·第五六章·抛体运动与圆周运动,定位：物理必修第二册 第五六章。水平位移由几何确定的前提是物体确实能打到竖直面上（时间不超过落地时间）；当竖直面不是无限高时，还要检验落点是否落在面内；向多方向抛出时各方向的水平分速度不同，不能共用同一个水平位移。,《2026/2027 一轮复习讲义·学生版 / 知识清单·学生版》文本判定
PHYSICS,探究小车速度随时间变化的规律（实验）,探究小车速度随时间变化的规律（实验）,CONCEPT,PHYSICS·综合·综合·综合,定位：PHYSICS·综合·综合。释放小车前必须把小车停在靠近打点计时器处，以保证纸带上打出足够多的点；操作顺序是先接通电源、后释放小车，顺序颠倒会丢掉开始阶段的点；纸带要穿过限位孔并保持平直。,《2026/2027 一轮复习讲义·学生版 / 知识清单·学生版》文本判定
PHYSICS,碰撞过程的三条规律,碰撞过程的三条规律,CONCEPT,物理选择性必修第一册·第一章·动量,定位：物理选择性必修第一册 第一章。动能不增加指的是机械能不增加，若碰撞过程中有其他形式的能转化为机械能（如爆炸、弹簧弹开），则不适用；速度情景的本质是碰后不能穿越；三条规律只是必要条件，还要结合题设限制确定唯一解。,《2026/2027 一轮复习讲义·学生版 / 知识清单·学生版》文本判定
PHYSICS,爆炸现象与动量守恒,爆炸现象与动量守恒,CONCEPT,物理选择性必修第一册·第一章·动量,定位：物理选择性必修第一册 第一章。爆炸过程机械能不守恒（总动能增加），不能用机械能守恒求速度，只能用动量守恒；各碎块速度都要相对地面；爆炸在竖直方向进行时重力冲量不能完全忽略，一般优先使用水平方向的动量守恒。,《2026/2027 一轮复习讲义·学生版 / 知识清单·学生版》文本判定
PHYSICS,相对运动法（换参法）,相对运动法（换参法）,CONCEPT,PHYSICS·综合·综合·综合,定位：PHYSICS·综合·综合。相对加速度为零时不能再用上述公式（此时相对速度不变，距离始终变化）；参考系要选同一惯性系中的另一个物体，速度与位移都要先相对地面求出再作差；相对量的方向要统一规定正方向，换算回对地位移时不要漏掉参考系自身的位移。,《2026/2027 一轮复习讲义·学生版 / 知识清单·学生版》文本判定
PHYSICS,运动学方程根的物理意义与取舍,运动学方程根的物理意义与取舍,CONCEPT,PHYSICS·综合·综合·综合,定位：PHYSICS·综合·综合。小的根有意义不是普遍规律，竖直上抛这类往返运动中两个正根都可以有意义；判断标准是物理过程是否真实可能（是否刹停、是否反向），而不是根的大小；负根在时间上无意义，但在速度上可能表示反方向。,《2026/2027 一轮复习讲义·学生版 / 知识清单·学生版》文本判定
PHYSICS,往返类与刹车类问题,往返类与刹车类问题,CONCEPT,物理必修第一册·第二章·匀变速直线运动,定位：物理必修第一册 第二章。往返对称类可整体用匀变速公式，不对称类必须分段；刹车类必须先判断相遇是否发生在刹停之前；把刹车当成能自动反向加速的运动是常见的错根来源；速度减为零后若无外力作用不会自动反向。,《2026/2027 一轮复习讲义·学生版 / 知识清单·学生版》文本判定
PHYSICS,相遇次数问题,相遇次数问题,CONCEPT,物理必修第一册·第二章·匀变速直线运动,定位：物理必修第一册 第二章。结论中的匀速、加速度相同等前提不能忽略，前提不同结论会改变；同时同地出发的匀变速运动虽然方程有根，但出发点本身已经是一次相遇；相遇次数还受时间范围（如某一物体已停止运动）的限制。,《2026/2027 一轮复习讲义·学生版 / 知识清单·学生版》文本判定
MATH,圆锥曲线的光学性质,圆锥曲线的光学性质,CONCEPT,数学选择性必修第一册·第二三章·解析几何,定位：数学选择性必修第一册 第二三章。记忆时要注意双曲线是反射光线的反向延长线经过另一焦点，与椭圆中反射光线直接经过另一焦点不同；抛物线是平行于对称轴，且入射方向与反射方向要对应；光学性质是几何结论，使用前要先明确焦点与对称轴的位置。,《2026/2027 一轮复习讲义·学生版 / 知识清单·学生版》文本判定
MATH,圆锥曲线的截线性质,圆锥曲线的截线性质,CONCEPT,数学选择性必修第一册·第二三章·解析几何,定位：数学选择性必修第一册 第二三章。截口为椭圆的结论要求平面与圆锥（圆柱）的所有母线都相交，即平面与轴的夹角大于母线与轴的夹角；用两球证明时要分清两球与截面的切点就是两个焦点；到定点距离与到定直线距离之比为常数与圆锥曲线第二定义一致，不要记反定点与定直线。,《2026/2027 一轮复习讲义·学生版 / 知识清单·学生版》文本判定
MATH,手电筒模型,手电筒模型,CONCEPT,数学必修第一册·第三章·函数的概念与性质,定位：数学必修第一册 第三章。使用前要确认定点确实在曲线上，且两动点与定点不重合；斜率之和为定值的条件是解题关键，常见情形是两直线斜率互为相反数；直线 $PQ$ 过定点与 $PQ$ 斜率为定值是两种不同结论，要按题设中斜率之和或之积的具体值判断用哪一种。,《2026/2027 一轮复习讲义·学生版 / 知识清单·学生版》文本判定
PHYSICS,伏安特性曲线,伏安特性曲线,CONCEPT,物理必修第三册·第十一十二章·恒定电流,定位：物理必修第三册 第十一十二章。只有图线是过原点的直线（线性元件）时斜率才等于电阻；小灯泡等非线性元件的电阻随电压（温度）变化，不能用某一固定斜率代替；横纵坐标互换的 $I-U$ 图线中斜率的倒数才是电阻，切忌混用。,《2026/2027 一轮复习讲义·学生版 / 知识清单·学生版》文本判定
PHYSICS,圆周运动的周期性与多解问题,圆周运动的周期性与多解问题,CONCEPT,物理必修第二册·第五六章·抛体运动与圆周运动,定位：物理必修第二册 第五六章。这类问题必须考虑圆周运动的周期性 时间等式常写成周期的整数倍 求出多解后需检验是否与实际相符 圆筒只留一个弹孔时时间是周期的整数倍,《2026/2027 一轮复习讲义·学生版 / 知识清单·学生版》文本判定
MATH,狄利克雷函数与高斯函数,狄利克雷函数与高斯函数,CONCEPT,数学必修第一册·第三章·函数的概念与性质,定位：数学必修第一册 第三章。狄利克雷函数没有最小正周期 高斯函数的图象是阶梯状的分段常值函数 分段函数的值域要逐段求出后取并集,《2026/2027 一轮复习讲义·学生版 / 知识清单·学生版》文本判定
MATH,三角函数求值中的易错点,三角函数求值中的易错点,REASONING,数学必修第一册·第五章·三角函数,定位：数学必修第一册 第五章。开方取舍必须依据角的范围 参数取值要与象限条件相容 不能只保留正号 忽略范围会导致多解,《2026/2027 一轮复习讲义·学生版 / 知识清单·学生版》文本判定
PHYSICS,热力学第零定律,热力学第零定律,CONCEPT,物理选择性必修第三册·第一至三章·热学,定位：物理选择性必修第三册 第一至三章。定律的前提是系统之间已经达到热平衡（温度相同） 而不是时间上先后接触过 传热的方向由温度差决定 与系统的大小和种类无关,《2026/2027 一轮复习讲义·学生版 / 知识清单·学生版》文本判定
PHYSICS,热力学第三定律,热力学第三定律,CONCEPT,物理选择性必修第三册·第一至三章·热学,定位：物理选择性必修第三册 第一至三章。绝对零度不可达到是对有限过程而言的 热力学温度不能取负值 不要把它与摄氏温度的负数值混淆,《2026/2027 一轮复习讲义·学生版 / 知识清单·学生版》文本判定
PHYSICS,绳连接与杆连接系统,绳连接与杆连接系统,CONCEPT,物理必修第一册·第三章·相互作用,定位：物理必修第一册 第三章。只有沿绳（杆）方向的分量相等 垂直方向的分速度一般不相等 绳被突然拉紧的瞬间有机械能损失 不能全程套用机械能守恒,《2026/2027 一轮复习讲义·学生版 / 知识清单·学生版》文本判定
PHYSICS,力电综合问题的三种观点,力电综合问题的三种观点,CONCEPT,PHYSICS·综合·综合·综合,定位：PHYSICS·综合·综合。三个观点可以单独使用也可以联立使用 但每个观点各有适用条件 动量守恒要求合外力为零或内力远大于外力 动能定理与能量守恒不受此限制,《2026/2027 一轮复习讲义·学生版 / 知识清单·学生版》文本判定
PHYSICS,电学实验仪器的选择,电学实验仪器的选择,CONCEPT,PHYSICS·综合·综合·综合,定位：PHYSICS·综合·综合。量程选择不能只看“能测到” 还要看指针是否落在合适的读数区间 滑动变阻器的额定电流必须大于电路中的最大电流 否则会被烧坏,《2026/2027 一轮复习讲义·学生版 / 知识清单·学生版》文本判定
MATH,糖水（浓度）不等式,糖水（浓度）不等式,CONCEPT,数学必修第一册·第二章·不等式,定位：数学必修第一册 第二章。要求分子、分母以及所加的 $m$ 都为正数，且原来的分数必须是真分数（分子小于分母）；若分子大于分母，加同一个正数后分数值反而变小。,《2026/2027 一轮复习讲义·学生版 / 知识清单·学生版》文本判定
PHYSICS,电学实验器材的选取,电学实验器材的选取,CONCEPT,PHYSICS·综合·综合·综合,定位：PHYSICS·综合·综合。量程选得过大指针偏转不足，读数误差大；选得过小则可能超量程；保护电阻的阻值过大会使工作电流过小，反而使电表读数不准。,《2026/2027 一轮复习讲义·学生版 / 知识清单·学生版》文本判定
PHYSICS,实物图的连接,实物图的连接,CONCEPT,PHYSICS·综合·综合·综合,定位：PHYSICS·综合·综合。分压式接法漏接下面一个接线柱会造成滑片移动时电压不变化或短路；电表正负接线柱接反会使指针反偏；导线交叉处并不表示相连，实物图中必须避免交叉连线。,《2026/2027 一轮复习讲义·学生版 / 知识清单·学生版》文本判定
MATH,指数函数与对数函数的图象关系,指数函数与对数函数的图象关系,CONCEPT,数学必修第一册·第三章·函数的概念与性质,定位：数学必修第一册 第三章。反函数的图象关于 $y=x$ 对称，但对称的是两函数图象而不是函数本身；讨论单调性前必须先确认底数范围；$a>0$ 且 $a≠1$ 是前提，不满足时不能称为指数函数或对数函数。,《2026/2027 一轮复习讲义·学生版 / 知识清单·学生版》文本判定
PHYSICS,星球的瓦解与黑洞,星球的瓦解与黑洞,CONCEPT,物理必修第二册·第七章·万有引力与宇宙航行,定位：物理必修第二册 第七章。瓦解的临界条件针对的是赤道上的物体，与两极处的物体无关；逃逸速度是第一宇宙速度的 $\sqrt{2}$ 倍，不是 $2$ 倍；估算黑洞半径时只能得到数量级，代入数据前要统一单位。,《2026/2027 一轮复习讲义·学生版 / 知识清单·学生版》文本判定
PHYSICS,碰撞的可能性分析,碰撞的可能性分析,CONCEPT,物理选择性必修第一册·第一章·动量,定位：物理选择性必修第一册 第一章。碰撞过程时间极短，内力远大于外力，因此可忽略重力、摩擦力等外力而使用动量守恒。判断时最容易漏掉“总动能不增加”这一条，也容易忽略碰后速度方向与位置关系是否矛盾（如碰后前面的物体反而变慢）。,《2026/2027 一轮复习讲义·学生版 / 知识清单·学生版》文本判定
PHYSICS,狭义相对论的基本假设与质速关系,狭义相对论的基本假设与质速关系,CONCEPT,物理选择性必修第三册·第四五章·近代物理,定位：物理选择性必修第三册 第四五章。光速不变指的是真空中的光速，它在一切惯性参考系中都相同，与光源、观测者的运动无关，这一条与经典力学的速度叠加相冲突，是相对论时空观的出发点。质速关系中日常物体的速度远小于光速，质量变化极小，因此宏观低速问题仍可按质量不变处理。,《2026/2027 一轮复习讲义·学生版 / 知识清单·学生版》文本判定
PHYSICS,用动量定理处理洛伦兹力问题,用动量定理处理洛伦兹力问题,CONCEPT,物理选择性必修第一册·第一章·动量,定位：物理选择性必修第一册 第一章。两式中的符号与磁场方向、坐标轴取向有关，使用前要先规定正方向；方法只适用于磁场方向恒定的情形；正交方向上的位移与速度分量要一一对应，不能张冠李戴；它只解决分速度问题，若还要求轨迹或时间，仍需结合圆周运动规律。,《2026/2027 一轮复习讲义·学生版 / 知识清单·学生版》文本判定
MATH,复数的方程,复数的方程,CONCEPT,数学必修第二册·第七章·复数,定位：数学必修第二册 第七章。判别式只在实系数二次方程中能判断根的情况，复系数方程不能使用；设 z=a+bi 求解时要保证 a 与 b 都是实数，否则复数相等的条件不能使用；求出根后要代回原方程检验，避免在平方或共轭运算中引入增根。,《2026/2027 一轮复习讲义·学生版 / 知识清单·学生版》文本判定
MATH,棱柱的结构特征,棱柱的结构特征,CONCEPT,数学必修第二册·第八章（空间向量见选择性必修第一册）·立体几何,定位：数学必修第二册 第八章（空间向量见选择性必修第一册）。棱柱的定义要求上下底面平行且全等、侧面都是平行四边形，两个条件缺一不可；直棱柱的侧面是矩形而非都为正多边形；正棱柱要求底面是正多边形且侧棱垂直于底面；平行六面体的六个面都是平行四边形，不要与棱台混淆。,《2026/2027 一轮复习讲义·学生版 / 知识清单·学生版》文本判定
MATH,棱锥的结构特征,棱锥的结构特征,CONCEPT,数学必修第二册·第八章（空间向量见选择性必修第一册）·立体几何,定位：数学必修第二册 第八章（空间向量见选择性必修第一册）。棱锥的各个侧面都是三角形，侧棱不平行而是相交于顶点；正棱锥要求底面是正多边形且顶点在底面的射影是底面中心，两个条件缺一不可；正四面体是特殊的正三棱锥，但正三棱锥不一定是正四面体；四面体的任何一个面都可以作为棱锥的底面。,《2026/2027 一轮复习讲义·学生版 / 知识清单·学生版》文本判定
MATH,棱台的结构特征,棱台的结构特征,CONCEPT,数学必修第二册·第八章（空间向量见选择性必修第一册）·立体几何,定位：数学必修第二册 第八章（空间向量见选择性必修第一册）。判断棱台的关键是各侧棱延长后能否交于一点，仅有上下底面平行且相似、侧面是梯形还不够；截面必须平行于底面，任意斜截得到的是棱台的一部分而非棱台；正棱台才具有侧面全等的性质，一般棱台的侧面梯形不一定全等。,《2026/2027 一轮复习讲义·学生版 / 知识清单·学生版》文本判定
MATH,旋转体的结构特征,旋转体的结构特征,CONCEPT,数学必修第二册·第八章（空间向量见选择性必修第一册）·立体几何,定位：数学必修第二册 第八章（空间向量见选择性必修第一册）。旋转轴不同则旋转所得几何体不同，旋转前要先明确绕哪条边或哪条直线旋转；圆台的母线延长后才交于一点，而圆柱的母线互相平行；球的截面是圆，球面上两点间距离指大圆劣弧的长度；求母线长时要由高与底面半径构成的直角三角形计算。,《2026/2027 一轮复习讲义·学生版 / 知识清单·学生版》文本判定
MATH,双变量问题的题型与解法,双变量问题的题型与解法,CONCEPT,数学选择性必修第二册·第五章·函数与导数,定位：数学选择性必修第二册 第五章。必须先确认函数的单调性再作转化，单调性不明的区间不能直接比较函数值；两个变量的次序要先约定（如设 x1 小于 x2），否则证明过程的方向会混乱；由函数值关系推出的自变量关系要与原函数的定义域一致。,《2026/2027 一轮复习讲义·学生版 / 知识清单·学生版》文本判定
MATH,等比数列的判定方法,等比数列的判定方法,CONCEPT,数学选择性必修第二册·第四章·数列,定位：数学选择性必修第二册 第四章。利用递推关系判定等比数列时，要注意对 $n=1$（或 $n=2$）的情形单独验证；中项法要求各项均不为零；判定“不是等比数列”只需举出一个反例。,《2026/2027 一轮复习讲义·学生版 / 知识清单·学生版》文本判定
MATH,求函数最值的方法,求函数最值的方法,CONCEPT,数学必修第一册·第三章·函数的概念与性质,定位：数学必修第一册 第三章。闭区间与开区间上的最值可能不同，端点能否取到要按定义域判断；只求极值而不与端点值比较会漏掉最值；含参数的二次函数必须按对称轴与区间的位置关系分类讨论。,《2026/2027 一轮复习讲义·学生版 / 知识清单·学生版》文本判定
MATH,圆锥曲线中的垂直弦问题,圆锥曲线中的垂直弦问题,CONCEPT,数学选择性必修第一册·第二三章·解析几何,定位：数学选择性必修第一册 第二三章。两种情况都要单独讨论斜率不存在（弦垂直于坐标轴）的情形；斜率之积为 $-1$ 只在两直线斜率都存在时可用；设直线时优先让直线过已知定点，以简化定点坐标的求解。,《2026/2027 一轮复习讲义·学生版 / 知识清单·学生版》文本判定
PHYSICS,传送带上的相对位移与划痕,传送带上的相对位移与划痕,CONCEPT,物理必修第一册·第四章·牛顿运动定律,定位：物理必修第一册 第四章。划痕长度不是相对位移的简单相加：方向相反的两段痕迹会重叠，只能取较长的相对位移；求相对位移前必须确认物块与传送带各自的运动时间相同；相对位移用于计算摩擦生热时取大小即可。,《2026/2027 一轮复习讲义·学生版 / 知识清单·学生版》文本判定
MATH,穿针引线法（解高次不等式）,穿针引线法（解高次不等式）,CONCEPT,数学必修第一册·第二章·不等式,定位：数学必修第一册 第二章。分解因式后必须把每个因式中未知数的系数化为正数，否则穿线方向要整体调整；“奇穿偶回”针对的是根的重数，偶次根处曲线不穿过数轴；不等式带等号时要把各个根一并计入解集，不带等号则全部排除。,《2026/2027 一轮复习讲义·学生版 / 知识清单·学生版》文本判定
MATH,均值不等式链,均值不等式链,CONCEPT,数学必修第一册·第二章·不等式,定位：数学必修第一册 第二章。链条中各项的成立都要求 $a$、$b$ 均为正数；每一步等号成立的条件都是 $a=b$，若要求整条链中多处同时取等，需要条件互相兼容；用平方和为定值求积或和的最值时，选择链条中的哪一段要按目标量决定。,《2026/2027 一轮复习讲义·学生版 / 知识清单·学生版》文本判定
MATH,复数的三角表示式,复数的三角表示式,CONCEPT,数学必修第一册·第五章·三角函数,定位：数学必修第一册 第五章。三角形式要求模为非负、括号内余弦在前且两角相同、中间用加号连接，形如 $r(\cos\theta-i\sin\theta)$ 的式子要先化成规范形式再使用；辐角有无限多值，求辐角主值须按 $[0，2\pi)$ 确定。,《2026/2027 一轮复习讲义·学生版 / 知识清单·学生版》文本判定
MATH,利用复数相等求参数,利用复数相等求参数,CONCEPT,数学必修第二册·第七章·复数,定位：数学必修第二册 第七章。使用前必须把等号两边都化为代数形式，不能把含 $i$ 的项直接与实数比较；解出的参数要检验，避免增根或忽略分母不为零的限制。,《2026/2027 一轮复习讲义·学生版 / 知识清单·学生版》文本判定
MATH,虚数单位幂的周期性,虚数单位幂的周期性,CONCEPT,数学必修第一册·第三章·函数的概念与性质,定位：数学必修第一册 第三章。周期性只在整数指数下使用，余数为 2 与 3 时的结果最容易记混，注意 $i^{4n+3}=-i$ 而不是 $i$；含 $i$ 的幂与实数系数相乘时，只需化简 $i$ 的部分。,《2026/2027 一轮复习讲义·学生版 / 知识清单·学生版》文本判定
MATH,棣莫弗定理,棣莫弗定理,CONCEPT,数学必修第一册·第三章·函数的概念与性质,定位：数学必修第一册 第三章。使用前必须把复数写成规范的三角形式，即模为正、括号内余弦在前、两角相同并以加号相连；角度较大时先用诱导公式化简，避免因辐角超出范围而出错。,《2026/2027 一轮复习讲义·学生版 / 知识清单·学生版》文本判定
MATH,复数的乘方,复数的乘方,CONCEPT,数学必修第二册·第七章·复数,定位：数学必修第二册 第七章。用代数形式展开时不要漏乘符号，化简到最后必须把结果写回代数形式；用棣莫弗定理前必须把复数化成规范的三角形式，辐角按主值范围处理。,《2026/2027 一轮复习讲义·学生版 / 知识清单·学生版》文本判定
MATH,复数范围内一元二次方程的根,复数范围内一元二次方程的根,CONCEPT,数学必修第二册·第七章·复数,定位：数学必修第二册 第七章。实系数方程的虚根一定成对出现且互为共轭，这是由系数为实数决定的，复系数方程没有这一性质；对负数开方时要保留虚数单位，不能直接写成算术平方根。,《2026/2027 一轮复习讲义·学生版 / 知识清单·学生版》文本判定
MATH,与复数模相关的轨迹问题,与复数模相关的轨迹问题,CONCEPT,数学必修第二册·第八章（空间向量见选择性必修第一册）·立体几何,定位：数学必修第二册 第八章（空间向量见选择性必修第一册）。轨迹判断要与参数的实际取值范围对应，尤其是椭圆退化为线段与无轨迹两种临界情形；把模的不等式化成区域时，要分清圆内、圆外还是圆环，不要只画一条边界线。,《2026/2027 一轮复习讲义·学生版 / 知识清单·学生版》文本判定
PHYSICS,光谱及其分类,光谱及其分类,CONCEPT,物理选择性必修第一册·第四章·光学,定位：物理选择性必修第一册 第四章。连续谱由高温炽热物体发出，线状谱由游离原子发出，吸收谱必须叠加在连续谱的背景上才能观察到；判断类型时先看背景是连续亮带还是暗背景，再看有无亮线或暗线。,《2026/2027 一轮复习讲义·学生版 / 知识清单·学生版》文本判定
PHYSICS,三种传动方式及特点,三种传动方式及特点,CONCEPT,PHYSICS·综合·综合·综合,定位：PHYSICS·综合·综合。前提是接触处无相对滑动。一旦皮带打滑或齿轮跳齿，线速度相等的结论立即失效；同轴转动只能保证角速度相等，不能保证线速度相等，半径不同的两点线速度不同。,《2026/2027 一轮复习讲义·学生版 / 知识清单·学生版》文本判定
PHYSICS,力的概念,力的概念,CONCEPT,PHYSICS·综合·综合·综合,定位：PHYSICS·综合·综合。力不能脱离物体而存在，说“物体受到惯性力”或“物体受到向心力这种新性质的力”都是错误的；相互作用的两个力分别作用在两个物体上，不能求合力。,《2026/2027 一轮复习讲义·学生版 / 知识清单·学生版》文本判定
PHYSICS,力的图示与示意图,力的图示与示意图,CONCEPT,PHYSICS·综合·综合·综合,定位：PHYSICS·综合·综合。力的图示与示意图最容易混淆之处在于标度：需要比较力的大小时必须用图示并统一标度，只关心力的方向与作用点时可画示意图；把示意图中线段的长短当作力的大小比较是常见的错误。,《2026/2027 一轮复习讲义·学生版 / 知识清单·学生版》文本判定
PHYSICS,摩擦力大小的计算方法,摩擦力大小的计算方法,CONCEPT,物理必修第一册·第三章·相互作用,定位：物理必修第一册 第三章。静摩擦力不能直接用 $F=\mu F_N$ 计算，它的取值由平衡或动力学方程决定；$F_N$ 是接触面间的正压力，在斜面上等于重力垂直斜面的分力，竖直墙面上可能与重力无关；只有滑动摩擦力才能用公式法直接计算。,《2026/2027 一轮复习讲义·学生版 / 知识清单·学生版》文本判定
MATH,高次不等式及其解法,高次不等式及其解法,CONCEPT,数学必修第一册·第二章·不等式,定位：数学必修第一册 第二章。使用前必须先把最高次项系数化为正数，否则从右向左的穿根方向会反；奇次重根穿过、偶次重根不穿过，把二者弄反会写出相反的区间；分解不彻底或漏根会导致符号判断错误。,《2026/2027 一轮复习讲义·学生版 / 知识清单·学生版》文本判定
MATH,数量积的运算方法与变形公式,数量积的运算方法与变形公式,CONCEPT,数学必修第一册·第三章·函数的概念与性质,定位：数学必修第一册 第三章。展开时中间项容易漏掉系数 2 或写成 $\boldsymbol{a}^2\boldsymbol{b}^2$；基底法要求所给向量组的模与夹角均可确定，否则应先选择合适基底把待求向量表示出来。,《2026/2027 一轮复习讲义·学生版 / 知识清单·学生版》文本判定
MATH,数量积综合应用的解题方法,数量积综合应用的解题方法,CONCEPT,数学必修第一册·第三章·函数的概念与性质,定位：数学必修第一册 第三章。选取基底时必须选不共线的两个向量，且尽量选已知模与夹角的向量；建系时要让尽可能多的点落在坐标轴上以简化计算；转化到三角函数后要注意角的范围，避免扩大或缩小取值范围。,《2026/2027 一轮复习讲义·学生版 / 知识清单·学生版》文本判定
MATH,三角换元求最值,三角换元求最值,CONCEPT,数学必修第一册·第五章·三角函数,定位：数学必修第一册 第五章。换元后必须写出新元的取值范围，否则会把函数的定义域放大而得到错误的最值；分式型换元后要确认分母在定义域内是否为零，避免遗漏定义域；先化简再换元，未化简直接分别换元往往使计算复杂化甚至出错。,《2026/2027 一轮复习讲义·学生版 / 知识清单·学生版》文本判定
MATH,解三角形中角的范围问题,解三角形中角的范围问题,CONCEPT,数学必修第一册·第五章·三角函数,定位：数学必修第一册 第五章。由三角函数值反推角的范围时要注意余弦的单调性，用余弦判断比用正弦更精确，可避免多解；不能只由单一条件求角的范围，必须结合内角和与边的关系综合缩小范围；注意区分“角为锐角”与“三角形为锐角三角形”。,《2026/2027 一轮复习讲义·学生版 / 知识清单·学生版》文本判定
MATH,含参数三角函数的最值问题,含参数三角函数的最值问题,CONCEPT,数学必修第一册·第五章·三角函数,定位：数学必修第一册 第五章。把参数当作变量会导致函数结构分析错误；分类讨论遗漏参数为零或对称轴与区间端点重合等边界情况是主要失分点；求出参数后必须代回原式检验是否真的取到该最值，并检查定义域是否有效。,《2026/2027 一轮复习讲义·学生版 / 知识清单·学生版》文本判定
PHYSICS,三种放射线的性质比较,三种放射线的性质比较,CONCEPT,PHYSICS·综合·综合·综合,定位：PHYSICS·综合·综合。三种射线在电场、磁场中的偏转情况不同，γ 射线不带电故不偏转；三种射线并非同时放出，任何放射性元素不一定都能同时发出三种射线；把电离能力与穿透能力的强弱关系记反是最常见的错误，二者恰好相反。,《2026/2027 一轮复习讲义·学生版 / 知识清单·学生版》文本判定
PHYSICS,力的作用效果与力的三要素,力的作用效果与力的三要素,CONCEPT,PHYSICS·综合·综合·综合,定位：PHYSICS·综合·综合。等大反向的两个力作用在同一物体上，若不在同一直线上，效果不能相互抵消；力对物体的作用效果由大小、方向、作用点三者共同决定，只比较大小或只比较方向都可能得出错误结论。,《2026/2027 一轮复习讲义·学生版 / 知识清单·学生版》文本判定
PHYSICS,重力做功与重力势能变化的关系,重力做功与重力势能变化的关系,CONCEPT,物理必修第二册·第八章·机械能与能量守恒,定位：物理必修第二册 第八章。只对重力做功成立，摩擦力和空气阻力做功与路径有关、不能引入相应的势能；式中 $\Delta E_p$ 是末态势能减初态势能；上升时重力做负功、势能增加，符号容易写反。,《2026/2027 一轮复习讲义·学生版 / 知识清单·学生版》文本判定
PHYSICS,多物体系统的机械能守恒,多物体系统的机械能守恒,CONCEPT,物理必修第二册·第八章·机械能与能量守恒,定位：物理必修第二册 第八章。系统机械能守恒的前提是不计摩擦与空气阻力且无外力做功；各物体的位移大小一般不相等，要用几何关系分别确定；对单个物体单独使用守恒式通常不成立，因为绳、杆的拉力对单个物体做功。,《2026/2027 一轮复习讲义·学生版 / 知识清单·学生版》文本判定
MATH,降幂公式与升幂公式,降幂公式与升幂公式,CONCEPT,数学必修第一册·第三章·函数的概念与性质,定位：数学必修第一册 第三章。升降幂过程会同时改变角的大小，降幂后角变为原来的二倍、升幂后角减半，后续角的范围要相应调整；开方时正负号要由角的象限决定，不能默认取正。,《2026/2027 一轮复习讲义·学生版 / 知识清单·学生版》文本判定
MATH,拼凑角思想,拼凑角思想,CONCEPT,数学必修第一册·第三章·函数的概念与性质,定位：数学必修第一册 第三章。拼凑必须保证每个角本身及它们的和差都在公式允许的范围内；两角差与两角和的选取要考虑符号；拼凑角配合给值求角时，还要先确定角所在区间才能定号。,《2026/2027 一轮复习讲义·学生版 / 知识清单·学生版》文本判定
MATH,万能公式,万能公式,CONCEPT,数学必修第一册·第三章·函数的概念与性质,定位：数学必修第一册 第三章。要求 $\alpha\neq\pi+2k\pi$；换元后须重新确定 $t$ 的取值区间，否则求出的最值可能超出实际范围；含有根式或高次结构时未必能简化，不要硬套。,《2026/2027 一轮复习讲义·学生版 / 知识清单·学生版》文本判定
PHYSICS,洛埃镜,洛埃镜,CONCEPT,PHYSICS·综合·综合·综合,定位：PHYSICS·综合·综合。反射光存在半波损失，故镜面边缘对应的位置出现暗条纹，分析时不能忽略这一相位突变；光源到镜面的距离变化会改变等效缝间距，从而改变条纹间距。,《2026/2027 一轮复习讲义·学生版 / 知识清单·学生版》文本判定
PHYSICS,相对论,相对论,CONCEPT,物理选择性必修第三册·第四五章·近代物理,定位：物理选择性必修第三册 第四五章。相对论效应只在速度接近光速时才明显，低速时退化为经典力学结论；处理这类问题必须先弄清是哪个参考系在观测，不同参考系的时间与长度不能混用。,《2026/2027 一轮复习讲义·学生版 / 知识清单·学生版》文本判定
MATH,三角函数与解三角形新定义问题,三角函数与解三角形新定义问题,CONCEPT,数学必修第一册·第五章·三角函数,定位：数学必修第一册 第五章。新定义题的关键是“把新定义翻译成已学知识”，不要被陌生符号吓住而放弃翻译；翻译方向错了会使整题偏离，所以读题时要逐字落实定义中的每个条件。,《2026/2027 一轮复习讲义·学生版 / 知识清单·学生版》文本判定
MATH,倍角三角形,倍角三角形,CONCEPT,数学必修第一册·第五章·三角函数,定位：数学必修第一册 第五章。使用时必须明确哪个角是 2 倍角，顶点不同得到的边的关系式不同；由边的关系反推角时要用角的范围排除增根。,《2026/2027 一轮复习讲义·学生版 / 知识清单·学生版》文本判定
MATH,双曲函数,双曲函数,CONCEPT,数学必修第一册·第三章·函数的概念与性质,定位：数学必修第一册 第三章。双曲函数由指数函数定义，因此求值域与最值时常化为指数函数或换元处理；类比三角函数时务必注意和角公式符号的差异，不能直接照搬。,《2026/2027 一轮复习讲义·学生版 / 知识清单·学生版》文本判定
MATH,费马点,费马点,CONCEPT,数学必修第一册·第三章·函数的概念与性质,定位：数学必修第一册 第三章。费马点的位置要分两种情况讨论，忽略“最大角不小于 120°”的退化情形是常见错误；求最小值时要说明取到最小的位置确实在三角形内部。,《2026/2027 一轮复习讲义·学生版 / 知识清单·学生版》文本判定
MATH,布洛卡点,布洛卡点,CONCEPT,数学必修第一册·第三章·函数的概念与性质,定位：数学必修第一册 第三章。三个相等的角分别位于三个不同的小三角形中，标注时不能搞错顶点顺序；用面积法推导时要注意角的对边与夹角要对应正确。,《2026/2027 一轮复习讲义·学生版 / 知识清单·学生版》文本判定
MATH,相伴函数,相伴函数,CONCEPT,数学必修第一册·第三章·函数的概念与性质,定位：数学必修第一册 第三章。定义只对非零向量有意义；不同题目对这类函数有“特征三角函数”“和谐函数”“亲密函数”等不同叫法，实质相同，读题时先把它还原为 $a\sin x＋b\cos x$ 再下手。,《2026/2027 一轮复习讲义·学生版 / 知识清单·学生版》文本判定
MATH,等差数列的判定与证明方法,等差数列的判定与证明方法,CONCEPT,数学选择性必修第二册·第四章·数列,定位：数学选择性必修第二册 第四章。判定方法与证明方法的效力不同：由通项或前 $n$ 项和的形式判断时必须验证首项是否满足；第四、第五种方法不能作为严格证明的依据。,《2026/2027 一轮复习讲义·学生版 / 知识清单·学生版》文本判定
MATH,等比数列的判定与证明方法,等比数列的判定与证明方法,CONCEPT,数学选择性必修第二册·第四章·数列,定位：数学选择性必修第二册 第四章。定义法与等比中项法可用于严格证明，另两种一般只作快速判断；用前 $n$ 项和公式法时要验证公比不为 1，并注意项号从 1 开始时的首项情形。,《2026/2027 一轮复习讲义·学生版 / 知识清单·学生版》文本判定
PHYSICS,测速度的常用方法,测速度的常用方法,CONCEPT,PHYSICS·综合·综合·综合,定位：PHYSICS·综合·综合。用平均速度代替瞬时速度存在系统误差，遮光板越宽误差越大；使用打点计时器时先确认电源频率，再计算两点间的时间间隔。,《2026/2027 一轮复习讲义·学生版 / 知识清单·学生版》文本判定
MATH,解三角形在平面几何中的应用,解三角形在平面几何中的应用,CONCEPT,数学必修第一册·第五章·三角函数,定位：数学必修第一册 第五章。平面几何条件（共线、垂直、线段相等）必须先转化为可用的边角关系再列式；几何位置关系判断错误会导致多解或漏解。,《2026/2027 一轮复习讲义·学生版 / 知识清单·学生版》文本判定
MATH,描点法作函数图象,描点法作函数图象,CONCEPT,数学必修第一册·第三章·函数的概念与性质,定位：数学必修第一册 第三章。作图前必须先确定定义域，否则容易画出定义域之外的部分；函数值变化剧烈的区间要加密取点，连线要体现渐近趋势。,《2026/2027 一轮复习讲义·学生版 / 知识清单·学生版》文本判定
PHYSICS,圆周运动动力学问题的解题思路,圆周运动动力学问题的解题思路,CONCEPT,物理必修第一册·第四章·牛顿运动定律,定位：物理必修第一册 第四章。必须先确定轨道平面与圆心位置再分解力，否则容易把半径方向判断错；竖直面内的圆周运动还要区分最高点、最低点等特殊位置的受力差异；变速圆周运动中只有半径方向的合力提供向心力，切向分力改变速度大小。,《2026/2027 一轮复习讲义·学生版 / 知识清单·学生版》文本判定
PHYSICS,牛顿力学的局限性,牛顿力学的局限性,CONCEPT,物理必修第一册·第四章·牛顿运动定律,定位：物理必修第一册 第四章。牛顿力学并不是错误的理论，而是低速宏观条件下的高精度近似；凡涉及速度接近光速或微观粒子的题目，不能直接套用牛顿定律。经典力学仍是研究宏观物体机械运动的普遍方法。,《2026/2027 一轮复习讲义·学生版 / 知识清单·学生版》文本判定
PHYSICS,两种时空观,两种时空观,CONCEPT,PHYSICS·综合·综合·综合,定位：PHYSICS·综合·综合。相对论效应只在速度接近光速时才明显；中学阶段对时空观一般只作定性判断（时间变慢、长度变短、质量变大），不进行定量计算。讨论时必须指明是相对哪个参考系而言。,《2026/2027 一轮复习讲义·学生版 / 知识清单·学生版》文本判定
PHYSICS,狭义相对论的三个结论,狭义相对论的三个结论,CONCEPT,物理选择性必修第三册·第四五章·近代物理,定位：物理选择性必修第三册 第四五章。三个结论只在惯性参考系之间比较（狭义相对论范围）；不能理解为时钟坏了或尺子真的被压缩了，而是不同参考系中测量所得的结果不同。低速运动不必考虑这些效应。,《2026/2027 一轮复习讲义·学生版 / 知识清单·学生版》文本判定
PHYSICS,卫星的轨道,卫星的轨道,CONCEPT,物理必修第二册·第七章·万有引力与宇宙航行,定位：物理必修第二册 第七章。上述结论适用于绕地球做圆周运动的卫星；椭圆轨道同样满足轨道平面过地心，但地心位于椭圆的一个焦点上，而不是椭圆的中心。,《2026/2027 一轮复习讲义·学生版 / 知识清单·学生版》文本判定
PHYSICS,卫星的种类,卫星的种类,CONCEPT,物理必修第二册·第七章·万有引力与宇宙航行,定位：物理必修第二册 第七章。同步卫星实现定点悬停必须同时满足三个条件——周期与地球自转周期相同、轨道平面与赤道平面重合、运行方向与地球自转方向相同，缺一不可。近地卫星的周期 85 min 是人造地球卫星中的最小周期，运行速度 7.9 km/s 是最大运行速度。,《2026/2027 一轮复习讲义·学生版 / 知识清单·学生版》文本判定
PHYSICS,探究向心力与半径、角速度、质量的关系,探究向心力与半径、角速度、质量的关系,CONCEPT,物理必修第二册·第五六章·抛体运动与圆周运动,定位：物理必修第二册 第五六章。标尺格数只能粗略比较向心力的大小（属于半定量实验），一般只作倍数关系或定性判断；探究某一因素时必须保证另外两个因素相同，否则得不出正确结论。,《2026/2027 一轮复习讲义·学生版 / 知识清单·学生版》文本判定
PHYSICS,洛伦兹力作用下带电体的动态分析,洛伦兹力作用下带电体的动态分析,CONCEPT,物理必修第三册·第十三章（安培力/洛伦兹力/感应定律见选择性必修第二册）·磁场与电磁感应,定位：物理必修第三册 第十三章（安培力/洛伦兹力/感应定律见选择性必修第二册）。洛伦兹力不做功，它只是通过改变弹力间接影响摩擦力与加速度，不能说洛伦兹力对带电体做功。判断弹力时不能漏掉洛伦兹力在接触面法线方向上的分量。当弹力减为零后带电体与接触面分离，摩擦力随之消失。速度方向改变时洛伦兹力方向也随之改变，需要重新判断。,《2026/2027 一轮复习讲义·学生版 / 知识清单·学生版》文本判定
PHYSICS,电偏转与磁偏转的比较,电偏转与磁偏转的比较,CONCEPT,PHYSICS·综合·综合·综合,定位：PHYSICS·综合·综合。两者的受力性质不同，不能把磁偏转的结论套用到电偏转上。磁偏转中速率与动能不变，电偏转中电场力做功、动能增大。粒子速度方向与磁场不垂直时不能按匀速圆周运动处理，进入非匀强电场时也不能套用类平抛模型。,《2026/2027 一轮复习讲义·学生版 / 知识清单·学生版》文本判定
PHYSICS,有界磁场中圆周运动的几何关系,有界磁场中圆周运动的几何关系,CONCEPT,物理必修第二册·第五六章·抛体运动与圆周运动,定位：物理必修第二册 第五六章。几何关系只在粒子做匀速圆周运动时成立，粒子在磁场中受其他力或做非圆周运动时不能套用。对称性结论要求边界为直线或圆。使用角度关系时必须分清速度偏转角、圆心角与弦切角三个不同的角，混用会导致圆心角算错。,《2026/2027 一轮复习讲义·学生版 / 知识清单·学生版》文本判定
PHYSICS,有界磁场中轨迹圆心的确定,有界磁场中轨迹圆心的确定,CONCEPT,物理必修第三册·第十三章（安培力/洛伦兹力/感应定律见选择性必修第二册）·磁场与电磁感应,定位：物理必修第三册 第十三章（安培力/洛伦兹力/感应定律见选择性必修第二册）。作垂线必须以已知的速度方向或边界方向为依据，不能凭直观估计。已知两点与一点的速度方向时，只作速度的垂线不能唯一确定圆心，必须再用弦的垂直平分线定位。相切情形容易被忽略，切点法线过圆心这一条在临界问题中经常是突破口。,《2026/2027 一轮复习讲义·学生版 / 知识清单·学生版》文本判定
PHYSICS,有界磁场中轨迹半径与偏转角的关系,有界磁场中轨迹半径与偏转角的关系,CONCEPT,物理必修第三册·第十三章（安培力/洛伦兹力/感应定律见选择性必修第二册）·磁场与电磁感应,定位：物理必修第三册 第十三章（安培力/洛伦兹力/感应定律见选择性必修第二册）。角关系必须对应同一段圆弧，看不清对应哪段弧就会用错角。偏转角超过 $180^\circ$ 时对应的是优弧的圆心角，不能直接照搬小角关系。半径计算依赖正确的圆心位置，圆心定错则整个几何关系全错，所以作图要规范。,《2026/2027 一轮复习讲义·学生版 / 知识清单·学生版》文本判定
PHYSICS,有界磁场中运动时间的确定,有界磁场中运动时间的确定,CONCEPT,物理必修第三册·第十三章（安培力/洛伦兹力/感应定律见选择性必修第二册）·磁场与电磁感应,定位：物理必修第三册 第十三章（安培力/洛伦兹力/感应定律见选择性必修第二册）。求时间必须用同一段圆弧对应的圆心角，粒子多次进出不同磁场区域时要分段计算再累加。圆心角要用弧度制代入。粒子经过不同磁场区域时周期可能改变，不能沿用同一个周期。仅比较时间长短时不能只看轨迹长短，还要看圆心角与周期。,《2026/2027 一轮复习讲义·学生版 / 知识清单·学生版》文本判定
PHYSICS,有界磁场中的典型边界模型,有界磁场中的典型边界模型,CONCEPT,物理必修第三册·第十三章（安培力/洛伦兹力/感应定律见选择性必修第二册）·磁场与电磁感应,定位：物理必修第三册 第十三章（安培力/洛伦兹力/感应定律见选择性必修第二册）。对称性结论的前提是粒子做匀速圆周运动且边界为直线或圆，磁场方向在区域内变化时要分段处理。平行边界问题必须区分“恰好穿出”与“恰好不穿出”，两者的临界几何条件不同。环形磁场中相切对应的是极值而不是任意情况。,《2026/2027 一轮复习讲义·学生版 / 知识清单·学生版》文本判定
PHYSICS,有界磁场中的临界与极值问题,有界磁场中的临界与极值问题,CONCEPT,物理必修第三册·第十三章（安培力/洛伦兹力/感应定律见选择性必修第二册）·磁场与电磁感应,定位：物理必修第三册 第十三章（安培力/洛伦兹力/感应定律见选择性必修第二册）。临界条件必须结合具体边界形状判断，不能一律用“相切”套用。速率一定时运动时间由圆心角决定，不能只看轨迹长短。用数学方法求极值时要留意几何量的取值范围，超越范围的最值没有物理意义。,《2026/2027 一轮复习讲义·学生版 / 知识清单·学生版》文本判定
PHYSICS,打点计时器实验的操作规范,打点计时器实验的操作规范,CONCEPT,PHYSICS·综合·综合·综合,定位：PHYSICS·综合·综合。先接通电源、后释放小车，先断开电源、后取下纸带，顺序颠倒会使纸带前端的点迹不清晰甚至缺失。纸带与细绳不平行会造成摩擦不均匀的系统误差。槽码过多或过少都会使纸带上的点过疏或过密，影响测量精度。作图时不能连成折线，也不能强求通过每一个点。,《2026/2027 一轮复习讲义·学生版 / 知识清单·学生版》文本判定
PHYSICS,光电门测速的原理与误差,光电门测速的原理与误差,CONCEPT,物理选择性必修第一册·第四章·光学,定位：物理选择性必修第一册 第四章。用平均速度代替瞬时速度只在挡光时间很短时才有足够精度，遮光片越宽误差越大。判断测量值偏大还是偏小要结合运动性质：匀变速运动中时间中点瞬时速度小于位移中点瞬时速度，故测量值偏小；不能认为光电门的测量值总等于瞬时速度。换成更宽的遮光片会增大误差,《2026/2027 一轮复习讲义·学生版 / 知识清单·学生版》文本判定
PHYSICS,测量重力加速度的实验方法,测量重力加速度的实验方法,CONCEPT,物理必修第二册·第七章·万有引力与宇宙航行,定位：物理必修第二册 第七章。重物应选质量大、体积小的，以减小空气阻力的影响；纸带要竖直下落，避免与限位孔摩擦，否则测得的 $g$ 偏小。图像法必须作直线并由斜率求 $g$，不能只取两点计算。用 $v_2^2-v_1^2=2gx$ 时两个光电门之间的运动必须仍是自由落体,《2026/2027 一轮复习讲义·学生版 / 知识清单·学生版》文本判定
MATH,利用前n项和与通项的关系求通项,利用前n项和与通项的关系求通项,CONCEPT,数学选择性必修第二册·第四章·数列,定位：数学选择性必修第二册 第四章。求通项时必须分 $n=1$ 与 $n\geqslant2$ 讨论，容易漏掉首项的单独检验。消元时要注意 $n\geqslant2$ 的前提，直接对含 $S_n$ 的式子两边同除 $S_n S_{n-1}$ 之类的变形必须保证各项不为零。若检,《2026/2027 一轮复习讲义·学生版 / 知识清单·学生版》文本判定
MATH,线面角的定义与求法,线面角的定义与求法,CONCEPT,数学必修第二册·第八章（空间向量见选择性必修第一册）·立体几何,定位：数学必修第二册 第八章（空间向量见选择性必修第一册）。线面角的范围是 $0^\circ$ 到 $90^\circ$，用向量法时公式是 $\sin\theta$ 而不是 $\cos\theta$，写成余弦会把互余的两个角搞混。常规法必须先作出垂足，找不到垂足时可以先把线面角转化到某个直角三角形中,《2026/2027 一轮复习讲义·学生版 / 知识清单·学生版》文本判定
MATH,极值点偏移的对称化构造法,极值点偏移的对称化构造法,CONCEPT,数学选择性必修第一册·第二三章·解析几何,定位：数学选择性必修第一册 第二三章。构造必须紧扣极值点，对称化构造主要适合加法型（两根之和）的偏移问题；乘积型偏移需要换用其他对称形式，或改用换元法。差函数的定义域要与原函数的单调区间匹配，否则单调性分析无效。只分析差函数的符号而不回到原函数的单调性，证明无法收尾。,《2026/2027 一轮复习讲义·学生版 / 知识清单·学生版》文本判定
MATH,比值换元与差值换元,比值换元与差值换元,CONCEPT,数学必修第一册·第三章·函数的概念与性质,定位：数学必修第一册 第三章。换元后必须明确参数范围（如 $t>1$），否则单调性分析无法进行。消参时的变形要可逆，两边取对数要求变量为正。换元只是把问题转化为单变量，最后仍要构造函数或放缩完成证明，不能停在换元这一步。,《2026/2027 一轮复习讲义·学生版 / 知识清单·学生版》文本判定
MATH,频率的稳定性与频率估计概率,频率的稳定性与频率估计概率,CONCEPT,数学必修第二册·第九十章（条件概率与正态分布见选择性必修第三册）·概率统计,定位：数学必修第二册 第九十章（条件概率与正态分布见选择性必修第三册）。频率与概率不能混为一谈：频率随试验变化，概率是固定值。由“次品率为 0.05”不能推出“任取 200 件一定恰有 10 件次品”，这类“一定能”的说法都是错的。抛掷硬币 100 次出现 51 次正面，不能由此得到“正面概率为 0.51”，只,《2026/2027 一轮复习讲义·学生版 / 知识清单·学生版》文本判定
PHYSICS,导体的伏安特性曲线,导体的伏安特性曲线,CONCEPT,物理必修第三册·第十一十二章·恒定电流,定位：物理必修第三册 第十一十二章。非线性元件的电阻随工作状态变化，不能用一个固定阻值代入欧姆定律；曲线上某点的电阻由图线该点与坐标的比值决定，不是该点的切线斜率；只有过原点的直线才表示电阻恒定。,《2026/2027 一轮复习讲义·学生版 / 知识清单·学生版》文本判定
PHYSICS,伏安特性曲线的图像比较,伏安特性曲线的图像比较,CONCEPT,物理必修第三册·第十一十二章·恒定电流,定位：物理必修第三册 第十一十二章。两种图像的斜率含义相反，不能混用；非线性元件要用该点与原点连线的斜率求电阻而不能用切线斜率；电源的 $U-I$ 图线斜率绝对值才是内阻，其横轴截距表示短路电流而不是正常工作电流。,《2026/2027 一轮复习讲义·学生版 / 知识清单·学生版》文本判定
PHYSICS,含电容器的电路问题,含电容器的电路问题,CONCEPT,物理必修第三册·第九十章·静电场,定位：物理必修第三册 第九十章。稳定状态下电容器所在支路电流为零，但两端电压不为零；不能用某一时刻的电压乘电容再直接相减来判断充放电，要按 $\Delta Q=C\Delta U$ 结合电压升降方向判断；分析液滴运动时电压变化的方向不能弄反。,《2026/2027 一轮复习讲义·学生版 / 知识清单·学生版》文本判定
MATH,二项展开式的通项,二项展开式的通项,CONCEPT,数学选择性必修第二册·第四章·数列,定位：数学选择性必修第二册 第四章。通项是第 $k+1$ 项而不是第 $k$ 项；公式中 $a$ 与 $b$ 的位置不能颠倒；求常数项时令指数为零解出的 $k$ 必须落在 0 到 $n$ 之间，否则该项不存在。,《2026/2027 一轮复习讲义·学生版 / 知识清单·学生版》文本判定
MATH,二项式系数和,二项式系数和,CONCEPT,数学选择性必修第三册·第六章·计数原理,定位：数学选择性必修第三册 第六章。这里是二项式系数和而不是各项系数和，两者不要混用；奇数项与偶数项是按展开式中项的位置编号区分的；结论对任意 $a$、$b$ 都成立。,《2026/2027 一轮复习讲义·学生版 / 知识清单·学生版》文本判定
MATH,三项展开式的通项,三项展开式的通项,CONCEPT,数学选择性必修第二册·第四章·数列,定位：数学选择性必修第二册 第四章。三项式系数与二项式系数不同，不能直接套用 $C_n^k$；三类次数之和必须等于 $n$；同一个指定项可能由多组次数组合共同产生，要把各组的贡献相加而不能只算一组。,《2026/2027 一轮复习讲义·学生版 / 知识清单·学生版》文本判定
MATH,求展开式中系数最大的项,求展开式中系数最大的项,CONCEPT,数学必修第一册·第三章·函数的概念与性质,定位：数学必修第一册 第三章。比较系数大小要带符号比较；求系数绝对值最大的项时应先取绝对值再比较；解出的 $k$ 必须是 0 到 $n$ 之间的整数；首末两项只有一侧有相邻项，判断边界时要单独考察。,《2026/2027 一轮复习讲义·学生版 / 知识清单·学生版》文本判定
MATH,赋值法求系数和,赋值法求系数和,CONCEPT,数学必修第一册·第三章·函数的概念与性质,定位：数学必修第一册 第三章。令 x=1 得到的是各项系数和而不是二项式系数和；赋值法要求先化成关于 x 的幂的恒等式，展开式恒成立才能赋值；赋的值要便于计算，通常取 1、0 或 -1。,《2026/2027 一轮复习讲义·学生版 / 知识清单·学生版》文本判定
MATH,二项式定理的近似计算,二项式定理的近似计算,CONCEPT,数学选择性必修第三册·第六章·计数原理,定位：数学选择性必修第三册 第六章。近似式只在 |x| 很小的时候成立，|x| 较大时误差明显增大；取前两项得到的是近似值而不是精确值，估算结果要按题目要求保留相应的位数；估算的精度与所取项数有关，取项越多越接近真实值。,《2026/2027 一轮复习讲义·学生版 / 知识清单·学生版》文本判定
PHYSICS,x-t图像（位移—时间图像）,x-t图像（位移—时间图像）,CONCEPT,PHYSICS·综合·综合·综合,定位：PHYSICS·综合·综合。$x-t$ 图像不是运动轨迹，不能把图线当成物体的实际路径；斜率表示速度而不是加速度；交点表示两物体相遇而非速度相等，且只有同一直线上运动的两物体交点才表示相遇。,《2026/2027 一轮复习讲义·学生版 / 知识清单·学生版》文本判定
PHYSICS,v-t图像（速度—时间图像）,v-t图像（速度—时间图像）,CONCEPT,PHYSICS·综合·综合·综合,定位：PHYSICS·综合·综合。$v-t$ 图像中图线与横轴围成的面积表示位移，横轴下方的面积表示反方向的位移；斜率表示加速度而不是速度；判断加速还是减速要看加速度方向与速度方向是否一致，不能只看斜率的正负。,《2026/2027 一轮复习讲义·学生版 / 知识清单·学生版》文本判定
PHYSICS,追及与相遇问题,追及与相遇问题,CONCEPT,物理必修第一册·第二章·匀变速直线运动,定位：物理必修第一册 第二章。速度相等只是间距极值的临界条件而不是相遇条件；被追赶的物体做匀减速运动时，要先判断它在被追上之前是否已经停止运动；解答时要分别对两个物体列位移方程，利用时间关系、速度关系与位移关系求解。,《2026/2027 一轮复习讲义·学生版 / 知识清单·学生版》文本判定
PHYSICS,非匀强磁场中带电粒子运动的分析,非匀强磁场中带电粒子运动的分析,CONCEPT,物理必修第三册·第九十章·静电场,定位：物理必修第三册 第九十章。不能把非匀强磁场当作匀强磁场套用圆周运动公式；分析前必须先确定各点磁感应强度的大小与方向，逐段判断；磁场变化剧烈时轨迹不能近似为圆弧。,《2026/2027 一轮复习讲义·学生版 / 知识清单·学生版》文本判定
PHYSICS,替代法测电阻,替代法测电阻,CONCEPT,物理必修第三册·第十一十二章·恒定电流,定位：物理必修第三册 第十一十二章。替代前后必须保持滑动变阻器、电源及电路其他部分不变，否则等效的前提被破坏；两次读数必须完全一致才能读数；若电表指针不便于判断，可换用量程更合适的电表。,《2026/2027 一轮复习讲义·学生版 / 知识清单·学生版》文本判定
MATH,均值与方差的决策应用,均值与方差的决策应用,CONCEPT,数学必修第二册·第九十章（条件概率与正态分布见选择性必修第三册）·概率统计,定位：数学必修第二册 第九十章（条件概率与正态分布见选择性必修第三册）。均值大不代表方案一定更优，要先判断题目关心的是“平均水平高”还是“波动小”；方差比较只在取值水平相当的随机变量之间进行，否则应先比较均值。,《2026/2027 一轮复习讲义·学生版 / 知识清单·学生版》文本判定
MATH,新定义问题的解题策略,新定义问题的解题策略,CONCEPT,数学必修第一册·第三章·函数的概念与性质,定位：数学必修第一册 第三章。新定义只在该题的规则下成立，不能与常规概念混用；利用对称性推广前要先验证定义确实具有该对称性；定义中的绝对值等条件常决定图形是折线或正方形边界，忽略会把图形画错。,《2026/2027 一轮复习讲义·学生版 / 知识清单·学生版》文本判定
PHYSICS,两个直线运动合运动性质的判断,两个直线运动合运动性质的判断,CONCEPT,物理必修第二册·第五六章·抛体运动与圆周运动,定位：物理必修第二册 第五六章。必须先把分运动整理成初速度与加速度都明确的直线运动再合成；合成的是矢量，忽略方向会导致性质判断错误。,《2026/2027 一轮复习讲义·学生版 / 知识清单·学生版》文本判定
PHYSICS,牛顿运动定律中的多过程问题,牛顿运动定律中的多过程问题,CONCEPT,物理必修第一册·第四章·牛顿运动定律,定位：物理必修第一册 第四章。衔接点处加速度可能突变而速度一般不会突变；不同子过程适用的规律可能不同，不能用一段的方程硬套全程；多体多过程还要分清每个物体各自经历的过程与时间关系。,《2026/2027 一轮复习讲义·学生版 / 知识清单·学生版》文本判定
MATH,解三角形中的几何图形及证明类问题,解三角形中的几何图形及证明类问题,CONCEPT,数学必修第一册·第五章·三角函数,定位：数学必修第一册 第五章。各方法都要求在图形中先标注清楚边角对应关系，避免边角错配；互补角用余弦定理时要注意符号；作的辅助线不能改变题设条件；建系时尽量让已知点落在坐标轴上，化简运算。,《2026/2027 一轮复习讲义·学生版 / 知识清单·学生版》文本判定
PHYSICS,连接体对合力的分配原则,连接体对合力的分配原则,CONCEPT,物理必修第一册·第三章·相互作用,定位：物理必修第一册 第三章。该原则的前提是系统内各物体加速度相同（共同加速）；有摩擦时必须保证各物体与接触面的动摩擦因数相同；连接物质量不可忽略或系统做变加速运动时不能直接套用，需要重新隔离分析。,《2026/2027 一轮复习讲义·学生版 / 知识清单·学生版》文本判定
PHYSICS,探究弹簧弹力与形变量关系实验的拓展与创新,探究弹簧弹力与形变量关系实验的拓展与创新,CONCEPT,物理必修第一册·第三章·相互作用,定位：物理必修第一册 第三章。串并联公式只在弹性限度内成立，且要求弹簧质量可忽略；并联结论的前提是两弹簧伸长量始终相同。探究劲度系数与原长、粗细的关系时必须用同种材料弹簧作对照，否则自变量不唯一。,《2026/2027 一轮复习讲义·学生版 / 知识清单·学生版》文本判定
PHYSICS,弹簧竖直悬挂实验的操作与读数要点,弹簧竖直悬挂实验的操作与读数要点,CONCEPT,物理必修第一册·第三章·相互作用,定位：物理必修第一册 第三章。若弹簧自重不可忽略，竖直悬挂测得的原长会偏长，应改用水平放置或先扣除自重造成的影响。,《2026/2027 一轮复习讲义·学生版 / 知识清单·学生版》文本判定
PHYSICS,探究力的合成规律实验的三个相同与三个适当,探究力的合成规律实验的三个相同与三个适当,CONCEPT,物理必修第一册·第三章·相互作用,定位：物理必修第一册 第三章。夹角并非越大越好：两个分力夹角接近 180° 时，分力都很大而合力很小，作图时稍偏一点就会引起合力很大的偏差。同一次实验中结点位置不能变动，重复实验时则可另选结点位置。,《2026/2027 一轮复习讲义·学生版 / 知识清单·学生版》文本判定
PHYSICS,测量导体电阻率的实验操作要领,测量导体电阻率的实验操作要领,CONCEPT,物理必修第三册·第十一十二章·恒定电流,定位：物理必修第三册 第十一十二章。长度只能取接入电路的有效长度，取成整根导线长度会使结果偏大；直径要在不同位置多次测量，不能只在某一处读数。实验时电流不宜过大，避免导体发热使电阻率发生变化。作图时要选好坐标轴的标度与单位，并注意坐标原点是否被移动。,《2026/2027 一轮复习讲义·学生版 / 知识清单·学生版》文本判定
PHYSICS,电学实验中电表的选择方法,电学实验中电表的选择方法,CONCEPT,物理必修第三册·第十一十二章·恒定电流,定位：物理必修第三册 第十一十二章。估算最大电流时要考虑滑动变阻器接入阻值最小、电路总电阻最小的极端情况；按额定电流选择以保证用电器与电表长期安全，短时实验可以略高但不能超过量程。只按电源电动势选择而忽略滑动变阻器等元件的分压，往往会把量程选得过大。,《2026/2027 一轮复习讲义·学生版 / 知识清单·学生版》文本判定
PHYSICS,实验实物图连线的原则与滑动变阻器接法,实验实物图连线的原则与滑动变阻器接法,CONCEPT,物理必修第三册·第十一十二章·恒定电流,定位：物理必修第三册 第十一十二章。分压接法一般要求变阻器的全阻值较小（通常小于待测电阻），否则调节时输出电压变化过于剧烈；限流接法一般要求变阻器阻值大于待测电阻，否则调节范围太窄。连线时还要避免把电表正负极接反、把电压表串入主干电路，以及导线交叉压线。,《2026/2027 一轮复习讲义·学生版 / 知识清单·学生版》文本判定
MATH,二项分布与超几何分布的区别,二项分布与超几何分布的区别,CONCEPT,数学必修第一册·第三章·函数的概念与性质,定位：数学必修第一册 第三章。《§10.6 二项分布、超几何分布与正态分布》名师点拨,《2026/2027 一轮复习讲义·学生版 / 知识清单·学生版》文本判定
MATH,周期数列的周期确认与求和要点,周期数列的周期确认与求和要点,CONCEPT,数学选择性必修第二册·第四章·数列,定位：数学选择性必修第二册 第四章。求 $S_n$ 时要先确定项数与周期的关系，把它写成“若干个完整周期加上零散的几项”，余数的对应关系要以实际的周期起点为准；若数列的周期性是从某几项之后才出现，前面这几项必须单独处理。,《2026/2027 一轮复习讲义·学生版 / 知识清单·学生版》文本判定
MATH,秦九韶公式与海伦公式,秦九韶公式与海伦公式,CONCEPT,数学必修第一册·第三章·函数的概念与性质,定位：数学必修第一册 第三章。公式要求三边能构成三角形且边长均为正数；代入时边与角的对应关系要一致，虽然公式对三边对称，但中途求余弦、正弦时不能代错；开方结果取正值，化简结果要与题目的精度要求一致。,《2026/2027 一轮复习讲义·学生版 / 知识清单·学生版》文本判定
MATH,多面体欧拉定理,多面体欧拉定理,CONCEPT,数学必修第二册·第八章（空间向量见选择性必修第一册）·立体几何,定位：数学必修第二册 第八章（空间向量见选择性必修第一册）。定理只适用于简单多面体（可以连续变形为球面的多面体），带洞的多面体不满足该式；使用计数关系时必须确认每个面的边数相同或每个顶点处的棱数相同，条件不一致时要分类累加，不能直接相乘。,《2026/2027 一轮复习讲义·学生版 / 知识清单·学生版》文本判定
MATH,柯西中值定理,柯西中值定理,CONCEPT,数学必修第一册·第二章·不等式,定位：数学必修第一册 第二章。两个函数都要满足连续与可导的条件，且分母函数在区间内导数不为零；$\xi$ 的存在性只在开区间内成立，不能取到端点；转化为导数之比后仍需对导数之比作估计，不能由存在性直接得到具体数值。,《2026/2027 一轮复习讲义·学生版 / 知识清单·学生版》文本判定
MATH,圆幂定理与相交弦定理,圆幂定理与相交弦定理,CONCEPT,数学必修第一册·第三章·函数的概念与性质,定位：数学必修第一册 第三章。定理对圆内的交点成立，点在圆外时对应的是割线定理等情形，形式要按点的位置区分；逆定理使用时要保证两条线段的端点不重合且交点在同一直线上；乘积相等指的是同一条弦上的两段相乘，不能把不同弦的两段相乘。,《2026/2027 一轮复习讲义·学生版 / 知识清单·学生版》文本判定
MATH,月牙定理,月牙定理,CONCEPT,数学必修第一册·第三章·函数的概念与性质,定位：数学必修第一册 第三章。结论只对直角三角形成立，一般三角形中两个月牙形面积之和不等于三角形面积；求周长时要分清弧与弦，半圆的弧长不能用直径代替；面积计算前先明确每个区域由哪些弧围成，避免重叠部分被重复计算。,《2026/2027 一轮复习讲义·学生版 / 知识清单·学生版》文本判定
MATH,四平方和定理,四平方和定理,CONCEPT,数学必修第一册·第三章·函数的概念与性质,定位：数学必修第一册 第三章。定理只保证表示存在，不保证唯一，计数必须按题目限定的范围与顺序要求逐一枚举；自然数含 0，允许补 0；有序数组与不计顺序的问法结果不同，读题时要先确认是哪种。,《2026/2027 一轮复习讲义·学生版 / 知识清单·学生版》文本判定
MATH,两点间的距离公式,两点间的距离公式,CONCEPT,数学必修第一册·第三章·函数的概念与性质,定位：数学必修第一册 第三章。公式对任意两点都成立，不要求两点在不同象限；被开方数恒为非负数，化简后取算术平方根；作差时两处差的顺序要一致，横纵坐标不能交叉相减。,《2026/2027 一轮复习讲义·学生版 / 知识清单·学生版》文本判定
MATH,两条平行直线间的距离,两条平行直线间的距离,CONCEPT,数学必修第一册·第三章·函数的概念与性质,定位：数学必修第一册 第三章。两条直线必须平行（$x$、$y$ 的系数对应成比例）且不重合，重合时公式算出 0，但两直线间的距离在几何上无意义；代入前一定要把系数化成完全相同，只统一比例而不统一数值会算错。,《2026/2027 一轮复习讲义·学生版 / 知识清单·学生版》文本判定
MATH,交点与距离问题的易错点,交点与距离问题的易错点,REASONING,数学必修第一册·第三章·函数的概念与性质,定位：数学必修第一册 第三章。这些结论针对交点、距离与对称问题，使用时还要结合斜率是否存在、两直线是否重合等前提；仅凭一个条件就下结论，是这些错误共同的来源。,《2026/2027 一轮复习讲义·学生版 / 知识清单·学生版》文本判定
PHYSICS,安培定则与磁场的叠加,安培定则与磁场的叠加,CONCEPT,物理必修第三册·第十三章（安培力/洛伦兹力/感应定律见选择性必修第二册）·磁场与电磁感应,定位：物理必修第三册 第十三章（安培力/洛伦兹力/感应定律见选择性必修第二册）。磁感应强度是矢量，合成时用平行四边形定则，不能把大小直接相加；各场源在某点产生的磁场方向要逐一判断，不能凭对称想当然；同向叠加时合场强增强、反向时减弱，判断方向前先明确每个场源在该点的磁场方向。,《2026/2027 一轮复习讲义·学生版 / 知识清单·学生版》文本判定
MATH,数据线性变换的平均数与方差,数据线性变换的平均数与方差,CONCEPT,数学必修第二册·第九十章（条件概率与正态分布见选择性必修第三册）·概率统计,定位：数学必修第二册 第九十章（条件概率与正态分布见选择性必修第三册）。方差的变化是乘常数的平方而不是乘常数本身，容易少算一次方；$a$ 为负数时标准差乘 $|a|$，而方差与符号无关；线性变换只改变数据的整体水平与离散程度，不改变数据的个数与相对位置关系。,《2026/2027 一轮复习讲义·学生版 / 知识清单·学生版》文本判定
MATH,圆的弦长问题,圆的弦长问题,CONCEPT,数学选择性必修第一册·第二三章·解析几何,定位：数学选择性必修第一册 第二三章。公式中的 $d$ 是圆心到直线的距离，不能与弦长或半径混用；直线斜率不存在时要把竖直直线单独代入验证，否则易漏解；最短弦的结论只在定点位于圆内时成立；判断点的个数时要注意相切等临界位置只对应一个点。,《2026/2027 一轮复习讲义·学生版 / 知识清单·学生版》文本判定
MATH,直线与圆综合题的解题策略,直线与圆综合题的解题策略,CONCEPT,数学必修第一册·第三章·函数的概念与性质,定位：数学必修第一册 第三章。定值问题必须真正消去参数，中途不能默认某个量为常数；探索性问题求出结果后一定要回代检验；分类讨论要以斜率是否存在、判别式是否大于零为依据，讨论后合并答案且不重复计数；几何法算出的量要与代数式中的未知量一一对应。,《2026/2027 一轮复习讲义·学生版 / 知识清单·学生版》文本判定
MATH,反函数,反函数,CONCEPT,数学必修第一册·第三章·函数的概念与性质,定位：数学必修第一册 第三章。只有单调函数才一定有反函数，非单调函数可能不存在反函数；求反函数时要先确定原函数的值域，它就是反函数的定义域；对称关系只对互为反函数的两个函数成立，不可扩大到其他对称轴。,《2026/2027 一轮复习讲义·学生版 / 知识清单·学生版》文本判定
MATH,高斯函数,高斯函数,CONCEPT,数学必修第一册·第三章·函数的概念与性质,定位：数学必修第一册 第三章。取整是向下取整，负数最容易出错，如 $[-2.1]=-3$ 而不是 $-2$；高斯函数的图象无法用一个解析式统一写出，讨论时必须按整数区间分段；它与四舍五入、去尾法都不同，不能混用。,《2026/2027 一轮复习讲义·学生版 / 知识清单·学生版》文本判定
MATH,狄利克雷函数,狄利克雷函数,CONCEPT,数学必修第一册·第三章·函数的概念与性质,定位：数学必修第一册 第三章。它的周期不是一个具体的数，而是任意正有理数，因此不存在最小正周期；有理数经过加减乘除仍为有理数，无理数的运算结果不能想当然，比较函数值前要先判断自变量类型；把该函数当作连续函数去画图或求导会得出错误结论。,《2026/2027 一轮复习讲义·学生版 / 知识清单·学生版》文本判定
MATH,最值函数,最值函数,CONCEPT,数学必修第一册·第三章·函数的概念与性质,定位：数学必修第一册 第三章。分段的分界点必须由两曲线的交点确定，不能凭观察取整点；拼合后的图象一般不光滑，判断单调性必须分段进行；比较大小时要在同一自变量下进行，不能把不同自变量处的函数值直接比较。,《2026/2027 一轮复习讲义·学生版 / 知识清单·学生版》文本判定
MATH,倍值函数,倍值函数,CONCEPT,数学必修第一册·第三章·函数的概念与性质,定位：数学必修第一册 第三章。定义要求区间包含于定义域，若题目还给出单调性条件必须先验证；解出的 $m$ 与 $n$ 要满足 $m<n$ 且都落在定义域内，否则应舍去；$k>0$ 是定义的一部分，不能默认 $k<1$；保值函数是 $k=1$ 的特例，与不动点问题不是同一,《2026/2027 一轮复习讲义·学生版 / 知识清单·学生版》文本判定
MATH,函数新定义问题的解题方法,函数新定义问题的解题方法,CONCEPT,数学必修第一册·第三章·函数的概念与性质,定位：数学必修第一册 第三章。新定义题的核心是翻译，若翻译后仍无法对应已学知识，应回到定义逐条验证，不能凭印象套用；作答时每一步都要写明依据，否则过程分容易丢；新定义中的参数往往有隐含范围，最后必须检验。,《2026/2027 一轮复习讲义·学生版 / 知识清单·学生版》文本判定
PHYSICS,由简谐运动图像获取信息,由简谐运动图像获取信息,CONCEPT,物理选择性必修第一册·第二三章·机械振动与机械波,定位：物理选择性必修第一册 第二三章。判断振动方向必须比较同一时刻前后的位移变化，不能只凭图像是上升段还是下降段直接下结论；加速度方向始终指向平衡位置，与速度方向可能相同也可能相反；比较能量时以振动过程中机械能守恒为前提。,《2026/2027 一轮复习讲义·学生版 / 知识清单·学生版》文本判定
PHYSICS,探究加速度与力质量关系实验的图线异常分析,探究加速度与力质量关系实验的图线异常分析,CONCEPT,PHYSICS·综合·综合·综合,定位：PHYSICS·综合·综合。横轴截距与纵轴截距对应两种相反的失衡原因，判断时要先看清图线与哪条坐标轴相交；图线弯曲是由用槽码重力代替拉力造成，重新平衡阻力并不能解决；只有小车（含钩码）的总质量远大于槽码总质量时，槽码总重力才可视为小车受到的拉力。,《2026/2027 一轮复习讲义·学生版 / 知识清单·学生版》文本判定
PHYSICS,通过位移之比测量加速度之比,通过位移之比测量加速度之比,CONCEPT,PHYSICS·综合·综合·综合,定位：PHYSICS·综合·综合。两车必须同时启动、同时停止才能保证时间相同这一前提；木板的倾斜程度要调整到摩擦影响被补偿，否则位移之比不再等于加速度之比；还要保证盘中重物的质量远小于小车的质量，使重物的重力可视为小车受到的拉力。,《2026/2027 一轮复习讲义·学生版 / 知识清单·学生版》文本判定
PHYSICS,多用电表测电阻,多用电表测电阻,CONCEPT,物理必修第三册·第十一十二章·恒定电流,定位：物理必修第三册 第十一十二章。欧姆表刻度不均匀，只能粗测；待测电阻必须与电源和原电路断开，否则读数偏小甚至损坏电表；每换一次倍率都要重新欧姆调零，否则读数不可信；读数必须乘以倍率，直接读刻度值是最常见的错误。,《2026/2027 一轮复习讲义·学生版 / 知识清单·学生版》文本判定
PHYSICS,测电阻方法体系与选择,测电阻方法体系与选择,CONCEPT,物理必修第三册·第十一十二章·恒定电流,定位：物理必修第三册 第十一十二章。欧姆表只能粗测，涉及精确测量的方案不能用它；安安法要求代替电压表的电流表内阻已知且量程搭配，内阻未知的表不能作这种代用；半偏法的测量值有固定偏差方向，不能当作准确值使用。,《2026/2027 一轮复习讲义·学生版 / 知识清单·学生版》文本判定
PHYSICS,安安法（电流表差值法）,安安法（电流表差值法）,CONCEPT,物理必修第三册·第十一十二章·恒定电流,定位：物理必修第三册 第十一十二章。要当作电压表使用的电流表内阻必须已知，内阻未知的电流表不能这样代用；两块表读数之差是另一条支路的电流，前提是待测电阻与已知内阻的表不在同一条支路，接法不同列出的方程也不同，不能混用。,《2026/2027 一轮复习讲义·学生版 / 知识清单·学生版》文本判定
PHYSICS,伏伏法（电压表差值法）,伏伏法（电压表差值法）,CONCEPT,PHYSICS·综合·综合·综合,定位：PHYSICS·综合·综合。被当作电流表使用的电压表内阻必须已知；两种接法中电压表测的是哪部分电压、哪部分电流不能搞错，否则列出的方程会把已知量与待求量混在一起；串接的定值电阻阻值不能太大，否则电压表读数过小、有效数字损失严重。,《2026/2027 一轮复习讲义·学生版 / 知识清单·学生版》文本判定
PHYSICS,电流半偏法测电流表内阻,电流半偏法测电流表内阻,CONCEPT,物理必修第三册·第十一十二章·恒定电流,定位：物理必修第三册 第十一十二章。$R_1 \gg R_A$ 是该方法成立的前提，若变阻器阻值不够大，结论就不再是“半偏时电阻箱等于电流表内阻”，误差会明显增大；读数取半偏时刻而不是任意时刻；测量值偏小是系统误差，不能用多次测量取平均的办法消除。,《2026/2027 一轮复习讲义·学生版 / 知识清单·学生版》文本判定
PHYSICS,电压半偏法测电压表内阻,电压半偏法测电压表内阻,CONCEPT,物理必修第三册·第十一十二章·恒定电流,定位：物理必修第三册 第十一十二章。$R_1 \ll R_V$ 是该方法成立的前提；电阻箱应从零开始逐渐增大，不能一开始就接入较大阻值；与电流半偏法相反，电压半偏法的测量值偏大，两者的误差方向不能记混。,《2026/2027 一轮复习讲义·学生版 / 知识清单·学生版》文本判定
MATH,导数新定义问题的解题策略,导数新定义问题的解题策略,CONCEPT,数学选择性必修第二册·第五章·函数与导数,定位：数学选择性必修第二册 第五章。不能只背结论而跳过对定义的阅读，新定义题的得分点往往就在定义的条件上；新定义若只对特定区间成立，把结论推广到整个定义域使用是常见错误；定义中的特殊符号（如二阶导、差值、比值）要逐项对应，不能凭印象类比。,《2026/2027 一轮复习讲义·学生版 / 知识清单·学生版》文本判定
PHYSICS,单体机械能守恒定律的应用,单体机械能守恒定律的应用,CONCEPT,物理必修第二册·第八章·机械能与能量守恒,定位：物理必修第二册 第八章。守恒观点必须选定并统一零势能面，初末状态用同一个零势能面，中途换面必然出错；转化观点等式两边的正负号容易写反，动能的增加对应势能的减少；先判断守恒条件是不可省略的一步，条件不满足时用该定律会得到错误结果。,《2026/2027 一轮复习讲义·学生版 / 知识清单·学生版》文本判定
PHYSICS,非常规运动图像,非常规运动图像,CONCEPT,PHYSICS·综合·综合·综合,定位：PHYSICS·综合·综合。非常规图像中“面积”和“斜率”的含义随坐标量变化，把 a-t 图像的面积当成位移、把 $v^2-x$ 图像的斜率当成加速度的绝对值（漏掉系数 2）都是常见错误；只有当图线为直线时才能用斜率直接求加速度，曲线要用切线斜率或分段处理。,《2026/2027 一轮复习讲义·学生版 / 知识清单·学生版》文本判定
PHYSICS,运动学图像的解读与转化,运动学图像的解读与转化,CONCEPT,PHYSICS·综合·综合·综合,定位：PHYSICS·综合·综合。把 v-t 图像中图线的升降当作速度大小的升降是对的，但把它直接当作加速度的增减就错了，加速度要看斜率；图线穿过时间轴只说明速度方向改变，不说明加速度方向也改变；x-t 图像中“交点”表示相遇，斜率相等表示速度相同，两者的含义不能混淆。,《2026/2027 一轮复习讲义·学生版 / 知识清单·学生版》文本判定
MATH,频率分布直方图,频率分布直方图,CONCEPT,数学必修第一册·第三章·函数的概念与性质,定位：数学必修第一册 第三章。纵轴是频率与组距的比值而不是频率，忘记乘组距是最常见的错误；中位数要按面积平分求，不能直接取中间某组的中点；平均数用组中值代表各组数据，组内分布很不均匀时估计值会有偏差。,《2026/2027 一轮复习讲义·学生版 / 知识清单·学生版》文本判定
MATH,平均数与方差的线性变换,平均数与方差的线性变换,CONCEPT,数学必修第二册·第九十章（条件概率与正态分布见选择性必修第三册）·概率统计,定位：数学必修第二册 第九十章（条件概率与正态分布见选择性必修第三册）。方差变为 $a^2s^2$，漏掉平方或误写成 $as^2$ 是典型错误；$a<0$ 时标准差为 $|a|s$；这些结论要求对全体数据统一作同一个变换，只改变个别数据不能套用。,《2026/2027 一轮复习讲义·学生版 / 知识清单·学生版》文本判定
PHYSICS,力、加速度与速度的关系,力、加速度与速度的关系,CONCEPT,PHYSICS·综合·综合·综合,定位：PHYSICS·综合·综合。不能由加速度的大小判断加速还是减速，只能由方向关系判断；加速度为零时速度可以不为零，速度为零时加速度也可以不为零；分析曲线运动时合力应指向轨迹的凹侧。,《2026/2027 一轮复习讲义·学生版 / 知识清单·学生版》文本判定
MATH,涂色问题的计数方法,涂色问题的计数方法,CONCEPT,数学选择性必修第三册·第六章·计数原理,定位：数学选择性必修第三册 第六章。分步时必须判断该区域可选的颜色数是否依赖前面的选择，否则会漏掉分类讨论；相邻关系按题图判断，只有有公共边的区域才要求不同色。,《2026/2027 一轮复习讲义·学生版 / 知识清单·学生版》文本判定
MATH,计数问题的通用解题流程,计数问题的通用解题流程,CONCEPT,数学选择性必修第三册·第六章·计数原理,定位：数学选择性必修第三册 第六章。易错点集中在分类标准中途更换造成重复或遗漏、分步顺序不当、多限制条件不会转化为优先满足项；第 5 步检验不能省，它是判断计数是否不重不漏的重要手段。,《2026/2027 一轮复习讲义·学生版 / 知识清单·学生版》文本判定
PHYSICS,用动量定理解释两类现象,用动量定理解释两类现象,CONCEPT,物理选择性必修第一册·第一章·动量,定位：物理选择性必修第一册 第一章。分析前先判断哪个量保持不变：是动量的变化量不变（如物体从同一高度落到软硬不同的表面），还是作用力不变。不要把延长作用时间说成减小冲量——缓冲过程中冲量等于动量变化量、基本不变，减小的是冲击力。,《2026/2027 一轮复习讲义·学生版 / 知识清单·学生版》文本判定
PHYSICS,相对位移与划痕长度,相对位移与划痕长度,CONCEPT,PHYSICS·综合·综合·综合,定位：PHYSICS·综合·综合。相对位移是位移之差，划痕是痕迹的长度，两次反向相对运动时二者不相等；求摩擦生热要用相对路程而不是物体位移，也不能用传送带的位移代替。,《2026/2027 一轮复习讲义·学生版 / 知识清单·学生版》文本判定
PHYSICS,误差的分类与减小方法,误差的分类与减小方法,CONCEPT,PHYSICS·综合·综合·综合,定位：PHYSICS·综合·综合。误差只能减小不能消除；取平均值只对偶然误差有效，系统误差必须从实验原理和仪器上改进才能减小；相对误差越小说明结果越精确。,《2026/2027 一轮复习讲义·学生版 / 知识清单·学生版》文本判定
PHYSICS,探究小车速度随时间变化的规律,探究小车速度随时间变化的规律,CONCEPT,PHYSICS·综合·综合·综合,定位：PHYSICS·综合·综合。加速度不是越大越好，过大则纸带上可取的计数点太少；本实验不需要秒表和天平；小车必须从靠近打点计时器的位置释放，否则纸带的有效部分太短。,《2026/2027 一轮复习讲义·学生版 / 知识清单·学生版》文本判定
PHYSICS,测量加速度的改进方法,测量加速度的改进方法,CONCEPT,PHYSICS·综合·综合·综合,定位：PHYSICS·综合·综合。用光电门测速时，是用挡光片通过光电门的平均速度代替瞬时速度，挡光片越窄误差越小；滴水法、频闪法的时间间隔由装置决定，必须先确认间隔的取值；图像法求斜率前要判断图线是否为直线，即两个物理量之间是否为线性关系。,《2026/2027 一轮复习讲义·学生版 / 知识清单·学生版》文本判定
PHYSICS,用自由落体运动测重力加速度,用自由落体运动测重力加速度,CONCEPT,物理必修第一册·第二章·匀变速直线运动,定位：物理必修第一册 第二章。应选用质量大、体积小的重物并让纸带竖直下落，以减小阻力带来的系统误差，测得的结果通常略小于当地重力加速度；实验必须先接通电源后释放纸带；相邻计数点的时间间隔要按取点方式确认。,《2026/2027 一轮复习讲义·学生版 / 知识清单·学生版》文本判定
PHYSICS,用单摆测重力加速度的创新设计,用单摆测重力加速度的创新设计,CONCEPT,物理必修第二册·第七章·万有引力与宇宙航行,定位：物理必修第二册 第七章。各种创新的核心仍是 $T=2\pi\sqrt{\dfrac{l}{g}}$，即 $T^{2}=\dfrac{4\pi^{2}}{g}l$，关键在准确确定摆长与周期；用 $T^{2}-l$ 图像处理数据可以消除摆球半径、质心位置不确定带来的系,《2026/2027 一轮复习讲义·学生版 / 知识清单·学生版》文本判定
MATH,函数图象的平移变换,函数图象的平移变换,CONCEPT,数学必修第一册·第三章·函数的概念与性质,定位：数学必修第一册 第三章。系数不为 1 时直接对 $x$ 加减会造成平移量错误，例如由 $y=f(2x)$ 向左平移 1 个单位应得 $y=f(2x+2)$ 而不是 $y=f(2x+1)$；原文的变换式留有空格，此处按标准形式补全。,《2026/2027 一轮复习讲义·学生版 / 知识清单·学生版》文本判定
PHYSICS,受力分析的三个技巧,受力分析的三个技巧,CONCEPT,物理必修第一册·第三章·相互作用,定位：物理必修第一册 第三章。假设法只用于判断力的有无和方向，不能改变题目的已知条件；转换研究对象得到的是相互作用力，大小相等、方向相反、作用在两个不同物体上，不要把它与研究对象所受的力画在同一张受力图上。,《2026/2027 一轮复习讲义·学生版 / 知识清单·学生版》文本判定
PHYSICS,共点力平衡的常用推论,共点力平衡的常用推论,CONCEPT,物理必修第一册·第三章·相互作用,定位：物理必修第一册 第三章。三条推论都以物体所受合外力为零为前提，只在平衡状态下成立；矢量三角形是封闭的，但三个力的作用线要交于一点才属于共点力平衡；判断时先确认物体确实处于平衡状态，不能把“运动着”等同于“不平衡”。,《2026/2027 一轮复习讲义·学生版 / 知识清单·学生版》文本判定
PHYSICS,共点力平衡的常用方法,共点力平衡的常用方法,CONCEPT,物理必修第一册·第三章·相互作用,定位：物理必修第一册 第三章。合成法与分解法只适用于三个力的情况；正交分解法建系时应使尽可能多的力与坐标轴重合，需要分解的力越少越好；矢量三角形法中力的方向关系必须与实际的几何关系一致，不能只凭图形“看起来”判断大小。,《2026/2027 一轮复习讲义·学生版 / 知识清单·学生版》文本判定
PHYSICS,力热综合问题的解题思路,力热综合问题的解题思路,CONCEPT,PHYSICS·综合·综合·综合,定位：PHYSICS·综合·综合。使用 $F=pS$ 时要注意是“压强差”乘以受力面积，并且只计算气体压力在所研究方向上的合力；气体必须密封不漏气，温度变化后要先用气体实验定律求出新的压强，再转入力学平衡计算。,《2026/2027 一轮复习讲义·学生版 / 知识清单·学生版》文本判定
PHYSICS,匀质绳索与多段物体的平衡,匀质绳索与多段物体的平衡,CONCEPT,物理必修第一册·第三章·相互作用,定位：物理必修第一册 第三章。绳只能受拉力、不能受压，张力方向沿绳在该处的切线；选段时端点宜取在张力方向容易确定的位置（如切线水平的最低点）；选取不同长度的绳段时重心位置随之改变，求重力作用点时不能沿用整段绳的结论。,《2026/2027 一轮复习讲义·学生版 / 知识清单·学生版》文本判定
PHYSICS,碰撞的分类与比较,碰撞的分类与比较,CONCEPT,物理选择性必修第一册·第一章·动量,定位：物理选择性必修第一册 第一章。判断碰撞是否可能时除动量守恒外还要检查动能不增加与速度是否合理；同一碰撞中动能只可能减少、不可能增加，动能损失最大对应碰后共速；题目未说明碰撞性质时要按可能的类型分别讨论。,《2026/2027 一轮复习讲义·学生版 / 知识清单·学生版》文本判定
PHYSICS,火箭,火箭,CONCEPT,PHYSICS·综合·综合·综合,定位：PHYSICS·综合·综合。公式中的速度必须相对同一参考系（通常取喷气前的火箭），$u$ 是气体相对该参考系的速度而不是相对火箭的速度；多次喷气要逐次重新计算剩余质量并叠加每次的速度增量；实际火箭不断喷气，质量连续变化，不能用一次喷气的结论直接套用。,《2026/2027 一轮复习讲义·学生版 / 知识清单·学生版》文本判定
PHYSICS,等分法,等分法,CONCEPT,PHYSICS·综合·综合·综合,定位：PHYSICS·综合·综合。等分法只适用于匀强电场；等分的是某两点间沿直线的距离，同时等分的是电势差；找等势点时要点选电势介于两者之间的点，连线后还需借助几何关系（平行线、相似三角形）确定等势线与所求点的位置。,《2026/2027 一轮复习讲义·学生版 / 知识清单·学生版》文本判定
MATH,中国剩余定理,中国剩余定理,CONCEPT,数学必修第一册·第三章·函数的概念与性质,定位：数学必修第一册 第三章。唯一性要求各模两两互素，缺这一条只能保证有解、未必唯一；求解用逐步代入或构造法，高考背景题只需理解结论并会验证；读题时把“模”当除数，逐次代入并随时用同余化简。,数学《专题12 以相关公式、定义、定理、模型为命题背景（附加）（全国通用）（学生版）（会一题通一类系列）》
BIOLOGY,DNA片段的电泳鉴定,DNA片段的电泳鉴定,CONCEPT,生物学选择性必修3·生物技术与工程·基因工程的基本操作程序,定位：生物学选择性必修3 生物技术与工程。,块池判定·2027版高中《53知识清单》彩色版（生物）
BIOLOGY,DNA的粗提取与鉴定,DNA的粗提取与鉴定,CONCEPT,BIOLOGY·综合·综合·综合,定位：BIOLOGY·综合·综合。,块池判定·2026年新高考资料(4)
BIOLOGY,MHC与抗原呈递,MHC与抗原呈递,CONCEPT,生物学选择性必修1·第四章·免疫调节,定位：生物学选择性必修1 第四章。,块池判定·6. 2026生物总复习
BIOLOGY,RNA干扰,RNA干扰,CONCEPT,BIOLOGY·综合·综合·综合,定位：BIOLOGY·综合·综合。,块池判定·2026年新高考资料(4)
BIOLOGY,cDNA文库与基因组文库,cDNA文库与基因组文库,CONCEPT,生物学必修2·第一章第二节·遗传的基本规律,定位：生物学必修2 第一章第二节。,块池判定·27版五三
BIOLOGY,不同类型激素的作用机理,不同类型激素的作用机理,CONCEPT,生物学选择性必修1·第一章·内环境与稳态,定位：生物学选择性必修1 第一章。,块池判定·2027版高中《53知识清单》彩色版（生物）
BIOLOGY,与DNA相关的酶的比较,与DNA相关的酶的比较,CONCEPT,生物学必修1·第五章·酶与ATP,定位：生物学必修1 第五章。,块池判定·27版五三
BIOLOGY,中心体,中心体,CONCEPT,BIOLOGY·综合·综合·综合,定位：BIOLOGY·综合·综合。,块池判定·2026年新高考资料(4)
BIOLOGY,中性突变学说与间断平衡学说,中性突变学说与间断平衡学说,CONCEPT,生物学必修2·第五六章·变异与进化,定位：生物学必修2 第五六章。,块池判定·2027版高中《53知识清单》彩色版（生物）
BIOLOGY,乳腺生物反应器,乳腺生物反应器,CONCEPT,BIOLOGY·综合·综合·综合,定位：BIOLOGY·综合·综合。,块池判定·6. 2026生物总复习
BIOLOGY,人体呼吸运动的调节方式,人体呼吸运动的调节方式,CONCEPT,生物学必修1·第五章第三节·细胞呼吸,定位：生物学必修1 第五章第三节。,块池判定·2027版高中《53知识清单》彩色版（生物）
BIOLOGY,人胚胎干细胞研究的伦理规范,人胚胎干细胞研究的伦理规范,CONCEPT,生物学必修1·第六章·细胞的生命历程,定位：生物学必修1 第六章。,块池判定·2027版高中《53知识清单》彩色版（生物）
BIOLOGY,伞藻嫁接与核移植实验,伞藻嫁接与核移植实验,CONCEPT,BIOLOGY·综合·综合·综合,定位：BIOLOGY·综合·综合。,块池判定·6. 2026生物总复习
BIOLOGY,传统农业生产中的典型管理措施,传统农业生产中的典型管理措施,CONCEPT,BIOLOGY·综合·综合·综合,定位：BIOLOGY·综合·综合。,块池判定·2026年新高考资料(4)
BIOLOGY,体温调定点与发热,体温调定点与发热,CONCEPT,生物学选择性必修1·第一章·内环境与稳态,定位：生物学选择性必修1 第一章。,块池判定·2027版高中《53知识清单》彩色版（生物）
BIOLOGY,光抑制,光抑制,CONCEPT,BIOLOGY·综合·综合·综合,定位：BIOLOGY·综合·综合。,块池判定·2026年新高考资料(4)
BIOLOGY,光抑制与光保护,光抑制与光保护,CONCEPT,生物学选择性必修2·第三章·生态系统,定位：生物学选择性必修2 第三章。,块池判定·2026年新高考资料(4)
BIOLOGY,光驱动泵,光驱动泵,CONCEPT,BIOLOGY·综合·综合·综合,定位：BIOLOGY·综合·综合。,块池判定·2026年新高考资料(4)
BIOLOGY,克隆技术与伦理问题,克隆技术与伦理问题,CONCEPT,生物学选择性必修3·生物技术与工程·动物细胞工程,定位：生物学选择性必修3 生物技术与工程。,块池判定·2026年新高考资料(4)
BIOLOGY,全球性生态环境问题,全球性生态环境问题,CONCEPT,生物学选择性必修2·第三章·生态系统,定位：生物学选择性必修2 第三章。,块池判定·27版五三
BIOLOGY,兴奋剂与毒品的危害,兴奋剂与毒品的危害,CONCEPT,BIOLOGY·综合·综合·综合,定位：BIOLOGY·综合·综合。,块池判定·2027版高中《53知识清单》彩色版（生物）
BIOLOGY,分析推理,分析推理,CONCEPT,BIOLOGY·综合·综合·综合,定位：BIOLOGY·综合·综合。,块池判定·6. 2026生物总复习
BIOLOGY,判定生物亲缘关系的方法,判定生物亲缘关系的方法,CONCEPT,BIOLOGY·综合·综合·综合,定位：BIOLOGY·综合·综合。,块池判定·2027版高中《53知识清单》彩色版（生物）
BIOLOGY,剂量补偿效应与巴氏小体,剂量补偿效应与巴氏小体,CONCEPT,BIOLOGY·综合·综合·综合,定位：BIOLOGY·综合·综合。,块池判定·2026年新高考资料(4)
BIOLOGY,动物体细胞核移植技术,动物体细胞核移植技术,CONCEPT,生物学必修1·第三章·细胞结构,定位：生物学必修1 第三章。,块池判定·2026年新高考资料(4)
BIOLOGY,动物体细胞核移植技术与克隆动物,动物体细胞核移植技术与克隆动物,CONCEPT,生物学必修1·第三章·细胞结构,定位：生物学必修1 第三章。,块池判定·6. 2026生物总复习
BIOLOGY,动物体细胞核移植,动物体细胞核移植,CONCEPT,生物学必修1·第三章·细胞结构,定位：生物学必修1 第三章。,块池判定·6. 2026生物总复习
BIOLOGY,原核基因表达的调控,原核基因表达的调控,CONCEPT,生物学必修2·第一章第二节·遗传的基本规律,定位：生物学必修2 第一章第二节。,块池判定·2026年新高考资料(4)
BIOLOGY,双脱氧测序法的终止延伸与读序原理,双脱氧测序法的终止延伸与读序原理,CONCEPT,BIOLOGY·综合·综合·综合,定位：BIOLOGY·综合·综合。,块池判定·27版五三
BIOLOGY,呼吸熵,呼吸熵,CONCEPT,生物学必修1·第五章第三节·细胞呼吸,定位：生物学必修1 第五章第三节。,块池判定·2026年新高考资料(4)
BIOLOGY,哺乳动物成熟红细胞的特点,哺乳动物成熟红细胞的特点,CONCEPT,BIOLOGY·综合·综合·综合,定位：BIOLOGY·综合·综合。,块池判定·2027版高中《53知识清单》彩色版（生物）
BIOLOGY,因果推理与论证,因果推理与论证,CONCEPT,BIOLOGY·综合·综合·综合,定位：BIOLOGY·综合·综合。,块池判定·6. 2026生物总复习
BIOLOGY,图示类信息解码与加工,图示类信息解码与加工,CONCEPT,BIOLOGY·综合·综合·综合,定位：BIOLOGY·综合·综合。,块池判定·6. 2026生物总复习
BIOLOGY,外来物种入侵,外来物种入侵,CONCEPT,生物学必修2·第五六章·变异与进化,定位：生物学必修2 第五六章。,块池判定·2027版高中《53知识清单》彩色版（生物）
BIOLOGY,存活曲线,存活曲线,CONCEPT,BIOLOGY·综合·综合·综合,定位：BIOLOGY·综合·综合。,块池判定·2027版高中《53知识清单》彩色版（生物）
BIOLOGY,密度梯度离心,密度梯度离心,CONCEPT,生物学选择性必修2·第一二章·种群与群落,定位：生物学选择性必修2 第一二章。,块池判定·27版五三
BIOLOGY,尿素分解菌的分离与计数,尿素分解菌的分离与计数,CONCEPT,BIOLOGY·综合·综合·综合,定位：BIOLOGY·综合·综合。,块池判定·6. 2026生物总复习
BIOLOGY,平衡致死体系,平衡致死体系,CONCEPT,BIOLOGY·综合·综合·综合,定位：BIOLOGY·综合·综合。,块池判定·2026年新高考资料(4)
BIOLOGY,影印法,影印法,CONCEPT,BIOLOGY·综合·综合·综合,定位：BIOLOGY·综合·综合。,块池判定·2027版高中《53知识清单》彩色版（生物）
BIOLOGY,微生物数量的测定,微生物数量的测定,CONCEPT,生物学选择性必修3·生物技术与工程·微生物的培养技术及应用,定位：生物学选择性必修3 生物技术与工程。,块池判定·6. 2026生物总复习
BIOLOGY,微生物的选择培养和计数,微生物的选择培养和计数,CONCEPT,生物学选择性必修3·生物技术与工程·微生物的培养技术及应用,定位：生物学选择性必修3 生物技术与工程。,块池判定·6. 2026生物总复习
BIOLOGY,微生物筛选中的四种圈,微生物筛选中的四种圈,CONCEPT,生物学选择性必修3·生物技术与工程·微生物的培养技术及应用,定位：生物学选择性必修3 生物技术与工程。,块池判定·2027版高中《53知识清单》彩色版（生物）
BIOLOGY,批判性思维与论点评估,批判性思维与论点评估,CONCEPT,BIOLOGY·综合·综合·综合,定位：BIOLOGY·综合·综合。,块池判定·6. 2026生物总复习
BIOLOGY,抑郁症的发病机理与治疗,抑郁症的发病机理与治疗,CONCEPT,BIOLOGY·综合·综合·综合,定位：BIOLOGY·综合·综合。,块池判定·2027版高中《53知识清单》彩色版（生物）
BIOLOGY,拉马克进化学说与自然选择学说的比较,拉马克进化学说与自然选择学说的比较,CONCEPT,生物学必修2·第五六章·变异与进化,定位：生物学必修2 第五六章。,块池判定·2027版高中《53知识清单》彩色版（生物）
BIOLOGY,探究土壤微生物的分解作用,探究土壤微生物的分解作用,CONCEPT,生物学选择性必修3·生物技术与工程·微生物的培养技术及应用,定位：生物学选择性必修3 生物技术与工程。,块池判定·6. 2026生物总复习
BIOLOGY,探究某元素是否为植物生长发育的必需元素,探究某元素是否为植物生长发育的必需元素,CONCEPT,生物学必修1·第二章·细胞的分子组成,定位：生物学必修1 第二章。,块池判定·6. 2026生物总复习
BIOLOGY,探究环境因素对光合作用强度的影响,探究环境因素对光合作用强度的影响,CONCEPT,生物学必修1·第五章第四节·光合作用,定位：生物学必修1 第五章第四节。,块池判定·2026年新高考资料(4)
BIOLOGY,文本类信息题的解读方法,文本类信息题的解读方法,CONCEPT,BIOLOGY·综合·综合·综合,定位：BIOLOGY·综合·综合。,块池判定·6. 2026生物总复习
BIOLOGY,有性生殖与无性生殖的判断,有性生殖与无性生殖的判断,CONCEPT,BIOLOGY·综合·综合·综合,定位：BIOLOGY·综合·综合。,块池判定·2027版高中《53知识清单》彩色版（生物）
BIOLOGY,果皮种皮与胚胚乳的来源及性状统计时机,果皮种皮与胚胚乳的来源及性状统计时机,CONCEPT,生物学必修2·第一章第二节·遗传的基本规律,定位：生物学必修2 第一章第二节。,块池判定·2026年新高考资料(4)
BIOLOGY,果酒和果醋的制作,果酒和果醋的制作,CONCEPT,BIOLOGY·综合·综合·综合,定位：BIOLOGY·综合·综合。,块池判定·6. 2026生物总复习
BIOLOGY,染色体组,染色体组,CONCEPT,生物学必修2·第五六章·变异与进化,定位：生物学必修2 第五六章。,块池判定·2026年新高考资料(4)
BIOLOGY,染色体结构变异,染色体结构变异,CONCEPT,生物学必修2·第五六章·变异与进化,定位：生物学必修2 第五六章。,块池判定·6. 2026生物总复习
BIOLOGY,核仁核孔与细胞代谢,核仁核孔与细胞代谢,CONCEPT,BIOLOGY·综合·综合·综合,定位：BIOLOGY·综合·综合。,块池判定·2026年新高考资料(4)
BIOLOGY,核孔与核质物质运输,核孔与核质物质运输,CONCEPT,生物学必修1·第四章·物质的输入与输出,定位：生物学必修1 第四章。,块池判定·2026年新高考资料(4)
BIOLOGY,核孔复合体,核孔复合体,CONCEPT,BIOLOGY·综合·综合·综合,定位：BIOLOGY·综合·综合。,块池判定·2027版高中《53知识清单》彩色版（生物）
BIOLOGY,检测遗传物质的方法,检测遗传物质的方法,CONCEPT,生物学必修2·第一章第二节·遗传的基本规律,定位：生物学必修2 第一章第二节。,块池判定·2027版高中《53知识清单》彩色版（生物）
BIOLOGY,植物体细胞杂交技术,植物体细胞杂交技术,CONCEPT,BIOLOGY·综合·综合·综合,定位：BIOLOGY·综合·综合。,块池判定·27版五三
BIOLOGY,植物体细胞杂交,植物体细胞杂交,CONCEPT,BIOLOGY·综合·综合·综合,定位：BIOLOGY·综合·综合。,块池判定·6. 2026生物总复习
BIOLOGY,植物激素与动物激素的比较,植物激素与动物激素的比较,CONCEPT,生物学选择性必修1·第一章·内环境与稳态,定位：生物学选择性必修1 第一章。,块池判定·27版五三
BIOLOGY,植物激素的概念,植物激素的概念,CONCEPT,生物学选择性必修1·第一章·内环境与稳态,定位：生物学选择性必修1 第一章。,块池判定·6. 2026生物总复习
BIOLOGY,植物激素间的相互作用,植物激素间的相互作用,CONCEPT,生物学选择性必修1·第一章·内环境与稳态,定位：生物学选择性必修1 第一章。,块池判定·6. 2026生物总复习
BIOLOGY,植物细胞工程的应用,植物细胞工程的应用,CONCEPT,生物学选择性必修3·生物技术与工程·动物细胞工程,定位：生物学选择性必修3 生物技术与工程。,块池判定·6. 2026生物总复习
BIOLOGY,水体富营养化,水体富营养化,CONCEPT,生物学必修1·第二章·细胞的分子组成,定位：生物学必修1 第二章。,块池判定·27版五三
BIOLOGY,水污染类型的判断,水污染类型的判断,CONCEPT,生物学必修1·第二章·细胞的分子组成,定位：生物学必修1 第二章。,块池判定·2027版高中《53知识清单》彩色版（生物）
BIOLOGY,泡菜中亚硝酸盐含量的测定,泡菜中亚硝酸盐含量的测定,CONCEPT,BIOLOGY·综合·综合·综合,定位：BIOLOGY·综合·综合。,块池判定·2027版高中《53知识清单》彩色版（生物）
BIOLOGY,流程类试题的三步拆解法,流程类试题的三步拆解法,CONCEPT,BIOLOGY·综合·综合·综合,定位：BIOLOGY·综合·综合。,块池判定·27版五三
BIOLOGY,渗透装置液面变化分析,渗透装置液面变化分析,CONCEPT,生物学必修1·第四章·物质的输入与输出,定位：生物学必修1 第四章。,块池判定·2027版高中《53知识清单》彩色版（生物）
BIOLOGY,滥用兴奋剂与毒品的危害,滥用兴奋剂与毒品的危害,CONCEPT,BIOLOGY·综合·综合·综合,定位：BIOLOGY·综合·综合。,块池判定·6. 2026生物总复习
BIOLOGY,演绎推理论证,演绎推理论证,CONCEPT,BIOLOGY·综合·综合·综合,定位：BIOLOGY·综合·综合。,块池判定·6. 2026生物总复习
BIOLOGY,激素分泌异常疾病,激素分泌异常疾病,CONCEPT,生物学选择性必修1·第一章·内环境与稳态,定位：生物学选择性必修1 第一章。,块池判定·2027版高中《53知识清单》彩色版（生物）
BIOLOGY,激素分泌异常症,激素分泌异常症,CONCEPT,生物学选择性必修1·第一章·内环境与稳态,定位：生物学选择性必修1 第一章。,块池判定·6. 2026生物总复习
BIOLOGY,激素间的相互作用,激素间的相互作用,CONCEPT,生物学选择性必修1·第一章·内环境与稳态,定位：生物学选择性必修1 第一章。,块池判定·6. 2026生物总复习
BIOLOGY,环境胁迫对光合作用的影响,环境胁迫对光合作用的影响,CONCEPT,生物学必修1·第五章第四节·光合作用,定位：生物学必修1 第五章第四节。,块池判定·2026年新高考资料(4)
BIOLOGY,现代生物进化理论,现代生物进化理论,CONCEPT,生物学必修2·第五六章·变异与进化,定位：生物学必修2 第五六章。,块池判定·2026年新高考资料(4)
BIOLOGY,琼脂糖凝胶电泳,琼脂糖凝胶电泳,CONCEPT,生物学必修1·第二章·细胞的分子组成,定位：生物学必修1 第二章。,块池判定·27版五三
BIOLOGY,生命活动离不开细胞,生命活动离不开细胞,CONCEPT,BIOLOGY·综合·综合·综合,定位：BIOLOGY·综合·综合。,块池判定·6. 2026生物总复习
BIOLOGY,生态文明,生态文明,CONCEPT,生物学选择性必修2·第三章·生态系统,定位：生物学选择性必修2 第三章。,块池判定·2026年新高考资料(4)
BIOLOGY,生态足迹,生态足迹,CONCEPT,生物学选择性必修2·第三章·生态系统,定位：生物学选择性必修2 第三章。,块池判定·2026年新高考资料(4)
BIOLOGY,生态足迹与全球性生态环境问题,生态足迹与全球性生态环境问题,CONCEPT,生物学选择性必修2·第三章·生态系统,定位：生物学选择性必修2 第三章。,块池判定·6. 2026生物总复习
BIOLOGY,生态足迹与生态承载力,生态足迹与生态承载力,CONCEPT,生物学选择性必修2·第三章·生态系统,定位：生物学选择性必修2 第三章。,块池判定·27版五三
BIOLOGY,生态足迹与碳足迹,生态足迹与碳足迹,CONCEPT,生物学选择性必修2·第三章·生态系统,定位：生物学选择性必修2 第三章。,块池判定·2026年新高考资料(4)
BIOLOGY,生态金字塔,生态金字塔,CONCEPT,生物学选择性必修2·第三章·生态系统,定位：生物学选择性必修2 第三章。,块池判定·6. 2026生物总复习
BIOLOGY,生态金字塔；同时同片同节点材料已达,生态金字塔；同时同片同节点材料已达,CONCEPT,生物学选择性必修2·第三章·生态系统,定位：生物学选择性必修2 第三章。,块池判定·27版五三
BIOLOGY,生殖性克隆与治疗性克隆,生殖性克隆与治疗性克隆,CONCEPT,生物学选择性必修3·生物技术与工程·动物细胞工程,定位：生物学选择性必修3 生物技术与工程。,块池判定·6. 2026生物总复习
BIOLOGY,生殖性克隆人的伦理问题,生殖性克隆人的伦理问题,CONCEPT,生物学选择性必修3·生物技术与工程·动物细胞工程,定位：生物学选择性必修3 生物技术与工程。,块池判定·2027版高中《53知识清单》彩色版（生物）
BIOLOGY,生物体内水的产生与消耗,生物体内水的产生与消耗,CONCEPT,生物学必修1·第二章·细胞的分子组成,定位：生物学必修1 第二章。,块池判定·6. 2026生物总复习
BIOLOGY,生物分类的等级单位,生物分类的等级单位,CONCEPT,BIOLOGY·综合·综合·综合,定位：BIOLOGY·综合·综合。,块池判定·27版五三
BIOLOGY,生物分类等级,生物分类等级,CONCEPT,BIOLOGY·综合·综合·综合,定位：BIOLOGY·综合·综合。,块池判定·27版五三
BIOLOGY,生物安全,生物安全,CONCEPT,BIOLOGY·综合·综合·综合,定位：BIOLOGY·综合·综合。,块池判定·2027版高中《53知识清单》彩色版（生物）
BIOLOGY,生物富集,生物富集,CONCEPT,BIOLOGY·综合·综合·综合,定位：BIOLOGY·综合·综合。,块池判定·6. 2026生物总复习
BIOLOGY,生物武器,生物武器,CONCEPT,BIOLOGY·综合·综合·综合,定位：BIOLOGY·综合·综合。,块池判定·2027版高中《53知识清单》彩色版（生物）
BIOLOGY,生物进化理论的发展,生物进化理论的发展,CONCEPT,生物学必修2·第五六章·变异与进化,定位：生物学必修2 第五六章。,块池判定·6. 2026生物总复习
BIOLOGY,病毒的鉴定与检测,病毒的鉴定与检测,CONCEPT,BIOLOGY·综合·综合·综合,定位：BIOLOGY·综合·综合。,块池判定·6. 2026生物总复习
BIOLOGY,目的基因导入受体细胞的方法,目的基因导入受体细胞的方法,CONCEPT,生物学必修2·第一章第二节·遗传的基本规律,定位：生物学必修2 第一章第二节。,块池判定·6. 2026生物总复习
BIOLOGY,碳中和,碳中和,CONCEPT,BIOLOGY·综合·综合·综合,定位：BIOLOGY·综合·综合。,块池判定·2026年新高考资料(4)
BIOLOGY,碳中和的措施,碳中和的措施,CONCEPT,BIOLOGY·综合·综合·综合,定位：BIOLOGY·综合·综合。,块池判定·2026年新高考资料(4)
BIOLOGY,碳达峰与碳中和,碳达峰与碳中和,CONCEPT,BIOLOGY·综合·综合·综合,定位：BIOLOGY·综合·综合。,块池判定·2026年新高考资料(4)
BIOLOGY,禁止生物武器,禁止生物武器,CONCEPT,BIOLOGY·综合·综合·综合,定位：BIOLOGY·综合·综合。,块池判定·6. 2026生物总复习
BIOLOGY,稀释涂布平板法计数,稀释涂布平板法计数,CONCEPT,BIOLOGY·综合·综合·综合,定位：BIOLOGY·综合·综合。,块池判定·6. 2026生物总复习
BIOLOGY,管家基因与奢侈基因,管家基因与奢侈基因,CONCEPT,生物学必修2·第一章第二节·遗传的基本规律,定位：生物学必修2 第一章第二节。,块池判定·2027版高中《53知识清单》彩色版（生物）
BIOLOGY,类比推理论证,类比推理论证,CONCEPT,BIOLOGY·综合·综合·综合,定位：BIOLOGY·综合·综合。,块池判定·6. 2026生物总复习
BIOLOGY,细胞中的能源物质与供能顺序,细胞中的能源物质与供能顺序,CONCEPT,BIOLOGY·综合·综合·综合,定位：BIOLOGY·综合·综合。,块池判定·2026年新高考资料(4)
BIOLOGY,细胞中能源物质的供能顺序,细胞中能源物质的供能顺序,CONCEPT,BIOLOGY·综合·综合·综合,定位：BIOLOGY·综合·综合。,块池判定·2026年新高考资料(4)
BIOLOGY,细胞代谢的类型,细胞代谢的类型,CONCEPT,BIOLOGY·综合·综合·综合,定位：BIOLOGY·综合·综合。,块池判定·2026年新高考资料(4)
BIOLOGY,细胞工程,细胞工程,CONCEPT,生物学选择性必修3·生物技术与工程·动物细胞工程,定位：生物学选择性必修3 生物技术与工程。,块池判定·6. 2026生物总复习
BIOLOGY,细胞工程概述,细胞工程概述,CONCEPT,生物学选择性必修3·生物技术与工程·动物细胞工程,定位：生物学选择性必修3 生物技术与工程。,块池判定·6. 2026生物总复习
BIOLOGY,细胞膜的制备,细胞膜的制备,CONCEPT,生物学必修1·第三章·细胞结构,定位：生物学必修1 第三章。,块池判定·2026年新高考资料(4)
BIOLOGY,细胞质遗传与母系遗传,细胞质遗传与母系遗传,CONCEPT,生物学必修1·第三章·细胞结构,定位：生物学必修1 第三章。,块池判定·27版五三
BIOLOGY,综合组织论证,综合组织论证,CONCEPT,BIOLOGY·综合·综合·综合,定位：BIOLOGY·综合·综合。,块池判定·6. 2026生物总复习
BIOLOGY,群落的季节性,群落的季节性,CONCEPT,生物学选择性必修2·第一二章·种群与群落,定位：生物学选择性必修2 第一二章。,块池判定·6. 2026生物总复习
BIOLOGY,胚胎分割,胚胎分割,CONCEPT,生物学选择性必修3·生物技术与工程·动物细胞工程,定位：生物学选择性必修3 生物技术与工程。,块池判定·6. 2026生物总复习
BIOLOGY,胚胎移植,胚胎移植,CONCEPT,生物学选择性必修3·生物技术与工程·动物细胞工程,定位：生物学选择性必修3 生物技术与工程。,块池判定·6. 2026生物总复习
BIOLOGY,能源物质与供能顺序,能源物质与供能顺序,CONCEPT,BIOLOGY·综合·综合·综合,定位：BIOLOGY·综合·综合。,块池判定·6. 2026生物总复习
BIOLOGY,花粉鉴定法,花粉鉴定法,CONCEPT,BIOLOGY·综合·综合·综合,定位：BIOLOGY·综合·综合。,块池判定·2026年新高考资料(4)
BIOLOGY,葡萄糖的来源与去路,葡萄糖的来源与去路,CONCEPT,生物学必修1·第二章·细胞的分子组成,定位：生物学必修1 第二章。,块池判定·6. 2026生物总复习
BIOLOGY,血浆蛋白的种类与功能,血浆蛋白的种类与功能,CONCEPT,BIOLOGY·综合·综合·综合,定位：BIOLOGY·综合·综合。,块池判定·2027版高中《53知识清单》彩色版（生物）
BIOLOGY,血糖平衡的调节,血糖平衡的调节,CONCEPT,生物学必修1·第二章·细胞的分子组成,定位：生物学必修1 第二章。,块池判定·6. 2026生物总复习
BIOLOGY,血糖的来源与去路,血糖的来源与去路,CONCEPT,生物学必修1·第二章·细胞的分子组成,定位：生物学必修1 第二章。,块池判定·6. 2026生物总复习
BIOLOGY,表格类信息解码与加工,表格类信息解码与加工,CONCEPT,BIOLOGY·综合·综合·综合,定位：BIOLOGY·综合·综合。,块池判定·6. 2026生物总复习
BIOLOGY,表格类信息题的解读方法,表格类信息题的解读方法,CONCEPT,BIOLOGY·综合·综合·综合,定位：BIOLOGY·综合·综合。,块池判定·6. 2026生物总复习
BIOLOGY,论证能力,论证能力,CONCEPT,BIOLOGY·综合·综合·综合,定位：BIOLOGY·综合·综合。,块池判定·6. 2026生物总复习
BIOLOGY,试管婴儿与设计试管婴儿的比较,试管婴儿与设计试管婴儿的比较,CONCEPT,BIOLOGY·综合·综合·综合,定位：BIOLOGY·综合·综合。,块池判定·6. 2026生物总复习
BIOLOGY,诱导契合学说,诱导契合学说,CONCEPT,BIOLOGY·综合·综合·综合,定位：BIOLOGY·综合·综合。,块池判定·27版五三
BIOLOGY,转基因受体细胞的筛选方法,转基因受体细胞的筛选方法,CONCEPT,生物学必修2·第一章第二节·遗传的基本规律,定位：生物学必修2 第一章第二节。,块池判定·27版五三
BIOLOGY,转录后加工与内含子,转录后加工与内含子,CONCEPT,生物学必修2·第三四章·遗传的分子基础,定位：生物学必修2 第三四章。,块池判定·2026年新高考资料(4)
BIOLOGY,连锁不平衡,连锁不平衡,CONCEPT,生物学必修2·第一章第二节·遗传的基本规律,定位：生物学必修2 第一章第二节。,块池判定·2027版高中《53知识清单》彩色版（生物）
BIOLOGY,遗传平衡定律,遗传平衡定律,CONCEPT,生物学必修2·第一章第二节·遗传的基本规律,定位：生物学必修2 第一章第二节。,块池判定·27版五三
BIOLOGY,遗传漂变,遗传漂变,CONCEPT,生物学必修2·第一章第二节·遗传的基本规律,定位：生物学必修2 第一章第二节。,块池判定·27版五三
BIOLOGY,配子来源的判断,配子来源的判断,CONCEPT,BIOLOGY·综合·综合·综合,定位：BIOLOGY·综合·综合。,块池判定·2027版高中《53知识清单》彩色版（生物）
BIOLOGY,酶与激素的比较,酶与激素的比较,CONCEPT,生物学必修1·第五章·酶与ATP,定位：生物学必修1 第五章。,块池判定·6. 2026生物总复习
BIOLOGY,酸雨与温室气体,酸雨与温室气体,CONCEPT,BIOLOGY·综合·综合·综合,定位：BIOLOGY·综合·综合。,块池判定·2027版高中《53知识清单》彩色版（生物）
BIOLOGY,问题解决,问题解决,CONCEPT,BIOLOGY·综合·综合·综合,定位：BIOLOGY·综合·综合。,块池判定·6. 2026生物总复习
BIOLOGY,验证无机盐功能的实验方法,验证无机盐功能的实验方法,CONCEPT,生物学必修1·第二章·细胞的分子组成,定位：生物学必修1 第二章。,块池判定·2026年新高考资料(4)
CHEMISTRY,8电子稳定结构的判断方法,8电子稳定结构的判断方法,CONCEPT,CHEMISTRY·综合·综合·综合,定位：CHEMISTRY·综合·综合。,块池判定·2027版高中《53知识清单》彩色版（化学）
CHEMISTRY,二糖,二糖,CONCEPT,化学必修第二册·第七章·有机化合物,定位：化学必修第二册 第七章。,块池判定·2027版高中《53知识清单》彩色版（化学）
CHEMISTRY,五同概念的辨析,五同概念的辨析,REASONING,CHEMISTRY·综合·综合·综合,定位：CHEMISTRY·综合·综合。,块池判定·2026年新高考资料(3)
CHEMISTRY,亚硝酸钠的性质与检验,亚硝酸钠的性质与检验,CONCEPT,化学必修第一册·第二章·钠及其化合物,定位：化学必修第一册 第二章。,块池判定·2027版高中《53知识清单》彩色版（化学）
CHEMISTRY,价态转化探究的一般步骤,价态转化探究的一般步骤,CONCEPT,CHEMISTRY·综合·综合·综合,定位：CHEMISTRY·综合·综合。,块池判定·2027版高中《53知识清单》彩色版（化学）
CHEMISTRY,体系与环境,体系与环境,CONCEPT,化学必修第二册·第五章·硫氮及其化合物,定位：化学必修第二册 第五章。,块池判定·2027版高中《53知识清单》彩色版（化学）
CHEMISTRY,依据有机化合物的性质推断有机物,依据有机化合物的性质推断有机物,CONCEPT,化学必修第二册·第七章·有机化合物,定位：化学必修第二册 第七章。,块池判定·2026年新高考资料(3)
CHEMISTRY,内能,内能,CONCEPT,CHEMISTRY·综合·综合·综合,定位：CHEMISTRY·综合·综合。,块池判定·2027版高中《53知识清单》彩色版（化学）
CHEMISTRY,功能高分子材料,功能高分子材料,CONCEPT,CHEMISTRY·综合·综合·综合,定位：CHEMISTRY·综合·综合。,块池判定·2027版高中《53知识清单》彩色版（化学）
CHEMISTRY,化学反应的实质与特征,化学反应的实质与特征,CONCEPT,CHEMISTRY·综合·综合·综合,定位：CHEMISTRY·综合·综合。,块池判定·2026年新高考资料(3)
CHEMISTRY,化肥与农药的合理施用,化肥与农药的合理施用,CONCEPT,CHEMISTRY·综合·综合·综合,定位：CHEMISTRY·综合·综合。,块池判定·2027版高中《53知识清单》彩色版（化学）
CHEMISTRY,卤素单质的性质,卤素单质的性质,CONCEPT,CHEMISTRY·综合·综合·综合,定位：CHEMISTRY·综合·综合。,块池判定·2026年新高考资料(3)
CHEMISTRY,基因工程,基因工程,CONCEPT,CHEMISTRY·综合·综合·综合,定位：CHEMISTRY·综合·综合。,块池判定·2027版高中《53知识清单》彩色版（化学）
CHEMISTRY,处理废水的常用方法,处理废水的常用方法,CONCEPT,化学必修第二册·第八章·化学与可持续发展,定位：化学必修第二册 第八章。,块池判定·2027版高中《53知识清单》彩色版（化学）
CHEMISTRY,天然气水合物,天然气水合物,CONCEPT,CHEMISTRY·综合·综合·综合,定位：CHEMISTRY·综合·综合。,块池判定·2027版高中《53知识清单》彩色版（化学）
CHEMISTRY,常见供氧剂,常见供氧剂,CONCEPT,CHEMISTRY·综合·综合·综合,定位：CHEMISTRY·综合·综合。,块池判定·2027版高中《53知识清单》彩色版（化学）
CHEMISTRY,常见官能团,常见官能团,CONCEPT,化学必修第二册·第七章·有机化合物,定位：化学必修第二册 第七章。,块池判定·2027版高中《53知识清单》彩色版（化学）
CHEMISTRY,常见实验现象,常见实验现象,CONCEPT,CHEMISTRY·综合·实验与方案设计·实验分析,定位：CHEMISTRY 综合。,块池判定·2026年新高考资料(3)
CHEMISTRY,常见无机化合物的特征颜色,常见无机化合物的特征颜色,CONCEPT,CHEMISTRY·综合·综合·综合,定位：CHEMISTRY·综合·综合。,块池判定·2027版高中《53知识清单》彩色版（化学）
CHEMISTRY,影响物质体积大小的因素,影响物质体积大小的因素,CONCEPT,CHEMISTRY·综合·综合·综合,定位：CHEMISTRY·综合·综合。,块池判定·2026年新高考资料(3)
CHEMISTRY,有机化学发展历程,有机化学发展历程,CONCEPT,化学必修第二册·第七章·有机化合物,定位：化学必修第二册 第七章。,块池判定·2026年新高考资料(3)
CHEMISTRY,根-基与官能团的区别,根-基与官能团的区别,CONCEPT,化学必修第二册·第七章·有机化合物,定位：化学必修第二册 第七章。,块池判定·2027版高中《53知识清单》彩色版（化学）
CHEMISTRY,氧化性酸与酸的氧化性,氧化性酸与酸的氧化性,CONCEPT,CHEMISTRY·综合·综合·综合,定位：CHEMISTRY·综合·综合。,块池判定·2027版高中《53知识清单》彩色版（化学）
CHEMISTRY,氮族元素及其化合物,氮族元素及其化合物,CONCEPT,化学必修第二册·第五章·硫氮及其化合物,定位：化学必修第二册 第五章。,块池判定·2026年新高考资料(3)
CHEMISTRY,氯气泄漏的处置对策,氯气泄漏的处置对策,CONCEPT,化学必修第一册·第二章·氯及其化合物,定位：化学必修第一册 第二章。,块池判定·2027版高中《53知识清单》彩色版（化学）
CHEMISTRY,氯气的实验室制法,氯气的实验室制法,CONCEPT,化学必修第一册·第二章·氯及其化合物,定位：化学必修第一册 第二章。,块池判定·2026年新高考资料(3)
CHEMISTRY,烃的概念与分类,烃的概念与分类,CONCEPT,化学必修第二册·第七章·有机化合物,定位：化学必修第二册 第七章。,块池判定·2027版高中《53知识清单》彩色版（化学）
CHEMISTRY,热容与比热容,热容与比热容,CONCEPT,CHEMISTRY·综合·综合·综合,定位：CHEMISTRY·综合·综合。,块池判定·2027版高中《53知识清单》彩色版（化学）
CHEMISTRY,球棍模型与空间填充模型的判断,球棍模型与空间填充模型的判断,CONCEPT,CHEMISTRY·综合·综合·综合,定位：CHEMISTRY·综合·综合。,块池判定·27版五三
CHEMISTRY,甲酸的结构与化学性质,甲酸的结构与化学性质,CONCEPT,CHEMISTRY·综合·综合·综合,定位：CHEMISTRY·综合·综合。,块池判定·2027版高中《53知识清单》彩色版（化学）
CHEMISTRY,电动势与反应自发性,电动势与反应自发性,CONCEPT,CHEMISTRY·综合·综合·综合,定位：CHEMISTRY·综合·综合。,块池判定·27版五三
CHEMISTRY,电化学计算中电荷量的计算,电化学计算中电荷量的计算,CONCEPT,化学选择性必修1·第四章·电化学,定位：化学选择性必修1 第四章。,块池判定·27版五三
CHEMISTRY,电子亲和能,电子亲和能,CONCEPT,CHEMISTRY·综合·综合·综合,定位：CHEMISTRY·综合·综合。,块池判定·2027版高中《53知识清单》彩色版（化学）
CHEMISTRY,研究物质性质的基本程序,研究物质性质的基本程序,CONCEPT,CHEMISTRY·综合·综合·综合,定位：CHEMISTRY·综合·综合。,块池判定·2027版高中《53知识清单》彩色版（化学）
CHEMISTRY,碳的氧化物,碳的氧化物,CONCEPT,CHEMISTRY·综合·综合·综合,定位：CHEMISTRY·综合·综合。,块池判定·2026年新高考资料(3)
CHEMISTRY,离子液体,离子液体,CONCEPT,CHEMISTRY·综合·综合·综合,定位：CHEMISTRY·综合·综合。,块池判定·2027版高中《53知识清单》彩色版（化学）
CHEMISTRY,纳米晶体的性质,纳米晶体的性质,CONCEPT,CHEMISTRY·综合·综合·综合,定位：CHEMISTRY·综合·综合。,块池判定·27版五三
CHEMISTRY,络合滴定,络合滴定,CONCEPT,化学选择性必修1·第三章·水溶液中的离子平衡,定位：化学选择性必修1 第三章。,块池判定·2026年新高考资料(3)
CHEMISTRY,缓冲溶液,缓冲溶液,CONCEPT,CHEMISTRY·综合·综合·综合,定位：CHEMISTRY·综合·综合。,块池判定·2027版高中《53知识清单》彩色版（化学）
CHEMISTRY,羟醛缩合反应,羟醛缩合反应,CONCEPT,CHEMISTRY·综合·综合·综合,定位：CHEMISTRY·综合·综合。,块池判定·2027版高中《53知识清单》彩色版（化学）
CHEMISTRY,联氨的性质与用途,联氨的性质与用途,CONCEPT,化学必修第二册·第五章·硫氮及其化合物,定位：化学必修第二册 第五章。,块池判定·2027版高中《53知识清单》彩色版（化学）
CHEMISTRY,聚合酶链反应,聚合酶链反应,CONCEPT,化学必修第二册·第七章·有机化合物,定位：化学必修第二册 第七章。,块池判定·2027版高中《53知识清单》彩色版（化学）
CHEMISTRY,肥皂与合成洗涤剂,肥皂与合成洗涤剂,CONCEPT,CHEMISTRY·综合·实验与方案设计·实验分析,定位：CHEMISTRY 综合。有机食品：也叫生态或生物食品，通常来自有机农业生产体系，按国际有机农业生产要求和相应标准生产加工；在生产和加工过程中不采用基因工程获得的生物及其产物，不使用化学合成的农药、化肥、生长调节剂、饲料添加剂,块池判定·2027版高中《53知识清单》彩色版（化学）
CHEMISTRY,肼的性质,肼的性质,CONCEPT,CHEMISTRY·综合·综合·综合,定位：CHEMISTRY·综合·综合。,块池判定·2026年新高考资料(3)
CHEMISTRY,超原子,超原子,CONCEPT,CHEMISTRY·综合·综合·综合,定位：CHEMISTRY·综合·综合。,块池判定·2027版高中《53知识清单》彩色版（化学）
CHEMISTRY,过氧化钙与超氧化钾,过氧化钙与超氧化钾,CONCEPT,CHEMISTRY·综合·综合·综合,定位：CHEMISTRY·综合·综合。,块池判定·2027版高中《53知识清单》彩色版（化学）
CHEMISTRY,连二亚硫酸钠的性质,连二亚硫酸钠的性质,CONCEPT,化学必修第一册·第二章·钠及其化合物,定位：化学必修第一册 第二章。,块池判定·2027版高中《53知识清单》彩色版（化学）
CHEMISTRY,连续氧化转化关系,连续氧化转化关系,CONCEPT,CHEMISTRY·综合·综合·综合,定位：CHEMISTRY·综合·综合。,块池判定·2027版高中《53知识清单》彩色版（化学）
CHEMISTRY,酚醛树脂,酚醛树脂,CONCEPT,化学必修第二册·第七章·有机化合物,定位：化学必修第二册 第七章。,块池判定·2027版高中《53知识清单》彩色版（化学）
CHEMISTRY,酶,酶,CONCEPT,CHEMISTRY·综合·综合·综合,定位：CHEMISTRY·综合·综合。,块池判定·27版五三
CHEMISTRY,醇、酚、羧酸中羟基氢原子的活泼性比较,醇、酚、羧酸中羟基氢原子的活泼性比较,CONCEPT,CHEMISTRY·综合·综合·综合,定位：CHEMISTRY·综合·综合。,块池判定·2027版高中《53知识清单》彩色版（化学）
CHEMISTRY,铅及其化合物的性质,铅及其化合物的性质,CONCEPT,CHEMISTRY·综合·综合·综合,定位：CHEMISTRY·综合·综合。,块池判定·27版五三
CHEMISTRY,镁的物理性质与用途,镁的物理性质与用途,CONCEPT,CHEMISTRY·综合·综合·综合,定位：CHEMISTRY·综合·综合。,块池判定·27版五三
CHEMISTRY,高分子的命名,高分子的命名,CONCEPT,CHEMISTRY·综合·综合·综合,定位：CHEMISTRY·综合·综合。,块池判定·2027版高中《53知识清单》彩色版（化学）
MATH,三射线定理,三射线定理,CONCEPT,数学必修第一册·第三章·函数的概念与性质,定位：数学必修第一册 第三章。,块池判定·2026年新高考资料
MATH,三角形的内切圆半径,三角形的内切圆半径,CONCEPT,数学必修第一册·第五章·三角函数,定位：数学必修第一册 第五章。,块池判定·2026年新高考资料
MATH,不定方程的解的个数,不定方程的解的个数,CONCEPT,数学必修第一册·第三章·函数的概念与性质,定位：数学必修第一册 第三章。,块池判定·2026年新高考资料
MATH,不等关系与不等式,不等关系与不等式,CONCEPT,数学必修第一册·第二章·不等式,定位：数学必修第一册 第二章。,块池判定·2027版高中《53知识清单》彩色版（数学）
MATH,两个计数原理的区别与联系,两个计数原理的区别与联系,CONCEPT,数学选择性必修第三册·第六章·计数原理,定位：数学选择性必修第三册 第六章。,块池判定·27版五三
MATH,互斥事件与对立事件,互斥事件与对立事件,CONCEPT,数学必修第一册·第三章·函数的概念与性质,定位：数学必修第一册 第三章。,块池判定·27版五三
MATH,入射与反射的一般性结论,入射与反射的一般性结论,CONCEPT,数学必修第一册·第三章·函数的概念与性质,定位：数学必修第一册 第三章。,块池判定·2026年新高考资料
MATH,函数的表示法,函数的表示法,CONCEPT,数学必修第一册·第三章·函数的概念与性质,定位：数学必修第一册 第三章。,块池判定·2027版高中《53知识清单》彩色版（数学）
MATH,切比雪夫不等式,切比雪夫不等式,CONCEPT,数学必修第一册·第二章·不等式,定位：数学必修第一册 第二章。,块池判定·2026年新高考资料
MATH,区域角的表示,区域角的表示,CONCEPT,数学必修第一册·第三章·函数的概念与性质,定位：数学必修第一册 第三章。,块池判定·2027版高中《53知识清单》彩色版（数学）
MATH,区间与无穷大的概念,区间与无穷大的概念,CONCEPT,数学必修第一册·第三章·函数的概念与性质,定位：数学必修第一册 第三章。,块池判定·2027版高中《53知识清单》彩色版（数学）
MATH,圆锥曲线中的存在性问题,圆锥曲线中的存在性问题,CONCEPT,数学选择性必修第一册·第二三章·解析几何,定位：数学选择性必修第一册 第二三章。,块池判定·2027版高中《53知识清单》彩色版（数学）
MATH,圆锥曲线中的斜率定值,圆锥曲线中的斜率定值,CONCEPT,数学选择性必修第一册·第二三章·解析几何,定位：数学选择性必修第一册 第二三章。,块池判定·2026年新高考资料
MATH,基本初等函数的图象与性质,基本初等函数的图象与性质,CONCEPT,数学必修第一册·第三章·函数的概念与性质,定位：数学必修第一册 第三章。,块池判定·2026年新高考资料
MATH,墙角模型求外接球,墙角模型求外接球,CONCEPT,数学必修第二册·第八章（空间向量见选择性必修第一册）·立体几何,定位：数学必修第二册 第八章（空间向量见选择性必修第一册）。,块池判定·27版五三
MATH,客观题速解技巧,客观题速解技巧,CONCEPT,数学必修第一册·第三章·函数的概念与性质,定位：数学必修第一册 第三章。,块池判定·2026年新高考资料
MATH,对数型糖水不等式,对数型糖水不等式,CONCEPT,数学必修第一册·第二章·不等式,定位：数学必修第一册 第二章。,块池判定·2026年新高考资料
MATH,导数在实际优化问题中的应用,导数在实际优化问题中的应用,CONCEPT,数学选择性必修第二册·第五章·函数与导数,定位：数学选择性必修第二册 第五章。,块池判定·2027版高中《53知识清单》彩色版（数学）
MATH,帕斯卡定理,帕斯卡定理,CONCEPT,数学必修第一册·第三章·函数的概念与性质,定位：数学必修第一册 第三章。,块池判定·2026年新高考资料
MATH,常用近似计算公式,常用近似计算公式,CONCEPT,数学必修第一册·第三章·函数的概念与性质,定位：数学必修第一册 第三章。,块池判定·2026年新高考资料
MATH,常见抽象函数模型与特征式,常见抽象函数模型与特征式,CONCEPT,数学必修第一册·第三章·函数的概念与性质,定位：数学必修第一册 第三章。,块池判定·27版五三
MATH,平口单峰函数,平口单峰函数,CONCEPT,数学必修第一册·第三章·函数的概念与性质,定位：数学必修第一册 第三章。,块池判定·2026年新高考资料
MATH,平面的概念与表示,平面的概念与表示,CONCEPT,数学必修第一册·第三章·函数的概念与性质,定位：数学必修第一册 第三章。,块池判定·2027版高中《53知识清单》彩色版（数学）
MATH,异面直线上两点间的距离公式,异面直线上两点间的距离公式,CONCEPT,数学必修第二册·第八章（空间向量见选择性必修第一册）·立体几何,定位：数学必修第二册 第八章（空间向量见选择性必修第一册）。,块池判定·2026年新高考资料
MATH,异面直线间的距离,异面直线间的距离,CONCEPT,数学必修第二册·第八章（空间向量见选择性必修第一册）·立体几何,定位：数学必修第二册 第八章（空间向量见选择性必修第一册）。,块池判定·2026年新高考资料
MATH,总体中个体数的估计,总体中个体数的估计,CONCEPT,数学必修第一册·第三章·函数的概念与性质,定位：数学必修第一册 第三章。,块池判定·2027版高中《53知识清单》彩色版（数学）
MATH,成对数据的统计相关性,成对数据的统计相关性,CONCEPT,数学必修第二册·第九十章（条件概率与正态分布见选择性必修第三册）·概率统计,定位：数学必修第二册 第九十章（条件概率与正态分布见选择性必修第三册）。,块池判定·2027版高中《53知识清单》彩色版（数学）
MATH,抛物线的实际应用问题,抛物线的实际应用问题,CONCEPT,数学选择性必修第一册·第二三章·解析几何,定位：数学选择性必修第一册 第二三章。,块池判定·2027版高中《53知识清单》彩色版（数学）
MATH,换元时忽略新变量取值范围致错,换元时忽略新变量取值范围致错,CONCEPT,数学必修第一册·第三章·函数的概念与性质,定位：数学必修第一册 第三章。,块池判定·27版五三
MATH,排序不等式,排序不等式,CONCEPT,数学必修第一册·第二章·不等式,定位：数学必修第一册 第二章。,块池判定·2026年新高考资料
MATH,方程mx2+ny2=1表示的曲线类型判别,方程mx2+ny2=1表示的曲线类型判别,CONCEPT,数学必修第一册·第三章·函数的概念与性质,定位：数学必修第一册 第三章。,块池判定·27版五三
MATH,曲线的拐点,曲线的拐点,CONCEPT,数学选择性必修第二册·第五章·函数与导数,定位：数学选择性必修第二册 第五章。,块池判定·2026年新高考资料
MATH,最大角定理,最大角定理,CONCEPT,数学必修第一册·第三章·函数的概念与性质,定位：数学必修第一册 第三章。,块池判定·27版五三
MATH,有限制条件的组合问题,有限制条件的组合问题,CONCEPT,数学选择性必修第三册·第六章·计数原理,定位：数学选择性必修第三册 第六章。,块池判定·2027版高中《53知识清单》彩色版（数学）
MATH,极值第二判定定理,极值第二判定定理,CONCEPT,数学必修第一册·第三章·函数的概念与性质,定位：数学必修第一册 第三章。,块池判定·2026年新高考资料
MATH,极大似然法,极大似然法,CONCEPT,数学必修第一册·第三章·函数的概念与性质,定位：数学必修第一册 第三章。,块池判定·2027版高中《53知识清单》彩色版（数学）
MATH,椭圆的参数方程与参数设点,椭圆的参数方程与参数设点,CONCEPT,数学选择性必修第一册·第二三章·解析几何,定位：数学选择性必修第一册 第二三章。,块池判定·2027版高中《53知识清单》彩色版（数学）
MATH,概率新信息题的审题策略,概率新信息题的审题策略,CONCEPT,数学必修第二册·第九十章（条件概率与正态分布见选择性必修第三册）·概率统计,定位：数学必修第二册 第九十章（条件概率与正态分布见选择性必修第三册）。,块池判定·27版五三
MATH,正弦定理与余弦定理的选择,正弦定理与余弦定理的选择,CONCEPT,数学必修第一册·第五章·三角函数,定位：数学必修第一册 第五章。,块池判定·2026年新高考资料
MATH,球切接最值问题的处理策略,球切接最值问题的处理策略,CONCEPT,数学必修第一册·第三章·函数的概念与性质,定位：数学必修第一册 第三章。,块池判定·2026年新高考资料
MATH,琴生不等式,琴生不等式,CONCEPT,数学必修第一册·第二章·不等式,定位：数学必修第一册 第二章。,块池判定·2026年新高考资料
MATH,相关系数,相关系数,CONCEPT,数学必修第一册·第三章·函数的概念与性质,定位：数学必修第一册 第三章。,块池判定·2026年新高考资料
MATH,立体几何中的动态问题,立体几何中的动态问题,CONCEPT,数学必修第二册·第八章（空间向量见选择性必修第一册）·立体几何,定位：数学必修第二册 第八章（空间向量见选择性必修第一册）。,块池判定·2026年新高考资料
MATH,等式的性质,等式的性质,CONCEPT,数学必修第一册·第三章·函数的概念与性质,定位：数学必修第一册 第三章。,块池判定·2027版高中《53知识清单》彩色版（数学）
MATH,线段垂直平分线的方程,线段垂直平分线的方程,CONCEPT,数学必修第一册·第三章·函数的概念与性质,定位：数学必修第一册 第三章。,块池判定·2027版高中《53知识清单》彩色版（数学）
MATH,线线平行的判定方法,线线平行的判定方法,CONCEPT,数学必修第二册·第八章（空间向量见选择性必修第一册）·立体几何,定位：数学必修第二册 第八章（空间向量见选择性必修第一册）。,块池判定·2027版高中《53知识清单》彩色版（数学）
MATH,结构不良问题,结构不良问题,CONCEPT,数学必修第一册·第三章·函数的概念与性质,定位：数学必修第一册 第三章。,块池判定·2027版高中《53知识清单》彩色版（数学）
MATH,统计图表的绘制,统计图表的绘制,CONCEPT,数学必修第二册·第九十章（条件概率与正态分布见选择性必修第三册）·概率统计,定位：数学必修第二册 第九十章（条件概率与正态分布见选择性必修第三册）。,块池判定·2027版高中《53知识清单》彩色版（数学）
MATH,翻折问题的处理方法,翻折问题的处理方法,CONCEPT,数学必修第一册·第三章·函数的概念与性质,定位：数学必修第一册 第三章。,块池判定·2026年新高考资料
MATH,蒙日圆,蒙日圆,CONCEPT,数学必修第一册·第三章·函数的概念与性质,定位：数学必修第一册 第三章。,块池判定·2026年新高考资料
MATH,蝴蝶定理,蝴蝶定理,CONCEPT,数学必修第一册·第三章·函数的概念与性质,定位：数学必修第一册 第三章。,块池判定·2026年新高考资料
MATH,蝴蝶定理与坎迪定理,蝴蝶定理与坎迪定理,CONCEPT,数学必修第一册·第三章·函数的概念与性质,定位：数学必修第一册 第三章。,块池判定·2026年新高考资料
MATH,补集思想与正难则反,补集思想与正难则反,CONCEPT,数学必修第一册·第三章·函数的概念与性质,定位：数学必修第一册 第三章。,块池判定·2027版高中《53知识清单》彩色版（数学）
MATH,解三角形条件选择问题的审题策略,解三角形条件选择问题的审题策略,CONCEPT,数学必修第一册·第五章·三角函数,定位：数学必修第一册 第五章。,块池判定·2026年新高考资料
MATH,解析几何中的存在性问题,解析几何中的存在性问题,CONCEPT,数学必修第一册·第三章·函数的概念与性质,定位：数学必修第一册 第三章。,块池判定·2026年新高考资料
MATH,象限角的判断与角的终边关系,象限角的判断与角的终边关系,CONCEPT,数学必修第一册·第三章·函数的概念与性质,定位：数学必修第一册 第三章。,块池判定·2027版高中《53知识清单》彩色版（数学）
MATH,配凑法,配凑法,CONCEPT,数学必修第一册·第三章·函数的概念与性质,定位：数学必修第一册 第三章。,块池判定·27版五三
MATH,随机模拟与随机数,随机模拟与随机数,CONCEPT,数学必修第一册·第三章·函数的概念与性质,定位：数学必修第一册 第三章。,块池判定·2027版高中《53知识清单》彩色版（数学）
MATH,随机模拟法,随机模拟法,CONCEPT,数学必修第一册·第三章·函数的概念与性质,定位：数学必修第一册 第三章。,块池判定·2027版高中《53知识清单》彩色版（数学）
MATH,飘带不等式,飘带不等式,CONCEPT,数学必修第一册·第二章·不等式,定位：数学必修第一册 第二章。,块池判定·2026年新高考资料
PHYSICS,三定则一定律的应用,三定则一定律的应用,CONCEPT,PHYSICS·综合·综合·综合,定位：PHYSICS·综合·综合。,块池判定·2026年新高考资料(1)
PHYSICS,二次函数求极值法,二次函数求极值法,CONCEPT,PHYSICS·综合·综合·综合,定位：PHYSICS·综合·综合。,块池判定·2026年新高考资料(1)
PHYSICS,互感现象,互感现象,CONCEPT,物理选择性必修第二册·第三四章·交变电流与电磁波,定位：物理选择性必修第二册 第三四章。① 自感：由于导体线圈本身的电流发生变化而引起的电磁感应现象，叫作自感现象。\n② 自感电动势：在自感现象中产生的感应电动势；其作用总是阻碍导体中原电流的变化，起到延迟电流变化的作用（自感现象仍可用楞,块池判定·2027版高中《53知识清单》彩色版（物理）
PHYSICS,光滑斜面的两种最速线,光滑斜面的两种最速线,CONCEPT,物理选择性必修第一册·第四章·光学,定位：物理选择性必修第一册 第四章。速度位移公式 vt²−v0²=2ax 不涉及时间 t，只需用到某两个状态，是求加速度最常用的公式之一；现实中运动一旦结束、时间已无法知晓，用它可正好避开时间这个量。\n分段运动时把各段的速度位移公式相,块池判定·2026年新高考资料(1)
PHYSICS,减少量与增量的区别,减少量与增量的区别,CONCEPT,PHYSICS·综合·综合·综合,定位：PHYSICS·综合·综合。,块池判定·2027版高中《53知识清单》彩色版（物理）
PHYSICS,力学实验题的破题策略,力学实验题的破题策略,CONCEPT,PHYSICS·综合·综合·综合,定位：PHYSICS·综合·综合。,块池判定·2026年新高考资料(1)
PHYSICS,力电综合平衡问题的解题思路,力电综合平衡问题的解题思路,CONCEPT,物理必修第一册·第三章·相互作用,定位：物理必修第一册 第三章。,块池判定·2026年新高考资料(1)
PHYSICS,动量与动能的比较,动量与动能的比较,CONCEPT,物理必修第二册·第八章·机械能与能量守恒,定位：物理必修第二册 第八章。,块池判定·2026年新高考资料(1)
PHYSICS,动量守恒在电磁感应中的应用,动量守恒在电磁感应中的应用,CONCEPT,物理选择性必修第一册·第一章·动量,定位：物理选择性必修第一册 第一章。,块池判定·2026年新高考资料(1)
PHYSICS,复杂电路的简化,复杂电路的简化,CONCEPT,物理必修第三册·第十一十二章·恒定电流,定位：物理必修第三册 第十一十二章。① 方法一：先将电阻箱 R 的电阻调到零；闭合 S 后调节 R0 使电流表满偏（示数为 I0）；保持 R0 不变，调节 R 使电流表示数为 I0/2；则 RA=R（该法中干路电流会变化，存在误差）。\,块池判定·2027版高中《53知识清单》彩色版（物理）
PHYSICS,宇宙的演化,宇宙的演化,CONCEPT,PHYSICS·综合·综合·综合,定位：PHYSICS·综合·综合。,块池判定·2027版高中《53知识清单》彩色版（物理）
PHYSICS,安培分子电流假说与磁化消磁,安培分子电流假说与磁化消磁,CONCEPT,物理必修第三册·第十一十二章·恒定电流,定位：物理必修第三册 第十一十二章。① 直线电流：磁感线是以导线上各点为圆心的同心圆，距导线越远处磁场越弱。\n② 环形电流：两侧可等效成小磁针的 N 极和 S 极；内部磁场比环外强，磁感线越向外越稀疏，离圆环中心越远磁场越弱。\n③ ,块池判定·2027版高中《53知识清单》彩色版（物理）
PHYSICS,带电粒子在复合场中的运动,带电粒子在复合场中的运动,CONCEPT,物理必修第三册·第九十章·静电场,定位：物理必修第三册 第九十章。① 关系：安培力是洛伦兹力的宏观表现，洛伦兹力是安培力的微观本质；通电导体所受安培力是其内部所有自由电荷定向移动所受洛伦兹力的总和。\n② 匀速圆周运动：粒子垂直射入匀强磁场时 qvB=mv²/r，得,块池判定·2027版高中《53知识清单》彩色版（物理）
PHYSICS,带电粒子在电场中的圆周运动,带电粒子在电场中的圆周运动,CONCEPT,物理必修第二册·第五六章·抛体运动与圆周运动,定位：物理必修第二册 第五六章。,块池判定·27版五三
PHYSICS,带电粒子在电场中的椭圆运动,带电粒子在电场中的椭圆运动,CONCEPT,物理必修第三册·第九十章·静电场,定位：物理必修第三册 第九十章。,块池判定·27版五三
PHYSICS,应用对称性计算非点电荷间的作用力,应用对称性计算非点电荷间的作用力,CONCEPT,PHYSICS·综合·综合·综合,定位：PHYSICS·综合·综合。,块池判定·2027版高中《53知识清单》彩色版（物理）
PHYSICS,弹力的三类模型,弹力的三类模型,CONCEPT,物理必修第一册·第三章·相互作用,定位：物理必修第一册 第三章。,块池判定·2026年新高考资料(1)
PHYSICS,弹簧串联与并联的等效劲度系数,弹簧串联与并联的等效劲度系数,CONCEPT,物理必修第一册·第三章·相互作用,定位：物理必修第一册 第三章。,块池判定·27版五三
PHYSICS,抛体运动的包络线,抛体运动的包络线,CONCEPT,物理必修第二册·第五六章·抛体运动与圆周运动,定位：物理必修第二册 第五六章。,块池判定·2026年新高考资料(1)
PHYSICS,拱桥与凹桥模型,拱桥与凹桥模型,CONCEPT,PHYSICS·综合·综合·综合,定位：PHYSICS·综合·综合。,块池判定·2026年新高考资料(1)
PHYSICS,振动与波动的区别,振动与波动的区别,CONCEPT,物理选择性必修第一册·第二三章·机械振动与机械波,定位：物理选择性必修第一册 第二三章。,块池判定·2027版高中《53知识清单》彩色版（物理）
PHYSICS,无线电波的接收,无线电波的接收,CONCEPT,物理选择性必修第一册·第二三章·机械振动与机械波,定位：物理选择性必修第一册 第二三章。,块池判定·2026年新高考资料(1)
PHYSICS,晾衣架模型,晾衣架模型,CONCEPT,PHYSICS·综合·综合·综合,定位：PHYSICS·综合·综合。,块池判定·2026年新高考资料(1)
PHYSICS,月—地检验,月—地检验,CONCEPT,PHYSICS·综合·综合·综合,定位：PHYSICS·综合·综合。,块池判定·2027版高中《53知识清单》彩色版（物理）
PHYSICS,汽车过拱形桥与凹形路面,汽车过拱形桥与凹形路面,CONCEPT,PHYSICS·综合·综合·综合,定位：PHYSICS·综合·综合。,块池判定·2027版高中《53知识清单》彩色版（物理）
PHYSICS,沿初速度方向与垂直方向分解法,沿初速度方向与垂直方向分解法,CONCEPT,PHYSICS·综合·综合·综合,定位：PHYSICS·综合·综合。,块池判定·2026年新高考资料(1)
PHYSICS,热学光学与近代物理的易混淆概念辨析,热学光学与近代物理的易混淆概念辨析,REASONING,物理选择性必修第一册·第四章·光学,定位：物理选择性必修第一册 第四章。,块池判定·2026年新高考资料(1)
PHYSICS,球面辐射模型与光子数的计算,球面辐射模型与光子数的计算,CONCEPT,物理选择性必修第一册·第四章·光学,定位：物理选择性必修第一册 第四章。,块池判定·2026年新高考资料(1)
PHYSICS,电场与引力场运动的类比分析,电场与引力场运动的类比分析,CONCEPT,物理必修第三册·第九十章·静电场,定位：物理必修第三册 第九十章。,块池判定·27版五三
PHYSICS,电场线与运动轨迹组合模型,电场线与运动轨迹组合模型,CONCEPT,物理必修第三册·第九十章·静电场,定位：物理必修第三册 第九十章。,块池判定·2026年新高考资料(1)
PHYSICS,电子束的磁偏转,电子束的磁偏转,CONCEPT,PHYSICS·综合·综合·综合,定位：PHYSICS·综合·综合。① 工作原理：极靴与铁质圆柱间的磁场都沿半径方向，不管通电线圈转到什么位置，它的平面都跟磁感线平行；在距轴线等距处磁感应强度的大小总是相等，保证 B 的大小不变且安培力方向与线圈垂直；测量时指针偏转的,块池判定·2027版高中《53知识清单》彩色版（物理）
PHYSICS,电源及其作用,电源及其作用,CONCEPT,物理必修第三册·第十一十二章·恒定电流,定位：物理必修第三册 第十一十二章。,块池判定·2027版高中《53知识清单》彩色版（物理）
PHYSICS,相似三角形法,相似三角形法,CONCEPT,PHYSICS·综合·综合·综合,定位：PHYSICS·综合·综合。,块池判定·2026年新高考资料(1)
PHYSICS,瞬心法,瞬心法,CONCEPT,PHYSICS·综合·综合·综合,定位：PHYSICS·综合·综合。,块池判定·2026年新高考资料(1)
PHYSICS,示波管,示波管,CONCEPT,物理选择性必修第一册·第二三章·机械振动与机械波,定位：物理选择性必修第一册 第二三章。,块池判定·2027版高中《53知识清单》彩色版（物理）
PHYSICS,示波管的构造与工作原理,示波管的构造与工作原理,CONCEPT,物理选择性必修第一册·第二三章·机械振动与机械波,定位：物理选择性必修第一册 第二三章。,块池判定·2026年新高考资料(1)
PHYSICS,科里奥利力,科里奥利力,CONCEPT,PHYSICS·综合·综合·综合,定位：PHYSICS·综合·综合。,块池判定·2026年新高考资料(1)
PHYSICS,等效替换法,等效替换法,CONCEPT,PHYSICS·综合·综合·综合,定位：PHYSICS·综合·综合。,块池判定·2026年新高考资料(1)
PHYSICS,线性关系与动态式在物理中的应用,线性关系与动态式在物理中的应用,CONCEPT,PHYSICS·综合·综合·综合,定位：PHYSICS·综合·综合。,块池判定·27版五三
PHYSICS,绝对误差与相对误差,绝对误差与相对误差,CONCEPT,PHYSICS·综合·综合·综合,定位：PHYSICS·综合·综合。,块池判定·2026年新高考资料(1)
PHYSICS,计算题的审题与破题,计算题的审题与破题,CONCEPT,PHYSICS·综合·综合·综合,定位：PHYSICS·综合·综合。,块池判定·2026年新高考资料(1)
PHYSICS,超声波测速原理,超声波测速原理,CONCEPT,物理选择性必修第一册·第二三章·机械振动与机械波,定位：物理选择性必修第一册 第二三章。,块池判定·2027版高中《53知识清单》彩色版（物理）
PHYSICS,轻杆的形变与弹力方向特点,轻杆的形变与弹力方向特点,CONCEPT,物理必修第一册·第三章·相互作用,定位：物理必修第一册 第三章。形变种类：轻绳发生拉伸形变；轻杆可发生拉伸形变、压缩形变和弯曲形变；弹性绳发生拉伸形变；轻弹簧可发生拉伸形变和压缩形变。\n形变量大小：轻绳与轻杆受外力作用时的形变量微小、可忽略；弹性绳与轻弹簧的形变,块池判定·2026年新高考资料(1)
PHYSICS,运动学的两类基本问题,运动学的两类基本问题,CONCEPT,PHYSICS·综合·综合·综合,定位：PHYSICS·综合·综合。,块池判定·2026年新高考资料(1)
PHYSICS,静电感应,静电感应,CONCEPT,PHYSICS·综合·综合·综合,定位：PHYSICS·综合·综合。,块池判定·2027版高中《53知识清单》彩色版（物理）
PHYSICS,验证动量守恒定律实验的原理与器材,验证动量守恒定律实验的原理与器材,CONCEPT,物理选择性必修第一册·第一章·动量,定位：物理选择性必修第一册 第一章。,块池判定·2026年新高考资料(1)
PHYSICS,验证动量守恒定律实验的注意事项与误差分析,验证动量守恒定律实验的注意事项与误差分析,REASONING,物理选择性必修第一册·第一章·动量,定位：物理选择性必修第一册 第一章。,块池判定·2026年新高考资料(1)
