source,subject,name,verdict,evidence,reason
dir_batch_000.csv#0,MATH,函数y＝f(x)在x＝x0处的导数定义,COVERED,命中节点自身材料 ext-mat-5490f0dd29-002（导数的定义与定义法求导三步）、ext-mat-510c066544-003（导数的定义与用定义求导的步骤）、ext-mat-510c066544-002（平均变化率的几何意义与瞬时变化率）,
dir_batch_000.csv#1,MATH,导数的几何意义,COVERED,math-kb-derivative-geometric-meaning、math-hj-daoshu-jihe-yiyi、ext-mat-5490f0dd29-003、math-hj-s31-derivative-geo,
dir_batch_000.csv#2,MATH,导数的运算法则,COVERED,math-kb-derivative-sum-difference-rule、math-kb-derivative-product-rule、math-kb-derivative-quotient-rule,
dir_batch_000.csv#3,MATH,复合函数的导数,COVERED,math-kb-chain-rule-composite-derivative、ext-mat-d9314bc502-001c、math-hj-fuhhe-hanshu-lianshifaze,
dir_batch_000.csv#4,MATH,导数与函数的单调性的关系,COVERED,math-kb-derivative-monotonic-relation、math-hj-daoshu-dandiaoxing-guanxi、ext-mat-338167e90a-002、math-mo-dandiaozeng-fdaoyu-0,
dir_batch_000.csv#5,MATH,导数法求函数单调区间的步骤,COVERED,math-kb-derivative-monotonic-interval-steps、math-hj-s32-mono-by-derivative、ext-mat-04db4c6b00-001,
dir_batch_000.csv#6,MATH,函数的极值,COVERED,ext-mat-016b8d47a6-001、ext-mat-2bfbc0ed26-001、ext-mat-91df0e1322-001、ext-mat-555709725e-004,
dir_batch_000.csv#7,MATH,函数的最值,COVERED,ext-mat-91df0e1322-002、ext-mat-458a40362b-001b、ext-mat-e036722bc5-003b,
dir_batch_000.csv#8,MATH,函数极值与最值的关系,COVERED,math-hj-s35-extreme-vs-extreme、math-hj-weiyi-jixiaozhi-ji-zuizhi、ext-mat-af8a4b6d78-002、math-hj-jixiaozhi-buding-shi-zuizhi,
dir_batch_000.csv#9,MATH,过定点的多切线问题,COVERED,math-multi-tangent-four-step-method、math-kb-multi-tangent-lines-condition、ext-mat-338167e90a-003c、ext-mat-75d5c5ac0b-009,
dir_batch_000.csv#10,MATH,含参函数的单调性讨论,COVERED,math-hj-s32-param-mono、math-mo-hancan-dandiao-fenlei、ext-mat-b8191f82ad-003、ext-mat-5d36002ff1-004,
dir_batch_000.csv#11,MATH,单变量不等式恒成立问题,COVERED,ext-mat-338167e90a-002c、ext-mat-f51188487d-001b,
dir_batch_000.csv#12,MATH,双变量不等式恒成立问题,COVERED,math-kb-dual-variable-quantifier-value-range、math-hj-shuangbiangliang-hengchengli、math-always-true-two-function-extremum,
dir_batch_000.csv#13,MATH,导数与函数零点问题,COVERED,ext-mat-338167e90a-007、ext-mat-338167e90a-008、math-hj-lingdian-yu-fangchenggen,
dir_batch_000.csv#14,MATH,函数的隐零点问题,COVERED,math-kb-hidden-zero-method、ext-mat-a88de4b133-001、math-hidden-zero-direct-substitution、ext-mat-cc3f0ac3c8-023,
dir_batch_000.csv#15,MATH,极值点偏移问题,COVERED,math-kb-extreme-point-shift-method、math-fx-jzhidian-pianyi-duicheng-he、math-jizhidian-pianyi-panding、ext-mat-90ae3786f3-001b,
dir_batch_000.csv#16,MATH,复合函数求导“漏层”或“错层”致错,COVERED,ext-mat-67879b3ebb-005b、math-mo-daoshu-gongshi-sizer-yunyong、ext-mat-e036722bc5-001d,
dir_batch_000.csv#17,MATH,误解“导数为0”与“有极值”的关系致错,COVERED,math-kb-zero-derivative-not-enough-extremum、ext-mat-ddd80a0edf-001、ext-mat-a75d38e115-002b、math-hj-jixiaozhi-gainian-yicuo,
dir_batch_000.csv#18,MATH,对导数正负与函数图象升降关系理解不准确致错,COVERED,math-hj-s32-derivative-graph-judge、math-hj-s75-graph-derivative-sign、math-hj-daoshu-tuxiang-bianhualiang,
dir_batch_000.csv#19,MATH,导数定义在极限中的计算,COVERED,math-kb-derivative-definition-limit、math-mo-daoshu-dingyi-jixian-bianxing、ext-mat-510c066544-005,
dir_batch_000.csv#20,MATH,曲线“在”某点处的切线问题,COVERED,math-kb-tangent-at-point-steps、math-fx-qiexian-zai-moudian、ext-mat-62744ff0cf-001、math-hj-qiedian-qiegui-qubie,
dir_batch_000.csv#21,MATH,曲线“过”某点的切线问题,COVERED,math-fx-qiexian-guo-moudian、ext-mat-91e0c2ace8-022、ext-mat-62744ff0cf-001b、ext-mat-d9314bc502-001b,
dir_batch_000.csv#22,MATH,两曲线的公切线问题,COVERED,math-kb-common-tangent-two-curves、math-hj-s31-common-tangent、math-common-tangent-four-step-method、math-mo-gongqiexian-fangchengzu,
dir_batch_000.csv#23,MATH,已知函数单调性求参数,COVERED,math-hj-s33-mono-param-range、ext-mat-b8191f82ad-002b、ext-mat-5d36002ff1-003、ext-mat-395579b2b1-001,
dir_batch_000.csv#24,MATH,导数构造法解函数不等式,COVERED,math-kb-derivative-construct-function、math-mo-daoshu-gouzao-duizhao、ext-mat-338167e90a-005b、math-inverse-construct-plus-lambda-exp,
dir_batch_000.csv#25,MATH,利用导数求函数极值的方法步骤,COVERED,math-hj-s34-extreme-steps、ext-mat-da04441fbe-006b、math-kb-extremum-sign-change-criterion、ext-mat-555709725e-003b,
dir_batch_000.csv#26,MATH,已知函数的极值求参数,COVERED,math-hj-s34-extreme-param、ext-mat-395579b2b1-005b、ext-mat-395579b2b1-008、ext-mat-91df0e1322-006,
dir_batch_000.csv#27,MATH,利用导数研究函数的最值,COVERED,math-derivative-closed-interval-max-min-endpoints、ext-mat-016b8d47a6-001b、ext-mat-555709725e-005、ext-mat-da04441fbe-006c,
dir_batch_000.csv#28,MATH,函数的相关概念,COVERED,ext-mat-0e56aad79f-020,
dir_batch_000.csv#29,MATH,函数的三要素,COVERED,ext-mat-80fe6c0ef5-001、ext-mat-b1aceeb4bf-001b、ext-mat-06e0e5a3ca-001,
dir_batch_000.csv#30,MATH,相等函数与分段函数,COVERED,ext-mat-fe6ff7f738-001b、math-hj-fenduan-hanshu、ext-mat-a3a3c441ca-002、ext-mat-397b9bb634-001,
dir_batch_000.csv#31,MATH,单调函数的定义,COVERED,ext-mat-4539cc008d-002、ext-mat-a05f76839f-002,
dir_batch_000.csv#32,MATH,函数的单调区间,COVERED,ext-mat-c060a922b5-001b、ext-mat-1b429dbe88-002d、ext-mat-cc8d549df8-001b,
dir_batch_000.csv#33,MATH,函数单调性的性质,COVERED,math-kb-monotonic-operation-properties、ext-mat-fe6ff7f738-002b、ext-mat-f8bd467420-002、math-fx-dandiao-yunsuan-yiwu,
dir_batch_000.csv#34,MATH,函数奇偶性的几个重要结论,COVERED,math-fx-qiou-changyong-jielun、ext-mat-fe6ff7f738-003、ext-mat-1dfeba7180-001、ext-mat-5c19ba9896-002,
dir_batch_000.csv#35,MATH,周期函数的定义,COVERED,math-kb-periodic-function-definition、math-hj-s24-period-def、ext-mat-fe6ff7f738-003b,
dir_batch_000.csv#36,MATH,关于线对称,COVERED,math-axis-symmetry-equivalence、ext-mat-91e0c2ace8-011b、ext-mat-d06a1e260a-004,
dir_batch_000.csv#37,MATH,关于点对称,COVERED,math-point-symmetry-equivalence、ext-mat-91e0c2ace8-012、ext-mat-fe6ff7f738-003d,
dir_batch_000.csv#38,MATH,函数值域的求法,COVERED,math-kb-function-range-methods、ext-mat-1b429dbe88-003、ext-mat-a3a3c441ca-003,
dir_batch_000.csv#39,MATH,配方法：主要用于二次函数或可化为二次函数的函数，要特别注意自变量的取值范围．,COVERED,math-fx-peifang-ercixing-zonggang（配方法加对称轴与区间位置分类）、math-kb-function-range-methods 与 ext-mat-a3a3c441ca-003（换元法、分离常数法求值域）,
dir_batch_000.csv#40,MATH,判别式法：主要用于含有二次的分式函数，形如：,COVERED,ext-mat-91e0c2ace8-009（判别式法求分式函数值域）、math-mo-wanneng-k-fa、ext-mat-a3a3c441ca-004,
dir_batch_000.csv#42,MATH,函数的奇偶性、周期性、对称性关系,COVERED,math-kb-parity-symmetry-period-triangle、math-fx-shuangchong-duicheng-zhouqi、ext-mat-1a0d51c16c-001c、math-hj-s24-sym-period,
dir_batch_000.csv#43,MATH,抽象函数的性质综合,COVERED,math-abstract-function-assignment-special-values、math-kb-abstract-function-assignment、math-fx-chouxiang-hanshu-moxing、math-mo-chouxiang-fuzhi-wuzhong,
dir_batch_000.csv#44,MATH,判断抽象函数单调性的方法：,COVERED,math-fx-chouxiang-hanshu-danyao-panding、ext-mat-909f918e9c-003、math-mo-chouxiang-fuzhi-yu-fuhao,
dir_batch_000.csv#45,MATH,复合函数定义域忽略内层值域与外层定义域关系致错,COVERED,math-kb-composite-function-domain-rule、ext-mat-059f522234-002b、ext-mat-1e342fdc44-009b,
dir_batch_000.csv#46,MATH,已知的定义域为，求的定义域，其实质是的取值范围为，求的取值范围；,COVERED,math-fx-chouxiang-dingyu-zhuanyi、math-hj-s21-abstract-domain、ext-mat-059f522234-002b、math-kb-composite-function-domain-rule,
dir_batch_000.csv#47,MATH,已知的定义域，求的定义域，要先按（2）求出的定义域．,COVERED,math-fx-chouxiang-dingyu-zhuanyi、math-kb-composite-function-domain-rule、ext-mat-059f522234-002b、ext-mat-1e342fdc44-009b,
dir_batch_000.csv#48,MATH,忽略二次型式子最高次系数为0致错,COVERED,math-param-quadratic-leading-coefficient-zero-and-sign、math-mo-hancan-erci-xishuling,
dir_batch_000.csv#49,MATH,判断函数奇偶性时忽略定义域致错,COVERED,math-kb-parity-domain-symmetric-precondition、math-parity-domain-symmetric-precondition、ext-mat-6f58320218-001b,
dir_batch_000.csv#50,MATH,利用单调性解不等式时忽略定义域致错,COVERED,ext-mat-91e0c2ace8-010、math-hj-s33-mono-ineq-solve、math-mono-parity-combined-inequality-steps,
dir_batch_000.csv#51,MATH,研究分段函数单调性时忽略分段点致错,COVERED,ext-mat-a05f76839f-007、math-piecewise-monotonic-param-steps、ext-mat-395579b2b1-007b,
dir_batch_000.csv#52,MATH,函数定义域的常见类型,COVERED,math-kb-function-domain-rules、ext-mat-c0c1426619-001、ext-mat-2644a8a0de-002b,
dir_batch_000.csv#53,MATH,偶次方根的被开方数的被开方数必须大于等于零，即中,COVERED,math-kb-function-domain-rules、ext-mat-c0c1426619-001、ext-mat-1e342fdc44-009,
dir_batch_000.csv#54,MATH,零次幂的底数不能为零，即中．,COVERED,math-kb-function-domain-rules、math-fx-juti-hanshu-dingyu-yuanze、ext-mat-1e342fdc44-009,
dir_batch_000.csv#55,MATH,待定系数法：若已知函数的类型（如一次函数、二次函数等），可用待定系数法．,COVERED,math-hj-s212-model-coef、math-hj-s21-analytic-methods、math-kb-analytic-expression-methods,
dir_batch_000.csv#56,MATH,换元法：主要用于解决已知的解析式，求函数的解析式的问题．,COVERED,math-fx-jiexishi-sifang-qiu、math-kb-analytic-expression-methods、ext-mat-a3a3c441ca-002c、math-hj-s21-analytic-methods,
dir_batch_000.csv#57,MATH,方程组法：主要解决已知与、、……的方程，求解析式．,COVERED,ext-mat-b1aceeb4bf-006b、math-kb-analytic-expression-methods、ext-mat-a3a3c441ca-002c,
dir_batch_000.csv#58,MATH,分段函数的常见类型及解法,COVERED,math-fx-fenduan-hanshu-qiuzhi、ext-mat-059f522234-003、ext-mat-2644a8a0de-002c、ext-mat-4727e299b1-003,
dir_batch_000.csv#59,MATH,比较函数值的大小：先将自变量转化到同一个单调区间内，然后利用函数的单调性解决．,COVERED,math-hj-s33-mono-ineq-solve、math-monotonicity-domain-restriction、ext-mat-91e0c2ace8-010,
dir_batch_000.csv#60,MATH,利用函数的单调性求参数,COVERED,math-monotonicity-param-construction、math-kb-monotonic-parameter-transform、math-mo-dandiao-qiucan-sanchong、ext-mat-909f918e9c-004,
dir_batch_000.csv#61,MATH,利用奇偶性求值：将待求函数值或不等式利用奇偶性转化为已知区间上的函数值求解．,COVERED,math-mo-qiou-yingyong-sanyong、math-hj-s23-parity-param,
dir_batch_000.csv#66,MATH,空间几何体的直观图,COVERED,ext-mat-17ae7aa955-001、ext-mat-69017870de-003、ext-mat-54bbe673d9-002、ext-mat-c3a46f150b-001,
dir_batch_000.csv#67,MATH,空间几何体的表面积和体积公式,COVERED,math-kb-prism-cylinder-volume、math-kb-pyramid-cone-volume、math-kb-frustum-volume、math-kb-sphere-area-volume、ext-mat-ba299c5c16-002,
dir_batch_000.csv#68,MATH,柱体、锥体、台体侧面积间的关系,COVERED,ext-mat-ba299c5c16-002、math-hj-cesmian-zhankaice-simianji、ext-mat-d1643f50bc-001,
dir_batch_000.csv#70,MATH,四个公理,COVERED,ext-mat-a84590bff2-001、ext-mat-60b9f8d06f-002、ext-mat-c83aafab6e-001、math-kb-axiom-parallel-transitivity,
dir_batch_000.csv#71,MATH,直线与直线的位置关系,COVERED,math-hj-s73-position-relations,
dir_batch_000.csv#72,MATH,直线与平面平行,COVERED,ext-mat-424b55d45c-001、ext-mat-95f2ccd476-002、ext-mat-95f2ccd476-002b,
dir_batch_000.csv#73,MATH,平面与平面平行,COVERED,ext-mat-424b55d45c-002、ext-mat-d1643f50bc-001c、ext-mat-5b737469ca-002,
dir_batch_000.csv#74,MATH,平行关系之间的转化,COVERED,math-hj-san-zhong-pingxing-zhuanhua、math-mo-pingxing-zonghe-zhuanhua、ext-mat-ba299c5c16-009,
dir_batch_000.csv#75,MATH,直线与平面垂直,COVERED,ext-mat-d1643f50bc-002、ext-mat-ab2e0e71ff-001、ext-mat-2fc4d7ddd5-003,
dir_batch_000.csv#76,MATH,直线和平面所成的角,COVERED,ext-mat-ba6dd21d28-007、ext-mat-dd36b2ed8e-001b、ext-mat-49d4970b45-004,
dir_batch_000.csv#77,MATH,平面与平面垂直,COVERED,ext-mat-ab2e0e71ff-001b、ext-mat-d1643f50bc-002b、ext-mat-49d4970b45-003、ext-mat-58a7b65e81-002,
dir_batch_000.csv#78,MATH,垂直关系之间的转化,COVERED,math-mo-chuizhi-zonghe-zhuanhua、ext-mat-58a7b65e81-002、ext-mat-ab2e0e71ff-003b、math-mo-pingchui-zonghe-luxian,
dir_batch_000.csv#79,MATH,几何体展开图最短距离问题,COVERED,math-kb-unfold-shortest-distance、math-mo-biaomian-zuiduan-zhankai、ext-mat-6439e6eb51-001、ext-mat-f535f6e724-005b,
dir_batch_001.csv#80,MATH,空间几何体中的截面问题,COVERED,命中节点 空间几何体中的截面问题；作截面的三种方法由 ext-mat-60b9f8d06f-011（作截面的三种方法）、ext-mat-6439e6eb51-002（三种常用方法，分别适用于两点同面、需要延长求交、需要作平行线找交线的情形）、ext-mat-6e17f801c0-001b、math-mo-jiemian-jiaoxian-zuofa 覆盖；definition 后半为两道典例题干,
dir_batch_001.csv#81,MATH,求解几何体外接球的半径的思路,COVERED,命中节点 求解几何体外接球的半径的思路；R²=r²+d² 由 math-kb-sphere-section-relation（球的截面性质）覆盖，补成长方体共用外接球由 math-hj-waijieqiu-changyong-moxing、ext-mat-54bbe673d9-001 覆盖，三步通法（定球心、作截面、求半径）由 math-kb-sphere-tangent-circumscribed-three-steps 覆盖,
dir_batch_001.csv#82,MATH,立体几何中的探索性问题立体几何中的探索性问题的主要类型,COVERED,包内存在真实节点 立体几何中的探索性问题立体几何中的探索性问题的主要类型（与条目名逐字一致）；两类主要类型（探索条件、探索结论）由该节点材料 math-mo-tansuoxing-tiaojian-jielun 覆盖：条件探索三法与结论探索的假设—推证流程,
dir_batch_001.csv#83,MATH,对命题条件探索的三种方法：,COVERED,命中节点 对命题条件探索的三种方法；该节点自身 12 条材料（排列组合、集合表示法、零点个数等）与探索性问题无关，但 definition 的条件探索三法（先猜后证、先由必要条件探索出条件再证充分性、把几何问题转化为代数问题）与结论探索法已由节点 立体几何中的探索性问题立体几何中的探索性问题的主要类型 的材料 math-mo-tansuoxing-tiaojian-jielun 完整覆盖，故判已覆盖而不重复补材料,
dir_batch_001.csv#84,MATH,对斜二测画法的规则掌握不牢,COVERED,命中节点 对斜二测画法的规则掌握不牢；位置规则（平行关系不变）与长度规则（平行于 x 轴长度不变、平行于 y 轴长度减半）由 math-kb-oblique-projection-drawing-rules、math-hj-xierce-huafa、math-hj-s71-oblique-drawing、math-mo-xieerce-sanbian-sanbuvbian 覆盖,
dir_batch_001.csv#85,MATH,空间点、线、面位置关系不清,COVERED,命中节点 空间点-线-面位置关系不清；位置关系的分类由 ext-mat-0e56aad79f-042、math-kb-line-plane-position-relations、math-hj-kongjian-weihi-guanxi 覆盖，definition 的两条基本思路（逐个寻找反例作否定判断、逐个逻辑证明作肯定判断）由节点 空间点线面的位置关系 的材料 ext-mat-5b737469ca-001 覆盖,
dir_batch_001.csv#86,MATH,线面平行定理的理解不够准确,COVERED,命中节点 线面平行定理的理解不够准确；线面平行判定定理与严格按定理成立条件书写步骤（直线在平面外、书写时 a⊄α 不能省）由 math-mo-xianmian-pingxing-panding-yu-xingzhi、math-hj-xianmian-pingxing-panding、math-kb-line-plane-parallel-criterion 覆盖,
dir_batch_001.csv#87,MATH,对折叠与展开问题认识不清致误,COVERED,命中节点 对折叠与展开问题认识不清致误；折叠与展开中的变量、不变量及位置关系变化由 math-hj-zhedie-wenti-fangfa、math-folding-plane-vs-solid-processing、ext-mat-6b581c0987-003b、ext-mat-7c4b964403-003b 覆盖,
dir_batch_001.csv#88,MATH,求空间几何体表面积,COVERED,命中节点 求空间几何体表面积；旋转体抓轴截面与侧面展开图（底面半径、母线长与展开图边长的关系）、多面体逐面求和、不规则几何体的割补与作差由 math-mo-biaomianji-cemian-zhoujiemian、ext-mat-3ca28f6382-002、ext-mat-ba299c5c16-002、ext-mat-17ae7aa955-002 覆盖,
dir_batch_001.csv#89,MATH,处理空间几何体体积的基本思路,COVERED,命中节点 处理空间几何体体积的基本思路；转（转换底面与高）由 math-hj-dengji-bianhuan-tiji、math-mo-tiji-sifang 覆盖，拆（拆成规则几何体）与拼（嵌入、复原）由 ext-mat-695daa53da-005、ext-mat-d1643f50bc-004、ext-mat-d1643f50bc-004b、math-hj-s71-volume-methods 覆盖,
dir_batch_001.csv#90,MATH,求体积的常用方法,COVERED,命中节点 求体积的常用方法；直接法（公式法）、割补法与等体积法由 math-mo-tiji-sifang（公式法、割补法、等体积法换底与截面法）、math-hj-s71-volume-methods、ext-mat-69017870de-013、ext-mat-d7b91cd204-001 覆盖,
dir_batch_001.csv#91,MATH,证明点或线共面问题的2种方法,COVERED,命中节点 证明点或线共面问题的2种方法；方法一（先由部分元素确定平面再证其余点线在此平面内）由 ext-mat-60b9f8d06f-006、math-kb-axiom-determine-plane 覆盖，方法二（分别确定平面再证两平面重合）由 math-mo-gongmian-gongxian-gongdian-zhengming 覆盖（其内容含证两平面重合、边界含两平面重合需找不共线的三个公共点）,
dir_batch_001.csv#92,MATH,证明点共线问题的2种方法,COVERED,命中节点 证明点共线问题的2种方法；方法一（先由两点确定一条直线再证其余各点都在这条直线上）与方法二（证各点都是两个平面的公共点、都在两平面的交线上）由 ext-mat-60b9f8d06f-007 同时覆盖，另见 math-kb-axiom-two-planes-common-line,
dir_batch_001.csv#93,MATH,证明线共点问题的常用方法,COVERED,命中节点 证明线共点问题的常用方法；先证其中两条直线交于一点再证其他直线经过该点由 ext-mat-60b9f8d06f-007b、math-mo-gongmian-gongxian-gongdian-zhengming、math-hj-s73-common-plane-proof 覆盖,
dir_batch_001.csv#94,MATH,线面平行的定义：一条直线与一个平面无公共点(不相交)．,COVERED,包内存在真实节点 线面平行的定义-一条直线与一个平面无公共点-不相交；线面平行的定义（无公共点）、判定定理的关键（在平面内找平行线，借助中位线、平行四边形对边、成比例线段）与面面平行性质（α∥β 且 a⊂α 则 a∥β）由 math-mo-xianmian-pingxing-panding-yu-xingzhi 逐条覆盖，另见 math-hj-xianmian-pingxing-panding、ext-mat-5b737469ca-001b、math-kb-plane-plane-parallel-property,
dir_batch_001.csv#95,MATH,利用面面平行的定义．,COVERED,命中节点 利用面面平行的定义；definition 的判定定理（一个平面内有两条相交直线都平行于另一个平面则这两个平面平行）由 math-hj-mianmian-pingxing-panding、math-kb-plane-plane-parallel-criterion、math-hj-s74-plane-plane-parallel 覆盖,
dir_batch_001.csv#96,MATH,利用“线线平行”“线面平行”“面面平行”的相互转化．,COVERED,包内存在真实节点 利用-线线平行-线面平行-面面平行-的相互转化；线线、线面、面面平行之间的相互转化链由 ext-mat-374ac5c6e3-001、ext-mat-f2d8c5590e-001、math-kb-line-plane-parallel-criterion、math-kb-line-plane-parallel-property、ext-mat-5b737469ca-009 覆盖；definition 正文仅为典例题干,
dir_batch_001.csv#97,MATH,证明线线垂直的方法,COVERED,命中节点 证明线线垂直的方法；由线面垂直推线线垂直、勾股定理逆定理、特殊图形性质等常用途径由 ext-mat-dbce42af24-001b、ext-mat-ab2e0e71ff-002、ext-mat-c3a46f150b-002b、math-hj-s75-line-plane-vertical 覆盖；definition 正文仅为典例题干,
dir_batch_001.csv#98,MATH,α⊥γ，β⊥γ，α∩β＝l⇒l⊥γ.(客观题可用),COVERED,命中节点 面面垂直性质的应用；该结论（两个相交平面同时垂直于第三个平面则它们的交线也垂直于第三个平面）由 math-mo-mianmian-chuizhi-xingzhi-yicuo、ext-mat-ab2e0e71ff-002b 覆盖；definition 正文仅为典例题干,
dir_batch_001.csv#99,MATH,证明面面垂直的方法,COVERED,命中节点 证明面面垂直的方法；法1 用定义证两平面所成的二面角为直二面角、法2 用判定定理证一个平面经过另一个平面的一条垂线由 math-mo-mianmian-chuizhi-liangfa、math-kb-plane-plane-perp-criterion、ext-mat-ab2e0e71ff-002c 覆盖,
dir_batch_001.csv#100,MATH,面面垂直性质的应用,COVERED,命中节点 面面垂直性质的应用；面面垂直时在面内作交线的垂线转为线面垂直再转线线垂直、易错点（线必须在面内、不能漏写）、两相交平面同时垂直于第三平面时交线垂直第三平面由 math-mo-mianmian-chuizhi-xingzhi-yicuo 逐条覆盖，另见 ext-mat-ab2e0e71ff-003、ext-mat-c3a46f150b-003,
dir_batch_001.csv#101,MATH,异面直线所成角的求法,COVERED,命中节点 异面直线所成角的求法；平移法（平移后用三角形求解，可用图中已有平行线或作平行线）与取值范围（大于 0° 且不大于 90°、所作角为钝角时取补角）由 math-mo-yimianjiao-pingyi-buxing、ext-mat-c3a46f150b-003b 覆盖,
dir_batch_001.csv#102,MATH,垂线法求线面角（也称直接法）：,COVERED,命中节点 垂线法求线面角-也称直接法；先定斜足与垂足、斜线与其射影的夹角即线面角、再放入三角形求解由 math-kb-projection-method-line-plane-angle、ext-mat-49d4970b45-009 覆盖，公式法（等体积法）求线面角由 math-mo-xianmianjiao-yizuo-erzheng-sanqiu 覆盖,
dir_batch_001.csv#103,MATH,二面角的求法,COVERED,命中节点 二面角的求法；定义法、垂面法、三垂线法作平面角及射影面积法由 math-mo-ermianjiao-sanfa-zuopingmianjiao、ext-mat-d1643f50bc-009、ext-mat-c3a46f150b-003d 覆盖；definition 仅为小节标题,
dir_batch_001.csv#104,MATH,定义法：步骤是“一作、二证、三求”．,COVERED,命中节点 定义法-步骤是-一作-二证-三求；一作、二证、三求由 ext-mat-0e56aad79f-048 覆盖，注中的三种作平面角方法（定义法、垂面法、三垂线法）与射影面积法由 math-mo-ermianjiao-sanfa-zuopingmianjiao 覆盖,
dir_batch_001.csv#105,MATH,空间距离的求法,COVERED,命中节点 空间距离的求法；定义法、体积法、比例法由 math-mo-kongjian-juli-sanfa、math-kb-space-distance-transform 覆盖；definition 仅为小节标题,
dir_batch_001.csv#106,MATH,求距离的方法：,COVERED,包内节点 空间距离的求法 覆盖该内容；定义法（一找、二证、三求）、体积法（转换顶点作等体积变形）与平面分线段之比等于线段两端点到该平面距离之比由 math-mo-kongjian-juli-sanfa 逐条覆盖,
dir_batch_001.csv#107,MATH,点面距离、线面距离、面面距离都转化为点面距离．,COVERED,命中节点 点面距离-线面距离-面面距离都转化为点面距离；线面距、面面距、平行线间的距离都转化为点面距由 math-xianmian-daopingmian-juli-zhuanhua、math-hj-pingxing-ju-chuanhua、ext-mat-5b737469ca-002c 覆盖；definition 正文仅为典例题干,
dir_batch_001.csv#108,MATH,数列的有关概念,COVERED,命中节点 数列的有关概念；数列的定义、三种表示法与通项公式由 ext-mat-298a51ae15-001、ext-mat-139eda59d2-002、ext-mat-0e56aad79f-034 覆盖，递推公式需结合首项才能确定一个数列由 ext-mat-7f3d9b6870-004 覆盖,
dir_batch_001.csv#109,MATH,数列与函数的关系,COVERED,命中节点 数列与函数的关系；数列是从正整数集（或它的有限子集）到实数集的函数、自变量是序号、对应的函数值是数列的第 n 项由 math-kb-sequence-as-function、ext-mat-982c247417-001、ext-mat-efa31ffedb-001b 覆盖,
dir_batch_001.csv#110,MATH,等差数列的有关概念,COVERED,命中节点 等差数列的有关概念；定义与公差的表达式由 ext-mat-705297cc45-001、ext-mat-62c1414e2e-003、ext-mat-8c215bac25-001 覆盖，等差中项由 ext-mat-62c1414e2e-020、ext-mat-e5c2f793ad-002 覆盖,
dir_batch_001.csv#111,MATH,等差数列的有关公式,COVERED,命中节点 等差数列的有关公式；通项公式与前 n 项和公式由 ext-mat-4621e44142-001b、ext-mat-8c215bac25-001b、ext-mat-efa31ffedb-002b 覆盖,
dir_batch_001.csv#112,MATH,等差数列的常用性质,COVERED,命中节点 等差数列的常用性质；通项公式的推广、下标和相等、等间隔抽取与线性组合仍为等差数列由 ext-mat-9e21a7e47c-001、math-mo-dengcha-xingzhi-sanjieshi、math-kb-arithmetic-operation-subsequence-property 覆盖,
dir_batch_001.csv#113,MATH,等差数列前项和的常用性质,COVERED,命中节点 等差数列前项和的常用性质；依次 k 项之和成公差为 k²d 的等差数列由 ext-mat-eb06dd91c4-005、math-kb-arithmetic-sum-blocks 覆盖，两等差数列前 n 项和之比与项之比的关系由 math-kb-arithmetic-sum-ratio-of-terms 覆盖，Sn/n 成等差由 ext-mat-eb06dd91c4-006 覆盖,
dir_batch_001.csv#114,MATH,等比数列的有关概念,COVERED,命中节点 等比数列的有关概念；定义与公比非零由 ext-mat-66cdd05410-003、ext-mat-0e56aad79f-038 覆盖，等比中项及只有同号的两个数才有等比中项由 ext-mat-b6fbcfd043-004、ext-mat-efa31ffedb-008 覆盖,
dir_batch_001.csv#115,MATH,等比数列的有关公式,COVERED,命中节点 等比数列的有关公式；通项公式、通项公式的推广与分 q=1、q≠1 的前 n 项和公式由 ext-mat-d1097fb408-002、ext-mat-66cdd05410-007b、wusan-mat-v-9efb9fe4 覆盖,
dir_batch_001.csv#116,MATH,等比数列的常用性质,COVERED,命中节点 等比数列的常用性质；等距抽取仍等比、线性组合与四则运算仍等比由 math-kb-geometric-subsequence-property、ext-mat-b30577bc40-001c 覆盖，下标和相等则项的积相等由 math-kb-geometric-subscript-sum-property、math-hj-s63-gp-props 覆盖，正项等比数列取对数为等差数列由 ext-mat-cf783367fa-010b 覆盖,
dir_batch_001.csv#117,MATH,等比数列前项和的常用性质,COVERED,命中节点 等比数列前项和的常用性质；片段和成等比（前提为 q≠-1 或 q=1 且 k 为奇数）由 math-kb-geometric-sum-blocks、ext-mat-b5910b42d5-006 覆盖，奇偶项和之比等于公比由 math-kb-geometric-odd-even-sum、ext-mat-d1097fb408-008 覆盖，Sn 形如 Aqⁿ-A 由 math-kb-geometric-sum-structure 覆盖,
dir_batch_001.csv#118,MATH,数列的单调性与最值问题,COVERED,命中节点 数列的单调性与最值问题；图象法、作差作商法与两边夹法求最大项与最小项由 math-kb-sequence-monotonic-extremum-function-view、ext-mat-efa31ffedb-004、ext-mat-03f08fdd41-003b 覆盖,
dir_batch_001.csv#119,MATH,等差数列前n项和最值问题,COVERED,命中节点 等差数列前n项和最值问题；二次函数配方法注意 n 为正整数与图象对称性、邻项变号法按公差符号定最值由 math-mo-dengcha-sn-zuizhi-liangfa、ext-mat-efa31ffedb-005、ext-mat-eb06dd91c4-004b 覆盖,
dir_batch_001.csv#120,MATH,等差数列含绝对值问题,COVERED,命中节点 等差数列含绝对值问题；先解不等式找正负项分界点、分情况与分段求和由 math-mo-dengcha-jueduizhi-qiuhc、ext-mat-eb06dd91c4-002、math-fx-jueduizhi-qiuhc-fenduan 覆盖,
dir_batch_001.csv#121,MATH,等差数列与等比数列新背景问题,COVERED,命中节点 等差数列与等比数列新背景问题；读懂题意脱去背景、构造数列模型、用数列性质求解模型三步由 math-mo-shulie-xinbeijing-sanbu、math-kb-new-context-sequence-model 覆盖,
dir_batch_001.csv#122,MATH,混淆数列与函数致错,COVERED,命中节点 混淆数列与函数致错；利用函数性质解数列问题时忽略项号取离散正整数（不是连续实数）由 ext-mat-efa31ffedb-007b、ext-mat-b1676e0a27-004 覆盖,
dir_batch_001.csv#123,MATH,对等比数列“中项”理解错误致错,COVERED,命中节点 对等比数列-中项-理解错误致错；只有同号的两个数才有等比中项、中项有两个且互为相反数由 ext-mat-b6fbcfd043-004、ext-mat-efa31ffedb-008 覆盖,
dir_batch_001.csv#124,MATH,忽视对公比q的讨论致错,COVERED,命中节点 忽视对公比q的讨论致错；求和公式分段表示、公比未知时分 q=1 与 q≠1 两种情况讨论由 ext-mat-00a81ba144-002、ext-mat-b5910b42d5-005、ext-mat-efa31ffedb-008b 覆盖,
dir_batch_001.csv#125,MATH,由前几项归纳数列通项的方法,COVERED,命中节点 由前几项归纳数列通项的方法；观察、比较、归纳、转化、联想及分式分子分母、相邻项变化、拆项、符号等观察角度由 ext-mat-298a51ae15-002、ext-mat-efa31ffedb-009 覆盖,
dir_batch_001.csv#126,MATH,周期数列的常见形式,COVERED,命中节点 周期数列的常见形式；三类来源（递推关系含三角函数、相邻多项递推、很难变形构造的分式型递推）与算前几项归纳周期的一般方法由 ext-mat-efa31ffedb-009b、math-kb-periodic-sequence-method 覆盖,
dir_batch_001.csv#127,MATH,求解等差数列基本量的策略,COVERED,命中节点 求解等差数列基本量的策略；五个量 a1、an、d、n、Sn 知三求二、以 a1 与 d 为基本量表示已知量列方程由 math-mo-dengcha-jbld-zhisanqiuer、ext-mat-d69c03597e-002、ext-mat-9956640248-002 覆盖,
dir_batch_001.csv#128,MATH,前n项和公式法：为常数为等差数列．,COVERED,命中节点 前n项和公式法-为常数为等差数列；Sn/n 为与 n 无关的常数即为等差数列由 ext-mat-d69c03597e-007、math-hj-snn-dengcha-dengjia 覆盖，判定不是等差数列只需找出三项反例、证明是等差数列必须用定义法或等差中项法由 math-kb-arithmetic-proof-methods 覆盖,
dir_batch_001.csv#129,MATH,在等差数列{an}中，当m≠n时，d＝为公差公式，利用这个公式很容易求出公差，,COVERED,包内节点 等差数列的常用性质 覆盖该内容；公差公式与 am＝an＋(m－n)d 的变形、等间隔抽项仍成等差、下标和相等则对应项之和相等由 ext-mat-efa31ffedb-010b 逐条覆盖，另见 math-mo-dengcha-xingzhi-sanjieshi、ext-mat-eb06dd91c4-004,
dir_batch_001.csv#130,MATH,等差数列前n项和性质的应用,COVERED,命中节点 等差数列前n项和性质的应用；依次 k 项之和组成公差为 k²d 的等差数列由 math-kb-arithmetic-sum-blocks、math-mo-dengcha-sn-xingzhi-sanjieshi、ext-mat-cf783367fa-010 覆盖,
dir_batch_001.csv#131,MATH,若S奇表示奇数项的和，S偶表示偶数项的和，公差为d，,COVERED,包内节点 等差数列前项和的常用性质 覆盖该内容；项数为 2n 时 S偶－S奇＝nd、项数为 2n－1 时 S奇－S偶＝an 由 math-kb-arithmetic-odd-even-sum、ext-mat-cf783367fa-012、ext-mat-4621e44142-003 覆盖,
dir_batch_001.csv#132,MATH,求解等比数列基本量的策略,COVERED,命中节点 求解等比数列基本量的策略；方程思想（五个量知三求二、以 a1 与 q 为基本量）与求和及判断单调性时对公比的分类讨论由 ext-mat-973c5acede-006b、ext-mat-efa31ffedb-011b、ext-mat-d1097fb408-004 覆盖,
dir_batch_001.csv#133,MATH,前项和公式法：若数列的前项和，则该数列是等比数列．,COVERED,包内节点 等比数列的判定与证明方法 覆盖该内容；定义法、等比中项法、通项公式法、前 n 项和公式法及判定不是等比数列只需连续三项不成等比由 ext-mat-9e21a7e47c-003b、ext-mat-efa31ffedb-012 覆盖，中项法要求各项均不为零见节点 等比数列的判定方法,
dir_batch_001.csv#134,MATH,等比数列性质应用问题的解题突破口,COVERED,命中节点 等比数列性质应用问题的解题突破口；性质分通项公式的变形、等比中项公式的变形与前 n 项和公式的变形三类由 ext-mat-b30577bc40-002d、ext-mat-efa31ffedb-012b 覆盖,
dir_batch_001.csv#135,MATH,应用等比数列性质解题时的2个注意点,COVERED,命中节点 应用等比数列性质解题时的2个注意点；挖掘隐含条件、注意性质成立的前提条件与设而不求由 ext-mat-efa31ffedb-012c 覆盖,
dir_batch_001.csv#136,MATH,集合运算中的常用二级结论,COVERED,命中节点 集合运算中的常用二级结论；并集、交集与补集的运算性质及 A∪B＝A 与 A∩B＝A 到包含关系的等价转化由 ext-mat-99d8d4b088-001b、math-kb-union-intersection-properties、ext-mat-cfa0fd12b9-001d、ext-mat-7d121f7176-003 覆盖，德摩根律由 math-kb-complement-operations-de-morgan 覆盖,
dir_batch_001.csv#137,MATH,充要条件,COVERED,命中节点 充要条件；p⇒q 且 q⇒p 时记作 p⇔q、称 p 是 q 的充要条件由 math-kb-necessary-sufficient-iff 覆盖，充要关系本质相同而条件与结论角色不同、等价说法（当且仅当、等价）同样由该材料与其边界覆盖，另见 ext-mat-af37c26835-001d、ext-mat-20fbdf1375-004,
dir_batch_001.csv#138,MATH,全称量词与全称量词命题,COVERED,命中节点 全称量词与全称量词命题；全称量词的含义与符号、全称量词命题及其符号表示由 ext-mat-20fbdf1375-005、ext-mat-2be914ed04-001e、ext-mat-62ae019851-001e 覆盖,
dir_batch_001.csv#139,MATH,存在量词与存在量词命题,COVERED,命中节点 存在量词与存在量词命题；存在量词（存在一个、至少有一个）与常见同义说法、存在量词命题由 ext-mat-20fbdf1375-005b、math-kb-quantifier-universal-existential、ext-mat-2be914ed04-001f 覆盖,
dir_batch_001.csv#140,MATH,命题的否定：对命题p加以否定，得到一个新的命题，记作“”，读作“非p”或p的否定．,COVERED,包内存在真实节点 命题的否定-对命题p加以否定-得到一个新的命题-记作-读作-非p-或p的否定；全称量词命题与存在量词命题的否定形式、命题与其否定不能同真同假由 ext-mat-9d8e85b108-004、ext-mat-7986adaf05-002b、ext-mat-bb0ba5698c-001b 覆盖，常见正面词语的否定由 math-kb-negation-of-common-words 覆盖,
dir_batch_001.csv#141,MATH,利用元素与集合的关系求参数,COVERED,命中节点 利用元素与集合的关系求参数；用元素的确定性解出参数的所有可能值、再按互异性检验由 ext-mat-7d121f7176-006、ext-mat-9e4efaf2b0-002、math-hj-huyiyi-qiu-can-jianyan 覆盖,
dir_batch_001.csv#142,MATH,利用集合间的关系求参数,COVERED,命中节点 利用集合间的关系求参数；先弄清包含关系、含参集合应考虑为空集的情形、把包含关系化为方程或不等式并借数轴求解由 ext-mat-7d121f7176-007、ext-mat-8be27b2911-004、math-mo-jihe-qiucan-kongji-lisuan 覆盖,
dir_batch_001.csv#143,MATH,根据交集、并集、补集的运算结果求参数,COVERED,命中节点 根据交集-并集-补集的运算结果求参数；法一由运算结果比较端点值的大小关系、法二化简后用数轴列不等式组并检验、注意端点能否取等与勿忘空集由 ext-mat-7d121f7176-008、ext-mat-7986adaf05-002、math-fx-jihe-hancan-qiuparameter 覆盖,
dir_batch_001.csv#144,MATH,利用充分必要条件求参数,COVERED,命中节点 利用充分必要条件求参数；把充分条件、必要条件转化为集合之间的关系再列出关于参数的不等式（组）由 math-kb-condition-to-set-containment、math-mo-chongfen-qiucan-zhuanhua、ext-mat-c10ff958a3-005 覆盖,
dir_batch_001.csv#145,MATH,端点取值需谨慎：在求参数范围时，要注意边界或区间端点值的检验，从而确定取舍．,COVERED,包内存在真实节点 端点取值需谨慎-在求参数范围时-要注意边界或区间端点值的检验-从而确定取舍；求参数范围时端点能否取等号须回代检验由 ext-mat-f8f46ce55b-002c、ext-mat-96fd930cc9-010、math-set-param-continuous-number-axis 覆盖；definition 正文仅为典例题干,
dir_batch_001.csv#146,MATH,根据全称、存在量词命题的真假求参数,COVERED,命中节点 根据全称-存在量词命题的真假求参数；全称量词命题（恒成立）用构造函数、数形结合或分离参数，存在量词命题先假设存在再求参数范围由 math-mo-liangci-zhenjia-qiucan、ext-mat-7d121f7176-010、math-hj-ms1-quantifier-param 覆盖,
dir_batch_001.csv#147,MATH,解决双变量“存在性”或“任意性”的等式问题,COVERED,命中节点 解决双变量-存在性-或-任意性-的等式问题；脱去量词后转化为两个函数值域的包含关系或交集关系由 ext-mat-7d121f7176-011、math-existence-two-function-extremum 覆盖,
dir_batch_001.csv#148,MATH,解决双变量“存在性”或“任意性”的不等式问题,COVERED,命中节点 解决双变量-存在性-或-任意性-的不等式问题；任意对应最值、存在对应最值的四种转化类型由 ext-mat-00ff671da7-008、ext-mat-7d121f7176-011b、ext-mat-9a7b65d4f4-002 覆盖,
dir_batch_001.csv#149,MATH,对集合表示方法的理解偏差致错,COVERED,命中节点 对集合表示方法的理解偏差致错；明确集合中的代表元素类型（点集或数集）及代表元素的含义、方程组的解集表示由 ext-mat-7d121f7176-011c、ext-mat-3678849fe8-003、math-hj-jihe-biaoshifangfa 覆盖,
dir_batch_001.csv#150,MATH,忽视（漏）空集致错,COVERED,命中节点 忽视-漏-空集致错；空集不含任何元素、是任何集合的子集，含参集合问题须单独检验空集情形由 ext-mat-7d121f7176-011d、ext-mat-43995b893f-003b、wusan-mat-v-27ebab7e 覆盖,
dir_batch_001.csv#151,MATH,忽视集合元素的互异性致错,COVERED,命中节点 忽视集合元素的互异性致错；集合中不可出现相同的元素、求出参数后必须代回检验互异性由 ext-mat-7d121f7176-012、math-kb-set-element-three-properties、math-hj-s11-elem-props 覆盖,
dir_batch_001.csv#152,MATH,充分性与必要性位置颠倒理解错误致错,COVERED,命中节点 充分性与必要性位置颠倒理解错误致错；注意倒装句的标志、先翻译成若…则…的正常结构再判断由 ext-mat-7d121f7176-012b、math-hj-s12-statement-direction 覆盖,
dir_batch_001.csv#153,MATH,对含有一个量词命题的否定理解错误致错,COVERED,命中节点 对含有一个量词命题的否定理解错误致错；先互换全称与存在量词再否定结论、量词不明显的命题须先挖掘（补全完整形式）由 ext-mat-7d121f7176-012c、math-mo-liangci-fouding-liangbu、math-hj-liangci-mingti-fouding 覆盖,
dir_batch_001.csv#154,MATH,子集的个数问题,COVERED,命中节点 子集的个数问题；列举法与公式法、含 n 个元素的集合子集 2ⁿ 个、非空子集与真子集各 2ⁿ－1 个、非空真子集 2ⁿ－2 个由 ext-mat-7d121f7176-013、math-kb-subset-count-formula、math-mo-ziji-geshu-gongshi 覆盖,
dir_batch_001.csv#155,MATH,判断集合间的关系,COVERED,命中节点 判断集合间的关系；列举（观察）法、集合元素特征法与数形结合法（数轴或韦恩图）三种方法由 math-mo-jihe-guanxi-panding-sanfa、ext-mat-7d121f7176-013b 覆盖,
dir_batch_001.csv#156,MATH,列举观察法：列出几何中的全部元素，通过定义得出集合间关系；,COVERED,包内存在真实节点 列举观察法-列出几何中的全部元素-通过定义得出集合间关系；列举观察法、集合元素特征法与数形结合法（数轴、韦恩图）由 math-kb-set-relation-judgment-methods 覆盖，另见 math-hj-panding-jihexiangdeng-c,
dir_batch_001.csv#157,MATH,Venn图在集合运算中的应用,COVERED,命中节点 venn图在集合运算中的应用；韦恩图把元素与集合的隶属关系、集合间的包含关系形象表达、题设抽象时借其寻找解题思路由 math-kb-venn-diagram-for-set-operations、ext-mat-7d121f7176-013c、ext-mat-96fd930cc9-012 覆盖,
dir_batch_001.csv#158,MATH,集合新定义的解题思路,COVERED,命中节点 集合新定义的解题思路；分析新定义的特点弄清本质、以集合元素特性与基本运算为突破口由 ext-mat-7d121f7176-014、math-mo-jihe-xindingyi-yaoling、ext-mat-62ae019851-004 覆盖,
dir_batch_001.csv#159,MATH,充分条件与必要条件的判断,COVERED,命中节点 充分条件与必要条件的判断；定义法（分清命题的条件和结论、判断两个命题的真假、得出结论）由 math-mo-chongfen-biyao-sanfa、math-kb-sufficient-necessary-condition、ext-mat-9d8e85b108-001 覆盖,
dir_batch_002.csv#160,MATH,等价转化法：将命题转化为另一个与之等价的且便于判断真假的命题．,COVERED,名称与包内真实节点「等价转化法」（slug 等价转化法-将命题转化为另一个与之等价的且便于判断真假的命题）同名；该节点材料 math-hj-s12-contrapositive（逆否命题与充要条件的等价转化）、math-hj-mingti-zhenjia-panding、math-mo-mingti-zhenjia-liangfa 已覆盖「把命题转化为与之等价的、便于判断真假的命题」这一做法；definition 为两道充要条件判断题干，不构成新增知识。,
dir_batch_002.csv#161,MATH,重要不等式：，（当且仅当时取号）.,COVERED,命中节点自身材料 math-kb-important-inequality-squares、math-hj-pingfang-budengshi、ext-mat-3fdf7fda2c-001d、ext-mat-7ad68048fa-001b 已覆盖重要不等式 a²+b²≥2ab、取等条件与常用变形；definition 关键词：变形公式。,
dir_batch_002.csv#162,MATH,基本不等式：,COVERED,未命中节点但内容属包内真实节点「基本不等式」（slug 基本不等式）；其材料 math-kb-basic-inequality-am-gm、math-hj-s14-basic-ineq、ext-mat-e3c739af9d-001、ext-mat-f9f38a5cb1-001c 已覆盖成立条件（一正）、等号成立条件（a＝b）与「两个正数的算术平均数不小于它们的几何平均数」的叙述；definition 关键词：成立的条件、等号成立的条件、算术平均数与几何平均数。,
dir_batch_002.csv#163,MATH,利用基本不等式求最值,COVERED,命中节点自身材料 math-kb-am-gm-extremum-principle（积定和最小、和定积最大）、ext-mat-5bd79bdc7b-001b、math-hj-s14-min-max 已覆盖 definition 的两条最值结论；definition 关键词：积定和最小、和定积最大。,
dir_batch_002.csv#164,MATH,利用基本不等式求最值,COVERED,命中节点自身材料 math-mo-jiben-budengshi-qiuzui-wufa（直接、配凑、代换、消元、构造五法）、math-fx-jiben-budengshi-wujiqiao、ext-mat-e0bdfb4c35-001b、ext-mat-5bd79bdc7b-003c 已覆盖 definition 的法一至法五；代换法中分母为多项式时的处理由 ext-mat-099ea7a78b-006（把分母看成整体先求整体之和再用 1 的代换）、ext-mat-099ea7a78b-002b 覆盖；definition 关键词：直接法、配凑法、代换法、消元法、构造不等式法。,
dir_batch_002.csv#165,MATH,不等式恒成立与能成立问题,COVERED,命中节点自身材料 math-kb-parameter-separation-for-inequality（恒成立化为 a≥f(x)max 或 a≤f(x)min、能成立化为 a<f(x)max 等）、math-hj-s15-always-exist、ext-mat-9e525e1bfc-008、math-hj-hengchengli-zuihi-zhuanhua 已覆盖 definition 的参变分离四类最值转化；definition 关键词：参变分离法、恒（能）成立。,
dir_batch_002.csv#166,MATH,含参一元二次不等式的解法,COVERED,命中节点自身材料 math-kb-parametric-quadratic-inequality-discussion、ext-mat-af791ee0ba-004b（按二次项系数是否为零、判别式符号、两根大小三级讨论）、ext-mat-9af867bb5a-009、math-mo-hancan-erci-budengshi-fenlei 已覆盖 definition 的三类讨论；definition 关键词：二次项系数为正负及零、判别式与 0 的关系、两根的大小。,
dir_batch_002.csv#168,MATH,忽视基本不等式应用的条件致错,COVERED,命中节点自身材料 ext-mat-5f52c9f920-003（分式不等式与基本不等式的常见错解：基本不等式使用条件的常见错误及纠正）已覆盖 definition 的「应用基本不等式时忽视使用条件致错」；definition 关键词：应用基本不等式求函数最值、同号。,
dir_batch_002.csv#169,MATH,连续使用基本不等式忽略等号同时成立致错,COVERED,命中节点自身材料 math-am-gm-multi-use-equality、math-hj-s14-eq-check、ext-mat-9e525e1bfc-001b、ext-mat-83f5208c89-007 均覆盖「连续使用基本不等式时各次取等条件必须能同时成立」；definition 关键词：连续使用均值不等式、等号能否同时成立。,
dir_batch_002.csv#170,MATH,解分数不等式忽略分母不为零致错,COVERED,命中节点自身材料 ext-mat-83f5208c89-007b（解分式不等式勿忽略分母不为零、防止增解）、ext-mat-5f52c9f920-002c（同解变形保留分母非零条件）、ext-mat-62ae019851-002c 与 definition 的辨析逐条对应；definition 关键词：去分母、分母不为零、增解。,
dir_batch_002.csv#171,MATH,作差法：,COVERED,未命中节点但包内真实节点「作差法」（slug 作差法）与「作差法-作商法」（slug 作差法-作商法）存在；其材料 ext-mat-4dcda249d0-001（比较实数大小只需判断 a−b 的符号）、ext-mat-3fdf7fda2c-001b（作差后用因式分解、配方或通分判断符号）、math-kb-difference-quotient-comparison 已覆盖 definition 的原理、步骤与变形注意；definition 关键词：原理、步骤、通分因式分解配方。,
dir_batch_002.csv#172,MATH,作商法：,COVERED,未命中节点但包内真实节点「作差法-作商法」存在；其材料 math-kb-difference-quotient-comparison（两式同正时作商与 1 比较）、ext-mat-5bd79bdc7b-001c（作商法要求两式同号）、ext-mat-83f5208c89-007c、ext-mat-80fe6c0ef5-009 已覆盖 definition 的作商原理、步骤与同号要求；definition 关键词：作商并变形判断商与 1 的大小、各式的符号应相同。,
dir_batch_002.csv#173,MATH,利用不等式的性质求数（式）的范围,COVERED,命中节点自身材料 math-mo-budengshi-qiufanwei-daiding、math-mo-fanwei-zhengtihuanyuan、ext-mat-5bd79bdc7b-002、ext-mat-83f5208c89-008 已覆盖「设目标式为已知范围的线性组合再用同向可加性求范围」的三步做法；definition 关键词：待定系数法、同向可加性、第一步第二步第三步。,
dir_batch_002.csv#174,MATH,解一元二次不等式的步骤,COVERED,命中节点自身材料 math-kb-quadratic-inequality-solving-steps、ext-mat-f2f7f3c49f-001（化正系数、算判别式、求根、写解集）、ext-mat-3e248dfc4e-001、math-mo-erci-budengshi-jie-sanbu 已覆盖 definition 的三步；definition 关键词：二次项系数化为正数、判别式、写解集。,
dir_batch_002.csv#175,MATH,基本不等式的实际应用,COVERED,命中节点自身材料 ext-mat-9e525e1bfc-009（先设变量并写出取值范围、再建立目标函数用基本不等式求最值）、ext-mat-83f5208c89-008c、ext-mat-099ea7a78b-006b 已覆盖实际问题建模求解的三注意点（设变量定范围、建关系式、在定义域内求最值并作答）；definition 关键词：解实际应用题的三个注意点。,
dir_batch_002.csv#176,MATH,在求函数的最值时，一定要在定义域（使实际问题有意义的自变量的取值范围）内求解．,COVERED,包内真实节点「在求函数的最值时」（slug 在求函数的最值时-一定要在定义域-使实际问题有意义的自变量的取值范围-内求解）的材料 math-hj-s35-optimization（设变量建目标函数并确定定义域、定义域内求最值）、math-mo-dingyv-qujian-vs-youyiyi 已覆盖该陈述；definition 为两道实际应用最值题的题干。,
dir_batch_002.csv#177,MATH,证明不等式,COVERED,命中节点自身材料 ext-mat-83f5208c89-009（无附加条件时合理构造并选用基本不等式、有条件且含 1 时注意 1 的代换）、ext-mat-d871ac9b5f-001b、ext-mat-49c409368f-002b 已覆盖 definition 的两类证明思路；definition 关键词：无附加条件的不等式证明、有附加条件的不等式证明、1 的代换、轮换对称。,
dir_batch_002.csv#178,MATH,数列的递推公式,COVERED,命中节点自身材料 math-kb-sequence-recursive-formula、ext-mat-f80078ac75-001、ext-mat-03f08fdd41-001b、ext-mat-96d3a8f788-001 已覆盖递推公式的定义与「必须给出首项或前几项」；definition 关键词：递推公式、前一项或前几项、用公式表示。,
dir_batch_002.csv#179,MATH,数列通项公式的求法,COVERED,命中节点自身材料 ext-mat-96d3a8f788-001b（观察法、定义法与公式法求通项：由前几项观察归纳）、math-hj-shulie-tongxiang-gongshi-fa、ext-mat-50d5094802-009 已覆盖观察法求通项；definition 关键词：观察法、寻找规律、写出一个通项。,
dir_batch_002.csv#180,MATH,公式法,COVERED,命中节点「公式法」自身材料 ext-mat-79a1efaae7-001、ext-mat-7acb98c659-012 只讲求和的公式法，未覆盖 definition 的「已知前 n 项和与 n 的关系、用 an＝Sn－Sn－1 求通项」；该内容已由包内真实节点「由sn求an的步骤」（slug 由sn求an的步骤）的材料 math-kb-sn-to-an-steps、ext-mat-03f08fdd41-003（分段式与合二为一）、ext-mat-298a51ae15-002b 覆盖；definition 关键词：一分为二即分段式、合二为一。,
dir_batch_002.csv#181,MATH,累加法：适用于an＋1＝an＋f(n)，可变形为an＋1－an＝f(n),COVERED,未命中节点但包内真实节点「累加法与累乘法求数列通项」存在；其材料 math-kb-accumulation-addition-method、math-fx-leijia-fa（把各差式依次累加、中间项相消得 a_n＝a_1＋Σf(k)）、ext-mat-843251a2d9-002 已覆盖 definition 的恒等式与适用结构；definition 关键词：an＋1－an＝f(n)、恒等式 an＝a1＋(a2－a1)＋…。,
dir_batch_002.csv#182,MATH,累乘法：适用于an＋1＝f(n)an，可变形为＝f(n),COVERED,未命中节点但包内真实节点「累加法与累乘法求数列通项」存在；其材料 math-kb-accumulation-multiplication-method、math-fx-leichen-fa（各比式依次相乘、中间约分得 a_n＝a_1∏f(k)）已覆盖 definition 的累乘部分；definition 后半段的构造法内容由节点「构造法求数列通项」材料 ext-mat-9e21a7e47c-005（构造成等差或等比数列的五种类型）、ext-mat-91e0c2ace8-066b（一阶线性递推求通项）、ext-mat-9e21a7e47c-008c 覆盖；definition 关键词：累乘法、构造法、待定系数法。,
dir_batch_002.csv#183,MATH,取倒数法：an＋1＝(p，q，r是常数)，可变形为＝·＋,COVERED,未命中节点但包内真实节点「取倒数法求数列通项」（slug 取倒数法求数列通项）存在；其材料 math-kb-reciprocal-method（对 an＋1＝p·an/(q·an＋r) 型取倒数化为 1/an 的等差或线性递推）、ext-mat-91e0c2ace8-069b、ext-mat-a56cce28f2-002 已覆盖 definition 的两种情形；definition 关键词：取倒数、等差数列、待定系数法构造新数列。,
dir_batch_002.csv#184,MATH,特征根法与不动点法,COVERED,命中节点自身材料 math-kb-characteristic-root-fixed-point、ext-mat-91e0c2ace8-068、ext-mat-91e0c2ace8-069（特征方程与特征根的使用）、ext-mat-91e0c2ace8-069c（分式递推的不动点法）、ext-mat-91e0c2ace8-070（不动点法的证明与关键结论）已覆盖 definition 的特征根法与不动点法；definition 关键词：不动点、特征方程、特征根、二重根。,
dir_batch_002.csv#185,MATH,公式法,COVERED,命中节点自身材料 ext-mat-79a1efaae7-001（公式法求和：直接用等差等比求和公式与常见数列和公式）、ext-mat-7acb98c659-012 覆盖 definition 的公式法与常见数列前 n 项和；两条推导方法由包内节点「倒序相加法」材料 math-hj-s65-sum-reverse、节点「错位相减法求和」材料 math-fx-dengbi-qiuhc-fenlei 覆盖；definition 关键词：前n项和、倒序相加法、错位相减法。,
dir_batch_002.csv#186,MATH,分组转化法,COVERED,命中节点自身材料 math-kb-grouping-sum-method、ext-mat-9e21a7e47c-008（分组转化法两类模型）、ext-mat-97ff2b48ab-003 覆盖 definition 的分组部分；并项、倒序、裂项、错位四部分分别由节点「分组-并项-法求数列的前n项和」材料 math-kb-merge-terms-sum-method、节点「倒序相加法」材料 math-kb-reverse-order-addition、节点「裂项相消法中常见的裂项技巧」材料 math-kb-telescoping-sum-method、节点「错位相减法求和」材料 math-kb-shift-subtract-method 覆盖。,
dir_batch_002.csv#187,MATH,求和问题,COVERED,命中节点「求和问题」自身仅 1 条概述材料 ext-mat-00a81ba144-001（四种求和方法），未涉及 definition 的前项和、奇数项和、偶数项和；该内容由包内节点「等差数列前项和的常用性质」材料 math-kb-arithmetic-odd-even-sum（2n 项时 S偶−S奇＝nd、2n−1 项时 S奇−S偶 等于中间项）、ext-mat-efa31ffedb-011 与节点「等比数列前项和的常用性质」材料 math-kb-geometric-odd-even-sum、ext-mat-efa31ffedb-003d（奇偶项和之比等于公比）覆盖；definition 关键词：前项和、奇数项和、偶数项和。,
dir_batch_002.csv#188,MATH,余数列周期性,COVERED,命中节点自身材料 ext-mat-11b718ab0f-023c（斐波那契数列的余数周期与整除规律：对 2、3、4 取余得到的余数列呈周期）、math-fx-shulie-zhouqi-ditui-faxian（由递推式逐项迭代发现周期）已覆盖 definition 的三条余数周期；definition 关键词：被2除的余数列周期为3、被3的余数列周期为8、被4的余数列周期为6。,
dir_batch_002.csv#189,MATH,裂项问题：,COVERED,名称「裂项问题」对应的裂项相消求和由包内节点「裂项相消法中常见的裂项技巧」材料 math-liexiang-xiangxiaofa、math-mo-liexiang-jiqiao-silei、ext-mat-97ff2b48ab-006 覆盖；definition 后半段「数列的新定义问题」的特点与解题思路由包内节点「数列的新定义问题」材料 ext-mat-f609e50b38-001b（先读懂新定义并按定义逐条验证）、ext-mat-3decdcedae-001 覆盖；definition 其余为典例题干。,
dir_batch_002.csv#190,MATH,由求时忽略对“”检验致错,COVERED,命中节点自身材料 ext-mat-b83e525a16-005（由Sn求an忽略n＝1的讨论）、ext-mat-7f3d9b6870-008（由Sn求an的三个注意点）与 definition 的分段辨析逐条对应；definition 关键词：先令 n＝1 求出首项、再令 n≥2 求出通项、最后代入验证。,
dir_batch_002.csv#191,MATH,裂项相消求和时遗漏剩余项致错,COVERED,命中节点自身材料 math-kb-telescoping-residual-rule（相消后前面剩几项后面就剩几项）、math-mo-liexiang-xiangxiao-yuanze、math-hj-shulie-lieixiang-xiaoguan 已覆盖 definition 的剩余项规律；definition 关键词：抵消后并不一定只剩下第一项和最后一项、前面剩两项后面也剩两项。,
dir_batch_002.csv#192,MATH,由Sn求an的步骤,COVERED,命中节点自身材料 math-kb-sn-to-an-steps、ext-mat-03f08fdd41-002（两条转化方向）、ext-mat-973c5acede-006c、ext-mat-7f3d9b6870-005 已覆盖 definition 的三步与两个转化方向；definition 关键词：a1＝S1、an＝Sn－Sn－1、合写或写成分段的形式。,
dir_batch_002.csv#193,MATH,累加法与累乘法求数列通项,COVERED,命中节点自身材料 math-leijiafa-qiu-tongxiang、math-leichengfa-qiu-tongxiang、math-kb-accumulation-addition-method、math-kb-accumulation-multiplication-method、ext-mat-96d3a8f788-002 已覆盖 definition 的累加与累乘构造；definition 关键词：累加法、累乘法、构造。,
dir_batch_002.csv#194,MATH,构造法求数列通项,COVERED,命中节点自身材料 ext-mat-9e21a7e47c-005（五类递推式的构造法）、ext-mat-91e0c2ace8-067（同除变换求指数型递推通项）、ext-mat-843251a2d9-004（用待定系数法构造等比数列）已覆盖 definition 的三类构造；definition 关键词：同除以、配凑、待定系数法确定的值。,
dir_batch_002.csv#195,MATH,取倒数法求数列通项,COVERED,命中节点自身材料 math-kb-reciprocal-method、ext-mat-91e0c2ace8-067b、ext-mat-91e0c2ace8-069b（取倒数后 p＝r 成等差、p≠r 化为一阶线性递推）、ext-mat-a56cce28f2-002 已覆盖 definition；definition 关键词：取倒数得、等差数列、待定系数法。,
dir_batch_002.csv#196,MATH,逆序相加法求数列的前n项和,COVERED,未命中节点但包内真实节点「倒序相加法」（slug 倒序相加法）存在；其材料 math-kb-reverse-order-addition、math-mo-daoxu-xiangjia-tiaojian（适用条件：首末等距两项之和为同一常数）、ext-mat-0bbd24340b-001、math-daoxu-xiangjiafa 已覆盖 definition 的条件与做法；definition 关键词：首末两端等距离的两项的和相等、正着写与倒着写的两个式子。,
dir_batch_002.csv#197,MATH,分组（并项）法求数列的前n项和,COVERED,命中节点自身材料 math-kb-merge-terms-sum-method（并项）、math-hj-s65-sum-group（分组）、ext-mat-498fe37868-004、ext-mat-91e0c2ace8-062b 已覆盖 definition 的两类做法；definition 关键词：两两结合求解、并项求和、拆成两项的和或差。,
dir_batch_002.csv#198,MATH,用裂项法求和的裂项原则及规律,COVERED,命中节点自身材料 ext-mat-91e0c2ace8-064c（二阶裂项前后各留两项）、ext-mat-9e21a7e47c-007（抵消后不一定只剩第一项和最后一项）、ext-mat-97ff2b48ab-005 已覆盖 definition 的裂项原则与消项规律；definition 关键词：裂项原则、消项规律、前边剩第几项后边就剩倒数第几项。,
dir_batch_002.csv#199,MATH,裂项相消法中常见的裂项技巧,COVERED,命中节点自身材料 math-mo-liexiang-jiqiao-silei（分式型、根号型、指数型、对数型四类裂项）、ext-mat-9e21a7e47c-007b（三类常见拆项公式清单）、ext-mat-97ff2b48ab-006（四类常见裂项模型）、wusan-mat-v-32acdee7 已覆盖 definition 的常见裂项技巧；definition 关键词：常见的裂项技巧。,
dir_batch_002.csv#200,MATH,注意解题“3关键”,COVERED,命中节点「注意解题-3关键」自身材料 ext-mat-e849e54421-012 讲的是等比数列判断与公比讨论，未覆盖 definition 的错位相减三要点；该内容由包内节点「错位相减法求和」材料 math-fx-cuowei-xiangjian-yicuo-qingdan（错项对齐、讨论 q＝1、结果验证）、math-mo-cuowei-xiangjian-yaodian、ext-mat-aea7167a23-002 覆盖；definition 关键词：识别题目类型、错项对齐、分公比 q＝1 和 q≠1。,
dir_batch_002.csv#201,MATH,等差乘等比数列求和，令，可以用错位相减法．,COVERED,未命中节点但包内真实节点「错位相减法求和」（slug 等差乘等比数列求和-令-可以用错位相减法）存在；其材料 math-kb-shift-subtract-method、math-cuowei-xiangjianfa、ext-mat-97ff2b48ab-008（写和式乘公比作差化简验证五步）已覆盖 definition 的两式相减整理；definition 关键词：等差乘等比数列求和、错位相减法。,
dir_batch_002.csv#202,MATH,空间向量的有关概念,COVERED,命中节点自身材料 ext-mat-fe0e9d84cf-001（空间向量的概念与线性运算）、ext-mat-0e56aad79f-045（空间向量的概念与共面定理）、ext-mat-71a4a9cac4-002b（空间向量概念的几点提醒）已覆盖 definition 的空间向量、共线向量与共面向量等基本概念；definition 关键词：空间向量、相等向量、相反向量、共线向量、共面向量。,
dir_batch_002.csv#203,MATH,空间向量的线性运算,COVERED,命中节点自身材料 math-mo-kongjian-xiangliang-xianxing-guanjian（加减用三角形与平行四边形法则、数乘保持共线、运算律可类比平面向量）、ext-mat-fe7eba91ec-001 已覆盖 definition 的加减法、数乘与运算律；definition 关键词：加减法运算律、数乘、分配律、结合律。,
dir_batch_002.csv#204,MATH,空间向量的有关定理,COVERED,命中节点自身材料 ext-mat-fe0e9d84cf-001b、ext-mat-71a4a9cac4-001、ext-mat-71a4a9cac4-002、ext-mat-fe7eba91ec-002 已覆盖 definition 的共线向量定理、共面向量定理与空间向量基本定理；definition 关键词：共线向量定理、共面向量定理、空间向量基本定理、基底。,
dir_batch_002.csv#205,MATH,空间向量的数量积及运算律,COVERED,命中节点自身材料 ext-mat-fe7eba91ec-001b（空间向量的夹角与数量积：夹角范围零到π、数量积用模与夹角余弦定义）、math-hj-shuliangji-yunsuanlv（数量积运算律：交换律、数乘结合律、分配律、不满足结合律）、ext-mat-71a4a9cac4-001b、math-hj-s53-dot-product-ops 已覆盖 definition 的夹角、数量积与运算律；definition 关键词：两向量的夹角、数量积、交换律、分配律。,
dir_batch_002.csv#206,MATH,空间向量数量积的坐标表示及其应用,COVERED,命中节点自身材料 math-kb-space-dot-product-coordinate、math-mo-shuliangji-dingyi-zuobiaoshi、ext-mat-fe7eba91ec-003（空间向量的坐标表示与坐标运算）、math-hj-s76-space-coordinate 已覆盖 definition 中「设两个空间向量的坐标、其数量积按对应分量乘积之和计算」的坐标表示；definition 关键词：坐标表示。,
dir_batch_002.csv#207,MATH,直线的方向向量和平面的法向量,COVERED,命中节点自身材料 math-kb-direction-and-normal-vector、math-hj-fangxiang-xiangliang-faxiangliang、ext-mat-4e584eda68-001、math-hj-faxiangliang-qiufa 已覆盖 definition 的直线方向向量与平面法向量的定义；definition 关键词：直线的方向向量、平面的法向量。,
dir_batch_002.csv#208,MATH,空间位置关系的向量表示,COVERED,命中节点自身材料 math-kb-vector-representation-parallel-vertical（线线看方向向量、线面看方向向量与法向量、面面看两法向量）、ext-mat-d1643f50bc-003（线线平行 a∥b、线线垂直 a·b＝0、线面平行 a·u＝0、线面垂直 a∥u、面面平行 u∥v、面面垂直 u·v＝0）、math-hj-kongjian-weihi-xiangliang-biaoshi 已覆盖 definition 的「空间位置关系的向量表示」；definition 正文仅剩栏目串「04利用空间向量求空间角」。,
dir_batch_002.csv#209,MATH,异面直线所成角,COVERED,命中节点自身材料 ext-mat-9f4142d17c-001（异面直线所成角的定义与求法、范围是（0，π/2]）与包内节点「用向量法求异面直线所成角的一般步骤」材料 math-yimianzhixian-suochnengjiao-xiangliangfa、math-kb-vector-skew-line-angle 已覆盖 definition 的「异面直线所成角的余弦等于两方向向量夹角余弦的绝对值」这一算法；definition 关键词：异面直线所成的角、方向向量。,
dir_batch_002.csv#210,MATH,直线与平面所成角,COVERED,命中节点自身材料 math-hj-s75-line-plane-angle、math-hj-xianmian-jiao-dingyi（线面角是斜线与其射影所成角、范围 [0，90°]）与包内节点「用向量法求解直线与平面所成角的方法」材料 math-xianmianjiao-xiangliangfa-gongshi、ext-mat-fe0e9d84cf-013 已覆盖 definition 的「线面角的正弦等于方向向量与法向量夹角余弦的绝对值」；definition 关键词：斜线、法向量、所成的角。,
dir_batch_002.csv#211,MATH,二面角,COVERED,命中节点自身材料 math-kb-dihedral-angle-and-plane-angle、math-hj-s75-dihedral-angle（二面角及其平面角、范围）与包内节点「利用向量法解二面角问题的策略」材料 ext-mat-fe0e9d84cf-013b（可用两半平面的法向量求二面角、也可在两个半平面内取与棱垂直的向量直接定角）、math-kb-vector-dihedral-angle 已覆盖 definition 的两种算法；definition 关键词：与棱 l 垂直、法向量、θ 或 π－θ。,
dir_batch_002.csv#212,MATH,点到直线的距离,COVERED,命中节点自身材料 math-dian-dao-zhixian-juli-xiangliang-gongshi、math-kb-vector-point-line-distance、math-hj-s79-distance-point-line、ext-mat-43ca698f76-001 已覆盖 definition 的向量公式；definition 关键词：单位方向向量、投影向量、点到直线的距离。,
dir_batch_002.csv#213,MATH,点到平面的距离,COVERED,命中节点自身材料 math-dian-dao-pingmian-juli-xiangliang-gongshi、math-kb-vector-point-plane-distance、math-hj-s79-distance-point-plane 已覆盖 definition；definition 关键词：平面的法向量、点到平面的距离。,
dir_batch_002.csv#214,MATH,线面距和面面距,COVERED,命中节点「线面距和面面距」自身仅 1 条材料 ext-mat-bdf0d92b84-007（点线距与点面距），未直接写线面距与面面距的转化；该转化由包内节点「点到平面的距离」材料 ext-mat-ba299c5c16-013b（线面距与面面距都可化为点面距）与节点「利用空间向量求空间距离」材料 math-mo-dianmianju-faxiangliang-gongshi 覆盖；definition 关键词：线面距、面面距、转化为点面距离。,
dir_batch_002.csv#215,MATH,利用空间向量解决探索性问题,COVERED,命中节点自身材料 math-kb-vector-exploration-existence（假设存在、坐标表示、列方程求解、按范围检验）、ext-mat-6b581c0987-010、ext-mat-fe0e9d84cf-003b 已覆盖 definition 的两步思路；definition 关键词：假设所成的点或参数存在、构建方程组求解、符合限定的范围。,
dir_batch_002.csv#216,MATH,利用空间向量解决最值范围问题,COVERED,命中节点自身材料 ext-mat-fe0e9d84cf-005（三条思路：把所求量化为目标函数、变动态为静态、把几何体平面化）、math-kb-vector-extremum-range-methods、math-mo-kongjian-zuizhi-fanwei-dongtai 已覆盖 definition 的三个方面；definition 关键词：函数法、变动态为静态、几何体平面化。,
dir_batch_002.csv#217,MATH,不规则几何体建系问题,COVERED,命中节点自身材料 ext-mat-fe0e9d84cf-006（建系原则：让底面更多点落在坐标轴上、利用垂直条件保证三轴两两垂直、注意对称性）、ext-mat-d1643f50bc-006b（没有三垂直时先证线面垂直再证面面垂直、过程不能省略）已覆盖 definition 的三条参考原则与注意；definition 关键词：坐标轴的选取、找角、找对称关系、证明两两垂直。,
dir_batch_002.csv#218,MATH,空间向量新定义问题,COVERED,命中节点自身材料 ext-mat-fe0e9d84cf-006b（空间向量新定义问题的应对策略）、math-mo-xindingyi-xiangliang-silu、ext-mat-7c74c864c5-005 已覆盖 definition 的应对策略；definition 关键词：新情景、新定义、结合立体几何知识。,
dir_batch_002.csv#219,MATH,忽视零向量,COVERED,命中节点自身材料 ext-mat-fe0e9d84cf-007（忽视零向量致错）、ext-mat-3c2623876b-008、ext-mat-550f58da7b-003、math-hj-teshu-xiangliang 已覆盖 definition 的零向量特殊性；definition 关键词：零向量的特殊性、零向量与任意向量平行。,
dir_batch_002.csv#220,MATH,错判数量积的符号与夹角关系,COVERED,命中节点自身材料 math-kb-dot-product-sign-angle-relation、math-fx-shuliangji-fuhao-jiabian（判锐角钝角必须补充排除共线）、ext-mat-fe0e9d84cf-007b、ext-mat-409829489f-001c 已覆盖 definition 的共线遗漏；definition 关键词：未考虑共线情况、数量积的符号与夹角的关系。,
dir_batch_002.csv#221,MATH,忽略建系的条件而出错,COVERED,命中节点「忽略建系的条件而出错」自身 2 条材料（扇形周长最大时面积、圆的标准方程与一般方程）与本考点无关（属绑定错位）；该内容由包内材料 ext-mat-fe0e9d84cf-008（忽略建系条件致错：建立空间直角坐标系前必须确认或证明三条坐标轴两两垂直）覆盖（该材料当前挂在节点「由线-面关系误解向量关系」下）；definition 关键词：忽略空间直角坐标系的定义要求。,
dir_batch_002.csv#222,MATH,由线、面关系误解向量关系,COVERED,命中节点自身材料 ext-mat-fe0e9d84cf-008b（线面关系与向量关系的对应易错：线面平行对应数量积为零、线面垂直对应共线）已覆盖 definition；definition 关键词：利用空间向量处理线面关系、错误理解直线向量与法向量之间的关系。,
dir_batch_002.csv#223,MATH,忽视异面直线的夹角与向量的夹角范围不同,COVERED,命中节点自身材料 math-kb-angle-vs-vector-angle-range-note（向量夹角 [0，π]、异面直线角（0°，90°]）、math-hj-xiangliang-jiajiao 与材料 ext-mat-fe0e9d84cf-008c（异面直线夹角与向量夹角的范围差异）已覆盖 definition；definition 关键词：异面直线所成角的范围、两向量的夹角的范围。,
dir_batch_002.csv#224,MATH,线面角与向量夹角转化不清等问题,COVERED,命中节点自身材料 ext-mat-fe0e9d84cf-009（线面角与向量夹角转化不清）、math-xianmianjiao-xiangliangfa-gongshi（线面角的正弦等于方向向量与法向量夹角余弦的绝对值）、ext-mat-fe0e9d84cf-008b 已覆盖 definition 的公式与两类误判；definition 关键词：误以为方向向量与法向量所成角就是线面角。,
dir_batch_002.csv#225,MATH,二面角概念模糊,COVERED,命中节点自身材料 ext-mat-fe0e9d84cf-009b（两个法向量的夹角可能等于二面角也可能等于它的补角、必须结合图形判断）、ext-mat-a05a4f5163-007、ext-mat-c3a46f150b-004 已覆盖 definition；definition 关键词：结合图形判断二面角的取值范围。,
dir_batch_002.csv#226,MATH,动点问题没有取舍,COVERED,命中节点自身材料 ext-mat-fe0e9d84cf-009c（立体几何动点问题常有多个解、必须根据点的位置范围与题意取舍）、ext-mat-88b0dbcf63-013 已覆盖 definition；definition 关键词：计算结果一般有多个值、根据题意进行取舍。,
dir_batch_002.csv#227,MATH,用基向量表示指定向量的方法,COVERED,命中节点自身材料 math-mo-jixiangliang-biaoshi-sanbu（观察图形、转化到三角形或平行四边形、用法则逐步分解）、ext-mat-fe0e9d84cf-010、math-fx-jidi-biaoshi-cuozuo 已覆盖 definition 的三步；definition 关键词：结合图形、三角形或平行四边形、三角形法则或平行四边形法则。,
dir_batch_002.csv#228,MATH,三点共线和空间四点共面的方法比较,COVERED,命中节点自身材料 ext-mat-fe7eba91ec-003b（三点共线要求两个系数之和为一、四点共面要求三个系数之和为一）、ext-mat-7d4877601e-002、math-mo-gongmian-gongxian-gongdian-zhengming 已覆盖 definition 的两种判定比较；definition 正文为共线共面判定题题干。,
dir_batch_002.csv#229,MATH,解决垂直问题：利用，可将垂直问题转化为向量数量积的计算问题。,COVERED,未命中节点但包内真实节点「利用空间向量证明垂直的方法」存在；其材料 math-mo-kongjian-xianxian-chuizhi-shuliangji（方向向量数量积为零即两直线垂直）、ext-mat-4e584eda68-002、math-mo-kongjian-xianmian-chuizhi-faxiangliang 已覆盖 definition 的「利用 a·b＝0 把垂直问题转化为向量数量积的计算」；definition 正文为多选题干。,
dir_batch_002.csv#230,MATH,利用空间向量证明垂直的方法,COVERED,命中节点自身材料 math-mo-kongjian-xianxian-chuizhi-shuliangji、math-mo-kongjian-xianmian-chuizhi-faxiangliang、math-mo-kongjian-mianmian-chuizhi-faxiangliang、ext-mat-4e584eda68-002 已覆盖 definition 的方向向量与法向量判定；definition 正文为判断题干。,
dir_batch_002.csv#231,MATH,用向量法求异面直线所成角的一般步骤,COVERED,命中节点自身材料 ext-mat-4e584eda68-002b（四个步骤与绝对值处理）、math-mo-yimianjiao-zuobiao-sibu（建系、方向向量、夹角公式、取绝对值）与 definition 的四步一致；definition 关键词：建立空间直角坐标系、夹角公式、余弦值的绝对值。,
dir_batch_002.csv#232,MATH,用向量法求解直线与平面所成角的方法,COVERED,命中节点自身材料 ext-mat-fe0e9d84cf-013、math-mo-xianmianjiao-zuobiao-buzhou、math-xianmianjiao-xiangliangfa-gongshi 已覆盖 definition 的线面角向量公式；definition 关键词：方向向量、法向量、所成的角。,
dir_batch_002.csv#233,MATH,利用向量法解二面角问题的策略,COVERED,命中节点自身材料 ext-mat-fe0e9d84cf-013b（法向量法与棱垂方向向量法两种策略）、math-mo-ermianjiao-faxiangliang-jinchu、math-kb-vector-dihedral-angle 已覆盖 definition 的两种策略；definition 关键词：找法向量法、找与棱垂直的方向向量法、结合实际图形判断所求角的大小。,
dir_batch_002.csv#234,MATH,利用空间向量求空间距离,COVERED,命中节点自身材料 math-mo-dianxianju-touying-gongshi、math-mo-dianmianju-faxiangliang-gongshi（线面距与面面距均化归为点面距）、ext-mat-fe0e9d84cf-003 已覆盖 definition 的点线距、点面距与转化；definition 关键词：点线距、点面距、线面距面面距可转化为点面距。,
dir_batch_002.csv#235,MATH,集合运算中的常用二级结论,COVERED,命中节点自身材料 ext-mat-cfa0fd12b9-001d（集合运算的常用二级结论：运算性质、包含关系的等价转化与德摩根律）、ext-mat-99d8d4b088-001b、ext-mat-7d121f7176-003 已覆盖 definition 的并集、交集、补集性质与德摩根律；definition 关键词：并集的性质、交集的性质、补集的性质。,
dir_batch_002.csv#236,MATH,充要条件,COVERED,命中节点自身材料 math-kb-necessary-sufficient-iff（p⇒q 且 q⇒p 时 p 是 q 的充要条件、记作 p⇔q）、math-hj-chongyao-tiaojian、ext-mat-af37c26835-001d 已覆盖 definition 的定义与互相充要的含义；definition 关键词：充分必要条件、当且仅当、等价。,
dir_batch_002.csv#237,MATH,全称量词与全称量词命题,COVERED,命中节点自身材料 ext-mat-20fbdf1375-005、ext-mat-2be914ed04-001e、ext-mat-62ae019851-001e（对 M 中任意一个 x 记作 ∀x∈M p(x)）已覆盖 definition 的全称量词与全称量词命题；definition 关键词：全称量词、所有的、任意一个、符号表示。,
dir_batch_002.csv#238,MATH,存在量词与存在量词命题,COVERED,命中节点自身材料 ext-mat-20fbdf1375-005b、ext-mat-2be914ed04-001f、ext-mat-9d8e85b108-003b、math-kb-quantifier-universal-existential 已覆盖 definition 的存在量词与存在量词命题；definition 关键词：存在一个、至少有一个、存在量词命题。,
dir_batch_002.csv#239,MATH,命题的否定：对命题p加以否定，得到一个新的命题，记作“”，读作“非p”或p的否定．,COVERED,未命中节点但包内真实节点「命题的否定」（slug 命题的否定-对命题p加以否定-得到一个新的命题-记作-读作-非p-或p的否定）存在；其材料 ext-mat-9d8e85b108-004、math-kb-negation-of-common-words（常见正面词语的否定）、ext-mat-71bdc90e80-001c（命题与其否定的真假相反）、ext-mat-20fbdf1375-006 已覆盖 definition 的四个方面；definition 关键词：全称量词命题的否定、存在量词命题的否定、真假相反、常见正面词语的否定。,
dir_batch_003.csv#240,MATH,利用元素与集合的关系求参数,COVERED,ext-mat-7d121f7176-006（利用元素与集合的关系求参数：先由确定性解出参数，再用互异性逐个检验）、ext-mat-9e4efaf2b0-002（由元素特性求参数值）、math-hj-huyiyi-qiu-can-jianyan（求参数后检验互异性）、math-mo-yuansu-qiucan-huyixing；definition 关键词：确定性、互异性,
dir_batch_003.csv#241,MATH,利用集合间的关系求参数,COVERED,ext-mat-8be27b2911-004（由集合关系求参数的方法：先明确元素，对子集是否为空集分类讨论，再转化为元素或端点关系）、ext-mat-7d121f7176-007（利用集合间的关系求参数）、math-mo-ziji-qiucan-kongji-shunxu（子集求参的思维顺序：从空集开始到自身结束）、ext-mat-7986adaf05-001c；definition 关键词：弄清关系、考虑空集、化为方程或不等式、数轴,
dir_batch_003.csv#242,MATH,根据交集、并集、补集的运算结果求参数,COVERED,math-fx-jihe-hancan-qiuparameter（由集合关系（运算结果）求参数的讨论法：先讨论 A 为空集，再按包含关系列不等式组，最后检验端点等号）、math-mo-jihe-yunsuan-jiuguo-qiucan（由集合运算结果求参数的两种处理）、ext-mat-7d121f7176-008（由集合的运算结果求参数）、ext-mat-6df0c5a120-013；definition 关键词：化简集合、数轴表示、列不等式组、检验端点能否取等、不要忘记空集,
dir_batch_003.csv#243,MATH,利用充分必要条件求参数,COVERED,math-kb-condition-to-set-containment（由充分必要条件求参数（集合法））、ext-mat-7d121f7176-009（利用充分必要条件求参数）、math-mo-chongfen-qiucan-zhuanhua（由充分必要条件求参数的转化思路）、ext-mat-54e322dad1-006；definition 关键词：巧用转化法、转化为集合之间的关系、列参数不等式组,
dir_batch_003.csv#244,MATH,端点取值需谨慎：在求参数范围时，要注意边界或区间端点值的检验，从而确定取舍．,COVERED,math-set-endpoint-substitution-check（含参集合端点取等验证法：把端点值代入原题验证）、ext-mat-f8f46ce55b-002c（集合问题中端点值的取舍）、math-mo-jihe-qiucan-kongji-lisuan（端点取值单独核对）、ext-mat-7d121f7176-009（谨慎检验边界与端点的取舍）；包内同名节点自身的这批材料即覆盖端点取舍这一要点,
dir_batch_003.csv#245,MATH,根据全称、存在量词命题的真假求参数,COVERED,ext-mat-7d121f7176-010（由全称量词、存在量词命题的真假求参数）、math-mo-liangci-zhenjia-qiucan（由含量词命题的真假求参数）、math-hj-ms1-quantifier-param（量词命题真假与参数范围的联立）、ext-mat-c10ff958a3-007（含量词命题求参数的策略）；definition 关键词：恒成立、存在、构造函数、分离参数,
dir_batch_003.csv#246,MATH,解决双变量“存在性”或“任意性”的等式问题,COVERED,ext-mat-7d121f7176-011（双变量等式型的存在性与任意性问题：脱去量词后转化为两个函数值域的包含关系或交集关系）、math-existence-two-function-extremum（存在性转最值（双函数））、ext-mat-75d5c5ac0b-029（任意—存在型问题的值域包含转化）；definition 关键词：脱去量词、值域的包含关系、值域交集不为空集,
dir_batch_003.csv#247,MATH,解决双变量“存在性”或“任意性”的不等式问题,COVERED,ext-mat-7d121f7176-011b（双变量不等式型的存在性与任意性问题）、ext-mat-00ff671da7-008（双变量恒成立与能成立问题的四种转化）、ext-mat-9a7b65d4f4-002（双变量恒成立与能成立的转化）、math-mo-liangci-junzhi-qudeng；definition 关键词：任意、存在、两种量词的四种转化,
dir_batch_003.csv#248,MATH,对集合表示方法的理解偏差致错,COVERED,ext-mat-7d121f7176-011c（对集合表示方法的理解偏差致错：只记形式不看本质，把点集与数集混淆）、ext-mat-3678849fe8-003（点集与数集的区别及点集交集个数的求法）、math-hj-jihe-biaoshifangfa（集合的五种表示方法）；definition 关键词：代表元素类型、点集或数集、代表元素的含义,
dir_batch_003.csv#249,MATH,忽视（漏）空集致错,COVERED,ext-mat-7d121f7176-011d（忽视（漏）空集致错）、ext-mat-43995b893f-003b（空集的规定与漏空集致错）、ext-mat-99d8d4b088-002b（集合问题中漏掉空集与忽视互异性）、wusan-mat-v-27ebab7e（集合关系问题勿漏空集）；definition 关键词：空集不含任何元素、因忽略空集而漏解,
dir_batch_003.csv#250,MATH,忽视集合元素的互异性致错,COVERED,ext-mat-7d121f7176-012（忽视集合元素的互异性致错：求出参数后不回代检验）、ext-mat-f8f46ce55b-002（忽视集合元素的互异性致错）、math-hj-huyiyi-qiu-can-jianyan（求参数后检验互异性）、math-set-param-discrete-check（列等号→解参数→代回集合检验互异性）；definition 关键词：集合中不可出现相同的元素,
dir_batch_003.csv#251,MATH,充分性与必要性位置颠倒理解错误致错,COVERED,ext-mat-7d121f7176-012b（充分性与必要性位置颠倒致错：倒装表述先翻译成若…则…的标准形式再判断推出方向）、math-hj-s12-statement-direction（A的充分不必要条件是B的语句辨析）、ext-mat-71bdc90e80-001（充分必要条件的表述方向辨析）；definition 关键词：倒装句标志、先翻译成正常的结构,
dir_batch_003.csv#252,MATH,对含有一个量词命题的否定理解错误致错,COVERED,ext-mat-7d121f7176-012c（含一个量词的命题否定致错：量词互换与结论否定漏做一步都会写错）、math-mo-liangci-fouding-liangbu（含一个量词命题的否定两步法：改量词＋否结论，省略量词的先补全完整形式）、math-kb-negation-of-quantified-proposition（含量词命题的否定）；definition 关键词：没变换量词、结论没有给予否定、量词不明显,
dir_batch_003.csv#253,MATH,子集的个数问题,COVERED,math-kb-subset-count-formula（集合子集个数公式）、ext-mat-7d121f7176-013（子集的个数问题）、ext-mat-99d8d4b088-002（有限集合子集的个数）、ext-mat-af37c26835-001c；definition 关键词：列举法、公式法、非空子集、真子集、非空真子集,
dir_batch_003.csv#254,MATH,判断集合间的关系,COVERED,math-mo-jihe-guanxi-panding-sanfa（判断集合间关系的三个方法：列举法、结构法、数轴（Venn 图）法）、ext-mat-7d121f7176-013b（判断集合间关系的三种方法）、ext-mat-96fd930cc9-009（判断集合间关系与由关系求参数）；definition 关键词：判断集合间关系的三种方法,
dir_batch_003.csv#255,MATH,列举观察法：列出几何中的全部元素，通过定义得出集合间关系；,COVERED,math-kb-set-relation-judgment-methods（判断集合间关系的方法：可用列举观察法、元素特征法或数轴、Venn 图等数形结合法）、ext-mat-7d121f7176-013b（列举观察法、元素特征法或数形结合法，前提是先把集合化简）、math-mo-jihe-guanxi-panding-sanfa；definition 关键词：列举观察法、集合元素特征法、数形结合法、数轴法,
dir_batch_003.csv#256,MATH,Venn图在集合运算中的应用,COVERED,math-kb-venn-diagram-for-set-operations（Venn 图分析集合运算）、math-mo-weien-tu-yingyong（韦恩图在集合问题中的应用）、ext-mat-7d121f7176-013c（韦恩图在集合运算中的应用）、ext-mat-96fd930cc9-012（用韦恩图表示集合的关系与运算）；definition 关键词：隶属关系、包含关系、借助韦恩图寻找解题思路,
dir_batch_003.csv#257,MATH,集合新定义的解题思路,COVERED,math-mo-jihe-xindingyi-yaoling（集合新定义问题的解题关键：紧扣新定义、弄清本质、恰当转化）、ext-mat-7d121f7176-014（集合新定义问题的解题思路）、ext-mat-62ae019851-004（解决集合新定义问题的策略）、ext-mat-1f3d900388-001b（集合新定义问题的四步处理法）；definition 关键词：抓住新定义特点、元素特性与基本运算是突破口,
dir_batch_003.csv#258,MATH,充分条件与必要条件的判断,COVERED,math-mo-chongfen-biyao-sanfa（充分必要条件的三种判断方法：定义法、集合法、等价转化（逆否）法）、ext-mat-46b7d30be2-001（判断充分必要条件的三种方法）、ext-mat-7d121f7176-014b、math-fx-chongyao-tiaojian-panding-liangfa；definition 关键词：分清条件与结论、判断若p则q与若q则p的真假,
dir_batch_003.csv#259,MATH,等价转化法：将命题转化为另一个与之等价的且便于判断真假的命题．,COVERED,math-mo-chongfen-biyao-sanfa（含等价转化（逆否）法）、ext-mat-46b7d30be2-001（定义法、集合法或等价转化法）、math-hj-mingti-zhenjia-panding（命题真假的判断方法）、math-mo-mingti-zhenjia-liangfa（判断命题真假的两种主要方法）；definition 为等价转化法对应的典例题干，该方法的内涵由上述材料覆盖,
dir_batch_003.csv#260,MATH,重要不等式：，（当且仅当时取号）.,COVERED,math-kb-important-inequality-squares（重要不等式 a²+b²≥2ab，当且仅当 a=b 取等）、math-hj-pingfang-budengshi、ext-mat-3fdf7fda2c-001d（几个重要的不等式及其取等条件）、ext-mat-7ad68048fa-001b（几个常用不等式与不等式链）；definition 关键词：变形公式、当且仅当时取等号,
dir_batch_003.csv#261,MATH,基本不等式：,COVERED,ext-mat-7ad68048fa-001（基本不等式及其成立条件：算术平均数不小于几何平均数及等号条件）、ext-mat-9e525e1bfc-001（基本不等式的内容与使用条件）、math-hj-s14-basic-ineq（基本不等式）、ext-mat-62ae019851-006c（基本不等式链及其四类平均数）；definition 关键词：成立条件、等号成立的条件、算术平均数与几何平均数,
dir_batch_003.csv#262,MATH,利用基本不等式求最值,COVERED,math-kb-am-gm-extremum-principle（积定和最小、和定积最大）、math-am-gm-direct-product-min（直接用基本不等式：积为定值求最小值）、ext-mat-e3c739af9d-002（均值定理：积定和最小、和定积最大）、math-mo-yizhengerdingsanxiangdeng；definition 关键词：积 xy 是定值、和 x＋y 是定值、当且仅当 x＝y,
dir_batch_003.csv#263,MATH,利用基本不等式求最值,COVERED,math-fx-jiben-budengshi-wujiqiao（基本不等式求最值的凑、拆、除、代、解五技巧）、math-mo-jiben-budengshi-qiuzui-wufa（利用基本不等式求最值的五种方法）、math-am-gm-matching-method（配凑法）、math-am-gm-elimination-method（消元法）；definition 关键词：直接法、配凑法、代换法、消元法、构造不等式法,
dir_batch_003.csv#264,MATH,不等式恒成立与能成立问题,COVERED,math-kb-parameter-separation-for-inequality（参变分离求恒成立与能成立）、math-hj-hengchengli-zuihi-zhuanhua（恒成立与能成立的最值转化）、ext-mat-915d61f431-001（恒成立与能成立问题的转化规则）、math-inequality-classification-discussion-method；definition 关键词：参变分离、恒成立、有解,
dir_batch_003.csv#265,MATH,含参一元二次不等式的解法,COVERED,math-kb-parametric-quadratic-inequality-discussion（含参一元二次不等式的分类讨论：二次项系数、判别式、两根大小三层）、math-fx-erci-hancan-jiefa（含参一元二次不等式的讨论策略）、ext-mat-af791ee0ba-004b（三级讨论法）、ext-mat-5bd79bdc7b-002b；definition 关键词：二次项系数为正负及零、判别式与0的关系、两根的大小,
dir_batch_003.csv#266,MATH,忽视不等式性质成立的条件致错,COVERED,math-hj-s13-prop-multiply（同向不等式相乘的前提条件）、math-fx-budengshi-qitiao-xingzhi（不等式的七条基本性质及其成立条件）、math-hj-s13-ineq-properties（负数乘除要变号）、ext-mat-19dbdd4311-003（七条基本性质及其成立条件）；definition 关键词：两端同时乘以或除以一个数式、两个不等式相乘、同时 n 次方的前提条件,
dir_batch_003.csv#267,MATH,忽视基本不等式应用的条件致错,COVERED,ext-mat-5f52c9f920-003（分式不等式与基本不等式的常见错解：基本不等式使用条件两处常见错误及其纠正方法）、math-mo-budengshi-shiji-yingyong（基本不等式实际应用的三个注意点）；definition 关键词：应用基本不等式求最值时要注意条件、同号,
dir_batch_003.csv#268,MATH,连续使用基本不等式忽略等号同时成立致错,COVERED,ext-mat-9e525e1bfc-001b（多次使用基本不等式致错）、math-am-gm-multi-use-equality（每步放缩的取等条件必须能同时成立）、math-hj-duoci-shiyong-qudeng-yizhi（多次使用基本不等式须等号一致）、ext-mat-91e0c2ace8-006（连续放缩要验等号能否同取）；definition 关键词：连续使用均值不等式、检验等号能否同时成立,
dir_batch_003.csv#269,MATH,解分数不等式忽略分母不为零致错,COVERED,ext-mat-83f5208c89-007b（解分式不等式勿忽略分母不为零）、ext-mat-5f52c9f920-002c（分式不等式的同解变形：保留分母非零条件）、ext-mat-62ae019851-002c（分式不等式与绝对值不等式的等价转化）；definition 关键词：去分母时注意分母不为零、防止出现增解,
dir_batch_003.csv#270,MATH,作差法：,COVERED,ext-mat-3fdf7fda2c-001b（用作差法比较两个数或式的大小：相减后经因式分解、配方或通分判断差的符号）、ext-mat-4dcda249d0-001（比较两个实数大小的方法：判断 a−b 的符号）、ext-mat-099ea7a78b-005（比较大小的作差法与作商法）；definition 关键词：作差并变形、判断差与0的大小、通分、因式分解、配方,
dir_batch_003.csv#271,MATH,作商法：,COVERED,ext-mat-5bd79bdc7b-001c（作商法通过判断商与一的大小比较，要求两式同号）、ext-mat-83f5208c89-007c（作商与 1 比较大小）、math-kb-difference-quotient-comparison（两式同正时作商与 1 比较）、math-hj-zuocha-fa-bijiao；definition 关键词：作商并变形、判断商与1的大小、作商时各式的符号应相同,
dir_batch_003.csv#272,MATH,利用不等式的性质求数（式）的范围,COVERED,math-mo-budengshi-qiufanwei-daiding（利用不等式性质求代数式范围的待定系数法）、math-fx-budengshi-xingzhi-qufanwei（由不等式性质求取值范围）、ext-mat-5bd79bdc7b-002（用待定系数法求代数式的取值范围）、math-mo-fanwei-zhengtihuanyuan；definition 关键词：待定系数法、同向可加性、求取值范围,
dir_batch_003.csv#273,MATH,解一元二次不等式的步骤,COVERED,math-kb-quadratic-inequality-solving-steps（一元二次不等式的求解步骤：化正、求根、写解集）、ext-mat-83f5208c89-008b（解一元二次不等式的三个步骤）、ext-mat-f2f7f3c49f-001（一元二次不等式的求解步骤）、math-hj-yiyuanerci-budengshi-jiefa；definition 关键词：二次项系数化为正、计算判别式、求根、写出解集,
dir_batch_003.csv#274,MATH,基本不等式的实际应用,COVERED,math-mo-budengshi-shiji-yingyong（基本不等式实际应用的三个注意点：设变量、建关系式、在定义域内求最值并回答实际问题）、ext-mat-9e525e1bfc-009（基本不等式在实际问题中的应用）、ext-mat-83f5208c89-008c；definition 为解实际应用题的三个注意点,
dir_batch_003.csv#275,MATH,在求函数的最值时，一定要在定义域（使实际问题有意义的自变量的取值范围）内求解．,COVERED,math-hj-s35-optimization（实际问题的最优化解法：设变量建目标函数并确定定义域，定义域内唯一极值点即最值点）、math-hj-s212-model-steps（构建函数模型解决实际问题的步骤）、math-mo-yizhimoxing-qiujie-guanjian；definition 关键词：在使实际问题有意义的自变量的取值范围内求最值,
dir_batch_003.csv#276,MATH,证明不等式,COVERED,ext-mat-83f5208c89-009（证明不等式的基本思路：无附加条件时合理构造并选用基本不等式，有条件且含 1 时注意 1 的代换）、math-hj-budengshi-zhengming-fangfa（不等式证明的常用方法）、ext-mat-d871ac9b5f-001b（证明不等式的六种常用方法）；definition 关键词：无附加条件的不等式证明、有附加条件、1 的代换、注意等号能否取到,
dir_batch_003.csv#281,MATH,空间几何体的直观图,COVERED,ext-mat-c3a46f150b-001（斜二测画法与直观图：画轴、画线、取长度、成图四步，面积比）、ext-mat-69017870de-003（斜二测画法与直观图面积关系）、ext-mat-54bbe673d9-002（斜二测画法的还原规则）、ext-mat-17ae7aa955-001（空间几何体的直观图画法）；definition 关键词：斜二测画法、45度或135度、平行于y轴的线段长度减半、面积关系,
dir_batch_003.csv#282,MATH,空间几何体的表面积和体积公式,COVERED,math-kb-prism-cylinder-volume、math-kb-pyramid-cone-volume、math-kb-frustum-volume、math-kb-sphere-area-volume（柱锥台球的体积与球表面积体积公式）、ext-mat-ba299c5c16-002（侧面积是各侧面面积之和，表面积等于侧面积与全部底面面积之和）、ext-mat-3ca28f6382-002（组合体表面积要处理重合部分）；definition 关键词：侧面积与表面积的区别、组合体重合部分,
dir_batch_003.csv#283,MATH,柱体、锥体、台体侧面积间的关系,COVERED,ext-mat-ba299c5c16-002（柱锥台侧面积可统一）、math-hj-cesmian-zhankaice-simianji（旋转体侧面展开图与侧面积：圆柱为矩形、圆锥为扇形、圆台为扇环）、ext-mat-d1643f50bc-001（柱、锥、台、球的表面积与体积公式表）；definition 关键词：上底面与下底面全等、缩为一个点、侧面积公式,
dir_batch_003.csv#285,MATH,四个公理,COVERED,ext-mat-a84590bff2-001（四个基本事实与三个推论）、ext-mat-60b9f8d06f-002（平面的基本事实与三个推论）、ext-mat-c83aafab6e-001（空间四个基本事实及推论）、math-kb-axiom-parallel-transitivity（公理 4：平行线的传递性）；definition 关键词：公理1至公理4、三个推论、证明三线共点或三点共线的依据,
dir_batch_003.csv#286,MATH,直线与直线的位置关系,COVERED,math-hj-s73-position-relations（空间两直线的位置关系与异面直线：平行、相交、异面；异面直线所成角通过平移到同一点求得）、math-hj-kongjian-weihi-guanxi（空间点、直线、平面的位置关系）、ext-mat-c3a46f150b-003b（异面直线所成角的定义与求法）；definition 关键词：平行、相交、异面、异面直线所成的角范围 (0°、90°],
dir_batch_003.csv#287,MATH,直线与平面平行,COVERED,ext-mat-424b55d45c-001（线面平行的定义、判定与性质）、ext-mat-95f2ccd476-002（直线与平面平行的判定定理）、ext-mat-95f2ccd476-002b（直线与平面平行的性质定理）、math-kb-line-plane-parallel-criterion；definition 关键词：直线与平面没有公共点、判定定理与性质定理,
dir_batch_003.csv#288,MATH,平面与平面平行,COVERED,ext-mat-424b55d45c-002（面面平行的定义、判定与性质）、ext-mat-d1643f50bc-001c（面面平行的判定定理与性质定理）、ext-mat-95f2ccd476-003（平面与平面平行的判定与性质）、ext-mat-5b737469ca-002（面面平行的判定：一个平面内两条相交直线分别平行于另一平面）；definition 关键词：没有公共点、判定定理与性质定理,
dir_batch_003.csv#289,MATH,平行关系之间的转化,COVERED,math-hj-san-zhong-pingxing-zhuanhua（三种平行关系的转化链）、math-mo-pingxing-zonghe-zhuanhua（三种平行关系的转化链）、ext-mat-ba299c5c16-009（空间平行关系的判定与性质）、ext-mat-374ac5c6e3-002（空间平行关系的判定方法归纳）；definition 关键词：从低维到高维的转化、线线平行到线面平行再到面面平行、应用性质定理时顺序相反,
dir_batch_003.csv#290,MATH,直线与平面垂直,COVERED,ext-mat-d1643f50bc-002（线面垂直的判定定理与性质定理）、ext-mat-ab2e0e71ff-001（线面垂直的定义、判定定理与性质定理）、ext-mat-2fc4d7ddd5-003（由两条相交直线垂直证线面垂直并传递垂直关系）、math-kb-line-plane-perp-property；definition 关键词：与平面内任意一条直线都垂直、判定定理与性质定理,
dir_batch_003.csv#291,MATH,直线和平面所成的角,COVERED,ext-mat-ba6dd21d28-007（直线和平面所成的角：斜线与射影所成锐角，范围 [0，π/2]）、ext-mat-dd36b2ed8e-001b（直线与平面所成角的定义）、ext-mat-49d4970b45-004（线面角的定义、取值范围以及垂直与平行两种特殊情形的规定）、ext-mat-95e236319c-001；definition 关键词：斜线和它在平面上的射影、锐角、范围,
dir_batch_003.csv#292,MATH,平面与平面垂直,COVERED,ext-mat-ab2e0e71ff-001b（面面垂直的定义、判定定理与性质定理）、ext-mat-d1643f50bc-002b（面面垂直的判定定理与性质定理）、ext-mat-c3a46f150b-003d（二面角的定义与求法：从一条直线出发的两个半平面所组成的图形）、ext-mat-ab2e0e71ff-003（面面垂直的五条常用性质结论）；definition 关键词：二面角与二面角的平面角、直二面角、判定与性质定理、五个结论,
dir_batch_003.csv#293,MATH,垂直关系之间的转化,COVERED,math-mo-chuizhi-zonghe-zhuanhua（三种垂直关系的转化链）、ext-mat-58a7b65e81-002（垂直关系的两个结论与三种转化）、ext-mat-ab2e0e71ff-003b（垂直关系的相互转化链条）、math-mo-pingchui-zonghe-luxian（平行与垂直关系的综合转化路线）；definition 关键词：判定定理成立的条件、线线线面面面垂直的转化、先找平面的垂线、作辅助线,
dir_batch_003.csv#294,MATH,几何体展开图最短距离问题,COVERED,math-kb-unfold-shortest-distance（展开图求表面最短距离）、math-mo-biaomian-zuiduan-zhankai（几何体表面最短距离的展开法）、ext-mat-6439e6eb51-001（几何体表面最短路径问题的解法）、ext-mat-f535f6e724-005b（用对称与平移把折线化为直线段）；definition 关键词：展开后转化为平面两点间线段最短、展开图可以有不同的形状,
dir_batch_003.csv#295,MATH,空间几何体中的截面问题,COVERED,ext-mat-60b9f8d06f-011（作截面的三种方法：用直接法、延长线法、平行线法作出平面与几何体表面的交线）、ext-mat-6439e6eb51-002（作截面的三种常用方法）、math-mo-jiemian-jiaoxian-zuofa（截面与交线的两种作图方法）；definition 关键词：直接法、延长线法、平行线法,
dir_batch_003.csv#296,MATH,求解几何体外接球的半径的思路,COVERED,wusan-mat-v-ee751f75（几何体外接球半径的三条思路：公式法、补形法与双面定球心法）、math-changfangti-waijieqiu-xinz-yu-banjing（长方体外接球的球心与半径：半径为对角线长的一半）、ext-mat-b6e979f79a-003（外接球球心的三种确定方法）、ext-mat-dfae5c6f26-002b（球内接旋转体的轴截面法）；definition 关键词：球的截面性质、确定球心的位置是关键、补成长方体、定球心作截面求半径,
dir_batch_003.csv#297,MATH,立体几何中的探索性问题立体几何中的探索性问题的主要类型,COVERED,math-mo-tansuoxing-tiaojian-jielun（立体几何探索性问题的类型与策略：条件探索先猜后证，结论探索先假设再推证）、math-hj-s79-explore-problem（立体几何探索性问题的向量处理）、ext-mat-95f2ccd476-009（平行探索性问题的逆向推理法）、ext-mat-05bcddbe3d-001（把存在性与位置探究问题转化为方程组或不等式是否有解来判定）；definition 关键词：探索条件、探索结论,
dir_batch_003.csv#299,MATH,对斜二测画法的规则掌握不牢,COVERED,math-kb-oblique-projection-drawing-rules（斜二测画法的规则：横不变、纵减半、轴夹角变为 45° 或 135°，平行关系保持不变）、math-hj-s71-oblique-drawing（x 轴与 z 轴方向长度不变，y 轴方向长度减半）、math-hj-xierce-huafa、math-mo-xieerce-sanbian-sanbuvbian（斜二测画法的规则与面积关系）；definition 关键词：位置规则、长度规则、平行于y轴的线段长度减为一半,
dir_batch_003.csv#300,MATH,空间点、线、面位置关系不清,COVERED,ext-mat-0e56aad79f-042（空间点线面位置关系与异面直线：点线面位置关系须按定义分类，异面直线既不平行也不相交）、ext-mat-5b737469ca-001（判断点线面位置关系命题真假的策略：把抽象的位置关系放进正方体（长方体）模型中，用具体图形找反例或验证）、math-hj-kongjian-weihi-guanxi（线线、线面、面面的位置关系分类）、math-kb-line-plane-position-relations；definition 关键词：位置关系的组合判断、寻找反例作出否定判断、逻辑证明作出肯定判断,
dir_batch_003.csv#301,MATH,线面平行定理的理解不够准确,COVERED,math-hj-xianmian-pingxing-panding（线面平行的判定定理：面外线平行于面内线，则线面平行）、math-mo-xianmian-pingxing-panding-yu-xingzhi（线面平行判定与性质定理的使用区别）、math-kb-line-plane-parallel-criterion、ext-mat-5b737469ca-001b（线面平行的判定：先证线线平行）；definition 关键词：应用判定定理时注意定理成立的条件、按条件规范书写步骤,
dir_batch_003.csv#302,MATH,对折叠与展开问题认识不清致误,COVERED,math-hj-zhedie-wenti-fangfa（折叠问题：抓不变量，折叠前后同一平面内的图形性质不变）、ext-mat-6b581c0987-003b（翻折问题中变与不变的识别）、math-folding-plane-vs-solid-processing（不变关系在平面图中处理，变化关系在立体图中处理）、ext-mat-7c4b964403-003b；definition 关键词：折叠或展开过程中的变量与不变量、位置关系的变化,
dir_batch_003.csv#303,MATH,求空间几何体表面积,COVERED,ext-mat-3ca28f6382-002（空间几何体表面积的常见求法）、math-hj-cesmian-zhankaice-simianji（旋转体侧面展开图与侧面积：搞清底面半径、母线长与展开图边长关系）、wusan-mat-v-7bd9b4d2（空间几何体表面积与体积公式汇总）、ext-mat-ba299c5c16-002；definition 关键词：多面体剪开展成平面图形、旋转体展开、不规则几何体分割求和或作差,
dir_batch_003.csv#304,MATH,处理空间几何体体积的基本思路,COVERED,math-hj-dengji-bianhuan-tiji（等体积变换（换底法）求体积：转换底面与高）、ext-mat-d1643f50bc-004（分割法求不规则几何体的体积）、ext-mat-d1643f50bc-004b（补形法求不规则几何体的体积：补成规则几何体后整体减多余部分）、ext-mat-695daa53da-004b（十字歇山顶型组合体的分割求体积）；definition 关键词：转、拆、拼,
dir_batch_003.csv#305,MATH,求体积的常用方法,COVERED,math-hj-s71-volume-methods（求体积的常用方法：公式法、等体积转换法（换底面）、割补法）、math-mo-tiji-sifang（求体积的四种常用方法）、math-hj-dengji-bianhuan-tiji（等体积变换（换底法））、ext-mat-69017870de-013（等体积法求体积与点到平面的距离）；definition 关键词：直接法、割补法、等体积法,
dir_batch_003.csv#306,MATH,证明点或线共面问题的2种方法,COVERED,ext-mat-60b9f8d06f-006（证明点线共面的方法：先确定一个平面，再证明其余的点或直线都在这个平面内）、math-hj-s73-common-plane-proof（共面、共线、共点问题的证明套路：证共面先定平面再证线（点）在内）、ext-mat-374ac5c6e3-003；definition 关键词：先由部分线或点确定一个平面再证其余的点线在内,
dir_batch_003.csv#307,MATH,证明点共线问题的2种方法,COVERED,ext-mat-60b9f8d06f-007（证明点共线的方法：先由两点确定一条直线，再证其余各点都在这条直线上）、math-hj-s73-common-plane-proof（证共线先定直线再证点在线上）；definition 关键词：两点确定一条直线、各点都在两个平面的交线上,
dir_batch_003.csv#308,MATH,证明线共点问题的常用方法,COVERED,ext-mat-60b9f8d06f-007b（证明线共点的方法：先证其中两条直线交于一点，再证其他直线都经过该点）、math-hj-s73-common-plane-proof（证共点先证两线交于一点）；definition 关键词：先证两条直线交于一点、再证其他直线经过该点,
dir_batch_003.csv#309,MATH,线面平行的定义：一条直线与一个平面无公共点(不相交)．,COVERED,ext-mat-424b55d45c-001（线面平行的定义、判定与性质）、ext-mat-5b737469ca-001b（线面平行的判定：先证线线平行（中位线或平行四边形））、math-mo-xianmian-pingxing-panding-yu-xingzhi、math-hj-xianmian-pingxing-xingzhi（线面平行时交线平行于该直线）；definition 关键词：无公共点、三角形的中位线、平行四边形的对边、成比例线段、面面平行的性质,
dir_batch_003.csv#310,MATH,利用面面平行的定义．,COVERED,math-hj-mianmian-pingxing-panding（面面平行的判定定理：面内两相交线都平行于另一面，则两面平行）、math-hj-s74-plane-plane-parallel、math-kb-plane-plane-parallel-property（面面平行的性质定理）、ext-mat-5b737469ca-002（面面平行的判定：一个平面内两条相交直线分别平行于另一平面）；definition 关键词：两条相交直线都平行于另一个平面,
dir_batch_003.csv#311,MATH,利用“线线平行”“线面平行”“面面平行”的相互转化．,COVERED,ext-mat-f2d8c5590e-001（线面平行与面面平行的判定、性质及转化：三种平行关系可以相互转化）、math-hj-san-zhong-pingxing-zhuanhua（三种平行关系的转化链）、ext-mat-374ac5c6e3-001（构成线线、线面、面面平行之间的相互转化链）、ext-mat-95f2ccd476-008；definition 关键词：线线平行、线面平行、面面平行的相互转化,
dir_batch_003.csv#312,MATH,证明线线垂直的方法,COVERED,ext-mat-dbce42af24-001b（证明线线垂直的常用方法：线面垂直性质、勾股定理逆定理、特殊图形性质到向量法）、ext-mat-c3a46f150b-002b（证明线线垂直的常用途径：等腰三角形取中点、特殊四边形的对角线、勾股定理、线面垂直的定义）、ext-mat-ab2e0e71ff-002（证明两条直线垂直的三条主要途径）、math-hj-s75-line-plane-vertical；definition 关键词：证明线线垂直的方法,
dir_batch_003.csv#313,MATH,α⊥γ，β⊥γ，α∩β＝l⇒l⊥γ.(客观题可用),COVERED,ext-mat-ab2e0e71ff-003（面面垂直的五条常用性质结论）、math-mo-mianmian-chuizhi-xingzhi-yicuo（面面垂直性质的应用与易错点）、ext-mat-49d4970b45-002b（线面垂直的三条推论）、ext-mat-374ac5c6e3-003（平行与垂直关系的四条常用结论）；definition 为两个相交平面同时垂直于第三个平面、则它们的交线也垂直于第三个平面这一常用结论,
dir_batch_003.csv#314,MATH,证明面面垂直的方法,COVERED,math-mo-mianmian-chuizhi-liangfa（证明面面垂直的两种方法：定义法证直二面角，或判定定理证一面过另一面的垂线）、ext-mat-ab2e0e71ff-002c（证明面面垂直的方法与一个转化）、ext-mat-2fc4d7ddd5-001（面面垂直的证明：先证线面垂直再找面内的直线）、math-kb-plane-plane-perp-criterion；definition 关键词：二面角为直二面角、一个平面经过另一个平面的一条垂线,
dir_batch_003.csv#315,MATH,面面垂直性质的应用,COVERED,math-mo-mianmian-chuizhi-xingzhi-yicuo（面面垂直性质的应用与易错点：面内作交线的垂线得线面垂直，线在面内是前提）、ext-mat-2fc4d7ddd5-001b（由面面垂直作棱锥的高：在一个平面内作交线的垂线）、ext-mat-ab2e0e71ff-003（面面垂直的五条常用性质结论）、ext-mat-49d4970b45-008（面面垂直推线面垂直的思路：先找交线的垂线，找不到再作辅助线）；definition 关键词：作交线的垂线、线在面内、两个相交平面同时垂直于第三个平面,
dir_batch_003.csv#316,MATH,异面直线所成角的求法,COVERED,math-mo-yimianjiao-pingyi-buxing（异面直线所成角的两种求法：平移法与补形法）、ext-mat-c3a46f150b-003b（异面直线所成角的定义与求法）、ext-mat-f6298dd0a9-001（用向量求异面直线所成角与线面角）、ext-mat-2fc4d7ddd5-007c（用中点构造平行线求异面直线所成的角）；definition 关键词：平移法、证明所作的角是异面直线所成的角、取值范围 0°＜θ≤90°、钝角取补角,
dir_batch_003.csv#317,MATH,垂线法求线面角（也称直接法）：,COVERED,math-kb-projection-method-line-plane-angle（垂线法求线面角：找斜足与垂足，斜线与射影的夹角即线面角）、math-mo-xianmianjiao-yizuo-erzheng-sanqiu（线面角的三步求法与距离法：难作射影时用 sinθ=d/l）、ext-mat-49d4970b45-009（几何法求线面角的求解步骤）、ext-mat-95e236319c-001（线面角的作法：找斜线段在平面内的射影）；definition 关键词：斜足、垂足、射影、等体积法,
dir_batch_003.csv#318,MATH,二面角的求法,COVERED,math-mo-ermianjiao-sanfa-zuopingmianjiao（二面角的作法与求法汇总：定义法、垂面法、三垂线法）、math-kb-dihedral-plane-angle-methods（作二面角平面角的常用方法）、ext-mat-d1643f50bc-009（求平面与平面夹角的三种方法）、ext-mat-c3a46f150b-003d（二面角的定义与求法）；definition 关键词：综合法求二面角,
dir_batch_003.csv#319,MATH,定义法：步骤是“一作、二证、三求”．,COVERED,ext-mat-0e56aad79f-048（几何法求空间角的定义法三步骤：一作、二证、三求）、math-mo-xianmianjiao-yizuo-erzheng-sanqiu、ext-mat-d1643f50bc-010（求二面角或平面与平面夹角的三种方法）；definition 关键词：一作、二证、三求,
dir_batch_004.csv#320,MATH,空间距离的求法,COVERED,命中节点 空间距离的求法；节点材料 math-kb-space-distance-transform（空间距离的转化策略：一找二证三求、体积法、比例法）、math-mo-kongjian-juli-sanfa（空间距离的三种求法：定义法、体积法、比例法，线面距面面距化为点面距）覆盖 definition 关键词：综合法、空间距离的策略。,
dir_batch_004.csv#321,MATH,求距离的方法：,COVERED,未命中节点；definition 三项（定义法一找二证三求、体积法转换顶点等体积变形、平面分线段比与线段对应端点到平面距离比相等）与节点 空间距离的求法 的材料 math-kb-space-distance-transform 逐条一致（找到点到平面的垂线段并证明垂直再解三角形、体积法等体积求高、平面分线段所得比等于两端点到该平面距离之比），无知识缺口，故不另立材料。,
dir_batch_004.csv#322,MATH,点面距离、线面距离、面面距离都转化为点面距离．,COVERED,命中节点 点面距离-线面距离-面面距离都转化为点面距离；节点材料 math-xianmian-daopingmian-juli-zhuanhua（直线（平面）到平面的距离都转化为点到平面的距离求解）、math-hj-pingxing-ju-chuanhua（平行线间与线面、面面距离的转化）、ext-mat-5b737469ca-002c（线面距与面面距转化为点到平面的距离）覆盖 name 的知识陈述；definition 为三道典例题干，属练习残片，不另立知识。,
dir_batch_004.csv#323,MATH,空间向量的有关概念,COVERED,命中节点 空间向量的有关概念；节点材料 ext-mat-fe0e9d84cf-001 逐项给出空间向量、相等向量、相反向量、共线（平行）向量、共面向量的定义，ext-mat-0e56aad79f-045（空间向量的概念与共面定理）、ext-mat-71a4a9cac4-002b（空间向量概念的几点提醒）亦覆盖，definition 的五项概念齐备。,
dir_batch_004.csv#324,MATH,空间向量的线性运算,COVERED,命中节点 空间向量的线性运算；节点材料 ext-mat-fe7eba91ec-001（加减法与数乘的运算法则及运算律（交换律、结合律、分配律）与平面向量完全相同，数乘的方向与零向量情形）、math-mo-kongjian-xiangliang-xianxing-guanjian（加减用三角形或平行四边形法则、数乘保持共线）覆盖 definition 的加减法、数乘与运算律；同节点 ext-mat-7c74c864c5-002b（新定义集合中的向量模）与本条无关。,
dir_batch_004.csv#325,MATH,空间向量的有关定理,COVERED,命中节点 空间向量的有关定理；节点材料 ext-mat-fe0e9d84cf-001b 与 ext-mat-71a4a9cac4-001（空间向量的三个基本定理：共线向量定理、共面向量定理与空间向量基本定理）、ext-mat-95e236319c-010（四点共面的向量条件）、ext-mat-71a4a9cac4-002（三点共线与四点共面的向量条件）覆盖 definition 的三条定理与基底。,
dir_batch_004.csv#326,MATH,空间向量的数量积及运算律,COVERED,命中节点 空间向量的数量积及运算律；节点材料 ext-mat-71a4a9cac4-001b（夹角范围、数量积定义、满足交换律与分配律及数乘结合律而不满足结合律）、ext-mat-fe7eba91ec-001b（空间向量的夹角与数量积）、math-hj-shuliangji-yunsuanlv（数量积的运算律）覆盖 definition 的夹角、数量积定义与三条运算律。,
dir_batch_004.csv#327,MATH,空间向量数量积的坐标表示及其应用,COVERED,命中节点 空间向量数量积的坐标表示及其应用；节点材料 math-kb-space-dot-product-coordinate（空间向量数量积及坐标表示：坐标式为对应分量乘积之和）、ext-mat-fe7eba91ec-003（空间向量的坐标表示与坐标运算）、ext-mat-fe0e9d84cf-002（空间向量的夹角、数量积与坐标运算）覆盖 definition 的坐标公式与应用。,
dir_batch_004.csv#328,MATH,直线的方向向量和平面的法向量,COVERED,命中节点 直线的方向向量和平面的法向量；节点材料 math-kb-direction-and-normal-vector（与直线平行（重合）的非零向量是方向向量、与平面垂直的非零向量是法向量）、ext-mat-fe0e9d84cf-002b（把线面位置关系全部转化为向量共线与垂直）、math-hj-faxiangliang-qiufa（待定系数法求平面法向量）覆盖 definition 的两项定义。,
dir_batch_004.csv#329,MATH,空间位置关系的向量表示,COVERED,命中节点 空间位置关系的向量表示；节点材料 math-kb-vector-representation-parallel-vertical（线线看方向向量、线面看方向向量与法向量、面面看两法向量）、ext-mat-d1643f50bc-003（线线平行 a∥b、线线垂直 a·b=0、线面平行 a·u=0、线面垂直 a∥u、面面平行 u∥v、面面垂直 u·v=0）、ext-mat-bdf0d92b84-005（线面平行与线面垂直的向量条件不能混用）覆盖 definition。,
dir_batch_004.csv#330,MATH,异面直线所成角,COVERED,命中节点 异面直线所成角；节点材料 ext-mat-9f4142d17c-001 同时给出定义、范围 (0，π/2] 与向量求法 cosθ=|u·v|/(|u||v|) 及其必须取绝对值的注意，覆盖 definition 的向量公式。,
dir_batch_004.csv#333,MATH,点到直线的距离,COVERED,命中节点 点到直线的距离；节点材料 math-kb-vector-point-line-distance（d=√(|AP|²−(AP·u)²)，u 为单位方向向量）、math-hj-dian-dao-zhixian-ju（向量法公式）、ext-mat-43ca698f76-001（用单位方向向量与投影向量把点到直线的距离化为该式）覆盖 definition 的投影向量表述。,
dir_batch_004.csv#334,MATH,点到平面的距离,COVERED,命中节点 点到平面的距离；节点材料 math-kb-vector-point-plane-distance（d=|AP·n|/|n|，A 为面内任意一点）、math-hj-dian-dao-pingmian-ju（向量法公式）、ext-mat-d1643f50bc-003c（点线距与点面距公式对照）覆盖 definition 的法向量投影表述与过点作垂线的过程。,
dir_batch_004.csv#335,MATH,线面距和面面距,COVERED,命中节点 线面距和面面距；其唯一材料 ext-mat-bdf0d92b84-007 第③条给出直线与平面平行时线面距转化为直线上任一点到平面的距离、两平面平行时面面距转化为一个平面内任一点到另一个平面的距离，第①条给出点面距公式 |AB·n|/|n|（即 definition 的两条距离公式），第④条给出必须先验证平行的前提，覆盖 definition 的实质。,
dir_batch_004.csv#336,MATH,利用空间向量解决探索性问题,COVERED,命中节点 利用空间向量解决探索性问题；节点材料 math-kb-vector-exploration-existence（假设点或参数存在、坐标表示后由位置或数量关系列方程、有解且符合范围则存在）、math-mo-tansuoxing-xiangliang-huagui（存在判断型先假设存在转坐标有解）、ext-mat-fe0e9d84cf-003b（先建系坐标化、再假设存在并用参数表示坐标、列方程求解后按范围检验）覆盖 definition 的两步思路。,
dir_batch_004.csv#337,MATH,利用空间向量解决最值范围问题,COVERED,命中节点 利用空间向量解决最值范围问题；节点材料 ext-mat-fe0e9d84cf-005 给出把所求量化为目标函数、变动态为静态判断临界位置、把几何体平面化三条思路，与 definition 的函数法、变动态为静态、几何体平面化三条逐条对应；math-kb-vector-extremum-range-methods（以参数表示动点建立目标函数求最值或用几何特征直观判断）亦覆盖。,
dir_batch_004.csv#338,MATH,不规则几何体建系问题,COVERED,命中节点 不规则几何体建系问题；节点材料 ext-mat-fe0e9d84cf-006（建系要让底面更多的点落在坐标轴上、利用垂直条件保证三轴两两垂直、注意对称性）、ext-mat-d1643f50bc-006（共点三垂直、线面垂直、面面垂直、菱形对角线等五种建系技巧）、ext-mat-d1643f50bc-006b（无共点三垂直时先证面面垂直再建系）覆盖 definition 的三条参考原则与建系前须确定垂直条件的注意。,
dir_batch_004.csv#339,MATH,空间向量新定义问题,COVERED,命中节点 空间向量新定义问题；节点材料 ext-mat-fe0e9d84cf-006b（先读懂新定义的条件并与已学向量知识对应，再按定义算并回到定义检验）、math-mo-xindingyi-xiangliang-silu（先吃透定义再借特例找共性上升到一般）、ext-mat-7c74c864c5-005（读懂新定义的比值含义并把角的正切用坐标表示）覆盖 definition 的深入理解新元素并与已知立体几何知识结合的思路。,
dir_batch_004.csv#340,MATH,忽视零向量,COVERED,命中节点 忽视零向量；节点材料 ext-mat-fe0e9d84cf-007（忽视零向量致错：零向量与任意向量共线且方向不确定，涉及平行、共线的判断都要单独考虑它）、ext-mat-3c2623876b-008（零向量在概念题中的特殊性）、math-hj-teshu-xiangliang（零向量长度为 0、方向任意）覆盖 definition 的辨析结论；definition 中的多选典例为题干残片，知识已由上述材料覆盖。,
dir_batch_004.csv#341,MATH,错判数量积的符号与夹角关系,COVERED,命中节点 错判数量积的符号与夹角关系；节点材料 ext-mat-fe0e9d84cf-007b（数量积为正只说明夹角为锐角或两向量同向、为负说明钝角或反向、共线情形不能漏）、math-kb-dot-product-sign-angle-relation（锐角等价于数量积为正且不共线）、math-fx-shuliangji-fuhao-jiabian（判锐角钝角必须补充排除同向与反向共线）覆盖 definition 未考虑共线情况的辨析。,
dir_batch_004.csv#343,MATH,由线、面关系误解向量关系,COVERED,命中节点 由线-面关系误解向量关系；节点材料 ext-mat-fe0e9d84cf-008b（线面关系与向量关系的对应易错：方向向量与法向量之间的关系容易记反，线面平行对应数量积为零、线面垂直对应共线）覆盖 definition 的辨析，ext-mat-fe0e9d84cf-008c（异面直线夹角与向量夹角的范围差异）覆盖夹角范围的辨析。,
dir_batch_004.csv#344,MATH,忽视异面直线的夹角与向量的夹角范围不同,COVERED,命中节点 忽视异面直线的夹角与向量的夹角范围不同；节点材料 math-kb-angle-vs-vector-angle-range-note（向量夹角 [0，π]、异面直线所成角 (0°，90°]、线面角 [0°，90°]、二面角 [0°，180°] 的范围差异）、ext-mat-fe0e9d84cf-008c（异面直线夹角不超过九十度而向量夹角可到一百八十度、求角要取绝对值）覆盖 definition 的范围辨析。,
dir_batch_004.csv#345,MATH,线面角与向量夹角转化不清等问题,COVERED,命中节点 线面角与向量夹角转化不清等问题；节点材料 ext-mat-fe0e9d84cf-009（线面角与向量夹角转化不清：线面角的正弦等于方向向量与法向量夹角余弦的绝对值，不能把向量夹角当线面角）、math-xianmianjiao-xiangliangfa-gongshi（sinθ=|cosφ|=|a·u|/(|a||u|)）覆盖 definition 的两处易错。,
dir_batch_004.csv#346,MATH,二面角概念模糊,COVERED,命中节点 二面角概念模糊；节点材料 ext-mat-fe0e9d84cf-009b（两个法向量的夹角可能等于二面角也可能等于它的补角，必须结合图形判断，二面角范围是 0° 到 180°）、ext-mat-a05a4f5163-007（二面角是从一条直线出发的两个半平面组成的图形，平面角须在棱上任取一点并在两半平面内作垂直于棱的射线）覆盖 definition 的辨析。,
dir_batch_004.csv#347,MATH,动点问题没有取舍,COVERED,命中节点 动点问题没有取舍；节点材料 ext-mat-fe0e9d84cf-009c（立体几何动点问题常有多个解，必须根据点的位置范围与题意取舍）、ext-mat-88b0dbcf63-013（建系设点求方程后按题设范围取舍）覆盖 definition 的计算结果须取舍的辨析。,
dir_batch_004.csv#348,MATH,用基向量表示指定向量的方法,COVERED,命中节点 用基向量表示指定向量的方法；节点材料 math-mo-jixiangliang-biaoshi-sanbu（观察图形→转移到三角形（平行四边形）→用法则逐步分解表示）、ext-mat-fe0e9d84cf-010（用基向量表示指定向量的方法：结合图形把目标向量与已知向量转化到同一三角形或平行四边形再用基底线性表示）、math-fx-jidi-biaoshi-cuozuo（从目标向量出发沿封闭回路逐段分解到基底）覆盖 definition 的三步方法。,
dir_batch_004.csv#349,MATH,三点共线和空间四点共面的方法比较,COVERED,命中节点 三点共线和空间四点共面的方法比较；节点材料 ext-mat-fe7eba91ec-003b（三点共线要求两个系数之和为一、四点共面要求三个系数之和为一）、math-mo-gongmian-gongxian-gongdian-zhengming（共面先定基准面、共线先定直线、共点先证两线交点再证他线过该点）、ext-mat-7d4877601e-002（点在直线上的充要条件是用一组基底表示时系数之和为 1）覆盖 definition 的两类判定与几何判定对照。,
dir_batch_004.csv#350,MATH,解决垂直问题：利用，可将垂直问题转化为向量数量积的计算问题。,COVERED,未命中节点；name 的知识陈述（利用数量积为零把垂直问题转化为向量数量积的计算）由节点 利用空间向量证明垂直的方法 的材料 math-mo-kongjian-xianxian-chuizhi-shuliangji（方向向量数量积为零即两直线垂直）与 ext-mat-95e236319c-004（用数量积是否为零判断空间两向量垂直）覆盖；definition 为多选典例题干，属练习残片，不另立知识。,
dir_batch_004.csv#351,MATH,利用空间向量证明垂直的方法,COVERED,命中节点 利用空间向量证明垂直的方法；节点材料 math-mo-kongjian-xianxian-chuizhi-shuliangji（方向向量数量积为零即线线垂直）、math-mo-kongjian-xianmian-chuizhi-faxiangliang（直线方向向量与平面法向量共线即线面垂直）、math-mo-kongjian-mianmian-chuizhi-faxiangliang、ext-mat-4e584eda68-002（线线线面面面垂直的向量表示与坐标法证明步骤）覆盖 definition 的两条证明途径。,
dir_batch_004.csv#352,MATH,用向量法求异面直线所成角的一般步骤,COVERED,命中节点 用向量法求异面直线所成角的一般步骤；节点材料 math-mo-yimianjiao-zuobiao-sibu（建系→写方向向量→用夹角公式→取绝对值，范围 (0，π/2]）、math-yimianzhixian-suochnengjiao-fanwei（范围 (0，π/2]）、ext-mat-fe0e9d84cf-012（建系取方向向量、求夹角余弦、取绝对值）覆盖 definition 的四个步骤。,
dir_batch_004.csv#353,MATH,用向量法求解直线与平面所成角的方法,COVERED,命中节点 用向量法求解直线与平面所成角的方法；节点材料 math-xianmianjiao-xiangliangfa-gongshi、ext-mat-fe0e9d84cf-013、ext-mat-4e584eda68-002c 覆盖 definition 的 sinφ=|cos<方向向量，法向量>| 与范围，ext-mat-6b581c0987-011 与 ext-mat-d1643f50bc-008b 覆盖线面角最值化为一元函数后用基本不等式。,
dir_batch_004.csv#354,MATH,利用向量法解二面角问题的策略,COVERED,命中节点 利用向量法解二面角问题的策略；节点材料 ext-mat-fe0e9d84cf-013b（可用两半平面的法向量求二面角，也可在两半平面内取与棱垂直的向量直接定角）、math-mo-ermianjiao-faxiangliang-jinchu-panding（一进一出取夹角、同进同出取补角）、ext-mat-5b737469ca-003（先求两个半平面的法向量再由法向量夹角求二面角）覆盖 definition 的两条策略。,
dir_batch_004.csv#355,MATH,利用空间向量求空间距离,COVERED,命中节点 利用空间向量求空间距离；节点材料 math-mo-dianxianju-touying-gongshi（点线距等于定点指向线外一点的向量在垂线方向上的长度）、math-mo-dianmianju-faxiangliang-gongshi（点面距由法向量投影求得、线面距与面面距均化归为点面距）、ext-mat-fe0e9d84cf-003（用投影向量求点线距、用法向量与斜线段的数量积求点面距）覆盖 definition。,
dir_batch_004.csv#356,MATH,函数y＝f(x)在x＝x0处的导数定义,COVERED,命中节点 函数y-f-x-在x-x0处的导数定义；节点材料 ext-mat-5490f0dd29-002（函数在一点处导数的极限定义与用定义求导三步）、ext-mat-510c066544-003（导数是平均变化率在某点处的极限即瞬时变化率）、ext-mat-510c066544-002（平均变化率的几何意义与瞬时变化率）覆盖 definition 的瞬时变化率极限式与记号。,
dir_batch_004.csv#357,MATH,导数的几何意义,COVERED,命中节点 导数的几何意义；节点材料 math-kb-derivative-geometric-meaning（f′(x₀) 是曲线在点 (x₀，f(x₀)) 处切线的斜率）、math-hj-s31-derivative-geo（切线方程为 y−f(x₀)=f′(x₀)(x−x₀)）、ext-mat-338167e90a-001（几何意义与在点处、过点处两类切线方程）覆盖 definition 的几何意义与切线方程。,
dir_batch_004.csv#358,MATH,导数的运算法则,COVERED,命中节点 导数的运算法则；节点材料 math-kb-derivative-sum-difference-rule（和差法则 [f±g]′=f′±g′）、math-kb-derivative-product-rule（乘法法则 [f·g]′=f′g+fg′）、math-kb-derivative-quotient-rule（除法法则 (f/g)′=(f′g−fg′)/g²）逐条覆盖 definition 的三条法则。,
dir_batch_004.csv#359,MATH,复合函数的导数,COVERED,命中节点 复合函数的导数；节点材料 math-kb-chain-rule-composite-derivative（y 对 x 的导数等于 y 对中间变量 u 的导数乘 u 对 x 的导数）、math-hj-fuhhe-hanshu-lianshifaze（由外向内逐层求导）、ext-mat-d9314bc502-001c（通过中间变量把两个函数复合起来并给出求导法则）覆盖 definition 的复合函数概念与链式法则。,
dir_batch_004.csv#360,MATH,导数与函数的单调性的关系,COVERED,命中节点 导数与函数的单调性的关系；节点材料 math-kb-derivative-monotonic-relation（区间内 f′(x)>0 则递增、f′(x)<0 则递减）、ext-mat-338167e90a-002（f′(x)>0 是单调递增的充分不必要条件、f′(x)≥0 是必要不充分条件）、math-mo-dandiaozeng-fdaoyu-0（递增的充要条件是 f′≥0 且不恒为 0）覆盖 definition 的结论与两条注意。,
dir_batch_004.csv#361,MATH,导数法求函数单调区间的步骤,COVERED,命中节点 导数法求函数单调区间的步骤；节点材料 math-kb-derivative-monotonic-interval-steps（定定义域、求 f′ 并因式分解、解 f′>0 与 f′<0）、ext-mat-04db4c6b00-001（求定义域、求导数、解不等式并写出单调区间的规范流程）、ext-mat-555709725e-001b（用根把定义域分段列表判号）覆盖 definition 的四步。,
dir_batch_004.csv#362,MATH,函数的极值,COVERED,命中节点 函数的极值；节点材料 ext-mat-016b8d47a6-001（若 f(a) 比 a 附近其他点的函数值都小且导数左负右正则 a 为极小值点）、ext-mat-2bfbc0ed26-001（极小值与极大值的定义及两侧符号特征）、ext-mat-91df0e1322-001（导数在极值点两侧变号、极值是局部概念）覆盖 definition 的极小值与极大值定义。,
dir_batch_004.csv#363,MATH,函数的最值,COVERED,命中节点 函数的最值；节点材料 ext-mat-91df0e1322-002（闭区间上连续函数必有最值、比较极值与端点函数值）、ext-mat-458a40362b-001b（按函数形态选用单调性法求最值）、math-kb-closed-interval-max-min-method 覆盖 definition 的两条结论。,
dir_batch_004.csv#364,MATH,函数极值与最值的关系,COVERED,命中节点 函数极值与最值的关系；节点材料 math-hj-weiyi-jixiaozhi-ji-zuizhi（开区间内唯一极值点即最值点、闭区间最值点若非端点则为极值点）、math-hj-jixiaozhi-buding-shi-zuizhi（极值是局部概念、最值是整体概念）、math-hj-s35-extreme-vs-extreme、ext-mat-af8a4b6d78-002 覆盖 definition 的整体概念与唯一极值结论。,
dir_batch_004.csv#365,MATH,过定点的多切线问题,COVERED,命中节点 过定点的多切线问题；节点材料 math-multi-tangent-four-step-method（设切点→求斜率→写切线方程→条件代入讨论解的个数）、math-kb-multi-tangent-lines-condition（切线条数即该方程实根个数）、ext-mat-338167e90a-003c（把已知点代入后整理成关于切点横坐标的方程，有几条切线就是方程有几个根）覆盖 definition 的设切点到数根的流程。,
dir_batch_004.csv#366,MATH,含参函数的单调性讨论,COVERED,命中节点 含参函数的单调性讨论；节点材料 ext-mat-b8191f82ad-003（按导函数零点有无、零点是否落在定义域内、多个零点之间的大小关系依次展开讨论）与 definition 的三条分类点逐条对应；math-mo-hancan-dandiao-fenlei、math-hj-s32-param-mono 亦覆盖。,
dir_batch_004.csv#367,MATH,单变量不等式恒成立问题,COVERED,命中节点 单变量不等式恒成立问题；节点材料 ext-mat-338167e90a-002c（恒成立与能成立问题的四种转化：a≥f(x) 恒成立取 f 的最大值、a≤f(x) 恒成立取最小值、能成立分别取另一侧最值）、ext-mat-f51188487d-001b（构造函数分类讨论、部分分离化为切线、完全分离求最值、换元分离）覆盖 definition 的参变分离四原则。,
dir_batch_004.csv#368,MATH,双变量不等式恒成立问题,COVERED,命中节点 双变量不等式恒成立问题；节点材料 math-hj-shuangbiangliang-hengchengli（双变量恒（能）成立的四种转化）、math-kb-dual-variable-quantifier-value-range（任意、存在型双变量命题脱去量词后转化为两函数值域（最值）关系）、math-always-true-two-function-extremum（同变量比差值最值、双变量看 f 的最小值与 g 的最大值）覆盖 definition 的四种量词组合。,
dir_batch_004.csv#369,MATH,导数与函数零点问题,COVERED,命中节点 导数与函数零点问题；节点材料 ext-mat-338167e90a-007（数形结合法求单调区间与极值后作图象由交点个数判断零点、分类讨论法逐段用端点符号与极值符号判断）、ext-mat-463094f8d7-002（根据零点个数求参数可用分离参数、零点存在性定理或分类讨论）、ext-mat-32f1fd8cf0-001 覆盖 definition 的图象法与零点存在定理两条主线。,
dir_batch_004.csv#370,MATH,函数的隐零点问题,COVERED,命中节点 函数的隐零点问题；节点材料 math-kb-hidden-zero-method（先证零点存在并设为 x0，用 f′(x0)=0 整体代换化简）、ext-mat-cc3f0ac3c8-023（含指数取 0 与 1、含对数取 1 与 e 的取点经验）、ext-mat-142727db6b-002（虚设零点与含参零点的处理）覆盖 definition 的特值试探与虚设代换两法。,
dir_batch_004.csv#371,MATH,极值点偏移问题,COVERED,命中节点 极值点偏移问题；节点材料 math-kb-extreme-point-shift-method（将 x1+x2 型双变量不等式对称化后构造对称差函数用单调性证明）、math-fx-jzhidian-pianyi-duicheng-he（构造 F(x)=f(x)−f(2x0−x)）、ext-mat-756b0344d1-001c（差值换元与比值换元化为单变量）覆盖 definition 的对称构造函数与化双变量为单变量的思路。,
dir_batch_004.csv#372,MATH,复合函数求导“漏层”或“错层”致错,COVERED,命中节点 复合函数求导-漏层-或-错层-致错；节点材料 ext-mat-67879b3ebb-005b（求导前先归类、化简优先，重点规避商法则符号与复合漏层两类错误）、math-mo-daoshu-gongshi-sizer-yunyong（复合函数由外向内逐层求导）覆盖 definition 的漏层致错与按链式法则分层书写。,
dir_batch_004.csv#373,MATH,误解“导数为0”与“有极值”的关系致错,COVERED,命中节点 误解-导数为0-与-有极值-的关系致错；节点材料 math-kb-zero-derivative-not-enough-extremum（导数为 0 是极值的必要不充分条件）、ext-mat-e036722bc5-003（可导函数取极值当且仅当该点是导函数的变号零点）、ext-mat-ddd80a0edf-001（须检验两侧变号）、ext-mat-a75d38e115-002b（由 f′(x0)=0 反求参数后必须检验）覆盖 definition 的辨析；definition 末尾另起一节的导数符号与单调性辨析由节点 导数与函数的单调性的关系 的材料 ext-mat-338167e90a-002 覆盖，不属本条。,
dir_batch_004.csv#374,MATH,对导数正负与函数图象升降关系理解不准确致错,COVERED,命中节点 对导数正负与函数图象升降关系理解不准确致错；节点材料 math-hj-s32-derivative-graph-judge（原函数与导函数图象的互判依据：f 增则 f′ 图象在 x 轴上方，由 f′ 的正负反推 f 的升降）、math-hj-daoshu-tuxiang-bianhualiang（f′(x) 的正负反映增减方向、绝对值越大图象越陡）、math-hj-s75-graph-derivative-sign 覆盖 definition 的导函数零点对应极值点与正负对应升降两条关键。,
dir_batch_004.csv#375,MATH,导数定义在极限中的计算,COVERED,命中节点 导数定义在极限中的计算；节点材料 math-mo-daoshu-dingyi-jixian-bianxing（利用导数定义把各类差商极限统一凑成 f′(x0) 的标准形式）、math-kb-derivative-definition-limit（f′(x₀) 是平均变化率当 Δx→0 时的极限）、ext-mat-510c066544-005（定义直接应用、变形匹配与分段函数可导性判断）覆盖 definition 的瞬时变化率变形形式。,
dir_batch_004.csv#376,MATH,曲线“在”某点处的切线问题,COVERED,命中节点 曲线-在-某点处的切线问题；节点材料 math-kb-tangent-at-point-steps（切点已知、斜率即该点导数、用点斜式写方程）、ext-mat-62744ff0cf-001（求导、代横坐标求斜率、点斜式写方程三步）、ext-mat-d9314bc502-001（最后化为一般式）覆盖 definition 的求斜率、写方程、变形式三步。,
dir_batch_004.csv#377,MATH,曲线“过”某点的切线问题,COVERED,命中节点 曲线-过-某点的切线问题；节点材料 math-fx-qiexian-guo-moudian（设切点写切线方程后把已知点代入解 x0，可能有多个解）、math-kb-tangent-through-point-steps（切点未知，设切点后由切线过已知点求切点）、ext-mat-91e0c2ace8-022 覆盖 definition 的设切点四步。,
dir_batch_004.csv#378,MATH,两曲线的公切线问题,COVERED,命中节点 两曲线的公切线问题；节点材料 math-kb-common-tangent-two-curves（分别设两切点，由斜率相等且切线重合列方程组求解）、math-common-tangent-four-step-method（设两切点→求斜率→写切线方程→联立消元）、ext-mat-62744ff0cf-002b（斜率相等且截距相同）覆盖 definition 的两种解法。,
dir_batch_004.csv#379,MATH,已知函数单调性求参数,COVERED,命中节点 已知函数单调性求参数；节点材料 ext-mat-b8191f82ad-002b（把在区间上单调、存在单调区间、在区间内单调、不单调分别翻译成恒成立、能成立与变号零点条件）、math-hj-s33-mono-param-range（在区间上单调等价于 f′≥0 在该区间恒成立）、ext-mat-5d36002ff1-003 覆盖 definition 的四种情形。,
dir_batch_004.csv#380,MATH,导数构造法解函数不等式,COVERED,命中节点 导数构造法解函数不等式；节点材料 math-mo-daoshu-gouzao-duizhao（出现 f 与 f′ 的加、减、乘混合关系式时按对照表构造可导函数）、math-inverse-construct-plus-lambda-exp 与 math-inverse-construct-minus-lambda-exp（f′+λf 型配 e^{λx}、f′−λf 型配 1/e^{λx}）、ext-mat-338167e90a-005b（十二种常见构造方向）覆盖 definition 的加型与减型构造。,
dir_batch_004.csv#381,MATH,利用导数求函数极值的方法步骤,COVERED,命中节点 利用导数求函数极值的方法步骤；节点材料 math-kb-extremum-sign-change-criterion（f′(x0)=0 且左正右负为极大值、左负右正为极小值）、math-hj-s34-extreme-steps（定义域、求导、解方程、判断两侧符号、下结论）、ext-mat-016b8d47a6-001c（左右符号不变则不是极值点）覆盖 definition 的三步。,
dir_batch_004.csv#382,MATH,已知函数的极值求参数,COVERED,命中节点 已知函数的极值求参数；节点材料 ext-mat-395579b2b1-008（有两个极值点转化为二次方程有两个不等正根，用判别式与韦达定理列不等式组）、ext-mat-395579b2b1-005b（存在极值点等价于导函数的分子对应的方程在定义域内有变号零点）、math-hj-s34-extreme-param（由极值点导数为 0 与极值等于给定值列方程组求参并验证）覆盖 definition 的分类讨论、参变分离与转化为两函数交点三类思路。,
dir_batch_004.csv#383,MATH,利用导数研究函数的最值,COVERED,命中节点 利用导数研究函数的最值；节点材料 ext-mat-016b8d47a6-001b（先求区间内的极值再与端点处函数值比较）、math-derivative-closed-interval-max-min-endpoints（闭区间连续函数最值只能在极值点和区间端点处取得）、ext-mat-da04441fbe-006c（唯一极值点可直接作为最值点，对应实际问题中驻点唯一）覆盖 definition 的三步。,
dir_batch_004.csv#384,MATH,函数的相关概念,COVERED,命中节点 函数的相关概念；节点材料 ext-mat-0e56aad79f-020（函数是集合 A 到 B 的对应关系，三要素为定义域、对应法则、值域，三要素全同才是同一函数）覆盖 definition 的函数定义（非空数集、任一 x 有唯一确定的 y 对应、记作 y=f(x)）。,
dir_batch_004.csv#385,MATH,函数的三要素,COVERED,命中节点 函数的三要素；节点材料 ext-mat-80fe6c0ef5-001（函数由定义域、值域、对应关系三要素确定，常用解析法、图象法、列表法表示）、ext-mat-b1aceeb4bf-001b（定义域与对应关系相同即为同一函数、值域随之确定）、ext-mat-06e0e5a3ca-001 覆盖 definition 的自变量、定义域、函数值、值域与对应关系。,
dir_batch_004.csv#386,MATH,相等函数与分段函数,COVERED,命中节点 相等函数与分段函数；节点材料 ext-mat-fe6ff7f738-001b（判断两个函数相等的依据以及分段函数的定义域、值域与整体性）、ext-mat-a3a3c441ca-002（分段函数是一个函数，定义域与值域分别是各段定义域与值域的并集）、ext-mat-1e342fdc44-005 覆盖 definition 的两项。,
dir_batch_004.csv#387,MATH,单调函数的定义,COVERED,命中节点 单调函数的定义；节点材料 ext-mat-4539cc008d-002（在区间 D 上任意 x1<x2 都有 f(x1)<f(x2) 则为增函数，反之递减）、ext-mat-a05f76839f-002（增函数、减函数与单调区间：函数值随自变量增大而增大则递增）覆盖 definition 的定义与图形上升下降趋势。,
dir_batch_004.csv#389,MATH,函数单调性的性质,COVERED,命中节点 函数单调性的性质；节点材料 ext-mat-fe6ff7f738-002b（单调函数经加常数、取相反数、乘常数、开方、取倒数、和差运算与复合后的单调性规律）、math-kb-monotonic-operation-properties（同区间上 f+C 与 f 同调、−f 与 f 反调、增+增为增、增−减为增）、ext-mat-f8bd467420-002（增增得增、减减得减与复合函数同增异减）覆盖 definition 的七条性质与同增异减。,
dir_batch_004.csv#390,MATH,函数奇偶性的几个重要结论,COVERED,命中节点 函数奇偶性的几个重要结论；节点材料 ext-mat-fe6ff7f738-003（奇偶函数的图象特征、单调性与最值的对称规律等重要结论）、ext-mat-1dfeba7180-001（奇函数在原点有定义则 f(0)=0、f(x)+c 型最值之和为 2c、对称区间单调性规律）、ext-mat-6f58320218-001 覆盖 definition 的五条结论。,
dir_batch_004.csv#391,MATH,周期函数的定义,COVERED,命中节点 周期函数的定义；节点材料 math-kb-periodic-function-definition（存在非零常数 T 使 f(x+T)=f(x) 对定义域内任意 x 成立，则 T 是一个周期）、ext-mat-fe6ff7f738-003b（周期函数的定义、最小正周期的含义与理解要点）、math-hj-s24-period-def 覆盖 definition 的周期与最小正周期。,
dir_batch_004.csv#392,MATH,关于线对称,COVERED,命中节点 关于线对称；节点材料 math-axis-symmetry-equivalence（f(a+x)=f(b−x) 等价于图象关于直线 x=(a+b)/2 对称）、ext-mat-fe6ff7f738-003c（由函数满足的等式判断图象的对称轴以及偶函数这一特殊情形）、ext-mat-91e0c2ace8-011b 覆盖 definition 的对称轴结论与 a=b=0 时为偶函数。,
dir_batch_004.csv#393,MATH,关于点对称,COVERED,命中节点 关于点对称；节点材料 math-point-symmetry-equivalence（f(a+x)+f(b−x)=2c 等价于图象关于点 ((a+b)/2，c) 对称）、ext-mat-fe6ff7f738-003d（由函数满足的等式判断图象的对称中心以及奇函数这一特殊情形）、ext-mat-91e0c2ace8-012 覆盖 definition 的对称中心结论与 a=b=0 时为奇函数。,
dir_batch_004.csv#394,MATH,函数值域的求法,COVERED,命中节点 函数值域的求法；节点材料 math-kb-function-range-methods（按函数结构选择单调性、图象、配方、换元、分离常数、判别式、导数等方法）、ext-mat-a3a3c441ca-003（单调函数由定义域结合区间端点定最值即得值域）覆盖 definition 的单调性法。,
dir_batch_004.csv#395,MATH,配方法：主要用于二次函数或可化为二次函数的函数，要特别注意自变量的取值范围．,COVERED,未命中节点；definition 的换元法（把关于 x 的部分表达式视为整体并用新元 t 代替）与分离常数法（含一次的分式函数求值域）由节点 函数值域的求法 的材料 ext-mat-a3a3c441ca-003（求函数值域的四种方法：单调性、图象、配方、换元）、ext-mat-a3a3c441ca-004（求函数值域的三种方法：分离常数、判别式、导数）与 math-kb-function-range-methods 覆盖；name 中的配方法及其自变量取值范围注意亦在同一批材料中，无知识缺口。,
dir_batch_004.csv#396,MATH,判别式法：主要用于含有二次的分式函数，形如：,COVERED,命中节点 判别式法-主要用于含有二次的分式函数-形如；节点材料 ext-mat-91e0c2ace8-009（判别式法求分式函数值域：整理成关于 x 的整式方程、以 y 为参数由 Δ≥0 求 y 的范围）、math-mo-wanneng-k-fa（问谁设谁、代入整理为一元二次方程、用判别式非负定最值）、math-fx-hanci-fangcheng-gen-fenbu 覆盖 definition 的判别式法；definition 末尾单列的导数法（第 7 条）属相邻知识点，由节点 函数值域的求法 的材料 math-kb-function-range-methods 覆盖。,
dir_batch_004.csv#398,MATH,函数的奇偶性、周期性、对称性关系,COVERED,命中节点 函数的奇偶性-周期性-对称性关系；节点材料 math-kb-parity-symmetry-period-triangle（奇偶性、对称性、周期性三者中任意两个可推出第三个）、math-hj-s24-sym-period（两条对称轴距离 2|a−b| 为周期、两对称中心同样、一轴一心为 4|a−b|）、ext-mat-80fe6c0ef5-007（对称性与周期性的三条关系结论）覆盖 definition 的互推关系。,
dir_batch_004.csv#399,MATH,抽象函数的性质综合,COVERED,命中节点 抽象函数的性质综合；节点材料 math-abstract-function-assignment-special-values（对抽象函数方程令变量取 0、±1、±2 等特殊值求得特殊点的函数值或导出关系式）、math-kb-abstract-function-assignment（令 x 取特殊值或拼凑变形求抽象函数值并判断单调性、奇偶性）、math-hj-fuzhi-fa-chouxiang 覆盖 definition 的赋值法求值。,
dir_batch_005.csv#400,MATH,判断抽象函数单调性的方法：,COVERED,命中节点 判断抽象函数单调性的方法；其材料 math-fx-chouxiang-hanshu-danyao-panding（抽象函数单调性的判定与证明：凑与赋值）与 ext-mat-909f918e9c-003（按和型、积型两类结构变形）已覆盖 definition 的凑、赋值与和型/积型判断符号三项。,
dir_batch_005.csv#401,MATH,复合函数定义域忽略内层值域与外层定义域关系致错,COVERED,命中节点 复合函数定义域忽略内层值域与外层定义域关系致错；其材料 math-kb-composite-function-domain-rule（外层定义域限制内层取值、由 f(g(x)) 定义域求 f(x) 定义域即求内层值域）与 ext-mat-1e342fdc44-009b（复合函数定义域的四个易错点）覆盖 definition 的外层定义域即内层值域与求复合函数定义域类型。,
dir_batch_005.csv#402,MATH,已知的定义域为，求的定义域，其实质是的取值范围为，求的取值范围；,COVERED,mech=unmatched；definition 讲已知内层定义域求外层定义域须先求内层值域；既有节点 函数的定义域 的材料 ext-mat-b1aceeb4bf-003 与 ext-mat-6056c4f67d-001（同一 f 括号内整体范围相同、可在两个方向互相转移）以及节点 函数定义域的常见类型 的 math-fx-chouxiang-dingyu-zhuanyi（由 g(x) 的值域定 f 的定义域）已覆盖该实质。,
dir_batch_005.csv#404,MATH,忽略二次型式子最高次系数为0致错,COVERED,命中节点 忽略二次型式子最高次系数为0致错；其 2 条材料 math-param-quadratic-leading-coefficient-zero-and-sign 与 math-mo-hancan-erci-xishuling 覆盖 definition 的系数为 0 退化为一次、含参须先分类讨论两项。,
dir_batch_005.csv#405,MATH,判断函数奇偶性时忽略定义域致错,COVERED,命中节点 判断函数奇偶性时忽略定义域致错；材料 math-parity-domain-symmetric-precondition、math-kb-parity-domain-symmetric-precondition、math-parity-definition-equivalence 覆盖 definition 的定义域关于原点对称的必要条件与 f(-x)=±f(x) 的奇偶判断。,
dir_batch_005.csv#406,MATH,利用单调性解不等式时忽略定义域致错,COVERED,命中节点 利用单调性解不等式时忽略定义域致错；材料 ext-mat-91e0c2ace8-010（解函数不等式勿漏定义域）、math-mono-parity-combined-inequality-steps、math-fx-chouxiang-hanshu-budengshi-qioucan 覆盖 definition 的抽象不等式须在定义域内借单调性与奇偶性求解。,
dir_batch_005.csv#407,MATH,研究分段函数单调性时忽略分段点致错,COVERED,命中节点 研究分段函数单调性时忽略分段点致错；材料 math-piecewise-monotonic-param-steps、ext-mat-a05f76839f-007、ext-mat-395579b2b1-007b 覆盖每段单调与分段点两端取值衔接两个条件。,
dir_batch_005.csv#408,MATH,函数定义域的常见类型,COVERED,命中节点 函数定义域的常见类型；材料 math-kb-function-domain-rules（分母不为零、偶次根被开方数非负、零次幂底数不为零、多限制取交集）与 math-hj-s21-domain-rules、ext-mat-0d2e1dffea-002b 覆盖 definition 的定义域含义与常见限制类型。,
dir_batch_005.csv#409,MATH,偶次方根的被开方数的被开方数必须大于等于零，即中,COVERED,mech=unmatched；name 与 definition 为公式被剥离的填空句（即中），其知识为根式性质：偶次方根被开方数非负、奇次方根被开方数取全体实数；节点 根式与分数指数幂 的材料 ext-mat-d1d20c6767-001（偶次方根的限制）与 math-hj-s27-radical-power（n 为奇数时 n 次根号下 a 的 n 次方等于 a）已覆盖。,
dir_batch_005.csv#410,MATH,零次幂的底数不能为零，即中．,COVERED,mech=unmatched；definition 的实质为定义域取交集与零次幂底数不为零，已由 math-kb-function-domain-rules（零次幂底数不为零、四则运算复合取各部分交集）与 math-fx-juti-hanshu-dingyu-yuanze、math-hj-s21-domain-rules 覆盖；区间表示的书写规范属细节提示。,
dir_batch_005.csv#411,MATH,待定系数法：若已知函数的类型（如一次函数、二次函数等），可用待定系数法．,COVERED,mech=unmatched；包内已有真实节点 待定系数法-若已知函数的类型-如一次函数-二次函数等-可用待定系数法（其 boundary 即 definition 的三步），该节点材料 ext-mat-b1aceeb4bf-005 覆盖设式、列方程、解出待定系数的三步。,
dir_batch_005.csv#412,MATH,换元法：主要用于解决已知的解析式，求函数的解析式的问题．,COVERED,mech=unmatched；包内已有真实节点 换元法-主要用于解决已知的解析式-求函数的解析式的问题，其材料 ext-mat-b1aceeb4bf-006（设 t=g(x) 反解 x 代入、新元范围即 f(x) 的定义域）覆盖 definition 的令元、反解、代换求得解析式三步。,
dir_batch_005.csv#413,MATH,方程组法：主要解决已知与、、……的方程，求解析式．,COVERED,mech=unmatched；包内已有真实节点 方程组法-主要解决已知与-的方程-求解析式（boundary 与 definition 同源），其材料 ext-mat-b1aceeb4bf-006b（同时出现 f(x) 与 f(-x) 或 f(x) 与 f(1/x) 时替换自变量构造第二个等式并联立消元）已覆盖。,
dir_batch_005.csv#414,MATH,分段函数的常见类型及解法,COVERED,命中节点 分段函数的常见类型及解法；材料 math-fx-fenduan-hanshu-qiuzhi（求值与不等式处理）、ext-mat-059f522234-003（定义域值域与处理策略）、ext-mat-2644a8a0de-002c（分段函数的定义与三类注意点）与 ext-mat-bfbe65aad7-001d（按段分类讨论后再合并）覆盖 definition 的求值、解方程（不等式）、值域与分段处理主线。,
dir_batch_005.csv#415,MATH,比较函数值的大小：先将自变量转化到同一个单调区间内，然后利用函数的单调性解决．,COVERED,mech=unmatched；definition 的利用单调性比较大小与脱去 f 解不等式两项，已由 math-hj-s22-mono-inequality（利用单调性比较大小与解不等式）与 math-hj-s33-mono-ineq-solve 覆盖。,
dir_batch_005.csv#416,MATH,利用函数的单调性求参数,COVERED,命中节点 利用函数的单调性求参数；材料 math-monotonicity-param-construction、math-mo-dandiao-qiucan-sanchong、ext-mat-80fe6c0ef5-005b 覆盖 definition 的视参数为已知数、由已知单调区间比较求参数，子区间单调为附带提示。,
dir_batch_005.csv#417,MATH,利用奇偶性求值：将待求函数值或不等式利用奇偶性转化为已知区间上的函数值求解．,COVERED,mech=unmatched；包内已有真实节点 利用奇偶性求值-将待求函数值或不等式利用奇偶性转化为已知区间上的函数值求解（boundary 含 definition 的求值、求参数、两奇偶函数和差构方程组三项），其材料 math-hj-s23-parity-param 与 math-mo-qiou-yingyong-sanyong（奇偶性用于转移区间求值、补全解析式、待定系数求参数）已覆盖。,
dir_batch_005.csv#418,MATH,根式与分数指数幂,COVERED,命中节点 根式与分数指数幂；材料 math-hj-s27-radical-power、ext-mat-d1d20c6767-001、ext-mat-7c011eb70c-001c 覆盖 definition 的根式定义、根式性质与分数指数幂表示及 0 的正负分数指数幂规定。,
dir_batch_005.csv#419,MATH,指数幂的运算性质,COVERED,命中节点 指数幂的运算性质；材料 math-hj-s27-power-ops、ext-mat-865d6c3591-001、ext-mat-d1d20c6767-001b、ext-mat-7c011eb70c-002（实数指数幂的三条性质、底数大于零）覆盖 definition 的三条运算性质与有理指数幂性质的推广。,
dir_batch_005.csv#420,MATH,对数与对数运算,COVERED,命中节点 对数与对数运算；材料 ext-mat-9d8541e663-002（对数的概念、运算性质与换底公式）、ext-mat-87ba12edb6-001b、ext-mat-9de469e066-002 覆盖 definition 的对数概念、指对互化、性质与换底公式。,
dir_batch_005.csv#421,MATH,幂函数的定义：一般地，函数y＝xα叫做幂函数，其中x是自变量，α是常数．,COVERED,mech=unmatched；包内已有真实节点 幂函数的定义-一般地-函数y-xα叫做幂函数-其中x是自变量-α是常数，其材料 ext-mat-c114939125-002（底数为自变量、指数为常数、系数为 1）与 math-hj-s26-power-def（五种常见幂函数图象）覆盖 definition 的三个特征与图象。,
dir_batch_005.csv#422,MATH,幂函数的性质,COVERED,命中节点 幂函数的性质；材料 math-hj-s26-power-props、ext-mat-0e56aad79f-023 覆盖在 0 到正无穷上有定义、图象过点 (1，1)、α>0 过原点且递增、α<0 递减并以坐标轴为渐近线四条。,
dir_batch_005.csv#423,MATH,指数函数及其性质,COVERED,命中节点 指数函数及其性质；材料 ext-mat-865d6c3591-001b、ext-mat-1540700449-001、ext-mat-80fe6c0ef5-001h 覆盖 definition 的指数函数概念、定义域为 R 与底数位置。,
dir_batch_005.csv#425,MATH,对数函数的概念,COVERED,命中节点 对数函数的概念；材料 ext-mat-1544d7c08e-001（对数函数的概念与反函数）覆盖 definition 的定义与定义域；常用对数与自然对数的底数已在 math-mo-quancheng-cunzai-liangci 中给出。,
dir_batch_005.csv#426,MATH,对数函数图象的常用结论,COVERED,命中节点 对数函数图象的常用结论；材料 ext-mat-1544d7c08e-002 与 ext-mat-7c011eb70c-003b（图象恒过定点、第一象限内底数从左到右逐渐增大）覆盖 definition 的图象与底数大小关系；倒底对数函数图象关于 x 轴对称由 math-hj-s29-log-def 覆盖。,
dir_batch_005.csv#427,MATH,函数零点的定义,COVERED,命中节点 函数零点的定义；材料 math-hj-s211-zero-def（零点是使 f(x)=0 的实数、是数不是点）、ext-mat-30ba309c6f-001 与 ext-mat-3ca752baa0-001 覆盖 definition 的零点概念与三个等价关系。,
dir_batch_005.csv#428,MATH,函数零点存在定理,COVERED,命中节点 函数零点存在定理；材料 math-zero-existence-theorem、ext-mat-91e0c2ace8-035（连续且端点异号则至少一个零点、再加单调则唯一）、ext-mat-f63756b7fd-001b（定理与两个推论）覆盖 definition 的定理与两个推论。,
dir_batch_005.csv#429,MATH,二分法,COVERED,命中节点 二分法；材料 ext-mat-f63756b7fd-001c（二分法的定义与求零点近似值的四个步骤）、math-hj-s211-bisection、ext-mat-30ba309c6f-001b 覆盖 definition 的定义与求近似值步骤。,
dir_batch_005.csv#430,MATH,二次函数在闭区间上的最值问题,COVERED,命中节点 二次函数在闭区间上的最值问题；材料 math-hj-s26-quad-range、math-fx-dingzhou-dongqujian-taolun、ext-mat-78efdafe97-008（轴定区间定、轴动区间定、轴定区间动、轴动区间动四类）覆盖 definition 的四类与对称轴位置分类讨论。,
dir_batch_005.csv#431,MATH,指数型复合函数的单调性问题,COVERED,命中节点 指数型复合函数的单调性问题；材料 math-hj-s28-exp-composite（同增异减、底数与 1 的大小不确定时先分类）与 ext-mat-1b71682b3d-004 覆盖 definition 的指数型复合函数单调性判断。,
dir_batch_005.csv#432,MATH,指数型复合函数的值域问题,COVERED,命中节点 指数型复合函数的值域问题；材料 ext-mat-4e736ca9f6-008、ext-mat-e455f63ee6-008、ext-mat-865d6c3591-001e 覆盖换元求值域并注意新元范围。,
dir_batch_005.csv#433,MATH,对数型复合函数的单调性问题的求解策略,COVERED,命中节点 对数型复合函数的单调性问题的求解策略；材料 math-mo-duishu-fuhe-dandiao-silu（外层单调性随 a 反转、复合按同增异减）、math-hj-s29-log-composite、ext-mat-00ff671da7-004b 覆盖 definition 的两条。,
dir_batch_005.csv#434,MATH,对数型复合函数的值域问题的求解策略,COVERED,命中节点 对数型复合函数的值域问题的求解策略；材料 ext-mat-01323dce7d-001、ext-mat-d526b3fb2b-003b、ext-mat-00ff671da7-004 覆盖先求内层真数范围再按底数判单调性推值域。,
dir_batch_005.csv#435,MATH,嵌套函数的零点问题,COVERED,命中节点 嵌套函数的零点问题；材料 ext-mat-91e0c2ace8-019、ext-mat-6056c4f67d-003、ext-mat-6056c4f67d-004 覆盖确定内外层、求外层零点、按内层图象数交点个数并相加的步骤。,
dir_batch_005.csv#436,MATH,函数零点的求和问题,COVERED,命中节点 函数零点的求和问题；其唯一材料 ext-mat-cead6018c1-009（利用对称性求函数零点之和：化为两图象交点、成对零点之和为 2m，含关于直线与关于点两种对称）覆盖 definition 的两类求和。,
dir_batch_005.csv#437,MATH,忽略对指数与对数底数的讨论致错,COVERED,命中节点 忽略对指数与对数底数的讨论致错；材料 ext-mat-7c011eb70c-003c（忽略底数的分类讨论致错）与 ext-mat-1544d7c08e-002b 覆盖底数含参须按 a>1 与 0<a<1 讨论。,
dir_batch_005.csv#438,MATH,求复合函数单调性时忽略定义域致错,COVERED,命中节点 求复合函数单调性时忽略定义域致错；材料 ext-mat-1b429dbe88-002c（同增异减与定义域优先）、math-fx-fuhe-hanshu-tongzeng-yijian 覆盖 definition 的一般步骤与两类错误。,
dir_batch_005.csv#439,MATH,对零点存在定理理解不准确致错,COVERED,命中节点 对零点存在定理理解不准确致错；材料 ext-mat-be061c93cf-002（零点存在定理的条件与常见误解）、ext-mat-8e1e491987-001c（零点问题的三个易错点）覆盖 definition 的定理条件、方法分类与变号零点。,
dir_batch_005.csv#440,MATH,指数幂运算的一般原则,COVERED,命中节点 指数幂运算的一般原则；材料 ext-mat-15ef287ec2-001、ext-mat-865d6c3591-001d、ext-mat-5f0dcee4af-001、ext-mat-e455f63ee6-004 覆盖 definition 的统一分数指数幂、先乘除后加减、底数处理与结果形式四条。,
dir_batch_005.csv#441,MATH,对数混合运算的一般原则,COVERED,命中节点 对数混合运算的一般原则；材料 ext-mat-d526b3fb2b-002c（对数混合运算的一般原则五条）覆盖 definition 的五条原则。,
dir_batch_005.csv#442,MATH,对数运算中的几个运算技巧,COVERED,命中节点 对数运算中的几个运算技巧；材料 ext-mat-e9db4eedea-001（对数运算的三个常用技巧）与 ext-mat-4b8e8a1d34-001c 覆盖 definition 的三个技巧。,
dir_batch_005.csv#443,MATH,幂函数的图象与性质,COVERED,命中节点 幂函数的图象与性质；材料 ext-mat-78efdafe97-004、ext-mat-c114939125-006（三线分六区定指数）、ext-mat-bf9929a9a4-002（一般幂函数图象的五条特征含对称性）覆盖 definition 的定位置与其余象限由奇偶性决定。,
dir_batch_005.csv#444,MATH,指数函数的图象与性质应用,COVERED,命中节点 指数函数的图象与性质应用；材料 ext-mat-e455f63ee6-009（变换与定点）、ext-mat-1b71682b3d-003（底数对图象的影响）、ext-mat-1540700449-002 覆盖 definition 的数形结合识别与变换作图两条策略。,
dir_batch_005.csv#446,MATH,指对幂比较大小的常用方法,COVERED,命中节点 指对幂比较大小的常用方法；材料 math-fx-zhiduiubi-zhongjianzhi-gusuan、math-mo-zhidui-bidaxiao-liufa（单调性、作差作商、中间值、估值、构造同构、放缩）、ext-mat-00ff671da7-001 覆盖 definition 的单调性法。,
dir_batch_005.csv#447,MATH,作差法、作商法：,COVERED,mech=unmatched；definition 的作差作商与 0、1 分界中间值法已由 math-hj-s13-compare-diff（作差法比较大小）、math-mo-zhidui-bidaxiao-liufa 与 math-fx-zhiduiubi-zhongjianzhi-gusuan（先用 0、1 分组）覆盖。,
dir_batch_005.csv#448,MATH,估值法：（1）估算要比较大小的两个值所在的大致区间；,COVERED,mech=unmatched；definition 的估值法（估算区间并用二分法或指对转化找中间值）已由 math-fx-zhiduiubi-zhongjianzhi-gusuan（估值、二分逼近）与 ext-mat-d526b3fb2b-004（估值、构造与放缩）覆盖。,
dir_batch_005.csv#449,MATH,构造函数，运用函数的单调性比较：,COVERED,mech=unmatched；definition 的构造函数借同构规律与单调性比较已由 math-mo-zhidui-bidaxiao-liufa（构造同构）与 ext-mat-d526b3fb2b-004（构造函数用单调性）覆盖。,
dir_batch_005.csv#450,MATH,放缩法：,COVERED,mech=unmatched；definition 的放缩法四条已由 ext-mat-d526b3fb2b-004（通过放缩或逼近判断大小）与 math-fx-zhidui-fangshuo-jibenlian（指数与对数的基本放缩不等式链）覆盖。,
dir_batch_005.csv#451,MATH,定理法：利用零点存在定理，函数的图象在区间上是连续不断的曲线，且，,COVERED,mech=unmatched；definition 的定理法定个数须结合单调性、奇偶性已由 ext-mat-2fb7765687-002（判断个数还要结合单调性或图象）与 ext-mat-bf9929a9a4-005（零点存在定理与零点个数判断方法、求参三条途径）覆盖。,
dir_batch_005.csv#452,MATH,图象法：,COVERED,mech=unmatched；definition 的单个函数图象与拆成两函数差求交点个数已由 ext-mat-a0656377b5-001b（图象交点问题转化为差函数的零点）与 ext-mat-60c2450650-001 覆盖。,
dir_batch_005.csv#453,MATH,性质法：利用函数性质，若能确定函数的单调性，则其零点个数不难得到；,COVERED,mech=unmatched；definition 的性质法（确定单调性即可得零点个数、周期函数只看一个周期）已由 ext-mat-8e1e491987-001c（单调函数至多一个零点、周期函数零点无穷多）与 ext-mat-e27cb9363f-002 覆盖。,
dir_batch_005.csv#454,MATH,直接法：利用零点存在的判定定理构建不等式求解；,COVERED,命中节点 直接法-利用零点存在的判定定理构建不等式求解 的 boundary 与 definition 同为数形结合法段；其材料 ext-mat-75d5c5ac0b-026（零点个数求参数可走零点存在定理构不等式、分离参数求值域、两函数图象位置关系三条路径）覆盖 definition 的化为两图象交点并结合图象求参数范围。,
dir_batch_005.csv#455,MATH,分离参数法：分离参数后转化为求函数的值域(最值)问题求解．,COVERED,mech=unmatched；definition 的分离参数法（分离参数后求值域或最值）已由 ext-mat-75d5c5ac0b-026（分离参数求值域一条路径）与节点 直接法-利用零点存在的判定定理构建不等式求解 的同一材料覆盖。,
dir_batch_005.csv#456,MATH,数列的有关概念,COVERED,命中节点 数列的有关概念；材料 ext-mat-0e56aad79f-034、ext-mat-298a51ae15-001、ext-mat-139eda59d2-002（三种表示法）、ext-mat-7f3d9b6870-004 覆盖 definition 的数列定义、表示法、通项公式与递推公式。,
dir_batch_005.csv#457,MATH,数列与函数的关系,COVERED,命中节点 数列与函数的关系；材料 math-kb-sequence-as-function、ext-mat-982c247417-001、ext-mat-efa31ffedb-001b 覆盖 definition 的数列是以正整数集或其有限子集为定义域的函数。,
dir_batch_005.csv#458,MATH,等差数列的有关概念,COVERED,命中节点 等差数列的有关概念；材料 ext-mat-0e56aad79f-036、ext-mat-e5c2f793ad-002、ext-mat-62c1414e2e-020（等差中项及其充要表达）覆盖 definition 的等差定义与等差中项。,
dir_batch_005.csv#459,MATH,等差数列的有关公式,COVERED,命中节点 等差数列的有关公式；材料 ext-mat-4621e44142-001b、ext-mat-8c215bac25-001b、ext-mat-62c1414e2e-005 覆盖 definition 的通项公式与前 n 项和公式。,
dir_batch_005.csv#460,MATH,等差数列的常用性质,COVERED,命中节点 等差数列的常用性质；材料 math-mo-dengcha-xingzhi-sanjieshi（公差变形 a_m=a_n+(m-n)d、等间隔子数列仍等差、下标和性质）与 ext-mat-9e21a7e47c-001（五条常用性质）覆盖 definition 的四项。,
dir_batch_005.csv#461,MATH,等差数列前项和的常用性质,COVERED,命中节点 等差数列前项和的常用性质；材料 math-kb-arithmetic-odd-even-sum、math-kb-arithmetic-sum-ratio-of-terms（两等差数列前 n 项和之比）、ext-mat-eb06dd91c4-005（片段和成等差）覆盖 definition 的四项。,
dir_batch_005.csv#462,MATH,等比数列的有关概念,COVERED,命中节点 等比数列的有关概念；材料 ext-mat-66cdd05410-003、ext-mat-0e56aad79f-038、ext-mat-638d9b8d83-003（等比中项及其推广）覆盖 definition 的等比定义与等比中项。,
dir_batch_005.csv#463,MATH,等比数列的有关公式,COVERED,命中节点 等比数列的有关公式；材料 ext-mat-d1097fb408-002（通项、推广形式与分公比讨论的前 n 项和）、wusan-mat-v-9efb9fe4 覆盖 definition 的通项与前 n 项和公式。,
dir_batch_005.csv#464,MATH,等比数列的常用性质,COVERED,命中节点 等比数列的常用性质；材料 math-kb-geometric-subsequence-property、math-kb-geometric-subscript-sum-property、ext-mat-b30577bc40-001c（五组常用性质）覆盖 definition 的五项。,
dir_batch_005.csv#465,MATH,等比数列前项和的常用性质,COVERED,命中节点 等比数列前项和的常用性质；材料 math-kb-geometric-sum-blocks、ext-mat-b5910b42d5-006（片段和成等比的条件）、math-kb-geometric-odd-even-sum、math-kb-geometric-sum-structure 覆盖 definition 的四项。,
dir_batch_005.csv#466,MATH,数列的单调性与最值问题,COVERED,命中节点 数列的单调性与最值问题；材料 math-kb-sequence-monotonic-extremum-function-view、ext-mat-efa31ffedb-004（图象法、作差作商法、两边夹法）覆盖 definition 的三条。,
dir_batch_005.csv#467,MATH,等差数列前n项和最值问题,COVERED,命中节点 等差数列前n项和最值问题；材料 math-mo-dengcha-sn-zuizhi-liangfa（二次函数配方法与邻项变号法）、ext-mat-e5c2f793ad-004b、ext-mat-62c1414e2e-009 覆盖 definition 的两种方法。,
dir_batch_005.csv#468,MATH,等差数列含绝对值问题,COVERED,命中节点 等差数列含绝对值问题；材料 math-fx-jueduizhi-qiuhc-fenduan、math-mo-dengcha-jueduizhi-qiuhc、ext-mat-eb06dd91c4-002 覆盖先解不等式找正负分界再分段求和。,
dir_batch_005.csv#469,MATH,等差数列与等比数列新背景问题,COVERED,命中节点 等差数列与等比数列新背景问题；材料 math-kb-new-context-sequence-model、math-mo-shulie-xinbeijing-sanbu、math-fx-shulie-yuce-moxing-sanlei 覆盖读懂题意、构造模型、求解模型三步。,
dir_batch_005.csv#470,MATH,混淆数列与函数致错,COVERED,命中节点 混淆数列与函数致错；材料 ext-mat-efa31ffedb-007b（忽略数列自变量离散致错）、ext-mat-b1676e0a27-004 覆盖 definition 的项号取离散正整数而非连续实数。,
dir_batch_005.csv#471,MATH,对等比数列“中项”理解错误致错,COVERED,命中节点 对等比数列-中项-理解错误致错；材料 ext-mat-b6fbcfd043-004、ext-mat-efa31ffedb-008 覆盖等比中项的存在条件（同号且不为零、中项有两个互为相反数）。,
dir_batch_005.csv#472,MATH,忽视对公比q的讨论致错,COVERED,命中节点 忽视对公比q的讨论致错；材料 ext-mat-00a81ba144-002、ext-mat-b5910b42d5-005、ext-mat-efa31ffedb-008b 覆盖求和公式分段表示、公比未知须分 q=1 与 q!=1 讨论。,
dir_batch_005.csv#473,MATH,由前几项归纳数列通项的方法,COVERED,命中节点 由前几项归纳数列通项的方法；材料 ext-mat-298a51ae15-002、ext-mat-efa31ffedb-009 覆盖从符号、分子分母、相邻项变化等角度归纳通项的方法要点。,
dir_batch_005.csv#474,MATH,周期数列的常见形式,COVERED,命中节点 周期数列的常见形式；材料 math-kb-periodic-sequence-method、ext-mat-a56cce28f2-006b（分段递推产生周期数列）、ext-mat-efa31ffedb-009b 覆盖三类形式与先算若干项归纳周期的方法。,
dir_batch_005.csv#475,MATH,求解等差数列基本量的策略,COVERED,命中节点 求解等差数列基本量的策略；材料 math-fx-dengcha-jbld-fangcheng-celue、math-mo-dengcha-jbld-zhisanqiuer、ext-mat-d69c03597e-002 覆盖五个量知三求二与以 a1、d 为基本量表示一切。,
dir_batch_005.csv#476,MATH,前n项和公式法：为常数为等差数列．,COVERED,命中节点 前n项和公式法-为常数为等差数列；材料 math-kb-arithmetic-proof-methods（证明等差数列用定义法或等差中项法）与 ext-mat-d69c03597e-006 覆盖 definition 的证明要求；判非只需找三项反例已写入该节点 boundary。,
dir_batch_005.csv#477,MATH,在等差数列{an}中，当m≠n时，d＝为公差公式，利用这个公式很容易求出公差，,COVERED,mech=unmatched；definition 的公差公式与通项推广、等距抽取仍成等差、下标和性质已由 math-mo-dengcha-xingzhi-sanjieshi（公差变形 a_m=a_n+(m-n)d、等间隔子数列仍等差、下标和性质）与 math-kb-arithmetic-subscript-sum-property 覆盖。,
dir_batch_005.csv#478,MATH,等差数列前n项和性质的应用,COVERED,命中节点 等差数列前n项和性质的应用；材料 math-kb-arithmetic-sum-blocks（依次 k 项和成等差、公差为 k 方乘 d）覆盖 definition。,
dir_batch_005.csv#479,MATH,若S奇表示奇数项的和，S偶表示偶数项的和，公差为d，,COVERED,mech=unmatched；definition 的奇偶项和关系已由 math-kb-arithmetic-odd-even-sum（2n 项时偶项和减奇项和为 nd、2n-1 项时奇项和减偶项和等于中间项）与 ext-mat-cf783367fa-012、ext-mat-4621e44142-003 覆盖。,
dir_batch_006.csv#480,MATH,求解等比数列基本量的策略,COVERED,命中节点 求解等比数列基本量的策略；definition 的方程思想与基本量 a1、q 的知三求二由 math-mo-dengbi-jbld-xiaoyuan、ext-mat-b30577bc40-002b、ext-mat-d1097fb408-004 覆盖；分类讨论（求和必分 q=1 与 q≠1）由 ext-mat-973c5acede-006b 覆盖。,
dir_batch_006.csv#481,MATH,前项和公式法：若数列的前项和，则该数列是等比数列．,COVERED,未命中节点；definition 关键词：前n项和公式法、证明等比数列的两种常用方法、判定不是等比数列只需连续三项不成等比。包内节点 等比数列的判定与证明方法 的材料 ext-mat-9e21a7e47c-003b（定义法、等比中项法、通项公式法、前n项和公式法；判定不是等比数列只需找连续三项不成等比）与 ext-mat-efa31ffedb-012（前两种用于证明、后两种用于快速判断）逐条覆盖。,
dir_batch_006.csv#482,MATH,等比数列性质应用问题的解题突破口,COVERED,命中节点 等比数列性质应用问题的解题突破口；definition 的性质三分类（通项公式变形、等比中项公式变形、前n项和公式变形）由 ext-mat-efa31ffedb-012b、ext-mat-b30577bc40-002d 覆盖。,
dir_batch_006.csv#483,MATH,应用等比数列性质解题时的2个注意点,COVERED,命中节点 应用等比数列性质解题时的2个注意点；definition 由该节点材料 ext-mat-efa31ffedb-012c（挖掘隐含条件与下标和性质、注意性质成立前提、设而不求）覆盖。,
dir_batch_006.csv#484,MATH,数列的递推公式,COVERED,命中节点 数列的递推公式；definition 的递推公式定义由 ext-mat-f80078ac75-001、ext-mat-03f08fdd41-001b、math-kb-sequence-recursive-formula 覆盖。,
dir_batch_006.csv#485,MATH,数列通项公式的求法,COVERED,命中节点 数列通项公式的求法；definition 的观察法（由前若干项观察分析寻找规律、写出一个通项）由 ext-mat-96d3a8f788-001b（观察法、定义法与公式法求通项）覆盖。,
dir_batch_006.csv#486,MATH,公式法,COVERED,命中节点 公式法（该节点现有材料 ext-mat-7acb98c659-012、ext-mat-79a1efaae7-001 均为求和公式法，未覆盖本条）；definition 的由 Sn 求 an 两式作差及一分为二（分段）与合二为一（检验能否统一）由节点 由sn求an的步骤 的材料 math-kb-sn-to-an-steps、ext-mat-03f08fdd41-003、ext-mat-139eda59d2-004 覆盖。,
dir_batch_006.csv#487,MATH,累加法：适用于an＋1＝an＋f(n)，可变形为an＋1－an＝f(n),COVERED,未命中节点；definition 关键词：累加法、an=a1+(a2-a1)+(a3-a2)+…+(an-an-1)。包内节点 累加法与累乘法求数列通项 的材料 math-leijiafa-qiu-tongxiang、math-kb-accumulation-addition-method、math-fx-leijia-fa 覆盖同一恒等式。,
dir_batch_006.csv#488,MATH,累乘法：适用于an＋1＝f(n)an，可变形为＝f(n),COVERED,未命中节点；definition 前半为累乘法（an=a1·a2/a1·…·an/an-1），后半为构造法类型一（an+1=pan+q 的待定系数法与作差法两条路径）与类型二（f(n) 为一次函数或指数函数）。由节点 累加法与累乘法求数列通项 的材料 math-leichengfa-qiu-tongxiang 与节点 构造法求数列通项 的材料 math-mo-shulie-gouzao-huizong、math-gouzao-shulie-type3-hunhe-xing、ext-mat-9e21a7e47c-005 覆盖。,
dir_batch_006.csv#489,MATH,取倒数法：an＋1＝(p，q，r是常数)，可变形为＝·＋,COVERED,未命中节点；definition 关键词：取倒数法、p=r 时成等差数列、p≠r 时转化为 an+1=san+t 用待定系数法构造新数列。由节点 取倒数法求数列通项 的材料 math-kb-reciprocal-method、ext-mat-a56cce28f2-002、ext-mat-843251a2d9-005 覆盖。,
dir_batch_006.csv#490,MATH,特征根法与不动点法,COVERED,命中节点 特征根法与不动点法；definition 的不动点定义、一阶特征方程与特征根通项、二阶递推的二异根与二重根设形式由 math-kb-characteristic-root-fixed-point、ext-mat-91e0c2ace8-068、ext-mat-91e0c2ace8-069c、ext-mat-6e0bac381f-002 覆盖。,
dir_batch_006.csv#491,MATH,公式法,COVERED,命中节点 公式法；definition 的等差与等比前n项和（倒序相加与乘公比错位相减两种推导）及常见数列前n项和公式由 ext-mat-79a1efaae7-001（公式法求和含常见幂和公式）、ext-mat-7acb98c659-012 覆盖。,
dir_batch_006.csv#492,MATH,分组转化法,COVERED,命中节点 分组转化法；definition 的分组转化与并项求和由 math-kb-grouping-sum-method、ext-mat-9e21a7e47c-008（含并项法）覆盖；definition 同段混入的倒序相加法、裂项相消法、错位相减法三条分别由节点 倒序相加法 的材料 math-daoxu-xiangjiafa、math-kb-reverse-order-addition，节点 裂项相消法中常见的裂项技巧 的材料 math-mo-liexiang-jiqiao-silei 与节点 等差乘等比数列求和-令-可以用错位相减法 的材料 math-kb-shift-subtract-method 覆盖。,
dir_batch_006.csv#493,MATH,求和问题,COVERED,命中节点 求和问题（该节点仅 1 条材料 ext-mat-00a81ba144-001 讲四种求和核心方法，未涉及奇偶项和）；definition 三个标签为前n项和、奇数项和、偶数项和（公式被剥离），该主题由节点 等比数列前项和的常用性质 的材料 math-kb-geometric-odd-even-sum、ext-mat-d1097fb408-008 与节点 等差数列前n项和性质的应用 的材料 ext-mat-4621e44142-003 覆盖。,
dir_batch_006.csv#494,MATH,余数列周期性,COVERED,命中节点 余数列周期性；definition 的三条余数列周期（被2除周期3、被3除周期8、被4除周期6）由 ext-mat-11b718ab0f-023c 逐字覆盖，另 math-fx-shulie-zhouqi-ditui-faxian 覆盖周期求值方法。,
dir_batch_006.csv#495,MATH,裂项问题：,COVERED,未命中节点；name 为章节标题「裂项问题：」，definition 主体是斐波那契典例与新定义问题的特点与解题思路。斐波那契余数由 ext-mat-11b718ab0f-023c 覆盖，新定义问题的解题思路由节点 数列的新定义问题 的材料 ext-mat-f609e50b38-001b 覆盖，裂项本身由 math-mo-liexiang-jiqiao-silei 覆盖。,
dir_batch_006.csv#496,MATH,由求时忽略对“”检验致错,COVERED,命中节点 由求时忽略对-检验致错；definition 的辨析（先令 n=1 由 S1 求首项、再求通项、最后回代验证；常见错误为直接套用）由 ext-mat-b83e525a16-005、ext-mat-7f3d9b6870-008 覆盖。,
dir_batch_006.csv#497,MATH,裂项相消求和时遗漏剩余项致错,COVERED,命中节点 裂项相消求和时遗漏剩余项致错；definition 的剩余项规律（前面剩几项后面也剩几项）由 math-kb-telescoping-residual-rule、math-mo-liexiang-xiangxiao-yuanze 覆盖。,
dir_batch_006.csv#498,MATH,由Sn求an的步骤,COVERED,命中节点 由sn求an的步骤；definition 的三步流程与两条转化方向由 math-kb-sn-to-an-steps、ext-mat-03f08fdd41-002（由Sn求an的两条转化方向）、ext-mat-298a51ae15-002b、ext-mat-7f3d9b6870-005 覆盖。,
dir_batch_006.csv#499,MATH,累加法与累乘法求数列通项,COVERED,命中节点 累加法与累乘法求数列通项；definition 的累加法与累乘法构造式由 math-leijiafa-qiu-tongxiang、math-leichengfa-qiu-tongxiang、math-mo-leijia-leicheng-liangfa、ext-mat-96d3a8f788-002 覆盖。,
dir_batch_006.csv#500,MATH,构造法求数列通项,COVERED,命中节点 构造法求数列通项；definition 的类型一（an+1=pan+q 构造等比、含与类比式作差）、类型二（同除以指数式化为等差）与配凑待定系数由 math-mo-shulie-gouzao-huizong、math-gouzao-shulie-type3-hunhe-xing、ext-mat-9e21a7e47c-005、ext-mat-9e21a7e47c-008c 覆盖。,
dir_batch_006.csv#501,MATH,取倒数法求数列通项,COVERED,命中节点 取倒数法求数列通项；definition 的取倒数后成等差、否则令 bn 用待定系数法由 math-kb-reciprocal-method、ext-mat-91e0c2ace8-069b、ext-mat-9e21a7e47c-005b 覆盖。,
dir_batch_006.csv#502,MATH,逆序相加法求数列的前n项和,COVERED,未命中节点；definition 关键词：首末两端等距离两项之和相等、倒序相加法、等差数列前n项和公式即由此法推导。由节点 倒序相加法 的材料 math-kb-reverse-order-addition、math-daoxu-xiangjiafa、math-mo-daoxu-xiangjia-tiaojian、math-hj-s65-sum-reverse 覆盖。,
dir_batch_006.csv#503,MATH,分组（并项）法求数列的前n项和,COVERED,命中节点 分组-并项-法求数列的前n项和；definition 的并项求和（相邻两项或几项之和为常数、an=(-1)^n f(n)）与分组求和（拆成两个或多个可求和数列）由 math-kb-merge-terms-sum-method、math-hj-s65-sum-merge、math-hj-shulie-fenzu-qiughe、ext-mat-97ff2b48ab-002 覆盖。,
dir_batch_006.csv#504,MATH,用裂项法求和的裂项原则及规律,COVERED,命中节点 用裂项法求和的裂项原则及规律；definition 的裂项原则与消项规律（前边裂几项后边就裂几项、前边剩第几项后边就剩倒数第几项）由 ext-mat-9e21a7e47c-007、ext-mat-97ff2b48ab-005、math-kb-telescoping-residual-rule 覆盖。,
dir_batch_006.csv#505,MATH,裂项相消法中常见的裂项技巧,COVERED,命中节点 裂项相消法中常见的裂项技巧；definition 的七条裂项式（公式被剥离）由 math-mo-liexiang-jiqiao-silei、math-fx-liexiang-xiangxiao-gongshi、ext-mat-9e21a7e47c-007b、ext-mat-91e0c2ace8-065 覆盖。,
dir_batch_006.csv#506,MATH,注意解题“3关键”,COVERED,命中节点 注意解题-3关键（该节点仅 1 条材料 ext-mat-e849e54421-012 讲等比数列三关键，未覆盖本条）；definition 的三个关键（识别题目类型、Sn 与 qSn 错项对齐、公比为参数时分 q=1 与 q≠1）由节点 等差乘等比数列求和-令-可以用错位相减法 的材料 math-mo-cuowei-xiangjian-yaodian、math-fx-cuowei-xiangjian-yicuo-qingdan 与 ext-mat-7acb98c659-012 覆盖。,
dir_batch_006.csv#507,MATH,等差乘等比数列求和，令，可以用错位相减法．,COVERED,未命中节点；definition 为等差乘等比（差比）数列求和用错位相减法（写出 Sn 与 qSn 后相减整理）。由节点 等差乘等比数列求和-令-可以用错位相减法 的材料 math-kb-shift-subtract-method、math-cuowei-xiangjianfa、math-mo-cuowei-xiangjian-yaodian、ext-mat-91e0c2ace8-063 覆盖。,
dir_batch_006.csv#530,PHYSICS,描述运动的基本概念,COVERED,命中节点 描述运动的基本概念；definition 的质点定义（忽略大小形状、简化为有质量的点）由节点 质点 的材料 phys-kb-point-mass-ideal-model、phys-mo-l01-motion-description-b、ext-phy-115986598a-002 覆盖。,
dir_batch_006.csv#531,PHYSICS,物体看作质点的条件：物体的大小和形状对研究问题的影响可以忽略。,COVERED,未命中节点；definition 的质点条件与三条注意（区别于几何学中的点、与物体大小和质量无关、看形状大小对研究问题的影响能否忽略）由节点 质点 的材料 ext-phy-8d83e74a51-002、ext-phy-115986598a-002、ext-phy-7151338d60-002 与节点 参考系 的材料 phys-hj2-zhidian-cankaoxi-gainian 覆盖。,
dir_batch_006.csv#532,PHYSICS,参考系,COVERED,命中节点 参考系；definition 的参考系定义、选取任意性与运动的相对性由 phys-kb-reference-frame-relativity、phys-hj2-cankaoxi-renyitongyi-xing、phys-hj-067-reference-frame、ext-phy-4121efae27-002 覆盖。,
dir_batch_006.csv#534,PHYSICS,时刻：表示某一瞬间。在时间轴上用点表示，是一个状态量。,COVERED,未命中节点；definition 的时刻（时间轴上的点、状态量）与时间间隔（线段、过程量）由节点 时刻与时间间隔区别与联系 的材料 phys-kb-instant-vs-interval、ext-phy-8d83e74a51-003、ext-phy-35be5ad443-004 覆盖。,
dir_batch_006.csv#535,PHYSICS,时刻与时间间隔区别与联系,COVERED,命中节点 时刻与时间间隔区别与联系；definition 含高铁时刻表情境题干，但知识内核（时刻与时间间隔的区分）由 phys-kb-instant-vs-interval、ext-phy-14acc6af8a-003、phys-hj2-shijian-shike-shijian-zhou 覆盖。,
dir_batch_006.csv#536,PHYSICS,路程：物体运动轨迹的长度，只有大小，没有方向，是标量，其单位就是长度的单位。,COVERED,未命中节点；definition 的路程（轨迹长度、标量）与位移（初位置指向末位置的有向线段、矢量）由节点 位移 的材料 phys-mo-l01-motion-description-b-3、ext-phy-81ab54030c-003b、ext-phy-115986598a-004、ext-phy-2e6cca8baa-001 覆盖。,
dir_batch_006.csv#537,PHYSICS,矢量和标量：,COVERED,未命中节点；definition 的矢量（既有大小又有方向，如力、位移、速度、加速度、动量）与标量（只有大小，如时间、温度、质量、路程、能量）由节点 矢量和标量 的材料 phys-kb-vector-scalar-classify、ext-phy-d95af4f7b3-003c、ext-phy-f26b1b9e49-003 覆盖。,
dir_batch_006.csv#538,PHYSICS,速度定义：位移与发生这段位移所用时间之比，表示物体运动快慢的物理量，是过程量。,COVERED,未命中节点；definition 的速度定义（位移与发生这段位移所用时间之比）、比值定义法与方向由节点 平均速度 的材料 ext-phy-bfe0761523-003、ext-phy-206fb04353-012b 与节点 比值定义法 的材料 ext-phy-fbb0189017-012 覆盖。,
dir_batch_006.csv#539,PHYSICS,平均速度与瞬时速度的区别：,COVERED,命中节点 平均速度与瞬时速度的区别；definition 主体是加速度定义（速度变化量与时间之比、比值定义法、矢量性），由节点 速度-速度的变化量-加速度的比较 的材料 phys-kb-acceleration-definition-judge、phys-hj3-velocity-change-acceleration 覆盖；平均速度与瞬时速度的区别由 phys-kb-average-instant-velocity、ext-phy-14acc6af8a-010 覆盖。,
dir_batch_006.csv#540,PHYSICS,速度、速度的变化量、加速度的比较,COVERED,命中节点 速度-速度的变化量-加速度的比较；definition 的三量比较与加速度定义式、决定式由 phys-kb-acceleration-definition-judge、phys-hj2-jiasudu-sudu-duibi、ext-phy-376443a41a-007、ext-phy-4b3cbfeb92-004 覆盖。,
dir_batch_006.csv#541,PHYSICS,匀变速直线运动的规律,COVERED,命中节点 匀变速直线运动的规律；definition 仅为小节标签「一、匀变速直线运动的特点」，其内容（加速度不变的直线运动）由节点 匀变速直线运动 的材料 phys-mo-l02-uniform-acceleration-b、ext-phy-7a98dc3927-004、ext-phy-0933842d9a-001 覆盖。,
dir_batch_006.csv#542,PHYSICS,分类,COVERED,未命中节点；definition 的匀加速（加速度与速度同向、速度均匀增加）与匀减速（方向相反、均匀减小）分类由节点 匀变速直线运动 的材料 ext-phy-fbb7496651-002、ext-phy-ffaf425747-002 与节点 速度-速度的变化量-加速度的比较 的材料 phys-kb-acceleration-definition-judge（加减速判据）覆盖。,
dir_batch_006.csv#543,PHYSICS,基本规律,COVERED,未命中节点；definition 的三个基本关系式（v=v0+at、x=v0t+at²/2、v²-v0²=2ax）由节点 匀变速直线运动的规律 的材料 ext-phy-7a98dc3927-004b、phys-fx-suvat-three-formulas、ext-phy-4d0614f22e-003、ext-phy-0933842d9a-001 覆盖。,
dir_batch_006.csv#544,PHYSICS,公式选用原则,COVERED,未命中节点；definition 的公式选用原则（不涉及位移就选 v=v0+at、不涉及末速度就选位移公式、不涉及时间就选 v²-v0²=2ax）由节点 公式选用原则 的材料 ext-phy-4d0614f22e-004、ext-phy-b6bd732b19-006、ext-phy-04489b97eb-002b 与节点 匀变速直线运动的规律 的材料 phys-hj3-suvat-formulas-selection 覆盖。,
dir_batch_006.csv#545,PHYSICS,以上各式均为矢量式，应用时应规定正方向。,COVERED,definition 为矢量式与规定正方向加无人机例题；矢量性与正方向约定由节点 匀变速直线运动的规律 的材料 phys-fx-suvat-three-formulas、ext-phy-dd27cab1b4-002、ext-phy-a3aa3661ce-002 覆盖，例题本身为题干不入库。,
dir_batch_006.csv#546,PHYSICS,平均速度公式：,COVERED,未命中节点；definition 的平均速度公式（中间时刻瞬时速度等于这段时间的平均速度）由节点 平均速度与瞬时速度的区别 的材料 phys-pingjunsudu-deng-yu-zhongjian-shike 与节点 匀变速直线运动的规律 的材料 phys-hj3-suvat-corollaries、phys-fx-suvat-three-inferences 覆盖。,
dir_batch_006.csv#547,PHYSICS,位移差公式：,COVERED,未命中节点；definition 的位移差公式 Δx=x2-x1=x3-x2=…=aT² 及其推广 xm-xn=(m-n)aT² 由节点 位移差公式 的材料 phys-wei-yi-cha-gongshi 与节点 时刻与时间间隔区别与联系 的材料 phys-bu-lianxu-wei-yi-cha-m-n 覆盖。,
dir_batch_006.csv#548,PHYSICS,初速度为零的几个重点推论：,COVERED,命中节点 初速度为零的几个重点推论；definition 的四条比例（等时刻速度比 1:2:3、等时间位移比 1:4:9、各段位移比 1:3:5:…、等分位移时间比含根号差）由 phys-kb-zero-initial-proportion、phys-lingchusu-shijian-dengfen-wei-yi-bi、phys-lingchusu-wei-yi-dengfen-shijianbi、ext-phy-7a98dc3927-005 覆盖。,
dir_batch_006.csv#549,PHYSICS,多过程问题：,COVERED,未命中节点；definition 的多过程问题分段分析、各段交接处速度是纽带由节点 匀变速直线运动的规律-多过程问题 的材料 ext-phy-153b6bf4b8-012、ext-phy-911b33ff4a-012、ext-phy-7a98dc3927-008 与节点 动力学三大观点在多体问题和多过程运动中的应用 的材料 ext-phy-a7a7e2884d-016 覆盖。,
dir_batch_006.csv#550,PHYSICS,基本规律：,COVERED,未命中节点；definition 的自由落体三个关系式（v=gt、h=gt²/2、v²=2gh）由节点 自由落体运动 的材料 ext-phy-7a98dc3927-007、phys-kb-free-fall-motion、ext-phy-04489b97eb-014 覆盖；其中竖直上抛的定义由节点 竖直上抛运动的处理方法 的材料 phys-kb-vertical-throw-motion 覆盖。,
dir_batch_006.csv#551,PHYSICS,运动规律:,COVERED,未命中节点；definition 的竖直上抛四个关系式（速度、位移、速度位移与平均速度）由节点 竖直上抛运动的处理方法 的材料 phys-kb-vertical-throw-motion、phys-hj-122-vertical-throw-up、phys-hj-125-vertical-throw-multi-solution 覆盖。,
dir_batch_006.csv#552,PHYSICS,运动的对称性：,COVERED,未命中节点；definition 的时间对称与速度对称由节点 对称性 的材料 ext-phy-32af80d1f1-014（竖直上抛运动的对称性）覆盖；分段法与全程法由节点 竖直上抛运动的处理方法 的材料 phys-hj-124-vertical-throw-two-methods、phys-kb-vertical-throw-motion 覆盖。,
dir_batch_006.csv#553,PHYSICS,x-t图像，v-t图像，a-t图像的对比,COVERED,命中节点 x-t图像-v-t图像-a-t图像的对比；definition 的三条读图注意（只描述直线运动、图象不是轨迹、斜率分别表示速度与加速度）由 phys-hj2-yundongxue-tuxiang-yaosu、ext-phy-4d4c5ba463-004b、ext-phy-ab8080ef1c-004 覆盖。,
dir_batch_006.csv#554,PHYSICS,非常规运动学图像,COVERED,命中节点 非常规运动学图像；definition 的解题思路（由横纵坐标与运动学公式推导函数关系、再分析斜率截距面积含义）由 phys-fei-chang-gui-tuxiang-sibu、phys-changgui-tuxiang-sibu-chuli、phys-hj-180-unconventional-graph-method、ext-phy-3756591d33-001 覆盖。,
dir_batch_006.csv#555,PHYSICS,追及相遇问题的实质及分析思路：,COVERED,命中节点 追及相遇问题的实质及分析思路；definition 的一个临界条件（速度相等）与两个等量关系（时间、位移）由 phys-zhuiji-liang-guanxi-gongsu-linjie、phys-zhuiji-qianti-chushi-zhuang-tai、ext-phy-7a98dc3927-015 覆盖。,
dir_batch_006.csv#556,PHYSICS,临界法,COVERED,命中节点 临界法；definition 的追及临界（速度相等时距离最大或最小）由 ext-phy-c0ba28c663-011、ext-phy-1973c2d598-001b、ext-phy-0928df672e-004b 覆盖。,
dir_batch_006.csv#557,PHYSICS,函数法,COVERED,未命中节点；definition 的函数法（设 t 时刻相遇、由位移关系列关于 t 的方程，Δ>0 相遇两次、Δ=0 相遇一次、Δ<0 不能相遇）由节点 函数法 的材料 ext-phy-a0d4aacc6f-005 与节点 追及相遇问题的实质及分析思路 的材料 phys-zhuiji-shuxue-fenxi-pan-ding-shi、ext-phy-01e836b4b4-001b 覆盖。,
dir_batch_006.csv#558,PHYSICS,图象法,COVERED,未命中节点；definition 的图象法（x-t 图相交即相遇、v-t 图比较面积、vt 交点只表示速度相等、被追物体匀减速时先判断是否已停止）由节点 图象法 的材料 ext-phy-fb23e0c4e3-005、ext-phy-b6bd732b19-024、ext-phy-ab8080ef1c-019 与节点 匀变速直线运动的规律-多过程问题 的材料 phys-shache-xianpan-tingzhi 覆盖。,
dir_batch_006.csv#559,PHYSICS,追及问题的常见类型,COVERED,命中节点 追及问题的常见类型；definition 的两类（速度小者追速度大者、速度大者追速度小者）由 ext-phy-57694a080c-022b、ext-phy-0928df672e-004b、ext-phy-b6bd732b19-022、phys-fx-chase-slow-chase-fast-conclusion 覆盖。,
dir_batch_007.csv#560,PHYSICS,追及问题的分析和解题思路,COVERED,节点 追及问题的分析和解题思路 的材料 ext-phy-153b6bf4b8-009（分析追及相遇问题的三种方法）、ext-phy-7a98dc3927-014（两物体速度相同时间距取极值、恰好不相撞的三种解法）、ext-phy-5a5050007c-014（追及相遇问题的五步解题法）与 ext-phy-1973c2d598-001（追及相遇的类型与分析工具）已覆盖该考点的分析思路与临界条件；definition 为新能源汽车自动驾驶的模拟题题干。,
dir_batch_007.csv#561,PHYSICS,在1T末、2T末、3T末、4T末……n T末的速度比为：1：2：3……：n。,COVERED,同 slug 节点 在1t末-2t末-3t末-4t末-n-t末的速度比为-1-2-3-n（初速度为零的匀变速直线运动比例式）的材料 phys-lingchusu-shijian-dengfen-sudubi（按时间等分的速度比 1:2:…:n）、phys-lingchusu-wei-yi-dengfen-sudubi（按位移等分的速度比）以及多条 初速度为零的匀变速直线运动的四个比例式 材料覆盖了 definition 的速度比、位移比（1:4:9、1:3:5）与时间比；definition 末段为动车进站的模拟题题干。,
dir_batch_007.csv#562,PHYSICS,匀变速直线运动的规律——多过程问题,COVERED,节点 匀变速直线运动的规律-多过程问题 的材料 ext-phy-7a98dc3927-008（前段末速度衔接后段初速度）、ext-phy-911b33ff4a-012（交接处速度是连接各段运动的纽带）、ext-phy-fbb7496651-021 与 phys-hj2-duoguocheng-shache-xianjing（分段列式、以衔接速度为纽带、刹车类先判断停止时间）已覆盖 definition 的分段分析与衔接速度；definition 末段为急动度模拟题题干。,
dir_batch_007.csv#563,PHYSICS,解题方法：,COVERED,自由落体运动 节点的材料 ext-phy-6a1921c3b9-002（两条易错提醒：中间截取的一段不是自由落体以及比例式的使用前提）、ext-phy-202a7903f4-004（自由落体的比例式与截取段辨析）与 ext-phy-04489b97eb-015（自由落体规律的迁移使用与易错）覆盖 definition 的初速度为零匀变速规律全部适用与中间截取段不是自由落体；definition 末段为水柱模拟题题干。,
dir_batch_007.csv#564,PHYSICS,竖直上抛运动的处理方法：,COVERED,节点 竖直上抛运动的处理方法 的材料 phys-hj-125-vertical-throw-multi-solution（竖直上抛的多解性）、ext-phy-04489b97eb-017（因运动方向、位置不确定造成多解）与 ext-phy-6a1921c3b9-004（经过同一点时的两解取舍）覆盖 definition 的多解性提醒；definition 末段为小球碰撞模拟题题干。,
dir_batch_007.csv#565,PHYSICS,应用匀变速直线运动规律解题的基本思路,COVERED,节点 应用匀变速直线运动规律解题的基本思路 的材料 ext-phy-1f8509343a-005 与本条同名（画过程示意图、判断运动性质、选取正方向、选用公式列方程、解方程并讨论），ext-phy-dd27cab1b4-003b 与 ext-phy-fbb7496651-018 覆盖同一思路；definition 为箭头串“→→→→”（原流程图内容在抽取中丢失），考点本身已被覆盖。,
dir_batch_007.csv#566,PHYSICS,匀变速直线运动问题常用的解题方法,COVERED,节点 匀变速直线运动问题常用的解题方法 的材料 phys-hj3-suvat-six-methods（六种解法）、phys-fx-suvat-formula-selection（按题目涉及的物理量选公式）与 ext-phy-ffaf425747-004（公式的矢量性与正方向选取、两类特殊匀减速）覆盖 definition 的解题方法；definition 为 AEB 自动刹车的模拟题题干。,
dir_batch_007.csv#567,PHYSICS,力的基础概念（重力、弹力、摩擦力）,COVERED,节点 力的基础概念-重力-弹力-摩擦力 的材料 ext-phy-b8d5634019-002（力的定义与作用效果）、ext-phy-142d74029b-002（力的概念、作用效果与两种分类）、ext-phy-206fb04353-112b（重力、弹力与摩擦力）与 ext-phy-1824f038cb-001 已覆盖该节点的重力、弹力、摩擦力与力的概念；definition 仅为节标记“一、力”。,
dir_batch_007.csv#568,PHYSICS,性质：,COVERED,definition 为力的四个性质（物质性、相互性、矢量性、独立性）；节点 力的基础概念-重力-弹力-摩擦力 的材料 ext-phy-b6f8cbe195-002（力的定义、作用效果与基本性质：物质性、相互性、矢量性和独立性）、ext-phy-e3c0479174-003（四大特征）与 ext-phy-142d74029b-002 已覆盖。,
dir_batch_007.csv#570,PHYSICS,定义：由于地球吸引而使物体受到的力叫做重力。,COVERED,definition 为“重力不是万有引力”；节点 重力 的材料 ext-phy-1824f038cb-002（重力是万有引力的一个分力、方向总是竖直向下、重心是等效作用点）、ext-phy-f2e423daf2-001（重力是地球对物体万有引力的一个分力）与 ext-phy-2a5119abec-002（重力由地球吸引产生但不等于万有引力）已覆盖。,
dir_batch_007.csv#571,PHYSICS,大小：G＝mg，可用弹簧测力计测量．,COVERED,definition 为 G＝mg 及 g 随纬度、高度变化；节点 重力 的材料 ext-phy-2a5119abec-002（g 随纬度增大而增大、随高度增大而减小）、wusan-phy-v-329da00d（海拔越高 g 越小、纬度越高 g 越大）与 ext-phy-e3c0479174-004（用 G=mg 计算或弹簧测力计测量、同一物体在两极比赤道重）已覆盖。,
dir_batch_007.csv#573,PHYSICS,形变,COVERED,definition 与节点 形变 的材料 ext-phy-6e94da6fe8-008（形变与弹性限度）和 ext-phy-b6f8cbe195-006（形变、弹性形变与弹性限度）逐条对应：形变的定义、弹性形变、弹性限度。,
dir_batch_007.csv#574,PHYSICS,弹力的定义及产生条件,COVERED,节点 弹力的定义及产生条件 的材料 phys-kb-elastic-force-condition（弹力产生的条件是直接接触且接触处发生形变）、ext-phy-db2f426334-001（判断弹力有无的三种方法：条件法、假设法、状态法）、ext-phy-1824f038cb-003 与 ext-phy-142d74029b-004 已覆盖 definition 的定义、产生条件与有无判断。,
dir_batch_007.csv#575,PHYSICS,弹力的方向,COVERED,节点 弹力的方向 的材料 ext-phy-03b9349251-009（各类接触方式下弹力的方向：面面、点面、曲面接触，绳只能拉、杆可拉可压）、ext-phy-21f2aa2fbf-002（弹力方向判断归纳：有面垂直于面、有绳沿绳、有杆不一定沿杆）与 ext-phy-e3c0479174-005c 覆盖 definition 的三种接触方式与三类弹力方向。,
dir_batch_007.csv#576,PHYSICS,弹力的大小,COVERED,节点 弹力的大小 的材料 phys-hj2-tanli-daxiao-queding-fangfa（弹簧类用胡克定律、非弹簧类由平衡条件或牛顿第二定律结合其他力求出）、ext-phy-2f9ea8e0cd-001c（弹力大小的三种求法）与 ext-phy-b8d5634019-006（弹簧弹力用 F=kx，其他弹力由平衡条件或牛顿第二定律求解）已覆盖 definition 的弹簧弹力与非弹簧弹力两条计算路径。,
dir_batch_007.csv#577,PHYSICS,摩擦力,COVERED,节点 摩擦力 的材料 ext-phy-e621c97f4b-007（摩擦力的定义）、ext-phy-e621c97f4b-008（摩擦力产生的三个条件）、ext-phy-afa44298fc-001b（明晰三个方向：运动方向、相对运动方向与相对运动趋势方向）、ext-phy-1824f038cb-006（判断摩擦力方向的方法）与 ext-phy-9142eeb79f-012b（叠放物块刚要滑动的临界条件）覆盖 definition 的定义、产生条件、方向辨析与分类。,
dir_batch_007.csv#578,PHYSICS,滑动摩擦力,COVERED,节点 滑动摩擦力 的材料 phys-kb-sliding-friction-formula（f=μFN，方向与相对滑动方向相反）、phys-fx-friction-calculation-notes（正压力不一定等于重力、与速度与接触面积无关）、ext-phy-9142eeb79f-001c（与接触面积无关）与 ext-phy-485c4ea6f5-008 已覆盖 definition 的定义、大小公式、方向与特点。,
dir_batch_007.csv#579,PHYSICS,静摩擦力,COVERED,节点 静摩擦力 的材料 ext-phy-821b9ad2a0-001（静摩擦力的大小与方向）、ext-phy-e3c0479174-006b（定义与大小范围：零与最大静摩擦力之间）、ext-phy-548b1275c5-001b（判断有无与方向的三种方法）与 ext-phy-f88d1938f5-009（由平衡条件或牛顿第二定律反求大小）覆盖 definition 的定义、大小范围与方向可变。,
dir_batch_007.csv#580,PHYSICS,静摩擦力与滑动摩擦力的比较,COVERED,节点 静摩擦力与滑动摩擦力的比较 的材料 ext-phy-59dd10c06b-002b（静摩擦力在 0 与最大静摩擦力之间、滑动摩擦力为 μFN，两者都要求接触面粗糙且有压力）、ext-phy-b6f8cbe195-012b（最大静摩擦力略大于滑动摩擦力）与 ext-phy-1824f038cb-006（判断摩擦力方向的方法）已覆盖 definition 的摩擦力有无与判断方法。,
dir_batch_007.csv#581,PHYSICS,核心规律（受力分析、力的合成与分解、共点力的平衡）,COVERED,节点 核心规律-受力分析-力的合成与分解-共点力的平衡 的材料 phys-mo-l07-equilibrium-e（受力分析与共点力的平衡·易混概念辨析）、phys-mo-l06-force-composition-n（力的合成与分解·计算注意事项）、phys-hj2-duoli-zhengjiao-fenjie-qiughe（多个力合成与正交分解求合力）与 phys-hj2-gongdianli-pingheng-jiie-fangfa（共点力平衡问题的求解方法）覆盖该复习节点的三块内容；definition 仅为节标记“一、受力分析”。,
dir_batch_007.csv#582,PHYSICS,定义与目的：,COVERED,definition 为受力分析的定义与目的（分析全部外力并用于牛顿运动定律解题）；材料 ext-phy-54c139638b-001（受力分析的定义与顺序）、ext-phy-18c0d3dd54-005（把研究对象所受全部外力找出来画受力图）与 phys-mo-l07-equilibrium-b（按研究对象—隔离—画图—检查找出全部外力）已被正式节点 整体法与隔离法在受力分析中的应用 收录；包内无独立节点 受力分析。,
dir_batch_007.csv#583,PHYSICS,基本原则：,COVERED,definition 为受力分析的基本原则（先场力后接触力、只画外力不画内力）；材料 ext-phy-c8f34b4a1e-001（按场力、接触力、其他力的顺序进行，只分析外力与性质力等原则）、ext-phy-8e423fa2e7-005（按重力、弹力、摩擦力、其他场力的顺序逐一检查）与 ext-phy-b8a5ff7e81-001（先重力与已知力，再按接触面分析弹力与摩擦力）已覆盖，均挂在节点 整体法与隔离法在受力分析中的应用。,
dir_batch_007.csv#584,PHYSICS,常见力分析：,COVERED,definition 为重力、弹力、摩擦力三种常见力的分析要点；材料 ext-phy-206fb04353-112b（重力、弹力与摩擦力：重力随纬度高度变化、胡克定律与摩擦力的计算式，挂节点 力的基础概念-重力-弹力-摩擦力）、ext-phy-1824f038cb-005b（摩擦力的产生条件、方向与大小）与 phys-mo-l05-three-nature-forces-b-4 已覆盖三种常见力的方向与大小结论。,
dir_batch_007.csv#585,PHYSICS,分析步骤：,COVERED,definition 为受力分析五步（定对象、画重力、找接触处分析弹力、判断摩擦力、检查）与牛顿定律的列式；材料 ext-phy-59dd10c06b-009b（确定研究对象—先场力后接触力—检查周围物体—画受力示意图）、ext-phy-b9ef1327f8-002（受力分析的步骤与要点）与 ext-phy-206fb04353-007b（三步做受力分析、保证不漏力不多力）已覆盖，挂节点 整体法与隔离法在受力分析中的应用；平衡与加速的列式由共点力平衡与牛顿第二定律材料覆盖。,
dir_batch_007.csv#586,PHYSICS,特点：,COVERED,definition 为合力与分力的特点（等效性、同体性、瞬时性、矢量性）；节点 力的合成 的材料 ext-phy-ff426b02e4-002（合力与分力是等效替代关系）、ext-phy-445f88143b-004（合力与分力针对同一受力物体）与 ext-phy-f9c8d091e9-001（矢量运算的四条路径）覆盖等效性、同体性与矢量性。,
dir_batch_007.csv#587,PHYSICS,合力范围：,COVERED,节点 合力范围 的同名材料（ext-phy-21f2aa2fbf-010、ext-phy-d95af4f7b3-002b、ext-phy-f9c8d091e9-002b、phys-hj2-hel-li-fanwei 等 19 条）覆盖 definition 的“合力可能大于、小于或等于任一分力”“|F1-F2|≤F≤F1+F2”“合力为零即平衡”等内容。,
dir_batch_007.csv#589,PHYSICS,特点：,COVERED,definition 为力的分解的特点（等效性、同体性、矢量性、不确定性即无限解）；节点 力的分解 的材料 ext-phy-7c281e2eb1-004（同一个力可以有无数种分解方式）、ext-phy-f9c8d091e9-003b（没有约束条件时分解结果不唯一）与 ext-phy-445f88143b-007 覆盖四个方面。,
dir_batch_007.csv#590,PHYSICS,分解法则：,COVERED,definition 为分解法则（平行四边形定则与三角形定则）；节点 力的分解 的材料 ext-phy-eed17c1c1b-005b（遵循平行四边形或三角形定则）、ext-phy-67e356d572-001c（力的分解的定义、运算法则与两种方法）与 ext-phy-3cf6eab2f0-002 已覆盖。,
dir_batch_007.csv#591,PHYSICS,分解方法：,COVERED,definition 为分解方法（按作用效果分解与正交分解法及典型实例、步骤）；节点 力的分解 的材料 ext-phy-59dd10c06b-006b（效果分解法与正交分解法）、ext-phy-f26b1b9e49-007（按效果分解的三种典型实例：水平拉物体、球压墙面、支架受拉受压）、ext-phy-3a8af85e91-007b（按效果分解的三步）与 ext-phy-3a8af85e91-008 已覆盖。,
dir_batch_007.csv#592,PHYSICS,平衡条件： (根本条件) 作用在物体上的所有共点力的合力为零。即 F_合 = 0。,COVERED,definition 为平衡条件 F合=0 与分量式 ΣFx=0、ΣFy=0；同 slug 节点 平衡条件-根本条件-作用在物体上的所有共点力的合力为零-即-f_合-0 的材料 phys-gongdianli-pingheng-tiao-jian（共点力平衡条件（合力为零））、phys-kb-equilibrium-condition、ext-phy-8e423fa2e7-007（正交分解法解平衡问题）与 ext-phy-18c0d3dd54-007（平衡状态与平衡条件的推论）已覆盖。,
dir_batch_007.csv#593,PHYSICS,核心特点：,COVERED,definition 为平衡状态的核心特点（a=0、静止或匀速、正交分解法求解流程）；节点 共点力平衡 的材料 ext-phy-6137d43959-007（正交分解法处理多力平衡的步骤）、ext-phy-d22f36c833-003（共点力平衡的条件与求解方法）与 ext-phy-7d0bfd3fcc-005（共点力平衡的状态、条件与推论）已覆盖。,
dir_batch_007.csv#594,PHYSICS,特殊情形：三力平衡,COVERED,节点 特殊情形-三力平衡 的材料 ext-phy-b8a5ff7e81-003（三力汇交原理与封闭三角形：三力首尾相接构成封闭三角形）与 phys-fuzhu-yuan-zhengxian-dingli-fa（三力平衡之辅助圆（正弦定理）法）覆盖 definition 的力的三角形法则与“任意两个力的合力与第三个力等大反向共线”的推论。,
dir_batch_007.csv#595,PHYSICS,动态平衡问题：,COVERED,同 slug 节点 动态平衡问题 的材料 phys-dongtai-pingheng-ding-yi-ti-yan（定义与题眼）、phys-hj2-tujiefa-dongtai-pingheng（图解法）、phys-hj2-jiexifa-dongtai-pingheng（解析法）、ext-phy-d7ae747433-003（相似三角形法与力的外接圆法）与 ext-phy-6137d43959-015（动态平衡的三种基本方法）已覆盖 definition 的定义、三种分析方法与要点。,
dir_batch_007.csv#596,PHYSICS,摩擦力的突变类问题,COVERED,节点 摩擦力的突变类问题 的材料 phys-hj2-mocali-tubian-sizhong-leixing（摩擦力突变的四种类型）、ext-phy-f88d1938f5-011（摩擦力突变问题的分析要点）与 ext-phy-1d6d684ee4-003（四种类型各自的触发条件与变化规律）覆盖 definition 的突变概念、根本原因与分类一。,
dir_batch_007.csv#597,PHYSICS,静摩擦 → 滑动摩擦 (大小突减)：,COVERED,节点 静摩擦-滑动摩擦-大小突减 的材料 ext-phy-934e377dcb-015（外力增大到等于最大静摩擦力时物体处于临界状态，略微超过则摩擦力瞬间减小为滑动摩擦力，方向通常不变而大小突变）与 ext-phy-f88d1938f5-013（静—动突变）已完整覆盖 definition。,
dir_batch_007.csv#598,PHYSICS,滑动摩擦 → 静摩擦 (大小可能突增)：,COVERED,节点 滑动摩擦-静摩擦-大小可能突增 的材料 ext-phy-f88d1938f5-014（动—静突变：做减速运动的物体突然停止相对滑行时滑动摩擦力变为静摩擦力）与 ext-phy-934e377dcb-018（摩擦力突变的通用分析步骤）覆盖 definition 的场景、方向可能改变与临界点识别。,
dir_batch_007.csv#599,PHYSICS,接触面性质突变：,COVERED,definition 为接触面性质突变（越过材质交界面时 μ 改变，使最大静摩擦力与滑动摩擦力突变）；节点 摩擦力的突变类问题 的材料 ext-phy-03b9349251-016（摩擦力突变的成因与分析方法：正压力或动摩擦因数变化都会使滑动摩擦力变化）已覆盖该突变成因。,
dir_batch_007.csv#600,PHYSICS,外部作用导致 N 突变：,COVERED,节点 外部作用导致-n-突变 的材料 ext-phy-b60733a89d-021（摩擦力突变的临界分析：正压力或动摩擦因数变化都会使滑动摩擦力变化）与节点 静摩擦力与滑动摩擦力的比较 的材料 phys-kb-friction-mutation-judge（摩擦力突变的判断方法）覆盖 definition 的施加或撤除垂直力使 N 突变、静摩擦力需按平衡重新计算。,
dir_batch_007.csv#601,PHYSICS,斜面倾角突变 (等效于 N 变)：,COVERED,节点 斜面倾角突变-等效于-n-变 的材料 ext-phy-934e377dcb-016（斜面倾角突变引起的摩擦力突变：θ 突变时正压力 N＝mgcosθ 突变，最大静摩擦力与滑动摩擦力随之成比例突变）与 definition 逐条对应。,
dir_batch_007.csv#602,PHYSICS,外力方向突变：,COVERED,definition 为外力方向突变（水平力拉物体突然反向推，相对运动趋势方向反转使静摩擦力方向立即反转）；节点 摩擦力的突变类问题 的材料 ext-phy-f88d1938f5-012（静—静突变：相对运动趋势方向改变引起的静摩擦力突变）与 ext-phy-a44e624300-005（其他力变化时静摩擦力大小或方向可能突变）已覆盖该机理。,
dir_batch_007.csv#604,PHYSICS,约束条件改变：,COVERED,definition 为约束条件改变（绳子突然断裂、被拉住或松开使受力与运动趋势剧变，摩擦力方向与大小可能突变，用假设光滑法判趋势并按新的 F合 确定静摩擦力）；材料 ext-phy-934e377dcb-018（摩擦力突变的通用分析步骤：找临界点并按静动转换、正压力、相对运动趋势三类判断，静摩擦方向可用假设光滑法判断并检验）与 ext-phy-f88d1938f5-019（摩擦力突变问题的注意事项）已覆盖该分析方法，未命中专属节点。,
dir_batch_007.csv#605,PHYSICS,共点力的动态平衡,COVERED,节点 共点力的动态平衡 的材料 ext-phy-b6bd732b19-030（动态平衡的核心方法与矢量三角形）、ext-phy-7fc0771aeb-003（动态平衡的四种解题方法）与 ext-phy-6137d43959-014（动态平衡的含义与特征）已覆盖 definition 的定义（F合=0、a=0，缓慢变化中某些力大小或方向改变而始终平衡）。,
dir_batch_007.csv#606,PHYSICS,特点：,COVERED,definition 为动态平衡的三个特点（过程缓慢可视作准静态、合力恒为零、力可变）；节点 共点力的动态平衡 的材料 ext-phy-6137d43959-014（一部分力的大小或方向缓慢变化，过程中每个状态都近似满足平衡条件）与 ext-phy-7fc0771aeb-002（动态平衡的含义与识别）已覆盖。,
dir_batch_007.csv#607,PHYSICS,核心分析方法：,COVERED,definition 为动态平衡的核心分析方法（图解法/矢量三角形法、解析法/正交分解、相似三角形法）；节点 共点力的动态平衡 的材料 ext-phy-59dd10c06b-012（图解法与辅助圆法）、ext-phy-7fc0771aeb-003（四种解题方法）与 ext-phy-16bba6e0e1-003（分析流程）已覆盖三种方法及其适用条件。,
dir_batch_007.csv#608,PHYSICS,受力分析多力漏力——受力分析方法,COVERED,节点 受力分析多力漏力-受力分析方法 的材料 ext-phy-18c0d3dd54-006（受力分析的常见错误与纠正：防漏力、防添力）、ext-phy-b85d6e94ac-001（顺序与三重检验）、ext-phy-8e423fa2e7-004（受力分析的口诀：重力一定有、弹力看接触、摩擦看相对）与 ext-phy-1824f038cb-006（判断摩擦力方向用假设法）覆盖 definition 的易错点、方法与口诀。,
dir_batch_007.csv#609,PHYSICS,共点力的平衡临界极值问题——临界条件,COVERED,节点 共点力的平衡临界极值问题-临界条件 的材料 phys-fx-equilibrium-critical-extreme-conditions（脱离与不脱离的临界是弹力为零、绳断临界是张力达最大值、绳松弛临界是张力为零、相对滑动临界是静摩擦达最大）、ext-phy-b85d6e94ac-020（题中出现刚好、恰好即对应临界状态）与 ext-phy-b85d6e94ac-025（三个易错点）已覆盖 definition 的“恰好滑动/脱离”与临界标志条件。,
dir_batch_007.csv#610,PHYSICS,整体法与隔离法在受力分析中的应用,COVERED,节点 整体法与隔离法在受力分析中的应用 的材料 ext-phy-d559834597-003（求加速度用整体法、求内力用隔离法）、ext-phy-206fb04353-007c（整体法与隔离法的选用）、ext-phy-59dd10c06b-009c 与 ext-phy-b8a5ff7e81-002 已覆盖 definition 的两类方法、对象、目的与选用策略。,
dir_batch_007.csv#611,PHYSICS,相似三角形、动态三角形、拉密定理等方法解决临界极值问题,COVERED,同 slug 节点 相似三角形-动态三角形-拉密定理等方法解决临界极值问题 的材料 phys-xiang-si-sanjiaoxing-fa（三力平衡之相似三角形法）、ext-phy-b6bd732b19-035（动态平衡之相似三角形法：找与矢量三角形相似的几何三角形，用相似比建立力的关系）、phys-kb-three-force-balance-methods 与 ext-phy-b6bd732b19-033b（拉密定理的推导与用法：各力与另外两力夹角的正弦成正比）、ext-phy-b6bd732b19-029（三力平衡中外力取最小值的条件）与 definition 的相似三角形法、动态三角形法与拉密定理及极值用法逐条对应。,
dir_batch_007.csv#613,PHYSICS,意义：,COVERED,definition 为牛顿第一定律的意义（揭示惯性、揭示力是改变运动状态的原因、不受力与合外力为零时运动状态相同、非实验定律）；节点 牛顿第一定律 的材料 ext-phy-b3694e856f-002（由理想斜面实验推得、不能由实际实验直接验证）、ext-phy-2890a8a6ef-004（物理意义：揭示不受力时的运动规律、提出一切物体都有惯性、力是改变运动状态的原因）与 ext-phy-3acd9606ca-003（描述的是理想化状态）已覆盖。,
dir_batch_007.csv#614,PHYSICS,惯性参考系：,COVERED,definition 为惯性参考系的定义与特点（牛顿第一定律严格成立、不存在虚构力、可直接应用 F=ma）；节点 非惯性参考系 的材料 phys-hj2-guanxing-cankaoxi-feiguanxing（牛顿运动定律适用的参考系是惯性参考系；相对地面加速的参考系是非惯性系，需引入惯性力才能沿用牛顿定律形式）已覆盖；包内无独立节点 惯性参考系。,
dir_batch_007.csv#615,PHYSICS,非惯性参考系：,COVERED,节点 非惯性参考系 的材料 phys-hj2-guanxing-cankaoxi-feiguanxing（相对地面加速的参考系是非惯性系，需引入惯性力）与 ext-phy-a833eaa9d7-005（科里奥利力的方向与大小）覆盖 definition 的定义、特点、惯性力/离心力/科里奥利力。,
dir_batch_007.csv#616,PHYSICS,定义：物体具有保持原来匀速直线运动状态或静止状态的性质。质量是惯性的唯一量度,COVERED,definition 为惯性的定义（保持原有运动状态的性质，质量是唯一量度）与“只与质量有关、与运动情况、受力情况、位置无关”的提醒；同 slug 节点 定义-物体具有保持原来匀速直线运动状态或静止状态的性质-质量是惯性的唯一量度 的材料 phys-kb-inertia-mass-only（惯性只与质量有关，与速度、受力、位置无关）、ext-phy-b6feafc5c0-001b（惯性的定义与量度）与 ext-phy-5d0bc8b3d5-001b（对惯性的理解）已覆盖。,
dir_batch_007.csv#617,PHYSICS,惯性的两种表现形式,COVERED,节点 惯性的两种表现形式 的材料 ext-phy-097712ced9-002b（不受力时表现为保持原状态，受合外力时表现为改变运动状态的难易程度）、ext-phy-2890a8a6ef-007（惯性是固有属性且只由质量决定）与 phys-hj-030-inertia-two-forms 已覆盖 definition 的两种表现与“惯性不是力、与惯性定律有区别”的提醒。,
dir_batch_007.csv#618,PHYSICS,公式：,COVERED,definition 为 F=ma 各量含义、适用条件（惯性参考系、宏观低速）与四个性质（瞬时性、矢量性、同体性、独立性）及“速度不可突变”；节点 牛顿第二定律 的材料 ext-phy-b6feafc5c0-001c 与 ext-phy-ce8a9041be-004（牛顿第二定律的五个性质）、ext-phy-b3694e856f-008（加速度两个表达式的对比）、ext-phy-c1604f2b20-007b（适用条件与独立性）以及节点 牛顿第二定律的理解-五性 的同名材料已覆盖。,
dir_batch_007.csv#619,PHYSICS,单位制：由基本单位和导出单位共同构成，常考：国际单位制（SI），国际制基本单位,COVERED,definition 为单位制由基本单位与导出单位构成、7 个基本单位与导出单位举例；同 slug 节点 单位制-由基本单位和导出单位共同构成-常考-国际单位制-si-国际制基本单位 的材料 phys-kb-si-unit-basic-derived、phys-hj-035-unit-system-si、phys-hj2-lixue-danweizhi-jbdc、ext-phy-4425390676-002c（国际单位制中的基本单位）等 13 条已覆盖。,
dir_batch_007.csv#620,PHYSICS,作用力与反作用力,COVERED,节点 作用力与反作用力 的材料 phys-kb-newton-third-law-pairs（作用力与反作用力等大反向共线且同性质、作用在两个物体上）、ext-phy-c308ac34b5-002（六同三异二无关）、ext-phy-ce8a9041be-008（与一对平衡力的比较）与 ext-phy-7d0bfd3fcc-002 覆盖 definition 的力的相互性、牛顿第三定律表述与平衡力比较。,
dir_batch_007.csv#621,PHYSICS,对牛顿第三定律的理解,COVERED,节点 对牛顿第三定律的理解 的材料 phys-fx-action-reaction-vs-balance-pairs（三同、三异、三无关，与平衡力的本质区别是作用在不同物体上）、ext-phy-ce8a9041be-007 与 ext-phy-bb84aa4cd5-006（作用力与反作用力的三同三异三无关）已覆盖 definition 的表达式、三个性质、四个特征与“总是”的含义。,
dir_batch_007.csv#622,PHYSICS,牛顿运动三定律的理解和应用,COVERED,节点 牛顿运动三定律的理解和应用 的材料 phys-mo-l09-newton-laws-basic-e（牛顿运动定律的理解及基本应用·易混概念辨析）、phys-mo-l10-newton-methods-e、phys-mo-l11-newton-models-e（综合应用·计算注意事项）、ext-phy-28d96980f3-065（牛顿第二定律与直线运动结合的解题思路）与 ext-phy-206fb04353-113b（牛顿运动定律与超重失重）覆盖该节点内容；definition 仅为节标记“一、两类动力学问题”。,
dir_batch_007.csv#623,PHYSICS,动力学的两类基本问题的解题步骤,COVERED,节点 动力学的两类基本问题的解题步骤 的材料 phys-kb-dynamics-two-bridge（加速度是联系力和运动的桥梁、连接点速度是联系各过程的桥梁）、ext-phy-d8098ad0ee-003（定对象、画示意图、定正方向、判类型、列方程五步）、phys-hj3-two-basic-problems-dynamics 与 ext-phy-5d14589ca2-002（两类分析与两个桥梁）已覆盖 definition 的两个桥梁与解题步骤。,
dir_batch_007.csv#625,PHYSICS,对超重和失重的理解应当注意的问题,COVERED,节点 对超重和失重的理解应当注意的问题 的材料 ext-phy-b3694e856f-018（三点提醒：只由加速度方向决定而与速度方向无关、重力本身不变只是视重改变）、phys-kb-overweight-weightless-judge（超重失重只取决于加速度方向）、phys-hj2-weixing-chaozhong-shizhong（卫星运行中的超重与失重）与 ext-phy-5ec6530849-003 已覆盖 definition 的三点注意。,
dir_batch_007.csv#626,PHYSICS,等时圆使用条件：,COVERED,同 slug 节点 等时圆使用条件 的材料 ext-phy-7849f072e7-009（等时圆的使用条件：弦必须光滑、由静止下滑且两端在同一竖直圆上，下滑时间只由圆的半径决定）、ext-phy-b6bd732b19-038b（结论的推导与适用条件：t=√(2d/g) 只与直径有关）、ext-phy-56d13ed09a-005 与 ext-phy-b6bd732b19-039 已覆盖 definition 的使用条件与结论。,
dir_batch_007.csv#627,PHYSICS,模型示意图：,COVERED,definition 为等时圆模型的证明过程（作辅助线、用直径所对圆周角为直角、结合牛顿第二定律与几何关系求下滑时间）；节点 几种等时圆模型分析 的材料 ext-phy-893c61cfa9-026（三种等时圆模型与时间推导）、ext-phy-3172381ee7-001（等时圆模型的结论与证明）与 phys-kb-isochronous-circle-model 已覆盖该推导；同名 slug 节点 模型示意图 实为“力的图示与力的示意图”，与本条无关。,
dir_batch_007.csv#628,PHYSICS,几种等时圆模型分析,COVERED,节点 几种等时圆模型分析 的材料 phys-kb-isochronous-circle-model（光滑等时圆中沿不同弦由静止滑到最低点用时相同）、ext-phy-893c61cfa9-026（三种等时圆模型与时间推导）、ext-phy-56d13ed09a-001b（五类光滑斜面上运动时间的比较）与 ext-phy-7849f072e7-008 已覆盖 definition 的模型分析与拓展应用；definition 末段为三圆三杆的模拟题题干。,
dir_batch_007.csv#629,PHYSICS,牛顿第二定律的理解：“五性”,COVERED,节点 牛顿第二定律的理解-五性 的材料 ext-phy-b6feafc5c0-001c（六性与两个表达式）、ext-phy-b3694e856f-008（加速度两个表达式的对比）、ext-phy-c1604f2b20-007b（适用条件与独立性）与 ext-phy-ce8a9041be-004（五个性质）覆盖 definition 的合力与加速度、速度的关系、定义式与决定式的区别。,
dir_batch_007.csv#630,PHYSICS,解题的思路,COVERED,definition 为应用牛顿第二定律解题的思路（选对象受力分析、求合力、由 F=ma 求加速度、结合运动学公式求解）；节点 应用牛顿第二定律解题的方法 的材料 ext-phy-d4160369ce-003b（确定研究对象、受力与运动分析、求合力或加速度、列方程四步）、ext-phy-d4160369ce-005（矢量合成法与正交分解法）与 ext-phy-7849f072e7-006（两类基本问题以加速度联系力与运动）已覆盖；definition 末段为题干。,
dir_batch_007.csv#631,PHYSICS,连接体问题,COVERED,节点 连接体问题 的材料 phys-hj2-lianjieti-neiwaib-gainian（连接体与内力、外力）、ext-phy-2f1b8bb7d5-002（连接体的定义与构成方式、外力与内力）、ext-phy-b6bd732b19-040（内力公式求连接体内力）与 phys-hj3-force-assignment-principle（共速连接体合力的分配原理）已覆盖 definition 的连接体定义与外力内力。,
dir_batch_007.csv#632,PHYSICS,连接体的运动特点,COVERED,节点 连接体的运动特点 的材料 phys-hj2-lianjieti-yundong-tedian（轻绳伸直时两端沿绳方向速度相等、轻杆平动共速转动同角速度、弹簧形变最大时两端速率相等）、ext-phy-2f1b8bb7d5-004、ext-phy-d559834597-002 与 ext-phy-a7a7e2884d-001（四类常见连接体的运动特点）与 definition 逐条对应。,
dir_batch_007.csv#633,PHYSICS,板块模型,COVERED,节点 板块模型 的材料 ext-phy-893c61cfa9-010（同向运动的位移之差等于板长、相向运动的位移之和等于板长）、ext-phy-893c61cfa9-013（两个临界条件：共速瞬间摩擦力可能突变、滑到边缘共速为滑离临界）、ext-phy-290632b30c-001 与 ext-phy-b6bd732b19-046（必做的两步操作）已覆盖 definition 的位移关系、相对滑动判断与分析方法。,
dir_batch_007.csv#634,PHYSICS,倾斜传送带,COVERED,节点 倾斜传送带 的材料 phys-qingxie-chuansongdai-san-guan-jian（相对运动定摩擦力、判断能否共速、共速后由 μ 与 tanθ 判断后续运动）、ext-phy-893c61cfa9-024（三类情形）与 ext-phy-3172381ee7-004 已覆盖该考点主体；definition 的划痕问题由 phys-hj2-chuansongdai-henhen-changdu（划痕长度：一次相对滑动取位移差，两次同向相加、反向取较长者）与 phys-fx-belt-relative-displacement-scratch 覆盖。,
dir_batch_007.csv#635,PHYSICS,瞬时性突变类问题——轻绳、轻弹簧,COVERED,节点 瞬时性突变类问题-轻绳-轻弹簧 的材料 phys-kb-instant-mutation-rope-spring（剪断或突变瞬间绳和杆的弹力可突变、弹簧弹力保持不变）、ext-phy-27462f56e7-001（瞬时加速度中的两类模型）、ext-phy-6e9154ae8a-013（瞬时问题的两类模型）与 ext-phy-d8098ad0ee-017 已覆盖 definition 的瞬时问题定义、两类模型与速度不可突变。,
dir_batch_007.csv#636,PHYSICS,解题思路：,COVERED,definition 为瞬时性突变类问题的解题思路（绳、杆、接触面的弹力属微小形变可突变，弹簧、橡皮绳的弹力属明显形变不能突变）；节点 瞬时性突变类问题-轻绳-轻弹簧 的材料 ext-phy-b6feafc5c0-002（剪断瞬间绳与弹簧的弹力变化）、ext-phy-7849f072e7-002（两类模型的弹力突变问题）、ext-phy-27462f56e7-001 与 ext-phy-d8098ad0ee-018（求瞬时加速度的三步流程）已覆盖。,
dir_batch_007.csv#637,PHYSICS,连接体问题的分析易错——整体法与隔离法应用,COVERED,节点 连接体问题的分析易错-整体法与隔离法应用 的材料 phys-kb-whole-body-isolation-method（求外力和整体加速度用整体法、求内力必用隔离法）、phys-lianjieti-xian-zhengti-hou-geli（先整体后隔离）、phys-kb-connected-body-force-split（一起加速的连接体相互作用力按质量比例分配）与 phys-hj2-zhengti-geri-jiaoti-yunyong（跨过滑轮绳的连接体必须用隔离法）已覆盖 definition。,
dir_batch_007.csv#638,PHYSICS,动力学图像法在动力学问题中的应用——数形结合思想,COVERED,节点 动力学图像法在动力学问题中的应用-数形结合思想 的材料 phys-kb-newton-motion-image-method（v-t、a-t、F-t、F-a 图像的斜率、截距、面积）、ext-phy-d8098ad0ee-009（四类常见图像的含义）、ext-phy-56d13ed09a-007（常见动力学图像的读法）与 ext-phy-d8098ad0ee-013（图像信息的函数化处理）已覆盖 definition 的四类图像处理。,
dir_batch_007.csv#639,PHYSICS,临界、极值问题,COVERED,节点 临界-极值问题 的材料 ext-phy-d8098ad0ee-022（四种典型临界条件：接触脱离看弹力为零、相对滑动看静摩擦力最大、绳断松弛看张力、收尾速度看加速度为零）、ext-phy-3abd4c34f3-011（由关键词识别临界极值问题）、ext-phy-ae445151cc-023（临界与极值问题的条件标志）与 ext-phy-20d9a00094-004 与 definition 逐条对应。,
dir_batch_008.csv#640,PHYSICS,求解的基本思路,COVERED,命中节点 求解的基本思路 的材料 ext-phy-c4605806a7-017（临界极值问题的求解思路：审题划分阶段、寻找变化物理量、探索变化规律、确定临界状态并找出临界关系四步）覆盖 definition 的(1)-(4)四步；尾部山东二模题干与四小问为练习题残片。,
dir_batch_008.csv#641,PHYSICS,曲线运动的基本概念与处理思想,COVERED,命中节点 曲线运动的基本概念与处理思想 的材料 ext-phy-32ce307c34-002（曲线运动的速度方向沿切线）、ext-phy-a3b64b009a-003（合力与速度不共线时做曲线运动）、ext-phy-eed7021d09-003 与 ext-phy-e3af220d30-006（合力指向凹侧、轨迹夹在合力与速度之间）覆盖 definition 所指的一、曲线运动小节。,
dir_batch_008.csv#642,PHYSICS,概念：物体运动轨迹是曲线的运动。,COVERED,条目未命中节点；曲线运动的概念与条件由 ext-phy-a3b64b009a-003、ext-phy-21fdd26a7b-001 覆盖；处理思想 运动的合成与分解 由 ext-phy-086da04e4a-006（按运动实际效果分解或采用正交分解法）与 ext-phy-14007d0207-002 覆盖。,
dir_batch_008.csv#643,PHYSICS,运动特征：,COVERED,条目未命中节点；运动特征各条由 ext-phy-a3b64b009a-003（曲线运动一定是变速运动）、ext-phy-b78e2885a0-002（变速运动不一定是曲线运动）、ext-phy-32ce307c34-002（速度方向沿切线）覆盖；速率增减判断由 ext-phy-c04f3bd3d9-003（锐角增大、钝角减小、垂直不变）覆盖；轨迹与合力的关系由 ext-phy-21d4982874-015 与 ext-phy-e3af220d30-006 覆盖。,
dir_batch_008.csv#644,PHYSICS,合成与分解法则：平行四边形法则,COVERED,命中节点 合成与分解法则-平行四边形法则 的材料 phys-fx-motion-composition-independence（独立性、等时性、两直线运动合运动的性质判据）与 ext-phy-14007d0207-002（等时性、等效性、同体性、独立性与合运动性质判断）覆盖 definition 的合运动与分运动关系及性质判断；尾部 三、小船渡河模型 为下一节标题。,
dir_batch_008.csv#645,PHYSICS,核心思想:运动分解,COVERED,命中节点 核心思想-运动分解；definition 的小船渡河分解（船的实际运动是合运动、分运动为随水漂流与相对静水航行）由包内节点 小船渡河模型 的材料 ext-phy-eb0776923d-003、ext-phy-649cc21639-004（三种速度的区分）、ext-phy-b78e2885a0-013（沿船头方向与随水流漂移两个分运动）与 phys-kb-boat-crossing-river 覆盖；尾部福建莆田三模题干为练习题残片。,
dir_batch_008.csv#646,PHYSICS,核心处理思想：运动的合成与分解 + 约束条件：,COVERED,命中节点 核心处理思想-运动的合成与分解-约束条件 的材料 ext-phy-14007d0207-004（把合运动分解为沿约束方向与垂直约束方向的分运动，绳不可伸长则沿绳速度分量相等、接触面无相对法向运动则法向速度分量相等）与 ext-phy-eb0776923d-004（必须分解实际运动速度且沿绳杆方向分速度相等）覆盖 definition 的分解依据。,
dir_batch_008.csv#647,PHYSICS,常见的速度分解模型,COVERED,命中节点 常见的速度分解模型；definition 为 2025 福建厦门三模题干残片，其知识（绳杆末端速度分解、沿绳方向分速度相等）由节点材料 phys-hj3-rope-end-velocity-model、ext-phy-924170e5b1-011、ext-phy-e97bcc3234-001b、phys-mo-l13-curved-motion-b-3 覆盖。,
dir_batch_008.csv#648,PHYSICS,抛体运动的规律及其应用,COVERED,命中节点 抛体运动的规律及其应用；节点材料 ext-phy-856c69c53e-003（平抛分运动规律）、ext-phy-856c69c53e-004b（飞行时间、水平射程与落地速度）、ext-phy-aaa052605b-005 与 ext-phy-eb0776923d-007（斜抛分解与基本规律）覆盖 definition 所指的一、平抛运动小节。,
dir_batch_008.csv#649,PHYSICS,运动性质：匀变速曲线运动，加速度恒为重力加速度 g（大小方向不变）。,COVERED,条目未命中节点；平抛的运动性质（匀变速曲线运动、加速度恒为重力加速度 g）由 ext-phy-b78e2885a0-002（加速度恒定的匀变速曲线运动如平抛）覆盖；两分运动独立性由 phys-fx-motion-composition-independence 覆盖。,
dir_batch_008.csv#650,PHYSICS,产生条件,COVERED,条目未命中节点；平抛的产生条件（初速度水平、只受重力）由 phys-hj-073-horizontal-projectile-nature（平抛运动的定义与性质：水平抛出且只受重力）覆盖。,
dir_batch_008.csv#651,PHYSICS,核心处理思想：运动的合成与分解：,COVERED,命中节点 核心处理思想-运动的合成与分解；平抛的水平匀速与竖直自由落体分运动方程由 phys-hj2-pingpao-guilv-gongshi（水平 x=v0t、竖直 y=gt²/2）与 phys-fx-projectile-basic-conclusions 覆盖；尾部甘肃白银三模题干为练习题残片。,
dir_batch_008.csv#652,PHYSICS,核心思想：运动分解：,COVERED,命中节点 核心思想-运动分解-x1；definition 的分运动方程、合速度与合位移、速度偏角与位移偏角关系 tanα=2tanθ、轨迹方程 y=gx²/(2v0²)、飞行时间与水平射程由 phys-kb-projectile-motion-formulas、phys-pingpao-sudu-fen-liang-pian-xiang-jiao、phys-pingpao-wei-yi-fen-liang-pian-xiang-jiao、phys-kb-projectile-two-conclusions 覆盖；尾部上海一模题干为练习题残片。,
dir_batch_008.csv#653,PHYSICS,定义：,COVERED,条目未命中节点；类平抛运动的定义（受恒定合外力且初速度方向与合外力方向垂直）由 phys-hj3-quasi-projectile-motion（合外力为恒力且与初速度垂直）与 phys-fx-quasi-projectile-motion 覆盖。,
dir_batch_008.csv#654,PHYSICS,与平抛的区别：,COVERED,条目未命中节点；平抛与类平抛的区别由 ext-phy-16fb5aea45-027（区别在运动平面、初速度方向和加速度三处）覆盖；类平抛的识别条件、建系与分解加速度等分析方法由 phys-hj3-quasi-projectile-motion、phys-fx-quasi-projectile-motion 与 phys-hj2-leipingpao-teshu-fenjie（按初速度方向与合力方向分解，必要时同时正交分解加速度）覆盖；尾部河南商丘三模题干为练习题残片。,
dir_batch_008.csv#655,PHYSICS,基本概念,COVERED,条目未命中节点；斜抛运动的基本概念（斜向上方抛出、只受重力、轨迹为抛物线）由 phys-hj-078-oblique-projectile-nature 与 ext-phy-845a8daf75-007 覆盖。,
dir_batch_008.csv#656,PHYSICS,运动分解（核心思想）,COVERED,条目未命中节点；斜抛的运动分解（水平匀速 vx=v0cosθ 与竖直上抛 vy=v0sinθ−gt 及其位移）由 ext-phy-eb0776923d-007、ext-phy-aaa052605b-005 与 ext-phy-924170e5b1-014b 覆盖。,
dir_batch_008.csv#657,PHYSICS,关键物理量,COVERED,条目未命中节点；射程最大条件 θ=45° 由 phys-hj-079-oblique-projectile-formulas 覆盖；斜抛对称性（上升时间等于下降时间、同一高度速度大小相等方向对称）由 ext-phy-924170e5b1-014b 与 ext-phy-3ccc1c7739-012 覆盖。,
dir_batch_008.csv#658,PHYSICS,应用场景,COVERED,条目未命中节点；斜抛应用与斜面斜抛的坐标选择由 ext-phy-924c1c57e9-012（沿斜面与垂直斜面方向分解及斜抛的第三种分解）、phys-xiepao-xie-jiao-fen-jie（斜交分解模型）与 phys-hj-079-oblique-projectile-formulas 覆盖；尾部山东德州三模题干为练习题残片。,
dir_batch_008.csv#659,PHYSICS,水平射程: ，即水平射程由初速度v0和下落高度h共同决定，与其他因素无关.,COVERED,条目未命中节点；水平射程与落地速度只由初速度 v0 和下落高度 h 决定，由 ext-phy-856c69c53e-004b（平抛运动飞行时间、水平射程与落地速度的决定因素）覆盖。,
dir_batch_008.csv#660,PHYSICS,平抛运动的两个重要结论,COVERED,命中节点 平抛运动的两个重要结论 的材料 phys-kb-projectile-two-conclusions、phys-hj2-pingpao-tuilun 与 ext-phy-b6bd732b19-061b 覆盖 definition 的两个结论及其推导（任意时刻速度偏角正切为位移偏角正切的两倍、瞬时速度反向延长线过水平位移中点）。,
dir_batch_008.csv#661,PHYSICS,平抛运动的临界问题,COVERED,命中节点 平抛运动的临界问题；definition 的障碍物相切（切点处竖直分速度满足 vy²=2gh）与落入坑洞的几何约束由 ext-phy-14007d0207-012 覆盖；最小初速度类临界由 phys-hj-077-projectile-critical-keywords、ext-phy-924170e5b1-004b（三步作图法）与 ext-phy-856c69c53e-009 覆盖。,
dir_batch_008.csv#662,PHYSICS,斜面碰撞临界,COVERED,命中节点 斜面碰撞临界 的唯一材料 ext-phy-14007d0207-012（垂直落至斜面 tanβ=gt/v0、最远撞击点位移方向与斜面平行、障碍物相切与坑洞的几何约束）完整覆盖 definition。,
dir_batch_008.csv#663,PHYSICS,平抛运动与斜面的结合分析,COVERED,命中节点 平抛运动与斜面的结合分析；斜面结合的处理（分解位移或分解速度、离斜面最远、最小位移）由 phys-hj2-pingpao-daxiemian-san-zhong-chuli、phys-hj3-projectile-incline-models、ext-phy-eb0776923d-005b 与 ext-phy-16fb5aea45-006 覆盖；尾部河北张家口三模题干为练习题残片。,
dir_batch_008.csv#664,PHYSICS,平抛运动与曲面的结合分析,COVERED,命中节点 平抛运动与曲面的结合分析；曲面（圆弧面）结合的几何约束由 phys-pingpao-zhuang-ji-yuan-hu、ext-phy-eb0776923d-006、ext-phy-206fb04353-019b 与 ext-phy-3ccc1c7739-010 覆盖；尾部广东模拟预测题干为练习题残片。,
dir_batch_008.csv#665,PHYSICS,关联速度的分析——运动分解的核心思想,COVERED,命中节点 关联速度的分析-运动分解的核心思想；definition 的核心思想（沿绳或杆方向的速度分量大小相等）由 phys-kb-related-velocity-rope、phys-hj-065-rope-related-velocity 与 ext-phy-eb0776923d-003b 覆盖；尾部山西模拟预测题干为练习题残片。,
dir_batch_008.csv#666,PHYSICS,斜抛运动的物理量求解——多过程问题,COVERED,命中节点 斜抛运动的物理量求解-多过程问题；definition 的对称性（上升与下降时间相等均为 v0sinθ/g、同一高度速度大小相等方向对称）由 ext-phy-924170e5b1-014b、ext-phy-3ccc1c7739-012 与 phys-hj-079-oblique-projectile-formulas 覆盖；尾部河南模拟预测题干为练习题残片。,
dir_batch_008.csv#667,PHYSICS,按实际作用效果分解。最典型的是将速度分解为：,COVERED,条目未命中节点；definition 的按实际作用效果分解、沿绳（杆）方向分速度改变速度大小与垂直绳（杆）方向分速度改变速度方向、斜面示例等由 ext-phy-2422726855-012（运动分解的核心思想）完整覆盖。,
dir_batch_008.csv#668,PHYSICS,按运动独立性建立坐标系：,COVERED,命中节点 按运动独立性建立坐标系 的唯一材料 ext-phy-14007d0207-015（沿初速度方向为匀速直线运动、沿重力方向为匀变速直线运动、按运动独立性建系的优势）覆盖 definition 的主体；尾部辽宁沈阳模拟预测题干为练习题残片。,
dir_batch_008.csv#669,PHYSICS,逆向、对称、极限等物理思维考查,COVERED,命中节点 逆向-对称-极限等物理思维考查 的材料 phys-fx-limit-thinking-method（极限思维法）覆盖极限一项；definition 为引入句，逆向与对称两项分别由 ext-phy-ef84b6f859-001（逆向思维：把末态当成初态反向研究）与 ext-phy-14007d0207-017b（对称性分析及其配合方法）覆盖。,
dir_batch_008.csv#670,PHYSICS,逆向思维,COVERED,命中节点 逆向思维；definition 的逆向思维含义（将末状态视为初状态反向推理）与应用由 ext-phy-ef84b6f859-001、phys-fx-reverse-thinking-selection、ext-phy-856c69c53e-016（斜上抛逆向为平抛）与 ext-phy-d0c3ca7518-001b 覆盖。,
dir_batch_008.csv#671,PHYSICS,对称性分析,COVERED,命中节点 对称性分析；利用轨迹与过程的几何或时间对称性简化问题由 ext-phy-14007d0207-017b 与 ext-phy-afa44298fc-004h 覆盖；斜抛轨迹与时间对称由 ext-phy-3ccc1c7739-012 覆盖；圆周运动在最高点最低点等特殊对称点分析受力由 ext-phy-40c49b3ca6-002b 覆盖。,
dir_batch_008.csv#672,PHYSICS,极限思想,COVERED,命中节点 极限思想 的材料 ext-phy-14007d0207-017（通过极端假设如速度极大极小、角度趋近 0° 或 90° 分析临界状态）与 ext-phy-afa44298fc-004d 覆盖 definition；尾部重庆三模题干为练习题残片。,
dir_batch_008.csv#673,PHYSICS,圆周运动的基础概念和规律,COVERED,命中节点 圆周运动的基础概念和规律；匀速圆周运动的定义、运动性质与特征（角速度、周期、转速、速率、动能恒定不变，线速度、加速度、合外力、动量不断变化）由 ext-phy-0a006a4564-001（圆周运动基础概念与规律）完整覆盖，另由 ext-phy-8193a9b90e-001 与 ext-phy-718f63a369-006 覆盖。,
dir_batch_008.csv#674,PHYSICS,向心力：,COVERED,条目未命中节点；向心力的定义、作用效果、大小与来源由 ext-phy-dbda41c245-003（向心力是效果力、大小 Fn=mv²/r=mω²r=mωv、方向指向圆心且时刻改变）、ext-phy-86c723ba5d-009（按效果命名，可由某一个力、合力或分力提供）与 ext-phy-cd32590fce-002 覆盖；汽车转弯由静摩擦提供向心力由 phys-qiche-zhuan-wan-xiang-xin-li 覆盖。,
dir_batch_008.csv#675,PHYSICS,向心加速度,COVERED,命中节点 向心加速度；definition 的物理意义、方向与大小表达式由 phys-hj2-miaoshu-yuanzhou-wuliliang（向心加速度描述线速度方向变化快慢、方向指向圆心、a=v²/r=ω²r=4π²r/T²）与 ext-phy-857fd9705d-001 完整覆盖；节点自身材料 phys-kb-centripetal-force-effect 讲向心力的性质、与本条互补；尾部浙江二模题干为练习题残片。,
dir_batch_008.csv#676,PHYSICS,圆周运动各物理量间的关系,COVERED,命中节点 圆周运动各物理量间的关系；definition 的几种传动装置（同轴转动角速度相等、皮带与齿轮传动边缘线速度大小相等）由 ext-phy-86c723ba5d-006b、ext-phy-41da651af0-002 与 phys-kb-transmission-motion-rules 覆盖。,
dir_batch_008.csv#677,PHYSICS,圆周运动的经典模型和应用,COVERED,命中节点 圆周运动的经典模型和应用；水平面内圆周运动模型由 phys-kb-train-turning-model（火车转弯）、phys-kb-arch-bridge-model（汽车过拱桥与凹形桥）、phys-hj3-conical-pendulum-bowl-model（圆锥筒）与 ext-phy-41da651af0-007b 覆盖。,
dir_batch_008.csv#678,PHYSICS,物体间恰好不发生相对滑动 的临界条件是物体间恰好达到最大静摩擦力。,COVERED,条目未命中节点；恰好不发生相对滑动的临界是最大静摩擦力且方向指向圆心由 ext-phy-0a006a4564-004 与 ext-phy-b6bd732b19-064 覆盖；汽车转弯只由摩擦力提供向心力由 phys-qiche-zhuan-wan-xiang-xin-li 覆盖。,
dir_batch_008.csv#679,PHYSICS,水平转盘上运动物体模型,COVERED,命中节点 水平转盘上运动物体模型；(1) 只有摩擦力提供向心力时的滑动临界由 ext-phy-0a006a4564-004 与 ext-phy-b6bd732b19-064 覆盖；(2) 还有绳等其他力时按题设条件判断由 ext-phy-b6bd732b19-066 与 ext-phy-924170e5b1-020 覆盖；斜面上圆周运动按控制因素分类由 ext-phy-40c49b3ca6-008 与 phys-kb-inclined-circle-motion-method 覆盖；尾部青海西宁二模题干为练习题残片。,
dir_batch_008.csv#680,PHYSICS,分析方法,COVERED,条目未命中节点；斜面圆周运动按约束类型分析、沿斜面与垂直斜面正交分解并列法向方程由 phys-kb-inclined-circle-motion-method（斜面内圆周运动按约束类型分析、法向合力提供向心力）、phys-hj3-non-uniform-circular-force 与 phys-fx-gravity-decomposition-incline 覆盖；尾部山东临沂三模题干为练习题残片。,
dir_batch_008.csv#681,PHYSICS,圆锥摆模型规律总结,COVERED,命中节点 圆锥摆模型规律总结；圆锥摆周期推导与结论（摆高 h=Lcosθ、周期 T=2π√(h/g) 只由摆高决定、拉力 F=mg/cosθ、加速度 a=gtanθ）由 phys-yuan-zhui-bai-moxing、ext-phy-b6bd732b19-068、ext-phy-924170e5b1-020b 与 ext-phy-cfb854d6c3-004b 覆盖。,
dir_batch_008.csv#682,PHYSICS,圆锥摆的两种变形,COVERED,命中节点 圆锥摆的两种变形；变形1（锥角相同则向心加速度相同）与变形2（摆高相同则周期与角速度相同）由 ext-phy-b6bd732b19-069（等长摆、等高摆、倒锥桶三类情形）、ext-phy-b6bd732b19-070b 与 phys-hj2-yuanzhui-bai-zhouqi-yu-baigao 覆盖；临界技巧由 ext-phy-222d1d5175-001b 与 ext-phy-41da651af0-009 覆盖；尾部浙江金华三模题干为练习题残片。,
dir_batch_008.csv#683,PHYSICS,圆周运动常见的临界状态,COVERED,命中节点 圆周运动常见的临界状态；三类临界（绳或杆弹力恰好为 0、静摩擦力达到最大值、绳张力达到最大承受值）由 ext-phy-222d1d5175-001b、ext-phy-41da651af0-009 与 ext-phy-40c49b3ca6-001b 覆盖。,
dir_batch_008.csv#684,PHYSICS,三类情况分析,COVERED,条目未命中节点；(1) 水平转盘恰好不滑动对应最大静摩擦力、(2) 绳子被拉断对应最大承受力、(3) 恰好无支持力的弹力类临界由 ext-phy-41da651af0-009（恰好滑动、恰好离开接触面、绳子恰好断裂、支持力为零四类临界条件）、ext-phy-40c49b3ca6-001b 与 ext-phy-40c49b3ca6-002（水平转盘临界出现在静摩擦力达到最大值时）覆盖；尾部河南模拟预测题干为练习题残片。,
dir_batch_008.csv#685,PHYSICS,水平面内圆周运动中的多物体牵连问题,COVERED,命中节点 水平面内圆周运动中的多物体牵连问题；绳连两物块在圆盘上的拉力临界与整体滑动临界由 ext-phy-b6bd732b19-064b（较远物块先达到绳产生拉力的临界）、ext-phy-b6bd732b19-065（质心等效法求整体滑动临界）、ext-phy-b6bd732b19-067 与 ext-phy-924170e5b1-021 覆盖。,
dir_batch_008.csv#686,PHYSICS,两个质量均为m的木块A、B用恰好伸直的轻绳相连，放在水平圆盘上。,COVERED,条目未命中节点；definition 与 685 为同一模型（A、B 用轻绳相连置于水平圆盘、A 位于盘心），其轻绳出现拉力的临界与整体滑动临界由 ext-phy-b6bd732b19-064b、ext-phy-b6bd732b19-065 与 ext-phy-b6bd732b19-067 覆盖。,
dir_batch_008.csv#687,PHYSICS,A、B两物块叠放在转盘上,COVERED,命中节点 a-b两物块叠放在转盘上 的唯一材料 ext-phy-29925db71b-008（叠放模型各接触面的最大静摩擦力决定临界角速度、所需向心力先达到该面最大静摩擦力的一方先发生相对滑动）覆盖 definition 的两类先后滑动判断；尾部内蒙古包头二模题干为练习题残片。,
dir_batch_008.csv#688,PHYSICS,圆周运动中的脱轨问题,COVERED,命中节点 圆周运动中的脱轨问题；definition 的脱轨含义（因速度不足或过大脱离原定圆周轨迹、轨道支持力或约束力突变为零）由 ext-phy-1dee33075b-039（不脱轨的两种情形）与 ext-phy-924170e5b1-022（不脱轨条件）覆盖。,
dir_batch_008.csv#689,PHYSICS,脱轨条件与类型,COVERED,命中节点 脱轨条件与类型；凸面轨道支持力 N=0 且速度大于临界速度即脱离的脱轨条件由 ext-phy-b6bd732b19-071b（支持力为零时速度最大为 √(gR)、超过即脱离）覆盖；单轨模型最高点临界速度 v=√(gr) 与 v 小于 √(gr) 即脱轨由 phys-hj2-shuzhimmian-yuangui-dtuogui-tiaojian（内侧绳模型轨道最高点须 v≥√(gR) 才不脱轨）、phys-tuo-gui-zui-dian-lin-jie 与 phys-tuo-gui-zui-gao-dian-lin-jie（令 F_N=0 求脱轨临界初速度）覆盖。,
dir_batch_008.csv#690,PHYSICS,解题关键,COVERED,条目未命中节点；脱轨判据（凸面支持力 N 减至 0 必脱轨、绳松弛 T=0）与分析步骤由 phys-hj2-shuzhimmian-yuangui-dtuogui-tiaojian、phys-tuo-gui-zui-dian-lin-jie、phys-tuo-gui-zui-gao-dian-lin-jie 与 ext-phy-b6bd732b19-071b 覆盖；尾部浙江台州模拟预测题干为练习题残片。,
dir_batch_008.csv#691,PHYSICS,绳球模型、杆球模型两类经典模型中的临界条件——情景分析,COVERED,条目未命中节点；绳球模型与杆球模型两类经典模型的临界条件对比由 phys-hj3-vertical-circular-rope-rod、ext-phy-857fd9705d-009、phys-fx-vertical-circle-rope-model、phys-fx-vertical-circle-rod-model 与 ext-phy-b6bd732b19-071c（三类竖直圆模型对比）覆盖；尾部安徽模拟预测题干为练习题残片。,
dir_batch_008.csv#692,PHYSICS,受力分析（图示如下）,COVERED,命中节点 受力分析-图示如下；definition 的受力分析（重力 mg 与摆线张力 T、向心力由合外力在法向的分量提供）由 phys-hj2-danbai-shouli-tezheng-huifuli-xiangxinli（绳拉力与重力法向分力的合力充当向心力）与 phys-hj3-non-uniform-circular-force 覆盖；节点自身材料为受力分析的一般步骤。,
dir_batch_008.csv#693,PHYSICS,力的分解：,COVERED,条目未命中节点；把重力分解为法向分量 mgcosθ 与切向分量 mgsinθ、张力沿半径指向圆心由 phys-hj3-non-uniform-circular-force、phys-hj2-danbai-shouli-tezheng-huifuli-xiangxinli 与 phys-fx-gravity-decomposition-incline 覆盖。,
dir_batch_008.csv#694,PHYSICS,向心力计算：,COVERED,条目未命中节点；法向合力提供向心力 Fn=T−mgcosθ=mv²/r 与非特殊点存在切向加速度由 phys-hj3-non-uniform-circular-force（沿半径方向合力提供向心力 F_T−mgcosθ=mv²/r、切向分量改变速率）完整覆盖。,
dir_batch_008.csv#695,PHYSICS,航天现象中圆周运动的情景创新的问题处理,COVERED,命中节点 航天现象中圆周运动的情景创新的问题处理；definition 的座舱支持力与完全失重（mg−FN=mv²/r、FN=0 时完全失重）由 ext-phy-cebfcf3898-016、ext-phy-86c723ba5d-007b 与 phys-hj2-weixing-chaozhong-shizhong 覆盖；近地圆轨道重力提供向心力由 phys-tp-first-cosmic-velocity-derivations 与 phys-hj2-diyi-yuzhou-sudu-tuidao 覆盖；尾部辽宁二模太空电梯题干为练习题残片。,
dir_batch_008.csv#696,PHYSICS,类比、创新、极限等物理思维考查,COVERED,命中节点 类比-创新-极限等物理思维考查；definition 的命题方向与解题关键由 ext-phy-0a006a4564-017（通过类比迁移经典模型、用极限思想挖掘临界条件并结合实际情境创新建模）、phys-fx-analogy-method-physics 与 phys-fx-limit-thinking-method 覆盖；尾部四川遂宁二模题干为练习题残片。,
dir_batch_008.csv#697,PHYSICS,万有引力与航天的基本定律和概念,COVERED,命中节点 万有引力与航天的基本定律和概念；开普勒三定律及其深入理解（行星轨道按圆处理、近日点速度最大远日点最小、比较速度用第二定律而比较周期用第三定律、k 只与中心天体有关）由 phys-kb-kepler-three-laws、phys-hj2-kaipule-dinglv-yichang-tixing 与 ext-phy-5f75307df4-004 覆盖；万有引力定律内容与适用条件由 phys-hj2-wanyouyinli-dinglv-shiyong-tiaojian 与 ext-phy-479e2cb57f-001b 覆盖。,
dir_batch_008.csv#698,PHYSICS,表达式：F＝G,COVERED,条目未命中节点；万有引力定律表达式、引力常量由卡文迪什测定、适用条件①②③由 ext-phy-99820bfc30-003、ext-phy-479e2cb57f-001b 与 ext-phy-1e87c34de3-007 覆盖；万有引力与重力的关系由 phys-kb-gravity-gravitation-relation 覆盖；尾部黑龙江哈尔滨二模题干为练习题残片。,
dir_batch_008.csv#699,PHYSICS,宇宙速度,COVERED,命中节点 宇宙速度；三个宇宙速度的数值与意义、第一宇宙速度的两种推导与最短周期、发射速度所处区间对应的轨道由 phys-kb-three-cosmic-velocities、phys-hj2-diyi-yuzhou-sudu-tuidao、phys-tp-first-cosmic-velocity-derivations 与 ext-phy-479e2cb57f-005b 覆盖。,
dir_batch_008.csv#700,PHYSICS,万有引力与航天的理解应用,COVERED,命中节点 万有引力与航天的理解应用；definition 的小节主题（不同高度处的重力加速度）由节点材料 ext-phy-df69a5f104-007（星球上空与内部的重力加速度可由万有引力规律求得）覆盖。,
dir_batch_008.csv#701,PHYSICS,天上：星球上空距离星体中心r＝R＋h处的重力加速度为g′。,COVERED,条目未命中节点；星球上空 r=R+h 处的重力加速度 g′=GM/(R+h)² 由 ext-phy-df69a5f104-007（①天上：星球上空 g′=GM/(R+h)²、高度越大重力加速度越小）与 ext-phy-467c9996db-002、ext-phy-b7fee3d991-003c 覆盖。,
dir_batch_008.csv#702,PHYSICS,地下：在天体内部距离中心r处（r＜R）加速度为g（r）。,COVERED,条目未命中节点；天体内部引力仅由半径 r 以内的天体质量提供（内部重力加速度）由 ext-phy-df69a5f104-007（②地下：引力仅由半径 r 以内的天体质量 Mr 提供）、ext-phy-467c9996db-003、phys-hj2-wanyouyinli-liangge-tuilun 与 wusan-phy-v-bd0cd3a7（匀质球体内部 F′=GMmr/R³）覆盖；尾部广东模拟预测题干为练习题残片。,
dir_batch_008.csv#703,PHYSICS,自力更生法：求解地球（中心天体）质量,COVERED,命中节点 自力更生法-求解地球-中心天体-质量；definition 的不考虑自转时 mg=GMm/R²、结论 M=gR²/G 由 ext-phy-80e89bf7fb-011（自力更生法求天体质量与密度）、ext-phy-479e2cb57f-003b 与 ext-phy-3a86d307ab-005 覆盖。,
dir_batch_008.csv#704,PHYSICS,环绕天体法：计算天体的质量,COVERED,命中节点 环绕天体法-计算天体的质量；definition 的万有引力充当向心力与结论 M=4π²r³/(GT²) 由 phys-huan-rao-fa-qiu-zhi-liang、ext-phy-479e2cb57f-003、ext-phy-80e89bf7fb-012（借助外援法求天体质量与密度）与 ext-phy-5f75307df4-018 覆盖。,
dir_batch_008.csv#705,PHYSICS,卫星发射速度和宇宙速度与运动轨迹的关系,COVERED,命中节点 卫星发射速度和宇宙速度与运动轨迹的关系；definition 的四条发射速度与轨迹关系由节点材料 phys-hj2-fashe-sudu-guandao-guanxi（7.9 km/s 绕地表圆轨道、7.9 至 11.2 为椭圆、11.2 至 16.7 绕太阳、不小于 16.7 飞出太阳系）、ext-phy-27d99fc189-003b 与 ext-phy-f6276ab428-005 覆盖。,
dir_batch_008.csv#706,PHYSICS,变轨原理,COVERED,命中节点 变轨原理；definition 的万有引力与所需向心力不平衡导致离心或近心变轨、稳定后运行速度随半径变化由 ext-phy-8b2e2bec28-003、ext-phy-df69a5f104-009、ext-phy-52f98b6703-022 与 ext-phy-5ea4ba1266-001 覆盖。,
dir_batch_008.csv#707,PHYSICS,变轨过程分析,COVERED,命中节点 变轨过程分析；definition 的近地轨道Ⅰ在 P 点加速进入椭圆转移轨道Ⅱ、在 Q 点再次加速进入圆形轨道Ⅲ的多过程由 ext-phy-7a8d42b6f9-008、ext-phy-52f98b6703-023、ext-phy-27810d8aa5-011 与 phys-wei-xing-fa-she-bian-gui 覆盖。,
dir_batch_008.csv#708,PHYSICS,卫星的对接问题,COVERED,命中节点 卫星的对接问题；definition 的低轨飞船加速沿椭圆轨道追上高轨空间站、同轨道先减速降低再加速抬高后对接由 ext-phy-100c90511b-007 与 ext-phy-5ea4ba1266-004 覆盖；变轨三点注意（半径与速度判断、机械能随轨道半径增大、相交点加速度相等且外轨道速度大）由 ext-phy-2248b2c9f7-011 与 ext-phy-093da86e19-008b 覆盖；赤道上物体与近地、同步卫星的比较由 ext-phy-27810d8aa5-010 覆盖；尾部天津北辰三模题干为练习题残片。,
dir_batch_008.csv#709,PHYSICS,引力波探测,COVERED,命中节点 引力波探测 的唯一材料 ext-phy-100c90511b-008（LISA 空间引力波天文台构成三角卫星阵、激光精密测量卫星间距的皮米级变化、捕捉黑洞并合激发的引力波）覆盖 definition。,
dir_batch_008.csv#710,PHYSICS,深空引力导航,COVERED,命中节点 深空引力导航 的唯一材料 ext-phy-df69a5f104-011（旅行者号利用引力弹弓效应加速、通过轨道微小偏移反推行星内部结构）覆盖 definition。,
dir_batch_008.csv#711,PHYSICS,小行星防御与资源开发,COVERED,命中节点 小行星防御与资源开发 的材料 ext-phy-df69a5f104-011b（贝努小行星采样任务需克服微重力、依赖对小行星不规则引力场的高精度建模，小行星采矿亦需此类模型）覆盖 definition。,
dir_batch_008.csv#712,PHYSICS,地球重力场监测,COVERED,命中节点 地球重力场监测 的唯一材料 ext-phy-df69a5f104-012（GRACE-FO 双星测距原理及其反映的地球质量分布异常）覆盖 definition；尾部河南二模天问二号题干为练习题残片。,
dir_batch_008.csv#713,PHYSICS,万有引力的“两点理解”和“两个推论”,COVERED,命中节点 万有引力的-两点理解-和-两个推论；两点理解（万有引力是一对作用力与反作用力、重力只是万有引力的一个分力）与两个推论（匀质球壳空腔内引力合力为零、匀质球体内部质点只受半径 r 以内球体引力）由 phys-hj2-wanyouyinli-liangge-tuilun、ext-phy-e5cb809e21-002b、ext-phy-479e2cb57f-002 与 phys-hj3-shell-cavity-gravity-zero 覆盖。,
dir_batch_008.csv#714,PHYSICS,万有引力定律的应用,COVERED,命中节点 万有引力定律的应用；definition 的基本方法（天体运动按匀速圆周处理、万有引力提供向心力）由 ext-phy-80e89bf7fb-010 与 ext-phy-5f75307df4-016 覆盖；星球瓦解与黑洞由 phys-hj2-xingqiu-wujie-heidong（瓦解临界 GMm/R²=mω²R 与黑洞判据）与 ext-phy-c117854fa6-006 覆盖；黄金代换由 phys-huang-jin-dai-huan 覆盖。,
dir_batch_008.csv#715,PHYSICS,地球同步卫星,COVERED,命中节点 地球同步卫星；definition 的同步卫星周期、高度、速率与轨道唯一性由 phys-kb-geostationary-six-constant、phys-fx-synchronous-satellite-four-fixed 与 ext-phy-479e2cb57f-005 覆盖；倾斜轨道同步卫星由 ext-phy-27810d8aa5-004 与 phys-hj2-weixing-guandao-zhonglei 覆盖。,
dir_batch_008.csv#716,PHYSICS,卫星变轨：1→2→3,COVERED,命中节点 卫星变轨-1-2-3；definition 的三段式变轨（Q 点加速进入轨道2、椭圆段万有引力做功与动能势能变化、P 点再次加速进入轨道3）由 phys-bian-gui-ji-xie-neng、ext-phy-2248b2c9f7-010、phys-hj2-weixing-biangui-lixin-jinxin、phys-fx-satellite-orbit-change 与 ext-phy-43e951b432-002 覆盖。,
dir_batch_008.csv#717,PHYSICS,各点物理量参数的关系,COVERED,命中节点 各点物理量参数的关系；definition 的各点线速度、角速度、向心加速度、周期与能量关系由 ext-phy-093da86e19-008b（变轨前后各物理参量的比较）、ext-phy-2248b2c9f7-010、ext-phy-2248b2c9f7-011、ext-phy-b6bd732b19-080b（变轨问题三类比较的方法）覆盖；角速度随半径的关系由 phys-mo-l18-satellites-b-3 覆盖。,
dir_batch_008.csv#718,PHYSICS,不同高度卫星物理量的比较,COVERED,命中节点 不同高度卫星物理量的比较；definition 的加速度、线速度、角速度、周期与轨道半径关系及高轨低速长周期由 ext-phy-b6bd732b19-073、ext-phy-2248b2c9f7-001b、ext-phy-206fb04353-023e 与 ext-phy-27810d8aa5-009 覆盖；尾部江苏扬州模拟预测题干为练习题残片。,
dir_batch_008.csv#719,PHYSICS,双星模型,COVERED,命中节点 双星模型；definition 的模型构建与六条特点（向心力由彼此万有引力提供、周期与角速度相同、轨道半径之和等于间距、半径与质量成反比、周期与总质量关系式）由 phys-kb-binary-star-model、phys-hj3-binary-star-model、ext-phy-b6bd732b19-078、ext-phy-b6bd732b19-079 与 ext-phy-52f98b6703-029 覆盖。,
dir_batch_009.csv#720,PHYSICS,三星模型,COVERED,命中节点 三星模型；definition 的两种构型（直线型三星绕中央星、等边三角形三星绕共同中心）与向心力来源、各星角速度周期相同，由材料 ext-phy-d59a21ff9d-010（三星模型的两种常见构型）、ext-phy-2248b2c9f7-017b（三星模型的构成与受力分析）、ext-phy-52f98b6703-029b（三星模型的稳定轨道与向心力来源）覆盖；尾部 FAST 馈源舱受力与双星脉冲星文字属试题题干残片，不计入考点内容。,
dir_batch_009.csv#721,PHYSICS,万有引力与航天中的情景创新的问题处理,COVERED,命中节点 万有引力与航天中的情景创新的问题处理；材料 ext-phy-df69a5f104-020（万有引力与航天的情景创新问题）已概括 definition 的情景类型（结合我国航天成果与前沿科技命题）与考查落点（卫星运动参数、变轨与能量变化等基本规律的应用）。,
dir_batch_009.csv#722,PHYSICS,模型解读：,COVERED,definition 的天体追及与相遇含义（同向追及、相距最近即相遇）由材料 ext-phy-d59a21ff9d-002（天体追及相遇问题的模型理解：同向公转、共线同侧相距最近、异侧相距最远）与 phys-hj2-weixing-zhuiji-xiangyu（同轨道面两卫星相距最近或最远的转角关系）覆盖；对应正式节点 卫星的追及与相遇问题 与 公式法解天体追及相遇问题。,
dir_batch_009.csv#723,PHYSICS,模型分类：,COVERED,definition 的相距最近与最远的定量条件（(ωA－ωB)t＝2nπ、(ωA＋ωB)t＝2nπ、(2n－1)π 与行星冲日）由材料 ext-phy-f6276ab428-006（相距最近 (ωA－ωB)t=2π、最远为 π）、phys-tian-ti-gong-xian-zui-jin-zui-yuan（天体共线时相距最近与最远（冲日））、ext-phy-b6bd732b19-076b（行星冲日的时间间隔）覆盖。,
dir_batch_009.csv#724,PHYSICS,功和能,COVERED,命中节点 功和能；材料 ext-phy-6f89ebd59e-001（功的理解与合力做功：功是过程量、标量且有正负、恒力做功 W=Flcosα）覆盖 definition 的功的定义式、单位、标量性与正负号含义。,
dir_batch_009.csv#725,PHYSICS,对公式W＝Flcosα的理解,COVERED,命中节点 对公式w-flcosα的理解；材料 phys-hj2-gong-gongshi-shiyong-liijie（只适用于恒力做功、是过程量、与物体质量运动状态无关）、ext-phy-21c05deaff-003（功的公式与适用条件）、ext-phy-b758f2214b-002b（夹角与正负功判断）覆盖 definition 的五点理解。,
dir_batch_009.csv#726,PHYSICS,合力做功的计算方法,COVERED,命中节点 合力做功的计算方法；材料 phys-hj2-heli-zuogong-liangfa（先求合力或先求各力做功再代数相加两种求法）、phys-fx-work-features-of-forces（各种力做功的特点）覆盖 definition 的方法一与方法二；尾部功率定义与平均瞬时功率由 ext-phy-49d332c6c0-011（公式P＝W/t与P＝Fv的比较）覆盖。,
dir_batch_009.csv#727,PHYSICS,公式P＝ 和P＝Fv的比较,COVERED,命中节点 公式p-和p-fv的比较；瞬时功率与平均功率的计算由材料 ext-phy-49d332c6c0-011、ext-phy-a78025070d-011（平均功率与瞬时功率的求法）覆盖；definition 尾部的重力势能定义 Ep＝mgh 由 phys-kb-gravitational-potential-energy、phys-hj2-zhongli-shineng-yu-gong 覆盖。,
dir_batch_009.csv#728,PHYSICS,性质,COVERED,definition 的重力做功与重力势能变化关系由 ext-phy-ba44dd7437-003（重力做功与路径无关、等于重力势能变化量的负值）覆盖；弹性势能的定义与表达式由 ext-phy-ba44dd7437-004、phys-mo-l21-mech-energy-b-3 覆盖；对应正式节点 重力做功与重力势能变化的关系 与 弹性势能。,
dir_batch_009.csv#729,PHYSICS,弹力做功与弹性势能变化的关系,COVERED,命中节点 弹力做功与弹性势能变化的关系；材料 ext-phy-7976be50ff-003、phys-kb-elastic-potential-energy、phys-hj2-tanxing-shineng-yu-tanligong 覆盖弹力做功与弹性势能变化的关系；尾部动能定义由 phys-mo-l20-kinetic-theorem-b 覆盖。,
dir_batch_009.csv#730,PHYSICS,理解,COVERED,definition 的动能瞬时性、相对性、标量正值与动能变化有正有负由 ext-phy-d7bb4e0d7b-005（对动能的理解）与 ext-phy-4e8129046b-003（动能与动能变化的区别）覆盖；机械能定义由 phys-hj3-mechanical-energy-concept、ext-phy-4eab9c126f-002 覆盖。,
dir_batch_009.csv#731,PHYSICS,理解,COVERED,机械能由动能、重力势能与弹性势能组成的表述由 phys-hj3-mechanical-energy-concept 覆盖；势能属于系统的表述由 phys-hj2-zhongli-shineng-yu-gong（重力势能为物体与地球系统共有、相对参考面）与 phys-fx-elastic-potential-energy-features（弹性势能属于弹力装置与物体组成的系统）覆盖。,
dir_batch_009.csv#732,PHYSICS,功能关系和能量守恒定律,COVERED,命中节点 功能关系和能量守恒定律；材料 phys-hj2-gongneng-guanxi-benzhi（功能关系的本质：做功过程即能量转化过程、功是能量转化的量度）与 phys-hj2-neng-de-gainian-gongneng-biaoshu 覆盖 definition 的功能关系内容。,
dir_batch_009.csv#733,PHYSICS,常见的功能关系,COVERED,命中节点 常见的功能关系；材料 ext-phy-f87ab34a8e-006（五种常见的功能关系）、phys-hj3-common-work-energy-relations 覆盖动能、势能与机械能增减同做功正负的对应；尾部能量守恒定律内容由 ext-phy-4a4b6fd0cd-005 覆盖。,
dir_batch_009.csv#734,PHYSICS,对能量守恒定律的几点理解,COVERED,命中节点 对能量守恒定律的几点理解；材料 ext-phy-cc66937bef-011、phys-hj3-energy-conservation-understanding 覆盖某种形式能量与某个物体能量增减相等的两点理解，phys-hj2-nengliang-shouheng-neirong-silu 覆盖 E初＝E末 与 ΔE增＝ΔE减 两种列式。,
dir_batch_009.csv#735,PHYSICS,运用能量守恒定律解题的基本思路,COVERED,命中节点 运用能量守恒定律解题的基本思路；材料 ext-phy-8145f72563-008、phys-fx-energy-conservation-equation-method 覆盖解题基本思路；definition 的机械能守恒定律内容由 phys-hj3-mech-energy-conservation-law 覆盖。,
dir_batch_009.csv#736,PHYSICS,对机械能守恒条件的理解,COVERED,命中节点 对机械能守恒条件的理解；材料 ext-phy-3612e63f5b-015（只有重力做功、其他力做功代数和为零、只有系统内弹力做功）、ext-phy-2123a18d29-015（单体机械能守恒的条件与判断）覆盖 definition 的三种情形。,
dir_batch_009.csv#738,PHYSICS,机械能守恒定律的三种表达式,COVERED,命中节点 机械能守恒定律的三种表达式；材料 phys-fx-mechanical-energy-three-expressions、ext-phy-206fb04353-030b 覆盖守恒、转化、转移三种表达式；三种守恒判断方法由 ext-phy-a098ebdd60-003、ext-phy-89752a9c75-005 覆盖。,
dir_batch_009.csv#739,PHYSICS,机车启动问题,COVERED,命中节点 机车启动问题；材料 ext-phy-2efc741f48-007、ext-phy-bdfb74af30-012 覆盖三个重要关系式（最大速度 vm＝P/f、匀加速结束时功率最大而速度不是最大、恒定功率时用 Pt－F阻x＝ΔEk）；两类启动与三点注意由 phys-kb-engine-startup-two-modes、ext-phy-91bac4cabf-011 覆盖。,
dir_batch_009.csv#740,PHYSICS,动能定理及其应用——功能关系,COVERED,命中节点 动能定理及其应用-功能关系；材料 phys-fx-kinetic-energy-theorem-basics、phys-hj2-dongneng-dingli-liijie-yaodian 覆盖动能定理的内容与适用条件（直线与曲线、恒力与变力均适用）。,
dir_batch_009.csv#741,PHYSICS,合外力做功与动能的关系,COVERED,definition 的做功正负同动能增减的对应由材料 phys-hj2-nengliang-bianhua-panjue-koujue（动能看合外力做功正负）与 phys-hj2-dongneng-yu-bianhua-qubie（ΔEk＞0 表示动能增加）覆盖；动能定理材料 phys-fx-kinetic-energy-theorem-basics 给出 W合＝Ek2－Ek1。,
dir_batch_009.csv#742,PHYSICS,动能定理表达式的推导：,COVERED,命中节点 动能定理表达式的推导；材料 ext-phy-268894f92c-001（由运动学公式与牛顿第二定律导出 FΔx＝ΔEk）覆盖 definition 的推导过程。,
dir_batch_009.csv#743,PHYSICS,对动能定理的理解,COVERED,命中节点 对动能定理的理解；材料 ext-phy-12180f1216-002（位移与速度取同一参考系、多过程可分段或整体、各力功先判正负）、ext-phy-206fb04353-028b（不涉及加速度与时间、标量式、可跨过程）与 phys-fx-kinetic-theorem-scope 覆盖四点理解；总功的求法由 phys-hj2-heli-zuogong-liangfa 覆盖。,
dir_batch_009.csv#744,PHYSICS,应用动能定理求解步骤,COVERED,命中节点 应用动能定理求解步骤；材料 ext-phy-1f80314edd-005、phys-hj2-dongneng-dingli-jieti-buzhou、ext-phy-a78025070d-019 覆盖解题步骤与注意事项；图像结合部分由 ext-phy-c0ccc8ad0e-005（v-t、F-x、P-t、a-t 图像面积同动能定理结合）覆盖。,
dir_batch_009.csv#745,PHYSICS,传送带模型中的功和能量的关系：,COVERED,命中节点 传送带模型中的功和能量的关系；材料 ext-phy-78dde38c4b-002、ext-phy-fab326b868-008、ext-phy-3612e63f5b-013 覆盖传送带做功 WF＝Fx传、摩擦生热 Q＝Ff x相对 与 WF＝ΔEk＋ΔEp＋Q。,
dir_batch_009.csv#746,PHYSICS,板块模型中的功和能量的关系,COVERED,命中节点 板块模型中的功和能量的关系；材料 phys-bankuai-wei-yi-tong-xiang-fan-xiang（同向位移差、反向位移和等于板长）、phys-fx-block-belt-three-displacements、ext-phy-5ba7f10b79-032 覆盖模型特点、摩擦力对滑块与木板的做功以及摩擦生热的计算。,
dir_batch_009.csv#747,PHYSICS,机械能守恒定律的应用技巧,COVERED,命中节点 机械能守恒定律的应用技巧；材料 ext-phy-ba44dd7437-010（选对象、判守恒、定状态、列方程）、ext-phy-7e30c41a1c-010（应用步骤与零势能面）覆盖先判断守恒再列式的应用要领。,
dir_batch_009.csv#748,PHYSICS,摩擦力做功与能量关系分析技巧,COVERED,命中节点 摩擦力做功与能量关系分析技巧；材料 ext-phy-4a4b6fd0cd-003（一对滑动摩擦力做功代数和为负、Q＝Ff x相对）、ext-phy-66cc75df83-005、ext-phy-afa44298fc-002 覆盖摩擦生热计算以及做功位移与生热位移的区别。,
dir_batch_009.csv#749,PHYSICS,动量和动量定理,COVERED,命中节点 动量和动量定理；材料 ext-phy-69ce327dcf-001（动量与冲量的定义、性质及其相互关系）覆盖 definition 的动量定义式 p＝mv 与单位。,
dir_batch_009.csv#750,PHYSICS,性质：,COVERED,definition 的冲量定义、矢量性、过程量与参考系无关由 phys-kb-impulse-definition-calc、phys-hj3-impulse-understanding、ext-phy-3c79595ae6-005 覆盖；动量与动能的关系由 phys-kb-momentum-kinetic-energy-relation、phys-hj2-dongliang-dongneng-bijiao 覆盖。,
dir_batch_009.csv#751,PHYSICS,冲量的计算方法,COVERED,命中节点 冲量的计算方法；材料 phys-hj2-chongliang-sizhong-jisuan、phys-hj3-impulse-four-methods、phys-fx-f-t-graph-impulse-area 覆盖恒力公式法、变力的平均值法与 F-t 图像面积法以及合力冲量的求法；动量变化量定义由 ext-phy-2b63d7a05b-001c 覆盖。,
dir_batch_009.csv#752,PHYSICS,动量变化量的理解和计算,COVERED,命中节点 动量变化量的理解和计算；材料 ext-phy-2b63d7a05b-001c（同一直线规定正方向后代数运算、不在同一直线用矢量合成）、phys-fx-momentum-change-vector、ext-phy-58156e4fa1-016b 覆盖 definition。,
dir_batch_009.csv#753,PHYSICS,定义：物体在一个过程中所受合外力的冲量等于该物体在这个过程中动量的变化量。,COVERED,动量定理的表述由 phys-kb-momentum-theorem、ext-phy-5969dc8eeb-036 覆盖；合外力的冲量的含义与应用步骤由 ext-phy-29ddb4c5cd-006（注意冲量是合力的冲量）、phys-fx-impulse-calculation-notes 覆盖。,
dir_batch_009.csv#754,PHYSICS,表达式：I=p2-p1或Ft=mv2-mv1。,COVERED,definition 的动量定理表达式与矢量式含义由材料 ext-phy-5969dc8eeb-036（I＝p2－p1 或 Ft＝mv2－mv1、含大小相等与方向相同两重含义）与 phys-hj2-dongliang-dingli-liijie-yingyong（合外力为变力时取平均值）覆盖。,
dir_batch_009.csv#755,PHYSICS,关于I=Δp=p2-p1的几点说明,COVERED,命中节点 关于i-δp-p2-p1的几点说明；材料 ext-phy-69ce327dcf-004（合外力的冲量 I 是原因、动量变化量 Δp 是结果、二者大小方向相同、I 同初末动量无必然联系）逐条覆盖 definition 的 a、b、c 三点。,
dir_batch_009.csv#756,PHYSICS,定性分析有关现象：,COVERED,definition 的动量定理定性分析两情形由材料 phys-fx-momentum-theorem-qualitative（动量变化一定时作用时间越短力越大）与 ext-phy-12eae54e07-006（按动量变化量一定或作用力一定两种情况解释现象）覆盖。,
dir_batch_009.csv#757,PHYSICS,定量计算某过程中合外力的冲量或动量变化量：,COVERED,命中节点 定量计算某过程中合外力的冲量或动量变化量；材料 ext-phy-3628073593-011、phys-fx-impulse-calculation-notes 覆盖动量定理的应用思路；流体与粒子流的柱状微元法由 ext-phy-2b63d7a05b-003、phys-fluid-microelement-momentum 覆盖。,
dir_batch_009.csv#759,PHYSICS,动量守恒定律,COVERED,命中节点 动量守恒定律；材料 phys-kb-momentum-conservation-law、ext-phy-206fb04353-036（三种表达形式）、ext-phy-4bf317ee35-002（三种适用条件）覆盖 definition 的内容、表达式与守恒条件三项。,
dir_batch_009.csv#761,PHYSICS,动量守恒中的速度,COVERED,命中节点 动量守恒中的速度；材料 ext-phy-2b63d7a05b-005b、phys-hj2-dongliang-shouheng-wu-texing、phys-hj3-momentum-conservation-five-properties 的五个特性（矢量性、相对性、同时性、系统性、普适性）覆盖速度的矢量性、同时性与同一性的要求。,
dir_batch_009.csv#762,PHYSICS,碰撞中的“时间极短”的含义,COVERED,命中节点 碰撞中的-时间极短-的含义；材料 ext-phy-69ce327dcf-009 逐句覆盖 definition 的隐含条件与近似处理，ext-phy-f869288c0f-003 补充碰撞持续时间极短与动量守恒。,
dir_batch_009.csv#763,PHYSICS,多物体、多过程问题中动量守恒定律的应用,COVERED,命中节点 多物体-多过程问题中动量守恒定律的应用；材料 phys-hj3-multi-object-multiphase-analysis、ext-phy-58156e4fa1-007 覆盖多物体多过程的分解与分阶段选规律；反冲的定义与三条规律由 phys-hj3-recoil-three-notes、ext-phy-2b63d7a05b-007b 覆盖。,
dir_batch_009.csv#764,PHYSICS,规律,COVERED,definition 的爆炸三条规律由材料 ext-phy-2b63d7a05b-007（动量守恒、动能增加、位置不变）、ext-phy-9b2382e508-012、ext-phy-c6475f9319-010 覆盖；尾部粒子质量之比与动量大小属试题题干残片。,
dir_batch_009.csv#765,PHYSICS,定义：碰撞指的是两个物体在很短的时间内发生相互作用。,COVERED,definition 的碰撞定义、过程特点与三条遵循原则由材料 ext-phy-5092c47fcd-001、ext-phy-2b63d7a05b-006b、ext-phy-4c006f942c-004 覆盖；碰后速度的合理性约束由 phys-hj3-collision-constraints 覆盖。,
dir_batch_009.csv#766,PHYSICS,对心碰撞,COVERED,命中节点 对心碰撞；材料 ext-phy-9fe9f2553b-010（对心碰撞与非对心碰撞的几何特征、过程特点与遵循原则）覆盖 definition 的两种碰撞情形。,
dir_batch_009.csv#767,PHYSICS,弹性碰撞,COVERED,命中节点 弹性碰撞；一动碰一动通用公式由 phys-elastic-collision-general-formula 覆盖，一动碰一静结论与五种质量关系由 phys-fx-elastic-collision-mass-cases、phys-hj2-yidong-pengyijing-tanxing-pengzhuang、phys-elastic-one-moving-one-static 覆盖。,
dir_batch_009.csv#768,PHYSICS,非弹性碰撞和完全非弹性碰撞,COVERED,命中节点 非弹性碰撞和完全非弹性碰撞；材料 phys-perfectly-inelastic-formula（共速与最大能量损失）、phys-fx-collision-types-energy、ext-phy-b0e295f813-012 覆盖 definition 的两类碰撞规律与能量损失。,
dir_batch_009.csv#769,PHYSICS,滑块（小球）—弹簧模型,COVERED,命中节点 滑块-小球-弹簧模型；材料 phys-hj2-huakuai-tanhuang-moxing、phys-fx-slider-spring-two-states、phys-kb-slider-spring-model 覆盖两物体共速时弹簧最短或最长、弹性势能最大以及动量守恒与机械能守恒。,
dir_batch_009.csv#770,PHYSICS,子弹打木块模型,COVERED,definition 仅为图注（模型图例），无独立知识内容；名称所指考点已是正式节点 子弹打木块模型，材料 phys-kb-bullet-block-model、phys-bullet-model-essence 等已完整覆盖该模型的动量守恒与摩擦生热，无需新增材料。,
dir_batch_009.csv#771,PHYSICS,模型特点,COVERED,definition 的子弹打木块模型特点由材料 phys-bullet-model-essence（内力远大于外力故动量守恒、摩擦生热使机械能不守恒）、ext-phy-eaca4e0487-002、ext-phy-9b21b08c37-002 覆盖。,
dir_batch_009.csv#772,PHYSICS,情景分析：,COVERED,definition 的情景分析由材料 phys-bullet-embeds-block（子弹留物块中共速、子弹与物块分别用动能定理、Q＝fd）与 ext-phy-9b21b08c37-004（求损失机械能的三个角度）覆盖。,
dir_batch_009.csv#773,PHYSICS,结果讨论,COVERED,definition 的结果讨论两种情形由材料 phys-fx-bullet-block-two-scenarios、ext-phy-9b21b08c37-003、ext-phy-eaca4e0487-003 覆盖；两者速度相等的临界由 ext-phy-9b21b08c37-003 覆盖。,
dir_batch_009.csv#774,PHYSICS,滑块-木板模型的临界问题,COVERED,命中节点 滑块-木板模型的临界问题；材料 ext-phy-eaca4e0487-004（共速对应相对位移最大、系统机械能不守恒）、phys-fx-block-on-plank-momentum、ext-phy-248a1203f9-003c（以 v物＝v板 为摩擦力突变的临界）覆盖。,
dir_batch_009.csv#775,PHYSICS,动量定理的应用——流体类模型,COVERED,命中节点 动量定理的应用-流体类模型；材料 phys-kb-fluid-particle-momentum、phys-fluid-microelement-momentum、phys-fx-fluid-column-model 覆盖流体类问题的对象选取与柱状微元的动量定理列式。,
dir_batch_009.csv#776,PHYSICS,流体模型,COVERED,命中节点 流体模型；材料 phys-hj2-liuti-chongji-zhuzhuang-moxing 覆盖柱形微元的 Δm＝ρSvΔt 与动量定理列式，ext-phy-b6bd732b19-089（F＝ρSvΔv）覆盖流体微元静止与反弹两种情形的作用力结果。,
dir_batch_009.csv#777,PHYSICS,微粒类问题分析步骤,COVERED,命中节点 微粒类问题分析步骤；材料 ext-phy-69ce327dcf-023、ext-phy-2b63d7a05b-003b、ext-phy-3c79595ae6-015 逐条覆盖 definition 的柱体建模、微元定量与乘粒子数三步分析。,
dir_batch_009.csv#778,PHYSICS,“人船模型”,COVERED,命中节点 人船模型；材料 phys-hj3-man-boat-model、ext-phy-3f3afa1008-004、ext-phy-c6475f9319-012 覆盖模型特征、位移与速度比等于质量反比、位移之和等于相对长度；拓展情形由 ext-phy-2b63d7a05b-008（斜面体）与 ext-phy-b6bd732b19-091 覆盖。,
dir_batch_009.csv#779,PHYSICS,滑块-斜面（曲面）模型——相对运动与临界问题,COVERED,definition 仅为图注（模型图例），无独立知识内容；名称所指考点已是正式节点 滑块-斜面-曲面-模型-相对运动与临界问题，材料 phys-kb-slider-curve-surface-model、phys-fx-slider-curved-surface-two-states 已覆盖水平方向动量守恒与最高点共速等要点。,
dir_batch_009.csv#780,PHYSICS,模型解读：,COVERED,definition 的三点模型解读由材料 phys-fx-block-curved-surface-model（水平方向动量守恒、竖直方向不守恒）、ext-phy-9b21b08c37-013、phys-fx-slider-curved-surface-two-states 覆盖。,
dir_batch_009.csv#781,PHYSICS,模型临界问题：,COVERED,definition 的临界问题两情形由材料 phys-fx-slider-curved-surface-two-states（上升最高点共速、返回最低点相当于弹性碰撞）、ext-phy-9b21b08c37-014、ext-phy-e4533764ae-003 覆盖。,
dir_batch_009.csv#782,PHYSICS,动力学三大观点的基本理解和应用,COVERED,definition 仅为小节标题（一、动力学三大观点），无独立知识内容；名称所指考点已是正式节点 动力学三大观点的基本理解和应用，材料 phys-three-viewpoints-overview、phys-hj2-san-da-guandian-xuanze-yuanze 已覆盖三大观点的对应规律与选用原则。,
dir_batch_009.csv#783,PHYSICS,能量观点：用动能定理和能量守恒观点解题，可处理非匀变速运动问题．,COVERED,definition 的能量观点与动量观点表述由材料 ext-phy-9e20b9b678-010（能量观点与动量观点可处理非匀变速运动、动量定理可简化求解过程）覆盖，phys-three-viewpoints-overview 覆盖三大观点的对应规律。,
dir_batch_009.csv#784,PHYSICS,常见的图象,COVERED,命中节点 常见的图象；材料 ext-phy-fc6ffa52f7-002（动力学三大观点中的常见图象：动力学、动量与能量三类图象的面积与斜率意义）覆盖 definition 的三类图像列举。,
dir_batch_009.csv#785,PHYSICS,图象的应用,COVERED,命中节点 图象的应用；材料 ext-phy-fc6ffa52f7-003（由图象分析受力或运动情况的方法与常见误区）、ext-phy-ba44dd7437-019（看图线与坐标轴、推规律、同标准函数对比）、ext-phy-4d4c5ba463-004c（点、线、斜率、面积与截距）覆盖。,
dir_batch_009.csv#786,PHYSICS,动力学中的经典模型,COVERED,definition 仅为小节标题（一、轻绳连接体模型），无独立知识内容；轻绳连接体的动力学计算由材料 ext-phy-fc6ffa52f7-005 覆盖，其余经典模型（板块、斜面曲面、子弹打木块、传送带）分别由各自正式节点覆盖。,
dir_batch_009.csv#787,PHYSICS,同条件同加速度轻绳连接体动力学的计算问题,COVERED,命中节点 同条件同加速度轻绳连接体动力学的计算问题；材料 ext-phy-28d96980f3-007b（串接式连接体中弹力按另一侧质量占系统总质量的比例分配）与 ext-phy-2f1b8bb7d5-007 覆盖力按质量正比例分配的结论与适用条件。,
dir_batch_009.csv#788,PHYSICS,同速率轻绳连接体动力学的计算问题,COVERED,命中节点 同速率轻绳连接体动力学的计算问题；材料 ext-phy-fc6ffa52f7-005（同速率轻绳连接体分别隔离、用牛顿第二定律结合正交分解求解）覆盖 definition；尾部板块模型的位移关系由 phys-bankuai-wei-yi-tong-xiang-fan-xiang 覆盖。,
dir_batch_009.csv#789,PHYSICS,判断滑块和模板运动状态的技巧：,COVERED,命中节点 判断滑块和模板运动状态的技巧；材料 ext-phy-ae445151cc-016（靠摩擦力带动的物体存在加速度上限、整体加速度大于该值则发生相对滑动）逐条覆盖 definition。,
dir_batch_009.csv#790,PHYSICS,技巧突破点,COVERED,命中节点 技巧突破点；材料 ext-phy-fc6ffa52f7-006（板块模型的技巧突破点：由相对运动判断摩擦力方向、速度相同时摩擦力可能转变为静摩擦力或消失）覆盖 definition 两点。,
dir_batch_009.csv#791,PHYSICS,分析板块模型的思路,COVERED,definition 仅为小节标题与图注（三、斜面曲面模型；模型图例），无独立知识内容；该主题已是正式节点 滑块-斜面-曲面-模型-相对运动与临界问题，材料 phys-kb-slider-curve-surface-model、phys-fx-block-curved-surface-model 已覆盖其要点。,
dir_batch_009.csv#792,PHYSICS,模型解读：,COVERED,definition 的三点模型解读由材料 phys-fx-block-curved-surface-model（水平方向动量守恒、竖直方向不守恒）、ext-phy-9b21b08c37-013、phys-fx-slider-curved-surface-two-states 覆盖。,
dir_batch_009.csv#793,PHYSICS,模型临界问题：,COVERED,definition 的临界问题两情形由材料 phys-fx-slider-curved-surface-two-states、ext-phy-9b21b08c37-014、ext-phy-e4533764ae-003 覆盖；尾部子弹打木块小节标题由正式节点 子弹打木块模型 覆盖。,
dir_batch_009.csv#794,PHYSICS,模型特点,COVERED,definition 的子弹打木块模型特点由材料 phys-bullet-model-essence（内力远大于外力故动量守恒、摩擦生热使机械能不守恒）与 ext-phy-eaca4e0487-002 覆盖。,
dir_batch_009.csv#795,PHYSICS,情景分析：,COVERED,definition 的情景分析由材料 phys-bullet-embeds-block（子弹留物块中共速、分别用动能定理、Q＝fd）与 ext-phy-9b21b08c37-004 覆盖。,
dir_batch_009.csv#796,PHYSICS,结果讨论,COVERED,definition 的结果讨论两种情形由材料 phys-fx-bullet-block-two-scenarios、ext-phy-9b21b08c37-003、ext-phy-eaca4e0487-003 覆盖；尾部求木块速度与摩擦生热的试题属题干残片。,
dir_batch_009.csv#797,PHYSICS,弹簧锁定模型：,COVERED,definition 的弹簧几个特殊位置由材料 ext-phy-ad8be6d3ca-016（弹簧振子理想模型、平衡位置与各物理量的变化规律）与 phys-kb-spring-oscillator-model（平衡位置不一定在弹簧原长处）覆盖。,
dir_batch_009.csv#798,PHYSICS,弹簧不锁定模型,COVERED,命中节点 弹簧不锁定模型；材料 ext-phy-fc6ffa52f7-010（光滑水平面上弹簧连接的两物体系统合外力为零故动量守恒、弹簧最短或最长时两物体共速且弹性势能最大）覆盖 definition 的要点。,
dir_batch_009.csv#799,PHYSICS,倾斜传送带,COVERED,命中节点 倾斜传送带；definition 的划痕问题由材料 ext-phy-248a1203f9-001b（划痕长度要区分两次相对运动的方向）与 ext-phy-893c61cfa9-023（先求物块与传送带各自对地位移、再按相对运动的次数与方向确定划痕长度）覆盖。,
dir_batch_010.csv#800,PHYSICS,功能关系分析：,COVERED,命中节点 传送带模型中的功和能量的关系 的材料 ext-phy-93405dd8c0-001b（传送带克服摩擦力做的功 W_f＝F_f x_传、系统因相对滑动产生的内能 Q＝F_f x_相对、整体满足 W＝ΔEk＋ΔEp＋Q）、ext-phy-fab326b868-008、ext-phy-3612e63f5b-013 与 ext-phy-d16bf1ffad-010，与 definition 的 (1)(2) 两段逐条对应；name 为小标题「功能关系分析：」，definition 尾部求产品在传送带上加速时间、动摩擦因数与机械能比值的设问属练习题干，不需入库。,
dir_batch_010.csv#801,PHYSICS,如果要列出各物理量在某一时刻的关系式，可用牛顿第二定律。,COVERED,name 对应包内真实节点 如果要列出各物理量在某一时刻的关系式-可用牛顿第二定律（节点名 力学规律的选用策略），该节点边界与 definition 第 2—7 条逐条一致；该节点材料 ext-phy-b2b9d903be-003（瞬时关系用牛顿第二定律、涉时间用动量定理、涉位移用动能定理、系统相互作用用动量守恒与机械能守恒、涉相对位移优先用能量守恒）覆盖 definition 主体；第 6、7 条对多个物理过程与多个研究对象的整体思考由 phys-kb-multi-body-multi-process-method、phys-hj3-three-views-multiphase-steps 与 ext-phy-93405dd8c0-006 覆盖。,
dir_batch_010.csv#802,PHYSICS,若单独利用动量观点(或能量观点)无法解决问题，可尝试两种观点结合联立方程求解。,COVERED,mech=unmatched；definition 的五条注意事项（瞬间状态与运动性质用动力学观点、复杂的直线或曲线运动用能量或动量观点、短暂的相互作用优先用动量定理、碰撞爆炸反冲用动量守恒定律）由节点 力学规律的选用策略 的 ext-phy-b2b9d903be-003 与节点 动力学三大观点的基本理解和应用 的 phys-hj2-san-da-guandian-xuanze-yuanze、ext-phy-2b63d7a05b-014b、ext-phy-4d6588152e-001 覆盖；name 所指「单独利用动量观点或能量观点无法解决时两种观点结合联立」由节点 力电综合问题的三种观点 材料 ext-phy-d8f896c2a3-007 的组合使用条目（单独用动量观点或能量观点无法解决时，可把两种观点联立）与 ext-phy-a8cfcd2365-006 覆盖；definition 尾部三问为练习题干。,
dir_batch_010.csv#803,PHYSICS,动力学三大观点在多体问题和多过程运动中的应用,COVERED,命中节点 动力学三大观点在多体问题和多过程运动中的应用 的自身材料 phys-kb-multi-body-multi-process-method（多体问题选好研究对象、多过程问题找清过程间的联系，正对 definition 第 1、2 点）、phys-hj3-three-views-multiphase-steps 与 ext-phy-93405dd8c0-006（三大观点处理多过程问题的步骤与合分合方法）、ext-phy-4081c14ff4-010；解题路径中动能定理需明确初末动能与总功的要求另由 ext-phy-fc06cacb9f-012b 覆盖；definition 尾部三问为练习题干。,
dir_batch_010.csv#804,PHYSICS,动力学三大观点在电磁学中的应用,COVERED,definition 仅为「一、电磁感应中的动力学问题」一级标题，其实质内容由本批 805—808 各行承载且均已覆盖；节点 动力学三大观点在电磁学中的应用 的材料 ext-phy-2ce66db90e-015b（电磁感应问题用动力学、能量、动量三个观点处理：先电后力分析运动状态、能量观点求焦耳热与电能、动量定理求速度变化）与 ext-phy-d8f896c2a3-007（电场中力电综合问题的三大观点）正对标题所指内容。,
dir_batch_010.csv#805,PHYSICS,基本思路,COVERED,mech=unmatched；definition「处理此类问题的一般思路是先电后力」由节点 力学对象和电学对象的相互联系-x1 的材料 ext-phy-5870475655-016（处理电磁感应动力学问题的一般思路是先电后力）与 ext-phy-a01f0dddc7-002 直接覆盖；同一表述另见 ext-phy-feaa6e1a51-003（分析程序先电后力再能量）。,
dir_batch_010.csv#806,PHYSICS,两种运动状态,COVERED,命中节点 两种运动状态-x1 的唯一材料 ext-phy-2ce66db90e-015（电磁感应动力学问题中平衡态与非平衡态的处理方法），与 definition 的两种状态及其处理方法一致；平衡态用平衡条件、非平衡态用牛顿第二定律并寻找临界状态另由 ext-phy-5870475655-016、ext-phy-a01f0dddc7-002 覆盖。,
dir_batch_010.csv#807,PHYSICS,力学对象和电学对象的相互联系,COVERED,definition 仅为「二、电磁感应中的能量问题」二级标题；节点 力学对象和电学对象的相互联系-x1 的主题由 ext-phy-ebaa1437a7-010（以感应电流与切割速度为桥梁联系电学对象与力学对象）与 ext-phy-a01f0dddc7-002（感应电流与切割速度两座桥梁）覆盖；标题所指的能量问题由节点 求解电能的思路-x1 的 ext-phy-d4d535dfea-024、ext-phy-ebaa1437a7-012、ext-phy-feaa6e1a51-003 覆盖。,
dir_batch_010.csv#808,PHYSICS,求解电能的思路,COVERED,命中节点 求解电能的思路-x1 的材料 ext-phy-d4d535dfea-024（恒定与变化电流下电能即焦耳热的求解方法）、ext-phy-211199b145-011b（电能等于克服安培力做的功）、ext-phy-ebaa1437a7-012（焦耳热可用焦耳定律、功能关系或能量守恒三种方法求）；尾部「电磁感应中的动量问题」由 ext-phy-2ce66db90e-015b（用动量定理求速度变化）覆盖；definition 尾部三问为练习题干。,
dir_batch_010.csv#809,PHYSICS,能量观点和动量观点的应用条件,COVERED,命中节点 能量观点和动量观点的应用条件 的材料 ext-phy-fc6ffa52f7-021（涉功、能和位移用动能定理或能量守恒，出现相对位移优先用能量守恒，恒力作用下求力、加速度或时间用动力学方法），覆盖 definition 的四个分析与规律选择；第 (3) 点能量守恒表达式技巧 ΔE减＝ΔE增 由 phys-system-energy-form-transfer 覆盖。,
dir_batch_010.csv#810,PHYSICS,电磁感应中的线框模型,COVERED,命中节点 电磁感应中的线框模型，但该节点 15 条材料只覆盖线框穿越磁场、切割等效、线框的动量观点与注意事项，均未涉及 definition 的临界极值内容；definition 的临界极值关键词、四类常见临界条件（接触与脱离弹力为零、相对滑动静摩擦力最大、绳子断裂与松弛张力、收尾速度合力为零）与极限法、假设法、数学分析法已由节点 临界-极值问题 的材料 ext-phy-3abd4c34f3-011、ext-phy-d8098ad0ee-022、ext-phy-b6feafc5c0-008b、ext-phy-7fc0771aeb-012 完整覆盖，故本条内容无缺口，判 COVERED，线框模型节点与临界-极值问题节点均不需新增材料。,
dir_batch_010.csv#811,PHYSICS,静电场的基本概念和规律,COVERED,definition 仅为「一、电荷与电荷守恒定律」一级标题；节点 静电场的基本概念和规律 的材料 ext-phy-206fb04353-117（静电场公式汇编：静电平衡、静电力的功、电势电势差与电容的公式与适用条件）覆盖公式类主线；标题所指的电荷与电荷守恒定律由节点 电荷守恒定律 的 phys-kb-charge-conservation-three-ways、phys-fx-charge-conservation-law、ext-phy-d72335472d-002b 与节点 三种起电方式 的 ext-phy-5592bd185a-010 覆盖。,
dir_batch_010.csv#813,PHYSICS,三种起电方式,COVERED,命中节点 三种起电方式 的唯一材料 ext-phy-5592bd185a-010（摩擦起电、接触起电与感应起电的实质与区别），正对 definition 主体；definition 尾部的电荷守恒定律表述由节点 电荷守恒定律 的 phys-kb-charge-conservation-three-ways、phys-fx-charge-conservation-law、ext-phy-d72335472d-002b 与 phys-hj2-dianhe-shouheng-qidian-fangshi 覆盖；导体与绝缘体的自由电荷差异属同一考点的附注，不影响本条已被覆盖的判定。,
dir_batch_010.csv#814,PHYSICS,库仑定律,COVERED,命中节点 库仑定律 的多条材料：phys-fx-coulomb-law-conditions（库仑定律的内容、条件与注意点）、phys-hj2-xiangtong-jinshuqiu-dianhe-chongxin-fenbu（相同带电金属球间库仑力的修正，正对 definition 中同种电荷 F 小于 kq1q2/r2、异种电荷 F 大于 kq1q2/r2 的结论）、ext-phy-35f5d4d1d1-001（对库仑定律的两点理解：r 趋于零时点电荷模型失效）、ext-phy-d72335472d-003（表达式与适用条件）。,
dir_batch_010.csv#815,PHYSICS,电场,COVERED,命中节点 电场 的材料 ext-phy-8e81cd70b9-004（电场的物质性与匀强电场）、ext-phy-d72335472d-008（电场的定义与基本性质）；definition 中静止电荷周围的静电场与恒定电场部分由 ext-phy-25530c0139-002（恒定电场及其特点）覆盖。,
dir_batch_010.csv#816,PHYSICS,电场强度,COVERED,命中节点 电场强度 的材料 phys-hj-135-electric-field-intensity、phys-hj2-dianchang-qiangdu-diejia-teshufangfa、phys-hj3-e-field-superposition-methods 与 phys-symmetry-method-field；definition 的定义式、方向规定、由场源决定且与试探电荷无关、点电荷的电场与叠加由 ext-phy-154f35f7e3-003、ext-phy-d72335472d-009、wusan-phy-v-ca31d92c 覆盖。,
dir_batch_010.csv#817,PHYSICS,电场线,COVERED,命中节点 电场线 的材料 ext-phy-d625775dcf-003（电场线的定义与特点）、ext-phy-452d2c55c2-016（电场线的定义与六条特点）、ext-phy-d625775dcf-003b（两种等量点电荷电场线的分布规律）、phys-fx-electric-field-line-four-uses 与 ext-phy-c4841fd5ed-010（电场线的应用）；轨迹与电场线是否重合的注意另由 phys-fx-trajectory-coincide-field-line 覆盖。,
dir_batch_010.csv#818,PHYSICS,电势,COVERED,命中节点 电势 的材料 phys-hj-140-electric-potential-concept、ext-phy-154f35f7e3-008、ext-phy-0fd1abe2b2-002 与 ext-phy-1dbc2880eb-003b；definition 补充的电势高低判断方法由 ext-phy-d625775dcf-009b（电势高低的五种判断方法）与 ext-phy-206fb04353-043b（三种判断方法）覆盖。,
dir_batch_010.csv#819,PHYSICS,等势面,COVERED,命中节点 等势面 的材料 ext-phy-d7e0f072e3-009 与 ext-phy-b1437d040b-006（等势面的定义与四个特点）、phys-hj-147-equipotential-density-judge（由等势面疏密判断场强）、ext-phy-1dbc2880eb-032b（等差等势线的应用）；definition 的四条应用由 ext-phy-6334948245-005（用等势面定性判断场强与电势差）覆盖。,
dir_batch_010.csv#820,PHYSICS,电势能,COVERED,命中节点 电势能 的材料 phys-kb-electric-potential-potential-energy、phys-hj-139-electric-potential-energy、ext-phy-d7e0f072e3-006（判断电势能大小的三种方法：做功判断法、公式判断法与能量守恒法）与 ext-phy-1dbc2880eb-011（电势、电势能、电场力做功的正负号处理），与 definition 的电势能定义、电场力做功与电势能变化的关系及大小判断一致。,
dir_batch_010.csv#821,PHYSICS,静电力做功,COVERED,命中节点 静电力做功 的材料 phys-hj3-e-field-work-feature（做功与始末位置有关、与路径无关，W_AB＝qU_AB 适用于任意电场）、ext-phy-d7e0f072e3-001（与路径无关）与 phys-electric-gravity-three-sum（只有静电力和重力做功时电势能、重力势能、动能之和保持不变）；definition 中电场中常见的功能关系由 ext-phy-f58cfc679b-005 覆盖，四种求功方法由节点 求电场力做功的方法 的 phys-hj3-e-field-work-four-methods 覆盖。,
dir_batch_010.csv#822,PHYSICS,电势差,COVERED,命中节点 电势差 的材料 ext-phy-f73ef620eb-008（电势差等于静电力做功与电荷量之比、与零电势点选取无关）、ext-phy-ad5194ba8f-009（U_AB＝φA－φB 也等于 W_AB/q）、ext-phy-d625775dcf-009 与 ext-phy-495d7cde34-002（电势差及其与静电力做功的关系）；电势与电势差的比较另由 ext-phy-b1437d040b-001b 覆盖。,
dir_batch_010.csv#823,PHYSICS,电势差与电场强度的关系,COVERED,命中节点 电势差与电场强度的关系 的材料 phys-hj3-u-ed-relation、phys-kb-potential-difference-u-ed（匀强电场中 U＝Ed 且 d 为沿场强方向的距离）、phys-field-strength-three-formulas（E＝U/d 只适用于匀强电场）；definition 的等分法由 phys-fx-equal-division-method 覆盖，非匀强电场中的定性分析由 phys-fx-nonuniform-field-compare 覆盖。,
dir_batch_010.csv#824,PHYSICS,静电场的应用,COVERED,命中节点 静电场的应用 的唯一材料 ext-phy-9404c786bf-011（静电感应现象、静电平衡的建立过程与特征），与 definition 的静电感应现象与静电平衡两段一一对应。,
dir_batch_010.csv#825,PHYSICS,过程分析：,COVERED,mech=unmatched；definition 描述导体放入外电场后自由电子受电场力移动、两端出现感应电荷、感应电场与外电场叠加的过程，即静电平衡的建立过程，由节点 静电平衡状态的特征 的材料 ext-phy-740ba374fa-016、ext-phy-d625775dcf-011b 与节点 静电场的应用 的 ext-phy-9404c786bf-011 覆盖。,
dir_batch_010.csv#826,PHYSICS,静电平衡状态的特征,COVERED,命中节点 静电平衡状态的特征 的材料 phys-kb-electrostatic-equilibrium-feature 与 phys-hj3-electrostatic-equlibrium（内部场强为零、整体是等势体、净电荷只分布在导体外表面且尖端最密）、ext-phy-154f35f7e3-005b；definition 后半的尖端放电与空气电离由节点 尖端放电的应用与防止 的材料 ext-phy-9404c786bf-012、ext-phy-154f35f7e3-005c 覆盖。,
dir_batch_010.csv#827,PHYSICS,尖端放电的应用与防止,COVERED,命中节点 尖端放电的应用与防止 的材料 ext-phy-9404c786bf-012（避雷针利用尖端放电、高压设备导体表面做光滑以减少放电损耗）、ext-phy-154f35f7e3-005c 与 ext-phy-d72335472d-016b；definition 末尾的静电屏蔽陈述由节点 静电屏蔽的应用 的 ext-phy-154f35f7e3-005d、ext-phy-d72335472d-016c 覆盖。,
dir_batch_010.csv#828,PHYSICS,静电屏蔽的应用,COVERED,命中节点 静电屏蔽的应用 的材料 ext-phy-8e81cd70b9-016（静电屏蔽的两种情形与静电现象的应用实例）、ext-phy-154f35f7e3-005d、ext-phy-d72335472d-016c；definition 末尾的电容器定义由节点 电容器充放电过程 的 phys-hj-150-capacitor-structure-charge 与 phys-hj3-capacitor-charge-discharge-def 覆盖。,
dir_batch_010.csv#829,PHYSICS,电容器充放电过程,COVERED,命中节点 电容器充放电过程 的材料 phys-hj-150-capacitor-structure-charge（电容器的构成与充放电）、phys-hj2-dianrongqi-dianrong-jichu（电容器与电容）；definition 的电荷量、击穿电压与额定电压及电容决定式由节点 电容器 的 ext-phy-e5eaaa7fd1-002、ext-phy-8aea427cf9-002b 与节点 平行板电容器的动态分析问题的两种情况 的 phys-fx-capacitor-capacitance-basics、phys-hj3-capacitor-rated-voltage 覆盖。,
dir_batch_010.csv#830,PHYSICS,结构,COVERED,mech=unmatched；definition 为示波管的结构（电子枪、偏转电极、荧光屏及各自作用），由包内节点 工作原理 的材料 ext-phy-fcdb509d5c-011 与 ext-phy-289528790e-012（示波管的构造与工作原理）以及节点 带电粒子在电场中的运动 的 ext-phy-0c5e7dfb66-014b 覆盖。,
dir_batch_010.csv#831,PHYSICS,原理,COVERED,mech=unmatched；definition 的示波管原理（不加电压成亮斑、两对偏转电极控制落点）与偏转公式（加速 eU1＝½mv²、t＝L/v0、y＝at²/2、tanφ 与 y′＝y＋L′tanφ）由节点 带电粒子在匀强电场中偏转的两个分运动 的材料 ext-phy-b6bd732b19-115（示波器计算的三阶段与结论公式）、ext-phy-b6bd732b19-116 与节点 工作原理 的 ext-phy-289528790e-012 覆盖。,
dir_batch_010.csv#832,PHYSICS,做直线运动的条件,COVERED,命中节点 做直线运动的条件 的材料 phys-particle-linear-conditions（合力为 0 时静止或匀速直线运动；合力不为 0 但方向不变且与初速度共线时做变速直线运动）与 phys-hj-154-particle-linear-motion-condition，与 definition 的两种情形一致。,
dir_batch_010.csv#833,PHYSICS,用动力学观点分析,COVERED,命中节点 用动力学观点分析 的材料 ext-phy-ee824da981-010（用牛顿第二定律结合运动学公式处理带电体在电场中直线运动的思路）与 ext-phy-8aea427cf9-031（匀强电场中电场力与重力都是恒力，先求合力再用牛顿运动定律与运动学公式分析）；definition 的 a＝qE/m、E＝U/d、v²－v0²＝2ad 即该思路所用公式组合。,
dir_batch_010.csv#834,PHYSICS,用功能观点分析,COVERED,命中节点 用功能观点分析 的材料 ext-phy-9404c786bf-017（匀强与非匀强电场中电场力做功及动能定理的应用）与 ext-phy-ee824da981-010b（用动能定理和电场力做功的两种表达式处理带电体在电场中运动），与 definition 的匀强 W＝Eqd＝qU、非匀强 W＝qU＝Ek2－Ek1 一一对应；尾部「二、带电粒子在电场中的偏转运动」为本批 835—843 各行所属的标题。,
dir_batch_010.csv#835,PHYSICS,求解电偏转问题的两种思路,COVERED,命中节点 求解电偏转问题的两种思路 的材料 ext-phy-bd50bd82b0-002b（示波管模型下求屏上偏移距离与末动能各有两条常用路径）、ext-phy-8aea427cf9-019（电偏转问题的动力学与能量两条思路）与 phys-ac-deflection-thinking；definition 的两种方法与该节点材料逐条对应。,
dir_batch_010.csv#836,PHYSICS,带电粒子在匀强电场中偏转的两个分运动,COVERED,命中节点 带电粒子在匀强电场中偏转的两个分运动 的材料 phys-deflection-parabola（沿初速匀速、沿场匀加速，偏移量 y＝Uql²/(2dmv0²)、偏角 tanθ＝Uql/(dmv0²)）、phys-hj3-charged-particle-deflection、phys-hj2-dianchang-pianzhuan-yundong-guilv 与 phys-uniform-field-midpoint-potential，与 definition 的两个分运动、加速度、偏移量与偏转角公式一致。,
dir_batch_010.csv#837,PHYSICS,两个重要结论,COVERED,mech=unmatched；definition 的两个重要结论与用能量观点处理的说明由节点 两个重要结论 的材料 ext-phy-fbbc443ad1-012b（经同一加速电场与同一偏转电场时不同粒子的偏移量与偏转角相同、合速度反向延长线过水平位移中点）、ext-phy-6dcd554e9e-001b、ext-phy-d8f896c2a3-003b 与 ext-phy-8e81cd70b9-022（电场中能量观点的处理与两个守恒结论）覆盖；definition 尾部残片为练习题干。,
dir_batch_010.csv#838,PHYSICS,E-x图像,COVERED,命中节点 e-x图像 的材料 ext-phy-9404c786bf-019（E-x 图像的含义、面积与斜率对应的物理意义）、ext-phy-1dbc2880eb-035b（图线与横轴围成的面积表示电势差）、ext-phy-2f72d4bf8f-002 与 ext-phy-b6bd732b19-108（E-x 图像的两步处理：按与 x 轴交点分段画电场线、面积表示电势差），与 definition 的三段一致。,
dir_batch_010.csv#839,PHYSICS,φ-x图像（反映了电势随位移变化的规律）,COVERED,命中节点 φ-x图像-反映了电势随位移变化的规律 的材料 phys-phi-x-graph-slope（纵值表示电势高低、切线斜率绝对值表示沿 x 方向的场强大小）、phys-hj3-phi-x-image-points、ext-phy-8a6cb6c448-004 与 ext-phy-b6bd732b19-109（φ-x 图像的两步处理），与 definition 的斜率、电势高低与场强方向判断一致。,
dir_batch_010.csv#840,PHYSICS,Ep-x图像,COVERED,命中节点 ep-x图像 的材料 ext-phy-8a6cb6c448-005（Ep-x 图线的斜率对应静电力，斜率绝对值表示大小、正负表示方向）、ext-phy-1dbc2880eb-035c（Ep-x 图线切线斜率是静电力的相反数）、ext-phy-b6bd732b19-109b（Ep-x 与 Ek-x 图像的斜率含义）与 ext-phy-2f72d4bf8f-003b（Ep-x 图像斜率表示电场力），与 definition 两条一致。,
dir_batch_010.csv#841,PHYSICS,利用电场线和等势面解决带电粒子运动问题的方法,COVERED,命中节点 利用电场线和等势面解决带电粒子运动问题的方法 的材料 phys-trajectory-fieldline-coincide、phys-hj2-dengshimian-tedian-changjian-dianchang（等势面的特点与几种常见电场的等势面）、phys-uniform-field-lines 与 phys-positive-charge-field-pattern；definition 的由轨迹判断电性与受力、两线法与假设法由节点内材料 ext-phy-ea59d87d1e-015（用两线法和三不知时要假设来分析轨迹与电场线不重合的拐弯现象）等覆盖。,
dir_batch_010.csv#842,PHYSICS,带电粒子在电场中的平衡问题——受力分析,COVERED,命中节点 带电粒子在电场中的平衡问题-受力分析 的材料 ext-phy-1dbc2880eb-006（点电荷平衡问题的解题步骤）、ext-phy-1dbc2880eb-005（静电力作用下带电体的平衡分析）；definition 的三个自由点电荷平衡规律（必三点共线、两同夹异、两大夹小）由节点 库仑定律 的 ext-phy-83dd6313b9-002 与节点 三个自由点电荷平衡模型 的 phys-hj3-three-charge-equilibrium、ext-phy-35f5d4d1d1-005 覆盖；三角形相似法由 ext-phy-b7f7769a5d-004、ext-phy-7fc0771aeb-010 覆盖。,
dir_batch_010.csv#843,PHYSICS,平行板电容器的动态分析问题的两种情况,COVERED,命中节点 平行板电容器的动态分析问题的两种情况 的材料 phys-hj-152-capacitor-dynamic-two-cases、phys-fx-capacitor-dynamic-two-cases（始终接电源 U 不变、断开电源 Q 不变）、ext-phy-fbbc443ad1-001c 与 phys-kb-capacitor-dynamic-analysis；definition 补充的电容器内固定点电势与电势能由 ext-phy-b6bd732b19-112、ext-phy-b6bd732b19-113 覆盖。,
dir_batch_010.csv#844,PHYSICS,等效重力场,COVERED,命中节点 等效重力场 的材料 phys-kb-equivalent-gravity-field（把重力与电场力合成为等效重力、迁移重力场结论解题）、phys-hj3-equivalent-gravity-field 与 phys-fx-equivalent-gravity-method，与 definition 把重力场与电场合为复合场的概念引入一致。,
dir_batch_010.csv#845,PHYSICS,等效重力场的相关知识点及解释,COVERED,命中节点 等效重力场的相关知识点及解释 的材料 ext-phy-0c5e7dfb66-021（等效重力场的含义与合成）、ext-phy-206fb04353-046（从重力场到等效重力场的迁移）、ext-phy-fcdb509d5c-017 与 ext-phy-d485bf76cf-003b；等效重力、等效重力加速度与等效最高点最低点另由 phys-hj2-dengxiao-zhonglichang-yuanzhou-xiangjie 覆盖。,
dir_batch_010.csv#846,PHYSICS,等效法求解电场中圆周运动问题的解题思路,COVERED,命中节点 等效法求解电场中圆周运动问题的解题思路 的材料 ext-phy-1dbc2880eb-041（求重力与电场力的合力作为等效重力、找等效最高点与最低点、再迁移重力场中圆周运动的规律，四步与 definition 一致）、ext-phy-1dbc2880eb-040b（等效最高点的临界条件与绳张力计算）与 phys-hj3-physical-vs-geometric-highest；definition 尾部设问为练习题干。,
dir_batch_010.csv#847,PHYSICS,分析方法,COVERED,mech=unmatched；definition 的周期性与对称性分段分析、力与运动关系和功能关系两条思路由节点 带电粒子在交变电场中的运动 的材料 phys-fx-alternating-field-motion（按单向直线、往返、偏转三类分段分析，用力和运动或功能两条思路）、ext-phy-fbbc443ad1-017、phys-hj3-particle-ac-field 与 ext-phy-41052fd08f-004（交变电场问题的分段法与 v-t 图像）覆盖；补充的分析步骤另见 phys-alternating-field-solving-steps。,
dir_batch_010.csv#848,PHYSICS,求电场力做功的方法：,COVERED,mech=unmatched；包内存在真实节点 求电场力做功的方法，其节点边界与 definition 四条逐字一致；该节点材料 phys-hj3-e-field-work-four-methods（定义式、电势差法、动能定理、电势能变化四法）、ext-phy-f58cfc679b-002 与 phys-hj2-dianchangli-zuogong-jisuan-fangfa 覆盖全部四条求功途径。,
dir_batch_010.csv#849,PHYSICS,电场中的功能关系,COVERED,命中节点 电场中的功能关系 的材料 phys-hj3-e-field-energy-relations-four（电场中功能关系的四条表述）、phys-fx-electric-field-function-relations（只有静电力做功时动能与电势能之和不变；除重力外其他力做的功等于机械能变化；合外力总功等于动能变化）、phys-hj2-dianchang-zhong-gongneng-guanxi 与 phys-hj3-e-field-work-energy，与 definition 四条一一对应。,
dir_batch_010.csv#850,PHYSICS,电路中的基本概念,COVERED,命中节点 电路中的基本概念 的唯一材料 ext-phy-233121e856-001（电源靠非静电力做功维持电势差；电动势由电源自身性质决定，内阻由电源本身特点决定），正对 definition 的电源定义与非静电力做功的表述。,
dir_batch_010.csv#851,PHYSICS,作用：,COVERED,mech=unmatched；definition 的电源三点作用（使导体两端始终存在电势差、使电路中保持持续电流、把其它形式的能转化为电能）由节点 电动势 的材料 ext-phy-25530c0139-001（电源靠非静电力搬运电荷维持电势差）、ext-phy-5d9f5f241a-001（电动势反映电源转化能量的本领）与节点 电路中的基本概念 的 ext-phy-233121e856-001 覆盖。,
dir_batch_010.csv#852,PHYSICS,原理：,COVERED,mech=unmatched；definition 的电源内部非静电力做功把其它形式的能转化为电能由 ext-phy-25530c0139-001 与 ext-phy-ced0c3e323-001（电动势等于非静电力所做的功与移动电荷量之比）覆盖；外部电路电场力做功、电能转化为其他形式的能由节点 电功率 的 ext-phy-4e6077ff9a-013（电功是恒定电场对自由电荷做功，等于电压、电流与时间的乘积）覆盖。,
dir_batch_010.csv#853,PHYSICS,电动势：,COVERED,mech=unmatched；definition 的电动势定义、与 W 和 q 无关、由电源自身性质决定及其物理含义由节点 电动势 的材料 ext-phy-ced0c3e323-001、ext-phy-0d32a0171d-002、ext-phy-1a725b1f9c-002、ext-phy-5d9f5f241a-001 与 phys-hj2-dianyuan-dongdongshi-liijie（电动势在数值上等于非静电力把 1 C 正电荷从负极移到正极所做的功）覆盖。,
dir_batch_010.csv#854,PHYSICS,电源的内阻：电源内部是由导体构成，所以也有电阻，这个电阻叫做电源的内阻；,COVERED,mech=unmatched；definition 前半的电源内阻由 ext-phy-1a725b1f9c-002（电动势与电源内阻）与 phys-hj2-dianyuan-dongdongshi-liijie 覆盖；definition 后半的恒定电场定义与特点由节点 电场 的材料 ext-phy-25530c0139-002（恒定电场及其特点：稳定电荷分布产生的稳定电场、导线内电场线沿导线切线方向）覆盖。,
dir_batch_010.csv#855,PHYSICS,电流：,COVERED,mech=unmatched；definition 的电流定义、方向规定、形成条件与三种表达式由节点 电流 的材料 ext-phy-504a241474-001（电流的概念与三种表达式）、ext-phy-bcef6e3e17-003（用柱体微元模型推导电流的微观表达式）、phys-kb-current-definition-micro 与 wusan-phy-v-e9cf1ea6 覆盖；恒定电场部分由 ext-phy-25530c0139-002 覆盖，电压部分由节点 电势差 的材料覆盖。,
dir_batch_010.csv#856,PHYSICS,电阻：,COVERED,mech=unmatched；definition 的电阻定义式、单位与决定因素由节点 电阻定律 的材料 phys-kb-resistance-law-resistivity、phys-hj2-dianzu-dinglv-dianzulv（R＝ρL/S，电阻率反映材料导电性能）与节点 欧姆定律 的材料 phys-hj2-oumu-dinglv-fuan-texing 覆盖；末尾电功定义由节点 电功率 的材料 ext-phy-4e6077ff9a-013 覆盖。,
dir_batch_010.csv#857,PHYSICS,电流做功的实质：电能转化成其他形式能的过程。,COVERED,命中节点 电流做功的实质-电能转化成其他形式能的过程 的材料 ext-phy-25530c0139-003b（电功等于电压、电流与通电时间的乘积，实质是电能转化为其他形式能）；definition 的电功率定义由节点 电功率 的材料 ext-phy-4e6077ff9a-013、ext-phy-34b3abc1bd-002 与 ext-phy-25530c0139-004 覆盖。,
dir_batch_010.csv#858,PHYSICS,额定功率和实际功率,COVERED,命中节点 额定功率和实际功率 的材料 phys-hj2-eding-gonglv-shiji-gonglv、phys-hj3-rated-vs-actual-power 与 ext-phy-301414b448-005b（额定功率是长时间正常工作的最大输出功率、实际功率是实际工作时的功率）；definition 的纯电阻与非纯电阻电功率表达式由节点 纯电阻电路和非纯电阻电路的处理 的 phys-fx-electric-work-heat-pure-nonpure、phys-kb-electric-work-power-heat 覆盖，电热与热功率由节点 焦耳定律 的 ext-phy-4e6077ff9a-013b 覆盖。,
dir_batch_010.csv#859,PHYSICS,定义：,COVERED,mech=unmatched；definition 的纯电阻电路 W＝Q 与非纯电阻电路 W 大于 Q 由节点 纯电阻电路和非纯电阻电路的处理 的材料 phys-hj3-electric-work-heat-pure-circuit（纯电阻电路 W＝Q＝UIt＝I²Rt；非纯电阻电路 W 大于 Q）、ext-phy-4e6077ff9a-015 与 ext-phy-89d9e2f341-010 覆盖；name 为残片「定义：」，本身不构成独立考点名。,
dir_batch_010.csv#860,PHYSICS,电路中的基本定律,COVERED,命中节点 电路中的基本定律 的材料 ext-phy-233121e856-007（同种材料导体的电阻与长度成正比、与横截面积成反比，还取决于材料）与 ext-phy-206fb04353-117c；definition 的电阻定律内容、公式与适用条件另由节点 电阻定律 的 phys-hj2-dianzu-dinglv-dianzulv、ext-phy-e1f4ebb10e-001b 覆盖。,
dir_batch_010.csv#861,PHYSICS,电阻率,COVERED,命中节点 电阻率 的材料 ext-phy-bcef6e3e17-001b（电阻率反映材料导电性能并随温度变化）、phys-hj2-dianzu-dinglv-dianzulv（金属电阻率随温度升高增大、半导体随温度升高减小）、ext-phy-89d9e2f341-005 与 ext-phy-e6aa914e50-005（电阻率随温度的变化）；definition 补充的串并联与欧姆定律另由 phys-fx-series-parallel-distribution 与节点 欧姆定律 的材料覆盖。,
dir_batch_010.csv#862,PHYSICS,闭合电路欧姆定律,COVERED,命中节点 闭合电路欧姆定律 的材料 phys-hj3-closed-circuit-ohm-law（E=U外+U内=I(R+r) 对任意闭合电路成立）、phys-kb-closed-circuit-ohm-law、phys-hj2-bihel-dianlu-oumu-dinglv（I=E/(R+r) 只适用于纯电阻电路）、ext-phy-206fb04353-060（闭合电路欧姆定律的三个公式），与 definition 的三种表达形式一致。,
dir_batch_010.csv#863,PHYSICS,路端电压与外电阻的关系,COVERED,命中节点 路端电压与外电阻的关系 的材料 phys-hj-166-terminal-voltage-relation、ext-phy-d160864baa-004（路端电压随外电阻增大而增大，断路时 U=E、短路时 U=0）、ext-phy-504a241474-004；definition 末尾的焦耳定律与两类 U-I 图像由节点 焦耳定律 的材料与 phys-hj2-dianyuan-gonglv-xiaolv 等覆盖。,
dir_batch_010.csv#864,PHYSICS,程序法: 遵循“局部—整体—局部”的思路,COVERED,命中节点 程序法-遵循-局部-整体-局部-的思路 的材料 phys-procedure-method-dynamic、ext-phy-1e76bd2411-009、ext-phy-e6aa914e50-019（按局部—整体—局部的顺序由电阻变化依次判断总电阻、总电流、路端电压与各支路量），与 definition 的程序链完全一致。,
dir_batch_010.csv#865,PHYSICS,结论法：“串反并同”，应用条件为电源内阻不为零．,COVERED,命中节点 结论法-串反并同-应用条件为电源内阻不为零 的材料 phys-series-reverse-parallel-same、phys-hj3-series-anti-parallel-same、ext-phy-b6bd732b19-123 与 ext-phy-b6bd732b19-124（串反并同的表述与操作要点）；definition 末尾的极限法由 phys-hj3-rheostat-extreme-method、ext-phy-ced0c3e323-003 覆盖。,
dir_batch_010.csv#866,PHYSICS,特殊值法:对于某些特殊电路问题，可以采取代入特殊值的方法去判定.,COVERED,mech=unmatched；name 为残片「特殊值法」（原 name 中的半角逗号已按本 CSV 惯例改写为全角逗号）；definition 的含容电路动态分析三步骤（理清串并联关系、确定电容器两极板间电压、用 Q=CU 分析所带电荷量）由包内节点 含容电路的分析方法 的 ext-phy-1f062f3888-011、节点 分析方法 的 phys-hj2-hanrong-dianlu-fenxi（稳定电路中电容器视为断路、其电压等于所并联部分的电压、充放电电荷量 ΔQ=CΔU）与节点 含容电路的动态分析 的 ext-phy-25530c0139-010b 覆盖；特殊值法本身由 ext-phy-2aea59cfe3-005 覆盖。,
dir_batch_010.csv#867,PHYSICS,电路的故障分析,COVERED,命中节点 电路的故障分析 的材料 ext-phy-504a241474-008b、ext-phy-1a725b1f9c-015、ext-phy-25530c0139-012（断路时电压不为零而电流为零、短路时有电流通过而电压为零）与 ext-phy-849ea9e86a-010b、ext-phy-4b2fecdd13-006（用电压表、电流表或欧姆表检测），与 definition 一致。,
dir_batch_010.csv#868,PHYSICS,电源的功率问题,COVERED,命中节点 电源的功率问题 的材料 phys-hj-168-power-source-total-power、ext-phy-206fb04353-060b（电源的三个功率与效率）、ext-phy-b9dfe89822-007（总功率等于输出功率与内部消耗功率之和），与 definition 的电源总功率定义一致。,
dir_batch_010.csv#869,PHYSICS,电源输出功率:整个外电路上消耗的电功率.,COVERED,命中节点 电源输出功率-整个外电路上消耗的电功率 的材料 phys-max-output-power（R=r 时输出功率最大为 E²/4r）、phys-output-power-two-resistors（同一输出功率对应两外阻且 R1R2=r²）、phys-kb-max-output-power-r-equal 与 ext-phy-5d9f5f241a-004，与 definition 的四条图像结论一致。,
dir_batch_010.csv#870,PHYSICS,纯电阻电路和非纯电阻电路的处理,COVERED,命中节点 纯电阻电路和非纯电阻电路的处理 的材料 ext-phy-25530c0139-013（非纯电阻电路的分析方法：抓两个关键量、躲着求 U 与 I、用能量守恒列电功等于电热加其他能量）、phys-fx-electric-work-heat-pure-nonpure、ext-phy-bcef6e3e17-007（电动机卡住不转时仍为纯电阻电路），与 definition 一致。,
dir_batch_010.csv#871,PHYSICS,数学思想处理电路中的功率和效率问题,COVERED,命中节点 数学思想处理电路中的功率和效率问题 的材料 ext-phy-2aea59cfe3-007（用极值关系与效率公式分析电阻变化时功率与效率的变化）、ext-phy-1b4d7be486-002（用基本不等式求电路最大功率）；definition 的输出功率随外电阻变化四条结论由节点 电源输出功率-整个外电路上消耗的电功率 的 phys-max-output-power、phys-output-power-two-resistors 覆盖。,
dir_batch_010.csv#872,PHYSICS,等效电源法处理电路中的功率问题,COVERED,命中节点 等效电源法处理电路中的功率问题 的材料 ext-phy-1e76bd2411-007（把电源与电阻整体看成新电源，再用内外电阻相等时输出功率最大求极值）、ext-phy-25530c0139-015（用等效电源法处理电路的功率问题）、phys-hj3-equivalent-source-idea、ext-phy-2aea59cfe3-006c 与 ext-phy-9885683808-006（等效电动势与等效内阻的确定）。,
dir_batch_010.csv#873,PHYSICS,磁场的基本概念和性质,COVERED,命中节点 磁场的基本概念和性质 的材料 phys-hj2-cichang-ciganxian-jiben、ext-phy-19ab5c2623-002、ext-phy-9d4e47b803-001（磁场是磁体或电流周围的特殊物质，通过它对磁极、电流和运动电荷的作用体现其存在）；definition 的方向性规定（小磁针 N 极受力方向为该处磁场方向）由节点 磁感应强度 的 phys-hj3-magnetic-field-induction、phys-fx-magnetic-field-superposition 覆盖。,
dir_batch_010.csv#875,PHYSICS,特点,COVERED,mech=unmatched；definition 的磁感线六条特点由节点 磁感线的特点 的材料 ext-phy-19563ef602-002b、phys-hj-191-magnetic-field-line-features 覆盖；磁感应强度的定义、单位与矢量叠加由节点 磁感应强度 的 ext-phy-19ab5c2623-003、wusan-phy-v-5b2d5add、ext-phy-5fc61a6abe-003 覆盖；三种电流的磁感线由节点 磁场 的 ext-phy-df69780a4e-001b 覆盖。,
dir_batch_010.csv#876,PHYSICS,对磁感应强度定义式：B＝的理解,COVERED,命中节点 对磁感应强度定义式-b-的理解 的材料 phys-kb-magnetic-induction-b 与 ext-phy-df69780a4e-001（定义式成立条件是电流元垂直于磁场放置、磁感应强度仅由磁场本身决定、方向与导线所受磁场力垂直）；definition 补充的方向判断技巧由 ext-phy-8064f11da3-002 与 phys-hj3-magnetic-field-induction 覆盖；末尾磁通量的定义与正负由节点 磁通量 的 phys-hj2-citongliang-zhengfu-jingchuan、phys-hj2-citongliang-jisuan-panfang-yaodian 覆盖。,
dir_batch_010.csv#877,PHYSICS,匀强磁场中磁通量的计算：,COVERED,命中节点 匀强磁场中磁通量的计算 的材料 phys-hj2-citongliang-jisuan-panfang-yaodian（Φ=BS 中的 S 为有效面积、磁通量是净条数取代数和、与线圈匝数无关）与 phys-hj2-citongliang-zhengfu-jingchuan（磁通量的正负与净穿含义），与 definition 的四条一致。,
dir_batch_010.csv#878,PHYSICS,磁通量Φ、磁通量的变化量ΔΦ及磁通量的变化率的比较,COVERED,mech=unmatched；name 对应的包内节点 磁通量φ-磁通量的变化量δφ及磁通量的变化率的比较 的材料 phys-hj2-citongliang-bianhualiang-bianhualv-bijiao（Φ 是磁感线条数、ΔΦ 是其变化量、ΔΦ/Δt 是变化快慢即 Φ-t 图线斜率）、ext-phy-7b8a5ea480-005b 与 phys-kb-magnetic-flux-calc 覆盖该考点；definition 为线框转动的练习题干并附「五、安培力」标题，不需入库。,
dir_batch_010.csv#879,PHYSICS,定义：通电导线在磁场中受到的力叫安培力。,COVERED,mech=unmatched；definition 的安培力定义、左手定则方向判断与 F=BILsinθ 大小计算由节点 安培力 的材料 ext-phy-df69780a4e-002、ext-phy-19563ef602-008（公式、两种特殊情况与有效长度）、ext-phy-5fc61a6abe-011 覆盖；definition 末尾左手定则与安培定则的比较由节点 左手定则与右手定则 的材料 ext-phy-afa44298fc-002b、ext-phy-19563ef602-009 覆盖。,
dir_batch_011.csv#880,PHYSICS,大小：,COVERED,节点「洛伦兹力」材料 ext-phy-1ae40def5d-002、ext-phy-df69780a4e-005、ext-phy-0fa89d2980-001、phys-mo-l47-particle-magnetic-field-b 已覆盖定义中的洛伦兹力大小 F=qvB、v⊥B 与 v∥B 两种取值及左手定则方向判断。,
dir_batch_011.csv#881,PHYSICS,特点：F⊥B，F⊥v，即F垂直于B与v决定的平面，F与v始终垂直，洛伦兹力不做功。,COVERED,节点「洛伦兹力的特点」材料 ext-phy-1ae40def5d-002b、ext-phy-0763583702-001、ext-phy-9d4e47b803-006b、phys-fx-lorentz-force-basics 覆盖 F⊥B、F⊥v 与不做功；ext-phy-97f01bebe9-001b、phys-hj3-lorentz-vs-ampere 覆盖与安培力的联系及区别；节点「洛伦兹力」材料 phys-hj2-luolunzili-dianchangli-bijiao、phys-hj3-lorentz-vs-e-field-force 覆盖洛伦兹力与电场力的比较。,
dir_batch_011.csv#882,PHYSICS,磁场中的仪器,COVERED,节点「磁场中的仪器」材料 ext-phy-e219890fe7-009、ext-phy-adb97b2219-010、phys-kb-velocity-selector、ext-phy-df69780a4e-015 覆盖本条所指的速度选择器等磁场仪器内容。,
dir_batch_011.csv#883,PHYSICS,仪器构造：,COVERED,速度选择器的构造、工作原理与只选速度不选电性电荷量质量的结论由节点「磁场中的仪器」材料 ext-phy-e219890fe7-009、ext-phy-adb97b2219-010、ext-phy-0075ca8ac0-019 覆盖，质谱仪部分由节点「仪器构造」材料 phys-mass-spectrometer-principle 覆盖。,
dir_batch_011.csv#884,PHYSICS,仪器构造：质谱仪由粒子源、加速电场、偏转磁场和照相底片构成.,COVERED,质谱仪构造与原理由节点「仪器构造」材料 phys-mass-spectrometer-principle、phys-mass-spectrometer-radius-formula、ext-phy-df69780a4e-016b 覆盖；回旋加速器构造、原理、最大动能与总时间由节点「磁场中的仪器」材料 ext-phy-0bc46e3d56-004、ext-phy-0bc46e3d56-005、ext-phy-0075ca8ac0-007 覆盖。,
dir_batch_011.csv#885,PHYSICS,仪器介绍：磁流体发电是一项新兴技术，它可以把内能直接转化为电能,COVERED,磁流体发电机工作原理由节点「仪器介绍：磁流体发电」材料 phys-mhd-generator-emf、phys-mhd-generator-polarity、ext-phy-9d4e47b803-010 覆盖；电磁流量计的仪器介绍由 phys-hj3-mhd-generator-flowmeter-hall、ext-phy-9d4e47b803-011 覆盖。,
dir_batch_011.csv#886,PHYSICS,工作原理：,COVERED,电磁流量计的流量定义、流速与流量表达式由节点「电磁流量计」材料 phys-electromagnetic-flowmeter、ext-phy-9d4e47b803-011、ext-phy-bf19e23893-025 与节点「磁场中的仪器」材料 ext-phy-0075ca8ac0-021、ext-phy-adb97b2219-012 覆盖；霍尔元件构造与霍尔效应由节点「霍尔元件」材料 phys-kb-hall-effect-voltage、ext-phy-463833891b-011 覆盖。,
dir_batch_011.csv#887,PHYSICS,工作原理：,COVERED,霍尔电势高低判断与霍尔电压由节点「霍尔元件」材料 phys-hall-voltage-formula、ext-phy-9d4e47b803-012 覆盖；是否考虑粒子重力由 ext-phy-d80c2aa39c-019、phys-hj-153-charged-particle-gravity-judge 覆盖；直线边界与平行边界模型的时间计算由节点「带电粒子在有界匀强磁场中的运动-临界条件」材料 ext-phy-df69780a4e-009、ext-phy-21d4982874-027 覆盖。,
dir_batch_011.csv#888,PHYSICS,环形磁场,COVERED,节点「环形磁场」材料 ext-phy-e219890fe7-018、ext-phy-9d4e47b803-014b、ext-phy-21d4982874-009b 覆盖环形磁场临界圆与勾股定理关系；圆心、半径及运动时间的确定另由 ext-phy-21d4982874-028b、ext-phy-df69780a4e-007 覆盖。,
dir_batch_011.csv#889,PHYSICS,安培力作用下导体的平衡与加速问题,COVERED,节点「安培力作用下导体的平衡与加速问题」材料 phys-hj3-ampere-force-motion-judge、phys-fx-ampere-force-motion-five-methods 覆盖导体运动判定方法；ext-phy-a181a3ec86-010、ext-phy-df69780a4e-003 覆盖视图转换与受力分析顺序；ext-phy-8064f11da3-012、ext-phy-7a3df99708-007 覆盖求解步骤。,
dir_batch_011.csv#890,PHYSICS,带电粒子在有界匀强磁场中的运动——临界条件,COVERED,节点材料 ext-phy-cafc5f7579-017、ext-phy-9d4e47b803-016、ext-phy-df69780a4e-013、phys-kb-bounded-magnetic-field-critical 覆盖临界词语、轨迹与边界相切的临界条件及圆形磁场极值结论。,
dir_batch_011.csv#891,PHYSICS,解题方法,COVERED,节点「带电粒子在有界匀强磁场中的运动-临界条件」材料 ext-phy-a3a3cc66f1-005、ext-phy-9d4e47b803-016、ext-phy-1712b4399f-001 覆盖用动态思维寻找相切或轨迹半径最大的临界状态这一思路。,
dir_batch_011.csv#892,PHYSICS,磁聚焦模型和磁发散模型,COVERED,节点材料 phys-magnetic-focusing-divergence、phys-kb-magnetic-focus-defocus、phys-hj2-cijujiao-cifasanyuanli、ext-phy-21d4982874-031b 覆盖磁聚焦与磁发散的条件与结论。,
dir_batch_011.csv#893,PHYSICS,带电粒子在匀强磁场中运动的动态圆模型,COVERED,节点材料 phys-hj2-pingyi-yuan-moxing、phys-hj2-xuanzhuan-yuan-moxing、phys-hj2-fangsuo-yuan-moxing、phys-hj3-dynamic-circle-three-models 覆盖平移圆、旋转圆、放缩圆三种模型的处理方法。,
dir_batch_011.csv#894,PHYSICS,带电粒子在磁场中运动的多解问题,COVERED,节点材料 phys-hj2-cichang-yundong-duojie-yuanyin、ext-phy-df69780a4e-010、ext-phy-0763583702-018、ext-phy-937d77d1b3-023 覆盖电性、磁场方向、临界状态不唯一与周期性四种多解成因。,
dir_batch_011.csv#895,PHYSICS,带电粒子在叠加场（复合场）（电场与磁场重叠）中的运动：,COVERED,节点材料 phys-hj2-diejiachang-san-zhong-bingcun、ext-phy-0028d65eea-007、ext-phy-4f16873824-001、phys-fx-superposed-field-motion-classification 覆盖三力并存的组合方式、等效恒力与各运动形式的判定。,
dir_batch_011.csv#896,PHYSICS,带电粒子在组合场（电场与磁场各位于一定的区域内，并不重叠）中的运动：,COVERED,节点材料 phys-field-field-combination、phys-hj2-cichang-cichang-zuhe-chuli 覆盖磁场与磁场的组合；ext-phy-bf19e23893-004、ext-phy-0075ca8ac0-001、phys-hj2-dianchang-cichang-zuhe-xianjie 覆盖先磁场后电场、先电加速后磁偏转与先电偏转后磁偏转。,
dir_batch_011.csv#897,PHYSICS,带电粒子在交变电磁场中的运动：,COVERED,节点材料 ext-phy-e4bf505257-007、ext-phy-e4bf505257-008、phys-hj2-jiaobianchang-fenxi-silu、ext-phy-df69780a4e-025 覆盖交变场的三种类型与六步分析思路及方法；其中配速法另由节点「配速法」材料 ext-phy-9d4e47b803-021、ext-phy-acedf300e9-001b 覆盖。,
dir_batch_011.csv#898,PHYSICS,带电粒子在立体空间中的运动,COVERED,节点材料 phys-mo-particle-3d-b、ext-phy-bf19e23893-018、ext-phy-9d4e47b803-023、phys-hj2-liti-kongjian-pianzhuan-fenxi 覆盖螺旋线运动、旋进运动与立体空间中偏转的分析方法。,
dir_batch_011.csv#899,PHYSICS,电磁感应,COVERED,节点「电磁感应」材料 ext-phy-d4d535dfea-001 覆盖电磁感应现象的定义与产生条件。,
dir_batch_011.csv#900,PHYSICS,产生感应电流的条件：,COVERED,节点「产生感应电流的条件」材料 phys-kb-induced-current-condition、phys-hj2-diancigansheng-xianxiang-tiaojian、ext-phy-f75427cb07-001b 覆盖闭合导体回路与磁通量变化两个条件。,
dir_batch_011.csv#901,PHYSICS,判断电磁感应现象能否产生的方法：,COVERED,节点「判断电磁感应现象能否产生的方法」材料 phys-hj2-panduan-ganyingdianliu-wuyou、ext-phy-5bd33e706b-006 覆盖先定回路再判磁通量是否变化与回路是否闭合的判断流程；磁通量变化的四种情况由 ext-phy-d4d535dfea-001 覆盖。,
dir_batch_011.csv#902,PHYSICS,楞次定律的理解：（“阻碍”的含义）,COVERED,节点「楞次定律的理解-阻碍-的含义」材料 phys-hj2-lengci-dinglv-aijie-liijie、phys-lenz-generalized-obstruction、phys-fx-lenz-law-four-obstructions 覆盖阻碍不是阻止与增反减同；四步法与右手定则由 phys-hj2-lengci-sibufa-panfangxiang、phys-hj2-youshou-dingze-shiyong 覆盖。,
dir_batch_011.csv#903,PHYSICS,适用情况：判断导线切割磁感线产生的感应电流方向。,COVERED,节点材料 phys-right-hand-rule、phys-kb-right-hand-rule 覆盖右手定则的内容、适用条件与三注意；phys-hj2-youshou-dingze-shiyong、phys-hj2-lengci-sibufa-panfangxiang 覆盖右手定则与楞次定律的关系及左力右电的判断。,
dir_batch_011.csv#904,PHYSICS,产生条件：穿过回路的磁通量发生改变，与电路是否闭合无关。,COVERED,感应电动势与电路是否闭合无关由 phys-kb-induced-current-condition、phys-hj2-ganying-dongshi-dingyi 覆盖；有感应电流必有感应电动势、回路断开时只有感应电动势由 phys-hj3-emf-vs-current-relation、phys-fx-magnetic-flux-and-induction-condition 覆盖。,
dir_batch_011.csv#905,PHYSICS,电磁感应现象及其应用,COVERED,互感现象的定义与原理由节点「自感」材料 ext-phy-ebd7fc8fe3-013、ext-phy-eb5fce3ada-011、ext-phy-211199b145-006 覆盖，互感即线圈之间通过变化磁场相互感应。,
dir_batch_011.csv#906,PHYSICS,危害：互感现象能发生在任何两个相互靠近的电路之间，互感现象有时会影响电路的工作。,COVERED,互感现象的普遍存在由节点「自感」材料 ext-phy-211199b145-006、ext-phy-eb5fce3ada-011、ext-phy-ebd7fc8fe3-013 覆盖，定义关键词为互感现象与相互靠近的电路。,
dir_batch_011.csv#907,PHYSICS,定义：一个线圈中的电流变化时，它所产生的变化的磁场在它本身激发出感应电动势的现象。,COVERED,自感与自感电动势的定义由节点「自感」材料 ext-phy-bb8e990491-010、phys-hj2-zigan-hugan-ziganxishu、phys-kb-self-induction-phenomenon 覆盖。,
dir_batch_011.csv#908,PHYSICS,自感电动势的大小：EL＝L，式中L为自感系数，它可以超出线圈两端的原电压。,COVERED,自感电动势 E=LΔI/Δt 与自感系数及其影响因素由 ext-phy-e0c474cf2f-015、phys-hj2-zigan-hugan-ziganxishu 覆盖；增反减同由 phys-lenz-self-induction-current 覆盖。,
dir_batch_011.csv#909,PHYSICS,自感现象的理解：,COVERED,自感现象的四点理解与通电、断电自感的比较由 ext-phy-bb8e990491-010b、phys-fx-self-induction-features、ext-phy-211199b145-006b、ext-phy-a8cab79186-006 覆盖；涡流的定义由节点「涡流」材料 ext-phy-e0c474cf2f-020、ext-phy-7b8a5ea480-008 覆盖。,
dir_batch_011.csv#910,PHYSICS,特点：整个导体回路的电阻一般很小，感应电流很大。故金属块的发热功率很大。,COVERED,涡流回路电阻小、感应电流大、发热功率大由节点「涡流」材料 ext-phy-7b8a5ea480-008、ext-phy-211199b145-007 覆盖；涡流能量转化由节点「特点」材料 ext-phy-e0c474cf2f-021 覆盖。,
dir_batch_011.csv#911,PHYSICS,应用：（1）涡流热效应的应用，如真空冶炼炉。（2）涡流磁效应的应用，如探雷器。,COVERED,涡流热效应与磁效应的应用及降低方法由节点「涡流」材料 ext-phy-211199b145-007、ext-phy-a8cab79186-005c 覆盖；涡流的产生情况与电磁阻尼的定义原理由 phys-fx-eddy-current-damping-drive、ext-phy-9f6711c952-010b、phys-hj3-eddy-current-damping-drive 覆盖。,
dir_batch_011.csv#912,PHYSICS,能量转化：导体克服安培力做功，其他形式能转化为电能，最终转化为内能。,COVERED,磁电式电表中电磁阻尼的应用由 ext-phy-21d4982874-002c 覆盖；电磁驱动的定义、原理与能量转化由 ext-phy-5870475655-008、phys-fx-eddy-current-damping-drive、ext-phy-eb5fce3ada-012b 覆盖。,
dir_batch_011.csv#913,PHYSICS,应用：交流感应电动机。,COVERED,电磁阻尼与电磁驱动都遵循楞次定律由节点「电磁阻尼与电磁驱动」材料 phys-hj3-eddy-current-damping-drive、ext-phy-eb5fce3ada-012b 覆盖；法拉第电磁感应定律的内容由节点「法拉第电磁感应定律」材料 phys-kb-faraday-law-average-emf、ext-phy-e0c474cf2f-002 覆盖。,
dir_batch_011.csv#914,PHYSICS,表达式：E＝n，n为线圈匝数。,COVERED,表达式 E=nΔΦ/Δt 与各物理量无必然联系由 phys-faraday-emf-formula、phys-hj2-faladi-dinglv-neirong-liijie、phys-kb-two-emf-formulas-compare 覆盖；Φ-t 图像切线斜率与三种变化情形由 phys-fx-faraday-law-understanding、ext-phy-9f6711c952-003 覆盖。,
dir_batch_011.csv#915,PHYSICS,导体切割磁感线时的感应电动势,COVERED,节点材料 phys-kb-cutting-emf-e-blv、phys-hj3-conductor-cutting-effective-length、ext-phy-7b8a5ea480-006、ext-phy-211199b145-005 覆盖公式 B、L、v 三垂直要求、有效长度与相对速度、平均与瞬时之分。,
dir_batch_011.csv#916,PHYSICS,平动切割与转动切割的几种情形：,COVERED,节点材料 phys-fx-rotational-cutting-emf、ext-phy-eb5fce3ada-004、ext-phy-f12aef7bb2-005、ext-phy-211199b145-005b 覆盖平动切割与转动切割的几种情形及两个公式的比较。,
dir_batch_011.csv#917,PHYSICS,电磁感应中的电路问题,COVERED,节点材料 phys-kb-em-circuit-three-steps、ext-phy-a8cab79186-019、ext-phy-199175663f-007、ext-phy-58ba0d89e8-001 覆盖电路问题三步走与内外电路电势高低、忽略内阻、电表读数三个误区。,
dir_batch_011.csv#918,PHYSICS,电磁感应中的图像问题,COVERED,节点材料 phys-hj2-tuxiang-wenti-fangfa-paidu、phys-fx-em-induction-graph-types、ext-phy-a8cab79186-022、ext-phy-211199b145-009 覆盖图像种类、解题步骤与排除法、函数法两种分析方法。,
dir_batch_011.csv#919,PHYSICS,电磁感应中的单棒模型,COVERED,节点材料 ext-phy-a8cab79186-025、ext-phy-a8cab79186-025b、ext-phy-211199b145-014、ext-phy-211199b145-015、ext-phy-a8cab79186-031 覆盖最大加速度与最大速度两个极值、含电源与含电容器变形及其解题步骤。,
dir_batch_011.csv#920,PHYSICS,电磁感应中的双棒模型,COVERED,节点材料 phys-kb-double-rod-model-em、phys-hj2-shuangbang-moxing-dongliang-shouheng、ext-phy-211199b145-017、ext-phy-211199b145-018 覆盖无外力与有外力等距双棒的电流、运动、动量与能量规律。,
dir_batch_011.csv#921,PHYSICS,电磁感应中的线框模型,COVERED,节点材料 phys-kb-loop-through-field-analysis、ext-phy-b6bd732b19-153、ext-phy-a8cab79186-038、ext-phy-211199b145-020 覆盖线框穿越磁场的五个阶段与匀速、加速、减速穿入的三种情景。,
dir_batch_011.csv#922,PHYSICS,电磁感应中的三大动力学观点,COVERED,节点材料 phys-kb-em-induction-momentum-view、phys-hj2-dianci-donglixue-liangqiaoliang、phys-fx-em-induction-dynamics-two-states、phys-hj3-em-induction-dynamics-four-step 覆盖电磁感应动力学问题的分析框架与两种状态的处理。,
dir_batch_011.csv#923,PHYSICS,基本思路,COVERED,先电后力的一般思路由 ext-phy-5870475655-016、ext-phy-ebaa1437a7-010 覆盖。,
dir_batch_011.csv#924,PHYSICS,两种运动状态,COVERED,节点「两种运动状态」材料 ext-phy-2ce66db90e-015 覆盖平衡态用平衡条件、非平衡态用牛顿第二定律的处理方法。,
dir_batch_011.csv#925,PHYSICS,力学对象和电学对象的相互联系,COVERED,节点「力学对象和电学对象的相互联系」材料 ext-phy-5870475655-016、ext-phy-ebaa1437a7-010、ext-phy-a01f0dddc7-002 覆盖先电后力、以感应电流与切割速度为桥梁以及寻找临界状态的分析链。,
dir_batch_011.csv#926,PHYSICS,求解电能的思路,COVERED,节点「求解电能的思路」材料 ext-phy-d4d535dfea-024、ext-phy-211199b145-011b、ext-phy-feaa6e1a51-003 覆盖恒定电流与变化电流两种求电能的方法；安培力冲量公式由 ext-phy-211199b145-013、phys-fx-em-induction-momentum-theorem 覆盖。,
dir_batch_011.csv#927,PHYSICS,交变电流,COVERED,交变电流与正弦式交变电流的定义由 phys-hj2-jiaobian-dianliu-dingyi-chansheng 覆盖；交变电流随时间变化的图像描述由节点「正弦式交变电流的产生和变化规律」材料 ext-phy-6f964ce1b3-001 覆盖。,
dir_batch_011.csv#928,PHYSICS,正弦式交变电流的产生和变化规律,COVERED,节点材料 phys-hj2-zhengxianjiaoliu-hanshu-biaodashi、ext-phy-2686f64c9b-001、ext-phy-94ac3439d9-001b、ext-phy-6f964ce1b3-001 覆盖正弦式交变电流的产生、中性面与峰值面特点、函数表达式及峰值与转轴位置无关。,
dir_batch_011.csv#929,PHYSICS,周期和频率,COVERED,节点「周期和频率」材料 ext-phy-e0dafc554c-002、ext-phy-b836558a3a-001b 覆盖周期与频率的定义及二者互为倒数的关系。,
dir_batch_011.csv#930,PHYSICS,交变电流的瞬时值、峰值、有效值和平均值,COVERED,节点材料 phys-kb-ac-four-values、phys-hj2-jiaoliu-sizhi-dingyi、phys-hj3-ac-four-values、ext-phy-2686f64c9b-001b 覆盖瞬时值、峰值、有效值与平均值的定义与适用。,
dir_batch_011.csv#931,PHYSICS,电容：通交流、隔直流；通高频、阻低频。,COVERED,节点「电容：通交流、隔直流；通高频、阻低频」材料 phys-hj2-diangan-dianrong-dui-jiaoliu、ext-phy-94ac3439d9-005 覆盖电容对交变电流的阻碍作用与通交流隔直流的结论。,
dir_batch_011.csv#932,PHYSICS,电磁振动、电磁波和传感器,COVERED,节点「电磁振动、电磁波和传感器」材料 ext-phy-e0dafc554c-005、ext-phy-206fb04353-081b 覆盖电磁振荡的产生与 LC 振荡电路充放电过程。,
dir_batch_011.csv#933,PHYSICS,周期与频率：,COVERED,电磁振荡的周期与固有频率由节点「电磁振荡」材料 ext-phy-91ff66998d-002、phys-kb-lc-oscillation-circuit 覆盖；麦克斯韦电磁场理论由节点「电磁波」材料 ext-phy-2686f64c9b-009b、ext-phy-fffc8cde9c-003 覆盖。,
dir_batch_011.csv#934,PHYSICS,电磁波：,COVERED,节点「电磁波」材料 ext-phy-463833891b-009、ext-phy-fffc8cde9c-003、ext-phy-1e9381a0e1-022 覆盖电磁波的产生、横波性质、传播不需介质以及 v=λf 与介质中频率不变。,
dir_batch_011.csv#935,PHYSICS,无线电波的发射,COVERED,节点「无线电波的发射」材料 ext-phy-392e36484a-008、ext-phy-fffc8cde9c-003b、ext-phy-91ff66998d-005b 覆盖发射条件、载波与调制方式以及接收中的电谐振、调谐与检波。,
dir_batch_011.csv#938,PHYSICS,理想变压器的关系式:,COVERED,节点「理想变压器的关系式」材料 phys-kb-ideal-transformer-relations、phys-hj2-bianyaqi-jiben-guanxi、ext-phy-94ac3439d9-010、ext-phy-2686f64c9b-004 覆盖变压器只改变电压电流、不改变频率的结论。,
dir_batch_011.csv#939,PHYSICS,理想变压器的制约关系,COVERED,节点「理想变压器的制约关系」材料 phys-fx-ideal-transformer-relations、ext-phy-0f172913a9-001b、ext-phy-206fb04353-062 覆盖电压制约、电流制约与功率制约三个关系。,
dir_batch_011.csv#940,PHYSICS,交变电流的瞬时值、峰值、有效值和平均值,COVERED,节点材料 phys-kb-ac-four-values、phys-hj2-jiaoliu-sizhi-dingyi、phys-hj3-ac-four-values、ext-phy-2686f64c9b-001b 覆盖瞬时值、峰值、有效值与平均值的定义与适用。,
dir_batch_011.csv#941,PHYSICS,理想变压器的两类动态分析,COVERED,节点材料 phys-fx-transformer-dynamic-two-cases、phys-hj2-bianyaqi-dongtai-fenxi、ext-phy-0f172913a9-004、ext-phy-eceef824ba-016 覆盖匝数比不变与负载电阻不变两类动态分析。,
dir_batch_011.csv#942,PHYSICS,匝数比不变的分析思路：,COVERED,匝数比不变时 U2 由 U1 决定、I1 随 I2 变、P1 随 P2 变的推理链由节点「理想变压器的两类动态分析」材料 phys-hj2-bianyaqi-dongtai-fenxi、phys-fx-transformer-dynamic-two-cases、ext-phy-4d30c0b091-003b 覆盖。,
dir_batch_011.csv#943,PHYSICS,负载电阻不变的分析思路：,COVERED,节点「负载电阻不变的分析思路」材料 ext-phy-392e36484a-015 覆盖负载不变而匝数比变化时电压、电流与功率的顺序推理。,
dir_batch_011.csv#944,PHYSICS,有效值的理解,COVERED,节点材料 ext-phy-8f94226e2d-007、ext-phy-e5f47983c2-005、ext-phy-eceef824ba-005 覆盖电表读数、铭牌值、热效应与保险丝电流都用有效值的场合以及正弦式才有√2倍关系。,
dir_batch_011.csv#945,PHYSICS,交变电流有效值的计算,COVERED,节点材料 phys-hj2-youxiaozhi-jisuan-fangfa、phys-hj3-ac-effective-two-methods、ext-phy-b6bd732b19-157、ext-phy-b6bd732b19-158 覆盖三同定义法与正弦部分直接用结论的计算方法。,
dir_batch_011.csv#946,PHYSICS,正弦式交变电流的变化规律(线圈在中性面位置时开始计时),COVERED,从中性面计时与 Φ、e 互余由 phys-hj2-zhengxianjiaoliu-hanshu-biaodashi、ext-phy-206fb04353-061 覆盖；交变电流图像问题的注意点由 ext-phy-94ac3439d9-008b、ext-phy-6f964ce1b3-001 覆盖。,
dir_batch_011.csv#947,PHYSICS,振荡电路过程中各物理量的变化,COVERED,节点「振荡电路过程中各物理量的变化」材料 ext-phy-94ac3439d9-008、ext-phy-2686f64c9b-009 覆盖充放电过程中电流与能量转化及与 q-t、i-t 图像的对应。,
dir_batch_011.csv#948,PHYSICS,电能的远距离输送电路图：,COVERED,节点「电能的远距离输送电路图」材料 ext-phy-392e36484a-019、ext-phy-94ac3439d9-004、ext-phy-f6fe343245-013 覆盖电源回路、输送回路、用户回路三个回路的划分与列式。,
dir_batch_011.csv#949,PHYSICS,核心规律：,COVERED,核心规律由 phys-hj3-long-distance-power-transmission、phys-transmission-three-circuits、phys-hj2-yuandistance-shudian-sanevryiyi、ext-phy-0f172913a9-007 覆盖，含升压降压变压器关系、输电线损耗与减小损失的途径。,
dir_batch_011.csv#950,PHYSICS,等效法在变压器和远距离输电中的应用,COVERED,节点「等效法在变压器和远距离输电中的应用」材料 phys-transformer-equivalent-resistance、ext-phy-206fb04353-063、ext-phy-4d30c0b091-002、ext-phy-94ac3439d9-013 覆盖等效电阻法。,
dir_batch_011.csv#951,PHYSICS,机械振动,COVERED,节点「机械振动」材料 phys-mo-l30-shm-e、phys-mo-l30-shm-e2、phys-mo-l30-shm-n、ext-phy-206fb04353-116b 覆盖机械振动与简谐运动章节的概念辨析与公式。,
dir_batch_011.csv#952,PHYSICS,定义：,COVERED,简谐运动的运动学定义与动力学定义由 phys-kb-simple-harmonic-definition、ext-phy-916af4e9e4-002、ext-phy-4765c198af-002、phys-hj2-jianxie-yundong-dingyi-biaodashi 覆盖。,
dir_batch_011.csv#953,PHYSICS,表达式：,COVERED,表达式与相位由 phys-hj3-shm-expression-phase、ext-phy-09c12a6763-008 覆盖；平衡位置处回复力为零、加速度为零而速度最大由 phys-hj2-pingheng-weizhi-tezheng 覆盖。,
dir_batch_011.csv#954,PHYSICS,回复力:,COVERED,回复力的定义、表达式 F=-kx 与指向平衡位置由节点「回复力」材料 phys-hj-109-restoring-force-concept、ext-phy-09c12a6763-001 覆盖；判断简谐运动的方法由 ext-phy-aefbfe2040-001 覆盖。,
dir_batch_011.csv#955,PHYSICS,位移、速度和加速度：,COVERED,位移、速度、加速度的大小变化关系由 ext-phy-4765c198af-007、ext-phy-206fb04353-074b 覆盖；振幅等描述量由 ext-phy-4765c198af-002、phys-hj2-miaoshu-jianxie-wuliliang 覆盖。,
dir_batch_011.csv#956,PHYSICS,图象,COVERED,从平衡位置与从最大位移处计时的表达式由 ext-phy-eec25a65a0-004 覆盖；图像反映位移随时间变化而不代表轨迹由 phys-hj2-jianxie-yundong-tuxiang、ext-phy-bf4da8991e-004 覆盖。,
dir_batch_011.csv#957,PHYSICS,图象信息：,COVERED,由图像获取振幅、周期、初相位、位移、速度方向、回复力与加速度方向及能量比较由 ext-phy-c721b39e42-007、ext-phy-aefbfe2040-004、ext-phy-4765c198af-010、ext-phy-2f20413929-003 覆盖。,
dir_batch_011.csv#958,PHYSICS,周期性,COVERED,节点「简谐运动的周期性」材料 ext-phy-bf4da8991e-006、ext-phy-09c12a6763-003 覆盖相隔半周期位置对称、相隔一个周期位移速度加速度都相同。,
dir_batch_011.csv#959,PHYSICS,对称性,COVERED,节点「简谐运动的对称性」材料 phys-kb-oscillation-symmetry、ext-phy-4765c198af-005、ext-phy-09c12a6763-003 覆盖时间、速度、位移与加速度以及能量的对称关系。,
dir_batch_012.csv#961,PHYSICS,阻尼振动,COVERED,节点 阻尼振动 的材料 ext-phy-bf4da8991e-008（阻尼振动与受迫振动：阻尼振动的成因、能量衰减方式及其与受迫振动和共振的区别）覆盖 definition 的（1）（2）（3）三项；振幅逐渐减小另由 ext-phy-eec25a65a0-012（阻尼振动振幅逐渐减小）覆盖。,
dir_batch_012.csv#962,PHYSICS,受迫振动,COVERED,ext-phy-4765c198af-018（受迫振动是系统在周期性驱动力作用下的振动、稳定后频率等于驱动力频率）、ext-phy-c721b39e42-010（受迫振动的定义与稳定后的频率）、phys-hj3-resonance-energy-conversion（受迫振动中的能量转化）、phys-kb-forced-vibration-resonance（受迫振动与共振）覆盖定义、驱动力、频率特征、能量转化与共振定义。,
dir_batch_012.csv#963,PHYSICS,机械波,COVERED,ext-phy-a5990a668a-003（机械波的定义与产生条件）、phys-hj2-jixiebo-tedian（机械波传播的特点）、ext-phy-7105d033a5-001（机械波的形成、传播与分类）覆盖定义、介质与波源＋介质两个形成条件。,
dir_batch_012.csv#964,PHYSICS,传播特点：,COVERED,命中节点 传播特点 的材料 ext-phy-7105d033a5-003（波在传播过程中的四个特点：跨介质频率不变、一个周期传播一个波长、各质点起振方向相同）、ext-phy-a5990a668a-005（各质点周期频率与波源相同且起振方向一致），与 definition 的①②③④逐条对应。,
dir_batch_012.csv#965,PHYSICS,机械波的分类：,COVERED,包内节点 机械波的分类 的 7 条材料 ext-phy-a5990a668a-003b（按质点振动方向与波传播方向垂直还是共线分为横波与纵波）、phys-hj-115-transverse-longitudinal-wave、phys-hj2-jixiebo-chansheng-tiaojian-fenlei 已覆盖机械波的分类；definition 仅为章节标题 二、机械波的描述，不含独立知识内容。,
dir_batch_012.csv#966,PHYSICS,波长λ：在波动中振动相位总是相同的两个相邻质点间的距离。用“λ”表示。,COVERED,命中同名节点 波长λ 的材料 ext-phy-a5990a668a-004（波长是振动相位总是相同的两个相邻质点间的距离）；definition 中波长与周期由谁决定的部分由 phys-kb-wave-speed-formula（波速由介质决定、频率由波源决定、波长由两者共同决定）与 phys-light-frequency-invariant-medium（换介质时频率不变）覆盖。,
dir_batch_012.csv#967,PHYSICS,波速v、波长λ和频率f、周期T的关系：v＝＝λf。,COVERED,phys-kb-wave-speed-formula、phys-fx-wave-speed-formula-v-lambda-f、ext-phy-a6f0685cca-001d（三者满足 v=λf、频率由波源决定、波速由介质决定）覆盖关系式与决定因素；波的特点（5）（6）由 ext-phy-9e9166488b-002b（波形重复对应空间与时间周期性）覆盖；波的图像部分由 ext-phy-8b8209c1d4-002 与 ext-phy-a5990a668a-009 覆盖。,
dir_batch_012.csv#968,PHYSICS,波动图象的特点,COVERED,命中节点 波动图象的特点 的材料 ext-phy-4df1f6659a-012b、ext-phy-8b8209c1d4-002、ext-phy-a6f0685cca-001c 只讲波的图像的坐标与意义；definition 的（1）（2）由 ext-phy-8b8209c1d4-005、ext-phy-7105d033a5-005、ext-phy-a6f0685cca-003c（质点振动 nT 波形不变、相距 nλ 步调相同、相距半波长奇数倍步调相反）覆盖，（3）由 phys-hj2-jixiebo-tedian（各质点起振方向与波源相同）覆盖。,
dir_batch_012.csv#969,PHYSICS,波动图象的信息,COVERED,phys-hj2-bo-tuxiang-xinxi（波的图像给出某时刻各质点位移，可读振幅、波长并判断振动方向）、ext-phy-a5990a668a-009（横轴为平衡位置、纵轴为位移，可读振幅波长位移与振动加速度方向）、ext-phy-4df1f6659a-015 覆盖七项读图要点。,
dir_batch_012.csv#970,PHYSICS,反射：波在传播过程中遇到介质界面会返回来继续传播的现象叫作波的反射。,COVERED,命中同名节点 的材料 ext-phy-916af4e9e4-025（波到达两种介质分界面时一部分返回形成反射波、一部分进入新介质改变方向形成折射波，频率都不变）与 phys-hj-118-wave-propagation-features 覆盖波的反射与折射两个定义。,
dir_batch_012.csv#971,PHYSICS,衍射：波在传播过程中可以绕过障碍物继续传播的现象叫做波的衍射。,COVERED,phys-kb-wave-diffraction-condition（波绕过障碍物继续传播、障碍物或缝与波长差不多时衍射明显）、phys-diffraction-wavelength-relation（波长越长衍射越明显、任何情况下都可发生衍射）、ext-phy-916af4e9e4-025（反射折射衍射中频率不变）、phys-hj3-doppler-effect-details（多普勒效应靠近变高远离变低）覆盖四个方面。,
dir_batch_012.csv#972,PHYSICS,多普勒效应的成因分析,COVERED,ext-phy-c40a0fc193-018c、ext-phy-7105d033a5-009b、ext-phy-a6f0685cca-005c（接收频率等于观察者单位时间内接收到的完全波个数，靠近时个数增多频率变大）与 phys-hj3-doppler-effect-details 覆盖成因分析两点。,
dir_batch_012.csv#973,PHYSICS,多普勒效应在生活中的应用,COVERED,ext-phy-8d383de05b-028（多普勒效应及其应用：相互接近时接收频率增大、远离时减小，可用于测速仪与彩超）覆盖车辆测速、血流测速与三种情况；测星球速度同属接收频率变化的同一原理。,
dir_batch_012.csv#974,PHYSICS,弹簧振子模型,COVERED,phys-kb-spring-oscillator-model（弹簧振子是理想模型、平衡位置不一定在弹簧原长处）与 ext-phy-ad8be6d3ca-016（弹簧振子理想模型、平衡位置与各物理量的变化规律）覆盖定义、平衡位置与运动情景分析。,
dir_batch_012.csv#975,PHYSICS,波的干涉,COVERED,ext-phy-ad8be6d3ca-018（波的叠加原理、干涉条件与干涉图样的特征）、ext-phy-916af4e9e4-025c（频率相同相位差恒定振动方向相同的两列波叠加形成稳定图样）、phys-mo-l31-mechanical-wave-b-4。,
dir_batch_012.csv#976,PHYSICS,单摆周期：,COVERED,命中同名节点 单摆周期 的材料 ext-phy-c83bff6d83-001（周期 T=2π√(l/g)）、ext-phy-2f20413929-005b（单摆周期公式与等效摆长等效重力加速度）、ext-phy-206fb04353-075c（单摆的周期与超失重）、ext-phy-d485bf76cf-001b（等效重力加速度的四步解题通法）覆盖公式、与振幅质量无关以及超重失重时的等效重力加速度三点。,
dir_batch_012.csv#978,PHYSICS,单摆的受力特征：,COVERED,命中同名节点 单摆的受力特征 的材料 ext-phy-2f20413929-005、ext-phy-7b30b71329-003b、phys-hj3-pendulum-force-features（最高点向心力为零、拉力为 mgcosθ；最低点向心力最大、拉力为 mg+mv²/L）覆盖回复力、向心力与两个特殊位置。,
dir_batch_012.csv#979,PHYSICS,传播方向和振动方向的判断——图像理解,COVERED,phys-same-side-method（同侧法）、phys-up-down-slope-method（上下坡法）、phys-slight-translation-method（微平移法）、phys-driving-method（带动法），命中节点已有 27 条材料覆盖该判断方法。,
dir_batch_012.csv#980,PHYSICS,造成波动问题多解的主要因素有,COVERED,phys-fx-wave-multiple-solutions-causes（波动多解源于时间与空间的周期性、传播与振动方向的双向性）、ext-phy-c40a0fc193-016、ext-phy-8b8209c1d4-006 逐条对应 definition 的三类因素。,
dir_batch_012.csv#981,PHYSICS,解决波的多解问题的思路和步骤,COVERED,phys-kb-wave-multi-solution（列通式求解）、ext-phy-8b8209c1d4-006b（用 x=nλ+Δx 与 t=kT+Δt 表示）、ext-phy-a5990a668a-017（先找多解原因再以一个周期内的关系叠加周期性写通式求波速）。,
dir_batch_012.csv#982,PHYSICS,波的干涉中振动加强点和减弱点的判断方法：,COVERED,phys-interference-same-phase-condition（同相波源的距离差条件）、phys-interference-phenomenon-judgment（现象判断法）、ext-phy-8b8209c1d4-007b 与 ext-phy-a6f0685cca-005（图像法：峰峰或谷谷相遇为加强点、峰谷相遇为减弱点，加强线与减弱线相间）。,
dir_batch_012.csv#983,PHYSICS,光的反射和折射,COVERED,phys-kb-reflection-refraction-law、phys-hj2-fanshe-zheshe-dinglv（反射角等于入射角、入射角与折射角正弦之比为常数、反射折射中光路均可逆）、ext-phy-41cc5c3ce7-001。,
dir_batch_012.csv#984,PHYSICS,反射定律：,COVERED,phys-kb-reflection-refraction-law（反射角等于入射角、入射角正弦与折射角正弦之比为常量）与 phys-hj2-fanshe-zheshe-dinglv、ext-phy-41cc5c3ce7-001（给出反射定律、折射定律与光路可逆性）。,
dir_batch_012.csv#985,PHYSICS,图示：,COVERED,phys-fx-refraction-law-refractive-index（n=sinθ1/sinθ2=c/v）、ext-phy-c14a6699a4-002（折射定律给出入射角与折射角正弦成正比、折射率恒大于1）、phys-hj2-fanshe-zheshe-dinglv（入射角与折射角正弦之比为常数）。,
dir_batch_012.csv#986,PHYSICS,光路可逆性,COVERED,ext-phy-4dff340cb9-002b 与 ext-phy-d0c3ca7518-003b（反射与折射现象中光路可逆及其应用）覆盖第一段；折射率定义与对折射率的理解由 phys-hj2-zheshel-liijie-wudian（n=sinθ1/sinθ2=c/v>1、由介质和光的频率共同决定、与入射角无关）与 phys-hj2-guangmi-guangshu-jiesshe（光密与光疏的相对性）覆盖。,
dir_batch_012.csv#987,PHYSICS,光的干涉、衍射和偏振,COVERED,phys-interference-diffraction-essence（光的干涉和衍射都属于波的叠加）、phys-fx-diffraction-polarization-comparison（单缝衍射与双缝干涉条纹特征及偏振）、ext-phy-206fb04353-081。,
dir_batch_012.csv#988,PHYSICS,杨氏双缝干涉,COVERED,phys-hj2-yangshi-shuangfeng-danfeng-shuangfeng-zuoyong（单缝获得线光源、双缝形成相干光）、phys-kb-double-slit-interference（路程差为波长整数倍出亮纹、条纹间距与波长屏距成正比）、phys-hj3-double-slit-bright-dark-condition（明暗条纹条件）。,
dir_batch_012.csv#989,PHYSICS,薄膜干涉,COVERED,phys-thin-film-bright-dark-condition（路程差等于薄膜厚度的2倍，路程差为波长整数倍处明纹、为半波长奇数倍处暗纹）、phys-flatness-check-by-interference（检查平面平整度、条纹弯曲判凹凸）、ext-phy-904abe433d-001c 覆盖形成原因、明暗判断与应用。,
dir_batch_012.csv#990,PHYSICS,分类,COVERED,ext-phy-a8536b9cdb-015（按图样特征区分单缝衍射、圆孔衍射、圆盘衍射即泊松亮斑与双缝干涉）、ext-phy-c14a6699a4-012（单缝与圆孔衍射图样各有特征）、ext-phy-702e632325-005b（衍射图样特点）；偏振与自然光由节点 光的偏振 的 phys-kb-light-polarization 与 ext-phy-a06efabe52-005c 覆盖。,
dir_batch_012.csv#991,PHYSICS,偏振光：在垂直于光的传播方向的平面上，只沿着某个特定的方向振动的光。,COVERED,phys-kb-light-polarization（偏振现象证明光是横波）、ext-phy-a06efabe52-005c（只沿某个特定方向振动的光是偏振光、偏振说明光是横波）。,
dir_batch_012.csv#992,PHYSICS,光的偏振,COVERED,ext-phy-41cc5c3ce7-006（获得偏振光的两种途径及其在生活与技术中的应用）、ext-phy-702e632325-005b（自然光与偏振光的区别）；光的色散由 phys-kb-light-dispersion-color-order 与 phys-hj3-light-dispersion-order 覆盖；光的本性发展简史由 ext-phy-41cc5c3ce7-006b 覆盖。,
dir_batch_012.csv#993,PHYSICS,电磁说：麦克斯韦认为光是一种电磁波。,COVERED,phys-kb-electromagnetic-wave-theory 与 phys-fx-maxwell-em-wave-theory（麦克斯韦电磁场理论与电磁波）覆盖电磁说；definition 的光子说由 ext-phy-41cc5c3ce7-006b（按历史顺序归纳微粒说、波动说、电磁说、光子说与波粒二象性）覆盖。,
dir_batch_012.csv#994,PHYSICS,光的波粒二象性(长期争论后达成的共识),COVERED,ext-phy-a8536b9cdb-009（激光是原子受激发辐射产生的光，单色性好、平行性好、亮度高）覆盖激光的产生与特点；波粒二象性本身由 phys-fx-wave-particle-duality-matter-wave 与 ext-phy-41cc5c3ce7-006b 覆盖。,
dir_batch_012.csv#995,PHYSICS,应用：光纤通信；激光测距；激光武器等。,COVERED,ext-phy-a8536b9cdb-009（激光的特点与应用：光纤通信、激光测距、激光武器）覆盖点名内容；definition 的全反射定义由 ext-phy-a0cb305e28-008（光从光密介质射向光疏介质且入射角不小于临界角时发生全反射）与 ext-phy-41cc5c3ce7-008 覆盖。,
dir_batch_012.csv#996,PHYSICS,条件：①光从光密介质射入光疏介质。②入射角大于或等于临界角。,COVERED,命中同名节点 全反射的条件与临界角 的材料 phys-fx-total-reflection-critical-angle（光从光密介质射向光疏介质且入射角大于等于临界角时发生全反射、sinC=1/n、折射率越大临界角越小）、ext-phy-6249360606-006、ext-phy-720140d3ae-012。,
dir_batch_012.csv#997,PHYSICS,应用：,COVERED,ext-phy-6249360606-007（全反射棱镜与光导纤维是典型应用）与 phys-hj2-guangdaoxianwei-yuanli（光导纤维内芯折射率大于外套）覆盖全反射棱镜、光导纤维与内外芯折射率关系。,
dir_batch_012.csv#998,PHYSICS,薄膜干涉的应用,COVERED,phys-anti-reflection-coating（增透膜厚度为膜中波长的四分之一、反射光相消）、phys-flatness-check-by-interference（检测平整度、条纹弯曲判凹凸）、ext-phy-41cc5c3ce7-009。,
dir_batch_012.csv#999,PHYSICS,应用光的折射和全反射解决问题的两个技巧：,COVERED,ext-phy-41cc5c3ce7-010（解答全反射类问题的两个关键技巧：抓住全反射的两个条件、善用临界光线作光路图）与 phys-total-reflection-conditions 逐条对应。,
dir_batch_012.csv#1000,PHYSICS,应用光的折射和全反射解决问题的四个注意：,COVERED,ext-phy-720140d3ae-013（求解全反射问题的四点提醒：光密光疏的相对性、从光疏射向光密不可能全反射、全反射中光路可逆、全反射时只有反射没有折射）与 ext-phy-4f3d4dcbe5-012 逐条对应。,
dir_batch_012.csv#1001,PHYSICS,干涉和衍射中几种光现象的判断,COVERED,ext-phy-a8536b9cdb-015（按图样特征区分单缝衍射、圆孔衍射、圆盘衍射与双缝干涉）、ext-phy-41cc5c3ce7-010b（归纳四类图样的特征与比较方法）。,
dir_batch_012.csv#1002,PHYSICS,三种光学模型的光路特点,COVERED,phys-kb-three-optical-elements-path（玻璃砖侧移不改变方向、棱镜向底面偏折、圆界面向圆心偏折）与 ext-phy-b6bd732b19-164b（玻璃砖抓平行、圆柱体抓对称、三棱镜抓角度关系）。,
dir_batch_012.csv#1003,PHYSICS,几何光学中的范围和临界问题,COVERED,ext-phy-a06efabe52-002（解决光的折射问题的常规思路：画光路图、找边角关系、用折射率公式求解并利用光路可逆辅助作图）覆盖 definition 的三步思路；ext-phy-1f5463a824-005（折射与全反射问题的解题步骤）补充界面与法线的作法。,
dir_batch_012.csv#1004,PHYSICS,七种色光的物理量比较分析,COVERED,phys-kb-light-dispersion-color-order（棱镜对不同色光折射率不同引起色散、频率由红到紫依次增大）、phys-hj3-light-dispersion-order（从红到紫频率与折射率增大，波速波长临界角与条纹间距减小）、ext-phy-206fb04353-083（各种色光的比较）。,
dir_batch_012.csv#1005,PHYSICS,分子动理论,COVERED,ext-phy-98d17fab60-001b（分子直径的数量级为 10⁻¹⁰ m）与 ext-phy-4e2f064c7f-002（物体由大量分子组成）、ext-phy-53f1536fb0-002 覆盖物质的组成。,
dir_batch_012.csv#1006,PHYSICS,分子模型,COVERED,phys-hj2-wuzhi-fenzi-zucheng-moxing（固液体用球体模型得直径、气体用立方体模型得平均间距）、wusan-phy-v-fd0a8769、ext-phy-0f258d43a9-002（气体算出的是平均间距而不是分子直径）。,
dir_batch_012.csv#1007,PHYSICS,宏观量和微观量：,COVERED,phys-hj2-hongguan-weiguan-huansuan（阿伏伽德罗常数是联系宏观与微观的桥梁）、phys-kb-molecule-model-avogadro、ext-phy-4e2f064c7f-005（宏观量与微观量的换算关系）、ext-phy-53f1536fb0-002（分子大小、阿伏加德罗常数与宏观量与微观量的关系）覆盖阿伏加德罗常数、宏观量与微观量及其关系。,
dir_batch_012.csv#1008,PHYSICS,扩散,COVERED,ext-phy-925746f040-002（扩散由分子无规则运动产生、温度越高越快、固液气中均可发生）与 phys-kb-brown-motion-meaning（布朗运动是悬浮微粒的无规则运动、间接反映分子热运动）、ext-phy-d352cb7b66-002（温度与颗粒大小的影响）覆盖扩散与布朗运动两部分。,
dir_batch_012.csv#1009,PHYSICS,分子热运动,COVERED,ext-phy-206fb04353-088b（分子永不停息地做无规则运动、温度越高平均速率越大）、ext-phy-4b9ca03ec9-003（分子热运动的定义、特点与布朗运动的实质）、ext-phy-288e1effad-003。,
dir_batch_012.csv#1010,PHYSICS,分子间的作用力与分子间距离的关系：,COVERED,phys-kb-molecular-force-distance（r=r0 时分子力为零、势能最小）、phys-hj2-fenzili-shineng-suijuli-bianhua（r>r0 表现为引力、r<r0 表现为斥力）、ext-phy-4e2f064c7f-008、wusan-phy-v-00e44286（r>10r0 时分子力可忽略）。,
dir_batch_012.csv#1011,PHYSICS,分子势能,COVERED,ext-phy-4b9ca03ec9-005（分子势能的定义、特点与随分子间距和体积变化的规律）、ext-phy-288e1effad-004b（在 r=r0 处最小、r 增大或减小都使势能增大）、ext-phy-9579268f6f-004b（由分子力做功的正负判断增减）。,
dir_batch_012.csv#1012,PHYSICS,分子运动速率分布图像：气体分子速率呈“中间多、两头少”的规律分布，如下图所示。,COVERED,节点 分子运动速率分布图像 的材料 wusan-phy-v-6323d410、ext-phy-61d1d14b26-001c、ext-phy-98d17fab60-003b（气体分子速率分布的统计规律）覆盖中间多两头少的分布图像；温度升高时平均速率与速率值增大由 phys-hj2-qiti-fenzidonglilun-tedian、ext-phy-93f3e60581-012 覆盖。,
dir_batch_012.csv#1013,PHYSICS,气体分子运动的特点,COVERED,phys-hj2-qiti-fenzidonglilun-tedian（分子间距大、作用力可忽略、速率呈中间多两头少、各方向机会均等）、ext-phy-93f3e60581-012（无序性与自由性）、ext-phy-0f258d43a9-003。,
dir_batch_012.csv#1014,PHYSICS,气体压强,COVERED,ext-phy-61d1d14b26-004（压强由大量分子对器壁的频繁碰撞产生，由分子数密度和分子平均速率共同决定）、ext-phy-288e1effad-006（微观上取决于分子平均动能和分子数密度，宏观上取决于温度和体积）、ext-phy-9579268f6f-009b。,
dir_batch_012.csv#1015,PHYSICS,分子的平均动能,COVERED,ext-phy-ecd3843aab-002（温度是分子平均动能的标志、温度相同时不同物质分子的平均动能相同）、ext-phy-9579268f6f-004c、phys-kb-internal-energy-temperature 覆盖温度的标志意义与统计性。,
dir_batch_012.csv#1016,PHYSICS,物体的内能：,COVERED,命中节点 内能 的材料 ext-phy-53f1536fb0-004（内能是所有分子的热运动动能与分子势能的总和、是状态量）、ext-phy-0f258d43a9-004（由物质的量温度体积决定、可通过做功或热传递改变）、ext-phy-c694ee939c-003d（内能的统计性含义、决定因素以及与机械能的区别）、ext-phy-288e1effad-004c。,
dir_batch_012.csv#1017,PHYSICS,气体、液体、固体和热力学定理,COVERED,包内节点 气体-液体-固体和热力学定理 的材料 ext-phy-93f3e60581-014（理想气体在任意温度压强下都遵从气体实验定律）已覆盖 definition 点名的理想气体；definition 为王、节标题，不含独立知识内容。,
dir_batch_012.csv#1018,PHYSICS,定义：在任何温度、任何压强下都遵从气体实验定律的气体。,COVERED,命中同名节点 理想气体（定义-在任何温度-任何压强下都遵从气体实验定律的气体）的材料 ext-phy-92847ba4e4-001（理想气体的宏观定义、微观假设以及实际气体的近似条件）逐条覆盖定义、分子不占空间可视为质点与理想模型两点。,
dir_batch_012.csv#1019,PHYSICS,理想气体的状态方程：,COVERED,wusan-phy-v-f21586b2（三定律统一为理想气体状态方程）、ext-phy-26a9bdfe30-012（状态方程的内容、表达式和图像）、ext-phy-f0fcbfbd7a-002（要求一定质量的理想气体、解题先定状态参量再选定律）、ext-phy-887163c0b4-002（要求温度不太低、压强不太大）覆盖内容、表达式、成立条件与实际气体的近似条件。,
dir_batch_012.csv#1020,PHYSICS,表面张力,COVERED,phys-kb-liquid-surface-tension（表面张力使液面收缩趋于最小、浸润与不浸润由分子力决定）、phys-fx-surface-tension-features（方向与液面相切、垂直于分界线）、wusan-phy-v-f656b21f（表面层分子间距比内部大，由此决定浸润与毛细现象）。,
dir_batch_012.csv#1021,PHYSICS,液晶,COVERED,phys-kb-liquid-crystal-property（液晶介于固态与液态之间、兼具流动性和光学各向异性）、ext-phy-288e1effad-005c、ext-phy-61d1d14b26-003c（分子取向排列的液晶具有光学各向异性）覆盖定义、特点与微观结构。,
dir_batch_012.csv#1022,PHYSICS,对晶体和非晶体的理解：,COVERED,命中同名节点 对晶体和非晶体的理解 的材料 ext-phy-61d1d14b26-003d（单晶体具有各向异性但不是在各种性质上都各向异性、晶体与非晶体在一定条件下可以相互转化）、phys-kb-crystal-amorphous-compare、ext-phy-344c6abba1-010（看有无确定熔点、几何外形与各向异性判断固体类型）。,
dir_batch_012.csv#1023,PHYSICS,常见物理量和状态,COVERED,ext-phy-4b9ca03ec9-015（系统与外界由体积压强温度等状态参量描述、平衡态是状态参量稳定的状态且属动态平衡的理想情况）覆盖前四项与对平衡态的理解；热平衡与热平衡定律由 ext-phy-9579268f6f-017（热力学第零定律：都与第三个系统热平衡的两个系统彼此也处于热平衡）覆盖。,
dir_batch_012.csv#1024,PHYSICS,温度计：测量温度的仪器。,COVERED,命中同名节点 温度计-测量温度的仪器 的材料 ext-phy-4b9ca03ec9-016b（温度计是测量温度的仪器、依据互为热平衡的系统温度相同、摄氏温标与热力学温标满足 T=t+273.15K）。,
dir_batch_012.csv#1025,PHYSICS,两种表述,COVERED,命中同名节点 两种表述 的材料 ext-phy-4b9ca03ec9-016（克劳修斯表述与开尔文表述的内容及其等价性）与 phys-hj3-second-law-two-forms（克劳修斯表述讲热量传导方向、开尔文表述讲单一热源做功不可能）。,
dir_batch_012.csv#1026,PHYSICS,物理意义：一切自发过程总是沿着分子热运动的无序度增大的方向进行程。,COVERED,entry 名中的熵增判据由 ext-phy-9579268f6f-020b（自发过程总朝无序度增大的方向进行、孤立系统的熵总是增大）与 ext-phy-9cab6c383d-003 覆盖；definition 的对开尔文表述的理解由 ext-phy-921524b427-005（给出两种表述、熵表述以及自发与不产生其他影响的含义）与 ext-phy-206fb04353-091b（热量可以从低温传到高温、也能全部变成功，但会产生其他影响）覆盖。,
dir_batch_012.csv#1028,PHYSICS,第二类永动机,COVERED,phys-hj3-second-perpetual-machine（只从单一热源吸热并全部变功的热机违反热力学第二定律）、ext-phy-d352cb7b66-015b、ext-phy-095a12feba-005（能量守恒定律的内容）覆盖第二类永动机与能量守恒定律定义。,
dir_batch_012.csv#1030,PHYSICS,第一类永动机,COVERED,命中同名节点 第一类永动机 的材料 ext-phy-4b9ca03ec9-019（第一类永动机的设计要求及其违背能量守恒定律的原因）与 phys-hj2-yongdongji-erlei-fenlei（第一类永动机违背能量守恒）。,
dir_batch_012.csv#1031,PHYSICS,内容：一个热力学系统的内能变化量等于外界向它传递的热量与外界对它所做的功的和。,COVERED,ext-phy-93f3e60581-018（内能变化量等于外界向它传递的热量与外界对它做的功的和，即 ΔU=Q+W）与 phys-kb-thermodynamic-first-law 覆盖定律内容；做功与热传递在改变内能上等效由 phys-hj2-relixue-diyi-dinglv 覆盖。,
dir_batch_012.csv#1032,PHYSICS,表达式：ΔU＝Q＋W。,COVERED,phys-first-law-sign-convention（W 为正表示外界对系统做功、Q 为正表示系统吸热、ΔU 为正表示内能增加）、phys-first-law-special-cases 与 phys-hj2-diyi-dinglv-teshu-qingkuang（绝热时 Q=0、不做功时 W=0、内能不变时 W+Q=0 三个特例）、wusan-phy-v-f9be2670、ext-phy-93f3e60581-018（标量式）。,
dir_batch_012.csv#1033,PHYSICS,活塞气缸模型,COVERED,phys-kb-piston-cylinder-model（热学对象列气体定律方程、力学对象列平衡或牛顿定律方程）、ext-phy-b6bd732b19-169（三步法解汽缸模型）、ext-phy-c7b7513b35-003（活塞与气缸类问题的一般思路）覆盖模型分类与解题思路。,
dir_batch_012.csv#1034,PHYSICS,液柱模型,COVERED,phys-hj3-liquid-column-pressure-method（以液柱为对象列平衡方程，注意 ρgh、大气压与连通器原理）、wusan-phy-v-38b8f844（p下=p上+ρgh）、ext-phy-26a9bdfe30-017（液柱移动判断的公式法与图像法）、ext-phy-61d1d14b26-008（封闭气体压强的四种求法：力平衡法等压面法液片法等）。,
dir_batch_012.csv#1035,PHYSICS,不要漏掉大气压强，同时又要尽可能平衡掉某些大气的压力；,COVERED,ext-phy-c7b7513b35-007（注意重力压强取液面竖直高度、不漏大气压并善用连通器原理）、ext-phy-9825f06959-005（注意重力压强、大气压、连通器原理与单位处理）、phys-pressure-equal-pressure-surface（同一种液体同一深度处压强相等）。,
dir_batch_012.csv#1036,PHYSICS,功、热和内能的改变,COVERED,ext-phy-4b9ca03ec9-026（做功和热传递都能改变物体的内能，对理想气体按 ΔU、W、Q 三量分别由温度变化、体积变化和吸放热情况分析）、ext-phy-e66465340b-001（气体等压变化做功 W=p·ΔV）、ext-phy-f79c5cbe5c-001（两种方式在改变内能上是等效的）。,
dir_batch_012.csv#1037,PHYSICS,热力学图像问题,COVERED,ext-phy-2f72d4bf8f-005（气体四类等值变化图像的比较：形状、斜率含义与比较规律）、ext-phy-925746f040-021（图像中点线斜率与面积的物理意义）、ext-phy-b6bd732b19-167b（p-V 图像中两种面积的含义：矩形面积对应 pV、图线下方面积表示做功）。,
dir_batch_012.csv#1038,PHYSICS,气体实验定律,COVERED,phys-hj3-gas-three-laws（等温、等容、等压三式）、ext-phy-61d1d14b26-004b（三个气体实验定律的对比）、ext-phy-0f258d43a9-012（三个实验定律都是状态方程在某个参量不变时的特例）、ext-phy-f0fcbfbd7a-002（先定状态参量再选定律）。,
dir_batch_012.csv#1039,PHYSICS,变质量问题的处理思想——等效,COVERED,phys-gas-inflate-analysis（充气：把原有气体和即将充入的气体整体作为研究对象）、phys-gas-extract-analysis、phys-gas-leak-analysis、ext-phy-26a9bdfe30-020（三类等效处理）覆盖充气、抽气、灌气、漏气的等效转化。,
dir_batch_013.csv#1041,PHYSICS,黑体辐射：黑体虽然不反射电磁波，却可以向外辐射电磁波。。,COVERED,命中同名节点 黑体辐射（slug 黑体辐射-黑体虽然不反射电磁波-却可以向外辐射电磁波），其材料 phys-kb-blackbody-radiation-energy-quantum、phys-hj2-heiti-fushe-guilv、phys-tp-radiation-wavelength-distribution、ext-phy-5d101c954d-001 覆盖黑体辐射规律（强度分布只与温度有关、极大值随温度升高向短波移动）；能量子部分由 node 能量子 的 phys-tp-energy-quantum-hnu、ext-phy-83aaecb372-001b、ext-phy-eede7ba2b8-002b 覆盖能量子定义与能量量子化；普朗克常量 h≈6.63×10⁻³⁴ J·s 见 phys-fx-photoelectric-effect-laws。,
dir_batch_013.csv#1042,PHYSICS,几个基本概念的理解,COVERED,命中节点 几个基本概念的理解，其唯一材料 ext-phy-c9f8cb4c96-003（光电效应中的几个基本概念）逐条覆盖 definition 的光子与光电子、光电子动能与最大初动能、光电流与饱和光电流、入射光强度与光子能量、光强决定光电流五组概念；另有 node 光电效应 的 phys-hj2-guangdian-wuzu-gainian-duibi、ext-phy-924259a8ae-002 同类辨析材料。,
dir_batch_013.csv#1043,PHYSICS,光电效应现象,COVERED,命中节点 光电效应现象，其材料 phys-hj2-guangdian-xiaoying-guilv（现象：光照下发射电子的现象、逸出电子叫光电子）、phys-hj3-photoelectric-laws、ext-phy-eede7ba2b8-005、ext-phy-5d101c954d-002c 覆盖 definition 的光电效应定义与实质。,
dir_batch_013.csv#1044,PHYSICS,光电效应的产生条件,COVERED,命中节点 光电效应的产生条件，其材料 phys-photoelectric-frequency-decides 与 phys-kb-photoelectric-effect-laws 明确覆盖 definition 的能否发生取决于频率而非强度、频率须不小于极限频率；phys-hj2-guangdian-liangtiao-xiansuo 覆盖两条线索。,
dir_batch_013.csv#1045,PHYSICS,光电效应的规律,COVERED,命中节点 光电效应的规律，其材料 ext-phy-426d81a7eb-004、ext-phy-00dee0496f-003、ext-phy-8a3ed74025-003、ext-phy-206fb04353-084c 覆盖四条规律（截止频率、最大初动能与光强无关、瞬时性、饱和电流与光强成正比）；definition 末段光谱定义属 spilled 小节，由 node 光谱及其分类 的 ext-phy-29be60ee7d-002b 与 phys-hj2-qingyuanzi-guangpu 覆盖。,
dir_batch_013.csv#1046,PHYSICS,分类,COVERED,条目内容为光谱的线状谱与连续谱定义及产生条件（definition 关键词：一条条的亮线、稀薄气体发光、连在一起的光带）；node 光谱及其分类 的材料 ext-phy-29be60ee7d-002b 覆盖按来源与形态分为线状谱、连续谱与吸收谱；node 氢原子光谱的实验规律 的 phys-hj2-qingyuanzi-guangpu 明确写出一条条分立亮线由稀薄气体发光产生、连续谱是连在一起的光带。,
dir_batch_013.csv#1047,PHYSICS,特征谱线,COVERED,命中节点 特征谱线，其材料 ext-phy-c9f8cb4c96-005（中性原子发光光谱为线状谱、不同原子亮线位置不同、亮线称为原子的特征谱线）与 ext-phy-29be60ee7d-003（线状谱与吸收谱都是原子的特征谱线）覆盖 definition 全部内容。,
dir_batch_013.csv#1048,PHYSICS,氢原子光谱的实验规律,COVERED,命中节点 氢原子光谱的实验规律，其材料 ext-phy-00dee0496f-005b、ext-phy-5d101c954d-004b、ext-phy-2d6466da52-002b、ext-phy-29be60ee7d-003b 覆盖光谱定义与巴耳末公式（波长公式、里德伯常量 1.10×10⁷ m⁻¹、红外紫外谱线满足类似关系式）。,
dir_batch_013.csv#1049,PHYSICS,玻尔理论的几个重要概念：,COVERED,命中节点 玻尔理论的几个重要概念，其材料 ext-phy-29be60ee7d-005（能级与能级图）、ext-phy-5d101c954d-004d、ext-phy-6efd8aadb1-012 覆盖 definition 的能级、基态、激发态、量子数与跃迁概念；能级公式 En=E1/n²（E1=-13.6 eV）与半径公式 rn=n²r1（r1=0.53×10⁻¹⁰ m）见 ext-phy-0e06a470ac-007b。,
dir_batch_013.csv#1050,PHYSICS,.玻尔原子模型的三条假设,COVERED,命中节点 玻尔原子模型的三条假设，其材料 phys-hj2-boer-moxing-sanjiashe、phys-hj3-bohr-model、ext-phy-5d101c954d-004c、ext-phy-00dee0496f-006 覆盖轨道量子化、能量量子化（定态）与频率条件 hν=Em-En；节点内另 3 条碰撞原则材料与本条无关。,
dir_batch_013.csv#1051,PHYSICS,玻尔理论对氢光谱的解析,COVERED,命中节点 玻尔理论对氢光谱的解析，其材料 ext-phy-61eb93e0c1-005 逐条覆盖解释巴耳末公式、光谱不连续性、不同原子特征谱线、气体导电发光；补充部分的氢原子能级与跃迁问题由 node 氢原子能级跃迁与数学思想的结合 的 ext-phy-92e8aef819-012b、ext-phy-8ee107050a-008 覆盖谱线条数计算。,
dir_batch_013.csv#1052,PHYSICS,光的波粒二象性,COVERED,命中节点 光的波粒二象性，其材料 phys-kb-wave-particle-duality-light、phys-hj2-guang-de-boli-erxiangxing、ext-phy-00dee0496f-004 覆盖 definition 的波动性证据（干涉衍射偏振）、粒子性证据（光电效应、康普顿效应）与二象性结论。,
dir_batch_013.csv#1053,PHYSICS,光的波粒二象性的表现规律：,COVERED,命中节点 光的波粒二象性的表现规律，其材料 phys-hj3-wave-particle-duality-angles 与 ext-phy-8a3ed74025-007 逐条覆盖从数量上（个别 vs 大量）、频率上（频率越低波动性越显著）、传播与作用上、以及由 E=hν 与 p=h/λ 看波动性与粒子性统一的四条表现规律。,
dir_batch_013.csv#1054,PHYSICS,物质波,COVERED,命中节点 物质波，其材料 phys-kb-matter-wave-de-broglie、ext-phy-5d101c954d-003c、ext-phy-00dee0496f-004b 覆盖物质波定义与波长 λ=h/p；概率波部分由 ext-phy-924259a8ae-013（光波是概率波）覆盖；电子束衍射证实电子波动性见 phys-kb-matter-wave-de-broglie 内容。,
dir_batch_013.csv#1056,PHYSICS,原子核的组成：原子核是由质子和中子组成的，原子核的电荷数等于核内的质子数。,COVERED,命中同名节点 原子核的组成，其材料 phys-kb-atomic-nucleus-composition、ext-phy-5aff2fc1d4-022 覆盖原子核由质子和中子组成、核电荷数等于质子数；definition 的核符号 AZX 由 ext-phy-e7ec17c556-005b（AZX 中 Z 为质子数、A 为质量数）与 ext-phy-eede7ba2b8-017b（符号中 A 为质量数 Z 为电荷数）覆盖。,
dir_batch_013.csv#1057,PHYSICS,同位素,COVERED,命中节点 同位素，其材料 ext-phy-c9f8cb4c96-011（质子数相同而中子数不同、化学性质相同而物理性质不同）与 ext-phy-e7ec17c556-006 覆盖 definition 全部内容。,
dir_batch_013.csv#1058,PHYSICS,天然放射现象,COVERED,命中节点 天然放射现象，其材料 ext-phy-baf18087a8-007、ext-phy-e7ec17c556-001、ext-phy-00dee0496f-008 覆盖 definition 的自发发出射线、贝克勒尔首先发现、说明原子核具有复杂结构。,
dir_batch_013.csv#1059,PHYSICS,原子核衰变,COVERED,命中节点 原子核衰变，其材料 ext-phy-6067202e2e-001b、ext-phy-0e06a470ac-009、ext-phy-baf18087a8-008 覆盖衰变定义与 α 衰变质量数减 4 电荷数减 2、β 衰变质量数不变电荷数加 1；γ 射线伴随产生与三种射线在电场磁场中的偏转由 ext-phy-5d101c954d-006、ext-phy-92e8aef819-006（磁场或电场中 α 与 β 偏转方向相反、γ 不偏转）覆盖。,
dir_batch_013.csv#1060,PHYSICS,核力,COVERED,命中节点 核力，其材料 ext-phy-61eb93e0c1-011（核力是核子间强相互作用、使核子结合成稳定原子核）与 ext-phy-94ce022dcc-001 覆盖 definition。,
dir_batch_013.csv#1061,PHYSICS,核力的特点,COVERED,命中节点 核力的特点，其材料 ext-phy-6067202e2e-005、ext-phy-eede7ba2b8-029、ext-phy-61eb93e0c1-011 覆盖 definition 的短程力（约 10⁻¹⁵ m）、超出范围急剧减小、饱和性与电荷无关性四条特点；节点内另有向心力特点与库仑力特点两条无关材料。,
dir_batch_013.csv#1062,PHYSICS,结合能,COVERED,命中节点 结合能，其材料 ext-phy-94ce022dcc-001b（结合能的定义与理解：核子结合成原子核释放的能量或把核分解为核子所需的能量）与 ext-phy-c9f8cb4c96-013 覆盖 definition。,
dir_batch_013.csv#1063,PHYSICS,比结合能,COVERED,命中节点 比结合能，其材料 phys-kb-nuclear-force-binding-energy、ext-phy-6067202e2e-008、ext-phy-94ce022dcc-001c 覆盖 definition 的比结合能定义、中等核最大、越大越稳定、轻核重核较小；释放核能与质量亏损由 node 质量亏损 的 phys-kb-mass-defect-emc2、ext-phy-6067202e2e-006 覆盖。,
dir_batch_013.csv#1064,PHYSICS,质能方程：，该式表明物体的能量和质量之间存在着密切的联系。,COVERED,命中同名节点 质能方程，其材料 ext-phy-e8adc999e6-014、ext-phy-d0a08f55f3-012、phys-hj2-heneng-zhineng-fangcheng 覆盖质能方程 E=mc² 与能量质量关系；definition 的单位要求、1u=931.5MeV 与三种核能计算法由 phys-fx-mass-defect-nuclear-energy 与 node 核能的计算方法 的 ext-phy-00dee0496f-009c、ext-phy-e8adc999e6-013、ext-phy-6067202e2e-008b 覆盖。,
dir_batch_013.csv#1065,PHYSICS,常见基本粒子及其分类,COVERED,命中节点 常见基本粒子及其分类，其材料 phys-tp-basic-particles-family（夸克 6 味、轻子 3 代、规范玻色子、希格斯玻色子的分类）覆盖该考点；强子与夸克组成另由 phys-tp-quark-model-hadrons 覆盖；definition 实为相邻栏目名残片（光电效应的理解、光电管现象分析），与本考点无关。,
dir_batch_013.csv#1066,PHYSICS,基本概念理解：,COVERED,条目内容为光电效应六组基本概念（定义、逸出功、截止频率、遏止电压、饱和光电流、最大初动能），材料覆盖：node 光电效应现象 的 phys-hj2-guangdian-xiaoying-guilv 与 ext-phy-eede7ba2b8-005 给定义；node 光电效应方程 的 phys-kb-einstein-photoelectric-equation 与 ext-phy-eede7ba2b8-005b 给逸出功；node 光电效应的图像问题 的 phys-iu-graph-intensity-variant 给遏止电压与饱和光电流；node 光电效应 的 ext-phy-924259a8ae-002 给出同类概念辨析。,
dir_batch_013.csv#1067,PHYSICS,光电效应的规律,COVERED,命中节点 光电效应的规律（与 idx 1045 同考点），该节点 10 条材料中 ext-phy-426d81a7eb-004、ext-phy-00dee0496f-003、ext-phy-206fb04353-084c、ext-phy-0e06a470ac-001 覆盖四条规律全部内容。,
dir_batch_013.csv#1068,PHYSICS,光电效应方程：。,COVERED,命中节点 光电效应方程，其 15 条材料（phys-kb-einstein-photoelectric-equation、phys-hj2-guangzishuo-guangdian-fangcheng、ext-phy-8a3ed74025-003b、ext-phy-206fb04353-084d 等）覆盖方程表达式与各项物理意义、两条对应关系、三个定量关系式（光电效应方程、Ek=eUc、W0=hνc）。,
dir_batch_013.csv#1069,PHYSICS,光电效应的图像问题,COVERED,命中节点 光电效应的图像问题，其 16 条材料（phys-ekm-nu-graph-analysis、phys-iu-graph-intensity-variant、phys-iu-graph-frequency-variant、phys-kb-photoelectric-image-analysis、phys-hj3-photoelectric-four-images 等）覆盖 definition 所指的四类图像及其截距、斜率含义。,
dir_batch_013.csv#1070,PHYSICS,原子核衰变的类型判断和次数计算,COVERED,命中节点 原子核衰变的类型判断和次数计算，其材料 phys-kb-decay-rule-times-calc、phys-hj3-decay-types-counting、ext-phy-8ee107050a-015 覆盖 definition 的列方程组解 n 与 m、先由质量数定 α 次数再定 β 次数两种方法。,
dir_batch_013.csv#1071,PHYSICS,半衰期的理解、计算和应用,COVERED,命中节点 半衰期的理解-计算和应用，其材料 phys-fx-half-life-understanding、ext-phy-5d101c954d-006b、ext-phy-e8adc999e6-009 覆盖半衰期定义、剩余量公式与统计规律（只对大量原子核适用）的注意点。,
dir_batch_013.csv#1072,PHYSICS,常用公式：n＝N，m＝M。,COVERED,命中节点 常用公式-n-n-m-m，其唯一材料 ext-phy-c9f8cb4c96-020（半衰期的定义与常用公式）逐项覆盖 definition 的 n＝N(1/2)^(t/T)、m＝M(1/2)^(t/T) 及 N、M、n、m、t、T 各符号含义。,
dir_batch_013.csv#1073,PHYSICS,意义：表示放射性元素衰变的快慢．,COVERED,命中节点 意义-表示放射性元素衰变的快慢，其唯一材料 ext-phy-c9f8cb4c96-021（半衰期的意义、特征与用途）覆盖 definition 的半衰期表示衰变快慢、稳定、由核内部因素决定、与物理化学状态无关。,
dir_batch_013.csv#1074,PHYSICS,规律的用途：利用天然放射性元素的半衰期可以估测岩石、化石和文物的年代．,COVERED,条目为知识陈述（用半衰期估测岩石化石文物的年代）；命中节点 意义-表示放射性元素衰变的快慢 的材料 ext-phy-c9f8cb4c96-021 内容含规律的用途一条与半衰期公式使用注意；definition 的三点注意中公式只适用大量原子核、明确 m、M 与 n、N 含义两项由该材料覆盖，node 半衰期的理解-计算和应用 的 ext-phy-e8adc999e6-009 亦覆盖统计性。,
dir_batch_013.csv#1075,PHYSICS,核反应的判断、方程与应用,COVERED,命中节点 核反应的判断-方程与应用，其材料 phys-kb-nuclear-reaction-types、phys-hj3-nuclear-reaction-four-types、ext-phy-6067202e2e-004、ext-phy-94ce022dcc-005 覆盖 definition 所列衰变、人工转变、裂变、聚变四类核反应及方程书写规则。,
dir_batch_013.csv#1076,PHYSICS,氢原子能级跃迁与数学思想的结合,COVERED,"命中节点 氢原子能级跃迁与数学思想的结合，其材料 ext-phy-92e8aef819-012b、ext-phy-8ee107050a-008、ext-phy-5d101c954d-005 覆盖光子须恰好等于能级差才能被吸收、大于电离能可电离、一群原子谱线条数 C(n,2) 与一个原子最多 n-1 条。",
dir_batch_013.csv#1077,PHYSICS,近代物理学史——相关粒子的发现和实验,COVERED,命中节点 近代物理学史-相关粒子的发现和实验，其材料 phys-kb-physics-history-discoveries 内容包含赫兹发现光电效应，覆盖 definition；其余学史条目由 ext-phy-29be60ee7d-001、ext-phy-94ce022dcc-003、phys-fx-nuclear-reaction-classic-equations 覆盖。,
dir_batch_013.csv#1078,PHYSICS,电子束衍射实验(戴维孙、G.P.汤姆孙) ：证实电子的波动性。,COVERED,条目为知识陈述（电子束衍射实验证实电子的波动性）；材料 ext-phy-c9f8cb4c96-024 内容含电子束衍射实验（戴维孙、G.P.汤姆孙）证实电子具有波动性，phys-kb-physics-history-discoveries 亦含该结论；definition 的汤姆孙气体放电管发现电子由 ext-phy-29be60ee7d-001、ext-phy-5d101c954d-004 覆盖。,
dir_batch_013.csv#1081,PHYSICS,实验基础知识,COVERED,命中节点 实验基础知识；definition 的国际单位制构成由 node 单位制 的 ext-phy-b6feafc5c0-003（国际单位制的基本物理量共七个、由物理关系式推导导出单位）与 phys-kb-si-unit-basic-derived、ext-phy-3acd9606ca-005b 覆盖；另 ext-phy-c1f096722a-006 明记国际单位制规定的七个基本单位。,
dir_batch_013.csv#1082,PHYSICS,常见的导出单位,COVERED,命中节点 常见的导出单位，其唯一材料 ext-phy-3edb60db02-004（单位制与导出单位）覆盖 definition 所指的常见导出单位举例（1 N＝1 kg·m/s²、1 J＝1 N·m、1 W＝1 J/s）；definition 其余文字为表引用与下节标题。,
dir_batch_013.csv#1083,PHYSICS,系统误差：,COVERED,命中节点 系统误差（其 boundary 与 definition 同源），其材料 phys-kb-systematic-random-error、phys-hj2-wucha-fenlei-youxiaoshuzi、phys-hj3-error-classification-valid-digits、ext-phy-9c73666e3a-002、ext-phy-7dba225a31-003 覆盖系统误差的定义、产生原因（仪器、方法、原理）与减小方向（从仪器与方法改进）。,
dir_batch_013.csv#1084,PHYSICS,偶然误差：,COVERED,definition 三项内容的覆盖：偶然误差定义、原因与减小方法由 node 系统误差 的 phys-kb-systematic-random-error、ext-phy-7dba225a31-003、ext-phy-9885683808-004 覆盖；绝对误差与相对误差由 ext-phy-10143926cf-005、ext-phy-becbecccb1-001 覆盖；有效数字及判定规则由 node 有效数字与小数位数的保留 的 phys-kb-significant-figures-rule、ext-phy-7dba225a31-003b（中间与末尾的零都要计入）、ext-phy-becbecccb1-001b 覆盖。,
dir_batch_013.csv#1085,PHYSICS,必备实验仪器的原理及使用,COVERED,命中节点 必备实验仪器的原理及使用，该节点 24 条材料覆盖 definition 所指的打点计时器（phys-kb-ticker-timer-feature、phys-hj3-ticker-timer-compare）、弹簧测力计相关测量（ext-phy-504a241474-016）、游标卡尺（phys-kb-vernier-micrometer-reading、phys-hj-170-vernier-caliper-reading）等仪器原理与使用。,
dir_batch_013.csv#1086,PHYSICS,电磁打点计时器,COVERED,命中节点 电磁打点计时器，其材料 ext-phy-2ac3394660-002（电磁打点计时器的打点原理、电源要求与纸带阻力来源）、phys-hj3-ticker-timer-compare、ext-phy-7b614c35cb-004（电磁式接 8 V 交流电）、ext-phy-3a6293013c-004、ext-phy-9c73666e3a-003 覆盖 definition 的构造、工作原理与周期。,
dir_batch_013.csv#1087,PHYSICS,电火花打点计时器,COVERED,命中节点 电火花打点计时器，其材料 ext-phy-7b614c35cb-004（电火花式接 220 V 交流电、打点周期 0.02 s、纸带记录位置时刻位移时间）、ext-phy-2ac3394660-002b（火花放电打点原理与对比优势）、ext-phy-3a6293013c-004b、ext-phy-9c73666e3a-003b 覆盖 definition 主体；definition 尾段属相邻小节，游标卡尺部分由 phys-kb-vernier-micrometer-reading 等覆盖。,
dir_batch_013.csv#1088,PHYSICS,图例：,COVERED,条目内容为多用电表的结构部件（欧姆调零旋钮、指针定位螺丝、红黑表笔插孔）；node 多用电表的结构与刻度盘 的 ext-phy-d72ac5caec-007 覆盖多用电表分表盘、选择开关与调零旋钮的结构；node 多用电表的使用方法 的 ext-phy-c40f321ecc-006 覆盖机械零点由定位螺丝调整、欧姆零点由调零旋钮调整；表笔插孔极性由 phys-hj3-multimeter-structure、phys-hj-189-multimeter-usage 覆盖。,
dir_batch_013.csv#1089,PHYSICS,用途：,COVERED,条目内容为多用电表测电压、测电流、测电阻的用途与操作步骤；node 多用电表的使用方法 的 phys-hj-189-multimeter-usage（正确使用多用电表测电学量）、ext-phy-c40f321ecc-005（操作流程与步骤顺序）、ext-phy-849ea9e86a-002（可测电流电压和电阻）与 node 多用电表测电阻 的 phys-hj2-oumbiao-cezu-buzhou（选挡后欧姆调零、读数乘倍率、换挡重调零）覆盖；definition 末段为实验题干残片。,
dir_batch_013.csv#1090,PHYSICS,电表的改装,COVERED,命中节点 电表的改装，其材料 phys-kb-meter-modification（表头串联分压电阻改电压表、并联分流电阻改电流表及量程公式）与 phys-hj3-meter-modification（R=U/Ig-Rg、R=IgRg/(I-Ig)）覆盖 definition 所指的改装原理；另有 ext-phy-d72ac5caec-008 覆盖多用电表各挡位的改装原理。,
dir_batch_013.csv#1091,PHYSICS,小量程电流表(表头),COVERED,条目内容为小量程电流表（表头）的工作原理、三个参数 Ug=IgRg 与电压表电流表实质是电流表的总结；node 电表改装问题的两点提醒 的 ext-phy-7b614c35cb-013 内容①逐条给出表头结构（磁场与可转动线圈、安培力带动指针偏转）、三个参数 Ug、Ig、Rg 与 Ug＝IgRg 以及电压表和电流表实质上都是电流表；node 电压表-电流表的改装 的 phys-kb-meter-modification-lab 亦覆盖三个参数。,
dir_batch_013.csv#1092,PHYSICS,电压表、电流表的改装,COVERED,命中节点 电压表-电流表的改装，其材料 phys-kb-meter-modification-lab、phys-hj2-dianbiao-gaizhuang、phys-fx-meter-modification-rules、ext-phy-b9dfe89822-004b 覆盖 definition 的由表头改装而成与串并联改装原理。,
dir_batch_013.csv#1093,PHYSICS,电表改装问题的两点提醒,COVERED,命中节点 电表改装问题的两点提醒，其唯一材料 ext-phy-7b614c35cb-013 的提醒一（Ug、Ig、Rg 三个特征量改装前后不变、Ig 不改变）与提醒二（改装后量程对应表头满偏时的串联电压或并联总电流）逐字覆盖 definition。,
dir_batch_013.csv#1094,PHYSICS,逐差法原理,COVERED,命中节点 逐差法原理，其材料 ext-phy-71f609071a-012（连续相等时间位移差 Δx＝aT²、6 段求平均加速度 a＝[(s4+s5+s6)-(s1+s2+s3)]/(9T²)）与 ext-phy-33071c56c1-002、ext-phy-a7c2ce19cd-002b、ext-phy-2ac3394660-003 覆盖 definition 的推导过程。,
dir_batch_013.csv#1095,PHYSICS,“逐差法”的实际应用及小技巧,COVERED,命中节点 逐差法-的实际应用及小技巧，其材料 ext-phy-71f609071a-012b、ext-phy-7dba225a31-006、ext-phy-a7c2ce19cd-006 逐条覆盖 definition 的偶数段小于 6 段平分两大段、6 段用 x4＋x5＋x6－x1－x2－x3＝9aT²、偶数段大于 6 段只取前 6 段、奇数段舍去第一段四种情形。,
dir_batch_013.csv#1096,PHYSICS,电表的内接与外接,COVERED,命中节点 电表的内接与外接，其材料 ext-phy-aa3eac86a6-005、ext-phy-311bab1429-054、ext-phy-206fb04353-099b、ext-phy-504a241474-012 覆盖 definition 所指的电流表内、外接法比较（内接偏大、外接偏小、误差来源与选择）。,
dir_batch_013.csv#1097,PHYSICS,电流表的内、外接法的选择,COVERED,命中节点 电流表的内-外接法的选择，其 18 条材料（phys-ammeter-inside-connection、phys-ammeter-outside-connection、phys-touch-trial-method、phys-known-meter-resistance-choice、phys-kb-inner-outer-connection-choice、phys-hj2-fuanfa-neiwaibie-xuanze 等）覆盖定义所要求的内外接选择与误差方向；definition 本身为实验题干残片（器材清单与填空设问），不另入库。,
dir_batch_013.csv#1098,PHYSICS,滑动变阻器的限流式与分压式,COVERED,命中节点 滑动变阻器的限流式与分压式，其材料 phys-kb-rheostat-limiting-vs-dividing、phys-hj3-rheostat-voltage-divider-limiter、ext-phy-82173b8e6a-002b、ext-phy-afa44298fc-003e 覆盖 definition 的两种接法比较与分压调节范围大、限流节能简单的注意点。,
dir_batch_013.csv#1099,PHYSICS,滑动变阻器两种接法的选择,COVERED,命中节点 滑动变阻器两种接法的选择，其材料 phys-kb-rheostat-two-connection-choice、ext-phy-504a241474-010、ext-phy-2fa662493c-008、ext-phy-f42dc02f15-006、ext-phy-4d527e3efd-010 覆盖 definition 的必须采用分压式的各种情况与其余情况优先限流式。,
dir_batch_013.csv#1100,PHYSICS,实验仪器的估读问题分析,COVERED,命中节点 实验仪器的估读问题分析，其材料 ext-phy-4d527e3efd-003b（最小分度为 1、2、5 三类分别确定估读到本位还是下一位）、ext-phy-f42dc02f15-004、ext-phy-cd3308dfab-002、ext-phy-aa3eac86a6-003 覆盖 definition 的最小刻度十分度与最小分度含 1、2、5 三类仪器的估读规则。,
dir_batch_013.csv#1101,PHYSICS,必须估读的仪器：这类仪器是大多数，其读数需要包含一位可靠的估计值。,COVERED,条目为知识陈述（必须估读的仪器及其读数需含一位估计值），命中节点 必须估读的仪器；其材料 phys-kb-meter-reading-estimation（最小分度为 1、2、5 的仪器按不同规则估读、部分仪器不估读）覆盖 definition 的不需要估读仪器一类；ext-phy-becbecccb1-002 覆盖读数要读到误差出现的那一位；不需估读的具体仪器（游标卡尺）见 node 实验仪器的估读问题分析 的 phys-fx-vernier-micrometer-reading。,
dir_batch_013.csv#1102,PHYSICS,控制变量法,COVERED,命中节点 控制变量法，其材料 ext-phy-7b614c35cb-020b 逐条覆盖 definition 的核心思想与三个典型实验（探究加速度与力、质量；探究导体电阻与长度、横截面积、材料；探究向心力与质量、角速度、半径）；ext-phy-a827e43510-001 另给控制变量法的含义与操作。,
dir_batch_013.csv#1103,PHYSICS,转换法,COVERED,命中节点 转换法，其材料 ext-phy-7b614c35cb-020 覆盖 definition 的核心思想、参量转换法与借助敏感器件和传感器实现转换；ext-phy-9678b25116-001 覆盖转换法在坐标系转换中的应用。,
dir_batch_013.csv#1104,PHYSICS,等效替代法,COVERED,命中节点 等效替代法，其材料 ext-phy-8bf3eae84b-001（在保证研究对象有关数据不变的前提下用简单问题代替）覆盖核心思想；力的合成典型实验由 phys-hj-024-equivalent-substitution-method、ext-phy-59dd10c06b-016、ext-phy-81ec357d7d-011 覆盖；电学中用电阻箱替代待测电阻由 phys-substitution-method-resistance、phys-hj2-dengxiao-tidai-cezu 等覆盖。,
dir_batch_013.csv#1105,PHYSICS,比较法,COVERED,命中节点 比较法，其唯一材料 ext-phy-7b614c35cb-021 覆盖 definition 的比较法定义、直接比较法（天平测质量）与间接比较法（两电阻串联电流相等时电压与电阻成正比）举例。,
dir_batch_013.csv#1106,PHYSICS,放大法,COVERED,命中节点 放大法，其唯一材料 ext-phy-71f609071a-017 覆盖 definition 的放大法核心思想与定义、机械放大（游标卡尺与螺旋测微器的几何放大）举例。,
dir_batch_013.csv#1107,PHYSICS,累积法,COVERED,命中节点 累积法，其唯一材料 ext-phy-7b614c35cb-022 覆盖 definition 的累积法定义、小量变大量减小误差与测单摆周期（30～50 个周期总时间除以周期数）举例。,
dir_batch_013.csv#1108,PHYSICS,纸带处理：,COVERED,条目内容为纸带求瞬时速度与加速度；node 纸带在力学实验中的应用分析 的 ext-phy-10143926cf-001（用平均速度代替瞬时速度、逐差法或 v-t 图像求加速度）、ext-phy-b6bd732b19-013（直接列位移差公式并把相邻两段合并成间隔更大的两段）、ext-phy-7a98dc3927-016、phys-hj2-zhidai-chuzhi-jizhi 覆盖 definition 的两条方法；definition 末段为实验题干残片。,
dir_batch_013.csv#1109,PHYSICS,探究结果：胡克定律（x为形变量）,COVERED,命中节点 探究结果-胡克定律-x为形变量，其材料 phys-kb-spring-force-experiment（F-x 图像斜率即劲度系数、x 为形变量、横轴为弹簧长度时截距为原长、图线后端弯曲因超过弹性限度、x 轴小截距因测原长时未悬挂）逐条覆盖 definition 的图1至图4四种图像含义；ext-phy-d50d629284-002、phys-hj3-spring-f-x-exp 覆盖原理与数据处理。,
dir_batch_013.csv#1110,PHYSICS,重点步骤：,COVERED,条目内容为验证力的平行四边形定则的重点步骤与注意事项；node 验证力的平行四边形定则实验 的 ext-phy-2cba5051de-010（两次把圆环拉到同一位置、比较合力实测值与理论值）与 ext-phy-2cba5051de-011（测力计校零、拉力沿轴线、结点位置相同、夹角适中、不超量程）覆盖 definition 的两次拉与四条注意事项；作图标度统一由 node 力的合成 的 ext-phy-d50d629284-011、ext-phy-99af5af693-006 覆盖；definition 末段为实验题干残片。,
dir_batch_013.csv#1111,PHYSICS,需要平衡摩擦力（为了使绳子拉力即合力）,COVERED,命中节点 需要平衡摩擦力-为了使绳子拉力即合力，其材料 phys-hj-054-balance-friction-exp（垫高木板一端、轻推小车使其拖着纸带匀速下滑、平衡后改变拉力或质量无需重新平衡）、ext-phy-1c32f23915-004、phys-hj-054 等覆盖 definition 的不挂重物穿纸带、轻推小车匀速下滑、用点迹是否均匀判断。,
dir_batch_013.csv#1112,PHYSICS,实验方法：控制变量法 （保持M不变探究a与F关系，保持F不变探究a与M关系。）,COVERED,条目为知识陈述（保持 M 不变探究 a 与 F、保持 F 不变探究 a 与 M），命中同名节点；其材料 ext-phy-b6feafc5c0-018（先保持 F 不变探究 a 与 M、再保持 M 不变探究 a 与 F）、phys-mo-l12-exp-acceleration-b、ext-phy-7bd52b56f2-003、phys-hj2-tanjiu-a-f-m-shiyan 覆盖该控制变量方案；definition 的悬挂物（小盘与砝码）由 ext-phy-cd54c26115-001b、ext-phy-f21c533751-003 覆盖。,
dir_batch_013.csv#1113,PHYSICS,误差分析：,COVERED,条目内容为探究加速度实验的误差分析与图像异常；材料 ext-phy-305b1edf47-002b（用槽码总重力代替拉力的系统误差、可用力传感器消除、补偿阻力不足或过度的图线表现）、ext-phy-044888a025-013（图线弯曲、纵轴截距、横轴截距的成因）、ext-phy-b6feafc5c0-018b、phys-hj2-qdiandaor-bupingheng-mocali、ext-phy-f21c533751-007 覆盖 definition 的全部要点；definition 末段为实验题干残片。,
dir_batch_013.csv#1114,PHYSICS,实验描迹法：一次抛动记录一个点，重复抛动。,COVERED,命中节点 实验描迹法-一次抛动记录一个点-重复抛动，其材料 ext-phy-5f279cb1e3-007 逐条覆盖 definition 的斜槽末端水平、每次同一位置释放、木板竖直、坐标原点在斜槽末端正上方 R 处与计算初速度的两个方案；ext-phy-924170e5b1-028、ext-phy-cdcf494012-002、ext-phy-eb0776923d-018 覆盖数据处理的验证抛物线方法。,
dir_batch_013.csv#1115,PHYSICS,实验目的：,COVERED,条目内容为向心力实验的实验目的（探究向心力与半径、角速度、质量的关系）；node 探究向心力大小与半径角速度质量的关系实验 的 ext-phy-147c8546b4-001、ext-phy-eb0776923d-020 与 node 探究向心力大小的实验 的 ext-phy-6f8d974d0f-009 覆盖该目的与原理。,
dir_batch_013.csv#1116,PHYSICS,实验结论,COVERED,命中节点 实验结论，其材料 ext-phy-5f279cb1e3-009 逐条覆盖 definition 的三条结论（角速度质量相同时向心力与半径成正比、半径角速度相同时与质量成正比、半径质量相同时与角速度平方成正比）及 Fn＝mω²r 的推论。,
dir_batch_013.csv#1117,PHYSICS,实验误差,COVERED,命中节点 实验误差，其材料 ext-phy-da0bf5731b-006 逐条覆盖 definition 的四条误差来源（污渍生锈使小球质量半径变化、仪器不水平、标尺读数不准、皮带打滑）；节点另 25 条材料覆盖各实验的误差分析。,
dir_batch_013.csv#1118,PHYSICS,注意事项,COVERED,条目内容为向心力实验的注意事项；材料 ext-phy-da0bf5731b-006 内容⑤给出实验前检查螺钉并保持仪器水平、转速从慢到快且不宜过快、防止皮带打滑、注意仪器保养，与 definition 四条一一对应；ext-phy-6f8d974d0f-012（缓慢加速并保持转速恒定后读数）、ext-phy-8193a9b90e-006 覆盖读数操作；definition 末段为实验题干残片。,
dir_batch_013.csv#1119,PHYSICS,数据处理：,COVERED,条目内容为验证机械能守恒的数据处理；材料 ext-phy-2d54911d52-004（起始点与第 n 点比较、任取两点比较或作 v²/2-h 图像三种方案）、ext-phy-cc009368ca-005、ext-phy-f507e6a65e-003 覆盖 definition 的方案一至方案三；起点初速度为零用前两点间距 2 mm 由 ext-phy-8c6d2d95c8-003 覆盖；速度只能用纸带瞬时速度算法由 ext-phy-cc009368ca-006、ext-phy-3823bf7157-003 覆盖；光电门与弹簧弹射拓展由 ext-phy-cc009368ca-007、ext-phy-2dce92aa74-004 覆盖。,
dir_batch_014.csv#1120,PHYSICS,小球碰撞平抛实验法步骤：,COVERED,命中节点「小球碰撞平抛实验法步骤」自身材料 ext-phy-e4c4d8cf9b-004（斜槽小球碰撞实验的步骤与要点）、ext-phy-a5080ef7df-007（斜槽小球碰撞验证动量守恒的步骤）、ext-phy-58156e4fa1-040（验证动量守恒定律的实验操作要点）覆盖 definition 的六步操作；ext-phy-2b63d7a05b-020 与 ext-phy-97bc506d89-002 覆盖 OP、OM、ON 射程关系式；phys-hj2-luodian-pingjun-weizhi-yuanyuan 覆盖用最小圆圆心定平均落点；ext-phy-1baed2d43e-003 覆盖斜槽与白纸位置保持不变的注意事项。（材料归属核对：命中节点自身材料之外的引用为 phys-hj2-luodian-pingjun-weizhi-yuanyuan 属节点「创新实验验证动量守恒」。）,
dir_batch_014.csv#1121,PHYSICS,拓展：气垫导轨光电门测速实验法,COVERED,命中节点「拓展-气垫导轨光电门测速实验法」自身材料 phys-hj3-photogate-timing-principle（光电计时器测速的原理与要点）、phys-fx-photogate-speed-acceleration（光电门测速与求加速度）、ext-phy-8842b13030-033（光电门测瞬时速度的近似方法）覆盖 v=d/Δt 近似瞬时速度这一考点；ext-phy-e4c4d8cf9b-003 与 ext-phy-d11ca45ee5-001b 覆盖气垫导轨上测碰撞速度的用法；definition 主体为验证动量守恒的选择题题干，无可入库的新陈述。,
dir_batch_014.csv#1122,PHYSICS,测周期：测N次（约50次）全振动的总时间，。,COVERED,命中节点「测周期-测n次-约50次-全振动的总时间」自身材料 ext-phy-71f609071a-018（单摆测周期的累积法：测 30~50 个周期的总时间再除以周期数）、ext-phy-606e8ae960-004、ext-phy-926b6cba22-003 覆盖累积法测周期；definition 余下的在平衡位置开始计时已由 ext-phy-606e8ae960-007（单摆实验减小误差的方法）、phys-hj3-pendulum-g-exp-notes（用单摆测重力加速度实验的注意事项）与 ext-phy-d02303f746-002 覆盖，无需另立材料。（材料归属核对：命中节点自身材料之外的引用为 ext-phy-606e8ae960-007 属节点「实验误差」；phys-hj3-pendulum-g-exp-notes 属节点「运动性质-匀变速曲线运动-加速度恒为重力加速度-g-大小方向不变」；ext-phy-d02303f746-002 属节点「单摆」。）,
dir_batch_014.csv#1123,PHYSICS,实验结论：周期的平方与摆长成正比。,COVERED,命中节点「实验结论-周期的平方与摆长成正比」自身材料 ext-phy-5f279cb1e3-014（作 T²－L 图像得到直线，实验结论是周期的平方与摆长成正比，由斜率求重力加速度）、ext-phy-606e8ae960-005、ext-phy-7b30b71329-005b 覆盖 name 的结论与图像法求 g；definition 的 g 值误差分析（悬点松动、绳拉过紧、未悬挂小球、计时次数多）已由 phys-hj2-danbai-ceg-wucha-zhuyi（系统误差来自单摆模型失真、悬点松动）、ext-phy-7b30b71329-005c（摆长、计时、摆角与悬点固定是主要误差来源）、ext-phy-606e8ae960-007 覆盖。（材料归属核对：命中节点自身材料之外的引用为 phys-hj2-danbai-ceg-wucha-zhuyi 属节点「注意事项-x1」；ext-phy-7b30b71329-005c、ext-phy-606e8ae960-007 属节点「实验误差」。）,
dir_batch_014.csv#1124,PHYSICS,纸带在力学实验中的应用分析,COVERED,命中节点「纸带在力学实验中的应用分析」自身 21 条材料（ext-phy-10143926cf-001、ext-phy-2ac3394660-003b、phys-hj2-zhidai-chuzhi-jizhi、ext-phy-2ac3394660-014 等）覆盖 definition 的纸带求瞬时速度、Δx=aT² 与 v-t 图求加速度；其中补偿阻力、m 远小于 M 与力传感器免条件由 phys-hj-054-balance-friction-exp（平衡摩擦力的方法与要点）、phys-kb-acceleration-force-mass-experiment（需平衡摩擦力并满足小车质量远大于悬挂物质量）、phys-hj2-lichuanganqi-cesheng-lali-tiaojian（用力传感器测绳拉力时不再需要质量远小条件）覆盖。（材料归属核对：命中节点自身材料之外的引用为 phys-hj-054-balance-friction-exp 属节点「需要平衡摩擦力-为了使绳子拉力即合力」；phys-kb-acceleration-force-mass-experiment 属节点「实验方法-控制变量法-保持m不变探究a与f关系-保持f不变探究a与m关系」；phys-hj2-lichuanganqi-cesheng-lali-tiaojian 属节点「用力传感器或已知质量的钩码等代替弹簧测力计」。）,
dir_batch_014.csv#1125,PHYSICS,创新实验验证动量守恒,COVERED,命中节点「创新实验验证动量守恒」自身材料 phys-hj-105-momentum-exp-principle、phys-mo-l28-exp-momentum-b-2、ext-phy-6a6cf55220-008（验证动量守恒实验可在方案与实验目的两个方向上做创新）、ext-phy-1baed2d43e-009（气垫导轨、等长摆球、两辆小车三类创新方案）、ext-phy-97bc506d89-003 覆盖 definition 所指的创新型实验特点与创新方向；definition 本身仅为“一、创新型实验的特点”这一小节标题串。,
dir_batch_014.csv#1126,PHYSICS,以基本的力学模型为载体，依托运动学规律和力学定律设计实验。,COVERED,未命中节点；definition 为力学创新型实验的特点、解法与类型（抽象力学模型并列关系式、用原理公式或图像法处理数据、器材等效替换与结论拓展）。全量索引中 phys-kb-innovation-experiment-features（力学创新实验的特点与处理：创新体现在器材替换、结论拓展与误差处理方式）直接覆盖该考点；ext-phy-202a7903f4-008（用频闪照相、滴水法、光电计时器或手机录像替代打点计时器）与 ext-phy-3a6293013c-014（力学实验中的装置与处理创新）覆盖器材等效替换；ext-phy-6a6cf55220-008 与 ext-phy-fcfdc630ec-004 覆盖结论拓展与迁移。（材料归属核对：phys-kb-innovation-experiment-features 属节点「创新实验方法测玻璃砖的折射率」；ext-phy-202a7903f4-008、ext-phy-3a6293013c-014 属节点「实验方案的创新与改进」；ext-phy-6a6cf55220-008、ext-phy-fcfdc630ec-004 属节点「创新实验验证动量守恒」。）,
dir_batch_014.csv#1127,PHYSICS,用力传感器或已知质量的钩码等代替弹簧测力计。,COVERED,命中节点「用力传感器或已知质量的钩码等代替弹簧测力计」自身材料 phys-hj2-lichuanganqi-cesheng-lali-tiaojian（用力传感器测绳拉力时不再需要质量远小条件）、ext-phy-bb9f538752-002（弹簧实验中弹力可用钩码重力或力传感器获得，弹簧水平放置可消除自重影响）、ext-phy-bb9f538752-012（力的合成实验的器材创新）完整覆盖 definition 所述的器材等效替换。,
dir_batch_014.csv#1128,PHYSICS,由测定加速度延伸为测定动摩擦因数。,COVERED,命中节点「由测定加速度延伸为测定动摩擦因数」自身材料 ext-phy-7bd52b56f2-011（由测加速度迁移到测动摩擦因数）、ext-phy-044888a025-016（由测加速度延伸为测动摩擦因数：用光电门测两个位置速度求加速度，再结合牛顿第二定律求动摩擦因数）、phys-fx-mu-measure-innovation-schemes（测动摩擦因数的创新方案）完整覆盖 definition。,
dir_batch_014.csv#1129,PHYSICS,由测定加速度延伸为测定交流电的频率。,COVERED,命中节点「由测定加速度延伸为测定交流电的频率」自身材料 ext-phy-da0bf5731b-012（由测加速度延伸测交流电频率：创新型实验以基本力学模型为载体，可等效替换器材、拓展实验结论）覆盖 name 所指考点；definition 为小球碰撞实验的题干与设问残片，无新的知识陈述。,
dir_batch_014.csv#1130,PHYSICS,创新实验解决相关误差——质量关系,COVERED,命中节点「创新实验解决相关误差-质量关系」自身材料 phys-mo-l12-exp-acceleration-b-2（实验可从器材、原理、目的角度创新，控制变量思想不变）、ext-phy-b6feafc5c0-018c（用气垫导轨与光电门、力传感器或位移传感器提高测量精度）、ext-phy-cd54c26115-002（用拉力传感器直接测拉力可以去掉质量远小条件）覆盖 definition 的器材创新、直接测合外力与无需 m 远小于 M 三处结论。,
dir_batch_014.csv#1131,PHYSICS,有效数字与小数位数的保留,COVERED,命中节点「有效数字与小数位数的保留」自身 10 条材料（phys-kb-significant-figures-rule、ext-phy-454a86eab0-012、ext-phy-9c73666e3a-002b、ext-phy-8d71737cb0-004、ext-phy-a7c2ce19cd-005、ext-phy-7dba225a31-003b 等）覆盖 definition 的有效数字定义、从第一个非零数字起算的规则、中间与末尾零的计入以及科学记数法表示；definition 中关于小数十进制位数的说明属数学常识描述，非物理实验考点。,
dir_batch_014.csv#1132,PHYSICS,逐差法原理,COVERED,命中节点「逐差法原理」自身材料 ext-phy-71f609071a-012（逐差法求加速度的原理与技巧）、ext-phy-2ac3394660-003（利用连续相等时间内的位移之差为恒量并前后分组求平均加速度）、ext-phy-33071c56c1-002（匀变速运动的逐差规律：位移差等于 aT²，前后两大段之差一次求出平均加速度）、ext-phy-ae5f9c6292-002 覆盖 definition 的推导与结论。,
dir_batch_014.csv#1133,PHYSICS,“逐差法”的实际应用及小技巧,COVERED,命中节点「逐差法-的实际应用及小技巧」自身材料 ext-phy-71f609071a-012b（按纸带段数分偶数段、超过 6 段与奇数段三种情形）、ext-phy-a7c2ce19cd-006（6 段整体前后分组相减、5 段先去掉一段再分组、不连续两段直接用差值除以间隔数）、ext-phy-7dba225a31-006（偶数段平分前后两组，奇数段舍去相对误差最大的第一段，分母为段数一半的平方与 T² 之积）、ext-phy-33071c56c1-003（两大段法）逐条覆盖 definition 的四种情形。,
dir_batch_014.csv#1134,PHYSICS,图像法在处理实验数据方面的应用,COVERED,命中节点「图像法在处理实验数据方面的应用」自身 35 条材料覆盖 definition 各图像：ext-phy-a7c2ce19cd-002c 与 ext-phy-ab8080ef1c-003 覆盖 v-t 图像斜率即加速度、纵轴截距即初速度、面积即位移；ext-phy-8842b13030-033b 与 ext-phy-305b1edf47-001c 覆盖 a-F 图像斜率等于质量倒数与 a-1/m 图像化曲为直；ext-phy-2d54911d52-004 与 ext-phy-f507e6a65e-003 覆盖 v²/2-h 图像斜率为 g；ext-phy-bb9f538752-006 与 phys-hj-021-spring-force-data-process 覆盖 F-x 图像斜率为劲度系数；ext-phy-10143926cf-006b 与 ext-phy-1c32f23915-003 覆盖变形为线性图像后由斜率求加速度的化曲为直思路。（材料归属核对：命中节点自身材料之外的引用为 ext-phy-ab8080ef1c-003 属节点「x-t图像-v-t图像-a-t图像的对比」；ext-phy-8842b13030-033b 属节点「需要平衡摩擦力-为了使绳子拉力即合力」；ext-phy-2d54911d52-004、ext-phy-f507e6a65e-003 属节点「验证机械能守恒定律实验」。）,
dir_batch_014.csv#1135,PHYSICS,原理,COVERED,未命中节点；definition 为油膜法原理（形成单分子油膜、把油酸分子看成球形、由 d=V/S 求分子直径）。包内节点「用油膜法估测油酸分子的大小」材料 phys-hj2-youbmogu-shiyan-yuanli、phys-hj3-oil-film-exp-principle（单分子油膜 d=V/S，V 为一滴溶液中纯油酸的体积、S 为油膜面积）、ext-phy-a61d4f03ad-001 完整覆盖该原理。（材料归属核对：phys-hj2-youbmogu-shiyan-yuanli、phys-hj3-oil-film-exp-principle、ext-phy-a61d4f03ad-001 属节点「用油膜法估测油酸分子的大小」。）,
dir_batch_014.csv#1136,PHYSICS,实验步骤,COVERED,命中节点「实验步骤」自身材料 ext-phy-964a525282-002（油膜法实验的步骤与注意事项：配制溶液、测每滴体积、撒粉滴水、描轮廓数格求面积并算分子直径）覆盖 definition 的七步操作，其余材料覆盖力学实验的步骤，本条目内容已有归属。,
dir_batch_014.csv#1138,PHYSICS,误差分析,COVERED,命中节点「误差分析-x1」自身仅 1 条材料 phys-hj-056-af-graph-abnormal（a-F 图像异常的原因分析）；definition 的油膜法误差两条由包内同主题材料完整覆盖：ext-phy-db15b62862-001b（油膜法实验的误差来源与偏差方向：溶液放置过久使浓度改变、油滴体积过大而水面过小无法形成单分子膜）、phys-hj2-youbmogu-shiyan-wucha（误差来自纯油酸体积计算、油膜轮廓画线和数格子估算）、ext-phy-26a9bdfe30-025、ext-phy-db15b62862-009。（材料归属核对：命中节点自身材料之外的引用为 ext-phy-db15b62862-001b 属节点「用油膜法估测油酸分子的大小」；phys-hj2-youbmogu-shiyan-wucha、ext-phy-db15b62862-009 属节点「热学实验中的误差分析」；ext-phy-26a9bdfe30-025 属节点「分子模型」。）,
dir_batch_014.csv#1139,PHYSICS,实验步骤,COVERED,命中节点「实验步骤」自身材料为油膜法与力学实验步骤，不含等温变化步骤；definition 的组装注射器密封空气、由长度与横截面积换算体积、由压力表读压强、缓慢推拉取多组数据已由节点「探究气体等温变化的规律（注射器法）」材料 ext-phy-db15b62862-002（用注射器封闭一定质量的气体，由长度换算体积、由压力表读压强，缓慢改变柱塞位置获取多组数据）与 ext-phy-61d1d14b26-016 覆盖，无需另立材料。（材料归属核对：命中节点自身材料之外的引用为 ext-phy-db15b62862-002 属节点「探究气体等温变化的规律（注射器法）」；ext-phy-61d1d14b26-016 属节点「探究等温情况下气体压强与体积的关系实验」。）,
dir_batch_014.csv#1140,PHYSICS,注意事项,COVERED,命中节点「注意事项-x1」的 12 条材料（弹簧、单摆、平抛、传感器与各类计算注意事项）均未涉及等温变化；definition 的保持气体质量不变用涂润滑油、保持温度不变用缓慢移动活塞且不手握气体部分，由节点「探究等温情况气体压强与体积关系的实验要点」材料 ext-phy-b61822db21-008（实验用活塞涂润滑油保持气体质量不变，用缓慢移动活塞和不握注射器气体部分保持温度不变）完整覆盖。（材料归属核对：ext-phy-b61822db21-008 属节点「探究等温情况气体压强与体积关系的实验要点」。）,
dir_batch_014.csv#1141,PHYSICS,数据处理,COVERED,命中节点「数据处理-x1」自身材料为电阻率数据处理，与 definition 无关；definition 的作 p-1/V 图像、各点位于过原点同一直线即压强与体积成反比，由节点「探究等温情况下气体压强与体积的关系实验」材料 ext-phy-61d1d14b26-016（作 p-1/V 图像，若为过原点的直线则压强与体积成反比）与节点「探究气体等温变化的规律（注射器法）」材料 ext-phy-288e1effad-013 完整覆盖。（材料归属核对：命中节点自身材料之外的引用为 ext-phy-61d1d14b26-016 属节点「探究等温情况下气体压强与体积的关系实验」；ext-phy-288e1effad-013 属节点「探究气体等温变化的规律（注射器法）」。）,
dir_batch_014.csv#1142,PHYSICS,误差分析,COVERED,命中节点「误差分析-x1」自身仅 1 条材料 phys-hj-056-af-graph-abnormal（a-F 图像异常的原因分析）；definition 的漏气使空气柱质量变化、温度不恒定、体积与压强测量不准及其三项改进措施，由节点「热学实验中的误差分析」材料 ext-phy-db15b62862-003b（漏气、温度不恒定、体积与压强测量不准是主要误差来源，分别用涂润滑油、缓慢移动活塞、换用细注射器与高精度压力表改进）与 ext-phy-db15b62862-009 完整覆盖。（材料归属核对：命中节点自身材料之外的引用为 ext-phy-db15b62862-003b、ext-phy-db15b62862-009 属节点「热学实验中的误差分析」。）,
dir_batch_014.csv#1143,PHYSICS,实验步骤：,COVERED,未命中节点；definition 为插针法测玻璃折射率的六步操作（固定白纸并画 aa′ 与法线、在 AO 上插 P1 与 P2、放玻璃砖对齐后画 bb′ 且不得用玻璃砖当尺、透过玻璃砖插 P3 与 P4 挡住像、连线 OO′）。节点「插针法测玻璃砖的折射率」材料 ext-phy-db15b62862-004（用四枚大头针确定入射光线与出射光线、作出光路图量出入射角与折射角）、ext-phy-c56670d412-002 覆盖插针法步骤，ext-phy-db15b62862-004b（手只能接触毛面或棱）与节点边界覆盖不得把玻璃砖光学面当尺的禁忌。（材料归属核对：ext-phy-db15b62862-004、ext-phy-c56670d412-002、ext-phy-db15b62862-004b 属节点「插针法测玻璃砖的折射率」。）,
dir_batch_014.csv#1144,PHYSICS,数据处理：,COVERED,未命中节点；definition 为折射率实验的数据处理三法（量角查表法、边长比值即单位圆法、作 sinθ1－sinθ2 图像由斜率求 n）。节点「插针法测玻璃砖的折射率」材料 ext-phy-c56670d412-003（可用计算法、sinθ1-sinθ2 图像法和单位圆法处理实验数据）与节点「创新实验方法测玻璃砖的折射率」材料 ext-phy-db15b62862-008（用 sinθ1－sinθ2 图像的斜率求折射率，或用单位圆把正弦值转化为线段长度之比）、ext-phy-f2e0c679f9-003 完整覆盖。（材料归属核对：ext-phy-c56670d412-003 属节点「插针法测玻璃砖的折射率」；ext-phy-db15b62862-008、ext-phy-f2e0c679f9-003 属节点「创新实验方法测玻璃砖的折射率」。）,
dir_batch_014.csv#1145,PHYSICS,注意事项：,COVERED,未命中节点；definition 为插针法测折射率的四条注意事项（手只接触毛面或棱、玻璃砖位置不可移动、大头针竖直且针距大、入射角不宜过小或过大）。节点「插针法测玻璃砖的折射率」材料 ext-phy-c56670d412-004（折射面要画准、针距要大、入射角要适中，否则光线确定与角度测量都会带来误差）、ext-phy-db15b62862-004b（手只能接触毛面或棱、入射角要适中、画错的界面会产生系统偏差）已覆盖其主要条目。（材料归属核对：ext-phy-c56670d412-004、ext-phy-db15b62862-004b 属节点「插针法测玻璃砖的折射率」。）,
dir_batch_014.csv#1146,PHYSICS,若边线宽度不等于玻璃砖宽度时引起的误差分析。,COVERED,命中节点「若边线宽度不等于玻璃砖宽度时引起的误差分析」自身材料 ext-phy-a06efabe52-007b（若实验中画出的两界面间距比玻璃砖宽度大，则测量的折射率偏小；把玻璃砖整体平移而不改变界面间距时不影响实验结果）完整覆盖 definition 的界面错画与平移两类偏差判断。,
dir_batch_014.csv#1147,PHYSICS,实验原理：条纹间距Δx与光波长λ，双缝间距d及双缝与屏的距离l，有关系式为：，,COVERED,未命中节点；definition 为双缝干涉条纹间距 Δx 与光波长 λ、双缝间距 d 及双缝到屏距离 l 的关系式与测波长的思路。包内节点「实验原理-条纹间距δx与光波长λ-双缝间距d及双缝与屏的距离l-有关系式为」材料 phys-double-slit-fringe-spacing（Δx=(l/d)λ）、phys-kb-double-slit-wavelength-experiment（由 λ=dΔx/l 测波长，条纹间距用累积法测量）、phys-hj2-shuangfeng-ganshe-tiaojian-jianju 完整覆盖。（材料归属核对：phys-double-slit-fringe-spacing、phys-kb-double-slit-wavelength-experiment、phys-hj2-shuangfeng-ganshe-tiaojian-jianju 属节点「实验原理-条纹间距δx与光波长λ-双缝间距d及双缝与屏的距离l-有关系式为」。）,
dir_batch_014.csv#1148,PHYSICS,注意事项：（1）调节各器件的高度，使光源灯丝发出的光能沿遮光筒轴线到达光屏,COVERED,未命中节点；definition 为双缝干涉实验的注意事项（调节各器件高度使光沿遮光筒轴线到达光屏、安装单缝与双缝并使缝中点位于轴线且单双缝平行、用累积法测 n 条亮纹间距求 Δx）。节点「注意事项-1-调节各器件的高度-使光源灯丝发出的光能沿遮光筒轴线到达光屏」材料 ext-phy-db15b62862-006（调节各器件高度使光沿遮光筒轴线传播、单缝与双缝平行，并用累积法测相邻亮条纹间距）、ext-phy-c02d0ec2bc-006、ext-phy-1b60b9022b-009 完整覆盖。（材料归属核对：ext-phy-db15b62862-006、ext-phy-c02d0ec2bc-006、ext-phy-1b60b9022b-009 属节点「注意事项-1-调节各器件的高度-使光源灯丝发出的光能沿遮光筒轴线到达光屏」。）,
dir_batch_014.csv#1149,PHYSICS,创新实验方法测玻璃砖的折射率,COVERED,命中节点「创新实验方法测玻璃砖的折射率」自身材料 ext-phy-c56670d412-003（计算法、sinθ1-sinθ2 图像法、单位圆法）、ext-phy-db15b62862-008（图像法斜率求折射率、单位圆把正弦值转为线段长度之比）、ext-phy-f2e0c679f9-003 覆盖 definition 的计算法、图像法与单位圆法；definition 后段的激光光斑测直径方案属该节题组情景，非独立考点。（材料归属核对：命中节点自身材料之外的引用为 ext-phy-c56670d412-003 属节点「插针法测玻璃砖的折射率」。）,
dir_batch_014.csv#1150,PHYSICS,热学实验中的误差分析,COVERED,命中节点「热学实验中的误差分析」自身材料 ext-phy-db15b62862-009（油膜法的误差来自溶液浓度变化与油膜未能充分展开，等温变化实验的误差来自漏气、温度不恒定与测量不准）、phys-hj2-youbmogu-shiyan-wucha、ext-phy-db15b62862-003b 逐条覆盖 definition 的油膜法与等温变化两段误差分析。,
dir_batch_014.csv#1151,PHYSICS,光学实验中的误差分析,COVERED,命中节点「光学实验中的误差分析」自身材料 ext-phy-db15b62862-009b（双缝干涉测波长中缝屏距离用刻度尺多次测量取平均、条纹间距用累积法与多次测量取平均来减小误差）、ext-phy-779e0c8228-011、ext-phy-c02d0ec2bc-002b（折射率实验的误差与注意事项）覆盖 definition 的双缝测波长误差控制与玻璃砖平移对测量结果的影响。,
dir_batch_014.csv#1152,PHYSICS,图像法在处理实验数据方面的应用,COVERED,命中节点「图像法在处理实验数据方面的应用」中等温变化的图像内容由 ext-phy-61d1d14b26-016（作 p-1/V 图像判断压强与体积成反比）、ext-phy-db15b62862-003b（漏气与温度不恒定造成图线偏离）、ext-phy-db15b62862-002（由长度换算体积、缓慢改变柱塞位置）覆盖 definition 中胶管含气体与不同温度两组图像的判断依据；definition 余下部分为选择题设问。（材料归属核对：命中节点自身材料之外的引用为 ext-phy-61d1d14b26-016 属节点「探究等温情况下气体压强与体积的关系实验」；ext-phy-db15b62862-003b 属节点「热学实验中的误差分析」；ext-phy-db15b62862-002 属节点「探究气体等温变化的规律（注射器法）」。）,
dir_batch_014.csv#1153,PHYSICS,实验基础知识,COVERED,命中节点「实验基础知识」自身材料 phys-mo-l04-exp-cart-velocity-b（实验基础知识：误差分系统误差与偶然误差、打点计时器与 0.02 s）覆盖本节误差与计时内容；definition 所指的国际单位制由节点「单位制」材料 ext-phy-b6feafc5c0-003（国际单位制的基本物理量共七个）、phys-kb-si-unit-basic-derived（七个基本单位与常见导出单位构成单位体系）、ext-phy-c1f096722a-006 覆盖。（材料归属核对：命中节点自身材料之外的引用为 ext-phy-b6feafc5c0-003 属节点「单位制」；phys-kb-si-unit-basic-derived、ext-phy-c1f096722a-006 属节点「单位制-由基本单位和导出单位共同构成-常考-国际单位制-si-国际制基本单位」。）,
dir_batch_014.csv#1154,PHYSICS,常见的导出单位,COVERED,命中节点「常见的导出单位」自身材料 ext-phy-3edb60db02-004（由基本单位和导出单位组成单位制；力学基本量为长度、质量、时间，导出单位由基本量按物理关系推导）覆盖 definition 所指的常见导出单位表；definition 仅余“补充：常见的描述涉及的单位如下表所示”这一表格引言串。,
dir_batch_014.csv#1155,PHYSICS,系统误差：,COVERED,未命中节点；definition 为系统误差的定义、产生原因与减小方法。包内节点「系统误差」材料 phys-kb-systematic-random-error（系统误差源于仪器与方法，偶然误差源于读数，误差不可避免但可减小）、phys-hj2-wucha-fenlei-youxiaoshuzi（系统误差总偏大或总偏小）、ext-phy-9885683808-004（系统误差由实验方案或仪器本身引起，可通过选择合适方案、设计已知内阻的电路减小或消除）、ext-phy-7dba225a31-003 完整覆盖定义、成因与减小途径。（材料归属核对：phys-kb-systematic-random-error、phys-hj2-wucha-fenlei-youxiaoshuzi、ext-phy-9885683808-004 属节点「系统误差」；ext-phy-7dba225a31-003 属节点「实验误差」。）,
dir_batch_014.csv#1156,PHYSICS,偶然误差：,COVERED,未命中节点；definition 为偶然误差的定义与减小方法，并引申绝对误差、相对误差与有效数字。包内 ext-phy-7dba225a31-003（偶然误差由偶然因素造成、无明显倾向，可用取平均值减小）、ext-phy-9885683808-004（偶然误差由读数与数据处理造成，可用多次测量取平均值或图象法减小）、ext-phy-3a6293013c-002（误差是测量值与真实值之差，比较准确度要用相对误差）、ext-phy-becbecccb1-001 与节点「有效数字与小数位数的保留」各条材料分别覆盖相应内容。（材料归属核对：ext-phy-7dba225a31-003、ext-phy-3a6293013c-002 属节点「实验误差」；ext-phy-9885683808-004 属节点「系统误差」；ext-phy-becbecccb1-001 属节点「误差的分类与减小方法」。）,
dir_batch_014.csv#1157,PHYSICS,必备实验仪器的原理及使用,COVERED,命中节点「必备实验仪器的原理及使用」自身材料 ext-phy-7a98dc3927-016b（打点计时器的工作条件与操作要领）、phys-hj3-ticker-timer-compare（电磁式与电火花式计时器的比较）、ext-phy-2ac3394660-002、phys-kb-vernier-micrometer-reading、phys-hj-170-vernier-caliper-reading 覆盖 definition 所指的打点计时器一节及其后的弹簧测力计、游标卡尺等仪器；definition 本身仅为“一、打点计时器”小节标题串。（材料归属核对：命中节点自身材料之外的引用为 phys-hj3-ticker-timer-compare、ext-phy-2ac3394660-002 属节点「电磁打点计时器」。）,
dir_batch_014.csv#1158,PHYSICS,电磁打点计时器,COVERED,命中节点「电磁打点计时器」自身材料 ext-phy-2ac3394660-002（电磁打点计时器的打点原理、电源要求以及纸带阻力的来源）、ext-phy-9c73666e3a-003（电磁打点计时器的计时原理、工作条件与打点方式）、ext-phy-33071c56c1-001（使用 4~6V 低压交流电源，每隔 0.02s 打一个点）、phys-hj3-ticker-timer-compare 覆盖 definition 的构造与工作原理要点。,
dir_batch_014.csv#1159,PHYSICS,电火花打点计时器,COVERED,命中节点「电火花打点计时器」自身材料 ext-phy-2ac3394660-002b（电火花计时器的火花放电打点原理及其相对电磁式的优点）、ext-phy-9c73666e3a-003b（工作电压、打点方式与精度特点）、ext-phy-3a6293013c-004b（使用 220V 交流电源、靠火花放电在纸带上留下点迹）、ext-phy-33071c56c1-001b、ext-phy-7b614c35cb-004 覆盖 definition 的工作原理与两种计时器打点周期均为 0.02s 的提示。,
dir_batch_014.csv#1160,PHYSICS,图例：,COVERED,未命中节点；definition 为多用电表图例说明（欧姆调零旋钮使指针指在右端零欧姆处、指针定位螺丝使指针指在左端 0 位置、红表笔插入 ＋ 插孔而黑表笔插入 － 插孔）。包内材料 ext-phy-c40f321ecc-006（机械零点在刻度盘左侧由定位螺丝调整，欧姆零点在右端由调零旋钮调整）、ext-phy-4b2fecdd13-002（欧姆挡内部有电源、电流红进黑出）、ext-phy-d72ac5caec-007（多用电表分表盘、选择开关与调零旋钮）已覆盖该内容。（材料归属核对：ext-phy-c40f321ecc-006 属节点「多用电表的使用方法」；ext-phy-4b2fecdd13-002 属节点「多用电表的使用与欧姆表原理」；ext-phy-d72ac5caec-007 属节点「多用电表的结构与刻度盘」。）,
dir_batch_014.csv#1161,PHYSICS,用途：,COVERED,未命中节点；definition 为多用电表三种用途的操作（测电压选直流电压挡并并联接入、电流从 ＋ 插孔流入；测电流选直流电流挡并串联接入；测电阻用欧姆挡）。包内材料 phys-hj2-duoyongdianbiao-ce-dengpao-hongjinheichu（测电压选直流电压挡且红表笔接高电势点；测电流选直流电流挡，电流从红表笔流入多用电表）、ext-phy-c40f321ecc-005（先机械调零再插表笔，选挡后短接欧姆调零，测量并读数乘倍率）、ext-phy-2f3f3d5532-006、ext-phy-4b2fecdd13-003（测电阻经估测选挡、欧姆调零、读数乘倍率）已覆盖。（材料归属核对：phys-hj2-duoyongdianbiao-ce-dengpao-hongjinheichu 属节点「产生感应电流的条件」；ext-phy-c40f321ecc-005 属节点「多用电表的使用方法」；ext-phy-2f3f3d5532-006 属节点「多用电表的使用方法与注意事项」；ext-phy-4b2fecdd13-003 属节点「多用电表的使用与欧姆表原理」。）,
dir_batch_014.csv#1162,PHYSICS,电表的改装,COVERED,命中节点「电表的改装」自身材料 phys-kb-meter-modification（表头串联分压电阻改电压表、并联分流电阻改电流表）、phys-hj3-meter-modification（改装电阻的计算式）、ext-phy-504a241474-002、ext-phy-d72ac5caec-008 覆盖 definition 所述的电压表、电流表改装原理。,
dir_batch_014.csv#1164,PHYSICS,电压表、电流表的改装,COVERED,命中节点「电压表-电流表的改装」自身材料 phys-hj2-dianbiao-gaizhuang（电流计串联大电阻改装电压表、并联小电阻改装电流表，改装后按量程重新刻度）、phys-fx-meter-modification-rules、ext-phy-b9dfe89822-004b、phys-hj3-meter-modification 覆盖 definition 的两表改装对比。（材料归属核对：命中节点自身材料之外的引用为 phys-hj3-meter-modification 属节点「电表的改装」。）,
dir_batch_014.csv#1165,PHYSICS,电表改装问题的两点提醒,COVERED,命中节点「电表改装问题的两点提醒」自身材料 ext-phy-7b614c35cb-013（表头 Ug、Ig、Rg 三个特征量改装前后不变，满偏电流 Ig 不改变；改装后量程对应表头满偏时的串联电压或并联总电流）与 definition 的两点提醒逐条对应。,
dir_batch_014.csv#1166,PHYSICS,逐差法原理,COVERED,命中节点「逐差法原理」自身材料 ext-phy-71f609071a-012、ext-phy-2ac3394660-003、ext-phy-33071c56c1-002、ext-phy-ae5f9c6292-002 覆盖 definition 的逐差法推导与平均加速度结论（与 idx 1132 为同一条目重复出现）。,
dir_batch_014.csv#1167,PHYSICS,“逐差法”的实际应用及小技巧,COVERED,命中节点「逐差法-的实际应用及小技巧」自身材料 ext-phy-71f609071a-012b、ext-phy-a7c2ce19cd-006、ext-phy-7dba225a31-006、ext-phy-33071c56c1-003 覆盖 definition 的偶数段、6 段、超过 6 段与奇数段四种处理规则（与 idx 1133 为同一条目重复出现）。,
dir_batch_014.csv#1168,PHYSICS,电表的内接与外接,COVERED,命中节点「电表的内接与外接」自身材料 ext-phy-aa3eac86a6-005（比较待测电阻与电表内阻的大小关系选择内接或外接以减小系统误差）、ext-phy-311bab1429-054（大内小外，内接偏大、外接偏小）、ext-phy-206fb04353-099b、phys-ammeter-inside-connection、phys-ammeter-outside-connection 覆盖 definition 的内外接比较。（材料归属核对：命中节点自身材料之外的引用为 phys-ammeter-inside-connection、phys-ammeter-outside-connection 属节点「电流表的内-外接法的选择」。）,
dir_batch_014.csv#1169,PHYSICS,电流表的内、外接法的选择,COVERED,命中节点「电流表的内-外接法的选择」自身 18 条材料（phys-touch-trial-method 试触法、phys-known-meter-resistance-choice 内阻已知时的接法选择、ext-phy-2fa662493c-009 阻值比较法与临界值计算法、phys-hj2-fuanfa-neiwaibie-xuanze、ext-phy-504a241474-009b 大内偏大小外偏小）覆盖 definition 所要求的接法选择与偏差方向；definition 余下部分为测金属丝电阻率题组的器材清单与设问。,
dir_batch_014.csv#1170,PHYSICS,滑动变阻器的限流式与分压式,COVERED,命中节点「滑动变阻器的限流式与分压式」自身材料 phys-kb-rheostat-limiting-vs-dividing（分压调节范围大、限流节能简单，按四类情形选分压）、ext-phy-82173b8e6a-002b（限流式简单省电但调节范围小，分压式调节范围大且能从零开始）、ext-phy-afa44298fc-003e、phys-hj3-rheostat-voltage-divider-limiter 覆盖 definition 的两种接法比较。,
dir_batch_014.csv#1171,PHYSICS,滑动变阻器两种接法的选择,COVERED,命中节点「滑动变阻器两种接法的选择」自身材料 ext-phy-504a241474-010（一般情况下优先选用限流式接法，只有在要求电压从零开始、待测电阻远大于变阻器最大阻值或限流时电流仍过大时才必须用分压式）、ext-phy-cd3308dfab-003（必须采用分压式接法的三种情形）、ext-phy-f42dc02f15-006、ext-phy-4d527e3efd-010 覆盖 definition 的分压各类情形与优先限流的原则。,
dir_batch_014.csv#1172,PHYSICS,实验仪器的估读问题分析,COVERED,命中节点「实验仪器的估读问题分析」自身材料 ext-phy-f42dc02f15-004（先由量程确定精确度，再按最小分度为 1、2、5 三类规则决定估读到下一位还是本位）、ext-phy-4d527e3efd-003b（电表估读的三类规则）、ext-phy-cd3308dfab-002、ext-phy-aa3eac86a6-003 覆盖 definition 的 10 分度与 1、2、5 分度估读规则。,
dir_batch_014.csv#1173,PHYSICS,必须估读的仪器：这类仪器是大多数，其读数需要包含一位可靠的估计值。,COVERED,未命中节点；definition 为不需要估读的仪器及其原因，name 为必须估读的仪器的特征。包内节点「必须估读的仪器-这类仪器是大多数-其读数需要包含一位可靠的估计值」材料 phys-kb-meter-reading-estimation（最小分度为 1、2、5 的仪器按不同规则估读，部分仪器不估读）、ext-phy-becbecccb1-002（读数要读到误差出现的那一位，最小刻度为 1 的仪器应估读到最小刻度的十分之几）、ext-phy-2fa662493c-004 已覆盖必须估读与不需要估读两类的区分。（材料归属核对：phys-kb-meter-reading-estimation、ext-phy-becbecccb1-002、ext-phy-2fa662493c-004 属节点「必须估读的仪器-这类仪器是大多数-其读数需要包含一位可靠的估计值」。）,
dir_batch_014.csv#1174,PHYSICS,控制变量法,COVERED,命中节点「控制变量法」自身材料 phys-mo-l16-exp-projectile-centripetal-b-4（多变量问题中每次只改变一个变量、控制其余量不变）、ext-phy-7b614c35cb-020b（多因素实验中控制变量法的核心思想与典型实验）、ext-phy-a827e43510-001、ext-phy-8193a9b90e-005（探究向心力与质量、角速度、半径的关系时采用控制变量法）覆盖 definition 的核心思想与三个典型实验。,
dir_batch_014.csv#1175,PHYSICS,转换法,COVERED,命中节点「转换法」自身材料 ext-phy-7b614c35cb-020（把抽象或不易直接测量的量转换为直观易观察的量来研究，如参量转换与传感器转换）、ext-phy-9678b25116-001（转换法之坐标系转换）覆盖 definition 的核心思想以及参量转换与能量转换两类。,
dir_batch_014.csv#1176,PHYSICS,等效替代法,COVERED,命中节点「等效替代法」自身 23 条材料（phys-hj-024-equivalent-substitution-method 力的合成实验的核心思想、phys-mo-l06-force-composition-b 合力与分力是效果上的等效替代、phys-substitution-method-resistance 与 ext-phy-59dd10c06b-016 验证动量守恒中用等效替代、多条替代法测电阻材料）覆盖 definition 的核心思想与三个典型实验。,
dir_batch_014.csv#1177,PHYSICS,比较法,COVERED,命中节点「比较法」自身材料 ext-phy-7b614c35cb-021（将待测量与已知的标准量进行直接或间接的比较，是物理测量中最基本的方法）覆盖 definition 的比较法定位与直接比较、间接比较之分。,
dir_batch_014.csv#1178,PHYSICS,放大法,COVERED,命中节点「放大法」自身材料 ext-phy-71f609071a-017（把微小或不易感知的量放大后再测量以提高测量精度，机械放大是最直观的一种）覆盖 definition 的放大法含义与机械放大例证。,
dir_batch_014.csv#1179,PHYSICS,累积法,COVERED,命中节点「累积法」自身材料 ext-phy-7b614c35cb-022（把难以直接测量的微小量累积后测量，把微小量变大量以减小误差、提高准确度）覆盖 definition 的累积法含义与单摆测周期的例证。,
dir_batch_014.csv#1180,PHYSICS,纸带处理：,COVERED,未命中节点；definition 为纸带处理两法（用平均速度代替中间时刻的瞬时速度；用 Δx=aT² 推广式，如 6 段用 x456-x123=9aT²、5 段用 x45-x12=6aT²，或作 v-t 图由斜率求 a）。包内节点「纸带在力学实验中的应用分析」材料 ext-phy-10143926cf-001、ext-phy-b6bd732b19-013（直接列位移差公式，并把相邻两段合并成间隔更大的两段以充分利用数据）、ext-phy-202a7903f4-006d、ext-phy-33071c56c1-005 完整覆盖。（材料归属核对：ext-phy-10143926cf-001、ext-phy-b6bd732b19-013、ext-phy-202a7903f4-006d、ext-phy-33071c56c1-005 属节点「纸带在力学实验中的应用分析」。）,
dir_batch_014.csv#1181,PHYSICS,探究结果：胡克定律（x为形变量）,COVERED,命中节点「探究结果-胡克定律-x为形变量」自身材料 phys-kb-spring-force-experiment（F-x 图像的斜率即劲度系数，实验不能超出弹性限度）、ext-phy-97806d1368-002b（超过弹性限度、原长测量方式不同与横轴选取不当都会使图像异常）、ext-phy-81ec357d7d-005、ext-phy-bb9f538752-006 覆盖 definition 的斜率含义、图线后端弯曲原因与横轴截距原因。（材料归属核对：命中节点自身材料之外的引用为 ext-phy-97806d1368-002b、ext-phy-81ec357d7d-005 属节点「实验误差」；ext-phy-bb9f538752-006 属节点「图像法在处理实验数据方面的应用」。）,
dir_batch_014.csv#1182,PHYSICS,重点步骤：,COVERED,未命中节点；definition 为验证力的平行四边形定则的重点步骤与四条注意事项。包内节点「验证力的平行四边形定则实验」材料 ext-phy-2cba5051de-010（用两个测力计与一个测力计先后把小圆环拉到同一位置，比较合力的实测值与理论值）、ext-phy-2cba5051de-011（测力计校零、拉力沿轴线、结点位置相同、夹角适中、正视读数且不超量程）与节点「探究互成角度力的合成规律实验」材料 ext-phy-4a457278e5-008（按同一标度作出分力与合力的图示）、ext-phy-9142eeb79f-028 完整覆盖。（材料归属核对：ext-phy-2cba5051de-010、ext-phy-2cba5051de-011 属节点「验证力的平行四边形定则实验」；ext-phy-4a457278e5-008 属节点「探究互成角度力的合成规律实验」；ext-phy-9142eeb79f-028 属节点「等效替代法」。）,
dir_batch_014.csv#1183,PHYSICS,需要平衡摩擦力（为了使绳子拉力即合力）,COVERED,命中节点「需要平衡摩擦力-为了使绳子拉力即合力」自身材料 ext-phy-8842b13030-035b（让小车不受牵引时能沿木板匀速下滑，是判断已平衡摩擦阻力的标准）、ext-phy-1c32f23915-004（垫高木板使小车匀速下滑、使细绳拉力成为合力）、ext-phy-ae5f9c6292-002b、phys-hj-054-balance-friction-exp 覆盖 definition 的垫高木板、不挂重物与轻推小车判断匀速的操作。,
dir_batch_014.csv#1184,PHYSICS,实验方法：控制变量法 （保持M不变探究a与F关系，保持F不变探究a与M关系。）,COVERED,未命中节点；definition 仅为探究加速度实验提供拉力的悬挂物取材说明（常用沙子带桶或砝码加盘）。包内节点「实验方法-控制变量法-保持m不变探究a与f关系-保持f不变探究a与m关系」的 23 条材料（phys-hj2-tanjiu-a-f-m-shiyan、ext-phy-a0f89560c8-001、ext-phy-f21c533751-003 探究加速度与力、质量关系的器材与安装、phys-kb-common-experiment-methods ）覆盖控制变量法的做法与器材，该括注细节随器材材料一并覆盖。（材料归属核对：phys-hj2-tanjiu-a-f-m-shiyan、ext-phy-a0f89560c8-001、phys-kb-common-experiment-methods 属节点「实验方法-控制变量法-保持m不变探究a与f关系-保持f不变探究a与m关系」；ext-phy-f21c533751-003 属节点「实验基础知识」。）,
dir_batch_014.csv#1185,PHYSICS,误差分析：,COVERED,未命中节点；definition 为探究加速度与力、质量关系实验的误差分析（用悬挂物重力代替绳拉力偏大属系统误差、需满足小车质量远大于重物、用拉力传感器可免除该条件、偶然误差与图线倾斜角异常、a-1/M 坐标变换）。包内材料 ext-phy-044888a025-007（用槽码重力代替小车所受拉力属实验原理不完善带来的系统误差）、ext-phy-f21c533751-007、ext-phy-1c32f23915-002b（M 远大于 m 条件的作用与各类误差来源）、ext-phy-7bd52b56f2-006b（a-F 与 a-1/m 图像的规范与异常分析）完整覆盖。（材料归属核对：ext-phy-044888a025-007、ext-phy-1c32f23915-002b 属节点「系统误差」；ext-phy-f21c533751-007 属节点「实验误差」；ext-phy-7bd52b56f2-006b 属节点「图像法在处理实验数据方面的应用」。）,
dir_batch_014.csv#1186,PHYSICS,实验描迹法：一次抛动记录一个点，重复抛动。,COVERED,命中节点「实验描迹法-一次抛动记录一个点-重复抛动」自身材料 ext-phy-5f279cb1e3-007（斜槽末端必须水平、每次从同一位置释放小球、木板保持竖直）、ext-phy-924170e5b1-028（坐标原点取球心在白纸上的投影点等操作要点）、ext-phy-e136a0b341-002b（斜槽末端切线水平、木板竖直、同一位置释放、原点取球心投影、选取较远的点计算）、ext-phy-cdcf494012-002（坐标原点与数据处理）覆盖 definition 的注意事项与初速度计算前提。,
dir_batch_014.csv#1187,PHYSICS,实验目的：,COVERED,未命中节点；definition 为实验目的（探究向心力与半径、角速度、质量的关系）。包内节点「探究向心力大小与半径角速度质量的关系实验」材料 ext-phy-eb0776923d-020（用向心力演示器并通过控制变量法分别研究向心力与质量、转动半径、角速度的关系）、ext-phy-147c8546b4-001 与节点「探究向心力与半径、角速度、质量的关系」材料 ext-phy-e05e2e89ca-002 已覆盖该实验目的。（材料归属核对：ext-phy-eb0776923d-020、ext-phy-147c8546b4-001 属节点「探究向心力大小与半径角速度质量的关系实验」；ext-phy-e05e2e89ca-002 属节点「探究向心力与半径、角速度、质量的关系」。）,
dir_batch_014.csv#1188,PHYSICS,实验结论,COVERED,命中节点「实验结论」自身材料 ext-phy-5f279cb1e3-009（探究向心力大小的实验结论：向心力与半径、质量、角速度关系的实验结论及表达式）完整覆盖 definition 的三条比例关系与 Fn＝mω²r。,
dir_batch_014.csv#1189,PHYSICS,实验误差,COVERED,命中节点「实验误差」自身材料 ext-phy-da0bf5731b-006（探究向心力大小实验中误差的主要来源与减小措施）覆盖 definition 的向心力实验误差四条；其中皮带传动不打滑的条件另见 phys-kb-transmission-motion-rules（不打滑的皮带传动边缘线速度相等、同轴传动角速度相等）。（材料归属核对：命中节点自身材料之外的引用为 phys-kb-transmission-motion-rules 属节点「运动规律」。）,
dir_batch_014.csv#1190,PHYSICS,注意事项,COVERED,未命中节点；definition 为向心力演示器的四条使用注意事项。包内材料 ext-phy-11680982fd-013（横臂紧固螺钉必须旋紧、摇动手柄应缓慢加速并稳定读数两条要求）、ext-phy-49071d139d-005（缓慢加速摇动手柄，达到预定格数后保持转速恒定）、ext-phy-e05e2e89ca-005、ext-phy-0246b2438b-012（通过塔轮皮带改变角速度之比，由标尺露出的格数比较两球所需向心力）已覆盖安全检查、转速由慢到快与皮带传动比值稳定的要求。（材料归属核对：ext-phy-11680982fd-013 属节点「向心力演示器的使用注意事项」；ext-phy-49071d139d-005 属节点「向心力」；ext-phy-e05e2e89ca-005 属节点「探究向心力与半径、角速度、质量的关系」；ext-phy-0246b2438b-012 属节点「向心力演示器实验原理与操作」。）,
dir_batch_014.csv#1191,PHYSICS,数据处理：,COVERED,未命中节点；definition 为验证机械能守恒的三种数据处理方案与算速度的禁忌。包内节点「验证机械能守恒定律实验」材料 ext-phy-2d54911d52-004（可用起始点与第 n 点比较、任取两点比较或作 v²/2-h 图像，看斜率是否为 g 来验证机械能守恒）、ext-phy-f507e6a65e-003（图像法以 v² 为纵轴、h 为横轴，图线应为过原点且斜率为 g 的直线）、ext-phy-3823bf7157-003（不能用守恒定律本身推出的公式计算速度）、ext-phy-8c6d2d95c8-004（速度与高度只能由纸带直接测量）、ext-phy-206fb04353-094 完整覆盖。（材料归属核对：ext-phy-2d54911d52-004、ext-phy-f507e6a65e-003、ext-phy-3823bf7157-003、ext-phy-8c6d2d95c8-004 属节点「验证机械能守恒定律实验」；ext-phy-206fb04353-094 属节点「实验结论」。）,
dir_batch_014.csv#1192,PHYSICS,小球碰撞平抛实验法步骤：,COVERED,命中节点「小球碰撞平抛实验法步骤」自身材料 ext-phy-e4c4d8cf9b-004、ext-phy-a5080ef7df-007、ext-phy-58156e4fa1-040 覆盖六步操作，ext-phy-2b63d7a05b-020 与 ext-phy-97bc506d89-002 覆盖 m1·OP＝m1·OM＋m2·ON，phys-hj2-luodian-pingjun-weizhi-yuanyuan 覆盖用最小圆定平均落点，ext-phy-1baed2d43e-003 覆盖斜槽与白纸位置不变的注意事项（与 idx 1120 为同一条目重复出现）。（材料归属核对：命中节点自身材料之外的引用为 phys-hj2-luodian-pingjun-weizhi-yuanyuan 属节点「创新实验验证动量守恒」。）,
dir_batch_014.csv#1193,PHYSICS,拓展：气垫导轨光电门测速实验法,COVERED,命中节点「拓展-气垫导轨光电门测速实验法」自身材料 phys-hj3-photogate-timing-principle、phys-fx-photogate-speed-acceleration、ext-phy-8842b13030-033、ext-phy-e4c4d8cf9b-003、ext-phy-d11ca45ee5-001b 覆盖光电门测速近似瞬时速度与气垫导轨上测碰撞速度的用法（与 idx 1121 为同一条目重复出现）。,
dir_batch_014.csv#1194,PHYSICS,测周期：测N次（约50次）全振动的总时间，。,COVERED,命中节点「测周期-测n次-约50次-全振动的总时间」自身材料 ext-phy-71f609071a-018、ext-phy-606e8ae960-004、ext-phy-926b6cba22-003 覆盖累积法测周期；在平衡位置开始计时另见 ext-phy-606e8ae960-007、phys-hj3-pendulum-g-exp-notes、ext-phy-d02303f746-002（与 idx 1122 为同一条目重复出现）。（材料归属核对：命中节点自身材料之外的引用为 ext-phy-606e8ae960-007 属节点「实验误差」；phys-hj3-pendulum-g-exp-notes 属节点「运动性质-匀变速曲线运动-加速度恒为重力加速度-g-大小方向不变」；ext-phy-d02303f746-002 属节点「单摆」。）,
dir_batch_014.csv#1195,PHYSICS,实验结论：周期的平方与摆长成正比。,COVERED,命中节点「实验结论-周期的平方与摆长成正比」自身材料 ext-phy-5f279cb1e3-014、ext-phy-606e8ae960-005、ext-phy-7b30b71329-005b 覆盖结论与图像法求 g；g 值误差分析由 phys-hj2-danbai-ceg-wucha-zhuyi、ext-phy-7b30b71329-005c、ext-phy-606e8ae960-007 覆盖（与 idx 1123 为同一条目重复出现）。（材料归属核对：命中节点自身材料之外的引用为 phys-hj2-danbai-ceg-wucha-zhuyi 属节点「注意事项-x1」；ext-phy-7b30b71329-005c、ext-phy-606e8ae960-007 属节点「实验误差」。）,
dir_batch_014.csv#1196,PHYSICS,纸带在力学实验中的应用分析,COVERED,命中节点「纸带在力学实验中的应用分析」自身 21 条纸带材料覆盖数据处理，补偿阻力、m 远小于 M 与力传感器免条件由 phys-hj-054-balance-friction-exp、phys-kb-acceleration-force-mass-experiment、phys-hj2-lichuanganqi-cesheng-lali-tiaojian 覆盖（与 idx 1124 为同一条目重复出现）。（材料归属核对：命中节点自身材料之外的引用为 phys-hj-054-balance-friction-exp 属节点「需要平衡摩擦力-为了使绳子拉力即合力」；phys-kb-acceleration-force-mass-experiment 属节点「实验方法-控制变量法-保持m不变探究a与f关系-保持f不变探究a与m关系」；phys-hj2-lichuanganqi-cesheng-lali-tiaojian 属节点「用力传感器或已知质量的钩码等代替弹簧测力计」。）,
dir_batch_014.csv#1197,PHYSICS,创新实验验证动量守恒,COVERED,命中节点「创新实验验证动量守恒」自身材料 phys-hj-105-momentum-exp-principle、phys-mo-l28-exp-momentum-b-2、ext-phy-6a6cf55220-008、ext-phy-1baed2d43e-009、ext-phy-97bc506d89-003 覆盖创新型实验的特点与创新方向（与 idx 1125 为同一条目重复出现）。,
dir_batch_014.csv#1198,PHYSICS,以基本的力学模型为载体，依托运动学规律和力学定律设计实验。,COVERED,未命中节点；definition 为力学创新型实验的特点、解法与类型，已由 phys-kb-innovation-experiment-features、ext-phy-202a7903f4-008、ext-phy-3a6293013c-014、ext-phy-6a6cf55220-008 覆盖（与 idx 1126 为同一条目重复出现）。（材料归属核对：phys-kb-innovation-experiment-features 属节点「创新实验方法测玻璃砖的折射率」；ext-phy-202a7903f4-008、ext-phy-3a6293013c-014 属节点「实验方案的创新与改进」；ext-phy-6a6cf55220-008 属节点「创新实验验证动量守恒」。）,
dir_batch_014.csv#1199,PHYSICS,用力传感器或已知质量的钩码等代替弹簧测力计。,COVERED,命中节点「用力传感器或已知质量的钩码等代替弹簧测力计」自身材料 phys-hj2-lichuanganqi-cesheng-lali-tiaojian、ext-phy-bb9f538752-002、ext-phy-bb9f538752-012 覆盖器材等效替换（与 idx 1127 为同一条目重复出现）。,
dir_batch_015.csv#1200,PHYSICS,由测定加速度延伸为测定动摩擦因数。,COVERED,ext-phy-044888a025-016、ext-phy-7bd52b56f2-011、phys-fx-mu-measure-basic-principle、phys-fx-mu-measure-innovation-schemes,
dir_batch_015.csv#1201,PHYSICS,由测定加速度延伸为测定交流电的频率。,COVERED,ext-phy-da0bf5731b-012,definition 为动量守恒实验题干（三个落点 M、N、P 与四问设问），与考点名不匹配；考点本身 由测加速度延伸测交流电频率 已被节点唯一材料 ext-phy-da0bf5731b-012 覆盖，故按已覆盖处理题干错挂。
dir_batch_015.csv#1202,PHYSICS,创新实验解决相关误差——质量关系,COVERED,ext-phy-b6feafc5c0-018c、ext-phy-cd54c26115-002、phys-mo-l12-exp-acceleration-b-2,definition 含部分填空设问；其器材创新（气垫导轨、光电门、力传感器、位移传感器）与直接测合力后不再要求远小于条件已由节点材料覆盖。
dir_batch_015.csv#1203,PHYSICS,有效数字与小数位数的保留,COVERED,phys-kb-significant-figures-rule、ext-phy-7dba225a31-003b、ext-phy-3a6293013c-003、ext-phy-a7c2ce19cd-005,definition 第 2 项 小数 属数学背景定义不构成考点实质；有效数字的判定（首位非零、中间零、末尾零、科学记数法）已被节点 10 条材料覆盖。
dir_batch_015.csv#1204,PHYSICS,逐差法原理,COVERED,ext-phy-33071c56c1-002、ext-phy-2ac3394660-003、ext-phy-7bd52b56f2-006,
dir_batch_015.csv#1205,PHYSICS,“逐差法”的实际应用及小技巧,COVERED,ext-phy-71f609071a-012b、ext-phy-a7c2ce19cd-006、ext-phy-7dba225a31-006、ext-phy-33071c56c1-003,
dir_batch_015.csv#1206,PHYSICS,图像法在处理实验数据方面的应用,COVERED,ext-phy-a7c2ce19cd-002c、ext-phy-bb9f538752-006、ext-phy-7bd52b56f2-006b、ext-phy-ae5f9c6292-002d、ext-phy-206fb04353-015b,
dir_batch_015.csv#1207,PHYSICS,原理,COVERED,ext-phy-964a525282-001、phys-hj2-youbmogu-shiyan-yuanli、ext-phy-dedc65d07c-002,条目名为截断的 原理，definition 为油膜法原理；包内 用油膜法估测油酸分子的大小 等节点材料已给出球形紧密排布假设与 d=V/S。
dir_batch_015.csv#1208,PHYSICS,实验步骤,COVERED,ext-phy-964a525282-002、ext-phy-c6a0b386da-002、ext-phy-dedc65d07c-002,
dir_batch_015.csv#1209,PHYSICS,数据处理,COVERED,ext-phy-dedc65d07c-003、ext-phy-a61d4f03ad-002、phys-hj2-youbmogu-shiyan-wucha,
dir_batch_015.csv#1210,PHYSICS,误差分析,COVERED,ext-phy-db15b62862-001b、phys-hj2-youbmogu-shiyan-wucha、ext-phy-26a9bdfe30-025,
dir_batch_015.csv#1211,PHYSICS,实验步骤,COVERED,ext-phy-db15b62862-002、ext-phy-a61d4f03ad-005、ext-phy-288e1effad-013,
dir_batch_015.csv#1212,PHYSICS,注意事项,COVERED,ext-phy-b61822db21-008、ext-phy-db15b62862-003b,
dir_batch_015.csv#1213,PHYSICS,数据处理,COVERED,ext-phy-db15b62862-003、ext-phy-61d1d14b26-016、phys-hj3-gas-pv-exp-notes,
dir_batch_015.csv#1214,PHYSICS,误差分析,COVERED,ext-phy-db15b62862-003b、ext-phy-db15b62862-009,
dir_batch_015.csv#1215,PHYSICS,实验步骤：,COVERED,ext-phy-db15b62862-004、ext-phy-c56670d412-002、ext-phy-702e632325-006,
dir_batch_015.csv#1216,PHYSICS,数据处理：,COVERED,ext-phy-c56670d412-003、ext-phy-db15b62862-008、phys-hj2-zheshel-shiyan-shuju-sanfa,
dir_batch_015.csv#1217,PHYSICS,注意事项：,COVERED,ext-phy-c56670d412-004、ext-phy-db15b62862-004b、phys-hj2-zheshel-shiyan-wucha-zhuyi,
dir_batch_015.csv#1218,PHYSICS,若边线宽度不等于玻璃砖宽度时引起的误差分析。,COVERED,ext-phy-a06efabe52-007b、phys-hj2-zheshel-shiyan-wucha-zhuyi,definition 主体为测定玻璃折射率实验的题干与设问；同名节点材料 ext-phy-a06efabe52-007b 直接给出界面间距偏大使折射率偏小、整体平移不影响结果的结论。
dir_batch_015.csv#1219,PHYSICS,实验原理：条纹间距Δx与光波长λ，双缝间距d及双缝与屏的距离l，有关系式为：，,COVERED,phys-double-slit-fringe-spacing、phys-kb-double-slit-wavelength-experiment、phys-hj2-shuangfeng-ganshe-tiaojian-jianju,包内存在同名节点 实验原理-条纹间距δx与光波长λ，其材料已给出 Δx=lλ/d 与由 λ=dΔx/l 测波长。
dir_batch_015.csv#1220,PHYSICS,注意事项：（1）调节各器件的高度，使光源灯丝发出的光能沿遮光筒轴线到达光屏,COVERED,ext-phy-db15b62862-006、ext-phy-0f51f06768-010、ext-phy-1b60b9022b-009,包内存在同名节点 注意事项-1-调节各器件的高度（双缝干涉实验的操作要点），材料覆盖共轴调节、单缝与双缝平行及条纹间距累积测量。
dir_batch_015.csv#1221,PHYSICS,创新实验方法测玻璃砖的折射率,COVERED,ext-phy-f2e0c679f9-003、ext-phy-db15b62862-008、phys-hj2-zheshel-shiyan-shuju-sanfa,
dir_batch_015.csv#1222,PHYSICS,热学实验中的误差分析,COVERED,ext-phy-db15b62862-009、ext-phy-db15b62862-003b、phys-hj2-youbmogu-shiyan-wucha,
dir_batch_015.csv#1223,PHYSICS,光学实验中的误差分析,COVERED,ext-phy-779e0c8228-011、ext-phy-db15b62862-009b、ext-phy-a06efabe52-007b,
dir_batch_015.csv#1224,PHYSICS,图像法在处理实验数据方面的应用,COVERED,ext-phy-1c32f23915-003、ext-phy-7bd52b56f2-006b、ext-phy-db15b62862-003,definition 为等温变化实验的题干（选择与填空）无知识陈述；其考点 图像法在处理实验数据方面的应用 已由节点 35 条材料覆盖（化曲为直、图线不过原点与弯曲的异常分析），等温 p-1/V 结论见 ext-phy-db15b62862-003。
dir_batch_015.csv#1225,PHYSICS,动量和动量定理,COVERED,ext-phy-69ce327dcf-001,
dir_batch_015.csv#1226,PHYSICS,性质：,COVERED,wusan-phy-v-30240a2e、phys-hj3-impulse-understanding、phys-kb-impulse-definition-calc、phys-hj3-momentum-understanding,条目名为截断的 性质：，definition 为冲量的定义、性质与理解；材料已覆盖矢量性、过程量、与参考系无关以及动量与动能的关系。
dir_batch_015.csv#1227,PHYSICS,冲量的计算方法,COVERED,phys-hj2-chongliang-sizhong-jisuan、phys-hj3-impulse-four-methods、phys-fx-f-t-graph-impulse-area、ext-phy-3628073593-003b,
dir_batch_015.csv#1228,PHYSICS,动量变化量的理解和计算,COVERED,ext-phy-2b63d7a05b-001c、phys-fx-momentum-change-vector、phys-hj-087-momentum-change,
dir_batch_015.csv#1229,PHYSICS,定义：物体在一个过程中所受合外力的冲量等于该物体在这个过程中动量的变化量。,COVERED,phys-kb-momentum-theorem、phys-fx-momentum-theorem-understanding,mech=unmatched 但包内存在真实节点 动量定理，其材料给出动量定理的内容（合外力冲量等于动量变化量）与矢量式、变力取平均值。
dir_batch_015.csv#1230,PHYSICS,表达式：I=p2-p1或Ft=mv2-mv1。,COVERED,ext-phy-5969dc8eeb-036、phys-fx-momentum-theorem-understanding、phys-hj2-dongliang-dingli-liijie-yingyong,定义式 I=p2-p1 或 Ft=mv2-mv1、矢量式含大小相等方向相同两重含义、变力取平均值，已由上述材料逐条覆盖。
dir_batch_015.csv#1231,PHYSICS,关于I=Δp=p2-p1的几点说明,COVERED,ext-phy-69ce327dcf-004、ext-phy-3628073593-010,
dir_batch_015.csv#1232,PHYSICS,定性分析有关现象：,COVERED,phys-fx-momentum-theorem-qualitative、ext-phy-4d59397285-006、phys-hj3-momentum-theorem-life,
dir_batch_015.csv#1233,PHYSICS,定量计算某过程中合外力的冲量或动量变化量：,COVERED,ext-phy-4d59397285-006、ext-phy-3628073593-011、phys-fluid-microelement-momentum,
dir_batch_015.csv#1235,PHYSICS,动量守恒定律,COVERED,phys-kb-momentum-conservation-law、ext-phy-c6475f9319-003、ext-phy-c6475f9319-002、phys-mo-l25-momentum-consv-b,
dir_batch_015.csv#1237,PHYSICS,动量守恒中的速度,COVERED,ext-phy-2b63d7a05b-005b、phys-hj2-dongliang-shouheng-wu-texing、ext-phy-b0e295f813-003,
dir_batch_015.csv#1238,PHYSICS,碰撞中的“时间极短”的含义,COVERED,ext-phy-69ce327dcf-009、ext-phy-f869288c0f-003,
dir_batch_015.csv#1239,PHYSICS,多物体、多过程问题中动量守恒定律的应用,COVERED,phys-system-two-conservations、phys-hj3-multi-object-multiphase-analysis、phys-hj-096-recoil-motion、phys-hj3-recoil-three-notes,
dir_batch_015.csv#1240,PHYSICS,规律,COVERED,phys-hj2-baozha-fanchong-guilv、phys-fx-explosion-recoil-model、ext-phy-2b63d7a05b-007b,definition 尾部含粒子动量大小的两问设问；爆炸的三条规律（动量守恒、动能增加、位置不变）已由上述材料覆盖。
dir_batch_015.csv#1241,PHYSICS,定义：碰撞指的是两个物体在很短的时间内发生相互作用。,COVERED,ext-phy-2b63d7a05b-006b、ext-phy-c6475f9319-008、ext-phy-b0e295f813-010、ext-phy-f869288c0f-003,包内存在同名节点 定义-碰撞指的是两个物体在很短的时间内发生相互作用，其材料覆盖碰撞的时间、受力、动量、位移、能量特点与三条遵循原则。
dir_batch_015.csv#1242,PHYSICS,对心碰撞,COVERED,ext-phy-9fe9f2553b-010,
dir_batch_015.csv#1243,PHYSICS,弹性碰撞,COVERED,phys-elastic-collision-general-formula、phys-elastic-one-moving-one-static、phys-equal-mass-velocity-swap、phys-fx-elastic-collision-mass-cases,
dir_batch_015.csv#1244,PHYSICS,非弹性碰撞和完全非弹性碰撞,COVERED,phys-kb-completely-inelastic-collision、ext-phy-b0e295f813-012、phys-perfectly-inelastic-formula、phys-fx-collision-types-energy,
dir_batch_015.csv#1245,PHYSICS,滑块（小球）—弹簧模型,COVERED,phys-kb-slider-spring-model、phys-hj2-huakuai-tanhuang-moxing、phys-fx-slider-spring-two-states,
dir_batch_015.csv#1246,PHYSICS,子弹打木块模型,COVERED,phys-kb-bullet-block-model、phys-fx-bullet-block-two-scenarios、ext-phy-5fb1d7d884-001,definition 仅为 模型图例（图题残片）无实质文本；节点材料已覆盖子弹打木块的守恒本质与嵌入、穿透两种情境。
dir_batch_015.csv#1247,PHYSICS,模型特点,COVERED,phys-bullet-model-essence、phys-kb-bullet-block-model,
dir_batch_015.csv#1248,PHYSICS,情景分析：,COVERED,phys-bullet-embeds-block、ext-phy-4c006f942c-008、ext-phy-b6bd732b19-096b,
dir_batch_015.csv#1249,PHYSICS,结果讨论,COVERED,phys-fx-bullet-block-two-scenarios、phys-hj-102-bullet-penetration-case、ext-phy-b6bd732b19-097,
dir_batch_015.csv#1250,PHYSICS,滑块-木板模型的临界问题,COVERED,phys-fx-block-on-plank-momentum、ext-phy-248a1203f9-003c、ext-phy-161b81ec34-003,
dir_batch_015.csv#1251,PHYSICS,动量定理的应用——流体类模型,COVERED,phys-fluid-microelement-momentum、phys-kb-fluid-particle-momentum、phys-fx-fluid-column-model,
dir_batch_015.csv#1252,PHYSICS,流体模型,COVERED,phys-hj2-liuti-chongji-zhuzhuang-moxing、ext-phy-b6bd732b19-089、phys-kb-fluid-particle-momentum,
dir_batch_015.csv#1253,PHYSICS,微粒类问题分析步骤,COVERED,ext-phy-69ce327dcf-023、ext-phy-3628073593-015、ext-phy-3c79595ae6-015,
dir_batch_015.csv#1254,PHYSICS,“人船模型”,COVERED,phys-hj3-man-boat-model、ext-phy-3f3afa1008-004、ext-phy-2b63d7a05b-008、ext-phy-b0e295f813-019,
dir_batch_015.csv#1255,PHYSICS,滑块-斜面（曲面）模型——相对运动与临界问题,COVERED,phys-kb-slider-curve-surface-model、phys-fx-slider-curved-surface-two-states、phys-hj3-block-curve-surface-model,definition 仅为 模型图例 无实质文本；节点材料覆盖水平方向动量守恒、机械能守恒与最高点共速、返回最低点相当于弹性碰撞。
dir_batch_015.csv#1256,PHYSICS,模型解读：,COVERED,phys-kb-slider-curve-surface-model、phys-fx-block-curved-surface-model、ext-phy-9b21b08c37-013,
dir_batch_015.csv#1257,PHYSICS,模型临界问题：,COVERED,ext-phy-5092c47fcd-005、ext-phy-b6bd732b19-101、phys-fx-slider-curved-surface-two-states,
dir_batch_015.csv#1258,PHYSICS,动力学三大观点的基本理解和应用,COVERED,phys-three-viewpoints-overview、phys-kb-three-views-selection、ext-phy-9e20b9b678-010,definition 仅为章节标题 一、动力学三大观点 无实质文本；节点材料覆盖三大观点的对应规律与选用原则。
dir_batch_015.csv#1259,PHYSICS,能量观点：用动能定理和能量守恒观点解题，可处理非匀变速运动问题．,COVERED,ext-phy-9e20b9b678-010、ext-phy-4d6588152e-001,
dir_batch_015.csv#1260,PHYSICS,常见的图象,COVERED,ext-phy-fc6ffa52f7-002,
dir_batch_015.csv#1261,PHYSICS,图象的应用,COVERED,ext-phy-fc6ffa52f7-003、ext-phy-4d4c5ba463-004c、ext-phy-d1e7b55724-004,
dir_batch_015.csv#1262,PHYSICS,动力学中的经典模型,COVERED,phys-sheng-lianjieti-deng-jiasudu、ext-phy-fc6ffa52f7-005、ext-phy-28d96980f3-007b,definition 仅为章节标题 一、轻绳连接体模型；轻绳连接体的动力学计算与内力分配已由 同条件同加速度轻绳连接体动力学的计算问题、同速率轻绳连接体动力学的计算问题 两节点的材料覆盖。
dir_batch_015.csv#1263,PHYSICS,同条件同加速度轻绳连接体动力学的计算问题,COVERED,ext-phy-28d96980f3-007b、ext-phy-2f1b8bb7d5-007、phys-dongli-fenpei-neili-an-zhiliang,
dir_batch_015.csv#1264,PHYSICS,同速率轻绳连接体动力学的计算问题,COVERED,ext-phy-fc6ffa52f7-005、ext-phy-2f1b8bb7d5-007b,
dir_batch_015.csv#1265,PHYSICS,判断滑块和模板运动状态的技巧：,COVERED,ext-phy-ae445151cc-016、ext-phy-b6feafc5c0-017b,
dir_batch_015.csv#1266,PHYSICS,技巧突破点,COVERED,ext-phy-fc6ffa52f7-006、phys-fx-block-plank-solve-key,
dir_batch_015.csv#1267,PHYSICS,分析板块模型的思路,COVERED,phys-block-board-strategy、ext-phy-893c61cfa9-018、ext-phy-248a1203f9-005,definition 仅为 三、斜面曲面模型 与 模型图例 两类标题串，无实质文本；节点 19 条材料覆盖板块模型的分析思路与求解方法。
dir_batch_015.csv#1268,PHYSICS,模型解读：,COVERED,phys-kb-slider-curve-surface-model、phys-fx-block-curved-surface-model、ext-phy-9b21b08c37-013,
dir_batch_015.csv#1269,PHYSICS,模型临界问题：,COVERED,ext-phy-5092c47fcd-005、ext-phy-b6bd732b19-101,
dir_batch_015.csv#1270,PHYSICS,模型特点,COVERED,phys-bullet-model-essence、phys-kb-bullet-block-model,
dir_batch_015.csv#1271,PHYSICS,情景分析：,COVERED,phys-bullet-embeds-block、ext-phy-4c006f942c-008,
dir_batch_015.csv#1272,PHYSICS,结果讨论,COVERED,phys-fx-bullet-block-two-scenarios、phys-hj-102-bullet-penetration-case,
dir_batch_015.csv#1273,PHYSICS,弹簧锁定模型：,COVERED,phys-hj2-pingheng-weizhi-tezheng、ext-phy-206fb04353-074b、phys-spring-natural-length-max-speed,definition 为弹簧特殊位置的三条结论：弹力为零的原长、合力为零处速度最大、偏离平衡位置时加速度的变化，已分别由上述材料与 弹簧振子模型 节点材料覆盖。
dir_batch_015.csv#1274,PHYSICS,弹簧不锁定模型,COVERED,ext-phy-fc6ffa52f7-010、phys-kb-slider-spring-model、phys-fx-slider-spring-two-states,
dir_batch_015.csv#1275,PHYSICS,倾斜传送带,COVERED,phys-hj2-chuansongdai-henhen-changdu、ext-phy-b9301f3dcb-002b、phys-fx-belt-relative-displacement-scratch,definition 即传送带划痕长度的计算规则，已被上述三条划痕长度材料逐条覆盖（一次取位移差、两次同向相加、反向取较长者）。
dir_batch_015.csv#1276,PHYSICS,功能关系分析：,COVERED,phys-hj2-chuansongdai-gongneng-guanxi、ext-phy-6e1bf27e5d-002b、ext-phy-206fb04353-032b,definition 给出的 W＝ΔEk＋ΔEp＋Q、传送带克服摩擦力做功 W＝fx传 与 Q＝fx相对 已由上述功能关系材料覆盖。
dir_batch_015.csv#1277,PHYSICS,如果要列出各物理量在某一时刻的关系式，可用牛顿第二定律。,COVERED,ext-phy-9e20b9b678-011、ext-phy-2b63d7a05b-014b、ext-phy-516193c503-001,
dir_batch_015.csv#1278,PHYSICS,若单独利用动量观点(或能量观点)无法解决问题，可尝试两种观点结合联立方程求解。,COVERED,ext-phy-2b63d7a05b-014b、phys-hj2-san-da-guandian-xuanze-yuanze、ext-phy-9e20b9b678-010,
dir_batch_015.csv#1279,PHYSICS,动力学三大观点在多体问题和多过程运动中的应用,COVERED,phys-kb-multi-body-multi-process-method、phys-hj3-three-views-multiphase-steps、ext-phy-4081c14ff4-010,
dir_batch_016.csv#1280,PHYSICS,动力学三大观点在电磁学中的应用,COVERED,命中节点 动力学三大观点在电磁学中的应用 自身材料 ext-phy-2ce66db90e-015b（电磁感应中的动力学、能量与动量观点：先电后力分析运动状态，能量观点求电能与焦耳热，动量观点用动量定理求速度变化）与 ext-phy-d8f896c2a3-007（电场中力电综合问题的三大观点）；definition 仅为该节章节标题「一、电磁感应中的动力学问题」，无独立于节点的新陈述。,
dir_batch_016.csv#1281,PHYSICS,基本思路,COVERED,definition 关键词「先电后力」；该结论由 ext-phy-5870475655-016（电磁感应中力学与电学对象的联系：处理电磁感应动力学问题的一般思路是先电后力，平衡态用平衡条件、非平衡态用牛顿第二定律）覆盖；name「基本思路」为小节栏目名，无独立考点。,
dir_batch_016.csv#1282,PHYSICS,两种运动状态,COVERED,命中节点 两种运动状态-x1 自身材料 ext-phy-2ce66db90e-015（电磁感应中导体的两种运动状态：平衡态与非平衡态的处理方法），完整覆盖 definition 的两种状态及各自处理方法。,
dir_batch_016.csv#1283,PHYSICS,力学对象和电学对象的相互联系,COVERED,命中节点 力学对象和电学对象的相互联系-x1 的三条材料 ext-phy-5870475655-016（先电后力）、ext-phy-ebaa1437a7-010（以感应电流与切割速度为桥梁联系电学对象与力学对象，按电路、受力、运动、能量四步分析）、ext-phy-a01f0dddc7-002（导体的两种状态与两座桥梁）覆盖节点名所指内容；definition 仅为章节标题「二、电磁感应中的能量问题」。,
dir_batch_016.csv#1284,PHYSICS,求解电能的思路,COVERED,命中节点 求解电能的思路-x1 的材料 ext-phy-d4d535dfea-024（恒定与变化电流下电能及焦耳热的求解方法）、ext-phy-211199b145-011b（克服安培力做功与焦耳热的计算）、ext-phy-feaa6e1a51-003（电磁感应中能量问题的分析程序）覆盖 definition 的求电能思路；末尾动量问题由节点 动力学三大观点在电磁学中的应用 的材料 ext-phy-2ce66db90e-015b（动量观点用动量定理求速度变化）覆盖，其余为典例题干。,
dir_batch_016.csv#1286,PHYSICS,电磁感应中的线框模型,COVERED,name 命中的节点 电磁感应中的线框模型 有 15 条材料（phys-kb-loop-through-field-analysis、phys-fx-loop-cutting-equivalence、ext-phy-b6bd732b19-152、ext-phy-a8cab79186-038 等）覆盖线框模型本体；definition 实为「动力学三大观点处理临界极值问题」，其关键词与四种典型临界条件由节点 临界-极值问题 的材料 ext-phy-ae445151cc-023（临界与极值问题的条件标志）、ext-phy-8842b13030-018（临界或极值条件的识别标志）、ext-phy-d8098ad0ee-022（动力学中四种典型临界条件）、ext-phy-7fc0771aeb-012（临界与极值问题的解题方法）覆盖。,
dir_batch_016.csv#1287,PHYSICS,牛顿运动三定律的基本概念和规律,COVERED,definition 仅为章节标题「一、牛顿第一定律」；命中节点 牛顿运动三定律的基本概念和规律 的材料 phys-mo-l09-newton-laws-basic-e、phys-mo-l09-newton-laws-basic-e2、phys-mo-l09-newton-laws-basic-n（牛顿运动定律的理解及基本应用的易混概念辨析与计算注意事项）覆盖本章主题，牛顿第一定律本体由 phys-fx-newton-first-law-inertia（牛顿第一定律与惯性的理解）、ext-phy-2890a8a6ef-003（理想实验与牛顿第一定律的得出）、ext-phy-a15b40d7cc-003（对牛顿第一定律的深入理解）覆盖。,
dir_batch_016.csv#1288,PHYSICS,意义：,COVERED,name「意义：」为栏目名；definition 关键词（惯性是物体的固有属性、力是改变运动状态的原因、伽利略理想实验、牛顿第一定律不是实验定律）由 phys-fx-newton-first-law-inertia、ext-phy-2890a8a6ef-003（牛顿第一定律通过理想斜面实验得出，依赖科学抽象与逻辑推理，不能由实际实验直接验证）、ext-phy-a15b40d7cc-003 与 ext-phy-2890a8a6ef-007（惯性是固有属性且只由质量决定）覆盖。,
dir_batch_016.csv#1289,PHYSICS,惯性参考系：,COVERED,包内存在节点 非惯性参考系，其材料 phys-hj2-guanxing-cankaoxi-feiguanxing（牛顿运动定律适用的参考系是惯性参考系；相对地面加速的参考系是非惯性系，需引入惯性力才能沿用牛顿定律形式）覆盖 definition 的惯性参考系定义与特点；「F=ma 可直接应用」由 ext-phy-ce8a9041be-003、ext-phy-bb84aa4cd5-002（牛顿第二定律只适用于惯性参考系中的宏观低速运动）覆盖。,
dir_batch_016.csv#1290,PHYSICS,非惯性参考系：,COVERED,definition 主体（相对惯性系做加速运动的参考系、牛顿第一定律在此失效、必须引入惯性力才能解释运动、常见虚构力）由节点 非惯性参考系 的材料 phys-hj2-guanxing-cankaoxi-feiguanxing 与 ext-phy-a833eaa9d7-005（科里奥利力的方向与大小）覆盖；尾部物理学史（亚里士多德、伽利略、笛卡尔关于力与运动关系的观点及牛顿的数学化）的实质由 phys-hj-031-galileo-ideal-experiment、ext-phy-c1604f2b20-004、ext-phy-a15b40d7cc-003（运动不需要力维持）覆盖，离心运动不涉及离心力的判断由 ext-phy-40644516ef-003 覆盖。,
dir_batch_016.csv#1291,PHYSICS,定义：物体具有保持原来匀速直线运动状态或静止状态的性质。质量是惯性的唯一量度,COVERED,包内存在节点 定义-物体具有保持原来匀速直线运动状态或静止状态的性质-质量是惯性的唯一量度，其材料 ext-phy-b6feafc5c0-001b（惯性是物体保持原来匀速直线运动状态或静止状态的性质，质量是唯一量度，是一切物体的固有属性）、phys-kb-inertia-mass-only（惯性只与质量有关，与速度、受力、位置无关）、ext-phy-5bd53caa08-008（惯性与惯性定律的区别）、ext-phy-2890a8a6ef-005 覆盖 definition；同名材料另有 ext-phy-2890a8a6ef-007。,
dir_batch_016.csv#1292,PHYSICS,惯性的两种表现形式,COVERED,命中节点 惯性的两种表现形式 的 10 条材料覆盖 definition 的两种表现（phys-hj-030-inertia-two-forms、ext-phy-097712ced9-002b、ext-phy-a15b40d7cc-004b、ext-phy-c1604f2b20-003b、ext-phy-2890a8a6ef-007 等）；惯性大小的唯一量度为质量由 ext-phy-4425390676-001b、ext-phy-bb84aa4cd5-001b 覆盖；惯性与惯性定律的区别（惯性是属性、惯性定律是规律）由 ext-phy-5bd53caa08-008 覆盖。,
dir_batch_016.csv#1293,PHYSICS,公式：,COVERED,definition 关键词（F=ma 中 F 为合外力、瞬时性、矢量性、同体性、独立性、适用条件为惯性参考系中的宏观低速物体、速度不可突变而力与加速度可突变）由节点 牛顿第二定律的理解-五性 的材料 ext-phy-c1f096722a-005b（瞬时性、矢量性、独立性与同体性）、ext-phy-c1604f2b20-007b（适用条件与独立性）、phys-hj-033-newton-second-law-scope（适用范围）、ext-phy-28d96980f3-003（合外力与加速度同时变化而速度不能突变）覆盖。,
dir_batch_016.csv#1294,PHYSICS,单位制：由基本单位和导出单位共同构成，常考：国际单位制（SI），国际制基本单位,COVERED,definition 关键词（单位制由基本单位与导出单位构成、七个基本单位、导出单位由物理公式推导）由 ext-phy-b3694e856f-004（由基本单位和导出单位一起组成单位制，力学基本量是长度、质量和时间）、ext-phy-b6feafc5c0-003（国际单位制的基本物理量共七个）、ext-phy-4425390676-002c（力的单位由牛顿第二定律定义）、phys-kb-si-unit-basic-derived、phys-hj2-lixue-danweizhi-jbdc 覆盖；两个导出单位例子（速度单位由位移与时间推导、力的单位由牛顿第二定律推导）由 ext-phy-4425390676-002c 覆盖。,
dir_batch_016.csv#1295,PHYSICS,作用力与反作用力,COVERED,命中节点 作用力与反作用力 的 7 条材料覆盖 definition：物体间的作用总是相互的、一对相互作用力等大反向共线由 ext-phy-7d0bfd3fcc-002、phys-kb-newton-third-law-pairs 覆盖；表达式 F=-F′ 由 ext-phy-bb84aa4cd5-002c 覆盖；与一对平衡力的比较由 ext-phy-ce8a9041be-008 与 phys-hj2-niudun-disan-dinglv-duibi 覆盖（其中 ext-phy-ce8a9041be-008 为一对平衡力与作用力反作用力的比较）。,
dir_batch_016.csv#1296,PHYSICS,对牛顿第三定律的理解,COVERED,命中节点 对牛顿第三定律的理解 的 13 条材料覆盖 definition：表达式 F=-F′ 由 ext-phy-bb84aa4cd5-002c 覆盖；「总是」的含义（与物体大小形状及运动状态无关）由 ext-phy-ce8a9041be-007、ext-phy-bb84aa4cd5-006（同大小、同性质、同直线且同时变化，与物体种类和运动状态无关）、ext-phy-c308ac34b5-002（六同三异二无关）覆盖；一对相互作用力与一对平衡力的对比由 phys-fx-action-reaction-vs-balance-pairs、ext-phy-097712ced9-009b、ext-phy-4425390676-002b 覆盖。,
dir_batch_016.csv#1297,PHYSICS,牛顿运动三定律的理解和应用,COVERED,definition 仅为章节标题「一、两类动力学问题」；命中节点 牛顿运动三定律的理解和应用 的材料 phys-mo-l09-newton-laws-basic-e/-e2/-n、ext-phy-206fb04353-113b（牛顿运动定律与超重失重）、ext-phy-28d96980f3-065（牛顿第二定律与直线运动结合的解题思路）与节点 动力学的两类基本问题的解题步骤 的材料 phys-kb-dynamics-two-bridge（加速度是联系力和运动的桥梁，连接点速度是联系各过程的桥梁）覆盖两类动力学问题。,
dir_batch_016.csv#1298,PHYSICS,动力学的两类基本问题的解题步骤,COVERED,命中节点 动力学的两类基本问题的解题步骤 的 32 条材料覆盖 definition：两类分析（受力分析与运动过程分析）与两个桥梁（加速度、连接点速度）由 phys-kb-dynamics-two-bridge、ext-phy-5d14589ca2-002、ext-phy-a15b40d7cc-009、phys-hj-037-dynamics-two-analyses 覆盖；解题步骤由 ext-phy-d8098ad0ee-003（定对象、画示意图、定正方向、判类型、列方程五步）覆盖；definition 尾部三小问为典例题干。,
dir_batch_016.csv#1299,PHYSICS,超重：物体有向上的加速度称物体处于超重。,COVERED,definition 的超重、失重与完全失重公式（FN=mg+ma、FN=mg-ma、a=g 时 FN=0）由 phys-fx-overweight-weightlessness（加速度竖直向上超重 F=m(g+a)、竖直向下失重 F=m(g-a)、a=g 时完全失重 F=0）与 phys-hj-040-complete-weightlessness、ext-phy-d4160369ce-010 覆盖；视重定义由 ext-phy-3abd4c34f3-003、phys-mo-l09-newton-laws-basic-b-4 覆盖。命中节点 超重-物体有向上的加速度称物体处于超重 自身 3 条材料（斜面板块加速度范围、有效切割长度、弹簧与绳剪断瞬间）均属别名串扰，与超重内容无关。,
dir_batch_016.csv#1300,PHYSICS,对超重和失重的理解应当注意的问题,COVERED,命中节点 对超重和失重的理解应当注意的问题 的 18 条材料覆盖 definition：重力不变而视重改变由 ext-phy-18235fe94d-006、ext-phy-b3694e856f-018、ext-phy-28d96980f3-002、ext-phy-3abd4c34f3-003 覆盖；判断超重失重只看加速度方向、与速度方向无关由 phys-kb-overweight-weightless-judge、ext-phy-b6feafc5c0-005b、ext-phy-5ec6530849-003 覆盖；完全失重时依赖重力的现象消失由 ext-phy-bea9e46ff0-022、ext-phy-665aa7b845-004b 覆盖；definition 尾部的轻绳轻杆轻弹簧与等时圆模型标题分别由节点 瞬时性突变类问题-轻绳-轻弹簧 与 几种等时圆模型分析 的材料覆盖。,
dir_batch_016.csv#1301,PHYSICS,等时圆使用条件：,COVERED,definition 的三个使用条件（由静止下滑、斜面光滑、以公共竖直直径为斜边）与结论（下滑时间等于沿直径自由下落时间，与斜面长短和倾角无关）由节点 几种等时圆模型分析 的材料 phys-kb-isochronous-circle-model、ext-phy-3172381ee7-001、ext-phy-893c61cfa9-026（三种等时圆模型与时间推导）、phys-hj2-dengshi-yuan-moxing（时间 t 与倾角无关）覆盖。,
dir_batch_016.csv#1302,PHYSICS,模型示意图：,COVERED,name「模型示意图：」为图注；definition 为等时圆结论的证明（作辅助线并利用直径所对的圆周角为直角、由受力分析及牛顿第二定律求下滑加速度与时间），由节点 几种等时圆模型分析 的材料 ext-phy-893c61cfa9-026（三种等时圆模型与时间推导：可由牛顿第二定律配合几何关系证明）与 ext-phy-3172381ee7-001（等时圆模型的结论与证明）覆盖。,
dir_batch_016.csv#1303,PHYSICS,几种等时圆模型分析,COVERED,命中节点 几种等时圆模型分析 的 17 条材料覆盖 definition 的等时圆模型拓展应用（phys-hj2-dengshi-yuan-moxing、ext-phy-56d13ed09a-004、ext-phy-893c61cfa9-025、ext-phy-06222c9a25-001b、ext-phy-18235fe94d-010）；definition 尾部例题（半径比 3:2:1、最低点相切的 AP、BP、CP 三杆）为题干残片，结论同上。,
dir_batch_016.csv#1304,PHYSICS,牛顿第二定律的理解：“五性”,COVERED,命中节点 牛顿第二定律的理解-五性 的 15 条材料覆盖 definition 的合力、加速度与速度关系四条（phys-hj2-niudun-dier-dinglv-liijie、ext-phy-b3694e856f-008：定义式与决定式含义不同、ext-phy-3acd9606ca-005：合力与速度同向加速、反向减速、不共线做曲线运动、ext-phy-c1f096722a-005b、ext-phy-ce8a9041be-004）。,
dir_batch_016.csv#1305,PHYSICS,解题的思路,COVERED,definition 的应用牛顿第二定律解题思路（选取研究对象并受力分析、用平行四边形定则或正交分解求合力、由 F=ma 求加速度、再结合运动学公式求解）由 ext-phy-d8098ad0ee-003（定对象、画示意图、定正方向、判类型、列方程五步）、phys-hj3-newton-second-coordinate-setup（牛顿第二定律解题的建系与正交分解）、ext-phy-28d96980f3-065、ext-phy-56d13ed09a-001 覆盖；尾部三小问为题干。,
dir_batch_016.csv#1306,PHYSICS,连接体问题,COVERED,命中节点 连接体问题 的材料 ext-phy-2f1b8bb7d5-002（连接体、外力与内力：给出连接体的定义与构成方式，区分系统受到的外力与系统内物体之间的内力）与 phys-hj2-lianjieti-neiwaib-gainian（连接体与内力、外力）覆盖 definition 的连接体定义及外力与内力之分。,
dir_batch_016.csv#1307,PHYSICS,连接体的运动特点,COVERED,命中节点 连接体的运动特点 的材料 phys-hj2-lianjieti-yundong-tedian（轻绳伸直时两端物体沿绳方向速度相等；轻杆平动共速、转动同角速度；弹簧形变最大时两端速率相等）与 ext-phy-2f1b8bb7d5-004、ext-phy-d559834597-002 覆盖 definition 的绳、杆、弹簧三类运动特点。,
dir_batch_016.csv#1308,PHYSICS,板块模型,COVERED,命中节点 板块模型 的 23 条材料覆盖 definition：位移关系（同向取差、反向取和）由 ext-phy-893c61cfa9-010、ext-phy-161b81ec34-002 覆盖；判断相对静止或相对滑动所用的最大加速度判据与有外力情形的两个临界力由 ext-phy-8842b13030-026 覆盖；速度相同时摩擦力可能由滑动转为静摩擦或不再有摩擦由 ext-phy-893c61cfa9-013、ext-phy-28d96980f3-006 覆盖；尾部小问为题干。,
dir_batch_016.csv#1309,PHYSICS,倾斜传送带,COVERED,definition 为划痕问题（Δx 等于相对位移的大小，两次相对运动方向相同则相加、相反则取较长者），由 ext-phy-893c61cfa9-023（相对位移与划痕长度的计算）、ext-phy-b9301f3dcb-002b（划痕长度等于相对位移的大小，两次相对运动按方向是否相同分别处理）、phys-hj2-chuansongdai-henhen-changdu、phys-fx-belt-relative-displacement-scratch 覆盖；命中节点 倾斜传送带 的 23 条材料另覆盖传送带运动分类与共速判断。,
dir_batch_016.csv#1310,PHYSICS,瞬时性突变类问题——轻绳、轻弹簧,COVERED,命中节点 瞬时性突变类问题-轻绳-轻弹簧 的 20 条材料覆盖 definition：瞬时问题的标志词与两类模型由 phys-kb-instant-mutation-rope-spring、ext-phy-27462f56e7-001、ext-phy-5d0bc8b3d5-007 覆盖；加速度与合外力瞬时对应、同时变化消失而速度不能突变由 ext-phy-28d96980f3-003、ext-phy-d8098ad0ee-017 覆盖；判断绳与弹簧弹力是否变化由 ext-phy-b6feafc5c0-002、ext-phy-7849f072e7-002 覆盖。,
dir_batch_016.csv#1311,PHYSICS,解题思路：,COVERED,definition 的结论（轻绳、轻杆与接触面的弹力属微小形变、状态变化时弹力突变；轻弹簧与橡皮绳属明显形变、弹力不能突变）由 phys-hj2-qingsheng-qinggan-tanhuang-duibi、phys-fx-rope-rod-spring-force-features、ext-phy-7849f072e7-002、phys-hj2-sizhong-lixiang-moxing-duibi 覆盖。,
dir_batch_016.csv#1312,PHYSICS,连接体问题的分析易错——整体法与隔离法应用,COVERED,命中节点 连接体问题的分析易错-整体法与隔离法应用 的 20 条材料覆盖 definition：整体法（加速度相同且不求内力）、隔离法（加速度不同或要求内力）、先整体求加速度后隔离求内力由 phys-lianjieti-xian-zhengti-hou-geli、ext-phy-8842b13030-012、ext-phy-893c61cfa9-004、phys-hj2-zhengti-geri-jiaoti-yunyong 覆盖；内力分配结论由 phys-hj-045-force-sharing-protocol、phys-hj3-force-assignment-principle、phys-hj2-lianjieti-lali-fenpei 覆盖；跨滑轮绳连接需用隔离法由 ext-phy-893c61cfa9-004 覆盖。,
dir_batch_016.csv#1313,PHYSICS,动力学图像法在动力学问题中的应用——数形结合思想,COVERED,命中节点 动力学图像法在动力学问题中的应用-数形结合思想 的 39 条材料覆盖 definition 的 v-t、a-t、F-t、F-a 四类图像分析方法：ext-phy-d8098ad0ee-009（四类常见图像的含义）、phys-kb-newton-motion-image-method、phys-mo-l10-newton-methods-b-2、ext-phy-5d14589ca2-003、phys-hj2-donglixue-tuxiang-wenti（F-a 图像斜率为 1/m、横截距与摩擦力有关）。,
dir_batch_016.csv#1314,PHYSICS,临界、极值问题,COVERED,命中节点 临界-极值问题 的 25 条材料覆盖 definition：题干关键词标志（刚好、恰好、正好、取值范围、最大最小、收尾速度）由 ext-phy-ae445151cc-023、ext-phy-8842b13030-018、ext-phy-d8098ad0ee-021 覆盖；四种典型临界条件（绳断、绳松、相对滑动、接触脱离）由 ext-phy-d8098ad0ee-022、ext-phy-2f1b8bb7d5-009、ext-phy-d559834597-008 覆盖。,
dir_batch_016.csv#1315,PHYSICS,求解的基本思路,COVERED,命中节点 求解的基本思路 的材料 ext-phy-c4605806a7-017（临界极值问题的求解思路：处理临界极值问题的四个步骤与相关临界条件）覆盖 definition 的四步（审题并把变化过程划分阶段、寻找过程中变化的物理量、探索变化规律、确定临界状态并分析临界条件列出临界关系）；尾部题干与三小问为练习题残片。,
dir_batch_016.csv#1316,PHYSICS,静电场的基本概念和规律,COVERED,definition 仅为章节标题「一、电荷与电荷守恒定律」；命中节点 静电场的基本概念和规律 的材料 ext-phy-206fb04353-117（静电场公式汇编）与节点 电荷守恒定律 的 phys-hj2-dianhe-shouheng-qidian-fangshi（电荷只能转移不能创生消灭，起电实质是电子的得失，元电荷 e=1.6×10^-19 C）覆盖本节主体。,
dir_batch_016.csv#1318,PHYSICS,三种起电方式,COVERED,命中节点 三种起电方式 的材料 ext-phy-5592bd185a-010（使物体带电的三种方式：摩擦起电、接触起电与感应起电的实质与区别）覆盖 definition 的三种方式；感应起电中电荷分布的判断（含导体接地时近端带异种电荷）由 ext-phy-452d2c55c2-002b、ext-phy-d72335472d-002b 覆盖；电荷守恒定律由 phys-hj2-dianhe-shouheng-qidian-fangshi 覆盖。,
dir_batch_016.csv#1319,PHYSICS,库仑定律,COVERED,命中节点 库仑定律 的 20 条材料覆盖 definition：内容、表达式与静电力常量由 phys-kb-coulomb-law、phys-fx-coulomb-law-conditions、wusan-phy-v-9bd24091 覆盖；r 趋于 0 时点电荷模型失效、不能得出 F 趋于无穷的结论由 ext-phy-35f5d4d1d1-001、ext-phy-fd8da7687f-003 覆盖；两带电金属球电荷重新分布使同种电荷 F 小于、异种电荷 F 大于 kq1q2/r² 由 phys-hj2-xiangtong-jinshuqiu-dianhe-chongxin-fenbu 覆盖；库仑定律与万有引力定律的类比由 ext-phy-d625775dcf-022 覆盖。,
dir_batch_016.csv#1320,PHYSICS,电场,COVERED,命中节点 电场 的 3 条材料覆盖 definition：电场的定义、物质性与匀强电场由 ext-phy-8e81cd70b9-004（电场是电荷周围产生的特殊物质，其性质是对放入其中的电荷有力的作用）、ext-phy-d72335472d-008（电场的定义与基本性质）覆盖；静电场与恒定电场由 ext-phy-25530c0139-002 覆盖；运动电荷周围存在变化的电场由 phys-kb-electromagnetic-wave-theory、ext-phy-2686f64c9b-009b（变化的电场与磁场相互激发并形成电磁波）覆盖。,
dir_batch_016.csv#1321,PHYSICS,电场强度,COVERED,命中节点 电场强度 的 29 条材料覆盖 definition：定义式、单位、方向与物理意义由 phys-hj-135-electric-field-intensity、ext-phy-154f35f7e3-003、ext-phy-ea59d87d1e-007 覆盖；三个公式的比较与适用范围由 wusan-phy-v-ca31d92c、ext-phy-8e2be4d749-007 覆盖；点电荷的电场与电场强度的矢量叠加由 ext-phy-d72335472d-009、ext-phy-d625775dcf-004 覆盖。,
dir_batch_016.csv#1322,PHYSICS,电场线,COVERED,命中节点 电场线 的 15 条材料覆盖 definition：定义与特点（不闭合、不相交、疏密表示场强大小、切线方向表示场强方向）由 ext-phy-d625775dcf-003、ext-phy-452d2c55c2-016（六条特点）、ext-phy-154f35f7e3-005 覆盖；不是实际存在的线、不是带电粒子的运动轨迹由 phys-fx-trajectory-coincide-field-line、ext-phy-740ba374fa-013 覆盖；四种应用由 phys-fx-electric-field-line-four-uses、ext-phy-c4841fd5ed-010 覆盖；两种等量点电荷电场线的比较由 ext-phy-d625775dcf-003b 覆盖。,
dir_batch_016.csv#1323,PHYSICS,电势,COVERED,命中节点 电势 的 22 条材料覆盖 definition：定义与相对性由 phys-hj-140-electric-potential-concept、ext-phy-d625775dcf-008c、ext-phy-154f35f7e3-007b 覆盖；电势与电场强度大小无必然联系由 ext-phy-740ba374fa-008 覆盖；沿电场线方向电势逐渐降低由 ext-phy-1dbc2880eb-003b、ext-phy-32b1b5b028-002c 覆盖；电势高低的判断方法由 ext-phy-d625775dcf-009b（五种方法）、ext-phy-1dbc2880eb-012b、ext-phy-5f87ee0d52-004 覆盖。,
dir_batch_016.csv#1324,PHYSICS,等势面,COVERED,命中节点 等势面 的 12 条材料覆盖 definition：定义与特点（面内移动电荷电场力不做功、两等势面不相交、电场线与等势面垂直且指向电势降低方向、等差等势面疏密反映场强）由 ext-phy-d7e0f072e3-009、ext-phy-b1437d040b-006、ext-phy-5f87ee0d52-005、ext-phy-71e5332f12-010、ext-phy-495d7cde34-004 覆盖；静电平衡时导体是等势体由 phys-kb-electrostatic-equilibrium-feature、ext-phy-154f35f7e3-005b 覆盖；等势面的应用与几种典型电场的等势面由 ext-phy-740ba374fa-002、phys-fx-typical-field-equipotentials、ext-phy-d625775dcf-010 覆盖。,
dir_batch_016.csv#1325,PHYSICS,电势能,COVERED,命中节点 电势能 的 15 条材料覆盖 definition：定义与相对性由 phys-hj-139-electric-potential-energy、ext-phy-414bf63882-002b、ext-phy-d7e0f072e3-002 覆盖；电场力做的功等于电势能的减少量由 ext-phy-414bf63882-003、ext-phy-5f87ee0d52-002b 覆盖；正负电荷沿与逆着电场线移动时电势能的变化及电势能大小的判断方法由 ext-phy-d625775dcf-008b、ext-phy-206fb04353-043c、ext-phy-d7e0f072e3-006 覆盖。,
dir_batch_016.csv#1326,PHYSICS,静电力做功,COVERED,命中节点 静电力做功 的 17 条材料覆盖 definition：特点（与起始和终止位置有关、与路径无关）由 phys-hj3-e-field-work-feature、ext-phy-414bf63882-002、ext-phy-d7e0f072e3-001 覆盖；做功正负与力、位移夹角的关系由 ext-phy-71e5332f12-002、ext-phy-32b1b5b028-002 覆盖；电场中常见功能关系四条由 phys-electric-gravity-three-sum、ext-phy-f58cfc679b-005、ext-phy-32b1b5b028-002 覆盖。,
dir_batch_016.csv#1327,PHYSICS,电势差,COVERED,命中节点 电势差 的 7 条材料覆盖 definition：UAB=φA-φB 与 UBA=-UAB 由 ext-phy-ad5194ba8f-009、ext-phy-d625775dcf-009 覆盖；静电力做功与电势差的关系（数值上等于单位正电荷从 A 移到 B 时电场力做的功）由 ext-phy-495d7cde34-002、ext-phy-d7e0f072e3-005、ext-phy-32b1b5b028-007 覆盖；电势与电势差的比较由 ext-phy-f73ef620eb-008 覆盖。,
dir_batch_016.csv#1328,PHYSICS,电势差与电场强度的关系,COVERED,命中节点 电势差与电场强度的关系 的 36 条材料覆盖 definition：UAB=Ed 与 d 的取法由 ext-phy-d625775dcf-009c、phys-kb-potential-difference-u-ed、phys-hj3-u-ed-relation 覆盖；一式二结论（中点电势为两端平均值、平行等长线段电势差相等）由 phys-fx-uniform-field-three-inferences、ext-phy-d7e0f072e3-008、ext-phy-1dbc2880eb-013 覆盖；等分法由 ext-phy-b6bd732b19-105、phys-fx-equal-division-method 覆盖；非匀强电场中的定性分析由 ext-phy-740ba374fa-007、phys-fx-nonuniform-field-compare 覆盖；用图像斜率判断场强由 phys-hj3-phi-x-extremum-e-zero 覆盖。,
dir_batch_016.csv#1329,PHYSICS,静电场的应用,COVERED,命中节点 静电场的应用 的材料 ext-phy-9404c786bf-011（静电感应现象、静电平衡的建立过程与特征）覆盖 definition 的静电感应现象与静电平衡定义；静电平衡的建立过程另由 ext-phy-740ba374fa-016、ext-phy-d625775dcf-011b 覆盖。,
dir_batch_016.csv#1330,PHYSICS,过程分析：,COVERED,definition 为静电平衡的建立过程（把金属导体放入外电场，自由电子受电场力移动使导体两端出现等量异种电荷，感应电荷的电场 E 与外电场方向相反），由 ext-phy-9404c786bf-011 与 ext-phy-740ba374fa-016（静电平衡的建立过程）、ext-phy-d625775dcf-011b 覆盖。,
dir_batch_016.csv#1331,PHYSICS,静电平衡状态的特征,COVERED,命中节点 静电平衡状态的特征 的 8 条材料覆盖 definition：内部场强处处为零、表面附近场强方向与表面垂直、整个导体是等势体由 phys-kb-electrostatic-equilibrium-feature、ext-phy-154f35f7e3-005b、ext-phy-d72335472d-016、ext-phy-740ba374fa-017 覆盖；电荷只分布在外表面且越尖锐处越密、凹陷处几乎没有电荷由 ext-phy-154f35f7e3-005b、phys-hj3-electrostatic-equlibrium 覆盖；尖端放电部分由 ext-phy-9404c786bf-012 覆盖。,
dir_batch_016.csv#1332,PHYSICS,尖端放电的应用与防止,COVERED,命中节点 尖端放电的应用与防止 的 3 条材料覆盖 definition：避雷针借静电感应与尖端放电中和雷雨云电荷以避免雷击、高压设备把导体表面做得尽量光滑以减少电能损失，由 ext-phy-9404c786bf-012（尖端放电的应用与防止）、ext-phy-154f35f7e3-005c、ext-phy-d72335472d-016b 覆盖。,
dir_batch_016.csv#1333,PHYSICS,静电屏蔽的应用,COVERED,命中节点 静电屏蔽的应用 的 3 条材料覆盖 definition：电学仪器与通讯电缆的金属罩、铅皮防止外电场干扰，高压带电作业穿戴金属丝网衣帽手套，由 ext-phy-8e81cd70b9-016（静电屏蔽的两种情形与静电现象的应用实例）、ext-phy-154f35f7e3-005d、ext-phy-d72335472d-016c 覆盖；静电吸附、静电除尘、静电喷漆与静电复印属静电现象的应用实例，由 ext-phy-8e81cd70b9-016 覆盖；四、电容器定义由 ext-phy-da7d35e7bf-001 覆盖。,
dir_batch_016.csv#1334,PHYSICS,电容器充放电过程,COVERED,definition 的电容器电荷量含义由 ext-phy-da7d35e7bf-001 覆盖；电容的定义式、单位法拉与分数单位换算由 ext-phy-8aea427cf9-002、ext-phy-0c5e7dfb66-002、phys-kb-capacitor-capacitance 覆盖；电容的决定式由 phys-fx-capacitor-capacitance-basics 覆盖；击穿电压与额定电压由 phys-hj3-capacitor-rated-voltage（额定电压是电容器长期工作的最大电压，比击穿电压低）覆盖；五、示波器标题由节点 工作原理 的材料覆盖。,
dir_batch_016.csv#1335,PHYSICS,结构,COVERED,definition 为示波管的结构（电子枪产生高速电子束、竖直偏转电极加信号电压、水平偏转电极加扫描电压、荧光屏显示图像），由包内节点 工作原理 的材料 ext-phy-fcdb509d5c-011（示波管的构造与工作原理：电子枪发射并加速电子，两对偏转电极控制落点，荧光屏显示图像）、ext-phy-289528790e-012 与 ext-phy-0c5e7dfb66-014b 覆盖。,
dir_batch_016.csv#1336,PHYSICS,原理,COVERED,definition 为示波管的显示原理（偏转电极不加电压时电子射到荧光屏中心形成亮斑，仅 XX 或 YY 加稳定电压时形成亮线）与三段公式（加速电场由动能定理 eU1=½mv0²、偏转电场水平方向匀速与侧移 y、出射后 y′=y+L′tanφ），由节点 工作原理 的 ext-phy-fcdb509d5c-011、ext-phy-289528790e-012 与 ext-phy-b6bd732b19-115（示波器计算的三阶段与结论公式）、ext-phy-d625775dcf-017（由偏移量与偏转角求打到屏上的位置）、ext-phy-07893069b4-002b 覆盖。,
dir_batch_016.csv#1337,PHYSICS,做直线运动的条件,COVERED,命中节点 做直线运动的条件 的材料 phys-particle-linear-conditions（合力为 0 时静止或匀速直线运动；合力不为 0 但方向不变且与初速度共线时做匀变速直线运动）、phys-hj-154-particle-linear-motion-condition、ext-phy-fbbc443ad1-006、ext-phy-6dcd554e9e-001 覆盖 definition 的两种情形。,
dir_batch_016.csv#1338,PHYSICS,用动力学观点分析,COVERED,命中节点 用动力学观点分析 的 6 条材料覆盖 definition 的方法指向（匀强电场中静电力与重力均为恒力，用牛顿第二定律结合运动学公式求解）：phys-dynamics-viewpoint-choice、ext-phy-ee824da981-010（用动力学观点分析电场中的直线运动）、ext-phy-8aea427cf9-031；definition 的公式为空壳（学生版填空），其中 a=qE/m、E=U/d 与 v²-v0²=2ad 由 ext-phy-206fb04353-117、phys-kb-potential-difference-u-ed 覆盖。,
dir_batch_016.csv#1339,PHYSICS,用功能观点分析,COVERED,命中节点 用功能观点分析 的材料 ext-phy-ee824da981-010b（用动能定理和电场力做功的两种表达式处理带电体在电场中运动）、ext-phy-f311d6f59d-007（匀强电场中 W=Eqd=qU，非匀强电场中也只用两点电势差算功，再用动能定理求速度）与 ext-phy-9404c786bf-017、ext-phy-8aea427cf9-032 覆盖 definition 的匀强与非匀强两种情形；二、带电粒子在电场中的偏转运动标题由节点 带电粒子在匀强电场中偏转的两个分运动 的材料覆盖。,
dir_batch_016.csv#1340,PHYSICS,求解电偏转问题的两种思路,COVERED,命中节点 求解电偏转问题的两种思路 的材料 ext-phy-bd50bd82b0-002b（示波管模型下求屏上偏移距离与末动能各有两条常用路径）、ext-phy-9d43d921bb-002b（确定最终偏移距离的两种方法，以及确定粒子出电场后动能或速度的两种方法）与 ext-phy-8aea427cf9-019 覆盖 definition 的两问。,
dir_batch_016.csv#1341,PHYSICS,带电粒子在匀强电场中偏转的两个分运动,COVERED,命中节点 带电粒子在匀强电场中偏转的两个分运动 的 40 条材料覆盖 definition：沿初速度方向匀速、沿静电力方向匀加速的分解由 ext-phy-d8f896c2a3-003、ext-phy-fbbc443ad1-012、ext-phy-289528790e-011、ext-phy-fcdb509d5c-008 覆盖；加速度 a=qU/md、偏移量 y=½at² 与偏转角 tanθ=vy/v0 的公式由 phys-deflection-parabola、ext-phy-206fb04353-117b、ext-phy-0c5e7dfb66-014 覆盖。,
dir_batch_016.csv#1342,PHYSICS,两个重要结论,COVERED,definition 的两个结论（不同带电粒子从静止经同一加速电场后再经同一偏转电场射出时偏移量与偏转角相同、与 m 和 q 无关；出射速度的反向延长线过水平位移中点）由 ext-phy-8aea427cf9-018b（偏转电场中的两个重要结论）、ext-phy-289528790e-011b、ext-phy-d8f896c2a3-003b（含推导）、phys-deflection-independent-of-qm 覆盖；用能量观点处理带电粒子运动时的动能定理思维顺序与能量守恒两种列式由 ext-phy-fc06cacb9f-012b、ext-phy-fc06cacb9f-012c 覆盖；尾部为题干残片。,
dir_batch_016.csv#1343,PHYSICS,E-x图像,COVERED,命中节点 e-x图像 的 15 条材料覆盖 definition：E 的正负表示场强方向、图线与 x 轴所围面积表示电势差、由图像确定电场与电势变化并画出对应电场由 ext-phy-2f72d4bf8f-002、ext-phy-1dbc2880eb-035b、ext-phy-d625775dcf-013、ext-phy-9404c786bf-019、ext-phy-b6bd732b19-108 覆盖。,
dir_batch_016.csv#1344,PHYSICS,φ-x图像（反映了电势随位移变化的规律）,COVERED,命中节点 φ-x图像-反映了电势随位移变化的规律 的 22 条材料覆盖 definition：切线斜率的绝对值等于场强大小、场强为零处图线取极值、由电势大小关系确定场强方向、用 WAB=qUAB 分析电势能变化由 ext-phy-d625775dcf-012b、ext-phy-1dbc2880eb-013b、ext-phy-414bf63882-006、ext-phy-b6bd732b19-109、phys-phi-x-graph-slope 覆盖。,
dir_batch_016.csv#1345,PHYSICS,Ep-x图像,COVERED,命中节点 ep-x图像 的 16 条材料覆盖 definition：由电势能变化判断电场力做功的正负、Ep-x 图线切线斜率的绝对值表示电场力的大小由 ext-phy-d625775dcf-013b、ext-phy-8a6cb6c448-005、ext-phy-1dbc2880eb-035c、ext-phy-2f72d4bf8f-003b、ext-phy-6334948245-009 覆盖。,
dir_batch_016.csv#1346,PHYSICS,利用电场线和等势面解决带电粒子运动问题的方法,COVERED,命中节点 利用电场线和等势面解决带电粒子运动问题的方法 的 32 条材料覆盖 definition：由轨迹弯曲方向确定电场力方向（指向轨迹内侧）、结合电场线判断电性、由做功判断电势能与动能变化，以及电场线或等差等势面密集处场强大、电场线垂直于等势面、沿电场线电势降低由 ext-phy-f73ef620eb-012、ext-phy-32b1b5b028-013、ext-phy-19c467654f-006、phys-hj3-charged-particle-trajectory-analysis 覆盖；两线法与假设法由 ext-phy-ea59d87d1e-015、ext-phy-b6bd732b19-106（三步速解三线问题）覆盖；几种典型电场的等势面由 phys-hj3-typical-equipotential-surfaces 覆盖。,
dir_batch_016.csv#1347,PHYSICS,带电粒子在电场中的平衡问题——受力分析,COVERED,definition 的三个自由点电荷平衡问题由 ext-phy-83dd6313b9-002（共线、两同夹异、两大夹小、每个电荷受另外两个电荷的合力为零）、ext-phy-35f5d4d1d1-005、phys-hj3-three-charge-equilibrium（含近小远大）覆盖；用三角形相似法处理带电小球的平衡问题由 phys-xiang-si-sanjiaoxing-fa（三力平衡之相似三角形法）、ext-phy-d7ae747433-003、ext-phy-1dbc2880eb-005（静电力作用下带电体的平衡分析）覆盖。,
dir_batch_016.csv#1348,PHYSICS,平行板电容器的动态分析问题的两种情况,COVERED,命中节点 平行板电容器的动态分析问题的两种情况 的 28 条材料覆盖 definition：始终与电源相连 U 不变、充电后与电源断开 Q 不变的两条推理链由 phys-kb-capacitor-dynamic-analysis、phys-fx-capacitor-dynamic-two-cases、ext-phy-d625775dcf-014b、ext-phy-e5eaaa7fd1-003 覆盖；Q 不变时板间场强与板间距离无关由 ext-phy-8aea427cf9-009 覆盖；电容器内固定点电势与电势能的变化由 ext-phy-b6bd732b19-112、ext-phy-b6bd732b19-113 覆盖。,
dir_batch_016.csv#1349,PHYSICS,等效重力场,COVERED,命中节点 等效重力场 的 25 条材料覆盖 definition（把重力场与电场合二为一，用全新的复合场代替）：ext-phy-3d0f385573-001、ext-phy-8aea427cf9-028、phys-kb-equivalent-gravity-field、phys-hj3-equivalent-gravity-field。,
dir_batch_016.csv#1350,PHYSICS,等效重力场的相关知识点及解释,COVERED,命中节点 等效重力场的相关知识点及解释 的 5 条材料覆盖 definition 的等效重力场、等效重力、等效重力加速度、等效最低点与等效最高点的含义（ext-phy-0c5e7dfb66-021 等效重力场的含义与合成、ext-phy-fcdb509d5c-017 等效重力场中的物理最高点、ext-phy-fc06cacb9f-006b 物理最高点与几何最高点、ext-phy-206fb04353-046 把重力场中四类结论里的 g 换成 g′ 即得等效重力场中的结论）；等效重力势能一条是该迁移结论与等效重力的直接推论，不另设材料。,
dir_batch_016.csv#1351,PHYSICS,等效法求解电场中圆周运动问题的解题思路,COVERED,命中节点 等效法求解电场中圆周运动问题的解题思路 的材料 ext-phy-1dbc2880eb-041（求重力与电场力的合力作为等效重力，将合力与质量之比作为等效重力加速度，找出等效最低点与等效最高点，再迁移重力场中圆周运动的规律）完整覆盖 definition 的四步；等效最高点与圆周运动的临界条件另由 ext-phy-c491e1cc4d-003、phys-hj3-physical-vs-geometric-highest 覆盖。,
dir_batch_016.csv#1353,PHYSICS,求电场力做功的方法：,COVERED,definition 的四种求电场力做功方法（定义式 W=qElcosα、由电势变化 W=qUAB、由动能定理 W电+W其他=ΔEk、由电势能变化 W=-ΔEp）由节点 电场中的功能关系 的材料 ext-phy-f8e1f7b962-007（电场力做功的四种算法）与 ext-phy-71e5332f12-002、ext-phy-32b1b5b028-002、ext-phy-b1437d040b-003 覆盖。,
dir_batch_016.csv#1354,PHYSICS,电场中的功能关系,COVERED,命中节点 电场中的功能关系 的 22 条材料覆盖 definition 的四条（只有电场力做功时电势能与动能之和保持不变；只有电场力和重力做功时电势能、重力势能、动能之和保持不变；除重力、弹力外其他力做的功等于机械能的增量；所有外力做的总功等于动能的变化）由 phys-hj2-dianchang-zhong-gongneng-guanxi、phys-hj3-e-field-energy-relations-four、phys-fx-electric-field-function-relations、ext-phy-f8e1f7b962-007 覆盖。,
dir_batch_016.csv#1355,PHYSICS,力的基础概念（重力、弹力、摩擦力）,COVERED,definition 仅为章节标题「一、力」；命中节点 力的基础概念-重力-弹力-摩擦力 的材料 ext-phy-b8d5634019-002（力是物体对物体的作用，其作用效果是使物体形变或改变运动状态）、ext-phy-142d74029b-002、ext-phy-b6f8cbe195-002、ext-phy-1824f038cb-001 覆盖力的概念与作用效果。,
dir_batch_016.csv#1356,PHYSICS,性质：,COVERED,definition 的力的四个性质（物质性、相互性、矢量性、独立性）由 ext-phy-b6f8cbe195-002（力具有物质性、相互性、矢量性和独立性）、ext-phy-142d74029b-002、ext-phy-03b9349251-002、phys-hj2-li-gainian-jiben-xingzhi 覆盖。,
dir_batch_016.csv#1357,PHYSICS,四种基本相互作用：引力相互作用、电磁相互作用、强相互作用和弱相互作用。,COVERED,包内存在节点 四种基本相互作用-引力相互作用-电磁相互作用-强相互作用和弱相互作用，其材料 phys-hj2-li-gainian-jiben-xingzhi 与 ext-phy-e3c0479174-003（力的基本概念与四种基本相互作用：力的定义、三要素、四大特征与力的两种分类）覆盖 definition 的四种基本相互作用；接触力与非接触力的存在关系由 phys-fx-force-analysis-order、ext-phy-c8f34b4a1e-001、ext-phy-59dd10c06b-009b 等受力分析材料覆盖；definition 尾部「故选D」为答案残片。,
dir_batch_016.csv#1358,PHYSICS,定义：由于地球吸引而使物体受到的力叫做重力。,COVERED,definition 的重力与万有引力的关系（重力不是万有引力；两极处重力等于万有引力；其他位置重力只是万有引力竖直向下的一个分力）由 phys-hj3-gravity-vs-gravitation、phys-hj3-gravity-center-facts、ext-phy-7a8d42b6f9-003、ext-phy-80e89bf7fb-005 覆盖；重力的定义与方向由 ext-phy-142d74029b-002b、wusan-phy-v-329da00d 覆盖。,
dir_batch_016.csv#1359,PHYSICS,大小：G＝mg，可用弹簧测力计测量．,COVERED,definition 的要点（质量不变而重力随 g 变化；纬度越高 g 越大、高度越高 g 越小）由 ext-phy-142d74029b-002b、phys-hj2-g-zhi-sui-weidu-gaodu-bianhua（同一地点 g 值恒定，纬度越高 g 越大、海拔越高 g 越小）、phys-kb-gravity-property-g、wusan-phy-v-329da00d 覆盖；g 与星球有关由节点 星体表面与上空的重力加速度 的材料覆盖。,
dir_batch_017.csv#1360,PHYSICS,方向：总是竖直向下（竖直向下是和水平面垂直，不一定和接触面垂直，也不一定指向地心）,COVERED,同名节点 方向-总是竖直向下-竖直向下是和水平面垂直-不一定和接触面垂直-也不一定指向地心 自身 2 条材料（phys-kb-elastic-force-direction 弹力的方向判断、phys-fx-satellite-orbit-planes 卫星轨道）与本条无关；本条实质为重心与重力方向，已被 phys-hj2-zhongxin-san-tiao-bianxi（对重心的三点理解：等效作用点、可不在物体上）、ext-phy-b6f8cbe195-003b（重心的含义与位置判断：悬挂法确定薄板重心）、phys-kb-center-of-gravity（重心及其确定方法）、phys-hj2-zhongli-dingyi-daxiao-fangxiang（方向总是竖直向下但不一定指向地心）、phys-hj3-gravity-g-variation-direction（竖直向下不等于指向地心）覆盖,
dir_batch_017.csv#1361,PHYSICS,形变,COVERED,命中节点 形变 及其材料 ext-phy-b6f8cbe195-006（形变、弹性形变与弹性限度）、ext-phy-6e94da6fe8-008（形变是形状或体积的变化，撤去作用力后能恢复原状的是弹性形变，超过弹性限度不能完全恢复）；definition 关键词：形变、弹性形变、弹性限度，与该节点边界逐字一致,
dir_batch_017.csv#1362,PHYSICS,弹力的定义及产生条件,COVERED,命中节点 弹力的定义及产生条件 及其材料 phys-kb-elastic-force-condition（弹力产生的条件是直接接触且接触处发生形变）、ext-phy-1824f038cb-003（弹力的产生条件与有无判断）、ext-phy-db2f426334-001（判断弹力有无的三种方法：假设法、替换法、状态法）、ext-phy-2f9ea8e0cd-001b（弹力的定义与产生条件）；definition 的产生过程为其定义的过程式表述，未超出上述材料,
dir_batch_017.csv#1363,PHYSICS,弹力的方向,COVERED,命中节点 弹力的方向 及其材料 ext-phy-03b9349251-009（各类接触方式下弹力的方向）、ext-phy-e3c0479174-005c（弹力方向的判断）、ext-phy-21f2aa2fbf-002（弹力方向的判断归纳：弹力反抗形变、绳的拉力沿绳收缩方向、杆可沿杆可不沿杆）；definition 关键词：三种接触方式、三类弹力的方向,
dir_batch_017.csv#1364,PHYSICS,弹力的大小,COVERED,命中节点 弹力的大小 及其材料 phys-hj2-tanli-daxiao-queding-fangfa（弹力大小的确定方法）、ext-phy-1824f038cb-005（弹力的变化量与形变量的变化量成正比即 ΔF=kΔx）、ext-phy-e621c97f4b-006b（轻绳轻杆与一般物体弹力的求法）、phys-hj2-tanhuang-shiyan-xidu-caozuo（F-x 图线的斜率即劲度系数）；definition 关键词：胡克定律、劲度系数、形变量、ΔF=kΔx、非弹簧弹力,
dir_batch_017.csv#1365,PHYSICS,摩擦力,COVERED,命中节点 摩擦力 及其材料 ext-phy-e621c97f4b-008（摩擦力产生的三个条件：接触且挤压、接触面粗糙、有相对运动或趋势）、ext-phy-142d74029b-009（静摩擦力与滑动摩擦力的定义与产生条件）、ext-phy-afa44298fc-001b（明晰三个方向：运动方向与相对运动方向）、ext-phy-b6f8cbe195-012（摩擦力的概念、产生条件与分类）、ext-phy-f88d1938f5-007（摩擦力的四个易错认识）,
dir_batch_017.csv#1366,PHYSICS,滑动摩擦力,COVERED,命中节点 滑动摩擦力 及其材料 phys-kb-sliding-friction-formula（滑动摩擦力公式 f=μFN）、ext-phy-e3c0479174-007c（对滑动摩擦力公式的进一步理解：FN 不一定等于重力）、ext-phy-9142eeb79f-001c（滑动摩擦力大小与接触面积无关）、ext-phy-2a5119abec-005b（滑动摩擦定律与动摩擦因数）、ext-phy-b6f8cbe195-014（滑动摩擦力的大小计算与方向判断）,
dir_batch_017.csv#1367,PHYSICS,静摩擦力,COVERED,命中节点 静摩擦力 及其材料 ext-phy-e3c0479174-006b（静摩擦力的定义与大小范围 0<f≤fmax）、ext-phy-548b1275c5-001b（判断静摩擦力有无与方向的三种方法）、ext-phy-e3c0479174-007b（静摩擦力大小的两种确定方法：由平衡条件由外力确定）、ext-phy-1824f038cb-007（用牛顿第三定律判断静摩擦力）；definition 关键词：0<f≤fmax、由外力决定、与相对运动趋势方向相反,
dir_batch_017.csv#1368,PHYSICS,静摩擦力与滑动摩擦力的比较,COVERED,命中节点 静摩擦力与滑动摩擦力的比较 及其材料 phys-hj2-mocali-fenlei-jisuan（静摩擦力与滑动摩擦力）、phys-hj3-static-friction-vs-kinetic（静摩擦力与滑动摩擦力的比较）、phys-hj2-jingmohuali-huadongmocali-zuogong-duibi（一对静摩擦力与一对滑动摩擦力做功的比较）；该节点边界与本条 definition 同为知识清单的栏目提示句（无实质内容），考点本身已在正式区,
dir_batch_017.csv#1369,PHYSICS,核心规律（受力分析、力的合成与分解、共点力的平衡）,COVERED,definition 仅为该单元标题一、受力分析（无独立知识内容）；包内存在同名节点 核心规律-受力分析-力的合成与分解-共点力的平衡 及其材料 phys-hj2-gongdianli-pingheng-jiie-fangfa（共点力平衡问题的求解方法）、phys-mo-l07-equilibrium-e（受力分析与共点力的平衡·易混概念辨析）、phys-mo-l07-equilibrium-n（受力分析与共点力的平衡·计算注意事项），下辖受力分析、力的合成与分解、共点力平衡三个考点均有节点与材料,
dir_batch_017.csv#1370,PHYSICS,定义与目的：,COVERED,受力分析的定义与顺序 由 ext-phy-54c139638b-001（受力分析的含义与先场力、再接触力、最后其他力的顺序）、ext-phy-18c0d3dd54-005（把研究对象所受的全部外力找出来并画受力图，步骤为定对象、按序找力、只画性质力、不重复）覆盖；definition 中目的（为牛顿运动定律解决运动状态问题）属框架性说明，其实质的定义与方法已覆盖,
dir_batch_017.csv#1371,PHYSICS,基本原则：,COVERED,ext-phy-59dd10c06b-009b（受力分析的一般步骤：确定研究对象—先场力后接触力—检查周围物体—画出受力示意图）、ext-phy-c308ac34b5-003（只分析研究对象受力、只分析性质力等四条规则）、ext-phy-7d0bfd3fcc-004（受力分析的一般步骤与整体隔离法的选择）覆盖 definition 的隔离法选取对象、先场力后接触力、只画外力三条原则,
dir_batch_017.csv#1372,PHYSICS,常见力分析：,COVERED,本条为重力、弹力、摩擦力方向与大小的复习性概述，各点均已被正式节点覆盖：重力（phys-hj2-zhongli-dingyi-daxiao-fangxiang、wusan-phy-v-329da00d）、弹力（phys-hj2-tanli-chansheng-tiaojian-fangxiang、ext-phy-03b9349251-009 各类接触方式下弹力的方向）、摩擦力（ext-phy-e621c97f4b-007 摩擦力的定义、ext-phy-1824f038cb-006 判断摩擦力方向的方法）,
dir_batch_017.csv#1373,PHYSICS,分析步骤：,COVERED,ext-phy-18c0d3dd54-005（受力分析的对象与步骤）、ext-phy-206fb04353-007b 与 ext-phy-59dd10c06b-009b（受力分析的一般步骤）、ext-phy-4872940cf0-002（受力分析的注意事项）覆盖 definition 的步骤与检查要求；平衡态 F合=0 与非平衡态 F合=ma 由 phys-gongdianli-pingheng-tiao-jian 与 phys-kb-newton-second-law 覆盖；文末例题题干不影响本条被覆盖,
dir_batch_017.csv#1374,PHYSICS,特点：,COVERED,力的合成的等效性、同体性与矢量性由 ext-phy-445f88143b-004（合力与分力针对同一受力物体、效果相同、等效替代）、ext-phy-f9c8d091e9-001（矢量运算的基本方法：平行四边形定则、三角形定则）、phys-mo-l06-force-composition-b-2（力的合成遵循平行四边形定则）覆盖；瞬时性一条属该栏目的表述性说明，无独立考查内容,
dir_batch_017.csv#1375,PHYSICS,合力范围：,COVERED,命中节点 合力范围 及其材料 phys-hj2-hel-li-fanwei（两力合力范围 |F1-F2|≤F≤F1+F2、三力最小值看一力是否落在另两力合力范围内）、ext-phy-f26b1b9e49-004（合力可以大于、等于或小于分力）、ext-phy-3a8af85e91-003b（共点力合力的大小范围）、ext-phy-f9c8d091e9-003（多个共点力的合力范围）；正交分解作为普适工具由 ext-phy-3a8af85e91-007 等覆盖,
dir_batch_017.csv#1376,PHYSICS,本质： 是力的合成的逆运算。同样遵循矢量运算法则。,COVERED,同名节点 本质-是力的合成的逆运算-同样遵循矢量运算法则 自身材料 phys-hj2-zuotufa-jisuafa-qiuheli 只讲求合力的作图法与计算法，未讲逆运算；实质已由 ext-phy-eaffbd3f7f-003（力的合成与分解互为逆运算、都遵循平行四边形定则、无限制时分解答案不唯一）与 phys-kb-force-decomposition-orthogonal（力的分解与正交分解法）、ext-phy-7c281e2eb1-004（力的分解的本质与法则）覆盖,
dir_batch_017.csv#1377,PHYSICS,特点：,COVERED,命中节点 力的分解 及其材料 ext-phy-f9c8d091e9-003b（力的分解的运算法则与多解性）、phys-kb-force-decomposition-orthogonal（力的分解与正交分解法）、ext-phy-eaffbd3f7f-010（力的分解中的最小值问题，说明无附加条件时解不唯一）、ext-phy-7c281e2eb1-004（力的分解的本质与法则）；等效性、同体性与矢量性同 1374 所述材料,
dir_batch_017.csv#1378,PHYSICS,分解法则：,COVERED,命中节点 合成与分解法则-平行四边形法则 及其材料 phys-hj2-pingxing-sibianxing-sanjiaoxing-dingze（平行四边形定则与三角形定则：邻边作平行四边形取对角线，或首尾相接取起点到终点的有向线段）、phys-fx-force-composition-two-rules（平行四边形定则与三角形定则及推论）、ext-phy-3910ec24ef-003（力的合成法则：平行四边形定则与三角形定则）,
dir_batch_017.csv#1379,PHYSICS,分解方法：,COVERED,按作用效果分解与正交分解法已被 ext-phy-59dd10c06b-006b（力的分解方法：效果分解法与正交分解法）、ext-phy-3910ec24ef-007（力的分解方法：效果分解与正交分解）、phys-kb-force-decomposition-orthogonal（力的分解与正交分解法）覆盖；斜面上重力分解为 mg sinθ 与 mg cosθ 属按效果分解的标准实例，正交分解的建系与列方程步骤由 ext-phy-f9c8d091e9-005（正交分解法的步骤与建系原则）、ext-phy-18c0d3dd54-008b（正交分解法解平衡问题的步骤）覆盖,
dir_batch_017.csv#1380,PHYSICS,平衡条件： (根本条件) 作用在物体上的所有共点力的合力为零。即 F_合 = 0。,COVERED,命中节点 平衡条件-根本条件-作用在物体上的所有共点力的合力为零-即-f_合-0 及其材料 phys-kb-equilibrium-condition（共点力平衡条件是合力为零，分量式为两方向合力分别为零）、phys-gongdianli-pingheng-tiao-jian（共点力平衡条件（合力为零））、ext-phy-18c0d3dd54-007（平衡状态与平衡条件的推论）；definition 关键词：F合=0、ΣFx=0、ΣFy=0,
dir_batch_017.csv#1381,PHYSICS,核心特点：,COVERED,平衡状态的本质是 a=0、表现为静止或匀速直线运动，由 ext-phy-59dd10c06b-010（平衡状态是 a=0（静止或匀速直线运动））、ext-phy-d48c41dd01-007（平衡状态指加速度为零）、ext-phy-7d0bfd3fcc-005、ext-phy-b8a5ff7e81-001b 覆盖；正交分解列平衡方程的分析步骤由 ext-phy-6137d43959-007（正交分解法处理多力平衡的步骤）覆盖,
dir_batch_017.csv#1382,PHYSICS,特殊情形：三力平衡,COVERED,命中节点 特殊情形-三力平衡 及其材料 ext-phy-b8a5ff7e81-003（三力汇交原理与封闭三角形）、三力平衡之辅助圆（正弦定理）法；definition 中任意两力的合力与第三个力等大反向这一推论由 phys-hj3-equilibrium-corollaries（共点力平衡的两个推论）与 ext-phy-6137d43959-003（三力平衡时任意两个力的合力与第三个力等大反向）覆盖,
dir_batch_017.csv#1383,PHYSICS,动态平衡问题：,COVERED,命中节点 共点力的动态平衡 及其材料 ext-phy-59dd10c06b-012（动态平衡的分析方法：图解法与辅助圆法）、ext-phy-6137d43959-014（动态平衡的含义与特征）、ext-phy-1f98dda32f-003（解析法、图解法、相似三角形法、正弦定理法与辅助圆法各有适用情形）；definition 的整体法与隔离法属于连接体处理方法，由 ext-phy-d559834597-003 与 ext-phy-afa44298fc-004c 覆盖,
dir_batch_017.csv#1384,PHYSICS,摩擦力的突变类问题,COVERED,命中节点 摩擦力的突变类问题 及其材料 ext-phy-548b1275c5-007（摩擦力的突变与临界问题）、ext-phy-03b9349251-016（摩擦力突变的成因与分析方法：正压力或动摩擦因数变化、速度相等时突变）、phys-kb-friction-mutation-judge（三类突变：静动转换、正压力突变、相对运动趋势方向突变）；definition 关键词：突变原因、静摩擦与滑动摩擦之间、正压力突变、趋势方向突变,
dir_batch_017.csv#1385,PHYSICS,静摩擦 → 滑动摩擦 (大小突减)：,COVERED,命中节点 静摩擦-滑动摩擦-大小突减 及其材料 ext-phy-934e377dcb-015（静摩擦突变为滑动摩擦力）、ext-phy-f88d1938f5-013（静—动突变：突破最大静摩擦力后大小变为 μFN）,
dir_batch_017.csv#1386,PHYSICS,滑动摩擦 → 静摩擦 (大小可能突增)：,COVERED,命中节点 滑动摩擦-静摩擦-大小可能突增 及其材料 ext-phy-934e377dcb-018（摩擦力突变的通用分析步骤）、ext-phy-f88d1938f5-014（动—静突变：停止滑动瞬间滑动摩擦力突变为静摩擦力或为零，方向需重新判断）,
dir_batch_017.csv#1387,PHYSICS,接触面性质突变：,COVERED,接触面性质（动摩擦因数）变化导致的突变由 ext-phy-03b9349251-016（摩擦力突变的成因与分析方法：正压力或动摩擦因数变化、或物体与传送带速度相等时摩擦力发生突变）覆盖；同类材料 phys-kb-friction-mutation-judge 给出三类突变并含正压力突变与趋势方向突变，可涵盖越过不同材质表面时 μ 改变的情形,
dir_batch_017.csv#1388,PHYSICS,外部作用导致 N 突变：,COVERED,命中节点 外部作用导致-n-突变 及其材料 ext-phy-b60733a89d-021（摩擦力突变的临界分析）；施加或撤除垂直于接触面的力使正压力突变这一情形由 phys-kb-friction-mutation-judge（正压力突变）与 ext-phy-03b9349251-016（正压力变化引起摩擦力突变）覆盖,
dir_batch_017.csv#1389,PHYSICS,斜面倾角突变 (等效于 N 变)：,COVERED,命中节点 斜面倾角突变-等效于-n-变 及其材料 ext-phy-934e377dcb-016（斜面倾角突变引起的摩擦力突变：N=mg cosθ 突变使 fmax 与 f 突变）,
dir_batch_017.csv#1390,PHYSICS,外力方向突变：,COVERED,相对运动趋势方向突变导致的摩擦力方向反转由 ext-phy-f88d1938f5-012（静—静突变：物体仍保持相对静止但相对运动趋势方向改变引起静摩擦力突变）与 phys-kb-friction-mutation-judge（相对运动趋势方向突变，用假设光滑法确定趋势方向）覆盖；本条无同名节点，其归属节点 摩擦力的突变类问题 的现有材料已含该情形,
dir_batch_017.csv#1391,PHYSICS,加速度方向突变：,COVERED,加速度方向突变（汽车转弯、电梯启停）改变相对运动趋势方向而反转静摩擦力，属 摩擦力的突变类问题 节点下的趋势方向突变一类，由 phys-kb-friction-mutation-judge（相对运动趋势方向突变）与 ext-phy-f88d1938f5-012 覆盖；所需静摩擦力由新的 F合=ma 反推的判据由 ext-phy-9142eeb79f-014（所需摩擦力不超过最大静摩擦力则突变为静摩擦力）覆盖,
dir_batch_017.csv#1392,PHYSICS,约束条件改变：,COVERED,约束条件改变（绳断、绳被拉紧或松开）引起的受力与趋势剧变由通用分析步骤覆盖：ext-phy-934e377dcb-018（摩擦力突变的通用分析步骤）、ext-phy-b6f8cbe195-016（分析摩擦力突变问题的三个要点：抓临界关键词与速度相等分界点）、phys-kb-friction-mutation-judge（用假设光滑法判断趋势方向）,
dir_batch_017.csv#1393,PHYSICS,共点力的动态平衡,COVERED,命中节点 共点力的动态平衡 及其材料 ext-phy-6137d43959-014（动态平衡的含义与特征：受力改变但始终处于平衡状态）、ext-phy-59dd10c06b-012（动态平衡的分析方法）、phys-hj2-gongdianli-pingheng-jiie-fangfa（共点力平衡问题的求解方法）；definition 的 F合=0、a=0 表述与该节点边界一致,
dir_batch_017.csv#1394,PHYSICS,特点：,COVERED,动态平衡的三条特点（过程缓慢、合力恒为零、受力连续变化）由动态平衡类材料覆盖：ext-phy-6137d43959-014（动态平衡的含义与特征）、phys-dongtai-pingheng-ding-yi-ti-yan（动态平衡问题的定义与题眼：缓慢、慢慢的字眼，受力虽变但始终处于平衡状态）、ext-phy-59dd10c06b-012,
dir_batch_017.csv#1395,PHYSICS,核心分析方法：,COVERED,图解法（矢量三角形法）、解析法（正交分解）与相似三角形法三种核心方法由 ext-phy-59dd10c06b-012（动态平衡的分析方法：图解法与辅助圆法）、phys-kb-dynamic-equilibrium-methods（动态平衡的图解法与解析法）、ext-phy-1f98dda32f-003（解析法、图解法、相似三角形法、正弦定理法与辅助圆法）覆盖,
dir_batch_017.csv#1396,PHYSICS,受力分析多力漏力——受力分析方法,COVERED,命中节点 受力分析多力漏力-受力分析方法 及其材料 ext-phy-1e6877206e-002（受力分析的四种方法）、ext-phy-18c0d3dd54-006（受力分析的常见错误与纠正：防漏力与添力）、ext-phy-8e423fa2e7-004（受力分析的口诀）、ext-phy-b85d6e94ac-003（受力分析的三个实用技巧）；definition 的易错点与方法口诀与该节点边界一致,
dir_batch_017.csv#1397,PHYSICS,共点力的平衡临界极值问题——临界条件,COVERED,命中节点 共点力的平衡临界极值问题-临界条件 及其材料 phys-hj2-pingheng-linjie-shibie-zhonglei（平衡中临界问题的识别与常见种类）、ext-phy-59dd10c06b-013b（平衡中的临界问题与三种临界条件）、phys-mo-dyn-equilibrium-b-2（平衡中的临界与极值问题）；definition 关键词：恰好滑动、脱离、绳绷直、fmax、FN=0,
dir_batch_017.csv#1398,PHYSICS,整体法与隔离法在受力分析中的应用,COVERED,命中节点 整体法与隔离法在受力分析中的应用 及其材料 ext-phy-d559834597-003（整体法与隔离法分析连接体）、ext-phy-afa44298fc-004c（整体隔离法的选取原则）、ext-phy-b6bd732b19-027（整体法的使用条件：加速度必须相同）；definition 的求外力用整体、求内力用隔离、先整体后隔离三步与该节点材料一致,
dir_batch_017.csv#1399,PHYSICS,相似三角形、动态三角形、拉密定理等方法解决临界极值问题,COVERED,同名节点 相似三角形-动态三角形-拉密定理等方法解决临界极值问题 及其材料 phys-kb-three-force-balance-methods（三力平衡的三角形法与拉密定理）、ext-phy-b6bd732b19-033b（拉密定理的推导与用法）、ext-phy-206fb04353-010b（正弦定理与拉密定理在力学中的应用）、ext-phy-59dd10c06b-011（三力平衡的矢量三角形与最小力）；definition 的相似三角形法、动态三角形法与拉密定理三条均被覆盖,
dir_batch_017.csv#1400,PHYSICS,万有引力与航天的基本定律和概念,COVERED,同名节点 万有引力与航天的基本定律和概念 自身 7 条材料均为重力与万有引力关系（phys-kb-gravity-gravitation-relation、phys-fx-gravity-rotation-relation 等），未含开普勒定律与万有引力定律内容；但该实质已被 开普勒三定律 节点材料 phys-kb-kepler-three-laws、wusan-phy-v-72140e41（近日点速度最大、远日点最小且 v1/v2=r2/r1、a³/T²=k 只与中心天体有关）、ext-phy-206fb04353-023（开普勒定律的理解与表达式）与 万有引力定律 节点材料 ext-phy-479e2cb57f-001b、ext-phy-3a86d307ab-003 覆盖,
dir_batch_017.csv#1401,PHYSICS,表达式：F＝G,COVERED,万有引力定律表达式、引力常量与适用条件由 ext-phy-479e2cb57f-001b（大小 F=Gm1m2/r²、G 由卡文迪什扭秤测出、适用于两质点及质量分布均匀的球体）、wusan-phy-v-bd0cd3a7（F＝Gm₁m₂/r² 与卡文迪什扭秤）、ext-phy-99820bfc30-003（万有引力定律的表达式、特性与适用条件：引力常量的测定与意义）覆盖；definition 的三条适用条件与该实质对应,
dir_batch_017.csv#1402,PHYSICS,宇宙速度,COVERED,命中节点 宇宙速度 及其材料 ext-phy-c117854fa6-003（第一宇宙速度的推导与最短周期，对应 Tmin≈85 min）、phys-tp-first-cosmic-velocity-derivations（第一宇宙速度的两种推导）、phys-hj2-diyi-yuzhou-sudu-tuidao（由 mg=mv²/R 或 GMm/R²=mv²/R 得 v=7.9 km/s）、ext-phy-479e2cb57f-005b（三个宇宙速度与发射速度的关系）,
dir_batch_017.csv#1403,PHYSICS,万有引力与航天的理解应用,COVERED,definition 仅为该节标题一、天上人间——不同高度处的重力加速度；同名节点 万有引力与航天的理解应用 的材料 ext-phy-df69a5f104-007（重力加速度与天体质量的求解：星球上空与内部的重力加速度可由万有引力规律求得）与节点 天上-星球上空距离星体中心r-r-h处的重力加速度为g 的材料 phys-hj2-biaomian-kongzhong-dixia-zhonglijiasudu（表面 g=GM/R²、距地心 r=R+h 处 g′=GM/r²）已覆盖该内容,
dir_batch_017.csv#1404,PHYSICS,天上：星球上空距离星体中心r＝R＋h处的重力加速度为g′。,COVERED,同一知识点的节点 天上-星球上空距离星体中心r-r-h处的重力加速度为g 及其材料 phys-hj2-biaomian-kongzhong-dixia-zhonglijiasudu（距地心 r=R+h 处 g′=GM/r²）、phys-fx-gravity-at-height（距地面高 h 处的重力加速度）、ext-phy-5f75307df4-010（星球上空的重力加速度）、ext-phy-80e89bf7fb-006（星球表面与高处的重力加速度）覆盖本条定义式,
dir_batch_017.csv#1405,PHYSICS,地下：在天体内部距离中心r处（r＜R）加速度为g（r）。,COVERED,天体内部重力加速度由 phys-hj2-biaomian-kongzhong-dixia-zhonglijiasudu（均匀球体内部 g∝r，只由半径 r 以内球体质量提供）与 phys-hj2-wanyouyinli-liangge-tuilun、ext-phy-467c9996db-003（匀质球体内部质点只受半径 r 内球体引力）覆盖；definition 关键词：r<R、仅由半径 r 以内的天体质量 Mr 提供,
dir_batch_017.csv#1406,PHYSICS,自力更生法：求解地球（中心天体）质量,COVERED,命中节点 自力更生法-求解地球-中心天体-质量 及其材料 ext-phy-80e89bf7fb-011（自力更生法求天体质量与密度）、ext-phy-b6bd732b19-075（黄金代换方程 GM=gR²）、ext-phy-688332d4d3-001b（黄金代换式及其使用条件）；definition 的关键词：不考虑自转、mg＝GMm/R²、知道 g、R、G 即可求质量,
dir_batch_017.csv#1407,PHYSICS,环绕天体法：计算天体的质量,COVERED,命中节点 环绕天体法-计算天体的质量 及其材料 ext-phy-479e2cb57f-003（环绕法计算中心天体的质量与密度）、phys-huan-rao-fa-qiu-mi-du（环绕法求天体密度含近地简化式）、ext-phy-3a86d307ab-006（利用环绕天体求中心天体的质量与密度）；definition 关键词：万有引力充当向心力、由 T 与 r 求中心天体质量,
dir_batch_017.csv#1408,PHYSICS,卫星发射速度和宇宙速度与运动轨迹的关系,COVERED,命中节点 卫星发射速度和宇宙速度与运动轨迹的关系 及其材料 phys-hj2-fashe-sudu-guandao-guanxi（发射速度与卫星轨道（轨迹）的关系）、ext-phy-f6276ab428-005（宇宙速度与发射速度对应的运动轨迹）、ext-phy-27d99fc189-003b（发射速度与卫星运动轨迹的关系）、ext-phy-093da86e19-003b（发射速度与卫星轨迹的关系）,
dir_batch_017.csv#1409,PHYSICS,变轨原理,COVERED,命中节点 变轨原理 及其材料 ext-phy-5ea4ba1266-001（卫星变轨的离心与近心原理）、ext-phy-df69a5f104-009（卫星变轨原理）、ext-phy-b6bd732b19-080（卫星变轨的两步加速与减速）、ext-phy-99820bfc30-013（卫星变轨的速度与轨道半径关系）,
dir_batch_017.csv#1410,PHYSICS,变轨过程分析,COVERED,命中节点 变轨过程分析 及其材料 ext-phy-1c267134b6-016（卫星变轨过程与参量变化）、ext-phy-2248b2c9f7-010（变轨前后速度、加速度、周期与机械能的比较）、ext-phy-7a8d42b6f9-008（同步卫星发射的三步变轨）、ext-phy-52f98b6703-023（同步卫星的三段式变轨过程）,
dir_batch_017.csv#1411,PHYSICS,卫星的对接问题,COVERED,命中节点 卫星的对接问题 及其材料 ext-phy-100c90511b-007（卫星对接的两类情形：低轨飞船加速上追与同轨先减速降高再加速）、ext-phy-5ea4ba1266-004（卫星对接时变轨的正确操作）、ext-phy-38cc412248-002b（卫星对接的本质与追赶思路）；definition 的变轨三点注意由 ext-phy-2248b2c9f7-014（分析卫星变轨问题的几点注意）与 ext-phy-2248b2c9f7-010 覆盖,
dir_batch_017.csv#1412,PHYSICS,引力波探测,COVERED,命中节点 引力波探测 及其材料 ext-phy-100c90511b-008（空间引力波探测：LISA 计划 2030 年代发射、边长 250 万公里三角卫星阵、激光精密测量皮米级距离变化捕捉黑洞并合）,
dir_batch_017.csv#1413,PHYSICS,深空引力导航,COVERED,命中节点 深空引力导航 及其材料 ext-phy-df69a5f104-011（深空探测中的引力导航：引力弹弓效应加速与利用轨道偏移反推行星内部结构）,
dir_batch_017.csv#1414,PHYSICS,小行星防御与资源开发,COVERED,命中节点 小行星防御与资源开发 及其材料 ext-phy-df69a5f104-011b（航天科技前沿中的万有引力：贝努小行星采样任务中克服微重力精准着陆、依赖不规则引力场建模，未来采矿同样需要此类模型）,
dir_batch_017.csv#1415,PHYSICS,地球重力场监测,COVERED,命中节点 地球重力场监测 及其材料 ext-phy-df69a5f104-012（卫星重力测量与重力场监测：GRACE-FO 双星微波测距感知亚微米级距离变化、反演水储量迁移，基础是地球非均匀质量分布引起的引力异常）,
dir_batch_017.csv#1416,PHYSICS,万有引力的“两点理解”和“两个推论”,COVERED,命中节点 万有引力的-两点理解-和-两个推论 及其材料 phys-hj2-wanyouyinli-liangge-tuilun（匀质球壳空腔内合力为零、匀质球体内距球心 r 处只受半径 r 内球体引力）、ext-phy-479e2cb57f-002、ext-phy-95778b6681-005；两点理解中的重力是万有引力的一个分力由 ext-phy-10a1e1a723-005b（万有引力是重力与自转向心力的合力）与 ext-phy-e5cb809e21-002b（含引力的作用力性质）覆盖,
dir_batch_017.csv#1417,PHYSICS,万有引力定律的应用,COVERED,基本方法与两条思路由 ext-phy-80e89bf7fb-010（万有引力提供向心力的基本等式）、ext-phy-5f75307df4-016（天体运动的两条基本思路）、ext-phy-2248b2c9f7-020（黄金代换 GM=gR²）覆盖；拓展的星球瓦解与黑洞由节点 星球瓦解与黑洞临界条件 的材料 ext-phy-c117854fa6-006（星球的瓦解与黑洞的临界条件）与 ext-phy-5ea4ba1266-006b（星球瓦解的临界条件与黑洞的判据：逃逸速度达光速）覆盖,
dir_batch_017.csv#1418,PHYSICS,地球同步卫星,COVERED,命中节点 地球同步卫星 及其材料 phys-kb-geostationary-six-constant（周期等于地球自转周期、轨道在赤道平面内且高度一定）、phys-fx-synchronous-satellite-four-fixed（周期 24h、高度约 36000km）、phys-hj2-weixing-guandao-zhonglei（卫星轨道平面必过地心，含倾斜轨道同步卫星等类型，对应 definition 的倾斜轨道同步卫星）,
dir_batch_017.csv#1419,PHYSICS,卫星变轨：1→2→3,COVERED,命中节点 卫星变轨-1-2-3 及其材料 phys-hj2-weixing-biangui-lixin-jinxin（卫星变轨的点火加速与离心、近心运动）、phys-bian-gui-ji-xie-neng（变轨过程机械能关系）、ext-phy-7a8d42b6f9-008（同步卫星发射的三步变轨）、ext-phy-43e951b432-002（卫星变轨与返回的过程分析）,
dir_batch_017.csv#1420,PHYSICS,各点物理量参数的关系,COVERED,definition 的五项均为空标签（线速度、角速度、向心加速度、周期、能量关系）与卫星变轨的实质一句；同名节点的可用材料 ext-phy-b6bd732b19-080b（变轨问题三类比较的方法：两圆轨道比速度用高轨低速、同一点比加速度只看距离、周期用高轨大周期）与节点 变轨过程分析 的材料 ext-phy-c117854fa6-004（卫星变轨中的四类物理量比较）、ext-phy-5ea4ba1266-001b（变轨过程中的周期、机械能与引力势能比较）已覆盖该内容,
dir_batch_017.csv#1421,PHYSICS,不同高度卫星物理量的比较,COVERED,命中节点 不同高度卫星物理量的比较 及其材料 ext-phy-2248b2c9f7-001b（卫星绕中心天体转动时越高越慢）、ext-phy-b6bd732b19-073（口诀法比较不同高度的卫星）、ext-phy-f6276ab428-001（卫星运行参量与越高越慢）、ext-phy-479e2cb57f-004（卫星运行参量随轨道半径的变化规律）,
dir_batch_017.csv#1422,PHYSICS,双星模型,COVERED,命中节点 双星模型 及其材料 ext-phy-99820bfc30-017（双星系统的特点与常用关系式）、ext-phy-b6bd732b19-078（双星模型的物理量关系与口诀）、ext-phy-52f98b6703-029（双星模型的特点与周期质量关系）、phys-kb-binary-star-model（双星系统的规律）,
dir_batch_017.csv#1423,PHYSICS,三星模型,COVERED,命中节点 三星模型 及其材料 ext-phy-7a8d42b6f9-014（三星模型的两种构型：一线三等距与等边三角形）、ext-phy-d59a21ff9d-010（三星模型的两种常见构型）、phys-hj2-duoxing-wenti（多星（三星、四星）系统规律）,
dir_batch_017.csv#1424,PHYSICS,万有引力与航天中的情景创新的问题处理,COVERED,命中节点 万有引力与航天中的情景创新的问题处理 及其材料 ext-phy-df69a5f104-020（情景创新题多结合我国航天成果与前沿科技命题，考查卫星运动参数、变轨与能量变化，先提取轨道半径、周期、质量等关键量再抽象为圆周运动或双星模型）,
dir_batch_017.csv#1425,PHYSICS,模型解读：,COVERED,本条为天体追及相遇的模型解读；命中节点 卫星的追及与相遇问题 及其材料 phys-kb-satellite-chase-encounter（两卫星相距最近需转过的角度差为 2π 的整数倍）、phys-hj2-weixing-zhuiji-xiangyu（同轨道面两卫星相距最近或最远用转角关系 (ωA±ωB)t=2πn）、ext-phy-093da86e19-014（卫星追及与相遇问题的两种解法）覆盖,
dir_batch_017.csv#1426,PHYSICS,模型分类：,COVERED,命中节点 公式法解天体追及相遇问题 及其材料 ext-phy-b6bd732b19-076（相距最近用 (1/T1-1/T2)t=1、最远用 1/2）、ext-phy-8b2e2bec28-004（同向角度差等于 n 个 2π 或 (2n-1) 个 π）、ext-phy-99820bfc30-019（含反向转动与轨道面不重合情形）、phys-tian-ti-gong-xian-zui-jin-zui-yuan（天体共线时相距最近与最远即冲日）、ext-phy-b6bd732b19-076b（行星冲日的时间间隔）,
dir_batch_017.csv#1427,PHYSICS,机械振动,COVERED,definition 仅为该节标题一、简谐运动；同名节点 机械振动 及其材料 phys-hj3-vibration-wave-relation（机械振动与机械波的区别和联系）、phys-mo-l30-shm-e 与 phys-mo-l30-shm-e2（机械振动·易混概念辨析）、phys-mo-l30-shm-n（机械振动·计算注意事项）以及下辖节点 简谐运动（39 条材料）已覆盖该节内容,
dir_batch_017.csv#1428,PHYSICS,定义：,COVERED,简谐运动的运动学定义（位移随时间按正弦规律变化）与动力学定义（回复力与位移成正比且指向平衡位置）由 ext-phy-c721b39e42-002、ext-phy-916af4e9e4-002、phys-kb-simple-harmonic-definition、phys-hj2-jianxie-yundong-dingyi-biaodashi 等节点 简谐运动 的材料覆盖,
dir_batch_017.csv#1429,PHYSICS,表达式：,COVERED,运动学表达式 x=Asin(ωt+φ) 与各量含义由 phys-hj3-shm-expression-phase（ω=2πf、φ 为初相）、ext-phy-aefbfe2040-003（圆频率与周期满足 ω=2π/T）覆盖；动力学表达式 F=-kx 由 ext-phy-4765c198af-003（运动学表达式为 x=Asin(ωt+φ)、动力学表达式为 F=-kx）覆盖；平衡位置为回复力为零、加速度为零而速度最大由 phys-hj2-pingheng-weizhi-tezheng 覆盖,
dir_batch_017.csv#1430,PHYSICS,回复力:,COVERED,命中节点 回复力 及其材料 phys-hj-109-restoring-force-concept（回复力是使物体在平衡位置附近做往复运动的力、方向总指向平衡位置、平衡位置处回复力为零但合力不一定为零、回复力可由某个力或其分力提供）与 ext-phy-09c12a6763-001（F=-kx、负号表示方向与位移相反、由 F=-kx 判定简谐运动）；definition 的效果力性质与回复力不等于合外力两条均在其中,
dir_batch_017.csv#1431,PHYSICS,位移、速度和加速度：,COVERED,位移、速度、加速度的物理意义与变化关系由 ext-phy-09c12a6763-001（远离平衡位置时位移、回复力、加速度增大而速度减小）、ext-phy-09c12a6763-004（以位移为桥梁判断各量变化）覆盖；振幅与位移的区别由 ext-phy-4765c198af-002（振幅是振动物体离开平衡位置的最大距离、是标量、表示振动强弱，位移是由平衡位置指向质点位置的有向线段）覆盖；位移相同处速度方向可相反由 ext-phy-c40a0fc193-001 的边界覆盖,
dir_batch_017.csv#1432,PHYSICS,图象,COVERED,命中节点 图象 及其材料 ext-phy-bf4da8991e-004（从平衡位置计时 x=Asinωt、从正最大位移处计时 x=Acosωt、图象表示位移随时间变化规律且不代表质点轨迹）、ext-phy-09c12a6763-009（简谐运动的位移—时间图像）,
dir_batch_017.csv#1433,PHYSICS,图象信息：,COVERED,命中节点 由简谐运动图像获取信息 及其材料 ext-phy-c721b39e42-007（可直接读出振幅与周期、判断振动方向、判断加速度与回复力方向、比较动能与势能）与 ext-phy-c40a0fc193-005（振动图像的信息提取）；速度的大小与方向由 ext-phy-aefbfe2040-004（用切线斜率判断速度的大小与方向）覆盖；正文六项（振幅周期初相、位移、速度、振动方向、回复力与加速度、势能与动能比较）均在其中,
dir_batch_017.csv#1434,PHYSICS,周期性,COVERED,命中节点 周期性 及其材料 ext-phy-bf4da8991e-006（相隔半个周期位置关于平衡位置对称、位移速度加速度等大反向，相隔一个周期三者都相同）、ext-phy-09c12a6763-003（相隔 nT 状态相同、相隔半周期位置对称）,
dir_batch_017.csv#1435,PHYSICS,对称性,COVERED,命中节点 对称性 及其材料 phys-kb-oscillation-symmetry（时间对称、速度对称与能量对称）与 ext-phy-c40a0fc193-001（关于平衡位置对称的两点回复力、位移、加速度等大反向，速度大小与动能对称，来回通过相同两点时间相等）；definition 的时间、速度、位移与加速度、能量四类对称均被覆盖,
dir_batch_017.csv#1437,PHYSICS,阻尼振动,COVERED,命中节点 阻尼振动 及其材料 ext-phy-bf4da8991e-008（阻尼的含义、阻尼振动是振幅逐渐减小的振动、能量衰减的两种方式为克服摩擦阻力做功与向邻近介质辐射、周期和频率仍由系统本身决定不变）,
dir_batch_017.csv#1438,PHYSICS,受迫振动,COVERED,命中节点 受迫振动 及其材料 ext-phy-c40a0fc193-010（受迫振动是系统在周期性外力作用下的振动、频率等于驱动力频率、与自由振动和阻尼振动的区别）、phys-kb-forced-vibration-resonance、phys-hj3-resonance-energy-conversion（驱动力做功补偿能量损耗、机械能不守恒）、ext-phy-4765c198af-018（受迫振动的概念与特征）,
dir_batch_017.csv#1439,PHYSICS,机械波,COVERED,命中节点 机械波 及其材料 ext-phy-a5990a668a-003（机械波的定义与产生条件）、ext-phy-c40a0fc193-013（机械波的形成条件与传播特点：需要波源与介质）、phys-hj2-jixiebo-tedian（机械波传播的特点）、ext-phy-7105d033a5-001（机械波的形成、传播与分类）,
dir_batch_018.csv#1440,PHYSICS,传播特点：,COVERED,命中节点 传播特点 的 5 条材料：phys-kb-mechanical-wave-condition（机械波传播振动形式和能量、质点不随波迁移）、ext-phy-7105d033a5-003（波在传播过程中的四个特点：一个周期传播一个波长、各质点起振方向相同）、ext-phy-a5990a668a-005（各质点周期频率与波源相同且起振方向一致）、phys-fx-mechanical-wave-formation、phys-hj-114-mechanical-wave-formation；definition 四点（传播形式与能量、起振方向相同、受迫振动频率周期与波源相同、一个周期传播一个波长）均被覆盖。,
dir_batch_018.csv#1441,PHYSICS,机械波的分类：,COVERED,命中节点 机械波的分类 的 7 条材料：phys-hj2-jixiebo-chansheng-tiaojian-fenlei（机械波分横波与纵波两类）、ext-phy-a5990a668a-003b（按质点振动方向与波传播方向垂直还是共线分类）、phys-hj3-mechanical-wave-formation、ext-phy-a6f0685cca-001b；definition 仅为小节标题「二、机械波的描述」，考点名本身已被同名节点覆盖。,
dir_batch_018.csv#1442,PHYSICS,波长λ：在波动中振动相位总是相同的两个相邻质点间的距离。用“λ”表示。,COVERED,命中节点 波速v-波长λ和频率f-周期t的关系-v-λf 的材料：ext-phy-916af4e9e4-019（波长是相位总是相同的两个相邻质点间的距离）、phys-kb-wave-speed-formula（波速由介质决定、频率由波源决定、波长由两者共同决定）、phys-fx-wave-speed-formula-v-lambda-f（波从一种介质进入另一种介质频率不变）、ext-phy-9e9166488b-002b（波形重复对应的空间与时间周期性）；覆盖 definition 的波长定义、波长由介质与波源共同决定、周期由波源决定三条结论。,
dir_batch_018.csv#1443,PHYSICS,波速v、波长λ和频率f、周期T的关系：v＝＝λf。,COVERED,命中节点 波速v-波长λ和频率f-周期t的关系-v-λf 的材料：phys-hj2-bochang-bosu-pinlv-guanxi（一个周期内波传播一个波长、v=λf）、ext-phy-a6f0685cca-001d（波长定义、频率由波源决定、波速由介质决定、三者满足 v=λf）、phys-hj3-wavelength-wave-speed-frequency、ext-phy-a5990a668a-004b（波速与频率的决定因素及三者关系）；definition 的 v=λf、波速由介质决定与波源无关等实质内容均被覆盖。,
dir_batch_018.csv#1445,PHYSICS,波动图象的信息,COVERED,命中节点 波动图象的信息 的材料：phys-hj2-bo-tuxiang-xinxi（波的图像给出某时刻各质点相对平衡位置的位移、可读振幅与波长并判断质点振动方向）、ext-phy-a5990a668a-009（可读出振幅波长位移以及振动和加速度方向）、ext-phy-b6bd732b19-159（波动图象与振动图象的分工）、phys-kb-oscillation-image-information（位移越大势能越大动能越小、回复力与加速度总指向平衡位置）；覆盖 definition 的确定位移、振幅、波长、比较各量大小、判断振动与加速度方向等条目。,
dir_batch_018.csv#1446,PHYSICS,反射：波在传播过程中遇到介质界面会返回来继续传播的现象叫作波的反射。,COVERED,命中节点 反射-波在传播过程中遇到介质界面会返回来继续传播的现象叫作波的反射 的材料：ext-phy-916af4e9e4-025（波的反射与折射的规律：波到达两种介质分界面时一部分返回形成反射波、一部分进入新介质改变传播方向形成折射波、频率都不变）、phys-hj-118-wave-propagation-features；覆盖 definition 的反射与折射定义及跨介质物理量变化。,
dir_batch_018.csv#1447,PHYSICS,衍射：波在传播过程中可以绕过障碍物继续传播的现象叫做波的衍射。,COVERED,命中节点 衍射-波在传播过程中可以绕过障碍物继续传播的现象叫做波的衍射 的材料：phys-kb-wave-diffraction-condition（波绕过障碍物继续传播、障碍物或缝与波长相差不多时衍射明显）、phys-diffraction-wavelength-relation（波长越长衍射越明显、任何情况下都可发生衍射只有明显与不明显之分）、phys-hj3-light-diffraction；覆盖 definition 的衍射定义与发生明显衍射的条件。,
dir_batch_018.csv#1448,PHYSICS,多普勒效应的成因分析,COVERED,命中节点 多普勒效应的成因分析 的材料：ext-phy-a6f0685cca-005c（接收频率等于观察者在单位时间内接收到的完全波的个数）、phys-hj3-doppler-effect-details（波源与观察者相对运动使接收频率改变、靠近变高远离变低）、ext-phy-7105d033a5-009b、ext-phy-09c12a6763-030；覆盖 definition 的两条成因结论。,
dir_batch_018.csv#1449,PHYSICS,多普勒效应在生活中的应用,COVERED,命中节点 多普勒效应在生活中的应用 的材料：ext-phy-8d383de05b-028（相互接近时接收频率增大、可用于测速仪与彩超）；同类应用另有 ext-phy-0d3c7c81f5-013（可用于测速、测距以及判断天体的运动情况）；覆盖 definition 的测车辆速度、测星球速度、测血流速度三类应用。,
dir_batch_018.csv#1450,PHYSICS,弹簧振子模型,COVERED,命中节点 弹簧振子模型 的材料：phys-kb-spring-oscillator-model（理想化条件、平衡位置是回复力为零的位置、竖直弹簧振子平衡位置不在原长处、最大位移处速度为零加速度最大）、ext-phy-ad8be6d3ca-016（弹簧振子理想模型、平衡位置与各物理量的变化规律）、phys-hj3-shm-two-models-compare；覆盖 definition 的理想模型、平衡位置、各物理量变化与对称性等实质内容。,
dir_batch_018.csv#1451,PHYSICS,波的干涉,COVERED,命中节点 波的干涉 的材料：ext-phy-ad8be6d3ca-018（叠加原理、干涉条件与干涉图样特征）、ext-phy-97b16a8a41-015b（频率相同、相位差恒定、振动方向相同形成稳定图样）、phys-mo-l31-mechanical-wave-b-4、ext-phy-916af4e9e4-025c；覆盖 definition 的叠加原理、干涉定义与发生干涉的条件。,
dir_batch_018.csv#1452,PHYSICS,单摆周期：,COVERED,命中节点 单摆周期 的材料：ext-phy-c83bff6d83-001（周期为 T=2π√(l/g)）、ext-phy-206fb04353-075c（周期由摆长与等效重力加速度决定、超重时变短失重时变长）、ext-phy-d485bf76cf-001b（等效重力加速度的四步解题通法）、ext-phy-09c12a6763-014（等效摆长与等效重力加速度）；周期与振幅无关另由 ext-phy-75f319193e-014 覆盖；definition 的公式、决定因素与超失重等效重力加速度均被覆盖。,
dir_batch_018.csv#1454,PHYSICS,单摆的受力特征：,COVERED,命中节点 单摆的受力特征 的材料：ext-phy-7b30b71329-003b（回复力是重力沿切线方向的分力、向心力由摆线拉力与重力沿摆线方向分力的合力提供）、phys-hj3-pendulum-force-features（最高点 F向=0、FT=mgcosθ；最低点 F向最大、FT=mg+mv²/L）、ext-phy-2f20413929-005、ext-phy-eec25a65a0-009；覆盖 definition 的向心力、回复力与两个特殊位置。,
dir_batch_018.csv#1455,PHYSICS,传播方向和振动方向的判断——图像理解,COVERED,命中节点 传播方向和振动方向的判断-图像理解 的材料：phys-same-side-method（同侧法）、phys-up-down-slope-method（上下坡法）、phys-slight-translation-method（微平移法）、phys-driving-method（带动法）、ext-phy-b6bd732b19-159b（三步法判断波的传播方向）；覆盖 definition 的传播方向与振动方向互判方法。,
dir_batch_018.csv#1456,PHYSICS,造成波动问题多解的主要因素有,COVERED,命中节点 造成波动问题多解的主要因素有 的材料：phys-fx-wave-multiple-solutions-causes（时间与空间周期性、双向性与波形隐含性）、ext-phy-c40a0fc193-016（时间周期性、空间周期性、传播方向与振动方向双向性）、phys-wave-multiplicity-bidirection、ext-phy-a5990a668a-016；覆盖 definition 的三类因素。,
dir_batch_018.csv#1457,PHYSICS,解决波的多解问题的思路和步骤,COVERED,命中节点 解决波的多解问题的思路和步骤 的材料：phys-kb-wave-multi-solution（列通式求解）、ext-phy-8b8209c1d4-006b（用 x=nλ+Δx、t=kT+Δt 表示并假设法讨论）、ext-phy-b6bd732b19-162b（基于距离的波的多解问题）、ext-phy-a5990a668a-017；覆盖 definition 的从特殊到一般、通式加 n 与步骤三条。,
dir_batch_018.csv#1458,PHYSICS,波的干涉中振动加强点和减弱点的判断方法：,COVERED,命中节点 波的干涉中振动加强点和减弱点的判断方法 的材料：phys-interference-same-phase-condition（同相波源 Δr=nλ 加强、Δr=(2n+1)λ/2 减弱）、phys-interference-phenomenon-judgment（波峰与波峰相交为加强点、波峰与波谷相交为减弱点）、phys-hj3-interference-strength-judge、ext-phy-a6f0685cca-005（公式法）；覆盖 definition 的公式法与图像法。,
dir_batch_018.csv#1459,PHYSICS,功和能,COVERED,命中节点 功和能 的材料：ext-phy-6f89ebd59e-001（功是过程量、标量且有正负、恒力做功 W=Flcosα、比较功的多少只比较绝对值、合力做功两种算法）、ext-phy-206fb04353-027（恒力与变力做功的计算方法）；覆盖 definition 的功的定义式与功的正负含义。,
dir_batch_018.csv#1460,PHYSICS,对公式W＝Flcosα的理解,COVERED,命中节点 对公式w-flcosα的理解 的材料：phys-hj2-gong-gongshi-shiyong-liijie（只适用于恒力、是过程量、与物体质量与运动状态无关）、ext-phy-21c05deaff-003（α 是力与位移方向的夹角、l 是力的作用点的位移、只适用于恒力）、ext-phy-fbb0189017-002（功是标量但有正负、单位焦耳）；覆盖 definition 的适用条件、两种理解与过程量三条。,
dir_batch_018.csv#1461,PHYSICS,合力做功的计算方法,COVERED,命中节点 合力做功的计算方法 的材料：phys-hj2-heli-zuogong-liangfa（先求合力再用 W=F合lcosα 或先求各力功再代数相加）、phys-hj3-work-net-force、ext-phy-3b5678cdcd-004（求总功的三种方法）、phys-fx-work-features-of-forces（各种力做功的特点）；覆盖 definition 的两种计算方法与各种力做功特点。,
dir_batch_018.csv#1462,PHYSICS,公式P＝ 和P＝Fv的比较,COVERED,命中节点 公式p-和p-fv的比较 的材料：ext-phy-49d332c6c0-011（定义式 P=W/t 适用一切情形、推导式 P=Fvcosα 中 v 取平均值得平均功率取瞬时值得瞬时功率）、ext-phy-a78025070d-011（平均功率与瞬时功率的求法）、ext-phy-b758f2214b-009；覆盖 definition 的两式比较。,
dir_batch_018.csv#1463,PHYSICS,性质,COVERED,命中节点 重力势能 的材料 ext-phy-ba5097a34c-001（重力做正功重力势能减少、做负功增大，重力做的功等于重力势能的减少量 WG=Ep1−Ep2）与 命中节点 弹性势能 的材料 ext-phy-ba44dd7437-004（发生弹性形变的物体因弹力相互作用而具有的势能）、phys-fx-elastic-potential-energy-features、ext-phy-89752a9c75-003（弹性势能由形变量与劲度系数决定）；覆盖 definition 的重力做功与重力势能关系及弹性势能定义。,
dir_batch_018.csv#1464,PHYSICS,弹力做功与弹性势能变化的关系,COVERED,命中节点 弹力做功与弹性势能变化的关系 的材料：phys-kb-elastic-potential-energy（弹力做功等于弹性势能的减少量）、ext-phy-5ba7f10b79-012（弹力做的功等于弹性势能变化量的负值）、phys-hj3-elastic-potential-energy、ext-phy-8145f72563-005；覆盖 definition 的路径无关、变化量与弹力做功的对应三条。,
dir_batch_018.csv#1465,PHYSICS,理解,COVERED,命中节点 动能 的材料：ext-phy-d7bb4e0d7b-005（动能具瞬时性和相对性、是只有正值的标量、动能的变化量则有正有负）、ext-phy-3539b93f15-001（动能是标量且与速度方向无关）、phys-mo-l20-kinetic-theorem-b；机械能定义由 phys-hj3-mechanical-energy-concept（动能与势能统称机械能、势能包括重力势能和弹性势能）覆盖。,
dir_batch_018.csv#1467,PHYSICS,功能关系和能量守恒定律,COVERED,命中节点 功能关系和能量守恒定律 的材料：phys-hj2-gongneng-guanxi-benzhi（做功的过程就是能量转化的过程、功是能量转化的量度）、phys-hj2-neng-de-gainian-gongneng-biaoshu（做了多少功就有多少能量发生转化）、ext-phy-4a4b6fd0cd-005；覆盖 definition 的功是能量转化的量度与做功必然伴随能量转化。,
dir_batch_018.csv#1468,PHYSICS,常见的功能关系,COVERED,命中节点 常见的功能关系 的材料：phys-kb-function-energy-relation-table（合力功对应动能变化、重力功对应重力势能变化、滑动摩擦力与相对位移的乘积等于内能增量）、ext-phy-f87ab34a8e-006（五种常见的功能关系）、ext-phy-4a4b6fd0cd-001；覆盖 definition 的功的正负与能量增减对应关系。,
dir_batch_018.csv#1469,PHYSICS,对能量守恒定律的几点理解,COVERED,命中节点 对能量守恒定律的几点理解 的材料：phys-hj2-nengliang-shouheng-neirong-silu（E初=E末 与 ΔE增=ΔE减 两条列式思路）、phys-hj3-energy-conservation-understanding（某种形式的能量减少必有其它形式的能量等量增加）、ext-phy-095a12feba-007（对能量守恒定律的两点理解）、ext-phy-cc66937bef-011；覆盖 definition 的四条理解。,
dir_batch_018.csv#1470,PHYSICS,运用能量守恒定律解题的基本思路,COVERED,命中节点 运用能量守恒定律解题的基本思路 的材料：phys-fx-energy-transfer-two-thoughts（按能量形式与按物体对象两条思路）、ext-phy-206fb04353-031（应用能量守恒定律解题的两个基本思路）、phys-relative-displacement-energy、ext-phy-206fb04353-032c（应用能量守恒定律解题的一般步骤）；覆盖 definition 的解题思路。,
dir_batch_018.csv#1471,PHYSICS,对机械能守恒条件的理解,COVERED,命中节点 对机械能守恒条件的理解 的材料：phys-hj2-jixieneng-shouheng-tiaojian-panjue（只有重力或系统内弹力做功时机械能守恒、绳突然绷紧等情形必不守恒）、ext-phy-ba5097a34c-005（研究对象是包含地球在内的系统、单个物体看是否只有重力或弹力做功）、ext-phy-a098ebdd60-003（条件与三种判断方法）；覆盖 definition 的三种情形。,
dir_batch_018.csv#1473,PHYSICS,机械能守恒定律的三种表达式,COVERED,命中节点 机械能守恒定律的三种表达式 的材料：ext-phy-5ba7f10b79-024b（守恒观点 E1=E2、转化观点 ΔEk=−ΔEp、转移观点 ΔEA=−ΔEB 及参考平面要求）、ext-phy-206fb04353-030b（守恒观点、转化观点、转移观点）、phys-fx-mechanical-energy-three-expressions；覆盖 definition 的三种表达与多物体系统列式。,
dir_batch_018.csv#1474,PHYSICS,机车启动问题,COVERED,命中节点 机车启动问题 的材料：phys-kb-engine-startup-two-modes（恒功率启动做加速度减小的加速运动、恒加速度启动先匀加速后变加速、最大速度 vm=P额/f）、ext-phy-2efc741f48-007（三个重要关系式）、ext-phy-b6bd732b19-084b（a-1/v 图像判别恒功率启动）、phys-hj3-locomotive-start-two-modes；覆盖 definition 的两类启动与三个关系式。,
dir_batch_018.csv#1475,PHYSICS,动能定理及其应用——功能关系,COVERED,命中节点 动能定理及其应用-功能关系 的材料：phys-fx-kinetic-energy-theorem-basics（合外力对物体做的功等于物体动能的变化、恒力变力均适用）、phys-hj2-dongneng-dingli-liijie-yaodian（合力做功是动能变化的原因、适用于变力与曲线运动）、phys-mo-l20-kinetic-theorem-b-3；覆盖 definition 的内容与适用范围。,
dir_batch_018.csv#1477,PHYSICS,动能定理表达式的推导：,COVERED,命中节点 动能定理表达式的推导 的材料：ext-phy-268894f92c-001（由运动学公式 a=(v₂²−v₁²)/(2Δx) 与牛顿第二定律导出 FΔx=ΔEk，即恒力做功 W=Fl=½mv₂²−½mv₁²）；与 definition 的推导过程一致。,
dir_batch_018.csv#1478,PHYSICS,对动能定理的理解,COVERED,命中节点 对动能定理的理解 的材料：phys-hj3-work-energy-theorem-understanding（合力做功等于动能变化、式中力可以是任意的力）、phys-fx-kinetic-theorem-scope（既适用恒力也适用变力、既适用单个物体也适用系统）、ext-phy-12180f1216-002（位移与速度须取同一参考系、多过程可分段或整体应用）；覆盖 definition 的四点理解。,
dir_batch_018.csv#1479,PHYSICS,应用动能定理求解步骤,COVERED,命中节点 应用动能定理求解步骤 的材料：phys-hj2-dongneng-dingli-jieti-buzhou（选对象与过程、分析状态与各力做功、列方程、先假定正功再检验）、ext-phy-61802db801-006b（选对象析做功定初末动能列方程四步）、ext-phy-4e8129046b-006、ext-phy-34cea065e2-014（多过程分段或全程）；覆盖 definition 的注意事项与解题步骤。,
dir_batch_018.csv#1480,PHYSICS,传送带模型中的功和能量的关系：,COVERED,命中节点 传送带模型中的功和能量的关系 的材料：phys-hj2-chuansongdai-gongneng-guanxi（传送带克服摩擦力做功 W=f·x传 即电机多做的功、系统生热 Q=f·x相对、W=ΔEk+ΔEp+Q）、ext-phy-3612e63f5b-013（总关系 W=ΔEk+ΔEp+Q）、ext-phy-93405dd8c0-004（电机多消耗电能）、phys-kb-belt-plank-energy-relation；覆盖 definition 的 WF=Fx传、Q=Ff x相对 与核心功能关系。,
dir_batch_018.csv#1481,PHYSICS,板块模型中的功和能量的关系,COVERED,命中节点 板块模型中的功和能量的关系 的材料：phys-bankuai-wei-yi-tong-xiang-fan-xiang（同向位移差等于板长、反向位移和等于板长）、phys-fx-block-belt-three-displacements（求摩擦力做功用各自对地位移、求摩擦生热用相对位移）、ext-phy-78dde38c4b-008（三个位移的区分）；覆盖 definition 的位移关系与三条功能关系。,
dir_batch_018.csv#1482,PHYSICS,机械能守恒定律的应用技巧,COVERED,命中节点 机械能守恒定律的应用技巧 的材料：ext-phy-7e30c41a1c-010（应用步骤与先判断守恒）、ext-phy-5ba7f10b79-026（含连接体的机械能守恒问题解题策略）、ext-phy-3bf4579329-003（多物体系统先判断守恒再找速度位移关系）；覆盖 definition 的先判断机械能是否守恒这一前提。,
dir_batch_018.csv#1483,PHYSICS,摩擦力做功与能量关系分析技巧,COVERED,命中节点 摩擦力做功与能量关系分析技巧 的材料：ext-phy-afa44298fc-002（摩擦力做的功等于摩擦力乘物体对地位移、因摩擦产生的热量等于摩擦力乘相对滑动路程）、ext-phy-4a4b6fd0cd-003（Q=Ff·x相对 等于系统内能增加量）、phys-static-friction-pair-transfer；覆盖 definition 的摩擦生热计算式。,
dir_batch_018.csv#1484,PHYSICS,磁场的基本概念和性质,COVERED,命中节点 磁场的基本概念和性质 的材料：ext-phy-19ab5c2623-002（磁场是磁体电流和运动电荷周围的特殊物质、对磁体电流和运动电荷有力的作用）、phys-hj2-cichang-ciganxian-jiben（磁场的基本性质与方向规定：小磁针 N 极受力方向为该点磁场方向）、ext-phy-9d4e47b803-001；覆盖 definition 的定义、客观存在性与三条性质。,
dir_batch_018.csv#1486,PHYSICS,特点,COVERED,命中节点 磁感线的特点 的材料：ext-phy-19563ef602-002b（给出磁感线的六条基本特点以及条形与蹄形磁体磁场的分布特征）、phys-hj-191-magnetic-field-line-features；磁感应强度的定义由 phys-kb-magnetic-induction-b（B=F/IL、通电导线须垂直于磁场放置、单位特斯拉、方向为小磁针 N 极受力方向）与 ext-phy-df69780a4e-001 覆盖；definition 的两部分均被覆盖。,
dir_batch_018.csv#1487,PHYSICS,对磁感应强度定义式：B＝的理解,COVERED,命中节点 对磁感应强度定义式-b-的理解 的材料：phys-kb-magnetic-induction-b（定义式与成立条件、单位、方向为小磁针 N 极受力方向、是矢量）、ext-phy-df69780a4e-001（矢量性、电流元必须垂直于磁场放置、磁感应强度由磁场本身决定与受力无关）；覆盖 definition 的成立条件与决定因素两条。,
dir_batch_018.csv#1488,PHYSICS,匀强磁场中磁通量的计算：,COVERED,命中节点 匀强磁场中磁通量的计算 的材料：phys-hj2-citongliang-zhengfu-jingchuan（Φ=BS、B 与 S 不垂直时取投影面积、磁通量是标量但有正负且总磁通为代数和）、phys-hj2-citongliang-jisuan-panfang-yaodian（S 为有效面积、净条数取代数和、与线圈匝数无关）；覆盖 definition 的四条。,
dir_batch_018.csv#1489,PHYSICS,磁通量Φ、磁通量的变化量ΔΦ及磁通量的变化率的比较,COVERED,命中节点 磁通量φ-磁通量的变化量δφ及磁通量的变化率的比较 的材料：phys-hj2-citongliang-bianhualiang-bianhualv-bijiao（Φ 是磁感线条数、ΔΦ 是其变化、ΔΦ/Δt 是变化快慢即 Φ-t 图线斜率、线圈翻转 180° 时 ΔΦ=2BS）、ext-phy-7b8a5ea480-005b（三者的比较与不同情形下电动势的求法）、ext-phy-eb5fce3ada-003；definition 虽为转动过程的设问残片，但考点名本身已被同名节点材料完整覆盖。,
dir_batch_018.csv#1490,PHYSICS,定义：通电导线在磁场中受到的力叫安培力。,COVERED,命中节点 安培力 的材料：phys-mo-l46-magnetic-field-b-2（安培力大小 F=BILsinθ、方向由左手定则判断且垂直于 B 与 I 所在平面）、ext-phy-df69780a4e-002（方向由左手定则判定、大小由 F=BILsinθ 计算、L 是有效长度）、ext-phy-9d4e47b803-005；覆盖 definition 的定义、方向判断与大小计算。,
dir_batch_018.csv#1491,PHYSICS,大小：,COVERED,命中节点 洛伦兹力 的材料：ext-phy-0fa89d2980-001（洛伦兹力大小由 F=qvBsinθ 决定、速度与磁场平行时为零垂直时最大）、ext-phy-1ae40def5d-002（大小由电荷量速率磁感应强度及夹角共同决定、方向用左手定则判定）、phys-mo-l47-particle-magnetic-field-b；覆盖 definition 的大小与方向判断。,
dir_batch_018.csv#1492,PHYSICS,特点：F⊥B，F⊥v，即F垂直于B与v决定的平面，F与v始终垂直，洛伦兹力不做功。,COVERED,命中节点 特点-f-b-f-v-即f垂直于b与v决定的平面-f与v始终垂直-洛伦兹力不做功 的材料：phys-kb-lorentz-force-feature（洛伦兹力对运动电荷不做功、只改变速度方向）、ext-phy-0763583702-001（始终垂直于速度与磁场共同决定的平面、只改变速度方向不改变速度大小）、ext-phy-1ae40def5d-002b、ext-phy-0fa89d2980-001b；覆盖 definition 的三条特点。,
dir_batch_018.csv#1493,PHYSICS,磁场中的仪器,COVERED,命中节点 磁场中的仪器 的材料：phys-kb-velocity-selector（速度选择器）、ext-phy-df69780a4e-015（速度选择器磁流体发电机电磁流量计与霍尔元件的共同原理）、ext-phy-0075ca8ac0-006（质谱仪的构造与原理）、ext-phy-0075ca8ac0-020（磁流体发电机）、ext-phy-0075ca8ac0-022（霍尔效应与霍尔电压）；覆盖 definition 的仪器主题。,
dir_batch_018.csv#1494,PHYSICS,仪器构造：,COVERED,命中节点 磁场中的仪器 的材料：ext-phy-e219890fe7-009（速度选择器的构造、工作原理与选择特性）、phys-kb-velocity-selector（平衡条件 qvB=qE 即 v=E/B、偏大偏小的偏转与动能变化）、phys-velocity-selector-speed-only（只能选择粒子的速度、不能选择电性电荷量质量）；覆盖 definition 的构造、工作原理与注意。,
dir_batch_018.csv#1495,PHYSICS,仪器构造：质谱仪由粒子源、加速电场、偏转磁场和照相底片构成.,COVERED,命中节点 仪器构造-质谱仪由粒子源-加速电场-偏转磁场和照相底片构成 的材料：phys-mass-spectrometer-principle（质谱仪由粒子源、加速电场、偏转磁场、照相底片组成并测质量或比荷）、phys-mass-spectrometer-radius-formula（半径与质量比荷的公式）、ext-phy-82c4850dd2-011b（回旋加速器中加速次数与时间的计算）、ext-phy-df69780a4e-016（回旋加速器）、phys-mhd-generator-emf（磁流体发电机）；覆盖 definition 中的质谱仪、回旋加速器与磁流体发电机。,
dir_batch_018.csv#1496,PHYSICS,仪器介绍：磁流体发电是一项新兴技术，它可以把内能直接转化为电能,COVERED,命中节点 仪器介绍-磁流体发电是一项新兴技术-它可以把内能直接转化为电能 的材料：phys-mhd-generator-emf（等离子体射入磁场偏转使两极板带电、稳定时 qU/d=qv₀B、电动势 U=v₀Bd）、ext-phy-9d4e47b803-010（稳定时两板间电压等于 Bdv、构成一个内阻不可忽略的电源）、ext-phy-adb97b2219-011（电动势与内阻）；覆盖 definition 的工作原理与内阻。,
dir_batch_018.csv#1497,PHYSICS,工作原理：,COVERED,命中节点 电磁流量计 的材料：phys-electromagnetic-flowmeter（稳定时电场力与洛伦兹力平衡得 v=U/DB、流量 Q=πUD/4B）、ext-phy-9d4e47b803-011（由电场力与洛伦兹力的平衡条件求出流速进而得到流量）、ext-phy-bf19e23893-025；覆盖 definition 的流速计算与流量表达式。,
dir_batch_018.csv#1498,PHYSICS,工作原理：,COVERED,命中节点 霍尔元件 的材料：phys-hall-voltage-formula（稳定时电场力与洛伦兹力平衡、U=BI/(nqd)=kBI/d、k=1/(nq) 为霍尔系数）、ext-phy-9d4e47b803-012、ext-phy-463833891b-011；电势高低判断由 ext-phy-adb97b2219-013（霍尔效应与电势高低判断：电势高低由载流子电性决定）与 phys-hall-potential-judgment 覆盖；definition 末段的边界模型由 带电粒子在有界匀强磁场中的运动-临界条件 与 带电粒子在叠加场中的运动 的材料覆盖。,
dir_batch_018.csv#1499,PHYSICS,环形磁场,COVERED,命中节点 环形磁场 的材料：ext-phy-e219890fe7-018（环形磁场中的临界圆几何关系 (R2−R1)²=R1²+r²）、ext-phy-21d4982874-009b（环形区域磁场中的轨迹与几何关系）、ext-phy-9d4e47b803-014b（临界位置是轨迹与内外圆相切）；覆盖 definition 的临界圆与勾股关系。,
dir_batch_018.csv#1500,PHYSICS,安培力作用下导体的平衡与加速问题,COVERED,命中节点 安培力作用下导体的平衡与加速问题 的材料：phys-hj2-anpeili-pingheng-jiasu（按平衡条件或牛顿第二定律列式）、ext-phy-df69780a4e-003（按固定顺序受力分析并把立体图转换为平面图）、ext-phy-a181a3ec86-010（立体图转化为平面图）、ext-phy-21d4982874-023（六步处理导体棒平衡与加速问题）；覆盖 definition 的平衡问题分析与求解步骤。,
dir_batch_018.csv#1501,PHYSICS,带电粒子在有界匀强磁场中的运动——临界条件,COVERED,命中节点 带电粒子在有界匀强磁场中的运动-临界条件 的材料：ext-phy-df69780a4e-009（直线边界对称、平行边界存在临界条件、圆形边界径向射入径向射出）、ext-phy-cafc5f7579-017（以恰好最大至少为突破口、相切是穿出边界的临界条件）、phys-kb-bounded-magnetic-field-critical（放缩圆旋转圆平移圆）、ext-phy-df69780a4e-013；覆盖 definition 的临界条件与临界情况。,
dir_batch_018.csv#1502,PHYSICS,解题方法,COVERED,命中节点 带电粒子在有界匀强磁场中的运动-临界条件 的材料：ext-phy-df69780a4e-013（临界与极值问题的四个结论）、ext-phy-a3a3cc66f1-005（动态圆问题的临界条件与解题步骤：轨迹与边界相切）、ext-phy-21d4982874-028（有界磁场问题的四步解题策略）；覆盖 definition 的动态思维与相切临界。,
dir_batch_018.csv#1503,PHYSICS,磁聚焦模型和磁发散模型,COVERED,命中节点 磁聚焦模型和磁发散模型 的材料：phys-magnetic-focusing-divergence（轨迹圆半径等于磁场圆半径时平行入射会聚于一点、同点发散平行射出）、phys-kb-magnetic-focus-defocus、ext-phy-21d4982874-031b（条件与结论）、ext-phy-a3a3cc66f1-010（磁聚焦模型的规律与证明）；覆盖 definition 的两条结论。,
dir_batch_018.csv#1504,PHYSICS,带电粒子在匀强磁场中运动的动态圆模型,COVERED,命中节点 带电粒子在匀强磁场中运动的动态圆模型 的材料：phys-hj2-pingyi-yuan-moxing（平移圆）、phys-hj2-xuanzhuan-yuan-moxing（旋转圆）、phys-hj2-fangsuo-yuan-moxing（放缩圆）、ext-phy-df69780a4e-012（三类动态圆模型）、ext-phy-0763583702-019；覆盖 definition 的三类模型处理方法。,
dir_batch_018.csv#1505,PHYSICS,带电粒子在磁场中运动的多解问题,COVERED,命中节点 带电粒子在磁场中运动的多解问题 的材料：phys-hj2-cichang-yundong-duojie-yuanyin（电性不确定、磁场方向不确定、临界状态不唯一或速度大小不确定、运动的往复性）、ext-phy-df69780a4e-010（四种成因）、phys-multi-solution-charge-uncertain、phys-multi-solution-periodic-motion、ext-phy-937d77d1b3-027（多解问题的解题三步法）；覆盖 definition 的四种多解问题。,
dir_batch_018.csv#1506,PHYSICS,带电粒子在叠加场（复合场）（电场与磁场重叠）中的运动：,COVERED,命中节点 带电粒子在叠加场-复合场-电场与磁场重叠-中的运动 的材料：phys-hj2-diejiachang-san-zhong-bingcun（按并存力的组合分三类并按平衡与否判运动）、ext-phy-0028d65eea-007（按重力电场力洛伦兹力的组合分类讨论运动形式与所用规律）、ext-phy-66409f97d7-002（叠加场的四种组合与重力是否考虑的判据）、phys-fx-superposed-field-motion-classification；覆盖 definition 的四类情形分析。,
dir_batch_018.csv#1507,PHYSICS,带电粒子在组合场（电场与磁场各位于一定的区域内，并不重叠）中的运动：,COVERED,命中节点 带电粒子在组合场-电场与磁场各位于一定的区域内-并不重叠-中的运动 的材料：phys-field-field-combination（磁场与磁场组合、两轨迹圆圆心与交点共线）、phys-efield-bfield-combination（电场中匀变速或类抛体后进入磁场做匀速圆周运动）、phys-hj2-dianchang-cichang-zuhe-xianjie（电场与磁场组合的典型衔接形式）、phys-hj2-cichang-cichang-zuhe-chuli；覆盖 definition 的四类组合。,
dir_batch_018.csv#1508,PHYSICS,带电粒子在交变电磁场中的运动：,COVERED,命中节点 带电粒子在交变电磁场中的运动 的材料：ext-phy-e4bf505257-007（交变场按电场变、磁场变、两者都变分三类）、ext-phy-e4bf505257-008（六步分析流程）、phys-hj2-jiaobianchang-fenxi-silu（六步分析思路）、ext-phy-21d4982874-051（四步处理流程）、ext-phy-0028d65eea-010（按时间分段处理）；覆盖 definition 的三种类型、分析思路与分析方法。,
dir_batch_018.csv#1509,PHYSICS,带电粒子在立体空间中的运动,COVERED,命中节点 带电粒子在立体空间中的运动 的材料：ext-phy-df69780a4e-027（速度分解为平行与垂直磁场的分量、合运动为等距螺旋线）、ext-phy-acedf300e9-004（螺旋线与旋进运动均可分解为一个直线运动与一个圆周运动）、ext-phy-9d4e47b803-023（旋进运动分解为沿磁场方向的匀变速直线运动与垂直方向的匀速圆周运动）、phys-hj2-liti-kongjian-pianzhuan-fenxi；覆盖 definition 的螺旋线与旋进运动。,
dir_batch_018.csv#1510,PHYSICS,交变电流,COVERED,交变电流的定义由 phys-hj2-jiaobian-dianliu-dingyi-chansheng（大小和方向随时间周期性变化的电流是交变电流、线圈在匀强磁场中绕垂直于磁场的轴匀速转动产生正弦式交流）连同其所属节点 正弦式交变电流 覆盖；命中节点 交变电流 的材料 ext-phy-392e36484a-003 覆盖交变电流的四值；definition 的图像部分由 ext-phy-6f964ce1b3-001（交变电流的产生与两个特殊位置）与 ext-phy-b836558a3a-001（交变电流的产生与最大值）覆盖。,
dir_batch_018.csv#1511,PHYSICS,正弦式交变电流的产生和变化规律,COVERED,命中节点 正弦式交变电流的产生和变化规律 的材料：ext-phy-2686f64c9b-001（线圈绕垂直于磁感线的轴匀速转动即产生正弦式交变电流、中性面处磁通量最大而电动势为零）、ext-phy-94ac3439d9-001b（中性面位置的磁通与电动势辨析）、phys-hj2-zhengxianjiaoliu-hanshu-biaodashi（从中性面计时、磁通量与电动势互余、峰值与转轴位置和线圈形状无关）、phys-hj2-jiaoliu-zhouqi-pinlv-zhuansu；覆盖 definition 的产生、两个特殊位置与函数表达式。,
dir_batch_018.csv#1512,PHYSICS,周期和频率,COVERED,命中节点 周期和频率 的材料：ext-phy-e0dafc554c-002（周期 T 定义与 T=2π/ω、频率 f 定义、T=1/f、周期和频率由发电机转动的角速度决定）、ext-phy-b836558a3a-001b（周期与频率互为倒数）；覆盖 definition 的三条。,
dir_batch_018.csv#1513,PHYSICS,交变电流的瞬时值、峰值、有效值和平均值,COVERED,命中节点 交变电流的瞬时值-峰值-有效值和平均值 的材料：phys-kb-ac-four-values（四值及其适用：热效应用有效值、求电荷量用平均值、判断耐压用峰值）、phys-hj2-jiaoliu-sizhi-dingyi（四值定义与正弦式 E=Em/√2）、phys-hj3-ac-four-values、wusan-phy-v-a891f669（四值含义与选用含平均值 Ē=nΔΦ/Δt）；覆盖 definition 的四值定义与正弦式关系。,
dir_batch_018.csv#1514,PHYSICS,电容：通交流、隔直流；通高频、阻低频。,COVERED,命中节点 电容-通交流-隔直流-通高频-阻低频 的材料：phys-hj2-diangan-dianrong-dui-jiaoliu（电容通交流隔直流、通高频阻低频，容抗与频率和电容有关）、ext-phy-94ac3439d9-005（电容越大、频率越高，容抗越小）；覆盖 definition 的影响因素与作用。,
dir_batch_018.csv#1515,PHYSICS,电磁振动、电磁波和传感器,COVERED,命中节点 电磁振动-电磁波和传感器 的材料：ext-phy-e0dafc554c-005（振荡电流与振荡电路、放电过程电场能全部转化为磁场能、充电过程磁场能全部转化为电场能、固有周期由自感系数与电容决定、电磁波是横波）、ext-phy-206fb04353-081b（麦克斯韦电磁场理论与电磁波传播不需要介质）、ext-phy-206fb04353-119c（电磁振荡与电磁波公式汇编）；覆盖 definition 的电磁振荡过程。,
dir_batch_018.csv#1516,PHYSICS,周期与频率：,COVERED,命中节点 电磁振动-电磁波和传感器 的材料：ext-phy-e0dafc554c-005（无能量损失时的周期和频率叫固有周期和固有频率、由自感系数 L 和电容 C 决定）、ext-phy-206fb04353-119c（LC 振荡电路的周期 T=2π√(LC)、频率 f=1/(2π√(LC))）、ext-phy-206fb04353-081b（变化的磁场在周围空间产生电场、变化的电场产生磁场）；覆盖 definition 的周期频率公式与麦克斯韦电磁场理论。,
dir_batch_018.csv#1517,PHYSICS,电磁波：,COVERED,命中节点 电磁波 的材料：ext-phy-2686f64c9b-009b（变化的电场和磁场由近及远传播形成电磁波、电磁波是横波且传播不需要介质）、ext-phy-463833891b-009（电磁波不需要介质且满足 v=λf）、ext-phy-1e9381a0e1-022（同频率电磁波在不同介质中速度不同）、ext-phy-4f4f18d126-009（真空中速率为光速且 v=λf）；覆盖 definition 的三条。,
dir_batch_018.csv#1518,PHYSICS,无线电波的发射,COVERED,命中节点 无线电波的发射 的材料：ext-phy-392e36484a-008（发射条件：开放电路与足够高的振荡频率、调制与调幅调频、接收原理、电谐振与调谐）、ext-phy-fffc8cde9c-003b（开放电路与高频振荡信号、调幅调频、电谐振与调谐与检波）、ext-phy-91ff66998d-005b；覆盖 definition 的发射条件、调制、电谐振与调谐。,
dir_batch_019.csv#1521,PHYSICS,理想变压器的关系式:,COVERED,条目未命中节点；definition 仅【注意】“变压器只能改变交变电流的电压和电流，不改变频率；原、副线圈中交流电的频率一样”，该结论已由 phys-kb-ideal-transformer-relations（不改变频率）、phys-hj2-bianyaqi-jiben-guanxi（频率不变）、ext-phy-94ac3439d9-010（功率、电压、电流、频率四类关系）、ext-phy-2686f64c9b-004（不改变频率）、phys-transformer-power-relation 等节点 理想变压器的关系式 的材料覆盖。,
dir_batch_019.csv#1522,PHYSICS,理想变压器的制约关系,COVERED,命中节点 理想变压器的制约关系；definition 的三条制约（电压制约“原制约副”、电流制约“副制约原”、功率制约由输出决定）由 ext-phy-0f172913a9-001b（理想变压器的三个制约关系：副线圈电压由原线圈电压与匝数比决定、输入功率由输出功率决定、原线圈电流由副线圈电流决定）、phys-fx-ideal-transformer-relations、ext-phy-206fb04353-062（三个不变与三个决定关系）、phys-transformer-voltage-relation、phys-transformer-current-single-secondary 覆盖；末尾关于高压线圈用细导线的说明属绕制工艺性提示，不含新的考点结论。,
dir_batch_019.csv#1523,PHYSICS,交变电流的瞬时值、峰值、有效值和平均值,COVERED,命中节点 交变电流的瞬时值-峰值-有效值和平均值；definition 的瞬时值、峰值、有效值（热效应等效定义）、平均值四项定义与补充的四值问题由 phys-hj2-jiaoliu-sizhi-dingyi（瞬时值、峰值、有效值和平均值）、phys-kb-ac-four-values、wusan-phy-v-a891f669（四值含义与选用）、ext-phy-2686f64c9b-001b、phys-hj3-ac-four-values、phys-hj3-ac-effective-value（有效值按三同定义）覆盖。,
dir_batch_019.csv#1524,PHYSICS,理想变压器的两类动态分析,COVERED,命中节点 理想变压器的两类动态分析；definition 的“动态分析分匝数比不变与负载电阻不变两种情况”由 phys-fx-transformer-dynamic-two-cases、ext-phy-4d30c0b091-003b、ext-phy-eceef824ba-016、ext-phy-310d65d637-010、phys-hj2-bianyaqi-dongtai-fenxi 覆盖。,
dir_batch_019.csv#1525,PHYSICS,匝数比不变的分析思路：,COVERED,条目未命中节点；definition 的匝数比不变情形推理链（U1 不变则 U2 不变；负载变化使 I2 变化，I2 决定 I1；I2 变化引起 P2 变化而 P1 等于 P2）已由节点 理想变压器的两类动态分析 的材料 phys-hj2-bianyaqi-dongtai-fenxi（匝数比不变时 U2 由 U1 决定、I1 随 I2 变）、ext-phy-463833891b-006（按匝数比不变与负载电阻不变两种情形沿电压、电流、功率因果链分析）、phys-hj3-transformer-dynamic-analysis（负载变化决定 I2、P出，进而决定 I1、P入）、ext-phy-310d65d637-010 覆盖。,
dir_batch_019.csv#1526,PHYSICS,负载电阻不变的分析思路：,COVERED,命中节点 负载电阻不变的分析思路；该节点唯一材料 ext-phy-392e36484a-015（负载电阻不变而匝数比变化时，输入电压决定输出电压，电压变化引起电流和功率变化，输出功率决定输入功率）覆盖 definition 的 (1)(2)(3) 三步推理；definition 尾部的“03交变电流有效值的应用”为下一节标题残留。,
dir_batch_019.csv#1527,PHYSICS,有效值的理解,COVERED,命中节点 有效值的理解；definition 的 (1)(2)(3)(4)（交流电表读数、用电器铭牌值、热量与电功率及保险丝熔断电流、未特别说明时均指有效值）由 ext-phy-8f94226e2d-007、ext-phy-e5f47983c2-005、phys-hj2-youxiaozhi-shiyong-gehe 覆盖；(5) 最大值是有效值的根号 2 倍仅适用于正（余）弦式由 phys-hj3-ac-effective-value（正弦式 E=Em/√2）与 ext-phy-eceef824ba-005（哪些交变电流可以定量求有效值）覆盖。,
dir_batch_019.csv#1528,PHYSICS,交变电流有效值的计算,COVERED,命中节点 交变电流有效值的计算；definition 的三同定义法、分段求总热量、Q=I²Rt 与 Q=U²t/R 两式、部分正弦波形用峰值除根号 2 的结论由 phys-hj2-youxiaozhi-jisuan-fangfa、phys-hj2-feizhengxian-youxiaozhi-qiufa、phys-hj3-ac-effective-two-methods、ext-phy-b6bd732b19-157、ext-phy-b6bd732b19-158、ext-phy-97da9de797-007、phys-hj3-ac-effective-value 等该节点 20 条材料覆盖。,
dir_batch_019.csv#1529,PHYSICS,正弦式交变电流的变化规律(线圈在中性面位置时开始计时),COVERED,命中节点 正弦式交变电流的变化规律-线圈在中性面位置时开始计时；definition 的中性面开始计时才是正弦函数形式、峰值公式 Em=NBSω 中 S 为有效面积由 phys-hj3-sinusoidal-ac-expression（中性面起始 e=Em sinωt、Em=NBSω）、ext-phy-463833891b-002b（从中性面开始计时按正弦规律变化，峰值由匝数、面积与角速度共同决定）、phys-kb-ac-generation-neutral-plane、phys-hj3-neutral-plane-features、ext-phy-5b1cfb6417-002 覆盖；补充的图像与转动位置对应、Φ 与 e 的导数对应关系由 phys-bt-graph-slope-emf（磁通量最大处 E 可以为零、斜率为零处 E 为零）覆盖。,
dir_batch_019.csv#1531,PHYSICS,电能的远距离输送电路图：,COVERED,命中节点 电能的远距离输送电路图；definition 的输电电路三个回路的理解由 ext-phy-392e36484a-019（远距离输电分为电源回路、输送回路和用户回路，由升压变压器、降压变压器联系）、phys-transmission-three-circuits、ext-phy-94ac3439d9-004（把全过程拆成电源回路、输送回路、用户回路）、ext-phy-f6fe343245-013 覆盖。,
dir_batch_019.csv#1532,PHYSICS,核心规律：,COVERED,条目未命中节点；definition 的升压与降压变压器联系两个回路、输电电流、输电线损耗功率、功率守恒、减小损耗途径（减小输电线电阻、升高输电电压）以及三个易错点由 phys-hj3-long-distance-power-transmission（线损 P损=I线²R线=I线ΔU=ΔU²/R线，输送电压提高 n 倍损耗降为 1/n²）、phys-transmission-three-circuits（U2=ΔU+U3、P1=P损+P4）、phys-kb-long-distance-power-transmission（提高输电电压以减小线路电流从而减少损耗）、phys-fx-long-distance-transmission、ext-phy-206fb04353-062b（抓住两个联系、掌握一个守恒、损失功率有四种算法）覆盖。,
dir_batch_019.csv#1533,PHYSICS,等效法在变压器和远距离输电中的应用,COVERED,命中节点 等效法在变压器和远距离输电中的应用；definition 的等效电阻法（原线圈上有电阻时把变压器与副线圈元件整体等效为一个电阻 R′=(n1/n2)²R）由 phys-transformer-equivalent-resistance、ext-phy-206fb04353-063、ext-phy-4d30c0b091-002、ext-phy-310d65d637-017、phys-fx-transformer-equivalent-resistance 覆盖；远距离输电中的等效处理由 ext-phy-94ac3439d9-006、ext-phy-94ac3439d9-011、ext-phy-eceef824ba-017 覆盖。,
dir_batch_019.csv#1534,PHYSICS,电磁感应,COVERED,命中节点 电磁感应；definition 的电磁感应定义（穿过闭合导体回路的磁通量发生变化时回路中有感应电流产生的现象）由 ext-phy-d4d535dfea-001（电磁感应现象的定义、产生感应电流的条件与磁通量变化情形）覆盖，并与节点 电磁感应现象 的材料 ext-phy-cd27e7a2c5-007 一致。,
dir_batch_019.csv#1535,PHYSICS,产生感应电流的条件：,COVERED,条目未命中节点；definition 的产生感应电流两个条件（闭合导体回路、磁通量发生变化）由 phys-hj2-panduan-ganyingdianliu-wuyou（先定回路，再看磁通量是否变化、回路是否闭合）、ext-phy-5bd33e706b-006、phys-kb-induced-current-condition（闭合回路磁通量变化时产生感应电流）、ext-phy-cd27e7a2c5-007（感应电流产生的条件）、ext-phy-f75427cb07-001b 覆盖。,
dir_batch_019.csv#1536,PHYSICS,判断电磁感应现象能否产生的方法：,COVERED,命中节点 判断电磁感应现象能否产生的方法；definition 的补充“磁通量发生变化的四种情况”（B 不变 S 变、S 不变 B 变、两者都变、夹角变）由 phys-hj2-panduan-ganyingdianliu-wuyou、ext-phy-5bd33e706b-006 与 phys-hj2-citongliang-bianhua-sanqiufa（E=nB·ΔS/Δt、E=nS·ΔB/Δt、都变时用末初磁通量之差）覆盖，夹角变化的情形由 phys-fx-magnetic-flux-and-induction-condition（Φ=BS 中 S 为垂直磁场的有效面积）覆盖；常见三种产生感应电流的情况由 ext-phy-8faf3b7059-003b（切割磁感线或磁通量变化两种表述）覆盖；尾部的楞次定律内容由 phys-hj2-lengci-dinglv-aijie-liijie 覆盖。,
dir_batch_019.csv#1537,PHYSICS,楞次定律的理解：（“阻碍”的含义）,COVERED,命中节点 楞次定律的理解-阻碍-的含义；definition 的阻碍不是阻止（阻而未止）、阻碍不等同相反（增反减同）由 phys-hj2-lengci-dinglv-aijie-liijie、ext-phy-211199b145-001c、phys-hj3-lenz-law-meaning 覆盖；阻碍含义的推广与几种表现形式由 phys-lenz-generalized-obstruction、phys-kb-lenz-law-corollaries、phys-fx-lenz-law-four-obstructions、ext-phy-206fb04353-064c 覆盖；四步法由 phys-hj2-lengci-sibufa-panfangxiang、phys-hj3-lenz-law-four-steps 覆盖；右手定则内容由 phys-right-hand-rule、phys-kb-right-hand-rule 覆盖。,
dir_batch_019.csv#1538,PHYSICS,适用情况：判断导线切割磁感线产生的感应电流方向。,COVERED,命中节点 适用情况-判断导线切割磁感线产生的感应电流方向；definition 的右手定则适用情况（闭合电路部分导体切割磁感线）、是楞次定律的特殊形式、应用三注意（磁感线垂直穿入掌心、拇指指运动方向、四指指感应电流方向）由 phys-right-hand-rule、phys-kb-right-hand-rule、ext-phy-5bd33e706b-008b（右手定则是楞次定律在切割情形下的特殊形式）、phys-hj2-youshou-dingze-shiyong、ext-phy-adbddd58b7-007 覆盖；三个定则和一个规律的比较与“左力右电”由 phys-hj2-san-dingze-bijiao-zuoliyoudian、ext-phy-5bd33e706b-016、phys-hj3-three-rules-one-law-usage、phys-hj3-three-rules-causality、ext-phy-f75427cb07-008 覆盖。,
dir_batch_019.csv#1539,PHYSICS,产生条件：穿过回路的磁通量发生改变，与电路是否闭合无关。,COVERED,条目未命中节点；definition 的“只要有感应电流就一定有感应电动势、回路断开时无感应电流但感应电动势依然存在”由 phys-hj3-emf-vs-current-relation（有感应电动势不一定有感应电流，有感应电流一定有感应电动势）、phys-hj2-ganying-dongshi-dingyi（产生它的那部分导体相当于电源，与电路是否闭合无关）、ext-phy-f75427cb07-001b、ext-phy-211199b145-001b（回路不闭合时只产生感应电动势而没有感应电流）覆盖。,
dir_batch_019.csv#1540,PHYSICS,电磁感应现象及其应用,COVERED,命中节点 电磁感应现象及其应用；definition 的互感定义（一个线圈电流变化时其变化磁场在另一线圈产生感应电动势）与存在范围由 ext-phy-eb5fce3ada-011（互感是线圈之间通过变化磁场相互感应）、ext-phy-211199b145-006（一个线圈电流变化产生的变化磁场会在另一个线圈中产生互感电动势）、ext-phy-ebd7fc8fe3-013 覆盖；互感传递能量的应用与节点 电磁感应现象及其应用 的边界（一、互感 定义与原理）一致，节点材料 phys-hj3-em-induction-tech-scenes 覆盖电磁感应应用面；“任意两个相互靠近的电路之间”的范围与不良影响由同批 idx 1541 的 MATERIAL_ONLY 材料专门处理。,
dir_batch_019.csv#1542,PHYSICS,定义：一个线圈中的电流变化时，它所产生的变化的磁场在它本身激发出感应电动势的现象。,COVERED,条目未命中节点；definition 的自感定义（导体本身电流发生变化而产生的电磁感应现象叫自感现象，其中产生的电动势叫自感电动势）由节点 自感 的 phys-kb-self-induction-phenomenon（线圈电流变化时产生自感电动势阻碍电流变化）、ext-phy-f3025a6fdd-006、ext-phy-7b8a5ea480-007、ext-phy-bb8e990491-010、phys-lenz-self-induction-current 覆盖。,
dir_batch_019.csv#1543,PHYSICS,自感电动势的大小：EL＝L，式中L为自感系数，它可以超出线圈两端的原电压。,COVERED,条目未命中节点；definition 的自感系数（表示线圈自感特性的物理量，单位亨利、毫亨、微亨；由线圈的形状、体积、匝数决定，有铁芯时更大）由 phys-hj2-zigan-hugan-ziganxishu（E=LΔI/Δt，L 与线圈大小、形状、匝数及有无铁芯有关）、ext-phy-e0c474cf2f-015（自感系数由线圈自身结构决定，单位为亨利）覆盖；自感电动势的方向（原电流增大时反向、减小时同向，增反减同）由 phys-lenz-self-induction-current、phys-fx-self-induction-features 覆盖。,
dir_batch_019.csv#1544,PHYSICS,自感现象的理解：,COVERED,条目未命中节点；definition 的自感现象四条理解（阻碍不是阻止、线圈中电流不能突变、电流稳定时线圈相当于普通导体、自感系数越大现象越明显）由节点 自感现象的理解 的 ext-phy-bb8e990491-010b（自感现象的四大特点与灯泡闪亮判断：电流不能突变、电流稳定时线圈相当于导体、自感系数越大现象越明显）、phys-fx-self-induction-features、phys-hj3-self-induction-flash、ext-phy-211199b145-006b 覆盖；尾部涡流定义由节点 涡流 的材料 ext-phy-e0c474cf2f-020、ext-phy-7b8a5ea480-008 覆盖。,
dir_batch_019.csv#1545,PHYSICS,特点：整个导体回路的电阻一般很小，感应电流很大。故金属块的发热功率很大。,COVERED,条目未命中节点；definition 的涡流特点（整个导体回路电阻很小、感应电流很大、金属块发热功率很大）由 ext-phy-7b8a5ea480-008（块状金属中磁通量变化产生漩涡状感应电流，整块金属电阻小故发热功率大）覆盖；涡流的能量转化（其他形式的能转化为电能最终转化为内能）由 ext-phy-f12aef7bb2-011（涡流的能量转化：产生涡流的两种情况及其能量转化路径）、ext-phy-211199b145-007 覆盖。,
dir_batch_019.csv#1546,PHYSICS,应用：（1）涡流热效应的应用，如真空冶炼炉。（2）涡流磁效应的应用，如探雷器。,COVERED,条目未命中节点；definition 的涡流应用（真空冶炼炉的涡流热效应、探雷器的涡流磁效应）与降低涡流的方法（增大铁芯材料电阻率、用相互绝缘的硅钢片叠成铁芯）由 ext-phy-211199b145-007（涡流的产生、特点、应用与防止）、ext-phy-a8cab79186-005c（感应电炉中的涡流与焦耳热）、ext-phy-1828fa61d9-019 覆盖。,
dir_batch_019.csv#1548,PHYSICS,应用：交流感应电动机。,COVERED,条目未命中节点；definition 的电磁驱动应用（交流感应电动机）由 ext-phy-5870475655-008（电磁驱动与交流感应电动机：磁场能经电磁感应和安培力做功转化为机械能）覆盖；【注意】电磁阻尼与电磁驱动都属电磁感应、都遵循楞次定律、都是安培力阻碍引起感应电流的导体与磁场间的相对运动由 phys-hj3-eddy-current-damping-drive（均遵循楞次定律）、ext-phy-9f6711c952-010b、ext-phy-f3025a6fdd-008 覆盖；尾部法拉第电磁感应定律内容由 phys-faraday-emf-formula、ext-phy-1c3b50efe0-003 覆盖。,
dir_batch_019.csv#1549,PHYSICS,表达式：E＝n，n为线圈匝数。,COVERED,条目未命中节点；definition 的 E=nΔΦ/Δt（n 为线圈匝数）、E 与 Φ 无关而由磁通量变化率决定、B 变与 S 变及两者都变三种情形、Φ-t 图像切线斜率即感应电动势由 phys-hj2-faladi-dinglv-neirong-liijie、phys-fx-faraday-law-understanding、phys-hj3-faraday-law-understanding、ext-phy-211199b145-004（应用有 B 变、S 变、二者都变三种思路）、phys-bt-graph-slope-emf、phys-kb-faraday-law-average-emf 覆盖。,
dir_batch_019.csv#1550,PHYSICS,导体切割磁感线时的感应电动势,COVERED,命中节点 导体切割磁感线时的感应电动势；definition 的公式 E=BLv 要求 B、L、v 三者相互垂直、斜切割 E=BLvsinθ、L 为垂直速度方向的有效长度、v 为导体与磁场的相对速度、平均与瞬时之分由 phys-kb-cutting-emf-e-blv、phys-hj3-conductor-cutting-effective-length、ext-phy-211199b145-005（对 E=Blv 的五点理解：正交性、瞬时性、平均性、有效性、相对性）、ext-phy-211199b145-004b、phys-emf-average-instantaneous、ext-phy-eb5fce3ada-002b 覆盖。,
dir_batch_019.csv#1551,PHYSICS,平动切割与转动切割的几种情形：,COVERED,命中节点 平动切割与转动切割的几种情形；definition 的垂直切割 E=BLv、θ 角切割 E=BLvsinθ、绕端点转动 E=BωL²/2、绕任意点转动取两段之差由 phys-hj2-pingdong-qiege-blv-sitexing、phys-fx-rotational-cutting-emf（中点为轴 E=0、端点为轴 E=½Bωl²、任意点为轴取代数和）、ext-phy-f12aef7bb2-005、ext-phy-e0c474cf2f-008、phys-rotational-cutting-radial-difference 覆盖。,
dir_batch_019.csv#1552,PHYSICS,电磁感应中的电路问题,COVERED,命中节点 电磁感应中的电路问题；definition 的“三步走”分析流程（确定等效电源、分析电路结构、应用闭合电路欧姆定律）与三条误区（外电路电势高低的判断、忽略等效电源内阻的影响、电表读数不是等效电源电动势）由 ext-phy-a8cab79186-019、ext-phy-a8cab79186-020b、ext-phy-211199b145-008、ext-phy-199175663f-007（内外电路电势高低、忽略等效电源内阻、电表读数是路端电压而不是电动势）、ext-phy-58ba0d89e8-001、phys-hj3-em-induction-circuit-steps、phys-kb-em-circuit-three-steps 覆盖。,
dir_batch_019.csv#1553,PHYSICS,电磁感应中的图像问题,COVERED,命中节点 电磁感应中的图像问题；definition 的六步解题思路与排除法、函数法两个常用方法由 phys-hj2-tuxiang-wenti-fangfa-paidu、ext-phy-211199b145-009、ext-phy-206fb04353-066、phys-hj3-em-induction-image-method、ext-phy-75fe45588b-010、ext-phy-199175663f-006 覆盖。,
dir_batch_019.csv#1554,PHYSICS,电磁感应中的单棒模型,COVERED,命中节点 电磁感应中的单棒模型；definition 的发电式单棒两个极值（最大加速度、最大速度）由 ext-phy-211199b145-011（受力平衡时速度最大）、ext-phy-b6bd732b19-146、ext-phy-a8cab79186-025 覆盖；含电源与含电容器的单棒模型变形由 ext-phy-211199b145-014、ext-phy-211199b145-015、ext-phy-a8cab79186-031、ext-phy-a8cab79186-011、ext-phy-16be9c916c-001 覆盖；外力与运动性质的关系由 ext-phy-b6bd732b19-146、ext-phy-211199b145-010 覆盖。,
dir_batch_019.csv#1555,PHYSICS,电磁感应中的双棒模型,COVERED,命中节点 电磁感应中的双棒模型；definition 的无外力等距双棒（电路特点、电流随相对速度减小而减小、两棒加速度均减小最终共速、动量守恒、能量转化为焦耳热）与有外力等距双棒（稳定时加速度相等、稳定速度差）过程推导由 phys-hj2-shuangbang-moxing-dongliang-shouheng、ext-phy-b6bd732b19-149、ext-phy-b6bd732b19-150、ext-phy-a8cab79186-033、ext-phy-a8cab79186-034、ext-phy-211199b145-017、ext-phy-211199b145-018 覆盖。,
dir_batch_019.csv#1556,PHYSICS,电磁感应中的线框模型,COVERED,命中节点 电磁感应中的线框模型；definition 的线框穿越有界磁场的五个阶段（接近、穿入、浸没、穿出、远离）与匀速穿入、加速穿入、减速穿入三种情景由 phys-kb-loop-through-field-analysis（线框穿越磁场分五段，只有进出磁场有感应）、ext-phy-b6bd732b19-152、ext-phy-b6bd732b19-153、ext-phy-211199b145-020、ext-phy-a8cab79186-038 覆盖。,
dir_batch_019.csv#1557,PHYSICS,电磁感应中的三大动力学观点,COVERED,命中节点 电磁感应中的三大动力学观点；definition 仅为小节标题“一、电磁感应中的动力学问题”，该考点名的动力学、能量与动量三条线索由 phys-hj2-dianci-donglixue-liangqiaoliang（以感应电流和切割速度为力电桥梁、平衡态用平衡条件、非平衡态用牛顿第二定律）、phys-fx-em-induction-dynamics-two-states、phys-kb-em-induction-momentum-view、ext-phy-a8cab79186-026、phys-hj3-em-induction-dynamics-four-step 覆盖。,
dir_batch_019.csv#1558,PHYSICS,基本思路,COVERED,条目未命中节点；definition 的“处理此类问题的一般思路是先电后力”由 ext-phy-5870475655-016（处理电磁感应动力学问题的一般思路是“先电后力”，并要寻找临界状态）、ext-phy-ebaa1437a7-010（以感应电流与切割速度为桥梁，按电路、受力、运动、能量四步分析）覆盖。,
dir_batch_019.csv#1559,PHYSICS,两种运动状态,COVERED,命中节点 两种运动状态-x1；definition 的平衡态（静止或匀速直线运动，用平衡条件列式）与非平衡态（加速度不为零，用牛顿第二定律动态分析或结合功能关系）由该节点材料 ext-phy-2ce66db90e-015（电磁感应中导体的两种运动状态）、phys-fx-em-induction-dynamics-two-states、ext-phy-5870475655-016 覆盖。,
dir_batch_019.csv#1560,PHYSICS,力学对象和电学对象的相互联系,COVERED,命中节点 力学对象和电学对象的相互联系-x1；definition 的动态分析、寻找临界状态与“导体受外力运动→感应电动势→感应电流→安培力→合外力变化→加速度变化→速度变化→临界状态”的链条由 ext-phy-5870475655-016（要寻找临界状态）、ext-phy-ebaa1437a7-010（以感应电流与切割速度为桥梁联系电学对象与力学对象）、ext-phy-a01f0dddc7-002（导体的两种状态与两座桥梁）覆盖。,
dir_batch_019.csv#1561,PHYSICS,求解电能的思路,COVERED,命中节点 求解电能的思路-x1；definition 的电流恒定直接计算、电流变化用克服安培力做功或能量守恒求解，以及安培力冲量公式用于求电荷量由 ext-phy-d4d535dfea-024（恒定与变化电流下电能（焦耳热）的求解方法）、ext-phy-211199b145-011b（克服安培力做的功把机械能转化为电能）、ext-phy-ebaa1437a7-012、phys-hj2-qiujiaoerule-san-fangfa、phys-fx-em-induction-momentum-theorem（安培力冲量 BLq）覆盖。,
dir_batch_019.csv#1562,PHYSICS,分子动理论,COVERED,命中节点 分子动理论；definition 的物质由大量分子组成（分子直径数量级 10⁻¹⁰ m、分子质量数量级 10⁻²⁶ kg）由 ext-phy-53f1536fb0-002（分子大小、阿伏加德罗常数、两种分子模型及宏观量与微观量的关系）、phys-hj2-wuzhi-fenzi-zucheng-moxing、ext-phy-98d17fab60-001b、ext-phy-9579268f6f-002 覆盖。,
dir_batch_019.csv#1563,PHYSICS,分子模型,COVERED,命中节点 分子模型；definition 的球体模型（适用于固体、液体，V0=πd³/6）与立方体模型（适用于气体，V0=d³，d 为相邻分子平均距离）由 phys-hj2-wuzhi-fenzi-zucheng-moxing、wusan-phy-v-fd0a8769、ext-phy-0f258d43a9-002、ext-phy-288e1effad-002、ext-phy-c694ee939c-001b、ext-phy-4e2f064c7f-004 覆盖。,
dir_batch_019.csv#1564,PHYSICS,宏观量和微观量：,COVERED,条目未命中节点；definition 的阿伏加德罗常数是联系宏观量与微观量的桥梁、宏观物理量（质量、体积、密度、摩尔质量、摩尔体积）与微观物理量（分子质量、分子体积、分子直径）及常用微观量的换算由节点 阿伏加德罗常数 的 phys-hj2-hongguan-weiguan-huansuan（m0=M/NA、V0=Vm/NA、N=nNA）、ext-phy-98d17fab60-001（摩尔质量、摩尔体积与分子质量、分子体积的联系）、ext-phy-0f258d43a9-002b、phys-kb-molecule-model-avogadro 与节点 分子动理论 的 ext-phy-9579268f6f-002 覆盖。,
dir_batch_019.csv#1565,PHYSICS,扩散,COVERED,命中节点 扩散；definition 的扩散定义、产生原因（分子的无规则运动而非外界作用或化学反应）、意义与特点（温度越高越快、固液气均可发生）由 ext-phy-925746f040-002（扩散现象的定义、成因、温度影响与发生范围）、ext-phy-c694ee939c-003、wusan-phy-v-50c0b75c 覆盖；definition 尾部的布朗运动定义、原因、意义与特点由节点 布朗运动 的 phys-kb-brown-motion-meaning、ext-phy-288e1effad-003b、ext-phy-98d17fab60-003 覆盖。,
dir_batch_019.csv#1566,PHYSICS,分子热运动,COVERED,命中节点 分子热运动；definition 的分子热运动定义、产生原因、意义与特点（温度高分子热运动快、但永不停息；温度是分子热运动剧烈程度的标志）由 ext-phy-206fb04353-088b、ext-phy-288e1effad-003、ext-phy-61d1d14b26-001b、ext-phy-4b9ca03ec9-003、ext-phy-9579268f6f-002b 覆盖。,
dir_batch_019.csv#1567,PHYSICS,分子间的作用力与分子间距离的关系：,COVERED,命中节点 分子间的作用力与分子间距离的关系；definition 的 r<r0 时斥力增加更快表现为斥力、r=r0 时分子力为零（平衡位置）、r>r0 时斥力减小更快表现为引力、斥力与引力同时存在且分子力是二者的合力由 phys-hj2-fenzili-shineng-suijuli-bianhua、phys-hj3-molecule-force-potential、ext-phy-61d1d14b26-002、ext-phy-288e1effad-004、phys-kb-molecular-force-distance、ext-phy-d352cb7b66-004 覆盖。,
dir_batch_019.csv#1568,PHYSICS,分子势能,COVERED,命中节点 分子势能；definition 的分子势能定义、由分子间相对位置决定且是标量、宏观上随物体体积变化、微观上随分子间距变化（表现为引力时增大就增大、表现为斥力时增大就减小）由 ext-phy-4b9ca03ec9-005（分子势能的定义、特点与随分子间距、体积变化的规律）、ext-phy-288e1effad-004b、ext-phy-ecd3843aab-002b、ext-phy-9579268f6f-004b、ext-phy-d352cb7b66-004b 覆盖。,
dir_batch_019.csv#1569,PHYSICS,分子运动速率分布图像：气体分子速率呈“中间多、两头少”的规律分布，如下图所示。,COVERED,条目未命中节点；definition 的气体分子速率呈“中间多、两头少”分布、温度升高时某一分子速率不一定增加而大量分子的平均速率一定增加、“中间多”的速率值向大的方向移动由 pack 节点 分子运动速率分布图像-气体分子速率呈-中间多-两头少-的规律分布-如下图所示 的材料 wusan-phy-v-6323d410（任意温度下速率都呈中间多两头少，温度升高时高峰向速率大的方向移动、平均速率增大）、ext-phy-98d17fab60-003b（速率分布曲线右移、平均速率增大但并非每个分子速率都增大）、ext-phy-61d1d14b26-001c、ext-phy-288e1effad-006b、ext-phy-c694ee939c-005 覆盖。,
dir_batch_019.csv#1570,PHYSICS,气体分子运动的特点,COVERED,命中节点 气体分子运动的特点；definition 的无序性（各方向运动的分子数目几乎相等）、自由性（分子间距大、作用力微弱、做匀速直线运动而充满整个空间）与规律性（速率分布中间多两头少、温度升高平均速率增大）由 phys-hj2-qiti-fenzidonglilun-tedian、ext-phy-93f3e60581-012、ext-phy-0f258d43a9-003 覆盖。,
dir_batch_019.csv#1571,PHYSICS,气体压强,COVERED,命中节点 气体压强；definition 的气体压强定义、产生原因（大量分子不断撞击器壁）、微观解释（平均速率与数密度）、微观与宏观决定因素以及气体压强与大气压强的区别由 ext-phy-c694ee939c-005b、ext-phy-288e1effad-006、ext-phy-206fb04353-088d、ext-phy-61d1d14b26-004、ext-phy-9579268f6f-010（密闭气体压强与大气压强的区别）、phys-hj3-gas-pressure-micro-ideal-model 覆盖。,
dir_batch_019.csv#1572,PHYSICS,分子的平均动能,COVERED,命中节点 分子的平均动能；definition 的温度是大量分子无规则热运动的宏观表现、温度升高时分子平均动能增大但不是每个分子动能都增大、温度相同则任何分子的平均动能都相同而不同物质分子平均速率一般不同由 ext-phy-ecd3843aab-002（温度是分子平均动能的标志，温度相同时不同物质分子的平均动能相同）、ext-phy-9579268f6f-004c、phys-kb-internal-energy-temperature、phys-fx-internal-energy-micro-view 覆盖。,
dir_batch_019.csv#1573,PHYSICS,物体的内能：,COVERED,条目未命中节点；definition 的内能定义（所有分子动能与势能的总和）、宏观决定因素（物质的量、温度、体积）、微观决定因素（分子总数、平均动能、分子势能）与改变内能的两种方式由节点 内能 的 ext-phy-53f1536fb0-004、ext-phy-61d1d14b26-002b、ext-phy-0f258d43a9-004（可通过做功或热传递改变）、ext-phy-c694ee939c-003d、phys-hj2-neineng-deciding-yinsu、phys-kb-internal-energy-temperature 覆盖。,
dir_batch_019.csv#1574,PHYSICS,气体、液体、固体和热力学定理,COVERED,命中节点 气体-液体-固体和热力学定理；definition 仅为小节标题“理想气体”，该节点材料 ext-phy-93f3e60581-014（理想气体在任意温度、压强下都遵从气体实验定律；液体表面层存在表面张力并有浸润与不浸润现象）已覆盖本知识块的基本结论，故按已覆盖处理，不另建材料。,
dir_batch_019.csv#1575,PHYSICS,定义：在任何温度、任何压强下都遵从气体实验定律的气体。,COVERED,条目未命中节点；definition 的理想气体定义（在任何温度、任何压强下都遵从气体实验定律的气体）与【注意】（分子本身大小可忽略、可视为质点、是对实际气体的科学抽象与理想模型）由 pack 节点 定义-在任何温度-任何压强下都遵从气体实验定律的气体 的材料 ext-phy-92847ba4e4-001（理想气体的宏观定义、微观假设以及实际气体的近似条件）与节点 理想气体状态方程 的 ext-phy-61d1d14b26-004c（理想气体不计分子间作用力、内能仅由温度决定）、ext-phy-288e1effad-007b（理想气体在任何温度、任何压强下都遵从气体实验定律）覆盖。,
dir_batch_019.csv#1576,PHYSICS,理想气体的状态方程：,COVERED,条目未命中节点；definition 的状态方程内容（pV/T 保持不变）、表达式、成立条件（一定质量理想气体）、单位与常量 C 的说明，以及补充的解题四步与理想气体与实际气体的关系由节点 理想气体状态方程 的 phys-kb-ideal-gas-state-equation、phys-hj3-ideal-gas-state-equation、ext-phy-61d1d14b26-005（选对象、找参量、认过程、列方程四步）、ext-phy-61d1d14b26-004c 与节点 理想气体的状态方程 的 ext-phy-9579268f6f-011b（一定质量时压强、体积与温度的比值恒定）、ext-phy-92847ba4e4-002 覆盖。,
dir_batch_019.csv#1577,PHYSICS,表面张力,COVERED,命中节点 表面张力；definition 的表面张力形成原因（表面层分子较稀疏、分子力表现为引力）、作用效果（液面收缩、表面积趋于最小）、方向（与液面相切、垂直分界面）、影响因素与浸润、不浸润的成因及毛细现象由 phys-kb-liquid-surface-tension、phys-fx-surface-tension-features、wusan-phy-v-f656b21f、ext-phy-288e1effad-005b、ext-phy-206fb04353-088f、ext-phy-61d1d14b26-003 覆盖。,
dir_batch_019.csv#1578,PHYSICS,液晶,COVERED,命中节点 液晶；definition 的液晶定义（介于固态和液态之间）、特点（具有液体流动性、一定程度具有晶体分子的规则排列、具有光学各向异性且分子排列可被外界微小变动改变）与微观结构（位置无序而排列有序）由 phys-kb-liquid-crystal-property、ext-phy-0f258d43a9-008、ext-phy-61d1d14b26-003c、ext-phy-288e1effad-005c、ext-phy-4e2f064c7f-010b 覆盖。,
dir_batch_019.csv#1579,PHYSICS,对晶体和非晶体的理解：,COVERED,条目未命中节点；definition 的单晶体具有各向异性但并非各种物理性质都表现各向异性、同种物质在不同条件下可生成不同晶体（金刚石与石墨）、同种物质可以晶体或非晶体两种形态出现且非晶体在一定条件下可转化为晶体由节点 对晶体和非晶体的理解 的 ext-phy-61d1d14b26-003d（单晶体具有各向异性但不是在各种性质上都各向异性、晶体与非晶体在一定条件下可以相互转化）、phys-kb-crystal-amorphous-compare、ext-phy-d352cb7b66-006、ext-phy-206fb04353-088e 覆盖。,
dir_batch_019.csv#1580,PHYSICS,常见物理量和状态,COVERED,命中节点 常见物理量和状态；definition 的热力学系统、外界、状态参量（体积 V、压强 p、温度 T）、平衡态及其动态平衡的理想化含义由 ext-phy-4b9ca03ec9-015（热力学系统、状态参量与平衡态）覆盖；热平衡与热平衡定律由节点 热力学第零定律 的 ext-phy-9579268f6f-017（都与第三个系统热平衡的两个系统彼此也处于热平衡）覆盖。,
dir_batch_019.csv#1581,PHYSICS,温度计：测量温度的仪器。,COVERED,命中节点 温度计-测量温度的仪器；definition 的温度计测量原理（一切互为热平衡的系统温度相同）与摄氏温标、热力学温标及 T=t+273.15 K 的换算由 ext-phy-4b9ca03ec9-016b（温度计与温标）覆盖。,
dir_batch_019.csv#1582,PHYSICS,两种表述,COVERED,命中节点 两种表述；definition 的克劳修斯表述、开尔文表述及其等价性与“一切与热现象有关的宏观过程都具有方向性”由 ext-phy-4b9ca03ec9-016、phys-hj3-second-law-two-forms、ext-phy-921524b427-005、ext-phy-f79c5cbe5c-001d、ext-phy-61d1d14b26-013b 覆盖；热传导的方向性由 phys-kb-thermodynamic-second-law、ext-phy-9cab6c383d-002 覆盖。,
dir_batch_019.csv#1583,PHYSICS,物理意义：一切自发过程总是沿着分子热运动的无序度增大的方向进行程。,COVERED,条目未命中节点；definition 的补充“对开尔文表述的理解”（单一热库、不可能、其他影响、自发地、不产生其他影响的含义）由节点 热力学第二定律 的 ext-phy-921524b427-005（给出两种表述、熵表述以及“自发”“不产生其他影响”的含义）、ext-phy-206fb04353-091b（热量可以从低温传到高温、也能全部变成功，但会产生其他影响）、ext-phy-f79c5cbe5c-002、ext-phy-61d1d14b26-013b 覆盖；熵增表述由节点 物理意义-一切自发过程总是沿着分子热运动的无序度增大的方向进行程 的 ext-phy-9cab6c383d-003、ext-phy-9579268f6f-020b 覆盖。,
dir_batch_019.csv#1584,PHYSICS,一些方向性的例子：,COVERED,条目未命中节点；definition 的四条方向性实例（热量自发由高温传向低温、功自发完全转化为热、气体自发膨胀、不同气体自发混合）属热力学第二定律的方向性表现，由节点 热力学第二定律 的 phys-kb-thermodynamic-second-law（一切与热现象有关的宏观自然过程都具有方向性）、ext-phy-f79c5cbe5c-002、ext-phy-9cab6c383d-002、ext-phy-288e1effad-010、ext-phy-545a65cfbf-011 覆盖。,
dir_batch_019.csv#1585,PHYSICS,第二类永动机,COVERED,命中节点 第二类永动机；definition 的第二类永动机定义（从单一热源吸热全部变功而不产生其他影响）、特点与不可造原因（违背热力学第二定律）由 phys-hj3-second-perpetual-machine（只从单一热源吸热并全部变功的热机违反热力学第二定律，不违反能量守恒）、ext-phy-d352cb7b66-015b、phys-hj2-yongdongji-erlei-fenlei、wusan-phy-v-ab67d6c7 覆盖；尾部的能量守恒定律内容由 phys-kb-energy-conservation-law、ext-phy-61d1d14b26-013c 覆盖。,
dir_batch_019.csv#1587,PHYSICS,第一类永动机,COVERED,命中节点 第一类永动机；definition 的第一类永动机定义（不吸热而向外放热或做功）、特点（不消耗能量却源源不断对外做功）与不可造原因（违背能量守恒定律，做功以内能减少为代价）由 ext-phy-4b9ca03ec9-019（第一类永动机的设计要求及其违背能量守恒定律的原因）、ext-phy-7e20dca8b1-002、phys-kb-energy-conservation-law 覆盖；两类永动机的对比由 ext-phy-d352cb7b66-015b、phys-hj2-yongdongji-erlei-fenlei、wusan-phy-v-ab67d6c7 覆盖。,
dir_batch_019.csv#1588,PHYSICS,内容：一个热力学系统的内能变化量等于外界向它传递的热量与外界对它所做的功的和。,COVERED,条目未命中节点；definition 的热力学第一定律内容与【注意】三条（做功和热传递改变内能等效、热传递是内能的转移、做功是其他形式能量与内能的相互转化）由节点 热力学第一定律 的 ext-phy-93f3e60581-018（内能变化量等于外界传递的热量与外界对它做的功的和，是标量式）、ext-phy-61d1d14b26-013、phys-hj2-relixue-diyi-dinglv（做功与热传递在改变内能上等效）、ext-phy-e66465340b-002（热传递使内能发生转移）、ext-phy-e66465340b-001 覆盖。,
dir_batch_019.csv#1589,PHYSICS,表达式：ΔU＝Q＋W。,COVERED,条目未命中节点；definition 的表达式 ΔU=Q+W、标量式与单位要求、符号规定、应用注意以及三种特殊情况（绝热、不做功、内能不变）由 phys-first-law-sign-convention、phys-first-law-special-cases、phys-hj2-diyi-dinglv-teshu-qingkuang、ext-phy-93f3e60581-018、ext-phy-9cab6c383d-003b、ext-phy-7e20dca8b1-003 覆盖；热力学第一、第二定律的比较由 phys-hj3-first-vs-second-law 覆盖。,
dir_batch_019.csv#1590,PHYSICS,活塞气缸模型,COVERED,命中节点 活塞气缸模型；definition 的模型分类四种情形（平衡态、非平衡态、满足守恒定律与关联气缸）与解题思路四步（确定研究对象分热学与力学两类、分别列气体方程与力学方程、挖掘几何与体积关系等隐含条件、联立求解并检验合理性）由 phys-kb-piston-cylinder-model、ext-phy-61d1d14b26-008b、ext-phy-089780a205-001、ext-phy-c7b7513b35-003（把研究对象分为热学与力学两类，再借隐含条件补足方程）、ext-phy-b6bd732b19-169、ext-phy-9825f06959-002 覆盖。,
dir_batch_019.csv#1591,PHYSICS,液柱模型,COVERED,命中节点 液柱模型；definition 的液柱移动判断思路（先用查理定律分比式 Δp=p·ΔT/T 比较两部分压强变化量）与封闭气体压强的三种求法（力平衡法、等压面法、液片法）由 ext-phy-26a9bdfe30-017（用压强变化量比较或用 p-T 图中等容线斜率判断液柱移动方向）、phys-pressure-force-balance-method、phys-pressure-equal-pressure-surface、phys-pressure-liquid-slice-method、ext-phy-61d1d14b26-008、phys-hj2-yehzhu-fengbi-yaqiang-yaodian 覆盖。,
dir_batch_019.csv#1592,PHYSICS,不要漏掉大气压强，同时又要尽可能平衡掉某些大气的压力；,COVERED,条目未命中节点；definition 的“不要漏掉大气压强，同时又要尽可能平衡掉某些大气的压力”与“可直接应用连通器原理（同种液体同一水平面上各处压强相等）”由 ext-phy-c7b7513b35-007（以液柱为研究对象受力平衡求压强，注意重力压强取液面竖直高度、不漏大气压并善用连通器原理）、phys-pressure-equal-pressure-surface、ext-phy-089780a205-001b（同一液体中相同高度处压强相等）覆盖。,
dir_batch_019.csv#1593,PHYSICS,功、热和内能的改变,COVERED,命中节点 功-热和内能的改变；definition 的做功与热传递在改变内能上的区别与联系以及理想气体 ΔU、W、Q 三量分析（由温度变化定 ΔU、由体积变化定 W、由 Q=ΔU−W 定吸放热）由 ext-phy-4b9ca03ec9-026、ext-phy-f79c5cbe5c-001、ext-phy-e66465340b-001、ext-phy-206fb04353-091、ext-phy-b6bd732b19-167c 覆盖。,
dir_batch_019.csv#1594,PHYSICS,热力学图像问题,COVERED,命中节点 热力学图像问题；definition 的点表示一个平衡状态、线表示一个过程、斜率含义（比较状态与原点连线斜率判断压强或体积大小）、面积含义（p-V 图线与 V 轴所围面积表示做功）由 ext-phy-925746f040-021（点、线、斜率与面积的物理意义）、phys-hj3-gas-image-analysis、ext-phy-26a9bdfe30-014、ext-phy-0f258d43a9-013、ext-phy-089780a205-007 覆盖。,
dir_batch_019.csv#1595,PHYSICS,气体实验定律,COVERED,命中节点 气体实验定律；definition 的三个实验定律微观解释（玻意耳定律体积减小使数密度增大、查理定律温度升高使平均动能增大、盖—吕萨克定律体积增大使数密度减小）由 ext-phy-206fb04353-088d（压强由分子平均动能与分子数密度共同决定）、phys-hj3-gas-pressure-micro-ideal-model（压强微观取决于分子平均动能和密集程度）、ext-phy-61d1d14b26-004 覆盖；气体实验定律与状态方程的关系与解题步骤由 ext-phy-0f258d43a9-012、ext-phy-f0fcbfbd7a-002、ext-phy-61d1d14b26-005 覆盖。,
dir_batch_019.csv#1596,PHYSICS,变质量问题的处理思想——等效,COVERED,命中节点 变质量问题的处理思想-等效；definition 的充气、抽气、灌气、漏气把变质量化为定质量（把充入或放出的气体与原有气体整体作为研究对象）由 phys-kb-variable-mass-gas-equivalent、phys-hj2-bianzhiliang-wenti-zhuanhua、ext-phy-6b54d62d95-001、ext-phy-c7b7513b35-011、ext-phy-c7b7513b35-013、ext-phy-c7b7513b35-017、phys-gas-inflate-analysis、phys-gas-extract-analysis、phys-gas-mixing-analysis、phys-gas-leak-analysis 覆盖。,
dir_batch_019.csv#1597,PHYSICS,原子结构与波粒二象性,COVERED,命中节点 原子结构与波粒二象性；definition 的热辐射（一切物体都在辐射电磁波且与温度有关）、黑体定义（完全吸收入射的各种波长的电磁波而不发生反射）、黑体是理想化模型与空腔小孔近似由节点 黑体辐射-黑体虽然不反射电磁波-却可以向外辐射电磁波 的材料 phys-tp-blackbody-radiation（黑体是能够完全吸收各种波长电磁波而无反射的物体）、phys-hj2-heiti-fushe-guilv（黑体是完全吸收不反射的理想模型）、phys-kb-blackbody-radiation-energy-quantum、ext-phy-5d101c954d-001、ext-phy-83aaecb372-001（热辐射、黑体与黑体辐射的实验规律）覆盖；命中节点自身材料 phys-hj3-multimeter-structure（多用电表结构）、phys-tp-quark-model-hadrons（夸克模型）与本条无关，属误绑，不影响覆盖判定。,
dir_batch_019.csv#1598,PHYSICS,黑体辐射：黑体虽然不反射电磁波，却可以向外辐射电磁波。。,COVERED,条目未命中节点；definition 的黑体辐射规律（温度一定时辐射强度随波长分布有极大值，温度升高各种波长的辐射强度都增加且极大值向波长较短的方向移动）与能量子定义、表达式 ε=hν、能量的量子化由 phys-tp-radiation-wavelength-distribution（温度升高时各种波长的辐射强度都增强、峰值向波长较短的方向移动）、phys-kb-blackbody-radiation-energy-quantum、phys-tp-energy-quantum-hnu、phys-hj2-nengliangzi-liangzihua（能量子与能量的量子化，h=6.63×10⁻³⁴ J·s）、ext-phy-83aaecb372-001b、ext-phy-5d101c954d-001 覆盖。,
dir_batch_019.csv#1599,PHYSICS,几个基本概念的理解,COVERED,命中节点 几个基本概念的理解；definition 的五组易混概念（光子与光电子、光电子的动能与最大初动能、光电流与饱和光电流、入射光强度与光子能量、光的强度与饱和光电流）由该节点材料 ext-phy-c9f8cb4c96-003（光电效应中的几个基本概念）、ext-phy-924259a8ae-002（光电效应中的五组概念对比）、phys-hj2-guangdian-wuzu-gainian-duibi（光电效应五组易混概念）、ext-phy-5d101c954d-002c、phys-photoelectron-is-electron 覆盖。,
dir_batch_020.csv#1600,PHYSICS,光电效应现象,COVERED,命中节点 光电效应现象；definition 的光电效应定义（光的照射下物体发射电子）与其实质（金属中的电子获得能量后逸出金属表面，使金属带正电）由 phys-hj2-guangdian-xiaoying-guilv、phys-hj3-photoelectric-laws 与 ext-phy-eede7ba2b8-005（光照射金属使电子逸出现象及其实验规律）覆盖；弧光灯照射锌版使验电器带正电为该现象的实验演示，属现象描述，不另立考点。,
dir_batch_020.csv#1601,PHYSICS,光电效应的产生条件,COVERED,命中节点 光电效应的产生条件；definition 的「能否发生光电效应不取决于光的强度而取决于光的频率，只要入射光频率大于该金属的极限频率，无论强弱均能发生」由 phys-photoelectric-frequency-decides（能否发生光电效应由光的频率决定、与强度无关）与 phys-kb-photoelectric-effect-laws、phys-hj2-guangdian-liangtiao-xiansuo 覆盖。,
dir_batch_020.csv#1602,PHYSICS,光电效应的规律,COVERED,命中节点 光电效应的规律；definition 的四条规律（存在截止频率、最大初动能与光强无关只随频率增大、发生几乎瞬时、饱和电流与入射光强度成正比）由 ext-phy-426d81a7eb-004（光电效应的四条规律）、ext-phy-0e06a470ac-001 与 ext-phy-8a3ed74025-003 覆盖；末尾串入的「四、氢原子光谱；1.定义：把光用棱镜或光栅按波长展开，获得波长和强度分布的记录即光谱」为下一节标题与其定义，其光谱定义由节点 光谱及其分类 的材料 ext-phy-29be60ee7d-002b 覆盖。,
dir_batch_020.csv#1603,PHYSICS,分类,COVERED,条目未命中节点（mech=unmatched、node 为空）；name「分类」为小节标题，definition 的线状谱（一条条亮线，由稀薄气体发光形成）与连续谱（连在一起的光带）由节点 光谱及其分类 的材料 ext-phy-29be60ee7d-002b（色散把不同频率的光分开形成光谱，按来源与形态分为线状谱、连续谱与吸收谱）及该节点边界（连续谱由高温炽热物体发出、线状谱由游离原子发出、吸收谱须叠加在连续谱背景上）覆盖。,
dir_batch_020.csv#1604,PHYSICS,特征谱线,COVERED,命中节点 特征谱线；definition 的「气体中中性原子的发光光谱都是线状谱、不同原子亮线位置不同、光谱中的亮线称为原子的特征谱线」由 ext-phy-c9f8cb4c96-005（线状谱、特征谱线的成因及光谱分析的应用）与 ext-phy-29be60ee7d-003（线状谱由原子性质决定且各不相同，据此可作光谱分析）覆盖。,
dir_batch_020.csv#1605,PHYSICS,氢原子光谱的实验规律,COVERED,命中节点 氢原子光谱的实验规律；definition 的「光谱是探索原子结构的重要途径」「巴耳末系是氢原子光谱在可见光区的谱线、满足巴耳末公式、R 为里德伯常量」「红外与紫外光区的其他谱线也满足类似关系式」由 ext-phy-00dee0496f-005b（氢原子在可见光区的巴耳末系满足巴耳末公式）、ext-phy-5d101c954d-004b、ext-phy-2d6466da52-002b 与 ext-phy-29be60ee7d-003b 覆盖；末尾「五、玻尔理论」为下一节标题。,
dir_batch_020.csv#1606,PHYSICS,玻尔理论的几个重要概念：,COVERED,命中节点 玻尔理论的几个重要概念；definition 的能级（原子各状态的能量值）、基态、激发态、量子数与氢原子能级公式 E_n=E_1/n^2、半径公式 r_n=n^2 r_1 由 ext-phy-29be60ee7d-005（能级是原子所处定态对应的能量，氢原子的能级与半径分别与量子数平方成反比与正比）与节点 玻尔理论对氢光谱的解析 的材料 ext-phy-0e06a470ac-007b（E_1＝－13.6 eV、r_1＝0.53×10^-10 m）覆盖。,
dir_batch_020.csv#1607,PHYSICS,.玻尔原子模型的三条假设,COVERED,命中节点 玻尔原子模型的三条假设；definition 的轨道量子化（半径只能取分立数值）、能量量子化（定态不释放能量、能级、基态与激发态）与频率条件（跃迁时辐射或吸收光子的能量由两定态能量差决定）由 phys-hj2-boer-moxing-sanjiashe、ext-phy-206fb04353-086（玻尔理论的三个假设）与 ext-phy-5d101c954d-004c 覆盖。,
dir_batch_020.csv#1608,PHYSICS,玻尔理论对氢光谱的解析,COVERED,命中节点 玻尔理论对氢光谱的解析；definition 的解释巴耳末公式、解释光谱不连续性（能级分立导致光子能量分立）、解释不同原子具有不同特征谱线由 ext-phy-61eb93e0c1-005 覆盖；能级跃迁与谱线条数（一群 n 能级原子最多辐射 n(n-1)/2 种、一个原子最多 n-1 种）由 ext-phy-00dee0496f-006b 与 ext-phy-baf18087a8-004 覆盖；解释气体导电发光的机制（高速电子碰撞使原子跃迁到激发态，激发态原子自发向低能级跃迁放出光子）由 ext-phy-6efd8aadb1-012（能级跃迁的两种方式与电离）与 ext-phy-eede7ba2b8-016（粒子碰撞激发只需能量不小于能级差）覆盖。,
dir_batch_020.csv#1609,PHYSICS,光的波粒二象性,COVERED,命中节点 光的波粒二象性；definition 的波动性（干涉、衍射、偏振现象证明）、粒子性（光电效应、康普顿效应说明）与「光既具有波动性又具有粒子性」由 phys-hj2-guang-de-boli-erxiangxing、ext-phy-00dee0496f-004 与 ext-phy-2d6466da52-001 覆盖。,
dir_batch_020.csv#1610,PHYSICS,光的波粒二象性的表现规律：,COVERED,命中节点 光的波粒二象性的表现规律；definition 的数量上（个别光子显粒子性、大量光子显波动性）、频率上（频率越低波动性越显著、频率越高粒子性越显著）与传播与作用上（传播显波动性、与物质作用显粒子性）由 ext-phy-8a3ed74025-007 与 phys-hj3-wave-particle-duality-angles 覆盖；第（4）条「由 E＝hν 与 p 的表达式可看出二者并不矛盾，粒子性的能量与动量算式中都含频率与波长」由节点 光子说 的材料 ext-phy-206fb04353-084 与 ext-phy-8a3ed74025-001b（光子能量 hν、动量 h/λ）覆盖。,
dir_batch_020.csv#1611,PHYSICS,物质波,COVERED,命中节点 物质波；definition 的概率波（亮条纹是光子到达概率大的地方、暗条纹是概率小的地方，光波又叫概率波）与物质波（任何运动着的物体都有一种波与之对应，λ＝h/p）由 ext-phy-924259a8ae-013（概率波与物质波）、phys-kb-matter-wave-de-broglie 与 ext-phy-5d101c954d-003c 覆盖。,
dir_batch_020.csv#1613,PHYSICS,原子核的组成：原子核是由质子和中子组成的，原子核的电荷数等于核内的质子数。,COVERED,命中节点 原子核的组成；name 的陈述（原子核由质子和中子组成、电荷数等于核内质子数）由 ext-phy-5aff2fc1d4-022 与 phys-kb-atomic-nucleus-composition 覆盖；definition 的核符号（A 表示核的质量数、Z 表示核的电荷数即原子序数）由 ext-phy-e7ec17c556-005b（AZX 中 Z 为质子数、A 为质量数、中子数为 A 减 Z）与 ext-phy-eede7ba2b8-017b 覆盖。,
dir_batch_020.csv#1614,PHYSICS,同位素,COVERED,命中节点 同位素；definition 的「同位素是质子数相同而中子数不同的原子核，在元素周期表中处于同一位置」「质子数决定核外电子数进而决定元素的化学性质，中子数不同则物理性质不同」由 ext-phy-c9f8cb4c96-011（同位素是质子数相同而中子数不同的原子核，化学性质相同而物理性质不同）与 ext-phy-e7ec17c556-006 覆盖。,
dir_batch_020.csv#1615,PHYSICS,天然放射现象,COVERED,命中节点 天然放射现象；definition 的「放射性元素自发地发出射线的现象，首先由贝可勒尔发现」「天然放射现象的发现说明原子核具有复杂的结构」由 ext-phy-00dee0496f-008、ext-phy-e7ec17c556-001 与 ext-phy-baf18087a8-007 覆盖；末尾「二、放射性元素的衰变」为下一节标题。,
dir_batch_020.csv#1616,PHYSICS,原子核衰变,COVERED,命中节点 原子核衰变；definition 的衰变定义（原子核自发地放出 α 粒子或 β 粒子变成另一种原子核）、α 衰变质量数减 4 电荷数减 2、β 衰变质量数不变电荷数加 1 由 phys-fx-decay-three-rays、ext-phy-baf18087a8-008 与 ext-phy-0e06a470ac-009 覆盖；γ 射线伴随 α 或 β 衰变产生（新核处于激发态辐射光子）由 ext-phy-6067202e2e-001b 覆盖；三种射线在电场与磁场中的偏转由节点 带电粒子在电场中的运动 的相关材料覆盖。,
dir_batch_020.csv#1617,PHYSICS,核力,COVERED,命中节点 核力；definition 的「核子之间存在很强的相互作用即核力，使核子紧密结合成稳定的原子核，这种作用称为强相互作用」由 ext-phy-61eb93e0c1-011（核力是核子间的强相互作用）与 ext-phy-94ce022dcc-001 覆盖。,
dir_batch_020.csv#1618,PHYSICS,核力的特点,COVERED,命中节点 核力的特点；definition 的短程性（作用范围只有约 10^-15 m、超过则相互作用不存在）、饱和性（只对相邻少数核子产生较强引力）与电荷无关性由 ext-phy-6067202e2e-005（短程力、作用范围约 10^-15 m、与电性无关）与 ext-phy-eede7ba2b8-029（短程的强相互作用，只作用于相邻核子且与是否带电无关）覆盖。,
dir_batch_020.csv#1619,PHYSICS,结合能,COVERED,命中节点 结合能；definition 的「原子核是核子凭借核力结合构成的，要把它们分开也需要能量，这就是原子核的结合能」由 ext-phy-94ce022dcc-001b（结合能的定义与理解：核子结合成原子核时释放的能量，或把核分解为核子所需的能量）与 ext-phy-c9f8cb4c96-013 覆盖。,
dir_batch_020.csv#1620,PHYSICS,比结合能,COVERED,命中节点 比结合能；definition 的比结合能定义（原子核的结合能与核子数之比，也叫平均结合能）、中等大小的核比结合能最大、比结合能越大原子核越稳定、重核裂变与轻核聚变都释放核能由 ext-phy-6067202e2e-008、ext-phy-94ce022dcc-001c 与 ext-phy-5d101c954d-007 覆盖；末尾「四、质量亏损与核能；1.质量亏损」为下一节标题与定义，其质量亏损概念由节点 质量亏损 的材料 ext-phy-94ce022dcc-001d 覆盖。,
dir_batch_020.csv#1621,PHYSICS,质能方程：，该式表明物体的能量和质量之间存在着密切的联系。,COVERED,条目未命中节点（mech=unmatched、node 为空）；definition 的质能方程另一表达形式与「1 u 的质量跟 931.5 MeV 的能量相对应」由节点 质能方程 的材料 ext-phy-d0a08f55f3-012、ext-phy-e8adc999e6-014（对质能方程的三点理解）与节点 核能的计算方法 的材料 ext-phy-6067202e2e-006b（质量亏损以 u 为单位时可用 1 u 相当于 931.5 MeV）覆盖；核能计算的三种方法（按质量亏损计算、用平均结合能计算、用反应前后结合能之差计算）由 ext-phy-e8adc999e6-013（核能计算的三种方法：用质能方程、质量单位换算与比结合能三条路径）覆盖；末尾「五、基本粒子」为下一节标题。,
dir_batch_020.csv#1622,PHYSICS,常见基本粒子及其分类,COVERED,条目未命中节点（mech=unmatched、node 为空）；name 即正式节点 常见基本粒子及其分类 本身（该节点边界文本与本行 definition 完全相同，均为「光电效应的理解；光电管现象分析」），其知识内容由该节点材料 phys-tp-basic-particles-family（基本粒子家族由夸克、轻子、规范玻色子与希格斯玻色子构成）覆盖；definition 为章节栏目串，不含基本粒子知识，不另立材料。,
dir_batch_020.csv#1623,PHYSICS,基本概念理解：,COVERED,条目未命中节点（mech=unmatched、node 为空）；definition 的六项概念——光电效应与光电子、逸出功（使电子脱离金属需要做功的最小值）、截止频率、遏止电压（使光电流减小到 0 的反向电压）、饱和光电流（一定光照条件下与所加电压无关）、最大初动能（只随入射光频率增大）——由节点 光电效应现象 的材料 ext-phy-5d101c954d-002c（光电效应中应区分的几个概念）、phys-hj2-guangdian-xiaoying-guilv 与节点 光电效应方程 的材料 ext-phy-eede7ba2b8-005b（逸出功由金属本身决定）、ext-phy-8a3ed74025-004（逸出功对应截止频率、最大初动能可由遏止电压测出）、ext-phy-924259a8ae-005（加正向与反向电压时光电流的变化）覆盖。,
dir_batch_020.csv#1624,PHYSICS,光电效应的规律,COVERED,与 idx 1602 为同一条目（name、definition 与 node 均相同）；四条规律由 ext-phy-426d81a7eb-004、ext-phy-0e06a470ac-001 与 ext-phy-8a3ed74025-003 覆盖。,
dir_batch_020.csv#1625,PHYSICS,光电效应方程：。,COVERED,命中节点 光电效应方程；definition 的方程各量含义（hν 为光子能量、W_0 为逸出功、E_k 为光电子最大初动能）、两条对应关系（一定频率下光越强光子数越多则光电子与饱和光电流越大；频率越高光子能量越大则最大初动能越大）与三个定量关系式（E_k＝hν－W_0、E_k＝eU_c、W_0＝hν_c）由 phys-photoelectric-equation、ext-phy-924259a8ae-004、ext-phy-6efd8aadb1-006 与 ext-phy-206fb04353-084c 覆盖。,
dir_batch_020.csv#1626,PHYSICS,光电效应的图像问题,COVERED,命中节点 光电效应的图像问题；definition「光电效应四类图像」由 phys-ekm-nu-graph-analysis（E_km-ν 图像的横截距、纵截距与斜率）、phys-iu-graph-intensity-variant、phys-iu-graph-frequency-variant 与 phys-fx-photoelectric-graph-four-types（光电效应的四类图像）覆盖。,
dir_batch_020.csv#1627,PHYSICS,原子核衰变的类型判断和次数计算,COVERED,命中节点 原子核衰变的类型判断和次数计算；definition 的衰变次数计算（由质量数守恒 A＝A′＋4n 与电荷数守恒 Z＝Z′＋2n－m 联立求解，先由质量数改变确定 α 衰变次数，再由衰变规律确定 β 衰变次数）由 phys-kb-decay-rule-times-calc、phys-hj3-decay-types-counting、ext-phy-6067202e2e-003 与 ext-phy-8ee107050a-015 覆盖。,
dir_batch_020.csv#1628,PHYSICS,半衰期的理解、计算和应用,COVERED,命中节点 半衰期的理解-计算和应用；definition 的半衰期定义（放射性元素的原子核有半数发生衰变所需的时间）与统计性（是大量原子核衰变时的统计规律，对个别或少量原子核无半衰期可言）由 phys-fx-half-life-understanding、ext-phy-6067202e2e-003b 与 ext-phy-8ee107050a-017 覆盖。,
dir_batch_020.csv#1629,PHYSICS,常用公式：n＝N，m＝M。,COVERED,命中节点 常用公式-n-n-m-m；definition 的 N、M 为衰变前放射性元素的原子数和质量、n、m 为尚未发生衰变的原子数和质量、t 为衰变时间、T 为半衰期，由 ext-phy-c9f8cb4c96-020（半衰期的定义与常用公式：剩余原子数与质量按指数规律随衰变时间递减）覆盖。,
dir_batch_020.csv#1630,PHYSICS,意义：表示放射性元素衰变的快慢．,COVERED,命中节点 意义-表示放射性元素衰变的快慢；definition 的「半衰期是稳定的，由元素的原子核内部因素决定，跟原子所处的物理状态（压强、温度）或化学状态（单质、化合物）无关」由 ext-phy-c9f8cb4c96-021（半衰期的意义、特征与用途）与 ext-phy-e7ec17c556-004（半衰期的统计意义与外界无关性）覆盖。,
dir_batch_020.csv#1631,PHYSICS,规律的用途：利用天然放射性元素的半衰期可以估测岩石、化石和文物的年代．,COVERED,条目未命中节点（mech=unmatched、node 为空）；name 的用途（估测岩石、化石和文物的年代）由节点 意义-表示放射性元素衰变的快慢 的材料 ext-phy-c9f8cb4c96-021 覆盖；definition 的三点注意（半衰期公式只对大量原子核适用、明确 m 与 M 及 n 与 N 的含义、每衰变一个核即产生一个新核）由节点 半衰期的理解-计算和应用 的材料 ext-phy-6067202e2e-003b、ext-phy-8ee107050a-017 与节点 常用公式-n-n-m-m 的材料 ext-phy-c9f8cb4c96-020 覆盖。,
dir_batch_020.csv#1632,PHYSICS,核反应的判断、方程与应用,COVERED,命中节点 核反应的判断-方程与应用；definition 的衰变、人工转变、裂变和聚变四类核反应由 phys-kb-nuclear-reaction-types、phys-hj3-nuclear-reaction-four-types 与 ext-phy-5d101c954d-006c 覆盖；核反应方程式的书写与守恒由 ext-phy-6067202e2e-004 与 ext-phy-94ce022dcc-005（书写核反应方程的四条原则）覆盖。,
dir_batch_020.csv#1633,PHYSICS,氢原子能级跃迁与数学思想的结合,COVERED,命中节点 氢原子能级跃迁与数学思想的结合；definition 的「只有光子能量恰好等于跃迁所需能量时原子才吸收光子跃迁，大于电离能的光子可被吸收并把原子电离」「一群原子跃迁的光子种类为组合数、一个原子最多 n-1 种」「跃迁放出（吸收）光子的频率由 hν＝E_m－E_n 求得、频率是不连续的」由 ext-phy-92e8aef819-012b、ext-phy-5d101c954d-005、ext-phy-8ee107050a-008 与 phys-hj3-energy-level-transition-ionization 覆盖。,
dir_batch_020.csv#1634,PHYSICS,近代物理学史——相关粒子的发现和实验,COVERED,命中节点 近代物理学史-相关粒子的发现和实验（name 即节点名）；definition 的「1887 年赫兹研究电磁波实验中偶尔发现，接受电路间隙受到光照更容易产生火花」由该节点材料 phys-kb-physics-history-discoveries 的材料内容（赫兹发现光电效应；汤姆孙发现电子；密立根油滴实验精确测电子电荷；卢瑟福 α 粒子散射提出核式结构并发现质子；查德威克发现中子。光电效应表明光具有能量，康普顿效应表明光具有动量；电子束衍射证实电子的波动性；弗兰克-赫兹实验证实原子能级分立）逐条覆盖，该材料在 node_materials.csv 中的 summary 仅概括为「重要实验与其揭示的结论对应记忆」，属索引摘要过简；其余学史条目由 ext-phy-29be60ee7d-001、ext-phy-94ce022dcc-003（人工核转变的三个里程碑）与 phys-fx-nuclear-reaction-classic-equations 覆盖。,
dir_batch_020.csv#1635,PHYSICS,电子束衍射实验(戴维孙、G.P.汤姆孙) ：证实电子的波动性。,COVERED,条目 mech 为 unmatched、node 为空；name 的「电子束衍射实验（戴维孙、G.P.汤姆孙）证实电子的波动性」由节点 近代物理学史-相关粒子的发现和实验 的材料 phys-kb-physics-history-discoveries 的材料内容（电子束衍射证实电子的波动性）与节点 中子-卢瑟福预言中子的存在-查德威克证实 的材料 ext-phy-c9f8cb4c96-024 的材料内容（④其他相关实验：电子束衍射实验（戴维孙、G.P.汤姆孙）证实电子具有波动性）覆盖，二者在 node_materials.csv 中的 summary 未列出该条，属索引摘要过简；definition 的汤姆孙用气体放电管发现电子由 ext-phy-29be60ee7d-001 与 ext-phy-c9f8cb4c96-024（汤姆孙用气体放电管发现电子、密立根油滴实验精确测量了电子的电荷量）覆盖。,
dir_batch_020.csv#1638,PHYSICS,光的反射和折射,COVERED,命中节点 光的反射和折射；definition 的反射定义（光从第 1 种介质射到它与第 2 种介质的分界面时，一部分光返回到第 1 种介质的现象）由 phys-kb-reflection-refraction-law 与 ext-phy-41cc5c3ce7-001（给出光的反射定律、折射定律与光路可逆性）覆盖。,
dir_batch_020.csv#1639,PHYSICS,反射定律：,COVERED,条目未命中节点（mech=unmatched、node 为空）；definition 的反射定律（反射光线与入射光线、法线共面，分居法线两侧，反射角等于入射角）与反射光路可逆由 phys-kb-reflection-refraction-law、phys-hj2-fanshe-zheshe-dinglv（反射角等于入射角、入射角与折射角正弦之比为常数、反射与折射中光路均可逆）与 ext-phy-41cc5c3ce7-001 覆盖；其后的折射定义由 ext-phy-41cc5c3ce7-001 与 phys-hj2-fanshe-zheshe-dinglv 覆盖。,
dir_batch_020.csv#1640,PHYSICS,图示：,COVERED,条目未命中节点（mech=unmatched、node 为空）；name「图示：」为插图提示文字；definition 的折射定律内容（折射光线与入射光线、法线共面，分居法线两侧，入射角正弦与折射角正弦成正比）与表达式 n12 由 phys-kb-reflection-refraction-law、ext-phy-c14a6699a4-002（折射定律给出入射角与折射角正弦成正比、折射率恒大于 1）与 phys-fx-refraction-law-refractive-index 覆盖。,
dir_batch_020.csv#1641,PHYSICS,光路可逆性,COVERED,命中节点 光路可逆性；definition 的光路可逆（反射与折射现象中光路都可逆，逆着出射光线入射则沿原入射光线出射）由 ext-phy-4dff340cb9-002b 与 ext-phy-d0c3ca7518-003b 覆盖；其后的折射率定义（光从真空射入介质时入射角正弦与折射角正弦之比）、n＝c/v 恒大于 1 与对折射率的五点理解由节点 折射率 的材料 ext-phy-a06efabe52-001b（折射率的定义及与速度、频率的关系）、ext-phy-4f3d4dcbe5-003（对折射率的理解与解题思路）与 ext-phy-41cc5c3ce7-002（折射率与光密光疏介质）覆盖。,
dir_batch_020.csv#1642,PHYSICS,光的干涉、衍射和偏振,COVERED,命中节点 光的干涉-衍射和偏振；definition 的干涉定义（两列光波叠加区域某些区域加强出现亮条纹、某些区域减弱出现暗条纹且相互间隔）由 phys-interference-diffraction-essence（光的干涉和衍射都属于波的叠加）与 phys-fx-diffraction-polarization-comparison 覆盖。,
dir_batch_020.csv#1643,PHYSICS,杨氏双缝干涉,COVERED,命中节点 杨氏双缝干涉；definition 的单缝作用（获得频率与振动情况唯一的线光源）与双缝作用（把一束光分成频率相同、振动情况一致的相干光）、亮暗条纹条件（路程差为波长整数倍出亮纹、半波长奇数倍出暗纹）、条纹间距 Δx＝(l/d)λ、白光形成彩色条纹且中央为白色由 phys-hj2-yangshi-shuangfeng-danfeng-shuangfeng-zuoyong、phys-hj3-double-slit-bright-dark-condition、phys-hj3-double-slit-interference 与 phys-kb-double-slit-interference 覆盖。,
dir_batch_020.csv#1644,PHYSICS,薄膜干涉,COVERED,命中节点 薄膜干涉；definition 的形成原因（竖直肥皂膜上薄下厚呈楔形，前后表面反射的两列光叠加）、明暗条纹判断（路程差等于薄膜厚度的 2 倍）、用干涉法检查平面平整度由 phys-thin-film-bright-dark-condition、phys-flatness-check-by-interference 与 ext-phy-904abe433d-001c 覆盖；末尾串入的「二、光的衍射 1.定义 2.条件」为下一节标题与其内容，由节点 光的衍射 的材料 ext-phy-a06efabe52-005b（光照射到狭缝或障碍物上时偏离直线传播、尺寸与波长相近或更小时衍射明显）与 ext-phy-904abe433d-004 覆盖。,
dir_batch_020.csv#1645,PHYSICS,分类,COVERED,条目未命中节点（mech=unmatched、node 为空）；name「分类」为小节标题；definition 的单缝衍射（中央为亮条纹且最宽最亮、白光中央为白条纹）、圆孔衍射（明暗相间的同心圆环）、圆盘衍射（泊松亮斑）与双缝干涉由 ext-phy-a8536b9cdb-015（按图样特征区分单缝衍射、圆孔衍射、圆盘衍射即泊松亮斑与双缝干涉）、ext-phy-c14a6699a4-012 与 ext-phy-702e632325-005b 覆盖；偏振与自然光定义由节点 光的偏振 的材料 phys-kb-light-polarization 与 ext-phy-a06efabe52-005c 覆盖。,
dir_batch_020.csv#1646,PHYSICS,偏振光：在垂直于光的传播方向的平面上，只沿着某个特定的方向振动的光。,COVERED,条目未命中节点（mech=unmatched、node 为空）；name 的偏振光定义（在垂直于光的传播方向的平面上只沿某个特定方向振动的光）与 definition 的「光的偏振证明光是横波」由节点 光的偏振 的材料 phys-hj3-light-polarization（只沿特定方向振动的是偏振光、偏振证明光是横波）、phys-kb-light-polarization 与 ext-phy-a06efabe52-005c 覆盖。,
dir_batch_020.csv#1647,PHYSICS,光的偏振,COVERED,命中节点 光的偏振；definition 的偏振光形成（让自然光通过偏振片；让自然光在界面发生反射与折射得到部分偏振光或完全偏振光）与偏振光的应用由 ext-phy-41cc5c3ce7-006（获得偏振光的两种途径及其在生活与技术中的应用）与 ext-phy-702e632325-005b 覆盖；末尾串入的「四、光的色散」定义与成因由节点 七种色光的物理量比较分析 的材料 phys-kb-light-dispersion-color-order 与 ext-phy-c14a6699a4-006（白光经三棱镜分解成彩色光带、紫光偏折最大红光最小）覆盖；光的本性发展简史由 ext-phy-41cc5c3ce7-006b（人类对光的本性的认识发展）覆盖。,
dir_batch_020.csv#1648,PHYSICS,电磁说：麦克斯韦认为光是一种电磁波。,COVERED,命中节点 电磁说-麦克斯韦认为光是一种电磁波；name 的电磁说由 phys-kb-electromagnetic-wave-theory 与 phys-fx-maxwell-em-wave-theory（麦克斯韦电磁场理论与电磁波）覆盖；definition 的光子说（爱因斯坦提出光子说以解释光电效应，光是一份一份的，每份能量为 hν，每份叫做一个光子）由节点 光电效应方程 的材料 ext-phy-0e06a470ac-001b 与 ext-phy-41cc5c3ce7-006b（按历史顺序归纳微粒说、波动说、电磁说、光子说与波粒二象性）覆盖。,
dir_batch_020.csv#1649,PHYSICS,光的波粒二象性(长期争论后达成的共识),COVERED,命中节点 光的波粒二象性-长期争论后达成的共识；name 由 phys-fx-wave-particle-duality-matter-wave 与 ext-phy-41cc5c3ce7-006b 覆盖；definition 的激光产生（激光是原子受激发辐射产生的光，发光方向、频率、偏振方向均相同，两列相同激光相遇可发生干涉）与三个特点（单色性好、平行性好、亮度高）由节点 激光 的材料 ext-phy-a8536b9cdb-010（激光的产生与特点）与 ext-phy-41cc5c3ce7-007 覆盖。,
dir_batch_020.csv#1650,PHYSICS,应用：光纤通信；激光测距；激光武器等。,COVERED,命中节点 应用-光纤通信-激光测距-激光武器等；name 的应用由 ext-phy-a8536b9cdb-009（激光的特点与应用：光纤通信、激光测距、激光武器）覆盖；definition 的全反射定义（光从光密介质射入光疏介质，入射角增大到某一角度使折射角达 90° 时折射光完全消失）与能量变化说明由节点 全反射 的材料 ext-phy-a0cb305e28-008、ext-phy-a06efabe52-002b 与 ext-phy-41cc5c3ce7-008 覆盖。,
dir_batch_020.csv#1651,PHYSICS,条件：①光从光密介质射入光疏介质。②入射角大于或等于临界角。,COVERED,条目未命中节点（mech=unmatched、node 为空）；name 的全反射两个条件由节点 全反射 的材料 ext-phy-a06efabe52-002b（全反射现象、临界角与条件）与 ext-phy-41cc5c3ce7-008（全反射及其条件）覆盖；definition 的临界角（折射角等于 90° 时的入射角、sinC＝1/n、折射率越大临界角越小）由 ext-phy-a0cb305e28-008（全反射与临界角）与 ext-phy-720140d3ae-012（全反射的临界角）覆盖。,
dir_batch_020.csv#1652,PHYSICS,应用：,COVERED,条目未命中节点（mech=unmatched、node 为空）；name「应用：」为小节标题；definition 的全反射棱镜与光导纤维（内芯相对于外套为光密介质、内芯折射率大于外套）由节点 光导纤维与全反射棱镜 的材料 ext-phy-6249360606-007（全反射棱镜与光导纤维是典型应用）与节点 应用光的折射和全反射解决问题的两个技巧 的材料 phys-hj2-guangdaoxianwei-yuanli（光导纤维内芯折射率大于外套）覆盖；末尾两问为题干残片，无独立知识内容。,
dir_batch_020.csv#1653,PHYSICS,薄膜干涉的应用,COVERED,命中节点 薄膜干涉的应用；definition 的增透膜（厚度为透射光在薄膜中波长的四分之一的奇数倍，使反射光叠加减弱、透射光增强）与用薄膜干涉检测平整度（等间距干涉条纹、某处凹下时对应亮纹弯曲）由 phys-anti-reflection-coating、phys-flatness-check-by-interference、phys-hj3-anti-reflection-coating-flatness 与 ext-phy-41cc5c3ce7-009 覆盖。,
dir_batch_020.csv#1654,PHYSICS,应用光的折射和全反射解决问题的两个技巧：,COVERED,命中节点 应用光的折射和全反射解决问题的两个技巧；definition 的两个技巧（抓住发生全反射的两个条件；利用光路图中的临界光线准确判断恰好发生全反射的光路图）由 phys-total-reflection-conditions 与 ext-phy-41cc5c3ce7-010（解答全反射类问题的两个关键技巧）逐条对应覆盖。,
dir_batch_020.csv#1655,PHYSICS,应用光的折射和全反射解决问题的四个注意：,COVERED,命中节点 应用光的折射和全反射解决问题的四个注意；definition 的四点（明确光密与光疏介质的相对性、从光疏射向光密不会发生全反射、反射折射与全反射中光路均可逆、全反射时只发生反射不发生折射）由 ext-phy-720140d3ae-013（求解全反射问题的四点提醒）与 ext-phy-b6bd732b19-165（常用的四个光学几何结论）逐条对应覆盖；末尾的求折射率与求入射角范围属题干残片。,
dir_batch_020.csv#1656,PHYSICS,干涉和衍射中几种光现象的判断,COVERED,命中节点 干涉和衍射中几种光现象的判断；definition 的单缝衍射（中央宽且亮、白光呈彩色条纹且最靠近中央为紫光）、圆孔衍射、圆盘衍射（泊松亮斑）与双缝干涉的图样特征由 ext-phy-a8536b9cdb-015（按图样特征区分单缝衍射、圆孔衍射、圆盘衍射与双缝干涉）与 ext-phy-41cc5c3ce7-010b（归纳四类图样的特征与比较方法）覆盖。,
dir_batch_020.csv#1657,PHYSICS,三种光学模型的光路特点,COVERED,命中节点 三种光学模型的光路特点；definition 的平行玻璃砖、三棱镜与圆柱体（球）对光路的控制特点由 phys-kb-three-optical-elements-path（玻璃砖侧移不改变方向、棱镜向底面偏折、圆界面向圆心偏折）与 ext-phy-b6bd732b19-164b（玻璃砖抓平行、圆柱体抓对称、三棱镜抓角度关系）覆盖；末尾两问为题干残片。,
dir_batch_020.csv#1658,PHYSICS,几何光学中的范围和临界问题,COVERED,命中节点 几何光学中的范围和临界问题；definition 的应用折射定律解题的一般思路（根据入射角、折射角与反射角的关系作出完整光路图；利用几何关系确定各角联系求出折射角与折射率；注意折射现象中光路可逆）由 ext-phy-a06efabe52-002（解决光的折射问题的常规思路：画光路图、找边角关系、用折射率公式求解并利用光路可逆辅助作图）与 ext-phy-1f5463a824-005（折射与全反射问题的解题步骤）覆盖；范围与临界（水下点光源照亮的圆形范围、全反射次数）由 ext-phy-cc890cbca0-005 与 ext-phy-cc890cbca0-004b（全反射综合问题的分析思路）覆盖；末尾两问为题干残片。,
dir_batch_020.csv#1659,PHYSICS,七种色光的物理量比较分析,COVERED,命中节点 七种色光的物理量比较分析；definition「可见光中各种色光特征比较」由 phys-kb-light-dispersion-color-order、phys-hj3-light-dispersion-order（从红到紫频率与折射率增大，波速、波长、临界角与条纹间距减小）、ext-phy-206fb04353-083 与 ext-phy-904abe433d-006 覆盖。,
dir_batch_020.csv#1660,PHYSICS,电路中的基本概念,COVERED,命中节点 电路中的基本概念；definition 的电源定义（不断把负电荷从正极搬运到负极、维持正负极之间一定电势差的装置；通过非静电力做功把其他形式的能转化为电能的装置）由 ext-phy-233121e856-001（电源靠非静电力做功维持电势差）与节点 电动势 的材料 ext-phy-25530c0139-001（电源的作用与电动势）覆盖。,
dir_batch_020.csv#1661,PHYSICS,作用：,COVERED,条目未命中节点（mech=unmatched、node 为空）；name「作用：」为小节标题；definition 的电源三个作用（使导体两端始终存在电势差、使电路中保持持续电流、把其他形式的能转化为电能）由节点 电动势 的材料 ext-phy-25530c0139-001（电源靠非静电力搬运电荷维持电势差、电动势是电源转化能量的本领）与节点 电路中的基本概念 的材料 ext-phy-233121e856-001 覆盖。,
dir_batch_020.csv#1662,PHYSICS,原理：,COVERED,条目未命中节点（mech=unmatched、node 为空）；name「原理：」为小节标题；definition 的电源内部非静电力做功把其他形式的能转化为电能、外部电路电场力做功把电能转化为其他形式的能由节点 电路中的基本概念 的材料 ext-phy-233121e856-001（电源靠非静电力做功维持电势差）与节点 电流做功的实质-电能转化成其他形式能的过程 的材料 ext-phy-25530c0139-003b（电流做功的实质是电能转化为其他形式能）覆盖。,
dir_batch_020.csv#1663,PHYSICS,电动势：,COVERED,条目未命中节点（mech=unmatched、node 为空）；definition 的电动势定义（数值上等于非静电力把 1 C 正电荷在电源内从负极移送到正极所做的功，E 的大小与 W 和 q 无关、由电源自身性质决定）与物理含义（表示电源把其他形式能转化为电能的本领、数值上等于电源未接入电路时两极间电压、在闭合电路中等于内外电路电势降落之和）由节点 电动势 的材料 ext-phy-25530c0139-001、ext-phy-5d9f5f241a-001（电动势的物理含义）、ext-phy-ced0c3e323-001（电动势与电源的内阻）与节点 电路中的基本概念 的材料 ext-phy-233121e856-001 覆盖。,
dir_batch_020.csv#1664,PHYSICS,电源的内阻：电源内部是由导体构成，所以也有电阻，这个电阻叫做电源的内阻；,COVERED,条目未命中节点（mech=unmatched、node 为空）；name 的电源内阻及其由电源本身特点决定由节点 电源的内阻 的材料 ext-phy-25530c0139-001b（内阻由电源本身决定且随使用变旧而增大）与节点 电路中的基本概念 的材料 ext-phy-233121e856-001 覆盖；definition 的恒定电场（由稳定分布的电荷产生的稳定电场；电荷分布稳定、导线内电场线沿导线切线方向、场强不随时间变化）由节点 电场 的材料 ext-phy-25530c0139-002（恒定电场及其特点）覆盖；末尾「二、电流、电压、电阻」为下一节标题。,
dir_batch_020.csv#1665,PHYSICS,电流：,COVERED,条目未命中节点（mech=unmatched、node 为空）；definition 的电流定义（电荷的定向移动形成电流）、定义式与决定式、方向规定（正电荷定向移动的方向）与电流是标量、形成条件（导体中有自由电荷、导体两端存在电压）、微观表达式 I＝nqSv 由节点 电流 的材料 ext-phy-504a241474-001（电流的概念与三种表达式）、ext-phy-bcef6e3e17-001（电流的形成条件与标矢性）、ext-phy-4e6077ff9a-003（电流微观表达式与柱体微元模型）与 wusan-phy-v-e9cf1ea6 覆盖；末尾的电压（电势差）属节点 电势差 范围。,
dir_batch_020.csv#1666,PHYSICS,电阻：,COVERED,条目未命中节点（mech=unmatched、node 为空）；definition 的电阻定义（导体对电流的阻碍作用）、定义式 R＝U/I、决定式 R＝ρl/S、单位欧姆与「大小由导体本身决定、与电压和电流无关」由节点 电阻的定义式与决定式 的材料 ext-phy-25530c0139-003 与节点 电阻定律 的材料 ext-phy-504a241474-001c 覆盖；电阻两个表达式的区别与联系由 ext-phy-504a241474-002b（电阻的定义式与决定式的比较）与 ext-phy-34b3abc1bd-001b（电阻定律与电阻定义式的区别）覆盖；末尾「三、电功」为下一节标题。,
dir_batch_020.csv#1667,PHYSICS,电流做功的实质：电能转化成其他形式能的过程。,COVERED,命中节点 电流做功的实质-电能转化成其他形式能的过程；name 的电流做功实质由该节点材料 ext-phy-25530c0139-003b 与节点 电功率 的材料 ext-phy-89d9e2f341-009（电功与电功率：电功是恒定电场对自由电荷做功，电功率表示电流做功的快慢）覆盖；definition 的电功率定义（单位时间内电流做的功叫电功率，表示电流做功快慢的物理量）由节点 电功率 的材料 ext-phy-4e6077ff9a-013、ext-phy-b9dfe89822-005 与 ext-phy-e6aa914e50-013 覆盖。,
dir_batch_020.csv#1668,PHYSICS,额定功率和实际功率,COVERED,命中节点 额定功率和实际功率（其 4 条材料 phys-hj2-eding-gonglv-shiji-gonglv、phys-hj3-rated-vs-actual-power、ext-phy-3b5678cdcd-015、ext-phy-301414b448-005b 均为机械的额定功率与实际功率，与本条的电学内容无关，属误绑）；definition 的用电器的额定功率（正常工作时消耗的电功率）与实际功率（实际电压达额定电压时等于额定功率、实际功率不能大于额定功率）由节点 电功率 的材料 ext-phy-25530c0139-004（电功率、额定功率与实际功率）覆盖；纯电阻电路 P＝UI＝I²R＝U²/R 与非纯电阻电路 P＝UI 由节点 电功率 的材料 ext-phy-1a363634f1-018（电功率 P＝UI 适用于任何电路；非纯电阻电路 P电＝P机＋P损）与节点 焦耳定律 的材料 ext-phy-34b3abc1bd-002b 覆盖；末尾「五、电热和热功率」为下一节标题。,
dir_batch_020.csv#1669,PHYSICS,定义：,COVERED,条目未命中节点（mech=unmatched、node 为空）；name「定义：」为小节标题；definition 的电功和电热关系（纯电阻电路消耗的电能全部转化为热能，W＝Q、UIt＝I²Rt、欧姆定律成立；非纯电阻电路 W＞Q、UIt＞I²Rt、欧姆定律不成立）由节点 电功与电热的关系 的材料 ext-phy-25530c0139-005、节点 电功率 的材料 ext-phy-1a363634f1-018（电功率与焦耳定律）与节点 焦耳定律 的材料 ext-phy-34b3abc1bd-002b（焦耳定律与电功率、热功率的应用：两类电路的处理不同）覆盖。,
dir_batch_020.csv#1670,PHYSICS,电路中的基本定律,COVERED,命中节点 电路中的基本定律；definition 的电阻定律内容（同种材料的导体电阻与长度成正比、与横截面积成反比，还与材料有关）、公式 R＝ρl/S 与适用条件（粗细均匀的金属导体或浓度均匀的电解质溶液）由 ext-phy-233121e856-007（电阻定律与串并联规律）与节点 电阻定律 的材料 phys-kb-resistance-law-resistivity、phys-hj2-dianzu-dinglv-dianzulv 覆盖；串并联规律由 ext-phy-233121e856-007 与节点 串并联电路的电功率分配 覆盖。,
dir_batch_020.csv#1671,PHYSICS,电阻率,COVERED,命中节点 电阻率；definition 的电阻率计算式、物理意义（反映导体的导电性能、是导体材料本身的属性）与随温度变化（金属随温度升高而增大、负温度系数半导体随温度升高而减小）由 ext-phy-e6aa914e50-005b（电阻率由材料种类和温度决定）、ext-phy-bcef6e3e17-001b（电阻率反映材料导电性能并随温度变化）与 ext-phy-e1f4ebb10e-001b（电阻定律与电阻率随温度的变化）覆盖；电阻和电阻率的比较由 ext-phy-bcef6e3e17-005（电阻与电阻率的区别及伏安特性曲线）覆盖；末尾串入的串并联电路规律与四个推论由 ext-phy-233121e856-007 与节点 串并联电路的电功率分配 覆盖，欧姆定律由节点 欧姆定律 覆盖。,
dir_batch_020.csv#1672,PHYSICS,闭合电路欧姆定律,COVERED,命中节点 闭合电路欧姆定律；definition 的内容（闭合电路中的电流跟电源的电动势成正比、跟内、外电阻之和成反比）、公式 I＝E/(R＋r)（只适用于纯电阻电路）与另两种表达形式（E＝U外＋U内 或 E＝U外＋Ir 适用于任意闭合电路；EI＝UI＋I²r）由 phys-kb-closed-circuit-ohm-law、phys-hj3-closed-circuit-ohm-law、ext-phy-5d9f5f241a-001b、ext-phy-206fb04353-060（闭合电路欧姆定律的三个公式）与 ext-phy-25530c0139-007 覆盖。,
dir_batch_020.csv#1673,PHYSICS,路端电压与外电阻的关系,COVERED,命中节点 路端电压与外电阻的关系；definition 的 U＝IR＝ER/(R＋r) 随 R 增大而增大、断路时 I＝0 且 U＝E、短路时 I短＝E/r 且 U＝0 由 phys-hj-166-terminal-voltage-relation、ext-phy-d160864baa-004、ext-phy-5d9f5f241a-001c 与 ext-phy-0d32a0171d-004 覆盖；焦耳定律（电流通过导体产生的热量跟电流的二次方成正比、跟电阻及通电时间成正比，Q＝I²Rt，对纯电阻与非纯电阻电路都适用）由节点 焦耳定律 的材料 ext-phy-34b3abc1bd-002b 与 ext-phy-89d9e2f341-009b 覆盖；电功和电热的比较与含电动机电路的能量转化由节点 电功与电热的关系 与节点 纯电阻电路和非纯电阻电路的处理 覆盖；两类 U-I 图像由节点 闭合电路欧姆定律 的材料 ext-phy-1a725b1f9c-007（电源 U-I 图像的四层信息）与节点 电源与电阻的U-I图像比较 覆盖。,
dir_batch_020.csv#1674,PHYSICS,程序法: 遵循“局部—整体—局部”的思路,COVERED,命中节点 程序法-遵循-局部-整体-局部-的思路；definition 的分析链条（电路结构变化→R 变化→R总 变化→I总 变化→U端 变化→固定支路变化→其他支路变化）由 phys-procedure-method-dynamic、ext-phy-1e76bd2411-009（闭合电路动态分析的程序法）与 ext-phy-2aea59cfe3-005 覆盖。,
dir_batch_020.csv#1675,PHYSICS,结论法：“串反并同”，应用条件为电源内阻不为零．,COVERED,命中节点 结论法-串反并同-应用条件为电源内阻不为零；definition 的「串反」（某电阻增大时，与它串联或间接串联的电阻中的电流、两端电压、电功率都减小）与「并同」（与其并联或间接并联的电阻各量都增大）由 phys-series-reverse-parallel-same、phys-hj3-series-anti-parallel-same、ext-phy-1e76bd2411-009b 与 ext-phy-b6bd732b19-124（串反并同的两个操作要点）覆盖；末尾的极限法（把滑动变阻器滑片分别滑至两个极端讨论）由节点 电路的故障分析 的材料 phys-hj3-rheostat-extreme-method（动态电路的极端分析法）覆盖。,
dir_batch_020.csv#1676,PHYSICS,特殊值法:对于某些特殊电路问题，可以采取代入特殊值的方法去判定.,COVERED,条目未命中节点（mech=unmatched、node 为空）；name 的特殊值法由节点 程序法-遵循-局部-整体-局部-的思路 的材料 ext-phy-2aea59cfe3-005（程序推理配合极限法与特殊值法）与 ext-phy-504a241474-007（电路动态分析的几种方法）覆盖；definition 的含容电路动态分析三个步骤（理清电路的串、并联关系；确定电容器两极板间的电压；由 Q＝CU 分析电容器所带电荷量）由节点 含容电路的分析策略 的材料 ext-phy-2aea59cfe3-008（含容电路按简化电路、确定电容器两端电压、判断电荷量及其变化三步处理）与节点 含容电路的稳态分析 覆盖。,
dir_batch_020.csv#1677,PHYSICS,电路的故障分析,COVERED,命中节点 电路的故障分析；definition 的断路特点（电源电压不为零而电流为零；外电路某两点间电压不为零则这两点间有断点）与短路特点（有电流通过电路而电压为零）由 ext-phy-1f062f3888-014（电路故障的两类特点与判断思路）、ext-phy-25530c0139-012 与 ext-phy-504a241474-008b（电路故障的判断）覆盖；利用电流表、电压表判断电路故障的方法由 ext-phy-849ea9e86a-010b、ext-phy-4b2fecdd13-006 与 phys-ohmmeter-fault-reading 覆盖。,
dir_batch_020.csv#1678,PHYSICS,电源的功率问题,COVERED,命中节点 电源的功率问题；definition 的电源总功率（电源提供的总功率，即电源将其他形式的能转化为电能的功率，也叫电源消耗的功率）及其任意电路与纯电阻电路的表达式由 phys-hj-168-power-source-total-power（电源的总功率与内耗功率）、ext-phy-0d32a0171d-006（电源的总功率与内部消耗功率）与 ext-phy-b9dfe89822-007 覆盖。,
dir_batch_020.csv#1679,PHYSICS,电源输出功率:整个外电路上消耗的电功率.,COVERED,命中节点 电源输出功率-整个外电路上消耗的电功率；definition 的输出功率表达式、R＝r 时输出功率最大且效率只有 50%、R＞r 时随 R 增大输出功率减小与 R＜r 时随 R 增大输出功率增大，以及输出功率小于最大值时同一功率对应两个外电阻且 R1R2＝r² 由 phys-max-output-power、phys-output-power-two-resistors、phys-kb-max-output-power-r-equal、phys-fx-source-output-power-maximum 与 ext-phy-25530c0139-012b 覆盖。,
dir_batch_021.csv#1680,PHYSICS,纯电阻电路和非纯电阻电路的处理,COVERED,命中节点 纯电阻电路和非纯电阻电路的处理；definition 的公式选用、W>Q 与欧姆定律不成立由 phys-hj3-electric-work-heat-pure-circuit（纯电阻 W=Q=UIt=I²Rt，非纯电阻 W>Q 且电热只能用 I²Rt 计算）、phys-kb-electric-work-power-heat（电功 UIt 与电热 I²Rt 的适用范围）、phys-fx-electric-work-heat-pure-nonpure（P电=P热+P其他）覆盖；“躲着求 U 与 I、用能量守恒列电功等于电热加其他能量”由 ext-phy-25530c0139-013（非纯电阻电路的分析方法）覆盖；电动机不转动时仍为纯电阻由 ext-phy-bcef6e3e17-007（非纯电阻电路的两点注意）、ext-phy-e6aa914e50-013c（非纯电阻电路的辨析）覆盖,
dir_batch_021.csv#1681,PHYSICS,数学思想处理电路中的功率和效率问题,COVERED,命中节点 数学思想处理电路中的功率和效率问题；输出功率的极值方法与效率比较由 ext-phy-2aea59cfe3-007（动态电路中电阻和功率的动态分析：极值关系、效率公式、功率表达式）、ext-phy-1b4d7be486-002（用基本不等式求电路最大功率）、ext-phy-1b4d7be486-001b（电源的效率）覆盖；R=r 时输出功率最大与 P出<Pm 时 R1R2=r² 由 ext-phy-25530c0139-012b、phys-output-power-two-resistors、ext-phy-e6aa914e50-017、phys-hj3-output-power-vs-resistance 覆盖,
dir_batch_021.csv#1682,PHYSICS,等效电源法处理电路中的功率问题,COVERED,命中节点 等效电源法处理电路中的功率问题；等效电动势（两点间断路电压）与等效内阻（断路电压与短路电流之比）由 ext-phy-2aea59cfe3-006c、ext-phy-d485bf76cf-005、ext-phy-504a241474-005、phys-hj3-equivalent-source-idea 覆盖；定值电阻功率最大、变化电阻在 R变=r′ 时功率最大由 ext-phy-1e76bd2411-007、ext-phy-25530c0139-015、ext-phy-e6aa914e50-017b、ext-phy-6218e6f024-007 覆盖,
dir_batch_021.csv#1683,CHEMISTRY,元素周期表的结构,COVERED,命中节点 元素周期表的结构；原子序数＝核电荷数＝质子数＝核外电子数由 chem-hj-zhouqibiao-jiegou 覆盖；周期与族的编排原则由 chem-kb-periodic-table-layout、chem-hj2-yuansu-zhouqibiao-jiegou 覆盖；7 个横行 7 个周期、18 个纵列 16 个族由 ext-che-da2d86034b-209、ext-che-7d3d0bb0e9-002、ext-che-ba36058bd6-003 覆盖,
dir_batch_021.csv#1684,CHEMISTRY,原子结构与元素周期表的关系,COVERED,命中节点 原子结构与元素周期表的关系；definition 的原子结构与族的关系、周期表分区及各分区价层电子排布由 chem-hj2-yuansu-zhouqibiao-jiegou（周期数=电子层数，主族序数=最外层电子数）、ext-che-394fc0226d-001（周期序数与能层数关系及各族价层电子排布）、chem-kb-periodic-table-zones（按价层电子排布分为 s、p、d、ds、f 五个区）、chem-hj-zhouqibiao-fenqu 覆盖,
dir_batch_021.csv#1685,CHEMISTRY,元素周期表的应用,COVERED,命中节点 元素周期表的应用；三大应用（寻找未知元素、预测元素性质、指导寻找新材料）由 chem-kb-periodic-table-applications、chem-hj-f105-zhouqibiao-sanda-yingyong、ext-che-7d3d0bb0e9-004 覆盖；分区寻找物质（分界线附近找半导体、右上方找农药、过渡元素找催化剂与耐高温耐腐蚀合金）由 ext-che-b0216673fb-004、chem-kb-periodic-table-applications 覆盖；由递变规律预测未知元素性质由 ext-che-ba36058bd6-005 覆盖,
dir_batch_021.csv#1686,CHEMISTRY,元素周期律的内容及实质,COVERED,命中节点 元素周期律的内容及实质；元素性质随原子序数递增呈周期性变化、实质是核外电子排布呈周期性变化由 chem-kb-periodic-law-essence、ext-che-04574bf936-003、ext-che-7b3c6d5a4e-013 覆盖,
dir_batch_021.csv#1687,CHEMISTRY,主族元素的原子结构和元素性质的变化规律,COVERED,命中节点 主族元素的原子结构和元素性质的变化规律；原子结构的变化规律（原子半径递变）由 chem-periodic-atomic-radius、chem-kb-same-period-trend、chem-kb-same-group-trend 覆盖；元素性质的变化规律由 chem-periodic-metallic-property-trend、chem-periodic-electronegativity-trend、chem-periodic-ionization-energy-trend 覆盖；主族最高正价等于族序数与 F 无正价、O 无最高正价的例外由 ext-che-a73b5b4033-012b 覆盖,
dir_batch_021.csv#1688,CHEMISTRY,电离能,COVERED,命中节点 电离能；第一电离能的含义、符号与单位由 chem-kb-first-ionization-energy、ext-che-394fc0226d-006 覆盖；同周期 ⅡA、ⅤA 族反常与同主族向下减小由 chem-kb-ionization-energy-anomaly、ext-che-c8f0c72345-005、ext-che-260333ce0f-015 覆盖；逐级电离能越来越大并用于判断化合价与电子分层由 chem-kb-successive-ionization-energy、chem-hj-dianlineng-yingyong 覆盖,
dir_batch_021.csv#1689,CHEMISTRY,电负性,COVERED,命中节点 电负性；含义、相对标准与递变规律由 ext-che-394fc0226d-008（定义、相对标准、趋势及 1.8 界限）、ext-che-260333ce0f-016、chem-kb-electronegativity-concept 覆盖；三大应用由 ext-che-7d3d0bb0e9-011、ext-che-a73b5b4033-011 覆盖；Δχ>1.7 为离子键、Δχ<1.7 为共价键由 ext-che-b0216673fb-016 覆盖,
dir_batch_021.csv#1690,CHEMISTRY,对角线规则,COVERED,命中节点 对角线规则；某些主族元素与其右下方主族元素性质相似的定义与 Be-Al、Li-Mg、B-Si 三组实例由 chem-kb-diagonal-rule、chem-hj-duijiaoxian-sanzu-xiangsixing、ext-che-a73b5b4033-012 覆盖,
dir_batch_021.csv#1694,CHEMISTRY,元素的“位—构—性”关系,COVERED,命中节点 元素的“位—构—性”关系；原子结构、位置与性质三者相互推断（结构决定位置与性质、位置反映结构与性质）由 ext-che-7d3d0bb0e9-015、ext-che-a73b5b4033-013b、ext-che-c8f0c72345-002、ext-che-a73b5b4033-014 覆盖,
dir_batch_021.csv#1695,CHEMISTRY,“位－构－性”关系的应用,COVERED,命中节点 “位－构－性”关系的应用；由最外层电子数与电子层数推位置、再由位置推性质及注意 ⅡA 与 ⅢA 族原子序数差由 ext-che-cdf8a7a9f6-006、ext-che-e8fbafa6a3-014（位置、结构与性质的相互推断与四个基本关系式）覆盖；结构与性质互推由 ext-che-e8fbafa6a3-014b 覆盖,
dir_batch_021.csv#1696,CHEMISTRY,元素周期表中元素的原子序数的差值关系,COVERED,命中节点 元素周期表中元素的原子序数的差值关系；同周期 ⅡA 与 ⅢA 族相差 1、11、25 由 chem-kb-iia-iiia-atomic-number-diff、ext-che-a73b5b4033-012c 覆盖；同主族相邻周期相差 2、8、18、32 及按所在周期元素种数计算由 chem-kb-same-group-atomic-number-diff、ext-che-260333ce0f-003、ext-che-c8f0c72345-004 覆盖,
dir_batch_021.csv#1697,CHEMISTRY,元素周期表与原子结构的规律,COVERED,命中节点 元素周期表与原子结构的规律；最外层 3～7 个电子必为主族且等于族序数、最外层电子多于次外层在第二周期等电子排布推断规律由 chem-kb-main-group-inference-rules 覆盖；电子层结构相同的离子电性相同则同周期、电性不同则阳离子在阴离子下一周期由 chem-kb-same-config-ion-position 覆盖；主族最高正价等于族序数、最高正价与负价绝对值之和为 8 由 ext-che-a73b5b4033-012b 覆盖；最外层电子数相同不一定同族由 chem-hj2-zhouqibiao-jiegou-yiwcuo 覆盖,
dir_batch_021.csv#1699,CHEMISTRY,微粒半径大小比较,COVERED,命中节点 微粒半径大小比较；原子半径的同周期从左到右减小、同主族从上到下增大由 chem-kb-atomic-radius-comparison、chem-periodic-atomic-radius、ext-che-260333ce0f-014 覆盖；阴离子半径大于原子大于阳离子、低价阳离子大于高价阳离子、同电子层结构核电荷数越大半径越小由 chem-kb-ion-radius-comparison、ext-che-98e80691f8-013、ext-che-c8f0c72345-001c（三看法）覆盖,
dir_batch_021.csv#1701,CHEMISTRY,元素金属性强弱的判断,COVERED,命中节点 元素金属性强弱的判断；由周期表位置、金属活动性顺序、与水或酸反应剧烈程度、最高价氧化物对应水化物碱性、置换反应与阳离子氧化性强弱五条依据判断由 chem-kb-metallicity-criteria、chem-hj-jinshuxing-bijiao、ext-che-ba36058bd6-012、ext-che-260333ce0f-012 覆盖,
dir_batch_021.csv#1702,CHEMISTRY,元素非金属性强弱的判断,COVERED,命中节点 元素非金属性强弱的判断；由周期表位置、与氢气化合难易与氢化物稳定性、最高价氧化物对应水化物酸性、非金属单质间置换反应与阴离子还原性强弱判断由 chem-kb-nonmetallicity-criteria、chem-hj-feijinshuxing-bijiao、ext-che-ba36058bd6-012b、ext-che-260333ce0f-013 覆盖,
dir_batch_021.csv#1704,CHEMISTRY,电离能的三个重要应用,COVERED,命中节点 电离能的三个重要应用；判断金属性强弱、由 In+1≫In 判断常见化合价、判断核外电子分层排布由 chem-hj-dianlineng-yingyong、chem-kb-successive-ionization-energy、ext-che-7b3c6d5a4e-016b 覆盖；全空、半充满、全充满使第一电离能偏大并得出 N>O>C 由 chem-kb-ionization-energy-anomaly、ext-che-c8f0c72345-005、ext-che-b0216673fb-015 覆盖,
dir_batch_021.csv#1705,CHEMISTRY,电负性的三个重要应用,COVERED,命中节点 电负性的三个重要应用；判断金属性非金属性强弱、判断元素在化合物中的正负价、判断化学键类型由 chem-kb-electronegativity-applications、chem-hj-dianfuxing-yingyong、ext-che-7b3c6d5a4e-017b、ext-che-260333ce0f-017 覆盖；Δχ 与 1.7 的键型判断由 ext-che-b0216673fb-016 覆盖,
dir_batch_021.csv#1706,CHEMISTRY,元素周期表及其应用易混易错点,COVERED,命中节点 元素周期表及其应用易混易错点；ⅠA 族含氢不等于碱金属、第 18 列为 0 族、过渡元素范围、同周期阴阳离子半径关系等易错判断由 chem-kb-periodic-table-pitfalls、ext-che-ba36058bd6-003b 覆盖；能层数＝电子层数＝周期序数与主族序数＝最外层电子数由 chem-hj2-yuansu-zhouqibiao-jiegou、ext-che-394fc0226d-001 覆盖；周期律误区由 ext-che-b0216673fb-011b、ext-che-7d3d0bb0e9-017 覆盖,
dir_batch_021.csv#1707,CHEMISTRY,元素的性质比较和判断易混易错点,COVERED,命中节点 元素的性质比较和判断易混易错点；金属性与金属活动性的区别及两者顺序不完全一致由 chem-kb-metallicity-vs-activity、ext-che-269458a117-022（元素周期律的易混易错点：金属性与金属活动性、氢化物稳定性、半径比较、电离能反常）覆盖；气态氢化物稳定性与氢化物水溶液酸性无必然联系由 ext-che-c8f0c72345-009、ext-che-7d3d0bb0e9-017、ext-che-a73b5b4033-009 覆盖；金属阳离子半径小于同周期非金属阴离子半径由 ext-che-c8f0c72345-019 覆盖；ⅡA、ⅤA 族第一电离能反常由 chem-kb-ionization-energy-anomaly、ext-che-b0216673fb-015 覆盖；电负性 1.8 界限与类金属由 ext-che-394fc0226d-008 覆盖,
dir_batch_021.csv#1708,CHEMISTRY,结合“片段型”元素周期表推断短周期主族元素,COVERED,命中节点 结合“片段型”元素周期表推断短周期主族元素；由局部周期表片段或元素特征先定坐标原点再逐个推出其他元素由 ext-che-ba36058bd6-008、ext-che-b0216673fb-007、ext-che-4dd2e79693-034b 覆盖；同主族上下相邻二、三周期元素原子序数相差 8 由 chem-kb-same-group-atomic-number-diff、ext-che-c8f0c72345-004 覆盖,
dir_batch_021.csv#1709,CHEMISTRY,元素周期表的“四个关系式”,COVERED,命中节点 元素周期表的“四个关系式”；电子层数＝周期数、质子数＝原子序数、最外层电子数＝主族序数、主族最高正价＝主族序数与负价关系由 chem-kb-periodic-table-four-relations、ext-che-7b3c6d5a4e-002b、ext-che-b0216673fb-003b、chem-kb-atomic-number-relations 覆盖,
dir_batch_021.csv#1710,CHEMISTRY,掌握周期表的结构及周期表中的一些特殊规律,COVERED,命中节点 掌握周期表的结构及周期表中的一些特殊规律；“三短四长、七主七副八零完”口诀、各周期元素种类、稀有气体原子序数及位置、同主族上下相邻元素原子序数关系由 ext-che-cdf8a7a9f6-018、ext-che-ba36058bd6-008b、ext-che-7d3d0bb0e9-005 覆盖,
dir_batch_021.csv#1711,CHEMISTRY,根据文字描述信息推断元素,COVERED,命中节点 根据文字描述信息推断元素；文字叙述型推断先锁定特征物质再串条件、由特征反应与转化关系锁定元素由 ext-che-c8f0c72345-010、ext-che-ba0799dfd0-004b、ext-che-4dd2e79693-032、ext-che-ba36058bd6-021 覆盖；关注得失电子难易而非多少、必须以最高价氧化物对应水化物比较、须用最简单气态氢化物稳定性由 ext-che-a73b5b4033-009、ext-che-7d3d0bb0e9-017、ext-che-c8f0c72345-009 覆盖,
dir_batch_021.csv#1712,CHEMISTRY,根据分子（离子）结构推断元素,COVERED,命中节点 根据分子（离子）结构推断元素；由共价键数目与简单阴、阳离子电荷推最外层电子数、再由化合价代数和为零确定未知元素由 ext-che-ba0799dfd0-002、ext-che-ba0799dfd0-002b、ext-che-c8f0c72345-015、ext-che-394fc0226d-014 覆盖；多核离子结构中多余电子的归属由 ext-che-c8f0c72345-017、ext-che-4dd2e79693-034b 覆盖,
dir_batch_021.csv#1713,CHEMISTRY,反应热、焓变,COVERED,命中节点 反应热、焓变；等温条件下体系向环境放出或吸收的热量称为反应热、等压条件下反应热等于焓变、生成物总焓与反应物总焓之差、ΔH 的符号与单位由 chem-kb-reaction-heat-enthalpy、chem-hj-hanbian-gainian、chem-hj2-fanre-re-hanbian-dingyi、ext-che-6ed9df72fe-002、ext-che-5de6d65b20-003 覆盖,
dir_batch_021.csv#1715,CHEMISTRY,ΔH的计算公式,COVERED,命中节点 ΔH的计算公式；ΔH 可由内能差、键能差或活化能差三条途径计算由 chem-kb-delta-h-three-formulas 覆盖；按热化学方程式比例、燃烧热、键能差、盖斯定律等途径计算由 ext-che-e5f86d011f-023、ext-che-45d8808041-008 覆盖,
dir_batch_021.csv#1716,CHEMISTRY,燃烧热,COVERED,命中节点 燃烧热；燃烧热以 1 mol 纯物质完全燃烧生成指定产物为标准、文字表述可不带负号而 ΔH 必须为负由 chem-kb-combustion-heat、ext-che-fa5c662311-010、ext-che-5de6d65b20-009、chem-hj-ranshaore-gainian 覆盖,
dir_batch_021.csv#1723,CHEMISTRY,“五步”书写热化学方程式,COVERED,命中节点 “五步”书写热化学方程式；写配平方程式后依次标聚集状态、标条件、标 ΔH 与数值且计量数必须与 ΔH 对应由 chem-kb-thermochemical-equation-writing、ext-che-6ed9df72fe-006b、ext-che-fa5c662311-004、ext-che-5de6d65b20-004 覆盖,
dir_batch_021.csv#1726,CHEMISTRY,盖斯定律,COVERED,命中节点 盖斯定律；反应热只与体系的始态和终态有关而与途径无关、分步反应热之和等于一步完成的热效应由 chem-kb-hess-law、chem-hj-gaisidinglv、ext-che-6ed9df72fe-012、ext-che-fd24554fd4-004b、ext-che-596c6da0b6-017 覆盖；指定状态下各物质焓确定、焓差不变由 ext-che-5de6d65b20-014、ext-che-ce8d78405a-003 覆盖,
dir_batch_021.csv#1727,CHEMISTRY,盖斯定律的应用,COVERED,命中节点 盖斯定律的应用；难以直接测定的反应热可由已知热化学方程式通过加减与系数变换间接计算、目标反应的焓变为各反应焓变的代数和由 ext-che-70f6560213-001e、ext-che-4dd2e79693-058、ext-che-7feb6686e1-005、ext-che-6ed9df72fe-014 覆盖,
dir_batch_021.csv#1728,CHEMISTRY,反应热大小的比较,COVERED,命中节点 反应热大小的比较；按反应物的量、反应进行程度（完全燃烧）、反应物或生成物状态与特殊反应的放热情况四个角度比较 ΔH 由 wusan-che-v-3bd50175、ext-che-70f6560213-001d、ext-che-ce8d78405a-004、chem-hj-fanyingre-bijiao-sikanfa、ext-che-6ed9df72fe-013 覆盖,
dir_batch_021.csv#1732,CHEMISTRY,主要依据,COVERED,命中节点 主要依据（包内名称为“主要依据”）；计算反应热的依据（热化学方程式、键能、盖斯定律、燃烧热、中和热、反应物与生成物的总能量）由 ext-che-7feb6686e1-008、chem-kb-heat-calculation-methods、ext-che-45d8808041-008 覆盖,
dir_batch_021.csv#1733,CHEMISTRY,主要方法,COVERED,definition 为反应热计算的六条主要方法：按热化学方程式、按反应物与生成物的总能量、按键能、按盖斯定律（方程式加减与设计途径）、按燃烧热数值、按比热公式 Q＝cmΔT；包内节点 主要方法（名称“反应热的计算方法”）的材料 ext-che-45d8808041-008（根据热化学方程式、总能量、键能、盖斯定律、燃烧热与比热公式计算反应热的方法）完整覆盖六条途径，chem-kb-heat-calculation-methods、chem-kb-delta-h-three-formulas、ext-che-e5f86d011f-023 分列同组方法；mech 为 unmatched 但内容已被覆盖，故不另建点,
dir_batch_021.csv#1735,CHEMISTRY,反应热大小的比较规律,COVERED,命中节点 反应热大小的比较规律；吸热反应的 ΔH 大于放热反应、放热越多 ΔH 越小、比较 ΔH 必须带符号由 chem-kb-enthalpy-comparison-rules、ext-che-b08c6c1c61-023、ext-che-e5f86d011f-030 覆盖；完全燃烧比不完全燃烧放热多、气态反应物比固态放热多、生成液态产物比气态放热多由 ext-che-e5f86d011f-024、ext-che-ce8d78405a-005、ext-che-fa5c662311-017b 覆盖；可逆反应实际放热或吸热小于理论值由 chem-kb-reversible-reaction-actual-heat 覆盖,
dir_batch_021.csv#1738,CHEMISTRY,规避两个易失分点,COVERED,命中节点 规避两个易失分点；旧键断裂与新键形成同时进行、ΔH 与可逆性及中和热测定注意点由 ext-che-45d8808041-012（化学反应热效应的两个易失分点）覆盖；按断键吸收总能量与成键放出总能量之差计算 ΔH 由 ext-che-13d9ae606b-001b（由键能计算反应热）、ext-che-5de6d65b20-016（利用键能计算反应热，注意常见物质中化学键数目）覆盖,
dir_batch_021.csv#1739,CHEMISTRY,ΔH与反应的“可逆性”,COVERED,命中节点 ΔH与反应的“可逆性”；材料 chem-fx-yu-fan-ying-de-ke-ni-xing-f37x06 标题与节点同名，覆盖可逆反应的 ΔH 表示完全反应时的热量变化、与反应是否可逆无关；可逆反应不能进行完全、实际放出或吸收的热量小于理论值由 chem-kb-reversible-reaction-actual-heat 覆盖,
dir_batch_021.csv#1740,CHEMISTRY,中和热测定注意事项,COVERED,命中节点 中和热测定注意事项；碎泡沫塑料与硬纸板的保温隔热作用由 ext-che-1422ee20c2-018b（装置的内筒口封闭、保温层有效）覆盖；碱稍稍过量与用量热计测温差计算由 chem-kb-neutralization-heat-measurement、chem-hj2-zhonghehre-ceding-guanjian 覆盖；不能用铜丝搅拌棒由 ext-che-596c6da0b6-011 覆盖；用稀的强酸强碱、温度计洗净擦干、取温度差平均值代入计算由 ext-che-6ed9df72fe-010、ext-che-e5f86d011f-018 覆盖,
dir_batch_021.csv#1741,CHEMISTRY,中和热、燃烧热的注意点,COVERED,命中节点 中和热、燃烧热的注意点；中和热与燃烧热的焓变均为负值、两者都是放热反应的热效应由 ext-che-70f6560213-001、chem-hj2-ranreshao-zhonghere-bijiao 覆盖；用热化学方程式表示时中和热必须生成 1 mol 水、燃烧热必须为 1 mol 可燃物由 ext-che-e5f86d011f-013、ext-che-596c6da0b6-010、ext-che-b08c6c1c61-009 覆盖,
dir_batch_021.csv#1742,CHEMISTRY,化学反应的热效应的易混易错点,COVERED,命中节点 化学反应的热效应的易混易错点；不能根据反应条件判断吸放热、溶解与相变的热量变化不是反应热由 chem-kb-heat-judge-pitfalls 覆盖；有能量变化不等于放热反应、催化剂不改变焓变由 ext-che-e5f86d011f-008 覆盖；三态变化时能量由固态到液态到气态依次升高由 ext-che-b08c6c1c61-003 覆盖；化学反应的本质是旧键断裂与新键形成由 ext-che-6ed9df72fe-002、ext-che-45d8808041-012 覆盖,
dir_batch_021.csv#1744,CHEMISTRY,热化学方程式书写注意事项,COVERED,命中节点 热化学方程式书写注意事项；注明反应条件、物质状态、ΔH 的符号与单位、计量数必须与 ΔH 对应由 chem-hj-rexuehuaxue-fangchengshi-shuxie、ext-che-6ed9df72fe-006b、ext-che-fa5c662311-004、ext-che-5de6d65b20-004 覆盖；不标 ↑↓ 与同素异形体须注明名称由 chem-hj-rexue-fangchengshi-buchong-guize、ext-che-b08c6c1c61-005 覆盖,
dir_batch_021.csv#1745,CHEMISTRY,做到“五看”，快速判断热化学方程式的正误,COVERED,命中节点 做到“五看”，快速判断热化学方程式的正误；看是否配平、看聚集状态、看 ΔH 符号、看单位、看数值与计量数是否对应由 chem-kb-five-checks-thermochemical、chem-hj2-wukan-rehuaxue-zhengwu、ext-che-b08c6c1c61-008、ext-che-70f6560213-001b、ext-che-5de6d65b20-008 覆盖,
dir_batch_021.csv#1747,CHEMISTRY,利用盖斯定律书写热化学方程式的一般步骤,COVERED,命中节点 利用盖斯定律书写热化学方程式的一般步骤；先确定待求方程式、由已知方程式调方向与系数再相加计算并写出待求方程式、最后检查由 ext-che-da2d86034b-093（盖斯定律计算反应热三步法）、chem-kb-hess-operation-rules（颠倒方向 ΔH 变号、乘系数 ΔH 同乘）、ext-che-e5f86d011f-023b（三调一加）、chem-fx-jie-ti-de-yi-ban-bu-zhou-f06x03 覆盖,
dir_batch_021.csv#1749,CHEMISTRY,分析图像书写热化学方程式。,COVERED,命中节点 分析图像书写热化学方程式。；由图读反应物与生成物的总能量差得 ΔH、再注明聚集状态与化学计量数、放热为负吸热为由 ext-che-64bd06eed2-006 覆盖；definition 的图甲、图乙、图丙三小题为同一方法的情境应用（NO2 与 CO 反应、氧族元素氢化物焓变、含氯微粒相对能量）,
dir_batch_021.csv#1751,CHEMISTRY,化学反应速率及表示方法,COVERED,命中节点 化学反应速率及表示方法；含义、用单位时间内浓度变化表示、数学表达式与常用单位 mol/(L·s) 或 mol/(L·min) 由 chem-kb-reaction-rate-definition、chem-hj2-fanying-sulv-gainian-biaoshi、ext-che-bd9b97b326-001、ext-che-07f8494b58-003 覆盖；一般指平均速率且取正值、同反应不同物质表示速率数值不同而意义相同、固体或纯液体不能用浓度变化计算速率由 ext-che-b3c0f75ea5-002b、chem-hj2-sulv-qita-biaoshi-fangfa、ext-che-20d30e5ba6-001、chem-hj-sulv-pingjun-shunshi 覆盖,
dir_batch_021.csv#1752,CHEMISTRY,化学反应速率与化学计量数的关系,COVERED,命中节点 化学反应速率与化学计量数的关系；同一反应中用不同物质表示的速率之比等于浓度变化量之比、物质的量变化量之比与化学计量数之比（v(A)∶v(B)∶v(C)∶v(D)＝a∶b∶c∶d）由 chem-kb-rate-stoichiometric-ratio、ext-che-07f8494b58-004、ext-che-bd9b97b326-001b、chem-hj2-huaxue-jiliang-shu-zhi-bi 覆盖,
dir_batch_021.csv#1753,CHEMISTRY,化学反应速率的计算方法,COVERED,命中节点 化学反应速率的计算方法；用定义公式 v＝Δc/Δt 计算由 chem-kb-reaction-rate-definition、ext-che-b3c0f75ea5-003 覆盖；关系式法（速率之比等于计量数之比）由 chem-kb-rate-stoichiometric-ratio、ext-che-bd9b97b326-001b 覆盖；三段式（写出方程式、找起始量转化量某时刻量、列方程计算）由 chem-kb-rate-three-stage-method、chem-hj-sulv-sanduanshi、ext-che-988f19d372-003、ext-che-16414d5f4e-003、ext-che-688f01431f-003 覆盖,
dir_batch_021.csv#1754,CHEMISTRY,化学反应速率的测定,COVERED,命中节点 化学反应速率的测定；利用与物质浓度有关的可观测量测定、分直接观察与科学仪器测定两类方法由 chem-kb-rate-measurement-methods、ext-che-16414d5f4e-009、ext-che-07f8494b58-006b、ext-che-b3c0f75ea5-006 覆盖；有气体、有固体、有酸碱、有颜色或沉淀四类反应体系的测定方案（气体体积或耗时、固体质量、pH 变化、变色与变浑浊耗时）由 ext-che-07f8494b58-007、ext-che-bd9b97b326-003 覆盖,
dir_batch_021.csv#1756,CHEMISTRY,外界条件对化学反应速率的影响规律,COVERED,命中节点 外界条件对化学反应速率的影响规律；浓度与压强的影响（增大浓度或增大气体压强均加快速率）由 chem-kb-rate-external-factors、chem-hj-nongdu-yaqiang-yingxiang、ext-che-07f8494b58-013b 覆盖；温度与催化剂的影响由 chem-hj-wendu-cuihuaji-yingxiang、ext-che-20d30e5ba6-011 覆盖；固体表面积、反应物状态与形成原电池等其他因素由 ext-che-07f8494b58-014、ext-che-bd9b97b326-004 覆盖,
dir_batch_021.csv#1757,CHEMISTRY,有效碰撞理论解释外因对化学反应速率的影响,COVERED,命中节点 有效碰撞理论解释外因对化学反应速率的影响；有效碰撞须具备足够能量与合适取向、能发生有效碰撞的分子为活化分子、活化能概念由 chem-kb-collision-theory-basics、chem-hj-youxiao-pengzhuang-lilun、ext-che-988f19d372-013、ext-che-16414d5f4e-013 覆盖；浓度与压强只改变单位体积活化分子数、温度与催化剂增大活化分子百分数由 ext-che-20d30e5ba6-018、ext-che-20d30e5ba6-019 覆盖；活化能差与反应热的关系由 ext-che-70f6560213-001c 覆盖,
dir_batch_022.csv#1760,CHEMISTRY,基元反应,COVERED,命中节点 基元反应 自身材料 chem-kb-elementary-reaction-mechanism（每一步都称为基元反应、慢反应为决速步骤）、ext-che-07f8494b58-019b（基元反应与速率方程：速率方程由计量数直接写出）、ext-che-bd9b97b326-007（基元反应的含义与速率方程的形式）；速率常数 k 只与温度有关见节点 速率常数和速率方程 材料 ext-che-16414d5f4e-015；definition 关键词：每一步反应都称为基元反应、v＝k·c(A)·c(B)、恒温下 k 不因反应物浓度的改变而变化,
dir_batch_022.csv#1761,CHEMISTRY,反应机理,COVERED,命中节点 反应机理 自身材料 ext-che-07f8494b58-020（反应历程是基元反应构成的序列、慢反应决定整体速率）、ext-che-cc05627a9e-002（反应历程、决速反应与决速浓度）、ext-che-70f6560213-003、chem-fx-fan-ying-ji-li-f03x18；复杂反应由若干基元反应组成见 chem-kb-elementary-reaction-mechanism；definition 关键词：反应历程又称反应机理、基元反应的总和称为总反应、慢反应为整个反应的决速步骤,
dir_batch_022.csv#1762,CHEMISTRY,过渡态理论,COVERED,命中节点 过渡态理论 自身材料 chem-kb-transition-state-theory（过渡态与活化能的定义）、ext-che-bd9b97b326-007b（活化络合物、活化能与 Ea1 与 Ea2 与 ΔH）、ext-che-fbecdc2b14-006（过渡态能量与反应物平均能量之差相当于活化能）、ext-che-cc05627a9e-004；definition 关键词：高能的过渡态、活化络合物、活化能是过渡态的活化络合物分子平均能量与反应物分子平均能量之差,
dir_batch_022.csv#1763,CHEMISTRY,催化剂与反应历程,COVERED,命中节点 催化剂与反应历程 自身材料 wusan-che-v-3caa91a8（催化剂降低活化能但不改变 ΔH）、ext-che-07f8494b58-021（催化剂把总反应拆成多步）、ext-che-bd9b97b326-008（加催化剂后分步反应的活化能比较与决速步骤）、chem-hj-cuihuaji-tesheng-lizeng；definition 关键词：降低化学反应所需的活化能、使用催化剂同等降低了正反应和逆反应的活化能但不改变 ΔH、加入催化剂 K 后反应分两步,
dir_batch_022.csv#1764,CHEMISTRY,化学反应速率及其计算,COVERED,命中节点 化学反应速率及其计算 自身材料 ext-che-be450e5021-001（平均速率而非瞬时速率、一律取正值、不同物质速率与化学计量数的关系）、ext-che-fcb3194bcf-003（由图像计算速率并确定化学计量数之比）、ext-che-b3c0f75ea5-004（三段式表格计算速率的要点，含固体和纯液体不计入浓度变化）；definition 关键词：平均速率而不是瞬时速率、固体或纯液体的浓度视为常数、由图像确定反应物和生成物与化学计量数,
dir_batch_022.csv#1765,CHEMISTRY,化学反应速率的比较,COVERED,命中节点 化学反应速率的比较 自身材料 ext-che-07f8494b58-005（用实验现象定性判断快慢、把不同物质表示的速率归一再比较）、ext-che-16414d5f4e-008（归一法与比值法）、chem-kb-rate-comparison-methods、chem-hj-sulv-dingxing-dingliang-bijiao、ext-che-b3c0f75ea5-011；definition 关键词：定性比较看现象、比较时应统一单位、归一法、比值法,
dir_batch_022.csv#1767,CHEMISTRY,影响化学反应速率的因素,COVERED,命中节点 影响化学反应速率的因素 自身材料 ext-che-bd9b97b326-012（固体和纯液体对速率无影响但要注意液态水的稀释作用、浓度的改变必须是真正参加反应离子的浓度、恒温恒容充惰性气体速率不变等四种压强情景、催化剂同等程度改变正逆速率）、ext-che-688f01431f-005（浓度与压强对速率的影响及溶液稀释的分析）、ext-che-69f3a61f89-001（内因外因体系与稀有气体的影响）；definition 关键词：固体和纯液体、水对溶液的稀释作用、真正参加反应离子的浓度、充入惰性气体、压缩体积压强增大,
dir_batch_022.csv#1768,CHEMISTRY,催化剂与化学反应,COVERED,命中节点 催化剂与化学反应 自身材料 ext-che-bd9b97b326-014（无催化剂时 E1 为正反应活化能、E2 为逆反应活化能、E1－E2 为焓变；有催化剂时总反应分成两步且反应①吸热、反应②放热；催化剂降低 E1 与 E2 但不影响 ΔH）、ext-che-5bbd870f70-003、ext-che-20d30e5ba6-011b；definition 关键词：E1 为正反应的活化能、E1－E2 为此反应的焓变、反应①为吸热反应、降低 E1 与 E2 但不影响 ΔH,
dir_batch_022.csv#1769,CHEMISTRY,能垒与决速步骤,COVERED,命中节点 能垒与决速步骤 自身材料 ext-che-bd9b97b326-014b（能垒的含义、决速步骤的确定与催化剂效果、竞争反应的比较）、chem-rate-determining-step、ext-che-4dd2e79693-069c（能垒降低幅度越大催化效果越好、竞争反应中能垒越小的产物占比越高）、ext-che-70f6560213-002b；definition 关键词：向上爬坡最高的为能垒、多步反应中能垒最大的反应为决速反应、竞争反应中能垒越小的产物占比越高,
dir_batch_022.csv#1771,CHEMISTRY,关于化学反应速率易错易混点,COVERED,命中节点 关于化学反应速率易错易混点 自身材料 ext-che-be450e5021-021（计算得到的是平均速率而非瞬时速率、一律取正值、必须标明是哪种具体物质、固体和纯液体的浓度视为常数）、ext-che-20d30e5ba6-003b（表示化学反应速率的四条规范）、ext-che-862daf9cec-002、ext-che-16414d5f4e-012b；definition 关键词：一般不用固体或纯液体物质表示、平均速率而不是瞬时速率、均取正值、一定要标明是哪种具体物质,
dir_batch_022.csv#1772,CHEMISTRY,认识外界因素对化学反应速率影响的误区,COVERED,命中节点 认识外界因素对化学反应速率影响的误区 自身材料 ext-che-b3c0f75ea5-021b（反应进行中速率未必减小、不能用物质的量代替浓度、纯固体虽不能表示速率却可通过颗粒大小影响速率、压强增大速率未必增大）、ext-che-07f8494b58-016、ext-che-988f19d372-017、ext-che-20d30e5ba6-013；definition 关键词：误认为速率一定逐渐减小、误用物质的量代替物质的量浓度、误认为纯固体和纯液体不会改变速率、误认为只要增大压强速率一定增大,
dir_batch_022.csv#1773,CHEMISTRY,速率常数和速率方程,COVERED,命中节点 速率常数和速率方程 自身材料 chem-kb-rate-equation-and-constant（基元反应 v＝k·c(A)·c(B)、k 只与温度有关）、ext-che-16414d5f4e-015（速率常数是给定温度下反应物浓度均为 1 mol/L 时的反应速率、只随温度改变）、ext-che-00be305a22-009、chem-hj2-sulv-changshu-sulvfangcheng（k 是温度的函数、与浓度无关）；definition 关键词：速率常数指在给定温度下反应物浓度皆为 1 mol·L－1 时的反应速率、浓度与压强不影响速率常数,
dir_batch_022.csv#1774,CHEMISTRY,控制变量法探究影响化学反应速率的因素,COVERED,命中节点 控制变量法探究影响化学反应速率的因素 自身材料 ext-che-b3c0f75ea5-026b（确定变量、定多变一、数据有效三步策略）、ext-che-07f8494b58-018、chem-kb-controlled-variable-method-rate、ext-che-988f19d372-019、ext-che-bd9b97b326-019；definition 关键词：确定变量、定多变一、数据有效、只变化一种因素研究这种因素的影响结果,
dir_batch_022.csv#1775,CHEMISTRY,从原子结构角度认识氯气的氧化性,COVERED,命中节点 从原子结构角度认识氯气的氧化性 自身材料 ext-che-54aebd19bf-001（氯原子易得 1 个电子、氯气氧化性强、与金属反应生成高价金属氯化物）、ext-che-a84e8e6b50-002b（与变价金属生成高价氯化物、与非金属及还原性物质反应表现强氧化性）、ext-che-9635499c18-001b；definition 关键词：氯原子很容易得到 1 个电子形成 8 电子稳定结构、与变价金属反应生成高价金属氯化物,
dir_batch_022.csv#1776,CHEMISTRY,从化合价的角度认识Cl2的化学性质——歧化反应,COVERED,命中节点 从化合价的角度认识cl2的化学性质-歧化反应 自身材料 chem-kb-cl2-disproportionation-water-base（氯气与水或碱反应时氯的化合价既升又降、既表现氧化性又表现还原性）、chem-hj2-cl2-qihua-shui-jian、ext-che-54aebd19bf-001b、ext-che-45e2028183-003b；definition 关键词：氯的化合价既有升高又有降低、既表现氧化性又表现还原性、与水反应、与碱的反应,
dir_batch_022.csv#1777,CHEMISTRY,次氯酸和次氯酸盐,COVERED,命中节点 次氯酸和次氯酸盐 自身材料 ext-che-45e2028183-005（次氯酸的不稳定性、强氧化性和弱酸性以及漂白液的制备与漂白原理）、ext-che-7e23550f0c-004（漂白液与漂白粉的制备、主要成分与有效成分、次氯酸盐的强氧化性）、ext-che-5292ff1265-007（HClO 是易溶于水的一元弱酸且酸性弱于碳酸）、ext-che-287f03dd74-006b；definition 关键词：不稳定性、强氧化性、弱酸性、H2CO3 与 HClO 的强弱标度、漂白液的有效成分,
dir_batch_022.csv#1781,CHEMISTRY,Cl2的实验室制法,COVERED,命中节点 cl2的实验室制法 自身材料 chem-hj-shiyanshi-zhi-lvqi（用强氧化剂氧化浓盐酸制氯气、向上排空气法收集、NaOH 吸收尾气）、ext-che-a84e8e6b50-012（按发生、除杂、收集、验满、尾气处理的顺序组装装置）、ext-che-d62612a9e4-004（二氧化锰与浓盐酸加热、饱和食盐水除 HCl、浓硫酸除水）、ext-che-35834ffed3-007；definition 关键词：用强氧化剂氧化浓盐酸、固体加液体、净化方法、收集方法、尾气吸收,
dir_batch_022.csv#1782,CHEMISTRY,工业制法,COVERED,命中节点 工业制法 自身材料 ext-che-a84e8e6b50-014（工业上用电解饱和食盐水或电解熔融 NaCl 制取氯气）、ext-che-45e2028183-013（电解饱和食盐水制氯气的原理与流程）、ext-che-d448baba5f-016（阳极得氯气、阴极得氢气与烧碱）；definition 关键词：电解饱和食盐水、反应的化学方程式,
dir_batch_022.csv#1784,CHEMISTRY,卤族元素,COVERED,命中节点 卤族元素 自身材料 ext-che-35834ffed3-012（都能与金属、氢气、水和碱反应且随核电荷数增大氧化性减弱、颜色加深）、ext-che-d448baba5f-021、ext-che-9da7ad2f4a-032、wusan-che-v-ff71ebea（相似性递变性与特殊性）、ext-che-6e671fea2f-001（氟的特殊性）；definition 关键词：相似性、卤素单质性质的递变性、卤素单质的特殊性,
dir_batch_022.csv#1785,CHEMISTRY,卤素离子的检验方法,COVERED,命中节点 卤素离子的检验方法 自身材料 chem-kb-halide-ion-tests（AgNO3 沉淀法、置换萃取法与氧化淀粉法）、ext-che-45e2028183-019、ext-che-d448baba5f-025、chem-hj2-lusu-lizi-jianyan-agno3（先加稀硝酸酸化再加 AgNO3 按沉淀颜色判断）；definition 关键词：AgNO3 溶液沉淀法、置换萃取法、氧化淀粉法检验 I－,
dir_batch_022.csv#1786,CHEMISTRY,海水提取溴,COVERED,命中节点 海水提取溴 自身材料 chem-hj-haishui-tixiu（浓缩海水后通氯气氧化、热空气吹出、SO2 吸收富集、再氧化蒸馏得溴）、ext-che-35834ffed3-013（浓缩、氧化、吹出、吸收、蒸馏五步）、ext-che-54aebd19bf-008b（Br-经氯气氧化、空气吹出、SO2 吸收后再氧化）、chem-kb-seawater-bromine-iodine-extraction；definition 关键词：通热空气和水蒸气吹出、2NaBr＋Cl2、Br2＋SO2＋2H2O、2HBr＋Cl2,
dir_batch_022.csv#1787,CHEMISTRY,海带中提取碘,COVERED,命中节点 海带中提取碘 自身材料 chem-hj-haidai-tidian（灼烧灰化、浸泡过滤后氧化 I- 为 I2 再萃取分液蒸馏）、ext-che-6e671fea2f-004（灼烧、溶解过滤后用 Cl2 或酸性 H2O2 氧化再萃取）、ext-che-54aebd19bf-008c（通入氯气将 I- 氧化成 I2 再用有机溶剂萃取）、ext-che-a84e8e6b50-022b；definition 关键词：海带、Cl2＋2I－、灼烧与溶解与氧化,
dir_batch_022.csv#1788,CHEMISTRY,实验室制取氯气装置的改进,COVERED,命中节点 实验室制取氯气装置的改进 自身材料 ext-che-7e23550f0c-007（恒压滴液漏斗、长颈漏斗与固体干燥剂在氯气制备装置中的作用）、ext-che-d448baba5f-014（氯气制取装置的气密性检查与改进）、chem-hj-guangkouping-duoyongtu-zuhe（广口瓶可作集气、洗气、安全瓶、量气装置）、chem-hj-fangdaoxi-zhuangzhi-santype（防倒吸装置的三种类型）；definition 关键词：制取氯气并以氯气为原料进行特定反应的装置、多余的氯气可以贮存在 b 瓶中、怎样检验装置 G 的气密性,
dir_batch_022.csv#1789,CHEMISTRY,氯及其化合物的知识盲点,COVERED,命中节点 氯及其化合物的知识盲点 自身材料 ext-che-54aebd19bf-012（逐条对应 definition 的液氯与氯水保存、1 mol Cl2 转移电子数、其他氧化剂制 Cl2、酸性 KMnO4 用硫酸酸化、ClO－的强氧化性与水解性）、ext-che-51e309bf0b-002b、ext-che-3f355ed99d-004（ClO－与还原性离子的共存）；definition 关键词：转移电子数可能为 2NA 或 NA 或小于 NA、酸性 KMnO4 溶液用 H2SO4 酸化而不能是盐酸,
dir_batch_022.csv#1790,CHEMISTRY,实验室用MnO2和浓盐酸制取Cl2时注意“四点”,COVERED,命中节点 实验室用mno2和浓盐酸制取cl2时注意-四点 自身材料 ext-che-54aebd19bf-014（控温减少 HCl 挥发、必须用浓盐酸加热、先排气后拆装置、尾气用 NaOH 吸收四点）、chem-kb-cl2-preparation-cautions、ext-che-a84e8e6b50-013、chem-fx-shi-yan-jie-shu-hou-f20x03；definition 关键词：加热温度不宜过高、必须用浓盐酸加热、先使反应停止并排出残留的 Cl2、用 NaOH 溶液吸收 Cl2,
dir_batch_022.csv#1791,CHEMISTRY,卤族元素的易错点,COVERED,命中节点 卤族元素的易错点 自身材料 ext-che-54aebd19bf-015（氟不能从盐溶液中置换卤素、I2 只能把铁氧化为 Fe2＋、卤化氢酸性递变与稳定性相反）、ext-che-a84e8e6b50-020（六个易错点含加碘盐的成分是 KIO3）、ext-che-5292ff1265-017（AgX 溶解性与光敏性、HF 腐蚀玻璃）、ext-che-d448baba5f-022、ext-che-6e671fea2f-001c；definition 关键词：氟不能进行相应的置换、I2 只能将铁氧化为 Fe2＋、加碘食盐中的碘是 KIO3、CaF2 难溶于水而 AgF 易溶,
dir_batch_022.csv#1793,CHEMISTRY,从海水中提取物质的思路,COVERED,命中节点 从海水中提取物质的思路 自身材料 ext-che-6e671fea2f-004c（提溴提碘的共同思路是先把-1 价离子氧化为单质再富集分离）、ext-che-54aebd19bf-016（实质是氧化为单质、关键是富集）、chem-fx-cong-hai-shui-zhong-ti-qu-wu-zhi-di-si-f21x08、ext-che-31dd412224-002；definition 关键词：将其-1 价离子氧化成单质、如何将大量海水中分布的元素富集起来、氧化吹出吸收再氧化、灼烧与溶解,
dir_batch_022.csv#1795,CHEMISTRY,含氯消毒剂的计算与比较,COVERED,命中节点 含氯消毒剂的计算与比较 自身材料 ext-che-54aebd19bf-017（有效氯含量指每克含氯消毒剂的氧化能力相当于多少克 Cl2 的氧化能力）、ext-che-31dd412224-008（含氯消毒剂的消毒能力比较）、ext-che-54aebd19bf-013；definition 关键词：有效氯含量、每克含氯消毒剂的氧化能力相当于多少克 Cl2 的氧化能力,
dir_batch_022.csv#1797,CHEMISTRY,物质的组成,COVERED,命中节点 物质的组成 自身材料 ext-che-d8d6d8578f-001（元素与物质的关系、同素异形体、纯净物与混合物及氧化物再分类）、wusan-chem-ch1-composition（宏观上由元素组成、微观上由分子原子离子构成）、ext-che-54f0f2bb90-003、ext-che-81d97b1c5e-001；definition 关键词：元素与物质的关系、同素异形体,
dir_batch_022.csv#1798,CHEMISTRY,物质的分类,COVERED,命中节点 物质的分类 自身材料 chem-kb-matter-classification-methods（树状分类法按层次逐级分类、交叉分类法从多个角度对同一物质分类）、ext-che-54f0f2bb90-004b（两种方法的含义与实例）、wusan-che-v-fced6740、ext-che-394d61720c-004；definition 关键词：树状分类法逐级分类各层次属于包含关系、交叉分类法从不同角度分类结果存在交叉关系,
dir_batch_022.csv#1800,CHEMISTRY,物理变化与化学变化的两种判断方法,COVERED,命中节点 物理变化与化学变化的两种判断方法 自身材料 chem-kb-phys-chem-change-judgment（有新物质生成的是化学变化、微观上旧键断裂同时新键形成）、ext-che-d8d6d8578f-003（宏观与微观两个视角）、ext-che-54f0f2bb90-010（化学键断裂不能单独作为判断依据）、ext-che-3d616da613-004；definition 关键词：从宏观上判断、从微观上判断、只有化学键断裂或形成的不一定是化学变化、NaCl 晶体的熔化,
dir_batch_022.csv#1801,CHEMISTRY,不同类别的物质之间的转化关系,COVERED,命中节点 不同类别的物质之间的转化关系 自身材料 ext-che-3ce5fd3c1d-011b（强制弱、易溶制难溶、难挥发制易挥发三条转化规律）、ext-che-aa83e6fece-009b（单质、氧化物、酸、碱、盐之间可以相互转化）、chem-kb-element-to-salt-transform-chains、chem-hj-wujizhuanhua-yibuguii；definition 关键词：单质、氧化物、酸、碱和盐的转化关系、强制弱规律、易溶制难溶规律,
dir_batch_022.csv#1805,CHEMISTRY,分散系的分类,COVERED,命中节点 分散系的分类 自身材料 wusan-chem-ch1-dispersion-classify（按分散质粒子直径把分散系分为溶液、胶体和浊液）、ext-che-b0ee88eeed-017（分散系的组成与三种分类依据）、ext-che-72c8f8a60f-007（胶体按分散剂状态的分类）、ext-che-3d6a64f5a9-002b；definition 关键词：按照分散质粒子直径大小分类、按照分散质和分散剂的状态分类,
dir_batch_022.csv#1806,CHEMISTRY,胶体,COVERED,命中节点 胶体 自身材料 ext-che-025004618b-016（胶粒带电来源、电泳方向与聚沉的方法和应用）、ext-che-96397bfcc6-024（丁达尔效应、渗析、聚沉的应用）、ext-che-394d61720c-018、wusan-che-v-4de1dbc4；胶体按分散剂状态分为气溶胶、液溶胶、固溶胶见节点 分散系的分类 材料 ext-che-72c8f8a60f-007；definition 关键词：气溶胶、液溶胶、固溶胶、使胶体聚沉的常见方法,
dir_batch_022.csv#1809,CHEMISTRY,Fe(OH)3胶体的制备,COVERED,命中节点 fe-oh-3胶体的制备 自身材料 chem-kb-feoh3-colloid-preparation（蒸馏水加热至沸腾逐滴加入饱和 FeCl3 溶液、不能用自来水、不能过度加热、提纯用渗析）、ext-che-1422ee20c2-018（规范操作与把饱和 FeCl3 直接滴入 NaOH 只得沉淀）、chem-hj2-fe-oh3-jiaoti-zhibei-zhuyi（稍沸即停、滴加时振荡但不能搅拌）、ext-che-3ce5fd3c1d-019；definition 关键词：加热至沸腾、逐滴加入、液体呈红褐色、证明胶体已经制成、提纯,
dir_batch_022.csv#1810,CHEMISTRY,常见的混合物,COVERED,命中节点 常见的混合物 自身材料 chem-hj-changjian-hunhevu-qingdan（熟记常见气体、液体、固体混合物的组成）、ext-che-54f0f2bb90-005（按气态、液态、固态三类归纳常见混合物）、ext-che-0012df4ce9-004b、ext-che-025004618b-004；definition 关键词：空气、水煤气、氨水、氯水、王水、水玻璃、大理石、碱石灰、漂白粉,
dir_batch_022.csv#1811,CHEMISTRY,氧化物的类型,COVERED,命中节点 氧化物的类型 自身材料 ext-che-54f0f2bb90-004（酸性、碱性、两性、不成盐和特殊氧化物五类氧化物的定义与实例）、chem-kb-oxide-classification（分类与判断误区）、ext-che-81d97b1c5e-003（四种类型与判断依据）；definition 关键词：酸性氧化物、碱性氧化物、两性氧化物、不成盐氧化物、Na2O2,
dir_batch_022.csv#1815,CHEMISTRY,不同类别的无机物之间转化的一般规律,COVERED,命中节点 不同类别的无机物之间转化的一般规律 自身材料 ext-che-aa83e6fece-010（金属单质经碱性氧化物、碱转化为盐，非金属单质经酸性氧化物、酸转化为盐）、ext-che-998cdd8cea-005（给出两条转化链与适用元素范围）、ext-che-54f0f2bb90-008、ext-che-3d616da613-004b；definition 关键词：Na 与 K 与 Ca 与 Ba 符合而 Mg 与 Fe 与 Al 与 Cu 不符合、C 与 S 与 P 符合而 N 与 Si 不符合,
dir_batch_022.csv#1819,CHEMISTRY,胶体的性质及应用,COVERED,命中节点 胶体的性质及应用 自身材料 ext-che-394d61720c-019（淀粉胶体为分子胶体、胶粒不带电、通电后也不会发生电泳）、ext-che-e47f5611e7-001b（聚沉的条件与应用、胶体呈电中性）；聚沉属物理变化、蛋白质的盐析属于聚沉而变性不属于聚沉且属化学变化见 chem-kb-colloid-coagulation-methods（节点 fe-oh-3胶体的制备）与 ext-che-54f0f2bb90-018（节点 胶体知识易错点）；definition 关键词：胶体聚沉属于物理变化、蛋白质的盐析、不是所有胶体都有电泳现象,
dir_batch_022.csv#1820,CHEMISTRY,书写Fe(OH)3胶体制备的化学方程式的五个易错点：,COVERED,条目内容等价于包内真实节点 书写fe-oh-3胶体制备的化学方程式的五个易错点 的材料 ext-che-54f0f2bb90-017（用等号连接、Fe(OH)3 后注明胶体不标沉淀符号、条件写加热、HCl 后不标气体符号）与 ext-che-0012df4ce9-027b（四项书写约定）；第⑤条先沉淀后溶解见 chem-kb-feoh3-colloid-preparation 的边界（向 Fe(OH)3 胶体中滴加稀硫酸现象为先沉淀后溶解）；注：ext-che-0012df4ce9-027b 写「用可逆符号而不是等号」与本条目及同节点 ext-che-54f0f2bb90-017 的「用等号」相反，疑该材料有误，建议复核,
dir_batch_022.csv#1823,CHEMISTRY,对氧化物认识的几个误区,COVERED,命中节点 对氧化物认识的几个误区 自身材料 ext-che-e47f5611e7-001（氧化物、酸性氧化物、碱性氧化物的分类与性质关系中的常见误区）、ext-che-2b8a636a64-016（与酸反应生成盐和水的氧化物不一定是碱性氧化物、Na2O2 与 Al2O3 与 Mn2O7 逐一判断）、ext-che-aa83e6fece-004b（金属氧化物不一定是碱性氧化物、酸性氧化物不一定是非金属氧化物）、ext-che-3ce5fd3c1d-005；definition 关键词：Mn2O7 是酸性氧化物、NO 与 CO 是不成盐氧化物、SiO2 与 Fe2O3 不溶于水也不与水反应、2NO2＋2NaOH,
dir_batch_022.csv#1824,CHEMISTRY,常见的物质分类的几个误区,COVERED,命中节点 常见的物质分类的几个误区 自身材料 ext-che-2b8a636a64-015（溶液显酸碱性的物质不一定是酸碱、只含一种元素的物质不一定是单质、结晶水合物属于纯净物）、ext-che-025004618b-005（化合物类型、纯净物与混合物、几元酸以及氧化物认识上的常见错误说法）、ext-che-3ce5fd3c1d-004b、ext-che-0012df4ce9-005b；definition 关键词：NaHSO4 与 NH4Cl 溶液呈酸性、Na2O2 不属于碱性氧化物、CH3COOH 是一元酸,
dir_batch_022.csv#1825,CHEMISTRY,常见的易混淆物质变化,COVERED,命中节点 常见的易混淆物质变化 自身材料 chem-kb-common-phys-chem-change-list（按三馏、四色、五解、十四化归类常见变化）、ext-che-3ce5fd3c1d-009b（同素异形体转化与脱水与变性属化学变化，焰色试验与盐析属物理变化）、ext-che-394d61720c-011、wusan-chem-ch1-confusable-changes；definition 关键词：结晶水合物的脱水、蛋白质的变性、煤的干馏、焰色试验、盐析、原子核的变化不属于化学变化,
dir_batch_022.csv#1826,CHEMISTRY,物质间转化的5个常见易错点,COVERED,命中节点 物质间转化的5个常见易错点 自身材料 ext-che-54f0f2bb90-011（硫燃烧只生成 SO2、部分氧化物不与水反应、氨的催化氧化不直接生成 NO2、铁与氯气只生成 FeCl3 等五处误区）、ext-che-3ce5fd3c1d-010、ext-che-3d616da613-004c、ext-che-0012df4ce9-011；definition 关键词：S 燃烧不能直接生成 SO3、Al2O3 与 SiO2 与 Fe2O3 与 H2O 不反应、Fe 与 Cl2 反应不能直接生成 FeCl2、Fe 与 H＋不能直接生成 Fe3＋,
dir_batch_022.csv#1827,CHEMISTRY,胶体知识易错点,COVERED,命中节点 胶体知识易错点 自身材料 ext-che-2b8a636a64-019（本质特征而非丁达尔效应、丁达尔效应是物理变化、介稳性原因、渗析法提纯、胶粒带电而胶体电中性）及其边界（不能用自来水制胶体、不能过度加热）、ext-che-54f0f2bb90-018、ext-che-aa83e6fece-022、ext-che-3d616da613-008；definition 关键词：本质特征是粒子直径、介稳性的主要原因、可用渗析法提纯胶体、丁达尔效应是物理变化,
dir_batch_022.csv#1828,CHEMISTRY,物质的量、阿伏加德罗常数,COVERED,命中节点 物质的量-阿伏加德罗常数 自身材料 chem-hj2-wuzhide-liang-gainian-sansu（物质的量是表示一定数目粒子集合体的物理量、1 mol 任何粒子约 6.02×10^23）、ext-che-747e72a70a-002（由质量、气体体积、粒子数、溶液浓度计算物质的量的四个基本关系式）、ext-che-6e5105e0b4-001、ext-che-68501225af-002；definition 关键词：基本概念间的关系、物质的量的规范表示方法、0.2 mol H2 中含有的氢原子个数,
dir_batch_022.csv#1830,CHEMISTRY,摩尔质量的计算方法,COVERED,命中节点 摩尔质量的计算方法 自身材料 chem-hj-qiuti-m-fangfa（由质量与物质的量、粒子数、标准状况密度、相对密度等途径求摩尔质量）、ext-che-68501225af-013、ext-che-68501225af-014、chem-mo-hunhewu-na-jisuan（混合物按最简式或相同摩尔质量整体换算）、chem-hj-moerzhiliang-sanshixing（摩尔质量数值上等于相对分子质量）；definition 关键词：摩尔质量的计算方法、0.1 NA 个臭氧分子的氧原子数、Na2X 的摩尔质量、16 g A 和 20 g B 恰好完全反应,
dir_batch_022.csv#1831,CHEMISTRY,气体摩尔体积,COVERED,命中节点 气体摩尔体积 自身材料 chem-kb-224-liquid-mole-volume-conditions（22.4 L/mol 只适用于标准状况下的气体）、ext-che-6e5105e0b4-002（定义、数值随温度和压强变化、与气体种类无关）、ext-che-68501225af-006（体积由粒子数目、粒子大小与粒子间距决定）、ext-che-371aa63462-004；definition 关键词：单位物质的量的气体所占的体积、标准状况指 0 ℃与 101 kPa、Vm 与气体种类无关、适应对象只限于气体,
dir_batch_022.csv#1832,CHEMISTRY,阿伏加德罗定律及其推论,COVERED,命中节点 阿伏加德罗定律及其推论 自身材料 chem-hj-afujialuoding-dinglv-tuilun（同温同压下相同体积的任何气体含有相同数目的分子并可推出密度比等推论）、ext-che-6e5105e0b4-002b（体积比、压强比、密度比与物质的量、摩尔质量的关系）、wusan-che-v-090127e0（三条推论）、ext-che-371aa63462-004b（三同推一同）；definition 关键词：相同的温度和压强下、相同体积的任何气体都含有相同数目的分子、三同推一同,
dir_batch_022.csv#1834,CHEMISTRY,阿伏加德罗定律的应用,COVERED,命中节点 阿伏加德罗定律的应用 自身材料 chem-hj-afujialuoding-jieti-silu（分析条件找异同、明确所求比例、套用定律推论三步）、ext-che-68501225af-011（同温同压体积比等于物质的量之比等比例关系）、ext-che-68501225af-012（同温同压下气体的密度比等于摩尔质量之比）、ext-che-53f2f9e2f7-009；definition 关键词：质量相同的 SO2 和 SO3 的物质的量之比、同温同压下同体积的甲烷和 CO2 的物质的量之比与密度之比,
dir_batch_022.csv#1835,CHEMISTRY,物质的量浓度,COVERED,命中节点 物质的量浓度 自身材料 chem-kb-molar-concentration-definition（单位体积溶液中所含溶质 B 的物质的量、cB＝n(B)/V）、chem-hj2-wuzhide-nongdu-tezheng-liutiao（V 是溶液体积、取出任意部分浓度不变、离子浓度按化学式比例计算）、ext-che-cd028acc60-007（由化学式推算离子浓度并考虑水解）、ext-che-fa19c9abe5-001；definition 关键词：单位体积溶液里所含溶质 B、表达式 cB、取出任意体积的溶液其浓度不变、溶质的浓度和离子的浓度不一定相同,
dir_batch_022.csv#1836,CHEMISTRY,有关物质的量浓度的计算,COVERED,命中节点 有关物质的量浓度的计算 自身材料 chem-kb-concentration-calculation-formulas（定义式、换算公式与稀释定律三类方法）、chem-hj-nongdu-zhiliangfenfei-huansuan（c＝1000ρw/M 换算与饱和溶液换算）、chem-fx-qi-ti-rong-yu-shui-f05x03（气体溶于水求浓度的思路）、ext-che-f9be80d886-003（气体溶于水、质量分数换算、稀释与混合、电荷守恒四类）；definition 关键词：运用守恒及公式 cB 与 w 与 ρ 推理、标准状况下气体溶于水所得溶液的物质的量浓度、质量分数与物质的量浓度的换算,
dir_batch_022.csv#1837,CHEMISTRY,溶液的稀释和混合问题,COVERED,命中节点 溶液的稀释和混合问题 自身材料 ext-che-6e5105e0b4-004b（稀释前后溶质的物质的量和质量都不变、混合时溶质的量等于混合前各溶液溶质量之和）、ext-che-f09bbbc493-004、ext-che-cd028acc60-010（c1V1＋c2V2＝c混V混）、ext-che-cd028acc60-011（等质量混合质量分数取平均值、等体积混合向密度大的一方靠拢）；definition 关键词：稀释前后溶质守恒、c(浓)·V(浓)、混合后溶液的体积按题目条件确定,
dir_batch_022.csv#1838,CHEMISTRY,主要仪器,COVERED,命中节点 主要仪器 自身材料 ext-che-4e1924ed00-015（主要仪器清单、容量瓶标有温度与容积与刻度线、大而近选择、查漏与五不）、ext-che-8ec1d166ca-004（量器精确度与仪器选择四注意）、chem-hj-jiliang-yiqi-jingdu-guifan（托盘天平与量筒属粗量器、左物右码）、chem-fx-tuo-pan-tian-ping-f05x05；definition 关键词：托盘天平精确度、容量瓶、容量瓶上标有温度、100 mL 与 250 mL 与 500 mL 与 1000 mL,
dir_batch_022.csv#1839,CHEMISTRY,溶液的配制步骤,COVERED,命中节点 溶液的配制步骤 自身材料 chem-kb-solution-preparation-steps（计算、称量、溶解、冷却、移液、洗涤、定容、摇匀八步）、ext-che-cd028acc60-015（以配制 500 mL 1.50 mol/L NaOH 溶液为例的七步流程）、ext-che-e47f5611e7-001e、ext-che-1422ee20c2-066（溶解在烧杯、转移用玻璃棒引流、定容用胶头滴管、摇匀要盖塞上下颠倒）；definition 关键词：配制 500 mL 1.00 mol·L－1 NaOH 溶液、计算、称量、溶解、冷却、移液、洗涤、定容,
dir_batch_023.csv#1841,CHEMISTRY,阿伏伽德罗常及其应用“七大误区”,COVERED,chem-kb-na-judgment-three-steps（阿伏加德罗常数判断三步法第一步审题抓关键条件：气体是否处于标准状况、物质在标况下是否为气体）、ext-che-364422b4cf-011（突破气体与状况陷阱的两看）、ext-che-53f2f9e2f7-006b（先看状况再看状态）；definition 关键词 一定体积的气体中微粒数目的分析、两方法；命中节点 阿伏伽德罗常及其应用“七大误区” 的全量材料（chem-kb-important-nuclides-applications、chem-hj-xinxing-hejin、ext-che-a2a727e0fa-004、ext-che-b7725e82a9-006）未正面写气体体积分析,
dir_batch_023.csv#1842,CHEMISTRY,看“气体”是否处于“标准状况”（0℃，101KPa）。,COVERED,chem-kb-224-liquid-mole-volume-conditions（常温常压、室温等条件下不能使用22.4 L/mol）、ext-che-364422b4cf-011（一看气体是否处于标准状况）、ext-che-067a08a3f0-002（忽略标准状况双重条件的典型错误）；包内节点 看-气体-是否处于-标准状况-0-101kpa（气体摩尔体积的适用条件）全量材料同向覆盖；definition 关键词 常温常压、室温、无法用标准状况下的气体摩尔体积求解粒子数目,
dir_batch_023.csv#1843,CHEMISTRY,看“标准状况”下物质是否为“气体”。,COVERED,chem-kb-224-liquid-mole-volume-conditions（只有气体且在标准状况才能用22.4 L/mol、标况非气态物质不能用）、chem-kb-na-judgment-three-steps（第一步看是否标况与是否为气体、第二步分析粒子种类）、ext-che-364422b4cf-011、chem-hj-biaokuang-feiqitai-wuzhi（标况下非气态的常见物质）、ext-che-29ca87e1cb-004c（单原子 双原子 多原子分子的微粒计数）；definition 关键词 非气态物质、Vm=22.4 L/mol、微观粒子数分析,
dir_batch_023.csv#1844,CHEMISTRY,D2O：H（H）、D（H）、T（H）三者中的中子数不同；,COVERED,ext-che-29ca87e1cb-004c（特殊物质中所含微粒的数目：D2O 中的 D 含1个质子和1个中子、18O 含8个质子和10个中子、计算中子数时要按具体核素计算）、chem-kb-na-judgment-three-steps 第二步（物质的微观结构与微粒种类）；definition 关键词 D2O、16O2／17O2／18O2、35Cl、37Cl、中子数不同,
dir_batch_023.csv#1845,CHEMISTRY,淀粉（或纤维素）中含有的羟基数为3n,COVERED,chem-kb-na-mixture-simplest-formula（最简式相同按最简式求物质的量、摩尔质量相同先求总物质的量、14 g乙烯与丙烯含NA个碳原子）、chem-kb-same-molar-mass-pairs（摩尔质量相同的常见物质组合 N2与CO、C2H4与N2 等）、ext-che-e47f5611e7-007e（混合物中微粒数目的计算方法）、ext-che-29ca87e1cb-005（化学键数目的计算与键型判断）；definition 关键词 最简式相同、摩尔质量相同、14 g乙烯与丙烯、22 g CO2和N2O,
dir_batch_023.csv#1846,CHEMISTRY,物质的化学键,COVERED,chem-kb-sigma-pi-bond-rules（共价单键全是σ键、双键含1个σ键和1个π键、σ键数目＝单键数＋双键数＋三键数＋配位键数）、chem-kb-common-bond-counts（常见物质中的化学键数目）、chem-mo-yimol-gongjiajian-shumu（1 mol 常见物质所含共价键数目）、chem-kb-na-solution-particle-pitfalls（只给浓度缺体积、弱电解质电离、盐类水解、溶剂水与胶粒）；definition 的①⑤与误区4被上述材料覆盖；②③④为提醒性表述（同分异构体与同通式连接方式的键数差异未单独成条，属键数计算同一方法族）；definition 关键词 共用电子对数、双键数、同分异构体、电解质溶液中微粒数目,
dir_batch_023.csv#1849,CHEMISTRY,误差分析的方法,COVERED,chem-kb-solution-prep-error-analysis（溶液配制误差分析方法：围绕c＝n/V分析操作对n或V的影响，判断浓度偏大偏小或无影响）、ext-che-f09bbbc493-016（以c=n/V为理论依据判断浓度偏大还是偏小）；命中节点 误差分析的方法 的全量材料均为中和滴定误差分析（chem-kb-titration-endpoint-and-errors、chem-hj-zhonghe-dingding-wucha 等）而 definition 讲配制溶液误差；definition 关键词 配制一定物质的量浓度的溶液、围绕实验操作对n或V的影响,
dir_batch_023.csv#1850,CHEMISTRY,定容时仰视或俯视刻度线产生的误差图解,COVERED,ext-che-cd028acc60-020（仰视刻度线使溶液体积偏大、所配浓度偏小；俯视反之）、ext-che-8e1b7721a9-017（定容时视线引起的误差判断）、ext-che-ed0683ced4-005（定容时仰视与俯视的误差判断）；命中节点 定容时仰视或俯视刻度线产生的误差图解 全量材料含上述三条；definition 关键词 仰视刻度线、俯视刻度线、加水量、溶液体积、浓度,
dir_batch_023.csv#1851,CHEMISTRY,溶液的配制误差分析,COVERED,chem-kb-solution-prep-error-analysis、ext-che-e47f5611e7-001d（溶液配制的误差分析：未冷却定容V减小、未洗涤与转移洒出n减小、定容仰视V增大、容量瓶不干燥无影响）、chem-hj-peizhi-wucha-fenxi、ext-che-6e5105e0b4-013；definition 关键词 配制500 mL 1.00 mol/L NaOH溶液、误差由m还是V引起、偏大偏小无影响,
dir_batch_023.csv#1854,CHEMISTRY,阿伏加德罗常数“10大”陷阱,COVERED,ext-che-6e5105e0b4-014（NA陷阱：忽视气体摩尔体积的适用条件、物质的聚集状态与微观结构）、ext-che-6e5105e0b4-015（特殊物质化学键数目、电子转移数目、摩尔质量相同或成整数倍的物质）、ext-che-29ca87e1cb-005（化学键数目的计算与键型判断）、ext-che-29ca87e1cb-004b（电子转移数目判断要点）、ext-che-6e5105e0b4-016（胶体 可逆反应与只给浓度不给体积）；definition 的十大陷阱逐条对应,
dir_batch_023.csv#1855,CHEMISTRY,误将溶液体积看作1L,COVERED,chem-kb-na-solution-particle-pitfalls（只给浓度缺体积、或只给体积缺浓度，均无法求溶液中微粒数目）、ext-che-e47f5611e7-006（③给出物质的量浓度c但未给出体积）、ext-che-a2a727e0fa-004（一 已知浓度缺体积或已知体积缺浓度）；命中节点 误将溶液体积看作1l 的全量材料（chem-hj-rongye-hunhe-wu-guilv、chem-fx-suo-ji-shi-zi-se-shi-rui-rong-ye-bian-f64x06、chem-fx-ruo-xian-ding-rong-ye-wu-se-f76x15）与该考点无关；definition 关键词 只有物质的量浓度、没有体积、把溶液体积看作1 L,
dir_batch_023.csv#1856,CHEMISTRY,忽视溶液中水的存在,COVERED,chem-kb-na-solution-particle-pitfalls（忽视溶剂水中的H、O原子会导致粒子数判断错误）、ext-che-a2a727e0fa-004（四 溶剂带来的干扰：所求为O原子或H原子数目时一定要考虑溶剂水）；命中节点 忽视溶液中水的存在 的全量材料（chem-hj-tong-de-cunzai-yelian、chem-hj2-liu-danxiangsi-xiangrong-jieshi、chem-fx-tan-suan-na-di-ru-zu-liang-jia-suan-ro-f49x12、chem-fx-zai-shi-fa-lian-xin-de-dian-jie-xun-hu-f54x17）与该考点无关；definition 关键词 忽略溶剂水中的氧原子或氢原子、水分子,
dir_batch_023.csv#1857,CHEMISTRY,忽视物质溶于水时溶液体积的变化,COVERED,ext-che-fa19c9abe5-004b（溶液的体积不能用溶剂水与溶质的体积之和代替、两溶液混合后体积不等于体积之和、只有题目说明忽略体积变化时才可以近似相加）、chem-hj2-rongye-hunhe-midu-guilv（等体积混合的质量分数变化规律）；命中节点 忽视物质溶于水时溶液体积的变化 的全量材料（chem-kb-electrolysis-ph-change-rules、chem-hj-rongjie-ronghua-huaxuejian-bianhua 等）多为无关条目、但该考点本身由上述两条材料覆盖；definition 关键词 等体积混合、不考虑混合时的体积变化,
dir_batch_023.csv#1859,CHEMISTRY,审题抓关键条件（状态、温度、压强）,COVERED,chem-kb-na-judgment-three-steps 第一步（审题抓关键条件：气体是否处于标准状况、物质在标况下是否为气体）、ext-che-067a08a3f0-002（机械套用22.4 L/mol与忽略标准状况双重条件的典型错误与成因）、ext-che-6e5105e0b4-014（陷阱一 忽视气体摩尔体积的适用条件）、ext-che-371aa63462-005（气体摩尔体积使用的四大误区）；命中节点 审题抓关键条件-状态-温度-压强 的全量材料为化学方程式计算规范与压强温度例题；definition 关键词 25 ℃、1.01×105 Pa、用22.4 L/mol换算、误入陷阱,
dir_batch_023.csv#1860,CHEMISTRY,分析粒子种类（分子/离子/电子）,COVERED,chem-kb-na-judgment-three-steps 第二步（注意单原子分子He、Ne，三原子分子O3，Na2O2中阴离子为过氧根O22－）、ext-che-29ca87e1cb-004c（单原子 双原子 多原子分子中微粒数目的计算）、ext-che-29ca87e1cb-005b（Na2O2由Na+和O22－构成、不是Na+和O2－）、ext-che-6e5105e0b4-014（陷阱三 组成和微观结构）；命中节点 分析粒子种类-分子-离子-电子 的全量材料为电子跃迁与原子光谱、电解池三流向；definition 关键词 单原子分子、三原子分子、Na2O2由Na+和O构成,
dir_batch_023.csv#1861,CHEMISTRY,验证计算过程（比例关系）,COVERED,chem-kb-na-judgment-three-steps 第三步（核对电子转移数、可逆反应限度等比例关系）、chem-kb-na-electron-transfer-pitfalls（1 mol Na2O2与CO2或H2O反应转移1 mol电子；1 mol Cl2与NaOH或H2O反应转移1 mol电子）、ext-che-29ca87e1cb-004b（歧化反应时电子转移数不能按单方向计算，如氯气与碱的反应）；命中节点 验证计算过程-比例关系 的唯一材料 chem-hj-guanxishi-fa-jisuan 只讲关系式法；definition 关键词 Na2O2与H2O、CO2的反应、Cl2与H2O、NaOH的反应、转移1 mol电子,
dir_batch_023.csv#1863,CHEMISTRY,浓度计算的常用方法,COVERED,chem-kb-concentration-calculation-formulas（依据定义式c=n/V与质量分数、换算公式c=1000ρw/M、稀释定律c1V1＝c2V2与混合c1V1＋c2V2＝c混V混）、ext-che-6e5105e0b4-020（浓度计算依据定义式 换算公式或稀释定律三条思路）；命中节点 浓度计算的常用方法 全量材料含 ext-che-6e5105e0b4-020；definition 关键词 依据定义计算、换算公式、稀释定律、质量不变,
dir_batch_023.csv#1867,CHEMISTRY,强电解质与弱电解质,COVERED,chem-kb-strong-weak-electrolytes（强电解质在水中完全电离、弱电解质部分电离、强弱看电离程度）、chem-kb-ionization-equation-writing（强电解质用等号、弱电解质用可逆号、多元弱酸分步写、多元弱碱一步写）、ext-che-29ca87e1cb-005b（NaHSO4在水溶液中完全电离为Na+ H+ SO42－、熔融态只电离为Na+和HSO4－）、ext-che-9d9489b3be-003b（强电解质溶液中不存在电离平衡）；definition 关键词 电离方程式的书写、强等号弱可逆、酸式盐,
dir_batch_023.csv#1868,CHEMISTRY,弱电解质的电离平衡,COVERED,chem-kb-ionization-equilibrium-features（v(电离)＝v(结合)时达到电离平衡、具有逆 动 等 定 变特征）、chem-kb-ionization-equilibrium-factors（内因是弱电解质本身性质；温度升高、加水稀释、消耗离子的微粒促进电离）、ext-che-c07d9578b6-002（电离平衡的含义、建立过程与五特征）、ext-che-4a6b0a9516-003（电离平衡的建立与六个特点）；definition 关键词 电离平衡的建立、v－t图像、逆动等定变、影响电离平衡的因素,
dir_batch_023.csv#1871,CHEMISTRY,电离常数,COVERED,chem-kb-ionization-constant-concept（电离达平衡时离子浓度幂之积与分子浓度之比、只与温度有关、K越大酸性碱性越强）、ext-che-4a6b0a9516-011（电离平衡常数的概念与表达式）、ext-che-4150edab18-005（多元弱酸分步电离且Ka1远大于Ka2、酸性主要由第一步电离决定）、wusan-chem-x1c3-ionization-constant（电离常数只与温度有关、K越大弱电解质越易电离）；definition 关键词 定义、表达式Ka与Kb、特点、意义、电离平衡常数的应用,
dir_batch_023.csv#1872,CHEMISTRY,电离度,COVERED,chem-kb-ionization-degree（已电离的电解质分子数占原分子总数的百分比、衡量电离程度）、ext-che-60651bf275-011（已电离的分子数占原来总分子数的百分数、越稀越电离）、ext-che-4a6b0a9516-014（电离度的含义、表示方法、影响因素以及与电离常数的区别）；definition 关键词 电离度的定义、α＝已电离分子数／原分子总数×100%、浓度越大电离度越小、温度越高电离度越大,
dir_batch_023.csv#1876,CHEMISTRY,相同pH、相同体积的一元强酸与一元弱酸的比较,COVERED,chem-kb-strong-weak-acid-comparison（相同浓度时强酸c(H＋)大、起始速率快；相同pH时弱酸浓度大、中和能力强产氢多）、ext-che-4150edab18-007（一元强酸与一元弱酸在c(H＋)、pH、稀释后pH变化、中和碱能力与与金属反应等方面的比较）、chem-hj2-duozhong-qiang-ruosuan-bijiao-biao、chem-hj-qiang-ruosuan-duibi；definition 为“注：一元强碱与一元弱碱的比较规律与以上类似”；命中节点 相同ph-相同体积的一元强酸与一元弱酸的比较 的 7 条材料中含 chem-kb-strong-weak-acid-comparison、chem-hj-qiang-ruosuan-duibi、chem-hj2-duozhong-qiang-ruosuan-bijiao-biao、ext-che-4150edab18-007,
dir_batch_023.csv#1877,CHEMISTRY,强酸与弱酸、强碱与弱碱稀释时的pH变化图像,COVERED,chem-kb-dilution-ph-rules（强酸稀释10n倍pH增大n、弱酸增大不足n、酸碱稀释pH只能趋近7）、chem-kb-acid-base-dilution-ph-table、ext-che-e1f44db337-001d（同浓度与同pH两种情形下盐酸与醋酸稀释的pH变化快慢与用水量）、chem-hj2-qiangsuan-ruosuan-xishi-guilv（相同pH的盐酸和醋酸稀释相同倍数后醋酸pH小于盐酸）；definition 关键词 pH相等的NaOH溶液和氨水、体积每增大10n倍、加水稀释相同倍数后的pH大小,
dir_batch_023.csv#1878,CHEMISTRY,判断弱酸的三种方法,COVERED,chem-kb-weak-electrolyte-judgment（从导电性、pH与浓度关系、对应盐水解、稀释pH变化四方面证明弱电解质）、ext-che-4a6b0a9516-005（从定义、电离平衡的存在、盐类水解三个角度判断弱电解质）、wusan-che-v-ed37bb72（由pH、稀释后pH变化、中和碱的用量及与锌反应的速率判断弱酸）、chem-hj-panbie-qiangruo-shiyan-liufa；命中节点 判断弱酸的三种方法 的全量材料含 wusan-che-v-ed37bb72 与 ext-che-4a6b0a9516-005；definition 关键词 方法一 方法二 方法三、醋酸钠溶液变浅红色,
dir_batch_023.csv#1881,CHEMISTRY,有关电离常数计算的两种类型(以弱酸HX为例),COVERED,chem-kb-ka-approximate-calculation（用三段式列平衡浓度、因电离极少可近似c(酸)－c(H＋)≈c(酸)）、ext-che-e1f44db337-001b（由起始浓度与平衡浓度求电离常数、由起始浓度与电离常数求氢离子浓度两类计算）、ext-che-4a6b0a9516-012b（由浓度和pH计算电离常数）、ext-che-4a6b0a9516-013（由电离常数计算氢离子浓度）；命中节点 有关电离常数计算的两种类型-以弱酸hx为例 全量材料含上述各条；definition 关键词 已知c(HX)始和c(H＋)求电离常数、近似处理,
dir_batch_023.csv#1882,CHEMISTRY,电离平衡中的7个易错点,COVERED,ext-che-a54083ac3c-014（电离平衡的七个易错点：平衡右移电离程度不一定增大、稀释时各离子浓度不一定都减小、电离常数只与温度有关）、chem-kb-ionization-four-not-necessaries（电离平衡移动的四个不一定）、chem-fx-dian-li-ping-heng-you-yi-f49x06（电离平衡右移电离程度也不一定增大）、ext-che-4a6b0a9516-004b（电离平衡移动中的几个不一定）；definition 的七条易错点逐条对应,
dir_batch_023.csv#1884,CHEMISTRY,利用电离常数(K)巧判溶液稀释中有关粒子浓度比值大小,COVERED,chem-kb-dilution-ratio-judgment-with-ka（借助Ka不变把两变量比值化为单变量、判断稀释时比值增大或减小）、ext-che-4a6b0a9516-017（判断溶液中微粒浓度比值的三种方法）、ext-che-e1f44db337-004c（转化法与凑常数法）、chem-hj-xishi-bizhi-bianhua（加水稀释后粒子浓度比值分析方法）；definition 关键词 加水稀释、c(CH3COO－)与c(CH3COOH)的比值、电离常数K不变、只与温度有关,
dir_batch_023.csv#1886,CHEMISTRY,外界条件对电离平衡影响的四个不一定,COVERED,chem-kb-ionization-four-not-necessaries（平衡右移电离程度、分子浓度、离子浓度的变化都不一定）、chem-hj-dianli-yidong-sibuding、ext-che-c06bc59347-001（稀释 加同离子 升温等操作都会移动电离平衡但结论不能一概而论）、chem-fx-wai-jie-tiao-jian-dui-dian-li-ping-hen-f49x05；命中节点 外界条件对电离平衡影响的四个不一定 全量材料同向；definition 的四条不一定逐条对应,
dir_batch_023.csv#1890,CHEMISTRY,从“定性”和“定量”两个角度理解电离平衡,COVERED,ext-che-87fdb465a4-012（定性与定量理解电离平衡：定性用勒夏特列原理判断移动方向，涉及浓度之比变化时借电离常数定量分析）、ext-che-60651bf275-008（用勒夏特列原理分析电离平衡移动：平衡向减弱该改变的方向移动，浓度变化需具体分析）；命中节点 从-定性-和-定量-两个角度理解电离平衡 的唯一材料即 ext-che-87fdb465a4-012；definition 关键词 勒夏特列原理、平衡向减弱这种改变的方向移动、借助化学平衡常数进行定量分析,
dir_batch_023.csv#1893,CHEMISTRY,物理性质,COVERED,chem-kb-sodium-physical-properties（钠是银白色、有金属光泽的固体，质地柔软，熔点低小于100 ℃，密度比水小、比煤油大）、ext-che-9bb3d56f69-001b（钠的物理性质 保存与用途：质软 密度比水小比煤油大 熔点低）、chem-hj2-na-tecan-rongdian-midu（钠熔点97.8 ℃、密度0.97 g/cm3）；definition 关键词 色、金属光泽、质地、熔点低、密度比水、比煤油,
dir_batch_023.csv#1894,CHEMISTRY,化学性质,COVERED,chem-kb-sodium-oxygen-reactions（常温生成白色Na2O、加热或点燃生成淡黄色Na2O2，条件不同产物不同）、chem-kb-sodium-water-ethanol-reactions（钠与水剧烈反应、与乙醇缓慢反应且沉于底部不熔成小球）、ext-che-9bb3d56f69-001c（钠具有强还原性，能与氧气 非金属单质 水 乙醇及盐反应；与Cl2点燃生成NaCl）、ext-che-1e4007bdad-003（钠及其化合物的重要反应方程式）；命中节点 化学性质（钠及其化合物的化学性质）的全量材料含 chem-kb-sodium-oxygen-reactions、ext-che-9bb3d56f69-001c、ext-che-1e4007bdad-003 三条（与水 乙醇反应的规律另见 chem-kb-sodium-water-ethanol-reactions）；definition 关键词 与非金属单质反应、与Cl2反应、与水反应、与乙醇反应,
dir_batch_023.csv#1895,CHEMISTRY,钠的制取及保存,COVERED,chem-kb-sodium-preparation-storage-uses（电解熔融氯化钠制钠，密封保存在石蜡油或煤油中）、ext-che-c8f0c72345-020（钠只能电解熔融NaCl制取、电解其水溶液得不到钠）、chem-fx-na-de-zhi-qu-ji-bao-cun-f12x03（钠的制取及保存）；命中节点 钠的制取及保存 全量材料含上述各条；definition 关键词 制取 化学方程式、密封保存、保存在煤油中,
dir_batch_023.csv#1896,CHEMISTRY,钠的用途,COVERED,chem-kb-sodium-preparation-storage-uses（用于钠灯、导热剂等）、chem-fx-na-de-yong-tu-f12x04（钠的用途）、ext-che-bd0f39fee5-003（钠钾合金作核反应堆传热介质、制作高压钠灯、利用强还原性冶炼金属）、ext-che-a8915bbd80-003d（钠可用于制高压钠灯、作还原剂置换熔融金属氯化物中的金属、作核反应堆导热剂）；命中节点 钠的用途 全量材料含上述各条；definition 关键词 高压钠灯、4Na＋TiCl4＝4NaCl＋Ti、钠钾合金、原子反应堆,
dir_batch_023.csv#1897,CHEMISTRY,金属钠露置在空气中的变化过程,COVERED,chem-kb-sodium-air-exposure-chain（钠表面变暗→变稀→白色块状→白色粉末，依次生成Na2O、NaOH、Na2CO3·10H2O、Na2CO3）、chem-hj-na-luzhi-kongqi-bianhua、ext-che-bd0f39fee5-005、ext-che-b0e9208ef2-003b（钠露置在空气中的系列变化：由钠到碳酸钠的六步变化链）；命中节点 金属钠露置在空气中的变化过程 全量材料同向；definition 关键词 表面变暗、白色块状固体Na2CO3·10H2O、白色粉末状物质,
dir_batch_023.csv#1899,CHEMISTRY,碳酸钠与碳酸氢钠的相互转化,COVERED,chem-kb-na2co3-nahco3-conversion（NaHCO3受热或加碱转化为Na2CO3，Na2CO3通CO2转化为NaHCO3）、chem-kb-na2co3-nahco3-identification（加热 加酸剧烈程度 沉淀法 气体法或pH法鉴别）、ext-che-a8915bbd80-013b（碳酸钠与碳酸氢钠的除杂与相互转化）；命中节点 碳酸钠与碳酸氢钠的相互转化 全量材料含上述各条；definition 关键词 转化关系、依据二者性质的差异确定除杂方法,
dir_batch_023.csv#1900,CHEMISTRY,Na2CO3、NaHCO3的应用,COVERED,chem-fx-zhu-yao-yong-tu-f13x04（主要用途：用于制玻璃、制肥皂、合成洗涤剂、造纸、纺织、石油、冶金等工业；灭火器、治疗胃酸过多、发酵粉的主要成分之一）、ext-che-25917695d0-009（两者的主要用途）、chem-kb-na2co3-nahco3-comparison；命中节点 na2co3-nahco3的应用 全量材料含 chem-fx-zhu-yao-yong-tu-f13x04；definition 关键词 玻璃 肥皂 合成洗涤剂、焙制糕点、治疗胃酸过多,
dir_batch_023.csv#1901,CHEMISTRY,联合制碱法——侯氏制碱法,COVERED,chem-kb-hou-soda-process（向饱和食盐水中通氨气和二氧化碳析出NaHCO3、再分解制得Na2CO3）、ext-che-02115ed218-010（侯氏制碱法的原料、原理与循环物质：通气顺序与循环利用的物质）、ext-che-15fcabc7cf-001b（侯氏制碱法的工艺流程与反应原理）、ext-che-a8915bbd80-013c（先通氨再通CO2析出NaHCO3、煅烧得纯碱并联产氯化铵）；命中节点 联合制碱法-侯氏制碱法 全量材料同向；definition 关键词 制备原料、反应原理、工艺流程、循环使用的物质,
dir_batch_023.csv#1903,CHEMISTRY,碱金属的一般性与特殊性,COVERED,chem-kb-alkali-metal-properties（碱金属最外层1个电子、最高正价＋1，从Li到Cs金属性增强，存在钾密度反常等特例）、ext-che-39a20a4b89-001（碱金属随核电荷数增大金属性增强、与水反应加剧；但钾密度比钠小、锂与氧反应只生成Li2O）、ext-che-7939a91be1-003（碱金属的密度与保存方式、与氧气的反应差异、碱金属氢化物中氢为－1价）、ext-che-bd0f39fee5-014（碱金属的特殊性质与易错点）；命中节点 碱金属的一般性与特殊性 的全量材料含 chem-kb-alkali-metal-properties、ext-che-7939a91be1-003、ext-che-f27d514c23-009、ext-che-1e4007bdad-001 等条目；definition 关键词 钾的密度比钠的小、保存在煤油中、锂保存在石蜡油、碱金属氢化物,
dir_batch_023.csv#1904,CHEMISTRY,焰色反应,COVERED,chem-kb-flame-test（常见焰色：钠黄色；钾紫色需透过蓝色钴玻璃观察；铜绿色；钡黄绿色；钙砖红色；焰色试验是物理变化、与元素存在形式无关）、ext-che-39a20a4b89-001b（焰色试验是物理变化、属元素的性质；钠显黄色、钾显紫色；铂丝用稀盐酸洗涤）、chem-fx-jia-de-huo-yan-yan-se-yao-tou-guo-lan-f13x15（钾的火焰颜色要透过蓝色钴玻璃观察、先将铂丝灼烧到与原来火焰的颜色相同）；命中节点 焰色反应 的唯一材料 chem-fx-xian-se-fan-ying-f60x12（苯酚与FeCl3显色）与该考点无关；definition 关键词 焰色反应的概念、焰色反应的操作、钠元素 钾元素 铜元素 钡元素 Ca元素的焰色,
dir_batch_023.csv#1906,CHEMISTRY,钠与水及酸、碱、盐溶液的反应,COVERED,chem-kb-sodium-with-acid-salt-solutions（钠与酸直接反应，与盐溶液先与水反应生成的NaOH再与盐发生复分解反应）、chem-kb-sodium-water-ethanol-reactions（钠与水剧烈反应，与乙醇缓慢反应且沉于底部不熔成小球）、ext-che-4e73be394e-001b（钠与水反应的现象可概括为浮 熔 游 响 红，与盐溶液反应时先与水反应）、ext-che-b0e9208ef2-002b（钠一律先与H＋反应、无水时是水；盐溶液中的后续反应是复分解）；命中节点 钠与水及酸-碱-盐溶液的反应 全量材料同向；definition 关键词 有酸酸在前 无酸水为先、与盐溶液先考虑钠与水反应、钠与乙醇反应缓和,
dir_batch_023.csv#1907,CHEMISTRY,Na2O2的性质及应用,COVERED,chem-kb-na2o2-self-redox-laws（Na2O2与CO2、H2O反应的三大规律：反应先后 电子转移 自身歧化；2Na2O2～O2～2e－）、chem-kb-na2o2-solid-mass-increase（固体增量相当于吸收CO2中的CO和H2O中的H）、ext-che-a8915bbd80-012（过氧化钠反应中的电子转移计算）、ext-che-a8915bbd80-008c（过氧化钠反应的定量关系与增重规律）、chem-hj2-na2o2-yushui-gongyang-gongyang（Na2O2与水反应及供氧剂用途）；命中节点 na2o2的性质及应用 的全量材料含 ext-che-a8915bbd80-008c 与 ext-che-a8915bbd80-012 两条；definition 关键词 三大规律、单线桥、氧化剂 还原剂、转移的电子数、增重7.5 g,
dir_batch_023.csv#1908,CHEMISTRY,Na2O2是一种常见的过氧化物，具有强氧化性和漂白性。,COVERED,chem-kb-na2o2-oxidizing-properties（Na2O2能氧化SO2 使品红褪色、酚酞先红后褪）、chem-kb-na2o-na2o2-comparison（Na2O2是淡黄色过氧化物、含离子键和共价键、不是碱性氧化物）、ext-che-a8915bbd80-010（Na2O2与水反应的两步机理：先水解生成H2O2再分解、解释溶液先变红后褪色）、ext-che-25917695d0-006（Na2O2中－1价氧、自身氧化还原、1 mol只转移1 mol电子）；definition 关键词 电子式、化学键的类型、氧元素的化合价、酚酞溶液变红、酸性高锰酸钾溶液褪色、与水反应还存在另一反应,
dir_batch_023.csv#1909,CHEMISTRY,碳酸钠、碳酸氢钠与酸反应的特点,COVERED,chem-kb-carbonate-hcl-dropwise-rules（NaHCO3加盐酸立即放气；Na2CO3先转化为NaHCO3再放气，两阶段等量）、chem-hj-na2co3-yusuan-tuxiang（碳酸钠 碳酸氢钠与酸反应的图像分析：由滴加盐酸产生气体前消耗酸的体积关系判断溶液中溶质组成）、chem-polybasic-acid-salt-acid-quantity（多元弱酸盐与强酸反应的量比规律）；命中节点 碳酸钠-碳酸氢钠与酸反应的特点 全量材料含上述各条；definition 关键词 逐滴滴入盐酸、立即产生气泡、产生CO2的物质的量随n(HCl)的变化图像,
dir_batch_023.csv#1910,CHEMISTRY,NaHCO3与碱反应的应用,COVERED,chem-fx-zhu-yao-xing-zhi-f13x03（主要性质：与Ca(OH)2溶液反应；Ca(OH)2少量与过量时不同的离子方程式）、chem-polybasic-acid-anhydride-alkali-quantity（多元弱酸酐与碱反应的量比规律：碱过量生成正盐、碱不足生成酸式盐）、chem-hj-na2co3-nahco3-huaxuexingzhi（二者可与酸、碱反应）；命中节点 nahco3与碱反应的应用 全量材料含 chem-fx-zhu-yao-xing-zhi-f13x03；definition 关键词 滴加澄清石灰水、均产生白色沉淀、过量澄清石灰水、少量澄清石灰水,
dir_batch_023.csv#1911,CHEMISTRY,制备原料,COVERED,chem-fx-zhi-bei-yuan-liao-f14x01（制备原料：食盐、氨、二氧化碳——合成氨厂用水煤气制取氢气时的废气；相关反应 C+H2O(g)＝CO+H2、CO+H2O(g)＝CO2+H2）、ext-che-02115ed218-010（侯氏制碱法的原料来源与循环物质）、chem-kb-hou-soda-process；命中节点 制备原料 的唯一材料即 chem-fx-zhi-bei-yuan-liao-f14x01；definition 关键词 食盐 氨气 二氧化碳、水煤气制取氢气时的废气,
dir_batch_023.csv#1912,CHEMISTRY,反应原理,COVERED,chem-fx-fan-ying-yuan-li-f14x02（产生NaHCO3的反应：NH3+NaCl+CO2+H2O＝NaHCO3↓+NH4Cl；产生Na2CO3的反应：2NaHCO3＝Na2CO3+H2O+CO2↑）、chem-kb-hou-soda-process、ext-che-bd0f39fee5-010b（以食盐、氨气、二氧化碳为原料先通氨气再通二氧化碳析出碳酸氢钠、再加热分解得到纯碱）；命中节点 反应原理 的唯一材料即 chem-fx-fan-ying-yuan-li-f14x02；definition 关键词 产生NaHCO3的反应、产生Na2CO3的反应,
dir_batch_023.csv#1913,CHEMISTRY,绿色思想：循环使用的物质为CO2、饱和食盐水。,COVERED,ext-che-a8915bbd80-014（侯氏制碱法的绿色化学与循环物质：以废气CO2为原料并循环使用CO2与饱和食盐水）、chem-hj-ziyuan-xunhuan-lvyse-huaxue（流程中循环利用物质与绿色化学分析：找出流程中可返回前序步骤的物质并说明目的）、ext-che-02115ed218-010（侯氏制碱法的循环物质）；命中节点 绿色思想-循环使用的物质为co2-饱和食盐水 全量材料含上述各条；definition 关键词 循环使用的物质为CO2与饱和食盐水、模拟生产工艺流程图,
dir_batch_023.csv#1914,CHEMISTRY,焰色试验的应用,COVERED,chem-kb-flame-test（金属元素灼烧使火焰呈特征颜色，属物理变化、是元素的性质；常见焰色）、chem-hj2-yanshi-yanse-shiyan（焰色试验是物理变化；钠呈黄色、钾呈紫色且需透过蓝色钴玻璃观察，用于检验金属元素）、chem-fx-yan-se-shi-yan-de-cao-zuo-f13x10（焰色试验的操作）；命中节点 焰色试验的应用 全量材料含 chem-hj2-yanshi-yanse-shiyan 与 chem-fx-yan-se-shi-yan-de-cao-zuo-f13x10；definition 关键词 检验试样所含金属元素的种类、鉴别NaCl和KCl溶液、制节日烟花,
dir_batch_023.csv#1915,CHEMISTRY,钠和钠的氧化物易错知识点,COVERED,chem-kb-na2o2-self-redox-laws（Na2O2歧化，电子转移关系为2Na2O2～O2～2e－）、chem-kb-na2o2-oxidizing-properties（Na2O2使品红褪色、酚酞先红后褪；Na2O2＋SO2＝Na2SO4而不生成Na2SO3）、ext-che-a8915bbd80-004（钠与氧气反应的电子转移数：无论生成Na2O还是Na2O2，1 mol Na恒失去1 mol电子）、ext-che-c9252b0263-001（钠与酸 盐溶液反应的先后顺序）、ext-che-c8f0c72345-020b（Na2O与Na2O2跟水反应的辨析）、ext-che-b0e9208ef2-004b（钠着火扑救与取用规范）；命中节点 钠和钠的氧化物易错知识点 的全量材料含 ext-che-c9252b0263-001、ext-che-c8f0c72345-020b、ext-che-a8915bbd80-004、ext-che-b0e9208ef2-004b 四条；definition 关键词 钠与盐溶液不能置换出金属、转移电子数一定相等、与乙醇反应缓慢、Na2O2不属于碱性氧化物,
dir_batch_023.csv#1916,CHEMISTRY,碳酸钠和碳酸氢钠易错知识点,COVERED,chem-kb-na2co3-nahco3-identification（用加热、加酸剧烈程度、沉淀法、气体法或pH法鉴别二者）、ext-che-bd0f39fee5-010（不能用澄清石灰水鉴别碳酸钠与碳酸氢钠、用盐酸鉴别时要求浓度相当、除杂要依据性质差异选择试剂）、ext-che-a8915bbd80-013d（碳酸钠与碳酸氢钠的易错辨析：稳定性 溶解性 碱性与与碱反应产物）、ext-che-a8915bbd80-014b（热稳定性 结晶 鉴别与水解的正误辨析）；命中节点 碳酸钠和碳酸氢钠易错知识点 全量材料同向；definition 关键词 除去CO2中的HCl气体、饱和NaHCO3溶液、通入过量CO2有NaHCO3晶体析出、不能用Ca(OH)2鉴别,
dir_batch_023.csv#1917,CHEMISTRY,碱金属元素易错知识点,COVERED,chem-kb-alkali-metal-properties（碱金属最外层1个电子、从Li到Cs金属性增强，存在钾密度反常等特例）、ext-che-39a20a4b89-001（碱金属随核电荷数增大金属性增强、与水反应加剧；钾密度比钠小、锂与氧反应只生成Li2O）、ext-che-bd0f39fee5-014（碱金属的特殊性质与易错点：密度 保存方法 氢化物 与氧气的反应）、ext-che-7939a91be1-003（碱金属密度与熔沸点变化规律 保存方式 氢化物中氢为－1价）；命中节点 碱金属元素易错知识点 全量材料含 ext-che-39a20a4b89-001 与 ext-che-bd0f39fee5-014；definition 关键词 钾的密度比钠的小、锂只能保存在石蜡油中、NaHCO3的溶解度比Na2CO3的小、碱金属氢化物是强还原剂,
dir_batch_023.csv#1918,CHEMISTRY,焰色试验“易错点”,COVERED,chem-kb-flame-test（焰色试验是物理变化、与元素存在形式无关；钠黄色；钾紫色需透过蓝色钴玻璃观察）、ext-che-39a20a4b89-001b（焰色试验的原理与规范操作：是物理变化、属元素的性质；铂丝用稀盐酸洗涤）、ext-che-bd0f39fee5-015b（焰色试验是元素的性质、清洗用稀盐酸、火焰要无色、铂丝可换铁丝但不能用铜丝）、ext-che-a8915bbd80-020c（焰色试验中元素与形态、物理变化、钴玻璃与铂丝替代等易错点）；命中节点 焰色试验-易错点 的全量材料含 ext-che-39a20a4b89-001b、ext-che-bd0f39fee5-015b、ext-che-a8915bbd80-020c 三条；definition 关键词 焰色试验体现的是元素的性质、发生的是物理变化、透过蓝色的钴玻璃片观察,
dir_batch_023.csv#1919,CHEMISTRY,过氧化钠的性质与探究,COVERED,chem-kb-na2o-na2o2-comparison（Na2O是白色碱性氧化物，Na2O2是淡黄色过氧化物且不是碱性氧化物）、ext-che-a8915bbd80-008b（Na2O2中氧为－1价、处于中间价态，主要表现强氧化性）、chem-kb-na2o2-self-redox-laws（Na2O2发生歧化反应）、ext-che-a8915bbd80-010（与水反应的两步机理）；命中节点 过氧化钠的性质与探究 全量材料含 chem-kb-na2o-na2o2-comparison；definition 关键词 从元素化合价角度分析Na2O2的性质,
dir_batch_024.csv#1920,CHEMISTRY,Na22,COVERED,definition 的 Na2O2 强氧化性、遇 KMnO4 等强氧化剂表现还原性且氧化产物为 O2、遇 CO2/H2O/H＋ 发生自身氧化还原，与包内节点 na22（过氧化钠的强氧化性与还原性）的材料 ext-che-ad2b24e970-004（从元素化合价角度分析 Na2O2 的强氧化性、还原性与自身氧化还原反应）、chem-hj-na2o2-qiangyanghuaxing（遇还原性物质表现强氧化性、遇更强氧化剂表现还原性）逐条对应；该节点边界另含与 SO2、SO3 反应的规律，故 definition 尾部的练习题也不构成缺口。,
dir_batch_024.csv#1922,CHEMISTRY,Na2CO3、NaHCO3与酸反应的图像分析,COVERED,命中节点自身材料 ext-che-b0e9208ef2-013（碳酸钠滴加盐酸先生成碳酸氢钠不产气、碳酸氢钠立即产气）、ext-che-1e4007bdad-004（依据加酸图像中Oa段与ab段消耗盐酸体积的对比判断溶液溶质组成）覆盖 definition 的“由无气体段与产气段体积比判断溶质组成与比例”；chem-hj-duishu-tuxiang-shuijie、chem-hj-lv-chendiantu-xiang-fenxi 补充图像判读方法；两道练习题属练习。,
dir_batch_024.csv#1923,CHEMISTRY,可逆反应,COVERED,命中节点 可逆反应 的材料 ext-che-0269f99d81-002（可逆反应的判断标准与三同一小的特点）、ext-che-c93dcdcfe8-001（正逆双向性、双同性、共存性）、ext-che-4071599b36-002（同一条件下正、逆反应同时进行，反应物与生成物共存，转化率小于100%）、chem-kb-reversible-reaction-features、ext-che-ce1fbc591e-002 覆盖 definition 的概念与四条特征。,
dir_batch_024.csv#1924,CHEMISTRY,化学平衡状态,COVERED,命中节点 化学平衡状态 的材料 ext-che-0269f99d81-003（定义、正逆两个方向的建立过程与逆动等定变五个特征）、ext-che-c93dcdcfe8-002、ext-che-d854210a0d-003、ext-che-7704eb367d-003b 覆盖 definition 的概念与五个特征。,
dir_batch_024.csv#1925,CHEMISTRY,化学平衡状态的判断,COVERED,命中节点 化学平衡状态的判断 的 ext-che-00be305a22-001（正逆相等与变量不变两大判据，并含总压、密度、平均摩尔质量能否作标志的适用条件）、wusan-che-v-fdad47fa、chem-kb-equilibrium-judgment-criteria、ext-che-d854210a0d-005（四类不能作为标志的情况）、ext-che-75a0675435-006（速率要正逆对应、物理量要先变化后不变）覆盖 definition 的本质特征判断、宏观特征判断与三条注意事项。,
dir_batch_024.csv#1927,CHEMISTRY,化学平衡的移动,COVERED,命中节点 化学平衡的移动 的 ext-che-935096865b-001、ext-che-935096865b-001c、ext-che-c93dcdcfe8-006、ext-che-ce1fbc591e-009、ext-che-cb1f9ebb32-009 覆盖 definition 第(1)条平衡移动概念与移动方向由正逆速率相对大小判断；第(2)条用 Q 与 K 比较判断方向属平衡常数的定量应用（该节点边界明确“区别于平衡常数的定量计算”），在包内由 node 化学平衡移动方向和转化率的判断 的材料 chem-hj-q-k-panbie-yidong、chem-kb-qk-direction-and-conversion 覆盖。,
dir_batch_024.csv#1928,CHEMISTRY,v－t图像分析改变条件对化学平衡的影响,COVERED,命中节点 的材料 chem-hj-v-t-tuxiang-panduan-tiaojian、chem-hj-v-t-tuxiang-sanqingxing、ext-che-10fd6d055d-012、ext-che-a813bfa01b-005、ext-che-3c71161440-004、chem-hj-nongdu-pingheng-yidong、chem-hj-yaqiang-pingheng-yingxiang（含 m＋n<p 与 m＋n＝p 两种情形）、chem-hj-wendu-pingheng-yingxiang 覆盖 definition 用 v－t 图像分析浓度、压强、温度对平衡影响的全部情形。,
dir_batch_024.csv#1929,CHEMISTRY,勒夏特列原理,COVERED,命中节点 勒夏特列原理 的 ext-che-992d57859a-011（表述、适用条件与减弱而非抵消）、ext-che-0269f99d81-010（内容与三条使用注意）、ext-che-cb1f9ebb32-013、ext-che-e01152c23b-001、ext-che-ce1fbc591e-011 覆盖 definition 的原理内容与适用范围（仅适用于已达平衡的体系、对一切动态平衡适用、只判断改变一个因素时）。,
dir_batch_024.csv#1933,CHEMISTRY,化学平衡状态的特征及判断,COVERED,命中节点 的 ext-che-cb1f9ebb32-003（两类判断标志，并给出“物理量由变量变成不变量才表明平衡、始终是不变量则不能作标志”的总原则）、ext-che-75a0675435-003、chem-kb-equilibrium-state-features、chem-fx-hua-xue-ping-heng-zhong-de-te-shu-qing-f45x02 覆盖 definition 的“正逆相等、变量不变”判据与四类伪标志的判别逻辑。,
dir_batch_024.csv#1934,CHEMISTRY,影响化学平衡的因素,COVERED,命中节点 影响化学平衡的因素 的 ext-che-75a0675435-009（固体、纯液体与惰性气体对平衡的影响）、ext-che-5f646498b6-006（压强对平衡的影响与惰性气体）、chem-hj-duoxing-qiti-pingheng、chem-kb-inert-gas-equilibrium-effect、ext-che-862daf9cec-014 覆盖 definition 的恒容通惰气不移动、恒压通惰气向气体体积增大方向移动、气体体积不变的反应任何情况都不移动，以及恒容改变浓度时以浓度影响分析的提示。,
dir_batch_024.csv#1935,CHEMISTRY,勒夏特列原理及应用,COVERED,命中节点 勒夏特列原理及应用 的 chem-kb-le-chatelier-principle、chem-hj-lexiashitelie-yuanli、ext-che-5f646498b6-010、ext-che-935096865b-001b、ext-che-c93dcdcfe8-014 覆盖 definition 的三条注意问题（适用对象是可逆过程与任何动态平衡、只能减弱不能消除更不能扭转、只判断改变一个条件时的移动方向）。,
dir_batch_024.csv#1936,CHEMISTRY,关于化学平衡状态的易错易混点,COVERED,命中节点 关于化学平衡状态的易错易混点 的 ext-che-e0e62d3438-013 逐条覆盖 definition 的六条易混点（可逆反应不等同于可逆过程、转化率低于100%、平衡可从正逆方向建立、正逆速率相等指同一物质、各组分浓度保持不变但不一定相等）；ext-che-7704eb367d-004、ext-che-cb1f9ebb32-004 覆盖四类伪标志；尾部判断题属练习。,
dir_batch_024.csv#1937,CHEMISTRY,浓度：,COVERED,definition 的“改变纯固体或纯液体的量对平衡无影响”由 ext-che-75a0675435-009、ext-che-862daf9cec-014 覆盖，“改变温度一定使平衡发生移动”由 ext-che-0269f99d81-009、chem-le-chatelier-conditions、wusan-che-v-4f3b268e 覆盖，浓度的含义亦由 chem-hj-nongdu-pingheng-yidong 与上述材料说明；name 为知识清单表项片段，内容已覆盖。,
dir_batch_024.csv#1938,CHEMISTRY,压强：,COVERED,definition 的三点分别由 ext-che-862daf9cec-014（无气态物质参与时改变压强不影响平衡）、chem-hj-yaqiang-pingheng-yingxiang（反应前后气体分子数相等时加压不移动）、ext-che-75a0675435-009 与 chem-kb-inert-gas-equilibrium-effect（惰性气体恒容不移动、恒压向气体分子数增大方向移动）覆盖。,
dir_batch_024.csv#1939,CHEMISTRY,催化剂：催化剂同等程度改变正逆反应速率，不影响平衡移动。,COVERED,definition 的核心结论“催化剂同等程度改变正逆反应速率、不影响平衡移动”由 chem-hj-cuihuaji-pingheng-yingxiang、ext-che-5f646498b6-008、chem-kb-equilibrium-shift-factors 覆盖；其余十一项为判断正误的练习串。,
dir_batch_024.csv#1945,CHEMISTRY,原子结构,COVERED,命中节点 原子结构 的 ext-che-a173c251f1-001（原子由质子、中子、电子构成，阳离子核外电子数＝质子数－电荷数、阴离子相反，微粒符号周围数字的含义）、ext-che-cde8b71dd3-015（核外电子排布的表达方法）覆盖 definition 的原子构成、微粒数量关系与符号数字含义三部分。,
dir_batch_024.csv#1946,CHEMISTRY,元素、核素、同位素,COVERED,命中节点 元素-核素-同位素 的 chem-kb-element-nuclide-isotope、ext-che-309fd84b7e-002b、ext-che-c00fa0f1f7-003、ext-che-c22be1e36f-003 覆盖元素、核素、同位素三者关系，chem-hj-qingde-sanhe-su、chem-hj2-qing-yuansu-sanzhong-hesu、chem-fx-yong-zi-mu-biao-shi-ming-cheng-wei-chu-f29x02 覆盖同位素特征与氢的三种核素；“常见重要核素及其应用”一项在包内由 chem-kb-important-nuclides-applications（235U、14C、D、T 的应用）覆盖，且不在本节点边界范围内。,
dir_batch_024.csv#1948,CHEMISTRY,核外电子运动状态,COVERED,命中节点 核外电子运动状态 的 chem-hj-dianziyun-nengceng-nengji（能层能级与原子轨道）、ext-che-c22be1e36f-008（s 球形、p 哑铃形且三条轨道、能量顺序）、ext-che-a173c251f1-004、ext-che-6ebc310976-003（并含基态与激发态、光谱）覆盖 definition 的能层能级、电子云与原子轨道、形状与伸展方向、能级能量高低及基态激发态与原子光谱。,
dir_batch_024.csv#1949,CHEMISTRY,原子核外电子排布,COVERED,命中节点 原子核外电子排布 的 chem-hj-paibulv-sanayuanli（三大规律）、ext-che-309fd84b7e-006b 与 ext-che-c00fa0f1f7-011（构造原理与洪特规则特例）、ext-che-04574bf936-001b、ext-che-72b20828f8-010 覆盖 definition 的三大规律、填充顺序与能级交错及全充满半充满特例。,
dir_batch_024.csv#1950,CHEMISTRY,基态原子核外电子排布的表示方法,COVERED,命中节点 基态原子核外电子排布的表示方法 的 chem-kb-electron-config-notation-tips、ext-che-98e80691f8-012、ext-che-c8f0c72345-018c、ext-che-2aaec42842-007、chem-mo-hewaidianzi-paibu-biaoshi 覆盖 definition 的电子排布式、价层电子排布式与轨道表示式的书写规则。,
dir_batch_024.csv#1954,CHEMISTRY,核外电子运动状态的表示和判断,COVERED,命中节点 核外电子运动状态的表示和判断 的 ext-che-72b20828f8-011（泡利原理、洪特规则与轨道表示式的规范表示）、chem-kb-electron-motion-state-counting、ext-che-309fd84b7e-010、ext-che-98e80691f8-018 覆盖 definition 的书写错误类型与运动状态、空间运动状态的计数；其中 (n－1)d 写在 ns 前、失电子先失 4s 的书写与失电子顺序由包内 node 核外电子运动状态和电子排布易错点 的材料 ext-che-516cbdd1d5-014、ext-che-98e80691f8-015 覆盖。,
dir_batch_024.csv#1955,CHEMISTRY,原子结构易混易错知识点,COVERED,命中节点 原子结构易混易错知识点 的 ext-che-516cbdd1d5-012 逐条覆盖 definition 的易混点（核素种数多于元素种数、同一元素各核素化学性质几乎相同物理性质差异大、原子不一定有中子、质子数相同的微粒不一定同种元素、同位素间转化属核反应、三组概念研究对象不同、只有核素才有质量数、HD/HT/DT 的归属）；ext-che-ed2c3e836f-002、ext-che-309fd84b7e-002、ext-che-c22be1e36f-002b、ext-che-c00fa0f1f7-002b 补充六类判断陷阱。,
dir_batch_024.csv#1956,CHEMISTRY,核外电子运动状态和电子排布易错点,COVERED,命中节点 核外电子运动状态和电子排布易错点 的 ext-che-516cbdd1d5-014（电子云疏密表示概率、能级能量顺序、(n－1)d 与 4s 的书写与失电子顺序）、ext-che-98e80691f8-015（电子排布式书写六个易错点）、ext-che-98e80691f8-016（轨道表示式四类典型错误）、ext-che-c8f0c72345-007 覆盖 definition 的七条易错点；尾部判断题属练习。,
dir_batch_024.csv#1957,CHEMISTRY,电子数相等的粒子的判断与应用,COVERED,命中节点 电子数相等的粒子的判断与应用 的 ext-che-c8f0c72345-003（10 电子与 18 电子微粒总结）、ext-che-4dd2e79693-037（常见 10 电子与 18 电子微粒清单）、chem-kb-equal-proton-electron-particles（质子数与电子数均相等的微粒关系：同位素原子、分子、同电荷阴阳离子）覆盖 definition 的三部分。,
dir_batch_024.csv#1958,CHEMISTRY,原电池,COVERED,命中节点 原电池 的 ext-che-f668f4f6c0-002（定义与反应本质）、ext-che-f668f4f6c0-003（构成条件三看）、chem-kb-galvanic-cell-conditions、wusan-che-v-2436b7a5、ext-che-3b6c218622-002b 覆盖 definition 的定义与三条构成条件。,
dir_batch_024.csv#1959,CHEMISTRY,原电池的工作原理 （以Zn－Cu原电池为例）,COVERED,命中节点 原电池的工作原理-以zn-cu原电池为例 的 chem-hj-xintong-yuandianchi-yuanli（锌铜原电池工作原理）、chem-kb-galvanic-cell-working-principle、chem-hj-danye-shuangye-yuandianchi-duibi（单液与双液对比）、ext-che-c8eaa7660b-002 覆盖 definition 甲（单液）与乙（双液）两种装置的工作原理。,
dir_batch_024.csv#1960,CHEMISTRY,原电池原理的应用,COVERED,命中节点 原电池原理的应用 的 chem-kb-galvanic-cell-applications、chem-hj-yuandianchi-yingyong（三类应用）、ext-che-f668f4f6c0-005、ext-che-d3637bf4e4-003 覆盖 definition 的比较金属活动性、加快化学反应速率与金属防护三类应用。,
dir_batch_024.csv#1962,CHEMISTRY,一次电池,COVERED,命中节点 一次电池 的 ext-che-aca30e2521-003（碱性锌锰干电池与纽扣式锌银电池的总反应、负极与正极反应式）、ext-che-f668f4f6c0-010、ext-che-923cf868a0-006、chem-fx-yi-ci-dian-chi-f39x03 覆盖 definition 的一次电池定义与两类电池的电极反应。,
dir_batch_024.csv#1963,CHEMISTRY,二次电池,COVERED,命中节点 二次电池 的 ext-che-aca30e2521-003b、ext-che-f668f4f6c0-012、chem-hj-erci-dianchi-qianxu、ext-che-923cf868a0-007 覆盖 definition 的二次电池定义、铅蓄电池总反应与放电、充电的四个电极反应及充电时电极连接规则。,
dir_batch_024.csv#1964,CHEMISTRY,燃料电池,COVERED,命中节点 燃料电池 的 chem-fx-ran-liao-dian-chi-f39x06（常见燃料与四类电解质）、ext-che-608acb21f7-003、ext-che-3b6c218622-010（四类电解质决定电极反应式写法）、ext-che-edf4d79299-004（以甲烷为例的三步书写流程）覆盖 definition 的燃料种类、四种电解质类型与甲醇在各介质中电极反应式的书写思路。,
dir_batch_024.csv#1967,CHEMISTRY,甲烷作燃料电池的负极反应物时，其电极反应式在不同的介质中有不同的写法。,COVERED,包内节点 甲烷作燃料电池的负极反应物时-其电极反应式在不同的介质中有不同的写法（name 燃料电池电极反应式的书写）的材料 ext-che-f668f4f6c0-014（以甲烷燃料电池为例说明酸性、碱性、熔融碳酸盐与传导氧离子介质下电极反应式的写法）、ext-che-3b6c218622-010b、ext-che-aca30e2521-004 覆盖 definition 的强酸、导O2－固体、熔融碳酸盐三种介质下的负极反应式写法要求。,
dir_batch_024.csv#1968,CHEMISTRY,燃料电池,COVERED,definition 的实质是燃料电池负极反应式中碳元素化合价的分析；命中节点 燃料电池 的 ext-che-edf4d79299-004（以甲烷燃料电池为例的三步书写流程）覆盖有机物碳化合价的判断，包内节点 甲烷作燃料电池的负极反应物时-其电极反应式在不同的介质中有不同的写法 的材料 ext-che-d3637bf4e4-014（零价法计算有机燃料转移电子数）、ext-che-261c888347-003（判断有机物中碳元素的化合价以确定转移电子数）进一步覆盖；尾部说明为书写提示。,
dir_batch_024.csv#1969,CHEMISTRY,手机、电脑的锂电池是一次电池还是二次电池？,COVERED,definition 所问的锂电池是一次电池还是二次电池，由包内 node 二次电池 的材料 chem-lithium-battery-primary-secondary（锂电池为一次电池、锂离子电池为二次电池，均不能用水溶液电解质）、chem-hj-lizidianchi-yuanli（锂离子电池工作原理）覆盖；尾部能量密度排序属练习填空。,
dir_batch_024.csv#1971,CHEMISTRY,O2作为原电池的正极反应物时，其电极反应在不同的介质中有不同的写法。,COVERED,definition 的核心“O2 作正极反应物时电极反应随介质不同而不同”由包内节点 燃料电池电极反应式的书写 的 ext-che-f668f4f6c0-014b、ext-che-02e43d3aeb-001b、chem-kb-fuel-cell-electrode-writing（正极氧气得电子随介质生成 OH－、CO32－、O2－）、chem-hj-randiao-dianchi-jiezhi-yingxiang（酸性、碱性、固体氧化物、熔融盐介质中电极反应式不同）与命中节点 燃料电池 的 ext-che-3b6c218622-010 覆盖；熔融硝酸盐与过氧根、超氧根属延伸练习。,
dir_batch_024.csv#1972,CHEMISTRY,判断原电池正、负极的方法,COVERED,definition 为与该节点同源的提醒（负极质量不一定减少）；命中节点 判断原电池正-负极的方法 的 chem-kb-galvanic-electrode-judgment、chem-hj-zheng-fuji-panduan、chem-hj2-yuan-dianchi-dianji-sipanfa、ext-che-2c2c95102b-002b（由电极质量变化与现象判断）、ext-che-3b6c218622-002c（判断正负极的两个易错点）覆盖正负极的判断方法，“负极质量不一定减少”的结论在包内由 chem-hj-fuji-zhiliang-biandingjian、chem-kb-galvanic-cell-pitfalls 覆盖。,
dir_batch_024.csv#1973,CHEMISTRY,已知总方程式，书写电极反应式,COVERED,命中节点 已知总方程式-书写电极反应式 的 ext-che-02e43d3aeb-001（确定产物、得失电子数、电荷守恒、原子守恒四步）、chem-kb-electrode-equation-from-total-reaction（含二甲醚酸性燃料电池实例与总反应减一极的技巧）、chem-hj-dianji-fanyingshi-chaijian、ext-che-c8eaa7660b-009 覆盖 definition 的书写步骤、书写技巧与电子数须与总反应一致的要求。,
dir_batch_024.csv#1974,CHEMISTRY,原电池工作原理易错知识“10”点,COVERED,命中节点 原电池工作原理易错知识-10-点 的 chem-kb-galvanic-cell-pitfalls、chem-hj-dianzi-buxiashui-lizi-bushangan（电子只在导线、离子只在电解质中移动，盐桥不能用导线代替）、ext-che-86a0fcc39c-008、ext-che-2c2c95102b-005 覆盖 definition 的十点（闭合回路形成方式、电子不过溶液、活泼金属不一定作负极、电子守恒、原电池使反应加快、电极产物须在介质中稳定存在）。,
dir_batch_024.csv#1979,CHEMISTRY,可充电电池题目的解答思路,COVERED,命中节点 可充电电池题目的解答思路 的 chem-hj2-erci-dianchi-jieti-liucheng（放电为原电池、充电为电解池，电极对应与反应颠倒）、ext-che-4b16225acf-003（读题、定池型、迁电极、迁反应、析离子五步）、ext-che-4dd2e79693-062、ext-che-02e43d3aeb-001c、ext-che-edf4d79299-006 覆盖 definition 所指向的解答思路；definition 的两道题属练习。,
dir_batch_024.csv#1980,CHEMISTRY,在浓差电池中，为了限定某些离子的移动，常涉及到“离子交换膜”。,COVERED,包内节点 在浓差电池中-为了限定某些离子的移动-常涉及到-离子交换膜 的材料 chem-ion-exchange-membrane-types（阳膜、阴膜、质子膜、双极膜的透过性）、chem-kb-ion-exchange-membranes（选择性通过特定离子、隔离两极区并平衡电荷）、chem-hj-lizi-jiaohuanmo-leixing-zuoyong、chem-hj-hanmo-dianjie-jieti-sibu（分清膜型、写电极反应、定离子迁移、析膜作用）覆盖 definition 的常见离子交换膜、两大作用与选择依据。,
dir_batch_024.csv#1981,CHEMISTRY,“浓差电池”的分析方法,COVERED,命中节点 浓差电池-的分析方法 的 ext-che-02e43d3aeb-004b（两侧浓度差产生电势、两极反应相同而方向相反）、chem-fx-nong-cha-dian-chi-de-fen-xi-fang-fa-f40x06、ext-che-4dd2e79693-067（电极浓差与电解质浓差两类、浓正稀负）、ext-che-3b6c218622-017 覆盖 definition 的原理与正负极判断关键。,
dir_batch_024.csv#1982,CHEMISTRY,水的电离,COVERED,命中节点 水的电离 的 chem-kb-water-ionization-basics（极弱电解质，特点是难、逆、等、吸）、ext-che-c3ab790e04-001（电离方程式 H2O＋H2O⇌H3O＋＋OH－ 与其简写）、ext-che-002c4fed68-002、ext-che-4aca25a694-002 覆盖 definition 的电离方程式与特点。,
dir_batch_024.csv#1983,CHEMISTRY,水的离子积常数,COVERED,命中节点 水的离子积常数 的 chem-kb-water-ion-product-kw（表达式、常温 1×10－14、只与温度有关、适用一切稀水溶液）、chem-hj2-kw-wendu-shiying-fanwei（25 ℃约10－14、100 ℃约10－12）、ext-che-c3ab790e04-002d、chem-fx-shui-de-li-zi-ji-chang-shu-f48x03 覆盖 definition 的表达式、常温数值、影响因素、适用范围与意义。,
dir_batch_024.csv#1986,CHEMISTRY,溶液的酸碱性,COVERED,命中节点 溶液的酸碱性 的 chem-kb-solution-acidity-ph-definition（酸碱性由 c(H＋) 与 c(OH－) 的相对大小决定）、ext-che-146a413810-011、ext-che-afd9748dd0-011、ext-che-c3ab790e04-012、chem-hj2-suanjian-rongye-changjian-biaoshi 覆盖 definition 的判断依据与常见酸碱性表述。,
dir_batch_024.csv#1987,CHEMISTRY,溶液的pH,COVERED,命中节点 溶液的ph 的 wusan-chem-x1c3-ph-measurement（pH＝－lg c(H＋)、适用范围、pH 试纸与 pH 计的测定）、ext-che-6c2b1eeb5f-005、ext-che-146a413810-012（pH 与 pOH 之和等于 pKw）、ext-che-afd9748dd0-012 覆盖 definition 的定义式、范围、测量与酸碱性的对应关系。,
dir_batch_024.csv#1988,CHEMISTRY,溶液pH的计算,COVERED,命中节点 溶液ph的计算 的 ext-che-1e82fabdbf-019（单一溶液与强酸强碱混合溶液的 pH 计算）、ext-che-c3ab790e04-010b、ext-che-c3ab790e04-010d、ext-che-146a413810-014（强碱混合不能直接混合H＋浓度）、ext-che-afd9748dd0-013（含稀释的变化规律）覆盖 definition 的五种计算情形。,
dir_batch_024.csv#1991,CHEMISTRY,实验原理,COVERED,命中节点 实验原理 的唯一材料 ext-che-6c2b1eeb5f-009 覆盖 definition 的酸碱中和滴定原理（用已知浓度的酸或碱测定未知浓度的碱或酸）与 c待＝c标V标/V待 的定量关系式。,
dir_batch_024.csv#1992,CHEMISTRY,酸碱中和滴定的关键,COVERED,命中节点 酸碱中和滴定的关键 的 chem-kb-neutralization-titration-principle（关键是测准体积、判准终点）、chem-hj-zhonghe-dingding-caozuo、ext-che-c3ab790e04-019b、ext-che-387667e1e7-001b 覆盖 definition 的两个关键环节（准确测定酸碱溶液的体积、选取适当指示剂并准确判断滴定终点）。,
dir_batch_024.csv#1994,CHEMISTRY,滴定操作,COVERED,命中节点 滴定操作 的 ext-che-c3ab790e04-017（使用前检漏与润洗2～3次，锥形瓶只用蒸馏水洗）、ext-che-c3ab790e04-018（滴定中左手控活塞、右手摇瓶、两眼注视颜色变化，最后半滴操作与终点判断）、ext-che-4aca25a694-014、wusan-che-v-16b62da1、ext-che-afd9748dd0-018 覆盖 definition 的准备、洗涤、装液调整液面、读数与终点判断。,
dir_batch_024.csv#1995,CHEMISTRY,数据处理,COVERED,definition 的“重复实验 2～3 次，求所用标准溶液体积的平均值，再计算待测液的物质的量浓度”由包内 chem-kb-neutralization-titration-principle（重复滴定2～3次取标准液体积平均值再计算）、wusan-che-v-16b62da1（滴定操作与数据处理）、ext-che-afd9748dd0-018 覆盖；name 为知识清单小标题片段。,
dir_batch_024.csv#1996,CHEMISTRY,滴定曲线,COVERED,命中节点 滴定曲线 的 ext-che-6c2b1eeb5f-010（滴定曲线的 pH 突变）、ext-che-146a413810-020（接近终点时半滴即引起突变，突跃范围决定指示剂选择）、ext-che-c3ab790e04-019、wusan-chem-x1c3-titration-curve、ext-che-c3ab790e04-024（恰好中和、滴定终点与溶液呈中性三者不同）覆盖 definition 的突变描述与提示。,
dir_batch_024.csv#1997,CHEMISTRY,误差分析,COVERED,命中节点 误差分析 的 wusan-che-v-7599e43e（所有误差归结到 V(标准) 的影响，消耗标准液多或读数大则偏高）、ext-che-c3ab790e04-021c、ext-che-20e51f35b2-012、ext-che-146a413810-020b 覆盖 definition 的误差分析依据与偏高偏低判断。,
dir_batch_025.csv#2000,CHEMISTRY,水电离出的c(H＋)或c(OH－)的相关计算(25 ℃),COVERED,definition 的实质（任何水溶液中水电离产生的 c(H＋) 与 c(OH－) 恒相等、25 ℃ 时的四类计算）由节点 由水电离的c(H＋)或c(OH－)的计算 的材料 ext-che-146a413810-004（水电离出的离子浓度计算模型，含酸碱盐水解盐四类与中性溶液 1.0×10-7）、节点 水电离出的c水(H＋)与c水(OH－)的计算 的 ext-che-afd9748dd0-005、节点 水电离出的离子浓度的计算 的 ext-che-c3ab790e04-007 与 ext-che-4aca25a694-004、节点 酸或碱溶液中水电离程度的计算 的 ext-che-20e51f35b2-003 完整覆盖。,
dir_batch_025.csv#2002,CHEMISTRY,溶质为碱的溶液：H＋全部来自水的电离。,COVERED,命中节点 溶质为碱的溶液-h-全部来自水的电离 自身材料 ext-che-254546a036-011（水电离出的离子浓度计算）第④条明确：溶质为碱的溶液 H＋ 全部来自水的电离，c(H＋)溶液＝c(H＋)水＝c(OH－)水，如 pH＝12 的 NaOH 溶液中由水电离的 c(OH－)＝10－12 mol·L－1，覆盖 definition 的实质。,
dir_batch_025.csv#2005,CHEMISTRY,外界条件对水的电离平衡的影响,COVERED,命中节点 外界条件对水的电离平衡的影响 材料 ext-che-4aca25a694-002b（升温与能水解的盐促进、酸碱抑制）、ext-che-146a413810-002b（温度酸碱金属对水电离的影响）、ext-che-c3ab790e04-005 与 ext-che-afd9748dd0-003（抑制与促进水电离的方法）、ext-che-002c4fed68-005（水的电离平衡曲线分析）覆盖 definition 所列 H2O 电离平衡与 ΔH＞0 对应的外界条件影响。,
dir_batch_025.csv#2006,CHEMISTRY,混合溶液酸碱性的判断规律,COVERED,命中节点 混合溶液酸碱性的判断规律 材料 chem-kb-mixed-solution-acidity-rules（等浓度等体积按强弱判断、pH 和为 14 遵循谁弱显谁性）、ext-che-c3ab790e04-011（pH 之和为 14 的三种混合结果）、ext-che-f2609763fa-004 与 chem-fx-suan-jian-rong-ye-hun-he-hou-suan-jian-f48x05、ext-che-4aca25a694-009b 覆盖（1）（2）；恰好完全中和时 10－a·Va＝10b－14·Vb 的体积关系由 ext-che-146a413810-015 与 chem-kb-mixed-solution-acidity-rules 的边界说明覆盖，definition 尾部的习题设问不构成新知识。,
dir_batch_025.csv#2007,CHEMISTRY,巧抓“四点”，突破酸碱中和滴定曲线中的粒子浓度关系,COVERED,definition 的实质（抓一半点、恰好点、中性点、过量点并判断溶质与离子浓度关系，含向 CH3COOH 中滴加 NaOH 的 a/b/c/d 四点分析）由节点 巧抓-四点-突破酸碱中和滴定曲线中的粒子浓度关系 的材料 chem-kb-titration-curve-four-points、chem-fx-qiao-zhua-si-dian-f51x03、ext-che-fe38fc6798-025、ext-che-387667e1e7-002、chem-hj-dingding-quxian-fenxi 覆盖；尾部量器读数部分由 chem-fx-tu-jie-liang-qi-de-du-shu-fang-fa-f51x06（图解量器的读数方法）与 chem-hj-jiliang-yiqi-jingdu-guifan（计量仪器的精度与使用规范）覆盖。,
dir_batch_025.csv#2009,CHEMISTRY,水的电离易错“七”点,COVERED,命中节点 水的电离易错-七-点 的 3 条材料 ext-che-6c2b1eeb5f-024（Kw 适用范围、温度影响、水电离出浓度相等与 Kw 中浓度为总浓度）、ext-che-c3ab790e04-004（酸碱抑制、能水解的盐促进、小于 10－7 可能酸也可能碱、加热后 pH<7 仍中性）、ext-che-c3ab790e04-004b（水电离出的 H＋ 与 OH－ 永远相等、不能由水电离浓度直接判断酸碱性）覆盖 definition 的七点。,
dir_batch_025.csv#2010,CHEMISTRY,pH试纸的规范使用,COVERED,命中节点 ph试纸的规范使用 材料 chem-kb-ph-paper-proper-use（不能伸入试液、不能润湿、只读整数、不测氯水）、ext-che-d28ff8e706-005b、ext-che-132c91288f-007、ext-che-8ec1d166ca-007 逐条覆盖 definition 的四点。,
dir_batch_025.csv#2011,CHEMISTRY,酸、碱稀释时的两个误区,COVERED,命中节点 酸-碱稀释时的两个误区 材料 ext-che-6c2b1eeb5f-027（无限稀释 pH 只接近 7；弱酸弱碱稀释 10 倍 pH 变化不足 1 个单位、稀释后 pH 相等时弱酸弱碱加水量更大）与 ext-che-c3ab790e04-014b 覆盖 definition 的两个误区。,
dir_batch_025.csv#2013,CHEMISTRY,酸碱中和滴定“八”个提醒,COVERED,命中节点 酸碱中和滴定-八-个提醒 材料 ext-che-254546a036-019 逐条给出滴定管 0 刻度在上、精度 0.01 mL、润洗与排气泡、酸碱试剂分装、25 mL 滴定管余液大于 15 mL 等八个提醒，与 definition 一致；ext-che-4aca25a694-015 补充终点与读数提醒。,
dir_batch_025.csv#2014,CHEMISTRY,抑制、促进水电离平衡的方法,COVERED,命中节点 抑制-促进水电离平衡的方法 材料 chem-kb-water-ionization-shift-factors（升温、活泼金属、强酸弱碱盐/强碱弱酸盐促进；酸碱、强酸酸式盐、酸性或碱性气体、降温抑制）、ext-che-c3ab790e04-005b、ext-che-afd9748dd0-006 覆盖 definition 的（1）（2）两栏。,
dir_batch_025.csv#2016,CHEMISTRY,有关pH计算的一般思维模型,COVERED,命中节点 有关ph计算的一般思维模型 材料 chem-hj2-ph-jisuan-sixiang-moxing、ext-che-4aca25a694-011（先判酸碱性、酸求 c(H＋)、碱先求 c(OH－) 再换算）、ext-che-f2609763fa-004b（酸碱混合三类计算）、wusan-che-v-7a691b1b 覆盖 pH 计算的一般模型与温度、Kw 的注意点。,
dir_batch_025.csv#2017,CHEMISTRY,硫单质,COVERED,命中节点 硫单质 材料 ext-che-cb0f101582-001、ext-che-a13e903c71-002、ext-che-004850c1e8-002 与 ext-che-b4cc61c65b-001（存在形态、黄色固体、不溶于水微溶于酒精易溶于 CS2、0 价中间价态与歧化）、ext-che-004850c1e8-003d（试管内壁硫的清洗）、ext-che-b7cfdfda64-003 覆盖 definition 三项。,
dir_batch_025.csv#2020,CHEMISTRY,二氧化硫,COVERED,命中节点 二氧化硫 材料（25 条）中 ext-che-d9699faeed-003、ext-che-cb0f101582-003、ext-che-a13e903c71-004 与 ext-che-b7cfdfda64-004（无色刺激性气味有毒、1 体积水溶解约 40 体积、酸性氧化物通性）、ext-che-a13e903c71-004b 与 ext-che-588fbf65e2-003（还原性、氧化性、漂白性）、chem-hj-so2-zhibei-fangfa 与 ext-che-d62612a9e4-005（实验室制法）、ext-che-b7cfdfda64-006（用途）覆盖（1）至（4）；工业脱硫的钙基固硫、双碱、氨水、钠碱四种吸收法由节点 二氧化硫的尾气处理 的 ext-che-cb0f101582-017、ext-che-588fbf65e2-005、ext-che-6bf2e64662-007b 覆盖。,
dir_batch_025.csv#2021,CHEMISTRY,三氧化硫,COVERED,命中节点 三氧化硫 材料 ext-che-cb0f101582-003b、ext-che-a13e903c71-005b、ext-che-004850c1e8-004b、ext-che-6bf2e64662-005b、ext-che-b7cfdfda64-007 覆盖 definition 的物理性质（熔点 16.8 ℃、沸点 44.8 ℃、常温液态、标准状况固态）与酸性氧化物通性（与水、碱性氧化物、碱溶液反应）。,
dir_batch_025.csv#2024,CHEMISTRY,硫酸,COVERED,命中节点 硫酸 材料 wusan-chem-b2c5-sulfuric-acid 与 ext-che-99248b25c4-016、ext-che-b7cfdfda64-013（浓硫酸吸水性、脱水性、强氧化性；稀硫酸只有酸的通性）、ext-che-004850c1e8-007 与 ext-che-813727c8d6-001（稀硫酸酸的通性）、ext-che-a13e903c71-012 与 ext-che-588fbf65e2-012、ext-che-813727c8d6-001c（煅烧硫黄或黄铁矿制 SO2、催化氧化、98.3％ 浓硫酸吸收 SO3 三步）覆盖 definition 三项。,
dir_batch_025.csv#2027,CHEMISTRY,硫及其化合物之间的转化规律,COVERED,命中节点 硫及其化合物之间的转化规律 材料 chem-kb-sulfur-valence-transform-rules、chem-hj-liu-jialei-zhuanhua-guilv、ext-che-004850c1e8-013、ext-che-a13e903c71-018 与 ext-che-a13e903c71-018b、ext-che-6bf2e64662-019、ext-che-15fcabc7cf-003f 覆盖不同价态按台阶式升降的氧化还原转化、同价态 SO2/Na2SO3/NaHSO3 与 H2S/Na2S/NaHS 的非氧化还原转化及 2SO2＋O2 生成 SO3、S＋H2 生成 H2S、SO2＋2H2S 生成 3S 等实例。,
dir_batch_025.csv#2036,CHEMISTRY,硫化钠转化为单质硫,COVERED,命中节点 硫化钠转化为单质硫 材料 wusan-chem-b2c5-sulfide-to-sulfur（Na2S 中硫为 －2 价只有还原性，被氧化时升到相邻的 0 价生成单质硫）与 ext-che-6679c4dab3-005（SO2 通入硫化钠溶液生成淡黄色单质硫）覆盖 definition 的实验结论 S2－ 被 H2SO3 及酸性 KMnO4 氧化生成单质硫。,
dir_batch_025.csv#2038,CHEMISTRY,硫转化为硫化亚铁,COVERED,命中节点 硫转化为硫化亚铁 材料 wusan-chem-b2c5-sulfur-to-ferrous-sulfide（硫与铁加热生成 FeS，硫的氧化性弱只能把铁氧化到 ＋2 价）与 ext-che-d9699faeed-001（与变价金属生成低价盐、Fe 与 S 加热生成 FeS）覆盖 definition 的现象与方程式 Fe＋S 生成 FeS。,
dir_batch_025.csv#2041,CHEMISTRY,二氧化硫的尾气处理,COVERED,命中节点 二氧化硫的尾气处理 材料 ext-che-cb0f101582-017（钙基固硫、氨水脱硫、钠碱脱硫与双碱脱硫的原理与方程式）、ext-che-588fbf65e2-005、ext-che-6bf2e64662-007b、chem-fx-an-shui-tuo-liu-fa-f23x07、chem-fx-na-jian-tuo-liu-fa-f23x08、ext-che-813727c8d6-006 覆盖 definition 的钙基固硫法、氨水脱硫法与钠碱脱硫法原理与方程式。,
dir_batch_025.csv#2042,CHEMISTRY,硫及其重要化合物的知识盲点,COVERED,命中节点 硫及其重要化合物的知识盲点 材料 ext-che-cb0f101582-018（硫单质的洗涤方法与 SO2 表现不同性质的现象辨析）、ext-che-7d5cacfb3f-024 与 ext-che-cb0f101582-019（SO2 与钡盐溶液的沉淀判断、浓酸与足量金属反应产物变化、碳与浓硫酸反应产物的检验流程）、ext-che-6bf2e64662-003 覆盖 definition 的（1）至（5）各盲点；尾部带括注的判断题不构成新知识。,
dir_batch_025.csv#2043,CHEMISTRY,SO检验的易错点,COVERED,命中节点 so检验的易错点 材料 ext-che-cb0f101582-020（硫酸根离子检验的三类错误与规范操作）、ext-che-004850c1e8-012 与 ext-che-004850c1e8-012b、ext-che-1286e228d0-009b、ext-che-6bf2e64662-015、chem-fx-jian-yan-de-yi-cuo-dian-f23x05 覆盖 definition 的三点误判（Ag＋/Pb2＋ 干扰、被硝酸氧化误判、酸化用稀盐酸且钡盐用 BaCl2）。,
dir_batch_025.csv#2044,CHEMISTRY,SO2和CO2的鉴别方法,COVERED,命中节点 so2和co2的鉴别方法 材料 chem-hj-so2-co2-jianbie（气味、品红、溴水、KMnO4 等鉴别）与 chem-kb-so2-co2-identification、ext-che-cb0f101582-020b 覆盖 definition 的气味法、品红溶液法、酸性高锰酸钾或溴水法三种鉴别方法。,
dir_batch_025.csv#2045,CHEMISTRY,检验SO2和CO2同时存在的一般流程,COVERED,节点 检验so2和co2同时存在的一般流程 材料 chem-fx-xuan-yong-shi-ji-f22x08（选用试剂：品红溶液、酸性 KMnO4 溶液、品红溶液、澄清石灰水）、chem-fx-you-shi-wei-jian-hua-zhuang-zhi-f22x09（简化装置合并除 SO2 与检验除尽，较浓酸性 KMnO4 溶液颜色变浅）、ext-che-588fbf65e2-007 覆盖 definition 的流程与简化装置注意。,
dir_batch_025.csv#2047,CHEMISTRY,浓硫酸与金属的反应规律,COVERED,命中节点 浓硫酸与金属的反应规律 材料 ext-che-a13e903c71-011、ext-che-1286e228d0-008、ext-che-6bf2e64662-014b、ext-che-004850c1e8-010（钝化）与 ext-che-004850c1e8-011、ext-che-588fbf65e2-013、ext-che-b7cfdfda64-014、ext-che-972e50903e-009 覆盖 definition 的钝化、活泼金属先 SO2 后 H2、不活泼金属加热反应且变稀后停止、金属反应既显氧化性又显酸性而与非金属反应只显氧化性四项。,
dir_batch_025.csv#2048,CHEMISTRY,电解质及其分类,COVERED,命中节点 电解质及其分类 材料 ext-che-15c287c4f8-003、ext-che-3025e9bb31-001、ext-che-cdf4760f34-002 与 ext-che-9d9489b3be-003（电解质与非电解质均为化合物、按自身能否电离判断）、ext-che-ded43bede2-001（强电解质完全电离、弱电解质部分电离，分类依据是电离程度）、ext-che-dce2cd2e1c-002 覆盖 definition 的电解质与非电解质、强电解质与弱电解质两个分类维度。,
dir_batch_025.csv#2049,CHEMISTRY,电解质的电离,COVERED,命中节点 电解质的电离 材料 chem-kb-acid-base-salt-from-ionization 与 ext-che-9d9489b3be-004b（从电离角度定义酸、碱、盐，强调全部）、wusan-che-v-b8f125b0、ext-che-dce2cd2e1c-003、ext-che-9d9489b3be-004（书写三原则：符合电离事实、质量守恒、电荷守恒）覆盖 definition 的电离条件、酸碱盐定义与电离方程式书写三注意。,
dir_batch_025.csv#2050,CHEMISTRY,电解质溶液的导电性,COVERED,命中节点 电解质溶液的导电性 材料 chem-kb-electrolyte-solution-conductivity、chem-hj-daodian-nengli-yinsu、ext-che-3025e9bb31-003b、ext-che-8c7b6cf5e0-006、ext-che-9d9489b3be-005 覆盖 definition 的导电能力由离子浓度与所带电荷数决定；尾部强弱电解质归类习题不构成新知识。,
dir_batch_025.csv#2051,CHEMISTRY,离子反应,COVERED,命中节点 离子反应 材料 chem-kb-ion-reaction-conditions、chem-hj-lizi-fanying-tiaojian、chem-fx-li-zi-fan-ying-fa-sheng-de-tiao-jian-f08x12、ext-che-dce2cd2e1c-008、ext-che-c2bb80d694-013、ext-che-071d406960-005 覆盖 definition 的定义、实质（离子种类或浓度改变、向减小离子浓度方向进行）与三类发生条件（复分解、氧化还原、生成配合物）。,
dir_batch_025.csv#2052,CHEMISTRY,离子方程式,COVERED,命中节点 离子方程式 材料 wusan-che-v-5e967e31、ext-che-dce2cd2e1c-009 与 ext-che-9d9489b3be-009b（写、拆、删、查四步与 H＋＋OH－ 表示一类反应）、ext-che-dce2cd2e1c-009b 与 ext-che-7d885d11bb-001b、ext-che-ded43bede2-006（可拆与不可拆物质清单：强酸、强碱、可溶性盐可拆，氧化物、过氧化物、弱电解质、沉淀、气体不拆）、ext-che-7d885d11bb-002b（微溶物处理）覆盖 definition 的定义、意义、步骤与拆分。,
dir_batch_025.csv#2056,CHEMISTRY,连续型离子方程式的书写(分类分析法)：,COVERED,命中节点 连续型离子方程式的书写-分类分析法 材料 ext-che-8c7b6cf5e0-015、ext-che-4dd2e79693-015b 与 ext-che-4dd2e79693-016（连续型的连续反应原理与多元弱酸盐、铝的书写）、ext-che-a3585e40e3-001、ext-che-9d9489b3be-013、ext-che-cdf4760f34-012b、ext-che-0a284cb201-007、ext-che-ded43bede2-009b 覆盖 definition 的用量决定产物、Na2CO3 与盐酸、CO2 与 NaOH 等连续型书写。,
dir_batch_025.csv#2057,CHEMISTRY,竞争型离子方程式的书写(先强后弱法)：,COVERED,命中节点 竞争型离子方程式的书写-先强后弱法 材料 ext-che-12d2586885-008、ext-che-4dd2e79693-016b 与 ext-che-4dd2e79693-017、ext-che-8c7b6cf5e0-016、ext-che-a3585e40e3-002、ext-che-9d9489b3be-014、ext-che-ded43bede2-010 覆盖 definition 的竞争关系判断与先强后弱书写（H＋ 先于 NH4＋ 结合 OH－、I－ 先于 Fe2＋ 被氧化等）。,
dir_batch_025.csv#2058,CHEMISTRY,配比型离子方程式的书写(少定多变法)：,COVERED,命中节点 配比型离子方程式的书写-少定多变法 材料 wusan-che-v-e9ff575c、ext-che-12d2586885-009、ext-che-8c7b6cf5e0-017、ext-che-4dd2e79693-015、ext-che-1ff1c78002-001c 与 ext-che-7d885d11bb-002d、ext-che-ded43bede2-013 覆盖 definition 的少量物质定为 1 按组成比例书写（NaHCO3 与足量 Ba(OH)2、Ba(OH)2 与足量 NH4HSO4、Ca(HCO3)2 与 Ca(OH)2）。,
dir_batch_025.csv#2062,CHEMISTRY,常见阳离子的检验与推断依据,COVERED,命中节点 常见阳离子的检验与推断依据 材料 chem-kb-cation-test-methods、ext-che-a361f56778-003、ext-che-de3579c665-001b（按生成沉淀、生成气体、显现特殊颜色三类归纳检验依据）与 chem-hj-anyan-xingzhi-jianyan、ext-che-fd63e4042d-012（NH4＋ 遇碱放出使湿润红色石蕊试纸变蓝的气体）覆盖 definition 的三类框架与铵根检验。,
dir_batch_025.csv#2063,CHEMISTRY,常见阴离子的检验与推断依据,COVERED,命中节点 常见阴离子的检验与推断依据 材料 chem-kb-anion-test-methods、chem-hj-yinlizi-jianyan-biao、ext-che-fd63e4042d-014 与 ext-che-fd63e4042d-015（卤素离子的硝酸银沉淀与萃取显色、硫酸根与碳酸根、亚硫酸根的沉淀与气体检验）、chem-carbonate-detection、chem-sulfate-detection 覆盖 definition 的三类检验依据与 OH－、碘离子等要点。,
dir_batch_025.csv#2066,CHEMISTRY,电解质溶液的导电原理,COVERED,命中节点 电解质溶液的导电原理 材料 chem-hj2-rongye-daodian-nengli-yinsu、chem-fx-dian-jie-zhi-rong-ye-de-dao-dian-yuan-f08x09、ext-che-dce2cd2e1c-007、ext-che-c2bb80d694-005b、ext-che-071d406960-004、ext-che-cdf4760f34-005b 与 definition 逐句一致（离子在外加电场下定向移动导电、浓度与电荷数越大导电能力越强）。,
dir_batch_025.csv#2068,CHEMISTRY,书写离子方程式应注意的问题,COVERED,definition 的五项注意（浓硫酸不拆而浓硝酸、浓盐酸拆；多元弱酸酸式酸根不拆；氨水作反应物写 NH3·H2O、作生成物且加热或浓度大时写 NH3 与 H2O；微溶物作反应物时澄清液拆、悬浊液不拆、作生成物按沉淀处理；盐类水解离子方程式用可逆号）由节点 离子方程式 的材料 ext-che-cdf4760f34-015b（离子方程式书写的注意事项与溶解性）、ext-che-ded43bede2-008（酸式盐与特殊体系拆分要点、浓硫酸不拆）、ext-che-dce2cd2e1c-010（不写离子方程式的情形与浓溶液写法）、ext-che-7d885d11bb-002b（微溶物处理）覆盖。,
dir_batch_025.csv#2069,CHEMISTRY,离子方程式的正误判断方法,COVERED,命中节点 离子方程式的正误判断方法 材料 chem-ion-equation-check-objective-facts（一查客观事实，含 Fe 与 H＋ 只生成 Fe2＋）、chem-ion-equation-check-symbols 与 chem-ion-equation-check-formula-splitting（二查符号、三查拆分，含 Fe(OH)3 胶体不标沉淀号、NaHCO3 水解用可逆号）、chem-ion-equation-check-missing-reaction（四查漏写并行反应）、chem-ion-equation-check-problem-conditions（五查题设条件与用量）、ext-che-dce2cd2e1c-013 与 chem-kb-ionic-equation-check-six-steps 覆盖 definition 的五查。,
dir_batch_025.csv#2072,CHEMISTRY,离子共存,COVERED,命中节点 离子共存 材料 ext-che-5fce0adee9-002（离子共存的实质）、ext-che-050d0632c7-002、ext-che-879b6319ac-003、ext-che-0a284cb201-011、ext-che-7d885d11bb-003b 覆盖 definition 的共存含义（离子间不能发生任何化学反应，能反应则不能大量共存）与反应类型框架。,
dir_batch_025.csv#2073,CHEMISTRY,分析离子能否大量共存必备知识,COVERED,命中节点 分析离子能否大量共存必备知识 材料 ext-che-539280dee0-004（一色二性判断，pH、指示剂、c(H＋) 等描述指示环境）、chem-hj-lizi-gongcun-yinhan（隐含条件一色二性三特殊）、chem-fx-san-te-shu-f76x12、ext-che-4dd2e79693-020、ext-che-da2d86034b-037b 覆盖 definition 的有色离子清单与酸性、碱性、可能两性三类表述。,
dir_batch_025.csv#2075,CHEMISTRY,电荷守恒在离子推断中的应用,COVERED,命中节点 电荷守恒在离子推断中的应用 材料 chem-kb-charge-conservation-ion-inference、ext-che-5fce0adee9-012、ext-che-2ae6f40e31-011b、ext-che-4670f7861c-023、ext-che-258405f3c6-009 与 definition 一致（多种离子共存且只有一种离子未知时，用电荷守恒判断其是否存在）。,
dir_batch_025.csv#2078,CHEMISTRY,电解质概念和判断的几个“特殊点”,COVERED,命中节点 电解质概念和判断的几个-特殊点 材料 chem-kb-electrolyte-judgment-boundary（概念仅对化合物而言、自身电离才是电解质）、chem-hj2-dianjiezhi-feidianjiezhi-liuxi（电解质与非电解质概念的六个辨析点，含 CO2、NH3、SO2、SO3 水溶液导电却是非电解质，难溶盐与金属氧化物是强电解质）、ext-che-2ae6f40e31-001、ext-che-8c7b6cf5e0-003（强弱按电离程度划分，盐不论溶解性都是强电解质）、ext-che-ded43bede2-001b 覆盖 definition 的五个特殊点。,
dir_batch_025.csv#2079,CHEMISTRY,电解质的电离的“易错点”,COVERED,命中节点 电解质的电离的-易错点 的唯一材料 ext-che-12d2586885-023 第③④条明确：强弱电解质按电离程度划分而非按导电性或溶解度；电离的条件是水溶液或熔融状态而不是通电，电离过程中只有旧化学键断裂、没有新化学键形成，属于物理变化，完整覆盖 definition 的两个易错点。,
dir_batch_026.csv#2080,CHEMISTRY,电解质导电性的“易错点”,COVERED,definition 三条：电解质不一定能导电、电解质溶液导电性与溶解度无必然关系、强电解质导电能力不一定强。命中节点 电解质导电性的-易错点 全量材料只有 chem-hj-dianjiezhi-panduan-yicuo（电解质判断的易错点），其内容为电解质不一定能导电（固态 NaCl、液态 HCl）、能导电的不一定是电解质、电解质强弱与溶液导电能力和溶解性无直接关系，三条全部覆盖。,
dir_batch_026.csv#2081,CHEMISTRY,电离方程式的“易错点”,COVERED,definition 为弱酸酸式盐分步电离（NaHCO3）、熔融电离只破坏离子键（NaHSO4）、有水参与的反应不一定是水解、电离式与沉淀溶解平衡式的区分，另附电解质判定判断句。命中节点 电离方程式的-易错点 全量 11 条材料中 ext-che-12d2586885-024（电解质必须是自身电离的化合物、熔融时只破坏离子键、电离方程式区别于沉淀溶解平衡式）、ext-che-2ae6f40e31-003（弱酸酸式根与浓硫酸都不能拆开）、ext-che-6b9ae33803-003（区分电离式与水解式、电离式与沉淀溶解平衡式）、ext-che-cdf4760f34-005 逐条对应。,
dir_batch_026.csv#2082,CHEMISTRY,离子方程式题设错方式,COVERED,definition 列举忽视反应事实、拆分规则、反应个数、微粒配比、电荷守恒、原子守恒、电子守恒等七类设错方式。命中节点 离子方程式题设错方式 全量 5 条材料 ext-che-12d2586885-025、ext-che-8c7b6cf5e0-014、ext-che-9d9489b3be-012、ext-che-6e73710210-004b（三守恒与符号规范）、ext-che-cdf4760f34-018 均按客观事实、拆分、守恒、量比四类陷阱归纳，覆盖全部设错类型。,
dir_batch_026.csv#2083,CHEMISTRY,常见的与量无关的离子反应,COVERED,definition 三条与量无关的离子反应：苯酚钠溶液通少量或过量 CO2 只生成 HCO3-、NaClO 溶液通少量或过量 CO2 只生成 HCO3-、铝盐溶液通少量或过量 NH3 只生成 Al(OH)3。命中节点 常见的与量无关的离子反应 的材料 ext-che-095a44dcdd-013（CO2 通入 NaClO、苯酚钠溶液时只生成 HCO3-，与用量无关）覆盖前两条，第三条的原理由 wusan-chem-b1c3-aluminium-pitfall（Al(OH)3 溶于强碱而非氨水）、chem-hj-zhi-al-oh3-sanlujing（由 Al3+ 制备 Al(OH)3 宜用氨水）覆盖。,
dir_batch_026.csv#2086,CHEMISTRY,离子共存的判断易错点,COVERED,definition 为题干关键词（一定大量共存或可能大量共存、透明溶液与无色透明溶液、酸性碱性或其他指定离子）、常见有色离子清单、五类隐含条件与正误判断句。命中节点 离子共存的判断易错点 全量 10 条材料中 chem-hj2-lizi-gongcun-liuyao-yise-erxing（一色二性三特殊四反应）、ext-che-4dd2e79693-020c（题干措辞、酸碱性与透明无色、隐含条件）、ext-che-0a284cb201-012（一色二性三特殊）、ext-che-a361f56778-002（氧化还原型不能共存）、ext-che-de3579c665-003（四类陷阱）逐项对应。,
dir_batch_026.csv#2087,CHEMISTRY,与量有关的离子方程式书写技巧,COVERED,definition 为分步书写法（AlCl3 与过量 NaOH）、假设定序法（Cl2 与 FeBr2 溶液）、少定多变法（Ca(OH)2 与 NaHCO3 溶液）三种技法及其定量与过量说明。命中节点 与量有关的离子方程式书写技巧 全量 27 条材料中 chem-mo-yongliang-sanjishu、chem-kb-quantity-related-ionic-equation-techniques、ext-che-da2d86034b-037、chem-fx-shao-ding-duo-bian-fa-shu-xie-yu-liang-f08x28、chem-kb-quantity-related-ionic-equation-techniques 与三技法一一对应。,
dir_batch_026.csv#2089,CHEMISTRY,离子共存问题解题要点,COVERED,definition 为一色、二性、三特殊、四反应四个要点及三种特殊组合（AlO2- 与 HCO3- 不共存、NO3- 与 H+ 组合具强氧化性、NH4+ 与 CH3COO- 仍可共存）。命中节点 离子共存问题解题要点 全量 17 条材料中 ext-che-2e94dddfed-004、ext-che-2ae6f40e31-009、ext-che-a52360412a-004（三种特殊情况）、ext-che-4dd2e79693-020b（四类反应）完整覆盖。,
dir_batch_026.csv#2091,CHEMISTRY,铁的原子结构和存在,COVERED,definition 为铁的价层电子排布式、元素周期表位置与族、原子结构示意图、自然界以游离态（陨铁）与 +2、+3 价化合物存在的形态及地壳含量居第四位。命中节点 铁的原子结构和存在 全量 5 条材料 chem-kb-iron-basic-properties（第四周期第Ⅷ族、3d64s2、常见 +2 与 +3 价）、ext-che-d46a1fe501-002、ext-che-10003de2c3-003、ext-che-223c7fdfd7-001b、ext-che-aaecb28e19-001 覆盖位置与存在形态，含量次序另由 chem-hj-tie-cunzai-wulixingzhi（铁的存在、位置与物理性质，地壳含量居第四位）覆盖。,
dir_batch_026.csv#2093,CHEMISTRY,铁的化学性质,COVERED,definition 为铁元素性质活泼、有较强的还原性、主要化合价为 +2 价和 +3 价。命中节点 铁的化学性质 全量 9 条材料中 wusan-chem-b1c3-iron-chemistry（产物中铁是 +2 还是 +3 由氧化剂强弱决定）、ext-che-d46a1fe501-002b、ext-che-aaecb28e19-001b、ext-che-10003de2c3-003b 覆盖铁的还原性与 +2、+3 价。,
dir_batch_026.csv#2096,CHEMISTRY,铁的氧化物,COVERED,definition 为铁的氧化物的物理性质、FeO 与 Fe2O3 溶于盐酸的离子方程式、被 CO 与 Al 还原的化学方程式、Fe3O4 溶于足量稀硝酸与氢碘酸的离子方程式。命中节点 铁的氧化物 全量 9 条材料中 ext-che-500c33e244-003（与盐酸、硝酸和氢碘酸反应时离子方程式的书写）、ext-che-d46a1fe501-004（与还原性酸 HI 发生氧化还原、与氧化性酸反应亚铁被氧化）、ext-che-03eac4cd30-001b（物理性质、氧化物类型及与酸和还原剂的反应）、ext-che-c9252b0263-010 覆盖。,
dir_batch_026.csv#2097,CHEMISTRY,亚铁盐,COVERED,definition 为含 Fe2+ 溶液呈浅绿色、Fe2+ 既有氧化性又有还原性且以还原性为主、与 Br2 与 Cl2 与 H2O2 与 NO3-(H+) 表现还原性、Fe2+ 酸性溶液与 H2O2 反应的离子方程式、Fe2+ 水解与配制硫酸亚铁溶液加酸加铁屑。命中节点 亚铁盐 全量 7 条材料 ext-che-d46a1fe501-010、ext-che-10003de2c3-016（配制 FeSO4 溶液加硫酸和铁屑的原因）、ext-che-564f5081fb-016d、ext-che-aaecb28e19-002b、wusan-chem-b1c3-ferrous-salt 与各条结论一一对应。,
dir_batch_026.csv#2098,CHEMISTRY,铁盐的性质及应用,COVERED,definition 为含 Fe3+ 溶液呈棕黄色、Fe3+ 遇 Fe 与 Cu 与 HI 与 H2S 表现氧化性、Fe3+ 与 S2- 与 I- 与 HS- 与 SO32- 不能大量共存、Fe3+ 腐蚀铜箔的离子方程式、Fe3+ 极易水解只能存在于酸性较强的溶液、FeCl3 滴入沸水制氢氧化铁胶体。命中节点 铁盐的性质及应用 全量 7 条材料中 ext-che-d46a1fe501-011、ext-che-10003de2c3-016b（Fe3+ 的强氧化性、离子共存限制、极易水解和制取胶体）、ext-che-73b7eaed81-003、wusan-chem-b1c3-ferric-chloride-etching 覆盖。,
dir_batch_026.csv#2099,CHEMISTRY,Fe2＋、Fe3＋的检验方法,COVERED,definition 为 KSCN 溶液和氯水、NaOH 溶液（白色沉淀变灰绿再变红褐、Fe3+ 红褐色沉淀）、混合溶液中两种离子的检验、酸性 KMnO4 检验 Fe2+、K3[Fe(CN)6] 特征检验产生蓝色沉淀。命中节点 fe2-fe3-的检验方法 全量 21 条材料中 chem-kb-fe-ion-test-methods（用 KSCN 与氯水、NaOH、KMnO4、K3[Fe(CN)6]、苯酚等方法检验）、chem-iron2-detection、chem-iron3-detection、ext-che-10003de2c3-018（混合溶液中 Fe2+ 与 Fe3+ 的分步检验）覆盖。,
dir_batch_026.csv#2100,CHEMISTRY,Fe2＋与Fe3＋的相互转化,COVERED,definition 为 Fe2+ 与 Fe3+ 的相互转化及用离子方程式实现该转化。命中节点 fe2-与fe3-的相互转化 的材料 wusan-che-v-8ac80abd（Fe2+ 被氧化剂氧化为 Fe3+，Fe3+ 被还原剂还原为 Fe2+）、ext-che-10003de2c3-022（铁三角转化中氧化剂的选择规律）、ext-che-ae9906e541-002 覆盖转化方向与实现方式。,
dir_batch_026.csv#2104,CHEMISTRY,铁的制备和性质,COVERED,definition 为铁与弱氧化剂生成 Fe2+、与强氧化剂生成 Fe3+ 的变价规律，以及常温下铁在浓硫酸、浓硝酸中钝化生成致密氧化膜属化学变化。命中节点 铁的制备和性质 的 3 条材料 wusan-chem-b1c3-iron-preparation、ext-che-af6a532ca1-001、ext-che-d46a1fe501-003 覆盖冶炼与钝化，价态规律另由 chem-hj-tie-yanghuaji-guilv（铁与氧化剂反应的价态规律）与节点 铁的化学性质 的 wusan-chem-b1c3-iron-chemistry、ext-che-d46a1fe501-002b 覆盖。,
dir_batch_026.csv#2108,CHEMISTRY,从化合价的角度判断铁的氧化物和氢氧化物的性质,COVERED,definition 为 +2 价铁具有较强的还原性、FeO 与 Fe(OH)2 与 Fe3O4 都能被强氧化剂氧化，以及铁的氧化物都能被热还原剂（CO、H2、Al 等）还原。命中节点 从化合价的角度判断铁的氧化物和氢氧化物的性质 全量 11 条材料中 chem-kb-iron-oxides-properties（颜色、价态与化学性质比较）、chem-hj-tie-yanghuawu-xingzhi（与酸反应产物受氧化还原影响）、chem-kb-iron-hydroxides-properties（Fe(OH)2 被氧化为 Fe(OH)3）、chem-hj-fe3o4-zucheng-biaoshu（Fe3O4 为混合价态）、chem-fx-li-yong-hua-he-jia-pan-duan-f33x04（利用化合价判断）覆盖从化合价角度判断氧化还原性质的思路。,
dir_batch_026.csv#2110,CHEMISTRY,有关Fe2＋、Fe3＋的水解问题,COVERED,definition 为 Fe2+ 与 Fe3+ 是典型弱碱阳离子、盐溶液显酸性、与 CO32- 与 HCO3- 与 AlO2- 相互促进水解不能大量共存（2Fe3+ 与 3CO32- 生成 Fe(OH)3 和 CO2）、配制亚铁盐溶液加铁屑与酸、配制铁盐溶液加相应酸（FeCl3 溶于较浓盐酸、Fe2(SO4)3 溶于 H2SO4）。命中节点 有关fe2-fe3-的水解问题 全量 4 条材料中 ext-che-1422ee20c2-054d（Fe3+ 与 HCO3- 双水解）、ext-che-73b7eaed81-003b（Fe3+ 极易水解，配溶液加酸、调 pH 除铁、制胶体）覆盖，配制亚铁盐加铁屑与酸另由 亚铁盐 节点的 ext-che-10003de2c3-016、ext-che-aaecb28e19-002b 覆盖。,
dir_batch_026.csv#2112,CHEMISTRY,铁及其化合物的转化关系,COVERED,definition 为 基于价类二维图理解铁及其化合物的转化关系。命中节点 铁及其化合物的转化关系 的全量 6 条材料 wusan-chem-b1c3-iron-conversion（用价类二维图把单质、氧化物、盐、碱按 0、+2、+3 价串起来）、ext-che-10003de2c3-018b（横、纵、斜三类转化与离子共存限制）、ext-che-09c8182c15-001、ext-che-ae9906e541-001、ext-che-564f5081fb-016、ext-che-15fcabc7cf-001c 完整覆盖。,
dir_batch_026.csv#2113,CHEMISTRY,横向变化体现了同价态不同的类别(氧化物、碱、盐)物质之间的转化。,COVERED,definition 为横向转化的三条具体规律：碱性氧化物 Fe2O3、FeO 都能溶于酸转化为盐；Fe2+、Fe3+ 与碱反应生成对应的碱；难溶性碱易分解生成对应氧化物，但难溶性碱性氧化物一般不与水反应生成碱。规则一由 铁的氧化物 节点的 ext-che-500c33e244-003、ext-che-d46a1fe501-004 覆盖，规则二由 chem-kb-iron-hydroxides-properties（铁的氢氧化物的性质与转化）覆盖，规则三由 chem-fx-nan-rong-xing-de-jian-yi-fen-jie-sheng-f16x02（难溶性的碱易分解生成对应的氧化物）与氧化物分类误区材料覆盖，横向转化的框架由 ext-che-ae9906e541-001、ext-che-10003de2c3-018b 覆盖；本行 mech=unmatched。,
dir_batch_026.csv#2114,CHEMISTRY,斜向变化体现不同价态、不同类别之间物质的转化，主要体现物质的氧化性或还原性。,COVERED,name 为知识陈述 斜向变化体现不同价态、不同类别之间物质的转化，主要体现物质的氧化性或还原性；definition 为两道题（铁元素价类二维图、硫酸亚铁制备系列物质）。该陈述由 ext-che-ae9906e541-001（横向是同价态不同类别的转化，纵向与斜向体现氧化性或还原性）与 ext-che-10003de2c3-018b、ext-che-09c8182c15-001 覆盖；本行 mech=unmatched，definition 中另有两道选择题题干。,
dir_batch_026.csv#2115,CHEMISTRY,铁、铁的氧化物和氢氧化物的易错点,COVERED,definition 为钝化是化学变化且阻止内部金属继续反应、Fe 与 Cl2 生成 FeCl3 而与 S 与盐酸与 I2 生成 FeS 与 FeCl2 与 FeI2、判断铁的化合物与酸反应产物要看价态与氧化性、FeO 与 Fe3O4 与 Fe(OH)2 遇足量 HNO3 均被氧化、Fe2O3 与 Fe3O4 与 Fe(OH)3 遇足量 HI 均被还原。命中节点 铁-铁的氧化物和氢氧化物的易错点 全量 3 条材料 ext-che-022fc6418a-012（FeO 与 HNO3、Fe2O3 与 HI 发生氧化还原）、ext-che-10003de2c3-005（Fe(OH)2 遇稀硝酸、Fe(OH)3 遇氢碘酸）、wusan-chem-b1c3-iron-oxide-hydroxide-pitfall（铁的产物价态随氧化剂与用量而变）覆盖后四点，钝化由节点 铁的化学性质 的 wusan-chem-b1c3-iron-chemistry 覆盖。,
dir_batch_026.csv#2116,CHEMISTRY,铁盐和亚铁盐的性质和检验易错点,COVERED,definition 为检验 Fe2+ 不能先加氯水后加 KSCN、不能把加过 KSCN 的混合液加入足量新制氯水、Cl- 干扰酸性 KMnO4 检验 Fe2+、检验 Fe3+ 可用苯酚、检验 Fe2+ 最好用 K3[Fe(CN)6]、酸性条件下 NO3- 氧化 Fe2+ 干扰检验。命中节点 铁盐和亚铁盐的性质和检验易错点 全量 7 条材料中 ext-che-73b7eaed81-005（试剂顺序、溶液浓度、共存离子都会干扰检验）、ext-che-78beaac7a8-014（混合溶液中两种铁离子的分次检验与干扰排除）覆盖，苯酚与铁氰化钾两法由 chem-iron3-ion-detection-three-methods、chem-iron2-detection 覆盖。,
dir_batch_026.csv#2117,CHEMISTRY,铁的氧化物组成的确定,COVERED,definition 为由铁氧元素质量比 m 比 n 求物质的量之比 a 比 b，并据 1 比 1、2 比 3、3 比 4 判断 FeO、Fe2O3、Fe3O4 或 FeO 与 Fe2O3 混合物的组成。命中节点 铁的氧化物组成的确定 全量 4 条材料 chem-kb-iron-oxide-composition-determination、ext-che-10003de2c3-010、ext-che-223c7fdfd7-005、chem-fx-que-ding-tie-de-yang-hua-wu-zu-cheng-d-f15x03 覆盖方法，3 比 4 情形的具体结论另由 铁的氧化物 节点的 chem-fx-ruo-ze-tie-de-yang-hua-wu-shi-f15x04 覆盖。,
dir_batch_026.csv#2118,CHEMISTRY,Fe(OH)2的制备,COVERED,definition 为制备原理 Fe2+ 与 2OH- 生成 Fe(OH)2 与成功关键（溶液中不含 O2 等氧化性物质、生成的 Fe(OH)2 处于密闭隔绝空气的体系）及常用方法。命中节点 fe-oh-2的制备 全量 14 条材料 chem-kb-feoh2-preparation-methods（隔绝氧气，有机覆盖层法、还原性气体保护法和电解法）、ext-che-d46a1fe501-005（煮沸蒸馏水、加铁屑、加苯覆盖、长滴管伸入液面下）、ext-che-d46a1fe501-008、ext-che-78beaac7a8-005b、chem-hj-feoh2-zhibei-zhuangzhi-chuangxin 完整覆盖原理与防氧化方法。,
dir_batch_026.csv#2120,CHEMISTRY,“铁三角”中的转化关系,COVERED,definition 为 Fe3+ 可氧化 H2S 与 S2- 与 I- 与 SO2 与 SO32- 与 Fe 与 Cu 及相应离子方程式，Fe2+ 既有氧化性又有还原性且主要表现还原性、易被 Cl2 与 H2O2 氧化、与 MnO4- 与 NO3-(H+) 与 ClO- 因氧化还原不能大量共存。命中节点 铁三角-中的转化关系 全量 6 条材料 ext-che-500c33e244-016（铁三角转化中的五个典型离子反应）、ext-che-d46a1fe501-013、chem-kb-iron-triangle-transforms 覆盖，共存限制由 ext-che-15fcabc7cf-001d、ext-che-73b7eaed81-003 覆盖。,
dir_batch_026.csv#2122,CHEMISTRY,化学平衡常数,COVERED,definition 为平衡常数概念（一定温度下，平衡时生成物浓度幂之积与反应物浓度幂之积的比值为常数）与意义（K 大于 10 的 5 次方时反应进行得较完全、小于 10 的负 5 次方时反应很难进行）。命中节点 化学平衡常数 的全量 16 条材料中 chem-kb-equilibrium-constant-definition、ext-che-8fae19a1fa-003、ext-che-2e0d25681e-001、ext-che-f9b03fa49d-002、ext-che-c75a6bf0d3-002 覆盖概念，数量级判据由 ext-che-8fae19a1fa-006（K 的数量级判据）、ext-che-84d5c92111-005b（K 值大小的经验判据）覆盖。,
dir_batch_026.csv#2123,CHEMISTRY,浓度商与化学平衡常数的表达式,COVERED,definition 为浓度商 Q 的表达式、化学平衡常数 K 的表达式以及 Q 与 K 的关系（Q 等于 K 时达到化学平衡状态）。命中节点 浓度商与化学平衡常数的表达式 的全量 15 条材料中 chem-kb-qk-equilibrium-shift（Q 小于 K 正向移动、等于 K 处于平衡、大于 K 逆向移动）、chem-hj-pingheng-changshu-biaodashi（K 是平衡时生成物浓度幂之积与反应物浓度幂之积的比值）、ext-che-6e5651ee6b-001b、ext-che-84d5c92111-003 覆盖。,
dir_batch_026.csv#2124,CHEMISTRY,化学平衡常数的影响因素,COVERED,definition 为影响平衡常数的内因（不同的化学反应及化学方程式的书写形式）与外因（化学方程式一定时 K 只受温度影响）。命中节点 化学平衡常数的影响因素 的全量 9 条材料中 chem-hj-k-yiyi-yingxiang-yinsu（K 越大正反应进行程度越大，K 只受温度影响）、ext-che-84d5c92111-002b（改变方程式书写方式时 K 的变化以及影响 K 的内因与外因）、ext-che-cd0ea5be15-003、ext-che-f9b03fa49d-003 覆盖。,
dir_batch_026.csv#2125,CHEMISTRY,平衡常数的应用,COVERED,definition 为平衡常数的三类应用：判断可逆反应进行的程度；用浓度商 Q 与 K 比较判断反应是否达到平衡及进行方向；由升高或降低温度判断反应热。命中节点 平衡常数的应用 的全量材料只有 chem-hj-shuijie-changshu-kh（水解常数的应用），三类应用由节点 化学平衡常数的应用 的 ext-che-7ba48831b9-005、ext-che-8fae19a1fa-005、ext-che-84d5c92111-005、ext-che-2982b3ef36-004 与节点 化学平衡常数 的 wusan-che-v-3ecb9c4f 覆盖。,
dir_batch_026.csv#2126,CHEMISTRY,平衡转化率,COVERED,definition 为平衡转化率的概念（已转化的量与该物质起始量之比）与意义（表示在一定温度和一定起始浓度下反应进行的限度）。命中节点 平衡转化率 的全量 8 条材料中 ext-che-6e5651ee6b-002（转化率等于该物质的转化量与其起始量之比，表示一定温度与起始浓度下的限度）、ext-che-8fae19a1fa-014、ext-che-cd0ea5be15-016、chem-kb-conversion-rate-change-analysis 覆盖。,
dir_batch_026.csv#2129,CHEMISTRY,压强平衡常数,COVERED,definition 为压强平衡常数 Kp 的表达式（p(X) 为 X 的物质的量分数或体积分数乘总压强）与四步计算方法（三段式求平衡量、求物质的量分数、求分压、代入计算）。命中节点 压强平衡常数 的全量 10 条材料 ext-che-00be305a22-008、chem-hj-fenya-fenyadinglv（分压等于总压乘物质的量分数）、ext-che-84d5c92111-003b、ext-che-6e5651ee6b-003、ext-che-c75a6bf0d3-003c、ext-che-862daf9cec-026 覆盖。,
dir_batch_026.csv#2130,CHEMISTRY,化学平衡常数及影响因素,COVERED,definition 为表达式取平衡浓度、K 的意义与 10 的 5 次方判据、K 只受温度影响、K 与化学方程式书写形式的关系（正逆反应互为倒数、计量数变为 n 倍则 K 变 n 次幂、两式相加则 K 相乘）。命中节点 化学平衡常数及影响因素 的全量 4 条材料 ext-che-7704eb367d-007（K 越大反应越完全、K 只受温度影响）、ext-che-6e5651ee6b-005（正逆互为倒数、n 次幂、相加相乘）、ext-che-8fae19a1fa-008 覆盖。,
dir_batch_026.csv#2131,CHEMISTRY,化学平衡常数的应用,COVERED,definition 为用 K 值大小判断反应程度、用 Q 与 K 比较判断方向（Q 小于 K 正向、等于 K 平衡、大于 K 逆向）以及 ΔH 与 K 随温度变化的关系。命中节点 化学平衡常数的应用 的全量 15 条材料中 ext-che-8fae19a1fa-005、ext-che-2982b3ef36-004、ext-che-6e5651ee6b-001c、ext-che-7704eb367d-007b、ext-che-7ba48831b9-005 覆盖。,
dir_batch_026.csv#2133,CHEMISTRY,平衡常数和转化率的计算,COVERED,definition 为平衡常数与转化率计算的三个步骤：灵活设未知数、据计量数与变化量列出起始量变化量平衡量的三段式、代入关系求平衡浓度与转化率。命中节点 平衡常数和转化率的计算 的全量 11 条材料中 ext-che-8fae19a1fa-010、ext-che-db757feb2e-001、ext-che-c75a6bf0d3-008、ext-che-2e0d25681e-010、ext-che-cd0ea5be15-009、chem-hj-chanlv-gainian-jisuan 覆盖。,
dir_batch_026.csv#2136,CHEMISTRY,平衡常数与速率常数的有关计算,COVERED,definition 为基元反应的 v正 等于 k正 乘浓度幂、v逆 等于 k逆 乘浓度幂，平衡时 v正 等于 v逆 故 K 等于 k正 与 k逆 之比。命中节点 平衡常数与速率常数的有关计算 的全量 9 条材料 chem-equilibrium-constant-rate-constant-ratio（平衡时 v正 等于 v逆，故 K 等于 k正 比 k逆）、chem-kb-k-and-rate-constant-relation、chem-hj-sulvchangshu-pinghengchangshu-guanxi、ext-che-00be305a22-010c、ext-che-84d5c92111-004b 覆盖。,
dir_batch_026.csv#2138,CHEMISTRY,有关化学平衡常数易混易错点,COVERED,definition 为六条易混结论：表达式必须用平衡浓度；K 只受温度影响而平衡移动 K 不一定改变、K 改变则温度一定变化；升温时吸热反应 K 增大、放热反应 K 减小；平衡转化率是该条件下的最大转化率；放热反应未达平衡前转化率随温度升高而升高、达平衡后平衡转化率随温度升高而下降；催化剂不能提高平衡转化率。命中节点 有关化学平衡常数易混易错点 的全量 5 条材料 ext-che-466de1195b-014、ext-che-8fae19a1fa-006、ext-che-84d5c92111-005b、ext-che-cd0ea5be15-010、ext-che-2e0d25681e-004 覆盖前四条与第六条（催化剂不能提高平衡转化率另由 ext-che-8fae19a1fa-014 覆盖）。,
dir_batch_026.csv#2139,CHEMISTRY,压强平衡常数的计算,COVERED,definition 为压强平衡常数 Kp 计算四步流程（三段式求各气体起始量变化量平衡量、求物质的量分数或体积分数、用总压强乘体积分数得分压、代入表达式计算）。命中节点 压强平衡常数的计算 的全量 19 条材料 chem-kb-kp-partial-pressure-calculation、chem-hj-kp-jisuan-moban、ext-che-da2d86034b-121、ext-che-4dd2e79693-077、ext-che-4dd2e79693-077b、ext-che-84d5c92111-014b 覆盖。,
dir_batch_026.csv#2140,CHEMISTRY,平衡常数的综合计算,COVERED,definition 为三段式法计算模式（三段式求量、算物质的量分数、按分压等于总压强乘体积分数求分压、代入平衡常数表达式）与原子守恒法解题的基本思路。命中节点 平衡常数的综合计算 的全量 9 条材料中 ext-che-6e5651ee6b-012（原子守恒法计算平衡常数）、ext-che-f9b03fa49d-014、ext-che-8fae19a1fa-011、ext-che-cd0ea5be15-011、ext-che-2e0d25681e-012 覆盖。,
dir_batch_026.csv#2142,CHEMISTRY,化学键,COVERED,definition 为化学键的定义（相邻原子间强烈的相互作用）、分类（离子键、共价键和金属键）以及离子键与共价键的比较。命中节点 化学键 的全量 7 条材料 ext-che-df6d15950b-001（相邻原子间强烈的相互作用叫化学键，分为离子键、共价键和金属键）、ext-che-043d5a4425-002、ext-che-c293e5af8b-002、ext-che-6beaf2be50-001 覆盖定义与分类，两键比较由 chem-kb-ionic-covalent-bond-comparison、chem-hj-lizi-jian-gongjiajian-bijiao 覆盖。,
dir_batch_026.csv#2143,CHEMISTRY,化学键与物质的类别,COVERED,definition 为离子化合物与共价化合物、化学键类型与物质类别的判断。命中节点 化学键与物质的类别 的全量 3 条材料中 ext-che-160cc122c8-003（从化学键类型、化合物类型、熔融导电性三条线索判断化合物属于离子化合物还是共价化合物）、chem-hj2-huaxue-jian-dingyi-leixing（化学键的定义、类型与辨析）覆盖；chem-fx-ben-zhi-zhi-zi-shu-xiang-tong-de-yi-le-f29x05 为本行无关材料。,
dir_batch_026.csv#2144,CHEMISTRY,化学键的符号表征——电子式,COVERED,definition 为电子式的概念、原子与简单阳离子与简单阴离子与离子化合物与共价分子的电子式书写方法，以及用电子式表示离子化合物和共价化合物的形成过程。命中节点 化学键的符号表征-电子式 的全量 6 条材料中 ext-che-180a704381-001（原子、离子、离子化合物与共价化合物的电子式写法及形成过程表示）、ext-che-c293e5af8b-003、ext-che-72913a9286-006、ext-che-043d5a4425-003、chem-fx-dian-zi-shi-zhong-wei-cheng-jian-de-zu-f02x09（未成键的最外层电子不能省略）覆盖。,
dir_batch_026.csv#2145,CHEMISTRY,物质变化过程中的化学键变化,COVERED,definition 为化学反应中反应物旧键被破坏并形成新键、且并非反应物中所有化学键都被破坏（Na2SO4 与 BaCl2 反应中 SO42- 内共价键未破坏），离子化合物溶解或熔化电离出阴阳离子，共价化合物的溶解与熔化，分子构成单质熔化只破坏分子间作用力、原子构成单质熔化破坏共价键、活泼非金属单质溶于水与水反应破坏分子内化学键。命中节点 物质变化过程中的化学键变化 的全量 12 条材料 chem-kb-bond-breaking-in-processes、ext-che-6beaf2be50-002（离子化合物溶解或熔化都破坏离子键，共价化合物溶于水有三种情况）、ext-che-043d5a4425-005、ext-che-c293e5af8b-005、ext-che-160cc122c8-003b、ext-che-4dd2e79693-072b、ext-che-e5f86d011f-002 覆盖。,
dir_batch_026.csv#2146,CHEMISTRY,化学键对物质性质的影响,COVERED,definition 为金刚石与晶体硅与石英与金刚砂硬度大熔点高因为共价键很强、NaCl 等部分离子化合物离子键强熔点高，以及 N2 因共价键很强而性质稳定、H2S 与 HI 因共价键较弱受热易分解。命中节点 化学键对物质性质的影响 的全量 6 条材料中 ext-che-043d5a4425-004b（化学键的强弱决定硬度、熔点与化学活泼性，共价键或离子键越强熔沸点越高、硬度越大，分子越稳定难反应）、ext-che-c293e5af8b-004b 覆盖，其余为氢键与配合物材料。,
dir_batch_026.csv#2149,CHEMISTRY,共价键,COVERED,definition 为共价键的本质（原子间通过共用电子对形成）与特征（具有饱和性和方向性）。命中节点 共价键 的全量 7 条材料 ext-che-6beaf2be50-003（共价键是原子间通过共用电子对形成的相互作用，具有方向性和饱和性）、ext-che-043d5a4425-007、ext-che-160cc122c8-007、ext-che-03fa851aab-003b 覆盖。,
dir_batch_026.csv#2150,CHEMISTRY,共价键的分类,COVERED,definition 为按成键原子轨道重叠方式分为 σ 键与 π 键（含 H2 与 HCl 与 Cl2 的 σ 键、π 键、苯分子的大 π 键）、σ 键与 π 键的比较、按极性分为极性键与非极性键、按共用电子对数目分为单键双键三键。命中节点 共价键的分类 的全量 7 条材料 chem-mo-sigma-pi-jian-zucheng（σ 键头碰头、π 键肩并肩与数目规律）、ext-che-c293e5af8b-007（极性键与非极性键及 σ 键与 π 键）、ext-che-6b9ae33803-004b、ext-che-745c00885b-002 覆盖，大 π 键由节点 大π键 的 ext-che-4dd2e79693-040、ext-che-4dd2e79693-041、ext-che-4dd2e79693-042 覆盖。,
dir_batch_026.csv#2151,CHEMISTRY,键参数,COVERED,definition 为键能（气态分子中 1 mol 化学键解离成气态原子所吸收的能量及其单位）、键长（构成化学键的两个原子的核间距离，与共价键稳定性的关系）与键角（多原子分子中两个相邻共价键之间的夹角，描述分子空间结构）。命中节点 键参数 的全量 6 条材料 chem-kb-bond-energy-length-angle、ext-che-043d5a4425-008、ext-che-72913a9286-004b、ext-che-72913a9286-005、ext-che-6beaf2be50-003b 覆盖。,
dir_batch_026.csv#2154,CHEMISTRY,价层电子对互斥模型,COVERED,definition 为价层电子对互斥模型的要点（价层电子对相距最远时排斥力最小、体系能量最低；孤电子对排斥力大，孤电子对越多键角越小）、价层电子对数的计算（等于 σ 键电子对数与中心原子孤电子对数之和，孤电子对数公式中 a 与 b 的含义）与 VSEPR 模型和分子空间结构的关系。命中节点 价层电子对互斥模型 的全量 13 条材料 chem-kb-vsepr-model-method、chem-hj-vsepr-jiaxiandianzidui、ext-che-6c309eb69d-001、ext-che-c293e5af8b-015、ext-che-745c00885b-007、ext-che-4dd2e79693-038、chem-mo-vsepr-moxing-duiying 覆盖。,
dir_batch_026.csv#2155,CHEMISTRY,杂化轨道理论,COVERED,definition 为杂化轨道理论的概述与要点（能量相近的原子轨道混合重组为数目相同、能量完全相同的新轨道；只在成键过程中发生；杂化前后轨道数目不变；形状与方向改变）以及 sp、sp2、sp3 三类杂化轨道的组成、键角与实例。命中节点 杂化轨道理论 的全量 9 条材料 chem-mo-zahua-guidao-lilun-yaodian、ext-che-043d5a4425-013、ext-che-160cc122c8-012、ext-che-72913a9286-013b、ext-che-c293e5af8b-016、wusan-che-v-cdbb76a9 覆盖。,
dir_batch_026.csv#2156,CHEMISTRY,等电子原理,COVERED,definition 为等电子原理（原子总数相同、价电子总数相同的分子或离子互为等电子体，具有相似的结构特征及相近性质）与常见的等电子体。命中节点 等电子原理 的全量 7 条材料 chem-kb-isoelectronic-principle、ext-che-043d5a4425-014、ext-che-c293e5af8b-018、ext-che-4dd2e79693-041c、ext-che-72913a9286-016 覆盖。,
dir_batch_027.csv#2167,CHEMISTRY,配位键,COVERED,ext-che-043d5a4425-028（配位键是电子对给予—接受键，一方提供孤电子对、另一方提供空轨道，本质属于共价键）、ext-che-160cc122c8-024 与 ext-che-72913a9286-027（形成条件与表示方法，箭头指向接受电子对的原子）、ext-che-da6274793d-007b（配位键是共用电子对由一方单独提供的特殊共价键）；definition 的定义与 NH4＋ 中配位键的表示均被覆盖。,
dir_batch_027.csv#2168,CHEMISTRY,配位化合物,COVERED,ext-che-160cc122c8-024b（配合物的组成与配位数：中心离子、配体、配位原子、配位数四要素）、ext-che-72913a9286-028（配合物由中心离子与配体以配位键结合、分内界与外界）、ext-che-043d5a4425-031（配位数＝与中心离子成键的配位原子总数，按单齿与双齿分情形讨论）、ext-che-754d8480e3-004（铜、铁、银三个典型配合物的制备反应）；definition 的概念、组成、配位数与制备实验均被覆盖。,
dir_batch_027.csv#2169,CHEMISTRY,超分子,COVERED,chem-kb-supramolecule-concept、chem-hj-chaofenzi-shibie-zizhuang（超分子是两种以上分子通过分子间相互作用形成的聚集体，特征是分子识别与自组装）、ext-che-043d5a4425-033b（作用力为分子间非共价相互作用）、ext-che-0cb7cd248f-020（杯酚分离 C60 与 C70、冠醚识别碱金属离子等应用实例）；definition 的概念、作用力、两大特征与应用均被覆盖。,
dir_batch_027.csv#2172,CHEMISTRY,化学键与物质类别的关系,COVERED,chem-kb-bond-type-and-substance-category（含离子键必为离子化合物、共价化合物只含共价键并注意 AlCl3 等特例）、ext-che-debd9107b2-004（化学键与物质类别的关系及各类物质所含化学键类型）、ext-che-043d5a4425-004（由所含化学键的极性、种类反推物质类别）、chem-hj2-jixing-feijixing-jian-yuwuzhi（H2O2、C2H4 等既有极性键又有非极性键）；definition 的七类对应关系均被覆盖。,
dir_batch_027.csv#2174,CHEMISTRY,电子式的书写与判断,COVERED,chem-kb-electron-formula-writing-rules（阴离子与复杂阳离子加方括号并标电荷、阴阳离子相隔书写、不漏孤对电子）、chem-mo-dianzishi-shuxie-guize（用电子式表示形成过程时离子键用弯箭头标电子转移并对阴离子加中括号、共价键不标箭头，故不出现等号）、ext-che-367f238be3-007（漏写未成键电子、合并离子等五类易错）、ext-che-160cc122c8-005（符号统一、离子分开、连接顺序）；definition 的六条要点均被覆盖。,
dir_batch_027.csv#2180,CHEMISTRY,分子空间构型,COVERED,ext-che-d23d27f750-019（分子空间构型的判断：由价层电子对数到 VSEPR 模型再到分子空间结构的判断思路）；definition 即 VSEPR 模型与杂化轨道理论及微粒空间结构的关系，为该节点唯一材料所覆盖。,
dir_batch_027.csv#2183,CHEMISTRY,分子的性质,COVERED,ext-che-df6d15950b-012（分子间作用力与分子的性质：范德华力与氢键的实质、特征及对熔沸点、密度等物理性质的影响）覆盖 definition 第 (2) 部分范德华力的影响因素、对熔沸点硬度的作用、组成结构相似随相对分子质量增大、分子间氢键使熔沸点升高与氢键对溶解电离的影响等内容；第 (1) 部分键的极性与分子极性的关系为一句跨节点关系，其内容已由同域节点 键的极性和分子的极性 的材料 ext-che-160cc122c8-019、ext-che-6b9ae33803-006 覆盖，本节点无需重复新增材料。,
dir_batch_027.csv#2186,CHEMISTRY,有关化学键易错点,COVERED,ext-che-d63da64959-029（有关化学键的易错点：离子键与共价键的判断、存在范围及熔化时是否断键等易错辨析）、ext-che-c293e5af8b-011（含共价键的分子或化合物不一定是共价化合物、共价化合物中一定不含离子键）、ext-che-72913a9286-002b（含离子键的物质一定是离子化合物而含共价键的物质未必是共价化合物）、ext-che-c8f0c72345-018b（σ 键数目与 F—F 键能的反常）；definition 的十条易错点与这些材料的辨析范围逐条对应。,
dir_batch_027.csv#2187,CHEMISTRY,共价键及键参数易混易错点,COVERED,ext-che-d63da64959-031（键能决定分子稳定性而非分子间作用力、σ键与π键的对称性、旋转性及 P4 键角等易误判）、ext-che-180a704381-002（成键原子、σ键与π键、旋转性与键能倍数关系等六个易错点）、ext-che-72913a9286-009（σ键可绕轴旋转而π键不能、有π键必有σ键）、ext-che-b476eb0452-020（键长、键角、键能大小的比较）；definition 的八条辨析均被覆盖。,
dir_batch_027.csv#2189,CHEMISTRY,有关分子的性质的易混易错点,COVERED,ext-che-d63da64959-035（分子性质的易混易错点：稳定性由化学键决定而与分子间作用力无关，范德华力与氢键影响熔点沸点等物理性质）；definition 的稳定性与分子间作用力关系、范德华力影响因素与对熔沸点的作用、分子间氢键使熔沸点升高并影响电离溶解等条目均为该材料内容的展开，其余为判断辨析题。,
dir_batch_027.csv#2190,CHEMISTRY,有关配合物的易混易错点,COVERED,ext-che-d63da64959-036（配合物易混易错点：配体要带电荷而非原子、配位原子须与中心离子直接相连、配位数按配位原子总数计算）、ext-che-72913a9286-029（配合物中化学键数目与配位键强弱）、ext-che-da6274793d-008b（配合物内界共价键数目的判断）；definition 的四条易混点均被覆盖。,
dir_batch_027.csv#2191,CHEMISTRY,中心原子杂化类型的判断,COVERED,ext-che-e05314cc33-046（价层电子对数 2、3、4 对应 sp、sp2、sp3）、ext-che-72913a9286-014b（杂化轨道数＝价层电子对数＝σ键电子对数＋孤电子对数）、ext-che-72913a9286-018 与 ext-che-e05314cc33-034b（按σ键数与孤电子对速判，含乙烯、苯、乙炔等实例）；definition 的两条判断依据与 C、N、O、S 各情形均被覆盖。,
dir_batch_027.csv#2192,CHEMISTRY,分子(或离子)空间结构的判断,COVERED,ext-che-c8f0c72345-018（先算价层电子对数再看孤电子对，无孤对时与 VSEPR 模型一致）、chem-mo-vsepr-yuceliujian-sibufa 与 ext-che-745c00885b-008（预测分子空间结构的四步法）、chem-mo-vsepr-yu-shiji-kongjian-qubie（VSEPR 模型与分子空间结构的区别）；definition 的价层电子对数与 OF2 类判断示例均被覆盖。,
dir_batch_027.csv#2194,CHEMISTRY,键角大小的比较,COVERED,wusan-che-v-6ea2be2e（键角大小的比较思维模型：先比杂化类型，再比孤电子对数与电负性）、ext-che-7645e88401-006（按杂化类型、孤电子对数、中心原子与配位原子电负性及多重键比较键角）、ext-che-c8f0c72345-011 与 ext-che-c8f0c72345-013b（孤电子对越多键角越小、配位原子电负性越大键角越小）；definition 的比较键角基本方法被覆盖。,
dir_batch_027.csv#2196,CHEMISTRY,分子间作用力对物质性质的影响,COVERED,ext-che-c8f0c72345-012（比较简单氢化物沸点的三个层次：先看氢键、再看相对分子质量即范德华力、同条件下极性分子范德华力更大）、chem-polarity-vs-boiling-point（相对分子质量相近时分子极性越大熔沸点越高）、ext-che-c293e5af8b-028（存在分子间氢键使熔沸点升高、与溶剂形成氢键则溶解度增大）、ext-che-4dd2e79693-047（分子晶体熔沸点比较与氢键类型的判断）；definition 的五条均被覆盖。,
dir_batch_027.csv#2197,CHEMISTRY,影响分子溶解性的因素,COVERED,chem-kb-molecular-solubility-rules（先看氢键、再按相似相溶、最后考虑是否与水反应）、ext-che-6b9ae33803-008、chem-hj-xiangsi-xiangrong、ext-che-160cc122c8-021（溶解性由分子极性、能否形成氢键以及是否发生化学反应共同决定）；definition 的三步判断顺序与氨气、HCl、Cl2 的实例均被覆盖。,
dir_batch_027.csv#2198,CHEMISTRY,氧化还原反应,COVERED,wusan-che-v-18c10fe9（本质是电子转移、特征是元素化合价变化）、ext-che-25f43f1fc3-002（有电子转移即化合价升降的反应是氧化还原反应）、ext-che-2b01c6c6da-003 与 ext-che-bb66c733f8-002（特征、实质与概念关系，可升失氧降得还串联）；definition 的概念、特征与本质均被覆盖。,
dir_batch_027.csv#2199,CHEMISTRY,氧化还原反应中电子转移的表示方法,COVERED,chem-kb-electron-transfer-notation（双线桥标得失并指向同种元素，单线桥由失电子原子指向得电子原子）、chem-hj-shuangxianqiao-danxianqiao、ext-che-5d65ccc112-007（双线桥与单线桥的规范画法：含义、作图步骤和易错点）、ext-che-39e870c108-002b；definition 的双线桥步骤与单线桥规则均被覆盖。,
dir_batch_027.csv#2200,CHEMISTRY,常见的氧化剂与还原剂,COVERED,ext-che-1ff1c78002-004（按物质类型归纳常见氧化剂与还原剂及其对应产物）、chem-kb-common-oxidizers-reducers、chem-hj-changjian-yanghuaji-hanyuan-chanwu、chem-hj-changjian-huanyuanji-yanghua-chanwu、ext-che-020cba294a-005（金属氢化物与硼氢化钠中氢为 －1 价是重要强还原剂）；definition 的三部分均被覆盖。,
dir_batch_027.csv#2201,CHEMISTRY,氢化钠(NaH)广泛应用于工业生产。,COVERED,ext-che-ba84dd3a28-002（NaH 中氢为 －1 价、是重要还原剂、与水反应生成 H2、高温下可把 TiCl4 还原为金属钛）；definition 的化合价判断、与水反应、高温还原四氯化钛等设问均落在该材料覆盖的知识范围内。,
dir_batch_027.csv#2203,CHEMISTRY,氧化性、还原性的判断,COVERED,ext-che-3ff32553bd-002（氧化性指得电子能力，强弱看难易程度而不看得失电子数目）、ext-che-2b01c6c6da-004 与 ext-che-020cba294a-011（氧化性与还原性的概念与强弱依据）、chem-fx-yang-hua-xing-huan-yuan-xing-de-qiang-f10x03（强弱取决于得失电子的难易程度，与得失电子数目无关）；definition 的含义、判断与氧化剂得电子总数等于还原剂失电子总数均被覆盖。,
dir_batch_027.csv#2204,CHEMISTRY,氧化性、还原性强弱的比较,COVERED,chem-kb-oxidizing-reducing-strength-comparison（依据方程式、反应条件、产物价态和活动性顺序比较强弱）、ext-che-199fa83ba6-003、ext-che-049b7f9989-004（按方程式、产物价态高低、反应条件与剧烈程度比较）、wusan-che-v-de78d439；definition 的四类依据均被覆盖。,
dir_batch_027.csv#2205,CHEMISTRY,氧化还原反应规律及其应用,COVERED,ext-che-1ff1c78002-002c（守恒、强弱、价态、难易与先后五大规律的含义及应用）、chem-mo-qiangruo-guilv（自发反应遵循由强制弱）、ext-che-049b7f9989-005（价态归中与歧化规律）、ext-che-049b7f9989-006 与 ext-che-25f43f1fc3-018（先后规律与常见强弱顺序）；definition 的强弱、先后、价态三类规律及其应用均被覆盖。,
dir_batch_027.csv#2206,CHEMISTRY,根据反应事实判断性质的强弱。,COVERED,ext-che-b0471d5c46-005（根据反应事实判断性质强弱：氧化性还原性强弱取决于得失电子难易，可由方程式、活动性顺序、反应条件与反应程度判断）；definition 的两组反应事实与强弱顺序设问即该方法的实例应用。,
dir_batch_027.csv#2209,CHEMISTRY,配平氧化还原反应方程式的三个“基本原则”,COVERED,ext-che-6bd4aa9e6c-002 与 ext-che-3ff32553bd-004（电子守恒、质量守恒与电荷守恒是配平必须同时满足的三条原则）、chem-hj-f067-peiiping-sanze-wubu 与 chem-hj2-peiping-sanyuanze-wubuzou（三原则与五步骤）、ext-che-3382b96932-001；definition 的三条守恒原则均被覆盖。,
dir_batch_027.csv#2210,CHEMISTRY,配平步骤,COVERED,ext-che-3ff32553bd-004b（标变价、列得失、求总数、配系数、查守恒五步完成配平）、ext-che-41f429e060-002（配平的基本原则、五步骤流程及正向与逆向配平法的适用范围）、ext-che-6bd4aa9e6c-003（配平思维模型）；definition 的五个关键步骤与浓硫酸与碳反应的示例均被覆盖。,
dir_batch_027.csv#2211,CHEMISTRY,氧化还原反应方程式的配平方法,COVERED,ext-che-755227bf77-003（正向配平、逆向配平、整体配平与缺项型配平的适用情形与方法）、ext-che-1ff1c78002-002d（正向、逆向、缺项、整体法与零价法五个技巧）、ext-che-653b80986d-007 与 chem-mo-peiping-sanleixing；definition 的五种配平方法均被覆盖。,
dir_batch_027.csv#2214,CHEMISTRY,根据影响因素判断氧化性、还原性强弱的方法,COVERED,chem-mo-yingxiang-qiangruo-yinsu（氧化剂浓度越大氧化性越强、升温一般增强两者、溶液酸碱性显著影响氧化性）、ext-che-48262bc853-002b、ext-che-2297bcc4eb-003（浓度、温度与酸碱性对氧化性或还原性的影响及实例）；definition 的浓度、温度、酸碱性三因素与特别提醒均被覆盖。,
dir_batch_027.csv#2216,CHEMISTRY,假设法判断氧化还原反应能否进行的步骤,COVERED,ext-che-2b01c6c6da-012（假设法判断氧化还原反应能否进行：先假设反应成立再按强弱关系与已知事实比对）、ext-che-bb66c733f8-012（先假设选项反应能发生并推出强弱顺序，再与已知顺序对照）、ext-che-83562c0ddd-014（用假设法与强制弱规律判断给定反应能否发生）；definition 的步骤描述被逐句覆盖。,
dir_batch_027.csv#2219,CHEMISTRY,“三步法”配平缺项氧化还原反应化学方程式。,COVERED,ext-che-755227bf77-005（缺项方程式的判断与三步法配平流程）、chem-kb-missing-term-balancing-rules（缺项一般为水、H＋ 或 OH－，按介质酸碱性补项）、ext-che-7a1a0901cb-001b 与 ext-che-653b80986d-003（先配变价元素再用守恒补缺项）；definition 的缺项定义与三步流程均被覆盖。,
dir_batch_027.csv#2220,CHEMISTRY,陌生化学方程式书写的思路,COVERED,ext-che-4dd2e79693-011（信息型陌生方程式的两步书写法：先提取信息确定反应主体再用五步法或原子守恒配平）、ext-che-9b4026fa03-003 与 ext-che-653b80986d-004（按定产物价态、电子守恒、补介质、电荷守恒、质量守恒书写）、ext-che-bda41ccccc-013；definition 的先写部分反应物生成物再判类型与守恒的思路均被覆盖。,
dir_batch_027.csv#2222,CHEMISTRY,根据题给信息写出对应的方程式：,COVERED,ext-che-0600a8a550-014（依据题给信息书写方程式：先写部分反应物与生成物，再由化合价变化判断类型，有变价则用得失电子守恒配平）、ext-che-9b4026fa03-008（非氧化还原陌生方程式的书写方法）；definition 的四组实例设问均在上述两种书写思路覆盖范围内。,
dir_batch_027.csv#2225,CHEMISTRY,单质与氧化还原反应的关系,COVERED,chem-mo-yanghuan-yihun-dian（有单质参加或生成的不一定是氧化还原反应）、ext-che-5d65ccc112-006（单质参与与四种基本反应类型）、chem-hj-f126-sigefanlei-lianggeyiding（化合与分解反应可能是氧化还原反应，置换一定是、复分解一定不是）；definition 的两条结论均被覆盖。,
dir_batch_027.csv#2226,CHEMISTRY,氧化还原反应概念的“易错点”,COVERED,chem-hj-yanghuahaiyuan-wuge-wuqu 与 ext-che-199fa83ba6-001（氧化还原概念的五个误区）、ext-che-5d65ccc112-003（反应物角色、同种元素同时变价）、ext-che-2b01c6c6da-004b（被氧化不必有另一种元素被还原）、chem-hj-f057-yanghuahaiyuan-gainianlian（概念关系链）；definition 的五组情形均被覆盖。,
dir_batch_027.csv#2227,CHEMISTRY,氧化性、还原性强弱比较易错点,COVERED,ext-che-ba84dd3a28-025（氧化性还原性强弱比较易错点：强弱与化合价高低、得失电子数目无必然关系；有氧化性与还原性的物质不一定能反应）；definition 的三条易错认识与之一致。,
dir_batch_027.csv#2228,CHEMISTRY,陌生情景下化学方程式书写技巧,COVERED,ext-che-9d9489b3be-017（陌生离子方程式的三配法：写两剂、推产物、配电子、配电荷、配原子、查规范六步）、ext-che-7e6c81693e-010（非氧化还原陌生方程式的书写步骤与技巧）、ext-che-1ff1c78002-004b（新情境中非氧化还原方程式的四类书写模型）；definition 的六步骤被逐条覆盖。,
dir_batch_027.csv#2230,CHEMISTRY,电子守恒法计算的原理,COVERED,chem-kb-electron-conservation-calculation（氧化剂得电子总数等于还原剂失电子总数，列等式求解）、ext-che-3ff32553bd-005（可整体思维跳过中间过程）、chem-hj-dianzishouheng-jisuan、ext-che-653b80986d-009（只关注初态与终态）；definition 的原理表述被覆盖。,
dir_batch_027.csv#2231,CHEMISTRY,电子守恒法计算的流程,COVERED,ext-che-653b80986d-010（找各物质、定得失数、列相等式，按 n×原子个数×化合价变化值建立等式）、ext-che-3382b96932-003（一找物质、二定得失数、三列关系式）、chem-mo-sanshouheng-dianzishouheng（三守恒规律与电子守恒计算流程）；definition 的三步流程与等式均被覆盖。,
dir_batch_027.csv#2232,CHEMISTRY,复杂氧化还原反应的计算,COVERED,ext-che-a788ddaafb-012（多步连续氧化还原反应抓住全程失电子总数等于得电子总数整体计算）、ext-che-ef71e96996-013、ext-che-755227bf77-014（抓住始态与终态突破多步反应计算）、chem-kb-na2o2-solid-mass-increase；definition 的连续与并列反应整体计算思路被覆盖。,
dir_batch_027.csv#2233,CHEMISTRY,氮气,COVERED,ext-che-9bf6d767cc-002（氮气无色无味、难溶于水，氮的固定指游离态氮转化为化合态氮）、wusan-chem-b2c5-nitrogen（结构式为 N≡N，化学性质不活泼可作保护气，能被氧化也能被还原）、ext-che-bef31d0de4-003（只在高温、放电等条件下与氢气、氧气、活泼金属反应）、ext-che-f4686ae2ac-002；definition 的物理性质与化学性质均被覆盖。,
dir_batch_027.csv#2234,CHEMISTRY,氮的氧化物,COVERED,ext-che-bef31d0de4-004c（氮从 ＋1 到 ＋5 价都有对应氧化物，N2O5 是硝酸的酸酐、N2O3 是亚硝酸的酸酐）、ext-che-f4686ae2ac-004（NO 与 NO2 的颜色、溶解性、收集方法、检验方法及 N2O4 平衡）、ext-che-18c573f9ba-003、wusan-chem-b2c5-nitrogen-oxides；definition 的氧化物种类、酸性氧化物判断与 NO、NO2 比较均被覆盖。,
dir_batch_027.csv#2238,CHEMISTRY,氨的化学性质,COVERED,chem-kb-nh3-properties（氨极易溶于水、氨水呈弱碱性、与酸化合产生白烟、可催化氧化）、chem-hj-an-huaxuexingzhi（氨与水、酸、盐溶液反应并表现还原性）、ext-che-f4686ae2ac-008b（与水、酸反应及白烟）、chem-ammonia-catalytic-oxidation-and-nox（催化氧化得 NO）；definition 的四个板块均被覆盖。,
dir_batch_027.csv#2239,CHEMISTRY,喷泉实验,COVERED,chem-kb-fountain-experiment-principle（喷泉形成的根本原因是容器内外存在较大压强差）、ext-che-bef31d0de4-018（引发操作可以是加水、通入另一种气体等，装置可改装）、ext-che-3c813aa644-012（引发喷泉的三种方法与常见装置的操作方式）、ext-che-18c573f9ba-015b（成功条件与常见气体和液体的组合）；definition 的原理、图 1 与图 2 的引发方式及气体与吸收剂组合均被覆盖。,
dir_batch_028.csv#2240,CHEMISTRY,喷泉实验产物的浓度计算,COVERED,definition 关键词：确定所得溶液中溶质的物质的量与溶液体积、HCl 与 NH3 与 NO2 喷泉后 c 为 1/22.4 mol·L−1、NO2 与 O2 体积比 4∶1 时 c(HNO3)；命中节点 喷泉实验产物的浓度计算 全量 4 条材料中的 chem-hj-penquan-nongdu-jisuan、ext-che-fd9babf818-002、ext-che-f4686ae2ac-011b 给出同一结论并覆盖 4∶1 完全吸收情形。,
dir_batch_028.csv#2241,CHEMISTRY,铵盐及NH的检验,COVERED,definition 关键词：铵盐大多是白色固体且绝大多数易溶于水、铵盐的化学性质、NH4+ 检验时使湿润的红色石蕊试纸变蓝；命中节点 铵盐及nh的检验 的 ext-che-fd9babf818-004 与 ext-che-f270503813-004（物理性质）、ext-che-bef31d0de4-016（与碱反应）、ext-che-bef31d0de4-016b 与 ext-che-f4686ae2ac-013（检验方法与易错点）覆盖。,
dir_batch_028.csv#2242,CHEMISTRY,氨的实验室制法,COVERED,definition 关键词：加热固态铵盐和碱的混合物、实验室制取氨的其他方法；命中节点 氨的实验室制法 的 chem-kb-nh3-lab-preparation-details、ext-che-bef31d0de4-014b、ext-che-bef31d0de4-020（浓氨水加固态碱快速制氨）、ext-che-f4686ae2ac-010、ext-che-fd9babf818-004b 覆盖原理、药品、装置、收集、验满与尾气。,
dir_batch_028.csv#2244,CHEMISTRY,NH3是中学化学中唯一的碱性气体，能使湿润的　  　色石蕊试纸变　   　。,COVERED,name 是知识陈述（NH3 是中学化学中唯一的碱性气体、能使湿润的红色石蕊试纸变蓝），ext-che-fd9babf818-001b 给出同一结论；同名派生节点 氨气与铵根离子的检验 的 chem-ammonium-detection、chem-fx-yan-man-jiang-shi-run-de-hong-se-shi-r-f26x08 覆盖红色石蕊试纸检验；definition 中 NH4Cl 与 NaNO2 加热制 N2 由 chem-hj-danqi-zhifa-yongtu-buchong 覆盖，饱和 NH4Cl 与 Na[Al(OH)4] 的离子方程式设问属练习填空。,
dir_batch_028.csv#2245,CHEMISTRY,物理性质,COVERED,name 为栏目名「物理性质」，definition 是硝酸物理性质的填空（硝酸是无色、易挥发、有刺激性气味的液体）；节点 硝酸 的 ext-che-bef31d0de4-023 给出同一结论，ext-che-f4686ae2ac-018 亦覆盖硝酸的颜色状态与挥发性。,
dir_batch_028.csv#2246,CHEMISTRY,化学性质,COVERED,definition 关键词：硝酸的不稳定性与棕色瓶避光保存、强氧化性与常温钝化、Cu 与稀和浓硝酸反应、与炭反应、与还原性化合物反应；name 命中的节点 化学性质 实为 钠及其化合物的化学性质（boundary 限钠及其化合物），属模糊命中；内容由节点 硝酸 的 wusan-chem-b2c5-nitric-acid、ext-che-5215a08d59-015、ext-che-f4686ae2ac-018、ext-che-bef31d0de4-024 覆盖。,
dir_batch_028.csv#2248,CHEMISTRY,典型含氮元素物质之间的相互转化,COVERED,definition 关键词：典型转化方程式再落实（工业合成氨、实验室用 NH4Cl 制 NH3、NH3 催化氧化、NO2 溶于水、Cu 溶于稀和浓 HNO3、炭与浓硝酸、浓硝酸见光分解）；命中节点 典型含氮元素物质之间的相互转化 的 ext-che-bef31d0de4-031 列出工业合成氨、实验室制氨、氨的催化氧化、二氧化氮溶于水、铜与浓稀硝酸等核心方程式，ext-che-f4686ae2ac-030 给出 N2 至 NH3 至 NO 至 NO2 至 HNO3 主线；炭与浓硝酸反应、浓硝酸见光分解另由节点 硝酸 的 ext-che-5215a08d59-015 与 ext-che-f4686ae2ac-018 覆盖。,
dir_batch_028.csv#2249,CHEMISTRY,氮元素的价类二维图及转化关系,COVERED,definition 关键词：氮元素化合价与物质类别关系图、A 生成 NO、C 的浓溶液与碳反应、检验 NH4+ 的操作、红棕色气体 B 与水反应；命中节点 氮元素的价类二维图及转化关系 的 ext-che-bef31d0de4-032（横纵转化与转化主线）、ext-che-f4686ae2ac-027（价类二维图与转化规律及歧化归中判据）、ext-che-15fcabc7cf-003g 覆盖。,
dir_batch_028.csv#2250,CHEMISTRY,形成喷泉的原理,COVERED,definition 关键词：形成喷泉最根本的原因是容器内外存在较大的压强差、液体迅速流动经尖嘴导管喷出；命中节点 形成喷泉的原理 的 chem-hj-penquan-shiyan-yuanli、ext-che-fd9babf818-002b、chem-fx-yin-fa-pen-quan-de-ji-zhong-fang-fa-f26x05 逐字覆盖该结论。,
dir_batch_028.csv#2251,CHEMISTRY,常见喷泉的类型,COVERED,definition 关键词：气体极易溶于水或易与溶液反应使容器内压强迅速降低（负压喷泉）、液体受热或反应产生气体使压强增大（正压喷泉）、城市喷泉属正压喷泉；命中节点 常见喷泉的类型 的 ext-che-84c9f9347b-009（负压型与正压型喷泉及装置分析）、wusan-chem-b2c5-fountain-experiment、ext-che-f4686ae2ac-016 覆盖。,
dir_batch_028.csv#2252,CHEMISTRY,常见的装置,COVERED,definition 关键词：装置Ⅰ至Ⅵ的引发操作（挤压胶头滴管、热毛巾或冷敷、锥形瓶中加入产气物质、水槽中加入升温物质、通入 H2S 与 SO2）；命中节点 常见的装置 的 ext-che-66a5a9c895-001（喷泉实验的原理、装置类型与引发方法）与 ext-che-f4686ae2ac-016（三种基本引发装置的操作方式）覆盖；同节点其余材料为干燥管、广口瓶与安全装置等通用仪器内容。,
dir_batch_028.csv#2253,CHEMISTRY,喷泉实验产物的浓度计算,COVERED,definition 关键词与 2240 相同（喷泉后 c 为 1/22.4 mol·L−1、NO2 与 O2 4∶1 时 c(HNO3)），后附四个喷泉方案的选项属练习；命中节点 喷泉实验产物的浓度计算 的 chem-hj-penquan-nongdu-jisuan、ext-che-fd9babf818-002、ext-che-f4686ae2ac-011b 覆盖知识部分。,
dir_batch_028.csv#2254,CHEMISTRY,绿色化学,COVERED,definition 关键词：绿色化学核心是从源头减少或消除工业生产对环境的污染、又称环境无害化学与环境友好化学与清洁化学、采用无毒无害原料与条件、产品环境友好、具有原子经济性；命中节点 绿色化学 的 ext-che-84c9f9347b-011b（核心与特征）、ext-che-e47f5611e7-004（核心与原子利用率）覆盖。,
dir_batch_028.csv#2255,CHEMISTRY,原子经济性,COVERED,definition 关键词：原子经济性用原子利用率衡量、原子利用率表示为百分数、两个优点（最大限度利用原料与最大限度减少废物排放）；命中节点 原子经济性 的 chem-kb-green-chemistry-atom-economy 给出衡量关系，原子利用率的表示与计算由节点 绿色化学 的 ext-che-84c9f9347b-011b 与 ext-che-e47f5611e7-004 覆盖。,
dir_batch_028.csv#2256,CHEMISTRY,碳中和,COVERED,definition 关键词：2020 年 9 月提出、2060 年前实现碳中和、通过植树造林与节能减排与碳捕集封存抵消自身二氧化碳排放、实现二氧化碳零排放；命中节点 碳中和 的 ext-che-84c9f9347b-011c 与 ext-che-84c9f9347b-011 逐项覆盖，chem-fx-wo-guo-li-zheng-yu-nian-qian-zuo-dao-t-f44x10 覆盖碳达峰与碳中和的时间节点。,
dir_batch_028.csv#2259,CHEMISTRY,浓盐酸和浓氨水反应有白烟生成，常用于HCl和NH3的相互检验。,COVERED,name 是知识陈述（浓盐酸和浓氨水反应有白烟生成、常用于 HCl 和 NH3 的相互检验），ext-che-bef31d0de4-013c 与 ext-che-f270503813-002c 给出同一结论（挥发性酸与浓氨水靠近生成固体小颗粒出现白烟、可用于相互检验）；同名派生节点 浓氨水与浓盐酸的相互检验 名下 5 条材料（chem-hj-jianneng-hanbian-jisuan、chem-hj2-cl2-yu-lin-yanwu、chem-fx-nong-an-shui-gu-ti-f26x09 与 f26x10、chem-fx-cu-gui-yu-gan-zao-de-qi-ti-fan-ying-zh-f18x08）均不涉及该结论；definition 后半（1）至（11）为判断题串。,
dir_batch_028.csv#2260,CHEMISTRY,氮及化合物的“十大”误区,COVERED,definition 即十大误区第 1 条（氮的氧化物都有毒、NO2 与 N2O4 存在 2NO2 与 N2O4 的平衡、故实测 NO2 的平均相对分子质量总是大于 46）；命中节点 氮及化合物的-十大-误区 的 ext-che-84c9f9347b-014 覆盖该条并含收集方法、还原产物、钝化、氨的制取与干燥等其余误区。,
dir_batch_028.csv#2261,CHEMISTRY,验证某无色气体为NO的方法是向无色气体中通入O2(或空气)，无色气体变为红棕色。,COVERED,name 是知识陈述（验证无色气体为 NO 的方法：通入 O2 或空气后变红棕色），chem-inference-gas-clues 给出 NO 遇空气变红棕的特征性质；definition 第 3 条的收集方法（NO 只能用排水法、NO2 只能用向上排空气法）由 chem-hj-no-no2-shouji-yu-yanghuaxing 与 ext-che-d62612a9e4-009 逐字覆盖，第 4 条浓稀硝酸还原产物规律由节点 硝酸与金属反应的规律 的 ext-che-f270503813-006 覆盖。,
dir_batch_028.csv#2262,CHEMISTRY,常温下，铁、铝遇浓硝酸能发生“钝化”并非不反应。故常温下浓硝酸可以用铁桶盛放。,COVERED,name 是知识陈述（常温下铁与铝遇浓硝酸钝化并非不反应、故可用铁桶盛放浓硝酸）；同名派生节点 常温下-铁-铝遇浓硝酸能发生-钝化-并非不反应-故常温下浓硝酸可以用铁桶盛放（常温下铁、铝的钝化）的 ext-che-bef31d0de4-025 逐条覆盖（冷的浓硝酸与浓硫酸使铁铝表面生成致密氧化膜、钝化是化学变化、故可用铁铝容器盛装冷的浓酸）；definition 中氨的制取与干燥要求由节点 氨的实验室制法 的 ext-che-bef31d0de4-014b 与 ext-che-bef31d0de4-015b 覆盖。,
dir_batch_028.csv#2263,CHEMISTRY,吸收氨气(或HCl)时要注意防止倒吸。,COVERED,definition 首句（可用于吸收氨气或 HCl 并能防倒吸的常用装置）由命中节点 吸收氨气-或hcl-时要注意防止倒吸 的 chem-hj2-qiti-rongjie-xishou-fangdaoxi 覆盖（极易溶气体须用倒扣漏斗、干燥管等防倒吸装置）；definition（1）至（9）为判断题串，属练习残片。,
dir_batch_028.csv#2264,CHEMISTRY,硝酸与金属反应的规律,COVERED,definition 关键词：硝酸与金属反应一般不能产生 H2、浓硝酸还原产物为 NO2 而稀硝酸为 NO 且很稀时可为 N2O 或 N2 或 NH4NO3、硝酸与金属反应既表现氧化性又表现酸性、硝酸根在酸性条件下的强氧化性与书写离子方程式时的易错；命中节点 硝酸与金属反应的规律 的 chem-hj2-xiaosuan-yu-jinshu-guilv、ext-che-f270503813-006、ext-che-bef31d0de4-024b 覆盖前三条，离子反应易错由节点 硝酸 的 ext-che-bef31d0de4-023b 与 ext-che-f4686ae2ac-024 覆盖。,
dir_batch_028.csv#2265,CHEMISTRY,金属与硝酸反应计算的四种方法,COVERED,definition 关键词：原子守恒法、得失电子守恒法、电荷守恒法（c(NO3−) 等于 c(H+) 加 n 乘 c(Mn+)）、离子方程式计算法；命中节点 金属与硝酸反应计算的四种方法 的 chem-kb-metal-hno3-calculation-models、ext-che-bef31d0de4-029、ext-che-3c813aa644-020、ext-che-f4686ae2ac-026、ext-che-8e817255da-011 覆盖四法。,
dir_batch_028.csv#2267,CHEMISTRY,久置的浓硝酸呈黄色，如何除去？怎样保存浓硝酸？,COVERED,name 是问题式知识陈述（久置的浓硝酸呈黄色如何除去、怎样保存）；节点 硝酸 的 ext-che-9f644c9d54-020 覆盖（NO2 溶于其中而显黄色、可通入 O2 除去、保存用棕色瓶并置于阴凉处），ext-che-f270503813-005 亦覆盖；definition 为锌与硝酸、稀硫酸与稀硝酸混合液两道计算选择题。,
dir_batch_028.csv#2268,CHEMISTRY,现象描述答题模板,COVERED,definition 关键词：全面描述现象的程序「海、陆、空」（溶液、固体、气体三方面变化）、规范描述现象的模板（颜色由某种颜色变为另一种颜色、溶液中产生气泡、产生沉淀或浑浊）；命中节点 现象描述答题模板 的 chem-fx-de-fen-dian-ji-guan-jian-ci-f71x12（溶液得分点）、f71x13（固体得分点）、f71x14（气体得分点）与 chem-fx-da-ti-yao-su-f71x11、wusan-che-v-076daee4 覆盖。,
dir_batch_028.csv#2269,CHEMISTRY,实验室闻Cl2及其他气体的方法是怎样的？,COVERED,name 是问法式考点（实验室闻 Cl2 及其他气体的方法）；同名派生节点 实验室闻cl2及其他气体的方法是怎样的（闻气体的方法）的 chem-fx-shi-yan-shi-li-wen-you-du-qi-ti-ji-wei-f19x01 逐字覆盖（用手在瓶口轻轻扇动、仅使极少量气体飘进鼻孔）；definition 为焰色反应与滤渣是否洗净的简答题串。,
dir_batch_028.csv#2271,CHEMISTRY,电解和电解池,COVERED,definition 关键词：电解是让电流通过电解质溶液或熔融的电解质、在两个电极上分别发生氧化还原反应的过程，电解池是把电能转化为化学能的装置；命中节点 电解和电解池 的 ext-che-ae82ac501b-003、ext-che-d70850b5c7-002、ext-che-68f6c34454-002、ext-che-ae82ac501b-003b 逐字覆盖。,
dir_batch_028.csv#2272,CHEMISTRY,电解池工作原理(以电解CuCl2溶液为例):,COVERED,name 为考点（电解池工作原理以电解 CuCl2 溶液为例），definition 求电解 CuCl2 溶液的总反应方程式；命中节点 电解池工作原理-以电解cucl2溶液为例 的 chem-hj-f096-dianjie-cucl2-moxing、ext-che-053e11e3a1-003、ext-che-d70850b5c7-003、ext-che-0e0ef6766a-001 覆盖惰性电极下阳极析氯与阴极析铜的电极反应，总反应式可由此写出。,
dir_batch_028.csv#2274,CHEMISTRY,电解饱和食盐水——氯碱工业,COVERED,definition 关键词：阳极与阴极的电极反应及反应类型、检验阳极产物的方法、滴酚酞后阴极附近变红、电解总反应的化学方程式与离子方程式、阳离子交换膜的作用、a 至 d 进出口物质；命中节点 电解饱和食盐水-氯碱工业 的 ext-che-053e11e3a1-006、chem-kb-chlor-alkali-industry、ext-che-ae82ac501b-009c、chem-hj2-lvjian-gongye-dianjie-shiyanshui、ext-che-d70850b5c7-007 覆盖。,
dir_batch_028.csv#2277,CHEMISTRY,金属腐蚀的本质,COVERED,definition 关键词：金属原子失电子变为金属阳离子、金属发生氧化反应；命中节点 金属腐蚀的本质 的 chem-kb-metal-corrosion-types、ext-che-3bca327ab1-017、ext-che-499da45dc7-009 逐字覆盖。,
dir_batch_028.csv#2278,CHEMISTRY,金属腐蚀的类型,COVERED,definition 关键词：化学腐蚀与电化学腐蚀、析氢腐蚀与吸氧腐蚀（以钢铁的腐蚀为例分析）；命中节点 金属腐蚀的类型 的 ext-che-42dee98d13-013、ext-che-053e11e3a1-012、ext-che-608acb21f7-005、ext-che-3bca327ab1-018、ext-che-d70850b5c7-018 覆盖。,
dir_batch_028.csv#2279,CHEMISTRY,金属电化学腐蚀规律,COVERED,definition 关键词：同一金属在强电解质溶液大于弱电解质溶液大于非电解质溶液中的腐蚀快慢、活动性差别越大活泼金属腐蚀越快、电解质与氧化剂浓度越大腐蚀越快、电解原理腐蚀大于原电池原理腐蚀大于化学腐蚀大于有防护措施的腐蚀；命中节点 金属电化学腐蚀规律 的 ext-che-ae82ac501b-015b、chem-fx-dui-tong-yi-jin-shu-lai-shuo-f41x15、ext-che-d70850b5c7-015b、ext-che-4b16225acf-008、ext-che-608acb21f7-005b 覆盖四条规律。,
dir_batch_028.csv#2280,CHEMISTRY,其他防护方法,COVERED,definition 关键词：覆盖保护层（涂油漆、油脂、搪瓷、陶瓷、沥青、塑料等）与电镀、改变金属内部结构制成不锈钢等合金；命中节点 其他防护方法 的 chem-hj2-jinshu-fanghu-sanleifangfa、ext-che-053e11e3a1-013、ext-che-ae3f5c9d23-016 覆盖。,
dir_batch_028.csv#2283,CHEMISTRY,简单的电镀实验,COVERED,name 为教材实验考点（简单的电镀实验），definition 仅为栏目「【实验目的】」；命中节点 简单的电镀实验 的 ext-che-e2850176cd-006 覆盖铁制镀件镀铜的目的、用品、操作流程与实验结论，ext-che-608acb21f7-001 与 ext-che-68f6c34454-010 覆盖电镀原理与电极。,
dir_batch_028.csv#2284,CHEMISTRY,了解电镀原理。,COVERED,definition 为实验用品（铁制待镀件、铜片、以 CuSO4 为主的电镀液、NaOH 溶液、盐酸）与操作步骤（打磨、除油污、除锈、分别接直流电源负极与正极、浸入电镀液 5 至 10 分钟）；命中节点 了解电镀原理 的 ext-che-5c8ab8324c-045 覆盖铁制镀件镀铜的阴阳极反应与电镀液选择，ext-che-ae82ac501b-010 与 ext-che-ae82ac501b-010d 覆盖电镀液浓度不变与电极选择。,
dir_batch_028.csv#2285,CHEMISTRY,查阅资料，了解工业生产中提高电镀质量的方法。,COVERED,name 为教材活动考点（查阅资料了解工业生产中提高电镀质量的方法），同名派生节点 查阅资料-了解工业生产中提高电镀质量的方法（提高电镀质量的方法）的 ext-che-841d0e5e17-009 覆盖主盐浓度、pH、温度、操作时间与添加剂对镀层质量的影响；definition 的深度剖析（电镀铜时 c(Cu2+) 不变、阳极失电子数等于阴极得电子数、电极质量减小者为阳极）由 chem-kb-electroplating-and-copper-refining 与 ext-che-ae82ac501b-010 覆盖。,
dir_batch_028.csv#2286,CHEMISTRY,制作简单的燃料电池,COVERED,name 为教材实验考点（制作简单的燃料电池），definition 仅为栏目「【实验目的】」；同名主题节点 制作一个氢氧燃料电池 的 ext-che-447c937000-016 覆盖氢氧燃料电池的电极反应与介质影响，chem-hj2-qingyang-ranliao-dianchi-gaishu 覆盖氢氧燃料电池的分型与常用燃料，配套的电解水步骤由节点 电解水 的 ext-che-841d0e5e17-011 覆盖。,
dir_batch_028.csv#2287,CHEMISTRY,设计和制作一个氢氧燃料电池。,COVERED,name 为考点（设计和制作一个氢氧燃料电池），definition 为实验用品清单（U 形管、石墨棒、直流电源、鳄鱼夹、导线与开关、电流表）；命中节点 设计和制作一个氢氧燃料电池 的 chem-hj2-qingyang-ranliao-dianchi-gaishu 覆盖氢氧燃料电池的分型与电极反应，节点 制作一个氢氧燃料电池 的 ext-che-447c937000-016 亦覆盖电极反应写法。,
dir_batch_028.csv#2289,CHEMISTRY,电解水。,COVERED,definition 为电解水实验操作（U 形管中注入 1 mol·L−1 Na2SO4 溶液、滴入酚酞、插入两根石墨棒、连接电源、闭合 K1、两极石墨棒均产生气泡）；命中节点 电解水 的 ext-che-841d0e5e17-011 覆盖该 Na2SO4 溶液电解水实验的装置、现象与电极反应式。,
dir_batch_028.csv#2290,CHEMISTRY,制作一个氢氧燃料电池。,COVERED,definition 为实验步骤与现象（电解 1 至 2 分钟后断开电源、把两根石墨棒接电流表、闭合 K2、电流表指针偏转）与比较氢氧燃料电池和电解水原理的问题讨论；命中节点 制作一个氢氧燃料电池 的 ext-che-447c937000-016 覆盖氢氧燃料电池的电极反应与工作原理，比较所用的电解水原理由节点 电解水 的 ext-che-841d0e5e17-011 覆盖。,
dir_batch_028.csv#2294,CHEMISTRY,电化学综合计算的三种常用方法,COVERED,definition 关键词：根据总反应计算（先写电极反应再写总反应列比例式）、根据电子守恒计算（用于串联电路两极产物与混合溶液分阶段计算）、根据关系式计算（以 4e− 为桥梁建立关系式）；命中节点 电化学综合计算的三种常用方法 的 chem-kb-electrochemistry-calculation-methods、ext-che-02e43d3aeb-004e、chem-hj-dianjie-jisuan-yiju、ext-che-51e65d8cb6-012、ext-che-29359159c1-013、ext-che-4b16225acf-025 覆盖三法。,
dir_batch_028.csv#2295,CHEMISTRY,电解原理易错点,COVERED,definition 关键词：活性电极与惰性电极、电子不通过电解质溶液、阳极放电顺序 Cl− 大于 OH− 与阴极 Ag+ 大于 Cu2+ 大于 H+ 且 K+ 至 Al3+ 不放电、电解时溶液 pH 的变化规律；命中节点 电解原理易错点 的 ext-che-1422ee20c2-065b、chem-kb-electrode-discharge-order、ext-che-3bca327ab1-003、ext-che-3bca327ab1-005 覆盖电极类型与放电顺序两条主体，电子不经溶液导电与电解时 pH 变化分别由节点 电解和电解池 的 ext-che-d931f0e7db-003 与节点 电解原理应用的四点注意事项 的 ext-che-4b16225acf-015 覆盖。,
dir_batch_028.csv#2297,CHEMISTRY,电解原理应用的四点注意事项,COVERED,definition 关键词：阳离子交换膜只允许 Na+ 通过而阻止阴离子与 Cl2、电极质量减小者为金属阳极而增大者为阴极、电解精炼铜时活泼杂质溶解与惰性杂质成阳极泥且 c(Cu2+) 逐渐减小、电镀时两极转移电子数相等故浓度不变；命中节点 电解原理应用的四点注意事项 的 chem-fx-dian-jie-yuan-li-ying-yong-de-si-dian-f41x10、chem-kb-electroplating-and-copper-refining、chem-hj2-diandu-tong-dianjing-tong、ext-che-499da45dc7-005、ext-che-0e0ef6766a-003 覆盖。,
dir_batch_028.csv#2298,CHEMISTRY,能源与科学、技术、社会密不可分。下列装置或过程能实现电能转化为化学能的是,COVERED,name 是选择题题干，同名派生节点 能源与科学-技术-社会密不可分-下列装置或过程能实现电能转化为化学能的是（化学反应中的能量转化形式）的 ext-che-5de6d65b20-010b 与 ext-che-e5f86d011f-002b 覆盖电解池电能转化学能等六类过程的能量转化方向，chem-hj-nengliang-zhuanhua-xingshi-duizhao 亦覆盖；definition 中模拟海水淡化同时制备 H2 与 Cl2 与 NaOH 的装置属电解饱和食盐水与多膜电解池应用，由 ext-che-68f6c34454-004 等覆盖。,
dir_batch_028.csv#2300,CHEMISTRY,分析电解过程的思维程序：,COVERED,definition 关键词：首先判断阴、阳极并分析阳极材料是惰性电极还是活性电极、再分析电解质水溶液的组成并找全离子分阴阳两组（不要忘记水溶液中的 H+ 和 OH−）、然后排出阴阳两极的放电顺序；命中节点 分析电解过程的思维程序 的 ext-che-02e43d3aeb-001d（一判二看三写的书写方法）与 ext-che-ae3f5c9d23-004（阴阳极判断的六个角度）覆盖该程序。,
dir_batch_028.csv#2303,CHEMISTRY,定义,COVERED,definition 为盐类水解的定义（在溶液中盐电离出来的离子跟水电离产生的 H+ 或 OH− 结合生成弱电解质的反应）；节点 盐类水解 的 ext-che-2540022b42-001 覆盖定义、条件与实质，ext-che-5796f534aa-002b 覆盖条件与结果，ext-che-ca2b62f148-004 覆盖原理与实质。,
dir_batch_028.csv#2304,CHEMISTRY,实质,COVERED,definition 为水解实质链条（盐电离、破坏水的电离平衡、水的电离程度改变、c(H+) 不等于 c(OH−)、溶液呈碱性或酸性或中性）；命中节点 实质（盐类水解的实质）的 wusan-chem-x1c3-hydrolysis-essence 与 ext-che-e1aeb95cdb-001 覆盖该链条，水的电离被促进由节点 盐类水解 的 ext-che-5796f534aa-002b 覆盖。,
dir_batch_028.csv#2305,CHEMISTRY,特点,COVERED,definition 为水解反应的三个特点（水解反应是可逆反应、是酸碱中和反应的逆反应、程度很微弱）；节点 盐类水解 的 ext-che-2540022b42-002 给出可逆、吸热、微弱三点，wusan-chem-x1c3-hydrolysis-equation-features 覆盖程度不大与方程式写法；与中和互逆一条未单独成文，其可逆与微弱两项实质已被同节点材料覆盖。,
dir_batch_028.csv#2306,CHEMISTRY,规律,COVERED,definition 为水解规律口诀（有弱才水解、越弱越水解、谁强显谁性、同强显中性）；节点 盐类水解的规律及拓展应用 的 wusan-chem-x1c3-hydrolysis-rules 逐句覆盖，节点 盐类水解 的 ext-che-2540022b42-003 与 chem-hj-yanlei-shuijie-guilv 亦覆盖。,
dir_batch_028.csv#2307,CHEMISTRY,盐类水解离子方程式的书写,COVERED,definition 关键词：水解程度很小一般用可逆号、不产生沉淀和气体故不用箭头、易分解产物不写分解形式、弱酸阴离子与弱碱阳离子的通式、多元弱酸盐水解分步且以第一步为主、多元弱碱盐水解一步完成；命中节点 盐类水解离子方程式的书写 的 chem-hj-shuijie-fangchengshi-guize、wusan-che-v-033df417、ext-che-5796f534aa-004、chem-fx-duo-yuan-ruo-jian-yan-f50x04、ext-che-2540022b42-006 覆盖。,
dir_batch_028.csv#2308,CHEMISTRY,水解平衡常数(能水解的盐表示为MA),COVERED,definition 关键词：Kh 的表达式（以醋酸钠溶液为例）、Kh 与 KW 及 Ka 或 Kb 的换算关系、多元弱酸强碱盐的 Kh1 与 Kh2、一元弱酸一元弱碱盐即醋酸铵的 Kh；命中节点 水解平衡常数-能水解的盐表示为ma 的 wusan-che-v-49a165d1、chem-hydrolysis-constant-kw-ka、ext-che-4a4ad3d6e8-013b、ext-che-18ec7b8669-002、ext-che-5796f534aa-013b 覆盖。,
dir_batch_028.csv#2312,CHEMISTRY,盐类水解的影响因素,COVERED,definition 关键词：内因是盐本身的性质（形成盐的酸或碱越弱则对应离子水解能力越强、溶液酸碱性越强）、比较同浓度 NaHCO3 与 CH3COONa 的 pH、外因（温度、浓度、酸碱）对 FeCl3 水解平衡的影响；命中节点 盐类水解的影响因素 的 ext-che-5796f534aa-012、ext-che-2540022b42-012、ext-che-fe38fc6798-010、ext-che-4a4ad3d6e8-009、chem-fx-ying-xiang-yan-lei-shui-jie-de-yin-su-f50x09 覆盖。,
dir_batch_028.csv#2313,CHEMISTRY,盐溶液蒸干灼烧时所得产物的判断,COVERED,definition 关键词：水解生成难挥发性酸且酸根易水解的强碱盐蒸干得原物质（CuSO4 与 Na2CO3）、水解生成易挥发性酸时蒸干灼烧得氧化物（AlCl3 与 FeCl3）、考虑盐受热是否分解（Ca(HCO3)2 与 NaHCO3 与 KMnO4 与 NH4Cl）、还原性盐蒸干被 O2 氧化（Na2SO3 与 FeCl2）；命中节点 盐溶液蒸干灼烧时所得产物的判断 的 chem-hj-zhenggan-chanwu-panbie、ext-che-5796f534aa-016、ext-che-5796f534aa-016b、ext-che-5796f534aa-018 覆盖。,
dir_batch_028.csv#2315,CHEMISTRY,溶液中微粒浓度大小的比较,COVERED,definition 关键词：判断电解质溶液中粒子浓度的关系是高考常考题型、一般从单一溶液与混合溶液与不同溶液三个角度考查、以电离理论和水解理论为依据；命中节点 溶液中微粒浓度大小的比较 的 ext-che-e1f44db337-003d、ext-che-da2d86034b-145b、chem-hj-hunhe-rongye-lizi-nongdu、ext-che-4dd2e79693-092 覆盖。,
dir_batch_028.csv#2316,CHEMISTRY,微粒浓度的大小比较理论依据,COVERED,definition 关键词：电离理论（弱电解质的电离是微弱的、多元弱酸分步电离且以第一步为主）、水解理论（弱电解质离子的水解是微弱的、相互促进者除外）；命中节点 微粒浓度的大小比较理论依据 的 ext-che-b713c9900b-006、ext-che-2540022b42-021、ext-che-4a4ad3d6e8-020、wusan-chem-x1c3-ion-concentration-basis 覆盖。,
dir_batch_028.csv#2318,CHEMISTRY,离子浓度大小比较的方法,COVERED,definition 关键词：考虑水解因素（Na2CO3 溶液中 c 顺序为钠离子大于碳酸根大于氢氧根大于碳酸氢根）、不同溶液中同一离子浓度的比较要看其他离子的影响（NH4Cl 与 CH3COONH4 与 NH4HSO4 中铵根浓度顺序）、混合液中要综合分析水解与电离因素；命中节点 离子浓度大小比较的方法 的 wusan-chem-x1c3-ion-concentration-methods、ext-che-e1f44db337-004、ext-che-4a4ad3d6e8-022 覆盖方法，第二条由节点 混合溶液酸碱性的判断规律 的 ext-che-4a4ad3d6e8-023 覆盖。,
dir_batch_028.csv#2319,CHEMISTRY,溶液中粒子等量关系——三大守恒,COVERED,definition 关键词：电荷守恒（阴离子所带负电荷总数等于阳离子所带正电荷总数）、物料守恒（原子个数守恒，K2S 溶液中 c(K+) 等于 2 倍的硫各形态浓度之和）、两守恒相加减可得质子守恒；命中节点 溶液中粒子等量关系-三大守恒 的 ext-che-e1f44db337-004b、ext-che-da2d86034b-145、chem-hj2-sanda-shouheng-dianjiezhi、ext-che-4dd2e79693-091、ext-che-4dd2e79693-091b、ext-che-4a4ad3d6e8-019 覆盖。,
dir_batch_029.csv#2321,CHEMISTRY,0.1 mol·L－1的Na2CO3溶液中各粒子浓度的关系：,COVERED,pack_nodes 存在节点 0-1-mol-l-1的na2co3溶液中各粒子浓度的关系（name 溶液中粒子浓度的大小关系）；definition 的①大小关系由 chem-hj-danyi-rongye-lizi-nongdu（单一盐溶液中粒子浓度大小比较）、chem-hj-lizi-nongdu-jisuan-shouheng（溶液中离子浓度的计算与电荷守恒）覆盖；②③④三大守恒由 ext-che-4a4ad3d6e8-019（给出电荷守恒、物料守恒、质子守恒的含义与 Na2CO3 溶液中的具体表达式）、chem-hj2-sanda-shouheng-dianjiezhi 覆盖。,
dir_batch_029.csv#2323,CHEMISTRY,0.1 mol·L－1的NaHSO3溶液pH＜7，各离子浓度的关系：,COVERED,definition 的①大小关系由 chem-hso3-solution-particle-order（NaHSO3 溶液中 HSO3－ 电离程度大于水解程度、溶液呈酸性、c(Na＋)＞c(HSO3－)＞c(H＋)＞c(SO32－)＞c(OH－)）覆盖；②③④三种守恒式的书写由 ext-che-4dd2e79693-091、ext-che-4dd2e79693-091b（电荷守恒与元素守恒的书写技巧、质子守恒的两种写法）与 chem-hj2-sanda-shouheng-dianjiezhi（电解质溶液中的三大守恒）覆盖。,
dir_batch_029.csv#2324,CHEMISTRY,盐类水解程度大小比较的规律,COVERED,命中节点 盐类水解程度大小比较的规律；definition 的四条由 ext-che-2540022b42-009（越弱越水解、正盐大于相应酸式盐、相互促进大于单独大于相互抑制并含 (NH4)2CO3＞(NH4)2SO4＞(NH4)2Fe(SO4)2 实例）、chem-fx-yan-lei-shui-jie-cheng-du-da-xiao-bi-j-f50x05（盐类水解程度大小比较的规律）、ext-che-4dd2e79693-095（用 Kh 比较不同弱离子的水解程度）覆盖。,
dir_batch_029.csv#2325,CHEMISTRY,六种盐溶液蒸干后产物的判断,COVERED,命中节点 六种盐溶液蒸干后产物的判断；其材料 ext-che-6a488d0c96-013 按①析出原溶质②析出弱碱③析出结晶水合物④全部分解为气体⑤分解析出新盐⑥析出氧化产物六类给出判断，并含 FeCl2、Fe(NO3)2 中 Fe2＋ 被氧化后蒸干得 Fe(OH)3、灼烧得 Fe2O3 的提醒，与 definition 逐条对应。,
dir_batch_029.csv#2326,CHEMISTRY,书写盐类水解离子方程式的注意事项,COVERED,pack_nodes 中存在节点 盐类水解离子方程式的书写；definition 的三条原则与两种情形由 chem-hj-shuijie-fangchengshi-guize（水解程度小、用可逆号且不标沉淀气体符号、多元弱酸根分步水解）、ext-che-5796f534aa-004 与 ext-che-5796f534aa-004b（可逆、程度、守恒三原则）、wusan-che-v-033df417（单水解用可逆号且不标气体沉淀符号）、ext-che-2540022b42-005（双水解方程式的写法）覆盖。,
dir_batch_029.csv#2329,CHEMISTRY,盐类水解的规律及拓展应用,COVERED,命中节点 盐类水解的规律及拓展应用；definition 的(1)谁弱谁水解与越弱越水解、(2)强酸的酸式盐只电离不水解、(3)弱酸酸式盐看电离与水解程度的相对大小、(4)正盐大于酸式盐与相互促进大于单独大于相互抑制，由同节点材料 wusan-che-v-ae2121b5（盐类水解的规律与酸式盐酸碱性，含 NaHSO4、NaHSO3、NaHCO3 判断）、ext-che-2540022b42-009、chem-hj-yanlei-shuijie-guilv、ext-che-e1f44db337-003 覆盖。,
dir_batch_029.csv#2331,CHEMISTRY,盐溶液酸碱性的判断,COVERED,命中节点 盐溶液酸碱性的判断；definition 的(2)盐溶液呈中性不能判断该盐是否水解、(3)越稀越水解且溶液酸碱性减弱、(4)加冰醋酸对 CH3COONa 水解平衡的影响、(5)弱酸酸式盐看酸式酸根电离与水解的相对大小，由 chem-hj-f125-shuijie-santubu-tuisuan（推断盐溶液性质的三部曲）、chem-hj-suanshishui-suanjianxing 与 chem-fx-ruo-suan-suan-shi-yan-rong-ye-suan-jia-f50x07（弱酸酸式盐溶液酸碱性的判断）、ext-che-5796f534aa-014b（Ka1、Ka2 与水解常数的定量关系）、chem-hj-yan-defenlei-fangshi（盐的分类方式）覆盖。,
dir_batch_029.csv#2332,CHEMISTRY,铝元素的原子结构和存在,COVERED,命中节点 铝元素的原子结构和存在；definition 的周期表位置与原子结构示意图、地壳中含量仅次于氧和硅、自然界全部以化合态存在，由同节点材料 ext-che-4ba4052b22-001、ext-che-6064148187-002b、ext-che-947add6b4a-003、ext-che-0488c28b9a-002、ext-che-2a6b2482d9-002 覆盖。,
dir_batch_029.csv#2333,CHEMISTRY,铝的物理性质,COVERED,命中节点 铝的物理性质；definition 的银白色、有金属光泽、硬度较小、导电性导热性和延展性良好由 wusan-chem-b1c3-aluminium-physical、ext-che-947add6b4a-003b、ext-che-1ced0078c6-003 覆盖。,
dir_batch_029.csv#2334,CHEMISTRY,铝的化学性质,COVERED,命中节点 铝的化学性质；definition 的与 O2 生成致密氧化膜、与 Cl2 反应、与酸和 NaOH 溶液反应体现两性、遇浓硫酸浓硝酸钝化属化学变化、铝热反应，由 chem-hj-lv-dexingzhi、ext-che-6064148187-002、ext-che-089c778d20-002、ext-che-947add6b4a-003c、chem-hj-lvre-fanying-caozuo-yaodian 覆盖。,
dir_batch_029.csv#2335,CHEMISTRY,铝的制备和用途,COVERED,命中节点 铝的制备和用途；definition 的电解熔融氧化铝制铝、纯铝用作导线与铝合金用途、铝用作还原剂由 wusan-chem-b1c3-aluminium-preparation、ext-che-59d225cbf6-007、ext-che-1ced0078c6-004、ext-che-0488c28b9a-002d 覆盖。,
dir_batch_029.csv#2337,CHEMISTRY,氧化铝的性质与应用,COVERED,命中节点 氧化铝的性质与应用；definition 的两性氧化物、与盐酸和 NaOH 溶液反应的离子方程式、熔点高可作耐火材料、电解熔融氧化铝冶炼铝，由 ext-che-6064148187-004、ext-che-edc670dfda-011、ext-che-947add6b4a-009、ext-che-a4da4e924e-003b、ext-che-2a6b2482d9-004 覆盖。,
dir_batch_029.csv#2338,CHEMISTRY,氢氧化铝的性质与制备,COVERED,命中节点 氢氧化铝的性质与制备；definition 的与盐酸和 NaOH 溶液反应的离子方程式、受热分解、向可溶性铝盐溶液加足量氨水制取，由 chem-hj-qingyanghualv-liangxing（含 2Al(OH)3 受热分解）、chem-hj-zhi-al-oh3-sanlujing（由 Al3＋ 制备宜用氨水）、ext-che-a4da4e924e-004、ext-che-6064148187-005 覆盖。,
dir_batch_029.csv#2339,CHEMISTRY,从铝土矿提纯Al2O3(碱溶法)的工艺流程,COVERED,命中节点 从铝土矿提纯al2o3-碱溶法-的工艺流程；definition 的氧化铝两性、铝土矿成分含 SiO2 与 Fe2O3 杂质、冰晶石的作用、Al(OH)3 与 Al2O3 的转化由 chem-hj-lvtukuang-tialu-liangfa、ext-che-089c778d20-017、ext-che-2a6b2482d9-004b、ext-che-947add6b4a-022、ext-che-29b4143ea2-003 覆盖。,
dir_batch_029.csv#2340,CHEMISTRY,一种重要的复盐——明矾,COVERED,命中节点 一种重要的复盐-明矾；definition 的复盐组成与电离方程式、Al3＋ 水解生成胶状氢氧化铝、明矾与 Ba(OH)2 溶液反应中 Al3＋ 恰好完全沉淀与 SO42－ 恰好完全沉淀两种情形，由 ext-che-17a285c08a-001、ext-che-a4da4e924e-005（明矾与氢氧化钡溶液的反应）、ext-che-6064148187-006、ext-che-59d225cbf6-013 覆盖。,
dir_batch_029.csv#2341,CHEMISTRY,工业上用某种氧化铝矿石(含Fe2O3杂质)为原料冶炼铝的工艺流程如下：,COVERED,pack_nodes 存在节点 工业上用某种氧化铝矿石-含fe2o3杂质-为原料冶炼铝的工艺流程如下；该流程涉及的原料粉碎研磨、加氧化剂将 Fe2＋ 氧化为 Fe3＋ 以便除铁、氧化铝两性、矿石类流程四步法与条件控制，由 chem-preprocess-grinding、chem-oxidant-fe2-to-fe3-purpose、chem-hj-yanghualv-liangxing、chem-hj-kuangshi-liucheng-sibufa、chem-fx-you-lv-tu-kuang-ye-lian-lv-de-liu-chen-f17x04 覆盖；definition 仅为对上述流程判断的选择题设问。,
dir_batch_029.csv#2343,CHEMISTRY,中学化学中常见的既能与盐酸反应，又能与NaOH溶液反应的物质：,COVERED,pack_nodes 存在节点 中学化学中常见的既能与盐酸反应-又能与naoh溶液反应的物质；definition 的六类物质由同节点材料 ext-che-3b8d34b524-019（中学阶段既能与盐酸又能与 NaOH 溶液反应的物质清单）、ext-che-0488c28b9a-008b（弱酸的铵盐、弱酸的酸式盐、氨基酸及铝及其氧化物与氢氧化物）、ext-che-2a6b2482d9-007、ext-che-59d225cbf6-009 覆盖。,
dir_batch_029.csv#2345,CHEMISTRY,基于“两性”类比推测Be、Zn及其化合物的性质,COVERED,命中节点 基于-两性-类比推测be-zn及其化合物的性质；definition 的 Be 与 Zn 单质、BeO 与 ZnO、Be(OH)2 与 Zn(OH)2 分别与 NaOH 溶液和稀盐酸反应的方程式，由同节点材料 ext-che-4ba4052b22-007（基于两性推测 Be 和 Zn 的性质，含三组方程式与 Al(OH)3 制备试剂选择的结论）覆盖。,
dir_batch_029.csv#2346,CHEMISTRY,既能跟稀盐酸反应，又能跟氢氧化钠溶液反应的化合物是(    ),COVERED,pack_nodes 存在节点 既能跟稀盐酸反应-又能跟氢氧化钠溶液反应的化合物是；definition 的四个备选物质（NaHCO3、Al2O3、Al(OH)3、Al）属于既能与盐酸又能与 NaOH 反应的物质清单，由 ext-che-3b8d34b524-019（物质清单）、ext-che-0488c28b9a-008b、ext-che-2a6b2482d9-007 覆盖。,
dir_batch_029.csv#2347,CHEMISTRY,铝及其化合物之间的性质与应用,COVERED,命中节点 铝及其化合物之间的性质与应用；definition 的铝及其化合物转化关系（二维图）由 wusan-chem-b1c3-aluminium-triangle、chem-hj-lvsanjiao-zhuanhua、ext-che-947add6b4a-014、ext-che-947add6b4a-015、ext-che-edc670dfda-014 覆盖。,
dir_batch_029.csv#2349,CHEMISTRY,含铝物质的制备和转化,COVERED,命中节点 含铝物质的制备和转化；definition 的碱溶法与酸溶法两条冶炼铝方案由 ext-che-4ba4052b22-009、ext-che-947add6b4a-023、ext-che-3975d695b8-007、wusan-chem-b1c3-aluminate-conversion 覆盖，其余为铝渣制备 Li2CO3 的流程题设问。,
dir_batch_029.csv#2350,CHEMISTRY,铝及其化合物的易错点,COVERED,命中节点 铝及其化合物的易错点；definition 的钝化不等于不反应、铝与稀硝酸放 NO、铝与碱反应的机理、铝热反应只置换活动性弱于铝的金属氧化物、Al2O3 与 Al(OH)3 只溶于强酸强碱、与酸相当于三元碱与碱相当于一元酸，由 wusan-chem-b1c3-aluminium-pitfall、ext-che-5cfa9e1433-008、ext-che-edc670dfda-010b、ext-che-089c778d20-003、ext-che-0488c28b9a-002c 覆盖；第(7)条明矾净水不能杀菌消毒由 ext-che-a4da4e924e-004b 覆盖。,
dir_batch_029.csv#2351,CHEMISTRY,铝与酸、碱反应生成H2的定量关系,COVERED,命中节点 铝与酸-碱反应生成h2的定量关系；definition 的两条方程式与产氢定量关系由 chem-hj-lv-suanjian-pingheng-xingzhuang、ext-che-edc670dfda-009b、ext-che-3975d695b8-011、ext-che-0488c28b9a-005、ext-che-29b4143ea2-004c 覆盖。,
dir_batch_029.csv#2352,CHEMISTRY,等质量的铝与足量的盐酸、氢氧化钠溶液分别反应：,COVERED,命中节点 等质量的铝与足量的盐酸-氢氧化钠溶液分别反应；definition 的产氢物质的量相等与消耗 H＋、OH－ 物质的量之比 3:1 由同节点材料 ext-che-5cfa9e1433-010 完整覆盖。,
dir_batch_029.csv#2353,CHEMISTRY,足量的铝分别与等物质的量的HCl和NaOH反应：,COVERED,命中节点 足量的铝分别与等物质的量的hcl和naoh反应；definition 的消耗 Al 的物质的量之比 1:3 与生成 H2 的物质的量之比 1:3 由 chem-hj-lv-suanjian-pingheng-xingzhuang（等量酸碱消耗铝之比 1:3）、ext-che-3975d695b8-011（相同物质的量的 HCl 与 NaOH 与足量铝反应生成氢气之比 1:3）与同节点材料 chem-fx-deng-wu-zhi-di-liang-de-suan-he-jian-y-f17x11 覆盖。,
dir_batch_029.csv#2354,CHEMISTRY,一定量的铝分别与一定量的盐酸、氢氧化钠溶液反应：,COVERED,命中节点 一定量的铝分别与一定量的盐酸-氢氧化钠溶液反应；definition 的产氢体积比远小于 1 时铝与盐酸反应时铝过量而 HCl 不足、铝与氢氧化钠溶液反应时铝不足而 NaOH 过量的判断，由同节点材料 ext-che-edc670dfda-010（铝与酸、碱反应中的过量判断）覆盖；其余为练习填空。,
dir_batch_029.csv#2355,CHEMISTRY,Al3＋、Al(OH)3、AlO([Al(OH)4]-)之间的转化,COVERED,definition 给出的 Al3＋、Al(OH)3、[Al(OH)4]－ 相互转化六组方程式与 ext-che-947add6b4a-014（铝三角的六组核心转化）逐条对应；其后的 NH4Al(SO4)2 溶液滴加 Ba(OH)2、混合溶液滴加 NaOH 的设问属练习题干。,
dir_batch_029.csv#2356,CHEMISTRY,自发反应,COVERED,命中节点 自发反应；definition 的概念、方向性、趋向低能与无序、判断依据是是否需要施加外力、可完成有用功而逆过程需做功，由 chem-hj-zifa-guocheng-zifafanying、chem-hj2-zifaguo-zifa-fanying、ext-che-da7f3982cb-003、ext-che-9eab10e965-002、ext-che-224a47c1a9-002、ext-che-1912eb1025-002 覆盖。,
dir_batch_029.csv#2357,CHEMISTRY,熵和熵变的含义,COVERED,命中节点 熵和熵变的含义；definition 的熵是度量体系混乱度的物理量、S(g)＞S(l)＞S(s)、ΔS＝S(生成物)－S(反应物) 且 ΔS 越大越有利于反应自发，由 chem-hj-shang-shangbian-gainian、chem-hj2-shang-shangbian-hanyi、ext-che-da7f3982cb-004、ext-che-9eab10e965-003、ext-che-224a47c1a9-003 覆盖。,
dir_batch_029.csv#2358,CHEMISTRY,自由能与化学反应的方向,COVERED,命中节点 自由能与化学反应的方向；definition 的 ΔG＝ΔH－TΔS、与温度有关、ΔG＜0 自发、ΔG＝0 平衡、ΔG＞0 不能自发，由 ext-che-00be305a22-002e、chem-hj-fuhe-panju-deltag、ext-che-da7f3982cb-007、ext-che-9eab10e965-006b、ext-che-224a47c1a9-007 覆盖。,
dir_batch_029.csv#2360,CHEMISTRY,合成氨反应的特点,COVERED,命中节点 合成氨反应的特点；definition 的可逆、正反应气体体积减小、ΔH＜0 与 ΔS＜0、298 K 时 ΔH－TΔS＜0 能自发进行，由 chem-hj-chenhe-an-tedian-fenxi、ext-che-da7f3982cb-011b、ext-che-9eab10e965-011、ext-che-224a47c1a9-013 覆盖。,
dir_batch_029.csv#2361,CHEMISTRY,提高合成氨反应速率和平衡转化率的条件比较,COVERED,命中节点 提高合成氨反应速率和平衡转化率的条件比较；definition 的原理分析由同节点材料 chem-fx-ti-gao-zhuan-hua-lv-de-cuo-shi-f46x13（提高转化率的措施）与 chem-hj2-hecheng-tiaojian-xuanze-yuanze、ext-che-da7f3982cb-012（从反应速率和反应限度两个角度折中选择条件）覆盖。,
dir_batch_029.csv#2362,CHEMISTRY,工业合成氨的适宜条件,COVERED,命中节点 工业合成氨的适宜条件；definition 中合成氨适宜条件及其理由的判断由 chem-hj-chenhe-an-shiyi-tiaojian、chem-hj2-hecheng-tiaojian-xuanze-yuanze、ext-che-da7f3982cb-012、ext-che-224a47c1a9-013b 覆盖；definition 另含的模拟题题干与硫酸工业设问属练习题干。,
dir_batch_029.csv#2363,CHEMISTRY,判断化学反应的自发性,COVERED,命中节点 判断化学反应的自发性；definition 的高温自发判断、AB 型强电解质溶解的焓变熵变判断、由 CaCO3 分解数据求正向自发进行的最低温度，由 ext-che-29b5d3ee42-006（用 ΔH－TΔS＜0 判断反应正向自发并可计算自发进行的最低或最高温度）、ext-che-7704eb367d-001c（判断自发性时的四个易错说法）、chem-hj-f071-zifa-panbie-liangjv（自发过程判断的两条依据）覆盖。,
dir_batch_029.csv#2364,CHEMISTRY,工业生产中化学反应条件的选择,COVERED,命中节点 工业生产中化学反应条件的选择；definition 的化学反应适宜条件选择的思维流程由 chem-industrial-condition-principles、chem-hj-gongye-tiaojian-xuanze-yuanze、ext-che-9eab10e965-013（工业生产条件的分析步骤）、ext-che-1912eb1025-007（控制反应条件的目的与选择原则）覆盖。,
dir_batch_029.csv#2366,CHEMISTRY,化学反应的方向和调控易混易错点,COVERED,命中节点 化学反应的方向和调控易混易错点；definition 的七条注意与易错辨析由同节点材料 ext-che-98d680c240-009（化学反应方向与调控易错点）、ext-che-da7f3982cb-009、ext-che-224a47c1a9-008、ext-che-6eea87cdfb-005、ext-che-29b5d3ee42-007 覆盖。,
dir_batch_029.csv#2367,CHEMISTRY,平衡类问题需考虑的几个方面,COVERED,命中节点 平衡类问题需考虑的几个方面；definition 的原料来源与除杂、原料循环利用、产物污染处理、产物酸碱性、压强与多平衡体系六条与同节点材料 ext-che-21b5cf973a-007（平衡类问题需考虑的几个方面）逐条对应。,
dir_batch_029.csv#2369,CHEMISTRY,物质的聚集状态,COVERED,命中节点 物质的聚集状态；definition 的除固液气外的晶态与塑晶态液晶态、等离子体由电子与阳离子和电中性粒子组成且整体呈电中性、离子液体仅由离子组成、液晶兼具流动性与晶体性质，由 chem-hj-jujizhuangtai-lichang-dengliketi、chem-hj2-yeguti-dengli-ziti-gainian、chem-fx-deng-li-zi-ti-f34x01、ext-che-0f5d5e7383-003、ext-che-5b78d0e3af-001、ext-che-80dc9e8d0c-003 覆盖。,
dir_batch_029.csv#2370,CHEMISTRY,晶体与非晶体,COVERED,命中节点 晶体与非晶体；definition 的晶体与非晶体比较、获得晶体的三条途径、晶体与非晶体的测定方法由 ext-che-0f5d5e7383-004（晶体与非晶体及获得晶体的途径）、ext-che-4112b48508-001、ext-che-5b78d0e3af-001b、ext-che-1422ee20c2-031（X 射线衍射在结构测定中的作用）、ext-che-58b83436a6-006（鉴别晶体与非晶体的方法）覆盖。,
dir_batch_029.csv#2371,CHEMISTRY,晶胞,COVERED,命中节点 晶胞；definition 的晶胞是描述晶体结构的最小重复单位、数量巨大的晶胞无隙并置、相邻晶胞无缝隙且取向相同、一般为平行六面体，由 wusan-che-v-981c1ed6（晶胞的概念与晶体中的配位数）、ext-che-0f5d5e7383-006（晶胞的概念与均摊法）、ext-che-4112b48508-001b 覆盖。,
dir_batch_029.csv#2372,CHEMISTRY,晶胞组成的计算——均摊法。,COVERED,命中节点 晶胞组成的计算-均摊法；definition 的均摊份额、长方体晶胞各位置粒子数、三棱柱与六棱柱晶胞、石墨层内碳原子被三个六边形共有，由 chem-hj2-jundianfa-jingbao-jisuan、chem-hj-feichangfangti-juntn-bili（非长方体晶胞的均摊比例）、ext-che-80dc9e8d0c-009（不同晶胞类型的均摊规则）、ext-che-0cb7cd248f-007 覆盖。,
dir_batch_029.csv#2375,CHEMISTRY,分子晶体,COVERED,命中节点 分子晶体；definition 的定义、分子间作用力与分子内共价键、常见分子晶体类型、熔沸点低硬度小不导电与相似相溶、干冰晶胞，由 ext-che-5b78d0e3af-003、ext-che-80dc9e8d0c-010、ext-che-0f5d5e7383-013、ext-che-5b78d0e3af-003b（干冰晶胞含 4 个 CO2 分子且每个分子周围 12 个紧邻）、chem-fx-fen-zi-jing-ti-f35x07 覆盖。,
dir_batch_029.csv#2376,CHEMISTRY,共价晶体,COVERED,命中节点 共价晶体；definition 的共价键空间网状结构、熔点很高硬度很大难溶不导电、结构相似时原子半径越小键长越短键能越大熔点越高、常见共价晶体与金刚石晶胞，由 ext-che-5b78d0e3af-004、ext-che-80dc9e8d0c-011、ext-che-0f5d5e7383-014、ext-che-5b78d0e3af-004b（金刚石结构）覆盖。,
dir_batch_029.csv#2377,CHEMISTRY,离子晶体,COVERED,命中节点 离子晶体；definition 的离子键概念与影响因素、离子晶体性质、NaCl 与 CsCl 晶胞结构，由 ext-che-5b78d0e3af-005、ext-che-5b78d0e3af-006（NaCl、CsCl、ZnS、CaF2 晶胞微粒数与配位数）、wusan-che-v-aa3720a5（NaCl 型与 CsCl 型晶胞结构分析）、ext-che-80dc9e8d0c-013 覆盖。,
dir_batch_029.csv#2378,CHEMISTRY,过渡晶体与混合型晶体,COVERED,命中节点 过渡晶体与混合型晶体；definition 的偏向离子晶体或共价晶体分别处理的过渡晶体与石墨层内 sp2 杂化共价键、层间分子间作用力、导电性与润滑性，由 wusan-che-v-d5af5f7d、ext-che-58b83436a6-013、ext-che-80dc9e8d0c-014、ext-che-0f5d5e7383-019、chem-fx-hun-he-jing-ti-f35x11 覆盖。,
dir_batch_029.csv#2379,CHEMISTRY,金属晶体,COVERED,命中节点 金属晶体；definition 的电子气理论、金属键没有方向性和饱和性、成键粒子、金属键强弱取决于原子半径与价电子数、延展性导电性与导热性的解释，由 ext-che-5b78d0e3af-007b、ext-che-5b78d0e3af-008、ext-che-80dc9e8d0c-012、ext-che-0f5d5e7383-015 覆盖。,
dir_batch_029.csv#2382,CHEMISTRY,碳元素的单质有多种形式，下图依次是C60、石墨和金刚石的结构图：,COVERED,pack_nodes 存在节点 碳元素的单质有多种形式-下图依次是c60-石墨和金刚石的结构图（name 碳单质与同素异形体）；definition 的同素异形体、金刚石与石墨烯的杂化形式、C60 与石墨的晶体类型、石墨与金刚石键长差异的原因、金刚石晶胞碳原子数与空间占有率，由 chem-hj2-tandan-jiegou-dianqi、chem-hj2-tongsuyangti-xingcheng-fangshi、ext-che-5b78d0e3af-007、chem-hj-jinjangshi-caf2-jingbao-bianchang、ext-che-80dc9e8d0c-005b 覆盖。,
dir_batch_029.csv#2385,CHEMISTRY,下列各图为几种晶体或晶胞的构型示意图。,COVERED,pack_nodes 存在节点 下列各图为几种晶体或晶胞的构型示意图（name 晶体类型与晶胞构型的判断）；definition 的以共价键结合形成的晶体、冰与金刚石与 MgO 与 CaCl2 与干冰的熔点排序、NaCl 与 MgO 晶格能比较、Cu 晶胞实际占有的原子数与 Ca2＋ 配位数、冰的熔点远高于干冰的原因，由 ext-che-5b78d0e3af-012、ext-che-754d8480e3-002b、ext-che-b823b36192-001、chem-hj2-jingti-rongbodian-bijiao-silu、chem-hj-jingbao-junta-fa 覆盖。,
dir_batch_029.csv#2386,CHEMISTRY,有关晶体的结构如图所示，下列说法不正确的是(    ),COVERED,definition 的 01关于晶体和非晶体的认识易混易错点 (1)至(8)（晶体与非晶体的根本区别在于内部粒子排列是否有序、有规则几何外形的固体不一定是晶体、晶体有自范性、同一物质可以是晶体也可以是非晶体、玛瑙没有规则外形、最可靠的方法是 X 射线衍射）由节点 晶体与非晶体 的材料 ext-che-5b78d0e3af-014、ext-che-58b83436a6-002、ext-che-0cb7cd248f-004、ext-che-80dc9e8d0c-008 覆盖；name 中的选择题与结尾易错辨析属练习题干。,
dir_batch_029.csv#2387,CHEMISTRY,晶体熔、沸点比较的解题思维流程,COVERED,命中节点 晶体熔-沸点比较的解题思维流程；definition 的熔沸点高低一般规律（共价晶体＞离子晶体＞分子晶体）与先看晶体类型、再比同类型晶体作用力的思维流程，由同节点材料 ext-che-4dd2e79693-045（晶体熔沸点比较的两步模型）与 ext-che-0cb7cd248f-005（同类型晶体熔沸点的比较判据）、chem-crystal-melting-general-order、chem-fx-bu-tong-lei-xing-jing-ti-rong-fei-dian-f34x07 覆盖。,
dir_batch_029.csv#2388,CHEMISTRY,晶体熔、沸点高低的比较方法,COVERED,命中节点 晶体熔-沸点高低的比较方法；definition 的不同类型晶体熔沸点顺序与有的离子晶体熔点很高、有的金属晶体熔点很高或很低，以及离子晶体看电荷与半径、共价晶体看键长键能、金属晶体看金属键、分子晶体先看氢键再看相对分子质量，由 wusan-che-v-71f367fb、chem-hj-jingti-rongfeidian-guilv、chem-hj2-sidazhong-jingti-rongbodian、ext-che-4dd2e79693-046、ext-che-0cb7cd248f-008、ext-che-5b78d0e3af-018 覆盖。,
dir_batch_029.csv#2390,CHEMISTRY,根据下表中给出的有关数据，判断下列说法错误的是(    ),COVERED,definition 的 02晶胞参数及有关计算 栏目给出 a3ρNA＝nM 与晶胞计算公式、立方晶胞面对角线与体对角线及体心立方与面心立方堆积 4r 关系、空间利用率公式，由 ext-che-80dc9e8d0c-005b（核心关系式 a³·ρ·N_A＝N·M）、chem-hj-jingbao-canshu-jihggs（立方晶胞中面对角线、体对角线与原子半径的关系式）、chem-unit-cell-distance-relations、ext-che-4dd2e79693-050（晶胞的空间利用率）覆盖；其余为晶胞计算的练习设问。,
dir_batch_029.csv#2393,CHEMISTRY,C、Si单质的存在形态、物理性质及用途,COVERED,命中节点 c-si单质的存在形态-物理性质及用途；definition 的碳既有游离态又有化合态、硅因亲氧性仅有化合态、碳的同素异形体、硅单质分为晶体硅与无定形硅、单质结构与物理性质及用途的比较，由 chem-hj2-gui-cunzai-xingzhi-yongtu、ext-che-41d6238d6a-001、ext-che-19a4bd3e1e-001、chem-hj2-tan-gui-danzhi-huanyuanxing、ext-che-055b5f1efb-002 覆盖。,
dir_batch_029.csv#2394,CHEMISTRY,碳、硅单质的化学性质——还原性,COVERED,命中节点 碳-硅单质的化学性质-还原性；definition 的碳还原金属氧化物与制粗硅与生产水煤气、碳把浓硫酸和浓硝酸还原、硅常温只与 F2 与 HF 与强碱反应而加热时与 O2 和 Cl2 反应，由同节点材料 chem-hj2-tan-gui-danzhi-huanyuanxing、ext-che-789339a0b0-011、ext-che-055b5f1efb-002b、ext-che-055b5f1efb-003b 覆盖。,
dir_batch_029.csv#2396,CHEMISTRY,写出除去下列气体中混有的杂质(括号内为杂质)可采取的方法：,COVERED,pack_nodes 存在节点 写出除去下列气体中混有的杂质-括号内为杂质-可采取的方法（name 除杂的试剂选择与操作方法）；definition 的 CO(CO2)、CO2(CO)、CO2(HCl) 三种气体除杂，由 chem-hj-co-co2-chuzha-fangfa（按杂质性质选择 NaOH、灼热 CuO、灼热铜网、饱和 NaHSO3、饱和 NaHCO3 等除杂）、chem-fx-xi-qi-yong-yu-chu-qu-qi-ti-hun-he-wu-z-f69x12（洗气）、ext-che-5431caa6ed-004（除杂的四原则与四注意）覆盖。,
dir_batch_029.csv#2398,CHEMISTRY,硅酸和硅酸盐,COVERED,命中节点 硅酸和硅酸盐；definition 的硅酸难溶于水且酸性比碳酸弱、不能使紫色石蕊变红、受热分解、能与碱溶液反应、易聚合形成硅胶且硅胶作干燥剂，以及硅酸钠可溶于水且水溶液俗称水玻璃、与盐酸和 CO2 水溶液反应，由 ext-che-789339a0b0-004b（含不能使石蕊变红、受热分解、能与碱溶液反应）、ext-che-21d2923986-009（含 H2SiO3＋2NaOH＝Na2SiO3＋2H2O）、wusan-chem-b2c5-silicic-acid-silicate、ext-che-055b5f1efb-018、chem-hj-guisuan-guisuanna 覆盖。,
dir_batch_030.csv#2403,CHEMISTRY,硅的工业制法,COVERED,chem-hj2-gui-gongye-zhiqiu-sanbu（制粗硅 SiO2 与焦炭高温还原、粗硅氯化、H2 还原三步方程式）、ext-che-15fcabc7cf-002b（制粗硅与由粗硅制纯硅的方程式及充分除水注意点）；definition 的粗硅提纯路线与注意事项已被这两条材料覆盖。,
dir_batch_030.csv#2406,CHEMISTRY,碳、硅及其化合物的知识盲点,COVERED,wusan-chem-b2c5-silicon-compound-pitfall（自然界无游离态硅、过量 C 制粗硅产物为 CO、氢氟酸不能用玻璃容器、硅酸酸性弱于碳酸）、ext-che-8cf031c9fe-011（碳硅化合物知识盲点）、ext-che-41d6238d6a-002（SiO2 不是两性氧化物、不与水反应、高温反应不能比较还原性与酸性强弱）；definition 的七条盲点与这些材料逐条对应。,
dir_batch_030.csv#2407,CHEMISTRY,硅及其化合物的“七大”误区,COVERED,ext-che-162fe731c5-012（硅及其化合物的七大误区：氢氟酸用塑料瓶、碱液瓶用橡皮塞、SiO2 属酸性氧化物等）、ext-che-41d6238d6a-001c（硅与碱反应时水作氧化剂）、ext-che-41d6238d6a-002（不能比较 C 与 Si 的还原性及 SiO2 与 H2CO3 的酸性强弱）；definition 的七条误区均被覆盖。,
dir_batch_030.csv#2410,CHEMISTRY,硅酸盐改写成氧化物形式的方法,COVERED,chem-hj-guisuanyan-yanghuawu-biaoshi（书写顺序、计量数守恒、分数化为整数并举例）、ext-che-055b5f1efb-017b（顺序与系数取整）、ext-che-21d2923986-009b（同一改写规则）；definition 的三条规则与之一致。,
dir_batch_030.csv#2411,CHEMISTRY,各种硅酸的结构,COVERED,ext-che-8cf031c9fe-015（原硅酸的结构、分子间脱水逐步转化为硅酸与硅胶、脱水后溶解度降低）；definition 讲原硅酸、硅酸与多硅酸的结构关系。,
dir_batch_030.csv#2414,CHEMISTRY,镁的化学性质,COVERED,wusan-chem-b1c3-magnesium-chemistry（与 N2、CO2、O2、沸水反应）、ext-che-aa594dae5a-002（与 O2、N2、Cl2、CO2、H2O、H+ 反应）、chem-fx-you-yu-neng-gou-zai-zhong-ran-shao-f17x09（镁着火不能用 CO2 灭火）；definition 的五条反应均被覆盖。,
dir_batch_030.csv#2415,CHEMISTRY,镁的重要化合物,COVERED,chem-fx-mei-de-zhong-yao-hua-he-wu-f17x07（MgO 白色粉末、难溶、碱性氧化物、与盐酸离子方程式；Mg(OH)2 白色难溶固体、中强碱、溶解度小于 MgCO3、水垢中镁以 Mg(OH)2 存在）、ext-che-8200320f62-001b（MgO 熔点高作耐高温材料、Mg(OH)2 溶解度小于 MgCO3）。,
dir_batch_030.csv#2416,CHEMISTRY,海水提取镁,COVERED,wusan-chem-b1c3-magnesium-from-seawater（贝壳煅烧制石灰乳、沉淀 Mg(OH)2、盐酸酸化、脱水、电解熔融 MgCl2 四步）、ext-che-97a64ae5f0-026（六个基本步骤与主要反应及脱水注意点）、ext-che-8200320f62-002（四个步骤）。,
dir_batch_030.csv#2417,CHEMISTRY,单质铜的化学性质,COVERED,ext-che-36827105a2-002b（铜与硫共热、浓硫酸共热、稀硝酸与浓硝酸的离子方程式、与 FeCl3 溶液的离子方程式）、ext-che-60001e1716-007（铜与氧气、硫、氧化性酸及盐溶液反应，不与稀盐酸反应）。,
dir_batch_030.csv#2419,CHEMISTRY,铜盐,COVERED,wusan-chem-b1c3-copper-salt（CuO 与硫酸得 CuSO4、CuSO4 遇水生成胆矾、受热脱水、无水 CuSO4 遇水变蓝可检验水）、ext-che-c343da7e81-005（碱式碳酸铜的名称、受热分解、溶于酸；铜盐使蛋白质变性并可配波尔多液）。,
dir_batch_030.csv#2420,CHEMISTRY,合金的概念及性能,COVERED,chem-hj-hejin-gainian-xingneng（合金是两种或以上金属或金属与非金属熔合而成、具有金属特性的混合物，熔点比成分金属低、硬度更大）；definition 的定义与两项性能与之一致。,
dir_batch_030.csv#2421,CHEMISTRY,常见金属材料,COVERED,wusan-chem-b1c3-common-metal-materials（铁合金含生铁与钢、铝合金密度小强度高塑性好、新型合金）、ext-che-8200320f62-004（铜合金含青铜、黄铜、白铜）、ext-che-c343da7e81-010。,
dir_batch_030.csv#2422,CHEMISTRY,金属矿物的开发利用,COVERED,ext-che-af4dd3fb51-016（金属以化合态或游离态存在、冶炼实质是化合态还原为游离态并可写通式、按活动性分热分解法热还原法电解法）、wusan-che-v-21f1b442（冶炼方法与合金性质）、chem-hj-jinshu-ziyuan-kaifa-tujing（合理开发途径）。,
dir_batch_030.csv#2423,CHEMISTRY,海水提镁的工艺流程分析,COVERED,ext-che-15fcabc7cf-003b（石灰乳沉淀 Mg2+ 生成 Mg(OH)2、盐酸酸化浓缩结晶得 MgCl2·6H2O、在 HCl 气氛中脱水防 MgCl2 水解）；definition 的三条与之一致。,
dir_batch_030.csv#2426,CHEMISTRY,红色物质Cu和Cu2O的检验,COVERED,ext-che-1422ee20c2-061（用加酸歧化法区分 Cu2O 与 CuCl：Cu2O 遇酸歧化生成铜离子与红色的铜，现象与 CuCl 截然不同）、chem-inference-color-red（红色系物质颜色：Cu2O 红、Cu 紫红）；definition 的加稀硫酸变蓝判定与之一致。,
dir_batch_030.csv#2428,CHEMISTRY,金属的冶炼 金属矿物的开发利用,COVERED,ext-che-ae82ac501b-010b（制镁只能电解熔融 MgCl2、制铝只能电解熔融 Al2O3 而不能电解 AlCl3）、ext-che-ae82ac501b-010c（冰晶石降低 Al2O3 熔化温度）、ext-che-c343da7e81-011（冶炼实质与四种方法）。,
dir_batch_030.csv#2429,CHEMISTRY,镁及其化合物的难点释疑,COVERED,ext-che-8200320f62-008（燃烧产物为 MgO 与少量 Mg3N2、C；常用 NaOH 检验 Mg2+；MgCO3 水解生成 Mg(OH)2；MgCl2·6H2O 需在 HCl 气流中脱水；电解所得镁需在 H2 中冷却）、ext-che-c16f7b5af8-011、wusan-chem-b1c3-magnesium-hard-points。,
dir_batch_030.csv#2431,CHEMISTRY,金属材料和金属的冶炼易错点,COVERED,ext-che-8200320f62-010（钠钾合金是液体、合金是混合物且各成分化合价为零、并非所有金属都能形成合金、金属越不活泼越易被冶炼、用还原法冶炼活泼金属利用平衡移动原理）、ext-che-8200320f62-011b、wusan-chem-b1c3-metal-materials-pitfall、ext-che-c16f7b5af8-013。,
dir_batch_030.csv#2432,CHEMISTRY,金属及其化合物的制备,COVERED,wusan-chem-b1c3-metal-preparation（电解法、热还原法、热分解法与化合物制备的路径选择，含海水提镁示例）、ext-che-e2fc9d535c-015（冶炼实质、一般步骤与方法选择）；definition 仅给出“六个关键”“四步法”两个方法标题，其代表的制备路径内容已被覆盖。,
dir_batch_030.csv#2433,CHEMISTRY,热重分析确定金属化合物的组成,COVERED,chem-thermogravimetry-four-step-method（定初始量、求失重、定组成、守恒求解四步推断各温度段化学式）、chem-thermogravimetry-weight-loss-order（加热失重顺序：先失结晶水，再失去非金属元素形成的气体）、ext-che-da2d86034b-013（热重曲线分析三步法）。,
dir_batch_030.csv#2434,CHEMISTRY,速率-时间图像,COVERED,ext-che-10fd6d055d-003（含断点 v-t 图像：比较断点前后正逆速率的大小与变化程度反推改变的条件，如增大浓度、升温、加压、加催化剂）、ext-che-00be305a22-003b（速率-时间图像的四种类型）、ext-che-5795d1e881-001。,
dir_batch_030.csv#2435,CHEMISTRY,全程速率—时间图像,COVERED,chem-hj2-quancheng-sulv-shijian-tuxiang（Zn 与足量盐酸：AB 段放热升温速率增大、BC 段 H+ 浓度减小速率减慢）、chem-hj-quancheng-sulv-tuxiang（前期放热升温或生成催化剂使速率增大、后期浓度减小使速率减慢）、ext-che-10fd6d055d-003b。,
dir_batch_030.csv#2436,CHEMISTRY,物质的量(或浓度)—时间图像,COVERED,ext-che-10fd6d055d-003c（由 n—t 或 c—t 曲线判断反应物与生成物、是否可逆、计量数之比，并计算平均速率与转化率）、ext-che-3c71161440-002（识图关键是曲线斜率与影响平衡时间的条件）、ext-che-00be305a22-004。,
dir_batch_030.csv#2437,CHEMISTRY,含量(或转化率)-时间-温度(压强)图像,COVERED,chem-hj-xian-guai-xian-ping（先拐先平数值大，再由移动方向定 ΔH 或气体分子数变化）、ext-che-00be305a22-004b（含量或转化率—时间图像用先拐先平数值大判断温度或压强大小）、wusan-che-v-3160cf21。,
dir_batch_030.csv#2438,CHEMISTRY,常见图像形式：,COVERED,ext-che-00be305a22-004c（含恒温线恒压线图像的定一议二：固定一个自变量讨论另一个对因变量的影响）、ext-che-00be305a22-005（含量—温度图像峰值点的双重解释：峰值右侧可能是平衡逆向移动，也可能是催化剂活性下降或发生副反应）、wusan-che-v-3160cf21。,
dir_batch_030.csv#2439,CHEMISTRY,析图关键——关注曲线变化趋势，采取“定一议二”法。,COVERED,ext-che-00be305a22-004c（两个自变量时先固定一个自变量不变，再讨论另一个自变量对因变量的影响，即定一议二）、chem-hj-xian-guai-xian-ping；definition 尾部的 H2S 分解、N2O4 与燃煤脱硫设问属练习题干，不改变核心方法已被覆盖的判断。,
dir_batch_030.csv#2440,CHEMISTRY,含量/转化率—投料比图像,COVERED,ext-che-47e9f5af2f-008（含量或转化率—投料比图像：曲线上各点均为平衡点，n(A):n(B) 等于化学计量数之比时生成物 C 的体积分数最大；温度—选择性图像 340 ℃ 左右 Fe2O3 作催化剂最优）、ext-che-3c71161440-014b（增大某一反应物投料比使其自身转化率减小）。,
dir_batch_030.csv#2442,CHEMISTRY,常规图像解题分析,COVERED,ext-che-00be305a22-003（图像分析三看一判断：看面、看线、看点、作判断）、ext-che-00be305a22-004c、ext-che-00be305a22-005b（平衡曲线上的点是平衡点，曲线外的点是非平衡点）。,
dir_batch_030.csv#2443,CHEMISTRY,工业生产中的速率和平衡图像,COVERED,ext-che-3c71161440-022（改变投料比相当于增大一种反应物浓度，该反应物自身转化率降低而另一种升高；按计量数之比投料时各组分转化率相同、产物体积分数最大）、ext-che-10fd6d055d-011（产率随温度先升后降、催化剂活性有最佳温度、投料比影响）。,
dir_batch_030.csv#2444,CHEMISTRY,化工生产中的复杂图像分析,COVERED,ext-che-7189609516-014（看清坐标、抓关键点、化复杂为常规图像，判断曲线上的点是否达平衡，催化剂活性受温度影响，投料比用定一议二）、ext-che-10fd6d055d-011；definition 的四点注意与之一致。,
dir_batch_030.csv#2445,CHEMISTRY,多重平衡体系类型,COVERED,ext-che-00be305a22-050（多重平衡体系及连续反应与竞争反应两种类型）、ext-che-4dd2e79693-080（连续型与竞争型的定义）；definition 的两类体系与之一致。,
dir_batch_030.csv#2446,CHEMISTRY,多重平衡体系规则,COVERED,ext-che-4dd2e79693-084（若某反应可由其他反应相减得到，则其平衡常数等于相应平衡常数的商或积）；definition 即该规则的表述。,
dir_batch_030.csv#2447,CHEMISTRY,多重平衡体系解题技巧,COVERED,ext-che-5795d1e881-013（多重平衡体系中某物质的平衡浓度对各相关反应的平衡常数都满足；计算平衡常数时选曲线交点等特殊点简化计算）；definition 的两条技巧与之一致。,
dir_batch_030.csv#2451,CHEMISTRY,一种新型煤气化燃烧集成制氢发生的主要反应如下：,COVERED,ext-che-5795d1e881-013（多种耦合反应共同决定某物质的平衡浓度；求未知反应焓变用盖斯定律把目标反应写成已知反应的加减组合，K 按乘除运算；由 K 随温度变化判断吸放热；分析竞争反应用选择性与有效转化率）；definition 的设问（由反应Ⅴ、Ⅵ求 ΔH1、判断 ΔS 符号、提高转化率措施）未超出该材料。,
dir_batch_030.csv#2452,CHEMISTRY,物质的组成,COVERED,wusan-chem-ch1-composition（宏观上物质由元素组成，微观上由分子、原子、离子构成）、ext-che-d8d6d8578f-001（元素与物质的关系、游离态与化合态、同素异形体及其相互转化为化学变化）；definition 的两项（元素与物质的关系、同素异形体）均被覆盖。,
dir_batch_030.csv#2453,CHEMISTRY,物质的分类,COVERED,chem-kb-matter-classification-methods（树状分类法按不同层次逐级分类、各层为包含关系；交叉分类法从不同角度分类、结果存在交叉关系）、wusan-che-v-fced6740；definition 的两句话与材料表述一致。,
dir_batch_030.csv#2455,CHEMISTRY,物理变化与化学变化的两种判断方法,COVERED,wusan-che-v-ac2a89ce（宏观看是否有新物质生成；微观看是否有化学键的断裂和形成；只有化学键断裂或只有形成均不是化学变化）、chem-kb-phys-chem-change-judgment（有新物质生成的变化是化学变化，微观表现为旧键断裂同时新键形成）。,
dir_batch_030.csv#2456,CHEMISTRY,不同类别的物质之间的转化关系,COVERED,chem-kb-element-to-salt-transform-chains 与 chem-hj-wujizhuanhua-yibuguii（单质经氧化物、酸或碱到盐的转化链及例外元素）、chem-hj-chendian-zhuanhua-guilv（易溶制难溶）、chem-kb-strong-weak-transform-rule（强制弱与易溶制难溶规律的实例）。,
dir_batch_030.csv#2460,CHEMISTRY,分散系的分类,COVERED,wusan-chem-ch1-dispersion-classify（按分散质粒子直径把分散系分为溶液、胶体、浊液）、ext-che-b0ee88eeed-017（分类依据有三种：分散质粒子直径大小、分散剂的状态、分散质的状态）；definition 的两项分类与之一致。,
dir_batch_030.csv#2461,CHEMISTRY,胶体,COVERED,ext-che-96397bfcc6-024（聚沉：加电解质、加带相反电荷胶粒的胶体、加热或搅拌）、chem-kb-colloid-coagulation-methods（同样的三种聚沉方法）、ext-che-72c8f8a60f-007（胶体按分散剂状态分为气溶胶如云雾烟、液溶胶如 Fe(OH)3 胶体与蛋白质溶液、固溶胶如烟水晶与有色玻璃）。,
dir_batch_030.csv#2464,CHEMISTRY,Fe(OH)3胶体的制备,COVERED,ext-che-1422ee20c2-018（沸水、逐滴、饱和三个关键词；久煮会使胶体聚沉；直接滴入 NaOH 溶液只得沉淀）、chem-kb-feoh3-colloid-preparation（不能用自来水、不能过度加热、方程式中胶体不标↓并注明（胶体）、提纯用渗析）；definition 的原理、操作与三个易错点均被覆盖。,
dir_batch_030.csv#2465,CHEMISTRY,常见的混合物,COVERED,chem-hj-changjian-hunhevu-qingdan（气体混合物空气、水煤气、爆鸣气、天然气、焦炉气、裂解气；液体混合物氨水、氯水、王水、水玻璃、福尔马林、盐酸、植物油；固体混合物碱石灰、漂白粉、玻璃、水泥、合金、铝热剂）、ext-che-025004618b-004（同清单并含硬水、软水、大理石、高分子化合物）。,
dir_batch_030.csv#2466,CHEMISTRY,氧化物的类型,COVERED,chem-kb-oxide-classification（酸性、碱性、两性、不成盐与特殊氧化物及实例，并给出金属或非金属氧化物与酸碱性无必然对应的误区）、chem-hj-yanghuawu-leixing-buchong（类型与一定不一定）。,
dir_batch_030.csv#2470,CHEMISTRY,不同类别的无机物之间转化的一般规律,COVERED,ext-che-998cdd8cea-005（金属单质经碱性氧化物、碱到盐，非金属单质经酸性氧化物、酸到盐，并给出 Na、K、Ca、Ba 与 C、S、P 符合而 Mg、Fe、Al、Cu、N、Si 不符合的适用范围）、ext-che-61d1bf85f1-010、chem-fx-bu-tong-lei-bie-de-wu-ji-wu-zhi-jian-z-f07x07。,
dir_batch_030.csv#2471,CHEMISTRY,各类物质的化学通性,COVERED,ext-che-3638d9188e-012（酸性氧化物通性：与水反应生成酸但并非所有都能与水反应如 SiO2、与碱性氧化物反应、与碱反应；碱性氧化物通性；不同类别无机物间转化的一般规律）；definition 的四个通性板块与之一致。,
dir_batch_030.csv#2478,CHEMISTRY,对氧化物认识的几个误区,COVERED,ext-che-2b8a636a64-016（能与酸反应生成盐和水的氧化物不一定是碱性氧化物，如 Na2O2；非金属氧化物不一定是酸性氧化物如 CO、NO；酸性氧化物不一定是非金属氧化物如 Mn2O7）、ext-che-61d1bf85f1-005（酸性氧化物、碱性氧化物不一定都能与水反应，如 SiO2、Fe2O3）、ext-che-3ce5fd3c1d-005（与碱反应生成盐和水的 NO2 不是酸性氧化物）。,
dir_batch_030.csv#2479,CHEMISTRY,常见的物质分类的几个误区,COVERED,ext-che-2b8a636a64-015（NaHSO4、CuSO4、NH4Cl 属盐但溶液显酸性；Na2CO3、NaHCO3 属盐但溶液显碱性；冰水混合物与结晶水合物属纯净物；只含一种元素的物质不一定是单质）、ext-che-025004618b-005（酸的元数不能按分子中氢原子个数判断）、ext-che-3ce5fd3c1d-004b。,
dir_batch_031.csv#2480,CHEMISTRY,常见的易混淆物质变化,COVERED,ext-che-61d1bf85f1-008（属化学变化的常见过程含同素异形体之间的相互转化、CuSO4·5H2O 的脱水、蛋白质变性、电解、水解、煤的干馏与气化液化、石油的裂化与裂解；属物理变化的常见过程含焰色试验、盐析、活性炭吸附、蒸馏、升华、潮解；原子的裂变聚变既不是物理变化也不是化学变化）、ext-che-3ce5fd3c1d-009b（同素异形体转化、脱水、变性属化学变化，焰色试验与盐析属物理变化）、ext-che-0012df4ce9-011b（按化学变化、物理变化与核反应三类归并常见过程）、wusan-chem-ch1-confusable-changes；definition 的三类归类被这些材料逐条覆盖。,
dir_batch_031.csv#2481,CHEMISTRY,物质间转化的5个常见易错点,COVERED,ext-che-54f0f2bb90-011（硫燃烧、氧化物与水反应、氨的催化氧化、铁与氯气及与弱氧化剂反应等五处常见转化误区）、ext-che-3ce5fd3c1d-010（S燃烧只生成SO2、Al2O3与SiO2等不与水反应、NH3催化氧化不直接生成NO2、Fe与Cl2只生成FeCl3、Fe与H+及Cu2+与S与I2只生成Fe2+）、chem-fx-yu-f07x09、ext-che-025004618b-010；definition 的五条易错点与材料逐条对应，末尾的正误辨析为练习残片。,
dir_batch_031.csv#2482,CHEMISTRY,胶体知识易错点,COVERED,ext-che-2b8a636a64-019（胶体区别于分散系的本质特征是胶粒直径1～100 nm而不是丁达尔效应、丁达尔效应是物理变化、介稳性原因、渗析提纯、胶粒带电与制备注意）、ext-che-aa83e6fece-022（本质特征为粒子直径、胶体不带电而胶粒带电）、ext-che-61d1bf85f1-020（渗析属物理分离、并非所有胶体都有电泳、聚沉属物理变化）、ext-che-0012df4ce9-027（本质特征、微粒数目、分离方法与比表面积）、ext-che-3ce5fd3c1d-018（净水原理与胶粒比表面积大）、ext-che-54f0f2bb90-018、ext-che-3d616da613-008；definition 的十条易错点均落在这些材料的覆盖范围内。,
dir_batch_031.csv#2483,CHEMISTRY,电解质及其分类,COVERED,ext-che-3025e9bb31-001（电解质、非电解质与强弱电解质）、ext-che-ded43bede2-001（水溶液中完全电离的是强电解质、部分电离的是弱电解质，分类依据是电离程度）、ext-che-15c287c4f8-003（电解质与非电解质的判断）、ext-che-dce2cd2e1c-002（电解质判断的四个注意点）；definition 的电解质和非电解质、强电解质和弱电解质两部分已被覆盖。,
dir_batch_031.csv#2484,CHEMISTRY,电解质的电离,COVERED,chem-kb-acid-base-salt-from-ionization（酸电离出的阳离子全部是H+、碱电离出的阴离子全部是OH-、盐电离出金属阳离子或铵根离子和酸根阴离子）、ext-che-dce2cd2e1c-003（电解质在水溶液中或熔融状态下电离成自由移动的离子，强电解质用等号、弱电解质用可逆号）、wusan-che-v-b8f125b0、ext-che-3025e9bb31-003、ext-che-ded43bede2-002、ext-che-cdf4760f34-004；definition 的电离及其条件、从电离角度认识酸碱盐、电离方程式书写三项均由这些材料覆盖。,
dir_batch_031.csv#2485,CHEMISTRY,电解质溶液的导电性,COVERED,chem-kb-electrolyte-solution-conductivity（离子浓度越大、所带电荷数越多导电能力越强，并与金属导电对比）、chem-hj-daodian-nengli-yinsu、ext-che-9d9489b3be-005、ext-che-8c7b6cf5e0-006、ext-che-3025e9bb31-003b；definition 的导电性判据与这些材料一致，末尾的强弱电解质归类练习属练习残片。,
dir_batch_031.csv#2486,CHEMISTRY,离子反应,COVERED,chem-kb-ion-reaction-conditions（有离子参加或有离子生成的反应统称离子反应，实质是溶液中离子种类或浓度发生改变，条件为生成难溶物或难电离物或易挥发物、氧化还原反应、生成配合物）、chem-hj-lizi-fanying-tiaojian、ext-che-dce2cd2e1c-008、chem-fx-li-zi-fan-ying-fa-sheng-de-tiao-jian-f08x12；definition 的定义、实质与三类发生条件均被覆盖。,
dir_batch_031.csv#2487,CHEMISTRY,离子方程式,COVERED,wusan-che-v-5e967e31（写、拆、删、查四步与两易两等两查）、ext-che-dce2cd2e1c-009（用实际参加反应的离子符号表示离子反应的式子叫离子方程式及其意义与四步）、ext-che-dce2cd2e1c-009b（强酸、强碱、大多数可溶性盐拆成离子，弱电解质与难溶物与氧化物与单质不拆）、ext-che-7d885d11bb-001b（弱酸酸式根离子与难溶盐写化学式）、chem-fx-wei-rong-wu-f08x21；definition 的定义、意义、书写步骤与拆分范围均被覆盖。,
dir_batch_031.csv#2491,CHEMISTRY,连续型离子方程式的书写(分类分析法)：,COVERED,ext-che-4dd2e79693-016（多元弱酸盐与强酸按酸多生气体产物、酸少成酸式盐的方式书写，铝的四种存在形式排成一条线）、ext-che-1ff1c78002-001b（可溶性多元弱酸与强碱、酸性氧化物与强碱、多元弱酸盐与强酸的分步书写）、ext-che-9d9489b3be-013（连续型离子方程式的五类情形）、ext-che-a3585e40e3-001、ext-che-4dd2e79693-019；definition 的连续型原理与Na2CO3溶液与盐酸、CO2通入NaOH、铁与稀硝酸等情形均被覆盖。,
dir_batch_031.csv#2492,CHEMISTRY,竞争型离子方程式的书写(先强后弱法)：,COVERED,ext-che-12d2586885-008（向NH4HSO4溶液中滴加少量Ba(OH)2、向FeI2溶液中通入等物质的量的Cl2、向NH4Al(SO4)2溶液中滴入少量NaOH三例与先强后弱法）、ext-che-4dd2e79693-016b（强者先行的破题本质与复分解型、氧化还原型优先顺序）、ext-che-4dd2e79693-017、ext-che-1ff1c78002-002b；definition 的竞争原理与三例逐条对应。,
dir_batch_031.csv#2493,CHEMISTRY,配比型离子方程式的书写(少定多变法)：,COVERED,ext-che-1ff1c78002-001c（把少量物质定为1 mol，其组成离子按化学式比例全部参加反应）、ext-che-1ff1c78002-002（向Ca(HCO3)2溶液加入过量NaOH的以少定多书写示例）、ext-che-4dd2e79693-015（NaHCO3与Ca(OH)2的配比型示例与按需供原则）、wusan-che-v-e9ff575c、ext-che-ded43bede2-013；definition 的配比型原理与三例均被覆盖。,
dir_batch_031.csv#2497,CHEMISTRY,常见阳离子的检验与推断依据,COVERED,chem-kb-cation-test-methods（沉淀法Mg2+与Al3+与Fe2+与Fe3+与Cu2+、气体法中NH4+与碱共热产生使湿润红色石蕊试纸变蓝的气体、颜色法中H+与Na+与K+与Fe3+的焰色与显色）、ext-che-a361f56778-003（离子检验与推断可归结为生成沉淀、生成气体、显现特殊颜色三类现象）、ext-che-de3579c665-001b、ext-che-fd63e4042d-012、ext-che-fd63e4042d-013、chem-fx-yi-ju-sheng-cheng-de-qi-ti-jian-yan-hu-f09x11；definition 的三类归纳与铵根检验空均被覆盖。,
dir_batch_031.csv#2498,CHEMISTRY,常见阴离子的检验与推断依据,COVERED,chem-kb-anion-test-methods（AgNO3与稀硝酸区分Cl-与Br-与I-、SO42-与CO32-与SO32-的检验）、chem-hj-yinlizi-jianyan-biao（加氯水后CCl4萃取下层紫红色、加氯水和淀粉变蓝）、chem-sulfate-detection、chem-carbonate-detection、ext-che-fd63e4042d-014、ext-che-fd63e4042d-015；definition 的三类归纳与有机层显色、I-遇淀粉变蓝等空均被覆盖。,
dir_batch_031.csv#2501,CHEMISTRY,电解质溶液的导电原理,COVERED,chem-hj2-rongye-daodian-nengli-yinsu（导电微粒是自由移动的阴阳离子，导电能力由离子浓度和离子电荷数决定）、chem-fx-dian-jie-zhi-rong-ye-de-dao-dian-yuan-f08x09（电解质电离出的阴阳离子在外加电场作用下定向移动实现导电，自由移动离子的浓度越大、所带电荷数越多导电能力越强）、ext-che-dce2cd2e1c-007、ext-che-c2bb80d694-005b；definition 与这些材料的表述一致。,
dir_batch_031.csv#2502,CHEMISTRY,金属导电和电解质溶液导电的对比,COVERED,chem-hj2-jinshu-yu-rongye-daodian-duibi（金属靠自由电子导电、升温导电性减弱；电解质溶液靠离子导电、升温导电性增强）、chem-hj-daodian-nengli-shengwen-bijiao（同一温度下导电能力相同的三类导体升温后弱电解质溶液强于强电解质溶液强于金属）、ext-che-8c7b6cf5e0-006b、ext-che-071d406960-004b；definition 为四道电导率图像题的题干，所考的导电能力变化判断不出上述材料的覆盖范围。,
dir_batch_031.csv#2504,CHEMISTRY,离子方程式的正误判断方法,COVERED,ext-che-1ff1c78002-001（看是否符合客观事实、看化学式拆写是否正确、看符号、看守恒、看漏写、看配比、看题设条件七个角度）、chem-ion-equation-check-objective-facts、chem-ion-equation-check-symbols、chem-ion-equation-check-formula-splitting、chem-ion-equation-check-missing-reaction、chem-kb-ionic-equation-check-six-steps、chem-hj2-lizi-fangchengshi-qikan；definition 的一查至五查与这些材料逐项对应。,
dir_batch_031.csv#2507,CHEMISTRY,离子共存,COVERED,ext-che-5fce0adee9-002（离子能大量共存就是离子之间不发生任何反应，能相互反应则不能大量共存）、wusan-che-v-ce6d16e2（看条件与看反应，复分解与氧化还原与配合与相互促进的水解四类反应）、chem-hj-lizi-gongcun-yinhan；definition 的表述与 ext-che-5fce0adee9-002 一致。,
dir_batch_031.csv#2508,CHEMISTRY,分析离子能否大量共存必备知识,COVERED,ext-che-da2d86034b-037b（一色先看溶液有无颜色并排除Cu2+与Fe3+与Fe2+与MnO4-）、ext-che-4dd2e79693-020（常见有色离子Cu2+与Fe3+与Fe2+与MnO4-与Cr2O72-与CrO42-，以及强酸强碱溶液对离子存在形式的要求）、ext-che-539280dee0-004（看溶液颜色与酸碱性，pH与指示剂与c(H+)等描述都可指示环境）、ext-che-258405f3c6-004；definition 的有色离子清单以及酸性、碱性、两可三类表述的翻译均落在这些材料范围内。,
dir_batch_031.csv#2510,CHEMISTRY,电荷守恒在离子推断中的应用,COVERED,chem-kb-charge-conservation-ion-inference（若溶液中多种离子共存且只有一种离子的物质的量未知，可用电荷守恒确定最后一种离子是否存在及其数量）、ext-che-2ae6f40e31-011b、ext-che-4670f7861c-023、ext-che-5fce0adee9-012；definition 与 chem-kb-charge-conservation-ion-inference 的表述一致。,
dir_batch_031.csv#2513,CHEMISTRY,电解质概念和判断的几个“特殊点”,COVERED,chem-kb-electrolyte-judgment-boundary（电解质和非电解质的概念仅对化合物而言，单质和混合物既不是电解质也不是非电解质；CO2与SO2与NH3与SO3的水溶液能导电但自身不是电解质；强弱电解质按电离程度划分，不能按溶液导电性强弱或溶解度大小划分）、ext-che-2ae6f40e31-001、chem-hj2-dianjiezhi-feidianjiezhi-liuxi、ext-che-8c7b6cf5e0-003；definition 的五条特殊点均被覆盖。,
dir_batch_031.csv#2514,CHEMISTRY,电解质的电离的“易错点”,COVERED,ext-che-12d2586885-023 的内容明确写出电离的条件是水溶液或熔融状态而不是通电、电离过程中只有旧化学键断裂而没有新化学键形成属于物理变化，与 definition 的两条逐条对应。,
dir_batch_031.csv#2515,CHEMISTRY,电解质导电性的“易错点”,COVERED,chem-hj-dianjiezhi-panduan-yicuo（电解质不一定能导电，如固态NaCl与液态HCl；电解质强弱与溶液导电能力、溶解性无直接关系，如CaCO3难溶却是强电解质），与 definition 的电解质不一定导电、导电性与溶解度无必然关系、强电解质溶液导电能力不一定强三条对应。,
dir_batch_031.csv#2516,CHEMISTRY,电离方程式的“易错点”,COVERED,ext-che-12d2586885-024（熔融条件下电离只破坏离子键不破坏共价键、有水参与的反应不一定是水解反应、要区分电离方程式与沉淀溶解平衡方程式）、ext-che-2ae6f40e31-003（弱酸酸式根拆分与强等号弱可逆的符号错误）、ext-che-60651bf275-007、ext-che-2ae6f40e31-004、ext-che-6b9ae33803-003；definition 的四条易错点均被覆盖。,
dir_batch_031.csv#2517,CHEMISTRY,离子方程式题设错方式,COVERED,ext-che-12d2586885-025（忽视反应事实、忽视拆分规则、忽视守恒关系、忽视反应环境与量的问题）、ext-che-8c7b6cf5e0-014（客观事实与拆分与守恒与量比四类陷阱）、ext-che-9d9489b3be-012、ext-che-cdf4760f34-018（守恒与拆分与漏反应与量比四类设错陷阱）；definition 的忽视反应事实、拆分规则、反应个数、微粒配比、电荷守恒、原子守恒、电子守恒七条均落在这些类别内。,
dir_batch_031.csv#2521,CHEMISTRY,离子共存的判断易错点,COVERED,chem-kb-ion-coexistence-key-points（一色排除MnO4-与Cu2+与Fe3+与Fe2+与Cr2O72-，二性，三特殊，四反应）、ext-che-4dd2e79693-020c（题干措辞、溶液酸碱性、透明与无色、隐含条件与活泼金属产气五个注意事项）、chem-hj2-lizi-gongcun-liuyao-yise-erxing（含大量Fe3+的溶液隐含呈酸性且氧化性较强；NO3-与H+组合有强氧化性）、ext-che-2ae6f40e31-010、ext-che-0a284cb201-012；definition 的题干关键词、有颜色的离子与五条隐含因素均被覆盖。,
dir_batch_031.csv#2522,CHEMISTRY,与量有关的离子方程式书写技巧,COVERED,chem-kb-quantity-related-ionic-equation-techniques（按连续型与竞争型与配比型分别用分步书写法、先强后弱法、少定多变法）、chem-mo-yongliang-sanjishu、ext-che-106ee0d0cb-002（连续反应型用分步书写法、先后反应型用假设定序法、离子配比型用少定多变法）、chem-ion-equation-dingyier-principle、ext-che-da2d86034b-037；definition 的分步书写法、假设定序法与少定多变法及两条定则均被覆盖。,
dir_batch_031.csv#2524,CHEMISTRY,离子共存问题解题要点,COVERED,ext-che-2e94dddfed-004（一色、二性、三特殊、四反应四个要点）、ext-che-2ae6f40e31-009、ext-che-4dd2e79693-020b（复分解与氧化还原与相互促进的水解与配合四类不能大量共存的反应）、ext-che-a52360412a-004（AlO2-与HCO3-不共存、NO3-与H+显强氧化性、水解相互促进但程度很小的组合仍可共存）、ext-che-5fce0adee9-004b、ext-che-de3579c665-002；definition 的一色二性三特殊四反应与对应实例均被覆盖。,
dir_batch_031.csv#2526,CHEMISTRY,氧化还原反应,COVERED,wusan-che-v-18c10fe9（本质是电子转移包括得失电子或共用电子对的偏移，特征是有元素化合价发生变化，并给出与四种基本反应类型的关系）、chem-fx-yang-hua-huan-yuan-fan-ying-f10x01（判断依据是反应前后有元素的化合价发生变化，本质是电子转移）、chem-fx-xiang-guan-gai-nian-f10x02；definition 的概念、特征、本质三空均被覆盖。,
dir_batch_031.csv#2527,CHEMISTRY,氧化还原反应中电子转移的表示方法,COVERED,chem-kb-electron-transfer-notation（双线桥法标变价、画箭头、注得失，箭头指向反应前后化合价变化的同种元素的原子，只表示电子转移前后的变化；单线桥法箭头由失电子原子指向得电子原子且只标电子转移数目）、chem-hj-shuangxianqiao-danxianqiao、ext-che-5d65ccc112-007、ext-che-020cba294a-003；definition 的双线桥与单线桥规则均被覆盖。,
dir_batch_031.csv#2528,CHEMISTRY,常见的氧化剂与还原剂,COVERED,ext-che-1ff1c78002-004（常见氧化剂按物质类型列示例与对应还原产物的表格）、chem-common-reducers-oxidation-products（常见还原剂及其对应氧化产物）、chem-kb-common-oxidizers-reducers（常见氧化剂与还原剂及其产物，中间价态物质既有氧化性又有还原性，Fe2+与SO2主要表现还原性、H2O2主要表现氧化性）、chem-hj-changjian-yanghuaji-hanyuan-chanwu、chem-hj-changjian-huanyuanji-yanghua-chanwu；definition 的常见氧化剂、常见还原剂、化合价与氧化性还原性关系三部分均被覆盖。,
dir_batch_031.csv#2529,CHEMISTRY,氢化钠(NaH)广泛应用于工业生产。,COVERED,ext-che-ba84dd3a28-002（NaH中氢元素的化合价为-1价，NaH与水反应NaH＋H2O===NaOH＋H2↑且氧化产物与还原产物的物质的量之比为1∶1，高温下2NaH＋TiCl4===Ti＋2NaCl＋2HCl↑）；definition 的氢的化合价、与水反应方程式与产物之比、还原TiCl4三问答案均与之一致。,
dir_batch_031.csv#2531,CHEMISTRY,氧化性、还原性的判断,COVERED,ext-che-199fa83ba6-002（氧化性指得电子的性质或能力，还原性指失电子的性质或能力，强弱取决于得失电子的难易程度而与得失电子数目无关，并可由元素化合价判断）、chem-fx-yang-hua-xing-huan-yuan-xing-de-qiang-f10x03（Na失去1个电子比Al失去3个电子的还原性强）、ext-che-2b01c6c6da-004、ext-che-020cba294a-011；definition 的含义与判断两空均被覆盖。,
dir_batch_031.csv#2532,CHEMISTRY,氧化性、还原性强弱的比较,COVERED,wusan-che-v-de78d439（依据方程式、金属与非金属活动性顺序、元素周期表、反应条件与剧烈程度、反应程度、浓度与酸碱度共六类依据）、ext-che-1422ee20c2-060b（溶液酸碱性与浓度对氧化性还原性强弱的影响，并说明换条件就换顺序）、ext-che-049b7f9989-004、ext-che-3ff32553bd-003；definition 的四条比较依据均被覆盖。,
dir_batch_031.csv#2533,CHEMISTRY,氧化还原反应规律及其应用,COVERED,ext-che-1ff1c78002-002c（守恒规律、强弱规律、价态规律、难易规律与先后规律的含义与应用）、chem-fx-xian-hou-gui-lv-ji-ying-yong-f10x16、ext-che-25f43f1fc3-017（氧化还原反应只能由强氧化性与强还原性物质生成弱氧化性与弱还原性物质）、ext-che-25f43f1fc3-018、ext-che-2b01c6c6da-011；definition 的强弱规律、先后规律与价态规律均被覆盖。,
dir_batch_031.csv#2534,CHEMISTRY,根据反应事实判断性质的强弱。,COVERED,ext-che-b0471d5c46-005（依据化学方程式判断氧化剂大于氧化产物、还原剂大于还原产物，并可结合活动性顺序与反应条件与反应程度判断强弱）；definition 的Co2O3与浓盐酸反应放出黄绿色气体、氯气通入碘水生成HCl和HIO3两例即按反应方程式比较强弱，方法与材料一致。,
dir_batch_031.csv#2537,CHEMISTRY,配平氧化还原反应方程式的三个“基本原则”,COVERED,chem-hj-peiping-wubuzhou（配平原则为电子守恒即化合价升高总数等于降低总数、质量守恒、电荷守恒）、chem-hj-f067-peiiping-sanze-wubu、chem-hj2-peiping-sanyuanze-wubuzou、ext-che-755227bf77-002（三原则与五步骤流程）、ext-che-3ff32553bd-004；definition 的电子守恒、原子守恒、电荷守恒三条原则均被覆盖。,
dir_batch_031.csv#2538,CHEMISTRY,配平步骤,COVERED,ext-che-41f429e060-002（五步骤为标变价、列变化、求总数、配系数、写完整，并含正向与逆向配平法的适用情形）、ext-che-3ff32553bd-004b（标变价、列得失、求总数、配系数、查守恒五步）、ext-che-6bd4aa9e6c-003、ext-che-4dd2e79693-010b；definition 的五步流程与以浓硫酸与碳反应为例的示例均被覆盖。,
dir_batch_031.csv#2539,CHEMISTRY,氧化还原反应方程式的配平方法,COVERED,wusan-che-v-847b78ba（正向配平法与逆向配平法、缺项配平先使升降总数相等再按电荷守恒与酸碱性补H+或OH-、有机化合物中碳元素化合价按氢+1价氧-2价代数和为零计算）、ext-che-1ff1c78002-002d（正向配平、逆向配平、缺项配平、整体法与零价法五个技巧）、ext-che-4dd2e79693-009、ext-che-1422ee20c2-051b；definition 的五种配平方法均被覆盖。,
dir_batch_031.csv#2542,CHEMISTRY,根据影响因素判断氧化性、还原性强弱的方法,COVERED,chem-mo-yingxiang-qiangruo-yinsu（浓度越大氧化性还原性越强如浓硫酸强于稀硫酸、升温一般增强、溶液酸碱性显著影响如KMnO4酸性强于中性强于碱性）、chem-kb-strength-vs-electron-count-pitfalls、ext-che-2297bcc4eb-003、ext-che-48262bc853-002b、ext-che-5d65ccc112-014；definition 的浓度、温度、酸碱性三条影响因素均被覆盖。,
dir_batch_031.csv#2544,CHEMISTRY,假设法判断氧化还原反应能否进行的步骤,COVERED,ext-che-bb66c733f8-012（先假设选项反应能发生并推出强弱顺序，再与已知顺序对照，一致的可行、不一致的不可行）、ext-che-2b01c6c6da-012（先假设反应成立再按强弱关系列出结论与已知事实比对）、ext-che-83562c0ddd-014；definition 的假设法步骤与材料表述一致。,
dir_batch_031.csv#2547,CHEMISTRY,“三步法”配平缺项氧化还原反应化学方程式。,COVERED,chem-kb-missing-term-balancing-rules（第一步找变价元素用化合价升降法确定变价物质计量数、第二步利用电荷守恒判断缺项、第三步利用原子守恒和电荷守恒确定缺项及其计量数）、ext-che-755227bf77-005（缺项氧化还原方程式的三步法配平）、ext-che-653b80986d-003、ext-che-ea41336ec4-008；definition 的三步流程与材料一致。,
dir_batch_031.csv#2548,CHEMISTRY,陌生化学方程式书写的思路,COVERED,ext-che-da2d86034b-034（先提取信息确定反应主体，氧化还原型按五步法配平、非氧化还原型直接配平）、ext-che-1ff1c78002-003、ext-che-7e6c81693e-007、ext-che-a788ddaafb-006、ext-che-bda41ccccc-013；definition 的先写部分反应物与生成物、再按有无化合价变化分为非氧化还原与氧化还原两类并分别遵循守恒的书写思路与材料一致。,
dir_batch_031.csv#2550,CHEMISTRY,根据题给信息写出对应的方程式：,COVERED,ext-che-0600a8a550-014（先根据题给信息写出部分反应物和生成物的化学式，再由化合价有无变化判断类型，无变化按质量守恒、有变化按得失电子守恒配平，离子方程式还需电荷守恒）、ext-che-9b4026fa03-008（非氧化还原陌生方程式的书写方法）；definition 的四道小题即该书写方法的应用实例。,
dir_batch_031.csv#2553,CHEMISTRY,单质与氧化还原反应的关系,COVERED,chem-mo-yanghuan-yihun-dian（有单质参加或生成的不一定是氧化还原反应）、chem-hj-f126-sigefanlei-lianggeyiding（有单质参加或生成的反应不一定是氧化还原反应，如3O2=2O3；化合反应和分解反应可能是氧化还原反应）、ext-che-5d65ccc112-006、ext-che-020cba294a-003b；definition 的两条均被覆盖。,
dir_batch_031.csv#2555,CHEMISTRY,氧化性、还原性强弱比较易错点,COVERED,ext-che-ba84dd3a28-025（强弱与元素化合价高低无必然关系如HClO的氧化性强于HClO4、与得失电子数目无必然关系如钠比铝强、具有氧化性的物质与具有还原性的物质不一定能发生反应如SO2与浓硫酸）；definition 的三条与材料逐条对应。,
dir_batch_031.csv#2556,CHEMISTRY,陌生情景下化学方程式书写技巧,COVERED,ext-che-9d9489b3be-017（陌生离子方程式的三配法：写两剂、推产物、配电子、配电荷、配原子、查规范六步）、ext-che-9b4026fa03-004、ext-che-7e6c81693e-010、ext-che-1ff1c78002-004b、ext-che-4dd2e79693-012、ext-che-4dd2e79693-013；definition 的六步程序与材料逐条一致。,
dir_batch_031.csv#2558,CHEMISTRY,电子守恒法计算的原理,COVERED,chem-kb-electron-conservation-calculation（氧化剂得电子总数等于还原剂失电子总数，并给出n(氧化剂)×变价原子个数×化合价变化值的公式与复杂连续反应的始态终态分析法）、chem-hj-dianzishouheng-jisuan、ext-che-6bd4aa9e6c-009、ext-che-3ff32553bd-005；definition 与材料表述一致。,
dir_batch_031.csv#2559,CHEMISTRY,电子守恒法计算的流程,COVERED,chem-hj-dianzishouheng-jisuan（一找物质、二定得失、三列等式，并给出n(氧化剂)×变价原子个数×化合价变化值的公式）、ext-che-653b80986d-010（一找各物质、二定得失数、三列相等式）、ext-che-3382b96932-003、ext-che-755227bf77-010；definition 的三步流程与公式均被覆盖。,
dir_batch_032.csv#2560,CHEMISTRY,复杂氧化还原反应的计算,COVERED,命中节点 复杂氧化还原反应的计算；definition 的连续或多个并列氧化还原反应按始态与终态找出化合价变化的元素、建立关系式列式求解的解法，由同节点材料 ext-che-199fa83ba6-006（计算依据是得失电子守恒，把物质分为始态与终态整体思维）、ext-che-ef71e96996-013（多步反应抓住全程失电子总数等于得电子总数）、ext-che-a788ddaafb-012（多步反应不必分步求解）、ext-che-755227bf77-014（抓住始态与终态突破多步反应计算）覆盖；其余为铁的氧化物、氯气与氢氧化钠、P＋CuSO4、FeSO4＋KNO3 四道练习设问。,
dir_batch_032.csv#2561,CHEMISTRY,化学反应速率及表示方法,COVERED,命中节点 化学反应速率及表示方法；definition 的含义（衡量反应快慢的物理量）、表示方法（单位时间内浓度减少或增加、v＝Δc/Δt、常用单位）、三条理解要点的全部内容由同节点材料 chem-kb-reaction-rate-definition（v＝Δc/Δt）、chem-hj2-fanying-sulv-gainian-biaoshi（概念与表示方法、单位 mol/(L·s) 与 mol/(L·min)）、chem-hj2-sulv-qita-biaoshi-fangfa（只适用于气体或溶液中的反应、不表示固体和纯液体物质）、ext-che-bd9b97b326-001（含义、表达式、单位与四条理解要点）覆盖。,
dir_batch_032.csv#2562,CHEMISTRY,化学反应速率与化学计量数的关系,COVERED,命中节点 化学反应速率与化学计量数的关系；definition 的 v(A)∶v(B)∶v(C)∶v(D) 等于物质的量浓度变化量之比、等于物质的量变化量之比、等于化学计量数之比，由同节点材料 chem-kb-rate-stoichiometric-ratio（速率之比等于化学计量数之比）、ext-che-07f8494b58-004（速率之比等于化学计量数之比）、ext-che-bd9b97b326-001b（速率、浓度变化量、物质的量变化量之比与化学计量数的关系）、ext-che-20d30e5ba6-002 覆盖。,
dir_batch_032.csv#2563,CHEMISTRY,化学反应速率的计算方法,COVERED,命中节点 化学反应速率的计算方法；definition 的定义公式法、关系式法（速率之比等于计量数之比）与三段式（起始浓度、转化浓度、某时刻浓度三行）由同节点材料 ext-che-b3c0f75ea5-003（定义式法、比例关系式法、三段式法和图像法）、ext-che-bd9b97b326-002（起始量、转化量、某时刻量的列表法步骤与速率求算）、ext-che-688f01431f-003（按起始、转化、某时刻三段列出各物质的量或浓度）、chem-kb-rate-three-stage-method 覆盖。,
dir_batch_032.csv#2564,CHEMISTRY,化学反应速率的测定,COVERED,命中节点 化学反应速率的测定；definition 的测定原理（利用与物质变化量有关的可观测量）与四类体系的测定方法（气体体积、固体质量、酸碱 pH、颜色变浑浊所耗时间）由同节点材料 chem-kb-rate-measurement-methods（利用与浓度相关的可观测量测定速率）、ext-che-07f8494b58-007（针对有气体、有固体、有酸碱、有颜色变化四类反应体系的速率测定方案）、ext-che-bd9b97b326-003、ext-che-20d30e5ba6-004 覆盖；其后 Fe 与盐酸反应的速率计算属练习题干。,
dir_batch_032.csv#2566,CHEMISTRY,外界条件对化学反应速率的影响规律,COVERED,命中节点 外界条件对化学反应速率的影响规律；definition 的浓度、压强、温度、催化剂以及固体表面积、反应物状态、形成原电池等外因规律由同节点材料 chem-kb-rate-external-factors（增大浓度、气体压强、温度或使用催化剂均可加快反应）、chem-hj-nongdu-yaqiang-yingxiang、chem-hj-wendu-cuihuaji-yingxiang、ext-che-07f8494b58-014（温度、催化剂与其他因素对速率的影响，接触面积与原电池也会改速率）、ext-che-bd9b97b326-004 覆盖。,
dir_batch_032.csv#2567,CHEMISTRY,有效碰撞理论解释外因对化学反应速率的影响,COVERED,命中节点 有效碰撞理论解释外因对化学反应速率的影响；definition 的有效碰撞的两个条件、活化分子与活化能的概念、E1 与 E2 反映的能量关系以及浓度与压强、温度、催化剂同活化分子的关系由同节点材料wusan-che-v-91a983a1（用活化能、活化分子百分数与单位体积活化分子数解释浓度温度压强催化剂的影响）、chem-kb-collision-theory-basics（有效碰撞需具有足够能量和合适取向）、ext-che-988f19d372-013（活化分子和活化能的概念、有效碰撞的两个条件）、ext-che-20d30e5ba6-018、ext-che-20d30e5ba6-019 覆盖。,
dir_batch_032.csv#2570,CHEMISTRY,基元反应,COVERED,命中节点 基元反应；definition 的基元反应概念（大多数反应经过多个步骤，其中的每一步骤）与基元反应速率方程 v＝k·ca(A)·cb(B)（k 为速率常数，恒温下不因反应物浓度改变而变）由同节点材料chem-kb-elementary-reaction-mechanism、ext-che-07f8494b58-019b（一步完成的反应为基元反应，其速率方程由计量数直接写出）、ext-che-bd9b97b326-007、ext-che-fbecdc2b14-005 覆盖。,
dir_batch_032.csv#2571,CHEMISTRY,反应机理,COVERED,命中节点 反应机理；definition 的反应历程（反应机理）概念、基元反应序列构成总反应以及慢反应为决速步骤由同节点材料 ext-che-07f8494b58-020（反应历程是基元反应构成的序列，慢反应决定整体速率）、ext-che-cc05627a9e-002（反应历程、决速反应与决速浓度）、ext-che-4dd2e79693-070（反应机理循环图像的分析模型）覆盖。,
dir_batch_032.csv#2572,CHEMISTRY,过渡态理论,COVERED,命中节点 过渡态理论；definition 的高能过渡态与活化络合物、活化能是活化络合物分子平均能量与反应物分子平均能量的差值、能量图中 Ea1 与 Ea2 及 ΔH 的标注由同节点材料 chem-kb-transition-state-theory、ext-che-bd9b97b326-007b（过渡态的形成、活化能的定义与能量图中的 Ea1、Ea2、ΔH）、ext-che-cc05627a9e-004、ext-che-20d30e5ba6-017 覆盖。,
dir_batch_032.csv#2573,CHEMISTRY,催化剂与反应历程,COVERED,命中节点 催化剂与反应历程；definition 的催化剂降低反应所需活化能、加入催化剂后总反应分步进行、Ea1>Ea2 时第 1 步为决定整体反应快慢的决速步骤由同节点材料 ext-che-bd9b97b326-008（加催化剂后分步反应的活化能比较与决速步骤的确定）、chem-hj-cuihuaji-tesheng-lizeng（通过吸附、断键、成键、脱附历程降低活化能）、ext-che-07f8494b58-021、ext-che-688f01431f-014 覆盖。,
dir_batch_032.csv#2574,CHEMISTRY,化学反应速率及其计算,COVERED,命中节点 化学反应速率及其计算；definition 第(1)条速率的平均性、取正值、不同物质表示的数值可能不同而意义相同、固体与纯液体不能用于计算速率由同节点材料 ext-che-be450e5021-001（速率的含义、数学表达式、单位与同一反应中不同物质速率的关系）与 ext-che-b3c0f75ea5-004 覆盖，第(2)条由图像确定反应物与生成物、确定化学计量数之比与判断是否可逆由 ext-che-fcb3194bcf-003（从速率图像读取数据计算平均速率、转化率并确定化学方程式的化学计量数之比）覆盖；其后 X、Y、Z 曲线、SO3 浓度变化与锌与稀硫酸装置三道题为练习设问。,
dir_batch_032.csv#2575,CHEMISTRY,化学反应速率的比较,COVERED,命中节点 化学反应速率的比较；definition 的定性比较（按反应剧烈程度、气泡或沉淀快慢等判断）与定量比较（先统一单位，再用归一法换算为同一物质或用速率与化学计量数的比值比较）由同节点材料chem-kb-rate-comparison-methods（统一单位后用归一法或比值法）、chem-hj-sulv-dingxing-dingliang-bijiao、ext-che-b3c0f75ea5-005（定性看现象、定量用归一法或比值法）、ext-che-16414d5f4e-008 覆盖。,
dir_batch_032.csv#2577,CHEMISTRY,影响化学反应速率的因素,COVERED,命中节点 影响化学反应速率的因素；definition 的浓度影响的理解要点（必须是真正参加反应离子的浓度）、压强影响的四种情形、催化剂同等程度改变正逆速率、温度对正逆速率影响程度不同以及固体颗粒变小加快速率由同节点材料 chem-hj2-fanyingsulv-neiyin-waiyin（内因是反应物本性，恒温恒容充稀有气体各浓度不变速率不变）、ext-che-bd9b97b326-012（浓度与压强改变速率的前提、四种压强情景）、chem-kb-rate-primary-factor、ext-che-69f3a61f89-001（含稀有气体对速率的两种影响）覆盖。,
dir_batch_032.csv#2578,CHEMISTRY,催化剂与化学反应,COVERED,命中节点 催化剂与化学反应；definition 的无催化剂时 E1 为正反应活化能、E2 为逆反应活化能、E1－E2 为此反应的焓变，有催化剂时总反应分步进行且催化剂降低 E1 与 E2 而不影响 ΔH，由同节点材料ext-che-bd9b97b326-014（无催化剂与有催化剂时的活化能、反应热关系及中间产物的判断）、ext-che-5bbd870f70-003、ext-che-20d30e5ba6-011b 覆盖。,
dir_batch_032.csv#2579,CHEMISTRY,能垒与决速步骤,COVERED,命中节点 能垒与决速步骤；definition 的能垒含义（向上爬坡最高处）、能垒越大反应速率越小、催化剂使能垒降低幅度越大催化效果越好、竞争反应中能垒越小产物占比越高，由同节点材料 ext-che-bd9b97b326-014b（能垒的含义、决速步骤的确定与催化剂效果、竞争反应的比较）、ext-che-70f6560213-002b（能垒图式的读图方法）、chem-rate-determining-step（活化能最大的基元步骤为决速步）、ext-che-70f6560213-003b 覆盖。,
dir_batch_032.csv#2581,CHEMISTRY,关于化学反应速率易错易混点,COVERED,命中节点 关于化学反应速率易错易混点；definition 的四条易混点（一般不用固体或纯液体表示速率、由公式算出的是某段时间内的平均速率且取正值、不同物质表示的数值可能不同但意义相同、必须标明具体物质）由同节点材料ext-che-be450e5021-021（速率是平均速率且取正值；不同物质表示数值可不同但意义相同）、ext-che-20d30e5ba6-003b（必须指明标准物质、浓度用物质的量浓度、取正值、固体与纯液体不表示速率）、ext-che-16414d5f4e-012b 覆盖；其后为判断正误的练习串。,
dir_batch_032.csv#2582,CHEMISTRY,认识外界因素对化学反应速率影响的误区,COVERED,命中节点 认识外界因素对化学反应速率影响的误区；definition 的五个误区（速率不一定随反应进行逐渐减小、不能用物质的量代替浓度、纯固体颗粒变小会加快速率、恒容充惰性气体加压速率不变、升温时正逆反应速率都增大）由同节点材料 ext-che-b3c0f75ea5-021（外界因素影响速率的四大误区）、ext-che-07f8494b58-017（升温时正逆速率并非一增一减）、ext-che-20d30e5ba6-013、ext-che-988f19d372-018 覆盖；其后为判断正误练习串。,
dir_batch_032.csv#2583,CHEMISTRY,速率常数和速率方程,COVERED,命中节点 速率常数和速率方程；definition 的基元反应速率方程、速率常数（给定温度下反应物浓度均为1 mol/L 时的反应速率）与影响因素（温度的函数，浓度与压强不影响）由同节点材料chem-kb-rate-equation-and-constant（v＝k·ca(A)·cb(B)，k 只与温度有关）、chem-hj2-sulv-changshu-sulvfangcheng（k 是温度的函数，与浓度无关）、ext-che-16414d5f4e-015、ext-che-00be305a22-010 覆盖；其后两道计算练习属练习题干。,
dir_batch_032.csv#2584,CHEMISTRY,控制变量法探究影响化学反应速率的因素,COVERED,命中节点 控制变量法探究影响化学反应速率的因素；definition 的确定变量、定多变一、数据有效三步解题策略由同节点材料 ext-che-b3c0f75ea5-026b（按确定变量、定多变一、数据有效三步分析探究实验）、ext-che-16414d5f4e-021、ext-che-07f8494b58-018、chem-kb-controlled-variable-method-rate 覆盖；其后 Na2S2O3 与硫酸、酸性 KMnO4 与 H2C2O4 两组实验方案设问属练习题干。,
dir_batch_032.csv#2585,CHEMISTRY,可逆反应,COVERED,命中节点 可逆反应；definition 的概念（同一条件下既能向正反应方向进行又能向逆反应方向进行）与特征（正逆反应同时发生同时存在、不能进行到底、反应物不能实现完全转化、各物质共处同一反应体系）由同节点材料ext-che-0269f99d81-002（可逆反应的概念、特点与表示）、ext-che-4071599b36-002（同一条件下正逆反应同时进行、转化率小于 100%）、ext-che-ce1fbc591e-002（同步性、等同性与共存性）、ext-che-7704eb367d-003 覆盖。,
dir_batch_032.csv#2586,CHEMISTRY,化学平衡状态,COVERED,命中节点 化学平衡状态；definition 的概念（一定条件下可逆反应正逆反应速率相等、各组分浓度保持不变、转化达到限度）与逆、等、动、定、变五个特征由同节点材料 ext-che-c93dcdcfe8-002（概念与五大特征）、ext-che-0269f99d81-003（定义、建立过程与逆动等定变五个特征）、ext-che-7704eb367d-003b 覆盖。,
dir_batch_032.csv#2587,CHEMISTRY,化学平衡状态的判断,COVERED,命中节点 化学平衡状态的判断；definition 的本质特征判断（正逆反应速率相等、同一种物质生成速率等于消耗速率、不同物质按计量数换算且必须是一正一逆）与宏观特征判断（各组分浓度、质量分数、体积分数、转化率不变）以及用总压、密度、平均摩尔质量判断时的注意事项由同节点材料 chem-kb-equilibrium-judgment-criteria（本质是同一物质消耗与生成速率相等，宏观是变量不再改变）、ext-che-cb1f9ebb32-007、ext-che-ce1fbc591e-007、ext-che-75a0675435-006 覆盖；其余为 SO2 与 O2、NO 与 CO、HCl 与 O2 等练习题干。,
dir_batch_032.csv#2589,CHEMISTRY,化学平衡的移动,COVERED,命中节点 化学平衡的移动；definition 第(1)条平衡移动的概念与条件改变后达到新平衡由同节点材料 ext-che-935096865b-001、ext-che-cb1f9ebb32-009（正逆速率不再相等时平衡发生移动，用 v正 与 v逆 的大小关系判断方向）、ext-che-ce1fbc591e-009 覆盖；第(2)条用 Q 与 K 比较判断移动方向由同节点材料 ext-che-c93dcdcfe8-006 与节点 化学平衡移动方向和转化率的判断 的材料 chem-hj-q-k-panbie-yidong（Q=K 处于平衡、Q<K 正向移动、Q>K 逆向移动）、chem-kb-qk-direction-and-conversion 覆盖。,
dir_batch_032.csv#2590,CHEMISTRY,v－t图像分析改变条件对化学平衡的影响,COVERED,命中节点 v-t图像分析改变条件对化学平衡的影响；definition 的用 v-t 图像分析浓度、压强（m＋n<p 与m＋n＝p 两种情形）与温度对平衡的影响由同节点材料 chem-hj-v-t-tuxiang-panduan-tiaojian（由正逆速率突变或渐变及相对大小反推浓度、温度、压强或催化剂的改变）、chem-hj-v-t-tuxiang-sanqingxing、chem-hj-nongdu-pingheng-yidong、chem-hj-yaqiang-pingheng-yingxiang、chem-hj-wendu-pingheng-yingxiang、ext-che-10fd6d055d-012 覆盖。,
dir_batch_032.csv#2591,CHEMISTRY,勒夏特列原理,COVERED,命中节点 勒夏特列原理；definition 的原理表述（平衡向着能够减弱这种改变的方向移动）与适用范围（仅适用于已达到平衡的反应体系，对溶解平衡、电离平衡、水解平衡等动态平衡也适用，同时改变几个因素时不能简单套用）由同节点材料 ext-che-992d57859a-011（判断规则、适用条件与减弱而非抵消的理解）、ext-che-cb1f9ebb32-013（内容、适用范围与使用限制）、ext-che-c93dcdcfe8-007、ext-che-e01152c23b-001 覆盖。,
dir_batch_032.csv#2595,CHEMISTRY,化学平衡状态的特征及判断,COVERED,命中节点 化学平衡状态的特征及判断；definition 第(1)条判断依据 正逆相等、变量不变 与第(2)条不能作为标志的几种情况（物质的量之比等于计量数之比、恒温恒容下气体分子数不变反应的压强或总物质的量不变、全是气体且气体分子数不变时平均相对分子质量不变、恒容时密度不变）由同节点材料chem-fx-hua-xue-ping-heng-zhong-de-te-shu-qing-f45x02（化学平衡中的特殊情况）、ext-che-cb1f9ebb32-003（用逆动等定变五字特征以及速率、物理量两类标志判断是否达到平衡）、chem-kb-equilibrium-state-features、ext-che-75a0675435-003 覆盖，该节点 boundary 亦明示本条以识别伪标志为重点；其余为恒压绝热容器等练习题干。,
dir_batch_032.csv#2596,CHEMISTRY,影响化学平衡的因素,COVERED,命中节点 影响化学平衡的因素；definition 的恒容通入惰性气体压强的增大不移动平衡、恒压通入惰性气体体积增大使平衡向气体体积增大的方向移动、恒容下改变一种物质浓度时应以浓度的影响分析、反应前后气体体积相等的反应任何情况下充惰性气体平衡都不移动，由同节点材料 ext-che-75a0675435-009（固体、纯液体与惰性气体对平衡的影响：惰性气体在恒容时不影响、恒压时等效减压）、ext-che-5f646498b6-006（压强影响平衡的规律与充入惰性气体的两种情况）、ext-che-862daf9cec-014（无气态物质或气体分子数不变时压强不移动平衡）、ext-che-d854210a0d-009（压强改变能否使平衡移动取决于是否改变各物质的浓度）、ext-che-ce1fbc591e-010 覆盖；其余为 NH4HS、SO2 与 O2、COCl2 等练习题干。,
dir_batch_032.csv#2597,CHEMISTRY,勒夏特列原理及应用,COVERED,命中节点 勒夏特列原理及应用；definition 的三条注意（适用对象是已达平衡的可逆过程，对溶解平衡、电离平衡等动态平衡也适用，非平衡状态不能用；只能减弱改变而不能消除或扭转；只适用于判断改变影响平衡的一个因素时的移动方向）由同节点材料 ext-che-5f646498b6-010（表述、适用范围以及减弱而不能消除的要点）、chem-kb-le-chatelier-principle、ext-che-c93dcdcfe8-008（减弱的具体表现）、ext-che-c93dcdcfe8-014（勒夏特列原理的六个易错点）覆盖。,
dir_batch_032.csv#2598,CHEMISTRY,关于化学平衡状态的易错易混点,COVERED,命中节点 关于化学平衡状态的易错易混点；definition 的六条易混点（可逆反应不等同于可逆过程、反应物与生成物都不能完全转化、平衡状态即该条件下的限度且转化率低于 100%、平衡可从正逆两个方向建立、正逆反应速率相等指同一物质的消耗速率与生成速率相等、各组分浓度保持不变但不一定相等）由同节点材料ext-che-e0e62d3438-013（达平衡时转化率低于 100%、正逆速率相等指同一物质、组分浓度保持不变但不一定相等）、ext-che-0269f99d81-004、ext-che-cb1f9ebb32-004、ext-che-7704eb367d-004 覆盖；其后为判断正误练习串。,
dir_batch_032.csv#2599,CHEMISTRY,浓度：,COVERED,definition 的 浓度指与反应有关的气体或溶液中实际参加反应离子的浓度 与 改变纯固体或纯液体的量对平衡无影响 由 ext-che-cb1f9ebb32-010（浓度、温度、压强、催化剂的影响规律以及固体量、同倍数改变浓度、惰性气体的处理）与 ext-che-75a0675435-009（固体与纯液体的量不影响平衡）覆盖，改变温度一定会使化学平衡发生移动 由 chem-kb-equilibrium-shift-factors 与 chem-le-chatelier-conditions 覆盖；name 为知识清单表项片段，实质内容已被正式材料覆盖，故判 COVERED。,
dir_batch_032.csv#2600,CHEMISTRY,压强：,COVERED,definition 的三点分别由 ext-che-862daf9cec-014（无气态物质或气体分子数不变时压强不移动平衡）、ext-che-75a0675435-009（惰性气体在恒容时不影响、恒压时等效减压）与 chem-kb-inert-gas-equilibrium-effect（恒容充惰气平衡不移动，恒压充惰气向气体分子数增大方向移动）覆盖；name 为知识清单表项片段，三点结论均有正式材料承载，故判 COVERED。,
dir_batch_032.csv#2601,CHEMISTRY,催化剂：催化剂同等程度改变正逆反应速率，不影响平衡移动。,COVERED,definition 的核心结论 催化剂同等程度改变正逆反应速率、不影响平衡移动 由 chem-le-chatelier-conditions（浓度、压强、温度改变时平衡向削弱该改变的方向移动，催化剂不移动平衡）、ext-che-5f646498b6-008（温度与催化剂对化学平衡的影响）、chem-kb-equilibrium-shift-factors 覆盖；其余十一项为 易错辨析 判断正误练习串，不另立材料，故判 COVERED。,
dir_batch_032.csv#2607,CHEMISTRY,化学平衡常数,COVERED,命中节点 化学平衡常数；definition 的概念（一定温度下生成物浓度幂之积与反应物浓度幂之积的比值是一个常数）与意义（K 值大小反映反应进行的程度，K≥10^5 认为反应进行得较完全、K≤10^-5 认为反应很难进行）由同节点材料 chem-kb-equilibrium-constant-definition（平衡时生成物浓度幂之积与反应物浓度幂之积的比值，反映反应进行的程度）、ext-che-2982b3ef36-002（含义与影响因素、单位、意义）、ext-che-2e0d25681e-001 及节点 有关化学平衡常数易混易错点 的 ext-che-8fae19a1fa-006（K 的数量级判据）覆盖。,
dir_batch_032.csv#2608,CHEMISTRY,浓度商与化学平衡常数的表达式,COVERED,命中节点 浓度商与化学平衡常数的表达式；definition 的浓度商 Q 的表达式、化学平衡常数 K 的表达式以及Q＝K 时表明反应达到化学平衡状态由同节点材料 chem-kb-qk-equilibrium-shift（Q 小于 K 平衡正向移动、Q 等于 K 处于平衡、Q 大于 K 逆向移动）、chem-hj-pingheng-changshu-biaodashi、ext-che-6e5651ee6b-001b、ext-che-f9b03fa49d-003b、ext-che-84d5c92111-003 覆盖。,
dir_batch_032.csv#2609,CHEMISTRY,化学平衡常数的影响因素,COVERED,命中节点 化学平衡常数的影响因素；definition 的内因（不同化学反应及化学方程式的书写形式）与外因（在化学方程式一定的情况下 K 只受温度影响）由同节点材料 chem-hj-k-yiyi-yingxiang-yinsu（K 只受温度影响）、ext-che-84d5c92111-002b（改变方程式书写方式时 K 如何变化以及影响 K 的内因与外因）、ext-che-cd0ea5be15-003、ext-che-f9b03fa49d-003 覆盖。,
dir_batch_032.csv#2610,CHEMISTRY,平衡常数的应用,COVERED,命中节点 平衡常数的应用；definition 的三类应用（由 K 判断可逆反应进行的程度、用浓度商 Q 与 K 比较判断是否达到平衡与进行方向、由升温或降温时 K 的变化判断反应热）由节点 化学平衡常数的应用 的ext-che-7ba48831b9-005（用 K 判断反应程度、热效应、反应方向及计算相关量）、ext-che-8fae19a1fa-005、ext-che-84d5c92111-005、ext-che-2e0d25681e-003b、ext-che-7704eb367d-007b（用 K 比较反应程度、用浓度商与 K 判断方向、用 K 随温度变化判断反应热）覆盖；本节点全量材料只有 chem-hj-shuijie-changshu-kh（水解常数的应用），与 definition 无关，但三类应用在包内已有正式材料完整覆盖，故判 COVERED。,
dir_batch_032.csv#2611,CHEMISTRY,平衡转化率,COVERED,命中节点 平衡转化率；definition 的概念（某物质在反应中已转化的量与该物质起始量的比值）与意义（表示一定温度和一定起始浓度下反应进行的限度）由同节点材料 ext-che-6e5651ee6b-002（转化率等于转化量与起始量之比，表示一定温度与起始浓度下反应的限度）、ext-che-935096865b-004b、ext-che-8fae19a1fa-014（平衡转化率是该条件下的最大转化率）、chem-kb-conversion-rate-change-analysis 覆盖。,
dir_batch_032.csv#2614,CHEMISTRY,压强平衡常数,COVERED,命中节点 压强平衡常数；definition 的压强平衡常数表达式（某气体的分压＝总压强×该气体的物质的量分数或体积分数）与四步计算方法由同节点材料 ext-che-00be305a22-008（定义与计算，分压等于总压乘物质的量分数，可按四步法计算）、chem-hj-fenya-fenyadinglv（分压与分压定律）、ext-che-84d5c92111-003b、ext-che-c75a6bf0d3-003c 与节点 压强平衡常数的计算 的材料 chem-hj-kp-jisuan-moban（三段式求平衡量、算物质的量分数、求分压、代入 Kp 表达式）覆盖。,
dir_batch_032.csv#2615,CHEMISTRY,化学平衡常数及影响因素,COVERED,命中节点 化学平衡常数及影响因素；definition 的表达式取平衡浓度、K 的意义与转化率关系、K 只受温度影响、K 与化学方程式书写形式的关系（正逆互为倒数、计量数变为 n 倍则 K 变为 n 次幂、两式相加则 K 相乘）由同节点材料 ext-che-7704eb367d-007、ext-che-6e5651ee6b-005（正逆互为倒数、n 次幂、相加相乘）、ext-che-8fae19a1fa-008（K 是某温度下反应固有的性质，只与温度有关且对应具体的方程式）覆盖；该节点另有与本考点无关的溶解度材料 chem-hj2-rongjiedu-gainian-yingxiang。,
dir_batch_032.csv#2616,CHEMISTRY,化学平衡常数的应用,COVERED,命中节点 化学平衡常数的应用；definition 的三项应用（根据 K 值大小判断反应进行的程度、用 Q 与 K 判断方向与平衡状态、ΔH 与 K 的升降关系）由同节点材料 ext-che-7ba48831b9-005、ext-che-8fae19a1fa-005、ext-che-2982b3ef36-004、ext-che-2e0d25681e-003b、ext-che-7704eb367d-007b、ext-che-6e5651ee6b-001c 覆盖；其余为液态苯储氢与 Ni 与 CO 反应两道练习题干。,
dir_batch_032.csv#2618,CHEMISTRY,平衡常数和转化率的计算,COVERED,命中节点 平衡常数和转化率的计算；definition 的解题步骤（灵活设立未知数、据计量数与变化量确定起始量、变化量与平衡量并列出三段式、再求平衡浓度与转化率）由同节点材料 ext-che-8fae19a1fa-010（用起始量、转化量、平衡量三行表统一求解平衡常数、转化率与各平衡量）、ext-che-db757feb2e-001、ext-che-c75a6bf0d3-008、ext-che-2e0d25681e-010、chem-hj-chanlv-gainian-jisuan 覆盖。,
dir_batch_032.csv#2621,CHEMISTRY,平衡常数与速率常数的有关计算,COVERED,命中节点 平衡常数与速率常数的有关计算；definition 的基元反应 v正＝k正·ca(A)·cb(B)、v逆＝k逆·cc(C)·cd(D) 与平衡时 v正＝v逆 推出 K 等于正逆速率常数之比由同节点材料chem-kb-k-and-rate-constant-relation（平衡时 v正＝v逆，K＝k正/k逆）、chem-equilibrium-constant-rate-constant-ratio、ext-che-84d5c92111-004b、ext-che-2e0d25681e-003、chem-hj-sulvchangshu-pinghengchangshu-guanxi 覆盖；其余为 CH4 与 H2O、乙醇异构化两道练习题干。,
dir_batch_032.csv#2623,CHEMISTRY,有关化学平衡常数易混易错点,COVERED,命中节点 有关化学平衡常数易混易错点；definition 的六条易混点（表达式必须是各物质的平衡浓度、K 只受温度影响而平衡移动时 K 不一定改变、升温时吸热反应 K 增大而放热反应 K 减小、平衡转化率是该条件下最大的转化率、未达平衡前转化率一般随温度升高而升高、催化剂不能提高平衡转化率）由同节点材料ext-che-466de1195b-014、ext-che-8fae19a1fa-006（K 的数量级判据、催化剂不改变 K）、ext-che-84d5c92111-005b、ext-che-2e0d25681e-004 覆盖；其后为判断正误练习串。,
dir_batch_032.csv#2624,CHEMISTRY,压强平衡常数的计算,COVERED,命中节点 压强平衡常数的计算；definition 的四步流程（三段式求各气体的起始量、变化量与平衡量，计算各气体组分的物质的量分数或体积分数，按分压等于总压乘体积分数求分压，代入 Kp 表达式计算）由同节点材料chem-kb-kp-partial-pressure-calculation、chem-hj-kp-jisuan-moban、ext-che-4dd2e79693-077（四段式法计算Kp）、ext-che-8fae19a1fa-011b、ext-che-c75a6bf0d3-009b 覆盖。,
dir_batch_032.csv#2625,CHEMISTRY,平衡常数的综合计算,COVERED,命中节点 平衡常数的综合计算；definition 的三段式计算模式与原子守恒法由同节点材料ext-che-6e5651ee6b-012（多反应体系中用某种元素的原子守恒建立组分间关系，再代入平衡常数表达式）、ext-che-cd0ea5be15-011、ext-che-2e0d25681e-012、ext-che-f9b03fa49d-014、ext-che-8fae19a1fa-011 覆盖。,
dir_batch_032.csv#2627,CHEMISTRY,自发反应,COVERED,命中节点 自发反应；definition 的概念（一定条件下不需外力就能自发进行的反应）、方向性（某方向自发则其逆反应在该条件下不自发）、体系趋向低能量与无序状态、判断依据是是否需要施加外力、可完成有用功而非自发过程需对它做功由同节点材料 chem-hj-zifa-guocheng-zifafanying、chem-hj2-zifaguo-zifa-fanying、ext-che-224a47c1a9-002、ext-che-9eab10e965-002、ext-che-1912eb1025-002 覆盖。,
dir_batch_032.csv#2628,CHEMISTRY,熵和熵变的含义,COVERED,命中节点 熵和熵变的含义；definition 的熵是度量体系混乱度的物理量及其符号 S、熵值越大混乱度越大、同一种物质不同状态 S(g)>S(l)>S(s)、ΔS＝S(生成物)－S(反应物) 且 ΔS 越大越有利于反应正向自发由同节点材料 chem-hj-shang-shangbian-gainian（熵衡量体系混乱度，S(g)>S(l)>S(s)）、chem-hj2-shang-shangbian-hanyi、ext-che-da7f3982cb-004、ext-che-224a47c1a9-003 覆盖。,
dir_batch_032.csv#2629,CHEMISTRY,自由能与化学反应的方向,COVERED,命中节点 自由能与化学反应的方向；definition 的 ΔG＝ΔH－TΔS 还与温度有关、化学反应向着自由能减小的方向进行、ΔG<0 时反应能自发进行、ΔG＝0 时处于平衡状态、ΔG>0 时不能自发进行由同节点材料ext-che-00be305a22-002e（ΔG 的正负决定反应在给定温度下能否自发进行）、ext-che-00be305a22-002f、chem-hj-fuhe-panju-deltag、ext-che-da7f3982cb-007、ext-che-1912eb1025-004 覆盖。,
dir_batch_032.csv#2631,CHEMISTRY,合成氨反应的特点,COVERED,命中节点 合成氨反应的特点；definition 的可逆性、正反应气体体积减小、ΔH<0 与 ΔS<0、常温下ΔH－TΔS<0 能自发进行由同节点材料 chem-hj-chenhe-an-tedian-fenxi（合成氨是放热、熵减的可逆反应，常温下能自发但速率极慢）、ext-che-da7f3982cb-011b、ext-che-9eab10e965-011、ext-che-224a47c1a9-013 覆盖。,
dir_batch_032.csv#2632,CHEMISTRY,提高合成氨反应速率和平衡转化率的条件比较,COVERED,命中节点 提高合成氨反应速率和平衡转化率的条件比较；definition 的原理分析（按合成氨反应特点用影响反应速率的因素与勒夏特列原理选择条件，以增大反应速率并提高平衡混合物中氨的含量）由同节点材料 chem-fx-ti-gao-zhuan-hua-lv-de-cuo-shi-f46x13（提高转化率的措施）、chem-hj-pingheng-zhuanhualv-biaodashi 与节点 工业合成氨的适宜条件 的 ext-che-da7f3982cb-012（从反应速率和反应限度两个角度折中选择高压、400~500 ℃、铁触媒并及时分离氨）、chem-hj2-hecheng-tiaojian-xuanze-yuanze 覆盖。,
dir_batch_032.csv#2633,CHEMISTRY,工业合成氨的适宜条件,COVERED,命中节点 工业合成氨的适宜条件；definition 的合成氨适宜条件（400～500 ℃、10～30 MPa、铁触媒并及时分离氨、循环利用原料）及其选择理由由同节点材料 chem-hj-chenhe-an-shiyi-tiaojian、chem-hj2-hecheng-tiaojian-xuanze-yuanze（兼顾速率、平衡转化率、催化剂活性与设备成本）、ext-che-da7f3982cb-012、ext-che-224a47c1a9-013b、ext-che-9eab10e965-011b 覆盖；其余为 2025·浙江模拟、2024·上海徐汇模拟与硫酸工业 SO2 氧化条件选择的练习题干（硫酸生产条件属同一选择原则的迁移设问）。,
dir_batch_032.csv#2634,CHEMISTRY,判断化学反应的自发性,COVERED,命中节点 判断化学反应的自发性；definition 的用复合判据判断给定条件下能否自发进行、温度决定反应方向时求正向自发进行的最低温度（如 CaCO3 分解需高于约 1111.6 K）由同节点材料 ext-che-29b5d3ee42-006（用 ΔH－TΔS＜0 判断反应正向自发，并可据此计算自发进行的最低或最高温度）、ext-che-9eab10e965-004、ext-che-7704eb367d-001c（判断自发性时的四个易错说法）、chem-hj-f071-zifa-panbie-liangjv 覆盖。,
dir_batch_032.csv#2635,CHEMISTRY,工业生产中化学反应条件的选择,COVERED,命中节点 工业生产中化学反应条件的选择；definition 的化学反应适宜条件选择的思维流程由同节点材料chem-industrial-condition-principles（兼顾速率、平衡、原料利用率、设备经济性、催化剂活性温度与能源利用）、chem-hj-gongye-tiaojian-xuanze-yuanze（按增大速率与使平衡正向移动两方面列表对照）、ext-che-9eab10e965-013（由反应特点到原理分析、实验数据再到实际生产逐层确定条件）、ext-che-da7f3982cb-011 覆盖。,
dir_batch_032.csv#2637,CHEMISTRY,化学反应的方向和调控易混易错点,COVERED,命中节点 化学反应的方向和调控易混易错点；definition 的七条注意（自发反应也需要一定条件引发、自发过程的逆过程非自发且非自发过程需做功、自发性只判断方向而与是否发生和快慢及热效应无关、同物质不同状态S(g)>S(l)>S(s)、用 ΔH－TΔS 判断时要注意单位一致、不能认为自发反应不需要任何条件、ΔH－TΔS<0 只指出自发进行的趋势）由同节点材料 ext-che-98d680c240-009、ext-che-da7f3982cb-009、ext-che-224a47c1a9-008、ext-che-6eea87cdfb-005、ext-che-29b5d3ee42-007 覆盖；其后为判断正误练习串。,
dir_batch_032.csv#2638,CHEMISTRY,平衡类问题需考虑的几个方面,COVERED,命中节点 平衡类问题需考虑的几个方面；definition 的六条（原料的来源与除杂并考虑杂质对平衡的影响、原料的循环利用、产物的污染处理、产物的酸碱性对反应的影响、参加反应物质的压强对平衡的影响、改变外界条件对多平衡体系的影响）与同节点材料 ext-che-21b5cf973a-007（化工生产选条件要兼顾原料来源与除杂、循环利用、产物污染与酸碱性、压强及多平衡体系的影响）逐条对应；其后为丁烷催化脱氢制丁烯的转化率与温度图像练习。,
dir_batch_033.csv#2640,CHEMISTRY,速率-时间图像,COVERED,ext-che-10fd6d055d-003（含断点的速率—时间图像：比较断点前后正逆速率的大小与变化程度即可反推改变的条件）、ext-che-4e68d6cc38-002（速率时间图像中的断点分析）、ext-che-00be305a22-003b（速率-时间图像的四种类型）、ext-che-5795d1e881-001（含断点 v-t 图像的分析：找平衡点并确定主要影响因素）已覆盖 definition 的断点判断、催化剂或加压条件与析图关键。,
dir_batch_033.csv#2641,CHEMISTRY,全程速率—时间图像,COVERED,chem-hj2-quancheng-sulv-shijian-tuxiang（Zn 与足量盐酸：AB 段放热升温速率增大、BC 段 H+ 浓度减小速率减慢）、chem-hj-quancheng-sulv-tuxiang、ext-che-a813bfa01b-002 与 definition 的段位解释一致。,
dir_batch_033.csv#2642,CHEMISTRY,物质的量(或浓度)—时间图像,COVERED,ext-che-10fd6d055d-003c（由 n—t 或 c—t 曲线读出反应物、生成物、可逆性与计量数之比，并计算平均速率与转化率）、ext-che-3c71161440-009（浓度—时间图像的信息提取与计算）、ext-che-a813bfa01b-009 覆盖 definition 的信息提取与计算；尾部 N2 与 H2 的 v-t 练习设问属题干。,
dir_batch_033.csv#2643,CHEMISTRY,含量(或转化率)-时间-温度(压强)图像,COVERED,chem-hj-xian-guai-xian-ping（先拐先平数值大，再由移动方向定 ΔH 或气体分子数变化）、ext-che-00be305a22-004b（含量或转化率—时间图像：先拐先平数值大判断温度或压强高低）、ext-che-4dd2e79693-076 覆盖 definition 由曲线推断温度高低、热效应与气体计量数关系。,
dir_batch_033.csv#2644,CHEMISTRY,常见图像形式：,COVERED,ext-che-3c71161440-012（恒温线与恒压线图像的定一议二分析）、chem-hj-dingyiyi-er-tuxiang（百分含量-温度（压强）图像：定一议二）、ext-che-00be305a22-005（含量—温度图像峰值点的双重解释：峰值右侧可能是平衡逆向移动，也可能是催化剂活性下降）、ext-che-5892d1ea1a-007b。,
dir_batch_033.csv#2645,CHEMISTRY,析图关键——关注曲线变化趋势，采取“定一议二”法。,COVERED,ext-che-00be305a22-004c（含恒温线恒压线图像的定一议二：先固定一个自变量不变再讨论另一个对因变量的影响）、chem-hj-xian-guai-xian-ping；definition 尾部的 H2S 分解、N2O4 与燃煤脱硫设问属练习题干，不改变核心方法已被覆盖的判断。,
dir_batch_033.csv#2646,CHEMISTRY,含量/转化率—投料比图像,COVERED,ext-che-47e9f5af2f-008（含量转化率与投料比图像：n(A):n(B) 等于化学计量数之比时生成物体积分数最大，并结合温度与催化剂分析，340 ℃ 左右 Fe2O3 最优）、ext-che-3c71161440-014b、ext-che-3c71161440-022、ext-che-5892d1ea1a-007c 覆盖 definition 的投料比与温度—选择性图像。,
dir_batch_033.csv#2648,CHEMISTRY,常规图像解题分析,COVERED,ext-che-00be305a22-003（图像分析三看一判断：看面、看线、看点、作判断）、ext-che-10fd6d055d-002（读图四要素：坐标、曲线走向与斜率、关键点、量的归因）、ext-che-10fd6d055d-005、ext-che-3c71161440-015 覆盖 definition 的看面、看线、看点、看量与作判断三步骤。,
dir_batch_033.csv#2649,CHEMISTRY,工业生产中的速率和平衡图像,COVERED,ext-che-3c71161440-022（改变投料比相当于增大一种反应物浓度，该反应物自身转化率降低而另一种升高；按计量数之比投料时各组分转化率相同、产物体积分数最大）、ext-che-10fd6d055d-011（产率随温度先升后降、催化剂活性有最佳温度、投料比改变影响化工图像）。,
dir_batch_033.csv#2650,CHEMISTRY,化工生产中的复杂图像分析,COVERED,ext-che-7189609516-014（化工生产中的复杂图像分析：读坐标、抓关键点、化复杂为常规图像，判断曲线上的点是否已达平衡并考虑催化剂活性）、ext-che-10fd6d055d-011；definition 的四点注意事项与之一致。,
dir_batch_033.csv#2651,CHEMISTRY,多重平衡体系类型,COVERED,ext-che-00be305a22-050（多重平衡体系及其两种类型：连续反应与竞争反应）、ext-che-4dd2e79693-080（连续型与竞争型的定义）与 definition 的两类体系一致。,
dir_batch_033.csv#2652,CHEMISTRY,多重平衡体系规则,COVERED,ext-che-4dd2e79693-084（若某反应可由其他反应相减得到，则它的平衡常数等于相应平衡常数的商或积）、ext-che-47e9f5af2f-018（多重平衡体系的类型与规则）与 definition 的规则表述一致。,
dir_batch_033.csv#2653,CHEMISTRY,多重平衡体系解题技巧,COVERED,ext-che-5795d1e881-013（多重平衡体系中某物质的平衡浓度对各相关反应都满足；计算平衡常数时善于选曲线交点等特殊点简化计算）、ext-che-00be305a22-052。,
dir_batch_033.csv#2657,CHEMISTRY,一种新型煤气化燃烧集成制氢发生的主要反应如下：,COVERED,ext-che-5795d1e881-013（多种耦合反应共同决定某物质的平衡浓度；由已知反应的线性组合求目标反应焓变并对 K 作乘除运算；由 K 随温度变化判断吸放热；用选择性与有效转化率分析竞争反应）覆盖 definition 的设问。,
dir_batch_033.csv#2658,CHEMISTRY,物理性质,COVERED,ext-che-f27d514c23-001（钠是银白色、质软的固体，密度介于水与煤油之间，熔点低于100℃）、chem-hj-na-wulixingzhi、chem-kb-sodium-physical-properties、ext-che-9bb3d56f69-001b；definition 为答案全空的填空骨架，其颜色、质地、熔点与密度比较五处空白与上述材料一致。,
dir_batch_033.csv#2659,CHEMISTRY,化学性质,COVERED,chem-kb-sodium-oxygen-reactions（常温生成 Na2O、加热生成 Na2O2）、chem-hj2-cl2-yu-jinshu-xianxiang（Cl2 与 Na 剧烈燃烧产生白烟）、chem-kb-sodium-water-ethanol-reactions（钠与水剧烈反应，与乙醇缓慢且沉于底部不熔成小球）、ext-che-bd0f39fee5-002b；definition 的填空与所给现象均由上述材料覆盖。,
dir_batch_033.csv#2660,CHEMISTRY,钠的制取及保存,COVERED,chem-kb-sodium-preparation-storage-uses（电解熔融氯化钠制钠，密封保存在石蜡油或煤油中）、ext-che-a8915bbd80-003c（工业上电解熔融氯化钠制钠，实验室用煤油密封保存）、ext-che-e1b20a6e32-001c、chem-hj-na-zhiqu-baocun-yongtu；definition 的两处空白即上述事实。,
dir_batch_033.csv#2661,CHEMISTRY,钠的用途,COVERED,ext-che-bd0f39fee5-003（钠钾合金可作核反应堆传热介质，钠可制作高压钠灯，还可利用强还原性冶炼金属）、ext-che-a8915bbd80-003d（置换熔融金属氯化物中的金属）、ext-che-25917695d0-003b（冶炼钛、锆、铌、钽）、chem-hj2-na-ti-gongye-yongtu（钠与熔融 TiCl4 反应置换出钛）。,
dir_batch_033.csv#2662,CHEMISTRY,金属钠露置在空气中的变化过程,COVERED,chem-kb-sodium-air-exposure-chain（表面变暗到白色粉末，依次生成 Na2O、NaOH、Na2CO3·10H2O、Na2CO3）、chem-hj-na-luzhi-kongqi-bianhua、ext-che-bd0f39fee5-005、ext-che-25917695d0-011、ext-che-b0e9208ef2-003b（由钠到碳酸钠的六步变化链）；definition 的四步链与各步方程式即上述内容，尾部 Na2O2 练习设问属题干。,
dir_batch_033.csv#2664,CHEMISTRY,碳酸钠与碳酸氢钠的相互转化,COVERED,chem-kb-na2co3-nahco3-conversion（NaHCO3 受热或加碱转化为 Na2CO3，Na2CO3 通 CO2 转化为 NaHCO3）、chem-hj2-na2co3-nahco3-chuzhi（固体加热、溶液中加适量 NaOH 或通足量 CO2 的除杂试剂选择）、ext-che-a8915bbd80-013b（依据稳定性、溶解性与与酸碱反应实现除杂与转化）。,
dir_batch_033.csv#2665,CHEMISTRY,Na2CO3、NaHCO3的应用,COVERED,chem-fx-zhu-yao-yong-tu-f13x04（用于制玻璃、制肥皂、合成洗涤剂、造纸、纺织、石油、冶金等工业；灭火器、治疗胃酸过多、发酵粉的主要成分之一）、ext-che-25917695d0-009、ext-che-02115ed218-011；definition 的工业与医疗应用与之一致。,
dir_batch_033.csv#2666,CHEMISTRY,联合制碱法——侯氏制碱法,COVERED,ext-che-15fcabc7cf-001b（侯氏制碱法的工艺流程与反应原理）、chem-kb-hou-soda-process、ext-che-02115ed218-010（原料、反应原理、通气顺序与循环利用的物质）、ext-che-97b906e0f5-001、chem-hj2-houzhi-jianfa-yuanli 覆盖 definition 的原料、原理、流程与绿色思想。,
dir_batch_033.csv#2668,CHEMISTRY,碱金属的一般性与特殊性,COVERED,chem-hj-jianjinshu-teshuxing（钾密度反常、锂保存在石蜡中、碱金属氢化物含 H-、锂只生成 Li2O 等特例）、ext-che-f27d514c23-009（密度、保存方式、氢化物、取用规则与锂的燃烧产物）、chem-kb-alkali-metal-properties、ext-che-1e4007bdad-001。,
dir_batch_033.csv#2669,CHEMISTRY,焰色反应,COVERED,ext-che-1422ee20c2-020（常见金属元素的焰色对照：钠黄、钾紫、锂紫红、钙砖红、锶洋红、钡黄绿、铜绿，观察钾的焰色须透过蓝色钴玻璃）、chem-kb-flame-test（金属元素灼烧使火焰呈特征颜色，属物理变化，是元素的性质）、ext-che-bd0f39fee5-015（概念与操作：用铂丝蘸取并用稀盐酸洗涤）；命中节点 焰色反应 自身仅有一条显色反应材料，definition 的概念、操作与常见焰色由节点 焰色试验 的上述材料覆盖。,
dir_batch_033.csv#2671,CHEMISTRY,钠与水及酸、碱、盐溶液的反应,COVERED,chem-kb-sodium-with-acid-salt-solutions、chem-hj-na-yu-suanyan-shizhi（钠与酸先反应，与碱溶液反应实质是与水反应，与盐溶液先与水反应）、chem-kb-sodium-water-ethanol-reactions、ext-che-b0e9208ef2-002b（钠一律先与 H+ 反应，盐溶液中的后续反应是复分解）覆盖 definition 的三条规律。,
dir_batch_033.csv#2672,CHEMISTRY,Na2O2的性质及应用,COVERED,ext-che-a8915bbd80-008c（Na2O2 与 H2O、CO2 反应的定量关系与增重规律）、ext-che-a8915bbd80-012（过氧化钠反应中的电子转移计算）、ext-che-f27d514c23-004（1 mol 只转移 1 mol 电子）、chem-hj2-na2o2-yushui-gongyang-gongyang（既作氧化剂又作还原剂）。,
dir_batch_033.csv#2673,CHEMISTRY,Na2O2是一种常见的过氧化物，具有强氧化性和漂白性。,COVERED,chem-hj-na2o-na2o2-bijiao（Na2O2 含离子键和共价键）、chem-hj2-na-yu-yangqi-tiaojian-chanwu（其中 O 为 -1 价）、ext-che-a8915bbd80-010（把 Na2O2 与水的反应拆成水解与 H2O2 分解两步，解释溶液先变红后褪色）、ext-che-f27d514c23-004（遇强氧化剂表现还原性，可解释酸性高锰酸钾褪色）；仅电子式的具体写法一项未见专门材料。,
dir_batch_033.csv#2674,CHEMISTRY,碳酸钠、碳酸氢钠与酸反应的特点,COVERED,chem-kb-carbonate-hcl-dropwise-rules（NaHCO3 加盐酸立即放气；Na2CO3 先转化为 NaHCO3 再放气，两阶段等量）、chem-hj-na2co3-yusuan-tuxiang（由产生气体前消耗盐酸的体积关系判断组成）、chem-polybasic-acid-salt-acid-quantity（酸不足只质子化一步生成酸式盐）。,
dir_batch_033.csv#2675,CHEMISTRY,NaHCO3与碱反应的应用,COVERED,chem-fx-zhu-yao-xing-zhi-f13x03（与 Ca(OH)2 溶液反应：Ca(OH)2 少量与过量的两组离子方程式）、chem-polybasic-acid-anhydride-alkali-quantity（碱过量生成正盐，碱不足生成酸式盐）；definition 的两组方程式与白色沉淀现象与之一致。,
dir_batch_033.csv#2676,CHEMISTRY,制备原料,COVERED,ext-che-bd0f39fee5-010b（以食盐、氨气、二氧化碳为原料）、ext-che-a8915bbd80-014（以合成氨厂废气 CO2 为原料并循环使用）、ext-che-f27d514c23-013；命中节点 制备原料 的唯一条目 chem-fx-zhi-bei-yuan-liao-f14x01 仅为标题残条，实质内容由 侯氏制碱法 相关材料覆盖。,
dir_batch_033.csv#2677,CHEMISTRY,反应原理,COVERED,chem-kb-hou-soda-process（向饱和食盐水中通氨气和二氧化碳析出 NaHCO3，再分解制得 Na2CO3）、ext-che-15fcabc7cf-001b（工艺流程与反应原理）、ext-che-bd0f39fee5-010b；命中节点 反应原理 自身材料为标题残条与硝酸工业内容，本考点实质内容由上述材料覆盖。,
dir_batch_033.csv#2678,CHEMISTRY,绿色思想：循环使用的物质为CO2、饱和食盐水。,COVERED,ext-che-a8915bbd80-014（以废气 CO2 为原料并循环使用 CO2 与饱和食盐水，体现绿色化学）、chem-hj-ziyuan-xunhuan-lvyse-huaxue（找出流程中可返回前序步骤的物质）、ext-che-f27d514c23-013；definition 尾部的模拟装置与生产流程选择题属练习题干。,
dir_batch_033.csv#2679,CHEMISTRY,焰色试验的应用,COVERED,chem-hj2-yanshi-yanse-shiyan（焰色试验用于检验金属元素）、chem-fx-yan-se-shi-yan-de-cao-zuo-f13x10、ext-che-1422ee20c2-020（锂、锶、钡等金属化合物的特征焰色）；definition 尾部的第ⅠA族与烟花两道选择题属题干。,
dir_batch_033.csv#2680,CHEMISTRY,钠和钠的氧化物易错知识点,COVERED,ext-che-c9252b0263-001（钠与酸先反应、剩余钠再与水；与 CuSO4 溶液先与水反应生成 NaOH）、ext-che-a8915bbd80-004（无论生成 Na2O 还是 Na2O2，1 mol Na 恒失去 1 mol 电子）、ext-che-a8915bbd80-008b（可漂白品红与酚酞并使 SO2 氧化成硫酸盐）、chem-kb-na2o-na2o2-comparison（Na2O2 不是碱性氧化物）、ext-che-a8915bbd80-008d。,
dir_batch_033.csv#2681,CHEMISTRY,碳酸钠和碳酸氢钠易错知识点,COVERED,chem-hj2-chuzhi-yuanze-shili（CO2 混 HCl 用饱和 NaHCO3）、ext-che-b0e9208ef2-011（通 CO2 于饱和碳酸钠溶液析出晶体的三因）、ext-che-bd0f39fee5-010（不能用澄清石灰水鉴别，除杂依性质差异）、chem-kb-carbonate-hcl-dropwise-rules（两段放气规律，可互滴鉴别）。,
dir_batch_033.csv#2682,CHEMISTRY,碱金属元素易错知识点,COVERED,ext-che-39a20a4b89-001（钾密度比钠小、锂与氧反应只生成 Li2O）、ext-che-bd0f39fee5-014（密度、保存方法、氢化物、与氧气的特殊性与锂的密度小于煤油）、chem-hj-tansuanyan-suanshuanyan-bijiao（可溶性正盐溶解度大于其酸式盐，NaHCO3 溶解度小于 Na2CO3）、ext-che-f27d514c23-009（取用规则）；definition 七条中仅铯略带金色光泽一项未见材料。,
dir_batch_033.csv#2683,CHEMISTRY,焰色试验“易错点”,COVERED,ext-che-39a20a4b89-001b（焰色试验是物理变化、属元素的性质；钠显黄色、钾显紫色）、ext-che-bd0f39fee5-015b（清洗用稀盐酸、火焰要无色）、ext-che-a8915bbd80-020c、ext-che-f27d514c23-011b；definition 的五条易错点与尾部判断练习的核心与之一致。,
dir_batch_033.csv#2684,CHEMISTRY,过氧化钠的性质与探究,COVERED,ext-che-f27d514c23-004（过氧化钠中氧为 −1 价，遇强氧化剂表现还原性，遇 CO2、H2O、H+ 发生自身歧化）、chem-hj-na2o-na2o2-bijiao（Na2O2 是淡黄色过氧化物，含离子键和共价键）、ext-che-a8915bbd80-010、ext-che-9bb3d56f69-002 即从化合价角度对 Na2O2 性质的分析。,
dir_batch_033.csv#2687,CHEMISTRY,Na2CO3、NaHCO3与酸反应的图像分析,COVERED,chem-hj-na2co3-yusuan-tuxiang（由滴加盐酸产生气体前消耗酸的体积关系判断溶液中溶质组成）、ext-che-1e4007bdad-004（依据加酸图像中 Oa 段与 ab 段消耗盐酸体积的对比判断溶质成分）、ext-che-b0e9208ef2-013；definition 的图像判读方法由上述材料覆盖，尾部 pH 曲线叠加设问属练习题干。,
dir_batch_033.csv#2688,CHEMISTRY,铁的原子结构和存在,COVERED,chem-kb-iron-basic-properties（第四周期第Ⅷ族，价层电子排布 3d64s2，常见 +2、+3 价）、ext-che-d46a1fe501-002（位置与存在形式，主要以化合态存在）、chem-hj-tie-cunzai-wulixingzhi（地壳含量居第四位）、ext-che-78beaac7a8-002（存在形态、地壳含量与核外电子排布）。,
dir_batch_033.csv#2689,CHEMISTRY,铁的物理性质,COVERED,ext-che-500c33e244-002（铁的物理性质以及铁与氯气、硫、水蒸气、氧化性酸和盐溶液反应的方程式）、ext-che-03eac4cd30-001（铁的物理性质、原子结构以及与非金属、酸、盐溶液反应的性质）、ext-che-10003de2c3-003、chem-hj-tie-cunzai-wulixingzhi；命中节点 铁的物理性质 自身 11 条材料分别是氯气、钠、二氧化硫、氨、醇、氮气与甲烷的物理性质，实质内容由上述材料覆盖。,
dir_batch_033.csv#2690,CHEMISTRY,铁的化学性质,COVERED,wusan-chem-b1c3-iron-chemistry（铁的化学性质与钝化，产物中铁是 +2 还是 +3 由氧化剂强弱决定）、ext-che-d46a1fe501-002b（与强氧化剂生成 +3 价、与一般氧化剂生成 +2 价）、ext-che-78beaac7a8-002b、ext-che-aaecb28e19-001b；definition 的两处空白即较强还原性与 +2、+3 价。,
dir_batch_033.csv#2693,CHEMISTRY,铁的氧化物,COVERED,ext-che-500c33e244-003（铁的氧化物与酸反应的离子方程式）、ext-che-d46a1fe501-004（与不同酸反应产物不同，与还原性酸 HI 反应同时发生氧化还原）、ext-che-03eac4cd30-001b（氧化物类型及与酸和还原剂的反应）、ext-che-78beaac7a8-004。,
dir_batch_033.csv#2694,CHEMISTRY,亚铁盐,COVERED,ext-che-d46a1fe501-010（含 Fe2+ 溶液呈浅绿色，既有氧化性又有还原性但以还原性为主，且易水解）、ext-che-10003de2c3-016（配制 FeSO4 溶液加硫酸抑制水解、加铁屑防氧化的原因）、ext-che-78beaac7a8-011、ext-che-564f5081fb-016d。,
dir_batch_033.csv#2695,CHEMISTRY,铁盐的性质及应用,COVERED,ext-che-d46a1fe501-011（含 Fe3+ 溶液呈棕黄色，只具氧化性，遇 KSCN 变红，极易水解）、wusan-chem-b1c3-ferric-chloride-etching（FeCl3 溶液腐蚀铜箔制印刷电路板）、ext-che-10003de2c3-016b（强氧化性、离子共存限制与制取胶体）、ext-che-73b7eaed81-003（Fe3+ 与还原性离子不能大量共存）。,
dir_batch_033.csv#2696,CHEMISTRY,Fe2＋、Fe3＋的检验方法,COVERED,chem-kb-fe-ion-test-methods（用 KSCN 与氯水、NaOH、KMnO4、K3[Fe(CN)6]、苯酚等方法检验）、chem-iron2-detection（先加 KSCN 无变化再加氯水变红，或加 K3[Fe(CN)6] 生成蓝色沉淀）、ext-che-10003de2c3-018（混合溶液中分步检验的答题模板）、ext-che-09c8182c15-002b。,
dir_batch_033.csv#2697,CHEMISTRY,Fe2＋与Fe3＋的相互转化,COVERED,ext-che-500c33e244-016（价类二维图的三类变化以及铁三角转化中的五个典型离子反应）、wusan-che-v-8ac80abd（Fe2+ 被氧化剂氧化为 Fe3+，Fe3+ 被还原剂还原为 Fe2+）、ext-che-10003de2c3-022（铁三角转化中氧化剂的选择规律）；definition 的七处方程式空位即上述典型离子反应。,
dir_batch_033.csv#2700,CHEMISTRY,铁及其化合物的转化,COVERED,ext-che-10003de2c3-018b（从横向、纵向、斜向三个方向理解铁及其化合物的转化关系与离子共存限制）、ext-che-09c8182c15-001（按物质类别与化合价两个维度梳理横、纵、斜三类转化）、ext-che-ae9906e541-001（横向是同价态不同类别的转化，纵向与斜向体现氧化性或还原性）、chem-fx-nan-rong-xing-de-jian-yi-fen-jie-sheng-f16x02（难溶性的碱易分解生成对应的氧化物，但难溶性的碱性氧化物一般不与水反应生成对应的碱）；命中节点 铁及其化合物的转化 自身两条材料为氮的价类转化与反应物的转化率。,
dir_batch_033.csv#2701,CHEMISTRY,铁的制备和性质,COVERED,wusan-chem-b1c3-iron-preparation（工业上用热还原法炼铁，铁遇冷浓硝酸、浓硫酸钝化）、ext-che-d46a1fe501-002b（与强氧化剂生成 +3 价、与一般氧化剂生成 +2 价）、chem-hj-tie-yanghuaji-guilv、ext-che-d46a1fe501-003（高炉炼铁的原理）。,
dir_batch_033.csv#2702,CHEMISTRY,铁与水蒸气反应的注意事项,COVERED,chem-hj-f111-tie-yushuizhengqi-shiyan（高温下铁与水蒸气反应生成四氧化三铁和氢气，用肥皂液检验氢气）、ext-che-1422ee20c2-016（点燃可燃性气体前必须验纯）、chem-hj-tie-yushui-yusuan、chem-kb-iron-acid-steam-reactions。,
dir_batch_033.csv#2705,CHEMISTRY,从化合价的角度判断铁的氧化物和氢氧化物的性质,COVERED,chem-kb-iron-oxides-properties（FeO、Fe2O3、Fe3O4 的颜色、价态与化学性质比较）、chem-hj-tie-yanghuawu-xingzhi、ext-che-03eac4cd30-001b（氧化物类型及与酸和还原剂的反应）、chem-kb-iron-hydroxides-properties（Fe(OH)2 易被氧化为 Fe(OH)3）。,
dir_batch_033.csv#2706,CHEMISTRY,铁的氢氧化物的稳定性,COVERED,chem-feoh2-oxidation-color-change（Fe(OH)2 白色沉淀在空气中迅速变灰绿，最终变红褐色 Fe(OH)3）、chem-fx-nan-rong-xing-de-jian-yi-fen-jie-sheng-f16x02（难溶性的碱易分解生成对应的氧化物）、ext-che-73b7eaed81-003b（Fe3+ 极易水解，由此衍生制胶体、调 pH 除铁、配溶液加酸）、ext-che-d46a1fe501-014（除 Fe3+ 加氧化物或碳酸盐调 pH 使水解沉淀）。,
dir_batch_033.csv#2707,CHEMISTRY,有关Fe2＋、Fe3＋的水解问题,COVERED,ext-che-1422ee20c2-054d（Fe3+ 与 HCO3- 相互促进水解、反应进行到底，生成红褐色沉淀与无色气泡）、ext-che-10003de2c3-016（配制 FeSO4 溶液加硫酸抑制水解、加铁屑防氧化）、ext-che-d46a1fe501-015（铁盐溶液加酸防水解）、ext-che-73b7eaed81-003b。,
dir_batch_033.csv#2709,CHEMISTRY,铁及其化合物的转化关系,COVERED,ext-che-564f5081fb-016（Fe、Fe2+、Fe3+ 三者相互转化：遇强氧化剂生成 Fe3+、遇弱氧化剂生成 Fe2+）、wusan-chem-b1c3-iron-conversion（用价—类二维图把单质、氧化物、盐、碱按 0、+2、+3 价串起来，相互转化由氧化剂与还原剂决定）、ext-che-09c8182c15-001、ext-che-15fcabc7cf-001c。,
dir_batch_033.csv#2710,CHEMISTRY,横向变化体现了同价态不同的类别(氧化物、碱、盐)物质之间的转化。,COVERED,ext-che-ae9906e541-001（横向是同价态不同类别的转化）、ext-che-10003de2c3-018b（横、纵、斜三个方向的转化关系）、ext-che-09c8182c15-001、chem-fx-nan-rong-xing-de-jian-yi-fen-jie-sheng-f16x02（第三条与 definition 完全一致）、ext-che-78beaac7a8-004（氧化物类别及与酸反应的特点）。,
dir_batch_033.csv#2711,CHEMISTRY,斜向变化体现不同价态、不同类别之间物质的转化，主要体现物质的氧化性或还原性。,COVERED,ext-che-ae9906e541-001（纵向与斜向体现氧化性或还原性）、ext-che-10003de2c3-018b、ext-che-09c8182c15-001；命中节点 斜向变化体现不同价态-不同类别之间物质的转化 自身材料为硫的氧化性、卤素递变与还原性等通用条目；definition 尾部的价类图判断与硫酸亚铁系列转化两题属练习题干。,
dir_batch_033.csv#2712,CHEMISTRY,铁、铁的氧化物和氢氧化物的易错点,COVERED,wusan-chem-b1c3-iron-oxide-hydroxide-pitfall（Fe(OH)2 在空气中迅速变色、Fe3O4 同时含 +2 与 +3 价、铁的产物价态随氧化剂与用量而变）、ext-che-022fc6418a-012（FeO 与 HNO3、Fe2O3 与 HI 都发生氧化还原）、ext-che-10003de2c3-005（Fe(OH)2 遇稀硝酸、Fe(OH)3 遇氢碘酸均发生氧化还原而不是简单中和）。,
dir_batch_033.csv#2713,CHEMISTRY,铁盐和亚铁盐的性质和检验易错点,COVERED,ext-che-73b7eaed81-005（试剂顺序、溶液浓度、共存离子都会干扰 Fe2+ 与 Fe3+ 的检验）、ext-che-09c8182c15-003（先氯水后 KSCN 会氧化 SCN-，Cl- 会干扰高锰酸钾检验）、chem-iron3-ion-detection-three-methods（苯酚显紫色可检验 Fe3+）、chem-iron2-detection（用 K3[Fe(CN)6] 检验 Fe2+）。,
dir_batch_033.csv#2714,CHEMISTRY,铁的氧化物组成的确定,COVERED,chem-kb-iron-oxide-composition-determination（由铁、氧质量比求物质的量比，再对应化学式或混合物组成）、ext-che-10003de2c3-010、ext-che-223c7fdfd7-005、chem-fx-que-ding-tie-de-yang-hua-wu-zu-cheng-d-f15x03。,
dir_batch_033.csv#2715,CHEMISTRY,Fe(OH)2的制备,COVERED,chem-kb-feoh2-preparation-methods（关键是隔绝氧气，常用有机覆盖层法、还原性气体保护法和电解法）、chem-hj-feoh2-zhibei-zhuangzhi-chuangxin（覆盖苯或煤油、H2 排空、煮沸除氧）、chem-hj2-fe-oh2-zhibei-geyang、ext-che-d46a1fe501-005（煮沸蒸馏水、加铁屑、加苯覆盖、长滴管伸入液面下滴加）。,
dir_batch_033.csv#2717,CHEMISTRY,“铁三角”中的转化关系,COVERED,chem-kb-iron-triangle-transforms（Fe2+ 与 Fe3+ 通过氧化剂或还原剂相互转化）、ext-che-500c33e244-016（铁三角转化中的五个典型离子反应）、chem-hj-tiesanjiao-zhuanhua、ext-che-78beaac7a8-015。,
dir_batch_033.csv#2719,CHEMISTRY,铝元素的原子结构和存在,COVERED,ext-che-4ba4052b22-001（铝在第三周期ⅢA族，是地壳中含量最多的金属元素，自然界全部以化合态存在）、ext-che-0488c28b9a-002（自然界中全部以化合态存在，地壳中含量居金属首位）、ext-che-947add6b4a-003（周期表位置、原子结构与地壳中的存在形态）、ext-che-2a6b2482d9-002。,
dir_batch_034.csv#2720,CHEMISTRY,铝的物理性质,COVERED,wusan-chem-b1c3-aluminium-physical（银白色、有金属光泽的固体，密度与硬度较小，导电导热延展性良好）、ext-che-947add6b4a-003b（铝是银白色、质软、密度小的轻金属，导电导热性和延展性良好）；definition 的颜色、金属光泽、硬度与三种性能已被覆盖。,
dir_batch_034.csv#2721,CHEMISTRY,铝的化学性质,COVERED,chem-hj-lv-dexingzhi（铝既能与酸又能与强碱反应放氢气，常温遇浓硫酸浓硝酸钝化）、ext-che-947add6b4a-003c（可与氧气、氯气、酸、强碱溶液反应并钝化）、ext-che-6064148187-003（铝与 NaOH 溶液反应机理：先与水反应生成 Al(OH)3 与 H2）、chem-hj-lvre-fanying-caozuo-yaodian（铝热反应操作要点）；definition 的非金属单质反应、两性、钝化与铝热反应均被覆盖。,
dir_batch_034.csv#2722,CHEMISTRY,铝的制备和用途,COVERED,wusan-chem-b1c3-aluminium-preparation（电解熔融氧化铝制铝，铝用于导线与铝合金制品）、ext-che-59d225cbf6-007（工业炼铝的电极反应、总反应与冰晶石作用及铝的用途）、ext-che-0488c28b9a-002d（工业上电解熔融 Al2O3 制铝而不用 AlCl3，铝可作导线、轻质材料与还原剂）。,
dir_batch_034.csv#2724,CHEMISTRY,氧化铝的性质与应用,COVERED,ext-che-6064148187-004（Al2O3 是两性氧化物、熔点很高、优良耐火材料）、ext-che-947add6b4a-009（Al2O3 的两性、与酸碱反应的离子方程式及作耐火材料与电解原料）、ext-che-a4da4e924e-003b（白色难溶于水、熔点高硬度大、两性氧化物）；definition 的两性、离子方程式与两项用途均被覆盖。,
dir_batch_034.csv#2725,CHEMISTRY,氢氧化铝的性质与制备,COVERED,chem-hj-qingyanghualv-liangxing（Al(OH)3 是典型两性氢氧化物、加热分解）、ext-che-edc670dfda-012（Al(OH)3 的两性电离、与酸碱的反应及制备）、ext-che-a4da4e924e-004（两性、制备时应用弱碱氨水或通入 CO2）；definition 的与盐酸、NaOH 反应、受热分解与加氨水制备均被覆盖。,
dir_batch_034.csv#2726,CHEMISTRY,从铝土矿提纯Al2O3(碱溶法)的工艺流程,COVERED,ext-che-947add6b4a-022（碱溶法各步的离子方程式、用 CO2 酸化而不用强酸的原因及杂质 SiO2 的影响）、ext-che-089c778d20-017（用 NaOH 溶解铝土矿、通 CO2 析出 Al(OH)3、灼烧得 Al2O3）、ext-che-29b4143ea2-003（碱溶法与酸溶法的试剂、离子方程式与除杂原理对比）；冰晶石作助熔剂降低 Al2O3 熔化温度另见 ext-che-2a6b2482d9-003b，definition 的碱溶法主线已被覆盖。,
dir_batch_034.csv#2727,CHEMISTRY,一种重要的复盐——明矾,COVERED,ext-che-6064148187-006（明矾是复盐，与 Ba(OH)2 反应随恰好沉淀的离子不同而产物不同）、ext-che-59d225cbf6-013（十二水合硫酸铝钾的组成、电离、净水原理以及与 Ba(OH)2 反应的两个极限）、ext-che-a4da4e924e-005（Al3+ 恰好沉淀与 SO42- 恰好沉淀两种情况下离子方程式不同）。,
dir_batch_034.csv#2730,CHEMISTRY,中学化学中常见的既能与盐酸反应，又能与NaOH溶液反应的物质：,COVERED,命中节点 中学化学中常见的既能与盐酸反应-又能与naoh溶液反应的物质，其材料 ext-che-3b8d34b524-019（中学阶段既能与盐酸又能与 NaOH 溶液反应的物质清单）、ext-che-0488c28b9a-008b（弱酸的铵盐、弱酸的酸式盐、氨基酸以及铝及铝的氧化物、氢氧化物）、ext-che-2a6b2482d9-007（铝及其两性化合物、多元弱酸酸式盐、弱酸铵盐、氨基酸）覆盖 definition 的①—⑥清单；mech=unmatched 只是名称未自动命中。,
dir_batch_034.csv#2732,CHEMISTRY,基于“两性”类比推测Be、Zn及其化合物的性质,COVERED,ext-che-4ba4052b22-007 的内容含 Be、Zn 单质溶于强酸强碱的方程式、BeO 与 ZnO、Be(OH)2 与 Zn(OH)2 的两性，覆盖 definition 的三组反应；节点 基于-两性-类比推测be-zn及其化合物的性质 仅此一条材料且已覆盖全部实质内容。,
dir_batch_034.csv#2734,CHEMISTRY,铝及其化合物之间的性质与应用,COVERED,wusan-chem-b1c3-aluminium-triangle（Al3+ 加碱生成 Al(OH)3、碱过量继续转化为 [Al(OH)4]-，反向加酸依次变回）、ext-che-947add6b4a-014（铝三角六组核心方程式）、ext-che-15fcabc7cf-001f（铝及其化合物间的转化关系）；definition 即该转化关系（二维图）。,
dir_batch_034.csv#2736,CHEMISTRY,含铝物质的制备和转化,COVERED,ext-che-4ba4052b22-009（工业冶炼铝用电解熔融 Al2O3，含铝物质经碱溶法或酸溶法除杂后得 Al(OH)3 并灼烧制 Al2O3）、ext-che-947add6b4a-023（酸溶法溶解、碱化转化铝铁、通 CO2 沉铝）、wusan-chem-b1c3-aluminate-conversion（Na[Al(OH)4] 与少量或足量盐酸、足量 CO2 反应得到不同产物）；definition 的知识主线（冶炼铝的碱溶法与酸溶法方案）已被覆盖，其余为题（1）与铝渣制 Li2CO3 的填空残片。,
dir_batch_034.csv#2737,CHEMISTRY,铝及其化合物的易错点,COVERED,wusan-chem-b1c3-aluminium-pitfall（钝化不等于不反应、Al(OH)3 溶于强碱而非氨水、[Al(OH)4]- 的产物随酸用量变化）、ext-che-5cfa9e1433-008（钝化不等于不反应、铝与碱反应中氧化剂是水、铝热反应只适用于活动性弱于铝的金属氧化物）、ext-che-edc670dfda-010b（钝化、稀硝酸产物、铝与碱反应机理、铝热反应误区）、ext-che-089c778d20-003（能与铝放氢的溶液可能呈酸性也可能呈碱性）。,
dir_batch_034.csv#2738,CHEMISTRY,铝与酸、碱反应生成H2的定量关系,COVERED,chem-hj-lv-suanjian-pingheng-xingzhuang（等质量铝与足量酸、足量碱产氢相同；等量酸碱消耗铝之比 1:3）、ext-che-3975d695b8-011（等质量的铝与足量酸、碱生成等量氢气，相同物质的量的 HCl 与 NaOH 与足量铝反应生成氢气之比为 1:3）、ext-che-0488c28b9a-005（同两条比例结论）；definition 的两条方程式与定量关系已被覆盖。,
dir_batch_034.csv#2739,CHEMISTRY,等质量的铝与足量的盐酸、氢氧化钠溶液分别反应：,COVERED,ext-che-5cfa9e1433-010（等质量铝与足量盐酸、NaOH 反应放出 H2 相等；消耗 H+ 与 OH- 之比为 3:1；足量铝与等量酸碱反应 H2 比为 1:3）与 definition 的两条结论逐条对应，且该材料即挂在本节点下。,
dir_batch_034.csv#2741,CHEMISTRY,一定量的铝分别与一定量的盐酸、氢氧化钠溶液反应：,COVERED,ext-che-edc670dfda-010（一定量的铝分别与一定量的盐酸、氢氧化钠溶液反应时，若产生氢气的体积比小于 1，则与盐酸反应时铝过量、盐酸不足，与 NaOH 溶液反应时铝不足、NaOH 过量）覆盖 definition 的结论；其余(1)—(4)为填空练习残片。,
dir_batch_034.csv#2742,CHEMISTRY,Al3＋、Al(OH)3、AlO([Al(OH)4]-)之间的转化,COVERED,ext-che-947add6b4a-014（铝三角六组核心方程式，含 Al3+ 与氨水、Al3+ 与 [Al(OH)4]-、Al3+ 与 OH- 生成 Al(OH)3 以及 Al(OH)3 溶于强酸强碱等）与 definition 的(1)—(6)逐条对应、ext-che-0488c28b9a-015（含 Al3+、NH4+、H+ 的溶液滴加 NaOH 的顺序为 H+、Al3+、NH4+、Al(OH)3，与 definition 第 2 题一致），两条材料挂在节点 铝及其化合物之间的性质与应用 下；mech=unmatched 仅为名称未自动命中。,
dir_batch_034.csv#2743,CHEMISTRY,镁的化学性质,COVERED,wusan-chem-b1c3-magnesium-chemistry（镁能与氮气、二氧化碳、氧气和沸水反应，在 CO2 中燃烧生成 MgO 和 C）、ext-che-aa594dae5a-002（能与 O2、N2、Cl2、CO2、H2O、H+ 反应）、chem-fx-you-yu-neng-gou-zai-zhong-ran-shao（镁着火时不能用干冰灭火器和泡沫灭火器）；definition 的五项反应均被覆盖。,
dir_batch_034.csv#2744,CHEMISTRY,镁的重要化合物,COVERED,ext-che-a4da4e924e-001b（MgO 是碱性氧化物、Mg(OH)2 是中强碱且溶解度小于 MgCO3、二者均可与非氧化性酸反应）、ext-che-8200320f62-001b（MgO 熔点高可作耐高温材料、Mg(OH)2 溶解度小于 MgCO3）、ext-che-2a6b2482d9-017（氧化镁是碱性氧化物、氢氧化镁是中强碱）。,
dir_batch_034.csv#2745,CHEMISTRY,海水提取镁,COVERED,wusan-chem-b1c3-magnesium-from-seawater（贝壳煅烧制石灰乳、沉淀 Mg(OH)2、盐酸酸化得 MgCl2·6H2O、脱水、电解熔融 MgCl2）、ext-che-8200320f62-002（海水提镁先制石灰乳、沉淀镁离子、加盐酸制氯化镁、电解熔融氯化镁四步）、ext-che-97a64ae5f0-026（六个基本步骤与主要反应）；definition 的四步反应均被覆盖。,
dir_batch_034.csv#2746,CHEMISTRY,单质铜的化学性质,COVERED,ext-che-36827105a2-002b（铜与氧气、硫、浓硫酸、硝酸、氯化铁反应的化学方程式与离子方程式）、ext-che-60001e1716-007（铜与氧气、硫、氧化性酸及某些盐溶液反应）、ext-che-b15ead938d-010（与氧气、硫、浓硫酸、硝酸、盐溶液的典型反应）；definition 的方程式空位对应的反应均被覆盖。,
dir_batch_034.csv#2748,CHEMISTRY,铜盐,COVERED,ext-che-c343da7e81-005（碱式碳酸铜受热分解并可溶于酸、硫酸铜晶体受热失水、无水硫酸铜遇水变蓝可检验水、铜盐能使蛋白质变性）、ext-che-3b8d34b524-005c（碱式碳酸铜、五水硫酸铜的组成与性质及铜盐的毒性和杀菌应用）、wusan-chem-b1c3-copper-salt（CuSO4 遇水生成胆矾、受热又脱水、无水 CuSO4 遇水变蓝可检验水）。,
dir_batch_034.csv#2749,CHEMISTRY,合金的概念及性能,COVERED,chem-hj-hejin-gainian-xingneng（合金是两种或以上金属或金属与非金属熔合而成、具有金属特性的混合物，熔点更低、硬度更大）、ext-che-c343da7e81-009（熔点一般低于成分金属、硬度一般大于成分金属，且一定是混合物）、ext-che-3c4c35875f-011（概念、组成与性能）；definition 的定义与性能两条均被覆盖。,
dir_batch_034.csv#2750,CHEMISTRY,常见金属材料,COVERED,wusan-chem-b1c3-common-metal-materials（铁合金有生铁和钢、铝合金密度小强度高、新型合金）、ext-che-c343da7e81-010（铁合金是用量最大、用途最广的合金，铝合金、铜合金各有特性）、ext-che-8200320f62-004（铝合金密度小强度高，铜合金包括青铜、黄铜和白铜）；definition 的三类合金均被覆盖。,
dir_batch_034.csv#2751,CHEMISTRY,金属矿物的开发利用,COVERED,ext-che-af4dd3fb51-016（金属的存在形态、冶炼实质与方法选择及资源合理利用）、wusan-che-v-21f1b442（按金属活泼性选择电解法、热还原法或热分解法）、ext-che-60001e1716-004（冶炼实质是金属离子得电子被还原）；definition 的知识条目已被覆盖，末尾两小题为练习残片。,
dir_batch_034.csv#2752,CHEMISTRY,海水提镁的工艺流程分析,COVERED,ext-che-8200320f62-005（沉淀镁离子用石灰乳、从氯化镁溶液得晶体用蒸发浓缩冷却结晶、六水合氯化镁必须在氯化氢气流中脱水以防水解）与 definition 三条逐条对应、ext-che-8200320f62-006b（同三条结论）、chem-hj2-haishui-timei-liucheng（海水提镁流程原理）。,
dir_batch_034.csv#2754,CHEMISTRY,铜及其化合物的性质,COVERED,ext-che-8200320f62-006c（Cu 与稀硫酸不反应但通入 O2 并加热时可溶解；+1 价铜有较强还原性、在酸性条件下歧化生成 Cu 和 Cu2+，可用来区别 Cu 和 Cu2O）、ext-che-36827105a2-007（Cu 在氧气存在下溶于稀硫酸、无水硫酸铜检验水）、ext-che-3b8d34b524-006（无水硫酸铜检验水）；definition 的三项均被覆盖。,
dir_batch_034.csv#2755,CHEMISTRY,红色物质Cu和Cu2O的检验,COVERED,ext-che-8200320f62-007（向红色物质中加入稀硫酸、不能用硝酸，若溶液由无色变蓝则该物质为 Cu2O，否则为 Cu）、ext-che-b15ead938d-011（利用 Cu2O 在稀硫酸中歧化生成蓝色铜离子而 Cu 不反应来区分两者）、ext-che-1422ee20c2-061（Cu2O 遇酸歧化生成铜离子与红色的铜）。,
dir_batch_034.csv#2757,CHEMISTRY,金属的冶炼 金属矿物的开发利用,COVERED,ext-che-ae82ac501b-010b（制镁只能电解熔融 MgCl2，制铝只能电解熔融 Al2O3 而不能电解 AlCl3）、ext-che-c343da7e81-012b（活泼金属只能电解熔融盐或氧化物，镁选 MgCl2、铝选 Al2O3 并加冰晶石）、ext-che-3b8d34b524-004 与 ext-che-084a704b8f-004（粗铜电解精炼得精铜）；definition 的四项均被覆盖。,
dir_batch_034.csv#2758,CHEMISTRY,镁及其化合物的难点释疑,COVERED,ext-che-8200320f62-008（燃烧产物为 MgO 与少量 Mg3N2、C；常用 NaOH 检验 Mg2+；MgCO3 水解生成 Mg(OH)2；MgCl2·6H2O 需在 HCl 气流中脱水；电解得到的镁要在 H2 中冷却）、ext-che-8200320f62-009c、wusan-chem-b1c3-magnesium-hard-points（镁在 CO2 中燃烧、MgO 是碱性氧化物、Mg(OH)2 溶解度小于 MgCO3）。,
dir_batch_034.csv#2759,CHEMISTRY,铜及其化合物的易错点,COVERED,ext-che-8200320f62-010b（铜在潮湿空气中生成铜绿、Cu(OH)2 不是两性氢氧化物、氨水与铜盐先沉淀后溶解、CuSO4 只检验水不除水）、ext-che-8200320f62-009b（铜常温下生成铜绿而加热生成氧化铜、氢氧化铜溶于酸和氨水、硫酸铜只用于检验水）、ext-che-c343da7e81-006（灼热铜粉可除氧气、新制氢氧化铜检验醛基）。,
dir_batch_034.csv#2760,CHEMISTRY,金属材料和金属的冶炼易错点,COVERED,ext-che-8200320f62-010（钠钾合金常温下是液体、合金是混合物且各成分化合价为零、并非所有金属都能形成合金、金属越不活泼越易被冶炼、用还原法冶炼活泼金属利用化学平衡移动原理）、ext-che-8200320f62-011b、ext-che-3c4c35875f-014（铝热反应只能冶炼比铝不活泼的金属）。,
dir_batch_034.csv#2761,CHEMISTRY,金属及其化合物的制备,COVERED,wusan-chem-b1c3-metal-preparation（活泼金属电解熔融盐、较活泼金属热还原、不活泼金属热分解；化合物制备按转化关系选择试剂与条件）、ext-che-e2fc9d535c-015（金属冶炼的实质、一般步骤及按活动性选择冶炼方法）；definition 的六个关键与四步法均指向金属及其化合物的制备路径选择。,
dir_batch_034.csv#2762,CHEMISTRY,热重分析确定金属化合物的组成,COVERED,chem-thermogravimetry-four-step-method（定初始量、求失重、定组成、守恒求解四步推断各温度段固体化学式）、chem-thermogravimetry-weight-loss-order（先失去结晶水、再失去非金属元素形成的气体）、chem-thermogravimetry-plateau-analysis（平台代表组成恒定的稳定固体）、ext-che-8200320f62-012（由失重质量与残留率推断每步产物，最后用金属与氧的物质的量之比确定氧化物化学式）。,
dir_batch_034.csv#2763,CHEMISTRY,依据官能团分类,COVERED,ext-che-939ab7f34c-001（按组成元素、碳骨架与官能团三条线索分类，官能团决定有机物的特性）、ext-che-1e9a37df8e-004（按碳骨架与按官能团两条主线归类，官能团是决定化学特性的原子或原子团）、chem-hj2-youji-fenlei-gongnengtuan-bianxi（只含 C、H 的为烃，含其他元素的为烃的衍生物）；definition 的官能团概念与烃、烃的衍生物分类均被覆盖。,
dir_batch_034.csv#2768,CHEMISTRY,含官能团的链状有机物命名,COVERED,ext-che-1d4b3bfdba-009（烯烃、炔烃选含双键三键的最长链并注明位置，卤代烃以卤素原子作取代基，醇以羟基为官能团，醛和羧酸的官能团总在 1 号位）、wusan-che-v-d80b1073（含卤素时把卤素原子看作取代基；酯按形成它的酸和醇命名）、ext-che-1e9a37df8e-006（聚合物在单体名前加聚字，见节点 一些有机物的命名）；definition 的三项均已在包内节点材料中覆盖。,
dir_batch_034.csv#2769,CHEMISTRY,苯的同系物的命名,COVERED,chem-fx-ben-de-tong-xi-wu-de-ming-ming-f02x01（习惯命名以苯环为母体、二元取代物用邻间对表示；系统命名把苯环上碳原子编号并选取最小位次号）、ext-che-a4f995ac24-001（以苯环为母体称某苯与以苯基为取代基两类命名、多取代时使取代基位号尽量小）、chem-fx-ben-de-tong-xi-wu-f58x06（支链由整到散、苯环上按邻间对书写）。,
dir_batch_034.csv#2772,CHEMISTRY,分离、提纯有机化合物常用的方法,COVERED,chem-fx-chang-yong-de-fen-li-fang-fa-f56x05（萃取和分液利用溶质在互不相溶的溶剂里的溶解度不同，如用 CCl4 或苯萃取溴水中的溴）、ext-che-01eb9ee365-016（萃取分液利用溶质在两种互不相溶的溶剂中溶解度的差异，萃取剂需与原溶剂互不相溶且不与溶质反应）、ext-che-e5ccf9cc1e-019（研究有机物常用蒸馏、重结晶、萃取分液提纯）；definition 的蒸馏与重结晶、液-液萃取原理与萃取剂选择均被覆盖。,
dir_batch_034.csv#2773,CHEMISTRY,有机物分子分子式的确定,COVERED,chem-hj-fenzi-shi-queding-liucheng（经分离提纯、元素定量分析定实验式、质谱定相对分子质量）、ext-che-e5ccf9cc1e-019b（由燃烧产物确定元素质量分数得实验式，由质谱法测相对分子质量，两者结合确定分子式）、ext-che-067cb2c820-015、ext-che-1e9a37df8e-021（元素定量分析求实验式，质谱法求相对分子质量，二者结合定分子式）。,
dir_batch_034.csv#2774,CHEMISTRY,有机物分子结构的确定,COVERED,ext-che-e05314cc33-042（峰面积比给氢的个数比与对称性，红外光谱给是否存在某种化学键）、chem-mo-fenzi-jiegou-ceding-yiqi（红外光谱测定分子中的化学键和官能团）、ext-che-a4f995ac24-008b（吸收峰组数等于等效氢原子的种数，吸收峰面积之比等于不同种类等效氢原子的数目之比）；definition 的红外光谱与核磁共振氢谱两条均被覆盖。,
dir_batch_034.csv#2776,CHEMISTRY,有机化合物中碳原子的成键特点,COVERED,ext-che-e8e221ed0f-007（碳原子最外层有 4 个电子，能形成 4 个共价键，碳原子之间可形成单键、双键或三键，多个碳原子可成链、成环或带支链）、ext-che-067cb2c820-002（碳原子的 4 个价电子、可形成单双三键与碳链碳环）；definition 的三项均被覆盖。,
dir_batch_034.csv#2777,CHEMISTRY,有机化合物中的共价键,COVERED,ext-che-067cb2c820-003b（σ 键头碰头重叠、电子云重叠程度大而键较牢固，π 键肩并肩重叠、重叠程度比 σ 键小而稳定性低）、ext-che-e8e221ed0f-006d（乙醇中碳氧键与氢氧键极性较强容易发生取代反应，乙烯分子中 π 键不稳定容易断裂发生加成反应）、ext-che-1e9a37df8e-012（π 键不稳定易加成）；definition 的键强度比较与两类键对应的取代、加成反应均被覆盖。,
dir_batch_034.csv#2778,CHEMISTRY,有机化合物的空间结构,COVERED,ext-che-e8e221ed0f-011（甲烷最多 3 个原子共面、乙烯 6 个原子一定共面、苯 12 个原子一定共面、乙炔 4 个原子一定共直线；碳碳单键可旋转；直线与平面、平面与平面、平面与立体连接后的共面分析）、ext-che-e8e221ed0f-011b（四种基本模型与单键旋转的注意点）；definition 的四种模型与共线共面分析均被覆盖。,
dir_batch_034.csv#2780,CHEMISTRY,同系物,COVERED,ext-che-e5ccf9cc1e-011（同系物是结构相似、分子组成上相差一个或若干个 CH2 原子团的化合物，判断要看官能团种类数目相同与通式相同）、ext-che-e8e221ed0f-007b（同系物的判定要点）、ext-che-1e9a37df8e-013（结构相似、组成相差一个或若干 CH2 原子团的化合物互称同系物）。,
dir_batch_034.csv#2781,CHEMISTRY,同分异构现象和同分异构体,COVERED,ext-che-e5ccf9cc1e-011b（分子式相同而结构不同的现象叫同分异构现象，常见类型有碳架异构、位置异构和官能团异构）、ext-che-a4f995ac24-001e（同分异构体按碳架异构、位置异构、官能团异构和立体异构分类）、ext-che-067cb2c820-006（同分异构现象的成因与构造异构、立体异构的分类）。,
dir_batch_034.csv#2782,CHEMISTRY,简单有机物同分异构体的书写,COVERED,chem-carbon-skeleton-isomer-order（主链由长到短、支链由整到散、位置由心到边）、chem-fx-xi-ting-gui-ting-tong-fen-yi-gou-ti-de-f58x05（烯烃、炔烃同分异构体的书写）、ext-che-72ca720a85-015（烷烃、烯炔、苯的同系物与含氧衍生物的同分异构体书写顺序与技巧）；definition 的四类书写方法均被覆盖。,
dir_batch_034.csv#2787,CHEMISTRY,一般步骤,COVERED,ext-che-6014828781-003（有机化合物命名的一般步骤为选母体、编序号、写名称，并含系统命名法中四种字的含义）与 definition 选母体、编序号、写名称逐字对应，且该材料即挂在本节点下。,
dir_batch_034.csv#2788,CHEMISTRY,命名原则,COVERED,ext-che-0bf385ef55-003（选母体与编序号的原则，以及各类有机物命名的通用要点）、ext-che-e5ccf9cc1e-004（含官能团物质选含官能团的最长碳链并让官能团位次最小）、ext-che-1e9a37df8e-005（定母体、编号、写取代基三步）；definition 的选母体与编序号两条原则均被覆盖。,
dir_batch_034.csv#2789,CHEMISTRY,一些有机物的命名,COVERED,ext-che-d361f74c03-005（烷烃习惯命名与系统命名、烯炔与苯的同系物命名及含氧衍生物命名）、ext-che-1e9a37df8e-006（卤素原子作取代基、酯按某酸某酯命名、聚合物在单体名前加聚字）；definition 的烯炔、烷基苯与烃的衍生物命名均被覆盖。,
dir_batch_034.csv#2792,CHEMISTRY,有机物的分离和提纯,COVERED,chem-hj-youji-fenli-tichun-fangfa（蒸馏分离沸点差大的液体、重结晶提纯固体、萃取分液分离互不相溶体系）、chem-organic-purification-sequence（按过滤、蒸馏、萃取、分液分离，再经重结晶与水洗-碱洗-水洗-干燥提纯）、ext-che-01eb9ee365-018（按目标产物与杂质的性质差异选择分离提纯方法）；definition 即分离提纯方法的选择。,
dir_batch_034.csv#2794,CHEMISTRY,有机物组成和结构的确定,COVERED,ext-che-1d4b3bfdba-011（由元素分析得实验式再用质谱法测相对分子质量并结合实验式确定分子式；红外光谱确定化学键和官能团；核磁共振氢谱吸收峰个数等于不同化学环境氢原子的种数、面积之比等于氢原子个数比；X 射线衍射测定晶体结构）与 definition 的两项逐条对应，且该材料即挂在本节点下。,
dir_batch_034.csv#2796,CHEMISTRY,判断同分异构体数目的常用方法和思路,COVERED,chem-alkyl-group-count-trick（基元法：丁基 4 种则丁醇等各 4 种）、ext-che-067cb2c820-007b（烃基法与替代法）、chem-equivalent-hydrogen-rules（等效氢三规则：同一碳上的 H、同一碳所连相同基团上的 H、对称位置上的 H）、chem-fx-er-yuan-qu-dai-wu-shu-mu-de-pan-duan-f58x10（二元取代物用定一移一法）、ext-che-067cb2c820-008（等效氢法与组合法的相乘思路）；definition 的五种方法均被覆盖。,
dir_batch_034.csv#2797,CHEMISTRY,含苯环同分异构体数目的确定技巧,COVERED,chem-benzene-multi-substitution-counts（二取代 3 种邻间对；三取代三同 3 种、两同一异 6 种、三异 10 种）与 definition 四条逐条对应、ext-che-4dd2e79693-114（苯环一取代 1 种、二取代 3 种、三取代按取代基异同分为 3、6、10 种）。,
dir_batch_034.csv#2799,CHEMISTRY,有机物命名易错点,COVERED,ext-che-e5ccf9cc1e-005（系统命名常错在主链选取不当、编号不是最小、支链主次不分、连接符号遗漏或错用，以及出现 1-甲基、2-乙基等名称）、ext-che-72ca720a85-013（归纳主链选取、编号、支链顺序与连接符号四类错误并解释四种字的含义）、ext-che-95860fb410-020（主链选取、编号、支链主次与字义混淆四类常见错误）。,
dir_batch_035.csv#2800,CHEMISTRY,有机物分子式和结构确定易混易错点,COVERED,ext-che-1d4b3bfdba-016（红外光谱获得化学键与官能团信息、核磁氢谱推知氢的种类与数目之比、质谱法只测相对分子质量、元素分析仪不能测空间结构、同分异构体最大质荷比相同而其余碎片峰不同、乙醇与水互溶不能作萃取剂）；definition 的六条结论与易错辨析均与该材料逐条对应。,
dir_batch_035.csv#2801,CHEMISTRY,同系物、同分异构体的概念和判断易混易错点,COVERED,chem-textbook-homolog-isomer（同系物结构相似且组成相差若干 CH2、同分异构体分子式相同结构不同，含碳链异构、位置异构、官能团异构）、chem-hj2-wutong-bijiao-xijie（同位素、同素异形体、同系物、同分异构体、同种物质的五同辨析）、ext-che-72ca720a85-014（同系物定义、同分异构现象与类型及官能团异构）；definition 的概念、类别归属与性质关系已被覆盖。,
dir_batch_035.csv#2802,CHEMISTRY,有机化合物的共面共线的判断,COVERED,wusan-che-v-6c16113a（单键可旋转、双键三键不能旋转，用甲烷乙烯乙炔苯甲醛五模型推导共面共线原子数）、ext-che-4dd2e79693-106b（三个基本共线模型）、ext-che-e8e221ed0f-012（审题抓住可能、一定、最多、所有原子等限定词）、ext-che-da2d86034b-158（拆成乙炔型、苯型、甲烷型、乙烯型单元再旋转单键取最多）；definition 的看清要求、选准主体、准确判断三步与四条判断结论均有材料覆盖。,
dir_batch_035.csv#2807,CHEMISTRY,脂肪烃的结构特点及通式,COVERED,chem-hj2-zhi-fang-tongshi-jiegou（烷烃 CnH2n+2、烯烃 CnH2n、炔烃 CnH2n-2 及三类烃的结构特点）、ext-che-c940c45b21-002（烷烃为饱和链烃、烯烃含一个碳碳双键、炔烃含一个碳碳三键）、ext-che-0377cca198-001（三类脂肪烃的结构特征与链状烃通式）；definition 的结构特点与通式已被覆盖。,
dir_batch_035.csv#2808,CHEMISTRY,烯烃的顺反异构,COVERED,chem-hj2-shunfan-yigou-tiaojian（碳碳双键不能旋转导致原子或原子团空间排列不同，要求每个双键碳上连两个不同的原子或原子团）、ext-che-c8f0c72345-008b（甲基在同侧为顺式、异侧为反式）、ext-che-0377cca198-001b（顺反异构的成因、存在条件与性质特点）；definition 的概念、存在条件、两种结构形式与性质特点均被覆盖。,
dir_batch_035.csv#2811,CHEMISTRY,烷烃的化学性质,COVERED,ext-che-9129741016-003（烷烃的稳定性、燃烧反应、光照取代反应与高温分解）、ext-che-cd2e065d4b-002（光照下取代产物是混合物、被取代 1 mol 氢原子消耗 1 mol Cl2）、ext-che-0377cca198-002（燃烧、光照取代与受热分解及定量关系）；definition 的稳定性、燃烧、取代与分解四部分均已覆盖。,
dir_batch_035.csv#2812,CHEMISTRY,烯烃的化学性质,COVERED,ext-che-0377cca198-003（烯烃的氧化反应、加成反应与加聚反应及不对称加成的取向规律）、ext-che-a4f995ac24-028（按双键碳上氢原子个数判断酸性高锰酸钾氧化双键的产物类型）、chem-hj-zhi-jianbie-chuzha-chayi（烷烃与烯炔的鉴别与除杂试剂差异）；definition 的氧化、加成与不对称加成取向已被覆盖。,
dir_batch_035.csv#2813,CHEMISTRY,炔烃的化学性质,COVERED,wusan-chem-x3c2-alkyne-chemistry（乙炔与氯化氢加成制氯乙烯、与水加成制乙醛、也能加聚）、ext-che-024618b63e-008（炔烃的定义、通式及氧化、加成等反应规律）、ext-che-0377cca198-004b（炔烃的氧化反应、加成反应与加聚反应）；definition 的三类反应已被覆盖。,
dir_batch_035.csv#2814,CHEMISTRY,乙炔的实验室制法,COVERED,ext-che-cd2e065d4b-004（电石与水的反应太剧烈，需用饱和食盐水控速且不能用启普发生器）、ext-che-26cfa23439-012b（用饱和食盐水减缓并用棉花防堵、除去 H2S 与 PH3 杂质）、chem-hj-yique-shiyanshi-zhifa（杂质 H2S、PH3 用 CuSO4 或 NaOH 溶液除去）；definition 的原理、净化与注意事项已被覆盖（尾部甲烷与氯气的实验题属练习题干）。,
dir_batch_035.csv#2819,CHEMISTRY,苯分子的空间结构,COVERED,ext-che-cd2e065d4b-015（键长键能完全相同、邻二取代无同分异构体、不能使溴水与酸性高锰酸钾溶液褪色，共同说明苯环中没有单双键交替）、ext-che-0377cca198-007（苯的平面正六边形结构、成键特点与不存在单双键交替结构的证明）；definition 的空间结构与三条证明已被覆盖。,
dir_batch_035.csv#2820,CHEMISTRY,苯的化学性质,COVERED,ext-che-0cc28049e6-014（苯的卤代、硝化、磺化与加氢反应所需的条件和试剂）、ext-che-0377cca198-008（苯与浓硫酸的磺化反应和苯与氢气的加成反应的条件与方程式）、wusan-chem-x3c2-benzene-chemistry（苯在催化剂下发生环上卤代、硝化与磺化并能与氢加成）；definition 的氧化、取代与加成三部分已被覆盖。,
dir_batch_035.csv#2821,CHEMISTRY,苯的取代反应实验,COVERED,ext-che-0377cca198-008b（苯的溴代与硝化实验的原理、现象与产物分离提纯方法）、chem-hj2-xiuben-zhibei-ben-xiaoyong（苯与液溴在 FeBr3 催化下取代生成溴苯和 HBr、长导管冷凝回流、导管口不能插入水中）、ext-che-6d424ebdaa-002（粗溴苯的洗涤顺序与 HBr 检验的干扰排除）；definition 的两个实验的原理、现象与提纯已被覆盖。,
dir_batch_035.csv#2823,CHEMISTRY,芳香烃,COVERED,wusan-chem-x3c2-aromatic-hydrocarbon（芳香烃是分子里含有一个或多个苯环的烃）、ext-che-0377cca198-009（芳香烃的定义、苯及其同系物的通式与结构特征以及芳香族化合物、芳香烃与苯的同系物的关系）；definition 的定义与分类已被覆盖。,
dir_batch_035.csv#2824,CHEMISTRY,苯的同系物的结构与性质,COVERED,ext-che-cd2e065d4b-018（苯环使侧链烃基易被氧化为羧基、侧链使苯环邻对位上的氢变活泼，故甲苯能生成三硝基甲苯）、ext-che-cd2e065d4b-020（取代位置随条件改变、侧链可被氧化为羧基、加氢只发生在苯环上）、ext-che-0377cca198-010（烷基与苯环的相互影响及由此产生的取代与氧化性质差异）；definition 的相似性与差异性已被覆盖。,
dir_batch_035.csv#2825,CHEMISTRY,芳香烃的用途及对环境的影响,COVERED,ext-che-9129741016-011（苯、甲苯、二甲苯、乙苯是重要化工原料，苯为良好溶剂；装饰材料与烟雾中的苯危害健康）、ext-che-0377cca198-010b（芳香烃在化工与溶剂方面的用途以及苯等对环境和健康的不利影响）；definition 的用途与环境影响两条均被覆盖。,
dir_batch_035.csv#2827,CHEMISTRY,石油的综合利用,COVERED,ext-che-559ca46563-015（石油是多种烃的混合物，分馏为物理变化，裂化、裂解为化学变化）、ext-che-e47f5611e7-003（石油分馏、裂化、裂解、催化重整的变化类型与产物）、chem-hj-shitran-liaoyong-zhifa（石油经分馏、裂化、裂解、重整加以利用）；definition 的石油成分与综合利用已被覆盖。,
dir_batch_035.csv#2828,CHEMISTRY,煤的综合利用,COVERED,ext-che-042f4a1023-024（煤的干馏、气化、液化的含义与产物，均为化学变化）、ext-che-0cc28049e6-020（煤是复杂混合物，煤中不含苯、萘、酚类）、wusan-chem-x3c2-coal-utilization（干馏得焦炭与煤焦油、气化生成水煤气、液化得液体燃料）；definition 的组成、干馏产物、气化与液化已被覆盖。,
dir_batch_035.csv#2829,CHEMISTRY,天然气的综合利用,COVERED,chem-fx-tian-ran-qi-yu-shui-zheng-qi-fan-ying-f59x08（天然气与水蒸气反应制取 H2 的化学方程式）、ext-che-0cc28049e6-018（天然气的主要成分是甲烷，可用作清洁燃料与合成氨、生产甲醇的化工原料）；definition 的两条均被覆盖。,
dir_batch_035.csv#2831,CHEMISTRY,脂肪烃的结构和性质,COVERED,ext-che-a4f995ac24-002（烷烃取代、烯烃与炔烃的加成与加聚、二烯烃的 1，2-加成与 1，4-加成及氧化反应规律）、ext-che-cd2e065d4b-003（碳碳单键稳定只发生取代，双键、三键易发生氧化、加成与加聚）、ext-che-0377cca198-004（二烯烃的通式以及 1，2-加成与 1，4-加成）；definition 的各类烃结构与性质对比已被覆盖（尾部两题为例题）。,
dir_batch_035.csv#2833,CHEMISTRY,苯及其同系物的性质,COVERED,wusan-chem-x3c2-toluene-derivatives（甲苯在光照下取代侧链、在催化剂下取代苯环，烷基活化苯环、苯环活化烷基）、ext-che-dd5441f574-003（烷基使苯环更易取代、苯环使侧链甲基易被氧化）、ext-che-7bbf0904a5-004（邻对位与间位定位规律）；definition 的两条相互影响以及取代位置与氧化规律已被覆盖。,
dir_batch_035.csv#2836,CHEMISTRY,溴苯和硝基苯的制取实验,COVERED,chem-hj-xiuben-tichun-liucheng-lizi（溴苯、硝基苯提纯按水洗、碱洗、再水洗、干燥、蒸馏的流程）、chem-hj2-youji-zhibei-tongyong-guilv（有机制备按产物性质选蒸馏分液提纯并计算产率）、ext-che-cd2e065d4b-016 与 ext-che-cd2e065d4b-017（溴苯与硝基苯制取的要点与提纯）；definition 的有机化合物分离及提纯方法选择已被覆盖。,
dir_batch_035.csv#2839,CHEMISTRY,芳香烃的结构和性质易混易错点,COVERED,ext-che-9129741016-021（苯使溴水褪色是萃取而非取代、苯的邻二取代物只有一种、侧链光照取代而苯环需铁催化）、wusan-chem-x3c2-aromatic-pitfall（苯不能被酸性高锰酸钾氧化、苯的同系物只有与苯环直接相连的碳上有氢时才能被氧化）、ext-che-0377cca198-016（苯的同系物判定、溴水褪色原因、苯环结构证明与取代条件）；definition 的五条易错结论均有材料覆盖。,
dir_batch_035.csv#2840,CHEMISTRY,以烯烃、炔烃为原料的有机合成,COVERED,ext-che-e05314cc33-023c（烯烃的臭氧氧化、酸性高锰酸钾氧化与双烯合成环加成形成六元环）、chem-fx-cong-yuan-liao-de-li-yong-lv-fen-xi-f46x11（从原料利用率分析合成路线）；definition 的成环反应与合成路线评价已被覆盖（尾部两题为例题）。,
dir_batch_035.csv#2843,CHEMISTRY,烃类的燃烧规律,COVERED,ext-che-cd2e065d4b-004b（以燃烧通式比较等物质的量与等质量时的耗氧量并判断燃烧前后气体体积的变化）、ext-che-cd2e065d4b-005（碳氢个数比为 1∶2 时产物 CO2 与 H2O 的量相等、最简式相同且等质量时燃烧结果完全相同）、ext-che-7bbf0904a5-001b（气态烃燃烧前后气体体积变化的判断依据）、chem-hj-zhi-ranshao-dingliang-guilv（气态烃燃烧体积变化只与 y 有关）；definition 的五条定量规律均被覆盖。,
dir_batch_035.csv#2844,CHEMISTRY,卤代烃的概念,COVERED,ext-che-b0cb9158b7-001（烃分子中一个或多个氢原子被卤素原子取代的化合物、通式 R—X、官能团为卤素原子）、wusan-chem-x3-haloalkane-definition（饱和一元卤代烃的通式与碳卤键官能团）；definition 的概念、通式与官能团已被覆盖。,
dir_batch_035.csv#2845,CHEMISTRY,卤代烃的物理性质,COVERED,ext-che-b0cb9158b7-001b（沸点比同碳原子数的烃高、难溶于水而易溶于有机溶剂、一氟代烃和一氯代烃密度小于水）、chem-hj2-ludaiting-rouli-xingzhi-guilv（卤代烃不溶于水，沸点随相对分子质量增大而升高并高于相应烃）；definition 的沸点、溶解性与密度三条均被覆盖。,
dir_batch_035.csv#2846,CHEMISTRY,卤代烃的水解反应和消去反应,COVERED,chem-hj-ludaiting-shuijie-xiaoqu-duibi（在碱的水溶液中水解成醇、在碱的醇溶液中加热消去成烯或炔）、chem-hj-xiaoqu-jiegou-tiaojian-ludaiting（消去要求碳原子数不小于 2、存在 β-H，苯环上的卤素原子不能消去）、ext-che-6d424ebdaa-009（水解与消去反应的条件、两种反应的比较以及卤素原子的检验流程）；definition 的对比、结构条件与实验探究已被覆盖。,
dir_batch_035.csv#2851,CHEMISTRY,醇的概念及分类,COVERED,chem-fx-chun-de-gai-nian-ji-fen-lei-f60x05（醇的概念及分类）、ext-che-b0cb9158b7-002b（醇是烃分子中氢原子或芳香烃侧链氢被羟基取代的化合物，羟基使其沸点升高并易溶于水）；definition 的概念、通式以及按羟基数目与烃基类别的分类已被覆盖。,
dir_batch_035.csv#2852,CHEMISTRY,醇的化学性质,COVERED,ext-che-a4f995ac24-003b（以乙醇为例按断键位置理解与钠、HBr、分子间脱水、消去、酯化、催化氧化的反应）、chem-hj-chun-huaxuexingzhi-duanjian（与钠、氢卤酸、氧气、浓硫酸、羧酸反应各有特定断键位置）、wusan-che-v-6664791c（钠与酯化断 O—H、HBr 与消去断 C—O、氧化断 a、c 键）；definition 的四类反应与断键规律已被覆盖。,
dir_batch_035.csv#2853,CHEMISTRY,醚的结构与性质,COVERED,wusan-che-v-51f4799f（醚的定义、醚键官能团与通式 R—O—R′，并给出甲醚、甲乙醚、乙醚的实例）、wusan-che-v-b77b3f80（多元醇分子内脱水生成环醚）、wusan-che-v-be65f093（醚键遇强酸断裂）；definition 的含义、结构表示与代表物已被覆盖。,
dir_batch_035.csv#2856,CHEMISTRY,酚的概念和物理性质,COVERED,ext-che-b0cb9158b7-004（酚是芳香烃分子中苯环上的氢原子被羟基取代后的化合物）、wusan-chem-x3-phenol-physical（纯净的苯酚是无色晶体、易溶于乙醇等有机溶剂、常温下在水中溶解度不大、温度高于 65 ℃ 时能与水混溶）、ext-che-6fc1ebbbcb-004c（常温下苯酚在水中溶解度较小）；definition 的概念与物理性质已被覆盖。,
dir_batch_035.csv#2857,CHEMISTRY,苯酚的化学性质,COVERED,wusan-che-v-ced2d216（苯酚酸性弱于碳酸而强于 HCO3-，苯酚钠通 CO2 只得 NaHCO3，遇 FeCl3 显紫色）、wusan-chem-x3-phenol-acidity（酸性 H2CO3 大于苯酚大于 HCO3-，C6H5ONa 通 CO2 只生成 NaHCO3）、ext-che-b0cb9158b7-005（苯酚因羟基活化苯环而更易发生邻对位取代、能与 FeCl3 显紫色并被氧化）；definition 的弱酸性、酸性强弱比较与溴水取代已被覆盖。,
dir_batch_035.csv#2859,CHEMISTRY,醛、酮的概念,COVERED,wusan-chem-x3c3-aldehyde-ketone-concept（醛与酮都含羰基，区别只在羰基碳上是否连氢：连氢的是醛基，两端都连烃基的是酮羰基）、ext-che-9a101eff14-001（醛与酮的定义、官能团、醛的分类及通式）；definition 的醛与酮概念已被覆盖。,
dir_batch_035.csv#2860,CHEMISTRY,饱和一元醛、酮的通式,COVERED,wusan-chem-x3c3-aldehyde-ketone-formula（饱和一元醛的通式为 CnH2nO、官能团为醛基；酮由酮羰基与两个烃基相连构成，通式同样按一个羰基计算，最简单的是丙酮）；definition 的醛与酮通式以及两者互为同分异构体的关系已被覆盖。,
dir_batch_035.csv#2862,CHEMISTRY,醛、酮的化学性质,COVERED,wusan-chem-x3c3-aldehyde-ketone-chemistry（醛可发生银镜反应、与新制氢氧化铜反应、催化氧化与被强氧化剂氧化，也能与氢气、HCN 加成）、ext-che-6fc1ebbbcb-007c（银氨溶液要现配现用、乙醛与银氨溶液需水浴加热才能生成银镜）、ext-che-a4f995ac24-004（乙醛的银镜反应、与新制氢氧化铜反应、催化氧化、加成反应与丙酮的加成反应）；definition 的加成与氧化实验已被覆盖。,
dir_batch_035.csv#2863,CHEMISTRY,醛的应用和对环境、健康产生的影响,COVERED,ext-che-f9dca8cbf2-004（醛是重要化工原料，用于合成纤维、医药、染料；福尔马林是 35%~40% 的甲醛水溶液，能杀菌防腐并用于浸制生物标本；甲醛是室内主要污染物之一，劣质装饰材料会挥发出甲醛）；definition 的三条均被覆盖。,
dir_batch_035.csv#2866,CHEMISTRY,羧酸的化学性质,COVERED,wusan-chem-x3c3-carboxylic-acid-chemistry（羧酸有酸的通性并放出 CO2，能酯化、生成酰胺、发生 α-H 取代，也能被氢化铝锂还原成醇）、ext-che-6fc1ebbbcb-010（羧基能电离出 H+ 使羧酸显弱酸性，酯化时羧酸脱去羟基、醇脱去氢）、ext-che-a4f995ac24-004b（弱酸性、与碳酸氢钠反应以及酯化与生成酰胺的取代反应）；definition 的四类反应均被覆盖。,
dir_batch_035.csv#2871,CHEMISTRY,酯和油脂的结构和性质,COVERED,wusan-che-v-e7dd68c2（酯是羧酸分子中羧基上的 —OH 被 —OR′ 取代的产物，官能团为酯基，可简写为 RCOOR′；酸性水解可逆、碱性水解生成羧酸钠和醇；1 mol 酚酯消耗 2 mol NaOH）、ext-che-a4f995ac24-004c（酸性水解可逆、碱性水解趋于完全及酚酯耗碱的定量关系）、chem-hj-suosuan-zhifang-huaxuexingzhi（酯的组成通式与水解）；definition 的定义、官能团与水解已被覆盖。,
dir_batch_035.csv#2872,CHEMISTRY,实验探究乙酸乙酯的制备,COVERED,ext-che-6fc1ebbbcb-013（试剂按乙醇、浓硫酸、乙酸的顺序加入，导管末端不能插入液面，饱和 Na2CO3 溶液起中和、溶解和降低酯溶解度的作用）、ext-che-26cfa23439-014（乙醇与乙酸在浓硫酸催化下酯化，用饱和 Na2CO3 溶液收集产物并防止倒吸）、wusan-chem-x3c3-ethyl-acetate-preparation（制备原理与装置要点）；definition 的原理、试剂顺序与注意事项已被覆盖。,
dir_batch_035.csv#2873,CHEMISTRY,油脂,COVERED,wusan-chem-x3c4-lipid（油脂是高级脂肪酸和甘油生成的酯，油酸甘油酯加氢后叫人造脂肪，硬脂酸甘油酯与 NaOH 共热生成甘油和硬脂酸钠）、ext-che-e05314cc33-001b（不饱和高级脂肪酸甘油酯与氢气加成，碱性水解即皂化反应）、ext-che-e47f5611e7-021b（油脂是高级脂肪酸甘油酯但属于有机小分子）；definition 的组成、氢化与水解已被覆盖。,
dir_batch_035.csv#2876,CHEMISTRY,酰胺,COVERED,wusan-chem-x3c3-amide（酰胺是羧酸分子中羟基被氨基替代得到的化合物，官能团是酰胺基，强酸或强碱存在下加热可水解）、ext-che-138d8deb9f-007b（酰胺官能团为酰胺基，酸性条件下水解生成羧酸和铵盐、碱性条件下生成羧酸盐并放出氨气）、ext-che-a4f995ac24-004d（酰胺酸性水解与碱性水解的方程式）；definition 的组成、官能团与水解已被覆盖。,
dir_batch_035.csv#2877,CHEMISTRY,卤代烃的性质及应用,COVERED,wusan-chem-x3-haloalkane-halogen-test（检验卤素原子先用 NaOH 水溶液加热水解、再用稀硝酸酸化、最后加 AgNO3 溶液看沉淀颜色；能否消去看有没有 β-H）、ext-che-46e6110aa6-001（水解与消去反应条件、结构要求、产物种类及卤素检验）、ext-che-b0cb9158b7-001e（卤代烃的获取方法）；definition 的四条均被覆盖。,
dir_batch_035.csv#2878,CHEMISTRY,醇的结构和性质,COVERED,wusan-chem-x3-alcohol-elimination-oxidation（醇能否消去看有没有 β-H；催化氧化产物由 α-H 的个数决定：2~3 个生成醛、1 个生成酮、没有 α-H 不能被催化氧化）、ext-che-6fc1ebbbcb-001b（消去要求连羟基的碳有相邻碳且相邻碳上有氢，催化氧化看连羟基碳上的氢个数）、ext-che-4ddeefaa27-004（醇的结构与按断键部位理解的反应类型）；definition 的断键位置、消去与催化氧化规律已被覆盖。,
dir_batch_035.csv#2879,CHEMISTRY,酚的结构和性质,COVERED,wusan-chem-x3-phenol-reactivity-reason（苯环对羟基的影响使酚羟基比醇羟基活泼、能电离出 H+，羟基对苯环的影响使苯酚常温下就能与浓溴水发生三取代）、ext-che-4ddeefaa27-009（羟基使苯环邻对位氢变活泼、显色与缩聚反应）、wusan-chem-x3-phenol-acidity（苯酚的弱酸性及与碳酸盐的反应判断）；definition 的醇酚性质比较与苯环羟基相互影响已被覆盖。,
dir_batch_036.csv#2881,CHEMISTRY,醛和酮的结构和性质,COVERED,命中节点 醛和酮的结构和性质；definition 实质是醛酮羰基与含极性键的共价分子（如 HCN）加成，由 wusan-chem-x3c3-aldehyde-ketone-structure-property（羰基碳带部分正电荷故能加成，酮可与氢、HCN、胺、醇加成）、ext-che-138d8deb9f-001（官能团、通式与醛类的加成氧化）覆盖，其余为题干。,
dir_batch_036.csv#2883,CHEMISTRY,羧酸的结构和性质,COVERED,命中节点 羧酸的结构和性质；definition 实质是醇、酚、羧酸中羟基活泼性比较，由 wusan-chem-x3c3-carboxylic-acid-structure-property（羧基的氢比醇羟基、酚羟基都活泼）、ext-che-416151960a-001（羧基极性决定酸性）覆盖。,
dir_batch_036.csv#2885,CHEMISTRY,酯化反应实验探究,COVERED,命中节点 酯化反应实验探究；definition 的七条实验要点由 wusan-chem-x3c3-esterification-experiment-notes（加料顺序、饱和碳酸钠作用）、ext-che-c0b9fecf2c-018（试剂加入顺序、导管与倒吸、浓硫酸与饱和碳酸钠作用、碎瓷片）、ext-che-6fc1ebbbcb-013b（同项及乙醇过量、长导管）、ext-che-1422ee20c2-050（分水器提高产率）覆盖。,
dir_batch_036.csv#2890,CHEMISTRY,卤代烃的结构和性质易混易错点,COVERED,命中节点 卤代烃的结构和性质易混易错点；五条易错点分别由 卤代烃的物理性质 的 wusan-chem-x3-haloalkane-physical（密度随碳原子数增加而减小、沸点升高）、卤代烃的性质及应用 的 wusan-chem-x3-haloalkane-halogen-test（先水解再稀硝酸酸化后加硝酸银）、ext-che-46e6110aa6-001b（非电解质、水溶液水解、邻位无氢不能消去）、卤代烃的水解反应和消去反应 的 chem-hj-ludaiting-shuijie-xiaoqu-duibi（水溶液水解成醇、醇溶液消去成烯或炔）、ext-che-b0cb9158b7-002（消去结构与产物种类）覆盖。,
dir_batch_036.csv#2894,CHEMISTRY,胺和酰胺的结构和性质易混易错点,COVERED,命中节点 胺和酰胺的结构和性质易混易错点；羧基与酯基中的碳氧双键不与氢气加成由 ext-che-9a101eff14-003b、ext-che-a4f995ac24-028d 覆盖，酰胺基同属羰基类不饱和键按同一规则处理；胺与酰胺的归类由 wusan-chem-x3c3-amine-amide-pitfall 覆盖；氨基显碱性可与酸成盐、苯胺不能水解由 ext-che-9a101eff14-004 覆盖。,
dir_batch_036.csv#2895,CHEMISTRY,卤代烃在有机合成中的作用,COVERED,命中节点 卤代烃在有机合成中的作用；桥梁作用与改变官能团个数、位置由 chem-hj-ludaiti-hecheng-qiaoliang（连接烃与烃的衍生物的桥梁，实现官能团的引入、移位、增减与保护）、chem-increase-and-move-functional-groups（经消去-加成-水解循环增加羟基数目或移动卤原子位置）、ext-che-a4f995ac24-002f、ext-che-e05314cc33-048b（经腈增长碳链再水解成羧酸）覆盖。,
dir_batch_036.csv#2899,CHEMISTRY,醛、酮在有机合成中的应用,COVERED,命中节点 醛-酮在有机合成中的应用；羰基与 HCN 等含极性键分子加成、羟醛缩合两点由 ext-che-9a101eff14-001b（与 HCN 加成增长碳链、含 α-H 的醛发生羟醛缩合）、wusan-chem-x3c3-aldehyde-ketone-synthesis（与 HCN 加成、羟醛缩合、与格氏试剂加成三种增长碳链反应）、ext-che-e05314cc33-025 覆盖。,
dir_batch_036.csv#2901,CHEMISTRY,有关醛的定量计算,COVERED,命中节点 有关醛的定量计算；一元醛与甲醛的定量关系由 wusan-chem-x3c3-aldehyde-quantitative（1 mol 醛基对应 2 mol Ag 或 1 mol Cu2O）、wusan-chem-x3c3-formaldehyde-copper-ratio（1 个甲醛分子相当于 2 个醛基）、ext-che-1422ee20c2-047b、ext-che-b32088729d-005 覆盖。,
dir_batch_036.csv#2902,CHEMISTRY,mol HCHO～4 mol Cu(OH)2～2 mol Cu2O,COVERED,条目名为计量关系式残片，definition 为二元醛与银氨溶液、新制氢氧化铜的定量关系；二元醛按分子中醛基数目成倍计算，属 有关醛的定量计算 的 wusan-chem-x3c3-aldehyde-quantitative（1 mol 醛基对应 2 mol Ag 或 1 mol Cu2O，可由产物量反推醛基的物质的量）与 wusan-chem-x3c3-formaldehyde-copper-ratio（按醛基个数成倍计算）所述通例，故判 COVERED。,
dir_batch_036.csv#2904,CHEMISTRY,糖类的组成和分类,COVERED,命中节点 糖类的组成和分类；概念、组成与分类三项由 wusan-chem-x3c4-carbohydrate-composition（各类糖的分子组成与相互关系）、ext-che-a18e148bcb-001（糖类的结构定义、组成元素、通式与单糖二糖多糖的分类）覆盖。,
dir_batch_036.csv#2905,CHEMISTRY,单糖,COVERED,命中节点 单糖；葡萄糖与果糖的结构、葡萄糖的还原性、加氢与发酵由 wusan-chem-x3c4-monosaccharide（葡萄糖为多羟基醛、果糖为多羟基酮，二者互为同分异构体；核糖与脱氧核糖分别是 RNA 与 DNA 的组成成分）、ext-che-e05314cc33-001（葡萄糖的银镜反应、加成、发酵与生理氧化）、chem-hj2-tanglei-zucheng-pandu-bianxi 覆盖。,
dir_batch_036.csv#2906,CHEMISTRY,多糖——淀粉与纤维素,COVERED,命中节点 多糖-淀粉与纤维素；相似点与不同点由 ext-che-e05314cc33-001（淀粉和纤维素可水解、淀粉遇碘显蓝色）、chem-gap-natural-polymers（淀粉、纤维素都是天然高分子化合物）、wusan-chem-x3c4-carbohydrate-composition（淀粉与纤维素通式相同但 n 值不定，不互为同分异构体）覆盖。,
dir_batch_036.csv#2908,CHEMISTRY,氨基酸的结构与性质,COVERED,命中节点 氨基酸的结构与性质；组成与结构、两性、成肽反应由 chem-hj-anjisuan-liangxing-chengtai（氨基酸含氨基和羧基，既与酸又与碱反应，氨基酸间脱水缩合成肽）、chem-hj2-anji-suan-chengtai-guilv（成肽规律与两性）、chem-fx-cheng-tai-fan-ying（成肽反应）覆盖。,
dir_batch_036.csv#2910,CHEMISTRY,核酸的结构与性质,COVERED,命中节点 核酸的结构与性质；核酸由核苷酸聚合而成与 RNA、DNA 的比较由 ext-che-e05314cc33-001d（核酸由 C、H、O、N、P 组成，单体是核苷酸）、wusan-chem-x3c4-nucleic-acid（DNA 一般为双链、RNA 一般为单链，各由 4 种核苷酸聚合而成）、wusan-chem-x3c4-monosaccharide（核糖与脱氧核糖分别是 RNA 与 DNA 的组成成分）覆盖。,
dir_batch_036.csv#2913,CHEMISTRY,基本概念,COVERED,单体、链节、聚合度与高分子化合物四个概念由 wusan-chem-x3c4-monomer-chain-unit（加聚由不饱和单体加成聚合、链节是重复单元、聚合度是链节个数 n）、ext-che-ac039fce3c-001（三个基本概念的含义与由高聚物推断单体）、chem-fx-dan-ti-te-dian-f63x02（单体特点）覆盖，包内存在真实节点 基本概念。,
dir_batch_036.csv#2915,CHEMISTRY,合成高分子反应的化学方程式的书写,COVERED,命中节点 合成高分子反应的化学方程式的书写；加聚与缩聚方程式的书写规则由 wusan-chem-x3c4-polymerization-equation（加聚把不饱和键打开写成链节，缩聚脱去小分子并按化学计量数配平）、ext-che-5c9f18fce0-001（加聚断双键、加括号、右下写 n，缩聚还要写出小分子）覆盖。,
dir_batch_036.csv#2918,CHEMISTRY,糖类的结构和性质,COVERED,命中节点 糖类的结构和性质；单糖、二糖、多糖的相互转化由 chem-hj2-tang-zucheng-fenlei（按能否水解及水解产物多少分为单糖、二糖、多糖）、wusan-che-v-f8c4df32（糖类是多羟基醛、多羟基酮及其脱水缩合物）、ext-che-8179029ae7-003（葡萄糖与果糖的结构、官能团及互为同分异构体）覆盖；淀粉水解实验与产物检验由 wusan-chem-x3c4-starch-hydrolysis-degree（一路加碘水、一路中和后加银氨溶液判断水解程度）覆盖。,
dir_batch_036.csv#2921,CHEMISTRY,蛋白质和氨基酸的结构与性质,COVERED,命中节点 蛋白质和氨基酸的结构与性质；成肽规律、缩聚与转化关系由 chem-hj2-anji-suan-chengtai-guilv（氨基酸的成肽规律与两性）、ext-che-a18e148bcb-001b（氨基酸可脱水成肽，蛋白质由氨基酸缩聚而成）、wusan-chem-x3c4-amino-acid-peptide（α-氨基酸分子间脱水成肽，多种氨基酸经肽键连接形成蛋白质）、ext-che-e05314cc33-001c 覆盖。,
dir_batch_036.csv#2928,CHEMISTRY,聚合反应及聚合物单体的判断,COVERED,命中节点 聚合反应及聚合物单体的判断；加聚物单体的判断由 ext-che-e05314cc33-002（由链节画弯箭头恢复双键）、chem-hj2-gaojuwu-danti-tuiduan（按主链重复单元与双键恢复推断单体）覆盖；缩聚物单体的判断由 ext-che-e05314cc33-002b（链节两端为酰胺基或酯基时去掉方括号，链节中间含此类基团时从中间断开并补氢补羟基）覆盖。,
dir_batch_036.csv#2932,CHEMISTRY,常见有机合成路线,COVERED,命中节点 常见有机合成路线；一元、二元与芳香族合成路线由 chem-hj-changyong-hecheng-luxian-moban（熟记烃、卤代烃、醇、醛、羧酸、酯的转化链与一元、二元、芳香族合成路线）、ext-che-2ea875ef02-014（四条常用合成路线主线）、ext-che-663847a2b8-010b 覆盖。,
dir_batch_036.csv#2933,CHEMISTRY,有机合成中碳骨架的构建,COVERED,命中节点 有机合成中碳骨架的构建；碳链增长由 chem-carbon-chain-extension（加聚、缩聚、酯化、成肽、HCN 加成、格氏试剂加成、羟醛缩合）、ext-che-4dd2e79693-120 覆盖；碳链缩短由 chem-carbon-chain-shortening（裂化裂解、不饱和键与苯同系物侧链的氧化）、ext-che-4dd2e79693-121 覆盖；成环由 chem-ring-forming-methods（D-A 反应、二元醇脱水、二元羧酸酯化、羟基酸缩合、氨基酸成环肽）、chem-ring-opening-methods 覆盖，与 definition 的增长、缩短、成环三部分一致。,
dir_batch_036.csv#2934,CHEMISTRY,官能团的转化,COVERED,命中节点 官能团的转化；引入由 ext-che-4dd2e79693-122（消去引入双键、取代或加成引入卤素）、ext-che-4dd2e79693-122b（烯烃加水、卤代烃水解、羰基还原与酯的水解引入羟基）、ext-che-4dd2e79693-123b 覆盖；消除由 ext-che-e05314cc33-029 覆盖；保护与恢复由 ext-che-4dd2e79693-124b（先把受影响的官能团保护起来、反应后再复原）、ext-che-663847a2b8-010（醛基的缩醛保护法）、ext-che-5be82fcaeb-004 覆盖。,
dir_batch_036.csv#2939,CHEMISTRY,根据试剂或特征现象推知官能团的种类,COVERED,命中节点 根据试剂或特征现象推知官能团的种类；definition 的六项试剂与现象逐条对应 ext-che-d3a055d224-004（由溴水、酸性高锰酸钾、氯化铁、银氨溶液、钠、碳酸氢钠的现象反推官能团）、ext-che-27a88d9430-010（由特征现象与试剂推断官能团种类）、ext-che-1b66b297bd-006（常见有机物的检验试剂与特征现象）、ext-che-e05314cc33-049b（三种碱能反应的官能团范围）。,
dir_batch_036.csv#2940,CHEMISTRY,根据有机反应中定量关系推断官能团的数目,COVERED,命中节点 根据有机反应中定量关系推断官能团的数目；definition 的五项定量关系由 ext-che-e05314cc33-022b（由与 Na、NaOH、溴、银氨溶液的定量关系确定羟基、羧基、醛基数目）、ext-che-a4f995ac24-025（能与氢气反应的结构及用量）、ext-che-a4f995ac24-026（苯环上卤素原子水解的耗碱量）、chem-hj-youji-dingliang-guannengtuan-shumu、ext-che-5be82fcaeb-012（由相对分子质量变化推断官能团数目）覆盖。,
dir_batch_036.csv#2941,CHEMISTRY,依据题目提供的新信息进行推断未知有机物的结构,COVERED,命中节点 依据题目提供的新信息进行推断未知有机物的结构；由 ext-che-33e93a5fc9-006（α-H 取代、1，4-加成、臭氧氧化断键、格氏试剂加成、双烯合成等信息反应）、ext-che-e05314cc33-030（醛酮与 HCN 加成、格氏试剂加成以增长碳链并引入羟基）、ext-che-e05314cc33-023（由产物或反应特点推断反应物结构）覆盖。,
dir_batch_036.csv#2944,CHEMISTRY,常见有机反应类型总结,COVERED,命中节点 常见有机反应类型总结；五类反应类型的判据由 chem-hj-xiting-jiajia-jiaju（烯炔的加成：只上不下、断一加二）、chem-fx-jia-cheng-fan-ying-f60x09（加成反应的定义）、chem-fx-xiao-qu-fan-ying-f60x11（消去反应的定义）、chem-fx-qu-dai-fan-ying-f60x10（取代反应的定义）、chem-fx-xi-ting-gui-ting-de-yang-hua-fan-ying-f59x03（烯烃、炔烃的氧化反应）、ext-che-044d85b5d2-001b（醛可加氢还原）覆盖。,
dir_batch_036.csv#2945,CHEMISTRY,依据反应条件判断有机反应类型,COVERED,命中节点 依据反应条件判断有机反应类型；definition 的六种条件由 chem-hj-youji-fanyingleixing-tiaojian-tui（由 NaOH 水溶液或醇溶液、浓硫酸、溴水、Ni/H2、Cu/O2、光照等条件反推反应类型）、ext-che-4dd2e79693-119c（由反应试剂及条件推反应类型）、ext-che-5be82fcaeb-013（由反应条件判断有机反应类型）逐条覆盖。,
dir_batch_036.csv#2949,CHEMISTRY,有机合成路线的推断方法,COVERED,命中节点 有机合成路线的推断方法；由分子式与结构简式推未知物、比对原料与产物异同、逆推、官能团保护、陌生试剂在流程中找线索五条由 ext-che-da2d86034b-172（合成路线中未知物质推断三步）、ext-che-e05314cc33-027b（读信息反应、对比官能团、补学过的转化）、ext-che-4dd2e79693-119、chem-intermediate-deduction-methods（由原料官能团、题给信息、类比仿写、逆合成切割推断中间体）、ext-che-4dd2e79693-124b（官能团的保护与恢复）覆盖。,
dir_batch_036.csv#2951,CHEMISTRY,明确有机物之间的转化关系，构建有机合成体系,COVERED,命中节点 明确有机物之间的转化关系-构建有机合成体系；典型转化关系由 chem-organic-transformation-network（烷烃、烯烃经取代加成得卤代烃，再水解为醇，氧化为醛、羧酸，与醇酯化为酯）、ext-che-3d9b2ee490-001（以新医药新材料合成为背景考查官能团、同分异构体与合成路线设计）覆盖。,
dir_batch_036.csv#2954,CHEMISTRY,常见的限制条件总结,COVERED,命中节点 常见的限制条件总结；以官能团特征反应为限制条件由 ext-che-a4f995ac24-008、ext-che-4dd2e79693-115 覆盖；以核磁共振氢谱为限制条件及其三条推论由 ext-che-4dd2e79693-115c（峰数与峰面积比给出氢的种类与个数比）、ext-che-b32088729d-017（官能团特征反应、氢谱与不饱和度三类限制条件及书写步骤）覆盖。,
dir_batch_036.csv#2955,CHEMISTRY,隐含的限制条件——有机物分子的不饱和度(Ω),COVERED,命中节点 隐含的限制条件-有机物分子的不饱和度-ω；计算式与原子处理规则由 chem-degree-of-unsaturation-calculation（卤素当 H、N 当 NH、O 不计）、ext-che-4dd2e79693-116c、ext-che-a4f995ac24-001c 覆盖；不饱和度与结构的关系由 ext-che-4dd2e79693-115b（不饱和度与结构对应表）、ext-che-e5ccf9cc1e-020b（双键或环为 1、三键为 2、苯环为 4）覆盖。,
dir_batch_036.csv#2956,CHEMISTRY,限定条件下同分异构体的书写步骤,COVERED,命中节点 限定条件下同分异构体的书写步骤；三步书写由 chem-restricted-isomer-writing-steps（确定组成、解读限制、确定残基、组装）、ext-che-a4f995ac24-007b（碎片拼接法四步）、ext-che-4dd2e79693-116b（先定分子式与不饱和度，再定官能团种类与个数，最后计数）、ext-che-4dd2e79693-118 覆盖。,
dir_batch_036.csv#2958,CHEMISTRY,解答有机合成及推断题的常用方法,COVERED,命中节点 解答有机合成及推断题的常用方法；顺推、逆推与综合法由 ext-che-2ea875ef02-002（顺推法、逆推法、猜测论证法各自的思路与适用场合）、ext-che-da2d86034b-172b（逆向分析法与正向分析法）、chem-intermediate-deduction-methods 覆盖。,
dir_batch_037.csv#2963,CHEMISTRY,支气管扩张药物特布他林(H)的一种合成路线如下：,COVERED,命中节点 支气管扩张药物特布他林(H)的一种合成路线如下（boundary 指明以特布他林路线为载体考查酚与卤代烃成醚、卤代烃与胺反应、限定基团同分异构体计数与路线设计）；节点自带材料 ext-che-b32088729d-002b（碳骨架构建与官能团转化）与包内 chem-synthesis-route-design-model（有机合成路线设计的思维模型）、ext-che-d3a055d224-001（有机合成路线的设计思路）、wusan-chem-x3c3-organic-synthesis 已覆盖该考点；definition 为路线题的已知信息与 (1)-(5) 设问，无需新增材料。,
dir_batch_037.csv#2964,CHEMISTRY,物质的量、阿伏加德罗常数,COVERED,命中节点 物质的量-阿伏加德罗常数；definition 的两项（基本概念间的关系、物质的量的规范表示方法与粒子数换算如 0.2 mol H2 中氢原子个数）由节点自带材料 ext-che-6e5105e0b4-001（物质的量、阿伏加德罗常数与摩尔质量）、ext-che-68501225af-002（物质的量与阿伏加德罗常数）、ext-che-7c680fe585-001（物质的量的符号单位与适用范围）、ext-che-747e72a70a-002（以物质的量为中心的转化关系）、chem-hj2-wuzhide-liang-gainian-sansu 覆盖。,
dir_batch_037.csv#2966,CHEMISTRY,摩尔质量的计算方法,COVERED,命中节点 摩尔质量的计算方法；definition 为 6 道摩尔质量计算题，其题型（由 NA 求原子数、由质量求 M、由质量守恒求 M、标况下原子数比较、由单个分子质量求氧的摩尔质量）由节点自带材料 ext-che-68501225af-003、ext-che-364422b4cf-003（摩尔质量的概念与数值规律）、chem-hj-moerzhiliang-gainian、chem-hj-qiuti-m-fangfa 与 ext-che-53f2f9e2f7-011（气体摩尔质量的五种求法）、ext-che-7c680fe585-002（指定微粒数目的计算技巧）、chem-mo-hunhewu-na-jisuan（混合物中微粒数目的计算技巧）覆盖。,
dir_batch_037.csv#2967,CHEMISTRY,气体摩尔体积,COVERED,命中节点 气体摩尔体积；definition 的六项（定义与符号、单位、标况下约 22.4 L 每摩、计算公式 Vm 等于 V 比 n、影响因素为温度与压强且与气体种类无关、只适用气体）由节点自带材料 chem-hj-qitimoer-tiji-tiaojian、ext-che-6e5105e0b4-002（气体摩尔体积及其影响因素）、ext-che-371aa63462-003（定义与数值）、ext-che-371aa63462-004（影响因素与适用范围）、ext-che-53f2f9e2f7-006、ext-che-f602061ba2-006b（适用条件）覆盖。,
dir_batch_037.csv#2968,CHEMISTRY,阿伏加德罗定律及其推论,COVERED,命中节点 阿伏加德罗定律及其推论；definition 的定律表述（同温同压下相同体积的任何气体含相同数目的分子）与三同推一同及推论表由节点自带材料 chem-hj-afujialuoding-dinglv-tuilun、ext-che-371aa63462-004b（阿伏加德罗定律与三同推一同）、ext-che-68501225af-008（定律及其表达式）、ext-che-f602061ba2-007、ext-che-e47f5611e7-001c 覆盖。,
dir_batch_037.csv#2970,CHEMISTRY,阿伏加德罗定律的应用,COVERED,命中节点 阿伏加德罗定律的应用；definition 的 n 与 NA 及质量、电子数换算、同温同压体积比与密度比、同温同容压强比、平均摩尔质量与密度计算由节点自带材料 chem-hj-afujialuoding-jieti-silu（应用阿伏加德罗定律解题三步思路）、ext-che-68501225af-011（推论中的比例关系）、ext-che-68501225af-012（气体密度与摩尔质量的关系）、ext-che-53f2f9e2f7-009 与 chem-mo-hunhewu-na-jisuan 覆盖。,
dir_batch_037.csv#2971,CHEMISTRY,物质的量浓度,COVERED,命中节点 物质的量浓度；definition 的定义式、单位与注意项（V 取溶液体积而非溶剂体积、溶液均一取出部分浓度不变而溶质物质的量改变、离子浓度按化学式换算如 1 mol 每升 CaCl2 中氯离子浓度不为 1 mol 每升）由节点自带材料 chem-kb-molar-concentration-definition、chem-hj2-wuzhide-nongdu-tezheng-liutiao（概念的六个要点）、ext-che-cd028acc60-007（由化学式推算离子浓度）、ext-che-fa19c9abe5-001（含义与表达式）、ext-che-6e5105e0b4-004 覆盖。,
dir_batch_037.csv#2972,CHEMISTRY,有关物质的量浓度的计算,COVERED,命中节点 有关物质的量浓度的计算；definition 的三条（由定义式配合守恒与密度桥梁推理、标况气体溶于水求浓度的思路、质量分数与物质的量浓度换算）由节点自带材料 chem-kb-concentration-calculation-formulas、chem-fx-qi-ti-rong-yu-shui-f05x03（气体溶于水计算的一般思路）、chem-hj-nongdu-zhiliangfenfei-huansuan、ext-che-f9be80d886-003（四种类型）、ext-che-cd028acc60-006b 覆盖。,
dir_batch_037.csv#2973,CHEMISTRY,溶液的稀释和混合问题,COVERED,命中节点 溶液的稀释和混合问题；definition 的稀释前后溶质守恒、混合溶质守恒（浓度与体积之积相加）与质量守恒式、混合后体积按题目条件或由密度换算由节点自带材料 ext-che-6e5105e0b4-004b（溶液的稀释与混合计算）、ext-che-cd028acc60-010、ext-che-8004f74991-005、ext-che-8e1b7721a9-003、ext-che-fa19c9abe5-004b（溶液体积与溶质变化的易错点）覆盖。,
dir_batch_037.csv#2975,CHEMISTRY,溶液的配制步骤,COVERED,命中节点 溶液的配制步骤；definition 的八步流程（计算、称量、溶解、冷却、移液、洗涤、定容、摇匀）与各步要点（冷却至室温、洗涤液全部转入、凹液面与刻度线相切、装入指定试剂瓶并贴标签）由节点自带材料 chem-kb-solution-preparation-steps、ext-che-6e5105e0b4-006、ext-che-f09bbbc493-012、ext-che-8e1b7721a9-013（关键操作与易错点）、chem-hj-peizhi-rongye-zhuyi 覆盖。,
dir_batch_037.csv#2977,CHEMISTRY,阿伏伽德罗常及其应用“七大误区”,COVERED,命中节点 阿伏伽德罗常及其应用-七大误区（boundary 即误区1 的引文，源文中的两方法未随文给出）；definition 为同一引文，其结论指向 NA 判断中的微粒数目分析，由节点自带材料 ext-che-b7725e82a9-006（阿伏加德罗常数题中微粒数目的判断）、ext-che-a2a727e0fa-004（溶液粒子数目判断中的五类错误）覆盖。,
dir_batch_037.csv#2978,CHEMISTRY,看“气体”是否处于“标准状况”（0℃，101KPa）。,COVERED,mech=unmatched 但内容已在包内；definition 的结论（题干给常温常压、室温等条件时无法用标准状况下的气体摩尔体积求解粒子数目）由 ext-che-364422b4cf-011（突破气体与状况陷阱的两看）、ext-che-a2a727e0fa-003（气体摩尔体积适用条件的三个审题点）、ext-che-6e5105e0b4-014、chem-kb-224-liquid-mole-volume-conditions 覆盖。,
dir_batch_037.csv#2979,CHEMISTRY,看“标准状况”下物质是否为“气体”。,COVERED,命中节点 看-标准状况-下物质是否为-气体；definition 的标况下须为气体才能用 22.4 L 每摩由节点自带材料 chem-hj-biaokuang-feiqitai-wuzhi、ext-che-e47f5611e7-006b（标况下不是气体的常见物质）、ext-che-364422b4cf-011、ext-che-a2a727e0fa-003、ext-che-29ca87e1cb-004 覆盖；definition 尾部随文的误区2（微粒数目分析）由包内 ext-che-b7725e82a9-006、ext-che-067a08a3f0-003 覆盖。,
dir_batch_037.csv#2980,CHEMISTRY,D2O：H（H）、D（H）、T（H）三者中的中子数不同；,COVERED,definition 为微粒组成类误区清单的残片（16O、17O、18O 与 35Cl、37Cl 中的中子数不同）；其结论由节点 元素-核素-同位素 的材料 ext-che-c8f0c72345-006（核素、同位素与核反应的三点辨析）、chem-kb-element-nuclide-isotope、ext-che-309fd84b7e-002b 与 NA 判断材料 ext-che-b7725e82a9-006 覆盖。,
dir_batch_037.csv#2986,CHEMISTRY,定容时仰视或俯视刻度线产生的误差图解,COVERED,命中节点 定容时仰视或俯视刻度线产生的误差图解；definition 的仰视使加水量偏多、溶液体积偏大、浓度偏小与俯视相反的结论由节点自带材料 ext-che-cd028acc60-020、ext-che-8e1b7721a9-017、ext-che-ed0683ced4-005 覆盖。,
dir_batch_037.csv#2987,CHEMISTRY,溶液的配制误差分析,COVERED,命中节点 溶液的配制误差分析；definition 的以 c 等于 n 比 V 为主线分析配制常见误差由节点自带材料 chem-kb-solution-prep-error-analysis、chem-hj2-rongye-peizhi-yiwu-cuocha、ext-che-3d6a64f5a9-004b（洗涤不充分与定容仰视偏低、砝码生锈与定容俯视偏高）、ext-che-8e1b7721a9-014、ext-che-91f4672bad-015 覆盖。,
dir_batch_037.csv#2990,CHEMISTRY,阿伏加德罗常数“10大”陷阱,COVERED,命中节点 阿伏加德罗常数-10大-陷阱；definition 列出的前六条陷阱（忽视气体摩尔体积适用条件、忽视聚集状态、组成与微观结构、特殊物质中化学键数目、氧化还原中电子转移数目、特殊摩尔质量）由节点自带材料 ext-che-6e5105e0b4-014、ext-che-6e5105e0b4-015（NA 陷阱：化学键与电子转移数目）、ext-che-f602061ba2-012、ext-che-e47f5611e7-006（不能计算物质的量的五种情况）、chem-hj-na-yinhan-tiaojian-xianjing、ext-che-727e405ae7-003 覆盖。,
dir_batch_037.csv#2993,CHEMISTRY,忽视物质溶于水时溶液体积的变化,COVERED,命中节点 忽视物质溶于水时溶液体积的变化；definition 的（溶质相同而浓度不同的两溶液等体积或不等体积混合未考虑体积变化）由节点自带材料 ext-che-fa19c9abe5-004b（溶液体积不能简单相加、混合后体积不等于体积之和）覆盖，旁证为 ext-che-8e1b7721a9-003、ext-che-8004f74991-005、chem-hj2-rongye-hunhe-midu-guilv。,
dir_batch_037.csv#2999,CHEMISTRY,浓度计算的常用方法,COVERED,命中节点 浓度计算的常用方法；definition 的三条路径（依据定义式计算、依据换算公式 c 等于 1000 乘密度乘质量分数比 M、依据稀释定律与溶质守恒）由节点自带材料 ext-che-6e5105e0b4-020（浓度计算的常用方法）、ext-che-cd028acc60-009（从定义式出发的换算法）、ext-che-fa19c9abe5-008、ext-che-ed0683ced4-001 覆盖。,
dir_batch_037.csv#3003,CHEMISTRY,元素周期表的结构,COVERED,命中节点 元素周期表的结构；definition 的原子序数三重相等、周期按电子层数族按最外层电子数的编排原则、7 个横行与 18 个纵列 16 个族由节点自带材料 chem-hj-zhouqibiao-jiegou、chem-kb-periodic-table-layout、ext-che-da2d86034b-209（7 周期 18 纵列 16 族）、chem-hj2-yuansu-zhouqibiao-jiegou 覆盖。,
dir_batch_037.csv#3005,CHEMISTRY,元素周期表的应用,COVERED,命中节点 元素周期表的应用；definition 的三条应用（由位置寻找未知元素、由递变规律预测与比较性质、按区域寻找半导体农药催化剂与耐高温耐腐蚀合金）由节点自带材料 chem-kb-periodic-table-applications、chem-hj-zhouqibiao-yingyong、chem-hj-f105-zhouqibiao-sanda-yingyong、ext-che-7d3d0bb0e9-007、ext-che-b0216673fb-004 覆盖。,
dir_batch_037.csv#3006,CHEMISTRY,元素周期律的内容及实质,COVERED,命中节点 元素周期律的内容及实质；definition 的（性质随原子序数递增呈周期性变化及其为核外电子排布周期性变化的结果）由节点自带材料 chem-kb-periodic-law-essence、ext-che-04574bf936-003、ext-che-7d3d0bb0e9-009、ext-che-e8fbafa6a3-007 覆盖。,
dir_batch_037.csv#3007,CHEMISTRY,主族元素的原子结构和元素性质的变化规律,COVERED,命中节点 主族元素的原子结构和元素性质的变化规律；definition 的原子结构与性质变化规律及注意项（能层数越大半径越大、层相同核电荷数越大半径越小、F 无正价、O 无最高正价）由节点自带材料 chem-periodic-atomic-radius、chem-kb-same-period-trend、chem-kb-same-group-trend、ext-che-b0216673fb-013、ext-che-a73b5b4033-012b 覆盖。,
dir_batch_037.csv#3008,CHEMISTRY,电离能,COVERED,命中节点 电离能；definition 的第一电离能含义、符号与单位、同周期与同主族变化规律及第ⅡA与第ⅤA族的反常、逐级电离能及其判断化合价与电子分层排布的应用由节点自带材料 chem-kb-first-ionization-energy、chem-hj-diyidilineng-guilv、chem-kb-ionization-energy-anomaly、chem-kb-successive-ionization-energy、ext-che-b0216673fb-015 覆盖。,
dir_batch_037.csv#3009,CHEMISTRY,电负性,COVERED,命中节点 电负性；definition 的含义、以氟 4.0 与锂 1.0 为相对标准、同周期与同主族的变化规律、1.8 界限与判断金属性、化合价、键型三类应用由节点自带材料 chem-kb-electronegativity-concept、ext-che-260333ce0f-016（定义相对标准与递变规律）、ext-che-394fc0226d-008（含 1.8 界限）、chem-kb-electronegativity-applications、ext-che-b0216673fb-016 覆盖。,
dir_batch_037.csv#3010,CHEMISTRY,对角线规则,COVERED,命中节点 对角线规则；definition 的（某些主族元素与右下方主族元素有些性质相似）由节点自带材料 chem-kb-diagonal-rule、chem-hj-duijiaoxian-sanzu-xiangsixing（锂镁、铍铝、硼硅三组相似性）、ext-che-a73b5b4033-012、ext-che-7b3c6d5a4e-004 覆盖。,
dir_batch_037.csv#3014,CHEMISTRY,元素的“位—构—性”关系,COVERED,命中节点 元素的位—构—性关系；definition 的（原子结构、周期表位置与元素性质三者的关系）由节点自带材料 ext-che-c8f0c72345-002（位构性六个关系式）、ext-che-3b3b553aaf-018、ext-che-e8fbafa6a3-014、ext-che-7d3d0bb0e9-015 覆盖。,
dir_batch_037.csv#3015,CHEMISTRY,“位－构－性”关系的应用,COVERED,命中节点 位－构－性关系的应用；definition 的（最外层电子数等于族序数、电子层数等于周期序数与得失电子难易决定金属性非金属性）由节点自带材料 ext-che-cdf8a7a9f6-006、ext-che-da2d86034b-075（元素推断三步法）、ext-che-ba36058bd6-015b、ext-che-e8fbafa6a3-014 覆盖。,
dir_batch_037.csv#3016,CHEMISTRY,元素周期表中元素的原子序数的差值关系,COVERED,命中节点 元素周期表中元素的原子序数的差值关系；definition 的同周期ⅡA与ⅢA族原子序数差 1、11、25 与相邻周期同主族相差 2、8、18、32 及按周期元素种数计算的判据由节点自带材料 chem-kb-iia-iiia-atomic-number-diff、chem-kb-same-group-atomic-number-diff、ext-che-c8f0c72345-004、ext-che-7b3c6d5a4e-006、ext-che-a73b5b4033-012c 覆盖。,
dir_batch_037.csv#3019,CHEMISTRY,微粒半径大小比较,COVERED,命中节点 微粒半径大小比较；definition 的原子半径同周期与同主族规律、核电荷数相同而电子数不同时的比较、离子半径的三条比较规律由节点自带材料 chem-kb-atomic-radius-comparison、chem-kb-ion-radius-comparison、chem-hj-weilijuban-bijiao、ext-che-c8f0c72345-001c（三看法）、ext-che-98e80691f8-013 覆盖。,
dir_batch_037.csv#3021,CHEMISTRY,元素金属性强弱的判断,COVERED,命中节点 元素金属性强弱的判断；definition 的五类依据（周期表位置、金属活动性顺序、单质与水或酸反应剧烈程度与最高价氧化物水化物碱性、置换反应、阳离子氧化性强弱）由节点自带材料 chem-kb-metallicity-criteria、chem-hj-jinshuxing-bijiao、ext-che-e8fbafa6a3-007b、ext-che-ba36058bd6-012、ext-che-260333ce0f-012 覆盖。,
dir_batch_037.csv#3022,CHEMISTRY,元素非金属性强弱的判断,COVERED,命中节点 元素非金属性强弱的判断；definition 的四类依据（周期表位置、与氢气化合难易与氢化物稳定性、最高价含氧酸酸性、置换反应与阴离子还原性）由节点自带材料 chem-kb-nonmetallicity-criteria、chem-hj-feijinshuxing-bijiao、chem-periodic-acidity-of-highest-oxide-acid、ext-che-e8fbafa6a3-007c、ext-che-260333ce0f-013 覆盖。,
dir_batch_037.csv#3024,CHEMISTRY,电离能的三个重要应用,COVERED,命中节点 电离能的三个重要应用；definition 的三项应用与特例由节点自带材料 ext-che-7b3c6d5a4e-016b（电离能的三个重要应用）、chem-hj-dianlineng-yingyong、chem-kb-successive-ionization-energy 与 ext-che-c8f0c72345-013（用第一电离能反常点反推元素）、chem-fx-di-yi-dian-li-neng-da-yu-f30x08（N 大于 O 的半充满解释）覆盖。,
dir_batch_037.csv#3025,CHEMISTRY,电负性的三个重要应用,COVERED,命中节点 电负性的三个重要应用；definition 的三项应用由节点自带材料 ext-che-7b3c6d5a4e-017b、chem-kb-electronegativity-applications、chem-hj-dianfuxing-yingyong 与 ext-che-b0216673fb-016（电负性差 1.7 判断化合物类型）覆盖。,
dir_batch_037.csv#3026,CHEMISTRY,元素周期表及其应用易混易错点,COVERED,命中节点 元素周期表及其应用易混易错点；definition 的九条易混点（ⅠA族不等于碱金属、第 18 列是 0 族、过渡元素范围、最外层 3 至 7 个属主族、ⅡA与ⅢA族原子序数差 1 或 11 或 25、能层数等于周期序数、过渡元素价电子、氢氦铁锌所处族、0 族最外层电子数）由节点自带 chem-kb-periodic-table-pitfalls、ext-che-ba36058bd6-003b 与 ext-che-7d3d0bb0e9-003、chem-hj-zhouqibiao-yicu-reminder、ext-che-7b3c6d5a4e-015 覆盖。,
dir_batch_037.csv#3027,CHEMISTRY,元素的性质比较和判断易混易错点,COVERED,命中节点 元素的性质比较和判断易混易错点；definition 的九条易混点（O 无最高正价、电负性 1.8 界限、金属性与金属活动性、氢化物稳定性与酸性无关、阳离子半径与同周期阴离子、电离能与活动性顺序、ⅡA与ⅤA族电离能反常、每周期第一电离能最大者）由节点自带 ext-che-7d3d0bb0e9-017、ext-che-ba36058bd6-018、ext-che-a73b5b4033-009、ext-che-c8f0c72345-009 与 ext-che-269458a117-022（金属性与金属活动性等易混辨析）、ext-che-394fc0226d-008、ext-che-394fc0226d-006（同周期与同主族变化总趋势）覆盖。,
dir_batch_037.csv#3028,CHEMISTRY,结合“片段型”元素周期表推断短周期主族元素,COVERED,命中节点 结合片段型元素周期表推断短周期主族元素；definition 的直接相邻与相接相邻片段（┬ 型与 ┴ 型）及上下同主族相差 8 的原子序数关系由节点自带 ext-che-ba36058bd6-008（片段型周期表推断元素的方法）、ext-che-b0216673fb-007 与 ext-che-260333ce0f-003（邻位元素的原子序数差规律）覆盖。,
dir_batch_037.csv#3029,CHEMISTRY,元素周期表的“四个关系式”,COVERED,命中节点 元素周期表的四个关系式；definition 的四式（电子层数等于周期数、质子数等于原子序数、最外层电子数等于主族序数、最高正价等于主族序数与负价等于主族序数减 8）由节点自带 chem-kb-periodic-table-four-relations、ext-che-7b3c6d5a4e-002b 与 ext-che-b0216673fb-003b、ext-che-a73b5b4033-012b 覆盖。,
dir_batch_037.csv#3030,CHEMISTRY,掌握周期表的结构及周期表中的一些特殊规律,COVERED,命中节点 掌握周期表的结构及周期表中的一些特殊规律；definition 的四项（三短四长七主七副八零完的凹型结构与各周期元素种类、稀有气体的原子序数与位置、同主族上下相邻原子序数关系）由节点自带 ext-che-cdf8a7a9f6-018、ext-che-7d3d0bb0e9-005 与 ext-che-7d3d0bb0e9-016（特殊规律清单含凹型结构）、ext-che-c8f0c72345-004 覆盖。,
dir_batch_037.csv#3031,CHEMISTRY,根据文字描述信息推断元素,COVERED,命中节点 根据文字描述信息推断元素；definition 的四个关注（难易而非多少、必须最高价氧化物对应水化物、最简单气态氢化物稳定性、结构特点与特殊性质）由节点自带 ext-che-c8f0c72345-010、ext-che-4dd2e79693-033b、ext-che-ba0799dfd0-004、ext-che-ba36058bd6-021、ext-che-a73b5b4033-014b 覆盖。,
dir_batch_037.csv#3032,CHEMISTRY,根据分子（离子）结构推断元素,COVERED,命中节点 根据分子（离子）结构推断元素；definition 的成键数目定位元素、由简单阴阳离子确定最外层电子数、由化合价代数和为零间接确定最外层电子数由节点自带 ext-che-c8f0c72345-004b 与 ext-che-c8f0c72345-015、chem-valence-bond-count-element-inference、ext-che-ba0799dfd0-002、ext-che-394fc0226d-014 覆盖。,
dir_batch_037.csv#3034,CHEMISTRY,弱电解质的电离平衡,COVERED,命中节点 弱电解质的电离平衡；definition 的电离平衡建立过程与 v-t 图像、逆动等定变特征、以醋酸为例的外界条件影响由节点自带 ext-che-c07d9578b6-002（含义建立与五特征）、ext-che-4a6b0a9516-003、ext-che-4150edab18-002、ext-che-4a6b0a9516-004、wusan-che-v-a8f0a602 覆盖。,
dir_batch_037.csv#3037,CHEMISTRY,电离常数,COVERED,命中节点 电离常数；definition 的定义、表达式（一元弱酸 Ka 与弱碱 Kb、多元弱酸分步 Ka1 与 Ka2）、只与温度有关且升温 K 增大、K 越大酸性越强与四大应用由节点自带 ext-che-4a6b0a9516-011、ext-che-4150edab18-005、ext-che-87fdb465a4-013、wusan-chem-x1c3-ionization-constant、ext-che-e1f44db337-001 覆盖。,
dir_batch_037.csv#3038,CHEMISTRY,电离度,COVERED,命中节点 电离度；definition 的定义、α 的表示式与百分比含义、衡量电离程度的意义、影响因素（同温时浓度越大 α 越小、同浓度时温度越高 α 越大）由节点自带 chem-kb-ionization-degree、ext-che-60651bf275-011（越稀越电离）、chem-hj-dianliudu-gainian-jisuan（稀释和升温都使 α 增大）、ext-che-4a6b0a9516-014 覆盖。,
dir_batch_038.csv#3042,CHEMISTRY,相同pH、相同体积的一元强酸与一元弱酸的比较,COVERED,命中节点 相同ph-相同体积的一元强酸与一元弱酸的比较；definition 为表格附注（一元强碱与一元弱碱的比较规律与以上类似）；相同pH、相同体积的一元强酸与一元弱酸在 c(H＋)、pH、中和碱能力与产氢量上的差异由本节点材料 chem-kb-strong-weak-acid-comparison（相同浓度或相同pH的一元强酸弱酸比较）、chem-hj2-duozhong-qiang-ruosuan-bijiao-biao（相同浓度与相同pH的盐酸和醋酸比较）、ext-che-4150edab18-007（一元强酸与一元弱酸的比较）覆盖。,
dir_batch_038.csv#3043,CHEMISTRY,强酸与弱酸、强碱与弱碱稀释时的pH变化图像,COVERED,命中节点 强酸与弱酸-强碱与弱碱稀释时的ph变化图像；definition 的稀释 10n 倍 pH 变化规律（强酸增大 n、弱酸不足 n、酸碱只能趋近7）、稀释相同倍数后 pH 大小（氨水＞NaOH、盐酸＞醋酸）与稀释后 pH 仍相等时加水量比较由本节点材料 chem-kb-dilution-ph-rules 与 chem-kb-acid-base-dilution-ph-table（强弱酸碱稀释时的pH变化规律）覆盖；体积相同、浓度相同的盐酸与醋酸稀释图像与稀释相同倍数后盐酸 pH 仍较小由 ext-che-e1f44db337-001d（一元强酸与一元弱酸的稀释图像辨析）、ext-che-c3ab790e04-011b（酸碱溶液稀释时pH的变化规律）覆盖。,
dir_batch_038.csv#3044,CHEMISTRY,判断弱酸的三种方法,COVERED,命中节点 判断弱酸的三种方法；definition 的三种判断方法（由定义判断不能完全电离、由稀释后 1＜pH＜2 判断存在电离平衡、由正盐能水解即醋酸钠溶液使酚酞变浅红且 pH＞7 判断）由本节点材料 ext-che-4a6b0a9516-005（判断弱电解质的三个思维角度：定义、电离平衡的存在、盐类水解）、ext-che-e1f44db337-002（判断强酸弱酸的常用方法）、wusan-che-v-ed37bb72（判断一元酸为弱酸的实验方法与结论）覆盖。,
dir_batch_038.csv#3047,CHEMISTRY,有关电离常数计算的两种类型(以弱酸HX为例),COVERED,命中节点 有关电离常数计算的两种类型-以弱酸hx为例；definition 的两类计算（由起始浓度与 c(H＋) 求电离常数并作近似处理、由起始浓度与电离常数求 c(H＋)）由本节点材料 ext-che-e1f44db337-001b（电离平衡常数的两类计算）、chem-kb-ka-approximate-calculation（电离常数的近似计算）、ext-che-4a6b0a9516-012b（由浓度和pH计算电离常数）、ext-che-4a6b0a9516-013（由电离常数计算氢离子浓度）覆盖。,
dir_batch_038.csv#3048,CHEMISTRY,电离平衡中的7个易错点,COVERED,命中节点 电离平衡中的7个易错点；definition 的七条易错点由本节点唯一材料 ext-che-a54083ac3c-014（电离平衡的七个易错点）覆盖，含平衡右移电离程度不一定增大、稀释时各离子浓度不一定都减小、由水电离 c(H＋)＝1.0×10－13 mol/L 的溶液不一定呈碱性、电离常数只受温度影响。,
dir_batch_038.csv#3050,CHEMISTRY,利用电离常数(K)巧判溶液稀释中有关粒子浓度比值大小,COVERED,mech=unmatched 未命中节点，但 definition 的实质内容（借助电离常数把两个变量的浓度比化为单变量来判断稀释过程中比值的变化）已由包内节点 利用电离常数-k-巧判溶液稀释中有关粒子浓度比值大小 的材料 chem-kb-dilution-ratio-judgment-with-ka（利用电离常数判断稀释中浓度比值变化）、ext-che-e1f44db337-004c（微粒浓度比值变化的两类判断方法）、chem-hj-xishi-bizhi-bianhua（加水稀释后粒子浓度比值分析方法）、ext-che-4a6b0a9516-017（判断溶液中微粒浓度比值的三种方法）覆盖。,
dir_batch_038.csv#3052,CHEMISTRY,外界条件对电离平衡影响的四个不一定,COVERED,命中节点 外界条件对电离平衡影响的四个不一定；definition 的四个不一定（加水稀释并非所有离子浓度都减小、平衡右移时分子浓度不一定减小、离子浓度不一定增大、电离程度不一定增大）由本节点材料 chem-kb-ionization-four-not-necessaries、chem-hj-dianli-yidong-sibuding、chem-hj2-ruo-dianjiezhi-dianli-budingyi（电离平衡移动的四个不一定）、ext-che-c06bc59347-001（外界条件对电离平衡影响的四个「不一定」）覆盖。,
dir_batch_038.csv#3056,CHEMISTRY,从“定性”和“定量”两个角度理解电离平衡,COVERED,命中节点 从-定性-和-定量-两个角度理解电离平衡；definition 的定性角度（勒夏特列原理：向减弱改变的方向移动、不能抵消或超越）与定量角度（浓度之比不能由移动方向判断时借助平衡常数）由本节点唯一材料 ext-che-87fdb465a4-012（定性与定量理解电离平衡）覆盖，该材料含 c(CH3COO－)/c(CH3COOH)＝Ka/c(H＋) 的定量示例。,
dir_batch_038.csv#3059,CHEMISTRY,水的电离,COVERED,命中节点 水的电离；definition 的电离方程式 H2O＋H2O⇌H3O＋＋OH－ 及其简写、水电离的特点由本节点材料 chem-kb-water-ionization-basics（水的电离：极弱电解质、特点是难逆等吸）、ext-che-c3ab790e04-001（水的电离与电离方程式）、wusan-che-v-8e7525eb（水的电离与水的离子积常数）覆盖。,
dir_batch_038.csv#3060,CHEMISTRY,水的离子积常数,COVERED,命中节点 水的离子积常数；definition 的表达式、常温数值与纯水中 c(H＋)、影响因素（只与温度有关、升温增大）、适用范围（纯水与稀的电解质水溶液）与意义由本节点材料 chem-kb-water-ion-product-kw（水的离子积常数Kw）、chem-hj2-kw-wendu-shiying-fanwei（水的离子积常数KW的适用范围与温度关系）、chem-hj-shui-dianli-kw（水的电离与水的离子积）覆盖。,
dir_batch_038.csv#3061,CHEMISTRY,水的电离平衡移动的影响因素,COVERED,命中节点 水的电离平衡移动的影响因素；definition 的温度、加酸加碱、可水解的盐、强酸酸式盐与弱酸酸式盐四类影响因素由本节点材料 ext-che-c3ab790e04-002b（影响水的电离平衡的三个方向）、chem-hj2-shui-dianli-shuiyu-xishu（影响水的电离平衡的因素）、chem-kb-water-ionization-shift-factors（弱酸酸式盐取决于酸式酸根水解与电离程度的相对大小）与 ext-che-c3ab790e04-005b（抑制与促进水电离的方法）覆盖。,
dir_batch_038.csv#3063,CHEMISTRY,溶液的酸碱性,COVERED,命中节点 溶液的酸碱性；definition 的酸碱性取决于 c(H＋) 与 c(OH－) 的相对大小及其与中性的判断由本节点材料 chem-kb-solution-acidity-ph-definition（溶液的酸碱性与pH）、ext-che-146a413810-011（溶液酸碱性的判断依据：不取决于 pH 是否等于7）、ext-che-afd9748dd0-011（溶液酸碱性的判断方法）覆盖。,
dir_batch_038.csv#3064,CHEMISTRY,溶液的pH,COVERED,命中节点 溶液的ph；definition 的 pH 定义式、广范 pH 范围与适用范围、pH 试纸法（试纸放在玻璃片或表面皿上、洁净干燥玻璃棒蘸取、与标准比色卡对比）与 pH 计测量、酸碱性与 pH 的关系由本节点材料 wusan-chem-x1c3-ph-measurement（溶液pH的计算与测定）、ext-che-6c2b1eeb5f-005（溶液的酸碱性与pH）、ext-che-afd9748dd0-012（pH 的计算式、测量与 pOH）覆盖。,
dir_batch_038.csv#3065,CHEMISTRY,溶液pH的计算,COVERED,命中节点 溶液ph的计算；definition 的单一溶液、两强酸混合、两强碱混合、强酸与强碱混合、溶液稀释五类 pH 计算由本节点材料 ext-che-1e82fabdbf-019（溶液pH的计算）、ext-che-c3ab790e04-010d（单一溶液与混合溶液 pH 的计算）、ext-che-afd9748dd0-013（溶液 pH 的简单计算）覆盖。,
dir_batch_038.csv#3068,CHEMISTRY,实验原理,COVERED,命中节点 实验原理；definition 的酸碱中和滴定定义（用已知浓度的酸或碱测定未知浓度碱或酸）与一元酸碱定量关系 c待＝c标V标/V待 由本节点唯一材料 ext-che-6c2b1eeb5f-009（酸碱中和滴定的原理）覆盖。,
dir_batch_038.csv#3069,CHEMISTRY,酸碱中和滴定的关键,COVERED,命中节点 酸碱中和滴定的关键；definition 的两条关键（准确测定参加反应的酸碱溶液体积、选取适当指示剂并准确判断滴定终点）由本节点材料 chem-kb-neutralization-titration-principle（关键：测准体积、判准终点）、ext-che-c3ab790e04-019b（中和滴定的指示剂选择与终点判断）、ext-che-c06bc59347-003（中和滴定指示剂的选择）覆盖。,
dir_batch_038.csv#3071,CHEMISTRY,滴定操作,COVERED,命中节点 滴定操作；definition 的洗涤规范（滴定管自来水→蒸馏水→所装溶液润洗、锥形瓶只用蒸馏水不润洗）、装液调液面与赶气泡、初末读数与消耗体积、终点以最后半滴后半分钟不恢复为准由本节点材料 ext-che-c3ab790e04-017（滴定管使用前的准备与洗涤）、ext-che-c3ab790e04-018（滴定过程中的操作要点与终点判断）、ext-che-afd9748dd0-018（酸碱中和滴定的操作与误差分析）、wusan-che-v-16b62da1（酸碱中和滴定的操作与终点判断）覆盖。,
dir_batch_038.csv#3072,CHEMISTRY,数据处理,COVERED,mech=unmatched 未命中节点；definition 的重复滴定 2～3 次、取标准溶液体积平均值再计算待测液浓度由包内材料 chem-kb-neutralization-titration-principle（重复滴定2～3次取标准液体积平均值再计算）、ext-che-254546a036-008（中和滴定的操作流程：读数与数据处理）、ext-che-afd9748dd0-018（规范准备、滴定、终点判断与数据处理）覆盖。,
dir_batch_038.csv#3073,CHEMISTRY,滴定曲线,COVERED,命中节点 滴定曲线；definition 的滴定过程中 pH 变化特点（开始变化不大、接近终点时很少量即引起突变）与酸碱恰好反应时溶液不一定呈中性由本节点材料 wusan-chem-x1c3-titration-curve（酸碱中和滴定曲线的起点与突变范围）、ext-che-6c2b1eeb5f-010（滴定曲线的pH突变）、ext-che-e1f44db337-002d（一元酸与一元碱的滴定曲线分析）覆盖。,
dir_batch_038.csv#3074,CHEMISTRY,误差分析,COVERED,命中节点 误差分析；definition 的计算依据（c标、V待为定值，c待取决于 V标，读数或消耗标准液偏大则结果偏高）与常见不正确操作的后果由本节点材料 wusan-che-v-7599e43e（中和滴定误差分析归结到V(标)的影响）、ext-che-c3ab790e04-021c（中和滴定的误差分析依据）、ext-che-1d09ecb78a-015（中和滴定的误差分析）覆盖。,
dir_batch_038.csv#3077,CHEMISTRY,水电离出的c(H＋)或c(OH－)的相关计算(25 ℃),COVERED,mech=unmatched 未命中节点；definition 的“任何水溶液中水电离产生的 c(H＋) 与 c(OH－) 总是相等”及由此展开的计算由包内材料 ext-che-c3ab790e04-007b（由水电离的 c(H+) 或 c(OH-) 的求算）、ext-che-254546a036-011（水电离出的离子浓度计算，含中性溶液、酸溶液、碱溶液与盐溶液四类情形）覆盖。,
dir_batch_038.csv#3079,CHEMISTRY,溶质为碱的溶液：H＋全部来自水的电离。,COVERED,命中节点 溶质为碱的溶液-h-全部来自水的电离；definition 的关系式 c(H＋)溶液＝c(H＋)水＝c(OH－)水、c(OH－)溶液＝c(OH－)碱＋c(OH－)水 与 pH＝12 的 NaOH 溶液中由水电离的 c(OH－)＝10－12 mol/L 由本节点唯一材料 ext-che-254546a036-011（水电离出的离子浓度计算，含碱溶液情形与示例）覆盖。,
dir_batch_038.csv#3082,CHEMISTRY,外界条件对水的电离平衡的影响,COVERED,命中节点 外界条件对水的电离平衡的影响；definition 的水电离方程式 H2O⇌H＋＋OH－ 与 ΔH＞0 及外界条件对平衡的影响由本节点材料 ext-che-4aca25a694-002b（外界条件对水的电离平衡的影响）、ext-che-c3ab790e04-005（抑制与促进水电离的方法）、ext-che-146a413810-002b（温度酸碱金属对水电离的影响）覆盖。,
dir_batch_038.csv#3084,CHEMISTRY,巧抓“四点”，突破酸碱中和滴定曲线中的粒子浓度关系,COVERED,mech=unmatched 未命中节点；definition 的抓四点（一半点、恰好反应点、中性点、过量点）与 a、b、c、d 四点溶质及离子浓度关系已由包内节点 巧抓-四点-突破酸碱中和滴定曲线中的粒子浓度关系 的材料 chem-fx-qiao-zhua-si-dian-f51x03（巧抓四点）、chem-kb-titration-curve-four-points（滴定曲线的四点分析法）、ext-che-387667e1e7-002（滴定曲线四点分析模型）覆盖；其中量器读数方法（平视、仰视、俯视）由 chem-fx-tu-jie-liang-qi-de-du-shu-fang-fa-f51x06（图解量器的读数方法）与 ext-che-387667e1e7-003（量筒与滴定管的读数方法）覆盖。,
dir_batch_038.csv#3086,CHEMISTRY,水的电离易错“七”点,COVERED,命中节点 水的电离易错-七-点；definition 的七条易错点由本节点材料 ext-che-6c2b1eeb5f-024（水的电离易错七点）、ext-che-c3ab790e04-004（水电离相关判断的易错点）、ext-che-c3ab790e04-004b（水的电离易错辨析）覆盖，含 Kw 适用于一切酸碱盐稀溶液、任何溶液中水电离出的 c(H＋) 与 c(OH－) 总相等、升温 Kw 增大但仍呈中性、Kw 只与温度有关。,
dir_batch_038.csv#3087,CHEMISTRY,pH试纸的规范使用,COVERED,命中节点 ph试纸的规范使用；definition 的四条规范（试纸不能伸入试液、使用前不能润湿、广泛试纸只读整数、不能测氯水的 pH）由本节点材料 chem-kb-ph-paper-proper-use、ext-che-d28ff8e706-005b（pH试纸使用的注意事项）、chem-fx-guang-fan-shi-zhi-zhi-neng-du-chu-zhen-f65x14（广泛pH试纸只能读出整数）覆盖。,
dir_batch_038.csv#3088,CHEMISTRY,酸、碱稀释时的两个误区,COVERED,命中节点 酸-碱稀释时的两个误区；definition 的两个误区（无限稀释时 pH 只能接近 7、弱酸弱碱稀释时 pH 变化不足一个单位）由本节点材料 ext-che-6c2b1eeb5f-027（酸碱稀释的两个误区）、ext-che-c3ab790e04-014b（酸碱稀释与混合的易错规律）覆盖。,
dir_batch_038.csv#3090,CHEMISTRY,酸碱中和滴定“八”个提醒,COVERED,命中节点 酸碱中和滴定-八-个提醒；definition 的八条提醒由本节点材料 ext-che-254546a036-019（酸碱中和滴定八个提醒）覆盖，含 0 刻度在上方且尖嘴无刻度、精度 0.01 mL、先用蒸馏水再用待测液润洗、液面不必在 0 刻度、滴定前排气泡、25 mL 滴定管用去 10.00 mL 后剩余体积大于 15 mL、酸性及强氧化性试剂用酸式滴定管、碱性试剂用碱式滴定管。,
dir_batch_038.csv#3091,CHEMISTRY,抑制、促进水电离平衡的方法,COVERED,命中节点 抑制-促进水电离平衡的方法；definition 的抑制方法（外加酸碱、加强酸酸式盐固体、通酸性或碱性气体、降温）与促进方法（升温、加活泼金属、加强酸弱碱盐或强碱弱酸盐）由本节点材料 chem-kb-water-ionization-shift-factors、ext-che-c3ab790e04-005b、ext-che-afd9748dd0-006（抑制与促进水电离的方法）覆盖。,
dir_batch_038.csv#3093,CHEMISTRY,有关pH计算的一般思维模型,COVERED,命中节点 有关ph计算的一般思维模型；definition 的 pH 计算题型与统一求解思路、计算时注意温度与 Kw 取值由本节点材料 wusan-che-v-7a691b1b（溶液pH计算的思维模型与pH测定）、chem-hj2-ph-jisuan-sixiang-moxing（溶液pH计算的一般思维模型）、ext-che-4aca25a694-011（溶液pH计算的总原则）覆盖。,
dir_batch_038.csv#3094,CHEMISTRY,定义,COVERED,mech=unmatched 未命中节点；definition 的盐类水解定义（盐电离出的离子与水电离产生的 H＋ 或 OH－ 结合生成弱电解质的反应）由包内节点 盐类水解 的材料 ext-che-2540022b42-001（盐类水解的定义、条件与实质）、ext-che-5796f534aa-002b（盐类水解的条件、实质与结果）覆盖。,
dir_batch_038.csv#3095,CHEMISTRY,实质,COVERED,mech=unmatched 未命中节点；definition 的水解实质链条（盐电离出的弱离子结合水电离的 H＋ 或 OH－、破坏水的电离平衡、使 c(H＋)≠c(OH－)、溶液呈酸性碱性或中性）由包内节点 实质（盐类水解的实质）的材料 wusan-chem-x1c3-hydrolysis-essence（盐类水解的实质）与 ext-che-e1aeb95cdb-001（盐类水解的定义与实质）覆盖。,
dir_batch_038.csv#3096,CHEMISTRY,特点,COVERED,mech=unmatched 未命中节点；definition 的三个特点（水解反应是可逆反应、是酸碱中和反应的逆反应、程度很微弱）由包内节点 盐类水解 的材料 ext-che-2540022b42-002（盐类水解的三个特点：可逆、吸热、微弱）、ext-che-ca2b62f148-004（盐类水解的相关概念：原理、实质、规律与水解反应的特点）与 wusan-chem-x1c3-hydrolysis-equation-features（水解程度一般不大、用可逆符号）覆盖，其中与中和反应的互逆关系由材料的吸热特征体现。,
dir_batch_038.csv#3097,CHEMISTRY,规律,COVERED,mech=unmatched 未命中节点；definition 的四句规律（有弱才水解、越弱越水解、谁强显谁性、同强显中性）由包内节点 盐类水解的规律及拓展应用 的材料 wusan-chem-x1c3-hydrolysis-rules（盐类水解的规律）、chem-hj-yanlei-shuijie-guilv（盐类水解的规律七句口诀）、ext-che-e1f44db337-003（盐类水解规律的口诀与拓展）覆盖。,
dir_batch_038.csv#3098,CHEMISTRY,盐类水解离子方程式的书写,COVERED,命中节点 盐类水解离子方程式的书写；definition 的可逆号与不标沉淀气体符号约定、多元弱酸根分步水解以第一步为主、多元弱碱阳离子一步写完、阴阳离子相互促进的双水解用等号并标沉淀气体等写法由本节点材料 chem-hj-shuijie-fangchengshi-guize（盐类水解离子方程式的书写规则）、ext-che-5796f534aa-004（书写三原则）、ext-che-5796f534aa-005b（弱酸弱碱盐与彻底双水解的书写）、chem-fx-duo-yuan-ruo-jian-yan-f50x04（多元弱碱盐水解方程式一步完成）覆盖。,
dir_batch_038.csv#3099,CHEMISTRY,水解平衡常数(能水解的盐表示为MA),COVERED,命中节点 水解平衡常数-能水解的盐表示为ma；definition 的 Kh 表达式、Kh 与 Kw 及 Ka（或 Kb）的乘积关系、多元弱酸强碱盐的 Kh1＝Kw/Ka2 与 Kh2＝Kw/Ka1、一元弱酸一元弱碱盐的 Kh 由本节点材料 wusan-che-v-49a165d1（水解平衡常数及其与Kw、Ka的关系）、chem-hydrolysis-constant-kw-ka（水解常数Kh=Kw/Ka与越弱越水解）、ext-che-4a4ad3d6e8-013b（写出强碱弱酸盐与强酸弱碱盐的水解常数表达式并由电离常数推导）覆盖。,
dir_batch_038.csv#3103,CHEMISTRY,盐类水解的影响因素,COVERED,命中节点 盐类水解的影响因素；definition 的内因（成盐的酸或碱越弱其离子水解能力越强、同浓度 NaHCO3 与 CH3COONa 溶液 pH 的比较）与外因（温度、浓度、加酸加碱对 FeCl3 水解平衡的影响）由本节点材料 chem-fx-ying-xiang-yan-lei-shui-jie-de-yin-su-f50x09（影响盐类水解的因素）、ext-che-5796f534aa-012b（影响盐类水解的主要因素：内因与外因含同离子效应与水解常数）、ext-che-fe38fc6798-010（影响盐类水解的内因与外因）、ext-che-4a4ad3d6e8-009（影响盐类水解程度的内因与外因）覆盖。,
dir_batch_038.csv#3104,CHEMISTRY,盐溶液蒸干灼烧时所得产物的判断,COVERED,命中节点 盐溶液蒸干灼烧时所得产物的判断；definition 的六类情形（水解生成难挥发性酸时蒸干得原物质、水解生成易挥发性酸时蒸干灼烧得氧化物、考虑盐受热分解、还原性盐被氧气氧化、弱酸铵盐蒸干后无固体、NaClO 溶液蒸干既考虑水解又考虑 HClO 分解最后得 NaCl）由本节点材料 chem-hj-zhenggan-chanwu-panbie、ext-che-5796f534aa-016（分七类情况判断）、ext-che-5796f534aa-018（盐溶液蒸干灼烧产物的典型实例）、ext-che-4a4ad3d6e8-012b（按水解产物酸的挥发性、热稳定性与还原性分类判断）覆盖。,
dir_batch_038.csv#3106,CHEMISTRY,溶液中微粒浓度大小的比较,COVERED,命中节点 溶液中微粒浓度大小的比较；definition 为该考点的题型说明（从单一溶液、混合溶液和不同溶液三个角度考查，电离理论和水解理论是比较的依据）由本节点材料 ext-che-e1f44db337-003d（溶液中微粒浓度大小比较的原则，分三类情形）、ext-che-da2d86034b-145b（溶液中粒子浓度大小比较的顺序）、chem-hj-hunhe-rongye-lizi-nongdu（混合溶液中粒子浓度大小比较）、ext-che-4a4ad3d6e8-022（按溶液类型判断离子浓度大小顺序）覆盖。,
dir_batch_038.csv#3107,CHEMISTRY,微粒浓度的大小比较理论依据,COVERED,命中节点 微粒浓度的大小比较理论依据；definition 的电离理论（电离微弱且要计入水的电离，氨水中 NH3·H2O＞OH－＞NH4＋；多元弱酸分步电离以第一步为主，H2S 中 H2S＞H＋＞HS－＞S2－）与水解理论（弱离子水解微量，NH4Cl 中 Cl－＞NH4＋＞H＋＞NH3·H2O；多元弱酸根分步水解以第一步为主）由本节点材料 ext-che-30a632ab5e-017（微粒浓度大小比较的理论依据）、ext-che-b713c9900b-006（电离理论与水解理论用于微粒浓度比较）、ext-che-2540022b42-021（粒子浓度比较的两大理论依据）、ext-che-4a4ad3d6e8-020 覆盖。,
dir_batch_038.csv#3110,CHEMISTRY,溶液中粒子等量关系——三大守恒,COVERED,命中节点 溶液中粒子等量关系-三大守恒；definition 的电荷守恒（阴离子所带负电荷总数等于阳离子所带正电荷总数、离子浓度前按电荷数配系数）、物料守恒（元素原子个数守恒，K2S 溶液中硫元素以 S2－、HS－、H2S 三种形式存在）与质子守恒（得质子数等于失质子数，可由前两式相减得到）由本节点材料 ext-che-e1f44db337-004b（电解质溶液的三大守恒规律）、ext-che-e1f44db337-004d（守恒关系式所属类型的判断方法）、chem-hj2-sanda-shouheng-dianjiezhi（电解质溶液中的三大守恒）、ext-che-4dd2e79693-091b（质子守恒的两种写法）覆盖。,
dir_batch_038.csv#3115,CHEMISTRY,盐类水解程度大小比较的规律,COVERED,命中节点 盐类水解程度大小比较的规律；definition 的四条规律（弱碱阳离子水解显酸性、弱酸根离子水解显碱性；越弱越水解；多元弱酸酸根离子比相应酸式酸根离子水解程度大；正盐＞相应酸式盐、水解相互促进的盐＞单独水解的盐＞水解相互抑制的盐）由本节点材料 chem-fx-yan-lei-shui-jie-cheng-du-da-xiao-bi-j-f50x05（盐类水解程度大小比较的规律）、ext-che-2540022b42-009（盐类水解程度的比较规律，含正盐大于酸式盐与三种铵盐水解程度排序）、ext-che-4dd2e79693-095（不同弱离子水解程度的比较）覆盖。,
dir_batch_038.csv#3116,CHEMISTRY,六种盐溶液蒸干后产物的判断,COVERED,命中节点 六种盐溶液蒸干后产物的判断；definition 的六类产物（析出原来溶质、析出弱碱、析出结晶水合物、全部分解为气体、分解析出新盐、析出氧化产物）与 FeCl2、Fe(NO3)2 的特殊性由本节点唯一材料 ext-che-6a488d0c96-013（六种盐溶液蒸干产物的判断，分六类并含 FeCl2 与 Fe(NO3)2 被氧化为 Fe(OH)3 再灼烧得 Fe2O3）覆盖。,
dir_batch_038.csv#3117,CHEMISTRY,书写盐类水解离子方程式的注意事项,COVERED,mech=unmatched 未命中节点；definition 的书写注意事项（水解程度微弱须标可逆符号、气体沉淀不标箭头、相互促进的双水解程度大时用等号并可标沉淀气体、易分解产物不写其分解形式、多元弱酸阴离子分步水解而多元弱碱阳离子一步书写）由包内节点 盐类水解离子方程式的书写 的材料 chem-hj-shuijie-fangchengshi-guize、ext-che-5796f534aa-004b（水解离子方程式的书写三原则）、ext-che-5796f534aa-005b（弱酸弱碱盐与彻底双水解的书写）、ext-che-2540022b42-006（水解程度微弱带来的书写约定）覆盖。,
dir_batch_039.csv#3120,CHEMISTRY,盐类水解的规律及拓展应用,COVERED,命中节点 盐类水解的规律及拓展应用。definition 第一项规律由 wusan-chem-x1c3-hydrolysis-rules（有弱才水解、越弱越水解、谁强显谁性、正盐的水解程度大于对应酸式盐）与 chem-hj-yanlei-shuijie-guilv 覆盖；第二、三项强酸酸式盐只电离显酸性、弱酸酸式盐看电离与水解程度相对大小由 wusan-che-v-ae2121b5（盐类水解的规律与酸式盐酸碱性）与节点 盐溶液酸碱性的判断 的材料 chem-hj-suanshishui-suanjianxing、ext-che-1422ee20c2-019 覆盖；第四项水解相互促进、单独水解与相互抑制的程度排序由节点 盐类水解程度大小比较的规律 的材料 ext-che-2540022b42-009（越弱越水解、越稀越水解及促进与抑制对程度的排序）覆盖。,
dir_batch_039.csv#3122,CHEMISTRY,盐溶液酸碱性的判断,COVERED,命中节点 盐溶液酸碱性的判断。definition 第一、二、五项由节点材料 chem-hj-yan-defenlei-fangshi（盐的分类方式）、chem-hj-f125-shuijie-santubu-tuisuan 与 ext-che-5796f534aa-008b（推断盐溶液性质的三部曲）、ext-che-4a4ad3d6e8-002 与 ext-che-fe38fc6798-002（强酸弱碱盐显酸性、强碱弱酸盐显碱性、强酸强碱盐显中性的原因）、ext-che-fe38fc6798-006 覆盖；第三、四项稀释与加入弱酸对水解程度的影响，其实质由 ext-che-2540022b42-009（越稀越水解）与 ext-che-5796f534aa-012（升温、稀释、加酸加碱或同离子效应都会改变水解程度）覆盖。,
dir_batch_039.csv#3123,CHEMISTRY,沉淀溶解平衡,COVERED,命中节点 沉淀溶解平衡。definition 的建立由 ext-che-74ae5b408a-002（溶解与沉淀速率相等时建立动态平衡）与 ext-che-74ae5b408a-002b 覆盖；特点逆、等、动、定、变及适用平衡移动原理由 ext-che-74ae5b408a-003b、ext-che-fffe765dc9-002（须标状态并用可逆号）、ext-che-1ebd01f384-002 与 ext-che-c06bc59347-013（Ksp 曲线含义）覆盖。,
dir_batch_039.csv#3124,CHEMISTRY,影响沉淀溶解平衡的因素,COVERED,命中节点 影响沉淀溶解平衡的因素。definition 的内因与外因由 chem-hj-chendian-rongjie-pingheng-yinsu、ext-che-74ae5b408a-004b（内因是难溶电解质本身性质、外因有浓度温度同离子效应）、ext-che-1ebd01f384-002b 与 ext-che-1e302b0615-002b 覆盖；以氯化银溶解平衡为例的分析由 ext-che-e1f44db337-028 与 chem-hj2-chendian-rongjie-pingheng-gainian 覆盖。,
dir_batch_039.csv#3125,CHEMISTRY,溶度积,COVERED,命中节点 溶度积。definition 的溶度积与离子积表达式由 wusan-chem-x1c3-ksp-expression 与 ext-che-fffe765dc9-008（各离子浓度幂之积的常数、只与难溶电解质性质和温度有关）覆盖；Ksp 的意义与提醒（阴阳离子个数比不同时 Ksp 大的溶解度不一定大）由 ext-che-1e302b0615-009 与 ext-che-c00b4f60cb-003 覆盖；影响因素由 ext-che-74ae5b408a-016b 覆盖。,
dir_batch_039.csv#3127,CHEMISTRY,溶度积和离子积的关系,COVERED,命中节点 溶度积和离子积的关系。definition 为 Q 与 Ksp 关系的表达式示例；节点材料 wusan-chem-x1c3-ksp-vs-q（温度不变则 Ksp 不变、改变离子浓度只改变 Q）、ext-che-79644b1cee-001、ext-che-1e302b0615-011b 与 ext-che-fffe765dc9-008b（用 Q 与 Ksp 比较判断沉淀生成、平衡与溶解）覆盖。,
dir_batch_039.csv#3128,CHEMISTRY,Ksp的影响因素,COVERED,命中节点 ksp的影响因素。definition 的内因与外因三项由 wusan-chem-x1c3-ksp-factors（Ksp 只受温度影响、与浓度与所加试剂和体积都无关）、ext-che-74ae5b408a-016、ext-che-1e302b0615-010b（稀释或加入其他离子都不改变 Ksp）与 ext-che-1a9ac8e309-013 覆盖。,
dir_batch_039.csv#3131,CHEMISTRY,沉淀溶解平衡的应用,COVERED,命中节点 沉淀溶解平衡的应用。definition 第一项沉淀完全标准由 ext-che-968bcfe3c7-002b（残留离子浓度小于 1.0×10-5 mol/L 时认为沉淀完全）；第二项除杂与反应进行完全由 ext-che-74ae5b408a-005b 与 ext-che-fffe765dc9-017；第三项分步沉淀与同类型比 Ksp、不同类型需计算由 ext-che-fffe765dc9-019b、ext-che-1e302b0615-003 与 ext-che-1e302b0615-004；第四项溶解度小的沉淀可转化为溶解度大的由 ext-che-c00b4f60cb-006 与 chem-fx-yi-ban-shuo-lai-f54x03 覆盖。,
dir_batch_039.csv#3132,CHEMISTRY,沉淀溶解平衡体系中相关计算方法,COVERED,命中节点 沉淀溶解平衡体系中相关计算方法。definition 的三类计算（由 Ksp 求某离子浓度、已知 Ksp 与一种离子浓度求另一种、求沉淀转化平衡体系的离子浓度比与 K）由 ext-che-968bcfe3c7-003b（由溶度积进行的三种计算）、ext-che-fffe765dc9-009、ext-che-4dd2e79693-092b 与 wusan-chem-x1c3-ksp-ph-range 覆盖。,
dir_batch_039.csv#3135,CHEMISTRY,沉淀滴定法,COVERED,命中节点 沉淀滴定法。definition 的概念、原理与铬酸钾为指示剂的分级沉淀由 ext-che-c3ab790e04-022（指示剂本身是沉淀剂且其沉淀须比滴定产物更易溶）、ext-che-c06bc59347-006、ext-che-146a413810-021b 与 ext-che-e1f44db337-028b（滴定曲线的信息读取）覆盖；definition 末尾的乙炔银实验装置为附带练习，不影响该考点。,
dir_batch_039.csv#3136,CHEMISTRY,沉淀溶解平衡易错六点,COVERED,命中节点 沉淀溶解平衡易错六点。definition 的六点由 ext-che-79644b1cee-021（沉淀溶解平衡易错六点：吸热与 Ksp 变化、Ksp 与溶解度关系、沉淀完全判断与沉淀转化条件）、ext-che-fffe765dc9-003、ext-che-74ae5b408a-008b 与 ext-che-968bcfe3c7-001c 覆盖。,
dir_batch_039.csv#3138,CHEMISTRY,有关Ksp的易错点,COVERED,命中节点 有关ksp的易错点。definition 的两个易错点（并非 Ksp 越小溶解度越小、溶度积小的可向溶度积大的转化）由 wusan-chem-x1c3-ksp-pitfalls、ext-che-c00b4f60cb-003、ext-che-fffe765dc9-010b 与 ext-che-ffadd732ea-013 覆盖。,
dir_batch_039.csv#3140,CHEMISTRY,解沉淀溶解平衡图像题的三步骤,COVERED,命中节点 解沉淀溶解平衡图像题的三步骤。definition 的第一步看坐标、第二步判线上点与线外点、第三步抓 Ksp 特点由 ext-che-c06bc59347-014、ext-che-968bcfe3c7-006、ext-che-da2d86034b-152 与 ext-che-1e302b0615-016 覆盖。,
dir_batch_039.csv#3143,CHEMISTRY,反应热、焓变,COVERED,命中节点 反应热-焓变。definition 的反应热与焓变定义、单位与 ΔH 正负由 chem-kb-reaction-heat-enthalpy、chem-hj-hanbian-gainian、chem-hj2-fanre-re-hanbian-dingyi 与 ext-che-6ed9df72fe-002 覆盖。,
dir_batch_039.csv#3145,CHEMISTRY,ΔH的计算公式,COVERED,命中节点 δh的计算公式。definition 为 ΔH 计算的栏目句；节点材料 chem-kb-delta-h-three-formulas（ΔH 可由内能差、键能差或活化能差三条途径计算）与 ext-che-e5f86d011f-023（按热化学方程式比例、燃烧热、键能差、盖斯定律四条途径）覆盖。,
dir_batch_039.csv#3146,CHEMISTRY,燃烧热,COVERED,命中节点 燃烧热。definition 的注意（文字表述可不带负号而用 ΔH 表示时必须带负号）由 ext-che-fa5c662311-010（描述时不带负号而 ΔH 为负）、chem-kb-combustion-heat 与 ext-che-5de6d65b20-009 覆盖。,
dir_batch_039.csv#3153,CHEMISTRY,“五步”书写热化学方程式,COVERED,命中节点 五步-书写热化学方程式。definition 的五步由 chem-kb-thermochemical-equation-writing（写配平方程式后标物质状态、反应条件、ΔH 及数值，计量数必须与 ΔH 对应）覆盖；节点另有 chem-fx-re-hua-xue-fang-cheng-shi-yu-hua-xue-f37x05 讲与普通方程式的区别。,
dir_batch_039.csv#3156,CHEMISTRY,盖斯定律,COVERED,命中节点 盖斯定律。definition 的定义、途径关系 ΔH＝ΔH1＋ΔH2 与本质由 chem-kb-hess-law、chem-hj-gaisidinglv、ext-che-6ed9df72fe-012 与 ext-che-fd24554fd4-004b 覆盖。,
dir_batch_039.csv#3157,CHEMISTRY,盖斯定律的应用,COVERED,命中节点 盖斯定律的应用。definition 的应用与由已知方程式相加减求焓变代数和由 ext-che-70f6560213-001e、ext-che-7feb6686e1-005 与 ext-che-4dd2e79693-058（找唯一的速算法）覆盖。,
dir_batch_039.csv#3158,CHEMISTRY,反应热大小的比较,COVERED,命中节点 反应热大小的比较。definition 的四类比较由 wusan-che-v-3bd50175（四步分析法）、ext-che-70f6560213-001d（四看）、ext-che-ce8d78405a-004（物质的量与反应程度）、ext-che-ce8d78405a-005（状态与特殊反应）与 chem-fx-fang-fa-yi-f38x06 覆盖。,
dir_batch_039.csv#3162,CHEMISTRY,主要依据,COVERED,命中节点 主要依据。definition 列举的计算依据由节点材料 ext-che-7feb6686e1-008（反应热计算的依据与判断反应热大小的常见出发点）覆盖。,
dir_batch_039.csv#3163,CHEMISTRY,主要方法,COVERED,条目未命中节点，但 definition 的六条计算途径已由既有材料覆盖：按热化学方程式比例、燃烧热、键能差、盖斯定律四条途径由 ext-che-e5f86d011f-023；按内能差、键能差、活化能差由 chem-kb-delta-h-three-formulas；按燃烧热数值由 chem-kb-combustion-heat；按比热公式 Q＝c·m·ΔT 由 chem-kb-neutralization-heat-measurement 与 ext-che-5de6d65b20-009b。内容归属节点 δh的计算公式 与 中和热测定注意事项，无需新增材料。,
dir_batch_039.csv#3165,CHEMISTRY,反应热大小的比较规律,COVERED,命中节点 反应热大小的比较规律。definition 的六条规律由 chem-kb-enthalpy-comparison-rules、ext-che-e5f86d011f-024、ext-che-596c6da0b6-019、ext-che-b08c6c1c61-023 与 ext-che-ce8d78405a-005 覆盖。,
dir_batch_039.csv#3168,CHEMISTRY,规避两个易失分点,COVERED,命中节点 规避两个易失分点。definition 的旧键断裂与新键形成同时进行由节点材料 ext-che-45d8808041-012（化学反应热效应的两个易失分点）覆盖；常见物质中的化学键数目与按键能计算反应热时须计断键与成键总数由节点 物质变化过程中的化学键变化 的材料 chem-kb-common-bond-counts 与 ext-che-5de6d65b20-016 覆盖。,
dir_batch_039.csv#3169,CHEMISTRY,ΔH与反应的“可逆性”,COVERED,命中节点 δh与反应的-可逆性。definition 的可逆反应 ΔH 表示反应完全时的热量变化由节点材料 chem-fx-yu-fan-ying-de-ke-ni-xing-f37x06 覆盖；与反应是否可逆无关、实际放热小于理论值由 chem-kb-reversible-reaction-actual-heat 与 ext-che-45d8808041-012 覆盖。,
dir_batch_039.csv#3170,CHEMISTRY,中和热测定注意事项,COVERED,命中节点 中和热测定注意事项。definition 的五项由 chem-hj-zhonghe-re-ceding、ext-che-6ed9df72fe-010（同一支温度计洗净擦干后再用、取温度差平均值）、ext-che-596c6da0b6-011（碱稍过量且不用铜丝搅拌）与 ext-che-1422ee20c2-018b（封闭内筒口、减少热量散失）覆盖。,
dir_batch_039.csv#3171,CHEMISTRY,中和热、燃烧热的注意点,COVERED,命中节点 中和热-燃烧热的注意点。definition 由 ext-che-e5f86d011f-013（描述时可只写数值，热化学方程式必须分别满足 1 mol 水和 1 mol 可燃物）、ext-che-70f6560213-001 与 ext-che-596c6da0b6-010 覆盖。,
dir_batch_039.csv#3172,CHEMISTRY,化学反应的热效应的易混易错点,COVERED,命中节点 化学反应的热效应的易混易错点。definition 的四点由 chem-kb-heat-judge-pitfalls（不能由是否加热判断吸放热、溶解与相变的热量变化不是反应热）、ext-che-e5f86d011f-008 与 ext-che-b08c6c1c61-003（三态变化能量依次升高）覆盖。,
dir_batch_039.csv#3174,CHEMISTRY,热化学方程式书写注意事项,COVERED,命中节点 热化学方程式书写注意事项。definition 的七项由 chem-hj-rexuehuaxue-fangchengshi-shuxie、chem-hj-rexue-fangchengshi-buchong-guize（不标上下箭头、同素异形体注明晶型、运算时 ΔH 同步缩放）、ext-che-6ed9df72fe-006b 与 ext-che-b08c6c1c61-005 覆盖。,
dir_batch_039.csv#3175,CHEMISTRY,做到“五看”，快速判断热化学方程式的正误,COVERED,命中节点 做到-五看-快速判断热化学方程式的正误。definition 的五看由 chem-kb-five-checks-thermochemical、ext-che-5de6d65b20-008、ext-che-fa5c662311-008 与 chem-hj2-wukan-rehuaxue-zhengwu 覆盖。,
dir_batch_039.csv#3177,CHEMISTRY,利用盖斯定律书写热化学方程式的一般步骤,COVERED,命中节点 利用盖斯定律书写热化学方程式的一般步骤。definition 的流程图步骤由 ext-che-e5f86d011f-023b（盖斯定律的三调一加）与 ext-che-da2d86034b-093（找只出现一次的物质、调系数与方向、再加和算焓变）覆盖。,
dir_batch_039.csv#3179,CHEMISTRY,分析图像书写热化学方程式。,COVERED,命中节点 分析图像书写热化学方程式。definition 的由图像能量差写式由节点材料 ext-che-64bd06eed2-006（由图读反应物与生成物的总能量差得 ΔH、注明聚集状态与化学计量数、放热为负吸热为正）覆盖。,
dir_batch_039.csv#3181,CHEMISTRY,原电池,COVERED,命中节点 原电池。definition 的定义与构成条件由 chem-kb-galvanic-cell-conditions、ext-che-f668f4f6c0-003（构成条件的三看）、wusan-che-v-2436b7a5 与 ext-che-2c2c95102b-001 覆盖；提醒中离子导体既可为电解质水溶液、也可为固体或熔融电解质由节点 燃料电池 的材料 ext-che-608acb21f7-003（电解质可为溶液、熔融盐或质子交换膜）与 ext-che-3b6c218622-010 覆盖。,
dir_batch_039.csv#3182,CHEMISTRY,原电池的工作原理 （以Zn－Cu原电池为例）,COVERED,命中节点 原电池的工作原理-以zn-cu原电池为例。definition 为单液电池与双液电池的图注；节点材料 chem-hj-xintong-yuandianchi-yuanli（锌作负极失电子溶解、铜作正极、电子经导线由负极流向正极）、chem-hj-danye-shuangye-yuandianchi-duibi（单液与双液对比）、chem-kb-galvanic-cell-working-principle 与 ext-che-f668f4f6c0-004 覆盖。,
dir_batch_039.csv#3183,CHEMISTRY,原电池原理的应用,COVERED,命中节点 原电池原理的应用。definition 的三类应用由 chem-kb-galvanic-cell-applications（比较金属活动性、加快反应速率、金属防护）、chem-hj-yuandianchi-yingyong、ext-che-f668f4f6c0-005 与 ext-che-86a0fcc39c-006 覆盖。,
dir_batch_039.csv#3185,CHEMISTRY,一次电池,COVERED,命中节点 一次电池。definition 的概念与碱性锌锰干电池、纽扣式锌银电池的总反应及正负极反应由 ext-che-aca30e2521-003、ext-che-f668f4f6c0-010、ext-che-923cf868a0-006 与 ext-che-2c2c95102b-009 覆盖。,
dir_batch_039.csv#3186,CHEMISTRY,二次电池,COVERED,命中节点 二次电池。definition 的概念、铅蓄电池充放电电极反应与充电时电极连接由 ext-che-f668f4f6c0-012（以铅蓄电池为例的充放电原理）、ext-che-aca30e2521-003b、chem-hj-chongdian-lianjie-zhengzhengfufu（负接负作阴极、正接正作阳极）与 ext-che-1241d396a8-001 覆盖。,
dir_batch_039.csv#3187,CHEMISTRY,燃料电池,COVERED,命中节点 燃料电池。definition 的燃料种类与四类电解质对电极反应式的影响由 ext-che-608acb21f7-003（常见燃料与电解质类型）、ext-che-3b6c218622-010（四类电解质决定电极反应式写法）、ext-che-edf4d79299-004（以甲烷为例的电极反应式书写三步法）与 ext-che-c8eaa7660b-010 覆盖；第三问为书写练习性质，其方法已由上述材料覆盖。,
dir_batch_039.csv#3190,CHEMISTRY,甲烷作燃料电池的负极反应物时，其电极反应式在不同的介质中有不同的写法。,COVERED,name 与 definition 为甲烷在强酸、导 O2－ 固体、熔融碳酸盐三种介质中负极反应式的书写；其知识内容由节点 甲烷作燃料电池的负极反应物时-其电极反应式在不同的介质中有不同的写法 的材料 ext-che-f668f4f6c0-014（以甲烷燃料电池为例说明酸性、碱性、熔融碳酸盐与传导氧离子介质下电极反应式的写法）、ext-che-3b6c218622-010b（甲醇在四种介质中的正负极反应式各不相同）、ext-che-d3637bf4e4-014（零价法计算有机燃料转移电子数）与 ext-che-261c888347-003（判断有机物中碳元素的化合价以确定转移电子数）覆盖；与学生版填空对应的写法要求均已入库，无需新增材料。,
dir_batch_039.csv#3191,CHEMISTRY,燃料电池,COVERED,命中节点 燃料电池。definition 的有机物化合价分析由节点 甲烷作燃料电池的负极反应物时-其电极反应式在不同的介质中有不同的写法 的材料 ext-che-261c888347-003（书写燃料电池电极反应式要判断有机物中碳元素的化合价以确定转移电子数）覆盖；负极反应式书写的关键点由节点材料 ext-che-edf4d79299-004 与 ext-che-f668f4f6c0-014b 覆盖。,
dir_batch_039.csv#3192,CHEMISTRY,手机、电脑的锂电池是一次电池还是二次电池？,COVERED,name 所问的锂电池类型由节点 二次电池 的材料 chem-lithium-battery-primary-secondary（锂电池为一次电池、锂离子电池为二次电池且均不能用水溶液电解质）与 chem-hj-lizidianchi-yuanli（锂离子电池工作原理）覆盖；definition 尾部的能量密度排序为填空练习，所需的质量与失电子数关系不构成独立考点。,
dir_batch_039.csv#3194,CHEMISTRY,O2作为原电池的正极反应物时，其电极反应在不同的介质中有不同的写法。,COVERED,definition 的核心（O2 作正极反应物时电极反应随介质不同而不同）由节点 甲烷作燃料电池的负极反应物时-其电极反应式在不同的介质中有不同的写法 的材料 chem-kb-fuel-cell-electrode-writing（碱性介质中正极氧气得电子生成氢氧根）、chem-hj-randiao-dianchi-jiezhi-yingxiang（酸性、碱性、固体氧化物、熔融盐介质中电极反应式不同）、ext-che-f668f4f6c0-014b（判断介质与两极的关键点）与 ext-che-02e43d3aeb-001b（正极反应式随介质不同而不同）覆盖；definition 六问答案位留空属学生版填空，无需新增材料。,
dir_batch_039.csv#3195,CHEMISTRY,判断原电池正、负极的方法,COVERED,命中节点 判断原电池正-负极的方法。definition 的提醒（负极质量不一定减少、铅酸蓄电池放电后正负极质量均增大）由 chem-hj-fuji-zhiliang-biandingjian（负极质量不一定减少、铅蓄电池两极均增重）与 chem-kb-galvanic-cell-pitfalls 覆盖；判断方法本身由 chem-kb-galvanic-electrode-judgment、chem-hj2-yuan-dianchi-dianji-sipanfa 与 ext-che-3b6c218622-002c 覆盖。,
dir_batch_039.csv#3196,CHEMISTRY,已知总方程式，书写电极反应式,COVERED,命中节点 已知总方程式-书写电极反应式。definition 的书写步骤与技巧由 chem-kb-electrode-equation-from-total-reaction、chem-hj-dianji-fanyingshi-chaijian（拆分法与加减法）、chem-hj2-dianji-fanyingshi-shuxie-fangfa 与 ext-che-86a0fcc39c-005b 覆盖。,
dir_batch_039.csv#3197,CHEMISTRY,原电池工作原理易错知识“10”点,COVERED,命中节点 原电池工作原理易错知识-10-点。definition 的十点由 chem-kb-galvanic-cell-pitfalls、chem-hj-dianzi-buxiashui-lizi-bushangan（电子只在导线流动、离子只在电解质中移动）、ext-che-86a0fcc39c-008 与 ext-che-2c2c95102b-005 覆盖；第九点加快反应速率由节点 原电池原理的应用 的材料 chem-kb-galvanic-cell-applications 覆盖。,
dir_batch_040.csv#3202,CHEMISTRY,可充电电池题目的解答思路,COVERED,命中节点 可充电电池题目的解答思路；definition 为水系锌离子电池与氟离子电池两道例题题干（判电极与离子移向、总反应式、转移电子与电极减重、电极电势高低）；该考点的解题思路由节点材料 ext-che-4b16225acf-003（读题、定池型、迁电极、迁反应、析离子五步流程）、chem-hj2-erci-dianchi-jieti-liucheng（放电为原电池、充电为电解池，放电的正极在充电时作阳极）、ext-che-4dd2e79693-062（充放电互逆关系）、ext-che-02e43d3aeb-001c 覆盖。,
dir_batch_040.csv#3203,CHEMISTRY,在浓差电池中，为了限定某些离子的移动，常涉及到“离子交换膜”。,COVERED,batch 未命中节点但包内存在同名节点 在浓差电池中-为了限定某些离子的移动-常涉及到-离子交换膜；definition 的常见离子交换膜与作用（隔离两极区阻止两极物质反应、选择性允许离子通过并平衡电荷形成闭合回路）由该节点材料 chem-kb-ion-exchange-membranes（阳膜、阴膜、质子膜选择性允许特定离子通过，用于隔离与平衡电荷）、chem-hj-lizi-jiaohuanmo-leixing-zuoyong、chem-ion-exchange-membrane-types 覆盖；膜的选择依据由 chem-hj-hanmo-dianjie-jieti-sibu（分清膜型、写电极反应、据电荷守恒定离子迁移）、chem-fx-li-zi-jiao-huan-mo-de-zuo-yong-f40x05 覆盖。,
dir_batch_040.csv#3204,CHEMISTRY,“浓差电池”的分析方法,COVERED,命中节点 “浓差电池”的分析方法；definition 的利用浓度差产生电势、离子由高浓度移向低浓度、按阴离子移向负极区域与阳离子移向正极区域判断正负极、同金属在不同浓度盐溶液中形成浓差电池由该节点材料 ext-che-d13694dabb-004、ext-che-3b6c218622-017（靠浓度差产生电势并据此判断正负极）、ext-che-4dd2e79693-067（分电极浓差与电解质浓差两类，按浓正稀负判断）、chem-fx-nong-cha-dian-chi-de-fen-xi-fang-fa-f40x06 覆盖。,
dir_batch_040.csv#3205,CHEMISTRY,电解和电解池,COVERED,命中节点 电解和电解池；definition 的电解与电解池填空式定义由该节点材料 ext-che-ae82ac501b-003（电解是电流通过电解质在两极引起氧化还原反应、把电能转化为化学能的过程；电解池由直流电源、两个电极、电解质和闭合回路构成）、ext-che-d70850b5c7-002、ext-che-68f6c34454-002、ext-che-d931f0e7db-003 覆盖。,
dir_batch_040.csv#3206,CHEMISTRY,电解池工作原理(以电解CuCl2溶液为例):,COVERED,命中节点 电解池工作原理(以电解CuCl2溶液为例)；definition 仅总反应方程式一处空位，该考点的两极放电产物与总反应由节点材料 chem-hj-f096-dianjie-cucl2-moxing（电解CuCl2溶液时阳极析氯、阴极析铜）、ext-che-d70850b5c7-003（以电解CuCl2溶液为例的电子流向、离子移动与两极产物判断）、ext-che-053e11e3a1-003、ext-che-0e0ef6766a-001 覆盖。,
dir_batch_040.csv#3208,CHEMISTRY,电解饱和食盐水——氯碱工业,COVERED,命中节点 电解饱和食盐水——氯碱工业；definition 的电极反应与反应类型、总反应与离子方程式、酚酞变红与阳极产物、阳离子交换膜的作用与进出物料由该节点材料 chem-hj2-lvjian-gongye-dianjie-shiyanshui（总反应2NaCl+2H2O=2NaOH+H2↑+Cl2↑，阳极出Cl2、阴极出H2和NaOH）、chem-fx-yin-ji-f41x07（阴极2H2O+2e-=H2↑+2OH-，还原反应）、chem-kb-chlor-alkali-industry（阳离子交换膜防止副反应与爆炸）、ext-che-68f6c34454-008、ext-che-d70850b5c7-007（离子交换膜电解槽与粗盐水精制）、chem-fx-lv-jian-gong-ye-f41x06 覆盖。,
dir_batch_040.csv#3211,CHEMISTRY,金属腐蚀的本质,COVERED,命中节点 金属腐蚀的本质；definition 的金属原子失去电子变为金属阳离子并发生氧化反应由该节点材料 chem-fx-jin-shu-fu-shi-de-ben-zhi-f41x13、ext-che-3bca327ab1-017（腐蚀的本质是金属原子失电子变为阳离子）、chem-kb-metal-corrosion-types、ext-che-499da45dc7-009 覆盖。,
dir_batch_040.csv#3212,CHEMISTRY,金属腐蚀的类型,COVERED,命中节点 金属腐蚀的类型；definition 的化学腐蚀与电化学腐蚀、析氢腐蚀与吸氧腐蚀（以钢铁的腐蚀为例）由该节点材料 ext-che-42dee98d13-013（化学腐蚀无电流、电化学腐蚀有电流且以吸氧腐蚀为主）、ext-che-608acb21f7-005（钢铁电化学腐蚀按环境酸碱性分两类）、ext-che-3bca327ab1-018、ext-che-d70850b5c7-018 覆盖。,
dir_batch_040.csv#3213,CHEMISTRY,金属电化学腐蚀规律,COVERED,命中节点 金属电化学腐蚀规律；definition 的四条腐蚀快慢规律由该节点材料 chem-fx-dui-tong-yi-jin-shu-lai-shuo-f41x15（强电解质溶液＞弱电解质溶液＞非电解质溶液，活动性差别越大腐蚀越快）、ext-che-d70850b5c7-020（溶液浓度、氧化性强弱与导电能力影响腐蚀速率）、ext-che-d70850b5c7-015b（电解原理引起的腐蚀＞原电池原理引起的腐蚀＞化学腐蚀＞有防护措施的腐蚀）、ext-che-ae82ac501b-015b、ext-che-4b16225acf-008 覆盖。,
dir_batch_040.csv#3214,CHEMISTRY,其他防护方法,COVERED,命中节点 其他防护方法；definition 的覆盖保护层（涂油漆、油脂、搪瓷、陶瓷、沥青、塑料等）与电镀、改变金属内部结构制成不锈钢等合金由该节点材料 chem-hj2-jinshu-fanghu-sanleifangfa（金属防护包括改变结构、覆盖保护层、电化学保护）、ext-che-053e11e3a1-013（从金属本身、接触物质与反应条件三方面出发的防护措施）、ext-che-ae3f5c9d23-016（发蓝处理与阳极氧化等钝化方法）覆盖。,
dir_batch_040.csv#3217,CHEMISTRY,简单的电镀实验,COVERED,命中节点 简单的电镀实验；definition 仅【实验目的】栏目标题，该实验的目的、用品、操作流程与实验结论由该节点材料 ext-che-e2850176cd-006（铁制镀件镀铜的目的、用品、操作流程与实验结论）、ext-che-608acb21f7-001（电镀的原理与电镀池的构成）、ext-che-d70850b5c7-008、ext-che-68f6c34454-010 覆盖。,
dir_batch_040.csv#3218,CHEMISTRY,了解电镀原理。,COVERED,命中节点 了解电镀原理；definition 的实验用品与操作（砂纸打磨、NaOH除油污、盐酸除锈、镀件接电源负极、铜片接正极、电镀液浓度变化、问题讨论中的电极材料与反接现象）由该节点材料 ext-che-5c8ab8324c-045（以铁制镀件镀铜为例的阳极阴极反应与电镀液选择）、ext-che-ae82ac501b-010（镀层金属作阳极、被镀件作阴极，电镀液浓度保持不变）、ext-che-ae82ac501b-010d、ext-che-053e11e3a1-007 覆盖。,
dir_batch_040.csv#3219,CHEMISTRY,查阅资料，了解工业生产中提高电镀质量的方法。,COVERED,batch 未命中节点；definition 的深度剖析（电镀铜时c(Cu2+)不变、阳极失电子数与阴极得电子数相等故电镀液浓度不变、电解或电镀时电极质量减小的必为阳极且质量增加的必为阴极）由包内节点 电解原理应用的四点注意事项 的材料 chem-kb-electroplating-and-copper-refining（电镀时镀层金属作阳极、镀件作阴极，镀液浓度不变）、ext-che-499da45dc7-006（电解应用中电极质量变化的易错判断）覆盖；name 所指节点 查阅资料-了解工业生产中提高电镀质量的方法 另有材料 ext-che-841d0e5e17-009 覆盖主盐浓度、pH、温度、时间与添加剂等工艺因素。,
dir_batch_040.csv#3220,CHEMISTRY,制作简单的燃料电池,COVERED,batch 未命中节点，definition 仅【实验目的】栏目标题；该实验活动涉及的氢氧燃料电池构造与电极反应由节点 制作一个氢氧燃料电池 的材料 ext-che-447c937000-016（分酸碱介质，通燃料一极为负极、通O2一极为正极，按介质离子书写电极反应式）、节点 设计和制作一个氢氧燃料电池 的材料 chem-hj2-qingyang-ranliao-dianchi-gaishu（氢氧燃料电池分酸性与碱性两类，常用燃料有H2、CO、烃、醇、肼等）、节点 燃料电池 的材料 ext-che-608acb21f7-003 覆盖。,
dir_batch_040.csv#3221,CHEMISTRY,设计和制作一个氢氧燃料电池。,COVERED,命中节点 设计和制作一个氢氧燃料电池；definition 为实验用品清单（U形管、石墨棒、3～6 V的直流电源、鳄鱼夹、导线和开关、电流表），该实验涉及的氢氧燃料电池构造与燃料种类由该节点材料 chem-hj2-qingyang-ranliao-dianchi-gaishu（分酸性与碱性两类，常用燃料有H2、CO、烃、醇、肼等）与节点 制作一个氢氧燃料电池 的材料 ext-che-447c937000-016 覆盖。,
dir_batch_040.csv#3223,CHEMISTRY,电解水。,COVERED,命中节点 电解水；definition 的U形管中注入1 mol·L－1 Na2SO4溶液并滴入酚酞、插入石墨棒接直流电源后两极石墨棒均产生气泡的现象由该节点材料 ext-che-841d0e5e17-011（以Na2SO4溶液为电解质的电解水实验：装置、现象与电极反应式）覆盖。,
dir_batch_040.csv#3224,CHEMISTRY,制作一个氢氧燃料电池。,COVERED,命中节点 制作一个氢氧燃料电池；definition 的电解1～2 min后断开电源、两根石墨棒接电流表并闭合K2后指针偏转的现象与氢氧燃料电池和电解水原理的比较由该节点材料 ext-che-447c937000-016（氢氧燃料电池分酸碱介质、通燃料一极为负极、通O2一极为正极）覆盖，电解水一侧由节点 电解水 的材料 ext-che-841d0e5e17-011 覆盖。,
dir_batch_040.csv#3228,CHEMISTRY,电化学综合计算的三种常用方法,COVERED,命中节点 电化学综合计算的三种常用方法；definition 的根据总反应计算、根据电子守恒计算、根据关系式计算与以4 mol e-为桥梁建立关系式由该节点材料 chem-kb-electrochemistry-calculation-methods、ext-che-02e43d3aeb-004e（以总反应式、电子转移守恒、关系式为依据）、chem-hj-dianjie-jisuan-yiju、ext-che-1241d396a8-001c、ext-che-51e65d8cb6-012、ext-che-29359159c1-013 覆盖。,
dir_batch_040.csv#3229,CHEMISTRY,电解原理易错点,COVERED,命中节点 电解原理易错点；definition 的活性电极与惰性电极区分、电子不通过电解质溶液、阴极不放电与放电顺序（阳极Cl－＞OH－，阴极Ag＋＞Cu2+＞H＋，K＋～Al3+不在阴极放电）由该节点材料 ext-che-1422ee20c2-065b（活性电极作阳极时的电极反应）、chem-kb-electrode-discharge-order（电解时两极的放电顺序）、ext-che-3bca327ab1-003（放电顺序的应用限制与易错点）、ext-che-3bca327ab1-005（电解分析中易漏的两项检查）覆盖；电子不经溶液导电由节点 电解和电解池 的 ext-che-d931f0e7db-003 覆盖，电解时溶液pH的变化规律与溶液复原由节点 电解原理应用的四点注意事项 的 ext-che-4b16225acf-015（电解过程中溶液性质的变化与复原）覆盖。,
dir_batch_040.csv#3231,CHEMISTRY,电解原理应用的四点注意事项,COVERED,命中节点 电解原理应用的四点注意事项；definition 的阳离子交换膜的选择透过性与防爆防副反应、电极质量减小的必为阳极与质量增加的必为阴极、电解精炼铜的杂质去向与Cu2+浓度减小、电镀时浓度不变由该节点材料 chem-kb-electroplating-and-copper-refining、ext-che-499da45dc7-006、chem-fx-dian-jie-jing-lian-tong-f41x11（粗铜中Zn与Fe与Ni溶解而弱于铜的杂质以阳极泥形式沉积）、chem-hj-dianjie-zhibei-duoshi-zhuangzhi 覆盖。,
dir_batch_040.csv#3232,CHEMISTRY,能源与科学、技术、社会密不可分。下列装置或过程能实现电能转化为化学能的是,COVERED,batch 未命中节点；name 与 definition 为教材栏目标题加选择题题干（模拟海水淡化同时制备H2、Cl2和NaOH的装置，两端惰性电极与阳膜阴膜）；包内节点 能源与科学-技术-社会密不可分-下列装置或过程能实现电能转化为化学能的是（化学反应中的能量转化形式）的材料 chem-hj-nengliang-zhuanhua-xingshi-duizhao（电解池电能转化为化学能）、ext-che-5de6d65b20-010b、ext-che-e5f86d011f-002b 覆盖电能转化为化学能的判断；题干装置涉及的离子迁移与膜作用由 ext-che-51e65d8cb6-008（多室电解池与电渗析法）、ext-che-4dd2e79693-064（离子交换膜的类型、原则与作用）覆盖。,
dir_batch_040.csv#3234,CHEMISTRY,分析电解过程的思维程序：,COVERED,命中节点 分析电解过程的思维程序；definition 的判断阴、阳极与阳极材料、分析电解质溶液组成找全离子、排出两极放电顺序由该节点材料 ext-che-02e43d3aeb-001d（按一判、二看、三写三步书写电解池的电极反应式）、ext-che-ae3f5c9d23-004（从外接电源、电流方向、电子流向、离子移向、电极产物与反应类型六个角度判断阴、阳极）、chem-fx-jie-da-ci-lei-ti-de-si-wei-guo-cheng-f50x12、ext-che-dc68f36a22-008b 覆盖。,
dir_batch_040.csv#3237,CHEMISTRY,从原子结构角度认识氯气的氧化性,COVERED,命中节点 从原子结构角度认识氯气的氧化性；definition 的氯原子易得到1个电子形成Cl－、氯气具有强氧化性、与金属（钠、铜、铁）反应生成高价金属氯化物、与H2反应的现象、与某些还原性化合物反应由该节点材料 ext-che-54aebd19bf-001（氯原子易得1个电子、氯气氧化性强、与金属反应生成高价金属氯化物）、ext-che-a84e8e6b50-002b、ext-che-9635499c18-001b、chem-kb-clo-ion-properties 覆盖。,
dir_batch_040.csv#3238,CHEMISTRY,从化合价的角度认识Cl2的化学性质——歧化反应,COVERED,命中节点 从化合价的角度认识Cl2的化学性质——歧化反应；definition 的氯气与水或碱反应时氯的化合价既有升高又有降低、氯气既表现氧化性又表现还原性及与水与碱反应的方程式与现象由该节点材料 chem-kb-cl2-disproportionation-water-base（氯气与水或碱反应时氯的化合价既升又降）、chem-hj2-cl2-qihua-shui-jian、ext-che-54aebd19bf-001b、ext-che-9635499c18-002、ext-che-45e2028183-003b（与水及碱的作用及产物）覆盖。,
dir_batch_040.csv#3239,CHEMISTRY,次氯酸和次氯酸盐,COVERED,命中节点 次氯酸和次氯酸盐；definition 的HClO不稳定性与强氧化性与弱酸性、漂白液的制备与主要成分及有效成分与漂白原理、漂白粉的制备与主要成分与有效成分与失效原因由该节点材料 ext-che-5292ff1265-007（HClO是易溶于水的一元弱酸、酸性弱于碳酸，具弱酸性、不稳定性与强氧化性）、ext-che-54aebd19bf-001c、ext-che-7e23550f0c-004、ext-che-9635499c18-002b、ext-che-287f03dd74-006b 覆盖。,
dir_batch_040.csv#3243,CHEMISTRY,Cl2的实验室制法,COVERED,命中节点 Cl2的实验室制法；definition 的强氧化剂氧化浓盐酸的原理、固体加液体加热的装置类型、用饱和食盐水除HCl再用浓硫酸除水蒸气、收集方法与尾气吸收、验满方法与其他制备原理由该节点材料 chem-kb-cl2-lab-preparation、ext-che-d62612a9e4-004（二氧化锰与浓盐酸加热制氯气，用饱和食盐水除HCl、浓硫酸除水，碱液吸收尾气）、ext-che-a84e8e6b50-012、ext-che-45e2028183-012、chem-hj-shiyanshi-zhi-lvqi 覆盖。,
dir_batch_040.csv#3244,CHEMISTRY,工业制法,COVERED,命中节点 工业制法；definition 的电解饱和食盐水制氯气的反应方程式由该节点材料 chem-kb-cl2-industrial-preparation（工业上电解饱和食盐水制取氯气、氢气和烧碱）、ext-che-45e2028183-013、ext-che-d448baba5f-016、ext-che-a84e8e6b50-014 覆盖。,
dir_batch_040.csv#3246,CHEMISTRY,卤族元素,COVERED,命中节点 卤族元素；definition 的相似性、卤素单质性质的递变性、卤素单质及其化合物的特殊性由该节点材料 ext-che-9da7ad2f4a-032（卤素原子结构的相似性与递变性，单质物理性质与反应规律）、ext-che-35834ffed3-012、ext-che-a84e8e6b50-018、ext-che-6e671fea2f-001（氟无正价、F2与水反应、HF为弱酸且腐蚀玻璃）、wusan-che-v-ff71ebea 覆盖。,
dir_batch_040.csv#3247,CHEMISTRY,卤素离子的检验方法,COVERED,命中节点 卤素离子的检验方法；definition 的AgNO3溶液沉淀法、置换—萃取法、氧化—淀粉法检验I－由该节点材料 chem-kb-halide-ion-tests（用AgNO3沉淀法、置换萃取法或氧化淀粉法检验卤素离子）、chem-hj2-lusu-lizi-jianyan-agno3（据沉淀颜色白与浅黄与黄判断Cl-与Br-与I-）、ext-che-45e2028183-019、ext-che-35834ffed3-011 覆盖。,
dir_batch_040.csv#3248,CHEMISTRY,海水提取溴,COVERED,命中节点 海水提取溴；definition 的提溴流程（通热空气与水蒸气吹出）与三个反应方程式由该节点材料 chem-hj-haishui-tixiu（浓缩海水后通氯气氧化、热空气吹出、SO2吸收富集、再氧化蒸馏得溴）、ext-che-15fcabc7cf-003c、ext-che-6e671fea2f-004b（按氧化、吹出、吸收、再氧化的顺序富集溴元素）、chem-kb-seawater-bromine-iodine-extraction 覆盖。,
dir_batch_040.csv#3249,CHEMISTRY,海带中提取碘,COVERED,命中节点 海带中提取碘；definition 的提碘流程（灼烧、溶解、过滤、氧化）与离子方程式 Cl2＋2I－=I2＋2Cl－由该节点材料 chem-hj-haidai-tidian（海带灼烧灰化、浸泡过滤后氧化I-为I2，再萃取分液蒸馏）、ext-che-15fcabc7cf-003d、ext-che-6e671fea2f-004、ext-che-3f355ed99d-016c 覆盖；随附易错辨析中的卤素性质判断题由节点 卤族元素的易错点 的材料 ext-che-a84e8e6b50-020、ext-che-9635499c18-005b 与节点 卤族元素 的材料 ext-che-35834ffed3-012 覆盖。,
dir_batch_040.csv#3250,CHEMISTRY,实验室制取氯气装置的改进,COVERED,命中节点 实验室制取氯气装置的改进；definition 的装置问题（A中MnO2与浓盐酸反应的方程式、G中b瓶内宜加入的液体、装置气密性检验方法、B与C中的现象）由该节点材料 ext-che-7e23550f0c-007（恒压滴液漏斗、长颈漏斗与固体干燥剂在氯气制备装置中的作用）、ext-che-d448baba5f-014（氯气制取装置的气密性检查与改进）、chem-hj-guangkouping-duoyongtu-zuhe（广口瓶可作集气、洗气、安全瓶、量气装置）、chem-hj-fangdaoxi-zhuangzhi-santype 覆盖。,
dir_batch_040.csv#3251,CHEMISTRY,氯及其化合物的知识盲点,COVERED,命中节点 氯及其化合物的知识盲点；definition 的液氯与氯水及次氯酸的保存、1 mol Cl2参加反应转移电子数的多种可能、实验室制Cl2的其他氧化剂、酸性KMnO4须用硫酸酸化、ClO-的强氧化性与水解性、Ca(ClO)2溶液通SO2生成CaSO4、Fe与Cl2点燃只生成FeCl3、84消毒液的主要成分由该节点材料 ext-che-54aebd19bf-012、ext-che-51e309bf0b-002b、ext-che-d448baba5f-003、ext-che-d448baba5f-008b、ext-che-a84e8e6b50-008 覆盖。,
dir_batch_040.csv#3252,CHEMISTRY,实验室用MnO2和浓盐酸制取Cl2时注意“四点”,COVERED,命中节点 实验室用MnO2和浓盐酸制取Cl2时注意“四点”；definition 的四点注意（加热温度不宜过高以减少HCl挥发、必须用浓盐酸加热且稀盐酸不反应、实验结束后先使反应停止并排出残留Cl2再拆卸装置、用NaOH溶液吸收尾气而不用澄清石灰水）由该节点材料 chem-kb-cl2-preparation-cautions（控制温度、用浓盐酸、先停反应排氯再拆装置、用NaOH吸收尾气）、ext-che-54aebd19bf-014、ext-che-d448baba5f-015、ext-che-a84e8e6b50-013、chem-fx-bi-xu-yong-nong-yan-suan-f20x04 覆盖。,
dir_batch_040.csv#3253,CHEMISTRY,卤族元素的易错点,COVERED,命中节点 卤族元素的易错点；definition 的八条易错结论（氟不能从盐溶液中置换、F2与Cl2与Br2均把Fe氧化为Fe3+而I2只能到Fe2+、加碘食盐中是KIO3、HX的热稳定性与还原性递变、CaX2中只有CaF2难溶与AgX中只有AgF易溶、I－的还原性很强、次卤酸盐能氧化卤素离子、HX中只有HF为弱酸）由该节点材料 ext-che-54aebd19bf-015、ext-che-a84e8e6b50-020、ext-che-d448baba5f-022、ext-che-5292ff1265-017、ext-che-6e671fea2f-001c 覆盖。,
dir_batch_040.csv#3255,CHEMISTRY,从海水中提取物质的思路,COVERED,命中节点 从海水中提取物质的思路；definition 的海水中提取溴和碘都是将－1价离子氧化成单质、最主要问题是如何富集，溴走氧化与吹出与吸收与再氧化路线，碘由海带灼烧后提取由该节点材料 ext-che-54aebd19bf-016、chem-fx-cong-hai-shui-zhong-ti-qu-wu-zhi-di-si-f21x08、ext-che-6e671fea2f-004c、ext-che-45e2028183-019b 覆盖。,
dir_batch_040.csv#3257,CHEMISTRY,含氯消毒剂的计算与比较,COVERED,命中节点 含氯消毒剂的计算与比较；definition 的有效氯含量定义（每克含氯消毒剂的氧化能力相当于多少克Cl2的氧化能力）与消毒能力比较、含氯物质转化的易错细节由该节点材料 ext-che-31dd412224-008（消毒能力指每克消毒剂的氧化能力相当于多少克氯气）、ext-che-54aebd19bf-017（有效氯含量的含义与比较）、ext-che-54aebd19bf-013 覆盖。,
dir_batch_040.csv#3259,CHEMISTRY,硫单质,COVERED,命中节点 硫单质；definition 的硫元素存在形态、物理性质（黄色固体、不溶于水、微溶于酒精、易溶于CS2）与0价中间价态的歧化反应（3S＋6NaOH，可用于洗去试管内壁附着的硫单质）由该节点材料 ext-che-cb0f101582-001（硫的存在形态、物理性质与0价歧化反应）、ext-che-004850c1e8-002b（既不溶于水也难溶于酒精、易溶于CS2，既有氧化性又有还原性）、ext-che-004850c1e8-003d（试管内壁的硫可用CS2溶解或热的NaOH溶液除去）、ext-che-7d2224185d-001 覆盖。,
dir_batch_040.csv#3262,CHEMISTRY,二氧化硫,COVERED,命中节点 二氧化硫；definition 的物理性质、从物质类别与元素价态及漂白性认识化学性质、SO2的实验室制法由该节点材料 ext-che-d9699faeed-003（无色有刺激性气味有毒、易溶于水）、ext-che-a13e903c71-004（物理性质与酸性氧化物通性）、ext-che-cb0f101582-003、ext-che-588fbf65e2-003（酸性氧化物通性、氧化性、还原性和漂白性）、chem-hj-so2-zhibei-fangfa（常用Na2SO3与较浓硫酸反应制SO2，也可用Cu与浓硫酸加热）、ext-che-d62612a9e4-005 覆盖；工业上处理SO2的四种常用吸收法（钙基固硫法、双碱脱硫法、氨水脱硫法、钠碱脱硫法）与污染与防治由节点 二氧化硫的尾气处理 的材料 ext-che-cb0f101582-017、ext-che-588fbf65e2-005、ext-che-813727c8d6-005b、chem-fx-an-shui-tuo-liu-fa-f23x07 覆盖。,
dir_batch_040.csv#3263,CHEMISTRY,三氧化硫,COVERED,命中节点 三氧化硫；definition 的物理性质（无色易挥发液体、熔点16.8 ℃、沸点44.8 ℃、标准状况下为固体）与酸性氧化物通性由该节点材料 ext-che-004850c1e8-004b（熔点16.8 ℃、沸点44.8 ℃，常温为液体、标准状况为固体）、ext-che-a13e903c71-005b、ext-che-6bf2e64662-005b、ext-che-b7cfdfda64-007、ext-che-6bf2e64662-006（与NaOH与Ca(OH)2与Na2CO3溶液的反应）覆盖。,
dir_batch_040.csv#3266,CHEMISTRY,硫酸,COVERED,命中节点 硫酸；definition 的浓硫酸性质、稀硫酸的酸的通性、硫酸的工业制备（煅烧硫黄或黄铁矿制SO2、SO2催化氧化为SO3、用98.3%的浓硫酸吸收SO3）由该节点材料 wusan-chem-b2c5-sulfuric-acid（浓硫酸有吸水性、脱水性与强氧化性）、ext-che-99248b25c4-016、ext-che-588fbf65e2-012（接触法制硫酸三步反应与用98.3%浓硫酸吸收SO3的原因）、ext-che-813727c8d6-001c、ext-che-8b4c78b419-004c（稀硫酸具有酸的通性）覆盖。,
dir_batch_040.csv#3269,CHEMISTRY,硫及其化合物之间的转化规律,COVERED,命中节点 硫及其化合物之间的转化规律；definition 的从价态与类别两个角度认识转化、不同价态之间互变属氧化还原并按台阶式升降到相邻价态、同价态之间互变属非氧化还原反应（SO2与Na2SO3与NaHSO3之间代表酸性氧化物与正盐与酸式盐之间的转化）由该节点材料 chem-kb-sulfur-valence-transform-rules、ext-che-a13e903c71-018b、ext-che-004850c1e8-013、ext-che-1286e228d0-012（含硫物质转化的两条主线）、ext-che-3fc4db05eb-001 覆盖。,
dir_batch_040.csv#3278,CHEMISTRY,硫化钠转化为单质硫,COVERED,命中节点 硫化钠转化为单质硫；definition 的实验现象（甲中有淡黄色沉淀生成，乙中紫红色褪去并产生沉淀）与结论（S2－能被H2SO3及酸性KMnO4氧化生成硫单质）由该节点材料 wusan-chem-b2c5-sulfide-to-sulfur（Na2S中硫为－2价只有还原性，被氧化时升到相邻的0价生成单质硫）、ext-che-6679c4dab3-005（SO2的氧化性：通入硫化钠溶液生成淡黄色单质硫沉淀）覆盖。,
dir_batch_041.csv#3280,CHEMISTRY,硫转化为硫化亚铁,COVERED,命中节点 硫转化为硫化亚铁；definition 的硫粉与铁粉反应 Fe＋S→FeS 及现象由 wusan-chem-b2c5-sulfur-to-ferrous-sulfide（硫与铁加热生成 FeS，硫的氧化性弱只能把铁氧化到＋2 价）、ext-che-d9699faeed-001（硫与金属反应生成硫化亚铁、与变价金属生成低价盐）覆盖。,
dir_batch_041.csv#3283,CHEMISTRY,二氧化硫的尾气处理,COVERED,命中节点 二氧化硫的尾气处理；definition 的钙基固硫法、氨水脱硫法、钠碱脱硫法三条途径与对应方程式由 ext-che-cb0f101582-017（钙基固硫、氨水脱硫、钠碱脱硫与双碱脱硫的原理与方程式）、ext-che-6bf2e64662-007b（三种脱硫方法的原理方程式与产物利用）、chem-fx-an-shui-tuo-liu-fa-f23x07（氨水脱硫法）、chem-fx-na-jian-tuo-liu-fa-f23x08（钠碱脱硫法）覆盖。,
dir_batch_041.csv#3284,CHEMISTRY,硫及其重要化合物的知识盲点,COVERED,命中节点 硫及其重要化合物的知识盲点；definition 的五条盲点由 ext-che-cb0f101582-018（硫单质的洗涤方法即热的 NaOH 溶液与 CS2 而不能用酒精、SO2 表现不同性质时的现象辨析）、ext-che-cb0f101582-019（SO2 通入钡盐溶液的沉淀情况、浓酸与足量金属反应的产物变化、碳与浓硫酸反应产物的检验流程）、ext-che-7d5cacfb3f-024（SO2 表现何种性质取决于所用试剂、与钡盐的沉淀问题）逐条覆盖。,
dir_batch_041.csv#3285,CHEMISTRY,SO检验的易错点,COVERED,命中节点 so检验的易错点；definition 的两个误判（Ag＋、Pb2＋ 被当成 SO4(2－)；硝酸酸化把 SO3(2－) 氧化而误判）由 ext-che-1286e228d0-009b（硫酸根检验的两个易错点）、ext-che-6bf2e64662-015（Ag＋ 与 Pb2＋ 的干扰、SO3(2－) 被硝酸氧化造成的误判）、ext-che-004850c1e8-012b（硫酸根检验的三个易错点）、ext-che-588fbf65e2-011（规范操作与干扰离子排除）覆盖。,
dir_batch_041.csv#3286,CHEMISTRY,SO2和CO2的鉴别方法,COVERED,命中节点 so2和co2的鉴别方法；definition 的闻气味法、品红溶液法、酸性高锰酸钾或溴水法由 chem-hj-so2-co2-jianbie（用气味、品红、溴水、KMnO4、氢硫酸、FeCl3 鉴别 SO2 与 CO2）与 chem-kb-so2-co2-identification（用品红、酸性 KMnO4 或溴水鉴别）覆盖。,
dir_batch_041.csv#3287,CHEMISTRY,检验SO2和CO2同时存在的一般流程,COVERED,命中节点 检验so2和co2同时存在的一般流程；definition 的“先检验 SO2、再除尽 SO2、再确认 SO2 除尽、最后检验 CO2”流程与“把除尽与检验合并为一装置、用较浓酸性 KMnO4、现象为颜色变浅”由 chem-fx-xuan-yong-shi-ji-f22x08（品红—酸性 KMnO4—品红—澄清石灰水的试剂顺序）、chem-fx-you-shi-wei-jian-hua-zhuang-zhi-f22x09（简化装置的注意）、ext-che-588fbf65e2-007（先检验并除去 SO2、再检验 CO2 的规范流程）覆盖。,
dir_batch_041.csv#3289,CHEMISTRY,浓硫酸与金属的反应规律,COVERED,命中节点 浓硫酸与金属的反应规律；definition 的钝化、与活泼金属先 SO2 后 H2、与不活泼金属浓度变小后停止、既显强氧化性又显酸性、与非金属只显氧化性由 ext-che-004850c1e8-011（浓硫酸与不同金属反应的规律）、ext-che-004850c1e8-010（钝化）、ext-che-972e50903e-009（锌与浓硫酸反应的气体产物变化）、ext-che-972e50903e-008、ext-che-8b4c78b419-005、ext-che-b7cfdfda64-014 覆盖。,
dir_batch_041.csv#3290,CHEMISTRY,氮气,COVERED,命中节点 氮气；definition 的物理性质（无色无味、密度比空气略小、难溶于水）与化学性质方程式由 ext-che-9bf6d767cc-002（无色无味、难溶于水，氮的固定与用途）、wusan-chem-b2c5-nitrogen（结构式 N≡N、与 O2 放电生成 NO、与 Mg 生成 Mg3N2）、ext-che-f4686ae2ac-002 覆盖。,
dir_batch_041.csv#3291,CHEMISTRY,氮的氧化物,COVERED,命中节点 氮的氧化物；definition 的＋1→＋5 价氧化物、N2O3 与 N2O5 为酸性氧化物、NO 与 NO2 的比较由 ext-che-bef31d0de4-004c（氮氧化物的种类与酸酐）、ext-che-f4686ae2ac-004（氮氧化物种类与 NO、NO2 的颜色、溶解性、收集与检验）、ext-che-3c813aa644-003 覆盖。,
dir_batch_041.csv#3295,CHEMISTRY,氨的化学性质,COVERED,命中节点 氨的化学性质；definition 的氨与水反应及氨水中粒子、与酸反应生成铵盐并出现白烟、与盐溶液（AlCl3）反应、氨的催化氧化由 chem-hj-an-huaxuexingzhi（氨与水、酸、盐溶液反应并表现还原性）、ext-che-f4686ae2ac-008b（氨与水和酸的反应）、ext-che-f4686ae2ac-009（氨与盐溶液反应及氨的还原性）、ext-che-bef31d0de4-013c（白烟与相互检验）覆盖。,
dir_batch_041.csv#3296,CHEMISTRY,喷泉实验,COVERED,命中节点 喷泉实验；definition 的引发方法、产生喷泉的原理、图 2 装置不能倒吸的原因与引发办法、常见气体与吸收剂组合由 chem-kb-fountain-experiment-principle（根本原因是容器内外存在较大压强差）、ext-che-f4686ae2ac-011（挤压液体、通入空气、冷敷或捂热、气体间反应等六类引发方式）、ext-che-18c573f9ba-015b（成功条件与常见气体液体组合）覆盖。,
dir_batch_041.csv#3297,CHEMISTRY,喷泉实验产物的浓度计算,COVERED,命中节点 喷泉实验产物的浓度计算；definition 的两条结论（HCl、NH3、NO2 充满烧瓶时浓度为 1/22.4 mol·L－1；NO2 与 O2 按 4∶1 混合时 c(HNO3)＝1/28 mol·L－1）由 chem-hj-penquan-nongdu-jisuan（标况下气体完全充满烧瓶时 HCl、NH3、NO2 浓度均为 1/22.4 mol/L）、ext-che-fd9babf818-002、ext-che-f4686ae2ac-011b 覆盖。,
dir_batch_041.csv#3298,CHEMISTRY,铵盐及NH的检验,COVERED,命中节点 铵盐及nh的检验；definition 的铵盐大多为白色固体且绝大多数易溶于水、NH4＋ 的检验步骤（加浓碱并加热、用湿润的红色石蕊试纸检验变蓝）由 ext-che-fd9babf818-004、ext-che-bef31d0de4-016b（铵根离子的检验方法）、ext-che-f270503813-004、chem-fx-an-yan-ji-de-jian-yan-f26x06 覆盖。,
dir_batch_041.csv#3299,CHEMISTRY,氨的实验室制法,COVERED,命中节点 氨的实验室制法；definition 的加热固态铵盐与碱的混合物制氨、实验室制氨的其他方法由 chem-kb-nh3-lab-preparation-details（NH4Cl 与 Ca(OH)2 加热制氨与干燥收集要点）、ext-che-bef31d0de4-020（浓氨水滴加到氧化钙、氢氧化钠或碱石灰上快速制氨）、ext-che-fd9babf818-004b（加热浓氨水或浓氨水与碱石灰混合制氨）覆盖。,
dir_batch_041.csv#3301,CHEMISTRY,NH3是中学化学中唯一的碱性气体，能使湿润的　  　色石蕊试纸变　   　。,COVERED,name 为知识陈述“NH3 是中学化学中唯一的碱性气体，能使湿润的红色石蕊试纸变蓝”，该结论由 ext-che-fd9babf818-001b（NH3 是中学化学中唯一的碱性气体，能使湿润的红色石蕊试纸变蓝；氨水呈碱性，NH3·H2O 是一元弱碱）与 wusan-che-v-4d05f975 覆盖；definition 中的其余设问只作旁证。,
dir_batch_041.csv#3302,CHEMISTRY,物理性质,COVERED,name 为栏目名“物理性质”，definition 为“硝酸是　色、　挥发、　气味的液体”，其知识内容即硝酸的物理性质，由 ext-che-bef31d0de4-023（纯硝酸是无色易挥发有刺激性气味的液体，见光或受热易分解）、ext-che-f4686ae2ac-018、ext-che-3c813aa644-015 覆盖。,
dir_batch_041.csv#3303,CHEMISTRY,化学性质,COVERED,行内 alias 命中节点 化学性质（钠及其化合物的化学性质）属误命中，definition 实为硝酸的化学性质：不稳定性由 wusan-chem-b2c5-nitric-acid 覆盖；浓、稀硝酸的强氧化性与钝化由 ext-che-bef31d0de4-024（强氧化性与还原产物规律）、ext-che-f270503813-005b 覆盖；可氧化 H2S、SO2、Na2SO3、HI、Fe2＋ 由 chem-fx-xiao-suan-ke-yang-hua-f25x10 覆盖；硝化反应与蛋白质显色反应由 ext-che-f4686ae2ac-020 覆盖。,
dir_batch_041.csv#3305,CHEMISTRY,典型含氮元素物质之间的相互转化,COVERED,命中节点 典型含氮元素物质之间的相互转化；definition 的八条核心方程式（工业合成氨、实验室用 NH4Cl 固体制 NH3、氨的催化氧化、NO2 溶于水、铜溶于稀硝酸与浓硝酸、炽热的炭与浓硝酸、浓硝酸见光分解）由 ext-che-bef31d0de4-031（掌握工业合成氨、实验室制氨、氨的催化氧化、NO2 溶于水、铜与浓稀硝酸等核心转化方程式）、ext-che-f4686ae2ac-030（转化主线）、ext-che-15fcabc7cf-003h 覆盖。,
dir_batch_041.csv#3306,CHEMISTRY,氮元素的价类二维图及转化关系,COVERED,命中节点 氮元素的价类二维图及转化关系；definition 的价类二维图读图与转化（A 生成 NO 的催化氧化、C 的浓溶液与碳反应、NO2 与水反应及转移电子数）由 ext-che-bef31d0de4-032（价类二维图横纵关系与转化主线）、ext-che-f4686ae2ac-027（含氮物质的价类二维图与转化规律、歧化与归中判据）、ext-che-15fcabc7cf-003g、chem-fx-dan-yuan-su-de-jia-f27x01 覆盖。,
dir_batch_041.csv#3307,CHEMISTRY,形成喷泉的原理,COVERED,命中节点 形成喷泉的原理；definition 的“形成喷泉最根本的原因是容器内外存在较大的压强差，液体迅速流动通过尖嘴导管喷出”由 chem-hj-penquan-shiyan-yuanli（烧瓶内外形成较大压强差，大气压把液体压入烧瓶）、chem-kb-fountain-experiment-principle、ext-che-fd9babf818-002b 覆盖。,
dir_batch_041.csv#3308,CHEMISTRY,常见喷泉的类型,COVERED,命中节点 常见喷泉的类型；definition 的负压型（气体极易溶于水或易与溶液反应使容器内压强迅速降低）与正压型（液体受热或反应产气使压强增大，如碳酸氢铵与稀盐酸、过氧化钠与水；城市喷泉属正压喷泉）由 ext-che-84c9f9347b-009（负压型与正压型喷泉及常见装置分析）、ext-che-f4686ae2ac-016、wusan-chem-b2c5-fountain-experiment 覆盖。,
dir_batch_041.csv#3309,CHEMISTRY,常见的装置,COVERED,命中节点 常见的装置；definition 的装置Ⅰ—Ⅶ 引发操作（打开止水夹并挤压胶头滴管进水、酚酞溶液被压入烧瓶、用手或热毛巾捂热使氨气膨胀、锥形瓶内产气增压、通 H2S 与 SO2 生成淡黄色粉末与水珠、通 HCl 与 NH3 反应降低压强）由 ext-che-66a5a9c895-001（以氨为例说明喷泉实验的原理、装置类型与引发方法）、ext-che-f4686ae2ac-011（装置变式与六类引发方式）覆盖。,
dir_batch_041.csv#3310,CHEMISTRY,喷泉实验产物的浓度计算,COVERED,命中节点 喷泉实验产物的浓度计算；definition 的两条结论（HCl、NH3、NO2 充满烧瓶时浓度为 1/22.4 mol·L－1；NO2 与 O2 按 4∶1 混合时 c(HNO3)＝1/28 mol·L－1）由 chem-hj-penquan-nongdu-jisuan、ext-che-fd9babf818-002、ext-che-f4686ae2ac-011b 覆盖；其后附的选择题只作设问，不影响结论覆盖。,
dir_batch_041.csv#3311,CHEMISTRY,绿色化学,COVERED,命中节点 绿色化学；definition 的核心（从源头减少或消除污染，又称环境无害化学、环境友好化学、清洁化学）与四项特征（无毒无害原料、无毒无害条件、环境友好产品、原子经济性）由 ext-che-84c9f9347b-011b（绿色化学的核心与特征、原子经济性的含义及原子利用率的表示）、ext-che-e47f5611e7-004（绿色化学的核心、原子利用率的计算与最高目标）覆盖。,
dir_batch_041.csv#3312,CHEMISTRY,原子经济性,COVERED,命中节点 原子经济性；definition 的“原子经济性用原子利用率衡量、其两大优点是最大限度利用原料并减少废物排放”由 chem-kb-green-chemistry-atom-economy（绿色化学从源头减少污染，用原子利用率衡量原子经济性）与 ext-che-84c9f9347b-011b（原子经济性的含义及原子利用率的表示）覆盖。,
dir_batch_041.csv#3313,CHEMISTRY,碳中和,COVERED,命中节点 碳中和；definition 的提出时间为 2020 年 9 月、目标为 2060 年前实现以及碳中和定义与实现途径（植树造林、节能减排、碳捕集与封存）由 ext-che-84c9f9347b-011c（碳中和的定义、提出时间与实现途径）、chem-fx-wo-guo-li-zheng-yu-nian-qian-zuo-dao-t-f44x10（我国力争 2030 年前碳达峰、2060 年前实现碳中和）覆盖。,
dir_batch_041.csv#3315,CHEMISTRY,工业上制备的盐酸显黄色是因为溶有Fe3＋，而浓HNO3显黄色是因为溶有NO2。,COVERED,definition 的五条注意事项分别由既有材料覆盖：NO2 能被 NaOH 吸收、NO 单独不能被强碱吸收、NO 与 NO2 按 1∶1 混合才能被吸收——chem-hj2-no-weiqi-chuli-cuihuazhuanhua、chem-fx-gong-ye-wei-qi-zhong-de-chang-yong-jia-f25x03；NO2 或 NO 与 O2 通入水用 4NO＋3O2＋2H2O===4HNO3、4NO2＋O2＋2H2O===4HNO3 计算——chem-kb-nox-water-oxygen-relations；强氧化性酸与金属反应不生成 H2、浓硝酸生成 NO2 而稀硝酸生成 NO——ext-che-bef31d0de4-024、ext-che-f270503813-006；实验室制氨的替代方法与 NH4＋ 的检验——ext-che-bef31d0de4-020、ext-che-bef31d0de4-016b；收集 NH3 的棉花防对流与稀硫酸浸湿棉花吸收尾气——chem-kb-nh3-lab-preparation-details。,
dir_batch_041.csv#3316,CHEMISTRY,浓盐酸和浓氨水反应有白烟生成，常用于HCl和NH3的相互检验。,COVERED,name 为知识陈述“浓盐酸和浓氨水反应有白烟生成，常用于 HCl 和 NH3 的相互检验”，该结论由 ext-che-bef31d0de4-013c（氨与酸反应生成铵盐，挥发性酸与浓氨水靠近时生成固体小颗粒出现白烟，可用于相互检验）覆盖；definition 的(1)—(11)为判断句串，只作旁证。,
dir_batch_041.csv#3317,CHEMISTRY,氮及化合物的“十大”误区,COVERED,命中节点 氮及化合物的-十大-误区；definition 的“氮的氧化物都有毒、NO2 与 N2O4 存在平衡使实验测得 NO2 的平均相对分子质量总是大于 46”由 ext-che-84c9f9347b-014（氮及其化合物的十大误区：NO2 与 N2O4 平衡使测得相对分子质量大于 46，收集方法、还原产物、钝化与氨的制取干燥均有易错处）覆盖。,
dir_batch_041.csv#3318,CHEMISTRY,验证某无色气体为NO的方法是向无色气体中通入O2(或空气)，无色气体变为红棕色。,COVERED,name 为知识陈述“验证某无色气体为 NO 的方法是通入 O2（或空气）变为红棕色”，其检验与收集方法由 ext-che-f4686ae2ac-004（NO 和 NO2 的颜色、溶解性、收集方法、检验方法及 N2O4 平衡）覆盖；definition 的“浓、稀硝酸均具强氧化性、还原产物浓→NO2 稀→NO”由 ext-che-bef31d0de4-024、ext-che-f270503813-006 覆盖。,
dir_batch_041.csv#3319,CHEMISTRY,常温下，铁、铝遇浓硝酸能发生“钝化”并非不反应。故常温下浓硝酸可以用铁桶盛放。,COVERED,name 为知识陈述“常温下铁、铝遇浓硝酸发生钝化并非不反应，故常温下浓硝酸可用铁桶盛放”，由 ext-che-5215a08d59-015（浓 HNO3 常温下使 Fe、Al 钝化）、ext-che-f270503813-005b 覆盖；definition 的其余四条（制氨时铵盐与碱的选择、干燥氨气的禁忌、NH3 是唯一的碱性气体、氨水的三分子三离子）由 ext-che-bef31d0de4-014b、ext-che-bef31d0de4-015b（干燥氨气不能用氯化钙、五氧化二磷和浓硫酸，只能用碱石灰）、ext-che-fd9babf818-001b、ext-che-18c573f9ba-015 覆盖。,
dir_batch_041.csv#3320,CHEMISTRY,吸收氨气(或HCl)时要注意防止倒吸。,COVERED,命中节点 吸收氨气-或hcl-时要注意防止倒吸；definition 首句“可用于吸收氨气(或 HCl)并能防倒吸的常用装置”由该节点的 chem-hj2-qiti-rongjie-xishou-fangdaoxi（溶解度不大的气体可直接导管通入，极易溶气体 NH3、HCl 须用防倒吸装置，如倒扣漏斗、干燥管）覆盖；其后(1)—(12)判断句所涉知识分散由 chem-hj2-no-weiqi-chuli-cuihuazhuanhua、ext-che-bef31d0de4-003b（氮的固定三条途径，合成氨属人工固氮）、ext-che-bef31d0de4-024、chem-kb-nh3-lab-preparation-details 等覆盖。,
dir_batch_041.csv#3321,CHEMISTRY,硝酸与金属反应的规律,COVERED,命中节点 硝酸与金属反应的规律；definition 的三条规律（与金属反应一般不能产生 H2、还原产物浓→NO2 稀→NO 且很稀时可为 N2O 或 NH4NO3、既表现氧化性又表现酸性）由 ext-che-bef31d0de4-024、ext-che-f270503813-006、ext-che-f4686ae2ac-019 覆盖；离子反应易错（酸性条件下 NO3－ 的强氧化性使 Fe2＋、I－、SO3(2－)、S2－ 不能大量共存）由 ext-che-539280dee0-004b、ext-che-a52360412a-004（硝酸根需要酸性条件才显强氧化性）覆盖。,
dir_batch_041.csv#3322,CHEMISTRY,金属与硝酸反应计算的四种方法,COVERED,命中节点 金属与硝酸反应计算的四种方法；definition 的原子守恒法、得失电子守恒法、电荷守恒法、离子方程式计算法由 chem-kb-metal-hno3-calculation-models、chem-hj-xiaosuan-yujinshu-jisuan、ext-che-bef31d0de4-029、ext-che-3c813aa644-020、ext-che-f4686ae2ac-026、ext-che-8e817255da-011 覆盖。,
dir_batch_041.csv#3325,CHEMISTRY,现象描述答题模板,COVERED,命中节点 现象描述答题模板；definition 的“海、陆、空”三步描述程序与颜色、气体、沉淀的规范表述由 chem-fx-da-ti-yao-su-f71x11（按现象加结论的格式描述现象）、chem-fx-de-fen-dian-ji-guan-jian-ci-f71x12（溶液中的现象表述）、chem-fx-de-fen-dian-ji-guan-jian-ci-f71x13（固体的现象表述）、chem-fx-de-fen-dian-ji-guan-jian-ci-f71x14（气体的现象表述）、wusan-che-v-076daee4（实验操作与现象描述的规范表述）覆盖。,
dir_batch_041.csv#3328,CHEMISTRY,C、Si单质的存在形态、物理性质及用途,COVERED,命中节点 c-si单质的存在形态-物理性质及用途；definition 的“碳在自然界中既有游离态又有化合态、硅因亲氧性仅有化合态，碳单质主要有金刚石、石墨、C60 等同素异形体”与单质的结构、物理性质、用途比较由 ext-che-19a4bd3e1e-001（第ⅣA 族元素价层电子排布与碳单质的存在形式、同素异形体）、ext-che-41d6238d6a-001（碳族元素与碳、硅单质的存在形式结构特点与用途）、ext-che-055b5f1efb-002（硅是亲氧元素仅以化合态存在、晶体硅是良好半导体）、chem-hj2-gui-cunzai-xingzhi-yongtu 覆盖。,
dir_batch_041.csv#3329,CHEMISTRY,碳、硅单质的化学性质——还原性,COVERED,命中节点 碳-硅单质的化学性质-还原性；definition 的碳、硅最外层电子数与族序数、碳的还原性（金属冶炼、制粗硅、水煤气，并能还原浓硫酸与浓硝酸）、硅常温只与 F2、HF、强碱反应而加热能与 O2、Cl2 反应由 chem-hj2-tan-gui-danzhi-huanyuanxing、ext-che-789339a0b0-011（碳单质的结构与还原性）、ext-che-055b5f1efb-002b（硅的化学性质与反常特性）、ext-che-055b5f1efb-003b（硅与 NaOH 溶液反应的两步机理）覆盖。,
dir_batch_041.csv#3333,CHEMISTRY,硅酸和硅酸盐,COVERED,命中节点 硅酸和硅酸盐；definition 的硅酸难溶于水、酸性比碳酸弱、不能使紫色石蕊溶液变红、受热分解、与碱反应、易聚合为胶体且硅胶作干燥剂，以及硅酸钠可溶、水溶液俗称水玻璃、有黏性显碱性、与盐酸和 CO2 水溶液反应、用作黏合剂与耐火阻燃材料由 wusan-chem-b2c5-silicic-acid-silicate、chem-hj-guisuan-guisuanna（硅酸与硅酸钠水玻璃）、ext-che-789339a0b0-004b（硅酸的性质、制备与用途）、ext-che-789339a0b0-006b（硅酸钠的性质与用途）、ext-che-19a4bd3e1e-005 覆盖。,
dir_batch_041.csv#3338,CHEMISTRY,硅的工业制法,COVERED,chem-hj2-gui-gongye-zhiqiu-sanbu（制粗硅 SiO2 与焦炭高温还原、粗硅氯化、H2 还原三步方程式）、ext-che-15fcabc7cf-002b（制粗硅与由粗硅制纯硅的方程式及充分除水注意点）；definition 的粗硅提纯路线与注意事项已被这两条材料覆盖。,
dir_batch_041.csv#3341,CHEMISTRY,碳、硅及其化合物的知识盲点,COVERED,wusan-chem-b2c5-silicon-compound-pitfall（自然界无游离态硅、过量 C 制粗硅产物为 CO、氢氟酸不能用玻璃容器、硅酸酸性弱于碳酸）、ext-che-8cf031c9fe-011（碳硅化合物知识盲点）、ext-che-41d6238d6a-002（SiO2 不是两性氧化物、不与水反应、高温反应不能比较还原性与酸性强弱）；definition 的七条盲点与这些材料逐条对应。,
dir_batch_041.csv#3342,CHEMISTRY,硅及其化合物的“七大”误区,COVERED,ext-che-162fe731c5-012（硅及其化合物的七大误区：氢氟酸用塑料瓶、碱液瓶用橡皮塞、SiO2 属酸性氧化物等）、ext-che-41d6238d6a-001c（硅与碱反应时水作氧化剂）、ext-che-41d6238d6a-002（不能比较 C 与 Si 的还原性及 SiO2 与 H2CO3 的酸性强弱）；definition 的七条误区均被覆盖。,
dir_batch_041.csv#3345,CHEMISTRY,硅酸盐改写成氧化物形式的方法,COVERED,chem-hj-guisuanyan-yanghuawu-biaoshi（书写顺序、计量数守恒、分数化为整数并举例）、ext-che-055b5f1efb-017b（顺序与系数取整）、ext-che-21d2923986-009b（同一改写规则）；definition 的三条规则与之一致。,
dir_batch_041.csv#3346,CHEMISTRY,各种硅酸的结构,COVERED,ext-che-8cf031c9fe-015（原硅酸的结构、分子间脱水逐步转化为硅酸与硅胶、脱水后溶解度降低）；definition 讲原硅酸、硅酸与多硅酸的结构关系。,
dir_batch_041.csv#3349,BIOLOGY,细胞是基本的生命系统★★☆☆☆,COVERED,命中节点 细胞是基本的生命系统；definition 的结构层次表（细胞是生物体结构和功能的基本单位、组织由形态相似结构功能相同的细胞结合成的细胞群、器官、系统、个体、种群、群落、生态系统、生物圈的含义与举例）由 bio-kb3-f1-s1-1-n07（多细胞动物有 9 个层次，依次为细胞→组织→器官→系统→个体→种群→群落→生态系统→生物圈）、bio-kb3-f1-s1-1-n08（多细胞植物没有系统这一层次）、bio-kb3-f1-s1-1-n09（种群的界定）、bio-kb3-f4-s03-n04 至 bio-kb3-f4-s03-n12（叶的表皮细胞、叶的保护组织、叶、无系统层次、个体、种群、群落、生态系统与最大的生命系统生物圈）、bio-mo-cell-004（植物没有系统层次，单细胞生物既可看作细胞层次又可看作个体层次）覆盖。,
dir_batch_041.csv#3350,BIOLOGY,原核细胞和真核细胞★★★★☆,COVERED,命中节点 原核细胞和真核细胞；definition 的比较表（最主要区别是有无以核膜为界限的细胞核、细胞壁成分、细胞质中只有核糖体、DNA 存在形式、转录与翻译能否同时进行、是否遵循孟德尔定律与可遗传变异类型、细胞分裂方式、共性、举例）由 bio-fj-01-pro-vs-eu-comparison（原核与真核在细胞壁成分、细胞器、DNA 存在形式上的系统差异）、bio-fj-01-pro-vs-eu-difference（最主要区别）、bio-kb3-f4-s05-n08（原核细胞只有核糖体一种细胞器）、bio-prokaryote-transcription-translation-coupled（原核转录翻译耦联、真核核内转录质内翻译）、bio-fj-12-cell-division-types（真核三种分裂方式，原核进行二分裂）、bio-fj-01-pro-mendel-variation（原核生物不遵循孟德尔遗传定律，可遗传变异来源只有基因突变）、bio-kb3-f1-s1-2-n14（统一性体现在细胞膜、细胞质、核糖体与 DNA 四方面）、bio-fj-01-prokaryote-examples（常见原核与真核生物举例）覆盖。,
dir_batch_041.csv#3351,BIOLOGY,实验：使用高倍显微镜观察几种细胞★★☆☆☆,COVERED,命中节点 实验-使用高倍显微镜观察几种细胞；definition 的放大后细胞数目计算（单行排列与均匀分布两种情形的计算式与举例）由 bio-kb2-01-microscope-cell-count（单行排列时细胞数目与放大倍数成反比，均匀分布时与放大倍数的平方成反比）、bio-fj-01-magnification（放大倍数等于目镜与物镜放大倍数的乘积，指长度或宽度的放大）覆盖。,
dir_batch_041.csv#3352,BIOLOGY,病毒★★★☆☆,COVERED,命中节点 病毒；definition 的易错块由既有材料逐条覆盖：细胞学说只涉及动植物、未包括原核生物与病毒且只揭示统一性——bio-kb-cell-theory-scope-judgment、bio-fj-01-cell-theory-gaps-unity、ext-bio-5fd81512c2-001b；细胞学说为进化论奠定基础——bio-kb-cell-theory-significance；单细胞生物无组织器官系统层次、植物无系统层次——bio-kb-unicellular-and-plant-level-speci、bio-mo-cell-004；病毒不属于生命系统结构层次但营寄生生活可作为消费者参与生态系统——bio-kb-virus-not-in-life-system、bio-fj-01-virus-ecological-role；最基本层次是细胞、最大层次是生物圈——bio-kb2-01-life-system-levels；放大倍数与细胞数目（单行成反比、均匀分布成平方反比）——bio-kb2-01-microscope-cell-count。,
dir_batch_041.csv#3353,BIOLOGY,细胞中的水★★★☆☆,COVERED,命中节点 细胞中的水；definition 的理化特性表（水是极性分子而成为良好溶剂、氢键不稳定而具有流动性、能形成分子间氢键而有高比热容）由 bio-fj-02-water-properties（水分子具极性是良好溶剂，氢键断裂与形成赋予流动性，高比热容使水温相对稳定）、bio-kb3-f4-s08-n02（水是极性分子）、bio-kb3-f4-s08-n03（氢键不断断裂又形成使水常温下维持液体状态，具有流动性）、ext-bio-172295ebf0-003（从极性与氢键说明良好的溶剂作用与较高比热容）覆盖。,
dir_batch_041.csv#3354,BIOLOGY,实验：检测生物组织中的糖类、脂肪和蛋白质★★★☆☆,COVERED,命中节点 实验-检测生物组织中的糖类-脂肪和蛋白质；definition 的易错块由既有材料覆盖：微量元素与大量元素都是必需元素、作用不分大小——bio-kb2-02-elements-classification、bio-kb3-f2-s2-1-n04；氨基酸一定含 C、H、O、N 且半胱氨酸与甲硫氨酸含 S、蛋白质主要含 C、H、O、N 有的含 S——bio-kb3-f4-s13-n02、bio-fj-02-protein-element-function；组成细胞的各种元素大多以化合物形式存在、少数以离子形式存在——bio-fj-02-elements-as-compounds、bio-fj-02-inorganic-salt-form；生物体含水量随种类和组织不同、干重中蛋白质最多——bio-fj-02-water-content-differs、bio-kb-element-and-compound-weight-judgment；晒干的种子细胞内主要含结合水、无机盐大多以离子形式存在——ext-bio-172295ebf0-005、bio-kb2-02-inorganic-salt-form。,
dir_batch_041.csv#3356,BIOLOGY,细胞中的糖类★★★☆☆,COVERED,命中节点 细胞中的糖类；definition 的糖类分类与分布功能表（单糖不能水解可直接吸收、五碳糖核糖与脱氧核糖、六碳糖葡萄糖与果糖与半乳糖、二糖蔗糖与麦芽糖与乳糖的水解产物与分布、多糖种类分布与功能）由 bio-kb-sugar-classification-overview（糖类的元素组成与分类）、bio-kb-monosaccharide-types-distribution（常见单糖的种类与分布）、bio-kb-disaccharide-types-distribution（常见二糖的水解产物与分布）、bio-kb-polysaccharide-types-functions（多糖的种类、分布与功能）、bio-fj-03-disaccharide-composition、bio-fj-03-glucose-fuel、ext-bio-3d1f7601ae-002 覆盖。,
dir_batch_041.csv#3357,BIOLOGY,糖与脂质的转化★★★☆☆,COVERED,命中节点 糖与脂质的转化；definition 的种子形成与萌发时糖脂变化方向（非油料种子形成时糖变淀粉、萌发时淀粉变糖；油料种子形成时糖变脂肪、萌发时脂肪变糖）由 bio-fj-03-seed-form-germination-change 覆盖；易错块由 ext-bio-ef246a12be-007（糖类转化为脂肪容易、脂肪转化为糖类困难，脂肪 C、H 含量高 O 含量低）、bio-kb-sugar-not-all-reducing-energy（核糖、脱氧核糖、纤维素等不参与氧化分解供能）、bio-kb2-03-non-reducing-sugars（淀粉、纤维素、蔗糖是非还原糖）、bio-kb2-03-phospholipid-function（磷脂构成生物膜，脂肪不参与生物膜构成）、bio-fx-fat-vs-sugar-oxidation（等质量脂肪含氢高含氧低，氧化分解时释能多、耗氧多、产水多）、ext-bio-de050dd0e4-002（几丁质由 N-乙酰葡糖胺聚合而成）、bio-fj-03-hydrolysis-vs-oxidation-end（淀粉水解终产物是葡萄糖，氧化分解终产物是 CO2 和 H2O）覆盖。,
dir_batch_041.csv#3358,BIOLOGY,蛋白质的功能★★★☆☆,COVERED,命中节点 蛋白质的功能；definition 的实例与功能对应（羽毛肌肉蛛丝头发是构成结构的重要物质、绝大多数酶有催化功能、血红蛋白有运输功能、胰岛素等蛋白质类激素有调节功能、抗体有免疫功能）由 bio-kb-protein-five-functions（结构、催化、运输、调节、免疫等功能）、bio-kb3-f4-s12-n01（结构蛋白举例）、bio-kb3-f4-s12-n02（催化作用举例）、bio-fj-04-protein-transport-function（载体与血红蛋白的运输功能）、bio-kb3-f4-s12-n04（调节作用举例）、bio-fj-04-protein-immune-regulation-function（免疫与调节功能）、bio-kb3-f4-s12-n06（蛋白质是生命活动的主要承担者）覆盖。,
dir_batch_041.csv#3359,BIOLOGY,蛋白质相关计算题的总结★★☆☆☆,COVERED,命中节点 蛋白质相关计算题的总结；definition 的计算表（肽链数 1 或 n 时肽键数为 m－1 或 m－n、脱去水分子数相同、多肽相对分子质量 am－18(m－1) 或 am－18(m－n)、游离氨基与羧基数至少等于肽链数、环状肽至少 0 个）由 bio-kb2-04-protein-calculation（肽键数＝氨基酸数－肽链数，环状肽的肽键数等于氨基酸数，游离氨基或羧基数至少等于肽链数）、bio-kb-free-amino-carboxyl-calc、ext-bio-8bb96c7ef3-004b（肽键数、失去水分子数、相对分子质量与游离氨基羧基数之间的定量关系）、ext-bio-0c6eef6074-004 覆盖。,
dir_batch_042.csv#3360,BIOLOGY,核酸是由核苷酸连接而成的长链★★☆☆☆,COVERED,命中节点 核酸是由核苷酸连接而成的长链；definition 的核酸与遗传物质对照表（真核细胞与原核生物含 DNA 和 RNA、核苷酸 4 或 8 种、碱基 4 或 5 种；DNA 病毒、RNA 病毒只含 4 种核苷酸与 4 种碱基）由 bio-fj-04-nucleotide-base-counts 覆盖；初步水解与彻底水解产物行由 bio-fj-04-nucleic-acid-hydrolysis、bio-kb2-04-organic-decomposition 覆盖；核苷酸组成与核苷酸链结构由 ext-bio-26746c92ba-049、bio-mo-cell-060、bio-kb3-f4-s16-n01/n02/n03 覆盖,
dir_batch_042.csv#3361,BIOLOGY,生物大分子以碳链为骨架★★☆☆☆,COVERED,命中节点 生物大分子以碳链为骨架；单体与多聚体对应关系由 ext-bio-227873ae38-003d、bio-kb-biomacromolecule-carbon-skeleton、bio-fj-04-biomacromolecule-carbon-skeleton、bio-kb3-f4-s17-n01/n02 覆盖；基本单位与初步、彻底分解产物两列由 ext-bio-8bb96c7ef3-007b、ext-bio-e190c6e132-013、bio-kb2-04-organic-decomposition 覆盖；脂肪不属于生物大分子由 bio-kb-fat-not-biomacromolecule、bio-fj-03-fat-not-macromolecule 覆盖；易错块中核酸多样性与核苷酸种类无关由 bio-kb-nucleic-acid-diversity-cause 覆盖，蛋白质变性、盐析、水解与肽键及双缩脲试剂的辨析由节点 蛋白质 的 bio-kb3-f2-s2-4-n08 覆盖,
dir_batch_042.csv#3363,BIOLOGY,对细胞膜的探究历程★★☆☆☆,COVERED,未命中节点（mech=unmatched），但 definition 的探究历程七项由节点 细胞膜成分和结构的探究历程 的材料逐条覆盖：1895 年欧文顿脂溶性通透性实验由 bio-fj-05-overton-experiment、bio-kb3-f4-s19-n03/n04 覆盖；20 世纪初红细胞膜化学分析由 bio-kb3-f4-s19-n06/n07 覆盖；1925 年戈特和格伦德尔与磷脂单分子层面积为表面积 2 倍由 bio-fj-05-monolayer-area-2x、bio-kb3-f4-s19-n09/n10/n11 覆盖；1935 年丹尼利和戴维森与表面张力由 bio-kb3-f4-s19-n13/n14/n15/n16、bio-kb3-f3-s3-1-n09 覆盖；1959 年罗伯特森暗—亮—暗三层结构由 bio-fj-05-robertson-model、bio-kb3-f4-s20-n01/n02 覆盖；1970 年荧光标记人鼠细胞融合实验由 bio-kb3-f4-s20-n03/n04/n05/n06、bio-fj-05-membrane-function-experiments 覆盖；1972 年辛格和尼科尔森流动镶嵌模型由 bio-kb3-f4-s20-n07/n08/n09、bio-kb2-05-membrane-discovery 覆盖,
dir_batch_042.csv#3364,BIOLOGY,细胞膜的结构和功能★★★☆☆,COVERED,命中节点 细胞膜的结构和功能；制备细胞膜的选材与原理（哺乳动物成熟红细胞、无细胞核和众多细胞器、无细胞壁、吸水涨破后离心）由 bio-kb-plasma-membrane-preparation-method、bio-kb2-01-rbc-features、bio-kb3-f3-s3-1-n06 覆盖；流动性特点、原因（磷脂分子与大多数蛋白质分子可运动）与实例（质壁分离、变形虫运动、胞吞胞吐、吞噬）由 bio-kb2-05-membrane-fluidity、bio-kb-membrane-fluidity-examples、bio-fj-05-membrane-fluidity-examples 覆盖；选择透过性表现及转运蛋白种类数量原因由 bio-kb2-05-membrane-selective-permeability、bio-fj-05-selective-permeability 覆盖,
dir_batch_042.csv#3365,BIOLOGY,细胞核的结构和功能★★★☆☆,COVERED,命中节点 细胞核的结构和功能；黑白美西螈核移植、蝾螈受精卵横缢、变形虫切割三个实验由 bio-kb-nucleus-control-experiments、bio-fj-05-nucleus-function-experiments、bio-kb3-f4-s26-n02/n03/n04/n05、ext-bio-81d7a60554-009 覆盖；易错块中任何细胞的边界都是细胞膜由 bio-kb-plant-cell-wall-traits 覆盖，胞吞需膜蛋白与膜蛋白分布不均匀由节点 细胞膜的结构和功能 的 bio-fj-05-membrane-nucleus-mistakes 覆盖，细胞核是转录场所而翻译在核糖体、细胞质 RNA 来源、原核细胞无核仁仍能合成 rRNA 由节点 原核细胞 的 bio-kb-nucleus-misconception-judgments 与 bio-mo-cell-108 覆盖,
dir_batch_042.csv#3366,BIOLOGY,细胞器的结构和功能★★★☆☆,COVERED,命中节点 细胞器的结构和功能；双层膜的线粒体（嵴增大膜面积、有氧呼吸酶）与叶绿体（类囊体堆叠成基粒、色素与光合酶）由 bio-kb2-06-mitochondrion-chloroplast、bio-fx-cristae-grana-causality、bio-kb3-f4-s22-n03/n04 覆盖；单层膜的内质网、高尔基体、液泡、溶酶体由 bio-kb2-06-single-membrane-organelles、bio-kb-lysosome-vacuole-functions 覆盖；无膜的核糖体与中心体由 bio-kb2-06-no-membrane-organelles、bio-fj-06-centrosome 覆盖；按膜层数与分布的分类由 bio-kb-organelle-membrane-classification、bio-fj-06-organelle-membrane-layers 覆盖,
dir_batch_042.csv#3367,BIOLOGY,用高倍显微镜观察叶绿体和细胞质的流动★★☆☆☆,COVERED,命中节点 用高倍显微镜观察叶绿体和细胞质的流动；藓类叶、菠菜叶或番薯叶下表皮、新鲜黑藻三种选材及原因表由 bio-kb-chloroplast-cytoplasmic-observation-experiment、bio-fj-06-observe-chloroplast-experiment、bio-kb3-f4-s23-n03/n08/n09 覆盖；先用低倍镜找目标再换高倍镜的观察顺序由 bio-kb3-f4-s23-n05/n07 覆盖；细胞质流动以叶绿体为标志及影响因素由 bio-fj-06-cytoplasm-flow-observation、bio-fj-02-bound-free-ratio-flow、ext-bio-7abf2f735b-003 覆盖,
dir_batch_042.csv#3368,BIOLOGY,细胞的生物膜系统★★★☆☆,COVERED,命中节点 细胞的生物膜系统；definition 为易错表现块，其中能进行光合作用的生物不一定有叶绿体（蓝细菌）、能进行有氧呼吸的生物不一定有线粒体（如醋酸菌）两条由节点 细胞器的结构和功能 的 bio-kb-organelle-definite-indefinite-judgment 覆盖，其材料内容与定义逐条一致；叶绿体基粒与类囊体属亚显微结构、光镜下不可见由 ext-bio-8c5f3169c5-001b 覆盖；胰腺外分泌细胞内质网发达由 bio-kb-endoplasmic-reticulum-function 覆盖；核糖体无膜结构不能形成囊泡由 ext-bio-3199bef3a3-007 覆盖；高尔基体加工分泌蛋白而合成场所是核糖体由 bio-kb2-06-single-membrane-organelles 覆盖；各种生物膜组成成分相似而含量有差异由 bio-kb3-f4-s25-n03 覆盖,
dir_batch_042.csv#3369,BIOLOGY,动物细胞的吸水和失水★★☆☆☆,COVERED,命中节点 动物细胞的吸水和失水；外界溶液浓度与细胞质浓度三种大小关系对应的吸水、失水与动态平衡由 bio-kb-animal-cell-water-balance、bio-kb2-07-animal-cell-osmosis、bio-fj-07-animal-cell-water-balance、bio-kb3-f4-s30-n02/n03 覆盖；细胞膜相当于半透膜、高渗液中皱缩而不发生质壁分离由 ext-bio-a7bfd3d96c-001b、bio-animal-cell-hypertonic-shrink 覆盖,
dir_batch_042.csv#3370,BIOLOGY,成熟植物细胞的吸水和失水★★☆☆☆,COVERED,命中节点 成熟植物细胞的吸水和失水；紫色洋葱鳞片叶外表皮选材原因、0.3 g/mL 蔗糖溶液引流、液泡变小颜色加深、原生质层与细胞壁分离与复原、结果记录表由 bio-kb-plasmolysis-experiment-procedure、bio-kb2-07-plasmolysis-experiment、bio-kb3-f4-s31-n05/n06/n08/n10 覆盖；原生质层相当于半透膜由 bio-mo-cell-116、bio-kb3-f4-s31-n07 覆盖,
dir_batch_042.csv#3371,BIOLOGY,物质出入细胞的方式★★★☆☆,COVERED,命中节点 物质出入细胞的方式；自由扩散、协助扩散、主动运输与胞吞胞吐在运输方向、转运蛋白与能量消耗上的比较及实例由 bio-kb-transport-modes-comparison、ext-bio-a7bfd3d96c-002、wusan-bio-v-d0339cd6 覆盖；影响运输速率的因素与曲线由 bio-kb-membrane-transport-factors-curves、bio-kb3-f4-s32-n05 覆盖；易错块中同浓度 NaCl 溶液渗透压高于蔗糖溶液由 bio-kb2-07-osmotic-pressure-compare 覆盖，质壁分离时吸水能力增大由 ext-bio-7533a1e1fd-001 覆盖，应在盖玻片一侧滴加蔗糖溶液并用吸水纸引流由 ext-bio-7533a1e1fd-006b、bio-kb-plasmolysis-experiment-procedure 覆盖,
dir_batch_042.csv#3372,BIOLOGY,酶在代谢中的作用★★★☆☆,COVERED,命中节点 酶在代谢中的作用；definition 实为酶本质的探索史与酶的产生、化学本质与作用场所，巴斯德与李比希的发酵之争、毕希纳的酿酶实验、萨姆纳提取脲酶、切赫和奥尔特曼发现少数 RNA 具催化功能由节点 酶的本质 的 bio-kb-enzyme-nature-exploration-history、bio-fj-08-enzyme-history、bio-fj-08-pasteur-liebig-debate、bio-fj-08-buchner-ferment-extract、bio-fj-08-sumner-urease-protein、bio-mo-cell-135、bio-kb3-f4-s36-n02 覆盖；绝大多数是蛋白质而少数是 RNA、由活细胞产生并可在细胞内外的化学本质与产生条件由 bio-kb-enzyme-chemical-nature 覆盖,
dir_batch_042.csv#3373,BIOLOGY,探究酶的专一性、高效性相关实验★★★★☆,COVERED,命中节点 探究酶的专一性-高效性相关实验；淀粉与蔗糖分别加新鲜淀粉酶、60 ℃ 水浴保温、加斐林试剂后沸水浴出现砖红色沉淀的实验表由 bio-kb-enzyme-specificity-experiment、bio-kb3-f4-s37-n06/n07/n08/n09/n10/n11、bio-kb3-f5-s5-1-n12 覆盖；高效性实验以无机催化剂作对照由 bio-kb-enzyme-efficiency-experiment、bio-fj-08-high-efficiency-experiment、bio-mo-cell-144、ext-bio-ccb395059d-003b 覆盖；温度与 pH 对酶活性影响的实验组设计由 bio-kb-temperature-enzyme-activity-experiment、bio-kb-ph-enzyme-activity-experiment、bio-kb3-f4-s38-n02/n03/n20/n21 覆盖,
dir_batch_042.csv#3374,BIOLOGY,ATP的结构和功能★★★☆☆,COVERED,命中节点 atp的结构和功能；ATP 合成与水解的反应式、所需酶与能量来源差异（植物可来自光能与呼吸作用、动物来自呼吸作用）由 bio-kb3-f5-s5-2-n07、bio-kb3-f5-s5-2-n08、ext-bio-43f6e87739-001 覆盖，后者明确从酶、进行的场所、能量的来源看不可逆；能量去路与磷酸化由 bio-kb3-f5-s5-2-n11、ext-bio-d93a11b3d8-008 覆盖；反应场所由节点 atp的合成和利用 的 bio-fj-08-atp-production-consumption-sites 覆盖（产生于细胞质基质、线粒体、叶绿体）；ATP 与 ADP 时刻转化并处于动态平衡的意义由 ext-bio-43f6e87739-001、bio-kb3-f5-s5-2-n05 覆盖,
dir_batch_042.csv#3375,BIOLOGY,组：反应物＋酶1溶液反应物被分解。,COVERED,未命中节点（mech=unmatched，name 为实验分组表残句 组：反应物＋酶1溶液反应物被分解。），definition 实为第 08 讲酶与 ATP 的易错表现块与蛋白质磷酸化对比表：胃蛋白酶的最适 pH 与低温和最适 pH 保存由 bio-fj-08-gastric-pepsin-small-intestine、bio-fj-08-enzyme-storage、bio-kb2-08-enzyme-mild-conditions、bio-kb3-f4-s39-n02 覆盖；酶、激素与抗体的化学本质由 bio-kb-enzyme-hormone-antibody-nature-judgment、bio-fj-08-enzyme-vs-hormone 覆盖；酶可重复多次利用由 ext-bio-b4db603e6e-001、bio-fj-08-enzyme-reusability 覆盖；腺苷三磷酸由核糖、腺嘌呤与三个磷酸基团组成、直接能源物质不只有 ATP、ATP 不是能量而是高能磷酸化合物由 bio-kb3-f5-s5-2-n02、bio-kb3-f5-s5-2-n06、bio-fj-08-atp-not-only-direct-energy、bio-kb3-f5-s5-2-n05 覆盖；蛋白质的磷酸化与去磷酸化由 ext-bio-91078593c9-002b 覆盖,
dir_batch_042.csv#3377,BIOLOGY,实验：探究酵母菌细胞呼吸的方式★★★☆☆,COVERED,命中节点 实验-探究酵母菌细胞呼吸的方式；有氧与无氧两组对比、澄清石灰水浑浊时间与程度、溴麝香草酚蓝由蓝变绿再变黄、酸性重铬酸钾变灰绿色对应酒精的观察项目表由 bio-kb-yeast-respiration-mode-experiment、bio-kb2-09-yeast-respiration-experiment、bio-fj-09-yeast-detection-reagents、bio-kb3-f4-s42-n10/n11/n12/n13 覆盖；NaOH 溶液除去空气中 CO2 与 B 瓶封口放置耗尽氧气由 bio-fj-09-yeast-experiment-naoh-purpose、bio-fj-09-yeast-seal-before-test、bio-kb3-f5-s5-3-n04/n05 覆盖；对比实验与兼性厌氧菌由 bio-kb3-f4-s42-n14、ext-bio-e324dd7e8a-001b、bio-fj-09-yeast-facultative 覆盖,
dir_batch_042.csv#3378,BIOLOGY,有氧呼吸★★★☆☆,COVERED,命中节点 有氧呼吸；三阶段的场所、物质变化与能量变化由 bio-kb2-09-aerobic-respiration-stages、bio-fj-09-respiration-stage-one、bio-fj-09-respiration-stage-two、bio-fj-09-respiration-stage-three、bio-kb3-f4-s43-n05/n06/n07 覆盖；1 mol 葡萄糖释放 2870 kJ 与三阶段 ATP 分配由 bio-kb3-f4-s43-n09、bio-atp-produced-site-count 覆盖；总反应式与元素来源去路由 bio-fj-09-element-balance-aerobic、bio-mo-cell-164 覆盖,
dir_batch_042.csv#3379,BIOLOGY,无氧呼吸★★★☆☆,COVERED,命中节点 无氧呼吸；两个阶段的场所与物质变化（酒精途径与乳酸途径的方程式及代表生物）由 bio-kb-anaerobic-respiration-two-pathways、bio-kb2-09-anaerobic-respiration-types、bio-fj-09-anaerobic-types、bio-kb3-f4-s44-n01/n03/n04 覆盖；与有氧呼吸在场所、条件、物质变化与能量变化上的区别由 bio-kb2-09-aerobic-anaerobic-relation、bio-fj-09-anaerobic-energy、bio-fj-09-anaerobic-respiration-definition 覆盖,
dir_batch_042.csv#3380,BIOLOGY,细胞呼吸的影响因素及应用★★★★☆,COVERED,命中节点 细胞呼吸的影响因素及应用；易错块中检测酒精需取滤液并加溶有重铬酸钾的浓硫酸溶液、通气培养的酵母菌滤液不变灰绿色由 bio-fj-09-yeast-detection-reagents、bio-mo-cell-respiration-001、bio-kb3-f5-s5-3-n02/n03 覆盖；有机物彻底分解并产生大量 ATP 发生在内质膜即线粒体内膜、线粒体不能直接利用葡萄糖、无氧呼吸第二阶段不产生 ATP 由 bio-fj-09-respiration-mistakes、bio-fj-06-organelle-mistakes、bio-mo-cell-166 覆盖；干燥条件下种子不萌发不是酶变性失活由 bio-kb-respiration-co2-water-application、bio-fj-09-co2-water-influence 覆盖,
dir_batch_042.csv#3381,BIOLOGY,捕获光能的色素和结构★★☆☆☆,COVERED,命中节点 捕获光能的色素和结构；提取原理（色素溶于无水乙醇）与分离原理（各种色素在层析液中溶解度不同，溶解度高的随层析液在滤纸上扩散得快）由 bio-kb2-10-pigment-extraction、bio-fj-10-pigment-extraction-principle、bio-fj-10-pigment-separation-principle、bio-kb3-f4-s46-n04/n05 覆盖,
dir_batch_042.csv#3382,BIOLOGY,探索光合作用原理的部分实验★★☆☆☆,COVERED,命中节点 探索光合作用原理的部分实验；19 世纪末的甲醛假说、1928 年发现甲醛对植物有毒且不能转化为糖、1937 年希尔离体叶绿体加铁盐产生 O2、1941 年鲁宾与卡门的同位素示踪、1954 年阿尔农发现光照下叶绿体合成 ATP 并与水的光解相伴随、卡尔文用 14CO2 追踪碳的途径由 bio-kb-photosynthesis-history-experiments、bio-kb2-10-photosynthesis-history、bio-fj-10-photosynthesis-history、bio-kb3-f5-s5-4-2-n04、ext-bio-26746c92ba-044 覆盖,
dir_batch_042.csv#3383,BIOLOGY,光合作用的原理★★★☆☆,COVERED,命中节点 光合作用的原理；光反应与暗反应在条件、场所、物质转化与能量转化上的比较，水的光解、ATP 与 NADPH 的合成、CO2 的固定与 C3 的还原由 ext-bio-8c5f3169c5-005、bio-fj-10-light-reaction-process、bio-fj-10-light-reaction-atp-synthesis、bio-kb3-f5-s5-4-2-n01/n02/n03/n07/n08 覆盖；C3 与 C5 随光照和 CO2 变化的规律由 ext-bio-e39740e8e1-003b、bio-kb-element-transfer-in-photosynthesis 覆盖；与化能合成作用的比较由 bio-kb3-f5-s5-4-3-n11 覆盖,
dir_batch_042.csv#3384,BIOLOGY,影响光合作用强度的环境因素★★★★☆,COVERED,命中节点 影响光合作用强度的环境因素；A 点只进行呼吸作用、AB 段光合小于呼吸、B 点为光补偿点、BD 段光合随光强增强并大于呼吸、C 点为光饱和点及叶肉细胞气体交换表由 ext-bio-46ec017dac-006b、ext-bio-6c193f35a8-003c、bio-rate-curve-zero-light-negative、bio-rate-curve-zero-light-zero-gross、ext-bio-6c193f35a8-002c 覆盖,
dir_batch_042.csv#3385,BIOLOGY,“三率”的关系及测定★★★☆☆,COVERED,命中节点 三率-的关系及测定；真正光合速率、净光合速率与呼吸速率的含义与 O2、CO2、有机物三种表示方法由 ext-bio-9752acd916-036、ext-bio-26746c92ba-060、bio-rate-keyword-fixation-utilization、bio-rate-keyword-light-absorb-release-accumulate、bio-rate-keyword-dark-release-absorb 覆盖；易错块中色素在层析液中溶解度越高扩散越快、加碳酸钙是防止叶绿素被破坏、纸层析分离依据是溶解度不同由 bio-fj-10-pigment-separation-principle、bio-fj-10-pigment-extraction-principle、bio-kb-pigment-extraction-separation-experiment 覆盖；植物细胞产生的 O2 还可来自过氧化氢酶分解 H2O2 由 bio-fj-10-oxygen-from-catalase-too 覆盖,
dir_batch_042.csv#3387,BIOLOGY,光合作用与细胞呼吸过程、物质和能量的关系★★★☆☆,COVERED,命中节点 光合作用与细胞呼吸过程-物质和能量的关系；发生范围、发生场所、发生条件、物质变化、能量变化与实质的比较表由 bio-kb-photosynthesis-vs-respiration-compare、bio-kb2-11-photosynthesis-respiration-compare、ext-bio-46ec017dac-006 覆盖；C、H、O 元素的转移联系由 bio-fj-11-photosynthesis-respiration-link、ext-bio-b71a16c399-009b、ext-bio-fe7aeee6be-003 覆盖；过程联系（相互依存）由 bio-fj-11-respiration-supports-photosynthesis 覆盖；能量转化链由 ext-bio-6c193f35a8-003b 覆盖,
dir_batch_042.csv#3388,BIOLOGY,辨析真正光合速率、净光合速率和呼吸速率★★★☆☆,COVERED,命中节点 辨析真正光合速率-净光合速率和呼吸速率；三率的表示方法（O2 产生或叶绿体释放、CO2 固定或叶绿体吸收、有机物产生与制造；O2 释放、CO2 吸收、有机物积累；黑暗中 O2 吸收与 CO2 释放、有机物消耗）由 ext-bio-9752acd916-036、ext-bio-26746c92ba-060、bio-rate-keyword-fixation-utilization、bio-rate-keyword-light-absorb-release-accumulate、bio-rate-keyword-dark-release-absorb 覆盖,
dir_batch_042.csv#3389,BIOLOGY,C4植物、CAM植物等特殊代谢类型★★★☆☆,COVERED,命中节点 c4植物-cam植物等特殊代谢类型；C3、C4、CAM 三类植物吸收 CO2 的时间、卡尔文循环场所与有无光合午休的比较表由 ext-bio-46ec017dac-020d、bio-kb2-11-c4-plants、bio-fx-c4-no-noon-dip、bio-c4-polyethylene-glycol-leak、ext-bio-46ec017dac-021 覆盖；易错块中线粒体悬浮液不能独立完成有氧呼吸由 bio-kb-mitochondria-chloroplast-independence-judgment 覆盖，用 H2(18)O 浇灌植物后 18O 的去向由 bio-kb-water-18o-irrigation-judgment 覆盖，只有能进行光合作用的植物细胞才产生 NADPH 与观测到的 O2 产生量为净值由 ext-bio-46ec017dac-024、bio-rate-keyword-light-absorb-release-accumulate 覆盖,
dir_batch_042.csv#3391,BIOLOGY,细胞周期★★★☆☆,COVERED,命中节点 细胞周期；扇形图、直线图、坐标图与直方图四种表示方法及按先间期后分裂期确定一个细胞周期由 bio-kb-cell-cycle-graph-representation 覆盖；直方图中按 DNA 复制前后与复制后间期分组判断由 bio-fj-12-bar-chart-period-judgment 覆盖；细胞周期的概念与分裂间期、分裂期的划分由 bio-kb-cell-cycle-definition-and-phases、ext-bio-36daaa0e4a-001b 覆盖,
dir_batch_042.csv#3392,BIOLOGY,有丝分裂★★★☆☆,COVERED,命中节点 有丝分裂；分裂间期的复制与生长、前期染色质到染色体与纺锤体形成、中期着丝粒排列在赤道板、后期着丝粒分裂与子染色体移向两极、末期核膜核仁重现与细胞质分裂由 bio-kb3-f4-s53-n04/n05/n06/n07/n08、bio-fj-12-mitosis-metaphase-feature、bio-fj-12-mitosis-telophase-feature 覆盖；动植物细胞在纺锤体形成方式与细胞质分裂方式上的差异由 bio-kb-plant-animal-mitosis-differences、bio-fj-12-animal-plant-mitosis-diff、bio-kb3-f4-s54-n03/n04/n05 覆盖；染色体、染色单体与 DNA 的数量变化表由 bio-fj-12-mitosis-number-table、bio-kb3-f4-s54-n07/n08/n13 覆盖,
dir_batch_042.csv#3393,BIOLOGY,实验：观察根尖分生区组织细胞的有丝分裂★★★☆☆,COVERED,命中节点 实验-观察根尖分生区组织细胞的有丝分裂；definition 为易错表现块，其中秋水仙素不能促使细胞进入分裂期而是抑制纺锤体形成、中心体复制在分裂间期而染色体组数加倍在后期、前期核 DNA 已复制而染色体数目不变、温度与 pH 使同一细胞的细胞周期可变、动植物细胞有丝分裂染色体形态与数目变化相同各条由节点 细胞周期 的 bio-kb-cell-cycle-misjudgments 与节点 有丝分裂 的 bio-fj-12-mitosis-mistakes 逐条覆盖（材料内容与定义一致）；无丝分裂不出现纺锤丝与染色体变化但有遗传物质复制由节点 无丝分裂 的 ext-bio-36daaa0e4a-002、ext-bio-36daaa0e4a-005b 覆盖,
dir_batch_042.csv#3394,BIOLOGY,精子的形成过程★★★☆☆,COVERED,命中节点 精子的形成过程；间期完成 DNA 复制与蛋白质合成、减数分裂Ⅰ前期联会与四分体及非姐妹染色单体互换、中期同源染色体排列、后期同源染色体分离与非同源染色体自由组合、末期细胞质分裂、减数分裂Ⅱ各时期特征与精细胞变形为精子由 bio-kb-spermatogenesis-process-detail、bio-fj-13-sperm-formation-stages、bio-fj-13-sperm-transformation、bio-mo-gene-001、bio-mo-gene-008、ext-bio-60aca2e5c6-002 覆盖,
dir_batch_042.csv#3395,BIOLOGY,精子与卵细胞形成过程的比较★★★☆☆,COVERED,命中节点 精子与卵细胞形成过程的比较；场所（睾丸与卵巢）、细胞质是否均等分裂（卵母细胞不均等分裂、极体均等分裂）、是否变形与最终配子数目由 bio-kb-spermatogenesis-vs-oogenesis-compare、bio-fj-13-sperm-egg-comparison、bio-fj-13-sperm-formation-stages 覆盖,
dir_batch_042.csv#3396,BIOLOGY,减数分裂细胞中染色体、DNA数量变化规律★★★☆☆,COVERED,命中节点 减数分裂细胞中染色体-dna数量变化规律；间期、减数分裂Ⅰ、减数分裂Ⅱ前中、减数分裂Ⅱ后与末期各阶段染色体数与核 DNA 数的变化表由 bio-kb-meiosis-number-change-rules、bio-fj-12-chromosome-dna-ratio、bio-fj-12-ratio-curve-interpretation、ext-bio-26746c92ba-065、bio-fj-13-meiosis-mistakes 覆盖,
dir_batch_042.csv#3397,BIOLOGY,受精作用★★★☆☆,COVERED,命中节点 受精作用；definition 的配子种类表（n 对同源染色体时 1 个精原细胞实际产生 2 种、1 个雄性个体 2 的 n 次方种、1 个卵原细胞 1 种、1 个雌性个体 2 的 n 次方种）由节点 减数分裂细胞中染色体-dna数量变化规律 的 bio-fj-13-gamete-types-calculation 覆盖（材料结论与定义逐条一致）；受精作用的实质是核融合、染色体数恢复与随机结合增加多样性由 bio-kb-fertilization-concept-and-result、bio-fj-13-fertilization、bio-fj-13-gamete-diversity-random-fertilization、ext-bio-60aca2e5c6-003 覆盖,
dir_batch_042.csv#3398,BIOLOGY,实验：观察蝗虫精母细胞减数分裂装片★★★☆☆,COVERED,命中节点 实验-观察蝗虫精母细胞减数分裂装片；易错块中同源染色体非姐妹染色单体互换属于基因重组、减数分裂Ⅱ前期与中期有姐妹染色单体、卵细胞中染色体不成对、受精卵细胞核遗传物质一半来自精子一半来自卵细胞、受精的实质是精子的细胞核与卵细胞的细胞核融合由 bio-kb-crossing-over-mechanism、bio-fj-13-meiosis-mistakes、bio-kb-meiosis-misjudgments、bio-mo-gene-005、bio-mo-gene-016、bio-mo-gene-025 覆盖；装片制作与观察由 bio-kb-locust-meiosis-observation-experiment、bio-fj-13-grasshopper-meiosis-observation、ext-bio-60aca2e5c6-004 覆盖,
dir_batch_042.csv#3399,BIOLOGY,细胞的分化与全能性★★★☆☆,COVERED,命中节点 细胞的分化与全能性；细胞分裂与细胞分化在细胞数量、形态结构、遗传物质种类与蛋白质种类上的比较及分裂是分化的基础、共同完成个体发育的联系由 bio-kb-differentiation-significance-and-division-relation 覆盖；分化与全能性易错由 bio-kb-differentiation-misjudgments 覆盖,
dir_batch_042.csv#3400,BIOLOGY,细胞的死亡★★★☆☆,COVERED,命中节点 细胞的死亡；凋亡与坏死在过程特点、是否受基因控制、影响因素、是否引起炎症反应与对机体是否有利上的比较由 bio-kb-apoptosis-vs-necrosis-compare、bio-fj-14-apoptosis-versus-necrosis-table、ext-bio-b7b14638ac-004、bio-fj-14-cell-necrosis 覆盖；易错块中蝌蚪发育成蛙遗传物质未变、肝细胞与上皮细胞有相同蛋白质、分化发生在个体发育任何阶段、胚胎干细胞进行基因选择性表达、造血干细胞是已分化细胞、高度分化的肝细胞与记忆细胞仍能分裂由 bio-kb-differentiation-misjudgments 覆盖；卵圆细胞形成新肝细胞不能证明全能性由 ext-bio-19c742e390-003 覆盖；溶酶体内水解酶由核糖体合成由 ext-bio-3199bef3a3-004c 覆盖；端粒酶与细胞衰老由 bio-kb-telomere-theory-and-telomerase 覆盖,
dir_batch_042.csv#3401,BIOLOGY,豌豆用作遗传实验的材料★★★☆☆,COVERED,命中节点 豌豆用作遗传实验的材料；自花传粉与闭花受粉使自然状态一般为纯种、具易于区分且能稳定遗传的性状、花较大便于人工杂交、子代个体数量较多、生长快世代周期短由 bio-kb-pea-as-experimental-material、bio-kb2-15-pea-advantages、bio-fj-15-pea-advantages、ext-bio-eaaa47c6d7-001 覆盖；P、F1、F2、杂交、自交、母本与父本等符号的含义由 ext-bio-eaaa47c6d7-002 覆盖；去雄与套袋等人工异花传粉操作由 bio-kb-pea-artificial-hybrid-operation、bio-fj-15-artificial-cross-pollination 覆盖,
dir_batch_042.csv#3402,BIOLOGY,基因型、表型的推断★★★☆☆,COVERED,命中节点 基因型-表型的推断；AA 与 AA、AA 与 Aa、AA 与 aa、Aa 与 Aa、Aa 与 aa、aa 与 aa 六种杂交组合的子代基因型与表型对照表由 bio-fj-15-forward-genotype-table、bio-kb-genotype-inference-forward-reverse 覆盖；由子代显隐性比例反推双亲类型（3 比 1 为双杂合、1 比 1 为测交、只有显性性状时至少一方为显性纯合、只有隐性性状时双方均为隐性纯合）由 bio-fx-geno-phenotype-inference、bio-fj-15-genotype-phenotype-inference 覆盖,
dir_batch_042.csv#3403,BIOLOGY,分离定律的概率计算（含自交与自由交配）★★★★☆,COVERED,命中节点 分离定律的概率计算-含自交与自由交配；1/3AA 与 2/3Aa 群体自交的逐代推算与自由交配的配子法计算由 bio-kb-selfing-vs-free-mating-calculation、bio-random-mating-gamete-method、bio-random-mating-after-selection-recalculate、ext-bio-98acc0ecdc-003b 覆盖；易错块中人工异花传粉去雄的对象是母本且应在花蕾期进行由 bio-kb-pea-artificial-hybrid-operation、bio-fj-15-artificial-cross-pollination 覆盖，测交可用于测定配子类型及比例由 bio-kb-testcross-purpose-and-result 覆盖,
dir_batch_042.csv#3404,BIOLOGY,孟德尔两对相对性状的杂交实验★★★☆☆,COVERED,命中节点 孟德尔两对相对性状的杂交实验；F1 全为黄色圆粒说明黄色与圆粒为显性、F2 中圆粒与皱粒 3 比 1、黄色与绿色 3 比 1、F2 出现绿色圆粒与黄色皱粒两种重组类型说明两对相对性状自由组合由 ext-bio-1446061363-003b、ext-bio-9f2a9cc9b9-001b、bio-fj-16-two-trait-cross、bio-kb2-16-independent-assortment-essence 覆盖,
dir_batch_042.csv#3405,BIOLOGY,自由组合定律的解题规律及方法★★★★☆,COVERED,命中节点 自由组合定律的解题规律及方法；n 对独立遗传基因的 F1 配子 2 的 n 次方种、F2 表型 2 的 n 次方种且比例为 3 比 1 的 n 次方、F2 基因型 3 的 n 次方种、F2 全显性与隐性个体比例及测交后代种类比例的规律由 bio-fj-16-n-pair-gene-patterns、ext-bio-451d5c3142-010、ext-bio-e88d6562c4-003、ext-bio-451d5c3142-008 覆盖；F2 中 Y_R_ 与 yyR_ 群体自交、测交与自由交配的后代表型比例规律由 bio-fj-16-selfing-testcross-freemating、ext-bio-9f2a9cc9b9-005b 覆盖,
dir_batch_042.csv#3407,BIOLOGY,基因位于染色体上的实验证据★★★☆☆,COVERED,命中节点 基因位于染色体上的实验证据；基因与染色体在杂交过程中保持完整性、体细胞中成对存在、配子中成单存在、体细胞中一个来自父方一个来自母方、形成配子时非等位基因自由组合与非同源染色体自由组合的平行关系及萨顿推论与类比推理法由 bio-mo-sex-linked-001、bio-kb2-17-sutton-hypothesis、bio-fj-17-sutton-hypothesis、ext-bio-c98b0853f5-001、ext-bio-8a7ed95291-003 覆盖,
dir_batch_042.csv#3408,BIOLOGY,中,COVERED,未命中节点（mech=unmatched，name 为表格残字 中），definition 为果蝇眼色遗传的假说 1 与假说 2 及其实验一、实验二分析表；节点 基因位于染色体上的实验证据 的 ext-bio-f49eeec233-001b 内容与定义一致（摩尔根提出基因位于 X 染色体非同源区段或 X、Y 同源区段两种假说，两种假说都能解释已有现象），摩尔根假说演绎全过程另由 ext-bio-e3a300b276-002c、bio-kb-morgan-fly-eye-color-experiment、wusan-bio-v-2f7dbb98 覆盖,
dir_batch_042.csv#3409,BIOLOGY,伴性遗传的特点及应用★★★★☆,COVERED,命中节点 伴性遗传的特点及应用；XY 型、ZW 型、XO 型、ZO 型、染色体组数目决定、环境因子决定与基因型决定的性别决定类型表由 ext-bio-925fb82620-003、bio-kb2-17-sex-determination-types、bio-fj-17-sex-determination-types、ext-bio-c98b0853f5-002 覆盖，其中列出蜜蜂与蚂蚁的染色体组倍数决定、龟鳖目与鳄目孵化温度决定、玉米株型由两对基因控制；伴 Y、伴 X 隐性（交叉遗传、隔代、男患多于女患）与伴 X 显性（世代连续、女患多于男患）的遗传特点由 bio-kb-sex-linked-inheritance-types-features、ext-bio-f49eeec233-004b、bio-pedigree-y-linked、bio-pedigree-x-recessive-features、bio-pedigree-x-dominant-features 覆盖,
dir_batch_042.csv#3410,BIOLOGY,人类遗传病★★★☆☆,COVERED,命中节点 人类遗传病；单基因遗传病（常染色体显性与隐性、伴 X 显性与隐性、伴 Y）的实例与遗传特点、多基因遗传病与染色体异常遗传病（结构异常与数目异常）的特点由 ext-bio-f49eeec233-006、bio-kb2-17-human-genetic-disease-types、ext-bio-c98b0853f5-003c、bio-kb-polygenic-chromosomal-diseases 覆盖,
dir_batch_042.csv#3411,BIOLOGY,遗传系谱图和电泳图谱分析★★★★☆,COVERED,命中节点 遗传系谱图和电泳图谱分析；易错块中摩尔根而非萨顿用假说演绎法证明基因在 X 染色体上、含 X 染色体的配子不都是雌配子、性染色体上的基因并非都决定性别、红绿色盲家系不一定观察到隔代遗传、伴 X 基因仍遵循分离定律、抗维生素 D 佝偻病女患者父母至少一方患病、单基因遗传病是一对等位基因控制、调查宜选单基因遗传病、不携带致病基因也可能患病由 bio-kb-sex-linked-disease-misjudgments、bio-kb-inheritance-location-misjudgments、ext-bio-c98b0853f5-004d 覆盖；琼脂糖凝胶电泳的图谱特征与判读由 bio-gel-electrophoresis-genotype-reading、ext-bio-5b6cb16a7f-001b 覆盖,
dir_batch_042.csv#3412,BIOLOGY,探究基因位于常染色体上还是X、Y染色体同源区段上★★★☆☆,COVERED,命中节点 探究基因位于常染色体上还是x-y染色体同源区段上；正反交结果不同且 F1 均表现母本性状不一定是细胞质遗传、用隐性雌与显性雄杂交依据子代雌雄表现判断基因位于 X、Y 同源区段、未限定杂交次数时性状在雌雄中无差异也不能确定在常染色体由 bio-kb-inheritance-location-misjudgments、ext-bio-87ebe669c6-005、bio-location-recessive-female-dominant-male、bio-kb2-18-reciprocal-cross-nuclear-cytoplasm、ext-bio-c98b0853f5-002b 覆盖,
dir_batch_042.csv#3413,BIOLOGY,肺炎链球菌转化实验★★★☆☆,COVERED,命中节点 肺炎链球菌转化实验；S 型细菌有多糖类荚膜、菌落光滑、有致病性，R 型细菌无荚膜、菌落粗糙、无致病性的对照表由 bio-kb-s-type-vs-r-type-pneumococcus、bio-fj-19-r-s-pneumococcus 覆盖（材料结论与定义逐条一致）,
dir_batch_042.csv#3414,BIOLOGY,噬菌体侵染细菌实验★★★☆☆,COVERED,命中节点 噬菌体侵染细菌实验；32P 标记组放射性主要分布在宿主细胞内、上清液中几乎无 32P 说明 DNA 进入宿主细胞，35S 标记组沉淀物内几乎无 35S 说明外壳未进入宿主细胞由 bio-kb-hershey-chase-blender-experiment、bio-fj-19-blender-experiment-design、bio-fj-19-blender-centrifuge-purpose、bio-mo-gene-064、wusan-bio-v-9e71e81f 覆盖,
dir_batch_042.csv#3415,BIOLOGY,DNA是主要的遗传物质★★★☆☆,COVERED,命中节点 dna是主要的遗传物质；真核生物、原核生物、DNA 病毒与 RNA 病毒的核酸种类、遗传物质及绝大多数生物的遗传物质是 DNA 而少数病毒是 RNA 的归纳由 bio-kb-genetic-material-per-organism、bio-kb-dna-main-genetic-material-conclusion、bio-fj-01-virus-classification、ext-bio-cebcb9d917-007b 覆盖；易错块中 S 型与 R 型致病性差异是基因不同而非细胞分化、加热致死的 S 型只转化部分 R 型细菌由 bio-mo-gene-037、bio-mo-gene-038、bio-fj-19-griffith-converts-partial 覆盖,
dir_batch_042.csv#3416,BIOLOGY,DNA的结构及特点★★★☆☆,COVERED,命中节点 dna的结构及特点；DNA 分子的特异性（每种 DNA 有特定的碱基排列顺序）与多样性（碱基排列顺序千变万化）、稳定性（基本骨架与碱基互补配对方式不变）及其决定因素由 bio-kb-dna-diversity-specificity-stability、bio-fj-20-dna-structure-three-traits、bio-fj-04-dna-diversity-specificity、ext-bio-414fa62f1d-002、bio-mo-gene-068 覆盖,
dir_batch_042.csv#3417,BIOLOGY,基因的本质★★★☆☆,COVERED,命中节点 基因的本质；易错块中 DNA 一条链上相邻碱基通过脱氧核糖与磷酸相连、5 撇端是磷酸基团末端而 3 撇端是羟基末端、DNA 两条链各有一个 3 撇端的脱氧核糖只连接一个磷酸基团、单链 DNA 的嘌呤数也可能等于嘧啶数、复制是边解旋边复制而非完全解开后再复制、子链合成需要引物、脱氧核苷酸通过磷酸二酯键连接由 bio-kb-dna-structure-replication-misjudgments、ext-bio-9847f272f3-002、ext-bio-9847f272f3-006、ext-bio-248a054779-002c、bio-fj-20-semidiscontinuous-replication 覆盖,
dir_batch_042.csv#3418,BIOLOGY,遗传信息的翻译★★★☆☆,COVERED,命中节点 遗传信息的翻译；场所为核糖体、原料 21 种氨基酸、密码子与反密码子的位置和作用、64 种密码子中 3 种终止密码子不决定氨基酸、密码子第三位与反密码子第一位配对的摆动性使 tRNA 种类少于 61 种、密码子的简并性与通用性由 ext-bio-414fa62f1d-005b、ext-bio-cfff2e6c9b-001g、bio-kb-trna-anticodon-structure-function、bio-kb-translation-process-and-conditions 覆盖；复制、转录与翻译在场所、模板、原料与产物上的比较及模板去路由 bio-kb-replication-transcription-translation-compare、bio-fj-21-replication-transcription-translation-comparison 覆盖,
dir_batch_042.csv#3419,BIOLOGY,中心法则的提出及其发展★★★☆☆,COVERED,命中节点 中心法则的提出及其发展；DNA 复制、转录、翻译、逆转录与 RNA 复制在场所、模板、原料、酶、能量、碱基互补配对、产物与信息传递意义上的对照表由 bio-kb-central-dogma-and-development、bio-fj-21-central-dogma、bio-fj-21-rna-replication-features、ext-bio-414fa62f1d-004、ext-bio-6ae920af4a-004 覆盖,
dir_batch_042.csv#3420,BIOLOGY,基因表达与性状的关系★★★☆☆,COVERED,命中节点 基因表达与性状的关系；易错块中一个 DNA 可转录出多种 mRNA、复制需要解旋酶而转录不需要、转录只以一条链为模板、细胞内 RNA 都是转录产物、密码子简并提高翻译速率、终止密码子 UAG 无对应反密码子、逆转录与 RNA 复制不在正常人体细胞发生、线粒体遗传信息传递遵循中心法则、基因表达产物可参与调控由 bio-fx-mcq-genetics-pitfalls、ext-bio-636de2a928-015c、ext-bio-248a054779-004、bio-kb-dna-structure-replication-misjudgments、ext-bio-9869eb9e2d-004e 覆盖,
dir_batch_042.csv#3421,BIOLOGY,基因突变与细胞癌变★★★☆☆,COVERED,命中节点 基因突变与细胞癌变；碱基对替换影响范围小、只改变一个氨基酸或不改变也可能使肽链合成终止，增添与缺失影响插入或缺失位置之后的序列且位置越靠前影响越大、碱基数是 3 的倍数时一般仅影响个别氨基酸由 bio-kb-mutation-effect-on-amino-acid-sequence、bio-kb2-22-mutation-phenotype-relation、bio-fj-22-mutation-effect-on-protein、bio-fj-22-mutation-insertion-deletion-effect、ext-bio-636de2a928-030c 覆盖,
dir_batch_042.csv#3422,BIOLOGY,染色体变异★★★☆☆,COVERED,命中节点 染色体变异-x1；二倍体、多倍体与单倍体的概念、发育起点、染色体组数、自然与人工形成原因、植株特点与举例对照表由 bio-kb2-22-genome-ploidy-concepts、bio-fj-22-haploid-diploid-polyploid、bio-fj-22-polyploid-sterility-reasons 覆盖；染色体结构变异的类型与联会异常实例、易位与互换在位置、原理与观察上的区别由 ext-bio-b7b14638ac-017、ext-bio-b7b14638ac-022、ext-bio-26746c92ba-072、bio-kb-crossing-over-mechanism 覆盖,
dir_batch_042.csv#3423,BIOLOGY,实验：低温诱导植物细胞染色体数目的变化★★★☆☆,COVERED,命中节点 实验-低温诱导植物细胞染色体数目的变化；卡诺氏液浸泡 0.5 至 1 小时固定细胞形态、体积分数 95% 的酒精冲洗卡诺氏液、质量分数 15% 的盐酸与酒精等体积混合作为解离液、清水漂洗约 10 分钟与甲紫溶液染色 3 至 5 分钟的使用方法与作用表由 bio-kb-low-temperature-chromosome-induction-experiment、bio-fj-22-low-temperature-induction-experiment、ext-bio-36daaa0e4a-005e 覆盖,
dir_batch_042.csv#3424,BIOLOGY,育种★★★☆☆,COVERED,命中节点 育种；杂交育种、诱变育种、单倍体育种、多倍体育种、基因工程育种与植物体细胞杂交育种的原理、育种程序、优点、缺点（含单倍体育种明显缩短年限、多倍体育种器官较大、诱变育种有利变异少需大量处理材料）由 ext-bio-c496a62e4c-003b、ext-bio-636de2a928-001、bio-fj-22-breeding-haploid-polyploid、bio-haploid-breeding-shortens-years、bio-fj-22-polyploid-sterility-reasons 覆盖；易错块中原癌基因与抑癌基因的作用、二者突变或过量表达累积导致细胞癌变由节点 基因突变与细胞癌变 的 ext-bio-248a054779-006b、wusan-bio-v-43387eae 覆盖,
dir_batch_042.csv#3426,BIOLOGY,生物有共同祖先的证据★★★☆☆,COVERED,命中节点 生物有共同祖先的证据；物质组成与化学元素种类大致相同、细胞结构均有细胞膜与核糖体、细胞代谢都以酶催化且 ATP 是直接能源物质、细胞学说体现生物界统一性、都以 DNA 为遗传物质、都由 21 种氨基酸组成蛋白质、翻译共用一套遗传密码、都遵循中心法则由 bio-kb-common-ancestor-other-evidences、bio-fj-23-common-ancestor-more-evidence、bio-kb2-23-common-ancestor-evidence、bio-fj-23-other-evidence-common-ancestor、bio-kb-fossil-evidence-importance 覆盖,
dir_batch_042.csv#3427,BIOLOGY,隔离在物种形成中的作用★★★☆☆,COVERED,命中节点 隔离在物种形成中的作用；地理隔离（地理障碍使种群间不能发生基因交流）与生殖隔离（自然状态下不能相互交配或不能产生可育后代）的概念及隔离是物种形成必要条件的结论由 bio-fj-23-isolation-types、bio-kb-speciation-three-links-and-marker、bio-mo-evolution-025、bio-mo-evolution-026、bio-mo-evolution-028、ext-bio-c496a62e4c-004 覆盖,
dir_batch_042.csv#3428,BIOLOGY,协同进化与生物多样性的形成★★★☆☆,COVERED,命中节点 协同进化与生物多样性的形成；definition 的协同进化类型表与节点材料内容逐条一致：种间互助（兰花与传粉蛾）、种间斗争（捕食为猎豹与斑马、寄生为黏液瘤病毒与兔子、竞争为作物与杂草）、生物与无机环境之间（早期无氧环境到厌氧生物、光合生物出现、大气含氧到好氧生物）由 bio-kb-coevolution-concept-and-types 覆盖；协同进化的概念与实例另由 bio-fj-23-coevolution、bio-mo-evolution-029、bio-mo-evolution-031 覆盖，生物多样性三个层次与形成原因由 bio-kb-biodiversity-levels-and-formation、bio-fj-23-biodiversity-levels 覆盖,
dir_batch_042.csv#3429,BIOLOGY,实验：探究抗生素对细菌的选择作用★★☆☆☆,COVERED,命中节点 实验-探究抗生素对细菌的选择作用；在培养皿底部画线分为四个区域、用涂布器或无菌棉签均匀涂抹菌液、分别放置含抗生素纸片与不含抗生素纸片、倒置培养 12 至 16 小时、测量并取抑菌圈直径平均值、从抑菌圈边缘挑取细菌接种后重复数代的六步操作由 bio-kb-antibiotic-selection-experiment、bio-fj-23-antibiotic-selection-experiment、ext-bio-00ccd0842a-005b 覆盖（后两材料含耐药菌与抑菌圈内容）,
dir_batch_042.csv#3430,BIOLOGY,结束后，应将耐药菌、培养基、纸片等进行高温灭菌处理，防止对环境造成污染。,COVERED,未命中节点（mech=unmatched，name 为实验操作残句 结束后，应将耐药菌、培养基、纸片等进行高温灭菌处理，防止对环境造成污染。），definition 实为生物进化的易错表现块；节点 生物有共同祖先的证据 的 bio-kb-evolution-misjudgments 内容与定义逐条一致（人与黑猩猩血红蛋白氨基酸差异只说明亲缘关系远近、共同由来学说与自然选择学说是并列组成而非修正关系、同一物种不同种群基因库变化有差异、人工选择只对变异类型起选择作用、玉米驯化过程基因频率已改变、两种黄叶突变体仍属同一物种只体现遗传多样性）；人工选择与自然选择的比较另由 bio-mo-evolution-023 覆盖,
dir_batch_042.csv#3431,BIOLOGY,细胞生活的环境★★★☆☆,COVERED,命中节点 细胞生活的环境；血浆、组织液与淋巴液的存在部位、成分来源、化学成分差异（血浆中蛋白质含量较高而组织液与淋巴液中很少）由 bio-mo-internal-environment-010、bio-fj-24-body-fluid-composition、bio-fj-24-internal-environment-composition 覆盖；组织细胞、毛细血管壁细胞、毛细淋巴管壁细胞、血细胞与淋巴细胞生活的内环境由 bio-kb-cells-and-their-living-environment、bio-fj-24-cell-living-environment、bio-mo-internal-environment-007、bio-mo-internal-environment-008 覆盖；渗透压由溶质微粒数目决定、血浆渗透压约 770 kPa 与生理盐水应用由 bio-kb-internal-env-physical-properties、ext-bio-26746c92ba-108b 覆盖；葡萄糖与氧气进入组织细胞的转移途径由 bio-mo-internal-environment-011、bio-mo-internal-environment-005 覆盖,
dir_batch_042.csv#3432,BIOLOGY,内环境的稳态★★★☆☆,COVERED,命中节点 内环境的稳态；definition 为神经调节、体液调节与免疫调节的比较表，三种调节方式的主要参与细胞、信号分子、作用途径与作用对象（神经递质作用于突触后膜、激素作用于靶器官或靶细胞、免疫调节作用于 B 细胞与细胞毒性 T 细胞等）由 ext-bio-94a83ecf21-002b 覆盖，其材料表格与定义表逐条一致；稳态的概念、实质与神经 体液 免疫调节网络由 bio-kb-homeostasis-concept-and-mechanism、bio-fj-24-homeostasis-regulation-mechanism、ext-bio-44c548f0ca-001b 覆盖,
dir_batch_042.csv#3433,BIOLOGY,实验：模拟生物体维持pH的稳定★★☆☆☆,COVERED,命中节点 实验-模拟生物体维持ph的稳定；自来水、缓冲液与肝匀浆三种材料滴加 HCl 或 NaOH 后 pH 变化的差异由 bio-kb-ph-stability-simulation-experiment、bio-fj-24-ph-simulation-experiment 覆盖；易错块中细胞代谢的主要场所是细胞质基质、肠道蛋白质作用于肠道上皮细胞不发生在内环境、乳酸与血液中 NaHCO3 反应、内环境达到稳态时人未必健康、缓冲对与肺肾功能的共同作用由 bio-kb-internal-env-misjudgments、ext-bio-26746c92ba-108b、bio-mo-internal-environment-015、ext-bio-26746c92ba-107c 覆盖,
dir_batch_042.csv#3434,BIOLOGY,体液调节和神经调节的区别与联系★★★☆☆,COVERED,命中节点 体液调节和神经调节的区别与联系；作用途径、作用方式、信息传递、反应速度、作用范围与作用时间的比较表以及体液调节可看作神经调节的一个环节等联系由 ext-bio-4a138bdd58-002、bio-kb2-27-humoral-vs-neural、ext-bio-2b9586914c-011b 覆盖,
dir_batch_042.csv#3435,BIOLOGY,水和无机盐平衡的调节★★★★☆,COVERED,命中节点 水和无机盐平衡的调节；易错块中细胞外液渗透压下降抑制抗利尿激素释放、炎热环境下皮肤血管舒张、促甲状腺激素由垂体分泌而抗利尿激素由下丘脑分泌、体温维持在 38 ℃ 时产热量等于散热量、下丘脑渗透压感受器与大脑皮层产生渴觉、运动时抗利尿激素释放增加促进水重吸收由 bio-kb2-27-water-salt-adh、bio-kb2-27-sweat-adh-exercise、ext-bio-8c5f3169c5-012、bio-hypothalamus-removal-dehydration、bio-fx-judge-heat-production-balance、ext-bio-2b9586914c-011 覆盖,
dir_batch_042.csv#3437,BIOLOGY,免疫系统的组成和功能★★★☆☆,COVERED,命中节点 免疫系统的组成和功能；骨髓是各种免疫细胞发生地且是 B 细胞分化发育成熟场所、胸腺是 T 细胞分化发育成熟场所、脾参与制造新血细胞与清除衰老血细胞、淋巴结与扁桃体的防御功能由 ext-bio-94a83ecf21-001、ext-bio-07c46f02a2-013 覆盖；树突状细胞、巨噬细胞、B 细胞与 T 细胞的分布与作用以及辅助性 T 细胞分泌细胞因子、细胞毒性 T 细胞的增殖分化由 ext-bio-2907715275-002c、bio-kb2-28-immune-cells 覆盖；抗原、抗体与细胞因子的概念、来源与本质由 ext-bio-cb623abc4b-002 覆盖,
dir_batch_042.csv#3438,BIOLOGY,特异性免疫★★★★☆,COVERED,命中节点 特异性免疫；体液免疫与细胞免疫在免疫细胞、作用方式上的比较及二者通过辅助性 T 细胞密切联系、抗体与细胞毒性 T 细胞的分工由 bio-kb2-28-humoral-immunity、bio-kb2-28-humoral-cellular-coop、ext-bio-26746c92ba-121、ext-bio-774dd19eab-005 覆盖；易错块中浆细胞不属于抗原呈递细胞、相同病原体可因抗原决定簇不同而产生不同抗体、清除外来抗原属于免疫防御而非免疫自稳由 ext-bio-2907715275-002c、ext-bio-26746c92ba-121 覆盖,
dir_batch_042.csv#3439,BIOLOGY,免疫失调★★★☆☆,COVERED,命中节点 免疫失调；HIV 是逆转录病毒、遗传物质为单链使突变率高、主要侵入并破坏辅助性 T 细胞使患者几乎丧失一切免疫功能、HIV 浓度与辅助性 T 细胞数量的变化以及血液与精液等分布由 ext-bio-2907715275-004c、bio-fx-hiv-immune-collapse、ext-bio-8c5f3169c5-013 覆盖,
dir_batch_043.csv#3440,BIOLOGY,免疫学的应用★★★☆☆,COVERED,命中节点 免疫学的应用；节点材料 bio-kb2-29-organ-transplant-hla（器官移植与免疫排斥） 覆盖器官移植与HLA关键；易错块（艾滋病为获得性免疫缺陷病、HIV攻击辅助性T细胞、过敏反应有快慢之分、类风湿性关节炎属自身免疫病、疫苗属主动免疫、流感疫苗只预防相应病毒）由节点 免疫失调 的材料覆盖：ext-bio-cb623abc4b-010（免疫失调的三种类型）、ext-bio-26746c92ba-124b（常见免疫异常疾病的类型与特点）、ext-bio-2907715275-004c（HIV感染中辅助性T细胞的变化与治疗时机）、bio-kb2-29-vaccine-principle（疫苗的作用机理与类型）,
dir_batch_043.csv#3441,BIOLOGY,膜电位的测量及电表指针偏转的判断★★★☆☆,COVERED,命中节点 膜电位的测量及电表指针偏转的判断；definition 的测量装置与电位变化曲线由 bio-kb2-30-membrane-potential-measure（膜电位的测量与电表指针偏转的判断）、ext-bio-a0452e14e5-001（膜电位测量与电表指针偏转判断）、ext-bio-26746c92ba-112（静息电位与动作电位的测量与离子机制） 覆盖：两电极分别置于膜内外测跨膜电位，两电极同时在膜外或膜内时指针两次反向偏转,
dir_batch_043.csv#3442,BIOLOGY,探究动植物生命活动调节实验的思路与方法★★★☆☆,COVERED,命中节点 探究动植物生命活动调节实验的思路与方法；definition 的激素验证方法表（切除法、注射法、阉割法、移植法）由 bio-fx-hormone-research-methods（激素生理功能研究的常用方法） 覆盖（阉割、移植到阉割均命中该材料）；易错块由 bio-fx-judge-neurotransmitter-effect（易错：神经递质可使下一神经元兴奋或抑制）、bio-fx-judge-glucagon-liver-glycogen（易错：胰高血糖素不能促进肌糖原分解升血糖）、bio-fx-judge-heat-production-balance（易错：体温恒定时产热量等于散热量） 覆盖,
dir_batch_043.csv#3443,BIOLOGY,植物生长素及其生理作用★★★☆☆,COVERED,命中节点 植物生长素及其生理作用；definition 的顶端优势现象、原因（顶芽生长素向下运输使侧芽浓度高）、解除方法与应用由 bio-kb2-31-apical-dominance（顶端优势的成因与应用） 覆盖（其边界含果树整形修剪、茶树摘心、棉花打顶）,
dir_batch_043.csv#3444,BIOLOGY,其他植物激素★★★☆☆,COVERED,命中节点 其他植物激素；definition 的五类激素合成部位与主要作用表由 ext-bio-2b574e2e2b-002（其他植物激素的种类与作用）、bio-kb2-31-other-plant-hormones（其他植物激素的合成部位与作用）、bio-gap-gibberellin（赤霉素：来源、促进茎伸长与解除种子休眠）、bio-gap-ethylene（乙烯：来源与促进果实成熟的作用部位）、ext-bio-449af6bec2-003b（细胞分裂素对叶片与根系生长的作用） 覆盖,
dir_batch_043.csv#3445,BIOLOGY,植物生长调节剂的应用★★★☆☆,COVERED,命中节点 植物生长调节剂的应用；definition 的赤霉素处理大麦、膨大剂、青鲜素、乙烯利应用与浸泡法、沾蘸法处理插条由 ext-bio-2b574e2e2b-003（植物生长调节剂的应用）、bio-mo-plant-hormone-019（用生长素类调节剂处理插条的方法）、bio-kb2-31-growth-regulator（植物生长调节剂的特点与应用）、bio-mo-plant-hormone-020（类别项目、植物激素、植物生长调节剂） 覆盖,
dir_batch_043.csv#3448,BIOLOGY,种群的数量特征★★★☆☆,COVERED,命中节点 种群的数量特征；definition 的种群密度、出生率死亡率、迁入迁出率、年龄结构、性别比例定义与作用表由 ext-bio-013e7e4c37-003（种群的其他数量特征）、bio-kb2-32-population-features（种群的数量特征及其关系）、bio-fj-32-population-density-concept（种群密度是种群最基本的数量特征）、bio-age-structure-types（年龄结构三种类型：增长型、稳定型、衰退型）、bio-fj-32-sex-ratio-application（性别比例及其应用） 覆盖,
dir_batch_043.csv#3449,BIOLOGY,种群数量的变化★★★☆☆,COVERED,命中节点 种群数量的变化；definition 的J形与S形条件、K值有无、适用范围、K值与K/2应用由 bio-fj-32-j-curve-math-model（J形增长的数学模型Nt=N0·λ^t）、ext-bio-e2a97d045d-003b（λ值的含义与种群数量变化的判读）、ext-bio-26746c92ba-128（K值与K/2的实践应用）、ext-bio-013e7e4c37-008（种群数量增长的两种模型）、bio-fx-j-curve-growth（J型增长的条件与特点）、bio-fx-s-curve-growth（S型增长的条件与特点） 覆盖,
dir_batch_043.csv#3450,BIOLOGY,实验：培养液中酵母菌种群数量的变化★★★☆☆,COVERED,命中节点 实验-培养液中酵母菌种群数量的变化；考点本体由 bio-kb2-32-yeast-count-experiment（培养液中酵母菌种群数量的计数实验）、ext-bio-e2a97d045d-006（酵母菌计数实验的注意事项）、ext-bio-e2a97d045d-008（酵母菌计数实验的误差分析） 覆盖；definition 为第32讲易错表现块，其各条结论由 bio-fj-32-fishery-pest-application（K值理论在生产中的应用）、ext-bio-524cba8aa4-006b（样方法的取样要求与其他调查方法的适用对象）、ext-bio-26746c92ba-128c（密度制约因素与非密度制约因素）、ext-bio-c1f36a400a-001（种群的概念与数量特征）、bio-kb2-32-k-value-application（K值与K/2值在生产中的应用） 覆盖（防治福寿螺应在K/2之前、土壤小动物用取样器取样法、饲料属密度制约因素、稳定型年龄结构下蜜蜂雄性多于雌性）,
dir_batch_043.csv#3452,BIOLOGY,群落的结构★★★☆☆,COVERED,命中节点 群落的结构；definition 的种间关系数量坐标图、营养关系图与五种关系特点由 bio-mo-community-002（种间关系主要有原始合作（互惠））、ext-bio-c8fe7f3b48-001b（种间关系的类型与数量曲线）、ext-bio-524cba8aa4-003（互利共生与原始合作的辨析）、wusan-bio-v-01747e25（群落的物种组成与种间关系） 覆盖（海葵与寄居蟹、豆科植物与根瘤菌、青蛙与昆虫等实例命中）,
dir_batch_043.csv#3453,BIOLOGY,群落的主要类型及群落的演替★★★☆☆,COVERED,命中节点 群落的主要类型及群落的演替；definition 的荒漠、草原、森林生存环境与结构特点、初生与次生演替的概念、实例与时间差异由 bio-fj-33-community-types（群落的主要类型及其特征）、bio-kb2-33-community-types（群落的主要类型与生物适应性）、bio-mo-community-013（荒漠中的生物具有耐旱的特性）、bio-mo-community-014（草原主要分布在半干旱地区）、bio-mo-community-015（森林为动物提供了丰富的食物和栖息场所）、bio-fj-33-succession-concept-types（群落演替的概念与两种类型）、bio-fx-succession-two-types（初生演替与次生演替的比较） 覆盖（裸岩、地衣、沙丘、火山岩、弃耕农田、过量砍伐森林均命中）,
dir_batch_043.csv#3455,BIOLOGY,神经调节的结构基础★★★☆☆,COVERED,命中节点 神经调节的结构基础；definition 的脑与脊髓各部分功能、脑神经与脊神经、交感神经与副交感神经对比表由 bio-kb-brain-parts-and-functions（脑的组成与各部分功能）、bio-kb-nervous-system-composition（神经系统的组成）、ext-bio-881f12d357-001b（交感神经与副交感神经的作用）、bio-mo-nerve-006（自主神经系统的组成和功能示例） 覆盖（大脑皮层最高级中枢、小脑协调平衡、下丘脑、脑干、脊髓灰质白质与膝跳反射中枢均命中）,
dir_batch_043.csv#3456,BIOLOGY,神经调节的基本方式★★★☆☆,COVERED,命中节点 神经调节的基本方式；definition 的条件反射与非条件反射对比（神经中枢、神经联系、实例）与反射弧结构破坏影响由 ext-bio-812daccffe-002b（非条件反射与条件反射的比较）、bio-kb-reflex-concept-and-types（反射的概念与非条件反射、条件反射的比较）、ext-bio-58af510b8f-004（反射与反射弧的易错辨析）、ext-bio-881f12d357-001（膝跳反射与反射弧的完整性） 覆盖（缩手反射、膝跳反射、望梅止渴、谈虎色变、消退均命中）,
dir_batch_043.csv#3457,BIOLOGY,兴奋的产生和传导★★★☆☆,COVERED,命中节点 兴奋的产生和传导；definition 的神经递质化学本质、种类、释放方式、效应与去向，以及神经纤维传导与突触传递的对比由 ext-bio-812daccffe-002d（神经递质的来源 释放 作用与去向）、ext-bio-812daccffe-002c（兴奋的传导与传递）、ext-bio-881f12d357-006（兴奋性与抑制性递质的后膜电位）、ext-bio-881f12d357-021（突触传递的关键环节） 覆盖（乙酰胆碱、多巴胺、突触小泡、胞吐、水解与回收均命中）,
dir_batch_043.csv#3458,BIOLOGY,人脑的高级功能★★★☆☆,COVERED,命中节点 人脑的高级功能；definition 的言语区S/H/V/W受损特征、生理或病理现象涉及中枢与易错判定由 ext-bio-881f12d357-007（言语区损伤与脑功能定位）、ext-bio-812daccffe-003b（人脑的高级功能与大脑皮层言语区）、bio-mo-nerve-041（生理或病理现象、神经中枢参与（损伤）） 覆盖,
dir_batch_043.csv#3460,BIOLOGY,细胞的统一性,COVERED,命中节点 细胞学说；definition 为细胞学说主要内容与生命活动离不开细胞的填空，由节点 细胞学说 的材料覆盖：ext-bio-5fd81512c2-001（细胞学说的建立与主要内容）、ext-bio-c5dd0fc0e2-001（细胞学说的内容、意义与建立过程）；bio-kb3-f1-s1-1-n05（除病毒以外，生物体都） 覆盖单细胞与多细胞生物依赖细胞完成生命活动,
dir_batch_043.csv#3461,BIOLOGY,细胞学说,COVERED,命中节点 细胞学说；definition 的建立过程、主要内容与生命活动离不开细胞由 ext-bio-5fd81512c2-001（细胞学说的建立与主要内容）、ext-bio-c5dd0fc0e2-001（细胞学说的内容、意义与建立过程）、bio-fj-01-cell-theory-induction（细胞学说的建立运用不完全归纳法） 覆盖,
dir_batch_043.csv#3462,BIOLOGY,使用高倍显微镜观察细胞,COVERED,命中节点 使用高倍显微镜观察细胞；definition 的显微镜结构、目镜物镜特点、放大倍数与细胞数计算由 ext-bio-c5dd0fc0e2-004b（显微镜的使用步骤与镜头放大规律）、ext-bio-e9271fa3c3-011（显微镜的成像与放大规律）、ext-bio-5fd81512c2-003b（放大倍数与细胞数目的计算）、bio-kb-lens-length-magnification（目镜与物镜的长短和放大倍数关系） 覆盖,
dir_batch_043.csv#3463,BIOLOGY,原核细胞和真核细胞,COVERED,命中节点 原核细胞和真核细胞；definition 的原核细胞无核膜只有拟核、真核细胞有核膜包被的细胞核、原核转录翻译耦联由 ext-bio-5fd81512c2-005（原核细胞与真核细胞的比较）、bio-fj-01-pro-vs-eu-comparison（原核细胞与真核细胞的列表比较）、bio-prokaryote-transcription-translation-coupled（原核生物无核膜，转录与翻译耦联进行） 覆盖,
dir_batch_043.csv#3464,BIOLOGY,病毒,COVERED,命中节点 病毒；definition 的病毒宿主类型（植物、动物、细菌）与DNA病毒、RNA病毒、逆转录病毒举例由 ext-bio-e9271fa3c3-005（病毒的组成、分类与生活方式）、bio-kb-virus-classification-host-specificity（病毒的分类与宿主专一性）、bio-fj-01-virus-one-nucleic-acid（一种病毒只含一种核酸（DNA或RNA））、ext-bio-c5dd0fc0e2-006（病毒的结构、分类与增殖方式） 覆盖,
dir_batch_043.csv#3465,BIOLOGY,光学显微镜和电子显微镜,COVERED,命中节点 光学显微镜和电子显微镜；definition 的显微结构与亚显微结构定义及举例由 bio-fj-01-micro-submicro（显微结构与亚显微结构）、ext-bio-8c5f3169c5-001b（光学显微镜下可见与不可见的结构）、ext-bio-3199bef3a3-002（光学显微镜与电子显微镜的观察范围） 覆盖,
dir_batch_043.csv#3466,BIOLOGY,元素和化合物的相互推断（归纳总结）,COVERED,命中节点 元素和化合物的相互推断-归纳总结；definition 的统一性与差异性、元素大多以化合物形式存在、鲜重与干重含量之最由 bio-mo-cell-226（生物界与非生物界在元素种类上具）、ext-bio-781a29008c-002b（元素与化合物相互推断的三种方法）、bio-kb-compound-main-elements（细胞中主要化合物的元素组成） 覆盖,
dir_batch_043.csv#3467,BIOLOGY,细胞中的元素,COVERED,命中节点 细胞中的元素；definition 的统一性与差异性、元素种类分类及存在形式由 ext-bio-172295ebf0-002（元素含量比较的易错要点）、ext-bio-f3ce909291-002（组成细胞的元素的统一性与差异性）、ext-bio-172295ebf0-001（细胞中元素的种类、分类与存在形式） 覆盖,
dir_batch_043.csv#3468,BIOLOGY,细胞中的化合物,COVERED,命中节点 细胞中的化合物；definition 的化合物相对含量与鲜重、干重含量之最由 ext-bio-f3ce909291-003（组成细胞的化合物及其元素组成）、ext-bio-dea64e6378-003b（细胞中化合物的种类与含量）、bio-fj-02-protein-most-dry-weight（干重中含量最多的化合物是蛋白质） 覆盖,
dir_batch_043.csv#3469,BIOLOGY,细胞中的水,COVERED,命中节点 细胞中的水；definition 的水在生物体内的分布（水生大于陆生、幼年大于成年、幼嫩部分大于成熟部分）由 bio-fj-02-water-content-differs（生物体含水量随种类和组织而不同） 覆盖，水的存在形式与特性由 ext-bio-f3ce909291-005（细胞中水的特性与存在形式）、bio-kb-free-water-and-bound-water（自由水与结合水的存在形式和功能） 覆盖,
dir_batch_043.csv#3470,BIOLOGY,细胞中的无机盐,COVERED,命中节点 细胞中的无机盐；definition 的以离子形式存在、占鲜重的百分之一到百分之一点五、Mg与Fe与P等组成成分及功能由 ext-bio-7fe5152a97-004b（无机盐的存在形式与生理功能）、bio-kb-inorganic-salt-functions（无机盐的生理功能）、bio-kb-essential-element-solution-culture（用溶液培养法（缺素培养）验证必需元素） 覆盖,
dir_batch_043.csv#3471,BIOLOGY,实验：检测生物组织中的糖类、脂肪和蛋白质,COVERED,命中节点 实验-检测生物组织中的糖类-脂肪和蛋白质；definition 的还原糖、脂肪、蛋白质检测原理步骤与斐林试剂、双缩脲试剂的比较由 ext-bio-7fe5152a97-006（检测生物组织中的糖类、脂肪和蛋白质）、bio-fj-02-three-unique-in-tests（三类有机物检测的三个唯一）、bio-kb-biuret-protein-detection（双缩脲试剂检测蛋白质的操作要点）、bio-kb2-02-reducing-sugar-test（还原糖的检测） 覆盖,
dir_batch_043.csv#3472,BIOLOGY,糖类和脂质的相互转化,COVERED,命中节点 糖类和脂质的相互转化；definition 的糖类与脂质转化及其与ATP、ADP转化的辨析由 ext-bio-c8448860bd-006（糖类与脂质的比较与相互转化）、bio-kb-sugar-fat-conversion-asymmetry（糖类与脂肪相互转化的程度差异）、ext-bio-43f6e87739-001（ATP与ADP的相互转化） 覆盖,
dir_batch_043.csv#3473,BIOLOGY,细胞中的糖类,COVERED,命中节点 细胞中的糖类；definition 的糖类元素组成、单糖二糖多糖分类与水解由 bio-kb-sugar-classification-overview（糖类的元素组成与分类）、bio-kb-disaccharide-types-distribution（常见二糖的水解产物与分布）、bio-kb2-03-sugar-classification（糖类的分类与代表物质）、bio-kb-sugar-not-all-reducing-energy（并非所有糖都是还原糖或能源物质） 覆盖,
dir_batch_043.csv#3474,BIOLOGY,细胞中的脂质,COVERED,命中节点 细胞中的脂质；definition 的脂质元素组成、溶解性、分类功能与脂肪不等于脂质等易错点由 bio-kb-lipid-elements-and-solubility（脂质的元素组成与溶解性）、ext-bio-3d1f7601ae-003（脂质的组成、合成场所与易错点）、bio-kb-sterol-types-functions（固醇的分类及功能（胆固醇、性激素、维生素D）） 覆盖,
dir_batch_043.csv#3476,BIOLOGY,比较细胞中的生物大分子,COVERED,命中节点 蛋白质的功能；definition 实为蛋白质是生命活动的主要承担者及其功能填空，由节点 蛋白质的功能 的材料覆盖：bio-kb-protein-five-functions（蛋白质的功能分类（生命活动的主要承担者））、bio-kb2-04-protein-functions（蛋白质的功能多样性）,
dir_batch_043.csv#3477,BIOLOGY,蛋白质的功能,COVERED,命中节点 蛋白质的功能；definition 的蛋白质功能与变性、盐析、水解，以及熟鸡蛋更易消化由 bio-mo-protein-004（蛋白质的盐析、变性和水解）、bio-kb-polypeptide-vs-protein（多肽与蛋白质的区别）、bio-fj-04-protein-function-types（蛋白质的功能分类） 覆盖,
dir_batch_043.csv#3478,BIOLOGY,蛋白质的基本单位——氨基酸,COVERED,命中节点 蛋白质的基本单位-氨基酸；definition 的元素组成、结构通式与结构特点由 bio-fj-04-amino-acid-structure（氨基酸的结构通式与结构特点）、ext-bio-e190c6e132-002（氨基酸的结构种类与功能） 覆盖,
dir_batch_043.csv#3479,BIOLOGY,蛋白质的结构及其多样性,COVERED,命中节点 蛋白质的结构及其多样性；definition 的脱水缩合概念与过程由 bio-kb3-f4-s14-n01（氨基酸形成蛋白质过程（一））、ext-bio-8bb96c7ef3-003（氨基酸的脱水缩合与蛋白质结构多样性） 覆盖，结构多样性与变性辨析由 bio-kb-protein-denaturation-essence（蛋白质变性的本质（空间结构破坏、肽键不断）） 覆盖,
dir_batch_043.csv#3480,BIOLOGY,蛋白质相关计算题,COVERED,命中节点 蛋白质相关计算题；definition 的肽键数与脱水数计算、有无二硫键时的相对分子质量计算由 ext-bio-31cabeac93-006（蛋白质计算的核心关系式）、ext-bio-31cabeac93-007（环状肽与二硫键的计算修正）、ext-bio-e190c6e132-006（蛋白质计算的基本公式） 覆盖,
dir_batch_043.csv#3481,BIOLOGY,核酸是由核苷酸连接而成的长链,COVERED,命中节点 核酸是由核苷酸连接而成的长链；definition 的DNA与RNA种类、mRNA与tRNA与rRNA三类及其功能由 ext-bio-5d3bead25e-009（核酸的结构与功能）、bio-fj-04-nucleotide-base-counts（不同生物的核酸、核苷酸与碱基种类）、bio-fj-04-nucleic-acid-hydrolysis（核酸的初步水解与彻底水解产物） 覆盖,
dir_batch_043.csv#3482,BIOLOGY,生物大分子以碳链为骨架,COVERED,命中节点 生物大分子以碳链为骨架；definition 的单体与多聚体对应关系、脂质不属于生物大分子由 ext-bio-227873ae38-003d（生物大分子以碳链为骨架）、bio-kb-fat-not-biomacromolecule（脂肪不属于生物大分子） 覆盖,
dir_batch_043.csv#3484,BIOLOGY,细胞核的结构和功能,COVERED,命中节点 细胞膜-质膜-的功能；definition 实为细胞膜的功能与细胞间信息交流填空，由节点 细胞膜（质膜）的功能 的材料覆盖：bio-kb-membrane-three-main-functions（细胞膜的三大功能）、bio-kb3-f4-s18-n05（细胞膜的功能）,
dir_batch_043.csv#3485,BIOLOGY,细胞膜（质膜）的功能,COVERED,命中节点 细胞膜-质膜-的功能；definition 的分隔、控制物质进出与信息交流三大功能由 bio-kb-membrane-three-main-functions（细胞膜的三大功能）、bio-kb3-f4-s18-n05（细胞膜的功能） 覆盖,
dir_batch_043.csv#3486,BIOLOGY,细胞膜成分和结构的探究历程,COVERED,命中节点 细胞膜成分和结构的探究历程；definition 的成分探索、细胞膜制备与结构探索历程由 bio-kb-cell-membrane-discovery-history（细胞膜成分与结构探索的关键结论）、bio-kb2-05-membrane-preparation（制备细胞膜的材料选择）、bio-fj-05-robertson-model（罗伯特森的静态统一模型） 覆盖,
dir_batch_043.csv#3487,BIOLOGY,膜的流动镶嵌模型,COVERED,命中节点 膜的流动镶嵌模型；definition 的磷脂双分子层基本支架、蛋白质镶嵌方式与屏障作用由 bio-kb-fluid-mosaic-model-content（流动镶嵌模型的基本内容） 覆盖,
dir_batch_043.csv#3488,BIOLOGY,生物膜系统及其功能,COVERED,命中节点 生物膜系统；definition 中分离细胞器的方法与动植物细胞结构区别由节点 细胞器的结构和功能 的材料覆盖（bio-kb-differential-centrifugation-method（差速离心法分离细胞器）），生物膜系统的概念、特点与功能由节点 生物膜系统 的材料覆盖：ext-bio-7abf2f735b-005（生物膜系统的概念与特点）、ext-bio-7bf37bfb93-014（生物膜系统的组成、特点与功能）、bio-fj-06-biomembrane-system-function（生物膜系统的三大功能）,
dir_batch_043.csv#3489,BIOLOGY,细胞器的结构和功能,COVERED,命中节点 细胞器的结构和功能；definition 的细胞质组成、差速离心法与各细胞器结构功能由 bio-kb-differential-centrifugation-method（差速离心法分离细胞器）、ext-bio-7abf2f735b-001b（细胞质的组成与亚显微结构）、bio-kb-organelle-membrane-classification（细胞器按膜的分类）、ext-bio-7bf37bfb93-002（细胞质基质、细胞器与差速离心法） 覆盖,
dir_batch_043.csv#3490,BIOLOGY,用高倍显微镜观察叶绿体和细胞质的流动,COVERED,命中节点 用高倍显微镜观察叶绿体和细胞质的流动；definition 的实验原理、选材及原因与实验步骤由 ext-bio-7abf2f735b-002（观察叶绿体和细胞质流动的实验）、bio-kb-chloroplast-cytoplasmic-observation-experiment（用高倍显微镜观察叶绿体和细胞质的流动）、ext-bio-7bf37bfb93-010（观察叶绿体和细胞质流动的实验要点） 覆盖,
dir_batch_043.csv#3491,BIOLOGY,分泌蛋白的合成和运输,COVERED,命中节点 分泌蛋白的合成和运输；definition 的分泌蛋白概念、实例、同位素标记法研究与合成运输分泌过程由 ext-bio-7abf2f735b-003b（分泌蛋白的合成与运输）、bio-fj-06-secreted-protein-pathway（分泌蛋白的合成与运输过程）、bio-fj-06-membrane-area-change（分泌蛋白运输中膜面积的变化）、bio-fj-06-protein-sorting-signal-peptide（蛋白质分选：信号肽假说与囊泡运输） 覆盖,
dir_batch_043.csv#3492,BIOLOGY,细胞的生物膜系统,COVERED,命中节点 细胞的生物膜系统；definition 的生物膜系统概念、成分结构相似与功能由 bio-kb-biomembrane-system-concept-functions（生物膜系统的组成与功能）、bio-fj-06-biomembrane-system-function（生物膜系统的三大功能）、ext-bio-16634b9b2a-032（生物膜系统的组成与特点） 覆盖,
dir_batch_043.csv#3493,BIOLOGY,主动运输的类型,COVERED,命中节点 渗透作用；definition 实为渗透作用概念与条件、原生质层组成填空，由节点 渗透作用 的材料覆盖：ext-bio-aedf8c8d06-001（渗透作用的概念、条件与方向）、bio-kb2-07-osmosis-conditions（渗透作用的定义与发生条件）；原生质层由 bio-mo-cell-116（成熟的植物细胞）、ext-bio-cfff2e6c9b-001（原生质层与原生质体辨析） 覆盖,
dir_batch_043.csv#3494,BIOLOGY,渗透作用,COVERED,命中节点 渗透作用；definition 的扩散与渗透概念、半透膜与浓度差两个条件、渗透方向由 ext-bio-aedf8c8d06-001（渗透作用的概念、条件与方向）、ext-bio-7533a1e1fd-010（渗透平衡是动态平衡）、ext-bio-7533a1e1fd-008b（渗透平衡时两侧溶液浓度并不相等） 覆盖,
dir_batch_043.csv#3495,BIOLOGY,动物细胞的吸水和失水,COVERED,命中节点 动物细胞的吸水和失水；definition 的细胞膜相当于半透膜、水进出为渗透作用、不同浓度氯化钠溶液中红细胞的变化由 bio-kb2-07-animal-cell-osmosis（动物细胞的吸水和失水）、ext-bio-a7bfd3d96c-001b（动物细胞的吸水与失水） 覆盖,
dir_batch_043.csv#3496,BIOLOGY,成熟植物细胞的吸水和失水,COVERED,命中节点 成熟植物细胞的吸水和失水；definition 的成熟植物细胞结构、原生质层相当于半透膜与质壁分离及复原实验由 bio-kb-plasmolysis-experiment-procedure（探究植物细胞吸水和失水（质壁分离及复原）实验）、ext-bio-a7bfd3d96c-001c（植物细胞的质壁分离与复原分析模型）、bio-fj-07-imbibition-vs-osmosis（植物细胞的吸胀吸水与渗透吸水） 覆盖,
dir_batch_043.csv#3497,BIOLOGY,物质出入细胞的方式,COVERED,命中节点 物质出入细胞的方式；definition 的被动运输、自由扩散、协助扩散、主动运输与胞吞胞吐概念由 ext-bio-aedf8c8d06-003b（物质出入细胞方式的相关概念）、ext-bio-26746c92ba-052（二看法判断物质跨膜运输方式）、ext-bio-cdea66a95d-015b（物质跨膜运输方式的易错辨析）、ext-bio-7533a1e1fd-006（三步判断物质跨膜运输方式） 覆盖,
dir_batch_043.csv#3498,BIOLOGY,ATP的合成和利用,COVERED,命中节点 酶的作用和本质；definition 实为细胞代谢概念与自变量、因变量填空，细胞代谢概念由 ext-bio-d93a11b3d8-001（细胞代谢与酶降低活化能的作用）、bio-mo-enzyme-001（细胞中每时每刻都进行着许多化学反应） 覆盖，变量判断由 ext-bio-ba8b3621cb-004（由实验目的确定自变量与因变量）、bio-mo-cell-133（实验过程中的变化因素称为变量） 覆盖,
dir_batch_043.csv#3499,BIOLOGY,酶的作用和本质,COVERED,命中节点 酶的作用和本质；definition 的细胞代谢概念、酶本质探索历程与酶的概念及作用机理由 ext-bio-c244f5f146-030（酶的作用机理与本质）、ext-bio-91078593c9-001（酶的概念及降低活化能的作用机理）、ext-bio-b4db603e6e-001（酶的作用机理与三大特性） 覆盖,
dir_batch_043.csv#3500,BIOLOGY,酶的特性,COVERED,命中节点 酶的特性；definition 的高效性、专一性、作用条件较温和及高效性保证代谢顺利进行由 ext-bio-d93a11b3d8-002（酶的三大特性：高效性、专一性与条件温和）、bio-kb2-08-enzyme-specificity-efficiency（酶的高效性与专一性）、ext-bio-f83dfd45c1-001c（酶在反应前后本身不发生变化）、ext-bio-f83dfd45c1-002（酶的专一性的准确表述与失活条件） 覆盖,
dir_batch_043.csv#3501,BIOLOGY,与酶有关的曲线分析,COVERED,命中节点 与酶有关的曲线分析；definition 的高效性曲线、专一性曲线与温度、pH影响酶促反应速率的曲线由 ext-bio-cdea66a95d-010（与酶有关的曲线分析方法）、bio-fj-08-temperature-ph-activity-curve（温度和pH对酶活性影响的曲线）、ext-bio-f83dfd45c1-005（竞争性抑制的曲线特征） 覆盖,
dir_batch_043.csv#3502,BIOLOGY,ATP的结构与作用,COVERED,命中节点 atp的结构与作用；definition 的ATP中文名称、元素组成与结构简式由 bio-kb-atp-structure-composition（ATP的结构与组成）、bio-kb2-08-atp-structure（ATP的结构与元素组成） 覆盖，ATP与能量关系的易错由 ext-bio-91078593c9-002e（ATP不等于能量） 覆盖,
dir_batch_043.csv#3503,BIOLOGY,酶的特性及探究实验,COVERED,命中节点 酶的特性及探究实验；definition 的淀粉酶专一性实验设计与不同pH、温度、氯化钙下降解率的数据由 ext-bio-91078593c9-002d（与酶相关探究实验的易错点总结）、ext-bio-cdea66a95d-007（酶的专一性及验证方案）、ext-bio-035ebaef9d-008（验证酶催化作用需要小分子和离子辅助）、ext-bio-8d79fbce11-004（温度与pH影响酶活性实验的变量控制） 覆盖,
dir_batch_043.csv#3504,BIOLOGY,影响酶促反应的因素分析,COVERED,命中节点 影响酶促反应的因素分析；definition 的不同温度下酶促反应变澄清时间的数据由 ext-bio-8d79fbce11-004（温度与pH影响酶活性实验的变量控制）、ext-bio-f83dfd45c1-001（酶促反应速率的限制因素与最适条件）、bio-kb2-08-temperature-enzyme-experiment（探究温度对酶活性影响的实验要点） 覆盖,
dir_batch_043.csv#3505,BIOLOGY,种子萌发过程中细胞呼吸的变化分析,COVERED,命中节点 种子萌发过程中细胞呼吸的变化分析；definition 的二氧化碳检测（澄清石灰水变浑浊、溴麝香草酚蓝由蓝变绿再变黄）与种子萌发呼吸变化由 ext-bio-035ebaef9d-006（呼吸产物的检测试剂与产生场所辨析）、bio-fj-09-seed-germination-respiration（种子萌发过程中呼吸方式的变化）、bio-fj-03-seed-germination-stages（种子萌发两阶段的代谢特点）、ext-bio-59423ea42b-001（探究酵母菌细胞呼吸方式的对比实验） 覆盖,
dir_batch_043.csv#3506,BIOLOGY,实验：探究酵母菌细胞呼吸的方式,COVERED,命中节点 实验-探究酵母菌细胞呼吸的方式；definition 的酵母菌为兼性厌氧菌、有氧与无氧条件产物检测与实验结果由 ext-bio-1e2461181a-016（探究酵母菌细胞呼吸方式的实验原理与现象）、ext-bio-e324dd7e8a-001（探究酵母菌细胞呼吸的方式）、ext-bio-035ebaef9d-006（呼吸产物的检测试剂与产生场所辨析） 覆盖,
dir_batch_043.csv#3507,BIOLOGY,细胞呼吸概念、实质和意义,COVERED,命中节点 细胞呼吸概念-实质和意义；definition 的细胞呼吸概念、实质与两点意义由 bio-kb-cell-respiration-concept-essence（细胞呼吸的概念、实质与意义）、ext-bio-59423ea42b-001b（细胞呼吸的实质与过程图解）、ext-bio-59423ea42b-002f（细胞呼吸的底物不只有葡萄糖） 覆盖,
dir_batch_043.csv#3508,BIOLOGY,有氧呼吸,COVERED,命中节点 有氧呼吸；definition 的有氧呼吸概念、场所、三阶段过程与三个阶段释放能量的比较由 ext-bio-e324dd7e8a-002b（有氧呼吸的过程、场所与能量转化）、ext-bio-035ebaef9d-002（有氧呼吸三阶段的场所耗氧与产能）、ext-bio-035ebaef9d-012（呼吸电子传递和氧化磷酸化） 覆盖,
dir_batch_043.csv#3509,BIOLOGY,无氧呼吸,COVERED,命中节点 无氧呼吸；definition 的无氧呼吸概念、场所、两个阶段与总反应式由 ext-bio-e324dd7e8a-003（无氧呼吸的过程与产物）、ext-bio-035ebaef9d-001（无氧呼吸两阶段的场所与产物）、bio-fj-09-anaerobic-respiration-definition（无氧呼吸的概念）、ext-bio-035ebaef9d-006b（无氧呼吸第二阶段的共性与常见错判） 覆盖,
dir_batch_043.csv#3510,BIOLOGY,细胞呼吸的影响因素及应用,COVERED,命中节点 细胞呼吸的影响因素及应用；definition 的温度与氧气浓度影响细胞呼吸的机理及应用由 ext-bio-e324dd7e8a-005（温度与氧气浓度对细胞呼吸的影响及应用）、bio-kb-respiration-temperature-application（温度对细胞呼吸的影响及应用）、ext-bio-59423ea42b-002c（影响细胞呼吸的因素及应用）、!!MISSING:最适贮存点 覆盖,
dir_batch_043.csv#3511,BIOLOGY,细胞呼吸的类型判断（规律方法）,COVERED,命中节点 细胞呼吸的类型判断-规律方法；definition 的甲、乙装置液滴移动方向与呼吸方式的对应表由 ext-bio-1e2461181a-019（液滴移动法测定细胞呼吸方式与速率）、ext-bio-e324dd7e8a-004（细胞呼吸方式的判断与量的比例关系）、ext-bio-59423ea42b-002b（用数量关系进行细胞呼吸的相关计算） 覆盖,
dir_batch_043.csv#3512,BIOLOGY,有氧呼吸的过程分析,COVERED,命中节点 有氧呼吸的过程分析；definition 的各部位（即各阶段）释放大量、少量或无能量的选项表由 ext-bio-035ebaef9d-002（有氧呼吸三阶段的场所耗氧与产能）、ext-bio-1e2461181a-003（有氧呼吸三个阶段的场所与物质能量变化）、bio-kb-aerobic-respiration-three-stages（有氧呼吸的三个阶段） 覆盖,
dir_batch_043.csv#3514,BIOLOGY,分离定律的概率计算和常规应用,COVERED,命中节点 豌豆用作遗传实验的材料；definition 的相对性状定义与豌豆做遗传实验材料的优点由 ext-bio-1446061363-001（豌豆作为遗传实验材料的优点与人工杂交操作）、bio-kb-genetics-basic-terms（遗传学基本术语（相对性状、性状分离、纯合子等））、ext-bio-eaaa47c6d7-003b（遗传学核心术语速记） 覆盖,
dir_batch_043.csv#3515,BIOLOGY,豌豆用作遗传实验的材料,COVERED,命中节点 豌豆用作遗传实验的材料；definition 的豌豆材料特点优势与去雄、套袋、人工授粉杂交操作由 bio-kb-pea-as-experimental-material（豌豆用作遗传实验材料的优点）、ext-bio-991abe863c-001（豌豆用作遗传实验材料的优势与杂交操作）、ext-bio-eaaa47c6d7-002（遗传实验常用符号与正交反交） 覆盖,
dir_batch_043.csv#3516,BIOLOGY,一对相对性状的杂交实验,COVERED,命中节点 一对相对性状的杂交实验；definition 的假说演绎分析（观察现象提出问题、分析问题提出假说、测交验证）由 ext-bio-1446061363-001b（一对相对性状杂交实验的现象、假说与测交验证）、ext-bio-eaaa47c6d7-005（假说演绎法：提出假说）、ext-bio-eaaa47c6d7-004（一对相对性状杂交实验的现象与问题） 覆盖,
dir_batch_043.csv#3517,BIOLOGY,性状分离比的模拟实验,COVERED,命中节点 性状分离比的模拟实验；definition 的实验原理、装置与操作、预期结果由 ext-bio-eaaa47c6d7-006（性状分离比的模拟实验）、ext-bio-9be955ed5e-010（性状分离比的模拟实验原理与操作） 覆盖,
dir_batch_043.csv#3518,BIOLOGY,基因型、表型的推断,COVERED,命中节点 基因型-表型的推断；definition 的亲本与子代基因型表型对应表及由子代比例反推亲本由 bio-kb-genotype-inference-forward-reverse（基因型与表型的正推与逆推）、bio-fj-15-genotype-phenotype-inference（亲代与子代基因型的正推与逆推）、ext-bio-451d5c3142-009（由子代表型及比例推亲本基因型）、ext-bio-1446061363-002b（由子代性状表现推断亲本基因型） 覆盖,
dir_batch_043.csv#3519,BIOLOGY,自交和自由交配的概率计算,COVERED,命中节点 自交和自由交配的概率计算；definition 的杂合子连续自交、自由交配与配子法计算由 ext-bio-acffd40782-007（自交与自由交配：同情境结果不同）、ext-bio-1446061363-002c（连续自交与连续自由交配的概率计算）、ext-bio-98acc0ecdc-012（自由交配概率的三种算法）、ext-bio-1446061363-002d（淘汰隐性个体后的连续自交与连续自由交配计算） 覆盖,
dir_batch_044.csv#3520,BIOLOGY,分离定律的特殊类型,COVERED,命中节点 分离定律的特殊类型；definition 为四张基因型—表型对应表，分别由 ext-bio-991abe863c-011（从性遗传与伴性遗传的区别：从性遗传基因在常染色体上但表现型受性别影响，对应公羊有角、母羊无角的羊角表）、ext-bio-991abe863c-010 与 ext-bio-92da75f520-006（复等位基因遗传以ABO血型为例、复等位基因，对应血型与基因型 I^A、I^B、i 表）、ext-bio-991abe863c-013 与 bio-fx-phenocopy-identify（表型模拟与环境对表型的影响：表型＝基因型＋环境，对应 20℃ 正常翅、0℃ 残翅的温度—翅型表）覆盖；全量索引检索 从性遗传 14 条、复等位基因 11 条、表型模拟 4 条均有命中。,
dir_batch_044.csv#3521,BIOLOGY,孟德尔的豌豆杂交实验过程分析,COVERED,命中节点 孟德尔的豌豆杂交实验过程分析（29 条材料）；definition 为果面有蜡粉×无蜡粉的杂交实验数据表（P1 30:0、P2 0:30、F1 523:0、F2 430:144），其所考查的一对相对性状杂交实验过程与 F2 约 3∶1 的分离分析由 ext-bio-991abe863c-002（一对相对性状杂交实验的假说—演绎过程）、bio-mo-heredity-014（F2 表型比显性∶隐性＝3∶1）、bio-mo-heredity-018（遗传定律是统计学规律，只有样本足够大时才有规律性）、bio-mo-heredity-007（判断一对相对性状显隐性的方法是杂交）覆盖。,
dir_batch_044.csv#3522,BIOLOGY,自由组合定律中的特殊分离比问题分析,COVERED,命中节点 自由组合定律中的特殊分离比问题分析，但 name_hit 属名称误配，definition 实为自由组合假设的填空原文；definition 的实质内容由 bio-mo-heredity-019（孟德尔针对豌豆的两对相对性状杂交实验提出的自由组合假设：F1（YyRr）在产生配子时每对遗传因子彼此分离、不同对的遗传因子可以自由组合）、bio-mo-heredity-025（YyRr 产生的配子是 YR、Yr、yR、yr，比值为 1∶1∶1∶1）、ext-bio-451d5c3142-003b（自由组合定律的内容、实质与适用范围）、bio-kb-independent-assortment-hypothesis-content（对自由组合现象解释的假说要点）覆盖。,
dir_batch_044.csv#3523,BIOLOGY,孟德尔两对相对性状的杂交实验,COVERED,命中节点 孟德尔两对相对性状的杂交实验（18 条材料）；definition 为第16讲该考点的纲要（提出问题—实验结果及分析—提出假说—理论解释），由 ext-bio-dbce67b1b0-002（两对相对性状杂交实验的假说—演绎：从实验现象到假说再到测交验证）、ext-bio-1446061363-003b（两对相对性状杂交实验的假说与测交验证）、ext-bio-9f2a9cc9b9-001b（两对相对性状杂交 F2 的结果分析：9 种基因型、4 种表型）、bio-kb-hypothesis-deduction-method（假说—演绎法的流程）覆盖。,
dir_batch_044.csv#3524,BIOLOGY,自由组合定律的内容,COVERED,命中节点 自由组合定律的内容；definition 的研究对象（位于非同源染色体上的非等位基因）、发生时间（减数分裂Ⅰ后期）、实质与适用范围由 ext-bio-451d5c3142-003b（自由组合定律的内容、实质与适用范围：表述、发生时间、细胞学基础及其适用与不适用情形）、ext-bio-9f29504169-001（自由组合定律的内容与验证）、bio-kb2-16-independent-assortment-essence 与 bio-fj-16-independent-assortment-essence（减Ⅰ后期同源染色体上等位基因分离的同时、非同源染色体上的非等位基因自由组合）覆盖。,
dir_batch_044.csv#3525,BIOLOGY,孟德尔规律的应用,COVERED,命中节点 孟德尔规律的应用；definition 的植物育种纯合子培育实例（抗倒伏易染条锈病 DDTT × 易倒伏抗条锈病 ddtt）由 ext-bio-9f2a9cc9b9-006（植物育种中的纯合子培育：纯系杂交得 F1，F1 多代自交并逐代筛选，最终得到稳定遗传的抗倒伏抗病新品种 DDtt）覆盖；育种与医学应用的一般结论由 ext-bio-eaaa47c6d7-007b（选育显性纯合子需连续自交至不发生性状分离）、ext-bio-451d5c3142-004（孟德尔规律的应用与实验材料的选择）、ext-bio-98acc0ecdc-005b 覆盖。,
dir_batch_044.csv#3529,BIOLOGY,两对相对性状杂交实验过程,COVERED,命中节点 两对相对性状杂交实验过程；definition 为黄色、绿色、圆粒、皱粒的 F2 个数统计表（25、7、20、12），其逐对分析与数据转化由 wusan-bio-v-82f919b9（两对相对性状杂交实验的数据分析：先分别分析每一对相对性状，再用乘法原理把 9∶3∶3∶1 拆成 (3∶1)(3∶1)）、ext-bio-1446061363-003（两对相对性状杂交实验的现象与逐对分析：F₂ 出现 9∶3∶3∶1，逐对分析可见两对性状各遵循分离定律）、bio-kb2-16-dihybrid-cross-explain（F1 产生四种比例相等的配子，雌雄配子随机结合使 F2 出现 9∶3∶3∶1）覆盖。,
dir_batch_044.csv#3530,BIOLOGY,遗传系谱图的分析及概率的计算,COVERED,命中节点 遗传系谱图的分析及概率的计算，但 name_hit 属标题与正文错配，definition 实为第17讲的萨顿假说与摩尔根果蝇实验填空；definition 的三处填空（基因由染色体携带着从亲代传递给下一代、依据是基因和染色体的行为存在明显的平行关系、摩尔根用假说—演绎法证明、果蝇易饲养繁殖快且染色体少）由 bio-mo-sex-linked-001（萨顿的推论）、bio-mo-sex-linked-002（摩尔根通过果蝇杂交实验证明了萨顿的推论，实验方法是假说—演绎法）、ext-bio-7b174793ed-001（基因在染色体上的证据与果蝇的优点）覆盖，全量索引检索 萨顿 命中 14 条。,
dir_batch_044.csv#3531,BIOLOGY,基因位于染色体上的实验证据,COVERED,命中节点 基因位于染色体上的实验证据（32 条材料）；definition 的萨顿假说核心内容、依据、表现以及摩尔根果蝇杂交实验的观察现象与提出假说由 bio-mo-sex-linked-001（萨顿的推论）、bio-mo-sex-linked-002（摩尔根实验方法是假说—演绎法）、ext-bio-7b174793ed-001（基因在染色体上的证据与果蝇的优点）、ext-bio-c98b0853f5-001b（摩尔根果蝇杂交实验的现象与假说：白眼性状总与性别相关联）、ext-bio-f49eeec233-002（摩尔根的关键测交实验与结论）、bio-mo-gene-024 覆盖。,
dir_batch_044.csv#3532,BIOLOGY,伴性遗传的特点及应用,COVERED,命中节点 伴性遗传的特点及应用（44 条材料）；definition 的性别决定与性染色体传递特点（父亲的 X 只能传给女儿、Y 传给儿子；X2X3 任何一条可来自母亲或父亲、可传给女儿或儿子）由 ext-bio-f49eeec233-003（性别决定类型与性染色体传递特点：XY 型中 XX 为雌性、XY 为雄性，父亲的 X 传给女儿、Y 传给儿子）、ext-bio-c98b0853f5-002b（性染色体的传递规律与区段分析：X、Y 染色体的来源与去向具有方向性）、bio-sex-determination-xy（XY 型性别决定）覆盖；三类伴性遗传的特点与优生应用由 ext-bio-f49eeec233-004b、bio-kb2-17-sex-linked-application、ext-bio-f49eeec233-005 覆盖。,
dir_batch_044.csv#3533,BIOLOGY,人类遗传病,COVERED,命中节点 人类遗传病（38 条材料）；definition 的概念（由遗传物质改变而引起的人类疾病）、不同类型遗传病的特点及实例、调查发病率与调查遗传方式的方法由 ext-bio-c98b0853f5-003c（人类遗传病的概念与类型）、ext-bio-f49eeec233-006（人类遗传病的类型与实例）、ext-bio-c98b0853f5-003d 与 bio-kb-genetic-disease-survey-method（发病率在广大人群中随机抽样、选发病率较高的单基因遗传病；遗传方式在患者家系中调查）、ext-bio-4d59518957-013b（单基因与多基因遗传病的特点对比）覆盖。,
dir_batch_044.csv#3534,BIOLOGY,其他性别决定方式简介(深度拓展),COVERED,命中节点 其他性别决定方式简介-深度拓展；definition 为基因型与性别表现的对应表（雄性、雄性、两性、两性、雌性），由基因型决定性别的这一类方式由 bio-fj-17-corn-sex-genes（玉米植株性别由两对基因决定：B_T_ 为雌雄同株异花、bbT_ 为雄株、B_tt 或 bbtt 为雌株）、bio-fx-squash-sex-alleles（喷瓜性别由复等位基因 aD、a＋、ad 决定）、ext-bio-925fb82620-003（除 XY 型外还有 XO 型、ZW 型、染色体组倍数决定以及由基因、温度、激素决定性别的情形）、ext-bio-caaf561994-002b、ext-bio-4d59518957-006 覆盖。,
dir_batch_044.csv#3535,BIOLOGY,程序法分析遗传系谱图（规律方法）,COVERED,命中节点 程序法分析遗传系谱图-规律方法，但该节点 8 条材料只覆盖系谱图判断程序与口诀（ext-bio-c98b0853f5-004、ext-bio-26746c92ba-084 等）；definition 的两病概率计算公式表（同时患两病、只患甲病、只患乙病、不患病以及患病概率与只患一种病概率的换算）由节点 遗传系谱图的分析及概率的计算 的 bio-kb-two-disease-probability-formulas（已知患甲病概率 m、患乙病概率 n，同时患两病为 mn，只患一种病为 m(1－n)＋n(1－m)）、bio-kb2-16-two-disease-probability、bio-fj-17-two-disease-probability、ext-bio-4d59518957-015b（两病概率计算的集合思想：把两种病的患病情况分成四类后用独立事件相乘）覆盖，全量索引检索 只患一种病 命中该公式材料，故判 COVERED。,
