slug,subject,status,diff_fields
math-set-param-discrete-check,MATH,already_in,
math-set-param-continuous-number-axis,MATH,already_in,
math-set-relation-summary-formulas,MATH,already_in,
math-set-endpoint-substitution-check,MATH,already_in,
math-am-gm-inequality-core,MATH,already_in,
math-am-gm-direct-product-min,MATH,already_in,
math-am-gm-matching-method,MATH,already_in,
math-am-gm-1-substitution,MATH,already_in,
math-am-gm-elimination-method,MATH,already_in,
math-am-gm-substitution-xy,MATH,already_in,
math-am-gm-multi-use-equality,MATH,already_in,
math-monotonicity-param-construction,MATH,already_in,
math-monotonicity-domain-restriction,MATH,already_in,
math-parity-domain-symmetric-precondition,MATH,already_in,
math-parity-definition-equivalence,MATH,already_in,
math-parity-special-value-param,MATH,already_in,
math-odd-function-origin-value-zero,MATH,already_in,
math-parity-arithmetic-operation-rules,MATH,already_in,
math-parity-split-parameter-property-method,MATH,already_in,
math-monotonicity-strip-outer-f,MATH,already_in,
math-odd-function-same-interval-monotonicity,MATH,already_in,
math-even-function-opposite-interval-monotonicity,MATH,already_in,
math-mono-parity-combined-inequality-steps,MATH,already_in,
math-period-basic-shift-equality,MATH,already_in,
math-period-opposite-next-term,MATH,already_in,
math-period-reciprocal-next-term,MATH,already_in,
math-period-self-difference-2a,MATH,already_in,
math-period-mobius-fraction-iteration,MATH,already_in,
math-period-shift-equal-different-offsets,MATH,already_in,
math-period-shift-opposite-different-offsets,MATH,already_in,
math-axis-symmetry-equivalence,MATH,already_in,
math-point-symmetry-equivalence,MATH,already_in,
math-period-two-symmetric-axes,MATH,already_in,
math-period-even-plus-axis,MATH,already_in,
math-period-two-symmetric-centers,MATH,already_in,
math-period-odd-plus-center,MATH,already_in,
math-period-axis-plus-center,MATH,already_in,
math-period-odd-plus-axis,MATH,already_in,
math-period-even-plus-center,MATH,already_in,
math-fa-plus-minus-x-odd-implies-center-symmetry,MATH,already_in,
math-fa-plus-minus-x-even-implies-axis-symmetry,MATH,already_in,
math-abstract-function-assignment-special-values,MATH,already_in,
math-abstract-function-variable-substitution,MATH,already_in,
math-abstract-model-proportional,MATH,already_in,
math-abstract-model-linear,MATH,already_in,
math-abstract-model-quadratic,MATH,already_in,
math-abstract-model-power,MATH,already_in,
math-abstract-model-exponential,MATH,already_in,
math-abstract-model-logarithmic,MATH,already_in,
math-abstract-model-sine,MATH,already_in,
math-abstract-model-cosine,MATH,already_in,
math-abstract-model-tangent,MATH,already_in,
math-piecewise-evaluate-subset-selection,MATH,already_in,
math-piecewise-monotonic-param-steps,MATH,already_in,
math-piecewise-zero-finding-steps,MATH,already_in,
math-composite-monotonic-same-increase-different-decrease,MATH,already_in,
math-composite-parity-inner-even-implies-even,MATH,already_in,
math-composite-parity-inner-odd-outer-determines,MATH,already_in,
math-composite-zero-nested-substitution,MATH,already_in,
math-equation-count-tangency-case,MATH,already_in,
math-param-critical-value-case,MATH,already_in,
math-tangent-point-first-principle,MATH,already_in,
math-common-tangent-four-step-method,MATH,already_in,
math-multi-tangent-four-step-method,MATH,already_in,
math-tangent-condition-to-solution-count,MATH,already_in,
math-derivative-monotonicity-three-steps,MATH,already_in,
math-derivative-core-function-identify,MATH,already_in,
math-derivative-second-derivative-sign-method,MATH,already_in,
math-derivative-closed-interval-max-min-endpoints,MATH,already_in,
math-param-quadratic-sign-discussion-four-aspects,MATH,already_in,
math-param-quadratic-leading-coefficient-zero-and-sign,MATH,already_in,
math-zero-point-equivalence-triple,MATH,already_in,
math-zero-count-direct-solve,MATH,already_in,
math-zero-count-graph-direct-method,MATH,already_in,
math-zero-count-two-function-intersection,MATH,already_in,
math-zero-existence-theorem,MATH,already_in,
math-zero-count-theorem-plus-monotonicity,MATH,already_in,
math-continuous-monotonic-at-most-one-zero,MATH,already_in,
math-zero-count-classification-for-param-range,MATH,already_in,
math-zero-count-separate-parameter-for-param-range,MATH,already_in,
math-cubic-derivative-discriminant-extrema,MATH,already_in,
math-cubic-monotonicity-positive-a-two-extrema,MATH,already_in,
math-cubic-monotonicity-negative-a-two-extrema,MATH,already_in,
math-cubic-monotonic-no-extrema-delta-le-0,MATH,already_in,
math-cubic-zero-count-delta-le-zero,MATH,already_in,
math-cubic-zero-count-extrema-product-negative,MATH,already_in,
math-cubic-zero-count-extrema-product-positive,MATH,already_in,
math-cubic-zero-count-extremum-value-zero,MATH,already_in,
math-cubic-center-symmetry-point,MATH,already_in,
math-cubic-quarter-division-property,MATH,already_in,
math-hidden-zero-core-idea,MATH,already_in,
math-hidden-zero-three-steps,MATH,already_in,
math-hidden-zero-direct-substitution,MATH,already_in,
math-hidden-zero-exp-log-conversion,MATH,already_in,
math-hidden-zero-exp-log-same-structure,MATH,already_in,
math-hidden-zero-whole-substitution,MATH,already_in,
math-inequality-separate-parameter-method,MATH,already_in,
math-inequality-classification-discussion-method,MATH,already_in,
math-necessity-probing-method,MATH,already_in,
math-endpoint-effect-four-types,MATH,already_in,
math-always-true-single-function-extremum,MATH,already_in,
math-always-true-two-function-extremum,MATH,already_in,
math-existence-single-function-extremum,MATH,already_in,
math-existence-two-function-extremum,MATH,already_in,
math-substitution-simplify-repeated-expression,MATH,already_in,
math-second-derivative-concavity-definition,MATH,already_in,
math-construct-function-compare-core,MATH,already_in,
math-construct-compare-difference-same-structure,MATH,already_in,
math-construct-compare-repeated-number,MATH,already_in,
math-inverse-construct-add-subtract,MATH,already_in,
math-inverse-construct-minus-lambda-exp,MATH,already_in,
math-inverse-construct-product-rule,MATH,already_in,
math-inverse-construct-quotient-rule,MATH,already_in,
math-inverse-construct-logarithm-rule,MATH,already_in,
math-inverse-construct-plus-lambda-exp,MATH,already_in,
math-inverse-construct-plus-lambda-power,MATH,already_in,
math-inverse-construct-minus-lambda-power,MATH,already_in,
math-inverse-construct-general-sum-difference,MATH,already_in,
math-isomorphic-definition-purpose,MATH,already_in,
math-isomorphic-three-steps,MATH,already_in,
math-isomorphic-exp-log-identity,MATH,already_in,
math-isomorphic-product-model-xlnx-xex,MATH,already_in,
math-isomorphic-quotient-model-xlnx-eexx,MATH,already_in,
math-isomorphic-sum-difference-model,MATH,already_in,
math-isomorphic-match-product-form,MATH,already_in,
math-isomorphic-match-sum-form,MATH,already_in,
math-two-variable-isomorphic-lambda-combination,MATH,already_in,
math-two-variable-isomorphic-slope-k,MATH,already_in,
math-two-variable-isomorphic-k-over-product,MATH,already_in,
math-fangshuo-ln-le-banfangcha,MATH,already_in,
math-fangshuo-sin-le-x,MATH,already_in,
math-fangshuo-cos-ge-1-jian-erfenzhix2,MATH,already_in,
math-fangshuo-x-xiao-yu-tan,MATH,already_in,
math-fangshuo-jietida-xianzhengming,MATH,already_in,
math-fangshuo-qianyiwen-jieyong,MATH,already_in,
math-fangshuo-bimian-guodufangshuo,MATH,already_in,
math-fangshuo-yanzheng-denghao-noufou,MATH,already_in,
math-duobianliang-xian-huadanbianliang,MATH,already_in,
math-shuangbiangliang-tonggoufa,MATH,already_in,
math-huanyuanfa-duichen-qicilihua,MATH,already_in,
math-xiaoyuanfa-dengliangguanxi,MATH,already_in,
math-zhuyuanfa-zhuyuan-ciyuan,MATH,already_in,
math-jizhidian-bupianyi-dengjia,MATH,already_in,
math-jizhidian-pianyi-panding,MATH,already_in,
math-jizhidian-shewen-zhihe,MATH,already_in,
math-jizhidian-shewen-ji,MATH,already_in,
math-jizhidian-shewen-daoshuzhi,MATH,already_in,
math-duichenhua-gouzaofa,MATH,already_in,
math-bizhi-chazhi-huanyuanfa,MATH,already_in,
math-duishujunzhi-fa-shiyong-changjing,MATH,already_in,
math-zhengti-huanyuan-t-deng-exchux,MATH,already_in,
math-duichen-gouzao-sibuzhou,MATH,already_in,
math-aotu-fanzhuan-chaifen,MATH,already_in,
math-lingdianji-tigan-tezheng-shibie,MATH,already_in,
math-bizhi-huanyuan-sanbuzhou,MATH,already_in,
math-duishu-junzhi-budengshi,MATH,already_in,
math-luobida-faze,MATH,already_in,
math-luobida-shiyong-bianjie,MATH,already_in,
math-tubian-pingyi-buliang-bubian,MATH,already_in,
math-tubian-hengxiang-shensuo-zuizhi,MATH,already_in,
math-tubian-zongxiang-shensuo-bubian,MATH,already_in,
math-tubian-bianhuan-zuoyong-zai-x,MATH,already_in,
math-sanjiao-hua-biaozhunxing-shi,MATH,already_in,
math-sanjiao-omega-baochi-zheng,MATH,already_in,
math-sin-cos-xing-dantiao-panding,MATH,already_in,
math-tan-xing-dantiao-fenduan,MATH,already_in,
math-asin-qiou-xing-panding,MATH,already_in,
math-acos-qiou-xing-panding,MATH,already_in,
math-atan-qiou-xing-panding,MATH,already_in,
math-sin-cos-xing-zhouqi-gongshi,MATH,already_in,
math-atan-xing-zhouqi-gongshi,MATH,already_in,
math-asin-duichen-xing-gongshi,MATH,already_in,
math-acos-duichen-xing-gongshi,MATH,already_in,
math-atan-duichen-zhongxin,MATH,already_in,
math-lingdian-shengjiang-fenlei-dairu,MATH,already_in,
math-shuiping-jiange-zhengyuxian-xing,MATH,already_in,
math-shuiping-jiange-zhengqie-xing,MATH,already_in,
math-jizhidian-lingdian-yu-duichen-xiangduiying,MATH,already_in,
math-omega-dantiao-siyu1-chubu-gusuan,MATH,already_in,
math-omega-dantiao-siyu2-zhengti-fa,MATH,already_in,
math-teshudian-geshu-wenti-tongyi,MATH,already_in,
math-teshudian-siyu1-zhuanhua-dao-x,MATH,already_in,
math-teshudian-siyu2-zhuanhua-dao-t,MATH,already_in,
math-omega-fanwei-qijian-kaibi,MATH,already_in,
math-bianjiao-huhua-zongsixiang,MATH,already_in,
math-bian-qici-zhengxian-huaweijiao,MATH,already_in,
math-jiao-zhengxian-qici-huaweibian,MATH,already_in,
math-jiao-yuxian-yuxian-dingli-huabian,MATH,already_in,
math-a2b2jian-c2-xingshi-huaweijiao,MATH,already_in,
math-neijiaohe-zhengxian-hu-shihua,MATH,already_in,
math-neijiaohe-yuxian-hu-shihua,MATH,already_in,
math-jie-sanjiaoxing-zuizhi-zhuanbian,MATH,already_in,
math-jie-sanjiaoxing-zuizhi-zhuanjiao,MATH,already_in,
math-sanjiaoxing-liangbianzhihe-dayu-disanbian,MATH,already_in,
math-jibennliang-biaoshi-hou-cha-fanwei,MATH,already_in,
math-shuliangji-jidifa,MATH,already_in,
math-shuliangji-jianxifa,MATH,already_in,
math-shuliangji-touyingfa,MATH,already_in,
math-jihua-hengdengshi-gongshi,MATH,already_in,
math-shuliangji-jihua-hengdengshi-fa,MATH,already_in,
math-fushu-dian-xiangliang-sanzhe-duiying,MATH,already_in,
math-fushu-de-mo-dao-yuandi-juli,MATH,already_in,
math-fushu-chade-mo-biaoshi-liangdian-ju,MATH,already_in,
math-fushu-fangcheng-yuanxing-guiji,MATH,already_in,
math-shulie-tongxiang-gongshifa,MATH,already_in,
math-an-yu-sn-guanxi-qiu-tongxiang,MATH,already_in,
math-leijiafa-qiu-tongxiang,MATH,already_in,
math-leichengfa-qiu-tongxiang,MATH,already_in,
math-gouzao-shulie-type1-dengbi,MATH,already_in,
math-gouzao-shulie-type2-dengcha,MATH,already_in,
math-gouzao-shulie-type3-hunhe-xing,MATH,already_in,
math-daoshu-bianhuan-type1-dengcha,MATH,already_in,
math-daoshu-bianhuan-type2-gouzao,MATH,already_in,
math-daoxu-xiangjiafa,MATH,already_in,
math-cuowei-xiangjianfa,MATH,already_in,
math-liexiang-xiangxiaofa,MATH,already_in,
math-fenzu-qiuhes-fa,MATH,already_in,
math-bingxiang-qiuhes-fa,MATH,already_in,
math-liexiang-gongshi-n-njia-k,MATH,already_in,
math-liexiang-gongshi-4nfang-jian-1,MATH,already_in,
math-liexiang-gongshi-genhao-he,MATH,already_in,
math-liexiang-gongshi-2njian1-genhao,MATH,already_in,
math-liexiang-gongshi-sancheng-ji,MATH,already_in,
math-liexiang-gongshi-2nde-mi,MATH,already_in,
math-liexiang-gongshi-duishu-ln,MATH,already_in,
math-liexiang-gongshi-jiecheng,MATH,already_in,
math-liexiang-gongshi-zhengqie,MATH,already_in,
math-shulie-jiouxiang-wenti-benzhi,MATH,already_in,
math-shulie-fenduan-tongxiang-chuzhi,MATH,divergent,summaryMarkdown;contentMarkdown
math-xianglin-liangxiang-he-gouzao-gexiang-dengcha,MATH,already_in,
math-xianglin-liangxiang-ji-gouzao-gexiang-dengbi,MATH,already_in,
math-han-fuyihao-ditui-jian-geergxiang-guanxi,MATH,already_in,
math-han-fuyihao-dengcha-bingxiang-qiuhes,MATH,already_in,
math-han-fuyihao-dengbi-fenduan-qiuhes,MATH,already_in,
math-han-fuyihao-liexiang-zhengfu-jiaoti,MATH,already_in,
math-shulie-fangshuo-xianqiuhe-houfangshuo,MATH,already_in,
math-shulie-fangshuo-xianfangshuo-houqiuhe,MATH,already_in,
math-shulie-fangshuo-bufen-fangshuo,MATH,already_in,
math-fangshuo-1bijin2-dayu-luixiang,MATH,already_in,
math-fangshuo-1bijin2-xiaoyu-nj1,MATH,already_in,
math-fangshuo-1bijin2-xiaoyu-n2jian1,MATH,already_in,
math-fangshuo-1bijin2-xiaoyu-4nfjian1,MATH,already_in,
math-fangshuo-genhao-n-xiaoyu,MATH,already_in,
math-fangshuo-genhao-n-dayu,MATH,already_in,
math-fangshuo-2ndeming-pingfang,MATH,already_in,
math-fangshuo-1chuyi-2ndejian1,MATH,already_in,
math-fangshuo-dengbi-jiegou-qiuhes,MATH,already_in,
math-fangshuo-dengbi-fenmu-jian-hao-bukao,MATH,already_in,
math-ncifangcha-gongshi,MATH,already_in,
math-yimianzhixian-suochnengjiao-jihefa,MATH,already_in,
math-yimianzhixian-suochnengjiao-xiangliangfa,MATH,already_in,
math-xianmianjiao-jihefa-sheying,MATH,already_in,
math-xianmianjiao-xiangliangfa-gongshi,MATH,already_in,
math-ermianjiao-jihefa-chuichui-fa,MATH,already_in,
math-ermianjiao-xiangliangfa-gongshi,MATH,already_in,
math-yimianzhixian-suochnengjiao-fanwei,MATH,already_in,
math-xianmianjiao-fanwei,MATH,already_in,
math-ermianjiao-fanwei,MATH,already_in,
math-mianmianjiajiao-fanwei,MATH,already_in,
math-dian-dao-zhixian-juli-xiangliang-gongshi,MATH,already_in,
math-dian-dao-pingmian-juli-xiangliang-gongshi,MATH,already_in,
math-dengtijifa-qiu-dianmianjuli,MATH,already_in,
math-xianmian-daopingmian-juli-zhuanhua,MATH,already_in,
math-fangxiangliang-kuaisu-zuo-faxiangliang,MATH,already_in,
math-waijieqiu-buxing-fa-zongsixiang,MATH,already_in,
math-changfangti-waijieqiu-xinz-yu-banjing,MATH,already_in,
math-qiangjiaoxing-simianti-waijieqiu-banjin,MATH,already_in,
math-bienaoxing-simianti-waijieqiu-banjin,MATH,already_in,
math-duideng-simianti-waijieqiu-banjin,MATH,already_in,
math-buxing-wei-yuanzhu-waijieqiu,MATH,already_in,
math-zhengxian-dingli-kuaisu-qiu-dimian-waijieyuan,MATH,already_in,
math-buxing-wei-yuanzhui-waijieqiu,MATH,already_in,
math-yuanzhui-waijieqiu-gougu-fangcheng,MATH,already_in,
math-buxing-wei-yuantai-waijieqiu,MATH,already_in,
math-yuantai-qiuxin-zai-lengtai-nei-fangcheng,MATH,already_in,
math-yuantai-qiuxin-zai-lengtai-wai-fangcheng,MATH,already_in,
math-lengtai-waijieqiu-qiuxin-weizhi,MATH,already_in,
math-neiqieqiu-zhoujiemian-fa,MATH,already_in,
math-yuanzhu-neiqieqiu-cunzai-tiaojian,MATH,already_in,
math-yuanzhui-neiqieqiu-banjing-gongshi,MATH,already_in,
math-yuantai-neiqieqiu-banjing-gongshi,MATH,already_in,
math-regular-prism-insphere-axis-section,MATH,already_in,
math-regular-pyramid-insphere-similar-triangle,MATH,already_in,
math-regular-octahedron-insphere-axis-section,MATH,already_in,
math-sphere-tangency-axis-section-method,MATH,already_in,
math-folding-identify-variable-invariant,MATH,already_in,
math-folding-same-side-relations-invariant,MATH,already_in,
math-folding-plane-vs-solid-processing,MATH,already_in,
math-folding-target-quantities-after-fold,MATH,already_in,
math-space-dynamic-special-position-method,MATH,already_in,
math-space-dynamic-geometric-method,MATH,already_in,
math-space-dynamic-invariant-proof-paths,MATH,already_in,
math-space-dynamic-coordinate-method,MATH,already_in,
math-space-dynamic-definition-method,MATH,already_in,
math-equal-volume-transform,MATH,already_in,
math-unfold-polyline-to-straight-shortest,MATH,already_in,
math-sphere-plane-intersection-circle,MATH,already_in,
math-sphere-section-track-completeness,MATH,already_in,
math-circle-tangent-count-by-point-position,MATH,already_in,
math-tangent-line-algebra-method-delta,MATH,already_in,
math-tangent-line-geometric-method-distance,MATH,already_in,
math-tangent-missing-slope-undefined-check,MATH,already_in,
math-tangent-at-point-unit-circle-formula,MATH,already_in,
math-tangent-at-point-shifted-circle-formula,MATH,already_in,
math-chord-of-contact-unit-circle,MATH,already_in,
math-chord-of-contact-shifted-circle,MATH,already_in,
math-tangent-length-right-triangle,MATH,already_in,
math-common-tangent-count-table,MATH,already_in,
math-common-tangent-algebra-method,MATH,already_in,
math-common-tangent-geometric-method,MATH,already_in,
math-external-tangent-subtract-equations,MATH,already_in,
math-two-lines-angle-tangent-formula,MATH,already_in,
math-set-line-x-plus-by-plus-c-form,MATH,already_in,
math-point-inside-circle-distance-extremes,MATH,already_in,
math-point-outside-circle-distance-extremes,MATH,already_in,
math-point-on-circle-to-line-distance-extremes,MATH,already_in,
math-chord-through-inner-point-extremes,MATH,already_in,
math-algebraic-fraction-to-slope,MATH,already_in,
math-algebraic-distance-squared-transform,MATH,already_in,
math-algebraic-linear-to-intercept,MATH,already_in,
math-eccentricity-method-equation-system,MATH,already_in,
math-ellipse-e-and-b-over-a,MATH,already_in,
math-hyperbola-e-and-b-over-a,MATH,already_in,
math-eccentricity-homogeneous-equation,MATH,already_in,
math-eccentricity-range-plane-inequalities,MATH,already_in,
math-eccentricity-range-curve-properties,MATH,already_in,
math-hyperbola-focal-chord-shortest,MATH,already_in,
math-ellipse-max-angle-at-vertex,MATH,already_in,
math-ellipse-focal-triangle-perimeter,MATH,already_in,
math-hyperbola-focal-triangle-perimeter,MATH,already_in,
math-ellipse-focal-triangle-r1r2,MATH,already_in,
math-hyperbola-focal-triangle-r1r2,MATH,already_in,
math-ellipse-focal-triangle-area,MATH,already_in,
math-hyperbola-focal-triangle-area,MATH,already_in,
math-ellipse-focal-triangle-incircle,MATH,already_in,
math-hyperbola-focal-triangle-incircle-center,MATH,already_in,
math-conic-second-definition,MATH,already_in,
math-focus-directrix-correspondence,MATH,already_in,
math-ellipse-focal-radius-formula,MATH,already_in,
math-hyperbola-focal-radius-formula,MATH,already_in,
math-ellipse-focal-chord-formula,MATH,already_in,
math-hyperbola-focal-chord-formula,MATH,already_in,
math-conic-latus-rectum-length,MATH,already_in,
math-parabola-focal-radius-x-plus-p-half,MATH,already_in,
math-parabola-focal-radius-angle-form,MATH,already_in,
math-parabola-focal-chord-length,MATH,already_in,
math-parabola-focal-chord-x1x2-fixed,MATH,already_in,
math-parabola-focal-chord-y1y2-fixed,MATH,already_in,
math-parabola-focal-chord-reciprocal-fixed,MATH,already_in,
math-parabola-oab-area-formula,MATH,already_in,
math-parabola-ab-diameter-circle-tangent-mn,MATH,already_in,
math-parabola-mn-diameter-circle-tangent-ab,MATH,already_in,
math-parabola-focal-radius-circle-tangent-yaxis,MATH,already_in,
math-conic-third-definition,MATH,already_in,
math-third-definition-ellipse-slope-product,MATH,already_in,
math-third-definition-hyperbola-slope-product,MATH,already_in,
math-point-difference-method,MATH,already_in,
math-midpoint-chord-slope-product-ellipse,MATH,already_in,
math-midpoint-chord-slope-product-hyperbola,MATH,already_in,
math-midpoint-chord-slope-parabola,MATH,already_in,
math-point-difference-verify-intersections,MATH,already_in,
math-midpoint-chord-line-slope-ellipse,MATH,already_in,
math-midpoint-chord-line-slope-hyperbola,MATH,already_in,
math-set-without-solving-idea,MATH,already_in,
math-symmetric-expression-vieta-substitution,MATH,already_in,
math-asymmetric-fitting-half-substitution,MATH,already_in,
math-asymmetric-sum-product-transform,MATH,already_in,
math-asymmetric-curve-substitution,MATH,already_in,
math-guess-then-prove-fixed-point,MATH,already_in,
math-set-line-x-equals-my-plus-n,MATH,already_in,
math-isomorphic-two-point-coordinate,MATH,already_in,
math-isomorphic-vieta-roots,MATH,already_in,
math-isomorphic-similar-computation,MATH,already_in,
math-translation-homogenization,MATH,already_in,
math-restricted-count-three-approaches,MATH,already_in,
math-bundling-method,MATH,already_in,
math-insertion-space-method,MATH,already_in,
math-insert-space-count-formula,MATH,already_in,
math-fixed-order-divide-method,MATH,already_in,
math-fixed-order-select-positions-method,MATH,already_in,
math-divider-method-preconditions,MATH,already_in,
math-divider-direct-method,MATH,already_in,
math-divider-add-element-method,MATH,already_in,
math-divider-preallocation-method,MATH,already_in,
math-uniform-grouping-formula,MATH,already_in,
math-nonuniform-grouping-formula,MATH,already_in,
math-partial-uniform-grouping-formula,MATH,already_in,
math-group-then-assign-principle,MATH,already_in,
math-binomial-coefficient-sum-2n,MATH,already_in,
math-binomial-odd-even-coefficient-sum,MATH,already_in,
math-expansion-coefficient-sum-substitute-one,MATH,already_in,
math-expansion-odd-even-coefficient-f1-f-1,MATH,already_in,
math-binomial-coefficient-max-even-n,MATH,already_in,
math-binomial-coefficient-max-odd-n,MATH,already_in,
math-expansion-coefficient-max-adjacent-compare,MATH,already_in,
math-expansion-coefficient-max-absolute-compare,MATH,already_in,
math-conditional-probability-formula,MATH,already_in,
math-conditional-probability-formula-method,MATH,already_in,
math-conditional-probability-shrink-sample-method,MATH,already_in,
math-multiplication-formula-probability,MATH,already_in,
math-total-probability-formula,MATH,already_in,
math-bayes-formula,MATH,already_in,
math-hypergeometric-distribution-model,MATH,already_in,
math-hypergeometric-probability-formula,MATH,already_in,
math-hypergeometric-expectation-variance,MATH,already_in,
math-binomial-distribution-model,MATH,already_in,
math-binomial-probability-formula,MATH,already_in,
math-binomial-expectation-variance,MATH,already_in,
math-normal-distribution-symmetry-properties,MATH,already_in,
math-normal-interval-probability-operations,MATH,already_in,
math-3-sigma-rule,MATH,already_in,
math-probability-sequence-recurrence-method,MATH,already_in,
math-normal-curve-above-axis-area-one,MATH,already_in,
math-normal-variance-controls-shape,MATH,already_in,
math-normal-curve-unimodal-symmetric,MATH,already_in,
math-insphere-center-on-perpendicular-at-tangency,MATH,already_in,
math-insphere-center-equidistant-to-faces,MATH,already_in,
math-ellipse-focal-triangle-max-area,MATH,already_in,
math-tangent-perpendicular-to-radius-at-point,MATH,already_in,
math-tangent-angle-bisector-property,MATH,already_in,
math-eccentricity-range-same-as-value-essence,MATH,already_in,
math-translation-homogenization-scope,MATH,already_in,
math-nonoriented-assignment-multiply-permutation,MATH,already_in,
math-binomial-coefficients-monotonic-symmetric,MATH,already_in,
math-hypergeometric-solution-steps,MATH,already_in,
math-binomial-solution-steps,MATH,already_in,
math-focal-triangle-eccentricity-ellipse,MATH,already_in,
math-focal-triangle-eccentricity-hyperbola,MATH,already_in,
math-common-tangent-vertical-check,MATH,already_in,
math-ellipse-focal-radius-range,MATH,already_in,
math-hyperbola-focal-radius-range,MATH,already_in,
math-kb-set-element-three-properties,MATH,already_in,
math-kb-set-representation-methods,MATH,already_in,
math-kb-common-number-sets-notation,MATH,already_in,
math-kb-subset-and-proper-subset,MATH,already_in,
math-kb-empty-set-subset-property,MATH,already_in,
math-kb-union-intersection-complement-definition,MATH,already_in,
math-kb-union-intersection-properties,MATH,already_in,
math-kb-complement-operations-de-morgan,MATH,already_in,
math-kb-sufficient-necessary-condition,MATH,already_in,
math-kb-necessary-sufficient-iff,MATH,already_in,
math-kb-quantifier-universal-existential,MATH,already_in,
math-kb-negation-of-quantified-proposition,MATH,already_in,
math-kb-negation-of-common-words,MATH,already_in,
math-kb-subset-count-formula,MATH,already_in,
math-kb-set-relation-judgment-methods,MATH,already_in,
math-kb-venn-diagram-for-set-operations,MATH,already_in,
math-kb-condition-to-set-containment,MATH,already_in,
math-kb-dual-variable-quantifier-value-range,MATH,already_in,
math-kb-inequality-basic-properties,MATH,divergent,contentMarkdown
math-kb-inequality-multiply-negative-flip,MATH,already_in,
math-kb-inequality-same-direction-multiply,MATH,divergent,contentMarkdown
math-kb-three-quadratics-relation,MATH,already_in,
math-kb-quadratic-inequality-solving-steps,MATH,already_in,
math-kb-important-inequality-squares,MATH,already_in,
math-kb-basic-inequality-am-gm,MATH,already_in,
math-kb-am-gm-extremum-principle,MATH,already_in,
math-kb-unit-substitution-method,MATH,already_in,
math-kb-parameter-separation-for-inequality,MATH,already_in,
math-kb-parametric-quadratic-inequality-discussion,MATH,already_in,
math-kb-difference-quotient-comparison,MATH,already_in,
math-kb-fractional-inequality-transform,MATH,already_in,
math-kb-sequence-as-function,MATH,already_in,
math-kb-sequence-recursive-formula,MATH,already_in,
math-kb-arithmetic-sequence-definition,MATH,already_in,
math-kb-arithmetic-mean-term,MATH,divergent,contentMarkdown
math-kb-arithmetic-general-term,MATH,already_in,
math-kb-arithmetic-sum-formula,MATH,already_in,
math-kb-arithmetic-subscript-sum-property,MATH,already_in,
math-kb-arithmetic-operation-subsequence-property,MATH,already_in,
math-kb-arithmetic-sum-blocks,MATH,already_in,
math-kb-arithmetic-odd-even-sum,MATH,already_in,
math-kb-arithmetic-sum-ratio-of-terms,MATH,already_in,
math-kb-arithmetic-sum-extremum,MATH,already_in,
math-kb-geometric-sequence-definition,MATH,already_in,
math-kb-geometric-mean-term,MATH,already_in,
math-kb-geometric-general-term,MATH,already_in,
math-kb-geometric-sum-formula,MATH,already_in,
math-kb-geometric-subscript-sum-property,MATH,already_in,
math-kb-geometric-subsequence-property,MATH,already_in,
math-kb-geometric-sum-blocks,MATH,already_in,
math-kb-geometric-odd-even-sum,MATH,already_in,
math-kb-geometric-sum-structure,MATH,already_in,
math-kb-arithmetic-proof-methods,MATH,already_in,
math-kb-geometric-proof-methods,MATH,already_in,
math-kb-sequence-monotonic-extremum-function-view,MATH,already_in,
math-kb-periodic-sequence-method,MATH,already_in,
math-kb-new-context-sequence-model,MATH,already_in,
math-kb-function-definition-elements,MATH,already_in,
math-kb-piecewise-function-basics,MATH,already_in,
math-kb-function-domain-rules,MATH,already_in,
math-kb-composite-function-domain-rule,MATH,already_in,
math-kb-analytic-expression-methods,MATH,already_in,
math-kb-monotonicity-definition,MATH,already_in,
math-kb-monotonic-interval-writing,MATH,already_in,
math-kb-composite-monotonic-rule,MATH,already_in,
math-kb-monotonic-operation-properties,MATH,already_in,
math-kb-odd-even-definition,MATH,already_in,
math-kb-parity-domain-symmetric-precondition,MATH,already_in,
math-kb-odd-even-monotonic-symmetric-intervals,MATH,already_in,
math-kb-periodic-function-definition,MATH,already_in,
math-kb-function-symmetry-axis-point,MATH,already_in,
math-kb-parity-symmetry-period-triangle,MATH,already_in,
math-kb-function-range-methods,MATH,already_in,
math-kb-abstract-function-assignment,MATH,already_in,
math-kb-common-parity-function-types,MATH,already_in,
math-kb-derivative-definition-limit,MATH,already_in,
math-kb-derivative-geometric-meaning,MATH,already_in,
math-kb-derivative-power-rule,MATH,already_in,
math-kb-derivative-exp-log-formulas,MATH,already_in,
math-kb-derivative-trig-formulas,MATH,already_in,
math-kb-derivative-sum-difference-rule,MATH,already_in,
math-kb-derivative-product-rule,MATH,already_in,
math-kb-derivative-quotient-rule,MATH,already_in,
math-kb-chain-rule-composite-derivative,MATH,already_in,
math-kb-derivative-monotonic-relation,MATH,already_in,
math-kb-derivative-monotonic-iff-condition,MATH,already_in,
math-kb-derivative-monotonic-interval-steps,MATH,already_in,
math-kb-extremum-sign-change-criterion,MATH,already_in,
math-kb-zero-derivative-not-enough-extremum,MATH,already_in,
math-kb-closed-interval-max-min-method,MATH,already_in,
math-kb-tangent-at-point-steps,MATH,already_in,
math-kb-tangent-through-point-steps,MATH,already_in,
math-kb-common-tangent-two-curves,MATH,already_in,
math-kb-monotonic-parameter-transform,MATH,already_in,
math-kb-derivative-construct-function,MATH,already_in,
math-kb-hidden-zero-method,MATH,already_in,
math-kb-extreme-point-shift-method,MATH,already_in,
math-kb-zero-point-count-with-derivative,MATH,already_in,
math-kb-multi-tangent-lines-condition,MATH,already_in,
math-kb-an-from-sn-formula,MATH,already_in,
math-kb-sn-to-an-steps,MATH,already_in,
math-kb-accumulation-addition-method,MATH,already_in,
math-kb-accumulation-multiplication-method,MATH,already_in,
math-kb-construct-geometric-sequence-method,MATH,already_in,
math-kb-reciprocal-method,MATH,already_in,
math-kb-characteristic-root-fixed-point,MATH,already_in,
math-kb-grouping-sum-method,MATH,already_in,
math-kb-merge-terms-sum-method,MATH,already_in,
math-kb-reverse-order-addition,MATH,already_in,
math-kb-telescoping-sum-method,MATH,already_in,
math-kb-telescoping-residual-rule,MATH,already_in,
math-kb-shift-subtract-method,MATH,already_in,
math-kb-fibonacci-sequence-properties,MATH,already_in,
math-kb-common-terms-two-sequences,MATH,already_in,
math-kb-polyhedron-structure-features,MATH,already_in,
math-kb-rotation-body-features,MATH,already_in,
math-kb-regular-prism-pyramid-definitions,MATH,already_in,
math-kb-oblique-projection-drawing-rules,MATH,already_in,
math-kb-oblique-projection-area-relation,MATH,already_in,
math-kb-prism-cylinder-volume,MATH,already_in,
math-kb-pyramid-cone-volume,MATH,already_in,
math-kb-frustum-volume,MATH,already_in,
math-kb-sphere-area-volume,MATH,already_in,
math-kb-cone-cylinder-lateral-area,MATH,already_in,
math-kb-cube-sphere-three-radii,MATH,already_in,
math-kb-box-circumsphere-radius,MATH,already_in,
math-kb-regular-tetrahedron-sphere-radii,MATH,already_in,
math-kb-sphere-section-relation,MATH,already_in,
math-kb-circumsphere-by-rectangularization,MATH,already_in,
math-kb-right-prism-circumsphere-formula,MATH,already_in,
math-kb-sphere-tangent-circumscribed-three-steps,MATH,already_in,
math-kb-axiom-line-in-plane,MATH,already_in,
math-kb-axiom-determine-plane,MATH,already_in,
math-kb-axiom-two-planes-common-line,MATH,already_in,
math-kb-axiom-parallel-transitivity,MATH,already_in,
math-kb-equal-angle-theorem-space,MATH,already_in,
math-kb-skew-lines-definition-angle-range,MATH,already_in,
math-kb-line-plane-position-relations,MATH,already_in,
math-kb-line-plane-parallel-criterion,MATH,already_in,
math-kb-line-plane-parallel-property,MATH,already_in,
math-kb-plane-plane-parallel-criterion,MATH,already_in,
math-kb-plane-plane-parallel-property,MATH,already_in,
math-kb-line-plane-perp-criterion,MATH,already_in,
math-kb-line-plane-perp-property,MATH,already_in,
math-kb-plane-plane-perp-criterion,MATH,already_in,
math-kb-plane-plane-perp-property,MATH,already_in,
math-kb-perpendicular-useful-conclusions,MATH,already_in,
math-kb-dihedral-angle-and-plane-angle,MATH,already_in,
math-kb-line-plane-angle-definition-range,MATH,already_in,
math-kb-unfold-shortest-distance,MATH,already_in,
math-kb-section-drawing-methods,MATH,already_in,
math-kb-volume-equivalent-method,MATH,already_in,
math-kb-projection-method-line-plane-angle,MATH,already_in,
math-kb-dihedral-plane-angle-methods,MATH,already_in,
math-kb-projection-area-method-dihedral,MATH,already_in,
math-kb-space-distance-transform,MATH,already_in,
math-kb-space-collinear-vector-theorem,MATH,already_in,
math-kb-space-coplanar-vector-theorem,MATH,already_in,
math-kb-space-vector-fundamental-theorem,MATH,already_in,
math-kb-space-dot-product-coordinate,MATH,already_in,
math-kb-vector-parallel-vertical-coordinate,MATH,already_in,
math-kb-dot-product-sign-angle-relation,MATH,already_in,
math-kb-zero-vector-properties,MATH,already_in,
math-kb-direction-and-normal-vector,MATH,already_in,
math-kb-normal-vector-finding,MATH,already_in,
math-kb-vector-representation-parallel-vertical,MATH,already_in,
math-kb-vector-skew-line-angle,MATH,already_in,
math-kb-vector-line-plane-angle,MATH,already_in,
math-kb-vector-dihedral-angle,MATH,already_in,
math-kb-vector-point-plane-distance,MATH,already_in,
math-kb-vector-point-line-distance,MATH,already_in,
math-kb-three-points-collinear-vector-representation,MATH,already_in,
math-kb-four-points-coplanar-vector-representation,MATH,already_in,
math-kb-coordinate-system-setup-principle,MATH,already_in,
math-kb-vector-exploration-existence,MATH,already_in,
math-kb-vector-extremum-range-methods,MATH,already_in,
math-kb-angle-vs-vector-angle-range-note,MATH,already_in,
math-hj-jihe-yuansu-gainian,MATH,already_in,
math-hj-jihe-fenlei-youxian-wuxian,MATH,already_in,
math-hj-jihe-yuansu-santexing,MATH,already_in,
math-hj-yuansu-yu-jihe-shuyu,MATH,divergent,summaryMarkdown;contentMarkdown
math-hj-jihe-biaoshifangfa,MATH,already_in,
math-hj-jufafa-shiyong-guize,MATH,already_in,
math-hj-miaoshufa-geshi,MATH,already_in,
math-hj-changjian-shuji-jihao,MATH,divergent,boundaryMarkdown
math-hj-qujian-biaoshi-fa,MATH,already_in,
math-hj-huyiyi-qiu-can-jianyan,MATH,already_in,
math-hj-ziji-dingyi,MATH,already_in,
math-hj-zhenziji-dingyi,MATH,divergent,contentMarkdown
math-hj-jihe-xiangdeng-panding,MATH,already_in,
math-hj-kongji-xingzhi,MATH,already_in,
math-hj-ziji-geshu-gongshi,MATH,already_in,
math-hj-panding-jihexiangdeng-c,MATH,already_in,
math-hj-jiaoji-dingyi,MATH,already_in,
math-hj-bingji-dingyi,MATH,already_in,
math-hj-buji-dingyi,MATH,divergent,contentMarkdown
math-hj-jiaobingbu-yunsuan-xingzhi,MATH,already_in,
math-hj-demogan-lv,MATH,already_in,
math-hj-baohan-yu-jiaobing-dengjia,MATH,already_in,
math-hj-mingti-dingyi,MATH,already_in,
math-hj-mingti-zhenjia-panding,MATH,already_in,
math-hj-mingti-jiegou-ruop-zeq,MATH,already_in,
math-hj-gongli-dingli-dingyi,MATH,already_in,
math-hj-chongfen-biyao-tiaojian,MATH,already_in,
math-hj-chongyao-tiaojian,MATH,already_in,
math-hj-liangci-quancheng-cunzai,MATH,divergent,contentMarkdown
math-hj-liangci-mingti-fouding,MATH,divergent,contentMarkdown
math-hj-liangci-zhenjia-panding,MATH,already_in,
math-hj-jiben-budengshi,MATH,divergent,summaryMarkdown;contentMarkdown
math-hj-pingfang-budengshi,MATH,divergent,contentMarkdown
math-hj-budengshi-lian,MATH,already_in,
math-hj-junzhi-dingli,MATH,divergent,contentMarkdown
math-hj-junzhi-qiu-zuizhi-moxing,MATH,divergent,contentMarkdown
math-hj-budengshi-yicuo-dengbu,MATH,already_in,
math-hj-xiangliang-dingyi,MATH,already_in,
math-hj-teshu-xiangliang,MATH,already_in,
math-hj-pingxing-gongxian-xiangliang,MATH,already_in,
math-hj-xiangdeng-xiangfan-xiangliang,MATH,already_in,
math-hj-gongxian-xiangliang-yicuo,MATH,divergent,contentMarkdown
math-hj-sanjiaoxing-faze-jiafa,MATH,already_in,
math-hj-sanjiaoxing-faze-jianfa,MATH,already_in,
math-hj-pingxing-sibianxing-faze,MATH,already_in,
math-hj-shucheng-yunsuan,MATH,divergent,summaryMarkdown;contentMarkdown
math-hj-xiangliang-jiajiao,MATH,divergent,summaryMarkdown;contentMarkdown
math-hj-shuliangji-dingyi,MATH,divergent,summaryMarkdown;contentMarkdown
math-hj-shuliangji-yunsuanlv,MATH,divergent,contentMarkdown;boundaryMarkdown
math-hj-shuliangji-xingzhi,MATH,divergent,contentMarkdown
math-hj-touying-xiangliang,MATH,divergent,summaryMarkdown;contentMarkdown
math-hj-zuobiao-biaoshi-xiangliang,MATH,divergent,summaryMarkdown;contentMarkdown
math-hj-zhongdian-jian-qidian,MATH,already_in,
math-hj-zuobiao-jiajian-shucheng,MATH,divergent,contentMarkdown
math-hj-zuobiao-shuliangji-mo,MATH,divergent,summaryMarkdown;contentMarkdown
math-hj-zuobiao-gongxian-tiaojian,MATH,divergent,contentMarkdown
math-hj-zhengxian-hanshu-tuxiang-wudian,MATH,divergent,summaryMarkdown;contentMarkdown;boundaryMarkdown
math-hj-zhengxian-hanshu-xingzhi,MATH,divergent,contentMarkdown;boundaryMarkdown
math-hj-zhengxinglei-zhouqi,MATH,divergent,summaryMarkdown;contentMarkdown;boundaryMarkdown
math-hj-yuxian-hanshu-xingzhi,MATH,already_in,
math-hj-sanjiaohanshu-xingzhi-panding,MATH,divergent,summaryMarkdown;contentMarkdown;applicabilityMarkdown
math-hj-zhengxian-dingli,MATH,divergent,summaryMarkdown;contentMarkdown
math-hj-sanjiaoxing-mianji-gongshi,MATH,divergent,summaryMarkdown;contentMarkdown
math-hj-bianjiao-huhua-celue,MATH,already_in,
math-hj-dabian-duidajiao,MATH,already_in,
math-hj-neijiaohe-bianxing,MATH,divergent,contentMarkdown
math-hj-sheying-dingli,MATH,divergent,contentMarkdown
math-hj-yuxian-dingli,MATH,divergent,contentMarkdown
math-hj-yuxian-dingli-bianxing,MATH,divergent,summaryMarkdown;contentMarkdown
math-hj-yuxian-panduan-xingzhuang,MATH,already_in,
math-hj-dengcha-shulie-dingyi,MATH,already_in,
math-hj-dengcha-tongxiang,MATH,already_in,
math-hj-dengcha-zhongxiang,MATH,already_in,
math-hj-dengcha-qianxianghe,MATH,divergent,summaryMarkdown;contentMarkdown
math-hj-dengbi-shulie-dingyi,MATH,divergent,contentMarkdown
math-hj-dengbi-tongxiang,MATH,divergent,contentMarkdown
math-hj-dengbi-zhongxiang,MATH,already_in,
math-hj-dengbi-qianxianghe,MATH,divergent,summaryMarkdown;contentMarkdown
math-hj-dengbi-Sn-fenduan-taolun,MATH,missing,
math-hj-shulie-qiannxianghe-gongshi-fa,MATH,divergent,contentMarkdown
math-hj-shulie-lieixiang-xiaoguan,MATH,divergent,contentMarkdown;applicabilityMarkdown
math-hj-shulie-cuowei-xiangjian,MATH,already_in,
math-hj-shulie-daoxu-xiangjia,MATH,already_in,
math-hj-shulie-fenzu-qiughe,MATH,already_in,
math-hj-zuocha-fa-bijiao,MATH,divergent,contentMarkdown
math-hj-budengshi-xingzhi,MATH,already_in,
math-hj-fenshi-budengshi-xingzhi,MATH,divergent,summaryMarkdown;contentMarkdown
math-hj-budengshi-zhengming-fangfa,MATH,already_in,
math-hj-jiben-budengshi-xingshi-xuanze,MATH,divergent,summaryMarkdown;contentMarkdown
math-hj-duoci-shiyong-qudeng-yizhi,MATH,already_in,
math-hj-yiyuanerci-budengshi-jiefa,MATH,already_in,
math-hj-erxinglei-budengshi-jiefa,MATH,divergent,contentMarkdown
math-hj-fenshi-budengshi-jiefa,MATH,divergent,summaryMarkdown;contentMarkdown
math-hj-jueduizhi-budengshi-jiefa,MATH,already_in,
math-hj-erci-budengshi-lingjie-taolun,MATH,already_in,
math-hj-erci-budengshi-hengchengli-tiaojian,MATH,already_in,
math-hj-xierce-huafa,MATH,divergent,contentMarkdown
math-hj-zhitu-guyuan-mianji,MATH,divergent,summaryMarkdown;contentMarkdown
math-hj-cesmian-zhankaice-simianji,MATH,already_in,
math-hj-zugeng-yuanli,MATH,already_in,
math-hj-zhuitai-mianji-tiji-gongshi,MATH,divergent,summaryMarkdown;contentMarkdown
math-hj-waijieqiu-changyong-moxing,MATH,already_in,
math-hj-neiqieqiu-r,MATH,divergent,summaryMarkdown;contentMarkdown
math-hj-qieqie-zhoujiemian-fa,MATH,already_in,
math-hj-pingmian-jiben-shishi,MATH,already_in,
math-hj-kongjian-weihi-guanxi,MATH,already_in,
math-hj-jiben-shishi4-dengjiao,MATH,already_in,
math-hj-yimian-zhixian-jiao,MATH,divergent,summaryMarkdown;contentMarkdown
math-hj-yimian-yijiao-buyi-cuo,MATH,divergent,boundaryMarkdown
math-hj-xianmian-pingxing-panding,MATH,divergent,contentMarkdown
math-hj-xianmian-pingxing-xingzhi,MATH,divergent,contentMarkdown
math-hj-mianmian-pingxing-panding,MATH,divergent,contentMarkdown
math-hj-mianmian-pingxing-xingzhi,MATH,divergent,contentMarkdown
math-hj-san-zhong-pingxing-zhuanhua,MATH,already_in,
math-hj-pingxing-changyong-jielun,MATH,already_in,
math-hj-zhedie-wenti-fangfa,MATH,already_in,
math-hj-tansuoxing-wenti-fangfa,MATH,already_in,
math-hj-xianmian-chuizhi-panding,MATH,divergent,contentMarkdown
math-hj-xianmian-chuizhi-xingzhi,MATH,divergent,contentMarkdown
math-hj-xianmian-jiao-dingyi,MATH,divergent,summaryMarkdown;contentMarkdown
math-hj-ermianjiao-pingmianjiao,MATH,divergent,contentMarkdown
math-hj-mianmian-chuizhi-panding,MATH,divergent,contentMarkdown
math-hj-sanchuixian-dingli,MATH,already_in,
math-hj-gongxian-gongmian-xiangliang-dingli,MATH,divergent,summaryMarkdown;contentMarkdown
math-hj-kongjian-xiangliang-jiben-dingli,MATH,divergent,contentMarkdown
math-hj-fangxiang-xiangliang-faxiangliang,MATH,divergent,contentMarkdown
math-hj-kongjian-weihi-xiangliang-biaoshi,MATH,divergent,contentMarkdown
math-hj-faxiangliang-qiufa,MATH,divergent,summaryMarkdown;contentMarkdown
math-hj-yimianjiao-xiangliang-fa,MATH,divergent,summaryMarkdown;contentMarkdown;boundaryMarkdown
math-hj-xianmianjiao-xiangliang-fa,MATH,divergent,summaryMarkdown;contentMarkdown
math-hj-liangmianjiao-xiangliang-fa,MATH,divergent,summaryMarkdown;contentMarkdown
math-hj-dian-dao-zhixian-ju,MATH,divergent,summaryMarkdown;contentMarkdown;boundaryMarkdown
math-hj-dian-dao-pingmian-ju,MATH,divergent,summaryMarkdown;contentMarkdown
math-hj-pingxing-ju-chuanhua,MATH,already_in,
math-hj-daoshu-dingyishi,MATH,divergent,summaryMarkdown;contentMarkdown
math-hj-daoshu-jihe-yiyi,MATH,already_in,
math-hj-jiben-hanshu-daoshu-gongshi,MATH,divergent,summaryMarkdown;contentMarkdown
math-hj-daoshu-yunsuan-faze,MATH,divergent,summaryMarkdown;contentMarkdown
math-hj-fuhhe-hanshu-lianshifaze,MATH,already_in,
math-hj-daoshu-qiou-zhouqi-xingzhi,MATH,already_in,
math-hj-qiedian-qiegui-qubie,MATH,already_in,
math-hj-daoshu-tuxiang-bianhualiang,MATH,already_in,
math-hj-daoshu-dandiaoxing-guanxi,MATH,already_in,
math-hj-dandiaoxing-panding-sanzhou,MATH,already_in,
math-hj-dandiaoxing-hengchengli-biyao,MATH,already_in,
math-hj-cunzai-dandiao-qujian-tiaojian,MATH,already_in,
math-hj-canshu-dandiaoxing-taolun,MATH,already_in,
math-hj-jixiaozhi-dingyi,MATH,already_in,
math-hj-daoshu-lingdian-biyao-buchongfen,MATH,already_in,
math-hj-jixiaozhi-gainian-yicuo,MATH,already_in,
math-hj-biqijian-zuizhi-buzhou,MATH,already_in,
math-hj-weiyi-jixiaozhi-ji-zuizhi,MATH,already_in,
math-hj-jixiaozhi-buding-shi-zuizhi,MATH,already_in,
math-hj-fenchli-canshu-hengchengli,MATH,already_in,
math-hj-hengchengli-zuihi-zhuanhua,MATH,already_in,
math-hj-shuangbiangliang-hengchengli,MATH,divergent,contentMarkdown;applicabilityMarkdown
math-hj-lingdian-fenchli-canliang,MATH,already_in,
math-hj-lingdian-hanshu-xingzhi-panfa,MATH,already_in,
math-hj-lingdian-yu-fangchenggen,MATH,already_in,
math-hj-gouzao-hanshu-zuizhi-zhengming,MATH,already_in,
math-hj-gouzao-zhishu-duishu-fenli,MATH,already_in,
math-hj-qiexian-fangshuo,MATH,divergent,contentMarkdown
math-hj-jixiaodian-pianyi-dingyi,MATH,divergent,summaryMarkdown;contentMarkdown
math-hj-jianji-suiji-chouyang,MATH,already_in,
math-hj-fenceng-chouyang,MATH,already_in,
math-hj-fenceng-zong-junzhi-fangcha,MATH,divergent,summaryMarkdown;contentMarkdown
math-hj-pinlv-zhitu-fang-fenbu,MATH,already_in,
math-hj-baifenweishu-dingyi,MATH,divergent,contentMarkdown
math-hj-zhongshu-zhongweishu-pingjunshu,MATH,already_in,
math-hj-biaozhuncha-fangcha-gongshi,MATH,divergent,summaryMarkdown;contentMarkdown
math-hj-fangcha-xianxing-bianhuan,MATH,divergent,contentMarkdown
math-hj-xiangguan-guanxi-fenlei,MATH,already_in,
math-hj-xiangguanxishu-r,MATH,already_in,
math-hj-jingyan-huigui-fangcheng,MATH,divergent,summaryMarkdown;contentMarkdown
math-hj-jueding-xishu-R2,MATH,missing,
math-hj-duiliebiao-chifang-jianyan,MATH,divergent,summaryMarkdown;contentMarkdown
math-hj-miaodianfa-zuotu,MATH,already_in,
math-hj-tuxiang-pingyi-bianhuan,MATH,already_in,
math-hj-tuxiang-duichen-shensuo-bianhuan,MATH,divergent,contentMarkdown
math-hj-lingdian-cunzai-dingli,MATH,already_in,
math-hj-lingdian-xiangguan-jielun,MATH,already_in,
math-hj-hanshu-moxing-zengzhang,MATH,already_in,
math-hj-hanshu-jianmo-yicuo,MATH,already_in,
math-hj-hanshu-gainian-sanyaosu,MATH,already_in,
math-hj-tongyige-hanshu,MATH,already_in,
math-hj-hanshu-biaoshifa-sanlei,MATH,already_in,
math-hj-fenduan-hanshu,MATH,already_in,
math-hj-teshu-hanshu-dingyiyu,MATH,already_in,
math-hj-dandiaoxing-dingyi,MATH,already_in,
math-hj-hanshu-zuizhi-dingyi,MATH,already_in,
math-hj-dandiaoxing-yunsuan-jielun,MATH,already_in,
math-hj-f-yu-fandao-dandiao,MATH,divergent,summaryMarkdown;contentMarkdown
math-hj-qiou-xing-dingyi-panding,MATH,already_in,
math-hj-zhouqi-dingyi,MATH,already_in,
math-hj-qiou-dandiao-guanxi,MATH,already_in,
math-hj-zhouqi-changyong-jielun,MATH,divergent,summaryMarkdown;contentMarkdown
math-hj-duichen-zhou-jingdian,MATH,already_in,
math-hj-liangtuxiang-duichen,MATH,already_in,
math-hj-pingmian-xiangliang-jiben-dingli,MATH,divergent,contentMarkdown
math-hj-jidi-jielun,MATH,divergent,summaryMarkdown;contentMarkdown
math-hj-fuhhe-hanshu-dandiao-tongzengyijian,MATH,already_in,
math-hj-shuliangji-changyong-gongshi,MATH,divergent,summaryMarkdown;contentMarkdown
math-hj-jiajiao-rui-tunjie-yicuo,MATH,divergent,summaryMarkdown;contentMarkdown
math-hj-xiangliang-fa-jihe-sanbu,MATH,already_in,
math-hj-fushu-gainian-fenlei,MATH,already_in,
math-hj-gonge-fushu-mo,MATH,divergent,summaryMarkdown;contentMarkdown
math-hj-fushu-jihe-yiyi-i-cifang,MATH,already_in,
math-hj-qingxiejiao-dingyi,MATH,divergent,contentMarkdown
math-hj-xiehv-dingyi-gongshi,MATH,divergent,summaryMarkdown;contentMarkdown;boundaryMarkdown
math-hj-zhixian-fangcheng-wuzhong,MATH,divergent,contentMarkdown
math-hj-jieju-yixiang-bie,MATH,already_in,
math-hj-liangzhixian-weihi-panding,MATH,already_in,
math-hj-jiaodian-yu-fangchengzu,MATH,already_in,
math-hj-juli-gongshi-sanlei,MATH,divergent,summaryMarkdown;contentMarkdown
math-hj-duichen-dian-changyong-wuzhong,MATH,already_in,
math-hj-shulie-jiouxiang-fenzu,MATH,already_in,
math-hj-shulie-zi-shulie-xingzhi,MATH,already_in,
math-hj-fenlei-jiafa-yuanli,MATH,already_in,
math-hj-fenbu-chengfa-yuanli,MATH,already_in,
math-hj-liang-yuanli-qubie,MATH,already_in,
math-hj-pailie-gainian-shu,MATH,already_in,
math-hj-zuhe-gainian-shu,MATH,divergent,summaryMarkdown;contentMarkdown
math-hj-pailie-zuhe-gongshi-xingzhi,MATH,already_in,
math-hj-pailie-zuhe-shizhong-jiqiao,MATH,already_in,
math-hj-erxiangshi-dingli-tongxiang,MATH,already_in,
math-hj-erxiangshi-xishu-xingzhi,MATH,divergent,contentMarkdown
math-hj-erxiangshi-xishu-he,MATH,already_in,
math-hj-zhankaishi-tedian,MATH,already_in,
math-hj-yangben-kongjian-shijian,MATH,already_in,
math-hj-shijian-guanxi-yunsuan,MATH,divergent,contentMarkdown
math-hj-pinlv-gailv-wendingxing,MATH,already_in,
math-hj-gaillv-jiafa-tuiguang,MATH,already_in,
math-hj-gudai-gaixing-dingyi,MATH,already_in,
math-hj-gudai-gaixing-gongshi,MATH,divergent,summaryMarkdown;contentMarkdown
math-hj-gailv-jiben-xingzhi,MATH,divergent,contentMarkdown
math-hj-xianghu-duili-shijian,MATH,divergent,contentMarkdown
math-hj-tiaojian-gailv,MATH,divergent,summaryMarkdown;contentMarkdown
math-hj-quan-gailv-gongshi,MATH,already_in,
math-hj-lisan-suiji-bianliang,MATH,already_in,
math-hj-shuxue-qiwang-dingyi,MATH,already_in,
math-hj-fangcha-dingyi,MATH,already_in,
math-hj-junzhi-fangcha-xingzhi,MATH,already_in,
math-hj-bonuli-shiyan-erxiang-fenbu,MATH,already_in,
math-hj-liangdian-fenbu,MATH,already_in,
math-hj-chaojihe-fenbu,MATH,divergent,contentMarkdown
math-hj-zhengtai-fenbu,MATH,divergent,contentMarkdown
math-hj-san-fenbu-qubie,MATH,already_in,
math-hj-gailv-tongji-zonghe-silu,MATH,already_in,
math-hj-renyijiao-fenlei-zhongbian,MATH,divergent,contentMarkdown
math-hj-huduzhi-hu-gongshi,MATH,divergent,summaryMarkdown;contentMarkdown;boundaryMarkdown
math-hj-sanjiao-hanshu-dingyi,MATH,divergent,summaryMarkdown;contentMarkdown
math-hj-tongjiao-pingfang-shangshu,MATH,divergent,summaryMarkdown;contentMarkdown
math-hj-zhiyiqiuer,MATH,divergent,summaryMarkdown;contentMarkdown
math-hj-yindao-gongshi-koujue,MATH,divergent,summaryMarkdown;contentMarkdown;boundaryMarkdown
math-hj-hechajiao-gongshi,MATH,divergent,summaryMarkdown;contentMarkdown
math-hj-fuzhujiao-gongshi,MATH,divergent,summaryMarkdown;contentMarkdown;applicabilityMarkdown
math-hj-erbeijiao-gongshi,MATH,divergent,summaryMarkdown;contentMarkdown
math-hj-jiangmi-shengmi-gongshi,MATH,divergent,summaryMarkdown;contentMarkdown
math-hj-banjiao-gongshi,MATH,divergent,summaryMarkdown;contentMarkdown
math-hj-sanjiao-hengdeng-bianhuan-silu,MATH,divergent,contentMarkdown
math-hj-wudianfa-sanzhong-hanshu,MATH,divergent,contentMarkdown;boundaryMarkdown
math-hj-sanjiao-hanshu-xingzhi-biao,MATH,divergent,contentMarkdown
math-hj-sanjiao-duichen-zhouqi-jielun,MATH,divergent,summaryMarkdown;contentMarkdown;boundaryMarkdown
math-hj-wudianfa-zhengxianleixing,MATH,divergent,summaryMarkdown;contentMarkdown
math-hj-zhengxingleixing-liangzhong-bianhuan,MATH,divergent,contentMarkdown
math-hj-zhengxingleixing-gainian,MATH,divergent,summaryMarkdown;contentMarkdown;applicabilityMarkdown
math-hj-sanjiao-canshu-fanwei-silu,MATH,divergent,contentMarkdown
math-hj-jie-sanjiaoxing-jiegeshu-taolun,MATH,already_in,
math-hj-sanjiaoxing-mianji-buchong,MATH,divergent,summaryMarkdown;contentMarkdown
math-hj-jie-sanjiaoxing-shice-yingyong,MATH,already_in,
math-hj-zhongxian-gaoxian-changdu,MATH,divergent,summaryMarkdown;contentMarkdown;boundaryMarkdown
math-hj-jiaopingfenxian-changdu,MATH,divergent,summaryMarkdown;contentMarkdown
math-hj-yangjiao-fujiao,MATH,already_in,
math-hj-fangwei-fangxiang-podu,MATH,already_in,
math-hj-rongchi-yuanli,MATH,already_in,
math-hj-xindifaji-jiheshu,MATH,already_in,
math-hj-Snn-dengcha-dengjia,MATH,missing,
math-hj-daidingshuxi-qiu-fanwei,MATH,already_in,
math-hj-yide-daihuan-fa,MATH,divergent,contentMarkdown
math-hj-hailun-gongshi,MATH,divergent,summaryMarkdown;contentMarkdown
math-hj-dengji-bianhuan-tiji,MATH,divergent,contentMarkdown
math-hj-zhijiao-simianti-waijieqiu,MATH,already_in,
math-hj-jiebi-bi-dingli,MATH,divergent,contentMarkdown
math-hj-buxing-fa-lengzhui,MATH,divergent,contentMarkdown
math-hj-gouzao-xf-f-x,MATH,divergent,summaryMarkdown;contentMarkdown
math-hj-tonggou-bianxing,MATH,divergent,contentMarkdown
math-hj-hebing-shuju-fangcha,MATH,divergent,summaryMarkdown;contentMarkdown
math-hj-denggao-tiaoxingtu-panding,MATH,divergent,contentMarkdown
math-hj-erfen-fa,MATH,divergent,contentMarkdown
math-hj-fuzhi-fa-chouxiang,MATH,already_in,
math-hj-yuan-biaozhun-yiban-fangcheng,MATH,divergent,contentMarkdown
math-hj-dian-yu-yuan-weihi,MATH,already_in,
math-hj-yuan-sanxingzhi,MATH,already_in,
math-hj-zhixian-yu-yuan-weihi,MATH,already_in,
math-hj-yuan-yu-yuan-weihi,MATH,already_in,
math-hj-yuan-xianchang-qiufa,MATH,already_in,
math-hj-yuan-qiexian-jielun,MATH,already_in,
math-hj-gonggongxian-gongqie-xian,MATH,already_in,
math-hj-tuoyuan-dingyi,MATH,divergent,contentMarkdown
math-hj-tuoyuan-jihe-xingzhi,MATH,divergent,summaryMarkdown;contentMarkdown
math-hj-tuoyuan-jiaodian-sanjiaoxing,MATH,divergent,summaryMarkdown;contentMarkdown;boundaryMarkdown
math-hj-shuangqu-dingyi,MATH,already_in,
math-hj-shuangqu-jihe-xingzhi,MATH,divergent,summaryMarkdown;contentMarkdown
math-hj-shuangqu-jiansuixian-sheshi,MATH,divergent,summaryMarkdown;contentMarkdown
math-hj-paowuxian-dingyi,MATH,divergent,contentMarkdown
math-hj-paowuxian-jiaobanjing,MATH,divergent,summaryMarkdown;contentMarkdown
math-hj-zhixian-yu-yuanzhui-quxian-weihi,MATH,already_in,
math-hj-xianchang-gongshi-yuanzhui,MATH,divergent,summaryMarkdown;contentMarkdown
math-hj-zhongdianxian-diandian-fa,MATH,divergent,contentMarkdown
math-hj-yuanzhui-changyong-jielun,MATH,divergent,contentMarkdown
math-hj-shulie-tongxiang-gongshi-fa,MATH,already_in,
math-hj-an-yu-sn-guanxi,MATH,already_in,
math-hj-shulie-diyi-dingyili,MATH,divergent,contentMarkdown
math-hj-dengcha-xingzhi-buhuo,MATH,already_in,
math-hj-dengcha-sheshi-fa,MATH,divergent,summaryMarkdown;contentMarkdown
math-hj-qiuzhi-yuzhengming-gongzuo,MATH,already_in,
math-hj-dingdian-dingzhi-fangfa,MATH,already_in,
math-hj-zuizhi-fanwei-mubiao-hanshu,MATH,already_in,
math-hj-s11-elem-props,MATH,already_in,
math-hj-s11-set-represent,MATH,already_in,
math-hj-s11-rep-element-dist,MATH,already_in,
math-hj-s11-subset-def,MATH,already_in,
math-hj-s11-empty-set,MATH,already_in,
math-hj-s11-subset-count,MATH,already_in,
math-hj-s11-operations,MATH,already_in,
math-hj-s11-deMorgan,MATH,missing,
math-hj-s11-AB-relation,MATH,missing,
math-hj-s11-venn-card,MATH,already_in,
math-hj-s12-sufficient-necessary,MATH,already_in,
math-hj-s12-judge-set,MATH,already_in,
math-hj-s12-contrapositive,MATH,already_in,
math-hj-s12-statement-direction,MATH,already_in,
math-hj-s12-quantifier,MATH,already_in,
math-hj-s12-negation,MATH,already_in,
math-hj-s12-negation-true,MATH,already_in,
math-hj-s13-compare-diff,MATH,already_in,
math-hj-s13-ineq-properties,MATH,already_in,
math-hj-s13-reciprocal,MATH,already_in,
math-hj-s13-prop-multiply,MATH,divergent,contentMarkdown
math-hj-s14-basic-ineq,MATH,already_in,
math-hj-s14-min-max,MATH,already_in,
math-hj-s14-three-conds,MATH,already_in,
math-hj-s14-differ-same,MATH,already_in,
math-hj-s14-sub-1,MATH,already_in,
math-hj-s14-eq-check,MATH,already_in,
math-hj-s15-chain,MATH,already_in,
math-hj-s15-always-exist,MATH,divergent,contentMarkdown
math-hj-s15-homogeneous,MATH,already_in,
math-hj-s15-sq-sum,MATH,already_in,
math-hj-s16-quad-solution,MATH,already_in,
math-hj-s16-fraction-ineq,MATH,already_in,
math-hj-s16-abs-ineq,MATH,already_in,
math-hj-s16-param-case,MATH,already_in,
math-hj-s16-root-distribution,MATH,already_in,
math-hj-s16-always-true-quad,MATH,already_in,
math-hj-ms1-quantifier-param,MATH,already_in,
math-hj-ms1-convex-combo,MATH,already_in,
math-hj-ms1-counterexample,MATH,already_in,
math-hj-s21-function-concept,MATH,already_in,
math-hj-s21-domain-rules,MATH,already_in,
math-hj-s21-abstract-domain,MATH,already_in,
math-hj-s21-analytic-methods,MATH,already_in,
math-hj-s21-piecewise-def,MATH,already_in,
math-hj-s21-piecewise-equation,MATH,already_in,
math-hj-s21-function-graph-test,MATH,already_in,
math-hj-s22-monotonic-def,MATH,already_in,
math-hj-s22-monotonic-methods,MATH,already_in,
math-hj-s22-monotonic-ops,MATH,already_in,
math-hj-s22-mono-inequality,MATH,already_in,
math-hj-s22-mono-param,MATH,already_in,
math-hj-s22-extrema-def,MATH,already_in,
math-hj-s22-range-methods,MATH,already_in,
math-hj-s23-parity-def,MATH,already_in,
math-hj-s23-parity-props,MATH,already_in,
math-hj-s23-parity-ops,MATH,already_in,
math-hj-s23-parity-param,MATH,already_in,
math-hj-s23-abstract-parity,MATH,already_in,
math-hj-s24-period-def,MATH,already_in,
math-hj-s24-period-formulas,MATH,already_in,
math-hj-s24-symmetry-axis,MATH,already_in,
math-hj-s24-sym-period,MATH,already_in,
math-hj-s24-two-graph-sym,MATH,already_in,
math-hj-s24-period-transform,MATH,already_in,
math-hj-s25-abstract-ineq,MATH,already_in,
math-hj-s25-multi-property,MATH,already_in,
math-hj-s25-fx1-even-axis,MATH,already_in,
math-hj-s26-power-def,MATH,already_in,
math-hj-s26-power-props,MATH,already_in,
math-hj-s26-power-compare,MATH,already_in,
math-hj-s26-quad-forms,MATH,already_in,
math-hj-s26-quad-range,MATH,already_in,
math-hj-s26-quad-coef-sign,MATH,already_in,
math-hj-s27-radical-power,MATH,already_in,
math-hj-s27-power-ops,MATH,already_in,
math-hj-s27-log-def,MATH,already_in,
math-hj-s27-log-change-base,MATH,already_in,
math-hj-s27-log-simplify,MATH,already_in,
math-hj-s28-exp-def,MATH,already_in,
math-hj-s28-exp-fixed-point,MATH,already_in,
math-hj-s28-exp-compare,MATH,already_in,
math-hj-s28-exp-composite,MATH,already_in,
math-hj-s29-log-def,MATH,already_in,
math-hj-s29-inverse-exp-log,MATH,already_in,
math-hj-s29-log-domain-first,MATH,already_in,
math-hj-s29-log-composite,MATH,already_in,
math-hj-s210-graph-draw,MATH,already_in,
math-hj-s210-graph-translate,MATH,already_in,
math-hj-s210-graph-fold,MATH,already_in,
math-hj-s210-graph-identify,MATH,already_in,
math-hj-s210-graph-inequality,MATH,already_in,
math-hj-s211-zero-def,MATH,already_in,
math-hj-s211-zero-theorem,MATH,already_in,
math-hj-s211-zero-interval,MATH,already_in,
math-hj-s211-zero-count,MATH,already_in,
math-hj-s211-zero-param,MATH,already_in,
math-hj-s211-bisection,MATH,already_in,
math-hj-s211-zero-sym-sum,MATH,already_in,
math-hj-s212-model-growth,MATH,already_in,
math-hj-s212-model-fit,MATH,already_in,
math-hj-s212-model-coef,MATH,already_in,
math-hj-s212-model-steps,MATH,already_in,
math-hj-s31-derivative-def,MATH,already_in,
math-hj-s31-derivative-geo,MATH,already_in,
math-hj-s31-derivative-formulas,MATH,already_in,
math-hj-s31-derivative-rules,MATH,already_in,
math-hj-s31-composite-derivative,MATH,already_in,
math-hj-s31-tangent-three-rel,MATH,already_in,
math-hj-s31-tangent-at-through,MATH,already_in,
math-hj-s31-common-tangent,MATH,already_in,
math-hj-s32-mono-by-derivative,MATH,already_in,
math-hj-s32-derivative-graph-judge,MATH,already_in,
math-hj-s32-mono-note,MATH,already_in,
math-hj-s32-param-mono,MATH,already_in,
math-hj-s33-mono-param-range,MATH,already_in,
math-hj-s33-derivative-compare,MATH,already_in,
math-hj-s33-mono-ineq-solve,MATH,already_in,
math-hj-s34-extreme-def,MATH,already_in,
math-hj-s34-extreme-steps,MATH,already_in,
math-hj-s34-extreme-graph,MATH,already_in,
math-hj-s34-extreme-param,MATH,already_in,
math-hj-s35-closed-range-extreme,MATH,already_in,
math-hj-s35-extreme-vs-extreme,MATH,already_in,
math-hj-s35-param-extreme,MATH,already_in,
math-hj-s35-optimization,MATH,already_in,
math-hj-s36-construct-xfx,MATH,already_in,
math-hj-s36-construct-exp,MATH,already_in,
math-hj-s36-construct-trig,MATH,already_in,
math-hj-s36-isomorphic,MATH,already_in,
math-hj-s37-always-param,MATH,already_in,
math-hj-s37-always-difficult,MATH,already_in,
math-hj-s37-zero-implicit,MATH,already_in,
math-hj-s37-prove-ineq,MATH,already_in,
math-hj-m6-extreme-diff-range,MATH,already_in,
math-hj-m6-comprehensive-flow,MATH,already_in,
math-hj-m5-derivative-calc-check,MATH,already_in,
math-hj-m5-tangent-param,MATH,already_in,
math-hj-s41-any-angle,MATH,already_in,
math-hj-s41-radian,MATH,already_in,
math-hj-s41-trig-def,MATH,already_in,
math-hj-s41-quadrant-sign,MATH,already_in,
math-hj-s42-basic-relations,MATH,already_in,
math-hj-s42-induction-formulas,MATH,already_in,
math-hj-s42-sin-cos-sym,MATH,already_in,
math-hj-s42-chord-to-tangent,MATH,already_in,
math-hj-s43-sum-diff-formulas,MATH,already_in,
math-hj-s43-auxiliary-angle,MATH,already_in,
math-hj-s43-tan-know-two,MATH,already_in,
math-hj-s43-angle-composition,MATH,already_in,
math-hj-s44-double-angle,MATH,already_in,
math-hj-s44-half-angle,MATH,already_in,
math-hj-s44-simplify-three-look,MATH,already_in,
math-hj-s44-value-angle,MATH,already_in,
math-hj-s45-five-points,MATH,already_in,
math-hj-s45-trig-properties,MATH,already_in,
math-hj-s45-composite-trig-range,MATH,already_in,
math-hj-s45-asin-props,MATH,already_in,
math-hj-s45-trig-parity-form,MATH,already_in,
math-hj-s46-Asin-params,MATH,missing,
math-hj-s46-transform-path,MATH,already_in,
math-hj-s46-trig-zero,MATH,already_in,
math-hj-s46-trig-model,MATH,already_in,
math-hj-s47-sine-theorem,MATH,already_in,
math-hj-s47-cosine-theorem,MATH,already_in,
math-hj-s47-solution-count,MATH,already_in,
math-hj-s47-area-formulas,MATH,already_in,
math-hj-s47-shape-judge,MATH,already_in,
math-hj-s48-median-bisector,MATH,already_in,
math-hj-s48-plane-figure,MATH,already_in,
math-hj-s48-existence,MATH,already_in,
math-hj-s49-extreme-ineq,MATH,already_in,
math-hj-s49-angle-function,MATH,already_in,
math-hj-s410-measure-terms,MATH,already_in,
math-hj-s410-measure-strategy,MATH,already_in,
math-hj-m9-solve-flow,MATH,already_in,
math-hj-s51-vector-concept,MATH,already_in,
math-hj-s51-vector-linear,MATH,already_in,
math-hj-s51-collinear-theorem,MATH,already_in,
math-hj-s52-basis-theorem,MATH,already_in,
math-hj-s52-coordinate-ops,MATH,already_in,
math-hj-s52-basis-strategy,MATH,already_in,
math-hj-s53-dot-product-def,MATH,already_in,
math-hj-s53-dot-product-ops,MATH,already_in,
math-hj-s53-dot-methods,MATH,already_in,
math-hj-s53-modulus-angle,MATH,already_in,
math-hj-s54-complex-concept,MATH,already_in,
math-hj-s54-complex-geometry,MATH,already_in,
math-hj-s54-complex-ops,MATH,already_in,
math-hj-m10-vec-complex,MATH,already_in,
math-hj-s61-sequence-concept,MATH,already_in,
math-hj-s61-an-sn-relation,MATH,already_in,
math-hj-s61-cumulate-methods,MATH,already_in,
math-hj-s61-period-mono,MATH,already_in,
math-hj-s62-ap-def,MATH,already_in,
math-hj-s62-ap-sum,MATH,already_in,
math-hj-s62-ap-judge,MATH,already_in,
math-hj-s62-ap-props,MATH,divergent,contentMarkdown
math-hj-s62-ap-max-min,MATH,already_in,
math-hj-s63-gp-def,MATH,already_in,
math-hj-s63-gp-sum,MATH,already_in,
math-hj-s63-gp-judge,MATH,already_in,
math-hj-s63-gp-props,MATH,already_in,
math-hj-s63-gp-sign,MATH,already_in,
math-hj-s64-construct-linear,MATH,already_in,
math-hj-s64-construct-other,MATH,already_in,
math-hj-s64-construct-sum-type,MATH,already_in,
math-hj-s65-sum-group,MATH,already_in,
math-hj-s65-sum-merge,MATH,already_in,
math-hj-s65-sum-reverse,MATH,already_in,
math-hj-s66-sum-telescoping,MATH,already_in,
math-hj-s66-sum-mismatch,MATH,already_in,
math-hj-s67-subsequence,MATH,already_in,
math-hj-s67-common-terms,MATH,already_in,
math-hj-m12-seq-comprehensive,MATH,already_in,
math-hj-m11-seq-small,MATH,already_in,
math-hj-s71-solid-features,MATH,already_in,
math-hj-s71-oblique-drawing,MATH,already_in,
math-hj-s71-surface-volume,MATH,already_in,
math-hj-s71-volume-methods,MATH,already_in,
math-hj-s72-sphere-cube,MATH,already_in,
math-hj-s72-sphere-tetra,MATH,already_in,
math-hj-s72-sphere-methods,MATH,already_in,
math-hj-s73-basic-facts,MATH,already_in,
math-hj-s73-position-relations,MATH,already_in,
math-hj-s73-common-plane-proof,MATH,already_in,
math-hj-s74-line-plane-parallel,MATH,already_in,
math-hj-s74-plane-plane-parallel,MATH,already_in,
math-hj-s75-line-plane-vertical,MATH,already_in,
math-hj-s75-line-plane-angle,MATH,already_in,
math-hj-s75-dihedral-angle,MATH,already_in,
math-hj-s75-plane-plane-vertical,MATH,already_in,
math-hj-s76-space-vector-basis,MATH,already_in,
math-hj-s76-space-coordinate,MATH,already_in,
math-hj-s76-direction-normal,MATH,already_in,
math-hj-s77-angle-line-line,MATH,already_in,
math-hj-s77-angle-line-plane,MATH,already_in,
math-hj-s78-angle-plane-plane,MATH,already_in,
math-hj-s78-folding,MATH,already_in,
math-hj-s79-distance-point-plane,MATH,already_in,
math-hj-s79-distance-point-line,MATH,already_in,
math-hj-s79-explore-problem,MATH,already_in,
math-hj-m14-solid-big,MATH,already_in,
math-hj-m13-solid-small,MATH,already_in,
math-hj-s81-slope-angle,MATH,already_in,
math-hj-s81-line-forms,MATH,already_in,
math-hj-s81-line-methods,MATH,already_in,
math-hj-s82-line-position,MATH,already_in,
math-hj-s82-distance-formulas,MATH,already_in,
math-hj-s82-over-point-family,MATH,already_in,
math-hj-s83-circle-equation,MATH,already_in,
math-hj-s83-circle-methods,MATH,already_in,
math-hj-s84-line-circle-position,MATH,already_in,
math-hj-s84-chord-length,MATH,already_in,
math-hj-s84-tangent-line,MATH,already_in,
math-hj-s85-circle-circle,MATH,already_in,
math-hj-s85-common-chord,MATH,already_in,
math-hj-s86-ellipse-def,MATH,already_in,
math-hj-s86-ellipse-props,MATH,already_in,
math-hj-s87-hyperbola-def,MATH,already_in,
math-hj-s87-hyperbola-props,MATH,already_in,
math-hj-s87-focus-triangle,MATH,already_in,
math-hj-s88-parabola-def,MATH,already_in,
math-hj-s88-focus-chord,MATH,already_in,
math-hj-s89-position-judge,MATH,already_in,
math-hj-s89-chord-formula,MATH,already_in,
math-hj-s89-mid-chord,MATH,already_in,
math-hj-s810-fixed-value,MATH,already_in,
math-hj-s810-range-extreme,MATH,already_in,
math-hj-m17-conic-big,MATH,already_in,
math-hj-m15-line-circle-small,MATH,already_in,
math-hj-m16-conic-small,MATH,already_in,
math-hj-s91-sampling-concepts,MATH,already_in,
math-hj-s91-simple-random,MATH,already_in,
math-hj-s91-stratified,MATH,already_in,
math-hj-s91-charts,MATH,already_in,
math-hj-s91-frequency-hist,MATH,already_in,
math-hj-s92-percentile,MATH,already_in,
math-hj-s92-central-tendency,MATH,already_in,
math-hj-s92-variance,MATH,already_in,
math-hj-s92-hist-features,MATH,already_in,
math-hj-s93-correlation,MATH,already_in,
math-hj-s93-regression,MATH,already_in,
math-hj-s93-nonlinear,MATH,already_in,
math-hj-s94-contingency,MATH,already_in,
math-hj-s94-chi-square,MATH,already_in,
math-hj-s94-indep-misread,MATH,already_in,
math-hj-s101-two-principles,MATH,already_in,
math-hj-s101-principle-strategy,MATH,already_in,
math-hj-s102-permutation-combination,MATH,already_in,
math-hj-s102-permutation-methods,MATH,already_in,
math-hj-s102-combination-methods,MATH,already_in,
math-hj-s103-binomial-theorem,MATH,already_in,
math-hj-s103-binomial-props,MATH,already_in,
math-hj-s103-substitution,MATH,already_in,
math-hj-s104-random-events,MATH,already_in,
math-hj-s104-classical-prob,MATH,already_in,
math-hj-s104-frequency-prob,MATH,already_in,
math-hj-s105-independence,MATH,already_in,
math-hj-s105-conditional-prob,MATH,already_in,
math-hj-s105-total-probability,MATH,already_in,
math-hj-s106-discrete-variable,MATH,already_in,
math-hj-s106-expectation-variance,MATH,already_in,
math-hj-s107-binomial-distribution,MATH,already_in,
math-hj-s107-hypergeometric,MATH,already_in,
math-hj-s107-normal-distribution,MATH,already_in,
math-hj-m20-prob-big,MATH,already_in,
math-hj-m19-prob-small,MATH,already_in,
math-hj-s14-hook-function,MATH,already_in,
math-hj-s15-cauchy,MATH,already_in,
math-hj-s21-composite-linear,MATH,already_in,
math-hj-s23-shift-parity,MATH,already_in,
math-hj-s24-shift-period,MATH,already_in,
math-hj-s26-power-coef-one,MATH,already_in,
math-hj-s26-quad-domain-range,MATH,already_in,
math-hj-s27-log-digit,MATH,already_in,
math-hj-s28-exp-quadrant,MATH,already_in,
math-hj-s28-exp-abs-zero,MATH,already_in,
math-hj-s211-piecewise-zero,MATH,already_in,
math-hj-s75-graph-derivative-sign,MATH,already_in,
math-hj-m6-constant-target,MATH,already_in,
math-hj-s47-projection-theorem,MATH,already_in,
math-hj-s410-relative-direction,MATH,already_in,
math-hj-s87-hyperbola-branch,MATH,already_in,
math-hj-s95-ellipse-def-transform,MATH,already_in,
math-hj-s97-parabola-dist-min,MATH,already_in,
math-hj-s98-parabola-three-lines,MATH,already_in,
math-hj-s92-right-angle-locus,MATH,already_in,
math-hj-s81-coef-angle-range,MATH,already_in,
math-hj-s106-count-ineq,MATH,already_in,
math-hj-s102-repeat-permutation,MATH,already_in,
math-hj-s103-poly-product,MATH,already_in,
math-hj-s109-at-least-prob,MATH,already_in,
math-hj-s109-nonadjacent-prob,MATH,already_in,
math-hj-s92-weighted-variance,MATH,already_in,
math-hj-s77-line-plane-angle-steps,MATH,already_in,
math-hj-s88-parabola-param,MATH,already_in,
math-gap-mathematical-modeling,MATH,already_in,
math-gap-mathematical-induction,MATH,already_in,
math-fx-zhidui-fangshuo-jibenlian,MATH,already_in,
math-fx-zhidui-fangshuo-huagui,MATH,already_in,
math-fx-piaodai-budengshi,MATH,already_in,
math-fx-piaodai-yingyong-duicheng,MATH,already_in,
math-fx-qgexian-fangshuo-silu,MATH,already_in,
math-fx-qiexian-fangshuo-buzhou,MATH,already_in,
math-fx-jzhidian-pianyi-dingyi,MATH,already_in,
math-fx-jzhidian-pianyi-duicheng-he,MATH,already_in,
math-fx-jzhidian-pianyi-duicheng-ji,MATH,divergent,summaryMarkdown
math-fx-jzhidian-pianyi-buzhou,MATH,already_in,
math-fx-jzhidian-pianyi-huanyuan,MATH,already_in,
math-fx-bizhi-daihuan,MATH,already_in,
math-fx-qici-xiaoyuan,MATH,already_in,
math-fx-peifang-ercixing-zonggang,MATH,already_in,
math-fx-peifang-yaodian,MATH,already_in,
math-fx-zhongbian-xiangtongjiao,MATH,divergent,summaryMarkdown
math-fx-xiangxianjiao-zhouxianjiao,MATH,already_in,
math-fx-huduzhi-dingyi-huansuan,MATH,divergent,summaryMarkdown
math-fx-huchang-shanxing-gongshi,MATH,divergent,summaryMarkdown
math-fx-shanxing-zhouChang-zuidamianji,MATH,missing,
math-fx-sanjiao-zuobiao-dingyi,MATH,divergent,summaryMarkdown;boundaryMarkdown
math-fx-sanjiao-fuhao-guilv,MATH,already_in,
math-fx-xiangxianjiao-panding-fangfa,MATH,already_in,
math-fx-dingyi-qiuzhi-liangfangfa,MATH,already_in,
math-fx-tongjiao-pingfang-shangshu,MATH,divergent,summaryMarkdown;boundaryMarkdown
math-fx-zhiyi-qiu-er,MATH,divergent,boundaryMarkdown
math-fx-qicishi-huaqie,MATH,divergent,summaryMarkdown;boundaryMarkdown;applicabilityMarkdown
math-fx-hechaji-guanxi,MATH,divergent,title;summaryMarkdown;applicabilityMarkdown
math-fx-youdao-gongshi-koujue,MATH,divergent,summaryMarkdown;boundaryMarkdown
math-fx-youdao-huajian-yuanze,MATH,already_in,
math-fx-huhu-hubu-youDao,MATH,missing,
math-fx-hecha-gongshi-jyi,MATH,already_in,
math-fx-zhengqie-hecha-bianxing,MATH,divergent,summaryMarkdown;boundaryMarkdown;applicabilityMarkdown
math-fx-fuzhujiao-gongshi,MATH,divergent,summaryMarkdown;boundaryMarkdown
math-fx-coujiao-fa,MATH,divergent,summaryMarkdown;boundaryMarkdown
math-fx-geizhi-qiuzhi-sanbufa,MATH,divergent,boundaryMarkdown
math-fx-geizhi-qiujiao-fangfa,MATH,divergent,boundaryMarkdown
math-fx-gongshi-niyong-yudaihuan,MATH,divergent,summaryMarkdown;boundaryMarkdown;applicabilityMarkdown
math-fx-erbeijiao-jiangmi-gongshi,MATH,divergent,applicabilityMarkdown
math-fx-banjiao-gongshi,MATH,divergent,summaryMarkdown;boundaryMarkdown;applicabilityMarkdown
math-fx-hechahua-ji-jihua-he,MATH,divergent,summaryMarkdown;boundaryMarkdown
math-fx-sanjiao-huajian-wuce,MATH,already_in,
math-fx-huadeng-bianhuan-mubiao,MATH,already_in,
math-fx-sanjiao-biaozhunhua-fenxi,MATH,divergent,title;boundaryMarkdown
math-fx-sanjiao-wudianfa-zuotu,MATH,divergent,boundaryMarkdown
math-fx-zhengxian-yuxian-xingzhi,MATH,already_in,
math-fx-zhengqie-xingzhi,MATH,divergent,contentMarkdown
math-fx-sanjiao-dingyu-fuheceng,MATH,divergent,applicabilityMarkdown
math-fx-sanjiao-zhiyu-sanlei,MATH,divergent,summaryMarkdown
math-fx-sanjiao-duichen-juli,MATH,already_in,
math-fx-sanjiao-qiou-tiaojian,MATH,divergent,title;summaryMarkdown;applicabilityMarkdown
math-fx-sanjiao-dandiao-qiuqu,MATH,divergent,summaryMarkdown
math-fx-A-omega-phi-yiyi,MATH,missing,
math-fx-sanjiao-tubian-lianglujing,MATH,divergent,summaryMarkdown
math-fx-sanjiao-bianhuan-nixiang,MATH,already_in,
math-fx-sanjiao-hanshangxia-bianhuan,MATH,divergent,summaryMarkdown;applicabilityMarkdown
math-fx-sanjiao-youTu-dingxishi,MATH,missing,
math-fx-sanjiao-jianmo-wubu,MATH,divergent,summaryMarkdown
math-fx-shulie-dingyi-hanshubenzhi,MATH,already_in,
math-fx-shulie-biaoshi-fenlei,MATH,already_in,
math-fx-an-yu-Sn-guanxi,MATH,missing,
math-fx-leijia-fa,MATH,already_in,
math-fx-leichen-fa,MATH,already_in,
math-fx-dengcha-dingyi-zhongxiang,MATH,already_in,
math-fx-dengcha-gongshi,MATH,already_in,
math-fx-dengcha-hanshu-shuxing,MATH,already_in,
math-fx-dengcha-duicheng-xingzhi,MATH,divergent,contentMarkdown
math-fx-dengcha-Sn-bizhi,MATH,missing,
math-fx-dengcha-danyan-zuizhi,MATH,already_in,
math-fx-dengcha-panding-sifa,MATH,already_in,
math-fx-dengbi-dingyi-zhongxiang,MATH,already_in,
math-fx-dengbi-gongshi-xingzhi,MATH,already_in,
math-fx-dengbi-qiuhc-fenlei,MATH,already_in,
math-fx-dengbi-Sn-xingzhi,MATH,missing,
math-fx-shulie-hanshu-daoshu-jiehe,MATH,already_in,
math-fx-shulie-fangsuo-silei,MATH,already_in,
math-fx-lieXiang-xiangxiao-gongshi,MATH,missing,
math-fx-shulie-qiuhc-sifa-xuanze,MATH,already_in,
math-fx-shulie-yuce-moxing-sanlei,MATH,already_in,
math-fx-fenqi-fukuan-moxing,MATH,already_in,
math-fx-ditui-moxing-sanlei,MATH,already_in,
math-fx-xiangliang-gainian-bianxi,MATH,already_in,
math-fx-xiangliang-jiujian-faze,MATH,already_in,
math-fx-gongxian-xiangliang-dingli,MATH,divergent,summaryMarkdown;boundaryMarkdown
math-fx-zhongdian-gongshi-xiangliang,MATH,already_in,
math-fx-xiangliang-sanjiao-budengshi,MATH,divergent,summaryMarkdown
math-fx-jiben-dingli-jidi,MATH,divergent,summaryMarkdown
math-fx-jidi-youxian-sixiang,MATH,already_in,
math-fx-xiangliang-zuobiao-yunsuan,MATH,already_in,
math-fx-shuliangji-dingyi-jieyi,MATH,divergent,summaryMarkdown
math-fx-shuliangji-xingzhi-chuizhi,MATH,divergent,summaryMarkdown;boundaryMarkdown
math-fx-shuliangji-yunsuanlv-jingti,MATH,divergent,boundaryMarkdown
math-fx-zuobiao-fa-shuliangji,MATH,divergent,applicabilityMarkdown
math-fx-jihua-hengdengshi,MATH,already_in,
math-fx-mochang-chuli-fangshi,MATH,divergent,summaryMarkdown;boundaryMarkdown
math-fx-jiajiao-yu-tuxingjiao,MATH,divergent,boundaryMarkdown
math-fx-xiangliang-jihe-sanbuqu,MATH,already_in,
math-fx-fushu-gainian-fenlei,MATH,already_in,
math-fx-fushu-xiangdeng-gonge,MATH,divergent,summaryMarkdown
math-fx-fushu-jihe-yiyi,MATH,already_in,
math-fx-fushu-size-yunsuan,MATH,already_in,
math-fx-fushu-jiujian-jihe,MATH,already_in,
math-fx-zhengxian-dingli-neirong,MATH,already_in,
math-fx-liangbian-yiduijiao-jiegeshu,MATH,already_in,
math-fx-yuxian-dingli-bianxing,MATH,already_in,
math-fx-yuxian-pan-xingzhuang,MATH,already_in,
math-fx-sanjiaoxing-mianji-gongshiji,MATH,already_in,
math-fx-sanjiaoxing-neijiaohe-guanxi,MATH,already_in,
math-fx-mianji-budeng-quzui,MATH,divergent,summaryMarkdown;boundaryMarkdown
math-fx-bianjiao-hunhe-celue,MATH,already_in,
math-fx-qingxiejiao-xielv-gainian,MATH,divergent,summaryMarkdown
math-fx-liangzhixian-pingxing-chuizhi,MATH,already_in,
math-fx-zhixian-fangcheng-wuzhong,MATH,already_in,
math-fx-hancan-zhixian-guodongdian,MATH,already_in,
math-fx-liangzhixian-jiaodian-panDing,MATH,missing,
math-fx-juli-gongshi-sanda,MATH,already_in,
math-fx-duichen-dian-zhixian,MATH,already_in,
math-fx-zhixian-duichen-silei,MATH,already_in,
math-fx-zhixian-xi-xilie,MATH,already_in,
math-fx-yuan-biaozhun-yiban-fangcheng,MATH,already_in,
math-fx-yuan-canshu-fangcheng,MATH,divergent,summaryMarkdown;boundaryMarkdown
math-fx-yuan-fangcheng-queding-fangfa,MATH,already_in,
math-fx-dian-yu-yuan-weizhi,MATH,already_in,
math-fx-yuan-duichen-xing,MATH,already_in,
math-fx-zhixian-yuan-weizhi-panding,MATH,already_in,
math-fx-yuan-qieXian-lianglei,MATH,missing,
math-fx-qieXianChang-gongshi,MATH,missing,
math-fx-xianChang-gongshi-xue,MATH,missing,
math-fx-yuan-yu-yuan-weizhi,MATH,already_in,
math-fx-gonggongxian-gongqieXian,MATH,missing,
math-fx-jiou-bingxiang-qiuhc,MATH,already_in,
math-fx-zhengshu-zhouqi-qiuhc,MATH,already_in,
math-fx-qianNxiang-ji-fa,MATH,missing,
math-fx-charu-xinshulie-qiuhc,MATH,already_in,
math-fx-qieXian-zai-moudian,MATH,missing,
math-fx-qieXian-guo-moudian,MATH,missing,
math-fx-qieXian-canshu-sanguanxi,MATH,missing,
math-fx-qieXian-tiaoshu-lingdian,MATH,missing,
math-fx-gongqieXian-fenchao,MATH,missing,
math-fx-qieXian-juli-zuixiao,MATH,missing,
math-fx-erci-hanshu-fangcheng-lianxi,MATH,already_in,
math-fx-erci-budengshi-jiefa,MATH,already_in,
math-fx-erci-hancan-jiefa,MATH,already_in,
math-fx-mihanshu-dingyi-wuzhong,MATH,divergent,summaryMarkdown
math-fx-mihanshu-qiouxi-shican,MATH,divergent,summaryMarkdown
math-fx-fenli-canshu-nengchengli,MATH,already_in,
math-fx-fenlei-taolun-cihcengli,MATH,already_in,
math-fx-shuangcan-zuizhi-dingwei,MATH,already_in,
math-fx-jiben-budengshi-yizhengerding,MATH,already_in,
math-fx-duigou-hanshu-xingzhi,MATH,already_in,
math-fx-jiben-budengshi-wujiqiao,MATH,already_in,
math-fx-zhongxian-xiangliang-xingshi,MATH,already_in,
math-fx-zhongxian-jiao-xingshi,MATH,divergent,summaryMarkdown
math-fx-neijiao-pingfen-dingli,MATH,already_in,
math-fx-pingfenxian-dengmianji-fa,MATH,divergent,summaryMarkdown
math-fx-pingfenxian-jiao-xingshi,MATH,divergent,summaryMarkdown
math-fx-gonglingdian-jiben-yuanli,MATH,already_in,
math-fx-gonglingdian-celue-fenlei,MATH,already_in,
math-fx-gonglingdian-qiucan-yinzilingdian,MATH,already_in,
math-fx-chouxiang-hanshu-danyao-panding,MATH,already_in,
math-fx-chouxiang-hanshu-moxing,MATH,already_in,
math-fx-chouxiang-hanshu-budengshi-qioucan,MATH,already_in,
math-fx-chouxiang-hanshu-can-daxiao-zuizhi,MATH,already_in,
math-fx-jihe-yuansu-santexing,MATH,already_in,
math-fx-jizi-jigeshu-jielun,MATH,already_in,
math-fx-jihe-yunsuan-dengjia,MATH,already_in,
math-fx-jihe-hancan-qiuparameter,MATH,divergent,summaryMarkdown
math-fx-chongyao-tiaojian-panding-liangfa,MATH,already_in,
math-fx-liangci-mingti-fouding,MATH,already_in,
math-fx-budengshi-qitiao-xingzhi,MATH,already_in,
math-fx-daoshu-zhenjia-fenshu-xingzhi,MATH,already_in,
math-fx-bijiiao-daxiao-sanfa,MATH,already_in,
math-fx-junzhi-budengshi-lian,MATH,already_in,
math-fx-duoci-shiyong-denghao-yizhi,MATH,already_in,
math-fx-shuzhou-chuangen-fa,MATH,already_in,
math-fx-zhidui-budengshi-jiefa,MATH,already_in,
math-fx-hanshu-sanyaosu-tongyi,MATH,already_in,
math-fx-juti-hanshu-dingyu-yuanze,MATH,already_in,
math-fx-chouxiang-dingyu-zhuanyi,MATH,already_in,
math-fx-fenduan-hanshu-qiuzhi,MATH,already_in,
math-fx-jiexishi-sifang-qiu,MATH,already_in,
math-fx-dandiao-dingyi-dengjia,MATH,already_in,
math-fx-fuhe-hanshu-tongzeng-yijian,MATH,already_in,
math-fx-dandiao-yunsuan-yiwu,MATH,already_in,
math-fx-qiou-dingyi-panDing,MATH,missing,
math-fx-qiou-changyong-jielun,MATH,already_in,
math-fx-qiou-pingyi-hexingzhi,MATH,already_in,
math-fx-qiou-qioujiexi-buquan,MATH,already_in,
math-fx-zhouqi-dingyi-qiuzhi,MATH,already_in,
math-fx-duicheng-zizhong-gongshi,MATH,already_in,
math-fx-shuangchong-duicheng-zhouqi,MATH,already_in,
math-fx-huxiang-duicheng-xiangliang,MATH,already_in,
math-fx-erci-hanshu-sanxingshi,MATH,divergent,summaryMarkdown
math-fx-mihanshu-tubu-buchong,MATH,divergent,summaryMarkdown
math-fx-dingzhou-dongqujian-taolun,MATH,already_in,
math-fx-xiaocan-huanyuan-qiuzuizhi,MATH,already_in,
math-fx-danyao-zhengming-sibu,MATH,already_in,
math-fx-danyao-yunsuan-chafan,MATH,already_in,
math-fx-jiben-chudeng-zhiyu-qingdan,MATH,already_in,
math-fx-renyi-hanshu-oujia-fenjie,MATH,already_in,
math-fx-fuhe-qiou-neiou-erou,MATH,already_in,
math-fx-changjian-qiou-moxing-hanshu,MATH,already_in,
math-fx-xiao-n-xiao-S-liangsilu,MATH,missing,
math-fx-daoxu-xiangjia-qiuhc,MATH,divergent,applicabilityMarkdown
math-fx-liexiang-bianxian-leixing,MATH,already_in,
math-fx-qiou-ou-xiang-zidonglie,MATH,already_in,
math-fx-yansheng-shulie-shandai,MATH,already_in,
math-fx-duigou-jianjin-jizhi,MATH,already_in,
math-fx-kedao-hanshu-qiou-ou-daoshu,MATH,already_in,
math-fx-sanci-hanshu-dandiao-jizhi,MATH,already_in,
math-fx-sanci-hanshu-lingdian-fenbu,MATH,already_in,
math-fx-sanci-hanshu-aotu-guaidian,MATH,already_in,
math-fx-zhouqi-fuhe-gonggong,MATH,already_in,
math-fx-sanjiao-omega-qioufanwei,MATH,divergent,boundaryMarkdown
math-fx-sanjiao-yiming-huatongming,MATH,already_in,
math-fx-sanjiao-zuizhi-sanjiegou,MATH,already_in,
math-fx-sheying-dingli-sanjiaoxing,MATH,already_in,
math-fx-zhangjiao-dingli,MATH,divergent,summaryMarkdown
math-fx-beijiao-dingli,MATH,already_in,
math-fx-sanjiaoxing-zhengqie-hengdengshi,MATH,divergent,summaryMarkdown
math-fx-denghexian-xishuhe,MATH,already_in,
math-fx-benchi-dingli-sixin,MATH,divergent,summaryMarkdown
math-fx-juxing-dafa-xiangliang,MATH,already_in,
math-fx-duichen-sheyuan-fa,MATH,already_in,
math-fx-wuqiong-disuo-qiuhc,MATH,already_in,
math-fx-yiding-xishu-yici-gouzao,MATH,already_in,
math-fx-shuliue-dandiao-sanfa,MATH,already_in,
math-fx-teShu-jihe-waijieqiu-jichu,MATH,missing,
math-fx-qiangjiao-buchang-changfangti,MATH,already_in,
math-fx-celeng-chuizhi-qiuxin-gougu,MATH,already_in,
math-fx-ermianjiao-waijieqiu-gonggongxian,MATH,divergent,boundaryMarkdown
math-fx-neiqieqiu-dengtiji,MATH,already_in,
math-fx-zhengfangti-sanqiu-bizhi,MATH,already_in,
math-fx-erci-qiudao-shiyong-tiaojian,MATH,already_in,
math-fx-erci-qiudao-sibu-fa,MATH,already_in,
math-fx-taier-fangSuo-sixiang,MATH,missing,
math-fx-ab-yu-ba-bijiao,MATH,already_in,
math-fx-bigouxao-zongcelue,MATH,already_in,
math-fx-gouzao-hanshu-duizhao-biao,MATH,already_in,
math-fx-tonggou-fa-sanmoxing,MATH,already_in,
math-fx-gouzao-shuanghanshu-jiaobi,MATH,already_in,
math-fx-jihua-dongdian-fanwei,MATH,already_in,
math-fx-benchi-mianjibi-yigngyong,MATH,divergent,summaryMarkdown
math-fx-sixin-xiangliangshi-bianxi,MATH,divergent,summaryMarkdown
math-fx-dingbifendian-xiangliang-gongshi,MATH,already_in,
math-fx-zhuaxing-jiegou-xiangliang,MATH,already_in,
math-fx-meinilaosi-saiva-dingli,MATH,already_in,
math-fx-duishu-junzhi-budengshi-LMI,MATH,missing,
math-fx-LMI-jzhidian-pianyi-wubu,MATH,missing,
math-fx-qiexian-fangSuo-qingdan,MATH,missing,
math-fx-qiexian-dian-xuanze-yuanze,MATH,already_in,
math-fx-qieXian-jia-geXian-jia-jiandao,MATH,missing,
math-fx-jueDuiZhi-qiuhc-fenduan,MATH,missing,
math-fx-shulue-hengchengli-can-celue,MATH,already_in,
math-fx-shulue-jiedati-kaocha-jiegou,MATH,already_in,
math-fx-shulue-budengshi-sanluxian,MATH,already_in,
math-fx-jiben-budengshi-bianxing-zu,MATH,divergent,summaryMarkdown
math-fx-zhiduiubi-zhongjianzhi-gusuan,MATH,already_in,
math-fx-tonggou-quwaiyi-bijiao,MATH,already_in,
math-fx-zheng-fu-ling-jiao,MATH,already_in,
math-fx-teShujiao-hudu-duizhao,MATH,missing,
math-fx-shanxing-gongshi-shiyong-zhuyi,MATH,divergent,summaryMarkdown
math-fx-xianqie-huchei-celue,MATH,divergent,title;summaryMarkdown;boundaryMarkdown
math-fx-youDao-duojiao-hebing,MATH,missing,
math-fx-zhengqie-sanchong-dingyv,MATH,divergent,summaryMarkdown
math-fx-sanjiao-xiaoshu-jiegou,MATH,already_in,
math-fx-teShujiao-coupei,MATH,missing,
math-fx-sanjiao-hanshuxian,MATH,divergent,summaryMarkdown
math-fx-sin-cos-tuping-huhua,MATH,divergent,summaryMarkdown
math-fx-butou-zhouqi-jiqiao,MATH,divergent,boundaryMarkdown;applicabilityMarkdown
math-fx-jianxie-yundong-canshu,MATH,divergent,summaryMarkdown;boundaryMarkdown
math-fx-shulie-zengjian-can-qiufan,MATH,already_in,
math-fx-shulie-zhouqi-ditui-faxian,MATH,already_in,
math-fx-dengcha-jbld-fangcheng-celue,MATH,already_in,
math-fx-dengbi-zengjian-fuhao,MATH,already_in,
math-fx-dengbi-xiaoyuan-jicheng,MATH,already_in,
math-fx-gongxian-xiangliang-shican,MATH,divergent,summaryMarkdown
math-fx-jidi-biaoshi-cuoZuo,MATH,missing,
math-fx-shuliangji-wuli-yingyong,MATH,already_in,
math-fx-shuliangji-fuhao-jiabian,MATH,divergent,summaryMarkdown
math-fx-i-mixun-huanyingyong,MATH,already_in,
math-fx-fushu-mo-yunsuan-xingzhi,MATH,divergent,summaryMarkdown
math-fx-weizhi-qiuparam-jiuyan,MATH,already_in,
math-fx-yuan-shang-dian-dingzhi-dian,MATH,already_in,
math-fx-yuan-xian-chuizhi-guoxin,MATH,already_in,
math-fx-qieXian-zai-guo-bianxi,MATH,missing,
math-fx-jiaopingfenxian-mianjibi,MATH,divergent,summaryMarkdown
math-fx-chongfen-tiaojian-tanqiu,MATH,already_in,
math-fx-budengshi-xingzhi-qufanwei,MATH,already_in,
math-fx-jiben-budengshi-hengchengli-can,MATH,already_in,
math-fx-hanci-fangcheng-gen-fenbu,MATH,already_in,
math-fx-fenduan-hanshu-tuxiang-yingyong,MATH,already_in,
math-fx-qiantao-hanshu-chuli,MATH,already_in,
math-fx-chouxiang-xingzhi-ronghe-tuiduan,MATH,already_in,
math-fx-xiangliang-touying-fa-fanwei,MATH,already_in,
math-fx-cuowei-xiangjian-yicuo-qingdan,MATH,already_in,
math-fx-liexiang-hanshuxing-ji-cifenli,MATH,already_in,
math-fx-shulie-xindingyi-tuhua,MATH,already_in,
math-fx-fenzu-qiuhc-sanbu-guicheng,MATH,already_in,
math-fx-geijiao-qiuzhi-chaiteShu,MATH,missing,
math-fx-youjieying-tingshu-dingcan,MATH,divergent,boundaryMarkdown
math-fx-fuZhi-jiqiao-chouxiang-hanshu,MATH,missing,
math-fx-venn-tu-fenlei-jishu,MATH,already_in,
math-fx-you-jiejifan-qiucanshu,MATH,already_in,
math-fx-qiou-ou-zhuanqu-jianbijiao,MATH,already_in,
math-fx-mihanshu-dingyv-yu-jiou-fenshu,MATH,divergent,summaryMarkdown
math-fx-duigou-bijianjian-zuizhi,MATH,already_in,
math-fx-jianshe-xiangliang-xitong-qiuxin,MATH,already_in,
math-fx-fenduan-shulie-chuli,MATH,already_in,
math-fx-qiexian-fangSuo-zhengti-sanbu,MATH,missing,
math-fx-zuobiaohua-yu-jidihua-xuanze,MATH,already_in,
math-fx-sincos-dingyv-zhiyv-duizhao,MATH,divergent,contentMarkdown
math-fx-dengbi-panding-sifa,MATH,already_in,
math-fx-you-zhouqi-duishibiao,MATH,already_in,
math-fx-hanshu-renyi-weiyi-liangyao,MATH,already_in,
math-fx-jihc-xiangdeng-qiucanshu,MATH,already_in,
math-fx-shuxue-guina-liangbu-guifan,MATH,already_in,
math-fx-wuzi-zhengming-junzhi,MATH,already_in,
math-fx-zhixian-yuan-xiangqie-qiucan,MATH,already_in,
math-fx-sanjiao-huajian-shunxu-yuanze,MATH,already_in,
math-fx-fushu-gonge-qiuz-jiqiao,MATH,divergent,summaryMarkdown
math-fx-yuan-yu-yuan-gongqie-qiucan,MATH,divergent,summaryMarkdown
math-fx-sanjiao-tuxiang-jiaodian-geshu,MATH,divergent,summaryMarkdown
math-fx-zhengyuxian-dingli-tuidao-silu,MATH,divergent,summaryMarkdown
math-fx-shulie-fangSuo-mubiao-daoyu-shiDu,MATH,missing,
math-fx-fushu-yicuo-bianxi,MATH,already_in,
math-fx-zhongbian-weizhi-queding-fa,MATH,already_in,
math-fx-qiou-duicheng-zhouqi-zuhe,MATH,already_in,
math-mo-daoshu-dingyi-jixian-bianxing,MATH,already_in,
math-mo-daoshu-gongshi-sizer-yunyong,MATH,already_in,
math-mo-qieXian-sanguanxi-liedengshi,MATH,missing,
math-mo-gongqieXian-fangchengzu,MATH,missing,
math-mo-duoqieXian-fangchengjiegeshu,MATH,missing,
math-mo-hanqian-dandiaoxing-liangzhuyi,MATH,already_in,
math-mo-hanCan-dandiao-fenlei,MATH,missing,
math-mo-dandiao-qiucan-liangxingshi,MATH,already_in,
math-mo-daoshu-gouzao-duizhao,MATH,already_in,
math-mo-jizhidian-tuXiang-luojilian,MATH,missing,
math-mo-jizhidian-qiucan-liangyaoling,MATH,already_in,
math-mo-hanCan-zuizhi-silu,MATH,missing,
math-mo-dingyv-juTi-yu-chouXiang,MATH,missing,
math-mo-jiexishi-sifa-buchong,MATH,already_in,
math-mo-fenduan-qiuzhi-neidaoWai,MATH,missing,
math-mo-dandiao-panding-sifang,MATH,already_in,
math-mo-dandiao-qiucan-sanchong,MATH,already_in,
math-mo-zhiyv-zuizhi-sanfa,MATH,already_in,
math-mo-qiou-jiou-panding-yunsuan,MATH,already_in,
math-mo-qiou-yingyong-sanyong,MATH,already_in,
math-mo-zhouqi-liuji-jiqiao,MATH,already_in,
math-mo-duicheng-Xian-yu-dian,MATH,missing,
math-mo-xingzhi-bijiao-daxiao,MATH,already_in,
math-mo-xingzhi-jie-budengshi,MATH,already_in,
math-mo-sidaxingzhi-zonghe,MATH,already_in,
math-mo-chouXiang-fuZhi-yu-fuhao,MATH,missing,
math-mo-XiangLiang-XianXing-yunsuan-tujing,MATH,missing,
math-mo-gongXian-dingli-shuangxingshi,MATH,missing,
math-mo-chuizhi-XiangLiang-panding,MATH,missing,
math-mo-touying-shu-yu-XiangLiang,MATH,missing,
math-mo-shuliangji-dingyi-zuobiaoshi,MATH,already_in,
math-mo-jiajiao-yuXian-shu,MATH,missing,
math-mo-shuliangji-zuizhi-wulu,MATH,already_in,
math-mo-XiangLiang-jihe-sanbuv2,MATH,missing,
math-mo-XiangLiang-wuli-yingyong,MATH,missing,
math-mo-XinDingyi-XiangLiang-silu,MATH,missing,
math-mo-jiheti-jiegou-bianXi,MATH,missing,
math-mo-XieErCe-sanbian-sanbuvbian,MATH,missing,
math-mo-biaoMian-zuiduan-zhankai,MATH,missing,
math-mo-biaoMianJi-ceMian-zhouJieMian,MATH,missing,
math-mo-tiJi-sifang,MATH,missing,
math-mo-waiJieQiu-buXing-chuixinXian,MATH,missing,
math-mo-neiQieQiu-dengtiJi-zhouJieMian,MATH,missing,
math-mo-jieMian-quan-gougu,MATH,missing,
math-mo-gongMian-gongXian-gongdian-zhengming,MATH,missing,
math-mo-liangzhixian-weizhi-panding,MATH,already_in,
math-mo-yiMianJiao-pingYi-buXing,MATH,missing,
math-mo-jieMian-jiaoXian-zuofa,MATH,missing,
math-mo-pingXing-mingti-panding,MATH,missing,
math-mo-XianMian-pingXing-panding-yu-xingZhi,MATH,missing,
math-mo-MianMian-pingXing-zhengfa,MATH,missing,
math-mo-MianMian-pingXing-xingZhi-yingyong,MATH,missing,
math-mo-pingXing-zonghe-zhuanhua,MATH,missing,
math-mo-chuizhi-mingti-zhengfangti,MATH,already_in,
math-mo-XianMian-chuizhi-sifapanding,MATH,missing,
math-mo-MianMian-chuizhi-liangfa,MATH,missing,
math-mo-MianMian-chuizhi-xingZhi-yiCuo,MATH,missing,
math-mo-chuizhi-zonghe-zhuanhua,MATH,already_in,
math-mo-pingchui-zonghe-luxian,MATH,already_in,
math-mo-tansuoXing-tiaojian-jielun,MATH,missing,
math-mo-XianMianJiao-yizuo-erzheng-sanqiu,MATH,missing,
math-mo-erMianJiao-sanfa-zuopingmianjiao,MATH,missing,
math-mo-kongJian-juLi-sanfa,MATH,missing,
math-mo-dengcha-jbld-zhiSanQiuEr,MATH,missing,
math-mo-dengcha-Xingzhi-sanjieshi,MATH,missing,
math-mo-dengcha-Sn-Xingzhi-sanjieshi,MATH,missing,
math-mo-dengcha-Sn-zuizhi-liangfa,MATH,missing,
math-mo-dengcha-jueduizhi-qiuhc,MATH,already_in,
math-mo-dengcha-panding-wufa,MATH,already_in,
math-mo-dengbi-jbld-xiaoyuan,MATH,already_in,
math-mo-dengbi-Sn-Xingzhi-silei,MATH,missing,
math-mo-dengbi-panding-yaoDian,MATH,missing,
math-mo-shulie-XinBeiJing-sanbu,MATH,missing,
math-mo-yuansu-jihe-guanxi-panding,MATH,already_in,
math-mo-yuansu-geshu-sanbu,MATH,already_in,
math-mo-yuansu-qiucan-huYiXing,MATH,missing,
math-mo-jihe-guanxi-panding-sanfa,MATH,already_in,
math-mo-ziJi-geshu-gongshi,MATH,missing,
math-mo-jihe-qiucan-kongJi-lisuan,MATH,missing,
math-mo-jiaoBing-bu-yunsuan-fangfa,MATH,missing,
math-mo-jihe-yunsuan-jiuguo-qiucan,MATH,already_in,
math-mo-jihe-jishu-rongchi,MATH,already_in,
math-mo-jihe-XinDingyi-yaoling,MATH,missing,
math-mo-chongFen-biYao-sanfa,MATH,missing,
math-mo-chongFen-qiucan-zhuanhua,MATH,missing,
math-mo-LiangCi-fouding-liangbu,MATH,missing,
math-mo-LiangCi-zhenjia-qiucan,MATH,missing,
math-mo-budengshi-panding-sanfa,MATH,already_in,
math-mo-budengshi-qiufanwei-daiDing,MATH,missing,
math-mo-bijiao-daxiao-zuocha-zuoshang,MATH,already_in,
math-mo-erci-budengshi-jie-sanbu,MATH,already_in,
math-mo-hanCan-erci-budengshi-fenlei,MATH,missing,
math-mo-sangerCi-guanxi-hugua,MATH,missing,
math-mo-erci-hengchengli-sanleixing,MATH,already_in,
math-mo-jiben-budengshi-qiuzui-wufa,MATH,already_in,
math-mo-jiben-budengshi-hengchengli-sidengjia,MATH,already_in,
math-mo-budengshi-shiJi-yingyong,MATH,missing,
math-mo-fushu-gainian-fenlei-bianxi,MATH,already_in,
math-mo-fushu-yunsuan-sifa,MATH,already_in,
math-mo-fushu-jihe-yiyi-duiying,MATH,already_in,
math-mo-fushu-XiangDeng-gonge-xingzhi,MATH,missing,
math-mo-fushu-mo-dingyi-Xingzhi,MATH,missing,
math-mo-fushu-sanJiaoXingshi-huhua,MATH,missing,
math-mo-fushu-guiJi-zuizhi,MATH,missing,
math-mo-fushu-fangcheng-qiugen,MATH,already_in,
math-mo-an-yu-Sn-liangsilu,MATH,missing,
math-mo-leijia-leicheng-liangfa,MATH,already_in,
math-mo-gouzao-tongXiang-sanleixing,MATH,missing,
math-mo-fenZu-bingXiang-qiuhc,MATH,missing,
math-mo-daoXu-XiangJia-tiaojian,MATH,missing,
math-mo-lieXiang-XiangXiao-yuanze,MATH,missing,
math-mo-cuoWei-XiangJian-yaoDian,MATH,missing,
math-mo-FeiBoNaQi-shulie,MATH,missing,
math-mo-shulie-budengshi-sanfangshi,MATH,already_in,
math-mo-gongGongXiang-zengJianXiang,MATH,missing,
math-mo-shulie-XinDingyi-jieti,MATH,missing,
math-mo-kongJian-XiangLiang-XianXing-guanJian,MATH,missing,
math-mo-gongXian-gongMian-dingli-bijiao,MATH,missing,
math-mo-jiXiangLiang-biaoshi-sanbu,MATH,missing,
math-mo-kongJian-shuliangji-yingyong,MATH,missing,
math-mo-kongJian-fangXiangXiang-gongXian,MATH,missing,
math-mo-kongJian-XianMian-pingXing-sanfa,MATH,missing,
math-mo-kongJian-MianMian-pingXing-faXiangLiang,MATH,missing,
math-mo-kongJian-XianXian-chuizhi-shuliangji,MATH,missing,
math-mo-kongJian-XianMian-chuizhi-faXiangLiang,MATH,missing,
math-mo-kongJian-MianMian-chuizhi-faXiangLiang,MATH,missing,
math-mo-yiMianJiao-zuobiao-sibu,MATH,missing,
math-mo-XianMianJiao-zuobiao-buzhou,MATH,missing,
math-mo-erMianJiao-faXiangLiang-jinChu,MATH,missing,
math-mo-dianXianJu-touying-gongshi,MATH,missing,
math-mo-dianMianJu-faXiangLiang-gongshi,MATH,missing,
math-mo-yiMian-juLi-gongChuiXian,MATH,missing,
math-mo-tansuoXing-XiangLiang-huaGui,MATH,missing,
math-mo-fanZhe-wenti-sanbu,MATH,missing,
math-mo-kongJian-zuizhi-fanWei-dongtai,MATH,missing,
math-mo-duiGou-hanshu-tuXiang-yaosu,MATH,missing,
math-mo-shuangDao-hanshu-shiBie,MATH,missing,
math-mo-fenShi-budengshi-chuanXian,MATH,missing,
math-mo-jueDuizhi-hanshu-chuli,MATH,missing,
math-mo-quZheng-gaosi-hanshu,MATH,missing,
math-mo-sanci-hanshu-guaiDian-zhongXin,MATH,missing,
math-mo-zhiShu-yiDianYiXian,MATH,missing,
math-mo-duiShu-jueDuizhi-liangLingdian,MATH,missing,
math-mo-duiShu-wuLi-zhongXinDieJia,MATH,missing,
math-mo-duiShu-fanBi-zhongXinQiaoFa,MATH,missing,
math-mo-duiShu-fanBi-jueDuizhi-duanDian,MATH,missing,
math-mo-chouXiang-fuZhi-wuzhong,MATH,missing,
math-mo-chouXiang-qiou-zhengming,MATH,missing,
math-mo-chouXiang-zhouqi-leibi,MATH,missing,
math-mo-chouXiang-moXing-XianXing,MATH,missing,
math-mo-chouXiang-moXing-erCi-deng,MATH,missing,
math-mo-jihe-yuansuGeshu-sanXingshi,MATH,missing,
math-mo-yiGouTongJi-gaiNian,MATH,missing,
math-mo-ziJi-qiucan-kongJi-shunXu,MATH,missing,
math-mo-jiaoBing-bu-XingZhi-qingdan,MATH,missing,
math-mo-weiEn-tu-yingyong,MATH,missing,
math-mo-mingTi-zhenjia-liangfa,MATH,missing,
math-mo-chongFen-panding-jihe,MATH,missing,
math-mo-shuTu-chongYao-chuanDi,MATH,missing,
math-mo-jiBuChongFen-yiBuBiYao,MATH,missing,
math-mo-chongYao-yingyong-hengDeng,MATH,missing,
math-mo-junZhi-budengshi-gongshiZu,MATH,missing,
math-mo-yiZhengErDingSanXiangDeng,MATH,missing,
math-mo-duiGou-coupei-quzui,MATH,missing,
math-mo-fenLi-ChangShu-duiGou,MATH,missing,
math-mo-Cheng1-daiHuan-jiChu,MATH,missing,
math-mo-jiHe-HunHe-tongChu,MATH,missing,
math-mo-jiHe-HunHe-jiebudengshi,MATH,missing,
math-mo-danFenMu-shuangFenMu-couPei,MATH,missing,
math-mo-sanJiaoXing-couDingZhi,MATH,missing,
math-mo-fenZi-vari-fenLi-zaiGouzao,MATH,missing,
math-mo-yinShiFenJie-a1b1,MATH,missing,
math-mo-qiCi-tongChu-huanYuan,MATH,missing,
math-mo-fanJie-daiRu-XiaoYuan,MATH,missing,
math-mo-liangCi-junZhi-quDeng,MATH,missing,
math-mo-wanNeng-K-fa,MATH,missing,
math-mo-sanYuan-duoYuan-jianYuan,MATH,missing,
math-mo-gen-de-fenbu-wuyaosu,MATH,already_in,
math-mo-erci-budengshi-zhengShuJie,MATH,missing,
math-mo-hengChengLi-fenLi-canshu-sitiao,MATH,missing,
math-mo-fanWei-zhengTiHuanYuan,MATH,missing,
math-mo-chouXiang-budengshi-dandiaoJie,MATH,missing,
math-mo-zhiDui-yunsuan-yuanZe,MATH,missing,
math-mo-miHanshu-sanXian-liuQu,MATH,missing,
math-mo-miHanshu-dandiao-qiou,MATH,missing,
math-mo-zhiShu-dandiao-tongDi,MATH,missing,
math-mo-zhiShu-qiou-sanLeixing,MATH,missing,
math-mo-zhiDui-xing-zhiyv-huanYuan,MATH,missing,
math-mo-duiShu-budengshi-sanleixing,MATH,missing,
math-mo-duiShu-fuhe-dandiao-silu,MATH,missing,
math-mo-zhiDui-biDaXiao-liufa,MATH,missing,
math-mo-zuoTu-sanfa,MATH,missing,
math-mo-tuXiang-bianShi-sibu,MATH,missing,
math-mo-youTu-xuanShi-sanChakan,MATH,missing,
math-mo-shiJi-tuXiang-panding,MATH,missing,
math-mo-lingdian-quJian-panding,MATH,missing,
math-mo-lingdian-geshu-sifa,MATH,already_in,
math-mo-lingdian-qiucan-sanfa,MATH,already_in,
math-mo-lingdian-he-duiChenXing,MATH,missing,
math-mo-fuhe-lingdian-sanbu,MATH,already_in,
math-mo-zhongBian-XiangTong-panding,MATH,missing,
math-mo-queding-jiao-de-XiangXian,MATH,missing,
math-mo-huDuZhi-huanSuan-shuZhi,MATH,missing,
math-mo-shanXing-huChang-mianJi,MATH,missing,
math-mo-sanJiao-dingyi-liangzhong,MATH,missing,
math-mo-sanJiao-fuhao-kouJue,MATH,missing,
math-mo-sanJiaoXian-danWeiYuan,MATH,missing,
math-mo-tongJiao-guanxi-bianXingZu,MATH,missing,
math-mo-Xian-shi-huaQie-sanlei,MATH,missing,
math-mo-sanJianKe-zhiYiQiuEr,MATH,missing,
math-mo-heChaJiao-erBeiJiao-gongshiZu,MATH,missing,
math-mo-fuZhuJiao-gongshi-teShuJiao,MATH,missing,
math-mo-geiJiao-qiuzhi-sanfangmian,MATH,missing,
math-mo-geiZhi-qiujiao-sanbu,MATH,missing,
math-mo-geiZhi-qiuzhi-silu,MATH,missing,
math-mo-wuDian-zuotu-guanJiandian,MATH,missing,
math-mo-sanJiao-qiou-phi-tiaojian,MATH,missing,
math-mo-sanJiao-zhouQi-jielun,MATH,missing,
math-mo-sanJiao-duiChen-gongshiZu,MATH,missing,
math-mo-sanJiao-zhiYv-liuXing,MATH,missing,
math-mo-omega-qiujie-wutujing,MATH,already_in,
math-mo-youTu-qiujieXishi-sanDing,MATH,missing,
math-mo-sanJiao-lingdian-gongshiZu,MATH,missing,
math-mo-sanJiao-XingZhi-lianDong,MATH,missing,
math-mo-sanJiao-moXing-lianglei,MATH,missing,
math-mo-jie-dange-sanJiaoXing,MATH,missing,
math-mo-jie-duoge-sanJiaoXing,MATH,missing,
math-mo-jiaoPingfen-xianChuizhi-zhongXian-chuli,MATH,missing,
math-mo-waiXin-neiXin-bianjie,MATH,missing,
math-mo-shiCe-ChangDu-JiaoDu-yaoDian,MATH,missing,
math-mo-sanJiaoXing-zuizhi-liangluxian,MATH,missing,
math-mo-sanJiaoXian-hengdengshi-zhengming,MATH,missing,
math-mo-zengZhang-SuDu-sanLeiBijiao,MATH,missing,
math-mo-changJian-hanShuMoXing-qingdan,MATH,missing,
math-mo-yiZhiMoXing-qiujie-guanJian,MATH,missing,
math-mo-yangBen-XiangGuanXiShu-gongshi,MATH,missing,
math-mo-fushu-guiJi-sidalei,MATH,missing,
math-mo-fushu-zuizhi-fangfa,MATH,already_in,
math-mo-lieXiang-jiqiao-silei,MATH,missing,
math-mo-fenCeng-chouYang-junZhi,MATH,missing,
math-mo-fenCeng-chouYang-fangCha,MATH,missing,
math-mo-quanGaiLv-yu-BeiYeSi,MATH,missing,
math-mo-boNuLi-erXiangFenBu-beiJing,MATH,missing,
math-mo-zuGeng-yuanLi,MATH,missing,
math-mo-sanYuXian-dingli,MATH,missing,
math-mo-tuoLeMi-dingli,MATH,missing,
math-mo-yuanMi-dingli,MATH,missing,
math-mo-yueYa-dingli,MATH,missing,
math-mo-siPingFangHe-dingli,MATH,missing,
math-mo-zhongGuo-ShengYu-dingli,MATH,missing,
math-mo-laGeLangRi-zhongZhi,MATH,missing,
math-mo-keXi-zhongZhi,MATH,missing,
math-mo-siTeWaErTe-dingli,MATH,missing,
math-mo-waiJieQiu-badaMoXing-qingdan,MATH,missing,
math-mo-zhengSiMianTi-sanQiu-banJing,MATH,missing,
math-mo-jieMian-jiaoXian-liangfa,MATH,missing,
math-mo-ling-kongji-lingXiangLiang-bianxi,MATH,missing,
math-mo-N-yu-NXing-bianxi,MATH,missing,
math-mo-shuYu-baoHan-bianxi,MATH,missing,
math-mo-quanCheng-cunZai-liangCi,MATH,missing,
math-mo-jihe-shijian-fuhao-duiying,MATH,already_in,
math-mo-qiucan-bulou-kongJi,MATH,missing,
math-mo-lingXiangLiang-renYiGongXian,MATH,missing,
math-mo-hanCan-erci-XiShuLing,MATH,missing,
math-mo-teShu-hua-ChangShuHanshu,MATH,missing,
math-mo-ZuiZhi-duanDian-jiZhi-buKe,MATH,missing,
math-mo-guiJi-teShuDian-jiXian,MATH,missing,
math-mo-XieLv-lingHuo-buCunZai,MATH,missing,
math-mo-yuan-jihc-xingzhi-youXian,MATH,missing,
math-mo-tuoYuan-shuangQuXian-she-mn,MATH,missing,
math-mo-kongJianJiao-fanWei-huiZong,MATH,missing,
math-mo-erMianJiao-faXiangLiang-jinChu-panDing,MATH,missing,
math-mo-dingyv-quJian-vs-youYiYi,MATH,missing,
math-mo-danDiaoQuJian-vs-zaiquJian-danDiao,MATH,missing,
math-mo-nengChengLi-vs-hengChengLi,MATH,missing,
math-mo-jiZhiDian-vs-daoHanShu-lingdian,MATH,missing,
math-mo-anZuiDa-vs-SnZuiDa,MATH,missing,
math-mo-erXiangShi-ab-ba-chaYi,MATH,missing,
math-mo-tongXiang-vs-pingXing-XiangLiang,MATH,missing,
math-mo-huChi-vs-duiLi-shiJian,MATH,missing,
math-mo-dingyv-youXian-yvYuTianRan,MATH,missing,
math-mo-sanJiao-jiaoDu-yinHan,MATH,missing,
math-mo-qieHuaXian-kaiFang-fuhao,MATH,missing,
math-mo-shulie-yinHan-tiaoJian,MATH,missing,
math-mo-yinHan-tiaoJian-huiZong-gailv,MATH,missing,
math-mo-jieda-qianhouwen-guanLian,MATH,missing,
math-mo-danDiaoZeng-fdaoyu-0,MATH,missing,
math-mo-sin-omegaX-zengQuJian-omegaFuHao,MATH,missing,
math-mo-sinA-erFenzhiyi-shuangJie,MATH,missing,
math-mo-cosA-zheng-buBiRuiJiao,MATH,missing,
math-mo-shuLiangJi-wuJiehelv,MATH,missing,
math-mo-dengbi-qzheng-xiangfu,MATH,already_in,
math-mo-Sn-erci-buBiDengCha,MATH,missing,
math-mo-pingMian-kongJian-buBiChengLi,MATH,missing,
math-mo-shuangQuXian-dongdian-juLi,MATH,missing,
math-mo-lingdian-dingli-fanzhi,MATH,already_in,
math-mo-jiaJiao-ruiDun-shuLiangJi-fanzhi,MATH,missing,
math-mo-duiLi-gailv-fanzhi,MATH,missing,
math-mo-dengcha-dengbi-xiabiaohe-fanzhi,MATH,already_in,
math-mo-XieLvJi-fuzhi-fanzhi,MATH,missing,
math-mo-jzhidian-pianyi-fangXiang-aotuxing,MATH,missing,
math-mo-jzhidian-pianyi-fangfa-xuanze,MATH,already_in,
math-mo-tongGou-diWeiTongDeng,MATH,missing,
math-mo-tongGou-zhiDuiKuaJie,MATH,missing,
math-mo-tongGou-lingdian-xing,MATH,missing,
math-mo-biYaoXing-tanLu-benZhi,MATH,missing,
math-mo-tanLu-danDuanDian,MATH,missing,
math-mo-tanLu-shuangDuanDian,MATH,missing,
math-mo-tanLu-duiShu-teShuDian,MATH,missing,
math-mo-zhuYuan-fa,MATH,missing,
math-mo-deMoGen-gongshi,MATH,missing,
math-mo-rongChi-yuanLi-jihe,MATH,missing,
math-mo-jiben-budengshi-lian-tangShui,MATH,missing,
math-mo-wanNeng-gongshi-banJiao,MATH,missing,
math-mo-heChaHuaJi-jiHuaHeCha,MATH,missing,
math-mo-zhongXianChang-dingli,MATH,missing,
math-mo-haiLun-qinJiuShao-gongshi,MATH,missing,
math-mo-sanBeiJiao-gongshi,MATH,missing,
math-mo-changKao-qiHanshu-qingdan,MATH,missing,
math-mo-jinSi-jiSuan-gongshiZu,MATH,missing,
math-mo-jizhi-diErPanding,MATH,missing,
math-mo-taiLe-zhanKai-shiZu,MATH,missing,
math-mo-taiLe-tuiLun-fangSuoZu,MATH,missing,
math-mo-cuoWei-wanNeng-jiegou,MATH,missing,
math-mo-shulie-gouZao-huiZong,MATH,missing,
math-mo-ouLa-gongshi-duoMianTi,MATH,missing,
math-mo-qiu-zuHeTi-banJing,MATH,missing,
math-mo-changFangTi-qieGeTi-waiJieQiu,MATH,missing,
math-mo-zhiLengZhu-waiJieQiu,MATH,missing,
math-mo-qieGua-moXing-shuangBanJing,MATH,missing,
math-mo-zheDie-quanDeng-sanJiaoXing-waiJieQiu,MATH,missing,
math-mo-qieXian-fangCheng-qingdan,MATH,missing,
math-mo-qieDianXian-fangCheng,MATH,missing,
math-mo-paSiKa-dingli,MATH,missing,
math-mo-tuoYuan-shuangQu-jiaoBanJing-tongJing,MATH,missing,
math-mo-tuoYuan-jiaoDianXian-dianCha,MATH,missing,
math-mo-paoWuXian-jiaoDianXian-jielunZu,MATH,missing,
math-mo-erXiangShi-XiShu-xingZhi,MATH,missing,
math-mo-changJianFenBu-qWang-fangCha,MATH,missing,
math-mo-huiGui-zhixian-guoZhongXin,MATH,missing,
phys-changgui-tuxiang-sibu-chuli,PHYSICS,already_in,
phys-xt-xielv-shunshi-sudu,PHYSICS,already_in,
phys-vt-xielv-jiasudu,PHYSICS,already_in,
phys-vt-mianji-wei-yi,PHYSICS,already_in,
phys-at-mianji-sudu-bian-hua-liang,PHYSICS,already_in,
phys-tuxiang-chuan-zhou-fang-xiang-gai-bian,PHYSICS,already_in,
phys-tuxiang-jiao-dian-wu-li-liang-xiang-tong,PHYSICS,already_in,
phys-fei-chang-gui-tuxiang-sibu,PHYSICS,already_in,
phys-v2-x-xielv-jie-ju,PHYSICS,already_in,
phys-a-x-mianji-v-ping-fang-bian-hua,PHYSICS,already_in,
phys-v-x-fanbi-yu-yi-ci-han-shu,PHYSICS,already_in,
phys-x-bi-t-xielv-jie-ju,PHYSICS,already_in,
phys-x-bi-t2-1-t-xielv-jie-ju,PHYSICS,already_in,
phys-1v-x-mianji-shi-jian,PHYSICS,already_in,
phys-lingchusu-shijian-dengfen-sudubi,PHYSICS,already_in,
phys-lingchusu-shijian-dengfen-wei-yi-bi,PHYSICS,already_in,
phys-lingchusu-wei-yi-dengfen-shijianbi,PHYSICS,already_in,
phys-lingchusu-wei-yi-dengfen-sudubi,PHYSICS,already_in,
phys-bili-tuilun-qianti-yun-jian-su-nixiang,PHYSICS,already_in,
phys-wei-yi-cha-gongshi,PHYSICS,already_in,
phys-bu-lianxu-wei-yi-cha-m-n,PHYSICS,already_in,
phys-pingjunsudu-deng-yu-zhongjian-shike,PHYSICS,already_in,
phys-zhongjian-wei-zhi-sudu-guanxi,PHYSICS,already_in,
phys-zhuiji-liang-guanxi-gongsu-linjie,PHYSICS,already_in,
phys-zhuiji-qianti-chushi-zhuang-tai,PHYSICS,already_in,
phys-zhuiji-wuli-fenxi-caotu,PHYSICS,already_in,
phys-zhuiji-tuxiang-fenxi-vt,PHYSICS,already_in,
phys-zhuiji-shuxue-fenxi-pan-ding-shi,PHYSICS,already_in,
phys-xiao-zhui-da-gongsu-zuiyuan-yici,PHYSICS,already_in,
phys-da-zhui-xiao-san-zhong-keneng,PHYSICS,already_in,
phys-shache-xianpan-tingzhi,PHYSICS,already_in,
phys-vt-tuxiang-duoguo-cheng-jieti,PHYSICS,already_in,
phys-gongdianli-pingheng-tiao-jian,PHYSICS,already_in,
phys-hechengfa-huafan-wei-jian,PHYSICS,already_in,
phys-fenjiefa-an-xiao-guo,PHYSICS,already_in,
phys-zhengjiao-fenjiefa-shi-yong,PHYSICS,already_in,
phys-zhengjiao-jian-zhou-yuan-ze,PHYSICS,already_in,
phys-zhengjiao-zhun-que-jiaodu,PHYSICS,already_in,
phys-zhengjiao-wan-zheng-fang-cheng,PHYSICS,already_in,
phys-zhengti-geli-zong-ze,PHYSICS,already_in,
phys-zhengtifa-you-xian-chang-jing,PHYSICS,already_in,
phys-gelifa-you-xian-chang-jing,PHYSICS,already_in,
phys-dongtai-pingheng-ding-yi-ti-yan,PHYSICS,already_in,
phys-sanli-shi-liang-sanjiaoxing-fa,PHYSICS,already_in,
phys-fuzhu-yuan-zhengxian-dingli-fa,PHYSICS,already_in,
phys-sanli-zhengxian-dingli-biao-da-shi,PHYSICS,already_in,
phys-xiang-si-sanjiaoxing-fa,PHYSICS,already_in,
phys-duoli-dongtai-pingheng-zhengjiao,PHYSICS,already_in,
phys-quan-fan-li-ding-yi,PHYSICS,already_in,
phys-mo-ca-jiao-tanphi-mu,PHYSICS,already_in,
phys-quanfanli-jie-ti-si-bu-zhou,PHYSICS,already_in,
phys-quanfanli-f-chuizhi-zuixiao-lali,PHYSICS,already_in,
phys-lianjieti-zhengtifa-qian-ti,PHYSICS,already_in,
phys-lianjieti-xian-zhengti-hou-geli,PHYSICS,already_in,
phys-lianjieti-jiasudu-butong-zhengshi,PHYSICS,already_in,
phys-sheng-lianjieti-deng-jiasudu,PHYSICS,already_in,
phys-gan-lianjieti-tong-jiasudu,PHYSICS,already_in,
phys-tanhuang-lianjieti-xia-hua-bu-fenli,PHYSICS,already_in,
phys-tanhuang-lianjieti-shang-hua-bi-fenli,PHYSICS,already_in,
phys-dongli-fenpei-neili-an-zhiliang,PHYSICS,already_in,
phys-dongli-fenpei-shi-yong-tiao-jian,PHYSICS,already_in,
phys-shuang-waili-jiao-cha-fen-pei,PHYSICS,already_in,
phys-chao-zhong-shi-zhong-pan-duan,PHYSICS,already_in,
phys-chuansongdai-si-ge-guan-jian,PHYSICS,already_in,
phys-shuiping-chuansongdai-tong-xiang,PHYSICS,already_in,
phys-shuiping-chuansongdai-fan-xiang,PHYSICS,already_in,
phys-chuansongdai-jiasu-mug-a0,PHYSICS,already_in,
phys-qingxie-chuansongdai-san-guan-jian,PHYSICS,already_in,
phys-diduan-v0-xiao-yu-v,PHYSICS,already_in,
phys-diduan-v0-da-yu-v,PHYSICS,already_in,
phys-diduan-v0-deng-yu-v,PHYSICS,already_in,
phys-dingduan-v0-xiao-yu-v,PHYSICS,already_in,
phys-dingduan-v0-da-yu-v,PHYSICS,already_in,
phys-dingduan-v0-deng-yu-v,PHYSICS,already_in,
phys-bankuai-liang-ge-jing-mo-ca-li,PHYSICS,already_in,
phys-kuai-chusudu-gongsu-qian,PHYSICS,already_in,
phys-kuai-chusudu-gongsu-hou,PHYSICS,already_in,
phys-ban-chusudu-gongsu-qian,PHYSICS,already_in,
phys-ban-chusudu-gongsu-hou,PHYSICS,already_in,
phys-kuai-waili-liang-ge-lin-jie,PHYSICS,already_in,
phys-ban-waili-liang-ge-lin-jie,PHYSICS,already_in,
phys-bankuai-v-f-qidong-pan-duan,PHYSICS,already_in,
phys-f-qidong-san-jie-duan,PHYSICS,already_in,
phys-v-qidong-mu-ban-shi-fou-bei-dai-dong,PHYSICS,already_in,
phys-linjiefa-duo-f-pan-hua,PHYSICS,already_in,
phys-jiashefa-dan-f-pan-hua,PHYSICS,already_in,
phys-bankuai-wei-yi-tong-xiang-fan-xiang,PHYSICS,already_in,
phys-qingxie-bankuai-bu-hua-dang-tiao-jian,PHYSICS,already_in,
phys-qingxie-bankuai-hua-dong-liang-jiasudu,PHYSICS,already_in,
phys-qingxie-bankuai-shang-qian-tiao-jian,PHYSICS,already_in,
phys-qingxie-bankuai-xia-qian-fan-wei,PHYSICS,already_in,
phys-pingpao-sudu-fen-liang-pian-xiang-jiao,PHYSICS,already_in,
phys-pingpao-wei-yi-fen-liang-pian-xiang-jiao,PHYSICS,already_in,
phys-pingpao-tan2bei,PHYSICS,already_in,
phys-pingpao-fan-xiang-yan-chang-zhong-dian,PHYSICS,already_in,
phys-pingpao-jiemian-guan-xi-xuan-ze,PHYSICS,already_in,
phys-pingpao-chui-zhi-da-xie-mian,PHYSICS,already_in,
phys-pingpao-luo-hui-xie-mian,PHYSICS,already_in,
phys-pingpao-xie-mian-xiang-qie,PHYSICS,already_in,
phys-pingpao-ju-xie-mian-zui-yuan,PHYSICS,already_in,
phys-pingpao-shi-jian-you-gao-du-jue-ding,PHYSICS,already_in,
phys-pingpao-zhuang-ji-yuan-hu,PHYSICS,already_in,
phys-pingpao-bu-neng-chui-zhi-yuan-hu,PHYSICS,already_in,
phys-pingpao-wu-peng-zhuang-jin-ru-yuan-hu,PHYSICS,already_in,
phys-xiepao-zheng-jiao-fen-jie,PHYSICS,already_in,
phys-xiepao-deng-gao-gong-shi,PHYSICS,already_in,
phys-xiepao-xie-jiao-fen-jie,PHYSICS,already_in,
phys-sheng-moxing-zui-gao-dian,PHYSICS,already_in,
phys-sheng-moxing-bu-neng-guo-zui-gao-dian,PHYSICS,already_in,
phys-gan-moxing-zui-gao-dian,PHYSICS,already_in,
phys-gan-moxing-fn-si-fen-qu,PHYSICS,already_in,
phys-yuan-zhui-bai-moxing,PHYSICS,already_in,
phys-qing-xie-yuan-pan-zui-yi-hua-dian,PHYSICS,already_in,
phys-qiche-zhuan-wan-xiang-xin-li,PHYSICS,already_in,
phys-huo-che-zhuan-wan-nei-wai-gui,PHYSICS,already_in,
phys-ao-xing-qiao-chao-zhong,PHYSICS,already_in,
phys-gong-xing-qiao-shi-zhong,PHYSICS,already_in,
phys-tuo-gui-zui-dian-lin-jie,PHYSICS,already_in,
phys-tuo-gui-zui-gao-dian-lin-jie,PHYSICS,already_in,
phys-huang-jin-dai-huan,PHYSICS,already_in,
phys-zhong-li-fa-qiu-mi-du,PHYSICS,already_in,
phys-huan-rao-fa-qiu-zhi-liang,PHYSICS,already_in,
phys-huan-rao-fa-qiu-mi-du,PHYSICS,already_in,
phys-wei-xing-fa-she-bian-gui,PHYSICS,already_in,
phys-li-xin-jin-xin-pan-duan,PHYSICS,already_in,
phys-bian-gui-si-du-pai-xu,PHYSICS,already_in,
phys-bian-gui-tong-dian-jia-su-du,PHYSICS,already_in,
phys-bian-gui-zhou-qi-kai-pu-le,PHYSICS,already_in,
phys-bian-gui-ji-xie-neng,PHYSICS,already_in,
phys-tian-ti-gong-xian-zui-jin-zui-yuan,PHYSICS,already_in,
phys-tian-ti-tong-xiang-zhui-ji,PHYSICS,already_in,
phys-tian-ti-fan-xiang-xiang-yu,PHYSICS,already_in,
phys-tian-ti-bu-tong-mian-xiang-yu,PHYSICS,already_in,
phys-dong-neng-ding-li-bian-li-si-lu,PHYSICS,already_in,
phys-ping-jun-zhi-fa-bian-li-gong,PHYSICS,already_in,
phys-zhuan-huan-dui-xiang-sheng-gong,PHYSICS,already_in,
phys-heng-gong-lv-wpt,PHYSICS,already_in,
phys-gong-lv-xian-xing-ping-jun,PHYSICS,already_in,
phys-f-x-mian-ji-gong,PHYSICS,already_in,
phys-p-t-mian-ji-gong,PHYSICS,already_in,
phys-wei-yuan-fa-bian-li-gong,PHYSICS,already_in,
phys-kinetic-theorem-segmented-method,PHYSICS,already_in,
phys-kinetic-theorem-whole-process,PHYSICS,already_in,
phys-chain-liquid-column-conservation,PHYSICS,already_in,
phys-chain-equivalent-centroid-calc,PHYSICS,already_in,
phys-rope-equal-speed-system,PHYSICS,already_in,
phys-rod-equal-omega-system,PHYSICS,already_in,
phys-along-rope-component-speed,PHYSICS,already_in,
phys-coupled-system-analysis-steps,PHYSICS,already_in,
phys-system-deltaek-deltaep,PHYSICS,already_in,
phys-system-object-energy-transfer,PHYSICS,already_in,
phys-system-energy-form-transfer,PHYSICS,already_in,
phys-spring-problem-three-steps,PHYSICS,already_in,
phys-spring-natural-length-max-speed,PHYSICS,already_in,
phys-spring-extreme-elastic-pe-max,PHYSICS,already_in,
phys-work-measures-energy-transfer,PHYSICS,already_in,
phys-friction-energy-analysis-steps,PHYSICS,already_in,
phys-kinetic-friction-pair-heat,PHYSICS,already_in,
phys-static-friction-pair-transfer,PHYSICS,already_in,
phys-belt-motor-extra-energy,PHYSICS,already_in,
phys-fluid-microelement-momentum,PHYSICS,already_in,
phys-fluid-column-expressions,PHYSICS,already_in,
phys-collision-classification,PHYSICS,already_in,
phys-collision-ke-non-increase,PHYSICS,already_in,
phys-collision-velocity-same-direction,PHYSICS,already_in,
phys-collision-velocity-opposite-direction,PHYSICS,already_in,
phys-elastic-collision-general-formula,PHYSICS,already_in,
phys-elastic-one-moving-one-static,PHYSICS,already_in,
phys-equal-mass-velocity-swap,PHYSICS,already_in,
phys-perfectly-inelastic-formula,PHYSICS,already_in,
phys-perfectly-inelastic-loss-rules,PHYSICS,already_in,
phys-man-boat-model,PHYSICS,already_in,
phys-bullet-model-essence,PHYSICS,already_in,
phys-bullet-embeds-block,PHYSICS,already_in,
phys-bullet-pierces-block,PHYSICS,already_in,
phys-block-board-strategy,PHYSICS,already_in,
phys-ball-spring-conservation,PHYSICS,already_in,
phys-spring-costate-max-pe,PHYSICS,already_in,
phys-spring-origin-length-elastic,PHYSICS,already_in,
phys-curve-top-shared-velocity,PHYSICS,already_in,
phys-curve-return-elastic,PHYSICS,already_in,
phys-hanging-rope-model,PHYSICS,already_in,
phys-three-viewpoints-overview,PHYSICS,already_in,
phys-dynamics-viewpoint-choice,PHYSICS,already_in,
phys-continuous-force-choice,PHYSICS,already_in,
phys-system-two-conservations,PHYSICS,already_in,
phys-relative-displacement-energy,PHYSICS,already_in,
phys-impulsive-events-momentum,PHYSICS,already_in,
phys-wave-multiplicity-periodicity,PHYSICS,already_in,
phys-wave-multiplicity-bidirection,PHYSICS,already_in,
phys-same-side-method,PHYSICS,already_in,
phys-up-down-slope-method,PHYSICS,already_in,
phys-slight-translation-method,PHYSICS,already_in,
phys-driving-method,PHYSICS,already_in,
phys-vibration-wave-graph-meaning,PHYSICS,already_in,
phys-vibration-wave-graph-evolution,PHYSICS,already_in,
phys-interference-same-phase-condition,PHYSICS,already_in,
phys-interference-opposite-phase-condition,PHYSICS,already_in,
phys-interference-phenomenon-judgment,PHYSICS,already_in,
phys-wave-speed-by-medium,PHYSICS,already_in,
phys-field-strength-three-formulas,PHYSICS,already_in,
phys-symmetry-method-field,PHYSICS,already_in,
phys-notched-ring-center-field,PHYSICS,already_in,
phys-cut-fill-method-field,PHYSICS,already_in,
phys-microelement-method-field,PHYSICS,already_in,
phys-uniform-field-lines,PHYSICS,already_in,
phys-positive-charge-field-pattern,PHYSICS,already_in,
phys-equal-opposite-line-field,PHYSICS,already_in,
phys-equal-opposite-perp-bisector,PHYSICS,already_in,
phys-equal-same-line-field,PHYSICS,already_in,
phys-equal-same-perp-bisector,PHYSICS,already_in,
phys-uniform-field-midpoint-potential,PHYSICS,already_in,
phys-uniform-field-parallel-segments,PHYSICS,already_in,
phys-electric-work-qu,PHYSICS,already_in,
phys-electric-work-qed,PHYSICS,already_in,
phys-electric-work-potential-change,PHYSICS,already_in,
phys-electric-work-other-forces-kinetic,PHYSICS,already_in,
phys-only-electric-work-conservation,PHYSICS,already_in,
phys-electric-gravity-three-sum,PHYSICS,already_in,
phys-electric-other-work-mechanical-change,PHYSICS,already_in,
phys-potential-energy-formula-judge,PHYSICS,already_in,
phys-potential-work-judge,PHYSICS,already_in,
phys-potential-conservation-judge,PHYSICS,already_in,
phys-point-charge-potential-superposition,PHYSICS,already_in,
phys-trajectory-force-direction,PHYSICS,already_in,
phys-force-velocity-angle,PHYSICS,already_in,
phys-field-graph-analysis-key,PHYSICS,already_in,
phys-phi-x-graph-slope,PHYSICS,already_in,
phys-phi-x-graph-energy,PHYSICS,already_in,
phys-ex-graph-area,PHYSICS,already_in,
phys-epx-graph-points,PHYSICS,already_in,
phys-vt-graph-electrostatic,PHYSICS,already_in,
phys-particle-linear-conditions,PHYSICS,already_in,
phys-trajectory-fieldline-coincide,PHYSICS,already_in,
phys-particle-linear-methods,PHYSICS,already_in,
phys-deflection-parabola,PHYSICS,already_in,
phys-screen-offset-methods,PHYSICS,already_in,
phys-deflection-independent-of-qm,PHYSICS,already_in,
phys-equivalent-gravity-method,PHYSICS,already_in,
phys-equivalent-highest-lowest-points,PHYSICS,already_in,
phys-ac-field-linear-types,PHYSICS,already_in,
phys-ac-field-thinking,PHYSICS,already_in,
phys-ac-field-vt-technique,PHYSICS,already_in,
phys-vt-drawing-notes,PHYSICS,already_in,
phys-ac-field-deflection-feature,PHYSICS,already_in,
phys-ac-deflection-thinking,PHYSICS,already_in,
phys-fault-check-principle,PHYSICS,already_in,
phys-voltmeter-fault-reading,PHYSICS,already_in,
phys-ohmmeter-fault-reading,PHYSICS,already_in,
phys-ohmmeter-component-features,PHYSICS,already_in,
phys-procedure-method-dynamic,PHYSICS,already_in,
phys-series-reverse-parallel-same,PHYSICS,already_in,
phys-serial-reverse-limits,PHYSICS,already_in,
phys-extreme-method-rheostat,PHYSICS,already_in,
phys-meter-switch-as-resistor,PHYSICS,already_in,
phys-max-output-power,PHYSICS,already_in,
phys-output-power-two-resistors,PHYSICS,already_in,
phys-capacitor-steady-open,PHYSICS,already_in,
phys-capacitor-charge-change,PHYSICS,already_in,
phys-capacitor-simplification,PHYSICS,already_in,
phys-ammeter-inside-connection,PHYSICS,already_in,
phys-ammeter-outside-connection,PHYSICS,already_in,
phys-rx-compare-sqrt,PHYSICS,already_in,
phys-touch-trial-method,PHYSICS,already_in,
phys-known-meter-resistance-choice,PHYSICS,already_in,
phys-voltvolt-method,PHYSICS,already_in,
phys-ampamp-method,PHYSICS,already_in,
phys-substitution-method-resistance,PHYSICS,already_in,
phys-bridge-method-resistance,PHYSICS,already_in,
phys-half-bias-ammeter-procedure,PHYSICS,already_in,
phys-half-bias-voltmeter-procedure,PHYSICS,already_in,
phys-half-bias-ammeter-error,PHYSICS,already_in,
phys-half-bias-voltmeter-error,PHYSICS,already_in,
phys-iv-curve-resistance,PHYSICS,already_in,
phys-emf-experiment-principle,PHYSICS,already_in,
phys-ui-graph-emf,PHYSICS,already_in,
phys-emf-error-voltmeter-direct,PHYSICS,already_in,
phys-emf-error-ammeter-series,PHYSICS,already_in,
phys-magnetic-core-formulas,PHYSICS,already_in,
phys-circle-center-determination,PHYSICS,already_in,
phys-straight-boundary-symmetry,PHYSICS,already_in,
phys-field-time-formula,PHYSICS,already_in,
phys-chord-radius-relation,PHYSICS,already_in,
phys-parallel-boundary-critical,PHYSICS,already_in,
phys-circular-boundary-radial,PHYSICS,already_in,
phys-circular-boundary-geometry,PHYSICS,already_in,
phys-magnetic-focusing-divergence,PHYSICS,already_in,
phys-toroidal-field-constraint,PHYSICS,already_in,
phys-magnetic-boundary-critical-keywords,PHYSICS,already_in,
phys-scaling-circle-method,PHYSICS,already_in,
phys-rotating-circle-method,PHYSICS,already_in,
phys-rotating-circle-coverage-region,PHYSICS,already_in,
phys-magnetic-motion-time-central-angle,PHYSICS,already_in,
phys-multi-solution-charge-uncertain,PHYSICS,already_in,
phys-multi-solution-field-direction-uncertain,PHYSICS,already_in,
phys-multi-solution-critical-state-not-unique,PHYSICS,already_in,
phys-multi-solution-periodic-motion,PHYSICS,already_in,
phys-combined-field-solving-steps,PHYSICS,already_in,
phys-field-field-combination,PHYSICS,already_in,
phys-efield-bfield-combination,PHYSICS,already_in,
phys-superimposed-field-definition,PHYSICS,already_in,
phys-superimposed-zero-net-force,PHYSICS,already_in,
phys-superimposed-gravity-efield-cancel,PHYSICS,already_in,
phys-superimposed-varying-net-force,PHYSICS,already_in,
phys-velocity-addition-method,PHYSICS,already_in,
phys-alternating-field-solving-steps,PHYSICS,already_in,
phys-velocity-selector,PHYSICS,already_in,
phys-velocity-selector-speed-only,PHYSICS,already_in,
phys-mass-spectrometer-principle,PHYSICS,already_in,
phys-mass-spectrometer-radius-formula,PHYSICS,already_in,
phys-cyclotron-resonance-condition,PHYSICS,already_in,
phys-cyclotron-max-kinetic-energy,PHYSICS,already_in,
phys-cyclotron-max-energy-independent-of-voltage,PHYSICS,already_in,
phys-cyclotron-total-time,PHYSICS,already_in,
phys-mhd-generator-emf,PHYSICS,already_in,
phys-mhd-generator-polarity,PHYSICS,already_in,
phys-hall-voltage-formula,PHYSICS,already_in,
phys-hall-potential-judgment,PHYSICS,already_in,
phys-electromagnetic-flowmeter,PHYSICS,already_in,
phys-lenz-generalized-obstruction,PHYSICS,already_in,
phys-lenz-increase-opposite-decrease-same,PHYSICS,already_in,
phys-lenz-come-reject-go-stay,PHYSICS,already_in,
phys-lenz-expand-shrink,PHYSICS,already_in,
phys-lenz-expand-shrink-boundary,PHYSICS,already_in,
phys-lenz-self-induction-current,PHYSICS,already_in,
phys-faraday-emf-formula,PHYSICS,already_in,
phys-right-hand-rule,PHYSICS,already_in,
phys-emf-average-instantaneous,PHYSICS,already_in,
phys-effective-cutting-length,PHYSICS,already_in,
phys-effective-length-parallel-zero,PHYSICS,already_in,
phys-velocity-relative-to-field,PHYSICS,already_in,
phys-rotational-cutting-emf,PHYSICS,already_in,
phys-rotational-cutting-radial-difference,PHYSICS,already_in,
phys-induced-emf-b-changing,PHYSICS,already_in,
phys-bt-graph-slope-emf,PHYSICS,already_in,
phys-rod-resistor-deceleration-dynamics,PHYSICS,already_in,
phys-rod-resistor-heat-energy,PHYSICS,already_in,
phys-rod-source-max-velocity,PHYSICS,already_in,
phys-rod-source-energy-conversion,PHYSICS,already_in,
phys-rod-constant-force-max-velocity,PHYSICS,already_in,
phys-rod-constant-force-energy,PHYSICS,already_in,
phys-ampere-impulse-momentum,PHYSICS,already_in,
phys-capacitor-rod-initial-velocity,PHYSICS,already_in,
phys-capacitor-rod-charge-not-zero,PHYSICS,already_in,
phys-capacitor-source-rod-final-velocity,PHYSICS,already_in,
phys-capacitor-rod-constant-force,PHYSICS,already_in,
phys-double-rod-smooth-initial-velocity,PHYSICS,already_in,
phys-double-rod-smooth-constant-force,PHYSICS,already_in,
phys-double-rod-rough-constant-force,PHYSICS,already_in,
phys-double-rod-energy-smooth-no-force,PHYSICS,already_in,
phys-double-rod-energy-constant-force,PHYSICS,already_in,
phys-double-rod-energy-rough,PHYSICS,already_in,
phys-double-rod-momentum-conservation-condition,PHYSICS,already_in,
phys-double-rod-final-state-no-force,PHYSICS,already_in,
phys-double-rod-final-state-with-force,PHYSICS,already_in,
phys-unequal-spacing-rods-smooth,PHYSICS,already_in,
phys-unequal-spacing-rods-constant-force,PHYSICS,already_in,
phys-nonparallel-rails-length-resistance,PHYSICS,already_in,
phys-nonparallel-rails-dynamics,PHYSICS,already_in,
phys-nonparallel-rails-energy,PHYSICS,already_in,
phys-loop-horizontal-dynamics,PHYSICS,already_in,
phys-loop-uniform-force-balance,PHYSICS,already_in,
phys-loop-no-current-fully-inside,PHYSICS,already_in,
phys-loop-free-fall-entry-cases,PHYSICS,already_in,
phys-loop-energy-analysis,PHYSICS,already_in,
phys-loop-charge-formula,PHYSICS,already_in,
phys-transformer-power-relation,PHYSICS,already_in,
phys-transformer-voltage-relation,PHYSICS,already_in,
phys-transformer-current-single-secondary,PHYSICS,already_in,
phys-transformer-current-multi-secondary,PHYSICS,already_in,
phys-transformer-frequency-invariant,PHYSICS,already_in,
phys-transmission-three-circuits,PHYSICS,already_in,
phys-transmission-loss-formula,PHYSICS,already_in,
phys-transformer-equivalent-resistance,PHYSICS,already_in,
phys-transformer-equivalent-source,PHYSICS,already_in,
phys-first-law-sign-convention,PHYSICS,already_in,
phys-first-law-special-cases,PHYSICS,already_in,
phys-boyle-law,PHYSICS,already_in,
phys-charles-law,PHYSICS,already_in,
phys-guy-lussac-law,PHYSICS,already_in,
phys-gas-thermo-solving-workflow,PHYSICS,already_in,
phys-pressure-force-balance-method,PHYSICS,already_in,
phys-pressure-equal-pressure-surface,PHYSICS,already_in,
phys-pressure-liquid-slice-method,PHYSICS,already_in,
phys-single-gas-multi-process-steps,PHYSICS,already_in,
phys-linked-gas-problems,PHYSICS,already_in,
phys-gas-inflate-analysis,PHYSICS,already_in,
phys-gas-extract-analysis,PHYSICS,already_in,
phys-gas-mixing-analysis,PHYSICS,already_in,
phys-gas-leak-analysis,PHYSICS,already_in,
phys-gas-pressure-conversion-method,PHYSICS,already_in,
phys-clapeyron-mixing-formula,PHYSICS,already_in,
phys-isothermal-partition-formula,PHYSICS,already_in,
phys-refractive-index-three-formulas,PHYSICS,already_in,
phys-total-reflection-conditions,PHYSICS,already_in,
phys-critical-angle-formula,PHYSICS,already_in,
phys-dispersion-cause,PHYSICS,already_in,
phys-deflection-index-chain,PHYSICS,already_in,
phys-apparent-depth,PHYSICS,already_in,
phys-apparent-height,PHYSICS,already_in,
phys-light-frequency-invariant-medium,PHYSICS,already_in,
phys-color-light-parameter-table,PHYSICS,already_in,
phys-refraction-analysis-workflow,PHYSICS,already_in,
phys-optical-boundary-reflection-notes,PHYSICS,already_in,
phys-double-slit-fringe-spacing,PHYSICS,already_in,
phys-double-slit-bright-fringe-condition,PHYSICS,already_in,
phys-double-slit-dark-fringe-condition,PHYSICS,already_in,
phys-thin-film-interference-cause,PHYSICS,already_in,
phys-thin-film-bright-dark-condition,PHYSICS,already_in,
phys-anti-reflection-coating,PHYSICS,already_in,
phys-flatness-check-by-interference,PHYSICS,already_in,
phys-wedge-film-fringe-spacing,PHYSICS,already_in,
phys-diffraction-wavelength-relation,PHYSICS,already_in,
phys-diffraction-rectilinear-limit,PHYSICS,already_in,
phys-single-slit-vs-double-slit,PHYSICS,already_in,
phys-interference-diffraction-essence,PHYSICS,already_in,
phys-photoelectric-frequency-decides,PHYSICS,already_in,
phys-photoelectric-light-scope,PHYSICS,already_in,
phys-work-function-metal-determined,PHYSICS,already_in,
phys-photoelectron-is-electron,PHYSICS,already_in,
phys-intensity-to-photocurrent,PHYSICS,already_in,
phys-frequency-to-stopping-voltage,PHYSICS,already_in,
phys-photoelectric-equation,PHYSICS,already_in,
phys-max-ke-stopping-voltage,PHYSICS,already_in,
phys-work-function-limit-frequency,PHYSICS,already_in,
phys-ekm-nu-graph-analysis,PHYSICS,already_in,
phys-iu-graph-intensity-variant,PHYSICS,already_in,
phys-iu-graph-frequency-variant,PHYSICS,already_in,
phys-uc-nu-graph-analysis,PHYSICS,already_in,
phys-kb-point-mass-ideal-model,PHYSICS,already_in,
phys-kb-reference-frame-relativity,PHYSICS,already_in,
phys-kb-instant-vs-interval,PHYSICS,already_in,
phys-kb-displacement-vs-distance,PHYSICS,already_in,
phys-kb-vector-scalar-classify,PHYSICS,already_in,
phys-kb-average-instant-velocity,PHYSICS,already_in,
phys-kb-acceleration-definition-judge,PHYSICS,already_in,
phys-kb-uniform-accel-three-formulas,PHYSICS,already_in,
phys-kb-midtime-velocity-theorem,PHYSICS,already_in,
phys-kb-successive-interval-delta-x,PHYSICS,already_in,
phys-kb-zero-initial-proportion,PHYSICS,already_in,
phys-kb-free-fall-motion,PHYSICS,already_in,
phys-kb-vertical-throw-motion,PHYSICS,already_in,
phys-kb-x-t-graph-reading,PHYSICS,already_in,
phys-kb-v-t-graph-reading,PHYSICS,already_in,
phys-kb-a-t-graph-reading,PHYSICS,already_in,
phys-kb-chase-meet-criterion,PHYSICS,already_in,
phys-kb-reverse-thinking-kinematics,PHYSICS,already_in,
phys-kb-force-concept-effect,PHYSICS,already_in,
phys-kb-gravity-property-g,PHYSICS,already_in,
phys-kb-center-of-gravity,PHYSICS,already_in,
phys-kb-elastic-force-condition,PHYSICS,already_in,
phys-kb-elastic-force-direction,PHYSICS,already_in,
phys-kb-hook-law,PHYSICS,already_in,
phys-kb-friction-condition-direction,PHYSICS,already_in,
phys-kb-sliding-friction-formula,PHYSICS,already_in,
phys-kb-static-friction-property,PHYSICS,already_in,
phys-kb-friction-mutation-judge,PHYSICS,already_in,
phys-kb-force-analysis-procedure,PHYSICS,already_in,
phys-kb-force-composition-range,PHYSICS,already_in,
phys-kb-force-decomposition-orthogonal,PHYSICS,already_in,
phys-kb-equilibrium-condition,PHYSICS,already_in,
phys-kb-three-force-balance-methods,PHYSICS,already_in,
phys-kb-dynamic-equilibrium-methods,PHYSICS,already_in,
phys-kb-whole-body-isolation-method,PHYSICS,already_in,
phys-kb-newton-first-law-inertia,PHYSICS,already_in,
phys-kb-inertia-mass-only,PHYSICS,already_in,
phys-kb-newton-second-law,PHYSICS,already_in,
phys-kb-instant-mutation-rope-spring,PHYSICS,already_in,
phys-kb-newton-third-law-pairs,PHYSICS,already_in,
phys-kb-overweight-weightless-judge,PHYSICS,already_in,
phys-kb-dynamics-two-bridge,PHYSICS,already_in,
phys-kb-isochronous-circle-model,PHYSICS,already_in,
phys-kb-connected-body-force-split,PHYSICS,already_in,
phys-kb-block-plank-model,PHYSICS,already_in,
phys-kb-belt-conveyor-model,PHYSICS,already_in,
phys-kb-critical-condition-four-types,PHYSICS,already_in,
phys-kb-newton-motion-image-method,PHYSICS,already_in,
phys-kb-curved-motion-condition,PHYSICS,already_in,
phys-kb-speed-change-angle-judge,PHYSICS,already_in,
phys-kb-motion-composition-independence,PHYSICS,already_in,
phys-kb-boat-crossing-river,PHYSICS,already_in,
phys-kb-related-velocity-rope,PHYSICS,already_in,
phys-kb-projectile-motion-formulas,PHYSICS,already_in,
phys-kb-projectile-two-conclusions,PHYSICS,already_in,
phys-kb-oblique-throw-motion,PHYSICS,already_in,
phys-kb-circular-quantities-relation,PHYSICS,already_in,
phys-kb-centripetal-force-effect,PHYSICS,already_in,
phys-kb-transmission-motion-rules,PHYSICS,already_in,
phys-kb-horizontal-turntable-critical,PHYSICS,already_in,
phys-kb-conical-pendulum-model,PHYSICS,already_in,
phys-kb-train-turning-model,PHYSICS,already_in,
phys-kb-arch-bridge-model,PHYSICS,already_in,
phys-kb-rope-rod-ball-critical,PHYSICS,already_in,
phys-kb-centrifugal-near-motion-condition,PHYSICS,already_in,
phys-kb-inclined-circle-motion-method,PHYSICS,already_in,
phys-kb-kepler-three-laws,PHYSICS,already_in,
phys-kb-universal-gravitation-law,PHYSICS,already_in,
phys-kb-gravity-gravitation-relation,PHYSICS,already_in,
phys-kb-three-cosmic-velocities,PHYSICS,already_in,
phys-kb-satellite-parameters-radius,PHYSICS,already_in,
phys-kb-geostationary-six-constant,PHYSICS,already_in,
phys-kb-mass-density-of-celestial,PHYSICS,already_in,
phys-kb-orbit-change-principle,PHYSICS,already_in,
phys-kb-binary-star-model,PHYSICS,already_in,
phys-kb-satellite-chase-encounter,PHYSICS,already_in,
phys-kb-work-definition-sign,PHYSICS,already_in,
phys-kb-various-forces-work-feature,PHYSICS,already_in,
phys-kb-power-formulas-compare,PHYSICS,already_in,
phys-kb-gravitational-potential-energy,PHYSICS,already_in,
phys-kb-elastic-potential-energy,PHYSICS,already_in,
phys-kb-kinetic-energy-theorem,PHYSICS,already_in,
phys-kb-mechanical-energy-conservation,PHYSICS,already_in,
phys-kb-function-energy-relation-table,PHYSICS,already_in,
phys-kb-energy-conservation-law,PHYSICS,already_in,
phys-kb-variable-force-work-methods,PHYSICS,already_in,
phys-kb-engine-startup-two-modes,PHYSICS,already_in,
phys-kb-belt-plank-energy-relation,PHYSICS,already_in,
phys-kb-momentum-definition-property,PHYSICS,already_in,
phys-kb-momentum-kinetic-energy-relation,PHYSICS,already_in,
phys-kb-impulse-definition-calc,PHYSICS,already_in,
phys-kb-momentum-theorem,PHYSICS,already_in,
phys-kb-momentum-conservation-law,PHYSICS,already_in,
phys-kb-collision-three-principles,PHYSICS,already_in,
phys-kb-elastic-collision-one-static,PHYSICS,already_in,
phys-kb-completely-inelastic-collision,PHYSICS,already_in,
phys-kb-explosion-recoil-motion,PHYSICS,already_in,
phys-kb-boat-man-model,PHYSICS,already_in,
phys-kb-bullet-block-model,PHYSICS,already_in,
phys-kb-fluid-particle-momentum,PHYSICS,already_in,
phys-kb-slider-curve-surface-model,PHYSICS,already_in,
phys-kb-slider-spring-model,PHYSICS,already_in,
phys-kb-three-views-selection,PHYSICS,already_in,
phys-kb-mechanics-image-area-slope,PHYSICS,already_in,
phys-kb-multi-body-multi-process-method,PHYSICS,already_in,
phys-kb-em-induction-momentum-view,PHYSICS,already_in,
phys-kb-charge-conservation-three-ways,PHYSICS,already_in,
phys-kb-elementary-charge,PHYSICS,already_in,
phys-kb-coulomb-law,PHYSICS,already_in,
phys-kb-electric-field-intensity,PHYSICS,already_in,
phys-kb-electric-field-line-feature,PHYSICS,already_in,
phys-kb-equal-charge-field-distribution,PHYSICS,already_in,
phys-kb-electric-potential-potential-energy,PHYSICS,already_in,
phys-kb-field-force-work-potential-energy,PHYSICS,already_in,
phys-kb-equipotential-surface-feature,PHYSICS,already_in,
phys-kb-potential-difference-u-ed,PHYSICS,already_in,
phys-kb-electrostatic-equilibrium-feature,PHYSICS,already_in,
phys-kb-capacitor-capacitance,PHYSICS,already_in,
phys-kb-capacitor-dynamic-analysis,PHYSICS,already_in,
phys-kb-charged-particle-accelerate-deflect,PHYSICS,already_in,
phys-kb-equivalent-gravity-field,PHYSICS,already_in,
phys-kb-electric-field-image-analysis,PHYSICS,already_in,
phys-kb-particle-trajectory-judge,PHYSICS,already_in,
phys-kb-alternating-field-motion,PHYSICS,already_in,
phys-kb-current-definition-micro,PHYSICS,already_in,
phys-kb-resistance-law-resistivity,PHYSICS,already_in,
phys-kb-electromotive-force,PHYSICS,already_in,
phys-kb-electric-work-power-heat,PHYSICS,already_in,
phys-kb-series-parallel-rules,PHYSICS,already_in,
phys-kb-closed-circuit-ohm-law,PHYSICS,already_in,
phys-kb-max-output-power-r-equal,PHYSICS,already_in,
phys-kb-circuit-dynamic-analysis,PHYSICS,already_in,
phys-kb-ammeter-voltmeter-connection,PHYSICS,already_in,
phys-kb-rheostat-limiting-vs-dividing,PHYSICS,already_in,
phys-kb-meter-modification,PHYSICS,already_in,
phys-kb-magnetic-field-line-feature,PHYSICS,already_in,
phys-kb-magnetic-induction-b,PHYSICS,already_in,
phys-kb-magnetic-flux-calc,PHYSICS,already_in,
phys-kb-ampere-force-left-hand,PHYSICS,already_in,
phys-kb-lorentz-force-feature,PHYSICS,already_in,
phys-kb-charged-particle-circle-in-b,PHYSICS,already_in,
phys-kb-bounded-magnetic-field-critical,PHYSICS,already_in,
phys-kb-magnetic-focus-defocus,PHYSICS,already_in,
phys-kb-velocity-selector,PHYSICS,already_in,
phys-kb-mass-spectrometer-principle,PHYSICS,already_in,
phys-kb-cyclotron-max-energy,PHYSICS,already_in,
phys-kb-hall-effect-voltage,PHYSICS,already_in,
phys-kb-composite-field-motion-classify,PHYSICS,already_in,
phys-kb-induced-current-condition,PHYSICS,already_in,
phys-kb-lenz-law-direction,PHYSICS,already_in,
phys-kb-lenz-law-corollaries,PHYSICS,already_in,
phys-kb-right-hand-rule,PHYSICS,already_in,
phys-kb-faraday-law-average-emf,PHYSICS,already_in,
phys-kb-cutting-emf-e-blv,PHYSICS,already_in,
phys-kb-two-emf-formulas-compare,PHYSICS,already_in,
phys-kb-charge-through-circuit-q,PHYSICS,already_in,
phys-kb-self-induction-phenomenon,PHYSICS,already_in,
phys-kb-eddy-current-damping-drive,PHYSICS,already_in,
phys-kb-em-circuit-three-steps,PHYSICS,already_in,
phys-kb-single-rod-model-em,PHYSICS,already_in,
phys-kb-double-rod-model-em,PHYSICS,already_in,
phys-kb-loop-through-field-analysis,PHYSICS,already_in,
phys-kb-em-image-analysis-method,PHYSICS,already_in,
phys-kb-ac-generation-neutral-plane,PHYSICS,already_in,
phys-kb-ac-instant-expression,PHYSICS,already_in,
phys-kb-ac-four-values,PHYSICS,already_in,
phys-kb-inductor-capacitor-ac,PHYSICS,already_in,
phys-kb-ideal-transformer-relations,PHYSICS,already_in,
phys-kb-transformer-dynamic-analysis,PHYSICS,already_in,
phys-kb-long-distance-power-transmission,PHYSICS,already_in,
phys-kb-lc-oscillation-circuit,PHYSICS,already_in,
phys-kb-electromagnetic-wave-theory,PHYSICS,already_in,
phys-kb-sensor-conversion-principle,PHYSICS,already_in,
phys-kb-simple-harmonic-definition,PHYSICS,already_in,
phys-kb-oscillation-quantity-relation,PHYSICS,already_in,
phys-kb-oscillation-image-information,PHYSICS,already_in,
phys-kb-oscillation-symmetry,PHYSICS,already_in,
phys-kb-forced-vibration-resonance,PHYSICS,already_in,
phys-kb-spring-oscillator-model,PHYSICS,already_in,
phys-kb-pendulum-period-formula,PHYSICS,already_in,
phys-kb-mechanical-wave-condition,PHYSICS,already_in,
phys-kb-wave-speed-formula,PHYSICS,already_in,
phys-kb-wave-image-reading,PHYSICS,already_in,
phys-kb-wave-diffraction-condition,PHYSICS,already_in,
phys-kb-wave-interference-condition,PHYSICS,already_in,
phys-kb-doppler-effect,PHYSICS,already_in,
phys-kb-wave-multi-solution,PHYSICS,already_in,
phys-kb-reflection-refraction-law,PHYSICS,already_in,
phys-kb-refractive-index-n-cv,PHYSICS,already_in,
phys-kb-dense-sparse-medium-total-reflection,PHYSICS,already_in,
phys-kb-double-slit-interference,PHYSICS,already_in,
phys-kb-thin-film-interference,PHYSICS,already_in,
phys-kb-light-diffraction-pattern,PHYSICS,already_in,
phys-kb-light-polarization,PHYSICS,already_in,
phys-kb-light-dispersion-color-order,PHYSICS,already_in,
phys-kb-three-optical-elements-path,PHYSICS,already_in,
phys-kb-molecule-model-avogadro,PHYSICS,already_in,
phys-kb-brown-motion-meaning,PHYSICS,already_in,
phys-kb-molecular-force-distance,PHYSICS,already_in,
phys-kb-gas-pressure-micro-cause,PHYSICS,already_in,
phys-kb-internal-energy-temperature,PHYSICS,already_in,
phys-kb-ideal-gas-state-equation,PHYSICS,already_in,
phys-kb-thermodynamic-first-law,PHYSICS,already_in,
phys-kb-thermodynamic-second-law,PHYSICS,already_in,
phys-kb-crystal-amorphous-compare,PHYSICS,already_in,
phys-kb-liquid-surface-tension,PHYSICS,already_in,
phys-kb-liquid-crystal-property,PHYSICS,already_in,
phys-kb-gas-image-pv-area,PHYSICS,already_in,
phys-kb-variable-mass-gas-equivalent,PHYSICS,already_in,
phys-kb-piston-cylinder-model,PHYSICS,already_in,
phys-kb-blackbody-radiation-energy-quantum,PHYSICS,already_in,
phys-kb-photoelectric-effect-laws,PHYSICS,already_in,
phys-kb-einstein-photoelectric-equation,PHYSICS,already_in,
phys-kb-photoelectric-image-analysis,PHYSICS,already_in,
phys-kb-compton-effect-particle,PHYSICS,already_in,
phys-kb-wave-particle-duality-light,PHYSICS,already_in,
phys-kb-matter-wave-de-broglie,PHYSICS,already_in,
phys-kb-bohr-hydrogen-energy-level,PHYSICS,already_in,
phys-kb-atomic-nucleus-composition,PHYSICS,already_in,
phys-kb-three-radioactive-rays,PHYSICS,already_in,
phys-kb-decay-rule-times-calc,PHYSICS,already_in,
phys-kb-half-life-statistic,PHYSICS,already_in,
phys-kb-nuclear-force-binding-energy,PHYSICS,already_in,
phys-kb-mass-defect-emc2,PHYSICS,already_in,
phys-kb-nuclear-reaction-types,PHYSICS,already_in,
phys-kb-physics-history-discoveries,PHYSICS,already_in,
phys-kb-si-unit-basic-derived,PHYSICS,already_in,
phys-kb-systematic-random-error,PHYSICS,already_in,
phys-kb-significant-figures-rule,PHYSICS,already_in,
phys-kb-ticker-timer-feature,PHYSICS,already_in,
phys-kb-vernier-micrometer-reading,PHYSICS,already_in,
phys-kb-meter-reading-estimation,PHYSICS,already_in,
phys-kb-multimeter-ohm-principle,PHYSICS,already_in,
phys-kb-meter-modification-lab,PHYSICS,already_in,
phys-kb-inner-outer-connection-choice,PHYSICS,already_in,
phys-kb-rheostat-two-connection-choice,PHYSICS,already_in,
phys-kb-data-processing-methods,PHYSICS,already_in,
phys-kb-common-experiment-methods,PHYSICS,already_in,
phys-kb-paper-tape-velocity-acceleration,PHYSICS,already_in,
phys-kb-spring-force-experiment,PHYSICS,already_in,
phys-kb-parallelogram-rule-verification,PHYSICS,already_in,
phys-kb-acceleration-force-mass-experiment,PHYSICS,already_in,
phys-kb-projectile-motion-experiment,PHYSICS,already_in,
phys-kb-mechanical-energy-verification,PHYSICS,already_in,
phys-kb-momentum-conservation-verification,PHYSICS,already_in,
phys-kb-pendulum-measure-g,PHYSICS,already_in,
phys-kb-innovation-experiment-features,PHYSICS,already_in,
phys-kb-oil-film-molecule-diameter,PHYSICS,already_in,
phys-kb-isothermal-pv-experiment,PHYSICS,already_in,
phys-kb-glass-refractive-index-experiment,PHYSICS,already_in,
phys-kb-double-slit-wavelength-experiment,PHYSICS,already_in,
phys-hj-042-dynamics-graph-analysis,PHYSICS,already_in,
phys-hj-043-connected-body-concept,PHYSICS,already_in,
phys-hj-044-whole-isolate-method,PHYSICS,already_in,
phys-hj-045-force-sharing-protocol,PHYSICS,already_in,
phys-hj-046-related-velocity-rope,PHYSICS,already_in,
phys-hj-047-belt-common-speed-friction-jump,PHYSICS,already_in,
phys-hj-048-belt-relative-displacement,PHYSICS,already_in,
phys-hj-049-horizontal-belt-analysis,PHYSICS,already_in,
phys-hj-050-opposite-belt-analysis,PHYSICS,already_in,
phys-hj-051-inclined-belt-analysis,PHYSICS,already_in,
phys-hj-052-block-board-model,PHYSICS,already_in,
phys-hj-053-control-variable-exp-aF,PHYSICS,missing,
phys-hj-054-balance-friction-exp,PHYSICS,already_in,
phys-hj-055-successive-difference-method,PHYSICS,already_in,
phys-hj-056-aF-graph-abnormal,PHYSICS,missing,
phys-hj-057-pulley-m-condition,PHYSICS,already_in,
phys-hj-058-curved-motion-velocity,PHYSICS,already_in,
phys-hj-059-curved-motion-condition,PHYSICS,already_in,
phys-hj-060-trajectory-force-relation,PHYSICS,already_in,
phys-hj-061-motion-composition-rule,PHYSICS,already_in,
phys-hj-062-motion-composition-properties,PHYSICS,already_in,
phys-hj-001-dyn-equilibrium-concept,PHYSICS,already_in,
phys-hj-002-dyn-vector-triangle,PHYSICS,already_in,
phys-hj-003-dyn-similar-triangle,PHYSICS,already_in,
phys-hj-004-dyn-auxiliary-circle,PHYSICS,already_in,
phys-hj-005-critical-state-signs,PHYSICS,already_in,
phys-hj-006-balance-extremum-concept,PHYSICS,already_in,
phys-hj-007-limit-method,PHYSICS,already_in,
phys-hj-008-math-analysis-extremum,PHYSICS,already_in,
phys-hj-009-friction-angle-method,PHYSICS,already_in,
phys-hj-010-friction-jump-critical,PHYSICS,already_in,
phys-hj-011-friction-static-to-static,PHYSICS,already_in,
phys-hj-012-friction-static-to-kinetic,PHYSICS,already_in,
phys-hj-013-friction-kinetic-to-static,PHYSICS,already_in,
phys-hj-014-friction-kinetic-to-kinetic,PHYSICS,already_in,
phys-hj-015-live-knot-model,PHYSICS,already_in,
phys-hj-016-dead-knot-model,PHYSICS,already_in,
phys-hj-017-moving-rod-model,PHYSICS,already_in,
phys-hj-018-fixed-rod-model,PHYSICS,already_in,
phys-hj-019-knot-rod-matching,PHYSICS,already_in,
phys-hj-020-spring-force-exp-principle,PHYSICS,already_in,
phys-hj-021-spring-force-data-process,PHYSICS,already_in,
phys-hj-081-mech-energy-exp-principle,PHYSICS,already_in,
phys-hj-082-mech-energy-exp-tape-select,PHYSICS,already_in,
phys-hj-083-mech-energy-exp-velocity,PHYSICS,already_in,
phys-hj-084-mech-energy-exp-notes,PHYSICS,already_in,
phys-hj-085-mech-energy-exp-graph,PHYSICS,already_in,
phys-hj-086-momentum-concept,PHYSICS,already_in,
phys-hj-087-momentum-change,PHYSICS,already_in,
phys-hj-088-impulse-concept,PHYSICS,already_in,
phys-hj-089-kinetic-momentum-compare,PHYSICS,already_in,
phys-hj-090-variable-force-impulse,PHYSICS,already_in,
phys-hj-091-momentum-theorem,PHYSICS,already_in,
phys-hj-092-momentum-conservation-condition,PHYSICS,already_in,
phys-hj-093-momentum-conservation-forms,PHYSICS,already_in,
phys-hj-094-momentum-conservation-features,PHYSICS,already_in,
phys-hj-095-explosion-three-rules,PHYSICS,already_in,
phys-hj-096-recoil-motion,PHYSICS,already_in,
phys-hj-097-collision-classification,PHYSICS,already_in,
phys-hj-098-elastic-collision-formulas,PHYSICS,already_in,
phys-hj-099-collision-three-principles,PHYSICS,already_in,
phys-hj-100-block-spring-model,PHYSICS,already_in,
phys-hj-101-bullet-block-model,PHYSICS,already_in,
phys-hj-102-bullet-penetration-case,PHYSICS,already_in,
phys-hj-103-block-board-momentum-view,PHYSICS,already_in,
phys-hj-104-block-board-solving-methods,PHYSICS,already_in,
phys-hj-105-momentum-exp-principle,PHYSICS,already_in,
phys-hj-106-air-track-momentum-exp,PHYSICS,already_in,
phys-hj-107-inclined-slot-momentum-exp,PHYSICS,already_in,
phys-hj-108-simple-harmonic-definition,PHYSICS,already_in,
phys-hj-109-restoring-force-concept,PHYSICS,already_in,
phys-hj-110-simple-harmonic-features,PHYSICS,already_in,
phys-hj-111-spring-pendulum-compare,PHYSICS,already_in,
phys-hj-145-electric-work-four-methods,PHYSICS,already_in,
phys-hj-146-electric-field-energy-conservation,PHYSICS,already_in,
phys-hj-147-equipotential-density-judge,PHYSICS,already_in,
phys-hj-148-Ex-graph-meaning,PHYSICS,missing,
phys-hj-149-vt-graph-in-field,PHYSICS,already_in,
phys-hj-150-capacitor-structure-charge,PHYSICS,already_in,
phys-hj-151-capacitance-definition,PHYSICS,already_in,
phys-hj-152-capacitor-dynamic-two-cases,PHYSICS,already_in,
phys-hj-153-charged-particle-gravity-judge,PHYSICS,already_in,
phys-hj-154-particle-linear-motion-condition,PHYSICS,already_in,
phys-hj-155-particle-field-two-views,PHYSICS,already_in,
phys-hj-156-capacitor-charging-process,PHYSICS,already_in,
phys-hj-157-capacitor-discharging-process,PHYSICS,already_in,
phys-hj-158-capacitor-exp-notes,PHYSICS,already_in,
phys-hj-159-electric-current-concept,PHYSICS,already_in,
phys-hj-160-resistance-law,PHYSICS,already_in,
phys-hj-161-current-three-expressions,PHYSICS,already_in,
phys-hj-162-ohm-law-scope,PHYSICS,already_in,
phys-hj-163-ui-graph-resistance,PHYSICS,already_in,
phys-hj-164-electromotive-force,PHYSICS,already_in,
phys-hj-165-closed-circuit-ohm-law,PHYSICS,already_in,
phys-hj-166-terminal-voltage-relation,PHYSICS,already_in,
phys-hj-167-circuit-dynamic-methods,PHYSICS,already_in,
phys-hj-168-power-source-total-power,PHYSICS,already_in,
phys-hj-169-micrometer-reading,PHYSICS,already_in,
phys-hj-170-vernier-caliper-reading,PHYSICS,already_in,
phys-hj-022-spring-exp-notes,PHYSICS,already_in,
phys-hj-023-spring-fx-intercept,PHYSICS,already_in,
phys-hj-024-equivalent-substitution-method,PHYSICS,already_in,
phys-hj-025-force-composition-exp-principle,PHYSICS,already_in,
phys-hj-026-force-composition-error,PHYSICS,already_in,
phys-hj-027-force-composition-notes,PHYSICS,already_in,
phys-hj-028-newton-first-law,PHYSICS,already_in,
phys-hj-029-inertia-concept,PHYSICS,already_in,
phys-hj-030-inertia-two-forms,PHYSICS,already_in,
phys-hj-031-galileo-ideal-experiment,PHYSICS,already_in,
phys-hj-032-newton-second-law,PHYSICS,already_in,
phys-hj-033-newton-second-law-scope,PHYSICS,already_in,
phys-hj-034-force-velocity-motion,PHYSICS,already_in,
phys-hj-035-unit-system-si,PHYSICS,already_in,
phys-hj-036-dynamics-two-problems,PHYSICS,already_in,
phys-hj-037-dynamics-two-analyses,PHYSICS,already_in,
phys-hj-038-overweight-phenomenon,PHYSICS,already_in,
phys-hj-039-weightlessness-phenomenon,PHYSICS,already_in,
phys-hj-040-complete-weightlessness,PHYSICS,already_in,
phys-hj-041-overweight-judge-methods,PHYSICS,already_in,
phys-hj-063-composition-nature-judge,PHYSICS,already_in,
phys-hj-064-river-crossing-model,PHYSICS,already_in,
phys-hj-065-rope-related-velocity,PHYSICS,already_in,
phys-hj-066-particle-model,PHYSICS,already_in,
phys-hj-067-reference-frame,PHYSICS,already_in,
phys-hj-068-displacement-path,PHYSICS,already_in,
phys-hj-069-average-instant-velocity,PHYSICS,already_in,
phys-hj-070-average-speed-difference,PHYSICS,already_in,
phys-hj-071-acceleration-concept,PHYSICS,already_in,
phys-hj-072-av-direction-relation,PHYSICS,already_in,
phys-hj-073-horizontal-projectile-nature,PHYSICS,already_in,
phys-hj-074-projectile-decompose-method,PHYSICS,already_in,
phys-hj-075-projectile-dv,PHYSICS,already_in,
phys-hj-076-projectile-two-conclusions,PHYSICS,already_in,
phys-hj-077-projectile-critical-keywords,PHYSICS,already_in,
phys-hj-078-oblique-projectile-nature,PHYSICS,already_in,
phys-hj-079-oblique-projectile-formulas,PHYSICS,already_in,
phys-hj-080-oblique-reverse-thinking,PHYSICS,already_in,
phys-hj-113-shm-expression-graph,PHYSICS,already_in,
phys-hj-114-mechanical-wave-formation,PHYSICS,already_in,
phys-hj-115-transverse-longitudinal-wave,PHYSICS,already_in,
phys-hj-116-wave-image-meaning,PHYSICS,already_in,
phys-hj-117-wavelength-speed-frequency,PHYSICS,already_in,
phys-hj-118-wave-propagation-features,PHYSICS,already_in,
phys-hj-119-wave-direction-judge,PHYSICS,already_in,
phys-hj-120-free-fall-motion,PHYSICS,already_in,
phys-hj-121-free-fall-scope-note,PHYSICS,already_in,
phys-hj-122-vertical-throw-up,PHYSICS,already_in,
phys-hj-123-vertical-throw-symmetry,PHYSICS,already_in,
phys-hj-124-vertical-throw-two-methods,PHYSICS,already_in,
phys-hj-125-vertical-throw-multi-solution,PHYSICS,already_in,
phys-hj-126-pendulum-g-exp-principle,PHYSICS,already_in,
phys-hj-127-pendulum-length-measure,PHYSICS,already_in,
phys-hj-128-pendulum-period-measure,PHYSICS,already_in,
phys-hj-129-pendulum-graph-method,PHYSICS,already_in,
phys-hj-130-pendulum-error-analysis,PHYSICS,already_in,
phys-hj-131-charge-conservation-law,PHYSICS,already_in,
phys-hj-132-elementary-charge,PHYSICS,already_in,
phys-hj-133-charge-sharing-rule,PHYSICS,already_in,
phys-hj-134-point-charge-coulomb-law,PHYSICS,already_in,
phys-hj-135-electric-field-intensity,PHYSICS,already_in,
phys-hj-136-point-charge-field,PHYSICS,already_in,
phys-hj-137-three-charge-equilibrium,PHYSICS,already_in,
phys-hj-138-electric-force-work-feature,PHYSICS,already_in,
phys-hj-139-electric-potential-energy,PHYSICS,already_in,
phys-hj-140-electric-potential-concept,PHYSICS,already_in,
phys-hj-141-potential-difference,PHYSICS,already_in,
phys-hj-142-electric-work-sign-judge,PHYSICS,already_in,
phys-hj-143-potential-level-judge,PHYSICS,already_in,
phys-hj-171-ammeter-voltmeter-reading,PHYSICS,already_in,
phys-hj-172-resistivity-exp-principle,PHYSICS,already_in,
phys-hj-173-resistivity-exp-notes,PHYSICS,already_in,
phys-hj-174-resistivity-exp-error,PHYSICS,already_in,
phys-hj-175-resistivity-data-process,PHYSICS,already_in,
phys-hj-176-xt-graph-meaning,PHYSICS,already_in,
phys-hj-177-vt-graph-meaning,PHYSICS,already_in,
phys-hj-178-at-graph-meaning,PHYSICS,already_in,
phys-hj-179-motion-graph-four-steps,PHYSICS,already_in,
phys-hj-180-unconventional-graph-method,PHYSICS,already_in,
phys-hj-181-v2x-graph-meaning,PHYSICS,already_in,
phys-hj-182-volt-volt-method,PHYSICS,already_in,
phys-hj-183-amp-amp-method,PHYSICS,already_in,
phys-hj-184-emr-exp-principle,PHYSICS,already_in,
phys-hj-185-emr-exp-error-analysis,PHYSICS,already_in,
phys-hj-186-emr-exp-notes,PHYSICS,already_in,
phys-hj-187-ohmmeter-principle,PHYSICS,already_in,
phys-hj-188-ohmmeter-error,PHYSICS,already_in,
phys-hj-189-multimeter-usage,PHYSICS,already_in,
phys-hj-190-magnetic-induction-concept,PHYSICS,already_in,
phys-hj-191-magnetic-field-line-features,PHYSICS,already_in,
phys-hj-192-ampere-rule-usage,PHYSICS,already_in,
phys-hj-193-magnetic-field-superposition,PHYSICS,already_in,
phys-hj-194-ampere-force-size,PHYSICS,already_in,
phys-hj-195-geomagnetic-field,PHYSICS,already_in,
phys-hj2-dianchang-zonghe-dengxiao-zhongli-chang,PHYSICS,already_in,
phys-hj2-likuang-dianchang-san-da-guandian-chuli,PHYSICS,already_in,
phys-hj2-dianchang-zhong-gongneng-guanxi,PHYSICS,already_in,
phys-hj2-dianchangli-zuogong-jisuan-fangfa,PHYSICS,already_in,
phys-hj2-li-gainian-jiben-xingzhi,PHYSICS,already_in,
phys-hj2-zhongli-dingyi-daxiao-fangxiang,PHYSICS,already_in,
phys-hj2-zhongxin-dingwei-yingxiang-yinsu,PHYSICS,already_in,
phys-hj2-tanli-chansheng-tiaojian-fangxiang,PHYSICS,already_in,
phys-hj2-huke-dinglv-tanhuang,PHYSICS,already_in,
phys-hj2-mocali-fenlei-jisuan,PHYSICS,already_in,
phys-hj2-dongtai-pingheng-zongshu,PHYSICS,already_in,
phys-hj2-tujiefa-dongtai-pingheng,PHYSICS,already_in,
phys-hj2-jiexifa-dongtai-pingheng,PHYSICS,already_in,
phys-hj2-xiangsi-sanjiaoxing-fa,PHYSICS,already_in,
phys-hj2-liangliang-yuan-fa-zhengxian-dingli,PHYSICS,already_in,
phys-hj2-li-de-tushi-shiyitu,PHYSICS,already_in,
phys-hj2-zhongli-wanyinli-guanxi-tixing,PHYSICS,already_in,
phys-hj2-zhongxin-san-tiao-bianxi,PHYSICS,already_in,
phys-hj2-tanli-wuyou-panduan-sifa,PHYSICS,already_in,
phys-hj2-helifenli-dengxiao-guanxi,PHYSICS,already_in,
phys-hj2-pingxing-sibianxing-sanjiaoxing-dingze,PHYSICS,already_in,
phys-hj2-hel-li-fanwei,PHYSICS,already_in,
phys-hj2-teshu-gongdianli-hecheng,PHYSICS,already_in,
phys-hj2-li-fenjie-fangfa,PHYSICS,already_in,
phys-hj2-li-fenjie-duojie-taolun,PHYSICS,already_in,
phys-hj2-shouli-fenxi-jiben-buzhou,PHYSICS,already_in,
phys-hj2-shouli-fenxi-sizhong-fangfa,PHYSICS,already_in,
phys-hj2-gongdianli-pingheng-tiaojian,PHYSICS,already_in,
phys-hj2-tanhuang-shiyan-yuanli-buzhou,PHYSICS,already_in,
phys-hj2-tanhuang-shiyan-shujuchuli-tuxiang,PHYSICS,already_in,
phys-hj2-tanhuang-shiyan-wucha-zhuyi,PHYSICS,already_in,
phys-hj2-yanzheng-pingxing-sibianxing-shiyan,PHYSICS,already_in,
phys-hj2-sijie-huojie-moxing,PHYSICS,already_in,
phys-hj2-sigan-huogan-moxing,PHYSICS,already_in,
phys-hj2-qingsheng-qinggan-tanhuang-duibi,PHYSICS,already_in,
phys-hj2-tanli-daxiao-queding-fangfa,PHYSICS,already_in,
phys-hj2-kaipule-san-da-dinglv,PHYSICS,already_in,
phys-hj2-wanyouyinli-dinglv-shiyong-tiaojian,PHYSICS,already_in,
phys-hj2-wanyouyinli-liangge-tuilun,PHYSICS,already_in,
phys-hj2-wanyouyinli-zhongli-huangdai-daihuan,PHYSICS,already_in,
phys-hj2-san-da-yuzhou-sudu,PHYSICS,already_in,
phys-hj2-weixing-chaozhong-shizhong,PHYSICS,already_in,
phys-hj2-weixing-zhuiji-xiangyu,PHYSICS,already_in,
phys-hj2-shuangxing-wenti,PHYSICS,already_in,
phys-hj2-duoxing-wenti,PHYSICS,already_in,
phys-hj2-xingqiu-wujie-heidong,PHYSICS,already_in,
phys-hj2-kaipule-dinglv-yichang-tixing,PHYSICS,already_in,
phys-hj2-wanyouyinli-chengjiu-haiwangxing,PHYSICS,already_in,
phys-hj2-fashe-sudu-guandao-guanxi,PHYSICS,already_in,
phys-hj2-diyi-yuzhou-sudu-tuidao,PHYSICS,already_in,
phys-hj2-weixing-guandao-zhonglei,PHYSICS,already_in,
phys-hj2-kaipule-changliang-yu-zhongxintianti,PHYSICS,already_in,
phys-hj2-r-qu-ling-wanyouyinli-biansi,PHYSICS,already_in,
phys-hj2-tianti-huanrao-jiefa,PHYSICS,already_in,
phys-hj2-zizhuan-kelue-yu-buneng-kelue,PHYSICS,already_in,
phys-hj2-jianxie-yundong-dingyi-biaodashi,PHYSICS,already_in,
phys-hj2-huifuli-gainian,PHYSICS,already_in,
phys-hj2-pingheng-weizhi-tezheng,PHYSICS,already_in,
phys-hj2-miaoshu-jianxie-wuliliang,PHYSICS,already_in,
phys-hj2-jianxie-yundong-tuxiang,PHYSICS,already_in,
phys-hj2-panduan-jianxie-fangfa,PHYSICS,already_in,
phys-hj2-jianxie-nengliang-tezheng,PHYSICS,already_in,
phys-hj2-jianxie-wu-da-tezheng,PHYSICS,already_in,
phys-hj2-zhendong-tuxiang-xinxi,PHYSICS,already_in,
phys-hj2-jianxie-duichengxing,PHYSICS,already_in,
phys-hj2-jixiebo-chansheng-tiaojian-fenlei,PHYSICS,already_in,
phys-hj2-bochang-bosu-pinlv-guanxi,PHYSICS,already_in,
phys-hj2-jixiebo-tedian,PHYSICS,already_in,
phys-hj2-bo-tuxiang-xinxi,PHYSICS,already_in,
phys-hj2-bo-chuanbo-zhendong-hupan,PHYSICS,already_in,
phys-hj2-zhendong-tuxiang-botuxiang-bijiao,PHYSICS,already_in,
phys-hj2-danbai-ceg-yuanli-buzhou,PHYSICS,already_in,
phys-hj2-danbai-ceg-shujuchuli,PHYSICS,already_in,
phys-hj2-danbai-ceg-wucha-zhuyi,PHYSICS,already_in,
phys-hj2-gong-dingyi-zhengfu,PHYSICS,already_in,
phys-hj2-gong-gongshi-shiyong-liijie,PHYSICS,already_in,
phys-hj2-heli-zuogong-liangfa,PHYSICS,already_in,
phys-hj2-gezhong-li-zuogong-tedian,PHYSICS,already_in,
phys-hj2-gonglv-dingyi-fv,PHYSICS,already_in,
phys-hj2-bankuai-wenti-donglixue-fenxi,PHYSICS,already_in,
phys-hj2-bankuai-san-ge-weiyi,PHYSICS,already_in,
phys-hj2-chuansongdai-gongneng-guanxi,PHYSICS,already_in,
phys-hj2-duoguocheng-zuhe-fenxi,PHYSICS,already_in,
phys-hj2-gongneng-guanxi-benzhi,PHYSICS,already_in,
phys-hj2-changjian-li-gongneng-duiying,PHYSICS,already_in,
phys-hj2-dongneng-dongneng-dingli,PHYSICS,already_in,
phys-hj2-dongneng-dingli-duoguocheng,PHYSICS,already_in,
phys-hj2-guilv-xuanze-celue,PHYSICS,already_in,
phys-hj2-xitong-gongneng-guanxi-yingyong,PHYSICS,already_in,
phys-hj2-gongneng-tuxiang-xielv-hanyi,PHYSICS,already_in,
phys-hj2-nengliang-shouheng-neirong-silu,PHYSICS,already_in,
phys-hj2-xitong-jixieneng-shouheng-biaoda,PHYSICS,already_in,
phys-hj2-gong-jisuan-duozhong-fangfa,PHYSICS,already_in,
phys-hj2-bianli-zuogong-sanfa,PHYSICS,already_in,
phys-hj2-dongneng-yu-bianhua-qubie,PHYSICS,already_in,
phys-hj2-dongneng-dingli-liijie-yaodian,PHYSICS,already_in,
phys-hj2-dongneng-dingli-jieti-buzhou,PHYSICS,already_in,
phys-hj2-dongneng-dingli-qiu-bianli-gong,PHYSICS,already_in,
phys-hj2-zhongli-shineng-yu-gong,PHYSICS,already_in,
phys-hj2-tanxing-shineng-yu-tanligong,PHYSICS,already_in,
phys-hj2-jixieneng-shouheng-tiaojian-panjue,PHYSICS,already_in,
phys-hj2-nengliang-bianhua-panjue-koujue,PHYSICS,already_in,
phys-hj2-sheji-tanhuang-nengliang-wenti,PHYSICS,already_in,
phys-hj2-yanzheng-jixieneng-shouheng-shiyan,PHYSICS,already_in,
phys-hj2-jixieneng-shiyan-shuju-san-fangan,PHYSICS,already_in,
phys-hj2-jixieneng-shiyan-wucha,PHYSICS,already_in,
phys-hj2-zuogong-zhengfu-panjue-genju,PHYSICS,already_in,
phys-hj2-jiche-qidong-liangzhong-fangshi,PHYSICS,already_in,
phys-hj2-jiche-qidong-guanjian-shike,PHYSICS,already_in,
phys-hj2-cichang-ciganxian-jiben,PHYSICS,already_in,
phys-hj2-dianliu-cichang-anding-dingze,PHYSICS,already_in,
phys-hj2-san-zhong-chang-bijiao,PHYSICS,already_in,
phys-hj2-ciganying-qiangdu-citongliang,PHYSICS,already_in,
phys-hj2-cichang-yiqi-yuanli,PHYSICS,already_in,
phys-hj2-luoxuanxian-yundong,PHYSICS,already_in,
phys-hj2-xuanjin-yundong,PHYSICS,already_in,
phys-hj2-liti-kongjian-pianzhuan-fenxi,PHYSICS,already_in,
phys-hj2-jiaobianchang-fenxi-silu,PHYSICS,already_in,
phys-hj2-baixian-yundong-guiji,PHYSICS,already_in,
phys-hj2-peisufa-fuhechang,PHYSICS,already_in,
phys-hj2-luolunzili-chongliangfa,PHYSICS,already_in,
phys-hj2-dicichang-zhuyao-tedian,PHYSICS,already_in,
phys-hj2-cichang-diejia-hecheng,PHYSICS,already_in,
phys-hj2-citongliang-zhengfu-jingchuan,PHYSICS,already_in,
phys-hj2-anpeili-daxiao-fangxiang,PHYSICS,already_in,
phys-hj2-anpeili-pingheng-jiasu,PHYSICS,already_in,
phys-hj2-luolunzili-daxiao-fangxiang,PHYSICS,already_in,
phys-hj2-luolunzili-dianchangli-bijiao,PHYSICS,already_in,
phys-hj2-luolunzili-anpeili-guanxi,PHYSICS,already_in,
phys-hj2-cichang-yuanzhou-yundong-guilv,PHYSICS,already_in,
phys-hj2-daidianti-biansu-yu-fenli,PHYSICS,already_in,
phys-hj2-dianchang-pianzhuan-cichang-bijiao,PHYSICS,already_in,
phys-hj2-pingyi-yuan-moxing,PHYSICS,already_in,
phys-hj2-xuanzhuan-yuan-moxing,PHYSICS,already_in,
phys-hj2-fangsuo-yuan-moxing,PHYSICS,already_in,
phys-hj2-dongtai-yuan-linjie-buzhou,PHYSICS,already_in,
phys-hj2-cijujiao-cifasanyuanli,PHYSICS,already_in,
phys-hj2-zuhechang-dingyi-jieti,PHYSICS,already_in,
phys-hj2-dianchang-cichang-changjian-yundong,PHYSICS,already_in,
phys-hj2-cichang-cichang-zuhe-chuli,PHYSICS,already_in,
phys-hj2-dianchang-cichang-zuhe-xianjie,PHYSICS,already_in,
phys-hj2-diejiachang-san-zhong-bingcun,PHYSICS,already_in,
phys-hj2-diejiachang-dianxing-yundong,PHYSICS,already_in,
phys-hj2-diejiachang-zhixian-yundong-chuli,PHYSICS,already_in,
phys-hj2-jiaobian-dianliu-dingyi-chansheng,PHYSICS,already_in,
phys-hj2-zhongxingmian-fengzhimian-duibi,PHYSICS,already_in,
phys-hj2-zhengxianjiaoliu-hanshu-biaodashi,PHYSICS,already_in,
phys-hj2-jiaoliu-zhouqi-pinlv-zhuansu,PHYSICS,already_in,
phys-hj2-jiaoliu-sizhi-dingyi,PHYSICS,already_in,
phys-hj2-youxiaozhi-jisuan-fangfa,PHYSICS,already_in,
phys-hj2-diangan-dianrong-dui-jiaoliu,PHYSICS,already_in,
phys-hj2-chuanganqi-gongzuo-yuanli,PHYSICS,already_in,
phys-hj2-remin-guangmin-dianzu-texing,PHYSICS,already_in,
phys-hj2-chuanganqi-shiyan-zhuyi,PHYSICS,already_in,
phys-hj2-bianyaqi-shiyan-tanjiu,PHYSICS,already_in,
phys-hj2-bianyaqi-shiyan-wucha,PHYSICS,already_in,
phys-hj2-shuxie-jiaoliu-shishizhi-buzhou,PHYSICS,already_in,
phys-hj2-youxiaozhi-shiyong-gehe,PHYSICS,already_in,
phys-hj2-feizhengxian-youxiaozhi-qiufa,PHYSICS,already_in,
phys-hj2-jiaoliu-sizhi-yingyong-duizhao,PHYSICS,already_in,
phys-hj2-bianyaqi-jiben-guanxi,PHYSICS,already_in,
phys-hj2-teshu-bianyaqi-leixing,PHYSICS,already_in,
phys-hj2-bianyaqi-dongtai-fenxi,PHYSICS,already_in,
phys-hj2-bianyaqi-erjiguan-fulian,PHYSICS,already_in,
phys-hj2-yuandistance-shudian-sanevryiyi,PHYSICS,already_in,
phys-hj2-shudian-sunshi-jisuan,PHYSICS,already_in,
phys-hj2-diancigansheng-xianxiang-tiaojian,PHYSICS,already_in,
phys-hj2-lengci-dinglv-aijie-liijie,PHYSICS,already_in,
phys-hj2-lengci-sibufa-panfangxiang,PHYSICS,already_in,
phys-hj2-lengci-tuilun-biaoxian,PHYSICS,already_in,
phys-hj2-youshou-dingze-shiyong,PHYSICS,already_in,
phys-hj2-san-dingze-bijiao-zuoliyoudian,PHYSICS,already_in,
phys-hj2-ganying-dongshi-dingyi,PHYSICS,already_in,
phys-hj2-tanjiu-ganyingdianliu-fangxiang-shiyan,PHYSICS,already_in,
phys-hj2-ganyingdianliu-fangxiang-shiyan-jielun,PHYSICS,already_in,
phys-hj2-citongliang-jisuan-panfang-yaodian,PHYSICS,already_in,
phys-hj2-panduan-ganyingdianliu-wuyou,PHYSICS,already_in,
phys-hj2-lengci-liangge-cichang-yige-dianliu,PHYSICS,already_in,
phys-hj2-faladi-dinglv-neirong-liijie,PHYSICS,already_in,
phys-hj2-citongliang-bianhua-sanqiufa,PHYSICS,already_in,
phys-hj2-ganying-dianheliang-gongshi,PHYSICS,already_in,
phys-hj2-pingdong-qiege-blv-sitexing,PHYSICS,already_in,
phys-hj2-zhuandong-qiege-sanqingkuang,PHYSICS,already_in,
phys-hj2-dianci-ganying-dianlu-sanbuqu,PHYSICS,already_in,
phys-hj2-dianci-ganying-tuxiang-ganleisheng,PHYSICS,already_in,
phys-hj2-tuxiang-wenti-fangfa-paidu,PHYSICS,already_in,
phys-hj2-dianci-donglixue-liangqiaoliang,PHYSICS,already_in,
phys-hj2-danhan-hengli-hengtai-yundong,PHYSICS,already_in,
phys-hj2-danhan-dianrongqi-hengjiasu,PHYSICS,already_in,
phys-hj2-danhan-zigan-xianquan-jianxie,PHYSICS,already_in,
phys-hj2-qiujiaoerule-san-fangfa,PHYSICS,already_in,
phys-hj2-dongliang-dingli-dianci-yingyong,PHYSICS,already_in,
phys-hj2-danhan-dianzu-moxing-guanxi,PHYSICS,already_in,
phys-hj2-dianrongqi-bang-liangzhong-moxing,PHYSICS,already_in,
phys-hj2-dongliang-dingli-qiu-shijian-weiyi,PHYSICS,already_in,
phys-hj2-keji-yingyong-dianci-moxing,PHYSICS,already_in,
phys-hj2-xinqingjing-jieti-celue,PHYSICS,already_in,
phys-hj2-wuzhi-fenzi-zucheng-moxing,PHYSICS,already_in,
phys-hj2-hongguan-weiguan-huansuan,PHYSICS,already_in,
phys-hj2-kuosan-bulang-reyundong-bijiao,PHYSICS,already_in,
phys-hj2-fenzili-shineng-suijuli-bianhua,PHYSICS,already_in,
phys-hj2-qiti-fenzidonglilun-tedian,PHYSICS,already_in,
phys-hj2-neineng-deciding-yinsu,PHYSICS,already_in,
phys-hj2-qigang-lei-wenti-silu,PHYSICS,already_in,
phys-hj2-yehzhu-fengbi-yaqiang-yaodian,PHYSICS,already_in,
phys-hj2-bianzhiliang-wenti-zhuanhua,PHYSICS,already_in,
phys-hj2-relixue-diyi-dinglv,PHYSICS,already_in,
phys-hj2-diyi-dinglv-teshu-qingkuang,PHYSICS,already_in,
phys-hj2-pv-tuxiang-relxue-zonghe,PHYSICS,already_in,
phys-hj2-yongdongji-erlei-fenlei,PHYSICS,already_in,
phys-hj2-youbmogu-shiyan-yuanli,PHYSICS,already_in,
phys-hj2-youbmogu-shiyan-wucha,PHYSICS,already_in,
phys-hj2-dengwen-pv-guanxi-shiyan,PHYSICS,already_in,
phys-hj2-heiti-fushe-guilv,PHYSICS,already_in,
phys-hj2-nengliangzi-liangzihua,PHYSICS,already_in,
phys-hj2-guangdian-xiaoying-guilv,PHYSICS,already_in,
phys-hj2-guangdian-wuzu-gainian-duibi,PHYSICS,already_in,
phys-hj2-qingyuanzi-guangpu,PHYSICS,already_in,
phys-hj2-guangzishuo-guangdian-fangcheng,PHYSICS,already_in,
phys-hj2-guangdian-liangtiao-xiansuo,PHYSICS,already_in,
phys-hj2-guangdianguan-gongzuo-fenxi,PHYSICS,already_in,
phys-hj2-guangdian-tuxiang-xinxiduqu,PHYSICS,already_in,
phys-hj2-guang-de-boli-erxiangxing,PHYSICS,already_in,
phys-hj2-boer-moxing-sanjiashe,PHYSICS,already_in,
phys-hj2-yueding-yuguang-zhaoshefangshi,PHYSICS,already_in,
phys-hj2-dianli-yu-dianlineng,PHYSICS,already_in,
phys-hj2-yuedian-puxian-tiaoshu,PHYSICS,already_in,
phys-hj2-san-zhong-shexian-bijiao,PHYSICS,already_in,
phys-hj2-shuaibian-banshuaiqi,PHYSICS,already_in,
phys-hj2-heneng-zhineng-fangcheng,PHYSICS,already_in,
phys-hj2-fanshe-zheshe-dinglv,PHYSICS,already_in,
phys-hj2-zheshel-liijie-wudian,PHYSICS,already_in,
phys-hj2-guangmi-guangshu-jiesshe,PHYSICS,already_in,
phys-hj2-shuangfeng-ganshe-tiaojian-jianju,PHYSICS,already_in,
phys-hj2-zheshe-dinglv-jieti-silu,PHYSICS,already_in,
phys-hj2-bolizhuan-sanjing-yuanzhu-guanglu,PHYSICS,already_in,
phys-hj2-quanfanshe-linjiejiao-tiaojian,PHYSICS,already_in,
phys-hj2-quanfanshe-silu-tixing,PHYSICS,already_in,
phys-hj2-sege-zhese-quanfanshe-duibi,PHYSICS,already_in,
phys-hj2-guangdaoxianwei-yuanli,PHYSICS,already_in,
phys-hj2-shuangfeng-ganshe-tedian,PHYSICS,already_in,
phys-hj2-bomo-ganshe-yingyong,PHYSICS,already_in,
phys-hj2-danfeng-yanshe-duibi-ganshe,PHYSICS,already_in,
phys-hj2-guang-de-pianzhen,PHYSICS,already_in,
phys-hj2-boli-zheshel-shiyan-chazhen,PHYSICS,already_in,
phys-hj2-zheshel-shiyan-shuju-sanfa,PHYSICS,already_in,
phys-hj2-zheshel-shiyan-wucha-zhuyi,PHYSICS,already_in,
phys-hj2-shuangfeng-shiyan-cebchang,PHYSICS,already_in,
phys-hj2-dianyuan-dongdongshi-liijie,PHYSICS,already_in,
phys-hj2-dianliu-biaodashi-sanzhong,PHYSICS,already_in,
phys-hj2-oumbiao-cezu-buzhou,PHYSICS,already_in,
phys-hj2-fuanfa-neiwaibie-xuanze,PHYSICS,already_in,
phys-hj2-anan-fufu-huoyong-cezu,PHYSICS,already_in,
phys-hj2-dengxiao-tidai-cezu,PHYSICS,already_in,
phys-hj2-banpianfa-ce-neizu,PHYSICS,already_in,
phys-hj2-dianqiao-shuangdianyuan-cezu,PHYSICS,already_in,
phys-hj2-dianliu-san-biaodashi,PHYSICS,already_in,
phys-hj2-dianzu-dinglv-dianzulv,PHYSICS,already_in,
phys-hj2-oumu-dinglv-fuan-texing,PHYSICS,already_in,
phys-hj2-diangong-dianre-chundianzu,PHYSICS,already_in,
phys-hj2-bihel-dianlu-oumu-dinglv,PHYSICS,already_in,
phys-hj2-dianyuan-ui-tuxiang,PHYSICS,already_in,
phys-hj2-dianyuan-gonglv-xiaolv,PHYSICS,already_in,
phys-hj2-shuchu-gonglv-waidianzu,PHYSICS,already_in,
phys-hj2-dianlu-dongtai-fenxi,PHYSICS,already_in,
phys-hj2-hanrong-dianlu-fenxi,PHYSICS,already_in,
phys-hj2-dianlu-guzhang-panfang,PHYSICS,already_in,
phys-hj2-youbiao-kachi-dushu,PHYSICS,already_in,
phys-hj2-luoxuan-ceweiqi-dushu,PHYSICS,already_in,
phys-hj2-dianbiao-dushu-guifan,PHYSICS,already_in,
phys-hj2-huadong-bianzuqi-xianliu-fenya,PHYSICS,already_in,
phys-hj2-dianbiao-gaizhuang,PHYSICS,already_in,
phys-hj2-dianzulv-shiyan-yuanli-buzhou,PHYSICS,already_in,
phys-hj2-dianzulv-shiyan-wucha-zhuyi,PHYSICS,already_in,
phys-hj2-ce-e-r-shiyan-yuanli-chuli,PHYSICS,already_in,
phys-hj2-ce-e-r-wucha-fenxi,PHYSICS,already_in,
phys-hj2-ce-e-r-zhuyi-shixiang,PHYSICS,already_in,
phys-hj2-oumbiao-yuanli-kebiao,PHYSICS,already_in,
phys-hj2-duoyongdianbiao-shiyong-heixiang,PHYSICS,already_in,
phys-hj2-dingzu-dianzu-de-miaoyong,PHYSICS,already_in,
phys-hj2-dianbiao-neizu-yizhi-jingque-cezu,PHYSICS,already_in,
phys-hj2-shuzhimmian-yuanzhou-gaishu,PHYSICS,already_in,
phys-hj2-shengmoxing-ganmoxing-duibi,PHYSICS,already_in,
phys-hj2-ganmoxing-zuigaodian-tanli,PHYSICS,already_in,
phys-hj2-shuzhimmian-yuanzhou-jieqtips,PHYSICS,already_in,
phys-hj2-yuanzhou-linjie-shibie-fangfa,PHYSICS,already_in,
phys-hj2-shuiping-nei-yuanzhou-linjie,PHYSICS,already_in,
phys-hj2-quxian-yundong-tiaojian-fenlei,PHYSICS,already_in,
phys-hj2-quxian-yundong-guiji-tedian,PHYSICS,already_in,
phys-hj2-sulv-bianhua-panfang,PHYSICS,already_in,
phys-hj2-heyundong-fenyundong-guanxi,PHYSICS,already_in,
phys-hj2-heyundong-xingzhi-panfang,PHYSICS,already_in,
phys-hj2-pingpao-dingyi-xingzhi,PHYSICS,already_in,
phys-hj2-pingpao-guilv-gongshi,PHYSICS,already_in,
phys-hj2-pingpao-tuilun,PHYSICS,already_in,
phys-hj2-pingpao-jieti-silu,PHYSICS,already_in,
phys-hj2-leipingpao-yundong,PHYSICS,already_in,
phys-hj2-miaoshu-yuanzhou-wuliliang,PHYSICS,already_in,
phys-hj2-yunsu-yuanzhou-tedian-tiaojian,PHYSICS,already_in,
phys-hj2-yunsu-yuanzhou-duojie,PHYSICS,already_in,
phys-hj2-chuandong-fangshi-tedian,PHYSICS,already_in,
phys-hj2-xiangxinli-gainian-layuan,PHYSICS,already_in,
phys-hj2-pingpao-shiyan-caozuo,PHYSICS,already_in,
phys-hj2-pingpao-shiyan-shuju-cantque,PHYSICS,already_in,
phys-hj2-pingpao-shiyan-wucha,PHYSICS,already_in,
phys-hj2-xiaochuan-duhe-moxing,PHYSICS,already_in,
phys-hj2-guanlian-sudu-shenggan,PHYSICS,already_in,
phys-hj2-xiemian-lei-pingpao-guanxi,PHYSICS,already_in,
phys-hj2-xiepao-yundong-chuli,PHYSICS,already_in,
phys-hj2-leipingpao-teshu-fenjie,PHYSICS,already_in,
phys-hj2-shuipingmian-yuanzhou-moxing,PHYSICS,already_in,
phys-hj2-gongxing-aoxing-qiao-moxing,PHYSICS,already_in,
phys-hj2-zhidian-cankaoxi-gainian,PHYSICS,already_in,
phys-hj2-weiyi-lucheng-qubie,PHYSICS,already_in,
phys-hj2-pingjun-shunshi-sudu,PHYSICS,already_in,
phys-hj2-jiasudu-sudu-duibi,PHYSICS,already_in,
phys-hj2-yunbian-san-gongshi-xuanze,PHYSICS,already_in,
phys-hj2-yunbian-pingjunsudu-tuilun,PHYSICS,already_in,
phys-hj2-weiyicha-gongshi-qiua,PHYSICS,already_in,
phys-hj2-chusuling-bili-shi,PHYSICS,already_in,
phys-hj2-ziyou-luoti-yundong,PHYSICS,already_in,
phys-hj2-shuzhishangpao-duicheng,PHYSICS,already_in,
phys-hj2-duoguocheng-shache-xianjing,PHYSICS,already_in,
phys-hj2-yundongxue-tuxiang-yaosu,PHYSICS,already_in,
phys-hj2-feichanggui-tuxiang-hanshufa,PHYSICS,already_in,
phys-hj2-wucha-fenlei-youxiaoshuzi,PHYSICS,already_in,
phys-hj2-dadainjishiqi-xiaoche-shiyan,PHYSICS,already_in,
phys-hj2-pengzhuang-tedian-fenlei,PHYSICS,already_in,
phys-hj2-yidong-pengyijing-tanxing-pengzhuang,PHYSICS,already_in,
phys-hj2-huakuai-tanhuang-moxing,PHYSICS,already_in,
phys-hj2-huakuai-xiequ-mian-moxing,PHYSICS,already_in,
phys-hj2-zidan-damuku-moxing,PHYSICS,already_in,
phys-hj2-huakuai-muban-moxing-jiefa,PHYSICS,already_in,
phys-hj2-dongliang-chongliang-gainian,PHYSICS,already_in,
phys-hj2-dongliang-dongneng-bijiao,PHYSICS,already_in,
phys-hj2-dongliang-dingli-liijie-yingyong,PHYSICS,already_in,
phys-hj2-dongliang-shouheng-tiaojian,PHYSICS,already_in,
phys-hj2-dongliang-shouheng-wu-texing,PHYSICS,already_in,
phys-hj2-baozha-fanchong-guilv,PHYSICS,already_in,
phys-hj2-renchuan-moxing,PHYSICS,already_in,
phys-hj2-san-da-guandian-xuanze-yuanze,PHYSICS,already_in,
phys-hj2-yanzheng-dongliang-shouheng-shiyan,PHYSICS,already_in,
phys-hj2-yanzheng-dongliang-shiyan-zhuyi,PHYSICS,already_in,
phys-hj2-niudun-diyi-dinglv-guanxing,PHYSICS,already_in,
phys-hj2-niudun-dier-dinglv-liijie,PHYSICS,already_in,
phys-hj2-donglixue-lianglei-jibenwenti,PHYSICS,already_in,
phys-hj2-donglixue-tuxiang-wenti,PHYSICS,already_in,
phys-hj2-lianjieti-neiwaib-gainian,PHYSICS,already_in,
phys-hj2-lianjieti-yundong-tedian,PHYSICS,already_in,
phys-hj2-zhengti-geri-jiaoti-yunyong,PHYSICS,already_in,
phys-hj2-lianjieti-lali-fenpei,PHYSICS,already_in,
phys-hj2-chuansongdai-moxing-guanjian,PHYSICS,already_in,
phys-hj2-shuiping-chuansongdai-qingxing,PHYSICS,already_in,
phys-hj2-chuansongdai-henhen-changdu,PHYSICS,already_in,
phys-hj2-bankuai-mocali-tubian-panduan,PHYSICS,already_in,
phys-hj2-bankuai-weiyi-guanxi-tiaojian,PHYSICS,already_in,
phys-hj2-diefang-bankuai-linjie-lali,PHYSICS,already_in,
phys-hj2-tanjiu-a-f-m-shiyan,PHYSICS,already_in,
phys-hj2-tanjiu-af-shiyan-tiaojian-wucha,PHYSICS,already_in,
phys-hj2-dianchang-qiangdu-diejia-teshufangfa,PHYSICS,already_in,
phys-hj2-dianhe-shouheng-qidian-fangshi,PHYSICS,already_in,
phys-hj2-kulun-dinglv-neirong,PHYSICS,already_in,
phys-hj2-xiangtong-daoti-dianhe-fenpei,PHYSICS,already_in,
phys-hj2-kulunli-pingheng-wenti,PHYSICS,already_in,
phys-hj2-jingdianli-zuogong-dianshineng,PHYSICS,already_in,
phys-hj2-dianshi-dianshicha-dingyi,PHYSICS,already_in,
phys-hj2-dianshi-gaodi-panfang,PHYSICS,already_in,
phys-hj2-dianchang-tuxiang-wenti-huizong,PHYSICS,already_in,
phys-hj2-dianrongqi-dianrong-jichu,PHYSICS,already_in,
phys-hj2-pingxingban-dongtai-lianglei,PHYSICS,already_in,
phys-hj2-lizi-zhixian-yundong-tiaojian,PHYSICS,already_in,
phys-hj2-guancha-dianrongqi-chongfangdian-shiyan,PHYSICS,already_in,
phys-hj2-dianchang-pianzhuan-yundong-guilv,PHYSICS,already_in,
phys-hj2-pianzhuan-daping-yanshangxian,PHYSICS,already_in,
phys-hj2-diejiachang-zhong-pianzhuan,PHYSICS,already_in,
phys-hj2-jiaobian-dianchang-zhixian-silu,PHYSICS,already_in,
phys-hj2-vt-tuxiang-fenxi-jiaobianchang,PHYSICS,already_in,
phys-hj2-jiaobian-dianchang-pianzhuan,PHYSICS,already_in,
phys-hj2-dengxiao-zhonglichang-yuanzhou-xiangjie,PHYSICS,already_in,
phys-hj2-li-dian-zonghe-san-guandian,PHYSICS,already_in,
phys-hj2-tanhuang-shiyan-xidu-caozuo,PHYSICS,already_in,
phys-hj2-f-x-tuxian-buguoyuandian,PHYSICS,already_in,
phys-hj2-sizhong-lixiang-moxing-duibi,PHYSICS,already_in,
phys-hj2-tanli-mocali-cunzai-guanxi,PHYSICS,already_in,
phys-hj2-duoli-zhengjiao-fenjie-qiughe,PHYSICS,already_in,
phys-hj2-niudun-disan-dinglv-duibi,PHYSICS,already_in,
phys-hj2-gongdianli-pingheng-jiie-fangfa,PHYSICS,already_in,
phys-hj2-pingheng-linjie-shibie-zhonglei,PHYSICS,already_in,
phys-hj2-zhongli-jiasudu-fa-qiuzhiliangmidu,PHYSICS,already_in,
phys-hj2-biaomian-kongzhong-dixia-zhonglijiasudu,PHYSICS,already_in,
phys-hj2-weixing-canyue-yuemanyueman,PHYSICS,already_in,
phys-hj2-weixing-biangui-lixin-jinxin,PHYSICS,already_in,
phys-hj2-biangui-geliang-bijiao,PHYSICS,already_in,
phys-hj2-tanhuangzhenzi-danbai-duibi,PHYSICS,already_in,
phys-hj2-shipo-zhendong-gongzhen,PHYSICS,already_in,
phys-hj2-danbai-ceg-wucha-fangxiang,PHYSICS,already_in,
phys-hj2-bo-xingshi-yu-zhendong-biaodashi-huqiu,PHYSICS,already_in,
phys-hj2-xiemian-shang-zhichili-zuogong-panfang,PHYSICS,already_in,
phys-hj2-eks-tuxiang-shanghua-xiahua,PHYSICS,already_in,
phys-hj2-wangfu-yundong-zonglucheng,PHYSICS,already_in,
phys-hj2-xitong-shouheng-san-zhong-guanlian,PHYSICS,already_in,
phys-hj2-jingmohuali-huadongmocali-zuogong-duibi,PHYSICS,already_in,
phys-hj2-shuzhimmian-yuangui-dtuogui-tiaojian,PHYSICS,already_in,
phys-hj2-yanzheng-shouheng-guangdianmen-gaijin,PHYSICS,already_in,
phys-hj2-dianxue-shiyan-anquan-guifan,PHYSICS,already_in,
phys-hj2-dianzulv-shiyan-bianzuqi-xuanze,PHYSICS,already_in,
phys-hj2-oumbiao-neizu-yu-dushu-guanxi,PHYSICS,already_in,
phys-hj2-cichang-yanshi-xiaoguo-panfang,PHYSICS,already_in,
phys-hj2-pingpao-shuiping-zuobiao-yanshi,PHYSICS,already_in,
phys-hj2-pingpao-shiyan-pinshan-paizhao,PHYSICS,already_in,
phys-hj2-yuanzhou-chuandong-panfang-lizi,PHYSICS,already_in,
phys-hj2-yuanxing-guandao-neiwaibi-linjie,PHYSICS,already_in,
phys-hj2-feixianxing-yuanjian-fuan-texing-dianzu,PHYSICS,already_in,
phys-hj2-chaoddaoti-dianzulv-wendu,PHYSICS,already_in,
phys-hj2-luandianyacha-bianhua-liang-bi,PHYSICS,already_in,
phys-hj2-chazhi-fa-ce-neizu-dianzu,PHYSICS,already_in,
phys-hj2-ce-e-r-dianlu-xuanze-yudengxiao-yuanli,PHYSICS,already_in,
phys-hj2-tanjiu-xiangxinli-shiyan,PHYSICS,already_in,
phys-hj2-shijian-shike-shijian-zhou,PHYSICS,already_in,
phys-hj2-cankaoxi-renyitongyi-xing,PHYSICS,already_in,
phys-hj2-jishidian-jishudian-qufen,PHYSICS,already_in,
phys-hj2-zhidai-chuzhi-jizhi,PHYSICS,already_in,
phys-hj2-zhi-lianghua-fenlei-xingzhili-xiaoguoli,PHYSICS,already_in,
phys-hj2-g-zhi-sui-weidu-gaodu-bianhua,PHYSICS,already_in,
phys-hj2-zuotufa-jisuafa-qiuheli,PHYSICS,already_in,
phys-hj2-shuangtanhuang-chuanlian-binglian-ceshiyan,PHYSICS,already_in,
phys-hj2-tanhuang-l-n-tuxiang-qiuk,PHYSICS,already_in,
phys-hj2-guanxing-cankaoxi-feiguanxing,PHYSICS,already_in,
phys-hj2-lixue-danweizhi-jbdc,PHYSICS,already_in,
phys-hj2-tanjiu-af-san-tiaoyitu-changjian,PHYSICS,already_in,
phys-hj2-qdiandaor-bupingheng-mocali,PHYSICS,already_in,
phys-hj2-xiaochuan-duhe-jianxi-xuanze,PHYSICS,already_in,
phys-hj2-lianglei-yunjiansu-duibi-chuli,PHYSICS,already_in,
phys-hj2-weiyi-zhongdian-zhongjian-shike-sudu,PHYSICS,already_in,
phys-hj2-zhuiji-xiangyu-wenti-fenxi,PHYSICS,already_in,
phys-hj2-shouli-fenxi-koujue-buzhou,PHYSICS,already_in,
phys-hj2-chaozhong-shizhong-panfang-fangfa,PHYSICS,already_in,
phys-hj2-cuse-xiemian-mu-tantheta-fenjie,PHYSICS,already_in,
phys-hj2-chuansongdai-nengfou-gongsu-panfang,PHYSICS,already_in,
phys-hj2-xiemian-pingpao-lixiemian-zuiyuan,PHYSICS,already_in,
phys-hj2-lixin-jinxin-yundong-tiaojian,PHYSICS,already_in,
phys-hj2-liang-qiu-duibi-shiyan-jielun,PHYSICS,already_in,
phys-hj2-pinshan-zhaopian-shuju-chuli,PHYSICS,already_in,
phys-hj2-dengxiao-zhuanhuanfa-qiu-bianli-gong,PHYSICS,already_in,
phys-hj2-eding-gonglv-shiji-gonglv,PHYSICS,already_in,
phys-hj2-han-tanhuang-xitong-shouheng-yaodian,PHYSICS,already_in,
phys-hj2-neng-de-gainian-gongneng-biaoshu,PHYSICS,already_in,
phys-hj2-gongneng-guanxi-xuanze-yuanze,PHYSICS,already_in,
phys-hj2-qianliang-dian-2mm-yuanyin,PHYSICS,already_in,
phys-hj2-jishudian-yuanli-xiangduiwucha,PHYSICS,already_in,
phys-hj2-shangbiaomian-guanghua-xiaoche-zhuangban,PHYSICS,already_in,
phys-hj2-danwan-dashaxiang-bai,PHYSICS,already_in,
phys-hj2-luodian-pingjun-weizhi-yuanyuan,PHYSICS,already_in,
phys-hj2-pingpao-daiti-sudu-yuanyin,PHYSICS,already_in,
phys-hj2-jindi-weixing-zhouqi-gusuan-midu,PHYSICS,already_in,
phys-hj2-chongliang-sizhong-jisuan,PHYSICS,already_in,
phys-hj2-liuti-chongji-zhuzhuang-moxing,PHYSICS,already_in,
phys-hj2-pengzhuang-helixing-panduan,PHYSICS,already_in,
phys-hj2-danbai-t2l-tuxiang-baiji-baixiao,PHYSICS,already_in,
phys-hj2-dengshimian-tedian-changjian-dianchang,PHYSICS,already_in,
phys-hj2-u-ed-liijie-tuilun,PHYSICS,already_in,
phys-hj2-danbai-shouli-tezheng-huifuli-xiangxinli,PHYSICS,already_in,
phys-hj2-jianxie-duicheng-liang-shike,PHYSICS,already_in,
phys-hj2-sange-ziyou-dianhehe-pingheng-moxing,PHYSICS,already_in,
phys-hj2-xiangtong-jinshuqiu-dianhe-chongxin-fenbu,PHYSICS,already_in,
phys-hj2-dianchang-zhigongyou-jingdianli-shouheng,PHYSICS,already_in,
phys-hj2-epx-tuxiang-xielv-dianchangli,PHYSICS,already_in,
phys-hj2-daidian-xiaoqiu-dianrongqi-san-qingxing,PHYSICS,already_in,
phys-hj2-chongdian-fangdian-nengliang-zhuanhua,PHYSICS,already_in,
phys-hj2-chuanlian-binglian-gonglv-fenpei,PHYSICS,already_in,
phys-hj2-luoxuan-ceweiqi-caozuo-xijie,PHYSICS,already_in,
phys-hj2-15v-dianyabiao-gudu-guifan,PHYSICS,already_in,
phys-hj2-dianjieye-dianzulv-ceshi,PHYSICS,already_in,
phys-hj2-jinshukuai-dianzulv-biaodashi,PHYSICS,already_in,
phys-hj2-ceer-shiyanshi-yaqiang-bianhua-xiao,PHYSICS,already_in,
phys-hj2-oumbiao-panfang-erjiguan-zhengfuj,PHYSICS,already_in,
phys-hj2-duoyongdianbiao-ce-dengpao-hongjinheichu,PHYSICS,already_in,
phys-hj2-citongliang-bianhualiang-bianhualv-bijiao,PHYSICS,already_in,
phys-hj2-cichang-yuanzhou-yuanxin-banjing-shijian,PHYSICS,already_in,
phys-hj2-cichang-yundong-duojie-yuanyin,PHYSICS,already_in,
phys-hj2-zigan-hugan-ziganxishu,PHYSICS,already_in,
phys-hj2-zhengze-dongliang-luolunzili-chongliang,PHYSICS,already_in,
phys-hj2-dicichang-yidong-xianquan-ganyingdianliu,PHYSICS,already_in,
phys-hj2-dianci-ganying-dianlu-sanbuzu-dianshi,PHYSICS,already_in,
phys-hj2-remin-jidianqi-wenkong-dianlu,PHYSICS,already_in,
phys-hj2-yangshi-shuangfeng-danfeng-shuangfeng-zuoyong,PHYSICS,already_in,
phys-hj2-boli-zhuan-kuandu-yingxiang-wucha,PHYSICS,already_in,
phys-hj2-neineng-yu-jixieneng-qufen,PHYSICS,already_in,
phys-hj2-huosai-liantongqi-qiuyaqiang,PHYSICS,already_in,
phys-hj2-shuangshenfen-xianshi-youmo-lunkuo,PHYSICS,already_in,
phys-hj2-zhihuan-cankaoxi-fa,PHYSICS,already_in,
phys-hj2-xt-tuxiang-paowuxian-hanyi,PHYSICS,already_in,
phys-hj2-zhucha-fa-qishuduan-shedang,PHYSICS,already_in,
phys-hj2-shuangbang-moxing-dongliang-shouheng,PHYSICS,already_in,
phys-hj2-qiumian-fushe-moxing,PHYSICS,already_in,
phys-hj2-mocali-tubian-sizhong-leixing,PHYSICS,already_in,
phys-hj2-dengshi-yuan-moxing,PHYSICS,already_in,
phys-hj2-shouli-fenxi-sanzhong-jiayan,PHYSICS,already_in,
phys-hj2-yali-chuanganqi-xiaochu-zizhong-yingxiang,PHYSICS,already_in,
phys-hj2-danweizhi-yingyong-san-changhe,PHYSICS,already_in,
phys-hj2-tanhuang-sheng-jianduan-shunjian-jiiasudu,PHYSICS,already_in,
phys-hj2-donglixue-linjie-san-tiaojian,PHYSICS,already_in,
phys-hj2-lichuanganqi-cesheng-lali-tiaojian,PHYSICS,already_in,
phys-hj2-feizixing-it-tuxiang-yichu,PHYSICS,already_in,
phys-hj2-yuanzhui-bai-zhouqi-yu-baigao,PHYSICS,already_in,
phys-hj2-gusuan-zhongxintianti-zhiliang-liang-lei,PHYSICS,already_in,
phys-hj2-pingpao-daxiemian-san-zhong-chuli,PHYSICS,already_in,
phys-hj2-pingpao-shuluo-yi-duibi-shiyan,PHYSICS,already_in,
phys-hj3-work-sign-judge,PHYSICS,already_in,
phys-hj3-work-constant-force,PHYSICS,already_in,
phys-hj3-work-net-force,PHYSICS,already_in,
phys-hj3-work-scalar-meaning,PHYSICS,already_in,
phys-hj3-friction-work-feature,PHYSICS,already_in,
phys-hj3-work-variable-force,PHYSICS,already_in,
phys-hj3-power-instant-avg,PHYSICS,already_in,
phys-hj3-locomotive-start-two-modes,PHYSICS,already_in,
phys-hj3-locomotive-max-speed,PHYSICS,already_in,
phys-hj3-work-energy-theorem-understanding,PHYSICS,already_in,
phys-hj3-work-energy-image-method,PHYSICS,already_in,
phys-hj3-work-energy-multiphase,PHYSICS,already_in,
phys-hj3-work-energy-reciprocating,PHYSICS,already_in,
phys-hj3-gravity-work-potential,PHYSICS,already_in,
phys-hj3-elastic-potential-energy,PHYSICS,already_in,
phys-hj3-mech-energy-conservation-law,PHYSICS,already_in,
phys-hj3-mech-conservation-judge,PHYSICS,already_in,
phys-hj3-mech-conservation-system,PHYSICS,already_in,
phys-hj3-spring-system-conservation,PHYSICS,already_in,
phys-hj3-rod-connected-motion,PHYSICS,already_in,
phys-hj3-energy-conservation-understanding,PHYSICS,already_in,
phys-hj3-energy-problem-method,PHYSICS,already_in,
phys-hj3-common-work-energy-relations,PHYSICS,already_in,
phys-hj3-friction-work-energy-compare,PHYSICS,already_in,
phys-hj3-energy-image-slope-meaning,PHYSICS,already_in,
phys-hj3-belt-model-analysis,PHYSICS,already_in,
phys-hj3-belt-incline-reference-frame,PHYSICS,already_in,
phys-hj3-block-board-model-analysis,PHYSICS,already_in,
phys-hj3-multi-object-multiphase-analysis,PHYSICS,already_in,
phys-hj3-mech-energy-exp-notes,PHYSICS,already_in,
phys-hj3-mech-energy-exp-dataprocess,PHYSICS,already_in,
phys-hj3-momentum-understanding,PHYSICS,already_in,
phys-hj3-impulse-understanding,PHYSICS,already_in,
phys-hj3-impulse-four-methods,PHYSICS,already_in,
phys-hj3-momentum-theorem-life,PHYSICS,already_in,
phys-hj3-momentum-theorem-usage,PHYSICS,already_in,
phys-hj3-variable-mass-column-model,PHYSICS,already_in,
phys-hj3-momentum-conservation-forms,PHYSICS,already_in,
phys-hj3-momentum-conservation-conditions,PHYSICS,already_in,
phys-hj3-collision-classification,PHYSICS,already_in,
phys-hj3-collision-constraints,PHYSICS,already_in,
phys-hj3-elastic-collision-formula,PHYSICS,already_in,
phys-hj3-explosion-recoil-rocket,PHYSICS,already_in,
phys-hj3-man-boat-model,PHYSICS,already_in,
phys-hj3-spring-block-collision-model,PHYSICS,already_in,
phys-hj3-arc-track-block-model,PHYSICS,already_in,
phys-hj3-hanging-rope-model,PHYSICS,already_in,
phys-hj3-block-board-collision-model,PHYSICS,already_in,
phys-hj3-bullet-block-model,PHYSICS,already_in,
phys-hj3-three-views-mechanics,PHYSICS,already_in,
phys-hj3-three-views-multiphase-steps,PHYSICS,already_in,
phys-hj3-block-belt-three-views-notes,PHYSICS,already_in,
phys-hj3-momentum-exp-notes,PHYSICS,already_in,
phys-hj3-momentum-exp-dataprocess,PHYSICS,already_in,
phys-hj3-shm-force-feature,PHYSICS,already_in,
phys-hj3-shm-energy-periodicity,PHYSICS,already_in,
phys-hj3-pendulum-model-analysis,PHYSICS,already_in,
phys-hj3-pendulum-equivalent-g,PHYSICS,already_in,
phys-hj3-forced-vibration-resonance,PHYSICS,already_in,
phys-hj3-vibration-wave-relation,PHYSICS,already_in,
phys-hj3-wave-direction-judge,PHYSICS,already_in,
phys-hj3-vibration-wave-image-compare,PHYSICS,already_in,
phys-hj3-wave-multi-solution-factors,PHYSICS,already_in,
phys-hj3-pendulum-g-exp-notes,PHYSICS,already_in,
phys-hj3-pendulum-g-exp-error,PHYSICS,already_in,
phys-hj3-coulomb-law-understanding,PHYSICS,already_in,
phys-hj3-coulomb-force-property,PHYSICS,already_in,
phys-hj3-three-charge-equilibrium,PHYSICS,already_in,
phys-hj3-e-field-intensity-properties,PHYSICS,already_in,
phys-hj3-e-field-three-formulas,PHYSICS,already_in,
phys-hj3-equal-charge-field-compare,PHYSICS,already_in,
phys-hj3-e-field-line-features,PHYSICS,already_in,
phys-hj3-ep-judge-methods,PHYSICS,already_in,
phys-hj3-potential-judge-methods,PHYSICS,already_in,
phys-hj3-typical-equipotential-surfaces,PHYSICS,already_in,
phys-hj3-U-Ed-relation,PHYSICS,missing,
phys-hj3-charged-particle-trajectory-analysis,PHYSICS,already_in,
phys-hj3-trajectory-coincide-condition,PHYSICS,already_in,
phys-hj3-electrostatic-equlibrium,PHYSICS,already_in,
phys-hj3-e-field-work-energy,PHYSICS,already_in,
phys-hj3-e-field-image-types,PHYSICS,already_in,
phys-hj3-capacitance-understanding,PHYSICS,already_in,
phys-hj3-capacitor-dynamic-analysis,PHYSICS,already_in,
phys-hj3-charged-particle-e-field-linear,PHYSICS,already_in,
phys-hj3-charged-particle-deflection,PHYSICS,already_in,
phys-hj3-particle-ac-field,PHYSICS,already_in,
phys-hj3-equivalent-gravity-field,PHYSICS,already_in,
phys-hj3-e-field-energy-sum,PHYSICS,already_in,
phys-hj3-vernier-caliper-reading,PHYSICS,already_in,
phys-hj3-micrometer-reading,PHYSICS,already_in,
phys-hj3-ammeter-voltmeter-reading,PHYSICS,already_in,
phys-hj3-ammeter-inner-outer-connection,PHYSICS,already_in,
phys-hj3-rheostat-voltage-divider-limiter,PHYSICS,already_in,
phys-hj3-electrical-exp-instrument-choice,PHYSICS,already_in,
phys-hj3-resistivity-exp-operation,PHYSICS,already_in,
phys-hj3-resistivity-exp-dataprocess,PHYSICS,already_in,
phys-hj3-resistivity-exp-error,PHYSICS,already_in,
phys-hj3-emf-exp-error-voltmeter,PHYSICS,already_in,
phys-hj3-emf-exp-error-ammeter,PHYSICS,already_in,
phys-hj3-emf-exp-u-i-graph,PHYSICS,already_in,
phys-hj3-emf-exp-anzu-fuzu,PHYSICS,already_in,
phys-hj3-ohmmeter-principle,PHYSICS,already_in,
phys-hj3-ohmmeter-usage-rules,PHYSICS,already_in,
phys-hj3-multimeter-structure,PHYSICS,already_in,
phys-hj3-multimeter-blackbox-fault,PHYSICS,already_in,
phys-hj3-an-an-method,PHYSICS,already_in,
phys-hj3-fu-fu-method,PHYSICS,already_in,
phys-hj3-equivalent-substitution-method,PHYSICS,already_in,
phys-hj3-half-deflection-method,PHYSICS,already_in,
phys-hj3-bridge-method,PHYSICS,already_in,
phys-hj3-ampere-rule-compare,PHYSICS,already_in,
phys-hj3-magnetic-field-superposition,PHYSICS,already_in,
phys-hj3-ampere-force-size-direction,PHYSICS,already_in,
phys-hj3-ampere-force-work-feature,PHYSICS,already_in,
phys-hj3-lorentz-force-feature,PHYSICS,already_in,
phys-hj3-lorentz-vs-ampere,PHYSICS,already_in,
phys-hj3-particle-circular-motion-in-B,PHYSICS,missing,
phys-hj3-bounded-field-track-center,PHYSICS,already_in,
phys-hj3-circular-boundary-feature,PHYSICS,already_in,
phys-hj3-magnetic-field-multi-solution,PHYSICS,already_in,
phys-hj3-magnetic-critical-methods,PHYSICS,already_in,
phys-hj3-magnetic-focus-defocus,PHYSICS,already_in,
phys-hj3-combined-field-method,PHYSICS,already_in,
phys-hj3-mass-spectrometer-principle,PHYSICS,already_in,
phys-hj3-cyclotron-principle,PHYSICS,already_in,
phys-hj3-superposed-field-motion,PHYSICS,already_in,
phys-hj3-velocity-selector,PHYSICS,already_in,
phys-hj3-mhd-generator-flowmeter-hall,PHYSICS,already_in,
phys-hj3-alternating-field-motion,PHYSICS,already_in,
phys-hj3-magnetic-flux-change-cases,PHYSICS,already_in,
phys-hj3-lenz-law-meaning,PHYSICS,already_in,
phys-hj3-lenz-law-corollaries,PHYSICS,already_in,
phys-hj3-three-rules-one-law-usage,PHYSICS,already_in,
phys-hj3-secondary-induction-methods,PHYSICS,already_in,
phys-hj3-faraday-law-understanding,PHYSICS,already_in,
phys-hj3-conductor-cutting-effective-length,PHYSICS,already_in,
phys-hj3-conductor-rotational-cutting,PHYSICS,already_in,
phys-hj3-self-induction-flash,PHYSICS,already_in,
phys-hj3-eddy-current-damping-drive,PHYSICS,already_in,
phys-hj3-em-induction-circuit-steps,PHYSICS,already_in,
phys-hj3-em-induction-image-method,PHYSICS,already_in,
phys-hj3-em-induction-dynamics-four-step,PHYSICS,already_in,
phys-hj3-em-induction-energy-q,PHYSICS,already_in,
phys-hj3-em-induction-momentum-theorem,PHYSICS,already_in,
phys-hj3-single-rod-models-summary,PHYSICS,already_in,
phys-hj3-double-rod-model-momentum,PHYSICS,already_in,
phys-hj3-neutral-plane-features,PHYSICS,already_in,
phys-hj3-sinusoidal-ac-expression,PHYSICS,already_in,
phys-hj3-ac-effective-value,PHYSICS,already_in,
phys-hj3-ac-four-values,PHYSICS,already_in,
phys-hj3-ideal-transformer-relations,PHYSICS,already_in,
phys-hj3-transformer-dynamic-analysis,PHYSICS,already_in,
phys-hj3-long-distance-power-transmission,PHYSICS,already_in,
phys-hj3-sensor-sensitive-elements,PHYSICS,already_in,
phys-hj3-refraction-law-index,PHYSICS,already_in,
phys-hj3-total-reflection,PHYSICS,already_in,
phys-hj3-glass-path-control,PHYSICS,already_in,
phys-hj3-light-dispersion-order,PHYSICS,already_in,
phys-hj3-light-interference-condition,PHYSICS,already_in,
phys-hj3-double-slit-interference,PHYSICS,already_in,
phys-hj3-thin-film-interference,PHYSICS,already_in,
phys-hj3-light-diffraction,PHYSICS,already_in,
phys-hj3-light-polarization,PHYSICS,already_in,
phys-hj3-glass-refraction-exp,PHYSICS,already_in,
phys-hj3-double-slit-exp-wavelength,PHYSICS,already_in,
phys-hj3-first-law-thermodynamics,PHYSICS,already_in,
phys-hj3-heat-conduction-direction,PHYSICS,already_in,
phys-hj3-second-law-two-forms,PHYSICS,already_in,
phys-hj3-heat-engine-efficiency,PHYSICS,already_in,
phys-hj3-second-perpetual-machine,PHYSICS,already_in,
phys-hj3-first-vs-second-law,PHYSICS,already_in,
phys-hj3-gas-three-laws,PHYSICS,already_in,
phys-hj3-ideal-gas-state-equation,PHYSICS,already_in,
phys-hj3-gas-image-analysis,PHYSICS,already_in,
phys-hj3-oil-film-exp-principle,PHYSICS,already_in,
phys-hj3-gas-pv-exp-notes,PHYSICS,already_in,
phys-hj3-photoelectric-laws,PHYSICS,already_in,
phys-hj3-photoelectric-four-images,PHYSICS,already_in,
phys-hj3-nuclear-structure-model,PHYSICS,already_in,
phys-hj3-bohr-model,PHYSICS,already_in,
phys-hj3-energy-level-transition-ionization,PHYSICS,already_in,
phys-hj3-three-rays-compare,PHYSICS,already_in,
phys-hj3-decay-types-counting,PHYSICS,already_in,
phys-hj3-half-life-formula,PHYSICS,already_in,
phys-hj3-nuclear-reaction-four-types,PHYSICS,already_in,
phys-hj3-binding-energy-mass-defect,PHYSICS,already_in,
phys-hj3-dynamic-equilibrium-methods,PHYSICS,already_in,
phys-hj3-critical-extremum-equilibrium,PHYSICS,already_in,
phys-hj3-horizontal-circular-critical,PHYSICS,already_in,
phys-hj3-vertical-circular-rope-rod,PHYSICS,already_in,
phys-hj3-incline-circular-motion,PHYSICS,already_in,
phys-hj3-particle-reference-frame,PHYSICS,already_in,
phys-hj3-displacement-vs-distance,PHYSICS,already_in,
phys-hj3-avg-instant-velocity,PHYSICS,already_in,
phys-hj3-velocity-change-acceleration,PHYSICS,already_in,
phys-hj3-suvat-formulas-selection,PHYSICS,already_in,
phys-hj3-brake-reversible-motion,PHYSICS,already_in,
phys-hj3-suvat-corollaries,PHYSICS,already_in,
phys-hj3-zero-v0-proportions,PHYSICS,already_in,
phys-hj3-free-fall-vertical-throw,PHYSICS,already_in,
phys-hj3-suvat-six-methods,PHYSICS,already_in,
phys-hj3-xt-vt-image-compare,PHYSICS,already_in,
phys-hj3-unconventional-kinematics-images,PHYSICS,already_in,
phys-hj3-chase-encounter-analysis,PHYSICS,already_in,
phys-hj3-cart-velocity-exp-operation,PHYSICS,already_in,
phys-hj3-paper-tape-dataprocess,PHYSICS,already_in,
phys-hj3-cart-velocity-exp-error,PHYSICS,already_in,
phys-hj3-measure-g-methods,PHYSICS,already_in,
phys-hj3-gravity-center-facts,PHYSICS,already_in,
phys-hj3-elastic-force-judge,PHYSICS,already_in,
phys-hj3-static-friction-vs-kinetic,PHYSICS,already_in,
phys-hj3-friction-judge-three-ways,PHYSICS,already_in,
phys-hj3-friction-mutation-four-types,PHYSICS,already_in,
phys-hj3-friction-passive-property,PHYSICS,already_in,
phys-hj3-force-composition-range,PHYSICS,already_in,
phys-hj3-special-force-composition,PHYSICS,already_in,
phys-hj3-force-resolution-effect-method,PHYSICS,already_in,
phys-hj3-orthogonal-decomposition-force,PHYSICS,already_in,
phys-hj3-live-dead-knot-model,PHYSICS,already_in,
phys-hj3-moving-fixed-rod-model,PHYSICS,already_in,
phys-hj3-force-analysis-methods,PHYSICS,already_in,
phys-hj3-equilibrium-corollaries,PHYSICS,already_in,
phys-hj3-static-equilibrium-three-methods,PHYSICS,already_in,
phys-hj3-multi-body-equilibrium-tips,PHYSICS,already_in,
phys-hj3-spring-f-x-exp,PHYSICS,already_in,
phys-hj3-parallelogram-rule-exp,PHYSICS,already_in,
phys-hj3-newton-first-law-inertia,PHYSICS,already_in,
phys-hj3-newton-second-law-understanding,PHYSICS,already_in,
phys-hj3-two-basic-problems-dynamics,PHYSICS,already_in,
phys-hj3-dynamics-image-method,PHYSICS,already_in,
phys-hj3-weightlessness- overweight,PHYSICS,missing,
phys-hj3-connected-body-classification,PHYSICS,already_in,
phys-hj3-force-assignment-principle,PHYSICS,already_in,
phys-hj3-dynamics-critical-four-cases,PHYSICS,already_in,
phys-hj3-equal-time-circle-model,PHYSICS,already_in,
phys-hj3-block-board-model-key,PHYSICS,already_in,
phys-hj3-belt-model-scenarios,PHYSICS,already_in,
phys-hj3-a-F-m-exp-operation,PHYSICS,missing,
phys-hj3-a-F-m-exp-error,PHYSICS,missing,
phys-hj3-a-F-m-exp-innovation,PHYSICS,missing,
phys-hj3-curved-motion-condition,PHYSICS,already_in,
phys-hj3-motion-composition-relations,PHYSICS,already_in,
phys-hj3-composition-nature-judge,PHYSICS,already_in,
phys-hj3-boat-crossing-model,PHYSICS,already_in,
phys-hj3-rope-end-velocity-model,PHYSICS,already_in,
phys-hj3-projectile-basic-laws,PHYSICS,already_in,
phys-hj3-projectile-two-inferences,PHYSICS,already_in,
phys-hj3-projectile-incline-models,PHYSICS,already_in,
phys-hj3-oblique-throw-laws,PHYSICS,already_in,
phys-hj3-circular-kinematics-quantities,PHYSICS,already_in,
phys-hj3-centripetal-force-sources,PHYSICS,already_in,
phys-hj3-centrifugal-centripetal-motion,PHYSICS,already_in,
phys-hj3-three-transmission-devices,PHYSICS,already_in,
phys-hj3-circular-real-examples,PHYSICS,already_in,
phys-hj3-non-uniform-circular-force,PHYSICS,already_in,
phys-hj3-projectile-exp-dataprocess,PHYSICS,already_in,
phys-hj3-centripetal-force-exp,PHYSICS,already_in,
phys-hj3-kepler-three-laws,PHYSICS,already_in,
phys-hj3-kepler-second-law-speed,PHYSICS,already_in,
phys-hj3-gravity-law-content,PHYSICS,already_in,
phys-hj3-gravity-vs-gravitation,PHYSICS,already_in,
phys-hj3-celestial-mass-density-methods,PHYSICS,already_in,
phys-hj3-three-cosmic-velocities,PHYSICS,already_in,
phys-hj3-satellite-parameters-vs-radius,PHYSICS,already_in,
phys-hj3-geostationary-satellite-six-fix,PHYSICS,already_in,
phys-hj3-satellite-orbit-change-compare,PHYSICS,already_in,
phys-hj3-celestial-chase-encounter,PHYSICS,already_in,
phys-hj3-near-sync-surface-compare,PHYSICS,already_in,
phys-hj3-binary-star-model,PHYSICS,already_in,
phys-hj3-multi-star-model,PHYSICS,already_in,
phys-hj3-block-curve-surface-model,PHYSICS,already_in,
phys-hj3-momentum-conservation-five-properties,PHYSICS,already_in,
phys-hj3-collision-three-principles,PHYSICS,already_in,
phys-hj3-elastic-collision-discussion,PHYSICS,already_in,
phys-hj3-static-object-hit-speed-range,PHYSICS,already_in,
phys-hj3-explosion-three-laws,PHYSICS,already_in,
phys-hj3-recoil-three-notes,PHYSICS,already_in,
phys-hj3-momentum-vs-dynamics-selection,PHYSICS,already_in,
phys-hj3-restoring-force-concept,PHYSICS,already_in,
phys-hj3-shm-expression-phase,PHYSICS,already_in,
phys-hj3-pendulum-force-features,PHYSICS,already_in,
phys-hj3-resonance-energy-conversion,PHYSICS,already_in,
phys-hj3-mechanical-wave-formation,PHYSICS,already_in,
phys-hj3-wavelength-wave-speed-frequency,PHYSICS,already_in,
phys-hj3-interference-strength-judge,PHYSICS,already_in,
phys-hj3-doppler-effect-details,PHYSICS,already_in,
phys-hj3-charge-conservation-law,PHYSICS,already_in,
phys-hj3-e-field-superposition-methods,PHYSICS,already_in,
phys-hj3-e-field-work-feature,PHYSICS,already_in,
phys-hj3-potential-difference-features,PHYSICS,already_in,
phys-hj3-equal-division-method-potential,PHYSICS,already_in,
phys-hj3-e-field-work-four-methods,PHYSICS,already_in,
phys-hj3-e-field-energy-relations-four,PHYSICS,already_in,
phys-hj3-phi-x-image-points,PHYSICS,already_in,
phys-hj3-capacitor-rated-voltage,PHYSICS,already_in,
phys-hj3-particle-linear-e-field-condition,PHYSICS,already_in,
phys-hj3-deflection-energy-method,PHYSICS,already_in,
phys-hj3-current-three-expressions,PHYSICS,already_in,
phys-hj3-ohm-law-conditions,PHYSICS,already_in,
phys-hj3-resistance-law-resistivity,PHYSICS,already_in,
phys-hj3-electric-work-heat-pure-circuit,PHYSICS,already_in,
phys-hj3-closed-circuit-ohm-law,PHYSICS,already_in,
phys-hj3-series-parallel-circuits,PHYSICS,already_in,
phys-hj3-meter-modification,PHYSICS,already_in,
phys-hj3-series-anti-parallel-same,PHYSICS,already_in,
phys-hj3-capacitor-in-circuit,PHYSICS,already_in,
phys-hj3-two-ui-images-compare,PHYSICS,already_in,
phys-hj3-equivalent-source-idea,PHYSICS,already_in,
phys-hj3-meter-reading-three-notes,PHYSICS,already_in,
phys-hj3-fixed-resistor-uses,PHYSICS,already_in,
phys-hj3-magnetic-field-induction,PHYSICS,already_in,
phys-hj3-current-magnetic-field-three,PHYSICS,already_in,
phys-hj3-net-ampere-force-two-ways,PHYSICS,already_in,
phys-hj3-lorentz-vs-e-field-force,PHYSICS,already_in,
phys-hj3-circle-center-chord-angle,PHYSICS,already_in,
phys-hj3-critical-track-tangent-boundary,PHYSICS,already_in,
phys-hj3-dynamic-circle-three-models,PHYSICS,already_in,
phys-hj3-spiral-precession-motion,PHYSICS,already_in,
phys-hj3-induction-current-condition,PHYSICS,already_in,
phys-hj3-lenz-law-four-steps,PHYSICS,already_in,
phys-hj3-three-rules-causality,PHYSICS,already_in,
phys-hj3-blv-relative-velocity,PHYSICS,already_in,
phys-hj3-em-circuit-image-four-clarity,PHYSICS,already_in,
phys-hj3-capacitor-rod-charge-discharge,PHYSICS,already_in,
phys-hj3-em-induction-tech-scenes,PHYSICS,already_in,
phys-hj3-ac-effective-two-methods,PHYSICS,already_in,
phys-hj3-transformer-special-cases,PHYSICS,already_in,
phys-hj3-double-slit-bright-dark-condition,PHYSICS,already_in,
phys-hj3-anti-reflection-coating-flatness,PHYSICS,already_in,
phys-hj3-molecular-motion-compare,PHYSICS,already_in,
phys-hj3-molecule-force-potential,PHYSICS,already_in,
phys-hj3-crystal-amorphous-liquid,PHYSICS,already_in,
phys-hj3-gas-pressure-micro-ideal-model,PHYSICS,already_in,
phys-hj3-piston-cylinder-method,PHYSICS,already_in,
phys-hj3-liquid-column-pressure-method,PHYSICS,already_in,
phys-hj3-variable-mass-gas-four-cases,PHYSICS,already_in,
phys-hj3-ticker-timer-compare,PHYSICS,already_in,
phys-hj3-gravity-g-variation-direction,PHYSICS,already_in,
phys-hj3-hooke-law-content,PHYSICS,already_in,
phys-hj3-bridge-circular-motion,PHYSICS,already_in,
phys-hj3-shell-cavity-gravity-zero,PHYSICS,already_in,
phys-hj3-non-particle-mech-conservation,PHYSICS,already_in,
phys-hj3-rubber-band-work-velocity-exp,PHYSICS,already_in,
phys-hj3-phi-x-extremum-E-zero,PHYSICS,missing,
phys-hj3-capacitor-charge-discharge-def,PHYSICS,already_in,
phys-hj3-physical-vs-geometric-highest,PHYSICS,already_in,
phys-hj3-output-power-vs-resistance,PHYSICS,already_in,
phys-hj3-bulb-volt-ampere-exp,PHYSICS,already_in,
phys-hj3-ampere-force-motion-judge,PHYSICS,already_in,
phys-hj3-electric-vs-magnetic-deflection,PHYSICS,already_in,
phys-hj3-emf-vs-current-relation,PHYSICS,already_in,
phys-hj3-shm-two-models-compare,PHYSICS,already_in,
phys-hj3-velocity-types-compare,PHYSICS,already_in,
phys-hj3-mid-position-velocity,PHYSICS,already_in,
phys-hj3-multi-object-to-single,PHYSICS,already_in,
phys-hj3-chase-three-typical-cases,PHYSICS,already_in,
phys-hj3-error-classification-valid-digits,PHYSICS,already_in,
phys-hj3-rope-rod-spring-model-compare,PHYSICS,already_in,
phys-hj3-friction-solving-four-notes,PHYSICS,already_in,
phys-hj3-newton-third-law-balance-pairs,PHYSICS,already_in,
phys-hj3-total-reaction-force-friction-angle,PHYSICS,already_in,
phys-hj3-mechanical-unit-system,PHYSICS,already_in,
phys-hj3-instantaneous-force-models,PHYSICS,already_in,
phys-hj3-belt-key-four-points,PHYSICS,already_in,
phys-hj3-contact-velocity-normal-equal,PHYSICS,already_in,
phys-hj3-boat-crossing-min-speed,PHYSICS,already_in,
phys-hj3-four-transmission-devices,PHYSICS,already_in,
phys-hj3-kinematics-image-special-points,PHYSICS,already_in,
phys-hj3-force-resolution-multi-solution,PHYSICS,already_in,
phys-hj3-slow-motion-static-approx,PHYSICS,already_in,
phys-hj3-newton-second-coordinate-setup,PHYSICS,already_in,
phys-hj3-block-off-board-displacement,PHYSICS,already_in,
phys-hj3-quasi-projectile-motion,PHYSICS,already_in,
phys-hj3-kinetic-energy-properties,PHYSICS,already_in,
phys-hj3-kinetic-momentum-relations,PHYSICS,already_in,
phys-hj3-rheostat-extreme-method,PHYSICS,already_in,
phys-hj3-wiring-diagram-rules,PHYSICS,already_in,
phys-hj3-instrument-choice-order,PHYSICS,already_in,
phys-hj3-three-fields-force-work-compare,PHYSICS,already_in,
phys-hj3-wavelength-in-two-waves,PHYSICS,already_in,
phys-hj3-wave-particle-duality-angles,PHYSICS,already_in,
phys-hj3-hydrogen-spectral-line-count,PHYSICS,already_in,
phys-hj3-binding-energy-calculation,PHYSICS,already_in,
phys-hj3-projectile-parabola-verification,PHYSICS,already_in,
phys-hj3-3d-projectile-reduction,PHYSICS,already_in,
phys-hj3-force-basic-properties,PHYSICS,already_in,
phys-hj3-rated-vs-actual-power,PHYSICS,already_in,
phys-hj3-mechanical-energy-concept,PHYSICS,already_in,
phys-hj3-energy-concept-ability-to-work,PHYSICS,already_in,
phys-hj3-conical-pendulum-bowl-model,PHYSICS,already_in,
phys-hj3-image-conversion-procedure,PHYSICS,already_in,
phys-hj3-photogate-timing-principle,PHYSICS,already_in,
phys-gap-em-oscillation-and-waves,PHYSICS,already_in,
phys-gap-saturated-vapor-pressure,PHYSICS,already_in,
phys-gap-humidity,PHYSICS,already_in,
phys-gap-special-relativity,PHYSICS,already_in,
phys-gap-molecular-kinetic-theory,PHYSICS,already_in,
phys-fx-work-energy-correspondence,PHYSICS,already_in,
phys-fx-common-force-work-energy-map,PHYSICS,already_in,
phys-fx-kinetic-energy-theorem-basics,PHYSICS,already_in,
phys-fx-kinetic-theorem-variable-force,PHYSICS,already_in,
phys-fx-kinetic-theorem-graph-method,PHYSICS,already_in,
phys-fx-kinetic-theorem-multiprocess,PHYSICS,already_in,
phys-fx-kinetic-theorem-reciprocating,PHYSICS,already_in,
phys-fx-single-mechanical-energy-conservation-judge,PHYSICS,already_in,
phys-fx-system-function-relation-select,PHYSICS,already_in,
phys-fx-energy-conservation-equation-method,PHYSICS,already_in,
phys-fx-connector-three-joints,PHYSICS,already_in,
phys-fx-spring-system-energy-method,PHYSICS,already_in,
phys-fx-block-belt-three-displacements,PHYSICS,already_in,
phys-fx-belt-model-two-angles,PHYSICS,already_in,
phys-fx-system-mechanical-energy-conservation,PHYSICS,already_in,
phys-fx-momentum-vs-kinetic-energy,PHYSICS,already_in,
phys-fx-impulse-vs-work,PHYSICS,already_in,
phys-fx-impulse-calculation-notes,PHYSICS,already_in,
phys-fx-momentum-change-vector,PHYSICS,already_in,
phys-fx-momentum-theorem-understanding,PHYSICS,already_in,
phys-fx-momentum-theorem-qualitative,PHYSICS,already_in,
phys-fx-momentum-theorem-procedure,PHYSICS,already_in,
phys-fx-fluid-column-model,PHYSICS,already_in,
phys-fx-particle-column-model,PHYSICS,already_in,
phys-fx-momentum-conservation-conditions,PHYSICS,already_in,
phys-fx-momentum-conservation-four-properties,PHYSICS,already_in,
phys-fx-block-curved-surface-model,PHYSICS,already_in,
phys-fx-collision-possibility-three-principles,PHYSICS,already_in,
phys-fx-collision-types-energy,PHYSICS,already_in,
phys-fx-bullet-block-model,PHYSICS,already_in,
phys-fx-block-on-plank-momentum,PHYSICS,already_in,
phys-fx-block-spring-model,PHYSICS,already_in,
phys-fx-explosion-recoil-model,PHYSICS,already_in,
phys-fx-boat-man-model,PHYSICS,already_in,
phys-fx-charge-conservation-law,PHYSICS,already_in,
phys-fx-coulomb-law-conditions,PHYSICS,already_in,
phys-fx-three-free-charge-equilibrium,PHYSICS,already_in,
phys-fx-electrostatic-force-balance-accel,PHYSICS,already_in,
phys-fx-field-strength-three-formulas,PHYSICS,already_in,
phys-fx-field-superposition-special-methods,PHYSICS,already_in,
phys-fx-electric-field-line-four-uses,PHYSICS,already_in,
phys-fx-field-line-trajectory-combo,PHYSICS,already_in,
phys-fx-trajectory-coincide-field-line,PHYSICS,already_in,
phys-fx-electric-force-work-features,PHYSICS,already_in,
phys-fx-electric-potential-energy-judge,PHYSICS,already_in,
phys-fx-electric-potential-judge,PHYSICS,already_in,
phys-fx-equipotential-surface-features,PHYSICS,already_in,
phys-fx-uniform-field-U-Ed,PHYSICS,missing,
phys-fx-equal-division-method,PHYSICS,already_in,
phys-fx-nonuniform-field-compare,PHYSICS,already_in,
phys-fx-electric-field-function-relations,PHYSICS,already_in,
phys-fx-field-graph-E-x-area,PHYSICS,missing,
phys-fx-capacitor-capacitance-basics,PHYSICS,already_in,
phys-fx-capacitor-dynamic-two-cases,PHYSICS,already_in,
phys-fx-capacitor-charge-discharge-curve,PHYSICS,already_in,
phys-fx-particle-linear-motion-field,PHYSICS,already_in,
phys-fx-particle-deflection-two-conclusions,PHYSICS,already_in,
phys-fx-deflection-function-analysis,PHYSICS,already_in,
phys-fx-alternating-field-motion,PHYSICS,already_in,
phys-fx-equivalent-gravity-method,PHYSICS,already_in,
phys-fx-multimeter-ohm-range-usage,PHYSICS,already_in,
phys-fx-volt-ammeter-inner-outer,PHYSICS,already_in,
phys-fx-ammeter-ammeter-method,PHYSICS,already_in,
phys-fx-voltmeter-voltmeter-method,PHYSICS,already_in,
phys-fx-substitution-method-resistance,PHYSICS,already_in,
phys-fx-current-half-bias-method,PHYSICS,already_in,
phys-fx-voltage-half-bias-method,PHYSICS,already_in,
phys-fx-rheostat-limits-split-choice,PHYSICS,already_in,
phys-fx-suvat-three-formulas,PHYSICS,already_in,
phys-fx-suvat-formula-selection,PHYSICS,already_in,
phys-fx-suvat-three-inferences,PHYSICS,already_in,
phys-fx-zero-initial-ratio-formulas,PHYSICS,already_in,
phys-fx-brake-problem-reverse-thinking,PHYSICS,already_in,
phys-fx-two-way-reversible-motion,PHYSICS,already_in,
phys-fx-free-fall-vertical-throw,PHYSICS,already_in,
phys-fx-motion-graph-three-looks,PHYSICS,already_in,
phys-fx-x-t-graph-meaning,PHYSICS,already_in,
phys-fx-v-t-graph-meaning,PHYSICS,already_in,
phys-fx-a-t-graph-area-meaning,PHYSICS,already_in,
phys-fx-unconventional-graph-method,PHYSICS,already_in,
phys-fx-chase-problem-critical-condition,PHYSICS,already_in,
phys-fx-chase-catch-once-conclusion,PHYSICS,already_in,
phys-fx-chase-slow-chase-fast-conclusion,PHYSICS,already_in,
phys-fx-normal-force-existence-judge,PHYSICS,already_in,
phys-fx-rope-rod-spring-force-features,PHYSICS,already_in,
phys-fx-live-knot-dead-knot,PHYSICS,already_in,
phys-fx-live-rod-dead-rod,PHYSICS,already_in,
phys-fx-static-friction-judge-methods,PHYSICS,already_in,
phys-fx-friction-calculation-notes,PHYSICS,already_in,
phys-fx-coplanar-force-composition,PHYSICS,already_in,
phys-fx-effect-decomposition-orthogonal,PHYSICS,already_in,
phys-fx-newton-first-law-inertia,PHYSICS,already_in,
phys-fx-instantaneous-acceleration-two-models,PHYSICS,already_in,
phys-fx-two-types-dynamics-problems,PHYSICS,already_in,
phys-fx-overweight-weightlessness,PHYSICS,already_in,
phys-fx-dynamics-graph-problems,PHYSICS,already_in,
phys-fx-equal-time-circle-model,PHYSICS,already_in,
phys-fx-curved-motion-dynamics,PHYSICS,already_in,
phys-fx-motion-composition-independence,PHYSICS,already_in,
phys-fx-boat-crossing-river-model,PHYSICS,already_in,
phys-fx-rope-rod-connected-velocity,PHYSICS,already_in,
phys-fx-projectile-basic-conclusions,PHYSICS,already_in,
phys-fx-projectile-two-inferences,PHYSICS,already_in,
phys-fx-quasi-projectile-motion,PHYSICS,already_in,
phys-fx-projectile-critical-analysis,PHYSICS,already_in,
phys-fx-incline-projectile-model,PHYSICS,already_in,
phys-fx-oblique-throw-conclusions,PHYSICS,already_in,
phys-fx-circular-motion-quantities,PHYSICS,already_in,
phys-fx-three-transmission-types,PHYSICS,already_in,
phys-fx-centripetal-force-source,PHYSICS,already_in,
phys-fx-turntable-critical-friction,PHYSICS,already_in,
phys-fx-conical-pendulum-model,PHYSICS,already_in,
phys-fx-vehicle-turning-bank,PHYSICS,already_in,
phys-fx-vertical-circle-rope-model,PHYSICS,already_in,
phys-fx-vertical-circle-rod-model,PHYSICS,already_in,
phys-fx-arch-bridge-model,PHYSICS,already_in,
phys-fx-kepler-three-laws,PHYSICS,already_in,
phys-fx-gravity-law-applicability,PHYSICS,already_in,
phys-fx-gravity-rotation-relation,PHYSICS,already_in,
phys-fx-satellite-parameter-rules,PHYSICS,already_in,
phys-fx-three-cosmic-velocities,PHYSICS,already_in,
phys-fx-satellite-orbit-change,PHYSICS,already_in,
phys-fx-double-star-model,PHYSICS,already_in,
phys-fx-multi-star-system,PHYSICS,already_in,
phys-fx-work-sign-judge,PHYSICS,already_in,
phys-fx-variable-work-six-methods,PHYSICS,already_in,
phys-fx-work-features-of-forces,PHYSICS,already_in,
phys-fx-power-average-instantaneous,PHYSICS,already_in,
phys-fx-vehicle-constant-power-start,PHYSICS,already_in,
phys-fx-vehicle-constant-acceleration-start,PHYSICS,already_in,
phys-fx-mu-measure-basic-principle,PHYSICS,already_in,
phys-fx-mu-measure-innovation-schemes,PHYSICS,already_in,
phys-fx-mu-data-image-method,PHYSICS,already_in,
phys-fx-spring-graph-data-rules,PHYSICS,already_in,
phys-fx-spring-stiffness-graph-method,PHYSICS,already_in,
phys-fx-spring-experiment-innovations,PHYSICS,already_in,
phys-fx-spring-series-parallel-extension,PHYSICS,already_in,
phys-fx-pendulum-g-principle,PHYSICS,already_in,
phys-fx-pendulum-data-two-methods,PHYSICS,already_in,
phys-fx-pendulum-error-analysis,PHYSICS,already_in,
phys-fx-pendulum-innovation-timing,PHYSICS,already_in,
phys-fx-magnetic-field-change-two-types,PHYSICS,already_in,
phys-fx-flux-change-circuit-analysis,PHYSICS,already_in,
phys-fx-em-induction-graph-types,PHYSICS,already_in,
phys-fx-em-induction-graph-methods,PHYSICS,already_in,
phys-fx-em-induction-momentum-theorem,PHYSICS,already_in,
phys-fx-blq-find-charge-displacement-time,PHYSICS,already_in,
phys-fx-rotational-cutting-emf,PHYSICS,already_in,
phys-fx-em-induction-dynamics-two-states,PHYSICS,already_in,
phys-fx-single-rod-five-modes,PHYSICS,divergent,contentMarkdown
phys-fx-loop-cutting-equivalence,PHYSICS,already_in,
phys-fx-loop-two-sides-cutting,PHYSICS,already_in,
phys-fx-double-rod-momentum-conservation,PHYSICS,already_in,
phys-fx-double-rod-final-state,PHYSICS,already_in,
phys-fx-rod-capacitor-charging-mode,PHYSICS,already_in,
phys-fx-rod-capacitor-discharging-mode,PHYSICS,already_in,
phys-fx-rod-capacitor-constant-force,PHYSICS,already_in,
phys-fx-nuclear-particle-field-motion,PHYSICS,already_in,
phys-fx-belt-friction-direction-mutation,PHYSICS,already_in,
phys-fx-belt-relative-displacement-scratch,PHYSICS,already_in,
phys-fx-block-plank-solve-key,PHYSICS,already_in,
phys-fx-collision-three-principles-details,PHYSICS,already_in,
phys-fx-elastic-collision-two-conclusions,PHYSICS,already_in,
phys-fx-perfectly-inelastic-features,PHYSICS,already_in,
phys-fx-slider-spring-two-states,PHYSICS,already_in,
phys-fx-slider-curved-surface-two-states,PHYSICS,already_in,
phys-fx-bullet-block-two-scenarios,PHYSICS,already_in,
phys-fx-slider-skateboard-three-asks,PHYSICS,already_in,
phys-fx-multiprocess-kinematics-notes,PHYSICS,already_in,
phys-fx-multiprocess-classic-models,PHYSICS,already_in,
phys-fx-friction-mutation-critical-method,PHYSICS,already_in,
phys-fx-force-composition-two-rules,PHYSICS,already_in,
phys-fx-force-analysis-order,PHYSICS,already_in,
phys-fx-three-force-equilibrium-methods,PHYSICS,already_in,
phys-fx-dynamic-equilibrium-graphic,PHYSICS,already_in,
phys-fx-equilibrium-critical-extreme-conditions,PHYSICS,already_in,
phys-fx-wedge-self-lock-problem,PHYSICS,already_in,
phys-fx-composition-nature-table,PHYSICS,already_in,
phys-fx-celestial-mass-density-estimation,PHYSICS,already_in,
phys-fx-celestial-encounter-conditions,PHYSICS,already_in,
phys-fx-kinetic-theorem-preference-criteria,PHYSICS,already_in,
phys-fx-trough-vertical-weightlessness,PHYSICS,already_in,
phys-fx-action-reaction-vs-balance-pairs,PHYSICS,already_in,
phys-fx-mechanical-energy-three-expressions,PHYSICS,already_in,
phys-fx-elastic-potential-energy-features,PHYSICS,already_in,
phys-fx-energy-graph-slope-table,PHYSICS,already_in,
phys-fx-friction-pair-work-comparison,PHYSICS,already_in,
phys-fx-impulse-vs-work-effect-selection,PHYSICS,already_in,
phys-fx-explosion-three-laws,PHYSICS,already_in,
phys-fx-uniform-field-three-inferences,PHYSICS,already_in,
phys-fx-typical-field-equipotentials,PHYSICS,already_in,
phys-fx-phi-x-graph-slope,PHYSICS,already_in,
phys-fx-accelerate-then-deflect-unchanged,PHYSICS,already_in,
phys-fx-current-three-expressions-resistivity,PHYSICS,already_in,
phys-fx-electric-work-heat-pure-nonpure,PHYSICS,already_in,
phys-fx-source-output-power-maximum,PHYSICS,already_in,
phys-fx-source-U-I-graph-features,PHYSICS,missing,
phys-fx-capacitor-in-circuit-analysis,PHYSICS,already_in,
phys-fx-circuit-dynamic-analysis-methods,PHYSICS,already_in,
phys-fx-circuit-fault-analysis,PHYSICS,already_in,
phys-fx-magnetic-field-superposition,PHYSICS,already_in,
phys-fx-ampere-force-motion-five-methods,PHYSICS,already_in,
phys-fx-lorentz-force-basics,PHYSICS,already_in,
phys-fx-magnetic-circle-center-radius-time,PHYSICS,already_in,
phys-fx-magnetic-boundary-dynamic-scaling,PHYSICS,already_in,
phys-fx-combined-field-three-fields-comparison,PHYSICS,already_in,
phys-fx-electric-vs-magnetic-deflection,PHYSICS,already_in,
phys-fx-mass-spectrometer-principle,PHYSICS,already_in,
phys-fx-cyclotron-max-energy,PHYSICS,already_in,
phys-fx-superposed-field-motion-classification,PHYSICS,already_in,
phys-fx-selection-generator-flow-hall,PHYSICS,already_in,
phys-fx-magnetic-flux-and-induction-condition,PHYSICS,already_in,
phys-fx-lenz-law-four-obstructions,PHYSICS,already_in,
phys-fx-three-rules-one-law-division,PHYSICS,already_in,
phys-fx-faraday-law-understanding,PHYSICS,already_in,
phys-fx-blv-effective-length,PHYSICS,already_in,
phys-fx-self-induction-features,PHYSICS,already_in,
phys-fx-eddy-current-damping-drive,PHYSICS,already_in,
phys-fx-ampere-force-expression-bridge,PHYSICS,already_in,
phys-fx-em-induction-momentum-application,PHYSICS,already_in,
phys-fx-neutral-plane-features,PHYSICS,already_in,
phys-fx-ac-four-values,PHYSICS,already_in,
phys-fx-ideal-transformer-relations,PHYSICS,already_in,
phys-fx-long-distance-transmission,PHYSICS,already_in,
phys-fx-autotransformer-instrument-transformer,PHYSICS,already_in,
phys-fx-photoelectric-effect-laws,PHYSICS,already_in,
phys-fx-photoelectric-graph-four-types,PHYSICS,already_in,
phys-fx-wave-particle-duality-matter-wave,PHYSICS,already_in,
phys-fx-bohr-theory-points,PHYSICS,already_in,
phys-fx-decay-three-rays,PHYSICS,already_in,
phys-fx-half-life-understanding,PHYSICS,already_in,
phys-fx-nuclear-reaction-types-conservation,PHYSICS,already_in,
phys-fx-mass-defect-nuclear-energy,PHYSICS,already_in,
phys-fx-microscopic-estimation-models,PHYSICS,already_in,
phys-fx-brownian-vs-thermal-motion,PHYSICS,already_in,
phys-fx-molecular-force-potential,PHYSICS,already_in,
phys-fx-crystal-amorphous-liquid-crystal,PHYSICS,already_in,
phys-fx-surface-tension-features,PHYSICS,already_in,
phys-fx-gas-pressure-calculation-methods,PHYSICS,already_in,
phys-fx-first-law-gas-analysis,PHYSICS,already_in,
phys-fx-second-law-two-statements,PHYSICS,already_in,
phys-fx-simple-harmonic-symmetry,PHYSICS,already_in,
phys-fx-vibration-graph-information,PHYSICS,already_in,
phys-fx-single-pendulum-period-formula,PHYSICS,already_in,
phys-fx-forced-vibration-resonance,PHYSICS,already_in,
phys-fx-mechanical-wave-formation,PHYSICS,already_in,
phys-fx-vibration-vs-wave-graphs,PHYSICS,already_in,
phys-fx-wave-multiple-solutions-causes,PHYSICS,already_in,
phys-fx-interference-diffraction-doppler,PHYSICS,already_in,
phys-fx-refraction-law-refractive-index,PHYSICS,already_in,
phys-fx-total-reflection-critical-angle,PHYSICS,already_in,
phys-fx-light-path-control-devices,PHYSICS,already_in,
phys-fx-double-slit-interference-conditions,PHYSICS,already_in,
phys-fx-diffraction-polarization-comparison,PHYSICS,already_in,
phys-fx-maxwell-em-wave-theory,PHYSICS,already_in,
phys-fx-three-dynamic-circle-methods,PHYSICS,already_in,
phys-fx-magnetic-focus-defocus,PHYSICS,already_in,
phys-fx-block-system-rule-selection,PHYSICS,already_in,
phys-fx-transformer-equivalent-source,PHYSICS,already_in,
phys-fx-transformer-equivalent-resistance,PHYSICS,already_in,
phys-fx-exclusion-method-selection,PHYSICS,already_in,
phys-fx-limit-thinking-method,PHYSICS,already_in,
phys-fx-special-value-method,PHYSICS,already_in,
phys-fx-reverse-thinking-selection,PHYSICS,already_in,
phys-fx-analogy-method-physics,PHYSICS,already_in,
phys-fx-symmetry-method-four-types,PHYSICS,already_in,
phys-fx-equivalence-method-broad,PHYSICS,already_in,
phys-fx-calculation-answer-standards,PHYSICS,already_in,
phys-fx-mechanics-experiment-breaking,PHYSICS,already_in,
phys-fx-electric-experiment-design-steps,PHYSICS,already_in,
phys-fx-experiment-answer-scoring-points,PHYSICS,already_in,
phys-fx-non-particle-mechanical-energy,PHYSICS,already_in,
phys-fx-F-t-graph-impulse-area,PHYSICS,missing,
phys-fx-elastic-collision-mass-cases,PHYSICS,already_in,
phys-fx-stationary-hit-speed-range,PHYSICS,already_in,
phys-fx-charged-oil-drop-balance,PHYSICS,already_in,
phys-fx-meter-modification-rules,PHYSICS,already_in,
phys-fx-wheatstone-bridge-method,PHYSICS,already_in,
phys-fx-meter-selection-principle,PHYSICS,already_in,
phys-fx-chase-graph-area-difference,PHYSICS,already_in,
phys-fx-x-y-position-coordinate-graph,PHYSICS,already_in,
phys-fx-gravity-decomposition-incline,PHYSICS,already_in,
phys-fx-resolve-force-not-acceleration,PHYSICS,already_in,
phys-fx-gravity-at-height,PHYSICS,already_in,
phys-fx-synchronous-satellite-four-fixed,PHYSICS,already_in,
phys-fx-instantaneous-power-three-forms,PHYSICS,already_in,
phys-fx-circle-friction-work-full-lap,PHYSICS,already_in,
phys-fx-paper-tape-data-processing,PHYSICS,already_in,
phys-fx-photogate-speed-acceleration,PHYSICS,already_in,
phys-fx-vernier-micrometer-reading,PHYSICS,already_in,
phys-fx-belt-motion-case-analysis,PHYSICS,already_in,
phys-fx-belt-tilt-mu-tan-theta,PHYSICS,already_in,
phys-fx-rod-model-FN-v-relation,PHYSICS,missing,
phys-fx-satellite-orbit-planes,PHYSICS,already_in,
phys-fx-vehicle-start-graph-reading,PHYSICS,already_in,
phys-fx-momentum-conservation-procedure,PHYSICS,already_in,
phys-fx-deflection-exit-judgment,PHYSICS,already_in,
phys-fx-series-parallel-distribution,PHYSICS,already_in,
phys-fx-ampere-force-general-angle,PHYSICS,already_in,
phys-fx-straight-boundary-symmetric-exit,PHYSICS,already_in,
phys-fx-non-sinusoid-effective-value-method,PHYSICS,already_in,
phys-fx-transformer-dynamic-two-cases,PHYSICS,already_in,
phys-fx-three-rays-in-fields,PHYSICS,already_in,
phys-fx-transition-vs-ionization,PHYSICS,already_in,
phys-fx-nuclear-reaction-classic-equations,PHYSICS,already_in,
phys-fx-ideal-gas-state-equation,PHYSICS,already_in,
phys-fx-gas-graph-judgment,PHYSICS,already_in,
phys-fx-internal-energy-micro-view,PHYSICS,already_in,
phys-fx-wave-speed-formula-v-lambda-f,PHYSICS,already_in,
phys-fx-vibration-direction-judge-methods,PHYSICS,already_in,
phys-fx-F-t-graph-weight-change-judge,PHYSICS,missing,
phys-fx-kinetic-theorem-scope,PHYSICS,already_in,
phys-fx-induced-vs-motional-emf,PHYSICS,already_in,
phys-fx-kinetic-theorem-procedure,PHYSICS,already_in,
phys-fx-energy-transfer-two-thoughts,PHYSICS,already_in,
phys-fx-potential-difference-definition,PHYSICS,already_in,
phys-fx-vertical-circle-projectile-combo,PHYSICS,already_in,
phys-fx-rod-two-balls-system-force,PHYSICS,already_in,
phys-fx-turntable-stacked-analysis,PHYSICS,already_in,
phys-fx-ohmmeter-principle,PHYSICS,already_in,
phys-fx-volt-ampere-characteristic-curve,PHYSICS,already_in,
phys-fx-incline-projectile-two-decompositions,PHYSICS,divergent,contentMarkdown
phys-mo-dyn-equilibrium-b,PHYSICS,already_in,
phys-mo-dyn-equilibrium-b-2,PHYSICS,already_in,
phys-mo-astro-six-b,PHYSICS,already_in,
phys-mo-circular-critical-b,PHYSICS,already_in,
phys-mo-circular-critical-b-2,PHYSICS,already_in,
phys-mo-particle-3d-b,PHYSICS,already_in,
phys-mo-particle-3d-b-2,PHYSICS,already_in,
phys-mo-collision-critical-b,PHYSICS,already_in,
phys-mo-collision-critical-b-2,PHYSICS,already_in,
phys-mo-velocity-matching-b,PHYSICS,already_in,
phys-mo-velocity-matching-b-2,PHYSICS,already_in,
phys-mo-dyn-energy-b,PHYSICS,already_in,
phys-mo-dyn-energy-b-2,PHYSICS,already_in,
phys-mo-dyn-energy-b-3,PHYSICS,already_in,
phys-mo-l01-motion-description-b,PHYSICS,already_in,
phys-mo-l01-motion-description-b-2,PHYSICS,already_in,
phys-mo-l01-motion-description-b-3,PHYSICS,already_in,
phys-mo-l01-motion-description-b-4,PHYSICS,already_in,
phys-mo-l01-motion-description-b-5,PHYSICS,already_in,
phys-mo-l02-uniform-acceleration-b,PHYSICS,already_in,
phys-mo-l02-uniform-acceleration-b-2,PHYSICS,already_in,
phys-mo-l02-uniform-acceleration-b-3,PHYSICS,already_in,
phys-mo-l02-uniform-acceleration-b-4,PHYSICS,already_in,
phys-mo-l03-kinematics-graphs-b,PHYSICS,already_in,
phys-mo-l03-kinematics-graphs-b-2,PHYSICS,already_in,
phys-mo-l03-kinematics-graphs-b-3,PHYSICS,already_in,
phys-mo-l04-exp-cart-velocity-b,PHYSICS,already_in,
phys-mo-l04-exp-cart-velocity-b-2,PHYSICS,already_in,
phys-mo-l04-exp-cart-velocity-b-3,PHYSICS,already_in,
phys-mo-l05-three-nature-forces-b,PHYSICS,already_in,
phys-mo-l05-three-nature-forces-b-2,PHYSICS,already_in,
phys-mo-l05-three-nature-forces-b-3,PHYSICS,already_in,
phys-mo-l05-three-nature-forces-b-4,PHYSICS,already_in,
phys-mo-l06-force-composition-b,PHYSICS,already_in,
phys-mo-l06-force-composition-b-2,PHYSICS,already_in,
phys-mo-l06-force-composition-b-3,PHYSICS,already_in,
phys-mo-l06-force-composition-b-4,PHYSICS,already_in,
phys-mo-l06-force-composition-b-5,PHYSICS,already_in,
phys-mo-l07-equilibrium-b,PHYSICS,already_in,
phys-mo-l07-equilibrium-b-2,PHYSICS,already_in,
phys-mo-l08-exp-spring-parallelogram-b,PHYSICS,already_in,
phys-mo-l08-exp-spring-parallelogram-b-2,PHYSICS,already_in,
phys-mo-l08-exp-spring-parallelogram-b-3,PHYSICS,already_in,
phys-mo-l09-newton-laws-basic-b,PHYSICS,already_in,
phys-mo-l09-newton-laws-basic-b-2,PHYSICS,already_in,
phys-mo-l09-newton-laws-basic-b-3,PHYSICS,already_in,
phys-mo-l09-newton-laws-basic-b-4,PHYSICS,already_in,
phys-mo-l09-newton-laws-basic-b-5,PHYSICS,already_in,
phys-mo-l10-newton-methods-b,PHYSICS,already_in,
phys-mo-l10-newton-methods-b-2,PHYSICS,already_in,
phys-mo-l10-newton-methods-b-3,PHYSICS,already_in,
phys-mo-l10-newton-methods-b-4,PHYSICS,already_in,
phys-mo-l10-newton-methods-b-5,PHYSICS,already_in,
phys-mo-l11-newton-models-b,PHYSICS,already_in,
phys-mo-l11-newton-models-b-2,PHYSICS,already_in,
phys-mo-l11-newton-models-b-3,PHYSICS,already_in,
phys-mo-l11-newton-models-b-4,PHYSICS,already_in,
phys-mo-l12-exp-acceleration-b,PHYSICS,already_in,
phys-mo-l12-exp-acceleration-b-2,PHYSICS,already_in,
phys-mo-l13-curved-motion-b,PHYSICS,already_in,
phys-mo-l13-curved-motion-b-2,PHYSICS,already_in,
phys-mo-l13-curved-motion-b-3,PHYSICS,already_in,
phys-mo-l14-projectile-b,PHYSICS,already_in,
phys-mo-l14-projectile-b-2,PHYSICS,already_in,
phys-mo-l14-projectile-b-3,PHYSICS,already_in,
phys-mo-l15-circular-motion-b,PHYSICS,already_in,
phys-mo-l15-circular-motion-b-2,PHYSICS,already_in,
phys-mo-l15-circular-motion-b-3,PHYSICS,already_in,
phys-mo-l16-exp-projectile-centripetal-b,PHYSICS,already_in,
phys-mo-l16-exp-projectile-centripetal-b-2,PHYSICS,already_in,
phys-mo-l16-exp-projectile-centripetal-b-3,PHYSICS,already_in,
phys-mo-l16-exp-projectile-centripetal-b-4,PHYSICS,already_in,
phys-mo-l17-kepler-gravitation-b,PHYSICS,already_in,
phys-mo-l17-kepler-gravitation-b-2,PHYSICS,already_in,
phys-mo-l17-kepler-gravitation-b-3,PHYSICS,already_in,
phys-mo-l17-kepler-gravitation-b-4,PHYSICS,already_in,
phys-mo-l18-satellites-b,PHYSICS,already_in,
phys-mo-l18-satellites-b-2,PHYSICS,already_in,
phys-mo-l18-satellites-b-3,PHYSICS,already_in,
phys-mo-l19-work-power-b,PHYSICS,already_in,
phys-mo-l19-work-power-b-2,PHYSICS,already_in,
phys-mo-l20-kinetic-theorem-b,PHYSICS,already_in,
phys-mo-l20-kinetic-theorem-b-2,PHYSICS,already_in,
phys-mo-l20-kinetic-theorem-b-3,PHYSICS,already_in,
phys-mo-l21-mech-energy-b,PHYSICS,already_in,
phys-mo-l21-mech-energy-b-2,PHYSICS,already_in,
phys-mo-l21-mech-energy-b-3,PHYSICS,already_in,
phys-mo-l21-mech-energy-b-4,PHYSICS,already_in,
phys-mo-l22-work-energy-b,PHYSICS,already_in,
phys-mo-l22-work-energy-b-2,PHYSICS,already_in,
phys-mo-l23-exp-mech-energy-b,PHYSICS,already_in,
phys-mo-l23-exp-mech-energy-b-2,PHYSICS,already_in,
phys-mo-l24-momentum-impulse-b,PHYSICS,already_in,
phys-mo-l24-momentum-impulse-b-2,PHYSICS,already_in,
phys-mo-l24-momentum-impulse-b-3,PHYSICS,already_in,
phys-mo-l24-momentum-impulse-b-4,PHYSICS,already_in,
phys-mo-l25-momentum-consv-b,PHYSICS,already_in,
phys-mo-l25-momentum-consv-b-2,PHYSICS,already_in,
phys-mo-l25-momentum-consv-b-3,PHYSICS,already_in,
phys-mo-l25-momentum-consv-b-4,PHYSICS,already_in,
phys-mo-l25-momentum-consv-b-5,PHYSICS,already_in,
phys-mo-l26-collision-models-b,PHYSICS,already_in,
phys-mo-l26-collision-models-b-2,PHYSICS,already_in,
phys-mo-l26-collision-models-b-3,PHYSICS,already_in,
phys-mo-l26-collision-models-b-4,PHYSICS,already_in,
phys-mo-l27-three-views-b,PHYSICS,already_in,
phys-mo-l28-exp-momentum-b,PHYSICS,already_in,
phys-mo-l28-exp-momentum-b-2,PHYSICS,already_in,
phys-mo-l30-shm-b,PHYSICS,already_in,
phys-mo-l30-shm-b-2,PHYSICS,already_in,
phys-mo-l30-shm-b-3,PHYSICS,already_in,
phys-mo-l31-mechanical-wave-b,PHYSICS,already_in,
phys-mo-l31-mechanical-wave-b-2,PHYSICS,already_in,
phys-mo-l31-mechanical-wave-b-3,PHYSICS,already_in,
phys-mo-l31-mechanical-wave-b-4,PHYSICS,already_in,
phys-mo-l31-mechanical-wave-b-5,PHYSICS,already_in,
phys-mo-l31-mechanical-wave-b-6,PHYSICS,already_in,
phys-mo-l32-exp-pendulum-b,PHYSICS,already_in,
phys-mo-l32-exp-pendulum-b-2,PHYSICS,already_in,
phys-mo-l46-magnetic-field-b,PHYSICS,already_in,
phys-mo-l46-magnetic-field-b-2,PHYSICS,already_in,
phys-mo-l47-particle-magnetic-field-b,PHYSICS,already_in,
phys-mo-l47-particle-magnetic-field-b-2,PHYSICS,already_in,
phys-mo-l48-dynamic-circle-b,PHYSICS,already_in,
phys-mo-l48-dynamic-circle-b-2,PHYSICS,already_in,
phys-mo-l49-combined-fields-b,PHYSICS,already_in,
phys-mo-l49-combined-fields-b-2,PHYSICS,already_in,
phys-mo-l49-combined-fields-b-3,PHYSICS,already_in,
phys-mo-dyn-equilibrium-n,PHYSICS,already_in,
phys-mo-astro-six-e,PHYSICS,already_in,
phys-mo-astro-six-n,PHYSICS,already_in,
phys-mo-circular-critical-e,PHYSICS,already_in,
phys-mo-circular-critical-n,PHYSICS,already_in,
phys-mo-particle-3d-e,PHYSICS,already_in,
phys-mo-particle-3d-n,PHYSICS,already_in,
phys-mo-collision-critical-e,PHYSICS,already_in,
phys-mo-collision-critical-n,PHYSICS,already_in,
phys-mo-velocity-matching-n,PHYSICS,already_in,
phys-mo-dyn-energy-e,PHYSICS,already_in,
phys-mo-dyn-energy-n,PHYSICS,already_in,
phys-mo-l01-motion-description-e,PHYSICS,already_in,
phys-mo-l01-motion-description-n,PHYSICS,already_in,
phys-mo-l02-uniform-acceleration-e,PHYSICS,already_in,
phys-mo-l02-uniform-acceleration-n,PHYSICS,already_in,
phys-mo-l03-kinematics-graphs-e,PHYSICS,already_in,
phys-mo-l03-kinematics-graphs-n,PHYSICS,already_in,
phys-mo-l04-exp-cart-velocity-e,PHYSICS,already_in,
phys-mo-l04-exp-cart-velocity-n,PHYSICS,already_in,
phys-mo-l05-three-nature-forces-e,PHYSICS,already_in,
phys-mo-l05-three-nature-forces-e2,PHYSICS,already_in,
phys-mo-l05-three-nature-forces-n,PHYSICS,already_in,
phys-mo-l06-force-composition-e,PHYSICS,already_in,
phys-mo-l06-force-composition-n,PHYSICS,already_in,
phys-mo-l07-equilibrium-e,PHYSICS,already_in,
phys-mo-l07-equilibrium-n,PHYSICS,already_in,
phys-mo-l08-exp-spring-parallelogram-e,PHYSICS,already_in,
phys-mo-l08-exp-spring-parallelogram-e2,PHYSICS,already_in,
phys-mo-l08-exp-spring-parallelogram-n,PHYSICS,already_in,
phys-mo-l09-newton-laws-basic-e,PHYSICS,already_in,
phys-mo-l09-newton-laws-basic-e2,PHYSICS,already_in,
phys-mo-l09-newton-laws-basic-n,PHYSICS,already_in,
phys-mo-l10-newton-methods-e,PHYSICS,already_in,
phys-mo-l10-newton-methods-n,PHYSICS,already_in,
phys-mo-l11-newton-models-e,PHYSICS,already_in,
phys-mo-l11-newton-models-n,PHYSICS,already_in,
phys-mo-l12-exp-acceleration-e,PHYSICS,already_in,
phys-mo-l12-exp-acceleration-n,PHYSICS,already_in,
phys-mo-l13-curved-motion-e,PHYSICS,already_in,
phys-mo-l13-curved-motion-e2,PHYSICS,already_in,
phys-mo-l13-curved-motion-n,PHYSICS,already_in,
phys-mo-l14-projectile-e,PHYSICS,already_in,
phys-mo-l14-projectile-e2,PHYSICS,already_in,
phys-mo-l14-projectile-n,PHYSICS,already_in,
phys-mo-l15-circular-motion-e,PHYSICS,already_in,
phys-mo-l15-circular-motion-e2,PHYSICS,already_in,
phys-mo-l15-circular-motion-n,PHYSICS,already_in,
phys-mo-l16-exp-projectile-centripetal-e,PHYSICS,already_in,
phys-mo-l16-exp-projectile-centripetal-n,PHYSICS,already_in,
phys-mo-l17-kepler-gravitation-e,PHYSICS,already_in,
phys-mo-l17-kepler-gravitation-e2,PHYSICS,already_in,
phys-mo-l17-kepler-gravitation-n,PHYSICS,already_in,
phys-mo-l18-satellites-e,PHYSICS,already_in,
phys-mo-l18-satellites-n,PHYSICS,already_in,
phys-mo-l19-work-power-e,PHYSICS,already_in,
phys-mo-l19-work-power-n,PHYSICS,already_in,
phys-mo-l20-kinetic-theorem-e,PHYSICS,already_in,
phys-mo-l20-kinetic-theorem-n,PHYSICS,already_in,
phys-mo-l21-mech-energy-e,PHYSICS,already_in,
phys-mo-l21-mech-energy-n,PHYSICS,already_in,
phys-mo-l22-work-energy-e,PHYSICS,already_in,
phys-mo-l22-work-energy-n,PHYSICS,already_in,
phys-mo-l23-exp-mech-energy-e,PHYSICS,already_in,
phys-mo-l23-exp-mech-energy-n,PHYSICS,already_in,
phys-mo-l24-momentum-impulse-e,PHYSICS,already_in,
phys-mo-l24-momentum-impulse-e2,PHYSICS,already_in,
phys-mo-l24-momentum-impulse-n,PHYSICS,already_in,
phys-mo-l25-momentum-consv-e,PHYSICS,already_in,
phys-mo-l25-momentum-consv-n,PHYSICS,already_in,
phys-mo-l26-collision-models-e,PHYSICS,already_in,
phys-mo-l26-collision-models-n,PHYSICS,already_in,
phys-mo-l27-three-views-e,PHYSICS,already_in,
phys-mo-l27-three-views-e2,PHYSICS,already_in,
phys-mo-l27-three-views-e3,PHYSICS,already_in,
phys-mo-l27-three-views-n,PHYSICS,already_in,
phys-mo-l28-exp-momentum-e,PHYSICS,already_in,
phys-mo-l28-exp-momentum-n,PHYSICS,already_in,
phys-mo-l30-shm-e,PHYSICS,already_in,
phys-mo-l30-shm-e2,PHYSICS,already_in,
phys-mo-l30-shm-n,PHYSICS,already_in,
phys-mo-l31-mechanical-wave-e,PHYSICS,already_in,
phys-mo-l31-mechanical-wave-e2,PHYSICS,already_in,
phys-mo-l31-mechanical-wave-n,PHYSICS,already_in,
phys-mo-l32-exp-pendulum-e,PHYSICS,already_in,
phys-mo-l32-exp-pendulum-n,PHYSICS,already_in,
phys-mo-l32-exp-pendulum-n2,PHYSICS,already_in,
phys-mo-l46-magnetic-field-e,PHYSICS,already_in,
phys-mo-l46-magnetic-field-e2,PHYSICS,already_in,
phys-mo-l46-magnetic-field-n,PHYSICS,already_in,
phys-mo-l47-particle-magnetic-field-e,PHYSICS,already_in,
phys-mo-l47-particle-magnetic-field-n,PHYSICS,already_in,
phys-mo-l48-dynamic-circle-e,PHYSICS,already_in,
phys-mo-l48-dynamic-circle-n,PHYSICS,already_in,
phys-mo-l49-combined-fields-e,PHYSICS,already_in,
phys-mo-l49-combined-fields-n,PHYSICS,already_in,
phys-tp-cosmic-velocities-three,PHYSICS,already_in,
phys-tp-satellite-parameters-radius,PHYSICS,already_in,
phys-tp-geostationary-four-fixed,PHYSICS,already_in,
phys-tp-first-cosmic-velocity-derivations,PHYSICS,already_in,
phys-tp-energy-classification,PHYSICS,already_in,
phys-tp-energy-degradation,PHYSICS,already_in,
phys-tp-energy-conservation-sustainability,PHYSICS,already_in,
phys-tp-sensor-definition,PHYSICS,already_in,
phys-tp-sensor-composition,PHYSICS,already_in,
phys-tp-sensor-automatic-control-role,PHYSICS,already_in,
phys-tp-light-controlled-switch,PHYSICS,already_in,
phys-tp-temperature-alarm,PHYSICS,already_in,
phys-tp-automatic-control-design-steps,PHYSICS,already_in,
phys-tp-blackbody-radiation,PHYSICS,already_in,
phys-tp-radiation-wavelength-distribution,PHYSICS,already_in,
phys-tp-energy-quantum-hnu,PHYSICS,already_in,
phys-tp-quantum-catastrophe-classical,PHYSICS,already_in,
phys-tp-basic-particles-family,PHYSICS,already_in,
phys-tp-quark-model-hadrons,PHYSICS,already_in,
phys-tp-particle-phys-methods,PHYSICS,already_in,
chem-ion-equation-check-objective-facts,CHEMISTRY,already_in,
chem-ion-equation-check-symbols,CHEMISTRY,already_in,
chem-ion-equation-check-formula-splitting,CHEMISTRY,already_in,
chem-ion-equation-check-missing-reaction,CHEMISTRY,already_in,
chem-ion-equation-check-ratio,CHEMISTRY,already_in,
chem-ion-equation-check-conservation,CHEMISTRY,already_in,
chem-ion-equation-check-problem-conditions,CHEMISTRY,already_in,
chem-ion-equation-dingyier-principle,CHEMISTRY,already_in,
chem-polybasic-acid-anhydride-alkali-quantity,CHEMISTRY,already_in,
chem-polybasic-acid-salt-acid-quantity,CHEMISTRY,already_in,
chem-aluminum-hydroxide-amphoteric-quantity,CHEMISTRY,already_in,
chem-iron-dilute-nitric-acid-quantity,CHEMISTRY,already_in,
chem-calcium-bicarbonate-naoh-model,CHEMISTRY,already_in,
chem-sodium-bisulfate-barium-hydroxide-model,CHEMISTRY,already_in,
chem-oxidation-order-reducing-strength,CHEMISTRY,already_in,
chem-common-oxidizers-reduction-products,CHEMISTRY,already_in,
chem-common-reducers-oxidation-products,CHEMISTRY,already_in,
chem-thiosulfate-acid-decomposition,CHEMISTRY,already_in,
chem-gas-purification-saturated-salt-solution,CHEMISTRY,already_in,
chem-carbonate-precipitant-equation-steps,CHEMISTRY,already_in,
chem-precipitation-conversion-ksp-rule,CHEMISTRY,already_in,
chem-metal-ion-bicarbonate-precipitation-model,CHEMISTRY,already_in,
chem-broad-hydrolysis-model,CHEMISTRY,already_in,
chem-broad-hydrolysis-product-forms,CHEMISTRY,already_in,
chem-unfamiliar-redox-equation-four-steps,CHEMISTRY,already_in,
chem-redox-equation-missing-species-rule,CHEMISTRY,already_in,
chem-manganese-dioxide-oxidizes-sulfite,CHEMISTRY,already_in,
chem-chromite-alkali-roasting-equation,CHEMISTRY,already_in,
chem-thermogravimetry-weight-loss-order,CHEMISTRY,already_in,
chem-thermogravimetry-four-step-method,CHEMISTRY,already_in,
chem-thermogravimetry-plateau-analysis,CHEMISTRY,already_in,
chem-relation-formula-titration-method,CHEMISTRY,already_in,
chem-permanganate-ferrous-titration,CHEMISTRY,already_in,
chem-back-titration-volhard-chloride,CHEMISTRY,already_in,
chem-iodometric-titration-thiosulfate,CHEMISTRY,already_in,
chem-inference-color-black,CHEMISTRY,already_in,
chem-inference-color-red,CHEMISTRY,already_in,
chem-inference-color-blue,CHEMISTRY,already_in,
chem-inference-color-purple,CHEMISTRY,already_in,
chem-inference-color-yellow,CHEMISTRY,already_in,
chem-inference-color-green,CHEMISTRY,already_in,
chem-inference-color-white,CHEMISTRY,already_in,
chem-inference-special-state-substances,CHEMISTRY,already_in,
chem-inference-gas-clues,CHEMISTRY,already_in,
chem-feoh2-oxidation-color-change,CHEMISTRY,already_in,
chem-iron3-ion-detection-three-methods,CHEMISTRY,already_in,
chem-conversion-chain-keywords,CHEMISTRY,already_in,
chem-h2s-combustion-oxygen-quantity,CHEMISTRY,already_in,
chem-ammonia-catalytic-oxidation-and-nox,CHEMISTRY,already_in,
chem-impossible-one-step-conversions,CHEMISTRY,already_in,
chem-element-inference-three-step-method,CHEMISTRY,already_in,
chem-preprocess-grinding,CHEMISTRY,already_in,
chem-preprocess-calcination,CHEMISTRY,already_in,
chem-preprocess-water-leaching,CHEMISTRY,already_in,
chem-preprocess-acid-leaching,CHEMISTRY,already_in,
chem-oxidant-fe2-to-fe3-purpose,CHEMISTRY,already_in,
chem-adjust-ph-remove-iron,CHEMISTRY,already_in,
chem-hot-filtration-purpose,CHEMISTRY,already_in,
chem-process-heating-purpose,CHEMISTRY,already_in,
chem-cooling-crystallization-purpose,CHEMISTRY,already_in,
chem-crystallization-method-selection,CHEMISTRY,already_in,
chem-washing-solvent-selection,CHEMISTRY,already_in,
chem-precipitate-washing-procedure,CHEMISTRY,already_in,
chem-precipitate-washing-check,CHEMISTRY,already_in,
chem-vacuum-evaporation-reason,CHEMISTRY,already_in,
chem-deposition-sublimation-concept,CHEMISTRY,already_in,
chem-selenium-iodometric-equation,CHEMISTRY,already_in,
chem-mno2-concentrated-hcl-chlorine,CHEMISTRY,already_in,
chem-periodic-atomic-radius,CHEMISTRY,already_in,
chem-periodic-acidity-of-highest-oxide-acid,CHEMISTRY,already_in,
chem-periodic-metallic-property-trend,CHEMISTRY,already_in,
chem-periodic-electronegativity-trend,CHEMISTRY,already_in,
chem-periodic-ionization-energy-trend,CHEMISTRY,already_in,
chem-valence-bond-count-element-inference,CHEMISTRY,already_in,
chem-element-records-common-knowledge,CHEMISTRY,already_in,
chem-electronegativity-bond-type-polarity,CHEMISTRY,already_in,
chem-bond-length-energy-stability,CHEMISTRY,already_in,
chem-bond-angle-central-electronegativity,CHEMISTRY,already_in,
chem-carboxylic-acid-inductive-effect,CHEMISTRY,already_in,
chem-molecular-polarity-judgment,CHEMISTRY,already_in,
chem-like-dissolves-like,CHEMISTRY,already_in,
chem-polarity-vs-boiling-point,CHEMISTRY,already_in,
chem-van-der-waals-boiling-trend,CHEMISTRY,already_in,
chem-crystal-melting-general-order,CHEMISTRY,already_in,
chem-hydrogen-bond-boiling-anomaly,CHEMISTRY,already_in,
chem-atomic-crystal-melting-comparison,CHEMISTRY,already_in,
chem-ionic-crystal-melting-comparison,CHEMISTRY,already_in,
chem-molecular-stability-vs-bp,CHEMISTRY,already_in,
chem-hydrogen-bond-count-melting,CHEMISTRY,already_in,
chem-unit-cell-share-method,CHEMISTRY,already_in,
chem-unit-cell-projection-analysis,CHEMISTRY,already_in,
chem-unit-cell-distance-relations,CHEMISTRY,already_in,
chem-atomic-coordinate-distance,CHEMISTRY,already_in,
chem-density-formula-unit-cell,CHEMISTRY,already_in,
chem-lattice-parameter-radius-relation,CHEMISTRY,already_in,
chem-coordination-number-determination,CHEMISTRY,already_in,
chem-fcc-void-count,CHEMISTRY,already_in,
chem-enthalpy-addition-method,CHEMISTRY,already_in,
chem-enthalpy-hess-cycle-method,CHEMISTRY,already_in,
chem-enthalpy-of-combustion-definition,CHEMISTRY,already_in,
chem-electrode-ion-movement-direction,CHEMISTRY,already_in,
chem-ion-exchange-membrane-types,CHEMISTRY,already_in,
chem-electrochemical-device-analysis-steps,CHEMISTRY,already_in,
chem-lithium-battery-primary-secondary,CHEMISTRY,already_in,
chem-flow-battery-concept,CHEMISTRY,already_in,
chem-catalyst-vs-intermediate-cycle,CHEMISTRY,already_in,
chem-activation-energy-definition,CHEMISTRY,already_in,
chem-rate-determining-step,CHEMISTRY,already_in,
chem-catalyst-lower-activation-energy,CHEMISTRY,already_in,
chem-multi-step-deltah-activation-sum,CHEMISTRY,already_in,
chem-catalytic-cycle-image-steps,CHEMISTRY,already_in,
chem-energy-profile-reading-steps,CHEMISTRY,already_in,
chem-butadiene-bromination-control,CHEMISTRY,already_in,
chem-le-chatelier-conditions,CHEMISTRY,already_in,
chem-inert-gas-effect,CHEMISTRY,already_in,
chem-product-selectivity-competition,CHEMISTRY,already_in,
chem-activation-energy-rate-priority,CHEMISTRY,already_in,
chem-equilibrium-constant-rate-constant-ratio,CHEMISTRY,already_in,
chem-arrhenius-equation,CHEMISTRY,already_in,
chem-co2-hydrogenation-reactions,CHEMISTRY,already_in,
chem-kinetic-vs-thermodynamic-control,CHEMISTRY,already_in,
chem-log-linearization-equilibrium,CHEMISTRY,already_in,
chem-apparent-rate-constant-derivation,CHEMISTRY,already_in,
chem-charge-conservation,CHEMISTRY,already_in,
chem-material-conservation,CHEMISTRY,already_in,
chem-proton-conservation,CHEMISTRY,already_in,
chem-hso3-solution-particle-order,CHEMISTRY,already_in,
chem-mixed-solution-comparison-steps,CHEMISTRY,already_in,
chem-acetic-acid-acetate-buffer-order,CHEMISTRY,already_in,
chem-intersection-reading-equilibrium-constant,CHEMISTRY,already_in,
chem-half-neutralization-point,CHEMISTRY,already_in,
chem-neutral-point-before-equivalence,CHEMISTRY,already_in,
chem-titration-curve-hcl-vs-acetic,CHEMISTRY,already_in,
chem-ag-acidity-parameter,CHEMISTRY,already_in,
chem-log-image-coordinate-types,CHEMISTRY,already_in,
chem-image-analysis-five-steps,CHEMISTRY,already_in,
chem-pm-pc-precipitation-line,CHEMISTRY,already_in,
chem-distribution-fraction-definition,CHEMISTRY,already_in,
chem-hydrolysis-constant-kw-ka,CHEMISTRY,already_in,
chem-ion-balance-image-four-steps,CHEMISTRY,already_in,
chem-inert-gas-rate-effect,CHEMISTRY,already_in,
chem-industrial-condition-principles,CHEMISTRY,already_in,
chem-attribution-explanation-template,CHEMISTRY,already_in,
chem-partial-pressure-reduction-shift,CHEMISTRY,already_in,
chem-partial-pressure-equilibrium-constant,CHEMISTRY,already_in,
chem-dalton-partial-pressure-rules,CHEMISTRY,already_in,
chem-kp-calculation-templates,CHEMISTRY,already_in,
chem-kp-standard-and-mole-fraction,CHEMISTRY,already_in,
chem-degree-of-unsaturation-calculation,CHEMISTRY,already_in,
chem-structure-restriction-clues,CHEMISTRY,already_in,
chem-nmr-h-integral-numbers,CHEMISTRY,already_in,
chem-functional-group-isomers,CHEMISTRY,already_in,
chem-chiral-carbon-criterion,CHEMISTRY,already_in,
chem-benzene-equivalent-h,CHEMISTRY,already_in,
chem-carbon-skeleton-isomer-order,CHEMISTRY,already_in,
chem-alkyl-group-count-trick,CHEMISTRY,already_in,
chem-equivalent-hydrogen-rules,CHEMISTRY,already_in,
chem-ding-yi-yi-isomers,CHEMISTRY,already_in,
chem-benzene-multi-substitution-counts,CHEMISTRY,already_in,
chem-exchange-element-trick,CHEMISTRY,already_in,
chem-insertion-method-isomers,CHEMISTRY,already_in,
chem-restricted-isomer-writing-steps,CHEMISTRY,already_in,
chem-carbonyl-polar-addition-rule,CHEMISTRY,already_in,
chem-huangminglong-reduction,CHEMISTRY,already_in,
chem-organic-transformation-network,CHEMISTRY,already_in,
chem-carbon-chain-extension,CHEMISTRY,already_in,
chem-carbon-chain-shortening,CHEMISTRY,already_in,
chem-ring-forming-methods,CHEMISTRY,already_in,
chem-ring-opening-methods,CHEMISTRY,already_in,
chem-functional-group-introduction,CHEMISTRY,already_in,
chem-increase-and-move-functional-groups,CHEMISTRY,already_in,
chem-functional-group-elimination,CHEMISTRY,already_in,
chem-functional-group-protection,CHEMISTRY,already_in,
chem-synthesis-route-design-model,CHEMISTRY,already_in,
chem-intermediate-deduction-methods,CHEMISTRY,already_in,
chem-directing-effect-toluene,CHEMISTRY,already_in,
chem-nitro-to-amino-reduction,CHEMISTRY,already_in,
chem-iron3-detection,CHEMISTRY,already_in,
chem-iron2-detection,CHEMISTRY,already_in,
chem-ammonium-detection,CHEMISTRY,already_in,
chem-flame-test-na-k,CHEMISTRY,already_in,
chem-chloride-detection,CHEMISTRY,already_in,
chem-sulfate-detection,CHEMISTRY,already_in,
chem-carbonate-detection,CHEMISTRY,already_in,
chem-ksp-vs-solubility-comparison,CHEMISTRY,already_in,
chem-ksp-experiment-comparison,CHEMISTRY,already_in,
chem-acid-strength-comparison-controlled-variable,CHEMISTRY,already_in,
chem-experiment-evaluation-four-principles,CHEMISTRY,already_in,
chem-so2-co2-interference,CHEMISTRY,already_in,
chem-no2-n2o4-temperature,CHEMISTRY,already_in,
chem-dichromate-equilibrium-color,CHEMISTRY,already_in,
chem-precipitation-complete-check,CHEMISTRY,already_in,
chem-distillation-operation-points,CHEMISTRY,already_in,
chem-extraction-separation-points,CHEMISTRY,already_in,
chem-evaporation-crystallization-points,CHEMISTRY,already_in,
chem-sublimation-separation,CHEMISTRY,already_in,
chem-gas-washing-points,CHEMISTRY,already_in,
chem-filtration-operation-points,CHEMISTRY,already_in,
chem-burette-selection,CHEMISTRY,already_in,
chem-preparation-five-property-control,CHEMISTRY,already_in,
chem-experiment-exploration-flow,CHEMISTRY,already_in,
chem-hydrolysis-prone-preparation-protection,CHEMISTRY,already_in,
chem-cold-condensation-reflux,CHEMISTRY,already_in,
chem-gas-functions-in-experiment,CHEMISTRY,already_in,
chem-h2s-iodine-reaction,CHEMISTRY,already_in,
chem-hi-oxidation-storage,CHEMISTRY,already_in,
chem-stop-heating-before-gas,CHEMISTRY,already_in,
chem-yield-formula,CHEMISTRY,already_in,
chem-reflux-condenser-points,CHEMISTRY,already_in,
chem-organic-prep-considerations,CHEMISTRY,already_in,
chem-organic-purification-sequence,CHEMISTRY,already_in,
chem-reagent-bottle-selection,CHEMISTRY,already_in,
chem-salting-out-effect,CHEMISTRY,already_in,
chem-high-bp-distillation-no-water,CHEMISTRY,already_in,
chem-water-bath-heating-purpose,CHEMISTRY,already_in,
chem-purity-formula,CHEMISTRY,already_in,
chem-parallel-measurement-average,CHEMISTRY,already_in,
chem-inquiry-experiment-steps,CHEMISTRY,already_in,
chem-copper-hydroxide-decomposition,CHEMISTRY,already_in,
chem-interstitial-void-configuration,CHEMISTRY,already_in,
chem-kb-atomic-number-relations,CHEMISTRY,already_in,
chem-kb-periodic-table-layout,CHEMISTRY,already_in,
chem-kb-period-count-elements,CHEMISTRY,already_in,
chem-kb-periodic-table-four-relations,CHEMISTRY,already_in,
chem-kb-subgroup-zero-valence-config,CHEMISTRY,already_in,
chem-kb-periodic-table-zones,CHEMISTRY,already_in,
chem-kb-periodic-law-essence,CHEMISTRY,already_in,
chem-kb-same-period-trend,CHEMISTRY,already_in,
chem-kb-same-group-trend,CHEMISTRY,already_in,
chem-kb-atomic-radius-factors,CHEMISTRY,already_in,
chem-kb-f-o-valence-exception,CHEMISTRY,already_in,
chem-kb-first-ionization-energy,CHEMISTRY,already_in,
chem-kb-ionization-energy-anomaly,CHEMISTRY,already_in,
chem-kb-successive-ionization-energy,CHEMISTRY,already_in,
chem-kb-electronegativity-concept,CHEMISTRY,already_in,
chem-kb-electronegativity-applications,CHEMISTRY,already_in,
chem-kb-diagonal-rule,CHEMISTRY,already_in,
chem-kb-iia-iiia-atomic-number-diff,CHEMISTRY,already_in,
chem-kb-same-group-atomic-number-diff,CHEMISTRY,already_in,
chem-kb-main-group-inference-rules,CHEMISTRY,already_in,
chem-kb-same-config-ion-position,CHEMISTRY,already_in,
chem-kb-atomic-radius-comparison,CHEMISTRY,already_in,
chem-kb-ion-radius-comparison,CHEMISTRY,already_in,
chem-kb-metallicity-criteria,CHEMISTRY,already_in,
chem-kb-nonmetallicity-criteria,CHEMISTRY,already_in,
chem-kb-metallicity-vs-activity,CHEMISTRY,already_in,
chem-kb-periodic-table-applications,CHEMISTRY,already_in,
chem-kb-periodic-table-pitfalls,CHEMISTRY,already_in,
chem-kb-bond-count-element-inference,CHEMISTRY,already_in,
chem-kb-reaction-heat-enthalpy,CHEMISTRY,already_in,
chem-kb-exo-endo-essence,CHEMISTRY,already_in,
chem-kb-delta-h-three-formulas,CHEMISTRY,already_in,
chem-kb-common-exo-endo-reactions,CHEMISTRY,already_in,
chem-kb-heat-judge-pitfalls,CHEMISTRY,already_in,
chem-kb-combustion-heat,CHEMISTRY,already_in,
chem-kb-neutralization-heat-measurement,CHEMISTRY,already_in,
chem-kb-thermochemical-equation-writing,CHEMISTRY,already_in,
chem-kb-hess-law,CHEMISTRY,already_in,
chem-kb-hess-operation-rules,CHEMISTRY,already_in,
chem-kb-enthalpy-comparison-rules,CHEMISTRY,already_in,
chem-kb-reversible-reaction-actual-heat,CHEMISTRY,already_in,
chem-kb-common-bond-counts,CHEMISTRY,already_in,
chem-kb-five-checks-thermochemical,CHEMISTRY,already_in,
chem-kb-heat-calculation-methods,CHEMISTRY,already_in,
chem-kb-reaction-rate-definition,CHEMISTRY,already_in,
chem-kb-rate-stoichiometric-ratio,CHEMISTRY,already_in,
chem-kb-rate-three-stage-method,CHEMISTRY,already_in,
chem-kb-rate-comparison-methods,CHEMISTRY,already_in,
chem-kb-rate-measurement-methods,CHEMISTRY,already_in,
chem-kb-rate-primary-factor,CHEMISTRY,already_in,
chem-kb-rate-external-factors,CHEMISTRY,already_in,
chem-kb-collision-theory-basics,CHEMISTRY,already_in,
chem-kb-collision-factor-mechanism,CHEMISTRY,already_in,
chem-kb-elementary-reaction-mechanism,CHEMISTRY,already_in,
chem-kb-rate-equation-and-constant,CHEMISTRY,already_in,
chem-kb-transition-state-theory,CHEMISTRY,already_in,
chem-kb-catalyst-mechanism,CHEMISTRY,already_in,
chem-kb-inert-gas-pressure-rate,CHEMISTRY,already_in,
chem-kb-controlled-variable-method-rate,CHEMISTRY,already_in,
chem-kb-cl2-physical-properties,CHEMISTRY,already_in,
chem-kb-cl2-metal-reactions,CHEMISTRY,already_in,
chem-kb-cl2-hydrogen-reaction,CHEMISTRY,already_in,
chem-kb-cl2-reducing-compounds,CHEMISTRY,already_in,
chem-kb-cl2-disproportionation-water-base,CHEMISTRY,already_in,
chem-kb-hclo-properties,CHEMISTRY,already_in,
chem-kb-bleaching-liquid-and-powder,CHEMISTRY,already_in,
chem-kb-cl2-lab-preparation,CHEMISTRY,already_in,
chem-kb-cl2-verify-full-methods,CHEMISTRY,already_in,
chem-kb-cl2-industrial-preparation,CHEMISTRY,already_in,
chem-kb-halogen-similarity,CHEMISTRY,already_in,
chem-kb-halogen-trends,CHEMISTRY,already_in,
chem-kb-halogen-peculiarities,CHEMISTRY,already_in,
chem-kb-halide-ion-tests,CHEMISTRY,already_in,
chem-kb-seawater-bromine-iodine-extraction,CHEMISTRY,already_in,
chem-kb-cl2-preparation-cautions,CHEMISTRY,already_in,
chem-kb-clo-ion-properties,CHEMISTRY,already_in,
chem-kb-matter-classification-methods,CHEMISTRY,already_in,
chem-kb-phys-chem-change-judgment,CHEMISTRY,already_in,
chem-kb-common-phys-chem-change-list,CHEMISTRY,already_in,
chem-kb-pure-mixture-judgment-pitfalls,CHEMISTRY,already_in,
chem-kb-oxide-classification,CHEMISTRY,already_in,
chem-kb-element-to-salt-transform-chains,CHEMISTRY,already_in,
chem-kb-strong-weak-transform-rule,CHEMISTRY,already_in,
chem-kb-acid-base-oxide-general-properties,CHEMISTRY,already_in,
chem-kb-impossible-direct-transforms,CHEMISTRY,already_in,
chem-kb-colloid-essence-stability,CHEMISTRY,already_in,
chem-kb-colloid-classification-examples,CHEMISTRY,already_in,
chem-kb-colloid-coagulation-methods,CHEMISTRY,already_in,
chem-kb-colloid-particle-charge-rules,CHEMISTRY,already_in,
chem-kb-feoh3-colloid-preparation,CHEMISTRY,already_in,
chem-kb-molar-concentration-definition,CHEMISTRY,already_in,
chem-kb-solution-preparation-steps,CHEMISTRY,already_in,
chem-kb-volumetric-flask-usage,CHEMISTRY,already_in,
chem-kb-224-liquid-mole-volume-conditions,CHEMISTRY,already_in,
chem-kb-na-judgment-three-steps,CHEMISTRY,already_in,
chem-kb-na-solution-particle-pitfalls,CHEMISTRY,already_in,
chem-kb-na-electron-transfer-pitfalls,CHEMISTRY,already_in,
chem-kb-na-special-reaction-pitfalls,CHEMISTRY,already_in,
chem-kb-na-mixture-simplest-formula,CHEMISTRY,already_in,
chem-kb-solution-prep-error-analysis,CHEMISTRY,already_in,
chem-kb-concentration-calculation-formulas,CHEMISTRY,already_in,
chem-kb-same-molar-mass-pairs,CHEMISTRY,already_in,
chem-kb-strong-weak-electrolytes,CHEMISTRY,already_in,
chem-kb-ionization-equation-writing,CHEMISTRY,already_in,
chem-kb-ionization-equilibrium-features,CHEMISTRY,already_in,
chem-kb-ionization-equilibrium-factors,CHEMISTRY,already_in,
chem-kb-ionization-constant-concept,CHEMISTRY,already_in,
chem-kb-ionization-degree,CHEMISTRY,already_in,
chem-kb-strong-weak-acid-comparison,CHEMISTRY,already_in,
chem-kb-dilution-pH-rules,CHEMISTRY,missing,
chem-kb-weak-electrolyte-judgment,CHEMISTRY,already_in,
chem-kb-ka-approximate-calculation,CHEMISTRY,already_in,
chem-kb-dilution-ratio-judgment-with-ka,CHEMISTRY,already_in,
chem-kb-ionization-four-not-necessaries,CHEMISTRY,already_in,
chem-kb-sodium-physical-properties,CHEMISTRY,already_in,
chem-kb-sodium-oxygen-reactions,CHEMISTRY,already_in,
chem-kb-sodium-water-ethanol-reactions,CHEMISTRY,already_in,
chem-kb-sodium-preparation-storage-uses,CHEMISTRY,already_in,
chem-kb-sodium-with-acid-salt-solutions,CHEMISTRY,already_in,
chem-kb-na2o-na2o2-comparison,CHEMISTRY,already_in,
chem-kb-na2o2-self-redox-laws,CHEMISTRY,already_in,
chem-kb-na2o2-solid-mass-increase,CHEMISTRY,already_in,
chem-kb-na2o2-oxidizing-properties,CHEMISTRY,already_in,
chem-kb-sodium-air-exposure-chain,CHEMISTRY,already_in,
chem-kb-na2co3-nahco3-comparison,CHEMISTRY,already_in,
chem-kb-na2co3-nahco3-conversion,CHEMISTRY,already_in,
chem-kb-na2co3-nahco3-identification,CHEMISTRY,already_in,
chem-kb-carbonate-hcl-dropwise-rules,CHEMISTRY,already_in,
chem-kb-hou-soda-process,CHEMISTRY,already_in,
chem-kb-flame-test,CHEMISTRY,already_in,
chem-kb-alkali-metal-properties,CHEMISTRY,already_in,
chem-kb-reversible-reaction-features,CHEMISTRY,already_in,
chem-kb-equilibrium-state-features,CHEMISTRY,already_in,
chem-kb-equilibrium-judgment-criteria,CHEMISTRY,already_in,
chem-kb-invalid-equilibrium-flags,CHEMISTRY,already_in,
chem-kb-qk-equilibrium-shift,CHEMISTRY,already_in,
chem-kb-equilibrium-shift-factors,CHEMISTRY,already_in,
chem-kb-inert-gas-equilibrium-effect,CHEMISTRY,already_in,
chem-kb-le-chatelier-principle,CHEMISTRY,already_in,
chem-kb-equilibrium-shift-experiments,CHEMISTRY,already_in,
chem-kb-conversion-rate-change-analysis,CHEMISTRY,already_in,
chem-kb-adiabatic-equilibrium-analysis,CHEMISTRY,already_in,
chem-kb-ion-electron-count-relations,CHEMISTRY,already_in,
chem-kb-element-nuclide-isotope,CHEMISTRY,already_in,
chem-kb-important-nuclides-applications,CHEMISTRY,already_in,
chem-kb-isotope-allotrope-isomer-compare,CHEMISTRY,already_in,
chem-kb-energy-levels-and-orbitals,CHEMISTRY,already_in,
chem-kb-electron-cloud-orbital-shapes,CHEMISTRY,already_in,
chem-kb-ground-excited-state-spectrum,CHEMISTRY,already_in,
chem-kb-electron-filling-three-principles,CHEMISTRY,already_in,
chem-kb-aufbau-principle-level-crossing,CHEMISTRY,already_in,
chem-kb-electron-config-notation-tips,CHEMISTRY,already_in,
chem-kb-electron-motion-state-counting,CHEMISTRY,already_in,
chem-kb-equal-proton-electron-particles,CHEMISTRY,already_in,
chem-kb-galvanic-cell-conditions,CHEMISTRY,already_in,
chem-kb-galvanic-cell-working-principle,CHEMISTRY,already_in,
chem-kb-galvanic-electrode-judgment,CHEMISTRY,already_in,
chem-kb-galvanic-cell-applications,CHEMISTRY,already_in,
chem-kb-primary-battery-examples,CHEMISTRY,already_in,
chem-kb-fuel-cell-electrode-writing,CHEMISTRY,already_in,
chem-kb-electrode-equation-from-total-reaction,CHEMISTRY,already_in,
chem-kb-rechargeable-battery-principles,CHEMISTRY,already_in,
chem-kb-ion-exchange-membranes,CHEMISTRY,already_in,
chem-kb-concentration-cell-analysis,CHEMISTRY,already_in,
chem-kb-galvanic-cell-pitfalls,CHEMISTRY,already_in,
chem-kb-water-ionization-basics,CHEMISTRY,already_in,
chem-kb-water-ion-product-kw,CHEMISTRY,already_in,
chem-kb-water-ionization-shift-factors,CHEMISTRY,already_in,
chem-kb-solution-acidity-pH-definition,CHEMISTRY,missing,
chem-kb-indicator-color-ranges,CHEMISTRY,already_in,
chem-kb-pH-calculation-models,CHEMISTRY,missing,
chem-kb-acid-base-dilution-pH-table,CHEMISTRY,missing,
chem-kb-neutralization-titration-principle,CHEMISTRY,already_in,
chem-kb-titration-indicator-selection,CHEMISTRY,already_in,
chem-kb-titration-burette-selection,CHEMISTRY,already_in,
chem-kb-titration-endpoint-and-errors,CHEMISTRY,already_in,
chem-kb-titration-curve-four-points,CHEMISTRY,already_in,
chem-kb-pH-paper-proper-use,CHEMISTRY,missing,
chem-kb-mixed-solution-acidity-rules,CHEMISTRY,already_in,
chem-kb-sulfur-properties,CHEMISTRY,already_in,
chem-kb-h2s-properties,CHEMISTRY,already_in,
chem-kb-so2-properties,CHEMISTRY,already_in,
chem-kb-so2-lab-preparation,CHEMISTRY,already_in,
chem-kb-so2-pollution-desulfurization,CHEMISTRY,already_in,
chem-kb-so3-properties,CHEMISTRY,already_in,
chem-kb-concentrated-h2so4-features,CHEMISTRY,already_in,
chem-kb-h2so4-industry-process,CHEMISTRY,already_in,
chem-kb-sulfate-sulfite-ion-tests,CHEMISTRY,already_in,
chem-kb-sulfur-valence-transform-rules,CHEMISTRY,already_in,
chem-kb-three-bleaching-types,CHEMISTRY,already_in,
chem-kb-so2-co2-identification,CHEMISTRY,already_in,
chem-kb-conc-h2so4-metal-reaction-rules,CHEMISTRY,already_in,
chem-kb-iron-basic-properties,CHEMISTRY,already_in,
chem-kb-iron-nonmetal-reactions,CHEMISTRY,already_in,
chem-kb-iron-acid-steam-reactions,CHEMISTRY,already_in,
chem-kb-iron-oxidizer-valence-rule,CHEMISTRY,already_in,
chem-kb-iron-oxides-properties,CHEMISTRY,already_in,
chem-kb-iron-hydroxides-properties,CHEMISTRY,already_in,
chem-kb-feoh2-preparation-methods,CHEMISTRY,already_in,
chem-kb-fe2-plus-properties,CHEMISTRY,already_in,
chem-kb-fe3-plus-properties,CHEMISTRY,already_in,
chem-kb-iron-salt-solution-preparation,CHEMISTRY,already_in,
chem-kb-fe-ion-test-methods,CHEMISTRY,already_in,
chem-kb-iron-triangle-transforms,CHEMISTRY,already_in,
chem-kb-iron-oxide-composition-determination,CHEMISTRY,already_in,
chem-kb-electrolyte-judgment-boundary,CHEMISTRY,already_in,
chem-kb-acid-base-salt-from-ionization,CHEMISTRY,already_in,
chem-kb-electrolyte-solution-conductivity,CHEMISTRY,already_in,
chem-kb-ion-reaction-conditions,CHEMISTRY,already_in,
chem-kb-ionic-equation-writing-rules,CHEMISTRY,already_in,
chem-kb-ionic-equation-check-six-steps,CHEMISTRY,already_in,
chem-kb-quantity-related-ionic-equation-techniques,CHEMISTRY,already_in,
chem-kb-ion-coexistence-key-points,CHEMISTRY,already_in,
chem-kb-cation-test-methods,CHEMISTRY,already_in,
chem-kb-anion-test-methods,CHEMISTRY,already_in,
chem-kb-charge-conservation-ion-inference,CHEMISTRY,already_in,
chem-kb-equilibrium-constant-definition,CHEMISTRY,already_in,
chem-kb-k-expression-transformation-rules,CHEMISTRY,already_in,
chem-kb-k-temperature-delta-h-relation,CHEMISTRY,already_in,
chem-kb-qk-direction-and-conversion,CHEMISTRY,already_in,
chem-kb-kp-partial-pressure-calculation,CHEMISTRY,already_in,
chem-kb-k-and-rate-constant-relation,CHEMISTRY,already_in,
chem-kb-chemical-bond-definition-types,CHEMISTRY,already_in,
chem-kb-ionic-covalent-bond-comparison,CHEMISTRY,already_in,
chem-kb-bond-type-and-substance-category,CHEMISTRY,already_in,
chem-kb-electron-formula-writing-rules,CHEMISTRY,already_in,
chem-kb-bond-breaking-in-processes,CHEMISTRY,already_in,
chem-kb-sigma-pi-bond-rules,CHEMISTRY,already_in,
chem-kb-bond-energy-length-angle,CHEMISTRY,already_in,
chem-kb-vsepr-model-method,CHEMISTRY,already_in,
chem-kb-hybridization-theory-judgment,CHEMISTRY,already_in,
chem-kb-bond-angle-comparison-rules,CHEMISTRY,already_in,
chem-kb-isoelectronic-principle,CHEMISTRY,already_in,
chem-kb-van-der-waals-hydrogen-bond,CHEMISTRY,already_in,
chem-kb-molecular-polarity-judgment,CHEMISTRY,already_in,
chem-kb-molecular-solubility-rules,CHEMISTRY,already_in,
chem-kb-bond-polarity-effect-on-acidity,CHEMISTRY,already_in,
chem-kb-molecular-chirality,CHEMISTRY,already_in,
chem-kb-coordinate-bond-and-complexes,CHEMISTRY,already_in,
chem-kb-supramolecule-concept,CHEMISTRY,already_in,
chem-kb-redox-concept-essence,CHEMISTRY,already_in,
chem-kb-electron-transfer-notation,CHEMISTRY,already_in,
chem-kb-common-oxidizers-reducers,CHEMISTRY,already_in,
chem-kb-oxidizing-reducing-strength-comparison,CHEMISTRY,already_in,
chem-kb-strength-vs-electron-count-pitfalls,CHEMISTRY,already_in,
chem-kb-redox-four-laws,CHEMISTRY,already_in,
chem-kb-redox-balancing-steps,CHEMISTRY,already_in,
chem-kb-missing-term-balancing-rules,CHEMISTRY,already_in,
chem-kb-unfamiliar-equation-writing-steps,CHEMISTRY,already_in,
chem-kb-electron-conservation-calculation,CHEMISTRY,already_in,
chem-kb-nitrogen-fixation-and-n2,CHEMISTRY,already_in,
chem-kb-no-no2-comparison,CHEMISTRY,already_in,
chem-kb-nox-water-oxygen-relations,CHEMISTRY,already_in,
chem-kb-nox-pollution-and-treatment,CHEMISTRY,already_in,
chem-kb-nh3-properties,CHEMISTRY,already_in,
chem-kb-nh3-lab-preparation-details,CHEMISTRY,already_in,
chem-kb-fountain-experiment-principle,CHEMISTRY,already_in,
chem-kb-nitric-acid-properties,CHEMISTRY,already_in,
chem-kb-metal-hno3-calculation-models,CHEMISTRY,already_in,
chem-kb-green-chemistry-atom-economy,CHEMISTRY,already_in,
chem-kb-electrolysis-principle,CHEMISTRY,already_in,
chem-kb-electrode-discharge-order,CHEMISTRY,already_in,
chem-kb-anode-cathode-judgment-methods,CHEMISTRY,already_in,
chem-kb-electrolysis-pH-change-rules,CHEMISTRY,missing,
chem-kb-electrolyte-restoration-rule,CHEMISTRY,already_in,
chem-kb-chlor-alkali-industry,CHEMISTRY,already_in,
chem-kb-electroplating-and-copper-refining,CHEMISTRY,already_in,
chem-kb-electrometallurgy,CHEMISTRY,already_in,
chem-kb-metal-corrosion-types,CHEMISTRY,already_in,
chem-kb-corrosion-rate-comparison,CHEMISTRY,already_in,
chem-kb-metal-protection-methods,CHEMISTRY,already_in,
chem-kb-electrochemistry-calculation-methods,CHEMISTRY,already_in,
chem-hj-yanghuawu-fenlei,CHEMISTRY,already_in,
chem-hj-jiaocha-shuzhuang-fenlei,CHEMISTRY,already_in,
chem-hj-wuli-huaxue-bianhua-panduan,CHEMISTRY,already_in,
chem-hj-bianhua-guilei-sansiliu,CHEMISTRY,already_in,
chem-hj-wujizhuanhua-yibuguii,CHEMISTRY,already_in,
chem-hj-buneng-yibu-zhuanhua,CHEMISTRY,already_in,
chem-hj-fensanxi-fenlei,CHEMISTRY,already_in,
chem-hj-jiaoti-xingzhi-juchen,CHEMISTRY,already_in,
chem-hj-jiaoli-daidian-jingshui,CHEMISTRY,already_in,
chem-hj-chuantong-wenhuatongdui,CHEMISTRY,already_in,
chem-hj-zhouqibiao-jiegou,CHEMISTRY,already_in,
chem-hj-tongzhu-yuanxuzhucha,CHEMISTRY,already_in,
chem-hj-zhouqibiao-fenqu,CHEMISTRY,already_in,
chem-hj-jinshu-feijinshu-fenjiexian,CHEMISTRY,already_in,
chem-hj-zhouqibiao-yingyong,CHEMISTRY,already_in,
chem-hj-diyidilineng-guilv,CHEMISTRY,already_in,
chem-hj-dianlineng-yingyong,CHEMISTRY,already_in,
chem-hj-dianfuxing-guilv,CHEMISTRY,already_in,
chem-hj-dianfuxing-yingyong,CHEMISTRY,already_in,
chem-hj-jinshuxing-bijiao,CHEMISTRY,already_in,
chem-hj-feijinshuxing-bijiao,CHEMISTRY,already_in,
chem-hj-jinshu-feijinshu-wuqu,CHEMISTRY,already_in,
chem-hj-weilijuban-bijiao,CHEMISTRY,already_in,
chem-hj-zhouqilv-dibian-zongbiao,CHEMISTRY,already_in,
chem-hj-gongjiajian-shumu-changjian,CHEMISTRY,already_in,
chem-hj-changkao-yuansu-dianziceng-yanjing,CHEMISTRY,already_in,
chem-hj-xire-fangre-fanying,CHEMISTRY,already_in,
chem-hj-zhonghe-re-ceding,CHEMISTRY,already_in,
chem-hj-hanbian-gainian,CHEMISTRY,already_in,
chem-hj-jianneng-hanbian-jisuan,CHEMISTRY,already_in,
chem-hj-rexuehuaxue-fangchengshi-shuxie,CHEMISTRY,already_in,
chem-hj-danweimol-hanyi,CHEMISTRY,already_in,
chem-hj-ranshaore-gainian,CHEMISTRY,already_in,
chem-hj-ranshaore-shuxie-sanyaosu,CHEMISTRY,already_in,
chem-hj-gaisidinglv,CHEMISTRY,already_in,
chem-hj-gaisi-jieji-qiaomen,CHEMISTRY,already_in,
chem-hj-fanyingre-bijiao-sikanfa,CHEMISTRY,already_in,
chem-hj-fanyingre-jisuan-yiju,CHEMISTRY,already_in,
chem-hj-fanyingsulv-biaoshi,CHEMISTRY,already_in,
chem-hj-sulv-ceding-fangfa,CHEMISTRY,already_in,
chem-hj-sulv-sanduanshi,CHEMISTRY,already_in,
chem-hj-sulv-dingxing-dingliang-bijiao,CHEMISTRY,already_in,
chem-hj-nongdu-yaqiang-yingxiang,CHEMISTRY,already_in,
chem-hj-yaqiang-sulv-moxing,CHEMISTRY,already_in,
chem-hj-wendu-cuihuaji-yingxiang,CHEMISTRY,already_in,
chem-hj-kongzhibianliang-tansuo,CHEMISTRY,already_in,
chem-hj-sulv-tuxiang-fenxi,CHEMISTRY,already_in,
chem-hj-jiyuanfanying-lizeng,CHEMISTRY,already_in,
chem-hj-cuihuaji-tesheng-lizeng,CHEMISTRY,already_in,
chem-hj-youxiao-pengzhuang-lilun,CHEMISTRY,already_in,
chem-hj-kuaisu-pengzhuang-yingyong-lizi,CHEMISTRY,already_in,
chem-hj-lvqi-wulihuaxuexingzhi,CHEMISTRY,already_in,
chem-hj-lvqi-yujinshu-feijinshu,CHEMISTRY,already_in,
chem-hj-lvqi-yuhuanyuanxinghuahewu,CHEMISTRY,already_in,
chem-hj-lvshui-chengfen-pingheng,CHEMISTRY,already_in,
chem-hj-lvshui-pingheng-yidong,CHEMISTRY,already_in,
chem-hj-ciaosuan-xingzhi,CHEMISTRY,already_in,
chem-hj-piaobaiye-piaobaifen,CHEMISTRY,already_in,
chem-hj-ciaosuanyanyan-qiangyanghuaxing,CHEMISTRY,already_in,
chem-hj-shiyanshi-zhi-lvqi,CHEMISTRY,already_in,
chem-hj-zhi-lvqi-yicuo,CHEMISTRY,already_in,
chem-hj-hanlv-jia-lei-zhuanhua,CHEMISTRY,already_in,
chem-hj-lusu-lizi-jianyan,CHEMISTRY,already_in,
chem-hj-xiudian-danzhi-wulixingzhi,CHEMISTRY,already_in,
chem-hj-lusu-danzhi-xiangsi-dibian,CHEMISTRY,already_in,
chem-hj-lusu-danzhi-rongse-biao,CHEMISTRY,already_in,
chem-hj-lusu-teshuxing,CHEMISTRY,already_in,
chem-hj-haishui-tixiu,CHEMISTRY,already_in,
chem-hj-haidai-tidian,CHEMISTRY,already_in,
chem-hj-lvjian-gongye,CHEMISTRY,already_in,
chem-hj-moerzhiliang-gainian,CHEMISTRY,already_in,
chem-hj-qiuti-m-fangfa,CHEMISTRY,already_in,
chem-hj-qitimoer-tiji-tiaojian,CHEMISTRY,already_in,
chem-hj-biaokuang-feiqitai-wuzhi,CHEMISTRY,already_in,
chem-hj-afujialuoding-dinglv-tuilun,CHEMISTRY,already_in,
chem-hj-afujialuoding-jieti-silu,CHEMISTRY,already_in,
chem-hj-na-lizishumu-yaodian,CHEMISTRY,already_in,
chem-hj-jiajian-shumu-changkao,CHEMISTRY,already_in,
chem-hj-dianzi-zhuanyi-shumu-panduan,CHEMISTRY,already_in,
chem-hj-teshu-fanying-dianzi-zhuanyibiao,CHEMISTRY,already_in,
chem-hj-na-yinhan-tiaojian-xianjing,CHEMISTRY,already_in,
chem-hj-rongye-weilishumu-yaodian,CHEMISTRY,already_in,
chem-hj-qiang-ruo-dianjiezhi,CHEMISTRY,already_in,
chem-hj-panduan-ruodianjiezhi-fangfa,CHEMISTRY,already_in,
chem-hj-dianli-pingheng-yingxiang-yinsu,CHEMISTRY,already_in,
chem-hj-dianli-yidong-sibuding,CHEMISTRY,already_in,
chem-hj-daodian-nengli-yinsu,CHEMISTRY,already_in,
chem-hj-dianli-changshu-ka-kb,CHEMISTRY,already_in,
chem-hj-ka-yingxiang-yinsu,CHEMISTRY,already_in,
chem-hj-qiang-ruosuan-duibi,CHEMISTRY,already_in,
chem-hj-xishi-bizhi-bianhua,CHEMISTRY,already_in,
chem-hj-weili-shumu-guanxi,CHEMISTRY,already_in,
chem-hj-tongweisu-xiangguan-gainian,CHEMISTRY,already_in,
chem-hj-dianziyun-nengceng-nengji,CHEMISTRY,already_in,
chem-hj-paibulv-sanayuanli,CHEMISTRY,already_in,
chem-hj-guidaobiaoshi-gainian,CHEMISTRY,already_in,
chem-hj-dianzi-yueqian-guangpu,CHEMISTRY,already_in,
chem-hj-hefanying-shouheng,CHEMISTRY,already_in,
chem-hj-dianzipaibu-yulei,CHEMISTRY,already_in,
chem-hj-na-wulixingzhi,CHEMISTRY,already_in,
chem-hj-na-yushui-fanying,CHEMISTRY,already_in,
chem-hj-na-yusuan-yuyan,CHEMISTRY,already_in,
chem-hj-na-yurongrong-yan,CHEMISTRY,already_in,
chem-hj-na-luzhi-kongqi-bianhua,CHEMISTRY,already_in,
chem-hj-na-zhiqu-baocun-yongtu,CHEMISTRY,already_in,
chem-hj-na2o-na2o2-bijiao,CHEMISTRY,already_in,
chem-hj-na2o2-qiangyanghuaxing,CHEMISTRY,already_in,
chem-hj-na2o2-dingliang-guanxi,CHEMISTRY,already_in,
chem-hj-na2co3-nahco3-wulixingzhi,CHEMISTRY,already_in,
chem-hj-na2co3-nahco3-huaxuexingzhi,CHEMISTRY,already_in,
chem-hj-na2co3-nahco3-chuzha-jianbie,CHEMISTRY,already_in,
chem-hj-na2co3-yusuan-tuxiang,CHEMISTRY,already_in,
chem-hj-jianjinshu-xiangsi-dibian,CHEMISTRY,already_in,
chem-hj-jianjinshu-teshuxing,CHEMISTRY,already_in,
chem-hj-yanse-shiyan,CHEMISTRY,already_in,
chem-hj-houshi-zhijian-fa,CHEMISTRY,already_in,
chem-hj-chunjian-hanliang-ceding,CHEMISTRY,already_in,
chem-hj-keni-fanying-tesheng,CHEMISTRY,already_in,
chem-hj-huaxue-pingheng-jianli,CHEMISTRY,already_in,
chem-hj-pingheng-panduan-fangfa,CHEMISTRY,already_in,
chem-hj-nongdu-pingheng-yidong,CHEMISTRY,already_in,
chem-hj-q-k-panbie-yidong,CHEMISTRY,already_in,
chem-hj-yaqiang-pingheng-yingxiang,CHEMISTRY,already_in,
chem-hj-duoxing-qiti-pingheng,CHEMISTRY,already_in,
chem-hj-wendu-pingheng-yingxiang,CHEMISTRY,already_in,
chem-hj-cuihuaji-pingheng-yingxiang,CHEMISTRY,already_in,
chem-hj-lexiashitelie-yuanli,CHEMISTRY,already_in,
chem-hj-v-t-tuxiang-panduan-tiaojian,CHEMISTRY,already_in,
chem-hj-xian-guai-xian-ping,CHEMISTRY,already_in,
chem-hj-dingyiyi-er-tuxiang,CHEMISTRY,already_in,
chem-hj-pinghengxian-l-tuxiang,CHEMISTRY,already_in,
chem-hj-yuandianchi-gainian-tiaojian,CHEMISTRY,already_in,
chem-hj-yanqiao-zuoyong,CHEMISTRY,already_in,
chem-hj-xintong-yuandianchi-yuanli,CHEMISTRY,already_in,
chem-hj-yuandianchi-yingyong,CHEMISTRY,already_in,
chem-hj-zheng-fuji-panduan,CHEMISTRY,already_in,
chem-hj-dianji-fanyingshi-chaijian,CHEMISTRY,already_in,
chem-hj-dianji-fanyingshi-sansibu,CHEMISTRY,already_in,
chem-hj-erci-dianchi-qianxu,CHEMISTRY,already_in,
chem-hj-lizidianchi-yuanli,CHEMISTRY,already_in,
chem-hj-chongdian-lianjie-zhengzhengfufu,CHEMISTRY,already_in,
chem-hj-randiao-dianchi-jiezhi-yingxiang,CHEMISTRY,already_in,
chem-hj-xinxing-dianyuan-sibuzhou,CHEMISTRY,already_in,
chem-hj-shui-dianli-kw,CHEMISTRY,already_in,
chem-hj-shui-dianli-yingxiang-yinsu,CHEMISTRY,already_in,
chem-hj-sui-shui-dianli-jisuan,CHEMISTRY,already_in,
chem-hj-dianli-quxian-lijie,CHEMISTRY,already_in,
chem-hj-rongye-suanjianxing-panduan,CHEMISTRY,already_in,
chem-hj-suanjian-zhishiji-bianse,CHEMISTRY,already_in,
chem-hj-ph-shizhi-ceding-zhuyi,CHEMISTRY,already_in,
chem-hj-danyi-rongye-ph-jisuan,CHEMISTRY,already_in,
chem-hj-hunhe-rongye-ph-jisuan,CHEMISTRY,already_in,
chem-hj-xishi-ph-bianhua-guilv,CHEMISTRY,already_in,
chem-hj-zhonghe-dingding-caozuo,CHEMISTRY,already_in,
chem-hj-zhonghe-dingding-wucha,CHEMISTRY,already_in,
chem-hj-dingding-quxian-fenxi,CHEMISTRY,already_in,
chem-hj-wuzhidi-nongdu-gainian,CHEMISTRY,already_in,
chem-hj-qiti-rongyu-jisuan,CHEMISTRY,already_in,
chem-hj-nongdu-zhiliangfenfei-huansuan,CHEMISTRY,already_in,
chem-hj-nongdu-jisuan-yicuo,CHEMISTRY,already_in,
chem-hj-rongye-xishi-guilv,CHEMISTRY,already_in,
chem-hj-rongye-hunhe-wu-guilv,CHEMISTRY,already_in,
chem-hj-peizhi-yiding-nongdu-buzhou,CHEMISTRY,already_in,
chem-hj-peizhi-rongye-zhuyi,CHEMISTRY,already_in,
chem-hj-peizhi-wucha-fenxi,CHEMISTRY,already_in,
chem-hj-liu-danzhi-xingzhi,CHEMISTRY,already_in,
chem-hj-so2-wulixingzhi,CHEMISTRY,already_in,
chem-hj-so2-huaxuexingzhi,CHEMISTRY,already_in,
chem-hj-so2-baibai-zaoyin,CHEMISTRY,already_in,
chem-hj-so2-yubacl2-chenqu,CHEMISTRY,already_in,
chem-hj-so2-zhibei-fangfa,CHEMISTRY,already_in,
chem-hj-so2-co2-jianbie,CHEMISTRY,already_in,
chem-hj-nongsuan-san-texing,CHEMISTRY,already_in,
chem-hj-nongsuan-ganzaoji-fanwei,CHEMISTRY,already_in,
chem-hj-liusuan-gen-jianyan,CHEMISTRY,already_in,
chem-hj-cuyan-tichun-shunxu,CHEMISTRY,already_in,
chem-hj-liu-jialei-zhuanhua-guilv,CHEMISTRY,already_in,
chem-hj-changjian-liusuyan,CHEMISTRY,already_in,
chem-hj-gongye-zhi-liusuan,CHEMISTRY,already_in,
chem-hj-dianjiezhi-feidianjiezhi,CHEMISTRY,already_in,
chem-hj-dianjiezhi-panduan-yicuo,CHEMISTRY,already_in,
chem-hj-dianli-fangchengshi-shuxie,CHEMISTRY,already_in,
chem-hj-lizi-fanying-tiaojian,CHEMISTRY,already_in,
chem-hj-lizi-fangchengshi-yiyi,CHEMISTRY,already_in,
chem-hj-lizi-fangchengshi-zhengwu-qikan,CHEMISTRY,already_in,
chem-hj-lizi-lianxu-xing,CHEMISTRY,already_in,
chem-hj-lizi-xianhou-xing,CHEMISTRY,already_in,
chem-hj-lizi-zucheng-peibi-xing,CHEMISTRY,already_in,
chem-hj-lizi-gongcun-leixing,CHEMISTRY,already_in,
chem-hj-lizi-gongcun-yinhan,CHEMISTRY,already_in,
chem-hj-yanglizi-jianyan-biao,CHEMISTRY,already_in,
chem-hj-yinlizi-jianyan-biao,CHEMISTRY,already_in,
chem-hj-lizi-jianyan-ganrao,CHEMISTRY,already_in,
chem-hj-lizi-tuiduan-siyuanze,CHEMISTRY,already_in,
chem-hj-lizi-tuiduan-teshuxianxiang,CHEMISTRY,already_in,
chem-hj-tie-cunzai-wulixingzhi,CHEMISTRY,already_in,
chem-hj-tie-yufeijinshu-fanying,CHEMISTRY,already_in,
chem-hj-tie-yushui-yusuan,CHEMISTRY,already_in,
chem-hj-tie-yuyan-rongye,CHEMISTRY,already_in,
chem-hj-gaolu-liantie,CHEMISTRY,already_in,
chem-hj-tie-yanghuaji-guilv,CHEMISTRY,already_in,
chem-hj-tie-yanghuawu-xingzhi,CHEMISTRY,already_in,
chem-hj-tie-qingyanghuawu-zhibei,CHEMISTRY,already_in,
chem-hj-yatie-lizi-xingzhi,CHEMISTRY,already_in,
chem-hj-tiesan-lizi-xingzhi,CHEMISTRY,already_in,
chem-hj-tiesanjiao-zhuanhua,CHEMISTRY,already_in,
chem-hj-tie-xiaosuan-jisuan-fangfa,CHEMISTRY,already_in,
chem-hj-lizi-jian-gongjiajian-bijiao,CHEMISTRY,already_in,
chem-hj-lizi-gongjia-huahewu,CHEMISTRY,already_in,
chem-hj-huaxuejian-yicuo-dian,CHEMISTRY,already_in,
chem-hj-xijian-pijian,CHEMISTRY,already_in,
chem-hj-vsepr-jiaxiandianzidui,CHEMISTRY,already_in,
chem-hj-zahua-guidao-panbie,CHEMISTRY,already_in,
chem-hj-jian-jixing,CHEMISTRY,already_in,
chem-hj-jianjixing-yu-suanxing,CHEMISTRY,already_in,
chem-hj-jixing-feijixing-fenzi,CHEMISTRY,already_in,
chem-hj-fanweihuali-yingxiang,CHEMISTRY,already_in,
chem-hj-qingjian-gainian-tesheng,CHEMISTRY,already_in,
chem-hj-qingjian-yingxiang-xingzhi,CHEMISTRY,already_in,
chem-hj-xiangsi-xiangrong,CHEMISTRY,already_in,
chem-hj-peiweijian-peihecu,CHEMISTRY,already_in,
chem-hj-chaofenzi-shibie-zizhuang,CHEMISTRY,already_in,
chem-hj-pingheng-changshu-biaodashi,CHEMISTRY,already_in,
chem-hj-k-yiyi-yingxiang-yinsu,CHEMISTRY,already_in,
chem-hj-k-yu-fangchengshi-guanxi,CHEMISTRY,already_in,
chem-hj-k-fandu-panbie,CHEMISTRY,already_in,
chem-hj-k-sanduanshi-jisuan,CHEMISTRY,already_in,
chem-hj-fenya-fenyadinglv,CHEMISTRY,already_in,
chem-hj-kp-jisuan-moban,CHEMISTRY,already_in,
chem-hj-pingheng-zhuanhualv-biaodashi,CHEMISTRY,already_in,
chem-hj-toujinei-dui-zhuanhualv-yingxiang,CHEMISTRY,already_in,
chem-hj-duopingheng-tixi-jisuan,CHEMISTRY,already_in,
chem-hj-yanghuahaiyuan-tezheng-benzhi,CHEMISTRY,already_in,
chem-hj-changjian-yanghuaji-hanyuan-chanwu,CHEMISTRY,already_in,
chem-hj-changjian-huanyuanji-yanghua-chanwu,CHEMISTRY,already_in,
chem-hj-yanghuahaiyuan-wuge-wuqu,CHEMISTRY,already_in,
chem-hj-shuangxianqiao-danxianqiao,CHEMISTRY,already_in,
chem-hj-yanghuaxing-huanyuanxing-bijiao,CHEMISTRY,already_in,
chem-hj-changjian-qiangruo-shunxubiao,CHEMISTRY,already_in,
chem-hj-yanghuahaiyuan-sidalv,CHEMISTRY,already_in,
chem-hj-guizhong-qihua-guilv,CHEMISTRY,already_in,
chem-hj-dianzishouheng-jisuan,CHEMISTRY,already_in,
chem-hj-peiping-wubuzhou,CHEMISTRY,already_in,
chem-hj-peiping-sanfa,CHEMISTRY,already_in,
chem-hj-danqi-xingzhi-guding,CHEMISTRY,already_in,
chem-hj-dan-yanghuawu-fenlei,CHEMISTRY,already_in,
chem-hj-no-no2-bijiao,CHEMISTRY,already_in,
chem-hj-no2-n2o4-pingheng,CHEMISTRY,already_in,
chem-hj-dan-yanghuawu-wuran-chuli,CHEMISTRY,already_in,
chem-hj-dan-yanghuawu-rongyu-shui-jisuan,CHEMISTRY,already_in,
chem-hj-an-rongye-chengfen,CHEMISTRY,already_in,
chem-hj-an-huaxuexingzhi,CHEMISTRY,already_in,
chem-hj-anyan-xingzhi-jianyan,CHEMISTRY,already_in,
chem-hj-anqi-shiyanshi-zhifa,CHEMISTRY,already_in,
chem-hj-penquan-shiyan-yuanli,CHEMISTRY,already_in,
chem-hj-penquan-nongdu-jisuan,CHEMISTRY,already_in,
chem-hj-xiaosuan-xingzhi,CHEMISTRY,already_in,
chem-hj-xiaosuan-yujinshu-jisuan,CHEMISTRY,already_in,
chem-hj-dan-jialei-qihua-guizhong,CHEMISTRY,already_in,
chem-hj-dianjie-dianjiechi-gainian,CHEMISTRY,already_in,
chem-hj-yinyangji-panbie-fangfa,CHEMISTRY,already_in,
chem-hj-dianjie-guilv-sileixing,CHEMISTRY,already_in,
chem-hj-dianjie-zongfanyingshi-shuxie,CHEMISTRY,already_in,
chem-hj-dianjie-shiyanshi-zhifa,CHEMISTRY,already_in,
chem-hj-lizi-jiaohuanmo-leixing-zuoyong,CHEMISTRY,already_in,
chem-hj-hanmo-dianjie-jieti-sibu,CHEMISTRY,already_in,
chem-hj-dianjie-jisuan-yiju,CHEMISTRY,already_in,
chem-hj-jinshu-fushi-huaxue-dianhuaxue,CHEMISTRY,already_in,
chem-hj-xijin-xiyang-fushi,CHEMISTRY,already_in,
chem-hj-fushi-kuanman-panbie,CHEMISTRY,already_in,
chem-hj-jinshu-fanghu-fangfa,CHEMISTRY,already_in,
chem-hj-yanlei-shuijie-guilv,CHEMISTRY,already_in,
chem-hj-shuijie-fangchengshi-guize,CHEMISTRY,already_in,
chem-hj-shuijie-yingxiang-yinsu,CHEMISTRY,already_in,
chem-hj-shuijie-changshu-kh,CHEMISTRY,already_in,
chem-hj-suanshishui-suanjianxing,CHEMISTRY,already_in,
chem-hj-hunhe-yan-yuansuan-bijiao,CHEMISTRY,already_in,
chem-hj-shuijie-yingyong-shenghuo,CHEMISTRY,already_in,
chem-hj-zhenggan-chanwu-panbie,CHEMISTRY,already_in,
chem-hj-danyi-rongye-lizi-nongdu,CHEMISTRY,already_in,
chem-hj-hunhe-rongye-lizi-nongdu,CHEMISTRY,already_in,
chem-hj-fenbuxishu-tuxiang,CHEMISTRY,already_in,
chem-hj-duishu-tuxiang-shuijie,CHEMISTRY,already_in,
chem-hj-lv-dexingzhi,CHEMISTRY,already_in,
chem-hj-yanghualv-liangxing,CHEMISTRY,already_in,
chem-hj-qingyanghualv-liangxing,CHEMISTRY,already_in,
chem-hj-mingfan-jingshui,CHEMISTRY,already_in,
chem-hj-lvtukuang-tialu-liangfa,CHEMISTRY,already_in,
chem-hj-lvre-fanying,CHEMISTRY,already_in,
chem-hj-lvsanjiao-zhuanhua,CHEMISTRY,already_in,
chem-hj-zhi-al-oh3-sanlujing,CHEMISTRY,already_in,
chem-hj-lv-xiangguan-lizi-fangchengshi,CHEMISTRY,already_in,
chem-hj-lv-suanjian-pingheng-xingzhuang,CHEMISTRY,already_in,
chem-hj-lv-chendiantu-xiang-fenxi,CHEMISTRY,already_in,
chem-hj-hejin-gainian-xingneng,CHEMISTRY,already_in,
chem-hj-xinxing-hejin,CHEMISTRY,already_in,
chem-hj-jinshu-yelian-shizhi-sanfa,CHEMISTRY,already_in,
chem-hj-yelian-fangfa-yicuo,CHEMISTRY,already_in,
chem-hj-jinshu-ziyuan-kaifa-tujing,CHEMISTRY,already_in,
chem-hj-mei-xingzhi-yongtu,CHEMISTRY,already_in,
chem-hj-mgoh2-aloh3-duibi,CHEMISTRY,already_in,
chem-hj-haishui-timei,CHEMISTRY,already_in,
chem-hj-tong-xingzhi,CHEMISTRY,already_in,
chem-hj-tong-huahewu-yongtu,CHEMISTRY,already_in,
chem-hj-gongyi-liucheng-jieti-fangfa,CHEMISTRY,already_in,
chem-hj-chuhan-lv-zazhi-fangfa,CHEMISTRY,already_in,
chem-hj-zifa-guocheng-zifafanying,CHEMISTRY,already_in,
chem-hj-hanpanju-fanying-fangxiang,CHEMISTRY,already_in,
chem-hj-shang-shangbian-gainian,CHEMISTRY,already_in,
chem-hj-fuhe-panju-deltag,CHEMISTRY,already_in,
chem-hj-zifa-wendu-jisuan,CHEMISTRY,already_in,
chem-hj-chenhe-an-tedian-fenxi,CHEMISTRY,already_in,
chem-hj-chenhe-an-shiyi-tiaojian,CHEMISTRY,already_in,
chem-hj-fanying-tiaokong-cuoshi,CHEMISTRY,already_in,
chem-hj-gongye-tiaojian-xuanze-yuanze,CHEMISTRY,already_in,
chem-hj-jingti-feijingti-qubie,CHEMISTRY,already_in,
chem-hj-jingbao-junta-fa,CHEMISTRY,already_in,
chem-hj-changjian-jingti-moxing,CHEMISTRY,already_in,
chem-hj-sizhong-jingti-bijiao,CHEMISTRY,already_in,
chem-hj-jingti-rongfeidian-guilv,CHEMISTRY,already_in,
chem-hj-peiwieshu-gainian,CHEMISTRY,already_in,
chem-hj-jingbao-canshu-jihggs,CHEMISTRY,already_in,
chem-hj-yuanzi-fenshuzuobiao-tuying,CHEMISTRY,already_in,
chem-hj-kongjian-liyonglv-jisuan,CHEMISTRY,already_in,
chem-hj-jingbao-midu-jisuan,CHEMISTRY,already_in,
chem-hj-chendian-rongjie-pingheng-yinsu,CHEMISTRY,already_in,
chem-hj-ksp-xingzhi-bijiao-guize,CHEMISTRY,already_in,
chem-hj-lizi-ji-q-panbie,CHEMISTRY,already_in,
chem-hj-chendian-shengcheng-yurongjie,CHEMISTRY,already_in,
chem-hj-chendian-zhuanhua-guilv,CHEMISTRY,already_in,
chem-hj-rongjie-quxian-c-c-tu,CHEMISTRY,already_in,
chem-hj-pc-pc-duishu-tu,CHEMISTRY,already_in,
chem-hj-chendian-diding-quxian,CHEMISTRY,already_in,
chem-hj-yichiliangyong-fenxi,CHEMISTRY,already_in,
chem-hj-dianjie-zhibei-duoshi-zhuangzhi,CHEMISTRY,already_in,
chem-hj-duochi-chuanlian-panbie,CHEMISTRY,already_in,
chem-hj-dianhuaxue-huanbao-yingyong,CHEMISTRY,already_in,
chem-hj-dianhuaxue-jisuan-sifa,CHEMISTRY,already_in,
chem-hj-lvmoh-yangli-zuoyong-sidian,CHEMISTRY,already_in,
chem-hj-tanzu-yuansu-danzhi,CHEMISTRY,already_in,
chem-hj-gui-dexingzhi-bandaoti,CHEMISTRY,already_in,
chem-hj-sio2-xingzhi-yicuo,CHEMISTRY,already_in,
chem-hj-guisuan-guisuanna,CHEMISTRY,already_in,
chem-hj-guisuanyan-yanghuawu-biaoshi,CHEMISTRY,already_in,
chem-hj-chuantong-guisuanyan-cailiao,CHEMISTRY,already_in,
chem-hj-xinxing-wuji-feijinshu-cailiao,CHEMISTRY,already_in,
chem-hj-gaochun-gui-zhifa,CHEMISTRY,already_in,
chem-hj-co2-yuyan-rongye-fanying,CHEMISTRY,already_in,
chem-hj-co2-yujian-dingliang,CHEMISTRY,already_in,
chem-hj-hunhe-rongye-fanying-xianhou,CHEMISTRY,already_in,
chem-hj-v-t-tuxiang-sanqingxing,CHEMISTRY,already_in,
chem-hj-paowuxian-quxian-fenxi,CHEMISTRY,already_in,
chem-hj-duoquxian-fuza-tuxiang,CHEMISTRY,already_in,
chem-hj-xuanzexing-jisuan-lizi,CHEMISTRY,already_in,
chem-hj-yuanliao-yuchuli-fangfa,CHEMISTRY,already_in,
chem-hj-liucheng-tiaojian-kongzhi,CHEMISTRY,already_in,
chem-hj-congrongye-qu-jingti,CHEMISTRY,already_in,
chem-hj-guti-xidi-shiji-xuanze,CHEMISTRY,already_in,
chem-hj-jianyan-xidi-ganjing,CHEMISTRY,already_in,
chem-hj-jianya-zhengfa-cuiqu,CHEMISTRY,already_in,
chem-hj-changyong-fenli-fangfa-huizong,CHEMISTRY,already_in,
chem-hj-tiao-ph-fenli-jinshu-lizi,CHEMISTRY,already_in,
chem-hj-tiao-ph-shiji-xuanze-yuanze,CHEMISTRY,already_in,
chem-hj-kuangshi-liucheng-sibufa,CHEMISTRY,already_in,
chem-hj-feiqiwu-liucheng-liangtiao-xian,CHEMISTRY,already_in,
chem-hj-liucheng-sanjieduan-kuangjia,CHEMISTRY,already_in,
chem-hj-ziyuan-xunhuan-lvyse-huaxue,CHEMISTRY,already_in,
chem-hj-zhouqi-shouwei-yuanshu-paibubushi,CHEMISTRY,already_in,
chem-hj-fuzu-jia-dianzishu-lieshu,CHEMISTRY,already_in,
chem-hj-zhouqibiao-yicu-reminder,CHEMISTRY,already_in,
chem-hj-duijiaoxian-guize,CHEMISTRY,already_in,
chem-hj-feichanggui-huajia,CHEMISTRY,already_in,
chem-hj-huohuaneng-e1-e2,CHEMISTRY,already_in,
chem-hj-xifangre-fanying-kuochong,CHEMISTRY,already_in,
chem-hj-rexue-fangchengshi-buchong-guize,CHEMISTRY,already_in,
chem-hj-wuzhideliang-shiyong-guifan,CHEMISTRY,already_in,
chem-hj-moerzhiliang-sanshixing,CHEMISTRY,already_in,
chem-hj-na-sansanliang,CHEMISTRY,already_in,
chem-hj-na-yuyichun-fanying,CHEMISTRY,already_in,
chem-hj-na-yu-suanyan-shizhi,CHEMISTRY,already_in,
chem-hj-na-yuyangqi-dianzi-zhuanyi-dingshu,CHEMISTRY,already_in,
chem-hj-chanlv-gainian-jisuan,CHEMISTRY,already_in,
chem-hj-sulv-bijiao-tuxiang-shijian,CHEMISTRY,already_in,
chem-hj-sulv-pingjun-shunshi,CHEMISTRY,already_in,
chem-hj-lvqi-yongtu-gongye,CHEMISTRY,already_in,
chem-hj-1molcl2-dianzi-zhuanyi-sanqingxing,CHEMISTRY,already_in,
chem-hj-chunjingwu-hunhevu-panduan-teshu,CHEMISTRY,already_in,
chem-hj-changjian-hunhevu-qingdan,CHEMISTRY,already_in,
chem-hj-yanghuawu-leixing-buchong,CHEMISTRY,already_in,
chem-hj-suan-yuanshu-panbie-h3po2,CHEMISTRY,already_in,
chem-hj-qingde-sanhe-su,CHEMISTRY,already_in,
chem-hj-yuansu-xiangdui-yuanzizhiliang-jisuan,CHEMISTRY,already_in,
chem-hj-yuanzi-jiegou-yicu-qixiang,CHEMISTRY,already_in,
chem-hj-danye-shuangye-yuandianchi-duibi,CHEMISTRY,already_in,
chem-hj-yanqiao-chengfen-xuanze,CHEMISTRY,already_in,
chem-hj-fuji-zhiliang-biandingjian,CHEMISTRY,already_in,
chem-hj-sheji-yuandianchi-sibu,CHEMISTRY,already_in,
chem-hj-jia-suhuanyu-h2chanliang-yingxiang,CHEMISTRY,already_in,
chem-hj-rongjiedu-gainian-yinsu,CHEMISTRY,already_in,
chem-hj-rongjiedu-quxian-sanleixing,CHEMISTRY,already_in,
chem-hj-lizi-nongdu-jisuan-shouheng,CHEMISTRY,already_in,
chem-hj-rongzhi-teshu-jiejing-shui,CHEMISTRY,already_in,
chem-hj-fe3o4-zucheng-biaoshu,CHEMISTRY,already_in,
chem-hj-fe-cl2-shaoliang-chandu,CHEMISTRY,already_in,
chem-hj-feoh2-zhibei-zhuangzhi-chuangxin,CHEMISTRY,already_in,
chem-hj-pingheng-biaozhi-shiyong-tiaojian,CHEMISTRY,already_in,
chem-hj-liudanzhi-fanying-xijie,CHEMISTRY,already_in,
chem-hj-h2s-xingzhi-jianyan,CHEMISTRY,already_in,
chem-hj-nahso4-rongrong-dianli,CHEMISTRY,already_in,
chem-hj-daodian-nengli-shengwen-bijiao,CHEMISTRY,already_in,
chem-hj-lizi-jian-gongjiajian-qiangdu,CHEMISTRY,already_in,
chem-hj-benfenzi-dapijian,CHEMISTRY,already_in,
chem-hj-lizi-huahewu-huaxueshi-hanyi,CHEMISTRY,already_in,
chem-hj-fangchengshi-jisuan-liucheng,CHEMISTRY,already_in,
chem-hj-guanxishi-fa-jisuan,CHEMISTRY,already_in,
chem-hj-shouhengfa-sanleixing,CHEMISTRY,already_in,
chem-hj-chaliangfa-jisuan,CHEMISTRY,already_in,
chem-hj-rezhong-fenxi-fa,CHEMISTRY,already_in,
chem-hj-fangdian-shunxu-wanzheng,CHEMISTRY,already_in,
chem-hj-buneng-dianjie-shuirongye-zhihuopoyjinshu,CHEMISTRY,already_in,
chem-hj-lv-yushui-jie-suanyan-fanying,CHEMISTRY,already_in,
chem-hj-sulvchangshu-pinghengchangshu-guanxi,CHEMISTRY,already_in,
chem-hj-dan-de-guding-santujing,CHEMISTRY,already_in,
chem-hj-danqi-zhifa-yongtu-buchong,CHEMISTRY,already_in,
chem-hj-suanjianxing-miaoshu-qingdan,CHEMISTRY,already_in,
chem-hj-jujizhuangtai-lichang-dengliketi,CHEMISTRY,already_in,
chem-hj-jingti-panbie-yicu-buchong,CHEMISTRY,already_in,
chem-hj-moleixing-panbie-fangfa,CHEMISTRY,already_in,
chem-hj-duoshi-dianjie-zhuangzhi-shili,CHEMISTRY,already_in,
chem-hj-tong-de-cunzai-yelian,CHEMISTRY,already_in,
chem-hj-tong-yicuo-buchong-xingzhi,CHEMISTRY,already_in,
chem-hj-cuoh2-jianquan-libixifa,CHEMISTRY,already_in,
chem-hj-chuantong-fangxiang-panbie-fangfa,CHEMISTRY,already_in,
chem-hj-co-co2-chuzha-fangfa,CHEMISTRY,already_in,
chem-hj-tansuanyan-suanshuanyan-bijiao,CHEMISTRY,already_in,
chem-hj-quexiang-peiiping-fangfa,CHEMISTRY,already_in,
chem-hj-teshu-wuzhi-huajia-suchan,CHEMISTRY,already_in,
chem-hj-duochi-chuanlian-dianliu-guize,CHEMISTRY,already_in,
chem-hj-feichangfangti-juntn-bili,CHEMISTRY,already_in,
chem-hj-kongjian-liyonglv-dianxing-shuzhi,CHEMISTRY,already_in,
chem-hj-jinjangshi-caf2-jingbao-bianchang,CHEMISTRY,already_in,
chem-hj-mosheng-yanghuahaiyuan-shuxie-chengxu,CHEMISTRY,already_in,
chem-hj-yanghuaji-huanyuan-chanwu-yucb-biao,CHEMISTRY,already_in,
chem-hj-jiezi-jiezhi-peiping-guize,CHEMISTRY,already_in,
chem-hj-mosheng-feiyanghuahaiyuan-shuxie,CHEMISTRY,already_in,
chem-hj-youji-fenlei-fangfa,CHEMISTRY,already_in,
chem-hj-guannengtuan-panbie-yicuo,CHEMISTRY,already_in,
chem-hj-xitong-mingming-guize,CHEMISTRY,already_in,
chem-hj-youji-gongjiajian-zahua-jiegou,CHEMISTRY,already_in,
chem-hj-youji-kongjian-jiegou-wuzhong,CHEMISTRY,already_in,
chem-hj-gongxian-gongmian-panbie-fa,CHEMISTRY,already_in,
chem-hj-youji-jiegou-biaoshi-fangfa,CHEMISTRY,already_in,
chem-hj-gongjiajian-jixing-youji-fanying,CHEMISTRY,already_in,
chem-hj-tongfenyigou-leixing-quan,CHEMISTRY,already_in,
chem-hj-yigoutishumu-panbie-fangfa,CHEMISTRY,already_in,
chem-hj-yigouti-shuxie-buzhou,CHEMISTRY,already_in,
chem-hj-youji-fenli-tichun-fangfa,CHEMISTRY,already_in,
chem-hj-fenzi-shi-queding-liucheng,CHEMISTRY,already_in,
chem-hj-guannengtuan-jianyan-huaxue-fa,CHEMISTRY,already_in,
chem-hj-bopu-fenxi-fa,CHEMISTRY,already_in,
chem-hj-bubaoheudu-jisuan,CHEMISTRY,already_in,
chem-hj-zhi-fangting-tongshi-jiegou,CHEMISTRY,already_in,
chem-hj-shunfan-yigou-tiaojian,CHEMISTRY,already_in,
chem-hj-zhi-fangting-wulixingzhi-dibian,CHEMISTRY,already_in,
chem-hj-wanting-qudai-liehua,CHEMISTRY,already_in,
chem-hj-xiting-jiajia-jiaju,CHEMISTRY,already_in,
chem-hj-zhi-jianbie-chuzha-chayi,CHEMISTRY,already_in,
chem-hj-yixi-shiyanshi-zhifa,CHEMISTRY,already_in,
chem-hj-yique-shiyanshi-zhifa,CHEMISTRY,already_in,
chem-hj-zhi-ranshao-dingliang-guilv,CHEMISTRY,already_in,
chem-hj-ben-jiegou-shuangjian-zhengming,CHEMISTRY,already_in,
chem-hj-ben-daihuaxing-jiaju,CHEMISTRY,already_in,
chem-hj-ben-tongxiwu-yanghua-daihua,CHEMISTRY,already_in,
chem-hj-shitran-liaoyong-zhifa,CHEMISTRY,already_in,
chem-hj-zhengliu-fenliu-ganliu-bijiao,CHEMISTRY,already_in,
chem-hj-ludaiting-shuijie-xiaoqu-duibi,CHEMISTRY,already_in,
chem-hj-ludaiting-lu-su-jianyan,CHEMISTRY,already_in,
chem-hj-ludaiti-hecheng-qiaoliang,CHEMISTRY,already_in,
chem-hj-chun-fen-mi-gainian-jiegou,CHEMISTRY,already_in,
chem-hj-chun-wulixingzhi-qingjian,CHEMISTRY,already_in,
chem-hj-chun-huaxuexingzhi-duanjian,CHEMISTRY,already_in,
chem-hj-chun-xiaoqu-tiaojian-panbie,CHEMISTRY,already_in,
chem-hj-benfen-xingzhi-yingxiang,CHEMISTRY,already_in,
chem-hj-quan-tong-xingzhi,CHEMISTRY,already_in,
chem-hj-yinjing-fanying-caozuo-guifan,CHEMISTRY,already_in,
chem-hj-suosuan-zhifang-huaxuexingzhi,CHEMISTRY,already_in,
chem-hj-an-xianan-jiegou-xingzhi,CHEMISTRY,already_in,
chem-hj-tanglei-gainian-fenlei,CHEMISTRY,already_in,
chem-hj-putaotang-xingzhi-fanying,CHEMISTRY,already_in,
chem-hj-ertang-zhe-tang-duibi,CHEMISTRY,already_in,
chem-hj-duotang-dianfen-xianweisu,CHEMISTRY,already_in,
chem-hj-dianfen-shuijie-chengdu-panbie,CHEMISTRY,already_in,
chem-hj-anjisuan-liangxing-chengtai,CHEMISTRY,already_in,
chem-hj-danbaizhi-xingzhi-yongtu,CHEMISTRY,already_in,
chem-hj-hesuan-jiegou-zucheng,CHEMISTRY,already_in,
chem-hj-hechenggaofenzi-danyu-guanxi,CHEMISTRY,already_in,
chem-hj-youji-tuiduan-sanfangfa,CHEMISTRY,already_in,
chem-hj-youji-dingliang-guannengtuan-shumu,CHEMISTRY,already_in,
chem-hj-youji-guannengtuan-weizhi-panbie,CHEMISTRY,already_in,
chem-hj-youji-fanyingleixing-tiaojian-tui,CHEMISTRY,already_in,
chem-hj-youji-hecheng-yuanze-fenxifa,CHEMISTRY,already_in,
chem-hj-guannengtuan-yinru-fangfa-huizong,CHEMISTRY,already_in,
chem-hj-guannengtuan-xiaochu-zhuanhuan,CHEMISTRY,already_in,
chem-hj-guannengtuan-baohu-celue,CHEMISTRY,already_in,
chem-hj-youji-xinxifanying-guilei,CHEMISTRY,already_in,
chem-hj-changyong-hecheng-luxian-moban,CHEMISTRY,already_in,
chem-hj-ji-guannengtuan-yuanzituan-qufen,CHEMISTRY,already_in,
chem-hj-ji-zhong-shui-suhua-duizhao,CHEMISTRY,already_in,
chem-hj-chunjing-hunhe-panbie-yiju,CHEMISTRY,already_in,
chem-hj-teshu-dianjiezhi-dianli-buchong,CHEMISTRY,already_in,
chem-hj-zhouqibiao-jyi-qiangruo-dianjiezhi,CHEMISTRY,already_in,
chem-hj-jinshu-qinghuawu-nabh4,CHEMISTRY,already_in,
chem-hj-feichanggui-sulv-gongshi,CHEMISTRY,already_in,
chem-hj-jiduan-jiash-she-ding-nongdu-fanwei,CHEMISTRY,already_in,
chem-hj-sanzhong-pingheng-changshu-kc-kp-kx,CHEMISTRY,already_in,
chem-hj-quancheng-sulv-tuxiang,CHEMISTRY,already_in,
chem-hj-tuxiang-liangda-wuqu,CHEMISTRY,already_in,
chem-hj-na-yanghuawu-yuyan-rongye-guilv,CHEMISTRY,already_in,
chem-hj-feoh2-zhibei-sanfangfa,CHEMISTRY,already_in,
chem-hj-shuzhoufa-tie-yuxiaosuan-chanwu,CHEMISTRY,already_in,
chem-hj-lv-yushui-fanying-qumo,CHEMISTRY,already_in,
chem-hj-tongde-luhuawu-liuhuawu-xingzhi,CHEMISTRY,already_in,
chem-hj-yingxiang-tiji-sanyinsu,CHEMISTRY,already_in,
chem-hj-na-jingque-dingyi,CHEMISTRY,already_in,
chem-hj-zhouqibiao-teshu-wei-zhi,CHEMISTRY,already_in,
chem-hj-zhuming-hefanying-suanfangcheng,CHEMISTRY,already_in,
chem-hj-nengceng-nengji-rongna,CHEMISTRY,already_in,
chem-hj-dianzishi-shuxie-guize,CHEMISTRY,already_in,
chem-hj-feijingti-dengliziti-yekong-bijiao,CHEMISTRY,already_in,
chem-hj-dianliudu-gainian-jisuan,CHEMISTRY,already_in,
chem-hj-didinglei-xingtui-zonghe,CHEMISTRY,already_in,
chem-hj-yan-defenlei-fangshi,CHEMISTRY,already_in,
chem-hj-rongjiedu-dengji-yudingliang,CHEMISTRY,already_in,
chem-hj-fenbu-chendian-guilv,CHEMISTRY,already_in,
chem-hj-chendian-shengcheng-sifang,CHEMISTRY,already_in,
chem-hj-weixing-liucheng-wulei-kaocha,CHEMISTRY,already_in,
chem-hj-yihun-caozuo-bianxi-liucheng,CHEMISTRY,already_in,
chem-hj-nengliang-zhuanhua-xingshi-duizhao,CHEMISTRY,already_in,
chem-hj-dianchi-youliao-panbie-biaozhun,CHEMISTRY,already_in,
chem-hj-huayuan-dianchi-tu-shifendian,CHEMISTRY,already_in,
chem-hj-no-no2-shouji-yu-yanghuaxing,CHEMISTRY,already_in,
chem-hj-panbie-qiangruo-shiyan-liufa,CHEMISTRY,already_in,
chem-hj-na-yu-youchun-benfen-yisuan,CHEMISTRY,already_in,
chem-hj-duijiaoxian-sanzu-xiangsixing,CHEMISTRY,already_in,
chem-hj-liyong-xiyouqiti-dingweizhi,CHEMISTRY,already_in,
chem-hj-kejiare-yiqi-shiyong-yaodian,CHEMISTRY,already_in,
chem-hj-jiliang-yiqi-jingdu-guifan,CHEMISTRY,already_in,
chem-hj-fenli-guan-dongguan-shi-yong,CHEMISTRY,already_in,
chem-hj-guangkouping-duoyongtu-zuhe,CHEMISTRY,already_in,
chem-hj-fangdaoxi-zhuangzhi-santype,CHEMISTRY,already_in,
chem-hj-yaopin-baocun-jiufang,CHEMISTRY,already_in,
chem-hj-shizhi-shiyong-leixing,CHEMISTRY,already_in,
chem-hj-shigu-chuli-yu-anquan,CHEMISTRY,already_in,
chem-hj-qimixing-jiancha-sifa,CHEMISTRY,already_in,
chem-hj-lvqi-yulin-an-deng-fanying,CHEMISTRY,already_in,
chem-hj-lv-hanyanghuanna-yu-zaokong,CHEMISTRY,already_in,
chem-hj-chuzha-siyuanze-sanbixu,CHEMISTRY,already_in,
chem-hj-guolv-yitie-erdi-sanlao,CHEMISTRY,already_in,
chem-hj-huaxue-chuzha-fangfa-biao,CHEMISTRY,already_in,
chem-hj-qiti-chuzha-shiji-subiao,CHEMISTRY,already_in,
chem-hj-chuangxin-fenli-zhuangzhi,CHEMISTRY,already_in,
chem-hj-teshu-lizi-bugongcun-fangchengshi,CHEMISTRY,already_in,
chem-hj-lvre-fanying-caozuo-yaodian,CHEMISTRY,already_in,
chem-hj-rongjie-ronghua-huaxuejian-bianhua,CHEMISTRY,already_in,
chem-hj-qiti-zhibei-jinghua-ganzao-guize,CHEMISTRY,already_in,
chem-hj-ganzaoji-xuanze-duizhao,CHEMISTRY,already_in,
chem-hj-qiti-shouji-paiye-chuangxin,CHEMISTRY,already_in,
chem-hj-youji-zhibei-caozuo-yaodian,CHEMISTRY,already_in,
chem-hj-xiuben-tichun-liucheng-lizi,CHEMISTRY,already_in,
chem-hj-zhi-bei-tiaojian-kongzhi-fangshi,CHEMISTRY,already_in,
chem-hj-no-de-huanyuanxing-buchong,CHEMISTRY,already_in,
chem-hj-xiaoqu-jiegou-tiaojian-ludaiting,CHEMISTRY,already_in,
chem-hj-hunhevu-jisuan-sanfangfa,CHEMISTRY,already_in,
chem-hj-ksp-yu-rongjiedu-guanxi-bianxi,CHEMISTRY,already_in,
chem-hj-chendian-rongjie-sifang-buchong,CHEMISTRY,already_in,
chem-hj-shiyantansuo-changjian-caozuo-mudi,CHEMISTRY,already_in,
chem-hj-dingliang-fenxi-sifang,CHEMISTRY,already_in,
chem-hj-shiyang-fangan-pingjia-sijiaodu,CHEMISTRY,already_in,
chem-hj-tansuo-shiyan-zhuyi-shixiang,CHEMISTRY,already_in,
chem-hj-gui-yujian-fanying-jili,CHEMISTRY,already_in,
chem-hj-zi-cuihua-xianxiang,CHEMISTRY,already_in,
chem-hj-liuchengtu-sanxian-jiedu,CHEMISTRY,already_in,
chem-hj-tangujia-goujian-fangfa,CHEMISTRY,already_in,
chem-hj-keni-fanying-deltah-hanyi,CHEMISTRY,already_in,
chem-hj-yiqi-lingkezdu-yu-cdozuo-jinji,CHEMISTRY,already_in,
chem-hj-na-zhengwu-liu-leixing,CHEMISTRY,already_in,
chem-hj-na-yunh4cl-rongye-fanying,CHEMISTRY,already_in,
chem-hj-dianzi-buxiashui-lizi-bushangan,CHEMISTRY,already_in,
chem-hj-f057-yanghuahaiyuan-gainianlian,CHEMISTRY,already_in,
chem-hj-f065-lizi-gongcun-liuda-chengyin,CHEMISTRY,already_in,
chem-hj-f067-peiiping-sanze-wubu,CHEMISTRY,already_in,
chem-hj-f071-zifa-panbie-liangjv,CHEMISTRY,already_in,
chem-hj-f083-rongzhi-panduan-sanlei,CHEMISTRY,already_in,
chem-hj-f084-fangchengshi-jisuan-zhuyi,CHEMISTRY,already_in,
chem-hj-f096-dianjie-cucl2-moxing,CHEMISTRY,already_in,
chem-hj-f097-ercidinchi-jieti-liucheng,CHEMISTRY,already_in,
chem-hj-f098-lv-yujian-fanying-guize,CHEMISTRY,already_in,
chem-hj-f099-h2s-shiyanshi-zhifa,CHEMISTRY,already_in,
chem-hj-f101-co2-yanghuaxing-fanying,CHEMISTRY,already_in,
chem-hj-f102-xin-yuxi-sulv-ceding,CHEMISTRY,already_in,
chem-hj-f105-zhouqibiao-sanda-yingyong,CHEMISTRY,already_in,
chem-hj-f108-feoh3-jiaoti-zhibei,CHEMISTRY,already_in,
chem-hj-f109-shengwen-kw-zhongxingdian,CHEMISTRY,already_in,
chem-hj-f110-rongrong-daodian-chayi,CHEMISTRY,already_in,
chem-hj-f111-tie-yushuizhengqi-shiyan,CHEMISTRY,already_in,
chem-hj-f112-pingheng-shuangxiang-jianli,CHEMISTRY,already_in,
chem-hj-f113-jita-jifata-guangpu,CHEMISTRY,already_in,
chem-hj-f114-wanting-lvdai-chanwu-hunhe,CHEMISTRY,already_in,
chem-hj-f116-so2-yutieyan-yutongyan,CHEMISTRY,already_in,
chem-hj-f120-k-shuliangji-panbie,CHEMISTRY,already_in,
chem-hj-f125-shuijie-santubu-tuisuan,CHEMISTRY,already_in,
chem-hj-f126-sigefanlei-lianggeyiding,CHEMISTRY,already_in,
chem-hj-f127-wushui-cuso4-jianyan-danwei,CHEMISTRY,already_in,
chem-hj-f128-zifa-fanying-gongyong-yongtu,CHEMISTRY,already_in,
chem-hj-f129-santai-zhuanhua-fenzijian-zuoyongli,CHEMISTRY,already_in,
chem-hj-f131-wutang-wuweideng-yicuo,CHEMISTRY,already_in,
chem-hj-f134-duobu-guanxishi-liangzhong-fangfa,CHEMISTRY,already_in,
chem-hj-f138-mengjielefu-zhouqibiao-shishi,CHEMISTRY,already_in,
chem-hj-f140-youxiao-pengzhuang-weiguan-jieshi,CHEMISTRY,already_in,
chem-hj-f142-guannengtuan-shuxie-guifanxing,CHEMISTRY,already_in,
chem-hj-f143-hanlv-zhuanhua-bibei-fangchengshi,CHEMISTRY,already_in,
chem-hj-f144-no2-mifengping-hunhevu,CHEMISTRY,already_in,
chem-hj-f146-dianli-yidong-shiji-shili,CHEMISTRY,already_in,
chem-hj-f148-pingheng-panduan-dongtai-jingtai,CHEMISTRY,already_in,
chem-hj-f149-xiangduiyuanzizhiliang-yu-zhiliangshu,CHEMISTRY,already_in,
chem-hj2-dianjie-dianjiechi-gainian-goucheng,CHEMISTRY,already_in,
chem-hj2-dianjiechi-sanzhong-liuxiang,CHEMISTRY,already_in,
chem-hj2-dianjie-yangji-fangdian-shunxu,CHEMISTRY,already_in,
chem-hj2-dianjie-yinji-fangdian-shunxu,CHEMISTRY,already_in,
chem-hj2-lvjian-gongye-dianjie-shiyanshui,CHEMISTRY,already_in,
chem-hj2-diandu-tong-dianjing-tong,CHEMISTRY,already_in,
chem-hj2-dianyejin-rongrong-dianjie,CHEMISTRY,already_in,
chem-hj2-dianhuaxue-fushi-xiqing-xiyang,CHEMISTRY,already_in,
chem-hj2-jinshu-fushi-kuaiman-bijiao,CHEMISTRY,already_in,
chem-hj2-jinshu-fanghu-sanleifangfa,CHEMISTRY,already_in,
chem-hj2-erci-dianchi-jieti-liucheng,CHEMISTRY,already_in,
chem-hj2-yuan-dianchi-dianji-sipanfa,CHEMISTRY,already_in,
chem-hj2-dianji-fanyingshi-shuxie-fangfa,CHEMISTRY,already_in,
chem-hj2-chongfangdian-lizi-yidong-ph,CHEMISTRY,already_in,
chem-hj2-ranliao-dianchi-fanyingshi-xiefa,CHEMISTRY,already_in,
chem-hj2-lizi-jiaohuanmo-leixing-gongneng,CHEMISTRY,already_in,
chem-hj2-jiaohuanmo-zhuangzhi-fenxi-liucheng,CHEMISTRY,already_in,
chem-hj2-dianhuaxue-jisuan-sange-xiangdeng,CHEMISTRY,already_in,
chem-hj2-duochi-chuanlian-fenduan-jisuan,CHEMISTRY,already_in,
chem-hj2-na-wuli-baocun-meiyu,CHEMISTRY,already_in,
chem-hj2-na-yu-yangqi-tiaojian-chanwu,CHEMISTRY,already_in,
chem-hj2-na-yu-shui-wuda-xianxiang,CHEMISTRY,already_in,
chem-hj2-na2o2-yushui-gongyang-gongyang,CHEMISTRY,already_in,
chem-hj2-na2co3-nahco3-jianding-bijiao,CHEMISTRY,already_in,
chem-hj2-na2co3-nahco3-chuzhi,CHEMISTRY,already_in,
chem-hj2-fe-oh2-zhibei-geyang,CHEMISTRY,already_in,
chem-hj2-fe3-yanghuashui-xingzhi,CHEMISTRY,already_in,
chem-hj2-fe2-fe3-jianyan-shunxu,CHEMISTRY,already_in,
chem-hj2-cl2-yunshu-yelv-gangping,CHEMISTRY,already_in,
chem-hj2-cl2-dianzi-zhuanyi-bianxi,CHEMISTRY,already_in,
chem-hj2-piaobaifen-shihuru-zhibei,CHEMISTRY,already_in,
chem-hj2-lvshui-chengfen-xingzhi-duiying,CHEMISTRY,already_in,
chem-hj2-shiyanshi-zhi-lvqi-yuanli,CHEMISTRY,already_in,
chem-hj2-penquan-yali-chayuanli,CHEMISTRY,already_in,
chem-hj2-anyan-nh4-jianyan,CHEMISTRY,already_in,
chem-hj2-nh3-shiyanshi-zhibei-yaodian,CHEMISTRY,already_in,
chem-hj2-xiangsixiangrong-jiegou-guilv,CHEMISTRY,already_in,
chem-hj2-qingjian-biaoshi-yingxiang,CHEMISTRY,already_in,
chem-hj2-xifangre-yinre-panbie,CHEMISTRY,already_in,
chem-hj2-fanyingre-jianbian-weiguan,CHEMISTRY,already_in,
chem-hj2-zhonghehre-ceding-guanjian,CHEMISTRY,already_in,
chem-hj2-diandu-dianjing-yuanyili,CHEMISTRY,already_in,
chem-hj2-qingyang-ranliao-dianchi-gaishu,CHEMISTRY,already_in,
chem-hj2-fanyingsulv-neiyin-waiyin,CHEMISTRY,already_in,
chem-hj2-kongzhi-bianliang-tansu-fangfa,CHEMISTRY,already_in,
chem-hj2-ruo-dianjiezhi-dianli-budingyi,CHEMISTRY,already_in,
chem-hj2-zhonghe-diding-zhishiji-xuanze,CHEMISTRY,already_in,
chem-hj2-zhonghe-diding-wucha-fenxi,CHEMISTRY,already_in,
chem-hj2-yanghuahuan-yuan-didingfa,CHEMISTRY,already_in,
chem-hj2-zhengliu-shiyong-tiaojian,CHEMISTRY,already_in,
chem-hj2-fenye-cuiqu-yuanli-caozuo,CHEMISTRY,already_in,
chem-hj2-xiuben-zhongjiejing-gaishu,CHEMISTRY,already_in,
chem-hj2-xiuben-zhibei-ben-xiaoyong,CHEMISTRY,already_in,
chem-hj2-xiuben-chunhua-caozuo,CHEMISTRY,already_in,
chem-hj2-xiaojiben-zhibei-shuiyu,CHEMISTRY,already_in,
chem-hj2-ben-cuiqu-xiandai-fenceng,CHEMISTRY,already_in,
chem-hj2-chun-cuihuayang-guilv,CHEMISTRY,already_in,
chem-hj2-chun-xiaoqu-fanying-tiaojian,CHEMISTRY,already_in,
chem-hj2-yichun-yu-na-zhiquan,CHEMISTRY,already_in,
chem-hj2-yichun-qiangyanghuaji-yanghua,CHEMISTRY,already_in,
chem-hj2-tang-zucheng-fenlei,CHEMISTRY,already_in,
chem-hj2-dianfen-shuijiao-chengdu-panpan,CHEMISTRY,already_in,
chem-hj2-puttaotang-jianyan-cuohao,CHEMISTRY,already_in,
chem-hj2-yiqi-jiare-fenlei,CHEMISTRY,already_in,
chem-hj2-shiji-baocun-shiliu-tiaoli,CHEMISTRY,already_in,
chem-hj2-yaopin-quyong-guifan,CHEMISTRY,already_in,
chem-hj2-shizhi-leixing-shiyong,CHEMISTRY,already_in,
chem-hj2-qiti-rongjie-xishou-fangdaoxi,CHEMISTRY,already_in,
chem-hj2-yishuijie-guti-rongjie,CHEMISTRY,already_in,
chem-hj2-fenli-tichun-qujie,CHEMISTRY,already_in,
chem-hj2-chuzhi-siyuanze-sizhuyi,CHEMISTRY,already_in,
chem-hj2-guolv-yitie-erdi-sankao,CHEMISTRY,already_in,
chem-hj2-qiti-zhibei-wusi-lu,CHEMISTRY,already_in,
chem-hj2-qiti-fasheng-zhuangzhi-sanlei,CHEMISTRY,already_in,
chem-hj2-qiti-ganzao-jinghua-shiji,CHEMISTRY,already_in,
chem-hj2-qiti-shouji-fangfa-sanlei,CHEMISTRY,already_in,
chem-hj2-sanyanshaoping-lengningguan-yongtu,CHEMISTRY,already_in,
chem-hj2-youji-zhibei-tongyong-guilv,CHEMISTRY,already_in,
chem-hj2-dingxing-tansuo-huanjie,CHEMISTRY,already_in,
chem-hj2-dingxing-tansuo-sanfangfa,CHEMISTRY,already_in,
chem-hj2-cl2-yu-jinshu-xianxiang,CHEMISTRY,already_in,
chem-hj2-cl2-yu-huanyuanxing-hewu,CHEMISTRY,already_in,
chem-hj2-cl2-qihua-shui-jian,CHEMISTRY,already_in,
chem-hj2-hcluo-dianzishi-xingzhi,CHEMISTRY,already_in,
chem-hj2-wen-youdu-qiti-fangfa,CHEMISTRY,already_in,
chem-hj2-liu-danzhi-xingzhi,CHEMISTRY,already_in,
chem-hj2-liu-danranjie-yidui-cuowu,CHEMISTRY,already_in,
chem-hj2-dangug-cuding-cuo,CHEMISTRY,already_in,
chem-hj2-dan-yanghuawu-bijiao,CHEMISTRY,already_in,
chem-hj2-tan-gui-danzhi-huanyuanxing,CHEMISTRY,already_in,
chem-hj2-gui-yanghua-yongtu-xianwei,CHEMISTRY,already_in,
chem-hj2-liu-cunzai-xingtai,CHEMISTRY,already_in,
chem-hj2-liu-yanghua-xing-yu-jinshu,CHEMISTRY,already_in,
chem-hj2-h2s-xingzhi-hui-liusuan,CHEMISTRY,already_in,
chem-hj2-tandan-jiegou-dianqi,CHEMISTRY,already_in,
chem-hj2-hanbian-sanfa-jisuan,CHEMISTRY,already_in,
chem-hj2-rexue-fangchengshi-gainian,CHEMISTRY,already_in,
chem-hj2-xi-fangre-shifang-fanxi-qubie,CHEMISTRY,already_in,
chem-hj2-tangou-tie-tangou-yuanyin,CHEMISTRY,already_in,
chem-hj2-jiliang-yiqi-shiyong-guifan,CHEMISTRY,already_in,
chem-hj2-youji-fenlei-gongnengtuan-bianxi,CHEMISTRY,already_in,
chem-hj2-lqi-taosheng-gaochu-taosheng,CHEMISTRY,already_in,
chem-hj2-jiti-yuanzi-lizi-gainian,CHEMISTRY,already_in,
chem-hj2-ji-yu-gongnengtuan-qubie,CHEMISTRY,already_in,
chem-hj2-keran-fanying-tezheng,CHEMISTRY,already_in,
chem-hj2-pingheng-zhuangtai-panduan,CHEMISTRY,already_in,
chem-hj2-pingheng-yidong-lexiaterlie,CHEMISTRY,already_in,
chem-hj2-weili-shuzi-guanxi,CHEMISTRY,already_in,
chem-hj2-yuan-dianchi-gainian-tiaojian,CHEMISTRY,already_in,
chem-hj2-yuan-dianchi-yingyong-liangli,CHEMISTRY,already_in,
chem-hj2-qudai-jiacheng-jiaju-gainian,CHEMISTRY,already_in,
chem-hj2-xitong-que-shi-suanxingkmno4-tuiqu-bianxi,CHEMISTRY,already_in,
chem-hj2-yixi-shiyanshi-zhibei,CHEMISTRY,already_in,
chem-hj2-chuzhi-yuanze-shili,CHEMISTRY,already_in,
chem-hj2-wuzhide-nongdu-liangyaosu,CHEMISTRY,already_in,
chem-hj2-rongye-hunhe-midu-guilv,CHEMISTRY,already_in,
chem-hj2-dianhe-shouheng-shili,CHEMISTRY,already_in,
chem-hj2-huaxue-jian-dingyi-leixing,CHEMISTRY,already_in,
chem-hj2-pingheng-changshu-k-hanyi,CHEMISTRY,already_in,
chem-hj2-wuzhi-zhibei-paiqi-fangfa,CHEMISTRY,already_in,
chem-hj2-xiaosuan-yu-jinshu-guilv,CHEMISTRY,already_in,
chem-hj2-ludaiting-shuixiao-tiaojian,CHEMISTRY,already_in,
chem-hj2-ludaiting-lusu-jianyan-liucheng,CHEMISTRY,already_in,
chem-hj2-fangchengshi-jisuan-shaoliang-guoliang,CHEMISTRY,already_in,
chem-hj2-chaliangfa-jisuan,CHEMISTRY,already_in,
chem-hj2-hunhewu-jisuan-sanfangfa,CHEMISTRY,already_in,
chem-hj2-dianjie-fangdian-shunxu-wanban,CHEMISTRY,already_in,
chem-hj2-xiaoqing-xiyang-xuanze-yiju,CHEMISTRY,already_in,
chem-hj2-yanlei-shuijie-tiaojian-shizhi,CHEMISTRY,already_in,
chem-hj2-yanlei-shuijie-yingyong-zhenggan,CHEMISTRY,already_in,
chem-hj2-zifaguo-zifa-fanying,CHEMISTRY,already_in,
chem-hj2-shang-shangbian-hanyi,CHEMISTRY,already_in,
chem-hj2-jingti-feijingti-jianding,CHEMISTRY,already_in,
chem-hj2-jundianfa-jingbao-jisuan,CHEMISTRY,already_in,
chem-hj2-sidazhong-jingti-rongbodian,CHEMISTRY,already_in,
chem-hj2-chendian-rongjie-pingheng-gainian,CHEMISTRY,already_in,
chem-hj2-ksp-gainian-yingyong,CHEMISTRY,already_in,
chem-hj2-tanglei-zucheng-pandu-bianxi,CHEMISTRY,already_in,
chem-hj2-gui-cunzai-xingzhi-yongtu,CHEMISTRY,already_in,
chem-hj2-zhongliang-diding-fenxi-fa,CHEMISTRY,already_in,
chem-hj2-sulv-pingheng-tuxiang-fenxi,CHEMISTRY,already_in,
chem-hj2-gongyi-liucheng-sanjiexian,CHEMISTRY,already_in,
chem-hj2-youji-hecheng-tangutou-jiansuo,CHEMISTRY,already_in,
chem-hj2-youji-hexian-sanfangfa,CHEMISTRY,already_in,
chem-hj2-jinxingshu-feijinshu-qiangru-panpan,CHEMISTRY,already_in,
chem-hj2-wanting-xitong-mingming-guize,CHEMISTRY,already_in,
chem-hj2-hecheng-guannengtuan-baohu-yuanze,CHEMISTRY,already_in,
chem-hj2-haishui-tixiu-haidai-tidian,CHEMISTRY,already_in,
chem-hj2-nongliusuan-sante-xingzhi,CHEMISTRY,already_in,
chem-hj2-liusuangai-jianyan-xianyasuan,CHEMISTRY,already_in,
chem-hj2-piaobai-xingzhi-wuzhi-bijiao,CHEMISTRY,already_in,
chem-hj2-fe-oh3-jiaoti-zhibei,CHEMISTRY,already_in,
chem-hj2-jiaoti-benzhi-teshu-baike-changjian,CHEMISTRY,already_in,
chem-hj2-dingdaer-xiaoying-qufen,CHEMISTRY,already_in,
chem-hj2-jiaoti-jingzhi-shentxi-jingdian,CHEMISTRY,already_in,
chem-hj2-rongye-daodian-nengli-yinsu,CHEMISTRY,already_in,
chem-hj2-jinshu-yu-rongye-daodian-duibi,CHEMISTRY,already_in,
chem-hj2-weixing-shiyan-sheji-yuanze,CHEMISTRY,already_in,
chem-hj2-shiyan-shunxu-sanlei,CHEMISTRY,already_in,
chem-hj2-boli-yiqi-xijing-biaozhun,CHEMISTRY,already_in,
chem-hj2-teshu-shiji-cunfang,CHEMISTRY,already_in,
chem-hj2-zhengfa-jiejing-tingzhi-shiji,CHEMISTRY,already_in,
chem-hj2-wujizhi-zhibei-silu,CHEMISTRY,already_in,
chem-hj2-fe-oh3-jiaoti-zhibei-zhuyi,CHEMISTRY,already_in,
chem-hj2-danggu-sanfangshi,CHEMISTRY,already_in,
chem-hj2-danzhi-wuli-xingzhi-sanjian,CHEMISTRY,already_in,
chem-hj2-fanying-sulv-gainian-biaoshi,CHEMISTRY,already_in,
chem-hj2-youxiao-pengzhuang-lilun,CHEMISTRY,already_in,
chem-hj2-sulv-changshu-sulvfangcheng,CHEMISTRY,already_in,
chem-hj2-qiang-ruo-dianjiezhi-gainian,CHEMISTRY,already_in,
chem-hj2-dianli-changshu-dianlidu,CHEMISTRY,already_in,
chem-hj2-na-yu-suan-yansuo-fanying,CHEMISTRY,already_in,
chem-hj2-yanshi-yanse-shiyan,CHEMISTRY,already_in,
chem-hj2-shui-de-dianli-kw,CHEMISTRY,already_in,
chem-hj2-dianjiezhi-feidianjiezhi-liuxi,CHEMISTRY,already_in,
chem-hj2-hunhe-rongye-suanjianxing-panpan,CHEMISTRY,already_in,
chem-hj2-tie-danzhi-cunzai-xingzhi,CHEMISTRY,already_in,
chem-hj2-lizi-gongcun-leixing,CHEMISTRY,already_in,
chem-hj2-lv-danzhi-dunhua,CHEMISTRY,already_in,
chem-hj2-yanghua-huanyuan-gainian-tixi,CHEMISTRY,already_in,
chem-hj2-yanghuaxing-huanyuanxing-bijiao,CHEMISTRY,already_in,
chem-hj2-yanghua-huanyuan-guilv-sixiang,CHEMISTRY,already_in,
chem-hj2-tong-danzhi-fanying-huizong,CHEMISTRY,already_in,
chem-hj2-jinshu-yesanfangfa,CHEMISTRY,already_in,
chem-hj2-peiping-sanyuanze-wubuzou,CHEMISTRY,already_in,
chem-hj2-yuansu-zhouqibiao-jiegou,CHEMISTRY,already_in,
chem-hj2-dianli-neng-dianfuxing,CHEMISTRY,already_in,
chem-hj2-wuzhide-liang-gainian-sansu,CHEMISTRY,already_in,
chem-hj2-moerzhiliang-shuzhi-dengyu,CHEMISTRY,already_in,
chem-hj2-qiti-moer-tiji-lv,CHEMISTRY,already_in,
chem-hj2-liu-danxiangsi-xiangrong-jieshi,CHEMISTRY,already_in,
chem-hj2-zhouqibiao-jiegou-yiwcuo,CHEMISTRY,already_in,
chem-hj2-jinshu-feijinshu-fenjiexian,CHEMISTRY,already_in,
chem-hj2-fanre-liangda-bianhua-shouheng,CHEMISTRY,already_in,
chem-hj2-fanre-re-hanbian-dingyi,CHEMISTRY,already_in,
chem-hj2-gaisi-dinglv-qiu-fanre,CHEMISTRY,already_in,
chem-hj2-sulv-qita-biaoshi-fangfa,CHEMISTRY,already_in,
chem-hj2-tangou-shaojiao-guicheng,CHEMISTRY,already_in,
chem-hj2-guannengtuan-shuxie-guifan,CHEMISTRY,already_in,
chem-hj2-erjiaxi-sanzhong-yigouti,CHEMISTRY,already_in,
chem-hj2-tongsuyangti-xingcheng-fangshi,CHEMISTRY,already_in,
chem-hj2-moer-danwei-feiwuli,CHEMISTRY,already_in,
chem-hj2-xiangdui-yuanzizhiliang-sanfen,CHEMISTRY,already_in,
chem-hj2-ruo-dianjiezhi-dianli-fangchengshi,CHEMISTRY,already_in,
chem-hj2-dianli-pingheng-yinsu-shili,CHEMISTRY,already_in,
chem-hj2-qiangsuan-ruosuan-xishi-guilv,CHEMISTRY,already_in,
chem-hj2-na-ti-gongye-yongtu,CHEMISTRY,already_in,
chem-hj2-keer-fanying-tezheng-pandu,CHEMISTRY,already_in,
chem-hj2-yuan-dianchi-sanliu-xiang-panjue,CHEMISTRY,already_in,
chem-hj2-yanqiao-sanyong-zhengzheng-fufu,CHEMISTRY,already_in,
chem-hj2-shui-dianli-shuiyu-xishu,CHEMISTRY,already_in,
chem-hj2-kw-wendu-shiying-fanwei,CHEMISTRY,already_in,
chem-hj2-zhi-fang-tongshi-jiegou,CHEMISTRY,already_in,
chem-hj2-shunfan-yigou-tiaojian,CHEMISTRY,already_in,
chem-hj2-benhuan-celian-xianghu-yingxiang,CHEMISTRY,already_in,
chem-hj2-mei-shiyou-tianranqi-liyong,CHEMISTRY,already_in,
chem-hj2-lizi-tuiduan-siyuanze,CHEMISTRY,already_in,
chem-hj2-wuzhide-nongdu-tezheng-liutiao,CHEMISTRY,already_in,
chem-hj2-qiang-ruo-dianjiezhi-zhouqibiao-jiyi,CHEMISTRY,already_in,
chem-hj2-tie-dianzipaibu-jiadiandianzi,CHEMISTRY,already_in,
chem-hj2-lizi-jian-qiangruo-yinsu,CHEMISTRY,already_in,
chem-hj2-jixing-feijixing-jian-yuwuzhi,CHEMISTRY,already_in,
chem-hj2-kc-zhengni-guanxi-bianhuan,CHEMISTRY,already_in,
chem-hj2-mei-yu-danqi-ranshao,CHEMISTRY,already_in,
chem-hj2-qiangji-qing-huopoxing-paixu,CHEMISTRY,already_in,
chem-hj2-quanjiao-teshu-fanying-zhuyi,CHEMISTRY,already_in,
chem-hj2-huaxue-jiliang-shu-zhi-bi,CHEMISTRY,already_in,
chem-hj2-jiliang-qi-bu-jieti-fa,CHEMISTRY,already_in,
chem-hj2-yinyangji-panpan-liufa,CHEMISTRY,already_in,
chem-hj2-shuijie-changshu-kh,CHEMISTRY,already_in,
chem-hj2-sanda-shouheng-dianjiezhi,CHEMISTRY,already_in,
chem-hj2-yanlei-suanjianxing-jieshi-shili,CHEMISTRY,already_in,
chem-hj2-lizi-gongcun-liuyao-yise-erxing,CHEMISTRY,already_in,
chem-hj2-suanjian-rongye-changjian-biaoshi,CHEMISTRY,already_in,
chem-hj2-mei-dan-dian-fanshi-ranshao,CHEMISTRY,already_in,
chem-hj2-han-pandu-feiweiyi,CHEMISTRY,already_in,
chem-hj2-yeguti-dengli-ziti-gainian,CHEMISTRY,already_in,
chem-hj2-huajiakou-jue-shuangxianqiao-guifan,CHEMISTRY,already_in,
chem-hj2-rongjiexing-sideng-shichenquan,CHEMISTRY,already_in,
chem-hj2-tanglei-tongshi-bufuhe-lizi,CHEMISTRY,already_in,
chem-hj2-jiawan-ranliao-jianxing-zongfanying,CHEMISTRY,already_in,
chem-hj2-gui-gongye-zhiqiu-sanbu,CHEMISTRY,already_in,
chem-hj2-yanjiuxingzhi-jiben-fangfa,CHEMISTRY,already_in,
chem-hj2-jin-churun-lv-tigao-cuoshi,CHEMISTRY,already_in,
chem-hj2-tong-kuangwu-paibu-dianzi,CHEMISTRY,already_in,
chem-hj2-quancheng-sulv-shijian-tuxiang,CHEMISTRY,already_in,
chem-hj2-sulv-wendu-yali-bianhua-fudu,CHEMISTRY,already_in,
chem-hj2-youji-tuiduan-sanfangfa-guannengtuan,CHEMISTRY,already_in,
chem-hj2-peiping-zhengxiang-nixiang-fa,CHEMISTRY,already_in,
chem-hj2-zhuzhu-jia-dianzishu-lieshu,CHEMISTRY,already_in,
chem-hj2-sankan-fa-weili-banjing,CHEMISTRY,already_in,
chem-hj2-ranreshao-zhonghere-bijiao,CHEMISTRY,already_in,
chem-hj2-wukan-rehuaxue-zhengwu,CHEMISTRY,already_in,
chem-hj2-sulv-hanyi-biaoshi-guize,CHEMISTRY,already_in,
chem-hj2-youji-fazhanshi-sige-shike,CHEMISTRY,already_in,
chem-hj2-cl2-yu-lin-yanwu,CHEMISTRY,already_in,
chem-hj2-ranshao-dingyi-kuozhan,CHEMISTRY,already_in,
chem-hj2-changjian-suming-huaxueshi,CHEMISTRY,already_in,
chem-hj2-yingxiang-tiji-sanyinsu,CHEMISTRY,already_in,
chem-hj2-zhengming-ruosuan-shiyan-jihe,CHEMISTRY,already_in,
chem-hj2-na-tecan-rongdian-midu,CHEMISTRY,already_in,
chem-hj2-na-yu-jian-rongye-shizhi,CHEMISTRY,already_in,
chem-hj2-houzhi-jianfa-yuanli,CHEMISTRY,already_in,
chem-hj2-lizi-fangchengshi-qikan,CHEMISTRY,already_in,
chem-hj2-liangyouguan-lizi-fangchengshi,CHEMISTRY,already_in,
chem-hj2-keran-fanying-sidian-xingzhuang,CHEMISTRY,already_in,
chem-hj2-wutong-bijiao-xijie,CHEMISTRY,already_in,
chem-hj2-qing-yuansu-sanzhong-hesu,CHEMISTRY,already_in,
chem-hj2-yuan-dianchi-dianji-caizhi,CHEMISTRY,already_in,
chem-hj2-shui-dianli-shuzhi-tuidao,CHEMISTRY,already_in,
chem-hj2-wantan-ludai-dingliang,CHEMISTRY,already_in,
chem-hj2-rongjiedu-gainian-yingxiang,CHEMISTRY,already_in,
chem-hj2-liu-yu-yin-huahexue,CHEMISTRY,already_in,
chem-hj2-tie-lishi-lianlie-yuanli,CHEMISTRY,already_in,
chem-hj2-fenzi-xingzhi-peihewu-tixi,CHEMISTRY,already_in,
chem-hj2-pingheng-changshu-shuixie-bilie,CHEMISTRY,already_in,
chem-hj2-weiqi-chuli-sanleifangfa,CHEMISTRY,already_in,
chem-hj2-dan-yuansu-weizhi-gongyongdian,CHEMISTRY,already_in,
chem-hj2-ludaiting-rouli-xingzhi-guilv,CHEMISTRY,already_in,
chem-hj2-jishi-fuhao-guifan-jisuan,CHEMISTRY,already_in,
chem-hj2-dianjiechi-yin-yangji-dianyuan,CHEMISTRY,already_in,
chem-hj2-xiaosuan-gongyezhifa-anyanghua,CHEMISTRY,already_in,
chem-hj2-zhuangzhi-qimixing-jiancha,CHEMISTRY,already_in,
chem-hj2-dan-yanghuawu-rongyu-shui-jisuan,CHEMISTRY,already_in,
chem-hj2-jingti-rongbodian-bijiao-silu,CHEMISTRY,already_in,
chem-hj2-dianjie-guilv-sileixing,CHEMISTRY,already_in,
chem-hj2-dianli-jiang-danbai-shiyanshi-yanshi,CHEMISTRY,already_in,
chem-hj2-anji-suan-chengtai-guilv,CHEMISTRY,already_in,
chem-hj2-gaojuwu-danti-tuiduan,CHEMISTRY,already_in,
chem-hj2-duozhong-qiang-ruosuan-bijiao-biao,CHEMISTRY,already_in,
chem-hj2-rongye-peizhi-yiwu-cuocha,CHEMISTRY,already_in,
chem-hj2-gere-tuxiang-nenglei-fenxi,CHEMISTRY,already_in,
chem-hj2-chongzhong-fenxi-jieti-buzhou,CHEMISTRY,already_in,
chem-hj2-guanxishi-fa-duobu-jisuan,CHEMISTRY,already_in,
chem-hj2-jiaomo-tubu-sanbiqu,CHEMISTRY,already_in,
chem-hj2-hecheng-tiaojian-xuanze-yuanze,CHEMISTRY,already_in,
chem-hj2-dengxiao-pingheng-silei,CHEMISTRY,already_in,
chem-hj2-youjixue-fenli-tichun-sanfa,CHEMISTRY,already_in,
chem-hj2-ting-wanquan-ranshao-haoyang-guilv,CHEMISTRY,already_in,
chem-hj2-jiajiao-bijiao-sanmoxing,CHEMISTRY,already_in,
chem-hj2-lusu-lizi-jianyan-agno3,CHEMISTRY,already_in,
chem-hj2-lusu-danzhi-dubian-xingzhi,CHEMISTRY,already_in,
chem-hj2-lvsuanji-sanzhong-xingtai-huxiang-zhuanhua,CHEMISTRY,already_in,
chem-hj2-haishui-timei-liucheng,CHEMISTRY,already_in,
chem-hj2-xiguan-lianjian-panpan-guilv,CHEMISTRY,already_in,
chem-hj2-jiancanshu-jianleng-jianchang,CHEMISTRY,already_in,
chem-hj2-ph-jisuan-sixiang-moxing,CHEMISTRY,already_in,
chem-hj2-zhonghe-diding-quxian-wudian,CHEMISTRY,already_in,
chem-hj2-chuantong-guisuancailiao-sanlei,CHEMISTRY,already_in,
chem-hj2-no-weiqi-chuli-cuihuazhuanhua,CHEMISTRY,already_in,
chem-hj2-benfen-xingzhi-xianseranyan,CHEMISTRY,already_in,
chem-hj2-zhi-de-shuijiao-suanjian-tiaojian,CHEMISTRY,already_in,
chem-hj2-quanji-shuangjian-gongcun-jianyan,CHEMISTRY,already_in,
chem-gap-stse-chemistry-life,CHEMISTRY,already_in,
chem-gap-daily-life-chemistry,CHEMISTRY,already_in,
chem-gap-natural-polymers,CHEMISTRY,already_in,
chem-gap-polymerization-reaction,CHEMISTRY,already_in,
chem-gap-esterification,CHEMISTRY,already_in,
chem-gap-formaldehyde,CHEMISTRY,already_in,
chem-gap-acetaldehyde,CHEMISTRY,already_in,
chem-fx-cha-liang-fa-shi-zhi-gen-ju-hua-xue-fa-f01x01,CHEMISTRY,already_in,
chem-fx-cha-liang-fa-jie-ti-de-guan-jian-shi-z-f01x02,CHEMISTRY,already_in,
chem-fx-guan-xi-shi-fa-jie-ti-de-guan-jian-shi-f01x03,CHEMISTRY,already_in,
chem-fx-re-zhong-fen-xi-fa-f01x04,CHEMISTRY,already_in,
chem-fx-shi-yang-chu-shi-zhi-liang-wei-f01x05,CHEMISTRY,already_in,
chem-fx-ji-ben-fang-fa-he-si-lu-f01x06,CHEMISTRY,already_in,
chem-fx-ji-suan-mei-bu-gu-ti-sheng-yu-de-zhi-l-f01x07,CHEMISTRY,already_in,
chem-fx-zai-biao-zhun-zhuang-kuang-xia-f01x08,CHEMISTRY,already_in,
chem-fx-ben-de-tong-xi-wu-de-ming-ming-f02x01,CHEMISTRY,already_in,
chem-fx-xie-ming-cheng-f02x02,CHEMISTRY,already_in,
chem-fx-zhi-de-ming-ming-f02x03,CHEMISTRY,already_in,
chem-fx-fen-zi-shi-f02x04,CHEMISTRY,already_in,
chem-fx-zui-jian-shi-f02x05,CHEMISTRY,already_in,
chem-fx-jie-gou-shi-f02x06,CHEMISTRY,already_in,
chem-fx-jian-xian-shi-f02x07,CHEMISTRY,already_in,
chem-fx-kong-jian-tian-chong-mo-xing-yong-bu-t-f02x08,CHEMISTRY,already_in,
chem-fx-dian-zi-shi-zhong-wei-cheng-jian-de-zu-f02x09,CHEMISTRY,already_in,
chem-fx-wei-zhi-yi-gou-f02x10,CHEMISTRY,already_in,
chem-fx-guan-neng-tuan-yi-gou-f02x11,CHEMISTRY,already_in,
chem-fx-jian-dan-you-ji-wu-tong-fen-yi-gou-ti-f02x12,CHEMISTRY,already_in,
chem-fx-shu-ji-ji-ben-mo-xing-f02x13,CHEMISTRY,already_in,
chem-fx-zhi-xian-yu-ping-mian-lian-jie-f02x14,CHEMISTRY,already_in,
chem-fx-zheng-liu-chang-yong-yu-fen-li-ti-chun-f02x15,CHEMISTRY,already_in,
chem-fx-zhong-jie-jing-f02x16,CHEMISTRY,already_in,
chem-fx-hua-xue-fang-fa-f02x17,CHEMISTRY,already_in,
chem-fx-jie-gou-jian-shi-f03x01,CHEMISTRY,already_in,
chem-fx-li-ti-yi-gou-f03x02,CHEMISTRY,already_in,
chem-fx-shun-fan-yi-gou-f03x03,CHEMISTRY,already_in,
chem-fx-tong-fen-yi-gou-ti-de-shu-xie-fang-fa-f03x04,CHEMISTRY,already_in,
chem-fx-tong-fen-yi-gou-ti-shu-mu-di-que-ding-f03x05,CHEMISTRY,already_in,
chem-fx-ti-dai-fa-f03x06,CHEMISTRY,already_in,
chem-fx-zu-he-fa-f03x07,CHEMISTRY,already_in,
chem-fx-fu-za-fen-zi-shi-de-tong-fen-yi-gou-ti-f03x08,CHEMISTRY,already_in,
chem-fx-di-yi-bu-f03x09,CHEMISTRY,already_in,
chem-fx-di-si-bu-f03x10,CHEMISTRY,already_in,
chem-fx-bian-shi-xun-lian-bian-kao-fa-fen-zi-s-f03x11,CHEMISTRY,already_in,
chem-fx-que-ding-you-ji-wu-zhong-han-you-na-xi-f03x12,CHEMISTRY,already_in,
chem-fx-hua-xue-fang-cheng-shi-fa-f03x13,CHEMISTRY,already_in,
chem-fx-ping-jun-zhi-fa-f03x14,CHEMISTRY,already_in,
chem-fx-jie-lun-qing-yuan-zi-lei-xing-you-zhon-f03x15,CHEMISTRY,already_in,
chem-fx-you-ji-hua-xue-fan-ying-yan-jiu-de-nei-f03x16,CHEMISTRY,already_in,
chem-fx-qi-zhong-wei-fan-ying-wu-f03x17,CHEMISTRY,already_in,
chem-fx-fan-ying-ji-li-f03x18,CHEMISTRY,already_in,
chem-fx-shi-yan-yu-fen-xi-yao-dian-f03x19,CHEMISTRY,already_in,
chem-fx-ding-hun-he-wu-cheng-fen-f03x20,CHEMISTRY,already_in,
chem-fx-xuan-fen-li-fang-fa-f03x21,CHEMISTRY,already_in,
chem-fx-a-fu-jia-de-luo-chang-shu-you-dan-wei-f04x01,CHEMISTRY,already_in,
chem-fx-mo-er-zhi-liang-xiang-dui-fen-zi-zhi-l-f04x02,CHEMISTRY,already_in,
chem-fx-zai-yi-ding-tiao-jian-xia-f04x03,CHEMISTRY,missing,
chem-fx-qiu-suan-qi-ti-mo-er-zhi-liang-de-wu-z-f04x04,CHEMISTRY,already_in,
chem-fx-shi-ying-dui-xiang-f04x05,CHEMISTRY,already_in,
chem-fx-tong-wen-tong-ya-tong-ti-ji-de-ren-he-f04x06,CHEMISTRY,already_in,
chem-fx-ying-yong-qi-ti-mo-er-ti-ji-de-si-da-w-f04x07,CHEMISTRY,already_in,
chem-fx-qi-ti-zai-biao-zhun-zhuang-kuang-xia-d-f04x08,CHEMISTRY,divergent,title
chem-fx-zheng-que-pan-duan-rong-ye-de-rong-zhi-f05x01,CHEMISTRY,already_in,
chem-fx-mi-du-zhi-liang-fen-shu-f05x02,CHEMISTRY,already_in,
chem-fx-qi-ti-rong-yu-shui-f05x03,CHEMISTRY,already_in,
chem-fx-liang-tong-bu-neng-zuo-fan-ying-qi-f05x04,CHEMISTRY,already_in,
chem-fx-tuo-pan-tian-ping-f05x05,CHEMISTRY,already_in,
chem-fx-bo-li-bang-f05x06,CHEMISTRY,already_in,
chem-fx-shao-bei-yong-yu-rong-jie-gu-ti-huo-xi-f05x07,CHEMISTRY,already_in,
chem-fx-liang-qu-yi-ding-liang-de-nong-liu-sua-f05x08,CHEMISTRY,already_in,
chem-fx-cha-liang-fa-ying-yong-yuan-li-f06x01,CHEMISTRY,already_in,
chem-fx-cha-liang-fa-de-jie-ti-guan-jian-shi-z-f06x02,CHEMISTRY,already_in,
chem-fx-jie-ti-de-yi-ban-bu-zhou-f06x03,CHEMISTRY,already_in,
chem-fx-guan-xi-shi-fa-han-yi-f06x04,CHEMISTRY,already_in,
chem-fx-you-kong-qi-mu-tan-shui-zheng-qi-zhi-q-f06x05,CHEMISTRY,already_in,
chem-fx-jing-duo-ci-yang-hua-he-xi-shou-f06x06,CHEMISTRY,already_in,
chem-fx-you-de-shi-dian-zi-zong-shu-xiang-deng-f06x07,CHEMISTRY,already_in,
chem-fx-ying-yong-yuan-li-f06x08,CHEMISTRY,already_in,
chem-fx-zhi-liang-shou-heng-f06x09,CHEMISTRY,already_in,
chem-fx-dian-he-shou-heng-f06x10,CHEMISTRY,already_in,
chem-fx-de-shi-dian-zi-shou-heng-f06x11,CHEMISTRY,already_in,
chem-fx-you-yu-zu-cheng-de-hun-he-qi-ti-zai-cu-f06x12,CHEMISTRY,already_in,
chem-fx-xing-zhi-wu-li-xing-zhi-bu-tong-hua-xu-f07x01,CHEMISTRY,already_in,
chem-fx-zhi-han-yi-zhong-yuan-su-de-wu-zhi-bu-f07x02,CHEMISTRY,already_in,
chem-fx-tong-shi-yong-duo-ge-biao-zhun-dui-ton-f07x03,CHEMISTRY,already_in,
chem-fx-wei-guan-you-jiu-hua-xue-jian-duan-lie-f07x04,CHEMISTRY,already_in,
chem-fx-wu-zhi-bian-hua-de-bian-xi-f07x05,CHEMISTRY,already_in,
chem-fx-fei-hua-xue-bian-hua-f07x06,CHEMISTRY,already_in,
chem-fx-bu-tong-lei-bie-de-wu-ji-wu-zhi-jian-z-f07x07,CHEMISTRY,already_in,
chem-fx-fei-jin-shu-dan-zhi-ji-qi-hua-he-wu-de-f07x08,CHEMISTRY,already_in,
chem-fx-yu-f07x09,CHEMISTRY,already_in,
chem-fx-jiao-ti-de-xing-zhi-ji-ying-yong-f07x10,CHEMISTRY,already_in,
chem-fx-jiao-ti-de-zhi-bei-f07x11,CHEMISTRY,already_in,
chem-fx-bu-neng-guo-du-jia-re-f07x12,CHEMISTRY,already_in,
chem-fx-jiang-nong-rong-ye-di-jia-dao-bao-he-r-f07x13,CHEMISTRY,already_in,
chem-fx-ke-yong-zuo-jing-shui-ji-de-yuan-yin-s-f07x14,CHEMISTRY,already_in,
chem-fx-shui-ni-chang-he-ye-jin-chang-chang-yo-f07x15,CHEMISTRY,already_in,
chem-fx-jiao-ti-wei-li-yi-ban-shi-li-zi-fen-zi-f07x16,CHEMISTRY,already_in,
chem-fx-jiao-ti-li-zi-de-zhi-jing-jue-ding-le-f07x17,CHEMISTRY,already_in,
chem-fx-ci-lin-suan-shi-yi-yuan-zhong-qiang-su-f07x18,CHEMISTRY,already_in,
chem-fx-dan-zhi-he-hun-he-wu-ji-bu-shi-dian-ji-f08x01,CHEMISTRY,already_in,
chem-fx-dian-jie-zhi-he-fei-dian-jie-zhi-yi-di-f08x02,CHEMISTRY,already_in,
chem-fx-dian-li-fang-cheng-shi-de-shu-xie-f08x03,CHEMISTRY,already_in,
chem-fx-ruo-dian-jie-zhi-bu-fen-dian-li-f08x04,CHEMISTRY,already_in,
chem-fx-duo-yuan-ruo-jian-fen-bu-dian-li-f08x05,CHEMISTRY,already_in,
chem-fx-liang-xing-qing-yang-hua-wu-shuang-xia-f08x06,CHEMISTRY,already_in,
chem-fx-shu-xie-dian-li-fang-cheng-shi-san-zhu-f08x07,CHEMISTRY,already_in,
chem-fx-yi-dian-he-shou-heng-f08x08,CHEMISTRY,already_in,
chem-fx-dian-jie-zhi-rong-ye-de-dao-dian-yuan-f08x09,CHEMISTRY,already_in,
chem-fx-wai-jia-dian-jie-zhi-dui-yuan-dian-jie-f08x10,CHEMISTRY,already_in,
chem-fx-xi-an-shui-zhong-jia-ru-shao-liang-bin-f08x11,CHEMISTRY,already_in,
chem-fx-li-zi-fan-ying-fa-sheng-de-tiao-jian-f08x12,CHEMISTRY,already_in,
chem-fx-bu-neng-chai-fen-de-wu-zhi-bao-kuo-dan-f08x13,CHEMISTRY,already_in,
chem-fx-chan-wu-de-chu-li-f08x14,CHEMISTRY,already_in,
chem-fx-xiang-he-hun-he-rong-ye-zhong-di-ru-sh-f08x15,CHEMISTRY,already_in,
chem-fx-yang-hua-mei-rong-yu-xi-liu-suan-f08x16,CHEMISTRY,already_in,
chem-fx-xiang-cheng-qing-shi-hui-shui-zhong-ji-f08x17,CHEMISTRY,already_in,
chem-fx-guo-yang-hua-na-rong-yu-shui-f08x18,CHEMISTRY,already_in,
chem-fx-rong-ye-yu-rong-ye-hun-he-f08x19,CHEMISTRY,already_in,
chem-fx-dian-jie-zhi-de-chai-fen-yuan-ze-f08x20,CHEMISTRY,already_in,
chem-fx-wei-rong-wu-f08x21,CHEMISTRY,already_in,
chem-fx-duo-zhong-fan-ying-li-zi-fang-cheng-sh-f08x22,CHEMISTRY,already_in,
chem-fx-yan-suan-di-ru-rong-ye-zhong-f08x23,CHEMISTRY,already_in,
chem-fx-yan-suan-di-ru-rong-ye-zhong-f08x24,CHEMISTRY,already_in,
chem-fx-rong-ye-yu-rong-ye-de-fan-ying-f08x25,CHEMISTRY,already_in,
chem-fx-xiang-rong-ye-zhong-tong-f08x26,CHEMISTRY,already_in,
chem-fx-entry-f08x27,CHEMISTRY,already_in,
chem-fx-shao-ding-duo-bian-fa-shu-xie-yu-liang-f08x28,CHEMISTRY,already_in,
chem-fx-pan-duan-li-zi-neng-fou-da-liang-gong-f09x01,CHEMISTRY,already_in,
chem-fx-qiang-yang-hua-xing-yu-qiang-huan-yuan-f09x02,CHEMISTRY,already_in,
chem-fx-yi-shui-jie-de-yang-li-zi-he-yin-li-zi-f09x03,CHEMISTRY,already_in,
chem-fx-zai-zuo-you-guan-li-zi-gong-cun-ti-mu-f09x04,CHEMISTRY,already_in,
chem-fx-shi-fen-tai-rong-ye-bian-hong-de-rong-f09x05,CHEMISTRY,already_in,
chem-fx-tan-suan-qing-na-rong-ye-f09x06,CHEMISTRY,already_in,
chem-fx-chang-wen-xia-f09x07,CHEMISTRY,already_in,
chem-fx-chang-jian-yang-li-zi-de-jian-yan-yu-t-f09x08,CHEMISTRY,already_in,
chem-fx-entry-f09x09,CHEMISTRY,already_in,
chem-fx-entry-f09x10,CHEMISTRY,already_in,
chem-fx-yi-ju-sheng-cheng-de-qi-ti-jian-yan-hu-f09x11,CHEMISTRY,already_in,
chem-fx-entry-f09x12,CHEMISTRY,already_in,
chem-fx-xi-yan-suan-he-rong-ye-jia-f09x13,CHEMISTRY,already_in,
chem-fx-entry-f09x14,CHEMISTRY,already_in,
chem-fx-xiang-mou-rong-ye-zhong-jia-ru-rong-ye-f09x15,CHEMISTRY,already_in,
chem-fx-li-zi-jian-yan-cao-zuo-xian-xiang-miao-f09x16,CHEMISTRY,already_in,
chem-fx-fen-bie-qu-ta-de-shui-rong-ye-liang-fe-f09x17,CHEMISTRY,already_in,
chem-fx-rong-yu-shui-f09x18,CHEMISTRY,already_in,
chem-fx-yang-hua-huan-yuan-fan-ying-f10x01,CHEMISTRY,already_in,
chem-fx-xiang-guan-gai-nian-f10x02,CHEMISTRY,already_in,
chem-fx-yang-hua-xing-huan-yuan-xing-de-qiang-f10x03,CHEMISTRY,already_in,
chem-fx-yang-hua-huan-yuan-fan-ying-dian-zi-zh-f10x04,CHEMISTRY,already_in,
chem-fx-chang-jian-de-yang-hua-ji-he-huan-yuan-f10x05,CHEMISTRY,already_in,
chem-fx-chang-jian-de-huan-yuan-ji-f10x06,CHEMISTRY,already_in,
chem-fx-yuan-su-hua-he-jia-chu-yu-zhong-jian-j-f10x07,CHEMISTRY,already_in,
chem-fx-yi-zhi-yu-shui-fan-ying-de-hua-xue-fan-f10x08,CHEMISTRY,already_in,
chem-fx-yang-hua-xing-huan-yuan-xing-qiang-ruo-f10x09,CHEMISTRY,already_in,
chem-fx-huan-yuan-xing-f10x10,CHEMISTRY,already_in,
chem-fx-gen-ju-fan-ying-tiao-jian-nong-du-da-x-f10x11,CHEMISTRY,already_in,
chem-fx-jia-tai-gui-zhong-gui-lv-si-wei-mo-xin-f10x12,CHEMISTRY,already_in,
chem-fx-qi-hua-fan-ying-gui-lv-si-wei-mo-xing-f10x13,CHEMISTRY,already_in,
chem-fx-yang-hua-xing-huan-yuan-xing-qiang-ruo-f10x14,CHEMISTRY,already_in,
chem-fx-huan-yuan-xing-f10x15,CHEMISTRY,already_in,
chem-fx-xian-hou-gui-lv-ji-ying-yong-f10x16,CHEMISTRY,already_in,
chem-fx-yi-zhi-he-f10x17,CHEMISTRY,already_in,
chem-fx-nong-f10x18,CHEMISTRY,already_in,
chem-fx-yang-hua-huan-yuan-fan-ying-fang-cheng-f11x01,CHEMISTRY,already_in,
chem-fx-mou-gao-wen-huan-yuan-fa-zhi-bei-xin-x-f11x02,CHEMISTRY,already_in,
chem-fx-xun-huan-zhuan-hua-guan-xi-tu-zhong-wu-f11x03,CHEMISTRY,already_in,
chem-fx-ruo-mou-wu-zhi-can-jia-fan-ying-f11x04,CHEMISTRY,already_in,
chem-fx-liu-hua-qing-de-zhuan-hua-shi-zi-yuan-f11x05,CHEMISTRY,already_in,
chem-fx-yi-ding-tiao-jian-xia-f11x06,CHEMISTRY,missing,
chem-fx-shi-yi-zhong-zhong-yao-de-sha-jun-xiao-f11x07,CHEMISTRY,already_in,
chem-fx-fan-ju-you-guang-fan-yong-tu-f11x08,CHEMISTRY,already_in,
chem-fx-mou-cui-hua-zhuan-hua-guo-cheng-ru-tu-f11x09,CHEMISTRY,already_in,
chem-fx-yang-hua-ke-chu-qu-an-dan-f11x10,CHEMISTRY,already_in,
chem-fx-yu-shui-fan-ying-f12x01,CHEMISTRY,already_in,
chem-fx-yu-yan-suan-fan-ying-f12x02,CHEMISTRY,already_in,
chem-fx-na-de-zhi-qu-ji-bao-cun-f12x03,CHEMISTRY,already_in,
chem-fx-na-de-yong-tu-f12x04,CHEMISTRY,already_in,
chem-fx-ye-lian-mou-xie-jin-shu-f12x05,CHEMISTRY,already_in,
chem-fx-na-yu-shui-suan-fan-ying-de-ben-zhi-yu-f12x06,CHEMISTRY,already_in,
chem-fx-rong-ye-rong-ye-bao-he-cheng-qing-f12x07,CHEMISTRY,already_in,
chem-fx-hua-xue-xing-zhi-f12x08,CHEMISTRY,already_in,
chem-fx-zhu-yao-yong-tu-f12x09,CHEMISTRY,already_in,
chem-fx-de-qiang-yang-hua-xing-yu-huan-yuan-xi-f12x10,CHEMISTRY,already_in,
chem-fx-fen-tai-rong-ye-f12x11,CHEMISTRY,already_in,
chem-fx-pin-hong-rong-ye-f12x12,CHEMISTRY,already_in,
chem-fx-yu-deng-qiang-yang-hua-ji-shi-f12x13,CHEMISTRY,already_in,
chem-fx-guo-yang-hua-wu-de-jie-gou-te-dian-yu-f12x14,CHEMISTRY,already_in,
chem-fx-chun-jing-de-guo-yang-hua-gai-f12x15,CHEMISTRY,already_in,
chem-fx-yu-dou-neng-he-shui-fan-ying-sheng-che-f12x16,CHEMISTRY,already_in,
chem-fx-xiang-shi-rui-shi-ye-zhong-jia-ru-fen-f12x17,CHEMISTRY,already_in,
chem-fx-xian-you-he-de-hun-he-wu-f12x18,CHEMISTRY,already_in,
chem-fx-shi-yi-zhong-chang-jian-de-guo-yang-hu-f12x19,CHEMISTRY,already_in,
chem-fx-he-de-bi-jiao-f13x01,CHEMISTRY,already_in,
chem-fx-zhu-yao-xing-zhi-f13x02,CHEMISTRY,already_in,
chem-fx-zhu-yao-xing-zhi-f13x03,CHEMISTRY,already_in,
chem-fx-zhu-yao-yong-tu-f13x04,CHEMISTRY,already_in,
chem-fx-de-jian-bie-fang-fa-f13x05,CHEMISTRY,already_in,
chem-fx-xiang-rong-ye-zhong-zhu-di-jia-ru-yan-f13x06,CHEMISTRY,already_in,
chem-fx-shi-yan-f13x07,CHEMISTRY,already_in,
chem-fx-jiang-yi-ding-wu-zhi-di-liang-de-zu-f13x08,CHEMISTRY,already_in,
chem-fx-dan-zhi-xing-zhi-f13x09,CHEMISTRY,already_in,
chem-fx-yan-se-shi-yan-de-cao-zuo-f13x10,CHEMISTRY,already_in,
chem-fx-qing-xi-bo-si-f13x11,CHEMISTRY,already_in,
chem-fx-jian-jin-shu-de-te-xing-f13x12,CHEMISTRY,already_in,
chem-fx-shi-ji-ping-zhong-de-yao-pin-qu-chu-ho-f13x13,CHEMISTRY,already_in,
chem-fx-you-ke-xue-yan-jiu-ti-chu-f13x14,CHEMISTRY,already_in,
chem-fx-jia-de-huo-yan-yan-se-yao-tou-guo-lan-f13x15,CHEMISTRY,already_in,
chem-fx-xuan-ze-shi-dang-de-shi-ji-huo-fang-fa-f13x16,CHEMISTRY,already_in,
chem-fx-mou-xiao-hua-xue-ke-wai-xiao-zu-wei-le-f13x17,CHEMISTRY,already_in,
chem-fx-zhi-bei-yuan-liao-f14x01,CHEMISTRY,already_in,
chem-fx-fan-ying-yuan-li-f14x02,CHEMISTRY,already_in,
chem-fx-suo-de-chun-jian-zhong-ke-neng-han-you-f14x03,CHEMISTRY,missing,
chem-fx-qi-ti-fa-f14x04,CHEMISTRY,already_in,
chem-fx-shi-yan-cao-zuo-f14x05,CHEMISTRY,already_in,
chem-fx-chen-dian-fa-f14x06,CHEMISTRY,already_in,
chem-fx-shi-yan-cao-zuo-f14x07,CHEMISTRY,already_in,
chem-fx-di-ding-fa-f14x08,CHEMISTRY,already_in,
chem-fx-fang-an-f14x09,CHEMISTRY,already_in,
chem-fx-wo-guo-hua-xue-jia-hou-de-bang-gai-jin-f14x10,CHEMISTRY,already_in,
chem-fx-fang-an-yi-f14x11,CHEMISTRY,already_in,
chem-fx-hua-xue-xing-zhi-f15x01,CHEMISTRY,already_in,
chem-fx-fen-bie-xie-chu-rong-yu-zu-liang-xi-xi-f15x02,CHEMISTRY,already_in,
chem-fx-que-ding-tie-de-yang-hua-wu-zu-cheng-d-f15x03,CHEMISTRY,already_in,
chem-fx-ruo-ze-tie-de-yang-hua-wu-shi-f15x04,CHEMISTRY,already_in,
chem-fx-de-zhi-bei-f15x05,CHEMISTRY,already_in,
chem-fx-huan-yuan-xing-qi-ti-bao-hu-fa-f15x06,CHEMISTRY,already_in,
chem-fx-li-yong-dian-jie-shi-yan-ke-yi-zhi-de-f15x07,CHEMISTRY,already_in,
chem-fx-yong-rong-ye-yu-bu-han-de-zheng-liu-sh-f15x08,CHEMISTRY,already_in,
chem-fx-cong-wu-zhi-lei-bie-he-wu-zhi-suo-han-f16x01,CHEMISTRY,already_in,
chem-fx-nan-rong-xing-de-jian-yi-fen-jie-sheng-f16x02,CHEMISTRY,already_in,
chem-fx-deng-fa-sheng-shui-jie-xiang-hu-f16x03,CHEMISTRY,already_in,
chem-fx-yang-hua-xing-yu-huan-yuan-xing-f16x04,CHEMISTRY,already_in,
chem-fx-qi-ta-chang-jian-tie-yan-f16x05,CHEMISTRY,already_in,
chem-fx-chi-xue-yan-f16x06,CHEMISTRY,already_in,
chem-fx-jian-yan-he-shi-de-zhu-yi-shi-xiang-f16x07,CHEMISTRY,already_in,
chem-fx-zai-hun-he-rong-ye-zhong-f16x08,CHEMISTRY,already_in,
chem-fx-ji-you-yang-hua-xing-you-you-huan-yuan-f16x09,CHEMISTRY,already_in,
chem-fx-jiang-qi-ti-tong-ru-rong-ye-zhong-chan-f16x10,CHEMISTRY,already_in,
chem-fx-jiang-rong-ye-di-ru-rong-ye-zhong-f16x11,CHEMISTRY,already_in,
chem-fx-hun-he-rong-ye-zhong-de-chu-qu-fang-fa-f16x12,CHEMISTRY,already_in,
chem-fx-chu-qu-han-de-rong-ye-zhong-hun-you-de-f16x13,CHEMISTRY,already_in,
chem-fx-cong-hua-he-jia-he-wu-zhi-lei-bie-lian-f16x14,CHEMISTRY,already_in,
chem-fx-jin-shu-ye-lian-de-yi-ban-fang-fa-f17x01,CHEMISTRY,already_in,
chem-fx-ye-lian-tong-de-liang-fang-fa-f17x02,CHEMISTRY,already_in,
chem-fx-cu-tong-zhong-tong-de-han-liang-wei-f17x03,CHEMISTRY,already_in,
chem-fx-you-lv-tu-kuang-ye-lian-lv-de-liu-chen-f17x04,CHEMISTRY,already_in,
chem-fx-entry-f17x05,CHEMISTRY,already_in,
chem-fx-zhu-yao-hua-xue-fan-ying-f17x06,CHEMISTRY,already_in,
chem-fx-mei-de-zhong-yao-hua-he-wu-f17x07,CHEMISTRY,already_in,
chem-fx-mei-lv-de-te-shu-hua-xue-xing-zhi-f17x08,CHEMISTRY,already_in,
chem-fx-you-yu-neng-gou-zai-zhong-ran-shao-f17x09,CHEMISTRY,already_in,
chem-fx-deng-zhi-liang-de-lv-fen-bie-yu-deng-w-f17x10,CHEMISTRY,already_in,
chem-fx-deng-wu-zhi-di-liang-de-suan-he-jian-y-f17x11,CHEMISTRY,already_in,
chem-fx-li-yong-lv-hui-f17x12,CHEMISTRY,already_in,
chem-fx-bo-li-zhong-han-you-er-yang-hua-gui-f18x01,CHEMISTRY,already_in,
chem-fx-sui-ran-ji-neng-yu-rong-ye-fan-ying-f18x02,CHEMISTRY,already_in,
chem-fx-xin-xing-wu-ji-fei-jin-shu-cai-liao-f18x03,CHEMISTRY,already_in,
chem-fx-yong-tu-zai-neng-yuan-xin-xi-yi-yao-de-f18x04,CHEMISTRY,already_in,
chem-fx-gao-wen-jie-gou-f18x05,CHEMISTRY,already_in,
chem-fx-xin-cai-liao-de-xin-xiu-f18x06,CHEMISTRY,already_in,
chem-fx-shui-ni-shi-zhong-yao-de-jian-zhu-cai-f18x07,CHEMISTRY,already_in,
chem-fx-cu-gui-yu-gan-zao-de-qi-ti-fan-ying-zh-f18x08,CHEMISTRY,already_in,
chem-fx-dan-hua-gui-ke-yong-zuo-gao-wen-jie-go-f18x09,CHEMISTRY,already_in,
chem-fx-shi-yan-shi-li-wen-you-du-qi-ti-ji-wei-f19x01,CHEMISTRY,already_in,
chem-fx-lv-qi-de-hua-xue-xing-zhi-f19x02,CHEMISTRY,already_in,
chem-fx-xin-zhi-lv-shui-de-duo-zhong-cheng-fen-f19x03,CHEMISTRY,already_in,
chem-fx-lv-qi-ju-you-qiang-yang-hua-xing-f19x04,CHEMISTRY,already_in,
chem-fx-shi-yan-f19x05,CHEMISTRY,already_in,
chem-fx-yong-di-guan-jiang-xin-zhi-de-lv-shui-f19x06,CHEMISTRY,already_in,
chem-fx-bao-he-shi-yan-shui-zhong-nong-du-jiao-f20x01,CHEMISTRY,already_in,
chem-fx-yi-shi-xiang-f20x02,CHEMISTRY,already_in,
chem-fx-shi-yan-jie-shu-hou-f20x03,CHEMISTRY,already_in,
chem-fx-bi-xu-yong-nong-yan-suan-f20x04,CHEMISTRY,already_in,
chem-fx-he-nong-yan-suan-hun-he-gong-re-f20x05,CHEMISTRY,already_in,
chem-fx-fu-de-te-shu-xing-f21x01,CHEMISTRY,already_in,
chem-fx-zai-zhong-f21x02,CHEMISTRY,already_in,
chem-fx-lu-su-li-zi-de-jian-yan-fang-fa-f21x03,CHEMISTRY,already_in,
chem-fx-lu-zu-yuan-su-dan-zhi-jiang-tong-zhu-z-f21x04,CHEMISTRY,already_in,
chem-fx-san-zhong-wu-zhi-zai-qi-ta-you-ji-rong-f21x05,CHEMISTRY,already_in,
chem-fx-dian-shui-dian-fen-rong-ye-lv-shui-xiu-f21x06,CHEMISTRY,already_in,
chem-fx-hai-dai-zhong-ti-qu-dian-f21x07,CHEMISTRY,already_in,
chem-fx-cong-hai-shui-zhong-ti-qu-wu-zhi-di-si-f21x08,CHEMISTRY,already_in,
chem-fx-yu-cong-han-de-fei-ye-zhong-ti-qu-xiu-f21x09,CHEMISTRY,already_in,
chem-fx-qing-de-jie-gou-jian-shi-wei-f21x10,CHEMISTRY,missing,
chem-fx-yi-lv-hua-dian-f21x11,CHEMISTRY,already_in,
chem-fx-liu-dan-zhi-jun-shu-yu-fei-ji-xing-fen-f22x01,CHEMISTRY,already_in,
chem-fx-dan-zhi-liu-ran-shao-shi-chan-wu-zhi-n-f22x02,CHEMISTRY,already_in,
chem-fx-se-qi-wei-f22x03,CHEMISTRY,already_in,
chem-fx-shi-yan-shi-zhi-fa-f22x04,CHEMISTRY,already_in,
chem-fx-san-yang-hua-liu-f22x05,CHEMISTRY,already_in,
chem-fx-yang-hua-xing-f22x06,CHEMISTRY,already_in,
chem-fx-jia-he-xing-f22x07,CHEMISTRY,already_in,
chem-fx-xuan-yong-shi-ji-f22x08,CHEMISTRY,already_in,
chem-fx-you-shi-wei-jian-hua-zhuang-zhi-f22x09,CHEMISTRY,already_in,
chem-fx-neng-shi-zi-se-shi-rui-rong-ye-bian-ho-f23x01,CHEMISTRY,already_in,
chem-fx-neng-yu-ruo-suan-de-yan-fan-ying-f23x02,CHEMISTRY,already_in,
chem-fx-fen-bie-xie-chu-nong-yu-fan-ying-de-hu-f23x03,CHEMISTRY,already_in,
chem-fx-de-jian-yan-f23x04,CHEMISTRY,already_in,
chem-fx-jian-yan-de-yi-cuo-dian-f23x05,CHEMISTRY,already_in,
chem-fx-zai-gong-ye-shang-wei-qi-de-chu-li-fan-f23x06,CHEMISTRY,already_in,
chem-fx-an-shui-tuo-liu-fa-f23x07,CHEMISTRY,already_in,
chem-fx-na-jian-tuo-liu-fa-f23x08,CHEMISTRY,already_in,
chem-fx-zhuan-hua-wei-f23x09,CHEMISTRY,already_in,
chem-fx-bu-tong-jia-tai-liu-de-zhuan-hua-shi-t-f24x01,CHEMISTRY,already_in,
chem-fx-tong-zhong-yuan-su-xiang-lin-jia-tai-d-f24x02,CHEMISTRY,already_in,
chem-fx-jia-tai-liu-yuan-su-zhi-jian-de-zhuan-f24x03,CHEMISTRY,already_in,
chem-fx-duan-shao-han-liu-liang-gao-de-kuang-w-f24x04,CHEMISTRY,already_in,
chem-fx-tu-suo-shi-mou-gu-tai-dan-zhi-ji-qi-hu-f24x05,CHEMISTRY,already_in,
chem-fx-dan-yang-hua-wu-dui-huan-jing-de-wu-ra-f25x01,CHEMISTRY,already_in,
chem-fx-po-huai-chou-yang-ceng-f25x02,CHEMISTRY,already_in,
chem-fx-gong-ye-wei-qi-zhong-de-chang-yong-jia-f25x03,CHEMISTRY,already_in,
chem-fx-ruo-tong-ru-shui-zhong-f25x04,CHEMISTRY,already_in,
chem-fx-yi-ju-dan-yang-yuan-zi-ge-shu-bi-qiu-j-f25x05,CHEMISTRY,already_in,
chem-fx-li-yong-dian-zi-shou-heng-guan-xi-qiu-f25x06,CHEMISTRY,already_in,
chem-fx-tong-si-biao-mian-huan-man-fang-chu-qi-f25x07,CHEMISTRY,already_in,
chem-fx-qiang-yang-hua-xing-f25x08,CHEMISTRY,already_in,
chem-fx-nong-xiao-suan-yu-tong-fan-ying-de-hua-f25x09,CHEMISTRY,already_in,
chem-fx-xiao-suan-ke-yang-hua-f25x10,CHEMISTRY,already_in,
chem-fx-xiao-suan-gong-ye-zhi-fa-de-fan-ying-y-f25x11,CHEMISTRY,already_in,
chem-fx-yong-dong-tai-guan-dian-li-jie-yu-nong-f25x12,CHEMISTRY,already_in,
chem-fx-bei-jing-f25x13,CHEMISTRY,already_in,
chem-fx-jiang-sheng-you-he-de-hun-he-qi-ti-de-f25x14,CHEMISTRY,already_in,
chem-fx-shi-cong-jie-gou-he-xing-zhi-shang-jie-f26x01,CHEMISTRY,already_in,
chem-fx-an-de-hua-xue-xing-zhi-f26x02,CHEMISTRY,already_in,
chem-fx-pen-quan-shi-yan-chan-wu-de-nong-du-ji-f26x03,CHEMISTRY,already_in,
chem-fx-pen-quan-shi-yan-de-yuan-li-f26x04,CHEMISTRY,already_in,
chem-fx-yin-fa-pen-quan-de-ji-zhong-fang-fa-f26x05,CHEMISTRY,already_in,
chem-fx-an-yan-ji-de-jian-yan-f26x06,CHEMISTRY,already_in,
chem-fx-an-yan-de-hua-xue-xing-zhi-f26x07,CHEMISTRY,already_in,
chem-fx-yan-man-jiang-shi-run-de-hong-se-shi-r-f26x08,CHEMISTRY,already_in,
chem-fx-nong-an-shui-gu-ti-f26x09,CHEMISTRY,already_in,
chem-fx-nong-an-shui-gu-ti-f26x10,CHEMISTRY,already_in,
chem-fx-shi-yan-shi-lv-hua-an-yu-shu-shi-hui-f-f26x11,CHEMISTRY,already_in,
chem-fx-dan-yuan-su-de-jia-f27x01,CHEMISTRY,already_in,
chem-fx-han-dan-yuan-su-wu-zhi-zhi-jian-de-zhu-f27x02,CHEMISTRY,already_in,
chem-fx-shi-yan-shi-yong-gu-ti-zhi-f27x03,CHEMISTRY,already_in,
chem-fx-rong-yu-xi-f27x04,CHEMISTRY,already_in,
chem-fx-shu-xi-an-qi-huan-yuan-xing-de-si-da-t-f27x05,CHEMISTRY,already_in,
chem-fx-yi-an-yan-yu-jian-fan-ying-de-liang-ge-f27x06,CHEMISTRY,already_in,
chem-fx-ke-tong-guo-lei-dian-zuo-yong-jiang-zh-f27x07,CHEMISTRY,already_in,
chem-fx-tan-jiu-f27x08,CHEMISTRY,already_in,
chem-fx-an-qi-yu-er-yang-hua-dan-de-fan-ying-f27x09,CHEMISTRY,already_in,
chem-fx-zhong-yao-qi-ti-de-fa-sheng-zhuang-zhi-f28x01,CHEMISTRY,already_in,
chem-fx-gu-ti-ye-ti-f28x02,CHEMISTRY,already_in,
chem-fx-chang-jian-qi-ti-dian-xing-zhi-bei-zhu-f28x03,CHEMISTRY,already_in,
chem-fx-qi-ti-de-chu-za-fang-fa-f28x04,CHEMISTRY,already_in,
chem-fx-chang-jian-shi-ji-f28x05,CHEMISTRY,already_in,
chem-fx-dang-zhong-hun-you-za-zhi-shi-f28x06,CHEMISTRY,already_in,
chem-fx-pai-shui-fa-f28x07,CHEMISTRY,already_in,
chem-fx-pai-kong-qi-fa-f28x08,CHEMISTRY,already_in,
chem-fx-ji-qi-zhuang-zhi-de-chuang-xin-f28x09,CHEMISTRY,already_in,
chem-fx-bao-he-rong-ye-f28x10,CHEMISTRY,already_in,
chem-fx-wei-qi-chu-li-de-yuan-yin-fang-fa-ji-z-f28x11,CHEMISTRY,already_in,
chem-fx-gai-jin-de-mu-f28x12,CHEMISTRY,already_in,
chem-fx-tu-de-gai-jin-you-dian-shi-shi-yuan-di-f28x13,CHEMISTRY,already_in,
chem-fx-wei-jian-yan-shang-shu-shi-yan-shou-ji-f28x14,CHEMISTRY,already_in,
chem-fx-mou-ke-wai-xing-qu-xiao-zu-yu-tan-jiu-f28x15,CHEMISTRY,already_in,
chem-fx-yuan-su-he-su-tong-wei-su-f29x01,CHEMISTRY,already_in,
chem-fx-yong-zi-mu-biao-shi-ming-cheng-wei-chu-f29x02,CHEMISTRY,already_in,
chem-fx-ding-yi-yi-ge-yuan-zi-de-zhen-shi-zhi-f29x03,CHEMISTRY,already_in,
chem-fx-shi-li-yi-ge-yuan-zi-de-zhi-liang-shi-f29x04,CHEMISTRY,already_in,
chem-fx-ben-zhi-zhi-zi-shu-xiang-tong-de-yi-le-f29x05,CHEMISTRY,already_in,
chem-fx-te-xing-zhi-you-zhong-lei-mei-you-ge-s-f29x06,CHEMISTRY,already_in,
chem-fx-ji-tai-yuan-zi-de-he-wai-dian-zi-pai-b-f29x07,CHEMISTRY,already_in,
chem-fx-hong-te-gui-ze-f29x08,CHEMISTRY,already_in,
chem-fx-dang-chu-xian-gui-dao-shi-f29x09,CHEMISTRY,already_in,
chem-fx-ji-tai-yuan-zi-dian-zi-pai-bu-shi-de-s-f29x10,CHEMISTRY,already_in,
chem-fx-zhi-dao-yuan-su-ming-cheng-shu-xie-he-f29x11,CHEMISTRY,already_in,
chem-fx-yi-shi-xiang-f29x12,CHEMISTRY,already_in,
chem-fx-yuan-su-zhou-qi-biao-ying-yong-f30x01,CHEMISTRY,already_in,
chem-fx-tong-zhong-yuan-zi-f30x02,CHEMISTRY,already_in,
chem-fx-pan-duan-yuan-su-de-hua-he-jia-f30x03,CHEMISTRY,already_in,
chem-fx-fei-jin-shu-xing-f30x04,CHEMISTRY,already_in,
chem-fx-dian-li-neng-yu-yuan-zi-jie-gou-f30x05,CHEMISTRY,already_in,
chem-fx-dian-li-neng-yu-ban-chong-man-quan-cho-f30x06,CHEMISTRY,already_in,
chem-fx-qing-jie-he-he-wai-dian-zi-pai-bu-xian-f30x07,CHEMISTRY,already_in,
chem-fx-di-yi-dian-li-neng-da-yu-f30x08,CHEMISTRY,already_in,
chem-fx-xia-biao-lie-chu-le-mou-duan-zhou-qi-y-f30x09,CHEMISTRY,already_in,
chem-fx-yi-zhi-yuan-su-de-dian-fu-xing-he-yuan-f30x10,CHEMISTRY,already_in,
chem-fx-cun-zai-li-zi-hua-he-wu-li-zi-jing-ti-f31x01,CHEMISTRY,already_in,
chem-fx-yong-dian-zi-shi-biao-shi-hua-he-wu-de-f31x02,CHEMISTRY,already_in,
chem-fx-jian-can-shu-f31x03,CHEMISTRY,already_in,
chem-fx-jia-dian-zi-dui-hu-chi-f32x01,CHEMISTRY,already_in,
chem-fx-de-kong-jian-jie-gou-de-pan-duan-f32x02,CHEMISTRY,already_in,
chem-fx-za-hua-gui-dao-li-lun-f32x03,CHEMISTRY,already_in,
chem-fx-dian-zi-dui-jie-gou-f32x04,CHEMISTRY,already_in,
chem-fx-dian-zi-dui-jie-gou-f32x05,CHEMISTRY,already_in,
chem-fx-da-ti-mu-ban-f32x06,CHEMISTRY,already_in,
chem-fx-xing-cheng-yuan-yin-f33x01,CHEMISTRY,already_in,
chem-fx-fen-zi-ji-xing-de-pan-duan-fang-fa-f33x02,CHEMISTRY,already_in,
chem-fx-xing-fen-zi-f33x03,CHEMISTRY,already_in,
chem-fx-li-yong-hua-he-jia-pan-duan-f33x04,CHEMISTRY,already_in,
chem-fx-nan-rong-yu-shui-f33x05,CHEMISTRY,already_in,
chem-fx-qing-jian-chu-ying-xiang-wu-zhi-di-ron-f33x06,CHEMISTRY,already_in,
chem-fx-tong-zhong-yuan-su-de-han-yang-suan-zh-f33x07,CHEMISTRY,already_in,
chem-fx-xing-cheng-tiao-jian-f33x08,CHEMISTRY,already_in,
chem-fx-di-jia-an-shui-hou-f33x09,CHEMISTRY,already_in,
chem-fx-pei-he-wu-de-xing-cheng-dui-wu-zhi-xin-f33x10,CHEMISTRY,already_in,
chem-fx-wen-ding-xing-zeng-qiang-f33x11,CHEMISTRY,already_in,
chem-fx-pei-he-wu-nei-jie-zhong-gong-jia-jian-f33x12,CHEMISTRY,already_in,
chem-fx-deng-li-zi-ti-f34x01,CHEMISTRY,already_in,
chem-fx-ye-jing-jie-yu-ye-tai-he-jing-tai-zhi-f34x02,CHEMISTRY,already_in,
chem-fx-jing-ti-yu-fei-jing-ti-de-ji-dian-li-j-f34x03,CHEMISTRY,already_in,
chem-fx-rong-jie-xing-f34x04,CHEMISTRY,already_in,
chem-fx-dao-dian-dao-re-xing-f34x05,CHEMISTRY,already_in,
chem-fx-chang-jian-jing-ti-de-jie-gou-mo-xing-f34x06,CHEMISTRY,already_in,
chem-fx-bu-tong-lei-xing-jing-ti-rong-fei-dian-f34x07,CHEMISTRY,already_in,
chem-fx-de-rong-dian-bi-gao-f34x08,CHEMISTRY,already_in,
chem-fx-gong-jia-jing-ti-f34x09,CHEMISTRY,already_in,
chem-fx-jing-bao-zhong-wei-li-shu-de-ji-suan-f-f35x01,CHEMISTRY,already_in,
chem-fx-shu-yi-xia-yu-gai-li-zi-zhou-wei-ju-li-f35x02,CHEMISTRY,already_in,
chem-fx-jing-bao-can-shu-f35x03,CHEMISTRY,already_in,
chem-fx-yuan-zi-jing-ti-f35x04,CHEMISTRY,already_in,
chem-fx-yuan-zi-jing-ti-f35x05,CHEMISTRY,already_in,
chem-fx-fen-zi-jing-ti-f35x06,CHEMISTRY,already_in,
chem-fx-fen-zi-jing-ti-f35x07,CHEMISTRY,already_in,
chem-fx-li-zi-jing-ti-f35x08,CHEMISTRY,already_in,
chem-fx-li-zi-jing-ti-f35x09,CHEMISTRY,already_in,
chem-fx-jin-shu-jing-ti-f35x10,CHEMISTRY,already_in,
chem-fx-hun-he-jing-ti-f35x11,CHEMISTRY,already_in,
chem-fx-fen-bie-yong-biao-shi-he-f35x12,CHEMISTRY,already_in,
chem-fx-wu-zhi-jie-gou-yu-xing-zhi-zong-he-ti-f36x01,CHEMISTRY,already_in,
chem-fx-yi-jing-ti-jie-gou-wei-zhu-xian-de-kao-f36x02,CHEMISTRY,already_in,
chem-fx-yi-ju-wu-zhi-di-fen-lei-pan-duan-f36x03,CHEMISTRY,already_in,
chem-fx-jin-shu-dan-zhi-shi-jin-shu-jing-ti-f36x04,CHEMISTRY,already_in,
chem-fx-fen-zi-jing-ti-de-rong-dian-di-f36x05,CHEMISTRY,already_in,
chem-fx-yi-ju-ying-du-he-ji-xie-xing-neng-pan-f36x06,CHEMISTRY,already_in,
chem-fx-jin-shu-jing-ti-duo-shu-ying-du-da-f36x07,CHEMISTRY,already_in,
chem-fx-jing-ti-zhong-sui-han-you-jin-shu-yuan-f36x08,CHEMISTRY,already_in,
chem-fx-gu-yuan-su-ke-xing-cheng-zhong-lei-fan-f36x09,CHEMISTRY,already_in,
chem-fx-se-an-tong-lai-yuan-yu-tian-ran-zhi-wu-f36x10,CHEMISTRY,already_in,
chem-fx-gu-an-suan-de-dian-li-chang-shu-f36x11,CHEMISTRY,already_in,
chem-fx-fan-ying-re-f37x01,CHEMISTRY,already_in,
chem-fx-fan-ying-re-chan-sheng-de-yuan-yin-f37x02,CHEMISTRY,already_in,
chem-fx-zai-wu-cui-hua-ji-de-qing-kuang-xia-f37x03,CHEMISTRY,already_in,
chem-fx-yu-de-fan-ying-f37x04,CHEMISTRY,already_in,
chem-fx-re-hua-xue-fang-cheng-shi-yu-hua-xue-f37x05,CHEMISTRY,already_in,
chem-fx-yu-fan-ying-de-ke-ni-xing-f37x06,CHEMISTRY,already_in,
chem-fx-ying-yong-gai-si-ding-lv-shi-yao-zhu-y-f38x01,CHEMISTRY,already_in,
chem-fx-li-yong-jian-neng-ji-suan-fan-ying-re-f38x02,CHEMISTRY,already_in,
chem-fx-huo-jian-de-di-yi-er-ji-fa-dong-ji-zho-f38x03,CHEMISTRY,already_in,
chem-fx-fan-ying-zhong-de-liang-geng-duo-f38x04,CHEMISTRY,already_in,
chem-fx-fan-ying-zhong-f38x05,CHEMISTRY,already_in,
chem-fx-fang-fa-yi-f38x06,CHEMISTRY,already_in,
chem-fx-wu-zhi-di-qi-ye-gu-san-tai-de-bian-hua-f38x07,CHEMISTRY,already_in,
chem-fx-ke-ni-fan-ying-yu-fan-ying-re-f38x08,CHEMISTRY,already_in,
chem-fx-gao-san-quan-guo-zhuan-ti-lian-xi-tong-f38x09,CHEMISTRY,missing,
chem-fx-yan-suan-nong-du-de-ce-ding-f38x10,CHEMISTRY,already_in,
chem-fx-shi-yan-xiao-jie-f38x11,CHEMISTRY,already_in,
chem-fx-zong-fan-ying-f39x01,CHEMISTRY,already_in,
chem-fx-yuan-dian-chi-de-zheng-fu-ji-bu-jin-yu-f39x02,CHEMISTRY,already_in,
chem-fx-yi-ci-dian-chi-f39x03,CHEMISTRY,already_in,
chem-fx-dian-ji-fan-ying-f39x04,CHEMISTRY,already_in,
chem-fx-chong-dian-shi-f39x05,CHEMISTRY,already_in,
chem-fx-ran-liao-dian-chi-f39x06,CHEMISTRY,already_in,
chem-fx-suan-xing-rong-ye-f39x07,CHEMISTRY,already_in,
chem-fx-rong-rong-de-jin-shu-yang-hua-wu-zuo-j-f39x08,CHEMISTRY,already_in,
chem-fx-fu-za-dian-ji-fan-ying-shi-de-shu-xie-f39x09,CHEMISTRY,already_in,
chem-fx-er-ci-dian-chi-de-jie-ti-si-lu-f39x10,CHEMISTRY,already_in,
chem-fx-zai-dian-zi-shou-heng-de-ji-chu-shang-f39x11,CHEMISTRY,already_in,
chem-fx-li-li-zi-er-ci-dian-chi-f40x01,CHEMISTRY,already_in,
chem-fx-li-li-zi-dian-chi-de-zheng-ji-cai-liao-f40x02,CHEMISTRY,already_in,
chem-fx-wei-sheng-wu-ran-liao-dian-chi-shi-yi-f40x03,CHEMISTRY,already_in,
chem-fx-gen-ju-wu-zhi-zhuan-hua-zhong-f40x04,CHEMISTRY,already_in,
chem-fx-li-zi-jiao-huan-mo-de-zuo-yong-f40x05,CHEMISTRY,already_in,
chem-fx-nong-cha-dian-chi-de-fen-xi-fang-fa-f40x06,CHEMISTRY,already_in,
chem-fx-dui-shang-shu-dian-chi-fang-dian-shi-d-f40x07,CHEMISTRY,already_in,
chem-fx-dian-jie-gui-lv-f41x01,CHEMISTRY,already_in,
chem-fx-yin-li-zi-de-fang-dian-shun-xu-f41x02,CHEMISTRY,already_in,
chem-fx-yang-li-zi-fang-dian-shun-xu-f41x03,CHEMISTRY,already_in,
chem-fx-fang-sheng-jian-f41x04,CHEMISTRY,already_in,
chem-fx-an-yao-qiu-shu-xie-dian-ji-fan-ying-sh-f41x05,CHEMISTRY,already_in,
chem-fx-lv-jian-gong-ye-f41x06,CHEMISTRY,already_in,
chem-fx-yin-ji-f41x07,CHEMISTRY,already_in,
chem-fx-dian-du-dian-jie-jing-lian-tong-f41x08,CHEMISTRY,already_in,
chem-fx-dian-ye-jin-f41x09,CHEMISTRY,already_in,
chem-fx-dian-jie-yuan-li-ying-yong-de-si-dian-f41x10,CHEMISTRY,already_in,
chem-fx-dian-jie-jing-lian-tong-f41x11,CHEMISTRY,already_in,
chem-fx-cu-tong-zhong-bu-huo-po-de-za-zhi-f41x12,CHEMISTRY,already_in,
chem-fx-jin-shu-fu-shi-de-ben-zhi-f41x13,CHEMISTRY,already_in,
chem-fx-tiao-jian-jin-shu-yu-jie-chu-dao-de-ga-f41x14,CHEMISTRY,already_in,
chem-fx-dui-tong-yi-jin-shu-lai-shuo-f41x15,CHEMISTRY,already_in,
chem-fx-yi-lv-cai-wei-yang-ji-f41x16,CHEMISTRY,already_in,
chem-fx-ke-chong-dian-dian-chi-you-chong-dian-f42x01,CHEMISTRY,already_in,
chem-fx-hua-xue-ping-heng-de-jian-li-f43x01,CHEMISTRY,already_in,
chem-fx-hua-xue-ping-heng-zhuang-tai-de-pan-du-f43x02,CHEMISTRY,already_in,
chem-fx-bu-neng-zuo-wei-hua-xue-ping-heng-zhua-f43x03,CHEMISTRY,already_in,
chem-fx-ping-heng-chang-shu-biao-da-shi-zhong-f43x04,CHEMISTRY,already_in,
chem-fx-pan-duan-zheng-zai-jin-xing-de-ke-ni-f-f43x05,CHEMISTRY,already_in,
chem-fx-shi-yong-hua-xue-ping-heng-chang-shu-y-f43x06,CHEMISTRY,already_in,
chem-fx-fan-ying-wu-huo-sheng-cheng-wu-zhong-y-f43x07,CHEMISTRY,already_in,
chem-fx-ruo-hua-xue-fang-cheng-shi-zhong-ge-wu-f43x08,CHEMISTRY,already_in,
chem-fx-qi-zhong-f43x09,CHEMISTRY,already_in,
chem-fx-an-qi-zhong-qing-han-liang-gao-f43x10,CHEMISTRY,already_in,
chem-fx-zhu-yao-cheng-fen-wei-de-gong-ye-fei-q-f43x11,CHEMISTRY,already_in,
chem-fx-fan-ying-wu-de-zhuan-hua-lv-f44x01,CHEMISTRY,already_in,
chem-fx-ping-heng-chang-shu-de-ji-suan-bu-zhou-f44x02,CHEMISTRY,already_in,
chem-fx-jiang-ping-heng-nong-du-dai-ru-ping-he-f44x03,CHEMISTRY,already_in,
chem-fx-de-ping-heng-zhuan-hua-lv-f44x04,CHEMISTRY,already_in,
chem-fx-ping-heng-shi-hun-he-qi-ti-de-ping-jun-f44x05,CHEMISTRY,already_in,
chem-fx-hun-he-qi-ti-de-zong-ya-deng-yu-xiang-f44x06,CHEMISTRY,already_in,
chem-fx-heng-rong-mi-bi-rong-qi-zhong-an-bu-to-f44x07,CHEMISTRY,already_in,
chem-fx-yu-fan-ying-sheng-cheng-f44x08,CHEMISTRY,already_in,
chem-fx-shao-liang-ke-ti-gao-sheng-cheng-de-xu-f44x09,CHEMISTRY,already_in,
chem-fx-wo-guo-li-zheng-yu-nian-qian-zuo-dao-t-f44x10,CHEMISTRY,already_in,
chem-fx-she-wei-xiang-dui-ya-li-ping-heng-chan-f44x11,CHEMISTRY,already_in,
chem-fx-zhuan-hua-wei-you-zhi-jie-lv-hua-fa-he-f44x12,CHEMISTRY,already_in,
chem-fx-zai-f44x13,CHEMISTRY,already_in,
chem-fx-nei-zhi-zai-hua-gong-yi-yao-nong-lin-d-f44x14,CHEMISTRY,already_in,
chem-fx-hua-xue-ping-heng-yi-dong-yu-hua-xue-f-f45x01,CHEMISTRY,already_in,
chem-fx-hua-xue-ping-heng-zhong-de-te-shu-qing-f45x02,CHEMISTRY,already_in,
chem-fx-chong-ru-duo-xing-qi-ti-yu-ping-heng-y-f45x03,CHEMISTRY,already_in,
chem-fx-yuan-ping-heng-ti-xi-rong-qi-rong-ji-z-f45x04,CHEMISTRY,already_in,
chem-fx-fan-ying-f45x05,CHEMISTRY,already_in,
chem-fx-ruo-an-yuan-bi-li-tong-bei-shu-di-zeng-f45x06,CHEMISTRY,already_in,
chem-fx-gou-jian-heng-wen-heng-rong-ping-heng-f45x07,CHEMISTRY,already_in,
chem-fx-zai-ya-qiang-wei-wen-du-wei-tiao-jian-f45x08,CHEMISTRY,already_in,
chem-fx-jia-cui-hua-ji-tong-shi-sheng-gao-wen-f45x09,CHEMISTRY,already_in,
chem-fx-yi-ding-tiao-jian-xia-cun-zai-fan-ying-f45x10,CHEMISTRY,missing,
chem-fx-zhao-chu-ge-wu-zhi-di-qi-shi-liang-zhu-f46x01,CHEMISTRY,already_in,
chem-fx-bi-jiao-hua-xue-fan-ying-su-lv-da-xiao-f46x02,CHEMISTRY,already_in,
chem-fx-fan-ying-su-lv-chang-shu-de-han-yi-f46x03,CHEMISTRY,already_in,
chem-fx-fan-ying-su-lv-chang-shu-de-ying-xiang-f46x04,CHEMISTRY,already_in,
chem-fx-gong-ye-zhi-liu-suan-de-guo-cheng-zhon-f46x05,CHEMISTRY,already_in,
chem-fx-you-xiao-peng-zhuang-f46x06,CHEMISTRY,already_in,
chem-fx-tiao-jian-gai-bian-f46x07,CHEMISTRY,already_in,
chem-fx-zai-yang-qi-zhong-ran-shao-sheng-cheng-f46x08,CHEMISTRY,already_in,
chem-fx-yu-shui-fan-ying-shi-f46x09,CHEMISTRY,already_in,
chem-fx-cong-hua-xue-ping-heng-yi-dong-fen-xi-f46x10,CHEMISTRY,already_in,
chem-fx-cong-yuan-liao-de-li-yong-lv-fen-xi-f46x11,CHEMISTRY,already_in,
chem-fx-kong-zhi-fan-ying-tiao-jian-de-ji-ben-f46x12,CHEMISTRY,already_in,
chem-fx-ti-gao-zhuan-hua-lv-de-cuo-shi-f46x13,CHEMISTRY,already_in,
chem-fx-gong-ye-he-cheng-an-fan-ying-de-shi-yi-f46x14,CHEMISTRY,already_in,
chem-fx-shi-ji-gong-ye-he-cheng-an-fan-ying-de-f46x15,CHEMISTRY,already_in,
chem-fx-ke-ni-fan-ying-f46x16,CHEMISTRY,already_in,
chem-fx-jia-zai-shi-f46x17,CHEMISTRY,already_in,
chem-fx-zai-yi-wan-zhong-yin-ru-ke-yi-jiang-di-f46x18,CHEMISTRY,missing,
chem-fx-chang-ya-xia-f46x19,CHEMISTRY,already_in,
chem-fx-shi-ke-suo-gai-bian-de-tiao-jian-f47x01,CHEMISTRY,already_in,
chem-fx-shi-zheng-tu-ran-zeng-da-f47x02,CHEMISTRY,already_in,
chem-fx-shi-zheng-tu-ran-jian-xiao-f47x03,CHEMISTRY,already_in,
chem-fx-guo-zai-shi-ke-f47x04,CHEMISTRY,already_in,
chem-fx-ci-lei-tu-xiang-yi-ban-zong-zuo-biao-b-f47x05,CHEMISTRY,already_in,
chem-fx-ci-lei-tu-xiang-de-zong-zuo-biao-wei-m-f47x06,CHEMISTRY,already_in,
chem-fx-cai-yong-yi-zhong-xin-xing-de-cui-hua-f47x07,CHEMISTRY,already_in,
chem-fx-rong-ye-zhong-huo-de-ji-suan-ji-ying-y-f48x01,CHEMISTRY,already_in,
chem-fx-suan-shi-yan-rong-ye-f48x02,CHEMISTRY,already_in,
chem-fx-shui-de-li-zi-ji-chang-shu-f48x03,CHEMISTRY,already_in,
chem-fx-zheng-que-li-jie-shui-de-dian-li-ping-f48x04,CHEMISTRY,already_in,
chem-fx-suan-jian-rong-ye-hun-he-hou-suan-jian-f48x05,CHEMISTRY,already_in,
chem-fx-hun-he-rong-ye-de-ji-suan-si-wei-mo-xi-f48x06,CHEMISTRY,already_in,
chem-fx-chang-wen-xia-f48x07,CHEMISTRY,already_in,
chem-fx-ruo-dian-jie-zhi-de-dian-li-ping-heng-f49x01,CHEMISTRY,already_in,
chem-fx-ying-xiang-dian-li-ping-heng-de-yin-su-f49x02,CHEMISTRY,already_in,
chem-fx-ruo-dian-jie-zhi-de-pan-duan-fang-fa-f49x03,CHEMISTRY,already_in,
chem-fx-ce-ding-dui-ying-yan-rong-ye-de-suan-j-f49x04,CHEMISTRY,already_in,
chem-fx-wai-jie-tiao-jian-dui-dian-li-ping-hen-f49x05,CHEMISTRY,already_in,
chem-fx-dian-li-ping-heng-you-yi-f49x06,CHEMISTRY,already_in,
chem-fx-duo-yuan-ruo-suan-de-ge-bu-dian-li-cha-f49x07,CHEMISTRY,already_in,
chem-fx-dian-li-du-f49x08,CHEMISTRY,already_in,
chem-fx-biao-shi-fang-fa-f49x09,CHEMISTRY,already_in,
chem-fx-ze-f49x10,CHEMISTRY,already_in,
chem-fx-ci-lv-suan-yu-rong-ye-de-fan-ying-f49x11,CHEMISTRY,already_in,
chem-fx-tan-suan-na-di-ru-zu-liang-jia-suan-ro-f49x12,CHEMISTRY,already_in,
chem-fx-yan-lei-shui-jie-de-jie-guo-f50x01,CHEMISTRY,already_in,
chem-fx-yan-lei-shui-jie-de-gui-lv-f50x02,CHEMISTRY,already_in,
chem-fx-shui-jie-fan-ying-de-li-zi-fang-cheng-f50x03,CHEMISTRY,already_in,
chem-fx-duo-yuan-ruo-jian-yan-f50x04,CHEMISTRY,already_in,
chem-fx-yan-lei-shui-jie-cheng-du-da-xiao-bi-j-f50x05,CHEMISTRY,already_in,
chem-fx-duo-yuan-ruo-suan-de-suan-gen-li-zi-bi-f50x06,CHEMISTRY,already_in,
chem-fx-ruo-suan-suan-shi-yan-rong-ye-suan-jia-f50x07,CHEMISTRY,already_in,
chem-fx-ruo-dian-li-cheng-du-da-yu-shui-jie-ch-f50x08,CHEMISTRY,already_in,
chem-fx-ying-xiang-yan-lei-shui-jie-de-yin-su-f50x09,CHEMISTRY,already_in,
chem-fx-wai-yin-yan-lei-shui-jie-ping-heng-ton-f50x10,CHEMISTRY,already_in,
chem-fx-yan-lei-shui-jie-zai-sheng-chan-sheng-f50x11,CHEMISTRY,already_in,
chem-fx-jie-da-ci-lei-ti-de-si-wei-guo-cheng-f50x12,CHEMISTRY,already_in,
chem-fx-fen-xi-ping-heng-yi-dong-de-jie-guo-ji-f50x13,CHEMISTRY,already_in,
chem-fx-ba-rong-ye-zheng-gan-zhuo-shao-f50x14,CHEMISTRY,already_in,
chem-fx-shi-yan-cao-zuo-yu-yi-qi-de-xuan-ze-f51x01,CHEMISTRY,already_in,
chem-fx-di-ding-cao-zuo-f51x02,CHEMISTRY,already_in,
chem-fx-qiao-zhua-si-dian-f51x03,CHEMISTRY,already_in,
chem-fx-zhua-rong-ye-de-zhong-xing-dian-f51x04,CHEMISTRY,already_in,
chem-fx-dian-rong-zhi-wei-f51x05,CHEMISTRY,already_in,
chem-fx-tu-jie-liang-qi-de-du-shu-fang-fa-f51x06,CHEMISTRY,already_in,
chem-fx-yang-shi-du-shu-f51x07,CHEMISTRY,already_in,
chem-fx-zhi-shi-ji-ji-zhong-dian-pan-duan-f51x08,CHEMISTRY,already_in,
chem-fx-ran-shao-an-yi-ding-liu-su-tong-ru-yi-f51x09,CHEMISTRY,already_in,
chem-fx-dang-di-ru-zui-hou-ban-di-biao-zhun-ro-f51x10,CHEMISTRY,already_in,
chem-fx-jie-da-ci-lei-ti-mu-zhu-yi-san-ge-guan-f51x11,CHEMISTRY,already_in,
chem-fx-yan-dao-qi-zhong-de-shi-zhu-yao-de-da-f51x12,CHEMISTRY,already_in,
chem-fx-nong-du-jun-wei-f52x01,CHEMISTRY,already_in,
chem-fx-nong-du-wei-yan-suan-yu-f52x02,CHEMISTRY,already_in,
chem-fx-dian-he-shou-heng-f52x03,CHEMISTRY,already_in,
chem-fx-liang-yuan-su-shou-heng-f52x04,CHEMISTRY,already_in,
chem-fx-zhi-zi-shou-heng-de-shu-xie-ji-qiao-f52x05,CHEMISTRY,already_in,
chem-fx-jiang-dai-ru-zhong-f52x06,CHEMISTRY,already_in,
chem-fx-zhua-liang-dian-tu-po-er-yuan-ruo-dian-f53x01,CHEMISTRY,already_in,
chem-fx-tou-xi-fen-bu-qu-xian-que-ding-si-wei-f53x02,CHEMISTRY,already_in,
chem-fx-wei-de-fen-bu-xi-shu-f53x03,CHEMISTRY,already_in,
chem-fx-yong-jiao-dian-f53x04,CHEMISTRY,already_in,
chem-fx-po-jie-dui-shu-tu-xiang-de-bu-zhou-f53x05,CHEMISTRY,already_in,
chem-fx-xiang-yuan-li-f53x06,CHEMISTRY,already_in,
chem-fx-chen-dian-rong-jie-ping-heng-de-ying-x-f54x01,CHEMISTRY,already_in,
chem-fx-dui-yu-hua-xue-shi-zhong-yin-yang-li-z-f54x02,CHEMISTRY,already_in,
chem-fx-yi-ban-shuo-lai-f54x03,CHEMISTRY,already_in,
chem-fx-sheng-gao-wen-du-f54x04,CHEMISTRY,already_in,
chem-fx-gei-rong-ye-jia-re-f54x05,CHEMISTRY,already_in,
chem-fx-yi-zhi-rong-du-ji-rong-ye-zhong-mou-li-f54x06,CHEMISTRY,already_in,
chem-fx-chen-dian-de-sheng-cheng-f54x07,CHEMISTRY,already_in,
chem-fx-tiao-jie-fa-f54x08,CHEMISTRY,already_in,
chem-fx-tiao-jie-fa-f54x09,CHEMISTRY,already_in,
chem-fx-yi-zhi-bu-rong-yu-shui-dan-ke-rong-f54x10,CHEMISTRY,already_in,
chem-fx-chen-dian-de-zhuan-hua-f54x11,CHEMISTRY,already_in,
chem-fx-yi-ding-tiao-jian-xia-rong-jie-neng-li-f54x12,CHEMISTRY,missing,
chem-fx-jie-chen-dian-rong-jie-ping-heng-tu-xi-f54x13,CHEMISTRY,already_in,
chem-fx-yi-lv-hua-yin-wei-li-f54x14,CHEMISTRY,already_in,
chem-fx-shi-zai-f54x15,CHEMISTRY,already_in,
chem-fx-yi-zhi-f54x16,CHEMISTRY,already_in,
chem-fx-zai-shi-fa-lian-xin-de-dian-jie-xun-hu-f54x17,CHEMISTRY,already_in,
chem-fx-chen-dian-rong-jie-ping-heng-yi-dong-z-f55x01,CHEMISTRY,already_in,
chem-fx-entry-f55x02,CHEMISTRY,already_in,
chem-fx-yi-zhi-f55x03,CHEMISTRY,already_in,
chem-fx-yi-zhi-f55x04,CHEMISTRY,already_in,
chem-fx-yi-zhi-f55x05,CHEMISTRY,already_in,
chem-fx-he-xin-fan-ying-f56x01,CHEMISTRY,already_in,
chem-fx-zhuo-shao-bei-shao-duan-shao-f56x02,CHEMISTRY,already_in,
chem-fx-chang-yong-de-kong-zhi-fan-ying-tiao-j-f56x03,CHEMISTRY,already_in,
chem-fx-ruo-yao-chu-qu-zhong-hun-you-de-f56x04,CHEMISTRY,already_in,
chem-fx-chang-yong-de-fen-li-fang-fa-f56x05,CHEMISTRY,already_in,
chem-fx-zheng-fa-jie-jing-f56x06,CHEMISTRY,already_in,
chem-fx-leng-que-fa-f56x07,CHEMISTRY,already_in,
chem-fx-you-ji-hua-he-wu-xi-tong-ming-ming-zho-f57x01,CHEMISTRY,already_in,
chem-fx-nong-qing-xi-tong-ming-ming-fa-zhong-s-f57x02,CHEMISTRY,already_in,
chem-fx-ti-mu-yao-qiu-zhong-chang-yong-ke-neng-f58x01,CHEMISTRY,already_in,
chem-fx-you-ji-wu-de-tong-fen-yi-gou-xian-xian-f58x02,CHEMISTRY,already_in,
chem-fx-entry-f58x03,CHEMISTRY,already_in,
chem-fx-jian-dan-you-ji-wu-tong-fen-yi-gou-ti-f58x04,CHEMISTRY,already_in,
chem-fx-xi-ting-gui-ting-tong-fen-yi-gou-ti-de-f58x05,CHEMISTRY,already_in,
chem-fx-ben-de-tong-xi-wu-f58x06,CHEMISTRY,already_in,
chem-fx-tong-fen-yi-gou-ti-shu-mu-de-pan-duan-f58x07,CHEMISTRY,already_in,
chem-fx-ge-tan-yuan-zi-de-lian-zhuang-wan-ting-f58x08,CHEMISTRY,already_in,
chem-fx-deng-xiao-qing-fa-shi-pan-duan-tong-fe-f58x09,CHEMISTRY,already_in,
chem-fx-er-yuan-qu-dai-wu-shu-mu-de-pan-duan-f58x10,CHEMISTRY,already_in,
chem-fx-hua-xue-xing-zhi-f59x01,CHEMISTRY,already_in,
chem-fx-er-xi-ting-de-jia-cheng-fan-ying-he-ji-f59x02,CHEMISTRY,already_in,
chem-fx-xi-ting-gui-ting-de-yang-hua-fan-ying-f59x03,CHEMISTRY,already_in,
chem-fx-qian-hou-f59x04,CHEMISTRY,already_in,
chem-fx-hao-yang-liang-ke-gen-ju-f59x05,CHEMISTRY,already_in,
chem-fx-ben-de-tong-xi-wu-f59x06,CHEMISTRY,already_in,
chem-fx-yi-zhi-wang-xiu-de-ben-rong-ye-zhong-j-f59x07,CHEMISTRY,already_in,
chem-fx-tian-ran-qi-yu-shui-zheng-qi-fan-ying-f59x08,CHEMISTRY,already_in,
chem-fx-yuan-li-ge-jue-kong-qi-gao-wen-xia-shi-f59x09,CHEMISTRY,already_in,
chem-fx-chan-wu-chan-wu-wei-hun-he-wu-chan-wu-f59x10,CHEMISTRY,already_in,
chem-fx-lie-hua-zai-yi-ding-tiao-jian-xia-ba-x-f59x11,CHEMISTRY,missing,
chem-fx-lie-jie-zai-gao-wen-xia-shi-fen-zi-ju-f59x12,CHEMISTRY,already_in,
chem-fx-lu-dai-ting-neng-fa-sheng-xiao-qu-fan-f60x01,CHEMISTRY,already_in,
chem-fx-lu-dai-ting-zhong-lu-su-yuan-zi-de-jia-f60x02,CHEMISTRY,already_in,
chem-fx-lu-dai-ting-fa-sheng-xiao-qu-fan-ying-f60x03,CHEMISTRY,already_in,
chem-fx-lu-dai-ting-xiao-qu-fan-ying-chan-wu-z-f60x04,CHEMISTRY,already_in,
chem-fx-chun-de-gai-nian-ji-fen-lei-f60x05,CHEMISTRY,already_in,
chem-fx-yi-er-chun-f60x06,CHEMISTRY,already_in,
chem-fx-cong-guan-neng-tuan-hua-xue-jian-de-sh-f60x07,CHEMISTRY,already_in,
chem-fx-yi-chun-yu-fan-ying-f60x08,CHEMISTRY,already_in,
chem-fx-jia-cheng-fan-ying-f60x09,CHEMISTRY,already_in,
chem-fx-qu-dai-fan-ying-f60x10,CHEMISTRY,already_in,
chem-fx-xiao-qu-fan-ying-f60x11,CHEMISTRY,already_in,
chem-fx-xian-se-fan-ying-f60x12,CHEMISTRY,already_in,
chem-fx-yi-ben-fen-you-du-f60x13,CHEMISTRY,already_in,
chem-fx-yi-zhi-er-lv-xi-dan-shi-yi-zhong-bo-qi-f60x14,CHEMISTRY,already_in,
chem-fx-ben-jia-quan-f61x01,CHEMISTRY,already_in,
chem-fx-yu-xin-zhi-de-xuan-zhuo-ye-fan-ying-f61x02,CHEMISTRY,already_in,
chem-fx-bing-tong-yu-ning-meng-quan-zai-yi-din-f61x03,CHEMISTRY,missing,
chem-fx-jie-gou-tong-shi-f61x04,CHEMISTRY,already_in,
chem-fx-yi-suan-wu-se-you-qiang-f61x05,CHEMISTRY,already_in,
chem-fx-gao-ji-zhi-fang-suan-f61x06,CHEMISTRY,already_in,
chem-fx-hua-xue-xing-zhi-f61x07,CHEMISTRY,already_in,
chem-fx-te-bie-ti-xing-fen-zhi-zai-jian-xing-t-f61x08,CHEMISTRY,already_in,
chem-fx-an-xian-an-de-xing-zhi-f61x09,CHEMISTRY,already_in,
chem-fx-yu-suan-de-fan-ying-f61x10,CHEMISTRY,already_in,
chem-fx-he-suan-de-sheng-wu-gong-neng-f62x01,CHEMISTRY,already_in,
chem-fx-dian-fen-he-xian-wei-su-yin-tong-shi-z-f62x02,CHEMISTRY,already_in,
chem-fx-wei-le-jian-yan-dian-fen-de-shui-jie-c-f62x03,CHEMISTRY,already_in,
chem-fx-hua-xue-xing-zhi-f62x04,CHEMISTRY,already_in,
chem-fx-shui-jie-fan-ying-f62x05,CHEMISTRY,already_in,
chem-fx-di-gou-you-chang-chang-han-you-you-sua-f62x06,CHEMISTRY,already_in,
chem-fx-cheng-tai-fan-ying-f62x07,CHEMISTRY,already_in,
chem-fx-dan-bai-zhi-di-jie-gou-yu-xing-zhi-f62x08,CHEMISTRY,already_in,
chem-fx-dan-bai-zhi-di-xing-zhi-f62x09,CHEMISTRY,already_in,
chem-fx-nei-han-jia-ru-wu-ji-yan-rong-ye-shi-d-f62x10,CHEMISTRY,already_in,
chem-fx-tiao-jian-jiao-nong-de-qing-jin-shu-ya-f62x11,CHEMISTRY,already_in,
chem-fx-qing-bi-jiao-dan-bai-zhi-di-yan-xi-he-f62x12,CHEMISTRY,already_in,
chem-fx-fen-bie-xie-chu-gu-an-suan-zai-qiang-s-f62x13,CHEMISTRY,already_in,
chem-fx-gai-nian-dan-ti-tong-guo-de-fang-shi-s-f63x01,CHEMISTRY,divergent,title
chem-fx-dan-ti-te-dian-f63x02,CHEMISTRY,already_in,
chem-fx-chan-wu-te-zheng-f63x03,CHEMISTRY,already_in,
chem-fx-gao-ju-wu-dan-ti-de-tui-duan-fang-fa-f63x04,CHEMISTRY,already_in,
chem-fx-zheng-que-jie-da-you-ji-he-cheng-de-gu-f63x05,CHEMISTRY,already_in,
chem-fx-fen-qiang-ji-f63x06,CHEMISTRY,already_in,
chem-fx-an-ji-zai-yang-hua-qi-ta-ji-tuan-qian-f63x07,CHEMISTRY,already_in,
chem-fx-qing-she-ji-he-li-fang-an-f63x08,CHEMISTRY,already_in,
chem-fx-shi-yi-zhong-jiang-huang-su-lei-si-wu-f63x09,CHEMISTRY,already_in,
chem-fx-gen-ju-shang-shu-xin-xi-f63x10,CHEMISTRY,already_in,
chem-fx-han-you-zhi-ji-han-you-ben-huan-he-ci-f63x11,CHEMISTRY,already_in,
chem-fx-yi-wei-zhu-yao-yuan-liao-f63x12,CHEMISTRY,already_in,
chem-fx-ben-huan-qu-dai-fan-ying-zai-tie-fen-c-f64x01,CHEMISTRY,already_in,
chem-fx-tan-lu-jian-f64x02,CHEMISTRY,already_in,
chem-fx-chun-qiang-ji-f64x03,CHEMISTRY,already_in,
chem-fx-fen-qiang-ji-f64x04,CHEMISTRY,already_in,
chem-fx-quan-ji-yang-hua-fan-ying-yu-yin-an-ro-f64x05,CHEMISTRY,already_in,
chem-fx-suo-ji-shi-zi-se-shi-rui-rong-ye-bian-f64x06,CHEMISTRY,already_in,
chem-fx-zhi-ji-shui-jie-fan-ying-suan-xing-tia-f64x07,CHEMISTRY,already_in,
chem-fx-zhang-wo-dian-xing-you-ji-wu-de-xing-z-f64x08,CHEMISTRY,already_in,
chem-fx-you-ji-tui-duan-zong-he-ti-chang-yi-xi-f64x09,CHEMISTRY,already_in,
chem-fx-you-ji-hua-he-wu-de-ming-ming-jie-gou-f64x10,CHEMISTRY,already_in,
chem-fx-ruo-shi-jia-re-yi-qi-f65x01,CHEMISTRY,already_in,
chem-fx-liang-tong-he-di-ding-guan-de-du-shu-f65x02,CHEMISTRY,already_in,
chem-fx-shi-ji-yao-pin-de-bao-cun-yu-qu-yong-f65x03,CHEMISTRY,already_in,
chem-fx-gen-ju-suan-jian-xing-f65x04,CHEMISTRY,already_in,
chem-fx-fang-yu-fan-ying-f65x05,CHEMISTRY,already_in,
chem-fx-fang-fen-jie-f65x06,CHEMISTRY,already_in,
chem-fx-fang-fu-shi-f65x07,CHEMISTRY,already_in,
chem-fx-fang-nian-jie-f65x08,CHEMISTRY,already_in,
chem-fx-qi-ti-wu-zhi-di-rong-jie-huo-xi-shou-f65x09,CHEMISTRY,already_in,
chem-fx-yu-re-shui-yu-you-yu-sha-yu-deng-you-d-f65x10,CHEMISTRY,already_in,
chem-fx-bo-li-yi-qi-de-xi-di-f65x11,CHEMISTRY,already_in,
chem-fx-suan-ye-sa-zai-pi-fu-shang-f65x12,CHEMISTRY,already_in,
chem-fx-shi-zhi-shi-yong-shi-de-zhu-yi-shi-xia-f65x13,CHEMISTRY,already_in,
chem-fx-guang-fan-shi-zhi-zhi-neng-du-chu-zhen-f65x14,CHEMISTRY,already_in,
chem-fx-duo-yong-tu-de-qiu-xing-gan-zao-guan-f66x01,CHEMISTRY,already_in,
chem-fx-ke-yong-yu-ding-liang-ce-ding-qi-ti-de-f66x02,CHEMISTRY,already_in,
chem-fx-qi-ti-ti-ji-de-ce-ding-ji-ke-tong-guo-f66x03,CHEMISTRY,already_in,
chem-fx-ce-liang-qi-ti-ti-ji-de-chang-yong-fan-f66x04,CHEMISTRY,already_in,
chem-fx-jie-da-gai-liang-qi-zhuang-zhi-du-shu-f66x05,CHEMISTRY,already_in,
chem-fx-jian-jie-ce-liang-fa-f66x06,CHEMISTRY,already_in,
chem-fx-qi-mi-xing-jian-cha-de-ji-ben-si-lu-f66x07,CHEMISTRY,already_in,
chem-fx-zhuang-zhi-xing-cheng-feng-bi-ti-xi-ca-f66x08,CHEMISTRY,already_in,
chem-fx-zhuang-zhi-zhong-f66x09,CHEMISTRY,already_in,
chem-fx-tu-wei-zheng-fa-zhuang-zhi-f67x01,CHEMISTRY,already_in,
chem-fx-yi-wen-du-ji-de-shui-yin-qiu-zai-zheng-f67x02,CHEMISTRY,already_in,
chem-fx-chang-kao-de-fen-li-ti-chun-cao-zuo-f67x03,CHEMISTRY,already_in,
chem-fx-jie-jing-cao-zuo-f67x04,CHEMISTRY,already_in,
chem-fx-li-yong-wu-zhi-di-rong-jie-du-dui-wu-z-f67x05,CHEMISTRY,already_in,
chem-fx-chu-za-si-yuan-ze-f67x06,CHEMISTRY,already_in,
chem-fx-yi-fen-ying-shi-bei-ti-chun-huo-fen-li-f67x07,CHEMISTRY,already_in,
chem-fx-xuan-ze-de-tu-jing-yao-zui-jia-f67x08,CHEMISTRY,already_in,
chem-fx-jia-re-fa-f67x09,CHEMISTRY,already_in,
chem-fx-xi-qi-fa-f67x10,CHEMISTRY,already_in,
chem-fx-chen-dian-fa-f67x11,CHEMISTRY,already_in,
chem-fx-yang-hua-huan-yuan-fan-ying-fa-f67x12,CHEMISTRY,already_in,
chem-fx-tiao-jie-fa-f67x13,CHEMISTRY,already_in,
chem-fx-jian-yan-shi-ji-xuan-ze-ji-yong-liang-f68x01,CHEMISTRY,missing,
chem-fx-yuan-li-huo-xing-zhi-tan-jiu-lei-jian-f68x02,CHEMISTRY,already_in,
chem-fx-tan-jiu-wu-zhi-di-qi-ta-te-shu-xing-zh-f68x03,CHEMISTRY,already_in,
chem-fx-yuan-li-ji-xing-zhi-tan-jiu-lei-shi-ya-f68x04,CHEMISTRY,already_in,
chem-fx-shi-yan-cao-zuo-shi-fou-gui-fan-f68x05,CHEMISTRY,already_in,
chem-fx-qi-ti-de-jing-hua-f69x01,CHEMISTRY,already_in,
chem-fx-yi-rong-yu-shui-de-qi-ti-za-zhi-ke-yon-f69x02,CHEMISTRY,already_in,
chem-fx-neng-yu-za-zhi-fa-sheng-fan-ying-sheng-f69x03,CHEMISTRY,already_in,
chem-fx-wei-qi-chu-li-zhuang-zhi-de-xuan-ze-f69x04,CHEMISTRY,already_in,
chem-fx-kong-zhi-qi-ti-de-liu-su-ji-yong-liang-f69x05,CHEMISTRY,already_in,
chem-fx-ya-song-ye-ti-f69x06,CHEMISTRY,already_in,
chem-fx-cai-qu-jia-re-de-mu-f69x07,CHEMISTRY,already_in,
chem-fx-jie-da-wu-zhi-zhi-bei-zong-he-shi-yan-f69x08,CHEMISTRY,already_in,
chem-fx-shi-yan-kai-shi-shi-f69x09,CHEMISTRY,already_in,
chem-fx-you-ji-wu-zhi-bei-de-zhu-yi-yao-dian-f69x10,CHEMISTRY,already_in,
chem-fx-chang-jian-you-ji-wu-fen-li-ti-chun-de-f69x11,CHEMISTRY,already_in,
chem-fx-xi-qi-yong-yu-chu-qu-qi-ti-hun-he-wu-z-f69x12,CHEMISTRY,already_in,
chem-fx-yi-yi-qi-ming-cheng-he-zuo-yong-f69x13,CHEMISTRY,already_in,
chem-fx-guan-zhu-you-ji-fan-ying-tiao-jian-f69x14,CHEMISTRY,already_in,
chem-fx-xi-fu-jian-zai-you-ji-he-cheng-ye-jing-f69x15,CHEMISTRY,already_in,
chem-fx-dai-fan-ying-wan-cheng-hou-f69x16,CHEMISTRY,already_in,
chem-fx-ting-zhi-jia-re-f69x17,CHEMISTRY,already_in,
chem-fx-zhi-bei-die-dan-hua-na-f69x18,CHEMISTRY,already_in,
chem-fx-geng-huan-yi-qi-xiang-yi-qi-zhong-jia-f69x19,CHEMISTRY,already_in,
chem-fx-zhong-liang-fen-xi-fa-f70x01,CHEMISTRY,already_in,
chem-fx-zhong-liang-fen-xi-fa-de-guo-cheng-bao-f70x02,CHEMISTRY,already_in,
chem-fx-di-ding-fen-xi-fa-f70x03,CHEMISTRY,already_in,
chem-fx-gen-ju-biao-zhun-rong-ye-he-dai-ce-ron-f70x04,CHEMISTRY,already_in,
chem-fx-qi-ti-ti-ji-fa-f70x05,CHEMISTRY,already_in,
chem-fx-jian-jie-ce-liang-fa-f70x06,CHEMISTRY,already_in,
chem-fx-zhi-bei-guo-cheng-zhong-fan-ying-ti-xi-f70x07,CHEMISTRY,already_in,
chem-fx-que-ding-wu-zhi-zu-cheng-de-zhu-yi-shi-f70x08,CHEMISTRY,already_in,
chem-fx-ce-ding-shi-yan-zhong-yao-you-bei-ce-l-f70x09,CHEMISTRY,already_in,
chem-fx-qi-ti-chu-le-liang-qu-wai-f70x10,CHEMISTRY,already_in,
chem-fx-jiang-de-dao-de-rong-ye-yong-wu-hui-lv-f70x11,CHEMISTRY,already_in,
chem-fx-suan-jin-shi-zhuan-hua-wei-f70x12,CHEMISTRY,already_in,
chem-fx-wu-zhi-xing-zhi-tan-jiu-lei-shi-yan-de-f71x01,CHEMISTRY,already_in,
chem-fx-chen-dian-yong-yi-chun-xi-di-f71x02,CHEMISTRY,already_in,
chem-fx-chen-re-guo-lv-hou-f71x03,CHEMISTRY,already_in,
chem-fx-wen-du-bu-gao-yu-f71x04,CHEMISTRY,already_in,
chem-fx-jian-ya-zheng-liu-f71x05,CHEMISTRY,already_in,
chem-fx-zheng-fa-fan-ying-shi-de-qi-ti-fen-wei-f71x06,CHEMISTRY,already_in,
chem-fx-fan-ying-rong-qi-zhong-yong-bo-li-guan-f71x07,CHEMISTRY,already_in,
chem-fx-jie-da-chan-wu-que-ding-ti-de-si-lu-fe-f71x08,CHEMISTRY,already_in,
chem-fx-di-er-lei-f71x09,CHEMISTRY,already_in,
chem-fx-wen-zi-biao-shu-ti-de-ge-zhong-da-ti-g-f71x10,CHEMISTRY,already_in,
chem-fx-da-ti-yao-su-f71x11,CHEMISTRY,already_in,
chem-fx-de-fen-dian-ji-guan-jian-ci-f71x12,CHEMISTRY,already_in,
chem-fx-de-fen-dian-ji-guan-jian-ci-f71x13,CHEMISTRY,already_in,
chem-fx-de-fen-dian-ji-guan-jian-ci-f71x14,CHEMISTRY,already_in,
chem-fx-rong-ye-f71x15,CHEMISTRY,already_in,
chem-fx-shi-yan-suo-de-rong-ye-de-yan-se-bu-sh-f71x16,CHEMISTRY,already_in,
chem-fx-tie-ding-biao-mian-du-tong-f72x01,CHEMISTRY,already_in,
chem-fx-biao-zhun-nong-du-xi-yan-suan-di-ding-f72x02,CHEMISTRY,already_in,
chem-fx-chuan-tong-wen-hua-zhong-de-wu-zhi-zu-f73x01,CHEMISTRY,already_in,
chem-fx-cong-bian-hua-de-jiao-du-kao-cha-f73x02,CHEMISTRY,already_in,
chem-fx-kang-yang-hua-ji-f73x03,CHEMISTRY,already_in,
chem-fx-shi-pin-dai-nei-de-gan-zao-ji-f73x04,CHEMISTRY,already_in,
chem-fx-hua-xue-yu-yi-yao-f73x05,CHEMISTRY,already_in,
chem-fx-yi-yong-bei-can-ji-f73x06,CHEMISTRY,already_in,
chem-fx-jiang-wen-ma-zui-f73x07,CHEMISTRY,already_in,
chem-fx-chang-kao-hua-xue-chang-shi-ju-li-f73x08,CHEMISTRY,already_in,
chem-fx-pao-mo-mie-huo-qi-yuan-li-f73x09,CHEMISTRY,already_in,
chem-fx-jian-yan-shu-song-lv-qi-de-guan-dao-sh-f73x10,CHEMISTRY,already_in,
chem-fx-pu-tong-bo-li-f73x11,CHEMISTRY,already_in,
chem-fx-bo-li-xian-wei-f73x12,CHEMISTRY,already_in,
chem-fx-jin-xian-dai-de-cheng-jiu-f73x13,CHEMISTRY,already_in,
chem-fx-zao-zhi-shu-f73x14,CHEMISTRY,already_in,
chem-fx-zhong-guo-gu-dai-hua-xue-de-gong-yi-ji-f73x15,CHEMISTRY,already_in,
chem-fx-chang-kao-jing-dian-shi-ji-cai-liao-gu-f73x16,CHEMISTRY,already_in,
chem-fx-tian-gong-kai-wu-zhong-fan-shi-hui-jin-f73x17,CHEMISTRY,already_in,
chem-fx-fang-yang-hua-f74x01,CHEMISTRY,already_in,
chem-fx-fang-shui-jie-f74x02,CHEMISTRY,already_in,
chem-fx-shi-yong-yi-qi-f74x03,CHEMISTRY,already_in,
chem-fx-shi-zhi-de-shi-yong-f74x04,CHEMISTRY,already_in,
chem-fx-jian-yan-deng-ju-you-qiang-yang-hua-xi-f74x05,CHEMISTRY,already_in,
chem-fx-rong-qi-bi-shang-fu-zhuo-de-liu-f74x06,CHEMISTRY,already_in,
chem-fx-guo-lv-zhuang-zhi-de-tuo-zhan-chuang-x-f74x07,CHEMISTRY,already_in,
chem-fx-zheng-liu-cao-zuo-ji-zhu-yi-shi-xiang-f74x08,CHEMISTRY,already_in,
chem-fx-mao-xi-guan-lian-tong-da-qi-f74x09,CHEMISTRY,already_in,
chem-fx-cui-qu-yu-fan-cui-qu-f74x10,CHEMISTRY,already_in,
chem-fx-ye-ye-cui-qu-f74x11,CHEMISTRY,already_in,
chem-fx-chu-za-si-yuan-ze-he-si-zhu-yi-f74x12,CHEMISTRY,already_in,
chem-fx-entry-f74x13,CHEMISTRY,already_in,
chem-fx-shi-fou-zun-xun-dian-he-shou-heng-yu-z-f75x01,CHEMISTRY,already_in,
chem-fx-guan-cha-neng-fou-fa-sheng-yang-hua-hu-f75x02,CHEMISTRY,already_in,
chem-fx-liu-de-han-yang-suan-gen-you-hen-duo-f75x03,CHEMISTRY,already_in,
chem-fx-ken-ding-xing-yuan-ze-f76x01,CHEMISTRY,already_in,
chem-fx-dian-zhong-xing-yuan-ze-f76x02,CHEMISTRY,already_in,
chem-fx-entry-f76x03,CHEMISTRY,already_in,
chem-fx-entry-f76x04,CHEMISTRY,already_in,
chem-fx-entry-f76x05,CHEMISTRY,already_in,
chem-fx-xi-yan-suan-he-rong-ye-jia-f76x06,CHEMISTRY,already_in,
chem-fx-rong-ye-he-xi-yan-suan-jia-f76x07,CHEMISTRY,already_in,
chem-fx-xi-he-pin-hong-rong-ye-jia-f76x08,CHEMISTRY,already_in,
chem-fx-li-zi-gong-cun-de-ben-zhi-f76x09,CHEMISTRY,already_in,
chem-fx-pan-duan-li-zi-neng-fou-da-liang-gong-f76x10,CHEMISTRY,already_in,
chem-fx-er-xing-rong-ye-de-suan-jian-xing-f76x11,CHEMISTRY,already_in,
chem-fx-san-te-shu-f76x12,CHEMISTRY,already_in,
chem-fx-si-fan-ying-f76x13,CHEMISTRY,already_in,
chem-fx-xiang-hu-cu-jin-de-shui-jie-fan-ying-f76x14,CHEMISTRY,already_in,
chem-fx-ruo-xian-ding-rong-ye-wu-se-f76x15,CHEMISTRY,already_in,
chem-fx-rong-ye-suan-jian-xing-de-pan-duan-fan-f76x16,CHEMISTRY,already_in,
chem-fx-zhua-zhu-guan-jian-ci-yu-f76x17,CHEMISTRY,already_in,
chem-fx-mou-rong-ye-zhong-ke-neng-han-you-f76x18,CHEMISTRY,missing,
chem-fx-shi-yan-shi-yu-pei-zhi-yi-zhong-jin-ha-f76x19,CHEMISTRY,already_in,
chem-fx-xiang-mou-rong-ye-zhong-jia-rong-ye-f76x20,CHEMISTRY,missing,
chem-fx-mou-rong-ye-zhong-da-liang-cun-zai-yi-f76x21,CHEMISTRY,missing,
chem-fx-shi-yan-f76x22,CHEMISTRY,already_in,
chem-fx-mou-tou-ming-rong-ye-zhong-ke-neng-han-f76x23,CHEMISTRY,missing,
chem-fx-qu-shao-liang-gai-rong-ye-jia-rong-ye-f76x24,CHEMISTRY,already_in,
chem-fx-mou-rong-ye-zhong-jin-han-you-f76x25,CHEMISTRY,missing,
chem-fx-mou-wu-se-rong-ye-zhong-ke-neng-han-yo-f76x26,CHEMISTRY,missing,
chem-fx-mou-rong-ye-zhong-han-you-ru-biao-suo-f76x27,CHEMISTRY,already_in,
chem-fx-yi-ding-liang-rong-ye-yu-lv-qi-huan-ma-f76x28,CHEMISTRY,already_in,
chem-fx-you-yi-ping-cheng-qing-de-rong-ye-f76x29,CHEMISTRY,already_in,
chem-fx-mou-wu-se-rong-ye-zhong-han-you-f76x30,CHEMISTRY,already_in,
chem-fx-you-yi-ping-cheng-qing-de-rong-ye-f76x31,CHEMISTRY,already_in,
chem-fx-qu-shi-liang-de-dao-de-jian-xing-rong-f76x32,CHEMISTRY,already_in,
chem-fx-rong-ye-zhong-cun-zai-f76x33,CHEMISTRY,already_in,
chem-fx-li-yong-hua-xue-yuan-li-ke-yi-dui-gong-f76x34,CHEMISTRY,already_in,
chem-fx-qu-shao-liang-rong-ye-f76x35,CHEMISTRY,already_in,
chem-fx-xian-qu-san-fen-gai-rong-ye-ge-f76x36,CHEMISTRY,already_in,
chem-fx-guan-yu-de-ji-suan-yu-tui-duan-f77x01,CHEMISTRY,already_in,
chem-fx-jie-ti-si-lu-dian-bo-f77x02,CHEMISTRY,already_in,
chem-fx-an-shi-qi-ta-han-an-hua-he-wu-de-sheng-f78x01,CHEMISTRY,already_in,
chem-fx-pei-wei-hua-he-wu-f78x02,CHEMISTRY,already_in,
chem-fx-pei-wei-yuan-zi-f78x03,CHEMISTRY,already_in,
chem-fx-zhong-xin-li-zi-f78x04,CHEMISTRY,already_in,
chem-fx-pei-wei-shu-f78x05,CHEMISTRY,already_in,
chem-fx-pei-li-zi-f78x06,CHEMISTRY,already_in,
chem-fx-pei-he-wu-de-sheng-cheng-shi-yan-tan-j-f78x07,CHEMISTRY,already_in,
chem-fx-yan-se-de-gai-bian-f78x08,CHEMISTRY,already_in,
chem-fx-wen-ding-xing-gai-bian-f78x09,CHEMISTRY,already_in,
chem-fx-jia-ceng-dian-zi-dui-zhi-jian-xiang-hu-f79x01,CHEMISTRY,already_in,
chem-fx-gu-dian-zi-dui-dui-jian-jiao-ying-xian-f79x02,CHEMISTRY,already_in,
chem-fx-zhong-xin-yuan-zi-bu-tong-f79x03,CHEMISTRY,already_in,
chem-fx-zhong-xin-yuan-zi-ji-gu-dian-zi-dui-sh-f79x04,CHEMISTRY,already_in,
chem-fx-san-jian-shuang-jian-dan-jian-zhi-jian-f79x05,CHEMISTRY,already_in,
chem-fx-pei-ti-ti-ji-dui-jian-jiao-de-ying-xia-f79x06,CHEMISTRY,already_in,
chem-fx-you-ji-shi-ji-cui-qu-fa-sheng-f79x07,CHEMISTRY,already_in,
chem-fx-xing-cheng-tiao-jian-f80x01,CHEMISTRY,already_in,
chem-fx-biao-da-shi-f80x02,CHEMISTRY,already_in,
chem-fx-yi-ban-pan-duan-f80x03,CHEMISTRY,already_in,
chem-fx-zhi-de-ji-suan-f80x04,CHEMISTRY,already_in,
chem-fx-entry-f80x05,CHEMISTRY,already_in,
chem-fx-tong-li-f80x06,CHEMISTRY,already_in,
chem-fx-yuan-zi-de-dian-zi-shi-wei-f80x07,CHEMISTRY,already_in,
chem-fx-yuan-zi-de-dian-zi-shi-wei-f80x08,CHEMISTRY,already_in,
chem-fx-yu-hu-wei-deng-dian-zi-ti-f80x09,CHEMISTRY,already_in,
chem-fx-zhong-zuo-f80x10,CHEMISTRY,already_in,
chem-mo-fenzi-jiegou-ceding-yiqi,CHEMISTRY,already_in,
chem-mo-vsepr-jiaceng-dianziduishu-jisuan,CHEMISTRY,already_in,
chem-mo-vsepr-moxing-duiying,CHEMISTRY,already_in,
chem-mo-vsepr-yuceliujian-sibufa,CHEMISTRY,already_in,
chem-mo-gudianzi-paichi-yu-jianjiao,CHEMISTRY,already_in,
chem-mo-vsepr-yu-shiji-kongjian-qubie,CHEMISTRY,already_in,
chem-mo-zahua-guidao-lilun-yaodian,CHEMISTRY,already_in,
chem-mo-zahua-leixing-panduan,CHEMISTRY,already_in,
chem-mo-changjian-weili-kongjian-biao,CHEMISTRY,already_in,
chem-mo-han-d-guidao-zahua,CHEMISTRY,already_in,
chem-mo-tansu-tongsu-yixingti-zahua,CHEMISTRY,already_in,
chem-mo-peiweijian-shuyu-sigma,CHEMISTRY,already_in,
chem-mo-huaxue-yongyu-shen-ti-sanbu,CHEMISTRY,already_in,
chem-mo-yuanzi-jiegou-biaoshifangfa,CHEMISTRY,already_in,
chem-mo-sp-guidao-xingzhuang,CHEMISTRY,already_in,
chem-mo-dianzishi-shuxie-guize,CHEMISTRY,already_in,
chem-mo-hewaidianzi-paibu-biaoshi,CHEMISTRY,already_in,
chem-mo-sigma-pi-jian-zucheng,CHEMISTRY,already_in,
chem-mo-jianjixing-gouxing-fenzijixing,CHEMISTRY,already_in,
chem-mo-youji-jiegou-biaoshifangfa,CHEMISTRY,already_in,
chem-mo-shuihelizi-jiegou,CHEMISTRY,already_in,
chem-mo-na-ti-sanbu-shenfa,CHEMISTRY,already_in,
chem-mo-qiti-ermoerjiti-shiyong,CHEMISTRY,already_in,
chem-mo-fenzi-leixing-weili-shumu,CHEMISTRY,already_in,
chem-mo-yimol-gongjiajian-shumu,CHEMISTRY,already_in,
chem-mo-kerni-nongdu-na-xianjing,CHEMISTRY,already_in,
chem-mo-rongye-weili-na-xianjing,CHEMISTRY,already_in,
chem-mo-dianxing-fanying-dianzi-zhuanyi,CHEMISTRY,already_in,
chem-mo-hunhewu-na-jisuan,CHEMISTRY,already_in,
chem-mo-yanghuan-shunxu-yongliang,CHEMISTRY,already_in,
chem-mo-bing-qingjian-shumu,CHEMISTRY,already_in,
chem-mo-dengdianziti,CHEMISTRY,already_in,
chem-mo-fangchengshi-zhengwu-qicha,CHEMISTRY,already_in,
chem-mo-chaixie-guize,CHEMISTRY,already_in,
chem-mo-yongliang-sanjishu,CHEMISTRY,already_in,
chem-mo-feiyanghua-fenbushu-xiefa,CHEMISTRY,already_in,
chem-mo-yanghuan-yihun-dian,CHEMISTRY,already_in,
chem-mo-yanghuaji-huanyuanji-chandn-biao,CHEMISTRY,already_in,
chem-mo-shengchengwu-panduan-sanfa,CHEMISTRY,already_in,
chem-mo-qiangruo-guilv,CHEMISTRY,already_in,
chem-mo-yingxiang-qiangruo-yinsu,CHEMISTRY,already_in,
chem-mo-jiagui-guilv,CHEMISTRY,already_in,
chem-mo-sanshouheng-dianzishouheng,CHEMISTRY,already_in,
chem-mo-peiping-sanleixing,CHEMISTRY,already_in,
chem-mo-mosheng-yanghuan-sibufa,CHEMISTRY,already_in,
chem-textbook-methane-structure,CHEMISTRY,already_in,
chem-textbook-methane-physical,CHEMISTRY,already_in,
chem-textbook-methane-combustion,CHEMISTRY,already_in,
chem-textbook-methane-substitution,CHEMISTRY,already_in,
chem-textbook-organic-definition,CHEMISTRY,already_in,
chem-textbook-alkane-series,CHEMISTRY,already_in,
chem-textbook-homolog-isomer,CHEMISTRY,already_in,
bio-plasmolysis-curve-declining,BIOLOGY,already_in,
bio-plasmolysis-curve-dip-recover,BIOLOGY,already_in,
bio-plasmolysis-curve-plateau-balance,BIOLOGY,already_in,
bio-plasmolysis-curve-rising-hypotonic,BIOLOGY,already_in,
bio-plasmolysis-curve-final-length-compare,BIOLOGY,already_in,
bio-plasmolysis-death-verification,BIOLOGY,already_in,
bio-plasmolysis-applicable-cells,BIOLOGY,already_in,
bio-active-transport-against-gradient,BIOLOGY,already_in,
bio-atp-driven-pump,BIOLOGY,already_in,
bio-cotransporter-electrochemical-gradient,BIOLOGY,already_in,
bio-light-driven-pump,BIOLOGY,already_in,
bio-pump-inhibition-coupled-impact,BIOLOGY,already_in,
bio-respiration-o2-consumed-aerobic,BIOLOGY,already_in,
bio-respiration-water-produced-aerobic,BIOLOGY,already_in,
bio-respiration-alcohol-lactate-anaerobic,BIOLOGY,already_in,
bio-respiration-co2-three-possibilities,BIOLOGY,already_in,
bio-respiration-no-co2-anaerobic-lactate,BIOLOGY,already_in,
bio-respiration-ratio-1-6-6-aerobic-only,BIOLOGY,already_in,
bio-respiration-ratio-1-2-2-alcohol-only,BIOLOGY,already_in,
bio-respiration-o2-equals-co2-mixed,BIOLOGY,already_in,
bio-respiration-glucose-lactate-1-2,BIOLOGY,already_in,
bio-respiration-fat-substrate-oxygen-excess,BIOLOGY,already_in,
bio-respiration-site-based-judgment,BIOLOGY,already_in,
bio-etc-oxygen-terminal-acceptor,BIOLOGY,already_in,
bio-etc-proton-gradient-establishment,BIOLOGY,already_in,
bio-atp-synthase-proton-reflux,BIOLOGY,already_in,
bio-etc-inhibitor-effect,BIOLOGY,already_in,
bio-uncoupler-effect,BIOLOGY,already_in,
bio-oxygen-zero-anaerobic-only,BIOLOGY,already_in,
bio-oxygen-below10-both-respirations,BIOLOGY,already_in,
bio-oxygen-above10-aerobic-only-crossover,BIOLOGY,already_in,
bio-respiration-optimal-storage-point,BIOLOGY,already_in,
bio-storage-low-o2-high-co2-low-temp,BIOLOGY,already_in,
bio-c4-mesophyll-initial-fixation,BIOLOGY,already_in,
bio-c4-bundle-sheath-release,BIOLOGY,already_in,
bio-c4-suppresses-photorespiration,BIOLOGY,already_in,
bio-cam-night-fixation-storage,BIOLOGY,already_in,
bio-cam-daytime-release-stomata-closed,BIOLOGY,already_in,
bio-cam-drought-adaptation,BIOLOGY,already_in,
bio-c3-c4-cam-type-judgment,BIOLOGY,already_in,
bio-rubisco-dual-activity,BIOLOGY,already_in,
bio-photorespiration-consumes-energy,BIOLOGY,already_in,
bio-photorespiration-o2-co2-dependence,BIOLOGY,already_in,
bio-co2-fertilization-suppress-photorespiration,BIOLOGY,already_in,
bio-photorespiration-protective-role,BIOLOGY,already_in,
bio-photoinhibition-excess-light-damage,BIOLOGY,already_in,
bio-photoinhibition-ros-generation,BIOLOGY,already_in,
bio-photoinhibition-d1-inactivation,BIOLOGY,already_in,
bio-photoprotection-heat-dissipation,BIOLOGY,already_in,
bio-photoprotection-ros-scavenging,BIOLOGY,already_in,
bio-photoprotection-d1-repair,BIOLOGY,already_in,
bio-chlorophyll-increase-worsens-photoinhibition,BIOLOGY,already_in,
bio-rate-curve-zero-light-negative,BIOLOGY,already_in,
bio-rate-curve-zero-light-zero-gross,BIOLOGY,already_in,
bio-rate-keyword-fixation-utilization,BIOLOGY,already_in,
bio-rate-keyword-dark-release-absorb,BIOLOGY,already_in,
bio-rate-keyword-light-absorb-release-accumulate,BIOLOGY,already_in,
bio-formula-actual-o2-production,BIOLOGY,already_in,
bio-formula-actual-co2-consumption,BIOLOGY,already_in,
bio-formula-glucose-accumulation,BIOLOGY,already_in,
bio-compensation-point-respiration-increase,BIOLOGY,already_in,
bio-compensation-point-photosynthesis-decrease,BIOLOGY,already_in,
bio-saturation-point-photosynthesis-increase,BIOLOGY,already_in,
bio-diurnal-dawn-respiration-valley,BIOLOGY,already_in,
bio-diurnal-start-light-compensation-crossing,BIOLOGY,already_in,
bio-diurnal-noon-depression-stomata,BIOLOGY,already_in,
bio-diurnal-sunset-stop-photosynthesis,BIOLOGY,already_in,
bio-diurnal-organic-matter-area-method,BIOLOGY,already_in,
bio-closed-chamber-co2-drop-means-net-photosynthesis,BIOLOGY,already_in,
bio-closed-chamber-area-sign-convention,BIOLOGY,already_in,
bio-axis-confirmation-open-vs-closed,BIOLOGY,already_in,
bio-selfing-n-heterozygote-ratio,BIOLOGY,already_in,
bio-selfing-n-homozygote-ratio,BIOLOGY,already_in,
bio-selfing-n-phenotype-ratio,BIOLOGY,already_in,
bio-selfing-eliminating-recessive-heterozygote,BIOLOGY,already_in,
bio-selfing-eliminating-recessive-dominant-homozygote,BIOLOGY,already_in,
bio-random-mating-gamete-method,BIOLOGY,already_in,
bio-random-mating-hardy-weinberg,BIOLOGY,already_in,
bio-random-mating-after-selection-recalculate,BIOLOGY,already_in,
bio-ratio-9-7-entry,BIOLOGY,already_in,
bio-ratio-9-3-4-entry,BIOLOGY,already_in,
bio-ratio-9-6-1-entry,BIOLOGY,already_in,
bio-ratio-15-1-entry,BIOLOGY,already_in,
bio-ratio-13-3-entry,BIOLOGY,already_in,
bio-special-ratio-general-strategy,BIOLOGY,already_in,
bio-ratio-sum-below16-lethal,BIOLOGY,already_in,
bio-lethal-AA-and-BB-4-2-2-1,BIOLOGY,missing,
bio-lethal-AA-or-BB-6-3-2-1,BIOLOGY,missing,
bio-lethal-aabb-double-recessive-9-3-3,BIOLOGY,already_in,
bio-lethal-single-recessive-9-3-1,BIOLOGY,already_in,
bio-lethal-gamete-AB-5-3-3-1,BIOLOGY,missing,
bio-lethal-gamete-Ab-aB-7-1-3-1,BIOLOGY,missing,
bio-lethal-gamete-ab-4-1-1,BIOLOGY,already_in,
bio-sex-linked-pollen-all-lethal,BIOLOGY,already_in,
bio-sex-linked-pollen-half-lethal,BIOLOGY,already_in,
bio-sex-linked-xaxa-female-lethal,BIOLOGY,already_in,
bio-lethal-split-and-combine-strategy,BIOLOGY,already_in,
bio-dominance-by-pure-cross,BIOLOGY,already_in,
bio-location-reciprocal-cross-consistency,BIOLOGY,already_in,
bio-location-father-to-son-criterion,BIOLOGY,already_in,
bio-location-recessive-female-dominant-male,BIOLOGY,already_in,
bio-location-by-selfing-testcross-ratios,BIOLOGY,already_in,
bio-location-known-gene-reciprocal,BIOLOGY,already_in,
bio-location-marker-cosegregation-entry,BIOLOGY,already_in,
bio-location-trisomic-1-1,BIOLOGY,already_in,
bio-location-monosomic-1-1,BIOLOGY,already_in,
bio-location-deletion-pseudodominance,BIOLOGY,already_in,
bio-pedigree-no-middle-to-recessive,BIOLOGY,already_in,
bio-pedigree-has-middle-to-dominant,BIOLOGY,already_in,
bio-pedigree-recessive-location,BIOLOGY,already_in,
bio-pedigree-dominant-location,BIOLOGY,already_in,
bio-pedigree-y-linked,BIOLOGY,already_in,
bio-pedigree-cytoplasmic-inheritance,BIOLOGY,already_in,
bio-gel-electrophoresis-principle,BIOLOGY,already_in,
bio-gel-electrophoresis-genotype-reading,BIOLOGY,already_in,
bio-pcr-prenatal-advantages,BIOLOGY,already_in,
bio-consanguinity-risk-formula,BIOLOGY,already_in,
bio-consanguinity-multiplier,BIOLOGY,already_in,
bio-replication-semiconservative,BIOLOGY,already_in,
bio-replication-5-to-3-semidiscontinuous,BIOLOGY,already_in,
bio-replication-unwind-while-replicating,BIOLOGY,already_in,
bio-replication-primer-reason,BIOLOGY,already_in,
bio-replication-origin-definition,BIOLOGY,already_in,
bio-replication-bidirectional,BIOLOGY,already_in,
bio-replication-eukaryote-multi-origin,BIOLOGY,already_in,
bio-replication-prokaryote-circular-single-origin,BIOLOGY,already_in,
bio-replication-bubble-graph-reading,BIOLOGY,already_in,
bio-prokaryote-transcription-translation-coupled,BIOLOGY,already_in,
bio-lac-operon-mechanism,BIOLOGY,already_in,
bio-mirna-repression-mechanism,BIOLOGY,already_in,
bio-circrna-sponge-mechanism,BIOLOGY,already_in,
bio-rna-interference-therapy-design,BIOLOGY,already_in,
bio-dominant-mutation-judgment,BIOLOGY,already_in,
bio-recessive-mutation-judgment,BIOLOGY,already_in,
bio-microscope-visibility-criterion,BIOLOGY,already_in,
bio-deletion-pseudodominance-judgment,BIOLOGY,already_in,
bio-recombination-time-source-result,BIOLOGY,already_in,
bio-mutation-time-source-result,BIOLOGY,already_in,
bio-chromosomal-variation-time-result,BIOLOGY,already_in,
bio-colchicine-mechanism,BIOLOGY,already_in,
bio-polyploid-traits,BIOLOGY,already_in,
bio-haploid-breeding-shortens-years,BIOLOGY,already_in,
bio-cross-breeding-procedure,BIOLOGY,already_in,
bio-mutation-breeding-features,BIOLOGY,already_in,
bio-gene-engineering-four-elements,BIOLOGY,already_in,
bio-somatic-hybridization-flow,BIOLOGY,already_in,
bio-breeding-selection-by-keyword,BIOLOGY,already_in,
bio-resting-potential-k-outflow,BIOLOGY,already_in,
bio-intracellular-fixed-anions,BIOLOGY,already_in,
bio-action-potential-na-influx,BIOLOGY,already_in,
bio-action-potential-amplitude-channel-count,BIOLOGY,already_in,
bio-repolarization-k-efflux,BIOLOGY,already_in,
bio-na-k-pump-maintains-gradient,BIOLOGY,already_in,
bio-potential-curve-segment-mapping,BIOLOGY,already_in,
bio-hypoxia-weakens-pump,BIOLOGY,already_in,
bio-synaptic-abnormal-four-links,BIOLOGY,already_in,
bio-synapse-unidirectional,BIOLOGY,already_in,
bio-hierarchical-regulation-axis,BIOLOGY,already_in,
bio-hierarchical-amplify-significance,BIOLOGY,already_in,
bio-negative-feedback-corrects-deviation,BIOLOGY,already_in,
bio-positive-feedback-amplifies-deviation,BIOLOGY,already_in,
bio-ablation-method-hormone-study,BIOLOGY,already_in,
bio-injection-method-scope,BIOLOGY,already_in,
bio-feeding-method-scope,BIOLOGY,already_in,
bio-hormone-experiment-controls,BIOLOGY,already_in,
bio-hormone-experiment-variables,BIOLOGY,already_in,
bio-hormone-experiment-endogenous-exclusion,BIOLOGY,already_in,
bio-hypothalamus-thermoregulation-center,BIOLOGY,already_in,
bio-hypothalamus-osmoreceptor-adh,BIOLOGY,already_in,
bio-thirst-cerebral-cortex,BIOLOGY,already_in,
bio-hypothalamus-glucose-center,BIOLOGY,already_in,
bio-hypothalamus-endocrine-hub,BIOLOGY,already_in,
bio-hypothalamus-circadian-rhythm,BIOLOGY,already_in,
bio-hypothalamus-removal-dehydration,BIOLOGY,already_in,
bio-primer-specificity-single-band,BIOLOGY,already_in,
bio-primer-self-complement-hairpin,BIOLOGY,already_in,
bio-primer-pair-complement-dimer,BIOLOGY,already_in,
bio-primer-directionality-two-primers,BIOLOGY,already_in,
bio-pcr-primer-add-restriction-site,BIOLOGY,already_in,
bio-inverse-pcr-unknown-flanking,BIOLOGY,already_in,
bio-overlap-extension-pcr-site-mutagenesis,BIOLOGY,already_in,
bio-qpcr-taqman-probe-principle,BIOLOGY,already_in,
bio-rt-pcr-principle,BIOLOGY,already_in,
bio-nested-pcr-two-rounds,BIOLOGY,already_in,
bio-double-digest-directional-cloning,BIOLOGY,already_in,
bio-homologous-recombination-cloning,BIOLOGY,already_in,
bio-crispr-cas9-mechanism,BIOLOGY,already_in,
bio-crispr-cas9-applications,BIOLOGY,already_in,
bio-exp-goal-sentence-pattern,BIOLOGY,already_in,
bio-exp-independent-variable-manipulation,BIOLOGY,already_in,
bio-exp-control-types,BIOLOGY,already_in,
bio-exp-irrelevant-variables-constant,BIOLOGY,already_in,
bio-exp-dependent-variable-measurement,BIOLOGY,already_in,
bio-exp-principle-three-sources,BIOLOGY,already_in,
bio-exp-material-determines-design,BIOLOGY,already_in,
bio-info-extraction-text,BIOLOGY,already_in,
bio-info-extraction-table,BIOLOGY,already_in,
bio-info-extraction-curve,BIOLOGY,already_in,
bio-info-extraction-bar-chart,BIOLOGY,already_in,
bio-concept-question-routine,BIOLOGY,already_in,
bio-long-answer-principle-based,BIOLOGY,already_in,
bio-long-answer-experiment-conclusion,BIOLOGY,already_in,
bio-osmosis-water-through-membrane,BIOLOGY,already_in,
bio-osmosis-conditions,BIOLOGY,already_in,
bio-protoplast-layer-semipermeable,BIOLOGY,already_in,
bio-cell-wall-fully-transparent,BIOLOGY,already_in,
bio-plasmolysis-happens,BIOLOGY,already_in,
bio-plasmolysis-recovery-happens,BIOLOGY,already_in,
bio-plasmolysis-automatic-recovery-substances,BIOLOGY,already_in,
bio-plasmolysis-sucrose-no-recovery,BIOLOGY,already_in,
bio-animal-cell-hypertonic-shrink,BIOLOGY,already_in,
bio-facilitated-diffusion-carrier,BIOLOGY,already_in,
bio-free-diffusion-simple,BIOLOGY,already_in,
bio-channels-vs-carriers,BIOLOGY,already_in,
bio-membrane-selectivity,BIOLOGY,already_in,
bio-osmotic-pressure-microsolutes,BIOLOGY,already_in,
bio-photorespiration-definition,BIOLOGY,already_in,
bio-photorespiration-sites,BIOLOGY,already_in,
bio-photorespiration-nature-emphasis,BIOLOGY,already_in,
bio-photoinhibition-3-links,BIOLOGY,already_in,
bio-compensation-point-shift-rule,BIOLOGY,already_in,
bio-selfing-each-generation-formula,BIOLOGY,already_in,
bio-phenotype-ratio-16-family,BIOLOGY,already_in,
bio-ratio-sum16-rule,BIOLOGY,already_in,
bio-pedigree-x-recessive-features,BIOLOGY,already_in,
bio-pedigree-x-dominant-features,BIOLOGY,already_in,
bio-replication-substitution-difference,BIOLOGY,already_in,
bio-c4-polyethylene-glycol-leak,BIOLOGY,already_in,
bio-c4-pepc-affinity,BIOLOGY,already_in,
bio-cam-stomata-diurnal,BIOLOGY,already_in,
bio-c3-plants-pertinent,BIOLOGY,already_in,
bio-c4-plant-yield-no-noon-rest,BIOLOGY,already_in,
bio-nadp-deficient-electron-to-o2,BIOLOGY,already_in,
bio-ros-attack-membrane-protein,BIOLOGY,already_in,
bio-photosynthetic-saturation-define,BIOLOGY,already_in,
bio-photosynthetic-dawn-reading,BIOLOGY,already_in,
bio-shade-plant-adapted-photosynthetic,BIOLOGY,already_in,
bio-rate-equation-carbon-relation,BIOLOGY,already_in,
bio-respiration-rate-by-curve-tangent,BIOLOGY,already_in,
bio-selfing-homozygote-ratio,BIOLOGY,already_in,
bio-free-mating-allele-frequency,BIOLOGY,already_in,
bio-glycolysis-site-process,BIOLOGY,already_in,
bio-aerobic-second-stage-mitochondrial-matrix,BIOLOGY,already_in,
bio-aerobic-third-stage-site,BIOLOGY,already_in,
bio-anaerobic-alcoholic-fermentation,BIOLOGY,already_in,
bio-anaerobic-lactic-fermentation,BIOLOGY,already_in,
bio-respiratory-abnormal-fat-substrate,BIOLOGY,already_in,
bio-atp-produced-site-count,BIOLOGY,already_in,
bio-per-measure-homeostasis,BIOLOGY,already_in,
bio-pk-origin,BIOLOGY,already_in,
bio-humoral-regulation,BIOLOGY,already_in,
bio-sodium-preserving,BIOLOGY,already_in,
bio-hypothalamus-temp-sensor,BIOLOGY,already_in,
bio-adrenal-cortex-glucocorticoid,BIOLOGY,already_in,
bio-growth-hormone-gh,BIOLOGY,already_in,
bio-monoclonal-antibody-definition,BIOLOGY,already_in,
bio-hybridoma-cell,BIOLOGY,already_in,
bio-hat-medium-selection,BIOLOGY,already_in,
bio-antibody-clone-selection-second,BIOLOGY,already_in,
bio-tumor-immunology-pd1,BIOLOGY,already_in,
bio-tumor-immunotherapy-pd1-blockade,BIOLOGY,already_in,
bio-immunity-specific-defense,BIOLOGY,already_in,
bio-exp-thalassemia-interpretation,BIOLOGY,already_in,
bio-synapse-structure,BIOLOGY,already_in,
bio-synaptic-transmission-steps,BIOLOGY,already_in,
bio-excitatory-inhibitory-neurotransmitters,BIOLOGY,already_in,
bio-neurotransmitter-clearance,BIOLOGY,already_in,
bio-sodium-potassium-pump-first-splice,BIOLOGY,already_in,
bio-excitatory-conduction-fiber,BIOLOGY,already_in,
bio-reflex-arc-composition,BIOLOGY,already_in,
bio-immunity-10-days-antibody,BIOLOGY,already_in,
bio-immunity-secondary-immune,BIOLOGY,already_in,
bio-serum-treatment,BIOLOGY,already_in,
bio-vaccine-principle,BIOLOGY,already_in,
bio-recombination-meiosis-1,BIOLOGY,already_in,
bio-gene-mutation-role-positive,BIOLOGY,already_in,
bio-gene-mutation-realization,BIOLOGY,already_in,
bio-j-shaped-growth,BIOLOGY,already_in,
bio-s-shaped-growth,BIOLOGY,already_in,
bio-k-value-max-rate,BIOLOGY,already_in,
bio-k-value-utilization,BIOLOGY,already_in,
bio-logistic-curve-vs-rate-curve,BIOLOGY,already_in,
bio-energy-flow-direction,BIOLOGY,already_in,
bio-energy-assimilation-issue,BIOLOGY,already_in,
bio-energy-transfer-efficiency,BIOLOGY,already_in,
bio-energy-ecological-pyramid,BIOLOGY,already_in,
bio-co2-exchange-ecosystem,BIOLOGY,already_in,
bio-predator-prey-relationship,BIOLOGY,already_in,
bio-biology-ecology-trim,BIOLOGY,already_in,
bio-auxin-gravitropism-roots,BIOLOGY,already_in,
bio-auxin-shoot-anti-gravity,BIOLOGY,already_in,
bio-mark-recapture-method,BIOLOGY,already_in,
bio-sample-method-plants,BIOLOGY,already_in,
bio-population-density-concept,BIOLOGY,already_in,
bio-population-demography,BIOLOGY,already_in,
bio-age-structure-types,BIOLOGY,already_in,
bio-biodiversity-three-levels,BIOLOGY,already_in,
bio-ecology-protection-measures,BIOLOGY,already_in,
bio-kb-cell-theory-founders,BIOLOGY,already_in,
bio-kb-cell-theory-main-points,BIOLOGY,already_in,
bio-kb-cell-theory-significance,BIOLOGY,already_in,
bio-kb-cell-theory-scope-judgment,BIOLOGY,already_in,
bio-kb-induction-method,BIOLOGY,already_in,
bio-kb-life-system-levels-order,BIOLOGY,already_in,
bio-kb-population-definition,BIOLOGY,already_in,
bio-kb-community-definition,BIOLOGY,already_in,
bio-kb-ecosystem-definition,BIOLOGY,already_in,
bio-kb-unicellular-and-plant-level-special,BIOLOGY,already_in,
bio-kb-virus-not-in-life-system,BIOLOGY,already_in,
bio-kb-prok-euk-classification-criteria,BIOLOGY,already_in,
bio-kb-prokaryote-cell-structure,BIOLOGY,already_in,
bio-kb-cyanobacteria-features,BIOLOGY,already_in,
bio-kb-prok-euk-unity,BIOLOGY,already_in,
bio-kb-cell-wall-components-compare,BIOLOGY,already_in,
bio-kb-prok-euk-organelle-and-replication-diff,BIOLOGY,already_in,
bio-kb-mycoplasma-features,BIOLOGY,already_in,
bio-kb-cell-diversity-causes,BIOLOGY,already_in,
bio-kb-cell-unity-five-aspects,BIOLOGY,already_in,
bio-kb-microscope-high-power-steps,BIOLOGY,already_in,
bio-kb-lens-length-magnification,BIOLOGY,already_in,
bio-kb-microscope-image-shift-rule,BIOLOGY,already_in,
bio-kb-magnification-cell-number-calc,BIOLOGY,already_in,
bio-kb-virus-structure-nucleic-acid,BIOLOGY,already_in,
bio-kb-virus-classification-host-specificity,BIOLOGY,already_in,
bio-kb-phage-replication-steps,BIOLOGY,already_in,
bio-kb-mature-rbc-traits,BIOLOGY,already_in,
bio-kb-unicellular-prok-euk-judgment,BIOLOGY,already_in,
bio-kb-elements-macro-micro-classification,BIOLOGY,already_in,
bio-kb-element-and-compound-weight-judgment,BIOLOGY,already_in,
bio-kb-bio-nature-element-unity-difference,BIOLOGY,already_in,
bio-kb-compound-main-elements,BIOLOGY,already_in,
bio-kb-water-polarity-and-properties,BIOLOGY,already_in,
bio-kb-water-functions,BIOLOGY,already_in,
bio-kb-free-water-and-bound-water,BIOLOGY,already_in,
bio-kb-free-bound-water-ratio-meaning,BIOLOGY,already_in,
bio-kb-inorganic-salt-existence-and-content,BIOLOGY,already_in,
bio-kb-inorganic-salt-functions,BIOLOGY,already_in,
bio-kb-essential-element-solution-culture,BIOLOGY,already_in,
bio-kb-fehling-reagent-reducing-sugar,BIOLOGY,already_in,
bio-kb-sudan-iii-fat-detection,BIOLOGY,already_in,
bio-kb-biuret-protein-detection,BIOLOGY,already_in,
bio-kb-fehling-vs-biuret-reagents,BIOLOGY,already_in,
bio-kb-sugar-classification-overview,BIOLOGY,already_in,
bio-kb-monosaccharide-types-distribution,BIOLOGY,already_in,
bio-kb-disaccharide-types-distribution,BIOLOGY,already_in,
bio-kb-polysaccharide-types-functions,BIOLOGY,already_in,
bio-kb-sugar-not-all-reducing-energy,BIOLOGY,already_in,
bio-kb-lipid-elements-and-solubility,BIOLOGY,already_in,
bio-kb-fat-structure-and-functions,BIOLOGY,already_in,
bio-kb-saturated-unsaturated-fatty-acid,BIOLOGY,already_in,
bio-kb-phospholipid-structure-function,BIOLOGY,already_in,
bio-kb-sterol-types-functions,BIOLOGY,already_in,
bio-kb-fat-not-biomacromolecule,BIOLOGY,already_in,
bio-kb-sudan-iii-only-stains-fat,BIOLOGY,already_in,
bio-kb-sugar-fat-conversion-asymmetry,BIOLOGY,already_in,
bio-kb-oilseed-germination-dry-weight,BIOLOGY,already_in,
bio-kb-fat-vs-sugar-as-main-energy,BIOLOGY,already_in,
bio-kb-amino-acid-structure-features,BIOLOGY,already_in,
bio-kb-amino-acid-types-essential,BIOLOGY,already_in,
bio-kb-dehydration-condensation-peptide-bond,BIOLOGY,already_in,
bio-kb-polypeptide-vs-protein,BIOLOGY,already_in,
bio-kb-protein-structure-hierarchy,BIOLOGY,already_in,
bio-kb-protein-diversity-causes,BIOLOGY,already_in,
bio-kb-protein-denaturation-essence,BIOLOGY,already_in,
bio-kb-protein-five-functions,BIOLOGY,already_in,
bio-kb-peptide-bond-water-calc,BIOLOGY,already_in,
bio-kb-free-amino-carboxyl-calc,BIOLOGY,already_in,
bio-kb-peptide-atom-count,BIOLOGY,already_in,
bio-kb-gene-mrna-amino-acid-ratio,BIOLOGY,already_in,
bio-kb-peptide-hydrolysis-calc,BIOLOGY,already_in,
bio-kb-nucleic-acid-types-distribution,BIOLOGY,already_in,
bio-kb-nucleotide-composition-dna-rna,BIOLOGY,already_in,
bio-kb-genetic-material-per-organism,BIOLOGY,already_in,
bio-kb-nucleic-acid-hydrolysis-products,BIOLOGY,already_in,
bio-kb-rna-multiple-functions,BIOLOGY,already_in,
bio-kb-nucleic-acid-diversity-cause,BIOLOGY,already_in,
bio-kb-biomacromolecule-carbon-skeleton,BIOLOGY,already_in,
bio-kb-cell-membrane-discovery-history,BIOLOGY,already_in,
bio-kb-plasma-membrane-preparation-method,BIOLOGY,already_in,
bio-kb-membrane-components-features,BIOLOGY,already_in,
bio-kb-fluid-mosaic-model-content,BIOLOGY,already_in,
bio-kb-membrane-fluidity-examples,BIOLOGY,already_in,
bio-kb-membrane-three-main-functions,BIOLOGY,already_in,
bio-kb-cell-communication-three-ways,BIOLOGY,already_in,
bio-kb-membrane-protein-five-types,BIOLOGY,already_in,
bio-kb-plant-cell-wall-traits,BIOLOGY,already_in,
bio-kb-nucleus-distribution-exception,BIOLOGY,already_in,
bio-kb-nuclear-pore-function-features,BIOLOGY,already_in,
bio-kb-chromatin-chromosome-same-substance,BIOLOGY,already_in,
bio-kb-nucleus-function-core,BIOLOGY,already_in,
bio-kb-nucleus-control-experiments,BIOLOGY,already_in,
bio-kb-model-construction-types,BIOLOGY,already_in,
bio-kb-nucleus-misconception-judgments,BIOLOGY,already_in,
bio-kb-cytoplasm-matrix-and-cytoskeleton,BIOLOGY,already_in,
bio-kb-differential-centrifugation-method,BIOLOGY,already_in,
bio-kb-mitochondria-structure-function,BIOLOGY,already_in,
bio-kb-chloroplast-structure-function,BIOLOGY,already_in,
bio-kb-endoplasmic-reticulum-function,BIOLOGY,already_in,
bio-kb-golgi-apparatus-function,BIOLOGY,already_in,
bio-kb-lysosome-vacuole-functions,BIOLOGY,already_in,
bio-kb-ribosome-centrosome-structure,BIOLOGY,already_in,
bio-kb-organelle-membrane-classification,BIOLOGY,already_in,
bio-kb-organelle-plant-animal-difference,BIOLOGY,already_in,
bio-kb-organelle-definite-indefinite-judgment,BIOLOGY,already_in,
bio-kb-chloroplast-cytoplasmic-observation-experiment,BIOLOGY,already_in,
bio-kb-secretory-protein-synthesis-transport,BIOLOGY,already_in,
bio-kb-vesicle-transport-principle,BIOLOGY,already_in,
bio-kb-biomembrane-system-concept-functions,BIOLOGY,already_in,
bio-kb-osmosis-concept-and-conditions,BIOLOGY,already_in,
bio-kb-osmosis-direction-and-concentration-judgment,BIOLOGY,already_in,
bio-kb-animal-cell-water-balance,BIOLOGY,already_in,
bio-kb-protoplast-vs-protoplast-layer,BIOLOGY,already_in,
bio-kb-plasmolysis-experiment-procedure,BIOLOGY,already_in,
bio-kb-plasmolysis-solution-choice-judgment,BIOLOGY,already_in,
bio-kb-plasmolysis-applications,BIOLOGY,already_in,
bio-kb-passive-transport-two-types,BIOLOGY,already_in,
bio-kb-active-transport-features,BIOLOGY,already_in,
bio-kb-transport-modes-comparison,BIOLOGY,already_in,
bio-kb-transport-examples-judgment,BIOLOGY,already_in,
bio-kb-carrier-vs-channel-protein,BIOLOGY,already_in,
bio-kb-sodium-potassium-pump-function,BIOLOGY,already_in,
bio-kb-membrane-transport-factors-curves,BIOLOGY,already_in,
bio-kb-activation-energy-enzyme-mechanism,BIOLOGY,already_in,
bio-kb-enzyme-nature-exploration-history,BIOLOGY,already_in,
bio-kb-enzyme-chemical-nature,BIOLOGY,already_in,
bio-kb-enzyme-high-efficiency,BIOLOGY,already_in,
bio-kb-enzyme-specificity,BIOLOGY,already_in,
bio-kb-enzyme-mild-condition-and-storage,BIOLOGY,already_in,
bio-kb-temperature-ph-curve-features,BIOLOGY,already_in,
bio-kb-substrate-enzyme-concentration-effect,BIOLOGY,already_in,
bio-kb-competitive-noncompetitive-inhibitors,BIOLOGY,already_in,
bio-kb-enzyme-specificity-experiment,BIOLOGY,already_in,
bio-kb-enzyme-efficiency-experiment,BIOLOGY,already_in,
bio-kb-temperature-enzyme-activity-experiment,BIOLOGY,already_in,
bio-kb-ph-enzyme-activity-experiment,BIOLOGY,already_in,
bio-kb-atp-structure-composition,BIOLOGY,already_in,
bio-kb-atp-adp-interconversion,BIOLOGY,already_in,
bio-kb-atp-endergonic-exergonic-linkage,BIOLOGY,already_in,
bio-kb-energy-substance-classification,BIOLOGY,already_in,
bio-kb-enzyme-hormone-antibody-nature-judgment,BIOLOGY,already_in,
bio-kb-yeast-respiration-mode-experiment,BIOLOGY,already_in,
bio-kb-comparative-experiment-concept,BIOLOGY,already_in,
bio-kb-cell-respiration-concept-essence,BIOLOGY,already_in,
bio-kb-aerobic-respiration-three-stages,BIOLOGY,already_in,
bio-kb-respiration-quantity-ratios,BIOLOGY,already_in,
bio-kb-anaerobic-respiration-two-pathways,BIOLOGY,already_in,
bio-kb-respiration-mode-three-look-method,BIOLOGY,already_in,
bio-kb-respiration-special-judgments,BIOLOGY,already_in,
bio-kb-respiration-temperature-application,BIOLOGY,already_in,
bio-kb-respiration-oxygen-application,BIOLOGY,already_in,
bio-kb-respiration-co2-water-application,BIOLOGY,already_in,
bio-kb-storage-conditions-fruits-vs-seeds,BIOLOGY,already_in,
bio-kb-aerobic-respiration-mechanism-detail,BIOLOGY,already_in,
bio-kb-pigment-extraction-separation-experiment,BIOLOGY,already_in,
bio-kb-pigment-band-analysis,BIOLOGY,already_in,
bio-kb-pigment-absorption-spectrum,BIOLOGY,already_in,
bio-kb-chlorophyll-synthesis-factors,BIOLOGY,already_in,
bio-kb-photosynthesis-history-experiments,BIOLOGY,already_in,
bio-kb-photosynthesis-concept-and-equation,BIOLOGY,already_in,
bio-kb-light-reaction-process,BIOLOGY,already_in,
bio-kb-dark-reaction-process,BIOLOGY,already_in,
bio-kb-light-dark-reaction-relation,BIOLOGY,already_in,
bio-kb-c3-c5-change-analysis,BIOLOGY,already_in,
bio-kb-element-transfer-in-photosynthesis,BIOLOGY,already_in,
bio-kb-chemosynthesis-vs-photosynthesis,BIOLOGY,already_in,
bio-kb-light-intensity-leaf-disc-experiment,BIOLOGY,already_in,
bio-kb-light-compensation-saturation-points,BIOLOGY,already_in,
bio-kb-co2-temperature-effect-on-photosynthesis,BIOLOGY,already_in,
bio-kb-gas-exchange-metabolism-state,BIOLOGY,already_in,
bio-kb-net-gross-photosynthesis-relation,BIOLOGY,already_in,
bio-kb-photosynthesis-measurement-methods,BIOLOGY,already_in,
bio-kb-c4-cam-plant-features,BIOLOGY,already_in,
bio-kb-photorespiration-features,BIOLOGY,already_in,
bio-kb-photosynthesis-vs-respiration-compare,BIOLOGY,already_in,
bio-kb-mitochondria-chloroplast-independence-judgment,BIOLOGY,already_in,
bio-kb-nadph-vs-nadh-judgment,BIOLOGY,already_in,
bio-kb-three-rate-curve-judgment,BIOLOGY,already_in,
bio-kb-liquid-drop-method-solutions-roles,BIOLOGY,already_in,
bio-kb-half-leaf-method-calculation,BIOLOGY,already_in,
bio-kb-intermittent-illumination-method,BIOLOGY,already_in,
bio-kb-day-photosynthesis-curve-analysis,BIOLOGY,already_in,
bio-kb-c3-c4-cam-plants-comparison,BIOLOGY,already_in,
bio-kb-photosystem-electron-transfer-detail,BIOLOGY,already_in,
bio-kb-water-18o-irrigation-judgment,BIOLOGY,already_in,
bio-kb-cell-size-limitation-reasons,BIOLOGY,already_in,
bio-kb-cell-division-concept-and-ways,BIOLOGY,already_in,
bio-kb-cell-cycle-definition-and-phases,BIOLOGY,already_in,
bio-kb-cell-cycle-graph-representation,BIOLOGY,already_in,
bio-kb-mitosis-phase-features,BIOLOGY,already_in,
bio-kb-plant-animal-mitosis-differences,BIOLOGY,already_in,
bio-kb-centromere-autonomous-division,BIOLOGY,already_in,
bio-kb-mitosis-significance-stability,BIOLOGY,already_in,
bio-kb-mitosis-number-change-rules,BIOLOGY,already_in,
bio-kb-mitosis-bar-diagram-judgment,BIOLOGY,already_in,
bio-kb-amitosis-features-example,BIOLOGY,already_in,
bio-kb-mitosis-observation-experiment,BIOLOGY,already_in,
bio-kb-cell-cycle-checkpoint-and-synchronization,BIOLOGY,already_in,
bio-kb-cell-cycle-misjudgments,BIOLOGY,already_in,
bio-kb-meiosis-concept-and-result,BIOLOGY,already_in,
bio-kb-homologous-chromosome-definition,BIOLOGY,already_in,
bio-kb-synapsis-and-tetrad,BIOLOGY,already_in,
bio-kb-crossing-over-mechanism,BIOLOGY,already_in,
bio-kb-spermatogenesis-process-detail,BIOLOGY,already_in,
bio-kb-spermatogenesis-vs-oogenesis-compare,BIOLOGY,already_in,
bio-kb-meiosis-number-change-rules,BIOLOGY,already_in,
bio-kb-gamete-diversity-causes,BIOLOGY,already_in,
bio-kb-fertilization-concept-and-result,BIOLOGY,already_in,
bio-kb-meiosis-fertilization-significance,BIOLOGY,already_in,
bio-kb-locust-meiosis-observation-experiment,BIOLOGY,already_in,
bio-kb-meiosis-misjudgments,BIOLOGY,already_in,
bio-kb-cell-differentiation-concept-essence,BIOLOGY,already_in,
bio-kb-differentiation-significance-and-division-relation,BIOLOGY,already_in,
bio-kb-differentiation-misjudgments,BIOLOGY,already_in,
bio-kb-totipotency-concept-and-cause,BIOLOGY,already_in,
bio-kb-totipotency-strength-comparison,BIOLOGY,already_in,
bio-kb-totipotency-expression-conditions,BIOLOGY,already_in,
bio-kb-stem-cell-concept-and-types,BIOLOGY,already_in,
bio-kb-senescence-morphological-features,BIOLOGY,already_in,
bio-kb-free-radical-theory,BIOLOGY,already_in,
bio-kb-telomere-theory-and-telomerase,BIOLOGY,already_in,
bio-kb-senescence-individual-relation,BIOLOGY,already_in,
bio-kb-apoptosis-concept-types-significance,BIOLOGY,already_in,
bio-kb-apoptosis-vs-necrosis-compare,BIOLOGY,already_in,
bio-kb-autophagy-concept-and-meaning,BIOLOGY,already_in,
bio-kb-pea-as-experimental-material,BIOLOGY,already_in,
bio-kb-pea-artificial-hybrid-operation,BIOLOGY,already_in,
bio-kb-genetics-basic-terms,BIOLOGY,already_in,
bio-kb-hypothesis-deduction-method,BIOLOGY,already_in,
bio-kb-segregation-law-essence-and-time,BIOLOGY,already_in,
bio-kb-testcross-purpose-and-result,BIOLOGY,already_in,
bio-kb-segregation-law-applications,BIOLOGY,already_in,
bio-kb-phenotypic-ratio-simulation-experiment,BIOLOGY,already_in,
bio-kb-dominant-recessive-judgment-methods,BIOLOGY,already_in,
bio-kb-pure-vs-heterozygote-identification,BIOLOGY,already_in,
bio-kb-genotype-inference-forward-reverse,BIOLOGY,already_in,
bio-kb-probability-calculation-gamete-method,BIOLOGY,already_in,
bio-kb-selfing-vs-free-mating-calculation,BIOLOGY,already_in,
bio-kb-continuous-selfing-ratio-formula,BIOLOGY,already_in,
bio-kb-dominance-relative-forms,BIOLOGY,already_in,
bio-kb-segregation-special-phenomena,BIOLOGY,already_in,
bio-kb-segregation-misjudgments,BIOLOGY,already_in,
bio-kb-dihybrid-cross-phenomenon-conclusion,BIOLOGY,already_in,
bio-kb-independent-assortment-hypothesis-content,BIOLOGY,already_in,
bio-kb-independent-assortment-essence-scope,BIOLOGY,already_in,
bio-kb-independent-assortment-testcross-verify,BIOLOGY,already_in,
bio-kb-f2-genotype-phenotype-proportions,BIOLOGY,already_in,
bio-kb-mendel-success-reasons,BIOLOGY,already_in,
bio-kb-independent-assortment-verify-methods,BIOLOGY,already_in,
bio-kb-hybrid-breeding-and-heterosis,BIOLOGY,already_in,
bio-kb-multigene-gamete-and-combination-calc,BIOLOGY,already_in,
bio-kb-multigene-general-rules-table,BIOLOGY,already_in,
bio-kb-two-disease-probability-formulas,BIOLOGY,already_in,
bio-kb-free-assortment-variant-ratios,BIOLOGY,already_in,
bio-kb-lethal-gene-classification,BIOLOGY,already_in,
bio-kb-mosaic-dominance-and-allelic-relations,BIOLOGY,already_in,
bio-kb-gene-linkage-and-crossing-over,BIOLOGY,already_in,
bio-kb-independent-assortment-misjudgments,BIOLOGY,already_in,
bio-kb-sutton-hypothesis-parallelism,BIOLOGY,already_in,
bio-kb-morgan-fly-eye-color-experiment,BIOLOGY,already_in,
bio-kb-gene-chromosome-linear-relation,BIOLOGY,already_in,
bio-kb-sex-determination-types,BIOLOGY,already_in,
bio-kb-sex-chromosome-transmission-features,BIOLOGY,already_in,
bio-kb-sex-linked-inheritance-types-features,BIOLOGY,already_in,
bio-kb-sex-linked-practice-applications,BIOLOGY,already_in,
bio-kb-monogenic-disease-types-examples,BIOLOGY,already_in,
bio-kb-polygenic-chromosomal-diseases,BIOLOGY,already_in,
bio-kb-genetic-disease-survey-method,BIOLOGY,already_in,
bio-kb-genetic-disease-prevention-means,BIOLOGY,already_in,
bio-kb-pedigree-four-step-analysis,BIOLOGY,already_in,
bio-kb-gel-electrophoresis-principle-reading,BIOLOGY,already_in,
bio-kb-sex-linked-disease-misjudgments,BIOLOGY,already_in,
bio-kb-nucleus-vs-cytoplasmic-inheritance-test,BIOLOGY,already_in,
bio-kb-autosome-vs-x-chromosome-test,BIOLOGY,already_in,
bio-kb-x-only-vs-xy-homologous-region-test,BIOLOGY,already_in,
bio-kb-autosome-vs-xy-homologous-region-test,BIOLOGY,already_in,
bio-kb-inheritance-location-misjudgments,BIOLOGY,already_in,
bio-kb-molecular-marker-gene-mapping,BIOLOGY,already_in,
bio-kb-s-type-vs-r-type-pneumococcus,BIOLOGY,already_in,
bio-kb-griffith-in-vivo-transformation,BIOLOGY,already_in,
bio-kb-avery-in-vitro-transformation,BIOLOGY,already_in,
bio-kb-addition-subtraction-principle,BIOLOGY,already_in,
bio-kb-hershey-chase-blender-experiment,BIOLOGY,already_in,
bio-kb-phage-labeling-key-points,BIOLOGY,already_in,
bio-kb-tmv-rna-genetic-material-experiment,BIOLOGY,already_in,
bio-kb-dna-main-genetic-material-conclusion,BIOLOGY,already_in,
bio-kb-transformation-mechanism-detail,BIOLOGY,already_in,
bio-kb-genetic-material-misjudgments,BIOLOGY,already_in,
bio-kb-dna-structure-model-history,BIOLOGY,already_in,
bio-kb-dna-double-helix-structure-features,BIOLOGY,already_in,
bio-kb-dna-diversity-specificity-stability,BIOLOGY,already_in,
bio-kb-dna-base-quantity-relations,BIOLOGY,already_in,
bio-kb-semiconservative-replication-evidence,BIOLOGY,already_in,
bio-kb-dna-replication-process-and-conditions,BIOLOGY,already_in,
bio-kb-dna-replication-quantity-calculation,BIOLOGY,already_in,
bio-kb-gene-essence-and-definition,BIOLOGY,already_in,
bio-kb-gene-dna-chromosome-relations,BIOLOGY,already_in,
bio-kb-dna-primers-and-semidiscontinuous-replication,BIOLOGY,already_in,
bio-kb-four-dna-related-enzymes,BIOLOGY,already_in,
bio-kb-dna-structure-replication-misjudgments,BIOLOGY,already_in,
bio-kb-rna-messenger-role,BIOLOGY,already_in,
bio-kb-transcription-process-and-conditions,BIOLOGY,already_in,
bio-kb-translation-process-and-conditions,BIOLOGY,already_in,
bio-kb-codon-types-and-features,BIOLOGY,already_in,
bio-kb-trna-anticodon-structure-function,BIOLOGY,already_in,
bio-kb-polysome-translation-efficiency,BIOLOGY,already_in,
bio-kb-replication-transcription-translation-compare,BIOLOGY,already_in,
bio-kb-central-dogma-and-development,BIOLOGY,already_in,
bio-kb-gene-controls-traits-two-ways,BIOLOGY,already_in,
bio-kb-housekeeping-and-luxury-genes,BIOLOGY,already_in,
bio-kb-epigenetics-concept-and-features,BIOLOGY,already_in,
bio-kb-epigenetics-types-detail,BIOLOGY,already_in,
bio-kb-gene-trait-not-one-to-one,BIOLOGY,already_in,
bio-kb-expression-process-misjudgments,BIOLOGY,already_in,
bio-kb-heritable-vs-nonheritable-variation,BIOLOGY,already_in,
bio-kb-gene-mutation-concept-and-causes,BIOLOGY,already_in,
bio-kb-gene-mutation-features-and-inheritance,BIOLOGY,already_in,
bio-kb-gene-mutation-significance-sickle-cell,BIOLOGY,already_in,
bio-kb-mutation-effect-on-amino-acid-sequence,BIOLOGY,already_in,
bio-kb-mutation-no-phenotype-change-causes,BIOLOGY,already_in,
bio-kb-proto-oncogene-and-tumor-suppressor-gene,BIOLOGY,already_in,
bio-kb-mutation-breeding-mutagenesis,BIOLOGY,already_in,
bio-kb-gene-recombination-types,BIOLOGY,already_in,
bio-kb-cross-breeding-features,BIOLOGY,already_in,
bio-kb-chromosome-variation-concept-and-number-type,BIOLOGY,already_in,
bio-kb-chromosome-set-concept,BIOLOGY,already_in,
bio-kb-diploid-polyploid-haploid-comparison,BIOLOGY,already_in,
bio-kb-chromosome-structure-variation-types,BIOLOGY,already_in,
bio-kb-translocation-vs-crossing-over-diff,BIOLOGY,already_in,
bio-kb-low-temperature-chromosome-induction-experiment,BIOLOGY,already_in,
bio-kb-breeding-methods-comparison-table,BIOLOGY,already_in,
bio-kb-variation-misjudgments,BIOLOGY,already_in,
bio-kb-darwin-two-doctrines,BIOLOGY,already_in,
bio-kb-fossil-evidence-importance,BIOLOGY,already_in,
bio-kb-common-ancestor-other-evidences,BIOLOGY,already_in,
bio-kb-adaptation-meaning-and-relativity,BIOLOGY,already_in,
bio-kb-lamarck-evolution-theory,BIOLOGY,already_in,
bio-kb-natural-selection-theory-content,BIOLOGY,already_in,
bio-kb-adaptation-formation-necessary-conditions,BIOLOGY,already_in,
bio-kb-population-gene-pool-gene-frequency,BIOLOGY,already_in,
bio-kb-mutation-recombination-provide-material,BIOLOGY,already_in,
bio-kb-natural-selection-change-gene-frequency,BIOLOGY,already_in,
bio-kb-species-isolation-concepts,BIOLOGY,already_in,
bio-kb-speciation-three-links-and-marker,BIOLOGY,already_in,
bio-kb-coevolution-concept-and-types,BIOLOGY,already_in,
bio-kb-biodiversity-levels-and-formation,BIOLOGY,already_in,
bio-kb-modern-evolution-theory-and-new-views,BIOLOGY,already_in,
bio-kb-antibiotic-selection-experiment,BIOLOGY,already_in,
bio-kb-gene-frequency-calculation-methods,BIOLOGY,already_in,
bio-kb-evolution-misjudgments,BIOLOGY,already_in,
bio-kb-internal-environment-definition-composition,BIOLOGY,already_in,
bio-kb-plasma-protein-vs-hemoglobin-judgment,BIOLOGY,already_in,
bio-kb-cells-and-their-living-environment,BIOLOGY,already_in,
bio-kb-internal-env-physical-properties,BIOLOGY,already_in,
bio-kb-proteinuria-and-edema-mechanism,BIOLOGY,already_in,
bio-kb-cell-exchange-with-external-systems,BIOLOGY,already_in,
bio-kb-homeostasis-concept-and-mechanism,BIOLOGY,already_in,
bio-kb-tissue-edema-cause-analysis,BIOLOGY,already_in,
bio-kb-ph-stability-simulation-experiment,BIOLOGY,already_in,
bio-kb-internal-env-and-health-links,BIOLOGY,already_in,
bio-kb-internal-env-misjudgments,BIOLOGY,already_in,
bio-kb-nervous-system-composition,BIOLOGY,already_in,
bio-kb-brain-parts-and-functions,BIOLOGY,already_in,
bio-kb-peripheral-nerve-functional-classification,BIOLOGY,already_in,
bio-kb-autonomic-nervous-system-sympathetic,BIOLOGY,already_in,
bio-kb-neuron-and-glia-cells,BIOLOGY,already_in,
bio-kb-reflex-concept-and-types,BIOLOGY,already_in,
bio-kb-reflex-arc-structure-and-damage,BIOLOGY,already_in,
bio-kb-afferent-efferent-nerve-judgment,BIOLOGY,already_in,
bio-kb-resting-and-action-potential-mechanism,BIOLOGY,already_in,
bio-kb-excitation-conduction-on-nerve-fiber,BIOLOGY,already_in,
bio-kb-synaptic-knob-vs-synapse-diff,BIOLOGY,already_in,
bio-kb-synaptic-transmission-process-features,BIOLOGY,already_in,
bio-kb-neurotransmitter-overview,BIOLOGY,already_in,
bio-kb-fiber-conduction-vs-synapse-transmission-compare,BIOLOGY,already_in,
bio-kb-graded-regulation-of-nervous-system,BIOLOGY,already_in,
bio-kb-speech-area-functions,BIOLOGY,already_in,
bio-kb-learning-memory-emotion-functions,BIOLOGY,already_in,
bio-kb-nerve-regulation-misjudgments,BIOLOGY,already_in,
bio-kb2-01-cell-theory-points,BIOLOGY,already_in,
bio-kb2-01-cell-theory-significance,BIOLOGY,already_in,
bio-kb2-01-life-system-levels,BIOLOGY,already_in,
bio-kb2-01-life-system-exceptions,BIOLOGY,already_in,
bio-kb2-01-prokaryote-vs-eukaryote,BIOLOGY,already_in,
bio-kb2-01-bacterial-cell-structure,BIOLOGY,already_in,
bio-kb2-01-cyanobacteria,BIOLOGY,already_in,
bio-kb2-01-mycoplasma,BIOLOGY,already_in,
bio-kb2-01-cell-unity,BIOLOGY,already_in,
bio-kb2-01-cell-diversity-cause,BIOLOGY,already_in,
bio-kb2-01-microscope-operation,BIOLOGY,already_in,
bio-kb2-01-microscope-cell-count,BIOLOGY,already_in,
bio-kb2-01-microscope-image-move,BIOLOGY,already_in,
bio-kb2-01-virus-structure,BIOLOGY,already_in,
bio-kb2-01-rbc-features,BIOLOGY,already_in,
bio-kb2-02-elements-classification,BIOLOGY,already_in,
bio-kb2-02-fresh-dry-weight-max,BIOLOGY,already_in,
bio-kb2-02-unity-difference-elements,BIOLOGY,already_in,
bio-kb2-02-water-properties,BIOLOGY,already_in,
bio-kb2-02-free-bound-water,BIOLOGY,already_in,
bio-kb2-02-water-ratio-metabolism,BIOLOGY,already_in,
bio-kb2-02-inorganic-salt-form,BIOLOGY,already_in,
bio-kb2-02-inorganic-salt-function,BIOLOGY,already_in,
bio-kb2-02-reducing-sugar-test,BIOLOGY,already_in,
bio-kb2-02-fat-detection,BIOLOGY,already_in,
bio-kb2-02-protein-test,BIOLOGY,already_in,
bio-kb2-02-feilin-bisuoshiji-diff,BIOLOGY,already_in,
bio-kb2-02-three-unique-organic-test,BIOLOGY,already_in,
bio-kb2-03-sugar-classification,BIOLOGY,already_in,
bio-kb2-03-disaccharide-hydrolysis,BIOLOGY,already_in,
bio-kb2-03-polysaccharide-function,BIOLOGY,already_in,
bio-kb2-03-non-reducing-sugars,BIOLOGY,already_in,
bio-kb2-03-lipid-classification,BIOLOGY,already_in,
bio-kb2-03-fat-vs-sugar-energy,BIOLOGY,already_in,
bio-kb2-03-phospholipid-function,BIOLOGY,already_in,
bio-kb2-03-sterol-functions,BIOLOGY,already_in,
bio-kb2-03-saturated-unsaturated-fatty-acid,BIOLOGY,already_in,
bio-kb2-03-sugar-fat-conversion,BIOLOGY,already_in,
bio-kb2-03-oil-seed-germination,BIOLOGY,already_in,
bio-kb2-03-chitin,BIOLOGY,already_in,
bio-kb2-04-amino-acid-structure,BIOLOGY,already_in,
bio-kb2-04-essential-amino-acids,BIOLOGY,already_in,
bio-kb2-04-dehydration-condensation,BIOLOGY,already_in,
bio-kb2-04-protein-diversity-cause,BIOLOGY,already_in,
bio-kb2-04-protein-denaturation,BIOLOGY,already_in,
bio-kb2-04-protein-calculation,BIOLOGY,already_in,
bio-kb2-04-protein-functions,BIOLOGY,already_in,
bio-kb2-04-nucleic-acid-distribution,BIOLOGY,already_in,
bio-kb2-04-dna-rna-difference,BIOLOGY,already_in,
bio-kb2-04-nucleic-acid-diversity,BIOLOGY,already_in,
bio-kb2-04-rna-functions,BIOLOGY,already_in,
bio-kb2-04-biomacromolecule-carbon-chain,BIOLOGY,already_in,
bio-kb2-04-organic-decomposition,BIOLOGY,already_in,
bio-kb2-05-membrane-discovery,BIOLOGY,already_in,
bio-kb2-05-membrane-preparation,BIOLOGY,already_in,
bio-kb2-05-membrane-components,BIOLOGY,already_in,
bio-kb2-05-fluid-mosaic-model,BIOLOGY,already_in,
bio-kb2-05-membrane-fluidity,BIOLOGY,already_in,
bio-kb2-05-membrane-selective-permeability,BIOLOGY,already_in,
bio-kb2-05-membrane-three-functions,BIOLOGY,already_in,
bio-kb2-05-cell-wall,BIOLOGY,already_in,
bio-kb2-05-nucleus-function,BIOLOGY,already_in,
bio-kb2-05-nuclear-pore-membrane,BIOLOGY,already_in,
bio-kb2-05-chromatin-chromosome,BIOLOGY,already_in,
bio-kb2-05-nucleus-distribution-exception,BIOLOGY,already_in,
bio-kb2-05-model-types,BIOLOGY,already_in,
bio-kb2-06-differential-centrifugation,BIOLOGY,already_in,
bio-kb2-06-mitochondrion-chloroplast,BIOLOGY,already_in,
bio-kb2-06-single-membrane-organelles,BIOLOGY,already_in,
bio-kb2-06-no-membrane-organelles,BIOLOGY,already_in,
bio-kb2-06-cytoskeleton,BIOLOGY,already_in,
bio-kb2-06-organelle-certain-uncertain,BIOLOGY,already_in,
bio-kb2-06-observe-chloroplast-cytoplasm-flow,BIOLOGY,already_in,
bio-kb2-06-secreted-protein-path,BIOLOGY,already_in,
bio-kb2-06-vesicle-transport,BIOLOGY,already_in,
bio-kb2-06-biomembrane-system,BIOLOGY,already_in,
bio-kb2-06-exocytosis-fluidity,BIOLOGY,already_in,
bio-kb2-06-protein-sorting,BIOLOGY,already_in,
bio-kb2-07-osmosis-conditions,BIOLOGY,already_in,
bio-kb2-07-osmometer-equilibrium,BIOLOGY,already_in,
bio-kb2-07-animal-cell-osmosis,BIOLOGY,already_in,
bio-kb2-07-protoplast-layer,BIOLOGY,already_in,
bio-kb2-07-plasmolysis-experiment,BIOLOGY,already_in,
bio-kb2-07-auto-recovery-solutions,BIOLOGY,already_in,
bio-kb2-07-plasmolysis-applications,BIOLOGY,already_in,
bio-kb2-07-transport-modes-compare,BIOLOGY,already_in,
bio-kb2-07-carrier-channel-proteins,BIOLOGY,already_in,
bio-kb2-07-transport-examples,BIOLOGY,already_in,
bio-kb2-07-transport-factors,BIOLOGY,already_in,
bio-kb2-07-osmotic-pressure-compare,BIOLOGY,already_in,
bio-kb2-08-enzyme-essence,BIOLOGY,already_in,
bio-kb2-08-enzyme-activation-energy,BIOLOGY,already_in,
bio-kb2-08-enzyme-specificity-efficiency,BIOLOGY,already_in,
bio-kb2-08-enzyme-mild-conditions,BIOLOGY,already_in,
bio-kb2-08-ph-temperature-relation,BIOLOGY,already_in,
bio-kb2-08-substrate-enzyme-concentration-curve,BIOLOGY,already_in,
bio-kb2-08-inhibitors,BIOLOGY,already_in,
bio-kb2-08-specificity-experiment,BIOLOGY,already_in,
bio-kb2-08-temperature-enzyme-experiment,BIOLOGY,already_in,
bio-kb2-08-ph-enzyme-experiment,BIOLOGY,already_in,
bio-kb2-08-atp-structure,BIOLOGY,already_in,
bio-kb2-08-atp-adp-conversion,BIOLOGY,already_in,
bio-kb2-08-atp-utilization,BIOLOGY,already_in,
bio-kb2-08-energy-materials-summary,BIOLOGY,already_in,
bio-kb2-09-yeast-respiration-experiment,BIOLOGY,already_in,
bio-kb2-09-aerobic-respiration-stages,BIOLOGY,already_in,
bio-kb2-09-anaerobic-respiration-types,BIOLOGY,already_in,
bio-kb2-09-aerobic-anaerobic-relation,BIOLOGY,already_in,
bio-kb2-09-respiration-mode-judge,BIOLOGY,already_in,
bio-kb2-09-respiration-stoichiometry,BIOLOGY,already_in,
bio-kb2-09-mitochondrion-glucose,BIOLOGY,already_in,
bio-kb2-09-prokaryote-respiration,BIOLOGY,already_in,
bio-kb2-09-respiration-influencing-factors,BIOLOGY,already_in,
bio-kb2-09-dry-seed-germination,BIOLOGY,already_in,
bio-kb2-09-glycolysis-tca-oxphos,BIOLOGY,already_in,
bio-kb2-09-respiration-concept-meaning,BIOLOGY,already_in,
bio-kb2-10-pigment-extraction,BIOLOGY,already_in,
bio-kb2-10-pigment-bands,BIOLOGY,already_in,
bio-kb2-10-pigment-absorption,BIOLOGY,already_in,
bio-kb2-10-chlorophyll-synthesis-factors,BIOLOGY,already_in,
bio-kb2-10-photosynthesis-history,BIOLOGY,already_in,
bio-kb2-10-light-dark-reaction,BIOLOGY,already_in,
bio-kb2-10-c3-c5-change,BIOLOGY,already_in,
bio-kb2-10-element-tracing,BIOLOGY,already_in,
bio-kb2-10-chemosynthesis,BIOLOGY,already_in,
bio-kb2-10-light-intensity-experiment,BIOLOGY,already_in,
bio-kb2-10-light-compensation-saturation,BIOLOGY,already_in,
bio-kb2-10-external-factors-photosynthesis,BIOLOGY,already_in,
bio-kb2-10-three-rates,BIOLOGY,already_in,
bio-kb2-10-measure-methods,BIOLOGY,already_in,
bio-kb2-11-photosynthesis-respiration-compare,BIOLOGY,already_in,
bio-kb2-11-closed-container-analysis,BIOLOGY,already_in,
bio-kb2-11-droplet-move-method,BIOLOGY,already_in,
bio-kb2-11-intermittent-light,BIOLOGY,already_in,
bio-kb2-11-c4-plants,BIOLOGY,already_in,
bio-kb2-11-cam-plants,BIOLOGY,already_in,
bio-kb2-11-photorespiration,BIOLOGY,already_in,
bio-kb2-11-photosystem-etc,BIOLOGY,already_in,
bio-kb2-11-photosynthate-transport,BIOLOGY,already_in,
bio-kb2-15-pea-advantages,BIOLOGY,already_in,
bio-kb2-15-artificial-cross-operation,BIOLOGY,already_in,
bio-kb2-15-genetic-terms,BIOLOGY,already_in,
bio-kb2-15-segregation-hypothesis,BIOLOGY,already_in,
bio-kb2-15-testcross-verify,BIOLOGY,already_in,
bio-kb2-15-segregation-law-essence,BIOLOGY,already_in,
bio-kb2-15-dominance-judgement,BIOLOGY,already_in,
bio-kb2-15-homozygote-judgement,BIOLOGY,already_in,
bio-kb2-15-simulation-experiment,BIOLOGY,already_in,
bio-kb2-15-selfing-vs-random-mating,BIOLOGY,already_in,
bio-kb2-15-continuous-selfing-formula,BIOLOGY,already_in,
bio-kb2-15-lethal-phenocopy,BIOLOGY,already_in,
bio-kb2-16-dihybrid-cross-explain,BIOLOGY,already_in,
bio-kb2-16-dihybrid-testcross,BIOLOGY,already_in,
bio-kb2-16-independent-assortment-essence,BIOLOGY,already_in,
bio-kb2-16-verify-methods,BIOLOGY,already_in,
bio-kb2-16-mendel-success,BIOLOGY,already_in,
bio-kb2-16-gamete-calculation,BIOLOGY,already_in,
bio-kb2-16-reverse-inference,BIOLOGY,already_in,
bio-kb2-16-n-pairs-rule,BIOLOGY,already_in,
bio-kb2-16-9331-variants,BIOLOGY,already_in,
bio-kb2-16-two-disease-probability,BIOLOGY,already_in,
bio-kb2-16-heterosis-breeding,BIOLOGY,already_in,
bio-kb2-16-linkage-crossing-over,BIOLOGY,already_in,
bio-kb2-17-sutton-hypothesis,BIOLOGY,already_in,
bio-kb2-17-morgan-experiment,BIOLOGY,already_in,
bio-kb2-17-gene-linear-arrangement,BIOLOGY,already_in,
bio-kb2-17-sex-determination-types,BIOLOGY,already_in,
bio-kb2-17-x-linked-recessive,BIOLOGY,already_in,
bio-kb2-17-x-linked-dominant-y-linked,BIOLOGY,already_in,
bio-kb2-17-sex-linked-application,BIOLOGY,already_in,
bio-kb2-17-human-genetic-disease-types,BIOLOGY,already_in,
bio-kb2-17-survey-genetic-disease,BIOLOGY,already_in,
bio-kb2-17-genetic-counseling-prenatal,BIOLOGY,already_in,
bio-kb2-17-pedigree-four-steps,BIOLOGY,already_in,
bio-kb2-17-gel-electrophoresis,BIOLOGY,already_in,
bio-kb2-18-reciprocal-cross-nuclear-cytoplasm,BIOLOGY,already_in,
bio-kb2-18-autosome-vs-x-judgement,BIOLOGY,already_in,
bio-kb2-18-x-only-vs-xy-homologous,BIOLOGY,already_in,
bio-kb2-18-molecular-marker-mapping,BIOLOGY,already_in,
bio-kb2-22-gene-mutation-concept,BIOLOGY,already_in,
bio-kb2-22-mutation-time-inheritance,BIOLOGY,already_in,
bio-kb2-22-mutation-phenotype-relation,BIOLOGY,already_in,
bio-kb2-22-cancer-mechanism,BIOLOGY,already_in,
bio-kb2-22-gene-recombination-types,BIOLOGY,already_in,
bio-kb2-22-chromosome-structure-variation,BIOLOGY,already_in,
bio-kb2-22-translocation-vs-crossing-over,BIOLOGY,already_in,
bio-kb2-22-genome-ploidy-concepts,BIOLOGY,already_in,
bio-kb2-22-breeding-methods,BIOLOGY,already_in,
bio-kb2-23-darwin-two-theories,BIOLOGY,already_in,
bio-kb2-23-fossil-evidence,BIOLOGY,already_in,
bio-kb2-23-common-ancestor-evidence,BIOLOGY,already_in,
bio-kb2-23-natural-selection-theory,BIOLOGY,already_in,
bio-kb2-23-adaptation-natural-selection,BIOLOGY,already_in,
bio-kb2-23-gene-frequency-concepts,BIOLOGY,already_in,
bio-kb2-23-mutation-recombination-material,BIOLOGY,already_in,
bio-kb2-23-selection-direction,BIOLOGY,already_in,
bio-kb2-23-species-isolation,BIOLOGY,already_in,
bio-kb2-23-gene-frequency-calculation,BIOLOGY,already_in,
bio-kb2-23-coevolution,BIOLOGY,already_in,
bio-kb2-23-evolution-theory-development,BIOLOGY,already_in,
bio-kb2-26-secretin-discovery,BIOLOGY,already_in,
bio-kb2-26-hormone-research-methods,BIOLOGY,already_in,
bio-kb2-26-endocrine-vs-exocrine,BIOLOGY,already_in,
bio-kb2-26-main-hormones,BIOLOGY,already_in,
bio-kb2-26-hormone-regulation-features,BIOLOGY,already_in,
bio-kb2-26-hormone-receptor-location,BIOLOGY,already_in,
bio-kb2-26-blood-sugar-source-sink,BIOLOGY,already_in,
bio-kb2-26-insulin-glucagon,BIOLOGY,already_in,
bio-kb2-26-hormone-synergy-antagonism,BIOLOGY,already_in,
bio-kb2-26-thyroid-hierarchy,BIOLOGY,already_in,
bio-kb2-26-feedback-types,BIOLOGY,already_in,
bio-kb2-26-secretion-models,BIOLOGY,already_in,
bio-kb2-26-hormone-enzyme-antibody,BIOLOGY,already_in,
bio-kb2-26-diabetes-types,BIOLOGY,already_in,
bio-kb2-27-humoral-vs-neural,BIOLOGY,already_in,
bio-kb2-27-co2-breathing,BIOLOGY,already_in,
bio-kb2-27-thermoregulation,BIOLOGY,already_in,
bio-kb2-27-water-salt-adh,BIOLOGY,already_in,
bio-kb2-27-aldosterone,BIOLOGY,already_in,
bio-kb2-27-hypothalamus-functions,BIOLOGY,already_in,
bio-kb2-27-winter-urine,BIOLOGY,already_in,
bio-kb2-27-sweat-adh-exercise,BIOLOGY,already_in,
bio-kb2-28-immune-system-components,BIOLOGY,already_in,
bio-kb2-28-immune-organs,BIOLOGY,already_in,
bio-kb2-28-immune-cells,BIOLOGY,already_in,
bio-kb2-28-three-defense-lines,BIOLOGY,already_in,
bio-kb2-28-immune-three-functions,BIOLOGY,already_in,
bio-kb2-28-humoral-immunity,BIOLOGY,already_in,
bio-kb2-28-b-cell-activation,BIOLOGY,already_in,
bio-kb2-28-cellular-immunity,BIOLOGY,already_in,
bio-kb2-28-plasma-cell-uniqueness,BIOLOGY,already_in,
bio-kb2-28-secondary-immune-response,BIOLOGY,already_in,
bio-kb2-28-humoral-cellular-coop,BIOLOGY,already_in,
bio-kb2-28-pd1-immune-escape,BIOLOGY,already_in,
bio-kb2-29-allergy,BIOLOGY,already_in,
bio-kb2-29-antigen-vs-allergen,BIOLOGY,already_in,
bio-kb2-29-autoimmune-disease,BIOLOGY,already_in,
bio-kb2-29-hiv-aids,BIOLOGY,already_in,
bio-kb2-29-vaccine-principle,BIOLOGY,already_in,
bio-kb2-29-mrna-vaccine,BIOLOGY,already_in,
bio-kb2-29-organ-transplant-hla,BIOLOGY,already_in,
bio-kb2-29-immunology-applications,BIOLOGY,already_in,
bio-kb2-30-membrane-potential-measure,BIOLOGY,already_in,
bio-kb2-30-reflex-arc-exploration,BIOLOGY,already_in,
bio-kb2-30-regulation-models,BIOLOGY,already_in,
bio-kb2-30-inward-outward-current,BIOLOGY,already_in,
bio-kb2-30-neurotransmitter-caution,BIOLOGY,already_in,
bio-kb2-31-auxin-discovery,BIOLOGY,already_in,
bio-kb2-31-auxin-synthesis-transport,BIOLOGY,already_in,
bio-kb2-31-auxin-duality,BIOLOGY,already_in,
bio-kb2-31-apical-dominance,BIOLOGY,already_in,
bio-kb2-31-plant-hormone-definition,BIOLOGY,already_in,
bio-kb2-31-other-plant-hormones,BIOLOGY,already_in,
bio-kb2-31-hormone-interaction,BIOLOGY,already_in,
bio-kb2-31-growth-regulator,BIOLOGY,already_in,
bio-kb2-31-cutting-rooting-experiment,BIOLOGY,already_in,
bio-kb2-31-phytochrome,BIOLOGY,already_in,
bio-kb2-31-vernalization-temperature,BIOLOGY,already_in,
bio-kb2-31-gravity-regulation,BIOLOGY,already_in,
bio-kb2-31-integrated-regulation,BIOLOGY,already_in,
bio-kb2-32-population-features,BIOLOGY,already_in,
bio-kb2-32-sex-ratio-application,BIOLOGY,already_in,
bio-kb2-32-quadrat-method,BIOLOGY,already_in,
bio-kb2-32-mark-recapture,BIOLOGY,already_in,
bio-kb2-32-other-survey-methods,BIOLOGY,already_in,
bio-kb2-32-j-s-curve,BIOLOGY,already_in,
bio-kb2-32-k-value-application,BIOLOGY,already_in,
bio-kb2-32-lambda-analysis,BIOLOGY,already_in,
bio-kb2-32-density-dependent-factors,BIOLOGY,already_in,
bio-kb2-32-k-determinants,BIOLOGY,already_in,
bio-kb2-32-yeast-count-experiment,BIOLOGY,already_in,
bio-kb2-32-counting-formula,BIOLOGY,already_in,
bio-kb2-33-community-species-composition,BIOLOGY,already_in,
bio-kb2-33-interspecific-relations,BIOLOGY,already_in,
bio-kb2-33-vertical-structure,BIOLOGY,already_in,
bio-kb2-33-horizontal-structure,BIOLOGY,already_in,
bio-kb2-33-ecological-niche,BIOLOGY,already_in,
bio-kb2-33-seasonality,BIOLOGY,already_in,
bio-kb2-33-soil-animal-survey,BIOLOGY,already_in,
bio-kb2-33-community-types,BIOLOGY,already_in,
bio-kb2-33-primary-secondary-succession,BIOLOGY,already_in,
bio-kb2-33-succession-nature,BIOLOGY,already_in,
bio-kb2-33-forest-fire-succession,BIOLOGY,already_in,
bio-ecosystem-component-producers,BIOLOGY,already_in,
bio-ecosystem-component-consumers,BIOLOGY,already_in,
bio-ecosystem-component-decomposers,BIOLOGY,already_in,
bio-ecosystem-component-nonliving,BIOLOGY,already_in,
bio-ecosystem-food-chain,BIOLOGY,already_in,
bio-ecosystem-food-web,BIOLOGY,already_in,
bio-energy-heat-loss-direction,BIOLOGY,already_in,
bio-energy-progressive-decrease,BIOLOGY,already_in,
bio-energy-max-sustainable-yield,BIOLOGY,already_in,
bio-fj-01-hooke-named-cell,BIOLOGY,already_in,
bio-fj-01-leeuwenhoek-live-cell,BIOLOGY,already_in,
bio-fj-01-schleiden-schwann,BIOLOGY,already_in,
bio-fj-01-virchow-division,BIOLOGY,already_in,
bio-fj-01-cell-theory-content,BIOLOGY,already_in,
bio-fj-01-cell-theory-significance,BIOLOGY,already_in,
bio-fj-01-cell-theory-induction,BIOLOGY,already_in,
bio-fj-01-cell-theory-gaps-unity,BIOLOGY,already_in,
bio-fj-01-cell-theory-judgments,BIOLOGY,already_in,
bio-fj-01-life-needs-single-cell,BIOLOGY,already_in,
bio-fj-01-life-needs-multicell,BIOLOGY,already_in,
bio-fj-01-virus-structure-life,BIOLOGY,already_in,
bio-fj-01-virus-one-nucleic-acid,BIOLOGY,already_in,
bio-fj-01-virus-no-metabolism,BIOLOGY,already_in,
bio-fj-01-virus-classification,BIOLOGY,already_in,
bio-fj-01-virus-replication,BIOLOGY,already_in,
bio-fj-01-virus-immunity,BIOLOGY,already_in,
bio-fj-01-virus-identify,BIOLOGY,already_in,
bio-fj-01-virus-application,BIOLOGY,already_in,
bio-fj-01-life-system-levels,BIOLOGY,already_in,
bio-fj-01-population-community,BIOLOGY,already_in,
bio-fj-01-molecule-not-life-system,BIOLOGY,already_in,
bio-fj-01-prokaryote-bluealgae,BIOLOGY,already_in,
bio-fj-01-prokaryote-structure,BIOLOGY,already_in,
bio-fj-01-pro-vs-eu-difference,BIOLOGY,already_in,
bio-fj-01-pro-vs-eu-comparison,BIOLOGY,already_in,
bio-fj-01-pro-trans-translation,BIOLOGY,already_in,
bio-fj-01-pro-mendel-variation,BIOLOGY,already_in,
bio-fj-01-cell-unity-five,BIOLOGY,already_in,
bio-fj-01-jun-word-mistakes,BIOLOGY,already_in,
bio-fj-01-pro-metabolism-mistakes,BIOLOGY,already_in,
bio-fj-01-mycoplasma,BIOLOGY,already_in,
bio-fj-01-magnification,BIOLOGY,already_in,
bio-fj-01-microscope-image,BIOLOGY,already_in,
bio-fj-01-slide-move,BIOLOGY,already_in,
bio-fj-01-cell-count-calc,BIOLOGY,already_in,
bio-fj-01-micro-submicro,BIOLOGY,already_in,
bio-fj-01-high-power-ops,BIOLOGY,already_in,
bio-fj-01-microscope-mistakes,BIOLOGY,already_in,
bio-fj-01-cell-basic-system,BIOLOGY,already_in,
bio-fj-01-carbon-oxygen-balance,BIOLOGY,already_in,
bio-fj-01-unity-diversity-reason,BIOLOGY,already_in,
bio-fj-01-chloroplast-endosymbiosis,BIOLOGY,already_in,
bio-fj-02-unity-difference-elements,BIOLOGY,already_in,
bio-fj-02-bulk-trace-elements,BIOLOGY,already_in,
bio-fj-02-main-basic-core-element,BIOLOGY,already_in,
bio-fj-02-fresh-dry-weight-order,BIOLOGY,already_in,
bio-fj-02-compound-categories,BIOLOGY,already_in,
bio-fj-02-most-abundant-compound,BIOLOGY,already_in,
bio-fj-02-water-properties,BIOLOGY,already_in,
bio-fj-02-free-bound-water,BIOLOGY,already_in,
bio-fj-02-water-ratio-metabolism,BIOLOGY,already_in,
bio-fj-02-inorganic-salt-form,BIOLOGY,already_in,
bio-fj-02-inorganic-salt-functions,BIOLOGY,already_in,
bio-fj-02-calcium-function,BIOLOGY,already_in,
bio-fj-02-element-deficiency-table,BIOLOGY,already_in,
bio-fj-02-physiological-saline,BIOLOGY,already_in,
bio-fj-02-water-production-processes,BIOLOGY,already_in,
bio-fj-02-water-consumption-processes,BIOLOGY,already_in,
bio-fj-02-respiration-water-mistake,BIOLOGY,already_in,
bio-fj-02-antidiuretic-water-transport,BIOLOGY,already_in,
bio-fj-02-reducing-sugar-test,BIOLOGY,already_in,
bio-fj-02-reducing-sugar-list,BIOLOGY,already_in,
bio-fj-02-felin-reagent-fresh,BIOLOGY,already_in,
bio-fj-02-fat-test,BIOLOGY,already_in,
bio-fj-02-protein-test,BIOLOGY,already_in,
bio-fj-02-felin-vs-bisuowei,BIOLOGY,already_in,
bio-fj-02-three-unique-in-tests,BIOLOGY,already_in,
bio-fj-02-bisuowei-mistakes,BIOLOGY,already_in,
bio-fj-02-control-in-tests,BIOLOGY,already_in,
bio-fj-02-bound-free-ratio-flow,BIOLOGY,already_in,
bio-fj-02-inorganic-salt-synthesis,BIOLOGY,already_in,
bio-fj-02-phosphorus-bulk,BIOLOGY,already_in,
bio-fj-02-mg-chlorophyll-not-carotene,BIOLOGY,already_in,
bio-fj-02-water-as-solvent-reason,BIOLOGY,already_in,
bio-fj-02-mineral-deficiency-experiment,BIOLOGY,already_in,
bio-fj-02-penguin-water-produce,BIOLOGY,already_in,
bio-fj-03-carbohydrate-elements,BIOLOGY,already_in,
bio-fj-03-sugar-classification,BIOLOGY,already_in,
bio-fj-03-disaccharide-composition,BIOLOGY,already_in,
bio-fj-03-pentose-sugars,BIOLOGY,already_in,
bio-fj-03-glucose-fuel,BIOLOGY,already_in,
bio-fj-03-polysaccharide-functions,BIOLOGY,already_in,
bio-fj-03-chitin-uses,BIOLOGY,already_in,
bio-fj-03-sugar-by-function,BIOLOGY,already_in,
bio-fj-03-fiber-benefit,BIOLOGY,already_in,
bio-fj-03-same-monomer-different-property,BIOLOGY,already_in,
bio-fj-03-lipid-elements-traits,BIOLOGY,already_in,
bio-fj-03-lipid-synthesis-site,BIOLOGY,already_in,
bio-fj-03-fat-functions,BIOLOGY,already_in,
bio-fj-03-phospholipid-membrane,BIOLOGY,already_in,
bio-fj-03-sterol-types,BIOLOGY,already_in,
bio-fj-03-vitamin-d-source,BIOLOGY,already_in,
bio-fj-03-sugar-lipid-conversion,BIOLOGY,already_in,
bio-fj-03-sugar-main-energy-reason,BIOLOGY,already_in,
bio-fj-03-sugar-vs-fat-comparison,BIOLOGY,already_in,
bio-fj-03-saturated-fatty-acid,BIOLOGY,already_in,
bio-fj-03-fat-not-macromolecule,BIOLOGY,already_in,
bio-fj-03-sudan-stains-fat-only,BIOLOGY,already_in,
bio-fj-03-soybean-elements-mistake,BIOLOGY,already_in,
bio-fj-03-oil-seed-germination-dry,BIOLOGY,already_in,
bio-fj-03-glucose-injection-sucrose-not,BIOLOGY,already_in,
bio-fj-03-seed-germination-stages,BIOLOGY,already_in,
bio-fj-03-seed-form-germination-change,BIOLOGY,already_in,
bio-fj-03-phospholipid-hydrolysis,BIOLOGY,already_in,
bio-fj-04-amino-acid-structure,BIOLOGY,already_in,
bio-fj-04-r-group-determines,BIOLOGY,already_in,
bio-fj-04-essential-amino-acids,BIOLOGY,already_in,
bio-fj-04-amino-acid-functions,BIOLOGY,already_in,
bio-fj-04-dehydration-condensation,BIOLOGY,already_in,
bio-fj-04-peptide-chain-ends,BIOLOGY,already_in,
bio-fj-04-protein-formation-levels,BIOLOGY,already_in,
bio-fj-04-protein-diversity-cause,BIOLOGY,already_in,
bio-fj-04-protein-denaturation,BIOLOGY,already_in,
bio-fj-04-protein-function-types,BIOLOGY,already_in,
bio-fj-04-receptor-vs-carrier,BIOLOGY,already_in,
bio-fj-04-gene-selective-expression-protein,BIOLOGY,already_in,
bio-fj-04-cooked-egg-digestion,BIOLOGY,already_in,
bio-fj-04-peptide-disulfide-bonds,BIOLOGY,already_in,
bio-fj-04-protein-mistakes,BIOLOGY,already_in,
bio-fj-04-salting-denaturation-hydrolysis,BIOLOGY,already_in,
bio-fj-04-peptide-bond-formula,BIOLOGY,already_in,
bio-fj-04-free-amino-carboxyl-calc,BIOLOGY,already_in,
bio-fj-04-atom-conservation,BIOLOGY,already_in,
bio-fj-04-hydrolysis-calculation,BIOLOGY,already_in,
bio-fj-04-nucleic-acid-classes,BIOLOGY,already_in,
bio-fj-04-nucleic-acid-distribution,BIOLOGY,already_in,
bio-fj-04-nucleic-acid-function,BIOLOGY,already_in,
bio-fj-04-nucleotide-base-counts,BIOLOGY,already_in,
bio-fj-04-nucleotide-composition,BIOLOGY,already_in,
bio-fj-04-dna-diversity-specificity,BIOLOGY,already_in,
bio-fj-04-nucleic-protein-complex,BIOLOGY,already_in,
bio-fj-04-nucleic-acid-hydrolysis,BIOLOGY,already_in,
bio-fj-04-biomacromolecule-carbon-skeleton,BIOLOGY,already_in,
bio-fj-04-nucleic-protein-comparison,BIOLOGY,already_in,
bio-fj-04-nucleic-acid-mistakes,BIOLOGY,already_in,
bio-fj-04-rRNA-in-prokaryotes,BIOLOGY,missing,
bio-fj-05-membrane-three-functions,BIOLOGY,already_in,
bio-fj-05-selective-permeability,BIOLOGY,already_in,
bio-fj-05-cell-communication,BIOLOGY,already_in,
bio-fj-05-cell-wall-features,BIOLOGY,already_in,
bio-fj-05-four-membrane-proteins,BIOLOGY,already_in,
bio-fj-05-membrane-discovery-experiments,BIOLOGY,already_in,
bio-fj-05-membrane-composition-ratio,BIOLOGY,already_in,
bio-fj-05-cholesterol-membrane,BIOLOGY,already_in,
bio-fj-05-phospholipid-bilayer,BIOLOGY,already_in,
bio-fj-05-fluid-mosaic-model,BIOLOGY,already_in,
bio-fj-05-membrane-fluidity-examples,BIOLOGY,already_in,
bio-fj-05-fluidity-vs-selectivity,BIOLOGY,already_in,
bio-fj-05-water-crossing-membrane,BIOLOGY,already_in,
bio-fj-05-robertson-model,BIOLOGY,already_in,
bio-fj-05-membrane-component-identification,BIOLOGY,already_in,
bio-fj-05-membrane-function-experiments,BIOLOGY,already_in,
bio-fj-05-nucleus-distribution,BIOLOGY,already_in,
bio-fj-05-nucleus-function-experiments,BIOLOGY,already_in,
bio-fj-05-nucleus-structure,BIOLOGY,already_in,
bio-fj-05-chromatin-chromosome,BIOLOGY,already_in,
bio-fj-05-nuclear-pore,BIOLOGY,already_in,
bio-fj-05-nucleus-function-center,BIOLOGY,already_in,
bio-fj-05-model-types,BIOLOGY,already_in,
bio-fj-05-nuclear-pore-complex,BIOLOGY,already_in,
bio-fj-05-membrane-nucleus-mistakes,BIOLOGY,already_in,
bio-fj-06-cytoplasm-matrix,BIOLOGY,already_in,
bio-fj-06-cytoskeleton,BIOLOGY,already_in,
bio-fj-06-differential-centrifugation,BIOLOGY,already_in,
bio-fj-06-mitochondrion-structure,BIOLOGY,already_in,
bio-fj-06-chloroplast-structure,BIOLOGY,already_in,
bio-fj-06-mito-chloro-common,BIOLOGY,already_in,
bio-fj-06-endoplasmic-reticulum,BIOLOGY,already_in,
bio-fj-06-golgi-apparatus,BIOLOGY,already_in,
bio-fj-06-vacuole,BIOLOGY,already_in,
bio-fj-06-lysosome-basic,BIOLOGY,already_in,
bio-fj-06-lysosome-autophagy,BIOLOGY,already_in,
bio-fj-06-ribosome,BIOLOGY,already_in,
bio-fj-06-centrosome,BIOLOGY,already_in,
bio-fj-06-organelle-distribution-special,BIOLOGY,already_in,
bio-fj-06-organelle-membrane-layers,BIOLOGY,already_in,
bio-fj-06-organelle-nucleic-acids,BIOLOGY,already_in,
bio-fj-06-organelle-optical-visible,BIOLOGY,already_in,
bio-fj-06-organelle-function-match,BIOLOGY,already_in,
bio-fj-06-structure-function-adaptation,BIOLOGY,already_in,
bio-fj-06-mature-red-blood-cell,BIOLOGY,already_in,
bio-fj-06-cancer-cell-organelles,BIOLOGY,already_in,
bio-fj-06-metabolic-active-cell-traits,BIOLOGY,already_in,
bio-fj-06-observe-chloroplast-experiment,BIOLOGY,already_in,
bio-fj-06-cytoplasm-flow-observation,BIOLOGY,already_in,
bio-fj-06-chloroplast-light-response,BIOLOGY,already_in,
bio-fj-06-biomembrane-system-composition,BIOLOGY,already_in,
bio-fj-06-biomembrane-system-function,BIOLOGY,already_in,
bio-fj-06-secreted-protein-definition,BIOLOGY,already_in,
bio-fj-06-secreted-protein-pathway,BIOLOGY,already_in,
bio-fj-06-membrane-area-change,BIOLOGY,already_in,
bio-fj-06-protein-sorting-signal-peptide,BIOLOGY,already_in,
bio-fj-06-organelle-mistakes,BIOLOGY,already_in,
bio-fj-07-osmosis-definition,BIOLOGY,already_in,
bio-fj-07-osmosis-direction-equilibrium,BIOLOGY,already_in,
bio-fj-07-liquid-level-difference,BIOLOGY,already_in,
bio-fj-07-solute-cannot-pass,BIOLOGY,already_in,
bio-fj-07-solute-can-pass,BIOLOGY,already_in,
bio-fj-07-sucrase-in-osmometer,BIOLOGY,already_in,
bio-fj-07-osmotic-pressure-molality,BIOLOGY,already_in,
bio-fj-07-animal-cell-water-balance,BIOLOGY,already_in,
bio-fj-07-imbibition-vs-osmosis,BIOLOGY,already_in,
bio-fj-07-protoplast-layer,BIOLOGY,already_in,
bio-fj-07-plasmolysis-conditions,BIOLOGY,already_in,
bio-fj-07-plasmolysis-experiment,BIOLOGY,already_in,
bio-fj-07-auto-recovery-solute,BIOLOGY,already_in,
bio-fj-07-plasmolysis-applications,BIOLOGY,already_in,
bio-fj-07-plasmolysis-mistakes,BIOLOGY,already_in,
bio-fj-07-transport-modes-comparison,BIOLOGY,already_in,
bio-fj-07-carrier-vs-channel,BIOLOGY,already_in,
bio-fj-07-factors-affecting-transport,BIOLOGY,already_in,
bio-fj-07-same-substance-different-modes,BIOLOGY,already_in,
bio-fj-07-ion-transport-modes,BIOLOGY,already_in,
bio-fj-07-nuclear-pore-not-endocytosis,BIOLOGY,already_in,
bio-fj-07-exocytosis-small-molecules,BIOLOGY,already_in,
bio-fj-07-transport-mistakes,BIOLOGY,already_in,
bio-fj-07-active-transport-meaning,BIOLOGY,already_in,
bio-fj-07-active-transport-energy-sources,BIOLOGY,already_in,
bio-fj-08-enzyme-nature,BIOLOGY,already_in,
bio-fj-08-enzyme-history,BIOLOGY,already_in,
bio-fj-08-verify-enzyme-nature,BIOLOGY,already_in,
bio-fj-08-enzyme-vs-hormone,BIOLOGY,already_in,
bio-fj-08-common-enzymes-table,BIOLOGY,already_in,
bio-fj-08-activation-energy,BIOLOGY,already_in,
bio-fj-08-activation-energy-curve,BIOLOGY,already_in,
bio-fj-08-enzyme-reusability,BIOLOGY,already_in,
bio-fj-08-high-efficiency-experiment,BIOLOGY,already_in,
bio-fj-08-enzyme-vs-inorganic-catalyst,BIOLOGY,already_in,
bio-fj-08-specificity-definition,BIOLOGY,already_in,
bio-fj-08-specificity-experiment,BIOLOGY,already_in,
bio-fj-08-temperature-enzyme-experiment,BIOLOGY,already_in,
bio-fj-08-ph-enzyme-experiment,BIOLOGY,already_in,
bio-fj-08-enzyme-storage,BIOLOGY,already_in,
bio-fj-08-temperature-ph-activity-curve,BIOLOGY,already_in,
bio-fj-08-gastric-pepsin-small-intestine,BIOLOGY,already_in,
bio-fj-08-enzyme-concentration-curves,BIOLOGY,already_in,
bio-fj-08-experiment-principles,BIOLOGY,already_in,
bio-fj-08-four-control-types,BIOLOGY,already_in,
bio-fj-08-atp-structure,BIOLOGY,already_in,
bio-fj-08-atp-adp-cycle,BIOLOGY,already_in,
bio-fj-08-atp-vs-glucose-energy,BIOLOGY,already_in,
bio-fj-08-carrier-phosphorylation,BIOLOGY,already_in,
bio-fj-08-atp-production-consumption-sites,BIOLOGY,already_in,
bio-fj-08-atp-sources-organisms,BIOLOGY,already_in,
bio-fj-09-aerobic-respiration-process,BIOLOGY,already_in,
bio-fj-09-aerobic-substance-flow,BIOLOGY,already_in,
bio-fj-09-aerobic-energy-release,BIOLOGY,already_in,
bio-fj-09-nadh-identity,BIOLOGY,already_in,
bio-fj-09-mitochondrion-endosymbiosis,BIOLOGY,already_in,
bio-fj-09-anaerobic-types,BIOLOGY,already_in,
bio-fj-09-anaerobic-energy,BIOLOGY,already_in,
bio-fj-09-anaerobic-product-reason,BIOLOGY,already_in,
bio-fj-09-aerobic-vs-anaerobic,BIOLOGY,already_in,
bio-fj-09-respiration-ratios,BIOLOGY,already_in,
bio-fj-09-respiration-mistakes,BIOLOGY,already_in,
bio-fj-09-electron-transport-chain,BIOLOGY,already_in,
bio-fj-09-atp-synthase-proton-gradient,BIOLOGY,already_in,
bio-fj-09-temperature-respiration,BIOLOGY,already_in,
bio-fj-09-oxygen-respiration-curve,BIOLOGY,already_in,
bio-fj-09-oxygen-application,BIOLOGY,already_in,
bio-fj-09-co2-water-influence,BIOLOGY,already_in,
bio-fj-09-storage-conditions,BIOLOGY,already_in,
bio-fj-09-seed-germination-respiration,BIOLOGY,already_in,
bio-fj-09-yeast-facultative,BIOLOGY,already_in,
bio-fj-09-yeast-detection-reagents,BIOLOGY,already_in,
bio-fj-09-yeast-experiment-design,BIOLOGY,already_in,
bio-fj-09-liquid-drop-method,BIOLOGY,already_in,
bio-fj-09-respiration-hub-metabolism,BIOLOGY,already_in,
bio-fj-09-glucose-cannot-enter-mito,BIOLOGY,already_in,
bio-fj-09-sealed-container-co2,BIOLOGY,already_in,
bio-fj-10-pigment-extraction-principle,BIOLOGY,already_in,
bio-fj-10-pigment-separation-principle,BIOLOGY,already_in,
bio-fj-10-pigment-bands-order,BIOLOGY,already_in,
bio-fj-10-pigment-experiment-abnormal,BIOLOGY,already_in,
bio-fj-10-pigment-absorption-spectrum,BIOLOGY,already_in,
bio-fj-10-algae-distribution-light,BIOLOGY,already_in,
bio-fj-10-engelmann-experiment,BIOLOGY,already_in,
bio-fj-10-photosynthesis-history,BIOLOGY,already_in,
bio-fj-10-light-reaction-process,BIOLOGY,already_in,
bio-fj-10-dark-reaction-process,BIOLOGY,already_in,
bio-fj-10-light-dark-connection,BIOLOGY,already_in,
bio-fj-10-element-transfer-path,BIOLOGY,already_in,
bio-fj-10-nadph-role,BIOLOGY,already_in,
bio-fj-10-photosynthate-sucrose,BIOLOGY,already_in,
bio-fj-10-chemosynthesis-comparison,BIOLOGY,already_in,
bio-fj-10-c3-c5-change-rules,BIOLOGY,already_in,
bio-fj-10-light-off-change,BIOLOGY,already_in,
bio-fj-10-co2-off-change,BIOLOGY,already_in,
bio-fj-10-leaf-disc-float-experiment,BIOLOGY,already_in,
bio-fj-10-internal-factors-photosynthesis,BIOLOGY,already_in,
bio-fj-10-light-intensity-curve,BIOLOGY,already_in,
bio-fj-10-temperature-co2-factors,BIOLOGY,already_in,
bio-fj-10-water-midday-depression,BIOLOGY,already_in,
bio-fj-10-magnesium-chlorosis,BIOLOGY,already_in,
bio-fj-10-multiple-factors-limiting,BIOLOGY,already_in,
bio-fj-10-observed-vs-true-oxygen,BIOLOGY,already_in,
bio-fj-10-c3-c4-cam-plants,BIOLOGY,already_in,
bio-fj-10-photorespiration,BIOLOGY,already_in,
bio-fj-10-oxygen-from-catalase-too,BIOLOGY,already_in,
bio-fj-11-photosynthesis-respiration-link,BIOLOGY,already_in,
bio-fj-11-nadh-nadph-difference,BIOLOGY,already_in,
bio-fj-11-atp-source-destination,BIOLOGY,already_in,
bio-fj-11-three-rates-relationship,BIOLOGY,already_in,
bio-fj-11-rate-curve-identification,BIOLOGY,already_in,
bio-fj-11-device-method-photosynthesis,BIOLOGY,already_in,
bio-fj-11-leaf-disc-weighing-method,BIOLOGY,already_in,
bio-fj-11-black-white-bottle-method,BIOLOGY,already_in,
bio-fj-11-half-leaf-method,BIOLOGY,already_in,
bio-fj-11-compensation-saturation-shift,BIOLOGY,already_in,
bio-fj-11-summer-co2-curve,BIOLOGY,already_in,
bio-fj-11-closed-container-curve,BIOLOGY,already_in,
bio-fj-11-whole-plant-co2-zero,BIOLOGY,already_in,
bio-fj-11-leaf-area-index,BIOLOGY,already_in,
bio-fj-11-stomata-regulation-factors,BIOLOGY,already_in,
bio-fj-12-cell-division-types,BIOLOGY,already_in,
bio-fj-12-cell-cycle-definition,BIOLOGY,already_in,
bio-fj-12-daughter-cell-fates,BIOLOGY,already_in,
bio-fj-12-interphase-features,BIOLOGY,already_in,
bio-fj-12-cell-cycle-representation,BIOLOGY,already_in,
bio-fj-12-cell-cycle-checkpoints,BIOLOGY,already_in,
bio-fj-12-surface-volume-ratio,BIOLOGY,already_in,
bio-fj-12-mitosis-four-stages,BIOLOGY,already_in,
bio-fj-12-doubling-timing,BIOLOGY,already_in,
bio-fj-12-mitosis-significance,BIOLOGY,already_in,
bio-fj-12-animal-plant-mitosis-diff,BIOLOGY,already_in,
bio-fj-12-organelles-in-mitosis,BIOLOGY,already_in,
bio-fj-12-centrosome-behavior,BIOLOGY,already_in,
bio-fj-12-amitosis,BIOLOGY,already_in,
bio-fj-12-mitosis-mistakes,BIOLOGY,already_in,
bio-fj-12-chromosome-dna-ratio,BIOLOGY,already_in,
bio-fj-12-mitosis-number-table,BIOLOGY,already_in,
bio-fj-12-ratio-curve-interpretation,BIOLOGY,already_in,
bio-fj-12-root-tip-mitosis-experiment,BIOLOGY,already_in,
bio-fj-12-mitosis-observation-notes,BIOLOGY,already_in,
bio-fj-12-onion-multi-use,BIOLOGY,already_in,
bio-fj-12-cell-synchronization,BIOLOGY,already_in,
bio-fj-13-meiosis-concept,BIOLOGY,already_in,
bio-fj-13-homologous-chromosome,BIOLOGY,already_in,
bio-fj-13-synapsis-tetrad,BIOLOGY,already_in,
bio-fj-13-crossing-over,BIOLOGY,already_in,
bio-fj-13-sperm-formation-stages,BIOLOGY,already_in,
bio-fj-13-sperm-transformation,BIOLOGY,already_in,
bio-fj-13-gene-recombination-forms,BIOLOGY,already_in,
bio-fj-13-sperm-egg-comparison,BIOLOGY,already_in,
bio-fj-13-sex-identification,BIOLOGY,already_in,
bio-fj-13-one-spermatogonium-gametes,BIOLOGY,already_in,
bio-fj-13-chromosome-halving-timing,BIOLOGY,already_in,
bio-fj-13-gamete-diversity-causes,BIOLOGY,already_in,
bio-fj-13-gamete-types-calculation,BIOLOGY,already_in,
bio-fj-13-fertilization,BIOLOGY,already_in,
bio-fj-13-meiosis-fertilization-significance,BIOLOGY,already_in,
bio-fj-13-maternal-cytoplasmic-genes,BIOLOGY,already_in,
bio-fj-13-meiosis-mistakes,BIOLOGY,already_in,
bio-fj-13-meiosis-mutation-link,BIOLOGY,already_in,
bio-fj-13-meiosis-nondisjunction,BIOLOGY,already_in,
bio-fj-13-xxi-xyy-causes,BIOLOGY,already_in,
bio-fj-13-meiosis-vs-mitosis,BIOLOGY,already_in,
bio-fj-13-division-image-identification,BIOLOGY,already_in,
bio-fj-13-grasshopper-meiosis-observation,BIOLOGY,already_in,
bio-fj-13-drone-pseudomeiosis,BIOLOGY,already_in,
bio-fj-14-cell-differentiation-concept,BIOLOGY,already_in,
bio-fj-14-differentiation-essence,BIOLOGY,already_in,
bio-fj-14-differentiation-degree-division,BIOLOGY,already_in,
bio-fj-14-totipotency-concept,BIOLOGY,already_in,
bio-fj-14-totipotency-ranking,BIOLOGY,already_in,
bio-fj-14-plant-totipotency-conditions,BIOLOGY,already_in,
bio-fj-14-stem-cells,BIOLOGY,already_in,
bio-fj-14-cell-senescence-features,BIOLOGY,already_in,
bio-fj-14-senescence-appearance,BIOLOGY,already_in,
bio-fj-14-free-radical-theory,BIOLOGY,already_in,
bio-fj-14-telomere-theory,BIOLOGY,already_in,
bio-fj-14-cell-apoptosis,BIOLOGY,already_in,
bio-fj-14-cell-necrosis,BIOLOGY,already_in,
bio-fj-14-autophagy,BIOLOGY,already_in,
bio-fj-14-ferroptosis,BIOLOGY,already_in,
bio-fj-15-pea-advantages,BIOLOGY,already_in,
bio-fj-15-artificial-cross-pollination,BIOLOGY,already_in,
bio-fj-15-trait-concepts,BIOLOGY,already_in,
bio-fj-15-gene-concepts,BIOLOGY,already_in,
bio-fj-15-genotype-phenotype,BIOLOGY,already_in,
bio-fj-15-mating-type-concepts,BIOLOGY,already_in,
bio-fj-15-mendel-experiment-analysis,BIOLOGY,already_in,
bio-fj-15-test-cross-verification,BIOLOGY,already_in,
bio-fj-15-segregation-ratio-conditions,BIOLOGY,already_in,
bio-fj-15-segregation-law-essence,BIOLOGY,already_in,
bio-fj-15-verify-segregation-law,BIOLOGY,already_in,
bio-fj-15-segregation-law-application,BIOLOGY,already_in,
bio-fj-15-simulation-experiment,BIOLOGY,already_in,
bio-fj-15-dominance-judgment,BIOLOGY,already_in,
bio-fj-15-genotype-phenotype-inference,BIOLOGY,already_in,
bio-fj-15-selfing-probability,BIOLOGY,already_in,
bio-fj-15-free-mating-calculation,BIOLOGY,already_in,
bio-fj-15-sex-influenced-inheritance,BIOLOGY,already_in,
bio-fj-15-lethal-genes,BIOLOGY,already_in,
bio-fj-16-two-trait-cross,BIOLOGY,already_in,
bio-fj-16-independent-assortment-hypothesis,BIOLOGY,already_in,
bio-fj-16-independent-assortment-essence,BIOLOGY,already_in,
bio-fj-16-verify-independent-assortment,BIOLOGY,already_in,
bio-fj-16-recombination-type-ratio,BIOLOGY,already_in,
bio-fj-16-splitting-method,BIOLOGY,already_in,
bio-fj-16-inverse-combination,BIOLOGY,already_in,
bio-fj-16-n-pair-gene-patterns,BIOLOGY,already_in,
bio-fj-16-selfing-testcross-freemating,BIOLOGY,already_in,
bio-fj-16-modified-ratio-variants,BIOLOGY,already_in,
bio-fj-16-additive-gene-effect,BIOLOGY,already_in,
bio-fj-16-lethal-ratio-analysis,BIOLOGY,already_in,
bio-fj-16-linkage-crossing-over,BIOLOGY,already_in,
bio-fj-16-mendel-success-reasons,BIOLOGY,already_in,
bio-fj-16-cross-breeding-application,BIOLOGY,already_in,
bio-fj-17-sutton-hypothesis,BIOLOGY,already_in,
bio-fj-17-morgan-experiment,BIOLOGY,already_in,
bio-fj-17-gene-chromosome-relation,BIOLOGY,already_in,
bio-fj-17-sex-determination-types,BIOLOGY,already_in,
bio-fj-17-sex-chromosome-transmission,BIOLOGY,already_in,
bio-fj-17-pseudoautosomal-region,BIOLOGY,already_in,
bio-fj-17-sex-linked-concept,BIOLOGY,already_in,
bio-fj-17-x-recessive-traits,BIOLOGY,already_in,
bio-fj-17-x-dominant-y-linked,BIOLOGY,already_in,
bio-fj-17-sex-linked-application,BIOLOGY,already_in,
bio-fj-17-human-genetic-disease-types,BIOLOGY,already_in,
bio-fj-17-genetic-disease-survey,BIOLOGY,already_in,
bio-fj-17-prevention-genetic-disease,BIOLOGY,already_in,
bio-fj-17-pedigree-analysis-program,BIOLOGY,already_in,
bio-fj-17-two-disease-probability,BIOLOGY,already_in,
bio-fj-17-electrophoresis-pedigree,BIOLOGY,already_in,
bio-fj-17-probability-boy-girl-disease,BIOLOGY,already_in,
bio-fj-17-congenital-vs-genetic,BIOLOGY,already_in,
bio-fj-17-white-eye-female-origin,BIOLOGY,already_in,
bio-fj-18-autosome-vs-x-reciprocal,BIOLOGY,already_in,
bio-fj-18-autosome-vs-x-data,BIOLOGY,already_in,
bio-fj-18-x-pseudoautosomal-judgment,BIOLOGY,already_in,
bio-fj-18-autosome-vs-xy-homologous,BIOLOGY,already_in,
bio-fj-18-two-genes-same-chromosome,BIOLOGY,already_in,
bio-fj-18-gene-location-by-known-gene,BIOLOGY,already_in,
bio-fj-18-foreign-gene-integration,BIOLOGY,already_in,
bio-fj-19-r-s-pneumococcus,BIOLOGY,already_in,
bio-fj-19-griffith-experiment,BIOLOGY,already_in,
bio-fj-19-griffith-curve-analysis,BIOLOGY,already_in,
bio-fj-19-avery-experiment,BIOLOGY,already_in,
bio-fj-19-transformation-essence,BIOLOGY,already_in,
bio-fj-19-blender-experiment-design,BIOLOGY,already_in,
bio-fj-19-phage-infection-process,BIOLOGY,already_in,
bio-fj-19-blender-centrifuge-purpose,BIOLOGY,already_in,
bio-fj-19-phage-abnormal-results,BIOLOGY,already_in,
bio-fj-19-progeny-phage-label,BIOLOGY,already_in,
bio-fj-19-phage-experiment-conclusion,BIOLOGY,already_in,
bio-fj-19-tmv-experiment,BIOLOGY,already_in,
bio-fj-19-dna-main-hereditary,BIOLOGY,already_in,
bio-fj-19-conversion-mistakes,BIOLOGY,already_in,
bio-fj-20-dna-model-building,BIOLOGY,already_in,
bio-fj-20-dna-structure-features,BIOLOGY,already_in,
bio-fj-20-dna-structure-three-traits,BIOLOGY,already_in,
bio-fj-20-dna-strand-ends,BIOLOGY,already_in,
bio-fj-20-base-pair-rules,BIOLOGY,already_in,
bio-fj-20-gene-essence,BIOLOGY,already_in,
bio-fj-20-semiconservative-evidence,BIOLOGY,already_in,
bio-fj-20-dna-replication-process,BIOLOGY,already_in,
bio-fj-20-accurate-replication-reason,BIOLOGY,already_in,
bio-fj-20-replication-enzymes,BIOLOGY,already_in,
bio-fj-20-semidiscontinuous-replication,BIOLOGY,already_in,
bio-fj-20-replication-calculation,BIOLOGY,already_in,
bio-fj-20-replication-mistakes,BIOLOGY,already_in,
bio-fj-21-rna-types-functions,BIOLOGY,already_in,
bio-fj-21-transcription-process,BIOLOGY,already_in,
bio-fj-21-translation-process,BIOLOGY,already_in,
bio-fj-21-codon-anticodon,BIOLOGY,already_in,
bio-fj-21-polysome,BIOLOGY,already_in,
bio-fj-21-central-dogma,BIOLOGY,already_in,
bio-fj-21-replication-transcription-translation-comparison,BIOLOGY,already_in,
bio-fj-21-gene-controls-traits-two-ways,BIOLOGY,already_in,
bio-fj-21-gene-trait-not-one-to-one,BIOLOGY,already_in,
bio-fj-21-epigenetics-concept,BIOLOGY,already_in,
bio-fj-21-epigenetics-types,BIOLOGY,already_in,
bio-fj-21-selective-expression-genes,BIOLOGY,already_in,
bio-fj-22-variation-overview,BIOLOGY,already_in,
bio-fj-22-gene-mutation-concept,BIOLOGY,already_in,
bio-fj-22-mutation-cause-time,BIOLOGY,already_in,
bio-fj-22-mutation-features,BIOLOGY,already_in,
bio-fj-22-mutation-significance,BIOLOGY,already_in,
bio-fj-22-mutation-inheritance,BIOLOGY,already_in,
bio-fj-22-cancer-mechanism,BIOLOGY,already_in,
bio-fj-22-cancer-cell-features,BIOLOGY,already_in,
bio-fj-22-mutation-effect-on-protein,BIOLOGY,already_in,
bio-fj-22-mutation-no-phenotype,BIOLOGY,already_in,
bio-fj-22-gene-recombination-types,BIOLOGY,already_in,
bio-fj-22-sister-chromatid-alleles-judge,BIOLOGY,already_in,
bio-fj-22-chromosome-structure-variation,BIOLOGY,already_in,
bio-fj-22-chromosome-set-concept,BIOLOGY,already_in,
bio-fj-22-haploid-diploid-polyploid,BIOLOGY,already_in,
bio-fj-22-low-temperature-induction-experiment,BIOLOGY,already_in,
bio-fj-22-breeding-cross,BIOLOGY,already_in,
bio-fj-22-breeding-mutation,BIOLOGY,already_in,
bio-fj-22-breeding-haploid-polyploid,BIOLOGY,already_in,
bio-fj-22-polyploid-sterility-reasons,BIOLOGY,already_in,
bio-fj-22-variation-type-judgment,BIOLOGY,already_in,
bio-fj-22-chromosome-number-variation-types,BIOLOGY,already_in,
bio-fj-23-darwin-theory-components,BIOLOGY,already_in,
bio-fj-23-fossil-evidence,BIOLOGY,already_in,
bio-fj-23-other-evidence-common-ancestor,BIOLOGY,already_in,
bio-fj-23-common-ancestor-more-evidence,BIOLOGY,already_in,
bio-fj-23-adaptation-features,BIOLOGY,already_in,
bio-fj-23-lamarck-theory,BIOLOGY,already_in,
bio-fj-23-darwin-natural-selection-content,BIOLOGY,already_in,
bio-fj-23-darwin-long-neck,BIOLOGY,already_in,
bio-fj-23-darwin-limitation,BIOLOGY,already_in,
bio-fj-23-modern-theory-development,BIOLOGY,already_in,
bio-fj-23-population-gene-pool,BIOLOGY,already_in,
bio-fj-23-variation-material,BIOLOGY,already_in,
bio-fj-23-natural-selection-direction,BIOLOGY,already_in,
bio-fj-23-antibiotic-selection-experiment,BIOLOGY,already_in,
bio-fj-23-species-concept,BIOLOGY,already_in,
bio-fj-23-isolation-types,BIOLOGY,already_in,
bio-fj-23-speciation-models,BIOLOGY,already_in,
bio-fj-23-speciation-vs-evolution,BIOLOGY,already_in,
bio-fj-23-gene-frequency-calculation,BIOLOGY,already_in,
bio-fj-23-x-linked-gene-frequency,BIOLOGY,already_in,
bio-fj-23-hardy-weinberg,BIOLOGY,already_in,
bio-fj-23-coevolution,BIOLOGY,already_in,
bio-fj-23-biodiversity-levels,BIOLOGY,already_in,
bio-fj-23-evolution-theory-new-developments,BIOLOGY,already_in,
bio-fj-23-early-life-evolution,BIOLOGY,already_in,
bio-fj-24-body-fluid-composition,BIOLOGY,already_in,
bio-fj-24-internal-environment-composition,BIOLOGY,already_in,
bio-fj-24-plantissue-fluid-relationship,BIOLOGY,already_in,
bio-fj-24-cell-living-environment,BIOLOGY,already_in,
bio-fj-24-plasma-protein-difference,BIOLOGY,already_in,
bio-fj-24-osmotic-pressure-factors,BIOLOGY,already_in,
bio-fj-24-ph-and-temperature,BIOLOGY,already_in,
bio-fj-24-lactic-acid-buffer,BIOLOGY,already_in,
bio-fj-24-internal-environment-function,BIOLOGY,already_in,
bio-fj-24-tissue-fluid-not-internal,BIOLOGY,already_in,
bio-fj-24-homeostasis-concept,BIOLOGY,already_in,
bio-fj-24-homeostasis-regulation-mechanism,BIOLOGY,already_in,
bio-fj-24-homeostasis-significance,BIOLOGY,already_in,
bio-fj-24-blood-through-organs,BIOLOGY,already_in,
bio-fj-24-ph-simulation-experiment,BIOLOGY,already_in,
bio-fj-24-tissue-edema-causes,BIOLOGY,already_in,
bio-fj-24-abnormal-homeostasis-examples,BIOLOGY,already_in,
bio-fj-24-internal-environment-mistakes,BIOLOGY,already_in,
bio-fj-32-population-density-concept,BIOLOGY,already_in,
bio-fj-32-quadrat-method,BIOLOGY,already_in,
bio-fj-32-mark-recapture-method,BIOLOGY,already_in,
bio-fj-32-black-light-trap,BIOLOGY,already_in,
bio-fj-32-birth-death-rate,BIOLOGY,already_in,
bio-fj-32-age-structure-types,BIOLOGY,already_in,
bio-fj-32-sex-ratio-application,BIOLOGY,already_in,
bio-fj-32-j-shaped-curve,BIOLOGY,already_in,
bio-fj-32-s-shaped-curve,BIOLOGY,already_in,
bio-fj-32-lambda-curve-analysis,BIOLOGY,already_in,
bio-fj-32-yeast-population-experiment,BIOLOGY,already_in,
bio-fj-32-fishery-pest-application,BIOLOGY,already_in,
bio-fj-32-density-dependent-factors,BIOLOGY,already_in,
bio-fj-32-population-research-application,BIOLOGY,already_in,
bio-fj-33-community-concept-richness,BIOLOGY,already_in,
bio-fj-33-mutualism-protocooperation,BIOLOGY,already_in,
bio-fj-33-predation-parasitism-competition,BIOLOGY,already_in,
bio-fj-33-predation-vs-parasitism-detail,BIOLOGY,already_in,
bio-fj-33-vertical-structure,BIOLOGY,already_in,
bio-fj-33-horizontal-structure,BIOLOGY,already_in,
bio-fj-33-ecological-niche,BIOLOGY,already_in,
bio-fj-33-soil-animal-richness-experiment,BIOLOGY,already_in,
bio-fj-33-community-types,BIOLOGY,already_in,
bio-fj-33-sun-shade-plants,BIOLOGY,already_in,
bio-fj-33-ecotone-edge-effect,BIOLOGY,already_in,
bio-fj-33-succession-concept-types,BIOLOGY,already_in,
bio-fj-33-succession-features,BIOLOGY,already_in,
bio-fj-33-succession-judgment-method,BIOLOGY,already_in,
bio-fj-33-human-impact-succession,BIOLOGY,already_in,
bio-fj-33-community-mistakes,BIOLOGY,already_in,
bio-fj-zt-membrane-function-integration,BIOLOGY,already_in,
bio-fj-zt-secreted-protein-unity,BIOLOGY,already_in,
bio-fj-01-cell-structure-function-unit,BIOLOGY,already_in,
bio-fj-01-levels-hierarchy-order,BIOLOGY,already_in,
bio-fj-01-ecosystem-level-includes-abiotic,BIOLOGY,already_in,
bio-fj-01-life-needs-cell-evidence,BIOLOGY,already_in,
bio-fj-01-virus-ecological-role,BIOLOGY,already_in,
bio-fj-01-epidemic-prevention-measures,BIOLOGY,already_in,
bio-fj-01-prokaryote-examples,BIOLOGY,already_in,
bio-fj-01-nucleoid-dna-protein-complex,BIOLOGY,already_in,
bio-fj-01-yeast-budding-division,BIOLOGY,already_in,
bio-fj-01-virus-protein-host-ribosome,BIOLOGY,already_in,
bio-fj-02-c-h-o-n-most-4,BIOLOGY,already_in,
bio-fj-02-free-water-four-functions,BIOLOGY,already_in,
bio-fj-02-inorganic-salt-ion-examples,BIOLOGY,already_in,
bio-fj-02-water-content-differs,BIOLOGY,already_in,
bio-fj-02-elements-as-compounds,BIOLOGY,already_in,
bio-fj-02-felin-reaction-principle,BIOLOGY,already_in,
bio-fj-02-nmgp-photosynthesis,BIOLOGY,already_in,
bio-fj-02-protein-most-dry-weight,BIOLOGY,already_in,
bio-fj-03-fructose-galactose-distribution,BIOLOGY,already_in,
bio-fj-03-blood-glucose-to-triglyceride,BIOLOGY,already_in,
bio-fj-03-hydrolysis-vs-oxidation-end,BIOLOGY,already_in,
bio-fj-03-seed-storage-substances,BIOLOGY,already_in,
bio-fj-04-amino-acid-transport,BIOLOGY,already_in,
bio-fj-04-collagen-suture,BIOLOGY,already_in,
bio-fj-04-amino-acid-count-vs-type,BIOLOGY,already_in,
bio-fj-04-peptide-naming,BIOLOGY,already_in,
bio-fj-05-mito-dna-naked-ring,BIOLOGY,already_in,
bio-fj-05-enucleated-amoeba,BIOLOGY,already_in,
bio-fj-05-trypan-blue-viability,BIOLOGY,already_in,
bio-fj-05-membrane-lipid-50percent,BIOLOGY,already_in,
bio-fj-05-membrane-protein-40percent,BIOLOGY,already_in,
bio-fj-05-membrane-carb-2-10percent,BIOLOGY,already_in,
bio-fj-05-overton-experiment,BIOLOGY,already_in,
bio-fj-05-monolayer-area-2x,BIOLOGY,already_in,
bio-fj-05-surface-tension-protein,BIOLOGY,already_in,
bio-fj-06-water-soluble-vs-lipid-pigments,BIOLOGY,already_in,
bio-fj-06-er-mito-cooperation,BIOLOGY,already_in,
bio-fj-06-lysosome-origin-golgi,BIOLOGY,already_in,
bio-fj-06-root-tip-zone-organelles,BIOLOGY,already_in,
bio-fj-06-photosynthetic-tissue-chloroplast,BIOLOGY,already_in,
bio-fj-06-single-membrane-organelles-list,BIOLOGY,already_in,
bio-fj-06-double-membrane-organelles-list,BIOLOGY,already_in,
bio-fj-06-no-membrane-organelles-list,BIOLOGY,already_in,
bio-fj-06-organelles-containing-nucleic-acid,BIOLOGY,already_in,
bio-fj-06-replicable-organelles,BIOLOGY,already_in,
bio-fj-07-protoplast-vs-protoplast-body,BIOLOGY,already_in,
bio-fj-07-osmosis-concentration-meaning,BIOLOGY,already_in,
bio-fj-07-water-channel-protein-osmosis,BIOLOGY,already_in,
bio-fj-07-ethanol-free-diffusion,BIOLOGY,already_in,
bio-fj-08-efficiency-curve-compare,BIOLOGY,already_in,
bio-fj-08-optimal-temperature-measurement,BIOLOGY,already_in,
bio-fj-08-sweet-corn-blanch,BIOLOGY,already_in,
bio-fj-08-lysozyme-antibacterial,BIOLOGY,already_in,
bio-fj-08-fridge-preservation,BIOLOGY,already_in,
bio-fj-08-atp-not-only-direct-energy,BIOLOGY,already_in,
bio-fj-09-respiration-stage-one,BIOLOGY,already_in,
bio-fj-09-respiration-stage-two,BIOLOGY,already_in,
bio-fj-09-respiration-stage-three,BIOLOGY,already_in,
bio-fj-09-alcoholic-fermentation,BIOLOGY,already_in,
bio-fj-09-lactic-acid-fermentation,BIOLOGY,already_in,
bio-fj-09-inner-membrane-enzyme-rich,BIOLOGY,already_in,
bio-fj-09-anaerobic-pathogens,BIOLOGY,already_in,
bio-fj-10-circular-chromatography-colors,BIOLOGY,already_in,
bio-fj-10-scattered-light-adaptation,BIOLOGY,already_in,
bio-fj-10-light-reaction-water-splitting,BIOLOGY,already_in,
bio-fj-10-light-reaction-atp-synthesis,BIOLOGY,already_in,
bio-fj-10-dark-reaction-co2-fixation,BIOLOGY,already_in,
bio-fj-10-dark-reaction-c3-reduction,BIOLOGY,already_in,
bio-fj-11-respiration-supports-photosynthesis,BIOLOGY,already_in,
bio-fj-11-respiration-rate-keywords,BIOLOGY,already_in,
bio-fj-12-cell-proliferation-meaning,BIOLOGY,already_in,
bio-fj-12-mitosis-prophase-details,BIOLOGY,already_in,
bio-fj-12-mitosis-metaphase-feature,BIOLOGY,already_in,
bio-fj-12-mitosis-anaphase-feature,BIOLOGY,already_in,
bio-fj-12-mitosis-telophase-feature,BIOLOGY,already_in,
bio-fj-12-centrosome-aster-spindle,BIOLOGY,already_in,
bio-fj-12-tetraploid-cell-plate-formation,BIOLOGY,already_in,
bio-fj-13-meiosis-i-prophase-synapsis,BIOLOGY,already_in,
bio-fj-13-meiosis-i-metaphase-pairing,BIOLOGY,already_in,
bio-fj-13-meiosis-i-anaphase-separation,BIOLOGY,already_in,
bio-fj-13-meiosis-ii-features,BIOLOGY,already_in,
bio-fj-13-gamete-diversity-random-fertilization,BIOLOGY,already_in,
bio-fj-14-cell-vs-individual-senescence,BIOLOGY,already_in,
bio-fj-14-apoptosis-versus-necrosis-table,BIOLOGY,already_in,
bio-fj-15-pollen-iodine-verification,BIOLOGY,already_in,
bio-fj-15-testcross-purpose,BIOLOGY,already_in,
bio-fj-16-testcross-four-phenotypes-reason,BIOLOGY,already_in,
bio-fj-16-modified-ratio-9-7,BIOLOGY,already_in,
bio-fj-16-modified-ratio-9-3-4,BIOLOGY,already_in,
bio-fj-16-modified-ratio-15-1,BIOLOGY,already_in,
bio-fj-16-modified-ratio-9-6-1,BIOLOGY,already_in,
bio-fj-17-genetic-diagram-notation,BIOLOGY,already_in,
bio-fj-19-dna-renaturation-heating,BIOLOGY,already_in,
bio-fj-19-griffith-converts-partial,BIOLOGY,already_in,
bio-fj-19-bacteriophage-material-advantage,BIOLOGY,already_in,
bio-fj-20-multiple-replication-origins,BIOLOGY,already_in,
bio-fj-20-base-pair-rule-1-purine-pyrimidine,BIOLOGY,already_in,
bio-fj-20-base-pair-rule-2-complementary-ratio,BIOLOGY,already_in,
bio-fj-20-base-pair-rule-3-noncomplementary-inverse,BIOLOGY,already_in,
bio-fj-20-base-pair-rule-4-at-over-gc,BIOLOGY,already_in,
bio-fj-20-replication-calc-molecules,BIOLOGY,already_in,
bio-fj-20-replication-calc-materials,BIOLOGY,already_in,
bio-fj-21-reverse-transcription-features,BIOLOGY,already_in,
bio-fj-21-rna-replication-features,BIOLOGY,already_in,
bio-fj-22-methylation-not-mutation,BIOLOGY,already_in,
bio-fj-22-mutation-light-microscope,BIOLOGY,already_in,
bio-fj-22-chromosome-structure-types-detail,BIOLOGY,already_in,
bio-fj-22-translocation-vs-crossing-over,BIOLOGY,already_in,
bio-fj-23-adaptation-relativity-reason,BIOLOGY,already_in,
bio-fj-23-biodiversity-genetic-level,BIOLOGY,already_in,
bio-fj-23-biodiversity-species-ecosystem,BIOLOGY,already_in,
bio-fj-24-urea-origin-excretion,BIOLOGY,already_in,
bio-fj-24-artificial-uterus-conditions,BIOLOGY,already_in,
bio-fj-24-edema-essence,BIOLOGY,already_in,
bio-fj-32-quadrat-counting-rule,BIOLOGY,already_in,
bio-fj-32-j-curve-conditions,BIOLOGY,already_in,
bio-fj-32-negative-feedback-population,BIOLOGY,already_in,
bio-fj-32-small-population-decline,BIOLOGY,already_in,
bio-fj-33-symbiosis-vs-protocooperation-detail,BIOLOGY,already_in,
bio-fj-33-parasitism-vs-predation-examples,BIOLOGY,already_in,
bio-fj-33-competition-examples,BIOLOGY,already_in,
bio-fj-08-pasteur-liebig-debate,BIOLOGY,already_in,
bio-fj-08-buchner-ferment-extract,BIOLOGY,already_in,
bio-fj-08-sumner-urease-protein,BIOLOGY,already_in,
bio-fj-08-verify-enzyme-properties-design,BIOLOGY,already_in,
bio-fj-09-yeast-experiment-naoh-purpose,BIOLOGY,already_in,
bio-fj-09-yeast-seal-before-test,BIOLOGY,already_in,
bio-fj-09-burning-vs-respiration,BIOLOGY,already_in,
bio-fj-10-photosynthesis-definition,BIOLOGY,already_in,
bio-fj-10-light-compensation-point,BIOLOGY,already_in,
bio-fj-10-light-saturation-point,BIOLOGY,already_in,
bio-fj-11-black-bottle-rule1,BIOLOGY,already_in,
bio-fj-12-cell-cycle-fan-chart,BIOLOGY,already_in,
bio-fj-12-cell-cycle-straight-line-chart,BIOLOGY,already_in,
bio-fj-13-meiosis-mitosis-connection,BIOLOGY,already_in,
bio-fj-15-heterosis,BIOLOGY,already_in,
bio-fj-15-male-sterile-line-breeding,BIOLOGY,already_in,
bio-fj-16-n-pair-gametes-formula,BIOLOGY,already_in,
bio-fj-16-n-pair-f2-phenotype-formula,BIOLOGY,already_in,
bio-fj-17-corn-sex-genes,BIOLOGY,already_in,
bio-fj-17-sperm-chromosome-composition,BIOLOGY,already_in,
bio-fj-17-carrier-definition,BIOLOGY,already_in,
bio-fj-20-franklin-diffraction-evidence,BIOLOGY,already_in,
bio-fj-20-chargaff-rule-base-equality,BIOLOGY,already_in,
bio-fj-21-start-stop-codons,BIOLOGY,already_in,
bio-fj-21-codon-degeneracy-meaning,BIOLOGY,already_in,
bio-fj-22-mutation-substitution-effect,BIOLOGY,already_in,
bio-fj-22-mutation-insertion-deletion-effect,BIOLOGY,already_in,
bio-fj-23-selection-acting-levels,BIOLOGY,already_in,
bio-fj-23-gradual-speciation-model,BIOLOGY,already_in,
bio-fj-32-locust-pheromone-prevention,BIOLOGY,already_in,
bio-fj-32-cutworm-control-case,BIOLOGY,already_in,
bio-fj-33-community-seasonality,BIOLOGY,already_in,
bio-fj-33-dominant-species-concept,BIOLOGY,already_in,
bio-fj-33-primary-succession-stages,BIOLOGY,already_in,
bio-fj-33-secondary-succession-examples,BIOLOGY,already_in,
bio-fj-03-maltose-in-germinating-grain,BIOLOGY,already_in,
bio-fj-03-lactose-in-milk,BIOLOGY,already_in,
bio-fj-03-starch-in-storage-organs,BIOLOGY,already_in,
bio-fj-04-plasmid-dna-in-cytoplasm,BIOLOGY,already_in,
bio-fj-05-phospholipid-in-water-benzene,BIOLOGY,already_in,
bio-fj-05-communication-via-chemicals,BIOLOGY,already_in,
bio-fj-05-communication-by-contact,BIOLOGY,already_in,
bio-fj-05-communication-via-plasmodesmata,BIOLOGY,already_in,
bio-fj-06-nuclear-envelope-membrane-system,BIOLOGY,already_in,
bio-fj-07-plant-equal-flux-concentration,BIOLOGY,already_in,
bio-fj-09-aerobic-respiration-definition,BIOLOGY,already_in,
bio-fj-09-anaerobic-respiration-definition,BIOLOGY,already_in,
bio-fj-09-element-balance-aerobic,BIOLOGY,already_in,
bio-fj-10-chlorophyll-a-b-absorption-bands,BIOLOGY,already_in,
bio-fj-12-bar-chart-period-judgment,BIOLOGY,already_in,
bio-fj-13-polar-body-division,BIOLOGY,already_in,
bio-fj-14-callus-dedifferentiation,BIOLOGY,already_in,
bio-fj-21-base-pairing-sites,BIOLOGY,already_in,
bio-fj-21-prok-euk-expression-difference,BIOLOGY,already_in,
bio-fj-22-mutant-complementation-test,BIOLOGY,already_in,
bio-fj-22-gene-location-by-aneuploid,BIOLOGY,already_in,
bio-fj-32-math-model-building-steps,BIOLOGY,already_in,
bio-fj-32-population-fluctuation-patterns,BIOLOGY,already_in,
bio-fj-33-forest-types-north-to-south,BIOLOGY,already_in,
bio-fj-33-relative-abundance-succession,BIOLOGY,already_in,
bio-fj-02-carbohydrate-element-function,BIOLOGY,already_in,
bio-fj-02-protein-element-function,BIOLOGY,already_in,
bio-fj-02-nucleic-acid-element-function,BIOLOGY,already_in,
bio-fj-02-lipid-element-function,BIOLOGY,already_in,
bio-fj-03-cholesterol-functions-detail,BIOLOGY,already_in,
bio-fj-03-sex-hormone-function,BIOLOGY,already_in,
bio-fj-04-protein-catalysis-function,BIOLOGY,already_in,
bio-fj-04-protein-transport-function,BIOLOGY,already_in,
bio-fj-04-protein-immune-regulation-function,BIOLOGY,already_in,
bio-fj-04-dna-thorough-hydrolysis-products,BIOLOGY,already_in,
bio-fj-04-rna-thorough-hydrolysis-products,BIOLOGY,already_in,
bio-fj-04-starch-protein-hydrolysis-products,BIOLOGY,already_in,
bio-fj-05-membrane-compartmentalization,BIOLOGY,already_in,
bio-fj-05-membrane-enzyme-scaffold,BIOLOGY,already_in,
bio-fj-05-membrane-transport-energy-info,BIOLOGY,already_in,
bio-fj-07-concentration-difference-effect,BIOLOGY,already_in,
bio-fj-07-carrier-number-effect,BIOLOGY,already_in,
bio-fj-07-oxygen-effect-on-transport,BIOLOGY,already_in,
bio-fj-08-hydrolase-enzyme-list,BIOLOGY,already_in,
bio-fj-08-synthetic-enzyme-list,BIOLOGY,already_in,
bio-fj-09-aerobic-ratio-1-6-6,BIOLOGY,already_in,
bio-fj-09-anaerobic-ratio-1-2-2,BIOLOGY,already_in,
bio-fj-09-mixed-respiration-ratio,BIOLOGY,already_in,
bio-fj-10-carotene-pigment-feature,BIOLOGY,already_in,
bio-fj-10-chlorophyll-a-b-feature,BIOLOGY,already_in,
bio-fj-11-respiration-rate-definition,BIOLOGY,already_in,
bio-fj-11-net-photosynthesis-definition,BIOLOGY,already_in,
bio-fj-13-tetrad-count-equals-pairs,BIOLOGY,already_in,
bio-fj-14-nuclear-changes-in-aging,BIOLOGY,already_in,
bio-fj-14-substance-changes-in-aging,BIOLOGY,already_in,
bio-fj-15-forward-genotype-table,BIOLOGY,already_in,
bio-fj-17-cross-inheritance-feature,BIOLOGY,already_in,
bio-fj-17-sex-ratio-in-x-recessive,BIOLOGY,already_in,
bio-fj-19-avery-key-design-idea,BIOLOGY,already_in,
bio-fj-20-three-replication-hypotheses,BIOLOGY,already_in,
bio-fj-23-hardy-weinberg-preconditions,BIOLOGY,already_in,
bio-fj-24-plasma-internal-env-position,BIOLOGY,already_in,
bio-fj-24-tissue-lymph-positions,BIOLOGY,already_in,
bio-fj-32-mark-recapture-formula-detail,BIOLOGY,already_in,
bio-fj-32-j-curve-math-model,BIOLOGY,already_in,
bio-fj-33-vertical-layering-plants-reason,BIOLOGY,already_in,
bio-fj-33-vertical-layering-animals-reason,BIOLOGY,already_in,
bio-fj-01-all-cells-from-preexisting,BIOLOGY,already_in,
bio-fj-14-differentiation-markers,BIOLOGY,already_in,
bio-fj-17-x-linked-disease-examples,BIOLOGY,already_in,
bio-fj-22-chromosome-group-counting,BIOLOGY,already_in,
bio-fj-22-polyploid-plant-parts-chimera,BIOLOGY,already_in,
bio-fj-23-evolution-essence,BIOLOGY,already_in,
bio-fj-24-internal-env-saline-nature,BIOLOGY,already_in,
bio-fj-32-yeast-harvest-time,BIOLOGY,already_in,
bio-fj-33-soil-animal-decomposition-role,BIOLOGY,already_in,
bio-kb3-f1-s1-1-n01,BIOLOGY,already_in,
bio-kb3-f1-s1-1-n02,BIOLOGY,already_in,
bio-kb3-f1-s1-1-n03,BIOLOGY,already_in,
bio-kb3-f1-s1-1-n04,BIOLOGY,already_in,
bio-kb3-f1-s1-1-n05,BIOLOGY,already_in,
bio-kb3-f1-s1-1-n06,BIOLOGY,already_in,
bio-kb3-f1-s1-1-n07,BIOLOGY,already_in,
bio-kb3-f1-s1-1-n08,BIOLOGY,already_in,
bio-kb3-f1-s1-1-n09,BIOLOGY,already_in,
bio-kb3-f1-s1-1-n10,BIOLOGY,already_in,
bio-kb3-f1-s1-1-n11,BIOLOGY,already_in,
bio-kb3-f1-s1-2-n01,BIOLOGY,already_in,
bio-kb3-f1-s1-2-n02,BIOLOGY,already_in,
bio-kb3-f1-s1-2-n03,BIOLOGY,already_in,
bio-kb3-f1-s1-2-n05,BIOLOGY,already_in,
bio-kb3-f1-s1-2-n06,BIOLOGY,already_in,
bio-kb3-f1-s1-2-n07,BIOLOGY,already_in,
bio-kb3-f1-s1-2-n08,BIOLOGY,already_in,
bio-kb3-f1-s1-2-n09,BIOLOGY,already_in,
bio-kb3-f1-s1-2-n10,BIOLOGY,already_in,
bio-kb3-f1-s1-2-n11,BIOLOGY,already_in,
bio-kb3-f1-s1-2-n12,BIOLOGY,already_in,
bio-kb3-f1-s1-2-n13,BIOLOGY,already_in,
bio-kb3-f1-s1-2-n14,BIOLOGY,already_in,
bio-kb3-f1-s1-2-n15,BIOLOGY,already_in,
bio-kb3-f2-s2-1-n01,BIOLOGY,already_in,
bio-kb3-f2-s2-1-n02,BIOLOGY,already_in,
bio-kb3-f2-s2-1-n03,BIOLOGY,already_in,
bio-kb3-f2-s2-1-n05,BIOLOGY,already_in,
bio-kb3-f2-s2-1-n06,BIOLOGY,already_in,
bio-kb3-f2-s2-1-n07,BIOLOGY,already_in,
bio-kb3-f2-s2-1-n08,BIOLOGY,already_in,
bio-kb3-f2-s2-1-n09,BIOLOGY,already_in,
bio-kb3-f2-s2-1-n10,BIOLOGY,already_in,
bio-kb3-f2-s2-1-n11,BIOLOGY,already_in,
bio-kb3-f2-s2-1-n12,BIOLOGY,already_in,
bio-kb3-f2-s2-1-n13,BIOLOGY,already_in,
bio-kb3-f2-s2-2-n01,BIOLOGY,already_in,
bio-kb3-f2-s2-2-n02,BIOLOGY,already_in,
bio-kb3-f2-s2-2-n03,BIOLOGY,already_in,
bio-kb3-f2-s2-2-n04,BIOLOGY,already_in,
bio-kb3-f2-s2-2-n05,BIOLOGY,already_in,
bio-kb3-f2-s2-2-n06,BIOLOGY,already_in,
bio-kb3-f2-s2-2-n07,BIOLOGY,already_in,
bio-kb3-f2-s2-2-n08,BIOLOGY,already_in,
bio-kb3-f2-s2-3-n01,BIOLOGY,already_in,
bio-kb3-f2-s2-3-n02,BIOLOGY,already_in,
bio-kb3-f2-s2-3-n05,BIOLOGY,already_in,
bio-kb3-f2-s2-3-n06,BIOLOGY,already_in,
bio-kb3-f2-s2-3-n07,BIOLOGY,already_in,
bio-kb3-f2-s2-3-n08,BIOLOGY,already_in,
bio-kb3-f2-s2-3-n09,BIOLOGY,already_in,
bio-kb3-f2-s2-3-n10,BIOLOGY,already_in,
bio-kb3-f2-s2-3-n12,BIOLOGY,already_in,
bio-kb3-f2-s2-3-n13,BIOLOGY,already_in,
bio-kb3-f2-s2-3-n14,BIOLOGY,already_in,
bio-kb3-f2-s2-3-n15,BIOLOGY,already_in,
bio-kb3-f2-s2-4-n02,BIOLOGY,already_in,
bio-kb3-f2-s2-4-n03,BIOLOGY,already_in,
bio-kb3-f2-s2-4-n04,BIOLOGY,already_in,
bio-kb3-f2-s2-4-n05,BIOLOGY,already_in,
bio-kb3-f2-s2-4-n06,BIOLOGY,already_in,
bio-kb3-f2-s2-4-n07,BIOLOGY,already_in,
bio-kb3-f2-s2-4-n08,BIOLOGY,already_in,
bio-kb3-f2-s2-4-n09,BIOLOGY,already_in,
bio-kb3-f2-s2-5-n01,BIOLOGY,already_in,
bio-kb3-f2-s2-5-n02,BIOLOGY,already_in,
bio-kb3-f3-s3-1-n01,BIOLOGY,already_in,
bio-kb3-f3-s3-1-n02,BIOLOGY,already_in,
bio-kb3-f3-s3-1-n03,BIOLOGY,already_in,
bio-kb3-f3-s3-1-n04,BIOLOGY,already_in,
bio-kb3-f3-s3-1-n05,BIOLOGY,already_in,
bio-kb3-f3-s3-1-n06,BIOLOGY,already_in,
bio-kb3-f3-s3-1-n07,BIOLOGY,already_in,
bio-kb3-f3-s3-1-n08,BIOLOGY,already_in,
bio-kb3-f3-s3-1-n09,BIOLOGY,already_in,
bio-kb3-f3-s3-1-n10,BIOLOGY,already_in,
bio-kb3-f3-s3-1-n12,BIOLOGY,already_in,
bio-kb3-f3-s3-1-n14,BIOLOGY,already_in,
bio-kb3-f3-s3-1-n15,BIOLOGY,already_in,
bio-kb3-f3-s3-2-n01,BIOLOGY,already_in,
bio-kb3-f3-s3-2-n02,BIOLOGY,already_in,
bio-kb3-f3-s3-2-n03,BIOLOGY,already_in,
bio-kb3-f3-s3-2-n04,BIOLOGY,already_in,
bio-kb3-f3-s3-2-n05,BIOLOGY,already_in,
bio-kb3-f3-s3-2-n08,BIOLOGY,already_in,
bio-kb3-f3-s3-2-n09,BIOLOGY,already_in,
bio-kb3-f3-s3-2-n10,BIOLOGY,already_in,
bio-kb3-f3-s3-2-n11,BIOLOGY,already_in,
bio-kb3-f3-s3-2-n12,BIOLOGY,already_in,
bio-kb3-f3-s3-2-n13,BIOLOGY,already_in,
bio-kb3-f3-s3-2-n14,BIOLOGY,already_in,
bio-kb3-f3-s3-2-n15,BIOLOGY,already_in,
bio-kb3-f3-s3-2-n16,BIOLOGY,already_in,
bio-kb3-f3-s3-2-n17,BIOLOGY,already_in,
bio-kb3-f3-s3-2-n18,BIOLOGY,already_in,
bio-kb3-f3-s3-2-n19,BIOLOGY,already_in,
bio-kb3-f3-s3-2-n20,BIOLOGY,already_in,
bio-kb3-f3-s3-2-n22,BIOLOGY,already_in,
bio-kb3-f3-s3-2-n23,BIOLOGY,already_in,
bio-kb3-f3-s3-2-n24,BIOLOGY,already_in,
bio-kb3-f3-s3-3-n01,BIOLOGY,already_in,
bio-kb3-f3-s3-3-n02,BIOLOGY,already_in,
bio-kb3-f3-s3-3-n03,BIOLOGY,already_in,
bio-kb3-f3-s3-3-n04,BIOLOGY,already_in,
bio-kb3-f3-s3-3-n06,BIOLOGY,already_in,
bio-kb3-f3-s3-3-n07,BIOLOGY,already_in,
bio-kb3-f3-s3-3-n08,BIOLOGY,already_in,
bio-kb3-f3-s3-3-n10,BIOLOGY,already_in,
bio-kb3-f5-s5-1-n01,BIOLOGY,already_in,
bio-kb3-f5-s5-1-n02,BIOLOGY,already_in,
bio-kb3-f5-s5-1-n03,BIOLOGY,already_in,
bio-kb3-f5-s5-1-n04,BIOLOGY,already_in,
bio-kb3-f5-s5-1-n05,BIOLOGY,already_in,
bio-kb3-f5-s5-1-n06,BIOLOGY,already_in,
bio-kb3-f5-s5-1-n07,BIOLOGY,already_in,
bio-kb3-f5-s5-1-n08,BIOLOGY,already_in,
bio-kb3-f5-s5-1-n09,BIOLOGY,already_in,
bio-kb3-f5-s5-1-n10,BIOLOGY,already_in,
bio-kb3-f5-s5-1-n11,BIOLOGY,already_in,
bio-kb3-f5-s5-1-n12,BIOLOGY,already_in,
bio-kb3-f5-s5-1-n13,BIOLOGY,already_in,
bio-kb3-f5-s5-1-n14,BIOLOGY,already_in,
bio-kb3-f5-s5-1-n16,BIOLOGY,already_in,
bio-kb3-f5-s5-2-n01,BIOLOGY,already_in,
bio-kb3-f5-s5-2-n02,BIOLOGY,already_in,
bio-kb3-f5-s5-2-n03,BIOLOGY,already_in,
bio-kb3-f5-s5-2-n04,BIOLOGY,already_in,
bio-kb3-f5-s5-2-n05,BIOLOGY,already_in,
bio-kb3-f5-s5-2-n07,BIOLOGY,already_in,
bio-kb3-f5-s5-2-n08,BIOLOGY,already_in,
bio-kb3-f5-s5-2-n09,BIOLOGY,already_in,
bio-kb3-f5-s5-2-n10,BIOLOGY,already_in,
bio-kb3-f5-s5-2-n11,BIOLOGY,already_in,
bio-kb3-f5-s5-2-n12,BIOLOGY,already_in,
bio-kb3-f5-s5-2-n13,BIOLOGY,already_in,
bio-kb3-f5-s5-2-n14,BIOLOGY,already_in,
bio-kb3-f5-s5-3-n01,BIOLOGY,already_in,
bio-kb3-f5-s5-3-n02,BIOLOGY,already_in,
bio-kb3-f5-s5-3-n03,BIOLOGY,already_in,
bio-kb3-f5-s5-3-n04,BIOLOGY,already_in,
bio-kb3-f5-s5-3-n05,BIOLOGY,already_in,
bio-kb3-f5-s5-3-n06,BIOLOGY,already_in,
bio-kb3-f5-s5-3-n07,BIOLOGY,already_in,
bio-kb3-f5-s5-3-n08,BIOLOGY,already_in,
bio-kb3-f5-s5-3-n11,BIOLOGY,already_in,
bio-kb3-f5-s5-3-n12,BIOLOGY,already_in,
bio-kb3-f5-s5-3-n13,BIOLOGY,already_in,
bio-kb3-f5-s5-3-n14,BIOLOGY,already_in,
bio-kb3-f5-s5-4-1-n01,BIOLOGY,already_in,
bio-kb3-f5-s5-4-1-n02,BIOLOGY,already_in,
bio-kb3-f5-s5-4-1-n03,BIOLOGY,already_in,
bio-kb3-f5-s5-4-1-n04,BIOLOGY,already_in,
bio-kb3-f5-s5-4-1-n05,BIOLOGY,already_in,
bio-kb3-f5-s5-4-1-n06,BIOLOGY,already_in,
bio-kb3-f5-s5-4-1-n07,BIOLOGY,already_in,
bio-kb3-f5-s5-4-1-n08,BIOLOGY,already_in,
bio-kb3-f5-s5-4-1-n09,BIOLOGY,already_in,
bio-kb3-f5-s5-4-1-n10,BIOLOGY,already_in,
bio-kb3-f5-s5-4-1-n11,BIOLOGY,already_in,
bio-kb3-f5-s5-4-1-n12,BIOLOGY,already_in,
bio-kb3-f5-s5-4-1-n13,BIOLOGY,already_in,
bio-kb3-f5-s5-4-1-n14,BIOLOGY,already_in,
bio-kb3-f5-s5-4-2-n01,BIOLOGY,already_in,
bio-kb3-f5-s5-4-2-n02,BIOLOGY,already_in,
bio-kb3-f5-s5-4-2-n03,BIOLOGY,already_in,
bio-kb3-f5-s5-4-2-n04,BIOLOGY,already_in,
bio-kb3-f5-s5-4-2-n07,BIOLOGY,already_in,
bio-kb3-f5-s5-4-2-n08,BIOLOGY,already_in,
bio-kb3-f5-s5-4-2-n10,BIOLOGY,already_in,
bio-kb3-f5-s5-4-2-n11,BIOLOGY,already_in,
bio-kb3-f5-s5-4-3-n01,BIOLOGY,already_in,
bio-kb3-f5-s5-4-3-n02,BIOLOGY,already_in,
bio-kb3-f5-s5-4-3-n03,BIOLOGY,already_in,
bio-kb3-f5-s5-4-3-n04,BIOLOGY,already_in,
bio-kb3-f5-s5-4-3-n05,BIOLOGY,already_in,
bio-kb3-f5-s5-4-3-n06,BIOLOGY,already_in,
bio-kb3-f5-s5-4-3-n07,BIOLOGY,already_in,
bio-kb3-f5-s5-4-3-n08,BIOLOGY,already_in,
bio-kb3-f5-s5-4-3-n09,BIOLOGY,already_in,
bio-kb3-f5-s5-4-3-n10,BIOLOGY,already_in,
bio-kb3-f5-s5-4-3-n11,BIOLOGY,already_in,
bio-kb3-f1-s1-2-n04,BIOLOGY,already_in,
bio-kb3-f2-s2-1-n04,BIOLOGY,already_in,
bio-kb3-f2-s2-3-n03,BIOLOGY,already_in,
bio-kb3-f2-s2-3-n03x2,BIOLOGY,already_in,
bio-kb3-f2-s2-3-n11,BIOLOGY,already_in,
bio-kb3-f2-s2-3-n16,BIOLOGY,already_in,
bio-kb3-f2-s2-4-n01,BIOLOGY,already_in,
bio-kb3-f2-s2-5-n03,BIOLOGY,already_in,
bio-kb3-f2-s2-5-n05,BIOLOGY,already_in,
bio-kb3-f2-s2-5-n07,BIOLOGY,already_in,
bio-kb3-f2-s2-5-n08,BIOLOGY,already_in,
bio-kb3-f2-s2-5-n09,BIOLOGY,already_in,
bio-kb3-f3-s3-1-n11,BIOLOGY,already_in,
bio-kb3-f3-s3-1-n13,BIOLOGY,already_in,
bio-kb3-f3-s3-2-n06,BIOLOGY,already_in,
bio-kb3-f3-s3-2-n07,BIOLOGY,already_in,
bio-kb3-f3-s3-2-n21,BIOLOGY,already_in,
bio-kb3-f3-s3-3-n05,BIOLOGY,already_in,
bio-kb3-f3-s3-3-n09,BIOLOGY,already_in,
bio-kb3-f5-s5-1-n15,BIOLOGY,already_in,
bio-kb3-f5-s5-2-n06,BIOLOGY,already_in,
bio-kb3-f5-s5-3-n09,BIOLOGY,already_in,
bio-kb3-f5-s5-3-n10,BIOLOGY,already_in,
bio-kb3-f5-s5-3-n15,BIOLOGY,already_in,
bio-kb3-f5-s5-4-2-n05,BIOLOGY,already_in,
bio-kb3-f5-s5-4-2-n06,BIOLOGY,already_in,
bio-kb3-f5-s5-4-2-n09,BIOLOGY,already_in,
bio-kb3-f4-s02-n01,BIOLOGY,already_in,
bio-kb3-f4-s02-n02,BIOLOGY,already_in,
bio-kb3-f4-s02-n03,BIOLOGY,already_in,
bio-kb3-f4-s02-n04,BIOLOGY,already_in,
bio-kb3-f4-s02-n05,BIOLOGY,already_in,
bio-kb3-f4-s02-n06,BIOLOGY,already_in,
bio-kb3-f4-s02-n07,BIOLOGY,already_in,
bio-kb3-f4-s02-n08,BIOLOGY,already_in,
bio-kb3-f4-s02-n09,BIOLOGY,already_in,
bio-kb3-f4-s02-n10,BIOLOGY,already_in,
bio-kb3-f4-s02-n11,BIOLOGY,already_in,
bio-kb3-f4-s02-n12,BIOLOGY,already_in,
bio-kb3-f4-s02-n13,BIOLOGY,already_in,
bio-kb3-f4-s02-n14,BIOLOGY,already_in,
bio-kb3-f4-s02-n15,BIOLOGY,already_in,
bio-kb3-f4-s02-n16,BIOLOGY,already_in,
bio-kb3-f4-s02-n17,BIOLOGY,already_in,
bio-kb3-f4-s02-n18,BIOLOGY,already_in,
bio-kb3-f4-s02-n19,BIOLOGY,already_in,
bio-kb3-f4-s02-n20,BIOLOGY,already_in,
bio-kb3-f4-s03-n01,BIOLOGY,already_in,
bio-kb3-f4-s03-n02,BIOLOGY,already_in,
bio-kb3-f4-s03-n03,BIOLOGY,already_in,
bio-kb3-f4-s03-n04,BIOLOGY,already_in,
bio-kb3-f4-s03-n05,BIOLOGY,already_in,
bio-kb3-f4-s03-n06,BIOLOGY,already_in,
bio-kb3-f4-s03-n07,BIOLOGY,already_in,
bio-kb3-f4-s03-n08,BIOLOGY,already_in,
bio-kb3-f4-s03-n09,BIOLOGY,already_in,
bio-kb3-f4-s03-n10,BIOLOGY,already_in,
bio-kb3-f4-s03-n11,BIOLOGY,already_in,
bio-kb3-f4-s03-n12,BIOLOGY,already_in,
bio-kb3-f4-s03-n13,BIOLOGY,already_in,
bio-kb3-f4-s04-n01,BIOLOGY,already_in,
bio-kb3-f4-s04-n02,BIOLOGY,already_in,
bio-kb3-f4-s04-n03,BIOLOGY,already_in,
bio-kb3-f4-s04-n04,BIOLOGY,already_in,
bio-kb3-f4-s04-n05,BIOLOGY,already_in,
bio-kb3-f4-s04-n06,BIOLOGY,already_in,
bio-kb3-f4-s04-n07,BIOLOGY,already_in,
bio-kb3-f4-s04-n08,BIOLOGY,already_in,
bio-kb3-f4-s04-n09,BIOLOGY,already_in,
bio-kb3-f4-s04-n10,BIOLOGY,already_in,
bio-kb3-f4-s04-n11,BIOLOGY,already_in,
bio-kb3-f4-s04-n12,BIOLOGY,already_in,
bio-kb3-f4-s04-n13,BIOLOGY,already_in,
bio-kb3-f4-s05-n01,BIOLOGY,already_in,
bio-kb3-f4-s05-n02,BIOLOGY,already_in,
bio-kb3-f4-s05-n03,BIOLOGY,already_in,
bio-kb3-f4-s05-n04,BIOLOGY,already_in,
bio-kb3-f4-s05-n05,BIOLOGY,already_in,
bio-kb3-f4-s05-n06,BIOLOGY,already_in,
bio-kb3-f4-s05-n07,BIOLOGY,already_in,
bio-kb3-f4-s05-n08,BIOLOGY,already_in,
bio-kb3-f4-s05-n09,BIOLOGY,already_in,
bio-kb3-f4-s05-n10,BIOLOGY,already_in,
bio-kb3-f4-s05-n11,BIOLOGY,already_in,
bio-kb3-f4-s05-n12,BIOLOGY,already_in,
bio-kb3-f4-s06-n01,BIOLOGY,already_in,
bio-kb3-f4-s06-n02,BIOLOGY,already_in,
bio-kb3-f4-s06-n03,BIOLOGY,already_in,
bio-kb3-f4-s06-n04,BIOLOGY,already_in,
bio-kb3-f4-s06-n05,BIOLOGY,already_in,
bio-kb3-f4-s06-n06,BIOLOGY,already_in,
bio-kb3-f4-s06-n07,BIOLOGY,already_in,
bio-kb3-f4-s06-n08,BIOLOGY,already_in,
bio-kb3-f4-s06-n09,BIOLOGY,already_in,
bio-kb3-f4-s06-n10,BIOLOGY,already_in,
bio-kb3-f4-s07-n01,BIOLOGY,already_in,
bio-kb3-f4-s07-n02,BIOLOGY,already_in,
bio-kb3-f4-s07-n03,BIOLOGY,already_in,
bio-kb3-f4-s07-n04,BIOLOGY,already_in,
bio-kb3-f4-s07-n05,BIOLOGY,already_in,
bio-kb3-f4-s07-n06,BIOLOGY,already_in,
bio-kb3-f4-s07-n07,BIOLOGY,already_in,
bio-kb3-f4-s07-n08,BIOLOGY,already_in,
bio-kb3-f4-s07-n09,BIOLOGY,already_in,
bio-kb3-f4-s07-n10,BIOLOGY,already_in,
bio-kb3-f4-s08-n01,BIOLOGY,already_in,
bio-kb3-f4-s08-n02,BIOLOGY,already_in,
bio-kb3-f4-s08-n03,BIOLOGY,already_in,
bio-kb3-f4-s08-n04,BIOLOGY,already_in,
bio-kb3-f4-s08-n05,BIOLOGY,already_in,
bio-kb3-f4-s08-n06,BIOLOGY,already_in,
bio-kb3-f4-s08-n07,BIOLOGY,already_in,
bio-kb3-f4-s08-n08,BIOLOGY,already_in,
bio-kb3-f4-s09-n01,BIOLOGY,already_in,
bio-kb3-f4-s09-n02,BIOLOGY,already_in,
bio-kb3-f4-s09-n03,BIOLOGY,already_in,
bio-kb3-f4-s09-n04,BIOLOGY,already_in,
bio-kb3-f4-s09-n05,BIOLOGY,already_in,
bio-kb3-f4-s09-n06,BIOLOGY,already_in,
bio-kb3-f4-s10-n01,BIOLOGY,already_in,
bio-kb3-f4-s10-n02,BIOLOGY,already_in,
bio-kb3-f4-s10-n03,BIOLOGY,already_in,
bio-kb3-f4-s10-n04,BIOLOGY,already_in,
bio-kb3-f4-s10-n05,BIOLOGY,already_in,
bio-kb3-f4-s10-n06,BIOLOGY,already_in,
bio-kb3-f4-s10-n07,BIOLOGY,already_in,
bio-kb3-f4-s10-n08,BIOLOGY,already_in,
bio-kb3-f4-s10-n09,BIOLOGY,already_in,
bio-kb3-f4-s10-n10,BIOLOGY,already_in,
bio-kb3-f4-s10-n11,BIOLOGY,already_in,
bio-kb3-f4-s10-n12,BIOLOGY,already_in,
bio-kb3-f4-s10-n13,BIOLOGY,already_in,
bio-kb3-f4-s10-n14,BIOLOGY,already_in,
bio-kb3-f4-s10-n15,BIOLOGY,already_in,
bio-kb3-f4-s10-n16,BIOLOGY,already_in,
bio-kb3-f4-s10-n17,BIOLOGY,already_in,
bio-kb3-f4-s10-n18,BIOLOGY,already_in,
bio-kb3-f4-s10-n19,BIOLOGY,already_in,
bio-kb3-f4-s10-n20,BIOLOGY,already_in,
bio-kb3-f4-s10-n21,BIOLOGY,already_in,
bio-kb3-f4-s10-n22,BIOLOGY,already_in,
bio-kb3-f4-s10-n23,BIOLOGY,already_in,
bio-kb3-f4-s10-n24,BIOLOGY,already_in,
bio-kb3-f4-s10-n25,BIOLOGY,already_in,
bio-kb3-f4-s11-n01,BIOLOGY,already_in,
bio-kb3-f4-s11-n02,BIOLOGY,already_in,
bio-kb3-f4-s11-n03,BIOLOGY,already_in,
bio-kb3-f4-s11-n04,BIOLOGY,already_in,
bio-kb3-f4-s11-n05,BIOLOGY,already_in,
bio-kb3-f4-s11-n06,BIOLOGY,already_in,
bio-kb3-f4-s11-n07,BIOLOGY,already_in,
bio-kb3-f4-s11-n08,BIOLOGY,already_in,
bio-kb3-f4-s11-n09,BIOLOGY,already_in,
bio-kb3-f4-s11-n10,BIOLOGY,already_in,
bio-kb3-f4-s11-n11,BIOLOGY,already_in,
bio-kb3-f4-s11-n12,BIOLOGY,already_in,
bio-kb3-f4-s11-n13,BIOLOGY,already_in,
bio-kb3-f4-s11-n14,BIOLOGY,already_in,
bio-kb3-f4-s11-n15,BIOLOGY,already_in,
bio-kb3-f4-s11-n16,BIOLOGY,already_in,
bio-kb3-f4-s12-n01,BIOLOGY,already_in,
bio-kb3-f4-s12-n02,BIOLOGY,already_in,
bio-kb3-f4-s12-n03,BIOLOGY,already_in,
bio-kb3-f4-s12-n04,BIOLOGY,already_in,
bio-kb3-f4-s12-n05,BIOLOGY,already_in,
bio-kb3-f4-s12-n06,BIOLOGY,already_in,
bio-kb3-f4-s13-n01,BIOLOGY,already_in,
bio-kb3-f4-s13-n02,BIOLOGY,already_in,
bio-kb3-f4-s13-n03,BIOLOGY,already_in,
bio-kb3-f4-s14-n01,BIOLOGY,already_in,
bio-kb3-f4-s14-n02,BIOLOGY,already_in,
bio-kb3-f4-s14-n03,BIOLOGY,already_in,
bio-kb3-f4-s14-n04,BIOLOGY,already_in,
bio-kb3-f4-s15-n01,BIOLOGY,already_in,
bio-kb3-f4-s15-n02,BIOLOGY,already_in,
bio-kb3-f4-s16-n01,BIOLOGY,already_in,
bio-kb3-f4-s16-n02,BIOLOGY,already_in,
bio-kb3-f4-s16-n03,BIOLOGY,already_in,
bio-kb3-f4-s16-n04,BIOLOGY,already_in,
bio-kb3-f4-s16-n05,BIOLOGY,already_in,
bio-kb3-f4-s16-n06,BIOLOGY,already_in,
bio-kb3-f4-s16-n10,BIOLOGY,already_in,
bio-kb3-f4-s16-n11,BIOLOGY,already_in,
bio-kb3-f4-s16-n12,BIOLOGY,already_in,
bio-kb3-f4-s16-n13,BIOLOGY,already_in,
bio-kb3-f4-s17-n01,BIOLOGY,already_in,
bio-kb3-f4-s17-n02,BIOLOGY,already_in,
bio-kb3-f4-s18-n01,BIOLOGY,already_in,
bio-kb3-f4-s18-n02,BIOLOGY,already_in,
bio-kb3-f4-s18-n03,BIOLOGY,already_in,
bio-kb3-f4-s18-n04,BIOLOGY,already_in,
bio-kb3-f4-s18-n05,BIOLOGY,already_in,
bio-kb3-f4-s18-n06,BIOLOGY,already_in,
bio-kb3-f4-s18-n07,BIOLOGY,already_in,
bio-kb3-f4-s19-n01,BIOLOGY,already_in,
bio-kb3-f4-s19-n02,BIOLOGY,already_in,
bio-kb3-f4-s19-n03,BIOLOGY,already_in,
bio-kb3-f4-s19-n04,BIOLOGY,already_in,
bio-kb3-f4-s19-n05,BIOLOGY,already_in,
bio-kb3-f4-s19-n06,BIOLOGY,already_in,
bio-kb3-f4-s19-n07,BIOLOGY,already_in,
bio-kb3-f4-s19-n08,BIOLOGY,already_in,
bio-kb3-f4-s19-n09,BIOLOGY,already_in,
bio-kb3-f4-s19-n10,BIOLOGY,already_in,
bio-kb3-f4-s19-n11,BIOLOGY,already_in,
bio-kb3-f4-s19-n12,BIOLOGY,already_in,
bio-kb3-f4-s19-n13,BIOLOGY,already_in,
bio-kb3-f4-s19-n14,BIOLOGY,already_in,
bio-kb3-f4-s19-n15,BIOLOGY,already_in,
bio-kb3-f4-s19-n16,BIOLOGY,already_in,
bio-kb3-f4-s19-n17,BIOLOGY,already_in,
bio-kb3-f4-s20-n01,BIOLOGY,already_in,
bio-kb3-f4-s20-n02,BIOLOGY,already_in,
bio-kb3-f4-s20-n03,BIOLOGY,already_in,
bio-kb3-f4-s20-n04,BIOLOGY,already_in,
bio-kb3-f4-s20-n05,BIOLOGY,already_in,
bio-kb3-f4-s20-n06,BIOLOGY,already_in,
bio-kb3-f4-s20-n07,BIOLOGY,already_in,
bio-kb3-f4-s20-n08,BIOLOGY,already_in,
bio-kb3-f4-s20-n09,BIOLOGY,already_in,
bio-kb3-f4-s21-n01,BIOLOGY,already_in,
bio-kb3-f4-s21-n02,BIOLOGY,already_in,
bio-kb3-f4-s21-n03,BIOLOGY,already_in,
bio-kb3-f4-s21-n04,BIOLOGY,already_in,
bio-kb3-f4-s22-n01,BIOLOGY,already_in,
bio-kb3-f4-s22-n02,BIOLOGY,already_in,
bio-kb3-f4-s22-n03,BIOLOGY,already_in,
bio-kb3-f4-s22-n04,BIOLOGY,already_in,
bio-kb3-f4-s22-n05,BIOLOGY,already_in,
bio-kb3-f4-s22-n06,BIOLOGY,already_in,
bio-kb3-f4-s22-n07,BIOLOGY,already_in,
bio-kb3-f4-s22-n08,BIOLOGY,already_in,
bio-kb3-f4-s22-n09,BIOLOGY,already_in,
bio-kb3-f4-s22-n10,BIOLOGY,already_in,
bio-kb3-f4-s22-n11,BIOLOGY,already_in,
bio-kb3-f4-s22-n12,BIOLOGY,already_in,
bio-kb3-f4-s22-n13,BIOLOGY,already_in,
bio-kb3-f4-s22-n14,BIOLOGY,already_in,
bio-kb3-f4-s22-n18,BIOLOGY,already_in,
bio-kb3-f4-s22-n19,BIOLOGY,already_in,
bio-kb3-f4-s22-n20,BIOLOGY,already_in,
bio-kb3-f4-s22-n21,BIOLOGY,already_in,
bio-kb3-f4-s22-n22,BIOLOGY,already_in,
bio-kb3-f4-s23-n01,BIOLOGY,already_in,
bio-kb3-f4-s23-n02,BIOLOGY,already_in,
bio-kb3-f4-s23-n03,BIOLOGY,already_in,
bio-kb3-f4-s23-n04,BIOLOGY,already_in,
bio-kb3-f4-s23-n05,BIOLOGY,already_in,
bio-kb3-f4-s23-n06,BIOLOGY,already_in,
bio-kb3-f4-s23-n07,BIOLOGY,already_in,
bio-kb3-f4-s23-n08,BIOLOGY,already_in,
bio-kb3-f4-s23-n09,BIOLOGY,already_in,
bio-kb3-f4-s24-n01,BIOLOGY,already_in,
bio-kb3-f4-s24-n02,BIOLOGY,already_in,
bio-kb3-f4-s24-n03,BIOLOGY,already_in,
bio-kb3-f4-s25-n01,BIOLOGY,already_in,
bio-kb3-f4-s25-n02,BIOLOGY,already_in,
bio-kb3-f4-s25-n03,BIOLOGY,already_in,
bio-kb3-f4-s25-n04,BIOLOGY,already_in,
bio-kb3-f4-s26-n01,BIOLOGY,already_in,
bio-kb3-f4-s26-n02,BIOLOGY,already_in,
bio-kb3-f4-s26-n03,BIOLOGY,already_in,
bio-kb3-f4-s26-n04,BIOLOGY,already_in,
bio-kb3-f4-s26-n05,BIOLOGY,already_in,
bio-kb3-f4-s26-n06,BIOLOGY,already_in,
bio-kb3-f4-s27-n01,BIOLOGY,already_in,
bio-kb3-f4-s27-n02,BIOLOGY,already_in,
bio-kb3-f4-s27-n03,BIOLOGY,already_in,
bio-kb3-f4-s27-n04,BIOLOGY,already_in,
bio-kb3-f4-s27-n05,BIOLOGY,already_in,
bio-kb3-f4-s28-n01,BIOLOGY,already_in,
bio-kb3-f4-s28-n02,BIOLOGY,already_in,
bio-kb3-f4-s28-n03,BIOLOGY,already_in,
bio-kb3-f4-s28-n04,BIOLOGY,already_in,
bio-kb3-f4-s28-n05,BIOLOGY,already_in,
bio-kb3-f4-s28-n06,BIOLOGY,already_in,
bio-kb3-f4-s29-n01,BIOLOGY,already_in,
bio-kb3-f4-s29-n02,BIOLOGY,already_in,
bio-kb3-f4-s29-n03,BIOLOGY,already_in,
bio-kb3-f4-s29-n04,BIOLOGY,already_in,
bio-kb3-f4-s30-n01,BIOLOGY,already_in,
bio-kb3-f4-s30-n02,BIOLOGY,already_in,
bio-kb3-f4-s30-n03,BIOLOGY,already_in,
bio-kb3-f4-s31-n01,BIOLOGY,already_in,
bio-kb3-f4-s31-n02,BIOLOGY,already_in,
bio-kb3-f4-s31-n03,BIOLOGY,already_in,
bio-kb3-f4-s31-n04,BIOLOGY,already_in,
bio-kb3-f4-s31-n05,BIOLOGY,already_in,
bio-kb3-f4-s31-n06,BIOLOGY,already_in,
bio-kb3-f4-s31-n07,BIOLOGY,already_in,
bio-kb3-f4-s31-n08,BIOLOGY,already_in,
bio-kb3-f4-s31-n09,BIOLOGY,already_in,
bio-kb3-f4-s31-n10,BIOLOGY,already_in,
bio-kb3-f4-s32-n01,BIOLOGY,already_in,
bio-kb3-f4-s32-n02,BIOLOGY,already_in,
bio-kb3-f4-s32-n03,BIOLOGY,already_in,
bio-kb3-f4-s32-n04,BIOLOGY,already_in,
bio-kb3-f4-s32-n05,BIOLOGY,already_in,
bio-kb3-f4-s33-n01,BIOLOGY,already_in,
bio-kb3-f4-s33-n02,BIOLOGY,already_in,
bio-kb3-f4-s33-n03,BIOLOGY,already_in,
bio-kb3-f4-s33-n04,BIOLOGY,already_in,
bio-kb3-f4-s33-n05,BIOLOGY,already_in,
bio-kb3-f4-s33-n06,BIOLOGY,already_in,
bio-kb3-f4-s34-n01,BIOLOGY,already_in,
bio-kb3-f4-s34-n02,BIOLOGY,already_in,
bio-kb3-f4-s34-n03,BIOLOGY,already_in,
bio-kb3-f4-s34-n04,BIOLOGY,already_in,
bio-kb3-f4-s99-n01,BIOLOGY,already_in,
bio-kb3-f4-s99-n02,BIOLOGY,already_in,
bio-kb3-f4-s99-n03,BIOLOGY,already_in,
bio-kb3-f4-s99-n04,BIOLOGY,already_in,
bio-kb3-f4-s99-n05,BIOLOGY,already_in,
bio-kb3-f4-s35-n01,BIOLOGY,already_in,
bio-kb3-f4-s35-n02,BIOLOGY,already_in,
bio-kb3-f4-s35-n03,BIOLOGY,already_in,
bio-kb3-f4-s35-n04,BIOLOGY,already_in,
bio-kb3-f4-s35-n05,BIOLOGY,already_in,
bio-kb3-f4-s35-n06,BIOLOGY,already_in,
bio-kb3-f4-s35-n07,BIOLOGY,already_in,
bio-kb3-f4-s35-n08,BIOLOGY,already_in,
bio-kb3-f4-s35-n09,BIOLOGY,already_in,
bio-kb3-f4-s35-n10,BIOLOGY,already_in,
bio-kb3-f4-s35-n11,BIOLOGY,already_in,
bio-kb3-f4-s35-n12,BIOLOGY,already_in,
bio-kb3-f4-s35-n13,BIOLOGY,already_in,
bio-kb3-f4-s36-n01,BIOLOGY,already_in,
bio-kb3-f4-s36-n02,BIOLOGY,already_in,
bio-kb3-f4-s36-n03,BIOLOGY,already_in,
bio-kb3-f4-s37-n01,BIOLOGY,already_in,
bio-kb3-f4-s37-n02,BIOLOGY,already_in,
bio-kb3-f4-s37-n03,BIOLOGY,already_in,
bio-kb3-f4-s37-n04,BIOLOGY,already_in,
bio-kb3-f4-s37-n05,BIOLOGY,already_in,
bio-kb3-f4-s37-n06,BIOLOGY,already_in,
bio-kb3-f4-s37-n07,BIOLOGY,already_in,
bio-kb3-f4-s37-n08,BIOLOGY,already_in,
bio-kb3-f4-s37-n09,BIOLOGY,already_in,
bio-kb3-f4-s37-n10,BIOLOGY,already_in,
bio-kb3-f4-s37-n11,BIOLOGY,already_in,
bio-kb3-f4-s38-n01,BIOLOGY,already_in,
bio-kb3-f4-s38-n02,BIOLOGY,already_in,
bio-kb3-f4-s38-n03,BIOLOGY,already_in,
bio-kb3-f4-s38-n04,BIOLOGY,already_in,
bio-kb3-f4-s38-n05,BIOLOGY,already_in,
bio-kb3-f4-s38-n07,BIOLOGY,already_in,
bio-kb3-f4-s38-n08,BIOLOGY,already_in,
bio-kb3-f4-s38-n09,BIOLOGY,already_in,
bio-kb3-f4-s38-n10,BIOLOGY,already_in,
bio-kb3-f4-s38-n11,BIOLOGY,already_in,
bio-kb3-f4-s38-n12,BIOLOGY,already_in,
bio-kb3-f4-s38-n13,BIOLOGY,already_in,
bio-kb3-f4-s38-n14,BIOLOGY,already_in,
bio-kb3-f4-s38-n15,BIOLOGY,already_in,
bio-kb3-f4-s38-n16,BIOLOGY,already_in,
bio-kb3-f4-s38-n17,BIOLOGY,already_in,
bio-kb3-f4-s38-n18,BIOLOGY,already_in,
bio-kb3-f4-s38-n19,BIOLOGY,already_in,
bio-kb3-f4-s38-n20,BIOLOGY,already_in,
bio-kb3-f4-s38-n21,BIOLOGY,already_in,
bio-kb3-f4-s38-n22,BIOLOGY,already_in,
bio-kb3-f4-s38-n23,BIOLOGY,already_in,
bio-kb3-f4-s38-n25,BIOLOGY,already_in,
bio-kb3-f4-s38-n26,BIOLOGY,already_in,
bio-kb3-f4-s38-n27,BIOLOGY,already_in,
bio-kb3-f4-s38-n28,BIOLOGY,already_in,
bio-kb3-f4-s38-n29,BIOLOGY,already_in,
bio-kb3-f4-s38-n30,BIOLOGY,already_in,
bio-kb3-f4-s38-n31,BIOLOGY,already_in,
bio-kb3-f4-s38-n32,BIOLOGY,already_in,
bio-kb3-f4-s38-n33,BIOLOGY,already_in,
bio-kb3-f4-s39-n01,BIOLOGY,already_in,
bio-kb3-f4-s39-n02,BIOLOGY,already_in,
bio-kb3-f4-s39-n03,BIOLOGY,already_in,
bio-kb3-f4-s39-n04,BIOLOGY,already_in,
bio-kb3-f4-s39-n05,BIOLOGY,already_in,
bio-kb3-f4-s40-n01,BIOLOGY,already_in,
bio-kb3-f4-s40-n02,BIOLOGY,already_in,
bio-kb3-f4-s40-n03,BIOLOGY,already_in,
bio-kb3-f4-s40-n04,BIOLOGY,already_in,
bio-kb3-f4-s41-n01,BIOLOGY,already_in,
bio-kb3-f4-s41-n02,BIOLOGY,already_in,
bio-kb3-f4-s41-n03,BIOLOGY,already_in,
bio-kb3-f4-s41-n04,BIOLOGY,already_in,
bio-kb3-f4-s41-n05,BIOLOGY,already_in,
bio-kb3-f4-s41-n06,BIOLOGY,already_in,
bio-kb3-f4-s41-n07,BIOLOGY,already_in,
bio-kb3-f4-s41-n08,BIOLOGY,already_in,
bio-kb3-f4-s41-n09,BIOLOGY,already_in,
bio-kb3-f4-s41-n10,BIOLOGY,already_in,
bio-kb3-f4-s41-n11,BIOLOGY,already_in,
bio-kb3-f4-s41-n12,BIOLOGY,already_in,
bio-kb3-f4-s42-n01,BIOLOGY,already_in,
bio-kb3-f4-s42-n02,BIOLOGY,already_in,
bio-kb3-f4-s42-n03,BIOLOGY,already_in,
bio-kb3-f4-s42-n04,BIOLOGY,already_in,
bio-kb3-f4-s42-n05,BIOLOGY,already_in,
bio-kb3-f4-s42-n06,BIOLOGY,already_in,
bio-kb3-f4-s42-n07,BIOLOGY,already_in,
bio-kb3-f4-s42-n08,BIOLOGY,already_in,
bio-kb3-f4-s42-n09,BIOLOGY,already_in,
bio-kb3-f4-s42-n10,BIOLOGY,already_in,
bio-kb3-f4-s42-n11,BIOLOGY,already_in,
bio-kb3-f4-s42-n12,BIOLOGY,already_in,
bio-kb3-f4-s42-n13,BIOLOGY,already_in,
bio-kb3-f4-s42-n14,BIOLOGY,already_in,
bio-kb3-f4-s43-n01,BIOLOGY,already_in,
bio-kb3-f4-s43-n02,BIOLOGY,already_in,
bio-kb3-f4-s43-n03,BIOLOGY,already_in,
bio-kb3-f4-s43-n04,BIOLOGY,already_in,
bio-kb3-f4-s43-n05,BIOLOGY,already_in,
bio-kb3-f4-s43-n06,BIOLOGY,already_in,
bio-kb3-f4-s43-n07,BIOLOGY,already_in,
bio-kb3-f4-s43-n08,BIOLOGY,already_in,
bio-kb3-f4-s43-n09,BIOLOGY,already_in,
bio-kb3-f4-s43-n10,BIOLOGY,already_in,
bio-kb3-f4-s44-n01,BIOLOGY,already_in,
bio-kb3-f4-s44-n02,BIOLOGY,already_in,
bio-kb3-f4-s44-n03,BIOLOGY,already_in,
bio-kb3-f4-s44-n04,BIOLOGY,already_in,
bio-kb3-f4-s44-n05,BIOLOGY,already_in,
bio-kb3-f4-s44-n06,BIOLOGY,already_in,
bio-kb3-f4-s44-n07,BIOLOGY,already_in,
bio-kb3-f4-s45-n01,BIOLOGY,already_in,
bio-kb3-f4-s45-n02,BIOLOGY,already_in,
bio-kb3-f4-s45-n03,BIOLOGY,already_in,
bio-kb3-f4-s45-n04,BIOLOGY,already_in,
bio-kb3-f4-s45-n05,BIOLOGY,already_in,
bio-kb3-f4-s45-n06,BIOLOGY,already_in,
bio-kb3-f4-s45-n07,BIOLOGY,already_in,
bio-kb3-f4-s45-n08,BIOLOGY,already_in,
bio-kb3-f4-s45-n09,BIOLOGY,already_in,
bio-kb3-f4-s45-n10,BIOLOGY,already_in,
bio-kb3-f4-s46-n01,BIOLOGY,already_in,
bio-kb3-f4-s46-n02,BIOLOGY,already_in,
bio-kb3-f4-s46-n03,BIOLOGY,already_in,
bio-kb3-f4-s46-n04,BIOLOGY,already_in,
bio-kb3-f4-s46-n05,BIOLOGY,already_in,
bio-kb3-f4-s46-n06,BIOLOGY,already_in,
bio-kb3-f4-s46-n07,BIOLOGY,already_in,
bio-kb3-f4-s46-n08,BIOLOGY,already_in,
bio-kb3-f4-s47-n01,BIOLOGY,already_in,
bio-kb3-f4-s47-n02,BIOLOGY,already_in,
bio-kb3-f4-s47-n03,BIOLOGY,already_in,
bio-kb3-f4-s47-n04,BIOLOGY,already_in,
bio-kb3-f4-s47-n05,BIOLOGY,already_in,
bio-kb3-f4-s47-n06,BIOLOGY,already_in,
bio-kb3-f4-s47-n07,BIOLOGY,already_in,
bio-kb3-f4-s48-n01,BIOLOGY,already_in,
bio-kb3-f4-s48-n02,BIOLOGY,already_in,
bio-kb3-f4-s48-n03,BIOLOGY,already_in,
bio-kb3-f4-s48-n04,BIOLOGY,already_in,
bio-kb3-f4-s49-n01,BIOLOGY,already_in,
bio-kb3-f4-s49-n02,BIOLOGY,already_in,
bio-kb3-f4-s49-n03,BIOLOGY,already_in,
bio-kb3-f4-s49-n04,BIOLOGY,already_in,
bio-kb3-f4-s49-n05,BIOLOGY,already_in,
bio-kb3-f4-s49-n06,BIOLOGY,already_in,
bio-kb3-f4-s49-n07,BIOLOGY,already_in,
bio-kb3-f4-s49-n08,BIOLOGY,already_in,
bio-kb3-f4-s49-n09,BIOLOGY,already_in,
bio-kb3-f4-s49-n10,BIOLOGY,already_in,
bio-kb3-f4-s49-n11,BIOLOGY,already_in,
bio-kb3-f4-s50-n01,BIOLOGY,already_in,
bio-kb3-f4-s50-n02,BIOLOGY,already_in,
bio-kb3-f4-s50-n03,BIOLOGY,already_in,
bio-kb3-f4-s50-n04,BIOLOGY,already_in,
bio-kb3-f4-s50-n05,BIOLOGY,already_in,
bio-kb3-f4-s50-n07,BIOLOGY,already_in,
bio-kb3-f4-s50-n08,BIOLOGY,already_in,
bio-kb3-f4-s50-n09,BIOLOGY,already_in,
bio-kb3-f4-s51-n01,BIOLOGY,already_in,
bio-kb3-f4-s51-n02,BIOLOGY,already_in,
bio-kb3-f4-s51-n03,BIOLOGY,already_in,
bio-kb3-f4-s51-n04,BIOLOGY,already_in,
bio-kb3-f4-s51-n05,BIOLOGY,already_in,
bio-kb3-f4-s51-n06,BIOLOGY,already_in,
bio-kb3-f4-s51-n07,BIOLOGY,already_in,
bio-kb3-f4-s51-n08,BIOLOGY,already_in,
bio-kb3-f4-s51-n09,BIOLOGY,already_in,
bio-kb3-f4-s51-n10,BIOLOGY,already_in,
bio-kb3-f4-s51-n11,BIOLOGY,already_in,
bio-kb3-f4-s51-n12,BIOLOGY,already_in,
bio-kb3-f4-s51-n13,BIOLOGY,already_in,
bio-kb3-f4-s51-n14,BIOLOGY,already_in,
bio-kb3-f4-s51-n15,BIOLOGY,already_in,
bio-kb3-f4-s51-n16,BIOLOGY,already_in,
bio-kb3-f4-s51-n17,BIOLOGY,already_in,
bio-kb3-f4-s52-n01,BIOLOGY,already_in,
bio-kb3-f4-s52-n02,BIOLOGY,already_in,
bio-kb3-f4-s52-n03,BIOLOGY,already_in,
bio-kb3-f4-s52-n04,BIOLOGY,already_in,
bio-kb3-f4-s53-n01,BIOLOGY,already_in,
bio-kb3-f4-s53-n02,BIOLOGY,already_in,
bio-kb3-f4-s53-n03,BIOLOGY,already_in,
bio-kb3-f4-s53-n04,BIOLOGY,already_in,
bio-kb3-f4-s53-n05,BIOLOGY,already_in,
bio-kb3-f4-s53-n06,BIOLOGY,already_in,
bio-kb3-f4-s53-n07,BIOLOGY,already_in,
bio-kb3-f4-s53-n08,BIOLOGY,already_in,
bio-kb3-f4-s54-n01,BIOLOGY,already_in,
bio-kb3-f4-s54-n02,BIOLOGY,already_in,
bio-kb3-f4-s54-n03,BIOLOGY,already_in,
bio-kb3-f4-s54-n04,BIOLOGY,already_in,
bio-kb3-f4-s54-n05,BIOLOGY,already_in,
bio-kb3-f4-s54-n06,BIOLOGY,already_in,
bio-kb3-f4-s54-n07,BIOLOGY,already_in,
bio-kb3-f4-s54-n08,BIOLOGY,already_in,
bio-kb3-f4-s54-n09,BIOLOGY,already_in,
bio-kb3-f4-s54-n10,BIOLOGY,already_in,
bio-kb3-f4-s54-n11,BIOLOGY,already_in,
bio-kb3-f4-s54-n12,BIOLOGY,already_in,
bio-kb3-f4-s54-n13,BIOLOGY,already_in,
bio-kb3-f4-s55-n01,BIOLOGY,already_in,
bio-kb3-f4-s55-n02,BIOLOGY,already_in,
bio-kb3-f4-s55-n03,BIOLOGY,already_in,
bio-kb3-f4-s55-n04,BIOLOGY,already_in,
bio-kb3-f4-s55-n05,BIOLOGY,already_in,
bio-kb3-f4-s55-n06,BIOLOGY,already_in,
bio-kb3-f4-s56-n01,BIOLOGY,already_in,
bio-kb3-f4-s56-n02,BIOLOGY,already_in,
bio-kb3-f4-s56-n03,BIOLOGY,already_in,
bio-kb3-f4-s56-n04,BIOLOGY,already_in,
bio-kb3-f4-s56-n05,BIOLOGY,already_in,
bio-kb3-f4-s56-n06,BIOLOGY,already_in,
bio-kb3-f4-s57-n01,BIOLOGY,already_in,
bio-kb3-f4-s57-n02,BIOLOGY,already_in,
bio-kb3-f4-s57-n03,BIOLOGY,already_in,
bio-kb3-f4-s57-n04,BIOLOGY,already_in,
bio-kb3-f4-s57-n05,BIOLOGY,already_in,
bio-kb3-f4-s57-n06,BIOLOGY,already_in,
bio-kb3-f4-s57-n07,BIOLOGY,already_in,
bio-kb3-f4-s57-n08,BIOLOGY,already_in,
bio-kb3-f4-s58-n01,BIOLOGY,already_in,
bio-kb3-f4-s58-n02,BIOLOGY,already_in,
bio-kb3-f4-s58-n03,BIOLOGY,already_in,
bio-kb3-f4-s58-n04,BIOLOGY,already_in,
bio-kb3-f4-s58-n05,BIOLOGY,already_in,
bio-kb3-f4-s58-n06,BIOLOGY,already_in,
bio-kb3-f4-s58-n07,BIOLOGY,already_in,
bio-kb3-f4-s59-n01,BIOLOGY,already_in,
bio-kb3-f4-s59-n02,BIOLOGY,already_in,
bio-kb3-f4-s59-n03,BIOLOGY,already_in,
bio-kb3-f4-s59-n04,BIOLOGY,already_in,
bio-kb3-f4-s59-n05,BIOLOGY,already_in,
bio-kb3-f4-s59-n06,BIOLOGY,already_in,
bio-kb3-f4-s59-n07,BIOLOGY,already_in,
bio-kb3-f4-s59-n08,BIOLOGY,already_in,
bio-kb3-f4-s59-n09,BIOLOGY,already_in,
bio-kb3-f4-s60-n01,BIOLOGY,already_in,
bio-kb3-f4-s60-n02,BIOLOGY,already_in,
bio-kb3-f4-s60-n03,BIOLOGY,already_in,
bio-kb3-f4-s60-n04,BIOLOGY,already_in,
bio-kb3-f4-s60-n05,BIOLOGY,already_in,
bio-kb3-f4-s60-n06,BIOLOGY,already_in,
bio-kb3-f4-s60-n07,BIOLOGY,already_in,
bio-gene-concept,BIOLOGY,already_in,
bio-allele-concept,BIOLOGY,already_in,
bio-genotype-phenotype,BIOLOGY,already_in,
bio-complete-dominance,BIOLOGY,already_in,
bio-incomplete-dominance,BIOLOGY,already_in,
bio-segregation-law,BIOLOGY,already_in,
bio-free-combination-law,BIOLOGY,already_in,
bio-linkage,BIOLOGY,already_in,
bio-genetic-mutation-germ-somatic,BIOLOGY,already_in,
bio-sex-determination-xy,BIOLOGY,already_in,
bio-ribosome-function,BIOLOGY,already_in,
bio-mitochondria-structure,BIOLOGY,already_in,
bio-chloroplast-structure,BIOLOGY,already_in,
bio-golgi-function,BIOLOGY,already_in,
bio-lysosome-function,BIOLOGY,already_in,
bio-er-function,BIOLOGY,already_in,
bio-vacuole-function,BIOLOGY,already_in,
bio-peroxisome,BIOLOGY,already_in,
bio-cytoskeleton,BIOLOGY,already_in,
bio-semi-autonomous-organelles,BIOLOGY,already_in,
bio-unicellular-multicellular,BIOLOGY,already_in,
bio-bacteria-cyanobacteria,BIOLOGY,already_in,
bio-monosaccharide,BIOLOGY,already_in,
bio-disaccharide,BIOLOGY,already_in,
bio-polysaccharide,BIOLOGY,already_in,
bio-lipid-functions,BIOLOGY,already_in,
bio-aminoacid,BIOLOGY,already_in,
bio-peptide-bond,BIOLOGY,already_in,
bio-protein-levels,BIOLOGY,already_in,
bio-dna-nucleotide,BIOLOGY,already_in,
bio-rna-nucleotide,BIOLOGY,already_in,
bio-nucleic-acid-functions,BIOLOGY,already_in,
bio-water-cell,BIOLOGY,already_in,
bio-inorganic-salts,BIOLOGY,already_in,
bio-chromosome-structure,BIOLOGY,already_in,
bio-homologous-chromosome,BIOLOGY,already_in,
bio-nonsister-chromatid-exchange,BIOLOGY,already_in,
bio-sister-chromatids,BIOLOGY,already_in,
bio-gap-enzyme-engineering,BIOLOGY,already_in,
bio-gap-material-cycle,BIOLOGY,already_in,
bio-gap-gibberellin,BIOLOGY,already_in,
bio-gap-ethylene,BIOLOGY,already_in,
bio-gap-bioaccumulation,BIOLOGY,already_in,
bio-fx-virus-structure-classification,BIOLOGY,already_in,
bio-fx-virus-living-cell-culture,BIOLOGY,already_in,
bio-fx-virus-materials-from-host,BIOLOGY,already_in,
bio-fx-rna-virus-info-pathways,BIOLOGY,already_in,
bio-fx-virus-nucleic-acid-identify,BIOLOGY,already_in,
bio-fx-phage-labeling-method,BIOLOGY,already_in,
bio-fx-retrovirus-treatment,BIOLOGY,already_in,
bio-fx-influenza-variation-cause,BIOLOGY,already_in,
bio-fx-sf-certain-uncertain,BIOLOGY,already_in,
bio-fx-vesicle-target-recognition,BIOLOGY,already_in,
bio-fx-signal-peptide-hypothesis,BIOLOGY,already_in,
bio-fx-cop-kdel-retrieval,BIOLOGY,already_in,
bio-fx-constitutive-regulated-secretion,BIOLOGY,already_in,
bio-fx-vesicle-fluidity,BIOLOGY,already_in,
bio-fx-atp-driven-pumps,BIOLOGY,already_in,
bio-fx-cotransport-energy,BIOLOGY,already_in,
bio-fx-light-driven-pump,BIOLOGY,already_in,
bio-fx-carrier-vs-channel,BIOLOGY,already_in,
bio-fx-glucose-transport-cases,BIOLOGY,already_in,
bio-fx-sodium-potassium-pump-detail,BIOLOGY,already_in,
bio-fx-exp-single-variable,BIOLOGY,already_in,
bio-fx-exp-control-types,BIOLOGY,already_in,
bio-fx-exp-parallel-repetition,BIOLOGY,already_in,
bio-fx-exp-scientific-principle,BIOLOGY,already_in,
bio-fx-variable-add-subtract,BIOLOGY,already_in,
bio-fx-variable-change,BIOLOGY,already_in,
bio-fx-exp-idea-vs-step,BIOLOGY,already_in,
bio-fx-exp-purpose-phrasing,BIOLOGY,already_in,
bio-fx-exp-hypothesis-writing,BIOLOGY,already_in,
bio-fx-exp-principle-three-parts,BIOLOGY,already_in,
bio-fx-exp-result-vs-conclusion,BIOLOGY,already_in,
bio-fx-exp-design-procedure,BIOLOGY,already_in,
bio-fx-exp-model-classification,BIOLOGY,already_in,
bio-fx-exp-evaluation,BIOLOGY,already_in,
bio-fx-hormone-research-methods,BIOLOGY,already_in,
bio-fx-hormone-exp-notes,BIOLOGY,already_in,
bio-fx-auxin-produce-site-exp,BIOLOGY,already_in,
bio-fx-auxin-lateral-transport-exp,BIOLOGY,already_in,
bio-fx-auxin-polar-transport-exp,BIOLOGY,already_in,
bio-fx-apical-dominance-exp,BIOLOGY,already_in,
bio-fx-element-n-function,BIOLOGY,already_in,
bio-fx-element-p-s-markers,BIOLOGY,already_in,
bio-fx-monomer-polymer-map,BIOLOGY,already_in,
bio-fx-sugar-lipid-functions,BIOLOGY,already_in,
bio-fx-protein-diversity-cause,BIOLOGY,already_in,
bio-fx-main-vs-unique-words,BIOLOGY,already_in,
bio-fx-reducing-sugar-scope,BIOLOGY,already_in,
bio-fx-fat-vs-sugar-oxidation,BIOLOGY,already_in,
bio-fx-fehling-vs-biuret,BIOLOGY,already_in,
bio-fx-a-meaning-in-molecules,BIOLOGY,already_in,
bio-fx-three-rna-functions,BIOLOGY,already_in,
bio-fx-virus-rna-unstable,BIOLOGY,already_in,
bio-fx-info-molecule-types,BIOLOGY,already_in,
bio-fx-enzyme-antibody-transporter,BIOLOGY,already_in,
bio-fx-transport-judge-direction,BIOLOGY,already_in,
bio-fx-transport-material-cases,BIOLOGY,already_in,
bio-fx-transport-curve-models,BIOLOGY,already_in,
bio-fx-secreted-protein-path,BIOLOGY,already_in,
bio-fx-er-vs-golgi-processing,BIOLOGY,already_in,
bio-fx-secreted-protein-template,BIOLOGY,already_in,
bio-fx-mcq-basic-three-steps,BIOLOGY,already_in,
bio-fx-mcq-cell-molecule-pitfalls,BIOLOGY,already_in,
bio-fx-mcq-metabolism-pitfalls,BIOLOGY,already_in,
bio-fx-mcq-lifecycle-pitfalls,BIOLOGY,already_in,
bio-fx-mcq-genetics-pitfalls,BIOLOGY,already_in,
bio-fx-mcq-regulation-eco-pitfalls,BIOLOGY,already_in,
bio-fx-mcq-biotech-pitfalls,BIOLOGY,already_in,
bio-fx-cristae-grana-causality,BIOLOGY,already_in,
bio-fx-structure-question-template,BIOLOGY,already_in,
bio-fx-cell-membrane-functions,BIOLOGY,already_in,
bio-fx-nucleus-organelle-functions,BIOLOGY,already_in,
bio-fx-fermentation-question-map,BIOLOGY,already_in,
bio-fx-yeast-characters,BIOLOGY,already_in,
bio-fx-acetobacter-characters,BIOLOGY,already_in,
bio-fx-lactobacillus-characters,BIOLOGY,already_in,
bio-fx-mucor-characters,BIOLOGY,already_in,
bio-fx-media-components,BIOLOGY,already_in,
bio-fx-media-classification,BIOLOGY,already_in,
bio-fx-sterilization-methods,BIOLOGY,already_in,
bio-fx-disinfection-methods,BIOLOGY,already_in,
bio-fx-autoclave-notes,BIOLOGY,already_in,
bio-fx-streak-vs-spread,BIOLOGY,already_in,
bio-fx-counting-formula,BIOLOGY,already_in,
bio-fx-selective-media-screening,BIOLOGY,already_in,
bio-fx-differential-indicator,BIOLOGY,already_in,
bio-fx-fermentation-engineering-flow,BIOLOGY,already_in,
bio-fx-traditional-fermentation-conditions,BIOLOGY,already_in,
bio-fx-microbe-answer-skills,BIOLOGY,already_in,
bio-fx-meiosis-mutation-link,BIOLOGY,already_in,
bio-fx-recombination-two-sources,BIOLOGY,already_in,
bio-fx-meiosis-1-abnormal-rule,BIOLOGY,already_in,
bio-fx-meiosis-2-abnormal-rule,BIOLOGY,already_in,
bio-fx-xxy-individual-origin,BIOLOGY,already_in,
bio-fx-xyy-individual-origin,BIOLOGY,already_in,
bio-fx-autophagy-concept,BIOLOGY,already_in,
bio-fx-ferroptosis-features,BIOLOGY,already_in,
bio-fx-pyroptosis-features,BIOLOGY,already_in,
bio-fx-dominance-judging-methods,BIOLOGY,already_in,
bio-fx-testcross-not-dominance,BIOLOGY,already_in,
bio-fx-homo-hetero-identify,BIOLOGY,already_in,
bio-fx-geno-phenotype-inference,BIOLOGY,already_in,
bio-fx-selfing-n-generation,BIOLOGY,already_in,
bio-fx-selfing-eliminate-aa,BIOLOGY,already_in,
bio-fx-free-mating-three-methods,BIOLOGY,already_in,
bio-fx-maternal-effect,BIOLOGY,already_in,
bio-fx-maternal-vs-cytoplasmic,BIOLOGY,already_in,
bio-fx-fusion-inheritance,BIOLOGY,already_in,
bio-fx-phenocopy-identify,BIOLOGY,already_in,
bio-fx-dominance-relative-comparison,BIOLOGY,already_in,
bio-fx-multiple-alleles-count,BIOLOGY,already_in,
bio-fx-squash-sex-alleles,BIOLOGY,already_in,
bio-fx-lethal-gamete-calculation,BIOLOGY,already_in,
bio-fx-lethal-zygote-calculation,BIOLOGY,already_in,
bio-fx-sex-influenced-inheritance,BIOLOGY,already_in,
bio-fx-sex-influenced-vs-linked,BIOLOGY,already_in,
bio-fx-nuclear-male-sterility,BIOLOGY,already_in,
bio-fx-cytoplasmic-male-sterility,BIOLOGY,already_in,
bio-fx-nucleo-cytoplasmic-sterility,BIOLOGY,already_in,
bio-fx-4n-sum-ratio,BIOLOGY,already_in,
bio-fx-additive-genes-ratio,BIOLOGY,already_in,
bio-fx-pistol-model-zygotic-lethal,BIOLOGY,already_in,
bio-fx-goldfish-model-gamete-lethal,BIOLOGY,already_in,
bio-fx-testcross-gamete-ratio,BIOLOGY,already_in,
bio-fx-classic-ratio-variants,BIOLOGY,already_in,
bio-fx-independent-vs-linked-judge,BIOLOGY,already_in,
bio-fx-mutant-allelic-test,BIOLOGY,already_in,
bio-fx-original-vs-new-mutation,BIOLOGY,already_in,
bio-fx-linkage-crossover-ratio,BIOLOGY,already_in,
bio-fx-electrophoresis-gene-location,BIOLOGY,already_in,
bio-fx-transgene-insertion-judge,BIOLOGY,already_in,
bio-fx-fluorescence-label-count,BIOLOGY,already_in,
bio-fx-gene-regulation-knockout,BIOLOGY,already_in,
bio-fx-gene-frequency-definition,BIOLOGY,already_in,
bio-fx-x-linked-frequency,BIOLOGY,already_in,
bio-fx-gene-frequency-formula,BIOLOGY,already_in,
bio-fx-hardy-weinberg-conditions,BIOLOGY,already_in,
bio-fx-hardy-weinberg-calculation,BIOLOGY,already_in,
bio-fx-xb-frequency-male-female,BIOLOGY,already_in,
bio-fx-primer-essence-role,BIOLOGY,already_in,
bio-fx-primer-design-principles,BIOLOGY,already_in,
bio-fx-primer-3-end-5-end,BIOLOGY,already_in,
bio-fx-pcr-primer-count,BIOLOGY,already_in,
bio-fx-pcr-third-cycle-specific,BIOLOGY,already_in,
bio-fx-double-enzyme-cloning,BIOLOGY,already_in,
bio-fx-pcr-gene-detection,BIOLOGY,already_in,
bio-fx-rt-pcr,BIOLOGY,already_in,
bio-fx-inverse-pcr,BIOLOGY,already_in,
bio-fx-overlap-extension-pcr,BIOLOGY,already_in,
bio-fx-megaprimer-pcr,BIOLOGY,already_in,
bio-fx-primer-mutation-rounds,BIOLOGY,already_in,
bio-fx-nested-pcr,BIOLOGY,already_in,
bio-fx-dual-marker-imprint-screening,BIOLOGY,already_in,
bio-fx-blue-white-screening,BIOLOGY,already_in,
bio-fx-crispr-components,BIOLOGY,already_in,
bio-fx-crispr-applications,BIOLOGY,already_in,
bio-fx-euk-gene-processing,BIOLOGY,already_in,
bio-fx-operon-negative-regulation,BIOLOGY,already_in,
bio-fx-rna-interference,BIOLOGY,already_in,
bio-fx-dna-repair-three-types,BIOLOGY,already_in,
bio-fx-mismatch-repair,BIOLOGY,already_in,
bio-fx-judge-metabolism-site,BIOLOGY,already_in,
bio-fx-judge-homeostasis-dynamic,BIOLOGY,already_in,
bio-fx-judge-starch-digestion,BIOLOGY,already_in,
bio-fx-judge-plasma-osmotic-ions,BIOLOGY,already_in,
bio-fx-judge-autonomic-nerves,BIOLOGY,already_in,
bio-fx-judge-synapse-signal,BIOLOGY,already_in,
bio-fx-judge-neurotransmitter-effect,BIOLOGY,already_in,
bio-fx-judge-reflex-conditions,BIOLOGY,already_in,
bio-fx-judge-hormone-biuret,BIOLOGY,already_in,
bio-fx-judge-adh-release,BIOLOGY,already_in,
bio-fx-judge-glucagon-liver-glycogen,BIOLOGY,already_in,
bio-fx-judge-thyroid-energy,BIOLOGY,already_in,
bio-fx-judge-hormone-transport,BIOLOGY,already_in,
bio-fx-judge-heat-production-balance,BIOLOGY,already_in,
bio-fx-judge-aldosterone-sodium,BIOLOGY,already_in,
bio-fx-judge-helper-t-cells,BIOLOGY,already_in,
bio-fx-judge-lymphocyte-antigen,BIOLOGY,already_in,
bio-fx-judge-plasma-cell-sources,BIOLOGY,already_in,
bio-fx-judge-antibody-location,BIOLOGY,already_in,
bio-fx-judge-allergy-overreaction,BIOLOGY,already_in,
bio-fx-judge-organ-transplant-hla,BIOLOGY,already_in,
bio-fx-judge-iaa-not-protein,BIOLOGY,already_in,
bio-fx-judge-auxin-optimal-concentration,BIOLOGY,already_in,
bio-fx-judge-cytokinin-origin,BIOLOGY,already_in,
bio-fx-judge-aba-ga-ratio,BIOLOGY,already_in,
bio-fx-judge-gravity-statolith,BIOLOGY,already_in,
bio-fx-judge-hormone-gene-environment,BIOLOGY,already_in,
bio-fx-hormone-target-specificity,BIOLOGY,already_in,
bio-fx-heart-dual-innervation,BIOLOGY,already_in,
bio-fx-action-potential-sodium,BIOLOGY,already_in,
bio-fx-hypothalamus-pituitary-control,BIOLOGY,already_in,
bio-fx-hiv-immune-collapse,BIOLOGY,already_in,
bio-fx-hbv-immune-process,BIOLOGY,already_in,
bio-fx-c4-pathway,BIOLOGY,already_in,
bio-fx-c4-no-noon-dip,BIOLOGY,already_in,
bio-fx-c3-c4-structure-comparison,BIOLOGY,already_in,
bio-fx-cam-pathway,BIOLOGY,already_in,
bio-fx-cam-adaptive-meaning,BIOLOGY,already_in,
bio-fx-cam-ph-verification,BIOLOGY,already_in,
bio-fx-c3-basic-pathway,BIOLOGY,already_in,
bio-fx-rubisco-dual-function,BIOLOGY,already_in,
bio-fx-photorespiration-mechanism,BIOLOGY,already_in,
bio-fx-photorespiration-benefit,BIOLOGY,already_in,
bio-fx-photoinhibition-defense,BIOLOGY,already_in,
bio-fx-stress-photosynthesis,BIOLOGY,already_in,
bio-fx-carboxysome,BIOLOGY,already_in,
bio-fx-mitotic-labeling-rule,BIOLOGY,already_in,
bio-fx-meiosis-labeling-rule,BIOLOGY,already_in,
bio-fx-mito-then-meio-labeling,BIOLOGY,already_in,
bio-fx-brdu-staining-method,BIOLOGY,already_in,
bio-fx-leading-lagging-strands,BIOLOGY,already_in,
bio-fx-okazaki-fragments,BIOLOGY,already_in,
bio-fx-rna-primer-reason,BIOLOGY,already_in,
bio-fx-telomere-shortening,BIOLOGY,already_in,
bio-fx-trisome-gamete-labeling,BIOLOGY,already_in,
bio-fx-autotetraploid-gamete-ratio,BIOLOGY,already_in,
bio-fx-meiosis-variation-summary,BIOLOGY,already_in,
bio-fx-chromosome-group-count-shape,BIOLOGY,already_in,
bio-fx-chromosome-group-count-genotype,BIOLOGY,already_in,
bio-fx-chromosome-group-count-formula,BIOLOGY,already_in,
bio-fx-diploid-polyploid-haploid,BIOLOGY,already_in,
bio-fx-variation-diagram-distinguish,BIOLOGY,already_in,
bio-fx-crossover-vs-translocation,BIOLOGY,already_in,
bio-fx-low-temp-chromosome-doubling,BIOLOGY,already_in,
bio-fx-hybrid-breeding,BIOLOGY,already_in,
bio-fx-mutation-breeding,BIOLOGY,already_in,
bio-fx-haploid-breeding,BIOLOGY,already_in,
bio-fx-polyploid-breeding,BIOLOGY,already_in,
bio-fx-monosome-trisome-location,BIOLOGY,already_in,
bio-fx-fruit-flesh-chromosome-sets,BIOLOGY,already_in,
bio-fx-male-bee-sperm-sets,BIOLOGY,already_in,
bio-fx-sex-chromosome-not-universal,BIOLOGY,already_in,
bio-fx-photorespiration-vs-respiration,BIOLOGY,already_in,
bio-fx-transcription-coupled-repair,BIOLOGY,already_in,
bio-fx-hypo-photosynthetic-acclimation,BIOLOGY,already_in,
bio-fx-albumin-edema-mechanism,BIOLOGY,already_in,
bio-fx-gravity-light-hormone-distribution,BIOLOGY,already_in,
bio-fx-light-quality-ecosystem-note,BIOLOGY,already_in,
bio-fx-population-concept,BIOLOGY,already_in,
bio-fx-population-quantitative-traits,BIOLOGY,already_in,
bio-fx-age-structure-three-types,BIOLOGY,already_in,
bio-fx-population-spatial-patterns,BIOLOGY,already_in,
bio-fx-quadrat-method,BIOLOGY,already_in,
bio-fx-mark-recapture,BIOLOGY,already_in,
bio-fx-mark-recapture-notes,BIOLOGY,already_in,
bio-fx-j-curve-growth,BIOLOGY,already_in,
bio-fx-s-curve-growth,BIOLOGY,already_in,
bio-fx-k-half-value-application,BIOLOGY,already_in,
bio-fx-k-value-fluctuation,BIOLOGY,already_in,
bio-fx-population-affecting-factors,BIOLOGY,already_in,
bio-fx-community-concept,BIOLOGY,already_in,
bio-fx-interspecific-relations,BIOLOGY,already_in,
bio-fx-vertical-structure,BIOLOGY,already_in,
bio-fx-horizontal-structure,BIOLOGY,already_in,
bio-fx-succession-two-types,BIOLOGY,already_in,
bio-fx-primary-succession-stages,BIOLOGY,already_in,
bio-fx-human-effect-on-succession,BIOLOGY,already_in,
bio-fx-ecosystem-concept-components,BIOLOGY,already_in,
bio-fx-bacteria-role-judgment,BIOLOGY,already_in,
bio-fx-food-chain-nutritional-levels,BIOLOGY,already_in,
bio-fx-energy-flow-process,BIOLOGY,already_in,
bio-fx-energy-flow-features,BIOLOGY,already_in,
bio-fx-assimilation-fates,BIOLOGY,already_in,
bio-fx-energy-transfer-efficiency,BIOLOGY,already_in,
bio-fx-three-pyramids,BIOLOGY,already_in,
bio-fx-matter-cycle-features,BIOLOGY,already_in,
bio-fx-carbon-cycle-pathway,BIOLOGY,already_in,
bio-fx-greenhouse-effect,BIOLOGY,already_in,
bio-fx-nitrogen-cycle,BIOLOGY,already_in,
bio-fx-info-types-ecosystem,BIOLOGY,already_in,
bio-fx-info-functions-ecosystem,BIOLOGY,already_in,
bio-fx-negative-feedback-regulation,BIOLOGY,already_in,
bio-fx-stability-two-types,BIOLOGY,already_in,
bio-fx-raise-ecosystem-stability,BIOLOGY,already_in,
bio-fx-dna-rna-sugar-stability,BIOLOGY,already_in,
bio-fx-membrane-protein-asymmetry,BIOLOGY,already_in,
bio-fx-centrosome-dynamic-position,BIOLOGY,already_in,
bio-fx-osmotic-equip-static-pressure,BIOLOGY,already_in,
bio-fx-osmosis-dynamic-equilibrium,BIOLOGY,already_in,
bio-fx-osmolarity-particle-count,BIOLOGY,already_in,
bio-fx-semipermeable-strictness,BIOLOGY,already_in,
bio-fx-atp-adp-closed-loop,BIOLOGY,already_in,
bio-fx-compartmentalization-meaning,BIOLOGY,already_in,
bio-fx-nadph-reducing-power-role,BIOLOGY,already_in,
bio-fx-mitotic-phase-duration-count,BIOLOGY,already_in,
bio-fx-cell-engineering-overview,BIOLOGY,already_in,
bio-fx-totipotency-concept-reason,BIOLOGY,already_in,
bio-fx-totipotency-conditions,BIOLOGY,already_in,
bio-fx-totipotency-comparison,BIOLOGY,already_in,
bio-fx-plant-tissue-culture-process,BIOLOGY,already_in,
bio-fx-callus-features,BIOLOGY,already_in,
bio-fx-gene-presence-detect-methods,BIOLOGY,already_in,
bio-fx-sterile-technique-four-points,BIOLOGY,already_in,
bio-fx-nitrogen-source-function,BIOLOGY,already_in,
bio-fx-secreted-protein-cell-unity,BIOLOGY,already_in,
bio-fx-solve-method-clue-tracking,BIOLOGY,already_in,
bio-fx-solve-method-three-elements,BIOLOGY,already_in,
bio-mo-internal-environment-001,BIOLOGY,already_in,
bio-mo-internal-environment-002,BIOLOGY,already_in,
bio-mo-internal-environment-005,BIOLOGY,already_in,
bio-mo-internal-environment-007,BIOLOGY,already_in,
bio-mo-internal-environment-008,BIOLOGY,already_in,
bio-mo-internal-environment-009,BIOLOGY,already_in,
bio-mo-internal-environment-010,BIOLOGY,already_in,
bio-mo-internal-environment-011,BIOLOGY,already_in,
bio-mo-internal-environment-012,BIOLOGY,already_in,
bio-mo-internal-environment-013,BIOLOGY,already_in,
bio-mo-internal-environment-015,BIOLOGY,already_in,
bio-mo-internal-environment-016,BIOLOGY,already_in,
bio-mo-fermentation-001,BIOLOGY,already_in,
bio-mo-fermentation-002,BIOLOGY,already_in,
bio-mo-fermentation-003,BIOLOGY,already_in,
bio-mo-fermentation-004,BIOLOGY,already_in,
bio-mo-fermentation-005,BIOLOGY,already_in,
bio-mo-fermentation-006,BIOLOGY,already_in,
bio-mo-fermentation-007,BIOLOGY,already_in,
bio-mo-fermentation-008,BIOLOGY,already_in,
bio-mo-fermentation-009,BIOLOGY,already_in,
bio-mo-fermentation-010,BIOLOGY,already_in,
bio-mo-fermentation-011,BIOLOGY,already_in,
bio-mo-fermentation-012,BIOLOGY,already_in,
bio-mo-fermentation-013,BIOLOGY,already_in,
bio-mo-fermentation-014,BIOLOGY,already_in,
bio-mo-fermentation-015,BIOLOGY,already_in,
bio-mo-fermentation-016,BIOLOGY,already_in,
bio-mo-fermentation-017,BIOLOGY,already_in,
bio-mo-fermentation-018,BIOLOGY,already_in,
bio-mo-fermentation-019,BIOLOGY,already_in,
bio-mo-fermentation-020,BIOLOGY,already_in,
bio-mo-fermentation-021,BIOLOGY,already_in,
bio-mo-fermentation-022,BIOLOGY,already_in,
bio-mo-fermentation-023,BIOLOGY,already_in,
bio-mo-fermentation-024,BIOLOGY,already_in,
bio-mo-fermentation-025,BIOLOGY,already_in,
bio-mo-fermentation-026,BIOLOGY,already_in,
bio-mo-fermentation-027,BIOLOGY,already_in,
bio-mo-fermentation-028,BIOLOGY,already_in,
bio-mo-fermentation-029,BIOLOGY,already_in,
bio-mo-fermentation-030,BIOLOGY,already_in,
bio-mo-fermentation-031,BIOLOGY,already_in,
bio-mo-fermentation-032,BIOLOGY,already_in,
bio-mo-fermentation-033,BIOLOGY,already_in,
bio-mo-fermentation-034,BIOLOGY,already_in,
bio-mo-fermentation-035,BIOLOGY,already_in,
bio-mo-fermentation-036,BIOLOGY,already_in,
bio-mo-fermentation-037,BIOLOGY,already_in,
bio-mo-fermentation-038,BIOLOGY,already_in,
bio-mo-fermentation-039,BIOLOGY,already_in,
bio-mo-fermentation-041,BIOLOGY,already_in,
bio-mo-fermentation-042,BIOLOGY,already_in,
bio-mo-population-001,BIOLOGY,already_in,
bio-mo-population-002,BIOLOGY,already_in,
bio-mo-population-003,BIOLOGY,already_in,
bio-mo-population-004,BIOLOGY,already_in,
bio-mo-population-005,BIOLOGY,already_in,
bio-mo-population-006,BIOLOGY,already_in,
bio-mo-population-007,BIOLOGY,already_in,
bio-mo-population-009,BIOLOGY,already_in,
bio-mo-population-010,BIOLOGY,already_in,
bio-mo-population-011,BIOLOGY,already_in,
bio-mo-population-012,BIOLOGY,already_in,
bio-mo-population-013,BIOLOGY,already_in,
bio-mo-population-014,BIOLOGY,already_in,
bio-mo-population-016,BIOLOGY,already_in,
bio-mo-population-017,BIOLOGY,already_in,
bio-mo-population-018,BIOLOGY,already_in,
bio-mo-population-019,BIOLOGY,already_in,
bio-mo-population-020,BIOLOGY,already_in,
bio-mo-population-021,BIOLOGY,already_in,
bio-mo-population-022,BIOLOGY,already_in,
bio-mo-cell-001,BIOLOGY,already_in,
bio-mo-cell-002,BIOLOGY,already_in,
bio-mo-cell-003,BIOLOGY,already_in,
bio-mo-cell-004,BIOLOGY,already_in,
bio-mo-cell-005,BIOLOGY,already_in,
bio-mo-cell-006,BIOLOGY,already_in,
bio-mo-cell-007,BIOLOGY,already_in,
bio-mo-cell-008,BIOLOGY,already_in,
bio-mo-cell-009,BIOLOGY,already_in,
bio-mo-cell-010,BIOLOGY,already_in,
bio-mo-cell-011,BIOLOGY,already_in,
bio-mo-cell-012,BIOLOGY,already_in,
bio-mo-cell-013,BIOLOGY,already_in,
bio-mo-cell-014,BIOLOGY,already_in,
bio-mo-heredity-001,BIOLOGY,already_in,
bio-mo-heredity-002,BIOLOGY,already_in,
bio-mo-heredity-003,BIOLOGY,already_in,
bio-mo-heredity-004,BIOLOGY,already_in,
bio-mo-heredity-005,BIOLOGY,already_in,
bio-mo-heredity-006,BIOLOGY,already_in,
bio-mo-heredity-007,BIOLOGY,already_in,
bio-mo-heredity-009,BIOLOGY,already_in,
bio-mo-heredity-010,BIOLOGY,already_in,
bio-mo-heredity-011,BIOLOGY,already_in,
bio-mo-heredity-012,BIOLOGY,already_in,
bio-mo-heredity-013,BIOLOGY,already_in,
bio-mo-heredity-014,BIOLOGY,already_in,
bio-mo-heredity-015,BIOLOGY,already_in,
bio-mo-heredity-016,BIOLOGY,already_in,
bio-mo-heredity-018,BIOLOGY,already_in,
bio-mo-heredity-019,BIOLOGY,already_in,
bio-mo-heredity-020,BIOLOGY,already_in,
bio-mo-heredity-021,BIOLOGY,already_in,
bio-mo-heredity-022,BIOLOGY,already_in,
bio-mo-heredity-023,BIOLOGY,already_in,
bio-mo-heredity-024,BIOLOGY,already_in,
bio-mo-heredity-025,BIOLOGY,already_in,
bio-mo-heredity-026,BIOLOGY,already_in,
bio-mo-heredity-027,BIOLOGY,already_in,
bio-mo-heredity-028,BIOLOGY,already_in,
bio-mo-heredity-029,BIOLOGY,already_in,
bio-mo-heredity-030,BIOLOGY,already_in,
bio-mo-heredity-031,BIOLOGY,already_in,
bio-mo-gene-001,BIOLOGY,already_in,
bio-mo-gene-002,BIOLOGY,already_in,
bio-mo-gene-003,BIOLOGY,already_in,
bio-mo-gene-004,BIOLOGY,already_in,
bio-mo-gene-005,BIOLOGY,already_in,
bio-mo-gene-006,BIOLOGY,already_in,
bio-mo-gene-007,BIOLOGY,already_in,
bio-mo-gene-008,BIOLOGY,already_in,
bio-mo-gene-009,BIOLOGY,already_in,
bio-mo-gene-010,BIOLOGY,already_in,
bio-mo-gene-011,BIOLOGY,already_in,
bio-mo-gene-014,BIOLOGY,already_in,
bio-mo-gene-015,BIOLOGY,already_in,
bio-mo-gene-016,BIOLOGY,already_in,
bio-mo-gene-017,BIOLOGY,already_in,
bio-mo-gene-018,BIOLOGY,already_in,
bio-mo-gene-019,BIOLOGY,already_in,
bio-mo-gene-020,BIOLOGY,already_in,
bio-mo-gene-021,BIOLOGY,already_in,
bio-mo-gene-022,BIOLOGY,already_in,
bio-mo-gene-023,BIOLOGY,already_in,
bio-mo-gene-024,BIOLOGY,already_in,
bio-mo-gene-025,BIOLOGY,already_in,
bio-mo-gene-026,BIOLOGY,already_in,
bio-mo-gene-027,BIOLOGY,already_in,
bio-mo-gene-028,BIOLOGY,already_in,
bio-mo-nerve-001,BIOLOGY,already_in,
bio-mo-nerve-002,BIOLOGY,already_in,
bio-mo-nerve-003,BIOLOGY,already_in,
bio-mo-nerve-004,BIOLOGY,already_in,
bio-mo-nerve-006,BIOLOGY,already_in,
bio-mo-nerve-008,BIOLOGY,already_in,
bio-mo-nerve-009,BIOLOGY,already_in,
bio-mo-nerve-010,BIOLOGY,already_in,
bio-mo-nerve-011,BIOLOGY,already_in,
bio-mo-nerve-012,BIOLOGY,already_in,
bio-mo-nerve-014,BIOLOGY,already_in,
bio-mo-nerve-016,BIOLOGY,already_in,
bio-mo-nerve-017,BIOLOGY,already_in,
bio-mo-nerve-018,BIOLOGY,already_in,
bio-mo-nerve-019,BIOLOGY,already_in,
bio-mo-nerve-020,BIOLOGY,already_in,
bio-mo-nerve-021,BIOLOGY,already_in,
bio-mo-nerve-022,BIOLOGY,already_in,
bio-mo-nerve-024,BIOLOGY,already_in,
bio-mo-nerve-025,BIOLOGY,already_in,
bio-mo-nerve-026,BIOLOGY,already_in,
bio-mo-nerve-027,BIOLOGY,already_in,
bio-mo-nerve-028,BIOLOGY,already_in,
bio-mo-nerve-029,BIOLOGY,already_in,
bio-mo-nerve-030,BIOLOGY,already_in,
bio-mo-nerve-031,BIOLOGY,already_in,
bio-mo-nerve-032,BIOLOGY,already_in,
bio-mo-nerve-033,BIOLOGY,already_in,
bio-mo-nerve-036,BIOLOGY,already_in,
bio-mo-nerve-037,BIOLOGY,already_in,
bio-mo-nerve-038,BIOLOGY,already_in,
bio-mo-nerve-040,BIOLOGY,already_in,
bio-mo-nerve-041,BIOLOGY,already_in,
bio-mo-nerve-042,BIOLOGY,already_in,
bio-mo-nerve-043,BIOLOGY,already_in,
bio-mo-cell-015,BIOLOGY,already_in,
bio-mo-cell-016,BIOLOGY,already_in,
bio-mo-cell-017,BIOLOGY,already_in,
bio-mo-cell-018,BIOLOGY,already_in,
bio-mo-cell-019,BIOLOGY,already_in,
bio-mo-cell-020,BIOLOGY,already_in,
bio-mo-cell-021,BIOLOGY,already_in,
bio-mo-cell-022,BIOLOGY,already_in,
bio-mo-cell-023,BIOLOGY,already_in,
bio-mo-cell-024,BIOLOGY,already_in,
bio-mo-cell-025,BIOLOGY,already_in,
bio-mo-cell-026,BIOLOGY,already_in,
bio-mo-cell-027,BIOLOGY,already_in,
bio-mo-cell-028,BIOLOGY,already_in,
bio-mo-cell-029,BIOLOGY,already_in,
bio-mo-cell-031,BIOLOGY,already_in,
bio-mo-cell-032,BIOLOGY,already_in,
bio-mo-cell-033,BIOLOGY,already_in,
bio-mo-cell-034,BIOLOGY,already_in,
bio-mo-cell-035,BIOLOGY,already_in,
bio-mo-cell-036,BIOLOGY,already_in,
bio-mo-cell-037,BIOLOGY,already_in,
bio-mo-cell-038,BIOLOGY,already_in,
bio-mo-cell-039,BIOLOGY,already_in,
bio-mo-cell-040,BIOLOGY,already_in,
bio-mo-cell-041,BIOLOGY,already_in,
bio-mo-cell-042,BIOLOGY,already_in,
bio-mo-cell-043,BIOLOGY,already_in,
bio-mo-cell-044,BIOLOGY,already_in,
bio-mo-cell-045,BIOLOGY,already_in,
bio-mo-cell-046,BIOLOGY,already_in,
bio-mo-cell-047,BIOLOGY,already_in,
bio-mo-cell-048,BIOLOGY,already_in,
bio-mo-cell-049,BIOLOGY,already_in,
bio-mo-cell-050,BIOLOGY,already_in,
bio-mo-cell-051,BIOLOGY,already_in,
bio-mo-cell-052,BIOLOGY,already_in,
bio-mo-cell-054,BIOLOGY,already_in,
bio-mo-cell-055,BIOLOGY,already_in,
bio-mo-cell-056,BIOLOGY,already_in,
bio-mo-cell-057,BIOLOGY,already_in,
bio-mo-cell-058,BIOLOGY,already_in,
bio-mo-cell-059,BIOLOGY,already_in,
bio-mo-cell-060,BIOLOGY,already_in,
bio-mo-cell-061,BIOLOGY,already_in,
bio-mo-cell-062,BIOLOGY,already_in,
bio-mo-cell-063,BIOLOGY,already_in,
bio-mo-cell-064,BIOLOGY,already_in,
bio-mo-cell-065,BIOLOGY,already_in,
bio-mo-cell-066,BIOLOGY,already_in,
bio-mo-cell-067,BIOLOGY,already_in,
bio-mo-cell-engineering-001,BIOLOGY,already_in,
bio-mo-cell-engineering-002,BIOLOGY,already_in,
bio-mo-cell-engineering-003,BIOLOGY,already_in,
bio-mo-cell-engineering-004,BIOLOGY,already_in,
bio-mo-cell-engineering-005,BIOLOGY,already_in,
bio-mo-cell-engineering-006,BIOLOGY,already_in,
bio-mo-cell-engineering-007,BIOLOGY,already_in,
bio-mo-cell-engineering-008,BIOLOGY,already_in,
bio-mo-cell-engineering-009,BIOLOGY,already_in,
bio-mo-cell-engineering-010,BIOLOGY,already_in,
bio-mo-cell-engineering-011,BIOLOGY,already_in,
bio-mo-cell-engineering-012,BIOLOGY,already_in,
bio-mo-cell-engineering-013,BIOLOGY,already_in,
bio-mo-cell-engineering-014,BIOLOGY,already_in,
bio-mo-cell-engineering-015,BIOLOGY,already_in,
bio-mo-cell-engineering-016,BIOLOGY,already_in,
bio-mo-cell-engineering-017,BIOLOGY,already_in,
bio-mo-cell-engineering-018,BIOLOGY,already_in,
bio-mo-cell-engineering-019,BIOLOGY,already_in,
bio-mo-cell-engineering-020,BIOLOGY,already_in,
bio-mo-cell-engineering-021,BIOLOGY,already_in,
bio-mo-cell-engineering-022,BIOLOGY,already_in,
bio-mo-cell-engineering-024,BIOLOGY,already_in,
bio-mo-cell-engineering-025,BIOLOGY,already_in,
bio-mo-cell-engineering-026,BIOLOGY,already_in,
bio-mo-cell-engineering-028,BIOLOGY,already_in,
bio-mo-cell-engineering-029,BIOLOGY,already_in,
bio-mo-cell-engineering-030,BIOLOGY,already_in,
bio-mo-cell-engineering-031,BIOLOGY,already_in,
bio-mo-cell-engineering-032,BIOLOGY,already_in,
bio-mo-cell-engineering-033,BIOLOGY,already_in,
bio-mo-cell-engineering-034,BIOLOGY,already_in,
bio-mo-cell-engineering-035,BIOLOGY,already_in,
bio-mo-cell-engineering-036,BIOLOGY,already_in,
bio-mo-cell-engineering-037,BIOLOGY,already_in,
bio-mo-cell-engineering-038,BIOLOGY,already_in,
bio-mo-cell-engineering-039,BIOLOGY,already_in,
bio-mo-cell-engineering-040,BIOLOGY,already_in,
bio-mo-cell-engineering-041,BIOLOGY,already_in,
bio-mo-cell-engineering-042,BIOLOGY,already_in,
bio-mo-cell-engineering-043,BIOLOGY,already_in,
bio-mo-cell-engineering-044,BIOLOGY,already_in,
bio-mo-cell-engineering-045,BIOLOGY,already_in,
bio-mo-cell-engineering-046,BIOLOGY,already_in,
bio-mo-cell-engineering-048,BIOLOGY,already_in,
bio-mo-cell-engineering-049,BIOLOGY,already_in,
bio-mo-cell-engineering-050,BIOLOGY,already_in,
bio-mo-cell-engineering-051,BIOLOGY,already_in,
bio-mo-cell-engineering-053,BIOLOGY,already_in,
bio-mo-cell-engineering-054,BIOLOGY,already_in,
bio-mo-cell-engineering-055,BIOLOGY,already_in,
bio-mo-cell-engineering-056,BIOLOGY,already_in,
bio-mo-cell-engineering-057,BIOLOGY,already_in,
bio-mo-cell-engineering-058,BIOLOGY,already_in,
bio-mo-cell-engineering-059,BIOLOGY,already_in,
bio-mo-cell-engineering-060,BIOLOGY,already_in,
bio-mo-cell-engineering-061,BIOLOGY,already_in,
bio-mo-community-001,BIOLOGY,already_in,
bio-mo-community-002,BIOLOGY,already_in,
bio-mo-community-003,BIOLOGY,already_in,
bio-mo-community-004,BIOLOGY,already_in,
bio-mo-community-005,BIOLOGY,already_in,
bio-mo-community-006,BIOLOGY,already_in,
bio-mo-community-007,BIOLOGY,already_in,
bio-mo-community-008,BIOLOGY,already_in,
bio-mo-community-009,BIOLOGY,already_in,
bio-mo-community-010,BIOLOGY,already_in,
bio-mo-community-011,BIOLOGY,already_in,
bio-mo-community-012,BIOLOGY,already_in,
bio-mo-community-013,BIOLOGY,already_in,
bio-mo-community-014,BIOLOGY,already_in,
bio-mo-community-015,BIOLOGY,already_in,
bio-mo-community-016,BIOLOGY,already_in,
bio-mo-community-017,BIOLOGY,already_in,
bio-mo-community-018,BIOLOGY,already_in,
bio-mo-community-019,BIOLOGY,already_in,
bio-mo-community-020,BIOLOGY,already_in,
bio-mo-community-021,BIOLOGY,already_in,
bio-mo-community-022,BIOLOGY,already_in,
bio-mo-community-023,BIOLOGY,already_in,
bio-mo-community-024,BIOLOGY,already_in,
bio-mo-community-025,BIOLOGY,already_in,
bio-mo-community-026,BIOLOGY,already_in,
bio-mo-hormone-001,BIOLOGY,already_in,
bio-mo-hormone-002,BIOLOGY,already_in,
bio-mo-hormone-003,BIOLOGY,already_in,
bio-mo-hormone-005,BIOLOGY,already_in,
bio-mo-hormone-006,BIOLOGY,already_in,
bio-mo-hormone-007,BIOLOGY,already_in,
bio-mo-hormone-008,BIOLOGY,already_in,
bio-mo-hormone-009,BIOLOGY,already_in,
bio-mo-hormone-010,BIOLOGY,already_in,
bio-mo-hormone-011,BIOLOGY,already_in,
bio-mo-hormone-012,BIOLOGY,already_in,
bio-mo-hormone-013,BIOLOGY,already_in,
bio-mo-hormone-014,BIOLOGY,already_in,
bio-mo-hormone-015,BIOLOGY,already_in,
bio-mo-hormone-017,BIOLOGY,already_in,
bio-mo-hormone-018,BIOLOGY,already_in,
bio-mo-hormone-019,BIOLOGY,already_in,
bio-mo-nerve-044,BIOLOGY,already_in,
bio-mo-nerve-045,BIOLOGY,already_in,
bio-mo-nerve-046,BIOLOGY,already_in,
bio-mo-nerve-047,BIOLOGY,already_in,
bio-mo-nerve-048,BIOLOGY,already_in,
bio-mo-nerve-049,BIOLOGY,already_in,
bio-mo-nerve-050,BIOLOGY,already_in,
bio-mo-nerve-051,BIOLOGY,already_in,
bio-mo-nerve-052,BIOLOGY,already_in,
bio-mo-nerve-053,BIOLOGY,already_in,
bio-mo-nerve-054,BIOLOGY,already_in,
bio-mo-nerve-057,BIOLOGY,already_in,
bio-mo-nerve-058,BIOLOGY,already_in,
bio-mo-genetic-engineering-001,BIOLOGY,already_in,
bio-mo-genetic-engineering-002,BIOLOGY,already_in,
bio-mo-genetic-engineering-003,BIOLOGY,already_in,
bio-mo-genetic-engineering-004,BIOLOGY,already_in,
bio-mo-genetic-engineering-005,BIOLOGY,already_in,
bio-mo-genetic-engineering-006,BIOLOGY,already_in,
bio-mo-genetic-engineering-007,BIOLOGY,already_in,
bio-mo-genetic-engineering-008,BIOLOGY,already_in,
bio-mo-genetic-engineering-009,BIOLOGY,already_in,
bio-mo-genetic-engineering-010,BIOLOGY,already_in,
bio-mo-genetic-engineering-011,BIOLOGY,already_in,
bio-mo-genetic-engineering-012,BIOLOGY,already_in,
bio-mo-genetic-engineering-013,BIOLOGY,already_in,
bio-mo-genetic-engineering-014,BIOLOGY,already_in,
bio-mo-genetic-engineering-015,BIOLOGY,already_in,
bio-mo-genetic-engineering-016,BIOLOGY,already_in,
bio-mo-genetic-engineering-017,BIOLOGY,already_in,
bio-mo-genetic-engineering-018,BIOLOGY,already_in,
bio-mo-genetic-engineering-019,BIOLOGY,already_in,
bio-mo-genetic-engineering-020,BIOLOGY,already_in,
bio-mo-genetic-engineering-022,BIOLOGY,already_in,
bio-mo-genetic-engineering-023,BIOLOGY,already_in,
bio-mo-genetic-engineering-024,BIOLOGY,already_in,
bio-mo-genetic-engineering-025,BIOLOGY,already_in,
bio-mo-genetic-engineering-026,BIOLOGY,already_in,
bio-mo-genetic-engineering-027,BIOLOGY,already_in,
bio-mo-genetic-engineering-028,BIOLOGY,already_in,
bio-mo-genetic-engineering-029,BIOLOGY,already_in,
bio-mo-genetic-engineering-030,BIOLOGY,already_in,
bio-mo-genetic-engineering-031,BIOLOGY,already_in,
bio-mo-genetic-engineering-032,BIOLOGY,already_in,
bio-mo-genetic-engineering-033,BIOLOGY,already_in,
bio-mo-genetic-engineering-034,BIOLOGY,already_in,
bio-mo-genetic-engineering-035,BIOLOGY,already_in,
bio-mo-gene-029,BIOLOGY,already_in,
bio-mo-gene-030,BIOLOGY,already_in,
bio-mo-gene-031,BIOLOGY,already_in,
bio-mo-gene-032,BIOLOGY,already_in,
bio-mo-gene-033,BIOLOGY,already_in,
bio-mo-gene-034,BIOLOGY,already_in,
bio-mo-gene-035,BIOLOGY,already_in,
bio-mo-gene-036,BIOLOGY,already_in,
bio-mo-gene-037,BIOLOGY,already_in,
bio-mo-gene-038,BIOLOGY,already_in,
bio-mo-gene-039,BIOLOGY,already_in,
bio-mo-gene-040,BIOLOGY,already_in,
bio-mo-gene-041,BIOLOGY,already_in,
bio-mo-gene-042,BIOLOGY,already_in,
bio-mo-gene-043,BIOLOGY,already_in,
bio-mo-gene-044,BIOLOGY,already_in,
bio-mo-gene-045,BIOLOGY,already_in,
bio-mo-gene-046,BIOLOGY,already_in,
bio-mo-gene-047,BIOLOGY,already_in,
bio-mo-gene-048,BIOLOGY,already_in,
bio-mo-gene-049,BIOLOGY,already_in,
bio-mo-gene-051,BIOLOGY,already_in,
bio-mo-gene-052,BIOLOGY,already_in,
bio-mo-gene-053,BIOLOGY,already_in,
bio-mo-gene-054,BIOLOGY,already_in,
bio-mo-gene-055,BIOLOGY,already_in,
bio-mo-gene-056,BIOLOGY,already_in,
bio-mo-gene-057,BIOLOGY,already_in,
bio-mo-gene-059,BIOLOGY,already_in,
bio-mo-gene-060,BIOLOGY,already_in,
bio-mo-gene-061,BIOLOGY,already_in,
bio-mo-gene-062,BIOLOGY,already_in,
bio-mo-gene-063,BIOLOGY,already_in,
bio-mo-gene-064,BIOLOGY,already_in,
bio-mo-gene-065,BIOLOGY,already_in,
bio-mo-gene-066,BIOLOGY,already_in,
bio-mo-gene-067,BIOLOGY,already_in,
bio-mo-gene-068,BIOLOGY,already_in,
bio-mo-ecosystem-001,BIOLOGY,already_in,
bio-mo-ecosystem-002,BIOLOGY,already_in,
bio-mo-ecosystem-003,BIOLOGY,already_in,
bio-mo-ecosystem-004,BIOLOGY,already_in,
bio-mo-ecosystem-005,BIOLOGY,already_in,
bio-mo-ecosystem-006,BIOLOGY,already_in,
bio-mo-ecosystem-007,BIOLOGY,already_in,
bio-mo-ecosystem-008,BIOLOGY,already_in,
bio-mo-ecosystem-009,BIOLOGY,already_in,
bio-mo-ecosystem-010,BIOLOGY,already_in,
bio-mo-ecosystem-012,BIOLOGY,already_in,
bio-mo-ecosystem-013,BIOLOGY,already_in,
bio-mo-ecosystem-014,BIOLOGY,already_in,
bio-mo-ecosystem-015,BIOLOGY,already_in,
bio-mo-ecosystem-016,BIOLOGY,already_in,
bio-mo-ecosystem-017,BIOLOGY,already_in,
bio-mo-ecosystem-018,BIOLOGY,already_in,
bio-mo-ecosystem-019,BIOLOGY,already_in,
bio-mo-ecosystem-020,BIOLOGY,already_in,
bio-mo-ecosystem-021,BIOLOGY,already_in,
bio-mo-ecosystem-022,BIOLOGY,already_in,
bio-mo-ecosystem-023,BIOLOGY,already_in,
bio-mo-ecosystem-024,BIOLOGY,already_in,
bio-mo-ecosystem-025,BIOLOGY,already_in,
bio-mo-ecosystem-026,BIOLOGY,already_in,
bio-mo-ecosystem-027,BIOLOGY,already_in,
bio-mo-ecosystem-028,BIOLOGY,already_in,
bio-mo-ecosystem-029,BIOLOGY,already_in,
bio-mo-ecosystem-030,BIOLOGY,already_in,
bio-mo-ecosystem-031,BIOLOGY,already_in,
bio-mo-ecosystem-032,BIOLOGY,already_in,
bio-mo-ecosystem-033,BIOLOGY,already_in,
bio-mo-ecosystem-034,BIOLOGY,already_in,
bio-mo-ecosystem-035,BIOLOGY,already_in,
bio-mo-ecosystem-036,BIOLOGY,already_in,
bio-mo-ecosystem-037,BIOLOGY,already_in,
bio-mo-ecosystem-038,BIOLOGY,already_in,
bio-mo-ecosystem-039,BIOLOGY,already_in,
bio-mo-ecosystem-040,BIOLOGY,already_in,
bio-mo-ecosystem-041,BIOLOGY,already_in,
bio-mo-cell-068,BIOLOGY,already_in,
bio-mo-cell-069,BIOLOGY,already_in,
bio-mo-cell-070,BIOLOGY,already_in,
bio-mo-cell-071,BIOLOGY,already_in,
bio-mo-cell-073,BIOLOGY,already_in,
bio-mo-cell-074,BIOLOGY,already_in,
bio-mo-cell-075,BIOLOGY,already_in,
bio-mo-cell-076,BIOLOGY,already_in,
bio-mo-cell-077,BIOLOGY,already_in,
bio-mo-cell-078,BIOLOGY,already_in,
bio-mo-cell-079,BIOLOGY,already_in,
bio-mo-cell-080,BIOLOGY,already_in,
bio-mo-cell-081,BIOLOGY,already_in,
bio-mo-cell-083,BIOLOGY,already_in,
bio-mo-cell-084,BIOLOGY,already_in,
bio-mo-cell-085,BIOLOGY,already_in,
bio-mo-cell-086,BIOLOGY,already_in,
bio-mo-cell-087,BIOLOGY,already_in,
bio-mo-cell-088,BIOLOGY,already_in,
bio-mo-cell-089,BIOLOGY,already_in,
bio-mo-cell-090,BIOLOGY,already_in,
bio-mo-cell-091,BIOLOGY,already_in,
bio-mo-cell-092,BIOLOGY,already_in,
bio-mo-cell-093,BIOLOGY,already_in,
bio-mo-cell-094,BIOLOGY,already_in,
bio-mo-cell-095,BIOLOGY,already_in,
bio-mo-cell-096,BIOLOGY,already_in,
bio-mo-cell-097,BIOLOGY,already_in,
bio-mo-cell-098,BIOLOGY,already_in,
bio-mo-cell-099,BIOLOGY,already_in,
bio-mo-cell-100,BIOLOGY,already_in,
bio-mo-cell-101,BIOLOGY,already_in,
bio-mo-cell-102,BIOLOGY,already_in,
bio-mo-cell-103,BIOLOGY,already_in,
bio-mo-cell-104,BIOLOGY,already_in,
bio-mo-cell-105,BIOLOGY,already_in,
bio-mo-cell-106,BIOLOGY,already_in,
bio-mo-cell-107,BIOLOGY,already_in,
bio-mo-cell-108,BIOLOGY,already_in,
bio-mo-cell-109,BIOLOGY,already_in,
bio-mo-cell-110,BIOLOGY,already_in,
bio-mo-environment-001,BIOLOGY,already_in,
bio-mo-environment-002,BIOLOGY,already_in,
bio-mo-environment-003,BIOLOGY,already_in,
bio-mo-environment-004,BIOLOGY,already_in,
bio-mo-environment-005,BIOLOGY,already_in,
bio-mo-environment-006,BIOLOGY,already_in,
bio-mo-environment-007,BIOLOGY,already_in,
bio-mo-environment-008,BIOLOGY,already_in,
bio-mo-environment-009,BIOLOGY,already_in,
bio-mo-environment-010,BIOLOGY,already_in,
bio-mo-environment-011,BIOLOGY,already_in,
bio-mo-environment-012,BIOLOGY,already_in,
bio-mo-environment-013,BIOLOGY,already_in,
bio-mo-environment-014,BIOLOGY,already_in,
bio-mo-environment-015,BIOLOGY,already_in,
bio-mo-environment-016,BIOLOGY,already_in,
bio-mo-environment-017,BIOLOGY,already_in,
bio-mo-environment-018,BIOLOGY,already_in,
bio-mo-environment-019,BIOLOGY,already_in,
bio-mo-environment-020,BIOLOGY,already_in,
bio-mo-environment-022,BIOLOGY,already_in,
bio-mo-immunity-001,BIOLOGY,already_in,
bio-mo-immunity-002,BIOLOGY,already_in,
bio-mo-immunity-003,BIOLOGY,already_in,
bio-mo-immunity-004,BIOLOGY,already_in,
bio-mo-immunity-005,BIOLOGY,already_in,
bio-mo-immunity-006,BIOLOGY,already_in,
bio-mo-immunity-007,BIOLOGY,already_in,
bio-mo-immunity-008,BIOLOGY,already_in,
bio-mo-immunity-009,BIOLOGY,already_in,
bio-mo-immunity-013,BIOLOGY,already_in,
bio-mo-immunity-014,BIOLOGY,already_in,
bio-mo-immunity-015,BIOLOGY,already_in,
bio-mo-immunity-016,BIOLOGY,already_in,
bio-mo-immunity-017,BIOLOGY,already_in,
bio-mo-immunity-018,BIOLOGY,already_in,
bio-mo-immunity-019,BIOLOGY,already_in,
bio-mo-immunity-020,BIOLOGY,already_in,
bio-mo-immunity-021,BIOLOGY,already_in,
bio-mo-immunity-022,BIOLOGY,already_in,
bio-mo-immunity-023,BIOLOGY,already_in,
bio-mo-immunity-024,BIOLOGY,already_in,
bio-mo-immunity-025,BIOLOGY,already_in,
bio-mo-immunity-026,BIOLOGY,already_in,
bio-mo-immunity-027,BIOLOGY,already_in,
bio-mo-immunity-028,BIOLOGY,already_in,
bio-mo-immunity-029,BIOLOGY,already_in,
bio-mo-immunity-030,BIOLOGY,already_in,
bio-mo-immunity-031,BIOLOGY,already_in,
bio-mo-immunity-032,BIOLOGY,already_in,
bio-mo-immunity-033,BIOLOGY,already_in,
bio-mo-immunity-034,BIOLOGY,already_in,
bio-mo-gene-069,BIOLOGY,already_in,
bio-mo-gene-070,BIOLOGY,already_in,
bio-mo-gene-071,BIOLOGY,already_in,
bio-mo-gene-072,BIOLOGY,already_in,
bio-mo-gene-075,BIOLOGY,already_in,
bio-mo-gene-076,BIOLOGY,already_in,
bio-mo-gene-077,BIOLOGY,already_in,
bio-mo-gene-078,BIOLOGY,already_in,
bio-mo-gene-079,BIOLOGY,already_in,
bio-mo-gene-080,BIOLOGY,already_in,
bio-mo-gene-081,BIOLOGY,already_in,
bio-mo-gene-082,BIOLOGY,already_in,
bio-mo-gene-083,BIOLOGY,already_in,
bio-mo-gene-084,BIOLOGY,already_in,
bio-mo-gene-085,BIOLOGY,already_in,
bio-mo-gene-086,BIOLOGY,already_in,
bio-mo-gene-087,BIOLOGY,already_in,
bio-mo-gene-088,BIOLOGY,already_in,
bio-mo-gene-089,BIOLOGY,already_in,
bio-mo-gene-090,BIOLOGY,already_in,
bio-mo-gene-091,BIOLOGY,already_in,
bio-mo-gene-092,BIOLOGY,already_in,
bio-mo-cell-111,BIOLOGY,already_in,
bio-mo-cell-112,BIOLOGY,already_in,
bio-mo-cell-113,BIOLOGY,already_in,
bio-mo-cell-114,BIOLOGY,already_in,
bio-mo-cell-115,BIOLOGY,already_in,
bio-mo-cell-116,BIOLOGY,already_in,
bio-mo-cell-118,BIOLOGY,already_in,
bio-mo-cell-119,BIOLOGY,already_in,
bio-mo-cell-120,BIOLOGY,already_in,
bio-mo-cell-121,BIOLOGY,already_in,
bio-mo-cell-122,BIOLOGY,already_in,
bio-mo-cell-123,BIOLOGY,already_in,
bio-mo-cell-124,BIOLOGY,already_in,
bio-mo-cell-125,BIOLOGY,already_in,
bio-mo-cell-126,BIOLOGY,already_in,
bio-mo-cell-127,BIOLOGY,already_in,
bio-mo-cell-128,BIOLOGY,already_in,
bio-mo-cell-129,BIOLOGY,already_in,
bio-mo-cell-130,BIOLOGY,already_in,
bio-mo-cell-131,BIOLOGY,already_in,
bio-mo-cell-132,BIOLOGY,already_in,
bio-mo-gene-093,BIOLOGY,already_in,
bio-mo-gene-094,BIOLOGY,already_in,
bio-mo-gene-095,BIOLOGY,already_in,
bio-mo-gene-096,BIOLOGY,already_in,
bio-mo-gene-097,BIOLOGY,already_in,
bio-mo-gene-098,BIOLOGY,already_in,
bio-mo-gene-099,BIOLOGY,already_in,
bio-mo-gene-100,BIOLOGY,already_in,
bio-mo-gene-101,BIOLOGY,already_in,
bio-mo-gene-102,BIOLOGY,already_in,
bio-mo-gene-103,BIOLOGY,already_in,
bio-mo-gene-104,BIOLOGY,already_in,
bio-mo-gene-105,BIOLOGY,already_in,
bio-mo-gene-106,BIOLOGY,already_in,
bio-mo-gene-107,BIOLOGY,already_in,
bio-mo-gene-108,BIOLOGY,already_in,
bio-mo-gene-109,BIOLOGY,already_in,
bio-mo-gene-110,BIOLOGY,already_in,
bio-mo-gene-111,BIOLOGY,already_in,
bio-mo-gene-112,BIOLOGY,already_in,
bio-mo-gene-113,BIOLOGY,already_in,
bio-mo-gene-115,BIOLOGY,already_in,
bio-mo-gene-116,BIOLOGY,already_in,
bio-mo-gene-117,BIOLOGY,already_in,
bio-mo-gene-118,BIOLOGY,already_in,
bio-mo-gene-119,BIOLOGY,already_in,
bio-mo-gene-120,BIOLOGY,already_in,
bio-mo-gene-121,BIOLOGY,already_in,
bio-mo-gene-122,BIOLOGY,already_in,
bio-mo-gene-123,BIOLOGY,already_in,
bio-mo-gene-124,BIOLOGY,already_in,
bio-mo-gene-125,BIOLOGY,already_in,
bio-mo-gene-126,BIOLOGY,already_in,
bio-mo-gene-127,BIOLOGY,already_in,
bio-mo-gene-128,BIOLOGY,already_in,
bio-mo-gene-129,BIOLOGY,already_in,
bio-mo-gene-130,BIOLOGY,already_in,
bio-mo-gene-131,BIOLOGY,already_in,
bio-mo-gene-133,BIOLOGY,already_in,
bio-mo-gene-134,BIOLOGY,already_in,
bio-mo-gene-135,BIOLOGY,already_in,
bio-mo-gene-136,BIOLOGY,already_in,
bio-mo-gene-137,BIOLOGY,already_in,
bio-mo-gene-138,BIOLOGY,already_in,
bio-mo-gene-139,BIOLOGY,already_in,
bio-mo-gene-140,BIOLOGY,already_in,
bio-mo-gene-141,BIOLOGY,already_in,
bio-mo-gene-142,BIOLOGY,already_in,
bio-mo-gene-143,BIOLOGY,already_in,
bio-mo-plant-hormone-001,BIOLOGY,already_in,
bio-mo-plant-hormone-002,BIOLOGY,already_in,
bio-mo-plant-hormone-003,BIOLOGY,already_in,
bio-mo-plant-hormone-004,BIOLOGY,already_in,
bio-mo-plant-hormone-005,BIOLOGY,already_in,
bio-mo-plant-hormone-006,BIOLOGY,already_in,
bio-mo-plant-hormone-007,BIOLOGY,already_in,
bio-mo-plant-hormone-008,BIOLOGY,already_in,
bio-mo-plant-hormone-009,BIOLOGY,already_in,
bio-mo-plant-hormone-010,BIOLOGY,already_in,
bio-mo-plant-hormone-011,BIOLOGY,already_in,
bio-mo-plant-hormone-012,BIOLOGY,already_in,
bio-mo-plant-hormone-013,BIOLOGY,already_in,
bio-mo-plant-hormone-014,BIOLOGY,already_in,
bio-mo-plant-hormone-015,BIOLOGY,already_in,
bio-mo-plant-hormone-016,BIOLOGY,already_in,
bio-mo-plant-hormone-017,BIOLOGY,already_in,
bio-mo-plant-hormone-018,BIOLOGY,already_in,
bio-mo-plant-hormone-019,BIOLOGY,already_in,
bio-mo-plant-hormone-020,BIOLOGY,already_in,
bio-mo-plant-hormone-021,BIOLOGY,already_in,
bio-mo-plant-hormone-022,BIOLOGY,already_in,
bio-mo-plant-hormone-023,BIOLOGY,already_in,
bio-mo-plant-hormone-024,BIOLOGY,already_in,
bio-mo-plant-hormone-025,BIOLOGY,already_in,
bio-mo-plant-hormone-026,BIOLOGY,already_in,
bio-mo-cell-133,BIOLOGY,already_in,
bio-mo-cell-134,BIOLOGY,already_in,
bio-mo-cell-135,BIOLOGY,already_in,
bio-mo-cell-136,BIOLOGY,already_in,
bio-mo-cell-138,BIOLOGY,already_in,
bio-mo-cell-139,BIOLOGY,already_in,
bio-mo-cell-140,BIOLOGY,already_in,
bio-mo-cell-141,BIOLOGY,already_in,
bio-mo-cell-142,BIOLOGY,already_in,
bio-mo-cell-143,BIOLOGY,already_in,
bio-mo-cell-144,BIOLOGY,already_in,
bio-mo-cell-145,BIOLOGY,already_in,
bio-mo-cell-146,BIOLOGY,already_in,
bio-mo-cell-147,BIOLOGY,already_in,
bio-mo-cell-148,BIOLOGY,already_in,
bio-mo-cell-150,BIOLOGY,already_in,
bio-mo-cell-151,BIOLOGY,already_in,
bio-mo-cell-152,BIOLOGY,already_in,
bio-mo-cell-153,BIOLOGY,already_in,
bio-mo-cell-154,BIOLOGY,already_in,
bio-mo-cell-155,BIOLOGY,already_in,
bio-mo-cell-156,BIOLOGY,already_in,
bio-mo-cell-157,BIOLOGY,already_in,
bio-mo-cell-158,BIOLOGY,already_in,
bio-mo-cell-159,BIOLOGY,already_in,
bio-mo-cell-160,BIOLOGY,already_in,
bio-mo-cell-161,BIOLOGY,already_in,
bio-mo-cell-162,BIOLOGY,already_in,
bio-mo-cell-163,BIOLOGY,already_in,
bio-mo-cell-164,BIOLOGY,already_in,
bio-mo-cell-165,BIOLOGY,already_in,
bio-mo-cell-166,BIOLOGY,already_in,
bio-mo-cell-167,BIOLOGY,already_in,
bio-mo-cell-168,BIOLOGY,already_in,
bio-mo-cell-169,BIOLOGY,already_in,
bio-mo-cell-170,BIOLOGY,already_in,
bio-mo-cell-171,BIOLOGY,already_in,
bio-mo-cell-172,BIOLOGY,already_in,
bio-mo-cell-173,BIOLOGY,already_in,
bio-mo-cell-174,BIOLOGY,already_in,
bio-mo-cell-175,BIOLOGY,already_in,
bio-mo-cell-176,BIOLOGY,already_in,
bio-mo-cell-177,BIOLOGY,already_in,
bio-mo-cell-178,BIOLOGY,already_in,
bio-mo-cell-179,BIOLOGY,already_in,
bio-mo-cell-180,BIOLOGY,already_in,
bio-mo-cell-181,BIOLOGY,already_in,
bio-mo-cell-182,BIOLOGY,already_in,
bio-mo-cell-183,BIOLOGY,already_in,
bio-mo-cell-184,BIOLOGY,already_in,
bio-mo-cell-185,BIOLOGY,already_in,
bio-mo-cell-186,BIOLOGY,already_in,
bio-mo-cell-187,BIOLOGY,already_in,
bio-mo-cell-188,BIOLOGY,already_in,
bio-mo-cell-189,BIOLOGY,already_in,
bio-mo-cell-190,BIOLOGY,already_in,
bio-mo-cell-191,BIOLOGY,already_in,
bio-mo-cell-192,BIOLOGY,already_in,
bio-mo-cell-193,BIOLOGY,already_in,
bio-mo-evolution-001,BIOLOGY,already_in,
bio-mo-evolution-002,BIOLOGY,already_in,
bio-mo-evolution-003,BIOLOGY,already_in,
bio-mo-evolution-004,BIOLOGY,already_in,
bio-mo-evolution-005,BIOLOGY,already_in,
bio-mo-evolution-006,BIOLOGY,already_in,
bio-mo-evolution-007,BIOLOGY,already_in,
bio-mo-evolution-008,BIOLOGY,already_in,
bio-mo-evolution-009,BIOLOGY,already_in,
bio-mo-evolution-011,BIOLOGY,already_in,
bio-mo-evolution-012,BIOLOGY,already_in,
bio-mo-evolution-014,BIOLOGY,already_in,
bio-mo-evolution-015,BIOLOGY,already_in,
bio-mo-evolution-016,BIOLOGY,already_in,
bio-mo-evolution-019,BIOLOGY,already_in,
bio-mo-evolution-020,BIOLOGY,already_in,
bio-mo-evolution-021,BIOLOGY,already_in,
bio-mo-evolution-022,BIOLOGY,already_in,
bio-mo-evolution-023,BIOLOGY,already_in,
bio-mo-evolution-024,BIOLOGY,already_in,
bio-mo-evolution-025,BIOLOGY,already_in,
bio-mo-evolution-026,BIOLOGY,already_in,
bio-mo-evolution-027,BIOLOGY,already_in,
bio-mo-evolution-028,BIOLOGY,already_in,
bio-mo-evolution-029,BIOLOGY,already_in,
bio-mo-evolution-030,BIOLOGY,already_in,
bio-mo-evolution-031,BIOLOGY,already_in,
bio-mo-evolution-032,BIOLOGY,already_in,
bio-mo-evolution-034,BIOLOGY,already_in,
bio-mo-evolution-035,BIOLOGY,already_in,
bio-mo-cell-194,BIOLOGY,already_in,
bio-mo-cell-195,BIOLOGY,already_in,
bio-mo-cell-197,BIOLOGY,already_in,
bio-mo-cell-198,BIOLOGY,already_in,
bio-mo-cell-199,BIOLOGY,already_in,
bio-mo-cell-200,BIOLOGY,already_in,
bio-mo-cell-201,BIOLOGY,already_in,
bio-mo-cell-202,BIOLOGY,already_in,
bio-mo-cell-203,BIOLOGY,already_in,
bio-mo-cell-204,BIOLOGY,already_in,
bio-mo-cell-205,BIOLOGY,already_in,
bio-mo-cell-206,BIOLOGY,already_in,
bio-mo-cell-207,BIOLOGY,already_in,
bio-mo-cell-208,BIOLOGY,already_in,
bio-mo-cell-209,BIOLOGY,already_in,
bio-mo-cell-210,BIOLOGY,already_in,
bio-mo-cell-211,BIOLOGY,already_in,
bio-mo-cell-212,BIOLOGY,already_in,
bio-mo-cell-213,BIOLOGY,already_in,
bio-mo-cell-214,BIOLOGY,already_in,
bio-mo-cell-215,BIOLOGY,already_in,
bio-mo-cell-217,BIOLOGY,already_in,
bio-mo-cell-218,BIOLOGY,already_in,
bio-mo-cell-219,BIOLOGY,already_in,
bio-mo-cell-221,BIOLOGY,already_in,
bio-mo-cell-222,BIOLOGY,already_in,
bio-mo-cell-223,BIOLOGY,already_in,
bio-mo-cell-225,BIOLOGY,already_in,
bio-mo-cell-226,BIOLOGY,already_in,
bio-mo-cell-227,BIOLOGY,already_in,
bio-mo-cell-228,BIOLOGY,already_in,
bio-mo-cell-229,BIOLOGY,already_in,
bio-mo-cell-232,BIOLOGY,already_in,
bio-mo-cell-235,BIOLOGY,already_in,
bio-mo-cell-236,BIOLOGY,already_in,
bio-mo-cell-237,BIOLOGY,already_in,
bio-mo-protein-001,BIOLOGY,already_in,
bio-mo-protein-003,BIOLOGY,already_in,
bio-mo-protein-004,BIOLOGY,already_in,
bio-mo-cell-membrane-001,BIOLOGY,already_in,
bio-mo-cell-membrane-002,BIOLOGY,already_in,
bio-mo-cell-membrane-003,BIOLOGY,already_in,
bio-mo-cell-membrane-004,BIOLOGY,already_in,
bio-mo-cell-membrane-005,BIOLOGY,already_in,
bio-mo-cell-membrane-006,BIOLOGY,already_in,
bio-mo-organelle-001,BIOLOGY,already_in,
bio-mo-organelle-002,BIOLOGY,already_in,
bio-mo-organelle-003,BIOLOGY,already_in,
bio-mo-organelle-004,BIOLOGY,already_in,
bio-mo-organelle-005,BIOLOGY,already_in,
bio-mo-membrane-transport-001,BIOLOGY,already_in,
bio-mo-membrane-transport-002,BIOLOGY,already_in,
bio-mo-membrane-transport-003,BIOLOGY,already_in,
bio-mo-membrane-transport-004,BIOLOGY,already_in,
bio-mo-membrane-transport-005,BIOLOGY,already_in,
bio-mo-membrane-transport-006,BIOLOGY,already_in,
bio-mo-enzyme-001,BIOLOGY,already_in,
bio-mo-enzyme-002,BIOLOGY,already_in,
bio-mo-enzyme-003,BIOLOGY,already_in,
bio-mo-enzyme-004,BIOLOGY,already_in,
bio-mo-enzyme-005,BIOLOGY,already_in,
bio-mo-enzyme-007,BIOLOGY,already_in,
bio-mo-enzyme-008,BIOLOGY,already_in,
bio-mo-enzyme-009,BIOLOGY,already_in,
bio-mo-cell-respiration-001,BIOLOGY,already_in,
bio-mo-cell-respiration-003,BIOLOGY,already_in,
bio-mo-cell-respiration-004,BIOLOGY,already_in,
bio-mo-cell-respiration-005,BIOLOGY,already_in,
bio-mo-cell-respiration-006,BIOLOGY,already_in,
bio-mo-segregation-law-002,BIOLOGY,already_in,
bio-mo-segregation-law-003,BIOLOGY,already_in,
bio-mo-segregation-law-004,BIOLOGY,already_in,
bio-mo-segregation-law-005,BIOLOGY,already_in,
bio-mo-segregation-law-006,BIOLOGY,already_in,
bio-mo-segregation-law-007,BIOLOGY,already_in,
bio-mo-segregation-law-008,BIOLOGY,already_in,
bio-mo-segregation-law-010,BIOLOGY,already_in,
bio-mo-segregation-law-011,BIOLOGY,already_in,
bio-mo-segregation-law-012,BIOLOGY,already_in,
bio-mo-independent-assortment-002,BIOLOGY,already_in,
bio-mo-independent-assortment-003,BIOLOGY,already_in,
bio-mo-sex-linked-001,BIOLOGY,already_in,
bio-mo-sex-linked-002,BIOLOGY,already_in,
bio-mo-sex-linked-003,BIOLOGY,already_in,
bio-mo-sex-linked-004,BIOLOGY,already_in,
bio-mo-sex-linked-005,BIOLOGY,already_in,
bio-mo-sex-linked-006,BIOLOGY,already_in,
bio-textbook-cloning-human-ethics,BIOLOGY,already_in,
bio-textbook-biological-weapons-ban,BIOLOGY,already_in,
bio-textbook-gene-engineering-uses-medicine-agri,BIOLOGY,already_in,
bio-textbook-gene-frequency-species-formation,BIOLOGY,already_in,
