source,subject,name,verdict,evidence,reason,covering_material_slug
dir_batch_000.csv#41,MATH,为奇函数．,REJECT,名称「为奇函数．」是填空题残片（函数表达式已被剥离，仅剩句尾），definition 为两道典例题干；其知识本身已由 ext-mat-c98c7f68ce-003（节点 为奇函数）覆盖，删除该候选不丢知识。,名称不构成考点名（填空残片），definition 为题干残片，无法独立成义。,
dir_batch_000.csv#62,MATH,破·重点难点：突破重难点，冲刺高分。,REJECT,【破·重点难点】是知识清单的栏目名，definition 仅罗列 4 个重难点标题（几何体展开图最短距离问题、空间几何体中的截面问题、外接球和内切球的解题思路、空间几何体中的探索性问题）；这些子点各自已有正式节点与材料，本条目不含独立知识；被命中的节点自带材料 ext-mat-eaff69ddfa-002 只是栏目级的考查方式概述。,栏目名加标题罗列，属装饰串与目录性质，本身不是考点。,
dir_batch_000.csv#63,MATH,辨·易混易错：辨析易混易错知识点，夯实基础。,REJECT,【辨·易混易错】是知识清单的栏目名，definition 仅罗列 4 个易混易错标题，各子点已有正式节点（对斜二测画法的规则掌握不牢、空间点线面位置关系不清、线面平行定理的理解不够准确、对折叠与展开问题认识不清致误）；被命中节点自带的唯一材料 math-hj-m5-derivative-calc-check 是导数运算正误辨析，与本栏目内容无关。,栏目名加标题罗列，属装饰串与目录性质，本身不是考点。,
dir_batch_000.csv#64,MATH,点·方法技巧：点拨解题方法，练一题通一类,REJECT,【点·方法技巧】是知识清单的栏目名，definition 仅罗列 13 条方法技巧标题，各子点均已有正式节点（求空间几何体表面积、求空间几何体的体积、证明直线与平面平行的方法、二面角的求法等）；被命中节点自带的材料为圆锥曲线非对称问题与计数原理定序问题，与本栏目内容无关。,栏目名加标题罗列，属装饰串与目录性质，本身不是考点。,
dir_batch_003.csv#277,MATH,破·重点难点：突破重难点，冲刺高分。,REJECT,【破·重点难点】是知识清单的栏目名，definition 仅罗列 4 个重难点标题（几何体展开图最短距离问题、空间几何体中的截面问题、外接球和内切球的解题思路、空间几何体中的探索性问题），这些子点各自已有正式节点与材料；被命中的节点自带材料 ext-mat-eaff69ddfa-002 只是栏目级的考查方式概述，本条目不含独立知识。,栏目名加标题罗列，属装饰串与目录性质，本身不是考点。,
dir_batch_003.csv#278,MATH,辨·易混易错：辨析易混易错知识点，夯实基础。,REJECT,【辨·易混易错】是知识清单的栏目名，definition 仅罗列 4 个易混易错标题（对斜二测画法的规则掌握不牢、空间点线面位置关系不清、线面平行定理的理解不够准确、对折叠与展开问题认识不清致误），各子点已有正式节点；被命中节点自带的唯一材料 math-hj-m5-derivative-calc-check 是导数运算正误辨析，与本栏目内容无关。,栏目名加标题罗列，属装饰串与目录性质，本身不是考点。,
dir_batch_003.csv#279,MATH,点·方法技巧：点拨解题方法，练一题通一类,REJECT,【点·方法技巧】是知识清单的栏目名，definition 仅罗列 13 条方法技巧标题（求空间几何体表面积、求空间几何体的体积、共线共点共面证明方法、证明直线与平面平行的方法、二面角的求法等），各子点均已有正式节点；被命中节点自带的材料为圆锥曲线非对称问题与计数原理定序问题，与本栏目内容无关。,栏目名加标题罗列，属装饰串与目录性质，本身不是考点。,
dir_batch_004.csv#397,MATH,为奇函数．,REJECT,name 为奇函数．是填空题残片（函数表达式已被剥离，仅剩句尾），definition 为两道典例题干（已知函数为偶函数求参数、判断含参函数为偶函数）；其知识本身已由 ext-mat-c98c7f68ce-003（函数奇偶性的定义与判定结论，绑在节点 为奇函数）覆盖，删除该候选不丢知识。,名称不构成考点名（填空残片），definition 为题干残片，无法独立成义。,
dir_batch_005.csv#403,MATH,已知的定义域，求的定义域，要先按（2）求出的定义域．,REJECT,name 为公式被剥离的填空残句；definition 仅两道典例题干（典例1、典例2）。该规则本身已由 math-fx-chouxiang-dingyu-zhuanyi 与 ext-mat-6056c4f67d-001 覆盖，删除不丢知识。,definition 为题干残片、name 为填空残句，无法构成可入库的考点名或知识陈述。,
dir_batch_006.csv#508,MATH,（2025·安徽蚌埠·三模）已知，则（   ）,REJECT,definition 关键词：二、多选题；name 为（2025·安徽蚌埠·三模）选择题题干，选项被剥离。,题干残片：name 是整道选择题题干（含考试年份与地区），definition 只有题型栏目名「二、多选题」，不含任何考点知识，属好题必刷练习区内容。,
dir_batch_006.csv#509,MATH,（2023·山西·模拟预测）已知，且，，则（    ）,REJECT,definition 关键词：三、填空题；name 为（2023·山西·模拟预测）题干。,题干残片：definition 只有题型栏目名「三、填空题」，name 是模拟题题干，无考点知识内容。,
dir_batch_006.csv#510,MATH,（2025·黑龙江吉林·模拟预测）已知，则的值为          ．,REJECT,definition 关键词：四、解答题；name 为（2025·黑龙江吉林·模拟预测）填空题题干。,题干残片：definition 只有题型栏目名「四、解答题」，name 是试题题干（含空格作答位），无考点知识内容。,
dir_batch_006.csv#511,MATH,（2024·天津·一模）在中，角，，的对边分别为，，.已知，，.,REJECT,definition 关键词：(1)求的值、(2)求的值、(3)求的值；name 为（2024·天津·一模）解三角形题干。,题干残片：name 与 definition 均为解三角形解答题的题干与三问设问，属好题必刷练习区题干。,
dir_batch_006.csv#512,MATH,（2024·天津红桥·二模）在中，内角，，的对边分别为，，，已知，，且．,REJECT,definition 关键词：(1)求的值、(2)求的值、(3)求的值；name 为（2024·天津红桥·二模）题干。,题干残片：name 与 definition 均为解三角形解答题题干与设问，无考点知识内容。,
dir_batch_006.csv#513,MATH,已知函数.,REJECT,definition 关键词：求函数的单调递增区间、若求的值；name 为残缺的「已知函数.」。,题干残片：name 是残缺的「已知函数.」，definition 为两问设问，函数解析式已被剥离，无法构成考点。,
dir_batch_006.csv#514,MATH,在中，角A，，的对边分别为，，，且.,REJECT,definition 关键词：(1)求、(2)若求；name 为解三角形题干。,题干残片：name 与 definition 均为解三角形题题干与设问，无考点知识内容。,
dir_batch_006.csv#515,MATH,（2023·天津·一模）在中，内角、、的对边分别为、、，已知．,REJECT,definition 关键词：(1)求角的大小、(2)设求和的值；name 为（2023·天津·一模）题干。,题干残片：name 与 definition 均为解三角形解答题题干与设问，无考点知识内容。,
dir_batch_006.csv#516,MATH,（2024·四川宜宾·一模）已知函数，在锐角中，内角的对边分别为，且.,REJECT,definition 关键词：(1)求、(2)若求的取值范围；name 为（2024·四川宜宾·一模）题干。,题干残片：name 与 definition 均为三角函数与解三角形综合题题干与设问，无考点知识内容。,
dir_batch_006.csv#517,MATH,（2025·天津南开·一模）在中，内角的对边分别为，且．,REJECT,definition 关键词：(1)求边的长、(2)求的值、(3)求的值；name 为（2025·天津南开·一模）题干。,题干残片：name 与 definition 均为解三角形解答题题干与设问，无考点知识内容。,
dir_batch_006.csv#518,MATH,（2025·新疆喀什·模拟预测）已知数列中，，则（    ）,REJECT,definition 关键词：3．（2025·云南昭通·模拟预测）、4．（2025·天津南开·模拟预测）、21840 情境；name 为（2025·新疆喀什·模拟预测）题干。,题干残片：definition 由多道模拟题题干拼接而成（第3、4题），属好题必刷练习区内容，无考点知识。,
dir_batch_006.csv#519,MATH,（2025·四川广安·模拟预测）已知数列满足，，则使得成立的最小自然数为（   ）,REJECT,definition 关键词：6．（2025·上海·三模）设数列的各项均为非零的整数；name 为（2025·四川广安·模拟预测）题干。,题干残片：definition 为模拟题第6题题干（含前项和与正整数条件），无考点知识内容。,
dir_batch_006.csv#520,MATH,（2025·江苏苏州·三模）已知数列满足，则（    ）,REJECT,definition 关键词：8．（2025·江西·模拟预测）、二、多选题；name 为（2025·江苏苏州·三模）题干。,题干残片：definition 为第8题题干与题型栏目名「二、多选题」的拼接，属练习区题干。,
dir_batch_006.csv#521,MATH,（2025·海南海口·模拟预测）若数列满足：，已知，则（   ）,REJECT,definition 关键词：10．帕多瓦数列、三、填空题、11．12．13．14．；name 为（2025·海南海口·模拟预测）题干。,题干残片：definition 是第10至14题题干与题型栏目名「三、填空题」的混合拼接，无考点知识内容。,
dir_batch_006.csv#522,MATH,（2025·福建福州·模拟预测）记为正整数，的最大公约数，正整数数列满足.,REJECT,definition 关键词：(1)求时求、(2)当时求所有满足的正整数、17．18．19．；name 为（2025·福建福州·模拟预测）题干。,题干残片：definition 为解答题设问与第17至19题题干的拼接，属练习区题干。,
dir_batch_006.csv#523,MATH,已知数列，求证:.,REJECT,definition 关键词：【题型四】等差数列的前n项和、【例4】【题型五】an与Sn的关系、【题型六】【题型七】、一、单选题；name 为已知数列求证。,题干残片：definition 由题型标题（题型四至题型七）与各例题题干混杂拼接而成，属练习区目录与题干，非考点知识。,
dir_batch_006.csv#524,MATH,（2025·四川成都·一模）在等差数列中，，，则（   ）,REJECT,definition 关键词：3．（2025·江苏泰州·模拟预测）、4．（2025·江西·模拟预测）、5．（2025·湖北武汉·模拟预测）；name 为（2025·四川成都·一模）题干。,题干残片：definition 为第3至5题选择题题干的拼接，无考点知识内容。,
dir_batch_006.csv#525,MATH,（2025·江苏·模拟预测）函数满足：，且．设，则的前项的和为（   ）,REJECT,definition 关键词：二、多选题、7．（2025·安徽·模拟预测）已知等差数列的首项为公差为；name 为（2025·江苏·模拟预测）题干。,题干残片：definition 为题型栏目名与第7题题干的拼接，属练习区题干。,
dir_batch_006.csv#526,MATH,（2025·山西·三模）已知数列的通项公式为，则下列说法正确的是（     ）,REJECT,definition 关键词：9．（2025·四川成都·一模）三角垛、三、填空题；name 为（2025·山西·三模）题干。,题干残片：definition 为第9题题干（杨辉三角垛情境）与题型栏目名的拼接，无考点知识内容。,
dir_batch_006.csv#527,MATH,（2025·广东广州·三模）已知等差数列的前n项和为，则       ．,REJECT,definition 关键词：12．13．14．15．、四、解答题；name 为（2025·广东广州·三模）题干。,题干残片：definition 为第12至15题题干与题型栏目名「四、解答题」的拼接，属练习区题干。,
dir_batch_006.csv#528,MATH,（2025·广东佛山·三模）已知数列满足，且是关于的方程的两个根．,REJECT,definition 关键词：(1)求、(2)设求数列的前21项和；name 为（2025·广东佛山·三模）题干。,题干残片：name 与 definition 均为解答题题干与设问，无考点知识内容。,
dir_batch_006.csv#529,MATH,（2025·云南昭通·模拟预测）已知数列是等差数列，且，数列的前项和为，且，．,REJECT,definition 关键词：(1)求和的通项公式、(2)求数列的前项和、18．（2025·贵州贵阳·模拟预测）；name 为（2025·云南昭通·模拟预测）题干。,题干残片：definition 为解答题设问与第18题题干的拼接，属练习区题干。,
dir_batch_013.csv#1055,PHYSICS,原子核,REJECT,条目名为章级标题 原子核，definition 仅为小节标题「一、原子核的组成」，无任何知识陈述，属目录性残片，无法独立成义；该章内容已由正式节点 原子核的组成、天然放射现象、原子核衰变、核力、结合能、比结合能、核反应、常见基本粒子及其分类 覆盖，无新内容可入库。,条目为章级目录标题且 definition 只有小节标题，无知识陈述，按目录/残片驳回。,
dir_batch_020.csv#1612,PHYSICS,原子核,REJECT,条目未命中节点（mech=unmatched、node 为空）；name 为章级标题「原子核」，definition 仅为小节标题「一、原子核的组成」，两侧均无知识陈述、无法独立成义，属目录性残片；该章内容已由正式节点 原子核的组成（材料 phys-kb-atomic-nucleus-composition、ext-phy-5aff2fc1d4-022）、天然放射现象（ext-phy-baf18087a8-007）、原子核衰变、核力、结合能、比结合能、核反应的判断-方程与应用、常见基本粒子及其分类 覆盖，无新内容可入库。,条目为章级目录标题且 definition 只有小节标题，无知识陈述，按目录残片驳回。,
dir_batch_021.csv#1691,CHEMISTRY,根据元素周期律比较下列各组性质(用“>”或“<”填空)：,REJECT,name 为练习题干提示语“根据元素周期律比较下列各组性质(用“>”或“<”填空)：”，definition 为 (1)—(6) 组金属性、碱性、酸性、热稳定性、还原性、氧化性比较的填空串（含大量下划线空）；mech=unmatched，node 为空。,题干加填空串，未形成独立知识陈述，属练习残片。,
dir_batch_021.csv#1692,CHEMISTRY,下列事实不能说明元素的金属性或非金属性相对强弱的是(　　),REJECT,name 为选择题题干“下列事实不能说明元素的金属性或非金属性相对强弱的是(　　)”，definition 却是另一题干的截断残片“4．下表列出了某短周期元素R的各级电离能数据……下列关于元素R的判断中一定正确的是(　　)”；mech=unmatched，node 为空。,name 与 definition 不匹配的题干残片，无知识陈述。,
dir_batch_021.csv#1693,CHEMISTRY,根据信息回答下列问题：,REJECT,name 为提示语“根据信息回答下列问题：”，definition 为电负性信息加 (1)—(4) 填空问答串（含下划线空与“AlF3_________”式填空）；mech=unmatched，node 为空；其电负性差值判断键型的内容已由 ext-che-b0216673fb-016（节点 电负性）、chem-kb-electronegativity-applications（节点 电负性的三个重要应用）覆盖。,填空问答题干残片，答案位全空。,
dir_batch_021.csv#1698,CHEMISTRY,确定下列指定元素的原子序数,REJECT,name 为题干提示语“确定下列指定元素的原子序数”，definition 为 (1)—(4) 原子序数填空串并接“2．某元素的最外层电子数为2……正确的是(     )”“3．……下列关于33号元素的说法正确的是(　　)”等选择题残片；mech=unmatched，node 为空。,题干加填空残片，无可入库的知识陈述。,
dir_batch_021.csv#1700,CHEMISTRY,比较下列微粒半径的大小(用“＞”或“＜”填空)：,REJECT,name 为比较题干“比较下列微粒半径的大小(用“＞”或“＜”填空)：”，definition 为 (1)—(6) 组微粒半径符号填空串（含下划线空）；mech=unmatched，node 为空。,题干加填空串，属练习残片。,
dir_batch_021.csv#1703,CHEMISTRY,C、O、Na、Al、Si、S、Cl是常见的几种元素。请回答下列问题。,REJECT,name 为情境题干“C、O、Na、Al、Si、S、Cl是常见的几种元素。请回答下列问题。”，definition 为同位素符号填空、氢化物稳定性比较与验证同主族非金属性变化的实验装置问答串；mech=unmatched，node 为空。,情境题干加填空问答残片，跨多个话题。,
dir_batch_021.csv#1717,CHEMISTRY,易错辨析。,REJECT,name 为栏目名“易错辨析。”，definition 为 (1)—(7) 判断句串（逐句带（ 　）空）并接“2.根据如图数据计算反应N2（g）＋H2（g）NH3（g）的ΔH＝　 　kJ·mol－1”填空，话题跨能量变化与中和反应热测定等多个点；mech=unmatched，node 为空。,判断与填空混合的练习残片，无单一知识主线。,
dir_batch_021.csv#1718,CHEMISTRY,在一定温度下，利用催化剂将NH3分解为N2和H2。相关化学键的键能数据如下：,REJECT,name 为情境题干“在一定温度下，利用催化剂将NH3分解为N2和H2。相关化学键的键能数据如下：”，definition 仅为“反应2NH3（g）N2（g）＋3H2（g）　ΔH＝　      　kJ·mol－1。”的填空；mech=unmatched，node 为空。,题干加填空残片，仅剩一个空位。,
dir_batch_021.csv#1719,CHEMISTRY,某反应的反应过程与能量关系如图所示：,REJECT,name 为题目情境“某反应的反应过程与能量关系如图所示：”，definition 为 (1)—(3) 填空（判断 ΔH 符号、指认有催化剂的反应过程、写出 E1 的含义）；mech=unmatched，node 为空。,题干加填空残片，无知识陈述。,
dir_batch_021.csv#1720,CHEMISTRY,写出下列燃烧元素对应的稳定产物及状态,REJECT,name 为题干提示“写出下列燃烧元素对应的稳定产物及状态”，definition 为 C、H、S、N 稳定产物的填空串并接“6.已知：电解液态水制备1 mol O2（g）……H2（g）的燃烧热（焓）ΔH＝”的计算填空；mech=unmatched，node 为空。,题干加填空残片，答案位全空。,
dir_batch_021.csv#1721,CHEMISTRY,关于中和反应反应热的测定实验，请回答下列问题：,REJECT,name 为题干提示语“关于中和反应反应热的测定实验，请回答下列问题：”，definition 为 (1)—(3) 关于浓酸浓碱、弱酸弱碱与生成沉淀对测定值影响的填空问答串；mech=unmatched，node 为空；其偏差分析内容已由 ext-che-25e960af7a-003（节点 中和热测定注意事项 的中和反应反应热测定偏差分析材料）覆盖。,填空问答题干残片，无独立知识陈述。,
dir_batch_021.csv#1722,CHEMISTRY,定义,REJECT,name 为栏目名“定义”，definition 为含空白的填空式定义句且被截断（“表明　的化学方程式，叫作热化学方程式。如H2（g）＋O2（g）H2O（g）　ΔH＝－241.8 kJ·mol－1表示的意义：在25 ℃、101 kPa下，”）；mech=unmatched，node 为空；热化学方程式的定义与表示意义已由 chem-hj2-rexue-fangchengshi-gainian、chem-kb-thermochemical-equation-writing 覆盖。,栏目名加填空残片，不构成可命名的考点。,
dir_batch_021.csv#1724,CHEMISTRY,易错辨析。,REJECT,name 为栏目名“易错辨析。”，definition 为 (1)—(4) 热化学方程式正误判断句串（逐句带（ 　）空）；mech=unmatched，node 为空。,判断正误题干残片，无知识陈述。,
dir_batch_021.csv#1725,CHEMISTRY,请写出298 K、101 kPa时，下列反应的热化学方程式。,REJECT,name 为题干提示语“请写出298 K、101 kPa时，下列反应的热化学方程式。”，definition 为 (1)(2) 由文字叙述写合成氨与 NO 生成方程式的练习条目；mech=unmatched，node 为空。,题干残片，只有待书写的反应描述。,
dir_batch_021.csv#1729,CHEMISTRY,易错辨析。,REJECT,name 为栏目名“易错辨析。”，definition 为 (1)—(3) 关于盖斯定律、燃烧热数值与 ΔH1＞ΔH2 判断的句串（逐句带（ 　）空）；mech=unmatched，node 为空。,判断正误题干残片，无知识陈述。,
dir_batch_021.csv#1730,CHEMISTRY,如图是通过热化学循环在较低温度下由水或硫化氢分解制备氢气的反应系统原理。,REJECT,name 为题目情境“如图是通过热化学循环在较低温度下由水或硫化氢分解制备氢气的反应系统原理。”，definition 仅为“通过计算，可知系统（Ⅰ）和系统（Ⅱ）制氢的热化学方程式分别为　、　，制得等量H2所需”的截断填空；mech=unmatched，node 为空。,题干加填空残片，句子被截断。,
dir_batch_021.csv#1731,CHEMISTRY,依据图示关系，请回答：,REJECT,name 为提示语“依据图示关系，请回答：”，definition 为 (1)(2) 盖斯定律填空并接“4.室温下，将1 mol CuSO4·5H2O溶于水……”的热效应计算条目；mech=unmatched，node 为空。,提示语加填空残片，无独立知识陈述。,
dir_batch_021.csv#1734,CHEMISTRY,已知：,REJECT,name 为提示语“已知：”，definition 为若干热化学方程式与键能数据并接“2.CO2是一种廉价的碳资源……该反应的ΔH＝__  __。”“加入CH4和CO2各1 mol的混合气体。……放出或吸收的热量较多的是__”等填空；mech=unmatched，node 为空。,题干加填空残片，答案位全空。,
dir_batch_021.csv#1736,CHEMISTRY,试比较下列各组ΔH的大小。,REJECT,name 为题干提示语“试比较下列各组ΔH的大小。”，definition 为 (1)—(3) 生成物状态不同、反应物状态不同与两个有联系的不同反应的 ΔH 填空串（含“________”空）；mech=unmatched，node 为空。,题干加填空串，属练习残片。,
dir_batch_021.csv#1737,CHEMISTRY,根据以下热化学方程式，ΔH1和ΔH2的大小比较错误的是(　　),REJECT,name 为选择题题干“根据以下热化学方程式，ΔH1和ΔH2的大小比较错误的是(　　)”，definition 为若干热化学方程式与结论的罗列残片（含 ΔH1＞ΔH2、ΔH1＜ΔH2 判断句）；mech=unmatched，node 为空。,选择题干与结论罗列残片，无知识陈述。,
dir_batch_021.csv#1743,CHEMISTRY,正误判断，正确的打“√”，错误的打“×”,REJECT,name 为栏目提示语“正误判断，正确的打“√”，错误的打“×””，definition 为 (1)—(6) 判断句串并接“2．反应 A＋B―→C(ΔH＜0)分两步进行……”作图题与“3．以50 mL 0.50 mol·L－1盐酸与50 mL 0.55 mol·L－1 NaOH反应为例，填写下表”填空；mech=unmatched，node 为空。,判断与填空混合的练习残片，无单一知识主线。,
dir_batch_021.csv#1746,CHEMISTRY,标准状态下，下列物质气态时的相对能量如下表：,REJECT,name 为题目情境“标准状态下，下列物质气态时的相对能量如下表：”，definition 为残缺句“已知：中氧氧单键的键能为。下列说法正确的是”；mech=unmatched，node 为空。,题干残片且句子成分缺失，无法成义。,
dir_batch_021.csv#1748,CHEMISTRY,依据事实，写出下列反应的热化学方程式。,REJECT,name 为题干提示语“依据事实，写出下列反应的热化学方程式。”，definition 为 (1)(2) 由肼燃烧放热数据与 CuCl 与 O2 反应放热数据写方程式的练习条目；mech=unmatched，node 为空。,题干残片，只有待书写的反应描述。,
dir_batch_021.csv#1750,CHEMISTRY,按要求书写热化学方程式。,REJECT,name 为题干提示语“按要求书写热化学方程式。”，definition 为 (1)—(3) 由 H2 燃烧与水的汽化数据、葡萄糖燃烧与光合作用、合成氨铁触媒图像写方程式的填空串；mech=unmatched，node 为空。,题干加填空残片，无独立知识陈述。,
dir_batch_021.csv#1755,CHEMISTRY,主要因素,REJECT,name 为栏目名“主要因素”，definition 为残缺填空文“反应物______________主要因素。如相同条件下Mg、Al与稀盐酸反应的速率大小关系为_______。”；mech=unmatched，node 为空。,栏目名加填空残片，句子被截断。,
dir_batch_021.csv#1758,CHEMISTRY,下列措施可以增大化学反应速率的是________(填序号)。,REJECT,name 为选择题题干“下列措施可以增大化学反应速率的是________(填序号)。”，definition 为 ①—⑦ 措施清单并接“2．一定温度下，反应N2(g)＋O2(g)2NO(g)在密闭容器中进行……(4)恒压充入He：__________。”的多小问填空；mech=unmatched，node 为空。,题干加清单与填空，属练习残片。,
dir_batch_021.csv#1759,CHEMISTRY,对于反应N2(g)＋3H2(g)2NH3(g),REJECT,name 为题干情境“对于反应N2(g)＋3H2(g)2NH3(g)”，definition 为恒温恒容充氮气、恒温恒容充氦气、恒温恒压充氦气对速率影响的 (1)—(3) 填空与原因作答；mech=unmatched，node 为空；其结论已由 chem-inert-gas-rate-effect、chem-kb-inert-gas-pressure-rate（节点 外界条件对化学反应速率的影响规律）覆盖。,题干加填空残片，各问答案全空。,
dir_batch_022.csv#1766,CHEMISTRY,已知反应：4CO＋2NO2N2＋4CO2在不同条件下的化学反应速率如下。,REJECT,definition 关键词：已知反应 4CO＋2NO2 在不同条件下的化学反应速率如下、请比较上述 5 种情况反应的快慢；mech=unmatched、node 为空,条目名与 definition 均为习题引语加设问（已知反应 4CO＋2NO2 在不同条件下的化学反应速率如下，请比较上述 5 种情况反应的快慢），主体是练习数据与设问，不是知识陈述，属题干残片；mech=unmatched 且未命中任何节点,
dir_batch_022.csv#1770,CHEMISTRY,甲烷与氯气在光照条件下存在如下反应历程(“·”表示电子)：,REJECT,definition 关键词：甲烷与氯气在光照条件下存在如下反应历程、下列说法不正确的是、2025 河南卷与 2025 河北卷真题设问；mech=unmatched、node 为空,条目名为题干（甲烷与氯气在光照条件下存在如下反应历程），definition 混入多道真题设问（2025 河南卷丙烷脱氢、2025 河北卷氮化镓等）与选项残片，主体是试题，无可入库的独立知识陈述；mech=unmatched,
dir_batch_022.csv#1778,CHEMISTRY,易错辨析。,REJECT,definition 关键词：易错辨析、正确的打√错误的打×、所以氯气是电解质、氯气具有漂白性；mech=unmatched、node 为空,条目名与 definition 均为易错辨析判断题干（正确的打√错误的打×）加填空串，由氯水导电性、Cl2 只作氧化剂、湿润有色布条褪色等彼此无关的判断句拼成，无单一知识主线，属练习残片；mech=unmatched,
dir_batch_022.csv#1779,CHEMISTRY,易错辨析。,REJECT,definition 关键词：易错辨析、可以用 pH 试纸测定氯水的 pH、通入少量 SO2 后溶液漂白性增强；mech=unmatched、node 为空,条目名为易错辨析。，definition 为氯水 pH 试纸、通入 SO2 后漂白性、光照后导电性等判断题干与填空残片，无可入库的独立知识陈述；mech=unmatched,
dir_batch_022.csv#1780,CHEMISTRY,易错辨析。,REJECT,definition 关键词：易错辨析、漂白粉与盐酸可混合使用、NaClO 溶液长期露置在空气中、84 消毒液对图书馆桌椅消毒；mech=unmatched、node 为空,条目名为易错辨析。，definition 为漂白粉与盐酸混用、NaClO 溶液露置、84 消毒液消毒等判断题干与离子方程式填空残片，属练习残片；mech=unmatched,
dir_batch_022.csv#1783,CHEMISTRY,易错辨析。,REJECT,definition 关键词：易错辨析、启普发生器也可用于二氧化锰与浓盐酸反应、可用饱和 NaHCO3 溶液除去 Cl2 中混有的 HCl；mech=unmatched、node 为空,条目名为易错辨析。，definition 为实验室制法相关判断题干（启普发生器、饱和 NaHCO3 除 HCl、浓硫酸或碱石灰干燥、先排气再拆卸装置等）与填空残片，属练习残片；mech=unmatched,
dir_batch_022.csv#1792,CHEMISTRY,下列关于卤素的叙述正确的是(　　),REJECT,definition 关键词：下列关于卤素的叙述正确的是、最易被氧化的是氟化钾、溴化银具有感光性；mech=unmatched、node 为空,条目名为选择题题干（下列关于卤素的叙述正确的是），definition 为四个选项残片（氟化钾的氧化、溴中溶有少量氯气的提纯、溴化银感光性、淀粉碘化钾溶液），无可入库的独立知识陈述；mech=unmatched,
dir_batch_022.csv#1794,CHEMISTRY,碘(紫黑色固体，微溶于水)及其化合物广泛用于医药、染料等方面。回答下列问题：,REJECT,definition 关键词：碘及其化合物广泛用于医药与染料等方面、加入 Fe 粉进行转化反应的离子方程式、通入 Cl2 的过程中；mech=unmatched、node 为空,条目名为试题材料引语加设问（碘及其化合物广泛用于医药与染料等方面。回答下列问题），definition 为制碘工艺流程的填空与设问残片，属真题题干；mech=unmatched,
dir_batch_022.csv#1799,CHEMISTRY,易错辨析：正确的打“√”，错误的打“×”。,REJECT,definition 关键词：易错辨析正确的打√错误的打×、含有金属元素的离子不一定是阳离子、能与酸反应的氧化物一定是碱性氧化物；mech=unmatched、node 为空,条目名为判断题干（易错辨析：正确的打√错误的打×），definition 为分子式、金属离子、核反应制新原子、纯净物、氧化物、酸碱盐的判断题与物质列举残片，跨多个无关话题，属练习残片；mech=unmatched,
dir_batch_022.csv#1802,CHEMISTRY,通过对比物理变化和化学变化的不同，回答下列问题：,REJECT,definition 关键词：通过对比物理变化和化学变化的不同回答下列问题、石油的分馏、煤的干馏、蛋白质的变性；mech=unmatched、node 为空,条目名为题干（通过对比物理变化和化学变化的不同，回答下列问题），definition 为十三项过程分类填空（石油的分馏、煤的干馏、钠的焰色试验、蛋白质变性等），属练习残片；mech=unmatched,
dir_batch_022.csv#1803,CHEMISTRY,易错辨析：正确的打“√”，错误的打“×”。,REJECT,definition 关键词：易错辨析正确的打√错误的打×、从海水中提取物质都必须通过化学反应、232Th 转化成 233Th；mech=unmatched、node 为空,条目名为判断题干（易错辨析：正确的打√错误的打×），definition 为从海水中提取物质、硫燃烧产物、232Th 转化、石墨与金刚石四句判断题，属练习残片；mech=unmatched,
dir_batch_022.csv#1804,CHEMISTRY,判断下列转化能否实现，能实现的打“√”，不能实现的打“×”。,REJECT,definition 关键词：判断下列转化能否实现、SiO2 到 H2SiO3、SO3 到 H2SO4、Fe2O3 到 Fe(OH)3；mech=unmatched、node 为空,条目名为判断题干（判断下列转化能否实现，能实现的打√不能实现的打×），definition 为 SiO2 到 H2SiO3、SO3 到 H2SO4 等四个转化判断填空，属练习残片；mech=unmatched,
dir_batch_022.csv#1808,CHEMISTRY,下列事实与胶体性质无关的是_________,REJECT,definition 关键词：下列事实与胶体性质无关的是、高压直流电除去大量烟尘、医院里用血液透析的方法治疗；mech=unmatched、node 为空,条目名为选择题题干（下列事实与胶体性质无关的是），definition 为七项事实编号残片（高压直流电除烟尘、油水混合物、蛋白质溶液的光亮通路、血液透析等），属练习残片；mech=unmatched,
dir_batch_022.csv#1812,CHEMISTRY,请把下列物质的序号填写到下图的横线上：,REJECT,definition 关键词：请把下列物质的序号填写到下图的横线上、硫黄、苛性钠、小苏打、淀粉溶液；mech=unmatched、node 为空,条目名为题干（请把下列物质的序号填写到下图的横线上），definition 为硫黄、HClO、苛性钠等十一种物质的序号列表残片，属练习残片；mech=unmatched,
dir_batch_022.csv#1813,CHEMISTRY,对下列物质分类，并完善表格内容,REJECT,definition 关键词：对下列物质分类并完善表格内容、HCl、HNO3、H2SO4、BaSO4、NaHCO3；mech=unmatched、node 为空,条目名为题干（对下列物质分类，并完善表格内容），definition 为 HCl、HNO3、H2SO4 等十种物质的序号列表残片，无知识陈述；mech=unmatched,
dir_batch_022.csv#1814,CHEMISTRY,下列有关物质的组成与分类的叙述正确的有________(填序号)。,REJECT,definition 关键词：下列有关物质的组成与分类的叙述正确的有填序号、BaSO4 的水溶液不易导电故 BaSO4 是弱电解质、碱性氧化物一定是金属氧化物；mech=unmatched、node 为空,条目名为题干（下列有关物质的组成与分类的叙述正确的有，填序号），definition 为硫酸烧碱醋酸钠分类、蛋白质的元素组成、福尔马林与水玻璃等七个选项残片，属练习残片；mech=unmatched,
dir_batch_022.csv#1817,CHEMISTRY,写出下列物质转化涉及的化学方程式。,REJECT,definition 关键词：写出下列物质转化涉及的化学方程式、Na 到 Na2SO4、S 到 Na2SO3；mech=unmatched、node 为空,条目名为题干（写出下列物质转化涉及的化学方程式），definition 只有 Na 到 Na2SO4 与 S 到 Na2SO3 两条转化链的空位，属练习残片；mech=unmatched,
dir_batch_022.csv#1818,CHEMISTRY,举例说明下列反应在一定条件下可以实现。,REJECT,definition 关键词：举例说明下列反应在一定条件下可以实现、弱酸与盐溶液反应可以生成强酸、有单质参加的非氧化还原反应；mech=unmatched、node 为空,条目名为题干（举例说明下列反应在一定条件下可以实现），definition 为五条举例设问的空位残片（酸性氧化物与碱反应、弱酸与盐溶液生成强酸、无沉淀气体生成的复分解反应等），属练习残片；mech=unmatched,
dir_batch_022.csv#1821,CHEMISTRY,用Fe(OH)3胶体进行下列实验。,REJECT,definition 关键词：用 Fe(OH)3 胶体进行下列实验、判断是否为 Fe(OH)3 胶体的简单方法、装入 U 形管中通电观察电泳；mech=unmatched、node 为空,条目名为题干（用 Fe(OH)3 胶体进行下列实验），definition 为丁达尔检验、电泳、加硫酸铵聚沉、滴过量稀硫酸等填空设问残片，属练习残片；mech=unmatched,
dir_batch_022.csv#1829,CHEMISTRY,02×1022个Na＋的物质的量为          　。,REJECT,definition 关键词：02×1022 个 Na＋ 的物质的量、物质的量与粒子数及阿伏加德罗常数之间的关系式；mech=unmatched、long=true、node 为空,条目名为填空残片（02×1022 个 Na＋ 的物质的量为），definition 只给 n 与粒子数关系式的一个空位，无独立知识陈述；mech=unmatched，long=true,
dir_batch_023.csv#1840,CHEMISTRY,判断下列实验过程是否正确。,REJECT,definition 为 (1)-(5) 配制溶液操作的判断句并标有对错符号（NaOH溶液、KMnO4溶液、酒精溶液、容量瓶规格、绿矾配制FeSO4溶液）；mech=unmatched 且 node 为空,判断题组残片：五条配制操作判断均无结论，未形成可入库的独立知识陈述,
dir_batch_023.csv#1847,CHEMISTRY,计算下列小题中所含微粒数目：,REJECT,definition 为 10 个微粒数目计算小问（常温常压11.2 L O2、NH3水溶液、H2与I2可逆反应、CH3＋质子电子数、孤电子对、NaHSO4阳离子、Fe与盐酸、C2H4的σ键、Cl2水、浓硝酸分解）并逐问留空；mech=unmatched 且 node 为空,计算题组残片：十个小问的答案全部空缺，未形成可入库的独立知识陈述,
dir_batch_023.csv#1848,CHEMISTRY,判断正误，正确的打“√”，错误的打“×”。,REJECT,name 与 definition 均为判断正误型题干（0 ℃、101 kPa 1 mol 任何物质的体积、混合气体摩尔体积为22.4 L/mol、氧气与氦气原子数、12C18O与NO、Fe在Cl2中燃烧转移电子数等十条）,判断正误题干残片：十条判断均无答案，未形成可入库的独立知识陈述,
dir_batch_023.csv#1852,CHEMISTRY,从溶液改变角度分析产生的误差(用“偏大”“偏小”或“无影响”填空)。,REJECT,definition 为 5 项配制误差填空（未冷却即定容、摇匀后液面下降再加水、定容仰视、摇匀后溶液外流、容量瓶原有蒸馏水）并用偏大偏小或无影响作答；mech=unmatched 且 node 为空,填空题干残片：只有待判断的空白，未形成可入库的独立知识陈述,
dir_batch_023.csv#1853,CHEMISTRY,从溶质改变角度分析产生的误差(用“偏大”“偏小”或“无影响”填空)。,REJECT,definition 为 7 项溶质改变引起的误差填空（称取NaOH与胆矾质量、托盘放纸片、物码颠倒、量筒仰视、加水超刻度吸出、未洗涤烧杯与玻璃棒）并用偏大偏小或无影响作答；mech=unmatched 且 node 为空,填空题干残片：七问均留空未作答，未形成可入库的独立知识陈述,
dir_batch_023.csv#1858,CHEMISTRY,设为阿伏加德罗常数的值。下列说法正确的是,REJECT,mech=unmatched、node 为空；definition 为 HCHO 还原[Cu(NH3)4]2+ 的方程式片段加 NA 说法设问；definition 关键词 阿伏加德罗常数的值、下列说法正确的是,选择题干残片：definition 只有反应式与设问、无选项与结论，属练习残片，未形成可入库的独立知识陈述,
dir_batch_023.csv#1862,CHEMISTRY,物质的量是高中化学常用的物理量，请完成以下有关计算(设NA为阿伏加德罗常数的值)：,REJECT,name 与 definition 均为计算题干（2.3 g 乙醇含H原子数与共价键 羟基电子数、某条件下8 g氧气体积6 L求气体摩尔体积、6.72 L CO还原Fe2O3的Fe质量与转移电子数）；mech=unmatched 且 node 为空,计算题组残片：三个小问的答案全部空缺，未形成可入库的独立知识陈述,
dir_batch_023.csv#1864,CHEMISTRY,下列有关的叙述正确的是       。,REJECT,mech=unmatched、node 为空；definition 为 E／F／G 三条并列选项残片（CaCl2溶液中Cl－数目、NH4Cl溶液浓度、H2SO3溶液中SO）；definition 关键词 含有的Cl-的数目为0.4NA、含有的浓度为0.1mol·L-1,选择题选项残片：definition 从E起截断、只有并列选项而无题干与结论，属练习残片,
dir_batch_023.csv#1865,CHEMISTRY,在化学研究中，物质的量浓度是使用最广泛的一种表示溶液浓度的方法。,REJECT,definition 为氨水物质的量浓度与盐酸稀释需加水的体积两问并留空（选填序号）；mech=unmatched 且 node 为空,计算题组残片：两问均留空，未形成可入库的独立知识陈述,
dir_batch_023.csv#1866,CHEMISTRY,物质的量是高中化学常用的物理量，请完成以下有关计算：,REJECT,name 与 definition 均为计算题干（CO与CO2体积之比、硫酸钠溶液离子量、CO还原氧化铁的Fe质量、气体氧化物摩尔质量、混合溶液离子浓度、三种钠盐生成沉淀相等时浓度之比、稀释后浓度）；mech=unmatched 且 node 为空,计算题组残片：七个小问的答案全部空缺，未形成可入库的独立知识陈述,
dir_batch_023.csv#1869,CHEMISTRY,判断正误，正确的打“√”，错误的打“×”。,REJECT,name 与 definition 均为判断正误型题干（导电能力弱的电解质、稀醋酸中加入醋酸钠、弱电解质溶液中的溶质分子、AgCl与CH3COOH、碳酸电离方程式、氨水中的电离平衡等十二条）,判断正误题干残片：十二条判断均无答案，未形成可入库的独立知识陈述,
dir_batch_023.csv#1870,CHEMISTRY,下列电离方程式中，正确的是,REJECT,mech=unmatched、node 为空；definition 为第5题（等体积等浓度盐酸与醋酸稀释图像）与第6题（氨水稀释求比值与浓度）两道题的题干拼接，与 name 下列电离方程式中正确的是 不符；definition 关键词 随溶液体积变化的关系如图所示、加水稀释,题干残片且名实不符：definition 是两道题设问的拼接、无独立知识陈述,
dir_batch_023.csv#1873,CHEMISTRY,判断正误，正确的打“√”，错误的打“×”。,REJECT,name 与 definition 均为判断正误型题干（不同浓度同一弱电解质的电离平衡常数、电离常数与电离能力、浓度增大时电离程度、升温电离程度、电离常数表达式等十二条）,判断正误题干残片：十二条判断均无答案，未形成可入库的独立知识陈述,
dir_batch_023.csv#1874,CHEMISTRY,分别测定不同浓度溶液、溶液和溶液的电导率数值，测定结果的数据处理如下表。,REJECT,mech=unmatched、node 为空；definition 为电导率数据处理表（只给出表头与代表溶液电导率数值的符号）加乳酸电离常数题的设问；definition 关键词 电导率越大溶液导电性越好、乳酸的电离常数、下列说法不正确的是,题干与数据表残片：缺表中数据与结论，属练习残片，无法成义,
dir_batch_023.csv#1875,CHEMISTRY,部分弱酸的电离常数如下表：,REJECT,name 为部分弱酸的电离常数如下表，definition 为按要求回答的四问（酸性强弱顺序、酸根结合H＋能力顺序、离子方程式书写、由Kb与浓度计算c(OH－)）并留空；mech=unmatched 且 node 为空,表格题干残片：四问均留空作答，未形成可入库的独立知识陈述,
dir_batch_023.csv#1879,CHEMISTRY,判断正误，正确的打“√”，错误的打“×”。,REJECT,name 与 definition 均为判断正误型题干（氨水稀释10倍后的pH、醋酸与盐酸与Zn反应的速率、中和等pH的盐酸和醋酸、升温电离程度、加水稀释、醋酸与醋酸钠溶液中的CH3COO－量等十三条）,判断正误题干残片：十三条判断均无答案，未形成可入库的独立知识陈述,
dir_batch_023.csv#1880,CHEMISTRY,(1)在一定温度下，有a.盐酸b.硫酸c.醋酸三种酸：,REJECT,definition 为盐酸 硫酸 醋酸三种酸的六问（同浓度时c(H＋)顺序、中和NaOH能力、c(H＋)相同时的中和能力与反应速率、稀释100倍后c(H＋)、反应至pH＝7时消耗NaOH体积）并留空；mech=unmatched 且 node 为空,填空题干残片：六问与后续曲线选择均留空作答，未形成可入库的独立知识陈述,
dir_batch_023.csv#1883,CHEMISTRY,常温下，几种弱酸的电离平衡常数如下表所示：,REJECT,definition 为已知（几种弱酸常温下的电离平衡常数表）与一句下列说法正确的是；mech=unmatched 且 node 为空,表格题干残片：只有数据表与设问、无结论与选项，未形成可入库的独立知识陈述,
dir_batch_023.csv#1885,CHEMISTRY,下列关于电离常数的说法正确的是,REJECT,mech=unmatched、node 为空；definition 为第3题题干残片（常温下在pH＝5的HA溶液中存在电离平衡，对该平衡下列叙述正确的是）；definition 关键词 存在电离平衡、下列叙述正确的是,选择题干残片：只有设问、无选项与结论，属练习残片，未形成可入库的独立知识陈述,
dir_batch_023.csv#1887,CHEMISTRY,下列酸碱溶液恰好完全中和，如图所示，则下列叙述正确的是(　　),REJECT,mech=unmatched、node 为空；definition 为第3题题干残片（100 mL 0.01 mol/L 与 10 mL 0.1 mol/L 的醋酸溶液相比较，下列数值前者大于后者的是），与 name 的酸碱恰好完全中和图不符；definition 关键词 醋酸溶液相比较、下列数值前者大于后者,选择题干残片：name 与 definition 分属不同题目、无选项与结论，属练习残片,
dir_batch_023.csv#1889,CHEMISTRY,常温下，下列事实不能说明NH3·H2O为弱电解质的是(　　),REJECT,mech=unmatched；definition 为第2题题干残片（25 ℃等体积pH均为4的HA溶液和HB溶液分别加水稀释时pH变化如图，下列说法正确的是）；包内节点 常温下-下列事实不能说明nh3-h2o为弱电解质的是（弱电解质判断的事实依据）的全量材料为 chem-fx-bu-neng-guo-du-jia-re-f07x12（不能过度加热）与 chem-fx-bu-neng-chai-fen-de-wu-zhi-bao-kuo-dan-f08x13（不能拆分的物质）两条与该考点无关的材料；definition 关键词 pH均为4的HA溶液和HB溶液、加水稀释时pH变化如图所示,选择题干残片：name 为事实判断题干、definition 为另一道稀释图像题的设问，名实不符且无独立知识陈述,
dir_batch_023.csv#1891,CHEMISTRY,室温下，进行如下实验：,REJECT,mech=unmatched、node 为空；definition 为实验题题干残片（向20 mL 0.1 mol/L醋酸溶液中加入20 mL 0.1 mol/L NaOH溶液、再滴加a mL 0.1 mol/L稀盐酸至pH＝7，下列说法不正确的是）；definition 关键词 恰好完全反应、至溶液的pH=7、下列说法不正确的是,题干残片：只有实验操作串与设问、无结论，属练习残片,
dir_batch_023.csv#1892,CHEMISTRY,下表是几种弱酸常温下的电离平衡常数：,REJECT,mech=unmatched、node 为空；definition 仅一句则下列说法中不正确的是，电离平衡常数表未随条目给出；definition 关键词 几种弱酸常温下的电离平衡常数、下列说法中不正确的是,题干残片：definition 只有设问、数据表缺失，无法成义,
dir_batch_023.csv#1898,CHEMISTRY,根据要求回答下列问题：,REJECT,name 为根据要求回答下列问题，definition 为 Na2O2 投入品红与紫色石蕊溶液的颜色变化、与木炭粉研磨爆炸的原因、SO2与CO2混合气与Na2O2只生成Na2RO3的预测三问并留空；mech=unmatched 且 node 为空,探究型填空题干残片：现象与理由全部留空，未形成可入库的独立知识陈述,
dir_batch_023.csv#1902,CHEMISTRY,某同学用Na2CO3和NaHCO3溶液进行如图所示实验。下列说法不正确的是(　　),REJECT,name 为某同学用Na2CO3和NaHCO3溶液进行如图所示实验、下列说法不正确的是，definition 为图Ⅰ～Ⅳ鉴别碳酸钠与碳酸氢钠的设问并留空（不能达到目的的装置、碳酸氢钠受热分解方程式、试管B中所装固体）；mech=unmatched 且 node 为空,选择题干残片：只给出鉴别实验图与设问，无结论与选项,
dir_batch_024.csv#1926,CHEMISTRY,若上述题目中的(1)～(4)改成一定温度下的恒压密闭容器，结果又如何？,REJECT,name 为题干“若上述题目中的(1)～(4)改成一定温度下的恒压密闭容器，结果又如何？”，definition 仅四个空括号，无可入库内容。,填空题干残片，四个小问答案全为空位，未形成知识陈述。,
dir_batch_024.csv#1931,CHEMISTRY,（2025·北京卷）为研究三价铁配合物性质进行如下实验(忽略溶液体积变化)。,REJECT,name 与 definition 均为题干；三价铁配合物的颜色结论在包内由 node 配位键和配合物 的材料 ext-che-1422ee20c2-029 覆盖，但本行本身不构成考点条目。,真题题干残片（2025·北京卷），只给出三种三价铁配合物的颜色并附“下列说法不正确的是”，无可入库的独立知识陈述。,
dir_batch_024.csv#1941,CHEMISTRY,对于以下反应，从反应开始进行到达到平衡后，保持温度、体积不变，按要求回答下列问题。,REJECT,name 为题干“对于以下反应，从反应开始进行到达到平衡后，保持温度、体积不变，按要求回答下列问题。”，definition 为 PCl5、HI、NO2 与 mA＋nB⇌pC 四组无答案的填空。,填空题干残片，四组反应的移动方向、转化率与百分含量全部以空位给出，无实质知识内容可入库。,
dir_batch_024.csv#1943,CHEMISTRY,某温度下，在一恒容密闭容器中进行如下两个反应并达到平衡：,REJECT,name 与 definition 均为题干；无答案、无结论。,题干残片，给出两个可逆反应与“下列叙述错误的是”及速率—时间、浓度—时间图像设问，无可入库的独立知识陈述。,
dir_batch_024.csv#1944,CHEMISTRY,工业上常用甲烷、水蒸气重整制备氢气，体系中发生如下反应。,REJECT,name 与 definition 均为题干；提高转化率的措施属平衡移动的一般应用，题干本身不构成考点条目。,题干残片，给出甲烷水蒸气重整的两个反应与“能提高CH4平衡转化率的是”一个设问，无可入库的独立知识陈述。,
dir_batch_024.csv#1947,CHEMISTRY,易错辨析：正确的打“√”，错误的打“×”。,REJECT,name 与 definition 均为“易错辨析：正确的打√，错误的打×”型判断题干。,判断正误题干残片，六条判断均无答案，未形成可入库的知识陈述。,
dir_batch_024.csv#1951,CHEMISTRY,写出下列原子(或离子)核外电子排布的表示方法。,REJECT,name 为“写出下列原子(或离子)核外电子排布的表示方法。”，definition 为书写空位。,题干加书写空残片，四问的电子排布式、简化式、轨道表示式与原子结构示意图全部为空白。,
dir_batch_024.csv#1952,CHEMISTRY,(1)基态F原子核外电子的运动状态有______种。,REJECT,name 为“(1)基态F原子核外电子的运动状态有______种。”，definition 其余各问同为填空。,填空残片，各小问只给出待填空的粒子数目与说法，无答案、无结论。,
dir_batch_024.csv#1961,CHEMISTRY,易错辨析。,REJECT,name 与 definition 均为“易错辨析。”型题干与填空。,易错辨析题干残片，五条判断与后续填空均无答案，跨电极判断、盐桥、装置设计多个小问，无独立知识陈述。,
dir_batch_024.csv#1965,CHEMISTRY,易错辨析。,REJECT,name 与 definition 均为“易错辨析。”型题干。,易错辨析题干残片，六条判断与后续填空无答案，跨一次电池、二次电池、燃料电池多个小问。,
dir_batch_024.csv#1966,CHEMISTRY,北京冬奥会期间使用氢燃料清洁能源汽车，其氢氧燃料电池工作示意图如图所示。,REJECT,name 与 definition 均为题干与空位。,题干残片，氢氧燃料电池工作示意图配三个填空，无知识陈述。,
dir_batch_024.csv#1970,CHEMISTRY,已知锂电池的正极反应物和产物，写出其正极反应。,REJECT,name 为“已知锂电池的正极反应物和产物，写出其正极反应。”，definition 为两个方程式空位。,填空残片，仅给出两问的正极反应物与产物，两个电极反应式均为空位，无实质知识内容可入库。,
dir_batch_024.csv#1975,CHEMISTRY,判断正误，正确的打“√”，错误的打“×”。,REJECT,name 与 definition 均为“判断正误”型题干。,判断正误题干残片，十二条判断均无答案，跨电极、盐桥、装置与反应设计多个小问。,
dir_batch_024.csv#1976,CHEMISTRY,深度思考：,REJECT,name 为“深度思考：”，definition 为思考题与填空。,深度思考题与填空残片，四个小问（盐桥作用、能否用金属代替盐桥、判断哪些装置是原电池、原电池设计）只有设问与空位，无知识陈述。,
dir_batch_024.csv#1978,CHEMISTRY,判断正误，正确的打“√”，错误的打“×”。,REJECT,name 与 definition 均为“判断正误”型题干。,判断正误题干残片，七条判断均无答案，含铅蓄电池质量与电子转移计算等设问。,
dir_batch_024.csv#1985,CHEMISTRY,判断正误，正确的打“√”，错误的打“×”。,REJECT,name 与 definition 均为“判断正误”型题干。,判断正误题干残片，十二条判断均无答案，且判断结果依赖 Kw、稀释等具体数据推算，无独立知识陈述。,
dir_batch_024.csv#1989,CHEMISTRY,判断正误，正确的打“√”，错误的打“×”。,REJECT,name 与 definition 均为“判断正误”型题干。,判断正误题干残片，十二条判断均无答案，跨酸碱混合、稀释、pH 试纸使用等多个小问。,
dir_batch_024.csv#1990,CHEMISTRY,(1)判断下列溶液的酸碱性：用“酸性”“碱性”“中性”或“不确定”填空,REJECT,name 为“(1)判断下列溶液的酸碱性：用酸性、碱性、中性或不确定填空”，definition 为填空与问答。,填空与问答残片，八个小问与三个思考题均无答案，未形成可入库的知识陈述。,
dir_batch_024.csv#1998,CHEMISTRY,判断正误，正确的打“√”，错误的打“×”。,REJECT,name 与 definition 均为“判断正误”型题干。,判断正误题干残片，十四条判断均无答案，跨润洗、读数、指示剂选择与误差方向多个小问。,
dir_batch_024.csv#1999,CHEMISTRY,下列有关滴定操作的顺序正确的是(　　),REJECT,name 为“下列有关滴定操作的顺序正确的是”，definition 为五个操作步骤清单。,选择题干残片，仅列出五个滴定操作步骤与选项结构，未给出结论，无知识陈述。,
dir_batch_025.csv#2004,CHEMISTRY,常温下，下列有关电解质溶液的说法正确的是,REJECT,definition 全文仅为左括号残片【，name 为选择题设问句 常温下下列有关电解质溶液的说法正确的是。,definition 只有 1 个字符（【），是选择题干开头的残片，无任何可入库的知识内容。,
dir_batch_025.csv#2008,CHEMISTRY,常温下，用溶液滴定溶液过程中的变化如下图所示，下列说法错误的是,REJECT,definition 为 3．向盛有 10 mL NaOH 溶液的烧杯中逐滴滴加稀盐酸…与 4．室温下用 0.1mol·L-1 的盐酸滴定 20.00mL 0.1mol·L-1 的某碱 BOH 溶液…两道选择题设问。,definition 为滴定曲线选择题的设问与图像描述，答案在选择项中，未形成可入库的知识陈述。,
dir_batch_025.csv#2012,CHEMISTRY,室温时，关于1mL盐酸的说法不正确的是,REJECT,definition 为 4．下列关于常温下体积均为 10mL、pH 均为 4 的 HCl 溶液 a 和 CH3COOH 溶液 b 的有关说法不正确的是…的选择题设问。,definition 是选择题设问残片，无知识陈述，答案在选择项中。,
dir_batch_025.csv#2015,CHEMISTRY,常温下，下列操作能抑制水的电离，并使溶液的pH小于7的是,REJECT,definition 为 4．常温下纯水中存在电离平衡…欲使水的电离平衡向正方向移动并使某量增大，应加入的物质是…的填空题设问。,definition 为填空题设问且填空处全空，无知识陈述。,
dir_batch_025.csv#2018,CHEMISTRY,易错辨析。,REJECT,definition 为 8 个带括注的判断题清单（硫仅以化合态存在、CS2 溶解试管内壁硫、Fe 与 S 生成 Fe2S3、S8 加热转化为 S6/S4/S2 属物理变化、汞洒落撒硫粉、硫在纯氧中燃烧生成 SO3、氢硫酸还原性不作为酸性比较依据、H2S 通氯气生成黄色沉淀）。,definition 为判断题干残片，只给出待判断的陈述与空白括注、未给出判断结论，属练习残片；其中硫的存在形态、CS2 洗涤、汞的处理、变价金属生成低价硫化物等结论已由 硫单质 节点的材料覆盖，本条本身无新的可入库知识陈述。,
dir_batch_025.csv#2019,CHEMISTRY,在下列反应中硫元素只表现氧化性的是(　　),REJECT,definition 为四道习题残片（加热硫粉试管并伸入光亮铜丝的现象结论、S8 的杂化方式与化学键数比孤电子对数、硫单质难溶于水易溶于 CS2 的原因、由含 H2S 石油化工废气回收单质硫的两种方法）。,definition 为题干加填空残片，各问答案均为空白，无可入库的知识陈述。,
dir_batch_025.csv#2022,CHEMISTRY,易错辨析,REJECT,definition 为 11 个带括注的判断题清单（SO2 的漂白与杀菌消毒、丝织品漂白原理、石蕊变红与酸性氧化物、品红与酸性 KMnO4 褪色、SO2 与 Cl2 通入石蕊、饱和 NaHSO3 除 HCl、标准状况 2.24 L SO3 的硫原子数、酚酞 NaOH 溶液褪色、四类漂白剂原理、酸性 KMnO4 除 H2S、燃煤加 CaO）加两处填空（SO2 空间构型与杂化、SO2 使溴水褪色的原因）。,definition 为判断题干与填空残片，未给出判断结论与答案，属练习残片；其中漂白性与还原性褪色的区分等结论已由 二氧化硫 节点的 MISCONCEPTION_GUIDE 材料 ext-che-004850c1e8-004、ext-che-b7cfdfda64-005、ext-che-588fbf65e2-004 覆盖。,
dir_batch_025.csv#2023,CHEMISTRY,如图所示是检验某无色气体A是SO2和CO2的混合气体的装置，按要求回答下列问题：,REJECT,definition 为检验 SO2 与 CO2 混合气体装置的四问填空（B、C、D 中加入的试剂与作用、C 中应观察到的现象）与后续三处填空（70％～80％ 硫酸制 SO2 的原因、使 BaCl2 溶液生成 BaSO3 沉淀可再通入的气体、硫酸型酸雨放置后 pH 变化与离子方程式）。,definition 为实验题题干加填空残片，各问答案全为空白，无可入库的知识陈述。,
dir_batch_025.csv#2025,CHEMISTRY,易错辨析。,REJECT,definition 为 12 个带括注的判断题清单（浓硫酸敞口久置质量增大、硫酸清洗锅炉水垢、锌与足量浓硫酸加热的气体、铁浸浓硫酸不溶解、浓硫酸干燥 SO2、浓硫酸与 FeS 制 H2S、浓硫酸与 Cu 和 C 反应体现的性质、Cu 与浓硫酸共热产生 2.24 L SO2 时硫酸的物质的量、1.0 L pH＝2 的 H2SO4 中 H＋ 数目、浓硫酸制 HBr 和 HI、吸水性使糖类炭化、浓氨水与浓硫酸玻璃棒靠近）。,definition 为判断题干残片，只给出待判断陈述与空白括注、未给出判断结论；其中吸水性与脱水性的区别、与 Cu 和 C 反应的性质表现、硫酸变稀后反应停止等结论已由 硫酸 节点与 硫及其化合物之间的转化规律 节点的材料覆盖。,
dir_batch_025.csv#2026,CHEMISTRY,硫酸是中学化学实验室的常见药品，其性质有：,REJECT,definition 为硫酸性质应用题：给出酸性、吸水性、脱水性、强氧化性、催化作用五个序号，要求填写锌与稀硫酸制 H2、浓硫酸作干燥剂、乙醇与冰醋酸制乙酸乙酯、乙酸乙酯水解、湿润蓝色石蕊试纸先变红后变黑各自对应的性质，并填空回答稀释浓硫酸的操作、98.3％ 浓硫酸吸收 SO3 的优点、探究 Na2SO3 氧化程度的实验设计。,definition 为练习题干加填空残片，性质对应处与操作、实验设计处均为空白，未给出知识陈述。,
dir_batch_025.csv#2028,CHEMISTRY,某小组同学设计实验实现几种价态硫元素的转化。,REJECT,definition 为实验探究题的药品清单（Na2SO3 溶液、浓硫酸、Na2S 溶液、稀硫酸、酸性 KMnO4 溶液、品红溶液、铜片）与第 2 题的转化关系推断填空。,definition 为实验题题干加填空残片，实验ⅰ至ⅲ的试剂、现象、价态变化与方程式处均空白，无可入库的知识陈述。,
dir_batch_025.csv#2029,CHEMISTRY,熟练掌握溶解、过滤、蒸发等操作，认识化学方法在物质分离和提纯中的重要作用。,REJECT,definition 为粗盐提纯实验的药品清单（粗盐、蒸馏水、BaCl2 溶液、20％ NaOH 溶液、饱和 Na2CO3 溶液、盐酸、pH 试纸，试剂作用处均留空）、实验步骤与问题讨论栏目。,definition 为实验报告模板加填空残片，试剂作用和步骤均为空白，未形成知识陈述。,
dir_batch_025.csv#2030,CHEMISTRY,本实验中加入试剂的顺序是什么？按照其他顺序加入试剂能否达到同样的目的？,REJECT,definition 全文为两条空白下划线，name 为问题讨论设问：本实验中加入试剂的顺序是什么、按其他顺序能否达到同样目的。,definition 只有空白下划线，题目为设问、答案全空，无可入库的知识内容。,
dir_batch_025.csv#2031,CHEMISTRY,在实验操作②中为什么依次加入的试剂都要略微过量？实验操作④中加入盐酸的目的是什么？,REJECT,definition 全文为两条空白下划线，name 为问题讨论设问：操作②中试剂为何要略微过量、操作④中加入盐酸的目的。,definition 只有空白下划线，答案全空，无可入库的知识内容。,
dir_batch_025.csv#2032,CHEMISTRY,步骤③和步骤④的操作顺序能否颠倒？为什么？,REJECT,definition 全文为两条空白下划线，name 为问题讨论设问：步骤③和步骤④的操作顺序能否颠倒及其原因。,definition 只有空白下划线，答案全空，无可入库的知识内容。,
dir_batch_025.csv#2033,CHEMISTRY,粗盐水中加入氯化钡溶液使S沉淀而除去，如何检验S是否沉淀完全？,REJECT,definition 全文为两条空白下划线，name 为设问：粗盐水中加入氯化钡溶液使硫酸根沉淀而除去后如何检验硫酸根是否沉淀完全。,definition 只有空白下划线，答案全空，属问答题干残片。,
dir_batch_025.csv#2034,CHEMISTRY,通过此次实验活动，你认为物质分离和提纯原则应该有哪些？,REJECT,definition 为问题讨论设问（物质分离和提纯的原则）加两组练习题：1．工业废水中 Na+、Cl-、Cu2+ 与硫酸根的除杂流程选择题；2．粗盐（含泥沙、Na+、Ca2+、Mg2+、硫酸根、Cl-）提纯实验的玻璃仪器与操作名称填空。,definition 跨问答题、选择题与实验填空三类，答案全空，无单一知识主线与知识陈述，属练习残片。,
dir_batch_025.csv#2035,CHEMISTRY,应用氧化还原反应的原理实现不同价态含硫物质的转化。,REJECT,definition 仅为栏目名【实验步骤】。,definition 只有栏目名，无知识内容，属装饰性残片。,
dir_batch_025.csv#2039,CHEMISTRY,铁粉与硫粉在空气中混合燃烧时，可能发生哪些反应？,REJECT,definition 为三组练习残片：1．同种元素转化的选择题；2．研究 S(＋6 价) 转化为 S(＋4 价) 的装置题（装置 C 作用、B 和 D 试剂、稀硫酸体现的性质、证明白色固体为无水 CuSO4 的操作）；3．Na2SO3 性质探究实验（价态判断、现象与分析解释）。,definition 为跨题型的练习残片，各问答案全空，无单一知识主线与可入库的知识陈述。,
dir_batch_025.csv#2040,CHEMISTRY,某同学在一张pH试纸上滴几滴新制氯水，现象如图。下列有关该实验的说法中正确的是,REJECT,definition 为 3．在氯水中存在多种分子和离子，它们在不同的反应中表现各自的性质。下列实验现象和结论一致且正确的是…的选择题设问。,definition 为选择题干残片，无知识陈述，答案在选择项中。,
dir_batch_025.csv#2046,CHEMISTRY,下图是检验某无色气体A是SO2和CO2的混合气体的装置图，按要求回答下列问题：,REJECT,definition 为检验某无色气体 A 是 SO2 和 CO2 混合气体的装置图四问填空（B、C、D 中加入的试剂与作用、C 中应观察到的现象）。,definition 为实验装置题题干加填空残片，各问答案全空；装置流程知识已由节点 检验so2和co2同时存在的一般流程 的材料覆盖，本条本身无可入库内容。,
dir_batch_025.csv#2053,CHEMISTRY,完成下列反应的离子方程式。,REJECT,definition 为九个待书写离子方程式的反应清单（氧化镁与稀硫酸、AlCl3 与过量氨水、NaHSO3 与过量 NaHSO4、澄清石灰水与稀盐酸、Na2SO4 与 AgNO3、铵盐与强碱加热、过氧化钠溶于水、MnO2 与浓盐酸共热、Cl2 溶于水）。,definition 为练习题干加书写空残片，方程式处全为空白，未给出可入库的知识陈述。,
dir_batch_025.csv#2054,CHEMISTRY,完成下列反应的离子方程式。,REJECT,definition 为三个待书写离子方程式的反应（Ba(OH)2 分别与 H2SO4、(NH4)2SO4、CuSO4 溶液混合）。,definition 为练习题干加书写空残片，方程式处全为空白，无可入库的知识陈述。,
dir_batch_025.csv#2055,CHEMISTRY,写出符合下列情况的离子方程式。,REJECT,definition 为三个待书写离子方程式的题（BaS 与 ZnSO4 生成立德粉、MnCl2 与 NH4HCO3 生成 MnCO3、硫化钠与醋酸铅生成沉淀）。,definition 为练习题干加书写空残片，方程式处全为空白，无可入库的知识陈述。,
dir_batch_025.csv#2059,CHEMISTRY,按要求写出下列反应的离子方程式。,REJECT,definition 为四个待书写离子方程式的反应（Ca(ClO)2 溶液中通入过量 CO2、AlCl3 中滴加过量氨水、氢氧化铁溶于氢碘酸、少量 CO2 通入 NaOH 与 Ca(OH)2 混合溶液）。,definition 为练习题干加书写空残片，方程式处全为空白，无可入库的知识陈述。,
dir_batch_025.csv#2060,CHEMISTRY,按要求写出下列反应的离子方程式。,REJECT,definition 为三个待书写离子方程式的反应（FeBr2 中通入过量 Cl2、FeCl3 中加足量 Na2S、Na2SO3 吸收少量 Cl2）。,definition 为练习题干加书写空残片，方程式处全为空白，无可入库的知识陈述。,
dir_batch_025.csv#2061,CHEMISTRY,按要求写出下列反应的离子方程式。,REJECT,definition 为三个待书写离子方程式的反应（NaAlO2 中通入足量 CO2、KAl(SO4)2 中加足量 Ba(OH)2、NaHSO4 中滴加 Ba(OH)2 至中性）。,definition 为练习题干加书写空残片，方程式处全为空白，无可入库的知识陈述。,
dir_batch_025.csv#2064,CHEMISTRY,易错辨析：正确的打“√”，错误的打“×”。,REJECT,definition 为 6 个带括注的判断题清单（加 BaCl2 后加稀盐酸沉淀不消失即含硫酸根、加 Ba(NO3)2 产生不溶于稀 HNO3 的白色沉淀即含硫酸根、加 Ca(OH)2 有白色沉淀即含碳酸根、焰色呈黄色不能确定是否有钾、无色溶液加 CCl4 无现象而滴加氯水后 CCl4 层呈紫红色即含 I－、加稀盐酸产生使石灰水变浑浊的气体即含碳酸根）。,definition 为判断题干残片，只有待判断陈述与空白括注、未给出判断结论；其涉及的离子检验干扰结论已由 常见阴离子的检验与推断依据 节点的材料 ext-che-0a284cb201-014、ext-che-5fce0adee9-010b 覆盖，本条无新的可入库知识陈述。,
dir_batch_025.csv#2065,CHEMISTRY,下列离子在未知溶液中的检验方法正确的是(　　),REJECT,definition 为离子推断选择题干与实验描述（无色澄清溶液可能含 H＋、NH4＋、Na＋、Al3＋、Fe3＋、I－、NO3－、CO32－、SO42－、AlO2－，经强酸性、CCl4 萃取显紫红、焰色无黄色三项实验后判断推断正确的是）。,definition 为选择题干与实验描述残片，结论在选择项中，未形成可入库的知识陈述。,
dir_batch_025.csv#2067,CHEMISTRY,金属导电和电解质溶液导电的对比,REJECT,definition 为四道电导率图像选择题干（Ba(OH)2 中滴加 H2SO4 的电导率变化、H2SO4 与 NaHSO4 分别滴入 Ba(OH)2 的电导率曲线、KOH 滴定 HCl 与 CH3COOH 的电导率示意、NaHCO3 与 CaCl2 反应的电导率与 pH 传感探究）。,definition 为图像选择题干与设问残片，答案在选项与图像中，无知识陈述；该考点本身的对比知识已由节点 金属导电和电解质溶液导电的对比 的材料 chem-hj2-jinshu-yu-rongye-daodian-duibi、ext-che-071d406960-004b、ext-che-8c7b6cf5e0-006b 覆盖。,
dir_batch_025.csv#2070,CHEMISTRY,下列指定反应的离子方程式正确的是(     ),REJECT,definition 仅一个离子方程式（酸性条件下 MnO4－ 与 H2O2 反应生成 Mn2＋、O2 与 H2O），name 为选择题设问 下列指定反应的离子方程式正确的是。,definition 为单个方程式加选择题设问的残片，无知识陈述与判断依据，属题干残片。,
dir_batch_025.csv#2071,CHEMISTRY,(2024·经典习题改编)按要求正确书写相关离子方程式：,REJECT,definition 为四道离子方程式书写题（酸性 KMnO4 测定双氧水浓度、H2O2 氧化 Fe2＋、氨水与 NH4HCO3 制 (NH4)2CO3、FeCl3 与 NaHCO3 混合）。,definition 为练习题干加书写空残片，方程式处全为空白，无可入库的知识陈述。,
dir_batch_025.csv#2074,CHEMISTRY,某溶液中可能含有下列阴离子：SO、SO、CO、Cl－。,REJECT,definition 为阴离子组合的填空设问（含大量 H＋ 时不能大量存在的离子、含大量 Ba2＋ 时能大量存在的离子、同时存在哪两种离子时上述阴离子都不能大量存在）加一道离子共存选择题干。,definition 为填空题干残片，各空答案全为空白，无可入库的知识陈述。,
dir_batch_025.csv#2076,CHEMISTRY,下列有关离子的鉴别方法不正确的是(     ),REJECT,definition 为离子推断连续实验选择题干（某 100 mL 溶液只可能含 K＋、NH4＋、Al3＋、CO32－、SO42－、Cl－ 中的若干种，实验过程以图给出，判断说法错误的是）。,definition 为实验流程选择题干残片，结论在选项中，无知识陈述。,
dir_batch_025.csv#2077,CHEMISTRY,已知某100 mL溶液中含有的部分离子的浓度大小如表所示：,REJECT,definition 为含部分离子浓度的数据题题干与一个错误选项中的方程式（原溶液呈无色透明均一，可能还含 Fe3＋、Ba2＋、Mg2＋、SO42－，加足量 BaCl2 生成 23.3 g 白色沉淀且加稀盐酸不消失，判断说法错误的是）。,definition 为数据题题干与选项残片，无知识陈述。,
dir_batch_026.csv#2084,CHEMISTRY,能正确表示下列反应的离子方程式为(　　),REJECT,name 为选择题题干 能正确表示下列反应的离子方程式为；definition 仅一条 Ba2+ 与 OH-、H+、SO42- 反应的离子方程式；mech=unmatched，node 为空。,选择题干与单个方程式的残片，未形成可入库的知识陈述。,
dir_batch_026.csv#2085,CHEMISTRY,下列离子方程式正确的是(　　),REJECT,name 为 下列离子方程式正确的是；definition 为 答案 C 与解析（Cl2 通入冷 NaOH、醋酸不能拆、H2O2 氧化 FeSO4）的试题解析文本；mech=unmatched，node 为空。,试题答案与解析文本，属练习残片，非知识陈述。,
dir_batch_026.csv#2088,CHEMISTRY,下列离子方程式书写正确的是(    ),REJECT,name 为 下列离子方程式书写正确的是；definition 为 Ca2+、Mg2+ 与 HCO3- 反应的方程式及 利用传感器探究澄清石灰水和 Na2CO3、NaHCO3 溶液的反应 的下一题题干；mech=unmatched，node 为空。,选择题干残片，无可入库的知识陈述。,
dir_batch_026.csv#2090,CHEMISTRY,下列溶液中，离子一定能大量共存的有____________。,REJECT,name 与 definition 均为离子共存判断题：(1)—(11) 十一组离子与限定条件（酚酞变红、石蕊变红、pH=1、含 Fe3+、澄清透明等），无任何结论性文字；mech=unmatched，node 为空，long=true。,判断题干残片，只有离子组与限定条件清单，无知识陈述。,
dir_batch_026.csv#2094,CHEMISTRY,下列说法正确的是(   ),REJECT,name 为 下列说法正确的是；definition 为 A 至 D 四个选项（高温下铁与水蒸气生成铁红、过量铁粉在 Cl2 中燃烧制 FeCl2、过量 Fe 与稀硝酸生成 Fe(NO3)2、铁在热的浓硝酸中钝化）；mech=unmatched，node 为空。,选择题干与选项残片，选项本身不构成知识陈述。,
dir_batch_026.csv#2095,CHEMISTRY,在指定条件下，下列有关铁单质的转化不能实现的是(    ),REJECT,name 为 在指定条件下，下列有关铁单质的转化不能实现的是；definition 为两组选择题的选项与铁与水蒸气反应的装置描述；mech=unmatched，node 为空，long=true。,选择题干与装置设问串，属练习残片。,
dir_batch_026.csv#2101,CHEMISTRY,菠菜常用作补铁食品之一，为探究其中铁元素的价态，现进行如下实验。,REJECT,name 为 菠菜常用作补铁食品之一，为探究其中铁元素的价态，现进行如下实验。definition 为实验步骤与设问（加 K3[Fe(CN)6] 的现象与离子方程式、加稀硝酸与 KSCN 后能否说明含 Fe3+）；mech=unmatched，node 为空，long=true。,实验题步骤与填空设问串，属练习残片。,
dir_batch_026.csv#2102,CHEMISTRY,电子工业常用30%的FeCl3溶液腐蚀敷在绝缘板上的铜箔，制造印刷电路板。,REJECT,name 为 电子工业常用 30% 的 FeCl3 溶液腐蚀敷在绝缘板上的铜箔 题干，definition 为 (1)—(5) 的填空设问（检验 Fe3+ 的试剂与现象、腐蚀铜的离子方程式、回收铜与再生 FeCl3 的步骤、检验顺序）；mech=unmatched，node 为空，long=true。,工艺流程题填空残片，设问本身不构成知识陈述。,
dir_batch_026.csv#2106,CHEMISTRY,下列叙述正确的是(　　),REJECT,name 为 下列叙述正确的是；definition 为 铁的氧化物有很多，在中学化学中经常提到的有 FeO、Fe2O3 和 Fe3O4，1400 ℃ 以上加热 Fe2O3 部分失去氧 的题干；mech=unmatched，node 为空。,选择题干残片，无知识陈述。,
dir_batch_026.csv#2107,CHEMISTRY,铁与水蒸气反应实验改进前后的装置如图所示：,REJECT,name 为 铁与水蒸气反应实验改进前后的装置如图所示：，definition 仅剩 下列说法错误的是；mech=unmatched，node 为空，long=true。,题干残片，装置图与选项均缺失，无法成义。,
dir_batch_026.csv#2111,CHEMISTRY,在FeCl3、CuCl2混合溶液中，加入铁粉与铜粉的混合物。,REJECT,name 与 definition 为 在 FeCl3、CuCl2 混合溶液中，加入铁粉与铜粉的混合物 情境下的三组填空设问（一定存在、可能存在、一定不存在的金属阳离子）；mech=unmatched，node 为空，long=true。,填空设问残片，只有情景与空格，无知识陈述。,
dir_batch_026.csv#2119,CHEMISTRY,用如图所示装置(夹持仪器省略)制备氢氧化亚铁。,REJECT,name 为 用如图所示装置(夹持仪器省略)制备氢氧化亚铁。definition 为实验步骤 Ⅰ 至 Ⅲ 与 (1)—(3) 填空设问，并附 利用电解实验可以制得纯净的 Fe(OH)2 白色沉淀 的设问；mech=unmatched，node 为空，long=true。,实验步骤与填空设问串，属练习残片；电解法制备 Fe(OH)2 的知识内核已由节点 fe-oh-2的制备 的材料 chem-fx-li-yong-dian-jie-shi-yan-ke-yi-zhi-de-f15x07、ext-che-78beaac7a8-005b 覆盖。,
dir_batch_026.csv#2121,CHEMISTRY,有关铁及其化合物的除杂,REJECT,name 为 有关铁及其化合物的除杂，definition 为三道选择题的题干与选项（FeSO4 溶液保存装置、铁及其化合物氧化性与还原性实验方案、以废铁屑与氨气与稀硫酸制备莫尔盐的装置）；mech=name_hit 命中节点 有关铁及其化合物的除杂，该节点材料 ext-che-09c8182c15-005、ext-che-aaecb28e19-005b、ext-che-aaecb28e19-006、ext-che-1422ee20c2-049b 已覆盖调 pH 除铁等方法。,definition 为三组选择题的题干与选项串，无独立知识陈述，属练习残片；考点内容已由节点材料覆盖。,
dir_batch_026.csv#2127,CHEMISTRY,书写下列化学反应的平衡常数表达式。,REJECT,name 为 书写下列化学反应的平衡常数表达式。definition 为五条待写 K 表达式的反应式（Cl2 与 H2O、C 与 H2O、乙酸与乙醇酯化、CO 与 H2O、CaCO3 分解）；mech=unmatched，node 为空，long=true。,书写任务题干与反应式清单，属练习残片，无知识陈述。,
dir_batch_026.csv#2128,CHEMISTRY,在一定温度下，已知以下三个反应的平衡常数：,REJECT,name 为 在一定温度下，已知以下三个反应的平衡常数：，definition 为三个含 CuO 的反应与 K3 的关系式、甲醇制备的平衡常数表及 (1)—(3) 设问；mech=unmatched，node 为空，long=true。,推导题题干与设问残片，无知识陈述。,
dir_batch_026.csv#2132,CHEMISTRY,已知反应：FeO(s)＋CO(g)Fe(s)＋CO2(g)　ΔH>0。,REJECT,name 与 definition 为 已知反应 FeO(s) 与 CO(g) 的平衡 情境下的三处填空（写 K 表达式、降温后 K 的变化、由 Q 与 K 判断是否处于化学平衡）；mech=unmatched，node 为空，long=true。,带空题残片，无知识陈述。,
dir_batch_026.csv#2134,CHEMISTRY,聚苯乙烯是一类重要的高分子材料，可通过苯乙烯聚合制得。,REJECT,name 为 聚苯乙烯是一类重要的高分子材料，可通过苯乙烯聚合制得。definition 为乙苯脱氢在 100 kPa 下平衡转化率由 50% 提高到 75% 所需措施的计算设问；mech=unmatched，node 为空，long=true。,计算题题干残片，无知识陈述。,
dir_batch_026.csv#2135,CHEMISTRY,已知：CO(g)＋2H2(g)CH3OH(g)　ΔH,REJECT,name 与 definition 为 CO 与 H2 合成甲醇反应的平衡常数数据表与 (1)—(3) 设问（判断放热或吸热、比较正逆速率、由压强比求平衡常数）；mech=unmatched，node 为空，long=true。,题干与设问残片，数据表与空格均不构成知识陈述。,
dir_batch_026.csv#2137,CHEMISTRY,利用NH3的还原性可以消除氮氧化物的污染，其中除去NO的主要反应如下：,REJECT,name 为 利用 NH3 的还原性可以消除氮氧化物的污染，其中除去 NO 的主要反应如下：，definition 为反应式与速率方程及 x、y 的空格，并附乙烯水合制乙醇的异构化题；mech=unmatched，node 为空，long=true。,题干与填空设问残片，无知识陈述。,
dir_batch_026.csv#2141,CHEMISTRY,氢能是极具发展潜力的清洁能源，以氢燃料为代表的燃料电池有良好的应用前景。,REJECT,name 为 氢能是极具发展潜力的清洁能源，以氢燃料为代表的燃料电池有良好的应用前景。definition 为甲烷水蒸气重整的两个反应与 Kx 计算，并附亚硝酰氯制备的 (1)(2) 设问；mech=unmatched，node 为空，long=true。,真题题干与设问残片，无知识陈述。,
dir_batch_026.csv#2147,CHEMISTRY,下列各组物质中化学键的类型和化合物的类型都相同的是(　　),REJECT,name 为 下列各组物质中化学键的类型和化合物的类型都相同的是；definition 为 Ne、HCl、P4、H2O2、Na2S、NaOH、Na2O2、NH4Cl 八种物质清单与 (1)—(7) 填空（不存在化学键、只存在极性共价键、只存在离子键、既存在离子键又存在共价键等）；mech=unmatched，node 为空，long=true。,选择题干与填空任务清单，只有待分类物质与空格，无知识陈述。,
dir_batch_026.csv#2148,CHEMISTRY,写出下列物质的电子式：,REJECT,name 为 写出下列物质的电子式：，definition 为 NaCl、NaOH、MgCl2、NH4Cl、Na2O、Na2O2、HCl、CO2、NH3、HClO、H2O2、N2 的物质清单；mech=unmatched，node 为空。,书写任务题干，只有待写电子式的物质清单，无知识陈述。,
dir_batch_026.csv#2152,CHEMISTRY,甲、乙、丙三种有机物的结构如下：,REJECT,name 为 甲、乙、丙三种有机物的结构如下：，definition 为甲烷、乙烯、丙烯腈的结构式与 (1)—(3) 填空设问（σ 键与 π 键数目、是否含极性键、σ 键与 π 键数目之比）；mech=name_hit 命中节点 甲-乙-丙三种有机物的结构如下，其唯一材料 ext-che-3079478842-001 覆盖 σ 键与 π 键的判断与计数方法。,条目标题与内容均为题干与填空设问，属练习残片；所考的 σ 键与 π 键计数、极性键判断方法已由节点材料与 共价键的分类 节点材料覆盖。,
dir_batch_026.csv#2153,CHEMISTRY,含碳元素的物质是化学世界中最庞大的家族，请填写下列空格。,REJECT,name 为 含碳元素的物质是化学世界中最庞大的家族，请填写下列空格。definition 为 HCN 与 COCl2 的 σ 键与 π 键数目、Ge 原子之间难以形成双键或三键的原因、硅烷种类少与 SiH4 稳定性小于 CH4 的原因等填空设问；mech=unmatched，node 为空，long=true。,填空题干残片，各问均以空格代替结论。,
dir_batch_026.csv#2157,CHEMISTRY,判断下列物质中心原子的杂化方式。,REJECT,name 为 判断下列物质中心原子的杂化方式。definition 为 PCl3、乙二胺、HOCH2CN、丙烯腈、氨硼烷中 B 原子杂化方式的填空；mech=unmatched，node 为空。,判断任务题干与填空串，无知识陈述。,
dir_batch_026.csv#2158,CHEMISTRY,(1)指出下列粒子的空间结构。,REJECT,name 为 (1)指出下列粒子的空间结构。definition 为 H2S、BeF2、PF3、SO3、BF3 与 NaBF4、NH3 与 N2H4、SO42- 等粒子空间结构与杂化类型的填空；mech=unmatched，node 为空。,填空设问残片，各问答案均为空格，无知识陈述。,
dir_batch_026.csv#2159,CHEMISTRY,(1)比较下列分子或离子中的键角大小(填“>”“<”或“＝”)。,REJECT,name 为 (1)比较下列分子或离子中的键角大小(填大于小于或等于)。definition 为 BF3 与 NCl3、H2O 与 CS2、H2O 与 NH3 与 CH4、SO3 与 SO42-、NF3 与 NCl3 等的键角比较填空及 CH2O 中键角的理由说明；mech=unmatched，node 为空，long=true。,填空设问残片，只有待比较的微粒对与空格，无知识陈述。,
dir_batch_027.csv#2163,CHEMISTRY,下列说法正确的是(　　),REJECT,definition 关键词：S8 的结构与 S 原子杂化类型、NH3 与 PH3 及 AsH3 沸点顺序、基态 Si 价层电子排布与 SiCl4 杂化、甲醇与甲硫醇沸点比较；mech=unmatched，node 为空，node_materials_sample 为空。,name 为通用选择题头，definition 是多道填空题串且各问彼此无关（硫单质杂化、氢化物沸点、电子排布、甲醇沸点），属练习残片，未形成可入库的独立知识陈述。,
dir_batch_027.csv#2164,CHEMISTRY,有关分子的溶解性，解答下列各题：,REJECT,definition 关键词：H2O2 难溶于 CS2 的理由、NH3 与 CH3CH2OH 及 CH3CHO 极易溶于水的原因；mech=unmatched，node 为空。,name 与 definition 均为解答题题干加下划线填空，只给设问不给出结论，属练习残片。,
dir_batch_027.csv#2165,CHEMISTRY,有关物质的熔、沸点，解答下列问题。,REJECT,definition 关键词：水蒸气蒸馏分离 A 与 B、苯胺与甲苯的熔点沸点比较、CO2 低压合成甲醇体系四种物质沸点排序；mech=unmatched，node 为空。,解答题题干加填空残片，三问均以设问形式出现且答案全为空，无独立知识陈述。,
dir_batch_027.csv#2166,CHEMISTRY,下列说法不正确的是(    ),REJECT,definition 关键词：存在对映异构现象、分子中含有手性碳原子个数、与足量 H2 反应后产物中手性碳个数；mech=unmatched，node 为空。,选择题选项残片，只有 A—D 四个待判断说法而无题干与结论，无可入库内容。,
dir_batch_027.csv#2170,CHEMISTRY,填写下表,REJECT,definition 关键词：[Ag(NH3)2]＋ 中提供孤电子对与空轨道的微粒、[CoCl(NH3)5]Cl2 中 σ 键数目与加足量 AgNO3 的现象；mech=unmatched，node 为空。,填空题干残片，只给出两处待填空白，未形成知识陈述。,
dir_batch_027.csv#2171,CHEMISTRY,回答下列问题：,REJECT,definition 关键词：蓝色配离子生成的离子方程式、胆矾中水合铜离子的结构简式、CuSO4 溶液加氨水与乙醇析出深蓝色晶体、七个选项的正误判断；mech=unmatched，node 为空。,解答题题干残片，由多问填空与选项判断组成，主体是练习而非考点陈述。,
dir_batch_027.csv#2173,CHEMISTRY,下列每组物质中含有的化学键类型相同的是(    ),REJECT,definition 关键词：十种物质 CaCl2、NaOH、Na2O2、NH4Cl、H2O2、AlCl3、CO2、O2、H2S、Na2SO4 的分类填空；mech=unmatched，node 为空。,题干加填空残片，主体是给出物质清单后的三组分类练习，未形成知识陈述。,
dir_batch_027.csv#2175,CHEMISTRY,下列表达正确的是(    ),REJECT,definition 关键词：低压高效电催化还原 CO2、NaCl＋CO2 生成 CO 与 NaClO、化学用语表示错误的选项；mech=unmatched，node 为空。,选择题题干残片，只有背景句与题干头，选项缺失，无法成义。,
dir_batch_027.csv#2176,CHEMISTRY,下列化学用语正确的有___________,REJECT,definition 关键词：过氧化氢、三氯化硼、H3O＋、NaHS 阴离子、硫化钾的电子式与 N2H4、PCl5 的结构式；mech=unmatched，node 为空，long=true。,判断题干残片，只罗列八种待判断的化学式与结构式而未给出结论，属练习残片。,
dir_batch_027.csv#2178,CHEMISTRY,柠檬酸是一种重要的有机酸，存在于柠檬、柑橘、菠萝等水果中，其结构简式如图所示。,REJECT,definition 关键词：柠檬酸中原子间共用电子对数目、极性键与非极性键、碳氧 σ 键与 π 键数目、CH3COOH 与 ClCH2COOH 酸性比较；mech=unmatched，node 为空，long=true。,题干加填空残片，以柠檬酸为背景设问 σ 键与 π 键数目并附带选择题，主体为练习。,
dir_batch_027.csv#2179,CHEMISTRY,已知几种共价键的键能如下：,REJECT,definition 关键词：已知共价键键能表后判断说法错误的选项；mech=unmatched，node 为空。,选择题题干残片，仅一句已知条件与选项头，键能表与选项均缺失，无法成义。,
dir_batch_027.csv#2181,CHEMISTRY,下列描述正确的是(　　),REJECT,definition 关键词：由价层电子对互斥模型判断分子或离子中心原子的价层电子对数及空间结构；mech=unmatched，node 为空。,选择题题干残片，只有题干头而无选项与结论，无可入库内容。,
dir_batch_027.csv#2184,CHEMISTRY,下列物质的性质变化与范德华力有关的是(   ),REJECT,definition 关键词：邻羟基苯甲醛与对羟基苯甲醛沸点相差很大、沸点较高的是哪一种、画出两种物质形成氢键的情况；mech=unmatched，node 为空，long=true。,填空题干残片，只有设问与待画氢键的留白，答案全为空，无知识陈述。,
dir_batch_027.csv#2193,CHEMISTRY,下列离子的中心原子的杂化方式与其他三种不同的是(    ),REJECT,definition 关键词：根据杂化轨道理论和价层电子对互斥模型判断中心原子杂化方式及空间结构；mech=unmatched，node 为空，long=true。,选择题题干残片，只有题干与选项头，未给出待判断微粒与结论。,
dir_batch_027.csv#2195,CHEMISTRY,下列关于PH3和NH3的说法正确的是(    ),REJECT,definition 关键词：价层电子对互斥模型预测空间结构与键角、H3BO3 中 O—B—O 与 H—B—H 键角比较、Si3N4 中 N—Si—N 与 Si—N—Si 键角、SeO3 2－ 与 SeO3 键角比较；mech=unmatched，node 为空，long=true。,题干加填空残片，由选择题与多组键角比较设问组成，答案全为空，属练习残片。,
dir_batch_027.csv#2202,CHEMISTRY,已知NaBH4与水反应的化学方程式为NaBH4＋2H2O===NaBO2＋4H2↑,REJECT,definition 关键词：用单线桥标电子转移、氧化剂与还原剂判断、生成标准状况下 4.48 L H2 转移电子物质的量、CuSO4 与 FeS2 及 NaNO2 与 NH4Cl 等反应计算；mech=unmatched，node 为空，long=true。,题干加填空残片，由单线桥标注与多道电子转移计算设问组成，无知识陈述。,
dir_batch_027.csv#2208,CHEMISTRY,已知G、Q、X、Y、Z均为含氯元素的化合物，在一定条件下有下列转化关系(未配平)：,REJECT,definition 关键词：G→Q＋NaCl、Q＋H2O→X＋H2、Y＋NaOH→G＋Q＋H2O、Z＋NaOH→Q＋X＋H2O，判断五种化合物中 Cl 元素化合价由低到高的顺序；mech=unmatched，node 为空，long=true。,推断填空题干残片，只有未配平的转化关系与一个待填顺序，无知识陈述。,
dir_batch_027.csv#2212,CHEMISTRY,配平下列化学方程式,REJECT,definition 关键词：正向配平、逆向配平、综合共十四个待配平反应式（KI 与 KIO3、S 与 KOH、P4 与 KOH、KClO3 与 HCl 等）；mech=unmatched，node 为空。,配平练习题干残片，只列出待配平的反应式与系数空位，属练习残片。,
dir_batch_027.csv#2213,CHEMISTRY,配平下列氧化还原反应方程式。,REJECT,definition 关键词：MnO4－ 与 Cl－、Cl2 与 KOH、Mn2＋ 与 ClO－、ClO－ 与 Fe(OH)3 等缺项方程式配平，以及 K2Cr2O7 与 HCl 的书写；mech=unmatched，node 为空。,配平与书写练习题干残片，多处系数与缺项为空白，属练习残片。,
dir_batch_027.csv#2217,CHEMISTRY,已知有如下反应：,REJECT,definition 关键词：K2Cr2O7 与浓盐酸、Cr 与稀盐酸、KMnO4 与稀盐酸三个反应及 Cr3＋ 与 MnO4－ 的离子方程式判断；mech=unmatched，node 为空。,选择题题干残片，给出已知反应与判断要求但无结论，主体为练习。,
dir_batch_027.csv#2218,CHEMISTRY,现有下列三个氧化还原反应：,REJECT,definition 关键词：FeCl3 与 KI、FeCl2 与 Cl2、KMnO4 与浓盐酸三个反应，判断还原性由强到弱的顺序，以及 Mn2＋ 与 S2O8 2－ 反应正误判断；mech=unmatched，node 为空。,选择题题干残片，只有已知反应与待判断要求，属练习残片。,
dir_batch_027.csv#2221,CHEMISTRY,配平下列化学方程式,REJECT,definition 关键词：ClO－ 与 Fe(OH)3 缺项配平、MnO4－ 与 H2O2 缺项配平、Al2O3 与 C 及 N2 制 AlN 填空、NaBiO3 氧化 Mn2＋ 的离子方程式配平；mech=unmatched，node 为空。,配平与填空练习题干残片，各题答案均为空白，属练习残片。,
dir_batch_027.csv#2223,CHEMISTRY,在酸性条件下，黄铁矿(FeS2，其中S为－1价)催化氧化的反应转化如图所示。,REJECT,definition 关键词：总反应 2FeS2＋7O2＋2H2O===2Fe2＋＋4SO4 2－＋4H＋，分别写出反应Ⅰ与反应Ⅱ的离子方程式、判断 NO 在总反应中的作用；mech=unmatched，node 为空，long=true。,题干加填空残片，只有转化图背景与两个待写方程式及一个待填作用，属练习残片。,
dir_batch_027.csv#2224,CHEMISTRY,(1)某催化转化过程如图所示：,REJECT,definition 关键词：过程 1 为 Ni2O3＋ClO－===2NiO2＋Cl－、过程 2 的离子方程式、NaClO 氧化氨氮的机理图与总反应方程式；mech=unmatched，node 为空。,题干加填空残片，由两个催化转化过程的方程式书写设问组成，无知识陈述。,
dir_batch_027.csv#2229,CHEMISTRY,按要求书写离子方程式：,REJECT,definition 关键词：浓盐酸与高锰酸钾、含铬废水用绿矾处理、CrO4 2－ 与 Cr2O7 2－ 转化、碱式氧化镍制备的碱浸与酸溶离子方程式；mech=unmatched，node 为空。,题干加填空残片，多道离子方程式书写与工艺流程设问，属练习残片。,
dir_batch_027.csv#2235,CHEMISTRY,易错辨析,REJECT,definition 关键词：自然界固氮均为游离态氮的氧化反应、液氮作冷冻剂、向上排空气法收集铜与稀硝酸的气体、NO2 是酸性氧化物、N2 与 O2 放电生成 NO2 等九条判断句；mech=unmatched，node 为空。,判断正误题干残片，九条待判断说法均未给出正误结论，未形成可入库的知识陈述。,
dir_batch_027.csv#2236,CHEMISTRY,下列氮气的用途叙述中，分别应用了氮气的什么性质？,REJECT,definition 关键词：文物保存、合成氨原料、雷电固氮、液氮冷冻剂分别应用氮气的什么性质，以及 N2 电子式、氮化镁水解方程式、NH3 与 NO2 反应方程式及电子转移数；mech=unmatched，node 为空，long=true。,解答题题干残片，由性质对应与多个方程式书写设问组成，答案全为空。,
dir_batch_027.csv#2237,CHEMISTRY,NOx是汽车尾气中的主要污染物之一。,REJECT,definition 关键词：NO2 转化为 HNO3 的化学方程式、汽车尾气催化转化器中 NO 被 CO 还原的化学方程式；mech=unmatched，node 为空，long=true。,题干加填空残片，只有背景句与两个待写方程式，属练习残片。,
dir_batch_028.csv#2243,CHEMISTRY,易错辨析。,REJECT,name 为栏目名「易错辨析。」，definition 为（1）—（10）判断句串并附氨水与氯水选择题；mech=unmatched，node 为空。,栏目名加判断句与选择题串，跨液氨制冷、氨水成分、合成氨电子转移、电解质判断等多个互不相关的话题，属练习残片，未形成可入库的独立知识陈述。,
dir_batch_028.csv#2247,CHEMISTRY,易错辨析。,REJECT,name 为栏目名「易错辨析。」，definition 为（1）—（13）判断句串并附浓硝酸使石蕊先变红后褪色的填空；mech=unmatched，node 为空。,判断句串加填空设问，跨王水成分、钝化、银镜清洗、棕色瓶保存等多个话题，属练习残片。,
dir_batch_028.csv#2266,CHEMISTRY,正误判断，正确的打“√”，错误的打“×”,REJECT,name 为判断正误题干，definition 为（1）—（5）判断句（钝化、稀硝酸与 FeS、过量铜与浓硝酸、浓硝酸久置变黄、石蕊变色）；long=true、mech=unmatched、node 为空。,判断正误题干加判断句串，属练习残片，无独立知识陈述。,
dir_batch_028.csv#2270,CHEMISTRY,若某溶液中既含又含，请设计实验检验混合溶液中是否存在。       。,REJECT,name 是截断的检验设计题（关键离子在抽取中丢失，只剩「既含又含」），definition 为第 5 至 7 题的实验设计题干与填空串；long=true、mech=unmatched、node 为空。,题名与题干均为练习残片：白色固体成分证明、电解饱和食盐水方程式与阳极产物检验、三聚氯氰装置气密性检查互不相关，关键离子缺失，无法确定考点内容。,
dir_batch_028.csv#2273,CHEMISTRY,判断正误，正确的打“√”，错误的打“×”。,REJECT,name 为判断正误题干，definition 为（1）—（7）判断句串并附 2.电解 CuSO4 溶液复原转移电子数的填空；long=true、mech=unmatched、node 为空。,判断正误题干加练习串（导电是否发生化学变化、电子流向、离子移向、pH 变化），属练习残片。,
dir_batch_028.csv#2275,CHEMISTRY,判断正误，正确的打“√”，错误的打“×”。,REJECT,name 为判断正误题干，definition 为（1）—（7）电镀与电解精炼判断句串；long=true、mech=unmatched、node 为空。,判断正误题干加判断句串（惰性材料作阳极镀铜、电解精炼阳极泥、放电顺序与镀锌、阳离子交换膜），属练习残片。,
dir_batch_028.csv#2276,CHEMISTRY,粗铜的电解精炼示意图如图所示。,REJECT,name 为依赖插图的图注，definition 为（1）（2）填空设问（粗铜板对应图中电极、电极 d 的电极反应、Au 与 Ag 的存在形式与位置、c(Cu2+) 变化）；mech=unmatched、node 为空。,图注加填空设问，属练习残片；其考查的电解精炼知识已由节点 电解精炼铜 的 ext-che-ae82ac501b-009b 与 ext-che-ae82ac501b-009d 覆盖。,
dir_batch_028.csv#2281,CHEMISTRY,判断正误，正确的打“√”，错误的打“×”。,REJECT,name 为判断正误题干，definition 为（1）—（11）金属腐蚀与防护判断句串；long=true、mech=unmatched、node 为空。,判断正误题干加判断句串（析氢腐蚀条件、吸氧腐蚀负极反应式、牺牲阳极的阴极保护法原理、镀层破损影响），属练习残片。,
dir_batch_028.csv#2282,CHEMISTRY,深度思考：,REJECT,name 为栏目名「深度思考：」，definition 为（1）—（3）思考题串（浸 NH4Cl 或 NaCl 棉团的铁钉腐蚀填空、海水腐蚀剖面图分析、船壳嵌锌块的原因）；mech=unmatched、node 为空。,栏目名加思考题与填空串，依赖装置图，属练习残片。,
dir_batch_028.csv#2288,CHEMISTRY,mol·L－1 Na2SO4溶液、酚酞溶液。,REJECT,name 是实验用品清单残片，definition 仅为栏目「【实验步骤】」；mech=name_hit 命中的节点 mol-l-1-na2so4溶液-酚酞溶液 名下 13 条材料（chem-hj-jiajian-shumu-changkao、chem-hj-rongye-xishi-guilv、chem-hj-no2-n2o4-pingheng 等）与电解水实验均无关。,名称是试剂清单残片、definition 仅有栏目名，无独立知识内容；同一实验的电解水操作已由节点 电解水 的 ext-che-841d0e5e17-011 覆盖。,
dir_batch_028.csv#2291,CHEMISTRY,关于氢氧燃料电池说法正确的是(　　),REJECT,name 为选择题题干，definition 为第 3、4 题的题干与「试回答下列问题」填空设问（燃料电池组成、能量利用率、KOH 介质下正负极与总反应式）；mech=unmatched、node 为空。,选择题题干加设问填空，属练习残片；其考查的燃料电池组成与氢氧燃料电池电极反应已由节点 燃料电池 的 ext-che-d3637bf4e4-010 与节点 制作一个氢氧燃料电池 的 ext-che-447c937000-016 覆盖。,
dir_batch_028.csv#2292,CHEMISTRY,判断正误，正确的打“√”，错误的打“×”。,REJECT,name 为判断正误题干，definition 为（1）—（8）电解判断句串；long=true、mech=unmatched、node 为空。,判断正误题干加判断句串，属练习残片。,
dir_batch_028.csv#2293,CHEMISTRY,深度思考：,REJECT,name 为栏目名「深度思考：」，definition 为（1）（2）两个思考设问（电解质溶液通电是否一定发生化学反应、由加入 98 g Cu(OH)2 复原求转移电子数）；mech=unmatched、node 为空。,栏目名加思考设问，属练习残片。,
dir_batch_028.csv#2296,CHEMISTRY,判断正误，正确的打“√”，错误的打“×”,REJECT,name 为判断正误题干，definition 为（1）—（10）电解池判断句串，其中第（1）句已标注答案 ×；long=true、mech=unmatched、node 为空。,判断正误题干加判断句串且含已给出答案，属练习残片。,
dir_batch_028.csv#2299,CHEMISTRY,判断正误，正确的打“√”，错误的打“×”。,REJECT,name 为判断正误题干，definition 为（1）—（7）电解池判断句串（导电即电解、Zn 与硫酸能否设计成电解池、阴阳极材料、阴离子移向、电子流向）；long=true、mech=unmatched、node 为空。,判断正误题干加判断句串，属练习残片。,
dir_batch_028.csv#2301,CHEMISTRY,如图，回答下列问题：,REJECT,name 为题干「如图，回答下列问题：」，definition 为（1）—（3）填空设问（Cu2+ 移向、左电极类型与电极方程式、左电极增重 0.64 g 时电子数与复原加入物的质量）；mech=unmatched、node 为空。,题干加依赖插图的填空设问串，属练习残片。,
dir_batch_028.csv#2302,CHEMISTRY,某兴趣小组利用电解装置，探究“铁作阳极”时发生反应的多样性，实验过程如图。,REJECT,name 为实验探究题题干，definition 为 I（KCl 电解质）与 II（KOH 电解质）两组实验的填空设问（石墨电极反应式、现象预测与差异原因、OH− 放电原因、生成 FeO42− 的电极反应）；long=true、mech=unmatched、node 为空。,实验探究题题干加填空设问并依赖实验图，属练习残片。,
dir_batch_028.csv#2309,CHEMISTRY,判断正误，正确的打“√”，错误的打“×”。,REJECT,name 为判断正误题干，definition 为（1）—（13）盐类水解判断句串；long=true、mech=unmatched、node 为空。,判断正误题干加判断句串（酸式盐酸碱性、水解程度比较、水的电离程度比较），属练习残片。,
dir_batch_028.csv#2310,CHEMISTRY,按要求书写离子方程式：,REJECT,name 为题干「按要求书写离子方程式：」，definition 为①②③④四道书写设问（NaHS 溶液呈碱性的原因、实验室制备 Fe(OH)3 胶体、NH4Cl 溶于 D2O、NaHCO3 与 AlCl3 混合）；mech=unmatched、node 为空。,书写类练习题干加设问串，属练习残片。,
dir_batch_028.csv#2311,CHEMISTRY,简要回答：,REJECT,name 为题干「简要回答：」，definition 为（1）—（3）简答与实验设计设问（区别 NaCl、NH4Cl 与 Na2CO3 溶液、证明盐类水解是吸热过程、证明 Na2CO3 溶液显碱性由碳酸根水解引起）；mech=unmatched、node 为空。,简答与实验设计题干串，属练习残片，不构成可入库的知识陈述。,
dir_batch_028.csv#2314,CHEMISTRY,判断正误，正确的打“√”，错误的打“×”。,REJECT,name 为判断正误题干，definition 为（1）—（12）盐类水解与溶液配制判断句串，并附 2.三烧瓶酚酞实验图像题；long=true、mech=unmatched、node 为空。,判断正误题干加判断句串与图像题，属练习残片。,
dir_batch_029.csv#2320,CHEMISTRY,判断正误，正确的打“√”，错误的打“×”。,REJECT,name 为判断正误的栏目提示语；definition 为(1)—(5)五句关于 H2A、K2A、K2B、NH4Cl、HCN 与 NaCN 混合液离子浓度关系的判断句并逐句留（　　）空；mech=unmatched 且 pack_nodes 中无对应节点。,判断正误题干加五句彼此独立的浓度关系判断串，属练习残片，未形成可入库的独立知识陈述。,
dir_batch_029.csv#2328,CHEMISTRY,分别对稀溶液进行下列操作，一定可使增大的是,REJECT,definition 为配制 FeCl3 溶液时溶于较浓盐酸、验证某些盐对 Mg 与水反应促进作用的对比实验、碱式碳酸镁与二氧化碳等练习设问，含（　　）与大段下划线空；mech=unmatched 且 pack_nodes 中无对应节点。,跨多个实验情境的练习题干与填空残片，无单一知识主线，无可入库的知识陈述。,
dir_batch_029.csv#2330,CHEMISTRY,劳动创造美好生活。下列关于劳动项目的做法或对应化学知识的描述错误的是,REJECT,name 与 definition 均为劳动项目与化学知识关联的选择题题干（劳动教育具有树德增智强体育美综合育人价值，下列劳动项目与所述化学知识均正确且有关联的是），无选项与结论；mech=unmatched 且 pack_nodes 中无对应节点。,选择题题干残片，无知识陈述。,
dir_batch_029.csv#2336,CHEMISTRY,C919大型飞机的主结构材料大量使用了铝锂合金，铝锂合金的优点是(　　),REJECT,definition 为 C919 铝锂合金优点选择题与将 m g 镁铝合金投入盐酸再用氢氧化钠溶液使沉淀质量最大的计算题设问（含 13.60 g 等数据）；mech=unmatched 且 pack_nodes 中无对应节点。,选择题与计算题题干残片，含未给出的设问与数据，无可入库的知识陈述。,
dir_batch_029.csv#2342,CHEMISTRY,由工业废渣(主要含Fe、Si、Al等的氧化物)制取聚合硫酸铁铝净水剂的流程如下：,REJECT,definition 仅为 下列有关说法不正确的是（　　） 一句；name 为工业废渣制聚合硫酸铁铝净水剂的流程题题干；mech=unmatched 且 pack_nodes 中无对应节点。,流程题题干残片，无流程内容与结论，无可入库的知识陈述。,
dir_batch_029.csv#2348,CHEMISTRY,下列关于铝及其化合物的叙述正确的是(    ),REJECT,definition 为 A 至 D 四个选项（氧化铝坩埚用于熔融 NaOH、NaAlO2 溶液通过量 CO2 的产物、电解制铝加冰晶石的目的、工业上电解熔融氯化铝制铝）；mech=unmatched 且 pack_nodes 中无对应节点。,选择题题干与选项残片，无独立知识陈述。,
dir_batch_029.csv#2359,CHEMISTRY,下列说法正确的是(　　),REJECT,definition 为 CO2 制甲醇反应的说法选择、除去 CO 的设想能否实现的依据、NO 与 CO 催化转化与 CaSO4 分解自发条件等选择题与填空串；mech=unmatched 且 pack_nodes 中无对应节点。,多个彼此独立的练习设问拼接而成的题干与填空残片，无单一知识主线。,
dir_batch_029.csv#2365,CHEMISTRY,下列有关合成氨工业的说法中，正确的是(　　),REJECT,definition 为 2A(g)＋B(g)⇌M(g) ΔH＜0 的工业生产说法选择题题干，仅有（　　）空；mech=unmatched 且 pack_nodes 中无对应节点。,选择题题干残片，无知识陈述。,
dir_batch_029.csv#2373,CHEMISTRY,下列有关晶体的叙述正确的是(    ),REJECT,definition 为晶体硅相关选择题题干（我国已能拉制直径 300 毫米大直径硅单晶，下列对晶体硅的叙述中正确的是）；mech=unmatched 且 pack_nodes 中无对应节点。,选择题题干残片，无知识陈述。,
dir_batch_029.csv#2374,CHEMISTRY,某离子晶体的晶胞结构如图所示，X位于立方体的顶点，Y位于立方体的中心。,REJECT,name 与 definition 为离子晶体晶胞结构（X 在立方体顶点、Y 在立方体中心）的配位数、化学式、最近距离与夹角等填空设问，含大段下划线空；mech=unmatched 且 pack_nodes 中无对应节点。,填空题干残片，答案全部留空，无可入库的知识陈述。,
dir_batch_029.csv#2380,CHEMISTRY,(1)下面有关晶体的叙述中，不正确的是(   ),REJECT,definition 由(1)晶体叙述选择题、(2)由硼与硒与溴化钾等物质的物理性质判断晶体类型的六个填空、(3)几种晶胞结构含粒子数的填空组成；mech=unmatched 且 pack_nodes 中无对应节点。,判断与填空混合的练习残片，答案全部留空，无可入库的知识陈述。,
dir_batch_029.csv#2381,CHEMISTRY,按要求填空：,REJECT,name 为按要求填空；definition 为晶体硅晶胞中 Si 原子数与 Si—Si 键数之比、28 g 晶体硅中共价键的物质的量、金刚石与 SiC 与晶体硅熔沸点由高到低的顺序、金刚石晶胞中相邻三个面心的 C 与顶角 C 围成的形状等填空；mech=unmatched 且 pack_nodes 中无对应节点。,填空题干残片，答案全部留空，无可入库的知识陈述。,
dir_batch_029.csv#2383,CHEMISTRY,下列各组晶体物质中，化学键类型相同，晶体类型也相同的是(    ),REJECT,definition 为 SiO2 和 SO3、晶体硼和 HCl、CO2 和 SO2、晶体硅和金刚石、晶体氖和晶体氮、硫黄和 I2 六组物质的比较；mech=unmatched 且 pack_nodes 中无对应节点。,选择题选项残片，无知识陈述。,
dir_batch_029.csv#2384,CHEMISTRY,下列晶体分类中正确的一组是(    ),REJECT,name 为下列晶体分类中正确的一组是（　　），definition 仅剩栏目名 03常见晶体的结构与性质 与四种晶体类型的比较；mech=unmatched 且 pack_nodes 中无对应节点。,选择题题干与栏目名残片，无可入库的知识陈述。,
dir_batch_029.csv#2389,CHEMISTRY,下列分子晶体中，关于熔、沸点高低的叙述正确的是(    ),REJECT,definition 为 AlN 与 GaN 熔点比较、晶体硅与碳化硅熔点、SiX4 熔沸点表中 0 ℃ 时呈液态的物质与沸点升高原因、CsICl2 受热分解产物与熔点比较等填空；mech=unmatched 且 pack_nodes 中无对应节点。,填空题干串，答案全部留空，无可入库的知识陈述。,
dir_batch_029.csv#2391,CHEMISTRY,一种由Cu、In、Te组成的晶体属四方晶系，晶胞参数如图所示。,REJECT,definition 为四面体空隙的占有率、化学式与原子分数坐标的填空设问；mech=unmatched 且 pack_nodes 中无对应节点。,填空题干残片，答案全部留空，无可入库的知识陈述。,
dir_batch_029.csv#2392,CHEMISTRY,(1)Ni2C的晶胞结构如图1所示。,REJECT,definition 为 Ni2C、白磷、ZnSe、砷化镉四种晶胞的配位数、密度表达式、最短距离与空隙占有率填空；mech=unmatched 且 pack_nodes 中无对应节点。,填空题干残片，答案全部留空，无独立知识陈述。,
dir_batch_029.csv#2395,CHEMISTRY,正误判断，正确的打“√”，错误的打“×”,REJECT,definition 为(1)至(6)关于 12C 与 13C 与 14C 是否同素异形体、硅在自然界只以化合态存在、晶体硅熔点高硬度大与半导体用途、Si 和 SiO2 能否制光导纤维、非金属性与氢化物热稳定性、SiO2 是否溶于任何酸的正误判断串（含答案）并附一个简答；mech=unmatched 且 pack_nodes 中无对应节点。,正误判断题串加简答的练习残片，未形成可入库的独立知识陈述。,
dir_batch_029.csv#2399,CHEMISTRY,正误判断，正确的打“√”，错误的打“×”,REJECT,definition 为玻璃与水玻璃与泡花碱、传统与新型无机非金属材料、高温结构材料、玛瑙是否属硅酸盐产品的正误判断串，并附玻璃生产中两个反应能否说明 H2SiO3 酸性强于碳酸、熔化烧碱固体选坩埚的简答；mech=unmatched 且 pack_nodes 中无对应节点。,正误判断题串加简答的练习残片，未形成可入库的独立知识陈述。,
dir_batch_030.csv#2400,CHEMISTRY,易错辨析。,REJECT,name 为栏目名“易错辨析。”，definition 为（1）—（6）判断句串并附“写出制造普通玻璃时发生的主要反应”“将下列硅酸盐改写成氧化物形式”等填空，含（　　）与下划线空；mech=unmatched，node 为空。,判断与填空混合的练习题干，跨石英玻璃、钢化玻璃、光导纤维、硅橡胶、石墨烯等多个彼此无关的话题，无单一知识主线，属练习残片。,
dir_batch_030.csv#2402,CHEMISTRY,判断正误，正确的打“√”，错误的打“×”。,REJECT,name 为栏目提示语“判断正误，正确的打√，错误的打×。”，definition 为(1)—(11)判断句并逐句留（　　）空；mech=unmatched，node 为空。,判断正误题干加填空串，属练习残片，未形成可入库的独立知识陈述。,
dir_batch_030.csv#2405,CHEMISTRY,硅单质及其化合物应用范围很广。请回答下列问题：,REJECT,name 为题干“硅单质及其化合物应用范围很广。请回答下列问题：”，definition 含“写出由纯 SiHCl3 制备高纯硅的化学反应方程式____”“SiHCl3 遇水剧烈反应……写出配平的化学反应方程式____”“H2 还原 SiHCl3 过程中若混有 O2，可能引起的后果是____”等下划线空；mech=unmatched。,题干加下划线填空残片，无可直接入库的知识陈述。,
dir_batch_030.csv#2408,CHEMISTRY,硅及其化合物的应用范围很广。下列说法正确的是(　　),REJECT,name 为选择题题干“硅及其化合物的应用范围很广。下列说法正确的是(　　)”，definition 为 A—D 四个选项；mech=unmatched。,选择题题干与选项残片，无知识陈述。,
dir_batch_030.csv#2409,CHEMISTRY,由下列实验事实得出的结论正确的是(　　),REJECT,name 为选择题题干“由下列实验事实得出的结论正确的是(　　)”，definition 为 A—D 四个选项；mech=unmatched。,选择题题干与选项残片，无知识陈述。,
dir_batch_030.csv#2412,CHEMISTRY,硅是地壳中储量仅次于氧的元素，在自然界中主要以和硅酸盐的形式存在。,REJECT,name 本身已缺空（“主要以和硅酸盐的形式存在”），definition 为轨道表示式、晶体类型、杂化方式、熔点顺序、原硅酸脱水溶解度等填空与橄榄石设问；mech=unmatched。,题干加填空残片，且名称中含未填空白，无法成义。,
dir_batch_030.csv#2413,CHEMISTRY,含铁化合物的应用研究是科学研究的前沿之一，回答下列问题：,REJECT,name 为题干“含铁化合物的应用研究是科学研究的前沿之一，回答下列问题：”，definition 为铁铝铅榴石氧化物形式、原硅酸结构、SiO2 晶体配位数等填空；mech=unmatched。,题干加填空残片，跨物质结构与硅酸盐改写，无单一知识主线。,
dir_batch_030.csv#2418,CHEMISTRY,氢氧化铜,REJECT,name 为“氢氧化铜”，但 definition 仅为“反应①的化学方程式：____。反应②的化学方程式：____。”两处空；mech=name_hit 但条目本身不含任何可入库内容。,填空残片，只有两个方程式空位，无实质知识内容可合并。,
dir_batch_030.csv#2424,CHEMISTRY,以混有SiO2的MgCO3为原料制备氧化镁的实验流程如图：,REJECT,name 为题干“以混有 SiO2 的 MgCO3 为原料制备氧化镁的实验流程如图：”，definition 为“下列说法错误的是(　　)”与六水合氯化镁性质题的题干；mech=unmatched。,题干残片，无知识陈述。,
dir_batch_030.csv#2427,CHEMISTRY,部分含铜物质的分类与相应铜元素的化合价关系如图所示。下列说法正确的是(    ),REJECT,name 为题干“部分含铜物质的分类与相应铜元素的化合价关系如图所示。下列说法正确的是(    )”，definition 为“下列说法不正确的是(　　)”与 CuCl 制备流程题干；mech=unmatched。,题干与选项残片，无知识陈述。,
dir_batch_030.csv#2441,CHEMISTRY,（2024·湖南卷）恒压下，向某密闭容器中充入一定量的和，发生如下反应：,REJECT,name 为“（2024·湖南卷）恒压下，向某密闭容器中充入一定量的和，发生如下反应：”（含未显示的下标内容），definition 为主反应、副反应与两道设问；mech=unmatched。,真题题干残片，虽含背景反应但主体是设问与图像，无可入库的独立知识陈述。,
dir_batch_030.csv#2448,CHEMISTRY,以Fe3O4为原料炼铁，主要发生如下反应：,REJECT,name 为“以 Fe3O4 为原料炼铁，主要发生如下反应：”，definition 为反应Ⅰ、Ⅱ与两道设问（含“下列说法正确的是(　　)”）；mech=unmatched。,题干残片，主体为竞争反应图像试题的设问。,
dir_batch_030.csv#2449,CHEMISTRY,（2025·江苏卷）甘油水蒸气重整获得过程中的主要反应：,REJECT,name 为“（2025·江苏卷）甘油水蒸气重整获得过程中的主要反应：”，definition 为“反应Ⅰ；反应Ⅱ；反应Ⅲ”与设问；mech=unmatched。,真题题干残片，反应式与设问均不完整，无法成义。,
dir_batch_030.csv#2450,CHEMISTRY,（2025·北京昌平·二模）催化加氢直接合成二甲醚过程中有以下2个反应：,REJECT,name 为“（2025·北京昌平·二模）催化加氢直接合成二甲醚过程中有以下 2 个反应：”，definition 为反应Ⅰ、副反应Ⅱ与图 1、图 2 的设问；mech=unmatched。,真题题干残片，无可入库的知识陈述。,
dir_batch_030.csv#2454,CHEMISTRY,易错辨析：正确的打“√”，错误的打“×”。,REJECT,name 为栏目提示语“易错辨析：正确的打√，错误的打×。”，definition 为(1)—(7)判断句并附“有下列物质：①氧气……⑪甲醚”的填空串；mech=unmatched。,判断与填空的练习残片，跨分子式、氧化物、酸碱盐与同素异形体多个话题，无单一知识主线。,
dir_batch_030.csv#2457,CHEMISTRY,通过对比物理变化和化学变化的不同，回答下列问题：,REJECT,name 为题干“通过对比物理变化和化学变化的不同，回答下列问题：”，definition 为①—⑬ 变化清单并设“属于物理变化的是____”“属于化学变化的是____”两空；mech=unmatched。,填空残片：只给出待分类的实例清单与两个空，未形成知识陈述。,
dir_batch_030.csv#2458,CHEMISTRY,易错辨析：正确的打“√”，错误的打“×”。,REJECT,name 为栏目提示语“易错辨析：正确的打√，错误的打×。”，definition 为 4 条判断句并逐句留（　　）空；mech=unmatched。,判断正误题干残片，无知识陈述。,
dir_batch_030.csv#2459,CHEMISTRY,判断下列转化能否实现，能实现的打“√”，不能实现的打“×”。,REJECT,name 为“判断下列转化能否实现，能实现的打√，不能实现的打×。”，definition 为 SiO2→H2SiO3 等 4 组转化并留（　　）空；mech=unmatched。,判断题干残片。,
dir_batch_030.csv#2462,CHEMISTRY,FeCl3溶液、Fe(OH)3胶体、Fe(OH)3浊液是三种重要的分散系：,REJECT,name 为“FeCl3 溶液、Fe(OH)3 胶体、Fe(OH)3 浊液是三种重要的分散系：”，definition 为(1)—(4)全部下划线填空（本质特征、丁达尔效应、能与盐酸反应、吸附性、混合物）；mech=unmatched。,填空残片，四处答案全为空。,
dir_batch_030.csv#2463,CHEMISTRY,下列事实与胶体性质无关的是_________,REJECT,name 为“下列事实与胶体性质无关的是_________”，definition 为①—⑦ 事实清单；mech=unmatched。,题干残片，只有待判断的事实清单与一个空。,
dir_batch_030.csv#2467,CHEMISTRY,请把下列物质的序号填写到下图的横线上：,REJECT,name 为“请把下列物质的序号填写到下图的横线上：”，definition 为①硫黄……⑪泥水的物质清单；mech=unmatched。,题干与填空残片，只有待分类的物质清单。,
dir_batch_030.csv#2468,CHEMISTRY,对下列物质分类，并完善表格内容,REJECT,name 为“对下列物质分类，并完善表格内容”，definition 为①HCl……⑩FeSO4 的物质清单；mech=unmatched。,题干残片，只有待分类的物质清单。,
dir_batch_030.csv#2469,CHEMISTRY,下列有关物质的组成与分类的叙述正确的有________(填序号)。,REJECT,name 为“下列有关物质的组成与分类的叙述正确的有________(填序号)。”，definition 为①—⑦ 待判断陈述；mech=unmatched。,选择题干残片。,
dir_batch_030.csv#2472,CHEMISTRY,写出下列物质转化涉及的化学方程式。,REJECT,name 为“写出下列物质转化涉及的化学方程式。”，definition 仅为 Na→Na2O→NaOH→Na2SO4 与 S→SO2→H2SO3→Na2SO3 两条转化链；mech=unmatched。,题干加书写空残片。,
dir_batch_030.csv#2473,CHEMISTRY,举例说明下列反应在一定条件下可以实现。,REJECT,name 为“举例说明下列反应在一定条件下可以实现。”，definition 为①—⑥ 六处举例空（酸性氧化物与碱反应、弱酸与盐生成强酸、无水无沉淀无气体的复分解、两种酸混合后中性等）；mech=unmatched。,题干加填空残片，无知识陈述。,
dir_batch_030.csv#2476,CHEMISTRY,用Fe(OH)3胶体进行下列实验。,REJECT,name 为“用 Fe(OH)3 胶体进行下列实验。”，definition 为(1)—(5)填空（判断胶体的方法、电泳结论、加(NH4)2SO4 的现象、滴稀硫酸的现象、提纯方法）并附明胶与 Na2SO4 半透膜实验；mech=unmatched。,填空残片，各问答案全为空，仅剩实验操作提示。,
dir_batch_031.csv#2488,CHEMISTRY,完成下列反应的离子方程式。,REJECT,name 为填空指令“完成下列反应的离子方程式。”，definition 为(1)—(9)九条反应的下划线书写空（氧化镁溶于稀硫酸、AlCl3溶液滴加过量氨水、NaHSO3与过量NaHSO4、澄清石灰水与稀盐酸、Na2SO4与AgNO3、铵盐与强碱共热、过氧化钠溶于水、MnO2与浓盐酸共热、Cl2溶于水）；mech=unmatched、node 为空。,填空题干与下划线空串，无知识陈述可入库。,
dir_batch_031.csv#2489,CHEMISTRY,完成下列反应的离子方程式。,REJECT,name 为填空指令“完成下列反应的离子方程式。”，definition 为Ba(OH)2与H2SO4、Ba(OH)2与(NH4)2SO4、CuSO4与Ba(OH)2三组反应的下划线书写空；mech=unmatched、node 为空。,填空题干与下划线空串，无知识陈述可入库。,
dir_batch_031.csv#2490,CHEMISTRY,写出符合下列情况的离子方程式。,REJECT,name 为填空指令“写出符合下列情况的离子方程式。”，definition 为立德粉ZnS·BaSO4生成、MnCl2与NH4HCO3生成MnCO3、PbSO4溶于醋酸铵后硫化钠与醋酸铅反应三题并各附长下划线空；mech=unmatched、node 为空。,填空题干与下划线空串，三题话题互不相关，属练习残片。,
dir_batch_031.csv#2494,CHEMISTRY,按要求写出下列反应的离子方程式。,REJECT,name 为“按要求写出下列反应的离子方程式。”，definition 为Ca(ClO)2溶液通入过量CO2、AlCl3溶液滴加过量氨水、氢氧化铁溶于氢碘酸、少量CO2通入NaOH和Ca(OH)2混合溶液四题的下划线空；mech=unmatched、node 为空。,填空题干串，无知识陈述可入库。,
dir_batch_031.csv#2495,CHEMISTRY,按要求写出下列反应的离子方程式。,REJECT,name 为“按要求写出下列反应的离子方程式。”，definition 为FeBr2溶液通入过量Cl2、FeCl3溶液加足量Na2S溶液、Na2SO3溶液吸收少量Cl2三题的下划线空；mech=unmatched、node 为空。,填空题干串，无知识陈述可入库。,
dir_batch_031.csv#2496,CHEMISTRY,按要求写出下列反应的离子方程式。,REJECT,name 为“按要求写出下列反应的离子方程式。”，definition 为NaAlO2溶液通入足量CO2、KAl(SO4)2溶液加入足量Ba(OH)2、NaHSO4溶液滴加Ba(OH)2至中性三题的下划线空；mech=unmatched、node 为空。,填空题干串，无知识陈述可入库。,
dir_batch_031.csv#2499,CHEMISTRY,易错辨析：正确的打“√”，错误的打“×”。,REJECT,name 为栏目提示语“易错辨析：正确的打√错误的打×。”（原文为“√”与“×”），definition 为(1)—(6)硫酸根检验、碳酸根检验、焰色试验与I-检验的判断句并逐句留（　　）空；mech=unmatched、node 为空。,判断题干串并逐句留空，属练习残片，未形成可入库的独立知识陈述。,
dir_batch_031.csv#2500,CHEMISTRY,下列离子在未知溶液中的检验方法正确的是(　　),REJECT,name 为选择题题干“下列离子在未知溶液中的检验方法正确的是(　　)”，definition 为“4．一瓶无色澄清的溶液…”的实验条件与“根据以上实验结果，下列推断正确的是(　　)”，涉及H+、NH4+、Na+、Al3+、Fe3+、I-、NO3-、CO32-、SO42-、AlO2-的可能组合；mech=unmatched、node 为空。,选择题干残片，无知识陈述可入库。,
dir_batch_031.csv#2505,CHEMISTRY,下列指定反应的离子方程式正确的是(     ),REJECT,name 为选择题题干“下列指定反应的离子方程式正确的是(     )”，definition 只有一条方程式2MnO4-＋5H2O2＋6H+===2Mn2+＋5O2↑＋8H2O；mech=unmatched、node 为空。,选项残片，仅一条方程式，无知识陈述可入库。,
dir_batch_031.csv#2506,CHEMISTRY,(2024·经典习题改编)按要求正确书写相关离子方程式：,REJECT,name 为“(2024·经典习题改编)按要求正确书写相关离子方程式：”，definition 为双氧水浓度用KMnO4溶液测定、H2O2氧化Fe2+、氨水与NH4HCO3混合制(NH4)2CO3、FeCl3溶液与NaHCO3溶液混合四题的下划线空；mech=unmatched、node 为空。,填空题干串，无知识陈述可入库。,
dir_batch_031.csv#2509,CHEMISTRY,某溶液中可能含有下列阴离子：SO、SO、CO、Cl－。,REJECT,name 为“某溶液中可能含有下列阴离子：SO、SO、CO、Cl-。”（原文离子符号在抽取中已有缺字），definition 为(1)—(3)下划线空与第2题“下列操作中不会影响溶液中K+、Al3+、Fe3+、Ba2+、Cl-、NO3-等离子大量共存的是(    )”的题干；mech=unmatched、node 为空。,题干与填空混合残片，无知识陈述可入库。,
dir_batch_031.csv#2511,CHEMISTRY,下列有关离子的鉴别方法不正确的是(     ),REJECT,name 为选择题题干“下列有关离子的鉴别方法不正确的是(     )”，definition 为“3．某100 mL溶液只可能含有K+、NH4+、Al3+、CO32-、SO42-、Cl-中的若干种，取该溶液进行连续实验…下列说法错误的是(    )”的题干；mech=unmatched、node 为空。,选择题干残片，无知识陈述可入库。,
dir_batch_031.csv#2512,CHEMISTRY,已知某100 mL溶液中含有的部分离子的浓度大小如表所示：,REJECT,name 为“已知某100 mL溶液中含有的部分离子的浓度大小如表所示：”，definition 为无色透明均一的溶液条件、可能含Fe3+与Ba2+与Mg2+与SO42-、加入足量BaCl2生成23.3 g白色沉淀再加稀盐酸沉淀不消失的题干与“对原溶液说法错误的是(    )”及方程式2Ba2+＋2OH-＋Mg2+＋2SO42-===Mg(OH)2↓＋2BaSO4↓；mech=unmatched、node 为空。,题干与选项残片，无知识陈述可入库。,
dir_batch_031.csv#2519,CHEMISTRY,能正确表示下列反应的离子方程式为(　　),REJECT,name 为选择题题干“能正确表示下列反应的离子方程式为(　　)”，definition 只有一条方程式Ba2+＋2OH-＋2H+＋SO42-===BaSO4↓＋2H2O；mech=unmatched、node 为空。,选项残片，仅一条方程式，无知识陈述可入库。,
dir_batch_031.csv#2520,CHEMISTRY,下列离子方程式正确的是(　　),REJECT,name 为选择题题干“下列离子方程式正确的是(　　)”，definition 为“答案　C；解析　Cl2通入冷的NaOH溶液中发生反应生成氯化钠和次氯酸钠…醋酸是弱酸在离子方程式中不能拆…H2O2具有较强的氧化性，FeSO4溶液中加入H2O2产生的沉淀是氢氧化铁”等答案与解析文字；mech=unmatched、node 为空。,答案与解析残片，无独立知识陈述可入库。,
dir_batch_031.csv#2523,CHEMISTRY,下列离子方程式书写正确的是(    ),REJECT,name 为选择题题干“下列离子方程式书写正确的是(    )”，definition 为xCa2+＋yMg2+＋(2x＋2y)HCO3-===xCaCO3↓＋yMgCO3↓＋(x＋y)CO2↑＋(x＋y)H2O↑与“3．利用传感器探究澄清石灰水和Na2CO3与NaHCO3溶液的反应，下列说法正确的是(    )”；mech=unmatched、node 为空。,题干与方程式残片，无知识陈述可入库。,
dir_batch_031.csv#2525,CHEMISTRY,下列溶液中，离子一定能大量共存的有____________。,REJECT,name 为“下列溶液中，离子一定能大量共存的有____________。”，definition 为(1)—(11)十一组离子组合与酚酞变色、石蕊变色、pH与水电离出的c(H+)与加入铝粉产生氢气等条件的填空项；mech=unmatched、node 为空。,题干与填空残片，无知识陈述可入库。,
dir_batch_031.csv#2530,CHEMISTRY,已知NaBH4与水反应的化学方程式为NaBH4＋2H2O===NaBO2＋4H2↑,REJECT,name 为“已知NaBH4与水反应的化学方程式为NaBH4＋2H2O===NaBO2＋4H2↑”，definition 为单线桥标注、氧化剂与还原剂填空、生成4.48 L H2转移电子物质的量的计算，以及14CuSO4＋5FeS2＋12H2O与NaNO2＋NH4Cl与NH2OH与Fe3+与Na2S2O3＋H2SO4等多题拼合；mech=unmatched、node 为空。,题干与多题混合残片，掺入多项互不相关的电子转移计算，无单一知识主线。,
dir_batch_031.csv#2536,CHEMISTRY,已知G、Q、X、Y、Z均为含氯元素的化合物，在一定条件下有下列转化关系(未配平)：,REJECT,name 为“已知G、Q、X、Y、Z均为含氯元素的化合物，在一定条件下有下列转化关系(未配平)：”，definition 为①G→Q＋NaCl②Q＋H2O→X＋H2③Y＋NaOH→G＋Q＋H2O④Z＋NaOH→Q＋X＋H2O与“这五种化合物中Cl元素化合价由低到高的顺序是____”；mech=unmatched、node 为空。,题干与填空残片，仅为一道化合价排序推断题，无知识陈述可入库。,
dir_batch_031.csv#2540,CHEMISTRY,配平下列化学方程式,REJECT,name 为“配平下列化学方程式”，definition 为正向配平、逆向配平与综合共十余个待配平方程式的系数空（如KI＋KIO3＋H2SO4===I2＋K2SO4＋H2O、P4＋KOH＋H2O===K3PO4＋PH3等）；mech=unmatched、node 为空。,填空题干串，仅给出待配平方程式与系数空，无知识陈述可入库。,
dir_batch_031.csv#2541,CHEMISTRY,配平下列氧化还原反应方程式。,REJECT,name 为“配平下列氧化还原反应方程式。”，definition 为MnO4-与H+与Cl-、Cl2与KOH、Mn2+与ClO-、ClO-与Fe(OH)3等方程式的系数空，以及K2Cr2O7与KCl与CrCl3的书写空与NaHSO3还原Cr2O72-的离子方程式空；mech=unmatched、node 为空。,填空题干串，无知识陈述可入库。,
dir_batch_031.csv#2545,CHEMISTRY,已知有如下反应：,REJECT,name 为“已知有如下反应：”，definition 为K2Cr2O7与浓盐酸、Cr与稀盐酸、2KMnO4与稀盐酸三个反应及“下列说法正确的是(    )”与方程式10Cr3+＋6MnO4-＋11H2O===5Cr2O72-＋6Mn2+＋22H+；mech=unmatched、node 为空。,题干与选项残片，无知识陈述可入库。,
dir_batch_031.csv#2546,CHEMISTRY,现有下列三个氧化还原反应：,REJECT,name 为“现有下列三个氧化还原反应：”，definition 为FeCl3与KI、FeCl2与Cl2、KMnO4与浓盐酸三个反应及“其中还原性由强到弱的顺序正确的是(    )”与MnSO4与(NH4)2S2O8反应；mech=unmatched、node 为空。,题干与选项残片，无知识陈述可入库。,
dir_batch_031.csv#2549,CHEMISTRY,配平下列化学方程式,REJECT,name 为“配平下列化学方程式”，definition 为ClO-与Fe(OH)3、MnO4-与H2O2两组方程式的系数空，以及氮化铝高温还原法制备的填空与NaBiO3氧化Mn2+的离子方程式填空；mech=unmatched、node 为空。,填空题干串，无知识陈述可入库。,
dir_batch_031.csv#2551,CHEMISTRY,在酸性条件下，黄铁矿(FeS2，其中S为－1价)催化氧化的反应转化如图所示。,REJECT,name 为“在酸性条件下，黄铁矿(FeS2，其中S为-1价)催化氧化的反应转化如图所示。”，definition 为总反应2FeS2＋7O2＋2H2O===2Fe2+＋4SO42-＋4H+与反应Ⅰ与反应Ⅱ离子方程式的书写空及NO2作用的填空；mech=unmatched、node 为空。,题干与填空残片，无知识陈述可入库。,
dir_batch_031.csv#2552,CHEMISTRY,(1)某催化转化过程如图所示：,REJECT,name 为“(1)某催化转化过程如图所示：”，definition 为过程1的Ni2O3＋ClO-===2NiO2＋Cl-与过程2离子方程式的书写空，以及NaClO氧化氨氮的总反应方程式填空；mech=unmatched、node 为空。,题干与填空残片，无知识陈述可入库。,
dir_batch_031.csv#2557,CHEMISTRY,按要求书写离子方程式：,REJECT,name 为“按要求书写离子方程式：”，definition 为浓盐酸滴入高锰酸钾体系七种物质的填空、Cr2O72-废液用绿矾除去的离子方程式、NiOOH制备流程的碱浸与CrO42-转化为Cr2O72-的方程式以及BaCrO4的Ksp等多题拼合；mech=unmatched、node 为空。,题干与填空混合残片，跨多个反应体系与工艺流程，无单一知识主线。,
dir_batch_032.csv#2565,CHEMISTRY,主要因素,REJECT,name 为知识清单栏目残片 主要因素；definition 为被截断的填空句（反应物______主要因素）加 Mg、Al 与稀盐酸反应的速率大小比较练习（第二个作答位）；mech=unmatched 且 pack_nodes 中无对应节点，其内容（反应物本身的性质是决定速率的主要因素）另有节点 影响化学反应速率的因素 的材料 chem-kb-rate-primary-factor 承载。,栏目名加填空残句与练习设问，句子被截断，未形成可入库的独立知识陈述。,
dir_batch_032.csv#2568,CHEMISTRY,下列措施可以增大化学反应速率的是________(填序号)。,REJECT,name 为选择题题干（下列措施可以增大化学反应速率的是________(填序号)）；definition 为①至⑦七项措施的判断与 N2 与 O2 反应中缩小体积增大压强、恒容充 N2、恒容充 He、恒压充 He 对速率影响的填空练习；mech=unmatched 且 pack_nodes 中无对应节点。,选择题与填空题干加练习残片，作答位全空，无独立知识陈述。,
dir_batch_032.csv#2569,CHEMISTRY,对于反应N2(g)＋3H2(g)2NH3(g),REJECT,name 为残缺题干 对于反应N2(g)＋3H2(g)2NH3(g)；definition 为恒温恒容充氮气、恒温恒容充氦气、恒温恒压充氦气对反应速率影响与原因分析的填空（作答位与原因位均为下划线空）；mech=unmatched 且 pack_nodes 中无对应节点。,题干加填空残片，作答位与原因位全空，无知识陈述。,
dir_batch_032.csv#2576,CHEMISTRY,已知反应：4CO＋2NO2N2＋4CO2在不同条件下的化学反应速率如下。,REJECT,name 与 definition 为比较反应 4CO＋2NO2N2＋4CO2 在五种条件下的化学反应速率快慢的练习（含单位换算要求与由大到小排序的作答位）；mech=unmatched 且 pack_nodes 中无对应节点。,计算比较练习题干残片，作答位空且无知识陈述。,
dir_batch_032.csv#2580,CHEMISTRY,甲烷与氯气在光照条件下存在如下反应历程(“·”表示电子)：,REJECT,name 与 definition 为甲烷氯代反应历程、2025·河南卷丙烷脱氢制丙烯反应历程、2025·河北卷氮化镓制备反应历程三组试题（含题号、未给出的相对能量图与选项）；mech=unmatched 且 pack_nodes 中无对应节点。,多道试题题干拼接残片，含题号、缺失图像与缺失选项，无知识陈述。,
dir_batch_032.csv#2588,CHEMISTRY,若上述题目中的(1)～(4)改成一定温度下的恒压密闭容器，结果又如何？,REJECT,name 为承接上题的设问 若上述题目中的(1)～(4)改成一定温度下的恒压密闭容器，结果又如何？；definition 为四个全空的作答位 (1)____________(2)____________(3)____________(4)____________；mech=unmatched 且pack_nodes 中无对应节点。,承接上题的设问加全空作答位，无可入库的知识陈述。,
dir_batch_032.csv#2593,CHEMISTRY,（2025·北京卷）为研究三价铁配合物性质进行如下实验(忽略溶液体积变化)。,REJECT,name 为 2025·北京卷 三价铁配合物性质实验的题干（含题号与忽略溶液体积变化的说明）；definition 只列出[FeCl4]－ 为黄色、[Fe(SCN)]2＋ 为红色、[FeF6]3－ 为无色 的已知信息与 下列说法不正确的是；mech=unmatched且 pack_nodes 中无对应节点。,高考真题题干残片，选项与实验过程缺失，无知识陈述。,
dir_batch_032.csv#2603,CHEMISTRY,对于以下反应，从反应开始进行到达到平衡后，保持温度、体积不变，按要求回答下列问题。,REJECT,definition 为 PCl5、2HI、2NO2 与 mA＋nB⇌pC 四组 再充入反应物后平衡移动方向、转化率、百分含量 的填空设问（作答位全为下划线），后接 xA＋yB⇌zC 压缩容器体积的练习；mech=unmatched 且 pack_nodes 中无对应节点。,填空设问与练习残片，作答位全空，无知识陈述。,
dir_batch_032.csv#2605,CHEMISTRY,某温度下，在一恒容密闭容器中进行如下两个反应并达到平衡：,REJECT,definition 为恒容容器中 2X＋Y⇌Z＋2Q 与 M＋N⇌R＋Q 两个反应并存时叙述正误的判断、以及 O2 与 SO2 的 v-t 图像与 2NO2⇌N2O4 的 c-t 图像两道练习（反应热数据与图甲图乙均未给出）；mech=unmatched 且 pack_nodes 中无对应节点。,多道练习题干拼接残片，选项与图像缺失，无知识陈述。,
dir_batch_032.csv#2606,CHEMISTRY,工业上常用甲烷、水蒸气重整制备氢气，体系中发生如下反应。,REJECT,definition 为甲烷水蒸气重整的两步反应（Ⅰ 与 Ⅱ）与 下列操作中能提高 CH4(g) 平衡转化率的是____（填字母）的填空题干，选项 A、B、C 未给出；mech=unmatched 且 pack_nodes 中无对应节点。,填空题干残片，选项缺失，无独立知识陈述。,
dir_batch_032.csv#2612,CHEMISTRY,书写下列化学反应的平衡常数表达式。,REJECT,name 与 definition 为 书写下列化学反应的平衡常数表达式 的(1)至(5)五组反应式（Cl2 与 H2O、C 与 H2O(g)、酯化反应、CO 与 H2O 生成 HCO 与 OH－、CaCO3 分解），只有方程式罗列而无作答要求与结论；mech=unmatched且 pack_nodes 中无对应节点。,书写练习题干，仅有反应式罗列，无知识陈述。,
dir_batch_032.csv#2613,CHEMISTRY,在一定温度下，已知以下三个反应的平衡常数：,REJECT,definition 为 CO 与 CuO、H2 与 CuO、CO 与 H2O 三个反应 K 的关系填空与甲醇制备中 K3 与 K1、K2 的关系、ΔH 符号、v正 与 v逆 比较的练习（作答位与平衡常数数据表均未给出）；mech=unmatched 且 pack_nodes 中无对应节点。,计算练习题干残片，作答位与数据表缺失，无知识陈述。,
dir_batch_032.csv#2617,CHEMISTRY,已知反应：FeO(s)＋CO(g)Fe(s)＋CO2(g)　ΔH>0。,REJECT,definition 为 FeO(s)＋CO(g)⇌Fe(s)＋CO2(g) 的平衡常数表达式书写、温度降低时 K 的变化、1100 ℃ 时用浓度商判断是否处于化学平衡状态的填空（作答位全为下划线）；mech=unmatched 且 pack_nodes 中无对应节点。,填空题干残片，作答位全空，无知识陈述。,
dir_batch_032.csv#2619,CHEMISTRY,聚苯乙烯是一类重要的高分子材料，可通过苯乙烯聚合制得。,REJECT,definition 为聚苯乙烯聚合的情境加 在某温度、100 kPa 下充入 1 mol 气态乙苯、平衡转化率为 50%，欲将平衡转化率提高至 75%，需要向反应器中…… 的填空（设问句被截断，作答位缺失）；mech=unmatched 且pack_nodes 中无对应节点。,情境加填空题干残片，设问被截断，无知识陈述。,
dir_batch_032.csv#2620,CHEMISTRY,已知：CO(g)＋2H2(g)CH3OH(g)　ΔH,REJECT,definition 为 CO(g)＋2H2(g)⇌CH3OH(g) 的 ΔH 判断、250 ℃ 时 v正 与 v逆 的比较、恒温 2 L 密闭容器中平衡常数计算的填空设问（不同温度下的平衡常数表未给出）；mech=unmatched 且 pack_nodes 中无对应节点。,计算题填空残片，数据表缺失，无知识陈述。,
dir_batch_032.csv#2622,CHEMISTRY,利用NH3的还原性可以消除氮氧化物的污染，其中除去NO的主要反应如下：,REJECT,definition 为 4NH3(g)＋6NO(g)⇌5N2(g)＋6H2O(l) 的速率方程 v正＝k正·c4(NH3)·c6(NO) 与 v逆＝k逆·cx(N2)·cy(H2O) 中 x、y 的填空，以及乙醇异构化反应速率方程的练习（作答位空、第三题被截断）；mech=unmatched 且 pack_nodes 中无对应节点。,计算题填空残片，作答位空且设问被截断，无知识陈述。,
dir_batch_032.csv#2626,CHEMISTRY,氢能是极具发展潜力的清洁能源，以氢燃料为代表的燃料电池有良好的应用前景。,REJECT,definition 为 氢能是极具发展潜力的清洁能源 情境下甲烷水蒸气重整的 Kx 表达式填空、亚硝酰氯 NOCl 的速率与平衡常数及平衡转化率计算、NO 转化率随温度与压强变化的图题（图像与数据未给出）三段练习拼接；mech=unmatched 且 pack_nodes 中无对应节点。,多道试题题干拼接残片，含未给出的图像与数据，无知识陈述。,
dir_batch_032.csv#2630,CHEMISTRY,下列说法正确的是(　　),REJECT,name 为 下列说法正确的是(　　) 的选择题题干；definition 由 CO2 制甲醇反应的说法判断、汽车燃油产生 CO 的除去设想与 NO 与 CO 催化转化的自发性依据、CaSO4 与 CO 反应自发进行条件的填空三段拼接（作答位空）；mech=unmatched 且 pack_nodes 中无对应节点。,多题题干拼接残片，选项缺失，无知识陈述。,
dir_batch_032.csv#2636,CHEMISTRY,下列有关合成氨工业的说法中，正确的是(　　),REJECT,name 为 下列有关合成氨工业的说法中，正确的是(　　) 的选择题题干；definition 为第 2 题 某工业生产中发生反应 2A(g)＋B(g)⇌M(g) ΔH<0，下列有关该工业生产的说法正确的是(　　)，选项与结论均未给出；mech=unmatched 且 pack_nodes 中无对应节点。,选择题题干残片，选项缺失，无知识陈述。,
dir_batch_033.csv#2647,CHEMISTRY,（2024·湖南卷）恒压下，向某密闭容器中充入一定量的和，发生如下反应：,REJECT,name 为（2024·湖南卷）恒压下…的真题题干；mech=unmatched；definition 为主反应、副反应与两道选择题设问。,真题题干残片：主体是设问与图像，无可入库的独立知识陈述。,
dir_batch_033.csv#2654,CHEMISTRY,以Fe3O4为原料炼铁，主要发生如下反应：,REJECT,name 为以 Fe3O4 为原料炼铁…；mech=unmatched；definition 为反应Ⅰ、Ⅱ与氨催化氧化竞争反应的两道选择题设问。,题干残片：主体为竞争反应图像试题的设问，无独立知识陈述。,
dir_batch_033.csv#2655,CHEMISTRY,（2025·江苏卷）甘油水蒸气重整获得过程中的主要反应：,REJECT,name 为（2025·江苏卷）甘油水蒸气重整…；mech=unmatched；definition 仅列出反应Ⅰ、Ⅱ、Ⅲ与设问。,真题题干残片：反应式与设问均不完整，无法成义。,
dir_batch_033.csv#2656,CHEMISTRY,（2025·北京昌平·二模）催化加氢直接合成二甲醚过程中有以下2个反应：,REJECT,name 为（2025·北京昌平·二模）催化加氢直接合成二甲醚…；mech=unmatched；definition 为反应Ⅰ、副反应Ⅱ与图 1、图 2 的设问。,真题题干残片：无可入库的知识陈述。,
dir_batch_033.csv#2663,CHEMISTRY,根据要求回答下列问题：,REJECT,name 为通用设问句；mech=unmatched；definition 为 Na2O2 投入品红与石蕊溶液、与木炭粉混合研磨、SO2 与 CO2 混合气与 Na2O2 反应的三处设问，答案全空。,练习残片：跨三个设问且答案全空，无可直接入库的知识陈述。,
dir_batch_033.csv#2667,CHEMISTRY,某同学用Na2CO3和NaHCO3溶液进行如图所示实验。下列说法不正确的是(　　),REJECT,name 为带图实验题题干（某同学用 Na2CO3 和 NaHCO3 溶液进行如图所示实验）；mech=unmatched；definition 为鉴别碳酸钠与碳酸氢钠图Ⅰ到Ⅳ的设问，各问留空。,题干残片：主体为实验题设问，无独立知识陈述。,
dir_batch_033.csv#2685,CHEMISTRY,Na22,REJECT,name 为下标丢失的残片 Na22；mech=unmatched；definition 为编号错乱（(2)(2)(3)）的过氧化钠强氧化性、遇 KMnO4 显还原性与遇 CO2、H2O、H+ 自身氧化还原的片段，并混排两道练习题。,名称无法成义，内容为编号错乱的残片与练习混排，无独立知识主线；其性质要点已由 ext-che-f27d514c23-004、ext-che-9bb3d56f69-002 覆盖。,
dir_batch_033.csv#2691,CHEMISTRY,下列说法正确的是(   ),REJECT,name 为选择题题干 下列说法正确的是；mech=unmatched；definition 为 A 至 D 四个选项（铁与水蒸气生成铁红、过量铁粉在 Cl2 中燃烧制 FeCl2、过量 Fe 与稀硝酸生成 Fe(NO3)2、铁在热浓硝酸中钝化）。,选择题干与选项残片：正确与错误选项混排，无知识陈述。,
dir_batch_033.csv#2692,CHEMISTRY,在指定条件下，下列有关铁单质的转化不能实现的是(    ),REJECT,name 为选择题题干 在指定条件下，下列有关铁单质的转化不能实现的是；mech=unmatched；definition 为四个转化选项与铁与水蒸气反应装置题的四选项。,选择题干与选项残片，另附装置题设问，无知识陈述。,
dir_batch_033.csv#2698,CHEMISTRY,菠菜常用作补铁食品之一，为探究其中铁元素的价态，现进行如下实验。,REJECT,name 为菠菜中铁元素价态探究的实验句；mech=unmatched；definition 为取样研磨过滤的步骤与 K3[Fe(CN)6]、稀硝酸加 KSCN 检验的两处设问，各问留空。,实验探究题干：各问答案全为空，无独立知识陈述。,
dir_batch_033.csv#2699,CHEMISTRY,电子工业常用30%的FeCl3溶液腐蚀敷在绝缘板上的铜箔，制造印刷电路板。,REJECT,name 为以 FeCl3 腐蚀铜箔制造印刷电路板为素材的句子；mech=unmatched；definition 为检验 Fe3+ 的试剂与现象、写离子方程式、回收铜的流程与检验顺序等设问，各问留空。,题干残片：主体为流程题设问，无独立知识陈述。,
dir_batch_033.csv#2703,CHEMISTRY,下列叙述正确的是(　　),REJECT,name 为选择题题干 下列叙述正确的是；mech=unmatched；definition 为铁的氧化物相互转化的题干片段。,选择题干残片：内容不完整，无知识陈述。,
dir_batch_033.csv#2704,CHEMISTRY,铁与水蒸气反应实验改进前后的装置如图所示：,REJECT,name 为铁与水蒸气反应实验改进前后的装置如图所示；mech=unmatched；definition 仅一句 下列说法错误的是。,实验装置题题干残片：无知识陈述。,
dir_batch_033.csv#2708,CHEMISTRY,在FeCl3、CuCl2混合溶液中，加入铁粉与铜粉的混合物。,REJECT,name 为 FeCl3、CuCl2 混合溶液中加入铁粉与铜粉混合物的句子；mech=unmatched；definition 为金属无剩余、剩余固体有铁和铜、剩余固体只有铜三种情形的阳离子判断，三处答案全空。,填空题干：三处答案全为空，无独立知识陈述。,
dir_batch_033.csv#2716,CHEMISTRY,用如图所示装置(夹持仪器省略)制备氢氧化亚铁。,REJECT,name 为用如图所示装置制备氢氧化亚铁的句子；mech=unmatched；definition 为分步开关活塞的实验步骤与仪器名称、离子检验、现象与方程式等设问，各问留空。,实验装置与操作题干残片：各问答案全为空，无独立知识陈述。,
dir_batch_033.csv#2718,CHEMISTRY,有关铁及其化合物的除杂,REJECT,name 为有关铁及其化合物的除杂；mech=name_hit（node_slugs=[有关铁及其化合物的除杂]）；definition 为 FeSO4 溶液保存装置、铁及其化合物氧化性与还原性探究方案、莫尔盐制备装置三道选择题，选项含正确与错误表述。,选择题干与选项残片：三道选择题混排，无法作为知识陈述入库；该考点内容已由 ext-che-d46a1fe501-014、ext-che-d46a1fe501-015、ext-che-1422ee20c2-049b 等材料覆盖。,
dir_batch_034.csv#2723,CHEMISTRY,C919大型飞机的主结构材料大量使用了铝锂合金，铝锂合金的优点是(　　),REJECT,name 为选择题题干“C919大型飞机的主结构材料大量使用了铝锂合金，铝锂合金的优点是(　　)”，definition 却是与之无关的镁铝合金与盐酸、氢氧化钠溶液反应的计算题（含 m g、5.6 L、13.60 g 等数据且末句未完）；mech=unmatched，node 为空。,题干与计算题残片拼合，既无可入库的知识陈述，也没有可对应的考点主线。,
dir_batch_034.csv#2728,CHEMISTRY,工业上用某种氧化铝矿石(含Fe2O3杂质)为原料冶炼铝的工艺流程如下：,REJECT,name 为题干“工业上用某种氧化铝矿石(含Fe2O3杂质)为原料冶炼铝的工艺流程如下：”，definition 仅为“对上述流程中的判断正确的是(　　)”；mech=unmatched，node 为空。,工艺流程图题干与选择题设问残片，图与选项均缺失，无知识陈述。,
dir_batch_034.csv#2729,CHEMISTRY,由工业废渣(主要含Fe、Si、Al等的氧化物)制取聚合硫酸铁铝净水剂的流程如下：,REJECT,name 为题干“由工业废渣(主要含Fe、Si、Al等的氧化物)制取聚合硫酸铁铝净水剂的流程如下：”，definition 仅为“下列有关说法不正确的是(　　)”；mech=unmatched，node 为空。,工艺流程图题干与选择题设问残片，图与选项均缺失，无知识陈述。,
dir_batch_034.csv#2733,CHEMISTRY,既能跟稀盐酸反应，又能跟氢氧化钠溶液反应的化合物是(    ),REJECT,name 为选择题题干“既能跟稀盐酸反应，又能跟氢氧化钠溶液反应的化合物是(　　)”，definition 为选项清单“①NaHCO3　②Al2O3　③Al(OH)3　④Al”；mech=unmatched，node 为空。,选择题题干与选项残片，属练习残片；同内容的归纳性陈述已由同批 idx 2730 处理。,
dir_batch_034.csv#2735,CHEMISTRY,下列关于铝及其化合物的叙述正确的是(    ),REJECT,name 为选择题题干“下列关于铝及其化合物的叙述正确的是(　　)”，definition 为 A—D 四个选项（氧化铝坩埚熔融 NaOH、NaAlO2 溶液通 CO2、冰晶石的作用、电解熔融氯化铝制铝）；mech=unmatched，node 为空。,选择题题干与选项残片，未形成可入库的知识陈述。,
dir_batch_034.csv#2747,CHEMISTRY,氢氧化铜,REJECT,name 为“氢氧化铜”，definition 仅为“反应①的化学方程式：____。反应②的化学方程式：____。”两处空；mech=name_hit 但条目本身不含任何可入库内容（反应对象缺失）。,同批 dir_batch_030 中同名条目（idx 2418）已按“填空残片，只有两个方程式空位，无实质知识内容可合并”判为 REJECT，本 row 情形一致。,
dir_batch_034.csv#2753,CHEMISTRY,以混有SiO2的MgCO3为原料制备氧化镁的实验流程如图：,REJECT,name 为题干“以混有SiO2的MgCO3为原料制备氧化镁的实验流程如图：”，definition 为“下列说法错误的是(　　)”与六水合氯化镁性质题题干；mech=unmatched，node 为空。,工艺流程图题干与设问残片，无知识陈述。,
dir_batch_034.csv#2756,CHEMISTRY,部分含铜物质的分类与相应铜元素的化合价关系如图所示。下列说法正确的是(    ),REJECT,name 为题干“部分含铜物质的分类与相应铜元素的化合价关系如图所示。下列说法正确的是(    )”，definition 为“下列说法不正确的是(　　)”与 CuCl 热分解制备流程题；mech=unmatched，node 为空。,题干与设问残片，图与选项缺失，无知识陈述。,
dir_batch_034.csv#2764,CHEMISTRY,按官能团的不同可以对有机物进行分类，请指出下列有机物所属的类别。,REJECT,name 为题干“按官能团的不同可以对有机物进行分类，请指出下列有机物所属的类别。”，definition 为类别选项 G—K 与 (1)—(7) 待填有机物序号及其空位；mech=unmatched，node 为空。,分类填空题干，待判物质结构缺失且各问答案全为空，属练习残片。,
dir_batch_034.csv#2765,CHEMISTRY,观察下列有机物，并按碳骨架把它们分类，完成填空：,REJECT,name 为题干“观察下列有机物，并按碳骨架把它们分类，完成填空：”，definition 为①—⑧ 待分类物质清单与六处填空；mech=unmatched，node 为空。,分类填空题干，物质结构缺失、答案全为空，属练习残片。,
dir_batch_034.csv#2766,CHEMISTRY,写出下列官能团名称,REJECT,name 为题干“写出下列官能团名称”，definition 为 (1)—(4) 四组官能团名称空（其中两组结构缺失，仅给出—Br 与—COO—）；mech=unmatched，node 为空。,填空残片，只留官能团名称空位，无知识陈述。,
dir_batch_034.csv#2770,CHEMISTRY,(1)按系统命名法对下列有机物进行命名：,REJECT,name 为题干“(1)按系统命名法对下列有机物进行命名：”，definition 为两处命名空与两处结构简式书写空（2，2，3-三甲基戊烷、2，4-二甲基-3-乙基庚烷）；mech=unmatched，node 为空。,命名与写结构简式的练习残片，答案全为空，无知识陈述。,
dir_batch_034.csv#2771,CHEMISTRY,按要求填空：,REJECT,name 为题干“按要求填空：”，definition 为 (1)—(5) 五处系统命名或写结构简式的空；mech=unmatched，node 为空。,填空练习残片，答案全为空，无知识陈述。,
dir_batch_034.csv#2775,CHEMISTRY,下列实验中，所采取的分离或提纯方法与对应原理都正确的是(    ),REJECT,name 为选择题题干“下列实验中，所采取的分离或提纯方法与对应原理都正确的是(    )”，definition 为相对分子质量 70 的烃、碳氢原子个数比 1∶4、质谱与元素分析求 X 的分子式与结构简式等综合填空；mech=unmatched，node 为空。,题干与填空残片混合，跨分离提纯与有机物结构确定多个话题，无单一知识主线。,
dir_batch_034.csv#2779,CHEMISTRY,下列有机物分子中所有原子一定在同一平面内的是(    ),REJECT,name 为选择题题干“下列有机物分子中所有原子一定在同一平面内的是(    )”，definition 为另一道苊烯选择题的题干；mech=unmatched，node 为空。,两段选择题题干残片，选项与结构均缺失，无知识陈述。,
dir_batch_034.csv#2783,CHEMISTRY,(1)按要求完成下列填空：,REJECT,name 为题干“(1)按要求完成下列填空：”，definition 为①—⑩ 物质对清单（H 与 D、O2 与 O3、正戊烷与环戊烷等）与同素异形体、同位素、同种物质、同系物四类填空；mech=unmatched，node 为空。,概念辨析的填空残片，各问答案全为空，属练习残片。,
dir_batch_034.csv#2784,CHEMISTRY,(1)下列物质中属于乙烯的同系物的是________(填序号，下同)。,REJECT,name 为题干“(1)下列物质中属于乙烯的同系物的是________(填序号，下同)。”，definition 为乙烯与乙醇同系物的选择、碳架异构与官能团位置异构、官能团类别异构的判断填空；mech=unmatched，node 为空。,概念判断题干与填空残片，各问答案全为空，无知识陈述。,
dir_batch_034.csv#2786,CHEMISTRY,(1) 中含氧官能团名称是________。,REJECT,name 为题干“(1) 中含氧官能团名称是________。”，definition 为 (2)—(5) 及心酮胺等含氧官能团名称的填空（多处有机物结构缺失）；mech=unmatched，node 为空。,官能团命名填空残片，待判结构缺失且答案全为空，无知识陈述。,
dir_batch_034.csv#2790,CHEMISTRY,用系统命名法给下列有机物命名,REJECT,name 为题干“用系统命名法给下列有机物命名”，definition 为 (1)—(8) 命名填空（含 CH2===CHCH2Cl、C4H9Cl 的氢谱、丙烯酸钠聚合物树脂等）；mech=unmatched，node 为空。,命名填空残片，多处结构与答案缺失，无知识陈述。,
dir_batch_034.csv#2791,CHEMISTRY,写出下列有机物的名称。,REJECT,name 为题干“写出下列有机物的名称。”，definition 为 (1)—(8) 共八处名称空（含 CH2==CHCH2Cl、CH3OCH3 等）；mech=unmatched，node 为空。,命名填空残片，答案全为空，无知识陈述。,
dir_batch_034.csv#2793,CHEMISTRY,下列关于有机物的分离、提纯方法，正确的是(　　),REJECT,name 为选择题题干“下列关于有机物的分离、提纯方法，正确的是(　　)”，definition 为另一道“除杂试剂与主要分离方法都正确的是(　　)”选择题的题干；mech=unmatched，node 为空。,选择题题干残片，选项缺失，无知识陈述。,
dir_batch_034.csv#2795,CHEMISTRY,下列说法正确的是(　　),REJECT,name 为选择题题干“下列说法正确的是(　　)”，definition 为谱图推断题题干（已知某有机物 A 的红外光谱图、核磁共振氢谱图和质谱图如图所示，说法错误的是），图与选项均缺失；mech=unmatched，node 为空。,选择题题干残片，谱图与选项均缺失，无知识陈述。,
dir_batch_035.csv#2803,CHEMISTRY,某有机物结构为，回答下列问题。,REJECT,name 是“某有机物结构为，回答下列问题。”，definition 为最多有　个碳原子在同一条直线上、最多有　个碳原子在同一平面上等填空；mech=unmatched，node 为空。,题干残片，只留下“回答下列问题”与三个含下划线的填空小问，没有可入库的知识陈述。,
dir_batch_035.csv#2804,CHEMISTRY,碳酸亚乙烯酯是锂离子电池低温电解液的重要添加剂，其分子结构如图。,REJECT,name 与 definition 含“σ键和π键之比为______________”“有________个原子共面”“最多有_____个碳原子在同一平面内”等下划线空；mech=unmatched。,题干残片，以碳酸亚乙烯酯的分子结构图设问 σ 键与 π 键之比和共面原子数，属练习设问。,
dir_batch_035.csv#2805,CHEMISTRY,有多种同分异构体，同时满足下列条件的同分异构体有_____种(不考虑立体异构)。,REJECT,definition 为①苯环上有2个取代基、②能够发生银镜反应、③与FeCl3溶液发生显色反应等条件与“有_____种”“结构简式为_____”填空；mech=unmatched。,题干残片，为限定条件下同分异构体数目与核磁共振氢谱的练习设问。,
dir_batch_035.csv#2806,CHEMISTRY,在E()的同分异构体中，同时满足下列条件的总数为_____种。,REJECT,definition 含“总数为_____种”“结构简式为____”“写出分子式为C7H6O2的含有苯环的所有同分异构体的结构简式”“(2025·云南卷)”等高考题设问；mech=unmatched。,题干残片，拼合了多道同分异构体书写题的条件清单与填空。,
dir_batch_035.csv#2809,CHEMISTRY,(1)写出分子式为C5H12的烷烃的结构简式：,REJECT,name 为设问句“(1)写出分子式为C5H12的烷烃的结构简式：”，definition 仅“写出所有分子式为C4H8的烃的结构简式：”一句；mech=unmatched，node 为空。,题干残片，只有书写要求与结构简式填空。,
dir_batch_035.csv#2810,CHEMISTRY,完成下列方程式。,REJECT,name 为“完成下列方程式。”，definition 为两处化学方程式填空；mech=unmatched，node 为空。,题干残片，仅有顺式与反式聚合物合成的方程式书写要求与长下划线空。,
dir_batch_035.csv#2815,CHEMISTRY,某烷烃的结构简式为。,REJECT,definition 为“用系统命名法命名该烃”“原烯烃的结构有_____种”“原炔烃的结构有_____种”等填空；mech=unmatched。,题干残片，结构简式丢失后只剩命名、加氢原料来源与一氯代烷数目的设问。,
dir_batch_035.csv#2816,CHEMISTRY,按要求填写下列空白：,REJECT,definition 为“①CH3CH===CH2＋______―→，反应类型：____________”等填空串；mech=unmatched。,题干残片，五组反应试剂与反应类型的填空，结构式丢失后无法形成完整知识陈述。,
dir_batch_035.csv#2817,CHEMISTRY,按要求完成下列问题：,REJECT,definition 含大量下划线空与“________”；mech=unmatched。,题干残片，为相对分子质量、命名、耗氧量与加成产物的综合填空练习。,
dir_batch_035.csv#2818,CHEMISTRY,有机物的结构可用键线式表示，如：,REJECT,definition 为“的分子式为__________”“写出三个丙炔分子反应生成的芳香烃分子的键线式”等设问；mech=unmatched。,题干残片，句首的键线式说明只是练习引子，其余为结构式丢失后的填空。,
dir_batch_035.csv#2822,CHEMISTRY,下列叙述正确的是(　　),REJECT,name 为选择题题干“下列叙述正确的是(　　)”，definition 为装置题的(1)—(4)填空；mech=unmatched。,题干残片，实为苯与溴取代反应的实验装置综合题，尾部还残留“04苯的同系物 芳香烃”栏目名。,
dir_batch_035.csv#2826,CHEMISTRY,有下列物质：,REJECT,definition 为“①乙苯　②环己烯　③苯乙烯　④对二甲苯　⑤叔丁基苯”与“能使酸性高锰酸钾溶液褪色的是______”等填空；mech=unmatched。,题干残片，物质清单与褪色、同系物、氧化产物四个设问组成的练习题。,
dir_batch_035.csv#2830,CHEMISTRY,如图所示是实验室干馏煤的装置图，回答下列问题：,REJECT,definition 为“写出图中仪器名称：a____，d____”“e处点燃的气体主要成分有________”等填空；mech=unmatched。,题干残片，装置图丢失后仅剩仪器名称与产物现象的填空。,
dir_batch_035.csv#2832,CHEMISTRY,石油裂解是一个复杂的过程，其产物为混合物。例如：,REJECT,definition 为“下列说法不正确的是(    )”“1 mol某气态烃能与2 mol HCl加成……则该气态烃为(　　)”；mech=unmatched。,题干残片，引子句后接化学式丢失的选项题与计算设问。,
dir_batch_035.csv#2834,CHEMISTRY,下列有关芳香烃的叙述不正确的是(   ),REJECT,name 与 definition 为选择题题干与 A—D 选项，并接“对氨基苯甲酸可用甲苯为原料合成”的合成题设问；mech=unmatched。,题干残片，选项涉及苯的硝化、甲苯光照氯代、乙苯氧化与苯乙烯加氢，属练习设问。,
dir_batch_035.csv#2835,CHEMISTRY,一种生产聚苯乙烯的流程如图：,REJECT,definition 为“A. 苯乙烯与苯互为同系物”“C. 反应①的反应类型是取代反应”等选项与判断；mech=unmatched。,题干残片，流程题设问，四个选项均依附于丢失的流程图。,
dir_batch_035.csv#2837,CHEMISTRY,实验室制备溴苯的反应装置如图所示，下列关于实验操作或叙述错误的是(    ),REJECT,name 为“下列关于实验操作或叙述错误的是(    )”，definition 接硝基苯制备原理与“下列说法不正确的是(　　)”；mech=unmatched。,题干残片，装置题设问并混入了硝基苯制备的温度条件题干。,
dir_batch_035.csv#2841,CHEMISTRY,金刚烷是一种重要的化工原料，工业上以A(环戊二烯)为原料经下列途径制备：,REJECT,definition 含“所用的起始原料可以是________”“最多有________个原子共平面”“E的结构简式为__________”等填空；mech=unmatched。,题干残片，以金刚烷制备途径为背景的 Diels-Alder 反应综合题，含(1)—(4)填空。,
dir_batch_035.csv#2842,CHEMISTRY,月桂烯()是重要的化工原料，广泛用于香料行业。,REJECT,definition 为“A的名称是”“B中官能团的名称为”“乙酸香叶酯的化学式为”等填空；mech=unmatched。,题干残片，结构式丢失后仅剩命名与流程设问。,
dir_batch_035.csv#2848,CHEMISTRY,为了测定某卤代烃分子中所含有的卤素原子种类，可按下列步骤进行实验：,REJECT,definition 为①—④操作步骤与“正确操作顺序为(　　)”；mech=unmatched。,题干残片，卤素原子检验的操作排序题，只有步骤清单与选项。,
dir_batch_035.csv#2849,CHEMISTRY,有以下物质：①CH3Cl　②CH2Cl—CH2Cl  ③  ④  ⑤  ⑥,REJECT,definition 为“能发生水解反应的有_______________(填序号)”等填空，物质的结构式已丢失；mech=unmatched。,题干残片，物质清单与水解、消去、生成炔烃三个设问组成的练习题。,
dir_batch_035.csv#2854,CHEMISTRY,现有下列七种有机物：,REJECT,definition 为“只生成一种烯烃的是________”“不能发生消去反应的是________”等填空；mech=unmatched。,题干残片，七种有机物的结构式丢失后只剩编号与消去产物设问。,
dir_batch_035.csv#2855,CHEMISTRY,(1)现有以下物质：① ②  ③  ④  ⑤,REJECT,definition 为“物质⑤能发生反应的反应类型有____”与①—⑥各步转化的化学方程式填空；mech=unmatched。,题干残片，物质编号与结构式丢失，只剩反应类型与方程式填空。,
dir_batch_035.csv#2858,CHEMISTRY,下列说法正确的是(　　),REJECT,name 与 definition 均为选择题设问，含“下列各项事实不能说明上述观点的是(    )”；mech=unmatched。,题干残片，以原子间或原子与原子团间相互影响为角度的选择题与判断题题干。,
dir_batch_035.csv#2864,CHEMISTRY,丙酮()是最简单的酮，常用作有机溶剂。关于丙酮的说法正确的是(    ),REJECT,definition 含“未见砖红色沉淀，实验失败的主要原因是”“检验A中官能团的试剂和顺序正确的是”等；mech=unmatched。,题干残片，引子句后接丙酮选择题与银镜反应失败原因、官能团检验顺序等彼此无关的设问。,
dir_batch_035.csv#2867,CHEMISTRY,已知乙酸的结构如图所示：,REJECT,name 与 definition 均为“关于乙酸在各种反应中断裂化学键的判断正确的是(   )”；mech=unmatched。,题干残片，仅有一句关于乙酸断键判断的设问。,
dir_batch_035.csv#2868,CHEMISTRY,按要求书写酯化反应的化学方程式。,REJECT,definition 为“一元羧酸与多元醇……酯化”“生成环酯”“生成高聚酯”等方程式填空；mech=unmatched。,题干残片，四类酯化反应的方程式书写要求与长下划线空。,
dir_batch_035.csv#2869,CHEMISTRY,(1)写出以乙醇为原料制备的化学方程式(无机试剂任选)并注明反应类型。,REJECT,definition 为“①________，________。②________，________。”等重复填空；mech=unmatched。,题干残片，目标产物结构式丢失，仅剩六步方程式与反应类型填空。,
dir_batch_035.csv#2870,CHEMISTRY,已知某有机物的结构简式为。请回答下列问题：,REJECT,definition 为“当和____________反应时，可转化为。”等三处填空；mech=unmatched。,题干残片，结构式丢失，只剩试剂选择与转化的填空。,
dir_batch_035.csv#2874,CHEMISTRY,下列说法中正确的是(　　),REJECT,name 与 definition 均为选择题设问，含“发生反应时断键的位置是(　　)”；mech=unmatched。,题干残片，实为阿司匹林断键位置的选择题设问。,
dir_batch_036.csv#2880,CHEMISTRY,某化妆品的组成Z具有美白功效，可用如图反应制备。下列叙述不正确的是(　　),REJECT,name 为选择题题干，definition 仅剩反应式占位符（＋ ―→）与另一题题干（异鼠李素结构简式题），mech=unmatched、node 为空。,题干残片，结构式与选项均已剥离，无可入库知识内容。,
dir_batch_036.csv#2882,CHEMISTRY,有机物A是一种重要的化工原料，其结构简式如图所示。,REJECT,name 为题干首句（有机物A的结构简式如图所示），definition 为两道选择题题干（有机物A的说法、香叶醛与对异丙基甲苯），结构式缺失。,题干残片，条目不含独立知识陈述。,
dir_batch_036.csv#2884,CHEMISTRY,一种活性物质的结构简式为，下列有关该物质的叙述正确的是(    ),REJECT,name 为选择题题干（一种活性物质的结构简式为），definition 为分枝酸结构题题干，结构式缺失，mech=unmatched、node 为空。,题干残片。,
dir_batch_036.csv#2886,CHEMISTRY,苯甲酸异丙酯为无色油状液体，留香时间长，常用于香精，制备反应为,REJECT,name 为苯甲酸异丙酯制备的题干，definition 为酯制备探究题的题干与选项残句，制备反应式与装置图缺失。,题干残片。,
dir_batch_036.csv#2888,CHEMISTRY,一种2-甲基色酮内酯(Y)可通过下列反应合成：,REJECT,name 为一种 2-甲基色酮内酯的合成题干，definition 只有“下列说法正确的是(    )”，mech=unmatched、node 为空。,题干残片，无可入库知识。,
dir_batch_036.csv#2896,CHEMISTRY,利用已有知识并结合已知信息，完成下列转化，写出转化的路线图。,REJECT,name 为合成路线练习指令，definition 为以 CH3CH2CH2Cl 与溴乙烷为原料的转化路线题及题给已知信息。,练习题干，属合成路线设计任务而非考点。,
dir_batch_036.csv#2897,CHEMISTRY,利用已有知识，完成下列转化，写出转化的路线图。,REJECT,name 为合成路线练习指令，definition 为三条以原料制备产物的空缺路线，原料与产物结构式缺失。,练习题干，无知识陈述。,
dir_batch_036.csv#2898,CHEMISTRY,惕各酸及其酯类在香精配方中有广泛用途。,REJECT,name 为惕各酸与香叶醇用途的引入句，definition 为合成推断大题，含分子式、官能团、反应类型、同分异构体等多处填空。,综合题题干与填空，非考点名。,
dir_batch_036.csv#2900,CHEMISTRY,已知两个醛分子在NaOH溶液作用下可以发生加成反应，生成一种羟基醛：,REJECT,name 为羟醛缩合信息的引出句，definition 为肉桂醛合成大题与光刻胶合成路线填空；所述羟醛缩合已由 ext-che-e05314cc33-025、wusan-chem-x3c3-aldehyde-ketone-synthesis 覆盖。,题干残片，删除该候选不丢知识。,
dir_batch_036.csv#2903,CHEMISTRY,1 mol某醛和足量的银氨溶液反应，析出432 g Ag，则该醛不可能为(　　),REJECT,name 与 definition 均为醛与银氨溶液的计算题（析出 432 g Ag、混合物组成推断），mech=unmatched、node 为空。,计算题题干，无知识陈述。,
dir_batch_036.csv#2907,CHEMISTRY,为了检验淀粉水解产物，某学生设计了如下实验方案：,REJECT,name 与 definition 为淀粉水解产物检验的实验方案填空；该流程已由 wusan-chem-x3c4-starch-hydrolysis-degree、chem-hj-dianfen-shuijie-chengdu-panbie 覆盖。,填空式实验方案残片，无独立知识内容。,
dir_batch_036.csv#2911,CHEMISTRY,下列是某蛋白质的结构片段：,REJECT,name 为“下列是某蛋白质的结构片段：”，definition 为水解产物氨基酸的结构简式、分子式与同分异构体计数填空。,题干与填空残片。,
dir_batch_036.csv#2912,CHEMISTRY,核酸是生命的基础物质，是病毒的“身份证”。下列关于核酸的叙述正确的是(　　),REJECT,name 为核酸的科普式题干，definition 为 DNA 结构片段的选择题题干，结构图缺失。,题干残片。,
dir_batch_036.csv#2916,CHEMISTRY,按要求书写下列反应的化学方程式并指出反应类型。,REJECT,name 为书写方程式并指出反应类型的指令，definition 为苯乙烯、2-氯-1，3-丁二烯、涤纶合成的方程式填空。,练习题干，方程式填写不构成知识条目。,
dir_batch_036.csv#2917,CHEMISTRY,(1)聚苯乙烯的结构简式为，试回答下列问题：,REJECT,name 为聚苯乙烯结构题的题干，definition 为链节、单体、聚合度与线型热塑性的填空。,题干与填空残片。,
dir_batch_036.csv#2919,CHEMISTRY,某学生设计如下实验方案用于检验淀粉水解的情况：,REJECT,name 为检验淀粉水解情况的实验方案题干，definition 为结论选择与纤维素水解检验的选择题题干。,题干残片。,
dir_batch_036.csv#2920,CHEMISTRY,半乳糖在水中可发生如下转化，下列关于半乳糖的说法错误的是(    ),REJECT,name 为半乳糖转化的选择题题干，definition 为葡萄糖链状与环状结构平衡的选择题题干，结构式缺失。,题干残片。,
dir_batch_036.csv#2922,CHEMISTRY,甘氨酸(H2NCH2COOH)是最简单的氨基酸。下列说法不正确的是(    ),REJECT,name 为甘氨酸的选择题题干，definition 为劣质奶粉、嫘祖碑文、瑞巴派特三题题干串联。,题干残片。,
dir_batch_036.csv#2924,CHEMISTRY,高分子材料在疫情防控和新冠肺炎治疗中起到了重要的作用。下列说法正确的是(    ),REJECT,name 为高分子材料与疫情防控的选择题题干，definition 为冬奥会吉祥物材料与四氯乙烯、聚四氟乙烯两题题干。,题干残片。,
dir_batch_036.csv#2929,CHEMISTRY,下列合成高分子化合物的反应及类型均正确的是(    ),REJECT,name 为合成高分子反应及类型的选择题题干，definition 含缩聚反应残句与锦纶、涤纶单体填空。,题干与填空残片。,
dir_batch_036.csv#2930,CHEMISTRY,4-溴甲基-1-环己烯的一种合成路线如下：,REJECT,name 为该合成路线题的题干，definition 仅“下列说法正确的是(    )”，样本材料只有 ext-che-d3a055d224-001（有机合成路线的设计思路）。,题干残片，条目本身不含可入库知识。,
dir_batch_036.csv#2931,CHEMISTRY,(1)根据的结构特征，预测其可能的化学性质。,REJECT,name 为根据结构特征预测可能化学性质的题干（结构式已剥离），definition 为（2）（3）两条同型题干；包内节点 1-根据的结构特征-预测其可能的化学性质 的 ext-che-b32088729d-001 已覆盖其知识。,题干残片，删除该候选不丢知识。,
dir_batch_036.csv#2935,CHEMISTRY,以溴乙烷为原料制备1，2-二溴乙烷，下列方案中最合理的是(　　),REJECT,name 为制备 1，2-二溴乙烷的方案选择题题干，definition 为官能团消除与增加的选择题与 CH3CH2C≡CH 残句。,题干残片。,
dir_batch_036.csv#2936,CHEMISTRY,已知：,REJECT,name 仅“已知：”，definition 为参照合成路线设计制备路线的题干。,题干残片，名称不构成考点。,
dir_batch_036.csv#2937,CHEMISTRY,有机物G()是一种调香香精，也可用作抗氧化剂，工业合成路线之一如下：,REJECT,name 为有机物G用途与合成路线的题干，definition 为路线图残片与由A制备路线的设计任务。,题干残片。,
dir_batch_036.csv#2938,CHEMISTRY,一种药物中间体(H)的合成路线如下：,REJECT,name 为合成路线题干（冒号结尾），definition 为题干中的已知信息与设计合成路线的任务；node 命中的同名节点 一种药物中间体-h-的合成路线如下 仅有材料 ext-che-d3a055d224-007（由反应条件判断反应类型）。,题干残片，名称不是考点名。,
dir_batch_036.csv#2942,CHEMISTRY,化合物G可用于药用多肽的结构修饰，其人工合成路线如下：,REJECT,name 为化合物G的合成路线题干，definition 为杂化轨道类型、反应类型、同分异构体与结构简式填空。,题干与填空残片。,
dir_batch_036.csv#2943,CHEMISTRY,黄酮哌酯是一种解痉药，可通过如下路线合成：,REJECT,name 为黄酮哌酯合成路线题干，definition 为反应类型、命名、鉴别试剂与结构简式填空。,题干与填空残片。,
dir_batch_036.csv#2946,CHEMISTRY,（2025·天津·一模）化合物Z是合成连翘酯苷类似物的重要中间体，其合成路线如下：,REJECT,name 为（2025·天津·一模）连翘酯苷类似物中间体的合成路线题干，definition 仅“下列说法不正确的是”。,题干残片。,
dir_batch_036.csv#2947,CHEMISTRY,(1)根据的结构特征，预测其可能的化学性质。,REJECT,name 与 definition 均为根据结构特征预测可能化学性质的题干（结构式已剥离），与 idx 2931 重复。,题干残片（与 2931 重复）。,
dir_batch_036.csv#2948,CHEMISTRY,甲基丁香酚G()可用作食用香精，某小组设计的制备甲基丁香酚的流程如下：,REJECT,name 为甲基丁香酚制备流程题干，definition 为已知信息与官能团、反应类型、方程式填空。,题干与填空残片。,
dir_batch_036.csv#2950,CHEMISTRY,已知：①环己烯可以通过1，3-丁二烯与乙烯发生环化加成反应得到：,REJECT,name 为 1，3-丁二烯环化加成的信息引出句，definition 为以 1，3-丁二烯合成甲基环己烷的填空；双烯合成已由 chem-ring-forming-methods、ext-che-4dd2e79693-121b 覆盖。,题干残片，删除该候选不丢知识。,
dir_batch_036.csv#2952,CHEMISTRY,一种药物中间体(H)的合成路线如下：,REJECT,name 为合成路线题干，definition 为多题题干与 4-戊烯酸、DSD 酸的合成设计任务。,题干残片。,
dir_batch_036.csv#2953,CHEMISTRY,一种药物中间体(H)的合成路线如下：,REJECT,name 为合成路线题干，definition 为已知信息与设计合成路线任务，与 idx 2938 重复。,题干残片。,
dir_batch_036.csv#2957,CHEMISTRY,在B()的同分异构体中，同时满足下列条件的共有____种(不考虑立体异构)，,REJECT,name 与 definition 为同分异构体数目与核磁共振氢谱的填空（含手性碳、三个甲基、苯环），B 的结构式缺失。,填空残片。,
dir_batch_037.csv#2960,CHEMISTRY,高聚物G是一种合成纤维，由A与E为原料制备J和G的一种合成路线如下：,REJECT,mech=unmatched 且 node 为空；name 为合成路线题导语，definition 为已知条件与 (1)-(6) 设问并含多处下划线空，未形成任何独立知识陈述。,有机合成推断习题题干与设问残片，属练习残片，无可入库知识陈述。,
dir_batch_037.csv#2961,CHEMISTRY,（2025·湖北卷）化合物G是某药物的关键原料，合成路线如下：,REJECT,mech=unmatched 且 node 为空；definition 为 2025 湖北卷与河北卷拼接的设问串 (1)-(6)，含填空与结构简式空。,真题题干残片且多卷拼接，无独立知识陈述。,
dir_batch_037.csv#2962,CHEMISTRY,（2025·北京卷）一种受体拮抗剂中间体P合成路线如下。,REJECT,mech=unmatched 且 node 为空；definition 为 2025 北京卷设问 (1)-(5)，含官能团、化学方程式与氨基保护空。,真题题干残片，属练习设问。,
dir_batch_037.csv#2965,CHEMISTRY,02×1022个Na＋的物质的量为          　。,REJECT,name 为 02×1022 个 Na＋ 的物质的量为填空的残片（题号被剥离），definition 为关系式填空 n＝。,名称含未填空白且不构成考点名，属填空题干残片。,
dir_batch_037.csv#2976,CHEMISTRY,判断下列实验过程是否正确。,REJECT,definition 为 (1)-(5) 配制溶液操作的判断句并标有对错符号，mech=unmatched 且 node 为空。,判断题组残片，未形成可入库的独立知识陈述。,
dir_batch_037.csv#2983,CHEMISTRY,计算下列小题中所含微粒数目：,REJECT,definition 为 (1)-(10) 微粒数目计算填空（含微粒数与 NA 比较空），mech=unmatched 且 node 为空。,计算填空练习残片，无知识陈述。,
dir_batch_037.csv#2984,CHEMISTRY,判断正误，正确的打“√”，错误的打“×”。,REJECT,definition 为 (1)-(10) 关于气体摩尔体积与 22.4 L 每摩的判断句，mech=unmatched 且 node 为空。,判断题组残片，属练习残片。,
dir_batch_037.csv#2988,CHEMISTRY,从溶液改变角度分析产生的误差(用“偏大”“偏小”或“无影响”填空)。,REJECT,definition 为 5 项配制误差填空并注明用偏大偏小或无影响作答，mech=unmatched 且 node 为空。,填空题干残片，只有待判断的空白。,
dir_batch_037.csv#2989,CHEMISTRY,从溶质改变角度分析产生的误差(用“偏大”“偏小”或“无影响”填空)。,REJECT,definition 为 7 项由溶质改变引起误差的填空，mech=unmatched 且 node 为空。,填空题干残片，只有空白与设问。,
dir_batch_037.csv#2994,CHEMISTRY,设为阿伏加德罗常数的值。下列说法正确的是,REJECT,definition 为另一题第 4 小题的题干残句与残缺方程式（甲醛还原铜氨配离子），mech=unmatched 且 node 为空。,选择题干与选项残片，无法成义。,
dir_batch_037.csv#2998,CHEMISTRY,物质的量是高中化学常用的物理量，请完成以下有关计算(设NA为阿伏加德罗常数的值)：,REJECT,definition 为 (1)-(3) 微粒数与共价键计算填空，mech=unmatched 且 node 为空。,计算题题干残片。,
dir_batch_037.csv#3000,CHEMISTRY,下列有关的叙述正确的是       。,REJECT,definition 仅剩选项 E、F、G 三条残句（离子数目与浓度判断），mech=unmatched 且 node 为空。,选择题选项残片，无知识主线。,
dir_batch_037.csv#3001,CHEMISTRY,在化学研究中，物质的量浓度是使用最广泛的一种表示溶液浓度的方法。,REJECT,name 为章节导语句，definition 为两问填空且题中数值与物质均缺失（将标准状况下的溶于水中），mech=unmatched（包内同句所在节点已改名为 在化学研究中）。,填空题干残片且内容缺失，无法成义。,
dir_batch_037.csv#3002,CHEMISTRY,物质的量是高中化学常用的物理量，请完成以下有关计算：,REJECT,definition 为 (1)-(7) 物质的量与浓度计算填空，mech=unmatched（包内对应节点名为 以物质的量为中心的计算）。,计算题题干残片，属练习残片。,
dir_batch_037.csv#3011,CHEMISTRY,根据元素周期律比较下列各组性质(用“>”或“<”填空)：,REJECT,definition 为 (1)-(6) 用大于或小于填空的金属性与非金属性比较题，mech=unmatched 且 node 为空。,填空题干残片。,
dir_batch_037.csv#3012,CHEMISTRY,下列事实不能说明元素的金属性或非金属性相对强弱的是(　　),REJECT,name 为选择题题干，definition 为某短周期元素各级电离能数据表与另一题选项，mech=unmatched 且 node 为空。,选择题干与数据表残片，无知识陈述。,
dir_batch_037.csv#3013,CHEMISTRY,根据信息回答下列问题：,REJECT,name 为根据信息回答下列问题这一通用设问导语；definition 首句为电负性差值 1.7 的判据（该知识点已由 ext-che-b0216673fb-016、ext-che-e8fbafa6a3-009 覆盖），其余为四问与推测练习。,通用题干加练习设问，知识点已在包内，本条目无新增可入库内容。,
dir_batch_037.csv#3018,CHEMISTRY,确定下列指定元素的原子序数,REJECT,definition 为 (1)-(4) 原子序数关系填空加第 2、3、4 题题干，mech=unmatched 且 node 为空。,题干与填空残片，属练习残片。,
dir_batch_037.csv#3020,CHEMISTRY,比较下列微粒半径的大小(用“＞”或“＜”填空)：,REJECT,definition 为 (1)-(6) 用大于或小于填空的微粒半径比较题，mech=unmatched 且 node 为空。,填空题干残片。,
dir_batch_037.csv#3023,CHEMISTRY,C、O、Na、Al、Si、S、Cl是常见的几种元素。请回答下列问题。,REJECT,definition 为 (1)-(4) 问并含实验装置与化学方程式书写空，跨同位素、氢化物稳定性与装置验证多个话题；mech=unmatched 且 node 为空。,题干与填空残片，无单一知识主线。,
dir_batch_037.csv#3035,CHEMISTRY,判断正误，正确的打“√”，错误的打“×”。,REJECT,definition 为 (1)-(12) 关于强弱电解质与电离平衡的判断题句串，mech=unmatched 且 node 为空。,判断题组残片，未形成独立知识陈述。,
dir_batch_037.csv#3036,CHEMISTRY,下列电离方程式中，正确的是,REJECT,definition 为第 5、6 两题的题干与空（稀释图像与氨水稀释比值），mech=unmatched 且 node 为空。,题干残片，属练习残片。,
dir_batch_037.csv#3039,CHEMISTRY,判断正误，正确的打“√”，错误的打“×”。,REJECT,definition 为 (1)-(12) 关于电离常数与电离度的判断题句串，mech=unmatched 且 node 为空。,判断题组残片，未形成独立知识陈述。,
dir_batch_038.csv#3040,CHEMISTRY,分别测定不同浓度溶液、溶液和溶液的电导率数值，测定结果的数据处理如下表。,REJECT,definition 关键词：已知：代表溶液的电导率数值；其他条件相同时，电导率越大，溶液导电性越好。下列说法不正确的是；3．乳酸是一种重要的化工（条目为配套练习或题干残片，无自包含的知识陈述）,条目名为残缺的表标题，definition 由电导率测定的题干预设（已知代表溶液的电导率数值、下列说法不正确的是）与两道选择题题干拼接而成，无可自包含的知识陈述，属题干残片。,
dir_batch_038.csv#3041,CHEMISTRY,部分弱酸的电离常数如下表：,REJECT,definition 关键词：按要求回答下列问题：；（1）HCOOH、H2S、H2CO3、HClO的酸性由强到弱的顺序为 。；（2）同浓度的HCO（条目为配套练习或题干残片，无自包含的知识陈述）,条目为“部分弱酸的电离常数如下表”的表标题，definition 为其配套填空题干（酸性强弱顺序、结合H＋能力顺序、离子方程式、Kb计算均留空且未给答案），属填空题干。,
dir_batch_038.csv#3045,CHEMISTRY,判断正误，正确的打“√”，错误的打“×”。,REJECT,definition 关键词：（1）pH＝12的氨水溶液，稀释10倍后pH＝11。（ ）；（2）等浓度的醋酸和盐酸与Zn反应时生成H2的速率：醋酸（条目为配套练习或题干残片，无自包含的知识陈述）,definition 为判断正误题串（关于氨水稀释、醋酸与盐酸比较、中和热、加水稀释等的 13 条打√打×），属练习残片，未形成可入库的独立知识陈述。,
dir_batch_038.csv#3046,CHEMISTRY,(1)在一定温度下，有a.盐酸b.硫酸c.醋酸三种酸：,REJECT,definition 关键词：①当三种酸物质的量浓度相同时，c（H＋）由大到小的顺序是 （用字母表示，下同）。；②同体积、同物质的量浓度的三种酸，（条目为配套练习或题干残片，无自包含的知识陈述）,definition 为“三种酸（盐酸、硫酸、醋酸）比较”的填空题串（①c(H＋)顺序至⑥消耗NaOH体积均留空且未给答案），属填空题干。,
dir_batch_038.csv#3049,CHEMISTRY,常温下，几种弱酸的电离平衡常数如下表所示：,REJECT,definition 关键词：已知：。；下列说法正确的是（条目为配套练习或题干残片，无自包含的知识陈述）,条目为表标题（常温下几种弱酸的电离平衡常数如下表），definition 只有“已知：。下列说法正确的是”的题干残片，无知识陈述。,
dir_batch_038.csv#3051,CHEMISTRY,下列关于电离常数的说法正确的是,REJECT,definition 关键词：3．常温下，在pH＝5的HA溶液中存在电离平衡：HAA－＋H＋，对于该平衡，下列叙述正确的是（条目为配套练习或题干残片，无自包含的知识陈述）,definition 为选择题题干残片（关于电离常数的说法、pH＝5 的 HA 溶液中的电离平衡），未给出选项与结论，无知识陈述。,
dir_batch_038.csv#3053,CHEMISTRY,下列酸碱溶液恰好完全中和，如图所示，则下列叙述正确的是(　　),REJECT,definition 关键词：3．在相同温度时100mL 0.01mol/L的醋酸溶液与10mL 0.1mol/L的醋酸溶液相比较，下列数值前者大（条目为配套练习或题干残片，无自包含的知识陈述）,definition 为选择题题干残片（相同温度下 100 mL 0.01 mol/L 与 10 mL 0.1 mol/L 醋酸溶液的比较），无选项与结论，无知识陈述。,
dir_batch_038.csv#3055,CHEMISTRY,常温下，下列事实不能说明NH3·H2O为弱电解质的是(　　),REJECT,definition 关键词：2．25℃，等体积pH均为4的HA溶液和HB溶液分别加水稀释时pH变化如图所示，下列说法正确的是（条目为配套练习或题干残片，无自包含的知识陈述）,definition 为选择题题干残片（不能说明 NH3·H2O 为弱电解质的事实、pH 均为 4 的 HA 与 HB 稀释图像），无选项与结论。,
dir_batch_038.csv#3057,CHEMISTRY,室温下，进行如下实验：,REJECT,definition 关键词：①向20mL0.1mol/L醋酸溶液中加入20mL0.1mol/LNaOH溶液；；②继续滴加amL0.1mol/L稀（条目为配套练习或题干残片，无自包含的知识陈述）,definition 为实验步骤与选择题题干残片（醋酸与 NaOH 等量混合后继续滴加稀盐酸至 pH＝7），只有操作情境与“下列说法不正确的是”，无知识陈述。,
dir_batch_038.csv#3058,CHEMISTRY,下表是几种弱酸常温下的电离平衡常数：,REJECT,definition 关键词：则下列说法中不正确的是（条目为配套练习或题干残片，无自包含的知识陈述）,条目为表标题（几种弱酸常温下的电离平衡常数表），definition 只有“则下列说法中不正确的是”的题干残片。,
dir_batch_038.csv#3062,CHEMISTRY,判断正误，正确的打“√”，错误的打“×”。,REJECT,definition 关键词：（1）水的离子积即水的电离平衡常数。（ ）；（2）在表达式KW＝c（H＋）·c（OH－）中c（H＋）、c（OH－）一（条目为配套练习或题干残片，无自包含的知识陈述）,definition 为判断正误题串（关于水的离子积常数、水电离的 c(H＋)、加水稀释与温度影响的 12 条打√打×），属练习残片。,
dir_batch_038.csv#3066,CHEMISTRY,判断正误，正确的打“√”，错误的打“×”。,REJECT,definition 关键词：（1）常温下，pH＝3的CH3COOH溶液与pH＝11的NaOH溶液等体积混合，溶液pH＞7。（ ）；（2）25 ℃（条目为配套练习或题干残片，无自包含的知识陈述）,definition 为判断正误题串（混合溶液酸碱性、pH 与中性、pH 试纸读数等 12 条打√打×），属练习残片。,
dir_batch_038.csv#3067,CHEMISTRY,(1)判断下列溶液的酸碱性：用“酸性”“碱性”“中性”或“不确定”填空,REJECT,definition 关键词：①pH＜7的溶液 。；②pH＝7的溶液 。；③c（H＋）＝c（OH－）的溶液 。；④c（H＋）＝1×10－7 mol（条目为配套练习或题干残片，无自包含的知识陈述）,definition 为填空与简答题串（酸碱性填空、pH＝7 是否一定中性、pH 试纸使用注意等问答），未给出答案，属练习残片。,
dir_batch_038.csv#3075,CHEMISTRY,判断正误，正确的打“√”，错误的打“×”。,REJECT,definition 关键词：（1）盛放待测液的锥形瓶一定要润洗，否则产生实验误差。（ ）；（2）25 ℃时，用醋酸溶液滴定等浓度NaOH溶液到p（条目为配套练习或题干残片，无自包含的知识陈述）,definition 为判断正误题串（锥形瓶润洗、量取 KMnO4 的滴定管、读数误差、终点与恰好中和的区别等 14 条打√打×），属练习残片。,
dir_batch_038.csv#3076,CHEMISTRY,下列有关滴定操作的顺序正确的是(　　),REJECT,definition 关键词：①检查滴定管是否漏水 ②用蒸馏水洗涤玻璃仪器 ③用标准溶液润洗盛标准溶液的滴定管，用待测液润洗盛待测液的滴定管 ④装（条目为配套练习或题干残片，无自包含的知识陈述）,definition 为选择题题干残片（滴定操作顺序：查漏、洗涤、润洗、装液、取待测液），未给出选项，无知识陈述。,
dir_batch_038.csv#3081,CHEMISTRY,常温下，下列有关电解质溶液的说法正确的是,REJECT,definition 关键词：【（条目为配套练习或题干残片，无自包含的知识陈述）,条目为残句“常温下，下列有关电解质溶液的说法正确的是”，definition 仅有“【”符号，属题干残片。,
dir_batch_038.csv#3085,CHEMISTRY,常温下，用溶液滴定溶液过程中的变化如下图所示，下列说法错误的是,REJECT,definition 关键词：3．向盛有10 mL NaOH溶液的烧杯中逐滴滴加稀盐酸，下列图象能够体现溶液的pH变化情况的是；4．室温下，用0.（条目为配套练习或题干残片，无自包含的知识陈述）,definition 为题干残片（滴定过程图像选择题、NaOH 溶液滴加盐酸的图象判断、碱 BOH 的滴定曲线判断），无知识陈述。,
dir_batch_038.csv#3089,CHEMISTRY,室温时，关于1mL盐酸的说法不正确的是,REJECT,definition 关键词：4．下列关于常温下，体积均为10mL，pH均为4的HCl溶液a和CH3COOH溶液b的有关说法不正确的是（条目为配套练习或题干残片，无自包含的知识陈述）,definition 为选择题题干残片（关于 1 mL 盐酸的说法、体积均为 10 mL 且 pH 均为 4 的盐酸与醋酸比较），无选项与结论。,
dir_batch_038.csv#3092,CHEMISTRY,常温下，下列操作能抑制水的电离，并使溶液的pH小于7的是,REJECT,definition 关键词：4．常温下，纯水中存在电离平衡：。欲使水的电离平衡向正方向移动，并使增大，应加入的物质是（条目为配套练习或题干残片，无自包含的知识陈述）,definition 为选择题题干残片（能抑制水的电离并使溶液 pH 小于 7 的操作、纯水中加入某物质使电离平衡正移），无选项与结论。,
dir_batch_038.csv#3100,CHEMISTRY,判断正误，正确的打“√”，错误的打“×”。,REJECT,definition 关键词：（1）酸式盐溶液不一定呈酸性。（ ）；（2）离子能够发生水解的盐溶液一定呈酸性或碱性。（ ）；（3）CH3COONH（条目为配套练习或题干残片，无自包含的知识陈述）,definition 为判断正误题串（酸式盐酸碱性、水解盐溶液酸碱性、同浓度盐水解程度比较等 13 条打√打×），属练习残片。,
dir_batch_038.csv#3101,CHEMISTRY,按要求书写离子方程式：,REJECT,definition 关键词：①NaHS溶液呈碱性的原因 。；②实验室制备Fe（OH）3胶体 。；③NH4Cl溶于D2O中 。；④将NaHCO3溶（条目为配套练习或题干残片，无自包含的知识陈述）,definition 为“按要求书写离子方程式”的练习（NaHS 溶液显碱性原因、制备 Fe(OH)3 胶体、NH4Cl 溶于 D2O、NaHCO3 与 AlCl3 混合），只给情境未给答案，属练习残片。,
dir_batch_038.csv#3102,CHEMISTRY,简要回答：,REJECT,definition 关键词：（1）怎样用最简单的方法区别NaCl溶液、NH4Cl溶液和Na2CO3溶液？；（2）请用Na2CO3溶液和其他必要试（条目为配套练习或题干残片，无自包含的知识陈述）,definition 为“简要回答”的三个实验设计问答题（区别 NaCl、NH4Cl、Na2CO3 溶液、证明盐类水解吸热、证明 Na2CO3 溶液碱性由 CO 水解引起），未给答案，属练习残片。,
dir_batch_038.csv#3105,CHEMISTRY,判断正误，正确的打“√”，错误的打“×”。,REJECT,definition 关键词：（1）加热0.1 mol·L－1Na2CO3溶液，CO的水解程度和溶液的pH均增大。（ ）；（2）在滴有酚酞溶液的氨（条目为配套练习或题干残片，无自包含的知识陈述）,definition 为判断正误题串（加热 Na2CO3 溶液、AlCl3 溶液通 HCl、Fe2(SO4)3 溶液配制、明矾净水、NaHSO4 溶液显酸性等 12 条打√打×），属练习残片。,
dir_batch_038.csv#3111,CHEMISTRY,判断正误，正确的打“√”，错误的打“×”。,REJECT,definition 关键词：（1）弱酸H2A溶液中的所有离子浓度的大小顺序为c（HA－）＞c（H＋）＞c（A2－）＞c（OH－）。（ ）；（2）（条目为配套练习或题干残片，无自包含的知识陈述）,definition 为判断正误题串（H2A 与 K2A 溶液中离子浓度顺序、K2B 溶液的物料守恒式、NH4Cl 溶液的质子守恒式、HCN 与 NaCN 混合液等 5 条打√打×），属练习残片。,
dir_batch_038.csv#3112,CHEMISTRY,0.1 mol·L－1的Na2CO3溶液中各粒子浓度的关系：,REJECT,definition 关键词：①大小关系 。；②物料守恒 。；③电荷守恒 。；④质子守恒 。（条目为配套练习或题干残片，无自包含的知识陈述）,definition 为 0.1 mol/L Na2CO3 溶液四项关系（大小关系、物料守恒、电荷守恒、质子守恒）的填空题干，四条全部留空且未给答案。,
dir_batch_038.csv#3113,CHEMISTRY,0.1 mol·L－1的(NH4)2SO4溶液中各粒子浓度的关系：,REJECT,definition 关键词：①大小关系 。；②物料守恒 。；③电荷守恒 。；④质子守恒 。（条目为配套练习或题干残片，无自包含的知识陈述）,definition 为 0.1 mol/L (NH4)2SO4 溶液四项关系（大小关系、物料守恒、电荷守恒、质子守恒）的填空题干，四条全部留空且未给答案。,
dir_batch_038.csv#3114,CHEMISTRY,0.1 mol·L－1的NaHSO3溶液pH＜7，各离子浓度的关系：,REJECT,definition 关键词：①大小关系： 。；②物料守恒： 。；③电荷守恒： 。；④质子守恒： 。（条目为配套练习或题干残片，无自包含的知识陈述）,definition 为 0.1 mol/L NaHSO3 溶液（pH＜7）四项关系（大小关系、物料守恒、电荷守恒、质子守恒）的填空题干，四条全部留空且未给答案。,
dir_batch_038.csv#3119,CHEMISTRY,分别对稀溶液进行下列操作，一定可使增大的是,REJECT,definition 关键词：2．配制FeCl3溶液时，将FeCl3固体溶解在较浓的盐酸中，再加水稀释。下列说法正确的是；3．某小组同学为了验证和（条目为配套练习或题干残片，无自包含的知识陈述）,definition 为题干残片（FeCl3 固体溶于较浓盐酸再稀释的说法判断、验证某离子对 Mg 与水反应促进作用的对比实验），无知识陈述。,
dir_batch_039.csv#3121,CHEMISTRY,劳动创造美好生活。下列关于劳动项目的做法或对应化学知识的描述错误的是,REJECT,name 与 definition 关键词：劳动项目与化学知识对应关系,name 与 definition 均为劳动教育情境的选择题题干（下列劳动项目与所述化学知识均正确且有关联的是），只有设问无结论，属题干残片。,
dir_batch_039.csv#3126,CHEMISTRY,判断正误，正确的打“√”，错误的打“×”。,REJECT,name 与 definition 关键词：沉淀溶解平衡判断正误,definition 为沉淀溶解平衡专题的十二句判断正误题串，逐句留判断空并跨溶解平衡、Ksp、沉淀转化、钡餐等多个话题，无单一知识主线，属练习残片。,
dir_batch_039.csv#3129,CHEMISTRY,判断正误，正确的打“√”，错误的打“×”。,REJECT,name 与 definition 关键词：Ksp判断正误,definition 为 Ksp 相关九句判断正误题串，逐句留空且跨溶解度比较、沉淀完全、同离子效应等多个话题，属练习残片。,
dir_batch_039.csv#3130,CHEMISTRY,难溶电解质的Ksp数值越小，表明在水中的溶解能力就越弱，这种说法对吗？,REJECT,name 与 definition 关键词：难溶电解质的Ksp与溶解能力,name 为设问句而非考点名，definition 为三道 Ksp 计算题题干（等体积混合是否有沉淀生成、AgCl 开始沉淀时的离子浓度比、除去 Fe3＋ 与 Al3＋ 的 pH 条件）且多处下划线空白，属练习残片。,
dir_batch_039.csv#3133,CHEMISTRY,在饱和溶液中加入少量的溶液产生沉淀，若以Ksp表示的溶度积常数，则平衡后溶液中,REJECT,name 与 definition 关键词：BaSO4与Na2CO3溶液,definition 为计算题题干（把 BaSO4 放入 Na2CO3 溶液中求溶解的 n(BaSO4)），只有已知量与一个待填结果，属练习残片。,
dir_batch_039.csv#3134,CHEMISTRY,常温下，、。过量固体溶于水的pH随时间变化的关系如图所示。,REJECT,name 与 definition 关键词：pH随时间变化图像,name 为含缺失成分的图像题背景句，definition 仅 下列叙述错误的是 一句，属题干残片。,
dir_batch_039.csv#3137,CHEMISTRY,下列说法中，正确的是,REJECT,name 与 definition 关键词：CaCO3与PbCO3的Ksp,name 为通用选择题头，definition 为碳酸钙悬浊液溶解平衡的选择题残片，只有已知条件与设问，属练习残片。,
dir_batch_039.csv#3139,CHEMISTRY,黑色的水溶性很差。已知：平衡常数，。下列有关说法错误的是,REJECT,name 与 definition 关键词：CaSO4沉淀溶解平衡曲线,name 为背景句残片，definition 为 CaSO4 饱和溶液加水后离子浓度变化的计算题，题干与设问混排且结论缺失，属练习残片。,
dir_batch_039.csv#3141,CHEMISTRY,在不同温度下的沉淀溶解平衡曲线如图所示()。下列说法不正确的是,REJECT,name 与 definition 关键词：Ag2SO4饱和溶液稀释,definition 为 Ag2SO4 固体溶于水后加入溶液的浓度计算题题干（含 t1 时刻与浓度数据），只有已知量与设问，属练习残片。,
dir_batch_039.csv#3142,CHEMISTRY,25℃时，和的沉淀溶解平衡曲线如图(代表或)所示。下列说法不正确的是,REJECT,name 与 definition 关键词：PbSO4饱和溶液对数图像,definition 为 PbSO4 饱和溶液中负对数关系图像题题干，只给出已知与一个判断要求，属练习残片。,
dir_batch_039.csv#3147,CHEMISTRY,易错辨析。,REJECT,name 与 definition 关键词：热效应判断正误与键能计算,definition 为热效应专题的七句判断正误并附一道键能计算题，逐句留空且跨能量变化、吸放热条件、中和热测定等多个话题，属练习残片。,
dir_batch_039.csv#3148,CHEMISTRY,在一定温度下，利用催化剂将NH3分解为N2和H2。相关化学键的键能数据如下：,REJECT,name 与 definition 关键词：NH3分解键能计算,definition 为键能计算题的一个待填空（ΔH＝　kJ·mol－1），只有题头与数据表说明，属练习残片。,
dir_batch_039.csv#3149,CHEMISTRY,某反应的反应过程与能量关系如图所示：,REJECT,name 与 definition 关键词：反应过程与能量关系图,definition 为能量图像题的三问填空（ΔH 正负、催化剂对应过程、E1 的含义），答案全为空，属题干残片。,
dir_batch_039.csv#3150,CHEMISTRY,写出下列燃烧元素对应的稳定产物及状态,REJECT,name 与 definition 关键词：燃烧元素的稳定产物,name 与 definition 均为填空题干（写出燃烧元素对应的稳定产物及状态，四问答案全空）并附一道燃烧热计算题，属练习残片。,
dir_batch_039.csv#3151,CHEMISTRY,关于中和反应反应热的测定实验，请回答下列问题：,REJECT,name 与 definition 关键词：中和热测定实验问答,definition 为中和热测定实验的问答残片，三问围绕浓酸浓碱、弱酸弱碱、生成沉淀对测量值的影响且答案位全空，属练习残片。,
dir_batch_039.csv#3152,CHEMISTRY,定义,REJECT,name 与 definition 关键词：热化学方程式的定义,name 为栏目名 定义，不构成可命名的考点；definition 为热化学方程式定义的填空残片（表明…的化学方程式）并附被截断的表示意义示例，属栏目名加填空残片。,
dir_batch_039.csv#3154,CHEMISTRY,易错辨析。,REJECT,name 与 definition 关键词：热化学方程式正误辨析,definition 为热化学方程式正误的四句判断（ΔH 单位、中和热 ΔH 符号、硫燃烧热符号、可逆反应放热量），逐句留空，属练习残片。,
dir_batch_039.csv#3155,CHEMISTRY,请写出298 K、101 kPa时，下列反应的热化学方程式。,REJECT,name 与 definition 关键词：书写热化学方程式,definition 为热化学方程式书写题（氮气与氢气、氮气与氧气两问），只有待书写反应描述与空白，属练习残片。,
dir_batch_039.csv#3159,CHEMISTRY,易错辨析。,REJECT,name 与 definition 关键词：盖斯定律辨析,definition 为盖斯定律的三句判断正误（步骤多少与热量、1 g 与 1 mol、气态与液态的 ΔH 比较），逐句留空，属练习残片。,
dir_batch_039.csv#3160,CHEMISTRY,如图是通过热化学循环在较低温度下由水或硫化氢分解制备氢气的反应系统原理。,REJECT,name 与 definition 关键词：热化学循环制氢,definition 为热化学循环制氢的计算题题干且句子被截断（要填两个热化学方程式与制氢量比较），属练习残片。,
dir_batch_039.csv#3161,CHEMISTRY,依据图示关系，请回答：,REJECT,name 与 definition 关键词：依据图示关系回答,name 为提示语，definition 为图示关系问答题（石墨与 CO 燃烧放热比较、CuSO4·5H2O 溶解热效应），答案位全空，属练习残片。,
dir_batch_039.csv#3164,CHEMISTRY,已知：,REJECT,name 与 definition 关键词：键能与催化重整,definition 为键能计算题与二氧化碳重整填空题残片，多处下划线空白，属练习残片。,
dir_batch_039.csv#3166,CHEMISTRY,试比较下列各组ΔH的大小。,REJECT,name 与 definition 关键词：比较各组ΔH的大小,definition 为三组 ΔH 大小比较填空（生成物状态不同、反应物状态不同、有联系的不同反应），答案位全空，属练习残片。,
dir_batch_039.csv#3167,CHEMISTRY,根据以下热化学方程式，ΔH1和ΔH2的大小比较错误的是(　　),REJECT,name 与 definition 关键词：ΔH1和ΔH2大小比较,definition 为多组热化学方程式与结论罗列的选择题残片，只给待判断结论而无题干与选项，属练习残片。,
dir_batch_039.csv#3173,CHEMISTRY,正误判断，正确的打“√”，错误的打“×”,REJECT,name 与 definition 关键词：正误判断与作图填表,definition 为六句判断正误加画能量变化示意图与填偏大偏小表的练习残片，跨吸放热条件、ΔH 与可逆性、中和热测量等多个话题，无单一知识主线。,
dir_batch_039.csv#3176,CHEMISTRY,标准状态下，下列物质气态时的相对能量如下表：,REJECT,name 与 definition 关键词：相对能量数据表,name 为数据表引导句，definition 为相对能量表题残片（已知氧氧单键的键能），题干被截断，属练习残片。,
dir_batch_039.csv#3178,CHEMISTRY,依据事实，写出下列反应的热化学方程式。,REJECT,name 与 definition 关键词：依据事实写热化学方程式,definition 为热化学方程式书写题（肼燃烧、CuCl 与 O2 反应），只有待书写描述与空白，属练习残片。,
dir_batch_039.csv#3180,CHEMISTRY,按要求书写热化学方程式。,REJECT,name 与 definition 关键词：按要求书写热化学方程式,definition 为按要求书写热化学方程式的练习残片（H2 的摩尔燃烧焓、葡萄糖的光合作用、合成氨与铁触媒），各问答案位全空。,
dir_batch_039.csv#3184,CHEMISTRY,易错辨析。,REJECT,name 与 definition 关键词：原电池易错辨析,definition 为原电池易错判断五句加盐桥作用简答与装置设计练习，跨电极判断、盐桥、闭合回路等多个话题，属练习残片。,
dir_batch_039.csv#3188,CHEMISTRY,易错辨析。,REJECT,name 与 definition 关键词：化学电源易错辨析,definition 为化学电源易错判断六句加蓄电池问答（pH 变化与充放电电极反应），答案位全空，属练习残片。,
dir_batch_039.csv#3189,CHEMISTRY,北京冬奥会期间使用氢燃料清洁能源汽车，其氢氧燃料电池工作示意图如图所示。,REJECT,name 与 definition 关键词：氢氧燃料电池示意图,definition 为氢氧燃料电池示意图的三问填空（电极名称、电极反应、OH－迁移方向），答案位全空，属题干残片。,
dir_batch_039.csv#3193,CHEMISTRY,已知锂电池的正极反应物和产物，写出其正极反应。,REJECT,name 与 definition 关键词：锂电池正极反应,definition 为锂电池正极反应书写练习（Bi 与 FeS 两问），答案位全空，属练习残片。,
dir_batch_039.csv#3198,CHEMISTRY,判断正误，正确的打“√”，错误的打“×”。,REJECT,name 与 definition 关键词：原电池判断正误,definition 为原电池十二句判断正误题串，逐句留空且跨离子移向、电极活泼性、盐桥、双液电池等多个话题，无单一知识主线。,
dir_batch_039.csv#3199,CHEMISTRY,深度思考：,REJECT,name 与 definition 关键词：原电池深度思考,name 为提示语 深度思考：，definition 为盐桥作用、能否用金属代替盐桥、装置判断与设计原电池的多问练习，属设问残片。,
dir_batch_040.csv#3201,CHEMISTRY,判断正误，正确的打“√”，错误的打“×”。,REJECT,definition 为7条待判说法（充放电是否互为可逆反应、铅蓄电池负极与阳极是否均发生氧化反应、转移0.2 mol电子时消耗H2SO4 0.1 mol、转移0.1 mol电子时负极增重4.8 g、充电器的正极是否接二次电源的正极、多孔碳可否作电极材料、锂电池能否用水溶液作电解质）并逐句留（　　）空；mech=unmatched、node 为空。,判断正误题干加括号空位，属练习残片；各说法分散在可充电电池的连接、计算与电解质选择等不同点上，未形成可入库的独立知识陈述。,
dir_batch_040.csv#3207,CHEMISTRY,判断正误，正确的打“√”，错误的打“×”。,REJECT,definition 为7条判断正误说法加一处计算填空（电解质溶液导电是否一定发生化学变化、电解CuCl2溶液阴极气体能否使淀粉碘化钾试纸变蓝、电解CuSO4溶液后加Cu(OH)2能否复原、Cu作电极电解盐酸的方程式、电子是否经溶液由阴极到阳极、电解盐酸与硫酸后pH变化、阳离子移向与还原反应；加入98 g Cu(OH)2复原时转移的电子数）；mech=unmatched、node 为空。,判断正误题干与填空混合，属练习残片，无独立知识陈述。,
dir_batch_040.csv#3209,CHEMISTRY,判断正误，正确的打“√”，错误的打“×”。,REJECT,definition 为7条判断正误说法（镀铜能否用惰性阳极、电解饱和食盐水两个电极能否都用金属、电解精炼的阳极泥可否提炼贵金属、放电顺序H+＞Zn2+时能否在铁上镀锌、阳离子交换膜的选择透过性、电镀铜与电解精炼铜的Cu2+浓度、能否电解熔融MgO与AlCl3冶炼镁铝）；mech=unmatched、node 为空。,判断正误题干，属练习残片，无独立知识陈述。,
dir_batch_040.csv#3210,CHEMISTRY,粗铜的电解精炼示意图如图所示。,REJECT,definition 为粗铜电解精炼示意图题的两问与填空（粗铜板是图中哪个电极、电极d上的电极反应式、含Au与Ag与Fe时阳极的电极反应与Au和Ag的存在形式和位置与c(Cu2+)变化）；mech=unmatched、node 为空。,图示题题干与填空残片，答案依赖图示判断，未形成可入库的独立知识陈述。,
dir_batch_040.csv#3215,CHEMISTRY,判断正误，正确的打“√”，错误的打“×”。,REJECT,definition 为11条金属腐蚀与防护的判断正误说法（CO2酸膜与析氢腐蚀、纯银器变黑与钢铁生锈原理是否相同、干燥环境是否腐蚀、吸氧腐蚀负极反应式、牺牲阳极的阴极保护法属于哪种装置原理、镀锌为何保护铁、水闸可否用阴极保护法、镀铜铁制品镀层破损后是否更易生锈、潮湿空气中是否一定吸氧腐蚀、Al与Fe与Cu的腐蚀产物、保护层破损后是否完全失去保护作用）；mech=unmatched、node 为空。,判断正误题干，属练习残片，无独立知识陈述。,
dir_batch_040.csv#3216,CHEMISTRY,深度思考：,REJECT,definition 为深度思考栏目下三组填空问答（棉团浸NH4Cl或NaCl溶液时铁钉的腐蚀类型与正极反应式及右试管现象、海水对铁闸不同部位腐蚀的剖面图中腐蚀最严重与铁锈最多的部位及原因、船体与水面接触线以下嵌入一定数量锌块的原因）；mech=unmatched、node 为空。,栏目名“深度思考”加填空问答题干，属练习残片，无知识陈述。,
dir_batch_040.csv#3222,CHEMISTRY,mol·L－1 Na2SO4溶液、酚酞溶液。,REJECT,name 为试剂清单行“mol·L－1 Na2SO4溶液、酚酞溶液。”，definition 仅剩【实验步骤】栏目标题；命中节点 mol-l-1-na2so4溶液-酚酞溶液 的13条材料（常见物质中的价键数目、溶液稀释的守恒规律、NO2与N2O4的平衡、糖类通式的例外、Ba2+与OH-与H+与SO42-的反应等）与该条目内容无关。,名称与 definition 均为电解水实验栏目的截断碎片（试剂清单行加栏目标题），条目本身无知识内容可合并，且其同名节点的材料与条目内容无关。,
dir_batch_040.csv#3225,CHEMISTRY,关于氢氧燃料电池说法正确的是(　　),REJECT,definition 为氢氧燃料电池相关题目的题干与填空（燃料电池的能量转化方式与优点、KOH溶液中OH－移向哪一极、氢氧燃料电池正极与负极反应式及总反应式、氢气和甲烷和乙醇等燃料）；mech=unmatched、node 为空。,题干与作答空位残片，无独立知识陈述。,
dir_batch_040.csv#3226,CHEMISTRY,判断正误，正确的打“√”，错误的打“×”。,REJECT,definition 为8条电解相关的判断正误说法（惰性电极电解饱和食盐水后pH、电解液中阳离子移向阳极、非自发氧化还原反应可否通过电解实现、电解CuCl2溶液阴极气体、电解盐酸与硫酸后pH、CuSO4溶液复原、铜作电极电解CuSO4溶液、电解NaCl溶液得到22.4 L H2时转移电子数）；mech=unmatched、node 为空。,判断正误题干，属练习残片，无独立知识陈述。,
dir_batch_040.csv#3227,CHEMISTRY,深度思考：,REJECT,definition 为深度思考栏目下两问（电解质溶液通电时是否一定发生化学反应、加入98 g Cu(OH)2固体使CuSO4溶液复原时整个电路转移的电子数）；mech=unmatched、node 为空。,栏目名“深度思考”加问答题干，属练习残片，无知识陈述。,
dir_batch_040.csv#3230,CHEMISTRY,判断正误，正确的打“√”，错误的打“×”,REJECT,definition 为10条判断正误说法（电子是否经溶液由阴极到阳极、电解饱和食盐水后加盐酸能否复原、阳极材料是否不反应、Zn＋H2SO4能否设计成电解池、电解质可否为熔融状态或固体电解质、电子经直流电源流向、氧化反应与还原反应是否一定同时发生、阳离子与阴离子移动方向、可充电电池充电时正极连接外接电源的哪一极、电子从电源负极流入电解槽阴极）；mech=unmatched、node 为空。,判断正误题干，属练习残片，无独立知识陈述。,
dir_batch_040.csv#3233,CHEMISTRY,判断正误，正确的打“√”，错误的打“×”。,REJECT,definition 为7条判断正误说法（导电过程是否就是被电解的过程、Zn＋H2SO4能否设计成电解池、阴极材料是否不反应、阳极材料是否不反应、阴离子是否向阴极移动、阳极氧化与阴极还原、电子是否从电源负极流向电解池阳极）；mech=unmatched、node 为空。,判断正误题干，属练习残片，无独立知识陈述。,
dir_batch_040.csv#3235,CHEMISTRY,如图，回答下列问题：,REJECT,definition 为电解装置图题的三问与填空（溶液中Cu2+向哪一极移动、左电极名称与电极方程式、右电极产物的检验方法与现象、左电极增重0.64 g时电子流出的极与个数、恢复电解前状态应加入的化学式与质量）；mech=unmatched、node 为空。,图示题题干与填空残片，答案依赖图示，未形成可入库的独立知识陈述。,
dir_batch_040.csv#3236,CHEMISTRY,某兴趣小组利用电解装置，探究“铁作阳极”时发生反应的多样性，实验过程如图。,REJECT,definition 为铁作阳极实验探究题的设问与填空（KCl作电解质时石墨电极上的电极反应式、图2现象预测、图1与图2现象差异的原因；KOH作电解质时铁电极上OH-放电的原因与生成FeO的阳极反应式）；mech=unmatched、node 为空。,探究实验题干与填空残片，无独立知识陈述。,
dir_batch_040.csv#3240,CHEMISTRY,易错辨析。,REJECT,definition 为氯及其化合物易错辨析的5条判断加3处填空（氯气溶于水后是否为电解质、Cl2是否只能作氧化剂、氯气是否有漂白性、NaCl溶液到Cl2到漂白粉的转化能否实现、Cl2通入碳酸钠溶液能否制得较高浓度的次氯酸；闻有毒气体气味的方法、1 mol Cl2与水或与足量冷NaOH溶液反应的电子转移数、淀粉KI溶液先变蓝后褪色的原因）；mech=unmatched、node 为空。,易错辨析判断题干与填空混排，属练习残片，无独立知识陈述。,
dir_batch_040.csv#3241,CHEMISTRY,易错辨析。,REJECT,definition 为新制氯水的6条判断加1处现象填空（能否用pH试纸测氯水pH、再通少量氯气后某量减小、加碳酸钙粉末能否增强漂白能力、通SO2后漂白性是否增强、光照后导电性是否减弱、加亚硫酸钠后pH变化；滴入紫色石蕊溶液观察到的现象）；mech=unmatched、node 为空。,易错辨析判断题干与填空残片，属练习残片，无独立知识陈述。,
dir_batch_040.csv#3242,CHEMISTRY,易错辨析。,REJECT,definition 为含氯物质的5条判断加3处书写填空（漂白粉与盐酸能否混合使用、NaClO溶液长期露置是否释放Cl2、滴酚酞先变红后褪色能否证明水解、84消毒液消毒是否因含氯消毒剂具有氧化性、漂白粉能否用于生活用水消毒；Cl2与热KOH溶液生成KClO3的离子方程式、少量SO2通入NaClO溶液的离子方程式、久置漂白粉最终的主要固体物质及原因）；mech=unmatched、node 为空。,易错辨析判断题干与方程式书写填空混合，属练习残片，无独立知识陈述。,
dir_batch_040.csv#3245,CHEMISTRY,易错辨析。,REJECT,definition 为氯气制备与收集的8条判断加5处填空（加热氯酸钾与二氧化锰混合物制氧气、启普发生器能否制氯气、电解饱和食盐水制氯气、能否用饱和NaHCO3溶液除Cl2中的HCl、能否用浓硫酸或碱石灰干燥Cl2、制Cl2时控温以减少浓盐酸挥发、实验结束后先停反应排气再拆装置、用NaOH吸收多余Cl2时导气管的位置；用浓盐酸而不用稀盐酸的原因、滴加浓盐酸时拔开分液漏斗塞子的目的、排空气法收集时导管长短进出、气密性检查）；mech=unmatched、node 为空。,易错辨析判断题干与填空残片，属练习残片，无独立知识陈述。,
dir_batch_040.csv#3254,CHEMISTRY,下列关于卤素的叙述正确的是(　　),REJECT,definition 为四个关于卤素的待判叙述（卤素钾盐中最易被氧化的是氟化钾、溴中溶有少量氯气时加入溴化钠再用汽油萃取提纯、溴化银有而碘化银没有感光性、某溶液与淀粉-KI溶液反应出现蓝色即证明是氯水或溴水）；mech=unmatched、node 为空。,选择题题干与选项残片，无独立知识陈述。,
dir_batch_040.csv#3256,CHEMISTRY,碘(紫黑色固体，微溶于水)及其化合物广泛用于医药、染料等方面。回答下列问题：,REJECT,definition 为碘的制备流程图题的三处设问与填空（加入Fe粉进行转化反应的离子方程式与可循环使用的物质、通入Cl2时氧化产物只有一种的化学方程式、反应物用量比为1.5及大于1.5时的氧化产物与单质碘收率降低的原因）；mech=unmatched、node 为空。,流程图题题干与填空残片，无可入库的独立知识陈述。,
dir_batch_040.csv#3260,CHEMISTRY,易错辨析。,REJECT,definition 为硫单质的8条判断正误说法（硫在自然界是否仅以化合态存在、用CS2溶解试管内壁的硫、Fe与S反应是否生成Fe2S3、S8转化为S6与S4与S2是否属物理变化、汞洒落后撒硫粉处理、硫在空气与纯氧中燃烧的产物、氢硫酸与亚硫酸酸性强弱的比较依据、H2S通入氯气后生成黄色沉淀的原因）；mech=unmatched、node 为空。,判断正误题干，属练习残片，无独立知识陈述。,
dir_batch_040.csv#3261,CHEMISTRY,在下列反应中硫元素只表现氧化性的是(　　),REJECT,definition 为硫元素氧化性的选择题题干与4处填空（加热硫粉与光亮铜丝的现象结论、S8中硫原子的杂化方式与化学键数目和孤电子对数目之比、硫单质难溶于水而易溶于CS2的原因、从含H2S的石油化工废气中回收单质硫的两种方法）；mech=unmatched、node 为空。,选择题与填空混排的题干残片，无独立知识陈述。,
dir_batch_040.csv#3264,CHEMISTRY,易错辨析,REJECT,definition 为二氧化硫的11条判断正误说法加4处填空（SO2可否用于杀菌消毒、丝织品漂白是否因氧化有色成分、使石蕊溶液变红是否说明是酸性氧化物、使品红与酸性KMnO4溶液褪色是否都说明漂白性、SO2与Cl2分别通入石蕊溶液的现象、除HCl的试剂选择、标准状况下2.24 L SO3中的硫原子数、使滴有酚酞的NaOH溶液褪色体现的性质、四类漂白剂原理是否相同、能否用酸性高锰酸钾溶液除SO2中的H2S、燃煤加CaO的作用；SO2的空间构型与杂化类型与易溶于水的原因、使溴水褪色的原因）；mech=unmatched、node 为空。,易错辨析判断题干与填空残片，属练习残片，无独立知识陈述。,
dir_batch_040.csv#3265,CHEMISTRY,如图所示是检验某无色气体A是SO2和CO2的混合气体的装置，按要求回答下列问题：,REJECT,definition 为SO2与CO2混合气体检验装置题的四问与5处填空（B与C与D中加入的试剂与作用、C中应观察到的现象；用70%~80%的H2SO4与Na2SO3反应制备SO2的原因、使足量SO2通入BaCl2溶液后得到BaSO3沉淀可再通入的试剂、久置硫酸型酸雨的pH变化与离子方程式）；mech=unmatched、node 为空。,实验装置图题干与填空残片，无独立知识陈述。,
dir_batch_040.csv#3267,CHEMISTRY,易错辨析。,REJECT,definition 为硫酸的12条判断正误说法加1处填空（敞口久置浓硫酸质量增大是否体现挥发性、能否用硫酸清洗锅炉水垢、锌粒与浓硫酸加热的产物、常温下铁与浓硫酸是否反应、能否用浓硫酸干燥二氧化硫、能否用浓硫酸与FeS制H2S、浓H2SO4与Cu和C反应体现的性质、产生2.24 L SO2时浓H2SO4的物质的量、pH=2的H2SO4溶液中H+数目、能否用浓H2SO4分别与NaCl与NaBr与NaI制取HX气体、浓H2SO4吸水性使糖类炭化、蘸浓氨水与浓硫酸的玻璃棒靠近是否产生白烟）；mech=unmatched、node 为空。,易错辨析判断题干与填空残片，属练习残片，无独立知识陈述。,
dir_batch_040.csv#3268,CHEMISTRY,硫酸是中学化学实验室的常见药品，其性质有：,REJECT,definition 为硫酸性质匹配题（列出酸性、吸水性、脱水性、强氧化性、催化作用五种性质，要求与锌和稀H2SO4制H2、浓硫酸作干燥剂、乙醇和冰醋酸制乙酸乙酯、乙酸乙酯的水解、浓硫酸使湿润蓝色石蕊试纸先变红后变黑五种情形对应）并附稀释操作等4处填空；mech=unmatched、node 为空。,匹配题题干与填空残片，正文只给出待匹配的性质名与情形，未形成可入库的独立知识陈述。,
dir_batch_040.csv#3270,CHEMISTRY,某小组同学设计实验实现几种价态硫元素的转化。,REJECT,definition 为实验探究题的药品清单（Na2SO3溶液、浓硫酸、Na2S溶液、稀硫酸、酸性KMnO4溶液、品红溶液、铜片）与三处填空设问（所选试剂与实现的转化现象、Na2SO3表现的性质、价态变化与化学方程式）以及第2题固态单质A的转化关系推断；mech=unmatched、node 为空。,实验题题干加填空残片，试剂与现象与价态变化与方程式处均空白，无可入库的知识陈述；实验涉及的价态硫转化知识由节点 应用氧化还原反应的原理实现不同价态含硫物质的转化 的材料覆盖。,
dir_batch_040.csv#3271,CHEMISTRY,熟练掌握溶解、过滤、蒸发等操作，认识化学方法在物质分离和提纯中的重要作用。,REJECT,definition 为粗盐提纯实验的药品清单（粗盐、蒸馏水、0.1 mol·L-1 BaCl2溶液、20% NaOH溶液、饱和Na2CO3溶液、6 mol·L-1盐酸、pH试纸，各试剂的作用处均留空）、实验步骤与问题讨论栏目；mech=unmatched、node 为空。,实验报告模板加填空残片，试剂作用与实验步骤均为空白，未形成可入库的知识陈述。,
dir_batch_040.csv#3272,CHEMISTRY,本实验中加入试剂的顺序是什么？按照其他顺序加入试剂能否达到同样的目的？,REJECT,definition 全为两条待答下划线且无任何文字；name 为粗盐提纯实验的问题讨论问句（本实验中加入试剂的顺序是什么？按照其他顺序加入试剂能否达到同样的目的？）；对应结论（碳酸钠必须加在氯化钡之后、盐酸必须加在过滤之后、试剂都要稍过量）已由节点 粗盐提纯的试剂加入顺序 的材料 ext-che-972e50903e-013 覆盖。,教材问题讨论栏目的空答残片，条目本身未携带任何知识内容，无材料可补。,
dir_batch_040.csv#3273,CHEMISTRY,在实验操作②中为什么依次加入的试剂都要略微过量？实验操作④中加入盐酸的目的是什么？,REJECT,definition 全为两条待答下划线且无任何文字；name 为除杂试剂过量与加盐酸目的的问题讨论问句；对应结论（除杂试剂需稍过量、过量试剂必须在后续操作中除去、加盐酸除去过量的CO32-）已由节点 在实验操作②中为什么依次加入的试剂都要略微过量-实验操作④中加入盐酸的目的是什么（除杂原则与试剂作用分析）的材料 ext-che-ec93ddd73c-003、chem-hj-chuzha-siyuanze-sanbixu、ext-che-02a6241b6c-011 覆盖。,教材问题讨论栏目的空答残片，条目本身未携带任何知识内容，无材料可补。,
dir_batch_040.csv#3274,CHEMISTRY,步骤③和步骤④的操作顺序能否颠倒？为什么？,REJECT,definition 全为两条待答下划线且无任何文字；name 为步骤③与步骤④操作顺序能否颠倒的问题讨论问句；包内同名节点的材料 chem-hj2-tangou-shaojiao-guicheng（坩埚灼烧固体的操作要点）与该问句所指的粗盐提纯操作顺序无关。,教材问题讨论栏目的空答残片，条目本身未携带任何知识内容；同名节点材料与问句所指内容不符，无材料可补。,
dir_batch_040.csv#3275,CHEMISTRY,粗盐水中加入氯化钡溶液使S沉淀而除去，如何检验S是否沉淀完全？,REJECT,definition 全为两条待答下划线且无任何文字；name 为粗盐水中加入氯化钡使SO42-沉淀除去后如何检验沉淀完全的问题讨论问句；对应结论（静置后向上层清液中再滴加1滴沉淀剂、无浑浊说明沉淀完全）已由节点 粗盐水中加入氯化钡溶液使s沉淀而除去-如何检验s是否沉淀完全（沉淀完全的检验方法）的材料 chem-precipitation-complete-check、chem-hj-rongjiedu-dengji-yudingliang 覆盖。,教材问题讨论栏目的空答残片，条目本身未携带任何知识内容，无材料可补。,
dir_batch_040.csv#3276,CHEMISTRY,通过此次实验活动，你认为物质分离和提纯原则应该有哪些？,REJECT,definition 为两条待答下划线加两道粗盐提纯与工业废水除杂练习题的题干与选项（除Cu2+与SO42-的工艺流程判断、粗盐提纯的操作名称与玻璃仪器）；mech=unmatched、node 为空。,问题讨论空答残片并叠加练习题干，无知识陈述，无可合并内容。,
dir_batch_040.csv#3277,CHEMISTRY,应用氧化还原反应的原理实现不同价态含硫物质的转化。,REJECT,definition 仅为栏目名【实验步骤】，无任何知识内容；mech=unmatched、node 为空。,definition 只有栏目名，属装饰性残片，无可合并的知识内容。,
dir_batch_041.csv#3281,CHEMISTRY,铁粉与硫粉在空气中混合燃烧时，可能发生哪些反应？,REJECT,name 为问句题干，definition 实为三组互不相关的题组：A、B、C 中均含同种元素的推断题、实验室研究 S(＋6 价)→S(＋4 价) 的装置题（含 a—e 试剂选择空与无水下划线空）、Na2SO3 性质探究题；mech=unmatched，node 为空。,三组题干与设问拼接，跨元素推断、浓硫酸性质与亚硫酸盐性质多个话题，且与条目名不对应，属练习残片，无单一知识主线。,
dir_batch_041.csv#3282,CHEMISTRY,某同学在一张pH试纸上滴几滴新制氯水，现象如图。下列有关该实验的说法中正确的是,REJECT,name 为选择题题干“某同学在一张 pH 试纸上滴几滴新制氯水，现象如图。下列有关该实验的说法中正确的是”，definition 仅为“3．在氯水中存在多种分子和离子……下列实验现象和结论一致且正确的是”一句题干，不含任何结论；mech=unmatched，node 为空。,选择题题干残片，名称与内容都只有设问、无知识陈述，无法入库。,
dir_batch_041.csv#3288,CHEMISTRY,下图是检验某无色气体A是SO2和CO2的混合气体的装置图，按要求回答下列问题：,REJECT,name 为题干“下图是检验某无色气体 A 是 SO2 和 CO2 的混合气体的装置图，按要求回答下列问题：”，definition 为(1)—(4)四处试剂与作用的填空且全部留空；mech=unmatched，node 为空。,装置填空题干，只有空位与设问，无知识陈述。,
dir_batch_041.csv#3292,CHEMISTRY,易错辨析,REJECT,name 为栏目名“易错辨析”，definition 为(1)—(9)判断句并逐句留（　　）空，涉及固氮反应是否均为氧化反应、氮气作保护气与液氮冷冻剂、铜与稀硝酸气体的收集、NO2 是否为酸性氧化物、N2 与 O2 放电产物、NO2 尾气吸收、NO2 与溴蒸气鉴别等；mech=unmatched，node 为空。,判断句串逐句留空，跨氮气用途、氮的氧化物性质与尾气处理多个话题，属练习残片，无单一知识主线。,
dir_batch_041.csv#3293,CHEMISTRY,下列氮气的用途叙述中，分别应用了氮气的什么性质？,REJECT,name 为问句题干，definition 为①—④氮气用途与性质的填空，并附 N2 电子式与共价键个数及类型、氮化镁水解方程式、NH3 与 NOx 反应及生成 1 mol N2 时转移电子数等设问；mech=unmatched，node 为空。,问答与填空混合的题干残片，无单一知识主线。,
dir_batch_041.csv#3300,CHEMISTRY,易错辨析。,REJECT,name 为栏目名“易错辨析。”，definition 为(1)—(10)判断句并逐句留（　　）空，另附氨水与氯水比较的选择题；涉及浓氨水检验氯气管道、液氨制冷、氨水浓度、合成氨的电子转移数、氨气是否为电解质、实验室制氨方法与铵盐分解等；mech=unmatched，node 为空。,判断句串与选择题拼接，逐句留空，属练习残片，无单一知识主线。,
dir_batch_041.csv#3304,CHEMISTRY,易错辨析。,REJECT,name 为栏目名“易错辨析。”，definition 为(1)—(13)判断句并附“浓硝酸使紫色石蕊溶液先变红后褪色体现什么性质”的填空；涉及王水配比、稀硝酸制氢气、钝化是否为化学变化、铜与炭和浓硝酸反应体现的性质、银镜清洗、KNO3 溶液中的离子共存、棕色瓶保存原理、FeS 制 H2S 等；mech=unmatched，node 为空。,判断句串与填空拼接，逐句留空且跨多个话题，属练习残片。,
dir_batch_041.csv#3323,CHEMISTRY,正误判断，正确的打“√”，错误的打“×”,REJECT,name 为提示语“正误判断，正确的打√，错误的打×”，definition 为(1)—(5)判断句并逐句留（　　）空（钝化是否为化学变化、FeS 制 H2S、铜与浓硝酸的产物、浓硝酸变黄、石蕊最终变红）；mech=unmatched，node 为空。,判断正误题干残片，逐句留空、无独立知识陈述。,
dir_batch_041.csv#3324,CHEMISTRY,久置的浓硝酸呈黄色，如何除去？怎样保存浓硝酸？,REJECT,name 为问句“久置的浓硝酸呈黄色，如何除去？怎样保存浓硝酸？”，definition 却为锌与某浓度硝酸按 1∶3 反应的选择题选项与稀硫酸稀硝酸混合液加铜粉加铁粉的图像计算题设问；mech=unmatched，node 为空。,名称与内容不对应的题组残片，主体为两道计算选择题的设问与选项。,
dir_batch_041.csv#3326,CHEMISTRY,实验室闻Cl2及其他气体的方法是怎样的？,REJECT,name 为问句“实验室闻 Cl2 及其他气体的方法是怎样的？”，definition 实为焰色反应结论判断、“滤渣”与 SOCl2 混合前洗涤干燥的洗净检验试剂与方法两道无关问答；mech=unmatched，node 为空。,名称与内容不对应的问答残片，跨焰色反应与无机物制备两个话题。,
dir_batch_041.csv#3327,CHEMISTRY,若某溶液中既含又含，请设计实验检验混合溶液中是否存在。       。,REJECT,name 为残句“若某溶液中既含又含，请设计实验检验混合溶液中是否存在。”（含未显示的下标内容，无法成义），definition 为白色固体成分证明、电解饱和食盐水方程式与阳极产物检验、三聚氯氰制备装置气密性检查等题组；mech=unmatched，node 为空。,题干与设问拼凑的练习残片，跨多个彼此无关的话题。,
dir_batch_041.csv#3330,CHEMISTRY,正误判断，正确的打“√”，错误的打“×”,REJECT,name 为提示语“正误判断，正确的打√，错误的打×”，definition 为(1)—(6)已带答案的判断句（碳的同素异形体、硅的存在形态、晶体硅作半导体、光导纤维材料、非金属性与氢化物稳定性、SiO2 是否为酸性氧化物与是否溶于酸），另附“自然界中有硅的单质吗？为什么？”；mech=unmatched，node 为空。,判断正误题干残片，逐题作答、无独立知识陈述。,
dir_batch_041.csv#3331,CHEMISTRY,写出除去下列气体中混有的杂质(括号内为杂质)可采取的方法：,REJECT,name 为题干“写出除去下列气体中混有的杂质(括号内为杂质)可采取的方法：”，definition 为(1)CO(CO2)、(2)CO2(CO)、(3)CO2(HCl) 三处全为空的下划线填空；mech=unmatched，node 为空。,填空题干残片，三处答案全空，无可入库的知识陈述。,
dir_batch_041.csv#3332,CHEMISTRY,写出除去下列固体粉末中混有杂质(括号内为杂质)可采取的方法，写出有关反应的方程式。,REJECT,name 为题干“写出除去下列固体粉末中混有杂质(括号内为杂质)可采取的方法，写出有关反应的方程式。”，definition 为(1)CaCO3(SiO2)、(2)SiO2(CaCO3)、(3)SiO2(NH4Cl) 三处全为空的下划线填空；mech=unmatched，node 为空。,填空题干残片，三处答案全空，无可入库的知识陈述。,
dir_batch_041.csv#3334,CHEMISTRY,正误判断，正确的打“√”，错误的打“×”,REJECT,name 为提示语“正误判断，正确的打√，错误的打×”，definition 为(1)—(6)判断句并逐句留（　　）空，另附“玻璃生产中的两个反应能否说明 H2SiO3 酸性比碳酸强”与“熔化烧碱固体选用石英坩埚、陶瓷坩埚还是铁坩埚”两道问答；mech=unmatched，node 为空。,判断句串与问答拼接，逐句留空，属练习残片。,
dir_batch_041.csv#3335,CHEMISTRY,易错辨析。,REJECT,name 为栏目名“易错辨析。”，definition 为（1）—（6）判断句串并附“写出制造普通玻璃时发生的主要反应”“将下列硅酸盐改写成氧化物形式”等填空，含（　　）与下划线空；mech=unmatched，node 为空。,判断与填空混合的练习题干，跨石英玻璃、钢化玻璃、光导纤维、硅橡胶、石墨烯等多个彼此无关的话题，无单一知识主线，属练习残片。,
dir_batch_041.csv#3337,CHEMISTRY,判断正误，正确的打“√”，错误的打“×”。,REJECT,name 为栏目提示语“判断正误，正确的打√，错误的打×。”，definition 为(1)—(11)判断句并逐句留（　　）空；mech=unmatched，node 为空。,判断正误题干加填空串，属练习残片，未形成可入库的独立知识陈述。,
dir_batch_041.csv#3340,CHEMISTRY,硅单质及其化合物应用范围很广。请回答下列问题：,REJECT,name 为题干“硅单质及其化合物应用范围很广。请回答下列问题：”，definition 含“写出由纯 SiHCl3 制备高纯硅的化学反应方程式____”“SiHCl3 遇水剧烈反应……写出配平的化学反应方程式____”“H2 还原 SiHCl3 过程中若混有 O2，可能引起的后果是____”等下划线空；mech=unmatched。,题干加下划线填空残片，无可直接入库的知识陈述。,
dir_batch_041.csv#3343,CHEMISTRY,硅及其化合物的应用范围很广。下列说法正确的是(　　),REJECT,name 为选择题题干“硅及其化合物的应用范围很广。下列说法正确的是(　　)”，definition 为 A—D 四个选项；mech=unmatched。,选择题题干与选项残片，无知识陈述。,
dir_batch_041.csv#3344,CHEMISTRY,由下列实验事实得出的结论正确的是(　　),REJECT,name 为选择题题干“由下列实验事实得出的结论正确的是(　　)”，definition 为 A—D 四个选项；mech=unmatched。,选择题题干与选项残片，无知识陈述。,
dir_batch_041.csv#3347,CHEMISTRY,硅是地壳中储量仅次于氧的元素，在自然界中主要以和硅酸盐的形式存在。,REJECT,name 本身已缺空（“主要以和硅酸盐的形式存在”），definition 为轨道表示式、晶体类型、杂化方式、熔点顺序、原硅酸脱水溶解度等填空与橄榄石设问；mech=unmatched。,题干加填空残片，且名称中含未填空白，无法成义。,
dir_batch_041.csv#3348,CHEMISTRY,含铁化合物的应用研究是科学研究的前沿之一，回答下列问题：,REJECT,name 为题干“含铁化合物的应用研究是科学研究的前沿之一，回答下列问题：”，definition 为铁铝铅榴石氧化物形式、原硅酸结构、SiO2 晶体配位数等填空；mech=unmatched。,题干加填空残片，跨物质结构与硅酸盐改写，无单一知识主线。,
dir_batch_041.csv#3355,BIOLOGY,预测：,REJECT,name 为截断标题“预测：”，definition 为钙、铁、碘摄入量随年龄段（0.5～1 岁、25～30 岁未孕、25～30 岁孕中期、65～75 岁）变化的数据表，只有表头与数值；mech=unmatched，node 为空。,条目名为截断标题、definition 为纯数据表（仅表头与数值），无知识陈述，属题干数据表残片。,
dir_batch_042.csv#3362,BIOLOGY,预测：,REJECT,name 为不完整的 预测： 标题，mech=unmatched、node 为空；definition 为预测板块的试题情境表（第四代纯天然胶原蛋白缝合线的定义与材料、抗拉强度与吸收时间 8～15 天、临床意义与代际对比）,命题预测板块的试题情境材料残片：全文为缝合线产品的材料来源与临床指标，不含教材知识结论，既非考点也非知识陈述，按题干残片处理,
dir_batch_042.csv#3376,BIOLOGY,预测：,REJECT,name 为不完整的 预测： 标题，mech=unmatched、node 为空；definition 依次为淀粉酶专一性验证的分组实验设计表（甲、乙组加淀粉溶液，丙组加蔗糖溶液，加斐林试剂检测）与温度梯度下滤液变澄清时间的数据表（27 ℃ 至 67 ℃，最低 4 min 与 50 min 未澄清）,命题预测板块的实验设计表与实验数据表残片：只有分组、试剂与数值，本身不构成考点或知识陈述；同一实验的正式结论已由 bio-kb-enzyme-specificity-experiment 覆盖,
dir_batch_042.csv#3386,BIOLOGY,预测：,REJECT,name 为不完整的 预测： 标题，mech=unmatched、node 为空；definition 为光照强度、CO2 浓度、净光合速率、气孔导度与叶绿素含量的四组实验数据表（对照与甲、乙、丙），只有表头与数值,纯实验数据表残片，只有表头与数值，无可成义的知识陈述，无法入正式区,
dir_batch_042.csv#3390,BIOLOGY,预测：,REJECT,name 为不完整的 预测： 标题，mech=unmatched、node 为空；definition 为含待填空白的实验设计方案表（对照组留空、实验组为黑藻、光照强度控制留空、测量指标留空），只有表头与空白,填空题干残片：只有表头与留空项，无答案与知识陈述，无法入正式区,
dir_batch_042.csv#3406,BIOLOGY,预测：,REJECT,name 为不完整的 预测： 标题，mech=unmatched、node 为空；definition 为两实验的亲本、F1 表型与 F2 表型比例数据表（紫叶乘绿叶后代 9 比 7、紫粒乘白粒后代 9 比 3 比 4）,命题预测板块的遗传实验数据表残片：只有亲本与比例数值，无可入正式区的知识陈述,
dir_batch_042.csv#3425,BIOLOGY,预测：,REJECT,name 为不完整的 预测： 标题，mech=unmatched、node 为空；definition 为变异位点组合与个体数的三维数据表（位点 1 的 MM、Mm、mm 与位点 2 的 NN、Nn、nn 组合计数）,命题预测板块的遗传数据表残片：只有位点组合与计数，无可入正式区的知识陈述,
dir_batch_042.csv#3436,BIOLOGY,预测：,REJECT,name 为不完整的 预测： 标题，mech=unmatched、node 为空；definition 为实验分组处理表（甲组不摘除肾上腺、乙组摘除肾上腺、丙组摘除肾上腺并注射醛固酮），只有分组与处理，无结论,命题预测板块的实验分组表残片：只有分组与处理项，无可入正式区的知识陈述,
dir_batch_043.csv#3447,BIOLOGY,预测：,REJECT,definition 为纯数据表（仅表头与数值），name 为不完整的 预测： 标题，mech=unmatched 且无命中节点，无法成义。,条目名为截断的 预测：，definition 为低温处理与赤霉素含量、开花情况的数据表，只有表头与数值，无知识陈述，属题干数据表残片。,
dir_batch_043.csv#3451,BIOLOGY,预测：,REJECT,definition 为纯数据表（仅表头与数值），name 为不完整的 预测： 标题，mech=unmatched 且无命中节点，无法成义。,条目名为 预测：，definition 为 2019 至 2023 年性比与幼年、成年、老年组个体数的数据表，属题干数据表残片，无法成义。,
dir_batch_043.csv#3454,BIOLOGY,预测：,REJECT,definition 为纯数据表（仅表头与数值），name 为不完整的 预测： 标题，mech=unmatched 且无命中节点，无法成义。,条目名为 预测：，definition 为沙地、坡地、滩地生境下黄帚橐吾的盖度、物种数、种群密度等调查数据表，属题干数据表残片。,
dir_batch_043.csv#3459,BIOLOGY,预测：,REJECT,definition 为纯数据表（仅表头与数值），name 为不完整的 预测： 标题，mech=unmatched 且无命中节点，无法成义。,条目名为 预测：，definition 为小鼠足部电击与特殊光源刺激的处理组别数据表且含待填空白，属题干数据表残片。,
dir_batch_044.csv#3526,BIOLOGY,技巧：,REJECT,definition 为 AaBbCc×AaBbCC 的配子种类数、配子结合方式与子代基因型种类数、子代表型种类数的两列方法表格残片（含 8×4＝32 种结合方式、AaBBcc 概率 1/16 等结论）；该内容已由节点 自由组合定律的解题规律及方法 的 ext-bio-451d5c3142-008（拆分法求解自由组合的计算问题：把多对基因问题拆成若干分离定律问题，再用乘法原理组合出配子、基因型与表型的种类和概率）、ext-bio-1446061363-003c（拆分法：先把多对等位基因拆成每对单独分析，再把基因型种类数、表型种类数与比例分别相乘）与节点 自由组合定律 的 bio-kb-multigene-gamete-and-combination-calc（多对基因的配子种类与结合方式计算：按每对基因分别计算再相乘）覆盖；name 为不完整标题、mech=unmatched 且无命中节点。,条目名「技巧：」是截断的栏目名（不完整标题），definition 为方法表格残片且含填空，不能独立成考点；其知识已由既有材料覆盖，删除该候选不丢知识。,
mat_161_240.csv#161,MATH,math-mo-shuTu-chongYao-chuanDi,MERGE_INTO,包内节点 充分条件与必要条件的判断 已有材料 math-mo-shutu-chongyao-chuandi；候选 slug 去大写后与之相同，title/summary/applicability/content/boundary/derivationKind/sourceLocator 九字段逐项比对一致，等价覆盖,等价覆盖：候选与包内该材料为同一材料，仅 slug 大小写不同，晋升会产生副本，故并入包内材料。,math-mo-shutu-chongyao-chuandi
mat_161_240.csv#162,MATH,math-mo-jiBuChongFen-yiBuBiYao,MERGE_INTO,包内节点 充分条件与必要条件的判断 已有材料 math-mo-jibuchongfen-yibubiyao；候选 slug 去大写后与之相同，title/summary/applicability/content/boundary/derivationKind/sourceLocator 九字段逐项比对一致，等价覆盖,等价覆盖：候选与包内该材料为同一材料，仅 slug 大小写不同，晋升会产生副本，故并入包内材料。另注：候选与包内 content 在同一处把 LaTeX 的 not 命令写成换行转义（表现为 p 与 ot 之间断行），缺陷同源于包内数据，合并不改变结果。,math-mo-jibuchongfen-yibubiyao
mat_161_240.csv#163,MATH,math-mo-chongYao-yingyong-hengDeng,MERGE_INTO,包内节点 充要条件 已有材料 math-mo-chongyao-yingyong-hengdeng；候选 slug 去大写后与之相同，title/summary/applicability/content/boundary/derivationKind/sourceLocator 九字段逐项比对一致，等价覆盖,等价覆盖：候选与包内该材料为同一材料，仅 slug 大小写不同，晋升会产生副本，故并入包内材料。,math-mo-chongyao-yingyong-hengdeng
mat_161_240.csv#164,MATH,math-mo-junZhi-budengshi-gongshiZu,MERGE_INTO,包内节点 绝对值不等式 已有材料 math-mo-junzhi-budengshi-gongshizu；候选 slug 去大写后与之相同，title/summary/applicability/content/boundary/derivationKind/sourceLocator 九字段逐项比对一致，等价覆盖,等价覆盖：候选与包内该材料为同一材料，仅 slug 大小写不同，晋升会产生副本，故并入包内材料。,math-mo-junzhi-budengshi-gongshizu
mat_161_240.csv#165,MATH,math-mo-yiZhengErDingSanXiangDeng,MERGE_INTO,包内节点 利用基本不等式求最值 已有材料 math-mo-yizhengerdingsanxiangdeng；候选 slug 去大写后与之相同，title/summary/applicability/content/boundary/derivationKind/sourceLocator 九字段逐项比对一致，等价覆盖,等价覆盖：候选与包内该材料为同一材料，仅 slug 大小写不同，晋升会产生副本，故并入包内材料。,math-mo-yizhengerdingsanxiangdeng
mat_161_240.csv#166,MATH,math-mo-duiGou-coupei-quzui,MERGE_INTO,包内节点 对勾函数 已有材料 math-mo-duigou-coupei-quzui；候选 slug 去大写后与之相同，title/summary/applicability/content/boundary/derivationKind/sourceLocator 九字段逐项比对一致，等价覆盖,等价覆盖：候选与包内该材料为同一材料，仅 slug 大小写不同，晋升会产生副本，故并入包内材料。,math-mo-duigou-coupei-quzui
mat_161_240.csv#167,MATH,math-mo-fenLi-ChangShu-duiGou,MERGE_INTO,包内节点 导数构造法解函数不等式 已有材料 math-mo-fenli-changshu-duigou；候选 slug 去大写后与之相同，title/summary/applicability/content/boundary/derivationKind/sourceLocator 九字段逐项比对一致，等价覆盖,等价覆盖：候选与包内该材料为同一材料，仅 slug 大小写不同，晋升会产生副本，故并入包内材料。,math-mo-fenli-changshu-duigou
mat_161_240.csv#168,MATH,math-mo-Cheng1-daiHuan-jiChu,MERGE_INTO,包内节点 1的代换 已有材料 math-mo-cheng1-daihuan-jichu；候选 slug 去大写后与之相同，title/summary/applicability/content/boundary/derivationKind/sourceLocator 九字段逐项比对一致，等价覆盖,等价覆盖：候选与包内该材料为同一材料，仅 slug 大小写不同，晋升会产生副本，故并入包内材料。,math-mo-cheng1-daihuan-jichu
mat_161_240.csv#169,MATH,math-mo-jiHe-HunHe-tongChu,MERGE_INTO,包内节点 1的代换 已有材料 math-mo-jihe-hunhe-tongchu；候选 slug 去大写后与之相同，title/summary/applicability/content/boundary/derivationKind/sourceLocator 九字段逐项比对一致，等价覆盖,等价覆盖：候选与包内该材料为同一材料，仅 slug 大小写不同，晋升会产生副本，故并入包内材料。,math-mo-jihe-hunhe-tongchu
mat_161_240.csv#170,MATH,math-mo-jiHe-HunHe-jiebudengshi,MERGE_INTO,包内节点 利用单调性解不等式时忽略定义域致错 已有材料 math-mo-jihe-hunhe-jiebudengshi；候选 slug 去大写后与之相同，title/summary/applicability/content/boundary/derivationKind/sourceLocator 九字段逐项比对一致，等价覆盖,等价覆盖：候选与包内该材料为同一材料，仅 slug 大小写不同，晋升会产生副本，故并入包内材料。,math-mo-jihe-hunhe-jiebudengshi
mat_161_240.csv#171,MATH,math-mo-danFenMu-shuangFenMu-couPei,MERGE_INTO,包内节点 1的代换 已有材料 math-mo-danfenmu-shuangfenmu-coupei；候选 slug 去大写后与之相同，title/summary/applicability/content/boundary/derivationKind/sourceLocator 九字段逐项比对一致，等价覆盖,等价覆盖：候选与包内该材料为同一材料，仅 slug 大小写不同，晋升会产生副本，故并入包内材料。,math-mo-danfenmu-shuangfenmu-coupei
mat_161_240.csv#172,MATH,math-mo-sanJiaoXing-couDingZhi,MERGE_INTO,包内节点 三角函数的定义 已有材料 math-mo-sanjiaoxing-coudingzhi；候选 slug 去大写后与之相同，title/summary/applicability/content/boundary/derivationKind/sourceLocator 九字段逐项比对一致，等价覆盖,等价覆盖：候选与包内该材料为同一材料，仅 slug 大小写不同，晋升会产生副本，故并入包内材料。,math-mo-sanjiaoxing-coudingzhi
mat_161_240.csv#173,MATH,math-mo-fenZi-vari-fenLi-zaiGouzao,MERGE_INTO,包内节点 离散型随机变量的期望 已有材料 math-mo-fenzi-vari-fenli-zaigouzao；候选 slug 去大写后与之相同，title/summary/applicability/content/boundary/derivationKind/sourceLocator 九字段逐项比对一致，等价覆盖,等价覆盖：候选与包内该材料为同一材料，仅 slug 大小写不同，晋升会产生副本，故并入包内材料。,math-mo-fenzi-vari-fenli-zaigouzao
mat_161_240.csv#174,MATH,math-mo-yinShiFenJie-a1b1,MERGE_INTO,包内节点 充分条件与必要条件的判断 已有材料 math-mo-yinshifenjie-a1b1；候选 slug 去大写后与之相同，title/summary/applicability/content/boundary/derivationKind/sourceLocator 九字段逐项比对一致，等价覆盖,等价覆盖：候选与包内该材料为同一材料，仅 slug 大小写不同，晋升会产生副本，故并入包内材料。,math-mo-yinshifenjie-a1b1
mat_161_240.csv#175,MATH,math-mo-qiCi-tongChu-huanYuan,MERGE_INTO,包内节点 换元法-主要用于解决已知的解析式-求函数的解析式的问题 已有材料 math-mo-qici-tongchu-huanyuan；候选 slug 去大写后与之相同，title/summary/applicability/content/boundary/derivationKind/sourceLocator 九字段逐项比对一致，等价覆盖,等价覆盖：候选与包内该材料为同一材料，仅 slug 大小写不同，晋升会产生副本，故并入包内材料。,math-mo-qici-tongchu-huanyuan
mat_161_240.csv#176,MATH,math-mo-fanJie-daiRu-XiaoYuan,MERGE_INTO,包内节点 双变量问题的题型与解法 已有材料 math-mo-fanjie-dairu-xiaoyuan；候选 slug 去大写后与之相同，title/summary/applicability/content/boundary/derivationKind/sourceLocator 九字段逐项比对一致，等价覆盖,等价覆盖：候选与包内该材料为同一材料，仅 slug 大小写不同，晋升会产生副本，故并入包内材料。,math-mo-fanjie-dairu-xiaoyuan
mat_161_240.csv#177,MATH,math-mo-liangCi-junZhi-quDeng,MERGE_INTO,包内节点 连续使用基本不等式忽略等号同时成立致错 已有材料 math-mo-liangci-junzhi-qudeng；候选 slug 去大写后与之相同，title/summary/applicability/content/boundary/derivationKind/sourceLocator 九字段逐项比对一致，等价覆盖,等价覆盖：候选与包内该材料为同一材料，仅 slug 大小写不同，晋升会产生副本，故并入包内材料。,math-mo-liangci-junzhi-qudeng
mat_161_240.csv#178,MATH,math-mo-wanNeng-K-fa,MERGE_INTO,包内节点 判别式法-主要用于含有二次的分式函数-形如 已有材料 math-mo-wanneng-k-fa；候选 slug 去大写后与之相同，title/summary/applicability/content/boundary/derivationKind/sourceLocator 九字段逐项比对一致，等价覆盖,等价覆盖：候选与包内该材料为同一材料，仅 slug 大小写不同，晋升会产生副本，故并入包内材料。,math-mo-wanneng-k-fa
mat_161_240.csv#179,MATH,math-mo-sanYuan-duoYuan-jianYuan,MERGE_INTO,包内节点 多变量最值问题的解题方法 已有材料 math-mo-sanyuan-duoyuan-jianyuan；候选 slug 去大写后与之相同，title/summary/applicability/content/boundary/derivationKind/sourceLocator 九字段逐项比对一致，等价覆盖,等价覆盖：候选与包内该材料为同一材料，仅 slug 大小写不同，晋升会产生副本，故并入包内材料。,math-mo-sanyuan-duoyuan-jianyuan
mat_161_240.csv#180,MATH,math-mo-erci-budengshi-zhengShuJie,MERGE_INTO,包内节点 一元二次不等式 已有材料 math-mo-erci-budengshi-zhengshujie；候选 slug 去大写后与之相同，title/summary/applicability/content/boundary/derivationKind/sourceLocator 九字段逐项比对一致，等价覆盖,等价覆盖：候选与包内该材料为同一材料，仅 slug 大小写不同，晋升会产生副本，故并入包内材料。,math-mo-erci-budengshi-zhengshujie
mat_161_240.csv#181,MATH,math-mo-hengChengLi-fenLi-canshu-sitiao,MERGE_INTO,包内节点 分离参数法-分离参数后转化为求函数的值域-最值-问题求解 已有材料 math-mo-hengchengli-fenli-canshu-sitiao；候选 slug 去大写后与之相同，title/summary/applicability/content/boundary/derivationKind/sourceLocator 九字段逐项比对一致，等价覆盖,等价覆盖：候选与包内该材料为同一材料，仅 slug 大小写不同，晋升会产生副本，故并入包内材料。,math-mo-hengchengli-fenli-canshu-sitiao
mat_161_240.csv#182,MATH,math-mo-fanWei-zhengTiHuanYuan,MERGE_INTO,包内节点 利用不等式的性质求数-式-的范围 已有材料 math-mo-fanwei-zhengtihuanyuan；候选 slug 去大写后与之相同，title/summary/applicability/content/boundary/derivationKind/sourceLocator 九字段逐项比对一致，等价覆盖,等价覆盖：候选与包内该材料为同一材料，仅 slug 大小写不同，晋升会产生副本，故并入包内材料。,math-mo-fanwei-zhengtihuanyuan
mat_161_240.csv#183,MATH,math-mo-chouXiang-budengshi-dandiaoJie,MERGE_INTO,包内节点 利用单调性解不等式时忽略定义域致错 已有材料 math-mo-chouxiang-budengshi-dandiaojie；候选 slug 去大写后与之相同，title/summary/applicability/content/boundary/derivationKind/sourceLocator 九字段逐项比对一致，等价覆盖,等价覆盖：候选与包内该材料为同一材料，仅 slug 大小写不同，晋升会产生副本，故并入包内材料。,math-mo-chouxiang-budengshi-dandiaojie
mat_161_240.csv#184,MATH,math-mo-zhiDui-yunsuan-yuanZe,MERGE_INTO,包内节点 指数幂的运算性质 已有材料 math-mo-zhidui-yunsuan-yuanze；候选 slug 去大写后与之相同，title/summary/applicability/content/boundary/derivationKind/sourceLocator 九字段逐项比对一致，等价覆盖,等价覆盖：候选与包内该材料为同一材料，仅 slug 大小写不同，晋升会产生副本，故并入包内材料。,math-mo-zhidui-yunsuan-yuanze
mat_161_240.csv#185,MATH,math-mo-miHanshu-sanXian-liuQu,MERGE_INTO,包内节点 对数函数图象的常用结论 已有材料 math-mo-mihanshu-sanxian-liuqu；候选 slug 去大写后与之相同，title/summary/applicability/content/boundary/derivationKind/sourceLocator 九字段逐项比对一致，等价覆盖,等价覆盖：候选与包内该材料为同一材料，仅 slug 大小写不同，晋升会产生副本，故并入包内材料。,math-mo-mihanshu-sanxian-liuqu
mat_161_240.csv#186,MATH,math-mo-miHanshu-dandiao-qiou,MERGE_INTO,包内节点 性质法-利用函数性质-若能确定函数的单调性-则其零点个数不难得到 已有材料 math-mo-mihanshu-dandiao-qiou；候选 slug 去大写后与之相同，title/summary/applicability/content/boundary/derivationKind/sourceLocator 九字段逐项比对一致，等价覆盖,等价覆盖：候选与包内该材料为同一材料，仅 slug 大小写不同，晋升会产生副本，故并入包内材料。,math-mo-mihanshu-dandiao-qiou
mat_161_240.csv#187,MATH,math-mo-zhiShu-dandiao-tongDi,MERGE_INTO,包内节点 已知函数单调性求参数 已有材料 math-mo-zhishu-dandiao-tongdi；候选 slug 去大写后与之相同，title/summary/applicability/content/boundary/derivationKind/sourceLocator 九字段逐项比对一致，等价覆盖,等价覆盖：候选与包内该材料为同一材料，仅 slug 大小写不同，晋升会产生副本，故并入包内材料。,math-mo-zhishu-dandiao-tongdi
mat_161_240.csv#188,MATH,math-mo-zhiShu-qiou-sanLeixing,MERGE_INTO,包内节点 函数奇偶性的几个重要结论 已有材料 math-mo-zhishu-qiou-sanleixing；候选 slug 去大写后与之相同，title/summary/applicability/content/boundary/derivationKind/sourceLocator 九字段逐项比对一致，等价覆盖,等价覆盖：候选与包内该材料为同一材料，仅 slug 大小写不同，晋升会产生副本，故并入包内材料。,math-mo-zhishu-qiou-sanleixing
mat_161_240.csv#189,MATH,math-mo-zhiDui-xing-zhiyv-huanYuan,MERGE_INTO,包内节点 函数值域的求法 已有材料 math-mo-zhidui-xing-zhiyv-huanyuan；候选 slug 去大写后与之相同，title/summary/applicability/content/boundary/derivationKind/sourceLocator 九字段逐项比对一致，等价覆盖,等价覆盖：候选与包内该材料为同一材料，仅 slug 大小写不同，晋升会产生副本，故并入包内材料。,math-mo-zhidui-xing-zhiyv-huanyuan
mat_161_240.csv#190,MATH,math-mo-duiShu-budengshi-sanleixing,MERGE_INTO,包内节点 指数不等式 已有材料 math-mo-duishu-budengshi-sanleixing；候选 slug 去大写后与之相同，title/summary/applicability/content/boundary/derivationKind/sourceLocator 九字段逐项比对一致，等价覆盖,等价覆盖：候选与包内该材料为同一材料，仅 slug 大小写不同，晋升会产生副本，故并入包内材料。,math-mo-duishu-budengshi-sanleixing
mat_161_240.csv#191,MATH,math-mo-duiShu-fuhe-dandiao-silu,MERGE_INTO,包内节点 对数型复合函数的单调性问题的求解策略 已有材料 math-mo-duishu-fuhe-dandiao-silu；候选 slug 去大写后与之相同，title/summary/applicability/content/boundary/derivationKind/sourceLocator 九字段逐项比对一致，等价覆盖,等价覆盖：候选与包内该材料为同一材料，仅 slug 大小写不同，晋升会产生副本，故并入包内材料。,math-mo-duishu-fuhe-dandiao-silu
mat_161_240.csv#192,MATH,math-mo-zhiDui-biDaXiao-liufa,MERGE_INTO,包内节点 指对幂比较大小的常用方法 已有材料 math-mo-zhidui-bidaxiao-liufa；候选 slug 去大写后与之相同，title/summary/applicability/content/boundary/derivationKind/sourceLocator 九字段逐项比对一致，等价覆盖,等价覆盖：候选与包内该材料为同一材料，仅 slug 大小写不同，晋升会产生副本，故并入包内材料。,math-mo-zhidui-bidaxiao-liufa
mat_161_240.csv#193,MATH,math-mo-zuoTu-sanfa,MERGE_INTO,包内节点 对命题条件探索的三种方法 已有材料 math-mo-zuotu-sanfa；候选 slug 去大写后与之相同，title/summary/applicability/content/boundary/derivationKind/sourceLocator 九字段逐项比对一致，等价覆盖,等价覆盖：候选与包内该材料为同一材料，仅 slug 大小写不同，晋升会产生副本，故并入包内材料。,math-mo-zuotu-sanfa
mat_161_240.csv#194,MATH,math-mo-tuXiang-bianShi-sibu,MERGE_INTO,包内节点 换元法-主要用于解决已知的解析式-求函数的解析式的问题 已有材料 math-mo-tuxiang-bianshi-sibu；候选 slug 去大写后与之相同，title/summary/applicability/content/boundary/derivationKind/sourceLocator 九字段逐项比对一致，等价覆盖；唯一差异字段 boundaryMarkdown,等价覆盖：候选与包内该材料为同一材料，仅 slug 大小写不同，晋升会产生副本，故并入包内材料。另注：候选 boundary 中趋于正无穷的箭头命令被损坏为制表符，包内版本正确，合并后以包内为准，无内容损失。,math-mo-tuxiang-bianshi-sibu
mat_161_240.csv#195,MATH,math-mo-youTu-xuanShi-sanChakan,MERGE_INTO,包内节点 换元法-主要用于解决已知的解析式-求函数的解析式的问题 已有材料 math-mo-youtu-xuanshi-sanchakan；候选 slug 去大写后与之相同，title/summary/applicability/content/boundary/derivationKind/sourceLocator 九字段逐项比对一致，等价覆盖,等价覆盖：候选与包内该材料为同一材料，仅 slug 大小写不同，晋升会产生副本，故并入包内材料。,math-mo-youtu-xuanshi-sanchakan
mat_161_240.csv#196,MATH,math-mo-shiJi-tuXiang-panding,MERGE_INTO,包内节点 在求函数的最值时-一定要在定义域-使实际问题有意义的自变量的取值范围-内求解 已有材料 math-mo-shiji-tuxiang-panding；候选 slug 去大写后与之相同，title/summary/applicability/content/boundary/derivationKind/sourceLocator 九字段逐项比对一致，等价覆盖,等价覆盖：候选与包内该材料为同一材料，仅 slug 大小写不同，晋升会产生副本，故并入包内材料。,math-mo-shiji-tuxiang-panding
mat_161_240.csv#197,MATH,math-mo-lingdian-quJian-panding,MERGE_INTO,包内节点 估值法-1-估算要比较大小的两个值所在的大致区间 已有材料 math-mo-lingdian-qujian-panding；候选 slug 去大写后与之相同，title/summary/applicability/content/boundary/derivationKind/sourceLocator 九字段逐项比对一致，等价覆盖,等价覆盖：候选与包内该材料为同一材料，仅 slug 大小写不同，晋升会产生副本，故并入包内材料。,math-mo-lingdian-qujian-panding
mat_161_240.csv#198,MATH,math-mo-lingdian-he-duiChenXing,MERGE_INTO,包内节点 函数的对称性 已有材料 math-mo-lingdian-he-duichenxing；候选 slug 去大写后与之相同，title/summary/applicability/content/boundary/derivationKind/sourceLocator 九字段逐项比对一致，等价覆盖,等价覆盖：候选与包内该材料为同一材料，仅 slug 大小写不同，晋升会产生副本，故并入包内材料。,math-mo-lingdian-he-duichenxing
mat_161_240.csv#199,MATH,math-mo-zhongBian-XiangTong-panding,MERGE_INTO,包内节点 对集合表示方法的理解偏差致错 已有材料 math-mo-zhongbian-xiangtong-panding；候选 slug 去大写后与之相同，title/summary/applicability/content/boundary/derivationKind/sourceLocator 九字段逐项比对一致，等价覆盖,等价覆盖：候选与包内该材料为同一材料，仅 slug 大小写不同，晋升会产生副本，故并入包内材料。,math-mo-zhongbian-xiangtong-panding
mat_161_240.csv#200,MATH,math-mo-queding-jiao-de-XiangXian,MERGE_INTO,包内节点 由前几项归纳数列通项的方法 已有材料 math-mo-queding-jiao-de-xiangxian；候选 slug 去大写后与之相同，title/summary/applicability/content/boundary/derivationKind/sourceLocator 九字段逐项比对一致，等价覆盖,等价覆盖：候选与包内该材料为同一材料，仅 slug 大小写不同，晋升会产生副本，故并入包内材料。,math-mo-queding-jiao-de-xiangxian
mat_161_240.csv#201,MATH,math-mo-huDuZhi-huanSuan-shuZhi,MERGE_INTO,包内节点 任意角与弧度制 已有材料 math-mo-huduzhi-huansuan-shuzhi；候选 slug 去大写后与之相同，title/summary/applicability/content/boundary/derivationKind/sourceLocator 九字段逐项比对一致，等价覆盖,等价覆盖：候选与包内该材料为同一材料，仅 slug 大小写不同，晋升会产生副本，故并入包内材料。,math-mo-huduzhi-huansuan-shuzhi
mat_161_240.csv#202,MATH,math-mo-shanXing-huChang-mianJi,MERGE_INTO,包内节点 扇形的弧长与面积公式 已有材料 math-mo-shanxing-huchang-mianji；候选 slug 去大写后与之相同，title/summary/applicability/content/boundary/derivationKind/sourceLocator 九字段逐项比对一致，等价覆盖,等价覆盖：候选与包内该材料为同一材料，仅 slug 大小写不同，晋升会产生副本，故并入包内材料。,math-mo-shanxing-huchang-mianji
mat_161_240.csv#203,MATH,math-mo-sanJiao-dingyi-liangzhong,MERGE_INTO,包内节点 三角函数的定义 已有材料 math-mo-sanjiao-dingyi-liangzhong；候选 slug 去大写后与之相同，title/summary/applicability/content/boundary/derivationKind/sourceLocator 九字段逐项比对一致，等价覆盖,等价覆盖：候选与包内该材料为同一材料，仅 slug 大小写不同，晋升会产生副本，故并入包内材料。,math-mo-sanjiao-dingyi-liangzhong
mat_161_240.csv#204,MATH,math-mo-sanJiao-fuhao-kouJue,MERGE_INTO,包内节点 三角函数的定义 已有材料 math-mo-sanjiao-fuhao-koujue；候选 slug 去大写后与之相同，title/summary/applicability/content/boundary/derivationKind/sourceLocator 九字段逐项比对一致，等价覆盖,等价覆盖：候选与包内该材料为同一材料，仅 slug 大小写不同，晋升会产生副本，故并入包内材料。,math-mo-sanjiao-fuhao-koujue
mat_161_240.csv#205,MATH,math-mo-sanJiaoXian-danWeiYuan,MERGE_INTO,包内节点 三角函数的定义 已有材料 math-mo-sanjiaoxian-danweiyuan；候选 slug 去大写后与之相同，title/summary/applicability/content/boundary/derivationKind/sourceLocator 九字段逐项比对一致，等价覆盖,等价覆盖：候选与包内该材料为同一材料，仅 slug 大小写不同，晋升会产生副本，故并入包内材料。,math-mo-sanjiaoxian-danweiyuan
mat_161_240.csv#206,MATH,math-mo-tongJiao-guanxi-bianXingZu,MERGE_INTO,包内节点 同角三角函数的基本关系 已有材料 math-mo-tongjiao-guanxi-bianxingzu；候选 slug 去大写后与之相同，title/summary/applicability/content/boundary/derivationKind/sourceLocator 九字段逐项比对一致，等价覆盖,等价覆盖：候选与包内该材料为同一材料，仅 slug 大小写不同，晋升会产生副本，故并入包内材料。,math-mo-tongjiao-guanxi-bianxingzu
mat_161_240.csv#207,MATH,math-mo-Xian-shi-huaQie-sanlei,MERGE_INTO,包内节点 齐次式与切弦互化 已有材料 math-mo-xian-shi-huaqie-sanlei；候选 slug 去大写后与之相同，title/summary/applicability/content/boundary/derivationKind/sourceLocator 九字段逐项比对一致，等价覆盖,等价覆盖：候选与包内该材料为同一材料，仅 slug 大小写不同，晋升会产生副本，故并入包内材料。,math-mo-xian-shi-huaqie-sanlei
mat_161_240.csv#208,MATH,math-mo-sanJianKe-zhiYiQiuEr,MERGE_INTO,包内节点 同角三角函数的基本关系 已有材料 math-mo-sanjianke-zhiyiqiuer；候选 slug 去大写后与之相同，title/summary/applicability/content/boundary/derivationKind/sourceLocator 九字段逐项比对一致，等价覆盖,等价覆盖：候选与包内该材料为同一材料，仅 slug 大小写不同，晋升会产生副本，故并入包内材料。,math-mo-sanjianke-zhiyiqiuer
mat_161_240.csv#209,MATH,math-mo-heChaJiao-erBeiJiao-gongshiZu,MERGE_INTO,包内节点 二倍角公式 已有材料 math-mo-hechajiao-erbeijiao-gongshizu；候选 slug 去大写后与之相同，title/summary/applicability/content/boundary/derivationKind/sourceLocator 九字段逐项比对一致，等价覆盖,等价覆盖：候选与包内该材料为同一材料，仅 slug 大小写不同，晋升会产生副本，故并入包内材料。,math-mo-hechajiao-erbeijiao-gongshizu
mat_161_240.csv#210,MATH,math-mo-fuZhuJiao-gongshi-teShuJiao,MERGE_INTO,包内节点 二倍角公式 已有材料 math-mo-fuzhujiao-gongshi-teshujiao；候选 slug 去大写后与之相同，title/summary/applicability/content/boundary/derivationKind/sourceLocator 九字段逐项比对一致，等价覆盖,等价覆盖：候选与包内该材料为同一材料，仅 slug 大小写不同，晋升会产生副本，故并入包内材料。,math-mo-fuzhujiao-gongshi-teshujiao
mat_161_240.csv#211,MATH,math-mo-geiJiao-qiuzhi-sanfangmian,MERGE_INTO,包内节点 三角恒等变换 已有材料 math-mo-geijiao-qiuzhi-sanfangmian；候选 slug 去大写后与之相同，title/summary/applicability/content/boundary/derivationKind/sourceLocator 九字段逐项比对一致，等价覆盖,等价覆盖：候选与包内该材料为同一材料，仅 slug 大小写不同，晋升会产生副本，故并入包内材料。,math-mo-geijiao-qiuzhi-sanfangmian
mat_161_240.csv#212,MATH,math-mo-geiZhi-qiujiao-sanbu,MERGE_INTO,包内节点 三角恒等变换 已有材料 math-mo-geizhi-qiujiao-sanbu；候选 slug 去大写后与之相同，title/summary/applicability/content/boundary/derivationKind/sourceLocator 九字段逐项比对一致，等价覆盖,等价覆盖：候选与包内该材料为同一材料，仅 slug 大小写不同，晋升会产生副本，故并入包内材料。,math-mo-geizhi-qiujiao-sanbu
mat_161_240.csv#213,MATH,math-mo-geiZhi-qiuzhi-silu,MERGE_INTO,包内节点 给值求值问题 已有材料 math-mo-geizhi-qiuzhi-silu；候选 slug 去大写后与之相同，title/summary/applicability/content/boundary/derivationKind/sourceLocator 九字段逐项比对一致，等价覆盖,等价覆盖：候选与包内该材料为同一材料，仅 slug 大小写不同，晋升会产生副本，故并入包内材料。,math-mo-geizhi-qiuzhi-silu
mat_161_240.csv#214,MATH,math-mo-wuDian-zuotu-guanJiandian,MERGE_INTO,包内节点 描点法作图 已有材料 math-mo-wudian-zuotu-guanjiandian；候选 slug 去大写后与之相同，title/summary/applicability/content/boundary/derivationKind/sourceLocator 九字段逐项比对一致，等价覆盖,等价覆盖：候选与包内该材料为同一材料，仅 slug 大小写不同，晋升会产生副本，故并入包内材料。,math-mo-wudian-zuotu-guanjiandian
mat_161_240.csv#215,MATH,math-mo-sanJiao-qiou-phi-tiaojian,MERGE_INTO,包内节点 函数奇偶性的几个重要结论 已有材料 math-mo-sanjiao-qiou-phi-tiaojian；候选 slug 去大写后与之相同，title/summary/applicability/content/boundary/derivationKind/sourceLocator 九字段逐项比对一致，等价覆盖,等价覆盖：候选与包内该材料为同一材料，仅 slug 大小写不同，晋升会产生副本，故并入包内材料。,math-mo-sanjiao-qiou-phi-tiaojian
mat_161_240.csv#216,MATH,math-mo-sanJiao-zhouQi-jielun,MERGE_INTO,包内节点 对数函数图象的常用结论 已有材料 math-mo-sanjiao-zhouqi-jielun；候选 slug 去大写后与之相同，title/summary/applicability/content/boundary/derivationKind/sourceLocator 九字段逐项比对一致，等价覆盖,等价覆盖：候选与包内该材料为同一材料，仅 slug 大小写不同，晋升会产生副本，故并入包内材料。,math-mo-sanjiao-zhouqi-jielun
mat_161_240.csv#217,MATH,math-mo-sanJiao-duiChen-gongshiZu,MERGE_INTO,包内节点 函数的对称性 已有材料 math-mo-sanjiao-duichen-gongshizu；候选 slug 去大写后与之相同，title/summary/applicability/content/boundary/derivationKind/sourceLocator 九字段逐项比对一致，等价覆盖,等价覆盖：候选与包内该材料为同一材料，仅 slug 大小写不同，晋升会产生副本，故并入包内材料。,math-mo-sanjiao-duichen-gongshizu
mat_161_240.csv#218,MATH,math-mo-sanJiao-zhiYv-liuXing,MERGE_INTO,包内节点 三角函数的值域与最值 已有材料 math-mo-sanjiao-zhiyv-liuxing；候选 slug 去大写后与之相同，title/summary/applicability/content/boundary/derivationKind/sourceLocator 九字段逐项比对一致，等价覆盖,等价覆盖：候选与包内该材料为同一材料，仅 slug 大小写不同，晋升会产生副本，故并入包内材料。,math-mo-sanjiao-zhiyv-liuxing
mat_161_240.csv#219,MATH,math-mo-youTu-qiujieXishi-sanDing,MERGE_INTO,包内节点 换元法-主要用于解决已知的解析式-求函数的解析式的问题 已有材料 math-mo-youtu-qiujiexishi-sanding；候选 slug 去大写后与之相同，title/summary/applicability/content/boundary/derivationKind/sourceLocator 九字段逐项比对一致，等价覆盖,等价覆盖：候选与包内该材料为同一材料，仅 slug 大小写不同，晋升会产生副本，故并入包内材料。,math-mo-youtu-qiujiexishi-sanding
mat_161_240.csv#220,MATH,math-mo-sanJiao-lingdian-gongshiZu,MERGE_INTO,包内节点 函数零点的定义 已有材料 math-mo-sanjiao-lingdian-gongshizu；候选 slug 去大写后与之相同，title/summary/applicability/content/boundary/derivationKind/sourceLocator 九字段逐项比对一致，等价覆盖,等价覆盖：候选与包内该材料为同一材料，仅 slug 大小写不同，晋升会产生副本，故并入包内材料。,math-mo-sanjiao-lingdian-gongshizu
mat_161_240.csv#221,MATH,math-mo-sanJiao-XingZhi-lianDong,MERGE_INTO,包内节点 三角函数的图象与性质 已有材料 math-mo-sanjiao-xingzhi-liandong；候选 slug 去大写后与之相同，title/summary/applicability/content/boundary/derivationKind/sourceLocator 九字段逐项比对一致，等价覆盖,等价覆盖：候选与包内该材料为同一材料，仅 slug 大小写不同，晋升会产生副本，故并入包内材料。,math-mo-sanjiao-xingzhi-liandong
mat_161_240.csv#222,MATH,math-mo-sanJiao-moXing-lianglei,MERGE_INTO,包内节点 三角函数的定义 已有材料 math-mo-sanjiao-moxing-lianglei；候选 slug 去大写后与之相同，title/summary/applicability/content/boundary/derivationKind/sourceLocator 九字段逐项比对一致，等价覆盖,等价覆盖：候选与包内该材料为同一材料，仅 slug 大小写不同，晋升会产生副本，故并入包内材料。,math-mo-sanjiao-moxing-lianglei
mat_161_240.csv#223,MATH,math-mo-jie-dange-sanJiaoXing,MERGE_INTO,包内节点 解三角形的实际应用 已有材料 math-mo-jie-dange-sanjiaoxing；候选 slug 去大写后与之相同，title/summary/applicability/content/boundary/derivationKind/sourceLocator 九字段逐项比对一致，等价覆盖,等价覆盖：候选与包内该材料为同一材料，仅 slug 大小写不同，晋升会产生副本，故并入包内材料。,math-mo-jie-dange-sanjiaoxing
mat_161_240.csv#224,MATH,math-mo-jie-duoge-sanJiaoXing,MERGE_INTO,包内节点 解三角形的实际应用 已有材料 math-mo-jie-duoge-sanjiaoxing；候选 slug 去大写后与之相同，title/summary/applicability/content/boundary/derivationKind/sourceLocator 九字段逐项比对一致，等价覆盖,等价覆盖：候选与包内该材料为同一材料，仅 slug 大小写不同，晋升会产生副本，故并入包内材料。,math-mo-jie-duoge-sanjiaoxing
mat_161_240.csv#225,MATH,math-mo-jiaoPingfen-xianChuizhi-zhongXian-chuli,MERGE_INTO,包内节点 三角形面积公式 已有材料 math-mo-jiaopingfen-xianchuizhi-zhongxian-chuli；候选 slug 去大写后与之相同，title/summary/applicability/content/boundary/derivationKind/sourceLocator 九字段逐项比对一致，等价覆盖,等价覆盖：候选与包内该材料为同一材料，仅 slug 大小写不同，晋升会产生副本，故并入包内材料。,math-mo-jiaopingfen-xianchuizhi-zhongxian-chuli
mat_161_240.csv#226,MATH,math-mo-waiXin-neiXin-bianjie,MERGE_INTO,包内节点 对数函数图象的常用结论 已有材料 math-mo-waixin-neixin-bianjie；候选 slug 去大写后与之相同，title/summary/applicability/content/boundary/derivationKind/sourceLocator 九字段逐项比对一致，等价覆盖,等价覆盖：候选与包内该材料为同一材料，仅 slug 大小写不同，晋升会产生副本，故并入包内材料。,math-mo-waixin-neixin-bianjie
mat_161_240.csv#227,MATH,math-mo-shiCe-ChangDu-JiaoDu-yaoDian,MERGE_INTO,包内节点 空间几何体中的截面问题 已有材料 math-mo-shice-changdu-jiaodu-yaodian；候选 slug 去大写后与之相同，title/summary/applicability/content/boundary/derivationKind/sourceLocator 九字段逐项比对一致，等价覆盖,等价覆盖：候选与包内该材料为同一材料，仅 slug 大小写不同，晋升会产生副本，故并入包内材料。,math-mo-shice-changdu-jiaodu-yaodian
mat_161_240.csv#228,MATH,math-mo-sanJiaoXing-zuizhi-liangluxian,MERGE_INTO,包内节点 三角形面积公式 已有材料 math-mo-sanjiaoxing-zuizhi-liangluxian；候选 slug 去大写后与之相同，title/summary/applicability/content/boundary/derivationKind/sourceLocator 九字段逐项比对一致，等价覆盖,等价覆盖：候选与包内该材料为同一材料，仅 slug 大小写不同，晋升会产生副本，故并入包内材料。,math-mo-sanjiaoxing-zuizhi-liangluxian
mat_161_240.csv#229,MATH,math-mo-sanJiaoXian-hengdengshi-zhengming,MERGE_INTO,包内节点 三角恒等变换 已有材料 math-mo-sanjiaoxian-hengdengshi-zhengming；候选 slug 去大写后与之相同，title/summary/applicability/content/boundary/derivationKind/sourceLocator 九字段逐项比对一致，等价覆盖,等价覆盖：候选与包内该材料为同一材料，仅 slug 大小写不同，晋升会产生副本，故并入包内材料。,math-mo-sanjiaoxian-hengdengshi-zhengming
mat_161_240.csv#230,MATH,math-mo-zengZhang-SuDu-sanLeiBijiao,MERGE_INTO,包内节点 忽略对指数与对数底数的讨论致错 已有材料 math-mo-zengzhang-sudu-sanleibijiao；候选 slug 去大写后与之相同，title/summary/applicability/content/boundary/derivationKind/sourceLocator 九字段逐项比对一致，等价覆盖,等价覆盖：候选与包内该材料为同一材料，仅 slug 大小写不同，晋升会产生副本，故并入包内材料。,math-mo-zengzhang-sudu-sanleibijiao
mat_161_240.csv#231,MATH,math-mo-changJian-hanShuMoXing-qingdan,MERGE_INTO,包内节点 换元法-主要用于解决已知的解析式-求函数的解析式的问题 已有材料 math-mo-changjian-hanshumoxing-qingdan；候选 slug 去大写后与之相同，title/summary/applicability/content/boundary/derivationKind/sourceLocator 九字段逐项比对一致，等价覆盖,等价覆盖：候选与包内该材料为同一材料，仅 slug 大小写不同，晋升会产生副本，故并入包内材料。,math-mo-changjian-hanshumoxing-qingdan
mat_161_240.csv#232,MATH,math-mo-yiZhiMoXing-qiujie-guanJian,MERGE_INTO,包内节点 在求函数的最值时-一定要在定义域-使实际问题有意义的自变量的取值范围-内求解 已有材料 math-mo-yizhimoxing-qiujie-guanjian；候选 slug 去大写后与之相同，title/summary/applicability/content/boundary/derivationKind/sourceLocator 九字段逐项比对一致，等价覆盖,等价覆盖：候选与包内该材料为同一材料，仅 slug 大小写不同，晋升会产生副本，故并入包内材料。,math-mo-yizhimoxing-qiujie-guanjian
mat_161_240.csv#233,MATH,math-mo-yangBen-XiangGuanXiShu-gongshi,MERGE_INTO,包内节点 函数的对应关系 已有材料 math-mo-yangben-xiangguanxishu-gongshi；候选 slug 去大写后与之相同，title/summary/applicability/content/boundary/derivationKind/sourceLocator 九字段逐项比对一致，等价覆盖,等价覆盖：候选与包内该材料为同一材料，仅 slug 大小写不同，晋升会产生副本，故并入包内材料。,math-mo-yangben-xiangguanxishu-gongshi
mat_161_240.csv#234,MATH,math-mo-fushu-guiJi-sidalei,MERGE_INTO,包内节点 复数的四则运算 已有材料 math-mo-fushu-guiji-sidalei；候选 slug 去大写后与之相同，title/summary/applicability/content/boundary/derivationKind/sourceLocator 九字段逐项比对一致，等价覆盖,等价覆盖：候选与包内该材料为同一材料，仅 slug 大小写不同，晋升会产生副本，故并入包内材料。,math-mo-fushu-guiji-sidalei
mat_161_240.csv#235,MATH,math-mo-lieXiang-jiqiao-silei,MERGE_INTO,包内节点 裂项相消法中常见的裂项技巧 已有材料 math-mo-liexiang-jiqiao-silei；候选 slug 去大写后与之相同，title/summary/applicability/content/boundary/derivationKind/sourceLocator 九字段逐项比对一致，等价覆盖,等价覆盖：候选与包内该材料为同一材料，仅 slug 大小写不同，晋升会产生副本，故并入包内材料。,math-mo-liexiang-jiqiao-silei
mat_161_240.csv#236,MATH,math-mo-fenCeng-chouYang-junZhi,MERGE_INTO,包内节点 分层随机抽样 已有材料 math-mo-fenceng-chouyang-junzhi；候选 slug 去大写后与之相同，title/summary/applicability/content/boundary/derivationKind/sourceLocator 九字段逐项比对一致，等价覆盖,等价覆盖：候选与包内该材料为同一材料，仅 slug 大小写不同，晋升会产生副本，故并入包内材料。,math-mo-fenceng-chouyang-junzhi
mat_161_240.csv#237,MATH,math-mo-fenCeng-chouYang-fangCha,MERGE_INTO,包内节点 分层随机抽样 已有材料 math-mo-fenceng-chouyang-fangcha；候选 slug 去大写后与之相同，title/summary/applicability/content/boundary/derivationKind/sourceLocator 九字段逐项比对一致，等价覆盖,等价覆盖：候选与包内该材料为同一材料，仅 slug 大小写不同，晋升会产生副本，故并入包内材料。,math-mo-fenceng-chouyang-fangcha
mat_161_240.csv#238,MATH,math-mo-quanGaiLv-yu-BeiYeSi,MERGE_INTO,包内节点 全概率 已有材料 math-mo-quangailv-yu-beiyesi；候选 slug 去大写后与之相同，title/summary/applicability/content/boundary/derivationKind/sourceLocator 九字段逐项比对一致，等价覆盖,等价覆盖：候选与包内该材料为同一材料，仅 slug 大小写不同，晋升会产生副本，故并入包内材料。,math-mo-quangailv-yu-beiyesi
mat_161_240.csv#239,MATH,math-mo-boNuLi-erXiangFenBu-beiJing,MERGE_INTO,包内节点 二项分布 已有材料 math-mo-bonuli-erxiangfenbu-beijing；候选 slug 去大写后与之相同，title/summary/applicability/content/boundary/derivationKind/sourceLocator 九字段逐项比对一致，等价覆盖,等价覆盖：候选与包内该材料为同一材料，仅 slug 大小写不同，晋升会产生副本，故并入包内材料。,math-mo-bonuli-erxiangfenbu-beijing
mat_161_240.csv#240,MATH,math-mo-zuGeng-yuanLi,MERGE_INTO,包内节点 祖暅原理 已有材料 math-mo-zugeng-yuanli；候选 slug 去大写后与之相同，title/summary/applicability/content/boundary/derivationKind/sourceLocator 九字段逐项比对一致，等价覆盖,等价覆盖：候选与包内该材料为同一材料，仅 slug 大小写不同，晋升会产生副本，故并入包内材料。,math-mo-zugeng-yuanli
mat_1_80.csv#1,MATH,math-hj-dengbi-Sn-fenduan-taolun,MERGE_INTO,覆盖材料 math-hj-dengbi-sn-fenduan-taolun（METHOD_MODEL，等比数列求和必讨论 q=1；节点 等差乘等比数列求和-令-可以用错位相减法）；title/summary/content/boundary/applicability 五字段逐字相同,候选 slug 含大写字母，按 slug 精确比对时被判为未入包；实为包内同一材料的大小写变体，五个文本字段与包内逐字相同，无新增信息。,math-hj-dengbi-sn-fenduan-taolun
mat_1_80.csv#2,MATH,math-hj-jueding-xishu-R2,MERGE_INTO,覆盖材料 math-hj-jueding-xishu-r2（CONCEPT_EXPLANATION，决定系数 R²；节点 待定系数法-若已知函数的类型-如一次函数-二次函数等-可用待定系数法）；五字段在修复转义损伤后逐字相同（候选侧把 frac/bar/alpha/tan 等宏的转义写成控制字符）,候选 slug 含大写字母而被判未入包，实为包内同一材料的大小写变体；差异仅为候选侧宏转义的控制字符损伤，知识内容与包内相同，无新增信息。,math-hj-jueding-xishu-r2
mat_1_80.csv#3,MATH,math-hj-Snn-dengcha-dengjia,MERGE_INTO,覆盖材料 math-hj-snn-dengcha-dengjia（CONCEPT_EXPLANATION，Sn/n 为等差数列与等差数列的等价性；节点 等差数列与等比数列新背景问题）；五字段在修复转义损伤后逐字相同（候选侧把 frac/bar/alpha/tan 等宏的转义写成控制字符）,候选 slug 含大写字母而被判未入包，实为包内同一材料的大小写变体；差异仅为候选侧宏转义的控制字符损伤，知识内容与包内相同，无新增信息。,math-hj-snn-dengcha-dengjia
mat_1_80.csv#4,MATH,math-hj-s11-deMorgan,MERGE_INTO,覆盖材料 math-hj-s11-demorgan（METHOD_MODEL，补集与交并的德摩根律；节点 空间向量的数量积及运算律）；title/summary/content/boundary/applicability 五字段逐字相同,候选 slug 含大写字母，按 slug 精确比对时被判为未入包；实为包内同一材料的大小写变体，五个文本字段与包内逐字相同，无新增信息。,math-hj-s11-demorgan
mat_1_80.csv#5,MATH,math-hj-s11-AB-relation,MERGE_INTO,覆盖材料 math-hj-s11-ab-relation（METHOD_MODEL，由集合关系求参数的数轴法；节点 利用元素与集合的关系求参数）；title/summary/content/boundary/applicability 五字段逐字相同,候选 slug 含大写字母，按 slug 精确比对时被判为未入包；实为包内同一材料的大小写变体，五个文本字段与包内逐字相同，无新增信息。,math-hj-s11-ab-relation
mat_1_80.csv#6,MATH,math-hj-s46-Asin-params,MERGE_INTO,覆盖材料 math-hj-s46-asin-params（METHOD_MODEL，由图象确定 A、b、ω、φ；节点 端点取值需谨慎-在求参数范围时-要注意边界或区间端点值的检验-从而确定取舍）；title/summary/content/boundary/applicability 五字段逐字相同,候选 slug 含大写字母，按 slug 精确比对时被判为未入包；实为包内同一材料的大小写变体，五个文本字段与包内逐字相同，无新增信息。,math-hj-s46-asin-params
mat_1_80.csv#7,MATH,math-fx-shanxing-zhouChang-zuidamianji,MERGE_INTO,覆盖材料 math-fx-shanxing-zhouchang-zuidamianji（CONCEPT_EXPLANATION，扇形周长一定时面积最大的条件；节点 忽略建系的条件而出错）；五字段在修复转义损伤后逐字相同（候选侧把 frac/bar/alpha/tan 等宏的转义写成控制字符）,候选 slug 含大写字母而被判未入包，实为包内同一材料的大小写变体；差异仅为候选侧宏转义的控制字符损伤，知识内容与包内相同，无新增信息。,math-fx-shanxing-zhouchang-zuidamianji
mat_1_80.csv#8,MATH,math-fx-huhu-hubu-youDao,MERGE_INTO,覆盖材料 math-fx-huhu-hubu-youdao（CONCEPT_EXPLANATION，互余与互补角的诱导公式要点；节点 诱导公式）；五字段在修复转义损伤后逐字相同（候选侧把 frac/bar/alpha/tan 等宏的转义写成控制字符）,候选 slug 含大写字母而被判未入包，实为包内同一材料的大小写变体；差异仅为候选侧宏转义的控制字符损伤，知识内容与包内相同，无新增信息。,math-fx-huhu-hubu-youdao
mat_1_80.csv#9,MATH,math-fx-A-omega-phi-yiyi,MERGE_INTO,覆盖材料 math-fx-a-omega-phi-yiyi（CONCEPT_EXPLANATION，$y=A\sin(\omega x+arphi)+k$ 中参数的意义；节点 函数的周期性）；两版知识内容相同，包内版本已丢失 varphi 的转义（写成 arphi）,候选 slug 含大写字母而被判未入包，实为包内同一材料的大小写变体；两版知识内容相同，仅包内版本丢失 varphi 的转义（写作 arphi）而候选版损坏更轻，仍属等价覆盖，建议另行修复包内文本。,math-fx-a-omega-phi-yiyi
mat_1_80.csv#10,MATH,math-fx-sanjiao-youTu-dingxishi,MERGE_INTO,覆盖材料 math-fx-sanjiao-youtu-dingxishi（METHOD_MODEL，由图象定 $y=A\sin(\omega x+arphi)$ 解析式的“三看”；节点 换元法-主要用于解决已知的解析式-求函数的解析式的问题）；两版知识内容相同，包内版本已丢失 varphi 的转义（写成 arphi）,候选 slug 含大写字母而被判未入包，实为包内同一材料的大小写变体；两版知识内容相同，仅包内版本丢失 varphi 的转义（写作 arphi）而候选版损坏更轻，仍属等价覆盖，建议另行修复包内文本。,math-fx-sanjiao-youtu-dingxishi
mat_1_80.csv#11,MATH,math-fx-an-yu-Sn-guanxi,MERGE_INTO,覆盖材料 math-fx-an-yu-sn-guanxi（METHOD_MODEL，由 $a_n$ 与 $S_n$ 关系求通项的分段法；节点 由前几项归纳数列通项的方法）；两版知识内容相同，差异仅 cases 环境内的空格与换行写法,候选 slug 含大写字母而被判未入包，实为包内同一材料的大小写变体；两版知识内容相同，仅 cases 环境内的空格与换行写法不同，无新增信息。,math-fx-an-yu-sn-guanxi
mat_1_80.csv#12,MATH,math-fx-dengcha-Sn-bizhi,MERGE_INTO,覆盖材料 math-fx-dengcha-sn-bizhi（METHOD_MODEL，两个等差数列前 $n$ 项和之比的应用；节点 等差数列前n项和性质的应用）；title/summary/content/boundary/applicability 五字段逐字相同,候选 slug 含大写字母，按 slug 精确比对时被判为未入包；实为包内同一材料的大小写变体，五个文本字段与包内逐字相同，无新增信息。,math-fx-dengcha-sn-bizhi
mat_1_80.csv#13,MATH,math-fx-dengbi-Sn-xingzhi,MERGE_INTO,覆盖材料 math-fx-dengbi-sn-xingzhi（CONCEPT_EXPLANATION，等比数列前 $n$ 项和的性质；节点 等比数列前项和的常用性质）；title/summary/content/boundary/applicability 五字段逐字相同,候选 slug 含大写字母，按 slug 精确比对时被判为未入包；实为包内同一材料的大小写变体，五个文本字段与包内逐字相同，无新增信息。,math-fx-dengbi-sn-xingzhi
mat_1_80.csv#14,MATH,math-fx-lieXiang-xiangxiao-gongshi,MERGE_INTO,覆盖材料 math-fx-liexiang-xiangxiao-gongshi（CONCEPT_EXPLANATION，常见裂项公式集；节点 数列通项公式的求法）；title/summary/content/boundary/applicability 五字段逐字相同,候选 slug 含大写字母，按 slug 精确比对时被判为未入包；实为包内同一材料的大小写变体，五个文本字段与包内逐字相同，无新增信息。,math-fx-liexiang-xiangxiao-gongshi
mat_1_80.csv#15,MATH,math-fx-liangzhixian-jiaodian-panDing,MERGE_INTO,覆盖材料 math-fx-liangzhixian-jiaodian-panding（METHOD_MODEL，两直线交点与位置关系的方程组判定；节点 空间位置关系的向量表示）；title/summary/content/boundary/applicability 五字段逐字相同,候选 slug 含大写字母，按 slug 精确比对时被判为未入包；实为包内同一材料的大小写变体，五个文本字段与包内逐字相同，无新增信息。,math-fx-liangzhixian-jiaodian-panding
mat_1_80.csv#16,MATH,math-fx-yuan-qieXian-lianglei,MERGE_INTO,覆盖材料 math-fx-yuan-qiexian-lianglei（METHOD_MODEL，圆的切线方程的两类求法；节点 圆的方程）；title/summary/content/boundary/applicability 五字段逐字相同,候选 slug 含大写字母，按 slug 精确比对时被判为未入包；实为包内同一材料的大小写变体，五个文本字段与包内逐字相同，无新增信息。,math-fx-yuan-qiexian-lianglei
mat_1_80.csv#17,MATH,math-fx-qieXianChang-gongshi,MERGE_INTO,覆盖材料 math-fx-qiexianchang-gongshi（CONCEPT_EXPLANATION，切线长公式；节点 圆的切线方程）；title/summary/content/boundary/applicability 五字段逐字相同,候选 slug 含大写字母，按 slug 精确比对时被判为未入包；实为包内同一材料的大小写变体，五个文本字段与包内逐字相同，无新增信息。,math-fx-qiexianchang-gongshi
mat_1_80.csv#18,MATH,math-fx-xianChang-gongshi-xue,MERGE_INTO,覆盖材料 math-fx-xianchang-gongshi-xue（METHOD_MODEL，直线被圆截得弦长的求法；节点 数列通项公式的求法）；title/summary/content/boundary/applicability 五字段逐字相同,候选 slug 含大写字母，按 slug 精确比对时被判为未入包；实为包内同一材料的大小写变体，五个文本字段与包内逐字相同，无新增信息。,math-fx-xianchang-gongshi-xue
mat_1_80.csv#19,MATH,math-fx-gonggongxian-gongqieXian,MERGE_INTO,覆盖材料 math-fx-gonggongxian-gongqiexian（METHOD_MODEL，两圆的公共弦与公切线；节点 两曲线的公切线问题）；title/summary/content/boundary/applicability 五字段逐字相同,候选 slug 含大写字母，按 slug 精确比对时被判为未入包；实为包内同一材料的大小写变体，五个文本字段与包内逐字相同，无新增信息。,math-fx-gonggongxian-gongqiexian
mat_1_80.csv#20,MATH,math-fx-qianNxiang-ji-fa,MERGE_INTO,覆盖材料 math-fx-qiannxiang-ji-fa（METHOD_MODEL，由前 $n$ 项积求数列通项；节点 由前几项归纳数列通项的方法）；title/summary/content/boundary/applicability 五字段逐字相同,候选 slug 含大写字母，按 slug 精确比对时被判为未入包；实为包内同一材料的大小写变体，五个文本字段与包内逐字相同，无新增信息。,math-fx-qiannxiang-ji-fa
mat_1_80.csv#21,MATH,math-fx-qieXian-zai-moudian,MERGE_INTO,覆盖材料 math-fx-qiexian-zai-moudian（METHOD_MODEL，求曲线“在”某点处的切线方程；节点 曲线-在-某点处的切线问题）；title/summary/content/boundary/applicability 五字段逐字相同,候选 slug 含大写字母，按 slug 精确比对时被判为未入包；实为包内同一材料的大小写变体，五个文本字段与包内逐字相同，无新增信息。,math-fx-qiexian-zai-moudian
mat_1_80.csv#22,MATH,math-fx-qieXian-guo-moudian,MERGE_INTO,覆盖材料 math-fx-qiexian-guo-moudian（METHOD_MODEL，求曲线“过”某点的切线方程（设切点三步法）；节点 曲线-过-某点的切线问题）；title/summary/content/boundary/applicability 五字段逐字相同,候选 slug 含大写字母，按 slug 精确比对时被判为未入包；实为包内同一材料的大小写变体，五个文本字段与包内逐字相同，无新增信息。,math-fx-qiexian-guo-moudian
mat_1_80.csv#23,MATH,math-fx-qieXian-canshu-sanguanxi,MERGE_INTO,覆盖材料 math-fx-qiexian-canshu-sanguanxi（METHOD_MODEL，与切线有关的参数问题（三个关系列方程）；节点 利用元素与集合的关系求参数）；title/summary/content/boundary/applicability 五字段逐字相同,候选 slug 含大写字母，按 slug 精确比对时被判为未入包；实为包内同一材料的大小写变体，五个文本字段与包内逐字相同，无新增信息。,math-fx-qiexian-canshu-sanguanxi
mat_1_80.csv#24,MATH,math-fx-qieXian-tiaoshu-lingdian,MERGE_INTO,覆盖材料 math-fx-qiexian-tiaoshu-lingdian（METHOD_MODEL，切线条数问题转化为方程解的个数；节点 解决垂直问题-利用-可将垂直问题转化为向量数量积的计算问题）；title/summary/content/boundary/applicability 五字段逐字相同,候选 slug 含大写字母，按 slug 精确比对时被判为未入包；实为包内同一材料的大小写变体，五个文本字段与包内逐字相同，无新增信息。,math-fx-qiexian-tiaoshu-lingdian
mat_1_80.csv#25,MATH,math-fx-gongqieXian-fenchao,MERGE_INTO,覆盖材料 math-fx-gongqiexian-fenchao（METHOD_MODEL，两曲线公切线问题的分拆解法；节点 两曲线的公切线问题）；title/summary/content/boundary/applicability 五字段逐字相同,候选 slug 含大写字母，按 slug 精确比对时被判为未入包；实为包内同一材料的大小写变体，五个文本字段与包内逐字相同，无新增信息。,math-fx-gongqiexian-fenchao
mat_1_80.csv#26,MATH,math-fx-qieXian-juli-zuixiao,MERGE_INTO,覆盖材料 math-fx-qiexian-juli-zuixiao（METHOD_MODEL，利用切线求点到直线（曲线间）距离的最值；节点 点到直线的距离）；title/summary/content/boundary/applicability 五字段逐字相同,候选 slug 含大写字母，按 slug 精确比对时被判为未入包；实为包内同一材料的大小写变体，五个文本字段与包内逐字相同，无新增信息。,math-fx-qiexian-juli-zuixiao
mat_1_80.csv#27,MATH,math-fx-qiou-dingyi-panDing,MERGE_INTO,覆盖材料 math-fx-qiou-dingyi-panding（METHOD_MODEL，函数奇偶性的定义与判定方法；节点 函数奇偶性的几个重要结论）；title/summary/content/boundary/applicability 五字段逐字相同,候选 slug 含大写字母，按 slug 精确比对时被判为未入包；实为包内同一材料的大小写变体，五个文本字段与包内逐字相同，无新增信息。,math-fx-qiou-dingyi-panding
mat_1_80.csv#28,MATH,math-fx-xiao-n-xiao-S-liangsilu,MERGE_INTO,覆盖材料 math-fx-xiao-n-xiao-s-liangsilu（METHOD_MODEL，由 $a_n$ 与 $S_n$ 递推式求通项的“消 $n$”与“消 $S$”两思路；节点 由前几项归纳数列通项的方法）；title/summary/content/boundary/applicability 五字段逐字相同,候选 slug 含大写字母，按 slug 精确比对时被判为未入包；实为包内同一材料的大小写变体，五个文本字段与包内逐字相同，无新增信息。,math-fx-xiao-n-xiao-s-liangsilu
mat_1_80.csv#29,MATH,math-fx-teShu-jihe-waijieqiu-jichu,MERGE_INTO,覆盖材料 math-fx-teshu-jihe-waijieqiu-jichu（METHOD_MODEL，特殊几何体外接球的求法；节点 求解几何体外接球的半径的思路）；title/summary/content/boundary/applicability 五字段逐字相同,候选 slug 含大写字母，按 slug 精确比对时被判为未入包；实为包内同一材料的大小写变体，五个文本字段与包内逐字相同，无新增信息。,math-fx-teshu-jihe-waijieqiu-jichu
mat_1_80.csv#30,MATH,math-fx-taier-fangSuo-sixiang,MERGE_INTO,覆盖材料 math-fx-taier-fangsuo-sixiang（METHOD_MODEL，泰勒放缩与帕德近似在比大小中的应用；节点 忽视基本不等式应用的条件致错）；title/summary/content/boundary/applicability 五字段逐字相同,候选 slug 含大写字母，按 slug 精确比对时被判为未入包；实为包内同一材料的大小写变体，五个文本字段与包内逐字相同，无新增信息。,math-fx-taier-fangsuo-sixiang
mat_1_80.csv#31,MATH,math-fx-duishu-junzhi-budengshi-LMI,MERGE_INTO,覆盖材料 math-fx-duishu-junzhi-budengshi-lmi（CONCEPT_EXPLANATION，对数均值不等式（LMI）；节点 绝对值不等式）；title/summary/content/boundary/applicability 五字段逐字相同,候选 slug 含大写字母，按 slug 精确比对时被判为未入包；实为包内同一材料的大小写变体，五个文本字段与包内逐字相同，无新增信息。,math-fx-duishu-junzhi-budengshi-lmi
mat_1_80.csv#32,MATH,math-fx-LMI-jzhidian-pianyi-wubu,MERGE_INTO,覆盖材料 math-fx-lmi-jzhidian-pianyi-wubu（METHOD_MODEL，对数均值不等式处理极值点偏移的“五步法”；节点 极值点偏移问题）；title/summary/content/boundary/applicability 五字段逐字相同,候选 slug 含大写字母，按 slug 精确比对时被判为未入包；实为包内同一材料的大小写变体，五个文本字段与包内逐字相同，无新增信息。,math-fx-lmi-jzhidian-pianyi-wubu
mat_1_80.csv#33,MATH,math-fx-qiexian-fangSuo-qingdan,MERGE_INTO,覆盖材料 math-fx-qiexian-fangsuo-qingdan（CONCEPT_EXPLANATION，四类函数的常用切线放缩不等式清单；节点 指数函数的常用技巧）；title/summary/content/boundary/applicability 五字段逐字相同,候选 slug 含大写字母，按 slug 精确比对时被判为未入包；实为包内同一材料的大小写变体，五个文本字段与包内逐字相同，无新增信息。,math-fx-qiexian-fangsuo-qingdan
mat_1_80.csv#34,MATH,math-fx-qieXian-jia-geXian-jia-jiandao,MERGE_INTO,覆盖材料 math-fx-qiexian-jia-gexian-jia-jiandao（CONCEPT_EXPLANATION，切线夹与割线夹（剪刀模型）；节点 利用不等式的性质求数-式-的范围）；title/summary/content/boundary/applicability 五字段逐字相同,候选 slug 含大写字母，按 slug 精确比对时被判为未入包；实为包内同一材料的大小写变体，五个文本字段与包内逐字相同，无新增信息。,math-fx-qiexian-jia-gexian-jia-jiandao
mat_1_80.csv#35,MATH,math-fx-jueDuiZhi-qiuhc-fenduan,MERGE_INTO,覆盖材料 math-fx-jueduizhi-qiuhc-fenduan（METHOD_MODEL，绝对值数列的求和（找正负分界）；节点 等差数列含绝对值问题）；title/summary/content/boundary/applicability 五字段逐字相同,候选 slug 含大写字母，按 slug 精确比对时被判为未入包；实为包内同一材料的大小写变体，五个文本字段与包内逐字相同，无新增信息。,math-fx-jueduizhi-qiuhc-fenduan
mat_1_80.csv#36,MATH,math-fx-teShujiao-hudu-duizhao,MERGE_INTO,覆盖材料 math-fx-teshujiao-hudu-duizhao（CONCEPT_EXPLANATION，常用特殊角的度数与弧度对照；节点 任意角与弧度制）；title/summary/content/boundary/applicability 五字段逐字相同,候选 slug 含大写字母，按 slug 精确比对时被判为未入包；实为包内同一材料的大小写变体，五个文本字段与包内逐字相同，无新增信息。,math-fx-teshujiao-hudu-duizhao
mat_1_80.csv#37,MATH,math-fx-youDao-duojiao-hebing,MERGE_INTO,覆盖材料 math-fx-youdao-duojiao-hebing（METHOD_MODEL，多角诱导公式化简的合并策略；节点 诱导公式）；五字段在修复转义损伤后逐字相同（候选侧把 frac/bar/alpha/tan 等宏的转义写成控制字符）,候选 slug 含大写字母而被判未入包，实为包内同一材料的大小写变体；差异仅为候选侧宏转义的控制字符损伤，知识内容与包内相同，无新增信息。,math-fx-youdao-duojiao-hebing
mat_1_80.csv#38,MATH,math-fx-teShujiao-coupei,MERGE_INTO,覆盖材料 math-fx-teshujiao-coupei（CONCEPT_EXPLANATION，$15°$、$75°$ 型特殊角的凑配值；节点 两角和与差的公式）；五字段在修复转义损伤后逐字相同（候选侧把 frac/bar/alpha/tan 等宏的转义写成控制字符）,候选 slug 含大写字母而被判未入包，实为包内同一材料的大小写变体；差异仅为候选侧宏转义的控制字符损伤，知识内容与包内相同，无新增信息。,math-fx-teshujiao-coupei
mat_1_80.csv#39,MATH,math-fx-jidi-biaoshi-cuoZuo,MERGE_INTO,覆盖材料 math-fx-jidi-biaoshi-cuozuo（METHOD_MODEL，用基底表示向量的操作步骤；节点 用基向量表示指定向量的方法）；title/summary/content/boundary/applicability 五字段逐字相同,候选 slug 含大写字母，按 slug 精确比对时被判为未入包；实为包内同一材料的大小写变体，五个文本字段与包内逐字相同，无新增信息。,math-fx-jidi-biaoshi-cuozuo
mat_1_80.csv#40,MATH,math-fx-qieXian-zai-guo-bianxi,MERGE_INTO,覆盖材料 math-fx-qiexian-zai-guo-bianxi（CONCEPT_EXPLANATION，曲线“在一点”与“过一点”切线的辨析；节点 曲线-在-某点处的切线问题）；title/summary/content/boundary/applicability 五字段逐字相同,候选 slug 含大写字母，按 slug 精确比对时被判为未入包；实为包内同一材料的大小写变体，五个文本字段与包内逐字相同，无新增信息。,math-fx-qiexian-zai-guo-bianxi
mat_1_80.csv#41,MATH,math-fx-geijiao-qiuzhi-chaiteShu,MERGE_INTO,覆盖材料 math-fx-geijiao-qiuzhi-chaiteshu（METHOD_MODEL，给角求值：非特殊角向特殊角的拆分；节点 三角恒等变换）；title/summary/content/boundary/applicability 五字段逐字相同,候选 slug 含大写字母，按 slug 精确比对时被判为未入包；实为包内同一材料的大小写变体，五个文本字段与包内逐字相同，无新增信息。,math-fx-geijiao-qiuzhi-chaiteshu
mat_1_80.csv#42,MATH,math-fx-fuZhi-jiqiao-chouxiang-hanshu,MERGE_INTO,覆盖材料 math-fx-fuzhi-jiqiao-chouxiang-hanshu（METHOD_MODEL，抽象函数的常用赋值技巧；节点 指数函数的常用技巧）；五字段在修复转义损伤后逐字相同（候选侧把 frac/bar/alpha/tan 等宏的转义写成控制字符）,候选 slug 含大写字母而被判未入包，实为包内同一材料的大小写变体；差异仅为候选侧宏转义的控制字符损伤，知识内容与包内相同，无新增信息。,math-fx-fuzhi-jiqiao-chouxiang-hanshu
mat_1_80.csv#43,MATH,math-fx-qiexian-fangSuo-zhengti-sanbu,MERGE_INTO,覆盖材料 math-fx-qiexian-fangsuo-zhengti-sanbu（METHOD_MODEL，切线放缩证明不等式的整体三步；节点 证明不等式）；title/summary/content/boundary/applicability 五字段逐字相同,候选 slug 含大写字母，按 slug 精确比对时被判为未入包；实为包内同一材料的大小写变体，五个文本字段与包内逐字相同，无新增信息。,math-fx-qiexian-fangsuo-zhengti-sanbu
mat_1_80.csv#44,MATH,math-fx-shulie-fangSuo-mubiao-daoyu-shiDu,MERGE_INTO,覆盖材料 math-fx-shulie-fangsuo-mubiao-daoyu-shidu（METHOD_MODEL，数列放缩的目标导向与适度原则；节点 数列不等式的放缩）；title/summary/content/boundary/applicability 五字段逐字相同,候选 slug 含大写字母，按 slug 精确比对时被判为未入包；实为包内同一材料的大小写变体，五个文本字段与包内逐字相同，无新增信息。,math-fx-shulie-fangsuo-mubiao-daoyu-shidu
mat_1_80.csv#45,MATH,math-mo-qieXian-sanguanxi-liedengshi,MERGE_INTO,覆盖材料 math-mo-qiexian-sanguanxi-liedengshi（METHOD_MODEL，切线问题的三个关系列方程；节点 导数的几何意义）；title/summary/content/boundary/applicability 五字段逐字相同,候选 slug 含大写字母，按 slug 精确比对时被判为未入包；实为包内同一材料的大小写变体，五个文本字段与包内逐字相同，无新增信息。,math-mo-qiexian-sanguanxi-liedengshi
mat_1_80.csv#46,MATH,math-mo-gongqieXian-fangchengzu,MERGE_INTO,覆盖材料 math-mo-gongqiexian-fangchengzu（METHOD_MODEL，两曲线公切线的方程组解法；节点 两曲线的公切线问题）；title/summary/content/boundary/applicability 五字段逐字相同,候选 slug 含大写字母，按 slug 精确比对时被判为未入包；实为包内同一材料的大小写变体，五个文本字段与包内逐字相同，无新增信息。,math-mo-gongqiexian-fangchengzu
mat_1_80.csv#47,MATH,math-mo-duoqieXian-fangchengjiegeshu,MERGE_INTO,覆盖材料 math-mo-duoqiexian-fangchengjiegeshu（METHOD_MODEL，过一点多切线问题转化为方程解的个数；节点 解决垂直问题-利用-可将垂直问题转化为向量数量积的计算问题）；title/summary/content/boundary/applicability 五字段逐字相同,候选 slug 含大写字母，按 slug 精确比对时被判为未入包；实为包内同一材料的大小写变体，五个文本字段与包内逐字相同，无新增信息。,math-mo-duoqiexian-fangchengjiegeshu
mat_1_80.csv#48,MATH,math-mo-hanCan-dandiao-fenlei,MERGE_INTO,覆盖材料 math-mo-hancan-dandiao-fenlei（METHOD_MODEL，含参函数单调性的分类讨论；节点 含参函数的单调性讨论）；title/summary/content/boundary/applicability 五字段逐字相同,候选 slug 含大写字母，按 slug 精确比对时被判为未入包；实为包内同一材料的大小写变体，五个文本字段与包内逐字相同，无新增信息。,math-mo-hancan-dandiao-fenlei
mat_1_80.csv#49,MATH,math-mo-jizhidian-tuXiang-luojilian,MERGE_INTO,覆盖材料 math-mo-jizhidian-tuxiang-luojilian（CONCEPT_EXPLANATION，由导函数图象读极值与单调性的逻辑链；节点 导数与函数的单调性的关系）；title/summary/content/boundary/applicability 五字段逐字相同,候选 slug 含大写字母，按 slug 精确比对时被判为未入包；实为包内同一材料的大小写变体，五个文本字段与包内逐字相同，无新增信息。,math-mo-jizhidian-tuxiang-luojilian
mat_1_80.csv#50,MATH,math-mo-hanCan-zuizhi-silu,MERGE_INTO,覆盖材料 math-mo-hancan-zuizhi-silu（METHOD_MODEL，含参函数最值的求解流程；节点 在求函数的最值时-一定要在定义域-使实际问题有意义的自变量的取值范围-内求解）；title/summary/content/boundary/applicability 五字段逐字相同,候选 slug 含大写字母，按 slug 精确比对时被判为未入包；实为包内同一材料的大小写变体，五个文本字段与包内逐字相同，无新增信息。,math-mo-hancan-zuizhi-silu
mat_1_80.csv#51,MATH,math-mo-dingyv-juTi-yu-chouXiang,MERGE_INTO,覆盖材料 math-mo-dingyv-juti-yu-chouxiang（CONCEPT_EXPLANATION，具体函数与抽象函数定义域的求法；节点 函数定义域的常见类型）；title/summary/content/boundary/applicability 五字段逐字相同,候选 slug 含大写字母，按 slug 精确比对时被判为未入包；实为包内同一材料的大小写变体，五个文本字段与包内逐字相同，无新增信息。,math-mo-dingyv-juti-yu-chouxiang
mat_1_80.csv#52,MATH,math-mo-fenduan-qiuzhi-neidaoWai,MERGE_INTO,覆盖材料 math-mo-fenduan-qiuzhi-neidaowai（CONCEPT_EXPLANATION，分段函数求值与解不等式的思路；节点 基本不等式的实际应用）；title/summary/content/boundary/applicability 五字段逐字相同,候选 slug 含大写字母，按 slug 精确比对时被判为未入包；实为包内同一材料的大小写变体，五个文本字段与包内逐字相同，无新增信息。,math-mo-fenduan-qiuzhi-neidaowai
mat_1_80.csv#53,MATH,math-mo-duicheng-Xian-yu-dian,MERGE_INTO,覆盖材料 math-mo-duicheng-xian-yu-dian（CONCEPT_EXPLANATION，函数轴对称与点对称的两个条件式；节点 函数的对称性）；title/summary/content/boundary/applicability 五字段逐字相同,候选 slug 含大写字母，按 slug 精确比对时被判为未入包；实为包内同一材料的大小写变体，五个文本字段与包内逐字相同，无新增信息。,math-mo-duicheng-xian-yu-dian
mat_1_80.csv#54,MATH,math-mo-chouXiang-fuZhi-yu-fuhao,MERGE_INTO,覆盖材料 math-mo-chouxiang-fuzhi-yu-fuhao（METHOD_MODEL，抽象函数赋值法与单调性判定要点；节点 判断抽象函数单调性的方法）；title/summary/content/boundary/applicability 五字段逐字相同,候选 slug 含大写字母，按 slug 精确比对时被判为未入包；实为包内同一材料的大小写变体，五个文本字段与包内逐字相同，无新增信息。,math-mo-chouxiang-fuzhi-yu-fuhao
mat_1_80.csv#55,MATH,math-mo-XiangLiang-XianXing-yunsuan-tujing,MERGE_INTO,覆盖材料 math-mo-xiangliang-xianxing-yunsuan-tujing（METHOD_MODEL，平面向量线性运算的常用路径；节点 平面向量的线性运算）；title/summary/content/boundary/applicability 五字段逐字相同,候选 slug 含大写字母，按 slug 精确比对时被判为未入包；实为包内同一材料的大小写变体，五个文本字段与包内逐字相同，无新增信息。,math-mo-xiangliang-xianxing-yunsuan-tujing
mat_1_80.csv#56,MATH,math-mo-gongXian-dingli-shuangxingshi,MERGE_INTO,覆盖材料 math-mo-gongxian-dingli-shuangxingshi（CONCEPT_EXPLANATION，共线向量定理的几何与坐标两形式；节点 向量共线定理）；title/summary/content/boundary/applicability 五字段逐字相同,候选 slug 含大写字母，按 slug 精确比对时被判为未入包；实为包内同一材料的大小写变体，五个文本字段与包内逐字相同，无新增信息。,math-mo-gongxian-dingli-shuangxingshi
mat_1_80.csv#57,MATH,math-mo-chuizhi-XiangLiang-panding,MERGE_INTO,覆盖材料 math-mo-chuizhi-xiangliang-panding（CONCEPT_EXPLANATION，向量垂直的判定与坐标运算；节点 平面向量的坐标运算）；title/summary/content/boundary/applicability 五字段逐字相同,候选 slug 含大写字母，按 slug 精确比对时被判为未入包；实为包内同一材料的大小写变体，五个文本字段与包内逐字相同，无新增信息。,math-mo-chuizhi-xiangliang-panding
mat_1_80.csv#58,MATH,math-mo-touying-shu-yu-XiangLiang,MERGE_INTO,覆盖材料 math-mo-touying-shu-yu-xiangliang（CONCEPT_EXPLANATION，投影（数量）与投影向量的区分；节点 平面向量的数量积）；title/summary/content/boundary/applicability 五字段逐字相同,候选 slug 含大写字母，按 slug 精确比对时被判为未入包；实为包内同一材料的大小写变体，五个文本字段与包内逐字相同，无新增信息。,math-mo-touying-shu-yu-xiangliang
mat_1_80.csv#59,MATH,math-mo-jiajiao-yuXian-shu,MERGE_INTO,覆盖材料 math-mo-jiajiao-yuxian-shu（CONCEPT_EXPLANATION，由数量积求向量夹角；节点 平面向量的数量积）；title/summary/content/boundary/applicability 五字段逐字相同,候选 slug 含大写字母，按 slug 精确比对时被判为未入包；实为包内同一材料的大小写变体，五个文本字段与包内逐字相同，无新增信息。,math-mo-jiajiao-yuxian-shu
mat_1_80.csv#60,MATH,math-mo-XiangLiang-jihe-sanbuv2,MERGE_INTO,覆盖材料 math-mo-xiangliang-jihe-sanbuv2（METHOD_MODEL，向量法解平面几何问题的三部曲；节点 利用向量法解二面角问题的策略）；title/summary/content/boundary/applicability 五字段逐字相同,候选 slug 含大写字母，按 slug 精确比对时被判为未入包；实为包内同一材料的大小写变体，五个文本字段与包内逐字相同，无新增信息。,math-mo-xiangliang-jihe-sanbuv2
mat_1_80.csv#61,MATH,math-mo-XiangLiang-wuli-yingyong,MERGE_INTO,覆盖材料 math-mo-xiangliang-wuli-yingyong（CONCEPT_EXPLANATION，向量在物理中的应用要点；节点 venn图在集合运算中的应用）；title/summary/content/boundary/applicability 五字段逐字相同,候选 slug 含大写字母，按 slug 精确比对时被判为未入包；实为包内同一材料的大小写变体，五个文本字段与包内逐字相同，无新增信息。,math-mo-xiangliang-wuli-yingyong
mat_1_80.csv#62,MATH,math-mo-XinDingyi-XiangLiang-silu,MERGE_INTO,覆盖材料 math-mo-xindingyi-xiangliang-silu（METHOD_MODEL，向量新定义问题的处理思路；节点 空间向量新定义问题）；title/summary/content/boundary/applicability 五字段逐字相同,候选 slug 含大写字母，按 slug 精确比对时被判为未入包；实为包内同一材料的大小写变体，五个文本字段与包内逐字相同，无新增信息。,math-mo-xindingyi-xiangliang-silu
mat_1_80.csv#63,MATH,math-mo-jiheti-jiegou-bianXi,MERGE_INTO,覆盖材料 math-mo-jiheti-jiegou-bianxi（CONCEPT_EXPLANATION，空间几何体结构特征辨析技巧；节点 空间几何体）；title/summary/content/boundary/applicability 五字段逐字相同,候选 slug 含大写字母，按 slug 精确比对时被判为未入包；实为包内同一材料的大小写变体，五个文本字段与包内逐字相同，无新增信息。,math-mo-jiheti-jiegou-bianxi
mat_1_80.csv#64,MATH,math-mo-XieErCe-sanbian-sanbuvbian,MERGE_INTO,覆盖材料 math-mo-xieerce-sanbian-sanbuvbian（CONCEPT_EXPLANATION，斜二测画法的规则与面积关系；节点 对斜二测画法的规则掌握不牢）；title/summary/content/boundary/applicability 五字段逐字相同,候选 slug 含大写字母，按 slug 精确比对时被判为未入包；实为包内同一材料的大小写变体，五个文本字段与包内逐字相同，无新增信息。,math-mo-xieerce-sanbian-sanbuvbian
mat_1_80.csv#65,MATH,math-mo-biaoMian-zuiduan-zhankai,MERGE_INTO,覆盖材料 math-mo-biaomian-zuiduan-zhankai（METHOD_MODEL，几何体表面最短距离的展开法；节点 几何体展开图最短距离问题）；title/summary/content/boundary/applicability 五字段逐字相同,候选 slug 含大写字母，按 slug 精确比对时被判为未入包；实为包内同一材料的大小写变体，五个文本字段与包内逐字相同，无新增信息。,math-mo-biaomian-zuiduan-zhankai
mat_1_80.csv#66,MATH,math-mo-biaoMianJi-ceMian-zhouJieMian,MERGE_INTO,覆盖材料 math-mo-biaomianji-cemian-zhoujiemian（METHOD_MODEL，表面积计算的轴截面与展开图要点；节点 表面积与体积）；title/summary/content/boundary/applicability 五字段逐字相同,候选 slug 含大写字母，按 slug 精确比对时被判为未入包；实为包内同一材料的大小写变体，五个文本字段与包内逐字相同，无新增信息。,math-mo-biaomianji-cemian-zhoujiemian
mat_1_80.csv#67,MATH,math-mo-tiJi-sifang,MERGE_INTO,覆盖材料 math-mo-tiji-sifang（METHOD_MODEL，求体积的四种常用方法；节点 求体积的常用方法）；title/summary/content/boundary/applicability 五字段逐字相同,候选 slug 含大写字母，按 slug 精确比对时被判为未入包；实为包内同一材料的大小写变体，五个文本字段与包内逐字相同，无新增信息。,math-mo-tiji-sifang
mat_1_80.csv#68,MATH,math-mo-waiJieQiu-buXing-chuixinXian,MERGE_INTO,覆盖材料 math-mo-waijieqiu-buxing-chuixinxian（METHOD_MODEL，外接球球心的确定与补形法；节点 在棱长为的正四面体中-高-外接球半径-内切球半径）；title/summary/content/boundary/applicability 五字段逐字相同,候选 slug 含大写字母，按 slug 精确比对时被判为未入包；实为包内同一材料的大小写变体，五个文本字段与包内逐字相同，无新增信息。,math-mo-waijieqiu-buxing-chuixinxian
mat_1_80.csv#69,MATH,math-mo-neiQieQiu-dengtiJi-zhouJieMian,MERGE_INTO,覆盖材料 math-mo-neiqieqiu-dengtiji-zhoujiemian（METHOD_MODEL，内切球半径的两种求法；节点 在棱长为的正四面体中-高-外接球半径-内切球半径）；title/summary/content/boundary/applicability 五字段逐字相同,候选 slug 含大写字母，按 slug 精确比对时被判为未入包；实为包内同一材料的大小写变体，五个文本字段与包内逐字相同，无新增信息。,math-mo-neiqieqiu-dengtiji-zhoujiemian
mat_1_80.csv#70,MATH,math-mo-jieMian-quan-gougu,MERGE_INTO,覆盖材料 math-mo-jiemian-quan-gougu（CONCEPT_EXPLANATION，球的截面圆的直角三角形解法；节点 同角三角函数的基本关系）；title/summary/content/boundary/applicability 五字段逐字相同,候选 slug 含大写字母，按 slug 精确比对时被判为未入包；实为包内同一材料的大小写变体，五个文本字段与包内逐字相同，无新增信息。,math-mo-jiemian-quan-gougu
mat_1_80.csv#71,MATH,math-mo-gongMian-gongXian-gongdian-zhengming,MERGE_INTO,覆盖材料 math-mo-gongmian-gongxian-gongdian-zhengming（METHOD_MODEL，共面、共线、共点的证明套路；节点 三点共线和空间四点共面的方法比较）；title/summary/content/boundary/applicability 五字段逐字相同,候选 slug 含大写字母，按 slug 精确比对时被判为未入包；实为包内同一材料的大小写变体，五个文本字段与包内逐字相同，无新增信息。,math-mo-gongmian-gongxian-gongdian-zhengming
mat_1_80.csv#72,MATH,math-mo-yiMianJiao-pingYi-buXing,MERGE_INTO,覆盖材料 math-mo-yimianjiao-pingyi-buxing（METHOD_MODEL，异面直线所成角的两种求法；节点 异面直线所成角的求法）；title/summary/content/boundary/applicability 五字段逐字相同,候选 slug 含大写字母，按 slug 精确比对时被判为未入包；实为包内同一材料的大小写变体，五个文本字段与包内逐字相同，无新增信息。,math-mo-yimianjiao-pingyi-buxing
mat_1_80.csv#73,MATH,math-mo-jieMian-jiaoXian-zuofa,MERGE_INTO,覆盖材料 math-mo-jiemian-jiaoxian-zuofa（METHOD_MODEL，截面与交线的两种作图方法；节点 空间几何体中的截面问题）；title/summary/content/boundary/applicability 五字段逐字相同,候选 slug 含大写字母，按 slug 精确比对时被判为未入包；实为包内同一材料的大小写变体，五个文本字段与包内逐字相同，无新增信息。,math-mo-jiemian-jiaoxian-zuofa
mat_1_80.csv#74,MATH,math-mo-pingXing-mingti-panding,MERGE_INTO,覆盖材料 math-mo-pingxing-mingti-panding（METHOD_MODEL，平行关系命题真假的判定思路；节点 平行关系之间的转化）；title/summary/content/boundary/applicability 五字段逐字相同,候选 slug 含大写字母，按 slug 精确比对时被判为未入包；实为包内同一材料的大小写变体，五个文本字段与包内逐字相同，无新增信息。,math-mo-pingxing-mingti-panding
mat_1_80.csv#75,MATH,math-mo-XianMian-pingXing-panding-yu-xingZhi,MERGE_INTO,覆盖材料 math-mo-xianmian-pingxing-panding-yu-xingzhi（METHOD_MODEL，线面平行判定与性质定理的使用区别；节点 线面平行定理的理解不够准确）；title/summary/content/boundary/applicability 五字段逐字相同,候选 slug 含大写字母，按 slug 精确比对时被判为未入包；实为包内同一材料的大小写变体，五个文本字段与包内逐字相同，无新增信息。,math-mo-xianmian-pingxing-panding-yu-xingzhi
mat_1_80.csv#76,MATH,math-mo-MianMian-pingXing-zhengfa,MERGE_INTO,覆盖材料 math-mo-mianmian-pingxing-zhengfa（METHOD_MODEL，证明面面平行的常用方法；节点 证明线共点问题的常用方法）；title/summary/content/boundary/applicability 五字段逐字相同,候选 slug 含大写字母，按 slug 精确比对时被判为未入包；实为包内同一材料的大小写变体，五个文本字段与包内逐字相同，无新增信息。,math-mo-mianmian-pingxing-zhengfa
mat_1_80.csv#77,MATH,math-mo-MianMian-pingXing-xingZhi-yingyong,MERGE_INTO,覆盖材料 math-mo-mianmian-pingxing-xingzhi-yingyong（METHOD_MODEL，面面平行性质的两类应用；节点 面面垂直性质的应用）；title/summary/content/boundary/applicability 五字段逐字相同,候选 slug 含大写字母，按 slug 精确比对时被判为未入包；实为包内同一材料的大小写变体，五个文本字段与包内逐字相同，无新增信息。,math-mo-mianmian-pingxing-xingzhi-yingyong
mat_1_80.csv#78,MATH,math-mo-pingXing-zonghe-zhuanhua,MERGE_INTO,覆盖材料 math-mo-pingxing-zonghe-zhuanhua（METHOD_MODEL，三种平行关系的转化链；节点 平行关系之间的转化）；title/summary/content/boundary/applicability 五字段逐字相同,候选 slug 含大写字母，按 slug 精确比对时被判为未入包；实为包内同一材料的大小写变体，五个文本字段与包内逐字相同，无新增信息。,math-mo-pingxing-zonghe-zhuanhua
mat_1_80.csv#79,MATH,math-mo-XianMian-chuizhi-sifapanding,MERGE_INTO,覆盖材料 math-mo-xianmian-chuizhi-sifapanding（METHOD_MODEL，判定线面垂直的四种方法；节点 证明面面垂直的方法）；title/summary/content/boundary/applicability 五字段逐字相同,候选 slug 含大写字母，按 slug 精确比对时被判为未入包；实为包内同一材料的大小写变体，五个文本字段与包内逐字相同，无新增信息。,math-mo-xianmian-chuizhi-sifapanding
mat_1_80.csv#80,MATH,math-mo-MianMian-chuizhi-liangfa,MERGE_INTO,覆盖材料 math-mo-mianmian-chuizhi-liangfa（METHOD_MODEL，证明面面垂直的两种方法；节点 证明面面垂直的方法）；title/summary/content/boundary/applicability 五字段逐字相同,候选 slug 含大写字母，按 slug 精确比对时被判为未入包；实为包内同一材料的大小写变体，五个文本字段与包内逐字相同，无新增信息。,math-mo-mianmian-chuizhi-liangfa
mat_241_320.csv#241,MATH,math-mo-sanYuXian-dingli,MERGE_INTO,包内已有同一条材料 math-mo-sanyuxian-dingli（标题 三余弦定理（最小角定理））：标题与摘要与候选逐字相同；宿主节点 余弦定理,候选与包内材料同题同摘要，仅 slug 大小写不同（候选 math-mo-sanYuXian-dingli / 包内 math-mo-sanyuxian-dingli），属已覆盖的重复候选，若入库将造成重复材料，无需新增；宿主节点与候选主题不符（包内另有 三余弦定理 节点）,math-mo-sanyuxian-dingli
mat_241_320.csv#242,MATH,math-mo-tuoLeMi-dingli,MERGE_INTO,包内已有同一条材料 math-mo-tuolemi-dingli（标题 托勒密定理）：标题与摘要与候选逐字相同；宿主节点 托勒密定理,候选与包内材料同题同摘要，仅 slug 大小写不同（候选 math-mo-tuoLeMi-dingli / 包内 math-mo-tuolemi-dingli），属已覆盖的重复候选，若入库将造成重复材料，无需新增,math-mo-tuolemi-dingli
mat_241_320.csv#243,MATH,math-mo-yuanMi-dingli,MERGE_INTO,包内已有同一条材料 math-mo-yuanmi-dingli（标题 圆幂定理（相交弦、切割线））：标题与摘要与候选逐字相同；宿主节点 圆幂定理与相交弦定理,候选与包内材料同题同摘要，仅 slug 大小写不同（候选 math-mo-yuanMi-dingli / 包内 math-mo-yuanmi-dingli），属已覆盖的重复候选，若入库将造成重复材料，无需新增,math-mo-yuanmi-dingli
mat_241_320.csv#244,MATH,math-mo-yueYa-dingli,MERGE_INTO,包内已有同一条材料 math-mo-yueya-dingli（标题 月牙定理（希波克拉底月牙））：标题与摘要与候选逐字相同；宿主节点 月牙定理,候选与包内材料同题同摘要，仅 slug 大小写不同（候选 math-mo-yueYa-dingli / 包内 math-mo-yueya-dingli），属已覆盖的重复候选，若入库将造成重复材料，无需新增,math-mo-yueya-dingli
mat_241_320.csv#245,MATH,math-mo-siPingFangHe-dingli,MERGE_INTO,包内已有同一条材料 math-mo-sipingfanghe-dingli（标题 四平方和定理（拉格朗日））：标题与摘要与候选逐字相同；宿主节点 四平方和定理,候选与包内材料同题同摘要，仅 slug 大小写不同（候选 math-mo-siPingFangHe-dingli / 包内 math-mo-sipingfanghe-dingli），属已覆盖的重复候选，若入库将造成重复材料，无需新增,math-mo-sipingfanghe-dingli
mat_241_320.csv#246,MATH,math-mo-zhongGuo-ShengYu-dingli,MERGE_INTO,包内已有同一条材料 math-mo-zhongguo-shengyu-dingli（标题 中国剩余定理（孙子定理））：标题与摘要与候选逐字相同；宿主节点 中国剩余定理,候选与包内材料同题同摘要，仅 slug 大小写不同（候选 math-mo-zhongGuo-ShengYu-dingli / 包内 math-mo-zhongguo-shengyu-dingli），属已覆盖的重复候选，若入库将造成重复材料，无需新增,math-mo-zhongguo-shengyu-dingli
mat_241_320.csv#247,MATH,math-mo-laGeLangRi-zhongZhi,MERGE_INTO,包内已有同一条材料 math-mo-lagelangri-zhongzhi（标题 拉格朗日中值定理（背景了解））：标题与摘要与候选逐字相同；宿主节点 拉格朗日中值定理,候选与包内材料同题同摘要，仅 slug 大小写不同（候选 math-mo-laGeLangRi-zhongZhi / 包内 math-mo-lagelangri-zhongzhi），属已覆盖的重复候选，若入库将造成重复材料，无需新增,math-mo-lagelangri-zhongzhi
mat_241_320.csv#248,MATH,math-mo-keXi-zhongZhi,MERGE_INTO,包内已有同一条材料 math-mo-kexi-zhongzhi（标题 柯西中值定理（背景了解））：标题与摘要与候选逐字相同；宿主节点 柯西中值定理,候选与包内材料同题同摘要，仅 slug 大小写不同（候选 math-mo-keXi-zhongZhi / 包内 math-mo-kexi-zhongzhi），属已覆盖的重复候选，若入库将造成重复材料，无需新增,math-mo-kexi-zhongzhi
mat_241_320.csv#249,MATH,math-mo-siTeWaErTe-dingli,MERGE_INTO,包内已有同一条材料 math-mo-sitewaerte-dingli（标题 斯特瓦尔特定理）：标题与摘要与候选逐字相同；宿主节点 斯特瓦尔特定理,候选与包内材料同题同摘要，仅 slug 大小写不同（候选 math-mo-siTeWaErTe-dingli / 包内 math-mo-sitewaerte-dingli），属已覆盖的重复候选，若入库将造成重复材料，无需新增,math-mo-sitewaerte-dingli
mat_241_320.csv#250,MATH,math-mo-waiJieQiu-badaMoXing-qingdan,MERGE_INTO,包内已有同一条材料 math-mo-waijieqiu-badamoxing-qingdan（标题 立体几何外接（内切）球的八大模型清单）：标题与摘要与候选逐字相同；宿主节点 求解几何体外接球的半径的思路,候选与包内材料同题同摘要，仅 slug 大小写不同（候选 math-mo-waiJieQiu-badaMoXing-qingdan / 包内 math-mo-waijieqiu-badamoxing-qingdan），属已覆盖的重复候选，若入库将造成重复材料，无需新增,math-mo-waijieqiu-badamoxing-qingdan
mat_241_320.csv#251,MATH,math-mo-zhengSiMianTi-sanQiu-banJing,MERGE_INTO,包内已有同一条材料 math-mo-zhengsimianti-sanqiu-banjing（标题 正四面体的外接球与内切球半径）：标题与摘要与候选逐字相同；宿主节点 在棱长为的正四面体中-高-外接球半径-内切球半径,候选与包内材料同题同摘要，仅 slug 大小写不同（候选 math-mo-zhengSiMianTi-sanQiu-banJing / 包内 math-mo-zhengsimianti-sanqiu-banjing），属已覆盖的重复候选，若入库将造成重复材料，无需新增,math-mo-zhengsimianti-sanqiu-banjing
mat_241_320.csv#252,MATH,math-mo-jieMian-jiaoXian-liangfa,MERGE_INTO,包内已有同一条材料 math-mo-jiemian-jiaoxian-liangfa（标题 立体几何交线截面的两种解法）：标题与摘要与候选逐字相同；宿主节点 空间向量与立体几何,候选与包内材料同题同摘要，仅 slug 大小写不同（候选 math-mo-jieMian-jiaoXian-liangfa / 包内 math-mo-jiemian-jiaoxian-liangfa），属已覆盖的重复候选，若入库将造成重复材料，无需新增；宿主节点过泛（更贴 空间几何体中的截面问题）,math-mo-jiemian-jiaoxian-liangfa
mat_241_320.csv#253,MATH,math-mo-ling-kongji-lingXiangLiang-bianxi,MERGE_INTO,包内已有同一条材料 math-mo-ling-kongji-lingxiangliang-bianxi（标题 $0$、$\{0\}$、$\varnothing$ 与零向量的辨析）：标题与摘要与候选逐字相同；宿主节点 平面向量的概念,候选与包内材料同题同摘要，仅 slug 大小写不同（候选 math-mo-ling-kongji-lingXiangLiang-bianxi / 包内 math-mo-ling-kongji-lingxiangliang-bianxi），属已覆盖的重复候选，若入库将造成重复材料，无需新增；宿主节点与候选主题不符（候选为 0 与空集、零向量的辨析）,math-mo-ling-kongji-lingxiangliang-bianxi
mat_241_320.csv#254,MATH,math-mo-N-yu-NXing-bianxi,MERGE_INTO,包内已有同一条材料 math-mo-n-yu-nxing-bianxi（标题 $N$ 与 $N^*$（自然数集与正整数集））：标题与摘要与候选逐字相同；宿主节点 集合的含义与表示,候选与包内材料同题同摘要，仅 slug 大小写不同（候选 math-mo-N-yu-NXing-bianxi / 包内 math-mo-n-yu-nxing-bianxi），属已覆盖的重复候选，若入库将造成重复材料，无需新增,math-mo-n-yu-nxing-bianxi
mat_241_320.csv#255,MATH,math-mo-shuYu-baoHan-bianxi,MERGE_INTO,包内已有同一条材料 math-mo-shuyu-baohan-bianxi（标题 $\in$、$\subseteq$ 与 $\subset$ 的层次区分）：标题与摘要与候选逐字相同；宿主节点 元素与集合的关系,候选与包内材料同题同摘要，仅 slug 大小写不同（候选 math-mo-shuYu-baoHan-bianxi / 包内 math-mo-shuyu-baohan-bianxi），属已覆盖的重复候选，若入库将造成重复材料，无需新增,math-mo-shuyu-baohan-bianxi
mat_241_320.csv#256,MATH,math-mo-quanCheng-cunZai-liangCi,MERGE_INTO,包内已有同一条材料 math-mo-quancheng-cunzai-liangci（标题 $\forall$ 与 $\exists$ 及 $\lg$、$\ln$ 的速辨）：标题与摘要与候选逐字相同；宿主节点 对数与对数运算,候选与包内材料同题同摘要，仅 slug 大小写不同（候选 math-mo-quanCheng-cunZai-liangCi / 包内 math-mo-quancheng-cunzai-liangci），属已覆盖的重复候选，若入库将造成重复材料，无需新增；宿主节点与候选主题不符（候选为量词与对数记号辨析）,math-mo-quancheng-cunzai-liangci
mat_241_320.csv#257,MATH,math-mo-qiucan-bulou-kongJi,MERGE_INTO,包内已有同一条材料 math-mo-qiucan-bulou-kongji（标题 集合求参切勿遗漏空集）：标题与摘要与候选逐字相同；宿主节点 利用元素与集合的关系求参数,候选与包内材料同题同摘要，仅 slug 大小写不同（候选 math-mo-qiucan-bulou-kongJi / 包内 math-mo-qiucan-bulou-kongji），属已覆盖的重复候选，若入库将造成重复材料，无需新增,math-mo-qiucan-bulou-kongji
mat_241_320.csv#258,MATH,math-mo-lingXiangLiang-renYiGongXian,MERGE_INTO,包内已有同一条材料 math-mo-lingxiangliang-renyigongxian（标题 零向量与任意向量共线（垂直）须单独讨论）：标题与摘要与候选逐字相同；宿主节点 向量共线定理,候选与包内材料同题同摘要，仅 slug 大小写不同（候选 math-mo-lingXiangLiang-renYiGongXian / 包内 math-mo-lingxiangliang-renyigongxian），属已覆盖的重复候选，若入库将造成重复材料，无需新增,math-mo-lingxiangliang-renyigongxian
mat_241_320.csv#259,MATH,math-mo-hanCan-erci-XiShuLing,MERGE_INTO,包内已有同一条材料 math-mo-hancan-erci-xishuling（标题 含参二次问题切勿遗漏二次项系数为零）：标题与摘要与候选逐字相同；宿主节点 忽略二次型式子最高次系数为0致错,候选与包内材料同题同摘要，仅 slug 大小写不同（候选 math-mo-hanCan-erci-XiShuLing / 包内 math-mo-hancan-erci-xishuling），属已覆盖的重复候选，若入库将造成重复材料，无需新增,math-mo-hancan-erci-xishuling
mat_241_320.csv#260,MATH,math-mo-teShu-hua-ChangShuHanshu,MERGE_INTO,包内已有同一条材料 math-mo-teshu-hua-changshuhanshu（标题 特殊化思想中的常数函数）：标题与摘要与候选逐字相同；宿主节点 指数函数的常用技巧,候选与包内材料同题同摘要，仅 slug 大小写不同（候选 math-mo-teShu-hua-ChangShuHanshu / 包内 math-mo-teshu-hua-changshuhanshu），属已覆盖的重复候选，若入库将造成重复材料，无需新增；宿主节点与候选主题不符（候选为特殊化用常数函数）,math-mo-teshu-hua-changshuhanshu
mat_241_320.csv#261,MATH,math-mo-ZuiZhi-duanDian-jiZhi-buKe,MERGE_INTO,包内已有同一条材料 math-mo-zuizhi-duandian-jizhi-buke（标题 最值可在区间端点、极值不可）：标题与摘要与候选逐字相同；宿主节点 端点取值需谨慎-在求参数范围时-要注意边界或区间端点值的检验-从而确定取舍,候选与包内材料同题同摘要，仅 slug 大小写不同（候选 math-mo-ZuiZhi-duanDian-jiZhi-buKe / 包内 math-mo-zuizhi-duandian-jizhi-buke），属已覆盖的重复候选，若入库将造成重复材料，无需新增,math-mo-zuizhi-duandian-jizhi-buke
mat_241_320.csv#262,MATH,math-mo-guiJi-teShuDian-jiXian,MERGE_INTO,包内已有同一条材料 math-mo-guiji-teshudian-jixian（标题 动点轨迹中的特殊点与极限位置）：标题与摘要与候选逐字相同；宿主节点 导数定义在极限中的计算,候选与包内材料同题同摘要，仅 slug 大小写不同（候选 math-mo-guiJi-teShuDian-jiXian / 包内 math-mo-guiji-teshudian-jixian），属已覆盖的重复候选，若入库将造成重复材料，无需新增；宿主节点与候选主题不符（候选为动点轨迹的特殊点与极限位置）,math-mo-guiji-teshudian-jixian
mat_241_320.csv#263,MATH,math-mo-XieLv-lingHuo-buCunZai,MERGE_INTO,包内已有同一条材料 math-mo-xielv-linghuo-bucunzai（标题 解析几何勿漏斜率为 0 与不存在的直线）：标题与摘要与候选逐字相同；宿主节点 空间几何体的直观图,候选与包内材料同题同摘要，仅 slug 大小写不同（候选 math-mo-XieLv-lingHuo-buCunZai / 包内 math-mo-xielv-linghuo-bucunzai），属已覆盖的重复候选，若入库将造成重复材料，无需新增；宿主节点与候选主题不符（更贴 两条直线的位置关系）,math-mo-xielv-linghuo-bucunzai
mat_241_320.csv#264,MATH,math-mo-yuan-jihc-xingzhi-youXian,MERGE_INTO,包内已有同一条材料 math-mo-yuan-jihc-xingzhi-youxian（标题 圆的问题优先用几何性质而非联立）：标题与摘要与候选逐字相同；宿主节点 等比数列性质应用问题的解题突破口,候选与包内材料同题同摘要，仅 slug 大小写不同（候选 math-mo-yuan-jihc-xingzhi-youXian / 包内 math-mo-yuan-jihc-xingzhi-youxian），属已覆盖的重复候选，若入库将造成重复材料，无需新增；宿主节点与候选主题不符（候选为圆优先用几何性质）,math-mo-yuan-jihc-xingzhi-youxian
mat_241_320.csv#265,MATH,math-mo-tuoYuan-shuangQuXian-she-mn,MERGE_INTO,包内已有同一条材料 math-mo-tuoyuan-shuangquxian-she-mn（标题 未知圆锥曲线类型时设 $mx^2+ny^2=1$）：标题与摘要与候选逐字相同；宿主节点 圆锥曲线的综合问题,候选与包内材料同题同摘要，仅 slug 大小写不同（候选 math-mo-tuoYuan-shuangQuXian-she-mn / 包内 math-mo-tuoyuan-shuangquxian-she-mn），属已覆盖的重复候选，若入库将造成重复材料，无需新增,math-mo-tuoyuan-shuangquxian-she-mn
mat_241_320.csv#266,MATH,math-mo-kongJianJiao-fanWei-huiZong,MERGE_INTO,包内已有同一条材料 math-mo-kongjianjiao-fanwei-huizong（标题 各类“角”的范围汇总）：标题与摘要与候选逐字相同；宿主节点 利用不等式的性质求数-式-的范围,候选与包内材料同题同摘要，仅 slug 大小写不同（候选 math-mo-kongJianJiao-fanWei-huiZong / 包内 math-mo-kongjianjiao-fanwei-huizong），属已覆盖的重复候选，若入库将造成重复材料，无需新增；宿主节点与候选主题不符（候选为各类角的范围汇总）,math-mo-kongjianjiao-fanwei-huizong
mat_241_320.csv#267,MATH,math-mo-erMianJiao-faXiangLiang-jinChu-panDing,MERGE_INTO,包内已有同一条材料 math-mo-ermianjiao-faxiangliang-jinchu-panding（标题 二面角法向量的“同进同出、一进一出”）：标题与摘要与候选逐字相同；宿主节点 利用向量法解二面角问题的策略,候选与包内材料同题同摘要，仅 slug 大小写不同（候选 math-mo-erMianJiao-faXiangLiang-jinChu-panDing / 包内 math-mo-ermianjiao-faxiangliang-jinchu-panding），属已覆盖的重复候选，若入库将造成重复材料，无需新增,math-mo-ermianjiao-faxiangliang-jinchu-panding
mat_241_320.csv#268,MATH,math-mo-dingyv-quJian-vs-youYiYi,MERGE_INTO,包内已有同一条材料 math-mo-dingyv-qujian-vs-youyiyi（标题 “定义域为某区间”与“在某区间上有意义”）：标题与摘要与候选逐字相同；宿主节点 在求函数的最值时-一定要在定义域-使实际问题有意义的自变量的取值范围-内求解,候选与包内材料同题同摘要，仅 slug 大小写不同（候选 math-mo-dingyv-quJian-vs-youYiYi / 包内 math-mo-dingyv-qujian-vs-youyiyi），属已覆盖的重复候选，若入库将造成重复材料，无需新增；宿主节点与候选主题不符（更贴 函数的定义域）,math-mo-dingyv-qujian-vs-youyiyi
mat_241_320.csv#269,MATH,math-mo-danDiaoQuJian-vs-zaiquJian-danDiao,MERGE_INTO,包内已有同一条材料 math-mo-dandiaoqujian-vs-zaiqujian-dandiao（标题 “单调区间”与“在区间上单调”）：标题与摘要与候选逐字相同；宿主节点 导数法求函数单调区间的步骤,候选与包内材料同题同摘要，仅 slug 大小写不同（候选 math-mo-danDiaoQuJian-vs-zaiquJian-danDiao / 包内 math-mo-dandiaoqujian-vs-zaiqujian-dandiao），属已覆盖的重复候选，若入库将造成重复材料，无需新增,math-mo-dandiaoqujian-vs-zaiqujian-dandiao
mat_241_320.csv#270,MATH,math-mo-nengChengLi-vs-hengChengLi,MERGE_INTO,包内已有同一条材料 math-mo-nengchengli-vs-hengchengli（标题 函数的“能成立”与“恒成立”）：标题与摘要与候选逐字相同；宿主节点 不等式恒成立与能成立问题,候选与包内材料同题同摘要，仅 slug 大小写不同（候选 math-mo-nengChengLi-vs-hengChengLi / 包内 math-mo-nengchengli-vs-hengchengli），属已覆盖的重复候选，若入库将造成重复材料，无需新增,math-mo-nengchengli-vs-hengchengli
mat_241_320.csv#271,MATH,math-mo-jiZhiDian-vs-daoHanShu-lingdian,MERGE_INTO,包内已有同一条材料 math-mo-jizhidian-vs-daohanshu-lingdian（标题 极值点与导函数的零点（变号零点））：标题与摘要与候选逐字相同；宿主节点 嵌套函数的零点问题,候选与包内材料同题同摘要，仅 slug 大小写不同（候选 math-mo-jiZhiDian-vs-daoHanShu-lingdian / 包内 math-mo-jizhidian-vs-daohanshu-lingdian），属已覆盖的重复候选，若入库将造成重复材料，无需新增；宿主节点与候选主题不符（更贴 利用导数求函数极值的方法步骤）,math-mo-jizhidian-vs-daohanshu-lingdian
mat_241_320.csv#272,MATH,math-mo-anZuiDa-vs-SnZuiDa,MERGE_INTO,包内已有同一条材料 math-mo-anzuida-vs-snzuida（标题 $a_n$ 最大与 $S_n$ 最大之辨）：标题与摘要与候选逐字相同；宿主节点 等差数列前n项和最值问题,候选与包内材料同题同摘要，仅 slug 大小写不同（候选 math-mo-anZuiDa-vs-SnZuiDa / 包内 math-mo-anzuida-vs-snzuida），属已覆盖的重复候选，若入库将造成重复材料，无需新增,math-mo-anzuida-vs-snzuida
mat_241_320.csv#273,MATH,math-mo-erXiangShi-ab-ba-chaYi,MERGE_INTO,包内已有同一条材料 math-mo-erxiangshi-ab-ba-chayi（标题 $(a+b)^n$ 与 $(b+a)^n$ 的展开式差异）：标题与摘要与候选逐字相同；宿主节点 二项式定理,候选与包内材料同题同摘要，仅 slug 大小写不同（候选 math-mo-erXiangShi-ab-ba-chaYi / 包内 math-mo-erxiangshi-ab-ba-chayi），属已覆盖的重复候选，若入库将造成重复材料，无需新增,math-mo-erxiangshi-ab-ba-chayi
mat_241_320.csv#274,MATH,math-mo-tongXiang-vs-pingXing-XiangLiang,MERGE_INTO,包内已有同一条材料 math-mo-tongxiang-vs-pingxing-xiangliang（标题 同向向量与平行向量）：标题与摘要与候选逐字相同；宿主节点 直线的方向向量和平面的法向量,候选与包内材料同题同摘要，仅 slug 大小写不同（候选 math-mo-tongXiang-vs-pingXing-XiangLiang / 包内 math-mo-tongxiang-vs-pingxing-xiangliang），属已覆盖的重复候选，若入库将造成重复材料，无需新增；宿主节点与候选主题不符（更贴 向量共线定理）,math-mo-tongxiang-vs-pingxing-xiangliang
mat_241_320.csv#275,MATH,math-mo-huChi-vs-duiLi-shiJian,MERGE_INTO,包内已有同一条材料 math-mo-huchi-vs-duili-shijian（标题 互斥事件与对立事件）：标题与摘要与候选逐字相同；宿主节点 概率的基本性质,候选与包内材料同题同摘要，仅 slug 大小写不同（候选 math-mo-huChi-vs-duiLi-shiJian / 包内 math-mo-huchi-vs-duili-shijian），属已覆盖的重复候选，若入库将造成重复材料，无需新增,math-mo-huchi-vs-duili-shijian
mat_241_320.csv#276,MATH,math-mo-dingyv-youXian-yvYuTianRan,MERGE_INTO,包内已有同一条材料 math-mo-dingyv-youxian-yvyutianran（标题 定义域优先与值域的天然限制）：标题与摘要与候选逐字相同；宿主节点 复合函数定义域忽略内层值域与外层定义域关系致错,候选与包内材料同题同摘要，仅 slug 大小写不同（候选 math-mo-dingyv-youXian-yvYuTianRan / 包内 math-mo-dingyv-youxian-yvyutianran），属已覆盖的重复候选，若入库将造成重复材料，无需新增；宿主节点与候选主题不符（候选为定义域优先与值域天然限制）,math-mo-dingyv-youxian-yvyutianran
mat_241_320.csv#277,MATH,math-mo-sanJiao-jiaoDu-yinHan,MERGE_INTO,包内已有同一条材料 math-mo-sanjiao-jiaodu-yinhan（标题 三角中的角度隐含限制与大边对大角）：标题与摘要与候选逐字相同；宿主节点 给值求角问题,候选与包内材料同题同摘要，仅 slug 大小写不同（候选 math-mo-sanJiao-jiaoDu-yinHan / 包内 math-mo-sanjiao-jiaodu-yinhan），属已覆盖的重复候选，若入库将造成重复材料，无需新增,math-mo-sanjiao-jiaodu-yinhan
mat_241_320.csv#278,MATH,math-mo-qieHuaXian-kaiFang-fuhao,MERGE_INTO,包内已有同一条材料 math-mo-qiehuaxian-kaifang-fuhao（标题 切化弦与开方化简的符号约束）：标题与摘要与候选逐字相同；宿主节点 错判数量积的符号与夹角关系,候选与包内材料同题同摘要，仅 slug 大小写不同（候选 math-mo-qieHuaXian-kaiFang-fuhao / 包内 math-mo-qiehuaxian-kaifang-fuhao），属已覆盖的重复候选，若入库将造成重复材料，无需新增；宿主节点与候选主题不符（更贴 同角三角函数的基本关系）,math-mo-qiehuaxian-kaifang-fuhao
mat_241_320.csv#279,MATH,math-mo-shulie-yinHan-tiaoJian,MERGE_INTO,包内已有同一条材料 math-mo-shulie-yinhan-tiaojian（标题 数列中的隐藏条件）：标题与摘要与候选逐字相同；宿主节点 数列的递推公式,候选与包内材料同题同摘要，仅 slug 大小写不同（候选 math-mo-shulie-yinHan-tiaoJian / 包内 math-mo-shulie-yinhan-tiaojian），属已覆盖的重复候选，若入库将造成重复材料，无需新增,math-mo-shulie-yinhan-tiaojian
mat_241_320.csv#280,MATH,math-mo-yinHan-tiaoJian-huiZong-gailv,MERGE_INTO,包内已有同一条材料 math-mo-yinhan-tiaojian-huizong-gailv（标题 概率统计中的隐藏约束）：标题与摘要与候选逐字相同；宿主节点 离散型随机变量,候选与包内材料同题同摘要，仅 slug 大小写不同（候选 math-mo-yinHan-tiaoJian-huiZong-gailv / 包内 math-mo-yinhan-tiaojian-huizong-gailv），属已覆盖的重复候选，若入库将造成重复材料，无需新增,math-mo-yinhan-tiaojian-huizong-gailv
mat_241_320.csv#281,MATH,math-mo-jieda-qianhouwen-guanLian,MERGE_INTO,包内已有同一条材料 math-mo-jieda-qianhouwen-guanlian（标题 解答题中前后问的隐藏关联）：标题与摘要与候选逐字相同；宿主节点 导数压轴题的解题流程,候选与包内材料同题同摘要，仅 slug 大小写不同（候选 math-mo-jieda-qianhouwen-guanLian / 包内 math-mo-jieda-qianhouwen-guanlian），属已覆盖的重复候选，若入库将造成重复材料，无需新增,math-mo-jieda-qianhouwen-guanlian
mat_241_320.csv#282,MATH,math-mo-danDiaoZeng-fdaoyu-0,MERGE_INTO,包内已有同一条材料 math-mo-dandiaozeng-fdaoyu-0（标题 单调递增时导数值不一定恒大于 0）：标题与摘要与候选逐字相同；宿主节点 导数与函数的单调性的关系,候选与包内材料同题同摘要，仅 slug 大小写不同（候选 math-mo-danDiaoZeng-fdaoyu-0 / 包内 math-mo-dandiaozeng-fdaoyu-0），属已覆盖的重复候选，若入库将造成重复材料，无需新增,math-mo-dandiaozeng-fdaoyu-0
mat_241_320.csv#283,MATH,math-mo-sin-omegaX-zengQuJian-omegaFuHao,MERGE_INTO,包内已有同一条材料 math-mo-sin-omegax-zengqujian-omegafuhao（标题 $y=\sin\omega x$ 的增区间需先看 $\omega$ 的符号）：标题与摘要与候选逐字相同；宿主节点 错判数量积的符号与夹角关系,候选与包内材料同题同摘要，仅 slug 大小写不同（候选 math-mo-sin-omegaX-zengQuJian-omegaFuHao / 包内 math-mo-sin-omegax-zengqujian-omegafuhao），属已覆盖的重复候选，若入库将造成重复材料，无需新增；宿主节点与候选主题不符（更贴 三角函数中 ω 的取值范围问题）,math-mo-sin-omegax-zengqujian-omegafuhao
mat_241_320.csv#284,MATH,math-mo-sinA-erFenzhiyi-shuangJie,MERGE_INTO,包内已有同一条材料 math-mo-sina-erfenzhiyi-shuangjie（标题 $\sin A=\frac12$ 不一定能得到 $A=\frac\pi6$）：标题与摘要与候选逐字相同；宿主节点 三角形解的个数判断,候选与包内材料同题同摘要，仅 slug 大小写不同（候选 math-mo-sinA-erFenzhiyi-shuangJie / 包内 math-mo-sina-erfenzhiyi-shuangjie），属已覆盖的重复候选，若入库将造成重复材料，无需新增,math-mo-sina-erfenzhiyi-shuangjie
mat_241_320.csv#285,MATH,math-mo-cosA-zheng-buBiRuiJiao,MERGE_INTO,包内已有同一条材料 math-mo-cosa-zheng-bubiruijiao（标题 $\cos A>0$ 时三角形不一定是锐角三角形）：标题与摘要与候选逐字相同；宿主节点 同角三角函数的基本关系,候选与包内材料同题同摘要，仅 slug 大小写不同（候选 math-mo-cosA-zheng-buBiRuiJiao / 包内 math-mo-cosa-zheng-bubiruijiao），属已覆盖的重复候选，若入库将造成重复材料，无需新增；宿主节点与候选主题不符（更贴 三角形形状的判断）,math-mo-cosa-zheng-bubiruijiao
mat_241_320.csv#286,MATH,math-mo-shuLiangJi-wuJiehelv,MERGE_INTO,包内已有同一条材料 math-mo-shuliangji-wujiehelv（标题 向量的数量积运算不满足结合律）：标题与摘要与候选逐字相同；宿主节点 空间向量的数量积及运算律,候选与包内材料同题同摘要，仅 slug 大小写不同（候选 math-mo-shuLiangJi-wuJiehelv / 包内 math-mo-shuliangji-wujiehelv），属已覆盖的重复候选，若入库将造成重复材料，无需新增,math-mo-shuliangji-wujiehelv
mat_241_320.csv#287,MATH,math-mo-Sn-erci-buBiDengCha,MERGE_INTO,包内已有同一条材料 math-mo-sn-erci-bubidengcha（标题 $S_n$ 是 $n$ 的二次函数时数列不一定是等差数列）：标题与摘要与候选逐字相同；宿主节点 由sn求an的步骤,候选与包内材料同题同摘要，仅 slug 大小写不同（候选 math-mo-Sn-erci-buBiDengCha / 包内 math-mo-sn-erci-bubidengcha），属已覆盖的重复候选，若入库将造成重复材料，无需新增,math-mo-sn-erci-bubidengcha
mat_241_320.csv#288,MATH,math-mo-pingMian-kongJian-buBiChengLi,MERGE_INTO,包内已有同一条材料 math-mo-pingmian-kongjian-bubichengli（标题 平面几何性质推广到空间不一定成立）：标题与摘要与候选逐字相同；宿主节点 空间几何体,候选与包内材料同题同摘要，仅 slug 大小写不同（候选 math-mo-pingMian-kongJian-buBiChengLi / 包内 math-mo-pingmian-kongjian-bubichengli），属已覆盖的重复候选，若入库将造成重复材料，无需新增；宿主节点过泛（空间几何体）,math-mo-pingmian-kongjian-bubichengli
mat_241_320.csv#289,MATH,math-mo-shuangQuXian-dongdian-juLi,MERGE_INTO,包内已有同一条材料 math-mo-shuangquxian-dongdian-juli（标题 双曲线上动点不一定满足 $|PF_1|-|PF_2|=2a$）：标题与摘要与候选逐字相同；宿主节点 双曲线,候选与包内材料同题同摘要，仅 slug 大小写不同（候选 math-mo-shuangQuXian-dongdian-juLi / 包内 math-mo-shuangquxian-dongdian-juli），属已覆盖的重复候选，若入库将造成重复材料，无需新增,math-mo-shuangquxian-dongdian-juli
mat_241_320.csv#290,MATH,math-mo-jiaJiao-ruiDun-shuLiangJi-fanzhi,MERGE_INTO,包内已有同一条材料 math-mo-jiajiao-ruidun-shuliangji-fanzhi（标题 夹角锐钝与数量积符号的“反之不成立”）：标题与摘要与候选逐字相同；宿主节点 错判数量积的符号与夹角关系,候选与包内材料同题同摘要，仅 slug 大小写不同（候选 math-mo-jiaJiao-ruiDun-shuLiangJi-fanzhi / 包内 math-mo-jiajiao-ruidun-shuliangji-fanzhi），属已覆盖的重复候选，若入库将造成重复材料，无需新增,math-mo-jiajiao-ruidun-shuliangji-fanzhi
mat_241_320.csv#291,MATH,math-mo-duiLi-gailv-fanzhi,MERGE_INTO,包内已有同一条材料 math-mo-duili-gailv-fanzhi（标题 对立事件的 $P(A)+P(B)=1$ 的“反之不成立”）：标题与摘要与候选逐字相同；宿主节点 随机事件的相互独立性,候选与包内材料同题同摘要，仅 slug 大小写不同（候选 math-mo-duiLi-gailv-fanzhi / 包内 math-mo-duili-gailv-fanzhi），属已覆盖的重复候选，若入库将造成重复材料，无需新增；宿主节点与候选主题不符（更贴 概率的基本性质）,math-mo-duili-gailv-fanzhi
mat_241_320.csv#292,MATH,math-mo-XieLvJi-fuzhi-fanzhi,MERGE_INTO,包内已有同一条材料 math-mo-xielvji-fuzhi-fanzhi（标题 斜率之积为 $-1$ 的“反之不成立”）：标题与摘要与候选逐字相同；宿主节点 两条直线的位置关系,候选与包内材料同题同摘要，仅 slug 大小写不同（候选 math-mo-XieLvJi-fuzhi-fanzhi / 包内 math-mo-xielvji-fuzhi-fanzhi），属已覆盖的重复候选，若入库将造成重复材料，无需新增,math-mo-xielvji-fuzhi-fanzhi
mat_241_320.csv#293,MATH,math-mo-jzhidian-pianyi-fangXiang-aotuxing,MERGE_INTO,包内已有同一条材料 math-mo-jzhidian-pianyi-fangxiang-aotuxing（标题 极值点偏移的方向与凹凸性判定）：标题与摘要与候选逐字相同；宿主节点 极值点偏移问题,候选与包内材料同题同摘要，仅 slug 大小写不同（候选 math-mo-jzhidian-pianyi-fangXiang-aotuxing / 包内 math-mo-jzhidian-pianyi-fangxiang-aotuxing），属已覆盖的重复候选，若入库将造成重复材料，无需新增,math-mo-jzhidian-pianyi-fangxiang-aotuxing
mat_241_320.csv#294,MATH,math-mo-tongGou-diWeiTongDeng,MERGE_INTO,包内已有同一条材料 math-mo-tonggou-diweitongdeng（标题 地位同等同构型）：标题与摘要与候选逐字相同；宿主节点 同构法,候选与包内材料同题同摘要，仅 slug 大小写不同（候选 math-mo-tongGou-diWeiTongDeng / 包内 math-mo-tonggou-diweitongdeng），属已覆盖的重复候选，若入库将造成重复材料，无需新增,math-mo-tonggou-diweitongdeng
mat_241_320.csv#295,MATH,math-mo-tongGou-zhiDuiKuaJie,MERGE_INTO,包内已有同一条材料 math-mo-tonggou-zhiduikuajie（标题 指对跨阶同构型）：标题与摘要与候选逐字相同；宿主节点 同构法,候选与包内材料同题同摘要，仅 slug 大小写不同（候选 math-mo-tongGou-zhiDuiKuaJie / 包内 math-mo-tonggou-zhiduikuajie），属已覆盖的重复候选，若入库将造成重复材料，无需新增,math-mo-tonggou-zhiduikuajie
mat_241_320.csv#296,MATH,math-mo-tongGou-lingdian-xing,MERGE_INTO,包内已有同一条材料 math-mo-tonggou-lingdian-xing（标题 零点同构型）：标题与摘要与候选逐字相同；宿主节点 同构法,候选与包内材料同题同摘要，仅 slug 大小写不同（候选 math-mo-tongGou-lingdian-xing / 包内 math-mo-tonggou-lingdian-xing），属已覆盖的重复候选，若入库将造成重复材料，无需新增,math-mo-tonggou-lingdian-xing
mat_241_320.csv#297,MATH,math-mo-biYaoXing-tanLu-benZhi,MERGE_INTO,包内已有同一条材料 math-mo-biyaoxing-tanlu-benzhi（标题 必要性探路的本质与适用场景）：标题与摘要与候选逐字相同；宿主节点 充分性与必要性位置颠倒理解错误致错,候选与包内材料同题同摘要，仅 slug 大小写不同（候选 math-mo-biYaoXing-tanLu-benZhi / 包内 math-mo-biyaoxing-tanlu-benzhi），属已覆盖的重复候选，若入库将造成重复材料，无需新增；宿主节点与候选主题不符（更贴 必要性探路）,math-mo-biyaoxing-tanlu-benzhi
mat_241_320.csv#298,MATH,math-mo-tanLu-danDuanDian,MERGE_INTO,包内已有同一条材料 math-mo-tanlu-danduandian（标题 单端点的必要性探路）：标题与摘要与候选逐字相同；宿主节点 充分性与必要性位置颠倒理解错误致错,候选与包内材料同题同摘要，仅 slug 大小写不同（候选 math-mo-tanLu-danDuanDian / 包内 math-mo-tanlu-danduandian），属已覆盖的重复候选，若入库将造成重复材料，无需新增；宿主节点与候选主题不符（更贴 必要性探路）,math-mo-tanlu-danduandian
mat_241_320.csv#299,MATH,math-mo-tanLu-shuangDuanDian,MERGE_INTO,包内已有同一条材料 math-mo-tanlu-shuangduandian（标题 含两个端点的找点探路）：标题与摘要与候选逐字相同；宿主节点 必要性探路,候选与包内材料同题同摘要，仅 slug 大小写不同（候选 math-mo-tanLu-shuangDuanDian / 包内 math-mo-tanlu-shuangduandian），属已覆盖的重复候选，若入库将造成重复材料，无需新增,math-mo-tanlu-shuangduandian
mat_241_320.csv#300,MATH,math-mo-tanLu-duiShu-teShuDian,MERGE_INTO,包内已有同一条材料 math-mo-tanlu-duishu-teshudian（标题 含对数的特殊点必要性探路）：标题与摘要与候选逐字相同；宿主节点 对数函数的概念,候选与包内材料同题同摘要，仅 slug 大小写不同（候选 math-mo-tanLu-duiShu-teShuDian / 包内 math-mo-tanlu-duishu-teshudian），属已覆盖的重复候选，若入库将造成重复材料，无需新增；宿主节点与候选主题不符（更贴 必要性探路）,math-mo-tanlu-duishu-teshudian
mat_241_320.csv#301,MATH,math-mo-zhuYuan-fa,MERGE_INTO,包内已有同一条材料 math-mo-zhuyuan-fa（标题 主元法（变换主元法））：标题与摘要与候选逐字相同；宿主节点 主元法,候选与包内材料同题同摘要，仅 slug 大小写不同（候选 math-mo-zhuYuan-fa / 包内 math-mo-zhuyuan-fa），属已覆盖的重复候选，若入库将造成重复材料，无需新增,math-mo-zhuyuan-fa
mat_241_320.csv#302,MATH,math-mo-deMoGen-gongshi,MERGE_INTO,包内已有同一条材料 math-mo-demogen-gongshi（标题 德摩根公式（集合与事件））：标题与摘要与候选逐字相同；宿主节点 德摩根定律,候选与包内材料同题同摘要，仅 slug 大小写不同（候选 math-mo-deMoGen-gongshi / 包内 math-mo-demogen-gongshi），属已覆盖的重复候选，若入库将造成重复材料，无需新增,math-mo-demogen-gongshi
mat_241_320.csv#303,MATH,math-mo-rongChi-yuanLi-jihe,MERGE_INTO,包内已有同一条材料 math-mo-rongchi-yuanli-jihe（标题 容斥原理之集合中元素个数）：标题与摘要与候选逐字相同；宿主节点 利用元素与集合的关系求参数,候选与包内材料同题同摘要，仅 slug 大小写不同（候选 math-mo-rongChi-yuanLi-jihe / 包内 math-mo-rongchi-yuanli-jihe），属已覆盖的重复候选，若入库将造成重复材料，无需新增；宿主节点与候选主题不符（候选为容斥原理之集合计数）,math-mo-rongchi-yuanli-jihe
mat_241_320.csv#304,MATH,math-mo-jiben-budengshi-lian-tangShui,MERGE_INTO,包内已有同一条材料 math-mo-jiben-budengshi-lian-tangshui（标题 基本不等式链与糖水不等式）：标题与摘要与候选逐字相同；宿主节点 基本不等式,候选与包内材料同题同摘要，仅 slug 大小写不同（候选 math-mo-jiben-budengshi-lian-tangShui / 包内 math-mo-jiben-budengshi-lian-tangshui），属已覆盖的重复候选，若入库将造成重复材料，无需新增,math-mo-jiben-budengshi-lian-tangshui
mat_241_320.csv#305,MATH,math-mo-wanNeng-gongshi-banJiao,MERGE_INTO,包内已有同一条材料 math-mo-wanneng-gongshi-banjiao（标题 万能公式（半角代换））：标题与摘要与候选逐字相同；宿主节点 万能公式,候选与包内材料同题同摘要，仅 slug 大小写不同（候选 math-mo-wanNeng-gongshi-banJiao / 包内 math-mo-wanneng-gongshi-banjiao），属已覆盖的重复候选，若入库将造成重复材料，无需新增,math-mo-wanneng-gongshi-banjiao
mat_241_320.csv#306,MATH,math-mo-heChaHuaJi-jiHuaHeCha,MERGE_INTO,包内已有同一条材料 math-mo-hechahuaji-jihuahecha（标题 和差化积与积化和差）：标题与摘要与候选逐字相同；宿主节点 积化和差与和差化积公式,候选与包内材料同题同摘要，仅 slug 大小写不同（候选 math-mo-heChaHuaJi-jiHuaHeCha / 包内 math-mo-hechahuaji-jihuahecha），属已覆盖的重复候选，若入库将造成重复材料，无需新增,math-mo-hechahuaji-jihuahecha
mat_241_320.csv#307,MATH,math-mo-zhongXianChang-dingli,MERGE_INTO,包内已有同一条材料 math-mo-zhongxianchang-dingli（标题 中线长定理）：标题与摘要与候选逐字相同；宿主节点 平行四边形恒等式与中线定理,候选与包内材料同题同摘要，仅 slug 大小写不同（候选 math-mo-zhongXianChang-dingli / 包内 math-mo-zhongxianchang-dingli），属已覆盖的重复候选，若入库将造成重复材料，无需新增,math-mo-zhongxianchang-dingli
mat_241_320.csv#308,MATH,math-mo-haiLun-qinJiuShao-gongshi,MERGE_INTO,包内已有同一条材料 math-mo-hailun-qinjiushao-gongshi（标题 海伦公式与秦九韶公式）：标题与摘要与候选逐字相同；宿主节点 秦九韶公式与海伦公式,候选与包内材料同题同摘要，仅 slug 大小写不同（候选 math-mo-haiLun-qinJiuShao-gongshi / 包内 math-mo-hailun-qinjiushao-gongshi），属已覆盖的重复候选，若入库将造成重复材料，无需新增,math-mo-hailun-qinjiushao-gongshi
mat_241_320.csv#309,MATH,math-mo-sanBeiJiao-gongshi,MERGE_INTO,包内已有同一条材料 math-mo-sanbeijiao-gongshi（标题 三倍角公式）：标题与摘要与候选逐字相同；宿主节点 二倍角公式,候选与包内材料同题同摘要，仅 slug 大小写不同（候选 math-mo-sanBeiJiao-gongshi / 包内 math-mo-sanbeijiao-gongshi），属已覆盖的重复候选，若入库将造成重复材料，无需新增；宿主节点与候选主题不符（候选为三倍角公式）,math-mo-sanbeijiao-gongshi
mat_241_320.csv#310,MATH,math-mo-changKao-qiHanshu-qingdan,MERGE_INTO,包内已有同一条材料 math-mo-changkao-qihanshu-qingdan（标题 常考奇函数清单与“奇函数＋常数”性质）：标题与摘要与候选逐字相同；宿主节点 三角函数的图象与性质,候选与包内材料同题同摘要，仅 slug 大小写不同（候选 math-mo-changKao-qiHanshu-qingdan / 包内 math-mo-changkao-qihanshu-qingdan），属已覆盖的重复候选，若入库将造成重复材料，无需新增；宿主节点与候选主题不符（更贴 函数奇偶性的几个重要结论）,math-mo-changkao-qihanshu-qingdan
mat_241_320.csv#311,MATH,math-mo-jinSi-jiSuan-gongshiZu,MERGE_INTO,包内已有同一条材料 math-mo-jinsi-jisuan-gongshizu（标题 常见的近似计算公式）：标题逐字相同，摘要仅候选侧把转义序列（反斜杠加 to）损坏为制表符（包内为干净版本）；宿主节点 裂项相消法中常见的裂项技巧,候选与包内材料同题同摘要，仅 slug 大小写不同（候选 math-mo-jinSi-jiSuan-gongshiZu / 包内 math-mo-jinsi-jisuan-gongshizu），属已覆盖的重复候选，若入库将造成重复材料，无需新增；宿主节点与候选主题不符（更贴 二项式定理的近似计算）,math-mo-jinsi-jisuan-gongshizu
mat_241_320.csv#312,MATH,math-mo-jizhi-diErPanding,MERGE_INTO,包内已有同一条材料 math-mo-jizhi-dierpanding（标题 函数极值的第二判定定理）：标题与摘要与候选逐字相同；宿主节点 利用导数求函数极值的方法步骤,候选与包内材料同题同摘要，仅 slug 大小写不同（候选 math-mo-jizhi-diErPanding / 包内 math-mo-jizhi-dierpanding），属已覆盖的重复候选，若入库将造成重复材料，无需新增,math-mo-jizhi-dierpanding
mat_241_320.csv#313,MATH,math-mo-taiLe-zhanKai-shiZu,MERGE_INTO,包内已有同一条材料 math-mo-taile-zhankai-shizu（标题 常见函数的泰勒展开式）：标题与摘要与候选逐字相同；宿主节点 分段函数的常见类型及解法,候选与包内材料同题同摘要，仅 slug 大小写不同（候选 math-mo-taiLe-zhanKai-shiZu / 包内 math-mo-taile-zhankai-shizu），属已覆盖的重复候选，若入库将造成重复材料，无需新增；宿主节点与候选主题不符（包内另有 泰勒展开式 节点）,math-mo-taile-zhankai-shizu
mat_241_320.csv#314,MATH,math-mo-taiLe-tuiLun-fangSuoZu,MERGE_INTO,包内已有同一条材料 math-mo-taile-tuilun-fangsuozu（标题 由泰勒展开得到的常用放缩结论）：标题与摘要与候选逐字相同；宿主节点 对数函数图象的常用结论,候选与包内材料同题同摘要，仅 slug 大小写不同（候选 math-mo-taiLe-tuiLun-fangSuoZu / 包内 math-mo-taile-tuilun-fangsuozu），属已覆盖的重复候选，若入库将造成重复材料，无需新增；宿主节点与候选主题不符（更贴 泰勒展开式 或 切线放缩不等式）,math-mo-taile-tuilun-fangsuozu
mat_241_320.csv#315,MATH,math-mo-cuoWei-wanNeng-jiegou,MERGE_INTO,包内已有同一条材料 math-mo-cuowei-wanneng-jiegou（标题 错位相减的万能结构（待定系数法））：标题与摘要与候选逐字相同；宿主节点 待定系数法-若已知函数的类型-如一次函数-二次函数等-可用待定系数法,候选与包内材料同题同摘要，仅 slug 大小写不同（候选 math-mo-cuoWei-wanNeng-jiegou / 包内 math-mo-cuowei-wanneng-jiegou），属已覆盖的重复候选，若入库将造成重复材料，无需新增,math-mo-cuowei-wanneng-jiegou
mat_241_320.csv#316,MATH,math-mo-shulie-gouZao-huiZong,MERGE_INTO,包内已有同一条材料 math-mo-shulie-gouzao-huizong（标题 数列构造法汇总（递推类型→构造方向））：标题与摘要与候选逐字相同；宿主节点 构造法求数列通项,候选与包内材料同题同摘要，仅 slug 大小写不同（候选 math-mo-shulie-gouZao-huiZong / 包内 math-mo-shulie-gouzao-huizong），属已覆盖的重复候选，若入库将造成重复材料，无需新增,math-mo-shulie-gouzao-huizong
mat_241_320.csv#317,MATH,math-mo-ouLa-gongshi-duoMianTi,MERGE_INTO,包内已有同一条材料 math-mo-oula-gongshi-duomianti（标题 欧拉公式（多面体））：标题与摘要与候选逐字相同；宿主节点 多面体与旋转体,候选与包内材料同题同摘要，仅 slug 大小写不同（候选 math-mo-ouLa-gongshi-duoMianTi / 包内 math-mo-oula-gongshi-duomianti），属已覆盖的重复候选，若入库将造成重复材料，无需新增；宿主节点与候选主题不符（包内另有 多面体欧拉定理 节点）,math-mo-oula-gongshi-duomianti
mat_241_320.csv#318,MATH,math-mo-qiu-zuHeTi-banJing,MERGE_INTO,包内已有同一条材料 math-mo-qiu-zuheti-banjing（标题 球的组合体半径结论）：标题与摘要与候选逐字相同；宿主节点 求解几何体外接球的半径的思路,候选与包内材料同题同摘要，仅 slug 大小写不同（候选 math-mo-qiu-zuHeTi-banJing / 包内 math-mo-qiu-zuheti-banjing），属已覆盖的重复候选，若入库将造成重复材料，无需新增,math-mo-qiu-zuheti-banjing
mat_241_320.csv#319,MATH,math-mo-changFangTi-qieGeTi-waiJieQiu,MERGE_INTO,包内已有同一条材料 math-mo-changfangti-qiegeti-waijieqiu（标题 长方体切割体的外接球（墙角体、鳖臑等））：标题与摘要与候选逐字相同；宿主节点 在棱长为的正四面体中-高-外接球半径-内切球半径,候选与包内材料同题同摘要，仅 slug 大小写不同（候选 math-mo-changFangTi-qieGeTi-waiJieQiu / 包内 math-mo-changfangti-qiegeti-waijieqiu），属已覆盖的重复候选，若入库将造成重复材料，无需新增；宿主节点与候选主题不符（更贴 对棱相等四面体的外接球）,math-mo-changfangti-qiegeti-waijieqiu
mat_241_320.csv#320,MATH,math-mo-zhiLengZhu-waiJieQiu,MERGE_INTO,包内已有同一条材料 math-mo-zhilengzhu-waijieqiu（标题 直棱柱（三棱柱）外接球模型）：标题与摘要与候选逐字相同；宿主节点 在棱长为的正四面体中-高-外接球半径-内切球半径,候选与包内材料同题同摘要，仅 slug 大小写不同（候选 math-mo-zhiLengZhu-waiJieQiu / 包内 math-mo-zhilengzhu-waijieqiu），属已覆盖的重复候选，若入库将造成重复材料，无需新增；宿主节点与候选主题不符（包内另有 柱体外接球公式 R²=r²+h²/4 节点）,math-mo-zhilengzhu-waijieqiu
mat_321_375.csv#321,MATH,math-mo-qieGua-moXing-shuangBanJing,MERGE_INTO,覆盖材料 math-mo-qiegua-moxing-shuangbanjing（node_materials.csv 归属节点：双外心模型求外接球）；候选与该材料的 title、summaryMarkdown、contentMarkdown、applicabilityMarkdown、boundaryMarkdown、type 逐字一致、仅 slug 字母大小写不同,内容已被包内同节点材料等价覆盖（逐字重复）、不需新增材料；判为重复候选、合并指向覆盖材料,math-mo-qiegua-moxing-shuangbanjing
mat_321_375.csv#322,MATH,math-mo-zheDie-quanDeng-sanJiaoXing-waiJieQiu,MERGE_INTO,覆盖材料 math-mo-zhedie-quandeng-sanjiaoxing-waijieqiu（node_materials.csv 归属节点：三角形面积公式）；候选与该材料的 title、summaryMarkdown、contentMarkdown、applicabilityMarkdown、boundaryMarkdown、type 逐字一致、仅 slug 字母大小写不同,内容已被包内同节点材料等价覆盖（逐字重复）、不需新增材料；判为重复候选、合并指向覆盖材料,math-mo-zhedie-quandeng-sanjiaoxing-waijieqiu
mat_321_375.csv#323,MATH,math-mo-qieXian-fangCheng-qingdan,MERGE_INTO,覆盖材料 math-mo-qiexian-fangcheng-qingdan（node_materials.csv 归属节点：圆锥曲线的综合问题）；候选与该材料的 title、summaryMarkdown、contentMarkdown、applicabilityMarkdown、boundaryMarkdown、type 逐字一致、仅 slug 字母大小写不同,内容已被包内同节点材料等价覆盖（逐字重复）、不需新增材料；判为重复候选、合并指向覆盖材料,math-mo-qiexian-fangcheng-qingdan
mat_321_375.csv#324,MATH,math-mo-qieDianXian-fangCheng,MERGE_INTO,覆盖材料 math-mo-qiedianxian-fangcheng（node_materials.csv 归属节点：圆锥曲线的切点弦）；候选与该材料的 title、summaryMarkdown、contentMarkdown、applicabilityMarkdown、boundaryMarkdown、type 逐字一致、仅 slug 字母大小写不同,内容已被包内同节点材料等价覆盖（逐字重复）、不需新增材料；判为重复候选、合并指向覆盖材料,math-mo-qiedianxian-fangcheng
mat_321_375.csv#325,MATH,math-mo-paSiKa-dingli,MERGE_INTO,覆盖材料 math-mo-pasika-dingli（node_materials.csv 归属节点：圆锥曲线的综合问题）；候选与该材料的 title、summaryMarkdown、contentMarkdown、applicabilityMarkdown、boundaryMarkdown、type 逐字一致、仅 slug 字母大小写不同,内容已被包内同节点材料等价覆盖（逐字重复）、不需新增材料；判为重复候选、合并指向覆盖材料,math-mo-pasika-dingli
mat_321_375.csv#326,MATH,math-mo-tuoYuan-shuangQu-jiaoBanJing-tongJing,MERGE_INTO,覆盖材料 math-mo-tuoyuan-shuangqu-jiaobanjing-tongjing（node_materials.csv 归属节点：双曲线的渐近线）；候选与该材料的 title、summaryMarkdown、contentMarkdown、applicabilityMarkdown、boundaryMarkdown、type 逐字一致、仅 slug 字母大小写不同,内容已被包内同节点材料等价覆盖（逐字重复）、不需新增材料；判为重复候选、合并指向覆盖材料,math-mo-tuoyuan-shuangqu-jiaobanjing-tongjing
mat_321_375.csv#327,MATH,math-mo-tuoYuan-jiaoDianXian-dianCha,MERGE_INTO,覆盖材料 math-mo-tuoyuan-jiaodianxian-diancha（node_materials.csv 归属节点：椭圆的焦点）；候选与该材料的 title、summaryMarkdown、contentMarkdown、applicabilityMarkdown、boundaryMarkdown、type 逐字一致、仅 slug 字母大小写不同,内容已被包内同节点材料等价覆盖（逐字重复）、不需新增材料；判为重复候选、合并指向覆盖材料,math-mo-tuoyuan-jiaodianxian-diancha
mat_321_375.csv#328,MATH,math-mo-paoWuXian-jiaoDianXian-jielunZu,MERGE_INTO,覆盖材料 math-mo-paowuxian-jiaodianxian-jielunzu（node_materials.csv 归属节点：对数函数图象的常用结论）；候选与该材料的 title、summaryMarkdown、contentMarkdown、applicabilityMarkdown、boundaryMarkdown、type 逐字一致、仅 slug 字母大小写不同,内容已被包内同节点材料等价覆盖（逐字重复）、不需新增材料；判为重复候选、合并指向覆盖材料,math-mo-paowuxian-jiaodianxian-jielunzu
mat_321_375.csv#329,MATH,math-mo-erXiangShi-XiShu-xingZhi,MERGE_INTO,覆盖材料 math-mo-erxiangshi-xishu-xingzhi（node_materials.csv 归属节点：二项式系数的性质）；候选与该材料的 title、summaryMarkdown、contentMarkdown、applicabilityMarkdown、boundaryMarkdown、type 逐字一致、仅 slug 字母大小写不同,内容已被包内同节点材料等价覆盖（逐字重复）、不需新增材料；判为重复候选、合并指向覆盖材料,math-mo-erxiangshi-xishu-xingzhi
mat_321_375.csv#330,MATH,math-mo-changJianFenBu-qWang-fangCha,MERGE_INTO,覆盖材料 math-mo-changjianfenbu-qwang-fangcha（node_materials.csv 归属节点：离散型随机变量的期望）；候选与该材料的 title、summaryMarkdown、contentMarkdown、applicabilityMarkdown、boundaryMarkdown、type 逐字一致、仅 slug 字母大小写不同,内容已被包内同节点材料等价覆盖（逐字重复）、不需新增材料；判为重复候选、合并指向覆盖材料,math-mo-changjianfenbu-qwang-fangcha
mat_321_375.csv#331,MATH,math-mo-huiGui-zhixian-guoZhongXin,MERGE_INTO,覆盖材料 math-mo-huigui-zhixian-guozhongxin（node_materials.csv 归属节点：直线的方程）；候选与该材料的 title、summaryMarkdown、contentMarkdown、applicabilityMarkdown、boundaryMarkdown、type 逐字一致、仅 slug 字母大小写不同,内容已被包内同节点材料等价覆盖（逐字重复）、不需新增材料；判为重复候选、合并指向覆盖材料,math-mo-huigui-zhixian-guozhongxin
mat_321_375.csv#332,PHYSICS,phys-hj-053-control-variable-exp-aF,MERGE_INTO,覆盖材料 phys-hj-053-control-variable-exp-af（node_materials.csv 归属节点：实验方法-控制变量法-保持m不变探究a与f关系-保持f不变探究a与m关系）；候选与该材料的 title、summaryMarkdown、contentMarkdown、applicabilityMarkdown、boundaryMarkdown、type 逐字一致、仅 slug 字母大小写不同,内容已被包内同节点材料等价覆盖（逐字重复）、不需新增材料；判为重复候选、合并指向覆盖材料,phys-hj-053-control-variable-exp-af
mat_321_375.csv#333,PHYSICS,phys-hj-056-aF-graph-abnormal,MERGE_INTO,覆盖材料 phys-hj-056-af-graph-abnormal（node_materials.csv 归属节点：误差分析-x1）；候选与该材料的 title、summaryMarkdown、contentMarkdown、applicabilityMarkdown、boundaryMarkdown、type 逐字一致、仅 slug 字母大小写不同,内容已被包内同节点材料等价覆盖（逐字重复）、不需新增材料；判为重复候选、合并指向覆盖材料,phys-hj-056-af-graph-abnormal
mat_321_375.csv#334,PHYSICS,phys-hj-148-Ex-graph-meaning,MERGE_INTO,覆盖材料 phys-hj-148-ex-graph-meaning（node_materials.csv 归属节点：x-t图像-v-t图像-a-t图像的对比）；候选与该材料的 title、summaryMarkdown、contentMarkdown、applicabilityMarkdown、boundaryMarkdown、type 逐字一致、仅 slug 字母大小写不同,内容已被包内同节点材料等价覆盖（逐字重复）、不需新增材料；判为重复候选、合并指向覆盖材料,phys-hj-148-ex-graph-meaning
mat_321_375.csv#335,PHYSICS,phys-hj3-U-Ed-relation,MERGE_INTO,覆盖材料 phys-hj3-u-ed-relation（node_materials.csv 归属节点：电势差与电场强度的关系）；候选与该材料的 title、summaryMarkdown、contentMarkdown、applicabilityMarkdown、boundaryMarkdown、type 逐字一致、仅 slug 字母大小写不同,内容已被包内同节点材料等价覆盖（逐字重复）、不需新增材料；判为重复候选、合并指向覆盖材料,phys-hj3-u-ed-relation
mat_321_375.csv#336,PHYSICS,phys-hj3-particle-circular-motion-in-B,MERGE_INTO,覆盖材料 phys-hj3-particle-circular-motion-in-b（node_materials.csv 归属节点：带电粒子在有界匀强磁场中的运动-临界条件）；候选与该材料的 title、summaryMarkdown、contentMarkdown、applicabilityMarkdown、boundaryMarkdown、type 逐字一致、仅 slug 字母大小写不同,内容已被包内同节点材料等价覆盖（逐字重复）、不需新增材料；判为重复候选、合并指向覆盖材料,phys-hj3-particle-circular-motion-in-b
mat_321_375.csv#337,PHYSICS,phys-hj3-weightlessness- overweight,MERGE_INTO,覆盖材料 phys-hj3-weightlessness-overweight（node_materials.csv 归属节点：对超重和失重的理解应当注意的问题）；候选与该材料的 title、summaryMarkdown、contentMarkdown、applicabilityMarkdown、boundaryMarkdown、type 逐字一致、仅 slug 字母大小写不同,内容已被包内同节点材料等价覆盖（逐字重复）、不需新增材料；判为重复候选、合并指向覆盖材料,phys-hj3-weightlessness-overweight
mat_321_375.csv#338,PHYSICS,phys-hj3-a-F-m-exp-operation,MERGE_INTO,覆盖材料 phys-hj3-a-f-m-exp-operation（node_materials.csv 归属节点：如果要列出各物理量在某一时刻的关系式-可用牛顿第二定律）；候选与该材料的 title、summaryMarkdown、contentMarkdown、applicabilityMarkdown、boundaryMarkdown、type 逐字一致、仅 slug 字母大小写不同,内容已被包内同节点材料等价覆盖（逐字重复）、不需新增材料；判为重复候选、合并指向覆盖材料,phys-hj3-a-f-m-exp-operation
mat_321_375.csv#339,PHYSICS,phys-hj3-a-F-m-exp-error,MERGE_INTO,覆盖材料 phys-hj3-a-f-m-exp-error（node_materials.csv 归属节点：热学实验中的误差分析）；候选与该材料的 title、summaryMarkdown、contentMarkdown、applicabilityMarkdown、boundaryMarkdown、type 逐字一致、仅 slug 字母大小写不同,内容已被包内同节点材料等价覆盖（逐字重复）、不需新增材料；判为重复候选、合并指向覆盖材料,phys-hj3-a-f-m-exp-error
mat_321_375.csv#340,PHYSICS,phys-hj3-a-F-m-exp-innovation,MERGE_INTO,覆盖材料 phys-hj3-a-f-m-exp-innovation（node_materials.csv 归属节点：加速度）；候选与该材料的 title、summaryMarkdown、contentMarkdown、applicabilityMarkdown、boundaryMarkdown、type 逐字一致、仅 slug 字母大小写不同,内容已被包内同节点材料等价覆盖（逐字重复）、不需新增材料；判为重复候选、合并指向覆盖材料,phys-hj3-a-f-m-exp-innovation
mat_321_375.csv#341,PHYSICS,phys-hj3-phi-x-extremum-E-zero,MERGE_INTO,覆盖材料 phys-hj3-phi-x-extremum-e-zero（node_materials.csv 归属节点：电势差与电场强度的关系）；候选与该材料的 title、summaryMarkdown、contentMarkdown、applicabilityMarkdown、boundaryMarkdown、type 逐字一致、仅 slug 字母大小写不同,内容已被包内同节点材料等价覆盖（逐字重复）、不需新增材料；判为重复候选、合并指向覆盖材料,phys-hj3-phi-x-extremum-e-zero
mat_321_375.csv#342,PHYSICS,phys-fx-uniform-field-U-Ed,MERGE_INTO,覆盖材料 phys-fx-uniform-field-u-ed（node_materials.csv 归属节点：带电粒子在匀强电场中偏转的两个分运动）；候选与该材料的 title、summaryMarkdown、contentMarkdown、applicabilityMarkdown、boundaryMarkdown、type 逐字一致、仅 slug 字母大小写不同,内容已被包内同节点材料等价覆盖（逐字重复）、不需新增材料；判为重复候选、合并指向覆盖材料,phys-fx-uniform-field-u-ed
mat_321_375.csv#343,PHYSICS,phys-fx-field-graph-E-x-area,MERGE_INTO,覆盖材料 phys-fx-field-graph-e-x-area（node_materials.csv 归属节点：动力学图像法在动力学问题中的应用-数形结合思想）；候选与该材料的 title、summaryMarkdown、contentMarkdown、applicabilityMarkdown、boundaryMarkdown、type 逐字一致、仅 slug 字母大小写不同,内容已被包内同节点材料等价覆盖（逐字重复）、不需新增材料；判为重复候选、合并指向覆盖材料,phys-fx-field-graph-e-x-area
mat_321_375.csv#344,PHYSICS,phys-fx-source-U-I-graph-features,MERGE_INTO,覆盖材料 phys-fx-source-u-i-graph-features（node_materials.csv 归属节点：x-t图像-v-t图像-a-t图像的对比）；候选与该材料的 title、summaryMarkdown、contentMarkdown、applicabilityMarkdown、boundaryMarkdown、type 逐字一致、仅 slug 字母大小写不同,内容已被包内同节点材料等价覆盖（逐字重复）、不需新增材料；判为重复候选、合并指向覆盖材料,phys-fx-source-u-i-graph-features
mat_321_375.csv#345,PHYSICS,phys-fx-F-t-graph-impulse-area,MERGE_INTO,覆盖材料 phys-fx-f-t-graph-impulse-area（node_materials.csv 归属节点：冲量的计算方法）；候选与该材料的 title、summaryMarkdown、contentMarkdown、applicabilityMarkdown、boundaryMarkdown、type 逐字一致、仅 slug 字母大小写不同,内容已被包内同节点材料等价覆盖（逐字重复）、不需新增材料；判为重复候选、合并指向覆盖材料,phys-fx-f-t-graph-impulse-area
mat_321_375.csv#346,PHYSICS,phys-fx-rod-model-FN-v-relation,MERGE_INTO,覆盖材料 phys-fx-rod-model-fn-v-relation（node_materials.csv 归属节点：速度-速度的变化量-加速度的比较）；候选与该材料的 title、summaryMarkdown、contentMarkdown、applicabilityMarkdown、boundaryMarkdown、type 逐字一致、仅 slug 字母大小写不同,内容已被包内同节点材料等价覆盖（逐字重复）、不需新增材料；判为重复候选、合并指向覆盖材料,phys-fx-rod-model-fn-v-relation
mat_321_375.csv#347,PHYSICS,phys-fx-F-t-graph-weight-change-judge,MERGE_INTO,覆盖材料 phys-fx-f-t-graph-weight-change-judge（node_materials.csv 归属节点：用力传感器或已知质量的钩码等代替弹簧测力计）；候选与该材料的 title、summaryMarkdown、contentMarkdown、applicabilityMarkdown、boundaryMarkdown、type 逐字一致、仅 slug 字母大小写不同,内容已被包内同节点材料等价覆盖（逐字重复）、不需新增材料；判为重复候选、合并指向覆盖材料,phys-fx-f-t-graph-weight-change-judge
mat_321_375.csv#348,CHEMISTRY,chem-kb-dilution-pH-rules,MERGE_INTO,覆盖材料 chem-kb-dilution-ph-rules（node_materials.csv 归属节点：强酸与弱酸-强碱与弱碱稀释时的ph变化图像）；候选与该材料的 title、summaryMarkdown、contentMarkdown、applicabilityMarkdown、boundaryMarkdown、type 逐字一致、仅 slug 字母大小写不同,内容已被包内同节点材料等价覆盖（逐字重复）、不需新增材料；判为重复候选、合并指向覆盖材料,chem-kb-dilution-ph-rules
mat_321_375.csv#349,CHEMISTRY,chem-kb-solution-acidity-pH-definition,MERGE_INTO,覆盖材料 chem-kb-solution-acidity-ph-definition（node_materials.csv 归属节点：溶液的酸碱性）；候选与该材料的 title、summaryMarkdown、contentMarkdown、applicabilityMarkdown、boundaryMarkdown、type 逐字一致、仅 slug 字母大小写不同,内容已被包内同节点材料等价覆盖（逐字重复）、不需新增材料；判为重复候选、合并指向覆盖材料,chem-kb-solution-acidity-ph-definition
mat_321_375.csv#350,CHEMISTRY,chem-kb-pH-calculation-models,MERGE_INTO,覆盖材料 chem-kb-ph-calculation-models（node_materials.csv 归属节点：摩尔质量的计算方法）；候选与该材料的 title、summaryMarkdown、contentMarkdown、applicabilityMarkdown、boundaryMarkdown、type 逐字一致、仅 slug 字母大小写不同,内容已被包内同节点材料等价覆盖（逐字重复）、不需新增材料；判为重复候选、合并指向覆盖材料,chem-kb-ph-calculation-models
mat_321_375.csv#351,CHEMISTRY,chem-kb-acid-base-dilution-pH-table,MERGE_INTO,覆盖材料 chem-kb-acid-base-dilution-ph-table（node_materials.csv 归属节点：强酸与弱酸-强碱与弱碱稀释时的ph变化图像）；候选与该材料的 title、summaryMarkdown、contentMarkdown、applicabilityMarkdown、boundaryMarkdown、type 逐字一致、仅 slug 字母大小写不同,内容已被包内同节点材料等价覆盖（逐字重复）、不需新增材料；判为重复候选、合并指向覆盖材料,chem-kb-acid-base-dilution-ph-table
mat_321_375.csv#352,CHEMISTRY,chem-kb-pH-paper-proper-use,MERGE_INTO,覆盖材料 chem-kb-ph-paper-proper-use（node_materials.csv 归属节点：ph试纸的规范使用）；候选与该材料的 title、summaryMarkdown、contentMarkdown、applicabilityMarkdown、boundaryMarkdown、type 逐字一致、仅 slug 字母大小写不同,内容已被包内同节点材料等价覆盖（逐字重复）、不需新增材料；判为重复候选、合并指向覆盖材料,chem-kb-ph-paper-proper-use
mat_321_375.csv#353,CHEMISTRY,chem-kb-electrolysis-pH-change-rules,MERGE_INTO,覆盖材料 chem-kb-electrolysis-ph-change-rules（node_materials.csv 归属节点：忽视物质溶于水时溶液体积的变化）；候选与该材料的 title、summaryMarkdown、contentMarkdown、applicabilityMarkdown、boundaryMarkdown、type 逐字一致、仅 slug 字母大小写不同,内容已被包内同节点材料等价覆盖（逐字重复）、不需新增材料；判为重复候选、合并指向覆盖材料,chem-kb-electrolysis-ph-change-rules
mat_321_375.csv#354,CHEMISTRY,chem-fx-zai-yi-ding-tiao-jian-xia-f04x03,REJECT,判断关键词：题干残片；全库 27184 条材料比对无同内容覆盖,REJECT —— 题目派生：原文为(3)在一定条件下、m g NH4HCO3完全分解生成NH3、CO2、H2O(g)、按要求填空。只有设问没有结论，不属可入库的结构化结论；按口径不得把题目/解析改写成知识点,
mat_321_375.csv#355,CHEMISTRY,chem-fx-yi-ding-tiao-jian-xia-f11x06,REJECT,判断关键词：题干残片；全库 27184 条材料比对无同内容覆盖,REJECT —— 题目派生：原文为(2)一定条件下将氮气和氢气按混合匀速通入合成塔、发生反应。数值被剥空只有设问没有答案，不属可入库的结构化结论；按口径不得把题目/解析改写成知识点,
mat_321_375.csv#356,CHEMISTRY,chem-fx-suo-de-chun-jian-zhong-ke-neng-han-you-f14x03,REJECT,判断关键词：题干残片；全库 27184 条材料比对无同内容覆盖,REJECT —— 题目派生：原文为(5)所得纯碱中可能含有少量杂质、可以通过如下方法测定纯碱中碳酸钠的质量分数。属实验步骤设问、无知识点结论，不属可入库的结构化结论；按口径不得把题目/解析改写成知识点,
mat_321_375.csv#357,CHEMISTRY,chem-fx-qing-de-jie-gou-jian-shi-wei-f21x10,REJECT,判断关键词：题干残片；全库 27184 条材料比对无同内容覆盖,REJECT —— 题目派生：题号9．开头、为题干给出的拟卤素信息（解题条件）而非结论，不属可入库的结构化结论；按口径不得把题目/解析改写成知识点,
mat_321_375.csv#358,CHEMISTRY,chem-fx-gao-san-quan-guo-zhuan-ti-lian-xi-tong-f38x09,REJECT,判断关键词：题干残片；全库 27184 条材料比对无同内容覆盖,REJECT —— 题目派生：题号6．（2024高三·全国·专题练习）开头、含考卷标签、为题目派生，不属可入库的结构化结论；按口径不得把题目/解析改写成知识点,
mat_321_375.csv#359,CHEMISTRY,chem-fx-yi-ding-tiao-jian-xia-cun-zai-fan-ying-f45x10,REJECT,判断关键词：题干残片；全库 27184 条材料比对无同内容覆盖,REJECT —— 题目派生：题号13．开头、为题干实验设定（含图1、图2）无结论，不属可入库的结构化结论；按口径不得把题目/解析改写成知识点,
mat_321_375.csv#360,CHEMISTRY,chem-fx-zai-yi-wan-zhong-yin-ru-ke-yi-jiang-di-f46x18,REJECT,判断关键词：题干残片；全库 27184 条材料比对无同内容覆盖,REJECT —— 题目派生：原文为(2)在乙烷中引入O2可以降低反应温度、减少积碳。涉及如下反应、只有引子没有结论，不属可入库的结构化结论；按口径不得把题目/解析改写成知识点,
mat_321_375.csv#361,CHEMISTRY,chem-fx-yi-ding-tiao-jian-xia-rong-jie-neng-li-f54x12,REJECT,判断关键词：讲义残片；全库 27184 条材料比对无同内容覆盖,REJECT —— 题目派生：原文为②一定条件下溶解能力小的沉淀也可以转化成溶解能力相对较大的沉淀。(3)应用实例、为条目引子、正文不完整，不属可入库的结构化结论；按口径不得把题目/解析改写成知识点,
mat_321_375.csv#362,CHEMISTRY,chem-fx-lie-hua-zai-yi-ding-tiao-jian-xia-ba-x-f59x11,REJECT,判断关键词：讲义填空原文；全库 27184 条材料比对无同内容覆盖,REJECT —— 题目派生：正文为空缺处保留下划线的默写版填空原文（相对分子质量、沸点、产量等处为填空）属非结构化结论，不属可入库的结构化结论；按口径不得把题目/解析改写成知识点,
mat_321_375.csv#363,CHEMISTRY,chem-fx-bing-tong-yu-ning-meng-quan-zai-yi-din-f61x03,REJECT,判断关键词：题干残片；全库 27184 条材料比对无同内容覆盖,REJECT —— 题目派生：题号2．开头、为题干转化过程设定（依赖图片）无结论，不属可入库的结构化结论；按口径不得把题目/解析改写成知识点,
mat_321_375.csv#364,CHEMISTRY,chem-fx-jian-yan-shi-ji-xuan-ze-ji-yong-liang-f68x01,REJECT,判断关键词：设问残片；全库 27184 条材料比对无同内容覆盖,REJECT —— 题目派生：原文为1．检验试剂选择及用量是否正确、对检验试剂的要求是、为题面设问句、非知识点结论，不属可入库的结构化结论；按口径不得把题目/解析改写成知识点,
mat_321_375.csv#365,CHEMISTRY,chem-fx-mou-rong-ye-zhong-ke-neng-han-you-f76x18,REJECT,判断关键词：题干残片；全库 27184 条材料比对无同内容覆盖,REJECT —— 题目派生：题号10．开头、为离子推断计算题题面、只有已知条件与设问、结论缺失，不属可入库的结构化结论；按口径不得把题目/解析改写成知识点,
mat_321_375.csv#366,CHEMISTRY,chem-fx-xiang-mou-rong-ye-zhong-jia-rong-ye-f76x20,REJECT,判断关键词：题干残片；全库 27184 条材料比对无同内容覆盖,REJECT —— 题目派生：题号29．开头、设问被截断（则溶液中）、无结论，不属可入库的结构化结论；按口径不得把题目/解析改写成知识点,
mat_321_375.csv#367,CHEMISTRY,chem-fx-mou-rong-ye-zhong-da-liang-cun-zai-yi-f76x21,REJECT,判断关键词：题干残片；全库 27184 条材料比对无同内容覆盖,REJECT —— 题目派生：题号30．开头、设问被截断（则M可能为）、无结论，不属可入库的结构化结论；按口径不得把题目/解析改写成知识点,
mat_321_375.csv#368,CHEMISTRY,chem-fx-mou-tou-ming-rong-ye-zhong-ke-neng-han-f76x23,REJECT,判断关键词：题干残片；全库 27184 条材料比对无同内容覆盖,REJECT —— 题目派生：题号50．开头、为实验操作题题面、无结论，不属可入库的结构化结论；按口径不得把题目/解析改写成知识点,
mat_321_375.csv#369,CHEMISTRY,chem-fx-mou-rong-ye-zhong-jin-han-you-f76x25,REJECT,判断关键词：题干残片；全库 27184 条材料比对无同内容覆盖,REJECT —— 题目派生：题号70．开头、设问被截断（则SO的浓度为）、无结论，不属可入库的结构化结论；按口径不得把题目/解析改写成知识点,
mat_321_375.csv#370,CHEMISTRY,chem-fx-mou-wu-se-rong-ye-zhong-ke-neng-han-yo-f76x26,REJECT,判断关键词：题干残片；全库 27184 条材料比对无同内容覆盖,REJECT —— 题目派生：题号91．开头、为离子检验实验题题面（进行如下实验）、无结论，不属可入库的结构化结论；按口径不得把题目/解析改写成知识点,
mat_321_375.csv#371,BIOLOGY,bio-lethal-AA-and-BB-4-2-2-1,MERGE_INTO,覆盖材料 bio-lethal-aa-and-bb-4-2-2-1（node_materials.csv 归属节点：个体或配子致死问题的处理-规律方法）；候选与该材料的 title、summaryMarkdown、contentMarkdown、applicabilityMarkdown、boundaryMarkdown、type 逐字一致、仅 slug 字母大小写不同,内容已被包内同节点材料等价覆盖（逐字重复）、不需新增材料；判为重复候选、合并指向覆盖材料,bio-lethal-aa-and-bb-4-2-2-1
mat_321_375.csv#372,BIOLOGY,bio-lethal-AA-or-BB-6-3-2-1,MERGE_INTO,覆盖材料 bio-lethal-aa-or-bb-6-3-2-1（node_materials.csv 归属节点：技巧-实验数据-与-9-3-3-1及其变式-间的转化方法）；候选与该材料的 title、summaryMarkdown、contentMarkdown、applicabilityMarkdown、boundaryMarkdown、type 逐字一致、仅 slug 字母大小写不同,内容已被包内同节点材料等价覆盖（逐字重复）、不需新增材料；判为重复候选、合并指向覆盖材料,bio-lethal-aa-or-bb-6-3-2-1
mat_321_375.csv#373,BIOLOGY,bio-lethal-gamete-AB-5-3-3-1,MERGE_INTO,覆盖材料 bio-lethal-gamete-ab-5-3-3-1（node_materials.csv 归属节点：个体或配子致死问题的处理-规律方法）；候选与该材料的 title、summaryMarkdown、contentMarkdown、applicabilityMarkdown、boundaryMarkdown、type 逐字一致、仅 slug 字母大小写不同,内容已被包内同节点材料等价覆盖（逐字重复）、不需新增材料；判为重复候选、合并指向覆盖材料,bio-lethal-gamete-ab-5-3-3-1
mat_321_375.csv#374,BIOLOGY,bio-lethal-gamete-Ab-aB-7-1-3-1,MERGE_INTO,覆盖材料 bio-lethal-gamete-ab-ab-7-1-3-1（node_materials.csv 归属节点：个体或配子致死问题的处理-规律方法）；候选与该材料的 title、summaryMarkdown、contentMarkdown、applicabilityMarkdown、boundaryMarkdown、type 逐字一致、仅 slug 字母大小写不同,内容已被包内同节点材料等价覆盖（逐字重复）、不需新增材料；判为重复候选、合并指向覆盖材料,bio-lethal-gamete-ab-ab-7-1-3-1
mat_321_375.csv#375,BIOLOGY,bio-fj-04-rRNA-in-prokaryotes,MERGE_INTO,覆盖材料 bio-fj-04-rrna-in-prokaryotes（node_materials.csv 归属节点：原核细胞）；候选与该材料的 title、summaryMarkdown、contentMarkdown、applicabilityMarkdown、boundaryMarkdown、type 逐字一致、仅 slug 字母大小写不同,内容已被包内同节点材料等价覆盖（逐字重复）、不需新增材料；判为重复候选、合并指向覆盖材料,bio-fj-04-rrna-in-prokaryotes
mat_81_160.csv#81,MATH,math-mo-MianMian-chuizhi-xingZhi-yiCuo,MERGE_INTO,覆盖材料 math-mo-mianmian-chuizhi-xingzhi-yicuo（节点 面面垂直性质的应用）；候选 title/summaryMarkdown/applicabilityMarkdown/contentMarkdown/boundaryMarkdown 与该包内材料五项逐字一致,候选 slug math-mo-MianMian-chuizhi-xingZhi-yiCuo 与包内材料 math-mo-mianmian-chuizhi-xingzhi-yicuo 仅字母大小写不同，内容逐字重复，已由节点 面面垂直性质的应用 的包内材料等价覆盖；若 PROMOTE 会在同节点产生重复材料，故并入,math-mo-mianmian-chuizhi-xingzhi-yicuo
mat_81_160.csv#82,MATH,math-mo-tansuoXing-tiaojian-jielun,MERGE_INTO,覆盖材料 math-mo-tansuoxing-tiaojian-jielun（节点 立体几何中的探索性问题立体几何中的探索性问题的主要类型）；候选 title/summaryMarkdown/applicabilityMarkdown/contentMarkdown/boundaryMarkdown 与该包内材料五项逐字一致,候选 slug math-mo-tansuoXing-tiaojian-jielun 与包内材料 math-mo-tansuoxing-tiaojian-jielun 仅字母大小写不同，内容逐字重复，已由节点 立体几何中的探索性问题立体几何中的探索性问题的主要类型 的包内材料等价覆盖；若 PROMOTE 会在同节点产生重复材料，故并入,math-mo-tansuoxing-tiaojian-jielun
mat_81_160.csv#83,MATH,math-mo-XianMianJiao-yizuo-erzheng-sanqiu,MERGE_INTO,覆盖材料 math-mo-xianmianjiao-yizuo-erzheng-sanqiu（节点 二面角的求法）；候选 title/summaryMarkdown/applicabilityMarkdown/contentMarkdown/boundaryMarkdown 与该包内材料五项逐字一致,候选 slug math-mo-XianMianJiao-yizuo-erzheng-sanqiu 与包内材料 math-mo-xianmianjiao-yizuo-erzheng-sanqiu 仅字母大小写不同，内容逐字重复，已由节点 二面角的求法 的包内材料等价覆盖；若 PROMOTE 会在同节点产生重复材料，故并入,math-mo-xianmianjiao-yizuo-erzheng-sanqiu
mat_81_160.csv#84,MATH,math-mo-erMianJiao-sanfa-zuopingmianjiao,MERGE_INTO,覆盖材料 math-mo-ermianjiao-sanfa-zuopingmianjiao（节点 二面角的求法）；候选 title/summaryMarkdown/applicabilityMarkdown/contentMarkdown/boundaryMarkdown 与该包内材料五项逐字一致,候选 slug math-mo-erMianJiao-sanfa-zuopingmianjiao 与包内材料 math-mo-ermianjiao-sanfa-zuopingmianjiao 仅字母大小写不同，内容逐字重复，已由节点 二面角的求法 的包内材料等价覆盖；若 PROMOTE 会在同节点产生重复材料，故并入,math-mo-ermianjiao-sanfa-zuopingmianjiao
mat_81_160.csv#85,MATH,math-mo-kongJian-juLi-sanfa,MERGE_INTO,覆盖材料 math-mo-kongjian-juli-sanfa（节点 空间距离的求法）；候选 title/summaryMarkdown/applicabilityMarkdown/contentMarkdown/boundaryMarkdown 与该包内材料五项逐字一致,候选 slug math-mo-kongJian-juLi-sanfa 与包内材料 math-mo-kongjian-juli-sanfa 仅字母大小写不同，内容逐字重复，已由节点 空间距离的求法 的包内材料等价覆盖；若 PROMOTE 会在同节点产生重复材料，故并入,math-mo-kongjian-juli-sanfa
mat_81_160.csv#86,MATH,math-mo-dengcha-jbld-zhiSanQiuEr,MERGE_INTO,覆盖材料 math-mo-dengcha-jbld-zhisanqiuer（节点 求解等差数列基本量的策略）；候选 title/summaryMarkdown/applicabilityMarkdown/contentMarkdown/boundaryMarkdown 与该包内材料五项逐字一致,候选 slug math-mo-dengcha-jbld-zhiSanQiuEr 与包内材料 math-mo-dengcha-jbld-zhisanqiuer 仅字母大小写不同，内容逐字重复，已由节点 求解等差数列基本量的策略 的包内材料等价覆盖；若 PROMOTE 会在同节点产生重复材料，故并入,math-mo-dengcha-jbld-zhisanqiuer
mat_81_160.csv#87,MATH,math-mo-dengcha-Xingzhi-sanjieshi,MERGE_INTO,覆盖材料 math-mo-dengcha-xingzhi-sanjieshi（节点 等差数列的常用性质）；候选 title/summaryMarkdown/applicabilityMarkdown/contentMarkdown/boundaryMarkdown 与该包内材料五项逐字一致,候选 slug math-mo-dengcha-Xingzhi-sanjieshi 与包内材料 math-mo-dengcha-xingzhi-sanjieshi 仅字母大小写不同，内容逐字重复，已由节点 等差数列的常用性质 的包内材料等价覆盖；若 PROMOTE 会在同节点产生重复材料，故并入,math-mo-dengcha-xingzhi-sanjieshi
mat_81_160.csv#88,MATH,math-mo-dengcha-Sn-Xingzhi-sanjieshi,MERGE_INTO,覆盖材料 math-mo-dengcha-sn-xingzhi-sanjieshi（节点 等差数列前项和的常用性质）；候选 title/summaryMarkdown/applicabilityMarkdown/contentMarkdown/boundaryMarkdown 与该包内材料五项逐字一致,候选 slug math-mo-dengcha-Sn-Xingzhi-sanjieshi 与包内材料 math-mo-dengcha-sn-xingzhi-sanjieshi 仅字母大小写不同，内容逐字重复，已由节点 等差数列前项和的常用性质 的包内材料等价覆盖；若 PROMOTE 会在同节点产生重复材料，故并入,math-mo-dengcha-sn-xingzhi-sanjieshi
mat_81_160.csv#89,MATH,math-mo-dengcha-Sn-zuizhi-liangfa,MERGE_INTO,覆盖材料 math-mo-dengcha-sn-zuizhi-liangfa（节点 等差数列前n项和最值问题）；候选 title/summaryMarkdown/applicabilityMarkdown/contentMarkdown/boundaryMarkdown 与该包内材料五项逐字一致,候选 slug math-mo-dengcha-Sn-zuizhi-liangfa 与包内材料 math-mo-dengcha-sn-zuizhi-liangfa 仅字母大小写不同，内容逐字重复，已由节点 等差数列前n项和最值问题 的包内材料等价覆盖；若 PROMOTE 会在同节点产生重复材料，故并入,math-mo-dengcha-sn-zuizhi-liangfa
mat_81_160.csv#90,MATH,math-mo-dengbi-Sn-Xingzhi-silei,MERGE_INTO,覆盖材料 math-mo-dengbi-sn-xingzhi-silei（节点 等比数列前项和的常用性质）；候选 title/summaryMarkdown/applicabilityMarkdown/contentMarkdown/boundaryMarkdown 与该包内材料五项逐字一致,候选 slug math-mo-dengbi-Sn-Xingzhi-silei 与包内材料 math-mo-dengbi-sn-xingzhi-silei 仅字母大小写不同，内容逐字重复，已由节点 等比数列前项和的常用性质 的包内材料等价覆盖；若 PROMOTE 会在同节点产生重复材料，故并入,math-mo-dengbi-sn-xingzhi-silei
mat_81_160.csv#91,MATH,math-mo-dengbi-panding-yaoDian,MERGE_INTO,覆盖材料 math-mo-dengbi-panding-yaodian（节点 等比数列）；候选 title/summaryMarkdown/applicabilityMarkdown/contentMarkdown/boundaryMarkdown 与该包内材料五项逐字一致,候选 slug math-mo-dengbi-panding-yaoDian 与包内材料 math-mo-dengbi-panding-yaodian 仅字母大小写不同，内容逐字重复，已由节点 等比数列 的包内材料等价覆盖；若 PROMOTE 会在同节点产生重复材料，故并入,math-mo-dengbi-panding-yaodian
mat_81_160.csv#92,MATH,math-mo-shulie-XinBeiJing-sanbu,MERGE_INTO,覆盖材料 math-mo-shulie-xinbeijing-sanbu（节点 等差数列与等比数列新背景问题）；候选 title/summaryMarkdown/applicabilityMarkdown/contentMarkdown/boundaryMarkdown 与该包内材料五项逐字一致,候选 slug math-mo-shulie-XinBeiJing-sanbu 与包内材料 math-mo-shulie-xinbeijing-sanbu 仅字母大小写不同，内容逐字重复，已由节点 等差数列与等比数列新背景问题 的包内材料等价覆盖；若 PROMOTE 会在同节点产生重复材料，故并入,math-mo-shulie-xinbeijing-sanbu
mat_81_160.csv#93,MATH,math-mo-yuansu-qiucan-huYiXing,MERGE_INTO,覆盖材料 math-mo-yuansu-qiucan-huyixing（节点 利用元素与集合的关系求参数）；候选 title/summaryMarkdown/applicabilityMarkdown/contentMarkdown/boundaryMarkdown 与该包内材料五项逐字一致,候选 slug math-mo-yuansu-qiucan-huYiXing 与包内材料 math-mo-yuansu-qiucan-huyixing 仅字母大小写不同，内容逐字重复，已由节点 利用元素与集合的关系求参数 的包内材料等价覆盖；若 PROMOTE 会在同节点产生重复材料，故并入,math-mo-yuansu-qiucan-huyixing
mat_81_160.csv#94,MATH,math-mo-ziJi-geshu-gongshi,MERGE_INTO,覆盖材料 math-mo-ziji-geshu-gongshi（节点 等差数列的常用性质）；候选 title/summaryMarkdown/applicabilityMarkdown/contentMarkdown/boundaryMarkdown 与该包内材料五项逐字一致,候选 slug math-mo-ziJi-geshu-gongshi 与包内材料 math-mo-ziji-geshu-gongshi 仅字母大小写不同，内容逐字重复，已由节点 等差数列的常用性质 的包内材料等价覆盖；若 PROMOTE 会在同节点产生重复材料，故并入,math-mo-ziji-geshu-gongshi
mat_81_160.csv#95,MATH,math-mo-jihe-qiucan-kongJi-lisuan,MERGE_INTO,覆盖材料 math-mo-jihe-qiucan-kongji-lisuan（节点 利用元素与集合的关系求参数）；候选 title/summaryMarkdown/applicabilityMarkdown/contentMarkdown/boundaryMarkdown 与该包内材料五项逐字一致,候选 slug math-mo-jihe-qiucan-kongJi-lisuan 与包内材料 math-mo-jihe-qiucan-kongji-lisuan 仅字母大小写不同，内容逐字重复，已由节点 利用元素与集合的关系求参数 的包内材料等价覆盖；若 PROMOTE 会在同节点产生重复材料，故并入,math-mo-jihe-qiucan-kongji-lisuan
mat_81_160.csv#96,MATH,math-mo-jiaoBing-bu-yunsuan-fangfa,MERGE_INTO,覆盖材料 math-mo-jiaobing-bu-yunsuan-fangfa（节点 对数混合运算的一般原则）；候选 title/summaryMarkdown/applicabilityMarkdown/contentMarkdown/boundaryMarkdown 与该包内材料五项逐字一致,候选 slug math-mo-jiaoBing-bu-yunsuan-fangfa 与包内材料 math-mo-jiaobing-bu-yunsuan-fangfa 仅字母大小写不同，内容逐字重复，已由节点 对数混合运算的一般原则 的包内材料等价覆盖；若 PROMOTE 会在同节点产生重复材料，故并入,math-mo-jiaobing-bu-yunsuan-fangfa
mat_81_160.csv#97,MATH,math-mo-jihe-XinDingyi-yaoling,MERGE_INTO,覆盖材料 math-mo-jihe-xindingyi-yaoling（节点 集合新定义的解题思路）；候选 title/summaryMarkdown/applicabilityMarkdown/contentMarkdown/boundaryMarkdown 与该包内材料五项逐字一致,候选 slug math-mo-jihe-XinDingyi-yaoling 与包内材料 math-mo-jihe-xindingyi-yaoling 仅字母大小写不同，内容逐字重复，已由节点 集合新定义的解题思路 的包内材料等价覆盖；若 PROMOTE 会在同节点产生重复材料，故并入,math-mo-jihe-xindingyi-yaoling
mat_81_160.csv#98,MATH,math-mo-chongFen-biYao-sanfa,MERGE_INTO,覆盖材料 math-mo-chongfen-biyao-sanfa（节点 充分条件与必要条件的判断）；候选 title/summaryMarkdown/applicabilityMarkdown/contentMarkdown/boundaryMarkdown 与该包内材料五项逐字一致,候选 slug math-mo-chongFen-biYao-sanfa 与包内材料 math-mo-chongfen-biyao-sanfa 仅字母大小写不同，内容逐字重复，已由节点 充分条件与必要条件的判断 的包内材料等价覆盖；若 PROMOTE 会在同节点产生重复材料，故并入,math-mo-chongfen-biyao-sanfa
mat_81_160.csv#99,MATH,math-mo-chongFen-qiucan-zhuanhua,MERGE_INTO,覆盖材料 math-mo-chongfen-qiucan-zhuanhua（节点 利用充分必要条件求参数）；候选 title/summaryMarkdown/applicabilityMarkdown/contentMarkdown/boundaryMarkdown 与该包内材料五项逐字一致,候选 slug math-mo-chongFen-qiucan-zhuanhua 与包内材料 math-mo-chongfen-qiucan-zhuanhua 仅字母大小写不同，内容逐字重复，已由节点 利用充分必要条件求参数 的包内材料等价覆盖；若 PROMOTE 会在同节点产生重复材料，故并入,math-mo-chongfen-qiucan-zhuanhua
mat_81_160.csv#100,MATH,math-mo-LiangCi-fouding-liangbu,MERGE_INTO,覆盖材料 math-mo-liangci-fouding-liangbu（节点 对含有一个量词命题的否定理解错误致错）；候选 title/summaryMarkdown/applicabilityMarkdown/contentMarkdown/boundaryMarkdown 与该包内材料五项逐字一致,候选 slug math-mo-LiangCi-fouding-liangbu 与包内材料 math-mo-liangci-fouding-liangbu 仅字母大小写不同，内容逐字重复，已由节点 对含有一个量词命题的否定理解错误致错 的包内材料等价覆盖；若 PROMOTE 会在同节点产生重复材料，故并入,math-mo-liangci-fouding-liangbu
mat_81_160.csv#101,MATH,math-mo-LiangCi-zhenjia-qiucan,MERGE_INTO,覆盖材料 math-mo-liangci-zhenjia-qiucan（节点 根据全称-存在量词命题的真假求参数）；候选 title/summaryMarkdown/applicabilityMarkdown/contentMarkdown/boundaryMarkdown 与该包内材料五项逐字一致,候选 slug math-mo-LiangCi-zhenjia-qiucan 与包内材料 math-mo-liangci-zhenjia-qiucan 仅字母大小写不同，内容逐字重复，已由节点 根据全称-存在量词命题的真假求参数 的包内材料等价覆盖；若 PROMOTE 会在同节点产生重复材料，故并入,math-mo-liangci-zhenjia-qiucan
mat_81_160.csv#102,MATH,math-mo-budengshi-qiufanwei-daiDing,MERGE_INTO,覆盖材料 math-mo-budengshi-qiufanwei-daiding（节点 利用不等式的性质求数-式-的范围）；候选 title/summaryMarkdown/applicabilityMarkdown/contentMarkdown/boundaryMarkdown 与该包内材料五项逐字一致,候选 slug math-mo-budengshi-qiufanwei-daiDing 与包内材料 math-mo-budengshi-qiufanwei-daiding 仅字母大小写不同，内容逐字重复，已由节点 利用不等式的性质求数-式-的范围 的包内材料等价覆盖；若 PROMOTE 会在同节点产生重复材料，故并入,math-mo-budengshi-qiufanwei-daiding
mat_81_160.csv#103,MATH,math-mo-hanCan-erci-budengshi-fenlei,MERGE_INTO,覆盖材料 math-mo-hancan-erci-budengshi-fenlei（节点 含参一元二次不等式的解法）；候选 title/summaryMarkdown/applicabilityMarkdown/contentMarkdown/boundaryMarkdown 与该包内材料五项逐字一致,候选 slug math-mo-hanCan-erci-budengshi-fenlei 与包内材料 math-mo-hancan-erci-budengshi-fenlei 仅字母大小写不同，内容逐字重复，已由节点 含参一元二次不等式的解法 的包内材料等价覆盖；若 PROMOTE 会在同节点产生重复材料，故并入,math-mo-hancan-erci-budengshi-fenlei
mat_81_160.csv#104,MATH,math-mo-sangerCi-guanxi-hugua,MERGE_INTO,覆盖材料 math-mo-sangerci-guanxi-hugua（节点 利用-线线平行-线面平行-面面平行-的相互转化）；候选 title/summaryMarkdown/applicabilityMarkdown/contentMarkdown/boundaryMarkdown 与该包内材料五项逐字一致,候选 slug math-mo-sangerCi-guanxi-hugua 与包内材料 math-mo-sangerci-guanxi-hugua 仅字母大小写不同，内容逐字重复，已由节点 利用-线线平行-线面平行-面面平行-的相互转化 的包内材料等价覆盖；若 PROMOTE 会在同节点产生重复材料，故并入,math-mo-sangerci-guanxi-hugua
mat_81_160.csv#105,MATH,math-mo-budengshi-shiJi-yingyong,MERGE_INTO,覆盖材料 math-mo-budengshi-shiji-yingyong（节点 忽视基本不等式应用的条件致错）；候选 title/summaryMarkdown/applicabilityMarkdown/contentMarkdown/boundaryMarkdown 与该包内材料五项逐字一致,候选 slug math-mo-budengshi-shiJi-yingyong 与包内材料 math-mo-budengshi-shiji-yingyong 仅字母大小写不同，内容逐字重复，已由节点 忽视基本不等式应用的条件致错 的包内材料等价覆盖；若 PROMOTE 会在同节点产生重复材料，故并入,math-mo-budengshi-shiji-yingyong
mat_81_160.csv#106,MATH,math-mo-fushu-XiangDeng-gonge-xingzhi,MERGE_INTO,覆盖材料 math-mo-fushu-xiangdeng-gonge-xingzhi（节点 指数函数及其性质）；候选 title/summaryMarkdown/applicabilityMarkdown/contentMarkdown/boundaryMarkdown 与该包内材料五项逐字一致,候选 slug math-mo-fushu-XiangDeng-gonge-xingzhi 与包内材料 math-mo-fushu-xiangdeng-gonge-xingzhi 仅字母大小写不同，内容逐字重复，已由节点 指数函数及其性质 的包内材料等价覆盖；若 PROMOTE 会在同节点产生重复材料，故并入,math-mo-fushu-xiangdeng-gonge-xingzhi
mat_81_160.csv#107,MATH,math-mo-fushu-mo-dingyi-Xingzhi,MERGE_INTO,覆盖材料 math-mo-fushu-mo-dingyi-xingzhi（节点 复数的四则运算）；候选 title/summaryMarkdown/applicabilityMarkdown/contentMarkdown/boundaryMarkdown 与该包内材料五项逐字一致,候选 slug math-mo-fushu-mo-dingyi-Xingzhi 与包内材料 math-mo-fushu-mo-dingyi-xingzhi 仅字母大小写不同，内容逐字重复，已由节点 复数的四则运算 的包内材料等价覆盖；若 PROMOTE 会在同节点产生重复材料，故并入,math-mo-fushu-mo-dingyi-xingzhi
mat_81_160.csv#108,MATH,math-mo-fushu-sanJiaoXingshi-huhua,MERGE_INTO,覆盖材料 math-mo-fushu-sanjiaoxingshi-huhua（节点 三角函数的定义）；候选 title/summaryMarkdown/applicabilityMarkdown/contentMarkdown/boundaryMarkdown 与该包内材料五项逐字一致,候选 slug math-mo-fushu-sanJiaoXingshi-huhua 与包内材料 math-mo-fushu-sanjiaoxingshi-huhua 仅字母大小写不同，内容逐字重复，已由节点 三角函数的定义 的包内材料等价覆盖；若 PROMOTE 会在同节点产生重复材料，故并入,math-mo-fushu-sanjiaoxingshi-huhua
mat_81_160.csv#109,MATH,math-mo-fushu-guiJi-zuizhi,MERGE_INTO,覆盖材料 math-mo-fushu-guiji-zuizhi（节点 复数的几何意义）；候选 title/summaryMarkdown/applicabilityMarkdown/contentMarkdown/boundaryMarkdown 与该包内材料五项逐字一致,候选 slug math-mo-fushu-guiJi-zuizhi 与包内材料 math-mo-fushu-guiji-zuizhi 仅字母大小写不同，内容逐字重复，已由节点 复数的几何意义 的包内材料等价覆盖；若 PROMOTE 会在同节点产生重复材料，故并入,math-mo-fushu-guiji-zuizhi
mat_81_160.csv#110,MATH,math-mo-an-yu-Sn-liangsilu,MERGE_INTO,覆盖材料 math-mo-an-yu-sn-liangsilu（节点 由前几项归纳数列通项的方法）；候选 title/summaryMarkdown/applicabilityMarkdown/contentMarkdown/boundaryMarkdown 与该包内材料五项逐字一致,候选 slug math-mo-an-yu-Sn-liangsilu 与包内材料 math-mo-an-yu-sn-liangsilu 仅字母大小写不同，内容逐字重复，已由节点 由前几项归纳数列通项的方法 的包内材料等价覆盖；若 PROMOTE 会在同节点产生重复材料，故并入,math-mo-an-yu-sn-liangsilu
mat_81_160.csv#111,MATH,math-mo-gouzao-tongXiang-sanleixing,MERGE_INTO,覆盖材料 math-mo-gouzao-tongxiang-sanleixing（节点 由前几项归纳数列通项的方法）；候选 title/summaryMarkdown/applicabilityMarkdown/contentMarkdown/boundaryMarkdown 与该包内材料五项逐字一致,候选 slug math-mo-gouzao-tongXiang-sanleixing 与包内材料 math-mo-gouzao-tongxiang-sanleixing 仅字母大小写不同，内容逐字重复，已由节点 由前几项归纳数列通项的方法 的包内材料等价覆盖；若 PROMOTE 会在同节点产生重复材料，故并入,math-mo-gouzao-tongxiang-sanleixing
mat_81_160.csv#112,MATH,math-mo-fenZu-bingXiang-qiuhc,MERGE_INTO,覆盖材料 math-mo-fenzu-bingxiang-qiuhc（节点 分组-并项-法求数列的前n项和）；候选 title/summaryMarkdown/applicabilityMarkdown/contentMarkdown/boundaryMarkdown 与该包内材料五项逐字一致,候选 slug math-mo-fenZu-bingXiang-qiuhc 与包内材料 math-mo-fenzu-bingxiang-qiuhc 仅字母大小写不同，内容逐字重复，已由节点 分组-并项-法求数列的前n项和 的包内材料等价覆盖；若 PROMOTE 会在同节点产生重复材料，故并入,math-mo-fenzu-bingxiang-qiuhc
mat_81_160.csv#113,MATH,math-mo-daoXu-XiangJia-tiaojian,MERGE_INTO,覆盖材料 math-mo-daoxu-xiangjia-tiaojian（节点 倒序相加法）；候选 title/summaryMarkdown/applicabilityMarkdown/contentMarkdown/boundaryMarkdown 与该包内材料五项逐字一致,候选 slug math-mo-daoXu-XiangJia-tiaojian 与包内材料 math-mo-daoxu-xiangjia-tiaojian 仅字母大小写不同，内容逐字重复，已由节点 倒序相加法 的包内材料等价覆盖；若 PROMOTE 会在同节点产生重复材料，故并入,math-mo-daoxu-xiangjia-tiaojian
mat_81_160.csv#114,MATH,math-mo-lieXiang-XiangXiao-yuanze,MERGE_INTO,覆盖材料 math-mo-liexiang-xiangxiao-yuanze（节点 裂项相消求和时遗漏剩余项致错）；候选 title/summaryMarkdown/applicabilityMarkdown/contentMarkdown/boundaryMarkdown 与该包内材料五项逐字一致,候选 slug math-mo-lieXiang-XiangXiao-yuanze 与包内材料 math-mo-liexiang-xiangxiao-yuanze 仅字母大小写不同，内容逐字重复，已由节点 裂项相消求和时遗漏剩余项致错 的包内材料等价覆盖；若 PROMOTE 会在同节点产生重复材料，故并入,math-mo-liexiang-xiangxiao-yuanze
mat_81_160.csv#115,MATH,math-mo-cuoWei-XiangJian-yaoDian,MERGE_INTO,覆盖材料 math-mo-cuowei-xiangjian-yaodian（节点 等差乘等比数列求和-令-可以用错位相减法）；候选 title/summaryMarkdown/applicabilityMarkdown/contentMarkdown/boundaryMarkdown 与该包内材料五项逐字一致,候选 slug math-mo-cuoWei-XiangJian-yaoDian 与包内材料 math-mo-cuowei-xiangjian-yaodian 仅字母大小写不同，内容逐字重复，已由节点 等差乘等比数列求和-令-可以用错位相减法 的包内材料等价覆盖；若 PROMOTE 会在同节点产生重复材料，故并入,math-mo-cuowei-xiangjian-yaodian
mat_81_160.csv#116,MATH,math-mo-FeiBoNaQi-shulie,MERGE_INTO,覆盖材料 math-mo-feibonaqi-shulie（节点 斐波那契数列）；候选 title/summaryMarkdown/applicabilityMarkdown/contentMarkdown/boundaryMarkdown 与该包内材料五项逐字一致,候选 slug math-mo-FeiBoNaQi-shulie 与包内材料 math-mo-feibonaqi-shulie 仅字母大小写不同，内容逐字重复，已由节点 斐波那契数列 的包内材料等价覆盖；若 PROMOTE 会在同节点产生重复材料，故并入,math-mo-feibonaqi-shulie
mat_81_160.csv#117,MATH,math-mo-gongGongXiang-zengJianXiang,MERGE_INTO,覆盖材料 math-mo-gonggongxiang-zengjianxiang（节点 数列的公共项问题）；候选 title/summaryMarkdown/applicabilityMarkdown/contentMarkdown/boundaryMarkdown 与该包内材料五项逐字一致,候选 slug math-mo-gongGongXiang-zengJianXiang 与包内材料 math-mo-gonggongxiang-zengjianxiang 仅字母大小写不同，内容逐字重复，已由节点 数列的公共项问题 的包内材料等价覆盖；若 PROMOTE 会在同节点产生重复材料，故并入,math-mo-gonggongxiang-zengjianxiang
mat_81_160.csv#118,MATH,math-mo-shulie-XinDingyi-jieti,MERGE_INTO,覆盖材料 math-mo-shulie-xindingyi-jieti（节点 空间向量新定义问题）；候选 title/summaryMarkdown/applicabilityMarkdown/contentMarkdown/boundaryMarkdown 与该包内材料五项逐字一致,候选 slug math-mo-shulie-XinDingyi-jieti 与包内材料 math-mo-shulie-xindingyi-jieti 仅字母大小写不同，内容逐字重复，已由节点 空间向量新定义问题 的包内材料等价覆盖；若 PROMOTE 会在同节点产生重复材料，故并入,math-mo-shulie-xindingyi-jieti
mat_81_160.csv#119,MATH,math-mo-kongJian-XiangLiang-XianXing-guanJian,MERGE_INTO,覆盖材料 math-mo-kongjian-xiangliang-xianxing-guanjian（节点 空间向量的线性运算）；候选 title/summaryMarkdown/applicabilityMarkdown/contentMarkdown/boundaryMarkdown 与该包内材料五项逐字一致,候选 slug math-mo-kongJian-XiangLiang-XianXing-guanJian 与包内材料 math-mo-kongjian-xiangliang-xianxing-guanjian 仅字母大小写不同，内容逐字重复，已由节点 空间向量的线性运算 的包内材料等价覆盖；若 PROMOTE 会在同节点产生重复材料，故并入,math-mo-kongjian-xiangliang-xianxing-guanjian
mat_81_160.csv#120,MATH,math-mo-gongXian-gongMian-dingli-bijiao,MERGE_INTO,覆盖材料 math-mo-gongxian-gongmian-dingli-bijiao（节点 平面向量基本定理）；候选 title/summaryMarkdown/applicabilityMarkdown/contentMarkdown/boundaryMarkdown 与该包内材料五项逐字一致,候选 slug math-mo-gongXian-gongMian-dingli-bijiao 与包内材料 math-mo-gongxian-gongmian-dingli-bijiao 仅字母大小写不同，内容逐字重复，已由节点 平面向量基本定理 的包内材料等价覆盖；若 PROMOTE 会在同节点产生重复材料，故并入,math-mo-gongxian-gongmian-dingli-bijiao
mat_81_160.csv#121,MATH,math-mo-jiXiangLiang-biaoshi-sanbu,MERGE_INTO,覆盖材料 math-mo-jixiangliang-biaoshi-sanbu（节点 用基向量表示指定向量的方法）；候选 title/summaryMarkdown/applicabilityMarkdown/contentMarkdown/boundaryMarkdown 与该包内材料五项逐字一致,候选 slug math-mo-jiXiangLiang-biaoshi-sanbu 与包内材料 math-mo-jixiangliang-biaoshi-sanbu 仅字母大小写不同，内容逐字重复，已由节点 用基向量表示指定向量的方法 的包内材料等价覆盖；若 PROMOTE 会在同节点产生重复材料，故并入,math-mo-jixiangliang-biaoshi-sanbu
mat_81_160.csv#122,MATH,math-mo-kongJian-shuliangji-yingyong,MERGE_INTO,覆盖材料 math-mo-kongjian-shuliangji-yingyong（节点 空间向量数量积的坐标表示及其应用）；候选 title/summaryMarkdown/applicabilityMarkdown/contentMarkdown/boundaryMarkdown 与该包内材料五项逐字一致,候选 slug math-mo-kongJian-shuliangji-yingyong 与包内材料 math-mo-kongjian-shuliangji-yingyong 仅字母大小写不同，内容逐字重复，已由节点 空间向量数量积的坐标表示及其应用 的包内材料等价覆盖；若 PROMOTE 会在同节点产生重复材料，故并入,math-mo-kongjian-shuliangji-yingyong
mat_81_160.csv#123,MATH,math-mo-kongJian-fangXiangXiang-gongXian,MERGE_INTO,覆盖材料 math-mo-kongjian-fangxiangxiang-gongxian（节点 利用空间向量证明垂直的方法）；候选 title/summaryMarkdown/applicabilityMarkdown/contentMarkdown/boundaryMarkdown 与该包内材料五项逐字一致,候选 slug math-mo-kongJian-fangXiangXiang-gongXian 与包内材料 math-mo-kongjian-fangxiangxiang-gongxian 仅字母大小写不同，内容逐字重复，已由节点 利用空间向量证明垂直的方法 的包内材料等价覆盖；若 PROMOTE 会在同节点产生重复材料，故并入,math-mo-kongjian-fangxiangxiang-gongxian
mat_81_160.csv#124,MATH,math-mo-kongJian-XianMian-pingXing-sanfa,MERGE_INTO,覆盖材料 math-mo-kongjian-xianmian-pingxing-sanfa（节点 利用空间向量证明垂直的方法）；候选 title/summaryMarkdown/applicabilityMarkdown/contentMarkdown/boundaryMarkdown 与该包内材料五项逐字一致,候选 slug math-mo-kongJian-XianMian-pingXing-sanfa 与包内材料 math-mo-kongjian-xianmian-pingxing-sanfa 仅字母大小写不同，内容逐字重复，已由节点 利用空间向量证明垂直的方法 的包内材料等价覆盖；若 PROMOTE 会在同节点产生重复材料，故并入,math-mo-kongjian-xianmian-pingxing-sanfa
mat_81_160.csv#125,MATH,math-mo-kongJian-MianMian-pingXing-faXiangLiang,MERGE_INTO,覆盖材料 math-mo-kongjian-mianmian-pingxing-faxiangliang（节点 利用空间向量证明垂直的方法）；候选 title/summaryMarkdown/applicabilityMarkdown/contentMarkdown/boundaryMarkdown 与该包内材料五项逐字一致,候选 slug math-mo-kongJian-MianMian-pingXing-faXiangLiang 与包内材料 math-mo-kongjian-mianmian-pingxing-faxiangliang 仅字母大小写不同，内容逐字重复，已由节点 利用空间向量证明垂直的方法 的包内材料等价覆盖；若 PROMOTE 会在同节点产生重复材料，故并入,math-mo-kongjian-mianmian-pingxing-faxiangliang
mat_81_160.csv#126,MATH,math-mo-kongJian-XianXian-chuizhi-shuliangji,MERGE_INTO,覆盖材料 math-mo-kongjian-xianxian-chuizhi-shuliangji（节点 利用空间向量证明垂直的方法）；候选 title/summaryMarkdown/applicabilityMarkdown/contentMarkdown/boundaryMarkdown 与该包内材料五项逐字一致,候选 slug math-mo-kongJian-XianXian-chuizhi-shuliangji 与包内材料 math-mo-kongjian-xianxian-chuizhi-shuliangji 仅字母大小写不同，内容逐字重复，已由节点 利用空间向量证明垂直的方法 的包内材料等价覆盖；若 PROMOTE 会在同节点产生重复材料，故并入,math-mo-kongjian-xianxian-chuizhi-shuliangji
mat_81_160.csv#127,MATH,math-mo-kongJian-XianMian-chuizhi-faXiangLiang,MERGE_INTO,覆盖材料 math-mo-kongjian-xianmian-chuizhi-faxiangliang（节点 利用空间向量证明垂直的方法）；候选 title/summaryMarkdown/applicabilityMarkdown/contentMarkdown/boundaryMarkdown 与该包内材料五项逐字一致,候选 slug math-mo-kongJian-XianMian-chuizhi-faXiangLiang 与包内材料 math-mo-kongjian-xianmian-chuizhi-faxiangliang 仅字母大小写不同，内容逐字重复，已由节点 利用空间向量证明垂直的方法 的包内材料等价覆盖；若 PROMOTE 会在同节点产生重复材料，故并入,math-mo-kongjian-xianmian-chuizhi-faxiangliang
mat_81_160.csv#128,MATH,math-mo-kongJian-MianMian-chuizhi-faXiangLiang,MERGE_INTO,覆盖材料 math-mo-kongjian-mianmian-chuizhi-faxiangliang（节点 利用空间向量证明垂直的方法）；候选 title/summaryMarkdown/applicabilityMarkdown/contentMarkdown/boundaryMarkdown 与该包内材料五项逐字一致,候选 slug math-mo-kongJian-MianMian-chuizhi-faXiangLiang 与包内材料 math-mo-kongjian-mianmian-chuizhi-faxiangliang 仅字母大小写不同，内容逐字重复，已由节点 利用空间向量证明垂直的方法 的包内材料等价覆盖；若 PROMOTE 会在同节点产生重复材料，故并入,math-mo-kongjian-mianmian-chuizhi-faxiangliang
mat_81_160.csv#129,MATH,math-mo-yiMianJiao-zuobiao-sibu,MERGE_INTO,覆盖材料 math-mo-yimianjiao-zuobiao-sibu（节点 用向量法求异面直线所成角的一般步骤）；候选 title/summaryMarkdown/applicabilityMarkdown/contentMarkdown/boundaryMarkdown 与该包内材料五项逐字一致,候选 slug math-mo-yiMianJiao-zuobiao-sibu 与包内材料 math-mo-yimianjiao-zuobiao-sibu 仅字母大小写不同，内容逐字重复，已由节点 用向量法求异面直线所成角的一般步骤 的包内材料等价覆盖；若 PROMOTE 会在同节点产生重复材料，故并入,math-mo-yimianjiao-zuobiao-sibu
mat_81_160.csv#130,MATH,math-mo-XianMianJiao-zuobiao-buzhou,MERGE_INTO,覆盖材料 math-mo-xianmianjiao-zuobiao-buzhou（节点 用向量法求异面直线所成角的一般步骤）；候选 title/summaryMarkdown/applicabilityMarkdown/contentMarkdown/boundaryMarkdown 与该包内材料五项逐字一致,候选 slug math-mo-XianMianJiao-zuobiao-buzhou 与包内材料 math-mo-xianmianjiao-zuobiao-buzhou 仅字母大小写不同，内容逐字重复，已由节点 用向量法求异面直线所成角的一般步骤 的包内材料等价覆盖；若 PROMOTE 会在同节点产生重复材料，故并入,math-mo-xianmianjiao-zuobiao-buzhou
mat_81_160.csv#131,MATH,math-mo-erMianJiao-faXiangLiang-jinChu,MERGE_INTO,覆盖材料 math-mo-ermianjiao-faxiangliang-jinchu（节点 利用向量法解二面角问题的策略）；候选 title/summaryMarkdown/applicabilityMarkdown/contentMarkdown/boundaryMarkdown 与该包内材料五项逐字一致,候选 slug math-mo-erMianJiao-faXiangLiang-jinChu 与包内材料 math-mo-ermianjiao-faxiangliang-jinchu 仅字母大小写不同，内容逐字重复，已由节点 利用向量法解二面角问题的策略 的包内材料等价覆盖；若 PROMOTE 会在同节点产生重复材料，故并入,math-mo-ermianjiao-faxiangliang-jinchu
mat_81_160.csv#132,MATH,math-mo-dianXianJu-touying-gongshi,MERGE_INTO,覆盖材料 math-mo-dianxianju-touying-gongshi（节点 利用空间向量求空间距离）；候选 title/summaryMarkdown/applicabilityMarkdown/contentMarkdown/boundaryMarkdown 与该包内材料五项逐字一致,候选 slug math-mo-dianXianJu-touying-gongshi 与包内材料 math-mo-dianxianju-touying-gongshi 仅字母大小写不同，内容逐字重复，已由节点 利用空间向量求空间距离 的包内材料等价覆盖；若 PROMOTE 会在同节点产生重复材料，故并入,math-mo-dianxianju-touying-gongshi
mat_81_160.csv#133,MATH,math-mo-dianMianJu-faXiangLiang-gongshi,MERGE_INTO,覆盖材料 math-mo-dianmianju-faxiangliang-gongshi（节点 利用空间向量求空间距离）；候选 title/summaryMarkdown/applicabilityMarkdown/contentMarkdown/boundaryMarkdown 与该包内材料五项逐字一致,候选 slug math-mo-dianMianJu-faXiangLiang-gongshi 与包内材料 math-mo-dianmianju-faxiangliang-gongshi 仅字母大小写不同，内容逐字重复，已由节点 利用空间向量求空间距离 的包内材料等价覆盖；若 PROMOTE 会在同节点产生重复材料，故并入,math-mo-dianmianju-faxiangliang-gongshi
mat_81_160.csv#134,MATH,math-mo-yiMian-juLi-gongChuiXian,MERGE_INTO,覆盖材料 math-mo-yimian-juli-gongchuixian（节点 忽视异面直线的夹角与向量的夹角范围不同）；候选 title/summaryMarkdown/applicabilityMarkdown/contentMarkdown/boundaryMarkdown 与该包内材料五项逐字一致,候选 slug math-mo-yiMian-juLi-gongChuiXian 与包内材料 math-mo-yimian-juli-gongchuixian 仅字母大小写不同，内容逐字重复，已由节点 忽视异面直线的夹角与向量的夹角范围不同 的包内材料等价覆盖；若 PROMOTE 会在同节点产生重复材料，故并入,math-mo-yimian-juli-gongchuixian
mat_81_160.csv#135,MATH,math-mo-tansuoXing-XiangLiang-huaGui,MERGE_INTO,覆盖材料 math-mo-tansuoxing-xiangliang-huagui（节点 利用空间向量解决探索性问题）；候选 title/summaryMarkdown/applicabilityMarkdown/contentMarkdown/boundaryMarkdown 与该包内材料五项逐字一致,候选 slug math-mo-tansuoXing-XiangLiang-huaGui 与包内材料 math-mo-tansuoxing-xiangliang-huagui 仅字母大小写不同，内容逐字重复，已由节点 利用空间向量解决探索性问题 的包内材料等价覆盖；若 PROMOTE 会在同节点产生重复材料，故并入,math-mo-tansuoxing-xiangliang-huagui
mat_81_160.csv#136,MATH,math-mo-fanZhe-wenti-sanbu,MERGE_INTO,覆盖材料 math-mo-fanzhe-wenti-sanbu（节点 等比数列性质应用问题的解题突破口）；候选 title/summaryMarkdown/applicabilityMarkdown/contentMarkdown/boundaryMarkdown 与该包内材料五项逐字一致,候选 slug math-mo-fanZhe-wenti-sanbu 与包内材料 math-mo-fanzhe-wenti-sanbu 仅字母大小写不同，内容逐字重复，已由节点 等比数列性质应用问题的解题突破口 的包内材料等价覆盖；若 PROMOTE 会在同节点产生重复材料，故并入,math-mo-fanzhe-wenti-sanbu
mat_81_160.csv#137,MATH,math-mo-kongJian-zuizhi-fanWei-dongtai,MERGE_INTO,覆盖材料 math-mo-kongjian-zuizhi-fanwei-dongtai（节点 利用空间向量解决最值范围问题）；候选 title/summaryMarkdown/applicabilityMarkdown/contentMarkdown/boundaryMarkdown 与该包内材料五项逐字一致,候选 slug math-mo-kongJian-zuizhi-fanWei-dongtai 与包内材料 math-mo-kongjian-zuizhi-fanwei-dongtai 仅字母大小写不同，内容逐字重复，已由节点 利用空间向量解决最值范围问题 的包内材料等价覆盖；若 PROMOTE 会在同节点产生重复材料，故并入,math-mo-kongjian-zuizhi-fanwei-dongtai
mat_81_160.csv#138,MATH,math-mo-duiGou-hanshu-tuXiang-yaosu,MERGE_INTO,覆盖材料 math-mo-duigou-hanshu-tuxiang-yaosu（节点 三角函数的图象与性质）；候选 title/summaryMarkdown/applicabilityMarkdown/contentMarkdown/boundaryMarkdown 与该包内材料五项逐字一致,候选 slug math-mo-duiGou-hanshu-tuXiang-yaosu 与包内材料 math-mo-duigou-hanshu-tuxiang-yaosu 仅字母大小写不同，内容逐字重复，已由节点 三角函数的图象与性质 的包内材料等价覆盖；若 PROMOTE 会在同节点产生重复材料，故并入,math-mo-duigou-hanshu-tuxiang-yaosu
mat_81_160.csv#139,MATH,math-mo-shuangDao-hanshu-shiBie,MERGE_INTO,覆盖材料 math-mo-shuangdao-hanshu-shibie（节点 函数的三要素）；候选 title/summaryMarkdown/applicabilityMarkdown/contentMarkdown/boundaryMarkdown 与该包内材料五项逐字一致,候选 slug math-mo-shuangDao-hanshu-shiBie 与包内材料 math-mo-shuangdao-hanshu-shibie 仅字母大小写不同，内容逐字重复，已由节点 函数的三要素 的包内材料等价覆盖；若 PROMOTE 会在同节点产生重复材料，故并入,math-mo-shuangdao-hanshu-shibie
mat_81_160.csv#140,MATH,math-mo-fenShi-budengshi-chuanXian,MERGE_INTO,覆盖材料 math-mo-fenshi-budengshi-chuanxian（节点 含参一元二次不等式的解法）；候选 title/summaryMarkdown/applicabilityMarkdown/contentMarkdown/boundaryMarkdown 与该包内材料五项逐字一致,候选 slug math-mo-fenShi-budengshi-chuanXian 与包内材料 math-mo-fenshi-budengshi-chuanxian 仅字母大小写不同，内容逐字重复，已由节点 含参一元二次不等式的解法 的包内材料等价覆盖；若 PROMOTE 会在同节点产生重复材料，故并入,math-mo-fenshi-budengshi-chuanxian
mat_81_160.csv#141,MATH,math-mo-jueDuizhi-hanshu-chuli,MERGE_INTO,覆盖材料 math-mo-jueduizhi-hanshu-chuli（节点 函数的概念）；候选 title/summaryMarkdown/applicabilityMarkdown/contentMarkdown/boundaryMarkdown 与该包内材料五项逐字一致,候选 slug math-mo-jueDuizhi-hanshu-chuli 与包内材料 math-mo-jueduizhi-hanshu-chuli 仅字母大小写不同，内容逐字重复，已由节点 函数的概念 的包内材料等价覆盖；若 PROMOTE 会在同节点产生重复材料，故并入,math-mo-jueduizhi-hanshu-chuli
mat_81_160.csv#142,MATH,math-mo-quZheng-gaosi-hanshu,MERGE_INTO,覆盖材料 math-mo-quzheng-gaosi-hanshu（节点 函数的定义域）；候选 title/summaryMarkdown/applicabilityMarkdown/contentMarkdown/boundaryMarkdown 与该包内材料五项逐字一致,候选 slug math-mo-quZheng-gaosi-hanshu 与包内材料 math-mo-quzheng-gaosi-hanshu 仅字母大小写不同，内容逐字重复，已由节点 函数的定义域 的包内材料等价覆盖；若 PROMOTE 会在同节点产生重复材料，故并入,math-mo-quzheng-gaosi-hanshu
mat_81_160.csv#143,MATH,math-mo-sanci-hanshu-guaiDian-zhongXin,MERGE_INTO,覆盖材料 math-mo-sanci-hanshu-guaidian-zhongxin（节点 函数的对称性）；候选 title/summaryMarkdown/applicabilityMarkdown/contentMarkdown/boundaryMarkdown 与该包内材料五项逐字一致,候选 slug math-mo-sanci-hanshu-guaiDian-zhongXin 与包内材料 math-mo-sanci-hanshu-guaidian-zhongxin 仅字母大小写不同，内容逐字重复，已由节点 函数的对称性 的包内材料等价覆盖；若 PROMOTE 会在同节点产生重复材料，故并入,math-mo-sanci-hanshu-guaidian-zhongxin
mat_81_160.csv#144,MATH,math-mo-zhiShu-yiDianYiXian,MERGE_INTO,覆盖材料 math-mo-zhishu-yidianyixian（节点 指数型复合函数的单调性问题）；候选 title/summaryMarkdown/applicabilityMarkdown/contentMarkdown/boundaryMarkdown 与该包内材料五项逐字一致,候选 slug math-mo-zhiShu-yiDianYiXian 与包内材料 math-mo-zhishu-yidianyixian 仅字母大小写不同，内容逐字重复，已由节点 指数型复合函数的单调性问题 的包内材料等价覆盖；若 PROMOTE 会在同节点产生重复材料，故并入,math-mo-zhishu-yidianyixian
mat_81_160.csv#145,MATH,math-mo-duiShu-jueDuizhi-liangLingdian,MERGE_INTO,覆盖材料 math-mo-duishu-jueduizhi-lianglingdian（节点 函数零点的定义）；候选 title/summaryMarkdown/applicabilityMarkdown/contentMarkdown/boundaryMarkdown 与该包内材料五项逐字一致,候选 slug math-mo-duiShu-jueDuizhi-liangLingdian 与包内材料 math-mo-duishu-jueduizhi-lianglingdian 仅字母大小写不同，内容逐字重复，已由节点 函数零点的定义 的包内材料等价覆盖；若 PROMOTE 会在同节点产生重复材料，故并入,math-mo-duishu-jueduizhi-lianglingdian
mat_81_160.csv#146,MATH,math-mo-duiShu-wuLi-zhongXinDieJia,MERGE_INTO,覆盖材料 math-mo-duishu-wuli-zhongxindiejia（节点 函数的对称性）；候选 title/summaryMarkdown/applicabilityMarkdown/contentMarkdown/boundaryMarkdown 与该包内材料五项逐字一致,候选 slug math-mo-duiShu-wuLi-zhongXinDieJia 与包内材料 math-mo-duishu-wuli-zhongxindiejia 仅字母大小写不同，内容逐字重复，已由节点 函数的对称性 的包内材料等价覆盖；若 PROMOTE 会在同节点产生重复材料，故并入,math-mo-duishu-wuli-zhongxindiejia
mat_81_160.csv#147,MATH,math-mo-duiShu-fanBi-zhongXinQiaoFa,MERGE_INTO,覆盖材料 math-mo-duishu-fanbi-zhongxinqiaofa（节点 函数的定义域）；候选 title/summaryMarkdown/applicabilityMarkdown/contentMarkdown/boundaryMarkdown 与该包内材料五项逐字一致,候选 slug math-mo-duiShu-fanBi-zhongXinQiaoFa 与包内材料 math-mo-duishu-fanbi-zhongxinqiaofa 仅字母大小写不同，内容逐字重复，已由节点 函数的定义域 的包内材料等价覆盖；若 PROMOTE 会在同节点产生重复材料，故并入,math-mo-duishu-fanbi-zhongxinqiaofa
mat_81_160.csv#148,MATH,math-mo-duiShu-fanBi-jueDuizhi-duanDian,MERGE_INTO,覆盖材料 math-mo-duishu-fanbi-jueduizhi-duandian（节点 对数函数的概念）；候选 title/summaryMarkdown/applicabilityMarkdown/contentMarkdown/boundaryMarkdown 与该包内材料五项逐字一致,候选 slug math-mo-duiShu-fanBi-jueDuizhi-duanDian 与包内材料 math-mo-duishu-fanbi-jueduizhi-duandian 仅字母大小写不同，内容逐字重复，已由节点 对数函数的概念 的包内材料等价覆盖；若 PROMOTE 会在同节点产生重复材料，故并入,math-mo-duishu-fanbi-jueduizhi-duandian
mat_81_160.csv#149,MATH,math-mo-chouXiang-fuZhi-wuzhong,MERGE_INTO,覆盖材料 math-mo-chouxiang-fuzhi-wuzhong（节点 抽象函数的性质综合）；候选 title/summaryMarkdown/applicabilityMarkdown/contentMarkdown/boundaryMarkdown 与该包内材料五项逐字一致,候选 slug math-mo-chouXiang-fuZhi-wuzhong 与包内材料 math-mo-chouxiang-fuzhi-wuzhong 仅字母大小写不同，内容逐字重复，已由节点 抽象函数的性质综合 的包内材料等价覆盖；若 PROMOTE 会在同节点产生重复材料，故并入,math-mo-chouxiang-fuzhi-wuzhong
mat_81_160.csv#150,MATH,math-mo-chouXiang-qiou-zhengming,MERGE_INTO,覆盖材料 math-mo-chouxiang-qiou-zhengming（节点 函数奇偶性的几个重要结论）；候选 title/summaryMarkdown/applicabilityMarkdown/contentMarkdown/boundaryMarkdown 与该包内材料五项逐字一致,候选 slug math-mo-chouXiang-qiou-zhengming 与包内材料 math-mo-chouxiang-qiou-zhengming 仅字母大小写不同，内容逐字重复，已由节点 函数奇偶性的几个重要结论 的包内材料等价覆盖；若 PROMOTE 会在同节点产生重复材料，故并入,math-mo-chouxiang-qiou-zhengming
mat_81_160.csv#151,MATH,math-mo-chouXiang-zhouqi-leibi,MERGE_INTO,覆盖材料 math-mo-chouxiang-zhouqi-leibi（节点 判断抽象函数单调性的方法）；候选 title/summaryMarkdown/applicabilityMarkdown/contentMarkdown/boundaryMarkdown 与该包内材料五项逐字一致,候选 slug math-mo-chouXiang-zhouqi-leibi 与包内材料 math-mo-chouxiang-zhouqi-leibi 仅字母大小写不同，内容逐字重复，已由节点 判断抽象函数单调性的方法 的包内材料等价覆盖；若 PROMOTE 会在同节点产生重复材料，故并入,math-mo-chouxiang-zhouqi-leibi
mat_81_160.csv#152,MATH,math-mo-chouXiang-moXing-XianXing,MERGE_INTO,覆盖材料 math-mo-chouxiang-moxing-xianxing（节点 抽象函数的性质综合）；候选 title/summaryMarkdown/applicabilityMarkdown/contentMarkdown/boundaryMarkdown 与该包内材料五项逐字一致,候选 slug math-mo-chouXiang-moXing-XianXing 与包内材料 math-mo-chouxiang-moxing-xianxing 仅字母大小写不同，内容逐字重复，已由节点 抽象函数的性质综合 的包内材料等价覆盖；若 PROMOTE 会在同节点产生重复材料，故并入,math-mo-chouxiang-moxing-xianxing
mat_81_160.csv#153,MATH,math-mo-chouXiang-moXing-erCi-deng,MERGE_INTO,覆盖材料 math-mo-chouxiang-moxing-erci-deng（节点 抽象函数的性质综合）；候选 title/summaryMarkdown/applicabilityMarkdown/contentMarkdown/boundaryMarkdown 与该包内材料五项逐字一致,候选 slug math-mo-chouXiang-moXing-erCi-deng 与包内材料 math-mo-chouxiang-moxing-erci-deng 仅字母大小写不同，内容逐字重复，已由节点 抽象函数的性质综合 的包内材料等价覆盖；若 PROMOTE 会在同节点产生重复材料，故并入,math-mo-chouxiang-moxing-erci-deng
mat_81_160.csv#154,MATH,math-mo-jihe-yuansuGeshu-sanXingshi,MERGE_INTO,覆盖材料 math-mo-jihe-yuansugeshu-sanxingshi（节点 忽视集合元素的互异性致错）；候选 title/summaryMarkdown/applicabilityMarkdown/contentMarkdown/boundaryMarkdown 与该包内材料五项逐字一致,候选 slug math-mo-jihe-yuansuGeshu-sanXingshi 与包内材料 math-mo-jihe-yuansugeshu-sanxingshi 仅字母大小写不同，内容逐字重复，已由节点 忽视集合元素的互异性致错 的包内材料等价覆盖；若 PROMOTE 会在同节点产生重复材料，故并入,math-mo-jihe-yuansugeshu-sanxingshi
mat_81_160.csv#155,MATH,math-mo-yiGouTongJi-gaiNian,MERGE_INTO,覆盖材料 math-mo-yigoutongji-gainian（节点 等比数列性质应用问题的解题突破口）；候选 title/summaryMarkdown/applicabilityMarkdown/contentMarkdown/boundaryMarkdown 与该包内材料五项逐字一致,候选 slug math-mo-yiGouTongJi-gaiNian 与包内材料 math-mo-yigoutongji-gainian 仅字母大小写不同，内容逐字重复，已由节点 等比数列性质应用问题的解题突破口 的包内材料等价覆盖；若 PROMOTE 会在同节点产生重复材料，故并入,math-mo-yigoutongji-gainian
mat_81_160.csv#156,MATH,math-mo-ziJi-qiucan-kongJi-shunXu,MERGE_INTO,覆盖材料 math-mo-ziji-qiucan-kongji-shunxu（节点 利用集合间的关系求参数）；候选 title/summaryMarkdown/applicabilityMarkdown/contentMarkdown/boundaryMarkdown 与该包内材料五项逐字一致,候选 slug math-mo-ziJi-qiucan-kongJi-shunXu 与包内材料 math-mo-ziji-qiucan-kongji-shunxu 仅字母大小写不同，内容逐字重复，已由节点 利用集合间的关系求参数 的包内材料等价覆盖；若 PROMOTE 会在同节点产生重复材料，故并入,math-mo-ziji-qiucan-kongji-shunxu
mat_81_160.csv#157,MATH,math-mo-jiaoBing-bu-XingZhi-qingdan,MERGE_INTO,覆盖材料 math-mo-jiaobing-bu-xingzhi-qingdan（节点 交集与并集）；候选 title/summaryMarkdown/applicabilityMarkdown/contentMarkdown/boundaryMarkdown 与该包内材料五项逐字一致,候选 slug math-mo-jiaoBing-bu-XingZhi-qingdan 与包内材料 math-mo-jiaobing-bu-xingzhi-qingdan 仅字母大小写不同，内容逐字重复，已由节点 交集与并集 的包内材料等价覆盖；若 PROMOTE 会在同节点产生重复材料，故并入,math-mo-jiaobing-bu-xingzhi-qingdan
mat_81_160.csv#158,MATH,math-mo-weiEn-tu-yingyong,MERGE_INTO,覆盖材料 math-mo-weien-tu-yingyong（节点 venn图在集合运算中的应用）；候选 title/summaryMarkdown/applicabilityMarkdown/contentMarkdown/boundaryMarkdown 与该包内材料五项逐字一致,候选 slug math-mo-weiEn-tu-yingyong 与包内材料 math-mo-weien-tu-yingyong 仅字母大小写不同，内容逐字重复，已由节点 venn图在集合运算中的应用 的包内材料等价覆盖；若 PROMOTE 会在同节点产生重复材料，故并入,math-mo-weien-tu-yingyong
mat_81_160.csv#159,MATH,math-mo-mingTi-zhenjia-liangfa,MERGE_INTO,覆盖材料 math-mo-mingti-zhenjia-liangfa（节点 等价转化法-将命题转化为另一个与之等价的且便于判断真假的命题）；候选 title/summaryMarkdown/applicabilityMarkdown/contentMarkdown/boundaryMarkdown 与该包内材料五项逐字一致,候选 slug math-mo-mingTi-zhenjia-liangfa 与包内材料 math-mo-mingti-zhenjia-liangfa 仅字母大小写不同，内容逐字重复，已由节点 等价转化法-将命题转化为另一个与之等价的且便于判断真假的命题 的包内材料等价覆盖；若 PROMOTE 会在同节点产生重复材料，故并入,math-mo-mingti-zhenjia-liangfa
mat_81_160.csv#160,MATH,math-mo-chongFen-panding-jihe,MERGE_INTO,覆盖材料 math-mo-chongfen-panding-jihe（节点 充分条件与必要条件的判断）；候选 title/summaryMarkdown/applicabilityMarkdown/contentMarkdown/boundaryMarkdown 与该包内材料五项逐字一致,候选 slug math-mo-chongFen-panding-jihe 与包内材料 math-mo-chongfen-panding-jihe 仅字母大小写不同，内容逐字重复，已由节点 充分条件与必要条件的判断 的包内材料等价覆盖；若 PROMOTE 会在同节点产生重复材料，故并入,math-mo-chongfen-panding-jihe
